ev1,ev2,station,phase,dt_sec,weight
101361,101362,NCCSC,P,-0.018215000000000002,0.841
101361,101362,NCCADa,P,0.004161999999999999,0.843
101361,101362,NCJCB,P,0.0003549999999999994,0.875
101361,101362,NCCML,P,-0.027674,0.949
101361,101362,NCCAL,P,-0.03019,0.736
101361,101362,NCCMM,P,-0.017367,0.723
101361,101362,NCJRR,P,0.001327,0.883
101361,101362,NCHGS,P,0.005735999999999998,0.852
101361,101362,NCJEC,P,0.001063999999999999,0.895
101361,101362,NCHGW,P,0.005417999999999999,0.932
101361,101362,NCCDV,P,-0.029059,0.95
101361,101362,NCCMJ,P,-0.031162,0.86
101361,101362,NCCMP,P,-0.006165,0.738
101361,101362,NCJBZ,P,-0.0002870000000000008,0.935
101361,101362,NCCMR,P,-0.028218,0.938
101361,101362,NCJBC,P,-0.015612000000000001,0.714
101361,101362,NCHPR,P,0.0025249999999999995,0.811
101361,101362,NCCVA,P,-0.031286,0.918
101361,101362,NCCMN,P,-0.03161,0.922
101361,101362,NCHCB,P,-0.0018609999999999998,0.789
101361,101362,NCJSC,P,-0.022415,0.818
101361,101362,NCHFE,P,0.0042099999999999985,0.77
101361,101362,NCCST,P,-0.021434,0.95
101361,101362,NCHPL,P,0.0037389999999999993,0.875
101361,101362,NCJBM,P,-0.02244,0.885
101361,101362,NCHOR,P,0.0037209999999999986,0.715
101361,101362,NCHCP,P,-0.000281,0.924
101361,101362,NCHCOb,P,0.0017000000000000001,0.713
101361,101362,NCHAZ,P,0.0011599999999999996,0.831
101361,101362,NCCCY,P,-0.030672,0.789
101361,101362,NCJBLb,P,-0.019097,0.812
101361,101362,NCHFH,P,0.003613,0.725
101361,101362,NCJPPa,P,-0.021071,0.918
101361,101362,NCHDLb,P,0.0011509999999999992,0.922
101361,101362,NCHSFb,P,0.0064659999999999995,0.83
101361,101362,NCCMO,P,-0.029132,0.75
101361,101362,NCJBG,P,-0.022959,0.774
101361,101362,NCCLC,P,-0.025008000000000002,0.722
101361,101362,NCHFP,P,0.0013069999999999991,0.763
101361,101362,NCBVY,P,0.002057999999999999,0.873
101361,101362,NCCAO,S,-0.009183,0.8
101361,101362,NCCADa,S,0.021334000000000002,0.83
101361,101362,NCJST,S,-0.008029000000000001,0.83
101361,101362,NCJCB,S,0.011782,0.83
101361,101362,NCCML,S,-0.040736999999999995,0.93
101361,101362,NCCAL,S,-0.044599,0.76
101361,101362,NCJAL,S,-0.006423,0.84
101361,101362,NCHSP,S,0.018359,0.72
101361,101362,NCCMM,S,-0.024288,0.87
101361,101362,NCJSS,S,-0.011984,0.95
101361,101362,NCHGS,S,0.014254,0.81
101361,101362,NCJEC,S,7.799999999999994e-05,0.85
101361,101362,NCHGW,S,0.013597000000000001,0.74
101361,101362,NCCDV,S,-0.040997,0.93
101361,101362,NCCMP,S,-0.005034,0.94
101361,101362,NCCMR,S,-0.044424000000000005,0.83
101361,101362,NCJBC,S,-0.019873000000000002,0.94
101361,101362,NCCOS,S,-0.025148999999999998,0.82
101361,101362,NCHPR,S,0.006936999999999999,0.77
101361,101362,NCCVA,S,-0.043462,0.94
101361,101362,NCCMN,S,-0.038708,0.86
101361,101362,NCJRG,S,-0.010744,0.74
101361,101362,NCHCB,S,0.0061769999999999985,0.85
101361,101362,NCCST,S,-0.023273000000000002,0.77
101361,101362,NCHPL,S,0.016346,0.73
101361,101362,NCHCP,S,0.003039,0.8
101361,101362,NCJSM,S,-0.022375,0.74
101361,101362,NCHAZ,S,0.009817,0.73
101361,101362,NCJUC,S,-0.01123,0.72
101361,101362,NCCCY,S,-0.047825999999999994,0.87
101361,101362,NCJLT,S,-0.024287,0.77
101361,101362,NCHFH,S,0.011067,0.77
101361,101362,NCHSFb,S,0.010388999999999999,0.76
101361,103138,NCCSC,P,0.001676999999999998,0.894
101361,103138,NCCADa,P,0.012728,0.911
101361,103138,NCJST,P,0.007119999999999998,0.776
101361,103138,NCJCB,P,0.010171999999999999,0.843
101361,103138,NCCML,P,-0.003835999999999999,0.953
101361,103138,NCCAL,P,-0.007023999999999999,0.824
101361,103138,NCJAL,P,0.009937999999999999,0.767
101361,103138,NCHSP,P,0.013007,0.736
101361,103138,NCCMM,P,0.0013209999999999993,0.844
101361,103138,NCJRR,P,0.010901,0.909
101361,103138,NCJLX,P,0.002766000000000001,0.743
101361,103138,NCHGW,P,0.016451,0.933
101361,103138,NCCDV,P,-0.004706999999999999,0.949
101361,103138,NCJBZ,P,0.011146999999999999,0.878
101361,103138,NCCMR,P,-0.004830000000000001,0.888
101361,103138,NCCVA,P,-0.007172999999999999,0.871
101361,103138,NCJSC,P,-0.001070999999999999,0.861
101361,103138,NCHFE,P,0.011667,0.811
101361,103138,NCCST,P,-0.001523,0.956
101361,103138,NCJBM,P,-0.0017150000000000012,0.93
101361,103138,NCHAZ,P,0.01017,0.742
101361,103138,NCJSFa,P,-0.0030890000000000015,0.708
101361,103138,NCJBLb,P,0.0005870000000000007,0.793
101361,103138,NCJLT,P,-0.002236000000000002,0.818
101361,103138,NCJPPa,P,-0.0008060000000000012,0.946
101361,103138,NCHFP,P,0.011930999999999999,0.801
101361,103138,NCBVY,P,0.010917999999999999,0.882
101361,103138,NCCSC,S,0.002887999999999998,0.79
101361,103138,NCCMH,S,-0.009370000000000003,0.81
101361,103138,NCCAO,S,0.005648,0.77
101361,103138,NCCADa,S,0.021032,0.86
101361,103138,NCJST,S,0.006676999999999999,0.86
101361,103138,NCJCB,S,0.016381,0.88
101361,103138,NCCML,S,-0.011607,0.96
101361,103138,NCCAL,S,-0.013486999999999999,0.84
101361,103138,NCJAL,S,0.010027,0.9
101361,103138,NCHSP,S,0.01789,0.76
101361,103138,NCCMM,S,-0.003216,0.92
101361,103138,NCJRR,S,0.012192999999999999,0.73
101361,103138,NCHGS,S,0.015913999999999998,0.88
101361,103138,NCHGW,S,0.020229999999999998,0.8
101361,103138,NCCDV,S,-0.013053000000000002,0.95
101361,103138,NCCMP,S,0.006328999999999998,0.96
101361,103138,NCJBZ,S,0.009183,0.73
101361,103138,NCCMR,S,-0.014286,0.9
101361,103138,NCCVA,S,-0.012929999999999997,0.97
101361,103138,NCCST,S,-0.006576000000000002,0.73
101361,103138,NCJLT,S,-0.0004469999999999995,0.82
101361,103138,NCJPPa,S,-0.0005539999999999989,0.74
101361,103138,NCBVY,S,0.014624,0.74
101361,114006,NCHPL,P,0.19222199999999998,0.814
101361,126189,NCCCOa,P,-0.011954,0.938
101361,126189,NCCSC,P,-0.012223,0.954
101361,126189,NCCMH,P,-0.01321,0.918
101361,126189,NCCAO,P,-0.011816,0.828
101361,126189,NCCADa,P,-0.010922,0.987
101361,126189,NCJCB,P,-0.011677,0.972
101361,126189,NCCML,P,-0.012877,0.978
101361,126189,NCCAL,P,-0.011979,0.973
101361,126189,NCHSP,P,-0.01753,0.9
101361,126189,NCCMM,P,-0.012400999999999999,0.962
101361,126189,NCJRR,P,-0.01044,0.967
101361,126189,NCJSS,P,-0.011854,0.899
101361,126189,NCHGS,P,-0.012169,0.954
101361,126189,NCJEC,P,-0.011082,0.969
101361,126189,NCJLX,P,-0.010949,0.977
101361,126189,NCHGW,P,-0.009741,0.996
101361,126189,NCCDV,P,-0.012565,0.986
101361,126189,NCCMJ,P,-0.012849,0.92
101361,126189,NCJBZ,P,-0.020601,0.939
101361,126189,NCCMR,P,-0.028734999999999997,0.976
101361,126189,NCJBC,P,-0.008757999999999998,0.914
101361,126189,NCCVA,P,-0.012249,0.96
101361,126189,NCHPR,P,-0.0138,0.878
101361,126189,NCJPL,P,-0.022761999999999998,0.705
101361,126189,NCCMN,P,-0.014393,0.935
101361,126189,NCHCB,P,-0.011705,0.837
101361,126189,NCJSC,P,-0.019423,0.887
101361,126189,NCHFE,P,-0.011101,0.98
101361,126189,NCCST,P,-0.014384,0.904
101361,126189,NCJBM,P,-0.012402999999999999,0.948
101361,126189,NCHOR,P,-0.010657999999999999,0.825
101361,126189,NCHCOb,P,-0.010828999999999998,0.831
101361,126189,NCJSM,P,-0.011895,0.831
101361,126189,NCHAZ,P,-0.011961999999999999,0.899
101361,126189,NCJSFa,P,-0.013127999999999999,0.772
101361,126189,NCCPL,P,-0.013252,0.834
101361,126189,NCJBLb,P,-0.01021,0.742
101361,126189,NCHFH,P,-0.010714999999999999,0.805
101361,126189,NCJPPa,P,-0.013247,0.876
101361,126189,NCHBT,P,-0.009859,0.814
101361,126189,NCHDLb,P,-0.012508,0.96
101361,126189,NCCMO,P,-0.009765,0.88
101361,126189,NCJBG,P,-0.017328,0.815
101361,126189,NCCLC,P,-0.011418999999999999,0.87
101361,126189,NCHFP,P,-0.010834,0.986
101361,126189,NCBVY,P,-0.008884,0.947
101361,126189,NCHQR,P,-0.015972,0.871
101361,126189,NCCCOa,S,-0.012003999999999999,0.96
101361,126189,NCCSC,S,-0.01236,0.97
101361,126189,NCCMH,S,-0.013000999999999999,0.96
101361,126189,NCCAO,S,-0.013130999999999999,0.87
101361,126189,NCCADa,S,-0.01057,0.99
101361,126189,NCJST,S,-0.012157,0.98
101361,126189,NCJCB,S,-0.010853999999999999,0.99
101361,126189,NCCML,S,-0.013094,0.98
101361,126189,NCCAL,S,-0.012459,0.97
101361,126189,NCHSP,S,-0.017701,0.96
101361,126189,NCCMM,S,-0.012744,0.97
101361,126189,NCJRR,S,-0.011252,0.96
101361,126189,NCJSS,S,-0.011606,0.99
101361,126189,NCHGS,S,-0.011803,0.98
101361,126189,NCJEC,S,-0.010031,0.96
101361,126189,NCJLX,S,-0.011344,0.97
101361,126189,NCHGW,S,-0.009696,0.99
101361,126189,NCCDV,S,-0.013113,0.98
101361,126189,NCCMJ,S,-0.013066,0.96
101361,126189,NCCMP,S,-0.012222,0.99
101361,126189,NCJBZ,S,-0.020536,0.84
101361,126189,NCCMR,S,-0.027864,0.97
101361,126189,NCJBC,S,-0.0022769999999999995,0.89
101361,126189,NCCVA,S,-0.011831999999999999,0.99
101361,126189,NCHPR,S,-0.013186,0.93
101361,126189,NCCMN,S,-0.013127,0.98
101361,126189,NCJRG,S,-0.01035,0.8
101361,126189,NCHCB,S,-0.009047,0.95
101361,126189,NCJSC,S,-0.019905,0.85
101361,126189,NCHFE,S,-0.011615,0.96
101361,126189,NCCST,S,-0.014015,0.88
101361,126189,NCJBM,S,-0.012091,0.89
101361,126189,NCHOR,S,-0.010041999999999999,0.87
101361,126189,NCHCOb,S,-0.010020999999999999,0.8
101361,126189,NCJSM,S,-0.013645,0.91
101361,126189,NCHAZ,S,-0.011699,0.91
101361,126189,NCJSFa,S,-0.011968999999999999,0.86
101361,126189,NCCPL,S,-0.012214,0.94
101361,126189,NCHFH,S,-0.009307,0.97
101361,126189,NCJPPa,S,-0.01253,0.84
101361,126189,NCHDLb,S,-0.012830999999999999,0.93
101361,126189,NCCDO,S,-0.017009,0.73
101361,126189,NCCLC,S,-0.006600999999999999,0.76
101361,126189,NCHFP,S,-0.005188999999999999,0.85
101361,126189,NCHJS,S,-0.005778999999999999,0.72
101361,126189,NCBVY,S,0.0021390000000000003,0.94
101361,126189,NCHQR,S,-0.00349,0.95
101361,126292,NCCSC,P,-0.010661,0.866
101361,126292,NCCADa,P,0.013647,0.831
101361,126292,NCJST,P,0.0005760000000000001,0.725
101361,126292,NCJCB,P,0.009257000000000001,0.866
101361,126292,NCCML,P,-0.02034,0.966
101361,126292,NCCAL,P,-0.022061,0.729
101361,126292,NCJRR,P,0.010757999999999997,0.878
101361,126292,NCJEC,P,0.010023999999999998,0.877
101361,126292,NCHGW,P,0.01559,0.935
101361,126292,NCCDV,P,-0.022009,0.955
101361,126292,NCCMJ,P,-0.023937,0.839
101361,126292,NCJBZ,P,-0.0005290000000000017,0.898
101361,126292,NCCMR,P,-0.035555,0.866
101361,126292,NCHPR,P,0.008279000000000002,0.854
101361,126292,NCCVA,P,-0.023249,0.903
101361,126292,NCCST,P,-0.016473,0.845
101361,126292,NCJBM,P,-0.015243,0.784
101361,126292,NCHAZ,P,0.009744000000000003,0.841
101361,126292,NCJPPa,P,-0.013949,0.787
101361,126292,NCHDLb,P,0.008465,0.923
101361,126292,NCCLC,P,-0.017787,0.734
101361,126292,NCHFP,P,0.010792000000000003,0.765
101361,126292,NCBVY,P,0.012711,0.836
101361,126292,NCCAO,S,-0.0022039999999999976,0.72
101361,126292,NCCADa,S,0.031547,0.77
101361,126292,NCJST,S,-0.0019609999999999975,0.82
101361,126292,NCJCB,S,0.021262999999999997,0.82
101361,126292,NCCML,S,-0.034025,0.92
101361,126292,NCCAL,S,-0.036868,0.75
101361,126292,NCJAL,S,0.004358000000000001,0.78
101361,126292,NCHSP,S,0.022292,0.72
101361,126292,NCCMM,S,-0.017496,0.86
101361,126292,NCJSS,S,-0.005076999999999998,0.89
101361,126292,NCHGS,S,0.023465999999999994,0.83
101361,126292,NCJEC,S,0.010425999999999998,0.83
101361,126292,NCCDV,S,-0.034175,0.9
101361,126292,NCCMP,S,0.002445999999999997,0.95
101361,126292,NCCMR,S,-0.052065,0.87
101361,126292,NCJBC,S,-0.0018789999999999987,0.85
101361,126292,NCHPR,S,0.014778,0.77
101361,126292,NCCVA,S,-0.035651,0.93
101361,126292,NCCST,S,-0.019366,0.71
101361,126292,NCHAZ,S,0.018896999999999997,0.73
101361,126292,NCJUC,S,-0.0026730000000000018,0.75
101361,126389,NCCSC,P,-0.008995,0.821
101361,126389,NCCADa,P,0.022405,0.751
101361,126389,NCJCB,P,0.018579000000000002,0.727
101361,126389,NCCML,P,-0.012237999999999999,0.944
101361,126389,NCCAL,P,-0.014134,0.704
101361,126389,NCCMM,P,0.0014770000000000009,0.767
101361,126389,NCJRR,P,0.020669,0.734
101361,126389,NCHGS,P,0.023212000000000003,0.824
101361,126389,NCJEC,P,0.016015,0.83
101361,126389,NCHGW,P,0.024894,0.908
101361,126389,NCCDV,P,-0.012192999999999999,0.954
101361,126389,NCCMJ,P,-0.017007,0.797
101361,126389,NCCMR,P,-0.024758000000000002,0.857
101361,126389,NCJTG,P,0.012011,0.726
101361,126389,NCHPR,P,0.016881,0.846
101361,126389,NCCVA,P,-0.013882,0.871
101361,126389,NCCMN,P,-0.013604,0.923
101361,126389,NCHCB,P,0.018602,0.793
101361,126389,NCJSC,P,-0.013989999999999999,0.811
101361,126389,NCHFE,P,0.021865000000000002,0.872
101361,126389,NCCST,P,-0.004339,0.851
101361,126389,NCHPL,P,0.023494,0.913
101361,126389,NCJBM,P,-0.0079,0.84
101361,126389,NCHOR,P,0.027095,0.722
101361,126389,NCHAZ,P,0.019501,0.764
101361,126389,NCJSFa,P,-0.009044,0.717
101361,126389,NCJBLb,P,-0.0008489999999999991,0.72
101361,126389,NCJPPa,P,-0.003818,0.795
101361,126389,NCHDLb,P,0.019379,0.911
101361,126389,NCCMO,P,-0.008221,0.876
101361,126389,NCHFP,P,0.022164999999999997,0.707
101361,126389,NCBVY,P,0.025820999999999997,0.827
101361,126389,NCHQR,P,0.022858000000000003,0.706
101361,126389,NCCAO,S,0.008938000000000001,0.72
101361,126389,NCCADa,S,0.03742,0.74
101361,126389,NCJST,S,9.49999999999996e-05,0.77
101361,126389,NCJCB,S,0.027311000000000002,0.77
101361,126389,NCCML,S,-0.02238,0.88
101361,126389,NCCAL,S,-0.03032,0.8
101361,126389,NCJAL,S,0.008773,0.84
101361,126389,NCCMM,S,0.00019800000000000026,0.86
101361,126389,NCJSS,S,0.0027410000000000004,0.9
101361,126389,NCHGS,S,0.034802,0.81
101361,126389,NCJEC,S,0.016043,0.81
101361,126389,NCHGW,S,0.031149000000000003,0.71
101361,126389,NCCDV,S,-0.022923,0.91
101361,126389,NCCMP,S,0.021726000000000002,0.97
101361,126389,NCCMR,S,-0.032368,0.82
101361,126389,NCJBC,S,0.010362,0.82
101361,126389,NCCOS,S,0.002620000000000001,0.84
101361,126389,NCHPR,S,0.027028000000000003,0.82
101361,126389,NCCVA,S,-0.023562,0.94
101361,126389,NCCMN,S,-0.017029,0.88
101361,126389,NCHCB,S,0.034096,0.83
101361,126389,NCCST,S,0.0017580000000000009,0.72
101361,126389,NCJSM,S,0.00503,0.72
101361,126389,NCHFH,S,0.048496,0.75
101361,148939,NCCSC,P,0.023979,0.784
101361,148939,NCCMH,P,0.008173,0.724
101361,148939,NCCADa,P,0.059248,0.868
101361,148939,NCJST,P,0.032588000000000006,0.703
101361,148939,NCJCB,P,0.033431,0.798
101361,148939,NCCML,P,0.026288000000000002,0.949
101361,148939,NCCAL,P,0.013819999999999999,0.728
101361,148939,NCJRR,P,0.039304000000000006,0.898
101361,148939,NCHGS,P,0.046666,0.863
101361,148939,NCJEC,P,0.030915,0.808
101361,148939,NCHGW,P,0.06389800000000001,0.929
101361,148939,NCCDV,P,0.017286000000000003,0.959
101361,148939,NCCMJ,P,0.012455,0.854
101361,148939,NCCMP,P,0.038933,0.859
101361,148939,NCJBZ,P,0.037339000000000004,0.897
101361,148939,NCCMR,P,0.010014000000000002,0.963
101361,148939,NCJTG,P,0.039183,0.789
101361,148939,NCHPR,P,0.03896,0.913
101361,148939,NCCMN,P,0.007709000000000001,0.93
101361,148939,NCJSC,P,0.030738,0.848
101361,148939,NCHFE,P,0.051133000000000005,0.858
101361,148939,NCCST,P,0.031226,0.907
101361,148939,NCHPL,P,0.043390000000000005,0.899
101361,148939,NCJBM,P,0.015565000000000002,0.815
101361,148939,NCJSM,P,0.018256,0.702
101361,148939,NCHAZ,P,0.042086,0.786
101361,148939,NCJSFa,P,0.010093000000000005,0.86
101361,148939,NCCCY,P,0.026847000000000003,0.803
101361,148939,NCHFH,P,0.057743,0.749
101361,148939,NCJPPa,P,0.013213000000000003,0.786
101361,148939,NCHDLb,P,0.038728,0.895
101361,148939,NCJBG,P,0.012931999999999999,0.802
101361,148939,NCHFP,P,0.048029,0.825
101361,148939,NCBVY,P,0.050206,0.886
101361,148939,NCHQR,P,0.052628,0.854
101361,148939,NCCAO,S,0.028468000000000004,0.76
101361,148939,NCCADa,S,0.075011,0.77
101361,148939,NCJST,S,0.033969,0.73
101361,148939,NCJCB,S,0.041817,0.86
101361,148939,NCCML,S,0.014509000000000001,0.9
101361,148939,NCCAL,S,0.002588,0.8
101361,148939,NCJAL,S,0.048961000000000005,0.85
101361,148939,NCHSP,S,0.066875,0.74
101361,148939,NCCMM,S,0.028273000000000003,0.9
101361,148939,NCJSS,S,0.024959000000000002,0.9
101361,148939,NCHGS,S,0.054213000000000004,0.84
101361,148939,NCJEC,S,0.025324000000000003,0.71
101361,148939,NCJLX,S,0.011347000000000003,0.73
101361,148939,NCHGW,S,0.07069700000000001,0.73
101361,148939,NCCDV,S,0.006443000000000004,0.91
101361,148939,NCCMP,S,0.038853,0.97
101361,148939,NCCMR,S,-0.0033159999999999995,0.9
101361,148939,NCCOS,S,0.015925,0.89
101361,148939,NCHPR,S,0.041276,0.79
101361,148939,NCCMN,S,0.0035410000000000025,0.89
101361,148939,NCCST,S,0.023689,0.72
101361,148939,NCHPL,S,0.055975000000000004,0.81
101361,148939,NCJSM,S,0.013409000000000004,0.77
101361,148939,NCCCY,S,0.010644,0.92
101361,154124,NCCVA,P,0.029216,0.792
101361,154124,NCCMN,P,0.027797999999999996,0.765
101361,154124,NCHPL,P,0.152836,0.774
101361,160503,NCCADa,P,0.027237,0.945
101361,160503,NCJCB,P,0.0023170000000000014,0.812
101361,160503,NCCML,P,0.022247000000000003,0.867
101361,160503,NCHSP,P,0.018979,0.852
101361,160503,NCCMM,P,0.021928,0.739
101361,160503,NCHGS,P,0.011524,0.909
101361,160503,NCJEC,P,-0.0005199999999999996,0.89
101361,160503,NCHGW,P,0.030895,0.954
101361,160503,NCCDV,P,0.014362,0.885
101361,160503,NCCMJ,P,0.011276000000000001,0.747
101361,160503,NCCMP,P,0.016201,0.87
101361,160503,NCJBC,P,0.0022320000000000013,0.728
101361,160503,NCCVA,P,0.008648000000000001,0.737
101361,160503,NCHPR,P,0.010068,0.887
101361,160503,NCHCB,P,0.007841,0.764
101361,160503,NCJSC,P,0.020448,0.799
101361,160503,NCHFE,P,0.016938,0.867
101361,160503,NCCST,P,0.021605,0.855
101361,160503,NCHPL,P,0.013471,0.885
101361,160503,NCHAZ,P,0.010722,0.796
101361,160503,NCJPPa,P,0.004932000000000001,0.735
101361,160503,NCHDLb,P,0.008092,0.938
101361,160503,NCHFP,P,0.029663000000000002,0.925
101361,160503,NCBVY,P,0.029717,0.92
101361,160503,NCCSC,S,0.008804000000000001,0.73
101361,160503,NCCADa,S,0.026608,0.87
101361,160503,NCJST,S,0.011797000000000002,0.86
101361,160503,NCJCB,S,0.004352,0.92
101361,160503,NCCML,S,0.018086,0.86
101361,160503,NCCAL,S,0.009622,0.72
101361,160503,NCJAL,S,0.026753,0.9
101361,160503,NCHSP,S,0.019606000000000002,0.85
101361,160503,NCCMM,S,0.022041,0.9
101361,160503,NCJSS,S,0.008942,0.97
101361,160503,NCHGS,S,0.011782,0.92
101361,160503,NCJEC,S,-0.0013249999999999998,0.85
101361,160503,NCHGW,S,0.030362,0.89
101361,160503,NCCDV,S,0.011262000000000001,0.88
101361,160503,NCCMJ,S,0.008496,0.82
101361,160503,NCCMP,S,0.015260000000000001,0.96
101361,160503,NCJBC,S,0.015193000000000002,0.76
101361,160503,NCCOS,S,0.020456000000000002,0.88
101361,160503,NCCVA,S,0.018992000000000002,0.94
101361,160503,NCHPR,S,0.015737,0.88
101361,160503,NCJPL,S,0.014928,0.76
101361,160503,NCHCB,S,0.009519,0.79
101361,160503,NCJSC,S,0.026706,0.74
101361,160503,NCHFE,S,0.029222,0.78
101361,160503,NCHPL,S,0.027267,0.86
101361,160503,NCJSM,S,0.016303,0.78
101361,160503,NCJUC,S,0.019974000000000002,0.83
101361,160503,NCCCY,S,0.031560000000000005,0.85
101361,160503,NCHFH,S,0.036205,0.91
101361,160503,NCHDLb,S,0.017495,0.74
101361,160503,NCHFP,S,0.028143,0.82
101361,160503,NCBVY,S,0.030309000000000003,0.82
101361,215747,NCCSC,P,0.009085,0.743
101361,215747,NCCADa,P,0.041636,0.887
101361,215747,NCJST,P,0.017738,0.706
101361,215747,NCJCB,P,0.018801,0.831
101361,215747,NCCML,P,0.011056,0.958
101361,215747,NCCAL,P,-0.0008590000000000004,0.787
101361,215747,NCHSP,P,0.039093,0.703
101361,215747,NCJRR,P,0.022584,0.816
101361,215747,NCHGS,P,0.02982,0.919
101361,215747,NCJEC,P,0.015874,0.803
101361,215747,NCHGW,P,0.048951999999999996,0.936
101361,215747,NCCDV,P,-0.011131,0.967
101361,215747,NCCMJ,P,-0.0015440000000000002,0.843
101361,215747,NCCMP,P,0.023147,0.822
101361,215747,NCJBZ,P,0.020385,0.913
101361,215747,NCCMR,P,0.0014280000000000004,0.929
101361,215747,NCJTG,P,0.025639000000000002,0.747
101361,215747,NCCMN,P,-0.008624999999999999,0.891
101361,215747,NCJRG,P,0.019194,0.829
101361,215747,NCJSC,P,0.007634,0.788
101361,215747,NCHFE,P,0.033835,0.765
101361,215747,NCCST,P,0.016813,0.903
101361,215747,NCHPL,P,0.02819,0.928
101361,215747,NCJBM,P,-0.001141999999999999,0.857
101361,215747,NCHOR,P,0.03129,0.762
101361,215747,NCHAZ,P,0.025689,0.716
101361,215747,NCJSFa,P,-0.003683999999999998,0.728
101361,215747,NCCCY,P,0.011003,0.797
101361,215747,NCJBLb,P,0.0008409999999999997,0.802
101361,215747,NCJPPa,P,-0.0005269999999999997,0.907
101361,215747,NCHDLb,P,0.021406,0.913
101361,215747,NCCMO,P,-0.006368,0.858
101361,215747,NCCLC,P,-0.002581,0.763
101361,215747,NCHFP,P,0.033033,0.77
101361,215747,NCBVY,P,0.033949,0.828
101361,215747,NCCADa,S,0.057465999999999996,0.81
101361,215747,NCJST,S,0.017694,0.74
101361,215747,NCJCB,S,0.029885000000000002,0.85
101361,215747,NCCML,S,-0.0009490000000000002,0.92
101361,215747,NCCAL,S,-0.01308,0.78
101361,215747,NCJAL,S,0.030571,0.81
101361,215747,NCHSP,S,0.05004,0.77
101361,215747,NCHGS,S,0.038776,0.86
101361,215747,NCJEC,S,0.01315,0.72
101361,215747,NCCDV,S,-0.021582000000000004,0.93
101361,215747,NCCMP,S,0.023523000000000002,0.95
101361,215747,NCCMR,S,-0.011765,0.83
101361,215747,NCJBC,S,-0.0024930000000000004,0.74
101361,215747,NCCMN,S,-0.011406000000000001,0.86
101361,215747,NCHCB,S,0.023454000000000003,0.73
101361,215747,NCCST,S,0.010642,0.78
101361,215747,NCHPL,S,0.040717,0.82
101361,215747,NCJSM,S,0.0005190000000000004,0.78
101361,215747,NCCCY,S,-0.005210999999999999,0.86
101361,238704,NCCCOa,P,-0.011026,0.716
101361,238704,NCCSC,P,-0.002097999999999999,0.882
101361,238704,NCCMH,P,-0.007029999999999998,0.91
101361,238704,NCCADa,P,0.008803000000000002,0.969
101361,238704,NCJST,P,-0.006791999999999999,0.87
101361,238704,NCJCB,P,-0.011957999999999998,0.876
101361,238704,NCCML,P,0.0075850000000000015,0.979
101361,238704,NCCAL,P,-0.0028329999999999987,0.915
101361,238704,NCJAL,P,0.009184000000000001,0.872
101361,238704,NCHSP,P,0.0008030000000000016,0.882
101361,238704,NCJRR,P,-0.007379999999999999,0.919
101361,238704,NCJSS,P,-0.0005439999999999993,0.843
101361,238704,NCHGS,P,-0.004472999999999998,0.865
101361,238704,NCJEC,P,-0.015896,0.897
101361,238704,NCJLX,P,-0.006382999999999998,0.838
101361,238704,NCHGW,P,0.013518000000000002,0.975
101361,238704,NCCDV,P,-0.014848999999999998,0.939
101361,238704,NCCMJ,P,-0.0027519999999999975,0.876
101361,238704,NCCMP,P,-0.0013109999999999997,0.938
101361,238704,NCJBZ,P,-0.006279999999999997,0.882
101361,238704,NCCMR,P,-0.002133999999999997,0.965
101361,238704,NCJTG,P,0.0003119999999999998,0.841
101361,238704,NCJBC,P,-0.011951999999999999,0.834
101361,238704,NCJPL,P,-0.005951999999999999,0.806
101361,238704,NCCMN,P,-0.010622999999999999,0.937
101361,238704,NCJSC,P,0.0009779999999999997,0.883
101361,238704,NCCST,P,0.006534000000000002,0.893
101361,238704,NCHPL,P,-0.0030139999999999993,0.935
101361,238704,NCJBM,P,-0.007976999999999998,0.948
101361,238704,NCHOR,P,-0.002505999999999998,0.759
101361,238704,NCJSM,P,-0.008185999999999999,0.781
101361,238704,NCHAZ,P,-0.007480999999999998,0.807
101361,238704,NCJSFa,P,-0.011446,0.797
101361,238704,NCCPL,P,0.008999,0.892
101361,238704,NCCCY,P,0.010028000000000002,0.964
101361,238704,NCJBLb,P,-0.008518,0.889
101361,238704,NCJPPa,P,-0.009609,0.909
101361,238704,NCHSFb,P,-0.0014509999999999974,0.913
101361,238704,NCHLT,P,-0.0008289999999999999,0.748
101361,238704,NCCMO,P,-0.0056139999999999975,0.868
101361,238704,NCCLC,P,-0.007846999999999998,0.843
101361,238704,NCHFP,P,0.0001460000000000003,0.947
101361,238704,NCBVY,P,0.0018810000000000007,0.911
101361,238704,NCHQR,P,0.008992,0.755
101361,238704,NCCCOa,S,-0.011392999999999999,0.92
101361,238704,NCCSC,S,-0.002378999999999999,0.8
101361,238704,NCCMH,S,-0.006161999999999997,0.93
101361,238704,NCCADa,S,0.0068000000000000005,0.95
101361,238704,NCJST,S,-0.0053939999999999995,0.91
101361,238704,NCJCB,S,-0.010752,0.98
101361,238704,NCCML,S,0.008777,0.99
101361,238704,NCCAL,S,-0.0021379999999999975,0.93
101361,238704,NCJAL,S,0.010689000000000004,0.97
101361,238704,NCHSP,S,5.300000000000096e-05,0.94
101361,238704,NCJRR,S,-0.007845999999999999,0.91
101361,238704,NCJSS,S,-0.003959999999999998,0.93
101361,238704,NCHGS,S,-0.005665,0.92
101361,238704,NCJEC,S,-0.016291,0.92
101361,238704,NCJLX,S,-0.007401999999999999,0.91
101361,238704,NCHGW,S,0.012884,0.96
101361,238704,NCCDV,S,-0.013395999999999998,0.96
101361,238704,NCCMJ,S,-0.0024869999999999996,0.95
101361,238704,NCCMP,S,-0.0022819999999999993,0.98
101361,238704,NCJBZ,S,-0.005764999999999999,0.81
101361,238704,NCCMR,S,0.000674000000000001,0.98
101361,238704,NCJTG,S,0.0036650000000000016,0.78
101361,238704,NCJBC,S,-0.006178999999999997,0.8
101361,238704,NCCOS,S,-0.005787999999999998,0.92
101361,238704,NCCVA,S,-0.002862,0.98
101361,238704,NCJPL,S,-0.008324999999999999,0.88
101361,238704,NCCMN,S,-0.007557999999999999,0.95
101361,238704,NCJRG,S,-0.004563999999999999,0.87
101361,238704,NCJSC,S,0.0004940000000000014,0.89
101361,238704,NCCST,S,0.007657000000000001,0.89
101361,238704,NCHPL,S,-0.005381,0.82
101361,238704,NCJBM,S,-0.008315,0.93
101361,238704,NCHOR,S,-0.002394999999999998,0.85
101361,238704,NCJSM,S,-0.007945999999999998,0.92
101361,238704,NCHAZ,S,-0.006688999999999999,0.82
101361,238704,NCJSFa,S,-0.011288999999999999,0.83
101361,238704,NCJUC,S,-0.005780999999999998,0.9
101361,238704,NCCPL,S,0.008302,0.92
101361,238704,NCCCY,S,0.009265000000000002,0.99
101361,238704,NCJPPa,S,-0.010136,0.81
101361,238704,NCCDO,S,-0.022604,0.72
101361,238704,NCHSFb,S,-0.003826999999999997,0.9
101361,238704,NCCLC,S,-0.007147999999999998,0.87
101361,238704,NCBVY,S,0.0031020000000000006,0.93
101361,238790,NCCSC,P,0.003701999999999997,0.811
101361,238790,NCCMH,P,-0.007976,0.755
101361,238790,NCCADa,P,0.028913,0.935
101361,238790,NCJST,P,0.007842000000000002,0.713
101361,238790,NCJCB,P,0.006053999999999997,0.747
101361,238790,NCCML,P,0.008627999999999997,0.978
101361,238790,NCCAL,P,-0.0037739999999999996,0.811
101361,238790,NCHSP,P,0.023402,0.733
101361,238790,NCJRR,P,0.010252999999999998,0.871
101361,238790,NCHGS,P,0.014126,0.855
101361,238790,NCJEC,P,0.0019479999999999983,0.853
101361,238790,NCJLX,P,0.0026269999999999974,0.71
101361,238790,NCHGW,P,0.033658,0.903
101361,238790,NCCDV,P,-0.013763000000000001,0.939
101361,238790,NCCMJ,P,-0.004278999999999998,0.82
101361,238790,NCJBZ,P,0.011585999999999999,0.92
101361,238790,NCCMR,P,-0.0024199999999999985,0.943
101361,238790,NCJTG,P,0.016508000000000002,0.807
101361,238790,NCJBC,P,-0.0019790000000000016,0.758
101361,238790,NCJSC,P,0.005976000000000002,0.837
101361,238790,NCCST,P,0.009919999999999998,0.935
101361,238790,NCHPL,P,0.014624999999999999,0.905
101361,238790,NCJBM,P,-0.003819000000000003,0.814
101361,238790,NCHAZ,P,0.011039,0.833
101361,238790,NCJSFa,P,-0.010235000000000001,0.844
101361,238790,NCCPL,P,0.005391,0.701
101361,238790,NCCCY,P,0.008173,0.863
101361,238790,NCJBLb,P,-0.002019,0.821
101361,238790,NCJPPa,P,-0.005657000000000002,0.794
101361,238790,NCHLT,P,0.018344,0.711
101361,238790,NCCMO,P,-0.006217,0.871
101361,238790,NCCLC,P,-0.006901000000000001,0.811
101361,238790,NCHFP,P,0.019118999999999997,0.858
101361,238790,NCBVY,P,0.020492999999999997,0.929
101361,238790,NCHQR,P,0.029167000000000005,0.738
101361,238790,NCCMH,S,-0.010099,0.82
101361,238790,NCCADa,S,0.036904,0.83
101361,238790,NCJST,S,0.007429999999999999,0.82
101361,238790,NCJCB,S,0.014039999999999997,0.87
101361,238790,NCCML,S,-0.00035199999999999815,0.96
101361,238790,NCCAL,S,-0.011158999999999999,0.83
101361,238790,NCJAL,S,0.024960000000000003,0.8
101361,238790,NCHSP,S,0.028240999999999995,0.79
101361,238790,NCJSS,S,0.008451,0.95
101361,238790,NCHGS,S,0.018274,0.89
101361,238790,NCJEC,S,0.0017459999999999976,0.82
101361,238790,NCHGW,S,0.037926999999999995,0.79
101361,238790,NCCDV,S,-0.021726000000000002,0.95
101361,238790,NCCMJ,S,-0.010728999999999999,0.82
101361,238790,NCCMP,S,0.010696999999999998,0.98
101361,238790,NCCMR,S,-0.009925,0.93
101361,238790,NCJTG,S,0.017820000000000003,0.75
101361,238790,NCJBC,S,-0.0010900000000000007,0.78
101361,238790,NCCOS,S,-0.004858000000000001,0.86
101361,238790,NCJSC,S,-0.0009590000000000015,0.78
101361,238790,NCCST,S,0.007174,0.81
101361,238790,NCHPL,S,0.02359,0.88
101361,238790,NCJSM,S,-0.0036230000000000012,0.81
101361,238790,NCJUC,S,0.004163,0.75
101361,238790,NCCCY,S,-0.0029,0.93
101361,238790,NCBVY,S,0.025363999999999998,0.79
101361,30058785,NCHPL,P,0.186658,0.827
101361,30062741,NCCADa,P,0.01818400000000002,0.784
101361,30062741,NCJST,P,-0.012222999999999984,0.771
101361,30062741,NCJCB,P,-0.009534999999999988,0.87
101361,30062741,NCCML,P,0.009625000000000022,0.923
101361,30062741,NCCAL,P,-0.003354999999999997,0.72
101361,30062741,NCHSP,P,0.0026660000000000017,0.767
101361,30062741,NCJRR,P,-0.005559999999999982,0.829
101361,30062741,NCHGS,P,-0.0028669999999999807,0.873
101361,30062741,NCJEC,P,-0.01311799999999999,0.907
101361,30062741,NCCDV,P,-0.011994999999999978,0.931
101361,30062741,NCCMJ,P,-0.0022119999999999918,0.796
101361,30062741,NCCMP,P,0.0009840000000000126,0.888
101361,30062741,NCJBZ,P,-0.007646999999999987,0.874
101361,30062741,NCJTG,P,0.0008200000000000152,0.783
101361,30062741,NCHCB,P,-0.0017629999999999868,0.832
101361,30062741,NCJSC,P,0.009596000000000021,0.884
101361,30062741,NCHFE,P,0.0006450000000000067,0.935
101361,30062741,NCCST,P,0.007127000000000022,0.873
101361,30062741,NCHPL,P,-0.0019169999999999743,0.945
101361,30062741,NCJBM,P,-0.006696999999999981,0.709
101361,30062741,NCHAZ,P,-0.002908999999999995,0.821
101361,30062741,NCCCY,P,0.009092000000000017,0.704
101361,30062741,NCHBT,P,0.0015310000000000046,0.807
101361,30062741,NCHDLb,P,-0.007922999999999986,0.934
101361,30062741,NCHFP,P,0.005241000000000023,0.836
101361,30062741,NCBVY,P,0.0033140000000000114,0.842
101361,30062741,NCCMH,S,-0.008571999999999996,0.79
101361,30062741,NCCAO,S,-0.007855999999999974,0.75
101361,30062741,NCCADa,S,0.01648300000000001,0.79
101361,30062741,NCJST,S,-0.007551999999999975,0.86
101361,30062741,NCJCB,S,-0.003356999999999999,0.89
101361,30062741,NCCML,S,0.006574000000000024,0.9
101361,30062741,NCCAL,S,-0.00608599999999998,0.8
101361,30062741,NCJAL,S,0.01252700000000001,0.89
101361,30062741,NCHSP,S,0.0038970000000000116,0.78
101361,30062741,NCJRR,S,-0.005293999999999993,0.76
101361,30062741,NCJSS,S,-0.0029439999999999744,0.92
101361,30062741,NCHGS,S,-0.0020499999999999963,0.9
101361,30062741,NCJEC,S,-0.010827999999999977,0.93
101361,30062741,NCJLX,S,-0.007988999999999996,0.76
101361,30062741,NCCDV,S,-0.014462999999999976,0.92
101361,30062741,NCCMJ,S,-0.004925999999999986,0.81
101361,30062741,NCCMP,S,0.002496000000000026,0.97
101361,30062741,NCJBZ,S,-0.010219999999999979,0.76
101361,30062741,NCCOS,S,-0.0031009999999999927,0.87
101361,30062741,NCHCB,S,-0.0037679999999999936,0.93
101361,30062741,NCJSC,S,0.008941000000000004,0.8
101361,30062741,NCHFE,S,0.005550000000000027,0.8
101361,30062741,NCCST,S,0.007921000000000011,0.83
101361,30062741,NCHPL,S,0.0032210000000000016,0.89
101361,30062741,NCCCY,S,0.007773000000000002,0.89
101361,30062741,NCBVY,S,0.006286000000000014,0.85
101361,30069222,NCJCB,P,0.017813000000000002,0.75
101361,30069222,NCCML,P,0.005377,0.916
101361,30069222,NCCAL,P,-0.010712,0.736
101361,30069222,NCJRR,P,0.021577,0.71
101361,30069222,NCHGS,P,0.031657000000000005,0.817
101361,30069222,NCJEC,P,0.009547,0.799
101361,30069222,NCHGW,P,0.048847,0.895
101361,30069222,NCCDV,P,-0.017386999999999996,0.931
101361,30069222,NCCMJ,P,-0.009707,0.767
101361,30069222,NCJBZ,P,0.016442000000000005,0.851
101361,30069222,NCCMR,P,-0.0013829999999999953,0.927
101361,30069222,NCCVA,P,-0.013049999999999999,0.817
101361,30069222,NCJSC,P,0.010912000000000005,0.765
101361,30069222,NCHFE,P,0.035452,0.794
101361,30069222,NCCST,P,0.012282000000000001,0.855
101361,30069222,NCHPL,P,0.031517,0.888
101361,30069222,NCJBM,P,-0.004274,0.756
101361,30069222,NCHDLb,P,0.021897,0.844
101361,30069222,NCCLC,P,-0.008548,0.779
101361,30069222,NCHFP,P,0.036395,0.736
101361,30069222,NCBSL,P,0.04495500000000001,0.774
101361,30069222,NCBVY,P,0.035803,0.792
101361,30069222,NCJST,S,0.001571000000000003,0.72
101361,30069222,NCJCB,S,0.028393,0.75
101361,30069222,NCCML,S,-0.004609999999999996,0.88
101361,30069222,NCCAL,S,-0.029040999999999997,0.76
101361,30069222,NCJAL,S,0.022522,0.76
101361,30069222,NCJSS,S,0.008533000000000006,0.86
101361,30069222,NCHGS,S,0.04214,0.79
101361,30069222,NCJEC,S,0.008754000000000005,0.74
101361,30069222,NCCDV,S,-0.026966999999999998,0.88
101361,30069222,NCCMR,S,-0.010800999999999998,0.81
101361,30069222,NCCOS,S,0.006851000000000003,0.86
101361,30069222,NCCVA,S,-0.022365999999999997,0.94
101361,30069222,NCCMN,S,-0.012469999999999995,0.81
101361,30069222,NCHCB,S,0.033,0.73
101361,30069222,NCCCY,S,-0.014596999999999999,0.79
101361,30092060,NCCADa,P,0.03640500000000001,0.72
101361,30092060,NCJST,P,0.003262000000000015,0.712
101361,30092060,NCJCB,P,0.006736000000000006,0.767
101361,30092060,NCCML,P,0.001920000000000005,0.965
101361,30092060,NCCAL,P,-0.012860999999999984,0.803
101361,30092060,NCJRR,P,0.010840000000000002,0.867
101361,30092060,NCJEC,P,0.0036780000000000146,0.736
101361,30092060,NCHGW,P,0.035444,0.886
101361,30092060,NCCDV,P,-0.021097000000000005,0.966
101361,30092060,NCCMJ,P,-0.01217399999999999,0.79
101361,30092060,NCJBC,P,-0.007398999999999989,0.709
101361,30092060,NCCVA,P,-0.01571699999999998,0.866
101361,30092060,NCHFE,P,0.021230000000000013,0.816
101361,30092060,NCCST,P,0.003482000000000013,0.869
101361,30092060,NCJBM,P,-0.009679999999999994,0.858
101361,30092060,NCCCY,P,0.00013599999999999723,0.841
101361,30092060,NCJBLb,P,-0.011112999999999984,0.835
101361,30092060,NCHDLb,P,0.007950000000000013,0.864
101361,30092060,NCCMO,P,-0.013945999999999986,0.858
101361,30092060,NCHFP,P,0.02021400000000001,0.803
101361,30092060,NCBVY,P,0.02118700000000001,0.869
101361,30092060,NCCAO,S,0.0018430000000000113,0.73
101361,30092060,NCCADa,S,0.04713600000000001,0.73
101361,30092060,NCJST,S,0.003162999999999999,0.73
101361,30092060,NCJCB,S,0.01816100000000001,0.85
101361,30092060,NCCML,S,-0.008691000000000004,0.95
101361,30092060,NCCAL,S,-0.024029999999999996,0.81
101361,30092060,NCJAL,S,0.020914000000000002,0.76
101361,30092060,NCHSP,S,0.034542,0.72
101361,30092060,NCJSS,S,0.0044349999999999945,0.91
101361,30092060,NCJEC,S,0.0023440000000000127,0.71
101361,30092060,NCJLX,S,-0.009549000000000002,0.73
101361,30092060,NCCDV,S,-0.030810000000000004,0.94
101361,30092060,NCCOS,S,-0.01192299999999999,0.86
101361,30092060,NCCVA,S,-0.023395,0.96
101361,30092060,NCCST,S,0.0010870000000000046,0.8
101361,30092060,NCCCY,S,-0.013909000000000005,0.89
101361,389286,NCJCB,P,0.006727,0.793
101361,389286,NCJRR,P,0.011918000000000002,0.84
101361,389286,NCHGS,P,0.016893000000000002,0.868
101361,389286,NCJEC,P,0.002912999999999999,0.793
101361,389286,NCHGW,P,0.038102,0.906
101361,389286,NCCDV,P,-0.027441999999999998,0.947
101361,389286,NCCMJ,P,-0.019504999999999998,0.805
101361,389286,NCCMR,P,-0.014118000000000002,0.918
101361,389286,NCJTG,P,0.011798,0.705
101361,389286,NCCVA,P,-0.021440999999999998,0.898
101361,389286,NCHFE,P,0.023913,0.755
101361,389286,NCCST,P,0.0002559999999999993,0.912
101361,389286,NCHPL,P,0.01748,0.93
101361,389286,NCJBM,P,-0.013661999999999997,0.804
101361,389286,NCHAZ,P,0.012902,0.715
101361,389286,NCJSFa,P,-0.021134999999999998,0.783
101361,389286,NCHDLb,P,0.008569,0.908
101361,389286,NCHFP,P,0.020901,0.781
101361,389286,NCCAO,S,0.00021300000000000138,0.73
101361,389286,NCJST,S,0.004712000000000001,0.71
101361,389286,NCJCB,S,0.018477,0.84
101361,389286,NCJAL,S,0.020353,0.79
101361,389286,NCHSP,S,0.039146,0.74
101361,389286,NCJSS,S,0.0005409999999999998,0.87
101361,389286,NCHGS,S,0.027301,0.82
101361,389286,NCCDV,S,-0.039529999999999996,0.92
101361,389286,NCCMR,S,-0.030289,0.87
101361,389286,NCCOS,S,-0.016226,0.77
101361,389286,NCCVA,S,-0.028123,0.9
101361,389286,NCHCB,S,0.012859,0.72
101361,389286,NCHPL,S,0.033033,0.71
101361,389286,NCCCY,S,-0.025271,0.86
101361,478138,NCCMH,P,0.018838999999999995,0.811
101361,478138,NCCAO,P,0.018469999999999986,0.849
101361,478138,NCCADa,P,0.03840299999999999,0.832
101361,478138,NCJST,P,0.019521999999999984,0.96
101361,478138,NCCML,P,0.03165899999999999,0.974
101361,478138,NCCAL,P,0.018810999999999994,0.952
101361,478138,NCJAL,P,0.036211999999999994,0.795
101361,478138,NCHSP,P,0.027721999999999997,0.945
101361,478138,NCJLX,P,0.018891999999999992,0.952
101361,478138,NCCDV,P,0.009121999999999991,0.97
101361,478138,NCCMJ,P,0.020067,0.939
101361,478138,NCCMP,P,0.023972999999999994,0.788
101361,478138,NCCMR,P,0.012799000000000005,0.921
101361,478138,NCJTG,P,0.021904000000000007,0.828
101361,478138,NCJBC,P,0.01630999999999999,0.807
101361,478138,NCCVA,P,0.018264000000000002,0.964
101361,478138,NCJPL,P,0.017535999999999996,0.804
101361,478138,NCJRG,P,0.019780999999999993,0.835
101361,478138,NCHCB,P,0.019567,0.863
101361,478138,NCJSC,P,0.03608399999999999,0.899
101361,478138,NCHFE,P,0.028789999999999996,0.956
101361,478138,NCJBM,P,0.018258999999999997,0.923
101361,478138,NCJSM,P,0.019599000000000005,0.832
101361,478138,NCJSFa,P,0.013610999999999984,0.74
101361,478138,NCCCY,P,0.033178,0.863
101361,478138,NCJPPa,P,0.023613999999999996,0.725
101361,478138,NCCMH,S,0.019099000000000005,0.87
101361,478138,NCCAO,S,0.017300999999999983,0.85
101361,478138,NCCADa,S,0.03661299999999999,0.84
101361,478138,NCJST,S,0.020711000000000007,0.95
101361,478138,NCCML,S,0.032222,0.98
101361,478138,NCCAL,S,0.017426999999999998,0.94
101361,478138,NCJAL,S,0.03565499999999999,0.93
101361,478138,NCHSP,S,0.027294,0.96
101361,478138,NCJLX,S,0.017499999999999988,0.92
101361,478138,NCCDV,S,0.009898999999999991,0.99
101361,478138,NCCMJ,S,0.019957000000000003,0.97
101361,478138,NCCMR,S,0.011653999999999998,0.96
101361,478138,NCJTG,S,0.022197999999999996,0.81
101361,478138,NCJBC,S,0.021576999999999985,0.84
101361,478138,NCCOS,S,0.017624,0.94
101361,478138,NCCVA,S,0.019308999999999993,0.99
101361,478138,NCJPL,S,0.017034999999999995,0.88
101361,478138,NCJRG,S,0.021199999999999997,0.92
101361,478138,NCHCB,S,0.016028999999999988,0.92
101361,478138,NCJSC,S,0.03392099999999999,0.87
101361,478138,NCHFE,S,0.029598,0.91
101361,478138,NCJBM,S,0.018074000000000007,0.87
101361,478138,NCJSM,S,0.019782999999999995,0.91
101361,478138,NCJSFa,S,0.016367999999999994,0.79
101361,478138,NCCCY,S,0.03214099999999999,0.98
101361,483500,NCCVA,P,0.048155,0.776
101361,483500,NCCMN,P,0.045504,0.743
101361,529274,NCCMH,P,-0.0013309999999999989,0.751
101361,529274,NCJST,P,0.018680000000000016,0.745
101361,529274,NCCML,P,0.01559300000000001,0.946
101361,529274,NCCAL,P,0.002035000000000009,0.812
101361,529274,NCHSP,P,0.03780700000000001,0.738
101361,529274,NCJEC,P,0.02145800000000002,0.887
101361,529274,NCJLX,P,0.011862000000000011,0.706
101361,529274,NCCDV,P,-0.008085999999999982,0.965
101361,529274,NCCMJ,P,0.0005340000000000067,0.882
101361,529274,NCJBZ,P,0.02789800000000002,0.935
101361,529274,NCJBC,P,0.010734000000000021,0.766
101361,529274,NCCVA,P,-0.0012529999999999764,0.902
101361,529274,NCCMN,P,-0.00534599999999999,0.88
101361,529274,NCHCB,P,0.026372000000000007,0.838
101361,529274,NCJSC,P,0.02181100000000001,0.782
101361,529274,NCHFE,P,0.03683800000000001,0.803
101361,529274,NCCST,P,0.01649100000000002,0.913
101361,529274,NCJBM,P,0.003480000000000011,0.826
101361,529274,NCCCY,P,0.013468000000000008,0.746
101361,529274,NCJPPa,P,0.011264000000000024,0.714
101361,529274,NCCMH,S,-0.0032129999999999936,0.75
101361,529274,NCCADa,S,0.05629400000000001,0.76
101361,529274,NCJST,S,0.021372000000000016,0.73
101361,529274,NCCML,S,0.005629000000000023,0.94
101361,529274,NCCAL,S,-0.007383999999999974,0.81
101361,529274,NCJAL,S,0.03688700000000002,0.8
101361,529274,NCHSP,S,0.04598100000000001,0.76
101361,529274,NCJSS,S,0.020180000000000017,0.94
101361,529274,NCJEC,S,0.01925200000000002,0.85
101361,529274,NCCDV,S,-0.01711499999999999,0.93
101361,529274,NCJBC,S,0.01238800000000001,0.8
101361,529274,NCCVA,S,-0.010825999999999975,0.95
101361,529274,NCCMN,S,-0.00544,0.88
101361,529274,NCHCB,S,0.027298000000000017,0.85
101361,529274,NCJSC,S,0.01883500000000002,0.73
101361,529274,NCCCY,S,3.600000000000825e-05,0.91
101362,103138,NCCSC,P,0.0198,0.96
101362,103138,NCCMH,P,0.024165000000000002,0.8
101362,103138,NCCADa,P,0.008962000000000005,0.941
101362,103138,NCJST,P,0.012817000000000002,0.84
101362,103138,NCJCB,P,0.009560000000000003,0.938
101362,103138,NCCML,P,0.023180000000000003,0.962
101362,103138,NCCAL,P,0.022847000000000003,0.903
101362,103138,NCJAL,P,0.013217000000000003,0.717
101362,103138,NCHSP,P,0.007100000000000002,0.727
101362,103138,NCCMM,P,0.018252000000000004,0.914
101362,103138,NCJRR,P,0.009334000000000002,0.938
101362,103138,NCJSS,P,0.017333000000000005,0.725
101362,103138,NCJLX,P,0.017426000000000004,0.855
101362,103138,NCHGW,P,0.010610000000000005,0.971
101362,103138,NCCDV,P,0.023319000000000003,0.97
101362,103138,NCJBZ,P,0.011269000000000005,0.92
101362,103138,NCCMR,P,0.022474,0.958
101362,103138,NCCVA,P,0.023974000000000002,0.88
101362,103138,NCJSC,P,0.020883000000000006,0.806
101362,103138,NCHFE,P,0.007685000000000004,0.851
101362,103138,NCCST,P,0.019732000000000003,0.977
101362,103138,NCJBM,P,0.020616000000000002,0.937
101362,103138,NCJSFa,P,0.020124000000000003,0.712
101362,103138,NCJLT,P,0.021973000000000003,0.713
101362,103138,NCJPPa,P,0.020171000000000005,0.972
101362,103138,NCHDLb,P,0.008594000000000004,0.921
101362,103138,NCHJG,P,0.009336000000000004,0.772
101362,103138,NCHFP,P,0.010287000000000004,0.923
101362,103138,NCBVY,P,0.008707000000000003,0.886
101362,103138,NCCCOa,S,0.0029780000000000015,0.74
101362,103138,NCCSC,S,0.018661000000000004,0.88
101362,103138,NCCMH,S,0.025589,0.84
101362,103138,NCCAO,S,0.013319000000000004,0.86
101362,103138,NCCADa,S,5.0000000000050004e-06,0.9
101362,103138,NCJST,S,0.016106000000000002,0.91
101362,103138,NCJCB,S,0.006304000000000004,0.93
101362,103138,NCCML,S,0.028838000000000003,0.96
101362,103138,NCCAL,S,0.029691000000000002,0.95
101362,103138,NCJAL,S,0.015891000000000002,0.91
101362,103138,NCHSP,S,-0.00040699999999999764,0.91
101362,103138,NCCMM,S,0.020350000000000004,0.97
101362,103138,NCJRR,S,0.009862000000000003,0.83
101362,103138,NCHGS,S,0.001586000000000004,0.93
101362,103138,NCCDV,S,0.027409000000000003,0.97
101362,103138,NCCMP,S,0.011247000000000004,0.98
101362,103138,NCJBZ,S,0.011805000000000003,0.82
101362,103138,NCCMR,S,0.027860000000000003,0.91
101362,103138,NCCVA,S,0.030286000000000004,0.97
101362,103138,NCCST,S,0.017657000000000003,0.79
101362,103138,NCJBM,S,0.019648000000000002,0.71
101362,103138,NCJLT,S,0.025469000000000006,0.8
101362,103138,NCHFP,S,0.0062470000000000026,0.79
101362,103138,NCBVY,S,0.006514000000000002,0.8
101362,126189,NCCSC,P,0.005852,0.748
101362,126189,NCCADa,P,-0.015726,0.843
101362,126189,NCJCB,P,-0.011913,0.847
101362,126189,NCCML,P,0.014045,0.922
101362,126189,NCCAL,P,0.018048,0.71
101362,126189,NCCMM,P,0.003997,0.714
101362,126189,NCJRR,P,-0.011765,0.848
101362,126189,NCHGS,P,-0.017938,0.865
101362,126189,NCJEC,P,-0.011871,0.873
101362,126189,NCHGW,P,-0.014595,0.932
101362,126189,NCCDV,P,0.016346,0.927
101362,126189,NCCMJ,P,0.01848,0.835
101362,126189,NCJBZ,P,-0.020182,0.868
101362,126189,NCCMR,P,-0.00044900000000000007,0.952
101362,126189,NCJTG,P,-0.004805,0.71
101362,126189,NCJBC,P,0.007168000000000001,0.765
101362,126189,NCHPR,P,-0.016882,0.881
101362,126189,NCCVA,P,0.019352,0.88
101362,126189,NCCMN,P,0.018006,0.921
101362,126189,NCHCB,P,-0.010752,0.851
101362,126189,NCJSC,P,0.0037400000000000003,0.769
101362,126189,NCHFE,P,-0.016034,0.759
101362,126189,NCCST,P,0.007122,0.914
101362,126189,NCJBM,P,0.009978,0.903
101362,126189,NCHCOb,P,-0.012831,0.778
101362,126189,NCHAZ,P,-0.013336,0.756
101362,126189,NCJSFa,P,0.011163,0.713
101362,126189,NCHFH,P,-0.013913,0.702
101362,126189,NCJPPa,P,0.007988,0.828
101362,126189,NCHDLb,P,-0.013701,0.886
101362,126189,NCCMO,P,0.019501,0.743
101362,126189,NCHFP,P,-0.011962,0.762
101362,126189,NCBVY,P,-0.011355,0.898
101362,126189,NCCADa,S,-0.032261,0.81
101362,126189,NCJST,S,-0.003109,0.83
101362,126189,NCJCB,S,-0.021677,0.82
101362,126189,NCCML,S,0.028038,0.92
101362,126189,NCCAL,S,0.031469,0.75
101362,126189,NCCMM,S,0.01141,0.92
101362,126189,NCJSS,S,0.0002419999999999998,0.95
101362,126189,NCHGS,S,-0.025402,0.81
101362,126189,NCJEC,S,-0.010428,0.82
101362,126189,NCJLX,S,0.010509,0.81
101362,126189,NCHGW,S,-0.021856,0.72
101362,126189,NCCDV,S,0.02761,0.91
101362,126189,NCCMP,S,-0.007241,0.97
101362,126189,NCCMR,S,0.018206,0.79
101362,126189,NCJBC,S,0.018042,0.81
101362,126189,NCHPR,S,-0.021003,0.78
101362,126189,NCCVA,S,0.031844,0.95
101362,126189,NCCMN,S,0.024332,0.83
101362,126189,NCHCB,S,-0.014161,0.84
101362,126189,NCCST,S,0.010062,0.76
101362,126189,NCJSM,S,0.008131,0.76
101362,126189,NCHAZ,S,-0.020665,0.76
101362,126189,NCHFH,S,-0.019926,0.78
101362,126292,NCCCOa,P,0.008702999999999999,0.972
101362,126292,NCCSC,P,0.0077540000000000005,0.969
101362,126292,NCCMH,P,0.006983,0.939
101362,126292,NCCAO,P,0.007972000000000003,0.835
101362,126292,NCCADa,P,0.009544,0.989
101362,126292,NCJST,P,0.008090999999999997,0.97
101362,126292,NCJCB,P,0.008917999999999999,0.979
101362,126292,NCCML,P,0.007373000000000001,0.983
101362,126292,NCCAL,P,0.008282000000000001,0.983
101362,126292,NCJAL,P,0.011219000000000003,0.873
101362,126292,NCHSP,P,0.003098,0.831
101362,126292,NCCMM,P,0.007979999999999998,0.942
101362,126292,NCJRR,P,0.009240000000000002,0.962
101362,126292,NCJSS,P,0.008324000000000002,0.838
101362,126292,NCJEC,P,0.009447,0.935
101362,126292,NCHGW,P,0.010073000000000002,0.996
101362,126292,NCCDV,P,0.007143,0.986
101362,126292,NCCMJ,P,0.007487999999999998,0.93
101362,126292,NCJBZ,P,-9.10000000000008e-05,0.911
101362,126292,NCCMR,P,-0.008221,0.968
101362,126292,NCJBC,P,0.011960000000000002,0.771
101362,126292,NCHPR,P,0.006043999999999997,0.847
101362,126292,NCCVA,P,0.008289000000000001,0.949
101362,126292,NCJRG,P,0.005579999999999998,0.709
101362,126292,NCJSC,P,0.00033199999999999896,0.746
101362,126292,NCHFE,P,0.009325000000000003,0.843
101362,126292,NCCST,P,0.006082000000000001,0.916
101362,126292,NCJBM,P,0.007608,0.929
101362,126292,NCHAZ,P,0.008680000000000004,0.873
101362,126292,NCJPPa,P,0.007445999999999998,0.898
101362,126292,NCHDLb,P,0.007328999999999999,0.947
101362,126292,NCCLC,P,0.008410999999999998,0.816
101362,126292,NCHFP,P,0.009536,0.982
101362,126292,NCBVY,P,0.010921000000000004,0.927
101362,126292,NCCCOa,S,0.008673999999999998,0.98
101362,126292,NCCSC,S,0.007944000000000003,0.97
101362,126292,NCCMH,S,0.007430000000000003,0.98
101362,126292,NCCAO,S,0.0069780000000000016,0.88
101362,126292,NCCADa,S,0.009797999999999998,0.98
101362,126292,NCJST,S,0.007521000000000003,0.98
101362,126292,NCJCB,S,0.009148,0.99
101362,126292,NCCML,S,0.007145000000000002,0.98
101362,126292,NCCAL,S,0.008265999999999999,0.99
101362,126292,NCJAL,S,0.010469000000000003,0.96
101362,126292,NCHSP,S,0.0036050000000000006,0.9
101362,126292,NCCMM,S,0.007659000000000003,0.98
101362,126292,NCJRR,S,0.008882999999999999,0.97
101362,126292,NCJSS,S,0.007867000000000002,0.89
101362,126292,NCHGS,S,0.009718000000000001,0.97
101362,126292,NCJEC,S,0.009886000000000002,0.94
101362,126292,NCHGW,S,0.010845999999999998,0.99
101362,126292,NCCDV,S,0.006897999999999998,0.98
101362,126292,NCCMJ,S,0.007226,0.98
101362,126292,NCCMP,S,0.007882000000000004,0.99
101362,126292,NCJBZ,S,-0.0008969999999999985,0.72
101362,126292,NCCMR,S,-0.006942,0.95
101362,126292,NCJBC,S,0.017646,0.87
101362,126292,NCHPR,S,0.007993000000000004,0.88
101362,126292,NCCVA,S,0.007881000000000003,0.97
101362,126292,NCJPL,S,0.0009100000000000011,0.8
101362,126292,NCJRG,S,0.008152000000000003,0.75
101362,126292,NCHFE,S,0.009388999999999998,0.94
101362,126292,NCCST,S,0.0037250000000000026,0.88
101362,126292,NCHAZ,S,0.00876,0.85
101362,126292,NCJUC,S,0.008723999999999999,0.89
101362,126292,NCHFH,S,0.0074150000000000015,0.76
101362,126292,NCJPPa,S,0.007251999999999998,0.73
101362,126292,NCHDLb,S,0.008415000000000002,0.91
101362,126292,NCCLC,S,0.008276000000000002,0.71
101362,126292,NCHFP,S,0.010245,0.97
101362,126292,NCBVY,S,0.012127000000000002,0.89
101362,126389,NCCSC,P,0.00937,0.913
101362,126389,NCCMH,P,0.00852,0.86
101362,126389,NCCADa,P,0.018186,0.809
101362,126389,NCJST,P,0.011336,0.808
101362,126389,NCJCB,P,0.018346,0.732
101362,126389,NCCML,P,0.015381,0.919
101362,126389,NCCAL,P,0.014493,0.786
101362,126389,NCHSP,P,0.011595000000000001,0.769
101362,126389,NCCMM,P,0.018234,0.862
101362,126389,NCJRR,P,0.018752,0.704
101362,126389,NCHGS,P,0.017994,0.919
101362,126389,NCJEC,P,0.015863,0.801
101362,126389,NCJLX,P,0.017811,0.724
101362,126389,NCHGW,P,0.019583,0.942
101362,126389,NCCDV,P,0.017068,0.95
101362,126389,NCCMJ,P,0.016019,0.778
101362,126389,NCCMR,P,0.002694,0.916
101362,126389,NCJTG,P,0.015830999999999998,0.781
101362,126389,NCJBC,P,0.019275,0.725
101362,126389,NCHPR,P,0.013940000000000001,0.82
101362,126389,NCCVA,P,0.017221,0.873
101362,126389,NCCMN,P,0.017996,0.919
101362,126389,NCHCB,P,0.019568000000000002,0.755
101362,126389,NCJSC,P,0.008751,0.809
101362,126389,NCHFE,P,0.016964,0.799
101362,126389,NCCST,P,0.017374,0.922
101362,126389,NCHPL,P,0.019677,0.895
101362,126389,NCJBM,P,0.016471,0.799
101362,126389,NCHOR,P,0.021268,0.705
101362,126389,NCHCOb,P,0.019657,0.772
101362,126389,NCHAZ,P,0.018309,0.805
101362,126389,NCJSFa,P,0.017176,0.744
101362,126389,NCHFH,P,0.021131,0.872
101362,126389,NCJPPa,P,0.017185,0.856
101362,126389,NCHDLb,P,0.01819,0.914
101362,126389,NCCMO,P,0.021473,0.776
101362,126389,NCCLC,P,0.019058000000000002,0.775
101362,126389,NCHFP,P,0.021771,0.8
101362,126389,NCBVY,P,0.022037,0.865
101362,126389,NCCMH,S,0.015568,0.73
101362,126389,NCCAO,S,0.017962,0.77
101362,126389,NCCADa,S,0.017587000000000002,0.78
101362,126389,NCJST,S,0.011285,0.88
101362,126389,NCJCB,S,0.016276,0.84
101362,126389,NCCML,S,0.018307,0.94
101362,126389,NCCAL,S,0.013868,0.8
101362,126389,NCJAL,S,0.015339,0.82
101362,126389,NCHSP,S,0.013268,0.74
101362,126389,NCCMM,S,0.024206000000000002,0.9
101362,126389,NCJSS,S,0.015976999999999998,0.9
101362,126389,NCHGS,S,0.020038,0.88
101362,126389,NCJEC,S,0.014066,0.8
101362,126389,NCCDV,S,0.018782,0.93
101362,126389,NCCMJ,S,0.019405000000000002,0.86
101362,126389,NCCMP,S,0.027063,0.97
101362,126389,NCCMR,S,0.011595000000000001,0.87
101362,126389,NCJBC,S,0.028799,0.81
101362,126389,NCCOS,S,0.028560000000000002,0.85
101362,126389,NCHPR,S,0.019836,0.8
101362,126389,NCCVA,S,0.020124,0.94
101362,126389,NCCMN,S,0.02101,0.89
101362,126389,NCHCB,S,0.029332,0.85
101362,126389,NCCST,S,0.028281,0.78
101362,126389,NCHCOb,S,0.038987999999999995,0.71
101362,126389,NCJSM,S,0.028616,0.73
101362,126389,NCJUC,S,0.030464,0.76
101362,126389,NCHFH,S,0.037703999999999994,0.88
101362,126389,NCHDLb,S,0.031896,0.71
101362,126389,NCHFP,S,0.034282,0.72
101362,126389,NCBVY,S,0.038147,0.81
101362,148939,NCCSC,P,0.042186,0.939
101362,148939,NCCMH,P,0.040511,0.96
101362,148939,NCCAO,P,0.039176,0.832
101362,148939,NCCADa,P,0.055689999999999996,0.922
101362,148939,NCJST,P,0.040454000000000004,0.944
101362,148939,NCJCB,P,0.033138,0.838
101362,148939,NCCML,P,0.053287,0.966
101362,148939,NCCAL,P,0.043997999999999995,0.906
101362,148939,NCJAL,P,0.058356,0.859
101362,148939,NCHSP,P,0.050308,0.885
101362,148939,NCCMM,P,0.052419,0.874
101362,148939,NCJRR,P,0.037911,0.927
101362,148939,NCJSS,P,0.04192,0.873
101362,148939,NCHGS,P,0.040978,0.938
101362,148939,NCJEC,P,0.030383,0.86
101362,148939,NCJLX,P,0.039149,0.917
101362,148939,NCHGW,P,0.058997,0.99
101362,148939,NCCDV,P,0.046338,0.969
101362,148939,NCCMJ,P,0.043681,0.913
101362,148939,NCCMP,P,0.044379,0.86
101362,148939,NCJBZ,P,0.037926,0.904
101362,148939,NCCMR,P,0.038193,0.98
101362,148939,NCJTG,P,0.043299,0.816
101362,148939,NCHPR,P,0.036323999999999995,0.787
101362,148939,NCCMN,P,0.040263999999999994,0.939
101362,148939,NCJRG,P,0.038473999999999994,0.71
101362,148939,NCJSC,P,0.0532,0.866
101362,148939,NCHFE,P,0.046937,0.906
101362,148939,NCCST,P,0.053093,0.9
101362,148939,NCHPL,P,0.039611,0.892
101362,148939,NCJBM,P,0.038208,0.943
101362,148939,NCJSM,P,0.038936,0.76
101362,148939,NCHAZ,P,0.040834999999999996,0.793
101362,148939,NCJSFa,P,0.034135,0.726
101362,148939,NCCCY,P,0.057553,0.922
101362,148939,NCHFH,P,0.053336,0.748
101362,148939,NCJPPa,P,0.034415,0.806
101362,148939,NCHDLb,P,0.037634,0.938
101362,148939,NCHFP,P,0.047358,0.881
101362,148939,NCBVY,P,0.048098,0.894
101362,148939,NCCCOa,S,0.036853,0.79
101362,148939,NCCSC,S,0.042606,0.93
101362,148939,NCCMH,S,0.041290999999999994,0.97
101362,148939,NCCAO,S,0.0377,0.87
101362,148939,NCCADa,S,0.053841,0.89
101362,148939,NCJST,S,0.043477,0.93
101362,148939,NCJCB,S,0.03209,0.95
101362,148939,NCCML,S,0.054442,0.96
101362,148939,NCCAL,S,0.046981999999999996,0.96
101362,148939,NCJAL,S,0.05452,0.89
101362,148939,NCHSP,S,0.049074,0.89
101362,148939,NCCMM,S,0.052538,0.96
101362,148939,NCJRR,S,0.037503999999999996,0.89
101362,148939,NCJSS,S,0.037855,0.96
101362,148939,NCHGS,S,0.041439000000000004,0.95
101362,148939,NCJEC,S,0.026936999999999996,0.84
101362,148939,NCJLX,S,0.034906999999999994,0.86
101362,148939,NCHGW,S,0.058572,0.97
101362,148939,NCCDV,S,0.047285,0.98
101362,148939,NCCMJ,S,0.045492,0.93
101362,148939,NCCMP,S,0.043891,0.96
101362,148939,NCJBZ,S,0.036808,0.78
101362,148939,NCCMR,S,0.040688,0.97
101362,148939,NCCOS,S,0.041278999999999996,0.93
101362,148939,NCHPR,S,0.033821000000000004,0.87
101362,148939,NCJPL,S,0.033548999999999995,0.74
101362,148939,NCCMN,S,0.040723999999999996,0.93
101362,148939,NCJRG,S,0.036556,0.82
101362,148939,NCJSC,S,0.053147,0.74
101362,148939,NCHFE,S,0.047196,0.89
101362,148939,NCCST,S,0.048473,0.8
101362,148939,NCHPL,S,0.039995,0.79
101362,148939,NCJBM,S,0.037246,0.77
101362,148939,NCJSM,S,0.038548,0.78
101362,148939,NCHAZ,S,0.040719,0.8
101362,148939,NCJUC,S,0.037252,0.75
101362,148939,NCCPL,S,0.053932,0.83
101362,148939,NCCCY,S,0.058481,0.98
101362,148939,NCHDLb,S,0.043464,0.82
101362,148939,NCHFP,S,0.057269,0.91
101362,148939,NCBVY,S,0.057726,0.85
101362,160503,NCCSC,P,0.027077,0.705
101362,160503,NCCADa,P,0.021922,0.869
101362,160503,NCJCB,P,0.0017770000000000008,0.786
101362,160503,NCCML,P,0.049638,0.902
101362,160503,NCHGS,P,0.005575,0.79
101362,160503,NCJEC,P,-0.0022419999999999975,0.843
101362,160503,NCHGW,P,0.025666,0.912
101362,160503,NCCDV,P,0.044173000000000004,0.908
101362,160503,NCCMJ,P,0.042481000000000005,0.728
101362,160503,NCCMP,P,0.020713000000000002,0.829
101362,160503,NCHPR,P,0.007685000000000001,0.744
101362,160503,NCHFE,P,0.011161,0.753
101362,160503,NCCST,P,0.042929,0.799
101362,160503,NCHPL,P,0.009432,0.835
101362,160503,NCHAZ,P,0.009059000000000001,0.774
101362,160503,NCHDLb,P,0.006924,0.893
101362,160503,NCHFP,P,0.027083,0.75
101362,160503,NCBVY,P,0.027011,0.828
101362,160503,NCCADa,S,0.005320999999999999,0.78
101362,160503,NCJST,S,0.02008,0.87
101362,160503,NCJCB,S,-0.008383000000000002,0.86
101362,160503,NCCML,S,0.059252,0.89
101362,160503,NCCAL,S,0.055467,0.74
101362,160503,NCJAL,S,0.030828,0.86
101362,160503,NCHSP,S,6.800000000000209e-05,0.81
101362,160503,NCCMM,S,0.046703,0.9
101362,160503,NCJSS,S,0.02007,0.95
101362,160503,NCHGS,S,-0.003575000000000002,0.77
101362,160503,NCJEC,S,-0.0025569999999999968,0.76
101362,160503,NCJLX,S,0.022391,0.75
101362,160503,NCHGW,S,0.01604,0.76
101362,160503,NCCDV,S,0.051665,0.87
101362,160503,NCCMP,S,0.020082000000000003,0.98
101362,160503,NCCOS,S,0.049364000000000005,0.86
101362,160503,NCCVA,S,0.061738,0.89
101362,160503,NCHPR,S,0.006509000000000001,0.82
101362,160503,NCHPL,S,0.010926000000000002,0.71
101362,160503,NCHAZ,S,0.009105000000000002,0.71
101362,160503,NCJUC,S,0.029558,0.79
101362,160503,NCCCY,S,0.07907800000000001,0.78
101362,160503,NCHFH,S,0.024992,0.77
101362,160503,NCBVY,S,0.021097,0.72
101362,215747,NCCCOa,P,0.019469,0.869
101362,215747,NCCSC,P,0.027664,0.845
101362,215747,NCCMH,P,0.026628,0.911
101362,215747,NCCADa,P,0.03777,0.963
101362,215747,NCJST,P,0.024105,0.871
101362,215747,NCJCB,P,0.018442,0.907
101362,215747,NCCML,P,0.038747000000000004,0.986
101362,215747,NCCAL,P,0.028887,0.975
101362,215747,NCJAL,P,0.037175,0.792
101362,215747,NCHSP,P,0.032625,0.85
101362,215747,NCJRR,P,0.021366,0.917
101362,215747,NCHGS,P,0.023637,0.922
101362,215747,NCJEC,P,0.013057,0.87
101362,215747,NCJLX,P,0.023017,0.836
101362,215747,NCHGW,P,0.043326,0.961
101362,215747,NCCDV,P,0.017995,0.97
101362,215747,NCCMJ,P,0.029481,0.935
101362,215747,NCCMP,P,0.029355,0.931
101362,215747,NCJBZ,P,0.02085,0.943
101362,215747,NCCMR,P,0.029586,0.979
101362,215747,NCJTG,P,0.029078,0.88
101362,215747,NCJBC,P,0.012666,0.74
101362,215747,NCCMN,P,0.023662,0.889
101362,215747,NCJRG,P,0.024299,0.792
101362,215747,NCHCB,P,0.022043,0.704
101362,215747,NCJSC,P,0.02992,0.842
101362,215747,NCHFE,P,0.029256,0.928
101362,215747,NCCST,P,0.038551,0.96
101362,215747,NCHPL,P,0.023453,0.872
101362,215747,NCJBM,P,0.021256999999999998,0.927
101362,215747,NCHOR,P,0.027743,0.849
101362,215747,NCJSM,P,0.020444,0.709
101362,215747,NCHAZ,P,0.022687,0.745
101362,215747,NCJSFa,P,0.020326999999999998,0.844
101362,215747,NCCPL,P,0.039845,0.717
101362,215747,NCCCY,P,0.041449,0.941
101362,215747,NCJBLb,P,0.0199,0.881
101362,215747,NCJPPa,P,0.020475,0.927
101362,215747,NCHDLb,P,0.020208,0.98
101362,215747,NCHJG,P,0.021746,0.792
101362,215747,NCCLC,P,0.022371,0.814
101362,215747,NCHFP,P,0.031483,0.936
101362,215747,NCBVY,P,0.031576,0.917
101362,215747,NCCCOa,S,0.019276,0.92
101362,215747,NCCMH,S,0.026657,0.95
101362,215747,NCCADa,S,0.036197,0.94
101362,215747,NCJST,S,0.027444,0.91
101362,215747,NCJCB,S,0.018347,0.97
101362,215747,NCCML,S,0.039404,0.97
101362,215747,NCCAL,S,0.030621,0.98
101362,215747,NCJAL,S,0.037038,0.94
101362,215747,NCHSP,S,0.031838,0.94
101362,215747,NCJRR,S,0.021178,0.94
101362,215747,NCHGS,S,0.024063,0.95
101362,215747,NCJEC,S,0.015482,0.82
101362,215747,NCJLX,S,0.021152999999999998,0.95
101362,215747,NCHGW,S,0.042647000000000004,0.96
101362,215747,NCCDV,S,0.019197,0.99
101362,215747,NCCMJ,S,0.030708,0.93
101362,215747,NCCMP,S,0.028971,0.99
101362,215747,NCJBZ,S,0.020481,0.85
101362,215747,NCCMR,S,0.031006,0.93
101362,215747,NCJTG,S,0.028875,0.8
101362,215747,NCJBC,S,0.017151,0.73
101362,215747,NCCMN,S,0.024712,0.89
101362,215747,NCJRG,S,0.024028,0.79
101362,215747,NCHCB,S,0.019181,0.84
101362,215747,NCHFE,S,0.029906000000000002,0.85
101362,215747,NCCST,S,0.035636,0.84
101362,215747,NCHPL,S,0.024753,0.78
101362,215747,NCHOR,S,0.028121,0.9
101362,215747,NCJSM,S,0.022612,0.74
101362,215747,NCHAZ,S,0.023075,0.82
101362,215747,NCJUC,S,0.023753,0.79
101362,215747,NCCPL,S,0.039817,0.84
101362,215747,NCCCY,S,0.042092000000000004,0.98
101362,215747,NCJPPa,S,0.018424,0.87
101362,215747,NCCLC,S,0.024938,0.75
101362,215747,NCBVY,S,0.032291,0.86
101362,238704,NCCSC,P,0.015016,0.724
101362,238704,NCCADa,P,0.0038049999999999994,0.852
101362,238704,NCJCB,P,-0.012122,0.793
101362,238704,NCCML,P,0.034538,0.919
101362,238704,NCCAL,P,0.027687999999999997,0.717
101362,238704,NCJRR,P,-0.008496,0.81
101362,238704,NCHGS,P,-0.010041,0.807
101362,238704,NCJEC,P,-0.016752,0.81
101362,238704,NCHGW,P,0.008759000000000001,0.948
101362,238704,NCCDV,P,0.014922,0.906
101362,238704,NCCMJ,P,0.029019999999999997,0.819
101362,238704,NCJBZ,P,-0.005776,0.799
101362,238704,NCCMR,P,0.025951999999999996,0.876
101362,238704,NCJTG,P,0.0033410000000000002,0.752
101362,238704,NCJPL,P,-0.0020440000000000007,0.725
101362,238704,NCCMN,P,0.021421999999999997,0.844
101362,238704,NCJSC,P,0.023468999999999997,0.727
101362,238704,NCCST,P,0.028226,0.883
101362,238704,NCHPL,P,-0.007262,0.843
101362,238704,NCJBM,P,0.014747999999999999,0.803
101362,238704,NCHAZ,P,-0.009157,0.729
101362,238704,NCCCY,P,0.040963,0.778
101362,238704,NCJBLb,P,0.010458,0.871
101362,238704,NCJPPa,P,0.011759,0.839
101362,238704,NCHSFb,P,-0.008137,0.898
101362,238704,NCHJG,P,-0.010960000000000001,0.73
101362,238704,NCCLC,P,0.019126999999999998,0.727
101362,238704,NCBVY,P,-0.0007670000000000003,0.829
101362,238704,NCCADa,S,-0.016002000000000002,0.8
101362,238704,NCJST,S,0.004423999999999999,0.77
101362,238704,NCJCB,S,-0.023577,0.82
101362,238704,NCCML,S,0.049852,0.92
101362,238704,NCCAL,S,0.042051,0.83
101362,238704,NCJAL,S,0.017026,0.84
101362,238704,NCJSS,S,0.008765,0.85
101362,238704,NCHGS,S,-0.019053,0.76
101362,238704,NCJEC,S,-0.016318,0.83
101362,238704,NCJLX,S,0.014864,0.73
101362,238704,NCCDV,S,0.027819999999999998,0.9
101362,238704,NCCMP,S,0.0027530000000000002,0.96
101362,238704,NCCMR,S,0.046099,0.81
101362,238704,NCJBC,S,0.014795,0.72
101362,238704,NCCOS,S,0.022125,0.85
101362,238704,NCCMN,S,0.030166,0.79
101362,238704,NCCCY,S,0.05725,0.86
101362,238704,NCHSFb,S,-0.015181,0.75
101362,238790,NCCSC,P,0.021844,0.85
101362,238790,NCCMH,P,0.023402999999999997,0.834
101362,238790,NCCADa,P,0.024242000000000003,0.889
101362,238790,NCJST,P,0.013617,0.78
101362,238790,NCJCB,P,0.004379000000000001,0.799
101362,238790,NCCML,P,0.036125000000000004,0.953
101362,238790,NCCAL,P,0.024906,0.844
101362,238790,NCJAL,P,0.030160999999999997,0.733
101362,238790,NCHSP,P,0.017914999999999997,0.774
101362,238790,NCJRR,P,0.008892,0.866
101362,238790,NCJSS,P,0.019695,0.79
101362,238790,NCHGS,P,0.008591999999999999,0.862
101362,238790,NCJEC,P,0.0005900000000000002,0.914
101362,238790,NCJLX,P,0.017149,0.769
101362,238790,NCHGW,P,0.028487000000000002,0.962
101362,238790,NCCDV,P,0.014875000000000003,0.936
101362,238790,NCCMJ,P,0.026907999999999998,0.879
101362,238790,NCJBZ,P,0.011835000000000002,0.936
101362,238790,NCCMR,P,0.025559000000000002,0.892
101362,238790,NCJTG,P,0.019991,0.864
101362,238790,NCJBC,P,0.011938,0.774
101362,238790,NCJSC,P,0.027631,0.813
101362,238790,NCCST,P,0.031520000000000006,0.935
101362,238790,NCHPL,P,0.010650999999999997,0.9
101362,238790,NCJBM,P,0.018677999999999997,0.924
101362,238790,NCHOR,P,0.011761999999999998,0.758
101362,238790,NCHAZ,P,0.009823000000000002,0.866
101362,238790,NCCCY,P,0.03855,0.901
101362,238790,NCJPPa,P,0.016361999999999998,0.803
101362,238790,NCHJG,P,0.008194999999999997,0.782
101362,238790,NCCLC,P,0.018897,0.841
101362,238790,NCHFP,P,0.017503,0.898
101362,238790,NCBVY,P,0.018544,0.913
101362,238790,NCCCOa,S,0.0007349999999999995,0.81
101362,238790,NCCSC,S,0.021082,0.81
101362,238790,NCCMH,S,0.024425,0.83
101362,238790,NCCADa,S,0.015875999999999998,0.85
101362,238790,NCJST,S,0.017154,0.85
101362,238790,NCJCB,S,0.002190000000000001,0.93
101362,238790,NCCML,S,0.040245,0.98
101362,238790,NCCAL,S,0.031769000000000006,0.93
101362,238790,NCJAL,S,0.031267,0.94
101362,238790,NCHSP,S,0.010016,0.89
101362,238790,NCJRR,S,0.008720000000000002,0.79
101362,238790,NCJSS,S,0.020427999999999998,0.97
101362,238790,NCHGS,S,0.004031,0.88
101362,238790,NCJEC,S,0.0022070000000000006,0.89
101362,238790,NCJLX,S,0.017453,0.85
101362,238790,NCHGW,S,0.025591,0.91
101362,238790,NCCDV,S,0.018856,0.97
101362,238790,NCCMJ,S,0.030528999999999997,0.85
101362,238790,NCCMP,S,0.016124999999999997,0.96
101362,238790,NCJBZ,S,0.011077,0.82
101362,238790,NCCMR,S,0.032880000000000006,0.92
101362,238790,NCJTG,S,0.022180000000000002,0.79
101362,238790,NCJBC,S,0.017599,0.76
101362,238790,NCCOS,S,0.021759999999999998,0.9
101362,238790,NCJPL,S,0.009325999999999997,0.73
101362,238790,NCJRG,S,0.014927,0.75
101362,238790,NCCST,S,0.0301,0.84
101362,238790,NCHPL,S,0.007626999999999998,0.81
101362,238790,NCJSM,S,0.018972,0.75
101362,238790,NCHAZ,S,0.004536999999999999,0.77
101362,238790,NCJUC,S,0.016163,0.83
101362,238790,NCCPL,S,0.03690499999999999,0.72
101362,238790,NCCCY,S,0.043491,0.93
101362,238790,NCBVY,S,0.015922000000000002,0.88
101362,30062741,NCCADa,P,0.012780999999999987,0.713
101362,30062741,NCJCB,P,-0.00986200000000001,0.856
101362,30062741,NCCML,P,0.037022,0.924
101362,30062741,NCJRR,P,-0.00683700000000001,0.78
101362,30062741,NCHGS,P,-0.009492,0.836
101362,30062741,NCJEC,P,-0.01561499999999999,0.832
101362,30062741,NCCDV,P,0.017841999999999997,0.929
101362,30062741,NCCMJ,P,0.029295,0.818
101362,30062741,NCCMP,P,0.006668000000000007,0.816
101362,30062741,NCJBZ,P,-0.007501000000000008,0.825
101362,30062741,NCJTG,P,0.0037679999999999936,0.731
101362,30062741,NCHCB,P,-0.0019580000000000153,0.804
101362,30062741,NCJSC,P,0.03208,0.733
101362,30062741,NCHFE,P,-0.004020999999999997,0.767
101362,30062741,NCCST,P,0.028629,0.85
101362,30062741,NCHPL,P,-0.006707999999999992,0.875
101362,30062741,NCJBM,P,0.01647599999999999,0.727
101362,30062741,NCHAZ,P,-0.006119000000000013,0.756
101362,30062741,NCCCY,P,0.04085899999999999,0.713
101362,30062741,NCHDLb,P,-0.009223000000000009,0.899
101362,30062741,NCHJG,P,-0.007938,0.736
101362,30062741,NCHFP,P,0.0021079999999999988,0.791
101362,30062741,NCBVY,P,0.0006400000000000017,0.834
101362,30062741,NCCAO,S,0.0012689999999999924,0.72
101362,30062741,NCJST,S,0.0005300000000000027,0.83
101362,30062741,NCJCB,S,-0.016669000000000017,0.79
101362,30062741,NCCML,S,0.047946,0.91
101362,30062741,NCCAL,S,0.039029999999999995,0.8
101362,30062741,NCJAL,S,0.017943999999999988,0.85
101362,30062741,NCHSP,S,-0.015794000000000002,0.71
101362,30062741,NCJSS,S,0.009403999999999996,0.92
101362,30062741,NCHGS,S,-0.017735,0.77
101362,30062741,NCJEC,S,-0.010882000000000003,0.8
101362,30062741,NCCDV,S,0.02631,0.88
101362,30062741,NCCMP,S,0.007891000000000009,0.97
101362,30062741,NCCOS,S,0.023795999999999984,0.84
101362,30062741,NCHCB,S,-0.008934999999999998,0.86
101362,30062741,NCHPL,S,-0.013372999999999996,0.73
101362,30062741,NCCCY,S,0.05542699999999999,0.79
101362,30062741,NCBVY,S,-0.003734000000000015,0.74
101362,30069222,NCCMH,P,0.012859999999999996,0.801
101362,30069222,NCJST,P,0.009944000000000001,0.857
101362,30069222,NCJCB,P,0.017835999999999998,0.793
101362,30069222,NCCML,P,0.032490000000000005,0.949
101362,30069222,NCCAL,P,0.019266,0.893
101362,30069222,NCHSP,P,0.032169,0.741
101362,30069222,NCJRR,P,0.01996,0.709
101362,30069222,NCHGS,P,0.026251999999999998,0.848
101362,30069222,NCJEC,P,0.009066999999999999,0.82
101362,30069222,NCHGW,P,0.043254,0.894
101362,30069222,NCCDV,P,0.012318999999999997,0.935
101362,30069222,NCCMJ,P,0.022521,0.748
101362,30069222,NCJBZ,P,0.016923,0.813
101362,30069222,NCCMR,P,0.027046,0.9
101362,30069222,NCCVA,P,0.017741,0.828
101362,30069222,NCCMN,P,0.018257999999999996,0.755
101362,30069222,NCHFE,P,0.029330000000000002,0.784
101362,30069222,NCCST,P,0.035234,0.828
101362,30069222,NCHPL,P,0.027305999999999997,0.833
101362,30069222,NCJBM,P,0.018718,0.867
101362,30069222,NCHOR,P,0.02839,0.744
101362,30069222,NCCCY,P,0.035723000000000005,0.731
101362,30069222,NCHDLb,P,0.020451999999999998,0.889
101362,30069222,NCCLC,P,0.017537999999999998,0.78
101362,30069222,NCHFP,P,0.035557000000000005,0.778
101362,30069222,NCBVY,P,0.032135,0.841
101362,30069222,NCCMH,S,0.021185999999999997,0.78
101362,30069222,NCCAO,S,0.022947000000000002,0.81
101362,30069222,NCJST,S,0.011457000000000002,0.86
101362,30069222,NCJCB,S,0.015446000000000001,0.85
101362,30069222,NCCML,S,0.035856,0.94
101362,30069222,NCCAL,S,0.016574,0.9
101362,30069222,NCJAL,S,0.029502,0.81
101362,30069222,NCHSP,S,0.035414,0.77
101362,30069222,NCJSS,S,0.02108,0.87
101362,30069222,NCHGS,S,0.027103000000000002,0.83
101362,30069222,NCJEC,S,0.008389,0.79
101362,30069222,NCCDV,S,0.014449999999999998,0.89
101362,30069222,NCCMJ,S,0.023533,0.82
101362,30069222,NCCMR,S,0.032598,0.88
101362,30069222,NCCOS,S,0.032716999999999996,0.84
101362,30069222,NCCVA,S,0.021289000000000002,0.95
101362,30069222,NCCMN,S,0.023368,0.81
101362,30069222,NCHCB,S,0.027638999999999997,0.72
101362,30069222,NCCST,S,0.039058999999999996,0.73
101362,30069222,NCJBM,S,0.021091,0.77
101362,30069222,NCCCY,S,0.03504499999999999,0.84
101362,30069222,NCBVY,S,0.03779299999999999,0.77
101362,30092060,NCCCOa,P,0.007353999999999999,0.769
101362,30092060,NCCMH,P,0.018326999999999996,0.919
101362,30092060,NCCAO,P,0.011584999999999984,0.873
101362,30092060,NCCADa,P,0.031498999999999985,0.786
101362,30092060,NCJST,P,0.011000999999999983,0.942
101362,30092060,NCJCB,P,0.006481999999999988,0.831
101362,30092060,NCCML,P,0.02960099999999999,0.99
101362,30092060,NCCAL,P,0.017269999999999994,0.929
101362,30092060,NCJAL,P,0.02715899999999999,0.743
101362,30092060,NCHSP,P,0.02006799999999999,0.923
101362,30092060,NCJRR,P,0.009810999999999986,0.937
101362,30092060,NCJSS,P,0.01762799999999999,0.826
101362,30092060,NCJEC,P,0.0025159999999999905,0.854
101362,30092060,NCJLX,P,0.013427999999999995,0.811
101362,30092060,NCHGW,P,0.029926999999999995,0.96
101362,30092060,NCCDV,P,0.008095999999999992,0.959
101362,30092060,NCCMJ,P,0.018968999999999986,0.914
101362,30092060,NCCMP,P,0.018387999999999988,0.737
101362,30092060,NCJBC,P,0.008218000000000003,0.724
101362,30092060,NCHFE,P,0.017081999999999986,0.868
101362,30092060,NCCST,P,0.026067999999999994,0.899
101362,30092060,NCJBM,P,0.012622999999999995,0.826
101362,30092060,NCCCY,P,0.030636999999999984,0.94
101362,30092060,NCJPPa,P,0.019326999999999983,0.732
101362,30092060,NCHDLb,P,0.006865999999999983,0.906
101362,30092060,NCHJG,P,0.008144999999999986,0.764
101362,30092060,NCHFP,P,0.01888899999999999,0.934
101362,30092060,NCBVY,P,0.018919999999999992,0.885
101362,30092060,NCCCOa,S,0.0071139999999999814,0.83
101362,30092060,NCCMH,S,0.019060999999999995,0.95
101362,30092060,NCCAO,S,0.010993000000000003,0.9
101362,30092060,NCCADa,S,0.02850799999999999,0.79
101362,30092060,NCJST,S,0.013053999999999982,0.91
101362,30092060,NCJCB,S,0.007654999999999995,0.98
101362,30092060,NCCML,S,0.031867999999999994,0.98
101362,30092060,NCCAL,S,0.01956899999999999,0.97
101362,30092060,NCJAL,S,0.027154999999999985,0.9
101362,30092060,NCHSP,S,0.017426999999999984,0.93
101362,30092060,NCJRR,S,0.009614999999999985,0.91
101362,30092060,NCJSS,S,0.017355999999999983,0.96
101362,30092060,NCJEC,S,0.002669999999999978,0.86
101362,30092060,NCJLX,S,0.01316299999999998,0.9
101362,30092060,NCHGW,S,0.02875599999999999,0.93
101362,30092060,NCCDV,S,0.009975999999999985,0.98
101362,30092060,NCCMJ,S,0.02106699999999999,0.94
101362,30092060,NCCOS,S,0.013651999999999997,0.87
101362,30092060,NCCVA,S,0.01973799999999999,0.97
101362,30092060,NCJRG,S,0.011631000000000002,0.77
101362,30092060,NCHFE,S,0.017166999999999988,0.75
101362,30092060,NCCST,S,0.025182999999999983,0.8
101362,30092060,NCCCY,S,0.03300099999999999,0.96
101362,30092060,NCHDLb,S,0.007686999999999999,0.87
101362,30092060,NCHFP,S,0.018220999999999987,0.91
101362,30092060,NCBVY,S,0.01744799999999999,0.84
101362,389286,NCCCOa,P,0.007025,0.775
101362,389286,NCCMH,P,0.009036000000000002,0.971
101362,389286,NCCAO,P,0.009946,0.899
101362,389286,NCJST,P,0.011725,0.951
101362,389286,NCJCB,P,0.006312000000000002,0.832
101362,389286,NCJAL,P,0.027522,0.816
101362,389286,NCHSP,P,0.020351,0.947
101362,389286,NCJRR,P,0.010441000000000002,0.938
101362,389286,NCJSS,P,0.012682000000000002,0.818
101362,389286,NCHGS,P,0.010832000000000001,0.95
101362,389286,NCJEC,P,0.0018759999999999992,0.919
101362,389286,NCJLX,P,0.010641000000000001,0.941
101362,389286,NCHGW,P,0.032155,0.963
101362,389286,NCCDV,P,0.0018680000000000016,0.973
101362,389286,NCCMJ,P,0.011884000000000002,0.922
101362,389286,NCCMR,P,0.013219999999999999,0.938
101362,389286,NCJTG,P,0.01602,0.843
101362,389286,NCCVA,P,0.010048000000000001,0.923
101362,389286,NCJSC,P,0.024216,0.73
101362,389286,NCHFE,P,0.019293,0.944
101362,389286,NCCST,P,0.021942000000000003,0.907
101362,389286,NCHPL,P,0.012726000000000001,0.897
101362,389286,NCJBM,P,0.008889000000000001,0.937
101362,389286,NCJSM,P,0.01006,0.709
101362,389286,NCHAZ,P,0.011280000000000002,0.843
101362,389286,NCJSFa,P,0.003197000000000002,0.712
101362,389286,NCCCY,P,0.023521,0.871
101362,389286,NCHDLb,P,0.007324000000000001,0.933
101362,389286,NCCLC,P,0.007064000000000001,0.741
101362,389286,NCHFP,P,0.01923,0.926
101362,389286,NCCCOa,S,0.007259999999999999,0.86
101362,389286,NCCMH,S,0.009488,0.98
101362,389286,NCCAO,S,0.009400000000000002,0.9
101362,389286,NCJST,S,0.013859,0.93
101362,389286,NCJCB,S,0.006099,0.93
101362,389286,NCJAL,S,0.026383,0.93
101362,389286,NCHSP,S,0.020402,0.97
101362,389286,NCJRR,S,0.010072000000000001,0.93
101362,389286,NCJSS,S,0.013263,0.95
101362,389286,NCHGS,S,0.011836,0.97
101362,389286,NCJEC,S,0.0027250000000000017,0.87
101362,389286,NCJLX,S,0.008246,0.96
101362,389286,NCHGW,S,0.031853,0.96
101362,389286,NCCDV,S,0.0015930000000000007,0.98
101362,389286,NCCMJ,S,0.012324000000000002,0.96
101362,389286,NCCMR,S,0.014504,0.95
101362,389286,NCJTG,S,0.015437000000000001,0.76
101362,389286,NCCOS,S,0.009731,0.87
101362,389286,NCCVA,S,0.015544,0.89
101362,389286,NCHCB,S,0.009922,0.87
101362,389286,NCHFE,S,0.019458000000000003,0.88
101362,389286,NCCST,S,0.0211,0.81
101362,389286,NCHPL,S,0.016725,0.78
101362,389286,NCJSM,S,0.011689000000000001,0.78
101362,389286,NCHAZ,S,0.014272,0.73
101362,389286,NCJUC,S,0.011029,0.86
101362,389286,NCCCY,S,0.022755,0.97
101362,389286,NCHDLb,S,0.008936,0.91
101362,389286,NCCLC,S,0.009659000000000001,0.78
101362,389286,NCHFP,S,0.019262,0.94
101362,478138,NCCADa,P,0.03285099999999999,0.721
101362,478138,NCCML,P,0.05925000000000001,0.954
101362,478138,NCCAL,P,0.049182000000000003,0.733
101362,478138,NCCDV,P,0.038801,0.902
101362,478138,NCCMJ,P,0.051397,0.849
101362,478138,NCCMR,P,0.04106900000000001,0.951
101362,478138,NCJTG,P,0.02609800000000001,0.741
101362,478138,NCJBC,P,0.030892000000000003,0.709
101362,478138,NCCVA,P,0.04992100000000001,0.883
101362,478138,NCHCB,P,0.020220000000000016,0.811
101362,478138,NCJSC,P,0.05823400000000001,0.751
101362,478138,NCHFE,P,0.023651000000000005,0.774
101362,478138,NCJBM,P,0.04071100000000001,0.87
101362,478138,NCJSFa,P,0.040199,0.733
101362,478138,NCCCY,P,0.064005,0.715
101362,478138,NCJST,S,0.030310000000000004,0.84
101362,478138,NCCML,S,0.073283,0.92
101362,478138,NCCAL,S,0.06117800000000001,0.84
101362,478138,NCJAL,S,0.04084900000000001,0.85
101362,478138,NCCDV,S,0.051113000000000006,0.92
101362,478138,NCCMR,S,0.056908,0.89
101362,478138,NCJBC,S,0.04225100000000001,0.75
101362,478138,NCCOS,S,0.044217000000000006,0.85
101362,478138,NCCVA,S,0.063096,0.94
101362,478138,NCHCB,S,0.011494000000000004,0.84
101362,478138,NCCCY,S,0.080025,0.87
101362,483500,NCCML,P,0.05182499999999998,0.71
101362,483500,NCCVA,P,0.08072799999999998,0.792
101362,483500,NCCMN,P,0.08160699999999999,0.818
101362,529274,NCCMH,P,0.030395999999999992,0.935
101362,529274,NCCAO,P,0.02649299999999999,0.718
101362,529274,NCCADa,P,0.041074,0.77
101362,529274,NCJST,P,0.026321999999999984,0.841
101362,529274,NCCML,P,0.042493,0.977
101362,529274,NCCAL,P,0.03189,0.945
101362,529274,NCJAL,P,0.041637999999999994,0.871
101362,529274,NCHSP,P,0.031262,0.904
101362,529274,NCJSS,P,0.030503000000000002,0.904
101362,529274,NCJEC,P,0.020486000000000004,0.951
101362,529274,NCCDV,P,0.021241999999999983,0.97
101362,529274,NCCMJ,P,0.031785999999999995,0.944
101362,529274,NCJBZ,P,0.028177999999999995,0.942
101362,529274,NCJBC,P,0.026047999999999988,0.726
101362,529274,NCCMN,P,0.027429999999999996,0.849
101362,529274,NCHCB,P,0.026943999999999996,0.817
101362,529274,NCJSC,P,0.044374,0.82
101362,529274,NCHFE,P,0.031729999999999994,0.929
101362,529274,NCCST,P,0.03794499999999999,0.95
101362,529274,NCJBM,P,0.02735499999999999,0.87
101362,529274,NCCCY,P,0.044028,0.85
101362,529274,NCJPPa,P,0.031637,0.777
101362,529274,NCCMH,S,0.030922999999999992,0.94
101362,529274,NCCAO,S,0.023000999999999994,0.78
101362,529274,NCCADa,S,0.0372,0.8
101362,529274,NCJST,S,0.030502,0.91
101362,529274,NCCML,S,0.04596,0.96
101362,529274,NCCAL,S,0.03678999999999999,0.94
101362,529274,NCJAL,S,0.04196699999999999,0.95
101362,529274,NCHSP,S,0.028177999999999995,0.93
101362,529274,NCJSS,S,0.03236,0.97
101362,529274,NCJEC,S,0.01911099999999999,0.94
101362,529274,NCJLX,S,0.02679100000000001,0.85
101362,529274,NCCDV,S,0.02374799999999999,0.96
101362,529274,NCCMJ,S,0.034272,0.92
101362,529274,NCJBZ,S,0.02793899999999999,0.84
101362,529274,NCJBC,S,0.032235,0.77
101362,529274,NCCVA,S,0.032272999999999996,0.95
101362,529274,NCJPL,S,0.025534,0.82
101362,529274,NCCMN,S,0.031550999999999996,0.88
101362,529274,NCHCB,S,0.022033999999999998,0.9
101362,529274,NCJSC,S,0.04624099999999999,0.73
101362,529274,NCHFE,S,0.03051899999999999,0.84
101362,529274,NCCCY,S,0.047166,0.96
101362,529274,NCJBG,S,0.02924299999999999,0.73
101659,103138,NCHPL,P,-0.13962000000000002,0.736
101659,114006,NCCML,P,-0.05078,0.926
101659,114006,NCJRR,P,0.023091,0.721
101659,114006,NCJEC,P,0.011165999999999999,0.801
101659,114006,NCHGW,P,0.029830000000000002,0.851
101659,114006,NCCDV,P,-0.050494,0.733
101659,114006,NCCMP,P,0.011715999999999999,0.773
101659,114006,NCCMJ,P,-0.059209000000000005,0.703
101659,114006,NCJBZ,P,0.002110999999999999,0.818
101659,114006,NCJTG,P,0.010358,0.85
101659,114006,NCHCR,P,0.033044,0.807
101659,114006,NCJPL,P,-0.002858000000000001,0.792
101659,114006,NCCVA,P,-0.048669,0.73
101659,114006,NCCMN,P,-0.048811,0.943
101659,114006,NCJRG,P,-0.002008000000000001,0.833
101659,114006,NCHCB,P,0.031128999999999997,0.948
101659,114006,NCCVL,P,-0.057879999999999994,0.815
101659,114006,NCJSC,P,-0.048655,0.776
101659,114006,NCCSA,P,-0.048615,0.73
101659,114006,NCHCOb,P,0.028462,0.743
101659,114006,NCHFH,P,0.034512,0.766
101659,114006,NCJLT,P,-0.042442,0.825
101659,114006,NCCDA,P,-0.046546,0.786
101659,114006,NCHDLb,P,0.026414,0.83
101659,114006,NCHSFb,P,0.041292,0.909
101659,114006,NCHSL,P,0.037061,0.785
101659,114006,NCCMO,P,-0.041607,0.936
101659,114006,NCJBG,P,-0.042896,0.813
101659,114006,NCHJS,P,0.038017999999999996,0.709
101659,114006,NCBSL,P,0.043159,0.828
101659,114006,NCBVY,P,0.033302,0.819
101659,114006,NCHQR,P,0.030284,0.716
101659,114006,NCCBRa,P,-0.056568,0.733
101659,114006,NCCML,S,-0.071716,0.76
101659,114006,NCCAL,S,-0.095574,0.71
101659,114006,NCJSS,S,-0.015202000000000002,0.78
101659,114006,NCCDV,S,-0.08023200000000001,0.72
101659,114006,NCCMP,S,0.030794999999999996,0.92
101659,114006,NCCOS,S,-0.021929999999999998,0.89
101659,114006,NCCVA,S,-0.079363,0.76
101659,114006,NCCCY,S,-0.10055700000000001,0.73
101659,126189,NCCMN,P,-0.041149000000000005,0.709
101659,126189,NCHPL,P,-0.162631,0.797
101659,126292,NCCST,P,-0.102069,0.711
101659,126292,NCHPL,P,-0.13935799999999998,0.769
101659,126389,NCHPL,P,-0.126469,0.761
101659,154124,NCCSC,P,-0.0010379999999999973,0.806
101659,154124,NCCADa,P,0.009233000000000002,0.755
101659,154124,NCJST,P,-0.006279,0.701
101659,154124,NCJCB,P,-0.011569999999999997,0.701
101659,154124,NCCML,P,0.008887000000000003,0.966
101659,154124,NCCAL,P,-0.0024220000000000005,0.725
101659,154124,NCHSP,P,0.0014009999999999995,0.842
101659,154124,NCJRR,P,-0.008407999999999999,0.797
101659,154124,NCHGS,P,-0.006413999999999996,0.811
101659,154124,NCJEC,P,-0.015695999999999995,0.783
101659,154124,NCJLX,P,-0.008188,0.752
101659,154124,NCHGW,P,0.012520000000000003,0.787
101659,154124,NCCDV,P,-0.00013499999999999623,0.894
101659,154124,NCCMJ,P,-0.0014729999999999951,0.879
101659,154124,NCCMP,P,0.0011750000000000024,0.95
101659,154124,NCJBZ,P,-0.008663999999999998,0.845
101659,154124,NCJBC,P,-0.011354999999999997,0.703
101659,154124,NCHPR,P,-0.0064559999999999965,0.925
101659,154124,NCHCR,P,-0.0071289999999999965,0.909
101659,154124,NCJPL,P,-0.004854999999999998,0.856
101659,154124,NCCVA,P,-0.00045999999999999514,0.829
101659,154124,NCCMN,P,-0.003022999999999998,0.905
101659,154124,NCJRG,P,-0.003473999999999998,0.894
101659,154124,NCHCB,P,-0.004637999999999996,0.898
101659,154124,NCJSC,P,0.008295000000000004,0.793
101659,154124,NCHFE,P,-0.0009459999999999955,0.899
101659,154124,NCCST,P,0.009373000000000003,0.821
101659,154124,NCHPL,P,-7.599999999999968e-05,0.952
101659,154124,NCJBM,P,-0.008011999999999998,0.742
101659,154124,NCHAZ,P,-0.005180999999999998,0.79
101659,154124,NCHFH,P,0.009194,0.951
101659,154124,NCHDLb,P,-0.006603999999999999,0.904
101659,154124,NCHLT,P,0.0009280000000000052,0.814
101659,154124,NCCMO,P,-0.005429999999999997,0.96
101659,154124,NCJPS,P,-0.005402999999999998,0.719
101659,154124,NCCLC,P,-0.006598,0.761
101659,154124,NCHFP,P,0.00040899999999999964,0.941
101659,154124,NCHJS,P,-0.00011299999999999505,0.871
101659,154124,NCBSL,P,0.011517000000000003,0.898
101659,154124,NCBVY,P,0.002149999999999999,0.947
101659,154124,NCHQR,P,0.009867,0.914
101659,154124,NCCBRa,P,-0.0005359999999999948,0.78
101659,154124,NCJST,S,-0.0036839999999999998,0.77
101659,154124,NCJCB,S,-0.010026999999999994,0.79
101659,154124,NCCML,S,0.006577000000000003,0.86
101659,154124,NCJAL,S,0.007637000000000001,0.84
101659,154124,NCCAL,S,-0.0028759999999999966,0.74
101659,154124,NCHSP,S,-0.0008680000000000007,0.82
101659,154124,NCJSS,S,-0.0054540000000000005,0.9
101659,154124,NCHGS,S,-0.004836,0.78
101659,154124,NCJEC,S,-0.018892,0.81
101659,154124,NCJLX,S,-0.0078109999999999985,0.84
101659,154124,NCHGW,S,0.013425000000000003,0.78
101659,154124,NCCDV,S,-0.00018199999999999467,0.9
101659,154124,NCCMJ,S,-0.0027429999999999954,0.87
101659,154124,NCCMP,S,0.002228000000000001,0.98
101659,154124,NCJTG,S,-0.0004939999999999944,0.86
101659,154124,NCCOS,S,-0.0011849999999999986,0.97
101659,154124,NCHPR,S,-0.010442,0.91
101659,154124,NCHCR,S,-0.008246999999999997,0.79
101659,154124,NCJPL,S,-0.0007489999999999997,0.81
101659,154124,NCCVA,S,-0.0010620000000000004,0.93
101659,154124,NCCMN,S,-0.004256999999999997,0.93
101659,154124,NCJRG,S,-0.008425999999999996,0.85
101659,154124,NCHCB,S,-0.009404999999999997,0.87
101659,154124,NCJSC,S,0.006367000000000001,0.83
101659,154124,NCHFE,S,-0.0012919999999999945,0.72
101659,154124,NCCST,S,0.008529000000000002,0.87
101659,154124,NCJBM,S,-0.009686999999999994,0.78
101659,154124,NCHAZ,S,-0.007209,0.83
101659,154124,NCJUC,S,-0.007093999999999996,0.87
101659,154124,NCJSFa,S,-0.011955,0.76
101659,154124,NCCPL,S,0.006937000000000002,0.79
101659,154124,NCCCY,S,0.007610000000000002,0.81
101659,154124,NCHFH,S,0.006906000000000002,0.83
101659,154124,NCHDLb,S,-0.006768999999999997,0.85
101659,154124,NCHLT,S,-0.0025589999999999988,0.87
101659,154124,NCCMO,S,-0.009756,0.91
101659,154124,NCHFP,S,0.0020930000000000046,0.85
101659,154124,NCHJS,S,0.00037200000000000427,0.74
101659,154124,NCBSL,S,0.007701000000000003,0.94
101659,154124,NCBVY,S,0.0019990000000000008,0.89
101659,154124,NCHQR,S,0.010850000000000002,0.93
101659,238704,NCJTG,P,-0.04721,0.718
101659,238704,NCHPL,P,-0.154294,0.768
101659,238790,NCCST,P,-0.076727,0.727
101659,238790,NCHPL,P,-0.13516899999999998,0.736
101659,30057908,NCJRR,P,0.026569999999999996,0.777
101659,30057908,NCJEC,P,0.007598999999999998,0.764
101659,30057908,NCHGW,P,0.053255,0.869
101659,30057908,NCCDV,P,-0.058114,0.77
101659,30057908,NCCMP,P,0.021068,0.789
101659,30057908,NCJTG,P,0.017696999999999997,0.838
101659,30057908,NCHCR,P,0.040028999999999995,0.846
101659,30057908,NCJPL,P,0.017824999999999997,0.888
101659,30057908,NCJRG,P,0.004203999999999999,0.758
101659,30057908,NCHCB,P,0.038146,0.918
101659,30057908,NCJSC,P,-0.021041,0.786
101659,30057908,NCHFE,P,0.04851,0.774
101659,30057908,NCCST,P,-0.020884000000000003,0.719
101659,30057908,NCHPL,P,0.049423999999999996,0.916
101659,30057908,NCJBM,P,-0.03962500000000001,0.777
101659,30057908,NCHAZ,P,0.036066,0.808
101659,30057908,NCJUC,P,0.0008899999999999984,0.706
101659,30057908,NCHDLb,P,0.029501,0.877
101659,30057908,NCCMO,P,-0.045124,0.924
101659,30057908,NCHJS,P,0.050018999999999994,0.749
101659,30057908,NCBSL,P,0.067157,0.821
101659,30057908,NCBVY,P,0.045173,0.839
101659,30057908,NCJAL,S,0.01826,0.74
101659,30057908,NCJSS,S,-0.006042000000000002,0.78
101659,30057908,NCCDV,S,-0.08733099999999999,0.77
101659,30057908,NCCMP,S,0.040136,0.92
101659,30057908,NCCOS,S,-0.018625,0.88
101659,30057908,NCCCY,S,-0.08610999999999999,0.78
101659,30058785,NCCAL,P,-0.061434,0.727
101659,30058785,NCJRR,P,0.018962,0.796
101659,30058785,NCJEC,P,5.999999999999062e-06,0.757
101659,30058785,NCCDV,P,-0.061510999999999996,0.799
101659,30058785,NCCMP,P,0.011942000000000001,0.765
101659,30058785,NCCMJ,P,-0.056631,0.762
101659,30058785,NCJTG,P,0.012109000000000002,0.855
101659,30058785,NCHCR,P,0.029839,0.783
101659,30058785,NCJPL,P,0.010909999999999996,0.914
101659,30058785,NCJRG,P,-0.002030999999999998,0.865
101659,30058785,NCHCB,P,0.027877,0.868
101659,30058785,NCJSC,P,-0.022404999999999994,0.818
101659,30058785,NCHFE,P,0.035338999999999995,0.712
101659,30058785,NCCST,P,-0.026449,0.722
101659,30058785,NCJBM,P,-0.041311,0.744
101659,30058785,NCJSFa,P,-0.046783000000000005,0.709
101659,30058785,NCHDLb,P,0.017686,0.83
101659,30058785,NCCMO,P,-0.049233,0.935
101659,30058785,NCHJS,P,0.042364,0.736
101659,30058785,NCBSL,P,0.053249,0.764
101659,30058785,NCBVY,P,0.03344,0.838
101659,30058785,NCCBRa,P,-0.04599,0.781
101659,30058785,NCJAL,S,0.013273,0.79
101659,30058785,NCCAL,S,-0.093017,0.71
101659,30058785,NCJSS,S,-0.010922000000000001,0.83
101659,30058785,NCCDV,S,-0.093684,0.78
101659,30058785,NCCMP,S,0.024347,0.91
101659,30058785,NCCMR,S,-0.07246,0.71
101659,30058785,NCCOS,S,-0.027760999999999994,0.89
101659,30058785,NCJUC,S,-0.008647000000000002,0.71
101659,30058785,NCCCY,S,-0.082355,0.8
101659,30058785,NCHFP,S,0.06332499999999999,0.77
101659,483500,NCJST,P,0.013030999999999987,0.75
101659,483500,NCCML,P,0.030659999999999993,0.963
101659,483500,NCJAL,P,0.03047799999999999,0.825
101659,483500,NCHSP,P,0.01991699999999999,0.874
101659,483500,NCJEC,P,0.0065800000000000025,0.863
101659,483500,NCJLX,P,0.012790999999999997,0.769
101659,483500,NCCDV,P,0.007619999999999988,0.861
101659,483500,NCCMJ,P,0.01894599999999999,0.899
101659,483500,NCCMP,P,0.020366999999999996,0.869
101659,483500,NCJBZ,P,0.013462000000000002,0.861
101659,483500,NCCMR,P,0.010631000000000002,0.82
101659,483500,NCJTG,P,0.018329999999999985,0.9
101659,483500,NCJBC,P,0.015034999999999993,0.729
101659,483500,NCHCR,P,0.016896999999999995,0.837
101659,483500,NCJPL,P,0.013895999999999992,0.838
101659,483500,NCCVA,P,0.018191999999999986,0.852
101659,483500,NCCMN,P,0.01761399999999999,0.909
101659,483500,NCJRG,P,0.017424999999999996,0.916
101659,483500,NCHCB,P,0.018230999999999997,0.921
101659,483500,NCJSC,P,0.031494999999999995,0.83
101659,483500,NCHFE,P,0.021328999999999987,0.871
101659,483500,NCCST,P,0.029044,0.853
101659,483500,NCJBM,P,0.012881000000000004,0.761
101659,483500,NCJUC,P,0.014936000000000005,0.723
101659,483500,NCHDLb,P,0.010229999999999989,0.941
101659,483500,NCHLT,P,0.020454,0.765
101659,483500,NCCBS,P,0.023561,0.756
101659,483500,NCCMO,P,0.016682000000000002,0.965
101659,483500,NCCLC,P,0.013673999999999992,0.78
101659,483500,NCHJS,P,0.015627000000000002,0.792
101659,483500,NCBSL,P,0.03265499999999999,0.897
101659,483500,NCCBRa,P,0.023030999999999996,0.9
101659,483500,NCCAO,S,0.016463000000000005,0.75
101659,483500,NCJST,S,0.015245000000000009,0.77
101659,483500,NCCML,S,0.029122999999999996,0.89
101659,483500,NCJAL,S,0.031584,0.9
101659,483500,NCHSP,S,0.017304999999999987,0.79
101659,483500,NCJSS,S,0.021447999999999995,0.92
101659,483500,NCJEC,S,0.004681999999999992,0.87
101659,483500,NCJLX,S,0.01696700000000001,0.84
101659,483500,NCCDV,S,0.008178999999999992,0.9
101659,483500,NCCMJ,S,0.018022999999999983,0.9
101659,483500,NCJBZ,S,0.01178499999999999,0.75
101659,483500,NCCMR,S,0.010261999999999993,0.88
101659,483500,NCJTG,S,0.018175999999999998,0.84
101659,483500,NCCOS,S,0.01771600000000001,0.98
101659,483500,NCHCR,S,0.015007999999999994,0.73
101659,483500,NCJPL,S,0.018452999999999997,0.74
101659,483500,NCCVA,S,0.01866799999999999,0.95
101659,483500,NCCMN,S,0.01591100000000001,0.94
101659,483500,NCJRG,S,0.016243000000000007,0.85
101659,483500,NCHCB,S,0.01394200000000001,0.9
101659,483500,NCJSC,S,0.03182499999999999,0.87
101659,483500,NCCST,S,0.028519000000000003,0.88
101659,483500,NCJBM,S,0.013147999999999993,0.77
101659,483500,NCJSM,S,0.01935300000000001,0.75
101659,483500,NCJUC,S,0.015094999999999997,0.85
101659,483500,NCJSFa,S,0.009974999999999984,0.77
101659,483500,NCCCY,S,0.027837,0.83
101659,483500,NCHDLb,S,0.011002999999999985,0.87
101659,483500,NCHLT,S,0.017608999999999986,0.88
101659,483500,NCCBS,S,0.019488000000000005,0.74
101659,483500,NCCMO,S,0.010621999999999993,0.94
101659,483500,NCJPS,S,0.012763999999999998,0.71
101659,483500,NCBSL,S,0.031125,0.92
103138,126189,NCCSC,P,-0.014102999999999997,0.793
103138,126189,NCCMH,P,-0.007287999999999996,0.779
103138,126189,NCCADa,P,-0.023596,0.887
103138,126189,NCJST,P,-0.019103,0.818
103138,126189,NCJCB,P,-0.021598999999999997,0.83
103138,126189,NCCML,P,-0.009117999999999998,0.967
103138,126189,NCCAL,P,-0.006164999999999997,0.821
103138,126189,NCHSP,P,-0.030410999999999997,0.786
103138,126189,NCCMM,P,-0.013786999999999997,0.842
103138,126189,NCJRR,P,-0.021334,0.872
103138,126189,NCHGS,P,-0.024332,0.848
103138,126189,NCJLX,P,-0.013487999999999997,0.718
103138,126189,NCHGW,P,-0.026087,0.931
103138,126189,NCCMP,P,-0.019729999999999998,0.847
103138,126189,NCJBZ,P,-0.031584999999999995,0.804
103138,126189,NCCMR,P,-0.023014,0.909
103138,126189,NCCVA,P,-0.0056739999999999985,0.841
103138,126189,NCHFE,P,-0.022560999999999998,0.777
103138,126189,NCCST,P,-0.012669999999999997,0.909
103138,126189,NCHPL,P,-0.022510999999999996,0.929
103138,126189,NCJBM,P,-0.010722999999999996,0.934
103138,126189,NCHAZ,P,-0.022015999999999997,0.723
103138,126189,NCJSFa,P,-0.009858999999999996,0.762
103138,126189,NCJPPa,P,-0.012315999999999997,0.834
103138,126189,NCHDLb,P,-0.022215,0.911
103138,126189,NCJHP,P,-0.009245999999999997,0.959
103138,126189,NCCMO,P,-0.006073999999999996,0.713
103138,126189,NCJBG,P,-0.012831999999999996,0.825
103138,126189,NCHFP,P,-0.022515999999999998,0.792
103138,126189,NCBVY,P,-0.019712999999999998,0.889
103138,126189,NCCSC,S,-0.016238999999999996,0.76
103138,126189,NCCMH,S,-0.0037629999999999955,0.79
103138,126189,NCCAO,S,-0.019120999999999996,0.8
103138,126189,NCCADa,S,-0.031479,0.85
103138,126189,NCJST,S,-0.018796999999999998,0.89
103138,126189,NCJCB,S,-0.025882999999999996,0.87
103138,126189,NCCML,S,-0.0009989999999999999,0.96
103138,126189,NCCAL,S,0.0008650000000000047,0.83
103138,126189,NCCMM,S,-0.009513999999999998,0.95
103138,126189,NCHGS,S,-0.026832999999999996,0.91
103138,126189,NCJLX,S,-0.008992999999999998,0.89
103138,126189,NCHGW,S,-0.028977999999999997,0.79
103138,126189,NCCDV,S,-0.0004259999999999958,0.96
103138,126189,NCCMP,S,-0.018560999999999998,0.98
103138,126189,NCCMR,S,-0.012392999999999998,0.86
103138,126189,NCCVA,S,0.0011760000000000034,0.97
103138,126189,NCCST,S,-0.0077579999999999975,0.75
103138,126189,NCHPL,S,-0.030320999999999997,0.76
103138,126189,NCBVY,S,-0.011198999999999997,0.77
103138,126292,NCCSC,P,-0.012088000000000002,0.935
103138,126292,NCCMH,P,-0.018511,0.851
103138,126292,NCCADa,P,0.0006530000000000008,0.926
103138,126292,NCJST,P,-0.004895999999999998,0.758
103138,126292,NCJCB,P,-0.0006069999999999964,0.933
103138,126292,NCCML,P,-0.016419999999999997,0.952
103138,126292,NCCAL,P,-0.014759000000000001,0.853
103138,126292,NCJAL,P,-0.001475000000000004,0.757
103138,126292,NCHSP,P,-0.0022189999999999988,0.789
103138,126292,NCCMM,P,-0.010444000000000002,0.907
103138,126292,NCJRR,P,-6.0000000000060005e-06,0.919
103138,126292,NCJSS,P,-0.008807000000000002,0.702
103138,126292,NCHGS,P,0.0011140000000000039,0.887
103138,126292,NCJLX,P,-0.008645,0.831
103138,126292,NCHGW,P,-0.0004200000000000037,0.973
103138,126292,NCCDV,P,-0.017079999999999998,0.963
103138,126292,NCCMP,P,-0.004784999999999998,0.834
103138,126292,NCJBZ,P,-0.011383999999999998,0.848
103138,126292,NCCMR,P,-0.030653,0.98
103138,126292,NCCVA,P,-0.016431,0.885
103138,126292,NCHCR,P,0.0011970000000000036,0.892
103138,126292,NCCVL,P,-0.016399999999999998,0.755
103138,126292,NCHFE,P,0.002144999999999994,0.759
103138,126292,NCCST,P,-0.013633,0.892
103138,126292,NCHPL,P,2.0000000000006124e-05,0.92
103138,126292,NCJBM,P,-0.013148,0.87
103138,126292,NCJSM,P,-0.012048999999999997,0.789
103138,126292,NCHAZ,P,-0.00020399999999999585,0.733
103138,126292,NCJPPa,P,-0.012964000000000003,0.86
103138,126292,NCHDLb,P,-0.001230999999999996,0.905
103138,126292,NCHFP,P,-0.0007400000000000045,0.907
103138,126292,NCBVY,P,0.0019219999999999932,0.828
103138,126292,NCCSC,S,-0.010995999999999999,0.85
103138,126292,NCCMH,S,-0.018598999999999997,0.85
103138,126292,NCCAO,S,-0.008131,0.86
103138,126292,NCCADa,S,0.009732000000000005,0.88
103138,126292,NCJST,S,-0.009049000000000001,0.94
103138,126292,NCJCB,S,0.003133999999999998,0.91
103138,126292,NCCML,S,-0.021561000000000004,0.96
103138,126292,NCCAL,S,-0.021464999999999998,0.95
103138,126292,NCJAL,S,-0.0046609999999999985,0.88
103138,126292,NCHSP,S,0.0050029999999999936,0.81
103138,126292,NCCMM,S,-0.012985999999999998,0.95
103138,126292,NCJRR,S,-0.0011520000000000002,0.81
103138,126292,NCHGS,S,0.008265999999999996,0.93
103138,126292,NCJLX,S,-0.011105000000000004,0.95
103138,126292,NCHGW,S,0.0035310000000000064,0.88
103138,126292,NCCDV,S,-0.020631000000000004,0.97
103138,126292,NCCMP,S,-0.003370999999999999,0.96
103138,126292,NCCMR,S,-0.034589,0.91
103138,126292,NCCVA,S,-0.022324000000000004,0.96
103138,126292,NCJPL,S,-0.011394000000000001,0.76
103138,126292,NCHCB,S,0.002700999999999995,0.81
103138,126292,NCCVL,S,-0.017030999999999998,0.77
103138,126292,NCCST,S,-0.013940000000000001,0.77
103138,126292,NCJBM,S,-0.012117000000000003,0.75
103138,126292,NCJSM,S,-0.013024,0.85
103138,126292,NCJUC,S,-0.007857000000000003,0.85
103138,126292,NCJPPa,S,-0.013637999999999997,0.71
103138,126292,NCHFP,S,0.004170999999999994,0.75
103138,126292,NCBVY,S,0.007343000000000002,0.76
103138,126389,NCCSC,P,-0.010446999999999998,0.875
103138,126389,NCCMH,P,-0.016843,0.729
103138,126389,NCCADa,P,0.009295999999999999,0.728
103138,126389,NCJST,P,-0.002003999999999999,0.709
103138,126389,NCCML,P,-0.008426,0.956
103138,126389,NCCAL,P,-0.008435999999999999,0.833
103138,126389,NCCMM,P,-0.00026400000000000035,0.861
103138,126389,NCJRR,P,0.009353,0.717
103138,126389,NCHGS,P,0.011379,0.865
103138,126389,NCJLX,P,-0.00011800000000000005,0.702
103138,126389,NCHGW,P,0.008872999999999999,0.912
103138,126389,NCCMP,P,0.0068030000000000035,0.838
103138,126389,NCCMR,P,-0.019727,0.93
103138,126389,NCCVA,P,-0.007716000000000001,0.874
103138,126389,NCHFE,P,0.009834000000000002,0.795
103138,126389,NCCST,P,-0.002335999999999998,0.892
103138,126389,NCHPL,P,0.012685000000000002,0.919
103138,126389,NCJBM,P,-0.005604999999999999,0.765
103138,126389,NCJPPa,P,-0.0029869999999999966,0.816
103138,126389,NCHDLb,P,0.010014000000000002,0.882
103138,126389,NCJHP,P,-0.005502,0.827
103138,126389,NCCMO,P,-0.0029879999999999976,0.707
103138,126389,NCHFP,P,0.011158000000000001,0.805
103138,126389,NCBVY,P,0.013631999999999998,0.769
103138,126389,NCCAO,S,0.0031120000000000037,0.72
103138,126389,NCCADa,S,0.017853,0.77
103138,126389,NCJST,S,-0.006092999999999998,0.8
103138,126389,NCJCB,S,0.009527,0.81
103138,126389,NCCML,S,-0.010041999999999999,0.91
103138,126389,NCCAL,S,-0.015849,0.76
103138,126389,NCJAL,S,-0.0002510000000000012,0.85
103138,126389,NCHSP,S,0.015265,0.73
103138,126389,NCCMM,S,0.003459999999999998,0.9
103138,126389,NCHGS,S,0.019232,0.88
103138,126389,NCCDV,S,-0.009329999999999998,0.92
103138,126389,NCCMP,S,0.015785,0.94
103138,126389,NCCMR,S,-0.016623,0.84
103138,126389,NCCVA,S,-0.010491,0.96
103138,126389,NCCVL,S,-0.009597999999999999,0.75
103138,126389,NCCST,S,0.009516000000000004,0.76
103138,126389,NCBVY,S,0.031139,0.77
103138,148939,NCCSC,P,0.022289,0.928
103138,148939,NCCMH,P,0.016038999999999998,0.851
103138,148939,NCCADa,P,0.046514,0.871
103138,148939,NCJST,P,0.027075,0.793
103138,148939,NCJCB,P,0.023493999999999998,0.768
103138,148939,NCCML,P,0.030105,0.983
103138,148939,NCCAL,P,0.021058999999999998,0.958
103138,148939,NCJAL,P,0.042322,0.721
103138,148939,NCCMM,P,0.033723,0.846
103138,148939,NCJRR,P,0.028512,0.881
103138,148939,NCJLX,P,0.021601,0.845
103138,148939,NCJBZ,P,0.026324999999999998,0.818
103138,148939,NCCMR,P,0.015581,0.906
103138,148939,NCHFE,P,0.039233,0.873
103138,148939,NCCST,P,0.033347,0.878
103138,148939,NCJBM,P,0.017478999999999998,0.911
103138,148939,NCJSFa,P,0.013359999999999999,0.727
103138,148939,NCJPPa,P,0.014148999999999998,0.804
103138,148939,NCJHP,P,0.019583,0.974
103138,148939,NCHFP,P,0.036779,0.809
103138,148939,NCBVY,P,0.03931,0.839
103138,148939,NCCCOa,S,0.030481,0.75
103138,148939,NCCSC,S,0.023732,0.84
103138,148939,NCCAO,S,0.022789999999999998,0.85
103138,148939,NCCADa,S,0.052881,0.78
103138,148939,NCJST,S,0.028034,0.86
103138,148939,NCJCB,S,0.026529,0.91
103138,148939,NCCML,S,0.026362,0.94
103138,148939,NCCAL,S,0.017575999999999998,0.97
103138,148939,NCJAL,S,0.039071,0.94
103138,148939,NCHSP,S,0.049333,0.75
103138,148939,NCCMM,S,0.031641999999999997,0.96
103138,148939,NCJRR,S,0.025401999999999997,0.71
103138,148939,NCCDV,S,0.019788,0.98
103138,148939,NCCMP,S,0.032493,0.96
103138,148939,NCCMR,S,0.012369,0.94
103138,148939,NCJPL,S,0.020849,0.73
103138,148939,NCHFE,S,0.043891,0.71
103138,148939,NCCST,S,0.029776999999999998,0.72
103138,148939,NCJBM,S,0.017058999999999998,0.79
103138,148939,NCCPL,S,0.028398,0.81
103138,148939,NCHFP,S,0.050087,0.75
103138,160503,NCCSC,P,0.006867000000000001,0.737
103138,160503,NCCADa,P,0.013539000000000002,0.868
103138,160503,NCJST,P,-0.00010999999999999985,0.805
103138,160503,NCJCB,P,-0.008026,0.809
103138,160503,NCCML,P,0.026109999999999998,0.883
103138,160503,NCHSP,P,0.005563000000000001,0.759
103138,160503,NCCMM,P,0.02036,0.816
103138,160503,NCHGW,P,0.014278000000000002,0.923
103138,160503,NCJSC,P,0.021953,0.754
103138,160503,NCCST,P,0.023057,0.815
103138,160503,NCHFP,P,0.016829,0.791
103138,160503,NCBVY,P,0.019002,0.86
103138,160503,NCCMH,S,0.011311000000000002,0.76
103138,160503,NCCADa,S,0.005694,0.87
103138,160503,NCJST,S,0.004105,0.87
103138,160503,NCJCB,S,-0.012749,0.92
103138,160503,NCCML,S,0.029768,0.9
103138,160503,NCCAL,S,0.021902,0.8
103138,160503,NCJAL,S,0.014802000000000003,0.85
103138,160503,NCHSP,S,0.0011729999999999996,0.89
103138,160503,NCCMM,S,0.025124000000000004,0.86
103138,160503,NCHGS,S,-0.0055179999999999995,0.88
103138,160503,NCCDV,S,0.023449,0.88
103138,160503,NCCMP,S,0.008822,0.97
103138,160503,NCJSM,S,0.017458,0.72
103138,160503,NCJUC,S,0.014809000000000003,0.74
103138,160503,NCHFP,S,0.008775000000000002,0.81
103138,160503,NCBVY,S,0.016104,0.76
103138,215747,NCCSC,P,0.007691,0.839
103138,215747,NCCMH,P,0.001507999999999999,0.902
103138,215747,NCCADa,P,0.028769999999999997,0.932
103138,215747,NCJST,P,0.011036999999999998,0.872
103138,215747,NCJCB,P,0.008933999999999997,0.852
103138,215747,NCCML,P,0.015508999999999998,0.941
103138,215747,NCCAL,P,0.006151,0.899
103138,215747,NCJAL,P,0.021646,0.801
103138,215747,NCHSP,P,0.027028999999999997,0.721
103138,215747,NCJRR,P,0.011955,0.86
103138,215747,NCCDV,P,-0.006339000000000001,0.97
103138,215747,NCJBZ,P,0.009505,0.895
103138,215747,NCCMR,P,0.007098,0.942
103138,215747,NCHFE,P,0.021822,0.857
103138,215747,NCCST,P,0.018786999999999998,0.933
103138,215747,NCJSFa,P,-0.00025900000000000055,0.778
103138,215747,NCJBLb,P,-0.00024300000000000016,0.769
103138,215747,NCJPPa,P,0.00018899999999999993,0.922
103138,215747,NCHDLb,P,0.011563999999999998,0.92
103138,215747,NCHFP,P,0.02121,0.887
103138,215747,NCCCOa,S,0.013832,0.73
103138,215747,NCCMH,S,0.0012029999999999992,0.92
103138,215747,NCCADa,S,0.035988,0.84
103138,215747,NCJST,S,0.01123,0.88
103138,215747,NCJCB,S,0.012357,0.94
103138,215747,NCCML,S,0.010776,0.94
103138,215747,NCCAL,S,0.0012189999999999996,0.97
103138,215747,NCJAL,S,0.020982,0.91
103138,215747,NCHSP,S,0.032035,0.84
103138,215747,NCJRR,S,0.011268,0.79
103138,215747,NCHGS,S,0.022701,0.93
103138,215747,NCCDV,S,-0.00826,0.98
103138,215747,NCCMP,S,0.01765,0.97
103138,215747,NCJBZ,S,0.008872999999999999,0.71
103138,215747,NCCMR,S,0.0035179999999999986,0.89
103138,215747,NCJPL,S,0.01148,0.81
103138,215747,NCHFE,S,0.028775999999999996,0.72
103138,215747,NCCST,S,0.017452,0.78
103138,215747,NCCPL,S,0.016009,0.73
103138,215747,NCHDLb,S,0.013145999999999998,0.77
103138,238704,NCCSC,P,-0.005024000000000001,0.765
103138,238704,NCCMH,P,0.0006410000000000027,0.76
103138,238704,NCCADa,P,-0.004858000000000001,0.846
103138,238704,NCJST,P,-0.011897999999999999,0.729
103138,238704,NCJCB,P,-0.021952,0.753
103138,238704,NCCML,P,0.011361000000000003,0.966
103138,238704,NCCAL,P,0.0032900000000000013,0.85
103138,238704,NCJRR,P,-0.018327,0.813
103138,238704,NCHGS,P,-0.017324,0.809
103138,238704,NCHGW,P,-0.002238999999999998,0.932
103138,238704,NCCDV,P,-0.009062,0.955
103138,238704,NCCMP,P,-0.009134999999999997,0.824
103138,238704,NCJBZ,P,-0.017447999999999998,0.804
103138,238704,NCCMR,P,0.002711999999999999,0.939
103138,238704,NCJSC,P,0.0021989999999999996,0.831
103138,238704,NCCST,P,0.008376000000000001,0.882
103138,238704,NCHPL,P,-0.014046999999999997,0.887
103138,238704,NCJBM,P,-0.006038999999999996,0.875
103138,238704,NCJSFa,P,-0.008211999999999997,0.731
103138,238704,NCJBLb,P,-0.009259999999999997,0.853
103138,238704,NCJPPa,P,-0.008576,0.855
103138,238704,NCHJG,P,-0.020444999999999998,0.798
103138,238704,NCJHP,P,-0.0005179999999999976,0.952
103138,238704,NCHFP,P,-0.012345000000000002,0.707
103138,238704,NCCMH,S,0.0038890000000000036,0.75
103138,238704,NCCADa,S,-0.015588999999999999,0.81
103138,238704,NCJST,S,-0.010154999999999997,0.87
103138,238704,NCJCB,S,-0.027822,0.86
103138,238704,NCCML,S,0.020861000000000005,0.95
103138,238704,NCCAL,S,0.011508999999999998,0.91
103138,238704,NCJAL,S,0.0007349999999999995,0.88
103138,238704,NCHGS,S,-0.020834,0.85
103138,238704,NCHGW,S,-0.007189000000000001,0.76
103138,238704,NCCDV,S,-3.600000000000131e-05,0.95
103138,238704,NCCMP,S,-0.008585999999999996,0.96
103138,238704,NCCMR,S,0.015693,0.87
103138,238704,NCJPL,S,-0.019136,0.79
103138,238704,NCJUC,S,-0.009408,0.8
103138,238790,NCCCOa,P,-0.0025120000000000003,0.759
103138,238790,NCCSC,P,0.002037999999999998,0.899
103138,238790,NCCMH,P,-0.000904000000000002,0.966
103138,238790,NCCADa,P,0.016184000000000004,0.909
103138,238790,NCJST,P,0.0006620000000000029,0.9
103138,238790,NCJCB,P,-0.003955,0.795
103138,238790,NCCML,P,0.01242,0.98
103138,238790,NCCAL,P,0.0020610000000000073,0.976
103138,238790,NCHSP,P,0.010486999999999996,0.954
103138,238790,NCJRR,P,-0.0007220000000000004,0.882
103138,238790,NCJSS,P,0.002587000000000006,0.845
103138,238790,NCHGW,P,0.018019999999999994,0.973
103138,238790,NCCDV,P,-0.008886999999999999,0.979
103138,238790,NCCMP,P,0.005951999999999999,0.863
103138,238790,NCJBZ,P,0.0005030000000000034,0.934
103138,238790,NCCMR,P,0.002364000000000005,0.971
103138,238790,NCJSC,P,0.006895999999999999,0.842
103138,238790,NCCST,P,0.011796000000000001,0.924
103138,238790,NCHPL,P,0.003244999999999998,0.946
103138,238790,NCHAZ,P,0.0010490000000000013,0.74
103138,238790,NCJSFa,P,-0.007149000000000003,0.764
103138,238790,NCJPPa,P,-0.004913000000000001,0.788
103138,238790,NCHJG,P,-0.001341000000000002,0.838
103138,238790,NCJHP,P,0.00040699999999999764,0.965
103138,238790,NCHFP,P,0.007198999999999997,0.868
103138,238790,NCBVY,P,0.009590000000000001,0.892
103138,238790,NCCCOa,S,-0.0023130000000000026,0.85
103138,238790,NCCSC,S,0.002560999999999994,0.88
103138,238790,NCCMH,S,-0.0006270000000000026,0.98
103138,238790,NCCADa,S,0.015949000000000005,0.91
103138,238790,NCJST,S,0.0009129999999999971,0.93
103138,238790,NCJCB,S,-0.002591000000000003,0.96
103138,238790,NCCML,S,0.011761999999999995,0.97
103138,238790,NCCAL,S,0.0021670000000000023,0.99
103138,238790,NCJAL,S,0.016384999999999997,0.9
103138,238790,NCHSP,S,0.010177000000000005,0.97
103138,238790,NCJRR,S,-0.001467999999999997,0.89
103138,238790,NCHGS,S,0.0026209999999999983,0.96
103138,238790,NCJLX,S,-0.0022000000000000006,0.97
103138,238790,NCHGW,S,0.018137,0.96
103138,238790,NCCDV,S,-0.008682000000000002,0.99
103138,238790,NCCMP,S,0.004357,0.95
103138,238790,NCJBZ,S,-0.0011450000000000002,0.87
103138,238790,NCCMR,S,0.004562999999999998,0.95
103138,238790,NCJPL,S,-0.002804000000000001,0.91
103138,238790,NCHCR,S,5.4999999999999494e-05,0.74
103138,238790,NCHCB,S,-0.003388000000000002,0.78
103138,238790,NCJSC,S,0.002482999999999999,0.74
103138,238790,NCCST,S,0.012371000000000007,0.75
103138,238790,NCHPL,S,0.002925999999999998,0.8
103138,238790,NCJUC,S,-0.00024500000000000216,0.91
103138,238790,NCCPL,S,0.012776999999999997,0.89
103138,238790,NCJPPa,S,-0.007162000000000002,0.74
103138,238790,NCHFP,S,0.006890999999999994,0.86
103138,238790,NCBVY,S,0.010139999999999996,0.89
103138,30062741,NCJST,P,-0.02047699999999998,0.785
103138,30062741,NCJCB,P,-0.019572999999999993,0.874
103138,30062741,NCCML,P,0.013225,0.922
103138,30062741,NCCAL,P,0.001681000000000002,0.739
103138,30062741,NCHSP,P,-0.010536000000000004,0.899
103138,30062741,NCJRR,P,-0.016899999999999984,0.821
103138,30062741,NCHGS,P,-0.016454999999999984,0.88
103138,30062741,NCCMP,P,-0.007390999999999995,0.869
103138,30062741,NCJBZ,P,-0.01898799999999999,0.86
103138,30062741,NCJSC,P,0.010671000000000014,0.831
103138,30062741,NCHFE,P,-0.011316000000000007,0.802
103138,30062741,NCCST,P,0.00882200000000001,0.86
103138,30062741,NCHDLb,P,-0.017785999999999982,0.911
103138,30062741,NCHJG,P,-0.017530000000000004,0.825
103138,30062741,NCHFP,P,-0.008294999999999997,0.854
103138,30062741,NCBVY,P,-0.007387999999999992,0.804
103138,30062741,NCCAO,S,-0.012453000000000006,0.73
103138,30062741,NCJST,S,-0.014100999999999989,0.84
103138,30062741,NCJCB,S,-0.021036999999999986,0.86
103138,30062741,NCCML,S,0.018168000000000004,0.92
103138,30062741,NCCAL,S,0.007183000000000009,0.86
103138,30062741,NCJAL,S,0.002146000000000009,0.9
103138,30062741,NCHSP,S,-0.01365799999999999,0.81
103138,30062741,NCJRR,S,-0.018187999999999996,0.78
103138,30062741,NCJSS,S,-0.008768999999999999,0.93
103138,30062741,NCHGS,S,-0.019599999999999992,0.91
103138,30062741,NCCDV,S,-0.00179,0.92
103138,30062741,NCCMP,S,-0.0034169999999999895,0.96
103138,30062741,NCJPL,S,-0.01490799999999999,0.75
103138,30062741,NCBVY,S,-0.008492999999999987,0.8
103138,30069222,NCJST,P,-0.0034460000000000046,0.746
103138,30069222,NCJCB,P,0.008430999999999994,0.729
103138,30069222,NCCML,P,0.009266999999999997,0.956
103138,30069222,NCCAL,P,-0.003708000000000003,0.809
103138,30069222,NCHGS,P,0.020073999999999995,0.839
103138,30069222,NCHGW,P,0.03255999999999999,0.887
103138,30069222,NCCDV,P,-0.011517000000000006,0.944
103138,30069222,NCJBZ,P,0.005283999999999997,0.716
103138,30069222,NCCMR,P,0.0037529999999999925,0.852
103138,30069222,NCHCR,P,0.013177999999999995,0.744
103138,30069222,NCJSC,P,0.012422000000000002,0.721
103138,30069222,NCHFE,P,0.02190099999999999,0.748
103138,30069222,NCCST,P,0.015390000000000001,0.792
103138,30069222,NCJPPa,P,0.007508000000000001,0.722
103138,30069222,NCHDLb,P,0.01215999999999999,0.841
103138,30069222,NCHFP,P,0.023673,0.738
103138,30069222,NCBVY,P,0.023670999999999998,0.737
103138,30069222,NCCAO,S,0.009390999999999997,0.87
103138,30069222,NCJST,S,-0.005131999999999998,0.76
103138,30069222,NCJCB,S,0.009491,0.81
103138,30069222,NCCML,S,0.007690000000000002,0.91
103138,30069222,NCCAL,S,-0.013899000000000002,0.86
103138,30069222,NCJAL,S,0.014279,0.73
103138,30069222,NCHSP,S,0.036322999999999994,0.78
103138,30069222,NCJSS,S,0.002938999999999997,0.84
103138,30069222,NCHGS,S,0.026471999999999996,0.83
103138,30069222,NCCDV,S,-0.013400000000000002,0.9
103138,30069222,NCCMR,S,0.005160999999999999,0.83
103138,30092060,NCCCOa,P,0.0006659999999999999,0.715
103138,30092060,NCCAO,P,-0.0020489999999999953,0.761
103138,30092060,NCCADa,P,0.022551,0.745
103138,30092060,NCJST,P,-0.0019350000000000062,0.849
103138,30092060,NCJCB,P,-0.003021999999999997,0.822
103138,30092060,NCCML,P,0.0064609999999999945,0.956
103138,30092060,NCCAL,P,-0.006734000000000004,0.923
103138,30092060,NCJAL,P,0.011479000000000003,0.789
103138,30092060,NCJRR,P,0.00028000000000000247,0.882
103138,30092060,NCJSS,P,0.0004920000000000063,0.801
103138,30092060,NCHGW,P,0.019336000000000006,0.955
103138,30092060,NCCDV,P,-0.016310000000000005,0.969
103138,30092060,NCHFE,P,0.009063000000000002,0.859
103138,30092060,NCCST,P,0.0063489999999999935,0.883
103138,30092060,NCJPPa,P,-0.0005830000000000002,0.732
103138,30092060,NCHDLb,P,-0.0018699999999999967,0.883
103138,30092060,NCHFP,P,0.008511000000000005,0.874
103138,30092060,NCBVY,P,0.010158,0.854
103138,30092060,NCCCOa,S,0.0012080000000000007,0.84
103138,30092060,NCCMH,S,-0.006613999999999995,0.93
103138,30092060,NCCAO,S,-0.0025499999999999967,0.87
103138,30092060,NCJST,S,-0.0019710000000000005,0.86
103138,30092060,NCJCB,S,0.0014959999999999973,0.96
103138,30092060,NCCML,S,0.003381999999999996,0.95
103138,30092060,NCCAL,S,-0.009802000000000005,0.96
103138,30092060,NCJAL,S,0.011378,0.93
103138,30092060,NCHSP,S,0.017435000000000006,0.86
103138,30092060,NCJRR,S,-0.000786999999999996,0.81
103138,30092060,NCJSS,S,-0.00044700000000000295,0.97
103138,30092060,NCHGW,S,0.021102999999999997,0.91
103138,30092060,NCCDV,S,-0.017424999999999996,0.97
103138,30092060,NCCST,S,0.006217,0.79
103138,30092060,NCHDLb,S,-0.0006110000000000004,0.77
103138,30092060,NCHFP,S,0.011168999999999998,0.83
103138,389286,NCCMH,P,-0.016284,0.804
103138,389286,NCJST,P,-0.0011259999999999998,0.856
103138,389286,NCJCB,P,-0.003164,0.785
103138,389286,NCJAL,P,0.01183,0.757
103138,389286,NCJRR,P,0.0010829999999999998,0.879
103138,389286,NCJLX,P,-0.006622,0.76
103138,389286,NCCDV,P,-0.021777,0.977
103138,389286,NCCMR,P,-0.009306,0.984
103138,389286,NCHFE,P,0.011550999999999999,0.836
103138,389286,NCCST,P,0.0022380000000000004,0.872
103138,389286,NCJPPa,P,-0.006123,0.706
103138,389286,NCHFP,P,0.009127,0.867
103138,389286,NCCCOa,S,0.0018209999999999997,0.79
103138,389286,NCCMH,S,-0.016614,0.84
103138,389286,NCCAO,S,-0.004247,0.81
103138,389286,NCJST,S,-0.0015270000000000001,0.87
103138,389286,NCJCB,S,0.00042500000000000003,0.91
103138,389286,NCJAL,S,0.010467,0.93
103138,389286,NCHSP,S,0.020886,0.88
103138,389286,NCJRR,S,1.600000000000039e-05,0.77
103138,389286,NCJSS,S,-0.0038209999999999997,0.91
103138,389286,NCCDV,S,-0.025853,0.95
103138,389286,NCCMR,S,-0.012999,0.91
103138,389286,NCJBM,S,-0.01148,0.75
103138,389286,NCHFP,S,0.012596,0.74
103138,478138,NCJST,P,0.012469999999999995,0.784
103138,478138,NCCML,P,0.036133,0.931
103138,478138,NCCAL,P,0.025776000000000007,0.798
103138,478138,NCCDV,P,0.013946,0.934
103138,478138,NCCMP,P,0.017662999999999998,0.736
103138,478138,NCCMR,P,0.018502000000000005,0.947
103138,478138,NCHCR,P,0.010512000000000007,0.824
103138,478138,NCJSC,P,0.036856,0.821
103138,478138,NCHFE,P,0.01724300000000001,0.777
103138,478138,NCJBM,P,0.020067,0.928
103138,478138,NCJSFa,P,0.018987000000000004,0.73
103138,478138,NCJPPa,P,0.024395,0.735
103138,478138,NCCAO,S,0.011471999999999996,0.8
103138,478138,NCJST,S,0.015681,0.84
103138,478138,NCCML,S,0.044036000000000006,0.94
103138,478138,NCCAL,S,0.030615000000000003,0.89
103138,478138,NCJAL,S,0.025692000000000006,0.87
103138,478138,NCHSP,S,0.008404000000000009,0.74
103138,478138,NCCDV,S,0.023292000000000007,0.94
103138,478138,NCCMR,S,0.027128,0.93
103138,478138,NCJPL,S,0.005392000000000008,0.78
103138,529274,NCCMH,P,0.0061330000000000134,0.885
103138,529274,NCCAO,P,0.010442000000000007,0.808
103138,529274,NCCADa,P,0.03220300000000001,0.734
103138,529274,NCJST,P,0.011779000000000012,0.9
103138,529274,NCCML,P,0.019375000000000003,0.987
103138,529274,NCCAL,P,0.009185000000000013,0.978
103138,529274,NCJAL,P,0.02852500000000001,0.844
103138,529274,NCJLX,P,0.009644000000000014,0.938
103138,529274,NCCDV,P,-0.0024959999999999982,0.97
103138,529274,NCCMP,P,0.01763400000000001,0.754
103138,529274,NCJBZ,P,0.016764,0.865
103138,529274,NCHCR,P,0.018858000000000014,0.822
103138,529274,NCHFE,P,0.024093000000000003,0.777
103138,529274,NCCST,P,0.018191000000000013,0.933
103138,529274,NCJPPa,P,0.01184700000000001,0.783
103138,529274,NCJHP,P,0.007498000000000005,0.899
103138,529274,NCJBG,P,0.007808000000000009,0.726
103138,529274,NCCMH,S,0.006114000000000008,0.93
103138,529274,NCCAO,S,0.00932200000000001,0.85
103138,529274,NCJST,S,0.013990000000000002,0.87
103138,529274,NCCML,S,0.017487000000000003,0.97
103138,529274,NCCAL,S,0.007366000000000011,0.98
103138,529274,NCJAL,S,0.027118000000000003,0.94
103138,529274,NCHSP,S,0.028219000000000008,0.88
103138,529274,NCJSS,S,0.01473300000000001,0.95
103138,529274,NCJLX,S,0.00739200000000001,0.95
103138,529274,NCCDV,S,-0.0032799999999999913,0.97
103138,529274,NCJBZ,S,0.015985000000000013,0.76
103138,529274,NCJPL,S,0.01302600000000001,0.83
114006,154124,NCCML,P,0.059603,0.915
114006,154124,NCHGW,P,-0.015979,0.724
114006,154124,NCCDV,P,0.049941,0.744
114006,154124,NCCMP,P,-0.009418999999999997,0.763
114006,154124,NCJBZ,P,-0.009801999999999998,0.762
114006,154124,NCHCA,P,-0.042936999999999996,0.849
114006,154124,NCJTG,P,-0.009279999999999997,0.813
114006,154124,NCHCR,P,-0.039008999999999995,0.746
114006,154124,NCCVA,P,0.048577,0.701
114006,154124,NCCMN,P,0.046312000000000006,0.875
114006,154124,NCJRG,P,-0.0009699999999999986,0.8
114006,154124,NCHCB,P,-0.034133,0.873
114006,154124,NCJSC,P,0.056395,0.738
114006,154124,NCHPL,P,-0.04044899999999999,0.9
114006,154124,NCHKR,P,-0.031638,0.867
114006,154124,NCHDLb,P,-0.03173,0.791
114006,154124,NCHLT,P,-0.04096299999999999,0.797
114006,154124,NCJHP,P,0.043558,0.786
114006,154124,NCHSL,P,-0.042134,0.848
114006,154124,NCCMO,P,0.035991,0.942
114006,154124,NCBSL,P,-0.030504999999999997,0.788
114006,154124,NCBVY,P,-0.029697,0.761
114006,154124,NCCML,S,0.076905,0.73
114006,154124,NCJSS,S,0.009621000000000001,0.78
114006,154124,NCCMP,S,-0.028419,0.91
114006,154124,NCCOS,S,0.020915000000000003,0.88
114006,154124,NCCVA,S,0.078071,0.74
114006,238704,NCJTG,P,-0.055965,0.704
114006,238704,NCHPL,P,-0.194031,0.815
114006,30057908,NCCMH,P,0.0009369999999999986,0.906
114006,30057908,NCCAO,P,0.0020039999999999997,0.864
114006,30057908,NCCADa,P,0.022461000000000002,0.73
114006,30057908,NCJST,P,-0.0009890000000000003,0.891
114006,30057908,NCJCB,P,0.0022749999999999992,0.86
114006,30057908,NCJAL,P,0.020725,0.943
114006,30057908,NCCAL,P,0.002096999999999999,0.862
114006,30057908,NCJHL,P,0.00835,0.888
114006,30057908,NCJRR,P,0.003476999999999999,0.934
114006,30057908,NCJSS,P,0.009134,0.917
114006,30057908,NCHGS,P,0.007499,0.931
114006,30057908,NCJEC,P,-0.005051,0.923
114006,30057908,NCHGW,P,0.023555,0.95
114006,30057908,NCJLX,P,0.003371999999999999,0.835
114006,30057908,NCCDV,P,-0.007525000000000002,0.951
114006,30057908,NCCMP,P,0.009285,0.975
114006,30057908,NCCMJ,P,0.0029429999999999994,0.97
114006,30057908,NCHCA,P,0.018480999999999997,0.908
114006,30057908,NCJSG,P,0.018618,0.913
114006,30057908,NCJTG,P,0.006676,0.943
114006,30057908,NCCMR,P,0.021785,0.956
114006,30057908,NCJBC,P,-0.002966,0.874
114006,30057908,NCHCR,P,0.005757999999999999,0.916
114006,30057908,NCJPL,P,0.021123,0.821
114006,30057908,NCJSJ,P,7.199999999999915e-05,0.827
114006,30057908,NCJRG,P,0.004428,0.868
114006,30057908,NCHCB,P,0.007162999999999999,0.944
114006,30057908,NCJSC,P,0.027637999999999996,0.916
114006,30057908,NCHFE,P,0.013385,0.962
114006,30057908,NCHPL,P,0.007561999999999999,0.98
114006,30057908,NCCST,P,0.014676999999999999,0.919
114006,30057908,NCHOR,P,0.011040999999999999,0.906
114006,30057908,NCJSM,P,0.0048119999999999994,0.758
114006,30057908,NCJSFa,P,-0.0012130000000000005,0.91
114006,30057908,NCCCY,P,0.016845,0.877
114006,30057908,NCHDLb,P,0.0028079999999999997,0.961
114006,30057908,NCHLT,P,0.010031,0.979
114006,30057908,NCHJG,P,0.018034,0.95
114006,30057908,NCHSL,P,0.0067659999999999994,0.909
114006,30057908,NCCBS,P,0.006761999999999999,0.827
114006,30057908,NCJHP,P,0.005486999999999999,0.83
114006,30057908,NCCMO,P,-0.0032300000000000002,0.976
114006,30057908,NCHJS,P,0.011102999999999998,0.92
114006,30057908,NCJPS,P,0.009156999999999998,0.949
114006,30057908,NCBVY,P,0.011751,0.989
114006,30057908,NCCCOa,S,-0.0010550000000000004,0.8
114006,30057908,NCCMH,S,0.001488999999999999,0.9
114006,30057908,NCCAO,S,0.0024979999999999994,0.9
114006,30057908,NCCADa,S,0.023309999999999997,0.78
114006,30057908,NCJST,S,0.00029799999999999965,0.92
114006,30057908,NCJCB,S,0.0008889999999999992,0.92
114006,30057908,NCJAL,S,0.019697,0.96
114006,30057908,NCCAL,S,0.0019519999999999997,0.83
114006,30057908,NCJHL,S,0.009881,0.92
114006,30057908,NCJRR,S,0.003986999999999999,0.91
114006,30057908,NCJSS,S,0.007975,0.96
114006,30057908,NCHGS,S,0.006987999999999999,0.94
114006,30057908,NCJEC,S,-0.006755000000000002,0.95
114006,30057908,NCHGW,S,0.023832,0.95
114006,30057908,NCJLX,S,0.002586999999999999,0.84
114006,30057908,NCCDV,S,-0.006620000000000001,0.94
114006,30057908,NCCMP,S,0.009392,0.99
114006,30057908,NCCMJ,S,0.004415,0.95
114006,30057908,NCJBZ,S,0.010539999999999999,0.73
114006,30057908,NCHCA,S,0.019028,0.87
114006,30057908,NCJSG,S,0.017373,0.91
114006,30057908,NCCMR,S,0.021748999999999998,0.99
114006,30057908,NCCOS,S,0.0033999999999999994,0.98
114006,30057908,NCHCR,S,0.0041389999999999995,0.93
114006,30057908,NCJPL,S,0.020218,0.74
114006,30057908,NCJSJ,S,0.0024059999999999993,0.74
114006,30057908,NCJRG,S,0.0020139999999999993,0.92
114006,30057908,NCHCB,S,0.0036819999999999995,0.94
114006,30057908,NCJSC,S,0.02753,0.79
114006,30057908,NCHFE,S,0.011290999999999999,0.94
114006,30057908,NCHPL,S,0.008111,0.94
114006,30057908,NCCST,S,0.016109,0.9
114006,30057908,NCHOR,S,0.005810999999999999,0.79
114006,30057908,NCJSM,S,0.004925,0.86
114006,30057908,NCJSFa,S,-0.0009820000000000002,0.92
114006,30057908,NCCCY,S,0.013985999999999998,0.88
114006,30057908,NCHDLb,S,0.002254999999999999,0.96
114006,30057908,NCCDO,S,-0.008003999999999999,0.77
114006,30057908,NCHLT,S,0.009791999999999999,0.97
114006,30057908,NCHJG,S,0.015359,0.94
114006,30057908,NCHSL,S,0.006425999999999999,0.86
114006,30057908,NCJHP,S,0.006998999999999999,0.84
114006,30057908,NCCMO,S,-0.003236000000000001,0.94
114006,30057908,NCHJS,S,0.011642,0.89
114006,30057908,NCJPS,S,0.007244,0.87
114006,30057908,NCBSL,S,0.022664999999999998,0.78
114006,30057908,NCBVY,S,0.011871999999999999,0.95
114006,30058785,NCCAO,P,-0.0018140000000000031,0.769
114006,30058785,NCJST,P,0.0004279999999999978,0.83
114006,30058785,NCJCB,P,-0.007220000000000004,0.812
114006,30058785,NCJAL,P,0.019119999999999998,0.83
114006,30058785,NCCAL,P,0.0017809999999999979,0.854
114006,30058785,NCCMM,P,0.010240999999999997,0.808
114006,30058785,NCJHL,P,0.003809999999999994,0.793
114006,30058785,NCJRR,P,-0.003131000000000002,0.911
114006,30058785,NCJSS,P,0.008506999999999997,0.838
114006,30058785,NCHGS,P,-0.005207000000000003,0.881
114006,30058785,NCJEC,P,-0.010291000000000002,0.936
114006,30058785,NCJLX,P,0.0016189999999999954,0.868
114006,30058785,NCCDV,P,-0.010765000000000004,0.934
114006,30058785,NCCMP,P,0.0005389999999999978,0.955
114006,30058785,NCCMJ,P,0.002047,0.941
114006,30058785,NCJBZ,P,0.007424999999999998,0.834
114006,30058785,NCHCA,P,0.010995999999999999,0.902
114006,30058785,NCJSG,P,0.016376999999999996,0.857
114006,30058785,NCCMR,P,0.017327999999999996,0.847
114006,30058785,NCJBC,P,-0.003985000000000002,0.839
114006,30058785,NCHCR,P,-0.003709000000000004,0.914
114006,30058785,NCJPL,P,0.014235999999999999,0.749
114006,30058785,NCJSJ,P,-0.0007010000000000002,0.781
114006,30058785,NCJRG,P,-5.100000000000243e-05,0.95
114006,30058785,NCHCB,P,-0.0030000000000000027,0.901
114006,30058785,NCJSC,P,0.025879999999999997,0.877
114006,30058785,NCHFE,P,0.0019859999999999947,0.947
114006,30058785,NCHPL,P,-0.005587000000000002,0.969
114006,30058785,NCCST,P,0.010169999999999998,0.963
114006,30058785,NCHOR,P,0.0019849999999999937,0.825
114006,30058785,NCCSA,P,0.0026669999999999958,0.881
114006,30058785,NCJSM,P,0.0024059999999999984,0.801
114006,30058785,NCJSFa,P,-0.0036340000000000053,0.823
114006,30058785,NCCCY,P,0.013297999999999997,0.776
114006,30058785,NCHDLb,P,-0.008336000000000003,0.965
114006,30058785,NCHLT,P,-0.0002530000000000032,0.956
114006,30058785,NCHJG,P,0.006916999999999996,0.951
114006,30058785,NCHSL,P,-0.006974000000000001,0.914
114006,30058785,NCCBS,P,0.0019879999999999967,0.944
114006,30058785,NCJHP,P,0.006244999999999997,0.818
114006,30058785,NCCMO,P,-0.007353000000000005,0.983
114006,30058785,NCHFP,P,0.00136,0.937
114006,30058785,NCHJS,P,0.004181999999999998,0.929
114006,30058785,NCJPS,P,0.006792999999999997,0.877
114006,30058785,NCBVY,P,0.0009709999999999996,0.982
114006,30058785,NCCMH,S,0.009551999999999998,0.86
114006,30058785,NCCAO,S,-0.005777000000000004,0.8
114006,30058785,NCCADa,S,0.016498999999999996,0.82
114006,30058785,NCJST,S,0.0014879999999999963,0.79
114006,30058785,NCJCB,S,-0.0062410000000000035,0.87
114006,30058785,NCJAL,S,0.016510999999999998,0.9
114006,30058785,NCCAL,S,0.0021029999999999938,0.83
114006,30058785,NCCMM,S,0.007092999999999999,0.9
114006,30058785,NCJHL,S,0.005824999999999997,0.81
114006,30058785,NCJRR,S,-0.0010930000000000037,0.79
114006,30058785,NCJSS,S,0.0025359999999999966,0.91
114006,30058785,NCHGS,S,-0.003356000000000005,0.92
114006,30058785,NCJEC,S,-0.012342000000000006,0.88
114006,30058785,NCJLX,S,-0.00017700000000000354,0.76
114006,30058785,NCCDV,S,-0.013509,0.91
114006,30058785,NCCMP,S,-0.005831000000000003,0.94
114006,30058785,NCCMJ,S,0.004680999999999998,0.92
114006,30058785,NCHCA,S,0.0030709999999999973,0.81
114006,30058785,NCJSG,S,0.013589999999999998,0.86
114006,30058785,NCJTG,S,9.999999999940612e-07,0.88
114006,30058785,NCCMR,S,0.017864999999999995,0.95
114006,30058785,NCCOS,S,-0.005714000000000004,0.96
114006,30058785,NCHCR,S,-0.005487000000000006,0.85
114006,30058785,NCJRG,S,-0.0029510000000000022,0.91
114006,30058785,NCHCB,S,-0.006757000000000006,0.79
114006,30058785,NCHFE,S,0.003040999999999995,0.79
114006,30058785,NCHPL,S,-0.007670000000000003,0.89
114006,30058785,NCCST,S,0.010328999999999998,0.8
114006,30058785,NCJSM,S,0.002140999999999997,0.77
114006,30058785,NCJSFa,S,-0.005892000000000001,0.77
114006,30058785,NCCCY,S,0.017165999999999997,0.82
114006,30058785,NCHDLb,S,-0.009768000000000006,0.82
114006,30058785,NCHLT,S,-0.0017210000000000003,0.94
114006,30058785,NCHJG,S,0.004514999999999998,0.85
114006,30058785,NCHSL,S,-0.005673000000000004,0.82
114006,30058785,NCJHP,S,0.002486999999999996,0.8
114006,30058785,NCCMO,S,-0.0071380000000000055,0.92
114006,30058785,NCHFP,S,-0.0024170000000000025,0.95
114006,30058785,NCHJS,S,-0.0012080000000000007,0.8
114006,30058785,NCJPS,S,0.0028849999999999987,0.78
114006,30058785,NCBVY,S,0.0017009999999999942,0.79
114006,483500,NCCML,P,0.08137599999999999,0.899
114006,483500,NCJBZ,P,0.011593999999999993,0.823
114006,483500,NCHCA,P,-0.020485000000000003,0.869
114006,483500,NCJTG,P,0.008868999999999988,0.797
114006,483500,NCHCR,P,-0.015629000000000004,0.719
114006,483500,NCCMN,P,0.066671,0.867
114006,483500,NCJRG,P,0.019879999999999995,0.807
114006,483500,NCHCB,P,-0.011755000000000015,0.891
114006,483500,NCJSC,P,0.08007199999999999,0.785
114006,483500,NCCDA,P,0.06378599999999998,0.771
114006,483500,NCHDLb,P,-0.015641000000000016,0.756
114006,483500,NCHLT,P,-0.02302800000000002,0.805
114006,483500,NCHJG,P,0.0007539999999999769,0.78
114006,483500,NCCBS,P,0.06402,0.769
114006,483500,NCJHP,P,0.06394399999999999,0.768
114006,483500,NCCMO,P,0.05730099999999999,0.951
114006,483500,NCBSL,P,-0.00825200000000001,0.764
114006,483500,NCCML,S,0.09986399999999998,0.74
114006,483500,NCJSS,S,0.03741399999999999,0.77
114006,483500,NCCOS,S,0.03933599999999998,0.88
114006,483500,NCCVA,S,0.09842399999999998,0.75
126189,126292,NCCSC,P,0.0015510000000000003,0.817
126189,126292,NCCADa,P,0.025261000000000002,0.842
126189,126292,NCJCB,P,0.020794000000000003,0.875
126189,126292,NCCML,P,-0.007375,0.941
126189,126292,NCCAL,P,-0.009824,0.725
126189,126292,NCJHL,P,0.018566000000000003,0.768
126189,126292,NCJRR,P,0.0212,0.889
126189,126292,NCHGS,P,0.025604,0.855
126189,126292,NCJEC,P,0.020787999999999997,0.914
126189,126292,NCHGW,P,0.025349,0.929
126189,126292,NCCDV,P,-0.009411,0.953
126189,126292,NCCMJ,P,-0.011278,0.848
126189,126292,NCCMP,P,0.013759999999999998,0.825
126189,126292,NCJBZ,P,0.019757,0.946
126189,126292,NCHCA,P,0.027029,0.936
126189,126292,NCJSG,P,-0.002585999999999998,0.888
126189,126292,NCCMR,P,-0.007587,0.918
126189,126292,NCHPR,P,0.021833,0.951
126189,126292,NCCVA,P,-0.011140999999999998,0.925
126189,126292,NCJSJ,P,-0.0024719999999999985,0.76
126189,126292,NCHCR,P,0.025352999999999997,0.801
126189,126292,NCCVL,P,-0.010862,0.793
126189,126292,NCJSC,P,-0.003266999999999999,0.791
126189,126292,NCCST,P,-0.0011150000000000014,0.947
126189,126292,NCHPL,P,0.022251000000000003,0.922
126189,126292,NCJBM,P,-0.0026639999999999997,0.872
126189,126292,NCHAZ,P,0.021814000000000004,0.849
126189,126292,NCJPPa,P,-0.0008790000000000013,0.883
126189,126292,NCHDLb,P,0.020912999999999998,0.925
126189,126292,NCHLT,P,0.028339,0.855
126189,126292,NCHJG,P,0.021993000000000002,0.886
126189,126292,NCJHP,P,-0.005885999999999999,0.83
126189,126292,NCHFP,P,0.021370999999999998,0.766
126189,126292,NCBVY,P,0.021778000000000002,0.883
126189,126292,NCCAO,S,0.010912000000000002,0.78
126189,126292,NCCADa,S,0.042302000000000006,0.77
126189,126292,NCJST,S,0.010024000000000002,0.83
126189,126292,NCJCB,S,0.031211,0.82
126189,126292,NCCML,S,-0.020974,0.93
126189,126292,NCCAL,S,-0.023341,0.74
126189,126292,NCHSP,S,0.03984,0.73
126189,126292,NCCMM,S,-0.004258999999999999,0.88
126189,126292,NCJSS,S,0.006689999999999998,0.87
126189,126292,NCHGS,S,0.035087999999999994,0.82
126189,126292,NCJEC,S,0.020780999999999997,0.85
126189,126292,NCJLX,S,-0.0036360000000000003,0.81
126189,126292,NCCDV,S,-0.020457,0.92
126189,126292,NCCMP,S,0.014597000000000002,0.94
126189,126292,NCJBZ,S,0.019264,0.73
126189,126292,NCHCA,S,0.03440700000000001,0.71
126189,126292,NCCMR,S,-0.024604,0.83
126189,126292,NCJBC,S,0.0004359999999999989,0.92
126189,126292,NCCOS,S,-0.0076999999999999985,0.87
126189,126292,NCHPR,S,0.029081,0.83
126189,126292,NCCVA,S,-0.023847,0.94
126189,126292,NCCVL,S,-0.022045,0.8
126189,126292,NCCST,S,-0.004674000000000001,0.74
126189,126292,NCHPL,S,0.03826600000000001,0.75
126189,126292,NCJUC,S,0.009110999999999998,0.75
126189,126389,NCCSC,P,0.00349,0.752
126189,126389,NCCADa,P,0.033381,0.725
126189,126389,NCJCB,P,0.030084,0.724
126189,126389,NCCML,P,0.0006249999999999999,0.948
126189,126389,NCCAL,P,-0.001823,0.749
126189,126389,NCCMM,P,0.013569,0.769
126189,126389,NCJHL,P,0.022498,0.738
126189,126389,NCHGS,P,0.036174,0.816
126189,126389,NCJEC,P,0.026599,0.833
126189,126389,NCHGW,P,0.034108,0.915
126189,126389,NCCDV,P,0.00032700000000000003,0.961
126189,126389,NCCMJ,P,-0.0032140000000000003,0.828
126189,126389,NCCMP,P,0.026691000000000003,0.814
126189,126389,NCHCA,P,0.035849,0.874
126189,126389,NCCMR,P,0.003293,0.888
126189,126389,NCJBC,P,0.011559,0.737
126189,126389,NCHPR,P,0.030644,0.941
126189,126389,NCCVA,P,-0.0016749999999999998,0.895
126189,126389,NCHCR,P,0.031818,0.762
126189,126389,NCCMN,P,0.0007459999999999999,0.929
126189,126389,NCHCB,P,0.029865000000000003,0.84
126189,126389,NCCVL,P,-0.00115,0.869
126189,126389,NCHFE,P,0.032932,0.846
126189,126389,NCCST,P,0.010324,0.937
126189,126389,NCHPL,P,0.035637999999999996,0.899
126189,126389,NCJBM,P,0.004601,0.773
126189,126389,NCHCOb,P,0.032684,0.826
126189,126389,NCHAZ,P,0.031386,0.797
126189,126389,NCJBLb,P,0.009373,0.795
126189,126389,NCHFH,P,0.036617,0.733
126189,126389,NCJPPa,P,0.008959,0.882
126189,126389,NCHDLb,P,0.031866,0.897
126189,126389,NCCSH,P,-7.799999999999994e-05,0.746
126189,126389,NCHLT,P,0.038794999999999996,0.906
126189,126389,NCHJG,P,0.033936,0.806
126189,126389,NCJHP,P,0.0036810000000000002,0.846
126189,126389,NCCMO,P,0.002305,0.9
126189,126389,NCCLC,P,0.004176,0.739
126189,126389,NCHFP,P,0.032721,0.714
126189,126389,NCHJS,P,0.036704,0.723
126189,126389,NCBVY,P,0.033446,0.842
126189,126389,NCCAO,S,0.022082,0.77
126189,126389,NCCADa,S,0.048107,0.75
126189,126389,NCJST,S,0.011973,0.79
126189,126389,NCJCB,S,0.03788,0.79
126189,126389,NCCML,S,-0.00957,0.89
126189,126389,NCCAL,S,-0.017311999999999998,0.77
126189,126389,NCCMM,S,0.012614,0.88
126189,126389,NCJSS,S,0.014568,0.91
126189,126389,NCHGS,S,0.047569,0.82
126189,126389,NCJEC,S,0.026283,0.85
126189,126389,NCHGW,S,0.040291,0.72
126189,126389,NCCDV,S,-0.009443,0.92
126189,126389,NCCMP,S,0.033867999999999995,0.95
126189,126389,NCCMR,S,-0.004723,0.8
126189,126389,NCJBC,S,0.012868,0.87
126189,126389,NCHPR,S,0.039702999999999995,0.82
126189,126389,NCCVA,S,-0.011804,0.95
126189,126389,NCCMN,S,-0.003206,0.87
126189,126389,NCHCB,S,0.042297999999999995,0.84
126189,126389,NCCVL,S,-0.012285,0.83
126189,126389,NCCST,S,0.016551,0.74
126189,126389,NCHPL,S,0.058976999999999995,0.75
126189,126389,NCJSM,S,0.018544,0.74
126189,126389,NCHFH,S,0.057457,0.75
126189,148939,NCCSC,P,0.037571,0.831
126189,148939,NCCMH,P,0.021406,0.774
126189,148939,NCCADa,P,0.070004,0.87
126189,148939,NCJCB,P,0.046321,0.781
126189,148939,NCCML,P,0.039227,0.969
126189,148939,NCCAL,P,0.027110000000000002,0.764
126189,148939,NCCMM,P,0.047655,0.727
126189,148939,NCJHL,P,0.051239,0.753
126189,148939,NCJRR,P,0.04977,0.862
126189,148939,NCHGW,P,0.073606,0.941
126189,148939,NCCDV,P,0.029848,0.967
126189,148939,NCCMJ,P,0.025998,0.839
126189,148939,NCJBZ,P,0.057839,0.87
126189,148939,NCHCA,P,0.058826,0.947
126189,148939,NCJSG,P,0.042963,0.891
126189,148939,NCCMR,P,0.038716,0.958
126189,148939,NCJTG,P,0.048785999999999996,0.867
126189,148939,NCJBC,P,0.023541,0.77
126189,148939,NCHPR,P,0.052959,0.884
126189,148939,NCJPL,P,0.059609,0.742
126189,148939,NCHCR,P,0.058081,0.841
126189,148939,NCJSJ,P,0.027705,0.74
126189,148939,NCCMN,P,0.021845999999999997,0.946
126189,148939,NCJSC,P,0.049493999999999996,0.827
126189,148939,NCHFE,P,0.062114,0.843
126189,148939,NCCST,P,0.046713,0.895
126189,148939,NCJBM,P,0.028121,0.878
126189,148939,NCJSM,P,0.030126,0.792
126189,148939,NCHAZ,P,0.054335,0.745
126189,148939,NCJSFa,P,0.023138,0.767
126189,148939,NCHFH,P,0.068699,0.753
126189,148939,NCJPPa,P,0.026962,0.782
126189,148939,NCHDLb,P,0.051313,0.902
126189,148939,NCCSH,P,0.027447,0.758
126189,148939,NCHJG,P,0.06901,0.921
126189,148939,NCHFP,P,0.058655,0.832
126189,148939,NCBVY,P,0.058945,0.871
126189,148939,NCHQR,P,0.069102,0.724
126189,148939,NCCMH,S,0.019006000000000002,0.72
126189,148939,NCCAO,S,0.041947,0.77
126189,148939,NCCADa,S,0.085812,0.76
126189,148939,NCJST,S,0.046095,0.72
126189,148939,NCJCB,S,0.051207,0.85
126189,148939,NCCML,S,0.027385,0.93
126189,148939,NCCAL,S,0.016086000000000003,0.78
126189,148939,NCHSP,S,0.083508,0.73
126189,148939,NCCMM,S,0.040729,0.93
126189,148939,NCJSS,S,0.036334,0.88
126189,148939,NCHGS,S,0.06640599999999999,0.85
126189,148939,NCJLX,S,0.022133,0.88
126189,148939,NCCDV,S,0.020282,0.93
126189,148939,NCCMP,S,0.050922999999999996,0.98
126189,148939,NCHCA,S,0.062572,0.74
126189,148939,NCJSG,S,0.037444,0.72
126189,148939,NCCMR,S,0.024425999999999996,0.85
126189,148939,NCHPR,S,0.054232,0.81
126189,148939,NCCMN,S,0.017691,0.87
126189,148939,NCCST,S,0.037209,0.73
126189,148939,NCJSM,S,0.027096000000000002,0.74
126189,148939,NCCSH,S,0.026929,0.77
126189,160503,NCCADa,P,0.038209,0.937
126189,160503,NCJCB,P,0.013922999999999998,0.748
126189,160503,NCCML,P,0.035507,0.849
126189,160503,NCHSP,P,0.03618,0.728
126189,160503,NCCMM,P,0.034467,0.744
126189,160503,NCJHL,P,0.023659,0.742
126189,160503,NCJEC,P,0.010603999999999999,0.86
126189,160503,NCHGW,P,0.040623,0.964
126189,160503,NCCDV,P,0.027122999999999998,0.893
126189,160503,NCCMJ,P,0.023666,0.711
126189,160503,NCCMP,P,0.027954,0.907
126189,160503,NCHCA,P,0.022279,0.95
126189,160503,NCJBC,P,0.010421999999999997,0.729
126189,160503,NCCVA,P,0.020953,0.739
126189,160503,NCHPR,P,0.024118,0.837
126189,160503,NCHCR,P,0.022226999999999997,0.922
126189,160503,NCJSC,P,0.039927,0.887
126189,160503,NCHFE,P,0.027982999999999997,0.876
126189,160503,NCCST,P,0.036816999999999996,0.849
126189,160503,NCHAZ,P,0.02275,0.769
126189,160503,NCJPPa,P,0.018963,0.734
126189,160503,NCHBT,P,0.022344999999999997,0.702
126189,160503,NCHDLb,P,0.020649999999999998,0.934
126189,160503,NCHFP,P,0.040484,0.901
126189,160503,NCBVY,P,0.039164,0.93
126189,160503,NCCSC,S,0.021273,0.71
126189,160503,NCCADa,S,0.037330999999999996,0.88
126189,160503,NCJST,S,0.024194999999999998,0.84
126189,160503,NCJCB,S,0.014484999999999998,0.92
126189,160503,NCCML,S,0.030624,0.86
126189,160503,NCHSP,S,0.037079,0.8
126189,160503,NCCMM,S,0.034626,0.85
126189,160503,NCJSS,S,0.02004,0.96
126189,160503,NCHGS,S,0.024201999999999998,0.9
126189,160503,NCJEC,S,0.008437,0.83
126189,160503,NCJLX,S,0.01405,0.8
126189,160503,NCHGW,S,0.040036999999999996,0.87
126189,160503,NCCDV,S,0.024859,0.85
126189,160503,NCCMJ,S,0.0208,0.8
126189,160503,NCCMP,S,0.027367,0.98
126189,160503,NCHCA,S,0.029536999999999997,0.83
126189,160503,NCJSG,S,0.045135999999999996,0.72
126189,160503,NCJBC,S,0.016328,0.79
126189,160503,NCCOS,S,0.03423,0.9
126189,160503,NCCVA,S,0.030608,0.93
126189,160503,NCHPR,S,0.028052999999999998,0.86
126189,160503,NCHCB,S,0.019754999999999998,0.75
126189,160503,NCJSC,S,0.046752,0.78
126189,160503,NCHFE,S,0.040714,0.79
126189,160503,NCCST,S,0.048867999999999995,0.71
126189,160503,NCJUC,S,0.033367,0.75
126189,160503,NCHFH,S,0.045439999999999994,0.88
126189,160503,NCJPPa,S,0.028428,0.72
126189,160503,NCHDLb,S,0.029865,0.72
126189,160503,NCHFP,S,0.033177,0.72
126189,160503,NCBVY,S,0.028235,0.83
126189,215747,NCCSC,P,0.021322,0.703
126189,215747,NCCMH,P,0.007935999999999999,0.713
126189,215747,NCCADa,P,0.052555000000000004,0.869
126189,215747,NCJST,P,0.029826,0.726
126189,215747,NCJCB,P,0.03038,0.832
126189,215747,NCCML,P,0.024139999999999998,0.917
126189,215747,NCCAL,P,0.011329,0.774
126189,215747,NCJHL,P,0.036905,0.727
126189,215747,NCJRR,P,0.032884,0.779
126189,215747,NCHGW,P,0.05874,0.942
126189,215747,NCCDV,P,0.0014429999999999998,0.963
126189,215747,NCCMJ,P,0.010872,0.875
126189,215747,NCCMP,P,0.035694000000000004,0.8
126189,215747,NCJBZ,P,0.040805,0.835
126189,215747,NCHCA,P,0.04292,0.921
126189,215747,NCCMR,P,0.030102,0.946
126189,215747,NCJTG,P,0.033642,0.758
126189,215747,NCJPL,P,0.044774,0.721
126189,215747,NCHCR,P,0.04061,0.861
126189,215747,NCCMN,P,0.006454999999999999,0.901
126189,215747,NCHCB,P,0.032309,0.739
126189,215747,NCJSC,P,0.026344,0.789
126189,215747,NCHFE,P,0.04566,0.745
126189,215747,NCCST,P,0.031245000000000002,0.933
126189,215747,NCJBM,P,0.011242,0.84
126189,215747,NCHAZ,P,0.037903,0.833
126189,215747,NCJSFa,P,0.009337999999999999,0.768
126189,215747,NCJPPa,P,0.012456,0.821
126189,215747,NCHSFb,P,0.038665,0.753
126189,215747,NCJHP,P,0.014162,0.844
126189,215747,NCHFP,P,0.043712,0.761
126189,215747,NCBVY,P,0.043103,0.834
126189,215747,NCCADa,S,0.06808,0.81
126189,215747,NCJST,S,0.029695,0.77
126189,215747,NCJCB,S,0.039814,0.85
126189,215747,NCCML,S,0.011647,0.91
126189,215747,NCCAL,S,-0.0003620000000000012,0.76
126189,215747,NCHSP,S,0.06754,0.74
126189,215747,NCHGS,S,0.050672999999999996,0.87
126189,215747,NCJLX,S,0.010053,0.88
126189,215747,NCCDV,S,-0.007881000000000003,0.92
126189,215747,NCCMP,S,0.036054,0.96
126189,215747,NCHCA,S,0.04983,0.76
126189,215747,NCCMR,S,0.01609,0.8
126189,215747,NCJBC,S,-0.00039000000000000146,0.73
126189,215747,NCCMN,S,0.0022499999999999985,0.84
126189,215747,NCHCB,S,0.033305,0.71
126189,215747,NCCST,S,0.02418,0.78
126189,215747,NCJSM,S,0.013863,0.73
126189,215747,NCHAZ,S,0.043032,0.72
126189,238704,NCCCOa,P,0.0012029999999999992,0.725
126189,238704,NCCSC,P,0.010233999999999998,0.926
126189,238704,NCCMH,P,0.007403999999999999,0.912
126189,238704,NCCADa,P,0.019788,0.988
126189,238704,NCJST,P,0.007201999999999998,0.823
126189,238704,NCJCB,P,-0.00016000000000000042,0.889
126189,238704,NCCML,P,0.020465999999999998,0.996
126189,238704,NCCAL,P,0.009479,0.958
126189,238704,NCHSP,P,0.018410000000000003,0.878
126189,238704,NCJHL,P,0.010368,0.909
126189,238704,NCJRR,P,0.003124,0.914
126189,238704,NCJSS,P,0.0113,0.784
126189,238704,NCHGS,P,0.008020999999999999,0.93
126189,238704,NCJEC,P,-0.0046240000000000005,0.907
126189,238704,NCJLX,P,0.004765,0.775
126189,238704,NCHGW,P,0.023244,0.98
126189,238704,NCCDV,P,-0.0013380000000000006,0.966
126189,238704,NCCMJ,P,0.010185999999999999,0.967
126189,238704,NCCMP,P,0.010555,0.967
126189,238704,NCJBZ,P,0.014226999999999998,0.878
126189,238704,NCJSG,P,0.021859999999999997,0.953
126189,238704,NCHCA,P,0.007481,0.954
126189,238704,NCCMR,P,0.026484999999999995,0.929
126189,238704,NCJTG,P,0.009236,0.924
126189,238704,NCJBC,P,-0.0034140000000000004,0.78
126189,238704,NCJPL,P,0.018092999999999998,0.781
126189,238704,NCCMN,P,0.003535,0.91
126189,238704,NCHCR,P,0.005127999999999999,0.902
126189,238704,NCJSC,P,0.019825999999999996,0.923
126189,238704,NCCST,P,0.020769000000000003,0.955
126189,238704,NCHPL,P,0.009026999999999999,0.967
126189,238704,NCJBM,P,0.004593999999999999,0.849
126189,238704,NCJSM,P,0.003854999999999999,0.759
126189,238704,NCHAZ,P,0.0047220000000000005,0.743
126189,238704,NCJSFa,P,0.001575,0.894
126189,238704,NCJUC,P,0.006843,0.747
126189,238704,NCCPL,P,0.022080000000000002,0.909
126189,238704,NCJBLb,P,0.0011929999999999996,0.79
126189,238704,NCJPPa,P,0.0031929999999999997,0.888
126189,238704,NCHSFb,P,0.006670000000000001,0.857
126189,238704,NCJHP,P,0.008631999999999999,0.959
126189,238704,NCJPS,P,0.011946,0.895
126189,238704,NCCLC,P,0.003653,0.781
126189,238704,NCHFP,P,0.011097999999999998,0.952
126189,238704,NCBVY,P,0.011076,0.924
126189,238704,NCCCOa,S,0.0009350000000000001,0.92
126189,238704,NCCSC,S,0.010232,0.85
126189,238704,NCCMH,S,0.007746000000000001,0.95
126189,238704,NCCADa,S,0.017493,0.96
126189,238704,NCJST,S,0.008164,0.94
126189,238704,NCJCB,S,-4.999999999999796e-06,0.97
126189,238704,NCCML,S,0.021612,0.99
126189,238704,NCCAL,S,0.01034,0.94
126189,238704,NCHSP,S,0.017776,0.93
126189,238704,NCJHL,S,0.011357999999999998,0.89
126189,238704,NCJRR,S,0.003216,0.9
126189,238704,NCJSS,S,0.007833999999999999,0.9
126189,238704,NCHGS,S,0.0072239999999999995,0.93
126189,238704,NCJEC,S,-0.006413,0.89
126189,238704,NCJLX,S,0.004366999999999999,0.95
126189,238704,NCHGW,S,0.022920999999999997,0.96
126189,238704,NCCDV,S,-4.4000000000000636e-05,0.99
126189,238704,NCCMJ,S,0.010490000000000001,0.98
126189,238704,NCCMP,S,0.009879999999999998,0.99
126189,238704,NCJSG,S,0.020915000000000003,0.94
126189,238704,NCHCA,S,0.007791000000000001,0.93
126189,238704,NCCMR,S,0.028548999999999998,0.98
126189,238704,NCJTG,S,0.009209,0.79
126189,238704,NCJBC,S,-0.005241000000000001,0.88
126189,238704,NCCVA,S,0.008873999999999998,0.99
126189,238704,NCJPL,S,0.016592999999999997,0.74
126189,238704,NCCMN,S,0.006213999999999999,0.94
126189,238704,NCHCR,S,0.0044930000000000005,0.83
126189,238704,NCJRG,S,0.004255999999999999,0.77
126189,238704,NCHCB,S,-0.0012440000000000003,0.88
126189,238704,NCJSC,S,0.019402000000000003,0.91
126189,238704,NCCST,S,0.021497000000000002,0.88
126189,238704,NCHPL,S,0.004808999999999999,0.86
126189,238704,NCJBM,S,0.003818,0.8
126189,238704,NCHOR,S,0.006979999999999998,0.79
126189,238704,NCJSM,S,0.0048319999999999995,0.87
126189,238704,NCHAZ,S,0.004697999999999999,0.83
126189,238704,NCJSFa,S,0.0010229999999999996,0.84
126189,238704,NCJUC,S,0.006833999999999998,0.88
126189,238704,NCCPL,S,0.020855,0.96
126189,238704,NCJPPa,S,0.0021939999999999998,0.92
126189,238704,NCHSFb,S,0.0019629999999999995,0.87
126189,238704,NCJHP,S,0.007857000000000001,0.78
126189,238704,NCJPS,S,0.008272,0.82
126189,238704,NCCLC,S,-0.0017439999999999999,0.83
126189,238704,NCHFP,S,0.006605999999999999,0.88
126189,238704,NCBVY,S,0.0014780000000000001,0.96
126189,238790,NCCSC,P,0.017402000000000004,0.817
126189,238790,NCCMH,P,0.005992000000000001,0.748
126189,238790,NCCADa,P,0.03976700000000001,0.935
126189,238790,NCJST,P,0.020010999999999998,0.757
126189,238790,NCJCB,P,0.017721000000000004,0.78
126189,238790,NCCML,P,0.021506,0.972
126189,238790,NCCAL,P,0.008477000000000002,0.854
126189,238790,NCHSP,P,0.040623000000000006,0.802
126189,238790,NCJHL,P,0.026602000000000004,0.768
126189,238790,NCJRR,P,0.020413000000000004,0.83
126189,238790,NCHGS,P,0.027587999999999998,0.883
126189,238790,NCJEC,P,0.012663000000000004,0.841
126189,238790,NCHGW,P,0.043363,0.922
126189,238790,NCCDV,P,-0.001010999999999998,0.958
126189,238790,NCCMJ,P,0.008521999999999998,0.888
126189,238790,NCCMP,P,0.02478,0.868
126189,238790,NCJBZ,P,0.03203400000000001,0.874
126189,238790,NCHCA,P,0.027436,0.936
126189,238790,NCJSG,P,0.026092,0.838
126189,238790,NCCMR,P,0.026151999999999998,0.902
126189,238790,NCJTG,P,0.024721000000000003,0.829
126189,238790,NCJBC,P,0.005182000000000003,0.731
126189,238790,NCHCR,P,0.025304000000000004,0.831
126189,238790,NCJSC,P,0.023299999999999998,0.886
126189,238790,NCCST,P,0.024198,0.873
126189,238790,NCHPL,P,0.026974,0.928
126189,238790,NCJBM,P,0.008729999999999998,0.871
126189,238790,NCJSM,P,0.00937,0.789
126189,238790,NCHAZ,P,0.023237000000000004,0.767
126189,238790,NCJSFa,P,0.0027019999999999995,0.75
126189,238790,NCCPL,P,0.01875,0.801
126189,238790,NCJPPa,P,0.008173000000000003,0.823
126189,238790,NCJHP,P,0.009645999999999998,0.952
126189,238790,NCHFP,P,0.029793999999999998,0.848
126189,238790,NCBVY,P,0.029555,0.938
126189,238790,NCCSC,S,0.018958,0.72
126189,238790,NCCMH,S,0.0026900000000000014,0.82
126189,238790,NCCADa,S,0.04750700000000001,0.83
126189,238790,NCJST,S,0.019444,0.85
126189,238790,NCJCB,S,0.024057,0.86
126189,238790,NCCML,S,0.012750000000000001,0.95
126189,238790,NCCAL,S,0.0012209999999999999,0.82
126189,238790,NCHSP,S,0.044757000000000005,0.73
126189,238790,NCJHL,S,0.023641,0.75
126189,238790,NCJSS,S,0.019714,0.95
126189,238790,NCHGS,S,0.030522999999999998,0.9
126189,238790,NCJEC,S,0.011796999999999998,0.78
126189,238790,NCJLX,S,0.006944000000000002,0.86
126189,238790,NCHGW,S,0.046973,0.75
126189,238790,NCCDV,S,-0.008337999999999998,0.96
126189,238790,NCCMJ,S,0.0015800000000000015,0.8
126189,238790,NCCMP,S,0.022776,0.98
126189,238790,NCHCA,S,0.030383000000000004,0.83
126189,238790,NCJSG,S,0.023521999999999998,0.77
126189,238790,NCCMR,S,0.017558,0.91
126189,238790,NCJBC,S,0.0003610000000000002,0.88
126189,238790,NCCVA,S,-0.0007150000000000004,0.98
126189,238790,NCHCB,S,0.018371000000000002,0.81
126189,238790,NCJSC,S,0.018997000000000003,0.83
126189,238790,NCCST,S,0.020593999999999998,0.82
126189,238790,NCHPL,S,0.033609,0.9
126189,238790,NCJSM,S,0.009400000000000002,0.81
126189,238790,NCJUC,S,0.016874000000000004,0.71
126189,238790,NCBVY,S,0.022663,0.82
126189,30062741,NCCADa,P,0.029336,0.817
126189,30062741,NCJST,P,-9.200000000000874e-05,0.759
126189,30062741,NCJCB,P,0.0020550000000000013,0.826
126189,30062741,NCCML,P,0.022602999999999984,0.905
126189,30062741,NCHSP,P,0.019968999999999987,0.825
126189,30062741,NCJHL,P,0.01152700000000001,0.848
126189,30062741,NCJRR,P,0.004739999999999994,0.821
126189,30062741,NCHGS,P,0.009707999999999994,0.921
126189,30062741,NCJEC,P,-0.002035000000000009,0.889
126189,30062741,NCCDV,P,0.0007889999999999842,0.929
126189,30062741,NCCMJ,P,0.010358000000000006,0.832
126189,30062741,NCCMP,P,0.012845999999999996,0.892
126189,30062741,NCJBZ,P,0.013162000000000007,0.813
126189,30062741,NCJSG,P,0.01772399999999999,0.778
126189,30062741,NCHCA,P,0.016580999999999985,0.879
126189,30062741,NCJBC,P,0.0028479999999999894,0.746
126189,30062741,NCHCR,P,0.009227999999999986,0.899
126189,30062741,NCHCB,P,0.009218000000000004,0.888
126189,30062741,NCJSC,P,0.028902999999999998,0.912
126189,30062741,NCHFE,P,0.01164599999999999,0.926
126189,30062741,NCCST,P,0.021431000000000006,0.889
126189,30062741,NCHAZ,P,0.009195000000000009,0.859
126189,30062741,NCHBT,P,0.011191000000000006,0.818
126189,30062741,NCHFP,P,0.016074000000000005,0.841
126189,30062741,NCBVY,P,0.012780999999999987,0.879
126189,30062741,NCCMH,S,0.0038819999999999966,0.75
126189,30062741,NCCAO,S,0.006668000000000007,0.81
126189,30062741,NCCADa,S,0.027369000000000004,0.79
126189,30062741,NCJST,S,0.0048699999999999855,0.84
126189,30062741,NCJCB,S,0.006735999999999992,0.89
126189,30062741,NCCML,S,0.01915,0.91
126189,30062741,NCCAL,S,0.006430999999999992,0.76
126189,30062741,NCHSP,S,0.021235000000000004,0.83
126189,30062741,NCJHL,S,0.012812999999999991,0.74
126189,30062741,NCJRR,S,0.005470000000000003,0.74
126189,30062741,NCJSS,S,0.008560999999999985,0.93
126189,30062741,NCHGS,S,0.010320999999999997,0.91
126189,30062741,NCJEC,S,-0.0008599999999999997,0.88
126189,30062741,NCCDV,S,-0.0011790000000000134,0.93
126189,30062741,NCCMJ,S,0.00803000000000001,0.82
126189,30062741,NCCMP,S,0.014655000000000001,0.95
126189,30062741,NCHCA,S,0.019401,0.77
126189,30062741,NCJBC,S,0.0004250000000000087,0.8
126189,30062741,NCHCB,S,0.0063,0.9
126189,30062741,NCJSC,S,0.028830999999999996,0.85
126189,30062741,NCHFE,S,0.017095,0.81
126189,30062741,NCCST,S,0.022285,0.86
126189,30062741,NCHOR,S,0.011086999999999986,0.71
126189,30062741,NCBVY,S,0.003950000000000009,0.86
126189,30069222,NCJCB,P,0.029493,0.726
126189,30069222,NCCML,P,0.018320999999999997,0.943
126189,30069222,NCCAL,P,0.0015469999999999998,0.716
126189,30069222,NCHGS,P,0.044109999999999996,0.759
126189,30069222,NCJEC,P,0.020261,0.728
126189,30069222,NCHGW,P,0.058588,0.899
126189,30069222,NCCDV,P,-0.004033999999999999,0.907
126189,30069222,NCCMJ,P,0.0032249999999999987,0.739
126189,30069222,NCJBZ,P,0.03700200000000001,0.802
126189,30069222,NCJSG,P,0.021309,0.854
126189,30069222,NCCMR,P,0.027368999999999997,0.908
126189,30069222,NCCVA,P,-0.0007789999999999984,0.802
126189,30069222,NCJSJ,P,0.008398000000000003,0.753
126189,30069222,NCHCR,P,0.037692,0.769
126189,30069222,NCCMN,P,0.0014889999999999973,0.773
126189,30069222,NCJSC,P,0.030514,0.787
126189,30069222,NCHFE,P,0.046604999999999994,0.8
126189,30069222,NCCST,P,0.028045,0.907
126189,30069222,NCJBM,P,0.008405000000000003,0.805
126189,30069222,NCHAZ,P,0.038688,0.757
126189,30069222,NCJSFa,P,0.0008150000000000032,0.704
126189,30069222,NCCLC,P,0.0030050000000000007,0.751
126189,30069222,NCHFP,P,0.047026,0.719
126189,30069222,NCBVY,P,0.04371,0.76
126189,30069222,NCCAO,S,0.02835,0.75
126189,30069222,NCJST,S,0.013391,0.72
126189,30069222,NCJCB,S,0.03873,0.75
126189,30069222,NCCML,S,0.008282999999999999,0.9
126189,30069222,NCCAL,S,-0.015396,0.72
126189,30069222,NCJSS,S,0.020014999999999998,0.87
126189,30069222,NCHGS,S,0.054279999999999995,0.76
126189,30069222,NCCDV,S,-0.013515,0.88
126189,30069222,NCCMR,S,0.016690999999999998,0.8
126189,30069222,NCCVA,S,-0.010301000000000001,0.94
126189,30069222,NCCMN,S,0.001233999999999999,0.82
126189,30069222,NCCST,S,0.026855999999999998,0.71
126189,30092060,NCCMH,P,-0.0004170000000000007,0.784
126189,30092060,NCCADa,P,0.04723699999999999,0.761
126189,30092060,NCJCB,P,0.01847299999999999,0.792
126189,30092060,NCCML,P,0.015535999999999994,0.929
126189,30092060,NCCAL,P,-0.0006880000000000219,0.82
126189,30092060,NCHSP,P,0.041892999999999986,0.718
126189,30092060,NCJRR,P,0.021116999999999997,0.814
126189,30092060,NCJEC,P,0.014158000000000004,0.718
126189,30092060,NCHGW,P,0.044652999999999984,0.893
126189,30092060,NCCDV,P,-0.008522000000000002,0.966
126189,30092060,NCCMJ,P,0.0005059999999999787,0.841
126189,30092060,NCHCA,P,0.02943599999999999,0.947
126189,30092060,NCJSG,P,0.017172999999999994,0.855
126189,30092060,NCJBC,P,0.0010949999999999849,0.771
126189,30092060,NCCVA,P,-0.0028820000000000234,0.902
126189,30092060,NCJSJ,P,0.0023249999999999937,0.741
126189,30092060,NCHCR,P,0.02734199999999999,0.853
126189,30092060,NCJSC,P,0.026031999999999986,0.726
126189,30092060,NCHFE,P,0.032218999999999984,0.796
126189,30092060,NCCST,P,0.018883999999999984,0.954
126189,30092060,NCJBM,P,0.002692,0.801
126189,30092060,NCHDLb,P,0.02049799999999999,0.881
126189,30092060,NCHFP,P,0.030829999999999996,0.793
126189,30092060,NCBVY,P,0.030396999999999993,0.851
126189,30092060,NCCMH,S,-0.0024000000000000132,0.73
126189,30092060,NCCADa,S,0.058070999999999984,0.74
126189,30092060,NCJST,S,0.015300999999999981,0.75
126189,30092060,NCJCB,S,0.027870999999999993,0.84
126189,30092060,NCCML,S,0.004183999999999993,0.93
126189,30092060,NCCAL,S,-0.011313000000000017,0.81
126189,30092060,NCHSP,S,0.05192799999999999,0.77
126189,30092060,NCJSS,S,0.015791,0.9
126189,30092060,NCJLX,S,0.0020479999999999943,0.88
126189,30092060,NCCDV,S,-0.016945000000000016,0.93
126189,30092060,NCHCA,S,0.03356799999999999,0.74
126189,30092060,NCCVA,S,-0.01185,0.96
126189,30092060,NCCST,S,0.01421,0.75
126189,389286,NCCMH,P,-0.010506000000000001,0.706
126189,389286,NCJCB,P,0.018372,0.818
126189,389286,NCJRR,P,0.022269999999999998,0.801
126189,389286,NCJEC,P,0.013409,0.788
126189,389286,NCHGW,P,0.047817,0.91
126189,389286,NCCDV,P,-0.014178999999999997,0.931
126189,389286,NCCMJ,P,-0.006839999999999999,0.789
126189,389286,NCHCA,P,0.038847,0.777
126189,389286,NCJSG,P,0.011817000000000001,0.887
126189,389286,NCCMR,P,0.013804,0.885
126189,389286,NCJTG,P,0.020992,0.761
126189,389286,NCCVA,P,-0.009416,0.886
126189,389286,NCJPL,P,0.030961000000000002,0.761
126189,389286,NCJSJ,P,-0.0012479999999999991,0.761
126189,389286,NCHCR,P,0.028496,0.84
126189,389286,NCHFE,P,0.035767,0.743
126189,389286,NCCST,P,0.015638,0.87
126189,389286,NCJBM,P,-0.0011569999999999983,0.852
126189,389286,NCJSM,P,0.0010620000000000004,0.73
126189,389286,NCHAZ,P,0.026581,0.734
126189,389286,NCJSFa,P,-0.008529000000000002,0.705
126189,389286,NCHDLb,P,0.021071,0.904
126189,389286,NCJHP,P,-0.001112999999999996,0.879
126189,389286,NCHFP,P,0.031541,0.768
126189,389286,NCJST,S,0.017309,0.72
126189,389286,NCJCB,S,0.028216,0.83
126189,389286,NCJSS,S,0.011981000000000002,0.87
126189,389286,NCHGS,S,0.039065,0.84
126189,389286,NCJLX,S,-0.0035250000000000004,0.81
126189,389286,NCCDV,S,-0.025750999999999996,0.9
126189,389286,NCCMR,S,-0.0026259999999999964,0.83
126189,389286,NCCVA,S,-0.016743,0.9
126189,389286,NCHCB,S,0.023601,0.73
126189,478138,NCCMH,P,0.03215799999999999,0.764
126189,478138,NCCAO,P,0.030461000000000016,0.843
126189,478138,NCCADa,P,0.049489000000000005,0.869
126189,478138,NCJST,P,0.031523999999999996,0.961
126189,478138,NCCML,P,0.04531800000000001,0.943
126189,478138,NCCAL,P,0.031018000000000018,0.932
126189,478138,NCHSP,P,0.04369200000000001,0.868
126189,478138,NCJHL,P,0.034623000000000015,0.814
126189,478138,NCJLX,P,0.029857999999999996,0.925
126189,478138,NCCDV,P,0.021743000000000012,0.972
126189,478138,NCCMJ,P,0.032968,0.938
126189,478138,NCCMP,P,0.036705000000000015,0.809
126189,478138,NCHCA,P,0.034772,0.925
126189,478138,NCCMR,P,0.04139000000000001,0.945
126189,478138,NCJTG,P,0.030369000000000007,0.878
126189,478138,NCCOS,P,0.03189600000000001,0.773
126189,478138,NCCVA,P,0.030374000000000012,0.975
126189,478138,NCHCR,P,0.034464999999999996,0.927
126189,478138,NCHCB,P,0.031214999999999993,0.908
126189,478138,NCJSC,P,0.054022,0.838
126189,478138,NCHFE,P,0.039827,0.954
126189,478138,NCJBM,P,0.030717999999999995,0.936
126189,478138,NCJSM,P,0.03145600000000001,0.853
126189,478138,NCJSFa,P,0.028934000000000015,0.892
126189,478138,NCJPS,P,0.038596000000000005,0.891
126189,478138,NCCMH,S,0.032053,0.86
126189,478138,NCCAO,S,0.030367000000000005,0.87
126189,478138,NCCADa,S,0.047656000000000004,0.84
126189,478138,NCJST,S,0.033028,0.93
126189,478138,NCCML,S,0.04595200000000001,0.97
126189,478138,NCCAL,S,0.029986000000000013,0.93
126189,478138,NCHSP,S,0.044044,0.92
126189,478138,NCJHL,S,0.036604,0.87
126189,478138,NCJLX,S,0.02870500000000001,0.95
126189,478138,NCCDV,S,0.023335999999999996,0.97
126189,478138,NCCMJ,S,0.03295400000000001,0.95
126189,478138,NCHCA,S,0.03558,0.92
126189,478138,NCCMR,S,0.039121,0.95
126189,478138,NCJBC,S,0.02404500000000001,0.87
126189,478138,NCCOS,S,0.030556,0.94
126189,478138,NCCVA,S,0.031154000000000015,0.99
126189,478138,NCJPL,S,0.03910000000000001,0.77
126189,478138,NCHCR,S,0.03653200000000001,0.86
126189,478138,NCJRG,S,0.030948000000000003,0.8
126189,478138,NCHCB,S,0.025789000000000006,0.9
126189,478138,NCJSC,S,0.053445000000000006,0.87
126189,478138,NCHFE,S,0.040885000000000005,0.9
126189,478138,NCJBM,S,0.030119000000000007,0.9
126189,478138,NCJSM,S,0.032744999999999996,0.82
126189,478138,NCJSFa,S,0.028795000000000015,0.81
126189,478138,NCJPS,S,0.034241999999999995,0.74
126189,483500,NCCVA,P,0.05974499999999999,0.801
126189,483500,NCCMN,P,0.06193199999999999,0.769
126189,529274,NCCMH,P,0.011835999999999985,0.786
126189,529274,NCCADa,P,0.056958999999999996,0.727
126189,529274,NCJST,P,0.030800999999999995,0.757
126189,529274,NCCML,P,0.028559,0.973
126189,529274,NCCAL,P,0.01435800000000001,0.755
126189,529274,NCJHL,P,0.038241,0.828
126189,529274,NCJEC,P,0.03219999999999999,0.898
126189,529274,NCCDV,P,0.004569999999999991,0.94
126189,529274,NCCMJ,P,0.013278999999999985,0.855
126189,529274,NCJBZ,P,0.048431,0.902
126189,529274,NCHCA,P,0.043812000000000004,0.864
126189,529274,NCJBC,P,0.01933299999999999,0.805
126189,529274,NCCVA,P,0.010847999999999997,0.911
126189,529274,NCJSJ,P,0.018015000000000003,0.809
126189,529274,NCHCR,P,0.042317999999999995,0.781
126189,529274,NCCMN,P,0.010069999999999996,0.914
126189,529274,NCHCB,P,0.03794399999999999,0.88
126189,529274,NCJSC,P,0.04073499999999999,0.86
126189,529274,NCHFE,P,0.047843,0.811
126189,529274,NCCST,P,0.03075499999999999,0.951
126189,529274,NCJBM,P,0.017294000000000004,0.839
126189,529274,NCJHP,P,0.016748999999999986,0.851
126189,529274,NCJPS,P,0.024037000000000003,0.706
126189,529274,NCCMH,S,0.009767999999999999,0.77
126189,529274,NCCADa,S,0.06741899999999999,0.77
126189,529274,NCJST,S,0.033456,0.74
126189,529274,NCCML,S,0.018476999999999993,0.95
126189,529274,NCCAL,S,0.006007999999999986,0.79
126189,529274,NCHSP,S,0.062607,0.77
126189,529274,NCJHL,S,0.036135,0.75
126189,529274,NCJSS,S,0.03150699999999999,0.94
126189,529274,NCJEC,S,0.029321,0.84
126189,529274,NCJLX,S,0.01589199999999999,0.86
126189,529274,NCCDV,S,-0.0028880000000000017,0.94
126189,529274,NCJBC,S,0.014369999999999994,0.87
126189,529274,NCCOS,S,0.012056999999999984,0.84
126189,529274,NCCVA,S,0.0008819999999999939,0.94
126189,529274,NCCMN,S,0.008693000000000006,0.89
126189,529274,NCHCB,S,0.036786,0.82
126189,529274,NCJSC,S,0.04031699999999999,0.8
126189,529274,NCCST,S,0.026389999999999997,0.76
126292,126389,NCCSC,P,0.0016150000000000019,0.897
126292,126389,NCCMH,P,0.0014110000000000025,0.863
126292,126389,NCCADa,P,0.008627000000000003,0.8
126292,126389,NCJST,P,0.0032670000000000025,0.771
126292,126389,NCJCB,P,0.009497000000000002,0.736
126292,126389,NCCML,P,0.008128,0.958
126292,126389,NCCAL,P,0.007432000000000001,0.834
126292,126389,NCHSP,P,0.008612000000000002,0.772
126292,126389,NCCMM,P,0.009867,0.848
126292,126389,NCJHL,P,0.0029720000000000024,0.795
126292,126389,NCJRR,P,0.009083,0.747
126292,126389,NCHGS,P,0.010256000000000001,0.946
126292,126389,NCJEC,P,0.006274999999999999,0.818
126292,126389,NCHGW,P,0.009491,0.94
126292,126389,NCCDV,P,0.00997,0.966
126292,126389,NCCMJ,P,0.00892,0.811
126292,126389,NCCMP,P,0.011336000000000002,0.907
126292,126389,NCHCA,P,0.008722,0.906
126292,126389,NCJSG,P,0.008359000000000002,0.884
126292,126389,NCCMR,P,0.010916000000000002,0.961
126292,126389,NCJBC,P,0.007672000000000002,0.735
126292,126389,NCHPR,P,0.008698000000000001,0.903
126292,126389,NCCVA,P,0.009044,0.911
126292,126389,NCHCR,P,0.008264,0.75
126292,126389,NCJSJ,P,0.009639000000000002,0.754
126292,126389,NCCVL,P,0.009977,0.868
126292,126389,NCJSC,P,0.009714,0.786
126292,126389,NCCST,P,0.011327,0.956
126292,126389,NCHPL,P,0.012752,0.941
126292,126389,NCJBM,P,0.009060000000000002,0.868
126292,126389,NCHAZ,P,0.00955,0.872
126292,126389,NCJPPa,P,0.009613,0.921
126292,126389,NCHDLb,P,0.010839000000000001,0.911
126292,126389,NCHLT,P,0.010529,0.901
126292,126389,NCHJG,P,0.011778,0.888
126292,126389,NCJHP,P,0.009712000000000002,0.913
126292,126389,NCCLC,P,0.010056000000000002,0.782
126292,126389,NCHFP,P,0.012110000000000003,0.808
126292,126389,NCBVY,P,0.011613000000000002,0.875
126292,126389,NCHQR,P,0.010115000000000002,0.814
126292,126389,NCCMH,S,0.008259000000000002,0.8
126292,126389,NCCAO,S,0.010964000000000002,0.85
126292,126389,NCCADa,S,0.007571000000000001,0.77
126292,126389,NCJST,S,0.0034199999999999994,0.84
126292,126389,NCJCB,S,0.007267000000000003,0.86
126292,126389,NCCML,S,0.011079000000000002,0.94
126292,126389,NCCAL,S,0.006376,0.81
126292,126389,NCJAL,S,0.004812,0.83
126292,126389,NCHSP,S,0.009726000000000002,0.83
126292,126389,NCCMM,S,0.017355000000000002,0.94
126292,126389,NCJHL,S,0.007636,0.75
126292,126389,NCJSS,S,0.007640000000000001,0.85
126292,126389,NCHGS,S,0.010407,0.88
126292,126389,NCJEC,S,0.004733000000000001,0.84
126292,126389,NCHGW,S,0.011572000000000002,0.71
126292,126389,NCCDV,S,0.011913,0.93
126292,126389,NCCMJ,S,0.011459,0.88
126292,126389,NCCMP,S,0.019090000000000003,0.97
126292,126389,NCHCA,S,0.011646,0.89
126292,126389,NCJSG,S,0.010394,0.79
126292,126389,NCCMR,S,0.018618000000000003,0.88
126292,126389,NCJBC,S,0.011885,0.88
126292,126389,NCHPR,S,0.010844,0.88
126292,126389,NCCVA,S,0.012272000000000002,0.95
126292,126389,NCJRG,S,0.012053000000000001,0.73
126292,126389,NCCVL,S,0.012480000000000002,0.87
126292,126389,NCCST,S,0.023866000000000002,0.81
126292,126389,NCHPL,S,0.020684,0.78
126292,126389,NCJBM,S,0.020054000000000002,0.73
126292,126389,NCJUC,S,0.02172,0.8
126292,126389,NCHFH,S,0.027709,0.71
126292,126389,NCJPPa,S,0.018144,0.72
126292,126389,NCHLT,S,0.02604,0.73
126292,126389,NCHJG,S,0.022983,0.78
126292,126389,NCHFP,S,0.023708,0.75
126292,126389,NCBVY,S,0.024588000000000002,0.81
126292,126389,NCHQR,S,0.0247,0.78
126292,148939,NCCCOa,P,0.028326999999999998,0.758
126292,148939,NCCSC,P,0.034665999999999995,0.87
126292,148939,NCCMH,P,0.033686999999999995,0.914
126292,148939,NCCAO,P,0.031596,0.861
126292,148939,NCCADa,P,0.046144,0.927
126292,148939,NCJST,P,0.032390999999999996,0.94
126292,148939,NCJCB,P,0.024408,0.797
126292,148939,NCCML,P,0.046579999999999996,0.964
126292,148939,NCCAL,P,0.03694599999999999,0.91
126292,148939,NCJAL,P,0.04690299999999999,0.808
126292,148939,NCHSP,P,0.047325,0.876
126292,148939,NCCMM,P,0.04461299999999999,0.893
126292,148939,NCJHL,P,0.033045,0.837
126292,148939,NCJRR,P,0.028718999999999995,0.914
126292,148939,NCJSS,P,0.034024,0.712
126292,148939,NCHGW,P,0.04892,0.988
126292,148939,NCCDV,P,0.03926399999999999,0.99
126292,148939,NCJBZ,P,0.03813999999999999,0.868
126292,148939,NCHCA,P,0.031762,0.964
126292,148939,NCJSG,P,0.046965999999999994,0.902
126292,148939,NCCMR,P,0.04629,0.924
126292,148939,NCHPR,P,0.030690999999999996,0.893
126292,148939,NCHCR,P,0.032078999999999996,0.956
126292,148939,NCHFE,P,0.037866,0.848
126292,148939,NCCST,P,0.048077999999999996,0.949
126292,148939,NCJBM,P,0.030712999999999997,0.951
126292,148939,NCHAZ,P,0.032262,0.829
126292,148939,NCJPPa,P,0.027925,0.843
126292,148939,NCHDLb,P,0.030406999999999997,0.936
126292,148939,NCHJG,P,0.047118999999999994,0.891
126292,148939,NCHFP,P,0.037877999999999995,0.896
126292,148939,NCHQR,P,0.04832499999999999,0.808
126292,148939,NCCCOa,S,0.028369999999999992,0.85
126292,148939,NCCSC,S,0.034907999999999995,0.87
126292,148939,NCCMH,S,0.034061999999999995,0.93
126292,148939,NCCAO,S,0.030889999999999994,0.94
126292,148939,NCCADa,S,0.043587999999999995,0.87
126292,148939,NCJST,S,0.036244,0.88
126292,148939,NCJCB,S,0.022999999999999993,0.94
126292,148939,NCCML,S,0.047847999999999995,0.98
126292,148939,NCCAL,S,0.038699,0.97
126292,148939,NCJAL,S,0.044170999999999995,0.93
126292,148939,NCHSP,S,0.045489999999999996,0.86
126292,148939,NCCMM,S,0.04586899999999999,0.94
126292,148939,NCJHL,S,0.03297099999999999,0.79
126292,148939,NCJRR,S,0.028168,0.91
126292,148939,NCJSS,S,0.028557,0.93
126292,148939,NCHGW,S,0.048036999999999996,0.97
126292,148939,NCCDV,S,0.040376999999999996,0.99
126292,148939,NCCMJ,S,0.037593999999999995,0.96
126292,148939,NCCMP,S,0.036400999999999996,0.97
126292,148939,NCHCA,S,0.030021999999999993,0.94
126292,148939,NCJSG,S,0.046463,0.9
126292,148939,NCCMR,S,0.047879,0.97
126292,148939,NCHPR,S,0.025969,0.89
126292,148939,NCHCR,S,0.033162,0.88
126292,148939,NCHFE,S,0.038133999999999994,0.84
126292,148939,NCCST,S,0.04529999999999999,0.77
126292,148939,NCJBM,S,0.029816999999999996,0.9
126292,148939,NCHAZ,S,0.031488999999999996,0.76
126292,148939,NCJUC,S,0.028719999999999996,0.79
126292,148939,NCJPPa,S,0.027574999999999995,0.72
126292,148939,NCHDLb,S,0.036352999999999996,0.78
126292,148939,NCHJG,S,0.055896999999999995,0.86
126292,148939,NCHFP,S,0.046782,0.89
126292,148939,NCHQR,S,0.055348999999999995,0.74
126292,160503,NCCSC,P,0.019726,0.739
126292,160503,NCCADa,P,0.012428999999999996,0.856
126292,160503,NCJCB,P,-0.007037000000000002,0.749
126292,160503,NCCML,P,0.042238,0.897
126292,160503,NCCMM,P,0.031805,0.724
126292,160503,NCHGW,P,0.014757,0.902
126292,160503,NCCDV,P,0.037256,0.927
126292,160503,NCHCA,P,-0.003979000000000003,0.912
126292,160503,NCHPR,P,0.0019300000000000012,0.85
126292,160503,NCHCR,P,-0.0026660000000000017,0.852
126292,160503,NCCST,P,0.037966,0.816
126292,160503,NCHAZ,P,0.0004129999999999967,0.772
126292,160503,NCHDLb,P,-0.00041400000000000464,0.914
126292,160503,NCHFP,P,0.017486999999999996,0.733
126292,160503,NCBVY,P,0.016486999999999995,0.784
126292,160503,NCHQR,P,0.024785999999999996,0.726
126292,160503,NCCADa,S,-0.005863000000000007,0.76
126292,160503,NCJST,S,0.013221999999999998,0.87
126292,160503,NCJCB,S,-0.018063999999999997,0.84
126292,160503,NCCML,S,0.052679,0.89
126292,160503,NCCAL,S,0.046896,0.73
126292,160503,NCJAL,S,0.020593,0.85
126292,160503,NCHSP,S,-0.0035659999999999997,0.77
126292,160503,NCCMM,S,0.039213,0.88
126292,160503,NCJSS,S,0.011123999999999995,0.92
126292,160503,NCHGS,S,-0.013213000000000003,0.75
126292,160503,NCHGW,S,0.0058990000000000015,0.72
126292,160503,NCCDV,S,0.045312,0.83
126292,160503,NCCMP,S,0.012076999999999997,0.97
126292,160503,NCCOS,S,0.043,0.87
126292,160503,NCCVA,S,0.055116,0.87
126292,160503,NCHPR,S,-0.0028420000000000042,0.81
126292,160503,NCJSM,S,0.032015,0.71
126292,160503,NCJUC,S,0.021871,0.77
126292,160503,NCBVY,S,0.007082999999999999,0.73
126292,215747,NCCCOa,P,0.010894000000000001,0.858
126292,215747,NCCSC,P,0.020023,0.88
126292,215747,NCCMH,P,0.019811999999999996,0.959
126292,215747,NCCADa,P,0.028235,0.958
126292,215747,NCJST,P,0.017390999999999997,0.868
126292,215747,NCJCB,P,0.009583000000000001,0.898
126292,215747,NCCML,P,0.031332,0.985
126292,215747,NCCAL,P,0.020689,0.98
126292,215747,NCJAL,P,0.023591,0.713
126292,215747,NCHSP,P,0.029622,0.958
126292,215747,NCJHL,P,0.018529999999999998,0.905
126292,215747,NCJRR,P,0.012051,0.861
126292,215747,NCJLX,P,0.014206999999999997,0.732
126292,215747,NCHGW,P,0.033174999999999996,0.974
126292,215747,NCCDV,P,0.010976,0.981
126292,215747,NCJBZ,P,0.020855,0.861
126292,215747,NCHCA,P,0.016641999999999997,0.93
126292,215747,NCCMR,P,0.037774,0.949
126292,215747,NCHCR,P,0.014970999999999998,0.913
126292,215747,NCJRG,P,0.021405,0.735
126292,215747,NCJSC,P,0.030685999999999998,0.739
126292,215747,NCHFE,P,0.020215999999999998,0.822
126292,215747,NCCST,P,0.032427,0.954
126292,215747,NCJBM,P,0.013844000000000002,0.87
126292,215747,NCHAZ,P,0.014046999999999997,0.761
126292,215747,NCJUC,P,0.018799999999999997,0.705
126292,215747,NCJPPa,P,0.012951999999999998,0.835
126292,215747,NCHDLb,P,0.012845000000000002,0.929
126292,215747,NCHFP,P,0.021967,0.944
126292,215747,NCBVY,P,0.021168,0.932
126292,215747,NCHQR,P,0.032507999999999995,0.823
126292,215747,NCCCOa,S,0.010576000000000002,0.91
126292,215747,NCCSC,S,0.020241000000000002,0.87
126292,215747,NCCMH,S,0.01935,0.96
126292,215747,NCCADa,S,0.025938,0.92
126292,215747,NCJST,S,0.020328,0.92
126292,215747,NCJCB,S,0.009043000000000002,0.96
126292,215747,NCCML,S,0.032094,0.97
126292,215747,NCCAL,S,0.022312,0.98
126292,215747,NCJAL,S,0.026810999999999998,0.88
126292,215747,NCHSP,S,0.028332,0.96
126292,215747,NCJHL,S,0.018943,0.79
126292,215747,NCJRR,S,0.011739,0.9
126292,215747,NCHGS,S,0.014931,0.95
126292,215747,NCHGW,S,0.031901,0.98
126292,215747,NCCDV,S,0.012276000000000002,0.98
126292,215747,NCCMP,S,0.020983,0.99
126292,215747,NCHCA,S,0.016416,0.9
126292,215747,NCCMR,S,0.038796,0.9
126292,215747,NCJBC,S,-0.0005549999999999999,0.71
126292,215747,NCHCR,S,0.013684000000000002,0.87
126292,215747,NCHFE,S,0.020657000000000002,0.85
126292,215747,NCCST,S,0.031062,0.88
126292,215747,NCJUC,S,0.016071000000000002,0.76
126292,215747,NCJPPa,S,0.011255000000000001,0.76
126292,215747,NCHDLb,S,0.012912,0.88
126292,215747,NCHFP,S,0.021247999999999996,0.93
126292,238704,NCCSC,P,0.008836000000000002,0.779
126292,238704,NCCADa,P,-0.00562,0.847
126292,238704,NCJCB,P,-0.020857,0.821
126292,238704,NCCML,P,0.027831,0.944
126292,238704,NCCAL,P,0.019844,0.741
126292,238704,NCJRR,P,-0.017877999999999998,0.824
126292,238704,NCHGS,P,-0.017775,0.819
126292,238704,NCHGW,P,-0.0013539999999999976,0.941
126292,238704,NCCDV,P,0.008665,0.917
126292,238704,NCCMP,P,-0.0035059999999999987,0.798
126292,238704,NCJBZ,P,-0.005596,0.825
126292,238704,NCHCA,P,-0.019894000000000002,0.898
126292,238704,NCJSG,P,0.024633000000000002,0.801
126292,238704,NCCMR,P,0.033286,0.931
126292,238704,NCHCR,P,-0.019880000000000002,0.82
126292,238704,NCHCB,P,-0.019806999999999998,0.738
126292,238704,NCJSC,P,0.023529,0.734
126292,238704,NCCST,P,0.022233000000000003,0.902
126292,238704,NCHPL,P,-0.01293,0.901
126292,238704,NCJBM,P,0.008633000000000002,0.82
126292,238704,NCHAZ,P,-0.017506,0.73
126292,238704,NCJPPa,P,0.004237000000000001,0.792
126292,238704,NCJHP,P,0.013548000000000001,0.874
126292,238704,NCBVY,P,-0.010588,0.862
126292,238704,NCHQR,P,-0.004187,0.716
126292,238704,NCCADa,S,-0.027025,0.79
126292,238704,NCJST,S,-0.0013239999999999988,0.8
126292,238704,NCJCB,S,-0.033033,0.81
126292,238704,NCCML,S,0.042696,0.93
126292,238704,NCCAL,S,0.033611,0.83
126292,238704,NCJAL,S,0.006677000000000001,0.82
126292,238704,NCJSS,S,-0.0004839999999999983,0.9
126292,238704,NCHGS,S,-0.028791999999999998,0.77
126292,238704,NCCDV,S,0.020985,0.91
126292,238704,NCCMP,S,-0.005083999999999998,0.95
126292,238704,NCHCA,S,-0.033282,0.72
126292,238704,NCCMR,S,0.053731,0.87
126292,238704,NCJBC,S,-0.005533999999999997,0.78
126292,238704,NCHCB,S,-0.025381,0.76
126292,238704,NCJUC,S,-0.001676999999999998,0.76
126292,238790,NCCSC,P,0.014336999999999999,0.792
126292,238790,NCCMH,P,0.017657,0.828
126292,238790,NCCADa,P,0.014675999999999998,0.884
126292,238790,NCJCB,P,-0.0032700000000000003,0.8
126292,238790,NCCML,P,0.028855000000000002,0.985
126292,238790,NCCAL,P,0.017907,0.869
126292,238790,NCHSP,P,0.013048999999999998,0.784
126292,238790,NCJHL,P,0.007889,0.823
126292,238790,NCJRR,P,-0.0007500000000000002,0.824
126292,238790,NCHGW,P,0.018292,0.956
126292,238790,NCCDV,P,0.008596,0.949
126292,238790,NCCMP,P,0.010709,0.929
126292,238790,NCJBZ,P,0.01194,0.894
126292,238790,NCHCA,P,0.0004429999999999998,0.977
126292,238790,NCJSG,P,0.028604,0.919
126292,238790,NCCMR,P,0.032928,0.955
126292,238790,NCJBC,P,-0.0004230000000000002,0.719
126292,238790,NCHCR,P,0.000565,0.942
126292,238790,NCHCB,P,-0.0003690000000000004,0.8
126292,238790,NCCST,P,0.026387,0.88
126292,238790,NCHPL,P,0.0036309999999999997,0.928
126292,238790,NCJBM,P,0.011265,0.922
126292,238790,NCHAZ,P,0.0010239999999999997,0.865
126292,238790,NCJPPa,P,0.008805,0.817
126292,238790,NCJHP,P,0.014684,0.844
126292,238790,NCCLC,P,0.010496,0.789
126292,238790,NCHFP,P,0.007934,0.894
126292,238790,NCBVY,P,0.007664,0.877
126292,238790,NCHQR,P,0.017231,0.775
126292,238790,NCCCOa,S,-0.007837,0.79
126292,238790,NCCSC,S,0.013437000000000001,0.76
126292,238790,NCCMH,S,0.017976,0.83
126292,238790,NCCADa,S,0.004738,0.82
126292,238790,NCJST,S,0.009729999999999999,0.87
126292,238790,NCJCB,S,-0.007533000000000001,0.92
126292,238790,NCCML,S,0.033188999999999996,0.97
126292,238790,NCCAL,S,0.02339,0.92
126292,238790,NCJAL,S,0.021018000000000002,0.95
126292,238790,NCHSP,S,0.006135,0.82
126292,238790,NCJHL,S,0.009323,0.77
126292,238790,NCJRR,S,-0.000464,0.78
126292,238790,NCJSS,S,0.010765,0.94
126292,238790,NCHGS,S,-0.004979,0.89
126292,238790,NCJLX,S,0.009146999999999999,0.94
126292,238790,NCHGW,S,0.013957999999999998,0.91
126292,238790,NCCDV,S,0.011911000000000001,0.97
126292,238790,NCCMJ,S,0.021637,0.87
126292,238790,NCCMP,S,0.008232,0.98
126292,238790,NCHCA,S,-0.003666,0.87
126292,238790,NCJSG,S,0.029252,0.78
126292,238790,NCCMR,S,0.040382,0.94
126292,238790,NCJBC,S,-0.000843,0.84
126292,238790,NCHCR,S,-0.0069240000000000005,0.72
126292,238790,NCHCB,S,-0.007013000000000001,0.86
126292,238790,NCCST,S,0.026629,0.8
126292,238790,NCHPL,S,-0.0030500000000000006,0.82
126292,238790,NCJBM,S,0.009843999999999999,0.8
126292,238790,NCJUC,S,0.00763,0.83
126292,238790,NCJPPa,S,0.007683,0.71
126292,238790,NCHFP,S,0.002509,0.81
126292,238790,NCBVY,S,0.0026929999999999996,0.88
126292,238790,NCHQR,S,0.016325,0.8
126292,30062741,NCCADa,P,0.003384999999999999,0.742
126292,30062741,NCJCB,P,-0.01871400000000001,0.842
126292,30062741,NCCML,P,0.029643000000000003,0.939
126292,30062741,NCJRR,P,-0.016452999999999995,0.767
126292,30062741,NCHGS,P,-0.017005999999999993,0.839
126292,30062741,NCJEC,P,-0.024360999999999994,0.814
126292,30062741,NCCDV,P,0.010943999999999982,0.943
126292,30062741,NCCMP,P,-0.0015140000000000153,0.861
126292,30062741,NCJBZ,P,-0.007006000000000012,0.778
126292,30062741,NCJSG,P,0.02036199999999999,0.76
126292,30062741,NCHCR,P,-0.016446000000000016,0.833
126292,30062741,NCJSC,P,0.03443199999999999,0.743
126292,30062741,NCHFE,P,-0.013061000000000017,0.71
126292,30062741,NCCST,P,0.022726999999999997,0.843
126292,30062741,NCJBM,P,0.009485999999999994,0.738
126292,30062741,NCHAZ,P,-0.013243000000000005,0.723
126292,30062741,NCHDLb,P,-0.016584000000000015,0.847
126292,30062741,NCHFP,P,-0.007480000000000014,0.775
126292,30062741,NCBVY,P,-0.009472000000000008,0.81
126292,30062741,NCCAO,S,-0.005293999999999993,0.75
126292,30062741,NCJST,S,-0.00583800000000001,0.82
126292,30062741,NCJCB,S,-0.02638400000000002,0.77
126292,30062741,NCCML,S,0.041170999999999985,0.92
126292,30062741,NCCAL,S,0.030557,0.8
126292,30062741,NCJAL,S,0.007599999999999996,0.85
126292,30062741,NCHSP,S,-0.019636000000000015,0.81
126292,30062741,NCJSS,S,0.0003959999999999797,0.9
126292,30062741,NCHGS,S,-0.027219999999999994,0.78
126292,30062741,NCJEC,S,-0.021400000000000002,0.77
126292,30062741,NCCDV,S,0.019656000000000007,0.88
126292,30062741,NCCMP,S,-0.000128000000000017,0.97
126292,30062741,NCBVY,S,-0.01860400000000001,0.78
126292,30069222,NCCMH,P,0.00678,0.809
126292,30069222,NCJST,P,0.0018349999999999998,0.86
126292,30069222,NCJCB,P,0.009089,0.788
126292,30069222,NCCML,P,0.025723,0.927
126292,30069222,NCCAL,P,0.011091,0.901
126292,30069222,NCHSP,P,0.029171,0.803
126292,30069222,NCJHL,P,0.011819,0.734
126292,30069222,NCHGS,P,0.018651,0.87
126292,30069222,NCJEC,P,-0.000356,0.741
126292,30069222,NCHGW,P,0.033074000000000006,0.902
126292,30069222,NCCDV,P,0.005220000000000001,0.912
126292,30069222,NCJBZ,P,0.017071,0.742
126292,30069222,NCJSG,P,0.023863,0.801
126292,30069222,NCCMR,P,0.034442,0.847
126292,30069222,NCHCR,P,0.012920000000000001,0.807
126292,30069222,NCJSJ,P,0.011401,0.781
126292,30069222,NCCST,P,0.029422,0.924
126292,30069222,NCJBM,P,0.011208,0.85
126292,30069222,NCHDLb,P,0.013019,0.843
126292,30069222,NCCLC,P,0.009029,0.789
126292,30069222,NCHFP,P,0.024386,0.776
126292,30069222,NCBVY,P,0.021568,0.798
126292,30069222,NCCMH,S,0.013992999999999998,0.77
126292,30069222,NCCAO,S,0.017331,0.83
126292,30069222,NCJST,S,0.00418,0.83
126292,30069222,NCJCB,S,0.005044,0.84
126292,30069222,NCCML,S,0.028856000000000003,0.95
126292,30069222,NCCAL,S,0.008267,0.91
126292,30069222,NCJAL,S,0.019879,0.78
126292,30069222,NCHSP,S,0.030715999999999997,0.84
126292,30069222,NCJSS,S,0.012978,0.84
126292,30069222,NCHGS,S,0.017885,0.83
126292,30069222,NCJEC,S,-0.000983,0.79
126292,30069222,NCCDV,S,0.007934,0.91
126292,30069222,NCCMJ,S,0.016398,0.85
126292,30069222,NCCMR,S,0.040048,0.9
126292,30069222,NCCVA,S,0.013697999999999998,0.93
126292,30069222,NCHCR,S,0.021901,0.72
126292,30069222,NCCST,S,0.035737000000000005,0.73
126292,30069222,NCHFP,S,0.025995,0.72
126292,30069222,NCBVY,S,0.024605,0.73
126292,30092060,NCCCOa,P,-0.0011080000000000256,0.814
126292,30092060,NCCMH,P,0.011503999999999986,0.938
126292,30092060,NCCAO,P,0.004188999999999998,0.755
126292,30092060,NCCADa,P,0.021878999999999982,0.823
126292,30092060,NCJST,P,0.003019999999999995,0.884
126292,30092060,NCJCB,P,-0.002253000000000005,0.866
126292,30092060,NCCML,P,0.022221999999999992,0.983
126292,30092060,NCCAL,P,0.009121999999999991,0.96
126292,30092060,NCJAL,P,0.013158999999999976,0.745
126292,30092060,NCHSP,P,0.017040999999999973,0.847
126292,30092060,NCJHL,P,0.007042999999999994,0.825
126292,30092060,NCJRR,P,0.0004589999999999872,0.879
126292,30092060,NCJSS,P,0.009625999999999996,0.718
126292,30092060,NCJEC,P,-0.0071330000000000005,0.847
126292,30092060,NCHGW,P,0.019811999999999996,0.966
126292,30092060,NCCDV,P,0.0011189999999999811,0.972
126292,30092060,NCCMP,P,0.009964999999999974,0.732
126292,30092060,NCHCA,P,0.0023249999999999937,0.956
126292,30092060,NCJSG,P,0.019828999999999986,0.943
126292,30092060,NCHCR,P,0.001780999999999977,0.95
126292,30092060,NCHFE,P,0.008025999999999978,0.806
126292,30092060,NCCST,P,0.02004399999999998,0.971
126292,30092060,NCJBM,P,0.006530999999999981,0.714
126292,30092060,NCHDLb,P,-0.00045700000000001295,0.915
126292,30092060,NCHFP,P,0.009380999999999973,0.928
126292,30092060,NCBVY,P,0.008634999999999976,0.856
126292,30092060,NCCCOa,S,-0.0014510000000000078,0.85
126292,30092060,NCCMH,S,0.011778999999999984,0.94
126292,30092060,NCCAO,S,0.004128999999999994,0.83
126292,30092060,NCCADa,S,0.018927999999999973,0.74
126292,30092060,NCJST,S,0.0069039999999999935,0.86
126292,30092060,NCJCB,S,-0.0015210000000000223,0.96
126292,30092060,NCCML,S,0.024740999999999985,0.97
126292,30092060,NCCAL,S,0.01124799999999998,0.97
126292,30092060,NCJAL,S,0.016912999999999984,0.87
126292,30092060,NCHSP,S,0.012724999999999986,0.93
126292,30092060,NCJHL,S,0.007967999999999975,0.79
126292,30092060,NCJRR,S,0.0002849999999999797,0.9
126292,30092060,NCJSS,S,0.007473999999999981,0.87
126292,30092060,NCJEC,S,-0.007191000000000003,0.77
126292,30092060,NCHGW,S,0.018127999999999977,0.94
126292,30092060,NCCDV,S,0.003031999999999979,0.97
126292,30092060,NCHCA,S,0.0008809999999999929,0.86
126292,30092060,NCJSG,S,0.021217999999999987,0.81
126292,30092060,NCHCR,S,0.0005439999999999889,0.84
126292,30092060,NCCST,S,0.021439999999999987,0.84
126292,30092060,NCHDLb,S,-0.0008450000000000124,0.82
126292,30092060,NCHFP,S,0.008251999999999982,0.89
126292,30092060,NCBVY,S,0.004505999999999982,0.78
126292,389286,NCCCOa,P,-0.0014270000000000047,0.826
126292,389286,NCCMH,P,0.002033999999999994,0.96
126292,389286,NCCAO,P,0.002242999999999995,0.855
126292,389286,NCJST,P,0.0037459999999999993,0.901
126292,389286,NCJCB,P,-0.002484,0.837
126292,389286,NCJAL,P,0.013842999999999994,0.748
126292,389286,NCHSP,P,0.017418999999999997,0.901
126292,389286,NCJHL,P,0.006741999999999998,0.85
126292,389286,NCJRR,P,0.0010989999999999958,0.9
126292,389286,NCJLX,P,0.0016349999999999976,0.857
126292,389286,NCHGW,P,0.022016999999999995,0.971
126292,389286,NCCDV,P,-0.005204,0.955
126292,389286,NCJSG,P,0.014482999999999996,0.841
126292,389286,NCCMR,P,0.021349,0.983
126292,389286,NCHCR,P,0.0022039999999999976,0.961
126292,389286,NCJSJ,P,0.0013259999999999939,0.891
126292,389286,NCHFE,P,0.01004,0.84
126292,389286,NCCST,P,0.017061999999999994,0.908
126292,389286,NCJBM,P,0.0013749999999999943,0.912
126292,389286,NCHAZ,P,0.0025359999999999966,0.804
126292,389286,NCHDLb,P,-0.00010100000000000386,0.94
126292,389286,NCCLC,P,-0.00032200000000000284,0.712
126292,389286,NCHFP,P,0.009640999999999997,0.932
126292,389286,NCCCOa,S,-0.001355000000000002,0.88
126292,389286,NCCMH,S,0.0020669999999999994,0.97
126292,389286,NCCAO,S,0.0024029999999999954,0.88
126292,389286,NCJST,S,0.007454999999999996,0.91
126292,389286,NCJCB,S,-0.003260000000000006,0.93
126292,389286,NCJAL,S,0.016118999999999994,0.91
126292,389286,NCHSP,S,0.016923999999999995,0.94
126292,389286,NCJHL,S,0.007272999999999995,0.8
126292,389286,NCJRR,S,0.000670999999999998,0.92
126292,389286,NCJSS,S,0.005162999999999994,0.9
126292,389286,NCJLX,S,-8.600000000000274e-05,0.96
126292,389286,NCHGW,S,0.020970999999999997,0.98
126292,389286,NCCDV,S,-0.005322000000000007,0.96
126292,389286,NCCMJ,S,0.004447999999999994,0.95
126292,389286,NCHCA,S,0.015542,0.76
126292,389286,NCJSG,S,0.016711999999999998,0.8
126292,389286,NCCMR,S,0.02162,0.98
126292,389286,NCHCR,S,0.0025489999999999957,0.9
126292,389286,NCJSJ,S,0.001460999999999997,0.75
126292,389286,NCHFE,S,0.010339999999999995,0.87
126292,389286,NCCST,S,0.017678,0.81
126292,389286,NCJUC,S,0.002144,0.78
126292,389286,NCHDLb,S,0.0006159999999999985,0.89
126292,389286,NCHFP,S,0.009024999999999998,0.93
126292,478138,NCCADa,P,0.023408000000000012,0.738
126292,478138,NCCML,P,0.051841,0.949
126292,478138,NCCAL,P,0.041236999999999996,0.734
126292,478138,NCCDV,P,0.03192400000000001,0.916
126292,478138,NCCMJ,P,0.044259999999999994,0.799
126292,478138,NCCMP,P,0.022064,0.714
126292,478138,NCHCA,P,0.008425000000000016,0.935
126292,478138,NCCMR,P,0.04919799999999999,0.944
126292,478138,NCHCR,P,0.009633000000000003,0.853
126292,478138,NCJSC,P,0.058837,0.708
126292,478138,NCJBM,P,0.03350900000000001,0.803
126292,478138,NCCAO,S,0.018738000000000005,0.74
126292,478138,NCJST,S,0.023602000000000012,0.8
126292,478138,NCCML,S,0.06682,0.92
126292,478138,NCCAL,S,0.052899,0.84
126292,478138,NCJAL,S,0.030625000000000013,0.84
126292,478138,NCCDV,S,0.04422799999999999,0.89
126292,478138,NCHCA,S,-0.005294999999999994,0.72
126292,478138,NCCMR,S,0.063884,0.91
126292,478138,NCJBC,S,0.023758,0.79
126292,478138,NCCOS,S,0.038581000000000004,0.89
126292,478138,NCCVA,S,0.055194999999999994,0.93
126292,478138,NCHCB,S,0.0010249999999999981,0.8
126292,483500,NCCML,P,0.04436200000000001,0.702
126292,483500,NCCVA,P,0.071968,0.823
126292,529274,NCCMH,P,0.02366299999999999,0.887
126292,529274,NCCAO,P,0.019148,0.841
126292,529274,NCCADa,P,0.031606999999999996,0.802
126292,529274,NCJST,P,0.01840799999999998,0.892
126292,529274,NCCML,P,0.03575399999999998,0.947
126292,529274,NCCAL,P,0.023803999999999992,0.91
126292,529274,NCJAL,P,0.030477000000000004,0.923
126292,529274,NCHSP,P,0.02835399999999999,0.917
126292,529274,NCJHL,P,0.01983299999999999,0.935
126292,529274,NCJSS,P,0.022240999999999983,0.792
126292,529274,NCJEC,P,0.011046,0.941
126292,529274,NCJLX,P,0.01797299999999999,0.834
126292,529274,NCCDV,P,0.014193999999999984,0.959
126292,529274,NCCMJ,P,0.024491999999999986,0.899
126292,529274,NCCMP,P,0.022156999999999982,0.807
126292,529274,NCJBZ,P,0.028434999999999988,0.899
126292,529274,NCHCA,P,0.017145999999999995,0.863
126292,529274,NCJBC,P,0.012578000000000006,0.763
126292,529274,NCHCR,P,0.018034999999999995,0.867
126292,529274,NCJSJ,P,0.020402000000000003,0.894
126292,529274,NCCMN,P,0.01924099999999998,0.752
126292,529274,NCJSC,P,0.043598,0.727
126292,529274,NCHFE,P,0.022476999999999997,0.809
126292,529274,NCCST,P,0.031872999999999985,0.943
126292,529274,NCJBM,P,0.020025999999999988,0.901
126292,529274,NCJHP,P,0.021624000000000004,0.906
126292,529274,NCCMH,S,0.023738999999999982,0.9
126292,529274,NCCAO,S,0.017147999999999997,0.8
126292,529274,NCCADa,S,0.027526999999999996,0.76
126292,529274,NCJST,S,0.023315000000000002,0.9
126292,529274,NCCML,S,0.038997000000000004,0.98
126292,529274,NCCAL,S,0.028523999999999994,0.96
126292,529274,NCJAL,S,0.031577999999999995,0.97
126292,529274,NCHSP,S,0.023492999999999986,0.91
126292,529274,NCJHL,S,0.02165599999999998,0.91
126292,529274,NCJSS,S,0.022550999999999988,0.94
126292,529274,NCJEC,S,0.009094999999999992,0.91
126292,529274,NCJLX,S,0.01847299999999999,0.94
126292,529274,NCCDV,S,0.01733499999999999,0.97
126292,529274,NCCMJ,S,0.026462999999999987,0.91
126292,529274,NCHCA,S,0.015694999999999987,0.81
126292,529274,NCJBC,S,0.013515,0.89
126292,529274,NCCOS,S,0.019649,0.88
126292,529274,NCCVA,S,0.024637999999999993,0.94
126292,529274,NCJPL,S,0.024672,0.81
126292,529274,NCHCR,S,0.018265000000000003,0.73
126292,529274,NCJSJ,S,0.021139999999999992,0.75
126292,529274,NCCMN,S,0.028459999999999985,0.89
126292,529274,NCHFE,S,0.021818000000000004,0.82
126292,529274,NCJPS,S,0.024987999999999982,0.73
126389,148939,NCCSC,P,0.032767000000000004,0.853
126389,148939,NCCMH,P,0.032289,0.833
126389,148939,NCCADa,P,0.038053000000000003,0.767
126389,148939,NCJST,P,0.029449000000000003,0.824
126389,148939,NCCML,P,0.038554000000000005,0.967
126389,148939,NCCAL,P,0.029569,0.886
126389,148939,NCHSP,P,0.038266,0.71
126389,148939,NCCMM,P,0.03552,0.754
126389,148939,NCJHL,P,0.029825,0.801
126389,148939,NCJRR,P,0.018777000000000002,0.72
126389,148939,NCHGW,P,0.039429000000000006,0.935
126389,148939,NCCDV,P,0.029248000000000003,0.973
126389,148939,NCCMJ,P,0.0286,0.814
126389,148939,NCHCA,P,0.023114000000000003,0.879
126389,148939,NCJSG,P,0.038853,0.904
126389,148939,NCJTG,P,0.027579,0.818
126389,148939,NCCMR,P,0.034673,0.866
126389,148939,NCHPR,P,0.022849,0.853
126389,148939,NCHCR,P,0.022634,0.712
126389,148939,NCJSJ,P,0.020382000000000004,0.735
126389,148939,NCCMN,P,0.021839000000000004,0.943
126389,148939,NCJSC,P,0.044124000000000003,0.8
126389,148939,NCCST,P,0.036742,0.882
126389,148939,NCJBM,P,0.021593,0.865
126389,148939,NCJSM,P,0.021943000000000004,0.788
126389,148939,NCHAZ,P,0.022632,0.718
126389,148939,NCJSFa,P,0.018962,0.826
126389,148939,NCCPL,P,0.038078,0.712
126389,148939,NCHFH,P,0.032157000000000005,0.76
126389,148939,NCJPPa,P,0.018416000000000002,0.86
126389,148939,NCHDLb,P,0.019639000000000004,0.882
126389,148939,NCCSH,P,0.028089000000000003,0.726
126389,148939,NCHJG,P,0.034446000000000004,0.788
126389,148939,NCJHP,P,0.02413,0.867
126389,148939,NCBVY,P,0.024758000000000002,0.738
126389,148939,NCHQR,P,0.0377,0.811
126389,148939,NCCMH,S,0.027685,0.73
126389,148939,NCCAO,S,0.019656,0.8
126389,148939,NCCADa,S,0.037131,0.73
126389,148939,NCJST,S,0.031813,0.85
126389,148939,NCJCB,S,0.017276,0.82
126389,148939,NCCML,S,0.036621,0.91
126389,148939,NCJAL,S,0.04002,0.88
126389,148939,NCCAL,S,0.032151,0.82
126389,148939,NCHSP,S,0.035723000000000005,0.72
126389,148939,NCCMM,S,0.028626000000000002,0.96
126389,148939,NCJSS,S,0.020286,0.9
126389,148939,NCHGS,S,0.021426,0.85
126389,148939,NCCDV,S,0.0284,0.93
126389,148939,NCCMJ,S,0.027204,0.81
126389,148939,NCCMP,S,0.017141000000000003,0.97
126389,148939,NCHCA,S,0.017604,0.82
126389,148939,NCJSG,S,0.036422,0.78
126389,148939,NCCMR,S,0.029160000000000002,0.89
126389,148939,NCCOS,S,0.013149000000000001,0.93
126389,148939,NCHPR,S,0.014276000000000004,0.79
126389,148939,NCCMN,S,0.019663,0.9
126389,148939,NCJSC,S,0.038598,0.79
126389,148939,NCCST,S,0.020761,0.78
126389,148939,NCCSH,S,0.03179800000000001,0.79
126389,148939,NCHFP,S,0.021295,0.74
126389,148939,NCBVY,S,0.019723000000000004,0.85
126389,160503,NCCADa,P,0.002692,0.75
126389,160503,NCCML,P,0.033561,0.862
126389,160503,NCHSP,P,-1.8000000000000654e-05,0.773
126389,160503,NCJHL,P,-0.00021799999999999944,0.772
126389,160503,NCHGS,P,-0.012167,0.81
126389,160503,NCHGW,P,0.005785000000000002,0.893
126389,160503,NCCDV,P,0.026601,0.874
126389,160503,NCCMP,P,0.0005080000000000015,0.862
126389,160503,NCHCA,P,-0.013267999999999999,0.908
126389,160503,NCHPR,P,-0.006839000000000001,0.853
126389,160503,NCCVA,P,0.022274000000000002,0.715
126389,160503,NCHCR,P,-0.011705999999999998,0.791
126389,160503,NCJSC,P,0.034721,0.832
126389,160503,NCHFE,P,-0.0058480000000000025,0.785
126389,160503,NCCST,P,0.026455,0.741
126389,160503,NCHAZ,P,-0.009697,0.747
126389,160503,NCHDLb,P,-0.011440999999999996,0.907
126389,160503,NCJHP,P,0.019601,0.707
126389,160503,NCBVY,P,0.0030799999999999994,0.842
126389,160503,NCHQR,P,0.013893,0.804
126389,160503,NCCADa,S,-0.011400999999999998,0.82
126389,160503,NCJST,S,0.009087999999999999,0.77
126389,160503,NCJCB,S,-0.024137000000000002,0.79
126389,160503,NCCML,S,0.039972,0.82
126389,160503,NCJAL,S,0.016954,0.85
126389,160503,NCHSP,S,-0.013354000000000001,0.79
126389,160503,NCCMM,S,0.021742,0.85
126389,160503,NCJSS,S,0.003366000000000001,0.9
126389,160503,NCHGS,S,-0.023242999999999996,0.86
126389,160503,NCJEC,S,-0.017016,0.74
126389,160503,NCCDV,S,0.033479,0.85
126389,160503,NCCMP,S,-0.007203999999999999,0.96
126389,160503,NCJBC,S,0.0031410000000000014,0.74
126389,160503,NCCOS,S,0.021035,0.89
126389,160503,NCHPR,S,-0.013819000000000001,0.82
126389,160503,NCCVA,S,0.041204000000000005,0.87
126389,160503,NCHCB,S,-0.025117999999999998,0.72
126389,160503,NCHAZ,S,-0.021893,0.72
126389,160503,NCJUC,S,-6.799999999999862e-05,0.74
126389,160503,NCHFH,S,-0.012258000000000002,0.78
126389,160503,NCHFP,S,-0.019405000000000002,0.73
126389,160503,NCBVY,S,-0.016384,0.72
126389,160503,NCHQR,S,-0.006933999999999999,0.71
126389,215747,NCCSC,P,0.018142,0.751
126389,215747,NCCMH,P,0.018185,0.839
126389,215747,NCCADa,P,0.019905,0.8
126389,215747,NCJST,P,0.012993999999999999,0.791
126389,215747,NCCML,P,0.023229999999999997,0.926
126389,215747,NCCAL,P,0.013295999999999999,0.833
126389,215747,NCHSP,P,0.020737,0.772
126389,215747,NCJHL,P,0.015414999999999998,0.731
126389,215747,NCHGW,P,0.023597999999999997,0.904
126389,215747,NCCDV,P,0.0007149999999999969,0.964
126389,215747,NCCMJ,P,0.013687999999999999,0.768
126389,215747,NCCMP,P,0.009350999999999998,0.905
126389,215747,NCHCA,P,0.008235999999999997,0.914
126389,215747,NCCMR,P,0.026882999999999997,0.895
126389,215747,NCJTG,P,0.012325999999999998,0.809
126389,215747,NCCMN,P,0.006838999999999998,0.885
126389,215747,NCHCB,P,0.003363999999999999,0.827
126389,215747,NCJSC,P,0.021178,0.89
126389,215747,NCHFE,P,0.012358,0.807
126389,215747,NCCST,P,0.021203,0.931
126389,215747,NCJBM,P,0.005849,0.725
126389,215747,NCJPPa,P,0.003125999999999997,0.816
126389,215747,NCJHP,P,0.010469,0.907
126389,215747,NCHFP,P,0.009767999999999999,0.784
126389,215747,NCBSL,P,0.020225,0.81
126389,215747,NCBVY,P,0.009345,0.849
126389,215747,NCHQR,P,0.022469,0.814
126389,215747,NCCADa,S,0.018373,0.79
126389,215747,NCJST,S,0.014864999999999998,0.82
126389,215747,NCJCB,S,0.002717999999999998,0.82
126389,215747,NCCML,S,0.020887999999999997,0.9
126389,215747,NCCAL,S,0.016606999999999997,0.78
126389,215747,NCJAL,S,0.022292,0.82
126389,215747,NCHSP,S,0.018257,0.79
126389,215747,NCHGS,S,0.004447999999999997,0.88
126389,215747,NCJEC,S,0.00014199999999999977,0.71
126389,215747,NCHGW,S,0.020533999999999997,0.71
126389,215747,NCCDV,S,0.00019499999999999726,0.93
126389,215747,NCCMJ,S,0.012150999999999999,0.76
126389,215747,NCCMP,S,0.0017459999999999976,0.97
126389,215747,NCHCA,S,0.002541999999999999,0.79
126389,215747,NCCMR,S,0.020061999999999997,0.84
126389,215747,NCCMN,S,0.0028709999999999986,0.87
126389,215747,NCHCB,S,-0.011175999999999998,0.75
126389,215747,NCCST,S,0.0071889999999999975,0.81
126389,215747,NCHJS,S,-0.0043320000000000025,0.74
126389,215747,NCBSL,S,0.004451999999999998,0.73
126389,215747,NCBVY,S,-0.004753,0.72
126389,238704,NCCSC,P,0.007006,0.732
126389,238704,NCCADa,P,-0.014873,0.708
126389,238704,NCCML,P,0.019761,0.941
126389,238704,NCCAL,P,0.011995,0.752
126389,238704,NCJRR,P,-0.028791999999999998,0.726
126389,238704,NCHGS,P,-0.028619,0.794
126389,238704,NCJEC,P,-0.030347,0.802
126389,238704,NCHGW,P,-0.010968,0.922
126389,238704,NCCDV,P,-0.0015390000000000004,0.925
126389,238704,NCCMJ,P,0.013796999999999999,0.826
126389,238704,NCCMP,P,-0.016291,0.801
126389,238704,NCHCA,P,-0.028877,0.88
126389,238704,NCJSG,P,0.017823,0.858
126389,238704,NCCMR,P,0.022445,0.924
126389,238704,NCJTG,P,-0.012282000000000001,0.828
126389,238704,NCHCR,P,-0.028816,0.724
126389,238704,NCCMN,P,0.003268,0.872
126389,238704,NCJSC,P,0.015031999999999998,0.849
126389,238704,NCCST,P,0.010812,0.888
126389,238704,NCHPL,P,-0.026647999999999998,0.897
126389,238704,NCJBM,P,-0.00016400000000000095,0.88
126389,238704,NCCPL,P,0.022605,0.747
126389,238704,NCJBLb,P,-0.007581000000000001,0.708
126389,238704,NCJPPa,P,-0.005458000000000001,0.77
126389,238704,NCJHP,P,0.0038259999999999995,0.866
126389,238704,NCCLC,P,-0.0001760000000000008,0.737
126389,238704,NCBVY,P,-0.02415,0.719
126389,238704,NCHQR,P,-0.013397000000000001,0.826
126389,238704,NCCADa,S,-0.0317,0.71
126389,238704,NCJST,S,-0.004185,0.73
126389,238704,NCJCB,S,-0.039703,0.75
126389,238704,NCCML,S,0.031533,0.89
126389,238704,NCCAL,S,0.027857,0.78
126389,238704,NCJAL,S,0.001993,0.85
126389,238704,NCJSS,S,-0.008062,0.87
126389,238704,NCHGS,S,-0.040358,0.78
126389,238704,NCJEC,S,-0.031217,0.8
126389,238704,NCCDV,S,0.009805,0.91
126389,238704,NCCMP,S,-0.024504,0.93
126389,238704,NCHCA,S,-0.04597,0.74
126389,238704,NCCMR,S,0.033412000000000004,0.81
126389,238704,NCJBC,S,-0.017581,0.79
126389,238704,NCCOS,S,-0.005461000000000001,0.88
126389,238704,NCCVA,S,0.020727000000000002,0.96
126389,238704,NCCMN,S,0.009740999999999998,0.85
126389,238704,NCCST,S,0.006695999999999999,0.71
126389,238704,NCJSM,S,-0.012344,0.71
126389,238704,NCJUC,S,-0.023595,0.72
126389,238790,NCCSC,P,0.012426,0.841
126389,238790,NCCMH,P,0.015125,0.726
126389,238790,NCCADa,P,0.007064000000000001,0.701
126389,238790,NCCML,P,0.020704,0.967
126389,238790,NCCAL,P,0.010491,0.856
126389,238790,NCHSP,P,0.006062999999999999,0.711
126389,238790,NCJHL,P,0.0033240000000000006,0.783
126389,238790,NCJRR,P,-0.010979000000000001,0.757
126389,238790,NCHGS,P,-0.009510999999999999,0.874
126389,238790,NCJEC,P,-0.014745000000000001,0.715
126389,238790,NCHGW,P,0.008816999999999998,0.893
126389,238790,NCCDV,P,-0.0017229999999999988,0.938
126389,238790,NCCMJ,P,0.011101,0.82
126389,238790,NCCMP,P,-0.0011050000000000018,0.907
126389,238790,NCHCA,P,-0.008263,0.925
126389,238790,NCJSG,P,0.020590999999999998,0.909
126389,238790,NCCMR,P,0.021929999999999998,0.932
126389,238790,NCJTG,P,0.003487999999999998,0.807
126389,238790,NCHCR,P,-0.00919,0.777
126389,238790,NCJSC,P,0.019124000000000002,0.907
126389,238790,NCCST,P,0.014147,0.843
126389,238790,NCHPL,P,-0.009115000000000002,0.955
126389,238790,NCJBM,P,0.0021979999999999986,0.843
126389,238790,NCHOR,P,-0.009783,0.719
126389,238790,NCJSM,P,0.0012069999999999997,0.799
126389,238790,NCHAZ,P,-0.008837999999999999,0.831
126389,238790,NCJSFa,P,-0.0015720000000000005,0.711
126389,238790,NCCPL,P,0.019451999999999997,0.766
126389,238790,NCJPPa,P,-0.0008330000000000004,0.85
126389,238790,NCJHP,P,0.004892999999999998,0.838
126389,238790,NCCLC,P,0.0004599999999999986,0.776
126389,238790,NCHFP,P,-0.0057350000000000005,0.723
126389,238790,NCBVY,P,-0.005160999999999999,0.806
126389,238790,NCHQR,P,0.007126,0.834
126389,238790,NCCADa,S,-0.001851000000000002,0.78
126389,238790,NCJST,S,0.0069200000000000025,0.79
126389,238790,NCJCB,S,-0.012657,0.79
126389,238790,NCCML,S,0.021851000000000002,0.93
126389,238790,NCCAL,S,0.017886,0.76
126389,238790,NCJAL,S,0.016514,0.79
126389,238790,NCHSP,S,-0.005216000000000002,0.74
126389,238790,NCJSS,S,0.003300000000000001,0.89
126389,238790,NCHGS,S,-0.015560000000000001,0.86
126389,238790,NCJEC,S,-0.012181,0.72
126389,238790,NCHGW,S,0.0018829999999999993,0.74
126389,238790,NCCDV,S,0.0005049999999999985,0.91
126389,238790,NCCMP,S,-0.011037,0.98
126389,238790,NCHCA,S,-0.016695,0.78
126389,238790,NCJSG,S,0.019423999999999997,0.73
126389,238790,NCCMR,S,0.021309,0.87
126389,238790,NCJBC,S,-0.011856,0.8
126389,238790,NCCOS,S,-0.005323000000000001,0.9
126389,238790,NCCVA,S,0.010701999999999996,0.96
126389,238790,NCJSC,S,0.012650000000000002,0.77
126389,238790,NCCST,S,0.003609000000000001,0.76
126389,238790,NCHPL,S,-0.023972,0.84
126389,238790,NCJSM,S,-0.010739,0.73
126389,238790,NCJUC,S,-0.014042,0.73
126389,238790,NCBVY,S,-0.021894,0.85
126389,238790,NCHQR,S,-0.009424000000000002,0.73
126389,30062741,NCCML,P,0.02119299999999999,0.916
126389,30062741,NCJHL,P,-0.011817999999999995,0.771
126389,30062741,NCJRR,P,-0.027452000000000004,0.725
126389,30062741,NCHGS,P,-0.02773400000000001,0.819
126389,30062741,NCJEC,P,-0.02962100000000001,0.85
126389,30062741,NCCDV,P,0.00033500000000000196,0.905
126389,30062741,NCCMJ,P,0.013387999999999983,0.732
126389,30062741,NCCMP,P,-0.013784000000000018,0.837
126389,30062741,NCHCA,P,-0.020064,0.886
126389,30062741,NCJSG,P,0.012130000000000002,0.756
126389,30062741,NCHCR,P,-0.02604200000000001,0.757
126389,30062741,NCHCB,P,-0.02163900000000002,0.792
126389,30062741,NCJSC,P,0.023904999999999982,0.875
126389,30062741,NCHFE,P,-0.021663000000000016,0.866
126389,30062741,NCCST,P,0.011272000000000004,0.802
126389,30062741,NCJBM,P,0.0006039999999999934,0.702
126389,30062741,NCHOR,P,-0.027471999999999996,0.786
126389,30062741,NCHFP,P,-0.019313999999999998,0.726
126389,30062741,NCBVY,P,-0.021822000000000008,0.876
126389,30062741,NCCAO,S,-0.01680900000000002,0.76
126389,30062741,NCCADa,S,-0.020316,0.76
126389,30062741,NCJCB,S,-0.032329,0.76
126389,30062741,NCCML,S,0.029029,0.85
126389,30062741,NCJAL,S,0.0026529999999999887,0.84
126389,30062741,NCHSP,S,-0.029619000000000006,0.82
126389,30062741,NCJSS,S,-0.007304000000000005,0.86
126389,30062741,NCHGS,S,-0.03779300000000002,0.87
126389,30062741,NCJEC,S,-0.02668200000000001,0.78
126389,30062741,NCCDV,S,0.008273000000000003,0.89
126389,30062741,NCCMP,S,-0.01939000000000002,0.97
126389,30062741,NCJBC,S,-0.014195000000000013,0.72
126389,30062741,NCCOS,S,-0.0039010000000000156,0.86
126389,30062741,NCHCB,S,-0.034133,0.84
126389,30062741,NCBVY,S,-0.0416,0.78
126389,30069222,NCCCOa,P,0.0005240000000000036,0.877
126389,30069222,NCCMH,P,0.005248000000000003,0.854
126389,30069222,NCCADa,P,0.025885000000000005,0.748
126389,30069222,NCJST,P,-0.001117,0.928
126389,30069222,NCJCB,P,-0.0007679999999999979,0.769
126389,30069222,NCCML,P,0.017692,0.986
126389,30069222,NCCAL,P,0.003714000000000002,0.894
126389,30069222,NCJAL,P,0.011925000000000005,0.708
126389,30069222,NCHSP,P,0.020513000000000003,0.924
126389,30069222,NCJHL,P,0.008983000000000005,0.917
126389,30069222,NCJRR,P,0.0004310000000000008,0.854
126389,30069222,NCHGS,P,0.008372000000000004,0.935
126389,30069222,NCJEC,P,-0.008090999999999997,0.839
126389,30069222,NCHGW,P,0.023124000000000006,0.946
126389,30069222,NCCDV,P,-0.005343999999999998,0.945
126389,30069222,NCCMJ,P,0.007408999999999999,0.85
126389,30069222,NCJSG,P,0.017199,0.934
126389,30069222,NCCMR,P,0.023459,0.908
126389,30069222,NCCVA,P,0.0004860000000000003,0.918
126389,30069222,NCHCR,P,0.0026380000000000015,0.892
126389,30069222,NCJSJ,P,0.0013980000000000034,0.91
126389,30069222,NCCMN,P,0.0008560000000000026,0.743
126389,30069222,NCJSC,P,0.025134000000000004,0.709
126389,30069222,NCHFE,P,0.012339000000000003,0.935
126389,30069222,NCCST,P,0.018203000000000004,0.946
126389,30069222,NCJBM,P,0.0017730000000000037,0.894
126389,30069222,NCHAZ,P,0.006735999999999999,0.776
126389,30069222,NCJSFa,P,-0.0032169999999999976,0.745
126389,30069222,NCJHP,P,0.005927000000000002,0.808
126389,30069222,NCCLC,P,-0.001016999999999997,0.901
126389,30069222,NCHFP,P,0.011452000000000004,0.92
126389,30069222,NCBVY,P,0.010371000000000005,0.909
126389,30069222,NCCCOa,S,5.6000000000000494e-05,0.9
126389,30069222,NCCMH,S,0.005979999999999999,0.91
126389,30069222,NCCAO,S,0.006161,0.75
126389,30069222,NCCADa,S,0.027161000000000005,0.81
126389,30069222,NCJST,S,-0.0005649999999999961,0.9
126389,30069222,NCJCB,S,0.00046500000000000014,0.93
126389,30069222,NCCML,S,0.017783,0.99
126389,30069222,NCCAL,S,0.0021070000000000047,0.92
126389,30069222,NCJAL,S,0.014048000000000005,0.86
126389,30069222,NCHSP,S,0.020876000000000006,0.97
126389,30069222,NCJHL,S,0.007630000000000005,0.76
126389,30069222,NCJRR,S,0.00023400000000000504,0.81
126389,30069222,NCJSS,S,0.004976000000000001,0.89
126389,30069222,NCHGS,S,0.007778,0.97
126389,30069222,NCJEC,S,-0.006950999999999999,0.82
126389,30069222,NCJLX,S,0.0011820000000000025,0.78
126389,30069222,NCHGW,S,0.022784000000000006,0.89
126389,30069222,NCCDV,S,-0.004062999999999997,0.95
126389,30069222,NCCMJ,S,0.004146000000000004,0.93
126389,30069222,NCJSG,S,0.017607000000000005,0.86
126389,30069222,NCCMR,S,0.021752,0.96
126389,30069222,NCCOS,S,0.0036240000000000022,0.9
126389,30069222,NCCVA,S,0.0015390000000000056,0.97
126389,30069222,NCHCR,S,0.002832000000000001,0.88
126389,30069222,NCJSJ,S,0.0019720000000000015,0.85
126389,30069222,NCCMN,S,0.0015910000000000021,0.94
126389,30069222,NCHCB,S,-0.0011459999999999942,0.78
126389,30069222,NCCST,S,0.010946000000000004,0.88
126389,30069222,NCHOR,S,-0.0023149999999999976,0.79
126389,30069222,NCHAZ,S,-0.002756999999999999,0.87
126389,30069222,NCJSFa,S,-0.013225999999999998,0.82
126389,30069222,NCCLC,S,-0.012044999999999997,0.74
126389,30069222,NCHFP,S,0.001578000000000003,0.9
126389,30069222,NCBVY,S,0.0002020000000000008,0.81
126389,30092060,NCCMH,P,0.010028000000000009,0.859
126389,30092060,NCJST,P,-0.00011099999999999999,0.794
126389,30092060,NCCML,P,0.014232000000000022,0.928
126389,30092060,NCCAL,P,0.0016120000000000023,0.859
126389,30092060,NCHSP,P,0.00823500000000002,0.761
126389,30092060,NCJHL,P,0.002847000000000016,0.773
126389,30092060,NCJRR,P,-0.009847999999999996,0.704
126389,30092060,NCJEC,P,-0.012072,0.72
126389,30092060,NCHGW,P,0.01028800000000002,0.895
126389,30092060,NCCDV,P,-0.00920399999999999,0.965
126389,30092060,NCCMJ,P,0.002917000000000003,0.75
126389,30092060,NCHCA,P,-0.0061159999999999826,0.875
126389,30092060,NCJSG,P,0.011576000000000003,0.868
126389,30092060,NCCVA,P,-0.0010359999999999814,0.892
126389,30092060,NCHCR,P,-0.00786199999999998,0.729
126389,30092060,NCCST,P,0.008857000000000004,0.929
126389,30092060,NCJBM,P,-0.002345999999999987,0.744
126389,30092060,NCHDLb,P,-0.011369999999999991,0.852
126389,30092060,NCJHP,P,-0.0009529999999999816,0.866
126389,30092060,NCHFP,P,-0.0029619999999999924,0.734
126389,30092060,NCBVY,P,-0.003010999999999986,0.783
126389,30092060,NCCAO,S,-0.007043999999999995,0.71
126389,30092060,NCCADa,S,0.011039000000000021,0.75
126389,30092060,NCJST,S,0.002031000000000005,0.85
126389,30092060,NCJCB,S,-0.007986999999999994,0.83
126389,30092060,NCCML,S,0.013545000000000001,0.93
126389,30092060,NCCAL,S,0.00464500000000001,0.8
126389,30092060,NCJAL,S,0.012185000000000001,0.8
126389,30092060,NCHSP,S,0.002486000000000016,0.78
126389,30092060,NCJSS,S,-0.00013900000000000023,0.9
126389,30092060,NCJEC,S,-0.01139699999999999,0.73
126389,30092060,NCCDV,S,-0.008928999999999992,0.92
126389,30092060,NCCMJ,S,0.002590000000000009,0.79
126389,30092060,NCHCA,S,-0.010625999999999997,0.74
126389,30092060,NCJSG,S,0.010655000000000026,0.73
126389,30092060,NCCOS,S,-0.01391199999999998,0.86
126389,30092060,NCCVA,S,-0.00014599999999997948,0.96
126389,30092060,NCJSC,S,0.012608000000000008,0.75
126389,30092060,NCCST,S,-0.0028629999999999767,0.77
126389,30092060,NCHFP,S,-0.016736999999999974,0.71
126389,30092060,NCBVY,S,-0.020556999999999992,0.76
126389,389286,NCCMH,P,0.0006399999999999982,0.881
126389,389286,NCJST,P,0.0007769999999999999,0.83
126389,389286,NCJAL,P,0.009766999999999998,0.714
126389,389286,NCHSP,P,0.008631,0.799
126389,389286,NCJHL,P,0.002619,0.791
126389,389286,NCJRR,P,-0.008909999999999998,0.751
126389,389286,NCJEC,P,-0.013119000000000002,0.767
126389,389286,NCHGW,P,0.012287,0.9
126389,389286,NCCDV,P,-0.015528999999999998,0.94
126389,389286,NCCMJ,P,-0.0036249999999999998,0.765
126389,389286,NCHCA,P,0.003731999999999999,0.748
126389,389286,NCJSG,P,0.0076489999999999995,0.862
126389,389286,NCCMR,P,0.010446,0.956
126389,389286,NCJTG,P,-0.0005140000000000006,0.838
126389,389286,NCCVA,P,-0.007338000000000001,0.824
126389,389286,NCHCR,P,-0.007292999999999997,0.718
126389,389286,NCJSJ,P,-0.008784999999999998,0.75
126389,389286,NCHFE,P,0.0023399999999999983,0.822
126389,389286,NCCST,P,0.005607000000000001,0.845
126389,389286,NCHPL,P,-0.006940999999999999,0.943
126389,389286,NCJBM,P,-0.007699000000000001,0.823
126389,389286,NCHAZ,P,-0.0073009999999999985,0.753
126389,389286,NCJSFa,P,-0.012525999999999999,0.77
126389,389286,NCHDLb,P,-0.010919000000000002,0.903
126389,389286,NCJHP,P,-0.005926999999999998,0.829
126389,389286,NCHFP,P,-0.0024550000000000023,0.732
126389,389286,NCCMH,S,-0.005787999999999998,0.75
126389,389286,NCCAO,S,-0.008769000000000002,0.75
126389,389286,NCJST,S,0.002183000000000001,0.86
126389,389286,NCJCB,S,-0.009638999999999998,0.84
126389,389286,NCJAL,S,0.011300000000000001,0.85
126389,389286,NCHSP,S,0.006891999999999999,0.79
126389,389286,NCJSS,S,-0.0020339999999999976,0.85
126389,389286,NCHGS,S,-0.007588000000000001,0.9
126389,389286,NCJEC,S,-0.01139,0.78
126389,389286,NCCDV,S,-0.017601000000000002,0.93
126389,389286,NCCMJ,S,-0.005937000000000001,0.79
126389,389286,NCHCA,S,0.001464,0.76
126389,389286,NCCMR,S,0.003372,0.87
126389,389286,NCCOS,S,-0.019146,0.84
126389,389286,NCCVA,S,-0.005068,0.92
126389,389286,NCHCB,S,-0.020553,0.76
126389,389286,NCHPL,S,-0.015923000000000003,0.78
126389,389286,NCJSM,S,-0.017628,0.72
126389,478138,NCCML,P,0.043886999999999995,0.897
126389,478138,NCCDV,P,0.021579999999999988,0.928
126389,478138,NCCMJ,P,0.037423,0.798
126389,478138,NCCMP,P,0.010044999999999998,0.713
126389,478138,NCHCA,P,-0.0005590000000000039,0.904
126389,478138,NCCMR,P,0.03841,0.894
126389,478138,NCJTG,P,0.009440000000000004,0.829
126389,478138,NCCVA,P,0.032078999999999996,0.888
126389,478138,NCHCR,P,0.0008039999999999992,0.766
126389,478138,NCHCB,P,0.0016140000000000043,0.765
126389,478138,NCJSC,P,0.049762,0.83
126389,478138,NCHFE,P,0.00705900000000001,0.857
126389,478138,NCJBM,P,0.02471100000000001,0.746
126389,478138,NCJSFa,P,0.022756,0.742
126389,478138,NCJST,S,0.020701999999999998,0.78
126389,478138,NCCML,S,0.054904999999999995,0.87
126389,478138,NCCAL,S,0.047251,0.79
126389,478138,NCJAL,S,0.026980000000000004,0.84
126389,478138,NCCDV,S,0.03295100000000001,0.91
126389,478138,NCHCA,S,-0.017608999999999986,0.77
126389,478138,NCCMR,S,0.043899999999999995,0.82
126389,478138,NCCOS,S,0.017054000000000014,0.9
126389,478138,NCCVA,S,0.043185,0.95
126389,478138,NCHCB,S,-0.01727899999999999,0.79
126389,483500,NCCML,P,0.035760000000000014,0.714
126389,483500,NCCVA,P,0.06270900000000001,0.723
126389,483500,NCCMN,P,0.06372000000000001,0.741
126389,483500,NCCMO,P,0.096197,0.704
126389,529274,NCCMH,P,0.022168999999999994,0.808
126389,529274,NCJST,P,0.014163999999999982,0.737
126389,529274,NCCML,P,0.02781099999999999,0.959
126389,529274,NCCAL,P,0.017523999999999984,0.827
126389,529274,NCHSP,P,0.019393999999999995,0.794
126389,529274,NCJHL,P,0.016739000000000004,0.777
126389,529274,NCJEC,P,0.004600999999999994,0.779
126389,529274,NCCDV,P,0.003925999999999985,0.947
126389,529274,NCCMP,P,0.010738999999999999,0.812
126389,529274,NCHCA,P,0.008985999999999994,0.845
126389,529274,NCCVA,P,0.012741000000000002,0.828
126389,529274,NCHCR,P,0.007626999999999995,0.717
126389,529274,NCJSJ,P,0.010673999999999989,0.769
126389,529274,NCCMN,P,0.00973199999999999,0.895
126389,529274,NCHCB,P,0.007966,0.807
126389,529274,NCJSC,P,0.036809999999999996,0.78
126389,529274,NCHFE,P,0.015741000000000005,0.758
126389,529274,NCCST,P,0.02075099999999999,0.918
126389,529274,NCJBM,P,0.01098099999999999,0.857
126389,529274,NCJHP,P,0.011935000000000001,0.92
126389,529274,NCJPS,P,0.016839999999999994,0.709
126389,529274,NCCADa,S,0.020171999999999995,0.75
126389,529274,NCJST,S,0.019293000000000005,0.82
126389,529274,NCCML,S,0.027724,0.93
126389,529274,NCCAL,S,0.022215999999999986,0.79
126389,529274,NCJAL,S,0.027581999999999995,0.83
126389,529274,NCHSP,S,0.013226999999999989,0.76
126389,529274,NCJSS,S,0.015464000000000006,0.88
126389,529274,NCJEC,S,0.0044309999999999905,0.81
126389,529274,NCCDV,S,0.004971000000000003,0.89
126389,529274,NCCMJ,S,0.01718699999999998,0.76
126389,529274,NCHCA,S,0.002688999999999997,0.8
126389,529274,NCJBC,S,0.0013249999999999929,0.85
126389,529274,NCCVA,S,0.012426999999999994,0.9
126389,529274,NCCMN,S,0.010633000000000004,0.89
126389,529274,NCHCB,S,-0.00728100000000001,0.78
126389,529274,NCJSC,S,0.032149,0.74
126389,529274,NCCST,S,0.007837999999999984,0.79
126389,529274,NCJPS,S,0.0027469999999999994,0.73
148939,154124,NCCVA,P,0.016315,0.813
148939,154124,NCCMN,P,0.01863,0.773
148939,154124,NCHPL,P,0.107388,0.742
148939,160503,NCCSC,P,-0.016658,0.756
148939,160503,NCCADa,P,-0.032499,0.812
148939,160503,NCJST,P,-0.026546,0.738
148939,160503,NCJCB,P,-0.031102,0.872
148939,160503,NCCML,P,-0.0037170000000000016,0.885
148939,160503,NCCMM,P,-0.012355000000000001,0.783
148939,160503,NCJHL,P,-0.028864,0.743
148939,160503,NCHGS,P,-0.034619000000000004,0.794
148939,160503,NCJEC,P,-0.032188,0.829
148939,160503,NCHGW,P,-0.033088,0.925
148939,160503,NCCDV,P,-0.0024450000000000027,0.931
148939,160503,NCCMJ,P,-0.0021570000000000027,0.716
148939,160503,NCCMP,P,-0.023413000000000003,0.873
148939,160503,NCHCA,P,-0.036323,0.886
148939,160503,NCJSG,P,-0.010931,0.703
148939,160503,NCHPR,P,-0.029617,0.888
148939,160503,NCCVA,P,-0.0055740000000000026,0.711
148939,160503,NCHCR,P,-0.035418000000000005,0.798
148939,160503,NCJSC,P,-0.009834000000000002,0.734
148939,160503,NCHFE,P,-0.034438,0.704
148939,160503,NCCST,P,-0.009510000000000001,0.853
148939,160503,NCHPL,P,-0.030198000000000003,0.87
148939,160503,NCJBM,P,-0.009898,0.732
148939,160503,NCHAZ,P,-0.031416,0.721
148939,160503,NCJPPa,P,-0.009897,0.748
148939,160503,NCHDLb,P,-0.030708000000000003,0.879
148939,160503,NCHFP,P,-0.019285000000000004,0.799
148939,160503,NCBVY,P,-0.020753,0.796
148939,160503,NCHQR,P,-0.023259000000000002,0.738
148939,160503,NCCADa,S,-0.048593,0.72
148939,160503,NCJST,S,-0.023973,0.85
148939,160503,NCJCB,S,-0.038584,0.87
148939,160503,NCCML,S,0.005367,0.88
148939,160503,NCCAL,S,0.006201000000000002,0.73
148939,160503,NCJAL,S,-0.023275,0.86
148939,160503,NCHSP,S,-0.049444,0.73
148939,160503,NCCMM,S,-0.006502000000000001,0.87
148939,160503,NCJHL,S,-0.024002000000000002,0.77
148939,160503,NCJSS,S,-0.017349000000000003,0.92
148939,160503,NCHGS,S,-0.043261,0.79
148939,160503,NCJEC,S,-0.027297000000000002,0.75
148939,160503,NCHGW,S,-0.041662000000000005,0.75
148939,160503,NCCDV,S,0.0037100000000000015,0.85
148939,160503,NCCMP,S,-0.023827,0.96
148939,160503,NCJBC,S,0.0009389999999999989,0.77
148939,160503,NCHPR,S,-0.028622,0.86
148939,160503,NCCVA,S,0.016169,0.89
148939,160503,NCHPL,S,-0.027556,0.81
148939,160503,NCCCY,S,0.020461999999999998,0.79
148939,160503,NCHFH,S,-0.026786,0.81
148939,160503,NCBVY,S,-0.036133,0.75
148939,215747,NCCCOa,P,-0.017035000000000005,0.798
148939,215747,NCCSC,P,-0.014841000000000003,0.764
148939,215747,NCCMH,P,-0.013822000000000004,0.911
148939,215747,NCCADa,P,-0.017940000000000005,0.954
148939,215747,NCJST,P,-0.016062000000000003,0.875
148939,215747,NCJCB,P,-0.016029000000000005,0.87
148939,215747,NCCML,P,-0.014542000000000003,0.948
148939,215747,NCCAL,P,-0.016070000000000004,0.904
148939,215747,NCJAL,P,-0.020879,0.808
148939,215747,NCHSP,P,-0.017687000000000005,0.909
148939,215747,NCJHL,P,-0.015715000000000003,0.864
148939,215747,NCJRR,P,-0.016122000000000004,0.875
148939,215747,NCHGS,P,-0.017023000000000003,0.924
148939,215747,NCJEC,P,-0.017065000000000004,0.86
148939,215747,NCJLX,P,-0.015515000000000004,0.787
148939,215747,NCHGW,P,-0.015541000000000003,0.95
148939,215747,NCCDV,P,-0.028375000000000004,0.986
148939,215747,NCCMJ,P,-0.014497000000000003,0.887
148939,215747,NCCMP,P,-0.015767000000000003,0.896
148939,215747,NCJBZ,P,-0.017115000000000002,0.907
148939,215747,NCHCA,P,-0.015776000000000002,0.913
148939,215747,NCCMR,P,-0.008599000000000002,0.973
148939,215747,NCJTG,P,-0.014536000000000004,0.866
148939,215747,NCJBC,P,-0.018684000000000003,0.895
148939,215747,NCCVA,P,-0.019478000000000002,0.967
148939,215747,NCHCR,P,-0.016846000000000003,0.957
148939,215747,NCCMN,P,-0.016805000000000004,0.918
148939,215747,NCJSC,P,-0.023000000000000003,0.824
148939,215747,NCHFE,P,-0.017593000000000004,0.912
148939,215747,NCCST,P,-0.014652000000000002,0.898
148939,215747,NCHPL,P,-0.015157000000000004,0.869
148939,215747,NCJBM,P,-0.016944000000000004,0.889
148939,215747,NCJSM,P,-0.019154000000000004,0.853
148939,215747,NCHAZ,P,-0.018169000000000005,0.83
148939,215747,NCJSFa,P,-0.013860000000000004,0.741
148939,215747,NCCCY,P,-0.015834000000000004,0.847
148939,215747,NCJPPa,P,-0.014029000000000003,0.856
148939,215747,NCJHP,P,-0.013637000000000003,0.881
148939,215747,NCBVY,P,-0.016372000000000005,0.873
148939,215747,NCHQR,P,-0.015563000000000004,0.787
148939,215747,NCCCOa,S,-0.017300000000000003,0.88
148939,215747,NCCSC,S,-0.014565000000000005,0.78
148939,215747,NCCMH,S,-0.014596000000000005,0.93
148939,215747,NCCADa,S,-0.018480000000000003,0.94
148939,215747,NCJST,S,-0.016398000000000003,0.94
148939,215747,NCJCB,S,-0.013569000000000005,0.96
148939,215747,NCCML,S,-0.015310000000000004,0.94
148939,215747,NCCAL,S,-0.016293000000000002,0.96
148939,215747,NCJAL,S,-0.018462000000000003,0.93
148939,215747,NCHSP,S,-0.017579000000000004,0.92
148939,215747,NCJHL,S,-0.013527000000000004,0.92
148939,215747,NCJRR,S,-0.016142000000000004,0.89
148939,215747,NCHGS,S,-0.016792000000000005,0.95
148939,215747,NCJEC,S,-0.012139000000000004,0.86
148939,215747,NCJLX,S,-0.012598000000000005,0.95
148939,215747,NCHGW,S,-0.016010000000000003,0.95
148939,215747,NCCDV,S,-0.028161000000000005,0.98
148939,215747,NCCMJ,S,-0.014124000000000005,0.92
148939,215747,NCCMP,S,-0.015266000000000002,0.95
148939,215747,NCJBZ,S,-0.014757000000000003,0.8
148939,215747,NCHCA,S,-0.013920000000000002,0.87
148939,215747,NCCMR,S,-0.009455000000000002,0.94
148939,215747,NCJTG,S,-0.016406000000000004,0.73
148939,215747,NCJBC,S,-0.016058000000000003,0.87
148939,215747,NCJPL,S,-0.011284000000000002,0.76
148939,215747,NCCVA,S,-0.018124000000000005,0.95
148939,215747,NCHCR,S,-0.019233000000000004,0.96
148939,215747,NCCMN,S,-0.014098000000000003,0.93
148939,215747,NCJRG,S,-0.011879000000000004,0.92
148939,215747,NCJSC,S,-0.023758,0.78
148939,215747,NCHFE,S,-0.015710000000000002,0.85
148939,215747,NCCST,S,-0.013430000000000004,0.84
148939,215747,NCHPL,S,-0.013392000000000005,0.87
148939,215747,NCJBM,S,-0.016504000000000005,0.79
148939,215747,NCJSM,S,-0.016589000000000003,0.85
148939,215747,NCJUC,S,-0.013315000000000004,0.85
148939,215747,NCCPL,S,-0.014120000000000004,0.86
148939,215747,NCCCY,S,-0.016226000000000004,0.96
148939,215747,NCBVY,S,-0.025614000000000005,0.87
148939,238704,NCCSC,P,-0.027353999999999996,0.834
148939,238704,NCCMH,P,-0.013573999999999996,0.713
148939,238704,NCCADa,P,-0.050214999999999996,0.847
148939,238704,NCJCB,P,-0.04661499999999999,0.85
148939,238704,NCCML,P,-0.018747999999999994,0.969
148939,238704,NCCAL,P,-0.017259999999999998,0.803
148939,238704,NCJRR,P,-0.046377999999999996,0.869
148939,238704,NCJEC,P,-0.04582,0.843
148939,238704,NCJLX,P,-0.029579999999999995,0.706
148939,238704,NCHGW,P,-0.050161,0.952
148939,238704,NCCDV,P,-0.030715999999999993,0.94
148939,238704,NCCMJ,P,-0.015511999999999998,0.848
148939,238704,NCCMP,P,-0.040195999999999996,0.886
148939,238704,NCJBZ,P,-0.04253799999999999,0.898
148939,238704,NCHCA,P,-0.05140599999999999,0.911
148939,238704,NCJSG,P,-0.021009999999999994,0.905
148939,238704,NCCMR,P,-0.012125999999999998,0.935
148939,238704,NCJTG,P,-0.03937199999999999,0.903
148939,238704,NCJBC,P,-0.028307999999999993,0.837
148939,238704,NCCVA,P,-0.018791999999999996,0.923
148939,238704,NCJPL,P,-0.041096999999999995,0.708
148939,238704,NCHCR,P,-0.052022,0.862
148939,238704,NCCMN,P,-0.018167999999999997,0.899
148939,238704,NCCVL,P,-0.014834999999999994,0.859
148939,238704,NCJSC,P,-0.029252999999999994,0.807
148939,238704,NCCST,P,-0.025474999999999998,0.883
148939,238704,NCHPL,P,-0.046124,0.902
148939,238704,NCJBM,P,-0.022226999999999997,0.895
148939,238704,NCHCOa,P,-0.04886599999999999,0.765
148939,238704,NCHAZ,P,-0.049135,0.781
148939,238704,NCJSFa,P,-0.021100999999999995,0.867
148939,238704,NCCCY,P,-0.016715999999999995,0.79
148939,238704,NCJPPa,P,-0.022489999999999996,0.891
148939,238704,NCJHP,P,-0.020103999999999997,0.967
148939,238704,NCCBS,P,-0.016688999999999996,0.767
148939,238704,NCBVY,P,-0.04840699999999999,0.872
148939,238704,NCHQR,P,-0.052478,0.777
148939,238704,NCCADa,S,-0.06895799999999999,0.79
148939,238704,NCJST,S,-0.037631,0.75
148939,238704,NCJCB,S,-0.052659,0.85
148939,238704,NCCML,S,-0.005582999999999991,0.93
148939,238704,NCCAL,S,-0.005760999999999988,0.87
148939,238704,NCJAL,S,-0.038113999999999995,0.86
148939,238704,NCJHL,S,-0.034119,0.73
148939,238704,NCJSS,S,-0.029240999999999996,0.92
148939,238704,NCHGS,S,-0.058403,0.8
148939,238704,NCJEC,S,-0.040588,0.83
148939,238704,NCJLX,S,-0.017880999999999994,0.88
148939,238704,NCCDV,S,-0.019602999999999995,0.93
148939,238704,NCCMP,S,-0.04099799999999999,0.98
148939,238704,NCHCA,S,-0.06149199999999999,0.72
148939,238704,NCCMR,S,0.0044420000000000015,0.88
148939,238704,NCJBC,S,-0.015513999999999993,0.76
148939,238704,NCCOS,S,-0.01893999999999999,0.93
148939,238704,NCCVA,S,-0.005535999999999999,0.94
148939,238704,NCCMN,S,-0.011106999999999992,0.87
148939,238704,NCCVL,S,-0.005377999999999994,0.82
148939,238704,NCCST,S,-0.016973999999999996,0.74
148939,238704,NCJSM,S,-0.021059999999999995,0.81
148939,238704,NCCCY,S,-0.0014909999999999923,0.9
148939,238790,NCCSC,P,-0.020171999999999995,0.893
148939,238790,NCCMH,P,-0.017023999999999997,0.913
148939,238790,NCCADa,P,-0.030208999999999993,0.925
148939,238790,NCJST,P,-0.026183999999999992,0.753
148939,238790,NCJCB,P,-0.028716,0.921
148939,238790,NCCML,P,-0.017764000000000002,0.984
148939,238790,NCCAL,P,-0.019020999999999996,0.966
148939,238790,NCJAL,P,-0.027772999999999992,0.749
148939,238790,NCHSP,P,-0.03176299999999999,0.707
148939,238790,NCJHL,P,-0.025880999999999994,0.832
148939,238790,NCJRR,P,-0.028627999999999994,0.91
148939,238790,NCJSS,P,-0.02178999999999999,0.819
148939,238790,NCHGS,P,-0.031795,0.867
148939,238790,NCJEC,P,-0.029108999999999996,0.874
148939,238790,NCJLX,P,-0.021528999999999993,0.865
148939,238790,NCHGW,P,-0.030384999999999995,0.967
148939,238790,NCCDV,P,-0.030733999999999997,0.967
148939,238790,NCCMJ,P,-0.017550999999999997,0.96
148939,238790,NCJBZ,P,-0.025733999999999993,0.866
148939,238790,NCHCA,P,-0.031195999999999995,0.967
148939,238790,NCJSG,P,-0.01840299999999999,0.958
148939,238790,NCCMR,P,-0.012493999999999991,0.955
148939,238790,NCJTG,P,-0.023381999999999993,0.888
148939,238790,NCJBC,P,-0.018850999999999993,0.932
148939,238790,NCCOS,P,-0.021819999999999992,0.858
148939,238790,NCJPL,P,-0.026738999999999992,0.759
148939,238790,NCCVA,P,-0.02080499999999999,0.96
148939,238790,NCHCR,P,-0.031068,0.945
148939,238790,NCCVL,P,-0.016062999999999994,0.888
148939,238790,NCJSC,P,-0.026132999999999997,0.82
148939,238790,NCCST,P,-0.021411,0.965
148939,238790,NCHPL,P,-0.028744999999999993,0.943
148939,238790,NCJBM,P,-0.019509,0.979
148939,238790,NCHCOa,P,-0.029032999999999996,0.8
148939,238790,NCJSM,P,-0.021036,0.905
148939,238790,NCHAZ,P,-0.030898999999999996,0.769
148939,238790,NCJSFa,P,-0.020320999999999992,0.896
148939,238790,NCCPL,P,-0.018082,0.871
148939,238790,NCCCY,P,-0.018985000000000002,0.963
148939,238790,NCJPPa,P,-0.019088999999999995,0.977
148939,238790,NCCBS,P,-0.0189,0.808
148939,238790,NCBVY,P,-0.029627999999999995,0.924
148939,238790,NCHQR,P,-0.031902999999999994,0.808
148939,238790,NCCSC,S,-0.021158999999999997,0.84
148939,238790,NCCMH,S,-0.016811999999999994,0.92
148939,238790,NCCADa,S,-0.037964,0.79
148939,238790,NCJST,S,-0.026329999999999992,0.82
148939,238790,NCJCB,S,-0.029503999999999996,0.93
148939,238790,NCCML,S,-0.014756999999999992,0.96
148939,238790,NCCAL,S,-0.01566899999999999,0.94
148939,238790,NCJAL,S,-0.023130999999999992,0.89
148939,238790,NCHSP,S,-0.038648999999999996,0.79
148939,238790,NCJHL,S,-0.022580999999999997,0.87
148939,238790,NCJRR,S,-0.027925,0.8
148939,238790,NCJSS,S,-0.017160999999999996,0.97
148939,238790,NCHGS,S,-0.03579399999999999,0.89
148939,238790,NCJEC,S,-0.023264999999999994,0.85
148939,238790,NCJLX,S,-0.016466999999999996,0.94
148939,238790,NCHGW,S,-0.032619999999999996,0.9
148939,238790,NCCDV,S,-0.028575999999999997,0.98
148939,238790,NCCMJ,S,-0.015536999999999995,0.89
148939,238790,NCCMP,S,-0.028242999999999997,0.99
148939,238790,NCJBZ,S,-0.024099999999999996,0.78
148939,238790,NCHCA,S,-0.03306099999999999,0.83
148939,238790,NCJSG,S,-0.01698899999999999,0.82
148939,238790,NCCMR,S,-0.007412999999999989,0.96
148939,238790,NCJTG,S,-0.021944999999999992,0.73
148939,238790,NCJBC,S,-0.013131999999999991,0.79
148939,238790,NCCOS,S,-0.018730999999999998,0.98
148939,238790,NCJPL,S,-0.024583999999999995,0.78
148939,238790,NCCVA,S,-0.015410999999999994,0.97
148939,238790,NCHCR,S,-0.039133999999999995,0.77
148939,238790,NCJRG,S,-0.02011099999999999,0.84
148939,238790,NCCVL,S,-0.016751000000000002,0.91
148939,238790,NCJSC,S,-0.025481999999999998,0.79
148939,238790,NCCST,S,-0.018262,0.84
148939,238790,NCJBM,S,-0.01951399999999999,0.89
148939,238790,NCJSM,S,-0.018809999999999993,0.89
148939,238790,NCJUC,S,-0.02142999999999999,0.84
148939,238790,NCJSFa,S,-0.018882999999999997,0.78
148939,238790,NCCPL,S,-0.016804,0.88
148939,238790,NCCCY,S,-0.014913999999999997,0.93
148939,238790,NCJPPa,S,-0.019981,0.84
148939,238790,NCBVY,S,-0.042074999999999994,0.86
148939,238790,NCHQR,S,-0.037668999999999994,0.72
148939,30062741,NCCADa,P,-0.04170199999999999,0.725
148939,30062741,NCJCB,P,-0.042846999999999996,0.832
148939,30062741,NCCML,P,-0.016701000000000008,0.919
148939,30062741,NCJHL,P,-0.040674000000000016,0.755
148939,30062741,NCJRR,P,-0.04331199999999999,0.82
148939,30062741,NCHGS,P,-0.049866999999999995,0.852
148939,30062741,NCJEC,P,-0.044821,0.802
148939,30062741,NCCDV,P,-0.028696,0.945
148939,30062741,NCCMJ,P,-0.01556500000000001,0.782
148939,30062741,NCCMP,P,-0.038219,0.903
148939,30062741,NCJBZ,P,-0.043836000000000014,0.846
148939,30062741,NCHCA,P,-0.042061000000000015,0.893
148939,30062741,NCJSG,P,-0.026910000000000003,0.775
148939,30062741,NCJBC,P,-0.020667000000000005,0.804
148939,30062741,NCHCR,P,-0.04822599999999999,0.848
148939,30062741,NCJSC,P,-0.020911,0.804
148939,30062741,NCHFE,P,-0.05069499999999999,0.86
148939,30062741,NCCST,P,-0.023926000000000003,0.833
148939,30062741,NCHPL,P,-0.04583000000000001,0.913
148939,30062741,NCJBM,P,-0.021857,0.791
148939,30062741,NCHAZ,P,-0.04656299999999999,0.728
148939,30062741,NCJHP,P,-0.018069,0.807
148939,30062741,NCHFP,P,-0.043209,0.759
148939,30062741,NCBVY,P,-0.04710900000000001,0.723
148939,30062741,NCCMH,S,-0.01521800000000001,0.73
148939,30062741,NCCAO,S,-0.03636800000000001,0.83
148939,30062741,NCJST,S,-0.043755000000000016,0.78
148939,30062741,NCJCB,S,-0.046092999999999995,0.78
148939,30062741,NCCML,S,-0.0066950000000000065,0.92
148939,30062741,NCCAL,S,-0.008670999999999998,0.81
148939,30062741,NCJAL,S,-0.037022,0.86
148939,30062741,NCJHL,S,-0.034801,0.75
148939,30062741,NCJSS,S,-0.027768,0.9
148939,30062741,NCHGS,S,-0.05757899999999999,0.78
148939,30062741,NCJEC,S,-0.036085000000000006,0.74
148939,30062741,NCCDV,S,-0.021286,0.89
148939,30062741,NCCMP,S,-0.03628300000000001,0.95
148939,30062741,NCJBC,S,-0.01161000000000001,0.71
148939,30062741,NCCOS,S,-0.017842999999999998,0.91
148939,30062741,NCCVL,S,-0.012598999999999999,0.81
148939,30062741,NCHPL,S,-0.052088999999999996,0.84
148939,30062741,NCCCY,S,-0.003279000000000004,0.83
148939,30062741,NCBVY,S,-0.060864,0.75
148939,30069222,NCCMH,P,-0.027935,0.818
148939,30069222,NCJST,P,-0.030808999999999996,0.903
148939,30069222,NCJCB,P,-0.017007999999999995,0.71
148939,30069222,NCCML,P,-0.020803000000000002,0.97
148939,30069222,NCCAL,P,-0.024707999999999994,0.819
148939,30069222,NCHSP,P,-0.018026,0.715
148939,30069222,NCJHL,P,-0.021270999999999998,0.82
148939,30069222,NCJRR,P,-0.017368999999999996,0.726
148939,30069222,NCHGS,P,-0.014684000000000003,0.804
148939,30069222,NCJEC,P,-0.021698999999999996,0.746
148939,30069222,NCHGW,P,-0.015587000000000004,0.882
148939,30069222,NCCDV,P,-0.033563,0.928
148939,30069222,NCCMJ,P,-0.021069000000000004,0.756
148939,30069222,NCJBZ,P,-0.020793999999999993,0.88
148939,30069222,NCJSG,P,-0.021807999999999994,0.883
148939,30069222,NCCMR,P,-0.011159000000000002,0.926
148939,30069222,NCCVA,P,-0.027189000000000005,0.82
148939,30069222,NCHCR,P,-0.019206,0.805
148939,30069222,NCJSJ,P,-0.018711000000000005,0.766
148939,30069222,NCCMN,P,-0.020418000000000006,0.802
148939,30069222,NCJSC,P,-0.019264000000000003,0.752
148939,30069222,NCHFE,P,-0.017723000000000003,0.764
148939,30069222,NCCST,P,-0.018586000000000005,0.916
148939,30069222,NCHPL,P,-0.012122999999999995,0.858
148939,30069222,NCJBM,P,-0.019560999999999995,0.893
148939,30069222,NCJSFa,P,-0.021772,0.778
148939,30069222,NCCCY,P,-0.021667000000000006,0.837
148939,30069222,NCJHP,P,-0.019229999999999997,0.87
148939,30069222,NCHFP,P,-0.012106000000000006,0.805
148939,30069222,NCCMH,S,-0.021147,0.77
148939,30069222,NCCAO,S,-0.01335,0.83
148939,30069222,NCJST,S,-0.032227,0.92
148939,30069222,NCJCB,S,-0.018242999999999995,0.85
148939,30069222,NCCML,S,-0.018767000000000006,0.94
148939,30069222,NCCAL,S,-0.030767999999999997,0.89
148939,30069222,NCJAL,S,-0.025305999999999995,0.74
148939,30069222,NCHSP,S,-0.014073000000000002,0.71
148939,30069222,NCJHL,S,-0.018231999999999998,0.8
148939,30069222,NCJSS,S,-0.016990000000000005,0.87
148939,30069222,NCHGS,S,-0.013328999999999994,0.78
148939,30069222,NCJEC,S,-0.018108,0.8
148939,30069222,NCCDV,S,-0.033046,0.91
148939,30069222,NCCMJ,S,-0.021855,0.82
148939,30069222,NCCMR,S,-0.007930999999999994,0.9
148939,30069222,NCCOS,S,-0.009496000000000004,0.93
148939,30069222,NCCVA,S,-0.024678999999999993,0.92
148939,30069222,NCHCR,S,-0.011343000000000006,0.74
148939,30069222,NCCMN,S,-0.017303,0.85
148939,30069222,NCJSC,S,-0.013207999999999998,0.72
148939,30069222,NCCST,S,-0.010946999999999998,0.78
148939,30069222,NCHPL,S,-0.005043000000000006,0.71
148939,30069222,NCCCY,S,-0.023790000000000006,0.84
148939,30069222,NCHFP,S,-0.020172999999999996,0.73
148939,30069222,NCBVY,S,-0.020573999999999995,0.75
148939,30092060,NCCCOa,P,-0.02907,0.887
148939,30092060,NCCMH,P,-0.022126999999999994,0.959
148939,30092060,NCCAO,P,-0.026985999999999996,0.876
148939,30092060,NCCADa,P,-0.02323299999999999,0.81
148939,30092060,NCJST,P,-0.029192999999999997,0.919
148939,30092060,NCJCB,P,-0.028099,0.897
148939,30092060,NCCML,P,-0.02370599999999999,0.961
148939,30092060,NCCAL,P,-0.02788199999999999,0.956
148939,30092060,NCJAL,P,-0.031222,0.816
148939,30092060,NCHSP,P,-0.03011599999999999,0.957
148939,30092060,NCJHL,P,-0.02760599999999999,0.885
148939,30092060,NCJRR,P,-0.027981999999999993,0.946
148939,30092060,NCJSS,P,-0.026311,0.804
148939,30092060,NCJEC,P,-0.027747999999999995,0.838
148939,30092060,NCJLX,P,-0.023790999999999993,0.808
148939,30092060,NCHGW,P,-0.029045,0.971
148939,30092060,NCCDV,P,-0.038238999999999995,0.981
148939,30092060,NCCMJ,P,-0.025477,0.875
148939,30092060,NCCMP,P,-0.027089000000000002,0.735
148939,30092060,NCHCA,P,-0.029282000000000002,0.968
148939,30092060,NCJSG,P,-0.027267,0.888
148939,30092060,NCJBC,P,-0.022403999999999993,0.896
148939,30092060,NCCVA,P,-0.028902999999999998,0.967
148939,30092060,NCHCR,P,-0.030067999999999998,0.968
148939,30092060,NCJSJ,P,-0.023549,0.786
148939,30092060,NCCVL,P,-0.029869999999999994,0.781
148939,30092060,NCHFE,P,-0.030108999999999997,0.936
148939,30092060,NCCST,P,-0.027891,0.958
148939,30092060,NCJBM,P,-0.025349999999999998,0.801
148939,30092060,NCJSFa,P,-0.026697,0.741
148939,30092060,NCCCY,P,-0.026903999999999997,0.908
148939,30092060,NCHDLb,P,-0.030641,0.929
148939,30092060,NCJHP,P,-0.026243000000000002,0.81
148939,30092060,NCCBS,P,-0.028315999999999994,0.802
148939,30092060,NCHFP,P,-0.028428999999999996,0.928
148939,30092060,NCBVY,P,-0.029377,0.931
148939,30092060,NCCCOa,S,-0.029526999999999998,0.94
148939,30092060,NCCMH,S,-0.022203,0.97
148939,30092060,NCCAO,S,-0.02649299999999999,0.88
148939,30092060,NCCADa,S,-0.026650999999999994,0.77
148939,30092060,NCJST,S,-0.029598,0.95
148939,30092060,NCJCB,S,-0.02505199999999999,0.95
148939,30092060,NCCML,S,-0.022509,0.98
148939,30092060,NCCAL,S,-0.027433,0.96
148939,30092060,NCJAL,S,-0.028370999999999993,0.92
148939,30092060,NCHSP,S,-0.031195,0.94
148939,30092060,NCJHL,S,-0.025903999999999996,0.9
148939,30092060,NCJRR,S,-0.027717999999999993,0.93
148939,30092060,NCJSS,S,-0.020144999999999996,0.98
148939,30092060,NCJEC,S,-0.023703000000000002,0.86
148939,30092060,NCJLX,S,-0.020894999999999997,0.95
148939,30092060,NCHGW,S,-0.02972899999999999,0.94
148939,30092060,NCCDV,S,-0.037170999999999996,0.97
148939,30092060,NCCMJ,S,-0.024685,0.91
148939,30092060,NCHCA,S,-0.028993999999999992,0.84
148939,30092060,NCJSG,S,-0.025366,0.79
148939,30092060,NCJBC,S,-0.020704,0.93
148939,30092060,NCCOS,S,-0.027426999999999993,0.93
148939,30092060,NCCVA,S,-0.026374999999999996,0.97
148939,30092060,NCHCR,S,-0.03229799999999999,0.9
148939,30092060,NCJSJ,S,-0.02351199999999999,0.81
148939,30092060,NCJRG,S,-0.024228,0.78
148939,30092060,NCCVL,S,-0.034664,0.84
148939,30092060,NCJSC,S,-0.02556599999999999,0.8
148939,30092060,NCHFE,S,-0.031956,0.84
148939,30092060,NCCST,S,-0.02439799999999999,0.78
148939,30092060,NCCCY,S,-0.02525999999999999,0.95
148939,30092060,NCHDLb,S,-0.036592,0.85
148939,30092060,NCBVY,S,-0.040545,0.87
148939,389286,NCCCOa,P,-0.029584,0.899
148939,389286,NCCMH,P,-0.03159,0.974
148939,389286,NCCAO,P,-0.028918,0.937
148939,389286,NCJST,P,-0.028491,0.956
148939,389286,NCJCB,P,-0.028187,0.941
148939,389286,NCJAL,P,-0.030864,0.889
148939,389286,NCHSP,P,-0.02987,0.959
148939,389286,NCJHL,P,-0.027778999999999998,0.912
148939,389286,NCJRR,P,-0.027052,0.921
148939,389286,NCJSS,P,-0.029258,0.953
148939,389286,NCHGS,P,-0.029817,0.957
148939,389286,NCJEC,P,-0.0282,0.89
148939,389286,NCJLX,P,-0.028189,0.921
148939,389286,NCHGW,P,-0.026772999999999998,0.959
148939,389286,NCCDV,P,-0.043904,0.961
148939,389286,NCCMJ,P,-0.031655,0.959
148939,389286,NCHCA,P,-0.019892,0.862
148939,389286,NCJSG,P,-0.031163,0.966
148939,389286,NCCMR,P,-0.024179,0.931
148939,389286,NCJTG,P,-0.027902,0.895
148939,389286,NCCVA,P,-0.034476,0.88
148939,389286,NCHCR,P,-0.029699,0.981
148939,389286,NCJSJ,P,-0.028822,0.911
148939,389286,NCHFE,P,-0.027694999999999997,0.912
148939,389286,NCCST,P,-0.030805,0.954
148939,389286,NCHPL,P,-0.026896999999999997,0.932
148939,389286,NCJBM,P,-0.029384,0.966
148939,389286,NCJSM,P,-0.029127,0.817
148939,389286,NCHAZ,P,-0.029398999999999998,0.789
148939,389286,NCJSFa,P,-0.031188,0.849
148939,389286,NCCCY,P,-0.032638,0.941
148939,389286,NCJPPa,P,-0.021745,0.729
148939,389286,NCHDLb,P,-0.030299,0.935
148939,389286,NCJHP,P,-0.030146,0.947
148939,389286,NCHFP,P,-0.027759,0.922
148939,389286,NCCCOa,S,-0.029542,0.92
148939,389286,NCCMH,S,-0.032052,0.97
148939,389286,NCCAO,S,-0.028409999999999998,0.94
148939,389286,NCJST,S,-0.029432,0.99
148939,389286,NCJCB,S,-0.026803999999999998,0.95
148939,389286,NCJAL,S,-0.029126,0.96
148939,389286,NCHSP,S,-0.028356,0.93
148939,389286,NCJHL,S,-0.02642,0.9
148939,389286,NCJRR,S,-0.027159,0.92
148939,389286,NCJSS,S,-0.025693,0.93
148939,389286,NCHGS,S,-0.028787,0.95
148939,389286,NCJEC,S,-0.024338,0.84
148939,389286,NCJLX,S,-0.026348,0.94
148939,389286,NCHGW,S,-0.026924,0.94
148939,389286,NCCDV,S,-0.045593999999999996,0.96
148939,389286,NCCMJ,S,-0.032847,0.97
148939,389286,NCHCA,S,-0.015399,0.72
148939,389286,NCJSG,S,-0.02993,0.86
148939,389286,NCCMR,S,-0.026317,0.96
148939,389286,NCJTG,S,-0.029724999999999998,0.75
148939,389286,NCCOS,S,-0.031911,0.9
148939,389286,NCCVA,S,-0.03074,0.91
148939,389286,NCHCR,S,-0.030423,0.96
148939,389286,NCJSJ,S,-0.027704,0.74
148939,389286,NCHFE,S,-0.027138,0.85
148939,389286,NCCST,S,-0.028898999999999998,0.8
148939,389286,NCHPL,S,-0.024731999999999997,0.81
148939,389286,NCJBM,S,-0.029318,0.95
148939,389286,NCJSM,S,-0.026674999999999997,0.78
148939,389286,NCJUC,S,-0.028055999999999998,0.71
148939,389286,NCJSFa,S,-0.030088,0.78
148939,389286,NCCCY,S,-0.035283,0.94
148939,389286,NCHDLb,S,-0.035871,0.84
148939,389286,NCHFP,S,-0.038224,0.89
148939,478138,NCCADa,P,-0.02143099999999999,0.717
148939,478138,NCCML,P,0.0060120000000000035,0.929
148939,478138,NCCAL,P,0.004390000000000005,0.712
148939,478138,NCCDV,P,-0.007594999999999991,0.93
148939,478138,NCCMJ,P,0.007801000000000002,0.877
148939,478138,NCCMP,P,-0.013946,0.72
148939,478138,NCHCA,P,-0.02323699999999998,0.925
148939,478138,NCCMR,P,0.002828000000000011,0.93
148939,478138,NCJTG,P,-0.017436999999999994,0.87
148939,478138,NCJBC,P,0.00032500000000000584,0.836
148939,478138,NCCVA,P,0.0046670000000000045,0.86
148939,478138,NCHCR,P,-0.022513999999999992,0.868
148939,478138,NCCVL,P,0.003581000000000001,0.835
148939,478138,NCJSC,P,0.004191,0.793
148939,478138,NCHFE,P,-0.022202,0.824
148939,478138,NCJBM,P,0.0026410000000000045,0.873
148939,478138,NCJSM,P,0.001593000000000011,0.747
148939,478138,NCJSFa,P,0.0041120000000000045,0.771
148939,478138,NCCCY,P,0.007787000000000002,0.799
148939,478138,NCJPPa,P,0.008451,0.767
148939,478138,NCCAO,S,-0.01147899999999999,0.77
148939,478138,NCJST,S,-0.011587999999999987,0.79
148939,478138,NCCML,S,0.018386,0.94
148939,478138,NCCAL,S,0.014035000000000006,0.85
148939,478138,NCJAL,S,-0.01329799999999999,0.85
148939,478138,NCHSP,S,-0.04015199999999999,0.77
148939,478138,NCJHL,S,-0.009783999999999987,0.78
148939,478138,NCJLX,S,0.005801000000000001,0.82
148939,478138,NCCDV,S,0.003968000000000013,0.9
148939,478138,NCCMR,S,0.014962000000000003,0.91
148939,478138,NCCOS,S,0.0032940000000000053,0.93
148939,478138,NCCVA,S,0.01712100000000001,0.96
148939,478138,NCCVL,S,0.009636000000000006,0.84
148939,478138,NCJSM,S,0.006200000000000011,0.74
148939,478138,NCCCY,S,0.021418000000000006,0.91
148939,483500,NCCML,P,-0.0014799999999999952,0.729
148939,483500,NCJTG,P,0.028892,0.703
148939,483500,NCCVA,P,0.03529,0.781
148939,483500,NCCMN,P,0.038647,0.765
148939,529274,NCCMH,P,-0.009964,0.987
148939,529274,NCCAO,P,-0.012222999999999998,0.902
148939,529274,NCCADa,P,-0.013452000000000006,0.78
148939,529274,NCJST,P,-0.013940000000000008,0.879
148939,529274,NCCML,P,-0.010734000000000007,0.994
148939,529274,NCCAL,P,-0.011876999999999999,0.965
148939,529274,NCJAL,P,-0.016312000000000007,0.802
148939,529274,NCHSP,P,-0.018807000000000004,0.952
148939,529274,NCJHL,P,-0.012819999999999998,0.852
148939,529274,NCJSS,P,-0.011126999999999998,0.911
148939,529274,NCCDV,P,-0.025127999999999998,0.956
148939,529274,NCJBZ,P,-0.009662000000000004,0.946
148939,529274,NCHCA,P,-0.015185000000000004,0.85
148939,529274,NCCVA,P,-0.014299000000000006,0.873
148939,529274,NCHCR,P,-0.013801000000000008,0.853
148939,529274,NCJSJ,P,-0.009814000000000003,0.906
148939,529274,NCCMN,P,-0.012233000000000008,0.925
148939,529274,NCJSC,P,-0.008678000000000005,0.888
148939,529274,NCHFE,P,-0.014019000000000004,0.853
148939,529274,NCCST,P,-0.015794000000000002,0.872
148939,529274,NCJBM,P,-0.010759000000000005,0.958
148939,529274,NCHCOa,P,-0.016786999999999996,0.864
148939,529274,NCJPPa,P,-0.0036720000000000086,0.715
148939,529274,NCJHP,P,-0.012167999999999998,0.928
148939,529274,NCJBG,P,-0.009557999999999997,0.704
148939,529274,NCJPS,P,-0.011880000000000002,0.715
148939,529274,NCCMH,S,-0.010134000000000004,0.98
148939,529274,NCCAO,S,-0.013675000000000007,0.85
148939,529274,NCCADa,S,-0.017989000000000005,0.81
148939,529274,NCJST,S,-0.013120000000000007,0.96
148939,529274,NCCML,S,-0.009024000000000004,0.99
148939,529274,NCCAL,S,-0.010183999999999999,0.99
148939,529274,NCHSP,S,-0.020463999999999996,0.95
148939,529274,NCJHL,S,-0.010347999999999996,0.84
148939,529274,NCJSS,S,-0.004767000000000007,0.93
148939,529274,NCJLX,S,-0.007069000000000006,0.95
148939,529274,NCCDV,S,-0.02296100000000001,0.97
148939,529274,NCJBZ,S,-0.007944000000000007,0.85
148939,529274,NCHCA,S,-0.014206999999999997,0.8
148939,529274,NCJPL,S,-0.008627999999999997,0.71
148939,529274,NCCVA,S,-0.013774000000000008,0.95
148939,529274,NCHCR,S,-0.015280000000000002,0.79
148939,529274,NCCMN,S,-0.008157999999999999,0.94
148939,529274,NCJSC,S,-0.007658999999999999,0.81
148939,529274,NCHFE,S,-0.014216000000000006,0.78
148939,529274,NCJBM,S,-0.010072999999999999,0.93
154124,215747,NCCML,P,0.008226,0.713
154124,215747,NCCVA,P,-0.03585,0.776
154124,215747,NCCMN,P,-0.031806,0.76
154124,215747,NCHPL,P,-0.12383899999999999,0.719
154124,238704,NCCVA,P,-0.033606000000000004,0.773
154124,238704,NCHPL,P,-0.155794,0.757
154124,238790,NCCVA,P,-0.03617,0.797
154124,238790,NCHPL,P,-0.135621,0.727
154124,30057908,NCHGW,P,0.039941,0.787
154124,30057908,NCCDV,P,-0.056422,0.803
154124,30057908,NCCMP,P,0.019218,0.778
154124,30057908,NCHCA,P,0.06129999999999999,0.884
154124,30057908,NCJSG,P,-0.027946000000000002,0.706
154124,30057908,NCJTG,P,0.016814999999999997,0.81
154124,30057908,NCHCR,P,0.045308,0.74
154124,30057908,NCJPL,P,0.021601999999999996,0.796
154124,30057908,NCJRG,P,0.007681,0.713
154124,30057908,NCHCB,P,0.041392,0.911
154124,30057908,NCJSC,P,-0.029127,0.701
154124,30057908,NCHFE,P,0.048823000000000005,0.739
154124,30057908,NCCST,P,-0.029475,0.763
154124,30057908,NCHPL,P,0.048405000000000004,0.91
154124,30057908,NCHCOa,P,0.037779,0.827
154124,30057908,NCHAZ,P,0.041048999999999995,0.817
154124,30057908,NCJUC,P,0.006432,0.702
154124,30057908,NCHDLb,P,0.035283999999999996,0.78
154124,30057908,NCHLT,P,0.051927,0.813
154124,30057908,NCJHP,P,-0.037546,0.804
154124,30057908,NCHSL,P,0.048274,0.841
154124,30057908,NCCMO,P,-0.038265,0.943
154124,30057908,NCHJS,P,0.04933699999999999,0.738
154124,30057908,NCBSL,P,0.05422299999999999,0.826
154124,30057908,NCBVY,P,0.042046,0.802
154124,30057908,NCJAL,S,0.01014,0.71
154124,30057908,NCCAL,S,-0.089987,0.79
154124,30057908,NCJSS,S,-0.0006800000000000018,0.79
154124,30057908,NCCMP,S,0.037786,0.91
154124,30057908,NCCOS,S,-0.017625000000000002,0.86
154124,30058785,NCCAL,P,-0.06010600000000001,0.71
154124,30058785,NCCDV,P,-0.06069000000000001,0.855
154124,30058785,NCCMP,P,0.009659999999999998,0.786
154124,30058785,NCHCA,P,0.051661,0.846
154124,30058785,NCJSG,P,-0.030285000000000003,0.711
154124,30058785,NCJTG,P,0.011274,0.812
154124,30058785,NCJPL,P,0.014495,0.827
154124,30058785,NCJRG,P,0.0009629999999999986,0.868
154124,30058785,NCHCB,P,0.030948,0.878
154124,30058785,NCJSC,P,-0.030497,0.734
154124,30058785,NCCST,P,-0.034483,0.727
154124,30058785,NCHPL,P,0.034463,0.903
154124,30058785,NCHAZ,P,0.028057,0.755
154124,30058785,NCJUC,P,0.0011919999999999986,0.725
154124,30058785,NCHDLb,P,0.022994,0.804
154124,30058785,NCHLT,P,0.040652,0.802
154124,30058785,NCJHP,P,-0.037439,0.794
154124,30058785,NCHSL,P,0.033865,0.843
154124,30058785,NCCMO,P,-0.042418,0.962
154124,30058785,NCHJS,P,0.041514999999999996,0.747
154124,30058785,NCBSL,P,0.041702,0.77
154124,30058785,NCBVY,P,0.030254,0.804
154124,30058785,NCJAL,S,0.0063219999999999995,0.74
154124,30058785,NCCAL,S,-0.08923,0.76
154124,30058785,NCJSS,S,-0.005476999999999999,0.81
154124,30058785,NCCMP,S,0.022135,0.92
154124,30058785,NCCOS,S,-0.026626,0.86
154124,30058785,NCJUC,S,-0.0013520000000000008,0.75
154124,483500,NCCMH,P,0.020727999999999996,0.944
154124,483500,NCJST,P,0.01927699999999999,0.975
154124,483500,NCCML,P,0.021773999999999988,0.992
154124,483500,NCCAL,P,0.019214999999999996,0.982
154124,483500,NCJAL,P,0.022813,0.822
154124,483500,NCHSP,P,0.018621,0.929
154124,483500,NCJHL,P,0.021710999999999994,0.775
154124,483500,NCJSS,P,0.022022999999999987,0.937
154124,483500,NCJEC,P,0.020946999999999993,0.946
154124,483500,NCJLX,P,0.020862999999999993,0.949
154124,483500,NCCDV,P,0.0078019999999999895,0.976
154124,483500,NCCMJ,P,0.020570999999999992,0.993
154124,483500,NCCMP,P,0.01973499999999999,0.889
154124,483500,NCJBZ,P,0.021958999999999992,0.851
154124,483500,NCHCA,P,0.022032999999999997,0.978
154124,483500,NCJTG,P,0.018147999999999997,0.938
154124,483500,NCJBC,P,0.027026999999999995,0.937
154124,483500,NCHCR,P,0.02332999999999999,0.944
154124,483500,NCJPL,P,0.01844499999999999,0.907
154124,483500,NCCVA,P,0.018564999999999998,0.969
154124,483500,NCCMN,P,0.022043999999999994,0.99
154124,483500,NCJSJ,P,0.021990999999999997,0.924
154124,483500,NCJRG,P,0.020741999999999997,0.981
154124,483500,NCHCB,P,0.022320999999999994,0.958
154124,483500,NCJSC,P,0.022807999999999995,0.951
154124,483500,NCHFE,P,0.022183999999999995,0.94
154124,483500,NCCST,P,0.019885,0.963
154124,483500,NCJEL,P,0.018975999999999993,0.925
154124,483500,NCHOR,P,0.018827999999999998,0.944
154124,483500,NCJBM,P,0.02130599999999999,0.967
154124,483500,NCHCOa,P,0.019437999999999997,0.972
154124,483500,NCJSM,P,0.023145,0.875
154124,483500,NCHAZ,P,0.019039,0.97
154124,483500,NCJUC,P,0.01994299999999999,0.978
154124,483500,NCJSFa,P,0.02163699999999999,0.985
154124,483500,NCCCY,P,0.019479999999999997,0.968
154124,483500,NCCDA,P,0.008248999999999992,0.905
154124,483500,NCHDLb,P,0.01680799999999999,0.932
154124,483500,NCCDO,P,0.019141999999999992,0.817
154124,483500,NCHER,P,0.019672999999999996,0.893
154124,483500,NCCBS,P,0.019351999999999994,0.864
154124,483500,NCJHP,P,0.020363999999999993,0.982
154124,483500,NCCMO,P,0.021947999999999995,0.992
154124,483500,NCJPS,P,0.021190999999999988,0.926
154124,483500,NCCLC,P,0.02034699999999999,0.972
154124,483500,NCBSL,P,0.02129099999999999,0.946
154124,483500,NCCBRa,P,0.020764999999999992,0.736
154124,483500,NCCMH,S,0.022127999999999995,0.95
154124,483500,NCCADa,S,0.022253999999999996,0.75
154124,483500,NCJST,S,0.020033999999999996,0.97
154124,483500,NCCML,S,0.022477999999999998,0.99
154124,483500,NCCAL,S,0.019796999999999995,0.93
154124,483500,NCJAL,S,0.023239999999999997,0.91
154124,483500,NCHSP,S,0.018296999999999994,0.95
154124,483500,NCJHL,S,0.02682699999999999,0.8
154124,483500,NCJSS,S,0.026721999999999996,0.93
154124,483500,NCJEC,S,0.023628999999999997,0.89
154124,483500,NCJLX,S,0.024985999999999994,0.92
154124,483500,NCCDV,S,0.008276999999999993,0.99
154124,483500,NCCMJ,S,0.020731,0.99
154124,483500,NCHCA,S,0.022752999999999995,0.97
154124,483500,NCJTG,S,0.018822999999999993,0.95
154124,483500,NCJBC,S,0.03215699999999999,0.71
154124,483500,NCCOS,S,0.01884799999999999,0.98
154124,483500,NCHCR,S,0.02266,0.95
154124,483500,NCJPL,S,0.01815599999999999,0.8
154124,483500,NCCVA,S,0.019450999999999996,0.98
154124,483500,NCCMN,S,0.020575999999999997,0.99
154124,483500,NCJSJ,S,0.023465999999999987,0.86
154124,483500,NCJRG,S,0.02405099999999999,0.85
154124,483500,NCHCB,S,0.023655999999999996,0.94
154124,483500,NCJSC,S,0.024062999999999987,0.87
154124,483500,NCHFE,S,0.022721999999999992,0.88
154124,483500,NCCST,S,0.02004299999999999,0.98
154124,483500,NCJEL,S,0.019107,0.74
154124,483500,NCHOR,S,0.019062999999999997,0.95
154124,483500,NCJBM,S,0.02294199999999999,0.92
154124,483500,NCHCOa,S,0.021439,0.74
154124,483500,NCJSM,S,0.026274999999999993,0.85
154124,483500,NCHAZ,S,0.018401,0.94
154124,483500,NCJUC,S,0.022252999999999995,0.92
154124,483500,NCJSFa,S,0.022322999999999996,0.96
154124,483500,NCCCY,S,0.020488999999999993,0.99
154124,483500,NCCDA,S,0.010032,0.86
154124,483500,NCHDLb,S,0.01751599999999999,0.96
154124,483500,NCCDO,S,0.016199999999999992,0.92
154124,483500,NCCBS,S,0.01905599999999999,0.84
154124,483500,NCJHP,S,0.021606,0.85
154124,483500,NCCMO,S,0.020214999999999997,0.97
154124,483500,NCJPS,S,0.021825999999999998,0.9
154124,483500,NCCLC,S,0.02009699999999999,0.95
154124,483500,NCBSL,S,0.022974999999999995,0.94
160503,215747,NCCSC,P,9.699999999999986e-05,0.748
160503,215747,NCCADa,P,0.014826999999999998,0.804
160503,215747,NCJST,P,0.011085,0.745
160503,215747,NCJCB,P,0.01672,0.783
160503,215747,NCCML,P,-0.011171,0.907
160503,215747,NCHGS,P,0.018656,0.895
160503,215747,NCJEC,P,0.017036999999999997,0.862
160503,215747,NCHGW,P,0.018444000000000002,0.938
160503,215747,NCCDV,P,-0.024896,0.922
160503,215747,NCCMJ,P,-0.012275000000000001,0.701
160503,215747,NCCMP,P,0.008451,0.876
160503,215747,NCHCA,P,0.020594,0.94
160503,215747,NCCVA,P,-0.013871,0.711
160503,215747,NCHCR,P,0.018732,0.887
160503,215747,NCJSC,P,-0.013884,0.788
160503,215747,NCHFE,P,0.018125000000000002,0.734
160503,215747,NCCST,P,-0.005767,0.806
160503,215747,NCHPL,P,0.015738000000000002,0.861
160503,215747,NCJPPa,P,-0.003834,0.757
160503,215747,NCHBT,P,0.018798000000000002,0.764
160503,215747,NCHDLb,P,0.013300999999999999,0.886
160503,215747,NCJHP,P,-0.009122000000000002,0.732
160503,215747,NCHFP,P,0.0043560000000000005,0.729
160503,215747,NCBVY,P,0.004449,0.745
160503,215747,NCHQR,P,0.008723999999999999,0.718
160503,215747,NCCMH,S,-0.011603,0.75
160503,215747,NCCAO,S,0.00727,0.89
160503,215747,NCCADa,S,0.030577,0.83
160503,215747,NCJST,S,0.007738,0.84
160503,215747,NCJCB,S,0.026535999999999997,0.88
160503,215747,NCCML,S,-0.019898,0.9
160503,215747,NCCAL,S,-0.023146,0.76
160503,215747,NCJAL,S,0.006062999999999999,0.76
160503,215747,NCHSP,S,0.031514,0.81
160503,215747,NCJHL,S,0.010605999999999999,0.81
160503,215747,NCHGS,S,0.028161,0.83
160503,215747,NCJEC,S,0.015809999999999998,0.71
160503,215747,NCHGW,S,0.026382000000000003,0.72
160503,215747,NCCDV,S,-0.032331,0.88
160503,215747,NCCMP,S,0.008744,0.98
160503,215747,NCHCA,S,0.019803,0.73
160503,215747,NCJBC,S,-0.014311,0.86
160503,215747,NCCVA,S,-0.035167000000000004,0.86
160503,215747,NCHCB,S,0.014561,0.75
160503,215747,NCHPL,S,0.013171999999999998,0.84
160503,215747,NCJUC,S,-0.004442000000000001,0.77
160503,215747,NCCCY,S,-0.036529,0.79
160503,215747,NCBVY,S,0.010712,0.79
160503,238704,NCCSC,P,-0.010660000000000003,0.711
160503,238704,NCCADa,P,-0.018628000000000002,0.931
160503,238704,NCJCB,P,-0.015848000000000004,0.783
160503,238704,NCCML,P,-0.015328000000000001,0.864
160503,238704,NCHSP,P,-0.019142000000000003,0.727
160503,238704,NCJHL,P,-0.014455000000000003,0.719
160503,238704,NCHGS,P,-0.017464000000000004,0.866
160503,238704,NCJEC,P,-0.016102,0.854
160503,238704,NCHGW,P,-0.017669000000000004,0.954
160503,238704,NCCDV,P,-0.027203000000000005,0.916
160503,238704,NCCMJ,P,-0.012839000000000003,0.731
160503,238704,NCCMP,P,-0.017550000000000003,0.919
160503,238704,NCHCA,P,-0.015628000000000003,0.919
160503,238704,NCJBC,P,-0.013564000000000003,0.739
160503,238704,NCCVA,P,-0.013777000000000005,0.724
160503,238704,NCHCR,P,-0.017156000000000005,0.904
160503,238704,NCHCB,P,-0.017273000000000004,0.727
160503,238704,NCJSC,P,-0.020222000000000004,0.836
160503,238704,NCCST,P,-0.016276000000000002,0.865
160503,238704,NCHPL,P,-0.016951000000000004,0.899
160503,238704,NCHAZ,P,-0.018644000000000004,0.766
160503,238704,NCJPPa,P,-0.013848000000000003,0.747
160503,238704,NCHFP,P,-0.029953,0.906
160503,238704,NCBVY,P,-0.028493000000000004,0.869
160503,238704,NCHQR,P,-0.028511,0.808
160503,238704,NCCCOa,S,-0.019288000000000003,0.74
160503,238704,NCCAO,S,-0.015984,0.88
160503,238704,NCCADa,S,-0.020406000000000004,0.87
160503,238704,NCJST,S,-0.016239000000000003,0.85
160503,238704,NCJCB,S,-0.015983000000000004,0.92
160503,238704,NCCML,S,-0.009215000000000004,0.86
160503,238704,NCCAL,S,-0.010122000000000003,0.73
160503,238704,NCJAL,S,-0.015869000000000005,0.89
160503,238704,NCHSP,S,-0.021032000000000002,0.78
160503,238704,NCJHL,S,-0.013130000000000003,0.74
160503,238704,NCJSS,S,-0.013328000000000003,0.92
160503,238704,NCHGS,S,-0.017422000000000003,0.88
160503,238704,NCJEC,S,-0.014814000000000004,0.89
160503,238704,NCJLX,S,-0.015362000000000004,0.79
160503,238704,NCHGW,S,-0.018381,0.85
160503,238704,NCCDV,S,-0.024169000000000003,0.84
160503,238704,NCCMJ,S,-0.010061000000000004,0.81
160503,238704,NCCMP,S,-0.017517,0.98
160503,238704,NCHCA,S,-0.025630000000000003,0.73
160503,238704,NCJBC,S,-0.018976000000000003,0.9
160503,238704,NCCVA,S,-0.022216000000000003,0.88
160503,238704,NCJPL,S,-0.021861000000000002,0.79
160503,238704,NCHCB,S,-0.018791000000000002,0.84
160503,238704,NCCVL,S,-0.023754000000000004,0.79
160503,238704,NCJSC,S,-0.027870000000000002,0.79
160503,238704,NCCST,S,-0.029135,0.75
160503,238704,NCHPL,S,-0.032400000000000005,0.82
160503,238704,NCJSM,S,-0.023514000000000004,0.72
160503,238704,NCJUC,S,-0.026032000000000003,0.82
160503,238704,NCCCY,S,-0.021789000000000003,0.79
160503,238704,NCHSL,S,-0.032462000000000005,0.75
160503,238704,NCBVY,S,-0.027322000000000003,0.79
160503,238704,NCHQR,S,-0.026613000000000005,0.79
160503,238790,NCCSC,P,-0.002926999999999999,0.718
160503,238790,NCCADa,P,0.0016700000000000048,0.917
160503,238790,NCJST,P,0.0012080000000000007,0.791
160503,238790,NCJCB,P,0.002723000000000003,0.864
160503,238790,NCCML,P,-0.013378999999999995,0.888
160503,238790,NCHSP,P,0.006379000000000003,0.769
160503,238790,NCJHL,P,0.0031839999999999993,0.774
160503,238790,NCHGS,P,0.002571000000000004,0.942
160503,238790,NCJEC,P,0.002683000000000005,0.86
160503,238790,NCHGW,P,0.002827000000000003,0.948
160503,238790,NCCDV,P,-0.026951999999999997,0.937
160503,238790,NCCMJ,P,-0.014268999999999997,0.708
160503,238790,NCCMP,P,-0.0016520000000000007,0.917
160503,238790,NCHCA,P,0.004246,0.934
160503,238790,NCJBC,P,-0.0027389999999999984,0.791
160503,238790,NCCVA,P,-0.014897999999999995,0.752
160503,238790,NCHCR,P,0.0033150000000000054,0.92
160503,238790,NCHCB,P,0.002793000000000004,0.778
160503,238790,NCJSC,P,-0.016369999999999996,0.811
160503,238790,NCCST,P,-0.011844,0.873
160503,238790,NCHPL,P,0.0019430000000000003,0.931
160503,238790,NCJBM,P,-0.008795999999999998,0.733
160503,238790,NCHAZ,P,0.001117,0.804
160503,238790,NCJPPa,P,-0.008793999999999996,0.784
160503,238790,NCJHP,P,-0.013433,0.741
160503,238790,NCHFP,P,-0.009704999999999998,0.873
160503,238790,NCBVY,P,-0.008815999999999997,0.922
160503,238790,NCHQR,P,-0.007704999999999997,0.865
160503,238790,NCCMH,S,-0.011494999999999998,0.73
160503,238790,NCCADa,S,0.010274000000000005,0.94
160503,238790,NCJST,S,-0.002692999999999994,0.84
160503,238790,NCJCB,S,0.010525000000000007,0.93
160503,238790,NCCML,S,-0.018564999999999998,0.91
160503,238790,NCCAL,S,-0.0186,0.78
160503,238790,NCJAL,S,0.0007080000000000003,0.88
160503,238790,NCHSP,S,0.008825,0.9
160503,238790,NCJHL,S,0.0015539999999999998,0.8
160503,238790,NCJSS,S,-0.0006889999999999952,0.96
160503,238790,NCHGS,S,0.0072440000000000004,0.84
160503,238790,NCJEC,S,0.003731000000000005,0.79
160503,238790,NCJLX,S,-0.007293000000000001,0.81
160503,238790,NCHGW,S,0.007757,0.83
160503,238790,NCCDV,S,-0.032119999999999996,0.88
160503,238790,NCCMJ,S,-0.018312999999999996,0.83
160503,238790,NCCMP,S,-0.003952999999999998,0.96
160503,238790,NCHCA,S,0.001132000000000001,0.85
160503,238790,NCJBC,S,-0.012437999999999998,0.85
160503,238790,NCCVA,S,-0.031323,0.87
160503,238790,NCJPL,S,-0.007001999999999994,0.72
160503,238790,NCHCB,S,0.0015290000000000026,0.8
160503,238790,NCJSC,S,-0.027433,0.75
160503,238790,NCCST,S,-0.026326,0.71
160503,238790,NCHPL,S,-0.0035559999999999967,0.88
160503,238790,NCJSM,S,-0.017852,0.73
160503,238790,NCJUC,S,-0.013205999999999996,0.85
160503,238790,NCCCY,S,-0.03312999999999999,0.8
160503,238790,NCBVY,S,-0.005246000000000001,0.81
160503,30062741,NCCCOa,P,-0.012316999999999995,0.882
160503,30062741,NCCMH,P,-0.011403999999999997,0.874
160503,30062741,NCCADa,P,-0.009101999999999999,0.838
160503,30062741,NCJST,P,-0.020815,0.911
160503,30062741,NCJCB,P,-0.011780000000000013,0.931
160503,30062741,NCCML,P,-0.012433,0.981
160503,30062741,NCCAL,P,-0.015649999999999997,0.915
160503,30062741,NCJAL,P,-0.01294300000000001,0.791
160503,30062741,NCHSP,P,-0.016128000000000003,0.839
160503,30062741,NCJHL,P,-0.012102000000000002,0.905
160503,30062741,NCHGS,P,-0.015482999999999997,0.914
160503,30062741,NCJEC,P,-0.012089000000000016,0.913
160503,30062741,NCJLX,P,-0.013037999999999994,0.795
160503,30062741,NCCDV,P,-0.026110999999999995,0.976
160503,30062741,NCCMJ,P,-0.012853000000000003,0.882
160503,30062741,NCCMP,P,-0.013965000000000005,0.9
160503,30062741,NCHCA,P,-0.0066859999999999975,0.924
160503,30062741,NCJBC,P,-0.00589400000000001,0.864
160503,30062741,NCHCR,P,-0.012892000000000015,0.907
160503,30062741,NCHCB,P,-0.010164000000000006,0.722
160503,30062741,NCJSC,P,-0.010735999999999996,0.907
160503,30062741,NCHFE,P,-0.016572000000000003,0.853
160503,30062741,NCCST,P,-0.015290999999999999,0.927
160503,30062741,NCHPL,P,-0.015605000000000008,0.925
160503,30062741,NCJBM,P,-0.011114000000000013,0.917
160503,30062741,NCHAZ,P,-0.013468000000000008,0.762
160503,30062741,NCCCY,P,-0.012505000000000016,0.84
160503,30062741,NCJPPa,P,-0.00817000000000001,0.714
160503,30062741,NCHBT,P,-0.011027000000000009,0.797
160503,30062741,NCHDLb,P,-0.016055000000000014,0.896
160503,30062741,NCJHP,P,-0.012344999999999995,0.899
160503,30062741,NCHFP,P,-0.02410800000000002,0.868
160503,30062741,NCBVY,P,-0.026368000000000003,0.881
160503,30062741,NCCCOa,S,-0.012621999999999994,0.91
160503,30062741,NCCMH,S,-0.010703000000000018,0.95
160503,30062741,NCCADa,S,-0.009497000000000005,0.83
160503,30062741,NCJST,S,-0.01982600000000001,0.97
160503,30062741,NCJCB,S,-0.008980000000000016,0.96
160503,30062741,NCCML,S,-0.011374999999999996,0.98
160503,30062741,NCCAL,S,-0.01455300000000001,0.94
160503,30062741,NCJAL,S,-0.013499000000000011,0.94
160503,30062741,NCHSP,S,-0.016006999999999993,0.89
160503,30062741,NCJHL,S,-0.011196000000000011,0.9
160503,30062741,NCJSS,S,-0.011746000000000006,0.93
160503,30062741,NCHGS,S,-0.015062999999999993,0.93
160503,30062741,NCJEC,S,-0.009133000000000002,0.88
160503,30062741,NCJLX,S,-0.013118999999999992,0.77
160503,30062741,NCCDV,S,-0.025667999999999996,0.96
160503,30062741,NCCMJ,S,-0.010716000000000003,0.93
160503,30062741,NCCMP,S,-0.012331000000000009,0.97
160503,30062741,NCHCA,S,-0.016158000000000006,0.89
160503,30062741,NCJBC,S,-0.013811000000000018,0.9
160503,30062741,NCHCR,S,-0.023182000000000008,0.82
160503,30062741,NCHCB,S,-0.015530000000000016,0.87
160503,30062741,NCJSC,S,-0.018122,0.91
160503,30062741,NCHFE,S,-0.023387999999999992,0.8
160503,30062741,NCCST,S,-0.02557999999999999,0.81
160503,30062741,NCHPL,S,-0.023035,0.92
160503,30062741,NCJBM,S,-0.021279999999999993,0.76
160503,30062741,NCHAZ,S,-0.023899000000000004,0.74
160503,30062741,NCCCY,S,-0.023475999999999997,0.95
160503,30062741,NCHDLb,S,-0.025850000000000012,0.82
160503,30062741,NCHFP,S,-0.023631000000000013,0.87
160503,30062741,NCBVY,S,-0.024250999999999995,0.86
160503,30069222,NCJST,P,-0.0039030000000000037,0.733
160503,30069222,NCCML,P,-0.016549,0.865
160503,30069222,NCJHL,P,0.008698999999999998,0.77
160503,30069222,NCHGS,P,0.020961999999999995,0.802
160503,30069222,NCJEC,P,0.010968999999999993,0.797
160503,30069222,NCHGW,P,0.018416000000000002,0.917
160503,30069222,NCCDV,P,-0.030005,0.895
160503,30069222,NCHCR,P,0.016910999999999995,0.806
160503,30069222,NCHFE,P,0.018361000000000002,0.797
160503,30069222,NCCST,P,-0.009246000000000004,0.773
160503,30069222,NCHPL,P,0.019269999999999995,0.853
160503,30069222,NCHAZ,P,0.016837999999999992,0.711
160503,30069222,NCHDLb,P,0.013714000000000004,0.826
160503,30069222,NCHFP,P,0.008414999999999992,0.755
160503,30069222,NCBVY,P,0.006741999999999998,0.755
160503,30069222,NCJST,S,-0.008170000000000004,0.83
160503,30069222,NCJCB,S,0.025084999999999996,0.78
160503,30069222,NCCML,S,-0.021974,0.85
160503,30069222,NCCAL,S,-0.03971,0.73
160503,30069222,NCJAL,S,-0.001231000000000003,0.77
160503,30069222,NCHSP,S,0.03425299999999999,0.76
160503,30069222,NCJSS,S,0.00037099999999999633,0.87
160503,30069222,NCHGS,S,0.031626,0.86
160503,30069222,NCJEC,S,0.010175000000000003,0.75
160503,30069222,NCCDV,S,-0.037154000000000006,0.86
160503,30069222,NCCVA,S,-0.041776,0.79
160503,30069222,NCHCB,S,0.023635000000000003,0.78
160503,30069222,NCHPL,S,0.026209999999999997,0.73
160503,30069222,NCHFP,S,0.020862999999999993,0.77
160503,30092060,NCCADa,P,0.009503999999999999,0.75
160503,30092060,NCJST,P,-0.0019509999999999944,0.729
160503,30092060,NCJCB,P,0.003034999999999996,0.79
160503,30092060,NCCML,P,-0.020051,0.889
160503,30092060,NCJEC,P,0.0062490000000000046,0.769
160503,30092060,NCHGW,P,0.004168000000000005,0.89
160503,30092060,NCCDV,P,-0.03424400000000001,0.918
160503,30092060,NCHCA,P,0.007072999999999996,0.909
160503,30092060,NCJBC,P,-0.007318999999999992,0.705
160503,30092060,NCHCR,P,0.004818000000000003,0.856
160503,30092060,NCCST,P,-0.018401999999999988,0.858
160503,30092060,NCHDLb,P,-8.099999999999774e-05,0.904
160503,30092060,NCHFP,P,-0.008598999999999996,0.807
160503,30092060,NCBVY,P,-0.008875999999999995,0.79
160503,30092060,NCCMH,S,-0.018087000000000006,0.73
160503,30092060,NCJST,S,-0.006175,0.81
160503,30092060,NCJCB,S,0.014445,0.87
160503,30092060,NCCML,S,-0.026430999999999996,0.89
160503,30092060,NCCAL,S,-0.033506999999999995,0.74
160503,30092060,NCJAL,S,-0.0033310000000000006,0.76
160503,30092060,NCHSP,S,0.016770000000000007,0.77
160503,30092060,NCJHL,S,-0.001461999999999991,0.83
160503,30092060,NCJSS,S,-0.004169999999999993,0.91
160503,30092060,NCJEC,S,0.0048900000000000055,0.71
160503,30092060,NCHGW,S,0.011465000000000003,0.74
160503,30092060,NCCDV,S,-0.041118,0.87
160503,30092060,NCJBC,S,-0.020139000000000004,0.84
160503,30092060,NCCVA,S,-0.04351100000000001,0.87
160503,30092060,NCCCY,S,-0.04526200000000001,0.76
160503,30092060,NCHFP,S,0.003051999999999999,0.71
160503,30092060,NCBVY,S,-0.005930999999999992,0.72
160503,389286,NCJST,P,-0.001252,0.753
160503,389286,NCJCB,P,0.003431,0.797
160503,389286,NCHGS,P,0.005678,0.832
160503,389286,NCJEC,P,0.005639,0.831
160503,389286,NCHGW,P,0.007268,0.913
160503,389286,NCCDV,P,-0.04052,0.934
160503,389286,NCHCA,P,0.016465999999999998,0.739
160503,389286,NCHCR,P,0.005227,0.815
160503,389286,NCHFE,P,0.00823,0.755
160503,389286,NCCST,P,-0.0213,0.848
160503,389286,NCHPL,P,0.003908,0.885
160503,389286,NCHAZ,P,0.002633,0.77
160503,389286,NCJPPa,P,-0.011393,0.707
160503,389286,NCHDLb,P,0.0004490000000000002,0.936
160503,389286,NCJHP,P,-0.023858,0.703
160503,389286,NCHFP,P,-0.007670999999999999,0.784
160503,389286,NCJST,S,-0.005663,0.82
160503,389286,NCJCB,S,0.014345,0.87
160503,389286,NCJAL,S,-0.004954999999999999,0.77
160503,389286,NCHSP,S,0.020456,0.82
160503,389286,NCJHL,S,-0.0010929999999999998,0.81
160503,389286,NCJSS,S,-0.007661999999999999,0.89
160503,389286,NCHGS,S,0.016033,0.82
160503,389286,NCCDV,S,-0.049811,0.86
160503,389286,NCCVA,S,-0.046553000000000004,0.83
160503,389286,NCHPL,S,0.0069759999999999996,0.72
160503,389286,NCJUC,S,-0.018067,0.74
160503,389286,NCCCY,S,-0.056645,0.74
160503,478138,NCCADa,P,0.010943000000000008,0.838
160503,478138,NCJST,P,0.01179100000000001,0.721
160503,478138,NCCML,P,0.00902,0.883
160503,478138,NCHSP,P,0.008524000000000004,0.795
160503,478138,NCJHL,P,0.010962,0.83
160503,478138,NCJLX,P,0.008887000000000006,0.703
160503,478138,NCCDV,P,-0.0035099999999999854,0.906
160503,478138,NCCMJ,P,0.009908,0.753
160503,478138,NCCMP,P,0.008906999999999998,0.765
160503,478138,NCHCA,P,0.012299000000000004,0.953
160503,478138,NCJBC,P,0.013848,0.722
160503,478138,NCHCR,P,0.012484000000000009,0.937
160503,478138,NCHCB,P,0.011511000000000007,0.734
160503,478138,NCJSC,P,0.014436000000000004,0.727
160503,478138,NCHFE,P,0.011859000000000008,0.885
160503,478138,NCJPPa,P,0.018767000000000006,0.804
160503,478138,NCJST,S,0.00954400000000001,0.85
160503,478138,NCCML,S,0.014238,0.87
160503,478138,NCCAL,S,0.005443000000000003,0.75
160503,478138,NCJAL,S,0.008615999999999999,0.92
160503,478138,NCHSP,S,0.007057000000000008,0.8
160503,478138,NCJHL,S,0.01197100000000001,0.76
160503,478138,NCJLX,S,0.008874000000000007,0.75
160503,478138,NCCDV,S,-0.0007889999999999842,0.88
160503,478138,NCCMJ,S,0.011935000000000001,0.8
160503,478138,NCHCA,S,0.0019760000000000055,0.84
160503,478138,NCJBC,S,0.00835000000000001,0.9
160503,478138,NCCOS,S,-0.0038600000000000023,0.92
160503,478138,NCCVA,S,-0.0005310000000000037,0.85
160503,478138,NCJPL,S,0.003685999999999995,0.77
160503,478138,NCCVL,S,-0.007720000000000005,0.72
160503,478138,NCHCB,S,0.005932999999999994,0.8
160503,478138,NCJSC,S,0.007896000000000014,0.75
160503,478138,NCHFE,S,0.00034300000000000996,0.76
160503,478138,NCCCY,S,0.0004860000000000142,0.82
160503,478138,NCHSL,S,0.0017620000000000136,0.81
160503,529274,NCCADa,P,0.019011,0.728
160503,529274,NCJST,P,0.011994999999999992,0.8
160503,529274,NCCML,P,-0.0070350000000000135,0.893
160503,529274,NCHSP,P,0.01940399999999999,0.734
160503,529274,NCCDV,P,-0.021169999999999994,0.936
160503,529274,NCHCA,P,0.021455000000000002,0.881
160503,529274,NCJBC,P,0.010210999999999998,0.72
160503,529274,NCHCR,P,0.020450999999999997,0.834
160503,529274,NCHCB,P,0.017789,0.775
160503,529274,NCJSC,P,0.0014249999999999957,0.726
160503,529274,NCHFE,P,0.020015999999999992,0.756
160503,529274,NCCST,P,-0.006212999999999996,0.839
160503,529274,NCJPPa,P,0.006851999999999997,0.739
160503,529274,NCJHP,P,-0.006966,0.757
160503,529274,NCCMH,S,-0.006294999999999995,0.72
160503,529274,NCCADa,S,0.030604999999999993,0.71
160503,529274,NCJST,S,0.010835999999999998,0.86
160503,529274,NCCML,S,-0.012782000000000016,0.9
160503,529274,NCCAL,S,-0.015419000000000016,0.75
160503,529274,NCJAL,S,0.011365,0.86
160503,529274,NCHSP,S,0.027556999999999998,0.79
160503,529274,NCJSS,S,0.011304999999999996,0.95
160503,529274,NCJLX,S,0.0021989999999999926,0.78
160503,529274,NCCDV,S,-0.027544000000000013,0.87
160503,529274,NCJBC,S,0.00037699999999998846,0.82
160503,529274,NCCOS,S,-0.023169999999999996,0.8
160503,529274,NCCVA,S,-0.031708000000000014,0.82
160503,529274,NCHCB,S,0.017985,0.77
160503,529274,NCJSC,S,-0.005254000000000009,0.75
160503,529274,NCJPS,S,-0.0068110000000000115,0.74
17272,101659,NCCML,P,-0.083532,0.779
17272,101659,NCCDV,P,-0.08979000000000001,0.775
17272,101659,NCCMP,P,-0.02488599999999999,0.722
17272,101659,NCHPR,P,0.0009800000000000086,0.779
17272,101659,NCHCB,P,0.0011559999999999904,0.723
17272,101659,NCCST,P,-0.08709800000000001,0.83
17272,101659,NCBVY,P,0.0022810000000000052,0.733
17272,154124,NCCML,P,-0.074356,0.792
17272,154124,NCCAL,P,-0.08617999999999999,0.74
17272,154124,NCCDV,P,-0.089971,0.784
17272,154124,NCCMJ,P,-0.08654,0.753
17272,154124,NCCMP,P,-0.023721999999999993,0.757
17272,154124,NCJSG,P,-0.04577200000000001,0.707
17272,154124,NCJTG,P,-0.012057000000000012,0.746
17272,154124,NCHPR,P,-0.005238999999999994,0.738
17272,154124,NCCVA,P,-0.088857,0.785
17272,154124,NCHPL,P,-0.012516,0.756
17272,154124,NCHDLb,P,-0.011154999999999998,0.731
17272,154124,NCJHP,P,-0.077057,0.781
17272,154124,NCBVY,P,0.004397000000000012,0.733
17272,154124,NCCMP,S,-0.02437600000000001,0.82
17272,17526,NCCML,P,-0.070738,0.77
17272,17526,NCCDV,P,-0.07586399999999999,0.797
17272,17526,NCCMJ,P,-0.07327499999999999,0.721
17272,17526,NCCMP,P,-0.012155,0.768
17272,17526,NCJTG,P,0.0008970000000000089,0.768
17272,17526,NCHPR,P,0.012044,0.816
17272,17526,NCCVA,P,-0.07597399999999999,0.742
17272,17526,NCCVL,P,-0.07383599999999998,0.727
17272,17526,NCHCP,P,0.002148000000000011,0.732
17272,17526,NCHDLb,P,0.008278000000000008,0.748
17272,17526,NCJHP,P,-0.06395699999999999,0.726
17272,17526,NCCMO,P,-0.07804499999999999,0.73
17272,17526,NCHFP,P,0.012468000000000007,0.79
17272,17526,NCBVY,P,0.013158000000000003,0.708
17272,17526,NCCMP,S,-0.010915999999999981,0.77
17272,23195,NCCML,P,-0.06602000000000001,0.791
17272,23195,NCCDV,P,-0.06998000000000001,0.847
17272,23195,NCCMJ,P,-0.06869000000000001,0.782
17272,23195,NCHPR,P,0.01707499999999998,0.748
17272,23195,NCCVA,P,-0.07128200000000001,0.756
17272,23195,NCJBM,P,-0.050739000000000006,0.73
17272,23195,NCJHP,P,-0.05844300000000001,0.782
17272,23195,NCCDV,S,-0.11305300000000001,0.74
17272,23195,NCCMR,S,-0.103385,0.71
17272,238704,NCCML,P,-0.06797299999999998,0.759
17272,238704,NCCMR,P,-0.13764699999999996,0.838
17272,238790,NCCML,P,-0.066601,0.754
17272,238790,NCCMR,P,-0.13791799999999999,0.829
17272,27683,NCCMP,P,0.01821600000000001,0.722
17272,27683,NCHPR,P,0.062664,0.719
17272,27683,NCHPL,P,0.061135999999999996,0.768
17272,27683,NCJHP,P,-0.08292,0.754
17272,27722,NCCML,P,-0.051086999999999994,0.877
17272,27722,NCCMM,P,-0.03286399999999999,0.704
17272,27722,NCHGW,P,0.017789,0.77
17272,27722,NCCDV,P,-0.055305999999999994,0.851
17272,27722,NCCMJ,P,-0.05243099999999999,0.794
17272,27722,NCCMP,P,-0.0035039999999999932,0.751
17272,27722,NCJSG,P,-0.028428999999999996,0.783
17272,27722,NCCMR,P,-0.05186,0.858
17272,27722,NCHPR,P,0.01646800000000001,0.77
17272,27722,NCCST,P,-0.040947,0.794
17272,27722,NCHPL,P,0.008955999999999992,0.753
17272,27722,NCJHP,P,-0.045453999999999994,0.772
17272,27722,NCBVY,P,0.019418999999999992,0.734
17272,27722,NCCSC,S,-0.03271199999999999,0.81
17272,27722,NCCAL,S,-0.089694,0.86
17272,27722,NCJSS,S,-0.007616999999999999,0.78
17272,27722,NCCDV,S,-0.088672,0.72
17272,27722,NCCMP,S,-0.0015319999999999917,0.9
17272,27722,NCCMR,S,-0.081489,0.72
17272,30057908,NCHPL,P,0.034632000000000024,0.707
17272,30058785,NCHPL,P,0.02077800000000002,0.73
17272,35929,NCCML,P,-0.083004,0.822
17272,35929,NCCAL,P,-0.087519,0.728
17272,35929,NCCMM,P,-0.057261000000000006,0.711
17272,35929,NCCDV,P,-0.0887,0.824
17272,35929,NCCMJ,P,-0.088375,0.718
17272,35929,NCCMP,P,-0.018768000000000007,0.75
17272,35929,NCCMR,P,-0.08437399999999999,0.822
17272,35929,NCCST,P,-0.071381,0.835
17272,35929,NCJHP,P,-0.076097,0.758
17272,35929,NCCAL,S,-0.137375,0.83
17272,35929,NCJAL,S,-0.017713000000000007,0.72
17272,35929,NCJSS,S,-0.024038000000000004,0.71
17272,35929,NCCDV,S,-0.142631,0.75
17272,35929,NCCMP,S,-0.016711000000000004,0.87
17272,483500,NCCML,P,-0.052383000000000006,0.829
17272,483500,NCCAL,P,-0.066987,0.741
17272,483500,NCCDV,P,-0.08165,0.795
17272,483500,NCCMJ,P,-0.066097,0.767
17272,483500,NCJBZ,P,-0.0001310000000000061,0.704
17272,483500,NCJTG,P,0.006328,0.71
17272,483500,NCCVA,P,-0.070381,0.815
17272,483500,NCHCB,P,0.018747,0.733
17272,483500,NCCVL,P,-0.067359,0.709
17272,483500,NCCST,P,-0.057799,0.72
17272,483500,NCCAL,S,-0.10980600000000001,0.81
17272,483500,NCJSS,S,-0.009543000000000003,0.77
17272,483500,NCCMR,S,-0.11119200000000001,0.71
17526,101659,NCCSC,P,-0.011741000000000001,0.745
17526,101659,NCCAO,P,-0.011264999999999997,0.714
17526,101659,NCCADa,P,-0.029165999999999997,0.704
17526,101659,NCJST,P,-0.009608000000000005,0.78
17526,101659,NCJCB,P,-0.012574000000000002,0.728
17526,101659,NCCML,P,-0.012510999999999994,0.957
17526,101659,NCCAL,P,-0.010302999999999993,0.758
17526,101659,NCHSP,P,-0.009382000000000001,0.839
17526,101659,NCCMM,P,-0.024052999999999998,0.783
17526,101659,NCJRR,P,-0.012603000000000003,0.864
17526,101659,NCHGS,P,-0.013707999999999998,0.853
17526,101659,NCJEC,P,0.002675999999999998,0.817
17526,101659,NCJLX,P,-0.010594999999999993,0.804
17526,101659,NCHGW,P,-0.018444000000000002,0.888
17526,101659,NCCDV,P,-0.013506000000000004,0.817
17526,101659,NCCMP,P,-0.012651999999999997,0.93
17526,101659,NCCMJ,P,-0.011438000000000004,0.832
17526,101659,NCJBZ,P,-0.019061999999999996,0.864
17526,101659,NCCMR,P,-0.013270000000000004,0.859
17526,101659,NCJBC,P,-0.017734,0.823
17526,101659,NCHPR,P,-0.010396000000000002,0.906
17526,101659,NCHCR,P,-0.013824000000000003,0.896
17526,101659,NCJPL,P,-0.008429000000000006,0.893
17526,101659,NCCVA,P,-0.012131000000000003,0.802
17526,101659,NCCMN,P,-0.012425999999999993,0.899
17526,101659,NCHFE,P,-0.018342999999999998,0.9
17526,101659,NCCST,P,-0.027963000000000002,0.771
17526,101659,NCHCOb,P,0.001688999999999996,0.804
17526,101659,NCHAZ,P,-0.014249999999999999,0.849
17526,101659,NCHFH,P,-0.013846999999999998,0.902
17526,101659,NCHBT,P,-0.013048000000000004,0.862
17526,101659,NCHDLb,P,-0.012713000000000002,0.937
17526,101659,NCHSFb,P,-0.015537999999999996,0.932
17526,101659,NCCMO,P,-0.018770000000000002,0.968
17526,101659,NCHFP,P,-0.011777999999999997,0.907
17526,101659,NCHJS,P,-0.010785000000000003,0.872
17526,101659,NCBSL,P,-0.031493,0.814
17526,101659,NCBVY,P,-0.011916999999999997,0.933
17526,101659,NCHQR,P,-0.012738,0.919
17526,101659,NCCAO,S,-0.012233999999999995,0.81
17526,101659,NCCADa,S,-0.026376999999999998,0.72
17526,101659,NCJST,S,-0.012229000000000004,0.87
17526,101659,NCJCB,S,-0.012050999999999992,0.84
17526,101659,NCCML,S,-0.008694999999999994,0.83
17526,101659,NCJAL,S,-0.024213,0.85
17526,101659,NCHSP,S,-0.006445999999999993,0.74
17526,101659,NCCMM,S,-0.028576999999999998,0.8
17526,101659,NCJRR,S,-0.010689000000000004,0.8
17526,101659,NCHGS,S,-0.012938000000000005,0.89
17526,101659,NCJEC,S,0.0036309999999999953,0.84
17526,101659,NCJLX,S,-0.009140999999999996,0.81
17526,101659,NCHGW,S,-0.019054999999999996,0.87
17526,101659,NCCDV,S,-0.011460999999999999,0.87
17526,101659,NCCMP,S,-0.015267999999999997,0.89
17526,101659,NCCMJ,S,-0.008693999999999993,0.83
17526,101659,NCJBZ,S,-0.014564,0.75
17526,101659,NCCMR,S,-0.010199,0.87
17526,101659,NCJTG,S,-0.011991000000000002,0.84
17526,101659,NCJBC,S,-0.019927,0.85
17526,101659,NCCOS,S,-0.013258000000000006,0.93
17526,101659,NCHPR,S,-0.008867,0.91
17526,101659,NCHCR,S,-0.012915999999999997,0.75
17526,101659,NCJPL,S,-0.007661000000000001,0.8
17526,101659,NCCVA,S,-0.009794999999999998,0.9
17526,101659,NCCMN,S,-0.011153999999999997,0.92
17526,101659,NCHFE,S,-0.017471,0.73
17526,101659,NCCST,S,-0.025858,0.82
17526,101659,NCHPL,S,-0.017463,0.74
17526,101659,NCJBM,S,-0.011339000000000002,0.76
17526,101659,NCCPL,S,-0.010721999999999995,0.75
17526,101659,NCHFH,S,-0.011479000000000003,0.82
17526,101659,NCHBT,S,-0.012525999999999995,0.76
17526,101659,NCHDLb,S,-0.012023000000000006,0.88
17526,101659,NCCDO,S,-0.013400999999999996,0.86
17526,101659,NCHSFb,S,-0.012533000000000002,0.89
17526,101659,NCJBG,S,-0.013480999999999993,0.72
17526,101659,NCHFP,S,-0.011269000000000001,0.88
17526,101659,NCHJS,S,-0.010997999999999994,0.74
17526,101659,NCBSL,S,-0.026852,0.91
17526,101659,NCBVY,S,-0.010746000000000006,0.91
17526,101659,NCHQR,S,-0.009780999999999998,0.93
17526,114006,NCCML,P,-0.063503,0.91
17526,114006,NCHGW,P,0.011276999999999995,0.802
17526,114006,NCCMP,P,-0.00124500000000001,0.776
17526,114006,NCJBZ,P,-0.016600000000000004,0.718
17526,114006,NCHCA,P,0.024231000000000003,0.839
17526,114006,NCJTG,P,-0.002370999999999998,0.824
17526,114006,NCHCR,P,0.018032999999999993,0.742
17526,114006,NCHFH,P,0.01868299999999999,0.731
17526,114006,NCHKR,P,0.024352,0.768
17526,114006,NCHDLb,P,0.012944999999999998,0.787
17526,114006,NCHSFb,P,0.024748999999999993,0.862
17526,114006,NCHJG,P,-0.0004870000000000013,0.805
17526,114006,NCHSL,P,0.02456,0.748
17526,114006,NCCMO,P,-0.062366000000000005,0.935
17526,114006,NCBVY,P,0.020336999999999994,0.78
17526,114006,NCCML,S,-0.078428,0.73
17526,114006,NCJAL,S,-0.027051000000000006,0.79
17526,114006,NCCMM,S,-0.049692,0.78
17526,114006,NCCMP,S,0.015659999999999993,0.82
17526,114006,NCCOS,S,-0.03465700000000001,0.86
17526,114006,NCCVA,S,-0.088423,0.72
17526,148939,NCJTG,P,-0.022189999999999998,0.735
17526,148939,NCCVA,P,-0.028641999999999997,0.772
17526,154124,NCCSC,P,-0.012762000000000003,0.922
17526,154124,NCCMH,P,-0.016835000000000003,0.899
17526,154124,NCCADa,P,-0.020997000000000002,0.822
17526,154124,NCJCB,P,-0.026390000000000004,0.777
17526,154124,NCCML,P,-0.003604000000000003,0.979
17526,154124,NCCAL,P,-0.013034000000000004,0.874
17526,154124,NCJAL,P,-0.019046000000000004,0.878
17526,154124,NCHSP,P,-0.007980000000000001,0.893
17526,154124,NCJHL,P,-0.019904,0.87
17526,154124,NCJRR,P,-0.021932000000000004,0.794
17526,154124,NCHGS,P,-0.020236000000000004,0.907
17526,154124,NCJEC,P,-0.011004,0.862
17526,154124,NCJLX,P,-0.018712000000000003,0.909
17526,154124,NCHGW,P,-0.006213000000000003,0.896
17526,154124,NCCDV,P,-0.014078000000000004,0.951
17526,154124,NCCMJ,P,-0.013106000000000003,0.968
17526,154124,NCCMP,P,-0.011448,0.951
17526,154124,NCJBZ,P,-0.027288000000000003,0.801
17526,154124,NCHCA,P,-0.019254000000000004,0.965
17526,154124,NCJSG,P,0.005176999999999994,0.802
17526,154124,NCJBC,P,-0.029113,0.896
17526,154124,NCHPR,P,-0.017050000000000003,0.875
17526,154124,NCHCR,P,-0.021023000000000003,0.964
17526,154124,NCJPL,P,-0.012319000000000004,0.955
17526,154124,NCCVA,P,-0.012165000000000002,0.922
17526,154124,NCJSJ,P,-0.020267000000000004,0.923
17526,154124,NCHFE,P,-0.019409000000000003,0.97
17526,154124,NCCST,P,-0.018886000000000003,0.97
17526,154124,NCJBM,P,-0.019443000000000002,0.962
17526,154124,NCHAZ,P,-0.019705000000000004,0.953
17526,154124,NCJSFa,P,-0.018147000000000003,0.944
17526,154124,NCCPL,P,-0.003242000000000002,0.91
17526,154124,NCHFH,P,-0.005611000000000005,0.89
17526,154124,NCHKR,P,-0.007942000000000005,0.894
17526,154124,NCJBLb,P,-0.019511000000000004,0.908
17526,154124,NCJPPa,P,-0.006944000000000006,0.901
17526,154124,NCHDLb,P,-0.019238,0.963
17526,154124,NCCSH,P,-0.008002000000000002,0.87
17526,154124,NCJHP,P,-0.012054000000000002,0.944
17526,154124,NCHSL,P,-0.017131000000000004,0.848
17526,154124,NCCMO,P,-0.023572000000000003,0.977
17526,154124,NCJPS,P,-0.017792000000000002,0.892
17526,154124,NCCLC,P,-0.016621000000000004,0.911
17526,154124,NCHFP,P,-0.011163,0.942
17526,154124,NCHJS,P,-0.011242000000000002,0.944
17526,154124,NCBSL,P,-0.019627000000000002,0.822
17526,154124,NCBVY,P,-0.009698000000000005,0.966
17526,154124,NCHQR,P,-0.0028630000000000044,0.946
17526,154124,NCCCOa,S,-0.023326000000000003,0.77
17526,154124,NCCSC,S,-0.012329000000000003,0.9
17526,154124,NCCMH,S,-0.014342000000000004,0.92
17526,154124,NCCADa,S,-0.020979,0.86
17526,154124,NCJCB,S,-0.023422000000000002,0.87
17526,154124,NCCML,S,-0.0021960000000000035,0.98
17526,154124,NCCAL,S,-0.012299000000000001,0.88
17526,154124,NCJAL,S,-0.017495000000000004,0.88
17526,154124,NCHSP,S,-0.007308000000000002,0.91
17526,154124,NCJHL,S,-0.019871000000000003,0.89
17526,154124,NCJRR,S,-0.025853,0.79
17526,154124,NCHGS,S,-0.018669,0.93
17526,154124,NCJEC,S,-0.014197000000000001,0.83
17526,154124,NCJLX,S,-0.016632,0.92
17526,154124,NCHGW,S,-0.005930000000000005,0.9
17526,154124,NCCDV,S,-0.011943000000000002,0.96
17526,154124,NCCMJ,S,-0.011965000000000003,0.98
17526,154124,NCCMP,S,-0.012672000000000003,0.9
17526,154124,NCHCA,S,-0.018452000000000003,0.97
17526,154124,NCJSG,S,0.0012599999999999972,0.83
17526,154124,NCCOS,S,-0.014416000000000002,0.89
17526,154124,NCHPR,S,-0.019528000000000004,0.93
17526,154124,NCHCR,S,-0.021504000000000002,0.93
17526,154124,NCJPL,S,-0.011252999999999999,0.86
17526,154124,NCCVA,S,-0.011038,0.98
17526,154124,NCJSJ,S,-0.021978,0.84
17526,154124,NCHFE,S,-0.018831000000000004,0.95
17526,154124,NCCST,S,-0.017464000000000004,0.96
17526,154124,NCHPL,S,-0.018749000000000002,0.83
17526,154124,NCJBM,S,-0.021443000000000004,0.94
17526,154124,NCJSM,S,-0.022621000000000002,0.87
17526,154124,NCHAZ,S,-0.019222000000000003,0.94
17526,154124,NCJSFa,S,-0.019849000000000002,0.95
17526,154124,NCCPL,S,-0.003977000000000001,0.92
17526,154124,NCHFH,S,-0.005972000000000005,0.91
17526,154124,NCHKR,S,-0.007682000000000001,0.78
17526,154124,NCJBLb,S,-0.019495000000000002,0.78
17526,154124,NCJPPa,S,-0.011716000000000004,0.76
17526,154124,NCHDLb,S,-0.019067000000000004,0.97
17526,154124,NCJHP,S,-0.012027000000000003,0.84
17526,154124,NCHSL,S,-0.016579000000000003,0.85
17526,154124,NCCMO,S,-0.025344000000000002,0.91
17526,154124,NCJPS,S,-0.018937000000000002,0.93
17526,154124,NCCLC,S,-0.020042,0.89
17526,154124,NCHFP,S,-0.010773000000000005,0.95
17526,154124,NCHJS,S,-0.011091000000000004,0.95
17526,154124,NCBVY,S,-0.008642000000000004,0.94
17526,154124,NCHQR,S,0.00035299999999999915,0.97
17526,215747,NCJTG,P,-0.03705699999999999,0.725
17526,215747,NCCVA,P,-0.04845699999999999,0.741
17526,23195,NCCSC,P,0.003736999999999999,0.803
17526,23195,NCJST,P,0.006741,0.753
17526,23195,NCCML,P,0.004847999999999999,0.94
17526,23195,NCCMM,P,0.007646999999999999,0.811
17526,23195,NCJRR,P,0.008423,0.761
17526,23195,NCHGS,P,0.0068969999999999995,0.764
17526,23195,NCJLX,P,0.007698999999999999,0.728
17526,23195,NCHGW,P,0.0073279999999999994,0.875
17526,23195,NCCDV,P,0.006337,0.856
17526,23195,NCCMJ,P,0.005889999999999999,0.771
17526,23195,NCJBZ,P,0.0075699999999999995,0.732
17526,23195,NCHCA,P,0.0066489999999999995,0.843
17526,23195,NCJSG,P,0.014026,0.746
17526,23195,NCCMR,P,0.005914999999999999,0.822
17526,23195,NCJBC,P,0.005895999999999999,0.812
17526,23195,NCHPR,P,0.005764999999999999,0.817
17526,23195,NCHCR,P,0.006475999999999999,0.821
17526,23195,NCJPL,P,0.006194999999999999,0.885
17526,23195,NCCVA,P,0.003834999999999999,0.743
17526,23195,NCCMN,P,0.005493,0.869
17526,23195,NCJRG,P,0.0067399999999999995,0.801
17526,23195,NCHFE,P,0.008057,0.845
17526,23195,NCHCP,P,0.0022299999999999993,0.911
17526,23195,NCHCOb,P,0.008045,0.754
17526,23195,NCHAZ,P,0.007528,0.838
17526,23195,NCJUC,P,0.007851,0.767
17526,23195,NCJPPa,P,0.007264,0.74
17526,23195,NCHDLb,P,0.005814,0.849
17526,23195,NCHJG,P,0.007547999999999999,0.811
17526,23195,NCJHP,P,0.006161999999999999,0.837
17526,23195,NCHSL,P,0.006181999999999999,0.754
17526,23195,NCJPS,P,0.006312999999999999,0.772
17526,23195,NCHFP,P,0.008091999999999998,0.797
17526,23195,NCHJS,P,0.008058,0.81
17526,23195,NCBVY,P,0.006423999999999999,0.871
17526,23195,NCHQR,P,0.005913999999999999,0.853
17526,23195,NCCAO,S,0.002968,0.78
17526,23195,NCJST,S,0.004177999999999999,0.82
17526,23195,NCJCB,S,0.006346999999999999,0.73
17526,23195,NCCML,S,0.010143,0.83
17526,23195,NCJAL,S,0.006528999999999999,0.85
17526,23195,NCCMM,S,0.003855999999999999,0.85
17526,23195,NCJHL,S,0.0058379999999999994,0.73
17526,23195,NCHGS,S,0.006095999999999999,0.78
17526,23195,NCJLX,S,0.007207,0.84
17526,23195,NCHGW,S,0.007717999999999999,0.81
17526,23195,NCCDV,S,0.006737999999999999,0.86
17526,23195,NCCMJ,S,0.008095999999999999,0.78
17526,23195,NCJBZ,S,0.009363,0.8
17526,23195,NCHCA,S,0.00697,0.83
17526,23195,NCJSG,S,0.014064,0.75
17526,23195,NCCMR,S,0.00876,0.84
17526,23195,NCJTG,S,0.0026499999999999996,0.74
17526,23195,NCJBC,S,0.003292999999999999,0.83
17526,23195,NCCOS,S,0.0019979999999999998,0.91
17526,23195,NCHPR,S,0.006175999999999999,0.9
17526,23195,NCJPL,S,0.005065999999999999,0.75
17526,23195,NCCVA,S,0.007427,0.88
17526,23195,NCCMN,S,0.006135999999999999,0.88
17526,23195,NCHFE,S,0.008886,0.75
17526,23195,NCHPL,S,0.0016379999999999988,0.73
17526,23195,NCJBM,S,0.007585,0.71
17526,23195,NCHCP,S,0.0016699999999999996,0.87
17526,23195,NCJUC,S,0.002796,0.87
17526,23195,NCCRA,S,-0.0005420000000000008,0.86
17526,23195,NCJHP,S,0.010638,0.81
17526,23195,NCHSL,S,0.007297999999999999,0.71
17526,23195,NCHFP,S,0.0076489999999999995,0.84
17526,23195,NCHJS,S,0.007743,0.72
17526,23195,NCBSL,S,0.005659999999999999,0.85
17526,23195,NCBVY,S,0.007089999999999999,0.85
17526,23195,NCHQR,S,0.006657,0.91
17526,238704,NCJTG,P,-0.060575,0.711
17526,238704,NCCVA,P,-0.045881,0.735
17526,238790,NCJTG,P,-0.045984,0.711
17526,238790,NCCVA,P,-0.048445,0.747
17526,27683,NCCML,P,-0.022639999999999997,0.844
17526,27683,NCJEC,P,0.040012,0.705
17526,27683,NCHGW,P,0.052217,0.78
17526,27683,NCCDV,P,-0.025873000000000004,0.818
17526,27683,NCCMP,P,0.031442,0.824
17526,27683,NCJBZ,P,0.042354,0.763
17526,27683,NCHCA,P,0.064765,0.867
17526,27683,NCJTG,P,0.034769,0.813
17526,27683,NCHPR,P,0.050845,0.881
17526,27683,NCHCR,P,0.05756699999999999,0.791
17526,27683,NCJPL,P,0.037946999999999995,0.896
17526,27683,NCCVA,P,-0.027051000000000002,0.72
17526,27683,NCCMN,P,-0.026888,0.855
17526,27683,NCHFE,P,0.059199,0.816
17526,27683,NCHCP,P,0.044853000000000004,0.849
17526,27683,NCHAZ,P,0.050603999999999996,0.874
17526,27683,NCJUC,P,0.024004,0.725
17526,27683,NCHFH,P,0.052431000000000005,0.749
17526,27683,NCHBT,P,0.052545999999999995,0.716
17526,27683,NCHDLb,P,0.048537,0.851
17526,27683,NCHSFb,P,0.05628999999999999,0.896
17526,27683,NCHSL,P,0.060069,0.744
17526,27683,NCJHP,P,-0.018580999999999997,0.775
17526,27683,NCHFP,P,0.054970000000000005,0.731
17526,27683,NCBVY,P,0.054446999999999995,0.842
17526,27683,NCHQR,P,0.05318199999999999,0.706
17526,27683,NCBCG,P,0.05709499999999999,0.857
17526,27683,NCJST,S,0.019976,0.71
17526,27683,NCCMM,S,-0.0026160000000000003,0.76
17526,27683,NCCDV,S,-0.06396099999999999,0.75
17526,27683,NCCMP,S,0.041915,0.88
17526,27683,NCCOS,S,-0.005436,0.79
17526,27683,NCCDA,S,-0.062842,0.84
17526,27722,NCCSC,P,0.007533,0.808
17526,27722,NCCML,P,0.019414999999999998,0.889
17526,27722,NCCAL,P,0.018381,0.724
17526,27722,NCHGS,P,0.0013059999999999981,0.847
17526,27722,NCJEC,P,0.007337,0.821
17526,27722,NCHGW,P,0.0021140000000000013,0.829
17526,27722,NCCDV,P,0.020694999999999998,0.918
17526,27722,NCCMP,P,0.008627,0.878
17526,27722,NCCMJ,P,0.02084,0.841
17526,27722,NCJBZ,P,0.006786,0.789
17526,27722,NCHCA,P,0.001847999999999999,0.881
17526,27722,NCCMR,P,0.020427,0.76
17526,27722,NCJBC,P,0.013092,0.734
17526,27722,NCHPR,P,0.003973000000000001,0.845
17526,27722,NCHCR,P,0.002057,0.846
17526,27722,NCCMN,P,0.019511,0.876
17526,27722,NCHFE,P,0.00486,0.814
17526,27722,NCCST,P,0.017652,0.745
17526,27722,NCHCOb,P,0.006406,0.736
17526,27722,NCHAZ,P,0.004199999999999999,0.744
17526,27722,NCHKR,P,0.009715999999999999,0.908
17526,27722,NCHBT,P,0.0026289999999999994,0.844
17526,27722,NCHSFb,P,0.004579,0.762
17526,27722,NCHJG,P,0.007062000000000001,0.863
17526,27722,NCJHP,P,0.018316,0.887
17526,27722,NCJPS,P,0.015446,0.79
17526,27722,NCHFP,P,0.004104,0.809
17526,27722,NCBVY,P,0.005977,0.844
17526,27722,NCHQR,P,0.006321,0.88
17526,27722,NCCAO,S,0.010381999999999999,0.81
17526,27722,NCJST,S,0.004115000000000001,0.73
17526,27722,NCJCB,S,-1.4000000000000123e-05,0.76
17526,27722,NCCML,S,0.029454,0.82
17526,27722,NCHSP,S,-0.000962000000000001,0.82
17526,27722,NCJHL,S,0.0073019999999999995,0.75
17526,27722,NCHGS,S,-0.00022900000000000004,0.85
17526,27722,NCJEC,S,0.009608,0.82
17526,27722,NCJLX,S,0.017019,0.83
17526,27722,NCHGW,S,1.6999999999999654e-05,0.82
17526,27722,NCCDV,S,0.028881,0.9
17526,27722,NCCMP,S,0.009079,0.81
17526,27722,NCCMJ,S,0.022441,0.83
17526,27722,NCHCA,S,0.001524000000000001,0.86
17526,27722,NCJSG,S,0.022192,0.71
17526,27722,NCCMR,S,0.030350000000000002,0.89
17526,27722,NCJBC,S,0.014816,0.71
17526,27722,NCHPR,S,0.007879,0.72
17526,27722,NCHCR,S,0.0016900000000000005,0.8
17526,27722,NCCVA,S,0.025858,0.83
17526,27722,NCCMN,S,0.021665,0.88
17526,27722,NCCST,S,0.021256999999999998,0.79
17526,27722,NCHPL,S,0.003445,0.74
17526,27722,NCJUC,S,0.009844,0.81
17526,27722,NCHBT,S,0.003720000000000001,0.78
17526,27722,NCHSFb,S,0.0030570000000000007,0.87
17526,27722,NCHFP,S,0.000622000000000001,0.87
17526,27722,NCBVY,S,0.003047000000000001,0.81
17526,27722,NCHQR,S,0.004128,0.84
17526,30057908,NCHGW,P,0.034864000000000006,0.806
17526,30057908,NCCDV,P,-0.070176,0.784
17526,30057908,NCCMP,P,0.008391999999999997,0.783
17526,30057908,NCHCA,P,0.04277700000000001,0.852
17526,30057908,NCJTG,P,0.0044420000000000015,0.771
17526,30057908,NCHCR,P,0.024609000000000006,0.751
17526,30057908,NCJPL,P,0.009122000000000005,0.8
17526,30057908,NCHFE,P,0.030211000000000002,0.777
17526,30057908,NCCST,P,-0.048013,0.733
17526,30057908,NCHAZ,P,0.021557000000000007,0.868
17526,30057908,NCJUC,P,-0.007414999999999998,0.753
17526,30057908,NCHDLb,P,0.016885999999999998,0.794
17526,30057908,NCHJG,P,0.01779900000000001,0.817
17526,30057908,NCHSL,P,0.03154900000000001,0.764
17526,30057908,NCJHP,P,-0.049776,0.742
17526,30057908,NCCMO,P,-0.06279,0.926
17526,30057908,NCHJS,P,0.038507,0.71
17526,30057908,NCBVY,P,0.032524,0.807
17526,30057908,NCJAL,S,-0.0066789999999999974,0.81
17526,30057908,NCCDV,S,-0.098989,0.71
17526,30057908,NCCMP,S,0.024552000000000004,0.82
17526,30057908,NCCOS,S,-0.031427,0.86
17526,30058785,NCCDV,P,-0.074585,0.803
17526,30058785,NCCMP,P,-0.0009370000000000003,0.779
17526,30058785,NCHCA,P,0.033367999999999995,0.817
17526,30058785,NCJTG,P,-0.00041099999999999817,0.812
17526,30058785,NCJBC,P,-0.04341,0.707
17526,30058785,NCJPL,P,0.002132000000000002,0.865
17526,30058785,NCHFE,P,0.017567,0.715
17526,30058785,NCCST,P,-0.052572999999999995,0.717
17526,30058785,NCHAZ,P,0.008893999999999999,0.802
17526,30058785,NCHDLb,P,0.004186000000000002,0.769
17526,30058785,NCHJG,P,0.0066799999999999984,0.777
17526,30058785,NCHSL,P,0.017745999999999998,0.814
17526,30058785,NCJHP,P,-0.049733,0.743
17526,30058785,NCCMO,P,-0.066887,0.937
17526,30058785,NCJPS,P,-0.047922,0.708
17526,30058785,NCHJS,P,0.030677999999999997,0.705
17526,30058785,NCBVY,P,0.020720000000000002,0.816
17526,30058785,NCJAL,S,-0.010422,0.86
17526,30058785,NCCMM,S,-0.042761,0.81
17526,30058785,NCCDV,S,-0.10643999999999999,0.71
17526,30058785,NCCMP,S,0.009506,0.84
17526,30058785,NCCOS,S,-0.040309,0.88
17526,30058785,NCHFP,S,0.04564700000000001,0.72
17526,32049,NCCVA,P,-0.058482,0.724
17526,32049,NCCMN,P,-0.054120999999999996,0.712
17526,35929,NCCCOa,P,-0.0003109999999999988,0.756
17526,35929,NCCSC,P,-0.008355999999999999,0.807
17526,35929,NCCADa,P,0.00018900000000000167,0.749
17526,35929,NCJST,P,-0.0015189999999999995,0.76
17526,35929,NCJCB,P,-0.0013999999999999985,0.703
17526,35929,NCCML,P,-0.012473999999999999,0.871
17526,35929,NCJAL,P,-0.002350999999999999,0.739
17526,35929,NCCAL,P,-0.01268,0.763
17526,35929,NCJHL,P,-0.003157,0.705
17526,35929,NCJRR,P,-4.500000000000337e-05,0.746
17526,35929,NCHGS,P,0.0005080000000000015,0.895
17526,35929,NCJEC,P,0.0008430000000000035,0.835
17526,35929,NCJLX,P,-0.007491999999999999,0.743
17526,35929,NCHGW,P,0.0006019999999999984,0.898
17526,35929,NCCDV,P,-0.011327,0.913
17526,35929,NCCMJ,P,-0.012348000000000001,0.854
17526,35929,NCJBZ,P,-0.002043000000000003,0.807
17526,35929,NCHCA,P,0.0035280000000000034,0.926
17526,35929,NCCMR,P,-0.011393,0.768
17526,35929,NCJBC,P,-0.0077020000000000005,0.813
17526,35929,NCHPR,P,0.00037600000000000133,0.917
17526,35929,NCHCR,P,-0.001120999999999997,0.923
17526,35929,NCCMN,P,-0.013835,0.855
17526,35929,NCJSJ,P,-0.008929,0.742
17526,35929,NCHFE,P,0.00046700000000000214,0.831
17526,35929,NCCST,P,-0.011630999999999999,0.768
17526,35929,NCHCOb,P,0.001353,0.837
17526,35929,NCHAZ,P,-0.0009819999999999968,0.867
17526,35929,NCHFH,P,-2.3000000000002185e-05,0.802
17526,35929,NCJPPa,P,-0.0076960000000000015,0.727
17526,35929,NCHBT,P,-0.0005580000000000029,0.893
17526,35929,NCHDLb,P,-0.0011649999999999994,0.924
17526,35929,NCHSFb,P,0.00032000000000000084,0.838
17526,35929,NCJHP,P,-0.010710999999999998,0.862
17526,35929,NCCMO,P,-0.015165000000000001,0.868
17526,35929,NCCLC,P,-0.010676000000000001,0.726
17526,35929,NCHFP,P,-0.00019399999999999973,0.918
17526,35929,NCBSL,P,0.004506999999999997,0.834
17526,35929,NCBVY,P,0.0011810000000000015,0.955
17526,35929,NCHQR,P,0.0005739999999999981,0.911
17526,35929,NCCCOa,S,0.0018519999999999995,0.71
17526,35929,NCCSC,S,-0.007651999999999999,0.74
17526,35929,NCCAO,S,-0.00732,0.77
17526,35929,NCCADa,S,0.007871999999999997,0.72
17526,35929,NCJCB,S,0.0028629999999999975,0.76
17526,35929,NCCML,S,-0.014221000000000001,0.84
17526,35929,NCJAL,S,-0.004133999999999999,0.73
17526,35929,NCCAL,S,-0.016999,0.71
17526,35929,NCHSP,S,0.008502999999999997,0.84
17526,35929,NCCMM,S,-0.009509,0.78
17526,35929,NCJHL,S,-0.0017510000000000026,0.8
17526,35929,NCJRR,S,0.0010300000000000031,0.75
17526,35929,NCHGS,S,0.004790000000000003,0.86
17526,35929,NCJEC,S,0.003285000000000003,0.9
17526,35929,NCJLX,S,-0.008698000000000001,0.88
17526,35929,NCHGW,S,0.0027580000000000035,0.9
17526,35929,NCCDV,S,-0.017844,0.9
17526,35929,NCCMP,S,-0.005330000000000001,0.79
17526,35929,NCCMJ,S,-0.012856,0.84
17526,35929,NCJBZ,S,0.000669999999999997,0.9
17526,35929,NCHCA,S,0.005843000000000001,0.87
17526,35929,NCJSG,S,-0.0001429999999999973,0.83
17526,35929,NCCMR,S,-0.012579,0.86
17526,35929,NCJBC,S,-0.009741,0.78
17526,35929,NCHPR,S,0.0024980000000000002,0.91
17526,35929,NCHCR,S,0.0008869999999999989,0.83
17526,35929,NCCVA,S,-0.015581000000000001,0.89
17526,35929,NCCMN,S,-0.012358000000000001,0.86
17526,35929,NCCST,S,-0.009759,0.84
17526,35929,NCJBM,S,-0.008867,0.77
17526,35929,NCHAZ,S,0.0030869999999999995,0.75
17526,35929,NCCPL,S,-0.011449999999999998,0.72
17526,35929,NCHFH,S,0.004456000000000002,0.82
17526,35929,NCJPPa,S,-0.009312999999999998,0.72
17526,35929,NCHBT,S,0.004626999999999999,0.8
17526,35929,NCHDLb,S,0.0011950000000000016,0.91
17526,35929,NCJHP,S,-0.005715999999999999,0.76
17526,35929,NCCLC,S,-0.0019679999999999975,0.73
17526,35929,NCHFP,S,0.004493999999999998,0.88
17526,35929,NCBSL,S,0.005019999999999997,0.82
17526,35929,NCBVY,S,0.0037939999999999988,0.89
17526,35929,NCHQR,S,0.003972000000000003,0.94
17526,44335,NCCSC,P,-0.029958000000000002,0.716
17526,44335,NCCML,P,-0.055826,0.777
17526,44335,NCJEC,P,-0.0009190000000000031,0.712
17526,44335,NCHGW,P,0.011280000000000005,0.822
17526,44335,NCCDV,P,-0.054769,0.78
17526,44335,NCCMP,P,-0.006036,0.748
17526,44335,NCJBZ,P,0.0009190000000000031,0.709
17526,44335,NCHCA,P,0.023697000000000003,0.854
17526,44335,NCJSG,P,-0.033079,0.706
17526,44335,NCJTG,P,-0.0037379999999999983,0.863
17526,44335,NCCMR,P,-0.046167,0.701
17526,44335,NCHPR,P,0.008919000000000003,0.852
17526,44335,NCHCR,P,0.013118999999999999,0.75
17526,44335,NCJPL,P,-0.0015189999999999995,0.876
17526,44335,NCCVA,P,-0.056243,0.709
17526,44335,NCCMN,P,-0.055511,0.878
17526,44335,NCCVL,P,-0.060893,0.784
17526,44335,NCHCP,P,0.008328999999999996,0.884
17526,44335,NCJUC,P,-0.012556999999999999,0.802
17526,44335,NCHFH,P,0.012045999999999994,0.797
17526,44335,NCHBT,P,0.009207,0.762
17526,44335,NCHDLb,P,0.007980999999999995,0.846
17526,44335,NCHPH,P,0.024082,0.749
17526,44335,NCHSFb,P,0.015252999999999996,0.909
17526,44335,NCJHP,P,-0.048347,0.759
17526,44335,NCCMO,P,-0.05318,0.937
17526,44335,NCJPS,P,-0.040886,0.704
17526,44335,NCBSL,P,0.022498999999999998,0.749
17526,44335,NCBVY,P,0.012677,0.811
17526,44335,NCHQR,P,0.016678000000000005,0.826
17526,44335,NCJAL,S,-0.012615000000000001,0.8
17526,44335,NCCMM,S,-0.034484,0.81
17526,44335,NCCMP,S,0.004357,0.83
17526,44335,NCCOS,S,-0.035866999999999996,0.85
17526,44335,NCHFP,S,0.037760999999999996,0.77
17526,483500,NCCMH,P,0.003955,0.826
17526,483500,NCCAO,P,0.0029850000000000015,0.843
17526,483500,NCJST,P,0.002817,0.925
17526,483500,NCCML,P,0.018217999999999998,0.98
17526,483500,NCCAL,P,0.006030999999999995,0.848
17526,483500,NCJAL,P,0.003837999999999994,0.837
17526,483500,NCHSP,P,0.010538999999999993,0.932
17526,483500,NCJHL,P,0.002484,0.778
17526,483500,NCJEC,P,0.009632000000000002,0.917
17526,483500,NCJLX,P,0.0023019999999999985,0.888
17526,483500,NCCDV,P,-0.006814000000000001,0.959
17526,483500,NCCMJ,P,0.007509000000000002,0.957
17526,483500,NCCMP,P,0.007967000000000002,0.823
17526,483500,NCJBZ,P,-0.005670000000000008,0.821
17526,483500,NCHCA,P,0.003253999999999993,0.939
17526,483500,NCCMR,P,-0.0029640000000000083,0.894
17526,483500,NCJTG,P,0.0071309999999999985,0.92
17526,483500,NCJBC,P,-0.0011369999999999991,0.92
17526,483500,NCHCR,P,0.001893999999999993,0.947
17526,483500,NCJPL,P,0.0061319999999999986,0.884
17526,483500,NCCVA,P,0.006297999999999998,0.867
17526,483500,NCCMN,P,0.003463999999999995,0.973
17526,483500,NCCVL,P,0.0066930000000000045,0.957
17526,483500,NCJSC,P,0.021822999999999995,0.857
17526,483500,NCHFE,P,0.0027299999999999963,0.911
17526,483500,NCCST,P,0.0011709999999999915,0.944
17526,483500,NCJBM,P,0.00204,0.944
17526,483500,NCJSM,P,0.002463999999999994,0.822
17526,483500,NCHAZ,P,-0.0005970000000000003,0.948
17526,483500,NCJUC,P,0.006304000000000004,0.749
17526,483500,NCJSFa,P,0.0035069999999999962,0.915
17526,483500,NCHDLb,P,-0.0025460000000000066,0.928
17526,483500,NCHJG,P,-0.00014999999999999736,0.958
17526,483500,NCJHP,P,0.008261000000000004,0.95
17526,483500,NCCMO,P,-0.002022999999999997,0.986
17526,483500,NCJPS,P,0.0032080000000000025,0.948
17526,483500,NCCLC,P,0.0036289999999999933,0.888
17526,483500,NCBSL,P,0.0013959999999999945,0.83
17526,483500,NCCMH,S,0.007888999999999993,0.91
17526,483500,NCCAO,S,0.0027539999999999926,0.86
17526,483500,NCJST,S,0.003039,0.9
17526,483500,NCCML,S,0.020200999999999997,0.98
17526,483500,NCCAL,S,0.007213999999999998,0.76
17526,483500,NCJAL,S,0.007199999999999998,0.85
17526,483500,NCHSP,S,0.010951000000000002,0.95
17526,483500,NCJHL,S,0.007351999999999997,0.8
17526,483500,NCJEC,S,0.009748999999999994,0.92
17526,483500,NCJLX,S,0.008136000000000004,0.92
17526,483500,NCCDV,S,-0.0038829999999999976,0.95
17526,483500,NCCMJ,S,0.008899000000000004,0.96
17526,483500,NCJBZ,S,-0.0053470000000000045,0.78
17526,483500,NCHCA,S,0.004363999999999993,0.94
17526,483500,NCCMR,S,0.00032000000000000084,0.98
17526,483500,NCJTG,S,0.005597999999999992,0.88
17526,483500,NCCOS,S,0.004031999999999994,0.93
17526,483500,NCHCR,S,0.0013740000000000002,0.92
17526,483500,NCJPL,S,0.008007,0.75
17526,483500,NCCVA,S,0.008042999999999995,0.96
17526,483500,NCCMN,S,0.004087999999999994,0.96
17526,483500,NCCVL,S,0.0028730000000000006,0.77
17526,483500,NCHFE,S,0.003837999999999994,0.82
17526,483500,NCCST,S,0.0024160000000000015,0.96
17526,483500,NCJBM,S,0.0014919999999999933,0.94
17526,483500,NCJSM,S,0.0022189999999999988,0.91
17526,483500,NCHAZ,S,-0.000677999999999998,0.93
17526,483500,NCJUC,S,0.006835999999999995,0.71
17526,483500,NCJSFa,S,0.0021950000000000025,0.92
17526,483500,NCHDLb,S,-0.0016189999999999954,0.95
17526,483500,NCHLT,S,0.0025000000000000022,0.76
17526,483500,NCHJG,S,0.0007780000000000009,0.96
17526,483500,NCCBS,S,0.012480999999999992,0.77
17526,483500,NCCMO,S,-0.005400000000000002,0.92
17526,483500,NCJPS,S,0.003153000000000003,0.93
17526,483500,NCCLC,S,8.099999999999774e-05,0.89
17526,483500,NCBSL,S,0.0036559999999999926,0.94
17842,101361,NCCSC,P,-0.011041000000000002,0.814
17842,101361,NCJCB,P,-0.040036,0.707
17842,101361,NCCML,P,-0.007072000000000002,0.927
17842,101361,NCCMM,P,-0.036685,0.748
17842,101361,NCHGS,P,-0.046717,0.824
17842,101361,NCJEC,P,-0.020301,0.839
17842,101361,NCHGW,P,-0.049889,0.937
17842,101361,NCCDV,P,-0.010522000000000004,0.956
17842,101361,NCCMJ,P,-0.0024129999999999985,0.804
17842,101361,NCJBZ,P,-0.040378,0.846
17842,101361,NCCMR,P,-0.011734000000000001,0.901
17842,101361,NCHCB,P,-0.040723999999999996,0.753
17842,101361,NCHFE,P,-0.051119,0.896
17842,101361,NCCST,P,-0.032067,0.846
17842,101361,NCHPL,P,-0.049668,0.743
17842,101361,NCJPPa,P,-0.00023999999999999716,0.822
17842,101361,NCHDLb,P,-0.04175,0.864
17842,101361,NCHSFb,P,-0.044736,0.851
17842,101361,NCCLC,P,-0.011131000000000002,0.821
17842,101361,NCBVY,P,-0.041863,0.775
17842,101361,NCHQR,P,-0.045884,0.712
17842,101361,NCCAO,S,-0.029507,0.82
17842,101361,NCCADa,S,-0.07341500000000001,0.71
17842,101361,NCJST,S,-0.018917,0.79
17842,101361,NCJCB,S,-0.042628,0.74
17842,101361,NCCML,S,0.002896999999999997,0.86
17842,101361,NCCAL,S,0.012017,0.77
17842,101361,NCJAL,S,-0.035863,0.8
17842,101361,NCCMM,S,-0.034359,0.81
17842,101361,NCJSS,S,-0.019879,0.91
17842,101361,NCHGS,S,-0.053164,0.79
17842,101361,NCJEC,S,-0.020634,0.76
17842,101361,NCCDV,S,-0.00033099999999999796,0.91
17842,101361,NCCMP,S,-0.042289,0.96
17842,101361,NCCMR,S,-0.002355999999999997,0.76
17842,101361,NCJBC,S,-0.025737,0.82
17842,101361,NCHCB,S,-0.049073,0.73
17842,101361,NCCST,S,-0.027692,0.71
17842,101361,NCHPL,S,-0.072765,0.75
17842,101361,NCJLT,S,-0.006855,0.73
17842,101362,NCCSC,P,-0.029498999999999997,0.9
17842,101362,NCJST,P,-0.031855999999999995,0.814
17842,101362,NCJCB,P,-0.040103,0.721
17842,101362,NCCML,P,-0.034093,0.924
17842,101362,NCCAL,P,-0.034248,0.769
17842,101362,NCHSP,P,-0.037743,0.786
17842,101362,NCCMM,P,-0.052909,0.819
17842,101362,NCHGS,P,-0.040632,0.917
17842,101362,NCJEC,P,-0.019711,0.821
17842,101362,NCHGW,P,-0.045343999999999995,0.903
17842,101362,NCCDV,P,-0.039747,0.953
17842,101362,NCCMJ,P,-0.034374,0.735
17842,101362,NCJBZ,P,-0.040757,0.743
17842,101362,NCCMR,P,-0.040157,0.923
17842,101362,NCJTG,P,-0.031235999999999996,0.703
17842,101362,NCJBC,P,-0.038218,0.744
17842,101362,NCHPR,P,-0.033722,0.75
17842,101362,NCHFE,P,-0.045963,0.753
17842,101362,NCCST,P,-0.053815999999999996,0.826
17842,101362,NCHAZ,P,-0.042647,0.725
17842,101362,NCJBLb,P,-0.031416,0.712
17842,101362,NCJPPa,P,-0.021148999999999994,0.799
17842,101362,NCHDLb,P,-0.040344,0.887
17842,101362,NCHSFb,P,-0.038838,0.809
17842,101362,NCCLC,P,-0.036888,0.783
17842,101362,NCBVY,P,-0.039689999999999996,0.763
17842,101362,NCCMH,S,-0.036203,0.72
17842,101362,NCCAO,S,-0.03877699999999999,0.86
17842,101362,NCJST,S,-0.029762999999999998,0.89
17842,101362,NCJCB,S,-0.033391,0.81
17842,101362,NCCML,S,-0.037273,0.93
17842,101362,NCCAL,S,-0.032825999999999994,0.78
17842,101362,NCJAL,S,-0.042378,0.78
17842,101362,NCHSP,S,-0.038286,0.74
17842,101362,NCCMM,S,-0.058048999999999996,0.94
17842,101362,NCHGS,S,-0.038728,0.85
17842,101362,NCJEC,S,-0.020204999999999994,0.81
17842,101362,NCJLX,S,-0.036604,0.73
17842,101362,NCHGW,S,-0.047131,0.71
17842,101362,NCCDV,S,-0.04200999999999999,0.92
17842,101362,NCCMJ,S,-0.035366999999999996,0.73
17842,101362,NCCMP,S,-0.047611999999999995,0.95
17842,101362,NCCMR,S,-0.046144,0.85
17842,101362,NCJBC,S,-0.044372999999999996,0.81
17842,101362,NCHPR,S,-0.038425,0.75
17842,101362,NCHCB,S,-0.042669,0.74
17842,101362,NCHPL,S,-0.056741999999999994,0.74
17842,101362,NCJLT,S,-0.031466999999999995,0.74
17842,101362,NCHFH,S,-0.047587,0.8
17842,101362,NCHDLb,S,-0.042256999999999996,0.71
17842,101362,NCHSFb,S,-0.03394799999999999,0.75
17842,103138,NCCSC,P,-0.009474,0.835
17842,103138,NCCML,P,-0.0108,0.949
17842,103138,NCCAL,P,-0.011185,0.811
17842,103138,NCHSP,P,-0.030488,0.821
17842,103138,NCCMM,P,-0.034283,0.78
17842,103138,NCHGW,P,-0.033898,0.883
17842,103138,NCCDV,P,-0.016172,0.928
17842,103138,NCCMP,P,-0.02492,0.743
17842,103138,NCJBZ,P,-0.02929,0.725
17842,103138,NCHCR,P,-0.031598,0.756
17842,103138,NCHFE,P,-0.038899,0.782
17842,103138,NCCST,P,-0.034222,0.792
17842,103138,NCJPPa,P,-0.0010849999999999992,0.824
17842,103138,NCJHP,P,-0.013613,0.833
17842,103138,NCBVY,P,-0.031548,0.726
17842,103138,NCCAO,S,-0.023901000000000002,0.77
17842,103138,NCJST,S,-0.012798,0.83
17842,103138,NCJCB,S,-0.026066,0.78
17842,103138,NCCML,S,-0.009255000000000001,0.89
17842,103138,NCCAL,S,-0.002708000000000002,0.74
17842,103138,NCJAL,S,-0.026704000000000002,0.75
17842,103138,NCHSP,S,-0.038877,0.75
17842,103138,NCCMM,S,-0.037523,0.91
17842,103138,NCJSS,S,-0.014418,0.89
17842,103138,NCCDV,S,-0.01391,0.9
17842,103138,NCCMP,S,-0.036218,0.94
17842,103138,NCJPL,S,-0.020699000000000002,0.74
17842,126189,NCCSC,P,-0.023347999999999994,0.749
17842,126189,NCCML,P,-0.019997999999999995,0.938
17842,126189,NCCAL,P,-0.017588999999999994,0.743
17842,126189,NCCMM,P,-0.048745,0.794
17842,126189,NCJEC,P,-0.031224999999999996,0.775
17842,126189,NCHGW,P,-0.059666,0.939
17842,126189,NCCDV,P,-0.022944,0.939
17842,126189,NCCMJ,P,-0.016390999999999996,0.767
17842,126189,NCCMP,P,-0.045175999999999994,0.721
17842,126189,NCJBZ,P,-0.060951,0.829
17842,126189,NCHCA,P,-0.059113,0.904
17842,126189,NCCMR,P,-0.040491,0.91
17842,126189,NCJBC,P,-0.030018999999999997,0.733
17842,126189,NCHCR,P,-0.053475999999999996,0.738
17842,126189,NCHCB,P,-0.052362,0.753
17842,126189,NCHFE,P,-0.062082,0.875
17842,126189,NCCST,P,-0.04765899999999999,0.859
17842,126189,NCJBM,P,-0.027828,0.787
17842,126189,NCJSM,P,-0.030424999999999997,0.703
17842,126189,NCHAZ,P,-0.057994,0.793
17842,126189,NCJPPa,P,-0.012891999999999994,0.718
17842,126189,NCHDLb,P,-0.054244999999999995,0.83
17842,126189,NCJHP,P,-0.022796999999999998,0.839
17842,126189,NCCAO,S,-0.042779,0.77
17842,126189,NCJST,S,-0.031736,0.82
17842,126189,NCJCB,S,-0.05427799999999999,0.73
17842,126189,NCCML,S,-0.009791999999999995,0.87
17842,126189,NCCAL,S,-0.0010509999999999964,0.77
17842,126189,NCCMM,S,-0.046905999999999996,0.84
17842,126189,NCJEC,S,-0.030740999999999997,0.73
17842,126189,NCJLX,S,-0.020058,0.83
17842,126189,NCCDV,S,-0.013100999999999995,0.9
17842,126189,NCCMP,S,-0.054457,0.93
17842,126189,NCJBC,S,-0.027825999999999997,0.79
17842,126189,NCHCB,S,-0.057936999999999995,0.74
17842,126189,NCCST,S,-0.041773,0.73
17842,126292,NCCSC,P,-0.021720000000000003,0.879
17842,126292,NCCMH,P,-0.021761000000000003,0.83
17842,126292,NCCML,P,-0.027341000000000004,0.935
17842,126292,NCCAL,P,-0.02701900000000001,0.801
17842,126292,NCHSP,P,-0.032773000000000004,0.78
17842,126292,NCCMM,P,-0.04553900000000001,0.779
17842,126292,NCJEC,P,-0.01047300000000001,0.741
17842,126292,NCHGW,P,-0.03466500000000001,0.906
17842,126292,NCCDV,P,-0.032567000000000006,0.946
17842,126292,NCCMP,P,-0.030571000000000008,0.851
17842,126292,NCJBZ,P,-0.040983000000000006,0.76
17842,126292,NCHCA,P,-0.031381000000000006,0.866
17842,126292,NCCMR,P,-0.048386000000000005,0.899
17842,126292,NCHCR,P,-0.030487000000000007,0.773
17842,126292,NCCST,P,-0.04886600000000001,0.889
17842,126292,NCHAZ,P,-0.03403900000000001,0.715
17842,126292,NCJPPa,P,-0.013633000000000006,0.706
17842,126292,NCHDLb,P,-0.032991000000000006,0.859
17842,126292,NCJHP,P,-0.028924000000000005,0.869
17842,126292,NCCLC,P,-0.028634000000000007,0.758
17842,126292,NCHFP,P,-0.03274500000000001,0.753
17842,126292,NCBVY,P,-0.028684000000000008,0.739
17842,126292,NCHQR,P,-0.032156000000000004,0.726
17842,126292,NCCMH,S,-0.029069000000000005,0.79
17842,126292,NCCAO,S,-0.031810000000000005,0.84
17842,126292,NCJST,S,-0.022760000000000002,0.88
17842,126292,NCJCB,S,-0.025145000000000008,0.8
17842,126292,NCCML,S,-0.03025400000000001,0.93
17842,126292,NCCAL,S,-0.025337000000000005,0.75
17842,126292,NCHSP,S,-0.033371000000000005,0.73
17842,126292,NCCMM,S,-0.050204000000000006,0.93
17842,126292,NCJEC,S,-0.010587000000000013,0.74
17842,126292,NCHGW,S,-0.03675500000000001,0.71
17842,126292,NCCDV,S,-0.03531900000000001,0.88
17842,126292,NCCMJ,S,-0.028673000000000004,0.8
17842,126292,NCCMP,S,-0.039603000000000006,0.96
17842,126292,NCHCA,S,-0.030689000000000008,0.85
17842,126292,NCJBC,S,-0.027452000000000004,0.77
17842,126292,NCHPR,S,-0.030151000000000004,0.76
17842,126292,NCHCR,S,-0.041509000000000004,0.73
17842,126292,NCCMN,S,-0.036653000000000005,0.8
17842,126292,NCCST,S,-0.05070500000000001,0.79
17842,126389,NCCCOa,P,-0.021989,0.841
17842,126389,NCCSC,P,-0.020154,0.984
17842,126389,NCCMH,P,-0.020337,0.983
17842,126389,NCCAO,P,-0.020034999999999997,0.911
17842,126389,NCCADa,P,-0.038436,0.863
17842,126389,NCJST,P,-0.020867999999999998,0.939
17842,126389,NCJCB,P,-0.021817999999999997,0.87
17842,126389,NCCML,P,-0.019295,0.985
17842,126389,NCCAL,P,-0.019680999999999997,0.985
17842,126389,NCJAL,P,-0.031992,0.753
17842,126389,NCHSP,P,-0.024322999999999997,0.794
17842,126389,NCCMM,P,-0.035445000000000004,0.865
17842,126389,NCJHL,P,-0.023014,0.842
17842,126389,NCJSS,P,-0.019951999999999998,0.874
17842,126389,NCJEC,P,-0.0027270000000000003,0.858
17842,126389,NCJLX,P,-0.019254,0.929
17842,126389,NCHGW,P,-0.025955,0.939
17842,126389,NCCDV,P,-0.022562,0.981
17842,126389,NCCMJ,P,-0.019707000000000002,0.91
17842,126389,NCCMP,P,-0.019332000000000002,0.911
17842,126389,NCHCA,P,-0.023295000000000003,0.916
17842,126389,NCCMR,P,-0.03762,0.931
17842,126389,NCHCR,P,-0.022727999999999998,0.919
17842,126389,NCJSJ,P,-0.022794000000000002,0.838
17842,126389,NCHCB,P,-0.021905,0.722
17842,126389,NCCST,P,-0.037711,0.915
17842,126389,NCHPL,P,-0.026672,0.761
17842,126389,NCJBM,P,-0.021408999999999997,0.931
17842,126389,NCHOR,P,-0.019731,0.888
17842,126389,NCJSM,P,-0.022215,0.747
17842,126389,NCHAZ,P,-0.026411999999999998,0.727
17842,126389,NCJSFa,P,-0.020302,0.78
17842,126389,NCHFH,P,-0.020633,0.735
17842,126389,NCJPPa,P,-0.0030670000000000003,0.758
17842,126389,NCHDLb,P,-0.022129000000000003,0.948
17842,126389,NCJHP,P,-0.019513999999999997,0.955
17842,126389,NCCLC,P,-0.018736000000000003,0.89
17842,126389,NCHFP,P,-0.020238,0.947
17842,126389,NCBVY,P,-0.017949,0.783
17842,126389,NCHQR,P,-0.021929999999999998,0.905
17842,126389,NCCCOa,S,-0.02137,0.77
17842,126389,NCCSC,S,-0.020131999999999997,0.98
17842,126389,NCCMH,S,-0.020256000000000003,0.98
17842,126389,NCCAO,S,-0.020803000000000002,0.91
17842,126389,NCCADa,S,-0.038055,0.92
17842,126389,NCJST,S,-0.019491,0.96
17842,126389,NCJCB,S,-0.01981,0.93
17842,126389,NCCML,S,-0.019358,0.96
17842,126389,NCCAL,S,-0.01888,0.97
17842,126389,NCHSP,S,-0.023675,0.88
17842,126389,NCCMM,S,-0.033223,0.92
17842,126389,NCJHL,S,-0.020131000000000003,0.78
17842,126389,NCJEC,S,-0.004933,0.84
17842,126389,NCJLX,S,-0.01928,0.88
17842,126389,NCHGW,S,-0.025597,0.89
17842,126389,NCCDV,S,-0.023198000000000003,0.97
17842,126389,NCCMJ,S,-0.017702999999999997,0.94
17842,126389,NCCMP,S,-0.020457000000000003,0.97
17842,126389,NCHCA,S,-0.020491000000000002,0.94
17842,126389,NCJSG,S,-0.021581000000000003,0.8
17842,126389,NCJBC,S,-0.016787000000000003,0.88
17842,126389,NCHCR,S,-0.022109999999999998,0.92
17842,126389,NCJSJ,S,-0.023285,0.8
17842,126389,NCHCB,S,-0.014294000000000001,0.77
17842,126389,NCCST,S,-0.025973999999999997,0.9
17842,126389,NCHPL,S,-0.026074,0.88
17842,126389,NCHAZ,S,-0.012249999999999997,0.73
17842,126389,NCCPL,S,-0.008863000000000003,0.86
17842,126389,NCHFH,S,-0.009987000000000003,0.94
17842,126389,NCHDLb,S,-0.010827999999999997,0.88
17842,126389,NCCSH,S,-0.006385000000000002,0.85
17842,126389,NCCLC,S,-0.0072600000000000026,0.82
17842,126389,NCHJS,S,-0.011680999999999997,0.83
17842,148939,NCCSC,P,0.012756,0.84
17842,148939,NCCMH,P,0.012027,0.81
17842,148939,NCJST,P,0.008503,0.829
17842,148939,NCCML,P,0.019257,0.958
17842,148939,NCCAL,P,0.009699,0.851
17842,148939,NCCMM,P,-7.000000000000062e-06,0.862
17842,148939,NCJHL,P,0.007014,0.754
17842,148939,NCHGS,P,0.0004149999999999999,0.868
17842,148939,NCJEC,P,0.011096,0.735
17842,148939,NCHGW,P,0.013525,0.917
17842,148939,NCCDV,P,0.006726,0.945
17842,148939,NCCMJ,P,0.009659000000000001,0.748
17842,148939,NCJBZ,P,-0.00324,0.748
17842,148939,NCJSG,P,0.013766,0.701
17842,148939,NCCMR,P,-0.0019410000000000002,0.904
17842,148939,NCHCR,P,0.00154,0.728
17842,148939,NCCVA,P,0.009464,0.836
17842,148939,NCCVL,P,0.011488,0.743
17842,148939,NCHFE,P,0.0009,0.839
17842,148939,NCCST,P,-0.0008340000000000001,0.893
17842,148939,NCHPL,P,-0.006033,0.71
17842,148939,NCJBM,P,0.00019999999999999998,0.826
17842,148939,NCJSM,P,-2.099999999999997e-05,0.763
17842,148939,NCJPPa,P,0.01351,0.727
17842,148939,NCHDLb,P,-0.002511,0.834
17842,148939,NCHQR,P,0.014983,0.765
17842,148939,NCCMH,S,0.007132,0.71
17842,148939,NCCAO,S,-0.001089,0.78
17842,148939,NCCADa,S,-2.800000000000003e-05,0.75
17842,148939,NCJST,S,0.013793,0.85
17842,148939,NCJCB,S,0.0007049999999999999,0.84
17842,148939,NCCML,S,0.016277,0.9
17842,148939,NCCAL,S,0.013487,0.78
17842,148939,NCHSP,S,0.011686,0.73
17842,148939,NCCMM,S,-0.005042,0.89
17842,148939,NCJHL,S,0.006077,0.71
17842,148939,NCHGS,S,0.0009159999999999999,0.81
17842,148939,NCJEC,S,0.005815,0.76
17842,148939,NCJLX,S,0.001302,0.84
17842,148939,NCHGW,S,0.011785,0.71
17842,148939,NCCDV,S,0.005405,0.89
17842,148939,NCCMJ,S,0.009803000000000001,0.74
17842,148939,NCCMP,S,-0.00302,0.94
17842,148939,NCHCA,S,-0.000843,0.82
17842,148939,NCCMR,S,-0.0047339999999999995,0.86
17842,148939,NCJPL,S,0.0002539999999999999,0.71
17842,148939,NCCVA,S,0.009313,0.94
17842,148939,NCCVL,S,0.0106,0.85
17842,148939,NCHPL,S,-0.018148,0.8
17842,148939,NCHFH,S,0.006018,0.71
17842,148939,NCHDLb,S,0.000794,0.74
17842,148939,NCCSH,S,0.023992999999999997,0.71
17842,160503,NCJST,P,-0.01897,0.702
17842,160503,NCCML,P,0.014706,0.847
17842,160503,NCCMM,P,-0.012339,0.705
17842,160503,NCJHL,P,-0.022974,0.725
17842,160503,NCHGS,P,-0.036173,0.747
17842,160503,NCJEC,P,-0.021764,0.806
17842,160503,NCHGW,P,-0.019733,0.919
17842,160503,NCHCA,P,-0.037172,0.854
17842,160503,NCHCR,P,-0.033763,0.744
17842,160503,NCHFE,P,-0.034051,0.806
17842,160503,NCCST,P,-0.010646,0.702
17842,160503,NCHPL,P,-0.038713,0.715
17842,160503,NCJPPa,P,0.0018460000000000039,0.742
17842,160503,NCHDLb,P,-0.033664,0.85
17842,160503,NCHQR,P,-0.008315,0.773
17842,160503,NCCADa,S,-0.048947000000000004,0.73
17842,160503,NCJST,S,-0.009276,0.81
17842,160503,NCJCB,S,-0.04106,0.77
17842,160503,NCCML,S,0.021224000000000003,0.82
17842,160503,NCJAL,S,-0.01092,0.8
17842,160503,NCHSP,S,-0.037897,0.76
17842,160503,NCCMM,S,-0.010959,0.89
17842,160503,NCJSS,S,-0.011550999999999999,0.89
17842,160503,NCHGS,S,-0.044961,0.79
17842,160503,NCJEC,S,-0.022106,0.72
17842,160503,NCHGW,S,-0.03008,0.74
17842,160503,NCCDV,S,0.010339999999999998,0.87
17842,160503,NCCMP,S,-0.027459,0.95
17842,160503,NCJBC,S,-0.010685,0.77
17842,160503,NCHPR,S,-0.030428,0.76
17842,160503,NCCVA,S,0.025149,0.83
17842,160503,NCHCB,S,-0.040112999999999996,0.78
17842,160503,NCHPL,S,-0.046558,0.75
17842,160503,NCHFH,S,-0.022141,0.72
17842,215747,NCCSC,P,-0.002114999999999999,0.712
17842,215747,NCCMH,P,-0.0020949999999999996,0.815
17842,215747,NCJST,P,-0.007880000000000002,0.804
17842,215747,NCCML,P,0.004048000000000003,0.906
17842,215747,NCCAL,P,-0.006568000000000001,0.797
17842,215747,NCHSP,P,-0.0034420000000000006,0.732
17842,215747,NCJHL,P,-0.008747999999999999,0.79
17842,215747,NCHGS,P,-0.017172,0.877
17842,215747,NCJEC,P,-0.006607000000000002,0.761
17842,215747,NCHGW,P,-0.0015000000000000013,0.921
17842,215747,NCCDV,P,-0.021969000000000002,0.949
17842,215747,NCCMJ,P,-0.0042699999999999995,0.702
17842,215747,NCJBZ,P,-0.020084,0.744
17842,215747,NCHCA,P,-0.015734,0.845
17842,215747,NCCMR,P,-0.010391000000000001,0.909
17842,215747,NCCVA,P,-0.010048999999999999,0.786
17842,215747,NCHCR,P,-0.016615,0.73
17842,215747,NCHFE,P,-0.016543000000000002,0.762
17842,215747,NCCST,P,-0.016269,0.823
17842,215747,NCHPL,P,-0.02203,0.797
17842,215747,NCJBM,P,-0.016814,0.705
17842,215747,NCJSM,P,-0.019228000000000002,0.764
17842,215747,NCHAZ,P,-0.02015,0.838
17842,215747,NCJSFa,P,-0.017197,0.739
17842,215747,NCJPPa,P,-0.0009330000000000033,0.844
17842,215747,NCHBT,P,-0.017212,0.728
17842,215747,NCHSFb,P,-0.0133,0.765
17842,215747,NCHJG,P,-0.020756,0.821
17842,215747,NCHFP,P,-0.011146,0.732
17842,215747,NCBVY,P,-0.007889,0.783
17842,215747,NCHQR,P,0.00030100000000000265,0.812
17842,215747,NCCADa,S,-0.019128,0.76
17842,215747,NCJST,S,-0.0029110000000000004,0.82
17842,215747,NCJCB,S,-0.014793,0.8
17842,215747,NCCML,S,0.0011429999999999982,0.9
17842,215747,NCCAL,S,-0.002014000000000002,0.77
17842,215747,NCHSP,S,-0.006359,0.71
17842,215747,NCJHL,S,-0.008926,0.73
17842,215747,NCHGS,S,-0.015739,0.83
17842,215747,NCJEC,S,-0.006189,0.72
17842,215747,NCJLX,S,-0.011967000000000002,0.8
17842,215747,NCCDV,S,-0.022672,0.91
17842,215747,NCCMP,S,-0.018522,0.96
17842,215747,NCHCA,S,-0.01788,0.78
17842,215747,NCJBC,S,-0.027493,0.8
17842,215747,NCCVA,S,-0.00903,0.91
17842,215747,NCHCR,S,-0.027745,0.73
17842,215747,NCHCB,S,-0.025232,0.72
17842,215747,NCCST,S,-0.018269,0.77
17842,215747,NCHPL,S,-0.03082,0.87
17842,215747,NCHJG,S,-0.022109,0.81
17842,215747,NCHJS,S,-0.017484,0.77
17842,23190,NCCSC,P,-0.003498000000000001,0.767
17842,23190,NCJCB,P,-0.029814,0.729
17842,23190,NCCML,P,0.0004180000000000017,0.935
17842,23190,NCCMM,P,-0.012972999999999998,0.809
17842,23190,NCHGW,P,-0.034895,0.907
17842,23190,NCCDV,P,-0.0001270000000000021,0.949
17842,23190,NCCMJ,P,0.0030849999999999975,0.771
17842,23190,NCJBZ,P,-0.023703000000000002,0.8
17842,23190,NCHCA,P,-0.036737,0.876
17842,23190,NCCMR,P,-0.0021089999999999998,0.904
17842,23190,NCHPR,P,-0.030598,0.738
17842,23190,NCCVA,P,0.003691,0.782
17842,23190,NCHCR,P,-0.031336,0.764
17842,23190,NCCMN,P,-0.0019460000000000033,0.786
17842,23190,NCHPL,P,-0.039977,0.747
17842,23190,NCJBM,P,-0.004864,0.728
17842,23190,NCHAZ,P,-0.032336000000000004,0.702
17842,23190,NCJPPa,P,-0.008216000000000001,0.801
17842,23190,NCHSFb,P,-0.035339999999999996,0.854
17842,23190,NCHJG,P,-0.033284,0.809
17842,23190,NCJHP,P,-0.0024990000000000012,0.866
17842,23190,NCHFP,P,-0.033347,0.721
17842,23190,NCHQR,P,-0.036416,0.799
17842,23190,NCCAO,S,-0.022184,0.79
17842,23190,NCJST,S,-0.011573,0.86
17842,23190,NCJCB,S,-0.031964,0.75
17842,23190,NCCML,S,0.011493999999999997,0.84
17842,23190,NCJAL,S,-0.015578000000000002,0.8
17842,23190,NCCMM,S,-0.01173,0.9
17842,23190,NCJSS,S,-0.012575,0.9
17842,23190,NCJLX,S,-0.003602000000000001,0.82
17842,23190,NCCDV,S,0.010235000000000001,0.92
17842,23190,NCCMR,S,0.006537000000000001,0.78
17842,23190,NCJBC,S,-0.010705,0.86
17842,23190,NCCVA,S,0.014648000000000001,0.91
17842,23190,NCHCB,S,-0.037812,0.78
17842,23190,NCHPL,S,-0.0634,0.75
17842,23190,NCHSFb,S,-0.040514,0.79
17842,238704,NCCSC,P,-0.013085000000000006,0.734
17842,238704,NCCML,P,0.0004059999999999897,0.931
17842,238704,NCCAL,P,-0.007785000000000007,0.73
17842,238704,NCJEC,P,-0.03645500000000001,0.734
17842,238704,NCHGW,P,-0.036571000000000006,0.918
17842,238704,NCCDV,P,-0.025182000000000003,0.906
17842,238704,NCCMJ,P,-0.005636000000000002,0.727
17842,238704,NCCMP,P,-0.035250000000000004,0.709
17842,238704,NCJBZ,P,-0.046643000000000004,0.787
17842,238704,NCHCA,P,-0.051840000000000004,0.86
17842,238704,NCCMR,P,-0.013976000000000002,0.843
17842,238704,NCCVA,P,-0.009647000000000003,0.773
17842,238704,NCCVL,P,-0.0018309999999999993,0.782
17842,238704,NCCST,P,-0.026493000000000003,0.813
17842,238704,NCJBM,P,-0.021817000000000003,0.819
17842,238704,NCJBLb,P,-0.020751000000000006,0.754
17842,238704,NCJPPa,P,-0.009652000000000008,0.792
17842,238704,NCHSFb,P,-0.04710700000000001,0.846
17842,238704,NCHJG,P,-0.053457000000000005,0.728
17842,238704,NCJHP,P,-0.015245000000000009,0.773
17842,238704,NCCLC,P,-0.018718000000000005,0.783
17842,238704,NCHQR,P,-0.03628100000000001,0.81
17842,238704,NCJST,S,-0.023193000000000005,0.75
17842,238704,NCCML,S,0.012138999999999997,0.86
17842,238704,NCCAL,S,0.009621999999999992,0.75
17842,238704,NCJAL,S,-0.026103000000000008,0.76
17842,238704,NCJSS,S,-0.022143000000000003,0.83
17842,238704,NCHGS,S,-0.059641000000000007,0.73
17842,238704,NCJEC,S,-0.03608800000000001,0.76
17842,238704,NCJLX,S,-0.015017000000000003,0.79
17842,238704,NCCDV,S,-0.013106000000000007,0.88
17842,238704,NCCMP,S,-0.044893,0.91
17842,238704,NCCMR,S,-0.0010590000000000044,0.76
17842,238704,NCJBC,S,-0.029467000000000007,0.78
17842,238704,NCCVA,S,0.003998999999999989,0.92
17842,238704,NCCVL,S,0.0057819999999999955,0.77
17842,238704,NCCST,S,-0.019239000000000006,0.75
17842,238704,NCHSFb,S,-0.04822800000000001,0.79
17842,238790,NCCSC,P,-0.007613999999999996,0.819
17842,238790,NCCMH,P,-0.0051139999999999936,0.708
17842,238790,NCCML,P,0.0014260000000000106,0.952
17842,238790,NCCAL,P,-0.009294999999999998,0.823
17842,238790,NCHSP,P,-0.019838999999999996,0.861
17842,238790,NCJHL,P,-0.019642999999999994,0.766
17842,238790,NCHGS,P,-0.032756999999999994,0.751
17842,238790,NCJEC,P,-0.018960999999999992,0.767
17842,238790,NCHGW,P,-0.017018999999999992,0.884
17842,238790,NCCDV,P,-0.025275999999999993,0.916
17842,238790,NCCMJ,P,-0.007870999999999989,0.729
17842,238790,NCCMP,P,-0.02027799999999999,0.838
17842,238790,NCJBZ,P,-0.028875999999999992,0.786
17842,238790,NCHCA,P,-0.03135399999999999,0.896
17842,238790,NCCMR,P,-0.015257999999999994,0.837
17842,238790,NCCVA,P,-0.011647999999999992,0.764
17842,238790,NCHCR,P,-0.030786999999999995,0.751
17842,238790,NCCST,P,-0.02216599999999999,0.854
17842,238790,NCHPL,P,-0.03574499999999999,0.733
17842,238790,NCJBM,P,-0.019281999999999994,0.794
17842,238790,NCHOR,P,-0.029500999999999993,0.742
17842,238790,NCJSM,P,-0.020923999999999998,0.727
17842,238790,NCHAZ,P,-0.032787,0.708
17842,238790,NCJPPa,P,-0.004677999999999988,0.737
17842,238790,NCHJG,P,-0.035817999999999996,0.704
17842,238790,NCJHP,P,-0.01346499999999999,0.828
17842,238790,NCCLC,P,-0.018186999999999995,0.804
17842,238790,NCHQR,P,-0.01604499999999999,0.771
17842,238790,NCJST,S,-0.012050999999999992,0.77
17842,238790,NCJCB,S,-0.030348999999999994,0.78
17842,238790,NCCML,S,0.0025430000000000036,0.91
17842,238790,NCCAL,S,-0.0004489999999999911,0.72
17842,238790,NCHSP,S,-0.028516999999999994,0.75
17842,238790,NCJSS,S,-0.011070999999999998,0.89
17842,238790,NCHGS,S,-0.035677999999999994,0.81
17842,238790,NCJEC,S,-0.018008999999999997,0.76
17842,238790,NCJLX,S,-0.01181199999999999,0.77
17842,238790,NCCDV,S,-0.022388999999999992,0.9
17842,238790,NCCMP,S,-0.03134699999999999,0.95
17842,238790,NCHCA,S,-0.036684999999999995,0.75
17842,238790,NCCMR,S,-0.013191999999999995,0.82
17842,238790,NCJBC,S,-0.026180999999999996,0.77
17842,238790,NCCVA,S,-0.005953,0.92
17842,238790,NCJPL,S,-0.02284599999999999,0.76
17842,238790,NCCVL,S,-0.007049999999999987,0.86
17842,238790,NCCST,S,-0.02229699999999999,0.76
17842,238790,NCHPL,S,-0.04964099999999999,0.86
17842,238790,NCHJG,S,-0.04137199999999999,0.75
17842,238790,NCHFP,S,-0.030857999999999997,0.72
17842,30062741,NCCML,P,0.002037999999999998,0.905
17842,30062741,NCHSP,P,-0.04078899999999999,0.746
17842,30062741,NCJHL,P,-0.036025,0.718
17842,30062741,NCHGS,P,-0.05060400000000001,0.744
17842,30062741,NCJEC,P,-0.03364800000000001,0.815
17842,30062741,NCCMJ,P,-0.005686999999999998,0.702
17842,30062741,NCCMP,P,-0.032964999999999994,0.783
17842,30062741,NCJBZ,P,-0.04807,0.766
17842,30062741,NCHCR,P,-0.048237,0.805
17842,30062741,NCHCB,P,-0.04280700000000001,0.717
17842,30062741,NCHFE,P,-0.05069799999999999,0.878
17842,30062741,NCHPL,P,-0.05288200000000001,0.733
17842,30062741,NCHOR,P,-0.04689299999999999,0.703
17842,30062741,NCHAZ,P,-0.04927799999999999,0.796
17842,30062741,NCHJG,P,-0.050580000000000014,0.772
17842,30062741,NCBVY,P,-0.039915000000000006,0.724
17842,30062741,NCCAO,S,-0.03748000000000001,0.71
17842,30062741,NCJST,S,-0.028353000000000003,0.74
17842,30062741,NCCML,S,0.008970999999999993,0.84
17842,30062741,NCHSP,S,-0.05249999999999999,0.75
17842,30062741,NCJSS,S,-0.022722000000000006,0.9
17842,30062741,NCHGS,S,-0.05888399999999999,0.82
17842,30062741,NCJEC,S,-0.031434000000000004,0.76
17842,30062741,NCCDV,S,-0.015312000000000006,0.87
17842,30062741,NCCMP,S,-0.03942499999999999,0.97
17842,30062741,NCHCB,S,-0.052717000000000014,0.78
17842,30062741,NCHPL,S,-0.070404,0.84
17842,30062741,NCHAZ,S,-0.06098999999999999,0.71
17842,30062741,NCHJG,S,-0.06070700000000001,0.74
17842,30069222,NCCCOa,P,-0.021235000000000004,0.856
17842,30069222,NCCMH,P,-0.015966999999999995,0.866
17842,30069222,NCCAO,P,-0.016434000000000004,0.726
17842,30069222,NCJST,P,-0.022147,0.933
17842,30069222,NCJCB,P,-0.022962999999999997,0.76
17842,30069222,NCCML,P,-0.0016059999999999963,0.982
17842,30069222,NCCAL,P,-0.01597699999999999,0.858
17842,30069222,NCJAL,P,-0.020364999999999994,0.817
17842,30069222,NCHSP,P,-0.0036129999999999912,0.84
17842,30069222,NCJHL,P,-0.014406000000000002,0.848
17842,30069222,NCHGS,P,-0.01589399999999999,0.878
17842,30069222,NCJEC,P,-0.010661000000000004,0.952
17842,30069222,NCHGW,P,-0.0017080000000000012,0.957
17842,30069222,NCCDV,P,-0.028080999999999995,0.975
17842,30069222,NCCMJ,P,-0.012687999999999991,0.808
17842,30069222,NCJBZ,P,-0.024182999999999996,0.827
17842,30069222,NCJSG,P,-0.008501999999999996,0.713
17842,30069222,NCCMR,P,-0.013288999999999995,0.935
17842,30069222,NCJPL,P,-0.011365,0.875
17842,30069222,NCCVA,P,-0.018104999999999996,0.917
17842,30069222,NCHCR,P,-0.018777000000000002,0.952
17842,30069222,NCJSJ,P,-0.021323999999999996,0.902
17842,30069222,NCHCB,P,-0.016331,0.702
17842,30069222,NCHFE,P,-0.016894999999999993,0.857
17842,30069222,NCCST,P,-0.019423999999999997,0.932
17842,30069222,NCHPL,P,-0.018050999999999998,0.812
17842,30069222,NCJBM,P,-0.019753999999999994,0.907
17842,30069222,NCHOR,P,-0.013002,0.778
17842,30069222,NCHAZ,P,-0.019506999999999997,0.881
17842,30069222,NCJBLb,P,-0.020768999999999996,0.744
17842,30069222,NCHJG,P,-0.019826999999999997,0.946
17842,30069222,NCCLC,P,-0.019785999999999998,0.893
17842,30069222,NCHFP,P,-0.008653999999999995,0.862
17842,30069222,NCBVY,P,-0.007707999999999993,0.834
17842,30069222,NCCCOa,S,-0.02113899999999999,0.82
17842,30069222,NCCMH,S,-0.014339999999999992,0.9
17842,30069222,NCCAO,S,-0.014747999999999997,0.77
17842,30069222,NCCADa,S,-0.01143899999999999,0.84
17842,30069222,NCJST,S,-0.019322999999999993,0.94
17842,30069222,NCJCB,S,-0.018985000000000002,0.95
17842,30069222,NCCML,S,-0.0017179999999999973,0.96
17842,30069222,NCCAL,S,-0.016534999999999994,0.86
17842,30069222,NCJAL,S,-0.015608999999999998,0.87
17842,30069222,NCHSP,S,-0.002475999999999992,0.92
17842,30069222,NCJHL,S,-0.012609999999999996,0.8
17842,30069222,NCJSS,S,-0.011106999999999992,0.94
17842,30069222,NCHGS,S,-0.013077999999999992,0.9
17842,30069222,NCJEC,S,-0.012097999999999998,0.86
17842,30069222,NCJLX,S,-0.016999,0.84
17842,30069222,NCHGW,S,-0.001469999999999999,0.91
17842,30069222,NCCDV,S,-0.027656,0.97
17842,30069222,NCCMJ,S,-0.012757000000000004,0.93
17842,30069222,NCJBZ,S,-0.022446999999999995,0.86
17842,30069222,NCJTG,S,-0.011862999999999999,0.83
17842,30069222,NCCVA,S,-0.015879000000000004,0.95
17842,30069222,NCHCR,S,-0.019371,0.94
17842,30069222,NCHCB,S,-0.016572000000000003,0.86
17842,30069222,NCHFE,S,-0.01596299999999999,0.75
17842,30069222,NCCST,S,-0.015002000000000001,0.85
17842,30069222,NCHPL,S,-0.02148599999999999,0.84
17842,30069222,NCJBM,S,-0.019639000000000004,0.93
17842,30069222,NCHOR,S,-0.012794,0.85
17842,30069222,NCBVY,S,-0.004964999999999997,0.8
17842,30092060,NCCMH,P,-0.010237999999999997,0.834
17842,30092060,NCJST,P,-0.020892999999999995,0.778
17842,30092060,NCCML,P,-0.00447199999999999,0.919
17842,30092060,NCCAL,P,-0.01822399999999999,0.829
17842,30092060,NCHSP,P,-0.017804,0.739
17842,30092060,NCJHL,P,-0.020536,0.805
17842,30092060,NCHGW,P,-0.015581999999999999,0.88
17842,30092060,NCCDV,P,-0.031911999999999996,0.948
17842,30092060,NCHCA,P,-0.029330999999999996,0.899
17842,30092060,NCCVA,P,-0.019495,0.825
17842,30092060,NCHCR,P,-0.029133999999999993,0.753
17842,30092060,NCHFE,P,-0.02914399999999999,0.805
17842,30092060,NCCST,P,-0.028593999999999994,0.888
17842,30092060,NCJBM,P,-0.025484999999999994,0.729
17842,30092060,NCHDLb,P,-0.03358599999999999,0.753
17842,30092060,NCCAO,S,-0.027821,0.76
17842,30092060,NCCADa,S,-0.027025999999999994,0.75
17842,30092060,NCJST,S,-0.01633799999999999,0.82
17842,30092060,NCJCB,S,-0.025139999999999996,0.81
17842,30092060,NCCML,S,-0.0063519999999999965,0.91
17842,30092060,NCCAL,S,-0.013345999999999997,0.79
17842,30092060,NCJAL,S,-0.01573999999999999,0.71
17842,30092060,NCHSP,S,-0.020426999999999987,0.77
17842,30092060,NCJHL,S,-0.020173999999999997,0.71
17842,30092060,NCJSS,S,-0.015157999999999991,0.87
17842,30092060,NCJEC,S,-0.01772499999999999,0.82
17842,30092060,NCJLX,S,-0.018089999999999995,0.8
17842,30092060,NCCDV,S,-0.031677,0.91
17842,30092060,NCCMJ,S,-0.014568999999999999,0.74
17842,30092060,NCJBC,S,-0.031201999999999994,0.76
17842,30092060,NCCVA,S,-0.01732199999999999,0.93
17842,30092060,NCCVL,S,-0.02438599999999999,0.75
17842,30092060,NCCST,S,-0.028335,0.74
17842,30092060,NCHDLb,S,-0.03553999999999999,0.75
17842,30092060,NCHJG,S,-0.037767999999999996,0.73
17842,32049,NCCSC,P,-0.01321,0.805
17842,32049,NCCMH,P,-0.012512999999999996,0.813
17842,32049,NCJST,P,-0.016884999999999997,0.785
17842,32049,NCCML,P,-0.019326999999999997,0.947
17842,32049,NCCAL,P,-0.018781,0.832
17842,32049,NCHSP,P,-0.021929999999999998,0.806
17842,32049,NCCMM,P,-0.02226,0.843
17842,32049,NCJHL,P,-0.016915,0.741
17842,32049,NCHGS,P,-0.02269,0.882
17842,32049,NCJEC,P,-0.016603,0.763
17842,32049,NCJLX,P,-0.020864,0.71
17842,32049,NCHGW,P,-0.022444999999999996,0.915
17842,32049,NCCDV,P,-0.020477999999999996,0.965
17842,32049,NCCMJ,P,-0.019340999999999997,0.768
17842,32049,NCJBZ,P,-0.017119999999999996,0.714
17842,32049,NCCMR,P,-0.021879,0.901
17842,32049,NCHPR,P,-0.019483,0.74
17842,32049,NCJPL,P,-0.019639999999999998,0.751
17842,32049,NCHCR,P,-0.021773999999999998,0.74
17842,32049,NCCMN,P,-0.020191,0.804
17842,32049,NCHFE,P,-0.021041999999999998,0.839
17842,32049,NCCST,P,-0.023651999999999996,0.863
17842,32049,NCHPL,P,-0.028324,0.759
17842,32049,NCJBM,P,-0.021093,0.826
17842,32049,NCHKR,P,-0.019975,0.797
17842,32049,NCJPPa,P,-0.021842999999999998,0.87
17842,32049,NCHDLb,P,-0.024047,0.814
17842,32049,NCHSFb,P,-0.022872999999999998,0.758
17842,32049,NCCLC,P,-0.021226999999999996,0.772
17842,32049,NCHFP,P,-0.027641,0.733
17842,32049,NCBVY,P,-0.023278999999999998,0.739
17842,32049,NCHQR,P,-0.022885999999999997,0.715
17842,32049,NCCMH,S,-0.019767,0.75
17842,32049,NCCAO,S,-0.023684999999999998,0.78
17842,32049,NCJST,S,-0.013073999999999995,0.87
17842,32049,NCJCB,S,-0.016024999999999998,0.84
17842,32049,NCCML,S,-0.021859999999999997,0.89
17842,32049,NCCAL,S,-0.017485,0.78
17842,32049,NCJAL,S,-0.013656999999999996,0.77
17842,32049,NCHSP,S,-0.022798,0.75
17842,32049,NCCMM,S,-0.029338999999999997,0.89
17842,32049,NCJHL,S,-0.019236999999999997,0.71
17842,32049,NCHGS,S,-0.021806999999999997,0.86
17842,32049,NCJEC,S,-0.017256,0.73
17842,32049,NCJLX,S,-0.022088999999999998,0.71
17842,32049,NCCDV,S,-0.023261999999999998,0.92
17842,32049,NCCMJ,S,-0.020409999999999998,0.75
17842,32049,NCHCA,S,-0.023004999999999998,0.84
17842,32049,NCJSG,S,-0.019334999999999998,0.71
17842,32049,NCCMR,S,-0.027899999999999998,0.82
17842,32049,NCJBC,S,-0.021877999999999998,0.85
17842,32049,NCCVA,S,-0.020626,0.95
17842,32049,NCHCR,S,-0.032601,0.71
17842,32049,NCCMN,S,-0.030424999999999997,0.75
17842,32049,NCCST,S,-0.027726999999999998,0.78
17842,32049,NCHPL,S,-0.03714099999999999,0.85
17842,32049,NCHKR,S,-0.021047999999999997,0.83
17842,32049,NCHDLb,S,-0.025941999999999996,0.73
17842,32049,NCBVY,S,-0.029269999999999997,0.75
17842,389286,NCCMH,P,-0.019617,0.854
17842,389286,NCJST,P,-0.020097999999999998,0.839
17842,389286,NCHSP,P,-0.017408,0.733
17842,389286,NCJHL,P,-0.02062,0.824
17842,389286,NCJSS,P,-0.021261,0.702
17842,389286,NCHGS,P,-0.029899,0.88
17842,389286,NCJEC,P,-0.017879,0.782
17842,389286,NCHGW,P,-0.012761,0.894
17842,389286,NCCDV,P,-0.038251,0.956
17842,389286,NCCMR,P,-0.026876,0.88
17842,389286,NCCVA,P,-0.025641,0.73
17842,389286,NCHCR,P,-0.029516,0.748
17842,389286,NCHFE,P,-0.026521,0.777
17842,389286,NCCST,P,-0.031588,0.878
17842,389286,NCHPL,P,-0.032218,0.744
17842,389286,NCJBM,P,-0.029257,0.794
17842,389286,NCHAZ,P,-0.031255,0.812
17842,389286,NCHDLb,P,-0.033148,0.839
17842,389286,NCHFP,P,-0.023481,0.708
17842,389286,NCCMH,S,-0.026185,0.73
17842,389286,NCCAO,S,-0.029428,0.78
17842,389286,NCJST,S,-0.016427999999999998,0.84
17842,389286,NCJCB,S,-0.027243,0.81
17842,389286,NCHSP,S,-0.01734,0.75
17842,389286,NCJHL,S,-0.020655,0.71
17842,389286,NCJSS,S,-0.018494999999999998,0.85
17842,389286,NCHGS,S,-0.028083,0.86
17842,389286,NCJEC,S,-0.018168,0.82
17842,389286,NCJLX,S,-0.022531,0.79
17842,389286,NCCDV,S,-0.040425,0.93
17842,389286,NCCMJ,S,-0.023722,0.72
17842,389286,NCCVA,S,-0.021981,0.89
17842,389286,NCHCB,S,-0.036138,0.76
17842,389286,NCHPL,S,-0.040976,0.83
17842,42555,NCCCOa,P,-0.017077000000000002,0.753
17842,42555,NCCSC,P,-0.017809000000000005,0.934
17842,42555,NCCAO,P,-0.017399000000000005,0.829
17842,42555,NCCADa,P,-0.016001,0.84
17842,42555,NCJST,P,-0.016997000000000005,0.905
17842,42555,NCJCB,P,-0.016780000000000003,0.859
17842,42555,NCCML,P,-0.016380000000000006,0.845
17842,42555,NCCAL,P,-0.017973000000000003,0.915
17842,42555,NCJAL,P,-0.018300000000000004,0.893
17842,42555,NCHSP,P,-0.015939000000000002,0.798
17842,42555,NCCMM,P,-0.017412000000000004,0.899
17842,42555,NCJHL,P,-0.016883000000000002,0.9
17842,42555,NCHGS,P,-0.017121000000000004,0.939
17842,42555,NCJEC,P,-0.013889000000000006,0.834
17842,42555,NCHGW,P,-0.016532000000000005,0.956
17842,42555,NCCDV,P,-0.017049,0.972
17842,42555,NCCMJ,P,-0.017248,0.928
17842,42555,NCCMP,P,-0.016839,0.832
17842,42555,NCHCA,P,-0.014164000000000003,0.895
17842,42555,NCJSG,P,-0.020609000000000002,0.733
17842,42555,NCCMR,P,-0.016682000000000002,0.908
17842,42555,NCCVA,P,-0.016352000000000005,0.884
17842,42555,NCHCR,P,-0.018235,0.876
17842,42555,NCCMN,P,-0.018760000000000006,0.861
17842,42555,NCCVL,P,-0.018153000000000002,0.873
17842,42555,NCCST,P,-0.017663000000000005,0.93
17842,42555,NCJBM,P,-0.017983,0.937
17842,42555,NCHAZ,P,-0.017814000000000003,0.797
17842,42555,NCCPL,P,-0.018661000000000004,0.806
17842,42555,NCHFH,P,-0.016895,0.765
17842,42555,NCHKR,P,-0.011770000000000003,0.923
17842,42555,NCHBT,P,-0.017601000000000006,0.761
17842,42555,NCHDLb,P,-0.016928000000000006,0.891
17842,42555,NCJHP,P,-0.017408,0.821
17842,42555,NCCLC,P,-0.016232000000000003,0.869
17842,42555,NCHFP,P,-0.017208,0.781
17842,42555,NCHQR,P,-0.015987,0.833
17842,42555,NCCCOa,S,-0.016469000000000004,0.74
17842,42555,NCCSC,S,-0.017417000000000002,0.92
17842,42555,NCCAO,S,-0.01643,0.85
17842,42555,NCCADa,S,-0.014304000000000004,0.9
17842,42555,NCJST,S,-0.015215,0.93
17842,42555,NCJCB,S,-0.013360000000000004,0.92
17842,42555,NCCML,S,-0.013541000000000004,0.73
17842,42555,NCCAL,S,-0.017704000000000004,0.93
17842,42555,NCJAL,S,-0.016566000000000004,0.94
17842,42555,NCHSP,S,-0.013714000000000004,0.88
17842,42555,NCCMM,S,-0.017108000000000005,0.88
17842,42555,NCJHL,S,-0.016341,0.86
17842,42555,NCJSS,S,-0.015904,0.93
17842,42555,NCHGS,S,-0.015444,0.9
17842,42555,NCJEC,S,-0.013879000000000002,0.89
17842,42555,NCHGW,S,-0.016899000000000004,0.92
17842,42555,NCCDV,S,-0.017631,0.98
17842,42555,NCCMJ,S,-0.017142000000000004,0.94
17842,42555,NCCMP,S,-0.017015000000000002,0.97
17842,42555,NCJBZ,S,-0.015959,0.73
17842,42555,NCHCA,S,-0.012596000000000003,0.9
17842,42555,NCJSG,S,-0.018248,0.74
17842,42555,NCJBC,S,-0.017346,0.86
17842,42555,NCCVA,S,-0.015833,0.93
17842,42555,NCCMN,S,-0.016005000000000005,0.86
17842,42555,NCCVL,S,-0.018506,0.81
17842,42555,NCJBM,S,-0.017657,0.91
17842,42555,NCCPL,S,-0.017551000000000004,0.89
17842,42555,NCHFH,S,-0.014984000000000004,0.86
17842,42555,NCJLT,S,-0.012672000000000003,0.83
17842,42555,NCHKR,S,-0.009777000000000001,0.89
17842,42555,NCHDLb,S,-0.016567000000000005,0.79
17842,42555,NCCLC,S,-0.016085000000000002,0.79
17842,42555,NCHFP,S,-0.014752000000000001,0.71
17842,42559,NCCSC,P,-0.009641999999999998,0.833
17842,42559,NCCML,P,-0.0073710000000000025,0.915
17842,42559,NCCAL,P,-0.0037900000000000017,0.706
17842,42559,NCCMM,P,-0.020293,0.839
17842,42559,NCJHL,P,-0.029962000000000003,0.726
17842,42559,NCHGS,P,-0.043878,0.769
17842,42559,NCJEC,P,-0.031512,0.786
17842,42559,NCHGW,P,-0.041316,0.927
17842,42559,NCCDV,P,-0.006673999999999999,0.925
17842,42559,NCCMJ,P,-0.0022780000000000022,0.825
17842,42559,NCCMP,P,-0.033391000000000004,0.732
17842,42559,NCHCA,P,-0.041706,0.873
17842,42559,NCCMR,P,-0.00913,0.931
17842,42559,NCCVA,P,-0.0027309999999999973,0.839
17842,42559,NCJPL,P,-0.030944,0.714
17842,42559,NCCMN,P,-0.007148000000000002,0.858
17842,42559,NCCVL,P,-0.0055660000000000015,0.801
17842,42559,NCCST,P,-0.017437999999999995,0.851
17842,42559,NCJBM,P,-0.011994000000000005,0.828
17842,42559,NCHKR,P,-0.04085,0.887
17842,42559,NCHDLb,P,-0.039831,0.836
17842,42559,NCHSFb,P,-0.042133000000000004,0.876
17842,42559,NCJHP,P,-0.010169999999999998,0.898
17842,42559,NCBVY,P,-0.031575,0.805
17842,42559,NCHQR,P,-0.033104,0.799
17842,42559,NCCAO,S,-0.028702,0.75
17842,42559,NCJST,S,-0.017613000000000004,0.8
17842,42559,NCJCB,S,-0.039479,0.73
17842,42559,NCCML,S,0.004039000000000001,0.81
17842,42559,NCCAL,S,0.011028999999999997,0.76
17842,42559,NCJAL,S,-0.022447,0.83
17842,42559,NCCMM,S,-0.019435,0.9
17842,42559,NCJSS,S,-0.019003,0.9
17842,42559,NCHGS,S,-0.052701,0.74
17842,42559,NCJEC,S,-0.030736,0.76
17842,42559,NCCDV,S,0.0031889999999999974,0.9
17842,42559,NCCMP,S,-0.041664,0.96
17842,42559,NCHCA,S,-0.048957,0.76
17842,42559,NCJBC,S,-0.008584999999999995,0.84
17842,42559,NCCVA,S,0.018046999999999994,0.94
17842,42559,NCCMN,S,0.011263999999999996,0.87
17842,42559,NCCVL,S,0.014779,0.79
17842,42559,NCJLT,S,0.0010880000000000056,0.71
17842,42559,NCHKR,S,-0.041443,0.77
17842,42643,NCCSC,P,-0.010890999999999998,0.854
17842,42643,NCCML,P,-0.016005000000000005,0.755
17842,42643,NCCAL,P,-0.013607999999999995,0.781
17842,42643,NCHSP,P,-0.030062000000000005,0.841
17842,42643,NCCMM,P,-0.023350999999999997,0.796
17842,42643,NCJHL,P,-0.022656999999999997,0.746
17842,42643,NCHGS,P,-0.032814,0.865
17842,42643,NCJEC,P,-0.023895,0.746
17842,42643,NCHGW,P,-0.030924999999999994,0.913
17842,42643,NCCDV,P,-0.015407000000000004,0.915
17842,42643,NCCMJ,P,-0.013196,0.763
17842,42643,NCCMP,P,-0.029302999999999996,0.848
17842,42643,NCJBZ,P,-0.023845000000000005,0.717
17842,42643,NCHCA,P,-0.030590999999999993,0.878
17842,42643,NCJSG,P,-0.019410999999999998,0.754
17842,42643,NCCMR,P,-0.018671999999999994,0.894
17842,42643,NCCVA,P,-0.013724,0.8
17842,42643,NCHCR,P,-0.031233999999999998,0.764
17842,42643,NCCMN,P,-0.018382999999999997,0.815
17842,42643,NCCVL,P,-0.015617000000000006,0.722
17842,42643,NCCST,P,-0.022657999999999998,0.816
17842,42643,NCJBM,P,-0.018178,0.777
17842,42643,NCHOR,P,-0.032381999999999994,0.802
17842,42643,NCHAZ,P,-0.031007000000000007,0.831
17842,42643,NCHFH,P,-0.032984,0.71
17842,42643,NCHKR,P,-0.030382000000000006,0.929
17842,42643,NCHDLb,P,-0.031247999999999998,0.89
17842,42643,NCHSFb,P,-0.031283000000000005,0.743
17842,42643,NCJHP,P,-0.017653000000000002,0.84
17842,42643,NCCLC,P,-0.017609,0.748
17842,42643,NCHFP,P,-0.032961,0.744
17842,42643,NCBSL,P,-0.031754000000000004,0.716
17842,42643,NCBVY,P,-0.031306,0.768
17842,42643,NCHQR,P,-0.031423000000000006,0.865
17842,42643,NCCAO,S,-0.026369000000000004,0.73
17842,42643,NCJST,S,-0.016016000000000002,0.74
17842,42643,NCJCB,S,-0.025706000000000007,0.73
17842,42643,NCCML,S,-0.015773999999999996,0.87
17842,42643,NCCAL,S,-0.005932999999999994,0.76
17842,42643,NCJAL,S,-0.019123,0.82
17842,42643,NCHSP,S,-0.038827,0.72
17842,42643,NCCMM,S,-0.026820999999999998,0.89
17842,42643,NCJSS,S,-0.019084000000000004,0.9
17842,42643,NCHGS,S,-0.03671,0.87
17842,42643,NCJEC,S,-0.023000000000000007,0.79
17842,42643,NCHGW,S,-0.038584,0.73
17842,42643,NCCDV,S,-0.014542,0.9
17842,42643,NCCMP,S,-0.038084,0.96
17842,42643,NCHCA,S,-0.03589,0.82
17842,42643,NCJBC,S,-0.022136000000000003,0.87
17842,42643,NCHPR,S,-0.032688,0.75
17842,42643,NCCVA,S,-0.011895000000000003,0.94
17842,42643,NCCMN,S,-0.014896000000000006,0.83
17842,42643,NCCVL,S,-0.018393999999999994,0.84
17842,42643,NCJBM,S,-0.021920999999999996,0.76
17842,42643,NCHFH,S,-0.038539,0.87
17842,42643,NCHKR,S,-0.034403,0.83
17842,42643,NCHSFb,S,-0.028176999999999994,0.76
17842,478138,NCCML,P,0.025112999999999996,0.884
17842,478138,NCCDV,P,-0.0012730000000000102,0.921
17842,478138,NCCMJ,P,0.017840999999999996,0.745
17842,478138,NCHCA,P,-0.023774000000000003,0.862
17842,478138,NCCMR,P,0.0011029999999999929,0.887
17842,478138,NCCVA,P,0.013862,0.759
17842,478138,NCHCR,P,-0.020163,0.756
17842,478138,NCHCB,P,-0.02103300000000001,0.789
17842,478138,NCCVL,P,0.01666999999999999,0.749
17842,478138,NCHFE,P,-0.022217,0.864
17842,478138,NCJBM,P,0.0027349999999999874,0.791
17842,478138,NCJST,S,0.002123,0.77
17842,478138,NCCML,S,0.034734,0.84
17842,478138,NCCAL,S,0.02924299999999999,0.78
17842,478138,NCJAL,S,-0.0008750000000000008,0.83
17842,478138,NCJLX,S,0.009048,0.83
17842,478138,NCCDV,S,0.010099999999999998,0.92
17842,478138,NCCMR,S,0.010194999999999996,0.79
17842,478138,NCJBC,S,-0.002467000000000011,0.79
17842,478138,NCCVA,S,0.026374999999999996,0.93
17842,478138,NCHCB,S,-0.033624,0.74
17842,478138,NCCVL,S,0.02058199999999999,0.82
17842,529274,NCJST,P,-0.006997000000000003,0.801
17842,529274,NCCML,P,0.008472999999999994,0.953
17842,529274,NCCAL,P,-0.002347000000000002,0.8
17842,529274,NCJEC,P,0.0006560000000000038,0.784
17842,529274,NCCDV,P,-0.018792000000000003,0.956
17842,529274,NCCMP,P,-0.008486999999999995,0.787
17842,529274,NCJBZ,P,-0.012722999999999998,0.779
17842,529274,NCHCA,P,-0.014072000000000001,0.784
17842,529274,NCCVA,P,-0.005715999999999999,0.718
17842,529274,NCHCB,P,-0.015348,0.794
17842,529274,NCCST,P,-0.016339000000000006,0.807
17842,529274,NCJBM,P,-0.010593000000000005,0.781
17842,529274,NCJHP,P,-0.007652000000000006,0.89
17842,529274,NCHFP,P,-0.010367000000000001,0.771
17842,529274,NCCADa,S,-0.018073000000000006,0.76
17842,529274,NCJST,S,0.0012540000000000051,0.86
17842,529274,NCCML,S,0.007487999999999995,0.91
17842,529274,NCCAL,S,0.003608,0.76
17842,529274,NCJAL,S,0.0006599999999999939,0.74
17842,529274,NCHSP,S,-0.009717000000000003,0.77
17842,529274,NCJSS,S,0.0008630000000000027,0.89
17842,529274,NCJEC,S,-0.0005769999999999942,0.82
17842,529274,NCJLX,S,-0.003814999999999999,0.75
17842,529274,NCCDV,S,-0.017984,0.91
17842,529274,NCHCA,S,-0.015996999999999997,0.72
17842,529274,NCJBC,S,-0.011464000000000002,0.78
17842,529274,NCCVA,S,-0.004473000000000005,0.89
17842,529274,NCHCB,S,-0.021574999999999997,0.74
17842,54084,NCCSC,P,-0.012310999999999999,0.749
17842,54084,NCJST,P,-0.023995000000000002,0.706
17842,54084,NCHGS,P,-0.049078,0.8
17842,54084,NCJEC,P,-0.019739,0.756
17842,54084,NCHGW,P,-0.044296,0.907
17842,54084,NCCDV,P,-0.008494000000000002,0.939
17842,54084,NCJBZ,P,-0.039696,0.761
17842,54084,NCCMR,P,-0.010576000000000002,0.899
17842,54084,NCCVA,P,-0.004168999999999999,0.755
17842,54084,NCCST,P,-0.01978,0.864
17842,54084,NCHPL,P,-0.050121,0.712
17842,54084,NCJBM,P,-0.015737,0.726
17842,54084,NCHDLb,P,-0.04188,0.789
17842,54084,NCCAO,S,-0.031312,0.74
17842,54084,NCCADa,S,-0.070897,0.71
17842,54084,NCJST,S,-0.018672,0.89
17842,54084,NCJCB,S,-0.040214,0.75
17842,54084,NCCAL,S,0.012495999999999997,0.73
17842,54084,NCHGS,S,-0.059143,0.78
17842,54084,NCJLX,S,-0.011014,0.84
17842,54084,NCCDV,S,0.001240999999999999,0.92
17842,54084,NCCMR,S,-0.00044600000000000195,0.76
17842,54084,NCCVA,S,0.007913,0.92
17842,62514,NCCSC,P,-0.011245999999999999,0.871
17842,62514,NCCMH,P,-0.011621,0.842
17842,62514,NCJST,P,-0.013699,0.777
17842,62514,NCCAL,P,-0.016640999999999996,0.741
17842,62514,NCHSP,P,-0.019447,0.856
17842,62514,NCJHL,P,-0.012436999999999997,0.789
17842,62514,NCJEC,P,-0.0013889999999999944,0.843
17842,62514,NCHGW,P,-0.022698999999999997,0.909
17842,62514,NCCMP,P,-0.021398999999999998,0.83
17842,62514,NCHCA,P,-0.021398999999999998,0.877
17842,62514,NCJSG,P,-0.020720999999999996,0.719
17842,62514,NCCMR,P,-0.020631999999999998,0.922
17842,62514,NCCVA,P,-0.018002999999999998,0.843
17842,62514,NCHCR,P,-0.020773999999999997,0.753
17842,62514,NCJSJ,P,-0.022319999999999996,0.717
17842,62514,NCHFE,P,-0.027373999999999996,0.776
17842,62514,NCJBM,P,-0.020416999999999998,0.863
17842,62514,NCJSM,P,-0.020942,0.702
17842,62514,NCJSFa,P,-0.020021999999999998,0.708
17842,62514,NCJBLb,P,-0.018843999999999996,0.768
17842,62514,NCJPPa,P,-0.003472999999999997,0.801
17842,62514,NCHDLb,P,-0.022695999999999997,0.866
17842,62514,NCJHP,P,-0.019680999999999997,0.926
17842,62514,NCCLC,P,-0.018881999999999996,0.746
17842,62514,NCHFP,P,-0.026858999999999997,0.718
17842,62514,NCBVY,P,-0.022274999999999996,0.77
17842,62514,NCHQR,P,-0.022541,0.728
17842,62514,NCCMH,S,-0.019507999999999998,0.76
17842,62514,NCCAO,S,-0.021190999999999998,0.87
17842,62514,NCJST,S,-0.012264999999999998,0.9
17842,62514,NCJCB,S,-0.015971,0.83
17842,62514,NCCAL,S,-0.015634999999999996,0.76
17842,62514,NCJAL,S,-0.011461999999999996,0.75
17842,62514,NCHSP,S,-0.01986,0.75
17842,62514,NCJSS,S,-0.015804,0.91
17842,62514,NCJEC,S,-0.0011079999999999979,0.8
17842,62514,NCJLX,S,-0.018664999999999998,0.78
17842,62514,NCCDV,S,-0.023606999999999996,0.91
17842,62514,NCCMJ,S,-0.018906999999999997,0.76
17842,62514,NCCMP,S,-0.029878999999999996,0.96
17842,62514,NCHCA,S,-0.022902,0.72
17842,62514,NCCMR,S,-0.026924999999999998,0.84
17842,62514,NCJBC,S,-0.020118999999999998,0.86
17842,62514,NCJUC,S,-0.017581999999999997,0.75
17842,62514,NCJLT,S,-0.016252999999999997,0.71
17842,62514,NCHFH,S,-0.030507999999999997,0.77
17842,62520,NCCCOa,P,-0.013167000000000002,0.71
17842,62520,NCCSC,P,-0.012301999999999997,0.911
17842,62520,NCCMH,P,-0.012201,0.936
17842,62520,NCCAO,P,-0.011047000000000001,0.882
17842,62520,NCCADa,P,-0.030032,0.944
17842,62520,NCJST,P,-0.011549,0.956
17842,62520,NCJCB,P,-0.012913999999999998,0.779
17842,62520,NCCAL,P,-0.011084,0.918
17842,62520,NCJAL,P,-0.010549,0.892
17842,62520,NCHSP,P,-0.010568000000000001,0.962
17842,62520,NCJHL,P,-0.010196,0.979
17842,62520,NCJSS,P,-0.012065999999999997,0.833
17842,62520,NCJLX,P,-0.011028,0.917
17842,62520,NCHGW,P,-0.015552,0.934
17842,62520,NCCMJ,P,-0.011447999999999996,0.929
17842,62520,NCCMP,P,-0.011356000000000002,0.821
17842,62520,NCJBZ,P,-0.018517999999999996,0.82
17842,62520,NCJSG,P,-0.016393,0.772
17842,62520,NCCMR,P,-0.011217999999999999,0.944
17842,62520,NCHPR,P,-0.016222999999999998,0.711
17842,62520,NCCVA,P,-0.010849999999999999,0.909
17842,62520,NCJSJ,P,-0.016659999999999998,0.788
17842,62520,NCHCR,P,-0.012934999999999999,0.83
17842,62520,NCHFE,P,-0.020222,0.903
17842,62520,NCHPL,P,-0.016804999999999997,0.77
17842,62520,NCJBM,P,-0.013198999999999999,0.863
17842,62520,NCHOR,P,-0.011751000000000001,0.72
17842,62520,NCJSM,P,-0.012759999999999997,0.707
17842,62520,NCJBLb,P,-0.011365999999999998,0.779
17842,62520,NCHFH,P,-0.013320000000000002,0.785
17842,62520,NCJPPa,P,0.003786000000000001,0.768
17842,62520,NCHJG,P,-0.015541000000000003,0.778
17842,62520,NCJHP,P,-0.011661000000000001,0.917
17842,62520,NCCLC,P,-0.009978999999999998,0.815
17842,62520,NCBVY,P,-0.012632,0.82
17842,62520,NCHQR,P,-0.011522000000000001,0.739
17842,62520,NCCCOa,S,-0.012043000000000002,0.73
17842,62520,NCCSC,S,-0.011748999999999999,0.94
17842,62520,NCCMH,S,-0.012334000000000001,0.95
17842,62520,NCCAO,S,-0.011407999999999998,0.92
17842,62520,NCCADa,S,-0.028904999999999997,0.96
17842,62520,NCJST,S,-0.010837,0.98
17842,62520,NCJCB,S,-0.010658999999999998,0.93
17842,62520,NCCAL,S,-0.010408,0.87
17842,62520,NCJAL,S,-0.009405,0.96
17842,62520,NCHSP,S,-0.009343999999999998,0.95
17842,62520,NCJHL,S,-0.008849,0.94
17842,62520,NCJLX,S,-0.009312,0.95
17842,62520,NCHGW,S,-0.015465999999999997,0.87
17842,62520,NCCDV,S,-0.013506,0.96
17842,62520,NCCMJ,S,-0.011151999999999999,0.93
17842,62520,NCCMP,S,-0.012272000000000002,0.96
17842,62520,NCJBZ,S,-0.019010999999999997,0.87
17842,62520,NCHCA,S,-0.011746000000000003,0.93
17842,62520,NCJSG,S,-0.012861000000000001,0.83
17842,62520,NCCMR,S,-0.010549,0.97
17842,62520,NCJBC,S,-0.010162999999999998,0.96
17842,62520,NCHPR,S,-0.013161000000000003,0.77
17842,62520,NCCVA,S,-0.010145999999999999,0.97
17842,62520,NCHCR,S,-0.013647999999999997,0.85
17842,62520,NCHCB,S,-0.009447999999999998,0.83
17842,62520,NCHFE,S,-0.018937,0.8
17842,62520,NCHPL,S,-0.024513999999999998,0.77
17842,62520,NCJBM,S,-0.012546999999999999,0.76
17842,62520,NCJUC,S,-0.008289000000000001,0.89
17842,62520,NCCPL,S,-0.011622999999999998,0.88
17842,62520,NCJLT,S,-0.008386000000000001,0.78
17842,62520,NCHFH,S,-0.010022,0.76
17842,62520,NCJPPa,S,0.001399000000000001,0.81
17842,62520,NCHJG,S,-0.013265999999999997,0.8
17842,62520,NCBVY,S,-0.010775,0.74
17842,77218,NCCSC,P,-0.003502999999999999,0.715
17842,77218,NCCML,P,-0.002121999999999999,0.923
17842,77218,NCCAL,P,0.0009279999999999983,0.745
17842,77218,NCJEC,P,-0.013117,0.799
17842,77218,NCCDV,P,-0.005248999999999997,0.913
17842,77218,NCCMP,P,-0.027718,0.738
17842,77218,NCJBZ,P,-0.031076,0.706
17842,77218,NCJTG,P,-0.022482,0.709
17842,77218,NCHPR,P,-0.032059,0.805
17842,77218,NCJSJ,P,-0.009853,0.723
17842,77218,NCHCR,P,-0.037711,0.773
17842,77218,NCCMN,P,-0.0023129999999999956,0.866
17842,77218,NCHFE,P,-0.045498,0.809
17842,77218,NCCST,P,-0.026958,0.853
17842,77218,NCHOR,P,-0.04054,0.701
17842,77218,NCHAZ,P,-0.039133,0.812
17842,77218,NCHSFb,P,-0.038634,0.901
17842,77218,NCJHP,P,-0.0032060000000000005,0.83
17842,77218,NCBVY,P,-0.036920999999999995,0.721
17842,77218,NCCAO,S,-0.02318,0.72
17842,77218,NCCADa,S,-0.067298,0.71
17842,77218,NCJST,S,-0.011404999999999998,0.8
17842,77218,NCJCB,S,-0.036704,0.74
17842,77218,NCCML,S,0.006636000000000003,0.85
17842,77218,NCCAL,S,0.017421,0.74
17842,77218,NCJSS,S,-0.013613999999999998,0.9
17842,77218,NCJEC,S,-0.015054999999999999,0.77
17842,77218,NCJLX,S,-0.006136999999999997,0.72
17842,77218,NCCDV,S,0.004810000000000002,0.88
17842,77218,NCCMP,S,-0.035383,0.94
17842,77218,NCJBC,S,-0.013835999999999998,0.85
17842,77218,NCHPR,S,-0.042596999999999996,0.72
17842,77218,NCCMN,S,0.004411999999999999,0.82
17842,77218,NCCST,S,-0.021547999999999998,0.73
17842,77218,NCJLT,S,-0.0021650000000000003,0.76
17842,77218,NCHFH,S,-0.05151,0.72
17842,77218,NCHSFb,S,-0.039219,0.75
215747,238704,NCCMH,P,8.600000000000274e-05,0.71
215747,238704,NCCADa,P,-0.033017,0.838
215747,238704,NCJCB,P,-0.030522999999999998,0.849
215747,238704,NCCML,P,-0.0036399999999999974,0.926
215747,238704,NCCAL,P,-0.0014209999999999987,0.776
215747,238704,NCJRR,P,-0.030004999999999997,0.82
215747,238704,NCHGS,P,-0.035005999999999995,0.817
215747,238704,NCJEC,P,-0.03078,0.8
215747,238704,NCHGW,P,-0.035227999999999995,0.908
215747,238704,NCCDV,P,-0.002578999999999998,0.947
215747,238704,NCCMJ,P,-0.00028199999999999753,0.869
215747,238704,NCCMP,P,-0.025259999999999998,0.804
215747,238704,NCJBZ,P,-0.026482,0.849
215747,238704,NCHCA,P,-0.036581999999999996,0.913
215747,238704,NCCMR,P,-0.003715999999999997,0.881
215747,238704,NCJTG,P,-0.025313,0.799
215747,238704,NCJBC,P,-0.009243999999999999,0.789
215747,238704,NCCVA,P,0.0006870000000000001,0.887
215747,238704,NCJPL,P,-0.027232,0.819
215747,238704,NCHCR,P,-0.035089999999999996,0.815
215747,238704,NCCMN,P,-0.0017049999999999982,0.837
215747,238704,NCJRG,P,-0.025556,0.753
215747,238704,NCJSC,P,-0.006630999999999998,0.778
215747,238704,NCCST,P,-0.010061999999999998,0.942
215747,238704,NCHPL,P,-0.031899,0.899
215747,238704,NCJBM,P,-0.006637999999999998,0.828
215747,238704,NCJSFa,P,-0.007268999999999998,0.728
215747,238704,NCCCY,P,-0.000896999999999995,0.794
215747,238704,NCJBLb,P,-0.008863,0.851
215747,238704,NCJPPa,P,-0.008842,0.908
215747,238704,NCHSFb,P,-0.032962,0.85
215747,238704,NCHJG,P,-0.032966999999999996,0.826
215747,238704,NCJHP,P,-0.006490999999999997,0.876
215747,238704,NCCMO,P,0.001469000000000005,0.922
215747,238704,NCHFP,P,-0.033301,0.706
215747,238704,NCBVY,P,-0.032454,0.824
215747,238704,NCHQR,P,-0.037649999999999996,0.76
215747,238704,NCCAO,S,-0.021851,0.83
215747,238704,NCCADa,S,-0.051219,0.81
215747,238704,NCJST,S,-0.021203,0.8
215747,238704,NCJCB,S,-0.041351,0.85
215747,238704,NCCML,S,0.010120000000000004,0.91
215747,238704,NCCAL,S,0.010709000000000003,0.85
215747,238704,NCJAL,S,-0.019860999999999997,0.79
215747,238704,NCJHL,S,-0.02106,0.72
215747,238704,NCHGS,S,-0.042779,0.8
215747,238704,NCJEC,S,-0.029855999999999997,0.8
215747,238704,NCJLX,S,-0.006373999999999998,0.84
215747,238704,NCCDV,S,0.008488000000000002,0.92
215747,238704,NCCMP,S,-0.026154999999999998,0.96
215747,238704,NCCMR,S,0.013123000000000003,0.83
215747,238704,NCJTG,S,-0.019414,0.73
215747,238704,NCJBC,S,-0.001578999999999997,0.84
215747,238704,NCCVA,S,0.013604999999999999,0.93
215747,238704,NCCMN,S,0.004098000000000004,0.82
215747,238704,NCHCB,S,-0.031963,0.79
215747,238704,NCCST,S,-0.0029949999999999977,0.79
215747,238704,NCHPL,S,-0.046897999999999995,0.76
215747,238704,NCJSM,S,-0.007577999999999998,0.77
215747,238704,NCCCY,S,0.014359000000000004,0.86
215747,238704,NCHSFb,S,-0.042678999999999995,0.79
215747,238790,NCCCOa,P,-0.01734,0.732
215747,238790,NCCMH,P,-0.0023880000000000012,0.883
215747,238790,NCCADa,P,-0.012400000000000001,0.927
215747,238790,NCJST,P,-0.010180999999999996,0.89
215747,238790,NCJCB,P,-0.012602999999999996,0.882
215747,238790,NCCML,P,-0.0025149999999999964,0.965
215747,238790,NCCAL,P,-0.003006999999999996,0.893
215747,238790,NCJAL,P,-0.007336000000000002,0.727
215747,238790,NCHSP,P,-0.016120999999999996,0.748
215747,238790,NCJHL,P,-0.010325,0.916
215747,238790,NCJRR,P,-0.012290999999999996,0.908
215747,238790,NCHGS,P,-0.015975999999999997,0.888
215747,238790,NCJEC,P,-0.01233,0.866
215747,238790,NCJLX,P,-0.007612000000000001,0.901
215747,238790,NCHGW,P,-0.015781999999999997,0.947
215747,238790,NCCDV,P,-0.0025099999999999983,0.977
215747,238790,NCCMJ,P,-0.002253999999999999,0.916
215747,238790,NCCMP,P,-0.010187999999999996,0.955
215747,238790,NCJBZ,P,-0.008939999999999997,0.948
215747,238790,NCHCA,P,-0.016195,0.935
215747,238790,NCCMR,P,-0.004014999999999998,0.901
215747,238790,NCJTG,P,-0.008802999999999998,0.961
215747,238790,NCJBC,P,-0.0005430000000000018,0.886
215747,238790,NCCVA,P,-0.0013740000000000002,0.933
215747,238790,NCHCR,P,-0.014737,0.892
215747,238790,NCJRG,P,-0.011610999999999996,0.831
215747,238790,NCJSC,P,-0.002381000000000001,0.822
215747,238790,NCCST,P,-0.0069190000000000015,0.947
215747,238790,NCHPL,P,-0.013704000000000001,0.903
215747,238790,NCJBM,P,-0.002597000000000002,0.899
215747,238790,NCJSM,P,-0.0023110000000000006,0.784
215747,238790,NCHAZ,P,-0.012849,0.762
215747,238790,NCJUC,P,-0.009468999999999998,0.791
215747,238790,NCJSFa,P,-0.006314,0.793
215747,238790,NCCCY,P,-0.0031879999999999964,0.855
215747,238790,NCJPPa,P,-0.004088999999999995,0.861
215747,238790,NCHJG,P,-0.013708999999999999,0.859
215747,238790,NCJHP,P,-0.0055580000000000004,0.865
215747,238790,NCCMO,P,-0.00034,0.946
215747,238790,NCJPS,P,-0.0074709999999999985,0.716
215747,238790,NCCLC,P,-0.0032979999999999954,0.766
215747,238790,NCHFP,P,-0.014195,0.856
215747,238790,NCBVY,P,-0.013169,0.846
215747,238790,NCHQR,P,-0.015983999999999998,0.706
215747,238790,NCCCOa,S,-0.01827,0.85
215747,238790,NCCSC,S,-0.007188,0.79
215747,238790,NCCMH,S,-0.001920999999999999,0.9
215747,238790,NCCADa,S,-0.020038,0.9
215747,238790,NCJST,S,-0.010097999999999996,0.9
215747,238790,NCJCB,S,-0.016047,0.94
215747,238790,NCCML,S,0.0009790000000000007,0.97
215747,238790,NCCAL,S,0.0007230000000000014,0.96
215747,238790,NCJAL,S,-0.006476999999999997,0.89
215747,238790,NCHSP,S,-0.021761,0.87
215747,238790,NCJHL,S,-0.009373,0.9
215747,238790,NCJRR,S,-0.012191,0.84
215747,238790,NCHGS,S,-0.019167,0.94
215747,238790,NCJEC,S,-0.011511,0.87
215747,238790,NCJLX,S,-0.004499999999999997,0.93
215747,238790,NCHGW,S,-0.017766999999999998,0.94
215747,238790,NCCDV,S,-0.00047599999999999726,0.98
215747,238790,NCCMJ,S,-0.001003999999999998,0.86
215747,238790,NCCMP,S,-0.012815,0.97
215747,238790,NCJBZ,S,-0.009669999999999998,0.85
215747,238790,NCHCA,S,-0.019695999999999998,0.94
215747,238790,NCCMR,S,0.0010930000000000037,0.92
215747,238790,NCJTG,S,-0.006883,0.8
215747,238790,NCJBC,S,0.001342000000000003,0.87
215747,238790,NCCVA,S,0.0035309999999999994,0.95
215747,238790,NCJPL,S,-0.012976999999999995,0.82
215747,238790,NCHCR,S,-0.020059999999999998,0.83
215747,238790,NCJRG,S,-0.008676999999999997,0.85
215747,238790,NCHCB,S,-0.013837999999999996,0.87
215747,238790,NCJSC,S,-0.0017799999999999969,0.77
215747,238790,NCCST,S,-0.005469999999999996,0.86
215747,238790,NCHPL,S,-0.017590999999999996,0.9
215747,238790,NCJBM,S,-0.003171,0.77
215747,238790,NCJSM,S,-0.004038,0.85
215747,238790,NCHAZ,S,-0.018742999999999996,0.79
215747,238790,NCJUC,S,-0.008263,0.91
215747,238790,NCCPL,S,-0.004364,0.77
215747,238790,NCCCY,S,0.0012700000000000003,0.96
215747,238790,NCJPPa,S,-0.0032159999999999966,0.72
215747,238790,NCHJG,S,-0.018979,0.89
215747,238790,NCHFP,S,-0.018028999999999996,0.79
215747,238790,NCBVY,S,-0.017329999999999998,0.87
215747,30062741,NCJCB,P,-0.028254,0.846
215747,30062741,NCCML,P,-0.0015060000000000073,0.937
215747,30062741,NCJHL,P,-0.026288000000000006,0.702
215747,30062741,NCJRR,P,-0.027947,0.836
215747,30062741,NCHGS,P,-0.033269999999999994,0.844
215747,30062741,NCJEC,P,-0.028815000000000007,0.867
215747,30062741,NCCDV,P,-0.0012040000000000106,0.956
215747,30062741,NCCMJ,P,-0.0004649999999999932,0.815
215747,30062741,NCCMP,P,-0.022592,0.866
215747,30062741,NCJBZ,P,-0.02798400000000001,0.85
215747,30062741,NCHCA,P,-0.027200000000000002,0.871
215747,30062741,NCHCR,P,-0.030139,0.88
215747,30062741,NCHCB,P,-0.025880999999999987,0.781
215747,30062741,NCJSC,P,0.002612000000000003,0.809
215747,30062741,NCHFE,P,-0.033602999999999994,0.772
215747,30062741,NCCST,P,-0.009317999999999993,0.89
215747,30062741,NCHPL,P,-0.030957000000000012,0.927
215747,30062741,NCJBM,P,-0.005760999999999988,0.75
215747,30062741,NCHOR,P,-0.031512999999999985,0.703
215747,30062741,NCHAZ,P,-0.02881900000000001,0.834
215747,30062741,NCHBT,P,-0.029634999999999995,0.807
215747,30062741,NCHDLb,P,-0.029445,0.923
215747,30062741,NCHLT,P,-0.03981499999999999,0.767
215747,30062741,NCHJG,P,-0.02971199999999999,0.919
215747,30062741,NCHFP,P,-0.029188999999999993,0.805
215747,30062741,NCBVY,P,-0.03076899999999999,0.806
215747,30062741,NCCMH,S,0.0003730000000000122,0.76
215747,30062741,NCCADa,S,-0.03978000000000001,0.72
215747,30062741,NCJST,S,-0.027365,0.77
215747,30062741,NCJCB,S,-0.034695000000000004,0.81
215747,30062741,NCCML,S,0.00845,0.92
215747,30062741,NCCAL,S,0.007683999999999996,0.81
215747,30062741,NCJAL,S,-0.019213000000000008,0.79
215747,30062741,NCHSP,S,-0.047796000000000005,0.78
215747,30062741,NCJHL,S,-0.020864999999999995,0.75
215747,30062741,NCHGS,S,-0.04147200000000001,0.82
215747,30062741,NCJEC,S,-0.024604999999999988,0.72
215747,30062741,NCCDV,S,0.006723999999999994,0.9
215747,30062741,NCCMP,S,-0.020946999999999993,0.98
215747,30062741,NCHCA,S,-0.031965999999999994,0.71
215747,30062741,NCJBC,S,0.0007000000000000062,0.82
215747,30062741,NCHCB,S,-0.02895700000000001,0.86
215747,30062741,NCCST,S,-0.0021899999999999975,0.76
215747,30062741,NCHPL,S,-0.03850400000000001,0.87
215747,30062741,NCHAZ,S,-0.039172999999999986,0.73
215747,30062741,NCCCY,S,0.012675000000000006,0.83
215747,30062741,NCHJG,S,-0.037820999999999994,0.74
215747,30062741,NCBVY,S,-0.036407999999999996,0.73
215747,30069222,NCCMH,P,-0.012832000000000003,0.832
215747,30069222,NCJST,P,-0.014450000000000005,0.785
215747,30069222,NCJCB,P,-0.0008130000000000012,0.783
215747,30069222,NCCML,P,-0.006162000000000001,0.927
215747,30069222,NCCAL,P,-0.009489000000000004,0.894
215747,30069222,NCHSP,P,-0.00028800000000000353,0.85
215747,30069222,NCJHL,P,-0.006645000000000005,0.779
215747,30069222,NCJRR,P,-0.00043600000000000583,0.739
215747,30069222,NCHGS,P,0.001896999999999996,0.915
215747,30069222,NCJEC,P,-0.004168000000000005,0.76
215747,30069222,NCHGW,P,-5.9000000000003494e-05,0.923
215747,30069222,NCCDV,P,-0.005641,0.937
215747,30069222,NCJBZ,P,-0.0038570000000000063,0.795
215747,30069222,NCCMR,P,-0.0026720000000000008,0.886
215747,30069222,NCCVA,P,-0.007780000000000002,0.792
215747,30069222,NCHCR,P,-0.000794000000000003,0.828
215747,30069222,NCCMN,P,-0.005323000000000001,0.746
215747,30069222,NCHFE,P,-0.00026600000000000235,0.802
215747,30069222,NCCST,P,-0.0030690000000000023,0.896
215747,30069222,NCHPL,P,0.0035239999999999994,0.891
215747,30069222,NCJBM,P,-0.0025270000000000015,0.836
215747,30069222,NCHOR,P,0.0002299999999999941,0.791
215747,30069222,NCHAZ,P,0.0006639999999999979,0.853
215747,30069222,NCCCY,P,-0.007217000000000001,0.804
215747,30069222,NCHBT,P,0.0010329999999999992,0.748
215747,30069222,NCHDLb,P,0.0002509999999999943,0.912
215747,30069222,NCHJG,P,0.0011429999999999982,0.869
215747,30069222,NCJHP,P,-0.005659000000000004,0.741
215747,30069222,NCBVY,P,0.0004659999999999942,0.834
215747,30069222,NCCMH,S,-0.0059010000000000035,0.71
215747,30069222,NCJST,S,-0.016391000000000003,0.87
215747,30069222,NCJCB,S,-0.003144000000000001,0.85
215747,30069222,NCCML,S,-0.002942,0.91
215747,30069222,NCCAL,S,-0.014289000000000003,0.87
215747,30069222,NCJAL,S,-0.007937,0.79
215747,30069222,NCHSP,S,0.0024409999999999987,0.81
215747,30069222,NCJHL,S,-0.0031160000000000007,0.8
215747,30069222,NCHGS,S,0.003612999999999998,0.85
215747,30069222,NCJEC,S,-0.006040000000000004,0.75
215747,30069222,NCCDV,S,-0.004572,0.89
215747,30069222,NCCMJ,S,-0.006266000000000001,0.77
215747,30069222,NCCMR,S,0.0007639999999999939,0.87
215747,30069222,NCCVA,S,-0.006337000000000002,0.9
215747,30069222,NCHCR,S,0.008072000000000003,0.76
215747,30069222,NCCMN,S,0.00015099999999999836,0.83
215747,30069222,NCHCB,S,0.00900299999999999,0.75
215747,30069222,NCCST,S,0.0029499999999999943,0.83
215747,30069222,NCHPL,S,0.009728999999999995,0.78
215747,30069222,NCCCY,S,-0.0077080000000000065,0.84
215747,30069222,NCBVY,S,0.0045489999999999975,0.79
215747,30092060,NCCCOa,P,-0.012177999999999994,0.917
215747,30092060,NCCMH,P,-0.008382,0.97
215747,30092060,NCCADa,P,-0.0056860000000000105,0.757
215747,30092060,NCJST,P,-0.012957999999999997,0.923
215747,30092060,NCJCB,P,-0.011856000000000005,0.894
215747,30092060,NCCML,P,-0.009172000000000013,0.985
215747,30092060,NCCAL,P,-0.011644000000000015,0.972
215747,30092060,NCJAL,P,-0.009970000000000007,0.963
215747,30092060,NCHSP,P,-0.012421000000000015,0.91
215747,30092060,NCJHL,P,-0.011650999999999995,0.926
215747,30092060,NCJRR,P,-0.011771000000000004,0.956
215747,30092060,NCJEC,P,-0.010374999999999995,0.844
215747,30092060,NCJLX,P,-0.009566000000000019,0.972
215747,30092060,NCHGW,P,-0.013497000000000009,0.948
215747,30092060,NCCDV,P,-0.00983400000000001,0.996
215747,30092060,NCCMJ,P,-0.010309000000000013,0.931
215747,30092060,NCCMP,P,-0.011076000000000003,0.777
215747,30092060,NCHCA,P,-0.013427999999999995,0.944
215747,30092060,NCJBC,P,-0.003950000000000009,0.825
215747,30092060,NCCVA,P,-0.009401999999999994,0.946
215747,30092060,NCHCR,P,-0.012676999999999994,0.932
215747,30092060,NCHFE,P,-0.012801000000000007,0.902
215747,30092060,NCCST,P,-0.01233300000000001,0.956
215747,30092060,NCJBM,P,-0.00850300000000001,0.806
215747,30092060,NCCCY,P,-0.010871999999999993,0.957
215747,30092060,NCJPPa,P,-0.001483000000000012,0.713
215747,30092060,NCHDLb,P,-0.013352000000000003,0.899
215747,30092060,NCHJG,P,-0.013811000000000018,0.834
215747,30092060,NCJHP,P,-0.011668000000000012,0.756
215747,30092060,NCCMO,P,-0.0072680000000000106,0.882
215747,30092060,NCHSL,P,-0.00778100000000001,0.709
215747,30092060,NCHFP,P,-0.012703999999999993,0.889
215747,30092060,NCBVY,P,-0.013106000000000007,0.856
215747,30092060,NCCCOa,S,-0.01209200000000002,0.94
215747,30092060,NCCMH,S,-0.007731000000000002,0.96
215747,30092060,NCCADa,S,-0.007397000000000001,0.78
215747,30092060,NCJST,S,-0.013132000000000005,0.96
215747,30092060,NCJCB,S,-0.010958999999999997,0.98
215747,30092060,NCCML,S,-0.007699000000000011,0.97
215747,30092060,NCCAL,S,-0.011092000000000019,0.97
215747,30092060,NCJAL,S,-0.010031000000000012,0.96
215747,30092060,NCHSP,S,-0.015400999999999998,0.88
215747,30092060,NCJHL,S,-0.011441000000000007,0.96
215747,30092060,NCJRR,S,-0.011384000000000005,0.95
215747,30092060,NCJEC,S,-0.01219400000000001,0.83
215747,30092060,NCJLX,S,-0.008469000000000004,0.97
215747,30092060,NCHGW,S,-0.013807000000000014,0.91
215747,30092060,NCCDV,S,-0.009146000000000015,0.99
215747,30092060,NCCMJ,S,-0.009571999999999997,0.93
215747,30092060,NCHCA,S,-0.01499700000000001,0.9
215747,30092060,NCJBC,S,-0.005848000000000006,0.92
215747,30092060,NCCVA,S,-0.007862000000000008,0.94
215747,30092060,NCHCR,S,-0.013261999999999996,0.89
215747,30092060,NCJRG,S,-0.012456999999999996,0.84
215747,30092060,NCJSC,S,-0.0005420000000000008,0.82
215747,30092060,NCHFE,S,-0.014836000000000016,0.77
215747,30092060,NCCST,S,-0.01062100000000002,0.92
215747,30092060,NCJBM,S,-0.008580000000000004,0.93
215747,30092060,NCCCY,S,-0.009171000000000012,0.99
215747,30092060,NCJBLb,S,-0.010328000000000004,0.71
215747,30092060,NCHDLb,S,-0.013569999999999999,0.9
215747,30092060,NCHJG,S,-0.015965000000000007,0.82
215747,30092060,NCBVY,S,-0.015509999999999996,0.88
215747,389286,NCCCOa,P,-0.012469999999999998,0.915
215747,389286,NCCMH,P,-0.017664,0.943
215747,389286,NCJST,P,-0.012215999999999998,0.953
215747,389286,NCJCB,P,-0.011990999999999998,0.962
215747,389286,NCJAL,P,-0.00979,0.935
215747,389286,NCHSP,P,-0.012122,0.941
215747,389286,NCJHL,P,-0.01184,0.953
215747,389286,NCJRR,P,-0.010817999999999998,0.967
215747,389286,NCHGS,P,-0.012860999999999997,0.95
215747,389286,NCJEC,P,-0.011015,0.927
215747,389286,NCJLX,P,-0.01227,0.935
215747,389286,NCHGW,P,-0.011209999999999998,0.985
215747,389286,NCCDV,P,-0.016033,0.971
215747,389286,NCCMJ,P,-0.017263999999999998,0.902
215747,389286,NCHCA,P,-0.0043760000000000005,0.824
215747,389286,NCCMR,P,-0.016339,0.924
215747,389286,NCJTG,P,-0.012733999999999999,0.901
215747,389286,NCCVA,P,-0.015636999999999998,0.877
215747,389286,NCHCR,P,-0.011652,0.973
215747,389286,NCHFE,P,-0.010120999999999998,0.936
215747,389286,NCCST,P,-0.016361,0.897
215747,389286,NCHPL,P,-0.011352999999999999,0.933
215747,389286,NCJBM,P,-0.012371,0.899
215747,389286,NCJSM,P,-0.010300999999999998,0.721
215747,389286,NCHAZ,P,-0.011257,0.879
215747,389286,NCJSFa,P,-0.017089999999999998,0.706
215747,389286,NCCCY,P,-0.018123999999999998,0.94
215747,389286,NCHDLb,P,-0.012899,0.941
215747,389286,NCHJG,P,-0.014183999999999999,0.702
215747,389286,NCJHP,P,-0.016597,0.871
215747,389286,NCHFP,P,-0.012265999999999999,0.931
215747,389286,NCCCOa,S,-0.011982,0.95
215747,389286,NCCMH,S,-0.017231,0.94
215747,389286,NCJST,S,-0.012955999999999999,0.96
215747,389286,NCJCB,S,-0.012226999999999998,0.98
215747,389286,NCJAL,S,-0.010654999999999998,0.97
215747,389286,NCHSP,S,-0.011469,0.98
215747,389286,NCJHL,S,-0.011720999999999999,0.97
215747,389286,NCJRR,S,-0.011022999999999998,0.98
215747,389286,NCHGS,S,-0.011889999999999998,0.98
215747,389286,NCJEC,S,-0.012413999999999998,0.83
215747,389286,NCJLX,S,-0.013014999999999999,0.96
215747,389286,NCHGW,S,-0.010934,0.98
215747,389286,NCCDV,S,-0.017535,0.98
215747,389286,NCCMJ,S,-0.018248999999999998,0.91
215747,389286,NCCMR,S,-0.016523,0.91
215747,389286,NCJTG,S,-0.013099,0.89
215747,389286,NCCVA,S,-0.011244999999999998,0.93
215747,389286,NCJPL,S,-0.015147999999999998,0.83
215747,389286,NCHCR,S,-0.011088999999999998,0.96
215747,389286,NCHCB,S,-0.009226999999999999,0.84
215747,389286,NCHFE,S,-0.010676999999999999,0.84
215747,389286,NCCST,S,-0.014356,0.81
215747,389286,NCHPL,S,-0.00945,0.84
215747,389286,NCJBM,S,-0.012613,0.81
215747,389286,NCHAZ,S,-0.008472,0.79
215747,389286,NCJUC,S,-0.012465999999999998,0.86
215747,389286,NCCCY,S,-0.019422,0.98
215747,389286,NCJHP,S,-0.012312999999999998,0.74
215747,389286,NCCLC,S,-0.015986,0.77
215747,389286,NCHFP,S,-0.011941999999999998,0.87
215747,478138,NCCADa,P,-0.0033330000000000026,0.717
215747,478138,NCJST,P,0.0021760000000000113,0.71
215747,478138,NCCML,P,0.020502000000000006,0.961
215747,478138,NCCAL,P,0.019957000000000016,0.778
215747,478138,NCJLX,P,0.009283000000000013,0.709
215747,478138,NCCDV,P,0.020606000000000013,0.957
215747,478138,NCCMJ,P,0.022140000000000007,0.865
215747,478138,NCCMP,P,0.0008550000000000224,0.736
215747,478138,NCHCA,P,-0.008390999999999982,0.948
215747,478138,NCCMR,P,0.011346999999999996,0.946
215747,478138,NCJTG,P,-0.002340999999999982,0.842
215747,478138,NCJBC,P,0.01953300000000001,0.77
215747,478138,NCCVA,P,0.024139000000000008,0.833
215747,478138,NCHCR,P,-0.005454999999999988,0.82
215747,478138,NCJRG,P,0.0006520000000000137,0.78
215747,478138,NCJSC,P,0.028099000000000013,0.734
215747,478138,NCHFE,P,-0.004694000000000004,0.741
215747,478138,NCJBM,P,0.019457000000000016,0.831
215747,478138,NCJSFa,P,0.01992400000000001,0.793
215747,478138,NCCCY,P,0.022015000000000007,0.824
215747,478138,NCJPPa,P,0.022917000000000007,0.746
215747,478138,NCJST,S,0.0039030000000000176,0.8
215747,478138,NCCML,S,0.032973000000000016,0.91
215747,478138,NCCAL,S,0.030105000000000007,0.86
215747,478138,NCJAL,S,0.005049999999999999,0.76
215747,478138,NCHSP,S,-0.02366199999999999,0.72
215747,478138,NCJLX,S,0.01804800000000001,0.8
215747,478138,NCCDV,S,0.03185,0.92
215747,478138,NCCMR,S,0.023667000000000007,0.86
215747,478138,NCJTG,S,-0.0012209999999999999,0.79
215747,478138,NCCVA,S,0.035679000000000016,0.91
215747,478138,NCJPL,S,-0.007734999999999992,0.71
215747,478138,NCHCB,S,-0.007189000000000001,0.79
215747,478138,NCJSM,S,0.019398000000000012,0.76
215747,478138,NCCCY,S,0.037375000000000005,0.87
215747,483500,NCCML,P,0.013313999999999993,0.733
215747,483500,NCCVA,P,0.054296,0.756
215747,483500,NCCMN,P,0.055321999999999996,0.752
215747,529274,NCCMH,P,0.003686999999999996,0.909
215747,529274,NCCADa,P,0.003985000000000002,0.746
215747,529274,NCJST,P,0.0009319999999999884,0.947
215747,529274,NCCML,P,0.0037549999999999945,0.96
215747,529274,NCCAL,P,0.0029890000000000055,0.941
215747,529274,NCJAL,P,0.006922999999999999,0.766
215747,529274,NCHSP,P,-0.0011339999999999961,0.953
215747,529274,NCJHL,P,0.001465999999999995,0.905
215747,529274,NCJLX,P,0.0021930000000000005,0.896
215747,529274,NCCDV,P,0.003253000000000006,0.982
215747,529274,NCJBZ,P,0.007292000000000007,0.892
215747,529274,NCHCA,P,0.0006160000000000054,0.931
215747,529274,NCCVA,P,0.0044410000000000005,0.835
215747,529274,NCHCR,P,0.002565999999999999,0.919
215747,529274,NCCMN,P,0.0031999999999999945,0.865
215747,529274,NCHCB,P,0.003727999999999995,0.732
215747,529274,NCJSC,P,0.014853000000000005,0.736
215747,529274,NCHFE,P,0.0025590000000000057,0.88
215747,529274,NCCST,P,-0.00039800000000000946,0.964
215747,529274,NCJBM,P,0.004970000000000002,0.786
215747,529274,NCCCY,P,0.002253000000000005,0.944
215747,529274,NCJJR,P,0.0034280000000000005,0.72
215747,529274,NCJPPa,P,0.010775000000000007,0.736
215747,529274,NCJHP,P,0.0013080000000000036,0.938
215747,529274,NCCLC,P,0.0020890000000000075,0.807
215747,529274,NCHFP,P,0.0004210000000000047,0.972
215747,529274,NCHJS,P,-0.002350999999999992,0.739
215747,529274,NCCMH,S,0.004146999999999998,0.93
215747,529274,NCCADa,S,0.0012949999999999906,0.82
215747,529274,NCJST,S,0.0019750000000000045,0.93
215747,529274,NCCML,S,0.006328,0.95
215747,529274,NCCAL,S,0.005982000000000001,0.95
215747,529274,NCJAL,S,0.0059000000000000025,0.87
215747,529274,NCHSP,S,-0.0037699999999999956,0.91
215747,529274,NCJHL,S,0.003473000000000004,0.82
215747,529274,NCJLX,S,0.004961000000000007,0.93
215747,529274,NCCDV,S,0.004624000000000003,0.96
215747,529274,NCJBZ,S,0.007438,0.8
215747,529274,NCHCA,S,-0.00040100000000001246,0.74
215747,529274,NCJBC,S,0.015665,0.83
215747,529274,NCCVA,S,0.004624000000000003,0.91
215747,529274,NCHCR,S,0.0036660000000000026,0.82
215747,529274,NCCMN,S,0.006613999999999995,0.87
215747,529274,NCHCB,S,0.0037459999999999993,0.84
215747,529274,NCHFE,S,0.0011609999999999954,0.8
215747,529274,NCJBM,S,0.005965999999999999,0.72
215747,529274,NCJJR,S,0.0014329999999999898,0.9
215747,529274,NCJHP,S,0.0009889999999999899,0.78
215747,529274,NCCLC,S,0.0032940000000000053,0.82
215747,529274,NCHFP,S,0.0007070000000000132,0.83
23190,101361,NCCCOa,P,-0.009325,0.964
23190,101361,NCCSC,P,-0.0076630000000000005,0.966
23190,101361,NCCAO,P,-0.007678,0.901
23190,101361,NCCADa,P,-0.026367,0.902
23190,101361,NCJST,P,-0.008204,0.938
23190,101361,NCJCB,P,-0.010102,0.979
23190,101361,NCCML,P,-0.0077610000000000005,0.985
23190,101361,NCCAL,P,-0.008214,0.743
23190,101361,NCJAL,P,-0.025238,0.78
23190,101361,NCHSP,P,-0.007784,0.965
23190,101361,NCCMM,P,-0.021928,0.871
23190,101361,NCJRR,P,-0.011288,0.972
23190,101361,NCHGS,P,-0.010416,0.981
23190,101361,NCHGW,P,-0.014946000000000001,0.966
23190,101361,NCCDV,P,-0.010462,0.994
23190,101361,NCCMJ,P,-0.006832,0.938
23190,101361,NCJBZ,P,-0.016871,0.941
23190,101361,NCCMR,P,-0.009498,0.994
23190,101361,NCJBC,P,-0.012741,0.874
23190,101361,NCHPR,P,-0.006195,0.912
23190,101361,NCHFE,P,-0.016975,0.75
23190,101361,NCHPL,P,-0.010253,0.966
23190,101361,NCJBM,P,-0.009068,0.973
23190,101361,NCHAZ,P,-0.012114,0.833
23190,101361,NCCPL,P,-0.008015,0.83
23190,101361,NCJBLb,P,-0.008877,0.826
23190,101361,NCJPPa,P,0.007409000000000001,0.902
23190,101361,NCHSFb,P,-0.010182,0.93
23190,101361,NCJBG,P,-0.008705000000000001,0.886
23190,101361,NCBVY,P,-0.008508,0.959
23190,101361,NCHQR,P,-0.009295,0.728
23190,101361,NCCCOa,S,-0.008769,0.97
23190,101361,NCCSC,S,-0.007605,0.98
23190,101361,NCCAO,S,-0.007504,0.95
23190,101361,NCCADa,S,-0.026143,0.94
23190,101361,NCJST,S,-0.007783,0.93
23190,101361,NCJCB,S,-0.008607,0.99
23190,101361,NCCML,S,-0.008323,0.97
23190,101361,NCJAL,S,-0.020271,0.95
23190,101361,NCHSP,S,-0.006631,0.95
23190,101361,NCCMM,S,-0.021711,0.94
23190,101361,NCJRR,S,-0.010726,0.97
23190,101361,NCJSS,S,-0.007993,0.93
23190,101361,NCHGS,S,-0.009827,0.98
23190,101361,NCJLX,S,-0.006488,0.89
23190,101361,NCHGW,S,-0.014620000000000001,0.95
23190,101361,NCCDV,S,-0.010465,0.99
23190,101361,NCCMJ,S,-0.007139,0.98
23190,101361,NCJBZ,S,-0.016460000000000002,0.92
23190,101361,NCCMR,S,-0.009327,0.99
23190,101361,NCJBC,S,-0.015106999999999999,0.93
23190,101361,NCHPR,S,-0.0028190000000000003,0.91
23190,101361,NCJPL,S,-0.001078,0.77
23190,101361,NCHCB,S,-0.010955,0.92
23190,101361,NCHPL,S,-0.010971999999999999,0.88
23190,101361,NCJBM,S,-0.008935,0.96
23190,101361,NCJUC,S,-0.007631,0.79
23190,101361,NCCPL,S,-0.008195000000000001,0.96
23190,101361,NCJPPa,S,0.007907,0.86
23190,101361,NCHSFb,S,-0.006062,0.9
23190,101361,NCHJS,S,-0.01178,0.72
23190,101361,NCBVY,S,-0.008375,0.92
23190,101362,NCCSC,P,-0.0256,0.779
23190,101362,NCCADa,P,-0.021261000000000002,0.858
23190,101362,NCJST,P,-0.015301,0.709
23190,101362,NCJCB,P,-0.009881000000000001,0.878
23190,101362,NCCML,P,-0.035205,0.92
23190,101362,NCCMM,P,-0.039636000000000005,0.787
23190,101362,NCJRR,P,-0.00986,0.886
23190,101362,NCHGS,P,-0.005365,0.854
23190,101362,NCHGW,P,-0.009571,0.958
23190,101362,NCCDV,P,-0.039446,0.939
23190,101362,NCCMJ,P,-0.037625,0.854
23190,101362,NCJBZ,P,-0.017158,0.878
23190,101362,NCCMR,P,-0.037755,0.943
23190,101362,NCJBC,P,-0.028255000000000002,0.76
23190,101362,NCHPR,P,-0.002961000000000002,0.805
23190,101362,NCHCB,P,-0.007891,0.73
23190,101362,NCHPL,P,-0.006673,0.87
23190,101362,NCJBM,P,-0.031551,0.891
23190,101362,NCHAZ,P,-0.010691,0.761
23190,101362,NCJPPa,P,-0.01387,0.803
23190,101362,NCHSFb,P,-0.004213999999999999,0.845
23190,101362,NCJBG,P,-0.031953,0.792
23190,101362,NCBVY,P,-0.006723,0.827
23190,101362,NCCAO,S,-0.016523,0.76
23190,101362,NCCADa,S,-0.004991000000000001,0.71
23190,101362,NCJST,S,-0.015833,0.86
23190,101362,NCJCB,S,0.003318999999999999,0.83
23190,101362,NCCML,S,-0.05005,0.92
23190,101362,NCJAL,S,-0.026198,0.81
23190,101362,NCHSP,S,0.011644999999999999,0.71
23190,101362,NCCMM,S,-0.046598,0.9
23190,101362,NCJSS,S,-0.019812,0.89
23190,101362,NCHGS,S,0.003564000000000001,0.79
23190,101362,NCHGW,S,-0.0005549999999999999,0.73
23190,101362,NCCDV,S,-0.05144,0.93
23190,101362,NCCMR,S,-0.053132,0.84
23190,101362,NCJBC,S,-0.034218,0.87
23190,101362,NCHCB,S,-0.005815000000000001,0.83
23190,101362,NCHSFb,S,0.005149999999999998,0.85
23190,103138,NCCSC,P,-0.005691000000000002,0.824
23190,103138,NCCADa,P,-0.012586,0.841
23190,103138,NCJST,P,-0.0009910000000000023,0.83
23190,103138,NCJCB,P,-9.900000000000186e-05,0.848
23190,103138,NCCML,P,-0.011484000000000001,0.97
23190,103138,NCHSP,P,0.007144999999999999,0.737
23190,103138,NCCMM,P,-0.020759,0.876
23190,103138,NCJRR,P,-0.0003140000000000018,0.904
23190,103138,NCHGS,P,0.0013930000000000001,0.899
23190,103138,NCHGW,P,0.001353,0.952
23190,103138,NCCDV,P,-0.015754999999999998,0.937
23190,103138,NCJBZ,P,-0.005656000000000001,0.796
23190,103138,NCHCR,P,0.0019129999999999998,0.803
23190,103138,NCJPPa,P,0.006520999999999999,0.867
23190,103138,NCHDLb,P,0.0001339999999999987,0.932
23190,103138,NCHJG,P,0.0003449999999999981,0.839
23190,103138,NCJHP,P,-0.010768,0.96
23190,103138,NCJBG,P,-0.011444,0.83
23190,103138,NCBVY,P,0.0016959999999999996,0.849
23190,103138,NCCSC,S,-0.0033900000000000007,0.77
23190,103138,NCCAO,S,-0.001635000000000001,0.85
23190,103138,NCCADa,S,-0.005909000000000001,0.76
23190,103138,NCJST,S,-0.0006910000000000006,0.9
23190,103138,NCJCB,S,0.006617999999999999,0.87
23190,103138,NCCML,S,-0.020279,0.94
23190,103138,NCJAL,S,-0.009763,0.84
23190,103138,NCHSP,S,0.011168999999999998,0.78
23190,103138,NCCMM,S,-0.025675000000000003,0.9
23190,103138,NCJSS,S,-0.0023829999999999997,0.91
23190,103138,NCHGS,S,0.005049,0.86
23190,103138,NCJLX,S,-0.005213000000000002,0.82
23190,103138,NCHGW,S,0.005406999999999999,0.77
23190,103138,NCCDV,S,-0.023551000000000002,0.95
23190,103138,NCJPL,S,0.008232,0.86
23190,103138,NCJPPa,S,0.007016,0.76
23190,103138,NCHDLb,S,-0.0008909999999999994,0.72
23190,103138,NCJBG,S,-0.018374,0.77
23190,103138,NCBVY,S,0.0056999999999999985,0.73
23190,126189,NCCCOa,P,-0.021222,0.894
23190,126189,NCCSC,P,-0.019889,0.969
23190,126189,NCCAO,P,-0.019558000000000002,0.875
23190,126189,NCCADa,P,-0.037140000000000006,0.888
23190,126189,NCJST,P,-0.020166,0.923
23190,126189,NCJCB,P,-0.021841000000000003,0.934
23190,126189,NCCML,P,-0.020652,0.985
23190,126189,NCCAL,P,-0.020417,0.77
23190,126189,NCHSP,P,-0.02364,0.873
23190,126189,NCCMM,P,-0.035346,0.869
23190,126189,NCJHL,P,-0.023607000000000003,0.847
23190,126189,NCJRR,P,-0.021898,0.954
23190,126189,NCJSS,P,-0.020925000000000003,0.915
23190,126189,NCHGS,P,-0.022483000000000003,0.927
23190,126189,NCJLX,P,-0.019530000000000002,0.964
23190,126189,NCHGW,P,-0.024209,0.964
23190,126189,NCCMJ,P,-0.019669000000000002,0.95
23190,126189,NCJBZ,P,-0.0373,0.912
23190,126189,NCJSG,P,-0.021112000000000002,0.942
23190,126189,NCHCA,P,-0.022269,0.96
23190,126189,NCCMR,P,-0.03823,0.975
23190,126189,NCJBC,P,-0.021395,0.912
23190,126189,NCJPL,P,-0.027047,0.752
23190,126189,NCJSJ,P,-0.02273,0.813
23190,126189,NCHCR,P,-0.021767,0.917
23190,126189,NCHCB,P,-0.017505,0.705
23190,126189,NCHFE,P,-0.028062,0.776
23190,126189,NCJBM,P,-0.021559000000000002,0.95
23190,126189,NCHAZ,P,-0.024172000000000003,0.762
23190,126189,NCCPL,P,-0.02138,0.792
23190,126189,NCJPPa,P,-0.007466000000000002,0.797
23190,126189,NCHDLb,P,-0.021976000000000002,0.943
23190,126189,NCJHP,P,-0.020027,0.976
23190,126189,NCJBG,P,-0.024317000000000002,0.804
23190,126189,NCJPS,P,-0.028573,0.871
23190,126189,NCHFP,P,-0.019761,0.98
23190,126189,NCBVY,P,-0.017754000000000002,0.925
23190,126189,NCCCOa,S,-0.020907000000000002,0.93
23190,126189,NCCSC,S,-0.019995000000000002,0.98
23190,126189,NCCAO,S,-0.020499,0.92
23190,126189,NCCADa,S,-0.036771,0.92
23190,126189,NCJST,S,-0.020055,0.92
23190,126189,NCJCB,S,-0.019802,0.98
23190,126189,NCCML,S,-0.021707,0.97
23190,126189,NCHSP,S,-0.023139,0.95
23190,126189,NCCMM,S,-0.035082,0.89
23190,126189,NCJHL,S,-0.023043,0.91
23190,126189,NCJRR,S,-0.022269,0.93
23190,126189,NCJSS,S,-0.019661,0.94
23190,126189,NCHGS,S,-0.022262,0.89
23190,126189,NCJLX,S,-0.01692,0.92
23190,126189,NCHGW,S,-0.023801000000000003,0.95
23190,126189,NCCDV,S,-0.023477,0.97
23190,126189,NCCMJ,S,-0.020125,0.97
23190,126189,NCJBZ,S,-0.036767,0.82
23190,126189,NCJSG,S,-0.02127,0.89
23190,126189,NCHCA,S,-0.020640000000000002,0.87
23190,126189,NCJBC,S,-0.018017000000000002,0.94
23190,126189,NCCVA,S,-0.019825000000000002,0.98
23190,126189,NCHPR,S,-0.015610000000000002,0.87
23190,126189,NCJSJ,S,-0.023307,0.78
23190,126189,NCHCR,S,-0.022084,0.82
23190,126189,NCHCB,S,-0.020731000000000003,0.93
23190,126189,NCJBM,S,-0.021362000000000003,0.9
23190,126189,NCJUC,S,-0.017233000000000002,0.77
23190,126189,NCCPL,S,-0.020466,0.93
23190,126189,NCJPPa,S,-0.006051000000000001,0.71
23190,126189,NCJHP,S,-0.018645000000000002,0.74
23190,126189,NCJBG,S,-0.02309,0.81
23190,126189,NCJPS,S,-0.025049000000000002,0.81
23190,126189,NCHJS,S,-0.016439000000000002,0.72
23190,126189,NCBVY,S,-0.006340000000000002,0.91
23190,126292,NCCSC,P,-0.018252,0.845
23190,126292,NCCADa,P,-0.011708000000000003,0.835
23190,126292,NCJST,P,-0.0075829999999999995,0.746
23190,126292,NCJCB,P,-0.001010999999999998,0.858
23190,126292,NCCML,P,-0.027931,0.951
23190,126292,NCCMM,P,-0.031915,0.753
23190,126292,NCJRR,P,-0.0006540000000000018,0.897
23190,126292,NCHGS,P,0.0026300000000000004,0.858
23190,126292,NCHGW,P,0.0005409999999999998,0.952
23190,126292,NCJBZ,P,-0.01727,0.866
23190,126292,NCHCA,P,0.0041049999999999975,0.908
23190,126292,NCJSG,P,-0.023684,0.813
23190,126292,NCCMR,P,-0.045764,0.874
23190,126292,NCHCR,P,0.0029539999999999983,0.807
23190,126292,NCHAZ,P,-0.002120999999999998,0.761
23190,126292,NCJPPa,P,-0.008030000000000002,0.743
23190,126292,NCHDLb,P,-0.0011900000000000036,0.913
23190,126292,NCJHP,P,-0.025915,0.842
23190,126292,NCBVY,P,0.005528999999999999,0.777
23190,126292,NCHQR,P,0.003715999999999997,0.822
23190,126292,NCCAO,S,-0.009498,0.75
23190,126292,NCJST,S,-0.009423,0.88
23190,126292,NCJCB,S,0.012672999999999997,0.82
23190,126292,NCCML,S,-0.043416,0.91
23190,126292,NCJAL,S,-0.015462000000000004,0.76
23190,126292,NCCMM,S,-0.03892,0.9
23190,126292,NCJSS,S,-0.01167,0.81
23190,126292,NCHGS,S,0.012990000000000002,0.8
23190,126292,NCJLX,S,-0.016863,0.76
23190,126292,NCHGW,S,0.010064999999999998,0.71
23190,126292,NCCDV,S,-0.044993,0.88
23190,126292,NCJBC,S,-0.017675,0.87
23190,126292,NCHPR,S,0.013614000000000001,0.72
23190,126292,NCCMN,S,-0.038028,0.87
23190,126389,NCCSC,P,-0.016385,0.76
23190,126389,NCCADa,P,-0.0029309999999999996,0.774
23190,126389,NCCML,P,-0.019766,0.944
23190,126389,NCCMM,P,-0.021096,0.793
23190,126389,NCJHL,P,-0.00034199999999999856,0.747
23190,126389,NCJRR,P,0.008913,0.717
23190,126389,NCHGS,P,0.012829,0.823
23190,126389,NCHGW,P,0.009857999999999999,0.936
23190,126389,NCCMJ,P,-0.022693,0.791
23190,126389,NCJSG,P,-0.016616,0.775
23190,126389,NCCMR,P,-0.034381,0.846
23190,126389,NCHCR,P,0.009517000000000001,0.747
23190,126389,NCJBM,P,-0.017039,0.831
23190,126389,NCJPPa,P,0.002065000000000001,0.74
23190,126389,NCJHP,P,-0.016567,0.852
23190,126389,NCBVY,P,0.016905000000000003,0.843
23190,126389,NCHQR,P,0.013665999999999998,0.859
23190,126389,NCCADa,S,0.009090999999999998,0.72
23190,126389,NCJST,S,-0.006989,0.78
23190,126389,NCJCB,S,0.018175999999999998,0.76
23190,126389,NCCML,S,-0.031813,0.87
23190,126389,NCJAL,S,-0.011349999999999999,0.81
23190,126389,NCCMM,S,-0.021563,0.87
23190,126389,NCJSS,S,-0.004529,0.83
23190,126389,NCHGS,S,0.023638,0.78
23190,126389,NCCDV,S,-0.033433,0.9
23190,126389,NCJBC,S,-0.0044930000000000005,0.83
23190,126389,NCCVA,S,-0.031596,0.94
23190,126389,NCHCB,S,0.022240999999999997,0.8
23190,148939,NCCSC,P,0.017810000000000003,0.848
23190,148939,NCJST,P,0.024669000000000003,0.723
23190,148939,NCJCB,P,0.023192,0.83
23190,148939,NCCML,P,0.018643000000000003,0.96
23190,148939,NCCMM,P,0.012204000000000003,0.8
23190,148939,NCJRR,P,0.028029000000000002,0.87
23190,148939,NCHGW,P,0.049373,0.95
23190,148939,NCCMJ,P,0.006841,0.831
23190,148939,NCJBZ,P,0.020540000000000003,0.907
23190,148939,NCHCA,P,0.036567,0.907
23190,148939,NCJSG,P,0.022004000000000003,0.869
23190,148939,NCCMR,P,0.0004630000000000051,0.965
23190,148939,NCCVA,P,0.005729000000000005,0.839
23190,148939,NCHCR,P,0.035063000000000004,0.777
23190,148939,NCHPL,P,0.032815000000000004,0.897
23190,148939,NCJBM,P,0.006540000000000004,0.832
23190,148939,NCHAZ,P,0.029893000000000003,0.821
23190,148939,NCJPPa,P,0.020695,0.787
23190,148939,NCJBG,P,0.004313999999999998,0.774
23190,148939,NCHQR,P,0.05198,0.868
23190,148939,NCCAO,S,0.021128,0.76
23190,148939,NCCADa,S,0.047997,0.71
23190,148939,NCJST,S,0.028177,0.79
23190,148939,NCJCB,S,0.033688,0.87
23190,148939,NCCML,S,0.004275000000000001,0.9
23190,148939,NCJAL,S,0.029187,0.8
23190,148939,NCHSP,S,0.060721,0.75
23190,148939,NCCMM,S,0.006760000000000002,0.9
23190,148939,NCJSS,S,0.017702000000000002,0.87
23190,148939,NCHGS,S,0.043445000000000004,0.82
23190,148939,NCCDV,S,-0.004048999999999997,0.9
23190,148939,NCCMR,S,-0.012378,0.91
23190,148939,NCHPR,S,0.040308000000000004,0.75
23190,148939,NCCVA,S,-0.005381999999999998,0.94
23190,148939,NCHPL,S,0.045454,0.79
23190,160503,NCCSC,P,0.0012940000000000009,0.741
23190,160503,NCCADa,P,0.0005010000000000014,0.901
23190,160503,NCJST,P,-7.699999999999894e-05,0.758
23190,160503,NCJCB,P,-0.007888,0.838
23190,160503,NCCML,P,0.014574,0.866
23190,160503,NCHSP,P,0.011423,0.859
23190,160503,NCCMM,P,0.0005860000000000015,0.836
23190,160503,NCJHL,P,4.000000000000531e-06,0.846
23190,160503,NCHGW,P,0.016496,0.939
23190,160503,NCCMJ,P,0.0053230000000000005,0.75
23190,160503,NCHCA,P,0.00015900000000000115,0.956
23190,160503,NCJSG,P,0.012386000000000001,0.717
23190,160503,NCJBC,P,-0.010852,0.733
23190,160503,NCHPR,P,0.004102000000000001,0.809
23190,160503,NCHCR,P,-5.099999999999896e-05,0.89
23190,160503,NCHPL,P,0.0024430000000000007,0.906
23190,160503,NCHAZ,P,-0.0009820000000000002,0.806
23190,160503,NCHFP,P,0.020306,0.921
23190,160503,NCBVY,P,0.020838000000000002,0.92
23190,160503,NCHQR,P,0.028779,0.87
23190,160503,NCCSC,S,0.0015150000000000007,0.75
23190,160503,NCCADa,S,-0.0005259999999999987,0.85
23190,160503,NCJST,S,0.005052000000000001,0.87
23190,160503,NCJCB,S,-0.003828,0.92
23190,160503,NCCML,S,0.009559,0.88
23190,160503,NCJAL,S,0.0070680000000000005,0.89
23190,160503,NCHSP,S,0.012895,0.81
23190,160503,NCCMM,S,0.0009710000000000014,0.93
23190,160503,NCJHL,S,0.0020120000000000008,0.71
23190,160503,NCJSS,S,0.0014390000000000002,0.9
23190,160503,NCHGS,S,0.001249000000000001,0.89
23190,160503,NCHGW,S,0.016128,0.87
23190,160503,NCCDV,S,0.0005599999999999997,0.89
23190,160503,NCCMJ,S,0.0019950000000000002,0.79
23190,160503,NCHCA,S,0.009299,0.81
23190,160503,NCJBC,S,0.0005650000000000013,0.86
23190,160503,NCCVA,S,0.011223,0.93
23190,160503,NCHPR,S,0.012480000000000002,0.87
23190,160503,NCHCB,S,-0.0013759999999999988,0.78
23190,160503,NCHPL,S,0.014913000000000001,0.86
23190,160503,NCJPPa,S,0.019529,0.72
23190,160503,NCBVY,S,0.022214,0.82
23190,160503,NCHQR,S,0.028581000000000002,0.83
23190,215747,NCCADa,P,0.016524,0.8
23190,215747,NCJST,P,0.00974,0.754
23190,215747,NCJCB,P,0.008605,0.81
23190,215747,NCCML,P,0.0034330000000000003,0.937
23190,215747,NCJRR,P,0.011401999999999999,0.814
23190,215747,NCHGW,P,0.033818,0.917
23190,215747,NCCDV,P,-0.021456000000000003,0.955
23190,215747,NCCMJ,P,-0.008113,0.852
23190,215747,NCJBZ,P,0.0036500000000000005,0.822
23190,215747,NCHCA,P,0.020797000000000003,0.945
23190,215747,NCCMR,P,-0.008095,0.937
23190,215747,NCCVA,P,-0.01391,0.813
23190,215747,NCHCR,P,0.018327,0.792
23190,215747,NCHPL,P,0.01784,0.926
23190,215747,NCJBM,P,-0.010157,0.857
23190,215747,NCHAZ,P,0.012187,0.758
23190,215747,NCJPPa,P,0.006809,0.816
23190,215747,NCHDLb,P,0.011834,0.908
23190,215747,NCHJG,P,0.012563000000000001,0.878
23190,215747,NCHFP,P,0.023572000000000003,0.78
23190,215747,NCBVY,P,0.026628,0.816
23190,215747,NCHQR,P,0.037194,0.776
23190,215747,NCCADa,S,0.030141,0.74
23190,215747,NCJST,S,0.011118,0.78
23190,215747,NCJCB,S,0.021380000000000003,0.86
23190,215747,NCCML,S,-0.010271,0.9
23190,215747,NCJAL,S,0.010891000000000001,0.76
23190,215747,NCHSP,S,0.043526999999999996,0.72
23190,215747,NCHGS,S,0.027699,0.78
23190,215747,NCJLX,S,-0.004687,0.79
23190,215747,NCHGW,S,0.041344,0.71
23190,215747,NCCDV,S,-0.03203,0.93
23190,215747,NCJBC,S,-0.016870000000000003,0.82
23190,215747,NCCVA,S,-0.023253000000000003,0.91
23190,215747,NCHCB,S,0.012219,0.73
23190,215747,NCHPL,S,0.031212000000000004,0.79
23190,23195,NCHPL,P,0.160366,0.816
23190,238704,NCCSC,P,-0.009624,0.917
23190,238704,NCCADa,P,-0.017370999999999998,0.873
23190,238704,NCJST,P,-0.0146,0.756
23190,238704,NCJCB,P,-0.022199,0.853
23190,238704,NCCML,P,-0.00021099999999999938,0.985
23190,238704,NCJAL,P,-0.016184,0.723
23190,238704,NCHSP,P,-0.006831,0.845
23190,238704,NCJHL,P,-0.014569,0.79
23190,238704,NCJRR,P,-0.018716999999999998,0.922
23190,238704,NCJSS,P,-0.009579999999999998,0.858
23190,238704,NCHGS,P,-0.015315,0.872
23190,238704,NCJLX,P,-0.013486000000000001,0.782
23190,238704,NCHGW,P,-0.0008759999999999983,0.985
23190,238704,NCCDV,P,-0.025263,0.955
23190,238704,NCCMJ,P,-0.009408,0.914
23190,238704,NCJBZ,P,-0.022079,0.911
23190,238704,NCJSG,P,0.000622000000000001,0.909
23190,238704,NCHCA,P,-0.015434,0.93
23190,238704,NCCMR,P,-0.01167,0.964
23190,238704,NCCVA,P,-0.013103,0.88
23190,238704,NCJPL,P,-0.008400999999999999,0.728
23190,238704,NCHCR,P,-0.017268,0.893
23190,238704,NCHPL,P,-0.013744,0.922
23190,238704,NCJBM,P,-0.017014,0.925
23190,238704,NCHAZ,P,-0.019642,0.827
23190,238704,NCCPL,P,0.0005070000000000005,0.835
23190,238704,NCJBLb,P,-0.017374,0.752
23190,238704,NCJPPa,P,-0.0022590000000000006,0.821
23190,238704,NCHSFb,P,-0.011201,0.931
23190,238704,NCJHP,P,-0.011363999999999999,0.932
23190,238704,NCJPS,P,-0.016729,0.838
23190,238704,NCHFP,P,-0.008750999999999998,0.939
23190,238704,NCBVY,P,-0.007269000000000001,0.904
23190,238704,NCHQR,P,-0.00026199999999999835,0.914
23190,238704,NCCCOa,S,-0.020242,0.89
23190,238704,NCCSC,S,-0.010016,0.82
23190,238704,NCCADa,S,-0.019347,0.94
23190,238704,NCJST,S,-0.011675999999999999,0.86
23190,238704,NCJCB,S,-0.019516,0.98
23190,238704,NCCML,S,9.500000000000133e-05,0.97
23190,238704,NCJAL,S,-0.009621999999999999,0.92
23190,238704,NCHSP,S,-0.006342,0.89
23190,238704,NCJHL,S,-0.011595999999999999,0.85
23190,238704,NCJRR,S,-0.018632,0.9
23190,238704,NCJSS,S,-0.010794000000000002,0.91
23190,238704,NCHGS,S,-0.015839,0.9
23190,238704,NCJLX,S,-0.011626000000000001,0.94
23190,238704,NCHGW,S,-0.0013220000000000003,0.96
23190,238704,NCCDV,S,-0.024302,0.94
23190,238704,NCCMJ,S,-0.009526,0.95
23190,238704,NCJBZ,S,-0.021341,0.84
23190,238704,NCJSG,S,-0.0004930000000000004,0.86
23190,238704,NCHCA,S,-0.012917000000000001,0.83
23190,238704,NCCMR,S,-0.008646999999999998,0.98
23190,238704,NCJBC,S,-0.02074,0.88
23190,238704,NCCVA,S,-0.010831,0.97
23190,238704,NCJPL,S,-0.009857999999999999,0.86
23190,238704,NCHCR,S,-0.017717999999999998,0.78
23190,238704,NCHPL,S,-0.016076,0.83
23190,238704,NCJBM,S,-0.017710999999999998,0.91
23190,238704,NCCPL,S,0.00024199999999999916,0.94
23190,238704,NCJUC,S,-0.009808999999999998,0.75
23190,238704,NCJPPa,S,-0.0020960000000000006,0.74
23190,238704,NCHSFb,S,-0.008568,0.9
23190,238704,NCJHP,S,-0.010336000000000001,0.71
23190,238704,NCJPS,S,-0.016496,0.9
23190,238704,NCHFP,S,-0.009224,0.9
23190,238704,NCBVY,S,-0.004872999999999999,0.88
23190,238704,NCHQR,S,0.002252999999999998,0.81
23190,238790,NCCSC,P,-0.0024020000000000014,0.819
23190,238790,NCCADa,P,0.0026460000000000025,0.851
23190,238790,NCJST,P,-5.100000000000243e-05,0.728
23190,238790,NCJCB,P,-0.005419,0.754
23190,238790,NCCML,P,0.0009520000000000015,0.977
23190,238790,NCHSP,P,0.017522999999999997,0.755
23190,238790,NCJHL,P,0.0022900000000000004,0.794
23190,238790,NCJRR,P,-0.0010679999999999995,0.819
23190,238790,NCHGS,P,0.0037809999999999996,0.849
23190,238790,NCHGW,P,0.019255999999999995,0.926
23190,238790,NCCDV,P,-0.024758,0.934
23190,238790,NCCMJ,P,-0.010596000000000001,0.872
23190,238790,NCJBZ,P,-0.005063999999999999,0.834
23190,238790,NCHCA,P,0.004508999999999999,0.911
23190,238790,NCJSG,P,0.0037499999999999964,0.83
23190,238790,NCCMR,P,-0.011986000000000004,0.94
23190,238790,NCCVA,P,-0.015669,0.84
23190,238790,NCHCR,P,0.0028919999999999987,0.83
23190,238790,NCHPL,P,0.0038919999999999996,0.917
23190,238790,NCJBM,P,-0.012795,0.839
23190,238790,NCHAZ,P,-0.00041300000000000364,0.781
23190,238790,NCCPL,P,-0.0018270000000000022,0.708
23190,238790,NCJPPa,P,0.0018439999999999984,0.819
23190,238790,NCHLT,P,0.004542999999999998,0.734
23190,238790,NCJHP,P,-0.010426999999999999,0.931
23190,238790,NCHFP,P,0.009590000000000001,0.869
23190,238790,NCBVY,P,0.0119,0.905
23190,238790,NCHQR,P,0.020668000000000006,0.885
23190,238790,NCCSC,S,-0.0008459999999999995,0.72
23190,238790,NCCADa,S,0.00986,0.77
23190,238790,NCJST,S,0.0005160000000000026,0.8
23190,238790,NCJCB,S,0.005194999999999998,0.86
23190,238790,NCCML,S,-0.009439000000000003,0.95
23190,238790,NCJAL,S,0.004866000000000002,0.76
23190,238790,NCHSP,S,0.021540000000000004,0.79
23190,238790,NCJHL,S,0.0015620000000000009,0.76
23190,238790,NCJSS,S,0.0004320000000000018,0.9
23190,238790,NCHGS,S,0.009037999999999997,0.79
23190,238790,NCJLX,S,-0.007268999999999998,0.85
23190,238790,NCHGW,S,0.022626999999999994,0.8
23190,238790,NCCDV,S,-0.032175,0.94
23190,238790,NCCMJ,S,-0.017812,0.78
23190,238790,NCHCA,S,0.009699,0.75
23190,238790,NCJSG,S,0.0023940000000000003,0.79
23190,238790,NCCMR,S,-0.019026,0.94
23190,238790,NCJBC,S,-0.016312,0.84
23190,238790,NCCVA,S,-0.020266,0.96
23190,238790,NCJPL,S,0.004733000000000001,0.78
23190,238790,NCHPL,S,0.012907000000000002,0.87
23190,238790,NCHFP,S,0.011714999999999996,0.76
23190,238790,NCBVY,S,0.016957,0.77
23190,30062741,NCCADa,P,-0.008312999999999987,0.726
23190,30062741,NCJST,P,-0.020473999999999992,0.795
23190,30062741,NCJCB,P,-0.019772999999999985,0.882
23190,30062741,NCCML,P,0.001929000000000014,0.931
23190,30062741,NCHSP,P,-0.0033119999999999816,0.747
23190,30062741,NCJHL,P,-0.012026999999999982,0.848
23190,30062741,NCJRR,P,-0.016949999999999993,0.852
23190,30062741,NCHGS,P,-0.013285999999999992,0.827
23190,30062741,NCCMJ,P,-0.008578000000000002,0.859
23190,30062741,NCJBZ,P,-0.023517999999999983,0.838
23190,30062741,NCHCR,P,-0.014334999999999987,0.809
23190,30062741,NCHCB,P,-0.009173999999999988,0.757
23190,30062741,NCHFE,P,-0.016121999999999997,0.717
23190,30062741,NCHPL,P,-0.012667999999999985,0.939
23190,30062741,NCJBM,P,-0.015629000000000004,0.743
23190,30062741,NCHAZ,P,-0.016346,0.738
23190,30062741,NCHDLb,P,-0.017349000000000003,0.901
23190,30062741,NCHFP,P,-0.004010999999999987,0.843
23190,30062741,NCBVY,P,-0.005375999999999992,0.822
23190,30062741,NCCADa,S,-0.009477999999999986,0.83
23190,30062741,NCJST,S,-0.013317999999999997,0.86
23190,30062741,NCJCB,S,-0.011941000000000007,0.87
23190,30062741,NCCML,S,-0.0023829999999999962,0.92
23190,30062741,NCJAL,S,-0.007353999999999999,0.88
23190,30062741,NCHSP,S,-0.0017159999999999953,0.84
23190,30062741,NCJHL,S,-0.00995299999999999,0.77
23190,30062741,NCJRR,S,-0.01604899999999998,0.77
23190,30062741,NCJSS,S,-0.01035999999999998,0.94
23190,30062741,NCHGS,S,-0.012972999999999985,0.82
23190,30062741,NCCDV,S,-0.025264999999999982,0.92
23190,30062741,NCCMJ,S,-0.01181199999999999,0.81
23190,30062741,NCJBZ,S,-0.026090000000000002,0.74
23190,30062741,NCJPL,S,-0.005225999999999981,0.76
23190,30062741,NCHCB,S,-0.015585999999999989,0.86
23190,30062741,NCHPL,S,-0.007826,0.91
23190,30062741,NCHDLb,S,-0.015902,0.74
23190,30062741,NCBVY,S,-0.00136,0.87
23190,30069222,NCJST,P,-0.005964999999999998,0.721
23190,30069222,NCJCB,P,0.007535,0.747
23190,30069222,NCCML,P,-0.002121999999999999,0.93
23190,30069222,NCHGS,P,0.021251,0.801
23190,30069222,NCHGW,P,0.033613,0.88
23190,30069222,NCCDV,P,-0.027861999999999998,0.937
23190,30069222,NCCMJ,P,-0.016401,0.729
23190,30069222,NCJBZ,P,-0.0002879999999999966,0.873
23190,30069222,NCJSG,P,0.00019300000000000567,0.793
23190,30069222,NCCMR,P,-0.010985999999999996,0.919
23190,30069222,NCCVA,P,-0.021077999999999996,0.788
23190,30069222,NCHCR,P,0.014072000000000008,0.761
23190,30069222,NCHPL,P,0.021469999999999996,0.884
23190,30069222,NCJBM,P,-0.013074999999999996,0.766
23190,30069222,NCHDLb,P,0.012254000000000008,0.825
23190,30069222,NCHJG,P,0.013780000000000008,0.815
23190,30069222,NCBVY,P,0.027192,0.801
23190,30069222,NCCAO,S,0.007627000000000002,0.75
23190,30069222,NCJST,S,-0.005266,0.78
23190,30069222,NCJCB,S,0.019008000000000004,0.76
23190,30069222,NCCML,S,-0.013887999999999998,0.87
23190,30069222,NCJAL,S,0.002614000000000005,0.74
23190,30069222,NCJSS,S,0.0012689999999999993,0.81
23190,30069222,NCHGS,S,0.031291000000000006,0.75
23190,30069222,NCCDV,S,-0.037716,0.89
23190,30069222,NCCVA,S,-0.030226999999999997,0.92
23190,30069222,NCHCB,S,0.022331999999999998,0.74
23190,30092060,NCJCB,P,-0.0036400000000000043,0.737
23190,30092060,NCCML,P,-0.005611000000000005,0.93
23190,30092060,NCHSP,P,0.018923999999999996,0.713
23190,30092060,NCJRR,P,-0.00025899999999999535,0.84
23190,30092060,NCHGW,P,0.020420999999999995,0.919
23190,30092060,NCCDV,P,-0.031387,0.955
23190,30092060,NCCMJ,P,-0.018591999999999997,0.837
23190,30092060,NCHCA,P,0.0072519999999999946,0.921
23190,30092060,NCJSG,P,-0.004065000000000013,0.763
23190,30092060,NCCVA,P,-0.022951,0.863
23190,30092060,NCJSJ,P,-0.020406000000000007,0.76
23190,30092060,NCHCR,P,0.004146999999999998,0.82
23190,30092060,NCJBM,P,-0.018598000000000003,0.827
23190,30092060,NCHDLb,P,-0.0016270000000000034,0.854
23190,30092060,NCBVY,P,0.012005000000000002,0.843
23190,30092060,NCCADa,S,0.022428000000000003,0.78
23190,30092060,NCJST,S,-0.0022849999999999954,0.74
23190,30092060,NCJCB,S,0.009454000000000004,0.86
23190,30092060,NCCML,S,-0.018203999999999998,0.93
23190,30092060,NCHSP,S,0.029022999999999993,0.77
23190,30092060,NCJSS,S,-0.003475000000000006,0.84
23190,30092060,NCJLX,S,-0.013495000000000007,0.8
23190,30092060,NCCDV,S,-0.04122600000000001,0.93
23190,30092060,NCJSG,S,-0.006275000000000003,0.74
23190,30092060,NCJBC,S,-0.020953,0.78
23190,30092060,NCCVA,S,-0.03151300000000001,0.96
23190,32049,NCCSC,P,-0.009779,0.885
23190,32049,NCJST,P,0.0007849999999999992,0.806
23190,32049,NCJCB,P,0.008290999999999998,0.846
23190,32049,NCCML,P,-0.019784,0.964
23190,32049,NCCMM,P,-0.009847000000000002,0.777
23190,32049,NCHGW,P,0.012727,0.944
23190,32049,NCCDV,P,-0.020078,0.953
23190,32049,NCCMJ,P,-0.021856,0.854
23190,32049,NCJBZ,P,0.007424999999999999,0.844
23190,32049,NCJSG,P,-0.015951,0.818
23190,32049,NCCMR,P,-0.019610000000000002,0.953
23190,32049,NCCVA,P,-0.022984,0.848
23190,32049,NCHPR,P,0.011121,0.913
23190,32049,NCHCR,P,0.011631,0.825
23190,32049,NCCVL,P,-0.025175,0.713
23190,32049,NCJBM,P,-0.015948,0.812
23190,32049,NCJPPa,P,-0.015565,0.771
23190,32049,NCHJG,P,0.009257,0.899
23190,32049,NCHFP,P,0.008195,0.815
23190,32049,NCBVY,P,0.010091999999999999,0.857
23190,32049,NCHQR,P,0.013098,0.879
23190,32049,NCCAO,S,-0.001361000000000001,0.77
23190,32049,NCJST,S,0.0001349999999999997,0.89
23190,32049,NCJCB,S,0.020984000000000003,0.85
23190,32049,NCCML,S,-0.035674,0.88
23190,32049,NCJAL,S,0.0027740000000000004,0.84
23190,32049,NCCMM,S,-0.017872,0.86
23190,32049,NCCDV,S,-0.032911,0.92
23190,32049,NCCMR,S,-0.034851,0.79
23190,32049,NCJBC,S,-0.011550000000000001,0.88
23190,32049,NCCVA,S,-0.035045,0.92
23190,32049,NCHPR,S,0.018061,0.72
23190,32049,NCCMN,S,-0.030508,0.83
23190,32049,NCCVL,S,-0.037718,0.8
23190,389286,NCJST,P,-0.002366,0.724
23190,389286,NCJCB,P,-0.0034990000000000004,0.759
23190,389286,NCJRR,P,0.0006669999999999992,0.835
23190,389286,NCHGW,P,0.022881,0.9
23190,389286,NCCDV,P,-0.037759,0.946
23190,389286,NCCMJ,P,-0.02584,0.757
23190,389286,NCJSG,P,-0.00911,0.852
23190,389286,NCCMR,P,-0.023687999999999997,0.915
23190,389286,NCCVA,P,-0.029486000000000002,0.866
23190,389286,NCHCR,P,0.0052699999999999995,0.764
23190,389286,NCHPL,P,0.0068839999999999995,0.908
23190,389286,NCJBM,P,-0.022607,0.827
23190,389286,NCHAZ,P,0.0009139999999999999,0.805
23190,389286,NCHFP,P,0.011352999999999999,0.804
23190,389286,NCCAO,S,-0.006946000000000001,0.72
23190,389286,NCJST,S,-0.0011879999999999998,0.78
23190,389286,NCJCB,S,0.009944,0.85
23190,389286,NCJAL,S,0.0007349999999999995,0.73
23190,389286,NCHSP,S,0.032755,0.71
23190,389286,NCJSS,S,-0.007079000000000002,0.83
23190,389286,NCHGS,S,0.015666,0.78
23190,389286,NCJLX,S,-0.017182,0.81
23190,389286,NCCDV,S,-0.049908999999999995,0.93
23190,389286,NCCVA,S,-0.03639100000000001,0.87
23190,389286,NCHCB,S,0.003964,0.72
23190,42555,NCCSC,P,-0.012285999999999998,0.808
23190,42555,NCJST,P,0.0005400000000000023,0.721
23190,42555,NCCML,P,-0.017519,0.811
23190,42555,NCCMM,P,-0.0034579999999999993,0.751
23190,42555,NCJRR,P,0.013620999999999998,0.708
23190,42555,NCHGW,P,0.019157999999999998,0.93
23190,42555,NCCDV,P,-0.016925,0.928
23190,42555,NCCMJ,P,-0.02028,0.81
23190,42555,NCJBZ,P,0.009204,0.791
23190,42555,NCHCA,P,0.021474000000000004,0.905
23190,42555,NCJSG,P,-0.012091,0.809
23190,42555,NCCMR,P,-0.013689999999999999,0.876
23190,42555,NCCVA,P,-0.019568,0.862
23190,42555,NCCMN,P,-0.015113,0.786
23190,42555,NCJBM,P,-0.011534999999999998,0.808
23190,42555,NCHJG,P,0.018845000000000004,0.845
23190,42555,NCJHP,P,-0.013550999999999999,0.715
23190,42555,NCHFP,P,0.017919,0.702
23190,42555,NCCAO,S,0.007505000000000001,0.75
23190,42555,NCJST,S,-0.0019290000000000002,0.81
23190,42555,NCJCB,S,0.023270000000000002,0.76
23190,42555,NCCML,S,-0.025698,0.74
23190,42555,NCJAL,S,0.0009530000000000025,0.84
23190,42555,NCCMM,S,-0.004983999999999999,0.79
23190,42555,NCJSS,S,-0.004704,0.77
23190,42555,NCHGS,S,0.028820000000000002,0.79
23190,42555,NCCDV,S,-0.02787,0.91
23190,42555,NCCVA,S,-0.029921,0.88
23190,42559,NCCCOa,P,-0.007539000000000004,0.71
23190,42559,NCCSC,P,-0.006649000000000002,0.897
23190,42559,NCCAO,P,-0.007102000000000004,0.814
23190,42559,NCCADa,P,-0.006936999999999999,0.919
23190,42559,NCJST,P,-0.006901999999999998,0.838
23190,42559,NCJCB,P,-0.007868,0.91
23190,42559,NCCML,P,-0.007970000000000005,0.97
23190,42559,NCCAL,P,-0.007963000000000005,0.757
23190,42559,NCJAL,P,-0.010488,0.842
23190,42559,NCHSP,P,-0.007490000000000004,0.873
23190,42559,NCCMM,P,-0.007355,0.935
23190,42559,NCJHL,P,-0.008335000000000002,0.895
23190,42559,NCJRR,P,-0.007747000000000004,0.926
23190,42559,NCJSS,P,-0.007519000000000005,0.864
23190,42559,NCHGS,P,-0.008405000000000003,0.947
23190,42559,NCHGW,P,-0.006554999999999998,0.969
23190,42559,NCCDV,P,-0.0066840000000000024,0.97
23190,42559,NCCMJ,P,-0.0068020000000000025,0.93
23190,42559,NCJBZ,P,-0.008806000000000001,0.873
23190,42559,NCJSG,P,-0.007607000000000003,0.928
23190,42559,NCHCA,P,-0.005398,0.921
23190,42559,NCCMR,P,-0.007080000000000003,0.95
23190,42559,NCJBC,P,-0.010097000000000002,0.906
23190,42559,NCCVA,P,-0.007436000000000005,0.929
23190,42559,NCHPR,P,-0.006548999999999999,0.768
23190,42559,NCCMN,P,-0.005402000000000004,0.793
23190,42559,NCHCR,P,-0.008351999999999998,0.849
23190,42559,NCJBM,P,-0.007419000000000002,0.901
23190,42559,NCHAZ,P,-0.008254999999999998,0.798
23190,42559,NCCPL,P,-0.007976000000000004,0.706
23190,42559,NCHSFb,P,-0.007404000000000001,0.921
23190,42559,NCHJG,P,-0.0078060000000000004,0.934
23190,42559,NCJHP,P,-0.007814000000000002,0.922
23190,42559,NCHFP,P,-0.005837000000000002,0.807
23190,42559,NCBVY,P,0.0024230000000000015,0.754
23190,42559,NCHQR,P,0.0026709999999999998,0.865
23190,42559,NCCCOa,S,-0.007843000000000003,0.91
23190,42559,NCCSC,S,-0.006884000000000001,0.93
23190,42559,NCCAO,S,-0.006849000000000001,0.89
23190,42559,NCCADa,S,-0.007376000000000001,0.94
23190,42559,NCJST,S,-0.006286,0.9
23190,42559,NCJCB,S,-0.0060130000000000045,0.97
23190,42559,NCCML,S,-0.008045000000000004,0.93
23190,42559,NCJAL,S,-0.008326,0.97
23190,42559,NCHSP,S,-0.007393000000000004,0.92
23190,42559,NCCMM,S,-0.007651999999999999,0.96
23190,42559,NCJHL,S,-0.008518000000000005,0.91
23190,42559,NCJRR,S,-0.008102000000000005,0.94
23190,42559,NCJSS,S,-0.007231000000000001,0.9
23190,42559,NCHGS,S,-0.008298,0.97
23190,42559,NCHGW,S,-0.007161000000000001,0.95
23190,42559,NCCDV,S,-0.007267000000000003,0.98
23190,42559,NCCMJ,S,-0.007792,0.96
23190,42559,NCJBZ,S,-0.0017140000000000002,0.85
23190,42559,NCJSG,S,0.002145999999999995,0.87
23190,42559,NCHCA,S,-0.0038790000000000005,0.84
23190,42559,NCCMR,S,-0.0043310000000000015,0.92
23190,42559,NCJBC,S,0.0018810000000000007,0.95
23190,42559,NCCVA,S,0.003263999999999996,0.97
23190,42559,NCHPR,S,0.006654,0.8
23190,42559,NCCMN,S,0.003587,0.96
23190,42559,NCHCR,S,0.0020789999999999975,0.77
23190,42559,NCJBM,S,0.0017080000000000012,0.83
23190,42559,NCCPL,S,0.0015319999999999986,0.93
23190,42559,NCHSFb,S,0.0033110000000000014,0.8
23190,42559,NCHJG,S,0.0022949999999999984,0.89
23190,42559,NCHFP,S,0.002364999999999999,0.85
23190,42559,NCBVY,S,0.003132999999999997,0.85
23190,42559,NCHQR,S,0.00442,0.83
23190,42643,NCCSC,P,-0.007662000000000002,0.867
23190,42643,NCCADa,P,0.004425999999999999,0.816
23190,42643,NCJCB,P,0.001358999999999999,0.804
23190,42643,NCCML,P,-0.016833,0.778
23190,42643,NCHSP,P,0.007665999999999999,0.718
23190,42643,NCCMM,P,-0.009454000000000004,0.85
23190,42643,NCJHL,P,-0.0007549999999999987,0.715
23190,42643,NCJRR,P,0.0004310000000000008,0.765
23190,42643,NCHGS,P,0.0027609999999999996,0.912
23190,42643,NCHGW,P,0.0043230000000000005,0.912
23190,42643,NCCDV,P,-0.015104,0.931
23190,42643,NCCMJ,P,-0.016634000000000003,0.857
23190,42643,NCJBZ,P,-0.0002339999999999981,0.872
23190,42643,NCHCA,P,0.005950999999999998,0.902
23190,42643,NCJSG,P,-0.011713000000000001,0.904
23190,42643,NCCMR,P,-0.016163000000000004,0.862
23190,42643,NCJBC,P,-0.008967000000000003,0.82
23190,42643,NCCVA,P,-0.018429,0.84
23190,42643,NCHPR,P,0.004361999999999998,0.797
23190,42643,NCCMN,P,-0.013308,0.795
23190,42643,NCHCR,P,0.0033159999999999995,0.815
23190,42643,NCJBM,P,-0.011570999999999998,0.917
23190,42643,NCHAZ,P,0.0013039999999999996,0.828
23190,42643,NCHSFb,P,0.003474999999999999,0.807
23190,42643,NCHJG,P,0.0019799999999999957,0.904
23190,42643,NCJHP,P,-0.014137999999999998,0.857
23190,42643,NCJPS,P,-0.012114,0.746
23190,42643,NCHFP,P,0.001342999999999997,0.825
23190,42643,NCBVY,P,0.001920999999999999,0.881
23190,42643,NCHQR,P,0.005526999999999997,0.828
23190,42643,NCCSC,S,-0.0064659999999999995,0.74
23190,42643,NCCAO,S,-0.0024310000000000026,0.81
23190,42643,NCCADa,S,0.012945000000000005,0.79
23190,42643,NCJST,S,-0.002488000000000004,0.79
23190,42643,NCJCB,S,0.009203999999999997,0.84
23190,42643,NCCML,S,-0.027015,0.89
23190,42643,NCJAL,S,-0.0021870000000000014,0.87
23190,42643,NCHSP,S,0.011141000000000005,0.74
23190,42643,NCCMM,S,-0.013923999999999999,0.9
23190,42643,NCJHL,S,-0.0024310000000000026,0.74
23190,42643,NCJSS,S,-0.006638999999999999,0.92
23190,42643,NCHGS,S,0.006492999999999999,0.85
23190,42643,NCHGW,S,0.006894000000000004,0.78
23190,42643,NCCDV,S,-0.024218000000000003,0.93
23190,42643,NCCMJ,S,-0.023805,0.71
23190,42643,NCJBZ,S,-0.0020960000000000006,0.73
23190,42643,NCHCA,S,0.010865999999999994,0.79
23190,42643,NCJSG,S,-0.013937999999999999,0.79
23190,42643,NCJBC,S,-0.011587,0.94
23190,42643,NCCVA,S,-0.026385000000000002,0.94
23190,42643,NCHPR,S,0.009027,0.77
23190,42643,NCJPL,S,0.0009650000000000006,0.71
23190,42643,NCCMN,S,-0.018444000000000002,0.95
23190,42643,NCJUC,S,-0.005635000000000001,0.81
23190,42643,NCHSFb,S,0.009123,0.86
23190,42643,NCHJG,S,0.007156000000000003,0.75
23190,42643,NCBVY,S,0.005982000000000001,0.74
23190,42643,NCHQR,S,0.006517000000000002,0.74
23190,478138,NCCAO,P,0.01073099999999999,0.894
23190,478138,NCCADa,P,0.01180299999999998,0.76
23190,478138,NCJST,P,0.011417999999999984,0.903
23190,478138,NCCML,P,0.023933999999999983,0.947
23190,478138,NCJAL,P,0.010733999999999994,0.871
23190,478138,NCHSP,P,0.02003999999999999,0.964
23190,478138,NCJHL,P,0.010793999999999998,0.965
23190,478138,NCJLX,P,0.01034199999999999,0.939
23190,478138,NCCDV,P,-0.0012350000000000139,0.97
23190,478138,NCCMJ,P,0.013314999999999994,0.929
23190,478138,NCHCA,P,0.012446999999999986,0.965
23190,478138,NCCMR,P,0.003267999999999993,0.929
23190,478138,NCJBC,P,0.0024729999999999752,0.847
23190,478138,NCCVA,P,0.010417999999999983,0.951
23190,478138,NCHCR,P,0.012028999999999984,0.921
23190,478138,NCHFE,P,0.011628,0.715
23190,478138,NCJBM,P,0.009281999999999985,0.924
23190,478138,NCJPPa,P,0.031021999999999994,0.794
23190,478138,NCJPS,P,0.010250999999999982,0.909
23190,478138,NCCAO,S,0.009881000000000001,0.89
23190,478138,NCCADa,S,0.01181199999999999,0.88
23190,478138,NCJST,S,0.013419999999999987,0.88
23190,478138,NCCML,S,0.023013999999999993,0.96
23190,478138,NCJAL,S,0.014168999999999987,0.92
23190,478138,NCHSP,S,0.02085099999999998,0.96
23190,478138,NCJHL,S,0.012798999999999977,0.91
23190,478138,NCJLX,S,0.011248999999999981,0.95
23190,478138,NCCDV,S,-0.00040600000000001746,0.98
23190,478138,NCCMJ,S,0.012742999999999977,0.95
23190,478138,NCHCA,S,0.014675999999999995,0.83
23190,478138,NCCMR,S,0.0022789999999999755,0.96
23190,478138,NCJBC,S,0.007468999999999976,0.91
23190,478138,NCCVA,S,0.011419999999999986,0.98
23190,478138,NCJPL,S,0.014887999999999985,0.81
23190,478138,NCHCR,S,0.013521999999999978,0.8
23190,478138,NCHCB,S,0.004791999999999991,0.89
23190,478138,NCJBM,S,0.008831999999999979,0.87
23190,478138,NCJPS,S,0.01063799999999998,0.9
23190,529274,NCJST,P,0.010609000000000007,0.828
23190,529274,NCCML,P,0.007936000000000012,0.965
23190,529274,NCHSP,P,0.03028800000000001,0.751
23190,529274,NCJHL,P,0.01408100000000001,0.736
23190,529274,NCCDV,P,-0.018387999999999988,0.965
23190,529274,NCJBZ,P,0.011068000000000008,0.944
23190,529274,NCHCA,P,0.021605000000000013,0.896
23190,529274,NCJBC,P,-0.0015499999999999958,0.762
23190,529274,NCCVA,P,-0.009101999999999999,0.865
23190,529274,NCJSJ,P,-0.006926999999999989,0.727
23190,529274,NCHCR,P,0.019767000000000007,0.717
23190,529274,NCHCB,P,0.01899400000000001,0.743
23190,529274,NCJBM,P,-0.005405999999999994,0.817
23190,529274,NCJPPa,P,0.018797000000000008,0.732
23190,529274,NCJHP,P,-0.003480999999999984,0.828
23190,529274,NCHFP,P,0.024010000000000004,0.804
23190,529274,NCHJS,P,0.01933,0.706
23190,529274,NCCAO,S,0.007363000000000008,0.71
23190,529274,NCCADa,S,0.031991000000000006,0.8
23190,529274,NCJST,S,0.014321,0.81
23190,529274,NCCML,S,-0.004063999999999984,0.93
23190,529274,NCJAL,S,0.017164000000000013,0.74
23190,529274,NCHSP,S,0.039704,0.78
23190,529274,NCJHL,S,0.013117000000000004,0.76
23190,529274,NCJSS,S,0.012171000000000001,0.87
23190,529274,NCJLX,S,0.002135999999999999,0.82
23190,529274,NCCDV,S,-0.02751199999999998,0.94
23190,529274,NCJBC,S,-0.0019859999999999878,0.86
23190,529274,NCCVA,S,-0.01880799999999999,0.94
23190,529274,NCJPL,S,0.02154500000000001,0.81
23190,529274,NCHCB,S,0.016334,0.81
23190,54084,NCCCOa,P,-0.009628,0.862
23190,54084,NCCSC,P,-0.009026999999999999,0.942
23190,54084,NCCAO,P,-0.008695,0.851
23190,54084,NCCADa,P,-0.025699,0.893
23190,54084,NCJST,P,-0.008232000000000001,0.96
23190,54084,NCJCB,P,-0.010351,0.911
23190,54084,NCJAL,P,-0.008565999999999999,0.898
23190,54084,NCHSP,P,-0.005448,0.777
23190,54084,NCJHL,P,-0.007004999999999999,0.918
23190,54084,NCJRR,P,-0.011160999999999999,0.963
23190,54084,NCJLX,P,-0.009498000000000001,0.968
23190,54084,NCHGW,P,-0.00949,0.982
23190,54084,NCCDV,P,-0.008443999999999998,0.991
23190,54084,NCCMJ,P,-0.008145999999999999,0.91
23190,54084,NCJBZ,P,-0.016225999999999997,0.873
23190,54084,NCJSG,P,-0.008842999999999998,0.938
23190,54084,NCCMR,P,-0.008432,0.981
23190,54084,NCCVA,P,-0.008461000000000002,0.949
23190,54084,NCHCR,P,-0.010174999999999998,0.879
23190,54084,NCCVL,P,-0.0088,0.765
23190,54084,NCHPL,P,-0.011049999999999999,0.951
23190,54084,NCJBM,P,-0.009692000000000001,0.964
23190,54084,NCJPS,P,-0.009451,0.793
23190,54084,NCHFP,P,-0.010368,0.923
23190,54084,NCBVY,P,-0.009288,0.895
23190,54084,NCHQR,P,-0.009349000000000001,0.754
23190,54084,NCCCOa,S,-0.009487999999999998,0.92
23190,54084,NCCSC,S,-0.008301999999999999,0.97
23190,54084,NCCAO,S,-0.009344,0.92
23190,54084,NCCADa,S,-0.024161999999999996,0.87
23190,54084,NCJST,S,-0.006872999999999999,0.98
23190,54084,NCJCB,S,-0.008075999999999998,0.98
23190,54084,NCHSP,S,-0.00391,0.88
23190,54084,NCJHL,S,-0.007044,0.95
23190,54084,NCJRR,S,-0.011416,0.95
23190,54084,NCJSS,S,-0.0068270000000000015,0.91
23190,54084,NCHGW,S,-0.009900999999999998,0.95
23190,54084,NCCDV,S,-0.009109999999999998,0.99
23190,54084,NCCMJ,S,-0.008705,0.95
23190,54084,NCJBZ,S,-0.015245,0.87
23190,54084,NCJSG,S,-0.006795000000000001,0.84
23190,54084,NCCMR,S,-0.007996000000000001,0.97
23190,54084,NCCVA,S,-0.007091999999999999,0.96
23190,54084,NCJPL,S,-0.0011529999999999995,0.91
23190,54084,NCHCR,S,-0.010986000000000001,0.77
23190,54084,NCCVL,S,-0.012644999999999998,0.81
23190,54084,NCHPL,S,-0.009983999999999998,0.78
23190,54084,NCJBM,S,-0.010069,0.91
23190,54084,NCJPS,S,-0.008513000000000001,0.72
23190,54084,NCBVY,S,-0.008949,0.84
23190,54084,NCHQR,S,-0.007305000000000001,0.77
23190,62514,NCCSC,P,-0.007875,0.853
23190,62514,NCCADa,P,-0.002624,0.83
23190,62514,NCJST,P,0.002715,0.758
23190,62514,NCJCB,P,0.008879,0.832
23190,62514,NCJHL,P,0.009569000000000001,0.711
23190,62514,NCJRR,P,0.008316,0.856
23190,62514,NCHGW,P,0.012433000000000001,0.928
23190,62514,NCCMJ,P,-0.020443000000000003,0.845
23190,62514,NCJBZ,P,0.000624,0.874
23190,62514,NCHCA,P,0.014091000000000001,0.89
23190,62514,NCJSG,P,-0.012645,0.862
23190,62514,NCCMR,P,-0.018246000000000002,0.936
23190,62514,NCCVA,P,-0.02155,0.861
23190,62514,NCHPR,P,0.008456,0.891
23190,62514,NCHCR,P,0.013462,0.786
23190,62514,NCJBM,P,-0.014163,0.804
23190,62514,NCJPPa,P,0.002553,0.758
23190,62514,NCJHP,P,-0.016967,0.899
23190,62514,NCBVY,P,0.011170000000000001,0.864
23190,62514,NCHQR,P,0.013861,0.741
23190,62514,NCCAO,S,0.0010139999999999997,0.77
23190,62514,NCJST,S,0.001042,0.89
23190,62514,NCJCB,S,0.021511,0.82
23190,62514,NCJAL,S,0.004708,0.76
23190,62514,NCJSS,S,-0.0032199999999999998,0.86
23190,62514,NCCDV,S,-0.033193,0.91
23190,62514,NCCMR,S,-0.034803999999999995,0.83
23190,62514,NCJBC,S,-0.00948,0.89
23190,62514,NCJUC,S,0.0013990000000000005,0.79
23190,62520,NCCSC,P,-0.008456000000000005,0.826
23190,62520,NCCADa,P,0.004052,0.741
23190,62520,NCJST,P,0.004288,0.709
23190,62520,NCJHL,P,0.012287,0.714
23190,62520,NCHGW,P,0.020474,0.932
23190,62520,NCCMJ,P,-0.015538999999999997,0.764
23190,62520,NCJSG,P,-0.007291000000000006,0.844
23190,62520,NCCMR,P,-0.009006,0.923
23190,62520,NCCVA,P,-0.015486,0.763
23190,62520,NCHPR,P,0.014353999999999999,0.812
23190,62520,NCHCR,P,0.019095999999999995,0.708
23190,62520,NCCVL,P,-0.015059000000000003,0.715
23190,62520,NCJBM,P,-0.008553000000000005,0.82
23190,62520,NCJPPa,P,0.011455,0.729
23190,62520,NCHJG,P,0.019450999999999996,0.811
23190,62520,NCJHP,P,-0.008904000000000009,0.87
23190,62520,NCJBG,P,-0.00804400000000001,0.803
23190,62520,NCBVY,P,0.021351999999999996,0.837
23190,62520,NCHQR,P,0.024088,0.797
23190,62520,NCCAO,S,0.010705,0.79
23190,62520,NCCADa,S,0.018463,0.71
23190,62520,NCJST,S,0.0012079999999999938,0.84
23190,62520,NCJCB,S,0.024425999999999996,0.74
23190,62520,NCJAL,S,0.007646,0.79
23190,62520,NCJSS,S,0.002352999999999994,0.85
23190,62520,NCCDV,S,-0.024077,0.88
23190,62520,NCCMR,S,-0.017434000000000005,0.82
23190,62520,NCCVA,S,-0.024913000000000005,0.93
23190,62520,NCHCB,S,0.027455999999999994,0.78
23190,62520,NCCVL,S,-0.02677700000000001,0.83
23190,77218,NCCCOa,P,-0.001994,0.876
23190,77218,NCCSC,P,-0.000281,0.967
23190,77218,NCCAO,P,-0.0005169999999999999,0.9
23190,77218,NCJST,P,-0.000766,0.91
23190,77218,NCCADa,P,-0.019472,0.918
23190,77218,NCJCB,P,-0.0036810000000000002,0.843
23190,77218,NCCML,P,-0.002916,0.957
23190,77218,NCCAL,P,-0.001776,0.746
23190,77218,NCHSP,P,-0.000972,0.969
23190,77218,NCJHL,P,-0.005979,0.9
23190,77218,NCJRR,P,-0.005852,0.945
23190,77218,NCJSS,P,-0.001335,0.949
23190,77218,NCHGS,P,-0.007202999999999999,0.964
23190,77218,NCJLX,P,-0.0018429999999999998,0.886
23190,77218,NCCDV,P,-0.005182,0.952
23190,77218,NCJBZ,P,-0.007679,0.788
23190,77218,NCJSG,P,-0.0013259999999999997,0.941
23190,77218,NCJBC,P,-0.005268,0.854
23190,77218,NCHPR,P,-0.001629,0.933
23190,77218,NCJPL,P,0.002698,0.769
23190,77218,NCJSJ,P,-0.002916,0.778
23190,77218,NCCMN,P,-0.0009529999999999999,0.914
23190,77218,NCHCR,P,-0.0055650000000000005,0.902
23190,77218,NCHFE,P,-0.010364,0.753
23190,77218,NCHAZ,P,-0.006648,0.815
23190,77218,NCCPL,P,-0.0015879999999999998,0.871
23190,77218,NCHDLb,P,-0.0018879999999999997,0.938
23190,77218,NCHSFb,P,-0.0029259999999999998,0.931
23190,77218,NCHJG,P,-0.005279,0.841
23190,77218,NCJHP,P,-0.00057,0.981
23190,77218,NCBVY,P,-0.002294,0.923
23190,77218,NCCCOa,S,-0.001655,0.92
23190,77218,NCCSC,S,-0.0007159999999999998,0.97
23190,77218,NCCAO,S,-0.0009319999999999999,0.95
23190,77218,NCJST,S,-0.0005399999999999999,0.92
23190,77218,NCCADa,S,-0.020083,0.97
23190,77218,NCJCB,S,-0.002731,0.98
23190,77218,NCCML,S,-0.004371,0.93
23190,77218,NCHSP,S,-0.0004609999999999998,0.98
23190,77218,NCJHL,S,-0.006074,0.93
23190,77218,NCJRR,S,-0.005701,0.93
23190,77218,NCJSS,S,-0.0016529999999999997,0.93
23190,77218,NCHGS,S,-0.007249,0.97
23190,77218,NCJLX,S,-0.001848,0.86
23190,77218,NCCDV,S,-0.0054210000000000005,0.96
23190,77218,NCCMJ,S,-0.002125,0.96
23190,77218,NCJBZ,S,-0.006731,0.79
23190,77218,NCJSG,S,-0.00017699999999999986,0.9
23190,77218,NCJBC,S,-0.0030080000000000003,0.98
23190,77218,NCHPR,S,0.00010400000000000014,0.95
23190,77218,NCJPL,S,0.004399,0.8
23190,77218,NCJSJ,S,-0.0035960000000000002,0.74
23190,77218,NCCMN,S,-0.0030369999999999998,0.95
23190,77218,NCHCR,S,-0.0051340000000000005,0.77
23190,77218,NCCPL,S,-0.0016569999999999998,0.94
23190,77218,NCHDLb,S,-0.0005169999999999999,0.92
23190,77218,NCHSFb,S,-0.0008879999999999999,0.95
23190,77218,NCHJG,S,-0.004962,0.82
23190,77218,NCJHP,S,0.0002500000000000001,0.73
23190,77218,NCBVY,S,-0.0028989999999999997,0.92
23195,101659,NCCCOa,P,-0.020505999999999996,0.78
23195,101659,NCCSC,P,-0.017095,0.849
23195,101659,NCCAO,P,-0.017648999999999998,0.799
23195,101659,NCCADa,P,-0.03698799999999999,0.817
23195,101659,NCJST,P,-0.016986,0.858
23195,101659,NCJCB,P,-0.01992999999999999,0.81
23195,101659,NCCML,P,-0.017763999999999988,0.98
23195,101659,NCJAL,P,-0.031888999999999994,0.813
23195,101659,NCCMM,P,-0.03205399999999999,0.883
23195,101659,NCJRR,P,-0.02103999999999999,0.927
23195,101659,NCJSS,P,-0.01913999999999999,0.932
23195,101659,NCHGS,P,-0.020738999999999994,0.92
23195,101659,NCJLX,P,-0.018718,0.855
23195,101659,NCHGW,P,-0.024364999999999998,0.894
23195,101659,NCCDV,P,-0.019863999999999993,0.953
23195,101659,NCCMJ,P,-0.017174999999999996,0.956
23195,101659,NCJBZ,P,-0.026881999999999996,0.745
23195,101659,NCCMR,P,-0.01892999999999999,0.962
23195,101659,NCJBC,P,-0.02203999999999999,0.941
23195,101659,NCHPR,P,-0.01586399999999999,0.951
23195,101659,NCHCR,P,-0.020455999999999988,0.957
23195,101659,NCJPL,P,-0.013771999999999993,0.955
23195,101659,NCCVA,P,-0.01683699999999999,0.927
23195,101659,NCCMN,P,-0.01797399999999999,0.988
23195,101659,NCHCB,P,-0.02016599999999999,0.982
23195,101659,NCHFE,P,-0.026365999999999994,0.843
23195,101659,NCHPL,P,-0.01991599999999999,0.977
23195,101659,NCCSA,P,-0.01869499999999999,0.899
23195,101659,NCJBM,P,-0.018881999999999996,0.958
23195,101659,NCHCOb,P,-0.006024999999999989,0.867
23195,101659,NCHAZ,P,-0.021634,0.913
23195,101659,NCJUC,P,-0.016527,0.816
23195,101659,NCJSFa,P,-0.017106999999999997,0.858
23195,101659,NCCPL,P,-0.017527,0.909
23195,101659,NCJBLb,P,-0.01764099999999999,0.794
23195,101659,NCJLT,P,-0.01837499999999999,0.949
23195,101659,NCJPPa,P,-0.0011619999999999964,0.821
23195,101659,NCHDLb,P,-0.018670999999999993,0.952
23195,101659,NCCBS,P,-0.017359,0.75
23195,101659,NCCMO,P,-0.02231799999999999,0.966
23195,101659,NCJPS,P,-0.018429,0.848
23195,101659,NCHFP,P,-0.019927,0.921
23195,101659,NCCLC,P,-0.017388,0.793
23195,101659,NCHJS,P,-0.018277,0.859
23195,101659,NCBVY,P,-0.018718,0.964
23195,101659,NCHQR,P,-0.01868299999999999,0.945
23195,101659,NCCCOa,S,-0.01936199999999999,0.75
23195,101659,NCCSC,S,-0.01734899999999999,0.9
23195,101659,NCCAO,S,-0.017408999999999994,0.89
23195,101659,NCCADa,S,-0.036261999999999996,0.79
23195,101659,NCJST,S,-0.017514000000000002,0.86
23195,101659,NCJCB,S,-0.018289,0.94
23195,101659,NCCML,S,-0.01861299999999999,0.98
23195,101659,NCJAL,S,-0.031167999999999994,0.92
23195,101659,NCCMM,S,-0.032032,0.93
23195,101659,NCJRR,S,-0.021788000000000002,0.89
23195,101659,NCJSS,S,-0.017689999999999997,0.93
23195,101659,NCHGS,S,-0.019415,0.95
23195,101659,NCJLX,S,-0.017153,0.94
23195,101659,NCHGW,S,-0.026888999999999996,0.94
23195,101659,NCCDV,S,-0.018314999999999998,0.92
23195,101659,NCCMJ,S,-0.016098,0.95
23195,101659,NCJBZ,S,-0.025381,0.86
23195,101659,NCCMR,S,-0.01855599999999999,0.98
23195,101659,NCJTG,S,-0.014423999999999992,0.76
23195,101659,NCJBC,S,-0.022668999999999995,0.87
23195,101659,NCCOS,S,-0.015681,0.91
23195,101659,NCHPR,S,-0.014922999999999992,0.94
23195,101659,NCHCR,S,-0.02026499999999999,0.94
23195,101659,NCJPL,S,-0.012164999999999995,0.94
23195,101659,NCCVA,S,-0.017397999999999997,0.97
23195,101659,NCCMN,S,-0.017694,0.98
23195,101659,NCHCB,S,-0.01861199999999999,0.97
23195,101659,NCHFE,S,-0.026125999999999996,0.74
23195,101659,NCJBM,S,-0.018901999999999988,0.95
23195,101659,NCHCP,S,-0.020788,0.75
23195,101659,NCHCOb,S,-0.007174,0.77
23195,101659,NCHAZ,S,-0.021065,0.88
23195,101659,NCJUC,S,-0.013305999999999998,0.82
23195,101659,NCJSFa,S,-0.0174,0.89
23195,101659,NCCPL,S,-0.01733499999999999,0.93
23195,101659,NCHFH,S,-0.020414,0.86
23195,101659,NCJLT,S,-0.016769999999999993,0.92
23195,101659,NCJPPa,S,-0.002041000000000001,0.81
23195,101659,NCHDLb,S,-0.01745999999999999,0.93
23195,101659,NCCBS,S,-0.012165999999999996,0.71
23195,101659,NCCMO,S,-0.021552,0.93
23195,101659,NCJPS,S,-0.016564999999999996,0.73
23195,101659,NCHFP,S,-0.018794999999999992,0.96
23195,101659,NCHJS,S,-0.017582,0.79
23195,101659,NCBSL,S,-0.033363,0.94
23195,101659,NCBVY,S,-0.01743299999999999,0.93
23195,101659,NCHQR,S,-0.01710099999999999,0.96
23195,114006,NCCML,P,-0.068846,0.905
23195,114006,NCJRR,P,0.0028640000000000054,0.806
23195,114006,NCHGW,P,0.005962999999999996,0.899
23195,114006,NCJBZ,P,-0.023309999999999997,0.767
23195,114006,NCHCA,P,0.019691,0.918
23195,114006,NCJSG,P,-0.056473999999999996,0.752
23195,114006,NCHCR,P,0.013605000000000006,0.844
23195,114006,NCJPL,P,-0.016722,0.735
23195,114006,NCHCB,P,0.011272000000000004,0.95
23195,114006,NCHFE,P,0.010987999999999998,0.836
23195,114006,NCHPL,P,0.022601999999999997,0.904
23195,114006,NCHCOb,P,0.022607000000000002,0.849
23195,114006,NCJSFa,P,-0.059743000000000004,0.728
23195,114006,NCJLT,P,-0.060689,0.821
23195,114006,NCHSL,P,0.021398,0.764
23195,114006,NCJHP,P,-0.062457,0.894
23195,114006,NCHJS,P,0.021627999999999994,0.796
23195,114006,NCBVY,P,0.015566999999999998,0.862
23195,114006,NCHQR,P,0.012179999999999996,0.765
23195,114006,NCCML,S,-0.090887,0.77
23195,114006,NCJAL,S,-0.030786,0.72
23195,114006,NCJSS,S,-0.03095,0.75
23195,114006,NCCOS,S,-0.037844,0.86
23195,114006,NCCVA,S,-0.097748,0.76
23195,154124,NCCSC,P,-0.017234,0.826
23195,154124,NCCML,P,-0.008785999999999995,0.963
23195,154124,NCHGW,P,-0.012275999999999995,0.771
23195,154124,NCCDV,P,-0.019933,0.885
23195,154124,NCCMJ,P,-0.01865,0.837
23195,154124,NCHCA,P,-0.025449999999999997,0.822
23195,154124,NCJSG,P,-0.008139,0.87
23195,154124,NCJBC,P,-0.033569,0.743
23195,154124,NCHPR,P,-0.021748999999999998,0.912
23195,154124,NCHCR,P,-0.027246999999999997,0.815
23195,154124,NCJPL,P,-0.018716999999999998,0.878
23195,154124,NCCVA,P,-0.017047,0.733
23195,154124,NCHCB,P,-0.024024999999999998,0.882
23195,154124,NCHFE,P,-0.027118999999999997,0.775
23195,154124,NCHPL,P,-0.019348999999999998,0.91
23195,154124,NCJBM,P,-0.026664999999999998,0.726
23195,154124,NCHAZ,P,-0.026890999999999998,0.74
23195,154124,NCJHP,P,-0.018443,0.915
23195,154124,NCHSL,P,-0.021109999999999997,0.782
23195,154124,NCJPS,P,-0.022851999999999997,0.768
23195,154124,NCHFP,P,-0.019583999999999997,0.785
23195,154124,NCHJS,P,-0.018746,0.779
23195,154124,NCBVY,P,-0.016211999999999997,0.862
23195,154124,NCHQR,P,-0.008767999999999998,0.868
23195,154124,NCJST,S,-0.020914999999999996,0.79
23195,154124,NCCML,S,-0.012167999999999998,0.87
23195,154124,NCJAL,S,-0.022191999999999996,0.71
23195,154124,NCJSS,S,-0.021386999999999996,0.89
23195,154124,NCJLX,S,-0.023722999999999998,0.82
23195,154124,NCCDV,S,-0.017816,0.83
23195,154124,NCCMJ,S,-0.018922,0.84
23195,154124,NCHCA,S,-0.024742,0.78
23195,154124,NCJSG,S,-0.012678000000000002,0.72
23195,154124,NCJTG,S,-0.014498999999999998,0.72
23195,154124,NCCOS,S,-0.016805,0.9
23195,154124,NCHPR,S,-0.025221999999999998,0.9
23195,154124,NCJPL,S,-0.012317000000000002,0.75
23195,154124,NCCVA,S,-0.018524,0.91
23195,154124,NCHCB,S,-0.027939,0.86
23195,154124,NCHPL,S,-0.021156,0.82
23195,154124,NCJBM,S,-0.028536,0.74
23195,154124,NCJSFa,S,-0.029601,0.72
23195,154124,NCCPL,S,-0.010869999999999998,0.76
23195,154124,NCJHP,S,-0.021303999999999997,0.73
23195,154124,NCHJS,S,-0.018675999999999998,0.75
23195,154124,NCBVY,S,-0.015128999999999997,0.77
23195,154124,NCHQR,S,-0.005936999999999998,0.88
23195,27683,NCCML,P,-0.027228999999999996,0.737
23195,27683,NCJRR,P,0.040454000000000004,0.811
23195,27683,NCHGW,P,0.047170000000000004,0.75
23195,27683,NCCDV,P,-0.031587,0.818
23195,27683,NCJBZ,P,0.035723000000000005,0.749
23195,27683,NCHCA,P,0.059691,0.898
23195,27683,NCJSG,P,-0.017392,0.708
23195,27683,NCCMR,P,-0.021339,0.713
23195,27683,NCHPR,P,0.047953,0.881
23195,27683,NCHCR,P,0.051871,0.811
23195,27683,NCJPL,P,0.031133,0.891
23195,27683,NCCVA,P,-0.030940000000000002,0.747
23195,27683,NCCMN,P,-0.030260999999999996,0.929
23195,27683,NCHCB,P,0.049564,0.896
23195,27683,NCCVL,P,-0.036889,0.799
23195,27683,NCHFE,P,0.052531,0.812
23195,27683,NCHPL,P,0.055899,0.914
23195,27683,NCHCP,P,0.043291,0.858
23195,27683,NCJSFa,P,-0.018896,0.734
23195,27683,NCJLT,P,-0.020216,0.865
23195,27683,NCHDLb,P,0.042972,0.84
23195,27683,NCHJG,P,0.044815,0.743
23195,27683,NCJHP,P,-0.024285,0.851
23195,27683,NCBVY,P,0.048907,0.888
23195,27683,NCHQR,P,0.049247,0.754
23195,27683,NCCML,S,-0.058609,0.72
23195,27683,NCCMM,S,-0.00852,0.75
23195,27683,NCJSS,S,0.008721,0.72
23195,27683,NCCDV,S,-0.06773299999999999,0.8
23195,27683,NCCOS,S,-0.008631,0.75
23195,27683,NCCVA,S,-0.0618,0.72
23195,27722,NCCSC,P,0.0027270000000000003,0.839
23195,27722,NCCML,P,0.014336,0.875
23195,27722,NCJHL,P,0.000896000000000001,0.769
23195,27722,NCHGW,P,-0.002817,0.777
23195,27722,NCCDV,P,0.014084,0.921
23195,27722,NCCMJ,P,0.015196000000000001,0.834
23195,27722,NCHCA,P,-0.0038379999999999994,0.769
23195,27722,NCJSG,P,0.010625,0.869
23195,27722,NCCMR,P,0.014392,0.72
23195,27722,NCJBC,P,0.009461,0.849
23195,27722,NCHPR,P,-3.500000000000031e-05,0.855
23195,27722,NCCVA,P,0.017276,0.799
23195,27722,NCCMN,P,0.014789,0.861
23195,27722,NCJSJ,P,0.009103,0.741
23195,27722,NCCVL,P,0.01406,0.899
23195,27722,NCHFE,P,-0.0017759999999999998,0.735
23195,27722,NCHPL,P,0.0016260000000000007,0.915
23195,27722,NCJBM,P,0.009291,0.804
23195,27722,NCHCOb,P,-0.000704999999999999,0.786
23195,27722,NCHDLb,P,-0.00025799999999999955,0.802
23195,27722,NCHJG,P,-0.00028800000000000006,0.781
23195,27722,NCJHP,P,0.011986,0.884
23195,27722,NCCMO,P,0.017442,0.721
23195,27722,NCJPS,P,0.010873,0.725
23195,27722,NCBVY,P,-0.000791,0.881
23195,27722,NCHQR,P,0.0006040000000000004,0.833
23195,27722,NCCAO,S,0.007919,0.76
23195,27722,NCJST,S,0.0016310000000000005,0.75
23195,27722,NCCML,S,0.019477,0.88
23195,27722,NCCMM,S,0.013847,0.75
23195,27722,NCJHL,S,0.00364,0.76
23195,27722,NCJSS,S,0.008897,0.8
23195,27722,NCJLX,S,0.010998,0.88
23195,27722,NCHGW,S,-0.007921999999999998,0.71
23195,27722,NCCDV,S,0.022456999999999998,0.94
23195,27722,NCCMJ,S,0.016621,0.91
23195,27722,NCJSG,S,0.009608,0.82
23195,27722,NCCMR,S,0.021067000000000002,0.93
23195,27722,NCJBC,S,0.012277,0.82
23195,27722,NCHPR,S,0.0025529999999999997,0.71
23195,27722,NCCVA,S,0.020479,0.86
23195,27722,NCCMN,S,0.018319000000000002,0.9
23195,27722,NCCVL,S,0.021686,0.92
23195,27722,NCHPL,S,0.004209,0.72
23195,27722,NCJUC,S,0.007903,0.83
23195,27722,NCCPL,S,0.014564,0.71
23195,27722,NCBVY,S,-0.0011079999999999996,0.72
23195,27722,NCHQR,S,0.0013249999999999998,0.78
23195,30057908,NCJHL,P,-0.009438000000000009,0.713
23195,30057908,NCJRR,P,0.0063,0.822
23195,30057908,NCHGW,P,0.029094999999999996,0.894
23195,30057908,NCCDV,P,-0.07814600000000001,0.744
23195,30057908,NCHCA,P,0.03773099999999999,0.832
23195,30057908,NCJSG,P,-0.038236000000000006,0.765
23195,30057908,NCJBC,P,-0.04943700000000001,0.749
23195,30057908,NCHCR,P,0.02020799999999999,0.878
23195,30057908,NCJPL,P,0.00356999999999999,0.864
23195,30057908,NCHCB,P,0.018407999999999994,0.913
23195,30057908,NCHFE,P,0.023777999999999994,0.851
23195,30057908,NCHPL,P,0.030232999999999996,0.91
23195,30057908,NCJBM,P,-0.058593000000000006,0.794
23195,30057908,NCHDLb,P,0.011210999999999999,0.898
23195,30057908,NCHSL,P,0.027976999999999988,0.748
23195,30057908,NCJHP,P,-0.056601000000000005,0.795
23195,30057908,NCCMO,P,-0.069371,0.94
23195,30057908,NCHJS,P,0.03290299999999999,0.832
23195,30057908,NCBVY,P,0.027332999999999996,0.899
23195,30057908,NCJAL,S,-0.011862000000000004,0.76
23195,30057908,NCJHL,S,0.006278999999999993,0.71
23195,30057908,NCJSS,S,-0.021873000000000004,0.75
23195,30057908,NCCDV,S,-0.10687,0.76
23195,30057908,NCCOS,S,-0.03432500000000001,0.83
23195,30058785,NCJHL,P,-0.013503000000000001,0.716
23195,30058785,NCJRR,P,-0.0011980000000000046,0.831
23195,30058785,NCCDV,P,-0.081484,0.786
23195,30058785,NCCMJ,P,-0.072856,0.758
23195,30058785,NCHCA,P,0.030092,0.801
23195,30058785,NCJSG,P,-0.040421000000000006,0.797
23195,30058785,NCJBC,P,-0.050017000000000006,0.781
23195,30058785,NCHCR,P,0.010202999999999997,0.818
23195,30058785,NCJPL,P,-0.002816000000000006,0.907
23195,30058785,NCHCB,P,0.008282999999999999,0.86
23195,30058785,NCHFE,P,0.011832999999999996,0.81
23195,30058785,NCHPL,P,0.016853999999999994,0.915
23195,30058785,NCJBM,P,-0.06013,0.79
23195,30058785,NCJSFa,P,-0.062665,0.712
23195,30058785,NCHDLb,P,-8.500000000000174e-05,0.868
23195,30058785,NCHSL,P,0.014385999999999996,0.762
23195,30058785,NCJHP,P,-0.056528,0.767
23195,30058785,NCCMO,P,-0.072905,0.96
23195,30058785,NCJPS,P,-0.054547000000000005,0.701
23195,30058785,NCHJS,P,0.027174999999999998,0.815
23195,30058785,NCBVY,P,0.015896999999999994,0.869
23195,30058785,NCJAL,S,-0.016454000000000003,0.79
23195,30058785,NCCMM,S,-0.048545000000000005,0.79
23195,30058785,NCJSS,S,-0.027526000000000002,0.77
23195,30058785,NCCDV,S,-0.112925,0.79
23195,30058785,NCCMR,S,-0.09053900000000001,0.72
23195,30058785,NCCOS,S,-0.043328000000000005,0.85
23195,35929,NCCSC,P,-0.013436000000000003,0.782
23195,35929,NCCML,P,-0.018099000000000004,0.889
23195,35929,NCCMM,P,-0.015363000000000002,0.701
23195,35929,NCJHL,P,-0.009439000000000003,0.714
23195,35929,NCJRR,P,-0.0070209999999999995,0.714
23195,35929,NCJLX,P,-0.015797000000000005,0.725
23195,35929,NCHGW,P,-0.006530000000000001,0.812
23195,35929,NCCDV,P,-0.019140000000000004,0.961
23195,35929,NCCMJ,P,-0.020413000000000004,0.896
23195,35929,NCJBZ,P,-0.009858000000000006,0.703
23195,35929,NCHCA,P,-0.0024060000000000054,0.828
23195,35929,NCJSG,P,-0.015588000000000005,0.833
23195,35929,NCCMR,P,-0.017899000000000005,0.776
23195,35929,NCJBC,P,-0.013737000000000006,0.78
23195,35929,NCHPR,P,-0.005033000000000003,0.77
23195,35929,NCHCR,P,-0.0075829999999999995,0.818
23195,35929,NCCVA,P,-0.019432,0.798
23195,35929,NCCMN,P,-0.019362000000000004,0.919
23195,35929,NCJSJ,P,-0.018966000000000004,0.886
23195,35929,NCCVL,P,-0.019129000000000004,0.96
23195,35929,NCJBM,P,-0.017684000000000005,0.865
23195,35929,NCHCOb,P,-0.005809000000000002,0.794
23195,35929,NCJSFa,P,-0.01609,0.82
23195,35929,NCCPL,P,-0.019818000000000002,0.772
23195,35929,NCJLT,P,-0.01682,0.879
23195,35929,NCJPPa,P,-0.016113000000000002,0.702
23195,35929,NCCSH,P,-0.019912000000000003,0.744
23195,35929,NCHJG,P,-0.006902999999999999,0.801
23195,35929,NCJHP,P,-0.017644,0.879
23195,35929,NCHFP,P,-0.008557000000000002,0.78
23195,35929,NCCLC,P,-0.020874000000000004,0.805
23195,35929,NCBVY,P,-0.005279000000000006,0.837
23195,35929,NCHQR,P,-0.00544,0.783
23195,35929,NCCSC,S,-0.017382,0.77
23195,35929,NCCAO,S,-0.010738000000000004,0.79
23195,35929,NCJST,S,-0.008906000000000004,0.86
23195,35929,NCCML,S,-0.025988000000000004,0.9
23195,35929,NCJAL,S,-0.009885000000000005,0.77
23195,35929,NCCMM,S,-0.015178000000000004,0.78
23195,35929,NCJHL,S,-0.008029000000000001,0.74
23195,35929,NCJSS,S,-0.010417000000000003,0.76
23195,35929,NCHGS,S,-0.0008730000000000057,0.73
23195,35929,NCJLX,S,-0.017827000000000003,0.91
23195,35929,NCHGW,S,-0.006059000000000002,0.71
23195,35929,NCCDV,S,-0.026550000000000004,0.94
23195,35929,NCCMJ,S,-0.025120000000000003,0.84
23195,35929,NCJBZ,S,-0.009670000000000005,0.8
23195,35929,NCHCA,S,-0.002365000000000006,0.8
23195,35929,NCJSG,S,-0.016747000000000005,0.77
23195,35929,NCCMR,S,-0.022283000000000004,0.93
23195,35929,NCJBC,S,-0.016106000000000002,0.76
23195,35929,NCHPR,S,-0.003984000000000001,0.86
23195,35929,NCHCR,S,-0.008230000000000001,0.75
23195,35929,NCCVA,S,-0.024869000000000002,0.9
23195,35929,NCCMN,S,-0.023095000000000004,0.89
23195,35929,NCCVL,S,-0.024339000000000003,0.87
23195,35929,NCJBM,S,-0.018321000000000004,0.72
23195,35929,NCCPL,S,-0.023088000000000004,0.75
23195,35929,NCJLT,S,-0.016716,0.88
23195,35929,NCJPPa,S,-0.021338000000000003,0.71
23195,35929,NCHJG,S,-0.005301,0.72
23195,35929,NCJHP,S,-0.015953000000000002,0.73
23195,35929,NCHFP,S,-0.0014350000000000057,0.74
23195,35929,NCBSL,S,-0.002123,0.82
23195,35929,NCBVY,S,-0.003936000000000002,0.76
23195,35929,NCHQR,S,-0.004029000000000005,0.87
23195,44335,NCCML,P,-0.061328,0.8
23195,44335,NCJRR,P,0.002252999999999991,0.751
23195,44335,NCHGW,P,0.006399000000000002,0.806
23195,44335,NCCDV,P,-0.06126,0.772
23195,44335,NCCMJ,P,-0.065595,0.731
23195,44335,NCHCA,P,0.02037,0.813
23195,44335,NCJSG,P,-0.048956,0.822
23195,44335,NCCMR,P,-0.051137,0.712
23195,44335,NCJBC,P,-0.039628000000000003,0.723
23195,44335,NCHPR,P,0.007148000000000002,0.878
23195,44335,NCHCR,P,0.009814000000000003,0.765
23195,44335,NCJPL,P,-0.007075000000000005,0.862
23195,44335,NCCVA,P,-0.060548000000000005,0.719
23195,44335,NCCMN,P,-0.059605000000000005,0.931
23195,44335,NCCVL,P,-0.06519,0.785
23195,44335,NCHFE,P,0.011122999999999994,0.746
23195,44335,NCHPL,P,0.015833,0.91
23195,44335,NCJBM,P,-0.049300000000000004,0.748
23195,44335,NCHCP,P,0.007468000000000002,0.865
23195,44335,NCHAZ,P,0.002571999999999991,0.82
23195,44335,NCJLT,P,-0.053216,0.83
23195,44335,NCHDLb,P,0.0032169999999999976,0.838
23195,44335,NCHJG,P,0.0044319999999999915,0.713
23195,44335,NCCBS,P,-0.055124000000000006,0.728
23195,44335,NCJHP,P,-0.054252,0.864
23195,44335,NCCMO,P,-0.05867700000000001,0.949
23195,44335,NCBVY,P,0.008525999999999992,0.839
23195,44335,NCHQR,P,0.010329999999999992,0.809
23195,44335,NCCML,S,-0.085234,0.73
23195,44335,NCCMM,S,-0.040190000000000003,0.79
23195,44335,NCJSS,S,-0.028757000000000005,0.81
23195,44335,NCCDV,S,-0.091276,0.78
23195,44335,NCCOS,S,-0.038835,0.85
23195,44335,NCHPR,S,0.018069,0.71
23195,44335,NCCVA,S,-0.088565,0.72
23195,44335,NCHCP,S,0.021313,0.72
23195,44335,NCHFP,S,0.03854099999999999,0.75
23195,483500,NCCAO,P,-0.0013289999999999969,0.76
23195,483500,NCCML,P,0.013070000000000005,0.952
23195,483500,NCJHL,P,-0.0010980000000000018,0.765
23195,483500,NCCDV,P,-0.012263999999999997,0.877
23195,483500,NCCMJ,P,0.0017650000000000027,0.86
23195,483500,NCJBZ,P,-0.011871999999999994,0.74
23195,483500,NCHCA,P,-0.002558999999999992,0.858
23195,483500,NCCMR,P,-0.008527999999999994,0.789
23195,483500,NCJBC,P,-0.007262999999999992,0.824
23195,483500,NCHCR,P,-0.0031209999999999988,0.765
23195,483500,NCJPL,P,-8.600000000000274e-05,0.881
23195,483500,NCCVA,P,0.0015539999999999998,0.799
23195,483500,NCCMN,P,-0.0012510000000000021,0.91
23195,483500,NCHCB,P,-0.001460000000000003,0.898
23195,483500,NCCVL,P,0.0019559999999999994,0.942
23195,483500,NCHFE,P,-0.004710999999999993,0.703
23195,483500,NCJBM,P,-0.005795999999999996,0.743
23195,483500,NCHDLb,P,-0.008248999999999992,0.857
23195,483500,NCHLT,P,-0.0017490000000000006,0.808
23195,483500,NCCBS,P,0.006894000000000004,0.863
23195,483500,NCJHP,P,0.0018939999999999999,0.896
23195,483500,NCCMO,P,-0.007282999999999998,0.967
23195,483500,NCJPS,P,-0.001794000000000004,0.814
23195,483500,NCHJS,P,-0.0014089999999999936,0.768
23195,483500,NCCAO,S,-3.899999999999737e-05,0.78
23195,483500,NCJST,S,-0.0003529999999999922,0.77
23195,483500,NCCML,S,0.010649000000000006,0.88
23195,483500,NCJAL,S,0.0017020000000000021,0.85
23195,483500,NCJHL,S,0.0023220000000000046,0.75
23195,483500,NCJSS,S,0.005029000000000006,0.82
23195,483500,NCJLX,S,1.9000000000005124e-05,0.87
23195,483500,NCCDV,S,-0.010415999999999995,0.87
23195,483500,NCCMJ,S,0.0014480000000000048,0.87
23195,483500,NCJBZ,S,-0.012680999999999998,0.75
23195,483500,NCHCA,S,-0.0016690000000000038,0.81
23195,483500,NCCMR,S,-0.0076999999999999985,0.85
23195,483500,NCCOS,S,0.0020780000000000035,0.94
23195,483500,NCJPL,S,0.005636000000000002,0.71
23195,483500,NCCVA,S,0.0011420000000000041,0.95
23195,483500,NCCMN,S,-0.0013039999999999996,0.92
23195,483500,NCHCB,S,-0.0037879999999999997,0.87
23195,483500,NCCVL,S,0.00027699999999999947,0.76
23195,483500,NCJSFa,S,-0.007607000000000003,0.75
23195,483500,NCHDLb,S,-0.006088999999999997,0.74
23195,483500,NCHLT,S,-0.0018699999999999967,0.86
23195,483500,NCCBS,S,0.007207999999999999,0.87
23195,483500,NCCMO,S,-0.010804999999999995,0.92
23195,483500,NCHJS,S,-0.001578999999999997,0.74
23195,483500,NCBSL,S,-0.001119999999999996,0.87
238704,238790,NCCSC,P,0.007167,0.887
238704,238790,NCCMH,P,-0.001680000000000001,0.776
238704,238790,NCCADa,P,0.020152999999999997,0.917
238704,238790,NCJCB,P,0.018075,0.835
238704,238790,NCCML,P,0.0010690000000000005,0.974
238704,238790,NCCAL,P,-0.0011160000000000007,0.88
238704,238790,NCJHL,P,0.016202,0.718
238704,238790,NCJRR,P,0.018012,0.844
238704,238790,NCHGS,P,0.020129,0.87
238704,238790,NCJEC,P,0.017816,0.823
238704,238790,NCJLX,P,0.009260000000000001,0.759
238704,238790,NCHGW,P,0.020125999999999998,0.922
238704,238790,NCCDV,P,6.299999999999882e-05,0.979
238704,238790,NCCMJ,P,-0.001922,0.9
238704,238790,NCCMP,P,0.014426999999999999,0.856
238704,238790,NCJBZ,P,0.017823,0.894
238704,238790,NCHCA,P,0.020144999999999996,0.952
238704,238790,NCCMR,P,-0.00038000000000000013,0.972
238704,238790,NCJBC,P,0.00989,0.88
238704,238790,NCCVA,P,-0.0017670000000000012,0.93
238704,238790,NCHCR,P,0.021392,0.879
238704,238790,NCJRG,P,0.012759,0.738
238704,238790,NCHCB,P,0.020281,0.811
238704,238790,NCCVL,P,-0.0008510000000000011,0.883
238704,238790,NCCST,P,0.003133999999999998,0.925
238704,238790,NCHPL,P,0.018253,0.918
238704,238790,NCJBM,P,0.0026690000000000012,0.888
238704,238790,NCHCOa,P,0.019491,0.787
238704,238790,NCHAZ,P,0.019481,0.711
238704,238790,NCCPL,P,-0.0028590000000000004,0.757
238704,238790,NCCCY,P,-0.0020180000000000007,0.853
238704,238790,NCJPPa,P,0.00375,0.888
238704,238790,NCHDLb,P,0.017376999999999997,0.936
238704,238790,NCHLT,P,0.019457000000000002,0.881
238704,238790,NCHJG,P,0.01928,0.9
238704,238790,NCJHP,P,0.0009329999999999998,0.966
238704,238790,NCCBS,P,-0.002185000000000001,0.777
238704,238790,NCCMO,P,-0.0018270000000000005,0.93
238704,238790,NCHSL,P,0.020588999999999996,0.707
238704,238790,NCCLC,P,0.0008809999999999998,0.829
238704,238790,NCHFP,P,0.019312000000000003,0.795
238704,238790,NCCSL,P,0.00017099999999999928,0.803
238704,238790,NCBVY,P,0.018944999999999997,0.901
238704,238790,NCHQR,P,0.021032999999999996,0.82
238704,238790,NCJCHa,P,0.0003859999999999992,0.736
238704,238790,NCCSC,S,0.007952,0.73
238704,238790,NCCMH,S,-0.004875000000000001,0.74
238704,238790,NCCADa,S,0.030563,0.84
238704,238790,NCJCB,S,0.025251999999999997,0.85
238704,238790,NCCML,S,-0.009022,0.96
238704,238790,NCCAL,S,-0.009382000000000001,0.91
238704,238790,NCJAL,S,0.014096000000000001,0.83
238704,238790,NCHSP,S,0.029531,0.73
238704,238790,NCJHL,S,0.012164000000000001,0.83
238704,238790,NCHGS,S,0.024727,0.84
238704,238790,NCJEC,S,0.018358,0.87
238704,238790,NCJLX,S,0.0033459999999999983,0.88
238704,238790,NCHGW,S,0.025876999999999997,0.73
238704,238790,NCCDV,S,-0.008524,0.95
238704,238790,NCCMJ,S,-0.009153000000000001,0.79
238704,238790,NCCMP,S,0.012842,0.97
238704,238790,NCHCA,S,0.022689,0.79
238704,238790,NCJSG,S,0.0029390000000000006,0.75
238704,238790,NCCMR,S,-0.011312000000000001,0.93
238704,238790,NCJBC,S,0.004615999999999999,0.91
238704,238790,NCCOS,S,0.0006430000000000012,0.95
238704,238790,NCCVA,S,-0.009838,0.97
238704,238790,NCJPL,S,0.016908,0.76
238704,238790,NCJRG,S,0.009440999999999998,0.8
238704,238790,NCHCB,S,0.019742999999999997,0.87
238704,238790,NCCVL,S,-0.011524,0.86
238704,238790,NCJSC,S,-0.0017580000000000009,0.82
238704,238790,NCCST,S,-0.0008549999999999999,0.85
238704,238790,NCHPL,S,0.028251,0.83
238704,238790,NCJSM,S,0.0020289999999999996,0.85
238704,238790,NCCCY,S,-0.012168,0.93
238704,238790,NCJPPa,S,0.0024449999999999993,0.75
238704,238790,NCHJG,S,0.023313,0.71
238704,238790,NCCMO,S,-0.008253,0.77
238704,238790,NCBVY,S,0.022587999999999997,0.78
238704,30062741,NCCADa,P,0.009685,0.804
238704,30062741,NCJST,P,-0.007037999999999989,0.702
238704,30062741,NCJCB,P,0.0026700000000000057,0.849
238704,30062741,NCCML,P,0.0023320000000000007,0.913
238704,30062741,NCJHL,P,0.0015519999999999978,0.837
238704,30062741,NCJRR,P,0.0023289999999999977,0.882
238704,30062741,NCHGS,P,0.0022240000000000038,0.862
238704,30062741,NCJEC,P,0.0023970000000000102,0.905
238704,30062741,NCCDV,P,0.0010420000000000151,0.949
238704,30062741,NCCMJ,P,-7.899999999999574e-05,0.829
238704,30062741,NCCMP,P,0.0023299999999999987,0.893
238704,30062741,NCJBZ,P,-0.0011229999999999851,0.914
238704,30062741,NCJSG,P,-0.00531899999999999,0.711
238704,30062741,NCHCA,P,0.009092000000000017,0.879
238704,30062741,NCJTG,P,0.0008130000000000082,0.893
238704,30062741,NCJBC,P,0.00817000000000001,0.815
238704,30062741,NCHCR,P,0.004277000000000003,0.833
238704,30062741,NCJSC,P,0.009235999999999994,0.893
238704,30062741,NCCST,P,0.0008800000000000197,0.925
238704,30062741,NCHPL,P,0.001478000000000007,0.95
238704,30062741,NCJBM,P,0.0007330000000000114,0.781
238704,30062741,NCHCOa,P,0.0031000000000000194,0.827
238704,30062741,NCHAZ,P,0.003370000000000012,0.718
238704,30062741,NCHBT,P,0.006403999999999993,0.759
238704,30062741,NCHJG,P,0.003390000000000004,0.861
238704,30062741,NCJHP,P,0.002264000000000016,0.802
238704,30062741,NCHFP,P,0.005446000000000006,0.848
238704,30062741,NCBVY,P,0.0023890000000000022,0.814
238704,30062741,NCCMH,S,-0.0036599999999999966,0.72
238704,30062741,NCCADa,S,0.010421000000000014,0.78
238704,30062741,NCJST,S,-0.0028930000000000067,0.85
238704,30062741,NCJCB,S,0.007844000000000018,0.91
238704,30062741,NCCML,S,-0.0017109999999999903,0.91
238704,30062741,NCCAL,S,-0.004674999999999985,0.82
238704,30062741,NCJAL,S,0.0015000000000000013,0.92
238704,30062741,NCHSP,S,0.005895000000000011,0.77
238704,30062741,NCJHL,S,0.001578999999999997,0.82
238704,30062741,NCJRR,S,0.003597000000000017,0.79
238704,30062741,NCJSS,S,-0.0005099999999999827,0.91
238704,30062741,NCHGS,S,0.004203000000000012,0.86
238704,30062741,NCJEC,S,0.005824999999999997,0.91
238704,30062741,NCCDV,S,-0.0013719999999999843,0.92
238704,30062741,NCCMJ,S,-0.0021680000000000033,0.82
238704,30062741,NCCMP,S,0.005179000000000017,0.94
238704,30062741,NCJBZ,S,-0.002819999999999989,0.76
238704,30062741,NCJTG,S,-0.00011300000000000199,0.85
238704,30062741,NCJBC,S,0.004698000000000008,0.89
238704,30062741,NCCOS,S,0.0013150000000000106,0.93
238704,30062741,NCJPL,S,0.003832000000000002,0.8
238704,30062741,NCHCB,S,0.006724000000000008,0.9
238704,30062741,NCCVL,S,-0.007040999999999992,0.86
238704,30062741,NCJSC,S,0.009709999999999996,0.81
238704,30062741,NCCST,S,0.0017320000000000113,0.84
238704,30062741,NCHPL,S,0.008645000000000014,0.86
238704,30062741,NCCCY,S,-0.002013999999999988,0.86
238704,30062741,NCHJG,S,0.006011000000000016,0.76
238704,30062741,NCCSL,S,0.0011970000000000036,0.74
238704,30062741,NCBVY,S,0.0033120000000000094,0.84
238704,30069222,NCJCB,P,0.029775,0.798
238704,30069222,NCCML,P,-0.002072000000000001,0.937
238704,30069222,NCCAL,P,-0.008274000000000002,0.727
238704,30069222,NCJRR,P,0.030089,0.713
238704,30069222,NCHGS,P,0.037222000000000005,0.738
238704,30069222,NCHGW,P,0.035473000000000005,0.869
238704,30069222,NCCDV,P,-0.0028370000000000027,0.944
238704,30069222,NCCMJ,P,-0.007099000000000001,0.755
238704,30069222,NCJBZ,P,0.021602,0.858
238704,30069222,NCJSG,P,-0.0007780000000000009,0.88
238704,30069222,NCCMR,P,0.0007089999999999978,0.923
238704,30069222,NCCVA,P,-0.007742000000000001,0.774
238704,30069222,NCHCR,P,0.032431,0.738
238704,30069222,NCJSC,P,0.010077,0.824
238704,30069222,NCCST,P,0.007009999999999999,0.904
238704,30069222,NCHPL,P,0.035045999999999994,0.819
238704,30069222,NCJBM,P,0.0025369999999999976,0.809
238704,30069222,NCJSFa,P,-0.0005690000000000001,0.857
238704,30069222,NCHJG,P,0.03511,0.782
238704,30069222,NCJHP,P,0.001115999999999999,0.804
238704,30069222,NCJBG,P,0.006357999999999999,0.71
238704,30069222,NCJCB,S,0.039361999999999994,0.72
238704,30069222,NCCML,S,-0.013534000000000001,0.89
238704,30069222,NCCAL,S,-0.026674000000000003,0.79
238704,30069222,NCJAL,S,0.012188000000000001,0.74
238704,30069222,NCJSS,S,0.010868,0.83
238704,30069222,NCHGS,S,0.04950099999999999,0.73
238704,30069222,NCJEC,S,0.023659999999999997,0.76
238704,30069222,NCCDV,S,-0.013907000000000001,0.88
238704,30069222,NCCMR,S,-0.01216,0.81
238704,30069222,NCCOS,S,0.009673999999999999,0.9
238704,30069222,NCCVA,S,-0.019654,0.93
238704,30069222,NCCMN,S,-0.005723000000000002,0.79
238704,30069222,NCCST,S,0.0051179999999999976,0.76
238704,30069222,NCCCY,S,-0.023449,0.81
238704,30092060,NCCMH,P,-0.008369000000000015,0.753
238704,30092060,NCCADa,P,0.027694999999999997,0.755
238704,30092060,NCJST,P,0.00952,0.703
238704,30092060,NCJCB,P,0.01855000000000001,0.894
238704,30092060,NCCML,P,-0.004968,0.925
238704,30092060,NCCAL,P,-0.010284000000000015,0.827
238704,30092060,NCJRR,P,0.018163999999999986,0.839
238704,30092060,NCJEC,P,0.019144999999999995,0.727
238704,30092060,NCHGW,P,0.021311999999999998,0.914
238704,30092060,NCCDV,P,-0.007413000000000003,0.954
238704,30092060,NCCMJ,P,-0.009860000000000008,0.844
238704,30092060,NCHCA,P,0.022147,0.931
238704,30092060,NCJSG,P,-0.006184999999999996,0.8
238704,30092060,NCJBC,P,0.006114000000000008,0.735
238704,30092060,NCCVA,P,-0.009926999999999991,0.92
238704,30092060,NCHCR,P,0.022309999999999997,0.874
238704,30092060,NCCVL,P,-0.016296000000000005,0.754
238704,30092060,NCJSC,P,0.00589400000000001,0.73
238704,30092060,NCCST,P,-0.00223799999999999,0.943
238704,30092060,NCJBM,P,-0.0016589999999999938,0.87
238704,30092060,NCJSFa,P,-0.003575999999999996,0.753
238704,30092060,NCCCY,P,-0.010080000000000006,0.838
238704,30092060,NCHJG,P,0.019069000000000003,0.879
238704,30092060,NCCBS,P,-0.011314999999999992,0.814
238704,30092060,NCCMO,P,-0.008401999999999993,0.896
238704,30092060,NCHSL,P,0.027082999999999996,0.759
238704,30092060,NCBVY,P,0.019238000000000005,0.868
238704,30092060,NCCADa,S,0.041121000000000005,0.71
238704,30092060,NCJST,S,0.007838999999999985,0.79
238704,30092060,NCJCB,S,0.029246999999999995,0.84
238704,30092060,NCCML,S,-0.017203999999999997,0.94
238704,30092060,NCCAL,S,-0.02173,0.86
238704,30092060,NCJAL,S,0.009802000000000005,0.77
238704,30092060,NCJHL,S,0.00959299999999999,0.76
238704,30092060,NCJSS,S,0.006759999999999988,0.86
238704,30092060,NCJEC,S,0.018294000000000005,0.79
238704,30092060,NCJLX,S,-0.0017560000000000076,0.88
238704,30092060,NCCDV,S,-0.017211000000000004,0.93
238704,30092060,NCJBC,S,-0.002700000000000008,0.82
238704,30092060,NCCOS,S,-0.008373999999999993,0.88
238704,30092060,NCCVA,S,-0.020845000000000002,0.96
238704,30092060,NCCVL,S,-0.028656000000000015,0.75
238704,30092060,NCCST,S,-0.007182999999999995,0.78
238704,30092060,NCCCY,S,-0.02309900000000001,0.89
238704,30092060,NCCMO,S,-0.019907000000000008,0.71
238704,389286,NCJCB,P,0.018526000000000004,0.835
238704,389286,NCJRR,P,0.019642000000000003,0.84
238704,389286,NCJEC,P,0.018544,0.806
238704,389286,NCHGW,P,0.023836000000000003,0.883
238704,389286,NCCDV,P,-0.013116999999999997,0.956
238704,389286,NCCMJ,P,-0.017276,0.796
238704,389286,NCHCA,P,0.032162,0.744
238704,389286,NCJSG,P,-0.010109999999999994,0.896
238704,389286,NCCMR,P,-0.011992999999999997,0.958
238704,389286,NCJTG,P,0.012001000000000001,0.799
238704,389286,NCCVA,P,-0.016406999999999998,0.834
238704,389286,NCHCR,P,0.023370000000000002,0.82
238704,389286,NCCST,P,-0.006068999999999998,0.853
238704,389286,NCHPL,P,0.020435000000000002,0.914
238704,389286,NCJBM,P,-0.007044999999999996,0.833
238704,389286,NCJSM,P,-0.003144999999999995,0.714
238704,389286,NCJSFa,P,-0.010442,0.83
238704,389286,NCHJG,P,0.018872000000000003,0.775
238704,389286,NCJHP,P,-0.009917999999999996,0.892
238704,389286,NCHFP,P,0.021050000000000003,0.717
238704,389286,NCJST,S,0.008502000000000003,0.74
238704,389286,NCJCB,S,0.029919,0.84
238704,389286,NCJAL,S,0.009307000000000003,0.8
238704,389286,NCJHL,S,0.00954,0.71
238704,389286,NCJSS,S,0.002832000000000001,0.86
238704,389286,NCHGS,S,0.032867,0.78
238704,389286,NCJEC,S,0.018260000000000002,0.75
238704,389286,NCJLX,S,-0.007285,0.83
238704,389286,NCCDV,S,-0.02590599999999999,0.89
238704,389286,NCCMR,S,-0.031542999999999995,0.87
238704,389286,NCCOS,S,-0.012541999999999998,0.83
238704,389286,NCCVA,S,-0.025816,0.9
238704,389286,NCCST,S,-0.010809,0.72
238704,389286,NCCCY,S,-0.034286000000000004,0.87
238704,478138,NCCMH,P,0.02574599999999999,0.754
238704,478138,NCCADa,P,0.029854999999999993,0.866
238704,478138,NCJST,P,0.026237999999999984,0.874
238704,478138,NCCML,P,0.02418899999999999,0.943
238704,478138,NCCAL,P,0.021909999999999985,0.893
238704,478138,NCJAL,P,0.027145999999999976,0.863
238704,478138,NCHSP,P,0.026453999999999978,0.889
238704,478138,NCJHL,P,0.025331999999999993,0.852
238704,478138,NCJLX,P,0.023942999999999992,0.826
238704,478138,NCCDV,P,0.023085999999999995,0.974
238704,478138,NCCMJ,P,0.02302399999999999,0.924
238704,478138,NCCMP,P,0.025848999999999983,0.806
238704,478138,NCHCA,P,0.028073999999999988,0.974
238704,478138,NCCMR,P,0.015665999999999985,0.912
238704,478138,NCJTG,P,0.021755999999999998,0.914
238704,478138,NCCVA,P,0.02345799999999998,0.921
238704,478138,NCJPL,P,0.022057999999999994,0.769
238704,478138,NCHCR,P,0.029745999999999995,0.978
238704,478138,NCJRG,P,0.02604099999999998,0.773
238704,478138,NCCVL,P,0.01855699999999999,0.966
238704,478138,NCHCB,P,0.029167,0.832
238704,478138,NCJSC,P,0.03378999999999999,0.844
238704,478138,NCJBM,P,0.02601099999999998,0.88
238704,478138,NCJSM,P,0.027831999999999996,0.82
238704,478138,NCJSFa,P,0.027361999999999997,0.909
238704,478138,NCCCY,P,0.02307099999999998,0.88
238704,478138,NCJPPa,P,0.03172299999999997,0.769
238704,478138,NCHSL,P,0.031833,0.827
238704,478138,NCJPS,P,0.027001999999999998,0.907
238704,478138,NCCMH,S,0.025285999999999975,0.83
238704,478138,NCCADa,S,0.029909999999999992,0.85
238704,478138,NCJST,S,0.02635599999999999,0.93
238704,478138,NCCML,S,0.023888999999999994,0.96
238704,478138,NCCAL,S,0.01957199999999998,0.93
238704,478138,NCJAL,S,0.02393999999999999,0.92
238704,478138,NCHSP,S,0.027167999999999998,0.95
238704,478138,NCJHL,S,0.025698,0.89
238704,478138,NCJLX,S,0.02393099999999998,0.95
238704,478138,NCCDV,S,0.023629999999999984,0.96
238704,478138,NCCMJ,S,0.022454999999999975,0.95
238704,478138,NCHCA,S,0.028738999999999987,0.96
238704,478138,NCCMR,S,0.010348999999999997,0.96
238704,478138,NCJTG,S,0.018571999999999977,0.88
238704,478138,NCCOS,S,0.022226999999999997,0.97
238704,478138,NCCVA,S,0.02218199999999998,0.98
238704,478138,NCJPL,S,0.024478,0.93
238704,478138,NCHCR,S,0.031346999999999986,0.91
238704,478138,NCJRG,S,0.026470999999999995,0.9
238704,478138,NCCVL,S,0.01596599999999998,0.95
238704,478138,NCHCB,S,0.026806999999999997,0.91
238704,478138,NCJSC,S,0.03325299999999998,0.88
238704,478138,NCJBM,S,0.026311999999999974,0.84
238704,478138,NCJSM,S,0.02771599999999999,0.9
238704,478138,NCJSFa,S,0.02788099999999999,0.84
238704,478138,NCCCY,S,0.02308199999999999,0.96
238704,478138,NCHSL,S,0.027163999999999994,0.81
238704,478138,NCJPS,S,0.027129999999999987,0.91
238704,483500,NCCML,P,0.016859999999999986,0.71
238704,483500,NCCVA,P,0.052447999999999995,0.784
238704,529274,NCCADa,P,0.037457000000000004,0.726
238704,529274,NCCML,P,0.008092000000000016,0.971
238704,529274,NCCAL,P,0.005770999999999998,0.789
238704,529274,NCJHL,P,0.027796000000000015,0.735
238704,529274,NCJLX,P,0.01827000000000001,0.735
238704,529274,NCCDV,P,0.006397000000000014,0.96
238704,529274,NCCMP,P,0.026620000000000005,0.701
238704,529274,NCJBZ,P,0.033135,0.857
238704,529274,NCHCA,P,0.03725200000000001,0.867
238704,529274,NCCVA,P,0.003933999999999993,0.834
238704,529274,NCCMN,P,0.005798999999999999,0.898
238704,529274,NCHCR,P,0.03831000000000001,0.786
238704,529274,NCJSC,P,0.021054000000000017,0.814
238704,529274,NCCST,P,0.009905999999999998,0.925
238704,529274,NCJBM,P,0.011317999999999995,0.904
238704,529274,NCHCOa,P,0.032337000000000005,0.81
238704,529274,NCCCY,P,0.003173000000000009,0.756
238704,529274,NCJJR,P,0.008714,0.768
238704,529274,NCJHP,P,0.008057000000000009,0.908
238704,529274,NCCBS,P,0.0016180000000000083,0.814
238704,529274,NCJPS,P,0.011892000000000014,0.744
238704,529274,NCHFP,P,0.03376500000000002,0.703
238704,529274,NCCADa,S,0.050418000000000004,0.76
238704,529274,NCJST,S,0.024150000000000005,0.74
238704,529274,NCCML,S,-0.0028610000000000024,0.95
238704,529274,NCCAL,S,-0.004398999999999986,0.87
238704,529274,NCJAL,S,0.024882000000000015,0.79
238704,529274,NCJHL,S,0.024021000000000015,0.74
238704,529274,NCJSS,S,0.022149000000000002,0.92
238704,529274,NCJLX,S,0.012623999999999996,0.86
238704,529274,NCCDV,S,-0.0028789999999999927,0.94
238704,529274,NCJBC,S,0.019345,0.9
238704,529274,NCCVA,S,-0.008235999999999993,0.91
238704,529274,NCJPL,S,0.034999,0.72
238704,529274,NCCMN,S,0.0017250000000000043,0.88
238704,529274,NCJSC,S,0.01829800000000001,0.72
238704,529274,NCJPS,S,0.011255000000000015,0.74
238790,30062741,NCCADa,P,-0.01047300000000001,0.774
238790,30062741,NCJST,P,-0.021397,0.75
238790,30062741,NCJCB,P,-0.014456999999999998,0.808
238790,30062741,NCCML,P,0.0007830000000000059,0.945
238790,30062741,NCCAL,P,-0.0010350000000000081,0.714
238790,30062741,NCHSP,P,-0.02073,0.932
238790,30062741,NCJHL,P,-0.015880000000000005,0.76
238790,30062741,NCJRR,P,-0.015931,0.854
238790,30062741,NCHGS,P,-0.018310999999999994,0.954
238790,30062741,NCJEC,P,-0.016284999999999994,0.844
238790,30062741,NCCDV,P,0.0008380000000000054,0.965
238790,30062741,NCCMJ,P,0.0014470000000000038,0.845
238790,30062741,NCCMP,P,-0.012329000000000007,0.923
238790,30062741,NCJBZ,P,-0.0194,0.922
238790,30062741,NCHCA,P,-0.010773000000000005,0.945
238790,30062741,NCJSG,P,-0.008745000000000003,0.789
238790,30062741,NCJTG,P,-0.016363000000000016,0.87
238790,30062741,NCJBC,P,-0.0023839999999999972,0.825
238790,30062741,NCHCR,P,-0.016193000000000013,0.855
238790,30062741,NCJSC,P,0.004366999999999982,0.846
238790,30062741,NCCST,P,-0.0024919999999999942,0.905
238790,30062741,NCHPL,P,-0.017530000000000018,0.965
238790,30062741,NCJBM,P,-0.0027880000000000127,0.797
238790,30062741,NCHCOa,P,-0.01594900000000002,0.738
238790,30062741,NCHAZ,P,-0.016084000000000015,0.746
238790,30062741,NCCCY,P,0.0012830000000000064,0.701
238790,30062741,NCHJG,P,-0.015985,0.844
238790,30062741,NCHFP,P,-0.01398000000000002,0.815
238790,30062741,NCBVY,P,-0.016776000000000013,0.823
238790,30062741,NCCCOa,S,-0.028377000000000013,0.74
238790,30062741,NCCMH,S,0.0006819999999999882,0.81
238790,30062741,NCCADa,S,-0.01921600000000001,0.76
238790,30062741,NCJST,S,-0.01636500000000002,0.79
238790,30062741,NCJCB,S,-0.019871,0.88
238790,30062741,NCCML,S,0.0069059999999999955,0.93
238790,30062741,NCCAL,S,0.0032979999999999954,0.86
238790,30062741,NCJAL,S,-0.012770000000000004,0.88
238790,30062741,NCHSP,S,-0.023694999999999994,0.87
238790,30062741,NCJHL,S,-0.012452000000000019,0.79
238790,30062741,NCJRR,S,-0.014845999999999998,0.72
238790,30062741,NCJSS,S,-0.010966000000000004,0.93
238790,30062741,NCHGS,S,-0.022703,0.91
238790,30062741,NCJEC,S,-0.013484999999999997,0.83
238790,30062741,NCJLX,S,-0.007189000000000001,0.72
238790,30062741,NCCDV,S,0.00709499999999999,0.91
238790,30062741,NCCMJ,S,0.003895999999999983,0.78
238790,30062741,NCCMP,S,-0.008458000000000021,0.97
238790,30062741,NCHCA,S,-0.011663000000000007,0.9
238790,30062741,NCJBC,S,-0.0018900000000000028,0.86
238790,30062741,NCCOS,S,0.0009109999999999951,0.94
238790,30062741,NCHCB,S,-0.014674999999999994,0.89
238790,30062741,NCCVL,S,0.0029879999999999907,0.77
238790,30062741,NCJSC,S,0.009587999999999985,0.73
238790,30062741,NCCST,S,0.00038599999999999746,0.8
238790,30062741,NCHPL,S,-0.02016900000000002,0.95
238790,30062741,NCHOR,S,-0.02086200000000002,0.77
238790,30062741,NCHAZ,S,-0.02032500000000001,0.77
238790,30062741,NCCCY,S,0.009587999999999985,0.86
238790,30062741,NCHJG,S,-0.018712000000000006,0.87
238790,30062741,NCBVY,S,-0.020689000000000013,0.88
238790,30069222,NCCMH,P,-0.010747,0.807
238790,30069222,NCJCB,P,0.011997999999999998,0.745
238790,30069222,NCCML,P,-0.0030149999999999995,0.951
238790,30069222,NCCAL,P,-0.006667,0.791
238790,30069222,NCHSP,P,0.016198999999999998,0.731
238790,30069222,NCJRR,P,0.011727999999999999,0.778
238790,30069222,NCHGS,P,0.018376,0.842
238790,30069222,NCJEC,P,0.008313000000000001,0.78
238790,30069222,NCHGW,P,0.015639,0.875
238790,30069222,NCCDV,P,-0.002594,0.957
238790,30069222,NCCMJ,P,-0.003325,0.728
238790,30069222,NCJBZ,P,0.00411,0.757
238790,30069222,NCJSG,P,-0.003523,0.855
238790,30069222,NCCMR,P,0.0013350000000000002,0.916
238790,30069222,NCCVA,P,-0.005187,0.748
238790,30069222,NCHCR,P,0.013149000000000001,0.785
238790,30069222,NCJSC,P,0.006882,0.739
238790,30069222,NCCST,P,0.002894,0.863
238790,30069222,NCHPL,P,0.017071,0.877
238790,30069222,NCJBM,P,-7.699999999999981e-05,0.896
238790,30069222,NCJSM,P,-0.0012079999999999999,0.727
238790,30069222,NCJSFa,P,-0.0011720000000000003,0.727
238790,30069222,NCCCY,P,-0.002412,0.816
238790,30069222,NCHJG,P,0.01617,0.793
238790,30069222,NCJHP,P,0.00012399999999999998,0.877
238790,30069222,NCHSL,P,0.020000999999999998,0.702
238790,30069222,NCCLC,P,-0.0014279999999999996,0.818
238790,30069222,NCHFP,P,0.017867,0.842
238790,30069222,NCBVY,P,0.015431,0.707
238790,30069222,NCJST,S,-0.006932,0.73
238790,30069222,NCJCB,S,0.012506,0.81
238790,30069222,NCCML,S,-0.004032,0.93
238790,30069222,NCCAL,S,-0.016646,0.82
238790,30069222,NCJAL,S,-0.0008120000000000002,0.75
238790,30069222,NCHSP,S,0.026168,0.79
238790,30069222,NCJSS,S,0.00016700000000000048,0.87
238790,30069222,NCHGS,S,0.022467,0.84
238790,30069222,NCJEC,S,0.006212,0.76
238790,30069222,NCCDV,S,-0.0045509999999999995,0.89
238790,30069222,NCCMR,S,8.299999999999974e-05,0.87
238790,30069222,NCCOS,S,0.009426,0.93
238790,30069222,NCCVA,S,-0.009604999999999999,0.94
238790,30069222,NCCST,S,0.007234,0.83
238790,30069222,NCHPL,S,0.028577,0.79
238790,30069222,NCCCY,S,-0.009999000000000001,0.83
238790,30069222,NCBVY,S,0.021391999999999998,0.78
238790,30092060,NCCMH,P,-0.005856,0.865
238790,30092060,NCCADa,P,0.007628000000000024,0.812
238790,30092060,NCJST,P,-0.002690999999999999,0.879
238790,30092060,NCJCB,P,0.0006480000000000097,0.941
238790,30092060,NCCML,P,-0.0065759999999999985,0.96
238790,30092060,NCCAL,P,-0.008809999999999985,0.951
238790,30092060,NCJAL,P,-0.0028429999999999844,0.724
238790,30092060,NCHSP,P,0.0018890000000000018,0.79
238790,30092060,NCJHL,P,-0.001341999999999982,0.87
238790,30092060,NCJRR,P,0.0004360000000000197,0.945
238790,30092060,NCJSS,P,-0.0021509999999999863,0.88
238790,30092060,NCJEC,P,0.0016640000000000266,0.857
238790,30092060,NCJLX,P,-0.0018739999999999868,0.903
238790,30092060,NCHGW,P,0.0013570000000000249,0.955
238790,30092060,NCCDV,P,-0.007340999999999986,0.979
238790,30092060,NCCMJ,P,-0.007993,0.919
238790,30092060,NCCMP,P,-0.0009389999999999954,0.756
238790,30092060,NCHCA,P,0.0018810000000000215,0.958
238790,30092060,NCJSG,P,-0.008896999999999988,0.913
238790,30092060,NCJBC,P,-0.003343999999999986,0.871
238790,30092060,NCCVA,P,-0.007952999999999988,0.922
238790,30092060,NCHCR,P,0.0015170000000000183,0.954
238790,30092060,NCCVL,P,-0.013850999999999974,0.828
238790,30092060,NCJSC,P,0.001812000000000008,0.763
238790,30092060,NCCST,P,-0.006421999999999983,0.909
238790,30092060,NCJBM,P,-0.0058,0.781
238790,30092060,NCJUC,P,-0.0022039999999999837,0.708
238790,30092060,NCCCY,P,-0.007855999999999974,0.91
238790,30092060,NCHJG,P,-0.00014699999999998048,0.94
238790,30092060,NCCBS,P,-0.009071999999999997,0.813
238790,30092060,NCCMO,P,-0.006488999999999995,0.905
238790,30092060,NCHSL,P,0.0068260000000000265,0.746
238790,30092060,NCBVY,P,0.0009570000000000134,0.879
238790,30092060,NCCCOa,S,0.005669000000000007,0.78
238790,30092060,NCCMH,S,-0.005836999999999981,0.9
238790,30092060,NCCADa,S,0.01222200000000001,0.74
238790,30092060,NCJST,S,-0.0032989999999999964,0.89
238790,30092060,NCJCB,S,0.00393300000000002,0.94
238790,30092060,NCCML,S,-0.008364999999999984,0.99
238790,30092060,NCCAL,S,-0.011935999999999974,0.96
238790,30092060,NCJAL,S,-0.003148999999999985,0.9
238790,30092060,NCHSP,S,0.007021000000000027,0.88
238790,30092060,NCJHL,S,-0.0024299999999999877,0.89
238790,30092060,NCJRR,S,-0.00010999999999999899,0.89
238790,30092060,NCJSS,S,-0.0028439999999999854,0.98
238790,30092060,NCJEC,S,-0.0004559999999999842,0.86
238790,30092060,NCJLX,S,-0.00559599999999999,0.91
238790,30092060,NCHGW,S,0.0028750000000000164,0.91
238790,30092060,NCCDV,S,-0.008162999999999976,0.98
238790,30092060,NCCMJ,S,-0.008714,0.9
238790,30092060,NCHCA,S,0.0036650000000000016,0.87
238790,30092060,NCJSG,S,-0.008179999999999993,0.86
238790,30092060,NCJBC,S,-0.006879999999999997,0.83
238790,30092060,NCCOS,S,-0.008375999999999995,0.92
238790,30092060,NCCVA,S,-0.010932999999999998,0.98
238790,30092060,NCHCR,S,0.005816000000000016,0.77
238790,30092060,NCCVL,S,-0.017914999999999986,0.82
238790,30092060,NCJSC,S,0.0005760000000000209,0.77
238790,30092060,NCCST,S,-0.005626999999999993,0.81
238790,30092060,NCCCY,S,-0.010289999999999994,0.97
238790,30092060,NCHJG,S,0.0026880000000000237,0.75
238790,30092060,NCBVY,S,0.0009880000000000166,0.84
238790,389286,NCCMH,P,-0.014577,0.84
238790,389286,NCJST,P,-0.0018659999999999996,0.841
238790,389286,NCJCB,P,0.0005690000000000001,0.922
238790,389286,NCJAL,P,-0.002694999999999996,0.745
238790,389286,NCHSP,P,0.002364000000000005,0.735
238790,389286,NCJHL,P,-0.0014279999999999987,0.892
238790,389286,NCJRR,P,0.0016130000000000033,0.927
238790,389286,NCHGS,P,0.002148000000000004,0.9
238790,389286,NCJEC,P,0.0014030000000000015,0.913
238790,389286,NCJLX,P,-0.004747999999999995,0.76
238790,389286,NCHGW,P,0.0036780000000000007,0.938
238790,389286,NCCDV,P,-0.012978999999999997,0.983
238790,389286,NCCMJ,P,-0.014165999999999991,0.91
238790,389286,NCHCA,P,0.011104000000000003,0.854
238790,389286,NCJSG,P,-0.012776000000000003,0.923
238790,389286,NCCMR,P,-0.011619999999999998,0.981
238790,389286,NCJTG,P,-0.0037479999999999944,0.865
238790,389286,NCCVA,P,-0.013490999999999996,0.917
238790,389286,NCHCR,P,0.002585000000000004,0.938
238790,389286,NCCST,P,-0.009322999999999991,0.956
238790,389286,NCHPL,P,0.00213,0.956
238790,389286,NCJBM,P,-0.009856999999999998,0.973
238790,389286,NCJSM,P,-0.00787899999999999,0.753
238790,389286,NCHAZ,P,0.001476000000000005,0.858
238790,389286,NCJSFa,P,-0.010878999999999993,0.848
238790,389286,NCCCY,P,-0.01359599999999999,0.876
238790,389286,NCJPPa,P,-0.0023809999999999942,0.71
238790,389286,NCHJG,P,-0.0005439999999999959,0.774
238790,389286,NCJHP,P,-0.010889000000000003,0.958
238790,389286,NCHFP,P,0.0018300000000000052,0.894
238790,389286,NCCCOa,S,0.0061400000000000066,0.78
238790,389286,NCCMH,S,-0.015231000000000001,0.82
238790,389286,NCJST,S,-0.002928,0.85
238790,389286,NCJCB,S,0.0033490000000000048,0.91
238790,389286,NCJAL,S,-0.003906999999999994,0.9
238790,389286,NCHSP,S,0.010474000000000004,0.9
238790,389286,NCJHL,S,-0.0025439999999999977,0.87
238790,389286,NCJRR,S,0.00030400000000000565,0.83
238790,389286,NCJSS,S,-0.007626000000000001,0.95
238790,389286,NCHGS,S,0.006299000000000006,0.88
238790,389286,NCJEC,S,-0.0005489999999999939,0.83
238790,389286,NCJLX,S,-0.009662999999999998,0.96
238790,389286,NCHGW,S,0.007157000000000004,0.9
238790,389286,NCCDV,S,-0.016625999999999995,0.96
238790,389286,NCCMJ,S,-0.01753799999999999,0.86
238790,389286,NCJSG,S,-0.011680000000000003,0.76
238790,389286,NCCMR,S,-0.018801999999999992,0.93
238790,389286,NCJTG,S,-0.007376000000000001,0.73
238790,389286,NCCOS,S,-0.012606,0.88
238790,389286,NCCVA,S,-0.015502999999999996,0.91
238790,389286,NCJPL,S,-0.0012609999999999982,0.71
238790,389286,NCHCR,S,0.009053000000000005,0.78
238790,389286,NCHCB,S,0.0056840000000000016,0.82
238790,389286,NCCST,S,-0.009662999999999998,0.83
238790,389286,NCHPL,S,0.008025000000000004,0.83
238790,389286,NCJBM,S,-0.009321000000000003,0.8
238790,389286,NCJSM,S,-0.007294000000000002,0.74
238790,389286,NCHAZ,S,0.009525000000000006,0.72
238790,389286,NCJUC,S,-0.004811999999999997,0.79
238790,389286,NCCCY,S,-0.020943999999999997,0.93
238790,389286,NCHFP,S,0.006371000000000002,0.81
238790,478138,NCCADa,P,0.009649999999999992,0.782
238790,478138,NCJST,P,0.011743000000000003,0.769
238790,478138,NCCML,P,0.022982000000000002,0.944
238790,478138,NCCAL,P,0.022762000000000004,0.8
238790,478138,NCJAL,P,0.009797,0.706
238790,478138,NCHSP,P,0.002724000000000004,0.705
238790,478138,NCJHL,P,0.008776000000000006,0.811
238790,478138,NCCDV,P,0.022956000000000004,0.959
238790,478138,NCCMJ,P,0.025269000000000014,0.84
238790,478138,NCCMP,P,0.011137000000000008,0.792
238790,478138,NCHCA,P,0.007942000000000005,0.962
238790,478138,NCCMR,P,0.01600199999999999,0.911
238790,478138,NCJTG,P,0.006664000000000003,0.857
238790,478138,NCCVA,P,0.02606900000000001,0.869
238790,478138,NCHCR,P,0.009424999999999989,0.892
238790,478138,NCJRG,P,0.011885000000000007,0.725
238790,478138,NCHCB,P,0.008631,0.866
238790,478138,NCCVL,P,0.01949200000000001,0.874
238790,478138,NCJSC,P,0.030274999999999996,0.892
238790,478138,NCJBM,P,0.022009,0.885
238790,478138,NCJSFa,P,0.026165999999999995,0.758
238790,478138,NCCCY,P,0.02646799999999999,0.806
238790,478138,NCJPPa,P,0.02743699999999999,0.778
238790,478138,NCHSL,P,0.011304000000000008,0.816
238790,478138,NCJST,S,0.013823000000000002,0.84
238790,478138,NCCML,S,0.03251799999999999,0.96
238790,478138,NCCAL,S,0.028079999999999994,0.87
238790,478138,NCJAL,S,0.010236999999999996,0.85
238790,478138,NCHSP,S,-0.001462999999999992,0.79
238790,478138,NCJHL,S,0.012215000000000004,0.81
238790,478138,NCJLX,S,0.018405000000000005,0.86
238790,478138,NCCDV,S,0.032277,0.94
238790,478138,NCCMJ,S,0.030682000000000015,0.8
238790,478138,NCHCA,S,0.005034000000000011,0.82
238790,478138,NCCMR,S,0.021681000000000006,0.96
238790,478138,NCJTG,S,0.005925000000000014,0.75
238790,478138,NCCOS,S,0.02179600000000001,0.96
238790,478138,NCCVA,S,0.031859,0.96
238790,478138,NCJPL,S,0.007626999999999995,0.73
238790,478138,NCJRG,S,0.016549000000000008,0.77
238790,478138,NCHCB,S,0.00755900000000001,0.85
238790,478138,NCCVL,S,0.025729000000000002,0.88
238790,478138,NCJSC,S,0.03620300000000001,0.74
238790,478138,NCJSM,S,0.023397,0.76
238790,478138,NCCCY,S,0.035267999999999994,0.9
238790,483500,NCCML,P,0.015641000000000016,0.705
238790,483500,NCCVA,P,0.05516600000000002,0.757
238790,529274,NCCMH,P,0.0071360000000000035,0.939
238790,529274,NCCADa,P,0.017360999999999988,0.784
238790,529274,NCJST,P,0.010941000000000006,0.834
238790,529274,NCCML,P,0.0070059999999999845,0.978
238790,529274,NCCAL,P,0.007172999999999985,0.95
238790,529274,NCJAL,P,0.011342999999999992,0.821
238790,529274,NCHSP,P,0.013299000000000005,0.743
238790,529274,NCJHL,P,0.011761999999999995,0.902
238790,529274,NCJSS,P,0.010642999999999986,0.913
238790,529274,NCJLX,P,0.009800000000000003,0.952
238790,529274,NCCDV,P,0.006389999999999979,0.98
238790,529274,NCCMP,P,0.011328000000000005,0.808
238790,529274,NCJBZ,P,0.016161999999999982,0.903
238790,529274,NCHCA,P,0.016898999999999997,0.895
238790,529274,NCCVA,P,0.0066719999999999835,0.883
238790,529274,NCHCR,P,0.017915999999999987,0.901
238790,529274,NCJSC,P,0.01801999999999998,0.856
238790,529274,NCCST,P,0.00658499999999998,0.91
238790,529274,NCJBM,P,0.008693000000000006,0.957
238790,529274,NCHCOa,P,0.012542999999999999,0.817
238790,529274,NCCCY,P,0.006876999999999994,0.917
238790,529274,NCJHP,P,0.007034999999999986,0.923
238790,529274,NCCLC,P,0.005732999999999988,0.708
238790,529274,NCHFP,P,0.015727999999999992,0.857
238790,529274,NCCMH,S,0.006887000000000004,0.94
238790,529274,NCCADa,S,0.02127699999999999,0.77
238790,529274,NCJST,S,0.012328000000000006,0.82
238790,529274,NCCML,S,0.005876999999999993,0.98
238790,529274,NCCAL,S,0.005108000000000001,0.95
238790,529274,NCJAL,S,0.011319999999999997,0.98
238790,529274,NCHSP,S,0.01780799999999999,0.91
238790,529274,NCJHL,S,0.012414999999999982,0.87
238790,529274,NCJSS,S,0.012128,0.99
238790,529274,NCJLX,S,0.008977999999999986,0.98
238790,529274,NCCDV,S,0.006020999999999999,0.97
238790,529274,NCJBZ,S,0.01699399999999998,0.87
238790,529274,NCJBC,S,0.014287999999999995,0.92
238790,529274,NCCVA,S,0.0014359999999999928,0.95
238790,529274,NCJPL,S,0.016758999999999996,0.78
238790,529274,NCHCR,S,0.02260799999999999,0.79
238790,529274,NCJSC,S,0.019960000000000006,0.81
238790,529274,NCCST,S,0.006637000000000004,0.85
238790,529274,NCJBM,S,0.009318999999999994,0.9
238790,529274,NCJHP,S,0.007654999999999995,0.79
238790,529274,NCCLC,S,0.006434999999999996,0.72
238790,529274,NCHFP,S,0.018042000000000002,0.87
27683,101659,NCCML,P,0.010963,0.741
27683,101659,NCJRR,P,-0.061101,0.825
27683,101659,NCJEC,P,-0.038156,0.797
27683,101659,NCHGW,P,-0.071543,0.802
27683,101659,NCCDV,P,0.012067999999999995,0.78
27683,101659,NCCMP,P,-0.044107,0.776
27683,101659,NCCMJ,P,0.020401000000000002,0.727
27683,101659,NCJBZ,P,-0.060677,0.787
27683,101659,NCJTG,P,-0.046943000000000006,0.861
27683,101659,NCHPR,P,-0.062069,0.903
27683,101659,NCHCR,P,-0.071273,0.833
27683,101659,NCJPL,P,-0.045873000000000004,0.837
27683,101659,NCCVA,P,0.014550999999999994,0.723
27683,101659,NCCMN,P,0.012567999999999996,0.933
27683,101659,NCHCB,P,-0.068848,0.92
27683,101659,NCHFE,P,-0.07755100000000001,0.8
27683,101659,NCCST,P,-0.013062000000000004,0.736
27683,101659,NCHAZ,P,-0.06495300000000001,0.794
27683,101659,NCJUC,P,-0.031561,0.733
27683,101659,NCJSFa,P,0.0015359999999999957,0.712
27683,101659,NCHFH,P,-0.067685,0.754
27683,101659,NCJLT,P,0.0017139999999999933,0.85
27683,101659,NCHDLb,P,-0.061261,0.882
27683,101659,NCHSFb,P,-0.071933,0.905
27683,101659,NCJBG,P,0.0012250000000000039,0.811
27683,101659,NCBVY,P,-0.067257,0.87
27683,101659,NCHQR,P,-0.06656000000000001,0.717
27683,101659,NCCML,S,0.03986200000000001,0.73
27683,101659,NCJSS,S,-0.025930999999999996,0.76
27683,101659,NCCDV,S,0.048284999999999995,0.75
27683,101659,NCCMP,S,-0.057695,0.94
27683,101659,NCCOS,S,-0.007927000000000003,0.81
27683,101659,NCJUC,S,-0.030197,0.76
27683,114006,NCCSC,P,-0.04132999999999999,0.725
27683,114006,NCCML,P,-0.03841699999999999,0.932
27683,114006,NCCMM,P,-0.05077399999999999,0.818
27683,114006,NCJHL,P,-0.043845999999999996,0.8
27683,114006,NCHGS,P,-0.03641599999999999,0.825
27683,114006,NCJEC,P,-0.027204999999999993,0.859
27683,114006,NCHGW,P,-0.041506999999999995,0.806
27683,114006,NCCDV,P,-0.03818099999999999,0.876
27683,114006,NCCMP,P,-0.032563999999999996,0.876
27683,114006,NCCMJ,P,-0.038653999999999994,0.951
27683,114006,NCJBZ,P,-0.05855199999999999,0.862
27683,114006,NCHCA,P,-0.04139299999999999,0.937
27683,114006,NCCMR,P,-0.052349999999999994,0.908
27683,114006,NCJBC,P,-0.042545999999999994,0.895
27683,114006,NCHCR,P,-0.03917799999999999,0.875
27683,114006,NCCVA,P,-0.033805999999999996,0.897
27683,114006,NCCMN,P,-0.037233999999999996,0.965
27683,114006,NCHCB,P,-0.03849299999999999,0.939
27683,114006,NCHFE,P,-0.043644999999999996,0.815
27683,114006,NCHPL,P,-0.034262999999999995,0.945
27683,114006,NCCST,P,-0.050214999999999996,0.913
27683,114006,NCHOR,P,-0.039076999999999994,0.793
27683,114006,NCCSA,P,-0.036363999999999994,0.797
27683,114006,NCCPL,P,-0.038292999999999994,0.913
27683,114006,NCHFH,P,-0.03522999999999999,0.728
27683,114006,NCHKR,P,-0.04237199999999999,0.759
27683,114006,NCJLT,P,-0.04038099999999999,0.904
27683,114006,NCHDLb,P,-0.035866999999999996,0.876
27683,114006,NCHSFb,P,-0.031500999999999994,0.957
27683,114006,NCHLT,P,-0.040965999999999995,0.882
27683,114006,NCHJG,P,-0.05308199999999999,0.893
27683,114006,NCCBS,P,-0.033020999999999995,0.866
27683,114006,NCJHP,P,-0.038475999999999996,0.953
27683,114006,NCJBG,P,-0.041402999999999995,0.897
27683,114006,NCHFP,P,-0.033368999999999996,0.714
27683,114006,NCHJS,P,-0.03926199999999999,0.716
27683,114006,NCCLC,P,-0.03361999999999999,0.853
27683,114006,NCBVY,P,-0.034344999999999994,0.89
27683,114006,NCHQR,P,-0.03700899999999999,0.89
27683,114006,NCCAO,S,-0.033089999999999994,0.81
27683,114006,NCJCB,S,-0.03845699999999999,0.84
27683,114006,NCCML,S,-0.03311399999999999,0.92
27683,114006,NCCMM,S,-0.047494999999999996,0.87
27683,114006,NCJHL,S,-0.042261999999999994,0.78
27683,114006,NCJRR,S,-0.04240399999999999,0.72
27683,114006,NCHGS,S,-0.03686799999999999,0.87
27683,114006,NCJEC,S,-0.025337999999999992,0.87
27683,114006,NCHGW,S,-0.03925399999999999,0.85
27683,114006,NCJLX,S,-0.038847999999999994,0.85
27683,114006,NCCDV,S,-0.033070999999999996,0.86
27683,114006,NCCMP,S,-0.02747299999999999,0.95
27683,114006,NCCMJ,S,-0.038410999999999994,0.94
27683,114006,NCJBZ,S,-0.057748999999999995,0.73
27683,114006,NCHCA,S,-0.032792999999999996,0.88
27683,114006,NCJSG,S,-0.03804199999999999,0.9
27683,114006,NCCMR,S,-0.050122999999999994,0.93
27683,114006,NCJBC,S,-0.04036399999999999,0.83
27683,114006,NCCOS,S,-0.029875999999999993,0.92
27683,114006,NCHCR,S,-0.03667999999999999,0.82
27683,114006,NCCVA,S,-0.03495199999999999,0.93
27683,114006,NCCMN,S,-0.03597299999999999,0.94
27683,114006,NCHCB,S,-0.033978999999999995,0.9
27683,114006,NCHFE,S,-0.043465,0.76
27683,114006,NCHPL,S,-0.03217799999999999,0.88
27683,114006,NCCST,S,-0.049734999999999994,0.77
27683,114006,NCJSM,S,-0.043718999999999994,0.76
27683,114006,NCJSFa,S,-0.03869899999999999,0.8
27683,114006,NCCPL,S,-0.034365999999999994,0.83
27683,114006,NCHFH,S,-0.034963999999999995,0.87
27683,114006,NCJLT,S,-0.037059999999999996,0.85
27683,114006,NCJPPa,S,-0.022102999999999998,0.77
27683,114006,NCHBT,S,-0.032611999999999995,0.79
27683,114006,NCHDLb,S,-0.03228399999999999,0.75
27683,114006,NCCDO,S,-0.035788999999999994,0.75
27683,114006,NCHSFb,S,-0.02924899999999999,0.95
27683,114006,NCHSL,S,-0.034442999999999994,0.86
27683,114006,NCJHP,S,-0.032341999999999996,0.84
27683,114006,NCJBG,S,-0.040992999999999995,0.75
27683,114006,NCHFP,S,-0.03263499999999999,0.82
27683,114006,NCJPS,S,-0.04245399999999999,0.82
27683,114006,NCBVY,S,-0.032833999999999995,0.77
27683,114006,NCHQR,S,-0.03940699999999999,0.92
27683,154124,NCCML,P,0.021065,0.873
27683,154124,NCCDV,P,0.012119000000000005,0.84
27683,154124,NCCMP,P,-0.042519,0.807
27683,154124,NCJBZ,P,-0.06852,0.73
27683,154124,NCHCA,P,-0.08327,0.911
27683,154124,NCJTG,P,-0.046522,0.832
27683,154124,NCHPR,P,-0.068661,0.85
27683,154124,NCHCR,P,-0.077798,0.818
27683,154124,NCJPL,P,-0.050184,0.899
27683,154124,NCCMN,P,0.009640999999999997,0.864
27683,154124,NCHCB,P,-0.072614,0.896
27683,154124,NCHFE,P,-0.078053,0.809
27683,154124,NCHPL,P,-0.074041,0.922
27683,154124,NCHAZ,P,-0.069852,0.861
27683,154124,NCHFH,P,-0.058494,0.763
27683,154124,NCHDLb,P,-0.067666,0.854
27683,154124,NCJHP,P,0.006073999999999996,0.796
27683,154124,NCBVY,P,-0.064165,0.834
27683,154124,NCJSS,S,-0.031702999999999995,0.76
27683,154124,NCCMP,S,-0.055609,0.91
27683,154124,NCCOS,S,-0.008850999999999998,0.8
27683,238704,NCHPL,P,-0.229811,0.823
27683,27722,NCCML,P,0.042647000000000004,0.711
27683,27722,NCCDV,P,0.045786999999999994,0.729
27683,27722,NCCMP,P,-0.022187,0.749
27683,27722,NCHCA,P,-0.062051999999999996,0.791
27683,27722,NCHPR,P,-0.046799999999999994,0.802
27683,27722,NCCVA,P,0.04752000000000001,0.731
27683,27722,NCCMN,P,0.04613299999999999,0.793
27683,27722,NCJRG,P,-0.018495,0.718
27683,27722,NCHCB,P,-0.048843,0.822
27683,27722,NCCVL,P,0.051669999999999994,0.765
27683,27722,NCHFE,P,-0.053182999999999994,0.73
27683,27722,NCHPL,P,-0.052826,0.883
27683,27722,NCHBT,P,-0.051075999999999996,0.701
27683,27722,NCHSFb,P,-0.051545999999999995,0.728
27683,27722,NCHJG,P,-0.045971,0.708
27683,27722,NCJHP,P,0.037493,0.801
27683,27722,NCJPS,P,0.024408,0.709
27683,27722,NCBVY,P,-0.049411,0.811
27683,27722,NCJSS,S,-0.0013579999999999998,0.79
27683,27722,NCCDV,S,0.092212,0.78
27683,27722,NCCMP,S,-0.032825999999999994,0.86
27683,30057908,NCCCOa,P,-0.048663,0.746
27683,30057908,NCJST,P,-0.044206,0.752
27683,30057908,NCJCB,P,-0.038819,0.749
27683,30057908,NCJAL,P,-0.033619,0.749
27683,30057908,NCJHL,P,-0.035636,0.842
27683,30057908,NCJRR,P,-0.035702,0.891
27683,30057908,NCJSS,P,-0.033737,0.72
27683,30057908,NCHGS,P,-0.028439,0.923
27683,30057908,NCJEC,P,-0.030698000000000003,0.847
27683,30057908,NCHGW,P,-0.017421,0.863
27683,30057908,NCJLX,P,-0.03633,0.701
27683,30057908,NCCDV,P,-0.045667,0.896
27683,30057908,NCCMP,P,-0.022871000000000002,0.903
27683,30057908,NCCMJ,P,-0.035704,0.91
27683,30057908,NCHCA,P,-0.022185999999999997,0.907
27683,30057908,NCJTG,P,-0.029782000000000003,0.902
27683,30057908,NCJSG,P,-0.021105,0.87
27683,30057908,NCCMR,P,-0.030708,0.898
27683,30057908,NCJBC,P,-0.046584,0.823
27683,30057908,NCHCR,P,-0.031716,0.922
27683,30057908,NCJPL,P,-0.028297999999999997,0.884
27683,30057908,NCJSJ,P,-0.039619,0.872
27683,30057908,NCHCB,P,-0.031229,0.966
27683,30057908,NCHFE,P,-0.029852000000000004,0.877
27683,30057908,NCHPL,P,-0.026761,0.962
27683,30057908,NCCST,P,-0.035328,0.839
27683,30057908,NCHOR,P,-0.026706,0.781
27683,30057908,NCCSA,P,-0.028716,0.854
27683,30057908,NCJBM,P,-0.04066,0.864
27683,30057908,NCHAZ,P,-0.029227999999999997,0.959
27683,30057908,NCJSM,P,-0.040525,0.806
27683,30057908,NCJUC,P,-0.030923,0.875
27683,30057908,NCJSFa,P,-0.041886,0.822
27683,30057908,NCJBLb,P,-0.037495,0.746
27683,30057908,NCHDLb,P,-0.03194,0.941
27683,30057908,NCHLT,P,-0.030211000000000002,0.877
27683,30057908,NCHSL,P,-0.027444999999999997,0.752
27683,30057908,NCCBS,P,-0.02713,0.775
27683,30057908,NCJHP,P,-0.031826,0.9
27683,30057908,NCJPS,P,-0.036912,0.887
27683,30057908,NCBVY,P,-0.022273,0.929
27683,30057908,NCBSR,P,-0.031136999999999998,0.77
27683,30057908,NCCAO,S,-0.031093000000000003,0.83
27683,30057908,NCJST,S,-0.042526,0.86
27683,30057908,NCJCB,S,-0.036927,0.87
27683,30057908,NCJHL,S,-0.032555,0.75
27683,30057908,NCJRR,S,-0.037925,0.74
27683,30057908,NCJSS,S,-0.03089,0.89
27683,30057908,NCHGS,S,-0.027839000000000003,0.87
27683,30057908,NCJEC,S,-0.031087999999999998,0.84
27683,30057908,NCHGW,S,-0.013946,0.82
27683,30057908,NCJLX,S,-0.037189,0.73
27683,30057908,NCCDV,S,-0.040195,0.91
27683,30057908,NCCMP,S,-0.018299000000000003,0.97
27683,30057908,NCCMJ,S,-0.033324,0.9
27683,30057908,NCHCA,S,-0.01466,0.81
27683,30057908,NCJTG,S,-0.026262,0.79
27683,30057908,NCJSG,S,-0.020908999999999997,0.88
27683,30057908,NCCMR,S,-0.028148,0.93
27683,30057908,NCCOS,S,-0.026348000000000003,0.9
27683,30057908,NCHCR,S,-0.032186,0.86
27683,30057908,NCJPL,S,-0.027095,0.78
27683,30057908,NCHCB,S,-0.029743,0.9
27683,30057908,NCHFE,S,-0.030395,0.8
27683,30057908,NCHPL,S,-0.023663999999999998,0.85
27683,30057908,NCHAZ,S,-0.0305,0.88
27683,30057908,NCJSM,S,-0.038434,0.86
27683,30057908,NCJUC,S,-0.029761000000000003,0.85
27683,30057908,NCJSFa,S,-0.039851,0.78
27683,30057908,NCHDLb,S,-0.028644000000000003,0.78
27683,30057908,NCCDO,S,-0.042912,0.87
27683,30057908,NCHSL,S,-0.028664000000000002,0.85
27683,30057908,NCCBS,S,-0.029281,0.75
27683,30057908,NCJHP,S,-0.027090000000000003,0.77
27683,30057908,NCJPS,S,-0.03579,0.73
27683,30057908,NCBVY,S,-0.018504,0.73
27683,30057908,NCBSR,S,-0.024512,0.82
27683,30058785,NCCAO,P,-0.039412,0.791
27683,30058785,NCJST,P,-0.042924000000000004,0.837
27683,30058785,NCJCB,P,-0.048565000000000004,0.781
27683,30058785,NCJAL,P,-0.037078,0.821
27683,30058785,NCCMM,P,-0.040377,0.936
27683,30058785,NCJHL,P,-0.039795000000000004,0.902
27683,30058785,NCJRR,P,-0.042688000000000004,0.898
27683,30058785,NCJSS,P,-0.036448,0.804
27683,30058785,NCHGS,P,-0.041458,0.938
27683,30058785,NCJEC,P,-0.037772,0.844
27683,30058785,NCJLX,P,-0.038380000000000004,0.822
27683,30058785,NCCDV,P,-0.049129000000000006,0.95
27683,30058785,NCCMP,P,-0.032668,0.924
27683,30058785,NCCMJ,P,-0.036703,0.928
27683,30058785,NCJBZ,P,-0.050940000000000006,0.806
27683,30058785,NCHCA,P,-0.030938000000000004,0.931
27683,30058785,NCJTG,P,-0.033454000000000005,0.89
27683,30058785,NCJSG,P,-0.02329,0.887
27683,30058785,NCCMR,P,-0.036015000000000005,0.828
27683,30058785,NCJBC,P,-0.047536,0.842
27683,30058785,NCHCR,P,-0.042325,0.934
27683,30058785,NCJPL,P,-0.034845,0.883
27683,30058785,NCJSJ,P,-0.041071,0.889
27683,30058785,NCHCB,P,-0.041674,0.942
27683,30058785,NCHFE,P,-0.042085000000000004,0.911
27683,30058785,NCHPL,P,-0.039839,0.979
27683,30058785,NCCST,P,-0.039913000000000004,0.926
27683,30058785,NCHOR,P,-0.037955,0.815
27683,30058785,NCCSA,P,-0.032952,0.846
27683,30058785,NCJBM,P,-0.042301000000000005,0.862
27683,30058785,NCHAZ,P,-0.041850000000000005,0.92
27683,30058785,NCJSM,P,-0.042923,0.762
27683,30058785,NCJUC,P,-0.036804,0.828
27683,30058785,NCJSFa,P,-0.045801,0.79
27683,30058785,NCJBLb,P,-0.040896,0.833
27683,30058785,NCHBT,P,-0.037555000000000005,0.782
27683,30058785,NCHDLb,P,-0.043721,0.929
27683,30058785,NCHJG,P,-0.046973,0.925
27683,30058785,NCHSL,P,-0.041213,0.763
27683,30058785,NCCBS,P,-0.030745,0.908
27683,30058785,NCJHP,P,-0.031897,0.895
27683,30058785,NCHFP,P,-0.032587000000000005,0.846
27683,30058785,NCHJS,P,-0.035413,0.763
27683,30058785,NCJPS,P,-0.039015,0.921
27683,30058785,NCBVY,P,-0.033515,0.923
27683,30058785,NCCAO,S,-0.039679000000000006,0.88
27683,30058785,NCJST,S,-0.042613000000000005,0.92
27683,30058785,NCJCB,S,-0.043824,0.86
27683,30058785,NCCMM,S,-0.040065,0.95
27683,30058785,NCJHL,S,-0.038479,0.89
27683,30058785,NCJRR,S,-0.044195000000000005,0.8
27683,30058785,NCJSS,S,-0.037424,0.93
27683,30058785,NCHGS,S,-0.040572000000000004,0.95
27683,30058785,NCJEC,S,-0.0391,0.91
27683,30058785,NCJLX,S,-0.038928000000000004,0.81
27683,30058785,NCCDV,S,-0.047486,0.93
27683,30058785,NCCMP,S,-0.033063,0.97
27683,30058785,NCCMJ,S,-0.03346300000000001,0.94
27683,30058785,NCJBZ,S,-0.054648,0.78
27683,30058785,NCHCA,S,-0.030916000000000003,0.9
27683,30058785,NCJTG,S,-0.034433000000000005,0.82
27683,30058785,NCJSG,S,-0.024384000000000003,0.88
27683,30058785,NCCMR,S,-0.03159100000000001,0.97
27683,30058785,NCCOS,S,-0.035571000000000005,0.88
27683,30058785,NCHCR,S,-0.042195,0.94
27683,30058785,NCJPL,S,-0.036594,0.87
27683,30058785,NCJSJ,S,-0.041574,0.86
27683,30058785,NCHCB,S,-0.042738000000000005,0.75
27683,30058785,NCHFE,S,-0.04079000000000001,0.92
27683,30058785,NCHPL,S,-0.040205000000000005,0.96
27683,30058785,NCCST,S,-0.039434000000000004,0.91
27683,30058785,NCJBM,S,-0.041259000000000004,0.9
27683,30058785,NCHAZ,S,-0.042949,0.93
27683,30058785,NCJSM,S,-0.041379,0.92
27683,30058785,NCJUC,S,-0.036998,0.86
27683,30058785,NCJSFa,S,-0.04338500000000001,0.77
27683,30058785,NCJBLb,S,-0.040172,0.74
27683,30058785,NCHDLb,S,-0.042462,0.91
27683,30058785,NCHSL,S,-0.039817000000000005,0.85
27683,30058785,NCCBS,S,-0.027121000000000003,0.77
27683,30058785,NCJHP,S,-0.030243000000000003,0.88
27683,30058785,NCHFP,S,-0.034538,0.89
27683,30058785,NCJPS,S,-0.039685000000000005,0.93
27683,30058785,NCBVY,S,-0.030775000000000004,0.92
27683,35929,NCCML,P,0.01219499999999999,0.729
27683,35929,NCJEC,P,-0.040218000000000004,0.724
27683,35929,NCHGW,P,-0.051996,0.718
27683,35929,NCCDV,P,0.01312499999999999,0.869
27683,35929,NCCMP,P,-0.037087,0.774
27683,35929,NCHCA,P,-0.060622,0.926
27683,35929,NCJSG,P,0.0007159999999999944,0.718
27683,35929,NCHPR,P,-0.050202000000000004,0.827
27683,35929,NCHCR,P,-0.057815000000000005,0.83
27683,35929,NCCVA,P,0.011683999999999993,0.719
27683,35929,NCCMN,P,0.011770999999999997,0.868
27683,35929,NCHCB,P,-0.05158600000000001,0.855
27683,35929,NCCVL,P,0.017319999999999995,0.807
27683,35929,NCCST,P,0.0011329999999999951,0.735
27683,35929,NCHCP,P,-0.047871000000000004,0.721
27683,35929,NCHAZ,P,-0.051405000000000006,0.813
27683,35929,NCJSFa,P,0.002258999999999997,0.703
27683,35929,NCJLT,P,0.0028729999999999936,0.805
27683,35929,NCHDLb,P,-0.049740000000000006,0.907
27683,35929,NCHSFb,P,-0.056023,0.781
27683,35929,NCHJG,P,-0.051223000000000005,0.906
27683,35929,NCJHP,P,0.00751799999999999,0.823
27683,35929,NCBVY,P,-0.052996,0.862
27683,35929,NCCML,S,0.031694999999999994,0.75
27683,35929,NCJSS,S,-0.019801000000000006,0.82
27683,35929,NCCDV,S,0.040218,0.79
27683,35929,NCCMP,S,-0.047029,0.88
27683,35929,NCCVA,S,0.034817999999999995,0.75
27683,35929,NCHFP,S,-0.079487,0.72
27683,42643,NCCMR,P,-0.049555,0.741
27683,42643,NCCDA,P,-3.679946,0.764
27683,44335,NCCSC,P,-0.033566,0.897
27683,44335,NCCADa,P,-0.040303,0.735
27683,44335,NCHSP,P,-0.042734999999999995,0.847
27683,44335,NCCMM,P,-0.033754,0.834
27683,44335,NCJHL,P,-0.038877999999999996,0.828
27683,44335,NCHGS,P,-0.043016,0.902
27683,44335,NCJEC,P,-0.039826999999999994,0.884
27683,44335,NCHGW,P,-0.040454,0.873
27683,44335,NCCDV,P,-0.029149999999999995,0.954
27683,44335,NCCMP,P,-0.038036999999999994,0.874
27683,44335,NCCMJ,P,-0.029276999999999997,0.926
27683,44335,NCJBZ,P,-0.041467,0.816
27683,44335,NCHCA,P,-0.041023,0.925
27683,44335,NCCMR,P,-0.030713999999999998,0.929
27683,44335,NCJBC,P,-0.037533,0.851
27683,44335,NCHPR,P,-0.040809,0.962
27683,44335,NCHCR,P,-0.041956999999999994,0.926
27683,44335,NCJPL,P,-0.03904199999999999,0.857
27683,44335,NCCVA,P,-0.029501999999999994,0.956
27683,44335,NCCMN,P,-0.028981999999999994,0.976
27683,44335,NCHCB,P,-0.03859799999999999,0.957
27683,44335,NCHFE,P,-0.042697,0.891
27683,44335,NCCVL,P,-0.029018999999999996,0.976
27683,44335,NCCST,P,-0.029841,0.945
27683,44335,NCHOR,P,-0.041726,0.921
27683,44335,NCCSA,P,-0.029737999999999994,0.909
27683,44335,NCHCP,P,-0.037441999999999996,0.924
27683,44335,NCJBM,P,-0.031694999999999994,0.874
27683,44335,NCCPL,P,-0.029681999999999993,0.96
27683,44335,NCHFH,P,-0.039971,0.863
27683,44335,NCJLT,P,-0.032978999999999994,0.854
27683,44335,NCJPPa,P,-0.032728999999999994,0.859
27683,44335,NCHBT,P,-0.04187099999999999,0.79
27683,44335,NCHDLb,P,-0.040163,0.947
27683,44335,NCHSFb,P,-0.039332,0.972
27683,44335,NCHJG,P,-0.04091499999999999,0.947
27683,44335,NCHSL,P,-0.041394,0.728
27683,44335,NCCBS,P,-0.029711999999999995,0.918
27683,44335,NCJHP,P,-0.030291,0.934
27683,44335,NCJBG,P,-0.031909999999999994,0.882
27683,44335,NCHFP,P,-0.042032,0.858
27683,44335,NCHJS,P,-0.04246,0.832
27683,44335,NCCLC,P,-0.028238,0.912
27683,44335,NCBVY,P,-0.040816,0.924
27683,44335,NCHQR,P,-0.040200999999999994,0.972
27683,44335,NCCSC,S,-0.031519,0.85
27683,44335,NCCAO,S,-0.034126,0.82
27683,44335,NCJCB,S,-0.04135,0.85
27683,44335,NCCML,S,-0.027566999999999994,0.92
27683,44335,NCHSP,S,-0.043516,0.8
27683,44335,NCCMM,S,-0.032021999999999995,0.9
27683,44335,NCJHL,S,-0.039055999999999993,0.85
27683,44335,NCHGS,S,-0.044607999999999995,0.91
27683,44335,NCJEC,S,-0.040383999999999996,0.95
27683,44335,NCHGW,S,-0.04124799999999999,0.9
27683,44335,NCCDV,S,-0.026029999999999998,0.92
27683,44335,NCCMP,S,-0.037993,0.87
27683,44335,NCCMJ,S,-0.027678999999999995,0.9
27683,44335,NCHCA,S,-0.040212,0.94
27683,44335,NCCMR,S,-0.027256999999999997,0.9
27683,44335,NCJBC,S,-0.037092999999999994,0.75
27683,44335,NCCOS,S,-0.030897999999999995,0.91
27683,44335,NCHPR,S,-0.042286,0.9
27683,44335,NCHCR,S,-0.038138,0.87
27683,44335,NCJPL,S,-0.038861999999999994,0.84
27683,44335,NCCVA,S,-0.027713999999999996,0.93
27683,44335,NCCMN,S,-0.02819,0.96
27683,44335,NCHCB,S,-0.044786999999999993,0.89
27683,44335,NCHFE,S,-0.038277,0.81
27683,44335,NCCVL,S,-0.027514999999999998,0.97
27683,44335,NCCST,S,-0.029297999999999998,0.91
27683,44335,NCCSA,S,-0.029855,0.73
27683,44335,NCHCP,S,-0.038571999999999995,0.92
27683,44335,NCJBM,S,-0.031030999999999996,0.84
27683,44335,NCCPL,S,-0.031056999999999994,0.88
27683,44335,NCHFH,S,-0.039931999999999995,0.88
27683,44335,NCJLT,S,-0.031604999999999994,0.87
27683,44335,NCHBT,S,-0.039435,0.82
27683,44335,NCHDLb,S,-0.039275,0.87
27683,44335,NCHSFb,S,-0.039248,0.93
27683,44335,NCHJG,S,-0.040863,0.92
27683,44335,NCHSL,S,-0.039929,0.87
27683,44335,NCCBS,S,-0.027079,0.75
27683,44335,NCJHP,S,-0.029299,0.89
27683,44335,NCHFP,S,-0.04187,0.9
27683,44335,NCJPS,S,-0.030833999999999993,0.86
27683,44335,NCBVY,S,-0.040295,0.88
27683,44335,NCHQR,S,-0.039978999999999994,0.95
27683,483500,NCCML,P,0.042751000000000004,0.903
27683,483500,NCJEC,P,-0.03126,0.717
27683,483500,NCCDV,P,0.019841000000000004,0.828
27683,483500,NCJBZ,P,-0.047546,0.733
27683,483500,NCHCA,P,-0.060929000000000004,0.929
27683,483500,NCJTG,P,-0.028463999999999996,0.841
27683,483500,NCHCR,P,-0.053732999999999996,0.793
27683,483500,NCJPL,P,-0.03163799999999999,0.873
27683,483500,NCCVA,P,0.032704,0.758
27683,483500,NCCMN,P,0.030633,0.864
27683,483500,NCHCB,P,-0.050613,0.92
27683,483500,NCCVL,P,0.03913900000000001,0.788
27683,483500,NCHFE,P,-0.05456099999999999,0.74
27683,483500,NCHAZ,P,-0.05099,0.862
27683,483500,NCHDLb,P,-0.050892,0.876
27683,483500,NCHLT,P,-0.06177799999999999,0.848
27683,483500,NCHJG,P,-0.052059,0.874
27683,483500,NCCBS,P,0.031818,0.754
27683,483500,NCJHP,P,0.026661000000000004,0.794
27683,483500,NCJSS,S,-0.0045519999999999936,0.76
27683,483500,NCCDV,S,0.060016,0.72
27683,483500,NCCMR,S,0.054382,0.73
27683,483500,NCCOS,S,0.009587000000000005,0.81
27683,483500,NCJUC,S,-0.012556999999999992,0.71
27722,101659,NCCSC,P,-0.019858,0.844
27722,101659,NCCADa,P,-0.03198000000000001,0.716
27722,101659,NCCML,P,-0.03182700000000001,0.878
27722,101659,NCCAL,P,-0.028756000000000004,0.778
27722,101659,NCHGS,P,-0.017555,0.73
27722,101659,NCJEC,P,-0.0036260000000000042,0.866
27722,101659,NCJLX,P,-0.021489000000000008,0.747
27722,101659,NCHGW,P,-0.02097700000000001,0.72
27722,101659,NCCDV,P,-0.033944,0.858
27722,101659,NCCMP,P,-0.021424000000000012,0.903
27722,101659,NCCMJ,P,-0.03204800000000001,0.889
27722,101659,NCJBZ,P,-0.024925000000000003,0.76
27722,101659,NCCMR,P,-0.03325700000000001,0.736
27722,101659,NCJBC,P,-0.03143,0.808
27722,101659,NCHPR,P,-0.014408000000000004,0.876
27722,101659,NCHCR,P,-0.017542000000000002,0.75
27722,101659,NCCVA,P,-0.033322000000000004,0.841
27722,101659,NCCMN,P,-0.032503000000000004,0.879
27722,101659,NCHCB,P,-0.020793000000000006,0.803
27722,101659,NCHFE,P,-0.023589,0.801
27722,101659,NCCST,P,-0.04480100000000001,0.872
27722,101659,NCJBM,P,-0.02772000000000001,0.735
27722,101659,NCHCOb,P,-0.004082000000000002,0.835
27722,101659,NCHAZ,P,-0.019994000000000012,0.818
27722,101659,NCJSM,P,-0.030376,0.821
27722,101659,NCCCY,P,-0.030092000000000008,0.811
27722,101659,NCHBT,P,-0.01727400000000001,0.764
27722,101659,NCHDLb,P,-0.01853500000000001,0.842
27722,101659,NCHSFb,P,-0.019877000000000006,0.805
27722,101659,NCJPS,P,-0.029016,0.727
27722,101659,NCHFP,P,-0.016754000000000005,0.76
27722,101659,NCBVY,P,-0.017788000000000012,0.894
27722,101659,NCHQR,P,-0.019027000000000002,0.871
27722,101659,NCCAO,S,-0.023118,0.79
27722,101659,NCJST,S,-0.017975000000000005,0.72
27722,101659,NCCML,S,-0.03772500000000001,0.85
27722,101659,NCJAL,S,-0.03550600000000001,0.73
27722,101659,NCCAL,S,-0.035834000000000005,0.71
27722,101659,NCJSS,S,-0.024866,0.87
27722,101659,NCHGS,S,-0.013334000000000013,0.72
27722,101659,NCJEC,S,-0.007098000000000007,0.82
27722,101659,NCJLX,S,-0.028113,0.83
27722,101659,NCCDV,S,-0.040303000000000005,0.87
27722,101659,NCCMP,S,-0.024222000000000007,0.88
27722,101659,NCCMJ,S,-0.03216000000000001,0.93
27722,101659,NCCMR,S,-0.039520000000000007,0.94
27722,101659,NCJBC,S,-0.03649400000000001,0.76
27722,101659,NCCVA,S,-0.03774400000000001,0.83
27722,101659,NCCMN,S,-0.033985,0.9
27722,101659,NCHCB,S,-0.020497,0.71
27722,101659,NCCST,S,-0.04861100000000001,0.82
27722,101659,NCJSM,S,-0.03299700000000001,0.81
27722,101659,NCJUC,S,-0.021029000000000006,0.73
27722,101659,NCCPL,S,-0.03146700000000001,0.71
27722,101659,NCCCY,S,-0.034941,0.81
27722,101659,NCHDLb,S,-0.02041000000000001,0.74
27722,101659,NCBVY,S,-0.013905,0.76
27722,101659,NCHQR,S,-0.017822000000000005,0.74
27722,114006,NCCML,P,-0.082317,0.776
27722,114006,NCHGW,P,0.008069000000000007,0.764
27722,114006,NCJBZ,P,-0.022727999999999998,0.705
27722,114006,NCHCA,P,0.022592,0.754
27722,114006,NCHCB,P,0.010426000000000005,0.768
27722,114006,NCHPL,P,0.020289,0.842
27722,114006,NCHSFb,P,0.021151000000000003,0.736
27722,114006,NCJPS,P,-0.069615,0.787
27722,114006,NCCML,S,-0.112566,0.72
27722,114006,NCJSS,S,-0.040284,0.78
27722,114006,NCCMP,S,0.006626000000000007,0.8
27722,126292,NCCML,P,-0.044471,0.787
27722,126292,NCCMR,P,-0.11974599999999999,0.818
27722,126292,NCCVA,P,-0.08850999999999999,0.75
27722,154124,NCCSC,P,-0.020456000000000002,0.867
27722,154124,NCCML,P,-0.022974,0.905
27722,154124,NCCAL,P,-0.030788000000000003,0.859
27722,154124,NCHGS,P,-0.021716000000000006,0.774
27722,154124,NCJEC,P,-0.018853,0.838
27722,154124,NCHGW,P,-0.008420000000000004,0.838
27722,154124,NCCDV,P,-0.034497,0.877
27722,154124,NCCMJ,P,-0.033624,0.873
27722,154124,NCCMP,P,-0.020265000000000005,0.911
27722,154124,NCJBZ,P,-0.033357000000000005,0.719
27722,154124,NCHCA,P,-0.021310000000000003,0.909
27722,154124,NCJSG,P,-0.018438000000000003,0.859
27722,154124,NCJBC,P,-0.041448,0.702
27722,154124,NCHPR,P,-0.020307000000000006,0.93
27722,154124,NCHCR,P,-0.022946,0.814
27722,154124,NCCVA,P,-0.033919000000000005,0.855
27722,154124,NCHFE,P,-0.024524000000000004,0.826
27722,154124,NCCST,P,-0.03483800000000001,0.747
27722,154124,NCHPL,P,-0.021206000000000003,0.925
27722,154124,NCHKR,P,-0.017881,0.787
27722,154124,NCHDLb,P,-0.023684000000000004,0.815
27722,154124,NCJHP,P,-0.030582000000000005,0.9
27722,154124,NCHFP,P,-0.016549,0.812
27722,154124,NCBVY,P,-0.015786,0.856
27722,154124,NCHQR,P,-0.009125000000000001,0.942
27722,154124,NCJST,S,-0.020648000000000007,0.73
27722,154124,NCCML,S,-0.031048000000000006,0.86
27722,154124,NCCAL,S,-0.039748000000000006,0.85
27722,154124,NCHSP,S,-0.0064670000000000005,0.75
27722,154124,NCJHL,S,-0.027592000000000005,0.77
27722,154124,NCJSS,S,-0.029837000000000002,0.88
27722,154124,NCHGS,S,-0.017751000000000003,0.83
27722,154124,NCJLX,S,-0.03334500000000001,0.79
27722,154124,NCHGW,S,-0.006716000000000007,0.74
27722,154124,NCCDV,S,-0.039885000000000004,0.87
27722,154124,NCCMJ,S,-0.033802,0.86
27722,154124,NCCMP,S,-0.022186000000000004,0.88
27722,154124,NCHCA,S,-0.019879,0.86
27722,154124,NCJSG,S,-0.020703000000000006,0.75
27722,154124,NCHPR,S,-0.025676000000000004,0.74
27722,154124,NCHCR,S,-0.023682,0.74
27722,154124,NCCVA,S,-0.03802900000000001,0.86
27722,154124,NCCST,S,-0.038508,0.78
27722,154124,NCHPL,S,-0.022852000000000004,0.8
27722,154124,NCCPL,S,-0.021894000000000004,0.71
27722,154124,NCCCY,S,-0.028902000000000004,0.77
27722,154124,NCBVY,S,-0.010576000000000002,0.87
27722,154124,NCHQR,S,-0.004840000000000004,0.78
27722,30057908,NCHGW,P,0.031961,0.756
27722,30057908,NCHCA,P,0.040364,0.803
27722,30057908,NCHPL,P,0.027933,0.85
27722,30057908,NCCMO,P,-0.087074,0.702
27722,30057908,NCJPS,P,-0.061142,0.783
27722,30057908,NCBVY,P,0.027905,0.754
27722,30057908,NCCAL,S,-0.130401,0.85
27722,30057908,NCJSS,S,-0.030850000000000002,0.77
27722,30057908,NCCDV,S,-0.130103,0.73
27722,30057908,NCCMP,S,0.015792,0.82
27722,30058785,NCCAL,P,-0.090587,0.729
27722,30058785,NCCMJ,P,-0.088221,0.709
27722,30058785,NCHCA,P,0.031303000000000004,0.702
27722,30058785,NCJBC,P,-0.059083,0.716
27722,30058785,NCHFE,P,0.011188999999999998,0.701
27722,30058785,NCHPL,P,0.013960000000000007,0.84
27722,30058785,NCCMO,P,-0.091894,0.728
27722,30058785,NCJPS,P,-0.063012,0.795
27722,30058785,NCBVY,P,0.016136000000000005,0.735
27722,30058785,NCCAL,S,-0.130179,0.85
27722,30058785,NCJSS,S,-0.035497,0.76
27722,30058785,NCCDV,S,-0.136878,0.72
27722,30058785,NCCMP,S,-0.0002129999999999979,0.85
27722,30058785,NCCMR,S,-0.112358,0.71
27722,35929,NCCSC,P,-0.016626000000000002,0.833
27722,35929,NCCADa,P,-0.0020929999999999976,0.76
27722,35929,NCCML,P,-0.031761,0.924
27722,35929,NCCAL,P,-0.031865000000000004,0.816
27722,35929,NCCMM,P,-0.022373999999999998,0.802
27722,35929,NCJHL,P,-0.009311,0.777
27722,35929,NCJEC,P,-0.007096999999999999,0.77
27722,35929,NCHGW,P,-0.0021810000000000024,0.818
27722,35929,NCCDV,P,-0.032742,0.918
27722,35929,NCCMJ,P,-0.034636,0.8
27722,35929,NCJBZ,P,-0.008896000000000001,0.868
27722,35929,NCHCA,P,0.0016049999999999953,0.837
27722,35929,NCJSG,P,-0.024509000000000003,0.854
27722,35929,NCCMR,P,-0.032536999999999996,0.924
27722,35929,NCHPR,P,-0.003155999999999999,0.833
27722,35929,NCCVA,P,-0.036303,0.883
27722,35929,NCCMN,P,-0.034533,0.792
27722,35929,NCHCB,P,-0.0039939999999999976,0.754
27722,35929,NCCVL,P,-0.032918,0.882
27722,35929,NCCST,P,-0.029565,0.921
27722,35929,NCHCOb,P,-0.005170000000000001,0.741
27722,35929,NCHAZ,P,-0.006957999999999999,0.708
27722,35929,NCJPPa,P,-0.027298999999999997,0.799
27722,35929,NCHBT,P,-0.0028439999999999993,0.729
27722,35929,NCHSFb,P,-0.0036739999999999967,0.773
27722,35929,NCHJG,P,-0.006423999999999999,0.826
27722,35929,NCJHP,P,-0.029594999999999996,0.828
27722,35929,NCHFP,P,-0.005401000000000003,0.736
27722,35929,NCBVY,P,-0.0050059999999999966,0.852
27722,35929,NCHQR,P,-0.005926000000000001,0.778
27722,35929,NCCSC,S,-0.025426999999999998,0.77
27722,35929,NCCAO,S,-0.018056999999999997,0.83
27722,35929,NCJST,S,-0.010053,0.91
27722,35929,NCCML,S,-0.045513,0.82
27722,35929,NCCAL,S,-0.04662,0.9
27722,35929,NCCMM,S,-0.029755,0.88
27722,35929,NCJHL,S,-0.009977,0.77
27722,35929,NCJSS,S,-0.018562000000000002,0.91
27722,35929,NCJEC,S,-0.0066789999999999974,0.72
27722,35929,NCJLX,S,-0.027941,0.81
27722,35929,NCCDV,S,-0.048924999999999996,0.89
27722,35929,NCCMP,S,-0.014649000000000002,0.9
27722,35929,NCCMJ,S,-0.040860999999999995,0.8
27722,35929,NCHCA,S,0.004211000000000006,0.79
27722,35929,NCCMR,S,-0.043461,0.91
27722,35929,NCJBC,S,-0.02815,0.71
27722,35929,NCCVA,S,-0.044650999999999996,0.76
27722,35929,NCCMN,S,-0.039628,0.74
27722,35929,NCCVL,S,-0.048406,0.8
27722,35929,NCCCY,S,-0.045596,0.78
27722,35929,NCHFP,S,0.0007370000000000015,0.72
27722,35929,NCBVY,S,0.0012240000000000029,0.73
27722,35929,NCHQR,S,-0.00017199999999999854,0.73
27722,44335,NCCMJ,P,-0.081638,0.715
27722,44335,NCHCA,P,0.022086999999999996,0.729
27722,44335,NCHPR,P,0.006443000000000004,0.765
27722,44335,NCCMN,P,-0.075026,0.831
27722,44335,NCHCB,P,0.008902999999999994,0.796
27722,44335,NCCVL,P,-0.080285,0.744
27722,44335,NCHSFb,P,0.010972999999999997,0.72
27722,44335,NCJHP,P,-0.06708800000000001,0.732
27722,44335,NCCMO,P,-0.074412,0.711
27722,44335,NCBVY,P,0.008110999999999993,0.722
27722,44335,NCHQR,P,0.010777999999999996,0.766
27722,44335,NCJSS,S,-0.037219,0.75
27722,483500,NCCML,P,-0.0011770000000000044,0.934
27722,483500,NCCAL,P,-0.011684000000000007,0.843
27722,483500,NCJHL,P,-0.0015329999999999996,0.824
27722,483500,NCJEC,P,0.0019809999999999967,0.889
27722,483500,NCJLX,P,-0.008176000000000003,0.73
27722,483500,NCCDV,P,-0.027071000000000005,0.906
27722,483500,NCCMJ,P,-0.013148,0.892
27722,483500,NCCMP,P,-0.0006379999999999997,0.837
27722,483500,NCJBZ,P,-0.011375000000000003,0.916
27722,483500,NCHCA,P,0.0009879999999999958,0.905
27722,483500,NCJBC,P,-0.014088999999999997,0.723
27722,483500,NCHCR,P,-4.900000000000043e-05,0.85
27722,483500,NCCVA,P,-0.01591800000000001,0.871
27722,483500,NCCMN,P,-0.016471000000000006,0.859
27722,483500,NCHCB,P,-0.0027510000000000034,0.805
27722,483500,NCHFE,P,-0.002013000000000001,0.866
27722,483500,NCCST,P,-0.016195000000000008,0.768
27722,483500,NCJBM,P,-0.013259,0.723
27722,483500,NCHAZ,P,-0.0062400000000000025,0.765
27722,483500,NCHDLb,P,-0.008109000000000005,0.876
27722,483500,NCJHP,P,-0.010318,0.913
27722,483500,NCCMO,P,-0.025304,0.711
27722,483500,NCJPS,P,-0.01004900000000001,0.81
27722,483500,NCCAO,S,-0.006894000000000004,0.84
27722,483500,NCJST,S,-0.0004050000000000026,0.77
27722,483500,NCCML,S,-0.008553000000000005,0.87
27722,483500,NCCAL,S,-0.019766,0.9
27722,483500,NCJAL,S,-0.002599000000000004,0.78
27722,483500,NCHSP,S,0.011829,0.85
27722,483500,NCJHL,S,-0.0006449999999999997,0.84
27722,483500,NCJSS,S,-0.002797000000000001,0.91
27722,483500,NCJEC,S,-0.0010790000000000036,0.83
27722,483500,NCJLX,S,-0.010039,0.85
27722,483500,NCCDV,S,-0.03218100000000001,0.9
27722,483500,NCCMJ,S,-0.013709000000000006,0.89
27722,483500,NCHCA,S,0.002810999999999994,0.86
27722,483500,NCCMR,S,-0.029605,0.89
27722,483500,NCJBC,S,-0.017468000000000004,0.72
27722,483500,NCHCR,S,-0.0006920000000000051,0.78
27722,483500,NCCVA,S,-0.018446999999999998,0.88
27722,483500,NCCMN,S,-0.01804200000000001,0.91
27722,483500,NCHCB,S,-0.005757000000000005,0.72
27722,483500,NCJSM,S,-0.012044000000000006,0.78
27722,483500,NCHDLb,S,-0.008442000000000005,0.84
27722,483500,NCHLT,S,-0.002121000000000005,0.77
30057908,30058785,NCCAO,P,-0.003884000000000002,0.853
30057908,30058785,NCCADa,P,-0.009586,0.943
30057908,30058785,NCJCB,P,-0.009740999999999996,0.872
30057908,30058785,NCJAL,P,-0.002076999999999999,0.84
30057908,30058785,NCCAL,P,-0.0003239999999999979,0.983
30057908,30058785,NCHSP,P,-0.050275,0.742
30057908,30058785,NCHGS,P,-0.012712999999999999,0.949
30057908,30058785,NCJEC,P,-0.006113999999999998,0.923
30057908,30058785,NCCDV,P,-0.003449999999999998,0.97
30057908,30058785,NCCMP,P,-0.009160999999999999,0.957
30057908,30058785,NCCMJ,P,-0.0008610000000000007,0.974
30057908,30058785,NCHCA,P,-0.008452999999999999,0.872
30057908,30058785,NCCMR,P,-0.0044959999999999965,0.892
30057908,30058785,NCJBC,P,-0.0009729999999999982,0.975
30057908,30058785,NCCOS,P,-0.008169,0.873
30057908,30058785,NCHCR,P,-0.010245,0.961
30057908,30058785,NCCMN,P,-0.0023019999999999985,0.916
30057908,30058785,NCHCB,P,-0.010747999999999997,0.957
30057908,30058785,NCHFE,P,-0.011843000000000003,0.947
30057908,30058785,NCHPL,P,-0.013034,0.984
30057908,30058785,NCCST,P,-0.004351999999999998,0.929
30057908,30058785,NCJEL,P,-0.009441000000000001,0.923
30057908,30058785,NCHOR,P,-0.009393999999999996,0.834
30057908,30058785,NCCSA,P,-0.004174000000000001,0.878
30057908,30058785,NCJBM,P,-0.001344999999999999,0.97
30057908,30058785,NCCNI,P,-0.0029250000000000005,0.857
30057908,30058785,NCHAZ,P,-0.011698999999999998,0.947
30057908,30058785,NCCCY,P,-0.002200999999999998,0.853
30057908,30058785,NCJBLb,P,-0.002994,0.808
30057908,30058785,NCHDLb,P,-0.011322000000000002,0.969
30057908,30058785,NCCGP,P,-0.0013789999999999983,0.973
30057908,30058785,NCHSFa,P,-0.012119000000000001,0.955
30057908,30058785,NCHLT,P,-0.009804999999999998,0.957
30057908,30058785,NCHJG,P,-0.011057,0.97
30057908,30058785,NCHSL,P,-0.013286999999999997,0.943
30057908,30058785,NCCBS,P,-0.003970999999999999,0.802
30057908,30058785,NCCMO,P,-0.003952000000000001,0.987
30057908,30058785,NCJBG,P,-0.0018369999999999984,0.961
30057908,30058785,NCHJS,P,-0.007342999999999999,0.919
30057908,30058785,NCBSL,P,-0.012050000000000002,0.801
30057908,30058785,NCCSL,P,-0.00042000000000000023,0.915
30057908,30058785,NCBVY,P,-0.010907999999999998,0.983
30057908,30058785,NCJCP,P,-0.001676999999999998,0.87
30057908,30058785,NCJCHa,P,-0.000732,0.943
30057908,30058785,NCCBRa,P,-0.003178999999999998,0.841
30057908,30058785,NCCMH,S,0.008161000000000002,0.94
30057908,30058785,NCCAO,S,-0.008222999999999998,0.92
30057908,30058785,NCCADa,S,-0.007595000000000001,0.84
30057908,30058785,NCJCB,S,-0.007441,0.93
30057908,30058785,NCJAL,S,-0.003182000000000001,0.93
30057908,30058785,NCCAL,S,0.00036399999999999974,0.96
30057908,30058785,NCJHL,S,-0.004002999999999996,0.86
30057908,30058785,NCHGS,S,-0.011766000000000002,0.9
30057908,30058785,NCJEC,S,-0.005654999999999997,0.92
30057908,30058785,NCJLX,S,-0.002987,0.87
30057908,30058785,NCCDV,S,-0.007437999999999997,0.96
30057908,30058785,NCCMP,S,-0.014778999999999997,0.96
30057908,30058785,NCCMJ,S,0.00022199999999999998,0.96
30057908,30058785,NCJBZ,S,-0.008885,0.84
30057908,30058785,NCHCA,S,-0.015501999999999998,0.82
30057908,30058785,NCCMR,S,-0.004254999999999998,0.94
30057908,30058785,NCJBC,S,-0.002700000000000001,0.9
30057908,30058785,NCCOS,S,-0.009206999999999996,0.98
30057908,30058785,NCHCR,S,-0.010044,0.87
30057908,30058785,NCCMN,S,-0.002151,0.92
30057908,30058785,NCHCB,S,-0.010515,0.78
30057908,30058785,NCHFE,S,-0.009500999999999999,0.78
30057908,30058785,NCHPL,S,-0.016187999999999998,0.87
30057908,30058785,NCCST,S,-0.006135999999999999,0.75
30057908,30058785,NCCSA,S,-0.004262999999999999,0.79
30057908,30058785,NCJBM,S,-0.0022809999999999983,0.71
30057908,30058785,NCCNI,S,-0.003044999999999999,0.87
30057908,30058785,NCHAZ,S,-0.011801000000000002,0.9
30057908,30058785,NCCCY,S,0.0025039999999999993,0.91
30057908,30058785,NCJJR,S,-0.007555999999999997,0.78
30057908,30058785,NCHDLb,S,-0.014056999999999997,0.81
30057908,30058785,NCCGP,S,-0.001506999999999998,0.88
30057908,30058785,NCHSFa,S,-0.016326999999999998,0.88
30057908,30058785,NCHLT,S,-0.011128000000000002,0.94
30057908,30058785,NCHJG,S,-0.011211000000000002,0.88
30057908,30058785,NCHSL,S,-0.011777,0.94
30057908,30058785,NCCBS,S,0.0022170000000000002,0.79
30057908,30058785,NCJHP,S,-0.003862000000000001,0.82
30057908,30058785,NCCMO,S,-0.003200999999999999,0.95
30057908,30058785,NCJBG,S,-0.003192999999999998,0.78
30057908,30058785,NCHJS,S,-0.01184,0.82
30057908,30058785,NCBSL,S,-0.005348000000000002,0.82
30057908,30058785,NCCSL,S,-0.002245999999999998,0.86
30057908,30058785,NCBVY,S,-0.011260000000000003,0.76
30057908,30058785,NCJCP,S,-0.004869000000000002,0.72
30057908,30058785,NCJCHa,S,-0.002269,0.88
30057908,30058785,NCCBRa,S,-0.005667999999999996,0.72
30057908,483500,NCCDV,P,0.06373700000000002,0.764
30057908,483500,NCHCA,P,-0.03923499999999999,0.897
30057908,483500,NCJTG,P,0.0014610000000000178,0.81
30057908,483500,NCJBC,P,0.041366000000000014,0.716
30057908,483500,NCHCR,P,-0.021394999999999997,0.787
30057908,483500,NCJPL,P,-0.003012999999999988,0.777
30057908,483500,NCJRG,P,0.01313700000000001,0.724
30057908,483500,NCHCB,P,-0.01929499999999998,0.912
30057908,483500,NCJSC,P,0.05293600000000001,0.718
30057908,483500,NCCST,P,0.05046600000000001,0.777
30057908,483500,NCHCOa,P,-0.018155000000000004,0.826
30057908,483500,NCHAZ,P,-0.021285,0.814
30057908,483500,NCJUC,P,0.014009000000000008,0.714
30057908,483500,NCJJR,P,0.05431200000000001,0.701
30057908,483500,NCHDLb,P,-0.01908499999999999,0.833
30057908,483500,NCHSFa,P,-0.024783,0.756
30057908,483500,NCHLT,P,-0.03278599999999998,0.826
30057908,483500,NCHJG,P,-0.01776899999999998,0.82
30057908,483500,NCJHP,P,0.05811300000000001,0.814
30057908,483500,NCCMO,P,0.05995500000000001,0.95
30057908,483500,NCCSL,P,0.07130900000000001,0.779
30057908,483500,NCBSL,P,-0.031973,0.863
30057908,483500,NCJAL,S,0.013366000000000003,0.74
30057908,483500,NCCAL,S,0.11069500000000002,0.82
30057908,483500,NCJHL,S,-0.0026239999999999875,0.73
30057908,483500,NCJSS,S,0.027933000000000013,0.79
30057908,483500,NCCOS,S,0.036070000000000005,0.85
30058785,483500,NCCAL,P,0.078929,0.71
30058785,483500,NCJHL,P,0.011848999999999998,0.741
30058785,483500,NCCDV,P,0.068728,0.818
30058785,483500,NCHCA,P,-0.02967299999999999,0.851
30058785,483500,NCJTG,P,0.007073999999999997,0.813
30058785,483500,NCJBC,P,0.04202,0.773
30058785,483500,NCHCR,P,-0.010845000000000007,0.734
30058785,483500,NCJPL,P,0.0032910000000000023,0.86
30058785,483500,NCJRG,P,0.019858,0.866
30058785,483500,NCHCB,P,-0.008279000000000009,0.89
30058785,483500,NCJSC,P,0.054332,0.727
30058785,483500,NCCST,P,0.055896,0.764
30058785,483500,NCHAZ,P,-0.008326,0.765
30058785,483500,NCJUC,P,0.019191,0.733
30058785,483500,NCJJR,P,0.055206,0.743
30058785,483500,NCHDLb,P,-0.006845000000000004,0.797
30058785,483500,NCHSFa,P,-0.012044,0.78
30058785,483500,NCHER,P,-0.006448999999999996,0.718
30058785,483500,NCHLT,P,-0.021516999999999994,0.854
30058785,483500,NCHJG,P,-0.006365999999999997,0.775
30058785,483500,NCCBS,P,0.062292,0.772
30058785,483500,NCJHP,P,0.058071,0.81
30058785,483500,NCCMO,P,0.064429,0.951
30058785,483500,NCJPS,P,0.052323999999999996,0.74
30058785,483500,NCCSL,P,0.07153999999999999,0.752
30058785,483500,NCBSL,P,-0.019222000000000003,0.767
30058785,483500,NCJAL,S,0.017682000000000003,0.78
30058785,483500,NCCAL,S,0.109694,0.79
30058785,483500,NCJSS,S,0.031438999999999995,0.83
30058785,483500,NCCDV,S,0.102411,0.72
30058785,483500,NCCMR,S,0.08462599999999999,0.73
30058785,483500,NCCOS,S,0.044752,0.86
30058785,483500,NCJUC,S,0.025347999999999996,0.71
30062741,30069222,NCJST,P,0.017170999999999992,0.731
30062741,30069222,NCJCB,P,0.027689999999999992,0.836
30062741,30069222,NCCML,P,-0.003828999999999999,0.896
30062741,30069222,NCJHL,P,0.020483,0.793
30062741,30069222,NCJRR,P,0.028459000000000012,0.755
30062741,30069222,NCHGS,P,0.03668299999999999,0.765
30062741,30069222,NCJEC,P,0.02282200000000001,0.801
30062741,30069222,NCCDV,P,-0.003898999999999986,0.903
30062741,30069222,NCJBZ,P,0.02309,0.799
30062741,30069222,NCHCR,P,0.02978900000000001,0.871
30062741,30069222,NCHCB,P,0.029192999999999997,0.74
30062741,30069222,NCJSC,P,0.0016200000000000103,0.816
30062741,30069222,NCHFE,P,0.035372000000000015,0.786
30062741,30069222,NCCST,P,0.006211999999999995,0.793
30062741,30069222,NCHPL,P,0.034162,0.852
30062741,30069222,NCHOR,P,0.032099000000000016,0.789
30062741,30069222,NCHCOa,P,0.029108999999999996,0.719
30062741,30069222,NCHAZ,P,0.029979000000000006,0.831
30062741,30069222,NCHBT,P,0.02951999999999999,0.735
30062741,30069222,NCHDLb,P,0.030227000000000004,0.892
30062741,30069222,NCHSFa,P,0.033236000000000016,0.822
30062741,30069222,NCHLT,P,0.038841000000000014,0.817
30062741,30069222,NCHJG,P,0.030967999999999996,0.848
30062741,30069222,NCJHP,P,3.200000000000425e-05,0.703
30062741,30069222,NCHFP,P,0.03189900000000001,0.781
30062741,30069222,NCBVY,P,0.03198000000000001,0.853
30062741,30069222,NCCAO,S,0.021508,0.81
30062741,30069222,NCCADa,S,0.04705400000000001,0.78
30062741,30069222,NCJST,S,0.011190000000000005,0.74
30062741,30069222,NCJCB,S,0.034631999999999996,0.71
30062741,30069222,NCCML,S,-0.011113999999999985,0.87
30062741,30069222,NCCAL,S,-0.023507,0.79
30062741,30069222,NCJAL,S,0.01233200000000001,0.73
30062741,30069222,NCHSP,S,0.050219000000000014,0.82
30062741,30069222,NCJSS,S,0.01111200000000001,0.83
30062741,30069222,NCHGS,S,0.046730999999999995,0.84
30062741,30069222,NCJEC,S,0.019606000000000012,0.79
30062741,30069222,NCCDV,S,-0.011732999999999993,0.89
30062741,30069222,NCCOS,S,0.008739999999999998,0.88
30062741,30069222,NCHCB,S,0.03772800000000001,0.82
30062741,30069222,NCHPL,S,0.049518000000000006,0.79
30062741,30069222,NCCCY,S,-0.022071000000000007,0.71
30062741,30069222,NCHSFa,S,0.04509199999999999,0.73
30062741,30069222,NCHJG,S,0.043429999999999996,0.71
30062741,30092060,NCCADa,P,0.017875,0.853
30062741,30092060,NCJCB,P,0.015951,0.799
30062741,30092060,NCCML,P,-0.007461,0.919
30062741,30092060,NCCAL,P,-0.008626,0.707
30062741,30092060,NCJHL,P,0.013359,0.701
30062741,30092060,NCJRR,P,0.016227,0.81
30062741,30092060,NCJEC,P,0.017926,0.789
30062741,30092060,NCCDV,P,-0.008383,0.95
30062741,30092060,NCCMJ,P,-0.009666,0.824
30062741,30092060,NCHCA,P,0.012856,0.862
30062741,30092060,NCJBC,P,-0.0010380000000000007,0.759
30062741,30092060,NCHCR,P,0.018315,0.866
30062741,30092060,NCJSC,P,-0.0024619999999999998,0.728
30062741,30092060,NCHFE,P,0.021128,0.808
30062741,30092060,NCCST,P,-0.0029839999999999997,0.876
30062741,30092060,NCJBM,P,-0.001634,0.712
30062741,30092060,NCJSM,P,-2.194,0.83
30062741,30092060,NCCGP,P,-0.009524,0.729
30062741,30092060,NCHDLb,P,0.015717,0.804
30062741,30092060,NCHSFa,P,0.019434,0.774
30062741,30092060,NCHJG,P,0.015763,0.791
30062741,30092060,NCJHP,P,-0.007511,0.759
30062741,30092060,NCHFP,P,0.016471,0.764
30062741,30092060,NCBVY,P,0.018003,0.768
30062741,30092060,NCJCHa,P,-0.005798,0.714
30062741,30092060,NCCMH,S,-0.00762,0.77
30062741,30092060,NCCAO,S,0.009669,0.73
30062741,30092060,NCCADa,S,0.032275,0.75
30062741,30092060,NCJST,S,0.013153999999999999,0.76
30062741,30092060,NCJCB,S,0.022216,0.8
30062741,30092060,NCCML,S,-0.015155,0.91
30062741,30092060,NCCAL,S,-0.019277000000000002,0.79
30062741,30092060,NCJAL,S,0.009534,0.82
30062741,30092060,NCHSP,S,0.031806,0.82
30062741,30092060,NCJHL,S,0.009055,0.83
30062741,30092060,NCJSS,S,0.007845000000000001,0.92
30062741,30092060,NCJEC,S,0.013232,0.75
30062741,30092060,NCCDV,S,-0.015679,0.88
30062741,30092060,NCJBC,S,-0.006978,0.81
30062741,30092060,NCCOS,S,-0.009297,0.91
30062741,30092060,NCCVL,S,-0.018214,0.78
30062741,30092060,NCCST,S,-0.008808,0.74
30062741,30092060,NCCCY,S,-0.021277,0.83
30062741,30092060,NCCGP,S,-0.009798,0.73
30062741,30092060,NCHSFa,S,0.024714,0.74
30062741,30092060,NCBVY,S,0.018816,0.74
30062741,478138,NCCAO,P,0.025454,0.706
30062741,478138,NCCADa,P,0.019541,0.929
30062741,478138,NCJST,P,0.032246,0.761
30062741,478138,NCCML,P,0.02172,0.92
30062741,478138,NCCAL,P,0.02067,0.798
30062741,478138,NCHSP,P,0.023277,0.721
30062741,478138,NCJHL,P,0.022923,0.826
30062741,478138,NCCDV,P,0.022234,0.941
30062741,478138,NCCMJ,P,0.022831999999999998,0.823
30062741,478138,NCCMP,P,0.023575,0.738
30062741,478138,NCHCA,P,0.018888000000000002,0.896
30062741,478138,NCJTG,P,0.020723,0.9
30062741,478138,NCHCR,P,0.026504,0.887
30062741,478138,NCHCB,P,0.022407,0.861
30062741,478138,NCJSC,P,0.026284000000000002,0.854
30062741,478138,NCHFE,P,0.028302,0.88
30062741,478138,NCJBM,P,0.025640000000000003,0.738
30062741,478138,NCCAO,S,0.023780000000000003,0.72
30062741,478138,NCCADa,S,0.019867000000000003,0.85
30062741,478138,NCJST,S,0.029126,0.83
30062741,478138,NCCML,S,0.025762,0.91
30062741,478138,NCCAL,S,0.021494,0.85
30062741,478138,NCJAL,S,0.022236,0.92
30062741,478138,NCHSP,S,0.021676,0.87
30062741,478138,NCJHL,S,0.023664,0.78
30062741,478138,NCCDV,S,0.025014,0.91
30062741,478138,NCCMJ,S,0.025284,0.82
30062741,478138,NCHCA,S,0.017236,0.78
30062741,478138,NCJTG,S,0.018774,0.81
30062741,478138,NCCOS,S,0.02103,0.93
30062741,478138,NCJPL,S,0.018642,0.79
30062741,478138,NCCVL,S,0.025301999999999998,0.79
30062741,478138,NCHCB,S,0.021103,0.94
30062741,478138,NCJSC,S,0.025369000000000003,0.77
30062741,478138,NCHFE,S,0.024313,0.76
30062741,478138,NCCCY,S,0.024416,0.86
30062741,478138,NCJPPa,S,0.026757000000000003,0.76
30062741,529274,NCCADa,P,0.027975,0.842
30062741,529274,NCJST,P,0.033143,0.718
30062741,529274,NCCML,P,0.005899,0.914
30062741,529274,NCJHL,P,0.027513,0.771
30062741,529274,NCCDV,P,0.005106,0.933
30062741,529274,NCCMP,P,0.024427,0.71
30062741,529274,NCJBZ,P,0.034438,0.815
30062741,529274,NCHCA,P,0.028128,0.831
30062741,529274,NCHCR,P,0.033003,0.805
30062741,529274,NCHCB,P,0.029871,0.817
30062741,529274,NCJSC,P,0.012588,0.768
30062741,529274,NCHFE,P,0.036778,0.778
30062741,529274,NCCST,P,0.009179,0.914
30062741,529274,NCJBM,P,0.011291,0.789
30062741,529274,NCHCOa,P,0.028688,0.76
30062741,529274,NCJPPa,P,0.012923,0.757
30062741,529274,NCCGP,P,0.003088,0.723
30062741,529274,NCHSFa,P,0.029244,0.79
30062741,529274,NCJHP,P,0.006304,0.778
30062741,529274,NCCMH,S,0.004989,0.76
30062741,529274,NCCAO,S,0.021046,0.75
30062741,529274,NCCADa,S,0.040783,0.8
30062741,529274,NCJST,S,0.030467,0.8
30062741,529274,NCCML,S,-0.001611,0.94
30062741,529274,NCCAL,S,-0.001249,0.83
30062741,529274,NCJAL,S,0.02425,0.85
30062741,529274,NCHSP,S,0.042544,0.82
30062741,529274,NCJSS,S,0.023623,0.91
30062741,529274,NCCDV,S,-0.001565,0.91
30062741,529274,NCJBC,S,0.015188,0.84
30062741,529274,NCJPL,S,0.028782,0.83
30062741,529274,NCHCB,S,0.033248,0.89
30062741,529274,NCJSC,S,0.01179,0.76
30062741,529274,NCCGP,S,0.003441,0.73
30069222,30092060,NCCMH,P,0.004814999999999986,0.784
30069222,30092060,NCJST,P,0.0013999999999999846,0.804
30069222,30092060,NCJCB,P,-0.011545,0.813
30069222,30092060,NCCML,P,-0.002833000000000002,0.95
30069222,30092060,NCCAL,P,-0.001913999999999999,0.867
30069222,30092060,NCHSP,P,-0.01212100000000002,0.782
30069222,30092060,NCJHL,P,-0.006180000000000019,0.795
30069222,30092060,NCJRR,P,-0.010859000000000008,0.757
30069222,30092060,NCJEC,P,-0.006629999999999997,0.756
30069222,30092060,NCHGW,P,-0.013449000000000016,0.875
30069222,30092060,NCCDV,P,-0.0047709999999999975,0.931
30069222,30092060,NCJSG,P,-0.005263000000000018,0.769
30069222,30092060,NCCVA,P,-0.0017690000000000206,0.844
30069222,30092060,NCHCR,P,-0.010647000000000018,0.809
30069222,30092060,NCJSJ,P,-0.006956000000000018,0.751
30069222,30092060,NCJSC,P,-0.005974000000000007,0.746
30069222,30092060,NCHFE,P,-0.012187000000000003,0.758
30069222,30092060,NCCST,P,-0.009143000000000012,0.939
30069222,30092060,NCJBM,P,-0.006013000000000018,0.779
30069222,30092060,NCJSFb,P,-0.0030820000000000014,0.712
30069222,30092060,NCJSFa,P,-0.0030820000000000014,0.712
30069222,30092060,NCCCY,P,-0.005156000000000022,0.75
30069222,30092060,NCHDLb,P,-0.013843000000000022,0.772
30069222,30092060,NCHSFa,P,-0.013890000000000013,0.726
30069222,30092060,NCHJG,P,-0.016029000000000015,0.772
30069222,30092060,NCJHP,P,-0.007324999999999998,0.856
30069222,30092060,NCHFP,P,-0.016796000000000005,0.796
30069222,30092060,NCBVY,P,-0.012819999999999998,0.764
30069222,30092060,NCCMH,S,-0.0012110000000000176,0.71
30069222,30092060,NCCAO,S,-0.012013999999999997,0.9
30069222,30092060,NCCADa,S,-0.013638000000000011,0.77
30069222,30092060,NCJST,S,0.0022579999999999822,0.87
30069222,30092060,NCJCB,S,-0.0071510000000000185,0.86
30069222,30092060,NCCML,S,-0.003804000000000002,0.93
30069222,30092060,NCCAL,S,0.003040999999999988,0.87
30069222,30092060,NCJAL,S,-0.002492000000000022,0.74
30069222,30092060,NCHSP,S,-0.018330000000000013,0.82
30069222,30092060,NCJHL,S,-0.008478000000000013,0.83
30069222,30092060,NCJSS,S,-0.006184000000000023,0.84
30069222,30092060,NCJEC,S,-0.005784000000000011,0.76
30069222,30092060,NCCDV,S,-0.003585000000000005,0.9
30069222,30092060,NCCMJ,S,-0.0043420000000000125,0.78
30069222,30092060,NCCOS,S,-0.017952000000000023,0.89
30069222,30092060,NCCVA,S,-0.0011800000000000144,0.95
30069222,30092060,NCHCR,S,-0.021267000000000008,0.71
30069222,30092060,NCCST,S,-0.012511000000000022,0.77
30069222,30092060,NCCCY,S,-0.0012600000000000111,0.83
30069222,30092060,NCCGP,S,-0.006179000000000018,0.81
30069222,30092060,NCBVY,S,-0.020643000000000022,0.86
30069222,478138,NCCML,P,0.02691200000000002,0.914
30069222,478138,NCCAL,P,0.02984400000000001,0.723
30069222,478138,NCCDV,P,0.026527999999999996,0.928
30069222,478138,NCCMJ,P,0.030077999999999994,0.766
30069222,478138,NCCMR,P,0.014257999999999993,0.842
30069222,478138,NCCVA,P,0.031326999999999994,0.824
30069222,478138,NCHCR,P,-0.001804,0.798
30069222,478138,NCHCB,P,-0.0066839999999999955,0.771
30069222,478138,NCJSC,P,0.024093000000000003,0.778
30069222,478138,NCHFE,P,-0.006487999999999994,0.815
30069222,478138,NCJBM,P,0.022201,0.85
30069222,478138,NCJSFb,P,0.027972999999999998,0.761
30069222,478138,NCJSFa,P,0.027972999999999998,0.761
30069222,478138,NCCCY,P,0.02945600000000001,0.794
30069222,478138,NCJPPa,P,0.01844700000000002,0.868
30069222,478138,NCHSL,P,-0.008460999999999996,0.762
30069222,478138,NCCAO,S,0.0020150000000000168,0.79
30069222,478138,NCJST,S,0.01960300000000001,0.76
30069222,478138,NCCML,S,0.037499000000000005,0.89
30069222,478138,NCCAL,S,0.044854000000000005,0.8
30069222,478138,NCJAL,S,0.011706999999999995,0.76
30069222,478138,NCCDV,S,0.03775500000000001,0.89
30069222,478138,NCCMR,S,0.022639999999999993,0.83
30069222,478138,NCCOS,S,0.012739,0.9
30069222,478138,NCCVA,S,0.04205900000000001,0.94
30069222,478138,NCHCB,S,-0.016222999999999987,0.74
30069222,478138,NCCCY,S,0.04717200000000002,0.78
30069222,483500,NCCML,P,0.018487999999999977,0.747
30069222,529274,NCCMH,P,0.017836999999999992,0.793
30069222,529274,NCJST,P,0.016653,0.801
30069222,529274,NCCML,P,0.010071999999999998,0.968
30069222,529274,NCCAL,P,0.012723999999999985,0.85
30069222,529274,NCHSP,P,-0.0009780000000000066,0.808
30069222,529274,NCJHL,P,0.008098999999999995,0.74
30069222,529274,NCJEC,P,0.011265999999999998,0.791
30069222,529274,NCCDV,P,0.008957999999999994,0.97
30069222,529274,NCJBZ,P,0.011107000000000006,0.847
30069222,529274,NCCVA,P,0.01199900000000001,0.783
30069222,529274,NCHCR,P,0.0035310000000000064,0.79
30069222,529274,NCJSJ,P,0.008977999999999986,0.799
30069222,529274,NCCMN,P,0.008021,0.711
30069222,529274,NCHCB,P,0.0007800000000000029,0.769
30069222,529274,NCJSC,P,0.01053699999999999,0.751
30069222,529274,NCHFE,P,0.0025640000000000107,0.771
30069222,529274,NCCST,P,0.0030779999999999974,0.886
30069222,529274,NCJBM,P,0.00864100000000001,0.859
30069222,529274,NCJPPa,P,0.006043999999999994,0.802
30069222,529274,NCHSFa,P,-0.004424000000000011,0.725
30069222,529274,NCJHP,P,0.006814999999999988,0.845
30069222,529274,NCCAO,S,-0.0003120000000000067,0.88
30069222,529274,NCCADa,S,-0.005629999999999996,0.73
30069222,529274,NCJST,S,0.018783999999999995,0.9
30069222,529274,NCCML,S,0.009883000000000003,0.95
30069222,529274,NCCAL,S,0.020683000000000007,0.87
30069222,529274,NCJAL,S,0.011827000000000004,0.76
30069222,529274,NCHSP,S,-0.007586000000000009,0.8
30069222,529274,NCJSS,S,0.00948099999999999,0.87
30069222,529274,NCJEC,S,0.01128599999999999,0.81
30069222,529274,NCCDV,S,0.010126999999999997,0.92
30069222,529274,NCCVA,S,0.011660000000000004,0.92
30069222,529274,NCCMN,S,0.008995000000000003,0.85
30069222,529274,NCHCB,S,-0.005807000000000007,0.74
30069222,529274,NCCCY,S,0.012801000000000007,0.81
30069222,529274,NCCGP,S,0.00812099999999999,0.75
30092060,478138,NCCADa,P,0.0016049999999999988,0.854
30092060,478138,NCJST,P,0.016495999999999997,0.707
30092060,478138,NCCML,P,0.029700999999999998,0.968
30092060,478138,NCCAL,P,0.031657,0.823
30092060,478138,NCHSP,P,0.0016869999999999975,0.718
30092060,478138,NCHGS,P,0.007002999999999999,0.852
30092060,478138,NCCDV,P,0.030441999999999997,0.966
30092060,478138,NCCMJ,P,0.032431,0.843
30092060,478138,NCCMP,P,0.012015999999999999,0.775
30092060,478138,NCHCA,P,0.005941999999999998,0.922
30092060,478138,NCCVA,P,0.033387,0.899
30092060,478138,NCHCR,P,0.008500999999999998,0.884
30092060,478138,NCCVL,P,0.034148,0.771
30092060,478138,NCJSC,P,0.028773,0.754
30092060,478138,NCHFE,P,0.007973999999999998,0.806
30092060,478138,NCJBM,P,0.02797,0.885
30092060,478138,NCJSFb,P,0.030683,0.789
30092060,478138,NCJSFa,P,0.030683,0.789
30092060,478138,NCCCY,P,0.032975,0.804
30092060,478138,NCJPPa,P,0.025769999999999998,0.72
30092060,478138,NCHSL,P,0.005458999999999999,0.815
30092060,478138,NCCAO,S,0.014259999999999998,0.72
30092060,478138,NCJST,S,0.017927,0.81
30092060,478138,NCCML,S,0.040743,0.95
30092060,478138,NCCAL,S,0.041912,0.88
30092060,478138,NCJAL,S,0.014573,0.77
30092060,478138,NCHSP,S,-0.009247000000000002,0.8
30092060,478138,NCJHL,S,0.015874,0.75
30092060,478138,NCJLX,S,0.024272,0.85
30092060,478138,NCCDV,S,0.04104,0.94
30092060,478138,NCCMJ,S,0.041411,0.72
30092060,478138,NCCMP,S,0.012061999999999998,0.98
30092060,478138,NCCVA,S,0.04331599999999999,0.96
30092060,478138,NCCVL,S,0.042623999999999995,0.78
30092060,478138,NCCCY,S,0.046225,0.87
30092060,529274,NCCMH,P,0.012099,0.965
30092060,529274,NCCAO,P,0.012931999999999999,0.884
30092060,529274,NCCADa,P,0.010176,0.976
30092060,529274,NCJST,P,0.01393,0.84
30092060,529274,NCCML,P,0.012909,0.974
30092060,529274,NCCAL,P,0.015683,0.894
30092060,529274,NCJAL,P,0.017218999999999998,0.806
30092060,529274,NCHSP,P,0.011283,0.975
30092060,529274,NCJHL,P,0.012973,0.843
30092060,529274,NCJSS,P,0.012962,0.841
30092060,529274,NCHGS,P,0.015626,0.846
30092060,529274,NCJEC,P,0.018244,0.863
30092060,529274,NCJLX,P,0.0118,0.914
30092060,529274,NCCDV,P,0.013087999999999999,0.981
30092060,529274,NCCMP,P,0.011649,0.887
30092060,529274,NCHCA,P,0.014128,0.876
30092060,529274,NCCVA,P,0.013885999999999999,0.888
30092060,529274,NCHCR,P,0.016778,0.845
30092060,529274,NCJSJ,P,0.013735,0.778
30092060,529274,NCJSC,P,0.014713,0.729
30092060,529274,NCCST,P,0.011995,0.958
30092060,529274,NCJBM,P,0.013234,0.859
30092060,529274,NCCCY,P,0.013243,0.885
30092060,529274,NCJPPa,P,0.01232,0.816
30092060,529274,NCCGP,P,0.01245,0.893
30092060,529274,NCHSFa,P,0.009537,0.777
30092060,529274,NCJHP,P,0.012944,0.834
30092060,529274,NCCMH,S,0.011874,0.97
30092060,529274,NCCAO,S,0.01194,0.94
30092060,529274,NCCADa,S,0.008945999999999999,0.98
30092060,529274,NCJST,S,0.01595,0.88
30092060,529274,NCCML,S,0.013266,0.98
30092060,529274,NCCAL,S,0.017352,0.96
30092060,529274,NCJAL,S,0.015821,0.91
30092060,529274,NCHSP,S,0.010704,0.99
30092060,529274,NCJHL,S,0.015779,0.82
30092060,529274,NCJSS,S,0.015156,0.95
30092060,529274,NCHGS,S,0.014787999999999999,0.81
30092060,529274,NCJEC,S,0.017223,0.9
30092060,529274,NCJLX,S,0.014077,0.94
30092060,529274,NCCDV,S,0.013732,0.97
30092060,529274,NCCMP,S,0.011987,0.98
30092060,529274,NCJBC,S,0.019975,0.88
30092060,529274,NCCVA,S,0.012695999999999999,0.95
30092060,529274,NCHCR,S,0.018083000000000002,0.84
30092060,529274,NCJSC,S,0.017446,0.76
30092060,529274,NCJBM,S,0.013545999999999999,0.73
30092060,529274,NCCCY,S,0.013587,0.96
30092060,529274,NCJPPa,S,0.012903,0.78
30092060,529274,NCCGP,S,0.013322,0.9
30092060,529274,NCHSFa,S,0.011828,0.78
32049,101361,NCCSC,P,0.002156,0.862
32049,101361,NCJST,P,-0.008995,0.718
32049,101361,NCJCB,P,-0.018457,0.867
32049,101361,NCCML,P,0.012088,0.96
32049,101361,NCCAL,P,0.013823,0.721
32049,101361,NCHGS,P,-0.022767999999999997,0.881
32049,101361,NCJEC,P,-0.0052759999999999994,0.843
32049,101361,NCHGW,P,-0.0278,0.948
32049,101361,NCCDV,P,0.009647,0.961
32049,101361,NCJBZ,P,-0.023395,0.81
32049,101361,NCCMR,P,0.010087,0.948
32049,101361,NCHPR,P,-0.017208,0.882
32049,101361,NCCVA,P,0.014773,0.84
32049,101361,NCCMN,P,0.011134999999999999,0.84
32049,101361,NCHFE,P,-0.029088000000000003,0.841
32049,101361,NCCST,P,-0.008493,0.911
32049,101361,NCHPL,P,-0.021528,0.941
32049,101361,NCHFH,P,-0.020685000000000002,0.739
32049,101361,NCJPPa,P,0.022720999999999998,0.829
32049,101361,NCHDLb,P,-0.017473000000000002,0.887
32049,101361,NCCLC,P,0.010398000000000001,0.732
32049,101361,NCHFP,P,-0.017773999999999998,0.791
32049,101361,NCBVY,P,-0.018860000000000002,0.888
32049,101361,NCJST,S,-0.007407,0.76
32049,101361,NCJCB,S,-0.029498000000000003,0.84
32049,101361,NCCML,S,0.026432999999999998,0.87
32049,101361,NCCAL,S,0.028797999999999997,0.78
32049,101361,NCJAL,S,-0.022579000000000002,0.85
32049,101361,NCCMM,S,-0.004784,0.79
32049,101361,NCHGS,S,-0.029964000000000005,0.85
32049,101361,NCJEC,S,-0.0034029999999999998,0.81
32049,101361,NCCDV,S,0.022238,0.92
32049,101361,NCCMR,S,0.025763,0.79
32049,101361,NCJBC,S,-0.00272,0.85
32049,101361,NCHPR,S,-0.021088999999999997,0.77
32049,101361,NCCVA,S,0.027347999999999997,0.95
32049,101361,NCCMN,S,0.026241,0.77
32049,101361,NCCST,S,-0.0013249999999999998,0.71
32049,101361,NCCCY,S,0.030796999999999998,0.88
32049,101362,NCCCOa,P,-0.017707,0.86
32049,101362,NCCSC,P,-0.016005000000000002,0.888
32049,101362,NCCMH,P,-0.016078,0.901
32049,101362,NCCAO,P,-0.013168,0.769
32049,101362,NCJST,P,-0.016299,0.87
32049,101362,NCJCB,P,-0.01812,0.959
32049,101362,NCCML,P,-0.015307000000000001,0.939
32049,101362,NCCAL,P,-0.016507,0.932
32049,101362,NCJAL,P,-0.031650000000000005,0.826
32049,101362,NCHSP,P,-0.015562,0.792
32049,101362,NCCMM,P,-0.030185,0.892
32049,101362,NCHGS,P,-0.017891,0.957
32049,101362,NCJEC,P,-0.002886,0.888
32049,101362,NCJLX,P,-0.015525,0.8
32049,101362,NCHGW,P,-0.022196,0.985
32049,101362,NCCDV,P,-0.019267,0.991
32049,101362,NCJBZ,P,-0.023592,0.858
32049,101362,NCCMR,P,-0.018157,0.976
32049,101362,NCJBC,P,-0.020412,0.812
32049,101362,NCHPR,P,-0.013914,0.841
32049,101362,NCCVA,P,-0.016543,0.913
32049,101362,NCCMN,P,-0.020685,0.86
32049,101362,NCHFE,P,-0.023984,0.849
32049,101362,NCCST,P,-0.029932999999999998,0.965
32049,101362,NCHPL,P,-0.017961,0.902
32049,101362,NCCCY,P,-0.016636,0.845
32049,101362,NCHFH,P,-0.017932,0.752
32049,101362,NCJPPa,P,0.001900999999999999,0.851
32049,101362,NCHDLb,P,-0.016422,0.904
32049,101362,NCCLC,P,-0.015312,0.724
32049,101362,NCHFP,P,-0.016509,0.879
32049,101362,NCBVY,P,-0.017092,0.871
32049,101362,NCCCOa,S,-0.017373,0.88
32049,101362,NCCSC,S,-0.015855,0.91
32049,101362,NCCMH,S,-0.015989,0.95
32049,101362,NCCAO,S,-0.013483,0.86
32049,101362,NCJST,S,-0.016369,0.91
32049,101362,NCJCB,S,-0.018194000000000002,0.99
32049,101362,NCCML,S,-0.015713,0.94
32049,101362,NCCAL,S,-0.016212,0.97
32049,101362,NCJAL,S,-0.029204,0.97
32049,101362,NCHSP,S,-0.015438,0.88
32049,101362,NCCMM,S,-0.029419999999999998,0.91
32049,101362,NCHGS,S,-0.016475,0.95
32049,101362,NCJEC,S,-0.002654,0.87
32049,101362,NCJLX,S,-0.014851,0.91
32049,101362,NCHGW,S,-0.022782,0.96
32049,101362,NCCDV,S,-0.018803,0.99
32049,101362,NCCMJ,S,-0.014934,0.93
32049,101362,NCJBZ,S,-0.02242,0.85
32049,101362,NCCMR,S,-0.018181,0.95
32049,101362,NCJBC,S,-0.021241,0.9
32049,101362,NCHPR,S,-0.013787,0.9
32049,101362,NCCVA,S,-0.016836,0.96
32049,101362,NCJPL,S,-0.013208000000000001,0.73
32049,101362,NCCMN,S,-0.011265,0.79
32049,101362,NCHFE,S,-0.023983,0.84
32049,101362,NCCST,S,-0.027407,0.84
32049,101362,NCCCY,S,-0.017186,0.97
32049,101362,NCHFH,S,-0.01925,0.92
32049,101362,NCHDLb,S,-0.016877,0.91
32049,101362,NCCLC,S,-0.015668,0.81
32049,101362,NCBVY,S,-0.015588000000000001,0.77
32049,103138,NCCSC,P,0.003774000000000003,0.873
32049,103138,NCCAO,P,0.0003620000000000012,0.793
32049,103138,NCJST,P,-0.002059999999999996,0.844
32049,103138,NCJCB,P,-0.008618999999999998,0.913
32049,103138,NCCML,P,0.008437,0.968
32049,103138,NCCAL,P,0.007553000000000001,0.902
32049,103138,NCJAL,P,-0.01871,0.778
32049,103138,NCHSP,P,-0.008478999999999997,0.808
32049,103138,NCCMM,P,-0.011643999999999998,0.849
32049,103138,NCJLX,P,0.001641,0.879
32049,103138,NCHGW,P,-0.011544999999999996,0.97
32049,103138,NCCDV,P,0.004111,0.96
32049,103138,NCJBZ,P,-0.012161999999999996,0.892
32049,103138,NCCVA,P,0.008123000000000002,0.898
32049,103138,NCHCR,P,-0.009226000000000002,0.892
32049,103138,NCHFE,P,-0.017349,0.821
32049,103138,NCCST,P,-0.010310999999999997,0.938
32049,103138,NCHPL,P,-0.010737,0.907
32049,103138,NCJPPa,P,0.021666,0.856
32049,103138,NCHJG,P,-0.009039000000000002,0.809
32049,103138,NCHFP,P,-0.006095,0.798
32049,103138,NCBVY,P,-0.008038,0.847
32049,103138,NCCCOa,S,-0.011607999999999997,0.79
32049,103138,NCCSC,S,0.002885000000000002,0.85
32049,103138,NCCMH,S,0.009966000000000003,0.89
32049,103138,NCCAO,S,-0.00010599999999999846,0.95
32049,103138,NCJST,S,-0.00016599999999999948,0.89
32049,103138,NCJCB,S,-0.011805,0.94
32049,103138,NCCML,S,0.013011000000000002,0.91
32049,103138,NCCAL,S,0.013384,0.94
32049,103138,NCJAL,S,-0.013038999999999999,0.89
32049,103138,NCHSP,S,-0.015631999999999997,0.81
32049,103138,NCCMM,S,-0.008734999999999996,0.88
32049,103138,NCHGW,S,-0.016152999999999997,0.87
32049,103138,NCCDV,S,0.008830000000000001,0.97
32049,103138,NCJBZ,S,-0.010737,0.78
32049,103138,NCCVA,S,0.013722000000000002,0.95
32049,103138,NCJPL,S,0.001295000000000001,0.77
32049,103138,NCCST,S,-0.008012000000000002,0.8
32049,103138,NCHPL,S,-0.014568000000000001,0.72
32049,126189,NCCSC,P,-0.009995,0.856
32049,126189,NCJCB,P,-0.030064999999999998,0.883
32049,126189,NCCML,P,-0.0008800000000000006,0.959
32049,126189,NCCAL,P,0.0015450000000000004,0.74
32049,126189,NCJHL,P,-0.029107,0.753
32049,126189,NCJEC,P,-0.016231,0.839
32049,126189,NCHGW,P,-0.03752,0.945
32049,126189,NCCMJ,P,0.0026439999999999996,0.835
32049,126189,NCJBZ,P,-0.043883,0.766
32049,126189,NCHCA,P,-0.037377,0.915
32049,126189,NCJSG,P,-0.006161,0.839
32049,126189,NCCMR,P,-0.018596,0.933
32049,126189,NCCVA,P,0.0025910000000000004,0.841
32049,126189,NCJSJ,P,-0.007528,0.754
32049,126189,NCHCR,P,-0.032537,0.841
32049,126189,NCCMN,P,-0.003373,0.824
32049,126189,NCCST,P,-0.02281,0.868
32049,126189,NCHPL,P,-0.033429,0.91
32049,126189,NCJBM,P,-0.0070030000000000005,0.836
32049,126189,NCHFH,P,-0.03211,0.756
32049,126189,NCJPPa,P,0.010339000000000001,0.796
32049,126189,NCHDLb,P,-0.029991,0.918
32049,126189,NCHSFb,P,-0.029041,0.722
32049,126189,NCCLC,P,-0.00041699999999999984,0.746
32049,126189,NCBVY,P,-0.027948,0.842
32049,126189,NCCAO,S,-0.019322,0.75
32049,126189,NCJST,S,-0.019579,0.77
32049,126189,NCJCB,S,-0.039256,0.83
32049,126189,NCCML,S,0.012842,0.89
32049,126189,NCCAL,S,0.015046,0.72
32049,126189,NCHSP,S,-0.050646,0.72
32049,126189,NCCMM,S,-0.017691000000000002,0.84
32049,126189,NCJEC,S,-0.013942,0.76
32049,126189,NCCDV,S,0.009259,0.92
32049,126189,NCHCA,S,-0.04323,0.74
32049,126189,NCCMR,S,0.00010999999999999985,0.75
32049,126189,NCJBC,S,-0.005772,0.83
32049,126189,NCCVA,S,0.015195,0.93
32049,126189,NCCMN,S,0.013456,0.76
32049,126189,NCCST,S,-0.015611,0.71
32049,126189,NCHPL,S,-0.04626,0.78
32049,126189,NCHFH,S,-0.04043,0.75
32049,126292,NCCCOa,P,-0.009126000000000002,0.92
32049,126292,NCCSC,P,-0.008406000000000004,0.967
32049,126292,NCCMH,P,-0.009201,0.972
32049,126292,NCCAO,P,-0.007964000000000002,0.839
32049,126292,NCJST,P,-0.008559000000000004,0.934
32049,126292,NCJCB,P,-0.009276000000000003,0.976
32049,126292,NCCML,P,-0.008081000000000001,0.971
32049,126292,NCCAL,P,-0.008295000000000004,0.968
32049,126292,NCJAL,P,-0.020379,0.855
32049,126292,NCHSP,P,-0.010989000000000002,0.985
32049,126292,NCCMM,P,-0.022232000000000002,0.926
32049,126292,NCJHL,P,-0.010593000000000002,0.93
32049,126292,NCJEC,P,0.006187999999999999,0.851
32049,126292,NCJLX,P,-0.006585000000000004,0.794
32049,126292,NCHGW,P,-0.012104000000000004,0.989
32049,126292,NCCDV,P,-0.012103000000000003,0.987
32049,126292,NCJBZ,P,-0.023678000000000005,0.808
32049,126292,NCHCA,P,-0.010357000000000002,0.973
32049,126292,NCJSG,P,-0.008827000000000002,0.956
32049,126292,NCCMR,P,-0.026317000000000004,0.917
32049,126292,NCJBC,P,-0.007865000000000004,0.796
32049,126292,NCCVA,P,-0.008427000000000004,0.931
32049,126292,NCJSJ,P,-0.009950000000000004,0.942
32049,126292,NCHCR,P,-0.008215000000000004,0.954
32049,126292,NCHFE,P,-0.014644,0.805
32049,126292,NCCST,P,-0.023787000000000003,0.888
32049,126292,NCHPL,P,-0.011055000000000002,0.935
32049,126292,NCJPPa,P,0.009531999999999999,0.816
32049,126292,NCHDLb,P,-0.009142,0.929
32049,126292,NCCLC,P,-0.006985000000000002,0.707
32049,126292,NCBVY,P,-0.005947000000000001,0.802
32049,126292,NCHQR,P,-0.009729000000000002,0.77
32049,126292,NCCCOa,S,-0.009132000000000001,0.93
32049,126292,NCCSC,S,-0.008077,0.96
32049,126292,NCCMH,S,-0.008610000000000003,0.98
32049,126292,NCCAO,S,-0.008375000000000004,0.92
32049,126292,NCJST,S,-0.009513000000000004,0.93
32049,126292,NCJCB,S,-0.008986000000000001,0.99
32049,126292,NCCML,S,-0.008672000000000003,0.96
32049,126292,NCCAL,S,-0.007941000000000004,0.98
32049,126292,NCJAL,S,-0.018714,0.96
32049,126292,NCHSP,S,-0.010750000000000003,0.99
32049,126292,NCCMM,S,-0.021597,0.9
32049,126292,NCJHL,S,-0.009291000000000004,0.9
32049,126292,NCJEC,S,0.006973999999999994,0.79
32049,126292,NCHGW,S,-0.011866000000000002,0.98
32049,126292,NCCDV,S,-0.011802000000000003,0.99
32049,126292,NCHCA,S,-0.008883000000000002,0.95
32049,126292,NCJSG,S,-0.009335000000000003,0.82
32049,126292,NCCMR,S,-0.024332000000000003,0.92
32049,126292,NCJBC,S,-0.004413000000000004,0.89
32049,126292,NCCVA,S,-0.008740000000000001,0.96
32049,126292,NCJPL,S,-0.012565000000000003,0.8
32049,126292,NCJSJ,S,-0.009459000000000002,0.78
32049,126292,NCHCR,S,-0.008996000000000004,0.93
32049,126292,NCCMN,S,-0.006593000000000002,0.84
32049,126292,NCHFE,S,-0.015710000000000002,0.81
32049,126292,NCCST,S,-0.022985000000000002,0.89
32049,126292,NCHPL,S,-0.009039000000000002,0.89
32049,126292,NCHFH,S,-0.008163000000000004,0.77
32049,126292,NCHDLb,S,-0.008890000000000002,0.89
32049,126292,NCBVY,S,-0.0026620000000000046,0.8
32049,126292,NCHQR,S,-0.010988000000000001,0.86
32049,126389,NCCSC,P,-0.006777999999999999,0.842
32049,126389,NCCMH,P,-0.00783,0.844
32049,126389,NCJST,P,-0.00413,0.712
32049,126389,NCJCB,P,9.60000000000006e-05,0.723
32049,126389,NCCML,P,-4.999999999999796e-06,0.955
32049,126389,NCCAL,P,-0.0008659999999999996,0.865
32049,126389,NCHSP,P,-0.0022969999999999996,0.761
32049,126389,NCCMM,P,-0.012341,0.788
32049,126389,NCJHL,P,-0.007476,0.789
32049,126389,NCJEC,P,0.011278000000000002,0.815
32049,126389,NCJLX,P,0.001935,0.724
32049,126389,NCHGW,P,-0.0026069999999999995,0.919
32049,126389,NCCMJ,P,0.0004220000000000005,0.822
32049,126389,NCHCA,P,-0.0019249999999999996,0.889
32049,126389,NCJSG,P,-0.0004580000000000001,0.9
32049,126389,NCCMR,P,-0.015413,0.857
32049,126389,NCJBC,P,-0.0005909999999999995,0.727
32049,126389,NCCVA,P,0.0005000000000000004,0.877
32049,126389,NCJSJ,P,-0.0002729999999999998,0.79
32049,126389,NCHCR,P,-0.000294,0.757
32049,126389,NCCMN,P,-0.0024709999999999997,0.837
32049,126389,NCCST,P,-0.012598999999999999,0.895
32049,126389,NCHPL,P,0.0017600000000000003,0.94
32049,126389,NCJBM,P,-0.00045399999999999954,0.867
32049,126389,NCJPPa,P,0.019555000000000003,0.807
32049,126389,NCHDLb,P,0.0017530000000000002,0.876
32049,126389,NCHFP,P,0.007038000000000001,0.769
32049,126389,NCBVY,P,0.006359,0.819
32049,126389,NCHQR,P,0.0007100000000000006,0.795
32049,126389,NCCMH,S,-0.0005300000000000001,0.77
32049,126389,NCCAO,S,0.002803,0.75
32049,126389,NCJST,S,-0.005396,0.79
32049,126389,NCJCB,S,-0.0017639999999999995,0.87
32049,126389,NCCML,S,0.0023900000000000006,0.89
32049,126389,NCCAL,S,-0.0015379999999999999,0.83
32049,126389,NCJAL,S,-0.013548,0.84
32049,126389,NCHSP,S,-0.001039,0.81
32049,126389,NCCMM,S,-0.005286,0.83
32049,126389,NCJHL,S,-0.0009459999999999998,0.73
32049,126389,NCJEC,S,0.010607,0.73
32049,126389,NCCDV,S,6.300000000000056e-05,0.93
32049,126389,NCCMJ,S,0.003550000000000001,0.81
32049,126389,NCHCA,S,0.0030609999999999995,0.88
32049,126389,NCJSG,S,6.800000000000035e-05,0.74
32049,126389,NCCMR,S,-0.0065899999999999995,0.83
32049,126389,NCJBC,S,0.006789,0.85
32049,126389,NCCVA,S,0.003536000000000001,0.94
32049,126389,NCCMN,S,0.010834000000000002,0.83
32049,126389,NCCST,S,0.0010540000000000002,0.83
32049,126389,NCHPL,S,0.012010999999999999,0.82
32049,126389,NCHFH,S,0.017469,0.82
32049,126389,NCHQR,S,0.015402,0.77
32049,148939,NCCCOa,P,0.019361000000000003,0.827
32049,148939,NCCSC,P,0.027644000000000002,0.911
32049,148939,NCCMH,P,0.024471,0.876
32049,148939,NCCAO,P,0.023791,0.757
32049,148939,NCJST,P,0.023931,0.875
32049,148939,NCJCB,P,0.016388,0.834
32049,148939,NCCML,P,0.03852,0.978
32049,148939,NCCAL,P,0.028682,0.961
32049,148939,NCJAL,P,0.024035,0.702
32049,148939,NCHSP,P,0.036078,0.827
32049,148939,NCCMM,P,0.022198000000000002,0.941
32049,148939,NCJHL,P,0.022808000000000002,0.852
32049,148939,NCHGS,P,0.023167,0.927
32049,148939,NCJEC,P,0.026771,0.79
32049,148939,NCJLX,P,0.023458,0.829
32049,148939,NCHGW,P,0.036733,0.973
32049,148939,NCCMJ,P,0.028835,0.935
32049,148939,NCJBZ,P,0.013353999999999998,0.827
32049,148939,NCHCA,P,0.021345999999999997,0.965
32049,148939,NCJSG,P,0.038298,0.947
32049,148939,NCCMR,P,0.020046,0.987
32049,148939,NCHCR,P,0.023746,0.93
32049,148939,NCJSJ,P,0.02037,0.88
32049,148939,NCCMN,P,0.018781,0.858
32049,148939,NCHFE,P,0.022154,0.933
32049,148939,NCCST,P,0.023288,0.885
32049,148939,NCJBM,P,0.021223,0.951
32049,148939,NCCCY,P,0.040905,0.909
32049,148939,NCJPPa,P,0.037427,0.896
32049,148939,NCHDLb,P,0.021255999999999997,0.928
32049,148939,NCHQR,P,0.039008,0.856
32049,148939,NCCCOa,S,0.019609,0.91
32049,148939,NCCSC,S,0.028024,0.95
32049,148939,NCCMH,S,0.026171,0.93
32049,148939,NCCAO,S,0.022669,0.88
32049,148939,NCJST,S,0.028650000000000002,0.92
32049,148939,NCJCB,S,0.014159999999999999,0.94
32049,148939,NCCML,S,0.039118,0.95
32049,148939,NCCAL,S,0.030784,0.98
32049,148939,NCJAL,S,0.026369,0.93
32049,148939,NCHSP,S,0.033704,0.86
32049,148939,NCCMM,S,0.023377000000000002,0.9
32049,148939,NCJHL,S,0.023533000000000002,0.85
32049,148939,NCHGS,S,0.023784,0.94
32049,148939,NCJEC,S,0.022591,0.72
32049,148939,NCJLX,S,0.021405,0.94
32049,148939,NCHGW,S,0.035931000000000005,0.94
32049,148939,NCCDV,S,0.028617,0.98
32049,148939,NCCMJ,S,0.029824,0.96
32049,148939,NCJBZ,S,0.013647,0.71
32049,148939,NCHCA,S,0.020913,0.94
32049,148939,NCJSG,S,0.037216,0.83
32049,148939,NCCMR,S,0.022621000000000002,0.93
32049,148939,NCHPR,S,0.019794,0.86
32049,148939,NCJPL,S,0.022112,0.71
32049,148939,NCCVA,S,0.029753,0.97
32049,148939,NCHCR,S,0.0244,0.88
32049,148939,NCCMN,S,0.029783,0.84
32049,148939,NCHFE,S,0.022435999999999998,0.84
32049,148939,NCCST,S,0.022598,0.82
32049,148939,NCJBM,S,0.021037,0.93
32049,148939,NCCCY,S,0.041306,0.98
32049,148939,NCHDLb,S,0.027757,0.85
32049,148939,NCHQR,S,0.044502,0.74
32049,160503,NCCSC,P,0.011458,0.742
32049,160503,NCJST,P,-0.0018290000000000008,0.712
32049,160503,NCJCB,P,-0.016042999999999998,0.729
32049,160503,NCCML,P,0.034459,0.865
32049,160503,NCCMM,P,0.010211999999999999,0.722
32049,160503,NCHGS,P,-0.011674,0.837
32049,160503,NCJEC,P,-0.0063479999999999995,0.807
32049,160503,NCHGW,P,0.002829999999999999,0.922
32049,160503,NCCMJ,P,0.027673999999999997,0.72
32049,160503,NCHCA,P,-0.014256000000000001,0.892
32049,160503,NCJSG,P,0.02774,0.72
32049,160503,NCHPR,P,-0.007131000000000002,0.811
32049,160503,NCHCR,P,-0.011262999999999999,0.889
32049,160503,NCHFE,P,-0.012244000000000001,0.736
32049,160503,NCCST,P,0.01334,0.726
32049,160503,NCJPPa,P,0.025601,0.724
32049,160503,NCHDLb,P,-0.009518000000000002,0.92
32049,160503,NCHFP,P,0.010809999999999998,0.787
32049,160503,NCBVY,P,0.010473999999999999,0.802
32049,160503,NCHQR,P,0.015476,0.758
32049,160503,NCJST,S,0.004684999999999998,0.83
32049,160503,NCJCB,S,-0.025704,0.85
32049,160503,NCCML,S,0.044022,0.85
32049,160503,NCCAL,S,0.039251999999999995,0.72
32049,160503,NCJAL,S,0.0025449999999999987,0.85
32049,160503,NCHSP,S,-0.014372,0.74
32049,160503,NCCMM,S,0.018328999999999998,0.84
32049,160503,NCHGS,S,-0.020202,0.81
32049,160503,NCHGW,S,-0.0075930000000000025,0.72
32049,160503,NCCDV,S,0.033225,0.85
32049,160503,NCJBC,S,0.011038,0.77
32049,160503,NCCVA,S,0.045185,0.88
32049,160503,NCHPR,S,-0.007985000000000003,0.82
32049,160503,NCCCY,S,0.061827999999999994,0.75
32049,160503,NCHFH,S,0.004785999999999999,0.79
32049,215747,NCCCOa,P,0.002012,0.838
32049,215747,NCCSC,P,0.011632,0.85
32049,215747,NCCMH,P,0.010563000000000001,0.971
32049,215747,NCJST,P,0.009032,0.901
32049,215747,NCJCB,P,0.00033299999999999996,0.936
32049,215747,NCCML,P,0.023347,0.947
32049,215747,NCCAL,P,0.012338000000000002,0.95
32049,215747,NCJAL,P,0.002626,0.78
32049,215747,NCHSP,P,0.018566,0.936
32049,215747,NCJHL,P,0.008159000000000001,0.91
32049,215747,NCHGS,P,0.006873000000000001,0.917
32049,215747,NCJEC,P,0.010336,0.846
32049,215747,NCJLX,P,0.009143,0.886
32049,215747,NCHGW,P,0.021149,0.984
32049,215747,NCCDV,P,-0.0013869999999999993,0.978
32049,215747,NCCMJ,P,0.013591,0.873
32049,215747,NCJBZ,P,-0.002627000000000001,0.837
32049,215747,NCHCA,P,0.006278000000000001,0.928
32049,215747,NCCMR,P,0.011448,0.964
32049,215747,NCJBC,P,-0.008309,0.708
32049,215747,NCCVA,P,0.008941000000000001,0.935
32049,215747,NCHCR,P,0.007188,0.926
32049,215747,NCCMN,P,0.0018440000000000019,0.795
32049,215747,NCHFE,P,0.004586,0.812
32049,215747,NCCST,P,0.008784,0.945
32049,215747,NCJBM,P,0.005564000000000001,0.797
32049,215747,NCCCY,P,0.026175,0.816
32049,215747,NCJPPa,P,0.022009,0.876
32049,215747,NCCMO,P,0.002382000000000002,0.774
32049,215747,NCHFP,P,0.016471,0.897
32049,215747,NCBVY,P,0.016038,0.839
32049,215747,NCCCOa,S,0.0020090000000000004,0.91
32049,215747,NCCMH,S,0.0108,0.97
32049,215747,NCJST,S,0.01167,0.87
32049,215747,NCJCB,S,0.0002909999999999996,0.98
32049,215747,NCCML,S,0.023375,0.92
32049,215747,NCCAL,S,0.014508,0.95
32049,215747,NCJAL,S,0.007795,0.89
32049,215747,NCHSP,S,0.01745,0.96
32049,215747,NCJHL,S,0.009735,0.9
32049,215747,NCHGS,S,0.007491000000000001,0.95
32049,215747,NCJEC,S,0.01094,0.79
32049,215747,NCJLX,S,0.008426000000000001,0.96
32049,215747,NCHGW,S,0.019985,0.98
32049,215747,NCCDV,S,0.0005180000000000011,0.99
32049,215747,NCCMJ,S,0.014747,0.9
32049,215747,NCJBZ,S,-0.0013120000000000007,0.77
32049,215747,NCHCA,S,0.006404,0.91
32049,215747,NCCMR,S,0.012693,0.88
32049,215747,NCJBC,S,-0.0057280000000000005,0.8
32049,215747,NCCVA,S,0.011213,0.96
32049,215747,NCJPL,S,0.011043,0.74
32049,215747,NCHCR,S,0.005800000000000001,0.87
32049,215747,NCCMN,S,0.014134,0.83
32049,215747,NCHFE,S,0.006095,0.76
32049,215747,NCCST,S,0.009246,0.88
32049,215747,NCJBM,S,0.005481,0.75
32049,215747,NCCCY,S,0.025476,0.94
32049,215747,NCHSFb,S,0.011191,0.78
32049,215747,NCCLC,S,0.009872,0.82
32049,215747,NCHFP,S,0.014057,0.86
32049,238704,NCCSC,P,0.00036499999999999727,0.817
32049,238704,NCJCB,P,-0.030131,0.851
32049,238704,NCCML,P,0.019609999999999995,0.958
32049,238704,NCCAL,P,0.011248999999999999,0.76
32049,238704,NCJEC,P,-0.020274,0.849
32049,238704,NCHGW,P,-0.013602000000000001,0.925
32049,238704,NCCDV,P,-0.004701000000000002,0.911
32049,238704,NCCMJ,P,0.013325999999999998,0.819
32049,238704,NCJBZ,P,-0.029495,0.822
32049,238704,NCHCA,P,-0.030150000000000003,0.909
32049,238704,NCJSG,P,0.017011,0.811
32049,238704,NCCMR,P,0.007968,0.911
32049,238704,NCCVA,P,0.009949,0.833
32049,238704,NCCMN,P,0.000614,0.764
32049,238704,NCHCR,P,-0.028514,0.852
32049,238704,NCCST,P,-0.001499000000000002,0.853
32049,238704,NCHPL,P,-0.024940000000000004,0.889
32049,238704,NCJBM,P,-0.000877000000000001,0.879
32049,238704,NCJPPa,P,0.013231999999999997,0.829
32049,238704,NCHSFb,P,-0.023134000000000002,0.777
32049,238704,NCCMO,P,0.004292999999999998,0.791
32049,238704,NCHFP,P,-0.017812,0.721
32049,238704,NCBVY,P,-0.017031,0.782
32049,238704,NCHQR,P,-0.013447,0.806
32049,238704,NCJST,S,-0.010359,0.74
32049,238704,NCJCB,S,-0.041105,0.83
32049,238704,NCCML,S,0.034695,0.88
32049,238704,NCCAL,S,0.025599999999999998,0.81
32049,238704,NCJAL,S,-0.011736000000000002,0.86
32049,238704,NCHGS,S,-0.036072,0.79
32049,238704,NCJEC,S,-0.019738000000000002,0.81
32049,238704,NCJLX,S,0.00204,0.82
32049,238704,NCCDV,S,0.009360999999999998,0.91
32049,238704,NCHCA,S,-0.042357000000000006,0.76
32049,238704,NCCMR,S,0.028215999999999998,0.78
32049,238704,NCJBC,S,-0.009185000000000002,0.8
32049,238704,NCCVA,S,0.024479,0.93
32049,238704,NCCMN,S,0.019248,0.74
32049,238704,NCCST,S,0.006978999999999999,0.74
32049,238704,NCHPL,S,-0.041676000000000005,0.73
32049,238704,NCCCY,S,0.04018,0.87
32049,238790,NCCSC,P,0.0071990000000000005,0.766
32049,238790,NCCMH,P,0.008289000000000001,0.848
32049,238790,NCJST,P,-0.0012119999999999978,0.74
32049,238790,NCJCB,P,-0.012299999999999998,0.875
32049,238790,NCCML,P,0.020719000000000005,0.983
32049,238790,NCCAL,P,0.009562999999999999,0.917
32049,238790,NCHSP,P,0.0022229999999999993,0.804
32049,238790,NCJHL,P,-0.0024249999999999966,0.818
32049,238790,NCHGS,P,-0.008983999999999999,0.887
32049,238790,NCJEC,P,-0.002401999999999998,0.834
32049,238790,NCJLX,P,0.0014930000000000047,0.856
32049,238790,NCHGW,P,0.006322000000000005,0.941
32049,238790,NCCDV,P,-0.004646999999999998,0.939
32049,238790,NCCMJ,P,0.011286000000000001,0.912
32049,238790,NCJBZ,P,-0.011524999999999997,0.903
32049,238790,NCHCA,P,-0.009884999999999998,0.973
32049,238790,NCJSG,P,0.019774000000000003,0.928
32049,238790,NCCMR,P,0.007550999999999999,0.931
32049,238790,NCJBC,P,-0.009366999999999997,0.796
32049,238790,NCCVA,P,0.007591000000000004,0.876
32049,238790,NCHCR,P,-0.007935999999999999,0.948
32049,238790,NCCST,P,0.001733000000000002,0.915
32049,238790,NCHPL,P,-0.007413999999999997,0.93
32049,238790,NCJBM,P,0.0016800000000000044,0.931
32049,238790,NCCCY,P,0.021806000000000002,0.836
32049,238790,NCJPPa,P,0.018247000000000003,0.911
32049,238790,NCHJG,P,-0.010300999999999998,0.933
32049,238790,NCCMO,P,0.003080000000000003,0.81
32049,238790,NCCLC,P,0.003199000000000004,0.72
32049,238790,NCHFP,P,0.0010009999999999984,0.963
32049,238790,NCBVY,P,0.0015989999999999997,0.873
32049,238790,NCHQR,P,0.007516999999999999,0.866
32049,238790,NCCCOa,S,-0.016113999999999996,0.74
32049,238790,NCCSC,S,0.006273999999999998,0.77
32049,238790,NCCMH,S,0.009326000000000004,0.87
32049,238790,NCJST,S,0.0012190000000000013,0.78
32049,238790,NCJCB,S,-0.015642999999999997,0.92
32049,238790,NCCML,S,0.02462,0.92
32049,238790,NCCAL,S,0.015469,0.9
32049,238790,NCJAL,S,0.0021080000000000022,0.91
32049,238790,NCHSP,S,-0.004279999999999999,0.81
32049,238790,NCJHL,S,0.0004290000000000023,0.83
32049,238790,NCHGS,S,-0.012184999999999998,0.86
32049,238790,NCJEC,S,-0.0010339999999999967,0.83
32049,238790,NCJLX,S,0.004489000000000003,0.93
32049,238790,NCHGW,S,0.0021389999999999985,0.92
32049,238790,NCCDV,S,0.00025400000000000075,0.97
32049,238790,NCCMJ,S,0.014703999999999998,0.84
32049,238790,NCJBZ,S,-0.011134999999999999,0.8
32049,238790,NCHCA,S,-0.012922999999999997,0.9
32049,238790,NCJSG,S,0.019462000000000004,0.79
32049,238790,NCCMR,S,0.014835000000000004,0.87
32049,238790,NCJBC,S,-0.005460999999999997,0.84
32049,238790,NCCVA,S,0.014444000000000002,0.96
32049,238790,NCJPL,S,-0.0013409999999999984,0.82
32049,238790,NCHCR,S,-0.015390999999999998,0.71
32049,238790,NCCST,S,0.003647000000000001,0.81
32049,238790,NCHPL,S,-0.011557999999999999,0.9
32049,238790,NCJBM,S,0.0010340000000000037,0.83
32049,238790,NCCCY,S,0.026740000000000003,0.9
32049,238790,NCHFP,S,-0.0026129999999999973,0.84
32049,238790,NCHQR,S,0.006897000000000004,0.84
32049,30062741,NCJCB,P,-0.027870000000000006,0.836
32049,30062741,NCCML,P,0.021697999999999995,0.928
32049,30062741,NCJHL,P,-0.018404000000000004,0.749
32049,30062741,NCHGS,P,-0.027026999999999995,0.832
32049,30062741,NCJEC,P,-0.01819800000000002,0.879
32049,30062741,NCCMJ,P,0.013669999999999988,0.764
32049,30062741,NCJBZ,P,-0.03095600000000001,0.829
32049,30062741,NCHCA,P,-0.02080800000000002,0.885
32049,30062741,NCHCR,P,-0.024929000000000007,0.789
32049,30062741,NCHFE,P,-0.02859500000000001,0.838
32049,30062741,NCCST,P,-0.0008750000000000147,0.789
32049,30062741,NCJBM,P,-0.0003569999999999962,0.753
32049,30062741,NCHJG,P,-0.026351000000000013,0.814
32049,30062741,NCHFP,P,-0.012779000000000013,0.765
32049,30062741,NCBVY,P,-0.015816999999999998,0.723
32049,30062741,NCCMH,S,0.011881000000000003,0.71
32049,30062741,NCCAO,S,-0.012397000000000019,0.76
32049,30062741,NCJST,S,-0.014041999999999999,0.8
32049,30062741,NCJCB,S,-0.033583,0.78
32049,30062741,NCCML,S,0.03254399999999999,0.88
32049,30062741,NCCAL,S,0.022707999999999992,0.78
32049,30062741,NCJAL,S,-0.010682999999999998,0.87
32049,30062741,NCHSP,S,-0.03032600000000002,0.79
32049,30062741,NCHGS,S,-0.034778,0.77
32049,30062741,NCJEC,S,-0.015494000000000008,0.74
32049,30062741,NCJLX,S,-0.0008849999999999969,0.71
32049,30062741,NCCDV,S,0.007819999999999994,0.88
32049,30062741,NCCCY,S,0.038158,0.79
32049,30069222,NCCMH,P,-0.0023919999999999983,0.836
32049,30069222,NCJST,P,-0.006587999999999997,0.804
32049,30069222,NCJCB,P,-0.0002479999999999982,0.796
32049,30069222,NCCML,P,0.017710999999999998,0.941
32049,30069222,NCCAL,P,0.0027399999999999994,0.862
32049,30069222,NCHSP,P,0.018244000000000003,0.781
32049,30069222,NCJHL,P,0.0014269999999999977,0.809
32049,30069222,NCHGS,P,0.008670999999999998,0.871
32049,30069222,NCJEC,P,0.006186000000000004,0.719
32049,30069222,NCHGW,P,0.021117999999999998,0.909
32049,30069222,NCCDV,P,-0.007216999999999998,0.943
32049,30069222,NCCMJ,P,0.007797999999999999,0.75
32049,30069222,NCJBZ,P,-0.007868,0.794
32049,30069222,NCJSG,P,0.016401,0.827
32049,30069222,NCCMR,P,0.008837999999999999,0.91
32049,30069222,NCCVA,P,0.0009860000000000008,0.83
32049,30069222,NCJSJ,P,0.0015280000000000016,0.802
32049,30069222,NCHCR,P,0.004305000000000003,0.757
32049,30069222,NCCMN,P,-0.0013139999999999957,0.718
32049,30069222,NCCST,P,0.0054449999999999985,0.815
32049,30069222,NCJBM,P,0.0016649999999999998,0.86
32049,30069222,NCCCY,P,0.018899,0.753
32049,30069222,NCJPPa,P,0.026857,0.741
32049,30069222,NCHJG,P,0.005470000000000003,0.776
32049,30069222,NCCLC,P,0.001682000000000003,0.712
32049,30069222,NCHFP,P,0.019167000000000003,0.839
32049,30069222,NCBVY,P,0.016352,0.808
32049,30069222,NCCMH,S,0.005798999999999999,0.76
32049,30069222,NCCAO,S,0.009370000000000003,0.88
32049,30069222,NCJST,S,-0.003841999999999998,0.87
32049,30069222,NCJCB,S,-0.002714000000000001,0.87
32049,30069222,NCCML,S,0.020085,0.91
32049,30069222,NCCAL,S,0.00024600000000000316,0.9
32049,30069222,NCJAL,S,0.0007030000000000022,0.79
32049,30069222,NCHSP,S,0.020062999999999998,0.83
32049,30069222,NCJHL,S,0.00716,0.73
32049,30069222,NCHGS,S,0.009703000000000003,0.83
32049,30069222,NCCDV,S,-0.003825999999999996,0.9
32049,30069222,NCCMJ,S,0.008767000000000004,0.84
32049,30069222,NCCMR,S,0.014643000000000003,0.83
32049,30069222,NCCVA,S,0.004652000000000003,0.93
32049,30069222,NCHCR,S,0.013072,0.71
32049,30069222,NCCMN,S,0.012212,0.73
32049,30069222,NCCST,S,0.012666999999999998,0.79
32049,30069222,NCCCY,S,0.017844,0.87
32049,30069222,NCHJG,S,0.008773000000000003,0.73
32049,30092060,NCCCOa,P,-0.010005999999999987,0.882
32049,30092060,NCCMH,P,0.0021740000000000093,0.934
32049,30092060,NCCAO,P,-0.001667999999999975,0.874
32049,30092060,NCJST,P,-0.005251999999999979,0.783
32049,30092060,NCJCB,P,-0.011492999999999975,0.914
32049,30092060,NCCML,P,0.014110000000000011,0.947
32049,30092060,NCCAL,P,0.0007300000000000084,0.969
32049,30092060,NCJAL,P,-0.007610999999999979,0.795
32049,30092060,NCHSP,P,0.005857000000000001,0.793
32049,30092060,NCJHL,P,-0.003776999999999975,0.849
32049,30092060,NCJEC,P,-0.00038799999999999946,0.764
32049,30092060,NCJLX,P,-0.0004899999999999904,0.906
32049,30092060,NCHGW,P,0.007757000000000014,0.957
32049,30092060,NCCDV,P,-0.011289999999999994,0.972
32049,30092060,NCCMJ,P,0.003134999999999999,0.868
32049,30092060,NCHCA,P,-0.008017999999999997,0.959
32049,30092060,NCJSG,P,0.010919000000000012,0.92
32049,30092060,NCJBC,P,-0.012854999999999978,0.768
32049,30092060,NCCVA,P,-0.00033199999999999896,0.92
32049,30092060,NCHCR,P,-0.006718000000000002,0.937
32049,30092060,NCCST,P,-0.0036459999999999826,0.88
32049,30092060,NCJBM,P,-0.002936999999999995,0.801
32049,30092060,NCCCY,P,0.013953000000000007,0.804
32049,30092060,NCHDLb,P,-0.009494999999999976,0.936
32049,30092060,NCHJG,P,-0.010327999999999976,0.923
32049,30092060,NCCMO,P,-0.0034169999999999756,0.707
32049,30092060,NCBVY,P,0.002137,0.873
32049,30092060,NCCCOa,S,-0.00998099999999999,0.93
32049,30092060,NCCMH,S,0.0033440000000000136,0.93
32049,30092060,NCCAO,S,-0.002610000000000001,0.88
32049,30092060,NCJST,S,-0.0013719999999999843,0.85
32049,30092060,NCJCB,S,-0.010390999999999984,0.98
32049,30092060,NCCML,S,0.01659400000000001,0.93
32049,30092060,NCCAL,S,0.003391000000000005,0.95
32049,30092060,NCJAL,S,-0.0019819999999999838,0.85
32049,30092060,NCHSP,S,0.0019930000000000225,0.94
32049,30092060,NCJHL,S,-0.0014249999999999818,0.87
32049,30092060,NCJEC,S,-0.0008469999999999867,0.79
32049,30092060,NCJLX,S,6.30000000000075e-05,0.94
32049,30092060,NCHGW,S,0.0061460000000000126,0.91
32049,30092060,NCCDV,S,-0.008711999999999998,0.97
32049,30092060,NCCMJ,S,0.005163000000000001,0.9
32049,30092060,NCHCA,S,-0.008661999999999975,0.9
32049,30092060,NCJSG,S,0.011755000000000015,0.84
32049,30092060,NCJBC,S,-0.010964999999999975,0.82
32049,30092060,NCCVA,S,0.0032170000000000254,0.96
32049,30092060,NCHCR,S,-0.00849999999999998,0.88
32049,30092060,NCHCB,S,-0.009047,0.72
32049,30092060,NCCST,S,-0.0012729999999999964,0.86
32049,30092060,NCCCY,S,0.01634400000000001,0.94
32049,30092060,NCHDLb,S,-0.009021000000000001,0.88
32049,35929,NCCML,P,0.004386999999999995,0.748
32049,35929,NCCMR,P,0.060830999999999996,0.872
32049,35929,NCHPL,P,0.148589,0.781
32049,389286,NCCCOa,P,-0.010365,0.892
32049,389286,NCCMH,P,-0.007150999999999998,0.933
32049,389286,NCCAO,P,-0.0033529999999999983,0.808
32049,389286,NCJST,P,-0.003376999999999998,0.856
32049,389286,NCJCB,P,-0.011661999999999999,0.906
32049,389286,NCJAL,P,-0.007088999999999998,0.769
32049,389286,NCHSP,P,0.006274000000000002,0.858
32049,389286,NCJHL,P,-0.0038569999999999993,0.87
32049,389286,NCHGS,P,-0.006839999999999999,0.923
32049,389286,NCJEC,P,-0.0009689999999999976,0.859
32049,389286,NCJLX,P,-0.0032890000000000003,0.826
32049,389286,NCHGW,P,0.010057000000000002,0.98
32049,389286,NCCDV,P,-0.017551999999999998,0.976
32049,389286,NCCMJ,P,-0.002994,0.892
32049,389286,NCHCA,P,0.0010020000000000029,0.867
32049,389286,NCJSG,P,0.007000000000000003,0.888
32049,389286,NCCMR,P,-0.0041509999999999984,0.917
32049,389286,NCCVA,P,-0.0065729999999999955,0.871
32049,389286,NCJSJ,P,-0.008544999999999997,0.906
32049,389286,NCHCR,P,-0.006041999999999999,0.92
32049,389286,NCHFE,P,-0.005505999999999997,0.836
32049,389286,NCCST,P,-0.007821000000000002,0.886
32049,389286,NCHPL,P,-0.005162,0.914
32049,389286,NCJBM,P,-0.008210000000000002,0.929
32049,389286,NCCCY,P,0.008269000000000002,0.917
32049,389286,NCHDLb,P,-0.009068,0.954
32049,389286,NCHJG,P,-0.010722999999999996,0.754
32049,389286,NCHFP,P,0.0027860000000000003,0.901
32049,389286,NCCCOa,S,-0.009965999999999996,0.94
32049,389286,NCCMH,S,-0.006420999999999996,0.95
32049,389286,NCCAO,S,-0.004416999999999997,0.82
32049,389286,NCJST,S,-0.0011399999999999987,0.9
32049,389286,NCJCB,S,-0.011958999999999997,0.96
32049,389286,NCJAL,S,-0.0026949999999999995,0.9
32049,389286,NCHSP,S,0.0060700000000000025,0.93
32049,389286,NCJHL,S,-0.0020610000000000003,0.88
32049,389286,NCHGS,S,-0.005325999999999997,0.93
32049,389286,NCJEC,S,-0.0003149999999999993,0.78
32049,389286,NCJLX,S,-0.00511,0.91
32049,389286,NCHGW,S,0.009145,0.97
32049,389286,NCCDV,S,-0.017143,0.97
32049,389286,NCCMJ,S,-0.0028939999999999973,0.95
32049,389286,NCHCA,S,0.005061000000000003,0.76
32049,389286,NCJSG,S,0.007932000000000002,0.9
32049,389286,NCCMR,S,-0.0030569999999999972,0.93
32049,389286,NCCVA,S,-0.0009619999999999976,0.93
32049,389286,NCJSJ,S,-0.008057000000000002,0.74
32049,389286,NCHCR,S,-0.006201999999999999,0.87
32049,389286,NCHFE,S,-0.004042999999999998,0.78
32049,389286,NCCST,S,-0.0057,0.78
32049,389286,NCJBM,S,-0.008205999999999998,0.92
32049,389286,NCCCY,S,0.006162000000000001,0.96
32049,389286,NCHDLb,S,-0.007630999999999999,0.9
32049,389286,NCCLC,S,-0.006399000000000002,0.75
32049,42555,NCCSC,P,-0.002556,0.868
32049,42555,NCJST,P,0.00017900000000000034,0.815
32049,42555,NCJCB,P,0.007103999999999999,0.711
32049,42555,NCCML,P,0.0026699999999999988,0.797
32049,42555,NCCAL,P,0.0008539999999999989,0.902
32049,42555,NCHSP,P,0.007685999999999998,0.758
32049,42555,NCCMM,P,0.005742999999999998,0.788
32049,42555,NCJHL,P,0.00020300000000000006,0.817
32049,42555,NCHGS,P,0.00689,0.883
32049,42555,NCJEC,P,0.0014149999999999996,0.74
32049,42555,NCHGW,P,0.006843999999999999,0.913
32049,42555,NCCDV,P,0.0034469999999999987,0.946
32049,42555,NCCMJ,P,0.002392,0.797
32049,42555,NCJBZ,P,0.0015799999999999998,0.743
32049,42555,NCHCA,P,0.006700999999999999,0.877
32049,42555,NCJSG,P,0.0026999999999999993,0.889
32049,42555,NCCMR,P,0.0059570000000000005,0.881
32049,42555,NCCVA,P,0.0025979999999999996,0.857
32049,42555,NCCMN,P,0.001216,0.847
32049,42555,NCCST,P,0.007217999999999999,0.879
32049,42555,NCHPL,P,0.009607000000000001,0.923
32049,42555,NCJBM,P,0.0034209999999999987,0.79
32049,42555,NCHFH,P,0.010276,0.832
32049,42555,NCHKR,P,0.007737999999999998,0.798
32049,42555,NCHDLb,P,0.008232,0.882
32049,42555,NCHJG,P,0.009465999999999999,0.843
32049,42555,NCCLC,P,0.006901000000000001,0.779
32049,42555,NCCMH,S,0.002059,0.77
32049,42555,NCCAO,S,0.009019,0.89
32049,42555,NCJST,S,-0.0009189999999999997,0.87
32049,42555,NCJCB,S,0.0023829999999999997,0.87
32049,42555,NCCML,S,0.009866,0.75
32049,42555,NCCAL,S,-0.0008190000000000003,0.9
32049,42555,NCJAL,S,-0.0013680000000000012,0.82
32049,42555,NCHSP,S,0.009163000000000001,0.81
32049,42555,NCCMM,S,0.011855000000000001,0.85
32049,42555,NCHGS,S,0.007449999999999998,0.86
32049,42555,NCJEC,S,0.0024659999999999994,0.78
32049,42555,NCCDV,S,0.006228999999999998,0.91
32049,42555,NCCMJ,S,0.003001,0.78
32049,42555,NCHCA,S,0.010535,0.88
32049,42555,NCCMR,S,0.012320999999999999,0.82
32049,42555,NCCVA,S,0.003917,0.91
32049,42555,NCCMN,S,0.016045,0.74
32049,42555,NCHPL,S,0.014474999999999998,0.84
32049,42555,NCCCY,S,0.005020999999999999,0.83
32049,42555,NCHFH,S,0.012642999999999998,0.74
32049,42555,NCHKR,S,0.011637999999999999,0.8
32049,42555,NCHDLb,S,0.009759,0.76
32049,42555,NCHJG,S,0.011956999999999999,0.73
32049,42559,NCCSC,P,0.003470000000000001,0.78
32049,42559,NCJCB,P,-0.015707,0.735
32049,42559,NCCML,P,0.011841,0.949
32049,42559,NCCMM,P,0.0026499999999999996,0.719
32049,42559,NCHGS,P,-0.02086,0.877
32049,42559,NCJEC,P,-0.016236,0.817
32049,42559,NCHGW,P,-0.019263,0.935
32049,42559,NCCDV,P,0.013432000000000003,0.928
32049,42559,NCHCA,P,-0.020055,0.911
32049,42559,NCJSG,P,0.008825999999999997,0.91
32049,42559,NCCMR,P,0.012612000000000002,0.905
32049,42559,NCCVA,P,0.016196,0.821
32049,42559,NCHPR,P,-0.017717,0.762
32049,42559,NCCMN,P,0.011723,0.822
32049,42559,NCHCR,P,-0.019284,0.775
32049,42559,NCHPL,P,-0.017721,0.916
32049,42559,NCJBM,P,0.008856,0.866
32049,42559,NCHFH,P,-0.018893,0.719
32049,42559,NCHKR,P,-0.020547,0.862
32049,42559,NCHDLb,P,-0.015641000000000002,0.815
32049,42559,NCHJG,P,-0.016907,0.827
32049,42559,NCHFP,P,-0.013321,0.709
32049,42559,NCHQR,P,-0.010306,0.768
32049,42559,NCJST,S,-0.004501999999999999,0.76
32049,42559,NCJCB,S,-0.026616,0.83
32049,42559,NCCML,S,0.027226000000000004,0.86
32049,42559,NCCAL,S,0.028265000000000002,0.73
32049,42559,NCJAL,S,-0.010046,0.82
32049,42559,NCCMM,S,0.010034999999999999,0.86
32049,42559,NCHGS,S,-0.028962,0.85
32049,42559,NCJEC,S,-0.013932,0.8
32049,42559,NCCDV,S,0.026113,0.91
32049,42559,NCHCA,S,-0.025142,0.76
32049,42559,NCCMR,S,0.031037,0.76
32049,42559,NCJBC,S,0.013347000000000001,0.84
32049,42559,NCCVA,S,0.038092,0.94
32049,42559,NCHPR,S,-0.011561,0.71
32049,42559,NCCMN,S,0.03908400000000001,0.8
32049,42559,NCCVL,S,0.038498000000000004,0.76
32049,42559,NCHPL,S,-0.023314,0.82
32049,42559,NCCCY,S,0.04159600000000001,0.88
32049,42643,NCCSC,P,0.0018889999999999948,0.833
32049,42643,NCCMH,P,0.007602999999999999,0.824
32049,42643,NCJST,P,-0.0026730000000000018,0.704
32049,42643,NCJCB,P,-0.0071389999999999995,0.799
32049,42643,NCCML,P,0.0030989999999999976,0.803
32049,42643,NCCAL,P,0.004289999999999995,0.815
32049,42643,NCJAL,P,-0.008619000000000002,0.768
32049,42643,NCHSP,P,-0.008197000000000003,0.773
32049,42643,NCCMM,P,-0.0008319999999999994,0.769
32049,42643,NCJHL,P,-0.006908000000000004,0.764
32049,42643,NCHGS,P,-0.009879000000000006,0.937
32049,42643,NCJEC,P,-0.008333,0.816
32049,42643,NCHGW,P,-0.008496000000000004,0.966
32049,42643,NCCDV,P,0.004115000000000001,0.951
32049,42643,NCJBZ,P,-0.007813,0.843
32049,42643,NCHCA,P,-0.009303000000000006,0.96
32049,42643,NCJSG,P,0.0029700000000000004,0.91
32049,42643,NCCMR,P,0.003372999999999994,0.868
32049,42643,NCJBC,P,-0.0015240000000000045,0.825
32049,42643,NCHPR,P,-0.007265000000000001,0.82
32049,42643,NCCVA,P,0.004961999999999994,0.858
32049,42643,NCHCR,P,-0.008167,0.921
32049,42643,NCCMN,P,-0.00017400000000000054,0.85
32049,42643,NCCST,P,0.0008400000000000005,0.88
32049,42643,NCHPL,P,-0.008560000000000005,0.952
32049,42643,NCJBM,P,0.0029569999999999944,0.864
32049,42643,NCCCY,P,0.006737999999999994,0.762
32049,42643,NCHFH,P,-0.007829000000000003,0.845
32049,42643,NCHKR,P,-0.009883000000000003,0.868
32049,42643,NCHDLb,P,-0.007109000000000004,0.908
32049,42643,NCHJG,P,-0.007300000000000001,0.882
32049,42643,NCCLC,P,0.004119999999999999,0.743
32049,42643,NCHFP,P,-0.006941000000000003,0.822
32049,42643,NCBVY,P,-0.007945,0.874
32049,42643,NCHQR,P,-0.008121000000000003,0.824
32049,42643,NCCCOa,S,-0.009715000000000001,0.82
32049,42643,NCCSC,S,0.0006059999999999954,0.78
32049,42643,NCCMH,S,0.007108999999999997,0.84
32049,42643,NCCAO,S,-0.0010350000000000012,0.87
32049,42643,NCJST,S,-0.0019660000000000025,0.77
32049,42643,NCJCB,S,-0.010775000000000003,0.82
32049,42643,NCCML,S,0.007614999999999997,0.94
32049,42643,NCCAL,S,0.010570999999999997,0.84
32049,42643,NCJAL,S,-0.004681000000000005,0.86
32049,42643,NCHSP,S,-0.014291000000000002,0.77
32049,42643,NCCMM,S,0.0020499999999999963,0.87
32049,42643,NCJHL,S,-0.004658000000000002,0.83
32049,42643,NCHGS,S,-0.013802000000000002,0.93
32049,42643,NCJEC,S,-0.006183000000000001,0.85
32049,42643,NCHGW,S,-0.013088000000000002,0.89
32049,42643,NCCDV,S,0.008135999999999997,0.97
32049,42643,NCCMJ,S,0.0074730000000000005,0.89
32049,42643,NCJBZ,S,-0.007425000000000001,0.8
32049,42643,NCHCA,S,-0.012776000000000003,0.93
32049,42643,NCJSG,S,0.002340999999999996,0.88
32049,42643,NCCMR,S,0.007078999999999995,0.9
32049,42643,NCJBC,S,-0.0005110000000000045,0.92
32049,42643,NCHPR,S,-0.009962000000000006,0.86
32049,42643,NCCVA,S,0.008063999999999995,0.96
32049,42643,NCJPL,S,-0.007408000000000005,0.8
32049,42643,NCHCR,S,-0.013415000000000003,0.74
32049,42643,NCCMN,S,0.012757999999999999,0.83
32049,42643,NCCVL,S,0.005384999999999994,0.83
32049,42643,NCHPL,S,-0.013357000000000004,0.89
32049,42643,NCCCY,S,0.010041999999999995,0.94
32049,42643,NCHFH,S,-0.010611000000000002,0.8
32049,42643,NCHKR,S,-0.015056000000000003,0.8
32049,42643,NCHDLb,S,-0.008976000000000005,0.89
32049,42643,NCHJG,S,-0.010049000000000002,0.89
32049,42643,NCCLC,S,0.006647999999999994,0.77
32049,42643,NCHFP,S,-0.009896000000000002,0.9
32049,42643,NCBVY,S,-0.009975000000000005,0.8
32049,42643,NCHQR,S,-0.011194000000000003,0.84
32049,478138,NCCML,P,0.04369000000000001,0.926
32049,478138,NCCAL,P,0.032706,0.727
32049,478138,NCCDV,P,0.019176,0.919
32049,478138,NCCMJ,P,0.036389000000000005,0.782
32049,478138,NCHCA,P,-0.0020030000000000048,0.928
32049,478138,NCCMR,P,0.02296999999999999,0.915
32049,478138,NCCVA,P,0.033309000000000005,0.823
32049,478138,NCHCR,P,0.0009599999999999886,0.876
32049,478138,NCHFE,P,-0.00022700000000000498,0.831
32049,478138,NCJBM,P,0.023756,0.814
32049,478138,NCJPPa,P,0.043297,0.748
32049,478138,NCCAO,S,0.011053000000000007,0.75
32049,478138,NCJST,S,0.015666000000000013,0.75
32049,478138,NCCML,S,0.058514,0.9
32049,478138,NCCAL,S,0.045073,0.8
32049,478138,NCJAL,S,0.012180999999999997,0.85
32049,478138,NCHSP,S,-0.007376999999999995,0.71
32049,478138,NCJLX,S,0.026024999999999993,0.75
32049,478138,NCCDV,S,0.032627,0.91
32049,478138,NCHCA,S,-0.013659000000000004,0.76
32049,478138,NCCMR,S,0.03865299999999999,0.85
32049,478138,NCJBC,S,0.01863200000000001,0.83
32049,478138,NCCVA,S,0.046679,0.94
32049,478138,NCCCY,S,0.062998,0.86
32049,483500,NCCVA,P,0.06449400000000001,0.705
32049,483500,NCCMN,P,0.058490000000000014,0.727
32049,529274,NCCMH,P,0.014368999999999993,0.859
32049,529274,NCCAO,P,0.010975999999999986,0.885
32049,529274,NCJST,P,0.009907,0.954
32049,529274,NCCML,P,0.027754999999999988,0.974
32049,529274,NCCAL,P,0.016538999999999998,0.891
32049,529274,NCJAL,P,0.009890999999999983,0.863
32049,529274,NCHSP,P,0.017258999999999997,0.881
32049,529274,NCJHL,P,0.00936099999999998,0.877
32049,529274,NCJEC,P,0.01737999999999998,0.882
32049,529274,NCJLX,P,0.011281999999999986,0.931
32049,529274,NCCDV,P,0.001802999999999999,0.977
32049,529274,NCJBZ,P,0.0037519999999999776,0.856
32049,529274,NCHCA,P,0.0067789999999999795,0.868
32049,529274,NCJBC,P,0.004026000000000002,0.794
32049,529274,NCCVA,P,0.013554999999999984,0.822
32049,529274,NCJSJ,P,0.010454999999999992,0.915
32049,529274,NCHCR,P,0.009605000000000002,0.896
32049,529274,NCCMN,P,0.0064459999999999795,0.779
32049,529274,NCJBM,P,0.010392999999999986,0.931
32049,529274,NCCCY,P,0.02869999999999999,0.865
32049,529274,NCJPPa,P,0.03136799999999999,0.765
32049,529274,NCHFP,P,0.016885999999999984,0.903
32049,529274,NCCMH,S,0.016027999999999987,0.9
32049,529274,NCCAO,S,0.009223999999999982,0.84
32049,529274,NCJST,S,0.014693999999999985,0.93
32049,529274,NCCML,S,0.030278999999999986,0.95
32049,529274,NCCAL,S,0.020622,0.97
32049,529274,NCJAL,S,0.012928999999999996,0.92
32049,529274,NCHSP,S,0.012763999999999998,0.92
32049,529274,NCJHL,S,0.012999999999999984,0.85
32049,529274,NCJEC,S,0.014725999999999989,0.79
32049,529274,NCCDV,S,0.005117999999999984,0.94
32049,529274,NCJBZ,S,0.005650999999999989,0.76
32049,529274,NCHCA,S,0.006431999999999993,0.82
32049,529274,NCJBC,S,0.009336999999999984,0.9
32049,529274,NCCVA,S,0.015906000000000003,0.93
32049,529274,NCJPL,S,0.011681999999999998,0.81
32049,529274,NCJSJ,S,0.011846999999999996,0.75
32049,529274,NCHCR,S,0.009505999999999987,0.82
32049,529274,NCCMN,S,0.020771999999999985,0.8
32049,529274,NCJBM,S,0.010848999999999998,0.86
32049,529274,NCCCY,S,0.030051999999999995,0.96
32049,529274,NCCLC,S,0.013186000000000003,0.71
32049,529274,NCHFP,S,0.01618899999999998,0.85
32049,54084,NCCSC,P,0.0008839999999999994,0.921
32049,54084,NCJST,P,-0.009015999999999996,0.819
32049,54084,NCJCB,P,-0.018594,0.816
32049,54084,NCCAL,P,0.012927000000000001,0.774
32049,54084,NCJHL,P,-0.011632999999999998,0.715
32049,54084,NCHGS,P,-0.026027,0.848
32049,54084,NCJLX,P,-0.000612999999999999,0.717
32049,54084,NCHGW,P,-0.022260000000000002,0.933
32049,54084,NCCDV,P,0.011826,0.944
32049,54084,NCCMJ,P,0.013778,0.812
32049,54084,NCJBZ,P,-0.022553999999999998,0.802
32049,54084,NCHCA,P,-0.02456,0.837
32049,54084,NCJSG,P,0.007183999999999999,0.851
32049,54084,NCCMR,P,0.011143,0.966
32049,54084,NCCMN,P,0.009079,0.795
32049,54084,NCCST,P,0.003873999999999999,0.867
32049,54084,NCJBM,P,0.006395000000000001,0.793
32049,54084,NCHDLb,P,-0.017931999999999997,0.855
32049,54084,NCBVY,P,-0.018862999999999998,0.787
32049,54084,NCCSC,S,-0.00042100000000000123,0.76
32049,54084,NCCAO,S,-0.007632,0.77
32049,54084,NCJST,S,-0.006374000000000001,0.9
32049,54084,NCJCB,S,-0.028398,0.86
32049,54084,NCCAL,S,0.028541,0.84
32049,54084,NCJAL,S,-0.009695999999999996,0.88
32049,54084,NCJHL,S,-0.006946000000000001,0.72
32049,54084,NCHGS,S,-0.034326,0.84
32049,54084,NCJLX,S,0.007427,0.81
32049,54084,NCCDV,S,0.023692,0.93
32049,54084,NCHCA,S,-0.037224,0.75
32049,54084,NCCMR,S,0.028302,0.78
32049,54084,NCJBC,S,0.0035920000000000014,0.71
32049,54084,NCCMN,S,0.024416,0.75
32049,54084,NCCVL,S,0.021397,0.76
32049,54084,NCCST,S,0.010819,0.72
32049,54084,NCCCY,S,0.030625,0.85
32049,62514,NCCCOa,P,0.0005680000000000008,0.919
32049,62514,NCCSC,P,0.0018220000000000007,0.964
32049,62514,NCCMH,P,0.0009370000000000003,0.981
32049,62514,NCCAO,P,0.0018460000000000004,0.89
32049,62514,NCJST,P,0.0016970000000000006,0.947
32049,62514,NCJCB,P,0.0006560000000000003,0.981
32049,62514,NCCAL,P,0.001980000000000001,0.95
32049,62514,NCJAL,P,0.0005510000000000011,0.943
32049,62514,NCHSP,P,0.00247,0.902
32049,62514,NCJHL,P,0.0030690000000000005,0.899
32049,62514,NCJEC,P,0.013576000000000001,0.837
32049,62514,NCJLX,P,0.002936000000000001,0.859
32049,62514,NCHGW,P,-0.00011999999999999858,0.986
32049,62514,NCJBZ,P,-0.0068569999999999985,0.857
32049,62514,NCHCA,P,-0.00024799999999999996,0.978
32049,62514,NCJSG,P,0.0020750000000000005,0.955
32049,62514,NCCMR,P,0.001275,0.981
32049,62514,NCJBC,P,0.0008650000000000012,0.911
32049,62514,NCHPR,P,-0.002539999999999999,0.917
32049,62514,NCJSJ,P,0.00024900000000000096,0.966
32049,62514,NCHCR,P,0.0017240000000000016,0.955
32049,62514,NCCMN,P,-0.002685,0.84
32049,62514,NCHFE,P,-0.006447999999999999,0.868
32049,62514,NCHPL,P,-0.0007959999999999998,0.931
32049,62514,NCJBM,P,0.0005910000000000012,0.965
32049,62514,NCCCY,P,0.001484000000000001,0.892
32049,62514,NCJPPa,P,0.019017,0.946
32049,62514,NCHDLb,P,0.001066000000000001,0.925
32049,62514,NCHSFb,P,0.00019000000000000093,0.744
32049,62514,NCHJG,P,-6.999999999999888e-05,0.886
32049,62514,NCCMO,P,-0.00029299999999999986,0.75
32049,62514,NCCLC,P,0.002765,0.749
32049,62514,NCHFP,P,0.0006870000000000001,0.961
32049,62514,NCBVY,P,0.000784,0.94
32049,62514,NCHQR,P,0.0008840000000000011,0.813
32049,62514,NCCCOa,S,0.0008680000000000007,0.94
32049,62514,NCCSC,S,0.0021790000000000004,0.97
32049,62514,NCCMH,S,0.0009300000000000003,0.99
32049,62514,NCCAO,S,0.0022170000000000002,0.94
32049,62514,NCJST,S,0.001131,0.96
32049,62514,NCJCB,S,8.800000000000127e-05,0.99
32049,62514,NCCAL,S,0.0016830000000000005,0.98
32049,62514,NCJAL,S,0.0017150000000000012,0.97
32049,62514,NCHSP,S,0.0029300000000000003,0.93
32049,62514,NCJHL,S,0.0031620000000000016,0.92
32049,62514,NCJEC,S,0.015946000000000002,0.86
32049,62514,NCJLX,S,0.0020430000000000014,0.94
32049,62514,NCHGW,S,-0.0009639999999999996,0.97
32049,62514,NCCDV,S,-0.0003509999999999989,0.99
32049,62514,NCJBZ,S,-0.007438,0.79
32049,62514,NCHCA,S,-0.0003889999999999987,0.93
32049,62514,NCJSG,S,0.001498000000000001,0.9
32049,62514,NCCMR,S,0.0013120000000000007,0.95
32049,62514,NCJBC,S,0.0020950000000000014,0.96
32049,62514,NCHPR,S,-0.0023889999999999988,0.9
32049,62514,NCJPL,S,0.007640000000000001,0.8
32049,62514,NCHCR,S,0.0008920000000000004,0.96
32049,62514,NCCMN,S,0.007976,0.83
32049,62514,NCHFE,S,-0.005979999999999999,0.8
32049,62514,NCHPL,S,0.0009750000000000002,0.83
32049,62514,NCJBM,S,0.0010960000000000015,0.94
32049,62514,NCCCY,S,0.000726000000000001,0.97
32049,62514,NCHFH,S,-0.0008739999999999998,0.91
32049,62514,NCJPPa,S,0.019153000000000003,0.79
32049,62514,NCHDLb,S,0.0007860000000000002,0.88
32049,62514,NCHSFb,S,0.0026580000000000006,0.73
32049,62514,NCCLC,S,0.004837000000000001,0.71
32049,62514,NCBVY,S,0.0015650000000000004,0.82
32049,62514,NCHQR,S,0.0021950000000000008,0.83
32049,62520,NCCSC,P,0.0013139999999999957,0.931
32049,62520,NCCMH,P,0.00027199999999999447,0.869
32049,62520,NCJST,P,0.00402799999999999,0.775
32049,62520,NCJCB,P,0.009464,0.756
32049,62520,NCCAL,P,0.007539999999999991,0.833
32049,62520,NCHSP,P,0.011218999999999993,0.835
32049,62520,NCJHL,P,0.006663000000000002,0.724
32049,62520,NCJLX,P,0.009916999999999995,0.734
32049,62520,NCHGW,P,0.008097999999999994,0.923
32049,62520,NCCMJ,P,0.008391999999999997,0.806
32049,62520,NCHCA,P,0.0075799999999999895,0.879
32049,62520,NCJSG,P,0.008691999999999991,0.925
32049,62520,NCCMR,P,0.010645999999999996,0.964
32049,62520,NCHPR,P,0.0030939999999999995,0.814
32049,62520,NCJSJ,P,0.008383000000000002,0.739
32049,62520,NCHCR,P,0.00963499999999999,0.752
32049,62520,NCCMN,P,0.006607999999999989,0.821
32049,62520,NCHFE,P,0.0008709999999999968,0.726
32049,62520,NCHPL,P,0.010962999999999994,0.919
32049,62520,NCJBM,P,0.007974999999999996,0.819
32049,62520,NCCCY,P,0.009201,0.706
32049,62520,NCHFH,P,0.011862999999999999,0.792
32049,62520,NCJPPa,P,0.026926,0.862
32049,62520,NCBVY,P,0.011085999999999999,0.861
32049,62520,NCCSC,S,-0.0012720000000000092,0.71
32049,62520,NCCMH,S,0.006847999999999993,0.74
32049,62520,NCCAO,S,0.012288999999999994,0.87
32049,62520,NCJST,S,0.002361000000000002,0.92
32049,62520,NCJCB,S,0.005837999999999996,0.84
32049,62520,NCCAL,S,0.0062429999999999986,0.87
32049,62520,NCJAL,S,0.00449999999999999,0.79
32049,62520,NCHSP,S,0.013480999999999993,0.76
32049,62520,NCJHL,S,0.010514999999999997,0.71
32049,62520,NCJLX,S,0.01006399999999999,0.78
32049,62520,NCCDV,S,0.009723999999999997,0.93
32049,62520,NCCMJ,S,0.009808999999999998,0.82
32049,62520,NCHCA,S,0.011678999999999995,0.87
32049,62520,NCJSG,S,0.008393999999999999,0.74
32049,62520,NCCMR,S,0.017845999999999994,0.84
32049,62520,NCJBC,S,0.011900999999999995,0.87
32049,62520,NCHPR,S,0.010820999999999997,0.77
32049,62520,NCHCR,S,0.019206999999999995,0.71
32049,62520,NCCMN,S,0.018286999999999998,0.78
32049,62520,NCCVL,S,0.011190999999999993,0.78
32049,62520,NCHPL,S,0.011656999999999994,0.72
32049,62520,NCJBM,S,0.011576999999999997,0.71
32049,62520,NCCCY,S,0.009927999999999992,0.86
32049,62520,NCHFH,S,0.017381999999999995,0.79
32049,62520,NCBVY,S,0.017900999999999993,0.74
32049,62520,NCHQR,S,0.013324999999999997,0.78
32049,77218,NCCSC,P,0.009459,0.846
32049,77218,NCJCB,P,-0.011794999999999998,0.841
32049,77218,NCCML,P,0.017023,0.933
32049,77218,NCCAL,P,0.020242,0.729
32049,77218,NCJEC,P,0.001647000000000001,0.886
32049,77218,NCCDV,P,0.014816,0.924
32049,77218,NCJSG,P,0.013621,0.86
32049,77218,NCCMR,P,0.017882000000000002,0.896
32049,77218,NCJBC,P,0.0018349999999999998,0.729
32049,77218,NCHPR,P,-0.01274,0.906
32049,77218,NCJSJ,P,0.012345,0.763
32049,77218,NCHCR,P,-0.016183000000000003,0.84
32049,77218,NCCMN,P,0.015498,0.793
32049,77218,NCHFE,P,-0.022475000000000002,0.779
32049,77218,NCCST,P,-0.0021530000000000004,0.886
32049,77218,NCHPL,P,-0.016017999999999998,0.919
32049,77218,NCHCOb,P,-0.00019899999999999952,0.714
32049,77218,NCHDLb,P,-0.009935000000000001,0.907
32049,77218,NCHJG,P,-0.013380999999999999,0.795
32049,77218,NCCLC,P,0.017909,0.705
32049,77218,NCBVY,P,-0.012599999999999998,0.83
32049,77218,NCCAO,S,0.0005420000000000008,0.73
32049,77218,NCJST,S,-4.49999999999999e-05,0.77
32049,77218,NCJCB,S,-0.024282000000000005,0.82
32049,77218,NCCML,S,0.029513,0.89
32049,77218,NCCAL,S,0.033323,0.74
32049,77218,NCHSP,S,-0.027986000000000004,0.71
32049,77218,NCJEC,S,0.0011219999999999997,0.82
32049,77218,NCCDV,S,0.02792,0.92
32049,77218,NCJBC,S,0.008967,0.88
32049,77218,NCHPR,S,-0.019373,0.75
32049,77218,NCCMN,S,0.033592,0.77
32049,77218,NCCST,S,0.004113,0.73
32049,77218,NCHPL,S,-0.033247,0.79
32049,77218,NCCCY,S,0.037395,0.86
35929,101659,NCCCOa,P,-0.010509999999999999,0.794
35929,101659,NCCSC,P,-0.002348999999999997,0.877
35929,101659,NCCAO,P,-0.003255000000000001,0.724
35929,101659,NCCADa,P,-0.029792,0.789
35929,101659,NCJCB,P,-0.010591,0.824
35929,101659,NCCML,P,0.0003140000000000018,0.884
35929,101659,NCJAL,P,-0.021012,0.821
35929,101659,NCCAL,P,0.0034280000000000005,0.756
35929,101659,NCHSP,P,-0.009881999999999998,0.819
35929,101659,NCJRR,P,-0.013388999999999998,0.778
35929,101659,NCJEC,P,0.0025179999999999994,0.772
35929,101659,NCJLX,P,-0.002598999999999997,0.76
35929,101659,NCHGW,P,-0.019098999999999998,0.764
35929,101659,NCCDV,P,-0.000675999999999996,0.903
35929,101659,NCCMP,P,-0.007151999999999999,0.811
35929,101659,NCJBZ,P,-0.016845,0.8
35929,101659,NCCMR,P,-0.0012519999999999962,0.772
35929,101659,NCJBC,P,-0.008584999999999999,0.772
35929,101659,NCHPR,P,-0.011448,0.86
35929,101659,NCHCR,P,-0.012688999999999999,0.909
35929,101659,NCCVA,P,0.0026470000000000035,0.806
35929,101659,NCCMN,P,0.0017759999999999998,0.918
35929,101659,NCHCB,P,-0.015604999999999997,0.807
35929,101659,NCJSC,P,-0.001119000000000002,0.906
35929,101659,NCHFE,P,-0.018633,0.73
35929,101659,NCCST,P,-0.015092999999999999,0.885
35929,101659,NCHPL,P,-0.018455,0.948
35929,101659,NCJBM,P,-0.0012220000000000009,0.912
35929,101659,NCHCOb,P,0.00014100000000000223,0.852
35929,101659,NCHAZ,P,-0.013134,0.829
35929,101659,NCJSFa,P,-0.0009969999999999979,0.93
35929,101659,NCCPL,P,0.0019390000000000032,0.721
35929,101659,NCHFH,P,-0.013815999999999998,0.731
35929,101659,NCCCY,P,0.002383000000000003,0.815
35929,101659,NCJLT,P,-0.0015599999999999989,0.885
35929,101659,NCHBT,P,-0.012308,0.846
35929,101659,NCHDLb,P,-0.011366999999999999,0.949
35929,101659,NCHSFb,P,-0.016089,0.8
35929,101659,NCHFP,P,-0.011437,0.917
35929,101659,NCCLC,P,0.0031880000000000033,0.794
35929,101659,NCBVY,P,-0.013033,0.923
35929,101659,NCHQR,P,-0.013096,0.871
35929,101659,NCCSC,S,-0.0005889999999999992,0.78
35929,101659,NCCAO,S,-0.004418999999999999,0.74
35929,101659,NCCADa,S,-0.032006,0.81
35929,101659,NCJST,S,-0.008086,0.79
35929,101659,NCJCB,S,-0.013759,0.76
35929,101659,NCCML,S,0.007121000000000002,0.93
35929,101659,NCJAL,S,-0.021057,0.84
35929,101659,NCCAL,S,0.009571000000000003,0.8
35929,101659,NCHSP,S,-0.012874999999999998,0.82
35929,101659,NCJRR,S,-0.011768,0.81
35929,101659,NCJSS,S,-0.0070779999999999975,0.84
35929,101659,NCHGS,S,-0.017868,0.83
35929,101659,NCJEC,S,0.0009279999999999983,0.81
35929,101659,NCJLX,S,0.00019700000000000273,0.92
35929,101659,NCHGW,S,-0.021145999999999998,0.8
35929,101659,NCCDV,S,0.007113000000000001,0.9
35929,101659,NCCMP,S,-0.010095999999999997,0.9
35929,101659,NCCMJ,S,0.008030000000000002,0.89
35929,101659,NCJBZ,S,-0.014398999999999999,0.8
35929,101659,NCCMR,S,0.0038559999999999983,0.91
35929,101659,NCJBC,S,-0.007709999999999998,0.71
35929,101659,NCHPR,S,-0.010585999999999998,0.89
35929,101659,NCHCR,S,-0.012738,0.83
35929,101659,NCCVA,S,0.007532999999999998,0.91
35929,101659,NCCMN,S,0.004945999999999999,0.89
35929,101659,NCHCB,S,-0.016707,0.82
35929,101659,NCJSC,S,-0.0018740000000000007,0.84
35929,101659,NCCST,S,-0.014284999999999999,0.84
35929,101659,NCHPL,S,-0.017995999999999998,0.82
35929,101659,NCJBM,S,-0.001004999999999999,0.74
35929,101659,NCJSFa,S,-0.00035500000000000115,0.77
35929,101659,NCCPL,S,0.003848000000000004,0.71
35929,101659,NCCCY,S,0.009592000000000003,0.9
35929,101659,NCJLT,S,-0.0007949999999999971,0.91
35929,101659,NCHLT,S,-0.020641,0.75
35929,101659,NCHFP,S,-0.015178,0.8
35929,101659,NCBSL,S,-0.030168,0.9
35929,101659,NCBVY,S,-0.013814,0.84
35929,101659,NCHQR,S,-0.012087,0.91
35929,114006,NCCML,P,-0.05026,0.802
35929,114006,NCHGW,P,0.009788999999999996,0.802
35929,114006,NCCDV,P,-0.051226,0.741
35929,114006,NCJBZ,P,-0.013923000000000001,0.769
35929,114006,NCHCA,P,0.018774999999999997,0.721
35929,114006,NCJSG,P,-0.040208,0.718
35929,114006,NCHCR,P,0.018636999999999997,0.735
35929,114006,NCJSC,P,-0.049467,0.75
35929,114006,NCCST,P,-0.050976,0.704
35929,114006,NCHCOb,P,0.027142999999999997,0.76
35929,114006,NCJLT,P,-0.043217000000000005,0.845
35929,114006,NCHDLb,P,0.013742,0.787
35929,114006,NCHSFb,P,0.024064,0.765
35929,114006,NCCMO,P,-0.04786,0.876
35929,114006,NCCLC,P,-0.050333,0.823
35929,114006,NCBVY,P,0.018639,0.779
35929,114006,NCCML,S,-0.063662,0.8
35929,114006,NCCAL,S,-0.084773,0.73
35929,114006,NCJSS,S,-0.021784,0.78
35929,114006,NCCMP,S,0.019898999999999997,0.82
35929,114006,NCCVA,S,-0.070726,0.8
35929,154124,NCCSC,P,-0.005417,0.779
35929,154124,NCCMH,P,-0.0015310000000000002,0.761
35929,154124,NCCADa,P,-0.020679,0.787
35929,154124,NCCML,P,0.008845,0.903
35929,154124,NCCAL,P,1.5000000000000256e-05,0.824
35929,154124,NCJRR,P,-0.022203,0.787
35929,154124,NCJSS,P,-0.011571999999999999,0.738
35929,154124,NCHGS,P,-0.020466,0.87
35929,154124,NCJEC,P,-0.011911,0.878
35929,154124,NCJLX,P,-0.010905999999999999,0.751
35929,154124,NCHGW,P,-0.006462000000000001,0.868
35929,154124,NCCDV,P,-0.0019060000000000001,0.902
35929,154124,NCCMJ,P,-0.00040799999999999994,0.88
35929,154124,NCCMP,P,-0.006103,0.824
35929,154124,NCJBZ,P,-0.024218,0.773
35929,154124,NCHCA,P,-0.022408,0.972
35929,154124,NCJSG,P,0.006272999999999999,0.826
35929,154124,NCHPR,P,-0.017895,0.853
35929,154124,NCHCR,P,-0.019794,0.945
35929,154124,NCCVA,P,0.0015079999999999998,0.886
35929,154124,NCJSC,P,0.005703,0.779
35929,154124,NCHFE,P,-0.019749,0.828
35929,154124,NCCST,P,-0.006500000000000001,0.778
35929,154124,NCJBM,P,-0.010527,0.713
35929,154124,NCHAZ,P,-0.01855,0.849
35929,154124,NCHFH,P,-0.004505,0.766
35929,154124,NCJBLb,P,-0.010024,0.782
35929,154124,NCHDLb,P,-0.018059,0.936
35929,154124,NCJHP,P,-0.00116,0.878
35929,154124,NCCMO,P,-0.010589000000000001,0.845
35929,154124,NCCLC,P,-0.0037040000000000003,0.715
35929,154124,NCHFP,P,-0.011052,0.972
35929,154124,NCBVY,P,-0.010862,0.97
35929,154124,NCHQR,P,-0.003405,0.83
35929,154124,NCCSC,S,-0.005246,0.71
35929,154124,NCCADa,S,-0.028877,0.75
35929,154124,NCJST,S,-0.011741999999999999,0.81
35929,154124,NCJCB,S,-0.027884,0.72
35929,154124,NCCML,S,0.012351,0.87
35929,154124,NCCAL,S,0.0057870000000000005,0.87
35929,154124,NCJAL,S,-0.013544,0.8
35929,154124,NCHSP,S,-0.014117,0.79
35929,154124,NCJHL,S,-0.018353,0.78
35929,154124,NCJRR,S,-0.026691,0.73
35929,154124,NCJSS,S,-0.01217,0.86
35929,154124,NCHGS,S,-0.023387,0.85
35929,154124,NCJEC,S,-0.019141,0.77
35929,154124,NCJLX,S,-0.008347,0.89
35929,154124,NCHGW,S,-0.008320000000000001,0.85
35929,154124,NCCDV,S,0.00502,0.83
35929,154124,NCCMJ,S,0.002168,0.86
35929,154124,NCCMP,S,-0.008286,0.89
35929,154124,NCHCA,S,-0.023772,0.91
35929,154124,NCJSG,S,0.0007039999999999998,0.87
35929,154124,NCHPR,S,-0.022546,0.89
35929,154124,NCHCR,S,-0.022523,0.84
35929,154124,NCCVA,S,0.0049700000000000005,0.89
35929,154124,NCJSC,S,0.0016499999999999996,0.83
35929,154124,NCHFE,S,-0.021692,0.71
35929,154124,NCCST,S,-0.007455,0.85
35929,154124,NCJBM,S,-0.011959000000000001,0.74
35929,154124,NCHAZ,S,-0.022082,0.76
35929,154124,NCCPL,S,0.0074129999999999995,0.72
35929,154124,NCCCY,S,0.015304000000000002,0.79
35929,154124,NCHFH,S,-0.010428,0.84
35929,154124,NCHDLb,S,-0.019513000000000003,0.92
35929,154124,NCJHP,S,-0.007351,0.78
35929,154124,NCBSL,S,-0.022732,0.9
35929,154124,NCBVY,S,-0.012463,0.89
35929,30057908,NCCAL,P,-0.057828000000000004,0.721
35929,30057908,NCHGW,P,0.034055,0.784
35929,30057908,NCCDV,P,-0.058975,0.801
35929,30057908,NCCMP,P,0.012801999999999997,0.732
35929,30057908,NCHCA,P,0.038308999999999996,0.73
35929,30057908,NCJSG,P,-0.02263,0.703
35929,30057908,NCHCR,P,0.026285,0.741
35929,30057908,NCJSC,P,-0.021911,0.72
35929,30057908,NCJBM,P,-0.040575,0.729
35929,30057908,NCHAZ,P,0.022340999999999996,0.787
35929,30057908,NCHDLb,P,0.017767,0.853
35929,30057908,NCCMO,P,-0.049429,0.831
35929,30057908,NCBVY,P,0.030887,0.814
35929,30057908,NCCAL,S,-0.08319900000000001,0.88
35929,30057908,NCJSS,S,-0.012618,0.77
35929,30057908,NCCDV,S,-0.07882,0.77
35929,30057908,NCCMP,S,0.029004,0.85
35929,30058785,NCCAL,P,-0.05781000000000001,0.755
35929,30058785,NCCDV,P,-0.06256,0.83
35929,30058785,NCCMP,P,0.003247999999999999,0.715
35929,30058785,NCCMJ,P,-0.053952,0.706
35929,30058785,NCJSG,P,-0.024229,0.734
35929,30058785,NCHCR,P,0.015563,0.712
35929,30058785,NCJSC,P,-0.023287000000000002,0.758
35929,30058785,NCCST,P,-0.040769,0.741
35929,30058785,NCHAZ,P,0.009146999999999999,0.772
35929,30058785,NCJSFa,P,-0.047836000000000004,0.716
35929,30058785,NCHDLb,P,0.005686999999999999,0.816
35929,30058785,NCCMO,P,-0.053409,0.807
35929,30058785,NCBVY,P,0.019144,0.831
35929,30058785,NCJAL,S,-0.00799,0.73
35929,30058785,NCCAL,S,-0.08277100000000001,0.9
35929,30058785,NCCMM,S,-0.032858,0.74
35929,30058785,NCJSS,S,-0.017908,0.81
35929,30058785,NCCDV,S,-0.08548800000000001,0.78
35929,30058785,NCCMP,S,0.013092,0.86
35929,30058785,NCCMR,S,-0.06776399999999999,0.71
35929,30058785,NCCCY,S,-0.07112299999999999,0.75
35929,42559,NCCML,P,0.008246000000000003,0.751
35929,42559,NCCMR,P,-0.048093,0.82
35929,42559,NCHPL,P,-0.16722599999999999,0.808
35929,44335,NCCML,P,-0.042917,0.714
35929,44335,NCHGW,P,0.010390999999999997,0.771
35929,44335,NCCDV,P,-0.042474,0.813
35929,44335,NCHCA,P,0.019477999999999995,0.808
35929,44335,NCJSG,P,-0.03251,0.72
35929,44335,NCHPR,P,0.008594999999999998,0.811
35929,44335,NCHCR,P,0.014041999999999999,0.743
35929,44335,NCCMN,P,-0.039967,0.907
35929,44335,NCHCB,P,0.012111,0.83
35929,44335,NCCVL,P,-0.045918,0.777
35929,44335,NCJSC,P,-0.032015,0.817
35929,44335,NCHPL,P,0.015283999999999999,0.906
35929,44335,NCJBM,P,-0.030785,0.711
35929,44335,NCHCP,P,0.009707999999999998,0.717
35929,44335,NCHCOb,P,0.009555999999999999,0.726
35929,44335,NCJLT,P,-0.037147,0.841
35929,44335,NCHBT,P,0.009866,0.75
35929,44335,NCHDLb,P,0.009127999999999997,0.875
35929,44335,NCHSFb,P,0.014688,0.793
35929,44335,NCHJG,P,0.009905999999999998,0.864
35929,44335,NCJHP,P,-0.037718,0.754
35929,44335,NCHFP,P,0.010832999999999999,0.716
35929,44335,NCCLC,P,-0.0425,0.753
35929,44335,NCBSL,P,0.019051,0.707
35929,44335,NCBVY,P,0.011220999999999998,0.817
35929,44335,NCHQR,P,0.015613000000000002,0.762
35929,44335,NCCAO,S,-0.011640000000000001,0.73
35929,44335,NCCML,S,-0.05835,0.75
35929,44335,NCCAL,S,-0.072096,0.76
35929,44335,NCJSS,S,-0.019002,0.81
35929,44335,NCCDV,S,-0.063728,0.78
35929,44335,NCCMP,S,0.008417999999999998,0.72
35929,44335,NCCVA,S,-0.060879,0.75
35929,44335,NCCVL,S,-0.060668,0.71
35929,483500,NCCMH,P,0.019531000000000007,0.748
35929,483500,NCCAO,P,0.010397000000000003,0.768
35929,483500,NCCML,P,0.030577000000000007,0.922
35929,483500,NCCAL,P,0.019363000000000005,0.825
35929,483500,NCJHL,P,0.007384000000000002,0.755
35929,483500,NCJSS,P,0.010464000000000001,0.769
35929,483500,NCJEC,P,0.009124000000000007,0.876
35929,483500,NCJLX,P,0.010224999999999998,0.803
35929,483500,NCCDV,P,0.005586000000000008,0.878
35929,483500,NCCMJ,P,0.020287,0.898
35929,483500,NCCMP,P,0.01337300000000001,0.745
35929,483500,NCJBZ,P,-0.0025429999999999897,0.89
35929,483500,NCHCA,P,1.9000000000005124e-05,0.978
35929,483500,NCCMR,P,0.008576,0.704
35929,483500,NCJBC,P,0.006818000000000005,0.759
35929,483500,NCHCR,P,0.0030070000000000097,0.883
35929,483500,NCCVA,P,0.020032000000000008,0.908
35929,483500,NCCMN,P,0.018332,0.898
35929,483500,NCHCB,P,0.001367000000000007,0.853
35929,483500,NCCVL,P,0.020635,0.934
35929,483500,NCJSC,P,0.029092000000000007,0.777
35929,483500,NCHFE,P,0.002243000000000009,0.791
35929,483500,NCCST,P,0.013196,0.81
35929,483500,NCJBM,P,0.010343000000000005,0.739
35929,483500,NCHAZ,P,0.0005360000000000087,0.882
35929,483500,NCHDLb,P,-0.0011989999999999917,0.953
35929,483500,NCCMO,P,0.011024000000000006,0.834
35929,483500,NCCLC,P,0.016780000000000003,0.709
35929,483500,NCCAO,S,0.0102,0.85
35929,483500,NCJST,S,0.00868300000000001,0.81
35929,483500,NCCML,S,0.03517300000000001,0.87
35929,483500,NCCAL,S,0.026253,0.86
35929,483500,NCJAL,S,0.010241,0.85
35929,483500,NCHSP,S,0.0026710000000000067,0.82
35929,483500,NCJHL,S,0.008993000000000001,0.81
35929,483500,NCJSS,S,0.014015,0.86
35929,483500,NCJEC,S,0.00648,0.84
35929,483500,NCJLX,S,0.015776,0.84
35929,483500,NCCDV,S,0.013702000000000006,0.87
35929,483500,NCCMJ,S,0.02378100000000001,0.85
35929,483500,NCJBZ,S,-0.003719,0.76
35929,483500,NCHCA,S,-0.0009870000000000018,0.93
35929,483500,NCCMR,S,0.013962000000000002,0.84
35929,483500,NCHCR,S,0.0004770000000000052,0.84
35929,483500,NCCVA,S,0.024399000000000004,0.9
35929,483500,NCCMN,S,0.019068,0.86
35929,483500,NCHCB,S,-0.003166000000000002,0.89
35929,483500,NCCVL,S,0.019806000000000004,0.81
35929,483500,NCJSC,S,0.027448,0.73
35929,483500,NCHOR,S,0.0007080000000000003,0.76
35929,483500,NCJBM,S,0.01062600000000001,0.76
35929,483500,NCHAZ,S,-0.0034010000000000012,0.71
35929,483500,NCCCY,S,0.035915,0.82
35929,483500,NCHDLb,S,-0.0018600000000000005,0.9
35929,483500,NCHLT,S,-0.0001250000000000001,0.81
35929,483500,NCBSL,S,1.1999999999998123e-05,0.88
35929,77218,NCCML,P,0.012257000000000004,0.75
35929,77218,NCCMR,P,-0.042849,0.794
35929,77218,NCHPL,P,-0.16547,0.807
389286,30062741,NCJCB,P,-0.016220000000000012,0.779
389286,30062741,NCJRR,P,-0.017588999999999994,0.832
389286,30062741,NCHGS,P,-0.020398,0.893
389286,30062741,NCJEC,P,-0.017303000000000013,0.861
389286,30062741,NCCDV,P,0.014380999999999991,0.932
389286,30062741,NCCMJ,P,0.01672499999999999,0.743
389286,30062741,NCHCA,P,-0.022289000000000003,0.794
389286,30062741,NCHCR,P,-0.018544000000000005,0.875
389286,30062741,NCHFE,P,-0.023547000000000012,0.781
389286,30062741,NCCST,P,0.006759000000000001,0.86
389286,30062741,NCHPL,P,-0.019500000000000017,0.953
389286,30062741,NCJBM,P,0.006738999999999995,0.755
389286,30062741,NCHAZ,P,-0.017700999999999995,0.844
389286,30062741,NCJPPa,P,0.004874000000000003,0.722
389286,30062741,NCHDLb,P,-0.01646600000000001,0.854
389286,30062741,NCJHP,P,0.011373999999999995,0.797
389286,30062741,NCHFP,P,-0.017284999999999995,0.754
389286,30062741,NCCAO,S,-0.00769800000000001,0.82
389286,30062741,NCJST,S,-0.014079000000000008,0.76
389286,30062741,NCJCB,S,-0.022798000000000013,0.8
389286,30062741,NCJAL,S,-0.00883500000000001,0.83
389286,30062741,NCHSP,S,-0.036463999999999996,0.79
389286,30062741,NCJHL,S,-0.00955700000000001,0.8
389286,30062741,NCJSS,S,-0.0023190000000000016,0.87
389286,30062741,NCHGS,S,-0.030850000000000016,0.85
389286,30062741,NCJEC,S,-0.01330400000000001,0.73
389286,30062741,NCCDV,S,0.024051000000000003,0.88
389286,30062741,NCCOS,S,0.013307,0.83
389286,30062741,NCHCB,S,-0.018658000000000008,0.81
389286,30062741,NCHPL,S,-0.029421000000000003,0.75
389286,30062741,NCCCY,S,0.032708,0.8
389286,30069222,NCCMH,P,0.0037500000000000033,0.806
389286,30069222,NCJST,P,-0.0021969999999999976,0.855
389286,30069222,NCJCB,P,0.011093000000000006,0.752
389286,30069222,NCHSP,P,0.011763999999999997,0.822
389286,30069222,NCJHL,P,0.006223000000000006,0.799
389286,30069222,NCJRR,P,0.009827000000000002,0.812
389286,30069222,NCHGS,P,0.015650999999999998,0.856
389286,30069222,NCJEC,P,0.007274000000000003,0.81
389286,30069222,NCHGW,P,0.011274999999999993,0.919
389286,30069222,NCCDV,P,0.010439000000000004,0.975
389286,30069222,NCCMJ,P,0.011053999999999994,0.741
389286,30069222,NCJSG,P,0.009364999999999998,0.884
389286,30069222,NCCMR,P,0.012914999999999996,0.904
389286,30069222,NCCVA,P,0.008136000000000004,0.822
389286,30069222,NCHCR,P,0.010859999999999995,0.819
389286,30069222,NCJSJ,P,0.010386999999999993,0.842
389286,30069222,NCJSC,P,0.009570999999999996,0.729
389286,30069222,NCHFE,P,0.009881000000000001,0.826
389286,30069222,NCCST,P,0.012219999999999995,0.917
389286,30069222,NCHPL,P,0.014106999999999995,0.887
389286,30069222,NCJBM,P,0.009919999999999998,0.903
389286,30069222,NCHAZ,P,0.012022000000000005,0.792
389286,30069222,NCJSFa,P,0.009781999999999999,0.821
389286,30069222,NCCCY,P,0.010844999999999994,0.867
389286,30069222,NCJPPa,P,0.012023999999999993,0.928
389286,30069222,NCHSFa,P,0.013363,0.733
389286,30069222,NCJHP,P,0.010982999999999993,0.924
389286,30069222,NCCLC,P,0.009792999999999996,0.742
389286,30069222,NCHFP,P,0.016480999999999996,0.765
389286,30069222,NCCMH,S,0.011517,0.82
389286,30069222,NCCAO,S,0.013868000000000005,0.86
389286,30069222,NCJST,S,-0.0028719999999999996,0.9
389286,30069222,NCJCB,S,0.009083999999999995,0.84
389286,30069222,NCJAL,S,0.0032189999999999996,0.75
389286,30069222,NCHSP,S,0.013842999999999994,0.78
389286,30069222,NCJHL,S,0.008680999999999994,0.83
389286,30069222,NCJSS,S,0.00895,0.83
389286,30069222,NCHGS,S,0.016296000000000005,0.85
389286,30069222,NCJEC,S,0.0063600000000000045,0.82
389286,30069222,NCCDV,S,0.012400999999999995,0.93
389286,30069222,NCCMJ,S,0.010667999999999997,0.83
389286,30069222,NCCMR,S,0.017877000000000004,0.9
389286,30069222,NCCOS,S,0.022241999999999998,0.84
389286,30069222,NCCVA,S,0.0064609999999999945,0.91
389286,30069222,NCHCR,S,0.018865999999999994,0.74
389286,30069222,NCHCB,S,0.018728999999999996,0.71
389286,30069222,NCCST,S,0.017943,0.8
389286,30069222,NCHPL,S,0.017378000000000005,0.73
389286,30069222,NCCCY,S,0.011761999999999995,0.89
389286,30069222,NCCGP,S,0.013048000000000004,0.8
389286,30092060,NCCCOa,P,0.00027900000000000147,0.979
389286,30092060,NCCMH,P,0.009404999999999997,0.964
389286,30092060,NCCAO,P,0.0015340000000000076,0.951
389286,30092060,NCJST,P,-0.0006509999999999988,0.956
389286,30092060,NCJCB,P,0.00014700000000000824,0.893
389286,30092060,NCJAL,P,-0.00018599999999999173,0.965
389286,30092060,NCHSP,P,-0.0002930000000000016,0.977
389286,30092060,NCJHL,P,0.00014700000000000824,0.985
389286,30092060,NCJRR,P,-0.0009160000000000001,0.968
389286,30092060,NCJSS,P,0.0025600000000000067,0.869
389286,30092060,NCJEC,P,0.0004019999999999996,0.886
389286,30092060,NCJLX,P,0.0027650000000000036,0.903
389286,30092060,NCHGW,P,-0.002227999999999994,0.966
389286,30092060,NCCDV,P,0.006190000000000001,0.969
389286,30092060,NCCMJ,P,0.006858000000000003,0.895
389286,30092060,NCHCA,P,-0.009103,0.854
389286,30092060,NCJSG,P,0.0039949999999999986,0.827
389286,30092060,NCCVA,P,0.006426000000000001,0.885
389286,30092060,NCHCR,P,-0.0004079999999999917,0.966
389286,30092060,NCJSJ,P,0.0035610000000000086,0.848
389286,30092060,NCHFE,P,-0.0022689999999999932,0.904
389286,30092060,NCCST,P,0.002949000000000007,0.932
389286,30092060,NCJBM,P,0.0039970000000000006,0.826
389286,30092060,NCCCY,P,0.0071309999999999985,0.884
389286,30092060,NCCGP,P,0.007277000000000006,0.862
389286,30092060,NCHDLb,P,-0.0004900000000000043,0.948
389286,30092060,NCHJG,P,0.00026400000000000035,0.785
389286,30092060,NCJHP,P,0.003845000000000001,0.808
389286,30092060,NCHFP,P,-0.0004279999999999978,0.922
389286,30092060,NCCCOa,S,-0.00019199999999999773,0.97
389286,30092060,NCCMH,S,0.009690000000000004,0.96
389286,30092060,NCCAO,S,0.0016649999999999998,0.98
389286,30092060,NCJST,S,-0.00036899999999999433,0.96
389286,30092060,NCJCB,S,0.0012869999999999965,0.95
389286,30092060,NCJAL,S,0.0004699999999999982,0.97
389286,30092060,NCHSP,S,-0.003055000000000002,0.94
389286,30092060,NCJHL,S,0.00021100000000000285,0.98
389286,30092060,NCJRR,S,-0.0005639999999999951,0.97
389286,30092060,NCJSS,S,0.0035229999999999984,0.96
389286,30092060,NCJEC,S,0.00031899999999999984,0.92
389286,30092060,NCJLX,S,0.003475000000000006,0.94
389286,30092060,NCHGW,S,-0.0028819999999999957,0.91
389286,30092060,NCCDV,S,0.008508000000000002,0.98
389286,30092060,NCCMJ,S,0.008097000000000007,0.94
389286,30092060,NCJSG,S,0.003825000000000009,0.79
389286,30092060,NCCOS,S,0.004348000000000005,0.86
389286,30092060,NCCVA,S,0.0047800000000000065,0.9
389286,30092060,NCHCR,S,-0.0019629999999999925,0.87
389286,30092060,NCJSC,S,0.0010700000000000015,0.74
389286,30092060,NCHFE,S,-0.0018210000000000032,0.72
389286,30092060,NCCST,S,0.0037569999999999965,0.85
389286,30092060,NCJBM,S,0.004077999999999998,0.71
389286,30092060,NCCCY,S,0.010305000000000009,0.98
389286,30092060,NCCGP,S,0.008139000000000007,0.83
389286,30092060,NCHDLb,S,-0.0007090000000000013,0.91
389286,30092060,NCHSFa,S,0.00011400000000000299,0.75
389286,30092060,NCHFP,S,-0.0014119999999999966,0.89
389286,478138,NCCDV,P,0.036745,0.931
389286,478138,NCCMJ,P,0.039828,0.825
389286,478138,NCHCA,P,-0.003142000000000006,0.774
389286,478138,NCCMR,P,0.027824,0.935
389286,478138,NCJTG,P,0.010671,0.817
389286,478138,NCCVA,P,0.04001500000000001,0.887
389286,478138,NCHCR,P,0.007556000000000007,0.843
389286,478138,NCHFE,P,0.004303000000000001,0.747
389286,478138,NCJBM,P,0.031891,0.879
389286,478138,NCJSM,P,0.03096700000000001,0.745
389286,478138,NCJSFa,P,0.03754300000000001,0.75
389286,478138,NCCCY,P,0.04043400000000001,0.783
389286,478138,NCJPPa,P,0.030471000000000012,0.924
389286,478138,NCCAO,S,0.016511000000000012,0.75
389286,478138,NCJST,S,0.017088000000000006,0.78
389286,478138,NCJAL,S,0.014388999999999999,0.76
389286,478138,NCHSP,S,-0.012917999999999985,0.73
389286,478138,NCJLX,S,0.028494000000000005,0.83
389286,478138,NCCDV,S,0.04985400000000001,0.93
389286,478138,NCCMR,S,0.04180600000000001,0.9
389286,478138,NCJTG,S,0.011853000000000002,0.72
389286,478138,NCCOS,S,0.03470100000000001,0.82
389286,478138,NCCVA,S,0.048791,0.9
389286,478138,NCHCB,S,0.003267999999999993,0.73
389286,478138,NCCCY,S,0.057519,0.87
389286,529274,NCCMH,P,0.021551,0.946
389286,529274,NCCAO,P,0.014591999999999994,0.779
389286,529274,NCJST,P,0.013243999999999992,0.904
389286,529274,NCJAL,P,0.01691899999999999,0.776
389286,529274,NCHSP,P,0.010927999999999993,0.97
389286,529274,NCJHL,P,0.013204999999999995,0.857
389286,529274,NCJSS,P,0.017962999999999993,0.834
389286,529274,NCJLX,P,0.016082,0.798
389286,529274,NCCDV,P,0.019375000000000003,0.994
389286,529274,NCHCA,P,0.004614999999999994,0.766
389286,529274,NCCVA,P,0.020379999999999995,0.924
389286,529274,NCHCR,P,0.01494899999999999,0.854
389286,529274,NCJSJ,P,0.019060999999999995,0.91
389286,529274,NCJSC,P,0.019962999999999995,0.825
389286,529274,NCHFE,P,0.012573,0.892
389286,529274,NCCST,P,0.016014,0.876
389286,529274,NCJBM,P,0.018524,0.946
389286,529274,NCJPPa,P,0.018309999999999993,0.937
389286,529274,NCCGP,P,0.020195999999999992,0.925
389286,529274,NCHSFa,P,0.007746000000000003,0.718
389286,529274,NCJHP,P,0.017916,0.949
389286,529274,NCHFP,P,0.012752,0.92
389286,529274,NCCMH,S,0.021725999999999995,0.93
389286,529274,NCCAO,S,0.013614000000000001,0.92
389286,529274,NCJST,S,0.015118999999999994,0.91
389286,529274,NCJAL,S,0.016321000000000002,0.92
389286,529274,NCHSP,S,0.007717000000000002,0.95
389286,529274,NCJHL,S,0.016148999999999997,0.82
389286,529274,NCJSS,S,0.019113999999999992,0.98
389286,529274,NCJLX,S,0.018246,0.97
389286,529274,NCCDV,S,0.022216,0.98
389286,529274,NCCVA,S,0.017062999999999995,0.84
389286,529274,NCHCR,S,0.014732999999999996,0.78
389286,529274,NCJSJ,S,0.019979999999999998,0.8
389286,529274,NCHCB,S,0.012660999999999992,0.88
389286,529274,NCJSC,S,0.018699999999999994,0.75
389286,529274,NCHFE,S,0.011685000000000001,0.8
389286,529274,NCJBM,S,0.018974999999999992,0.88
389286,529274,NCCCY,S,0.02395,0.95
389286,529274,NCJPPa,S,0.017583,0.74
389286,529274,NCCGP,S,0.021099999999999994,0.89
389286,529274,NCJHP,S,0.014581999999999998,0.73
389286,529274,NCCLC,S,0.019282999999999995,0.78
389286,529274,NCHFP,S,0.01282599999999999,0.83
42555,101361,NCCSC,P,0.004881999999999999,0.726
42555,101361,NCCML,P,0.009970999999999999,0.833
42555,101361,NCCAL,P,0.012887,0.715
42555,101361,NCJRR,P,-0.026451,0.703
42555,101361,NCHGS,P,-0.029918999999999998,0.848
42555,101361,NCJEC,P,-0.006551000000000001,0.73
42555,101361,NCHGW,P,-0.033541,0.907
42555,101361,NCCMJ,P,0.013779,0.811
42555,101361,NCCMP,P,-0.017426,0.766
42555,101361,NCJBZ,P,-0.025961,0.735
42555,101361,NCCMR,P,0.004109999999999999,0.878
42555,101361,NCCVA,P,0.011524,0.876
42555,101361,NCJSC,P,0.0033799999999999993,0.734
42555,101361,NCHFE,P,-0.035570000000000004,0.807
42555,101361,NCCST,P,-0.015383000000000004,0.822
42555,101361,NCJBM,P,0.0024259999999999993,0.821
42555,101361,NCCCY,P,0.010289,0.768
42555,101361,NCHFH,P,-0.030048000000000002,0.805
42555,101361,NCHDLb,P,-0.025808,0.842
42555,101361,NCCLC,P,0.003977999999999999,0.767
42555,101361,NCHQR,P,-0.027245000000000002,0.82
42555,101361,NCCAO,S,-0.013092,0.73
42555,101361,NCCADa,S,-0.05961899999999999,0.72
42555,101361,NCJST,S,-0.003960000000000002,0.75
42555,101361,NCJCB,S,-0.03276,0.76
42555,101361,NCCML,S,0.016052999999999998,0.72
42555,101361,NCCAL,S,0.029972,0.8
42555,101361,NCJAL,S,-0.020370000000000003,0.83
42555,101361,NCCMM,S,-0.017734000000000003,0.77
42555,101361,NCJSS,S,-0.003816,0.83
42555,101361,NCHGS,S,-0.039532,0.82
42555,101361,NCJEC,S,-0.007374000000000002,0.84
42555,101361,NCCDV,S,0.017358,0.89
42555,101361,NCCMP,S,-0.02576,0.95
42555,101361,NCCMR,S,0.012694999999999998,0.78
42555,101361,NCCVA,S,0.022803999999999998,0.9
42555,101361,NCCCY,S,0.027485,0.8
42555,101362,NCCSC,P,-0.011937999999999999,0.901
42555,101362,NCCMH,P,-0.011189,0.855
42555,101362,NCCADa,P,-0.039744,0.709
42555,101362,NCJST,P,-0.016429,0.782
42555,101362,NCCML,P,-0.018059,0.83
42555,101362,NCCAL,P,-0.017279999999999997,0.857
42555,101362,NCHSP,P,-0.021436999999999998,0.811
42555,101362,NCCMM,P,-0.036339,0.789
42555,101362,NCJRR,P,-0.023495000000000002,0.718
42555,101362,NCHGS,P,-0.023863999999999996,0.86
42555,101362,NCJEC,P,-0.004307,0.73
42555,101362,NCHGW,P,-0.028978000000000004,0.938
42555,101362,NCCMJ,P,-0.018221,0.813
42555,101362,NCCMP,P,-0.022376,0.874
42555,101362,NCCMR,P,-0.023329999999999997,0.908
42555,101362,NCHPR,P,-0.019535999999999998,0.739
42555,101362,NCHFE,P,-0.029608000000000002,0.785
42555,101362,NCCST,P,-0.037165000000000004,0.887
42555,101362,NCCCY,P,-0.020226,0.82
42555,101362,NCHDLb,P,-0.023577,0.842
42555,101362,NCCLC,P,-0.021337000000000002,0.808
42555,101362,NCHFP,P,-0.027218,0.733
42555,101362,NCCMH,S,-0.018168999999999998,0.77
42555,101362,NCCAO,S,-0.022292,0.84
42555,101362,NCCADa,S,-0.040742,0.76
42555,101362,NCJST,S,-0.015707,0.86
42555,101362,NCJCB,S,-0.020537,0.87
42555,101362,NCCML,S,-0.024134000000000003,0.74
42555,101362,NCCAL,S,-0.015544,0.87
42555,101362,NCJAL,S,-0.027455,0.81
42555,101362,NCHSP,S,-0.023815999999999997,0.75
42555,101362,NCCMM,S,-0.041555,0.87
42555,101362,NCJSS,S,-0.017979000000000002,0.87
42555,101362,NCHGS,S,-0.025127999999999998,0.84
42555,101362,NCJEC,S,-0.006458,0.82
42555,101362,NCHGW,S,-0.031112,0.71
42555,101362,NCCDV,S,-0.024939000000000003,0.89
42555,101362,NCCMJ,S,-0.018971000000000002,0.82
42555,101362,NCCMP,S,-0.030636000000000004,0.98
42555,101362,NCCMR,S,-0.030446,0.87
42555,101362,NCCVA,S,-0.020033000000000002,0.92
42555,101362,NCCCY,S,-0.021696,0.87
42555,101362,NCHDLb,S,-0.026819999999999997,0.74
42555,103138,NCCSC,P,0.007898000000000002,0.843
42555,103138,NCCMH,P,0.013211,0.748
42555,103138,NCJST,P,-0.002334999999999997,0.721
42555,103138,NCCML,P,0.005798999999999999,0.787
42555,103138,NCCAL,P,0.006867000000000005,0.799
42555,103138,NCCMM,P,-0.017583999999999995,0.817
42555,103138,NCJRR,P,-0.0138,0.711
42555,103138,NCHGW,P,-0.018247,0.907
42555,103138,NCCDV,P,0.0006560000000000038,0.956
42555,103138,NCCMR,P,-0.0008149999999999963,0.938
42555,103138,NCJSC,P,0.0018799999999999997,0.732
42555,103138,NCHFE,P,-0.022630000000000004,0.767
42555,103138,NCCST,P,-0.01747,0.855
42555,103138,NCHPL,P,-0.020365,0.879
42555,103138,NCHJG,P,-0.018741999999999995,0.706
42555,103138,NCJHP,P,0.0025179999999999994,0.779
42555,103138,NCCAO,S,-0.009028000000000001,0.88
42555,103138,NCCADa,S,-0.040349,0.73
42555,103138,NCJST,S,0.001355000000000002,0.84
42555,103138,NCJCB,S,-0.014098,0.81
42555,103138,NCCML,S,0.0035369999999999985,0.75
42555,103138,NCCAL,S,0.014884000000000001,0.83
42555,103138,NCJAL,S,-0.011331,0.77
42555,103138,NCHSP,S,-0.025953999999999998,0.75
42555,103138,NCCMM,S,-0.02105,0.85
42555,103138,NCJSS,S,0.0005810000000000051,0.86
42555,103138,NCCDV,S,0.0030729999999999993,0.9
42555,103138,NCCMP,S,-0.019257999999999997,0.97
42555,103138,NCCMR,S,-0.0028649999999999995,0.83
42555,103138,NCHPL,S,-0.030035,0.72
42555,126189,NCCSC,P,-0.007573,0.792
42555,126189,NCCML,P,-0.0029200000000000003,0.811
42555,126189,NCCAL,P,0.0005929999999999998,0.722
42555,126189,NCCMM,P,-0.031314,0.724
42555,126189,NCHGW,P,-0.043250000000000004,0.917
42555,126189,NCCMJ,P,0.000918,0.827
42555,126189,NCCMP,P,-0.029161999999999997,0.792
42555,126189,NCJBZ,P,-0.046447,0.724
42555,126189,NCHCA,P,-0.043741,0.878
42555,126189,NCJSG,P,-0.009009000000000001,0.883
42555,126189,NCCMR,P,-0.023873,0.85
42555,126189,NCCVA,P,-0.000846,0.843
42555,126189,NCHFE,P,-0.046711,0.814
42555,126189,NCCST,P,-0.030048000000000002,0.89
42555,126189,NCHPL,P,-0.042956,0.867
42555,126189,NCJBM,P,-0.009989000000000001,0.846
42555,126189,NCHAZ,P,-0.040138,0.762
42555,126189,NCHDLb,P,-0.038163,0.895
42555,126189,NCJHP,P,-0.006721000000000001,0.736
42555,126189,NCCLC,P,-0.007153000000000001,0.769
42555,126189,NCCAO,S,-0.028118999999999998,0.77
42555,126189,NCCADa,S,-0.07021999999999999,0.71
42555,126189,NCJST,S,-0.01755,0.78
42555,126189,NCJCB,S,-0.043386,0.76
42555,126189,NCCML,S,0.002675,0.73
42555,126189,NCCAL,S,0.016929,0.76
42555,126189,NCCMM,S,-0.030129,0.79
42555,126189,NCJSS,S,-0.016252,0.83
42555,126189,NCHGS,S,-0.051856,0.79
42555,126189,NCJEC,S,-0.017778,0.8
42555,126189,NCCDV,S,0.004061,0.88
42555,126189,NCCMP,S,-0.037941,0.97
42555,126189,NCCMR,S,-0.014124,0.77
42555,126189,NCCVA,S,0.010823,0.9
42555,126189,NCHPL,S,-0.06092000000000001,0.75
42555,126292,NCCSC,P,-0.004330999999999998,0.822
42555,126292,NCCMH,P,-0.004274,0.788
42555,126292,NCJST,P,-0.008635999999999998,0.797
42555,126292,NCCML,P,-0.010578999999999998,0.847
42555,126292,NCCAL,P,-0.009100999999999998,0.889
42555,126292,NCHSP,P,-0.018511999999999997,0.774
42555,126292,NCCMM,P,-0.028079999999999997,0.85
42555,126292,NCJHL,P,-0.010451999999999998,0.735
42555,126292,NCJRR,P,-0.013763,0.709
42555,126292,NCHGW,P,-0.018924999999999997,0.933
42555,126292,NCCMJ,P,-0.010849999999999999,0.792
42555,126292,NCCMP,P,-0.013781999999999999,0.862
42555,126292,NCHCA,P,-0.017103,0.865
42555,126292,NCJSG,P,-0.011533999999999999,0.89
42555,126292,NCCMR,P,-0.03156,0.949
42555,126292,NCCMN,P,-0.013679999999999998,0.704
42555,126292,NCHFE,P,-0.020443,0.711
42555,126292,NCCST,P,-0.031121999999999997,0.904
42555,126292,NCHPL,P,-0.020717,0.889
42555,126292,NCHAZ,P,-0.018421,0.769
42555,126292,NCHDLb,P,-0.0173,0.868
42555,126292,NCJHP,P,-0.011689999999999999,0.831
42555,126292,NCCLC,P,-0.012223999999999999,0.751
42555,126292,NCCMH,S,-0.010886999999999999,0.81
42555,126292,NCCAO,S,-0.017029,0.79
42555,126292,NCCADa,S,-0.031007,0.75
42555,126292,NCJST,S,-0.008831999999999998,0.88
42555,126292,NCJCB,S,-0.011283999999999999,0.87
42555,126292,NCCML,S,-0.018120999999999998,0.73
42555,126292,NCCAL,S,-0.007288999999999997,0.88
42555,126292,NCJAL,S,-0.016859,0.75
42555,126292,NCHSP,S,-0.020103999999999997,0.82
42555,126292,NCCMM,S,-0.033797,0.84
42555,126292,NCJSS,S,-0.010013,0.86
42555,126292,NCJEC,S,0.0031180000000000027,0.81
42555,126292,NCHGW,S,-0.020561,0.73
42555,126292,NCCDV,S,-0.018050999999999998,0.92
42555,126292,NCCMJ,S,-0.012080999999999998,0.84
42555,126292,NCCMP,S,-0.022664,0.96
42555,126292,NCHCA,S,-0.018586,0.85
42555,126292,NCJSG,S,-0.013673999999999999,0.71
42555,126292,NCCMR,S,-0.037814,0.86
42555,126292,NCCMN,S,-0.021856,0.85
42555,126292,NCHPL,S,-0.024055999999999998,0.79
42555,126292,NCHDLb,S,-0.018501999999999998,0.73
42555,126389,NCCCOa,P,-0.007456,0.798
42555,126389,NCCSC,P,-0.0024340000000000004,0.934
42555,126389,NCCMH,P,-0.0027290000000000005,0.928
42555,126389,NCCAO,P,-0.0026950000000000003,0.734
42555,126389,NCCADa,P,-0.022377,0.824
42555,126389,NCJST,P,-0.0040869999999999995,0.84
42555,126389,NCJCB,P,-0.0070739999999999996,0.834
42555,126389,NCCML,P,-0.002717,0.861
42555,126389,NCCAL,P,-0.0016589999999999999,0.948
42555,126389,NCHSP,P,-0.009894,0.969
42555,126389,NCCMM,P,-0.018384,0.885
42555,126389,NCJHL,P,-0.00765,0.888
42555,126389,NCJRR,P,-0.006227000000000001,0.784
42555,126389,NCJSS,P,-0.0018590000000000004,0.822
42555,126389,NCJEC,P,0.010979,0.786
42555,126389,NCHGW,P,-0.009493999999999999,0.984
42555,126389,NCCMJ,P,-0.002241,0.918
42555,126389,NCCMP,P,-0.002476,0.924
42555,126389,NCHCA,P,-0.008969999999999999,0.977
42555,126389,NCJSG,P,-0.0031449999999999994,0.904
42555,126389,NCCMR,P,-0.020775000000000002,0.97
42555,126389,NCCVA,P,-0.002033,0.902
42555,126389,NCHCR,P,-0.007613000000000001,0.802
42555,126389,NCHFE,P,-0.012689000000000002,0.893
42555,126389,NCCST,P,-0.020042,0.96
42555,126389,NCHPL,P,-0.008084999999999998,0.917
42555,126389,NCJBM,P,-0.00356,0.848
42555,126389,NCHAZ,P,-0.008628,0.821
42555,126389,NCCPL,P,-0.0016960000000000005,0.769
42555,126389,NCHFH,P,-0.0060030000000000005,0.714
42555,126389,NCHDLb,P,-0.006358,0.893
42555,126389,NCJHP,P,-0.0020410000000000003,0.83
42555,126389,NCCLC,P,-0.0024720000000000002,0.838
42555,126389,NCHFP,P,-0.0027800000000000004,0.757
42555,126389,NCHQR,P,-0.006730000000000001,0.724
42555,126389,NCCCOa,S,-0.00742,0.82
42555,126389,NCCSC,S,-0.0028729999999999997,0.93
42555,126389,NCCMH,S,-0.0025310000000000003,0.96
42555,126389,NCCAO,S,-0.004412999999999999,0.78
42555,126389,NCCADa,S,-0.022837,0.92
42555,126389,NCJST,S,-0.003855,0.94
42555,126389,NCJCB,S,-0.006476999999999999,0.94
42555,126389,NCCML,S,-0.007130999999999999,0.76
42555,126389,NCCAL,S,-0.0011289999999999998,0.97
42555,126389,NCJAL,S,-0.012617,0.9
42555,126389,NCHSP,S,-0.010232999999999999,0.98
42555,126389,NCCMM,S,-0.017337,0.88
42555,126389,NCJHL,S,-0.00607,0.74
42555,126389,NCJRR,S,-0.006053,0.75
42555,126389,NCJSS,S,-0.0021869999999999997,0.95
42555,126389,NCHGS,S,-0.006069000000000001,0.93
42555,126389,NCJEC,S,0.008442,0.91
42555,126389,NCHGW,S,-0.008803000000000002,0.97
42555,126389,NCCMJ,S,-0.0007810000000000004,0.95
42555,126389,NCCMP,S,-0.003458,0.96
42555,126389,NCHCA,S,-0.007678,0.95
42555,126389,NCJSG,S,-0.003542000000000001,0.83
42555,126389,NCCMR,S,-0.019672000000000002,0.97
42555,126389,NCJBC,S,-0.0005560000000000001,0.86
42555,126389,NCCVA,S,-0.00032499999999999977,0.93
42555,126389,NCHFE,S,-0.013578,0.79
42555,126389,NCCST,S,-0.008756,0.87
42555,126389,NCHPL,S,-0.004239000000000001,0.85
42555,126389,NCCPL,S,0.008593,0.82
42555,126389,NCHDLb,S,0.005455,0.79
42555,126389,NCCLC,S,0.008607,0.88
42555,126389,NCHQR,S,0.002911,0.77
42555,148939,NCCSC,P,0.030253000000000002,0.901
42555,148939,NCJST,P,0.024046000000000005,0.756
42555,148939,NCJCB,P,0.009683000000000004,0.717
42555,148939,NCCML,P,0.035939000000000006,0.811
42555,148939,NCCAL,P,0.027729000000000004,0.855
42555,148939,NCHSP,P,0.028513000000000004,0.702
42555,148939,NCCMM,P,0.017530000000000004,0.845
42555,148939,NCJHL,P,0.022545000000000003,0.753
42555,148939,NCJRR,P,0.012361000000000004,0.719
42555,148939,NCHGS,P,0.017280000000000004,0.84
42555,148939,NCHGW,P,0.029927000000000002,0.933
42555,148939,NCCMJ,P,0.026641000000000005,0.758
42555,148939,NCCMP,P,0.021752000000000007,0.876
42555,148939,NCJBZ,P,0.011345000000000001,0.753
42555,148939,NCHCA,P,0.014663000000000002,0.827
42555,148939,NCJSG,P,0.034245000000000005,0.833
42555,148939,NCCMR,P,0.014028000000000006,0.891
42555,148939,NCCVA,P,0.025581000000000007,0.809
42555,148939,NCCVL,P,0.030040000000000004,0.872
42555,148939,NCCST,P,0.016814000000000003,0.839
42555,148939,NCJBM,P,0.017971000000000008,0.813
42555,148939,NCCCY,P,0.03743400000000001,0.789
42555,148939,NCHDLb,P,0.013250000000000005,0.843
42555,148939,NCHQR,P,0.027935,0.848
42555,148939,NCCAO,S,0.013970000000000003,0.74
42555,148939,NCCADa,S,0.013739000000000001,0.73
42555,148939,NCJST,S,0.028657000000000002,0.86
42555,148939,NCJCB,S,0.011738000000000005,0.82
42555,148939,NCCML,S,0.030071000000000007,0.74
42555,148939,NCCAL,S,0.031685000000000005,0.88
42555,148939,NCHSP,S,0.025808000000000005,0.71
42555,148939,NCCMM,S,0.011399000000000006,0.88
42555,148939,NCJHL,S,0.020169000000000006,0.71
42555,148939,NCJSS,S,0.021101,0.83
42555,148939,NCHGS,S,0.015593000000000003,0.78
42555,148939,NCJEC,S,0.019586000000000006,0.76
42555,148939,NCCDV,S,0.022510000000000002,0.91
42555,148939,NCCMJ,S,0.027211000000000006,0.76
42555,148939,NCCMP,S,0.013329000000000008,0.95
42555,148939,NCHCA,S,0.011175000000000004,0.8
42555,148939,NCCMR,S,0.009913000000000005,0.89
42555,148939,NCCVA,S,0.025537000000000004,0.89
42555,148939,NCHFE,S,0.009947000000000004,0.85
42555,148939,NCCCY,S,0.037094,0.84
42555,160503,NCCML,P,0.031322,0.723
42555,160503,NCHSP,P,-0.010369999999999997,0.73
42555,160503,NCJHL,P,-0.007490000000000004,0.724
42555,160503,NCHGS,P,-0.019268,0.779
42555,160503,NCJEC,P,-0.008176000000000003,0.728
42555,160503,NCHGW,P,-0.0034189999999999984,0.894
42555,160503,NCCMP,P,-0.001908,0.812
42555,160503,NCHCA,P,-0.021831000000000003,0.908
42555,160503,NCHCR,P,-0.017122,0.703
42555,160503,NCHFE,P,-0.018575,0.781
42555,160503,NCHDLb,P,-0.017887,0.881
42555,160503,NCCADa,S,-0.034281,0.72
42555,160503,NCJST,S,0.00459,0.77
42555,160503,NCJCB,S,-0.030011000000000003,0.79
42555,160503,NCJAL,S,0.003927,0.78
42555,160503,NCHSP,S,-0.023586000000000003,0.78
42555,160503,NCCMM,S,0.005215000000000001,0.76
42555,160503,NCJSS,S,0.003983999999999998,0.83
42555,160503,NCHGS,S,-0.029804000000000004,0.85
42555,160503,NCJEC,S,-0.008538999999999998,0.77
42555,160503,NCCDV,S,0.027706,0.86
42555,160503,NCCMP,S,-0.010504,0.98
42555,160503,NCCVA,S,0.042409,0.83
42555,215747,NCCSC,P,0.015290000000000002,0.703
42555,215747,NCCMH,P,0.014556000000000001,0.772
42555,215747,NCJST,P,0.008872000000000001,0.815
42555,215747,NCCML,P,0.020681,0.838
42555,215747,NCCAL,P,0.011380000000000001,0.869
42555,215747,NCHSP,P,0.010879,0.789
42555,215747,NCJHL,P,0.008050000000000002,0.782
42555,215747,NCHGS,P,-0.00027299999999999894,0.901
42555,215747,NCJEC,P,0.008739,0.78
42555,215747,NCHGW,P,0.014117000000000001,0.895
42555,215747,NCCMJ,P,0.011773000000000002,0.788
42555,215747,NCCMP,P,0.006764000000000003,0.852
42555,215747,NCHCA,P,-0.0005140000000000006,0.93
42555,215747,NCCMR,P,0.0062470000000000026,0.889
42555,215747,NCCVA,P,0.006038000000000002,0.788
42555,215747,NCHFE,P,-0.00037500000000000033,0.828
42555,215747,NCCST,P,0.0012160000000000018,0.894
42555,215747,NCJBM,P,0.0009210000000000017,0.775
42555,215747,NCCCY,P,0.021279,0.802
42555,215747,NCHDLb,P,-0.003379,0.846
42555,215747,NCCMH,S,0.009388,0.71
42555,215747,NCCADa,S,-0.005094000000000001,0.74
42555,215747,NCJST,S,0.011063,0.87
42555,215747,NCJCB,S,-0.0018139999999999996,0.83
42555,215747,NCCAL,S,0.015385000000000001,0.83
42555,215747,NCJAL,S,0.009820000000000002,0.8
42555,215747,NCHSP,S,0.008104,0.8
42555,215747,NCHGS,S,-0.001226999999999999,0.87
42555,215747,NCJEC,S,0.007963000000000001,0.76
42555,215747,NCHGW,S,0.011213,0.72
42555,215747,NCCDV,S,-0.005670000000000001,0.89
42555,215747,NCCMJ,S,0.012377000000000003,0.74
42555,215747,NCCMP,S,-0.0015539999999999998,0.97
42555,215747,NCHCA,S,-0.004871,0.71
42555,215747,NCCMR,S,0.0009270000000000007,0.85
42555,215747,NCCVA,S,0.008833,0.88
42555,215747,NCHFE,S,-0.0042130000000000015,0.78
42555,215747,NCCCY,S,0.020519000000000003,0.86
42555,215747,NCHQR,S,0.007886,0.77
42555,238704,NCCSC,P,0.0030680000000000004,0.771
42555,238704,NCCML,P,0.017433999999999998,0.811
42555,238704,NCCAL,P,0.010372,0.744
42555,238704,NCHGW,P,-0.020215,0.919
42555,238704,NCCMJ,P,0.011625,0.806
42555,238704,NCCMP,P,-0.018718,0.777
42555,238704,NCJBZ,P,-0.031143,0.74
42555,238704,NCHCA,P,-0.037939,0.855
42555,238704,NCJSG,P,0.013005,0.83
42555,238704,NCCMR,P,0.0019219999999999992,0.92
42555,238704,NCCVA,P,0.0060349999999999996,0.761
42555,238704,NCCVL,P,0.015726999999999998,0.813
42555,238704,NCJSC,P,0.005751,0.764
42555,238704,NCCST,P,-0.0089,0.859
42555,238704,NCHPL,P,-0.034811999999999996,0.826
42555,238704,NCJBM,P,-0.005495,0.759
42555,238704,NCJHP,P,0.001817,0.792
42555,238704,NCCLC,P,-0.002482,0.781
42555,238704,NCHQR,P,-0.020535,0.705
42555,238704,NCJST,S,-0.008936,0.77
42555,238704,NCJCB,S,-0.044114999999999994,0.72
42555,238704,NCCML,S,0.025323000000000002,0.72
42555,238704,NCCAL,S,0.027662999999999997,0.81
42555,238704,NCJAL,S,-0.010391000000000001,0.8
42555,238704,NCJSS,S,-0.006508,0.81
42555,238704,NCHGS,S,-0.046174,0.73
42555,238704,NCJEC,S,-0.022420000000000002,0.82
42555,238704,NCCDV,S,0.004216,0.88
42555,238704,NCCMP,S,-0.02802,0.96
42555,238704,NCCMR,S,0.014158999999999998,0.77
42555,238704,NCCVA,S,0.020427999999999998,0.89
42555,238704,NCCST,S,-0.002006,0.71
42555,238704,NCCCY,S,0.03663,0.79
42555,238790,NCCSC,P,0.010060999999999997,0.817
42555,238790,NCCMH,P,0.012367,0.78
42555,238790,NCJCB,P,-0.019526,0.702
42555,238790,NCCML,P,0.018204999999999995,0.827
42555,238790,NCCAL,P,0.008839999999999997,0.83
42555,238790,NCJHL,P,-0.002974000000000001,0.708
42555,238790,NCJRR,P,-0.016835000000000003,0.739
42555,238790,NCHGS,P,-0.016775,0.792
42555,238790,NCHGW,P,-0.0005740000000000016,0.899
42555,238790,NCCMJ,P,0.009152999999999998,0.771
42555,238790,NCCMP,P,-0.0036960000000000014,0.824
42555,238790,NCHCA,P,-0.01685,0.901
42555,238790,NCJSG,P,0.017144999999999997,0.832
42555,238790,NCCMR,P,0.0013999999999999985,0.933
42555,238790,NCCVA,P,0.003785,0.795
42555,238790,NCCVL,P,0.013563999999999996,0.855
42555,238790,NCJSC,P,0.009058999999999998,0.744
42555,238790,NCCST,P,-0.005553000000000001,0.8
42555,238790,NCHPL,P,-0.017286000000000003,0.888
42555,238790,NCJBM,P,-0.001518000000000002,0.789
42555,238790,NCJHP,P,0.002623999999999998,0.828
42555,238790,NCCLC,P,-0.0019960000000000012,0.784
42555,238790,NCHFP,P,-0.009262000000000001,0.702
42555,238790,NCHQR,P,-0.0013930000000000019,0.702
42555,238790,NCJST,S,0.0020269999999999976,0.79
42555,238790,NCJCB,S,-0.017851000000000002,0.8
42555,238790,NCCML,S,0.015487999999999998,0.74
42555,238790,NCCAL,S,0.017698000000000002,0.82
42555,238790,NCJAL,S,0.0029749999999999985,0.74
42555,238790,NCHSP,S,-0.01548,0.73
42555,238790,NCJSS,S,0.0036759999999999987,0.82
42555,238790,NCHGS,S,-0.0206,0.86
42555,238790,NCJEC,S,-0.0032670000000000025,0.78
42555,238790,NCHGW,S,-0.007562000000000001,0.73
42555,238790,NCCDV,S,-0.005131,0.88
42555,238790,NCCMP,S,-0.014778000000000001,0.92
42555,238790,NCHCA,S,-0.02417,0.74
42555,238790,NCCMR,S,0.001905999999999998,0.84
42555,238790,NCCVA,S,0.010816999999999997,0.92
42555,238790,NCCVL,S,0.011086000000000002,0.72
42555,238790,NCHPL,S,-0.026955,0.85
42555,238790,NCCCY,S,0.022732,0.82
42555,30062741,NCCML,P,0.018880000000000008,0.767
42555,30062741,NCJHL,P,-0.019482,0.781
42555,30062741,NCJRR,P,-0.031668,0.749
42555,30062741,NCHGS,P,-0.03404099999999999,0.705
42555,30062741,NCJEC,P,-0.019956,0.778
42555,30062741,NCCMJ,P,0.011241000000000001,0.734
42555,30062741,NCCMP,P,-0.01705000000000001,0.824
42555,30062741,NCJBZ,P,-0.03270799999999999,0.702
42555,30062741,NCHCA,P,-0.02865200000000001,0.857
42555,30062741,NCHCR,P,-0.03082299999999999,0.754
42555,30062741,NCJSC,P,0.012671000000000016,0.808
42555,30062741,NCHFE,P,-0.03531699999999999,0.762
42555,30062741,NCCST,P,-0.008210999999999996,0.74
42555,30062741,NCHDLb,P,-0.033387,0.802
42555,30062741,NCHJG,P,-0.036101999999999995,0.716
42555,30062741,NCCAO,S,-0.021161999999999986,0.76
42555,30062741,NCCADa,S,-0.043295,0.71
42555,30062741,NCJST,S,-0.013402999999999998,0.71
42555,30062741,NCJCB,S,-0.03820899999999999,0.74
42555,30062741,NCCML,S,0.022438000000000013,0.71
42555,30062741,NCCAL,S,0.024620000000000003,0.75
42555,30062741,NCJAL,S,-0.009750000000000009,0.78
42555,30062741,NCHSP,S,-0.039765999999999996,0.8
42555,30062741,NCJSS,S,-0.005952999999999986,0.81
42555,30062741,NCHGS,S,-0.044324,0.79
42555,30062741,NCJEC,S,-0.017915999999999987,0.83
42555,30062741,NCCDV,S,0.0023229999999999917,0.88
42555,30062741,NCCMP,S,-0.02260899999999999,0.97
42555,30062741,NCHCA,S,-0.04081399999999999,0.72
42555,30062741,NCCCY,S,0.033777,0.71
42555,30069222,NCCCOa,P,-0.0065679999999999975,0.75
42555,30069222,NCCMH,P,0.0015060000000000004,0.97
42555,30069222,NCCAO,P,0.0004580000000000001,0.9
42555,30069222,NCCADa,P,0.001398,0.727
42555,30069222,NCJST,P,-0.006578999999999998,0.861
42555,30069222,NCJCB,P,-0.007949999999999999,0.832
42555,30069222,NCCML,P,0.014301000000000005,0.828
42555,30069222,NCCAL,P,0.0018170000000000026,0.961
42555,30069222,NCJAL,P,-0.002348999999999997,0.701
42555,30069222,NCHSP,P,0.010547999999999998,0.939
42555,30069222,NCJHL,P,0.0011650000000000028,0.941
42555,30069222,NCJRR,P,-0.005979999999999999,0.8
42555,30069222,NCHGS,P,0.0011880000000000016,0.941
42555,30069222,NCJEC,P,0.003152000000000002,0.865
42555,30069222,NCHGW,P,0.013543000000000003,0.934
42555,30069222,NCCMJ,P,0.0036220000000000037,0.839
42555,30069222,NCJBZ,P,-0.009649999999999999,0.884
42555,30069222,NCHCA,P,0.0073079999999999985,0.704
42555,30069222,NCJSG,P,0.012379000000000005,0.918
42555,30069222,NCCMR,P,0.002654,0.923
42555,30069222,NCCVA,P,-0.0015329999999999996,0.897
42555,30069222,NCHCR,P,-0.0011079999999999979,0.856
42555,30069222,NCJSC,P,0.014264000000000002,0.844
42555,30069222,NCHFE,P,-0.0004549999999999971,0.909
42555,30069222,NCCST,P,-0.0018589999999999995,0.938
42555,30069222,NCJBM,P,-0.0018299999999999983,0.885
42555,30069222,NCJSM,P,-0.0033979999999999982,0.707
42555,30069222,NCHAZ,P,-0.0016989999999999991,0.752
42555,30069222,NCCCY,P,0.015697,0.817
42555,30069222,NCHDLb,P,-0.0031739999999999997,0.891
42555,30069222,NCHJG,P,-0.004043999999999999,0.835
42555,30069222,NCCLC,P,-0.003264999999999997,0.813
42555,30069222,NCHFP,P,0.008648,0.818
42555,30069222,NCCCOa,S,-0.007099999999999999,0.83
42555,30069222,NCCMH,S,0.0023840000000000007,0.96
42555,30069222,NCCAO,S,0.00038000000000000186,0.91
42555,30069222,NCCADa,S,0.003032,0.81
42555,30069222,NCJST,S,-0.005344999999999999,0.88
42555,30069222,NCJCB,S,-0.005881999999999998,0.94
42555,30069222,NCCML,S,0.010727999999999998,0.76
42555,30069222,NCCAL,S,0.0010640000000000024,0.98
42555,30069222,NCJAL,S,0.0007740000000000004,0.94
42555,30069222,NCHSP,S,0.010801000000000002,0.97
42555,30069222,NCJHL,S,0.0012920000000000015,0.86
42555,30069222,NCJRR,S,-0.005755,0.79
42555,30069222,NCJSS,S,0.0035920000000000014,0.89
42555,30069222,NCHGS,S,0.0013780000000000008,0.96
42555,30069222,NCJEC,S,0.0017150000000000012,0.91
42555,30069222,NCHGW,S,0.013924000000000002,0.86
42555,30069222,NCCDV,S,-0.010036,0.99
42555,30069222,NCCMJ,S,0.0029710000000000014,0.93
42555,30069222,NCJBZ,S,-0.007625,0.82
42555,30069222,NCJSG,S,0.013033,0.88
42555,30069222,NCCMR,S,0.0021220000000000024,0.94
42555,30069222,NCCVA,S,-9.599999999999886e-05,0.95
42555,30069222,NCHCR,S,-0.0018579999999999985,0.76
42555,30069222,NCJSC,S,0.012139,0.86
42555,30069222,NCHFE,S,-0.0010389999999999983,0.81
42555,30069222,NCJBM,S,-0.0019839999999999997,0.88
42555,30069222,NCJSM,S,-0.0031249999999999993,0.85
42555,30069222,NCCCY,S,0.013151,0.95
42555,30069222,NCHJG,S,-0.0035129999999999988,0.88
42555,30092060,NCJST,P,-0.005581000000000003,0.708
42555,30092060,NCCML,P,0.011633000000000004,0.84
42555,30092060,NCCAL,P,-4.000000000001225e-05,0.873
42555,30092060,NCHSP,P,-0.0016069999999999973,0.768
42555,30092060,NCJHL,P,-0.0038650000000000073,0.724
42555,30092060,NCJEC,P,-0.0016560000000000186,0.777
42555,30092060,NCHGW,P,0.0008139999999999814,0.912
42555,30092060,NCCMJ,P,0.0009750000000000036,0.724
42555,30092060,NCHCA,P,-0.014041999999999999,0.867
42555,30092060,NCJSG,P,0.008301000000000003,0.834
42555,30092060,NCCVA,P,-0.003490999999999994,0.802
42555,30092060,NCCVL,P,-0.00043799999999999395,0.795
42555,30092060,NCJSC,P,0.009333000000000008,0.811
42555,30092060,NCCST,P,-0.010963,0.9
42555,30092060,NCJBM,P,-0.007789999999999991,0.788
42555,30092060,NCCCY,P,0.010358000000000006,0.858
42555,30092060,NCHDLb,P,-0.017866999999999994,0.85
42555,30092060,NCHFP,P,-0.008357000000000003,0.719
42555,30092060,NCCAO,S,-0.011509999999999992,0.81
42555,30092060,NCCADa,S,-0.011403999999999997,0.79
42555,30092060,NCJST,S,-0.0013009999999999966,0.85
42555,30092060,NCJCB,S,-0.012424999999999992,0.85
42555,30092060,NCCML,S,0.0071279999999999955,0.74
42555,30092060,NCCAL,S,0.0042089999999999905,0.85
42555,30092060,NCJAL,S,-0.00033800000000000496,0.74
42555,30092060,NCHSP,S,-0.007641000000000009,0.76
42555,30092060,NCJSS,S,0.00023799999999998822,0.83
42555,30092060,NCJEC,S,-0.0029669999999999974,0.77
42555,30092060,NCCDV,S,-0.014709,0.88
42555,30092060,NCCMJ,S,0.002705999999999986,0.74
42555,30092060,NCCVA,S,-0.0005090000000000094,0.91
42555,30092060,NCCVL,S,-0.007507000000000014,0.79
42555,30092060,NCCCY,S,0.011546,0.84
42555,389286,NCCMH,P,-0.002034000000000001,0.857
42555,389286,NCJST,P,-0.0033400000000000027,0.776
42555,389286,NCJCB,P,-0.01854,0.712
42555,389286,NCHSP,P,-0.0012780000000000014,0.814
42555,389286,NCJHL,P,-0.003911999999999999,0.754
42555,389286,NCJRR,P,-0.01362,0.742
42555,389286,NCHGS,P,-0.013142000000000001,0.847
42555,389286,NCJEC,P,-0.002454999999999999,0.772
42555,389286,NCHGW,P,0.002708999999999996,0.9
42555,389286,NCCMJ,P,-0.006371000000000002,0.728
42555,389286,NCHCA,P,-0.004415000000000002,0.74
42555,389286,NCJSG,P,0.00281,0.837
42555,389286,NCCMR,P,-0.010147000000000003,0.968
42555,389286,NCCVA,P,-0.009466000000000002,0.829
42555,389286,NCHFE,P,-0.010331,0.794
42555,389286,NCCST,P,-0.014147,0.814
42555,389286,NCJBM,P,-0.011444000000000003,0.802
42555,389286,NCCCY,P,0.003258999999999998,0.776
42555,389286,NCHDLb,P,-0.017447000000000004,0.864
42555,389286,NCCMH,S,-0.008462999999999998,0.79
42555,389286,NCCAO,S,-0.013235000000000004,0.77
42555,389286,NCJST,S,-0.001472000000000001,0.87
42555,389286,NCJCB,S,-0.014249000000000005,0.81
42555,389286,NCJAL,S,-0.001117,0.76
42555,389286,NCHSP,S,-0.0032910000000000023,0.79
42555,389286,NCJSS,S,-0.0035200000000000023,0.84
42555,389286,NCHGS,S,-0.013962000000000002,0.82
42555,389286,NCJEC,S,-0.002914,0.81
42555,389286,NCCDV,S,-0.022989000000000002,0.92
42555,389286,NCCMJ,S,-0.006395999999999999,0.77
42555,389286,NCCMR,S,-0.015301000000000002,0.85
42555,389286,NCCVA,S,-0.005372000000000002,0.84
42555,389286,NCCCY,S,0.0010970000000000008,0.9
42555,42559,NCCSC,P,0.007899,0.778
42555,42559,NCCML,P,0.009703,0.831
42555,42559,NCCMM,P,-0.002730999999999999,0.758
42555,42559,NCHGS,P,-0.027908,0.8
42555,42559,NCJEC,P,-0.017943999999999998,0.735
42555,42559,NCHGW,P,-0.025550999999999997,0.886
42555,42559,NCCDV,P,0.010374000000000001,0.946
42555,42559,NCCMJ,P,0.013809000000000002,0.815
42555,42559,NCCMP,P,-0.017262,0.738
42555,42559,NCHCA,P,-0.027198,0.842
42555,42559,NCJSG,P,0.0060170000000000015,0.816
42555,42559,NCCMR,P,0.0075920000000000015,0.891
42555,42559,NCCVA,P,0.012209000000000001,0.841
42555,42559,NCCMN,P,0.010805000000000002,0.909
42555,42559,NCCVL,P,0.012164000000000001,0.875
42555,42559,NCJSC,P,0.006540000000000001,0.791
42555,42559,NCHFE,P,-0.024503,0.763
42555,42559,NCCST,P,0.00015500000000000236,0.898
42555,42559,NCHPL,P,-0.027323,0.889
42555,42559,NCJBM,P,0.005773,0.753
42555,42559,NCJSM,P,0.002142999999999999,0.702
42555,42559,NCCCY,P,0.011545,0.786
42555,42559,NCHKR,P,-0.028957999999999998,0.852
42555,42559,NCHDLb,P,-0.023216,0.807
42555,42559,NCHJG,P,-0.026408,0.741
42555,42559,NCJHP,P,0.007123000000000001,0.764
42555,42559,NCHQR,P,-0.015528,0.829
42555,42559,NCCAO,S,-0.012139,0.72
42555,42559,NCJST,S,-0.002069999999999999,0.79
42555,42559,NCJCB,S,-0.028783,0.75
42555,42559,NCCAL,S,0.02919,0.76
42555,42559,NCJAL,S,-0.007762,0.81
42555,42559,NCCMM,S,-0.0026119999999999997,0.79
42555,42559,NCJSS,S,-0.0027849999999999993,0.85
42555,42559,NCHGS,S,-0.038182999999999995,0.76
42555,42559,NCJEC,S,-0.017896,0.83
42555,42559,NCCDV,S,0.020704,0.91
42555,42559,NCCMP,S,-0.024694,0.93
42555,42559,NCHCA,S,-0.036199999999999996,0.74
42555,42559,NCCMR,S,0.01758,0.81
42555,42559,NCCVA,S,0.033149,0.9
42555,42559,NCCMN,S,0.025664,0.84
42555,42559,NCHPL,S,-0.037497,0.78
42555,42559,NCCCY,S,0.03819,0.82
42555,42559,NCJLT,S,0.014969000000000003,0.71
42555,42559,NCHFH,S,-0.030039999999999997,0.73
42555,42559,NCHKR,S,-0.032819,0.73
42555,42559,NCHQR,S,-0.026831,0.71
42555,42643,NCCSC,P,0.006415999999999998,0.751
42555,42643,NCCMH,P,0.011206,0.768
42555,42643,NCCAL,P,0.0034070000000000003,0.75
42555,42643,NCCMM,P,-0.006926999999999999,0.722
42555,42643,NCHGS,P,-0.017134999999999997,0.845
42555,42643,NCJEC,P,-0.010268,0.802
42555,42643,NCHGW,P,-0.014596999999999999,0.876
42555,42643,NCCDV,P,0.0005920000000000022,0.94
42555,42643,NCCMJ,P,0.003035000000000003,0.775
42555,42643,NCCMP,P,-0.012413999999999998,0.868
42555,42643,NCJBZ,P,-0.009623999999999997,0.705
42555,42643,NCHCA,P,-0.016353,0.841
42555,42643,NCJSG,P,0.0001850000000000046,0.888
42555,42643,NCCMR,P,-0.0018759999999999992,0.869
42555,42643,NCCVA,P,0.0017780000000000018,0.832
42555,42643,NCCMN,P,-0.0006379999999999997,0.854
42555,42643,NCCVL,P,0.002339000000000001,0.877
42555,42643,NCHFE,P,-0.013554999999999998,0.787
42555,42643,NCCST,P,-0.006229999999999999,0.768
42555,42643,NCHPL,P,-0.018201,0.943
42555,42643,NCJBM,P,-0.00047499999999999626,0.832
42555,42643,NCJSM,P,-0.0008909999999999994,0.727
42555,42643,NCCCY,P,0.001922,0.738
42555,42643,NCHFH,P,-0.016832,0.752
42555,42643,NCHKR,P,-0.018423,0.895
42555,42643,NCHDLb,P,-0.014599999999999998,0.833
42555,42643,NCHJG,P,-0.0172,0.769
42555,42643,NCJHP,P,-0.00037099999999999633,0.859
42555,42643,NCCLC,P,-0.0018849999999999978,0.791
42555,42643,NCHFP,P,-0.017804,0.721
42555,42643,NCHQR,P,-0.016767999999999998,0.728
42555,42643,NCCAO,S,-0.009936,0.83
42555,42643,NCCADa,S,-0.021386999999999996,0.78
42555,42643,NCJST,S,-0.0006929999999999992,0.77
42555,42643,NCJCB,S,-0.012826999999999998,0.73
42555,42643,NCCML,S,-0.0014449999999999984,0.73
42555,42643,NCCAL,S,0.011950000000000002,0.79
42555,42643,NCJAL,S,-0.0031909999999999994,0.82
42555,42643,NCCMM,S,-0.010547999999999998,0.83
42555,42643,NCJSS,S,-0.0030489999999999996,0.85
42555,42643,NCHGS,S,-0.022240999999999997,0.88
42555,42643,NCJEC,S,-0.009110999999999998,0.87
42555,42643,NCHGW,S,-0.02266,0.72
42555,42643,NCCDV,S,0.0024050000000000044,0.9
42555,42643,NCCMP,S,-0.021081,0.97
42555,42643,NCHCA,S,-0.023077,0.85
42555,42643,NCCMR,S,-0.0052759999999999994,0.8
42555,42643,NCCVA,S,0.004205,0.9
42555,42643,NCCMN,S,-0.0012669999999999973,0.87
42555,42643,NCCVL,S,-0.0008129999999999978,0.78
42555,42643,NCCST,S,-0.008993999999999999,0.71
42555,42643,NCHPL,S,-0.028442,0.87
42555,42643,NCCCY,S,0.0063490000000000005,0.8
42555,42643,NCHFH,S,-0.024741,0.78
42555,42643,NCHKR,S,-0.025625,0.83
42555,42643,NCHDLb,S,-0.018666999999999996,0.78
42555,42643,NCHJG,S,-0.022413,0.75
42555,42643,NCHQR,S,-0.024964999999999998,0.74
42555,478138,NCCML,P,0.04141900000000001,0.81
42555,478138,NCCAL,P,0.031811000000000006,0.709
42555,478138,NCCDV,P,0.014837000000000017,0.902
42555,478138,NCCMJ,P,0.034192,0.763
42555,478138,NCHCA,P,-0.009251999999999982,0.895
42555,478138,NCCMR,P,0.017909000000000008,0.893
42555,478138,NCCVA,P,0.029725,0.831
42555,478138,NCCVL,P,0.033581,0.84
42555,478138,NCJSC,P,0.039185,0.825
42555,478138,NCHFE,P,-0.0070029999999999815,0.852
42555,478138,NCJBM,P,0.020554000000000017,0.837
42555,478138,NCCCY,P,0.04348200000000001,0.709
42555,478138,NCCAO,S,0.0022950000000000192,0.72
42555,478138,NCJST,S,0.017192000000000013,0.77
42555,478138,NCCML,S,0.04778700000000001,0.73
42555,478138,NCCAL,S,0.04680500000000001,0.81
42555,478138,NCJAL,S,0.01367500000000002,0.79
42555,478138,NCCDV,S,0.02760700000000002,0.9
42555,478138,NCCMR,S,0.025177000000000005,0.79
42555,478138,NCCVA,S,0.04210900000000001,0.9
42555,478138,NCCVL,S,0.038692000000000004,0.71
42555,478138,NCCCY,S,0.059933000000000014,0.8
42555,529274,NCCMH,P,0.019481,0.817
42555,529274,NCJST,P,0.009733999999999993,0.815
42555,529274,NCCML,P,0.025234000000000006,0.791
42555,529274,NCCAL,P,0.014620999999999995,0.781
42555,529274,NCHSP,P,0.009469000000000005,0.789
42555,529274,NCJHL,P,0.009444000000000008,0.74
42555,529274,NCJEC,P,0.016112000000000015,0.701
42555,529274,NCCDV,P,-0.0018869999999999998,0.951
42555,529274,NCCMJ,P,0.013876,0.756
42555,529274,NCHCA,P,0.00022300000000000098,0.851
42555,529274,NCCVA,P,0.010513999999999996,0.803
42555,529274,NCCMN,P,0.004817999999999989,0.851
42555,529274,NCHFE,P,0.002018999999999993,0.763
42555,529274,NCCST,P,0.0011309999999999931,0.884
42555,529274,NCJBM,P,0.007055000000000006,0.748
42555,529274,NCCCY,P,0.02363599999999999,0.765
42555,529274,NCJHP,P,0.009753000000000012,0.826
42555,529274,NCCAO,S,0.00014200000000000323,0.74
42555,529274,NCCADa,S,-0.0024460000000000037,0.77
42555,529274,NCJST,S,0.015144999999999992,0.82
42555,529274,NCCML,S,0.020513000000000003,0.75
42555,529274,NCCAL,S,0.021849000000000007,0.86
42555,529274,NCJAL,S,0.014928999999999998,0.71
42555,529274,NCHSP,S,0.0031029999999999947,0.74
42555,529274,NCJSS,S,0.015807000000000015,0.81
42555,529274,NCJEC,S,0.012696000000000013,0.83
42555,529274,NCCDV,S,-0.00048799999999998844,0.92
42555,529274,NCCMJ,S,0.017686000000000007,0.71
42555,529274,NCHCA,S,-0.0034520000000000106,0.78
42555,529274,NCCVA,S,0.011843999999999993,0.91
42555,529274,NCCMN,S,0.007175999999999988,0.83
42555,529274,NCCST,S,-0.0008720000000000117,0.72
42555,529274,NCCCY,S,0.02590200000000001,0.79
42555,54084,NCCSC,P,0.0035109999999999968,0.777
42555,54084,NCJST,P,-0.008408000000000006,0.723
42555,54084,NCHGS,P,-0.03247300000000001,0.784
42555,54084,NCHGW,P,-0.028522,0.921
42555,54084,NCCDV,P,0.008513999999999997,0.933
42555,54084,NCCMJ,P,0.012274999999999998,0.741
42555,54084,NCHCA,P,-0.031957000000000006,0.834
42555,54084,NCJSG,P,0.0033149999999999985,0.813
42555,54084,NCCMR,P,0.0060119999999999965,0.864
42555,54084,NCCVA,P,0.010989999999999996,0.843
42555,54084,NCJSC,P,0.004112999999999999,0.758
42555,54084,NCCST,P,-0.0019890000000000047,0.852
42555,54084,NCJBM,P,0.0017759999999999998,0.809
42555,54084,NCCCY,P,0.009988999999999998,0.717
42555,54084,NCHDLb,P,-0.025974000000000004,0.781
42555,54084,NCJST,S,-0.003499000000000002,0.83
42555,54084,NCJCB,S,-0.030882,0.78
42555,54084,NCCAL,S,0.030597,0.82
42555,54084,NCJSS,S,-0.002809000000000006,0.86
42555,54084,NCHGS,S,-0.04250600000000001,0.78
42555,54084,NCCDV,S,0.01867,0.91
42555,54084,NCCMP,S,-0.026183000000000005,0.94
42555,54084,NCCVA,S,0.023667999999999998,0.87
42555,54084,NCCCY,S,0.026740999999999997,0.79
42555,62514,NCCSC,P,0.006053000000000001,0.834
42555,62514,NCCMH,P,0.005832000000000002,0.8
42555,62514,NCCADa,P,-0.021242,0.727
42555,62514,NCJST,P,0.001694000000000001,0.804
42555,62514,NCCAL,P,0.0011990000000000021,0.871
42555,62514,NCHSP,P,-0.0032779999999999997,0.754
42555,62514,NCJHL,P,0.0028890000000000027,0.759
42555,62514,NCJRR,P,-0.005093999999999998,0.702
42555,62514,NCJSS,P,-0.00026299999999999935,0.75
42555,62514,NCJEC,P,0.012347000000000002,0.774
42555,62514,NCHGW,P,-0.007108,0.908
42555,62514,NCCMJ,P,-0.0009659999999999981,0.809
42555,62514,NCCMP,P,-0.006075999999999998,0.823
42555,62514,NCJBZ,P,-0.008815,0.739
42555,62514,NCHCA,P,-0.006954999999999999,0.876
42555,62514,NCJSG,P,-0.000610999999999997,0.897
42555,62514,NCCMR,P,-0.0038619999999999974,0.903
42555,62514,NCCVA,P,-0.0014850000000000002,0.855
42555,62514,NCJSC,P,-0.0028699999999999976,0.738
42555,62514,NCHFE,P,-0.010977999999999998,0.789
42555,62514,NCHPL,P,-0.010027999999999999,0.897
42555,62514,NCJBM,P,-0.002581,0.842
42555,62514,NCCCY,P,-0.0022699999999999977,0.786
42555,62514,NCHDLb,P,-0.006939999999999998,0.86
42555,62514,NCCLC,P,-0.0031819999999999973,0.732
42555,62514,NCHFP,P,-0.009748,0.75
42555,62514,NCCMH,S,-0.0013869999999999993,0.78
42555,62514,NCCAO,S,-0.006529,0.82
42555,62514,NCCADa,S,-0.022062999999999996,0.72
42555,62514,NCJST,S,0.0016990000000000026,0.9
42555,62514,NCJCB,S,-0.002321,0.86
42555,62514,NCCAL,S,0.0022680000000000027,0.88
42555,62514,NCJAL,S,0.0037310000000000017,0.76
42555,62514,NCHSP,S,-0.006596999999999999,0.76
42555,62514,NCJSS,S,-0.0012139999999999998,0.87
42555,62514,NCJEC,S,0.012496000000000002,0.82
42555,62514,NCCMJ,S,-0.0025459999999999997,0.8
42555,62514,NCCMP,S,-0.013048,0.95
42555,62514,NCHCA,S,-0.011046999999999998,0.73
42555,62514,NCJSG,S,-0.002772,0.71
42555,62514,NCHPL,S,-0.014136,0.79
42555,62514,NCCCY,S,-0.004166999999999997,0.86
42555,62514,NCHQR,S,-0.009557,0.74
42555,62520,NCCCOa,P,0.0013170000000000126,0.938
42555,62520,NCCSC,P,0.003828000000000012,0.891
42555,62520,NCCMH,P,0.004277000000000003,0.893
42555,62520,NCCAO,P,0.003256000000000009,0.784
42555,62520,NCCADa,P,-0.015861,0.869
42555,62520,NCJST,P,0.0036860000000000087,0.876
42555,62520,NCJCB,P,0.0020020000000000038,0.92
42555,62520,NCCAL,P,0.006761000000000003,0.896
42555,62520,NCJAL,P,0.007831000000000005,0.784
42555,62520,NCHSP,P,0.00370100000000001,0.826
42555,62520,NCJHL,P,0.006618000000000013,0.878
42555,62520,NCJRR,P,0.0012340000000000129,0.972
42555,62520,NCJSS,P,0.002844000000000013,0.787
42555,62520,NCHGW,P,0.0008750000000000008,0.979
42555,62520,NCCMJ,P,0.004614000000000007,0.881
42555,62520,NCCMP,P,0.0041140000000000065,0.804
42555,62520,NCJBZ,P,-0.00301499999999999,0.756
42555,62520,NCHCA,P,0.000796000000000005,0.979
42555,62520,NCJSG,P,0.004619000000000012,0.852
42555,62520,NCCMR,P,0.0046680000000000055,0.897
42555,62520,NCCVA,P,0.00447800000000001,0.841
42555,62520,NCHCR,P,0.002485000000000001,0.876
42555,62520,NCJSC,P,0.0037590000000000123,0.825
42555,62520,NCHFE,P,-0.0035110000000000002,0.796
42555,62520,NCHPL,P,0.0015030000000000043,0.907
42555,62520,NCJBM,P,0.0028680000000000094,0.913
42555,62520,NCHAZ,P,0.0014230000000000076,0.75
42555,62520,NCCCY,P,0.0041160000000000085,0.817
42555,62520,NCHFH,P,0.0017339999999999994,0.899
42555,62520,NCHBT,P,0.001697000000000004,0.739
42555,62520,NCJHP,P,0.004517000000000007,0.725
42555,62520,NCCLC,P,0.005889000000000005,0.709
42555,62520,NCHFP,P,0.0016710000000000058,0.749
42555,62520,NCCCOa,S,0.0016170000000000073,0.94
42555,62520,NCCSC,S,0.003824000000000008,0.9
42555,62520,NCCMH,S,0.004533000000000009,0.93
42555,62520,NCCAO,S,0.0033240000000000075,0.89
42555,62520,NCCADa,S,-0.013801999999999995,0.9
42555,62520,NCJST,S,0.0035620000000000096,0.94
42555,62520,NCJCB,S,0.0022040000000000115,0.97
42555,62520,NCCAL,S,0.007131000000000012,0.94
42555,62520,NCJAL,S,0.006526000000000004,0.93
42555,62520,NCHSP,S,0.003943000000000002,0.9
42555,62520,NCJHL,S,0.007411000000000001,0.86
42555,62520,NCJRR,S,0.0015050000000000063,0.96
42555,62520,NCJSS,S,0.0035200000000000092,0.96
42555,62520,NCHGW,S,0.0013910000000000033,0.97
42555,62520,NCCMJ,S,0.006242000000000011,0.9
42555,62520,NCCMP,S,0.004021000000000011,0.94
42555,62520,NCJBZ,S,-0.0034169999999999895,0.72
42555,62520,NCHCA,S,0.0012160000000000087,0.94
42555,62520,NCJSG,S,0.004273000000000013,0.82
42555,62520,NCJBC,S,0.0061430000000000096,0.79
42555,62520,NCCVA,S,0.005376000000000006,0.91
42555,62520,NCJSC,S,0.003954000000000013,0.88
42555,62520,NCHFE,S,-0.005632999999999999,0.75
42555,62520,NCHPL,S,-0.002671999999999994,0.77
42555,62520,NCCPL,S,0.0048870000000000025,0.76
42555,62520,NCCCY,S,0.004426000000000013,0.92
42555,62520,NCJLT,S,0.005771000000000012,0.76
42555,62520,NCHQR,S,0.0015539999999999998,0.76
42555,77218,NCCSC,P,0.012143,0.808
42555,77218,NCJCB,P,-0.018597,0.736
42555,77218,NCCML,P,0.014149,0.784
42555,77218,NCJRR,P,-0.019551000000000002,0.734
42555,77218,NCJEC,P,0.00046900000000000067,0.755
42555,77218,NCCDV,P,0.011624,0.944
42555,77218,NCCMJ,P,0.019061,0.831
42555,77218,NCJSG,P,0.010984,0.877
42555,77218,NCCMR,P,0.011873,0.908
42555,77218,NCHCR,P,-0.019905000000000003,0.722
42555,77218,NCCMN,P,0.014652,0.87
42555,77218,NCJSC,P,0.011056,0.842
42555,77218,NCHFE,P,-0.029313000000000002,0.843
42555,77218,NCCST,P,-0.009317000000000002,0.9
42555,77218,NCHPL,P,-0.025224,0.871
42555,77218,NCHAZ,P,-0.021258000000000003,0.737
42555,77218,NCCCY,P,0.017693,0.703
42555,77218,NCHJG,P,-0.023007000000000003,0.735
42555,77218,NCJHP,P,0.012826,0.761
42555,77218,NCCLC,P,0.010955,0.84
42555,77218,NCCAO,S,-0.008402999999999997,0.76
42555,77218,NCJST,S,0.002246999999999999,0.8
42555,77218,NCJCB,S,-0.027031999999999997,0.75
42555,77218,NCCML,S,0.019438,0.74
42555,77218,NCCAL,S,0.034431,0.75
42555,77218,NCJSS,S,0.0018330000000000013,0.84
42555,77218,NCJEC,S,-0.0013820000000000013,0.84
42555,77218,NCCDV,S,0.022288,0.9
42555,77218,NCCMP,S,-0.018356,0.98
42555,77218,NCCMR,S,0.019656,0.81
42555,77218,NCCMN,S,0.018422,0.84
42555,77218,NCHPL,S,-0.047155,0.75
42555,77218,NCCCY,S,0.033769,0.8
42555,77218,NCJLT,S,0.010242,0.71
42559,101361,NCCCOa,P,-0.0018859999999999988,0.746
42559,101361,NCCSC,P,-0.000897999999999996,0.961
42559,101361,NCCMH,P,-0.00010799999999999699,0.958
42559,101361,NCCAO,P,-0.0001810000000000006,0.885
42559,101361,NCCADa,P,-0.019197,0.976
42559,101361,NCJST,P,-0.0011329999999999951,0.927
42559,101361,NCJCB,P,-0.0023099999999999996,0.889
42559,101361,NCCML,P,0.00019100000000000367,0.985
42559,101361,NCCAL,P,-0.00010799999999999699,0.977
42559,101361,NCHSP,P,-0.00029900000000000065,0.915
42559,101361,NCCMM,P,-0.015795999999999998,0.889
42559,101361,NCJRR,P,-0.0036279999999999993,0.896
42559,101361,NCJSS,P,-0.0010490000000000013,0.888
42559,101361,NCHGS,P,-0.0019949999999999968,0.94
42559,101361,NCJEC,P,0.010761000000000003,0.95
42559,101361,NCHGW,P,-0.008460999999999996,0.986
42559,101361,NCCDV,P,-0.0038499999999999993,0.956
42559,101361,NCCMJ,P,4.400000000000237e-05,0.979
42559,101361,NCCMP,P,0.0002750000000000044,0.949
42559,101361,NCJBZ,P,-0.008017999999999997,0.903
42559,101361,NCCMR,P,-0.002460999999999998,0.943
42559,101361,NCJBC,P,-0.0026359999999999995,0.872
42559,101361,NCCVA,P,-0.00044299999999999895,0.961
42559,101361,NCHPR,P,0.00037800000000000333,0.888
42559,101361,NCJSC,P,-0.0021009999999999987,0.897
42559,101361,NCHFE,P,-0.010322999999999999,0.956
42559,101361,NCCST,P,-0.015719999999999998,0.879
42559,101361,NCJBM,P,-0.0016740000000000019,0.935
42559,101361,NCCPL,P,-0.00015899999999999942,0.822
42559,101361,NCCCY,P,-0.0013159999999999977,0.943
42559,101361,NCJLT,P,0.0006570000000000048,0.846
42559,101361,NCHDLb,P,-0.0016949999999999951,0.918
42559,101361,NCHSFb,P,-0.0026499999999999996,0.927
42559,101361,NCCMO,P,-0.018106999999999998,0.73
42559,101361,NCCLC,P,-0.0019510000000000013,0.726
42559,101361,NCHFP,P,-0.003811000000000002,0.82
42559,101361,NCBVY,P,-0.010567,0.789
42559,101361,NCHQR,P,-0.012255999999999996,0.944
42559,101361,NCCCOa,S,-0.0010999999999999968,0.93
42559,101361,NCCSC,S,-0.000681000000000001,0.97
42559,101361,NCCMH,S,-0.0003049999999999997,0.97
42559,101361,NCCAO,S,-0.0006009999999999974,0.96
42559,101361,NCCADa,S,-0.018614,0.97
42559,101361,NCJST,S,-0.0010329999999999992,0.98
42559,101361,NCJCB,S,-0.002805999999999996,0.98
42559,101361,NCCML,S,-0.00031799999999999884,0.96
42559,101361,NCCAL,S,0.00028399999999999953,0.97
42559,101361,NCJAL,S,-0.012060999999999995,0.94
42559,101361,NCHSP,S,0.0007740000000000039,0.95
42559,101361,NCCMM,S,-0.015158999999999999,0.92
42559,101361,NCJRR,S,-0.0031079999999999997,0.9
42559,101361,NCJSS,S,-0.001226999999999999,0.91
42559,101361,NCHGS,S,-0.0015159999999999965,0.97
42559,101361,NCJEC,S,0.010990000000000003,0.96
42559,101361,NCHGW,S,-0.007490999999999998,0.97
42559,101361,NCCDV,S,-0.003124999999999996,0.96
42559,101361,NCCMJ,S,0.0005930000000000032,0.98
42559,101361,NCCMP,S,-0.0006859999999999991,0.99
42559,101361,NCJBZ,S,-0.013805999999999999,0.84
42559,101361,NCCMR,S,-0.00401,0.92
42559,101361,NCJBC,S,-0.016945,0.88
42559,101361,NCCVA,S,-0.010749000000000002,0.98
42559,101361,NCHPR,S,-0.009550999999999997,0.87
42559,101361,NCJSC,S,-0.012167999999999998,0.86
42559,101361,NCCPL,S,-0.009925999999999997,0.92
42559,101361,NCCCY,S,-0.010792999999999997,0.98
42559,101361,NCJLT,S,-0.008303999999999999,0.88
42559,101361,NCHFH,S,-0.013798999999999999,0.86
42559,101361,NCHDLb,S,-0.011048999999999996,0.93
42559,101361,NCHSFb,S,-0.010546,0.8
42559,101361,NCCLC,S,-0.011217999999999999,0.81
42559,101361,NCBVY,S,-0.011201999999999997,0.77
42559,101361,NCHQR,S,-0.012921999999999996,0.85
42559,101362,NCCSC,P,-0.019414999999999998,0.848
42559,101362,NCCADa,P,-0.014046,0.837
42559,101362,NCJST,P,-0.008901,0.706
42559,101362,NCJCB,P,-0.0020030000000000013,0.783
42559,101362,NCCML,P,-0.027507,0.942
42559,101362,NCCAL,P,-0.030676,0.733
42559,101362,NCCMM,P,-0.03260299999999999,0.743
42559,101362,NCJRR,P,-0.0027159999999999997,0.786
42559,101362,NCHGS,P,0.003190000000000002,0.838
42559,101362,NCJEC,P,0.011741,0.82
42559,101362,NCHGW,P,-0.0031270000000000013,0.924
42559,101362,NCCDV,P,-0.03282,0.922
42559,101362,NCCMJ,P,-0.031141,0.878
42559,101362,NCCMP,P,-0.006079000000000001,0.75
42559,101362,NCJBZ,P,-0.008194,0.835
42559,101362,NCCMR,P,-0.030792999999999997,0.936
42559,101362,NCJBC,P,-0.018794,0.782
42559,101362,NCCVA,P,-0.031842999999999996,0.882
42559,101362,NCHPR,P,0.0030960000000000015,0.748
42559,101362,NCCST,P,-0.037174,0.863
42559,101362,NCCCY,P,-0.032095,0.749
42559,101362,NCJLT,P,-0.023266,0.766
42559,101362,NCHDLb,P,-0.0006689999999999995,0.891
42559,101362,NCHSFb,P,0.003578999999999999,0.822
42559,101362,NCHJG,P,-0.0015039999999999984,0.705
42559,101362,NCCAO,S,-0.010252,0.76
42559,101362,NCCADa,S,0.0032210000000000016,0.78
42559,101362,NCJST,S,-0.009895999999999999,0.83
42559,101362,NCJCB,S,0.008870000000000001,0.82
42559,101362,NCCML,S,-0.04194199999999999,0.88
42559,101362,NCCAL,S,-0.043968999999999994,0.71
42559,101362,NCJAL,S,-0.018484999999999998,0.81
42559,101362,NCCMM,S,-0.039150000000000004,0.92
42559,101362,NCJSS,S,-0.014234,0.91
42559,101362,NCHGS,S,0.011863,0.81
42559,101362,NCJEC,S,0.010366,0.83
42559,101362,NCHGW,S,0.006417000000000001,0.71
42559,101362,NCCDV,S,-0.044694,0.88
42559,101362,NCCMP,S,-0.006227,0.95
42559,101362,NCCMR,S,-0.048949999999999994,0.81
42559,101362,NCJBC,S,-0.036674,0.81
42559,101362,NCCVA,S,-0.05410899999999999,0.93
42559,101362,NCCCY,S,-0.058721999999999996,0.87
42559,101362,NCJLT,S,-0.033083,0.71
42559,101659,NCCMN,P,0.026266,0.708
42559,101659,NCHPL,P,0.147928,0.815
42559,103138,NCCSC,P,0.0006910000000000041,0.881
42559,103138,NCCMH,P,-0.007597,0.769
42559,103138,NCCADa,P,-0.006285000000000006,0.862
42559,103138,NCJST,P,0.0036260000000000042,0.727
42559,103138,NCJCB,P,0.007730000000000001,0.724
42559,103138,NCCML,P,-0.003609000000000001,0.932
42559,103138,NCCAL,P,-0.007674999999999994,0.837
42559,103138,NCCMM,P,-0.013792000000000006,0.799
42559,103138,NCJRR,P,0.007220000000000004,0.784
42559,103138,NCHGW,P,0.008060999999999999,0.919
42559,103138,NCCDV,P,-0.009429,0.962
42559,103138,NCCMP,P,0.007973000000000001,0.79
42559,103138,NCJBZ,P,0.003256000000000002,0.741
42559,103138,NCCMR,P,-0.008241999999999992,0.928
42559,103138,NCJSC,P,-0.0034179999999999974,0.772
42559,103138,NCHFE,P,0.0012710000000000013,0.738
42559,103138,NCCST,P,-0.017366,0.873
42559,103138,NCHPL,P,0.007157999999999998,0.873
42559,103138,NCJLT,P,-0.0014100000000000015,0.741
42559,103138,NCHJG,P,0.008249,0.784
42559,103138,NCJHP,P,-0.0031219999999999998,0.873
42559,103138,NCHFP,P,0.008632,0.712
42559,103138,NCCSC,S,0.0016270000000000034,0.79
42559,103138,NCCMH,S,-0.010364000000000005,0.81
42559,103138,NCCAO,S,0.0030649999999999983,0.77
42559,103138,NCCADa,S,0.0026619999999999977,0.77
42559,103138,NCJST,S,0.004059,0.86
42559,103138,NCJCB,S,0.013101000000000002,0.87
42559,103138,NCCML,S,-0.012568000000000003,0.92
42559,103138,NCCAL,S,-0.013405999999999994,0.78
42559,103138,NCJAL,S,-0.0020769999999999955,0.81
42559,103138,NCCMM,S,-0.018255,0.93
42559,103138,NCJSS,S,0.0035280000000000034,0.94
42559,103138,NCHGS,S,0.013506000000000004,0.88
42559,103138,NCHGW,S,0.012867000000000003,0.77
42559,103138,NCCDV,S,-0.016942999999999993,0.94
42559,103138,NCCMP,S,0.00562,0.94
42559,103138,NCCMR,S,-0.019079999999999993,0.86
42559,103138,NCHCB,S,-0.001912999999999998,0.71
42559,103138,NCCST,S,-0.030139999999999993,0.72
42559,103138,NCHPL,S,0.007310999999999998,0.77
42559,103138,NCJLT,S,-0.009059000000000005,0.8
42559,126189,NCCSC,P,-0.013225999999999998,0.893
42559,126189,NCCMH,P,-0.013471,0.899
42559,126189,NCCAO,P,-0.012259999999999997,0.79
42559,126189,NCCADa,P,-0.030129,0.961
42559,126189,NCJST,P,-0.013291,0.835
42559,126189,NCJCB,P,-0.014278000000000002,0.821
42559,126189,NCCML,P,-0.012704999999999998,0.965
42559,126189,NCCAL,P,-0.01236,0.944
42559,126189,NCHSP,P,-0.017927000000000002,0.901
42559,126189,NCCMM,P,-0.028196000000000002,0.95
42559,126189,NCJHL,P,-0.016793,0.869
42559,126189,NCJRR,P,-0.014072999999999999,0.884
42559,126189,NCJSS,P,-0.013205999999999999,0.779
42559,126189,NCJEC,P,-0.000674000000000001,0.924
42559,126189,NCHGW,P,-0.018174,0.981
42559,126189,NCCMJ,P,-0.012823999999999999,0.917
42559,126189,NCCMP,P,-0.011711999999999997,0.942
42559,126189,NCJBZ,P,-0.028793000000000003,0.858
42559,126189,NCJSG,P,-0.013709000000000002,0.89
42559,126189,NCHCA,P,-0.017463999999999997,0.961
42559,126189,NCCMR,P,-0.031134,0.968
42559,126189,NCJBC,P,-0.011405000000000002,0.891
42559,126189,NCCVA,P,-0.012709000000000002,0.9
42559,126189,NCHCR,P,-0.013190999999999998,0.859
42559,126189,NCJSC,P,-0.02226,0.826
42559,126189,NCHFE,P,-0.021462,0.949
42559,126189,NCCST,P,-0.030054,0.943
42559,126189,NCHPL,P,-0.016128,0.929
42559,126189,NCJBM,P,-0.015891,0.825
42559,126189,NCHAZ,P,-0.017633,0.803
42559,126189,NCCPL,P,-0.013640000000000003,0.815
42559,126189,NCHFH,P,-0.012337999999999998,0.72
42559,126189,NCHKR,P,-0.026128000000000002,0.741
42559,126189,NCHDLb,P,-0.014492000000000001,0.887
42559,126189,NCJHP,P,-0.012237000000000001,0.902
42559,126189,NCCMO,P,-0.027844999999999998,0.755
42559,126189,NCHFP,P,-0.015624000000000002,0.807
42559,126189,NCBVY,P,-0.020274999999999998,0.721
42559,126189,NCHQR,P,-0.02879,0.907
42559,126189,NCCCOa,S,-0.013391999999999998,0.84
42559,126189,NCCSC,S,-0.013131,0.93
42559,126189,NCCMH,S,-0.013359,0.94
42559,126189,NCCAO,S,-0.013702000000000002,0.8
42559,126189,NCCADa,S,-0.029376999999999997,0.96
42559,126189,NCJST,S,-0.013556999999999996,0.93
42559,126189,NCJCB,S,-0.013755,0.97
42559,126189,NCCML,S,-0.013522999999999997,0.95
42559,126189,NCCAL,S,-0.01218,0.97
42559,126189,NCHSP,S,-0.016908999999999997,0.92
42559,126189,NCCMM,S,-0.027839,0.96
42559,126189,NCJHL,S,-0.015666999999999997,0.84
42559,126189,NCJRR,S,-0.015271999999999997,0.87
42559,126189,NCJSS,S,-0.013093999999999998,0.92
42559,126189,NCHGS,S,-0.014178,0.93
42559,126189,NCJEC,S,0.0006360000000000011,0.92
42559,126189,NCHGW,S,-0.017428999999999997,0.96
42559,126189,NCCDV,S,-0.016956000000000002,0.97
42559,126189,NCCMJ,S,-0.012479,0.94
42559,126189,NCCMP,S,-0.012848000000000002,0.97
42559,126189,NCJBZ,S,-0.036474999999999994,0.74
42559,126189,NCJSG,S,-0.023026,0.89
42559,126189,NCHCA,S,-0.016908999999999997,0.89
42559,126189,NCCMR,S,-0.031778,0.95
42559,126189,NCJBC,S,-0.019205999999999997,0.92
42559,126189,NCCOS,S,-0.022048,0.81
42559,126189,NCCVA,S,-0.022762,0.97
42559,126189,NCCMN,S,-0.026314,0.95
42559,126189,NCHCR,S,-0.025490000000000002,0.8
42559,126189,NCHFE,S,-0.03204799999999999,0.92
42559,126189,NCCST,S,-0.038282,0.89
42559,126189,NCHPL,S,-0.022629,0.92
42559,126189,NCCPL,S,-0.022424000000000003,0.91
42559,126189,NCHDLb,S,-0.024395999999999998,0.86
42559,126189,NCCLC,S,-0.022704,0.72
42559,126189,NCHFP,S,-0.018474,0.87
42559,126189,NCBSL,S,-0.029078999999999997,0.86
42559,126189,NCBVY,S,-0.009311,0.87
42559,126189,NCHQR,S,-0.013367,0.86
42559,126292,NCCSC,P,-0.011712,0.823
42559,126292,NCCADa,P,-0.0045839999999999995,0.822
42559,126292,NCJCB,P,0.006681,0.759
42559,126292,NCCML,P,-0.020106,0.954
42559,126292,NCCAL,P,-0.022520000000000002,0.715
42559,126292,NCJRR,P,0.006717,0.797
42559,126292,NCJEC,P,0.020130000000000002,0.827
42559,126292,NCHGW,P,0.006901999999999999,0.924
42559,126292,NCCMJ,P,-0.023854,0.833
42559,126292,NCCMP,P,0.0020220000000000004,0.815
42559,126292,NCJBZ,P,-0.008674,0.818
42559,126292,NCHCA,P,0.009816000000000002,0.919
42559,126292,NCJSG,P,-0.017768,0.865
42559,126292,NCCMR,P,-0.038917,0.919
42559,126292,NCHCR,P,0.011788,0.733
42559,126292,NCCMN,P,-0.026736,0.702
42559,126292,NCHCB,P,0.008416,0.759
42559,126292,NCCST,P,-0.031181999999999998,0.862
42559,126292,NCHPL,P,0.006412999999999999,0.87
42559,126292,NCHDLb,P,0.006367,0.864
42559,126292,NCJHP,P,-0.018363,0.855
42559,126292,NCBVY,P,0.001451,0.721
42559,126292,NCHQR,P,0.001593999999999999,0.797
42559,126292,NCCADa,S,0.013854000000000002,0.73
42559,126292,NCJST,S,-0.004973,0.79
42559,126292,NCJCB,S,0.018209,0.81
42559,126292,NCCML,S,-0.034738,0.88
42559,126292,NCJAL,S,-0.007791,0.76
42559,126292,NCCMM,S,-0.031601000000000004,0.89
42559,126292,NCJSS,S,-0.006671,0.89
42559,126292,NCHGS,S,0.021269,0.82
42559,126292,NCJEC,S,0.0202,0.81
42559,126292,NCCDV,S,-0.037827,0.9
42559,126292,NCCMP,S,0.0016840000000000006,0.96
42559,126292,NCHCA,S,0.017011000000000002,0.75
42559,126292,NCCMR,S,-0.056711,0.83
42559,126292,NCJBC,S,-0.018613,0.83
42559,126292,NCCOS,S,-0.029308,0.71
42559,126292,NCCVA,S,-0.046889,0.92
42559,126292,NCCMN,S,-0.046862,0.86
42559,126292,NCHCB,S,0.00020199999999999992,0.83
42559,126292,NCHPL,S,0.014755,0.75
42559,126389,NCCSC,P,-0.01029,0.832
42559,126389,NCCADa,P,0.0030890000000000015,0.748
42559,126389,NCCML,P,-0.012005999999999996,0.928
42559,126389,NCCAL,P,-0.016036,0.709
42559,126389,NCCMM,P,-0.014001,0.75
42559,126389,NCHGS,P,0.021442000000000003,0.814
42559,126389,NCJEC,P,0.026502,0.782
42559,126389,NCHGW,P,0.016298,0.897
42559,126389,NCCMJ,P,-0.017134999999999997,0.826
42559,126389,NCCMP,P,0.014261000000000003,0.766
42559,126389,NCHCA,P,0.018742,0.868
42559,126389,NCJSG,P,-0.009361000000000001,0.859
42559,126389,NCCMR,P,-0.028226,0.9
42559,126389,NCCVA,P,-0.015275999999999998,0.809
42559,126389,NCHFE,P,0.011672000000000002,0.81
42559,126389,NCCST,P,-0.019917999999999998,0.879
42559,126389,NCHPL,P,0.019532,0.9
42559,126389,NCJBM,P,-0.009692,0.871
42559,126389,NCHDLb,P,0.017454,0.85
42559,126389,NCJHP,P,-0.008951999999999998,0.911
42559,126389,NCCMO,P,-0.025112999999999996,0.77
42559,126389,NCHQR,P,0.011599000000000002,0.836
42559,126389,NCJST,S,-0.0016419999999999976,0.77
42559,126389,NCJCB,S,0.023933000000000003,0.75
42559,126389,NCCML,S,-0.023634999999999996,0.83
42559,126389,NCCAL,S,-0.029558999999999995,0.77
42559,126389,NCJAL,S,-0.004503999999999998,0.75
42559,126389,NCCMM,S,-0.014148999999999995,0.84
42559,126389,NCJSS,S,0.0017800000000000003,0.91
42559,126389,NCHGS,S,0.032419,0.78
42559,126389,NCJEC,S,0.025654000000000003,0.78
42559,126389,NCCDV,S,-0.026829,0.9
42559,126389,NCCMP,S,0.021089,0.96
42559,126389,NCHCA,S,0.028865000000000002,0.78
42559,126389,NCCMR,S,-0.036897,0.82
42559,126389,NCJBC,S,-0.006210999999999998,0.8
42559,126389,NCCVA,S,-0.034516,0.91
42559,126389,NCHPL,S,0.035277,0.73
42559,148939,NCCSC,P,0.022701000000000006,0.828
42559,148939,NCCMH,P,0.007675000000000001,0.772
42559,148939,NCCADa,P,0.040452,0.846
42559,148939,NCJCB,P,0.030970000000000004,0.898
42559,148939,NCCML,P,0.026460000000000004,0.932
42559,148939,NCCAL,P,0.013117000000000004,0.756
42559,148939,NCCMM,P,0.019441000000000007,0.772
42559,148939,NCJRR,P,0.034495000000000005,0.826
42559,148939,NCHGS,P,0.044300000000000006,0.834
42559,148939,NCJEC,P,0.041212000000000006,0.794
42559,148939,NCHGW,P,0.055727,0.915
42559,148939,NCCMJ,P,0.012535000000000004,0.874
42559,148939,NCCMP,P,0.039031,0.861
42559,148939,NCJBZ,P,0.029311000000000004,0.829
42559,148939,NCHCA,P,0.041488000000000004,0.921
42559,148939,NCJSG,P,0.029374000000000004,0.915
42559,148939,NCCMR,P,0.007448999999999997,0.915
42559,148939,NCHPR,P,0.038793,0.868
42559,148939,NCCVA,P,0.012442000000000009,0.884
42559,148939,NCHCR,P,0.04394000000000001,0.769
42559,148939,NCCVL,P,0.018085000000000004,0.833
42559,148939,NCCST,P,0.01667500000000001,0.829
42559,148939,NCJBM,P,0.012374999999999997,0.861
42559,148939,NCHAZ,P,0.038019000000000004,0.741
42559,148939,NCCCY,P,0.024110000000000006,0.702
42559,148939,NCHDLb,P,0.036704,0.854
42559,148939,NCHQR,P,0.04001300000000001,0.854
42559,148939,NCCAO,S,0.027363000000000005,0.72
42559,148939,NCCADa,S,0.05649900000000001,0.79
42559,148939,NCJST,S,0.032388,0.75
42559,148939,NCJCB,S,0.038264000000000006,0.86
42559,148939,NCCML,S,0.013023000000000007,0.88
42559,148939,NCCAL,S,0.0028839999999999977,0.76
42559,148939,NCCMM,S,0.013379000000000002,0.89
42559,148939,NCJHL,S,0.032163000000000004,0.75
42559,148939,NCJSS,S,0.023178000000000004,0.91
42559,148939,NCHGS,S,0.051679,0.86
42559,148939,NCJEC,S,0.035555,0.74
42559,148939,NCHGW,S,0.062879,0.71
42559,148939,NCCDV,S,0.0025610000000000077,0.92
42559,148939,NCCMP,S,0.038115,0.96
42559,148939,NCHCA,S,0.045630000000000004,0.73
42559,148939,NCCMR,S,-0.00784399999999999,0.86
42559,148939,NCCVA,S,-0.008156999999999998,0.95
42559,148939,NCCVL,S,-0.004015999999999992,0.81
42559,148939,NCCCY,S,-0.00028000000000000247,0.92
42559,160503,NCCADa,P,0.007949999999999999,0.905
42559,160503,NCJCB,P,0.00015199999999999936,0.828
42559,160503,NCCML,P,0.022462,0.854
42559,160503,NCCMM,P,0.007657999999999998,0.781
42559,160503,NCJHL,P,0.008086999999999997,0.804
42559,160503,NCHGS,P,0.009986000000000002,0.885
42559,160503,NCJEC,P,0.010777000000000002,0.872
42559,160503,NCHGW,P,0.022826,0.915
42559,160503,NCCMJ,P,0.011007999999999997,0.737
42559,160503,NCCMP,P,0.016392999999999998,0.876
42559,160503,NCHCA,P,0.0055549999999999974,0.891
42559,160503,NCJSG,P,0.019656,0.704
42559,160503,NCJBC,P,-0.0012720000000000023,0.727
42559,160503,NCHPR,P,0.010089,0.774
42559,160503,NCHCR,P,0.008379999999999999,0.831
42559,160503,NCJSC,P,0.017769,0.735
42559,160503,NCHFE,P,0.006749999999999999,0.799
42559,160503,NCCST,P,0.006983999999999997,0.774
42559,160503,NCHDLb,P,0.006315000000000001,0.851
42559,160503,NCHFP,P,0.025692,0.782
42559,160503,NCHQR,P,0.026716999999999998,0.818
42559,160503,NCCADa,S,0.008003999999999997,0.8
42559,160503,NCJST,S,0.010692,0.87
42559,160503,NCJCB,S,0.0016549999999999968,0.93
42559,160503,NCCML,S,0.01622,0.81
42559,160503,NCJAL,S,0.014434999999999996,0.84
42559,160503,NCHSP,S,0.021279,0.71
42559,160503,NCCMM,S,0.008253999999999997,0.93
42559,160503,NCJHL,S,0.010438999999999997,0.78
42559,160503,NCJSS,S,0.008399999999999998,0.9
42559,160503,NCHGS,S,0.010014000000000002,0.88
42559,160503,NCJEC,S,0.009306000000000002,0.85
42559,160503,NCHGW,S,0.023666,0.81
42559,160503,NCCDV,S,0.007074999999999998,0.85
42559,160503,NCCMJ,S,0.009387,0.78
42559,160503,NCCMP,S,0.014234999999999998,0.94
42559,160503,NCJBC,S,-0.0035120000000000012,0.86
42559,160503,NCCOS,S,0.011147999999999998,0.82
42559,160503,NCCVA,S,0.008126000000000001,0.85
42559,160503,NCHPR,S,0.005774999999999995,0.82
42559,160503,NCHCB,S,-0.0048920000000000005,0.74
42559,160503,NCCVL,S,0.012922999999999997,0.75
42559,160503,NCHFE,S,0.009611000000000001,0.75
42559,160503,NCCCY,S,0.020072,0.81
42559,215747,NCCADa,P,0.022819,0.862
42559,215747,NCJCB,P,0.016179,0.745
42559,215747,NCCML,P,0.011241000000000001,0.95
42559,215747,NCCAL,P,-0.0013989999999999975,0.778
42559,215747,NCJHL,P,0.019858,0.729
42559,215747,NCJRR,P,0.019055,0.799
42559,215747,NCHGS,P,0.028012,0.881
42559,215747,NCJEC,P,0.027042,0.785
42559,215747,NCHGW,P,0.040304,0.915
42559,215747,NCCDV,P,-0.015948999999999998,0.924
42559,215747,NCCMP,P,0.023423,0.815
42559,215747,NCJBZ,P,0.012497000000000001,0.815
42559,215747,NCHCA,P,0.02632,0.876
42559,215747,NCCMR,P,-0.0010500000000000023,0.929
42559,215747,NCCVA,P,-0.007050000000000001,0.826
42559,215747,NCHCR,P,0.027114,0.74
42559,215747,NCHFE,P,0.023429000000000002,0.756
42559,215747,NCCST,P,0.0012020000000000017,0.878
42559,215747,NCJBM,P,-0.002923000000000002,0.805
42559,215747,NCCCY,P,0.009536999999999997,0.792
42559,215747,NCHDLb,P,0.019643,0.883
42559,215747,NCHJG,P,0.020477,0.873
42559,215747,NCHFP,P,0.029802,0.742
42559,215747,NCBVY,P,0.023297000000000002,0.753
42559,215747,NCHQR,P,0.034235,0.734
42559,215747,NCCADa,S,0.038942,0.78
42559,215747,NCJST,S,0.014762,0.75
42559,215747,NCJCB,S,0.027256,0.85
42559,215747,NCCML,S,-0.0018750000000000017,0.88
42559,215747,NCCAL,S,-0.012645999999999998,0.72
42559,215747,NCJAL,S,0.018357000000000002,0.73
42559,215747,NCJHL,S,0.019282,0.73
42559,215747,NCHGS,S,0.035821,0.83
42559,215747,NCJEC,S,0.023748000000000002,0.76
42559,215747,NCCDV,S,-0.025414000000000006,0.89
42559,215747,NCCMP,S,0.022752,0.96
42559,215747,NCCMR,S,-0.015382,0.78
42559,215747,NCJBC,S,-0.019865999999999995,0.84
42559,215747,NCCVA,S,-0.02649,0.91
42559,215747,NCCCY,S,-0.016409,0.86
42559,238704,NCCCOa,P,-0.01249,0.779
42559,238704,NCCSC,P,-0.0033089999999999994,0.838
42559,238704,NCCMH,P,-0.007108999999999999,0.942
42559,238704,NCCADa,P,-0.010295,0.948
42559,238704,NCJST,P,-0.008079000000000001,0.914
42559,238704,NCJCB,P,-0.015583999999999999,0.844
42559,238704,NCCML,P,0.007747,0.967
42559,238704,NCCAL,P,-0.0031990000000000005,0.872
42559,238704,NCHSP,P,0.0008900000000000002,0.966
42559,238704,NCJHL,P,-0.006302,0.863
42559,238704,NCJRR,P,-0.010667000000000001,0.959
42559,238704,NCJSS,P,-0.00179,0.732
42559,238704,NCHGS,P,-0.006867,0.926
42559,238704,NCJEC,P,-0.004037000000000001,0.905
42559,238704,NCHGW,P,0.0056890000000000005,0.961
42559,238704,NCCDV,P,-0.018911999999999998,0.978
42559,238704,NCCMJ,P,-0.0026809999999999994,0.873
42559,238704,NCCMP,P,-0.0010930000000000002,0.942
42559,238704,NCJBZ,P,-0.013543000000000001,0.831
42559,238704,NCJSG,P,0.008169,0.903
42559,238704,NCHCA,P,-0.009900999999999998,0.97
42559,238704,NCCMR,P,-0.005415000000000001,0.908
42559,238704,NCCVA,P,-0.00659,0.896
42559,238704,NCHCR,P,-0.008148999999999998,0.923
42559,238704,NCHCB,P,-0.011966,0.775
42559,238704,NCCVL,P,0.0031470000000000005,0.932
42559,238704,NCJSC,P,-0.0014269999999999994,0.826
42559,238704,NCCST,P,-0.009200000000000002,0.927
42559,238704,NCHPL,P,-0.007534999999999998,0.937
42559,238704,NCJBM,P,-0.009667,0.952
42559,238704,NCCPL,P,0.008661,0.856
42559,238704,NCCCY,P,0.008766,0.927
42559,238704,NCHSFb,P,-0.0038499999999999993,0.9
42559,238704,NCHLT,P,-0.008258,0.743
42559,238704,NCHJG,P,-0.012218999999999999,0.922
42559,238704,NCJHP,P,-0.0037999999999999996,0.833
42559,238704,NCHFP,P,-0.004728000000000001,0.788
42559,238704,NCBVY,P,-0.010101,0.772
42559,238704,NCHQR,P,-0.0028629999999999992,0.824
42559,238704,NCCCOa,S,-0.01266,0.88
42559,238704,NCCSC,S,-0.003105,0.8
42559,238704,NCCMH,S,-0.006452999999999999,0.95
42559,238704,NCCADa,S,-0.011637,0.96
42559,238704,NCJST,S,-0.006839,0.95
42559,238704,NCJCB,S,-0.013417,0.96
42559,238704,NCCML,S,0.008191,0.96
42559,238704,NCCAL,S,-0.0019430000000000003,0.9
42559,238704,NCJAL,S,-0.0014809999999999997,0.92
42559,238704,NCHSP,S,0.001568,0.96
42559,238704,NCJHL,S,-0.002713,0.86
42559,238704,NCJRR,S,-0.010431000000000001,0.93
42559,238704,NCJSS,S,-0.005219,0.94
42559,238704,NCHGS,S,-0.007423000000000001,0.92
42559,238704,NCJEC,S,-0.004661,0.92
42559,238704,NCHGW,S,0.006116,0.95
42559,238704,NCCDV,S,-0.016968999999999998,0.97
42559,238704,NCCMJ,S,-0.0018899999999999993,0.93
42559,238704,NCCMP,S,-0.0029189999999999997,0.96
42559,238704,NCJBZ,S,-0.019906,0.84
42559,238704,NCJSG,S,-0.0018320000000000003,0.83
42559,238704,NCHCA,S,-0.017279000000000003,0.89
42559,238704,NCCMR,S,-0.0034839999999999993,0.92
42559,238704,NCJBC,S,-0.022925,0.9
42559,238704,NCCVA,S,-0.013793999999999999,0.95
42559,238704,NCCMN,S,-0.020096000000000003,0.97
42559,238704,NCHCR,S,-0.019971999999999997,0.9
42559,238704,NCHCB,S,-0.025855999999999997,0.84
42559,238704,NCCVL,S,-0.008988999999999999,0.95
42559,238704,NCJSC,S,-0.011468999999999998,0.78
42559,238704,NCCST,S,-0.016728,0.89
42559,238704,NCHPL,S,-0.017541,0.85
42559,238704,NCJBM,S,-0.019478000000000002,0.87
42559,238704,NCCPL,S,-0.0012139999999999998,0.93
42559,238704,NCCCY,S,-0.0016579999999999998,0.98
42559,238704,NCHSFb,S,-0.014091999999999999,0.76
42559,238704,NCCLC,S,-0.018498,0.81
42559,238704,NCHFP,S,-0.011694999999999999,0.86
42559,238790,NCCSC,P,0.00258,0.846
42559,238790,NCCMH,P,-0.008746,0.818
42559,238790,NCCADa,P,0.009943,0.888
42559,238790,NCJCB,P,0.0022959999999999994,0.78
42559,238790,NCCML,P,0.008838,0.965
42559,238790,NCCAL,P,-0.005603,0.79
42559,238790,NCJHL,P,0.009857,0.779
42559,238790,NCJRR,P,0.006900999999999999,0.779
42559,238790,NCHGS,P,0.012754,0.853
42559,238790,NCJEC,P,0.013269999999999999,0.796
42559,238790,NCHGW,P,0.025876999999999997,0.869
42559,238790,NCCDV,P,-0.018563,0.956
42559,238790,NCCMJ,P,-0.004921,0.814
42559,238790,NCCMP,P,0.013222,0.861
42559,238790,NCJBZ,P,0.003678,0.796
42559,238790,NCHCA,P,0.010113,0.934
42559,238790,NCJSG,P,0.011015,0.9
42559,238790,NCCMR,P,-0.005814000000000001,0.886
42559,238790,NCCVA,P,-0.008411,0.869
42559,238790,NCHCR,P,0.012610999999999999,0.776
42559,238790,NCHCB,P,0.007797,0.728
42559,238790,NCCVL,P,0.002221,0.862
42559,238790,NCJSC,P,0.0020039999999999997,0.793
42559,238790,NCCST,P,-0.005746,0.827
42559,238790,NCHPL,P,0.010709999999999999,0.892
42559,238790,NCJBM,P,-0.007087,0.851
42559,238790,NCCCY,P,0.006652,0.768
42559,238790,NCHJG,P,0.006881,0.798
42559,238790,NCJHP,P,-0.0028660000000000005,0.848
42559,238790,NCHFP,P,0.015707,0.724
42559,238790,NCHQR,P,0.01745,0.765
42559,238790,NCCMH,S,-0.011099000000000001,0.82
42559,238790,NCCADa,S,0.018379,0.76
42559,238790,NCJST,S,0.004928,0.8
42559,238790,NCJCB,S,0.011415999999999999,0.86
42559,238790,NCCML,S,-0.0008850000000000004,0.92
42559,238790,NCCAL,S,-0.011267,0.78
42559,238790,NCJAL,S,0.012960999999999999,0.75
42559,238790,NCJHL,S,0.009878999999999999,0.79
42559,238790,NCJSS,S,0.006536,0.9
42559,238790,NCHGS,S,0.017242,0.84
42559,238790,NCJEC,S,0.012726,0.82
42559,238790,NCHGW,S,0.030658000000000005,0.77
42559,238790,NCCDV,S,-0.025387,0.93
42559,238790,NCCMJ,S,-0.009978,0.8
42559,238790,NCCMP,S,0.010047,0.97
42559,238790,NCHCA,S,0.013611,0.77
42559,238790,NCJSG,S,-0.0002580000000000004,0.76
42559,238790,NCCMR,S,-0.013947000000000001,0.88
42559,238790,NCJBC,S,-0.018022,0.85
42559,238790,NCCVA,S,-0.023111,0.95
42559,238790,NCHCB,S,-0.006276,0.82
42559,238790,NCCVL,S,-0.021005000000000003,0.84
42559,238790,NCCST,S,-0.017564,0.78
42559,238790,NCHPL,S,0.011007,0.91
42559,238790,NCCCY,S,-0.014017,0.91
42559,30069222,NCCML,P,0.0055650000000000005,0.9
42559,30069222,NCCAL,P,-0.011215999999999999,0.726
42559,30069222,NCHGS,P,0.029929,0.794
42559,30069222,NCJEC,P,0.020796,0.754
42559,30069222,NCHGW,P,0.04042,0.872
42559,30069222,NCCDV,P,-0.021552,0.936
42559,30069222,NCCMJ,P,-0.009859999999999999,0.787
42559,30069222,NCJBZ,P,0.008486,0.781
42559,30069222,NCJSG,P,0.007518,0.807
42559,30069222,NCCMR,P,-0.004153,0.862
42559,30069222,NCCVA,P,-0.014012,0.776
42559,30069222,NCJPL,P,0.02075,0.737
42559,30069222,NCJSC,P,0.008677,0.836
42559,30069222,NCCST,P,-0.002097999999999999,0.867
42559,30069222,NCJBM,P,-0.007450999999999999,0.806
42559,30069222,NCCCY,P,0.002444,0.713
42559,30069222,NCHDLb,P,0.02009,0.787
42559,30069222,NCHJG,P,0.021548,0.815
42559,30069222,NCJST,S,-0.00039299999999999925,0.73
42559,30069222,NCJCB,S,0.024487,0.73
42559,30069222,NCCML,S,-0.006307999999999999,0.83
42559,30069222,NCCAL,S,-0.028333,0.71
42559,30069222,NCJAL,S,0.009953,0.74
42559,30069222,NCJSS,S,0.007039,0.82
42559,30069222,NCHGS,S,0.040263999999999994,0.73
42559,30069222,NCJEC,S,0.018869,0.74
42559,30069222,NCCDV,S,-0.030813,0.89
42559,30069222,NCCMR,S,-0.014582999999999999,0.79
42559,30069222,NCCVA,S,-0.033368999999999996,0.93
42559,30069222,NCCCY,S,-0.025432,0.78
42559,30092060,NCCMH,P,-0.014353000000000005,0.716
42559,30092060,NCCADa,P,0.01769800000000002,0.701
42559,30092060,NCJST,P,0.0016300000000000203,0.709
42559,30092060,NCJCB,P,0.0028770000000000184,0.774
42559,30092060,NCCML,P,0.0020960000000000145,0.959
42559,30092060,NCCAL,P,-0.013475999999999988,0.769
42559,30092060,NCJRR,P,0.007015000000000021,0.796
42559,30092060,NCJEC,P,0.01580300000000001,0.757
42559,30092060,NCHGW,P,0.027038000000000006,0.892
42559,30092060,NCHCA,P,0.01198100000000002,0.929
42559,30092060,NCJSG,P,0.0019750000000000045,0.846
42559,30092060,NCCVA,P,-0.016441999999999984,0.873
42559,30092060,NCHCR,P,0.013451000000000018,0.795
42559,30092060,NCCVL,P,-0.012294,0.775
42559,30092060,NCJSC,P,0.0033050000000000024,0.734
42559,30092060,NCCST,P,-0.011094999999999994,0.898
42559,30092060,NCJBM,P,-0.011498999999999981,0.784
42559,30092060,NCCCY,P,-0.0013039999999999996,0.824
42559,30092060,NCHDLb,P,0.006031000000000009,0.8
42559,30092060,NCHJG,P,0.006657999999999997,0.771
42559,30092060,NCCMH,S,-0.017425999999999997,0.71
42559,30092060,NCCAO,S,0.0006760000000000099,0.71
42559,30092060,NCCADa,S,0.029037000000000007,0.72
42559,30092060,NCJST,S,0.0016260000000000163,0.78
42559,30092060,NCJCB,S,0.014758000000000021,0.83
42559,30092060,NCCML,S,-0.009626999999999997,0.92
42559,30092060,NCCAL,S,-0.023674,0.77
42559,30092060,NCJHL,S,0.007911000000000001,0.75
42559,30092060,NCJSS,S,0.0025550000000000017,0.91
42559,30092060,NCJEC,S,0.012646000000000018,0.72
42559,30092060,NCCDV,S,-0.034635,0.89
42559,30092060,NCJBC,S,-0.025115,0.76
42559,30092060,NCCVA,S,-0.034221,0.93
42559,30092060,NCCVL,S,-0.03819699999999998,0.79
42559,30092060,NCCCY,S,-0.02482999999999999,0.87
42559,389286,NCJCB,P,0.0028619999999999965,0.797
42559,389286,NCJRR,P,0.008464,0.798
42559,389286,NCHGS,P,0.015115999999999997,0.814
42559,389286,NCJEC,P,0.015328999999999995,0.743
42559,389286,NCHGW,P,0.029627999999999998,0.892
42559,389286,NCCDV,P,-0.031454,0.942
42559,389286,NCCMJ,P,-0.019406,0.819
42559,389286,NCHCA,P,0.021481999999999998,0.738
42559,389286,NCJSG,P,-0.001804,0.871
42559,389286,NCCMR,P,-0.017541000000000008,0.912
42559,389286,NCCVA,P,-0.02209300000000001,0.846
42559,389286,NCHCR,P,0.014341,0.73
42559,389286,NCJSC,P,-0.0003980000000000025,0.75
42559,389286,NCHFE,P,0.013585,0.735
42559,389286,NCCST,P,-0.014328,0.797
42559,389286,NCJBM,P,-0.016951,0.809
42559,389286,NCCCY,P,-0.008782000000000005,0.756
42559,389286,NCHDLb,P,0.006728999999999999,0.839
42559,389286,NCHFP,P,0.017657,0.734
42559,389286,NCJST,S,0.002593999999999999,0.73
42559,389286,NCJCB,S,0.015663999999999997,0.84
42559,389286,NCJHL,S,0.008080999999999998,0.72
42559,389286,NCJSS,S,-0.0005129999999999996,0.86
42559,389286,NCHGS,S,0.024012999999999996,0.82
42559,389286,NCJEC,S,0.013114,0.71
42559,389286,NCCDV,S,-0.042922999999999996,0.91
42559,389286,NCCMR,S,-0.034061,0.84
42559,389286,NCCVA,S,-0.038946,0.89
42559,389286,NCCCY,S,-0.036342000000000006,0.86
42559,42643,NCCSC,P,-0.0009149999999999991,0.891
42559,42643,NCCMH,P,-0.009021,0.754
42559,42643,NCCADa,P,0.011470000000000001,0.858
42559,42643,NCJCB,P,0.009308,0.752
42559,42643,NCCML,P,-0.008830999999999999,0.798
42559,42643,NCCAL,P,-0.008881,0.83
42559,42643,NCCMM,P,-0.002284999999999999,0.839
42559,42643,NCJRR,P,0.008008000000000001,0.718
42559,42643,NCHGS,P,0.01132,0.884
42559,42643,NCJEC,P,0.008675000000000002,0.829
42559,42643,NCHGW,P,0.010981000000000001,0.915
42559,42643,NCCDV,P,-0.009465999999999999,0.945
42559,42643,NCCMJ,P,-0.010187,0.87
42559,42643,NCCMP,P,0.004418999999999999,0.814
42559,42643,NCJBZ,P,0.008626000000000002,0.832
42559,42643,NCHCA,P,0.010760000000000002,0.917
42559,42643,NCJSG,P,-0.00447,0.865
42559,42643,NCCMR,P,-0.009281999999999999,0.937
42559,42643,NCJBC,P,0.0005780000000000004,0.803
42559,42643,NCCVA,P,-0.010865,0.881
42559,42643,NCHPR,P,0.010631000000000002,0.935
42559,42643,NCCMN,P,-0.010412999999999999,0.895
42559,42643,NCHCR,P,0.011093000000000002,0.76
42559,42643,NCHCB,P,0.009333000000000001,0.755
42559,42643,NCCVL,P,-0.00894,0.897
42559,42643,NCJSC,P,-0.0043479999999999994,0.763
42559,42643,NCHFE,P,0.009922,0.834
42559,42643,NCCST,P,-0.004766999999999999,0.825
42559,42643,NCHPL,P,0.009114,0.937
42559,42643,NCJBM,P,-0.004310999999999999,0.819
42559,42643,NCHCP,P,0.008567000000000002,0.821
42559,42643,NCHAZ,P,0.009434000000000001,0.769
42559,42643,NCCCY,P,-0.009472,0.82
42559,42643,NCHFH,P,0.008735,0.764
42559,42643,NCHKR,P,0.010159999999999999,0.917
42559,42643,NCHDLb,P,0.008737000000000002,0.895
42559,42643,NCHSFb,P,0.011125,0.786
42559,42643,NCHJG,P,0.009876,0.871
42559,42643,NCJHP,P,-0.007389,0.901
42559,42643,NCCMO,P,-0.02568,0.738
42559,42643,NCHFP,P,0.007709000000000001,0.73
42559,42643,NCHQR,P,0.0020750000000000005,0.859
42559,42643,NCCSC,S,-0.0003519999999999999,0.79
42559,42643,NCCMH,S,-0.012249,0.77
42559,42643,NCCAO,S,0.0021340000000000005,0.81
42559,42643,NCCADa,S,0.020811000000000003,0.78
42559,42643,NCJCB,S,0.014866,0.84
42559,42643,NCCML,S,-0.019103,0.86
42559,42643,NCCAL,S,-0.016812999999999998,0.77
42559,42643,NCJAL,S,0.004795000000000001,0.82
42559,42643,NCCMM,S,-0.007451999999999999,0.89
42559,42643,NCJHL,S,0.004844000000000001,0.74
42559,42643,NCJSS,S,-0.00032399999999999964,0.94
42559,42643,NCHGS,S,0.014585,0.88
42559,42643,NCJEC,S,0.008657999999999999,0.89
42559,42643,NCHGW,S,0.014255,0.75
42559,42643,NCCDV,S,-0.017589,0.92
42559,42643,NCCMP,S,0.003429999999999999,0.94
42559,42643,NCJBZ,S,-0.00039900000000000005,0.72
42559,42643,NCHCA,S,0.011777,0.84
42559,42643,NCJSG,S,-0.017319,0.74
42559,42643,NCCMR,S,-0.021588,0.84
42559,42643,NCJBC,S,-0.013392999999999999,0.93
42559,42643,NCCVA,S,-0.029303,0.95
42559,42643,NCHPR,S,0.002831,0.74
42559,42643,NCCMN,S,-0.0248,0.9
42559,42643,NCHCB,S,-0.0006109999999999987,0.79
42559,42643,NCCVL,S,-0.032299999999999995,0.89
42559,42643,NCJSC,S,-0.020319999999999998,0.72
42559,42643,NCCST,S,-0.020337,0.79
42559,42643,NCHPL,S,0.009004000000000002,0.91
42559,42643,NCCCY,S,-0.030421999999999998,0.9
42559,42643,NCHFH,S,0.002857000000000002,0.74
42559,42643,NCHKR,S,0.005058,0.8
42559,42643,NCHSFb,S,0.006173999999999999,0.73
42559,42643,NCHQR,S,0.0014780000000000001,0.72
42559,478138,NCCMH,P,0.018761,0.767
42559,478138,NCCAO,P,0.018045000000000005,0.845
42559,478138,NCCADa,P,0.019381999999999983,0.812
42559,478138,NCJST,P,0.018228999999999995,0.883
42559,478138,NCCML,P,0.031800999999999996,0.976
42559,478138,NCCAL,P,0.018504999999999994,0.919
42559,478138,NCJAL,P,0.021364999999999995,0.853
42559,478138,NCHSP,P,0.02732699999999999,0.91
42559,478138,NCJHL,P,0.01924200000000001,0.91
42559,478138,NCCDV,P,0.004136000000000001,0.952
42559,478138,NCCMJ,P,0.020075999999999983,0.951
42559,478138,NCCMP,P,0.024026999999999993,0.795
42559,478138,NCHCA,P,0.018054999999999988,0.963
42559,478138,NCCMR,P,0.01022300000000001,0.947
42559,478138,NCJBC,P,0.01255400000000001,0.868
42559,478138,NCCVA,P,0.017757999999999996,0.924
42559,478138,NCHCR,P,0.021072000000000007,0.911
42559,478138,NCCVL,P,0.021162999999999987,0.958
42559,478138,NCJSC,P,0.03240399999999999,0.888
42559,478138,NCHFE,P,0.018453999999999998,0.899
42559,478138,NCJBM,P,0.014739000000000002,0.812
42559,478138,NCJSM,P,0.018798999999999982,0.748
42559,478138,NCCCY,P,0.031706999999999985,0.919
42559,478138,NCCMH,S,0.018934000000000006,0.87
42559,478138,NCCAO,S,0.016564999999999996,0.79
42559,478138,NCCADa,S,0.018241000000000007,0.86
42559,478138,NCJST,S,0.01960999999999999,0.95
42559,478138,NCCML,S,0.031728000000000006,0.96
42559,478138,NCCAL,S,0.017800999999999984,0.9
42559,478138,NCJAL,S,0.022391999999999995,0.94
42559,478138,NCHSP,S,0.028302999999999995,0.95
42559,478138,NCJHL,S,0.021424,0.9
42559,478138,NCCDV,S,0.0066789999999999905,0.96
42559,478138,NCCMJ,S,0.02052699999999999,0.97
42559,478138,NCHCA,S,0.011448999999999987,0.92
42559,478138,NCCMR,S,0.007587999999999984,0.92
42559,478138,NCJBC,S,0.0042200000000000015,0.9
42559,478138,NCCOS,S,0.008940000000000003,0.83
42559,478138,NCCVA,S,0.008392999999999984,0.98
42559,478138,NCHCR,S,0.011571999999999999,0.89
42559,478138,NCCVL,S,0.007457999999999992,0.93
42559,478138,NCJSC,S,0.02085100000000001,0.82
42559,478138,NCHFE,S,0.008972000000000008,0.89
42559,478138,NCJBM,S,0.0065749999999999975,0.71
42559,478138,NCCCY,S,0.021271999999999985,0.98
42559,529274,NCCMH,P,-0.0019130000000000258,0.795
42559,529274,NCCML,P,0.015764,0.927
42559,529274,NCCAL,P,0.001453999999999983,0.819
42559,529274,NCJHL,P,0.021568999999999977,0.766
42559,529274,NCJEC,P,0.03228799999999998,0.836
42559,529274,NCCDV,P,-0.012023000000000006,0.948
42559,529274,NCCMJ,P,0.0006299999999999917,0.895
42559,529274,NCJBZ,P,0.01988999999999999,0.843
42559,529274,NCHCA,P,0.02718899999999999,0.84
42559,529274,NCJBC,P,0.007749999999999979,0.769
42559,529274,NCCVA,P,-0.0017690000000000206,0.86
42559,529274,NCCMN,P,-0.00609800000000002,0.838
42559,529274,NCJSC,P,0.018815,0.768
42559,529274,NCHFE,P,0.026196999999999998,0.728
42559,529274,NCCST,P,0.0009229999999999794,0.884
42559,529274,NCJBM,P,0.0014909999999999923,0.855
42559,529274,NCCCY,P,0.011769999999999975,0.82
42559,529274,NCJHP,P,0.003038999999999986,0.844
42559,529274,NCJBG,P,9.199999999998099e-05,0.739
42559,529274,NCHFP,P,0.03026999999999999,0.769
42559,529274,NCCMH,S,-0.004316000000000014,0.71
42559,529274,NCCADa,S,0.03836099999999998,0.76
42559,529274,NCJST,S,0.019575999999999982,0.75
42559,529274,NCCML,S,0.004256999999999983,0.89
42559,529274,NCCAL,S,-0.0072700000000000264,0.77
42559,529274,NCJAL,S,0.023983999999999978,0.75
42559,529274,NCJHL,S,0.021688999999999986,0.74
42559,529274,NCJSS,S,0.018355999999999983,0.86
42559,529274,NCJEC,S,0.029401999999999984,0.86
42559,529274,NCCDV,S,-0.020482,0.95
42559,529274,NCHCA,S,0.03131599999999998,0.71
42559,529274,NCJBC,S,-0.003948000000000007,0.85
42559,529274,NCCVA,S,-0.021531000000000022,0.94
42559,529274,NCJPL,S,0.017980999999999997,0.77
42559,529274,NCCMN,S,-0.018427000000000027,0.9
42559,529274,NCCST,S,-0.011475000000000013,0.71
42559,529274,NCCCY,S,-0.010931000000000024,0.9
42559,54084,NCCCOa,P,-0.0024190000000000045,0.721
42559,54084,NCCSC,P,-0.0024240000000000025,0.845
42559,54084,NCCAO,P,-0.0013990000000000044,0.839
42559,54084,NCCADa,P,-0.019183,0.954
42559,54084,NCJST,P,-0.001355000000000002,0.865
42559,54084,NCJCB,P,-0.002812000000000002,0.83
42559,54084,NCCAL,P,-0.0012490000000000001,0.924
42559,54084,NCJAL,P,0.0018749999999999947,0.783
42559,54084,NCHSP,P,0.001006,0.888
42559,54084,NCJHL,P,0.0010729999999999976,0.931
42559,54084,NCJRR,P,-0.003829000000000006,0.885
42559,54084,NCHGS,P,-0.005484000000000003,0.918
42559,54084,NCJEC,P,0.010969,0.871
42559,54084,NCHGW,P,-0.0030940000000000065,0.972
42559,54084,NCCDV,P,-0.0018820000000000017,0.977
42559,54084,NCCMP,P,-0.0007220000000000004,0.79
42559,54084,NCJBZ,P,-0.0075890000000000055,0.909
42559,54084,NCHCA,P,-0.004834000000000005,0.91
42559,54084,NCJSG,P,-0.0012910000000000005,0.936
42559,54084,NCCMR,P,-0.0013240000000000057,0.951
42559,54084,NCCVA,P,-0.0009970000000000048,0.932
42559,54084,NCHCR,P,-0.0017330000000000054,0.868
42559,54084,NCJSC,P,-0.0020960000000000006,0.868
42559,54084,NCCST,P,-0.0020650000000000043,0.901
42559,54084,NCJBM,P,-0.0022860000000000033,0.891
42559,54084,NCCCY,P,-0.0016430000000000056,0.848
42559,54084,NCHDLb,P,-0.0023380000000000067,0.894
42559,54084,NCHFP,P,-0.006450000000000004,0.818
42559,54084,NCBVY,P,-0.01242200000000001,0.732
42559,54084,NCHQR,P,-0.012443000000000003,0.868
42559,54084,NCCCOa,S,-0.0020020000000000038,0.87
42559,54084,NCCSC,S,-0.0015600000000000058,0.93
42559,54084,NCCAO,S,-0.0025120000000000003,0.85
42559,54084,NCCADa,S,-0.017211999999999998,0.96
42559,54084,NCJST,S,-0.0006890000000000021,0.93
42559,54084,NCJCB,S,-0.0027800000000000047,0.97
42559,54084,NCCAL,S,0.00022099999999999898,0.9
42559,54084,NCHSP,S,0.0016659999999999939,0.94
42559,54084,NCJHL,S,0.0011399999999999952,0.92
42559,54084,NCJRR,S,-0.003907000000000001,0.91
42559,54084,NCJSS,S,-0.00030200000000000365,0.99
42559,54084,NCHGS,S,-0.005666000000000004,0.95
42559,54084,NCHGW,S,-0.003023000000000005,0.93
42559,54084,NCCDV,S,-0.0019600000000000034,0.98
42559,54084,NCCMJ,S,-0.0009540000000000035,0.94
42559,54084,NCCMP,S,-0.0012610000000000052,0.98
42559,54084,NCJBZ,S,-0.013712000000000009,0.78
42559,54084,NCHCA,S,-0.011736000000000003,0.88
42559,54084,NCJSG,S,-0.009048,0.86
42559,54084,NCCVA,S,-0.010052000000000005,0.96
42559,54084,NCHCR,S,-0.014854,0.76
42559,54084,NCCST,S,-0.012295000000000007,0.86
42559,54084,NCCCY,S,-0.011120000000000005,0.97
42559,54084,NCHDLb,S,-0.011723000000000004,0.74
42559,54084,NCBVY,S,-0.012194000000000003,0.72
42559,54084,NCHQR,S,-0.011781000000000007,0.71
42559,62514,NCCSC,P,-0.0013340000000000019,0.844
42559,62514,NCCADa,P,0.003983,0.841
42559,62514,NCJCB,P,0.016520999999999997,0.738
42559,62514,NCJRR,P,0.015380999999999995,0.75
42559,62514,NCJEC,P,0.029834999999999997,0.809
42559,62514,NCHGW,P,0.019096,0.914
42559,62514,NCCMJ,P,-0.013975000000000001,0.816
42559,62514,NCCMP,P,0.011288999999999997,0.73
42559,62514,NCJBZ,P,0.009602999999999997,0.797
42559,62514,NCHCA,P,0.019774999999999997,0.909
42559,62514,NCJSG,P,-0.006624000000000005,0.868
42559,62514,NCCMR,P,-0.011233,0.926
42559,62514,NCCVA,P,-0.014126,0.823
42559,62514,NCHPR,P,0.014495999999999998,0.773
42559,62514,NCHCR,P,0.023490999999999998,0.733
42559,62514,NCJSC,P,-0.009001000000000002,0.803
42559,62514,NCHFE,P,0.012287999999999997,0.761
42559,62514,NCHPL,P,0.016884999999999997,0.873
42559,62514,NCJBM,P,-0.008309000000000004,0.866
42559,62514,NCHCP,P,0.016378999999999998,0.779
42559,62514,NCCCY,P,-0.014045000000000002,0.703
42559,62514,NCJLT,P,-0.006205000000000002,0.755
42559,62514,NCHDLb,P,0.016612999999999996,0.833
42559,62514,NCHJG,P,0.017159999999999998,0.761
42559,62514,NCJHP,P,-0.009292000000000002,0.906
42559,62514,NCBVY,P,0.008561999999999997,0.715
42559,62514,NCHQR,P,0.011244999999999998,0.727
42559,62514,NCCADa,S,0.022710999999999995,0.72
42559,62514,NCJST,S,0.005537,0.79
42559,62514,NCJCB,S,0.027038,0.8
42559,62514,NCJAL,S,0.012333999999999998,0.76
42559,62514,NCJSS,S,0.0024269999999999986,0.93
42559,62514,NCJEC,S,0.029341,0.86
42559,62514,NCCDV,S,-0.026414,0.89
42559,62514,NCCMP,S,0.011340999999999997,0.96
42559,62514,NCJBC,S,-0.011244000000000004,0.87
42559,62514,NCHPL,S,0.023195999999999998,0.72
42559,62514,NCCCY,S,-0.04113300000000001,0.88
42559,62520,NCCSC,P,-0.0022679999999999922,0.776
42559,62520,NCCADa,P,0.011357000000000006,0.753
42559,62520,NCJHL,P,0.02014600000000001,0.727
42559,62520,NCHGW,P,0.027076000000000003,0.895
42559,62520,NCCMJ,P,-0.008980999999999989,0.857
42559,62520,NCJSG,P,1.8000000000004124e-05,0.887
42559,62520,NCHCA,P,0.028225,0.836
42559,62520,NCCMR,P,-0.0019909999999999928,0.885
42559,62520,NCCVA,P,-0.008109999999999992,0.833
42559,62520,NCHPR,P,0.020267000000000007,0.703
42559,62520,NCJSC,P,-0.0018519999999999925,0.813
42559,62520,NCHPL,P,0.029065000000000007,0.857
42559,62520,NCJBM,P,-0.0011419999999999902,0.824
42559,62520,NCHCP,P,0.027769000000000002,0.763
42559,62520,NCCCY,P,-0.007391999999999996,0.745
42559,62520,NCJLT,P,0.000914000000000012,0.772
42559,62520,NCHJG,P,0.027037000000000005,0.727
42559,62520,NCJHP,P,-0.001232999999999998,0.841
42559,62520,NCJST,S,0.007385000000000003,0.75
42559,62520,NCJCB,S,0.03057,0.73
42559,62520,NCCAL,S,-0.021843,0.72
42559,62520,NCJAL,S,0.014091000000000006,0.78
42559,62520,NCJSS,S,0.008368,0.86
42559,62520,NCCMP,S,0.029120000000000007,0.95
42559,62520,NCHCA,S,0.03725500000000001,0.75
42559,62520,NCJBC,S,-0.001471,0.83
42559,62520,NCCVA,S,-0.027752,0.95
42559,62520,NCHPL,S,0.035834000000000005,0.71
42559,62520,NCCCY,S,-0.032660999999999996,0.81
42559,77218,NCCCOa,P,0.0032890000000000003,0.734
42559,77218,NCCSC,P,0.004865000000000001,0.844
42559,77218,NCCMH,P,0.004482,0.884
42559,77218,NCCADa,P,-0.012389999999999998,0.939
42559,77218,NCJST,P,0.004151000000000002,0.817
42559,77218,NCJCB,P,0.002716000000000003,0.915
42559,77218,NCCML,P,0.0043260000000000035,0.942
42559,77218,NCCAL,P,0.005110000000000003,0.884
42559,77218,NCHSP,P,0.006275000000000003,0.809
42559,77218,NCJHL,P,0.0022949999999999984,0.895
42559,77218,NCJRR,P,0.0019930000000000017,0.945
42559,77218,NCJSS,P,0.004385,0.787
42559,77218,NCJEC,P,0.017937,0.948
42559,77218,NCCDV,P,0.0012860000000000024,0.989
42559,77218,NCCMJ,P,0.004276000000000002,0.913
42559,77218,NCCMP,P,0.006948000000000003,0.904
42559,77218,NCJSG,P,0.005035000000000005,0.884
42559,77218,NCCMR,P,0.004402000000000003,0.921
42559,77218,NCJBC,P,0.004827000000000005,0.826
42559,77218,NCHPR,P,0.004277000000000003,0.721
42559,77218,NCCMN,P,0.003812000000000003,0.92
42559,77218,NCHCR,P,0.003700000000000002,0.882
42559,77218,NCHCB,P,0.00028299999999999853,0.793
42559,77218,NCJSC,P,0.004271000000000004,0.868
42559,77218,NCHFE,P,-0.004081999999999995,0.869
42559,77218,NCCST,P,-0.009311,0.963
42559,77218,NCHPL,P,0.001799000000000002,0.966
42559,77218,NCHCOb,P,0.014476000000000003,0.713
42559,77218,NCHAZ,P,0.0014260000000000037,0.828
42559,77218,NCCPL,P,0.004267,0.701
42559,77218,NCCCY,P,0.004536999999999999,0.84
42559,77218,NCHSFb,P,0.003055000000000002,0.942
42559,77218,NCHJG,P,0.0025060000000000013,0.882
42559,77218,NCJHP,P,0.007183000000000002,0.879
42559,77218,NCCMO,P,-0.009104999999999995,0.79
42559,77218,NCCCOa,S,0.004145000000000003,0.86
42559,77218,NCCSC,S,0.004879000000000001,0.88
42559,77218,NCCMH,S,0.004508999999999999,0.92
42559,77218,NCCAO,S,0.0038909999999999986,0.86
42559,77218,NCCADa,S,-0.012485999999999997,0.95
42559,77218,NCJST,S,0.004563999999999999,0.93
42559,77218,NCJCB,S,0.0021019999999999997,0.99
42559,77218,NCCML,S,0.00315,0.94
42559,77218,NCCAL,S,0.0059060000000000015,0.92
42559,77218,NCHSP,S,0.0069120000000000015,0.91
42559,77218,NCJHL,S,0.002478000000000001,0.9
42559,77218,NCJRR,S,0.0021790000000000004,0.95
42559,77218,NCJSS,S,0.004132000000000004,0.96
42559,77218,NCHGS,S,0.0009510000000000005,0.98
42559,77218,NCJEC,S,0.016409,0.93
42559,77218,NCCDV,S,0.0017090000000000022,0.99
42559,77218,NCCMJ,S,0.0046,0.93
42559,77218,NCCMP,S,0.006774000000000002,0.96
42559,77218,NCJSG,S,-0.002349999999999998,0.9
42559,77218,NCCMR,S,0.0021870000000000014,0.95
42559,77218,NCJBC,S,-0.005462000000000002,0.93
42559,77218,NCCOS,S,-0.0026590000000000016,0.81
42559,77218,NCHPR,S,-0.006886999999999997,0.85
42559,77218,NCCMN,S,-0.006544000000000001,0.96
42559,77218,NCHCR,S,-0.007293000000000001,0.89
42559,77218,NCHCB,S,-0.010384999999999998,0.9
42559,77218,NCJSC,S,-0.006582999999999999,0.83
42559,77218,NCHFE,S,-0.015321999999999995,0.85
42559,77218,NCCST,S,-0.019112999999999998,0.93
42559,77218,NCHPL,S,-0.009323999999999999,0.95
42559,77218,NCCPL,S,-0.0034319999999999976,0.9
42559,77218,NCCCY,S,-0.004527999999999997,0.94
42559,77218,NCJLT,S,-0.004756999999999997,0.87
42559,77218,NCCSH,S,-0.004383999999999999,0.79
42559,77218,NCHSFb,S,-0.0061159999999999964,0.86
42559,77218,NCHJG,S,-0.007632,0.75
42559,77218,NCCMO,S,-0.008015999999999995,0.72
42559,77218,NCCLC,S,-0.0061329999999999996,0.82
42559,77218,NCBSL,S,-0.021533000000000004,0.89
42559,77218,NCBVY,S,-0.006491999999999998,0.89
42643,101361,NCCSC,P,7.100000000000162e-05,0.895
42643,101361,NCCADa,P,-0.030420000000000003,0.853
42643,101361,NCJCB,P,-0.011432999999999999,0.789
42643,101361,NCCML,P,0.008898000000000003,0.787
42643,101361,NCCAL,P,0.008696000000000002,0.817
42643,101361,NCCMM,P,-0.012920000000000001,0.789
42643,101361,NCJRR,P,-0.011732,0.77
42643,101361,NCHGS,P,-0.013248999999999997,0.888
42643,101361,NCJEC,P,0.0024269999999999986,0.842
42643,101361,NCHGW,P,-0.01937,0.943
42643,101361,NCCDV,P,0.004576999999999998,0.951
42643,101361,NCCMJ,P,0.010336999999999999,0.876
42643,101361,NCCMP,P,-0.004062000000000003,0.827
42643,101361,NCJBZ,P,-0.016576999999999995,0.88
42643,101361,NCCMR,P,0.0065759999999999985,0.855
42643,101361,NCJTG,P,-0.007918000000000001,0.75
42643,101361,NCJBC,P,-0.0036720000000000017,0.723
42643,101361,NCCVA,P,0.010397999999999998,0.901
42643,101361,NCHPR,P,-0.010320999999999997,0.906
42643,101361,NCJSC,P,0.001911000000000003,0.843
42643,101361,NCHFE,P,-0.020334000000000005,0.886
42643,101361,NCCST,P,-0.009763,0.869
42643,101361,NCJBM,P,0.0025270000000000015,0.907
42643,101361,NCHOR,P,-0.012816000000000001,0.774
42643,101361,NCHAZ,P,-0.014898999999999996,0.758
42643,101361,NCCCY,P,0.007892999999999997,0.801
42643,101361,NCHFH,P,-0.012658999999999997,0.723
42643,101361,NCHDLb,P,-0.010411999999999998,0.95
42643,101361,NCHSFb,P,-0.014330000000000002,0.771
42643,101361,NCCMO,P,0.008350000000000003,0.838
42643,101361,NCCLC,P,0.006412000000000001,0.759
42643,101361,NCHFP,P,-0.010819000000000002,0.805
42643,101361,NCBSL,P,-0.029414999999999997,0.841
42643,101361,NCBVY,P,-0.010418999999999998,0.894
42643,101361,NCHQR,P,-0.014557,0.707
42643,101361,NCCSC,S,-0.000675000000000002,0.76
42643,101361,NCCMH,S,0.011282,0.77
42643,101361,NCCAO,S,-0.003271999999999997,0.78
42643,101361,NCCADa,S,-0.039632,0.86
42643,101361,NCJST,S,-0.003577999999999998,0.82
42643,101361,NCJCB,S,-0.018404000000000004,0.84
42643,101361,NCCML,S,0.018331,0.88
42643,101361,NCCAL,S,0.016463,0.8
42643,101361,NCJAL,S,-0.017818,0.9
42643,101361,NCHSP,S,-0.017819,0.73
42643,101361,NCCMM,S,-0.007963999999999999,0.89
42643,101361,NCJSS,S,-0.0024360000000000007,0.89
42643,101361,NCHGS,S,-0.015972,0.91
42643,101361,NCJEC,S,0.002001999999999997,0.89
42643,101361,NCHGW,S,-0.02105,0.8
42643,101361,NCCDV,S,0.013481,0.93
42643,101361,NCCMJ,S,0.017414,0.71
42643,101361,NCCMP,S,-0.004681999999999999,0.93
42643,101361,NCJBZ,S,-0.012801,0.73
42643,101361,NCCMR,S,0.016586999999999998,0.84
42643,101361,NCJTG,S,-0.0066910000000000025,0.8
42643,101361,NCJBC,S,-0.003283000000000001,0.89
42643,101361,NCCVA,S,0.018887,0.95
42643,101361,NCHPR,S,-0.011834999999999998,0.83
42643,101361,NCHFE,S,-0.024425000000000002,0.73
42643,101361,NCHAZ,S,-0.017203999999999997,0.75
42643,101361,NCCCY,S,0.019373,0.9
42643,101361,NCHFH,S,-0.019304,0.82
42643,101361,NCHSFb,S,-0.013942000000000003,0.76
42643,101361,NCBSL,S,-0.03325,0.78
42643,101361,NCBVY,S,-0.014920000000000003,0.72
42643,101362,NCCSC,P,-0.017921999999999993,0.836
42643,101362,NCCMH,P,-0.02268,0.81
42643,101362,NCCADa,P,-0.026452999999999997,0.839
42643,101362,NCJST,P,-0.011802,0.775
42643,101362,NCJCB,P,-0.010765999999999998,0.859
42643,101362,NCCML,P,-0.018001999999999997,0.839
42643,101362,NCCAL,P,-0.020504999999999995,0.88
42643,101362,NCHSP,P,-0.007377999999999996,0.754
42643,101362,NCCMM,P,-0.029063999999999993,0.864
42643,101362,NCJRR,P,-0.010708999999999996,0.818
42643,101362,NCJSS,P,-0.015620999999999996,0.728
42643,101362,NCHGS,P,-0.008011999999999998,0.95
42643,101362,NCJEC,P,0.005511000000000002,0.83
42643,101362,NCHGW,P,-0.013684999999999996,0.942
42643,101362,NCCDV,P,-0.023379999999999998,0.965
42643,101362,NCCMJ,P,-0.020479999999999998,0.933
42643,101362,NCCMP,P,-0.010126999999999997,0.906
42643,101362,NCJBZ,P,-0.016631999999999994,0.874
42643,101362,NCCMR,P,-0.021547999999999998,0.908
42643,101362,NCJTG,P,-0.010118999999999996,0.823
42643,101362,NCJBC,P,-0.019136,0.829
42643,101362,NCHPR,P,-0.007542999999999994,0.793
42643,101362,NCCVA,P,-0.020663999999999995,0.937
42643,101362,NCJSC,P,-0.020231,0.845
42643,101362,NCHFE,P,-0.016249,0.899
42643,101362,NCCST,P,-0.030793,0.884
42643,101362,NCJBM,P,-0.019715999999999997,0.957
42643,101362,NCHOR,P,-0.009330999999999999,0.79
42643,101362,NCHAZ,P,-0.011725,0.847
42643,101362,NCCCY,P,-0.022070999999999993,0.869
42643,101362,NCJBLb,P,-0.010731999999999998,0.801
42643,101362,NCHFH,P,-0.010022999999999997,0.87
42643,101362,NCHDLb,P,-0.009347999999999995,0.968
42643,101362,NCHSFb,P,-0.007784999999999993,0.8
42643,101362,NCCMO,P,-0.020340999999999998,0.751
42643,101362,NCCLC,P,-0.019447,0.838
42643,101362,NCHFP,P,-0.009488999999999997,0.923
42643,101362,NCBVY,P,-0.008535999999999995,0.927
42643,101362,NCCCOa,S,-0.008013,0.79
42643,101362,NCCSC,S,-0.016101999999999998,0.75
42643,101362,NCCMH,S,-0.022215,0.83
42643,101362,NCCAO,S,-0.012343999999999994,0.83
42643,101362,NCCADa,S,-0.019358,0.85
42643,101362,NCJST,S,-0.012826999999999998,0.85
42643,101362,NCJCB,S,-0.0078079999999999955,0.81
42643,101362,NCCML,S,-0.02234,0.95
42643,101362,NCCAL,S,-0.026888999999999996,0.82
42643,101362,NCJAL,S,-0.024250999999999995,0.86
42643,101362,NCHSP,S,0.00017000000000000348,0.86
42643,101362,NCCMM,S,-0.031472,0.95
42643,101362,NCJRR,S,-0.011608999999999994,0.82
42643,101362,NCJSS,S,-0.015051999999999996,0.93
42643,101362,NCHGS,S,-0.001895999999999995,0.92
42643,101362,NCJEC,S,0.002052000000000005,0.91
42643,101362,NCHGW,S,-0.009390999999999997,0.94
42643,101362,NCCDV,S,-0.026917999999999997,0.97
42643,101362,NCCMJ,S,-0.022100999999999996,0.9
42643,101362,NCCMP,S,-0.009503999999999999,0.98
42643,101362,NCJBZ,S,-0.016484,0.82
42643,101362,NCCMR,S,-0.025231999999999997,0.93
42643,101362,NCJTG,S,-0.010138999999999995,0.84
42643,101362,NCJBC,S,-0.021825999999999998,0.9
42643,101362,NCHPR,S,-0.004920999999999995,0.86
42643,101362,NCCVA,S,-0.024349999999999997,0.95
42643,101362,NCJPL,S,-0.004808999999999994,0.81
42643,101362,NCHFE,S,-0.012086999999999994,0.83
42643,101362,NCHAZ,S,-0.007720999999999999,0.82
42643,101362,NCJUC,S,-0.009884999999999998,0.72
42643,101362,NCCCY,S,-0.027208999999999997,0.94
42643,101362,NCHDLb,S,-0.007632,0.87
42643,101362,NCHSFb,S,-0.005204999999999994,0.9
42643,101362,NCCLC,S,-0.021034999999999998,0.76
42643,101362,NCBVY,S,-0.006340999999999999,0.86
42643,101659,NCCMN,P,0.041017,0.734
42643,101659,NCHPL,P,0.138407,0.775
42643,103138,NCCCOa,P,-0.002149000000000012,0.761
42643,103138,NCCSC,P,0.0018489999999999895,0.858
42643,103138,NCCMH,P,0.0012859999999999955,0.935
42643,103138,NCCAO,P,0.001896999999999996,0.815
42643,103138,NCCADa,P,-0.01778500000000001,0.885
42643,103138,NCJST,P,0.0003599999999999992,0.9
42643,103138,NCJCB,P,-0.0013000000000000095,0.85
42643,103138,NCCML,P,0.0048809999999999965,0.814
42643,103138,NCCAL,P,0.0019549999999999984,0.923
42643,103138,NCJAL,P,-0.010463,0.874
42643,103138,NCHSP,P,-0.00022100000000001285,0.901
42643,103138,NCCMM,P,-0.011211000000000013,0.885
42643,103138,NCJRR,P,-0.0009280000000000121,0.826
42643,103138,NCJSS,P,0.0009609999999999896,0.942
42643,103138,NCHGW,P,-0.003012000000000001,0.955
42643,103138,NCCDV,P,2.0999999999993246e-05,0.99
42643,103138,NCCMP,P,0.0027359999999999884,0.909
42643,103138,NCJBZ,P,-0.0052360000000000045,0.81
42643,103138,NCCMR,P,0.0009059999999999901,0.94
42643,103138,NCHCR,P,-0.0010340000000000071,0.902
42643,103138,NCJSC,P,0.0007969999999999922,0.795
42643,103138,NCHFE,P,-0.008569000000000007,0.897
42643,103138,NCCST,P,-0.01134700000000001,0.883
42643,103138,NCHPL,P,-0.0020000000000000018,0.912
42643,103138,NCJSM,P,0.0009779999999999928,0.777
42643,103138,NCJBLb,P,0.008777999999999994,0.724
42643,103138,NCHJG,P,-0.0016300000000000064,0.843
42643,103138,NCJHP,P,0.003266999999999992,0.908
42643,103138,NCHFP,P,0.0007619999999999988,0.93
42643,103138,NCBVY,P,2.2999999999995246e-05,0.889
42643,103138,NCCCOa,S,-0.0023060000000000025,0.86
42643,103138,NCCSC,S,0.001897999999999997,0.88
42643,103138,NCCMH,S,0.0020829999999999876,0.92
42643,103138,NCCAO,S,0.0008339999999999875,0.91
42643,103138,NCCADa,S,-0.019210000000000005,0.91
42643,103138,NCJST,S,0.0015189999999999926,0.92
42643,103138,NCJCB,S,-0.0017660000000000037,0.85
42643,103138,NCCML,S,0.0059959999999999875,0.92
42643,103138,NCCAL,S,0.002591999999999997,0.85
42643,103138,NCJAL,S,-0.00814100000000001,0.93
42643,103138,NCHSP,S,-0.0003600000000000131,0.92
42643,103138,NCCMM,S,-0.011080000000000007,0.94
42643,103138,NCJRR,S,-0.0017770000000000008,0.87
42643,103138,NCJSS,S,0.0022169999999999968,0.97
42643,103138,NCHGS,S,-0.0007810000000000039,0.97
42643,103138,NCHGW,S,-0.002039000000000013,0.94
42643,103138,NCCDV,S,0.0006629999999999969,0.98
42643,103138,NCCMP,S,0.0017369999999999886,0.97
42643,103138,NCJBZ,S,-0.003594,0.81
42643,103138,NCCMR,S,0.0018639999999999907,0.96
42643,103138,NCCVA,S,0.005866999999999997,0.95
42643,103138,NCJPL,S,0.0078029999999999905,0.87
42643,103138,NCHCB,S,-0.001698000000000005,0.79
42643,103138,NCJSC,S,0.002012,0.71
42643,103138,NCCST,S,-0.008694000000000007,0.83
42643,103138,NCHPL,S,-0.0015320000000000056,0.78
42643,103138,NCJSM,S,-0.00032200000000000284,0.92
42643,103138,NCHFP,S,-0.0004880000000000023,0.8
42643,103138,NCBVY,S,4.299999999998749e-05,0.85
42643,126189,NCCSC,P,-0.012205999999999995,0.837
42643,126189,NCCMH,P,-0.005913999999999996,0.724
42643,126189,NCCADa,P,-0.04099699999999999,0.82
42643,126189,NCJST,P,-0.018707999999999995,0.757
42643,126189,NCJCB,P,-0.022896,0.767
42643,126189,NCCML,P,-0.005012999999999997,0.798
42643,126189,NCCAL,P,-0.004537999999999993,0.767
42643,126189,NCHSP,P,-0.030732999999999996,0.712
42643,126189,NCCMM,P,-0.026212999999999993,0.833
42643,126189,NCJRR,P,-0.021504999999999996,0.774
42643,126189,NCHGS,P,-0.026119999999999997,0.869
42643,126189,NCJEC,P,-0.008541999999999994,0.777
42643,126189,NCHGW,P,-0.029109999999999997,0.951
42643,126189,NCCMJ,P,-0.0025149999999999964,0.822
42643,126189,NCCMP,P,-0.016871999999999998,0.857
42643,126189,NCJBZ,P,-0.037303,0.803
42643,126189,NCHCA,P,-0.028182,0.944
42643,126189,NCJSG,P,-0.009322999999999998,0.905
42643,126189,NCCMR,P,-0.021866999999999998,0.9
42643,126189,NCJTG,P,-0.016412999999999997,0.77
42643,126189,NCJBC,P,-0.012261999999999995,0.823
42643,126189,NCCVA,P,-0.0017069999999999932,0.846
42643,126189,NCHPR,P,-0.024010999999999998,0.772
42643,126189,NCHCR,P,-0.025632999999999996,0.806
42643,126189,NCJSC,P,-0.017408,0.814
42643,126189,NCHFE,P,-0.03129699999999999,0.867
42643,126189,NCCST,P,-0.024853,0.803
42643,126189,NCHPL,P,-0.025249999999999995,0.906
42643,126189,NCJBM,P,-0.010021999999999996,0.905
42643,126189,NCHAZ,P,-0.027027999999999996,0.847
42643,126189,NCHDLb,P,-0.022939999999999995,0.904
42643,126189,NCJHP,P,-0.005976999999999996,0.852
42643,126189,NCCMO,P,-0.0010209999999999941,0.813
42643,126189,NCCLC,P,-0.005774999999999995,0.749
42643,126189,NCHFP,P,-0.021571999999999994,0.802
42643,126189,NCBVY,P,-0.019712999999999994,0.873
42643,126189,NCCSC,S,-0.013011999999999996,0.75
42643,126189,NCCMH,S,-0.001688999999999996,0.77
42643,126189,NCCAO,S,-0.018090999999999996,0.75
42643,126189,NCCADa,S,-0.050347,0.86
42643,126189,NCJST,S,-0.017338999999999993,0.87
42643,126189,NCJCB,S,-0.028913999999999995,0.85
42643,126189,NCCML,S,0.004805000000000004,0.88
42643,126189,NCCAL,S,0.0030110000000000067,0.81
42643,126189,NCCMM,S,-0.020322999999999994,0.88
42643,126189,NCJHL,S,-0.020065,0.74
42643,126189,NCJSS,S,-0.014323999999999996,0.9
42643,126189,NCHGS,S,-0.02809099999999999,0.91
42643,126189,NCJEC,S,-0.008274999999999998,0.84
42643,126189,NCHGW,S,-0.030257999999999993,0.79
42643,126189,NCCDV,S,0.00029100000000000653,0.93
42643,126189,NCCMP,S,-0.016776999999999993,0.95
42643,126189,NCHCA,S,-0.03121199999999999,0.83
42643,126189,NCJSG,S,-0.006888999999999999,0.75
42643,126189,NCCMR,S,-0.00947,0.81
42643,126189,NCJBC,S,-0.005617999999999998,0.88
42643,126189,NCCOS,S,-0.0015009999999999954,0.87
42643,126189,NCCVA,S,0.006959000000000003,0.94
42643,126189,NCHPR,S,-0.025827999999999997,0.77
42643,126189,NCCMN,S,-0.00038299999999999446,0.92
42643,126189,NCHFE,S,-0.03655799999999999,0.74
42643,126189,NCCST,S,-0.017483,0.84
42643,126189,NCHPL,S,-0.032307,0.89
42643,126189,NCHKR,S,-0.027343,0.74
42643,126189,NCBVY,S,-0.011439999999999999,0.75
42643,126292,NCCSC,P,-0.010235999999999999,0.833
42643,126292,NCCMH,P,-0.016874,0.795
42643,126292,NCCADa,P,-0.016649,0.811
42643,126292,NCJCB,P,-0.0018340000000000006,0.82
42643,126292,NCCML,P,-0.010582999999999999,0.824
42643,126292,NCCAL,P,-0.012291,0.857
42643,126292,NCHSP,P,-0.002534,0.746
42643,126292,NCCMM,P,-0.021115,0.786
42643,126292,NCJHL,P,-0.0034669999999999996,0.708
42643,126292,NCJRR,P,-0.0007919999999999993,0.791
42643,126292,NCJEC,P,0.014776000000000001,0.752
42643,126292,NCHGW,P,-0.0034979999999999994,0.953
42643,126292,NCCMJ,P,-0.013197,0.872
42643,126292,NCCMP,P,-0.0016719999999999999,0.915
42643,126292,NCJBZ,P,-0.016942,0.792
42643,126292,NCHCA,P,-0.0008479999999999998,0.955
42643,126292,NCJSG,P,-0.01176,0.91
42643,126292,NCCMR,P,-0.029573000000000002,0.913
42643,126292,NCJBC,P,-0.007063999999999999,0.727
42643,126292,NCHPR,P,-0.0017020000000000004,0.782
42643,126292,NCCVA,P,-0.012625999999999998,0.9
42643,126292,NCHCR,P,3.5999999999999574e-05,0.942
42643,126292,NCCMN,P,-0.015342999999999999,0.728
42643,126292,NCHCB,P,-0.0011210000000000005,0.765
42643,126292,NCHFE,P,-0.006763,0.796
42643,126292,NCCST,P,-0.025467999999999998,0.793
42643,126292,NCHPL,P,-0.0024729999999999995,0.92
42643,126292,NCJBM,P,-0.012258000000000002,0.885
42643,126292,NCJSM,P,-0.0116,0.723
42643,126292,NCHAZ,P,-0.0031979999999999995,0.822
42643,126292,NCHFH,P,0.00040200000000000045,0.81
42643,126292,NCHDLb,P,-0.0019979999999999998,0.93
42643,126292,NCJHP,P,-0.010987,0.91
42643,126292,NCCLC,P,-0.010869,0.785
42643,126292,NCHFP,P,2.199999999999945e-05,0.916
42643,126292,NCBVY,P,0.0026240000000000005,0.855
42643,126292,NCHQR,P,-0.0014809999999999997,0.799
42643,126292,NCCCOa,S,0.0006040000000000004,0.8
42643,126292,NCCSC,S,-0.008265999999999999,0.74
42643,126292,NCCMH,S,-0.01563,0.78
42643,126292,NCCAO,S,-0.007082,0.73
42643,126292,NCCADa,S,-0.009132999999999999,0.84
42643,126292,NCJST,S,-0.007443999999999999,0.85
42643,126292,NCJCB,S,0.0020750000000000005,0.78
42643,126292,NCCML,S,-0.016219,0.94
42643,126292,NCCAL,S,-0.018773,0.81
42643,126292,NCJAL,S,-0.012882999999999999,0.84
42643,126292,NCHSP,S,0.003911,0.78
42643,126292,NCCMM,S,-0.023807000000000002,0.91
42643,126292,NCJHL,S,-0.004005999999999999,0.75
42643,126292,NCJRR,S,-0.002347,0.78
42643,126292,NCJSS,S,-0.006862,0.93
42643,126292,NCHGS,S,0.006479,0.89
42643,126292,NCJEC,S,0.011779,0.86
42643,126292,NCHGW,S,0.00134,0.93
42643,126292,NCCDV,S,-0.01996,0.97
42643,126292,NCCMJ,S,-0.014171,0.88
42643,126292,NCCMP,S,-0.0014079999999999995,0.97
42643,126292,NCHCA,S,0.004178,0.9
42643,126292,NCJSG,S,-0.012088999999999999,0.77
42643,126292,NCCMR,S,-0.032292,0.94
42643,126292,NCJBC,S,-0.003582,0.88
42643,126292,NCCOS,S,-0.010088,0.88
42643,126292,NCHPR,S,0.0027800000000000004,0.83
42643,126292,NCCVA,S,-0.016787,0.95
42643,126292,NCJPL,S,-0.005128000000000001,0.8
42643,126292,NCCMN,S,-0.019494,0.93
42643,126292,NCHCB,S,0.0004429999999999998,0.91
42643,126292,NCHFE,S,-0.0025210000000000007,0.75
42643,126292,NCCST,S,-0.021999,0.89
42643,126292,NCHPL,S,0.004353,0.85
42643,126292,NCJSM,S,-0.012743999999999998,0.83
42643,126292,NCHAZ,S,0.001379,0.86
42643,126292,NCHFH,S,0.003857,0.75
42643,126292,NCHDLb,S,0.0005370000000000002,0.86
42643,126292,NCHFP,S,0.003711,0.76
42643,126292,NCBVY,S,0.007441,0.84
42643,126292,NCHQR,S,0.0012450000000000004,0.77
42643,126389,NCCSC,P,-0.009037999999999997,0.847
42643,126389,NCCMH,P,-0.014024000000000002,0.719
42643,126389,NCCML,P,-0.0024349999999999997,0.752
42643,126389,NCCAL,P,-0.005976000000000002,0.767
42643,126389,NCCMM,P,-0.010923000000000002,0.833
42643,126389,NCJHL,P,-0.0001449999999999993,0.714
42643,126389,NCHGS,P,0.010279,0.885
42643,126389,NCJEC,P,0.019610000000000002,0.715
42643,126389,NCHGW,P,0.005886000000000002,0.888
42643,126389,NCCMJ,P,-0.0056729999999999975,0.758
42643,126389,NCCMP,P,0.009995,0.917
42643,126389,NCHCA,P,0.007724000000000002,0.876
42643,126389,NCJSG,P,-0.0035509999999999986,0.783
42643,126389,NCCMR,P,-0.018640999999999998,0.877
42643,126389,NCHPR,P,0.006763000000000002,0.727
42643,126389,NCCVA,P,-0.0037400000000000003,0.821
42643,126389,NCHCR,P,0.007738000000000002,0.707
42643,126389,NCHFE,P,0.0009759999999999977,0.867
42643,126389,NCCST,P,-0.013437999999999999,0.789
42643,126389,NCHPL,P,0.010304,0.944
42643,126389,NCJBM,P,-0.0036269999999999983,0.748
42643,126389,NCHOR,P,0.012515000000000002,0.742
42643,126389,NCHAZ,P,0.006376,0.728
42643,126389,NCHFH,P,0.010973,0.818
42643,126389,NCHDLb,P,0.009061,0.926
42643,126389,NCJHP,P,-0.0015249999999999986,0.882
42643,126389,NCCMO,P,0.0011140000000000039,0.861
42643,126389,NCJPS,P,-0.009221,0.741
42643,126389,NCCLC,P,-0.0005920000000000022,0.751
42643,126389,NCHFP,P,0.012221000000000003,0.775
42643,126389,NCBVY,P,0.013763000000000001,0.811
42643,126389,NCHQR,P,0.009548000000000001,0.895
42643,126389,NCCADa,S,-0.0017679999999999987,0.78
42643,126389,NCJST,S,-0.003491000000000001,0.75
42643,126389,NCJCB,S,0.007344,0.74
42643,126389,NCCML,S,-0.004829,0.87
42643,126389,NCCAL,S,-0.012978999999999997,0.78
42643,126389,NCJAL,S,-0.008953999999999997,0.83
42643,126389,NCCMM,S,-0.007093999999999996,0.9
42643,126389,NCJSS,S,0.00136,0.88
42643,126389,NCHGS,S,0.017864,0.87
42643,126389,NCJEC,S,0.017204,0.78
42643,126389,NCHGW,S,0.013477000000000003,0.72
42643,126389,NCCDV,S,-0.008682000000000002,0.9
42643,126389,NCCMJ,S,-0.005833999999999999,0.71
42643,126389,NCCMP,S,0.017673,0.95
42643,126389,NCHCA,S,0.01658,0.88
42643,126389,NCCMR,S,-0.013511999999999996,0.81
42643,126389,NCJBC,S,0.0072440000000000004,0.82
42643,126389,NCHPR,S,0.014391000000000001,0.75
42643,126389,NCCVA,S,-0.004687999999999998,0.9
42643,126389,NCJSC,S,-0.007302999999999997,0.73
42643,126389,NCCST,S,0.0008459999999999995,0.79
42643,126389,NCHPL,S,0.024757,0.81
42643,126389,NCBVY,S,0.031944,0.74
42643,126389,NCHQR,S,0.027388000000000003,0.77
42643,148939,NCCSC,P,0.024246000000000004,0.769
42643,148939,NCCADa,P,0.029437000000000005,0.833
42643,148939,NCJCB,P,0.021912,0.822
42643,148939,NCCML,P,0.034772000000000004,0.818
42643,148939,NCCAL,P,0.023370000000000002,0.852
42643,148939,NCCMM,P,0.022892999999999997,0.747
42643,148939,NCJHL,P,0.029593000000000008,0.786
42643,148939,NCJRR,P,0.027079000000000006,0.744
42643,148939,NCHGS,P,0.032996,0.885
42643,148939,NCJEC,P,0.035593,0.747
42643,148939,NCHGW,P,0.044533,0.937
42643,148939,NCCMJ,P,0.023157999999999998,0.892
42643,148939,NCCMP,P,0.034018,0.89
42643,148939,NCJBZ,P,0.020922999999999997,0.882
42643,148939,NCHCA,P,0.030644000000000005,0.957
42643,148939,NCJSG,P,0.033984,0.877
42643,148939,NCCMR,P,0.01664700000000001,0.878
42643,148939,NCJTG,P,0.032555,0.82
42643,148939,NCHPR,P,0.028450000000000003,0.888
42643,148939,NCCVA,P,0.023600999999999997,0.906
42643,148939,NCHCR,P,0.031738,0.909
42643,148939,NCCVL,P,0.02751300000000001,0.813
42643,148939,NCHFE,P,0.03096700000000001,0.938
42643,148939,NCCST,P,0.022143999999999997,0.857
42643,148939,NCJBM,P,0.018512,0.92
42643,148939,NCHAZ,P,0.02894200000000001,0.865
42643,148939,NCCCY,P,0.033897000000000004,0.836
42643,148939,NCHFH,P,0.042992,0.704
42643,148939,NCHDLb,P,0.028281,0.908
42643,148939,NCHQR,P,0.046777000000000006,0.84
42643,148939,NCCCOa,S,0.028509000000000007,0.72
42643,148939,NCCSC,S,0.027072,0.72
42643,148939,NCCMH,S,0.018591999999999997,0.89
42643,148939,NCCAO,S,0.023920999999999998,0.74
42643,148939,NCCADa,S,0.034154000000000004,0.74
42643,148939,NCJST,S,0.029979000000000006,0.8
42643,148939,NCJCB,S,0.024088,0.84
42643,148939,NCCML,S,0.030993000000000007,0.96
42643,148939,NCCAL,S,0.02031000000000001,0.84
42643,148939,NCHSP,S,0.049240000000000006,0.73
42643,148939,NCCMM,S,0.021199999999999997,0.95
42643,148939,NCJHL,S,0.028471999999999997,0.86
42643,148939,NCJRR,S,0.024139000000000008,0.76
42643,148939,NCJSS,S,0.022692000000000004,0.92
42643,148939,NCHGS,S,0.038609000000000004,0.92
42643,148939,NCJEC,S,0.02867800000000001,0.82
42643,148939,NCHGW,S,0.048793,0.91
42643,148939,NCCDV,S,0.020562999999999998,0.97
42643,148939,NCCMJ,S,0.022493,0.91
42643,148939,NCCMP,S,0.034559000000000006,0.93
42643,148939,NCJBZ,S,0.020157000000000008,0.75
42643,148939,NCHCA,S,0.033356,0.88
42643,148939,NCJSG,S,0.033162,0.8
42643,148939,NCCMR,S,0.014590000000000006,0.94
42643,148939,NCHPR,S,0.02887200000000001,0.85
42643,148939,NCJPL,S,0.029103000000000004,0.85
42643,148939,NCCVA,S,0.021665000000000004,0.98
42643,148939,NCHCR,S,0.038135,0.74
42643,148939,NCCVL,S,0.026697,0.89
42643,148939,NCJSC,S,0.032083,0.82
42643,148939,NCHFE,S,0.031679,0.76
42643,148939,NCHAZ,S,0.032663,0.71
42643,148939,NCCCY,S,0.031227000000000005,0.96
42643,148939,NCHDLb,S,0.036102,0.72
42643,148939,NCJPS,S,0.029209,0.83
42643,148939,NCHQR,S,0.053880000000000004,0.72
42643,160503,NCCADa,P,-0.0035659999999999997,0.772
42643,160503,NCJCB,P,-0.009811,0.819
42643,160503,NCCML,P,0.033726000000000006,0.829
42643,160503,NCCAL,P,0.020213000000000002,0.73
42643,160503,NCHSP,P,0.0036610000000000045,0.756
42643,160503,NCCMM,P,0.009533000000000007,0.727
42643,160503,NCHGS,P,-0.0023069999999999896,0.855
42643,160503,NCJEC,P,0.001454999999999998,0.848
42643,160503,NCHGW,P,0.011276000000000001,0.948
42643,160503,NCCMJ,P,0.021693000000000004,0.789
42643,160503,NCCMP,P,0.010504000000000006,0.877
42643,160503,NCHCA,P,-0.005919999999999995,0.898
42643,160503,NCJSG,P,0.024435000000000005,0.77
42643,160503,NCJBC,P,-0.00304299999999999,0.718
42643,160503,NCCVA,P,0.019635000000000007,0.758
42643,160503,NCHPR,P,-0.0003929999999999906,0.822
42643,160503,NCHCR,P,-0.0031999999999999945,0.851
42643,160503,NCJSC,P,0.023003000000000003,0.792
42643,160503,NCHFE,P,-0.0034539999999999987,0.75
42643,160503,NCCST,P,0.012080000000000007,0.807
42643,160503,NCJBM,P,0.009378000000000004,0.717
42643,160503,NCHAZ,P,-0.0027780000000000027,0.774
42643,160503,NCHDLb,P,-0.002370999999999998,0.921
42643,160503,NCHFP,P,0.017807000000000003,0.821
42643,160503,NCBVY,P,0.018617,0.875
42643,160503,NCHQR,P,0.022953,0.828
42643,160503,NCCADa,S,-0.013317999999999997,0.89
42643,160503,NCJST,S,0.006848000000000007,0.8
42643,160503,NCJCB,S,-0.014015,0.88
42643,160503,NCCML,S,0.036882000000000005,0.93
42643,160503,NCJAL,S,0.008348000000000001,0.87
42643,160503,NCHSP,S,0.0011919999999999986,0.85
42643,160503,NCCMM,S,0.014738000000000001,0.88
42643,160503,NCJHL,S,0.0036760000000000057,0.74
42643,160503,NCJSS,S,0.006305000000000005,0.9
42643,160503,NCHGS,S,-0.005986999999999992,0.89
42643,160503,NCJEC,S,0.00028600000000000847,0.82
42643,160503,NCHGW,S,0.008633000000000002,0.81
42643,160503,NCCDV,S,0.024996000000000004,0.89
42643,160503,NCCMJ,S,0.027730000000000005,0.75
42643,160503,NCCMP,S,0.010637000000000008,0.97
42643,160503,NCHCA,S,-0.0001270000000000021,0.81
42643,160503,NCJBC,S,0.010497000000000006,0.84
42643,160503,NCCOS,S,0.03220100000000001,0.88
42643,160503,NCCVA,S,0.037831000000000004,0.87
42643,160503,NCHPR,S,0.0027820000000000067,0.85
42643,160503,NCHCB,S,-0.0039959999999999996,0.72
42643,160503,NCJSC,S,0.030478000000000005,0.73
42643,160503,NCHFE,S,0.0028690000000000035,0.74
42643,160503,NCJSM,S,0.016301000000000003,0.75
42643,160503,NCCCY,S,0.050154000000000004,0.84
42643,160503,NCHFP,S,0.007985000000000006,0.74
42643,160503,NCBVY,S,0.016283000000000006,0.75
42643,160503,NCHQR,S,0.021651000000000004,0.77
42643,215747,NCCCOa,P,0.010451000000000002,0.743
42643,215747,NCCMH,P,0.003029999999999998,0.862
42643,215747,NCCADa,P,0.011300999999999999,0.876
42643,215747,NCJST,P,0.011682999999999999,0.815
42643,215747,NCJCB,P,0.007496000000000003,0.824
42643,215747,NCCML,P,0.020576999999999998,0.858
42643,215747,NCCAL,P,0.008455999999999998,0.896
42643,215747,NCJAL,P,0.011089000000000002,0.826
42643,215747,NCHSP,P,0.02665,0.702
42643,215747,NCJHL,P,0.013719000000000002,0.747
42643,215747,NCJRR,P,0.010458000000000002,0.848
42643,215747,NCHGS,P,0.016576,0.884
42643,215747,NCJEC,P,0.018576999999999996,0.895
42643,215747,NCHGW,P,0.029726000000000002,0.98
42643,215747,NCCDV,P,-0.006085000000000007,0.969
42643,215747,NCCMJ,P,0.009071999999999997,0.886
42643,215747,NCCMP,P,0.019167999999999998,0.941
42643,215747,NCJBZ,P,0.004277999999999997,0.83
42643,215747,NCHCA,P,0.014511999999999997,0.914
42643,215747,NCCMR,P,0.008245999999999996,0.91
42643,215747,NCJTG,P,0.018455,0.826
42643,215747,NCJBC,P,-0.006449999999999997,0.82
42643,215747,NCCVA,P,0.0041080000000000005,0.886
42643,215747,NCHCR,P,0.014481,0.883
42643,215747,NCJSC,P,0.009699,0.862
42643,215747,NCHFE,P,0.01346,0.885
42643,215747,NCCST,P,0.007711000000000003,0.864
42643,215747,NCJBM,P,0.0016610000000000028,0.938
42643,215747,NCHOR,P,0.018873,0.869
42643,215747,NCHAZ,P,0.010908000000000001,0.898
42643,215747,NCCCY,P,0.019428,0.918
42643,215747,NCJBLb,P,0.008788999999999998,0.787
42643,215747,NCHDLb,P,0.010869999999999998,0.972
42643,215747,NCCLC,P,0.0025009999999999963,0.791
42643,215747,NCHFP,P,0.022060999999999997,0.884
42643,215747,NCBVY,P,0.023313,0.869
42643,215747,NCHQR,P,0.031069,0.811
42643,215747,NCCCOa,S,0.011129,0.81
42643,215747,NCCMH,S,0.004029999999999999,0.86
42643,215747,NCCADa,S,0.016896,0.83
42643,215747,NCJST,S,0.012269000000000002,0.85
42643,215747,NCJCB,S,0.010971000000000002,0.88
42643,215747,NCCML,S,0.016478,0.94
42643,215747,NCCAL,S,0.004179999999999996,0.81
42643,215747,NCJAL,S,0.012767,0.88
42643,215747,NCHSP,S,0.032007999999999995,0.83
42643,215747,NCJHL,S,0.014356,0.83
42643,215747,NCJRR,S,0.009302999999999999,0.85
42643,215747,NCHGS,S,0.021782999999999997,0.95
42643,215747,NCJEC,S,0.016548,0.83
42643,215747,NCHGW,S,0.032983,0.92
42643,215747,NCCDV,S,-0.007404999999999995,0.97
42643,215747,NCCMJ,S,0.00884,0.89
42643,215747,NCCMP,S,0.019513999999999997,0.98
42643,215747,NCJBZ,S,0.005524000000000001,0.77
42643,215747,NCHCA,S,0.018411999999999998,0.9
42643,215747,NCCMR,S,0.006069999999999999,0.9
42643,215747,NCJTG,S,0.018507000000000003,0.8
42643,215747,NCJBC,S,-0.005252999999999994,0.85
42643,215747,NCCVA,S,0.003506000000000002,0.94
42643,215747,NCJPL,S,0.018761,0.8
42643,215747,NCHCR,S,0.018913,0.78
42643,215747,NCHCB,S,0.010208000000000002,0.86
42643,215747,NCJSC,S,0.008293000000000002,0.79
42643,215747,NCHFE,S,0.017254,0.79
42643,215747,NCCST,S,0.008371999999999997,0.9
42643,215747,NCCCY,S,0.015632,0.92
42643,215747,NCHDLb,S,0.013047000000000003,0.85
42643,215747,NCCLC,S,0.0027599999999999986,0.82
42643,215747,NCHFP,S,0.024405999999999997,0.73
42643,215747,NCBVY,S,0.026979999999999997,0.82
42643,215747,NCHQR,S,0.032025,0.78
42643,238704,NCCSC,P,-0.0020499999999999997,0.808
42643,238704,NCCMH,P,0.002189,0.713
42643,238704,NCCADa,P,-0.021337000000000002,0.779
42643,238704,NCCML,P,0.01563,0.807
42643,238704,NCCAL,P,0.004993000000000001,0.741
42643,238704,NCJRR,P,-0.018621,0.723
42643,238704,NCHGS,P,-0.018163,0.833
42643,238704,NCJEC,P,-0.012444999999999998,0.758
42643,238704,NCHGW,P,-0.005816000000000002,0.919
42643,238704,NCCDV,P,-0.008746999999999998,0.942
42643,238704,NCCMJ,P,0.008037000000000002,0.808
42643,238704,NCCMP,P,-0.006331999999999997,0.846
42643,238704,NCJBZ,P,-0.021975999999999996,0.806
42643,238704,NCHCA,P,-0.020886999999999996,0.917
42643,238704,NCJSG,P,0.012354000000000002,0.836
42643,238704,NCCMR,P,0.0038800000000000015,0.902
42643,238704,NCJTG,P,-0.007553999999999998,0.753
42643,238704,NCCVA,P,0.004758000000000002,0.807
42643,238704,NCCMN,P,-0.0006249999999999971,0.86
42643,238704,NCHCR,P,-0.020661,0.812
42643,238704,NCHCB,P,-0.020740999999999996,0.74
42643,238704,NCCVL,P,0.012481,0.821
42643,238704,NCJSC,P,0.0028269999999999997,0.731
42643,238704,NCCST,P,-0.0030409999999999986,0.822
42643,238704,NCHPL,P,-0.016652,0.907
42643,238704,NCJBM,P,-0.005218999999999998,0.849
42643,238704,NCHAZ,P,-0.020894999999999997,0.775
42643,238704,NCJBLb,P,-0.0002149999999999999,0.829
42643,238704,NCHBT,P,-0.018843,0.726
42643,238704,NCHSFb,P,-0.016231999999999996,0.788
42643,238704,NCHLT,P,-0.020338999999999996,0.718
42643,238704,NCHJG,P,-0.022111,0.835
42643,238704,NCJHP,P,0.0026600000000000026,0.904
42643,238704,NCCLC,P,-0.00031999999999999737,0.81
42643,238704,NCHFP,P,-0.011205,0.718
42643,238704,NCBVY,P,-0.009438999999999996,0.831
42643,238704,NCHQR,P,-0.005976999999999996,0.824
42643,238704,NCCADa,S,-0.03353,0.79
42643,238704,NCJST,S,-0.008611,0.89
42643,238704,NCJCB,S,-0.029553999999999997,0.82
42643,238704,NCCML,S,0.026852,0.88
42643,238704,NCCAL,S,0.013868000000000002,0.77
42643,238704,NCJAL,S,-0.0069079999999999975,0.85
42643,238704,NCJHL,S,-0.008044999999999997,0.74
42643,238704,NCJSS,S,-0.005755999999999997,0.9
42643,238704,NCHGS,S,-0.021725999999999995,0.84
42643,238704,NCJEC,S,-0.013479999999999999,0.86
42643,238704,NCHGW,S,-0.008705999999999998,0.75
42643,238704,NCCDV,S,0.0006300000000000021,0.91
42643,238704,NCCMP,S,-0.006728999999999999,0.94
42643,238704,NCJBZ,S,-0.019169,0.71
42643,238704,NCHCA,S,-0.028345999999999996,0.8
42643,238704,NCCMR,S,0.019502000000000002,0.84
42643,238704,NCJBC,S,-0.008647999999999996,0.86
42643,238704,NCCVA,S,0.015937,0.91
42643,238704,NCJPL,S,-0.012405,0.76
42643,238704,NCCMN,S,0.004597,0.85
42643,238704,NCHCB,S,-0.024986,0.75
42643,238704,NCCVL,S,0.020982,0.87
42643,238704,NCCST,S,0.003465000000000003,0.76
42643,238704,NCHPL,S,-0.027111999999999997,0.79
42643,238704,NCCCY,S,0.028990000000000002,0.88
42643,238704,NCHSFb,S,-0.018597999999999996,0.77
42643,238704,NCBVY,S,-0.010430000000000002,0.71
42643,238790,NCCCOa,P,-0.0073019999999999995,0.791
42643,238790,NCCSC,P,0.0037490000000000006,0.836
42643,238790,NCCMH,P,0.0005010000000000014,0.948
42643,238790,NCCADa,P,-0.0012759999999999994,0.855
42643,238790,NCJST,P,0.000962000000000001,0.913
42643,238790,NCJCB,P,-0.00682,0.81
42643,238790,NCCML,P,0.018021000000000002,0.81
42643,238790,NCCAL,P,0.004116000000000001,0.869
42643,238790,NCJAL,P,0.0031070000000000004,0.743
42643,238790,NCHSP,P,0.010306000000000001,0.937
42643,238790,NCJHL,P,0.0030550000000000004,0.803
42643,238790,NCJRR,P,-0.0016999999999999984,0.811
42643,238790,NCJSS,P,0.0036640000000000006,0.838
42643,238790,NCHGS,P,0.0005520000000000004,0.902
42643,238790,NCJEC,P,0.006172,0.833
42643,238790,NCHGW,P,0.014013000000000001,0.949
42643,238790,NCCDV,P,-0.008524,0.968
42643,238790,NCCMJ,P,0.0062580000000000005,0.85
42643,238790,NCCMP,P,0.008841000000000002,0.944
42643,238790,NCJBZ,P,-0.003977999999999999,0.83
42643,238790,NCHCA,P,-0.0007129999999999984,0.975
42643,238790,NCJSG,P,0.016658,0.828
42643,238790,NCCMR,P,0.003420000000000001,0.929
42643,238790,NCJTG,P,0.009621000000000001,0.85
42643,238790,NCCVA,P,0.0026910000000000007,0.882
42643,238790,NCHCR,P,4.800000000000117e-05,0.932
42643,238790,NCHCB,P,-0.001174999999999999,0.838
42643,238790,NCCVL,P,0.011197,0.892
42643,238790,NCJSC,P,0.007235000000000001,0.803
42643,238790,NCCST,P,0.0005650000000000013,0.896
42643,238790,NCHPL,P,0.001085000000000001,0.944
42643,238790,NCJBM,P,-0.0009919999999999998,0.922
42643,238790,NCHOR,P,0.002705000000000001,0.759
42643,238790,NCHAZ,P,-0.0018569999999999993,0.813
42643,238790,NCCCY,P,0.014994,0.833
42643,238790,NCJBLb,P,0.003280000000000001,0.709
42643,238790,NCHLT,P,-0.0005709999999999986,0.724
42643,238790,NCJHP,P,0.0035270000000000006,0.896
42643,238790,NCCLC,P,-0.0005499999999999984,0.859
42643,238790,NCHFP,P,0.008027000000000001,0.895
42643,238790,NCBVY,P,0.010246000000000002,0.923
42643,238790,NCHQR,P,0.015054000000000001,0.831
42643,238790,NCCCOa,S,-0.0072489999999999985,0.86
42643,238790,NCCSC,S,0.004372000000000001,0.8
42643,238790,NCCMH,S,0.0015020000000000016,0.94
42643,238790,NCCADa,S,-0.003396999999999999,0.87
42643,238790,NCJST,S,0.0017930000000000012,0.95
42643,238790,NCJCB,S,-0.004784,0.84
42643,238790,NCCML,S,0.017376000000000003,0.95
42643,238790,NCCAL,S,0.004810000000000001,0.81
42643,238790,NCJAL,S,0.006525,0.81
42643,238790,NCHSP,S,0.009981,0.94
42643,238790,NCJHL,S,0.004203000000000001,0.84
42643,238790,NCJRR,S,-0.0042179999999999995,0.78
42643,238790,NCJSS,S,0.004976000000000001,0.92
42643,238790,NCHGS,S,0.0013900000000000006,0.96
42643,238790,NCJEC,S,0.004776000000000001,0.88
42643,238790,NCHGW,S,0.015172000000000001,0.91
42643,238790,NCCDV,S,-0.007897999999999999,0.97
42643,238790,NCCMJ,S,0.007361000000000001,0.92
42643,238790,NCCMP,S,0.006808000000000001,0.94
42643,238790,NCJBZ,S,-0.004171999999999999,0.8
42643,238790,NCHCA,S,-0.0007269999999999985,0.96
42643,238790,NCJSG,S,0.017146,0.87
42643,238790,NCCMR,S,0.007339000000000001,0.94
42643,238790,NCJTG,S,0.011318000000000002,0.82
42643,238790,NCJBC,S,-0.004893999999999999,0.87
42643,238790,NCCVA,S,0.006683000000000001,0.95
42643,238790,NCJPL,S,0.0033560000000000005,0.85
42643,238790,NCHCR,S,-0.0012909999999999987,0.86
42643,238790,NCHCB,S,-0.0047129999999999984,0.85
42643,238790,NCCVL,S,0.010167,0.93
42643,238790,NCJSC,S,0.005282000000000001,0.76
42643,238790,NCCST,S,0.0029630000000000004,0.86
42643,238790,NCHPL,S,0.0016750000000000011,0.96
42643,238790,NCHOR,S,0.0026500000000000013,0.74
42643,238790,NCCCY,S,0.016796000000000002,0.95
42643,238790,NCHLT,S,0.0011540000000000005,0.71
42643,238790,NCJHP,S,0.007104000000000001,0.71
42643,238790,NCJPS,S,-0.0009759999999999994,0.88
42643,238790,NCCLC,S,-0.0013609999999999994,0.8
42643,238790,NCHFP,S,0.006708,0.88
42643,238790,NCBVY,S,0.010287000000000001,0.92
42643,238790,NCHQR,S,0.016924,0.81
42643,30062741,NCJCB,P,-0.021372000000000002,0.772
42643,30062741,NCCML,P,0.02046500000000001,0.848
42643,30062741,NCCAL,P,0.0036480000000000123,0.787
42643,30062741,NCHSP,P,-0.010685,0.849
42643,30062741,NCJRR,P,-0.017296000000000006,0.777
42643,30062741,NCHGS,P,-0.01749300000000001,0.863
42643,30062741,NCJEC,P,-0.010499000000000008,0.852
42643,30062741,NCCMJ,P,0.008412000000000003,0.867
42643,30062741,NCCMP,P,-0.0037530000000000063,0.85
42643,30062741,NCJBZ,P,-0.023501999999999995,0.793
42643,30062741,NCHCA,P,-0.011741000000000001,0.887
42643,30062741,NCHCR,P,-0.017414000000000013,0.863
42643,30062741,NCJSC,P,0.011525000000000007,0.8
42643,30062741,NCHFE,P,-0.020014000000000004,0.875
42643,30062741,NCCST,P,-0.0021579999999999933,0.798
42643,30062741,NCJBM,P,-0.003027000000000002,0.745
42643,30062741,NCHOR,P,-0.01263800000000001,0.749
42643,30062741,NCHAZ,P,-0.017922999999999994,0.861
42643,30062741,NCHDLb,P,-0.018539,0.945
42643,30062741,NCHLT,P,-0.022648,0.774
42643,30062741,NCHJG,P,-0.019146999999999997,0.937
42643,30062741,NCHFP,P,-0.00730900000000001,0.83
42643,30062741,NCBVY,P,-0.00767799999999999,0.84
42643,30062741,NCCMH,S,0.003031000000000006,0.72
42643,30062741,NCCADa,S,-0.02238599999999999,0.81
42643,30062741,NCJST,S,-0.012366999999999989,0.82
42643,30062741,NCJCB,S,-0.023596000000000006,0.84
42643,30062741,NCCML,S,0.02430299999999999,0.93
42643,30062741,NCCAL,S,0.009525000000000006,0.76
42643,30062741,NCJAL,S,-0.005738999999999994,0.84
42643,30062741,NCHSP,S,-0.013612000000000013,0.8
42643,30062741,NCJHL,S,-0.0072490000000000054,0.75
42643,30062741,NCJRR,S,-0.018386999999999987,0.72
42643,30062741,NCJSS,S,-0.005528000000000005,0.91
42643,30062741,NCHGS,S,-0.01968600000000001,0.88
42643,30062741,NCJEC,S,-0.009111000000000008,0.87
42643,30062741,NCCDV,S,-0.0005449999999999899,0.93
42643,30062741,NCCMJ,S,0.012224000000000013,0.74
42643,30062741,NCCMP,S,-0.001690999999999998,0.97
42643,30062741,NCHCA,S,-0.01566300000000001,0.75
42643,30062741,NCJTG,S,-0.002466999999999997,0.71
42643,30062741,NCJBC,S,-0.004250000000000004,0.75
42643,30062741,NCJPL,S,-0.007711999999999997,0.75
42643,30062741,NCCVL,S,0.016493000000000008,0.84
42643,30062741,NCHFE,S,-0.020680000000000004,0.83
42643,30062741,NCHOR,S,-0.017055999999999988,0.74
42643,30062741,NCCCY,S,0.026586,0.84
42643,30062741,NCHJG,S,-0.023031999999999997,0.8
42643,30062741,NCBVY,S,-0.008189000000000002,0.83
42643,30069222,NCCMH,P,-0.009679,0.78
42643,30069222,NCCML,P,0.01429,0.779
42643,30069222,NCCAL,P,-0.0012059999999999996,0.801
42643,30069222,NCJHL,P,0.008461,0.709
42643,30069222,NCHGS,P,0.018675999999999998,0.842
42643,30069222,NCJEC,P,0.013313,0.763
42643,30069222,NCHGW,P,0.029575,0.91
42643,30069222,NCCDV,P,-0.01129,0.929
42643,30069222,NCCMJ,P,0.001742,0.729
42643,30069222,NCJBZ,P,0.0001510000000000001,0.794
42643,30069222,NCJSG,P,0.012042,0.792
42643,30069222,NCCMR,P,0.004687,0.837
42643,30069222,NCCVA,P,-0.002994,0.748
42643,30069222,NCHCR,P,0.012644,0.785
42643,30069222,NCHFE,P,0.013144,0.778
42643,30069222,NCCST,P,0.00336,0.773
42643,30069222,NCJBM,P,-0.0010400000000000001,0.844
42643,30069222,NCHOR,P,0.019387,0.789
42643,30069222,NCHAZ,P,0.011633000000000001,0.824
42643,30069222,NCCCY,P,0.012141,0.753
42643,30069222,NCHDLb,P,0.011321000000000001,0.91
42643,30069222,NCHLT,P,0.017181000000000002,0.807
42643,30069222,NCHJG,P,0.011727000000000001,0.854
42643,30069222,NCBVY,P,0.023886,0.782
42643,30069222,NCCAO,S,0.0102,0.76
42643,30069222,NCJCB,S,0.008315,0.73
42643,30069222,NCCML,S,0.012844,0.9
42643,30069222,NCCAL,S,-0.011262,0.76
42643,30069222,NCJAL,S,0.0061860000000000005,0.76
42643,30069222,NCHSP,S,0.036338999999999996,0.74
42643,30069222,NCJSS,S,0.007325,0.8
42643,30069222,NCHGS,S,0.02438,0.84
42643,30069222,NCJEC,S,0.011078000000000001,0.78
42643,30069222,NCCDV,S,-0.012506,0.88
42643,30069222,NCCMJ,S,0.0004000000000000002,0.76
42643,30069222,NCCMR,S,0.0075580000000000005,0.84
42643,30069222,NCCVA,S,-0.003365,0.91
42643,30069222,NCJBM,S,0.002827,0.71
42643,30069222,NCCCY,S,0.006641,0.79
42643,30069222,NCHJG,S,0.019686,0.77
42643,30069222,NCBVY,S,0.032043,0.74
42643,30092060,NCCMH,P,-0.005322000000000021,0.829
42643,30092060,NCCAO,P,0.00023399999999998422,0.735
42643,30092060,NCJST,P,-0.001356999999999997,0.834
42643,30092060,NCCML,P,0.011149999999999993,0.825
42643,30092060,NCCAL,P,-0.003613000000000005,0.865
42643,30092060,NCJAL,P,0.0010169999999999901,0.788
42643,30092060,NCHSP,P,0.012299000000000004,0.724
42643,30092060,NCJHL,P,0.0017629999999999868,0.81
42643,30092060,NCJRR,P,-0.0013050000000000006,0.815
42643,30092060,NCJSS,P,0.001678999999999986,0.852
42643,30092060,NCJEC,P,0.008372999999999992,0.861
42643,30092060,NCHGW,P,0.016176999999999997,0.919
42643,30092060,NCCDV,P,-0.016013,0.964
42643,30092060,NCCMJ,P,-0.001711000000000018,0.861
42643,30092060,NCCMP,P,0.00822199999999998,0.748
42643,30092060,NCHCA,P,0.0010830000000000006,0.98
42643,30092060,NCJSG,P,0.007970000000000005,0.834
42643,30092060,NCCVA,P,-0.005357000000000001,0.86
42643,30092060,NCHCR,P,0.0013249999999999929,0.915
42643,30092060,NCCVL,P,-0.0024080000000000212,0.789
42643,30092060,NCJSC,P,0.009242,0.721
42643,30092060,NCCST,P,-0.005724000000000007,0.83
42643,30092060,NCJBM,P,-0.006944000000000006,0.817
42643,30092060,NCCCY,P,0.008567999999999992,0.875
42643,30092060,NCHDLb,P,-0.0025600000000000067,0.897
42643,30092060,NCHFP,P,0.009267999999999998,0.898
42643,30092060,NCBVY,P,0.01006399999999999,0.873
42643,30092060,NCCCOa,S,-0.0010390000000000121,0.8
42643,30092060,NCCMH,S,-0.003402000000000016,0.86
42643,30092060,NCCAO,S,-0.0016150000000000053,0.75
42643,30092060,NCCADa,S,0.009760999999999992,0.79
42643,30092060,NCJST,S,-0.00044700000000000295,0.86
42643,30092060,NCJCB,S,-0.0007199999999999984,0.83
42643,30092060,NCCML,S,0.008868999999999988,0.95
42643,30092060,NCCAL,S,-0.007332000000000005,0.88
42643,30092060,NCJAL,S,0.003035999999999983,0.84
42643,30092060,NCHSP,S,0.017226999999999992,0.8
42643,30092060,NCJHL,S,0.002787999999999985,0.86
42643,30092060,NCJRR,S,-0.0025570000000000037,0.8
42643,30092060,NCJSS,S,0.001691999999999999,0.94
42643,30092060,NCJEC,S,0.004748000000000002,0.82
42643,30092060,NCHGW,S,0.019038,0.91
42643,30092060,NCCDV,S,-0.01658000000000001,0.96
42643,30092060,NCCMJ,S,-0.0010170000000000179,0.93
42643,30092060,NCHCA,S,0.003466999999999998,0.83
42643,30092060,NCJSG,S,0.009697999999999984,0.88
42643,30092060,NCJBC,S,-0.009424000000000016,0.83
42643,30092060,NCCVA,S,-0.004764000000000018,0.94
42643,30092060,NCHCR,S,0.003896999999999984,0.74
42643,30092060,NCCVL,S,-0.007116000000000011,0.86
42643,30092060,NCJSC,S,0.007780999999999982,0.87
42643,30092060,NCCCY,S,0.006505999999999984,0.94
42643,30092060,NCHDLb,S,-0.0004350000000000187,0.84
42643,30092060,NCBVY,S,0.011004999999999987,0.81
42643,389286,NCCMH,P,-0.013862,0.787
42643,389286,NCJST,P,-0.0004019999999999996,0.783
42643,389286,NCJCB,P,-0.005969999999999989,0.778
42643,389286,NCJAL,P,0.0013999999999999985,0.726
42643,389286,NCJHL,P,0.0018159999999999982,0.799
42643,389286,NCJRR,P,-0.0001799999999999996,0.792
42643,389286,NCJSS,P,-0.0005389999999999978,0.749
42643,389286,NCHGS,P,0.0028730000000000006,0.9
42643,389286,NCJEC,P,0.007825000000000006,0.882
42643,389286,NCHGW,P,0.018593000000000005,0.963
42643,389286,NCCDV,P,-0.021461999999999995,0.968
42643,389286,NCCMJ,P,-0.008625999999999995,0.86
42643,389286,NCHCA,P,0.010569000000000002,0.848
42643,389286,NCJSG,P,0.0026240000000000013,0.851
42643,389286,NCCMR,P,-0.008235999999999993,0.918
42643,389286,NCJTG,P,0.005826000000000005,0.785
42643,389286,NCCVA,P,-0.010613999999999998,0.858
42643,389286,NCHCR,P,0.002036999999999997,0.915
42643,389286,NCJSC,P,0.004718000000000007,0.721
42643,389286,NCHFE,P,0.002898999999999999,0.904
42643,389286,NCCST,P,-0.008812,0.845
42643,389286,NCJBM,P,-0.010745999999999992,0.912
42643,389286,NCJSM,P,-0.008599999999999997,0.766
42643,389286,NCHAZ,P,-0.00037600000000000133,0.883
42643,389286,NCCCY,P,0.0012940000000000035,0.895
42643,389286,NCHDLb,P,-0.0019399999999999973,0.936
42643,389286,NCCLC,P,-0.012623999999999996,0.725
42643,389286,NCHFP,P,0.009896000000000002,0.903
42643,389286,NCCCOa,S,-0.000784999999999994,0.78
42643,389286,NCCMH,S,-0.013019000000000003,0.81
42643,389286,NCCAO,S,-0.0032089999999999896,0.71
42643,389286,NCJST,S,-0.00021399999999999197,0.81
42643,389286,NCJCB,S,-0.0010539999999999994,0.89
42643,389286,NCJAL,S,0.0023839999999999972,0.86
42643,389286,NCHSP,S,0.020591000000000005,0.84
42643,389286,NCJHL,S,0.0026260000000000033,0.86
42643,389286,NCJRR,S,-0.002002999999999991,0.78
42643,389286,NCJSS,S,-0.0002839999999999926,0.93
42643,389286,NCHGS,S,0.009981000000000004,0.93
42643,389286,NCJEC,S,0.005833000000000005,0.8
42643,389286,NCHGW,S,0.022378000000000002,0.89
42643,389286,NCCDV,S,-0.02499599999999999,0.93
42643,389286,NCCMJ,S,-0.009808999999999998,0.9
42643,389286,NCHCA,S,0.019115000000000007,0.73
42643,389286,NCJSG,S,0.0052290000000000045,0.79
42643,389286,NCCMR,S,-0.010701000000000002,0.94
42643,389286,NCCVA,S,-0.008548,0.87
42643,389286,NCHCR,S,0.007745000000000002,0.73
42643,389286,NCJSC,S,0.006752000000000001,0.74
42643,389286,NCHFE,S,0.006616000000000004,0.74
42643,389286,NCCCY,S,-0.00397299999999999,0.9
42643,389286,NCHDLb,S,0.0010300000000000031,0.81
42643,389286,NCCLC,S,-0.012527999999999997,0.75
42643,389286,NCHFP,S,0.012665000000000003,0.82
42643,44335,NCCMN,P,-0.0018139999999999962,0.703
42643,44335,NCHPL,P,0.172977,0.788
42643,478138,NCJST,P,0.01262000000000002,0.742
42643,478138,NCCML,P,0.04064300000000001,0.85
42643,478138,NCCAL,P,0.02696900000000002,0.801
42643,478138,NCCDV,P,0.014266000000000001,0.924
42643,478138,NCCMJ,P,0.030624000000000012,0.862
42643,478138,NCCMP,P,0.019988000000000006,0.793
42643,478138,NCHCA,P,0.0072460000000000024,0.923
42643,478138,NCCMR,P,0.019413000000000014,0.929
42643,478138,NCJTG,P,0.015825000000000006,0.745
42643,478138,NCJBC,P,0.01172200000000001,0.771
42643,478138,NCCVA,P,0.028987000000000013,0.839
42643,478138,NCHCR,P,0.009041000000000021,0.859
42643,478138,NCCVL,P,0.03014900000000001,0.856
42643,478138,NCJSC,P,0.03778300000000001,0.768
42643,478138,NCHFE,P,0.008492,0.866
42643,478138,NCJBM,P,0.020820000000000005,0.877
42643,478138,NCCCY,P,0.04120300000000002,0.839
42643,478138,NCCAO,S,0.01223100000000002,0.73
42643,478138,NCCADa,S,-0.0020379999999999843,0.72
42643,478138,NCJST,S,0.017257000000000022,0.86
42643,478138,NCCML,S,0.04966800000000002,0.9
42643,478138,NCCAL,S,0.03263100000000002,0.82
42643,478138,NCJAL,S,0.01778300000000002,0.86
42643,478138,NCJHL,S,0.016936000000000007,0.74
42643,478138,NCCDV,S,0.02398700000000001,0.91
42643,478138,NCHCA,S,0.0004790000000000072,0.84
42643,478138,NCCMR,S,0.029836,0.92
42643,478138,NCJTG,S,0.017015000000000002,0.73
42643,478138,NCJBC,S,0.019346000000000002,0.87
42643,478138,NCCOS,S,0.028370000000000006,0.89
42643,478138,NCCVA,S,0.038138000000000005,0.94
42643,478138,NCJPL,S,0.011133000000000004,0.73
42643,478138,NCHCB,S,0.0017840000000000078,0.8
42643,478138,NCCVL,S,0.036650000000000016,0.88
42643,478138,NCHFE,S,0.005452000000000012,0.71
42643,478138,NCJSM,S,0.02185200000000001,0.84
42643,478138,NCCCY,S,0.051626000000000005,0.9
42643,483500,NCCML,P,0.034416,0.714
42643,483500,NCCVA,P,0.059831999999999996,0.772
42643,483500,NCCMN,P,0.058737999999999985,0.789
42643,529274,NCCMH,P,0.007588000000000011,0.871
42643,529274,NCJST,P,0.012217000000000006,0.771
42643,529274,NCCML,P,0.024056999999999995,0.827
42643,529274,NCCAL,P,0.011248000000000008,0.912
42643,529274,NCJSS,P,0.01467099999999999,0.765
42643,529274,NCJEC,P,0.02593899999999999,0.836
42643,529274,NCCDV,P,-0.0022079999999999878,0.96
42643,529274,NCCMJ,P,0.011080000000000007,0.914
42643,529274,NCCMP,P,0.020516000000000006,0.83
42643,529274,NCJBZ,P,0.011308000000000012,0.93
42643,529274,NCHCA,P,0.015146999999999994,0.848
42643,529274,NCJBC,P,0.007217000000000001,0.838
42643,529274,NCCVA,P,0.009275000000000005,0.859
42643,529274,NCHCR,P,0.01747499999999999,0.81
42643,529274,NCCMN,P,0.004608000000000001,0.857
42643,529274,NCJSC,P,0.023750999999999994,0.774
42643,529274,NCHFE,P,0.016628000000000004,0.866
42643,529274,NCCST,P,0.007107000000000002,0.848
42643,529274,NCJBM,P,0.007584000000000007,0.843
42643,529274,NCCCY,P,0.021722999999999992,0.919
42643,529274,NCJHP,P,0.010561999999999988,0.902
42643,529274,NCCLC,P,0.0043410000000000115,0.779
42643,529274,NCHFP,P,0.022347000000000006,0.908
42643,529274,NCCMH,S,0.008577000000000001,0.91
42643,529274,NCCADa,S,0.018675999999999998,0.81
42643,529274,NCJST,S,0.015461000000000003,0.76
42643,529274,NCCML,S,0.022299000000000013,0.95
42643,529274,NCCAL,S,0.01005700000000001,0.85
42643,529274,NCJAL,S,0.01902799999999999,0.87
42643,529274,NCHSP,S,0.028002,0.82
42643,529274,NCJHL,S,0.017915999999999987,0.81
42643,529274,NCJSS,S,0.016971999999999987,0.87
42643,529274,NCJEC,S,0.02110100000000001,0.91
42643,529274,NCCDV,S,-0.0025429999999999897,0.96
42643,529274,NCCMJ,S,0.011885000000000007,0.94
42643,529274,NCJBZ,S,0.011454999999999993,0.82
42643,529274,NCHCA,S,0.01980699999999999,0.83
42643,529274,NCJBC,S,0.010654999999999998,0.89
42643,529274,NCCOS,S,0.009605000000000002,0.8
42643,529274,NCCVA,S,0.007758999999999988,0.96
42643,529274,NCJPL,S,0.020363999999999993,0.82
42643,529274,NCHCR,S,0.02163000000000001,0.76
42643,529274,NCCMN,S,0.00819800000000001,0.9
42643,529274,NCJSC,S,0.02473700000000001,0.81
42643,529274,NCHFE,S,0.01755699999999999,0.8
42643,529274,NCCST,S,0.009781000000000012,0.87
42643,529274,NCCCY,S,0.020086999999999994,0.98
42643,529274,NCJHP,S,0.014019000000000004,0.72
42643,529274,NCJPS,S,0.009677999999999992,0.91
42643,529274,NCCLC,S,0.006558000000000008,0.75
42643,529274,NCHFP,S,0.02560599999999999,0.84
42643,54084,NCCSC,P,-0.0012169999999999959,0.803
42643,54084,NCCADa,P,-0.030097,0.85
42643,54084,NCCAL,P,0.007825000000000006,0.791
42643,54084,NCHGS,P,-0.016437999999999994,0.855
42643,54084,NCJEC,P,0.0028810000000000086,0.715
42643,54084,NCHGW,P,-0.013912999999999995,0.902
42643,54084,NCCDV,P,0.007648000000000002,0.932
42643,54084,NCJBZ,P,-0.016012,0.766
42643,54084,NCHCA,P,-0.015665,0.858
42643,54084,NCJSG,P,0.002911999999999998,0.896
42643,54084,NCCMR,P,0.007837000000000004,0.873
42643,54084,NCCVA,P,0.010123,0.873
42643,54084,NCHCR,P,-0.013282000000000002,0.776
42643,54084,NCJSC,P,0.0021690000000000043,0.776
42643,54084,NCCST,P,0.002711000000000005,0.837
42643,54084,NCJBM,P,0.0019650000000000084,0.906
42643,54084,NCCCY,P,0.007790000000000005,0.717
42643,54084,NCHDLb,P,-0.010899999999999993,0.875
42643,54084,NCHFP,P,-0.011897999999999992,0.764
42643,54084,NCBVY,P,-0.011273999999999992,0.789
42643,54084,NCCSC,S,-0.0014289999999999997,0.76
42643,54084,NCCAO,S,-0.006512999999999991,0.71
42643,54084,NCCADa,S,-0.037706,0.77
42643,54084,NCJST,S,-0.0034170000000000034,0.8
42643,54084,NCJCB,S,-0.018071000000000004,0.82
42643,54084,NCCAL,S,0.016435000000000005,0.78
42643,54084,NCJHL,S,-0.003577999999999998,0.75
42643,54084,NCJSS,S,-0.000682000000000002,0.86
42643,54084,NCHGS,S,-0.019670999999999994,0.91
42643,54084,NCHGW,S,-0.015829999999999997,0.76
42643,54084,NCCDV,S,0.015217000000000001,0.93
42643,54084,NCCMJ,S,0.015756000000000006,0.72
42643,54084,NCCMP,S,-0.0049949999999999994,0.91
42643,54084,NCJBZ,S,-0.012165999999999996,0.71
42643,54084,NCHCA,S,-0.02308099999999999,0.81
42643,54084,NCJBC,S,0.0023090000000000055,0.85
42643,54084,NCCVA,S,0.019763000000000003,0.93
42643,54084,NCJPL,S,-0.0009059999999999901,0.73
42643,54084,NCCST,S,0.009231000000000003,0.76
42643,54084,NCCCY,S,0.019249000000000002,0.88
42643,54084,NCBVY,S,-0.013327999999999993,0.72
42643,62514,NCCCOa,P,0.009352000000000006,0.744
42643,62514,NCCSC,P,9.40000000000038e-05,0.869
42643,62514,NCCMH,P,-0.006506999999999999,0.779
42643,62514,NCCADa,P,-0.007946999999999996,0.873
42643,62514,NCJCB,P,0.007988000000000002,0.818
42643,62514,NCCAL,P,-0.0018499999999999975,0.804
42643,62514,NCJAL,P,0.009582,0.817
42643,62514,NCHSP,P,0.010900000000000007,0.838
42643,62514,NCJHL,P,0.010215000000000002,0.874
42643,62514,NCJRR,P,0.0074840000000000045,0.808
42643,62514,NCJSS,P,0.001922,0.773
42643,62514,NCJEC,P,0.022251000000000003,0.844
42643,62514,NCHGW,P,0.008381000000000007,0.965
42643,62514,NCCMJ,P,-0.003376999999999998,0.869
42643,62514,NCCMP,P,0.007443000000000005,0.844
42643,62514,NCJBZ,P,0.0009800000000000017,0.894
42643,62514,NCHCA,P,0.008887000000000006,0.963
42643,62514,NCJSG,P,-0.0007109999999999964,0.947
42643,62514,NCCMR,P,-0.0019369999999999943,0.909
42643,62514,NCHPR,P,0.003845000000000001,0.845
42643,62514,NCCVA,P,-0.0032319999999999988,0.878
42643,62514,NCHCR,P,0.010151,0.938
42643,62514,NCJSC,P,-0.002815999999999999,0.849
42643,62514,NCHFE,P,0.002251000000000003,0.937
42643,62514,NCHPL,P,0.008028,0.917
42643,62514,NCJBM,P,-0.0021949999999999956,0.897
42643,62514,NCHCP,P,0.008318000000000006,0.918
42643,62514,NCJSM,P,-0.0008009999999999962,0.83
42643,62514,NCCCY,P,-0.004152999999999997,0.792
42643,62514,NCJBLb,P,0.0018220000000000042,0.843
42643,62514,NCHDLb,P,0.008233000000000004,0.94
42643,62514,NCJHP,P,-0.0018369999999999984,0.889
42643,62514,NCJPS,P,-0.0008499999999999966,0.798
42643,62514,NCCLC,P,-0.001454999999999998,0.79
42643,62514,NCHFP,P,0.007858000000000004,0.88
42643,62514,NCBVY,P,0.009225000000000004,0.921
42643,62514,NCHQR,P,0.008544000000000003,0.807
42643,62514,NCCCOa,S,0.010296000000000007,0.84
42643,62514,NCCSC,S,0.002133000000000003,0.77
42643,62514,NCCMH,S,-0.005968999999999995,0.79
42643,62514,NCCAO,S,0.0033280000000000046,0.81
42643,62514,NCCADa,S,-0.00015199999999999936,0.84
42643,62514,NCJST,S,0.002924000000000003,0.84
42643,62514,NCJCB,S,0.010626000000000003,0.81
42643,62514,NCCAL,S,-0.008839999999999994,0.8
42643,62514,NCJAL,S,0.007980000000000001,0.89
42643,62514,NCHSP,S,0.018529000000000004,0.86
42643,62514,NCJHL,S,0.009509000000000004,0.88
42643,62514,NCJRR,S,0.005283000000000003,0.75
42643,62514,NCJSS,S,0.0017490000000000006,0.96
42643,62514,NCJEC,S,0.020869000000000006,0.93
42643,62514,NCHGW,S,0.012515000000000005,0.9
42643,62514,NCCDV,S,-0.008501999999999996,0.97
42643,62514,NCCMJ,S,-0.005100999999999994,0.85
42643,62514,NCCMP,S,0.008089000000000006,0.96
42643,62514,NCJBZ,S,0.00010900000000000493,0.83
42643,62514,NCHCA,S,0.012247000000000001,0.9
42643,62514,NCJSG,S,-0.0009199999999999972,0.83
42643,62514,NCJBC,S,0.002339000000000001,0.92
42643,62514,NCCOS,S,-0.0004659999999999942,0.83
42643,62514,NCHPR,S,0.008011000000000004,0.81
42643,62514,NCJPL,S,0.015768000000000004,0.76
42643,62514,NCHCR,S,0.014829000000000002,0.74
42643,62514,NCJSC,S,-0.0018179999999999932,0.83
42643,62514,NCHFE,S,0.007335000000000001,0.81
42643,62514,NCHPL,S,0.014187000000000005,0.82
42643,62514,NCHCP,S,0.011935000000000001,0.78
42643,62514,NCJUC,S,0.006930000000000006,0.86
42643,62514,NCCCY,S,-0.009229999999999995,0.94
42643,62514,NCHDLb,S,0.009280000000000004,0.8
42643,62514,NCHFP,S,0.010686000000000001,0.71
42643,62514,NCBVY,S,0.011509000000000005,0.89
42643,62514,NCHQR,S,0.015108000000000003,0.8
42643,62520,NCCSC,P,-0.0008419999999999955,0.804
42643,62520,NCCMH,P,-0.006933999999999996,0.739
42643,62520,NCCAL,P,0.002356000000000011,0.741
42643,62520,NCHSP,P,0.019487000000000004,0.795
42643,62520,NCJHL,P,0.012673000000000004,0.72
42643,62520,NCHGW,P,0.016421000000000005,0.875
42643,62520,NCCMJ,P,0.002350000000000005,0.797
42643,62520,NCCMP,P,0.017409000000000008,0.769
42643,62520,NCHCA,P,0.01728600000000001,0.854
42643,62520,NCJSG,P,0.004568000000000003,0.838
42643,62520,NCCMR,P,0.007425000000000001,0.834
42643,62520,NCCVA,P,0.002613000000000004,0.83
42643,62520,NCHPR,P,0.009925000000000003,0.768
42643,62520,NCJSC,P,0.0031250000000000028,0.725
42643,62520,NCHFE,P,0.009941000000000005,0.768
42643,62520,NCHPL,P,0.019735000000000003,0.907
42643,62520,NCJBM,P,0.003605000000000011,0.771
42643,62520,NCHOR,P,0.02072900000000001,0.707
42643,62520,NCHCP,P,0.01982400000000001,0.89
42643,62520,NCCCY,P,0.002606999999999998,0.765
42643,62520,NCJBLb,P,0.009323000000000012,0.831
42643,62520,NCHFH,P,0.019154000000000004,0.799
42643,62520,NCHJG,P,0.01763200000000001,0.702
42643,62520,NCJHP,P,0.0051250000000000046,0.755
42643,62520,NCHFP,P,0.01945100000000001,0.752
42643,62520,NCBVY,P,0.019255000000000008,0.865
42643,62520,NCHQR,P,0.019579,0.729
42643,62520,NCCAO,S,0.01323400000000001,0.74
42643,62520,NCCADa,S,0.007686999999999999,0.77
42643,62520,NCJST,S,0.004818000000000003,0.72
42643,62520,NCCAL,S,-0.0055549999999999905,0.71
42643,62520,NCJAL,S,0.01005700000000001,0.83
42643,62520,NCHSP,S,0.029714000000000004,0.77
42643,62520,NCJSS,S,0.007897000000000001,0.82
42643,62520,NCCDV,S,0.0009279999999999983,0.9
42643,62520,NCCMJ,S,0.00031799999999999884,0.73
42643,62520,NCCMP,S,0.025110000000000007,0.91
42643,62520,NCHCA,S,0.02448800000000001,0.85
42643,62520,NCJBC,S,0.01252600000000001,0.85
42643,62520,NCCVA,S,0.0022130000000000066,0.94
42643,62520,NCHPR,S,0.021037,0.75
42643,62520,NCHPL,S,0.025108000000000005,0.74
42643,62520,NCCCY,S,-0.0008200000000000013,0.81
42643,62520,NCHFH,S,0.027197,0.72
42643,62520,NCHQR,S,0.025411000000000003,0.74
42643,77218,NCCSC,P,0.007422999999999999,0.813
42643,77218,NCCMH,P,0.013194000000000004,0.727
42643,77218,NCCADa,P,-0.024793000000000003,0.818
42643,77218,NCJST,P,0.0005930000000000032,0.748
42643,77218,NCJCB,P,-0.006421000000000003,0.742
42643,77218,NCCML,P,0.012895000000000004,0.846
42643,77218,NCCAL,P,0.013962000000000002,0.811
42643,77218,NCHSP,P,-0.008564999999999996,0.731
42643,77218,NCJRR,P,-0.006313999999999993,0.734
42643,77218,NCJEC,P,0.00947,0.845
42643,77218,NCCDV,P,0.010594,0.964
42643,77218,NCCMJ,P,0.014322000000000001,0.862
42643,77218,NCCMP,P,0.0015459999999999988,0.898
42643,77218,NCJBZ,P,-0.007350000000000002,0.722
42643,77218,NCJSG,P,0.010502000000000004,0.927
42643,77218,NCCMR,P,0.013592,0.919
42643,77218,NCJTG,P,-0.0007619999999999988,0.812
42643,77218,NCJBC,P,0.0037739999999999996,0.791
42643,77218,NCHPR,P,-0.0065629999999999925,0.792
42643,77218,NCHCR,P,-0.008357999999999997,0.876
42643,77218,NCCMN,P,0.014101000000000002,0.919
42643,77218,NCHCB,P,-0.008351000000000004,0.902
42643,77218,NCJSC,P,0.009732999999999999,0.768
42643,77218,NCHFE,P,-0.013866999999999997,0.777
42643,77218,NCCST,P,-0.0034430000000000016,0.827
42643,77218,NCHPL,P,-0.007384999999999996,0.946
42643,77218,NCHOR,P,-0.008522999999999996,0.803
42643,77218,NCHAZ,P,-0.008055,0.901
42643,77218,NCCCY,P,0.013839999999999998,0.804
42643,77218,NCHFH,P,-0.008490000000000004,0.816
42643,77218,NCHBT,P,-0.008807000000000002,0.834
42643,77218,NCHDLb,P,-0.003041999999999996,0.887
42643,77218,NCHSFb,P,-0.008615000000000005,0.822
42643,77218,NCHJG,P,-0.007382999999999994,0.877
42643,77218,NCJHP,P,0.013474,0.886
42643,77218,NCCMO,P,0.016191000000000004,0.799
42643,77218,NCCLC,P,0.012965999999999998,0.803
42643,77218,NCBVY,P,-0.005507000000000005,0.814
42643,77218,NCCSC,S,0.005083000000000004,0.72
42643,77218,NCCMH,S,0.017032,0.72
42643,77218,NCCAO,S,0.001340000000000001,0.85
42643,77218,NCCADa,S,-0.033575,0.81
42643,77218,NCJST,S,0.002460999999999998,0.85
42643,77218,NCJCB,S,-0.012638000000000003,0.85
42643,77218,NCCML,S,0.021318000000000004,0.9
42643,77218,NCCAL,S,0.021277000000000004,0.82
42643,77218,NCHSP,S,-0.011630999999999996,0.72
42643,77218,NCJSS,S,0.003284000000000002,0.93
42643,77218,NCHGS,S,-0.013268999999999996,0.89
42643,77218,NCJEC,S,0.007614000000000003,0.87
42643,77218,NCCDV,S,0.019152000000000002,0.93
42643,77218,NCCMJ,S,0.021461,0.71
42643,77218,NCCMP,S,0.0025459999999999997,0.96
42643,77218,NCJSG,S,0.013885000000000002,0.78
42643,77218,NCCMR,S,0.023437,0.87
42643,77218,NCJTG,S,0.0006589999999999999,0.83
42643,77218,NCJBC,S,0.008708,0.94
42643,77218,NCCOS,S,0.015217000000000001,0.83
42643,77218,NCHPR,S,-0.009141000000000003,0.82
42643,77218,NCJPL,S,0.003161000000000004,0.78
42643,77218,NCCMN,S,0.018934,0.9
42643,77218,NCHCB,S,-0.010477999999999994,0.83
42643,77218,NCHFE,S,-0.018819999999999996,0.74
42643,77218,NCCST,S,0.001690999999999998,0.83
42643,77218,NCHPL,S,-0.01899,0.88
42643,77218,NCJSM,S,0.009418000000000003,0.85
42643,77218,NCCCY,S,0.025738000000000004,0.87
42643,77218,NCHBT,S,-0.009717999999999997,0.78
42643,77218,NCHSFb,S,-0.009907999999999993,0.85
42643,77218,NCBVY,S,-0.009014000000000001,0.76
44335,101659,NCCML,P,0.043057,0.795
44335,101659,NCCAL,P,0.053175,0.707
44335,101659,NCJRR,P,-0.022184000000000002,0.707
44335,101659,NCHGW,P,-0.030939,0.89
44335,101659,NCCDV,P,0.04178699999999999,0.784
44335,101659,NCCMJ,P,0.04961399999999999,0.783
44335,101659,NCJTG,P,-0.007767000000000001,0.841
44335,101659,NCCMR,P,0.03192299999999999,0.704
44335,101659,NCHPR,P,-0.022235,0.87
44335,101659,NCHCR,P,-0.029488,0.761
44335,101659,NCJPL,P,-0.007352000000000001,0.875
44335,101659,NCCVA,P,0.04424199999999999,0.716
44335,101659,NCCMN,P,0.04202499999999999,0.945
44335,101659,NCHCB,P,-0.030194,0.922
44335,101659,NCJSC,P,0.031471,0.769
44335,101659,NCHPL,P,-0.034553,0.908
44335,101659,NCJBM,P,0.030482,0.733
44335,101659,NCHAZ,P,-0.023405000000000002,0.824
44335,101659,NCJUC,P,0.00647,0.705
44335,101659,NCHFH,P,-0.027876,0.774
44335,101659,NCJLT,P,0.036192,0.828
44335,101659,NCHDLb,P,-0.020853,0.868
44335,101659,NCHSFb,P,-0.03191,0.918
44335,101659,NCHSL,P,-0.029644,0.795
44335,101659,NCCMO,P,0.034973000000000004,0.914
44335,101659,NCJBG,P,0.033263,0.837
44335,101659,NCBSL,P,-0.054763000000000006,0.779
44335,101659,NCBVY,P,-0.026125000000000002,0.768
44335,101659,NCHQR,P,-0.028068000000000003,0.834
44335,101659,NCCBRa,P,0.043406,0.808
44335,101659,NCCML,S,0.06661299999999999,0.73
44335,101659,NCJAL,S,-0.010002,0.71
44335,101659,NCCAL,S,0.081604,0.81
44335,101659,NCCMM,S,0.007486,0.72
44335,101659,NCJSS,S,0.011351999999999998,0.85
44335,101659,NCCDV,S,0.072,0.76
44335,101659,NCCMP,S,-0.01938,0.87
44335,101659,NCCOS,S,0.022841999999999998,0.88
44335,101659,NCCCY,S,0.085589,0.73
44335,101659,NCHFP,S,-0.0561,0.74
44335,114006,NCCSC,P,-0.008625,0.706
44335,114006,NCCML,P,-0.007918000000000001,0.865
44335,114006,NCCAL,P,-0.009825,0.968
44335,114006,NCCMM,P,-0.017057,0.736
44335,114006,NCJHL,P,-0.006500000000000001,0.757
44335,114006,NCHGS,P,0.006145999999999999,0.82
44335,114006,NCJEC,P,0.011097,0.818
44335,114006,NCHGW,P,-0.0018399999999999996,0.866
44335,114006,NCCDV,P,-0.008856,0.933
44335,114006,NCCMP,P,0.003334,0.815
44335,114006,NCCMJ,P,-0.009358,0.949
44335,114006,NCJBZ,P,-0.017619,0.709
44335,114006,NCHCA,P,-0.0011160000000000007,0.937
44335,114006,NCCMR,P,-0.021561,0.92
44335,114006,NCJBC,P,-0.00642,0.857
44335,114006,NCCOS,P,0.0012239999999999994,0.755
44335,114006,NCHCR,P,0.002255,0.877
44335,114006,NCCVA,P,-0.004246,0.874
44335,114006,NCCMN,P,-0.007972,0.983
44335,114006,NCHCB,P,0.00013699999999999997,0.963
44335,114006,NCHFE,P,-0.0023289999999999995,0.889
44335,114006,NCCST,P,-0.020464,0.946
44335,114006,NCHOR,P,0.0008879999999999999,0.808
44335,114006,NCHCOb,P,0.016772,0.848
44335,114006,NCCPL,P,-0.008662,0.923
44335,114006,NCHFH,P,0.0028140000000000005,0.873
44335,114006,NCJBLb,P,0.0006510000000000005,0.878
44335,114006,NCCCY,P,-0.007989,0.836
44335,114006,NCHDLb,P,0.0038189999999999995,0.9
44335,114006,NCCSH,P,-0.008069,0.85
44335,114006,NCHSFb,P,0.007169999999999999,0.974
44335,114006,NCHLT,P,0.0008889999999999992,0.944
44335,114006,NCHJG,P,-0.012992,0.882
44335,114006,NCHSL,P,0.007602000000000001,0.874
44335,114006,NCCBS,P,-0.0032600000000000007,0.898
44335,114006,NCCMO,P,-0.007955,0.98
44335,114006,NCJBG,P,-0.009324,0.945
44335,114006,NCHFP,P,0.006474000000000001,0.759
44335,114006,NCCLC,P,-0.006731,0.884
44335,114006,NCBSL,P,-0.014485,0.88
44335,114006,NCBVY,P,0.005705999999999999,0.908
44335,114006,NCHQR,P,0.003755999999999999,0.916
44335,114006,NCCBRa,P,-0.011514,0.905
44335,114006,NCCMH,S,-0.019158,0.87
44335,114006,NCCAO,S,0.0007980000000000001,0.87
44335,114006,NCJCB,S,0.0024989999999999995,0.86
44335,114006,NCCML,S,-0.006461,0.92
44335,114006,NCJAL,S,-0.015253,0.83
44335,114006,NCCAL,S,-0.012765,0.89
44335,114006,NCCMM,S,-0.015746,0.89
44335,114006,NCHGS,S,0.007072999999999999,0.87
44335,114006,NCJEC,S,0.013052999999999999,0.85
44335,114006,NCHGW,S,0.0017890000000000007,0.81
44335,114006,NCCDV,S,-0.007419,0.91
44335,114006,NCCMP,S,0.010407,0.91
44335,114006,NCCMJ,S,-0.011646,0.9
44335,114006,NCHCA,S,0.008355000000000001,0.89
44335,114006,NCCMR,S,-0.023635,0.88
44335,114006,NCJBC,S,-0.003738,0.82
44335,114006,NCCOS,S,0.0010419999999999995,0.98
44335,114006,NCHCR,S,0.0009840000000000005,0.84
44335,114006,NCCVA,S,-0.008088999999999999,0.93
44335,114006,NCCMN,S,-0.008376,0.96
44335,114006,NCHCB,S,0.009537,0.87
44335,114006,NCHFE,S,-0.007339,0.72
44335,114006,NCCST,S,-0.019905,0.77
44335,114006,NCHCOb,S,0.016842,0.74
44335,114006,NCCPL,S,-0.0061340000000000006,0.78
44335,114006,NCHFH,S,0.003050999999999998,0.9
44335,114006,NCCCY,S,-0.01426,0.86
44335,114006,NCJLT,S,-0.003647000000000001,0.91
44335,114006,NCJPPa,S,0.011406,0.73
44335,114006,NCHBT,S,0.002811000000000001,0.79
44335,114006,NCHDLb,S,0.005176,0.75
44335,114006,NCCSH,S,-0.0044340000000000004,0.78
44335,114006,NCHSFb,S,0.008254000000000001,0.93
44335,114006,NCHLT,S,-0.0008789999999999996,0.9
44335,114006,NCHSL,S,0.006539,0.9
44335,114006,NCJHP,S,-0.004038,0.78
44335,114006,NCCMO,S,-0.009246,0.91
44335,114006,NCJBG,S,-0.007879,0.81
44335,114006,NCHFP,S,0.007772999999999999,0.89
44335,114006,NCBSL,S,-0.015832,0.81
44335,114006,NCBVY,S,0.006818999999999999,0.72
44335,114006,NCHQR,S,-0.0021010000000000004,0.91
44335,114006,NCCBRa,S,-0.00983,0.88
44335,154124,NCCML,P,0.052017999999999995,0.792
44335,154124,NCHGW,P,-0.016190000000000003,0.718
44335,154124,NCCDV,P,0.041471,0.834
44335,154124,NCCMP,P,-0.004780999999999999,0.718
44335,154124,NCCMJ,P,0.04946,0.709
44335,154124,NCHCA,P,-0.042476,0.854
44335,154124,NCJSG,P,0.03959,0.731
44335,154124,NCJTG,P,-0.007230000000000002,0.836
44335,154124,NCHPR,P,-0.028209000000000005,0.82
44335,154124,NCHCR,P,-0.034278,0.751
44335,154124,NCJPL,P,-0.010768999999999999,0.862
44335,154124,NCCVA,P,0.044003999999999995,0.711
44335,154124,NCCMN,P,0.039009999999999996,0.903
44335,154124,NCHCB,P,-0.033005,0.915
44335,154124,NCJSC,P,0.038461999999999996,0.714
44335,154124,NCHAZ,P,-0.028173000000000004,0.806
44335,154124,NCJUC,P,-0.0003820000000000004,0.721
44335,154124,NCHFH,P,-0.018257000000000002,0.767
44335,154124,NCJPPa,P,0.028913,0.72
44335,154124,NCHDLb,P,-0.026907,0.814
44335,154124,NCHLT,P,-0.040168,0.844
44335,154124,NCCBS,P,0.042047,0.711
44335,154124,NCJHP,P,0.03613,0.776
44335,154124,NCCMO,P,0.028505000000000003,0.944
44335,154124,NCBSL,P,-0.042475,0.802
44335,154124,NCBVY,P,-0.022172000000000004,0.773
44335,154124,NCHQR,P,-0.018119999999999997,0.826
44335,154124,NCCBRa,P,0.041195,0.747
44335,154124,NCJSS,S,0.0064589999999999995,0.82
44335,154124,NCCMP,S,-0.017049,0.85
44335,154124,NCCOS,S,0.021665,0.87
44335,154124,NCHPR,S,-0.044612,0.71
44335,30057908,NCJST,P,-0.009784000000000001,0.734
44335,30057908,NCCAL,P,-0.007823,0.85
44335,30057908,NCJHL,P,0.0025830000000000002,0.768
44335,30057908,NCJRR,P,0.0032389999999999997,0.851
44335,30057908,NCJSS,P,0.001902,0.829
44335,30057908,NCHGS,P,0.014412000000000001,0.858
44335,30057908,NCJEC,P,0.007669,0.742
44335,30057908,NCHGW,P,0.022421,0.895
44335,30057908,NCCDV,P,-0.016307,0.948
44335,30057908,NCCMP,P,0.013647,0.819
44335,30057908,NCCMJ,P,-0.006298,0.907
44335,30057908,NCHCA,P,0.018494,0.874
44335,30057908,NCJTG,P,0.00784,0.903
44335,30057908,NCJSG,P,0.011643,0.87
44335,30057908,NCCMR,P,0.000196,0.904
44335,30057908,NCJBC,P,-0.009642,0.849
44335,30057908,NCHCR,P,0.009531999999999999,0.927
44335,30057908,NCJPL,P,0.009797,0.9
44335,30057908,NCHCB,P,0.0077480000000000005,0.956
44335,30057908,NCHFE,P,0.011669000000000002,0.894
44335,30057908,NCJSC,P,0.010756000000000002,0.892
44335,30057908,NCHPL,P,0.014035000000000002,0.956
44335,30057908,NCCST,P,-0.005664,0.875
44335,30057908,NCHOR,P,0.013975000000000001,0.784
44335,30057908,NCCSA,P,0.001241,0.911
44335,30057908,NCJBM,P,-0.009216,0.925
44335,30057908,NCHAZ,P,0.011718,0.93
44335,30057908,NCJSM,P,-0.001843,0.738
44335,30057908,NCJUC,P,0.0054659999999999995,0.833
44335,30057908,NCCCY,P,0.009177999999999999,0.815
44335,30057908,NCHDLb,P,0.007868,0.896
44335,30057908,NCHLT,P,0.011113999999999999,0.953
44335,30057908,NCHSL,P,0.013644,0.875
44335,30057908,NCCBS,P,0.002718,0.831
44335,30057908,NCJHP,P,-0.0011649999999999998,0.82
44335,30057908,NCCMO,P,-0.011321000000000001,0.971
44335,30057908,NCJPS,P,-0.005033,0.879
44335,30057908,NCBSL,P,0.009750000000000002,0.841
44335,30057908,NCBVY,P,0.017910000000000002,0.924
44335,30057908,NCCMH,S,-0.017455,0.86
44335,30057908,NCCAO,S,0.0035440000000000003,0.82
44335,30057908,NCJST,S,-0.00711,0.81
44335,30057908,NCJCB,S,0.003921999999999999,0.82
44335,30057908,NCJAL,S,0.004962,0.79
44335,30057908,NCCAL,S,-0.010960000000000001,0.76
44335,30057908,NCJSS,S,0.005623,0.85
44335,30057908,NCHGS,S,0.016267,0.81
44335,30057908,NCJEC,S,0.007953000000000002,0.8
44335,30057908,NCHGW,S,0.027676000000000003,0.74
44335,30057908,NCCDV,S,-0.014665999999999998,0.91
44335,30057908,NCCMP,S,0.020029,0.88
44335,30057908,NCCMJ,S,-0.007715,0.86
44335,30057908,NCHCA,S,0.028082,0.81
44335,30057908,NCJTG,S,0.015344,0.77
44335,30057908,NCJSG,S,0.009641,0.83
44335,30057908,NCCMR,S,-0.0016610000000000001,0.87
44335,30057908,NCCOS,S,0.004606,0.94
44335,30057908,NCHCR,S,0.005054,0.73
44335,30057908,NCJPL,S,0.012123000000000002,0.76
44335,30057908,NCCSA,S,0.00010800000000000046,0.77
44335,30057908,NCHAZ,S,0.008374,0.8
44335,30057908,NCJSM,S,-0.001411,0.79
44335,30057908,NCJUC,S,0.00548,0.78
44335,30057908,NCCCY,S,-0.0006900000000000001,0.88
44335,30057908,NCHDLb,S,0.00979,0.74
44335,30057908,NCHLT,S,0.009564,0.88
44335,30057908,NCHSL,S,0.012841000000000002,0.83
44335,30057908,NCCBS,S,-0.001986,0.76
44335,30057908,NCJHP,S,0.0008159999999999999,0.72
44335,30057908,NCCMO,S,-0.012511999999999999,0.87
44335,30057908,NCBSL,S,0.0015469999999999998,0.81
44335,30058785,NCCMH,P,-0.007970999999999999,0.881
44335,30058785,NCJST,P,-0.008837999999999999,0.814
44335,30058785,NCJCB,P,-0.008392999999999998,0.786
44335,30058785,NCJAL,P,0.0007410000000000021,0.796
44335,30058785,NCCAL,P,-0.008194,0.864
44335,30058785,NCCMM,P,-0.006953000000000001,0.886
44335,30058785,NCJHL,P,-0.0014610000000000005,0.802
44335,30058785,NCJRR,P,-0.0037949999999999998,0.848
44335,30058785,NCJSS,P,0.001013,0.918
44335,30058785,NCHGS,P,0.0012630000000000002,0.927
44335,30058785,NCJEC,P,0.0011059999999999993,0.808
44335,30058785,NCCDV,P,-0.019811999999999996,0.985
44335,30058785,NCCMP,P,0.003986,0.875
44335,30058785,NCCMJ,P,-0.007244999999999998,0.916
44335,30058785,NCJBZ,P,-0.010398999999999999,0.787
44335,30058785,NCHCA,P,0.010166,0.912
44335,30058785,NCJTG,P,0.003960999999999999,0.89
44335,30058785,NCJSG,P,0.009234000000000001,0.899
44335,30058785,NCCMR,P,-0.0044410000000000005,0.812
44335,30058785,NCJBC,P,-0.010479000000000002,0.86
44335,30058785,NCHCR,P,-0.0013810000000000003,0.951
44335,30058785,NCJPL,P,0.0032709999999999996,0.91
44335,30058785,NCHFE,P,-0.00022900000000000004,0.967
44335,30058785,NCJSC,P,0.009038000000000001,0.904
44335,30058785,NCCST,P,-0.010157,0.917
44335,30058785,NCHOR,P,0.0026359999999999995,0.831
44335,30058785,NCCSA,P,-0.003096999999999999,0.888
44335,30058785,NCJBM,P,-0.010597000000000002,0.909
44335,30058785,NCHAZ,P,-0.0008899999999999984,0.957
44335,30058785,NCJSM,P,-0.006478000000000001,0.732
44335,30058785,NCJUC,P,0.0005670000000000015,0.892
44335,30058785,NCCCY,P,0.006721000000000001,0.873
44335,30058785,NCHDLb,P,-0.003741999999999999,0.911
44335,30058785,NCHLT,P,-7.499999999999868e-05,0.97
44335,30058785,NCHJG,P,-0.006665999999999998,0.918
44335,30058785,NCCBS,P,-0.0011980000000000011,0.959
44335,30058785,NCJHP,P,-0.0011609999999999988,0.808
44335,30058785,NCCMO,P,-0.015276999999999999,0.965
44335,30058785,NCHFP,P,0.00809,0.878
44335,30058785,NCJPS,P,-0.0074769999999999975,0.95
44335,30058785,NCBSL,P,-0.002981000000000001,0.925
44335,30058785,NCBVY,P,0.006930000000000002,0.944
44335,30058785,NCCMH,S,-0.009571999999999997,0.94
44335,30058785,NCCAO,S,-0.003890000000000001,0.81
44335,30058785,NCJST,S,-0.008049,0.91
44335,30058785,NCJCB,S,-0.005080999999999999,0.81
44335,30058785,NCJAL,S,0.0013249999999999998,0.89
44335,30058785,NCCAL,S,-0.010611000000000002,0.83
44335,30058785,NCCMM,S,-0.008404000000000002,0.92
44335,30058785,NCJHL,S,0.000844000000000001,0.78
44335,30058785,NCJRR,S,-0.004199999999999999,0.72
44335,30058785,NCJSS,S,0.00019500000000000073,0.95
44335,30058785,NCHGS,S,0.0036109999999999996,0.94
44335,30058785,NCJEC,S,0.00047900000000000026,0.89
44335,30058785,NCCDV,S,-0.021496,0.97
44335,30058785,NCCMP,S,0.004876999999999999,0.85
44335,30058785,NCCMJ,S,-0.007487000000000001,0.92
44335,30058785,NCHCA,S,0.009964,0.87
44335,30058785,NCJTG,S,0.0061259999999999995,0.83
44335,30058785,NCJSG,S,0.006421,0.86
44335,30058785,NCCMR,S,-0.0063560000000000005,0.91
44335,30058785,NCCOS,S,-0.00434,0.95
44335,30058785,NCHCR,S,-0.00553,0.9
44335,30058785,NCJPL,S,0.0019389999999999998,0.82
44335,30058785,NCHFE,S,-0.003599999999999999,0.87
44335,30058785,NCCST,S,-0.009850999999999999,0.95
44335,30058785,NCCSA,S,-0.0030589999999999992,0.81
44335,30058785,NCJBM,S,-0.010627999999999999,0.89
44335,30058785,NCJSM,S,-0.005981,0.83
44335,30058785,NCJUC,S,-0.0012469999999999981,0.84
44335,30058785,NCCCY,S,0.0018659999999999996,0.94
44335,30058785,NCHDLb,S,-0.004917000000000001,0.89
44335,30058785,NCHLT,S,0.0005859999999999997,0.95
44335,30058785,NCHSL,S,0.00016700000000000048,0.88
44335,30058785,NCCBS,S,0.00022300000000000098,0.9
44335,30058785,NCJHP,S,-0.0019470000000000008,0.83
44335,30058785,NCCMO,S,-0.017537999999999998,0.91
44335,30058785,NCHFP,S,0.0056760000000000005,0.94
44335,30058785,NCJPS,S,-0.008813000000000001,0.9
44335,30058785,NCBSL,S,-0.0036479999999999985,0.95
44335,30058785,NCBVY,S,0.008969000000000001,0.91
44335,483500,NCCML,P,0.074022,0.764
44335,483500,NCCDV,P,0.04928700000000001,0.795
44335,483500,NCCMJ,P,0.069716,0.724
44335,483500,NCHCA,P,-0.01999899999999999,0.855
44335,483500,NCJTG,P,0.010918000000000011,0.835
44335,483500,NCHCR,P,-0.01114699999999999,0.781
44335,483500,NCJPL,P,0.007846000000000006,0.826
44335,483500,NCCVA,P,0.06242600000000001,0.75
44335,483500,NCCMN,P,0.06003700000000001,0.894
44335,483500,NCHCB,P,-0.010828000000000004,0.935
44335,483500,NCCVL,P,0.067634,0.78
44335,483500,NCHAZ,P,-0.009227999999999986,0.82
44335,483500,NCJUC,P,0.019781000000000007,0.706
44335,483500,NCHDLb,P,-0.010133000000000003,0.851
44335,483500,NCHJG,P,-0.010766999999999999,0.839
44335,483500,NCCBS,P,0.06151000000000001,0.802
44335,483500,NCJHP,P,0.05663900000000001,0.761
44335,483500,NCCMO,P,0.04982600000000001,0.951
44335,483500,NCBSL,P,-0.02008299999999999,0.811
44335,483500,NCCBRa,P,0.06506100000000001,0.753
44335,483500,NCJSS,S,0.032906000000000005,0.81
44335,483500,NCCOS,S,0.040175,0.89
44335,77218,NCCMN,P,0.020445999999999995,0.708
44335,77218,NCHPL,P,-0.18016,0.83
44335,77218,NCHSFb,P,-0.166289,0.76
478138,529274,NCCADa,P,0.008478000000000001,0.827
478138,529274,NCJST,P,-0.0009569999999999995,0.752
478138,529274,NCCML,P,-0.016725,0.947
478138,529274,NCCAL,P,-0.016656,0.78
478138,529274,NCHSP,P,0.00977,0.76
478138,529274,NCJHL,P,0.0027609999999999996,0.778
478138,529274,NCHGS,P,0.008626,0.835
478138,529274,NCCDV,P,-0.017354,0.954
478138,529274,NCCMJ,P,-0.01969,0.905
478138,529274,NCCMP,P,-6.399999999999982e-05,0.803
478138,529274,NCHCA,P,0.009157,0.9
478138,529274,NCCVA,P,-0.01958,0.908
478138,529274,NCHCR,P,0.008499999999999999,0.794
478138,529274,NCHCB,P,0.007037,0.88
478138,529274,NCJSC,P,-0.012726000000000001,0.785
478138,529274,NCHFE,P,0.008020999999999999,0.836
478138,529274,NCJBM,P,-0.013617,0.857
478138,529274,NCCCY,P,-0.019935,0.857
478138,529274,NCJPPa,P,-0.012185,0.926
478138,529274,NCJPS,P,-0.013565,0.752
478138,529274,NCCAO,S,-0.002691,0.76
478138,529274,NCJST,S,-0.0012720000000000006,0.78
478138,529274,NCCML,S,-0.027464000000000002,0.95
478138,529274,NCCAL,S,-0.025189,0.84
478138,529274,NCJAL,S,0.001242,0.86
478138,529274,NCHSP,S,0.019683,0.81
478138,529274,NCJHL,S,-0.0006169999999999995,0.85
478138,529274,NCJLX,S,-0.009315,0.88
478138,529274,NCCDV,S,-0.027398,0.94
478138,529274,NCCMJ,S,-0.027665000000000002,0.75
478138,529274,NCCMP,S,-2.0000000000002655e-06,0.98
478138,529274,NCJBC,S,-0.009384,0.93
478138,529274,NCCOS,S,-0.018619,0.84
478138,529274,NCCVA,S,-0.030257,0.95
478138,529274,NCJPL,S,0.011166999999999998,0.71
478138,529274,NCHCB,S,0.010851000000000001,0.87
478138,529274,NCJSC,S,-0.016063,0.72
478138,529274,NCCCY,S,-0.03191,0.9
54084,101361,NCCCOa,P,0.0003370000000000005,0.872
54084,101361,NCCSC,P,0.0014410000000000013,0.919
54084,101361,NCCAO,P,0.001242,0.841
54084,101361,NCCADa,P,7.000000000000062e-05,0.952
54084,101361,NCJST,P,0.00016000000000000042,0.927
54084,101361,NCJCB,P,0.00019600000000000173,0.894
54084,101361,NCCML,P,0.004038,0.847
54084,101361,NCCAL,P,0.0008850000000000004,0.97
54084,101361,NCJAL,P,-0.016661,0.801
54084,101361,NCHSP,P,-0.0020429999999999997,0.869
54084,101361,NCJRR,P,-0.00015000000000000083,0.947
54084,101361,NCJSS,P,-0.000559999999999998,0.913
54084,101361,NCHGS,P,0.002735999999999999,0.937
54084,101361,NCJEC,P,-0.00043400000000000036,0.901
54084,101361,NCJLX,P,0.0010390000000000017,0.968
54084,101361,NCHGW,P,-0.005410999999999999,0.965
54084,101361,NCCDV,P,-0.0021189999999999994,0.982
54084,101361,NCCMP,P,0.0009839999999999988,0.808
54084,101361,NCJBZ,P,-0.0005660000000000005,0.922
54084,101361,NCCMR,P,-0.0010520000000000009,0.973
54084,101361,NCCMN,P,0.0016980000000000016,0.932
54084,101361,NCJSC,P,-0.00017499999999999807,0.926
54084,101361,NCCST,P,-0.012507,0.941
54084,101361,NCHPL,P,0.0008039999999999992,0.959
54084,101361,NCJSFa,P,0.002326999999999999,0.705
54084,101361,NCCCY,P,0.0002659999999999989,0.931
54084,101361,NCHDLb,P,0.0004600000000000021,0.894
54084,101361,NCHFP,P,0.0016590000000000008,0.892
54084,101361,NCBVY,P,0.000171000000000001,0.864
54084,101361,NCHQR,P,-0.0013199999999999983,0.701
54084,101361,NCCCOa,S,0.0006530000000000008,0.94
54084,101361,NCCSC,S,0.000723999999999999,0.97
54084,101361,NCCMH,S,0.0012670000000000008,0.96
54084,101361,NCCAO,S,0.001857000000000001,0.88
54084,101361,NCCADa,S,-0.0015019999999999999,0.95
54084,101361,NCJST,S,-0.0005830000000000002,0.93
54084,101361,NCJCB,S,0.00018500000000000114,0.99
54084,101361,NCCAL,S,-0.00010800000000000046,0.95
54084,101361,NCJAL,S,-0.013243999999999999,0.93
54084,101361,NCHSP,S,-0.001732000000000001,0.93
54084,101361,NCJRR,S,0.000955000000000001,0.96
54084,101361,NCJSS,S,-0.0011049999999999983,0.99
54084,101361,NCHGS,S,0.0043820000000000005,0.95
54084,101361,NCJLX,S,0.0003949999999999995,0.97
54084,101361,NCHGW,S,-0.003946999999999999,0.93
54084,101361,NCCDV,S,-0.001461999999999998,0.99
54084,101361,NCCMJ,S,0.0014920000000000003,0.95
54084,101361,NCCMP,S,0.0004860000000000003,0.98
54084,101361,NCJBZ,S,-0.0009389999999999989,0.9
54084,101361,NCCMR,S,-0.0014209999999999987,0.98
54084,101361,NCJBC,S,-0.004732999999999999,0.86
54084,101361,NCJPL,S,-0.003948999999999999,0.72
54084,101361,NCCMN,S,-0.0006519999999999998,0.92
54084,101361,NCJRG,S,-0.00042199999999999876,0.87
54084,101361,NCJSC,S,-0.0014829999999999982,0.9
54084,101361,NCCST,S,-0.011415999999999999,0.89
54084,101361,NCHPL,S,-0.00042100000000000123,0.78
54084,101361,NCCCY,S,0.0003140000000000018,0.97
54084,101361,NCHDLb,S,0.0008109999999999992,0.78
54084,101361,NCHFP,S,-0.0004070000000000011,0.8
54084,101361,NCBVY,S,0.0007460000000000001,0.86
54084,101362,NCCSC,P,-0.016806,0.845
54084,101362,NCCADa,P,0.003946999999999999,0.857
54084,101362,NCJST,P,-0.007311999999999999,0.78
54084,101362,NCJCB,P,0.0004580000000000001,0.82
54084,101362,NCCAL,P,-0.029516,0.766
54084,101362,NCJRR,P,0.001447999999999998,0.848
54084,101362,NCHGS,P,0.008400999999999999,0.854
54084,101362,NCJEC,P,0.0004320000000000018,0.819
54084,101362,NCHGW,P,-0.00012099999999999958,0.949
54084,101362,NCCDV,P,-0.031388,0.932
54084,101362,NCJBZ,P,-0.0010009999999999984,0.875
54084,101362,NCCMR,P,-0.029286,0.972
54084,101362,NCCMN,P,-0.029244,0.871
54084,101362,NCCST,P,-0.033947,0.883
54084,101362,NCHPL,P,0.004316,0.865
54084,101362,NCCCY,P,-0.030726,0.756
54084,101362,NCHDLb,P,0.001565999999999998,0.869
54084,101362,NCHFP,P,0.0023219999999999977,0.721
54084,101362,NCBVY,P,0.0017090000000000022,0.759
54084,101362,NCCAO,S,-0.0075320000000000005,0.77
54084,101362,NCCADa,S,0.01972,0.78
54084,101362,NCJST,S,-0.009013,0.9
54084,101362,NCJCB,S,0.010584999999999997,0.85
54084,101362,NCCAL,S,-0.044266,0.82
54084,101362,NCJAL,S,-0.019122,0.85
54084,101362,NCJSS,S,-0.012527,0.95
54084,101362,NCHGS,S,0.018230000000000003,0.82
54084,101362,NCJLX,S,-0.02328,0.77
54084,101362,NCCDV,S,-0.042421,0.93
54084,101362,NCCMP,S,-0.004621,0.93
54084,101362,NCCMR,S,-0.045527,0.81
54084,101362,NCCMN,S,-0.037496,0.81
54084,101362,NCCCY,S,-0.047671000000000005,0.83
54084,103138,NCCMH,P,-0.0042049999999999995,0.761
54084,103138,NCCADa,P,0.012806999999999999,0.883
54084,103138,NCJST,P,0.007097,0.792
54084,103138,NCJCB,P,0.010107999999999999,0.783
54084,103138,NCCML,P,0.00046999999999999993,0.863
54084,103138,NCHSP,P,0.010196,0.706
54084,103138,NCJRR,P,0.010842000000000001,0.851
54084,103138,NCJSS,P,0.002708,0.747
54084,103138,NCJLX,P,0.003525,0.726
54084,103138,NCHGW,P,0.010905,0.928
54084,103138,NCCDV,P,-0.0076029999999999995,0.946
54084,103138,NCJBZ,P,0.010449,0.822
54084,103138,NCJSC,P,-0.0014000000000000002,0.875
54084,103138,NCCST,P,-0.014145999999999999,0.886
54084,103138,NCHFP,P,0.012948999999999999,0.732
54084,103138,NCBVY,P,0.010912999999999999,0.801
54084,103138,NCCAO,S,0.007415,0.82
54084,103138,NCCADa,S,0.019267,0.78
54084,103138,NCJST,S,0.006259,0.9
54084,103138,NCJCB,S,0.015404999999999999,0.89
54084,103138,NCCML,S,-0.00944,0.95
54084,103138,NCCAL,S,-0.013555999999999999,0.9
54084,103138,NCJAL,S,-0.0029690000000000003,0.84
54084,103138,NCHGW,S,0.014641000000000001,0.76
54084,103138,NCCDV,S,-0.014606999999999998,0.94
54084,103138,NCJBZ,S,0.008258999999999999,0.72
54084,103138,NCJPL,S,0.009463,0.88
54084,126189,NCCCOa,P,-0.011618,0.858
54084,126189,NCCSC,P,-0.010734,0.9
54084,126189,NCCMH,P,-0.011789,0.916
54084,126189,NCCAO,P,-0.010863000000000001,0.854
54084,126189,NCCADa,P,-0.010766999999999999,0.955
54084,126189,NCJST,P,-0.011914000000000001,0.888
54084,126189,NCJCB,P,-0.011550000000000001,0.875
54084,126189,NCCAL,P,-0.011268,0.951
54084,126189,NCHSP,P,-0.019594,0.939
54084,126189,NCJHL,P,-0.017703,0.923
54084,126189,NCJRR,P,-0.010866,0.954
54084,126189,NCJSS,P,-0.012632,0.868
54084,126189,NCHGW,P,-0.01466,0.96
54084,126189,NCCMJ,P,-0.011373000000000001,0.887
54084,126189,NCJBZ,P,-0.021063,0.923
54084,126189,NCHCA,P,-0.012452999999999999,0.932
54084,126189,NCJSG,P,-0.012253,0.931
54084,126189,NCCMR,P,-0.029789,0.975
54084,126189,NCHCR,P,-0.010955,0.925
54084,126189,NCCMN,P,-0.013010999999999998,0.911
54084,126189,NCCST,P,-0.027877,0.938
54084,126189,NCJBM,P,-0.011987000000000001,0.945
54084,126189,NCJSFa,P,-0.010952,0.74
54084,126189,NCHDLb,P,-0.012163,0.902
54084,126189,NCHFP,P,-0.009321,0.927
54084,126189,NCBVY,P,-0.008729,0.874
54084,126189,NCCCOa,S,-0.011517,0.92
54084,126189,NCCSC,S,-0.011608,0.95
54084,126189,NCCMH,S,-0.011725,0.94
54084,126189,NCCAO,S,-0.011404999999999998,0.88
54084,126189,NCCADa,S,-0.012146999999999998,0.94
54084,126189,NCJST,S,-0.012849,0.91
54084,126189,NCJCB,S,-0.011036,0.98
54084,126189,NCCAL,S,-0.012518000000000001,0.92
54084,126189,NCHSP,S,-0.019407,0.95
54084,126189,NCJHL,S,-0.017018,0.93
54084,126189,NCJRR,S,-0.010651999999999998,0.96
54084,126189,NCJSS,S,-0.01267,0.98
54084,126189,NCHGW,S,-0.013728,0.95
54084,126189,NCCDV,S,-0.014723,0.96
54084,126189,NCCMJ,S,-0.011453000000000001,0.94
54084,126189,NCJBZ,S,-0.020817000000000002,0.85
54084,126189,NCHCA,S,-0.011068000000000001,0.89
54084,126189,NCJSG,S,-0.013968999999999999,0.86
54084,126189,NCJBC,S,-0.011647000000000001,0.91
54084,126189,NCHCR,S,-0.011085999999999999,0.9
54084,126189,NCCMN,S,-0.013498,0.93
54084,126189,NCJRG,S,-0.010331,0.81
54084,126189,NCCST,S,-0.026668999999999998,0.87
54084,126189,NCHFP,S,-0.004296999999999999,0.83
54084,126189,NCBVY,S,0.0029520000000000032,0.85
54084,126292,NCCSC,P,-0.00929,0.907
54084,126292,NCCADa,P,0.013446999999999994,0.851
54084,126292,NCJST,P,0.000557999999999996,0.812
54084,126292,NCJCB,P,0.009267999999999992,0.833
54084,126292,NCCAL,P,-0.021503,0.762
54084,126292,NCJHL,P,0.0012819999999999984,0.724
54084,126292,NCJRR,P,0.010487000000000003,0.886
54084,126292,NCHGW,P,0.009909999999999995,0.945
54084,126292,NCJBZ,P,-0.0012510000000000021,0.904
54084,126292,NCJSG,P,-0.014991000000000004,0.811
54084,126292,NCCST,P,-0.028987000000000002,0.909
54084,126292,NCHDLb,P,0.008615999999999992,0.861
54084,126292,NCHFP,P,0.011665000000000002,0.726
54084,126292,NCBVY,P,0.012660999999999999,0.768
54084,126292,NCHQR,P,0.012882999999999999,0.77
54084,126292,NCCSC,S,-0.007463000000000004,0.72
54084,126292,NCCAO,S,-0.0006200000000000025,0.79
54084,126292,NCCADa,S,0.029962999999999997,0.74
54084,126292,NCJST,S,-0.002701000000000002,0.9
54084,126292,NCJCB,S,0.019892,0.84
54084,126292,NCCAL,S,-0.036514000000000005,0.81
54084,126292,NCJAL,S,-0.008306000000000001,0.82
54084,126292,NCJHL,S,-0.001902000000000001,0.76
54084,126292,NCJSS,S,-0.006401000000000004,0.91
54084,126292,NCCDV,S,-0.035746,0.89
54084,126292,NCHCA,S,0.028463999999999996,0.75
54084,126292,NCCST,S,-0.031728000000000006,0.71
54084,126389,NCCSC,P,-0.007427,0.759
54084,126389,NCCADa,P,0.021986000000000002,0.757
54084,126389,NCCAL,P,-0.013864999999999999,0.713
54084,126389,NCHGW,P,0.0192,0.931
54084,126389,NCCMJ,P,-0.014639999999999999,0.742
54084,126389,NCHCA,P,0.023038,0.844
54084,126389,NCJSG,P,-0.007795,0.806
54084,126389,NCCMR,P,-0.026657,0.874
54084,126389,NCCMN,P,-0.012104999999999998,0.891
54084,126389,NCCST,P,-0.017709999999999997,0.871
54084,126389,NCHDLb,P,0.019678000000000005,0.842
54084,126389,NCBVY,P,0.024145000000000003,0.71
54084,126389,NCHQR,P,0.022814000000000004,0.717
54084,126389,NCJST,S,-0.00011999999999999858,0.83
54084,126389,NCJCB,S,0.025961,0.78
54084,126389,NCCAL,S,-0.031090999999999997,0.77
54084,126389,NCJAL,S,-0.004135,0.8
54084,126389,NCJSS,S,0.0017170000000000032,0.92
54084,126389,NCCDV,S,-0.024361999999999998,0.89
54084,126389,NCHCA,S,0.040934,0.74
54084,126389,NCJBC,S,-0.0015609999999999999,0.73
54084,126389,NCCMN,S,-0.016007999999999998,0.82
54084,126389,NCCST,S,-0.010487,0.72
54084,148939,NCCSC,P,0.026734,0.87
54084,148939,NCCMH,P,0.009926,0.782
54084,148939,NCCADa,P,0.059051,0.894
54084,148939,NCJST,P,0.032877,0.803
54084,148939,NCJCB,P,0.033907,0.749
54084,148939,NCCAL,P,0.015496,0.76
54084,148939,NCJRR,P,0.039624,0.871
54084,148939,NCHGS,P,0.049579,0.889
54084,148939,NCJEC,P,0.029739,0.768
54084,148939,NCHGW,P,0.058843,0.943
54084,148939,NCCMJ,P,0.014416,0.799
54084,148939,NCCMP,P,0.039946999999999996,0.711
54084,148939,NCJBZ,P,0.036778,0.833
54084,148939,NCHCA,P,0.046664,0.868
54084,148939,NCJSG,P,0.030896,0.89
54084,148939,NCCMR,P,0.008938000000000001,0.976
54084,148939,NCCVA,P,0.013377,0.881
54084,148939,NCHCR,P,0.046872,0.772
54084,148939,NCCMN,P,0.008823000000000001,0.892
54084,148939,NCCST,P,0.019042,0.906
54084,148939,NCHPL,P,0.043788,0.921
54084,148939,NCJBM,P,0.016044,0.853
54084,148939,NCCCY,P,0.027064,0.771
54084,148939,NCHDLb,P,0.039177000000000003,0.874
54084,148939,NCHFP,P,0.04922,0.803
54084,148939,NCCSC,S,0.028251,0.75
54084,148939,NCCMH,S,0.007195,0.74
54084,148939,NCCAO,S,0.030271,0.84
54084,148939,NCCADa,S,0.072957,0.78
54084,148939,NCJST,S,0.034057,0.84
54084,148939,NCJCB,S,0.040887,0.88
54084,148939,NCCAL,S,0.0028849999999999987,0.86
54084,148939,NCJAL,S,0.035977999999999996,0.81
54084,148939,NCHSP,S,0.06303700000000001,0.77
54084,148939,NCJHL,S,0.030495,0.74
54084,148939,NCJSS,S,0.02408,0.92
54084,148939,NCHGS,S,0.058773,0.87
54084,148939,NCJLX,S,0.013000000000000001,0.87
54084,148939,NCCDV,S,0.005024000000000001,0.91
54084,148939,NCCMP,S,0.03936,0.97
54084,148939,NCHCA,S,0.057347999999999996,0.74
54084,148939,NCCMR,S,-0.004402000000000003,0.89
54084,148939,NCCVA,S,0.0016719999999999999,0.95
54084,148939,NCCMN,S,0.005125999999999999,0.85
54084,148939,NCHPL,S,0.054802000000000003,0.71
54084,148939,NCCCY,S,0.010676000000000001,0.89
54084,160503,NCCSC,P,0.010501,0.813
54084,160503,NCCADa,P,0.026947000000000002,0.865
54084,160503,NCJST,P,0.008114999999999999,0.759
54084,160503,NCJCB,P,0.002628,0.724
54084,160503,NCJHL,P,0.006804,0.781
54084,160503,NCHGS,P,0.015234,0.813
54084,160503,NCJEC,P,-0.000847,0.806
54084,160503,NCHGW,P,0.025994,0.91
54084,160503,NCCMJ,P,0.012261,0.734
54084,160503,NCCMP,P,0.01738,0.725
54084,160503,NCHCA,P,0.009748999999999999,0.92
54084,160503,NCJSG,P,0.020983,0.736
54084,160503,NCCVA,P,0.009379,0.704
54084,160503,NCHCR,P,0.010891,0.84
54084,160503,NCJSC,P,0.020635,0.824
54084,160503,NCCST,P,0.008995,0.83
54084,160503,NCHPL,P,0.014454999999999999,0.874
54084,160503,NCHDLb,P,0.008497,0.846
54084,160503,NCHFP,P,0.031176000000000002,0.817
54084,160503,NCBVY,P,0.029722000000000002,0.809
54084,160503,NCCSC,S,0.009401999999999999,0.77
54084,160503,NCCADa,S,0.023969,0.75
54084,160503,NCJST,S,0.011463,0.91
54084,160503,NCJCB,S,0.003883,0.91
54084,160503,NCCAL,S,0.00848,0.76
54084,160503,NCJAL,S,0.013243,0.91
54084,160503,NCJSS,S,0.007987,0.97
54084,160503,NCHGS,S,0.015927,0.81
54084,160503,NCJLX,S,0.005978000000000001,0.81
54084,160503,NCHGW,S,0.025452000000000002,0.79
54084,160503,NCCDV,S,0.009158999999999999,0.89
54084,160503,NCCMJ,S,0.009906,0.8
54084,160503,NCCMP,S,0.015787000000000002,0.95
54084,160503,NCJBC,S,0.001687,0.73
54084,160503,NCCVA,S,0.018063000000000003,0.85
54084,160503,NCJPL,S,0.008041,0.74
54084,160503,NCJSC,S,0.024085000000000002,0.76
54084,160503,NCHPL,S,0.027331,0.79
54084,160503,NCCCY,S,0.030970000000000004,0.84
54084,160503,NCHQR,S,0.035982,0.74
54084,215747,NCCSC,P,0.010552,0.852
54084,215747,NCCMH,P,-0.003497,0.706
54084,215747,NCCADa,P,0.041697,0.877
54084,215747,NCJST,P,0.017902,0.754
54084,215747,NCJCB,P,0.01909,0.767
54084,215747,NCCAL,P,-0.00022699999999999977,0.804
54084,215747,NCJHL,P,0.019488,0.748
54084,215747,NCJRR,P,0.023113,0.738
54084,215747,NCHGS,P,0.032912,0.869
54084,215747,NCJEC,P,0.013805000000000001,0.714
54084,215747,NCHGW,P,0.043245000000000006,0.906
54084,215747,NCCDV,P,-0.013337,0.948
54084,215747,NCCMJ,P,7.799999999999994e-05,0.808
54084,215747,NCJBZ,P,0.019836,0.858
54084,215747,NCHCA,P,0.030882999999999997,0.882
54084,215747,NCCMR,P,0.00031899999999999984,0.965
54084,215747,NCCVA,P,-0.006162,0.829
54084,215747,NCHCR,P,0.029535000000000002,0.785
54084,215747,NCCMN,P,-0.007625,0.853
54084,215747,NCCST,P,0.003547,0.845
54084,215747,NCHPL,P,0.029064999999999997,0.896
54084,215747,NCJBM,P,-0.0005560000000000001,0.87
54084,215747,NCCCY,P,0.011078000000000001,0.763
54084,215747,NCBVY,P,0.034571000000000005,0.723
54084,215747,NCCMH,S,-0.00712,0.71
54084,215747,NCCADa,S,0.055504,0.74
54084,215747,NCJST,S,0.017948,0.81
54084,215747,NCJCB,S,0.029044999999999998,0.86
54084,215747,NCCAL,S,-0.012765,0.85
54084,215747,NCJAL,S,0.017835,0.76
54084,215747,NCHSP,S,0.046925999999999995,0.71
54084,215747,NCHGS,S,0.042771,0.85
54084,215747,NCJLX,S,0.0006820000000000003,0.87
54084,215747,NCCDV,S,-0.023004,0.93
54084,215747,NCCMP,S,0.024058,0.94
54084,215747,NCCVA,S,-0.01691,0.92
54084,215747,NCCMN,S,-0.010712,0.83
54084,215747,NCCST,S,-0.0023639999999999998,0.74
54084,215747,NCHPL,S,0.040122000000000005,0.72
54084,215747,NCCCY,S,-0.005178,0.84
54084,238704,NCCCOa,P,-0.010220000000000003,0.718
54084,238704,NCCSC,P,-0.00047799999999999926,0.865
54084,238704,NCCMH,P,-0.005419,0.828
54084,238704,NCCADa,P,0.009165,0.937
54084,238704,NCJST,P,-0.006214000000000004,0.814
54084,238704,NCJCB,P,-0.011469000000000003,0.883
54084,238704,NCCAL,P,-0.002037000000000004,0.932
54084,238704,NCJAL,P,-0.007045000000000003,0.756
54084,238704,NCHSP,P,-0.0005240000000000036,0.824
54084,238704,NCJHL,P,-0.007352000000000004,0.888
54084,238704,NCJRR,P,-0.007061999999999999,0.905
54084,238704,NCJSS,P,-0.0012030000000000027,0.807
54084,238704,NCJEC,P,-0.016248000000000002,0.84
54084,238704,NCJLX,P,-0.0038790000000000005,0.793
54084,238704,NCHGW,P,0.008667999999999995,0.982
54084,238704,NCCDV,P,-0.016935000000000002,0.976
54084,238704,NCCMJ,P,-0.0010370000000000032,0.876
54084,238704,NCJBZ,P,-0.006788000000000002,0.889
54084,238704,NCHCA,P,-0.005485000000000004,0.908
54084,238704,NCJSG,P,0.009468999999999998,0.913
54084,238704,NCCMR,P,-0.0033190000000000025,0.922
54084,238704,NCCVA,P,-0.005347999999999999,0.882
54084,238704,NCCMN,P,-0.009230000000000002,0.923
54084,238704,NCHCR,P,-0.005865000000000002,0.882
54084,238704,NCJSC,P,0.0005959999999999993,0.929
54084,238704,NCCST,P,-0.006852000000000004,0.871
54084,238704,NCJBM,P,-0.0072499999999999995,0.932
54084,238704,NCCCY,P,0.010301999999999999,0.923
54084,238704,NCHFP,P,0.001913999999999999,0.888
54084,238704,NCBVY,P,0.0021919999999999995,0.893
54084,238704,NCCCOa,S,-0.010618000000000002,0.9
54084,238704,NCCSC,S,-0.0011779999999999985,0.81
54084,238704,NCCMH,S,-0.004149,0.87
54084,238704,NCCADa,S,0.005364000000000001,0.88
54084,238704,NCJST,S,-0.005496000000000001,0.85
54084,238704,NCJCB,S,-0.010852,0.98
54084,238704,NCCAL,S,-0.002230000000000003,0.95
54084,238704,NCHSP,S,-0.0007479999999999987,0.88
54084,238704,NCJHL,S,-0.005169,0.87
54084,238704,NCJRR,S,-0.006608000000000003,0.9
54084,238704,NCJSS,S,-0.005291000000000004,0.95
54084,238704,NCHGS,S,-0.000906000000000004,0.92
54084,238704,NCJLX,S,-0.005170000000000001,0.94
54084,238704,NCHGW,S,0.009223999999999996,0.96
54084,238704,NCCDV,S,-0.015015,0.95
54084,238704,NCCMJ,S,-0.0007680000000000048,0.93
54084,238704,NCJBZ,S,-0.006858000000000003,0.83
54084,238704,NCHCA,S,-0.0045579999999999996,0.9
54084,238704,NCJSG,S,0.0067979999999999985,0.78
54084,238704,NCCMR,S,-0.0006980000000000042,0.98
54084,238704,NCJBC,S,-0.016839000000000003,0.8
54084,238704,NCCVA,S,-0.003807000000000005,0.96
54084,238704,NCJPL,S,-0.010910000000000003,0.82
54084,238704,NCCMN,S,-0.008080000000000004,0.92
54084,238704,NCHCR,S,-0.005888000000000004,0.77
54084,238704,NCJSC,S,-0.0013659999999999992,0.89
54084,238704,NCCST,S,-0.003737000000000004,0.85
54084,238704,NCJBM,S,-0.007606000000000002,0.87
54084,238704,NCCCY,S,0.009333999999999995,0.97
54084,238704,NCJPS,S,-0.007771,0.76
54084,238704,NCBVY,S,0.0045549999999999966,0.85
54084,238704,NCHQR,S,0.009100999999999998,0.79
54084,238790,NCCSC,P,0.006724000000000001,0.785
54084,238790,NCCMH,P,-0.006178000000000003,0.752
54084,238790,NCCADa,P,0.028972999999999992,0.893
54084,238790,NCCAL,P,-0.002929000000000001,0.848
54084,238790,NCHSP,P,0.020608999999999995,0.738
54084,238790,NCJHL,P,0.009148999999999997,0.811
54084,238790,NCJRR,P,0.010311999999999995,0.76
54084,238790,NCHGS,P,0.018121999999999992,0.83
54084,238790,NCJEC,P,0.0013880000000000003,0.778
54084,238790,NCHGW,P,0.028756999999999998,0.898
54084,238790,NCCDV,P,-0.016542,0.955
54084,238790,NCCMJ,P,-0.002364000000000005,0.847
54084,238790,NCJBZ,P,0.010945000000000003,0.887
54084,238790,NCHCA,P,0.014531999999999996,0.846
54084,238790,NCJSG,P,0.012556999999999992,0.857
54084,238790,NCCMR,P,-0.003606999999999999,0.912
54084,238790,NCCVA,P,-0.007310000000000004,0.882
54084,238790,NCHCR,P,0.014390999999999994,0.769
54084,238790,NCCST,P,-0.002384000000000004,0.898
54084,238790,NCJBM,P,-0.0033390000000000017,0.858
54084,238790,NCCCY,P,0.008378000000000003,0.839
54084,238790,NCCMO,P,-0.012110000000000003,0.718
54084,238790,NCBVY,P,0.020302999999999995,0.832
54084,238790,NCCSC,S,0.007532999999999991,0.72
54084,238790,NCCMH,S,-0.008889000000000001,0.83
54084,238790,NCCADa,S,0.0341,0.73
54084,238790,NCJST,S,0.007397999999999995,0.81
54084,238790,NCJCB,S,0.013356,0.87
54084,238790,NCCAL,S,-0.011070000000000003,0.91
54084,238790,NCJHL,S,0.007959,0.77
54084,238790,NCJSS,S,0.007925999999999996,0.95
54084,238790,NCHGS,S,0.022653,0.88
54084,238790,NCJLX,S,-0.002116,0.84
54084,238790,NCHGW,S,0.031760000000000004,0.75
54084,238790,NCCDV,S,-0.023269000000000005,0.94
54084,238790,NCCMJ,S,-0.009427000000000005,0.83
54084,238790,NCHCA,S,0.019402999999999997,0.75
54084,238790,NCJSG,S,0.007862000000000001,0.73
54084,238790,NCCMR,S,-0.011363999999999999,0.94
54084,238790,NCJBC,S,-0.010155000000000004,0.73
54084,238790,NCCVA,S,-0.013495,0.95
54084,238790,NCJPL,S,0.006746999999999996,0.79
54084,238790,NCJSC,S,-0.0025650000000000048,0.73
54084,238790,NCCST,S,-0.005434000000000001,0.75
54084,238790,NCCCY,S,-0.0028550000000000034,0.91
54084,238790,NCBVY,S,0.024960000000000003,0.71
54084,30062741,NCCADa,P,0.017773999999999998,0.752
54084,30062741,NCJST,P,-0.012730999999999992,0.787
54084,30062741,NCJCB,P,-0.009320999999999996,0.823
54084,30062741,NCCAL,P,-0.0026540000000000036,0.749
54084,30062741,NCHSP,P,1.000000000001e-06,0.719
54084,30062741,NCJHL,P,-0.006115000000000009,0.804
54084,30062741,NCJRR,P,-0.005478000000000011,0.765
54084,30062741,NCHGS,P,0.00031599999999999684,0.848
54084,30062741,NCJEC,P,-0.013607000000000008,0.813
54084,30062741,NCCMJ,P,-0.0006540000000000018,0.816
54084,30062741,NCCMP,P,0.0018460000000000004,0.71
54084,30062741,NCJBZ,P,-0.00812099999999999,0.824
54084,30062741,NCHCR,P,-0.0022980000000000084,0.777
54084,30062741,NCJSC,P,0.009278999999999996,0.903
54084,30062741,NCCST,P,-0.006205000000000016,0.803
54084,30062741,NCHPL,P,-0.0010669999999999985,0.947
54084,30062741,NCJBM,P,-0.006195000000000006,0.75
54084,30062741,NCHFP,P,0.006634000000000001,0.802
54084,30062741,NCBVY,P,0.003485000000000002,0.75
54084,30062741,NCCMH,S,-0.007180999999999993,0.81
54084,30062741,NCCAO,S,-0.004714999999999997,0.76
54084,30062741,NCCADa,S,0.01364499999999999,0.72
54084,30062741,NCJST,S,-0.007839000000000013,0.89
54084,30062741,NCJCB,S,-0.0030799999999999994,0.87
54084,30062741,NCCAL,S,-0.0067889999999999895,0.86
54084,30062741,NCJAL,S,-0.0004050000000000026,0.91
54084,30062741,NCHSP,S,0.001121999999999998,0.72
54084,30062741,NCJHL,S,-0.002823000000000006,0.74
54084,30062741,NCJRR,S,-0.0027500000000000024,0.72
54084,30062741,NCJSS,S,-0.003922000000000009,0.89
54084,30062741,NCHGS,S,0.00204,0.85
54084,30062741,NCCDV,S,-0.016481999999999997,0.93
54084,30062741,NCCMJ,S,-0.0032300000000000106,0.81
54084,30062741,NCCMP,S,0.003031999999999993,0.96
54084,30062741,NCJBZ,S,-0.010595999999999994,0.75
54084,30062741,NCJBC,S,-0.013953999999999994,0.72
54084,30062741,NCJSC,S,0.007339999999999999,0.86
54084,30062741,NCCST,S,-0.0034319999999999906,0.74
54084,30062741,NCHPL,S,0.003805000000000003,0.83
54084,30062741,NCCCY,S,0.007525000000000004,0.87
54084,30062741,NCBVY,S,0.007706999999999992,0.76
54084,30069222,NCJST,P,0.0019419999999999993,0.797
54084,30069222,NCJCB,P,0.017984,0.768
54084,30069222,NCCAL,P,-0.010453999999999998,0.759
54084,30069222,NCHGS,P,0.035305,0.744
54084,30069222,NCHGW,P,0.0431,0.866
54084,30069222,NCCDV,P,-0.019548999999999997,0.948
54084,30069222,NCCMJ,P,-0.008161000000000002,0.742
54084,30069222,NCJBZ,P,0.015732999999999997,0.754
54084,30069222,NCJSG,P,0.009033,0.814
54084,30069222,NCCMR,P,-0.002464000000000001,0.887
54084,30069222,NCCVA,P,-0.012587000000000001,0.781
54084,30069222,NCJSC,P,0.010262999999999994,0.813
54084,30069222,NCCST,P,3.199999999999731e-05,0.872
54084,30069222,NCHPL,P,0.032107,0.85
54084,30069222,NCJBM,P,-0.0033429999999999988,0.774
54084,30069222,NCCAO,S,0.016837000000000005,0.77
54084,30069222,NCJST,S,0.0013760000000000022,0.83
54084,30069222,NCJCB,S,0.025662000000000004,0.74
54084,30069222,NCCAL,S,-0.029559000000000002,0.82
54084,30069222,NCJSS,S,0.007404999999999995,0.82
54084,30069222,NCHGS,S,0.044907,0.72
54084,30069222,NCCDV,S,-0.028838999999999997,0.89
54084,30069222,NCCVA,S,-0.023208,0.92
54084,30069222,NCCMN,S,-0.010612999999999997,0.77
54084,30069222,NCCCY,S,-0.014119,0.77
54084,30092060,NCCMH,P,-0.011769000000000002,0.774
54084,30092060,NCCADa,P,0.035875000000000004,0.715
54084,30092060,NCJST,P,0.0035610000000000086,0.724
54084,30092060,NCJCB,P,0.006976999999999997,0.78
54084,30092060,NCCAL,P,-0.012054999999999996,0.828
54084,30092060,NCHSP,P,0.02207300000000001,0.733
54084,30092060,NCJRR,P,0.011297000000000001,0.788
54084,30092060,NCHGW,P,0.030012999999999998,0.904
54084,30092060,NCCMJ,P,-0.010316999999999993,0.826
54084,30092060,NCHCA,P,0.017190999999999998,0.881
54084,30092060,NCJSG,P,0.0037569999999999965,0.806
54084,30092060,NCCVA,P,-0.014764999999999986,0.854
54084,30092060,NCHCR,P,0.015336000000000002,0.785
54084,30092060,NCCST,P,-0.008931999999999995,0.922
54084,30092060,NCJBM,P,-0.008904999999999996,0.841
54084,30092060,NCCCY,P,0.0002560000000000062,0.829
54084,30092060,NCHDLb,P,0.008582000000000006,0.848
54084,30092060,NCCMO,P,-0.018455999999999986,0.708
54084,30092060,NCHFP,P,0.021320000000000006,0.756
54084,30092060,NCBVY,P,0.021049,0.823
54084,30092060,NCCMH,S,-0.014141,0.75
54084,30092060,NCCAO,S,0.0037709999999999966,0.78
54084,30092060,NCCADa,S,0.044674000000000005,0.71
54084,30092060,NCJST,S,0.003506000000000009,0.8
54084,30092060,NCJCB,S,0.017405000000000004,0.87
54084,30092060,NCCAL,S,-0.02365099999999999,0.84
54084,30092060,NCHSP,S,0.031905,0.75
54084,30092060,NCJSS,S,0.004052,0.93
54084,30092060,NCJLX,S,-0.007294999999999996,0.87
54084,30092060,NCCDV,S,-0.031998999999999986,0.94
54084,30092060,NCCVA,S,-0.024539999999999992,0.93
54084,30092060,NCCCY,S,-0.013803999999999997,0.86
54084,389286,NCJST,P,0.004489,0.713
54084,389286,NCJCB,P,0.006973,0.72
54084,389286,NCJHL,P,0.007943,0.704
54084,389286,NCJRR,P,0.012278,0.774
54084,389286,NCHGS,P,0.020050000000000002,0.862
54084,389286,NCJEC,P,0.002111,0.737
54084,389286,NCHGW,P,0.03247,0.886
54084,389286,NCCDV,P,-0.029585999999999998,0.956
54084,389286,NCCMJ,P,-0.017563,0.756
54084,389286,NCJSG,P,-0.0002539999999999999,0.862
54084,389286,NCCMR,P,-0.015982,0.891
54084,389286,NCCVA,P,-0.021157,0.878
54084,389286,NCHCR,P,0.017249,0.757
54084,389286,NCCST,P,-0.012042,0.89
54084,389286,NCHPL,P,0.017991,0.911
54084,389286,NCJBM,P,-0.012916,0.84
54084,389286,NCHDLb,P,0.009080999999999999,0.838
54084,389286,NCHFP,P,0.022043,0.727
54084,389286,NCCAO,S,0.002064,0.81
54084,389286,NCJST,S,0.004491,0.81
54084,389286,NCJCB,S,0.017557,0.85
54084,389286,NCJAL,S,0.007694,0.75
54084,389286,NCJSS,S,-0.0002229999999999999,0.88
54084,389286,NCHGS,S,0.031115,0.83
54084,389286,NCJLX,S,-0.012410999999999998,0.86
54084,389286,NCCDV,S,-0.040730999999999996,0.94
54084,389286,NCCVA,S,-0.029789,0.9
54084,389286,NCCCY,S,-0.025178,0.83
54084,478138,NCCAO,P,0.01964600000000001,0.951
54084,478138,NCCADa,P,0.038299,0.78
54084,478138,NCJST,P,0.019768000000000008,0.889
54084,478138,NCCAL,P,0.019419000000000006,0.939
54084,478138,NCJAL,P,0.019608,0.814
54084,478138,NCHSP,P,0.025592000000000004,0.813
54084,478138,NCJHL,P,0.017914,0.932
54084,478138,NCJLX,P,0.019906000000000007,0.925
54084,478138,NCCDV,P,0.007082000000000005,0.97
54084,478138,NCCMJ,P,0.021554000000000004,0.889
54084,478138,NCHCA,P,0.022312000000000012,0.933
54084,478138,NCCMR,P,0.011687000000000003,0.953
54084,478138,NCCVA,P,0.018804,0.956
54084,478138,NCHCR,P,0.023153000000000007,0.9
54084,478138,NCJSC,P,0.034404000000000004,0.863
54084,478138,NCJBM,P,0.018857000000000013,0.935
54084,478138,NCCCY,P,0.033512,0.823
54084,478138,NCCAO,S,0.019274,0.92
54084,478138,NCCADa,S,0.035015000000000004,0.8
54084,478138,NCJST,S,0.020654000000000006,0.9
54084,478138,NCCAL,S,0.017238000000000003,0.92
54084,478138,NCJAL,S,0.021498000000000003,0.96
54084,478138,NCHSP,S,0.025663000000000005,0.89
54084,478138,NCJHL,S,0.020084000000000005,0.93
54084,478138,NCJLX,S,0.019013000000000002,0.95
54084,478138,NCCDV,S,0.008851000000000012,0.98
54084,478138,NCCMJ,S,0.021564,0.94
54084,478138,NCHCA,S,0.023562,0.9
54084,478138,NCCMR,S,0.010049000000000002,0.96
54084,478138,NCCVA,S,0.018611000000000003,0.98
54084,478138,NCJPL,S,0.014623000000000011,0.84
54084,478138,NCHCR,S,0.025580000000000006,0.79
54084,478138,NCJRG,S,0.02029700000000001,0.84
54084,478138,NCJSC,S,0.03250600000000001,0.88
54084,478138,NCJBM,S,0.019013000000000002,0.85
54084,478138,NCCCY,S,0.032324000000000006,0.95
54084,529274,NCJST,P,0.018993999999999997,0.839
54084,529274,NCJHL,P,0.020804000000000003,0.833
54084,529274,NCJLX,P,0.012637999999999996,0.704
54084,529274,NCCDV,P,-0.010095999999999994,0.969
54084,529274,NCJBZ,P,0.027353000000000002,0.865
54084,529274,NCHCA,P,0.03163199999999999,0.842
54084,529274,NCCVA,P,-0.0008050000000000002,0.902
54084,529274,NCCMN,P,-0.0031059999999999977,0.865
54084,529274,NCCST,P,0.0029580000000000023,0.885
54084,529274,NCJBM,P,0.004157999999999995,0.824
54084,529274,NCCCY,P,0.013583999999999999,0.708
54084,529274,NCCAO,S,0.016426999999999997,0.81
54084,529274,NCCADa,S,0.054025000000000004,0.75
54084,529274,NCJST,S,0.021134,0.88
54084,529274,NCCAL,S,-0.007120000000000015,0.87
54084,529274,NCHSP,S,0.042575,0.76
54084,529274,NCJHL,S,0.019847000000000004,0.81
54084,529274,NCJSS,S,0.019928,0.95
54084,529274,NCCDV,S,-0.01833399999999999,0.96
54084,529274,NCCVA,S,-0.011781000000000014,0.92
54084,529274,NCJPL,S,0.022899000000000003,0.74
54084,529274,NCCMN,S,-0.0044550000000000145,0.86
54084,529274,NCCCY,S,-3.0000000000030003e-06,0.88
54084,62514,NCCSC,P,0.0010959999999999998,0.888
54084,62514,NCCADa,P,0.022647,0.857
54084,62514,NCJST,P,0.010872,0.806
54084,62514,NCJCB,P,0.019288,0.794
54084,62514,NCCAL,P,-0.011153999999999999,0.728
54084,62514,NCJRR,P,0.01958,0.809
54084,62514,NCJEC,P,0.018261,0.809
54084,62514,NCHGW,P,0.02207,0.909
54084,62514,NCJBZ,P,0.016792,0.79
54084,62514,NCHCA,P,0.024276,0.819
54084,62514,NCJSG,P,-0.0038139999999999997,0.862
54084,62514,NCCMR,P,-0.009791,0.967
54084,62514,NCCVA,P,-0.013191,0.86
54084,62514,NCHCR,P,0.025201,0.747
54084,62514,NCCMN,P,-0.012672,0.863
54084,62514,NCJSC,P,-0.006705999999999999,0.806
54084,62514,NCJBM,P,-0.004617,0.819
54084,62514,NCHDLb,P,0.018834000000000004,0.852
54084,62514,NCHFP,P,0.019575000000000002,0.706
54084,62514,NCBVY,P,0.019791999999999997,0.774
54084,62514,NCCSC,S,0.002803,0.71
54084,62514,NCCAO,S,0.010055999999999999,0.76
54084,62514,NCCADa,S,0.038725,0.71
54084,62514,NCJST,S,0.007848,0.91
54084,62514,NCJCB,S,0.028824000000000002,0.84
54084,62514,NCCAL,S,-0.02688,0.8
54084,62514,NCJSS,S,0.0036699999999999997,0.94
54084,62514,NCJLX,S,-0.0062239999999999995,0.82
54084,62514,NCCDV,S,-0.024137,0.91
54084,62514,NCCMP,S,0.012597,0.94
54084,62514,NCCMR,S,-0.027696,0.83
54084,62514,NCJBC,S,-0.0030550000000000004,0.72
54084,62514,NCCMN,S,-0.017271,0.83
54084,62514,NCCCY,S,-0.029971,0.88
54084,62520,NCCSC,P,0.0004849999999999993,0.856
54084,62520,NCCADa,P,0.030073000000000003,0.715
54084,62520,NCJST,P,0.012458000000000004,0.762
54084,62520,NCJCB,P,0.027523000000000002,0.703
54084,62520,NCJHL,P,0.019061,0.701
54084,62520,NCHGW,P,0.029899000000000002,0.911
54084,62520,NCJBZ,P,0.020785,0.753
54084,62520,NCHCA,P,0.032973,0.803
54084,62520,NCJSG,P,0.0014870000000000022,0.857
54084,62520,NCCMR,P,-0.0005129999999999996,0.943
54084,62520,NCCVA,P,-0.0071319999999999995,0.79
54084,62520,NCCMN,P,-0.003360999999999996,0.877
54084,62520,NCCVL,P,-0.006893999999999997,0.735
54084,62520,NCJSC,P,-0.0006040000000000004,0.85
54084,62520,NCJBM,P,0.0011719999999999994,0.821
54084,62520,NCBVY,P,0.030424000000000003,0.77
54084,62520,NCHQR,P,0.032895,0.701
54084,62520,NCCAO,S,0.019984000000000002,0.76
54084,62520,NCJST,S,0.008475000000000003,0.88
54084,62520,NCJCB,S,0.032341,0.77
54084,62520,NCCAL,S,-0.023587999999999998,0.8
54084,62520,NCJSS,S,0.009730000000000003,0.93
54084,62520,NCJLX,S,0.0008869999999999989,0.83
54084,62520,NCCDV,S,-0.014748999999999998,0.87
54084,62520,NCCMP,S,0.03036,0.95
54084,62520,NCHCA,S,0.048327,0.72
54084,62520,NCCMR,S,-0.009623,0.82
54084,62520,NCCVA,S,-0.017943,0.94
54084,62520,NCCMN,S,-0.00809,0.82
54084,62520,NCCVL,S,-0.015216999999999994,0.8
54084,62520,NCCCY,S,-0.021273,0.82
54084,77218,NCCCOa,P,0.007517000000000001,0.777
54084,77218,NCCSC,P,0.008785,0.887
54084,77218,NCCAO,P,0.008187999999999999,0.739
54084,77218,NCCADa,P,0.006871,0.9
54084,77218,NCJST,P,0.00745,0.839
54084,77218,NCJCB,P,0.006750000000000001,0.797
54084,77218,NCCML,P,0.008575000000000001,0.887
54084,77218,NCCAL,P,0.0073360000000000005,0.911
54084,77218,NCHSP,P,0.002987,0.845
54084,77218,NCJHL,P,0.0010550000000000004,0.948
54084,77218,NCJRR,P,0.0064930000000000005,0.914
54084,77218,NCJSS,P,0.006789999999999999,0.862
54084,77218,NCJEC,P,0.006697,0.875
54084,77218,NCCDV,P,0.0031599999999999996,0.958
54084,77218,NCCMP,P,0.007523,0.767
54084,77218,NCJBZ,P,0.008641000000000001,0.742
54084,77218,NCJSG,P,0.007575,0.932
54084,77218,NCJSC,P,0.007524000000000001,0.901
54084,77218,NCCST,P,-0.007157,0.936
54084,77218,NCJSFa,P,0.008769,0.737
54084,77218,NCCCY,P,0.007687000000000001,0.886
54084,77218,NCBVY,P,0.0064860000000000004,0.806
54084,77218,NCCCOa,S,0.007670999999999999,0.89
54084,77218,NCCSC,S,0.007566999999999999,0.93
54084,77218,NCCAO,S,0.008352,0.84
54084,77218,NCCADa,S,0.004043,0.91
54084,77218,NCJST,S,0.006581,0.9
54084,77218,NCJCB,S,0.005939,0.96
54084,77218,NCCML,S,0.006593999999999999,0.95
54084,77218,NCCAL,S,0.004805,0.87
54084,77218,NCHSP,S,0.003483,0.9
54084,77218,NCJHL,S,0.0013539999999999993,0.94
54084,77218,NCJRR,S,0.007440999999999998,0.93
54084,77218,NCCDV,S,0.0036749999999999994,0.96
54084,77218,NCJBZ,S,0.008683999999999999,0.78
54084,77218,NCJSG,S,0.006681000000000001,0.87
54084,77218,NCJPL,S,0.003785,0.81
54084,77218,NCJSC,S,0.00431,0.78
54084,77218,NCCST,S,-0.007105,0.9
54084,77218,NCCCY,S,0.007139999999999999,0.96
54084,77218,NCHSL,S,0.017425000000000003,0.74
54084,77218,NCBVY,S,0.006173,0.8
62514,101361,NCCSC,P,0.0003100000000000004,0.88
62514,101361,NCCADa,P,-0.022867,0.863
62514,101361,NCJST,P,-0.010779,0.737
62514,101361,NCJCB,P,-0.019024,0.844
62514,101361,NCJRR,P,-0.019518,0.887
62514,101361,NCJEC,P,-0.01908,0.886
62514,101361,NCHGW,P,-0.027531999999999997,0.926
62514,101361,NCCDV,P,0.009662,0.956
62514,101361,NCCMJ,P,0.01397,0.823
62514,101361,NCCMP,P,-0.011161,0.737
62514,101361,NCJBZ,P,-0.017525,0.881
62514,101361,NCCMR,P,0.008701,0.929
62514,101361,NCHPR,P,-0.014511,0.862
62514,101361,NCCMN,P,0.014252,0.877
62514,101361,NCJRG,P,-0.010356,0.774
62514,101361,NCJSC,P,0.005427,0.796
62514,101361,NCHFE,P,-0.022796999999999998,0.796
62514,101361,NCJSM,P,0.0027090000000000005,0.721
62514,101361,NCHAZ,P,-0.020287,0.749
62514,101361,NCCCY,P,0.012441,0.782
62514,101361,NCJLT,P,0.007056000000000001,0.788
62514,101361,NCJPPa,P,0.004164999999999999,0.775
62514,101361,NCHDLb,P,-0.018541,0.914
62514,101361,NCCLC,P,0.008129,0.702
62514,101361,NCHFP,P,-0.018543,0.759
62514,101361,NCBVY,P,-0.019596,0.922
62514,101361,NCCAO,S,-0.008334,0.76
62514,101361,NCCADa,S,-0.041231000000000004,0.76
62514,101361,NCJST,S,-0.008709,0.82
62514,101361,NCJCB,S,-0.029542,0.82
62514,101361,NCCAL,S,0.027004000000000004,0.74
62514,101361,NCJAL,S,-0.025453,0.78
62514,101361,NCJSS,S,-0.004911,0.93
62514,101361,NCJEC,S,-0.019098,0.86
62514,101361,NCCDV,S,0.022492,0.91
62514,101361,NCCMP,S,-0.012199999999999999,0.95
62514,101361,NCCMR,S,0.025839,0.82
62514,101361,NCJBC,S,-0.00517,0.82
62514,101361,NCHPR,S,-0.019316,0.74
62514,101361,NCCMN,S,0.018128000000000002,0.85
62514,101361,NCJSM,S,0.004398,0.8
62514,101361,NCCCY,S,0.030232,0.88
62514,101361,NCJLT,S,0.010346000000000001,0.76
62514,101362,NCCCOa,P,-0.018325,0.885
62514,101362,NCCSC,P,-0.018033,0.966
62514,101362,NCCMH,P,-0.017138,0.952
62514,101362,NCCAO,P,-0.017567,0.859
62514,101362,NCCADa,P,-0.018567,0.984
62514,101362,NCJST,P,-0.018163,0.966
62514,101362,NCJCB,P,-0.018756,0.972
62514,101362,NCCAL,P,-0.0185,0.976
62514,101362,NCJAL,P,-0.032306,0.764
62514,101362,NCHSP,P,-0.018237,0.955
62514,101362,NCJRR,P,-0.018376,0.959
62514,101362,NCJSS,P,-0.01788,0.897
62514,101362,NCJEC,P,-0.017974999999999998,0.952
62514,101362,NCJLX,P,-0.018699,0.941
62514,101362,NCHGW,P,-0.022019,0.978
62514,101362,NCCDV,P,-0.019334999999999998,0.995
62514,101362,NCCMJ,P,-0.017276,0.947
62514,101362,NCCMP,P,-0.017495,0.876
62514,101362,NCJBZ,P,-0.017728999999999998,0.94
62514,101362,NCCMR,P,-0.019468,0.994
62514,101362,NCJBC,P,-0.021209,0.87
62514,101362,NCHPR,P,-0.011296999999999998,0.819
62514,101362,NCCMN,P,-0.017601,0.938
62514,101362,NCJRG,P,-0.016541,0.83
62514,101362,NCHFE,P,-0.018623,0.964
62514,101362,NCJSM,P,-0.018139,0.841
62514,101362,NCHAZ,P,-0.018376,0.743
62514,101362,NCJUC,P,-0.016597,0.715
62514,101362,NCJSFa,P,-0.017006999999999998,0.806
62514,101362,NCCCY,P,-0.018189,0.957
62514,101362,NCJBLb,P,-0.012639999999999998,0.755
62514,101362,NCJLT,P,-0.018016,0.813
62514,101362,NCJPPa,P,-0.017137,0.855
62514,101362,NCHDLb,P,-0.017557,0.932
62514,101362,NCHJG,P,-0.018436,0.703
62514,101362,NCJBG,P,-0.017509999999999998,0.764
62514,101362,NCCLC,P,-0.018083,0.817
62514,101362,NCHFP,P,-0.017314,0.925
62514,101362,NCBVY,P,-0.017766,0.923
62514,101362,NCCCOa,S,-0.018257,0.93
62514,101362,NCCSC,S,-0.018064999999999998,0.97
62514,101362,NCCMH,S,-0.017051,0.97
62514,101362,NCCAO,S,-0.017602,0.93
62514,101362,NCCADa,S,-0.019365999999999998,0.98
62514,101362,NCJST,S,-0.017571,0.98
62514,101362,NCJCB,S,-0.018357,0.99
62514,101362,NCCAL,S,-0.018099,0.98
62514,101362,NCJAL,S,-0.031189,0.96
62514,101362,NCHSP,S,-0.018522,0.98
62514,101362,NCJRR,S,-0.017728,0.95
62514,101362,NCJSS,S,-0.016673999999999998,0.98
62514,101362,NCJEC,S,-0.018401999999999998,0.97
62514,101362,NCJLX,S,-0.018536999999999998,0.96
62514,101362,NCHGW,S,-0.021879,0.97
62514,101362,NCCDV,S,-0.018543,0.99
62514,101362,NCCMJ,S,-0.016638,0.96
62514,101362,NCCMP,S,-0.017634999999999998,0.97
62514,101362,NCJBZ,S,-0.016168,0.83
62514,101362,NCCMR,S,-0.019027,0.98
62514,101362,NCJBC,S,-0.023107,0.89
62514,101362,NCHPR,S,-0.011511999999999998,0.9
62514,101362,NCJPL,S,-0.018431,0.84
62514,101362,NCCMN,S,-0.019267,0.96
62514,101362,NCJRG,S,-0.016661,0.9
62514,101362,NCJSC,S,-0.018557,0.87
62514,101362,NCHFE,S,-0.019582,0.92
62514,101362,NCJSM,S,-0.018470999999999998,0.83
62514,101362,NCJUC,S,-0.015123,0.76
62514,101362,NCCPL,S,-0.017825999999999998,0.78
62514,101362,NCCCY,S,-0.017978,0.97
62514,101362,NCJLT,S,-0.015271,0.85
62514,101362,NCHFH,S,-0.017809,0.91
62514,101362,NCHDLb,S,-0.017393,0.86
62514,101362,NCJBG,S,-0.018311,0.71
62514,101362,NCCLC,S,-0.020524999999999998,0.74
62514,101362,NCHFP,S,-0.018091,0.92
62514,101362,NCBVY,S,-0.017547,0.9
62514,103138,NCCSC,P,0.001753000000000001,0.935
62514,103138,NCCMH,P,0.0082,0.822
62514,103138,NCCAO,P,-0.001351999999999999,0.724
62514,103138,NCCADa,P,-0.009798000000000001,0.941
62514,103138,NCJST,P,-0.0041530000000000004,0.767
62514,103138,NCJCB,P,-0.009298999999999998,0.902
62514,103138,NCCAL,P,0.004449,0.833
62514,103138,NCJAL,P,-0.019579999999999997,0.769
62514,103138,NCHSP,P,-0.011085000000000001,0.826
62514,103138,NCJRR,P,-0.008989999999999998,0.937
62514,103138,NCJSS,P,-0.00033299999999999996,0.737
62514,103138,NCJLX,P,-0.0012239999999999994,0.833
62514,103138,NCHGW,P,-0.011335999999999999,0.964
62514,103138,NCCMP,P,-0.0028520000000000004,0.823
62514,103138,NCJBZ,P,-0.006353000000000001,0.817
62514,103138,NCJSC,P,0.0037029999999999997,0.828
62514,103138,NCHFE,P,-0.010991,0.863
62514,103138,NCHPL,P,-0.010058000000000001,0.889
62514,103138,NCJLT,P,0.005407,0.783
62514,103138,NCJPPa,P,0.0031240000000000018,0.83
62514,103138,NCJHP,P,0.006006000000000001,0.87
62514,103138,NCJBG,P,0.0031769999999999993,0.832
62514,103138,NCHFP,P,-0.006999999999999999,0.845
62514,103138,NCBVY,P,-0.008756,0.889
62514,103138,NCCCOa,S,-0.012675999999999996,0.77
62514,103138,NCCSC,S,0.0004840000000000018,0.86
62514,103138,NCCMH,S,0.008922000000000001,0.85
62514,103138,NCCAO,S,-0.002415999999999998,0.89
62514,103138,NCCADa,S,-0.019254999999999998,0.88
62514,103138,NCJST,S,-0.0017199999999999993,0.94
62514,103138,NCJCB,S,-0.012140999999999999,0.93
62514,103138,NCCAL,S,0.01158,0.93
62514,103138,NCJAL,S,-0.016282,0.88
62514,103138,NCHSP,S,-0.018883,0.91
62514,103138,NCJRR,S,-0.008063,0.79
62514,103138,NCHGW,S,-0.014862999999999998,0.86
62514,103138,NCCDV,S,0.009084,0.97
62514,103138,NCCMP,S,-0.006272,0.95
62514,103138,NCJBZ,S,-0.002959,0.71
62514,103138,NCJLT,S,0.008796,0.71
62514,103138,NCHFP,S,-0.011567000000000001,0.79
62514,103138,NCBVY,S,-0.010870000000000001,0.8
62514,126189,NCCSC,P,-0.011858,0.83
62514,126189,NCCADa,P,-0.033837,0.832
62514,126189,NCJCB,P,-0.030632,0.846
62514,126189,NCJHL,P,-0.032383999999999996,0.721
62514,126189,NCJRR,P,-0.029754000000000003,0.835
62514,126189,NCJEC,P,-0.029505999999999998,0.86
62514,126189,NCHGW,P,-0.03725,0.926
62514,126189,NCCDV,P,-0.0029130000000000007,0.938
62514,126189,NCCMJ,P,0.0013719999999999982,0.827
62514,126189,NCCMP,P,-0.02287,0.743
62514,126189,NCJBZ,P,-0.038126,0.84
62514,126189,NCHCA,P,-0.037075,0.899
62514,126189,NCJSG,P,-0.008387,0.913
62514,126189,NCCMR,P,-0.019959,0.941
62514,126189,NCJSJ,P,-0.007891,0.771
62514,126189,NCHCR,P,-0.036598,0.812
62514,126189,NCCMN,P,-0.0004049999999999991,0.916
62514,126189,NCHFE,P,-0.033711000000000005,0.769
62514,126189,NCHPL,P,-0.032527,0.895
62514,126189,NCJBM,P,-0.007626000000000001,0.875
62514,126189,NCJSM,P,-0.009556,0.783
62514,126189,NCHAZ,P,-0.031728,0.746
62514,126189,NCJPPa,P,-0.008539,0.79
62514,126189,NCHDLb,P,-0.031101,0.909
62514,126189,NCHSFb,P,-0.029020999999999998,0.74
62514,126189,NCJHP,P,-0.003163000000000001,0.88
62514,126189,NCCLC,P,-0.0025610000000000008,0.707
62514,126189,NCHFP,P,-0.029266,0.748
62514,126189,NCBVY,P,-0.028598,0.863
62514,126189,NCCAO,S,-0.021661,0.74
62514,126189,NCCADa,S,-0.052025,0.76
62514,126189,NCJST,S,-0.020771,0.83
62514,126189,NCJCB,S,-0.039720000000000005,0.81
62514,126189,NCCAL,S,0.013415999999999997,0.72
62514,126189,NCJSS,S,-0.016586,0.93
62514,126189,NCJEC,S,-0.029363,0.84
62514,126189,NCJLX,S,-0.005996,0.8
62514,126189,NCCDV,S,0.009346,0.91
62514,126189,NCCMP,S,-0.024721,0.93
62514,126189,NCHCA,S,-0.043436,0.71
62514,126189,NCJBC,S,-0.008307,0.85
62514,126189,NCCOS,S,-0.003981,0.79
62514,126189,NCCMN,S,0.004237999999999999,0.84
62514,126189,NCHPL,S,-0.048326999999999995,0.71
62514,126189,NCJSM,S,-0.009636,0.8
62514,126189,NCHSFb,S,-0.037953,0.75
62514,126292,NCCCOa,P,-0.009656000000000005,0.916
62514,126292,NCCSC,P,-0.010253000000000005,0.991
62514,126292,NCCMH,P,-0.010105000000000003,0.985
62514,126292,NCCAO,P,-0.009649000000000005,0.911
62514,126292,NCCADa,P,-0.009060000000000006,0.969
62514,126292,NCJST,P,-0.010247000000000006,0.979
62514,126292,NCJCB,P,-0.009881000000000001,0.975
62514,126292,NCCAL,P,-0.010217000000000004,0.978
62514,126292,NCJAL,P,-0.020955000000000005,0.81
62514,126292,NCHSP,P,-0.013338000000000003,0.869
62514,126292,NCJHL,P,-0.013684000000000002,0.843
62514,126292,NCJRR,P,-0.008938000000000001,0.916
62514,126292,NCJSS,P,-0.009493000000000001,0.837
62514,126292,NCJLX,P,-0.009642000000000005,0.9
62514,126292,NCHGW,P,-0.011903000000000004,0.98
62514,126292,NCCDV,P,-0.012149,0.991
62514,126292,NCCMJ,P,-0.009749,0.966
62514,126292,NCCMP,P,-0.008734000000000006,0.88
62514,126292,NCJBZ,P,-0.017938000000000003,0.873
62514,126292,NCHCA,P,-0.010068,0.977
62514,126292,NCJSG,P,-0.010893,0.979
62514,126292,NCCMR,P,-0.027689000000000002,0.965
62514,126292,NCJBC,P,-0.008961000000000004,0.846
62514,126292,NCHPR,P,-0.005947000000000001,0.855
62514,126292,NCHCR,P,-0.009792000000000002,0.973
62514,126292,NCJSJ,P,-0.01013,0.941
62514,126292,NCJRG,P,-0.011094000000000007,0.813
62514,126292,NCHFE,P,-0.009274000000000004,0.836
62514,126292,NCHPL,P,-0.010102,0.911
62514,126292,NCHAZ,P,-0.009802000000000005,0.751
62514,126292,NCJPPa,P,-0.009338000000000006,0.853
62514,126292,NCHDLb,P,-0.010230000000000003,0.94
62514,126292,NCJHP,P,-0.009304000000000007,0.935
62514,126292,NCCLC,P,-0.009634000000000004,0.761
62514,126292,NCHFP,P,-0.007755000000000005,0.921
62514,126292,NCBVY,P,-0.006585000000000001,0.858
62514,126292,NCHQR,P,-0.010125000000000002,0.771
62514,126292,NCCCOa,S,-0.009745000000000004,0.95
62514,126292,NCCSC,S,-0.010194000000000002,0.99
62514,126292,NCCMH,S,-0.009576000000000001,0.99
62514,126292,NCCAO,S,-0.010556000000000003,0.94
62514,126292,NCCADa,S,-0.009251000000000002,0.98
62514,126292,NCJST,S,-0.010635000000000006,0.99
62514,126292,NCJCB,S,-0.009102000000000006,0.99
62514,126292,NCCAL,S,-0.009718000000000004,0.98
62514,126292,NCJAL,S,-0.020680000000000004,0.96
62514,126292,NCHSP,S,-0.013738,0.92
62514,126292,NCJHL,S,-0.012829,0.86
62514,126292,NCJRR,S,-0.009155000000000003,0.94
62514,126292,NCJSS,S,-0.009638,0.97
62514,126292,NCHGW,S,-0.010911000000000004,0.98
62514,126292,NCCDV,S,-0.011536000000000005,0.99
62514,126292,NCCMJ,S,-0.009611000000000001,0.98
62514,126292,NCCMP,S,-0.009693,0.98
62514,126292,NCHCA,S,-0.009133000000000002,0.93
62514,126292,NCJSG,S,-0.010337000000000006,0.95
62514,126292,NCJBC,S,-0.007601000000000004,0.91
62514,126292,NCCOS,S,-0.010152000000000001,0.89
62514,126292,NCHPR,S,-0.004013000000000003,0.78
62514,126292,NCJPL,S,-0.020182000000000002,0.81
62514,126292,NCHCR,S,-0.009692000000000006,0.95
62514,126292,NCHFE,S,-0.010679000000000001,0.91
62514,126292,NCHPL,S,-0.009907000000000006,0.8
62514,126292,NCJUC,S,-0.006835000000000001,0.74
62514,126292,NCCPL,S,-0.010411000000000004,0.73
62514,126292,NCHFH,S,-0.012646000000000004,0.81
62514,126292,NCHDLb,S,-0.008965,0.84
62514,126292,NCHFP,S,-0.007524000000000003,0.89
62514,126292,NCBVY,S,-0.004491000000000002,0.83
62514,126292,NCHQR,S,-0.013282000000000002,0.73
62514,126389,NCCSC,P,-0.008732999999999998,0.919
62514,126389,NCCMH,P,-0.008663999999999998,0.871
62514,126389,NCCADa,P,-0.0005459999999999996,0.808
62514,126389,NCJST,P,-0.007127,0.767
62514,126389,NCJCB,P,-0.0005139999999999988,0.712
62514,126389,NCCAL,P,-0.002940999999999999,0.787
62514,126389,NCHSP,P,-0.006591,0.721
62514,126389,NCJHL,P,-0.010591999999999999,0.813
62514,126389,NCJRR,P,0.0006659999999999999,0.72
62514,126389,NCJEC,P,-0.0016709999999999989,0.842
62514,126389,NCJLX,P,-0.0007729999999999994,0.732
62514,126389,NCHGW,P,-0.002343999999999999,0.915
62514,126389,NCCDV,P,-0.002241999999999999,0.957
62514,126389,NCCMJ,P,-0.0009189999999999979,0.818
62514,126389,NCCMP,P,0.0023360000000000013,0.865
62514,126389,NCHCA,P,-0.001723999999999998,0.891
62514,126389,NCJSG,P,-0.002522999999999999,0.856
62514,126389,NCCMR,P,-0.016759,0.909
62514,126389,NCJBC,P,-0.0013829999999999988,0.765
62514,126389,NCHCR,P,-0.0012879999999999992,0.731
62514,126389,NCJSJ,P,-0.0005559999999999992,0.79
62514,126389,NCCMN,P,-0.00041399999999999944,0.91
62514,126389,NCHFE,P,-0.001631999999999998,0.833
62514,126389,NCHPL,P,0.0026230000000000003,0.908
62514,126389,NCJBM,P,-0.0010659999999999992,0.865
62514,126389,NCJSM,P,-0.001187999999999998,0.785
62514,126389,NCHAZ,P,-0.000281,0.746
62514,126389,NCJSFa,P,7.900000000000268e-05,0.795
62514,126389,NCHFH,P,0.0017479999999999996,0.733
62514,126389,NCJPPa,P,0.0003490000000000021,0.866
62514,126389,NCHDLb,P,0.0006950000000000012,0.904
62514,126389,NCJHP,P,0.00034600000000000256,0.947
62514,126389,NCCLC,P,0.0006960000000000022,0.721
62514,126389,NCHFP,P,0.006216000000000003,0.721
62514,126389,NCBVY,P,0.005732000000000001,0.794
62514,126389,NCHQR,P,0.0005970000000000003,0.781
62514,126389,NCCMH,S,-0.0011789999999999995,0.76
62514,126389,NCCAO,S,0.00042400000000000077,0.82
62514,126389,NCCADa,S,-0.0010429999999999988,0.77
62514,126389,NCJST,S,-0.007061,0.85
62514,126389,NCJCB,S,-0.0019519999999999989,0.85
62514,126389,NCCAL,S,-0.003291999999999998,0.81
62514,126389,NCJAL,S,-0.016503,0.81
62514,126389,NCHSP,S,-0.004033999999999999,0.75
62514,126389,NCJSS,S,-0.0006949999999999994,0.93
62514,126389,NCJEC,S,-0.004141999999999998,0.79
62514,126389,NCCDV,S,0.00045399999999999954,0.93
62514,126389,NCCMJ,S,0.002619,0.83
62514,126389,NCCMP,S,0.009480000000000002,0.97
62514,126389,NCHCA,S,0.0035860000000000024,0.73
62514,126389,NCJSG,S,-0.0001460000000000003,0.76
62514,126389,NCJBC,S,0.003987000000000001,0.83
62514,126389,NCHPR,S,0.008571000000000002,0.75
62514,126389,NCCMN,S,0.0017260000000000018,0.89
62514,126389,NCHPL,S,0.010170000000000002,0.76
62514,126389,NCJSM,S,0.010906000000000002,0.8
62514,126389,NCHFH,S,0.020127000000000003,0.79
62514,126389,NCHFP,S,0.017450999999999998,0.71
62514,126389,NCBVY,S,0.020908,0.81
62514,148939,NCCCOa,P,0.018897999999999998,0.741
62514,148939,NCCSC,P,0.024295999999999998,0.873
62514,148939,NCCMH,P,0.023499,0.908
62514,148939,NCCAO,P,0.021644,0.81
62514,148939,NCCADa,P,0.037276,0.93
62514,148939,NCJST,P,0.022021,0.925
62514,148939,NCJCB,P,0.014533999999999998,0.792
62514,148939,NCCAL,P,0.026602,0.879
62514,148939,NCHSP,P,0.032067,0.816
62514,148939,NCJHL,P,0.019632,0.883
62514,148939,NCJRR,P,0.019584,0.93
62514,148939,NCJSS,P,0.024352,0.766
62514,148939,NCJEC,P,0.012783,0.837
62514,148939,NCJLX,P,0.020415,0.906
62514,148939,NCHGW,P,0.036926,0.963
62514,148939,NCCDV,P,0.027039999999999998,0.974
62514,148939,NCCMP,P,0.028009,0.88
62514,148939,NCJBZ,P,0.020197,0.893
62514,148939,NCHCA,P,0.021575,0.964
62514,148939,NCJSG,P,0.035952,0.879
62514,148939,NCCMR,P,0.018734999999999998,0.981
62514,148939,NCJBC,P,0.009133999999999996,0.841
62514,148939,NCHPR,P,0.024061,0.87
62514,148939,NCCVA,P,0.027429000000000002,0.927
62514,148939,NCHCR,P,0.021804999999999998,0.943
62514,148939,NCJSJ,P,0.020104999999999998,0.907
62514,148939,NCCMN,P,0.022103,0.916
62514,148939,NCJRG,P,0.022191,0.72
62514,148939,NCHFE,P,0.028392,0.924
62514,148939,NCJBM,P,0.020602,0.961
62514,148939,NCJSM,P,0.020862,0.88
62514,148939,NCHAZ,P,0.022371,0.717
62514,148939,NCJSFa,P,0.018775,0.846
62514,148939,NCCCY,P,0.039451,0.962
62514,148939,NCJPPa,P,0.018779,0.935
62514,148939,NCHDLb,P,0.020176,0.927
62514,148939,NCJBG,P,0.020033,0.841
62514,148939,NCHFP,P,0.030115,0.927
62514,148939,NCBVY,P,0.030635,0.92
62514,148939,NCHQR,P,0.038243,0.814
62514,148939,NCCCOa,S,0.018417,0.83
62514,148939,NCCSC,S,0.024768,0.87
62514,148939,NCCMH,S,0.024535,0.92
62514,148939,NCCAO,S,0.020231,0.89
62514,148939,NCCADa,S,0.035408,0.85
62514,148939,NCJST,S,0.025653,0.9
62514,148939,NCJCB,S,0.014317,0.93
62514,148939,NCCAL,S,0.028968,0.96
62514,148939,NCHSP,S,0.030497999999999997,0.85
62514,148939,NCJHL,S,0.019909,0.85
62514,148939,NCJRR,S,0.019825,0.93
62514,148939,NCJSS,S,0.020892,0.97
62514,148939,NCJEC,S,0.008104,0.86
62514,148939,NCJLX,S,0.018550999999999998,0.81
62514,148939,NCHGW,S,0.03687,0.93
62514,148939,NCCDV,S,0.02889,0.98
62514,148939,NCCMJ,S,0.028789000000000002,0.93
62514,148939,NCCMP,S,0.026867,0.96
62514,148939,NCJBZ,S,0.020562999999999998,0.74
62514,148939,NCHCA,S,0.021106,0.89
62514,148939,NCJSG,S,0.036185999999999996,0.87
62514,148939,NCCMR,S,0.021835,0.97
62514,148939,NCJBC,S,0.007872999999999998,0.74
62514,148939,NCHPR,S,0.021957,0.78
62514,148939,NCHCR,S,0.023338,0.89
62514,148939,NCJSJ,S,0.019889999999999998,0.84
62514,148939,NCCMN,S,0.021658,0.94
62514,148939,NCJRG,S,0.020257999999999998,0.82
62514,148939,NCHFE,S,0.027476,0.83
62514,148939,NCJBM,S,0.019718,0.9
62514,148939,NCJSM,S,0.019638,0.91
62514,148939,NCCPL,S,0.039113,0.87
62514,148939,NCCCY,S,0.040434,0.97
62514,148939,NCHDLb,S,0.026298,0.8
62514,148939,NCHFP,S,0.039557999999999996,0.87
62514,160503,NCCSC,P,0.009163000000000001,0.718
62514,160503,NCCADa,P,0.0031680000000000007,0.841
62514,160503,NCJCB,P,-0.016863999999999997,0.733
62514,160503,NCJEC,P,-0.020263999999999997,0.855
62514,160503,NCHGW,P,0.0031149999999999997,0.913
62514,160503,NCCDV,P,0.024598000000000002,0.898
62514,160503,NCCMP,P,0.0035670000000000007,0.758
62514,160503,NCHCA,P,-0.013784,0.894
62514,160503,NCHPR,P,-0.003988,0.825
62514,160503,NCHCR,P,-0.013786000000000001,0.833
62514,160503,NCHFE,P,-0.00746,0.742
62514,160503,NCHAZ,P,-0.009251,0.719
62514,160503,NCHDLb,P,-0.010688999999999999,0.905
62514,160503,NCHFP,P,0.009802,0.781
62514,160503,NCBVY,P,0.009907,0.83
62514,160503,NCCADa,S,-0.013990999999999998,0.77
62514,160503,NCJST,S,0.002659,0.87
62514,160503,NCJCB,S,-0.026535999999999997,0.84
62514,160503,NCJAL,S,3.7000000000000574e-05,0.82
62514,160503,NCHSP,S,-0.018355000000000003,0.79
62514,160503,NCJSS,S,0.0031350000000000006,0.94
62514,160503,NCJEC,S,-0.021615999999999996,0.8
62514,160503,NCJLX,S,0.0063,0.71
62514,160503,NCHGW,S,-0.006905,0.71
62514,160503,NCCDV,S,0.033766,0.84
62514,160503,NCCMP,S,0.0025199999999999997,0.96
62514,160503,NCHCA,S,-0.013949999999999999,0.72
62514,160503,NCJBC,S,0.007787,0.76
62514,160503,NCCOS,S,0.032399,0.81
62514,160503,NCHPR,S,-0.005016000000000001,0.75
62514,160503,NCJSM,S,0.019601,0.72
62514,160503,NCCCY,S,0.060801,0.77
62514,160503,NCHFH,S,0.007888,0.72
62514,160503,NCBVY,S,0.004524,0.71
62514,215747,NCCCOa,P,0.0012909999999999996,0.84
62514,215747,NCCSC,P,0.009654,0.845
62514,215747,NCCMH,P,0.009587,0.967
62514,215747,NCCADa,P,0.019125,0.975
62514,215747,NCJST,P,0.007026999999999999,0.858
62514,215747,NCJCB,P,-0.0003720000000000008,0.929
62514,215747,NCCAL,P,0.010359,0.96
62514,215747,NCJAL,P,0.001725,0.856
62514,215747,NCHSP,P,0.016201,0.814
62514,215747,NCJHL,P,0.0036839999999999998,0.84
62514,215747,NCJRR,P,0.0030159999999999996,0.89
62514,215747,NCJEC,P,-0.0035270000000000006,0.833
62514,215747,NCJLX,P,0.00437,0.741
62514,215747,NCHGW,P,0.021331,0.978
62514,215747,NCCDV,P,-0.0013930000000000001,0.975
62514,215747,NCCMP,P,0.011842,0.901
62514,215747,NCJBZ,P,0.003182,0.87
62514,215747,NCHCA,P,0.006554,0.938
62514,215747,NCCMR,P,0.010123,0.979
62514,215747,NCJBC,P,-0.008961,0.809
62514,215747,NCCVA,P,0.007984,0.923
62514,215747,NCHCR,P,0.004288,0.899
62514,215747,NCCMN,P,0.005483999999999999,0.853
62514,215747,NCJRG,P,0.008921,0.872
62514,215747,NCHFE,P,0.010622,0.934
62514,215747,NCJBM,P,0.003653,0.821
62514,215747,NCJSM,P,0.0022569999999999995,0.747
62514,215747,NCJSFa,P,0.0032259999999999997,0.765
62514,215747,NCCCY,P,0.023461,0.867
62514,215747,NCJPPa,P,0.0033559999999999996,0.879
62514,215747,NCHJG,P,0.0034539999999999996,0.824
62514,215747,NCCMO,P,0.0036839999999999998,0.815
62514,215747,NCHFP,P,0.014374,0.851
62514,215747,NCBVY,P,0.014158,0.877
62514,215747,NCHQR,P,0.022532999999999997,0.764
62514,215747,NCCCOa,S,0.001,0.91
62514,215747,NCCMH,S,0.009728,0.97
62514,215747,NCCADa,S,0.017113999999999997,0.94
62514,215747,NCJST,S,0.009783,0.93
62514,215747,NCJCB,S,0.00010699999999999946,0.97
62514,215747,NCCAL,S,0.012513,0.96
62514,215747,NCJAL,S,0.004536,0.89
62514,215747,NCHSP,S,0.013526,0.88
62514,215747,NCJHL,S,0.00607,0.82
62514,215747,NCJRR,S,0.0030489999999999996,0.92
62514,215747,NCJEC,S,-0.0033159999999999995,0.85
62514,215747,NCJLX,S,0.004278,0.91
62514,215747,NCHGW,S,0.020864,0.97
62514,215747,NCCDV,S,0.0007749999999999996,0.99
62514,215747,NCCMJ,S,0.01362,0.92
62514,215747,NCCMP,S,0.011526,0.98
62514,215747,NCJBZ,S,0.005344,0.74
62514,215747,NCHCA,S,0.007259,0.94
62514,215747,NCJBC,S,-0.007729,0.84
62514,215747,NCJPL,S,0.0034319999999999993,0.78
62514,215747,NCHCR,S,0.004097,0.87
62514,215747,NCCMN,S,0.005086,0.9
62514,215747,NCJRG,S,0.008678,0.85
62514,215747,NCHFE,S,0.00947,0.83
62514,215747,NCJBM,S,0.0027999999999999995,0.83
62514,215747,NCJSM,S,0.004095,0.86
62514,215747,NCCPL,S,0.021987,0.88
62514,215747,NCCCY,S,0.024097,0.94
62514,215747,NCCLC,S,0.004335,0.76
62514,215747,NCHFP,S,0.013492,0.86
62514,215747,NCHQR,S,0.018798000000000002,0.84
62514,238704,NCCSC,P,-0.0016119999999999989,0.79
62514,238704,NCCADa,P,-0.015092999999999999,0.827
62514,238704,NCJCB,P,-0.030795999999999997,0.819
62514,238704,NCJRR,P,-0.026785,0.79
62514,238704,NCJEC,P,-0.033329,0.76
62514,238704,NCHGW,P,-0.013327999999999998,0.91
62514,238704,NCCDV,P,-0.004587999999999998,0.907
62514,238704,NCCMP,P,-0.012511999999999999,0.718
62514,238704,NCJBZ,P,-0.022809,0.784
62514,238704,NCHCA,P,-0.029845999999999998,0.921
62514,238704,NCJSG,P,0.013489999999999999,0.828
62514,238704,NCCMR,P,0.006460999999999998,0.874
62514,238704,NCCVA,P,0.008500999999999998,0.845
62514,238704,NCHCR,P,-0.031872,0.842
62514,238704,NCCMN,P,0.003427000000000003,0.844
62514,238704,NCHPL,P,-0.023735,0.859
62514,238704,NCJBM,P,-0.0015039999999999984,0.877
62514,238704,NCCCY,P,0.022778000000000003,0.763
62514,238704,NCJBLb,P,-0.0020589999999999983,0.713
62514,238704,NCJPPa,P,-0.0038849999999999996,0.789
62514,238704,NCHSFb,P,-0.023979,0.775
62514,238704,NCHJG,P,-0.029471999999999998,0.834
62514,238704,NCJHP,P,0.004489000000000003,0.848
62514,238704,NCCMO,P,0.006363999999999998,0.79
62514,238704,NCCLC,P,0.0009820000000000002,0.753
62514,238704,NCBVY,P,-0.018022999999999997,0.817
62514,238704,NCCADa,S,-0.03583,0.74
62514,238704,NCJST,S,-0.011864999999999999,0.79
62514,238704,NCJCB,S,-0.041528999999999996,0.8
62514,238704,NCCAL,S,0.023962,0.81
62514,238704,NCJAL,S,-0.013850999999999999,0.79
62514,238704,NCJSS,S,-0.008749,0.91
62514,238704,NCJEC,S,-0.035107,0.85
62514,238704,NCJLX,S,-0.0008699999999999992,0.71
62514,238704,NCCDV,S,0.009645999999999998,0.91
62514,238704,NCCMP,S,-0.014653999999999999,0.93
62514,238704,NCCMR,S,0.028544000000000003,0.83
62514,238704,NCJBC,S,-0.011685,0.79
62514,238704,NCCMN,S,0.010483000000000003,0.82
62514,238704,NCJSM,S,-0.001575,0.8
62514,238704,NCCCY,S,0.03933300000000001,0.87
62514,238704,NCHSFb,S,-0.036832,0.8
62514,238790,NCCSC,P,0.003828999999999999,0.822
62514,238790,NCCMH,P,0.007313,0.801
62514,238790,NCCADa,P,0.006420999999999996,0.881
62514,238790,NCJCB,P,-0.013106000000000003,0.827
62514,238790,NCCAL,P,0.0075,0.832
62514,238790,NCHSP,P,-0.00035400000000000015,0.847
62514,238790,NCJHL,P,-0.007037000000000002,0.828
62514,238790,NCJRR,P,-0.009354000000000001,0.906
62514,238790,NCJSS,P,0.0017589999999999967,0.76
62514,238790,NCJEC,P,-0.017177,0.886
62514,238790,NCJLX,P,-0.0014830000000000051,0.775
62514,238790,NCHGW,P,0.006526999999999998,0.94
62514,238790,NCCDV,P,-0.004598000000000005,0.937
62514,238790,NCCMP,P,0.0017009999999999942,0.857
62514,238790,NCJBZ,P,-0.0057950000000000015,0.853
62514,238790,NCHCA,P,-0.009609,0.975
62514,238790,NCJSG,P,0.017603,0.896
62514,238790,NCCMR,P,0.006075999999999998,0.897
62514,238790,NCJBC,P,-0.010090000000000002,0.834
62514,238790,NCCVA,P,0.0063449999999999965,0.853
62514,238790,NCHCR,P,-0.010171,0.944
62514,238790,NCJRG,P,-0.002594000000000006,0.77
62514,238790,NCHPL,P,-0.0066830000000000014,0.904
62514,238790,NCJBM,P,0.0010669999999999985,0.928
62514,238790,NCJSM,P,-7.900000000000268e-05,0.82
62514,238790,NCHAZ,P,-0.008656000000000004,0.775
62514,238790,NCCPL,P,0.019020999999999996,0.732
62514,238790,NCCCY,P,0.020407999999999996,0.936
62514,238790,NCJBLb,P,0.0011889999999999956,0.868
62514,238790,NCJPPa,P,-0.00039300000000000446,0.931
62514,238790,NCHJG,P,-0.010305000000000002,0.878
62514,238790,NCJHP,P,0.006303999999999997,0.855
62514,238790,NCCMO,P,0.0030749999999999944,0.818
62514,238790,NCJPS,P,-0.00015800000000000536,0.744
62514,238790,NCCLC,P,0.0008409999999999945,0.814
62514,238790,NCHFP,P,0.0002119999999999969,0.949
62514,238790,NCBVY,P,0.001006,0.923
62514,238790,NCHQR,P,0.0072389999999999954,0.8
62514,238790,NCCCOa,S,-0.017601000000000002,0.78
62514,238790,NCCSC,S,0.002930999999999996,0.78
62514,238790,NCCMH,S,0.008320999999999995,0.83
62514,238790,NCCADa,S,-0.003272000000000004,0.85
62514,238790,NCJST,S,-0.0006570000000000048,0.86
62514,238790,NCJCB,S,-0.016188,0.92
62514,238790,NCCAL,S,0.013538999999999995,0.89
62514,238790,NCJAL,S,1.0999999999997123e-05,0.9
62514,238790,NCHSP,S,-0.008484000000000005,0.9
62514,238790,NCJHL,S,-0.003608,0.73
62514,238790,NCJRR,S,-0.009719000000000005,0.81
62514,238790,NCJSS,S,0.003467999999999999,0.96
62514,238790,NCJEC,S,-0.016485000000000003,0.89
62514,238790,NCJLX,S,0.00038399999999999546,0.93
62514,238790,NCHGW,S,0.0028549999999999964,0.91
62514,238790,NCCDV,S,0.0004679999999999962,0.97
62514,238790,NCCMJ,S,0.013472999999999999,0.82
62514,238790,NCCMP,S,-0.001348000000000002,0.97
62514,238790,NCJBZ,S,-0.003711000000000006,0.71
62514,238790,NCHCA,S,-0.012679000000000003,0.9
62514,238790,NCJSG,S,0.018277999999999996,0.79
62514,238790,NCCMR,S,0.014508999999999994,0.9
62514,238790,NCJBC,S,-0.007554000000000005,0.85
62514,238790,NCJPL,S,-0.010021000000000002,0.75
62514,238790,NCHCR,S,-0.016315000000000003,0.77
62514,238790,NCJRG,S,-0.0008640000000000037,0.79
62514,238790,NCJSC,S,0.009321999999999997,0.74
62514,238790,NCHPL,S,-0.012601000000000001,0.83
62514,238790,NCJBM,S,-0.0004750000000000032,0.8
62514,238790,NCJSM,S,0.0003019999999999967,0.89
62514,238790,NCCPL,S,0.020608999999999995,0.79
62514,238790,NCCCY,S,0.025474000000000004,0.9
62514,238790,NCHFP,S,-0.004986000000000004,0.72
62514,238790,NCBVY,S,-0.0015940000000000051,0.88
62514,238790,NCHQR,S,0.002593999999999999,0.73
62514,30062741,NCJCB,P,-0.028608999999999996,0.832
62514,30062741,NCJHL,P,-0.021798999999999985,0.708
62514,30062741,NCJRR,P,-0.024959999999999982,0.751
62514,30062741,NCJEC,P,-0.031982999999999984,0.83
62514,30062741,NCCDV,P,-0.0016589999999999938,0.928
62514,30062741,NCCMP,P,-0.010433999999999999,0.783
62514,30062741,NCJBZ,P,-0.024275999999999992,0.76
62514,30062741,NCHCA,P,-0.020290000000000002,0.902
62514,30062741,NCHCR,P,-0.027422000000000002,0.845
62514,30062741,NCJSC,P,0.014779000000000014,0.786
62514,30062741,NCHFE,P,-0.022522999999999987,0.788
62514,30062741,NCJBM,P,-0.0007969999999999922,0.705
62514,30062741,NCHAZ,P,-0.022453,0.715
62514,30062741,NCHJG,P,-0.026333999999999996,0.775
62514,30062741,NCHFP,P,-0.013818999999999998,0.73
62514,30062741,NCBVY,P,-0.016543999999999975,0.755
62514,30062741,NCJST,S,-0.016315999999999997,0.82
62514,30062741,NCJCB,S,-0.03454199999999999,0.75
62514,30062741,NCCAL,S,0.02114500000000001,0.75
62514,30062741,NCJAL,S,-0.012997999999999982,0.8
62514,30062741,NCHSP,S,-0.03329699999999999,0.76
62514,30062741,NCJSS,S,-0.007343999999999989,0.92
62514,30062741,NCJEC,S,-0.02996299999999999,0.8
62514,30062741,NCCDV,S,0.008220000000000005,0.87
62514,30062741,NCCMP,S,-0.009577999999999975,0.97
62514,30062741,NCHCA,S,-0.025582999999999995,0.73
62514,30062741,NCJBC,S,-0.008706999999999993,0.72
62514,30062741,NCCCY,S,0.03742900000000002,0.79
62514,30062741,NCBVY,S,-0.019954,0.76
62514,30069222,NCCMH,P,-0.0032949999999999993,0.817
62514,30069222,NCJST,P,-0.008481000000000002,0.846
62514,30069222,NCJCB,P,-0.001003999999999998,0.808
62514,30069222,NCCAL,P,0.0007599999999999968,0.88
62514,30069222,NCJHL,P,-0.0016629999999999978,0.795
62514,30069222,NCJRR,P,0.001473000000000002,0.721
62514,30069222,NCJEC,P,-0.009181000000000002,0.842
62514,30069222,NCHGW,P,0.021269999999999997,0.915
62514,30069222,NCCDV,P,-0.007211000000000002,0.938
62514,30069222,NCJBZ,P,-0.0007380000000000025,0.805
62514,30069222,NCJSG,P,0.012910999999999999,0.813
62514,30069222,NCCMR,P,0.007566000000000003,0.896
62514,30069222,NCCVA,P,7.399999999999768e-05,0.855
62514,30069222,NCHCR,P,0.002347000000000002,0.792
62514,30069222,NCJSJ,P,0.001237000000000002,0.802
62514,30069222,NCCMN,P,0.00017500000000000154,0.788
62514,30069222,NCHFE,P,0.010631000000000002,0.785
62514,30069222,NCJBM,P,0.0008500000000000035,0.865
62514,30069222,NCCCY,P,0.017822000000000005,0.811
62514,30069222,NCJPPa,P,0.009224999999999997,0.723
62514,30069222,NCHJG,P,0.005700999999999998,0.731
62514,30069222,NCCLC,P,-0.00046600000000000114,0.778
62514,30069222,NCHFP,P,0.018407000000000007,0.838
62514,30069222,NCBVY,P,0.014374999999999999,0.745
62514,30069222,NCCMH,S,0.005169,0.75
62514,30069222,NCCAO,S,0.006873999999999998,0.82
62514,30069222,NCJST,S,-0.006454000000000001,0.86
62514,30069222,NCJCB,S,-0.002680000000000002,0.87
62514,30069222,NCCAL,S,-0.001342000000000003,0.9
62514,30069222,NCJAL,S,-0.0015459999999999988,0.77
62514,30069222,NCHSP,S,0.017114000000000004,0.81
62514,30069222,NCJSS,S,0.004513999999999997,0.84
62514,30069222,NCJEC,S,-0.010501999999999997,0.79
62514,30069222,NCCDV,S,-0.003615,0.9
62514,30069222,NCCMJ,S,0.007420000000000003,0.84
62514,30069222,NCHCR,S,0.012278999999999998,0.72
62514,30069222,NCCMN,S,0.004145999999999997,0.82
62514,30069222,NCCCY,S,0.017429,0.87
62514,30069222,NCBVY,S,0.020093,0.8
62514,30092060,NCCCOa,P,-0.010685,0.832
62514,30092060,NCCMH,P,0.0012730000000000102,0.935
62514,30092060,NCCAO,P,-0.003676999999999986,0.71
62514,30092060,NCCADa,P,0.013072,0.747
62514,30092060,NCJST,P,-0.007389000000000007,0.894
62514,30092060,NCJCB,P,-0.012241000000000002,0.88
62514,30092060,NCCAL,P,-0.0011660000000000004,0.925
62514,30092060,NCJAL,P,-0.008322999999999997,0.874
62514,30092060,NCHSP,P,0.001805000000000001,0.866
62514,30092060,NCJHL,P,-0.008128999999999997,0.901
62514,30092060,NCJRR,P,-0.008659,0.943
62514,30092060,NCJSS,P,-0.00015199999999998548,0.863
62514,30092060,NCJEC,P,-0.013909000000000005,0.81
62514,30092060,NCJLX,P,-0.003706999999999988,0.727
62514,30092060,NCHGW,P,0.007946000000000009,0.95
62514,30092060,NCCDV,P,-0.011306999999999984,0.966
62514,30092060,NCHCA,P,-0.007734999999999992,0.953
62514,30092060,NCJSG,P,0.008897000000000002,0.924
62514,30092060,NCJBC,P,-0.013572,0.792
62514,30092060,NCCVA,P,-0.0015219999999999956,0.921
62514,30092060,NCHCR,P,-0.009113999999999983,0.948
62514,30092060,NCJSJ,P,-0.0035089999999999844,0.758
62514,30092060,NCHFE,P,-0.001575999999999994,0.892
62514,30092060,NCJBM,P,-0.004970000000000002,0.786
62514,30092060,NCCCY,P,0.012550000000000006,0.908
62514,30092060,NCJBLb,P,-0.007477999999999985,0.811
62514,30092060,NCHDLb,P,-0.010523000000000005,0.908
62514,30092060,NCHJG,P,-0.010275000000000006,0.872
62514,30092060,NCCMO,P,-0.004506999999999983,0.797
62514,30092060,NCHFP,P,0.0015270000000000006,0.914
62514,30092060,NCBVY,P,0.0013980000000000103,0.883
62514,30092060,NCCCOa,S,-0.011110000000000009,0.88
62514,30092060,NCCMH,S,0.002141000000000004,0.93
62514,30092060,NCCAO,S,-0.0063529999999999975,0.82
62514,30092060,NCCADa,S,0.01044500000000001,0.76
62514,30092060,NCJST,S,-0.004397999999999985,0.86
62514,30092060,NCJCB,S,-0.010460999999999998,0.98
62514,30092060,NCCAL,S,0.001477000000000006,0.94
62514,30092060,NCJAL,S,-0.005510999999999988,0.87
62514,30092060,NCHSP,S,-0.0011660000000000004,0.93
62514,30092060,NCJHL,S,-0.006434999999999996,0.82
62514,30092060,NCJRR,S,-0.008328000000000002,0.94
62514,30092060,NCJSS,S,0.0005340000000000067,0.98
62514,30092060,NCJEC,S,-0.016193999999999986,0.84
62514,30092060,NCJLX,S,-0.003483999999999987,0.85
62514,30092060,NCHGW,S,0.007071000000000008,0.91
62514,30092060,NCCDV,S,-0.008465,0.98
62514,30092060,NCCMJ,S,0.004035000000000011,0.89
62514,30092060,NCHCA,S,-0.008737999999999996,0.9
62514,30092060,NCJSG,S,0.010494000000000003,0.84
62514,30092060,NCJBC,S,-0.012952999999999992,0.81
62514,30092060,NCHCR,S,-0.009322999999999998,0.89
62514,30092060,NCJSJ,S,-0.004010999999999987,0.75
62514,30092060,NCJRG,S,-0.003477000000000008,0.73
62514,30092060,NCCCY,S,0.01509400000000001,0.92
62514,30092060,NCHDLb,S,-0.009160000000000001,0.83
62514,30092060,NCHFP,S,0.00045200000000000795,0.86
62514,30092060,NCBVY,S,0.0002570000000000072,0.87
62514,389286,NCCCOa,P,-0.011,0.841
62514,389286,NCCMH,P,-0.008066999999999998,0.962
62514,389286,NCCAO,P,-0.007518999999999998,0.815
62514,389286,NCJST,P,-0.0066370000000000005,0.899
62514,389286,NCJCB,P,-0.012376999999999999,0.876
62514,389286,NCJAL,P,-0.007869999999999999,0.824
62514,389286,NCHSP,P,0.002143000000000001,0.877
62514,389286,NCJHL,P,-0.008232,0.917
62514,389286,NCJRR,P,-0.007955999999999998,0.926
62514,389286,NCJSS,P,-0.002690999999999999,0.783
62514,389286,NCJEC,P,-0.015875,0.861
62514,389286,NCJLX,P,-0.008121,0.894
62514,389286,NCHGW,P,0.010125,0.981
62514,389286,NCCDV,P,-0.017574,0.975
62514,389286,NCHCA,P,0.0012780000000000014,0.885
62514,389286,NCJSG,P,0.0034850000000000003,0.877
62514,389286,NCCMR,P,-0.0062369999999999995,0.929
62514,389286,NCCVA,P,-0.007862999999999998,0.888
62514,389286,NCHCR,P,-0.007820999999999998,0.947
62514,389286,NCJSJ,P,-0.008794,0.925
62514,389286,NCJSC,P,0.008348000000000001,0.771
62514,389286,NCHFE,P,0.0006390000000000007,0.947
62514,389286,NCJBM,P,-0.008863,0.931
62514,389286,NCJSM,P,-0.008028,0.862
62514,389286,NCHAZ,P,-0.006897,0.73
62514,389286,NCJSFa,P,-0.011917999999999998,0.832
62514,389286,NCCCY,P,0.006792,0.912
62514,389286,NCJPPa,P,-0.002800999999999998,0.718
62514,389286,NCHDLb,P,-0.01022,0.93
62514,389286,NCHJG,P,-0.010595,0.726
62514,389286,NCCLC,P,-0.010556,0.809
62514,389286,NCHFP,P,0.0019199999999999998,0.922
62514,389286,NCCCOa,S,-0.010994,0.9
62514,389286,NCCMH,S,-0.007398999999999999,0.97
62514,389286,NCCAO,S,-0.008053999999999999,0.86
62514,389286,NCJST,S,-0.0030810000000000004,0.92
62514,389286,NCJCB,S,-0.012032000000000001,0.95
62514,389286,NCJAL,S,-0.006038999999999999,0.9
62514,389286,NCHSP,S,0.001956000000000001,0.94
62514,389286,NCJHL,S,-0.007078000000000001,0.86
62514,389286,NCJRR,S,-0.007837,0.94
62514,389286,NCJSS,S,-0.002617999999999999,0.94
62514,389286,NCJEC,S,-0.015914,0.85
62514,389286,NCJLX,S,-0.008854,0.95
62514,389286,NCHGW,S,0.010064,0.98
62514,389286,NCCDV,S,-0.016869,0.97
62514,389286,NCCMJ,S,-0.004043999999999999,0.92
62514,389286,NCJSG,S,0.006128,0.85
62514,389286,NCHCR,S,-0.007064000000000001,0.9
62514,389286,NCJSJ,S,-0.00808,0.81
62514,389286,NCJSC,S,0.007653000000000001,0.74
62514,389286,NCHFE,S,-0.0003020000000000002,0.87
62514,389286,NCJBM,S,-0.009405,0.93
62514,389286,NCJSM,S,-0.006499999999999999,0.83
62514,389286,NCCCY,S,0.005278,0.94
62514,389286,NCHDLb,S,-0.008201,0.87
62514,389286,NCHFP,S,0.0012989999999999998,0.87
62514,478138,NCCADa,P,0.014156000000000002,0.71
62514,478138,NCCDV,P,0.01933299999999999,0.913
62514,478138,NCCMJ,P,0.034287999999999985,0.791
62514,478138,NCHCA,P,-0.0016560000000000186,0.936
62514,478138,NCCMR,P,0.02159499999999999,0.941
62514,478138,NCCVA,P,0.031885,0.868
62514,478138,NCHCR,P,-0.0019810000000000105,0.874
62514,478138,NCJRG,P,0.009253999999999984,0.754
62514,478138,NCJSC,P,0.04118899999999999,0.823
62514,478138,NCHFE,P,0.006063999999999986,0.775
62514,478138,NCJBM,P,0.023085999999999995,0.844
62514,478138,NCCCY,P,0.04715799999999999,0.74
62514,478138,NCJPPa,P,0.02725799999999999,0.733
62514,478138,NCCAO,S,0.008512999999999993,0.72
62514,478138,NCJST,S,0.01308999999999999,0.8
62514,478138,NCCAL,S,0.04336999999999999,0.8
62514,478138,NCJAL,S,0.010006999999999988,0.82
62514,478138,NCJLX,S,0.021903999999999993,0.73
62514,478138,NCCDV,S,0.032813999999999996,0.9
62514,478138,NCHCA,S,-0.008992,0.74
62514,478138,NCCMR,S,0.03860799999999999,0.89
62514,478138,NCCOS,S,0.02778399999999999,0.81
62514,478138,NCJSM,S,0.024824,0.74
62514,478138,NCCCY,S,0.06228199999999999,0.86
62514,529274,NCCMH,P,0.013375000000000012,0.882
62514,529274,NCCAO,P,0.00920700000000002,0.838
62514,529274,NCCADa,P,0.022640000000000007,0.739
62514,529274,NCJST,P,0.008025000000000004,0.893
62514,529274,NCCAL,P,0.013451000000000005,0.891
62514,529274,NCJAL,P,0.00927,0.828
62514,529274,NCHSP,P,0.01309600000000001,0.815
62514,529274,NCJHL,P,0.006055000000000005,0.767
62514,529274,NCJSS,P,0.012674000000000005,0.829
62514,529274,NCJLX,P,0.008316000000000018,0.858
62514,529274,NCCDV,P,0.001810000000000006,0.974
62514,529274,NCCMJ,P,0.014687000000000006,0.892
62514,529274,NCJBZ,P,0.010377000000000011,0.936
62514,529274,NCHCA,P,0.006998000000000004,0.884
62514,529274,NCCVA,P,0.012159000000000017,0.889
62514,529274,NCHCR,P,0.007435999999999998,0.848
62514,529274,NCJSJ,P,0.010173000000000015,0.929
62514,529274,NCCMN,P,0.009636000000000006,0.871
62514,529274,NCHFE,P,0.013164000000000009,0.899
62514,529274,NCJBM,P,0.009810000000000013,0.929
62514,529274,NCCCY,P,0.02723500000000001,0.904
62514,529274,NCJHP,P,0.012368000000000004,0.923
62514,529274,NCJPS,P,0.009516000000000024,0.716
62514,529274,NCHFP,P,0.015975000000000017,0.84
62514,529274,NCCMH,S,0.014093000000000008,0.88
62514,529274,NCCAO,S,0.006732000000000016,0.75
62514,529274,NCCADa,S,0.018990000000000007,0.78
62514,529274,NCJST,S,0.012613000000000013,0.93
62514,529274,NCCAL,S,0.018804000000000015,0.94
62514,529274,NCJAL,S,0.010798000000000016,0.94
62514,529274,NCHSP,S,0.009560000000000013,0.93
62514,529274,NCJHL,S,0.009291000000000021,0.84
62514,529274,NCJSS,S,0.01624500000000001,0.94
62514,529274,NCJLX,S,0.00980700000000001,0.94
62514,529274,NCCDV,S,0.005378000000000022,0.94
62514,529274,NCCMJ,S,0.018072000000000005,0.89
62514,529274,NCJBZ,S,0.011704000000000006,0.74
62514,529274,NCJBC,S,0.006670000000000009,0.88
62514,529274,NCCOS,S,0.008710000000000023,0.82
62514,529274,NCJPL,S,0.007334000000000007,0.87
62514,529274,NCHCR,S,0.008544000000000024,0.8
62514,529274,NCCMN,S,0.011911000000000005,0.9
62514,529274,NCHFE,S,0.010135000000000005,0.85
62514,529274,NCJBM,S,0.009276000000000006,0.83
62514,529274,NCCCY,S,0.02911000000000001,0.95
62514,529274,NCJBG,S,0.011078000000000005,0.77
62514,529274,NCJPS,S,0.00966800000000001,0.83
62514,62520,NCCSC,P,-0.0005740000000000051,0.938
62514,62520,NCCMH,P,-0.0005809999999999982,0.872
62514,62520,NCCADa,P,0.007644000000000005,0.762
62514,62520,NCJST,P,0.0021639999999999993,0.82
62514,62520,NCJCB,P,0.008826,0.754
62514,62520,NCCAL,P,0.0043240000000000015,0.814
62514,62520,NCHSP,P,0.008826,0.845
62514,62520,NCJHL,P,0.0022800000000000042,0.799
62514,62520,NCJRR,P,0.008279000000000002,0.707
62514,62520,NCHGW,P,0.008268999999999999,0.924
62514,62520,NCCDV,P,0.007546999999999998,0.944
62514,62520,NCCMJ,P,0.006790000000000004,0.774
62514,62520,NCCMP,P,0.010299000000000003,0.882
62514,62520,NCHCA,P,0.007889,0.904
62514,62520,NCJSG,P,0.006554999999999998,0.87
62514,62520,NCCMR,P,0.009403000000000002,0.967
62514,62520,NCJBC,P,0.006220000000000003,0.711
62514,62520,NCHPR,P,0.006268000000000003,0.804
62514,62520,NCCVA,P,0.0066840000000000024,0.834
62514,62520,NCJSJ,P,0.008050000000000002,0.72
62514,62520,NCCMN,P,0.010153000000000002,0.888
62514,62520,NCJSC,P,0.007665999999999999,0.815
62514,62520,NCHFE,P,0.0072540000000000035,0.724
62514,62520,NCHPL,P,0.011574000000000001,0.927
62514,62520,NCJBM,P,0.007089999999999999,0.799
62514,62520,NCHCP,P,0.011272999999999998,0.918
62514,62520,NCJSM,P,0.007904000000000001,0.729
62514,62520,NCCCY,P,0.008257,0.79
62514,62520,NCJLT,P,0.007496000000000003,0.798
62514,62520,NCHFH,P,0.009986000000000002,0.738
62514,62520,NCJPPa,P,0.008417000000000001,0.906
62514,62520,NCHJG,P,0.010300000000000004,0.706
62514,62520,NCJHP,P,0.008127000000000002,0.882
62514,62520,NCCMO,P,0.014505000000000004,0.742
62514,62520,NCCLC,P,0.009169000000000004,0.704
62514,62520,NCHFP,P,0.011532,0.813
62514,62520,NCBVY,P,0.010178,0.857
62514,62520,NCCSC,S,-0.003242999999999996,0.71
62514,62520,NCCMH,S,0.006607000000000002,0.74
62514,62520,NCCAO,S,0.009954999999999999,0.92
62514,62520,NCCADa,S,0.008404000000000002,0.78
62514,62520,NCJST,S,0.0011600000000000013,0.92
62514,62520,NCJCB,S,0.005755000000000003,0.83
62514,62520,NCCAL,S,0.003809,0.89
62514,62520,NCJAL,S,0.002162000000000004,0.78
62514,62520,NCHSP,S,0.010498,0.82
62514,62520,NCJHL,S,0.007420000000000003,0.72
62514,62520,NCJSS,S,0.007183000000000002,0.92
62514,62520,NCJLX,S,0.006593000000000002,0.71
62514,62520,NCCDV,S,0.009957,0.93
62514,62520,NCCMJ,S,0.009376000000000002,0.82
62514,62520,NCCMP,S,0.017531000000000005,0.95
62514,62520,NCHCA,S,0.012297000000000002,0.77
62514,62520,NCJSG,S,0.007884000000000002,0.74
62514,62520,NCCMR,S,0.01684,0.86
62514,62520,NCJBC,S,0.009659000000000001,0.88
62514,62520,NCHPR,S,0.013368999999999999,0.77
62514,62520,NCCMN,S,0.009356000000000003,0.87
62514,62520,NCJSC,S,0.013002,0.74
62514,62520,NCJBM,S,0.010528000000000003,0.76
62514,62520,NCJSM,S,0.009163999999999999,0.83
62514,62520,NCJUC,S,0.008757000000000001,0.74
62514,62520,NCCCY,S,0.009488000000000003,0.91
62514,62520,NCBVY,S,0.016620000000000003,0.75
62514,77218,NCCSC,P,0.007567000000000001,0.802
62514,77218,NCCADa,P,-0.017188000000000002,0.884
62514,77218,NCJCB,P,-0.012405000000000001,0.785
62514,77218,NCJRR,P,-0.012709,0.834
62514,77218,NCJEC,P,-0.011829000000000001,0.843
62514,77218,NCCDV,P,0.014778000000000001,0.925
62514,77218,NCCMJ,P,0.019091999999999998,0.83
62514,77218,NCJSG,P,0.011413,0.917
62514,77218,NCHPR,P,-0.010147999999999999,0.907
62514,77218,NCJSJ,P,0.011917,0.785
62514,77218,NCHCR,P,-0.019407,0.878
62514,77218,NCJSC,P,0.013087,0.8
62514,77218,NCHFE,P,-0.01736,0.78
62514,77218,NCHPL,P,-0.015454,0.888
62514,77218,NCCCY,P,0.019879,0.782
62514,77218,NCJBLb,P,0.010267,0.795
62514,77218,NCJLT,P,0.011568,0.8
62514,77218,NCHFH,P,-0.018547,0.725
62514,77218,NCHJG,P,-0.013553,0.713
62514,77218,NCJHP,P,0.016288999999999998,0.853
62514,77218,NCBVY,P,-0.013335000000000001,0.808
62514,77218,NCCADa,S,-0.035685,0.72
62514,77218,NCJST,S,-0.0012369999999999994,0.82
62514,77218,NCJCB,S,-0.024607999999999998,0.8
62514,77218,NCCAL,S,0.031685,0.72
62514,77218,NCJSS,S,0.0010880000000000004,0.95
62514,77218,NCJEC,S,-0.013799,0.84
62514,77218,NCJLX,S,0.008512,0.8
62514,77218,NCCDV,S,0.028034999999999997,0.9
62514,77218,NCCMP,S,-0.005282,0.93
62514,77218,NCJBC,S,0.0066240000000000005,0.87
62514,77218,NCCOS,S,0.015178,0.8
62514,77218,NCCCY,S,0.036828,0.85
62514,77218,NCJLT,S,0.012512,0.73
62514,77218,NCHFH,S,-0.02039,0.72
62520,101361,NCCSC,P,0.0008709999999999968,0.829
62520,101361,NCCADa,P,-0.030678000000000004,0.741
62520,101361,NCJCB,P,-0.027622,0.709
62520,101361,NCJRR,P,-0.02808,0.731
62520,101361,NCHGW,P,-0.035433000000000006,0.896
62520,101361,NCCDV,P,0.002132999999999996,0.948
62520,101361,NCCMJ,P,0.008979000000000001,0.845
62520,101361,NCJBZ,P,-0.021680000000000005,0.79
62520,101361,NCCMR,P,-0.0005610000000000059,0.917
62520,101361,NCHPR,P,-0.020157,0.847
62520,101361,NCCMN,P,0.004255999999999996,0.875
62520,101361,NCJRG,P,-0.017040000000000007,0.725
62520,101361,NCHCB,P,-0.028115,0.728
62520,101361,NCJSC,P,-1.0000000000010001e-05,0.853
62520,101361,NCHFE,P,-0.030888000000000006,0.829
62520,101361,NCHPL,P,-0.032435000000000005,0.887
62520,101361,NCJSM,P,-0.0024399999999999977,0.731
62520,101361,NCJLT,P,-6.50000000000095e-05,0.83
62520,101361,NCHFH,P,-0.03137500000000001,0.724
62520,101361,NCJPPa,P,-0.0031260000000000038,0.739
62520,101361,NCJBG,P,-0.0005220000000000086,0.8
62520,101361,NCCLC,P,-0.0010280000000000011,0.708
62520,101361,NCHFP,P,-0.029544,0.717
62520,101361,NCBVY,P,-0.029731000000000007,0.851
62520,101361,NCCAO,S,-0.018027,0.77
62520,101361,NCCADa,S,-0.046790000000000005,0.73
62520,101361,NCJST,S,-0.008359000000000005,0.74
62520,101361,NCJCB,S,-0.033719000000000006,0.74
62520,101361,NCCAL,S,0.02252499999999999,0.76
62520,101361,NCJAL,S,-0.026969000000000007,0.81
62520,101361,NCJSS,S,-0.010482000000000005,0.92
62520,101361,NCCDV,S,0.013302999999999995,0.89
62520,101361,NCCMP,S,-0.029839000000000004,0.96
62520,101361,NCCMR,S,0.008211999999999997,0.82
62520,101361,NCJBC,S,-0.015792000000000007,0.8
62520,101361,NCCMN,S,0.009687000000000001,0.86
62520,101361,NCHCB,S,-0.038000000000000006,0.75
62520,101361,NCJSM,S,-0.002572000000000005,0.72
62520,101361,NCCCY,S,0.021907999999999997,0.8
62520,101361,NCJLT,S,0.0022849999999999954,0.75
62520,101362,NCCSC,P,-0.017454000000000004,0.891
62520,101362,NCCMH,P,-0.016508000000000002,0.805
62520,101362,NCCADa,P,-0.026145,0.724
62520,101362,NCJST,P,-0.020257000000000004,0.824
62520,101362,NCJCB,P,-0.027646999999999998,0.737
62520,101362,NCCAL,P,-0.022618,0.845
62520,101362,NCHSP,P,-0.026902000000000002,0.741
62520,101362,NCHGW,P,-0.030213999999999998,0.937
62520,101362,NCCDV,P,-0.026916000000000002,0.933
62520,101362,NCCMJ,P,-0.023028,0.799
62520,101362,NCCMP,P,-0.027476,0.787
62520,101362,NCJBZ,P,-0.022269999999999998,0.731
62520,101362,NCCMR,P,-0.028849,0.96
62520,101362,NCJBC,P,-0.027187000000000003,0.704
62520,101362,NCHPR,P,-0.018119000000000003,0.731
62520,101362,NCCMN,P,-0.027283,0.85
62520,101362,NCJRG,P,-0.022567000000000004,0.717
62520,101362,NCHCB,P,-0.029975,0.706
62520,101362,NCCCY,P,-0.026059,0.701
62520,101362,NCJBLb,P,-0.020041000000000003,0.771
62520,101362,NCJPPa,P,-0.024364999999999998,0.743
62520,101362,NCJBG,P,-0.02359,0.778
62520,101362,NCCLC,P,-0.027479000000000003,0.73
62520,101362,NCHFP,P,-0.029013000000000004,0.815
62520,101362,NCBVY,P,-0.027782,0.83
62520,101362,NCCMH,S,-0.022411,0.75
62520,101362,NCCAO,S,-0.027427,0.83
62520,101362,NCCADa,S,-0.027463,0.78
62520,101362,NCJST,S,-0.019225,0.89
62520,101362,NCJCB,S,-0.023096,0.84
62520,101362,NCCAL,S,-0.021876,0.89
62520,101362,NCJAL,S,-0.033606000000000004,0.79
62520,101362,NCHSP,S,-0.02921,0.8
62520,101362,NCJSS,S,-0.022553999999999998,0.92
62520,101362,NCJLX,S,-0.027194000000000003,0.75
62520,101362,NCCDV,S,-0.028610999999999998,0.92
62520,101362,NCCMJ,S,-0.025488999999999998,0.8
62520,101362,NCCMP,S,-0.034688000000000004,0.93
62520,101362,NCCMR,S,-0.035276,0.85
62520,101362,NCJBC,S,-0.034209,0.81
62520,101362,NCHPR,S,-0.024355,0.75
62520,101362,NCCMN,S,-0.028959,0.87
62520,101362,NCJRG,S,-0.027467,0.75
62520,101362,NCHCB,S,-0.031748,0.75
62520,101362,NCCCY,S,-0.027134,0.85
62520,101362,NCBVY,S,-0.032623,0.72
62520,103138,NCCSC,P,0.002343000000000005,0.862
62520,103138,NCCMH,P,0.008955000000000005,0.788
62520,103138,NCJST,P,-0.007258999999999995,0.71
62520,103138,NCCAL,P,0.0003130000000000008,0.831
62520,103138,NCHSP,P,-0.019781999999999998,0.852
62520,103138,NCHGW,P,-0.019451999999999997,0.907
62520,103138,NCJBZ,P,-0.010741999999999995,0.701
62520,103138,NCJSC,P,-0.001353999999999994,0.804
62520,103138,NCHFE,P,-0.018625999999999997,0.718
62520,103138,NCHPL,P,-0.021515999999999997,0.88
62520,103138,NCJBLb,P,-0.000447999999999997,0.719
62520,103138,NCJLT,P,-0.0021889999999999965,0.748
62520,103138,NCJPPa,P,-0.004466999999999999,0.726
62520,103138,NCJHP,P,-0.0020529999999999993,0.875
62520,103138,NCHFP,P,-0.018702999999999997,0.758
62520,103138,NCBVY,P,-0.019157999999999998,0.8
62520,103138,NCCAO,S,-0.012424999999999999,0.86
62520,103138,NCCADa,S,-0.027128999999999997,0.73
62520,103138,NCJST,S,-0.0020969999999999947,0.83
62520,103138,NCJCB,S,-0.016378999999999998,0.79
62520,103138,NCCAL,S,0.008271,0.85
62520,103138,NCJAL,S,-0.018074999999999997,0.79
62520,103138,NCHSP,S,-0.029989,0.82
62520,103138,NCCDV,S,-0.0004919999999999994,0.91
62520,103138,NCCMP,S,-0.023461999999999997,0.93
62520,126189,NCCSC,P,-0.011324,0.803
62520,126189,NCJCB,P,-0.039252,0.708
62520,126189,NCHGW,P,-0.044606,0.899
62520,126189,NCCDV,P,-0.010259000000000004,0.959
62520,126189,NCCMJ,P,-0.0037960000000000077,0.78
62520,126189,NCJBZ,P,-0.041967000000000004,0.756
62520,126189,NCJSG,P,-0.013691999999999996,0.844
62520,126189,NCHCA,P,-0.044645000000000004,0.87
62520,126189,NCCMR,P,-0.029338000000000003,0.911
62520,126189,NCJBC,P,-0.019344,0.714
62520,126189,NCCMN,P,-0.010443000000000008,0.908
62520,126189,NCHCR,P,-0.039865000000000005,0.742
62520,126189,NCHCB,P,-0.040719,0.714
62520,126189,NCHFE,P,-0.041856000000000004,0.817
62520,126189,NCHPL,P,-0.044214,0.85
62520,126189,NCJHP,P,-0.011342000000000005,0.873
62520,126189,NCCLC,P,-0.012123999999999996,0.726
62520,126189,NCBVY,P,-0.039084,0.831
62520,126189,NCCAO,S,-0.031446,0.8
62520,126189,NCCADa,S,-0.057214,0.73
62520,126189,NCJST,S,-0.021365000000000002,0.78
62520,126189,NCJCB,S,-0.045126,0.75
62520,126189,NCCAL,S,0.009590000000000001,0.73
62520,126189,NCJSS,S,-0.021898,0.93
62520,126189,NCJLX,S,-0.010358000000000006,0.82
62520,126189,NCCDV,S,0.0005590000000000039,0.91
62520,126189,NCCMP,S,-0.042006,0.96
62520,126189,NCJBC,S,-0.018019,0.8
62520,126189,NCCMN,S,-0.003381999999999996,0.85
62520,126189,NCHCB,S,-0.04562,0.74
62520,126292,NCCSC,P,-0.009789999999999993,0.934
62520,126292,NCCMH,P,-0.009496000000000004,0.859
62520,126292,NCJST,P,-0.012463000000000002,0.804
62520,126292,NCJCB,P,-0.018873,0.755
62520,126292,NCCAL,P,-0.014581999999999998,0.809
62520,126292,NCHSP,P,-0.022014999999999993,0.822
62520,126292,NCHGW,P,-0.020111000000000004,0.931
62520,126292,NCCDV,P,-0.019892999999999994,0.953
62520,126292,NCCMJ,P,-0.016659999999999994,0.771
62520,126292,NCJBZ,P,-0.022139999999999993,0.721
62520,126292,NCHCA,P,-0.017946000000000004,0.87
62520,126292,NCJSG,P,-0.017393999999999993,0.89
62520,126292,NCHCR,P,-0.01679599999999999,0.721
62520,126292,NCHPL,P,-0.021470000000000003,0.9
62520,126292,NCHAZ,P,-0.019925,0.731
62520,126292,NCJHP,P,-0.017455,0.824
62520,126292,NCCLC,P,-0.018641999999999992,0.716
62520,126292,NCHFP,P,-0.019282999999999995,0.815
62520,126292,NCBVY,P,-0.016390000000000002,0.747
62520,126292,NCHQR,P,-0.020546999999999996,0.822
62520,126292,NCCMH,S,-0.016001,0.75
62520,126292,NCCAO,S,-0.020552,0.9
62520,126292,NCCADa,S,-0.017583,0.77
62520,126292,NCJST,S,-0.012128,0.89
62520,126292,NCJCB,S,-0.013935000000000003,0.84
62520,126292,NCCAL,S,-0.013486999999999999,0.87
62520,126292,NCJAL,S,-0.022773,0.78
62520,126292,NCHSP,S,-0.024322999999999997,0.75
62520,126292,NCJSS,S,-0.016225000000000003,0.87
62520,126292,NCCDV,S,-0.021625999999999992,0.92
62520,126292,NCCMJ,S,-0.018664,0.86
62520,126292,NCCMP,S,-0.027204999999999993,0.94
62520,126292,NCHCA,S,-0.019767999999999994,0.87
62520,126292,NCJSG,S,-0.018865999999999994,0.74
62520,126292,NCJBC,S,-0.017606999999999998,0.79
62520,126292,NCHPL,S,-0.021123000000000003,0.72
62520,126292,NCHFP,S,-0.020536,0.73
62520,126292,NCBVY,S,-0.020338999999999996,0.76
62520,126292,NCHQR,S,-0.022921999999999998,0.78
62520,126389,NCCCOa,P,-0.008857999999999991,0.91
62520,126389,NCCSC,P,-0.007935999999999999,0.918
62520,126389,NCCMH,P,-0.008151999999999993,0.944
62520,126389,NCCAO,P,-0.009078000000000003,0.891
62520,126389,NCCADa,P,-0.008418999999999996,0.931
62520,126389,NCJST,P,-0.009290999999999994,0.929
62520,126389,NCJCB,P,-0.009275999999999993,0.892
62520,126389,NCCAL,P,-0.008496000000000004,0.94
62520,126389,NCJAL,P,-0.021134999999999994,0.84
62520,126389,NCHSP,P,-0.013633999999999993,0.826
62520,126389,NCJHL,P,-0.012776999999999997,0.874
62520,126389,NCJRR,P,-0.007765999999999995,0.852
62520,126389,NCJSS,P,-0.007821999999999996,0.761
62520,126389,NCJLX,P,-0.008139999999999994,0.879
62520,126389,NCHGW,P,-0.010331999999999994,0.975
62520,126389,NCCDV,P,-0.009900999999999993,0.995
62520,126389,NCCMJ,P,-0.008084999999999995,0.934
62520,126389,NCCMP,P,-0.007821999999999996,0.857
62520,126389,NCHCA,P,-0.009608999999999993,0.972
62520,126389,NCJSG,P,-0.00909299999999999,0.96
62520,126389,NCJBC,P,-0.007707999999999993,0.878
62520,126389,NCJSJ,P,-0.008587999999999998,0.918
62520,126389,NCHCR,P,-0.009596999999999994,0.944
62520,126389,NCCMN,P,-0.009940999999999992,0.929
62520,126389,NCHFE,P,-0.009256,0.934
62520,126389,NCHPL,P,-0.009175000000000003,0.929
62520,126389,NCJBM,P,-0.00834,0.925
62520,126389,NCHOR,P,-0.007819999999999994,0.702
62520,126389,NCJSM,P,-0.009086999999999998,0.853
62520,126389,NCHAZ,P,-0.009993000000000002,0.835
62520,126389,NCCPL,P,-0.007951,0.748
62520,126389,NCJPPa,P,-0.007655999999999996,0.737
62520,126389,NCJHP,P,-0.007838999999999999,0.908
62520,126389,NCJBG,P,-0.010738999999999999,0.898
62520,126389,NCHFP,P,-0.007162000000000002,0.818
62520,126389,NCBVY,P,-0.0044420000000000015,0.825
62520,126389,NCHQR,P,-0.010762999999999995,0.84
62520,126389,NCCCOa,S,-0.008924000000000001,0.92
62520,126389,NCCSC,S,-0.008383000000000002,0.94
62520,126389,NCCMH,S,-0.008027999999999993,0.97
62520,126389,NCCAO,S,-0.009488999999999997,0.92
62520,126389,NCCADa,S,-0.009137999999999993,0.97
62520,126389,NCJST,S,-0.008571999999999996,0.92
62520,126389,NCJCB,S,-0.008899999999999991,0.96
62520,126389,NCCAL,S,-0.008323999999999998,0.9
62520,126389,NCJAL,S,-0.019270999999999996,0.96
62520,126389,NCHSP,S,-0.014359999999999998,0.89
62520,126389,NCJHL,S,-0.011188000000000003,0.84
62520,126389,NCJRR,S,-0.007790999999999992,0.83
62520,126389,NCJSS,S,-0.007782999999999998,0.97
62520,126389,NCJLX,S,-0.008228,0.85
62520,126389,NCHGW,S,-0.010014999999999996,0.97
62520,126389,NCCDV,S,-0.009631,0.99
62520,126389,NCCMJ,S,-0.0072590000000000016,0.95
62520,126389,NCCMP,S,-0.008044999999999997,0.97
62520,126389,NCHCA,S,-0.008965,0.96
62520,126389,NCJSG,S,-0.008844999999999992,0.96
62520,126389,NCJBC,S,-0.00640099999999999,0.91
62520,126389,NCHCR,S,-0.009051000000000003,0.93
62520,126389,NCCMN,S,-0.008148000000000002,0.97
62520,126389,NCHCB,S,-0.0036660000000000026,0.79
62520,126389,NCHPL,S,-9.699999999999986e-05,0.76
62520,126389,NCHOR,S,0.002248,0.87
62520,126389,NCJSM,S,0.0015270000000000006,0.89
62520,126389,NCJUC,S,0.007463999999999998,0.71
62520,126389,NCCPL,S,0.0027550000000000074,0.83
62520,126389,NCHFH,S,0.0026410000000000045,0.91
62520,126389,NCJHP,S,0.0023190000000000016,0.71
62520,126389,NCCLC,S,0.0019930000000000087,0.83
62520,126389,NCHFP,S,0.003356999999999999,0.89
62520,126389,NCBVY,S,0.005547999999999997,0.75
62520,126389,NCHQR,S,0.001369000000000009,0.93
62520,148939,NCCSC,P,0.026141,0.826
62520,148939,NCCMH,P,0.024327000000000005,0.769
62520,148939,NCCADa,P,0.030216000000000003,0.712
62520,148939,NCJST,P,0.020094000000000004,0.845
62520,148939,NCCAL,P,0.021070000000000002,0.871
62520,148939,NCJHL,P,0.017156,0.745
62520,148939,NCJRR,P,0.010870000000000001,0.738
62520,148939,NCHGW,P,0.028758000000000002,0.928
62520,148939,NCCDV,P,0.019375,0.966
62520,148939,NCCMJ,P,0.020819,0.799
62520,148939,NCCMP,P,0.017836,0.8
62520,148939,NCHCA,P,0.013813000000000002,0.841
62520,148939,NCJSG,P,0.029683000000000005,0.933
62520,148939,NCCMR,P,0.009331000000000002,0.961
62520,148939,NCCVA,P,0.020581,0.876
62520,148939,NCCMN,P,0.011540000000000002,0.905
62520,148939,NCJSC,P,0.030397000000000004,0.801
62520,148939,NCHFE,P,0.021224000000000003,0.741
62520,148939,NCJBM,P,0.013471,0.791
62520,148939,NCJSM,P,0.013165,0.713
62520,148939,NCCCY,P,0.031332,0.799
62520,148939,NCJPPa,P,0.010442,0.846
62520,148939,NCJBG,P,0.0125,0.726
62520,148939,NCHFP,P,0.018952,0.773
62520,148939,NCHQR,P,0.027810000000000005,0.733
62520,148939,NCCMH,S,0.020241,0.75
62520,148939,NCCAO,S,0.010137,0.83
62520,148939,NCCADa,S,0.028039000000000005,0.77
62520,148939,NCJST,S,0.024721000000000003,0.86
62520,148939,NCJCB,S,0.009906000000000002,0.81
62520,148939,NCCAL,S,0.024504,0.86
62520,148939,NCHSP,S,0.020523000000000003,0.72
62520,148939,NCJSS,S,0.013908,0.88
62520,148939,NCJLX,S,0.010740000000000003,0.85
62520,148939,NCCDV,S,0.018987,0.92
62520,148939,NCCMJ,S,0.020275000000000005,0.82
62520,148939,NCCMP,S,0.009260000000000001,0.96
62520,148939,NCHCA,S,0.009940000000000001,0.82
62520,148939,NCJSG,S,0.028116,0.76
62520,148939,NCCMR,S,0.005346,0.89
62520,148939,NCCVA,S,0.01946,0.96
62520,148939,NCCMN,S,0.013098000000000002,0.88
62520,148939,NCJBM,S,0.009330000000000001,0.75
62520,148939,NCJSM,S,0.009517000000000001,0.75
62520,148939,NCCCY,S,0.031627,0.85
62520,160503,NCJHL,P,-0.012895999999999998,0.729
62520,160503,NCHGW,P,-0.004497000000000001,0.887
62520,160503,NCCDV,P,0.016397999999999996,0.863
62520,160503,NCCMJ,P,0.019001000000000004,0.701
62520,160503,NCCMP,P,-0.006614000000000002,0.721
62520,160503,NCHCA,P,-0.022677,0.9
62520,160503,NCJSG,P,0.019506999999999997,0.712
62520,160503,NCHPR,P,-0.010298000000000002,0.834
62520,160503,NCHCR,P,-0.019468,0.785
62520,160503,NCJSC,P,0.019532999999999995,0.79
62520,160503,NCHFE,P,-0.013934000000000002,0.707
62520,160503,NCBVY,P,-0.0011759999999999965,0.857
62520,160503,NCHQR,P,0.0030690000000000023,0.728
62520,160503,NCCADa,S,-0.020966,0.8
62520,160503,NCJST,S,0.0009170000000000011,0.81
62520,160503,NCJCB,S,-0.031427,0.77
62520,160503,NCJAL,S,-0.002350999999999999,0.82
62520,160503,NCHSP,S,-0.029051,0.81
62520,160503,NCJSS,S,-0.002586999999999999,0.87
62520,160503,NCCDV,S,0.024059999999999998,0.82
62520,160503,NCCMP,S,-0.014615999999999997,0.94
62520,160503,NCJBC,S,-0.0015859999999999971,0.76
62520,160503,NCCVA,S,0.035292000000000004,0.83
62520,160503,NCHPR,S,-0.018511,0.74
62520,160503,NCHFH,S,-0.009798000000000001,0.73
62520,215747,NCCSC,P,0.010137,0.835
62520,215747,NCCMH,P,0.010164,0.86
62520,215747,NCCADa,P,0.011671000000000008,0.752
62520,215747,NCJST,P,0.0037780000000000036,0.746
62520,215747,NCCAL,P,0.0059039999999999995,0.801
62520,215747,NCHSP,P,0.007407000000000004,0.78
62520,215747,NCJHL,P,0.0014820000000000041,0.772
62520,215747,NCJLX,P,-0.0010550000000000004,0.706
62520,215747,NCHGW,P,0.013038000000000001,0.902
62520,215747,NCCDV,P,-0.009243999999999995,0.961
62520,215747,NCCMJ,P,0.006933000000000002,0.744
62520,215747,NCCMP,P,0.0018449999999999994,0.797
62520,215747,NCJBZ,P,-0.0017770000000000008,0.749
62520,215747,NCHCA,P,-0.0013680000000000012,0.935
62520,215747,NCCMR,P,0.0007450000000000026,0.946
62520,215747,NCCVA,P,0.001231000000000003,0.831
62520,215747,NCHCR,P,-0.0014380000000000018,0.723
62520,215747,NCCMN,P,-0.004805999999999998,0.848
62520,215747,NCJRG,P,0.0015510000000000038,0.789
62520,215747,NCJBM,P,-0.0022059999999999996,0.768
62520,215747,NCCCY,P,0.016848999999999996,0.776
62520,215747,NCJBLb,P,-0.0005889999999999992,0.76
62520,215747,NCJPPa,P,-0.0040969999999999965,0.771
62520,215747,NCHBT,P,-0.0014049999999999965,0.702
62520,215747,NCHJG,P,-0.007179999999999999,0.729
62520,215747,NCCMO,P,-0.0074699999999999975,0.801
62520,215747,NCHFP,P,0.002466000000000003,0.752
62520,215747,NCBVY,P,0.004126999999999999,0.745
62520,215747,NCHQR,P,0.011623000000000001,0.735
62520,215747,NCCADa,S,0.009041,0.82
62520,215747,NCJST,S,0.008083,0.84
62520,215747,NCJCB,S,-0.005101000000000001,0.78
62520,215747,NCCAL,S,0.008875000000000001,0.87
62520,215747,NCJAL,S,0.0032160000000000036,0.77
62520,215747,NCHSP,S,0.002685,0.74
62520,215747,NCJLX,S,-0.0022869999999999974,0.8
62520,215747,NCCDV,S,-0.009266999999999997,0.91
62520,215747,NCCMJ,S,0.0057880000000000015,0.71
62520,215747,NCCMP,S,-0.006101999999999996,0.93
62520,215747,NCHCA,S,-0.006225999999999995,0.78
62520,215747,NCJBC,S,-0.017839,0.77
62520,215747,NCCVA,S,0.0012619999999999992,0.93
62520,215747,NCCMN,S,-0.0035400000000000015,0.84
62520,215747,NCCCY,S,0.015584999999999995,0.84
62520,238704,NCCSC,P,-0.0007339999999999985,0.781
62520,238704,NCCAL,P,0.003737000000000004,0.702
62520,238704,NCHGW,P,-0.021526000000000003,0.913
62520,238704,NCCDV,P,-0.011633999999999992,0.928
62520,238704,NCCMJ,P,0.0066940000000000055,0.761
62520,238704,NCJBZ,P,-0.027988,0.792
62520,238704,NCJSG,P,0.008518999999999999,0.87
62520,238704,NCHCA,P,-0.038777,0.856
62520,238704,NCCMR,P,-0.002794999999999992,0.875
62520,238704,NCCVA,P,0.0013719999999999982,0.791
62520,238704,NCCMN,P,-0.006536,0.828
62520,238704,NCHPL,P,-0.036046999999999996,0.828
62520,238704,NCJBM,P,-0.008640999999999996,0.845
62520,238704,NCJSM,P,-0.010273999999999991,0.746
62520,238704,NCJBLb,P,-0.009517999999999999,0.758
62520,238704,NCJPPa,P,-0.012026999999999996,0.79
62520,238704,NCHJG,P,-0.039555999999999994,0.757
62520,238704,NCJHP,P,-0.0027480000000000004,0.82
62520,238704,NCCMO,P,-0.005761000000000002,0.801
62520,238704,NCCLC,P,-0.008237999999999995,0.756
62520,238704,NCBVY,P,-0.028816999999999995,0.769
62520,238704,NCJST,S,-0.012581999999999996,0.73
62520,238704,NCJCB,S,-0.046138,0.71
62520,238704,NCCAL,S,0.02049100000000001,0.83
62520,238704,NCJAL,S,-0.017112000000000002,0.79
62520,238704,NCJSS,S,-0.013696,0.83
62520,238704,NCJLX,S,-0.005503999999999995,0.78
62520,238704,NCCDV,S,0.0005929999999999963,0.91
62520,238704,NCCMP,S,-0.032076999999999994,0.94
62520,238704,NCCMR,S,0.009392999999999999,0.82
62520,238704,NCJBC,S,-0.020636,0.77
62520,238704,NCCVA,S,0.013854000000000005,0.93
62520,238704,NCCMN,S,0.002694000000000002,0.84
62520,238704,NCJSM,S,-0.009749999999999995,0.71
62520,238704,NCCCY,S,0.031172000000000005,0.83
62520,238790,NCCSC,P,0.004627000000000006,0.747
62520,238790,NCCMH,P,0.008057000000000009,0.771
62520,238790,NCCAL,P,0.002132999999999996,0.827
62520,238790,NCHSP,P,-0.009244000000000002,0.844
62520,238790,NCJHL,P,-0.009515999999999997,0.768
62520,238790,NCJRR,P,-0.01829399999999999,0.767
62520,238790,NCHGW,P,-0.0017249999999999904,0.895
62520,238790,NCCDV,P,-0.011734999999999995,0.941
62520,238790,NCCMJ,P,0.003386,0.765
62520,238790,NCCMP,P,-0.008392999999999998,0.784
62520,238790,NCJBZ,P,-0.010365,0.742
62520,238790,NCHCA,P,-0.01773899999999999,0.916
62520,238790,NCJSG,P,0.011324,0.911
62520,238790,NCCMR,P,-0.0032819999999999933,0.887
62520,238790,NCCVA,P,-0.0004529999999999951,0.815
62520,238790,NCHCR,P,-0.01712799999999999,0.739
62520,238790,NCHPL,P,-0.018432000000000004,0.904
62520,238790,NCJBM,P,-0.006037000000000001,0.766
62520,238790,NCJSM,P,-0.007763999999999993,0.762
62520,238790,NCCCY,P,0.012129000000000001,0.784
62520,238790,NCJPPa,P,-0.008807999999999996,0.839
62520,238790,NCHJG,P,-0.020776000000000003,0.738
62520,238790,NCJHP,P,-0.001807000000000003,0.886
62520,238790,NCCMO,P,-0.008818999999999994,0.857
62520,238790,NCHFP,P,-0.011111999999999997,0.794
62520,238790,NCBVY,P,-0.009160000000000001,0.823
62520,238790,NCHQR,P,-0.003353999999999996,0.714
62520,238790,NCCADa,S,-0.011278999999999997,0.77
62520,238790,NCJST,S,-0.0013019999999999976,0.76
62520,238790,NCJCB,S,-0.020199999999999996,0.79
62520,238790,NCCAL,S,0.010555000000000009,0.83
62520,238790,NCJAL,S,-0.002463999999999994,0.74
62520,238790,NCHSP,S,-0.019751999999999992,0.79
62520,238790,NCJSS,S,-0.0018470000000000014,0.9
62520,238790,NCJLX,S,-0.004430000000000003,0.78
62520,238790,NCHGW,S,-0.008834999999999996,0.72
62520,238790,NCCDV,S,-0.008855000000000002,0.9
62520,238790,NCCMP,S,-0.018985000000000002,0.96
62520,238790,NCHCA,S,-0.025286000000000003,0.75
62520,238790,NCJSG,S,0.010895000000000002,0.75
62520,238790,NCCMR,S,-0.0026540000000000036,0.86
62520,238790,NCJBC,S,-0.016574999999999993,0.77
62520,238790,NCCVA,S,0.003959000000000004,0.94
62520,238790,NCHPL,S,-0.023114999999999997,0.75
62520,238790,NCJBM,S,-0.010143,0.71
62520,238790,NCCCY,S,0.017763,0.84
62520,30062741,NCJCB,P,-0.037731,0.712
62520,30062741,NCHSP,P,-0.030062000000000005,0.751
62520,30062741,NCJHL,P,-0.026011000000000006,0.714
62520,30062741,NCJRR,P,-0.033192,0.726
62520,30062741,NCCDV,P,-0.009857000000000005,0.894
62520,30062741,NCCMJ,P,0.006183999999999995,0.726
62520,30062741,NCCMP,P,-0.020712000000000008,0.762
62520,30062741,NCJBZ,P,-0.02940000000000001,0.753
62520,30062741,NCHCA,P,-0.029466000000000006,0.876
62520,30062741,NCHCR,P,-0.032321,0.752
62520,30062741,NCJSC,P,0.009579999999999991,0.87
62520,30062741,NCHFE,P,-0.030795000000000003,0.82
62520,30062741,NCHBT,P,-0.029565000000000008,0.719
62520,30062741,NCBVY,P,-0.027405,0.783
62520,30062741,NCCADa,S,-0.03057900000000001,0.73
62520,30062741,NCJST,S,-0.018406000000000006,0.74
62520,30062741,NCJCB,S,-0.038992,0.71
62520,30062741,NCCAL,S,0.018314999999999998,0.74
62520,30062741,NCJAL,S,-0.015959,0.79
62520,30062741,NCHSP,S,-0.04396,0.74
62520,30062741,NCJSS,S,-0.014587000000000003,0.86
62520,30062741,NCCDV,S,-0.0010669999999999985,0.87
62520,30062741,NCCMP,S,-0.027181999999999998,0.94
62520,30062741,NCHCB,S,-0.041094000000000006,0.75
62520,30062741,NCCCY,S,0.028765999999999993,0.72
62520,30069222,NCCCOa,P,-0.008195999999999995,0.842
62520,30069222,NCCMH,P,-0.002673999999999996,0.955
62520,30069222,NCCAO,P,-0.003037999999999999,0.808
62520,30069222,NCCADa,P,0.017512999999999987,0.719
62520,30069222,NCJST,P,-0.010492000000000001,0.963
62520,30069222,NCJCB,P,-0.010013000000000008,0.908
62520,30069222,NCCAL,P,-0.0036349999999999993,0.907
62520,30069222,NCJAL,P,-0.009892999999999999,0.76
62520,30069222,NCHSP,P,0.007082999999999992,0.882
62520,30069222,NCJHL,P,-0.004087000000000007,0.857
62520,30069222,NCJRR,P,-0.007446000000000008,0.86
62520,30069222,NCJSS,P,-9.399999999999686e-05,0.721
62520,30069222,NCHGW,P,0.012845999999999996,0.939
62520,30069222,NCCDV,P,-0.01532,0.939
62520,30069222,NCCMJ,P,-0.0007240000000000024,0.883
62520,30069222,NCJBZ,P,-0.0066930000000000045,0.813
62520,30069222,NCJSG,P,0.008073999999999998,0.926
62520,30069222,NCCMR,P,-0.0018520000000000064,0.929
62520,30069222,NCCVA,P,-0.007333000000000006,0.877
62520,30069222,NCJSJ,P,-0.006962999999999997,0.777
62520,30069222,NCHCR,P,-0.0033050000000000024,0.821
62520,30069222,NCCMN,P,-0.009745000000000004,0.748
62520,30069222,NCJSC,P,0.010818999999999995,0.899
62520,30069222,NCHFE,P,0.003131999999999996,0.855
62520,30069222,NCJBM,P,-0.0065850000000000075,0.835
62520,30069222,NCHOR,P,-0.0013719999999999982,0.732
62520,30069222,NCCCY,P,0.009878999999999999,0.939
62520,30069222,NCJPPa,P,0.0006229999999999986,0.721
62520,30069222,NCHBT,P,-0.00014700000000000824,0.799
62520,30069222,NCHJG,P,-0.004507999999999998,0.769
62520,30069222,NCCLC,P,-0.009461999999999998,0.828
62520,30069222,NCHFP,P,0.006721999999999992,0.814
62520,30069222,NCBVY,P,0.004427,0.735
62520,30069222,NCCCOa,S,-0.008744000000000002,0.9
62520,30069222,NCCMH,S,-0.0019580000000000014,0.97
62520,30069222,NCCAO,S,-0.003050999999999998,0.88
62520,30069222,NCCADa,S,0.01786800000000001,0.85
62520,30069222,NCJST,S,-0.008405999999999997,0.94
62520,30069222,NCJCB,S,-0.008418999999999996,0.95
62520,30069222,NCCAL,S,-0.005171999999999996,0.92
62520,30069222,NCJAL,S,-0.005623000000000003,0.86
62520,30069222,NCHSP,S,0.006788000000000002,0.94
62520,30069222,NCJHL,S,-0.005721000000000004,0.75
62520,30069222,NCJRR,S,-0.007646,0.83
62520,30069222,NCJSS,S,-0.001131000000000007,0.95
62520,30069222,NCJLX,S,-0.006707000000000005,0.76
62520,30069222,NCHGW,S,0.012512999999999996,0.89
62520,30069222,NCCDV,S,-0.013576000000000005,0.96
62520,30069222,NCCMJ,S,-0.002237000000000003,0.93
62520,30069222,NCJBZ,S,-0.0029880000000000045,0.82
62520,30069222,NCJSG,S,0.008864999999999998,0.86
62520,30069222,NCCVA,S,-0.0057940000000000075,0.95
62520,30069222,NCJSJ,S,-0.004258999999999999,0.76
62520,30069222,NCHCR,S,-0.004544000000000006,0.81
62520,30069222,NCCMN,S,-0.006637000000000004,0.95
62520,30069222,NCJRG,S,-0.0032960000000000073,0.72
62520,30069222,NCHCB,S,-0.007092000000000001,0.78
62520,30069222,NCJSC,S,0.008037000000000002,0.88
62520,30069222,NCHFE,S,0.0034369999999999956,0.78
62520,30069222,NCJBM,S,-0.007079000000000002,0.73
62520,30069222,NCHOR,S,-0.0007599999999999968,0.85
62520,30069222,NCCCY,S,0.008551000000000003,0.97
62520,30069222,NCHFP,S,0.005636000000000002,0.84
62520,30069222,NCBVY,S,0.004750000000000004,0.77
62520,30092060,NCCMH,P,0.002022000000000003,0.842
62520,30092060,NCJST,P,-0.009334999999999996,0.767
62520,30092060,NCJCB,P,-0.021262000000000003,0.713
62520,30092060,NCCAL,P,-0.0066829999999999945,0.805
62520,30092060,NCJHL,P,-0.010321999999999998,0.794
62520,30092060,NCJRR,P,-0.017473000000000002,0.713
62520,30092060,NCJLX,P,-0.010222999999999996,0.705
62520,30092060,NCHGW,P,-0.00032100000000000184,0.904
62520,30092060,NCCDV,P,-0.019195000000000004,0.963
62520,30092060,NCHCA,P,-0.015578999999999996,0.86
62520,30092060,NCJSG,P,0.0023080000000000045,0.859
62520,30092060,NCCVA,P,-0.008439000000000002,0.854
62520,30092060,NCJBM,P,-0.010776999999999995,0.795
62520,30092060,NCCCY,P,0.0057929999999999995,0.745
62520,30092060,NCHJG,P,-0.02056999999999999,0.712
62520,30092060,NCCMO,P,-0.014576999999999993,0.833
62520,30092060,NCHFP,P,-0.010106999999999991,0.786
62520,30092060,NCBVY,P,-0.008640999999999996,0.777
62520,30092060,NCCAO,S,-0.016185999999999992,0.77
62520,30092060,NCCADa,S,0.0010819999999999996,0.77
62520,30092060,NCJST,S,-0.005434999999999995,0.81
62520,30092060,NCJCB,S,-0.015137999999999999,0.82
62520,30092060,NCCAL,S,-0.0023969999999999964,0.83
62520,30092060,NCJAL,S,-0.006603999999999999,0.75
62520,30092060,NCHSP,S,-0.01174,0.79
62520,30092060,NCJSS,S,-0.006280999999999995,0.88
62520,30092060,NCJLX,S,-0.009107000000000004,0.85
62520,30092060,NCCDV,S,-0.018234,0.91
62520,30092060,NCCMJ,S,-0.004485000000000003,0.75
62520,30092060,NCHCA,S,-0.019683999999999993,0.72
62520,30092060,NCJSG,S,0.0025529999999999997,0.71
62520,30092060,NCJBC,S,-0.022313,0.74
62520,30092060,NCCVA,S,-0.007837999999999998,0.95
62520,30092060,NCCCY,S,0.006631999999999999,0.82
62520,389286,NCCMH,P,-0.007345999999999998,0.833
62520,389286,NCJST,P,-0.008472,0.817
62520,389286,NCJHL,P,-0.010379,0.816
62520,389286,NCJRR,P,-0.016399000000000004,0.702
62520,389286,NCJSS,P,-0.009364999999999998,0.705
62520,389286,NCHGW,P,0.0017210000000000003,0.909
62520,389286,NCCDV,P,-0.02543,0.929
62520,389286,NCCMJ,P,-0.011236000000000003,0.771
62520,389286,NCHCA,P,-0.006036,0.751
62520,389286,NCJSG,P,-0.0015570000000000028,0.901
62520,389286,NCCMR,P,-0.01491,0.882
62520,389286,NCCVA,P,-0.013933000000000001,0.778
62520,389286,NCHPL,P,-0.016149000000000004,0.882
62520,389286,NCJBM,P,-0.016011000000000004,0.739
62520,389286,NCCCY,P,-0.001239000000000004,0.835
62520,389286,NCJHP,P,-0.012646999999999999,0.863
62520,389286,NCHFP,P,-0.009757000000000002,0.802
62520,389286,NCCMH,S,-0.012382000000000004,0.76
62520,389286,NCCAO,S,-0.018053,0.82
62520,389286,NCJST,S,-0.005464000000000004,0.84
62520,389286,NCJCB,S,-0.017541,0.79
62520,389286,NCJAL,S,-0.008016000000000002,0.78
62520,389286,NCHSP,S,-0.008556000000000001,0.8
62520,389286,NCJSS,S,-0.008550000000000002,0.84
62520,389286,NCJLX,S,-0.014503000000000002,0.8
62520,389286,NCCDV,S,-0.027032,0.91
62520,389286,NCCMJ,S,-0.012739,0.84
62520,389286,NCJSG,S,-0.0014790000000000011,0.73
62520,389286,NCCVA,S,-0.012132999999999998,0.89
62520,389286,NCJBM,S,-0.020057000000000002,0.74
62520,389286,NCCCY,S,-0.003696999999999999,0.88
62520,478138,NCCDV,P,0.011423000000000003,0.932
62520,478138,NCCMJ,P,0.029357,0.789
62520,478138,NCHCA,P,-0.010012999999999994,0.889
62520,478138,NCCMR,P,0.012375000000000011,0.889
62520,478138,NCCVA,P,0.025621000000000005,0.767
62520,478138,NCHCR,P,-0.006619,0.707
62520,478138,NCHCB,P,-0.00966199999999999,0.725
62520,478138,NCJSC,P,0.03619700000000001,0.809
62520,478138,NCHFE,P,-0.0019819999999999977,0.835
62520,478138,NCJBM,P,0.017608,0.807
62520,478138,NCCCY,P,0.039127,0.792
62520,478138,NCJPPa,P,0.01904800000000001,0.726
62520,478138,NCCAO,S,-0.0009989999999999999,0.72
62520,478138,NCJST,S,0.013031000000000001,0.73
62520,478138,NCCAL,S,0.040035,0.78
62520,478138,NCJAL,S,0.007970000000000005,0.83
62520,478138,NCJLX,S,0.016587000000000005,0.85
62520,478138,NCCDV,S,0.023836000000000003,0.89
62520,478138,NCCMR,S,0.01981100000000001,0.83
62520,478138,NCCVA,S,0.036345,0.95
62520,478138,NCHCB,S,-0.022361999999999993,0.72
62520,478138,NCJSM,S,0.018613000000000005,0.75
62520,478138,NCCCY,S,0.054485000000000006,0.76
62520,529274,NCCMH,P,0.014194999999999992,0.755
62520,529274,NCJST,P,0.005768999999999996,0.755
62520,529274,NCCAL,P,0.009179999999999994,0.842
62520,529274,NCCDV,P,-0.006040000000000004,0.94
62520,529274,NCCMJ,P,0.008937,0.783
62520,529274,NCHCA,P,-0.0006160000000000054,0.845
62520,529274,NCCVA,P,0.006470999999999991,0.767
62520,529274,NCJSJ,P,0.0020569999999999894,0.705
62520,529274,NCHCR,P,-0.00015099999999999836,0.725
62520,529274,NCCMN,P,5.3999999999998494e-05,0.884
62520,529274,NCHFE,P,0.0072529999999999956,0.729
62520,529274,NCJBM,P,0.002605999999999997,0.781
62520,529274,NCCCY,P,0.019096999999999996,0.842
62520,529274,NCJHP,P,0.004157999999999995,0.807
62520,529274,NCCAO,S,-0.003359000000000001,0.73
62520,529274,NCCADa,S,0.009972999999999996,0.79
62520,529274,NCJST,S,0.012139999999999998,0.89
62520,529274,NCCAL,S,0.014583999999999993,0.84
62520,529274,NCJAL,S,0.009347999999999995,0.78
62520,529274,NCHSP,S,-0.0010280000000000011,0.78
62520,529274,NCJSS,S,0.00988,0.91
62520,529274,NCCDV,S,-0.0039959999999999996,0.89
62520,529274,NCCMJ,S,0.010128999999999999,0.76
62520,529274,NCHCA,S,-0.004365000000000008,0.74
62520,529274,NCCVA,S,0.005853999999999998,0.92
62520,529274,NCCMN,S,0.004068999999999989,0.86
62520,529274,NCCCY,S,0.020466999999999992,0.81
62520,77218,NCCSC,P,0.008247000000000004,0.785
62520,77218,NCJCB,P,-0.020881999999999998,0.716
62520,77218,NCJHL,P,-0.018323,0.707
62520,77218,NCJRR,P,-0.021072,0.733
62520,77218,NCCDV,P,0.008308999999999997,0.95
62520,77218,NCCMJ,P,0.013168,0.804
62520,77218,NCJSG,P,0.006159999999999999,0.804
62520,77218,NCHPR,P,-0.016423999999999994,0.847
62520,77218,NCJSC,P,0.007890000000000008,0.849
62520,77218,NCHFE,P,-0.025442,0.744
62520,77218,NCHPL,P,-0.027230999999999998,0.866
62520,77218,NCCCY,P,0.011556999999999998,0.784
62520,77218,NCJLT,P,0.005479999999999999,0.743
62520,77218,NCJHP,P,0.008261000000000004,0.866
62520,77218,NCBVY,P,-0.023594999999999998,0.781
62520,77218,NCCAO,S,-0.011618999999999997,0.73
62520,77218,NCJST,S,-0.0008729999999999988,0.76
62520,77218,NCCADa,S,-0.040348999999999996,0.74
62520,77218,NCJCB,S,-0.028513999999999998,0.73
62520,77218,NCCAL,S,0.027936000000000002,0.72
62520,77218,NCCDV,S,0.01886700000000001,0.9
62520,77218,NCCMP,S,-0.022404999999999994,0.94
62520,77218,NCCCY,S,0.028630000000000003,0.8
62520,77218,NCJLT,S,0.007524000000000003,0.72
77218,101361,NCCCOa,P,-0.007470999999999999,0.872
77218,101361,NCCSC,P,-0.007350999999999999,0.925
77218,101361,NCCMH,P,-0.005627999999999999,0.86
77218,101361,NCCAO,P,-0.007038999999999999,0.808
77218,101361,NCCADa,P,-0.006832999999999999,0.948
77218,101361,NCJST,P,-0.007415,0.907
77218,101361,NCJCB,P,-0.006562999999999999,0.901
77218,101361,NCCML,P,-0.004220999999999999,0.943
77218,101361,NCCAL,P,-0.006225,0.92
77218,101361,NCHSP,P,-0.006709,0.893
77218,101361,NCJRR,P,-0.006757999999999999,0.949
77218,101361,NCJSS,P,-0.007571999999999999,0.932
77218,101361,NCJEC,P,-0.0072429999999999994,0.968
77218,101361,NCJLX,P,-0.006770999999999999,0.854
77218,101361,NCCDV,P,-0.006143999999999999,0.963
77218,101361,NCCMJ,P,-0.004259999999999999,0.891
77218,101361,NCJBZ,P,-0.009212999999999999,0.833
77218,101361,NCCMR,P,-0.007812999999999999,0.966
77218,101361,NCJTG,P,-0.00682,0.891
77218,101361,NCJBC,P,-0.008579999999999999,0.952
77218,101361,NCHPR,P,-0.003789999999999999,0.882
77218,101361,NCJSC,P,-0.007788999999999999,0.924
77218,101361,NCHFE,P,-0.006414999999999999,0.917
77218,101361,NCCST,P,-0.006371,0.925
77218,101361,NCHOR,P,-0.005847999999999999,0.824
77218,101361,NCHAZ,P,-0.006971999999999999,0.839
77218,101361,NCJSFa,P,-0.006423999999999999,0.782
77218,101361,NCCPL,P,-0.006372999999999999,0.855
77218,101361,NCCCY,P,-0.007382,0.928
77218,101361,NCJLT,P,-0.004118999999999999,0.848
77218,101361,NCHFH,P,-0.0065829999999999994,0.864
77218,101361,NCHSFb,P,-0.006234999999999999,0.96
77218,101361,NCHLT,P,0.006477,0.723
77218,101361,NCCMO,P,-0.008709,0.887
77218,101361,NCCLC,P,-0.006593,0.874
77218,101361,NCBVY,P,-0.006180999999999999,0.9
77218,101361,NCCCOa,S,-0.006969999999999999,0.92
77218,101361,NCCSC,S,-0.006818999999999999,0.94
77218,101361,NCCMH,S,-0.005686999999999999,0.91
77218,101361,NCCAO,S,-0.006431999999999999,0.88
77218,101361,NCCADa,S,-0.0063289999999999996,0.95
77218,101361,NCJST,S,-0.006959999999999999,0.96
77218,101361,NCJCB,S,-0.005809,0.98
77218,101361,NCCML,S,-0.0031839999999999993,0.97
77218,101361,NCCAL,S,-0.005637999999999999,0.94
77218,101361,NCHSP,S,-0.0062039999999999994,0.94
77218,101361,NCJRR,S,-0.006622999999999999,0.94
77218,101361,NCJSS,S,-0.006482,0.98
77218,101361,NCHGS,S,-0.0020019999999999994,0.97
77218,101361,NCJEC,S,-0.00571,0.95
77218,101361,NCJLX,S,-0.005960999999999999,0.92
77218,101361,NCCDV,S,-0.005587999999999999,0.96
77218,101361,NCCMJ,S,-0.004114,0.94
77218,101361,NCCMP,S,-0.007512,0.98
77218,101361,NCJBZ,S,-0.009602,0.82
77218,101361,NCCMR,S,-0.007150999999999999,0.97
77218,101361,NCJTG,S,-0.007081,0.86
77218,101361,NCJBC,S,-0.011608,0.96
77218,101361,NCHPR,S,-0.0029639999999999996,0.95
77218,101361,NCJPL,S,-0.007946,0.86
77218,101361,NCJSC,S,-0.007011,0.9
77218,101361,NCHFE,S,-0.006128999999999999,0.92
77218,101361,NCCST,S,-0.005273999999999999,0.89
77218,101361,NCHAZ,S,-0.006723999999999999,0.87
77218,101361,NCJUC,S,-0.007272999999999999,0.83
77218,101361,NCCPL,S,-0.0065249999999999996,0.92
77218,101361,NCCCY,S,-0.006679999999999999,0.97
77218,101361,NCJLT,S,-0.002561999999999999,0.92
77218,101361,NCHFH,S,-0.006546999999999999,0.96
77218,101361,NCHSFb,S,-0.004357999999999999,0.92
77218,101361,NCCLC,S,-0.005944999999999999,0.85
77218,101361,NCBVY,S,-0.005778999999999999,0.88
77218,101362,NCCSC,P,-0.023882,0.791
77218,101362,NCCADa,P,-0.001731,0.888
77218,101362,NCJCB,P,-0.006204000000000001,0.764
77218,101362,NCCML,P,-0.031811,0.957
77218,101362,NCJRR,P,-0.004185000000000001,0.82
77218,101362,NCJEC,P,-0.004780000000000003,0.84
77218,101362,NCCDV,P,-0.034086000000000005,0.929
77218,101362,NCCMJ,P,-0.035298,0.817
77218,101362,NCJBZ,P,-0.009439000000000001,0.737
77218,101362,NCCMR,P,-0.035922,0.857
77218,101362,NCJTG,P,-0.009614000000000001,0.848
77218,101362,NCJBC,P,-0.022969,0.747
77218,101362,NCHPR,P,-0.001401000000000003,0.842
77218,101362,NCHFE,P,-0.0011999999999999997,0.803
77218,101362,NCCST,P,-0.027828000000000002,0.925
77218,101362,NCHAZ,P,-0.0038650000000000004,0.715
77218,101362,NCJSFa,P,-0.030459,0.736
77218,101362,NCCCY,P,-0.037987,0.735
77218,101362,NCJLT,P,-0.029463000000000003,0.702
77218,101362,NCHFH,P,-0.0016180000000000014,0.855
77218,101362,NCHSFb,P,0.00018599999999999867,0.876
77218,101362,NCCMO,P,-0.03813,0.728
77218,101362,NCCLC,P,-0.032298,0.802
77218,101362,NCBVY,P,-0.003359000000000001,0.845
77218,101362,NCCADa,S,0.015727,0.78
77218,101362,NCJST,S,-0.015594,0.81
77218,101362,NCJCB,S,0.006428,0.82
77218,101362,NCCML,S,-0.044002,0.92
77218,101362,NCCAL,S,-0.050051,0.74
77218,101362,NCHGS,S,0.012050999999999996,0.82
77218,101362,NCJEC,S,-0.004531,0.83
77218,101362,NCJLX,S,-0.028495,0.79
77218,101362,NCCDV,S,-0.046452,0.9
77218,101362,NCCMP,S,-0.012399000000000002,0.96
77218,101362,NCCMR,S,-0.050737000000000004,0.84
77218,101362,NCJBC,S,-0.031418,0.89
77218,101362,NCHPR,S,0.0039279999999999975,0.75
77218,101362,NCCST,S,-0.029673,0.75
77218,101362,NCHAZ,S,0.002532999999999997,0.72
77218,101362,NCCCY,S,-0.054113999999999995,0.86
77218,101362,NCJLT,S,-0.028413,0.76
77218,101362,NCHFH,S,0.004312,0.76
77218,101362,NCHSFb,S,0.005970999999999997,0.81
77218,101659,NCCMN,P,0.023976,0.709
77218,101659,NCHPL,P,0.146685,0.821
77218,101659,NCCMO,P,0.063399,0.707
77218,103138,NCCSC,P,-0.003895000000000001,0.825
77218,103138,NCCMH,P,-0.011766,0.77
77218,103138,NCCADa,P,0.006933,0.908
77218,103138,NCJST,P,-0.00028500000000000053,0.816
77218,103138,NCJCB,P,0.0036620000000000003,0.731
77218,103138,NCCML,P,-0.008695,0.969
77218,103138,NCCAL,P,-0.012213,0.851
77218,103138,NCHSP,P,0.008294,0.782
77218,103138,NCJRR,P,0.004235000000000001,0.83
77218,103138,NCJSS,P,-0.0015260000000000013,0.721
77218,103138,NCHGS,P,0.008617,0.882
77218,103138,NCJLX,P,-0.0022379999999999987,0.758
77218,103138,NCCDV,P,-0.010719000000000001,0.975
77218,103138,NCCMP,P,0.001014000000000001,0.852
77218,103138,NCCMR,P,-0.012594,0.929
77218,103138,NCHCR,P,0.008022999999999999,0.823
77218,103138,NCJSC,P,-0.008903,0.859
77218,103138,NCHFE,P,0.006173,0.714
77218,103138,NCCST,P,-0.008020999999999999,0.927
77218,103138,NCHPL,P,0.005854,0.876
77218,103138,NCHCP,P,0.0027159999999999997,0.838
77218,103138,NCJSFa,P,-0.009737999999999998,0.766
77218,103138,NCJBLb,P,-0.003292999999999999,0.703
77218,103138,NCJLT,P,-0.007298999999999998,0.794
77218,103138,NCHDLb,P,0.002065000000000001,0.91
77218,103138,NCHJG,P,0.005600000000000001,0.703
77218,103138,NCJHP,P,-0.010229,0.966
77218,103138,NCCMO,P,-0.012491,0.703
77218,103138,NCBVY,P,0.005271,0.797
77218,103138,NCCSC,S,-0.0028769999999999993,0.78
77218,103138,NCCMH,S,-0.014357,0.77
77218,103138,NCCAO,S,-0.0006310000000000014,0.84
77218,103138,NCCADa,S,0.015593000000000001,0.79
77218,103138,NCJST,S,-0.00046999999999999993,0.88
77218,103138,NCJCB,S,0.010676999999999999,0.88
77218,103138,NCCML,S,-0.015082,0.94
77218,103138,NCCAL,S,-0.019106000000000005,0.82
77218,103138,NCHSP,S,0.01178,0.77
77218,103138,NCJSS,S,0.0003980000000000008,0.97
77218,103138,NCHGS,S,0.012866,0.89
77218,103138,NCJLX,S,-0.006872999999999999,0.8
77218,103138,NCCDV,S,-0.018665,0.96
77218,103138,NCCMP,S,-0.0010020000000000012,0.98
77218,103138,NCCMR,S,-0.021402000000000004,0.92
77218,103138,NCJPL,S,0.0031000000000000003,0.81
77218,103138,NCHCB,S,0.008751,0.75
77218,103138,NCCST,S,-0.011864999999999999,0.77
77218,103138,NCHPL,S,0.016687,0.78
77218,103138,NCHCP,S,0.0023020000000000002,0.78
77218,103138,NCJSM,S,-0.010205,0.82
77218,103138,NCJUC,S,-0.0014689999999999998,0.74
77218,103138,NCJLT,S,-0.0036380000000000006,0.79
77218,103138,NCBVY,S,0.008473000000000001,0.71
77218,126189,NCCCOa,P,-0.019356,0.937
77218,126189,NCCSC,P,-0.019622,0.987
77218,126189,NCCMH,P,-0.019045,0.972
77218,126189,NCCAO,P,-0.019033,0.85
77218,126189,NCJST,P,-0.019363000000000002,0.974
77218,126189,NCCADa,P,-0.017806000000000002,0.945
77218,126189,NCJCB,P,-0.018383,0.942
77218,126189,NCCML,P,-0.017867,0.977
77218,126189,NCCAL,P,-0.018549000000000003,0.979
77218,126189,NCHSP,P,-0.022536,0.947
77218,126189,NCJHL,P,-0.019009,0.938
77218,126189,NCJRR,P,-0.017344000000000002,0.935
77218,126189,NCJSS,P,-0.019546,0.927
77218,126189,NCHGS,P,-0.016212,0.91
77218,126189,NCJEC,P,-0.018472000000000002,0.955
77218,126189,NCJLX,P,-0.017865000000000002,0.863
77218,126189,NCCDV,P,-0.018687000000000002,0.988
77218,126189,NCCMP,P,-0.018644,0.957
77218,126189,NCJBZ,P,-0.029649000000000002,0.768
77218,126189,NCJSG,P,-0.019904,0.978
77218,126189,NCCMR,P,-0.036446,0.915
77218,126189,NCJTG,P,-0.014511000000000001,0.84
77218,126189,NCJBC,P,-0.017221,0.896
77218,126189,NCJPL,P,-0.029365000000000002,0.876
77218,126189,NCJSJ,P,-0.019897,0.964
77218,126189,NCHFE,P,-0.017548,0.935
77218,126189,NCCST,P,-0.020730000000000002,0.98
77218,126189,NCHPL,P,-0.017317,0.951
77218,126189,NCHOR,P,-0.016724000000000003,0.764
77218,126189,NCHCOb,P,-0.014902000000000002,0.818
77218,126189,NCHAZ,P,-0.019045,0.921
77218,126189,NCJSFa,P,-0.019772,0.931
77218,126189,NCCPL,P,-0.019683000000000003,0.839
77218,126189,NCHFH,P,-0.017074000000000002,0.796
77218,126189,NCJHP,P,-0.019443000000000002,0.981
77218,126189,NCCMO,P,-0.018602,0.889
77218,126189,NCJBG,P,-0.023031000000000003,0.854
77218,126189,NCCLC,P,-0.018061,0.868
77218,126189,NCBSL,P,-0.022018000000000003,0.744
77218,126189,NCBVY,P,-0.015590000000000001,0.846
77218,126189,NCCCOa,S,-0.019200000000000002,0.97
77218,126189,NCCSC,S,-0.019262,0.99
77218,126189,NCCMH,S,-0.018786,0.98
77218,126189,NCCAO,S,-0.019602,0.88
77218,126189,NCJST,S,-0.019351,0.99
77218,126189,NCCADa,S,-0.016773000000000003,0.94
77218,126189,NCJCB,S,-0.016855000000000002,0.97
77218,126189,NCCML,S,-0.017287,0.98
77218,126189,NCCAL,S,-0.018259,0.98
77218,126189,NCHSP,S,-0.022827,0.97
77218,126189,NCJHL,S,-0.018545000000000002,0.94
77218,126189,NCJRR,S,-0.018154,0.94
77218,126189,NCHGS,S,-0.014435,0.95
77218,126189,NCJEC,S,-0.014946000000000001,0.92
77218,126189,NCJLX,S,-0.016953000000000003,0.93
77218,126189,NCCDV,S,-0.018786,0.99
77218,126189,NCCMJ,S,-0.018153000000000002,0.96
77218,126189,NCCMP,S,-0.01966,0.98
77218,126189,NCJSG,S,-0.020721,0.96
77218,126189,NCCMR,S,-0.034183000000000005,0.94
77218,126189,NCJTG,S,-0.011993000000000002,0.77
77218,126189,NCJBC,S,-0.014449,0.92
77218,126189,NCCOS,S,-0.018788000000000003,0.96
77218,126189,NCJPL,S,-0.03208,0.76
77218,126189,NCJSJ,S,-0.01989,0.95
77218,126189,NCCMN,S,-0.019680000000000003,0.96
77218,126189,NCHFE,S,-0.017688000000000002,0.93
77218,126189,NCCST,S,-0.019416000000000003,0.93
77218,126189,NCHPL,S,-0.013250000000000001,0.92
77218,126189,NCHAZ,S,-0.01891,0.89
77218,126189,NCJSFa,S,-0.019145000000000002,0.89
77218,126189,NCJUC,S,-0.018416000000000002,0.83
77218,126189,NCCPL,S,-0.019007000000000003,0.95
77218,126189,NCHFH,S,-0.015971,0.94
77218,126189,NCJHP,S,-0.018216000000000003,0.72
77218,126189,NCCMO,S,-0.008043000000000002,0.77
77218,126189,NCCLC,S,-0.010043000000000002,0.82
77218,126189,NCBSL,S,-0.006985000000000002,0.85
77218,126189,NCBVY,S,-0.003242000000000002,0.92
77218,126292,NCCSC,P,-0.017748,0.777
77218,126292,NCCADa,P,0.007711999999999997,0.869
77218,126292,NCJCB,P,0.0026160000000000003,0.787
77218,126292,NCCML,P,-0.024519000000000003,0.927
77218,126292,NCJRR,P,0.005012999999999997,0.832
77218,126292,NCHGS,P,0.009590000000000001,0.867
77218,126292,NCJEC,P,0.0028789999999999996,0.837
77218,126292,NCCDV,P,-0.027917,0.926
77218,126292,NCCMJ,P,-0.029064,0.837
77218,126292,NCCMP,P,-0.003834000000000004,0.811
77218,126292,NCJBZ,P,-0.009471,0.701
77218,126292,NCJSG,P,-0.022526,0.881
77218,126292,NCCMR,P,-0.04328,0.908
77218,126292,NCJSJ,P,-0.022334,0.74
77218,126292,NCHCR,P,0.008983999999999999,0.864
77218,126292,NCCMN,P,-0.030464,0.74
77218,126292,NCHCB,P,0.007164999999999998,0.759
77218,126292,NCCST,P,-0.021853,0.927
77218,126292,NCHPL,P,0.005166999999999998,0.878
77218,126292,NCHAZ,P,0.002902999999999996,0.737
77218,126292,NCJHP,P,-0.02444,0.855
77218,126292,NCBVY,P,0.007539999999999998,0.855
77218,126292,NCCADa,S,0.026296,0.75
77218,126292,NCJST,S,-0.009528000000000002,0.83
77218,126292,NCJCB,S,0.015960000000000002,0.81
77218,126292,NCCML,S,-0.038025,0.92
77218,126292,NCCAL,S,-0.041681,0.74
77218,126292,NCHSP,S,0.017213999999999993,0.72
77218,126292,NCHGS,S,0.021366999999999997,0.83
77218,126292,NCJEC,S,0.005686999999999998,0.8
77218,126292,NCJLX,S,-0.019576,0.74
77218,126292,NCCDV,S,-0.039582,0.91
77218,126292,NCCMP,S,-0.0044449999999999976,0.94
77218,126292,NCCMR,S,-0.058656,0.86
77218,126292,NCJBC,S,-0.014065000000000001,0.87
77218,126292,NCCOS,S,-0.024632,0.84
77218,126292,NCCMN,S,-0.039384,0.87
77218,126292,NCHCB,S,0.010386,0.83
77218,126292,NCCST,S,-0.024629,0.71
77218,126292,NCHPL,S,0.025462,0.74
77218,126292,NCJSM,S,-0.023145000000000002,0.73
77218,126389,NCCSC,P,-0.014794000000000002,0.741
77218,126389,NCCADa,P,0.016688,0.763
77218,126389,NCCML,P,-0.017205,0.922
77218,126389,NCCAL,P,-0.02057,0.748
77218,126389,NCHGS,P,0.019951999999999998,0.832
77218,126389,NCJEC,P,0.008548,0.859
77218,126389,NCCDV,P,-0.01832,0.945
77218,126389,NCCMP,P,0.008461,0.812
77218,126389,NCJSG,P,-0.014338,0.794
77218,126389,NCCMR,P,-0.032544000000000003,0.9
77218,126389,NCJTG,P,0.0062970000000000005,0.8
77218,126389,NCHFE,P,0.016382,0.831
77218,126389,NCCST,P,-0.010517,0.924
77218,126389,NCHPL,P,0.018008999999999997,0.903
77218,126389,NCHFH,P,0.019053,0.826
77218,126389,NCJHP,P,-0.014936000000000001,0.804
77218,126389,NCCMO,P,-0.016078000000000002,0.877
77218,126389,NCCLC,P,-0.013028000000000001,0.738
77218,126389,NCBVY,P,0.019128,0.91
77218,126389,NCCADa,S,0.030994,0.74
77218,126389,NCJST,S,-0.007180000000000001,0.78
77218,126389,NCJCB,S,0.02184,0.76
77218,126389,NCCML,S,-0.026251,0.87
77218,126389,NCCAL,S,-0.034793000000000004,0.75
77218,126389,NCHGS,S,0.032605999999999996,0.81
77218,126389,NCJEC,S,0.010126,0.83
77218,126389,NCCDV,S,-0.028449000000000002,0.91
77218,126389,NCCMP,S,0.014424,0.92
77218,126389,NCCMR,S,-0.039161,0.82
77218,126389,NCJBC,S,-0.0011660000000000004,0.87
77218,126389,NCCST,S,-0.0030430000000000006,0.75
77218,126389,NCHPL,S,0.045023999999999995,0.72
77218,126389,NCHFH,S,0.04158,0.76
77218,148939,NCCSC,P,0.018172,0.852
77218,148939,NCCADa,P,0.05254,0.815
77218,148939,NCJCB,P,0.028312,0.871
77218,148939,NCCML,P,0.021366,0.962
77218,148939,NCCAL,P,0.008475,0.78
77218,148939,NCJRR,P,0.032608,0.871
77218,148939,NCJEC,P,0.024957,0.796
77218,148939,NCCDV,P,0.011296,0.949
77218,148939,NCJSG,P,0.023185,0.86
77218,148939,NCCMR,P,0.0021650000000000003,0.913
77218,148939,NCJTG,P,0.032182,0.805
77218,148939,NCHFE,P,0.045625,0.765
77218,148939,NCCST,P,0.026078,0.87
77218,148939,NCHAZ,P,0.036717,0.793
77218,148939,NCJSFa,P,0.0036800000000000027,0.733
77218,148939,NCCPL,P,0.017581,0.709
77218,148939,NCCCY,P,0.019554000000000002,0.828
77218,148939,NCHFH,P,0.051151,0.77
77218,148939,NCCADa,S,0.068943,0.78
77218,148939,NCJST,S,0.027131000000000002,0.73
77218,148939,NCJCB,S,0.036093,0.85
77218,148939,NCCML,S,0.010408,0.93
77218,148939,NCCAL,S,-0.0020750000000000005,0.8
77218,148939,NCHSP,S,0.060954,0.74
77218,148939,NCJEC,S,0.019396,0.75
77218,148939,NCJLX,S,0.006525000000000003,0.76
77218,148939,NCCDV,S,0.0008680000000000007,0.93
77218,148939,NCCMP,S,0.031431,0.95
77218,148939,NCJSG,S,0.017097,0.72
77218,148939,NCCMR,S,-0.010089,0.91
77218,148939,NCCST,S,0.017809000000000002,0.74
77218,148939,NCCCY,S,0.004089000000000002,0.88
77218,160503,NCCADa,P,0.020291,0.944
77218,160503,NCJCB,P,-0.002688000000000001,0.844
77218,160503,NCCML,P,0.018249,0.877
77218,160503,NCHSP,P,0.012546999999999999,0.784
77218,160503,NCJHL,P,0.005717999999999999,0.749
77218,160503,NCJEC,P,-0.007593000000000001,0.874
77218,160503,NCCDV,P,0.008685,0.892
77218,160503,NCJBC,P,-0.006761,0.711
77218,160503,NCJSC,P,0.012597,0.743
77218,160503,NCHFE,P,0.010645,0.88
77218,160503,NCCST,P,0.016182000000000002,0.831
77218,160503,NCHFH,P,0.018785999999999997,0.735
77218,160503,NCBVY,P,0.023224,0.854
77218,160503,NCCADa,S,0.020498,0.87
77218,160503,NCJST,S,0.005618,0.81
77218,160503,NCJCB,S,-0.0008219999999999998,0.93
77218,160503,NCCML,S,0.014723,0.85
77218,160503,NCHSP,S,0.013678,0.78
77218,160503,NCJSS,S,0.002967,0.95
77218,160503,NCHGS,S,0.008963,0.91
77218,160503,NCJEC,S,-0.0075239999999999994,0.86
77218,160503,NCCDV,S,0.005667999999999999,0.86
77218,160503,NCCMJ,S,0.0040279999999999995,0.78
77218,160503,NCCMP,S,0.00788,0.97
77218,160503,NCJBC,S,0.0025379999999999995,0.85
77218,160503,NCCOS,S,0.015636,0.89
77218,160503,NCJPL,S,0.007006,0.74
77218,160503,NCHCB,S,0.005611,0.78
77218,160503,NCHFE,S,0.023219999999999998,0.72
77218,160503,NCJSM,S,0.009722999999999999,0.74
77218,160503,NCJUC,S,0.012976999999999999,0.75
77218,160503,NCHFH,S,0.029386,0.93
77218,160503,NCBVY,S,0.024415,0.78
77218,215747,NCCMH,P,-0.011195,0.707
77218,215747,NCCADa,P,0.035861,0.855
77218,215747,NCJST,P,0.010477,0.72
77218,215747,NCJCB,P,0.012205,0.811
77218,215747,NCCML,P,0.006964,0.952
77218,215747,NCCAL,P,-0.007235,0.728
77218,215747,NCJRR,P,0.017166,0.789
77218,215747,NCJEC,P,0.008813000000000001,0.83
77218,215747,NCCDV,P,-0.017175000000000003,0.943
77218,215747,NCJBZ,P,0.011067,0.728
77218,215747,NCCMR,P,-0.006196999999999999,0.854
77218,215747,NCJTG,P,0.018843,0.781
77218,215747,NCJPL,P,0.01589,0.757
77218,215747,NCHFE,P,0.02837,0.804
77218,215747,NCCST,P,0.010557,0.926
77218,215747,NCHAZ,P,0.018937000000000002,0.881
77218,215747,NCJSFa,P,-0.010373,0.748
77218,215747,NCCCY,P,0.005171,0.736
77218,215747,NCHDLb,P,0.013889,0.851
77218,215747,NCHLT,P,0.041321,0.806
77218,215747,NCHJG,P,0.017964,0.85
77218,215747,NCCLC,P,-0.009857,0.806
77218,215747,NCBSL,P,0.037911,0.746
77218,215747,NCBVY,P,0.028526000000000003,0.876
77218,215747,NCCADa,S,0.051241999999999996,0.79
77218,215747,NCJST,S,0.010127,0.78
77218,215747,NCJCB,S,0.024435,0.84
77218,215747,NCCML,S,-0.004232999999999999,0.91
77218,215747,NCCAL,S,-0.018446999999999998,0.74
77218,215747,NCHGS,S,0.036239,0.84
77218,215747,NCJEC,S,0.009004999999999999,0.75
77218,215747,NCJLX,S,-0.006609,0.77
77218,215747,NCCDV,S,-0.027139999999999997,0.91
77218,215747,NCCMP,S,0.016573,0.95
77218,215747,NCCMR,S,-0.018390999999999998,0.83
77218,215747,NCJBC,S,-0.013799,0.81
77218,215747,NCJPL,S,0.015694,0.76
77218,215747,NCCST,S,0.005331000000000001,0.77
77218,215747,NCCCY,S,-0.011814,0.88
77218,238704,NCCSC,P,-0.00938,0.923
77218,238704,NCCMH,P,-0.011602000000000001,0.956
77218,238704,NCJST,P,-0.012204,0.85
77218,238704,NCCADa,P,0.0018630000000000035,0.95
77218,238704,NCJCB,P,-0.018534000000000002,0.891
77218,238704,NCCML,P,0.0026650000000000007,0.973
77218,238704,NCCAL,P,-0.009287,0.963
77218,238704,NCHSP,P,-0.005552000000000001,0.776
77218,238704,NCJHL,P,-0.008864,0.895
77218,238704,NCJRR,P,-0.013114,0.889
77218,238704,NCJSS,P,-0.008230000000000001,0.836
77218,238704,NCHGS,P,-0.008327000000000001,0.91
77218,238704,NCJEC,P,-0.022133,0.935
77218,238704,NCJLX,P,-0.011585999999999999,0.869
77218,238704,NCCDV,P,-0.020130000000000002,0.969
77218,238704,NCCMP,P,-0.008042999999999998,0.941
77218,238704,NCJBZ,P,-0.015646,0.729
77218,238704,NCJSG,P,0.0017339999999999994,0.921
77218,238704,NCCMR,P,-0.009912999999999998,0.981
77218,238704,NCJTG,P,-0.006761,0.84
77218,238704,NCHCR,P,-0.011577,0.937
77218,238704,NCHCB,P,-0.01227,0.797
77218,238704,NCCST,P,0.0001810000000000006,0.941
77218,238704,NCHPL,P,-0.008771000000000001,0.943
77218,238704,NCHAZ,P,-0.012875999999999999,0.771
77218,238704,NCJSFa,P,-0.018139000000000002,0.892
77218,238704,NCCPL,P,0.0024100000000000024,0.835
77218,238704,NCCCY,P,0.002722000000000002,0.898
77218,238704,NCJBLb,P,-0.012528999999999998,0.799
77218,238704,NCHBT,P,-0.010036,0.87
77218,238704,NCHSFb,P,-0.007342999999999999,0.924
77218,238704,NCJHP,P,-0.010771,0.968
77218,238704,NCCLC,P,-0.013225,0.819
77218,238704,NCBVY,P,-0.005129999999999999,0.821
77218,238704,NCCCOa,S,-0.018313,0.91
77218,238704,NCCSC,S,-0.009248,0.85
77218,238704,NCCMH,S,-0.010956,0.97
77218,238704,NCJST,S,-0.011229,0.95
77218,238704,NCCADa,S,0.0006050000000000014,0.96
77218,238704,NCJCB,S,-0.016382,0.96
77218,238704,NCCML,S,0.004722999999999998,0.95
77218,238704,NCCAL,S,-0.007882,0.93
77218,238704,NCHSP,S,-0.006062999999999999,0.89
77218,238704,NCJHL,S,-0.007348,0.87
77218,238704,NCJRR,S,-0.013264999999999999,0.86
77218,238704,NCJSS,S,-0.010039,0.98
77218,238704,NCHGS,S,-0.008038,0.92
77218,238704,NCJEC,S,-0.021214,0.96
77218,238704,NCJLX,S,-0.011418999999999999,0.84
77218,238704,NCCDV,S,-0.018799999999999997,0.98
77218,238704,NCCMP,S,-0.009746000000000001,0.97
77218,238704,NCJSG,S,7.800000000000168e-05,0.9
77218,238704,NCCMR,S,-0.006551999999999999,0.95
77218,238704,NCJTG,S,-0.0023889999999999988,0.84
77218,238704,NCJBC,S,-0.018244,0.89
77218,238704,NCJPL,S,-0.014523000000000001,0.91
77218,238704,NCCMN,S,-0.013576999999999999,0.94
77218,238704,NCHCR,S,-0.012764000000000001,0.9
77218,238704,NCHCB,S,-0.015992,0.88
77218,238704,NCJSC,S,-0.005850000000000001,0.8
77218,238704,NCCST,S,0.0023989999999999984,0.9
77218,238704,NCHPL,S,-0.008398,0.86
77218,238704,NCHAZ,S,-0.013923000000000001,0.76
77218,238704,NCJUC,S,-0.012164000000000001,0.84
77218,238704,NCCPL,S,0.0010910000000000017,0.93
77218,238704,NCCCY,S,0.002473000000000003,0.98
77218,238704,NCHSFb,S,-0.006326999999999999,0.9
77218,238704,NCJHP,S,-0.010450000000000001,0.86
77218,238704,NCCLC,S,-0.012653999999999999,0.9
77218,238704,NCBVY,S,-0.0018330000000000013,0.89
77218,238790,NCCSC,P,-0.002020000000000001,0.835
77218,238790,NCCMH,P,-0.012935000000000002,0.768
77218,238790,NCCADa,P,0.022068000000000004,0.898
77218,238790,NCJST,P,0.0004919999999999994,0.76
77218,238790,NCJCB,P,-0.0003579999999999972,0.841
77218,238790,NCCML,P,0.0037859999999999977,0.94
77218,238790,NCCAL,P,-0.010202000000000003,0.858
77218,238790,NCHSP,P,0.018623,0.789
77218,238790,NCJHL,P,0.007958,0.78
77218,238790,NCJRR,P,0.0034239999999999965,0.815
77218,238790,NCJEC,P,-0.003944000000000003,0.824
77218,238790,NCCDV,P,-0.01974,0.957
77218,238790,NCCMP,P,0.007178999999999998,0.884
77218,238790,NCJBZ,P,0.0023219999999999977,0.726
77218,238790,NCJSG,P,0.006096999999999998,0.839
77218,238790,NCCMR,P,-0.010271000000000002,0.953
77218,238790,NCJTG,P,0.009841999999999997,0.826
77218,238790,NCHCR,P,0.008892999999999998,0.873
77218,238790,NCHCB,P,0.007297999999999999,0.828
77218,238790,NCCST,P,0.0036549999999999985,0.869
77218,238790,NCHPL,P,0.009544999999999998,0.914
77218,238790,NCHOR,P,0.01108,0.716
77218,238790,NCJSFa,P,-0.016925,0.734
77218,238790,NCCPL,P,-0.0003290000000000029,0.793
77218,238790,NCCCY,P,0.0007580000000000017,0.873
77218,238790,NCJBLb,P,-0.009075,0.87
77218,238790,NCJHP,P,-0.009871999999999999,0.948
77218,238790,NCCLC,P,-0.01253,0.824
77218,238790,NCBVY,P,0.013923999999999999,0.84
77218,238790,NCCSC,S,-0.0004600000000000021,0.72
77218,238790,NCCMH,S,-0.016032,0.76
77218,238790,NCCADa,S,0.030751,0.83
77218,238790,NCJST,S,0.0003239999999999979,0.85
77218,238790,NCJCB,S,0.008980000000000002,0.86
77218,238790,NCCML,S,-0.0037869999999999987,0.95
77218,238790,NCCAL,S,-0.016809,0.79
77218,238790,NCHSP,S,0.022092,0.78
77218,238790,NCJSS,S,0.0030690000000000023,0.95
77218,238790,NCHGS,S,0.015828000000000002,0.86
77218,238790,NCJEC,S,-0.003146999999999997,0.8
77218,238790,NCJLX,S,-0.008719999999999999,0.84
77218,238790,NCCDV,S,-0.027144,0.94
77218,238790,NCCMP,S,0.003349999999999999,0.94
77218,238790,NCJSG,S,0.0024039999999999964,0.77
77218,238790,NCCMR,S,-0.016616,0.91
77218,238790,NCJTG,S,0.010303,0.79
77218,238790,NCJBC,S,-0.012817000000000002,0.84
77218,238790,NCJPL,S,0.0018750000000000017,0.82
77218,238790,NCHCB,S,0.004749000000000003,0.82
77218,238790,NCJSC,S,-0.008469999999999998,0.77
77218,238790,NCCST,S,0.0016009999999999983,0.82
77218,238790,NCHPL,S,0.020395999999999997,0.89
77218,238790,NCJUC,S,-0.0019349999999999992,0.74
77218,238790,NCCCY,S,-0.009661999999999997,0.94
77218,238790,NCHLT,S,0.024075,0.78
77218,238790,NCBVY,S,0.019482,0.81
77218,30062741,NCCADa,P,0.011296,0.745
77218,30062741,NCJST,P,-0.01930599999999999,0.755
77218,30062741,NCJCB,P,-0.015896999999999994,0.761
77218,30062741,NCCML,P,0.005532000000000009,0.892
77218,30062741,NCCAL,P,-0.009717000000000003,0.703
77218,30062741,NCHSP,P,-0.002121999999999985,0.802
77218,30062741,NCJHL,P,-0.00741,0.828
77218,30062741,NCJRR,P,-0.010997000000000007,0.873
77218,30062741,NCHGS,P,-0.006727999999999984,0.851
77218,30062741,NCJEC,P,-0.020273999999999986,0.937
77218,30062741,NCCDV,P,-0.01786199999999999,0.914
77218,30062741,NCJTG,P,-0.005784999999999985,0.748
77218,30062741,NCHCR,P,-0.008350999999999997,0.923
77218,30062741,NCJSC,P,0.0016579999999999928,0.87
77218,30062741,NCHFE,P,-0.005814999999999987,0.84
77218,30062741,NCCST,P,0.0008839999999999959,0.872
77218,30062741,NCHAZ,P,-0.009793999999999997,0.864
77218,30062741,NCHDLb,P,-0.014503999999999989,0.874
77218,30062741,NCHLT,P,0.0022129999999999928,0.804
77218,30062741,NCHJG,P,-0.011620999999999992,0.887
77218,30062741,NCBVY,P,-0.002248,0.942
77218,30062741,NCCMH,S,-0.01418999999999998,0.72
77218,30062741,NCCADa,S,0.010448000000000013,0.8
77218,30062741,NCJST,S,-0.013466000000000006,0.81
77218,30062741,NCJCB,S,-0.008977999999999986,0.9
77218,30062741,NCCML,S,0.0027729999999999977,0.9
77218,30062741,NCCAL,S,-0.011098999999999998,0.77
77218,30062741,NCHSP,S,-0.0012139999999999929,0.86
77218,30062741,NCJHL,S,-0.004611000000000004,0.71
77218,30062741,NCJRR,S,-0.010503999999999986,0.78
77218,30062741,NCJSS,S,-0.008268999999999999,0.93
77218,30062741,NCHGS,S,-0.005114999999999981,0.86
77218,30062741,NCJEC,S,-0.016553999999999985,0.91
77218,30062741,NCJLX,S,-0.011445999999999984,0.73
77218,30062741,NCCDV,S,-0.020115999999999995,0.92
77218,30062741,NCCMP,S,-0.0044329999999999925,0.96
77218,30062741,NCJTG,S,-0.002717999999999998,0.81
77218,30062741,NCJPL,S,-0.011512999999999995,0.76
77218,30062741,NCJSC,S,0.0012640000000000151,0.73
77218,30062741,NCHFE,S,-0.0005669999999999842,0.84
77218,30062741,NCCST,S,0.0032000000000000084,0.81
77218,30062741,NCHOR,S,-0.0033289999999999986,0.73
77218,30062741,NCHAZ,S,-0.01275599999999999,0.71
77218,30062741,NCCCY,S,0.0008809999999999929,0.88
77218,30062741,NCHDLb,S,-0.015737,0.72
77218,30062741,NCHLT,S,0.007722000000000007,0.75
77218,30062741,NCHJG,S,-0.010797000000000001,0.76
77218,30062741,NCBVY,S,0.0006830000000000169,0.86
77218,30069222,NCJCB,P,0.011168000000000004,0.734
77218,30069222,NCCML,P,0.00046500000000000014,0.94
77218,30069222,NCJEC,P,0.0022790000000000032,0.763
77218,30069222,NCCDV,P,-0.022722,0.929
77218,30069222,NCJSG,P,0.0011910000000000046,0.818
77218,30069222,NCCMR,P,-0.009339,0.924
77218,30069222,NCJSJ,P,-0.011270999999999996,0.776
77218,30069222,NCHCR,P,0.020315000000000007,0.822
77218,30069222,NCJSC,P,0.0030090000000000047,0.798
77218,30069222,NCHFE,P,0.029168000000000006,0.84
77218,30069222,NCCST,P,0.0072510000000000005,0.879
77218,30069222,NCHAZ,P,0.019745000000000006,0.744
77218,30069222,NCJSFa,P,-0.018860999999999996,0.716
77218,30069222,NCCCY,P,-0.0018579999999999985,0.788
77218,30069222,NCHDLb,P,0.015424,0.794
77218,30069222,NCHJG,P,0.019139999999999997,0.831
77218,30069222,NCBVY,P,0.029420999999999996,0.876
77218,30069222,NCCAO,S,0.008618,0.73
77218,30069222,NCJST,S,-0.0061209999999999945,0.71
77218,30069222,NCJCB,S,0.022459,0.74
77218,30069222,NCCML,S,-0.00875,0.89
77218,30069222,NCCAL,S,-0.03368,0.73
77218,30069222,NCJSS,S,0.0023999999999999994,0.85
77218,30069222,NCHGS,S,0.04006300000000001,0.77
77218,30069222,NCJEC,S,0.0024349999999999997,0.72
77218,30069222,NCCDV,S,-0.032361,0.88
77218,30069222,NCCMR,S,-0.017636,0.8
77218,30069222,NCCST,S,0.007603000000000006,0.74
77218,30069222,NCCCY,S,-0.021117999999999998,0.81
77218,30092060,NCCMH,P,-0.01955499999999999,0.763
77218,30092060,NCCADa,P,0.029691999999999996,0.712
77218,30092060,NCJCB,P,0.00016499999999999848,0.822
77218,30092060,NCCML,P,-0.0022240000000000038,0.963
77218,30092060,NCCAL,P,-0.019387000000000015,0.802
77218,30092060,NCJRR,P,0.004298999999999997,0.791
77218,30092060,NCJEC,P,-0.002254000000000006,0.776
77218,30092060,NCCDV,P,-0.027229000000000003,0.948
77218,30092060,NCJSG,P,-0.002723000000000003,0.85
77218,30092060,NCJSJ,P,-0.017514000000000002,0.71
77218,30092060,NCHFE,P,0.015631999999999993,0.72
77218,30092060,NCCST,P,-0.0017680000000000057,0.944
77218,30092060,NCJSFa,P,-0.021311999999999998,0.744
77218,30092060,NCCCY,P,-0.0071289999999999965,0.769
77218,30092060,NCHDLb,P,0.00022500000000000298,0.886
77218,30092060,NCBVY,P,0.015395999999999993,0.774
77218,30092060,NCCMH,S,-0.021310999999999997,0.71
77218,30092060,NCCADa,S,0.040617,0.71
77218,30092060,NCJST,S,-0.003270999999999996,0.72
77218,30092060,NCJCB,S,0.012361999999999998,0.84
77218,30092060,NCCML,S,-0.012073,0.95
77218,30092060,NCCAL,S,-0.02951100000000001,0.8
77218,30092060,NCHSP,S,0.029403,0.78
77218,30092060,NCJSS,S,-0.00015900000000000636,0.94
77218,30092060,NCJEC,S,-0.002565999999999999,0.75
77218,30092060,NCJLX,S,-0.013991000000000003,0.77
77218,30092060,NCCDV,S,-0.036356,0.91
77218,30092060,NCJBC,S,-0.018913000000000013,0.78
77218,30092060,NCCST,S,-0.005226000000000008,0.73
77218,30092060,NCCCY,S,-0.020594,0.9
77218,389286,NCJCB,P,0.00020699999999999885,0.852
77218,389286,NCJRR,P,0.0063809999999999995,0.792
77218,389286,NCJEC,P,-0.0029050000000000013,0.82
77218,389286,NCCDV,P,-0.032645999999999994,0.941
77218,389286,NCJSG,P,-0.00807,0.857
77218,389286,NCCMR,P,-0.021928,0.94
77218,389286,NCJTG,P,0.005795999999999999,0.77
77218,389286,NCJPL,P,0.0013550000000000003,0.748
77218,389286,NCJSJ,P,-0.021092,0.756
77218,389286,NCHCR,P,0.01121,0.861
77218,389286,NCHFE,P,0.01847,0.785
77218,389286,NCCST,P,-0.005071000000000001,0.829
77218,389286,NCHAZ,P,0.007790999999999999,0.802
77218,389286,NCJSFa,P,-0.028169000000000003,0.717
77218,389286,NCCCY,P,-0.013116,0.764
77218,389286,NCJST,S,-0.0020870000000000003,0.73
77218,389286,NCJCB,S,0.012896999999999999,0.83
77218,389286,NCJSS,S,-0.0059640000000000006,0.85
77218,389286,NCJEC,S,-0.0021650000000000003,0.72
77218,389286,NCJLX,S,-0.020048,0.79
77218,389286,NCCDV,S,-0.044645000000000004,0.89
77218,389286,NCCMR,S,-0.036681000000000005,0.84
77218,389286,NCCCY,S,-0.031824000000000005,0.88
77218,478138,NCCMH,P,0.013170999999999988,0.741
77218,478138,NCCAO,P,0.01149699999999998,0.787
77218,478138,NCJST,P,0.012093999999999994,0.929
77218,478138,NCCADa,P,0.03158699999999999,0.797
77218,478138,NCCML,P,0.02761799999999999,0.983
77218,478138,NCCAL,P,0.012368999999999991,0.896
77218,478138,NCHSP,P,0.021023999999999987,0.941
77218,478138,NCJHL,P,0.016664999999999985,0.897
77218,478138,NCJLX,P,0.011936999999999975,0.89
77218,478138,NCCDV,P,0.002894999999999981,0.958
77218,478138,NCCMJ,P,0.015720999999999985,0.888
77218,478138,NCCMP,P,0.018220999999999987,0.857
77218,478138,NCCMR,P,0.005751999999999979,0.894
77218,478138,NCJTG,P,0.016148999999999983,0.841
77218,478138,NCJBC,P,0.007785999999999987,0.9
77218,478138,NCCOS,P,0.011336999999999986,0.769
77218,478138,NCHCR,P,0.01783999999999998,0.963
77218,478138,NCJSC,P,0.02820099999999999,0.955
77218,478138,NCHFE,P,0.022244999999999987,0.915
77218,478138,NCJSFa,P,0.009222999999999981,0.939
77218,478138,NCCCY,P,0.027446999999999985,0.941
77218,478138,NCCMH,S,0.013451999999999992,0.84
77218,478138,NCCAO,S,0.011085999999999985,0.83
77218,478138,NCJST,S,0.013637999999999983,0.92
77218,478138,NCCADa,S,0.03055899999999999,0.86
77218,478138,NCCML,S,0.028834999999999986,0.99
77218,478138,NCCAL,S,0.011920999999999987,0.92
77218,478138,NCHSP,S,0.02111099999999999,0.97
77218,478138,NCJHL,S,0.018397999999999984,0.91
77218,478138,NCJLX,S,0.011777999999999983,0.94
77218,478138,NCCDV,S,0.004477999999999982,0.95
77218,478138,NCCMJ,S,0.01593899999999998,0.93
77218,478138,NCCMR,S,0.005186999999999997,0.94
77218,478138,NCJTG,S,0.016117999999999993,0.85
77218,478138,NCJBC,S,0.00975899999999999,0.93
77218,478138,NCCOS,S,0.012037999999999993,0.96
77218,478138,NCJPL,S,0.008816999999999992,0.92
77218,478138,NCHCR,S,0.01865299999999999,0.94
77218,478138,NCJSC,S,0.02813199999999999,0.9
77218,478138,NCHFE,S,0.023484999999999992,0.86
77218,478138,NCCCY,S,0.025973999999999983,0.97
77218,483500,NCCML,P,0.01974999999999999,0.711
77218,483500,NCCMO,P,0.083935,0.709
77218,529274,NCCMH,P,-0.007199999999999984,0.734
77218,529274,NCJST,P,0.011234000000000008,0.734
77218,529274,NCCML,P,0.010704000000000005,0.974
77218,529274,NCCAL,P,-0.0031869999999999954,0.791
77218,529274,NCHSP,P,0.031207000000000013,0.705
77218,529274,NCJHL,P,0.019676000000000013,0.797
77218,529274,NCJEC,P,0.015521000000000007,0.861
77218,529274,NCCDV,P,-0.013321,0.944
77218,529274,NCCMJ,P,-0.003595999999999988,0.857
77218,529274,NCCMP,P,0.01896500000000001,0.731
77218,529274,NCJBZ,P,0.018595,0.749
77218,529274,NCJBC,P,0.0021760000000000113,0.793
77218,529274,NCJSJ,P,-0.0018340000000000023,0.799
77218,529274,NCHCR,P,0.02476500000000001,0.754
77218,529274,NCCMN,P,-0.009944999999999982,0.922
77218,529274,NCHFE,P,0.030402000000000012,0.826
77218,529274,NCCST,P,0.01004200000000001,0.946
77218,529274,NCCCY,P,0.007457000000000005,0.84
77218,529274,NCJHP,P,-0.002796999999999994,0.874
77218,529274,NCCLC,P,-0.008729999999999988,0.741
77218,529274,NCCMH,S,-0.009063999999999989,0.73
77218,529274,NCCADa,S,0.049875,0.76
77218,529274,NCJST,S,0.01367800000000001,0.72
77218,529274,NCCML,S,0.0015100000000000113,0.95
77218,529274,NCCAL,S,-0.012103000000000003,0.81
77218,529274,NCHSP,S,0.04008400000000001,0.79
77218,529274,NCJHL,S,0.018227000000000007,0.74
77218,529274,NCJSS,S,0.015008000000000007,0.92
77218,529274,NCJEC,S,0.013854000000000005,0.86
77218,529274,NCJLX,S,0.00018200000000001548,0.81
77218,529274,NCCDV,S,-0.022156999999999982,0.94
77218,529274,NCCMJ,S,-0.011754999999999988,0.71
77218,529274,NCJBC,S,0.00032999999999999696,0.88
77218,529274,NCCOS,S,-0.005450999999999984,0.78
77218,529274,NCCMN,S,-0.011180999999999996,0.87
77218,529274,NCCST,S,0.006785000000000013,0.77
77218,529274,NCCCY,S,-0.006542999999999993,0.88
