original_id,synthetic_id
1009350_20211221_000739,100000
1009350_20211221_000431,100001
1009350_20211229_202234,100002
1010496_20180101_041626,100003
1010496_20180101_041317,100004
1010496_20180101_041002,100005
1010496_20180102_084440,100006
1010496_20180102_092139,100007
1010496_20180102_073205,100008
1010496_20180102_073119,100009
1010496_20180104_060820,100010
1010496_20180108_103938,100011
1010496_20180115_211315,100012
1010496_20180117_121911,100013
1010496_20180121_115620,100014
1010496_20180205_103759,100015
1010496_20180205_174754,100016
1010496_20180303_033959,100017
1010496_20180422_173356,100018
1010496_20180517_085919,100019
1010496_20180517_041351,100020
1010496_20180517_041306,100021
1010496_20180517_231203,100022
1010496_20180517_091359,100023
1010496_20180517_031436,100024
1010496_20180517_021429,100025
1010496_20180711_022716,100026
1010496_20180810_061546,100027
1010496_20180901_112118,100028
1010496_20200421_112154,100029
1010496_20200619_053029,100030
1010496_20210312_013038,100031
1010496_20210614_223504,100032
1010496_20210614_213602,100033
1010496_20210614_214445,100034
1010496_20210615_094420,100035
1010496_20210615_085306,100036
1010496_20210615_093002,100037
1010496_20210615_091505,100038
1010496_20211211_042038,100039
1010988_20180101_205309,100040
1010988_20180204_033754,100041
1010988_20180224_040749,100042
1010988_20180531_191211,100043
1010988_20181110_125255,100044
1010988_20181224_041722,100045
1010988_20181226_162603,100046
1010988_20190822_130042,100047
1010988_20191101_201540,100048
1010988_20191104_060920,100049
1010988_20200205_045418,100050
1010988_20200427_034614,100051
1010988_20200623_212611,100052
1010988_20210314_033948,100053
1010988_20210417_111327,100054
1010988_20210516_182108,100055
1010988_20210719_025743,100056
1010988_20220131_012236,100057
1010988_20220303_050142,100058
1010988_20220303_220130,100059
1010988_20220314_034429,100060
1010988_20220504_033442,100061
1010988_20220516_195310,100062
1011662_20180101_124619,100063
1011662_20180212_222744,100064
1011662_20180324_043951,100065
1011662_20180328_172735,100066
1011662_20180804_233108,100067
1011662_20180804_220219,100068
1011662_20180804_220230,100069
1011662_20180817_115230,100070
1011662_20180903_223810,100071
1011662_20180903_124140,100072
1011662_20181020_131840,100073
1011662_20181110_125302,100074
1011662_20181201_154809,100075
1011662_20181229_035808,100076
1011662_20190503_125820,100077
1011662_20190504_082730,100078
1011662_20190527_103914,100079
1011662_20190615_041745,100080
1011662_20190724_203333,100081
1011662_20191021_084254,100082
1011662_20191104_120118,100083
1011662_20191108_021635,100084
1011662_20191114_154554,100085
1011662_20191121_131924,100086
1011662_20191207_152333,100087
1011662_20191209_231525,100088
1011662_20191209_222033,100089
1011662_20191217_194947,100090
1011662_20191230_184754,100091
1011662_20200118_210900,100092
1011662_20200212_082235,100093
1011662_20200402_130152,100094
1011662_20200403_081222,100095
1011662_20200405_170314,100096
1011662_20200408_103722,100097
1011662_20200422_184328,100098
1011662_20200506_230851,100099
1011662_20200523_112742,100100
1011662_20200628_061818,100101
1011662_20200913_193457,100102
1011662_20210118_023858,100103
1011662_20211006_062737,100104
1011662_20211021_070822,100105
1011662_20211205_211959,100106
1011662_20211220_230840,100107
1011662_20211222_100359,100108
1011662_20220301_050259,100109
1011662_20220323_134028,100110
1011662_20220718_042007,100111
1011662_20220729_113052,100112
1011662_20220807_002806,100113
1012032_20180101_030626,100114
1012032_20180205_213710,100115
1012032_20180318_132032,100116
1012032_20180320_141711,100117
1012032_20180323_052122,100118
1012032_20180323_044227,100119
1012032_20180323_033530,100120
1012032_20180326_095221,100121
1012032_20180327_021728,100122
1012032_20180504_033024,100123
1012032_20180510_060050,100124
1012032_20180609_170917,100125
1012032_20180715_184011,100126
1012032_20180730_184021,100127
1012032_20180905_205118,100128
1012032_20180907_152343,100129
1012032_20180926_123219,100130
1012032_20181005_073235,100131
1012032_20181108_125410,100132
1012032_20181119_075012,100133
1012032_20181202_114308,100134
1012032_20181202_095815,100135
1012032_20190109_150616,100136
1012032_20190131_041521,100137
1012032_20190217_025044,100138
1012032_20190329_094512,100139
1012032_20190330_022841,100140
1012032_20190330_015204,100141
1012032_20190729_043313,100142
1012032_20190729_042603,100143
1012032_20190730_071357,100144
1012032_20191112_101503,100145
1012032_20191116_191429,100146
1012032_20191226_224457,100147
1012032_20200313_130637,100148
1012032_20200318_225225,100149
1012032_20200318_221538,100150
1012032_20200319_063959,100151
1012032_20200319_123047,100152
1012032_20200319_092358,100153
1012032_20200319_105759,100154
1012032_20200320_115438,100155
1012032_20200320_222821,100156
1012032_20200321_201807,100157
1012032_20200321_190001,100158
1012032_20200321_204252,100159
1012032_20200410_003255,100160
1012032_20200418_110019,100161
1012032_20200429_150511,100162
1012032_20200529_114528,100163
1012032_20200706_113820,100164
1012032_20201104_192149,100165
1012032_20201128_100115,100166
1012032_20201128_230526,100167
1012032_20210427_160728,100168
1012032_20210523_110243,100169
1012032_20210623_051447,100170
1012032_20210627_153022,100171
1012032_20210709_033852,100172
1012032_20210829_173205,100173
1012032_20210901_050536,100174
1012032_20210907_165226,100175
1012032_20211007_190824,100176
1012032_20211016_083531,100177
1012032_20211022_114552,100178
1012032_20211030_234023,100179
1012032_20211120_084457,100180
1012032_20211218_112736,100181
1012032_20211218_130315,100182
1012032_20211218_085503,100183
1012032_20211221_171322,100184
1012032_20211228_230140,100185
1012032_20220112_113459,100186
1012032_20220127_093813,100187
1012032_20220313_205314,100188
1012032_20220413_235743,100189
1012032_20220729_163802,100190
1012032_20220810_022535,100191
1012032_20220823_065735,100192
1012032_20220921_020819,100193
1012032_20220926_101155,100194
1012032_20221011_105048,100195
1012032_20221016_170616,100196
1012032_20221016_213102,100197
1012032_20221016_170017,100198
1012585_20180517_180635,100199
1012585_20180712_150446,100200
1012585_20180713_064549,100201
1012585_20180713_060555,100202
1012585_20200601_235817,100203
1012585_20200624_045653,100204
1012585_20200625_130035,100205
1012585_20200703_185000,100206
1012585_20200715_105300,100207
1012585_20200715_172037,100208
1012585_20210614_232251,100209
1012585_20211222_075944,100210
1012585_20211223_142026,100211
1012585_20211224_042656,100212
1012585_20211225_005402,100213
1012585_20220106_142755,100214
1012585_20220119_221658,100215
1015893_20180101_041413,100216
1015893_20180304_111222,100217
1015893_20180505_201426,100218
1015893_20180622_135132,100219
1015893_20180711_011540,100220
1015893_20190228_033620,100221
1015893_20190320_004123,100222
1015893_20191206_223810,100223
1015893_20200229_062539,100224
1015893_20200611_151541,100225
1015893_20200625_123913,100226
1015893_20200626_135155,100227
1015893_20200627_090818,100228
1015893_20200710_234128,100229
1015893_20200711_005912,100230
1015893_20200715_154931,100231
1015893_20200715_025513,100232
1015893_20200715_050039,100233
1015893_20200715_194035,100234
1015893_20200715_143114,100235
1015893_20200715_112907,100236
1015893_20200716_160018,100237
1015893_20200716_122609,100238
1015893_20200721_120141,100239
1015893_20201120_171256,100240
1015893_20210512_183223,100241
1015893_20210512_183347,100242
1015893_20210711_111230,100243
1015893_20210711_050612,100244
1015893_20210711_052622,100245
1015893_20210711_071755,100246
1015893_20210711_041440,100247
1015893_20210711_033634,100248
1015893_20210711_021401,100249
1015893_20210711_074935,100250
1015893_20210712_065259,100251
1015893_20210712_073834,100252
1015893_20210712_062853,100253
1015893_20210712_065205,100254
1015893_20210712_065712,100255
1015893_20210712_065115,100256
1015893_20210712_221834,100257
1015893_20210712_085854,100258
1015893_20210712_084632,100259
1015893_20210712_064836,100260
1015893_20210712_065819,100261
1015893_20210712_071535,100262
1015893_20210712_075626,100263
1015893_20210712_065334,100264
1015893_20210712_075349,100265
1015893_20210712_151857,100266
1015893_20210712_121508,100267
1015893_20210712_074257,100268
1015893_20210712_080308,100269
1015893_20210712_065504,100270
1015893_20210712_053343,100271
1015893_20210712_085641,100272
1015893_20210713_132453,100273
1015893_20210713_033441,100274
1015893_20210713_110010,100275
1015893_20210714_115031,100276
1015893_20210715_175638,100277
1015893_20210724_151723,100278
1015893_20210725_225247,100279
1015893_20210728_135630,100280
1015893_20211220_234533,100281
1015893_20211220_215442,100282
1015893_20211221_145103,100283
1015893_20211221_122957,100284
1015893_20211222_070908,100285
1015893_20211222_170429,100286
1015893_20211222_012128,100287
1015893_20211222_030331,100288
1015893_20211222_093059,100289
1015893_20211223_194335,100290
1015893_20211223_062839,100291
1015893_20211225_193241,100292
1015893_20211225_004106,100293
1015893_20211230_131136,100294
1015893_20211231_073011,100295
1015893_20220102_190603,100296
1015893_20220102_184327,100297
1015893_20220129_005604,100298
1015893_20220220_075533,100299
1015893_20220411_084835,100300
1015893_20220416_163209,100301
1015893_20220514_051124,100302
1015893_20220521_190631,100303
1015893_20220718_041431,100304
1015893_20220718_042508,100305
1015893_20220718_042452,100306
1015893_20221009_214340,100307
1016569_20180101_211349,100308
1016569_20180313_110054,100309
1016569_20180728_181257,100310
1016569_20180821_224243,100311
1016569_20181226_102902,100312
1016569_20200203_011215,100313
1016569_20200913_201624,100314
1016569_20201014_153441,100315
1016569_20210401_081901,100316
1016569_20210526_142808,100317
1016569_20210728_171602,100318
1016569_20210915_102040,100319
1016569_20211101_084728,100320
1016569_20211122_213612,100321
1016569_20211122_125325,100322
1016569_20211221_133948,100323
1016569_20211223_230835,100324
1016569_20211229_154235,100325
1016569_20211229_153322,100326
1016569_20220105_174604,100327
1016569_20220106_024203,100328
1016569_20220115_134507,100329
1016569_20220119_084834,100330
1016569_20220207_074712,100331
1016569_20220207_143553,100332
1016569_20220314_010155,100333
1016569_20220502_182320,100334
1016569_20220514_194833,100335
1016569_20220514_200532,100336
1016569_20220609_222703,100337
1016569_20220801_202859,100338
1016569_20220926_235147,100339
1016569_20221105_204914,100340
1016790_20180101_094922,100341
1016790_20180104_093526,100342
1016790_20180106_134125,100343
1016790_20180107_045827,100344
1016790_20180107_130159,100345
1016790_20180108_124854,100346
1016790_20180110_093339,100347
1016790_20180111_005729,100348
1016790_20180112_040621,100349
1016790_20180114_101405,100350
1016790_20180115_214620,100351
1016790_20180115_151442,100352
1016790_20180126_160608,100353
1016790_20180131_175117,100354
1016790_20180202_022727,100355
1016790_20180203_223053,100356
1016790_20180205_042012,100357
1016790_20180208_083922,100358
1016790_20180212_120913,100359
1016790_20180213_220624,100360
1016790_20180214_043655,100361
1016790_20180215_235730,100362
1016790_20180217_083219,100363
1016790_20180226_034047,100364
1016790_20180228_011447,100365
1016790_20180302_040012,100366
1016790_20180303_084434,100367
1016790_20180305_095035,100368
1016790_20180305_013535,100369
1016790_20180306_133708,100370
1016790_20180308_195402,100371
1016790_20180309_044925,100372
1016790_20180310_103451,100373
1016790_20180311_130755,100374
1016790_20180311_133248,100375
1016790_20180312_011426,100376
1016790_20180314_021422,100377
1016790_20180319_180101,100378
1016790_20180319_114518,100379
1016790_20180322_001837,100380
1016790_20180324_055234,100381
1016790_20180327_082745,100382
1016790_20180328_164302,100383
1016790_20180329_091806,100384
1016790_20180329_204535,100385
1016790_20180406_120601,100386
1016790_20180415_174447,100387
1016790_20180419_083940,100388
1016790_20180421_163056,100389
1016790_20180422_015108,100390
1016790_20180424_161120,100391
1016790_20180424_160941,100392
1016790_20180424_164621,100393
1016790_20180424_164539,100394
1016790_20180425_211008,100395
1016790_20180429_041624,100396
1016790_20180430_044903,100397
1016790_20180501_111413,100398
1016790_20180505_193552,100399
1016790_20180507_190730,100400
1016790_20180509_175405,100401
1016790_20180515_160854,100402
1016790_20180517_164354,100403
1016790_20180517_105933,100404
1016790_20180520_084211,100405
1016790_20180525_214548,100406
1016790_20180526_052215,100407
1016790_20180530_184830,100408
1016790_20180531_171050,100409
1016790_20180531_231358,100410
1016790_20180601_113025,100411
1016790_20180603_040940,100412
1016790_20180603_080122,100413
1016790_20180605_054930,100414
1016790_20180607_060409,100415
1016790_20180608_051246,100416
1016790_20180608_102549,100417
1016790_20180617_174406,100418
1016790_20180617_064922,100419
1016790_20180618_073619,100420
1016790_20180620_054129,100421
1016790_20180620_084616,100422
1016790_20180702_002251,100423
1016790_20180705_025311,100424
1016790_20180707_053539,100425
1016790_20180708_103543,100426
1016790_20180708_104414,100427
1016790_20180708_100111,100428
1016790_20180709_151052,100429
1016790_20180712_224815,100430
1016790_20180713_031044,100431
1016790_20180713_070933,100432
1016790_20180713_215842,100433
1016790_20180714_130835,100434
1016790_20180716_105515,100435
1016790_20180716_093948,100436
1016790_20180717_183815,100437
1016790_20180719_143931,100438
1016790_20180720_025259,100439
1016790_20180722_004557,100440
1016790_20180725_012439,100441
1016790_20180728_103027,100442
1016790_20180728_094201,100443
1016790_20180728_071327,100444
1016790_20180731_081724,100445
1016790_20180731_140629,100446
1016790_20180802_032357,100447
1016790_20180805_122524,100448
1016790_20180812_163243,100449
1016790_20180814_091517,100450
1016790_20180817_191009,100451
1016790_20180818_035754,100452
1016790_20180819_160248,100453
1016790_20180819_173036,100454
1016790_20180820_180815,100455
1016790_20180820_143841,100456
1016790_20180820_221731,100457
1016790_20180820_220554,100458
1016790_20180820_181052,100459
1016790_20180821_063933,100460
1016790_20180821_020801,100461
1016790_20180822_212340,100462
1016790_20180825_090847,100463
1016790_20180829_112212,100464
1016790_20180905_054301,100465
1016790_20180911_124316,100466
1016790_20180921_104812,100467
1016790_20180922_015210,100468
1016790_20180923_065143,100469
1016790_20180923_095019,100470
1016790_20180924_002305,100471
1016790_20180930_212959,100472
1016790_20181001_031759,100473
1016790_20181012_192054,100474
1016790_20181017_220438,100475
1016790_20181022_071735,100476
1016790_20181024_115356,100477
1016790_20181028_135337,100478
1016790_20181108_095851,100479
1016790_20181109_120003,100480
1016790_20181117_080453,100481
1016790_20181119_215430,100482
1016790_20181120_025608,100483
1016790_20181120_101859,100484
1016790_20181122_232349,100485
1016790_20181123_081228,100486
1016790_20181205_033629,100487
1016790_20181205_032754,100488
1016790_20181208_083939,100489
1016790_20181208_104807,100490
1016790_20181208_092036,100491
1016790_20181212_140424,100492
1016790_20181221_101358,100493
1016790_20181225_040142,100494
1016790_20181227_170441,100495
1016790_20181230_210050,100496
1016790_20190101_204653,100497
1016790_20190103_082541,100498
1016790_20190104_180339,100499
1016790_20190108_210511,100500
1016790_20190111_080841,100501
1016790_20190123_203903,100502
1016790_20190126_235210,100503
1016790_20190126_070132,100504
1016790_20190130_094013,100505
1016790_20190201_092349,100506
1016790_20190201_073940,100507
1016790_20190201_113203,100508
1016790_20190211_180626,100509
1016790_20190213_054946,100510
1016790_20190215_160237,100511
1016790_20190227_221949,100512
1016790_20190303_140953,100513
1016790_20190317_054804,100514
1016790_20190319_040708,100515
1016790_20190319_224956,100516
1016790_20190320_111747,100517
1016790_20190326_231739,100518
1016790_20190405_134631,100519
1016790_20190411_190341,100520
1016790_20190421_052819,100521
1016790_20190426_135109,100522
1016790_20190528_145147,100523
1016790_20190626_105742,100524
1016790_20190707_220219,100525
1016790_20190708_211514,100526
1016790_20190713_181824,100527
1016790_20190716_130951,100528
1016790_20190722_123904,100529
1016790_20190726_014855,100530
1016790_20190812_133417,100531
1016790_20190903_050059,100532
1016790_20190908_115425,100533
1016790_20190908_092912,100534
1016790_20190915_215735,100535
1016790_20190917_104646,100536
1016790_20190919_053433,100537
1016790_20190919_135238,100538
1016790_20190923_133721,100539
1016790_20190930_105646,100540
1016790_20191001_224431,100541
1016790_20191001_012132,100542
1016790_20191001_122239,100543
1016790_20191008_064124,100544
1016790_20191013_193102,100545
1016790_20191013_103337,100546
1016790_20191026_075441,100547
1016790_20191029_005218,100548
1016790_20191030_082256,100549
1016790_20191106_083527,100550
1016790_20191111_122059,100551
1016790_20191113_081522,100552
1016790_20191116_165326,100553
1016790_20191122_035446,100554
1016790_20191124_075115,100555
1016790_20191129_192432,100556
1016790_20191202_044554,100557
1016790_20191209_144012,100558
1016790_20191218_063312,100559
1016790_20191218_062234,100560
1016790_20191219_071531,100561
1016790_20191228_165957,100562
1016790_20191228_165508,100563
1016790_20200103_232814,100564
1016790_20200104_005705,100565
1016790_20200109_021032,100566
1016790_20200109_031536,100567
1016790_20200109_023335,100568
1016790_20200119_190253,100569
1016790_20200130_120618,100570
1016790_20200210_184819,100571
1016790_20200218_185005,100572
1016790_20200219_010923,100573
1016790_20200220_213721,100574
1016790_20200223_024408,100575
1016790_20200226_085932,100576
1016790_20200227_045238,100577
1016790_20200227_061419,100578
1016790_20200229_100345,100579
1016790_20200309_075025,100580
1016790_20200319_103349,100581
1016790_20200321_102543,100582
1016790_20200402_062408,100583
1016790_20200402_100017,100584
1016790_20200402_072807,100585
1016790_20200402_102022,100586
1016790_20200403_005752,100587
1016790_20200413_095635,100588
1016790_20200504_002643,100589
1016790_20200506_124325,100590
1016790_20200507_012617,100591
1016790_20200601_052810,100592
1016790_20200604_074634,100593
1016790_20200621_124840,100594
1016790_20200621_115810,100595
1016790_20200626_043039,100596
1016790_20200626_111219,100597
1016790_20200627_151452,100598
1016790_20200718_041328,100599
1016790_20200719_025734,100600
1016790_20200724_125913,100601
1016790_20200816_001642,100602
1016790_20200818_060857,100603
1016790_20200822_232202,100604
1016790_20200901_202305,100605
1016790_20200907_153122,100606
1016790_20200911_093235,100607
1016790_20200911_173652,100608
1016790_20200914_032304,100609
1016790_20200916_074745,100610
1016790_20200923_090338,100611
1016790_20201004_102236,100612
1016790_20201006_093610,100613
1016790_20201008_184402,100614
1016790_20201014_221015,100615
1016790_20201016_204359,100616
1016790_20201018_115422,100617
1016790_20201020_205926,100618
1016790_20201021_032724,100619
1016790_20201029_034947,100620
1016790_20201113_030929,100621
1016790_20201114_233636,100622
1016790_20201120_221530,100623
1016790_20201130_080626,100624
1016790_20201220_073156,100625
1016790_20201220_032408,100626
1016790_20201220_044416,100627
1016790_20210105_032251,100628
1016790_20210116_221056,100629
1016790_20210116_100618,100630
1016790_20210119_202819,100631
1016790_20210131_132235,100632
1016790_20210204_183809,100633
1016790_20210218_195052,100634
1016790_20210219_060021,100635
1016790_20210219_113923,100636
1016790_20210301_091547,100637
1016790_20210301_091316,100638
1016790_20210304_004718,100639
1016790_20210304_051748,100640
1016790_20210311_142709,100641
1016790_20210320_064159,100642
1016790_20210321_164514,100643
1016790_20210324_075816,100644
1016790_20210324_080354,100645
1016790_20210404_160714,100646
1016790_20210407_193914,100647
1016790_20210417_212511,100648
1016790_20210424_101451,100649
1016790_20210425_100850,100650
1016790_20210426_020855,100651
1016790_20210428_080700,100652
1016790_20210501_130933,100653
1016790_20210523_115532,100654
1016790_20210523_065437,100655
1016790_20210527_160409,100656
1016790_20210531_234827,100657
1016790_20210608_145140,100658
1016790_20210608_040500,100659
1016790_20210609_061104,100660
1016790_20210611_130920,100661
1016790_20210612_081418,100662
1016790_20210612_134359,100663
1016790_20210612_081642,100664
1016790_20210612_032122,100665
1016790_20210612_035842,100666
1016790_20210614_121715,100667
1016790_20210615_183142,100668
1016790_20210616_174054,100669
1016790_20210619_111423,100670
1016790_20210623_064631,100671
1016790_20210626_103809,100672
1016790_20210626_105504,100673
1016790_20210628_015234,100674
1016790_20210628_133336,100675
1016790_20210630_085658,100676
1016790_20210630_085643,100677
1016790_20210703_045932,100678
1016790_20210703_020006,100679
1016790_20210703_041947,100680
1016790_20210704_121312,100681
1016790_20210704_054404,100682
1016790_20210705_114443,100683
1016790_20210711_205905,100684
1016790_20210713_213004,100685
1016790_20210715_124650,100686
1016790_20210717_194824,100687
1016790_20210717_081238,100688
1016790_20210721_100949,100689
1016790_20210725_124518,100690
1016790_20210729_090700,100691
1016790_20210729_090754,100692
1016790_20210730_152025,100693
1016790_20210731_053141,100694
1016790_20210731_122328,100695
1016790_20210805_142929,100696
1016790_20210806_102952,100697
1016790_20210808_113933,100698
1016790_20210811_071933,100699
1016790_20210814_154208,100700
1016790_20210822_123617,100701
1016790_20210822_220553,100702
1016790_20210822_045742,100703
1016790_20210825_205630,100704
1016790_20210826_083520,100705
1016790_20210828_131909,100706
1016790_20210829_114924,100707
1016790_20210902_103139,100708
1016790_20210904_172304,100709
1016790_20210906_090003,100710
1016790_20210907_120827,100711
1016790_20210907_120636,100712
1016790_20210909_055058,100713
1016790_20210912_084607,100714
1016790_20210912_084718,100715
1016790_20210912_085212,100716
1016790_20210912_080447,100717
1016790_20210913_030315,100718
1016790_20210915_145432,100719
1016790_20210919_041222,100720
1016790_20210919_064400,100721
1016790_20210921_101540,100722
1016790_20210923_012716,100723
1016790_20210925_211537,100724
1016790_20210928_053057,100725
1016790_20210929_203324,100726
1016790_20210929_114529,100727
1016790_20210929_021618,100728
1016790_20211003_014524,100729
1016790_20211003_151217,100730
1016790_20211004_035650,100731
1016790_20211004_041738,100732
1016790_20211004_034107,100733
1016790_20211004_034727,100734
1016790_20211005_211906,100735
1016790_20211009_045832,100736
1016790_20211017_202135,100737
1016790_20211018_155638,100738
1016790_20211018_041612,100739
1016790_20211021_191958,100740
1016790_20211027_193501,100741
1016790_20211028_160906,100742
1016790_20211031_021359,100743
1016790_20211031_235654,100744
1016790_20211102_040821,100745
1016790_20211102_181639,100746
1016790_20211103_182537,100747
1016790_20211106_142329,100748
1016790_20211106_090431,100749
1016790_20211107_161101,100750
1016790_20211109_163324,100751
1016790_20211113_041131,100752
1016790_20211115_124333,100753
1016790_20211115_123011,100754
1016790_20211116_092857,100755
1016790_20211118_121231,100756
1016790_20211118_221747,100757
1016790_20211122_023337,100758
1016790_20211127_165902,100759
1016790_20211128_140225,100760
1016790_20211130_210325,100761
1016790_20211201_155351,100762
1016790_20211220_225527,100763
1016790_20211221_081504,100764
1016790_20220106_203423,100765
1016790_20220106_130038,100766
1016790_20220107_031310,100767
1016790_20220107_124029,100768
1016790_20220115_140520,100769
1016790_20220118_091728,100770
1016790_20220119_093328,100771
1016790_20220120_130743,100772
1016790_20220122_172958,100773
1016790_20220122_123915,100774
1016790_20220123_084606,100775
1016790_20220123_013518,100776
1016790_20220127_192155,100777
1016790_20220127_185547,100778
1016790_20220207_214032,100779
1016790_20220207_215823,100780
1016790_20220207_174557,100781
1016790_20220207_204426,100782
1016790_20220208_112909,100783
1016790_20220212_232919,100784
1016790_20220213_014438,100785
1016790_20220213_074502,100786
1016790_20220214_044101,100787
1016790_20220217_225158,100788
1016790_20220218_002620,100789
1016790_20220218_013633,100790
1016790_20220225_164116,100791
1016790_20220225_033148,100792
1016790_20220226_044400,100793
1016790_20220226_215500,100794
1016790_20220226_042103,100795
1016790_20220228_111838,100796
1016790_20220303_042048,100797
1016790_20220304_052844,100798
1016790_20220308_013157,100799
1016790_20220311_104744,100800
1016790_20220316_124336,100801
1016790_20220320_194048,100802
1016790_20220321_141628,100803
1016790_20220325_142312,100804
1016790_20220328_024149,100805
1016790_20220402_114224,100806
1016790_20220406_120045,100807
1016790_20220407_215534,100808
1016790_20220410_201429,100809
1016790_20220414_233148,100810
1016790_20220415_025506,100811
1016790_20220419_013850,100812
1016790_20220421_224806,100813
1016790_20220430_165834,100814
1016790_20220502_090922,100815
1016790_20220504_033539,100816
1016790_20220507_215336,100817
1016790_20220509_200519,100818
1016790_20220509_044756,100819
1016790_20220510_062525,100820
1016790_20220513_211627,100821
1016790_20220514_082439,100822
1016790_20220515_232902,100823
1016790_20220522_144053,100824
1016790_20220526_013215,100825
1016790_20220601_012008,100826
1016790_20220604_151741,100827
1016790_20220606_125143,100828
1016790_20220606_213053,100829
1016790_20220607_231558,100830
1016790_20220607_150654,100831
1016790_20220608_013743,100832
1016790_20220608_223751,100833
1016790_20220608_043017,100834
1016790_20220609_022223,100835
1016790_20220618_004006,100836
1016790_20220619_193013,100837
1016790_20220619_095808,100838
1016790_20220624_010145,100839
1016790_20220624_010422,100840
1016790_20220628_183138,100841
1016790_20220703_191838,100842
1016790_20220704_225622,100843
1016790_20220707_090644,100844
1016790_20220708_170227,100845
1016790_20220710_212100,100846
1016790_20220710_212618,100847
1016790_20220711_114703,100848
1016790_20220713_150918,100849
1016790_20220716_012245,100850
1016790_20220724_111116,100851
1016790_20220726_041459,100852
1016790_20220728_145523,100853
1016790_20220729_051312,100854
1016790_20220801_001132,100855
1016790_20220801_121739,100856
1016790_20220803_084528,100857
1016790_20220805_001801,100858
1016790_20220808_193437,100859
1016790_20220809_200428,100860
1016790_20220811_051326,100861
1016790_20220811_053209,100862
1016790_20220813_205651,100863
1016790_20220817_053900,100864
1016790_20220821_000449,100865
1016790_20220823_225629,100866
1016790_20220826_222924,100867
1016790_20220826_173525,100868
1016790_20220901_203529,100869
1016790_20220904_204213,100870
1016790_20220904_212837,100871
1016790_20220909_020718,100872
1016790_20220909_215332,100873
1016790_20220918_113005,100874
1016790_20220919_052739,100875
1016790_20220923_130157,100876
1016790_20220923_165335,100877
1016790_20220925_200613,100878
1016790_20220928_223152,100879
1016790_20220928_105317,100880
1016790_20221004_162912,100881
1016790_20221004_091531,100882
1016790_20221005_162138,100883
1016790_20221007_222413,100884
1016790_20221007_204630,100885
1016790_20221007_163323,100886
1016790_20221009_214427,100887
1016790_20221009_235431,100888
1016790_20221010_045152,100889
1016790_20221012_224211,100890
1016790_20221019_130211,100891
1016790_20221022_234103,100892
1016790_20221104_145709,100893
1016790_20221109_225429,100894
1016790_20221109_104511,100895
1016790_20221111_031032,100896
1016790_20221111_165931,100897
1016790_20221112_121333,100898
1016790_20221114_154152,100899
1016790_20221115_085148,100900
1016790_20221115_123609,100901
1016790_20221116_075654,100902
1016790_20221119_095248,100903
1016790_20221120_015255,100904
1016790_20221129_133038,100905
1016790_20221129_191324,100906
1016790_20221130_112220,100907
1017824_20180101_135346,100908
1018641_20180101_105713,100909
1018641_20180620_172032,100910
1018641_20180814_035801,100911
1018641_20180818_123935,100912
1018641_20180823_133103,100913
1018641_20181126_205014,100914
1018641_20190531_124700,100915
1018641_20190906_184959,100916
1018641_20191121_034425,100917
1018641_20200318_225338,100918
1018641_20200613_200441,100919
1018641_20210405_011047,100920
1018641_20211103_203430,100921
1018641_20211103_055150,100922
1018641_20211103_062050,100923
1018641_20211220_215020,100924
1018641_20211220_214927,100925
1018641_20211220_223047,100926
1018641_20211221_013752,100927
1018641_20211221_032956,100928
1018641_20211221_050647,100929
1018641_20211221_003348,100930
1018641_20211224_012836,100931
1018641_20211227_004032,100932
1018641_20211229_175606,100933
1018641_20220104_062511,100934
1018641_20220115_025839,100935
1018641_20220118_082953,100936
1018641_20220120_193545,100937
1018641_20220310_194336,100938
1018641_20220321_154536,100939
1018641_20220415_044559,100940
1018641_20220428_161859,100941
1018641_20220430_203304,100942
1018641_20220627_122528,100943
1018641_20220703_164436,100944
1018641_20220714_225004,100945
1018641_20220719_092803,100946
1018641_20220820_185736,100947
1018641_20220913_162732,100948
nc73889661_20180101_071743,100949
nc73889661_20180811_162110,100950
nc73889661_20181019_014552,100951
nc73889661_20181102_175158,100952
nc73889661_20190521_211505,100953
nc73889661_20200818_074221,100954
nc73889661_20210311_144030,100955
nc73889661_20210901_213944,100956
nc73889661_20211103_010327,100957
nc73889661_20211119_080933,100958
nc73889661_20211220_224147,100959
nc73889661_20211220_223939,100960
nc73889661_20211220_234413,100961
nc73889661_20211220_202004,100962
nc73889661_20211220_203920,100963
nc73889661_20211220_221348,100964
nc73889661_20211220_231145,100965
nc73889661_20211220_235429,100966
nc73889661_20211221_105623,100967
nc73889661_20211221_042059,100968
nc73889661_20211221_020025,100969
nc73889661_20211221_202846,100970
nc73889661_20211221_005756,100971
nc73889661_20211222_061637,100972
nc73889661_20211222_042446,100973
nc73889661_20211222_084817,100974
nc73889661_20211223_215808,100975
nc73889661_20211223_105557,100976
nc73889661_20211224_103850,100977
nc73889661_20211224_004840,100978
nc73889661_20211225_202503,100979
nc73889661_20220104_083323,100980
nc73889661_20220308_125615,100981
1009820_20180102_210455,100982
1009820_20180106_084845,100983
1009820_20181222_205619,100984
1009820_20190730_061210,100985
1009820_20200202_191058,100986
1009820_20200627_174148,100987
1009820_20220427_110223,100988
1010548_20180102_190614,100989
1010548_20180102_191039,100990
1010548_20180102_190804,100991
1010548_20180103_012140,100992
1010548_20180103_012842,100993
1010548_20180103_013714,100994
1010548_20180420_131924,100995
1010548_20180810_204550,100996
1010548_20190129_075459,100997
1010548_20190509_145850,100998
1010548_20190916_154406,100999
1010548_20191101_040339,101000
1010548_20191203_185427,101001
1010548_20200207_093026,101002
1010548_20200208_022857,101003
1010548_20200718_135004,101004
1010548_20201111_193559,101005
1010548_20210120_112538,101006
1010548_20210609_170930,101007
1010548_20210810_052155,101008
1010548_20210810_044714,101009
1010548_20210821_033328,101010
1010548_20210904_151624,101011
1010548_20210924_042913,101012
1010548_20211019_213302,101013
1010548_20220519_065659,101014
1010548_20220712_195802,101015
1010548_20220717_003715,101016
1010548_20221121_035141,101017
1012293_20180102_190609,101018
1012293_20180102_191035,101019
1012293_20180103_012135,101020
1012293_20180103_124936,101021
1012293_20180103_013438,101022
1012293_20180103_231148,101023
1012293_20180103_202936,101024
1012293_20180103_012725,101025
1012293_20180103_014311,101026
1012293_20180103_042527,101027
1012293_20180103_115444,101028
1012293_20180103_012720,101029
1012293_20180103_091148,101030
1012293_20180103_014052,101031
1012293_20180103_013032,101032
1012293_20180103_012838,101033
1012293_20180104_093634,101034
1012293_20180104_030453,101035
1012293_20180105_202342,101036
1012293_20180106_111435,101037
1012293_20180106_115944,101038
1012293_20180106_104206,101039
1012293_20191230_122923,101040
1013868_20180102_201606,101041
1013868_20180102_210457,101042
1013868_20180103_012729,101043
1013868_20180103_014201,101044
1013868_20180103_014315,101045
1013868_20180103_013442,101046
1013868_20180103_115449,101047
1013868_20180103_231152,101048
1013868_20180103_013036,101049
1013868_20180103_040504,101050
1013868_20180106_145755,101051
1013868_20180106_115948,101052
1013868_20190524_082306,101053
1013868_20190629_024215,101054
1013868_20190629_084336,101055
1013868_20190822_165941,101056
1013868_20190922_070341,101057
1013868_20191210_044216,101058
1013868_20191210_040122,101059
1013868_20191210_014930,101060
1013868_20200901_091141,101061
1013868_20200905_043129,101062
1013868_20201124_010338,101063
1013868_20210821_033308,101064
1013868_20210919_023015,101065
1013868_20221119_105058,101066
1016682_20180102_123111,101067
1016682_20180224_174036,101068
1016682_20180224_165551,101069
1016682_20180323_035011,101070
1016682_20180325_181856,101071
1016682_20180404_153159,101072
1016682_20180505_143303,101073
1016682_20180509_015443,101074
1016682_20180510_015630,101075
1016682_20180527_125628,101076
1016682_20180621_102956,101077
1016682_20180804_081007,101078
1016682_20180804_102251,101079
1016682_20180919_205823,101080
1016682_20180921_062836,101081
1016682_20180925_142933,101082
1016682_20190623_090649,101083
1016682_20190623_042220,101084
1016682_20190623_130707,101085
1016682_20190623_045527,101086
1016682_20190623_171948,101087
1016682_20190623_080103,101088
1016682_20190623_041958,101089
1016682_20190623_042809,101090
1016682_20190623_082456,101091
1016682_20190623_044835,101092
1016682_20190623_071434,101093
1016682_20190623_101404,101094
1016682_20190623_212318,101095
1016682_20190623_110530,101096
1016682_20190623_221749,101097
1016682_20190624_161640,101098
1016682_20190625_062618,101099
1016682_20190625_100847,101100
1016682_20190626_085735,101101
1016682_20190701_193005,101102
1016682_20190702_112019,101103
1016682_20190703_180242,101104
1016682_20190707_191825,101105
1016682_20190708_114241,101106
1016682_20190710_131210,101107
1016682_20190713_104210,101108
1016682_20190715_210013,101109
1016682_20190715_222327,101110
1016682_20190716_191000,101111
1016682_20190717_114820,101112
1016682_20190820_232437,101113
1016682_20190822_161249,101114
1016682_20190903_012848,101115
1016682_20190912_073530,101116
1016682_20191024_112921,101117
1016682_20191024_112758,101118
1016682_20191101_204236,101119
1016682_20191108_134254,101120
1016682_20191122_023316,101121
1016682_20191123_212346,101122
1016682_20191126_044337,101123
1016682_20191218_144802,101124
1016682_20191223_164639,101125
1016682_20191229_003109,101126
1016682_20200224_200211,101127
1016682_20200316_144042,101128
1016682_20200317_055619,101129
1016682_20200401_102918,101130
1016682_20200401_073149,101131
1016682_20200401_073219,101132
1016682_20200424_162505,101133
1016682_20200608_054742,101134
1016682_20200617_011502,101135
1016682_20200622_061046,101136
1016682_20210623_004532,101137
1016682_20211021_183524,101138
1016682_20211128_101027,101139
1016682_20211220_093129,101140
1016682_20211226_110938,101141
1016682_20211229_073916,101142
1016682_20220225_052956,101143
1016682_20220531_011039,101144
1016682_20220625_221928,101145
1016682_20220705_151647,101146
1016682_20220821_212841,101147
1016682_20220821_214011,101148
1016682_20220905_233358,101149
1016682_20221020_174927,101150
1018391_20180102_072051,101151
1018391_20180204_044136,101152
1018391_20180206_190731,101153
1018391_20180313_113158,101154
1018391_20180413_014816,101155
1018391_20180602_181756,101156
1018391_20180619_110949,101157
1018391_20180815_112711,101158
1018391_20180815_122405,101159
1018391_20180927_140058,101160
1018391_20181017_022624,101161
1018391_20181019_081639,101162
1018391_20181216_181811,101163
1018391_20190118_145741,101164
1018391_20190507_211944,101165
1018391_20190616_093353,101166
1018391_20190712_203253,101167
1018391_20190721_143953,101168
1018391_20190803_190126,101169
1018391_20190803_185406,101170
1018391_20190804_231559,101171
1018391_20190809_081326,101172
1018391_20190913_160850,101173
1018391_20191006_115214,101174
1018391_20191009_164750,101175
1018391_20191025_141637,101176
1018391_20191103_092232,101177
1018391_20191112_003452,101178
1018391_20191127_084606,101179
1018391_20191219_055449,101180
1018391_20200118_124015,101181
1018391_20200123_013552,101182
1018391_20200125_021125,101183
1018391_20200129_182729,101184
1018391_20200204_081654,101185
1018391_20200208_002418,101186
1018391_20200212_160741,101187
1018391_20200309_210910,101188
1018391_20200323_100801,101189
1018391_20200323_101240,101190
1018391_20200404_215054,101191
1018391_20200405_055622,101192
1018391_20200406_175848,101193
1018391_20200410_160513,101194
1018391_20200528_092223,101195
1018391_20200603_022633,101196
1018391_20200620_143212,101197
1018391_20200727_031818,101198
1018391_20200728_122735,101199
1018391_20200823_133249,101200
1018391_20200916_074627,101201
1018391_20201029_190243,101202
1018391_20201227_215134,101203
1018391_20201228_230156,101204
1018391_20210110_032249,101205
1018391_20210202_153409,101206
1018391_20210219_050119,101207
1018391_20210406_003257,101208
1018391_20210414_083728,101209
1018391_20210427_153802,101210
1018391_20210509_014327,101211
1018391_20210529_033711,101212
1018391_20210602_040020,101213
1018391_20210607_012200,101214
1018391_20210620_041215,101215
1018391_20210711_081713,101216
1018391_20210812_053727,101217
1018391_20210901_193135,101218
1018391_20210907_084028,101219
1018391_20210909_160907,101220
1018391_20210913_185128,101221
1018391_20211102_002550,101222
1018391_20211112_150552,101223
1018391_20211121_125005,101224
1018391_20211205_115447,101225
1018391_20211220_203355,101226
1018391_20211220_225749,101227
1018391_20211220_212919,101228
1018391_20211220_213949,101229
1018391_20211220_225113,101230
1018391_20211220_213249,101231
1018391_20211220_081844,101232
1018391_20211220_231622,101233
1018391_20211220_213903,101234
1018391_20211220_214253,101235
1018391_20211220_211423,101236
1018391_20211220_220331,101237
1018391_20211220_230438,101238
1018391_20211220_201907,101239
1018391_20211220_210927,101240
1018391_20211220_230507,101241
1018391_20211220_230800,101242
1018391_20211220_224916,101243
1018391_20211220_231822,101244
1018391_20211220_212941,101245
1018391_20211220_214430,101246
1018391_20211220_223010,101247
1018391_20211220_213600,101248
1018391_20211220_212443,101249
1018391_20211221_060442,101250
1018391_20211221_081730,101251
1018391_20211221_070606,101252
1018391_20211221_104408,101253
1018391_20211221_044407,101254
1018391_20211221_231550,101255
1018391_20211221_001208,101256
1018391_20211221_114254,101257
1018391_20211221_035003,101258
1018391_20211221_045200,101259
1018391_20211221_053618,101260
1018391_20211221_012518,101261
1018391_20211221_063341,101262
1018391_20211221_031002,101263
1018391_20211221_063455,101264
1018391_20211221_072443,101265
1018391_20211221_015859,101266
1018391_20211221_011215,101267
1018391_20211221_105746,101268
1018391_20211221_130359,101269
1018391_20211221_034557,101270
1018391_20211221_202033,101271
1018391_20211221_051658,101272
1018391_20211221_032207,101273
1018391_20211221_080024,101274
1018391_20211221_060813,101275
1018391_20211221_030234,101276
1018391_20211221_004847,101277
1018391_20211221_182153,101278
1018391_20211222_205840,101279
1018391_20211222_001559,101280
1018391_20211222_072929,101281
1018391_20211222_212256,101282
1018391_20211222_045857,101283
1018391_20211222_042341,101284
1018391_20211222_033904,101285
1018391_20211222_121842,101286
1018391_20211222_050146,101287
1018391_20211222_205628,101288
1018391_20211222_023641,101289
1018391_20211222_013559,101290
1018391_20211223_112223,101291
1018391_20211223_162541,101292
1018391_20211223_064314,101293
1018391_20211223_230011,101294
1018391_20211223_092918,101295
1018391_20211224_042009,101296
1018391_20211224_224728,101297
1018391_20211224_023125,101298
1018391_20211224_174028,101299
1018391_20211224_184132,101300
1018391_20211224_184252,101301
1018391_20211225_142327,101302
1018391_20211225_065545,101303
1018391_20211225_053513,101304
1018391_20211226_160134,101305
1018391_20211226_181952,101306
1018391_20211226_042241,101307
1018391_20211226_161054,101308
1018391_20211227_091808,101309
1018391_20211227_210009,101310
1018391_20211227_135624,101311
1018391_20211227_053631,101312
1018391_20211227_063000,101313
1018391_20211227_130457,101314
1018391_20211227_033058,101315
1018391_20211227_034319,101316
1018391_20211227_032223,101317
1018391_20211227_045401,101318
1018391_20211228_123854,101319
1018391_20211228_072516,101320
1018391_20211228_043655,101321
1018391_20211228_054125,101322
1018391_20211229_120643,101323
1018391_20211229_084231,101324
1018391_20211229_121240,101325
1018391_20211230_023023,101326
1018391_20211230_160207,101327
1018391_20211231_180452,101328
1018391_20211231_194246,101329
1018391_20211231_054705,101330
1018391_20220101_080550,101331
1018391_20220102_213500,101332
1018391_20220102_083854,101333
1018391_20220103_235921,101334
1018391_20220105_181100,101335
1018391_20220105_104239,101336
1018391_20220105_165716,101337
1018391_20220106_125525,101338
1018391_20220109_012053,101339
1018391_20220110_071559,101340
1018391_20220110_010720,101341
1018391_20220110_061608,101342
1018391_20220111_045919,101343
1018391_20220111_125845,101344
1018391_20220112_072641,101345
1018391_20220112_162836,101346
1018391_20220112_013813,101347
1018391_20220112_184023,101348
1018391_20220115_052046,101349
1018391_20220115_091122,101350
1018391_20220116_232801,101351
1018391_20220116_211922,101352
1018391_20220119_153454,101353
1018391_20220120_012209,101354
1018391_20220124_074345,101355
1018391_20220125_044154,101356
1018391_20220126_080519,101357
1018391_20220129_234214,101358
1018391_20220131_001557,101359
1018391_20220131_150752,101360
1018391_20220201_090220,101361
1018391_20220201_044225,101362
1018391_20220202_020840,101363
1018391_20220209_101142,101364
1018391_20220211_135847,101365
1018391_20220211_150229,101366
1018391_20220212_062348,101367
1018391_20220213_021458,101368
1018391_20220216_001051,101369
1018391_20220216_203740,101370
1018391_20220217_123444,101371
1018391_20220217_194740,101372
1018391_20220217_063752,101373
1018391_20220219_165609,101374
1018391_20220225_035245,101375
1018391_20220226_210805,101376
1018391_20220228_162601,101377
1018391_20220306_100124,101378
1018391_20220306_035127,101379
1018391_20220307_221656,101380
1018391_20220312_061032,101381
1018391_20220317_042306,101382
1018391_20220402_142934,101383
1018391_20220402_052028,101384
1018391_20220403_004640,101385
1018391_20220408_042726,101386
1018391_20220415_114931,101387
1018391_20220419_113111,101388
1018391_20220424_054636,101389
1018391_20220425_011851,101390
1018391_20220428_040559,101391
1018391_20220502_120246,101392
1018391_20220503_084542,101393
1018391_20220513_175015,101394
1018391_20220514_182341,101395
1018391_20220516_125847,101396
1018391_20220518_051022,101397
1018391_20220528_054312,101398
1018391_20220528_034110,101399
1018391_20220609_004452,101400
1018391_20220612_110314,101401
1018391_20220613_225922,101402
1018391_20220616_162656,101403
1018391_20220619_074736,101404
1018391_20220705_090021,101405
1018391_20220725_181717,101406
1018391_20220726_003340,101407
1018391_20220728_180324,101408
1018391_20220812_083737,101409
1018391_20220822_050510,101410
1018391_20220826_214816,101411
1018391_20220830_030418,101412
1018391_20220916_044317,101413
1018391_20220924_201642,101414
1018391_20220924_214546,101415
1018391_20220924_225046,101416
1018391_20221003_022513,101417
1018391_20221009_104557,101418
1018391_20221009_081353,101419
1018391_20221010_212223,101420
1018391_20221015_052326,101421
1018391_20221023_045104,101422
1018391_20221105_122153,101423
1018391_20221112_125710,101424
1018391_20221116_003950,101425
1018391_20221121_155840,101426
1018391_20221122_232122,101427
1018391_20221125_102552,101428
nc73889196_20180102_132936,101429
nc73889196_20180126_163051,101430
nc73889196_20180221_171233,101431
nc73889196_20180421_192943,101432
nc73889196_20180515_212038,101433
nc73889196_20180716_092810,101434
nc73889196_20180731_135114,101435
nc73889196_20180916_132602,101436
nc73889196_20180916_101337,101437
nc73889196_20180925_073057,101438
nc73889196_20180928_093139,101439
nc73889196_20180928_091413,101440
nc73889196_20181107_014915,101441
nc73889196_20181107_033248,101442
nc73889196_20181120_120837,101443
nc73889196_20181210_192500,101444
nc73889196_20181210_233150,101445
nc73889196_20190101_170648,101446
nc73889196_20190125_144326,101447
nc73889196_20190127_060220,101448
nc73889196_20190129_194058,101449
nc73889196_20190208_124238,101450
nc73889196_20190208_021948,101451
nc73889196_20190213_075629,101452
nc73889196_20190213_074643,101453
nc73889196_20190228_061801,101454
nc73889196_20190228_114528,101455
nc73889196_20190302_205901,101456
nc73889196_20190302_213309,101457
nc73889196_20190312_025625,101458
nc73889196_20190319_220655,101459
nc73889196_20190320_121254,101460
nc73889196_20190326_130152,101461
nc73889196_20190326_125153,101462
nc73889196_20190326_125720,101463
nc73889196_20190404_180116,101464
nc73889196_20190425_221150,101465
nc73889196_20190512_144651,101466
nc73889196_20190515_124720,101467
nc73889196_20190519_054308,101468
nc73889196_20190519_061622,101469
nc73889196_20190519_060253,101470
nc73889196_20190519_055356,101471
nc73889196_20190527_052120,101472
nc73889196_20190625_023752,101473
nc73889196_20190716_220144,101474
nc73889196_20190802_192522,101475
nc73889196_20190802_193116,101476
nc73889196_20190806_195457,101477
nc73889196_20190807_171708,101478
nc73889196_20190816_032831,101479
nc73889196_20190903_030652,101480
nc73889196_20190928_055547,101481
nc73889196_20191001_120513,101482
nc73889196_20191003_063023,101483
nc73889196_20191012_170901,101484
nc73889196_20191024_143047,101485
nc73889196_20191101_080219,101486
nc73889196_20191112_190238,101487
nc73889196_20191226_033707,101488
nc73889196_20191230_022616,101489
nc73889196_20200109_022846,101490
nc73889196_20200213_033650,101491
nc73889196_20200213_034916,101492
nc73889196_20200213_045557,101493
nc73889196_20200213_044603,101494
nc73889196_20200224_060245,101495
nc73889196_20200308_030808,101496
nc73889196_20200310_164114,101497
nc73889196_20200311_211812,101498
nc73889196_20200324_122500,101499
nc73889196_20200324_071313,101500
nc73889196_20200331_141651,101501
nc73889196_20200402_061442,101502
nc73889196_20200402_092402,101503
nc73889196_20200419_090113,101504
nc73889196_20200502_143004,101505
nc73889196_20200526_134653,101506
nc73889196_20200527_141323,101507
nc73889196_20200601_061451,101508
nc73889196_20200603_075145,101509
nc73889196_20200607_210025,101510
nc73889196_20200616_192138,101511
nc73889196_20200626_034736,101512
nc73889196_20200703_095833,101513
nc73889196_20200708_140332,101514
nc73889196_20200715_092102,101515
nc73889196_20200907_034439,101516
nc73889196_20200907_045705,101517
nc73889196_20200912_101117,101518
nc73889196_20200918_065841,101519
nc73889196_20200930_061807,101520
nc73889196_20201002_073202,101521
nc73889196_20201004_103619,101522
nc73889196_20201018_051738,101523
nc73889196_20201027_134740,101524
nc73889196_20201030_232400,101525
nc73889196_20201106_041413,101526
nc73889196_20201115_100152,101527
nc73889196_20201202_043619,101528
nc73889196_20201217_064445,101529
nc73889196_20210112_020819,101530
nc73889196_20210119_174249,101531
nc73889196_20210119_180113,101532
nc73889196_20210120_002712,101533
nc73889196_20210123_191148,101534
nc73889196_20210128_044111,101535
nc73889196_20210201_041208,101536
nc73889196_20210323_094554,101537
nc73889196_20210406_111912,101538
nc73889196_20210426_070245,101539
nc73889196_20210427_062815,101540
nc73889196_20210507_212529,101541
nc73889196_20210615_104643,101542
nc73889196_20210704_000536,101543
nc73889196_20210713_215900,101544
nc73889196_20210718_020104,101545
nc73889196_20210721_103648,101546
nc73889196_20210828_131856,101547
nc73889196_20210903_123339,101548
nc73889196_20211007_180513,101549
nc73889196_20211122_022523,101550
nc73889196_20211122_015748,101551
nc73889196_20211122_212358,101552
nc73889196_20211127_133329,101553
nc73889196_20211204_193529,101554
nc73889196_20211213_100331,101555
nc73889196_20211221_024852,101556
nc73889196_20220116_230224,101557
nc73889196_20220216_133440,101558
nc73889196_20220217_172538,101559
nc73889196_20220312_071115,101560
nc73889196_20220404_113509,101561
nc73889196_20220405_094827,101562
nc73889196_20220409_171605,101563
nc73889196_20220511_212145,101564
nc73889196_20220530_134837,101565
nc73889196_20220530_133056,101566
nc73889196_20220530_133935,101567
nc73889196_20220610_143812,101568
nc73889196_20220614_063406,101569
nc73889196_20220623_225439,101570
nc73889196_20220706_175456,101571
nc73889196_20220710_211348,101572
nc73889196_20220922_034837,101573
nc73889196_20221003_025020,101574
nc73889196_20221019_124439,101575
1011487_20180103_014158,101576
1011487_20180315_104508,101577
1011487_20190320_013038,101578
1011487_20190521_171957,101579
1011487_20190716_091436,101580
1011487_20190831_142533,101581
1011487_20210721_015733,101582
1011487_20220813_123341,101583
1011487_20220813_130715,101584
1011679_20180103_033721,101585
1011679_20180130_062707,101586
1011679_20180205_172519,101587
1011679_20180205_070003,101588
1011679_20180205_083418,101589
1011679_20180205_065802,101590
1011679_20180205_061524,101591
1011679_20180205_062014,101592
1011679_20180205_062650,101593
1011679_20180205_115545,101594
1011679_20180205_105809,101595
1011679_20180216_054911,101596
1011679_20180302_050517,101597
1011679_20180306_164217,101598
1011679_20180907_153848,101599
1011679_20180909_023147,101600
1011679_20180928_184843,101601
1011679_20180929_110837,101602
1011679_20181108_050809,101603
1011679_20190409_222344,101604
1011679_20190916_210453,101605
1011679_20200503_034844,101606
1011679_20200604_095934,101607
1011679_20200608_053737,101608
1011679_20200831_230456,101609
1011679_20201218_230557,101610
1011679_20210117_015022,101611
1011679_20210709_064759,101612
1011679_20210919_094236,101613
1011679_20220107_190302,101614
1011679_20220207_023730,101615
1011679_20220928_155637,101616
1013387_20180103_224602,101617
1013387_20180601_201051,101618
1013387_20180729_215045,101619
1013387_20191104_172751,101620
1013387_20191104_172649,101621
1013387_20191104_172800,101622
1013387_20191124_052522,101623
1013387_20200409_072816,101624
1013387_20200927_021204,101625
1013387_20210322_040254,101626
1013387_20210918_021618,101627
1013387_20211205_022544,101628
1013387_20211221_032330,101629
1013387_20220515_092910,101630
1013387_20220530_084150,101631
1013387_20220702_034641,101632
1014536_20180103_105646,101633
1014536_20180522_072715,101634
1014536_20180626_143127,101635
1014536_20180929_200349,101636
1014536_20181119_155935,101637
1014536_20190113_202305,101638
1014536_20190328_114614,101639
1014536_20200217_133616,101640
1014536_20201110_132559,101641
1014536_20210206_010326,101642
1014536_20210224_011301,101643
1014536_20210609_041141,101644
1014536_20210615_014436,101645
1014536_20210920_073052,101646
1014536_20210922_092309,101647
1014536_20210926_153826,101648
1014536_20211228_045952,101649
1014536_20220805_040233,101650
1014536_20221031_001246,101651
1018694_20180103_162257,101652
1018694_20180108_005832,101653
1018694_20180109_121949,101654
1018694_20180113_042203,101655
1018694_20180115_015131,101656
1018694_20180115_234623,101657
1018694_20180115_190555,101658
1018694_20180115_141124,101659
1018694_20180116_034515,101660
1018694_20180116_020157,101661
1018694_20180116_020521,101662
1018694_20180125_172139,101663
1018694_20180130_051556,101664
1018694_20180201_145027,101665
1018694_20180204_051451,101666
1018694_20180211_130209,101667
1018694_20180214_120748,101668
1018694_20180215_130240,101669
1018694_20180224_152029,101670
1018694_20180226_130839,101671
1018694_20180311_025323,101672
1018694_20180312_190022,101673
1018694_20180315_125603,101674
1018694_20180317_085356,101675
1018694_20180323_062441,101676
1018694_20180327_033955,101677
1018694_20180328_010617,101678
1018694_20180330_091324,101679
1018694_20180331_021202,101680
1018694_20180331_123930,101681
1018694_20180401_090703,101682
1018694_20180410_130338,101683
1018694_20180410_083639,101684
1018694_20180414_080307,101685
1018694_20180416_124103,101686
1018694_20180429_054810,101687
1018694_20180429_110812,101688
1018694_20180430_130646,101689
1018694_20180502_013023,101690
1018694_20180506_133227,101691
1018694_20180508_011229,101692
1018694_20180513_115442,101693
1018694_20180513_123404,101694
1018694_20180513_101425,101695
1018694_20180513_135919,101696
1018694_20180524_223759,101697
1018694_20180529_045853,101698
1018694_20180531_051730,101699
1018694_20180602_111458,101700
1018694_20180604_050449,101701
1018694_20180612_090729,101702
1018694_20180617_063129,101703
1018694_20180617_112609,101704
1018694_20180619_153209,101705
1018694_20180623_051400,101706
1018694_20180626_194129,101707
1018694_20180627_102455,101708
1018694_20180701_033911,101709
1018694_20180701_182540,101710
1018694_20180706_085230,101711
1018694_20180718_200655,101712
1018694_20180725_140321,101713
1018694_20180727_191238,101714
1018694_20180727_173857,101715
1018694_20180803_194419,101716
1018694_20180803_141510,101717
1018694_20180810_155944,101718
1018694_20180810_160630,101719
1018694_20180811_182039,101720
1018694_20180817_050556,101721
1018694_20180817_012905,101722
1018694_20180821_184449,101723
1018694_20180827_104053,101724
1018694_20180831_170636,101725
1018694_20180904_032825,101726
1018694_20180904_232924,101727
1018694_20180910_174329,101728
1018694_20180915_143003,101729
1018694_20180915_115148,101730
1018694_20180916_110546,101731
1018694_20181007_132408,101732
1018694_20181010_013541,101733
1018694_20181010_233245,101734
1018694_20181018_025929,101735
1018694_20181023_065412,101736
1018694_20181024_100703,101737
1018694_20181025_234821,101738
1018694_20181030_011224,101739
1018694_20181031_140659,101740
1018694_20181101_085603,101741
1018694_20181102_053157,101742
1018694_20181107_200242,101743
1018694_20181108_151908,101744
1018694_20181119_031746,101745
1018694_20181120_205432,101746
1018694_20181124_090423,101747
1018694_20181127_013302,101748
1018694_20181201_234150,101749
1018694_20181201_101325,101750
1018694_20181202_023305,101751
1018694_20181209_225821,101752
1018694_20181211_075640,101753
1018694_20181211_113437,101754
1018694_20181217_040432,101755
1018694_20181226_065805,101756
1018694_20181228_024443,101757
1018694_20181231_230549,101758
1018694_20181231_225612,101759
1018694_20190101_002830,101760
1018694_20190105_234230,101761
1018694_20190111_190410,101762
1018694_20190115_090105,101763
1018694_20190115_215614,101764
1018694_20190122_033852,101765
1018694_20190124_044749,101766
1018694_20190127_200110,101767
1018694_20190128_160005,101768
1018694_20190128_124853,101769
1018694_20190128_205539,101770
1018694_20190128_130151,101771
1018694_20190128_135031,101772
1018694_20190201_104025,101773
1018694_20190202_104357,101774
1018694_20190209_021033,101775
1018694_20190211_023821,101776
1018694_20190214_143434,101777
1018694_20190224_155059,101778
1018694_20190301_212549,101779
1018694_20190302_100937,101780
1018694_20190302_124044,101781
1018694_20190302_090046,101782
1018694_20190309_231312,101783
1018694_20190313_110745,101784
1018694_20190316_053005,101785
1018694_20190319_162737,101786
1018694_20190323_084911,101787
1018694_20190329_232827,101788
1018694_20190405_195400,101789
1018694_20190406_150214,101790
1018694_20190408_064936,101791
1018694_20190412_162707,101792
1018694_20190414_151845,101793
1018694_20190415_022640,101794
1018694_20190416_150133,101795
1018694_20190421_110907,101796
1018694_20190421_115115,101797
1018694_20190423_053757,101798
1018694_20190428_194638,101799
1018694_20190429_052447,101800
1018694_20190501_175217,101801
1018694_20190505_003059,101802
1018694_20190507_034235,101803
1018694_20190508_194450,101804
1018694_20190511_072421,101805
1018694_20190511_074550,101806
1018694_20190512_083121,101807
1018694_20190519_043502,101808
1018694_20190523_121215,101809
1018694_20190527_183548,101810
1018694_20190601_032726,101811
1018694_20190601_122803,101812
1018694_20190606_202200,101813
1018694_20190606_202348,101814
1018694_20190611_114414,101815
1018694_20190612_124615,101816
1018694_20190612_095554,101817
1018694_20190616_081510,101818
1018694_20190617_133240,101819
1018694_20190620_043541,101820
1018694_20190620_040137,101821
1018694_20190620_034033,101822
1018694_20190620_091454,101823
1018694_20190620_054601,101824
1018694_20190622_055635,101825
1018694_20190626_061237,101826
1018694_20190630_043549,101827
1018694_20190707_040801,101828
1018694_20190707_235152,101829
1018694_20190707_050121,101830
1018694_20190707_043140,101831
1018694_20190707_134609,101832
1018694_20190708_170715,101833
1018694_20190708_005540,101834
1018694_20190716_234300,101835
1018694_20190722_073745,101836
1018694_20190722_080415,101837
1018694_20190722_193433,101838
1018694_20190725_054114,101839
1018694_20190726_115329,101840
1018694_20190728_083312,101841
1018694_20190729_070830,101842
1018694_20190731_031937,101843
1018694_20190802_014107,101844
1018694_20190802_014225,101845
1018694_20190810_154748,101846
1018694_20190813_035016,101847
1018694_20190818_204452,101848
1018694_20190822_211300,101849
1018694_20190822_204624,101850
1018694_20190825_040610,101851
1018694_20190828_193530,101852
1018694_20190828_194124,101853
1018694_20190830_100942,101854
1018694_20190831_193335,101855
1018694_20190903_132441,101856
1018694_20190905_195652,101857
1018694_20190906_091902,101858
1018694_20190911_141514,101859
1018694_20190911_010136,101860
1018694_20190914_200442,101861
1018694_20190918_073350,101862
1018694_20190919_072536,101863
1018694_20190924_063711,101864
1018694_20190929_091715,101865
1018694_20191001_155130,101866
1018694_20191001_053939,101867
1018694_20191003_061252,101868
1018694_20191003_144322,101869
1018694_20191009_103620,101870
1018694_20191011_030735,101871
1018694_20191013_185521,101872
1018694_20191014_211020,101873
1018694_20191015_025757,101874
1018694_20191015_075809,101875
1018694_20191015_003549,101876
1018694_20191023_132905,101877
1018694_20191024_202120,101878
1018694_20191025_070722,101879
1018694_20191025_085107,101880
1018694_20191026_222538,101881
1018694_20191028_085601,101882
1018694_20191028_084541,101883
1018694_20191028_111405,101884
1018694_20191028_112843,101885
1018694_20191028_070507,101886
1018694_20191029_230709,101887
1018694_20191030_124749,101888
1018694_20191031_204944,101889
1018694_20191101_041223,101890
1018694_20191108_020723,101891
1018694_20191113_205029,101892
1018694_20191115_201528,101893
1018694_20191117_092012,101894
1018694_20191122_024805,101895
1018694_20191124_173835,101896
1018694_20191126_032216,101897
1018694_20191127_150639,101898
1018694_20191206_190659,101899
1018694_20191206_181047,101900
1018694_20191207_000311,101901
1018694_20191222_093924,101902
1018694_20191229_042339,101903
1018694_20200104_172420,101904
1018694_20200108_202714,101905
1018694_20200115_174230,101906
1018694_20200115_125057,101907
1018694_20200117_004509,101908
1018694_20200118_194853,101909
1018694_20200119_101719,101910
1018694_20200120_180612,101911
1018694_20200121_042043,101912
1018694_20200206_025153,101913
1018694_20200220_022403,101914
1018694_20200224_125009,101915
1018694_20200228_020947,101916
1018694_20200305_133935,101917
1018694_20200309_231810,101918
1018694_20200313_202654,101919
1018694_20200315_205345,101920
1018694_20200316_165350,101921
1018694_20200316_165135,101922
1018694_20200318_231752,101923
1018694_20200319_053545,101924
1018694_20200322_164448,101925
1018694_20200322_182049,101926
1018694_20200323_140437,101927
1018694_20200330_180938,101928
1018694_20200330_125256,101929
1018694_20200405_012723,101930
1018694_20200406_110751,101931
1018694_20200411_224322,101932
1018694_20200417_101506,101933
1018694_20200419_202443,101934
1018694_20200421_202507,101935
1018694_20200423_165836,101936
1018694_20200423_155057,101937
1018694_20200428_210339,101938
1018694_20200502_200619,101939
1018694_20200505_204514,101940
1018694_20200507_103940,101941
1018694_20200508_044827,101942
1018694_20200512_103218,101943
1018694_20200517_223335,101944
1018694_20200517_213917,101945
1018694_20200522_062009,101946
1018694_20200522_152644,101947
1018694_20200527_232147,101948
1018694_20200528_032816,101949
1018694_20200528_154012,101950
1018694_20200530_130950,101951
1018694_20200606_173356,101952
1018694_20200607_112700,101953
1018694_20200608_063215,101954
1018694_20200608_024621,101955
1018694_20200609_043211,101956
1018694_20200617_070640,101957
1018694_20200617_145544,101958
1018694_20200617_082536,101959
1018694_20200621_044431,101960
1018694_20200626_160823,101961
1018694_20200626_152813,101962
1018694_20200626_095307,101963
1018694_20200628_060100,101964
1018694_20200701_231457,101965
1018694_20200702_094528,101966
1018694_20200704_102711,101967
1018694_20200705_074533,101968
1018694_20200715_144838,101969
1018694_20200715_064405,101970
1018694_20200716_140942,101971
1018694_20200719_181535,101972
1018694_20200724_235846,101973
1018694_20200724_235616,101974
1018694_20200724_172556,101975
1018694_20200724_122635,101976
1018694_20200728_194123,101977
1018694_20200730_183028,101978
1018694_20200809_082035,101979
1018694_20200809_082246,101980
1018694_20200816_165134,101981
1018694_20200818_235248,101982
1018694_20200820_213146,101983
1018694_20200820_204752,101984
1018694_20200822_044211,101985
1018694_20200822_160341,101986
1018694_20200824_191351,101987
1018694_20200830_073846,101988
1018694_20200831_020903,101989
1018694_20200909_233632,101990
1018694_20200910_001617,101991
1018694_20200910_031924,101992
1018694_20200915_055155,101993
1018694_20200918_005833,101994
1018694_20200919_041301,101995
1018694_20200924_191026,101996
1018694_20200928_014413,101997
1018694_20200928_155840,101998
1018694_20201006_154401,101999
1018694_20201010_105502,102000
1018694_20201012_192513,102001
1018694_20201012_200513,102002
1018694_20201014_015141,102003
1018694_20201016_194511,102004
1018694_20201020_165836,102005
1018694_20201021_084043,102006
1018694_20201024_230454,102007
1018694_20201024_235010,102008
1018694_20201101_131854,102009
1018694_20201101_131910,102010
1018694_20201102_032815,102011
1018694_20201106_073813,102012
1018694_20201113_093356,102013
1018694_20201114_055020,102014
1018694_20201114_060125,102015
1018694_20201114_062553,102016
1018694_20201114_070459,102017
1018694_20201114_063754,102018
1018694_20201114_074031,102019
1018694_20201114_055509,102020
1018694_20201115_180703,102021
1018694_20201115_122956,102022
1018694_20201115_201947,102023
1018694_20201122_043058,102024
1018694_20201201_221247,102025
1018694_20201203_021018,102026
1018694_20201205_114501,102027
1018694_20201226_040726,102028
1018694_20201226_193217,102029
1018694_20210101_002059,102030
1018694_20210111_232814,102031
1018694_20210112_174441,102032
1018694_20210116_180919,102033
1018694_20210118_050749,102034
1018694_20210120_080934,102035
1018694_20210121_134946,102036
1018694_20210128_082459,102037
1018694_20210206_212053,102038
1018694_20210210_040411,102039
1018694_20210213_012608,102040
1018694_20210218_123925,102041
1018694_20210228_220707,102042
1018694_20210302_024609,102043
1018694_20210309_195601,102044
1018694_20210311_045552,102045
1018694_20210312_003457,102046
1018694_20210312_121815,102047
1018694_20210312_012153,102048
1018694_20210312_115400,102049
1018694_20210324_052748,102050
1018694_20210325_113552,102051
1018694_20210325_130633,102052
1018694_20210327_201801,102053
1018694_20210329_052023,102054
1018694_20210329_160443,102055
1018694_20210401_122057,102056
1018694_20210402_133156,102057
1018694_20210404_121833,102058
1018694_20210410_152754,102059
1018694_20210410_164038,102060
1018694_20210410_141205,102061
1018694_20210416_053323,102062
1018694_20210416_134143,102063
1018694_20210416_053519,102064
1018694_20210419_123746,102065
1018694_20210425_183334,102066
1018694_20210501_021554,102067
1018694_20210504_215051,102068
1018694_20210504_213856,102069
1018694_20210504_215227,102070
1018694_20210504_213935,102071
1018694_20210507_002429,102072
1018694_20210515_180641,102073
1018694_20210515_123009,102074
1018694_20210519_082956,102075
1018694_20210521_052849,102076
1018694_20210526_174503,102077
1018694_20210528_214034,102078
1018694_20210530_003240,102079
1018694_20210530_040740,102080
1018694_20210530_152846,102081
1018694_20210606_030221,102082
1018694_20210609_114238,102083
1018694_20210612_122259,102084
1018694_20210622_075753,102085
1018694_20210624_193018,102086
1018694_20210625_091608,102087
1018694_20210628_083432,102088
1018694_20210701_102844,102089
1018694_20210701_081902,102090
1018694_20210701_100511,102091
1018694_20210701_102756,102092
1018694_20210702_155709,102093
1018694_20210714_120535,102094
1018694_20210721_122605,102095
1018694_20210721_112214,102096
1018694_20210721_115455,102097
1018694_20210724_003224,102098
1018694_20210730_004927,102099
1018694_20210731_035556,102100
1018694_20210807_175701,102101
1018694_20210823_075058,102102
1018694_20210824_102528,102103
1018694_20210825_113044,102104
1018694_20210828_163047,102105
1018694_20210904_205809,102106
1018694_20210906_035449,102107
1018694_20210908_021601,102108
1018694_20210909_123757,102109
1018694_20210909_123818,102110
1018694_20210910_010131,102111
1018694_20210915_063053,102112
1018694_20210923_005233,102113
1018694_20211004_043217,102114
1018694_20211016_110315,102115
1018694_20211018_023939,102116
1018694_20211023_144414,102117
1018694_20211023_033433,102118
1018694_20211024_175124,102119
1018694_20211025_163931,102120
1018694_20211104_034245,102121
1018694_20211108_051303,102122
1018694_20211110_092640,102123
1018694_20211111_210229,102124
1018694_20211111_062331,102125
1018694_20211112_223500,102126
1018694_20211113_154631,102127
1018694_20211113_074630,102128
1018694_20211122_114523,102129
1018694_20211124_070628,102130
1018694_20211125_113923,102131
1018694_20211130_051225,102132
1018694_20211130_195704,102133
1018694_20211201_150927,102134
1018694_20211201_144656,102135
1018694_20211201_200133,102136
1018694_20211204_190548,102137
1018694_20211211_100936,102138
1018694_20211221_213545,102139
1018694_20211222_115833,102140
1018694_20220104_100908,102141
1018694_20220106_203106,102142
1018694_20220110_182550,102143
1018694_20220110_183128,102144
1018694_20220114_071842,102145
1018694_20220116_200325,102146
1018694_20220116_232659,102147
1018694_20220116_232131,102148
1018694_20220116_233444,102149
1018694_20220117_010955,102150
1018694_20220128_185137,102151
1018694_20220206_062024,102152
1018694_20220211_074204,102153
1018694_20220211_224640,102154
1018694_20220212_122307,102155
1018694_20220217_082439,102156
1018694_20220226_050919,102157
1018694_20220306_080551,102158
1018694_20220313_025757,102159
1018694_20220319_164602,102160
1018694_20220326_020837,102161
1018694_20220326_115948,102162
1018694_20220326_032055,102163
1018694_20220326_052529,102164
1018694_20220327_090200,102165
1018694_20220403_112107,102166
1018694_20220403_111619,102167
1018694_20220421_045143,102168
1018694_20220422_193158,102169
1018694_20220423_143558,102170
1018694_20220501_003425,102171
1018694_20220505_232804,102172
1018694_20220509_200533,102173
1018694_20220512_164417,102174
1018694_20220515_140922,102175
1018694_20220519_045954,102176
1018694_20220521_195855,102177
1018694_20220521_045157,102178
1018694_20220525_202620,102179
1018694_20220526_144651,102180
1018694_20220526_125220,102181
1018694_20220526_174157,102182
1018694_20220603_105843,102183
1018694_20220604_183940,102184
1018694_20220604_183739,102185
1018694_20220607_074202,102186
1018694_20220611_105839,102187
1018694_20220618_230228,102188
1018694_20220622_062450,102189
1018694_20220627_104625,102190
1018694_20220629_154349,102191
1018694_20220630_014934,102192
1018694_20220702_001107,102193
1018694_20220703_152913,102194
1018694_20220710_185256,102195
1018694_20220712_183630,102196
1018694_20220712_104627,102197
1018694_20220718_202507,102198
1018694_20220720_024530,102199
1018694_20220722_111602,102200
1018694_20220723_220739,102201
1018694_20220728_004937,102202
1018694_20220801_112614,102203
1018694_20220801_111415,102204
1018694_20220801_112356,102205
1018694_20220802_110025,102206
1018694_20220829_223901,102207
1018694_20220902_222811,102208
1018694_20220902_210154,102209
1018694_20220905_145702,102210
1018694_20220913_102513,102211
1018694_20220915_102710,102212
1018694_20220915_112229,102213
1018694_20220915_101519,102214
1018694_20220915_104755,102215
1018694_20220923_114923,102216
1018694_20220926_062205,102217
1018694_20220930_192845,102218
1018694_20221002_191928,102219
1018694_20221003_111208,102220
1018694_20221007_215855,102221
1018694_20221008_233352,102222
1018694_20221014_223010,102223
1018694_20221014_234916,102224
1018694_20221017_225240,102225
1018694_20221022_070612,102226
1018694_20221028_012401,102227
1018694_20221108_082511,102228
1018694_20221119_213140,102229
1018694_20221119_130320,102230
1018694_20221120_233852,102231
1018694_20221121_053734,102232
1018694_20221121_034040,102233
1018694_20221122_133711,102234
1018875_20180103_090347,102235
1018875_20180122_142701,102236
1018875_20180301_212012,102237
1018875_20180510_084159,102238
1018875_20180517_102021,102239
1018875_20180602_080701,102240
1018875_20180719_084513,102241
1018875_20180818_102510,102242
1018875_20180916_204304,102243
1018875_20181007_043241,102244
1018875_20181027_160657,102245
1018875_20181124_053217,102246
1018875_20181129_023006,102247
1018875_20181205_054736,102248
1018875_20181214_163327,102249
1018875_20181218_131333,102250
1018875_20190213_084055,102251
1018875_20190217_143248,102252
1018875_20190306_084856,102253
1018875_20190315_112006,102254
1018875_20190318_031705,102255
1018875_20190318_190642,102256
1018875_20190318_023315,102257
1018875_20190406_011702,102258
1018875_20190610_062042,102259
1018875_20190912_164130,102260
1018875_20190916_061556,102261
1018875_20190917_092745,102262
1018875_20190917_042033,102263
1018875_20190917_030318,102264
1018875_20191007_042049,102265
1018875_20191125_150624,102266
1018875_20191129_070207,102267
1018875_20191222_130538,102268
1018875_20191222_124853,102269
1018875_20200102_141535,102270
1018875_20200115_205535,102271
1018875_20200130_080317,102272
1018875_20200202_113534,102273
1018875_20200216_040745,102274
1018875_20200216_233046,102275
1018875_20200216_045518,102276
1018875_20200314_160236,102277
1018875_20200331_141502,102278
1018875_20200414_152540,102279
1018875_20200418_082032,102280
1018875_20200531_112409,102281
1018875_20200616_081204,102282
1018875_20200807_092844,102283
1018875_20200807_092826,102284
1018875_20200807_040358,102285
1018875_20200811_222353,102286
1018875_20201021_023732,102287
1018875_20201108_035455,102288
1018875_20201108_013240,102289
1018875_20201202_083333,102290
1018875_20201219_100143,102291
1018875_20210213_040141,102292
1018875_20210327_030708,102293
1018875_20210330_083611,102294
1018875_20210406_111132,102295
1018875_20210507_180329,102296
1018875_20210613_210652,102297
1018875_20210810_100737,102298
1018875_20210819_021436,102299
1018875_20210824_065208,102300
1018875_20211017_121504,102301
1018875_20211017_123826,102302
1018875_20211205_225826,102303
1018875_20220120_020219,102304
1018875_20220221_020922,102305
1018875_20220226_091953,102306
1018875_20220317_103425,102307
1018875_20220405_043752,102308
1018875_20220514_212727,102309
1018875_20220529_062131,102310
1018875_20220707_024645,102311
1018875_20220725_050356,102312
1018875_20220814_035424,102313
1018875_20220824_221419,102314
1018875_20220904_054554,102315
1018875_20220906_070259,102316
1018875_20221106_050349,102317
1018875_20221106_044538,102318
1018875_20221106_044623,102319
1018875_20221123_095956,102320
nc73819961_20180103_021518,102321
nc73819961_20180105_230428,102322
nc73819961_20180111_152347,102323
nc73819961_20180112_003206,102324
nc73819961_20180112_005308,102325
nc73819961_20180112_003445,102326
nc73819961_20180113_051028,102327
nc73819961_20180125_143159,102328
nc73819961_20180127_231010,102329
nc73819961_20180129_114336,102330
nc73819961_20180130_222641,102331
nc73819961_20180131_004851,102332
nc73819961_20180131_190502,102333
nc73819961_20180131_182523,102334
nc73819961_20180203_072951,102335
nc73819961_20180204_082221,102336
nc73819961_20180207_204221,102337
nc73819961_20180215_131057,102338
nc73819961_20180218_000907,102339
nc73819961_20180302_034223,102340
nc73819961_20180303_163046,102341
nc73819961_20180319_095051,102342
nc73819961_20180319_043932,102343
nc73819961_20180320_193232,102344
nc73819961_20180320_200232,102345
nc73819961_20180320_200650,102346
nc73819961_20180320_223708,102347
nc73819961_20180323_041814,102348
nc73819961_20180323_133631,102349
nc73819961_20180401_011258,102350
nc73819961_20180406_170411,102351
nc73819961_20180409_130027,102352
nc73819961_20180423_224104,102353
nc73819961_20180507_190712,102354
nc73819961_20180508_051810,102355
nc73819961_20180511_042112,102356
nc73819961_20180522_131156,102357
nc73819961_20180523_100732,102358
nc73819961_20180528_072214,102359
nc73819961_20180531_213255,102360
nc73819961_20180531_195647,102361
nc73819961_20180601_002014,102362
nc73819961_20180604_030247,102363
nc73819961_20180604_033512,102364
nc73819961_20180604_030156,102365
nc73819961_20180604_030242,102366
nc73819961_20180611_063539,102367
nc73819961_20180703_173609,102368
nc73819961_20180704_060254,102369
nc73819961_20180705_214146,102370
nc73819961_20180717_122311,102371
nc73819961_20180721_121357,102372
nc73819961_20180725_102905,102373
nc73819961_20180725_103030,102374
nc73819961_20180725_110644,102375
nc73819961_20180805_174631,102376
nc73819961_20180808_063846,102377
nc73819961_20180809_081620,102378
nc73819961_20180810_161249,102379
nc73819961_20180814_082953,102380
nc73819961_20180816_070058,102381
nc73819961_20180818_115522,102382
nc73819961_20180823_080838,102383
nc73819961_20180825_030620,102384
nc73819961_20180829_003457,102385
nc73819961_20180831_021513,102386
nc73819961_20180915_184747,102387
nc73819961_20180922_050900,102388
nc73819961_20181001_050627,102389
nc73819961_20181007_171424,102390
nc73819961_20181007_172305,102391
nc73819961_20181008_232418,102392
nc73819961_20181012_220735,102393
nc73819961_20181013_023011,102394
nc73819961_20181022_224200,102395
nc73819961_20181026_193706,102396
nc73819961_20181101_053747,102397
nc73819961_20181114_071019,102398
nc73819961_20181120_080849,102399
nc73819961_20181130_202843,102400
nc73819961_20181209_082754,102401
nc73819961_20181220_004703,102402
nc73819961_20181223_041751,102403
nc73819961_20190106_224958,102404
nc73819961_20190121_001722,102405
nc73819961_20190121_004919,102406
nc73819961_20190123_124937,102407
nc73819961_20190124_145316,102408
nc73819961_20190125_191200,102409
nc73819961_20190128_130031,102410
nc73819961_20190128_141406,102411
nc73819961_20190202_174110,102412
nc73819961_20190222_225322,102413
nc73819961_20190228_103524,102414
nc73819961_20190228_111438,102415
nc73819961_20190324_112631,102416
nc73819961_20190326_203602,102417
nc73819961_20190403_185354,102418
nc73819961_20190404_005927,102419
nc73819961_20190412_190958,102420
nc73819961_20190424_204910,102421
nc73819961_20190424_210146,102422
nc73819961_20190504_044936,102423
nc73819961_20190515_071947,102424
nc73819961_20190519_182715,102425
nc73819961_20190530_050342,102426
nc73819961_20190601_183148,102427
nc73819961_20190601_144119,102428
nc73819961_20190623_220530,102429
nc73819961_20190707_045527,102430
nc73819961_20190707_043532,102431
nc73819961_20190724_204403,102432
nc73819961_20190728_091625,102433
nc73819961_20190729_071905,102434
nc73819961_20190802_132855,102435
nc73819961_20190805_083228,102436
nc73819961_20190827_104432,102437
nc73819961_20190830_025450,102438
nc73819961_20190913_034014,102439
nc73819961_20191004_082611,102440
nc73819961_20191020_111719,102441
nc73819961_20191105_183238,102442
nc73819961_20191111_171446,102443
nc73819961_20191116_213313,102444
nc73819961_20191128_012329,102445
nc73819961_20191201_181617,102446
nc73819961_20191201_113459,102447
nc73819961_20191206_180441,102448
nc73819961_20191209_121120,102449
nc73819961_20191209_082810,102450
nc73819961_20191227_212033,102451
nc73819961_20200113_172823,102452
nc73819961_20200201_185919,102453
nc73819961_20200208_012528,102454
nc73819961_20200227_032051,102455
nc73819961_20200318_222607,102456
nc73819961_20200330_095153,102457
nc73819961_20200407_212654,102458
nc73819961_20200507_045323,102459
nc73819961_20200508_204846,102460
nc73819961_20200517_223242,102461
nc73819961_20200528_000236,102462
nc73819961_20200613_163738,102463
nc73819961_20200621_020047,102464
nc73819961_20200623_204130,102465
nc73819961_20200717_114810,102466
nc73819961_20200726_052452,102467
nc73819961_20200815_030931,102468
nc73819961_20200818_025605,102469
nc73819961_20200819_172045,102470
nc73819961_20200820_222304,102471
nc73819961_20200820_222212,102472
nc73819961_20200828_091222,102473
nc73819961_20200831_060601,102474
nc73819961_20200902_122308,102475
nc73819961_20200921_175619,102476
nc73819961_20200923_090029,102477
nc73819961_20200923_090323,102478
nc73819961_20201010_011951,102479
nc73819961_20201011_194937,102480
nc73819961_20201016_030506,102481
nc73819961_20201020_175502,102482
nc73819961_20201020_171856,102483
nc73819961_20201030_081615,102484
nc73819961_20201102_000831,102485
nc73819961_20201108_000601,102486
nc73819961_20201114_071930,102487
nc73819961_20201114_082803,102488
nc73819961_20201123_180242,102489
nc73819961_20201219_142008,102490
nc73819961_20201220_114011,102491
nc73819961_20201226_200742,102492
nc73819961_20201229_220225,102493
nc73819961_20210121_024911,102494
nc73819961_20210207_231050,102495
nc73819961_20210211_043440,102496
nc73819961_20210213_003229,102497
nc73819961_20210309_013850,102498
nc73819961_20210311_113355,102499
nc73819961_20210315_202818,102500
nc73819961_20210408_065745,102501
nc73819961_20210412_061704,102502
nc73819961_20210505_213007,102503
nc73819961_20210506_041201,102504
nc73819961_20210506_203040,102505
nc73819961_20210525_040724,102506
nc73819961_20210527_180414,102507
nc73819961_20210530_005124,102508
nc73819961_20210615_113942,102509
nc73819961_20210617_101157,102510
nc73819961_20210620_174506,102511
nc73819961_20210622_063912,102512
nc73819961_20210625_161311,102513
nc73819961_20210703_231339,102514
nc73819961_20210709_190546,102515
nc73819961_20210711_132049,102516
nc73819961_20210717_030351,102517
nc73819961_20210721_103024,102518
nc73819961_20210725_160527,102519
nc73819961_20210801_053034,102520
nc73819961_20210801_104019,102521
nc73819961_20210804_212415,102522
nc73819961_20210813_061027,102523
nc73819961_20210814_213758,102524
nc73819961_20210823_195854,102525
nc73819961_20210829_162127,102526
nc73819961_20210829_060030,102527
nc73819961_20210905_152051,102528
nc73819961_20210905_180602,102529
nc73819961_20210906_101033,102530
nc73819961_20210912_104610,102531
nc73819961_20210912_105740,102532
nc73819961_20210925_200022,102533
nc73819961_20211016_055009,102534
nc73819961_20211114_120006,102535
nc73819961_20211115_203656,102536
nc73819961_20211116_085419,102537
nc73819961_20211122_015847,102538
nc73819961_20211126_164329,102539
nc73819961_20211217_093252,102540
nc73819961_20211230_085643,102541
nc73819961_20220101_060825,102542
nc73819961_20220112_060047,102543
nc73819961_20220116_204833,102544
nc73819961_20220121_032152,102545
nc73819961_20220123_152322,102546
nc73819961_20220130_115735,102547
nc73819961_20220209_163357,102548
nc73819961_20220209_065751,102549
nc73819961_20220213_143437,102550
nc73819961_20220218_103045,102551
nc73819961_20220218_102922,102552
nc73819961_20220224_005656,102553
nc73819961_20220227_190419,102554
nc73819961_20220302_032250,102555
nc73819961_20220308_011815,102556
nc73819961_20220308_033222,102557
nc73819961_20220311_022742,102558
nc73819961_20220311_023041,102559
nc73819961_20220327_153615,102560
nc73819961_20220327_141014,102561
nc73819961_20220405_074215,102562
nc73819961_20220408_234311,102563
nc73819961_20220410_200133,102564
nc73819961_20220410_112925,102565
nc73819961_20220413_102732,102566
nc73819961_20220416_113357,102567
nc73819961_20220424_003435,102568
nc73819961_20220426_023832,102569
nc73819961_20220509_145335,102570
nc73819961_20220510_185305,102571
nc73819961_20220510_183419,102572
nc73819961_20220510_184834,102573
nc73819961_20220526_154403,102574
nc73819961_20220615_214333,102575
nc73819961_20220618_013824,102576
nc73819961_20220628_224013,102577
nc73819961_20220628_221804,102578
nc73819961_20220708_234145,102579
nc73819961_20220717_031003,102580
nc73819961_20220721_105856,102581
nc73819961_20220721_021509,102582
nc73819961_20220721_094145,102583
nc73819961_20220721_120952,102584
nc73819961_20220721_121024,102585
nc73819961_20220729_044403,102586
nc73819961_20220801_115740,102587
nc73819961_20220807_095801,102588
nc73819961_20220815_194250,102589
nc73819961_20220817_044017,102590
nc73819961_20220819_011544,102591
nc73819961_20220819_174132,102592
nc73819961_20220829_164032,102593
nc73819961_20220909_170903,102594
nc73819961_20220914_202632,102595
nc73819961_20220924_220020,102596
nc73819961_20221002_110825,102597
nc73819961_20221009_115832,102598
nc73819961_20221011_230840,102599
nc73819961_20221109_184221,102600
nc73819961_20221111_190247,102601
nc73819961_20221119_235355,102602
nc73819961_20221121_075921,102603
nc73819961_20221122_153805,102604
nc73819961_20221122_142357,102605
nc73819961_20221123_115601,102606
1011584_20180104_121940,102607
1011584_20180118_044850,102608
1011584_20180203_082321,102609
1011584_20180205_093333,102610
1011584_20180213_191132,102611
1011584_20180323_032911,102612
1011584_20180323_031436,102613
1011584_20180323_035829,102614
1011584_20180323_044805,102615
1011584_20180323_031653,102616
1011584_20180323_134529,102617
1011584_20180323_125254,102618
1011584_20180323_133831,102619
1011584_20180324_060436,102620
1011584_20180325_004813,102621
1011584_20180406_081148,102622
1011584_20180412_230145,102623
1011584_20180505_230354,102624
1011584_20180507_215525,102625
1011584_20180508_071736,102626
1011584_20180509_044536,102627
1011584_20180522_145432,102628
1011584_20180527_125452,102629
1011584_20180530_181511,102630
1011584_20180608_061402,102631
1011584_20180618_031953,102632
1011584_20180725_155333,102633
1011584_20180824_045039,102634
1011584_20180906_085741,102635
1011584_20180918_053614,102636
1011584_20180928_062128,102637
1011584_20181001_123114,102638
1011584_20181003_174214,102639
1011584_20181006_092832,102640
1011584_20181008_231924,102641
1011584_20181015_211434,102642
1011584_20181110_061039,102643
1011584_20181116_170107,102644
1011584_20181120_044413,102645
1011584_20181204_013427,102646
1011584_20181205_114829,102647
1011584_20190122_105626,102648
1011584_20190201_032137,102649
1011584_20190210_000457,102650
1011584_20190216_080952,102651
1011584_20190227_004801,102652
1011584_20190319_120323,102653
1011584_20190329_045837,102654
1011584_20190329_051100,102655
1011584_20190329_045957,102656
1011584_20190329_050107,102657
1011584_20190413_003156,102658
1011584_20190504_223754,102659
1011584_20190606_091206,102660
1011584_20190610_222652,102661
1011584_20190701_061115,102662
1011584_20190731_045841,102663
1011584_20190806_012629,102664
1011584_20190809_162025,102665
1011584_20190828_063853,102666
1011584_20190908_000336,102667
1011584_20190921_090503,102668
1011584_20191010_095253,102669
1011584_20191012_202523,102670
1011584_20191028_142242,102671
1011584_20191103_214747,102672
1011584_20191105_120950,102673
1011584_20191209_221833,102674
1011584_20191226_192651,102675
1011584_20200119_160526,102676
1011584_20200121_233847,102677
1011584_20200229_063204,102678
1011584_20200229_051055,102679
1011584_20200309_051839,102680
1011584_20200309_040543,102681
1011584_20200318_224654,102682
1011584_20200407_203732,102683
1011584_20200501_053202,102684
1011584_20200509_014125,102685
1011584_20200510_153029,102686
1011584_20200519_214846,102687
1011584_20200613_150828,102688
1011584_20200719_065923,102689
1011584_20200819_205143,102690
1011584_20200825_001444,102691
1011584_20210218_074128,102692
1011584_20210416_000946,102693
1011584_20210508_092014,102694
1011584_20210603_131422,102695
1011584_20210607_113652,102696
1011584_20210621_204045,102697
1011584_20210704_091756,102698
1011584_20210705_141018,102699
1011584_20210708_002105,102700
1011584_20210709_085826,102701
1011584_20210719_142336,102702
1011584_20210721_104521,102703
1011584_20210722_170320,102704
1011584_20210802_100105,102705
1011584_20210805_082233,102706
1011584_20210810_102056,102707
1011584_20210810_165904,102708
1011584_20210812_220524,102709
1011584_20210828_082559,102710
1011584_20210909_172927,102711
1011584_20210911_034009,102712
1011584_20210922_031106,102713
1011584_20210922_031056,102714
1011584_20210922_043400,102715
1011584_20210925_022647,102716
1011584_20211025_141137,102717
1011584_20211031_060624,102718
1011584_20211031_061151,102719
1011584_20211120_072409,102720
1011584_20211218_092532,102721
1011584_20211218_223954,102722
1011584_20211218_090950,102723
1011584_20211218_113444,102724
1011584_20211219_010211,102725
1011584_20211219_010402,102726
1011584_20211220_215257,102727
1011584_20211220_202046,102728
1011584_20211224_212701,102729
1011584_20220110_175203,102730
1011584_20220118_195740,102731
1011584_20220123_141428,102732
1011584_20220218_032635,102733
1011584_20220303_005153,102734
1011584_20220320_120654,102735
1011584_20220322_205634,102736
1011584_20220325_112621,102737
1011584_20220416_012053,102738
1011584_20220502_194344,102739
1011584_20220503_030032,102740
1011584_20220516_002207,102741
1011584_20220627_191156,102742
1011584_20220706_072301,102743
1011584_20220807_182553,102744
1011584_20220807_095704,102745
1011584_20220911_184152,102746
1011584_20221004_075017,102747
1011584_20221019_231027,102748
1011584_20221119_225652,102749
1015345_20180104_181546,102750
1015345_20180105_133947,102751
1015345_20180105_002446,102752
1015345_20180106_015046,102753
1015345_20180110_045334,102754
1015345_20180113_165409,102755
1015345_20180119_233759,102756
1015345_20180120_134548,102757
1015345_20180126_100506,102758
1015345_20180128_133101,102759
1015345_20180131_150937,102760
1015345_20180226_183141,102761
1015345_20180228_074321,102762
1015345_20180315_202437,102763
1015345_20180319_024616,102764
1015345_20180320_104016,102765
1015345_20180321_195407,102766
1015345_20180402_061821,102767
1015345_20180405_083534,102768
1015345_20180405_101909,102769
1015345_20180414_132001,102770
1015345_20180414_131927,102771
1015345_20180420_191843,102772
1015345_20180420_122854,102773
1015345_20180422_150423,102774
1015345_20180426_121604,102775
1015345_20180504_183252,102776
1015345_20180507_092650,102777
1015345_20180511_042958,102778
1015345_20180511_054200,102779
1015345_20180516_140842,102780
1015345_20180517_043656,102781
1015345_20180522_041935,102782
1015345_20180530_074507,102783
1015345_20180601_074150,102784
1015345_20180617_025344,102785
1015345_20180622_061240,102786
1015345_20180622_200052,102787
1015345_20180625_112105,102788
1015345_20180628_040658,102789
1015345_20180629_114445,102790
1015345_20180701_064410,102791
1015345_20180702_145719,102792
1015345_20180716_101355,102793
1015345_20180721_135942,102794
1015345_20180729_092701,102795
1015345_20180802_044922,102796
1015345_20180808_151640,102797
1015345_20180813_191528,102798
1015345_20180813_011557,102799
1015345_20180821_093050,102800
1015345_20180821_112137,102801
1015345_20180826_000227,102802
1015345_20180826_134132,102803
1015345_20180827_111853,102804
1015345_20180829_102001,102805
1015345_20180830_170643,102806
1015345_20180906_091007,102807
1015345_20180916_102042,102808
1015345_20180916_102238,102809
1015345_20180919_104721,102810
1015345_20180921_234726,102811
1015345_20180923_185733,102812
1015345_20181005_195431,102813
1015345_20181013_075924,102814
1015345_20181024_225400,102815
1015345_20181102_135820,102816
1015345_20181105_070437,102817
1015345_20181117_114131,102818
1015345_20181210_100522,102819
1015345_20190123_064034,102820
1015345_20190123_064100,102821
1015345_20190128_134052,102822
1015345_20190330_062145,102823
1015345_20190508_121201,102824
1015345_20190525_045216,102825
1015345_20190706_060436,102826
1015345_20190707_085632,102827
1015345_20190707_101010,102828
1015345_20190713_132518,102829
1015345_20190714_233458,102830
1015345_20190715_014507,102831
1015345_20190726_125730,102832
1015345_20190731_070337,102833
1015345_20190731_130004,102834
1015345_20190731_124604,102835
1015345_20190731_135619,102836
1015345_20190805_221241,102837
1015345_20190805_135125,102838
1015345_20190822_234304,102839
1015345_20190904_011951,102840
1015345_20190923_201823,102841
1015345_20191001_034430,102842
1015345_20191003_070420,102843
1015345_20191018_060214,102844
1015345_20191026_213315,102845
1015345_20191102_082303,102846
1015345_20191102_051751,102847
1015345_20191103_122807,102848
1015345_20191112_024426,102849
1015345_20191209_072352,102850
1015345_20191211_101552,102851
1015345_20200103_121332,102852
1015345_20200203_104003,102853
1015345_20200315_192330,102854
1015345_20200328_010109,102855
1015345_20200328_015157,102856
1015345_20200407_080237,102857
1015345_20200407_175755,102858
1015345_20200408_203210,102859
1015345_20200510_223619,102860
1015345_20200513_071050,102861
1015345_20200522_083920,102862
1015345_20200526_212647,102863
1015345_20200621_063746,102864
1015345_20200709_105740,102865
1015345_20200710_055513,102866
1015345_20200730_203027,102867
1015345_20200803_063802,102868
1015345_20200803_070001,102869
1015345_20200809_115015,102870
1015345_20200826_141633,102871
1015345_20200906_073528,102872
1015345_20200908_164649,102873
1015345_20200913_111625,102874
1015345_20200917_070308,102875
1015345_20201102_180504,102876
1015345_20201104_024046,102877
1015345_20201203_111959,102878
1015345_20210125_000553,102879
1015345_20210218_204606,102880
1015345_20210218_211232,102881
1015345_20210228_182216,102882
1015345_20210301_033010,102883
1015345_20210324_094131,102884
1015345_20210428_213741,102885
1015345_20210503_220301,102886
1015345_20210515_180155,102887
1015345_20210515_175956,102888
1015345_20210515_170324,102889
1015345_20210515_182238,102890
1015345_20210515_180119,102891
1015345_20210520_035054,102892
1015345_20210523_015911,102893
1015345_20210523_015905,102894
1015345_20210527_071330,102895
1015345_20210529_233546,102896
1015345_20210605_045051,102897
1015345_20210607_223200,102898
1015345_20210608_055909,102899
1015345_20210610_115054,102900
1015345_20210618_171833,102901
1015345_20210701_000714,102902
1015345_20210708_151536,102903
1015345_20210708_100920,102904
1015345_20210711_102015,102905
1015345_20210714_214423,102906
1015345_20210717_034444,102907
1015345_20210721_213847,102908
1015345_20210721_143755,102909
1015345_20210729_144052,102910
1015345_20210803_153810,102911
1015345_20210807_080233,102912
1015345_20210812_121129,102913
1015345_20210813_033902,102914
1015345_20210813_020715,102915
1015345_20210814_045901,102916
1015345_20210818_123903,102917
1015345_20210826_080711,102918
1015345_20210905_152005,102919
1015345_20210909_230447,102920
1015345_20210918_131938,102921
1015345_20210925_155458,102922
1015345_20210929_192312,102923
1015345_20210930_225734,102924
1015345_20211005_065437,102925
1015345_20211006_092303,102926
1015345_20211013_040400,102927
1015345_20211027_124447,102928
1015345_20211031_214241,102929
1015345_20211101_201507,102930
1015345_20211107_003957,102931
1015345_20211108_015617,102932
1015345_20211114_081944,102933
1015345_20211115_205802,102934
1015345_20211115_174718,102935
1015345_20211118_072744,102936
1015345_20211122_123943,102937
1015345_20211124_114028,102938
1015345_20211129_120528,102939
1015345_20211129_044741,102940
1015345_20211218_014724,102941
1015345_20211218_011456,102942
1015345_20220101_173709,102943
1015345_20220109_113520,102944
1015345_20220112_053110,102945
1015345_20220115_084110,102946
1015345_20220116_142135,102947
1015345_20220118_040105,102948
1015345_20220204_061108,102949
1015345_20220218_202419,102950
1015345_20220225_001728,102951
1015345_20220305_172106,102952
1015345_20220311_023112,102953
1015345_20220314_161758,102954
1015345_20220315_000731,102955
1015345_20220328_160118,102956
1015345_20220410_172719,102957
1015345_20220414_234407,102958
1015345_20220415_234251,102959
1015345_20220416_135124,102960
1015345_20220419_221515,102961
1015345_20220421_000059,102962
1015345_20220504_155236,102963
1015345_20220516_011236,102964
1015345_20220524_022351,102965
1015345_20220528_101833,102966
1015345_20220531_022256,102967
1015345_20220606_041520,102968
1015345_20220611_013210,102969
1015345_20220612_040155,102970
1015345_20220612_040333,102971
1015345_20220616_182350,102972
1015345_20220617_103358,102973
1015345_20220622_053805,102974
1015345_20220701_172432,102975
1015345_20220708_204454,102976
1015345_20220708_131916,102977
1015345_20220728_232513,102978
1015345_20220802_061235,102979
1015345_20220803_201647,102980
1015345_20220808_093304,102981
1015345_20220814_174135,102982
1015345_20220902_011546,102983
1015345_20220907_092204,102984
1015345_20220909_191901,102985
1015345_20220910_002558,102986
1015345_20220913_212047,102987
1015345_20220924_134829,102988
1015345_20220928_020816,102989
1015345_20220929_003249,102990
1015345_20221016_225854,102991
1015345_20221114_225243,102992
1015345_20221116_205903,102993
1015345_20221119_232217,102994
1015345_20221121_092917,102995
nc73875050_20180104_005608,102996
nc73875050_20180123_121442,102997
nc73875050_20180206_041010,102998
nc73875050_20180218_165926,102999
nc73875050_20180225_190921,103000
nc73875050_20180319_052413,103001
nc73875050_20180323_181920,103002
nc73875050_20180323_181412,103003
nc73875050_20180323_052501,103004
nc73875050_20180323_034253,103005
nc73875050_20180323_041556,103006
nc73875050_20180323_064247,103007
nc73875050_20180323_030943,103008
nc73875050_20180323_042940,103009
nc73875050_20180323_092621,103010
nc73875050_20180323_043524,103011
nc73875050_20180323_034804,103012
nc73875050_20180323_064729,103013
nc73875050_20180323_031048,103014
nc73875050_20180324_050908,103015
nc73875050_20180324_095415,103016
nc73875050_20180324_025833,103017
nc73875050_20180418_041505,103018
nc73875050_20180419_204328,103019
nc73875050_20180422_114301,103020
nc73875050_20180422_115358,103021
nc73875050_20180430_042136,103022
nc73875050_20180505_073650,103023
nc73875050_20180520_131423,103024
nc73875050_20180622_234940,103025
nc73875050_20180626_051412,103026
nc73875050_20180708_030919,103027
nc73875050_20180717_031245,103028
nc73875050_20180804_052633,103029
nc73875050_20180805_193543,103030
nc73875050_20180814_060150,103031
nc73875050_20180829_195901,103032
nc73875050_20180905_101258,103033
nc73875050_20180906_074815,103034
nc73875050_20190315_102654,103035
nc73875050_20190316_220926,103036
nc73875050_20190316_194332,103037
nc73875050_20190329_081149,103038
nc73875050_20190329_050515,103039
nc73875050_20190329_050130,103040
nc73875050_20190414_102700,103041
nc73875050_20190524_062954,103042
nc73875050_20190609_104418,103043
nc73875050_20190702_215937,103044
nc73875050_20190702_032627,103045
nc73875050_20190705_113609,103046
nc73875050_20190724_181657,103047
nc73875050_20190801_112201,103048
nc73875050_20190903_021948,103049
nc73875050_20190909_131500,103050
nc73875050_20191002_060443,103051
nc73875050_20191004_080556,103052
nc73875050_20191103_150252,103053
nc73875050_20191220_202225,103054
nc73875050_20200130_063439,103055
nc73875050_20200211_151928,103056
nc73875050_20200219_032405,103057
nc73875050_20200219_024117,103058
nc73875050_20200225_051353,103059
nc73875050_20200306_094635,103060
nc73875050_20200306_095049,103061
nc73875050_20200313_101134,103062
nc73875050_20200429_230149,103063
nc73875050_20200516_073653,103064
nc73875050_20200705_020056,103065
nc73875050_20200713_205122,103066
nc73875050_20200731_124713,103067
nc73875050_20200818_152440,103068
nc73875050_20200920_021237,103069
nc73875050_20200921_211015,103070
nc73875050_20210105_002305,103071
nc73875050_20210111_172821,103072
nc73875050_20210320_190349,103073
nc73875050_20210407_015849,103074
nc73875050_20210415_015016,103075
nc73875050_20210709_100751,103076
nc73875050_20210721_112857,103077
nc73875050_20210727_045020,103078
nc73875050_20210818_082126,103079
nc73875050_20210819_071810,103080
nc73875050_20210822_180429,103081
nc73875050_20210901_210101,103082
nc73875050_20210903_213053,103083
nc73875050_20210903_233809,103084
nc73875050_20210913_071647,103085
nc73875050_20210913_151205,103086
nc73875050_20211015_045052,103087
nc73875050_20211218_174532,103088
nc73875050_20211225_103441,103089
nc73875050_20220106_111657,103090
nc73875050_20220125_115213,103091
nc73875050_20220125_233402,103092
nc73875050_20220125_120808,103093
nc73875050_20220204_204136,103094
nc73875050_20220226_072330,103095
nc73875050_20220228_123706,103096
nc73875050_20220302_035007,103097
nc73875050_20220312_151702,103098
nc73875050_20220404_052640,103099
nc73875050_20220413_180428,103100
nc73875050_20220508_205639,103101
nc73875050_20220523_231357,103102
nc73875050_20220523_150048,103103
nc73875050_20220524_110622,103104
nc73875050_20220601_122823,103105
nc73875050_20220604_075438,103106
nc73875050_20220720_153418,103107
nc73875050_20220723_020528,103108
nc73875050_20220731_175940,103109
nc73875050_20220731_183015,103110
nc73875050_20220810_132212,103111
nc73875050_20220819_161114,103112
nc73875050_20220827_201407,103113
nc73875050_20220906_021231,103114
nc73875050_20220909_114444,103115
nc73875050_20220926_182237,103116
nc73875050_20221107_155024,103117
nc73875050_20221121_051455,103118
nc73875050_20221124_185447,103119
1008269_20180105_192334,103120
1008269_20180106_024939,103121
1008269_20180309_145825,103122
1008269_20180323_065343,103123
1008269_20181126_100146,103124
1008269_20181217_183914,103125
1008269_20190817_080521,103126
1008269_20191010_062057,103127
1008269_20191228_175158,103128
1008269_20200109_161246,103129
1008269_20200513_003637,103130
1008269_20200616_072126,103131
1008269_20200710_114051,103132
1008269_20201002_052951,103133
1008269_20201229_185653,103134
1008269_20210219_144913,103135
1008269_20210823_204618,103136
1008269_20211019_075431,103137
1008269_20211109_112829,103138
1008269_20211128_213837,103139
1008269_20211220_061124,103140
1008269_20211221_233013,103141
1008269_20211223_084326,103142
1008269_20211223_112423,103143
1008269_20211225_155757,103144
1008269_20220101_232907,103145
1008269_20220119_081037,103146
1008269_20220303_061011,103147
1008269_20220411_040428,103148
1008269_20220415_115736,103149
1008269_20220419_092833,103150
1008269_20220502_222832,103151
1008269_20220624_005401,103152
1008269_20220714_165429,103153
1008269_20220722_123535,103154
1008269_20220919_082709,103155
1008269_20220928_115033,103156
1008269_20221007_072937,103157
1008269_20221114_080248,103158
1010036_20180105_204728,103159
1010036_20180610_045038,103160
1010036_20180716_232938,103161
1010036_20180720_221951,103162
1010036_20180827_083832,103163
1010036_20180923_134216,103164
1010036_20181009_134120,103165
1010036_20190219_120645,103166
1010036_20190220_035813,103167
1010036_20190220_030430,103168
1010036_20190605_095214,103169
1010036_20200115_170909,103170
1010036_20200906_080235,103171
1010036_20211117_013005,103172
1010036_20220129_090315,103173
1010036_20220522_013129,103174
1010036_20220522_063040,103175
1010036_20220523_035856,103176
1010036_20220527_114330,103177
1010036_20220727_103804,103178
1010036_20221117_160325,103179
1010036_20221120_232837,103180
1014960_20180105_075419,103181
1014960_20180405_085539,103182
1014960_20180515_064908,103183
1014960_20180521_232039,103184
1014960_20180618_202317,103185
1014960_20180630_115406,103186
1014960_20180808_085536,103187
1014960_20180822_082410,103188
1014960_20180829_232409,103189
1014960_20180901_103227,103190
1014960_20181004_152251,103191
1014960_20181202_233518,103192
1014960_20190722_072303,103193
1014960_20190911_101506,103194
1014960_20210629_013543,103195
1014960_20211215_093618,103196
1014960_20220521_223137,103197
1014960_20220721_022114,103198
1016407_20180105_084853,103199
1016407_20180123_142240,103200
1016407_20180205_105528,103201
1016407_20180208_130826,103202
1016407_20180217_095058,103203
1016407_20180304_122242,103204
1016407_20180323_043912,103205
1016407_20180323_031225,103206
1016407_20180323_062132,103207
1016407_20180323_095557,103208
1016407_20180323_031544,103209
1016407_20180323_071335,103210
1016407_20180323_065825,103211
1016407_20180323_034054,103212
1016407_20180323_063831,103213
1016407_20180323_033402,103214
1016407_20180323_031606,103215
1016407_20180324_100114,103216
1016407_20180324_215748,103217
1016407_20180324_225907,103218
1016407_20180330_141158,103219
1016407_20180330_032502,103220
1016407_20180330_123202,103221
1016407_20180414_161040,103222
1016407_20180417_102235,103223
1016407_20180418_221049,103224
1016407_20180422_041415,103225
1016407_20180428_203310,103226
1016407_20180501_031117,103227
1016407_20180502_170055,103228
1016407_20180513_144000,103229
1016407_20180518_055127,103230
1016407_20180518_035936,103231
1016407_20180518_040052,103232
1016407_20180519_110136,103233
1016407_20180519_113009,103234
1016407_20180529_163600,103235
1016407_20180607_031923,103236
1016407_20180609_070100,103237
1016407_20180609_061300,103238
1016407_20180612_024031,103239
1016407_20180621_160501,103240
1016407_20180625_193136,103241
1016407_20180702_102645,103242
1016407_20180705_224258,103243
1016407_20180711_231534,103244
1016407_20180723_111614,103245
1016407_20180725_114702,103246
1016407_20180803_080307,103247
1016407_20180904_125346,103248
1016407_20180908_114229,103249
1016407_20180921_080516,103250
1016407_20181003_162014,103251
1016407_20181015_133453,103252
1016407_20181101_231646,103253
1016407_20181108_064520,103254
1016407_20181208_063612,103255
1016407_20181213_112649,103256
1016407_20181221_232647,103257
1016407_20190101_002135,103258
1016407_20190128_185100,103259
1016407_20190306_121240,103260
1016407_20190329_063150,103261
1016407_20190331_083516,103262
1016407_20190426_003223,103263
1016407_20190507_065550,103264
1016407_20190514_102205,103265
1016407_20190515_012616,103266
1016407_20190515_020335,103267
1016407_20190526_065645,103268
1016407_20190606_065332,103269
1016407_20190626_042209,103270
1016407_20190629_015104,103271
1016407_20190723_093433,103272
1016407_20190731_183921,103273
1016407_20190814_072658,103274
1016407_20190816_043752,103275
1016407_20190915_134800,103276
1016407_20190929_150256,103277
1016407_20191001_004926,103278
1016407_20191024_202048,103279
1016407_20191025_081412,103280
1016407_20191103_212821,103281
1016407_20191109_025923,103282
1016407_20191109_033332,103283
1016407_20191109_025916,103284
1016407_20191109_045858,103285
1016407_20191114_033008,103286
1016407_20191114_145811,103287
1016407_20191126_012439,103288
1016407_20191211_000451,103289
1016407_20191211_061648,103290
1016407_20191211_214731,103291
1016407_20191211_014322,103292
1016407_20200309_031638,103293
1016407_20200312_171710,103294
1016407_20200318_221412,103295
1016407_20200318_223445,103296
1016407_20200318_222109,103297
1016407_20200318_224006,103298
1016407_20200319_025635,103299
1016407_20200324_193323,103300
1016407_20200421_205913,103301
1016407_20200422_024941,103302
1016407_20200510_131402,103303
1016407_20200516_230735,103304
1016407_20200615_072934,103305
1016407_20200615_145236,103306
1016407_20200702_040642,103307
1016407_20200702_234501,103308
1016407_20200706_224133,103309
1016407_20200709_095014,103310
1016407_20200709_092848,103311
1016407_20200720_235426,103312
1016407_20200804_093527,103313
1016407_20200818_170847,103314
1016407_20200822_010017,103315
1016407_20200822_022511,103316
1016407_20200908_183519,103317
1016407_20201027_185609,103318
1016407_20201029_164821,103319
1016407_20201031_210349,103320
1016407_20201101_080419,103321
1016407_20201115_061039,103322
1016407_20201115_043101,103323
1016407_20201115_045604,103324
1016407_20201221_005626,103325
1016407_20201221_013935,103326
1016407_20201226_184937,103327
1016407_20210313_101005,103328
1016407_20210408_214058,103329
1016407_20210419_083732,103330
1016407_20210421_112526,103331
1016407_20210421_073137,103332
1016407_20210503_021612,103333
1016407_20210504_080445,103334
1016407_20210520_071124,103335
1016407_20210522_152147,103336
1016407_20210602_050725,103337
1016407_20210608_163004,103338
1016407_20210627_131017,103339
1016407_20210712_150101,103340
1016407_20210720_060149,103341
1016407_20210726_192436,103342
1016407_20211004_050713,103343
1016407_20211021_081600,103344
1016407_20211023_044005,103345
1016407_20211029_153015,103346
1016407_20211029_144145,103347
1016407_20211030_114020,103348
1016407_20211031_145345,103349
1016407_20211031_142841,103350
1016407_20211031_084318,103351
1016407_20211031_162109,103352
1016407_20211103_025949,103353
1016407_20211105_035035,103354
1016407_20211122_072449,103355
1016407_20211122_040043,103356
1016407_20211129_140653,103357
1016407_20211203_054840,103358
1016407_20211213_233557,103359
1016407_20211221_070317,103360
1016407_20220125_075959,103361
1016407_20220206_030016,103362
1016407_20220208_184857,103363
1016407_20220208_125435,103364
1016407_20220208_184921,103365
1016407_20220211_233716,103366
1016407_20220224_203139,103367
1016407_20220224_162102,103368
1016407_20220319_232639,103369
1016407_20220320_131227,103370
1016407_20220320_052511,103371
1016407_20220405_005537,103372
1016407_20220411_024759,103373
1016407_20220510_191854,103374
1016407_20220510_165943,103375
1016407_20220510_161458,103376
1016407_20220513_231507,103377
1016407_20220522_203355,103378
1016407_20220530_014350,103379
1016407_20220530_031238,103380
1016407_20220707_095000,103381
1016407_20220722_024939,103382
1016407_20220723_234759,103383
1016407_20220802_061108,103384
1016407_20220802_083948,103385
1016407_20220807_113145,103386
1016407_20220811_161920,103387
1016407_20220812_232423,103388
1016407_20220814_125142,103389
1016407_20220921_133627,103390
1016407_20220926_235011,103391
1016407_20220926_231116,103392
1016407_20220926_231749,103393
1016407_20220926_231255,103394
1016407_20220926_231645,103395
1016407_20220926_231054,103396
1016407_20220926_231332,103397
1016407_20220926_230934,103398
1016407_20220927_011207,103399
1016407_20220927_041113,103400
1016407_20221019_011406,103401
1016407_20221114_170242,103402
1016407_20221117_182621,103403
1018844_20180105_202727,103404
1018844_20180106_001814,103405
1018844_20180312_202831,103406
1018844_20180315_103017,103407
1018844_20180611_072727,103408
1018844_20180902_072614,103409
1018844_20180905_011942,103410
1018844_20181228_205555,103411
1018844_20190523_204600,103412
1018844_20200101_041817,103413
1018844_20200103_120610,103414
1018844_20200110_053839,103415
1018844_20200702_103718,103416
1018844_20200708_180709,103417
1018844_20200720_112140,103418
1018844_20200826_170507,103419
1018844_20201012_075752,103420
1018844_20210226_171055,103421
1018844_20210804_130450,103422
1018844_20210831_042107,103423
1018844_20211004_011922,103424
1018844_20211014_093956,103425
1018844_20220118_101730,103426
1018844_20220207_031701,103427
1018844_20220207_023724,103428
1018844_20220706_133504,103429
1018844_20220721_002210,103430
1018844_20220805_181627,103431
1018844_20220809_154547,103432
1018844_20220820_061936,103433
1018844_20220821_071643,103434
1018844_20220824_003913,103435
1018844_20220826_134628,103436
1018844_20220903_095951,103437
1018844_20220905_231634,103438
1018844_20220907_234421,103439
1018844_20220908_144232,103440
1018844_20220918_022538,103441
1018844_20220924_001543,103442
1018844_20221001_030907,103443
1018844_20221016_120420,103444
1018844_20221018_031308,103445
1018844_20221018_063323,103446
1018844_20221025_111630,103447
1018844_20221028_085730,103448
1018844_20221130_150703,103449
nc73845886_20180105_104823,103450
nc73845886_20180227_203138,103451
nc73845886_20180414_020432,103452
nc73845886_20180608_133657,103453
nc73845886_20181207_124833,103454
nc73845886_20190113_224313,103455
nc73845886_20200318_125307,103456
nc73845886_20200722_005519,103457
nc73845886_20210717_171552,103458
nc73845886_20211213_014642,103459
nc73845886_20220409_194905,103460
nc73845886_20220903_134055,103461
1011931_20180106_175537,103462
1011931_20180212_205946,103463
1011931_20180216_043759,103464
1011931_20180322_035739,103465
1011931_20180403_172822,103466
1011931_20180403_174250,103467
1011931_20180507_161726,103468
1011931_20180512_173027,103469
1011931_20180610_162539,103470
1011931_20180706_170034,103471
1011931_20180711_064306,103472
1011931_20180714_002145,103473
1011931_20180716_122315,103474
1011931_20180716_093811,103475
1011931_20180716_104122,103476
1011931_20180730_152434,103477
1011931_20180813_185527,103478
1011931_20180813_030632,103479
1011931_20180822_065307,103480
1011931_20180902_083211,103481
1011931_20181011_001504,103482
1011931_20181011_024410,103483
1011931_20181011_040601,103484
1011931_20181014_040636,103485
1011931_20181020_074152,103486
1011931_20181125_222526,103487
1011931_20181210_182243,103488
1011931_20181211_061025,103489
1011931_20181215_065813,103490
1011931_20181216_103151,103491
1011931_20181226_090514,103492
1011931_20181230_232435,103493
1011931_20190110_000602,103494
1011931_20190120_092643,103495
1011931_20190124_232003,103496
1011931_20190203_171938,103497
1011931_20190211_061844,103498
1011931_20190302_055601,103499
1011931_20190302_104014,103500
1011931_20190302_194950,103501
1011931_20190302_114928,103502
1011931_20190302_061235,103503
1011931_20190302_092827,103504
1011931_20190306_134840,103505
1011931_20190416_070319,103506
1011931_20190510_142209,103507
1011931_20190624_120925,103508
1011931_20190718_100522,103509
1011931_20190723_095221,103510
1011931_20190807_022721,103511
1011931_20190827_022714,103512
1011931_20190908_165437,103513
1011931_20191005_155953,103514
1011931_20191104_145246,103515
1011931_20200113_043554,103516
1011931_20200114_132833,103517
1011931_20200116_200557,103518
1011931_20200305_183020,103519
1011931_20200423_024350,103520
1011931_20200503_080155,103521
1011931_20200510_054109,103522
1011931_20200512_022520,103523
1011931_20200622_233102,103524
1011931_20200628_172253,103525
1011931_20200707_220240,103526
1011931_20200713_102207,103527
1011931_20200803_090601,103528
1011931_20200803_090615,103529
1011931_20200803_165746,103530
1011931_20200930_145405,103531
1011931_20201003_122410,103532
1011931_20201105_123858,103533
1011931_20201105_123936,103534
1011931_20201106_082513,103535
1011931_20201229_090115,103536
1011931_20201229_090304,103537
1011931_20201230_233812,103538
1011931_20210226_094315,103539
1011931_20210303_172150,103540
1011931_20210304_170837,103541
1011931_20210312_184753,103542
1011931_20210314_105638,103543
1011931_20210327_105025,103544
1011931_20210405_114243,103545
1011931_20210510_062340,103546
1011931_20210529_163435,103547
1011931_20210613_003411,103548
1011931_20210719_134007,103549
1011931_20210719_163539,103550
1011931_20210728_061424,103551
1011931_20210913_080547,103552
1011931_20210913_022009,103553
1011931_20210913_030012,103554
1011931_20210913_081400,103555
1011931_20210919_222428,103556
1011931_20210923_074621,103557
1011931_20211010_023536,103558
1011931_20211012_113515,103559
1011931_20211013_031511,103560
1011931_20211025_121310,103561
1011931_20211110_233713,103562
1011931_20211116_105143,103563
1011931_20211116_105011,103564
1011931_20211118_141952,103565
1011931_20211207_144131,103566
1011931_20211215_144820,103567
1011931_20211220_142510,103568
1011931_20211220_203713,103569
1011931_20211220_200739,103570
1011931_20211220_214357,103571
1011931_20211221_041924,103572
1011931_20211222_160010,103573
1011931_20211224_110350,103574
1011931_20211226_214844,103575
1011931_20211231_044514,103576
1011931_20220116_103105,103577
1011931_20220430_210355,103578
1011931_20220531_115223,103579
1011931_20220901_130926,103580
1011931_20220906_060925,103581
1011931_20220917_203204,103582
1011931_20220923_175519,103583
1011931_20220926_165943,103584
1011931_20221112_101924,103585
1011931_20221120_130820,103586
1017500_20180106_061236,103587
1017500_20180116_151503,103588
1017500_20180127_180710,103589
1017500_20180211_222258,103590
1017500_20180301_092405,103591
1017500_20180323_033256,103592
1017500_20180323_034820,103593
1017500_20180324_011018,103594
1017500_20180521_224410,103595
1017500_20180613_004138,103596
1017500_20180807_054515,103597
1017500_20180825_114525,103598
1017500_20180906_115556,103599
1017500_20181002_132025,103600
1017500_20190329_060707,103601
1017500_20190713_033703,103602
1017500_20190804_044718,103603
1017500_20190805_075340,103604
1017500_20190824_013055,103605
1017500_20190921_051715,103606
1017500_20200129_031829,103607
1017500_20200211_202138,103608
1017500_20200318_224544,103609
1017500_20200319_023641,103610
1017500_20200321_053246,103611
1017500_20200329_065155,103612
1017500_20200411_163316,103613
1017500_20200510_022429,103614
1017500_20200723_134418,103615
1017500_20210313_035738,103616
1017500_20210317_221547,103617
1017500_20210604_135917,103618
1017500_20210623_120215,103619
1017500_20210902_163149,103620
1017500_20210904_173139,103621
1017500_20210904_083538,103622
1017500_20210917_100104,103623
1017500_20210921_082950,103624
1017500_20211009_142456,103625
1017500_20211015_085643,103626
1017500_20211206_214628,103627
1017500_20211220_201820,103628
1017500_20211220_210946,103629
1017500_20211220_214225,103630
1017500_20211221_160634,103631
1017500_20211222_202756,103632
1017500_20211228_024227,103633
1017500_20220111_121907,103634
1017500_20220113_012406,103635
1017500_20220121_174416,103636
1017500_20220123_203352,103637
1017500_20220130_055541,103638
1017500_20220213_150145,103639
1017500_20220403_021950,103640
1017500_20220523_041916,103641
1017500_20220720_012130,103642
1017500_20220830_121919,103643
1017500_20220917_083024,103644
1017500_20220927_220827,103645
1010228_20180107_202117,103646
1010228_20180323_051729,103647
1010228_20180404_103024,103648
1010228_20200318_231724,103649
1010228_20200319_003234,103650
1010228_20200501_061135,103651
1010228_20200513_040651,103652
1010228_20210721_121510,103653
1010228_20211220_210806,103654
1010228_20220604_122140,103655
1010228_20220905_061437,103656
1016701_20180107_205008,103657
1016701_20180110_001040,103658
1016701_20180110_180839,103659
1016701_20180111_064158,103660
1016701_20180112_191918,103661
1016701_20180124_101426,103662
1016701_20180201_033222,103663
1016701_20180202_113118,103664
1016701_20180202_053204,103665
1016701_20180213_032927,103666
1016701_20180213_035352,103667
1016701_20180223_222726,103668
1016701_20180302_090803,103669
1016701_20180302_052211,103670
1016701_20180304_113437,103671
1016701_20180304_165651,103672
1016701_20180307_235655,103673
1016701_20180319_073502,103674
1016701_20180326_212219,103675
1016701_20180402_114112,103676
1016701_20180405_164150,103677
1016701_20180427_234456,103678
1016701_20180503_171656,103679
1016701_20180503_032909,103680
1016701_20180508_094519,103681
1016701_20180510_084131,103682
1016701_20180525_231758,103683
1016701_20180530_023030,103684
1016701_20180530_074227,103685
1016701_20180601_221404,103686
1016701_20180606_213133,103687
1016701_20180609_021730,103688
1016701_20180611_230640,103689
1016701_20180717_045958,103690
1016701_20180718_094235,103691
1016701_20180719_182739,103692
1016701_20180729_110924,103693
1016701_20180803_150520,103694
1016701_20180819_045049,103695
1016701_20180825_122444,103696
1016701_20180825_131636,103697
1016701_20180827_063514,103698
1016701_20180907_161315,103699
1016701_20180919_205410,103700
1016701_20181105_060131,103701
1016701_20181115_003042,103702
1016701_20181226_021655,103703
1016701_20190101_230240,103704
1016701_20190102_070407,103705
1016701_20190126_090720,103706
1016701_20190131_161831,103707
1016701_20190225_232030,103708
1016701_20190323_063456,103709
1016701_20190417_140920,103710
1016701_20190508_051820,103711
1016701_20190508_203703,103712
1016701_20190508_205302,103713
1016701_20190519_222412,103714
1016701_20190519_101706,103715
1016701_20190530_130254,103716
1016701_20190602_113819,103717
1016701_20190606_130035,103718
1016701_20190617_090541,103719
1016701_20190622_192715,103720
1016701_20190704_091320,103721
1016701_20190706_070746,103722
1016701_20190713_001404,103723
1016701_20190715_140017,103724
1016701_20190719_103340,103725
1016701_20190819_044256,103726
1016701_20190828_054447,103727
1016701_20190904_235301,103728
1016701_20191017_030908,103729
1016701_20191017_063932,103730
1016701_20191020_054133,103731
1016701_20191023_054714,103732
1016701_20191024_064554,103733
1016701_20191028_162948,103734
1016701_20191029_052646,103735
1016701_20191030_021434,103736
1016701_20191031_193308,103737
1016701_20191109_022036,103738
1016701_20191208_214935,103739
1016701_20191210_214132,103740
1016701_20191219_131436,103741
1016701_20200103_020956,103742
1016701_20200115_184221,103743
1016701_20200122_112856,103744
1016701_20200126_042452,103745
1016701_20200203_161013,103746
1016701_20200217_035358,103747
1016701_20200302_231219,103748
1016701_20200307_214821,103749
1016701_20200308_164630,103750
1016701_20200314_211105,103751
1016701_20200317_045955,103752
1016701_20200320_114815,103753
1016701_20200406_144207,103754
1016701_20200407_033554,103755
1016701_20200411_120729,103756
1016701_20200416_133548,103757
1016701_20200510_105624,103758
1016701_20200519_190626,103759
1016701_20200528_065630,103760
1016701_20200531_211727,103761
1016701_20200628_084127,103762
1016701_20200630_000450,103763
1016701_20200725_110116,103764
1016701_20200730_150245,103765
1016701_20200810_195516,103766
1016701_20200810_194218,103767
1016701_20200810_100744,103768
1016701_20200815_002851,103769
1016701_20200818_030827,103770
1016701_20200824_220912,103771
1016701_20200824_021518,103772
1016701_20200825_221124,103773
1016701_20200826_191818,103774
1016701_20200830_083128,103775
1016701_20200831_202049,103776
1016701_20200902_210712,103777
1016701_20200904_013607,103778
1016701_20200904_224717,103779
1016701_20200908_204029,103780
1016701_20200910_052559,103781
1016701_20200911_114023,103782
1016701_20200915_230533,103783
1016701_20200915_230456,103784
1016701_20200920_040803,103785
1016701_20200920_095731,103786
1016701_20201004_234622,103787
1016701_20201004_234701,103788
1016701_20201007_013245,103789
1016701_20201013_183016,103790
1016701_20201014_234929,103791
1016701_20201015_005459,103792
1016701_20201016_022255,103793
1016701_20201024_052531,103794
1016701_20201025_231346,103795
1016701_20201025_010844,103796
1016701_20201105_155350,103797
1016701_20201116_184724,103798
1016701_20201117_062831,103799
1016701_20201120_183154,103800
1016701_20201201_210434,103801
1016701_20201219_203647,103802
1016701_20210101_194939,103803
1016701_20210104_171042,103804
1016701_20210107_063724,103805
1016701_20210107_194415,103806
1016701_20210116_223838,103807
1016701_20210119_001749,103808
1016701_20210126_011457,103809
1016701_20210222_105500,103810
1016701_20210225_063700,103811
1016701_20210228_201505,103812
1016701_20210310_052738,103813
1016701_20210313_210153,103814
1016701_20210320_043640,103815
1016701_20210322_000634,103816
1016701_20210327_093913,103817
1016701_20210426_141251,103818
1016701_20210428_122849,103819
1016701_20210430_063550,103820
1016701_20210502_083303,103821
1016701_20210508_130045,103822
1016701_20210516_033538,103823
1016701_20210518_112325,103824
1016701_20210526_085158,103825
1016701_20210528_132145,103826
1016701_20210529_115948,103827
1016701_20210529_155702,103828
1016701_20210530_005857,103829
1016701_20210530_094720,103830
1016701_20210531_045939,103831
1016701_20210531_101825,103832
1016701_20210602_055353,103833
1016701_20210602_041945,103834
1016701_20210605_163201,103835
1016701_20210606_203540,103836
1016701_20210610_145111,103837
1016701_20210615_121812,103838
1016701_20210617_211136,103839
1016701_20210627_030856,103840
1016701_20210629_075055,103841
1016701_20210629_105349,103842
1016701_20210629_083023,103843
1016701_20210629_143334,103844
1016701_20210701_025631,103845
1016701_20210704_022346,103846
1016701_20210707_024116,103847
1016701_20210719_213709,103848
1016701_20210724_042553,103849
1016701_20210724_044137,103850
1016701_20210724_011819,103851
1016701_20210725_135939,103852
1016701_20210730_123113,103853
1016701_20210808_150927,103854
1016701_20210808_235154,103855
1016701_20210808_150419,103856
1016701_20210808_062939,103857
1016701_20210818_192946,103858
1016701_20210819_155035,103859
1016701_20210819_134437,103860
1016701_20210819_180155,103861
1016701_20210826_001932,103862
1016701_20210826_035641,103863
1016701_20210907_073931,103864
1016701_20210918_140603,103865
1016701_20210919_001615,103866
1016701_20210921_000756,103867
1016701_20211020_014436,103868
1016701_20211021_040824,103869
1016701_20211024_070135,103870
1016701_20211024_005609,103871
1016701_20211027_164642,103872
1016701_20211027_065627,103873
1016701_20211101_013530,103874
1016701_20211102_010532,103875
1016701_20211112_153824,103876
1016701_20211113_085428,103877
1016701_20211114_104048,103878
1016701_20211121_091300,103879
1016701_20211205_054105,103880
1016701_20211215_130428,103881
1016701_20211215_090441,103882
1016701_20211216_072811,103883
1016701_20211218_211116,103884
1016701_20211220_215157,103885
1016701_20211221_075902,103886
1016701_20211221_031842,103887
1016701_20211223_072520,103888
1016701_20211228_085147,103889
1016701_20211231_062917,103890
1016701_20220109_180152,103891
1016701_20220109_074049,103892
1016701_20220121_131754,103893
1016701_20220123_213200,103894
1016701_20220123_212833,103895
1016701_20220123_214708,103896
1016701_20220124_031053,103897
1016701_20220127_164844,103898
1016701_20220128_120143,103899
1016701_20220211_103414,103900
1016701_20220213_164850,103901
1016701_20220213_112439,103902
1016701_20220221_222024,103903
1016701_20220305_115017,103904
1016701_20220313_015041,103905
1016701_20220327_030630,103906
1016701_20220404_151650,103907
1016701_20220404_202912,103908
1016701_20220404_211628,103909
1016701_20220404_170053,103910
1016701_20220404_153020,103911
1016701_20220405_072457,103912
1016701_20220406_084332,103913
1016701_20220407_034203,103914
1016701_20220407_213702,103915
1016701_20220412_170536,103916
1016701_20220412_131903,103917
1016701_20220415_025816,103918
1016701_20220503_090811,103919
1016701_20220512_144841,103920
1016701_20220518_225602,103921
1016701_20220613_205901,103922
1016701_20220625_043537,103923
1016701_20220712_114743,103924
1016701_20220713_091612,103925
1016701_20220713_084542,103926
1016701_20220724_035706,103927
1016701_20220808_061814,103928
1016701_20220825_033343,103929
1016701_20220829_030712,103930
1016701_20220829_064949,103931
1016701_20220902_165107,103932
1016701_20220906_013724,103933
1016701_20220912_065605,103934
1016701_20220914_080043,103935
1016701_20220916_215642,103936
1016701_20220927_021059,103937
1016701_20221124_155806,103938
1016701_20221127_045537,103939
1016701_20221127_014001,103940
1016701_20221130_211028,103941
1018125_20180107_102908,103942
1018125_20180124_165037,103943
1018125_20180228_145642,103944
1018125_20180508_115550,103945
1018125_20180510_010006,103946
1018125_20180529_015520,103947
1018125_20180612_141754,103948
1018125_20180618_081343,103949
1018125_20180717_000119,103950
1018125_20181003_022452,103951
1018125_20181214_094442,103952
1018125_20190208_121406,103953
1018125_20190907_134229,103954
1018125_20191124_034142,103955
1018125_20191228_182731,103956
1018125_20200310_005102,103957
1018125_20200314_145522,103958
1018125_20200314_145818,103959
1018125_20200314_152407,103960
1018125_20200318_233926,103961
1018125_20210908_171839,103962
1018125_20210919_092009,103963
1018125_20211008_001946,103964
1018125_20211015_011438,103965
1018125_20211107_094007,103966
1018125_20220703_172123,103967
1018125_20220817_051842,103968
1018125_20220823_064520,103969
nc73824826_20180107_152217,103970
nc73824826_20180110_234312,103971
nc73824826_20180221_082222,103972
nc73824826_20180224_184543,103973
nc73824826_20180226_210217,103974
nc73824826_20180404_124649,103975
nc73824826_20180508_165458,103976
nc73824826_20180512_022436,103977
nc73824826_20180622_204644,103978
nc73824826_20180709_001602,103979
nc73824826_20180714_111648,103980
nc73824826_20180724_011607,103981
nc73824826_20180725_230943,103982
nc73824826_20180726_025149,103983
nc73824826_20180822_060422,103984
nc73824826_20181119_003324,103985
nc73824826_20181226_134438,103986
nc73824826_20181227_174542,103987
nc73824826_20190103_093049,103988
nc73824826_20190111_221130,103989
nc73824826_20190111_110933,103990
nc73824826_20190214_122634,103991
nc73824826_20190220_081802,103992
nc73824826_20190220_082236,103993
nc73824826_20190223_223702,103994
nc73824826_20190309_011758,103995
nc73824826_20190312_092342,103996
nc73824826_20190405_175113,103997
nc73824826_20190421_074615,103998
nc73824826_20190610_065806,103999
nc73824826_20190611_052808,104000
nc73824826_20190612_063409,104001
nc73824826_20190715_171432,104002
nc73824826_20190722_141932,104003
nc73824826_20190724_143159,104004
nc73824826_20190803_070248,104005
nc73824826_20190815_073726,104006
nc73824826_20190823_162139,104007
nc73824826_20190823_182051,104008
nc73824826_20190825_163706,104009
nc73824826_20190912_210545,104010
nc73824826_20190917_025616,104011
nc73824826_20190923_103544,104012
nc73824826_20190924_134503,104013
nc73824826_20190928_143804,104014
nc73824826_20190929_123231,104015
nc73824826_20191004_091934,104016
nc73824826_20191103_203624,104017
nc73824826_20191207_092422,104018
nc73824826_20191221_061429,104019
nc73824826_20200105_210500,104020
nc73824826_20200126_122830,104021
nc73824826_20200128_051132,104022
nc73824826_20200130_072641,104023
nc73824826_20200202_174510,104024
nc73824826_20200219_043744,104025
nc73824826_20200302_215610,104026
nc73824826_20200312_131953,104027
nc73824826_20200319_020947,104028
nc73824826_20200324_080336,104029
nc73824826_20200503_140139,104030
nc73824826_20200508_025928,104031
nc73824826_20200520_055956,104032
nc73824826_20200525_113411,104033
nc73824826_20200617_093802,104034
nc73824826_20200627_123621,104035
nc73824826_20200702_141240,104036
nc73824826_20200730_141555,104037
nc73824826_20200806_094300,104038
nc73824826_20200812_091612,104039
nc73824826_20200830_191139,104040
nc73824826_20200904_120245,104041
nc73824826_20200914_023730,104042
nc73824826_20201022_012826,104043
nc73824826_20201029_042331,104044
nc73824826_20201108_001341,104045
nc73824826_20201109_041628,104046
nc73824826_20201112_005920,104047
nc73824826_20201122_042811,104048
nc73824826_20201124_044302,104049
nc73824826_20201216_220140,104050
nc73824826_20201220_204307,104051
nc73824826_20210309_180522,104052
nc73824826_20210312_032049,104053
nc73824826_20210402_082140,104054
nc73824826_20210402_100411,104055
nc73824826_20210402_083331,104056
nc73824826_20210403_084631,104057
nc73824826_20210403_143645,104058
nc73824826_20210404_224731,104059
nc73824826_20210406_184403,104060
nc73824826_20210416_073437,104061
nc73824826_20210424_153855,104062
nc73824826_20210424_105459,104063
nc73824826_20210511_105345,104064
nc73824826_20210518_070904,104065
nc73824826_20210605_234743,104066
nc73824826_20210710_103206,104067
nc73824826_20210710_103555,104068
nc73824826_20210710_104451,104069
nc73824826_20210710_113217,104070
nc73824826_20210710_122208,104071
nc73824826_20210711_001156,104072
nc73824826_20210814_073223,104073
nc73824826_20210817_050432,104074
nc73824826_20211017_203305,104075
nc73824826_20211104_073453,104076
nc73824826_20211117_072636,104077
nc73824826_20211203_140308,104078
nc73824826_20211205_035636,104079
nc73824826_20211220_231247,104080
nc73824826_20211221_191452,104081
nc73824826_20211221_000644,104082
nc73824826_20211225_033417,104083
nc73824826_20211226_005831,104084
nc73824826_20211227_212356,104085
nc73824826_20211228_234232,104086
nc73824826_20211228_231636,104087
nc73824826_20211230_215015,104088
nc73824826_20211231_234446,104089
nc73824826_20220106_215126,104090
nc73824826_20220121_045559,104091
nc73824826_20220124_145910,104092
nc73824826_20220128_224415,104093
nc73824826_20220211_010352,104094
nc73824826_20220212_184342,104095
nc73824826_20220302_231959,104096
nc73824826_20220302_160803,104097
nc73824826_20220309_134216,104098
nc73824826_20220322_061616,104099
nc73824826_20220412_172203,104100
nc73824826_20220511_115107,104101
nc73824826_20220518_180736,104102
nc73824826_20220521_200656,104103
nc73824826_20220620_073931,104104
nc73824826_20220627_074334,104105
nc73824826_20220718_014242,104106
nc73824826_20220728_072033,104107
nc73824826_20220802_032352,104108
nc73824826_20220816_181525,104109
nc73824826_20220916_060105,104110
nc73824826_20220919_045439,104111
nc73824826_20220929_052949,104112
nc73824826_20221005_051118,104113
nc73824826_20221006_074256,104114
nc73824826_20221023_002419,104115
nc73824826_20221101_094050,104116
nc73824826_20221127_180057,104117
1010949_20180108_234450,104118
1010949_20180809_131607,104119
1010949_20180924_080959,104120
1010949_20190320_014835,104121
1010949_20190413_135557,104122
1010949_20190905_081733,104123
1010949_20200319_021914,104124
1010949_20200322_021754,104125
1010949_20200322_101516,104126
1010949_20200623_075756,104127
1010949_20200719_222832,104128
1010949_20200727_054353,104129
1010949_20210415_085641,104130
1010949_20210716_185915,104131
1010949_20210804_185846,104132
1010949_20210821_162333,104133
1010949_20211103_164758,104134
1010949_20211103_073249,104135
1010949_20211203_104213,104136
1010949_20211221_071820,104137
1010949_20211221_073630,104138
1010949_20211221_062456,104139
1010949_20220213_112053,104140
1010949_20220426_223544,104141
1010949_20220818_084153,104142
1010949_20221108_084030,104143
1014033_20180108_161836,104144
1014033_20180116_220526,104145
1014033_20180207_151805,104146
1014033_20180208_154416,104147
1014033_20180208_151458,104148
1014033_20180209_083935,104149
1014033_20180209_115943,104150
1014033_20180210_105514,104151
1014033_20180211_105222,104152
1014033_20180221_121815,104153
1014033_20180301_013245,104154
1014033_20180310_161828,104155
1014033_20180311_045114,104156
1014033_20180316_034302,104157
1014033_20180405_043431,104158
1014033_20180405_043032,104159
1014033_20180409_121447,104160
1014033_20180415_162112,104161
1014033_20180417_185320,104162
1014033_20180419_092800,104163
1014033_20180425_122626,104164
1014033_20180430_020126,104165
1014033_20180501_104924,104166
1014033_20180509_115619,104167
1014033_20180511_041440,104168
1014033_20180611_033557,104169
1014033_20180611_034548,104170
1014033_20180617_070220,104171
1014033_20180621_220158,104172
1014033_20180621_231228,104173
1014033_20180622_072552,104174
1014033_20180721_180827,104175
1014033_20180721_182423,104176
1014033_20180804_063738,104177
1014033_20180808_222620,104178
1014033_20180809_070127,104179
1014033_20180811_123756,104180
1014033_20180811_150101,104181
1014033_20180814_070408,104182
1014033_20180927_204011,104183
1014033_20181003_124413,104184
1014033_20181018_021105,104185
1014033_20181019_232509,104186
1014033_20181020_062751,104187
1014033_20181020_063428,104188
1014033_20181020_063753,104189
1014033_20181020_063620,104190
1014033_20181020_083044,104191
1014033_20181020_072226,104192
1014033_20181107_161430,104193
1014033_20181117_074122,104194
1014033_20181201_044109,104195
1014033_20181206_083935,104196
1014033_20190121_200924,104197
1014033_20190130_022819,104198
1014033_20190205_103827,104199
1014033_20190207_053415,104200
1014033_20190215_160201,104201
1014033_20190216_204651,104202
1014033_20190226_083919,104203
1014033_20190226_085028,104204
1014033_20190317_100321,104205
1014033_20190321_145425,104206
1014033_20190618_170140,104207
1014033_20190623_133616,104208
1014033_20190703_034627,104209
1014033_20190707_052831,104210
1014033_20190707_075909,104211
1014033_20190710_215030,104212
1014033_20190712_065125,104213
1014033_20190712_071438,104214
1014033_20190722_035724,104215
1014033_20190801_091204,104216
1014033_20190804_153656,104217
1014033_20190807_124639,104218
1014033_20190819_195927,104219
1014033_20190819_193600,104220
1014033_20190822_181227,104221
1014033_20190822_184508,104222
1014033_20190826_091713,104223
1014033_20190827_134914,104224
1014033_20190830_203250,104225
1014033_20190902_011813,104226
1014033_20190906_103736,104227
1014033_20190923_002212,104228
1014033_20190927_210423,104229
1014033_20190927_211253,104230
1014033_20191001_052002,104231
1014033_20191008_233917,104232
1014033_20191018_090527,104233
1014033_20191020_122139,104234
1014033_20191027_021706,104235
1014033_20191027_043253,104236
1014033_20191103_140227,104237
1014033_20191105_231557,104238
1014033_20191122_040739,104239
1014033_20191130_045716,104240
1014033_20191130_052731,104241
1014033_20191216_185726,104242
1014033_20191218_171451,104243
1014033_20191222_085556,104244
1014033_20191222_154231,104245
1014033_20200114_151517,104246
1014033_20200116_223917,104247
1014033_20200116_235202,104248
1014033_20200116_235303,104249
1014033_20200125_181004,104250
1014033_20200127_025241,104251
1014033_20200201_163611,104252
1014033_20200315_081326,104253
1014033_20200319_011444,104254
1014033_20200319_010006,104255
1014033_20200406_083234,104256
1014033_20200406_082612,104257
1014033_20200411_003015,104258
1014033_20200418_015231,104259
1014033_20200429_004409,104260
1014033_20200430_203637,104261
1014033_20200501_220330,104262
1014033_20200509_005549,104263
1014033_20200513_000724,104264
1014033_20200513_004103,104265
1014033_20200519_050833,104266
1014033_20200519_051533,104267
1014033_20200519_051238,104268
1014033_20200523_224333,104269
1014033_20200604_145440,104270
1014033_20200604_141003,104271
1014033_20200606_104723,104272
1014033_20200618_052842,104273
1014033_20200620_150505,104274
1014033_20200626_125205,104275
1014033_20200714_121836,104276
1014033_20200714_100958,104277
1014033_20200807_150609,104278
1014033_20200809_203701,104279
1014033_20200820_192101,104280
1014033_20200906_070848,104281
1014033_20200914_071053,104282
1014033_20200917_113039,104283
1014033_20200918_040445,104284
1014033_20200920_060705,104285
1014033_20200929_164107,104286
1014033_20201004_043335,104287
1014033_20201010_164716,104288
1014033_20201011_054723,104289
1014033_20201109_032614,104290
1014033_20201109_025058,104291
1014033_20201221_151331,104292
1014033_20210109_123820,104293
1014033_20210121_204437,104294
1014033_20210121_204718,104295
1014033_20210127_110616,104296
1014033_20210128_080118,104297
1014033_20210212_041346,104298
1014033_20210212_040542,104299
1014033_20210228_174201,104300
1014033_20210302_172629,104301
1014033_20210303_015501,104302
1014033_20210308_201140,104303
1014033_20210310_103153,104304
1014033_20210314_022046,104305
1014033_20210316_222659,104306
1014033_20210316_224530,104307
1014033_20210329_060841,104308
1014033_20210424_195512,104309
1014033_20210424_212522,104310
1014033_20210502_101515,104311
1014033_20210517_015115,104312
1014033_20210520_185416,104313
1014033_20210527_090842,104314
1014033_20210530_215915,104315
1014033_20210603_091116,104316
1014033_20210603_104727,104317
1014033_20210613_145552,104318
1014033_20210621_182558,104319
1014033_20210621_185610,104320
1014033_20210626_213453,104321
1014033_20210626_215252,104322
1014033_20210704_001108,104323
1014033_20210707_014253,104324
1014033_20210716_043809,104325
1014033_20210723_172704,104326
1014033_20210723_185414,104327
1014033_20210729_005947,104328
1014033_20210801_182930,104329
1014033_20210802_092419,104330
1014033_20210803_223342,104331
1014033_20210809_130953,104332
1014033_20210809_055010,104333
1014033_20210812_132440,104334
1014033_20210822_052412,104335
1014033_20210823_114836,104336
1014033_20210823_163527,104337
1014033_20210914_110722,104338
1014033_20210915_105021,104339
1014033_20210915_105058,104340
1014033_20210917_030822,104341
1014033_20210919_033315,104342
1014033_20210922_192933,104343
1014033_20211005_154911,104344
1014033_20211009_140443,104345
1014033_20211029_064522,104346
1014033_20211112_152643,104347
1014033_20211113_080421,104348
1014033_20211116_123807,104349
1014033_20211122_061551,104350
1014033_20211123_091134,104351
1014033_20211128_081937,104352
1014033_20211129_023157,104353
1014033_20211205_111917,104354
1014033_20211205_112039,104355
1014033_20211207_123358,104356
1014033_20211208_034125,104357
1014033_20211209_081647,104358
1014033_20211218_072423,104359
1014033_20211219_021440,104360
1014033_20220102_025150,104361
1014033_20220102_222334,104362
1014033_20220105_031424,104363
1014033_20220107_221449,104364
1014033_20220110_122434,104365
1014033_20220114_051812,104366
1014033_20220124_105933,104367
1014033_20220202_022757,104368
1014033_20220218_124456,104369
1014033_20220219_122101,104370
1014033_20220223_144224,104371
1014033_20220226_215931,104372
1014033_20220305_020331,104373
1014033_20220308_230716,104374
1014033_20220312_043348,104375
1014033_20220312_195525,104376
1014033_20220315_104038,104377
1014033_20220317_074626,104378
1014033_20220323_221011,104379
1014033_20220324_122840,104380
1014033_20220324_204412,104381
1014033_20220413_150447,104382
1014033_20220513_225644,104383
1014033_20220514_004409,104384
1014033_20220515_190941,104385
1014033_20220526_225728,104386
1014033_20220531_123859,104387
1014033_20220531_164519,104388
1014033_20220605_022330,104389
1014033_20220608_232136,104390
1014033_20220610_130236,104391
1014033_20220614_120753,104392
1014033_20220616_232311,104393
1014033_20220620_170406,104394
1014033_20220702_032726,104395
1014033_20220702_033050,104396
1014033_20220702_034420,104397
1014033_20220703_233522,104398
1014033_20220718_182024,104399
1014033_20220729_153252,104400
1014033_20220730_100337,104401
1014033_20220808_162941,104402
1014033_20220818_163010,104403
1014033_20220821_034330,104404
1014033_20220825_190423,104405
1014033_20220904_073003,104406
1014033_20220905_174425,104407
1014033_20220922_183712,104408
1014033_20220923_194003,104409
1014033_20220925_001336,104410
1014033_20220927_101027,104411
1014033_20220929_204354,104412
1014033_20220930_203716,104413
1014033_20221015_195520,104414
1014033_20221027_160108,104415
1014033_20221027_191341,104416
1014033_20221027_191046,104417
1014033_20221103_233407,104418
1014033_20221107_000316,104419
1014033_20221111_042957,104420
1014033_20221117_100948,104421
1014033_20221119_194352,104422
1014033_20221122_171320,104423
1014033_20221126_080212,104424
1016534_20180108_215806,104425
1016534_20180323_031342,104426
1016534_20190301_042942,104427
1016534_20190715_023933,104428
1016534_20190721_090635,104429
1016534_20190808_073046,104430
1016534_20190928_201746,104431
1016534_20191003_082048,104432
1016534_20191102_002118,104433
1016534_20191125_211339,104434
1016534_20200106_001243,104435
1016534_20200202_023505,104436
1016534_20200208_193010,104437
1016534_20200219_085134,104438
1016534_20200502_233647,104439
1016534_20210522_024553,104440
1016534_20210620_125721,104441
1016534_20210710_211349,104442
1016534_20210713_014733,104443
1016534_20210721_000558,104444
1016534_20211015_045203,104445
1016534_20211101_021210,104446
1016534_20211112_132432,104447
1016534_20211202_033652,104448
1016534_20211203_125902,104449
1016534_20211221_114042,104450
1016534_20211221_204332,104451
1016534_20211227_052817,104452
1016534_20211229_201352,104453
1016534_20220515_183308,104454
1016534_20220620_015213,104455
1016534_20221112_093909,104456
1016534_20221119_222811,104457
1017375_20180108_002443,104458
1017375_20180127_105011,104459
1017375_20180317_084418,104460
1017375_20180615_151224,104461
1017375_20180618_030224,104462
1017375_20180821_133316,104463
1017375_20180903_163334,104464
1017375_20181013_122219,104465
1017375_20181021_032351,104466
1017375_20181028_014222,104467
1017375_20181119_040932,104468
1017375_20181124_010259,104469
1017375_20190508_065800,104470
1017375_20190825_041710,104471
1017375_20191207_041513,104472
1017375_20200327_133419,104473
1017375_20200328_101216,104474
1017375_20200410_013550,104475
1017375_20200623_032924,104476
1017375_20200624_043344,104477
1017375_20200711_165831,104478
1017375_20200725_224313,104479
1017375_20200726_231553,104480
1017375_20200914_164633,104481
1017375_20200926_204336,104482
1017375_20200927_050149,104483
1017375_20201026_042333,104484
1017375_20201215_140012,104485
1017375_20201216_232301,104486
1017375_20201217_222347,104487
1017375_20201220_152412,104488
1017375_20201222_193124,104489
1017375_20201229_123408,104490
1017375_20201229_125103,104491
1017375_20201229_125115,104492
1017375_20201231_143009,104493
1017375_20210101_172328,104494
1017375_20210102_005359,104495
1017375_20210103_134628,104496
1017375_20210105_132604,104497
1017375_20210121_235114,104498
1017375_20210129_121719,104499
1017375_20210202_024224,104500
1017375_20210208_233425,104501
1017375_20210312_172554,104502
1017375_20210317_050835,104503
1017375_20210406_160523,104504
1017375_20210407_212243,104505
1017375_20210410_175750,104506
1017375_20210412_083411,104507
1017375_20210420_050452,104508
1017375_20210420_022527,104509
1017375_20210427_235132,104510
1017375_20210608_154455,104511
1017375_20210616_103548,104512
1017375_20210617_062514,104513
1017375_20210823_180026,104514
1017375_20210926_193649,104515
1017375_20211018_202711,104516
1017375_20211222_213658,104517
1017375_20220119_113948,104518
1017375_20220320_202809,104519
1017375_20220323_100740,104520
1017375_20220812_024428,104521
1017375_20220903_193551,104522
nc73818541_20180108_025746,104523
nc73818541_20180714_124301,104524
nc73818541_20210630_040716,104525
nc73818541_20211220_213353,104526
nc73818541_20211220_201602,104527
nc73818541_20211220_210402,104528
nc73818541_20211220_205252,104529
nc73818541_20211220_220533,104530
nc73818541_20211220_203816,104531
nc73818541_20211220_231845,104532
nc73818541_20211220_202813,104533
nc73818541_20211220_202808,104534
nc73818541_20211220_231234,104535
nc73818541_20211220_224004,104536
nc73818541_20211220_211657,104537
nc73818541_20211221_003538,104538
nc73818541_20211221_012901,104539
nc73818541_20211221_103244,104540
nc73818541_20211221_001128,104541
nc73818541_20211221_093539,104542
nc73818541_20211221_064238,104543
nc73818541_20211222_164251,104544
nc73818541_20211222_214900,104545
nc73818541_20211223_191859,104546
nc73818541_20211224_183016,104547
nc73818541_20211228_121607,104548
nc73818541_20220102_040322,104549
nc73818541_20220108_125556,104550
nc73818541_20220201_142824,104551
nc73818541_20220319_134416,104552
nc73818541_20220407_184356,104553
nc73818541_20220505_173822,104554
1016016_20180109_094352,104555
1016016_20180112_201029,104556
1016016_20180118_142157,104557
1016016_20180123_073028,104558
1016016_20180127_235424,104559
1016016_20180207_140246,104560
1016016_20180224_021053,104561
1016016_20180226_143344,104562
1016016_20180228_023231,104563
1016016_20180319_060120,104564
1016016_20180403_082219,104565
1016016_20180423_214036,104566
1016016_20180426_024159,104567
1016016_20180429_184700,104568
1016016_20180609_103551,104569
1016016_20180617_210726,104570
1016016_20180722_014140,104571
1016016_20180916_131441,104572
1016016_20180918_040806,104573
1016016_20181029_131655,104574
1016016_20181115_235053,104575
1016016_20190115_165735,104576
1016016_20190115_201508,104577
1016016_20190116_011657,104578
1016016_20190116_120816,104579
1016016_20190119_102919,104580
1016016_20190121_043223,104581
1016016_20190121_213421,104582
1016016_20190404_183644,104583
1016016_20190506_120551,104584
1016016_20190508_033850,104585
1016016_20190607_030502,104586
1016016_20190612_100328,104587
1016016_20190623_120505,104588
1016016_20190627_135150,104589
1016016_20190707_052632,104590
1016016_20190709_035449,104591
1016016_20190718_230753,104592
1016016_20190720_103024,104593
1016016_20190823_161813,104594
1016016_20190825_092005,104595
1016016_20190920_231619,104596
1016016_20190926_170203,104597
1016016_20190929_012810,104598
1016016_20190930_085654,104599
1016016_20191003_082116,104600
1016016_20191104_042129,104601
1016016_20191106_093914,104602
1016016_20200111_013154,104603
1016016_20200111_214932,104604
1016016_20200313_190614,104605
1016016_20200316_201730,104606
1016016_20200320_002638,104607
1016016_20200408_053618,104608
1016016_20200428_162010,104609
1016016_20200513_225111,104610
1016016_20200527_024816,104611
1016016_20200529_233152,104612
1016016_20200606_051702,104613
1016016_20200621_183804,104614
1016016_20200717_214407,104615
1016016_20200811_021834,104616
1016016_20200903_211012,104617
1016016_20200930_181805,104618
1016016_20201013_143343,104619
1016016_20201106_193254,104620
1016016_20201126_081930,104621
1016016_20201206_015357,104622
1016016_20201224_092240,104623
1016016_20201229_183330,104624
1016016_20210224_193700,104625
1016016_20210322_103108,104626
1016016_20210329_074321,104627
1016016_20210424_061731,104628
1016016_20210502_080931,104629
1016016_20210613_040603,104630
1016016_20210711_060818,104631
1016016_20210805_101623,104632
1016016_20210905_230358,104633
1016016_20210917_122845,104634
1016016_20211006_090939,104635
1016016_20211012_112909,104636
1016016_20211020_195008,104637
1016016_20211101_121416,104638
1016016_20211101_114335,104639
1016016_20211220_234218,104640
1016016_20211221_195320,104641
1016016_20211221_032502,104642
1016016_20211222_235607,104643
1016016_20211222_221003,104644
1016016_20211222_043342,104645
1016016_20211222_041650,104646
1016016_20211222_135002,104647
1016016_20211222_052954,104648
1016016_20211222_062218,104649
1016016_20211222_191354,104650
1016016_20211223_103656,104651
1016016_20211223_085304,104652
1016016_20211224_071240,104653
1016016_20211225_042730,104654
1016016_20211225_130717,104655
1016016_20211225_102848,104656
1016016_20211226_182414,104657
1016016_20211226_113213,104658
1016016_20211227_031914,104659
1016016_20211228_102514,104660
1016016_20211229_053901,104661
1016016_20211229_181707,104662
1016016_20211231_101623,104663
1016016_20220106_150353,104664
1016016_20220106_131155,104665
1016016_20220106_071843,104666
1016016_20220109_193743,104667
1016016_20220109_142834,104668
1016016_20220109_043355,104669
1016016_20220109_230048,104670
1016016_20220110_063521,104671
1016016_20220112_063812,104672
1016016_20220114_084451,104673
1016016_20220115_110222,104674
1016016_20220115_110724,104675
1016016_20220115_234227,104676
1016016_20220120_233526,104677
1016016_20220120_034425,104678
1016016_20220121_041737,104679
1016016_20220121_041701,104680
1016016_20220123_213512,104681
1016016_20220128_080408,104682
1016016_20220130_052041,104683
1016016_20220130_181411,104684
1016016_20220206_181429,104685
1016016_20220215_030821,104686
1016016_20220224_225705,104687
1016016_20220224_020653,104688
1016016_20220224_180121,104689
1016016_20220325_094535,104690
1016016_20220329_103552,104691
1016016_20220329_195807,104692
1016016_20220331_144040,104693
1016016_20220403_210327,104694
1016016_20220410_130318,104695
1016016_20220410_205345,104696
1016016_20220411_195630,104697
1016016_20220418_103654,104698
1016016_20220419_184336,104699
1016016_20220421_135320,104700
1016016_20220512_182044,104701
1016016_20220512_121940,104702
1016016_20220609_200846,104703
1016016_20220609_082604,104704
1016016_20220612_061747,104705
1016016_20220620_030525,104706
1016016_20220704_042456,104707
1016016_20220812_082409,104708
1016016_20220812_083628,104709
1016016_20220816_040036,104710
1016016_20220827_143537,104711
1016016_20220901_125958,104712
1016016_20220906_141614,104713
1016016_20220908_132543,104714
1016016_20220912_091021,104715
1016016_20220913_191350,104716
1016016_20221009_143843,104717
1016016_20221011_203519,104718
1016016_20221110_034921,104719
1016016_20221123_204027,104720
1016488_20180109_083858,104721
1016488_20180109_154753,104722
1016488_20180110_010336,104723
1016488_20180406_212030,104724
1016488_20180414_130605,104725
1016488_20180522_141750,104726
1016488_20180925_064334,104727
1016488_20180926_064324,104728
1016488_20180927_225447,104729
1016488_20180929_064728,104730
1016488_20180930_222922,104731
1016488_20181031_224309,104732
1016488_20181101_102714,104733
1016488_20181101_231956,104734
1016488_20181102_091156,104735
1016488_20181102_060658,104736
1016488_20181102_065600,104737
1016488_20181102_065734,104738
1016488_20181102_060720,104739
1016488_20181102_215533,104740
1016488_20181102_233713,104741
1016488_20181103_002508,104742
1016488_20181105_222207,104743
1016488_20190120_052142,104744
1016488_20190120_002819,104745
1016488_20190203_225124,104746
1016488_20190203_075513,104747
1016488_20190203_104335,104748
1016488_20190203_041538,104749
1016488_20190203_034201,104750
1016488_20190203_222048,104751
1016488_20190204_032233,104752
1016488_20190204_142743,104753
1016488_20190204_001840,104754
1016488_20190204_022503,104755
1016488_20190204_004312,104756
1016488_20190204_101049,104757
1016488_20190204_192643,104758
1016488_20190204_234116,104759
1016488_20190204_022233,104760
1016488_20190204_005731,104761
1016488_20190204_030349,104762
1016488_20190204_025723,104763
1016488_20190204_003355,104764
1016488_20190204_041901,104765
1016488_20190204_112458,104766
1016488_20190204_055440,104767
1016488_20190204_031042,104768
1016488_20190204_021708,104769
1016488_20190204_010241,104770
1016488_20190204_050540,104771
1016488_20190204_045221,104772
1016488_20190204_015623,104773
1016488_20190204_075026,104774
1016488_20190204_100752,104775
1016488_20190205_082242,104776
1016488_20190205_042055,104777
1016488_20190205_010447,104778
1016488_20190207_180629,104779
1016488_20190210_030223,104780
1016488_20190210_204802,104781
1016488_20190210_180052,104782
1016488_20190210_030732,104783
1016488_20190211_205158,104784
1016488_20190502_001105,104785
1016488_20190512_053613,104786
1016488_20190522_024750,104787
1016488_20190716_204440,104788
1016488_20190907_104759,104789
1016488_20190914_124051,104790
1016488_20191010_222653,104791
1016488_20191024_215346,104792
1016488_20191106_010544,104793
1016488_20191228_205518,104794
1016488_20200209_192947,104795
1016488_20200210_002056,104796
1016488_20200503_193042,104797
1016488_20200611_134140,104798
1016488_20200611_120454,104799
1016488_20200720_105541,104800
1016488_20200721_091514,104801
1016488_20200721_211511,104802
1016488_20200721_172807,104803
1016488_20200723_023415,104804
1016488_20200826_121241,104805
1016488_20200913_022730,104806
1016488_20201109_133333,104807
1016488_20201113_022102,104808
1016488_20210101_081406,104809
1016488_20210217_084921,104810
1016488_20210429_171305,104811
1016488_20210430_225227,104812
1016488_20210518_185659,104813
1016488_20210713_043411,104814
1016488_20210716_122303,104815
1016488_20211202_212312,104816
1016488_20220219_135444,104817
1016488_20220327_040136,104818
1016488_20220329_153234,104819
1016488_20220329_095512,104820
1016488_20220330_152858,104821
1016488_20220330_023943,104822
1016488_20220330_080547,104823
1016488_20220415_001222,104824
1016488_20220418_163446,104825
1016488_20220613_070331,104826
1016488_20220613_070338,104827
1016488_20220926_122135,104828
1016488_20220926_122205,104829
1017702_20180109_212936,104830
1017702_20180324_083450,104831
1017702_20180422_190753,104832
1017702_20180508_111830,104833
1017702_20180930_102810,104834
1017702_20181002_065459,104835
1017702_20190813_231032,104836
1017702_20191009_073822,104837
1017702_20191215_121712,104838
1017702_20211016_073633,104839
1017702_20211103_004038,104840
1017702_20211109_194834,104841
1017702_20211220_215350,104842
1017702_20211220_233115,104843
1017702_20211220_203943,104844
1017702_20211220_202505,104845
1017702_20211220_211143,104846
1017702_20211221_175614,104847
1017702_20211221_104255,104848
1017702_20211221_003647,104849
1017702_20211221_054110,104850
1017702_20211221_064731,104851
1017702_20211221_020627,104852
1017702_20211221_205811,104853
1017702_20211221_053404,104854
1017702_20211221_014243,104855
1017702_20211221_024001,104856
1017702_20211221_000622,104857
1017702_20211221_144704,104858
1017702_20211221_032633,104859
1017702_20211221_062647,104860
1017702_20211221_045732,104861
1017702_20211224_124623,104862
1017702_20211226_070317,104863
1017702_20211226_091412,104864
1017702_20211231_033505,104865
1017702_20220108_170829,104866
1017702_20220125_113158,104867
1017702_20220518_070304,104868
1017702_20220805_165811,104869
1017702_20221019_205936,104870
1013417_20180110_080453,104871
1013417_20180114_110557,104872
1013417_20180206_115657,104873
1013417_20180226_085844,104874
1013417_20180307_125958,104875
1013417_20180309_003535,104876
1013417_20180315_182012,104877
1013417_20180323_074131,104878
1013417_20180325_063131,104879
1013417_20180712_024223,104880
1013417_20180722_031016,104881
1013417_20180809_125156,104882
1013417_20180917_135338,104883
1013417_20181107_155328,104884
1013417_20181224_181423,104885
1013417_20190321_134646,104886
1013417_20190505_034111,104887
1013417_20190525_060925,104888
1013417_20190729_192020,104889
1013417_20190731_134951,104890
1013417_20191014_214812,104891
1013417_20191101_192813,104892
1013417_20191109_173852,104893
1013417_20200413_095832,104894
1013417_20200828_235045,104895
1013417_20200924_221736,104896
1013417_20210203_012128,104897
1013417_20210218_024513,104898
1013417_20210220_014435,104899
1013417_20210331_070659,104900
1013417_20210819_221102,104901
1013417_20210819_193746,104902
1013417_20211129_212726,104903
1013417_20211221_134709,104904
1013417_20220213_085423,104905
1013417_20220518_235837,104906
1013417_20220612_001230,104907
1013417_20220715_042813,104908
1013417_20220828_221654,104909
1013417_20221017_003929,104910
1013417_20221114_212740,104911
1013692_20180110_232145,104912
1013692_20200318_225708,104913
1013692_20200825_183631,104914
1013692_20220124_104348,104915
1013692_20221019_001529,104916
nc73888396_20180110_085643,104917
nc73888396_20180215_083740,104918
nc73888396_20180228_215034,104919
nc73888396_20180529_230140,104920
nc73888396_20181020_194928,104921
nc73888396_20190122_054855,104922
nc73888396_20190307_044802,104923
nc73888396_20190322_175532,104924
nc73888396_20190322_181446,104925
nc73888396_20190322_201132,104926
nc73888396_20190322_185109,104927
nc73888396_20190603_015939,104928
nc73888396_20190904_044817,104929
nc73888396_20200121_030013,104930
nc73888396_20200324_200740,104931
nc73888396_20200727_083854,104932
nc73888396_20210506_160356,104933
nc73888396_20210506_162626,104934
nc73888396_20210521_000912,104935
nc73888396_20210705_102654,104936
nc73888396_20211220_214027,104937
nc73888396_20220106_010841,104938
nc73888396_20220810_045415,104939
1013217_20180111_114217,104940
nc73890435_20180111_043607,104941
nc73890435_20180124_124051,104942
nc73890435_20180323_035256,104943
nc73890435_20180402_134037,104944
nc73890435_20180411_224242,104945
nc73890435_20180517_063128,104946
nc73890435_20180520_222903,104947
nc73890435_20180522_015114,104948
nc73890435_20180605_052623,104949
nc73890435_20180614_035850,104950
nc73890435_20180711_164057,104951
nc73890435_20180716_011521,104952
nc73890435_20180716_043307,104953
nc73890435_20180716_011607,104954
nc73890435_20180716_011746,104955
nc73890435_20180803_150639,104956
nc73890435_20181011_235837,104957
nc73890435_20181016_172509,104958
nc73890435_20181029_184051,104959
nc73890435_20181222_040017,104960
nc73890435_20190113_212625,104961
nc73890435_20190116_010732,104962
nc73890435_20190218_114742,104963
nc73890435_20190305_214121,104964
nc73890435_20190307_232734,104965
nc73890435_20190409_194229,104966
nc73890435_20190419_145441,104967
nc73890435_20190420_135529,104968
nc73890435_20190508_212022,104969
nc73890435_20190620_164511,104970
nc73890435_20190709_083247,104971
nc73890435_20190718_133705,104972
nc73890435_20190901_035642,104973
nc73890435_20190910_233316,104974
nc73890435_20191208_001145,104975
nc73890435_20191225_040829,104976
nc73890435_20200127_033337,104977
nc73890435_20200315_110854,104978
nc73890435_20200315_104025,104979
nc73890435_20200324_224056,104980
nc73890435_20200329_195048,104981
nc73890435_20200520_211040,104982
nc73890435_20200528_033049,104983
nc73890435_20200611_035051,104984
nc73890435_20200614_084104,104985
nc73890435_20200714_072547,104986
nc73890435_20200817_223419,104987
nc73890435_20200910_020447,104988
nc73890435_20200912_104000,104989
nc73890435_20200919_003331,104990
nc73890435_20200923_093147,104991
nc73890435_20200929_095755,104992
nc73890435_20201123_062333,104993
nc73890435_20201208_164253,104994
nc73890435_20201210_194914,104995
nc73890435_20201222_143510,104996
nc73890435_20210306_125427,104997
nc73890435_20210506_205808,104998
nc73890435_20210520_005018,104999
nc73890435_20210523_232521,105000
nc73890435_20210531_150322,105001
nc73890435_20210611_083133,105002
nc73890435_20210620_014122,105003
nc73890435_20210720_150521,105004
nc73890435_20210828_192144,105005
nc73890435_20210927_010332,105006
nc73890435_20211006_220324,105007
nc73890435_20211101_035653,105008
nc73890435_20220128_115221,105009
nc73890435_20220206_215037,105010
nc73890435_20220311_094329,105011
nc73890435_20220403_082439,105012
nc73890435_20220419_221625,105013
nc73890435_20220509_215208,105014
nc73890435_20220510_215013,105015
nc73890435_20220609_223547,105016
nc73890435_20220617_102217,105017
nc73890435_20220617_104626,105018
nc73890435_20220617_104735,105019
nc73890435_20220624_050453,105020
nc73890435_20220727_045413,105021
nc73890435_20220729_111901,105022
nc73890435_20220811_043915,105023
nc73890435_20220817_082546,105024
nc73890435_20220830_231116,105025
nc73890435_20221011_172322,105026
nc73890435_20221011_140249,105027
nc73890435_20221011_173039,105028
nc73890435_20221024_200538,105029
nc73890435_20221114_001750,105030
nc73890435_20221120_202039,105031
nc73890435_20221127_040020,105032
1014547_20180112_131148,105033
1014547_20180518_222133,105034
1014547_20180519_070740,105035
1014547_20180618_122707,105036
1014547_20180618_044259,105037
1014547_20180909_154942,105038
1014547_20180925_173057,105039
1014547_20180925_172652,105040
1014547_20180925_173215,105041
1014547_20180925_174709,105042
1014547_20181122_150147,105043
1014547_20190126_203837,105044
1014547_20190126_222529,105045
1014547_20190126_203130,105046
1014547_20190127_004252,105047
1014547_20190209_105816,105048
1014547_20190622_010933,105049
1014547_20190811_195115,105050
1014547_20190903_171132,105051
1014547_20190913_002011,105052
1014547_20200107_191129,105053
1014547_20201027_013324,105054
1014547_20201121_195412,105055
1014547_20210404_081032,105056
1014547_20210404_033544,105057
1014547_20210404_182554,105058
1014547_20210405_031014,105059
1014547_20210719_144607,105060
1014547_20210719_152444,105061
1014547_20211122_081236,105062
1014547_20211220_212232,105063
1014547_20211227_201924,105064
1014547_20211228_115445,105065
1014547_20220109_062037,105066
1015726_20180112_131144,105067
1015726_20180719_070130,105068
1015726_20180918_010108,105069
1015726_20210322_160238,105070
1015726_20210918_125601,105071
1015726_20211014_125559,105072
1015726_20211018_112636,105073
1015726_20211222_222719,105074
1015726_20220122_210223,105075
nc73865815_20180112_174943,105076
nc73865815_20180125_021743,105077
nc73865815_20180131_152011,105078
nc73865815_20180131_152711,105079
nc73865815_20180209_231204,105080
nc73865815_20180211_120940,105081
nc73865815_20180220_035707,105082
nc73865815_20180307_051615,105083
nc73865815_20180502_110943,105084
nc73865815_20180515_082601,105085
nc73865815_20180519_072211,105086
nc73865815_20180714_230619,105087
nc73865815_20180721_140525,105088
nc73865815_20180721_140350,105089
nc73865815_20180721_141301,105090
nc73865815_20180730_124203,105091
nc73865815_20180813_101327,105092
nc73865815_20180818_123228,105093
nc73865815_20180818_124924,105094
nc73865815_20180827_004450,105095
nc73865815_20180917_052949,105096
nc73865815_20180927_043635,105097
nc73865815_20181004_100740,105098
nc73865815_20181010_131146,105099
nc73865815_20181020_065656,105100
nc73865815_20181111_135421,105101
nc73865815_20181118_120358,105102
nc73865815_20181118_075319,105103
nc73865815_20181220_221143,105104
nc73865815_20190107_140642,105105
nc73865815_20190107_120806,105106
nc73865815_20190128_042438,105107
nc73865815_20190204_034342,105108
nc73865815_20190213_033646,105109
nc73865815_20190218_235753,105110
nc73865815_20190221_092352,105111
nc73865815_20190221_090312,105112
nc73865815_20190223_182206,105113
nc73865815_20190305_121732,105114
nc73865815_20190305_181417,105115
nc73865815_20190317_005733,105116
nc73865815_20190322_084544,105117
nc73865815_20190323_225031,105118
nc73865815_20190325_061034,105119
nc73865815_20190326_183636,105120
nc73865815_20190327_025811,105121
nc73865815_20190406_031444,105122
nc73865815_20190521_080308,105123
nc73865815_20190530_110535,105124
nc73865815_20190610_055019,105125
nc73865815_20190616_221810,105126
nc73865815_20190616_063951,105127
nc73865815_20190616_081319,105128
nc73865815_20190620_131941,105129
nc73865815_20190706_230939,105130
nc73865815_20190708_154835,105131
nc73865815_20190716_103654,105132
nc73865815_20190717_035641,105133
nc73865815_20190812_010446,105134
nc73865815_20190901_121459,105135
nc73865815_20190906_052322,105136
nc73865815_20190923_092310,105137
nc73865815_20190923_101608,105138
nc73865815_20191025_204411,105139
nc73865815_20191105_000858,105140
nc73865815_20191202_015052,105141
nc73865815_20200105_110439,105142
nc73865815_20200308_215134,105143
nc73865815_20200312_152018,105144
nc73865815_20200319_000012,105145
nc73865815_20200415_062246,105146
nc73865815_20200422_033902,105147
nc73865815_20200501_212701,105148
nc73865815_20200515_211851,105149
nc73865815_20200519_041804,105150
nc73865815_20200519_155835,105151
nc73865815_20200519_085604,105152
nc73865815_20200602_015548,105153
nc73865815_20200609_102901,105154
nc73865815_20200609_115457,105155
nc73865815_20200611_114829,105156
nc73865815_20200622_191026,105157
nc73865815_20200628_090435,105158
nc73865815_20200819_085718,105159
nc73865815_20200829_125913,105160
nc73865815_20200903_074931,105161
nc73865815_20200921_215310,105162
nc73865815_20200928_093439,105163
nc73865815_20200929_164212,105164
nc73865815_20200929_160655,105165
nc73865815_20201008_083456,105166
nc73865815_20201013_220511,105167
nc73865815_20201111_024836,105168
nc73865815_20201219_032342,105169
nc73865815_20210120_075513,105170
nc73865815_20210121_204620,105171
nc73865815_20210212_043107,105172
nc73865815_20210212_200851,105173
nc73865815_20210212_042914,105174
nc73865815_20210220_234036,105175
nc73865815_20210414_043959,105176
nc73865815_20210414_012741,105177
nc73865815_20210414_053837,105178
nc73865815_20210506_080745,105179
nc73865815_20210517_065357,105180
nc73865815_20210612_135700,105181
nc73865815_20210702_060958,105182
nc73865815_20210707_193215,105183
nc73865815_20210710_115945,105184
nc73865815_20210817_054843,105185
nc73865815_20210831_181315,105186
nc73865815_20210910_003224,105187
nc73865815_20210919_050309,105188
nc73865815_20210923_093350,105189
nc73865815_20210930_191002,105190
nc73865815_20211008_234058,105191
nc73865815_20211010_151312,105192
nc73865815_20211101_033051,105193
nc73865815_20211104_090514,105194
nc73865815_20211118_043058,105195
nc73865815_20211209_201236,105196
nc73865815_20211217_030016,105197
nc73865815_20211218_051748,105198
nc73865815_20211220_071218,105199
nc73865815_20211221_183136,105200
nc73865815_20220113_091739,105201
nc73865815_20220203_213057,105202
nc73865815_20220224_231818,105203
nc73865815_20220305_203425,105204
nc73865815_20220310_124222,105205
nc73865815_20220313_165428,105206
nc73865815_20220402_063242,105207
nc73865815_20220410_140119,105208
nc73865815_20220427_232041,105209
nc73865815_20220512_213949,105210
nc73865815_20220515_213042,105211
nc73865815_20220602_095027,105212
nc73865815_20220617_005930,105213
nc73865815_20220715_001452,105214
nc73865815_20220721_024131,105215
nc73865815_20220728_092209,105216
nc73865815_20220822_032422,105217
nc73865815_20220824_184002,105218
nc73865815_20220826_140934,105219
nc73865815_20220829_100058,105220
nc73865815_20220918_152846,105221
nc73865815_20221002_193334,105222
nc73865815_20221014_091756,105223
nc73865815_20221017_044523,105224
nc73865815_20221019_222412,105225
nc73865815_20221024_221608,105226
nc73865815_20221104_231949,105227
nc73865815_20221128_061743,105228
1017521_20180113_154842,105229
1017521_20180130_142937,105230
1017521_20180206_054128,105231
1017521_20180218_035200,105232
1017521_20180409_044636,105233
1017521_20180914_095207,105234
1017521_20181016_043544,105235
1017521_20181207_183332,105236
1017521_20190203_170651,105237
1017521_20190221_232134,105238
1017521_20190422_040551,105239
1017521_20190529_062822,105240
1017521_20190623_040916,105241
1017521_20190915_101409,105242
1017521_20190922_133712,105243
1017521_20200126_181319,105244
1017521_20200218_190832,105245
1017521_20200331_163934,105246
1017521_20200622_152524,105247
1017521_20200622_112450,105248
1017521_20201030_060332,105249
1017521_20210316_192130,105250
1017521_20210328_211500,105251
1017521_20210424_093240,105252
1017521_20210520_192147,105253
1017521_20210525_122448,105254
1017521_20210701_221535,105255
1017521_20210720_042829,105256
1017521_20210801_162639,105257
1017521_20210805_082801,105258
1017521_20210917_151151,105259
1017521_20211005_182158,105260
1017521_20211016_031923,105261
1017521_20211110_141641,105262
1017521_20211128_092806,105263
1017521_20211220_205003,105264
1017521_20211222_055202,105265
1017521_20211230_231732,105266
1017521_20220114_123352,105267
1017521_20220117_021119,105268
1017521_20220118_060422,105269
1017521_20220130_020657,105270
1017521_20220130_022321,105271
1017521_20220227_194439,105272
1017521_20220303_161852,105273
1017521_20220305_005853,105274
1017521_20220325_043309,105275
1017521_20220601_121016,105276
1017521_20220702_060318,105277
1017521_20220727_021747,105278
1017521_20220925_070911,105279
1017521_20221018_232537,105280
1017521_20221121_165028,105281
1018368_20180113_150534,105282
1018368_20180115_002554,105283
1018368_20180116_143707,105284
1018368_20180129_022326,105285
1018368_20180129_185329,105286
1018368_20180202_094934,105287
1018368_20180205_053344,105288
1018368_20180216_044700,105289
1018368_20180224_171700,105290
1018368_20180323_040743,105291
1018368_20180323_053303,105292
1018368_20180323_032357,105293
1018368_20180323_051622,105294
1018368_20180323_052702,105295
1018368_20180418_053852,105296
1018368_20180429_213313,105297
1018368_20180430_112707,105298
1018368_20180501_055347,105299
1018368_20180522_091807,105300
1018368_20180522_075220,105301
1018368_20180522_030646,105302
1018368_20180601_041821,105303
1018368_20180606_101700,105304
1018368_20180609_044426,105305
1018368_20180615_005036,105306
1018368_20180627_190752,105307
1018368_20180627_104237,105308
1018368_20180714_002626,105309
1018368_20180727_032115,105310
1018368_20180801_131655,105311
1018368_20180805_213649,105312
1018368_20180807_135249,105313
1018368_20180807_180453,105314
1018368_20180810_145307,105315
1018368_20180830_180201,105316
1018368_20180905_074909,105317
1018368_20180913_030703,105318
1018368_20180913_105822,105319
1018368_20181208_004140,105320
1018368_20181208_005025,105321
1018368_20181212_042706,105322
1018368_20181225_223342,105323
1018368_20190103_232040,105324
1018368_20190105_103120,105325
1018368_20190114_160512,105326
1018368_20190206_084128,105327
1018368_20190221_111005,105328
1018368_20190304_002419,105329
1018368_20190313_154536,105330
1018368_20190319_052541,105331
1018368_20190329_052246,105332
1018368_20190331_163204,105333
1018368_20190505_214711,105334
1018368_20190508_003848,105335
1018368_20190621_075316,105336
1018368_20190624_020232,105337
1018368_20190625_102414,105338
1018368_20190721_195653,105339
1018368_20190730_101405,105340
1018368_20190730_005840,105341
1018368_20190816_123056,105342
1018368_20190904_005345,105343
1018368_20190910_014649,105344
1018368_20190930_234336,105345
1018368_20191028_012251,105346
1018368_20191111_170603,105347
1018368_20191111_174020,105348
1018368_20191203_223419,105349
1018368_20200124_070055,105350
1018368_20200125_183922,105351
1018368_20200318_223158,105352
1018368_20200519_232826,105353
1018368_20200519_164938,105354
1018368_20200522_081758,105355
1018368_20200527_234631,105356
1018368_20200602_054540,105357
1018368_20200626_160839,105358
1018368_20200724_165201,105359
1018368_20200724_160748,105360
1018368_20200809_073917,105361
1018368_20200825_232700,105362
1018368_20200826_172501,105363
1018368_20200909_014924,105364
1018368_20201015_053454,105365
1018368_20201015_053544,105366
1018368_20201024_180950,105367
1018368_20201106_011733,105368
1018368_20201110_190137,105369
1018368_20210115_141647,105370
1018368_20210124_210731,105371
1018368_20210311_021439,105372
1018368_20210315_192511,105373
1018368_20210325_234343,105374
1018368_20210326_111724,105375
1018368_20210402_044259,105376
1018368_20210409_024410,105377
1018368_20210416_024656,105378
1018368_20210426_061910,105379
1018368_20210511_093931,105380
1018368_20210519_074312,105381
1018368_20210522_234939,105382
1018368_20210616_212814,105383
1018368_20210717_135812,105384
1018368_20210717_165133,105385
1018368_20210718_173030,105386
1018368_20210719_231126,105387
1018368_20210721_104825,105388
1018368_20210721_063800,105389
1018368_20210721_085806,105390
1018368_20210726_150634,105391
1018368_20210727_181736,105392
1018368_20210831_093403,105393
1018368_20210831_110913,105394
1018368_20210901_084232,105395
1018368_20210902_125139,105396
1018368_20210916_102417,105397
1018368_20210926_060623,105398
1018368_20211015_003256,105399
1018368_20211113_052759,105400
1018368_20211122_063257,105401
1018368_20211204_065431,105402
1018368_20211205_021030,105403
1018368_20211207_013744,105404
1018368_20211207_000541,105405
1018368_20220116_071003,105406
1018368_20220124_182731,105407
1018368_20220215_160009,105408
1018368_20220307_052729,105409
1018368_20220401_150419,105410
1018368_20220401_144948,105411
1018368_20220416_212236,105412
1018368_20220419_113734,105413
1018368_20220427_120331,105414
1018368_20220605_131057,105415
1018368_20220614_183326,105416
1018368_20220701_002605,105417
1018368_20220702_002949,105418
1018368_20220810_105039,105419
1018368_20220908_221339,105420
1018368_20220910_230052,105421
1018368_20220914_193958,105422
1018368_20220920_060318,105423
1018368_20220930_081533,105424
1018368_20221010_103241,105425
1018368_20221025_010106,105426
1018368_20221025_014612,105427
1018368_20221026_175242,105428
1018368_20221107_144616,105429
nc73845416_20180113_101005,105430
nc73845416_20180702_231036,105431
nc73845416_20180810_064043,105432
nc73845416_20190620_044726,105433
nc73845416_20200220_172649,105434
nc73845416_20200717_165808,105435
nc73845416_20200913_122114,105436
nc73845416_20211124_021155,105437
nc73845416_20220521_015858,105438
1008291_20180114_082450,105439
1008291_20180226_030539,105440
1008291_20180323_032743,105441
1008291_20180620_073811,105442
1008291_20180703_072731,105443
1008291_20190425_062349,105444
1008291_20190911_094802,105445
1008291_20190926_003224,105446
1008291_20191008_205503,105447
1008291_20191225_173130,105448
1008291_20200319_003608,105449
1008291_20201210_202733,105450
1008291_20210329_040027,105451
1008291_20210623_012019,105452
1008291_20210723_122518,105453
1008291_20210905_035946,105454
1008291_20210918_083554,105455
1008291_20211103_120546,105456
1008291_20211220_215611,105457
1008291_20211220_233322,105458
1008291_20211221_002654,105459
1008291_20211221_112923,105460
1008291_20211221_184414,105461
1008291_20211221_070307,105462
1008291_20211221_093929,105463
1008291_20211221_114210,105464
1008291_20211223_100005,105465
1008291_20211224_034216,105466
1008291_20220103_233536,105467
1008291_20220125_075531,105468
1008291_20220128_160232,105469
1008291_20220204_174038,105470
1008291_20220208_134238,105471
1008291_20220216_030509,105472
1008291_20220309_235208,105473
1008291_20220511_234159,105474
1008291_20220901_152045,105475
1008291_20221011_185310,105476
1008291_20221029_041537,105477
1009814_20180114_013154,105478
1009814_20190713_134724,105479
1009814_20190907_114919,105480
1009814_20200328_094705,105481
1009814_20200613_123522,105482
1009814_20210525_191406,105483
1009814_20210720_060538,105484
1009814_20210721_130352,105485
1009814_20211218_101822,105486
1009814_20211218_095319,105487
1009814_20211223_140327,105488
1009814_20211227_233740,105489
1009814_20220212_092845,105490
1009814_20220425_230539,105491
1009814_20220426_142700,105492
1009814_20220907_152602,105493
1009814_20220920_054138,105494
1012056_20180114_020617,105495
1012056_20180421_023936,105496
1012056_20180528_050024,105497
1012056_20180711_063427,105498
1012056_20180901_234527,105499
1012056_20180901_162911,105500
1012056_20180901_222523,105501
1012056_20180901_231207,105502
1012056_20180902_045643,105503
1012056_20180902_055537,105504
1012056_20190202_164906,105505
1012056_20190202_174855,105506
1012056_20190210_074605,105507
1012056_20190623_070228,105508
1012056_20190623_135332,105509
1012056_20190623_043932,105510
1012056_20190623_143524,105511
1012056_20190623_043425,105512
1012056_20190623_051239,105513
1012056_20190623_050417,105514
1012056_20190623_165104,105515
1012056_20190623_050440,105516
1012056_20190623_051102,105517
1012056_20190623_042735,105518
1012056_20190623_085523,105519
1012056_20190623_043039,105520
1012056_20190623_050627,105521
1012056_20190623_125215,105522
1012056_20190623_165123,105523
1012056_20190623_050346,105524
1012056_20190623_162502,105525
1012056_20190623_041742,105526
1012056_20190623_050511,105527
1012056_20190623_043251,105528
1012056_20190623_090605,105529
1012056_20190623_042428,105530
1012056_20190623_042515,105531
1012056_20190623_162726,105532
1012056_20190623_140220,105533
1012056_20190623_084736,105534
1012056_20190623_080742,105535
1012056_20190623_153308,105536
1012056_20190623_050912,105537
1012056_20190623_085920,105538
1012056_20190623_123355,105539
1012056_20190623_120152,105540
1012056_20190623_035705,105541
1012056_20190623_075122,105542
1012056_20190623_091210,105543
1012056_20190623_091356,105544
1012056_20190623_074914,105545
1012056_20190623_103757,105546
1012056_20190623_114003,105547
1012056_20190623_103637,105548
1012056_20190623_133449,105549
1012056_20190623_074143,105550
1012056_20190624_133835,105551
1012056_20190628_034306,105552
1012056_20190629_143521,105553
1012056_20190704_211520,105554
1012056_20190709_125128,105555
1012056_20190709_133107,105556
1012056_20190709_131302,105557
1012056_20190709_122248,105558
1012056_20190709_120316,105559
1012056_20190801_104447,105560
1012056_20190805_080946,105561
1012056_20190805_102652,105562
1012056_20190805_073004,105563
1012056_20190805_095601,105564
1012056_20190805_070745,105565
1012056_20190805_072926,105566
1012056_20190805_102604,105567
1012056_20190805_070728,105568
1012056_20190805_101352,105569
1012056_20190805_201713,105570
1012056_20190805_144253,105571
1012056_20190805_061849,105572
1012056_20190822_080145,105573
1012056_20190824_160033,105574
1012056_20190824_171857,105575
1012056_20190824_143921,105576
1012056_20190901_140705,105577
1012056_20190911_131754,105578
1012056_20190911_134417,105579
1012056_20191110_032353,105580
1012056_20191113_084752,105581
1012056_20200115_065038,105582
1012056_20200124_141419,105583
1012056_20200124_220341,105584
1012056_20200124_153020,105585
1012056_20200124_210402,105586
1012056_20200124_155559,105587
1012056_20200124_152248,105588
1012056_20200124_225407,105589
1012056_20200124_152513,105590
1012056_20200124_152623,105591
1012056_20200124_200302,105592
1012056_20200124_155619,105593
1012056_20200124_232024,105594
1012056_20200124_204301,105595
1012056_20200125_002541,105596
1012056_20200125_031354,105597
1012056_20200125_031359,105598
1012056_20200125_032955,105599
1012056_20200125_031428,105600
1012056_20200125_030906,105601
1012056_20200125_031510,105602
1012056_20200125_031541,105603
1012056_20200125_033645,105604
1012056_20200125_031149,105605
1012056_20200125_051311,105606
1012056_20200125_031655,105607
1012056_20200127_190435,105608
1012056_20200127_173612,105609
1012056_20200127_162344,105610
1012056_20200128_180504,105611
1012056_20200312_222853,105612
1012056_20200313_023950,105613
1012056_20200313_023737,105614
1012056_20200313_051012,105615
1012056_20200407_165056,105616
1012056_20200407_182903,105617
1012056_20200407_182331,105618
1012056_20200510_034047,105619
1012056_20200716_144026,105620
1012056_20201014_215314,105621
1012056_20201109_021109,105622
1012056_20201210_031639,105623
1012056_20210206_204014,105624
1012056_20210207_023010,105625
1012056_20210313_112502,105626
1012056_20210405_171700,105627
1012056_20210405_190257,105628
1012056_20210405_135033,105629
1012056_20210417_125601,105630
1012056_20210417_134053,105631
1012056_20210628_043633,105632
1012056_20210728_211102,105633
1012056_20210728_213336,105634
1012056_20210907_191740,105635
1012056_20210907_194005,105636
1012056_20211125_162840,105637
1012056_20211130_042624,105638
1012056_20211221_033851,105639
1012056_20220323_224210,105640
1012056_20220529_224957,105641
1012056_20220529_211323,105642
1012056_20220529_220109,105643
1012056_20220529_193605,105644
1012056_20220529_191127,105645
1012056_20220529_194949,105646
1012056_20220530_041009,105647
1012056_20220530_015130,105648
1012056_20220530_022413,105649
1012056_20220530_031208,105650
1012056_20220530_094348,105651
1012056_20220530_063503,105652
1012056_20220530_064238,105653
1012056_20220530_070012,105654
1012056_20220530_040628,105655
1012056_20220628_175550,105656
1012056_20220812_044546,105657
1012260_20180114_050234,105658
1012260_20181125_172753,105659
1012260_20190508_120001,105660
1012260_20200225_104125,105661
1012260_20200621_160947,105662
1012260_20201218_020026,105663
1012260_20210616_140025,105664
1012260_20210617_114036,105665
1012260_20210928_143835,105666
1012260_20220927_043450,105667
1015169_20180115_155534,105668
1015169_20190501_065433,105669
1015169_20200316_170908,105670
1017722_20180115_033420,105671
1017722_20180217_193627,105672
1017722_20180930_102541,105673
1017722_20181101_003020,105674
1017722_20181209_052901,105675
1017722_20190308_062641,105676
1017722_20190322_051814,105677
1017722_20190418_072711,105678
1017722_20190419_074011,105679
1017722_20190424_134807,105680
1017722_20190510_175055,105681
1017722_20190512_034603,105682
1017722_20190514_070843,105683
1017722_20190616_110703,105684
1017722_20190820_092150,105685
1017722_20190926_122333,105686
1017722_20191113_120008,105687
1017722_20191121_045632,105688
1017722_20191205_234320,105689
1017722_20200919_124943,105690
1017722_20201219_160416,105691
1017722_20210409_081914,105692
1017722_20210605_015435,105693
1017722_20210712_064109,105694
1017722_20210927_043441,105695
1017722_20211014_064715,105696
1017722_20211115_143328,105697
1017722_20211209_042510,105698
1017722_20220201_063131,105699
1017722_20220607_130110,105700
1017722_20220712_110433,105701
1017722_20221117_055637,105702
1017722_20221128_064429,105703
1017722_20221130_125407,105704
1010660_20180116_224759,105705
1010660_20180421_025650,105706
1010660_20180520_223427,105707
1010660_20180521_002857,105708
1010660_20180522_035121,105709
1010660_20180529_162702,105710
1010660_20180530_003429,105711
1010660_20180815_174213,105712
1010660_20180815_153305,105713
1010660_20180815_152128,105714
1010660_20180815_180921,105715
1010660_20180815_205139,105716
1010660_20180815_202322,105717
1010660_20180815_203719,105718
1010660_20180816_062322,105719
1010660_20180816_201914,105720
1010660_20180816_223244,105721
1010660_20180816_191401,105722
1010660_20180816_190841,105723
1010660_20180816_230706,105724
1010660_20180816_233250,105725
1010660_20180816_195800,105726
1010660_20180816_190701,105727
1010660_20180816_102754,105728
1010660_20180817_154104,105729
1010660_20180817_005712,105730
1010660_20180817_012316,105731
1010660_20180817_032704,105732
1010660_20180817_070904,105733
1010660_20180818_054218,105734
1010660_20180819_071657,105735
1010660_20180819_013347,105736
1010660_20180825_082556,105737
1010660_20180826_192316,105738
1010660_20180827_000431,105739
1010660_20180903_224837,105740
1010660_20180905_234838,105741
1010660_20180906_082018,105742
1010660_20180906_002256,105743
1010660_20180906_050816,105744
1010660_20180906_000404,105745
1010660_20180906_124443,105746
1010660_20180906_002835,105747
1010660_20180906_182107,105748
1010660_20180906_012253,105749
1010660_20180907_112901,105750
1010660_20180907_021256,105751
1010660_20180907_083734,105752
1010660_20180909_224513,105753
1010660_20180909_191134,105754
1010660_20180909_182048,105755
1010660_20180919_075219,105756
1010660_20180919_124751,105757
1010660_20180919_075053,105758
1010660_20180919_102146,105759
1010660_20180919_075205,105760
1010660_20180919_163930,105761
1010660_20180919_095426,105762
1010660_20180919_084758,105763
1010660_20180919_091941,105764
1010660_20180919_075546,105765
1010660_20180919_080551,105766
1010660_20180919_084946,105767
1010660_20180920_160410,105768
1010660_20180922_060201,105769
1010660_20180922_121013,105770
1010660_20180922_064231,105771
1010660_20180923_095906,105772
1010660_20180923_125929,105773
1010660_20180924_113227,105774
1010660_20180924_041645,105775
1010660_20180924_041857,105776
1010660_20180924_031703,105777
1010660_20180924_035512,105778
1010660_20180926_030618,105779
1010660_20180927_093909,105780
1010660_20180929_101224,105781
1010660_20181001_152310,105782
1010660_20181001_104918,105783
1010660_20181002_014627,105784
1010660_20181002_222755,105785
1010660_20181002_045557,105786
1010660_20181003_203442,105787
1010660_20181005_215916,105788
1010660_20181005_053452,105789
1010660_20181006_002418,105790
1010660_20181009_052904,105791
1010660_20181010_225814,105792
1010660_20181015_133006,105793
1010660_20181015_014949,105794
1010660_20181019_065054,105795
1010660_20181025_031243,105796
1010660_20181115_073309,105797
1010660_20181118_231002,105798
1010660_20181119_230019,105799
1010660_20181125_200922,105800
1010660_20181206_225043,105801
1010660_20181206_181500,105802
1010660_20181215_180826,105803
1010660_20190128_233946,105804
1010660_20190305_141034,105805
1010660_20190305_143437,105806
1010660_20190321_093606,105807
1010660_20190501_035918,105808
1010660_20190717_084140,105809
1010660_20200210_210011,105810
1010660_20211215_133804,105811
1010660_20220320_040026,105812
1010660_20220715_032057,105813
1010660_20221014_093951,105814
1011388_20180116_113305,105815
1011388_20180116_223047,105816
1011388_20180116_113247,105817
1011388_20180116_121425,105818
1011388_20180116_125908,105819
1011388_20180117_003308,105820
1011388_20180127_070347,105821
1011388_20180127_134019,105822
1011388_20181025_012159,105823
1016267_20180116_080053,105824
1016267_20210303_214303,105825
1016267_20210927_025808,105826
1016267_20211223_143721,105827
1016267_20220912_035929,105828
1016267_20221008_064127,105829
1016267_20221008_064720,105830
nc73842546_20180116_142022,105831
nc73842546_20180204_022316,105832
nc73842546_20180208_084114,105833
nc73842546_20180309_043529,105834
nc73842546_20180324_131239,105835
nc73842546_20180421_115006,105836
nc73842546_20180514_072500,105837
nc73842546_20180715_195550,105838
nc73842546_20180731_102539,105839
nc73842546_20180827_112313,105840
nc73842546_20180916_102326,105841
nc73842546_20181027_195409,105842
nc73842546_20190127_055622,105843
nc73842546_20190301_211528,105844
nc73842546_20190318_050541,105845
nc73842546_20190722_094021,105846
nc73842546_20190827_104143,105847
nc73842546_20190907_081412,105848
nc73842546_20190907_231255,105849
nc73842546_20191024_081403,105850
nc73842546_20191031_200709,105851
nc73842546_20191210_052325,105852
nc73842546_20200108_052650,105853
nc73842546_20200928_231008,105854
nc73842546_20201011_205402,105855
nc73842546_20210428_193347,105856
nc73842546_20210612_075757,105857
nc73842546_20210622_025224,105858
nc73842546_20210825_124620,105859
nc73842546_20210922_152746,105860
nc73842546_20210925_001004,105861
nc73842546_20211128_130704,105862
nc73842546_20211221_135837,105863
nc73842546_20211221_082422,105864
nc73842546_20220119_025921,105865
nc73842546_20220128_172813,105866
nc73842546_20220519_025235,105867
nc73842546_20220615_164407,105868
nc73842546_20220626_145829,105869
nc73842546_20220709_183519,105870
nc73842546_20220918_232101,105871
nc73842546_20221009_231654,105872
nc73842546_20221016_081703,105873
nc73883011_20180116_025110,105874
nc73883011_20180129_133741,105875
nc73883011_20180901_155057,105876
nc73883011_20180906_201058,105877
nc73883011_20190319_150359,105878
nc73883011_20200125_014548,105879
nc73883011_20200125_002104,105880
nc73883011_20200206_091640,105881
nc73883011_20200206_100118,105882
nc73883011_20210102_205955,105883
nc73883011_20211221_071837,105884
nc73883011_20211221_001633,105885
nc73883011_20220314_121644,105886
nc73883011_20220529_234848,105887
nc73883011_20220630_133413,105888
nc73883011_20220805_192355,105889
1012684_20180117_215725,105890
1012684_20180126_071728,105891
1012684_20180201_131410,105892
1012684_20180201_132150,105893
1012684_20180304_152923,105894
1012684_20180509_075603,105895
1012684_20180531_095554,105896
1012684_20180724_203202,105897
1012684_20190913_150626,105898
1012684_20200120_004555,105899
1012684_20200712_095258,105900
1012684_20210912_025012,105901
1012684_20211118_082241,105902
1012684_20211220_181113,105903
1012684_20220516_055720,105904
1012684_20220831_153107,105905
1017258_20180117_050304,105906
1017258_20180304_033238,105907
1017258_20180511_112129,105908
1017258_20180903_120544,105909
1017258_20180922_111222,105910
1017258_20181227_025140,105911
1017258_20181227_030823,105912
1017258_20181227_120018,105913
1017258_20181230_223832,105914
1017258_20190423_042624,105915
1017258_20191030_055035,105916
1017258_20200217_065702,105917
1017258_20200317_032054,105918
1017258_20200524_202535,105919
1017258_20200526_011800,105920
1017258_20200719_193615,105921
1017258_20210710_170326,105922
1017258_20211222_075337,105923
1017258_20211223_044953,105924
1017258_20211223_180027,105925
1017258_20211225_234407,105926
1017258_20220117_073359,105927
1017258_20220813_164612,105928
1017258_20220814_174728,105929
1017258_20220922_221156,105930
1017258_20221011_025624,105931
1016109_20180119_231054,105932
1016109_20180701_085344,105933
1016109_20180717_084416,105934
1016109_20180911_115704,105935
1016109_20190802_150153,105936
1016109_20191031_121620,105937
1016109_20200318_103316,105938
1016109_20200723_075752,105939
1016109_20210121_180218,105940
1016109_20210128_205036,105941
1016109_20210223_212250,105942
1016109_20210301_213908,105943
1016109_20210530_211323,105944
1016109_20210810_165212,105945
1016109_20211030_232421,105946
1016109_20211031_000614,105947
1016109_20211101_000232,105948
1016109_20211120_160207,105949
1016109_20211129_222218,105950
1016109_20211211_173308,105951
1016109_20220509_202219,105952
1016109_20220526_210709,105953
1016109_20220705_213222,105954
1016109_20220811_032248,105955
1016109_20221005_102800,105956
1016109_20221029_015033,105957
nc73818801_20180120_182252,105958
nc73818801_20180323_032615,105959
nc73818801_20180323_033914,105960
nc73818801_20180323_074708,105961
nc73818801_20180323_032401,105962
nc73818801_20180323_032520,105963
nc73818801_20180323_031424,105964
nc73818801_20180323_082747,105965
nc73818801_20180323_050947,105966
nc73818801_20180327_010515,105967
nc73818801_20180909_065922,105968
nc73818801_20180916_140925,105969
nc73818801_20190129_111244,105970
nc73818801_20190604_172605,105971
nc73818801_20190711_074758,105972
nc73818801_20191023_144924,105973
nc73818801_20191123_114522,105974
nc73818801_20191126_064938,105975
nc73818801_20191225_002121,105976
nc73818801_20200124_220809,105977
nc73818801_20200127_110847,105978
nc73818801_20200309_105118,105979
nc73818801_20200318_231602,105980
nc73818801_20200320_110912,105981
nc73818801_20200510_154438,105982
nc73818801_20200608_172151,105983
nc73818801_20201230_230358,105984
nc73818801_20201231_131257,105985
nc73818801_20210612_160937,105986
nc73818801_20210624_144508,105987
nc73818801_20210627_233109,105988
nc73818801_20210630_185719,105989
nc73818801_20210706_101701,105990
nc73818801_20210715_074017,105991
nc73818801_20210721_112419,105992
nc73818801_20210728_225152,105993
nc73818801_20210817_000625,105994
nc73818801_20210817_061532,105995
nc73818801_20210914_143244,105996
nc73818801_20210926_003950,105997
nc73818801_20211023_030005,105998
nc73818801_20211103_104027,105999
nc73818801_20211118_061711,106000
nc73818801_20211123_032503,106001
nc73818801_20211220_225730,106002
nc73818801_20211222_014907,106003
nc73818801_20211222_020605,106004
nc73818801_20220118_004435,106005
nc73818801_20220416_083443,106006
nc73818801_20220421_005915,106007
nc73818801_20220627_174659,106008
nc73818801_20220701_123954,106009
nc73818801_20220808_145717,106010
nc73818801_20220824_103951,106011
nc73818801_20220827_060243,106012
nc73818801_20220908_072502,106013
nc73818801_20220924_224250,106014
1015135_20180121_104326,106015
1015135_20180204_130846,106016
1015135_20180204_041507,106017
1015135_20180211_160512,106018
1015135_20180211_140511,106019
1015135_20180213_011347,106020
1015135_20180215_111158,106021
1015135_20180226_120118,106022
1015135_20180315_170823,106023
1015135_20180327_185134,106024
1015135_20180403_061323,106025
1015135_20180411_041609,106026
1015135_20180411_042258,106027
1015135_20180424_092418,106028
1015135_20180428_104332,106029
1015135_20180521_081250,106030
1015135_20180524_182317,106031
1015135_20180611_084816,106032
1015135_20180617_055609,106033
1015135_20180622_182903,106034
1015135_20180627_114246,106035
1015135_20180701_043327,106036
1015135_20180724_001438,106037
1015135_20180809_092224,106038
1015135_20181001_171820,106039
1015135_20181113_142632,106040
1015135_20181129_002805,106041
1015135_20190329_051944,106042
1015135_20190517_013931,106043
1015135_20190623_035538,106044
1015135_20190623_035942,106045
1015135_20190623_074551,106046
1015135_20190623_041617,106047
1015135_20190623_045743,106048
1015135_20190625_092728,106049
1015135_20190630_151700,106050
1015135_20190630_065317,106051
1015135_20190630_042457,106052
1015135_20190706_150542,106053
1015135_20190706_153738,106054
1015135_20190706_150816,106055
1015135_20190709_233142,106056
1015135_20190714_101517,106057
1015135_20190715_055336,106058
1015135_20190715_031818,106059
1015135_20190728_224611,106060
1015135_20190729_091446,106061
1015135_20190803_032557,106062
1015135_20190804_191800,106063
1015135_20190809_203038,106064
1015135_20190809_032457,106065
1015135_20190810_025928,106066
1015135_20190825_154712,106067
1015135_20190829_025554,106068
1015135_20190914_032514,106069
1015135_20191016_225452,106070
1015135_20191118_233944,106071
1015135_20191120_043224,106072
1015135_20200121_221809,106073
1015135_20200227_055801,106074
1015135_20200303_170624,106075
1015135_20200303_163904,106076
1015135_20200303_183337,106077
1015135_20200315_181704,106078
1015135_20200318_224750,106079
1015135_20200319_023612,106080
1015135_20200319_193840,106081
1015135_20200401_234411,106082
1015135_20200402_021312,106083
1015135_20200428_030148,106084
1015135_20200429_131210,106085
1015135_20200506_113445,106086
1015135_20200512_173910,106087
1015135_20200517_183225,106088
1015135_20200718_033125,106089
1015135_20200802_091003,106090
1015135_20200914_081929,106091
1015135_20210120_022614,106092
1015135_20210526_112445,106093
1015135_20210612_040156,106094
1015135_20210711_102748,106095
1015135_20210724_205437,106096
1015135_20210803_070226,106097
1015135_20210815_023511,106098
1015135_20210919_003356,106099
1015135_20210920_094115,106100
1015135_20211019_065749,106101
1015135_20211019_045403,106102
1015135_20211019_045839,106103
1015135_20211019_051630,106104
1015135_20211224_184946,106105
1015135_20211231_211150,106106
1015135_20220107_062851,106107
1015135_20220118_102824,106108
1015135_20220125_090426,106109
1015135_20220125_164633,106110
1015135_20220214_224052,106111
1015135_20220222_011900,106112
1015135_20220311_175839,106113
1015135_20220510_223333,106114
1015135_20220606_100755,106115
1015135_20220630_221733,106116
1015135_20220703_151300,106117
1015135_20220715_121722,106118
1015135_20220728_110450,106119
1015135_20220815_111303,106120
1015135_20220816_004924,106121
1015135_20220816_041736,106122
1015135_20220829_015756,106123
1015135_20220903_190552,106124
1015135_20221022_102612,106125
1016667_20180121_111549,106126
1016667_20180205_070035,106127
1016667_20180205_095848,106128
1016667_20180205_061106,106129
1016667_20180205_114022,106130
1016667_20180205_095948,106131
1016667_20180205_212446,106132
1016667_20180205_102901,106133
1016667_20180609_135619,106134
1016667_20180624_073446,106135
1016667_20181225_003415,106136
1016667_20190812_124822,106137
1016667_20190907_025945,106138
1016667_20190918_074109,106139
1016667_20200318_232304,106140
1016667_20200319_040123,106141
1016667_20200528_083134,106142
1016667_20200606_082908,106143
1016667_20210122_200232,106144
1016667_20210419_064826,106145
1016667_20210725_153231,106146
1016667_20211220_211532,106147
1016667_20211220_221243,106148
1016667_20211226_040940,106149
1016667_20220708_032308,106150
1017149_20180121_020346,106151
1017149_20180621_130409,106152
1017149_20190904_062515,106153
1017149_20190911_093342,106154
1017149_20190911_074328,106155
1017149_20191223_113434,106156
1017149_20191223_131515,106157
1017149_20200206_083918,106158
1017149_20200206_113320,106159
1017149_20200206_113541,106160
1017149_20200208_013432,106161
1017149_20200220_221256,106162
1017149_20200225_124712,106163
1017149_20200430_145602,106164
1017149_20200430_150046,106165
1017149_20200507_142036,106166
1017149_20210601_145744,106167
1017149_20210601_142858,106168
1017149_20210603_122024,106169
1017149_20210603_015232,106170
1017149_20210724_220335,106171
1017149_20210801_014055,106172
1017149_20210801_140036,106173
1017149_20210802_060429,106174
1017149_20210804_224851,106175
1017149_20210824_034329,106176
1017149_20210913_104418,106177
1017149_20210916_174223,106178
1017149_20210929_123859,106179
1017149_20211010_114423,106180
1017149_20211016_131454,106181
1017149_20211020_032211,106182
1017149_20211021_024331,106183
1017149_20211021_054222,106184
1017149_20211021_052504,106185
1017149_20211106_035914,106186
1017149_20211117_001642,106187
1017149_20220110_140322,106188
1017149_20220219_220008,106189
1017149_20220219_224656,106190
1017149_20220219_214253,106191
1017149_20220219_215837,106192
1017149_20220219_172507,106193
1017149_20220219_222840,106194
1017149_20220219_224833,106195
1017149_20220219_213325,106196
1017149_20220219_225420,106197
1017149_20220220_152937,106198
1017149_20220220_070952,106199
1017149_20220220_055015,106200
1017149_20220221_170411,106201
1017149_20220221_031500,106202
1017149_20220221_020350,106203
1017149_20220307_165032,106204
1017149_20220309_054842,106205
1017149_20220320_111523,106206
1017149_20220409_235521,106207
1017149_20220502_060439,106208
1017149_20220525_133548,106209
1017149_20220605_080459,106210
1017149_20220629_145828,106211
1017149_20220818_152148,106212
1017149_20220818_131757,106213
1017149_20220924_023623,106214
1017149_20221021_142121,106215
1017149_20221108_183706,106216
1017149_20221109_013351,106217
1017149_20221109_013618,106218
nc73867635_20180121_124156,106219
nc73867635_20180201_054834,106220
nc73867635_20180204_203058,106221
nc73867635_20180227_011858,106222
nc73867635_20180310_093916,106223
nc73867635_20180401_204207,106224
nc73867635_20180416_031710,106225
nc73867635_20180501_135832,106226
nc73867635_20180513_034238,106227
nc73867635_20180515_190314,106228
nc73867635_20180521_003927,106229
nc73867635_20180622_232840,106230
nc73867635_20180703_152556,106231
nc73867635_20180705_070518,106232
nc73867635_20180706_180715,106233
nc73867635_20180713_195911,106234
nc73867635_20180716_201011,106235
nc73867635_20180716_075333,106236
nc73867635_20180817_013905,106237
nc73867635_20181010_012716,106238
nc73867635_20181017_092822,106239
nc73867635_20181204_022518,106240
nc73867635_20181226_154452,106241
nc73867635_20181229_075719,106242
nc73867635_20190120_221733,106243
nc73867635_20190124_164412,106244
nc73867635_20190128_175643,106245
nc73867635_20190218_085644,106246
nc73867635_20190219_103221,106247
nc73867635_20190221_151303,106248
nc73867635_20190228_095421,106249
nc73867635_20190302_094423,106250
nc73867635_20190321_115728,106251
nc73867635_20190328_172350,106252
nc73867635_20190409_023254,106253
nc73867635_20190509_051042,106254
nc73867635_20190512_034659,106255
nc73867635_20190604_232745,106256
nc73867635_20190619_062416,106257
nc73867635_20190624_141755,106258
nc73867635_20190710_190246,106259
nc73867635_20190714_112820,106260
nc73867635_20190724_060525,106261
nc73867635_20190727_185717,106262
nc73867635_20190802_021054,106263
nc73867635_20190814_094903,106264
nc73867635_20190823_025248,106265
nc73867635_20190829_060119,106266
nc73867635_20190906_090019,106267
nc73867635_20190928_152353,106268
nc73867635_20191011_044007,106269
nc73867635_20191012_172932,106270
nc73867635_20191024_061227,106271
nc73867635_20191028_065700,106272
nc73867635_20191029_090438,106273
nc73867635_20191112_095125,106274
nc73867635_20191124_115309,106275
nc73867635_20191206_204752,106276
nc73867635_20200105_172434,106277
nc73867635_20200113_055409,106278
nc73867635_20200229_071532,106279
nc73867635_20200301_024919,106280
nc73867635_20200309_084608,106281
nc73867635_20200319_022540,106282
nc73867635_20200322_164027,106283
nc73867635_20200423_153130,106284
nc73867635_20200509_102813,106285
nc73867635_20200606_155241,106286
nc73867635_20200804_030801,106287
nc73867635_20201021_100609,106288
nc73867635_20201120_215121,106289
nc73867635_20210110_013944,106290
nc73867635_20210226_035250,106291
nc73867635_20210302_133901,106292
nc73867635_20210312_015952,106293
nc73867635_20210323_235052,106294
nc73867635_20210326_194857,106295
nc73867635_20210424_010227,106296
nc73867635_20210514_175534,106297
nc73867635_20210529_235337,106298
nc73867635_20210702_032206,106299
nc73867635_20210706_170325,106300
nc73867635_20210706_173837,106301
nc73867635_20210712_032222,106302
nc73867635_20210721_163840,106303
nc73867635_20210727_133306,106304
nc73867635_20210828_163056,106305
nc73867635_20210829_182905,106306
nc73867635_20210902_001043,106307
nc73867635_20210902_124116,106308
nc73867635_20211027_220136,106309
nc73867635_20211116_033025,106310
nc73867635_20211221_154211,106311
nc73867635_20220204_090719,106312
nc73867635_20220221_162107,106313
nc73867635_20220225_050550,106314
nc73867635_20220312_095709,106315
nc73867635_20220416_150548,106316
nc73867635_20220423_214105,106317
nc73867635_20220425_101730,106318
nc73867635_20220426_182106,106319
nc73867635_20220429_215216,106320
nc73867635_20220507_113607,106321
nc73867635_20220526_175708,106322
nc73867635_20220611_225325,106323
nc73867635_20220612_084432,106324
nc73867635_20220623_214042,106325
nc73867635_20220728_015012,106326
nc73867635_20220728_204941,106327
nc73867635_20220805_043203,106328
nc73867635_20220902_014341,106329
nc73867635_20220903_190025,106330
nc73867635_20220904_033127,106331
nc73867635_20220924_155546,106332
nc73867635_20221009_002947,106333
nc73867635_20221102_143409,106334
nc73867635_20221111_224319,106335
nc73867635_20221111_120543,106336
nc73867635_20221119_170106,106337
nc73867635_20221129_185955,106338
1013799_20180122_053910,106339
1013799_20180122_054839,106340
1013799_20180122_053926,106341
1013799_20180122_031428,106342
1013799_20180127_143409,106343
1013799_20180206_111145,106344
1013799_20180208_195424,106345
1013799_20180222_094110,106346
1013799_20180307_090704,106347
1013799_20180310_162034,106348
1013799_20180313_133731,106349
1013799_20180315_160909,106350
1013799_20180319_232305,106351
1013799_20180321_201738,106352
1013799_20180324_142428,106353
1013799_20180406_181300,106354
1013799_20180416_053651,106355
1013799_20180422_184117,106356
1013799_20180423_033713,106357
1013799_20180428_102536,106358
1013799_20180506_180954,106359
1013799_20180510_191434,106360
1013799_20180510_040849,106361
1013799_20180517_114548,106362
1013799_20180519_134811,106363
1013799_20180609_170512,106364
1013799_20180612_065655,106365
1013799_20180617_124050,106366
1013799_20180630_205347,106367
1013799_20180719_035449,106368
1013799_20181229_025312,106369
1013799_20190315_200249,106370
1013799_20190324_140232,106371
1013799_20190716_142841,106372
1013799_20190720_170255,106373
1013799_20190721_151806,106374
1013799_20190905_232453,106375
1013799_20191024_084927,106376
1013799_20191101_034819,106377
1013799_20191102_071935,106378
1013799_20191110_084336,106379
1013799_20191124_051543,106380
1013799_20191202_175306,106381
1013799_20191208_111900,106382
1013799_20191214_175354,106383
1013799_20200104_020405,106384
1013799_20200118_104101,106385
1013799_20200121_201116,106386
1013799_20200205_140828,106387
1013799_20200211_091930,106388
1013799_20200322_234134,106389
1013799_20200508_141903,106390
1013799_20200808_113816,106391
1013799_20200831_234531,106392
1013799_20201002_170400,106393
1013799_20210110_202948,106394
1013799_20210202_143808,106395
1013799_20210704_221047,106396
1013799_20210707_083052,106397
1013799_20210907_142849,106398
1013799_20210909_173939,106399
1013799_20210916_063923,106400
1013799_20210916_222144,106401
1013799_20211005_050045,106402
1013799_20211023_172603,106403
1013799_20211112_025736,106404
1013799_20211126_094625,106405
1013799_20211210_080638,106406
1013799_20211210_192221,106407
1013799_20211221_181400,106408
1013799_20211221_044608,106409
1013799_20211221_003159,106410
1013799_20211221_023732,106411
1013799_20211221_110210,106412
1013799_20211222_014457,106413
1013799_20211222_164338,106414
1013799_20211222_155215,106415
1013799_20211224_121906,106416
1013799_20211224_044444,106417
1013799_20211224_025339,106418
1013799_20211224_215226,106419
1013799_20211224_075826,106420
1013799_20211225_005347,106421
1013799_20211225_080231,106422
1013799_20211231_132613,106423
1013799_20211231_182554,106424
1013799_20220108_123103,106425
1013799_20220117_083042,106426
1013799_20220117_034350,106427
1013799_20220117_074838,106428
1013799_20220117_025510,106429
1013799_20220120_095903,106430
1013799_20220121_085616,106431
1013799_20220128_094708,106432
1013799_20220206_101202,106433
1013799_20220210_172413,106434
1013799_20220212_010825,106435
1013799_20220313_065248,106436
1013799_20220313_065630,106437
1013799_20220324_030642,106438
1013799_20220402_002240,106439
1013799_20220417_225931,106440
1013799_20220426_115857,106441
1013799_20220516_115422,106442
1013799_20220610_071411,106443
1013799_20220620_054912,106444
1013799_20220629_142711,106445
1013799_20220708_035702,106446
1013799_20220719_134327,106447
1013799_20220814_083539,106448
1013799_20220824_025859,106449
1013799_20220828_172918,106450
1013799_20220901_165214,106451
1013799_20220913_223023,106452
1013799_20220915_063858,106453
1013799_20220917_213756,106454
1013799_20220917_204421,106455
1013799_20220917_204947,106456
1013799_20220918_000138,106457
1013799_20220923_010228,106458
nc73816421_20180122_033927,106459
nc73816421_20180125_080958,106460
nc73816421_20180311_011139,106461
nc73816421_20180501_084921,106462
nc73816421_20180519_065356,106463
nc73816421_20180524_070436,106464
nc73816421_20180527_113235,106465
nc73816421_20180606_234809,106466
nc73816421_20180620_071031,106467
nc73816421_20180713_124513,106468
nc73816421_20190326_141316,106469
nc73816421_20190725_225912,106470
nc73816421_20190817_152854,106471
nc73816421_20190821_024939,106472
nc73816421_20190827_051219,106473
nc73816421_20191117_120059,106474
nc73816421_20191202_010556,106475
nc73816421_20191207_190951,106476
nc73816421_20200316_030042,106477
nc73816421_20200729_154620,106478
nc73816421_20200816_184627,106479
nc73816421_20200904_024239,106480
nc73816421_20200915_104837,106481
nc73816421_20200916_072208,106482
nc73816421_20200924_184742,106483
nc73816421_20201005_113910,106484
nc73816421_20201203_061936,106485
nc73816421_20201209_043315,106486
nc73816421_20210121_150143,106487
nc73816421_20210210_091335,106488
nc73816421_20210304_045430,106489
nc73816421_20210502_163204,106490
nc73816421_20210509_112518,106491
nc73816421_20210619_090731,106492
nc73816421_20210720_045506,106493
nc73816421_20210804_165519,106494
nc73816421_20210805_135627,106495
nc73816421_20211004_133054,106496
nc73816421_20211102_133504,106497
nc73816421_20211129_064008,106498
nc73816421_20211129_173732,106499
nc73816421_20211226_071750,106500
nc73816421_20211228_174855,106501
nc73816421_20220117_044211,106502
nc73816421_20220122_000457,106503
nc73816421_20220201_164341,106504
nc73816421_20220204_233648,106505
nc73816421_20220210_115251,106506
nc73816421_20220215_030650,106507
nc73816421_20220222_054413,106508
nc73816421_20220320_233239,106509
nc73816421_20220320_070700,106510
nc73816421_20220328_025746,106511
nc73816421_20220402_104337,106512
nc73816421_20220411_095107,106513
nc73816421_20220428_171307,106514
nc73816421_20220513_011648,106515
nc73816421_20220519_173838,106516
nc73816421_20220521_134132,106517
nc73816421_20220522_192825,106518
nc73816421_20220611_125601,106519
nc73816421_20220612_212124,106520
nc73816421_20220615_182117,106521
nc73816421_20220627_151416,106522
nc73816421_20220707_104449,106523
nc73816421_20220709_092140,106524
nc73816421_20220710_204042,106525
nc73816421_20220717_220539,106526
nc73816421_20220726_215905,106527
nc73816421_20220730_045227,106528
nc73816421_20220804_062747,106529
nc73816421_20220807_072612,106530
nc73816421_20220809_032829,106531
nc73816421_20220813_063959,106532
nc73816421_20220814_163540,106533
nc73816421_20220820_061627,106534
nc73816421_20220822_084330,106535
nc73816421_20220827_103830,106536
nc73816421_20220830_140201,106537
nc73816421_20220906_172943,106538
nc73816421_20220913_215555,106539
nc73816421_20221006_012807,106540
nc73816421_20221021_125748,106541
nc73816421_20221030_050039,106542
nc73816421_20221102_110010,106543
nc73816421_20221105_135555,106544
nc73816421_20221106_070104,106545
nc73816421_20221113_040350,106546
nc73816421_20221116_235612,106547
nc73816421_20221126_062250,106548
nc73816421_20221129_063306,106549
1016891_20180123_073406,106550
1016891_20190605_000008,106551
1016891_20190803_025919,106552
1016891_20191113_053445,106553
1016891_20200812_011909,106554
1016891_20210917_114035,106555
1016891_20220324_095021,106556
1016891_20220918_080445,106557
1017156_20180123_145221,106558
1017156_20180127_164707,106559
1017156_20180522_234946,106560
1017156_20180630_161500,106561
1017156_20180816_085734,106562
1017156_20190211_045720,106563
1017156_20190502_182454,106564
1017156_20190503_191456,106565
1017156_20190709_035643,106566
1017156_20190721_141115,106567
1017156_20190801_215554,106568
1017156_20190805_100541,106569
1017156_20190817_115959,106570
1017156_20190831_094347,106571
1017156_20191014_050323,106572
1017156_20191101_072753,106573
1017156_20200404_184905,106574
1017156_20200426_155808,106575
1017156_20200725_161001,106576
1017156_20200818_101928,106577
1017156_20200911_171357,106578
1017156_20201016_012817,106579
1017156_20201105_091440,106580
1017156_20201108_233843,106581
1017156_20201203_224043,106582
1017156_20210307_050246,106583
1017156_20210320_231613,106584
1017156_20210525_092055,106585
1017156_20210902_055928,106586
1017156_20211021_131101,106587
1017156_20211030_083533,106588
1017156_20211123_083650,106589
1017156_20211123_150426,106590
1017156_20211124_170130,106591
1017156_20211124_084940,106592
1017156_20211126_133940,106593
1017156_20211128_210330,106594
1017156_20211130_112907,106595
1017156_20211211_132543,106596
1017156_20211220_205125,106597
1017156_20211221_092752,106598
1017156_20211221_012836,106599
1017156_20211221_014412,106600
1017156_20211221_194948,106601
1017156_20211221_175150,106602
1017156_20211221_112353,106603
1017156_20211224_165556,106604
1017156_20211227_000217,106605
1017156_20220103_213926,106606
1017156_20220107_231641,106607
1017156_20220117_060437,106608
1017156_20220124_215856,106609
1017156_20220201_033846,106610
1017156_20220212_151450,106611
1017156_20220314_175418,106612
1017156_20220314_065615,106613
1017156_20220323_044507,106614
1017156_20220325_113906,106615
1017156_20220524_085134,106616
1017156_20220524_035656,106617
1017156_20220602_231802,106618
1017156_20220624_005946,106619
1017156_20220710_221921,106620
1017156_20220901_161018,106621
1017156_20221016_164242,106622
1017156_20221111_100010,106623
1017156_20221129_051847,106624
1013759_20190919_094001,106625
1013759_20200419_162107,106626
1013759_20210521_112032,106627
1013759_20211008_123355,106628
1013759_20211015_110214,106629
1013759_20211020_094914,106630
1013759_20220106_092224,106631
1013759_20220626_080811,106632
1013759_20220709_235012,106633
1016438_20180125_012401,106634
1016438_20180125_052152,106635
1016438_20180125_015103,106636
1016438_20180125_002930,106637
1016438_20200407_112708,106638
1016438_20220514_031035,106639
1016438_20220605_234024,106640
nc73821066_20180125_012751,106641
nc73821066_20180125_052716,106642
nc73821066_20190814_093836,106643
nc73821066_20191205_222211,106644
nc73821066_20200430_135056,106645
nc73821066_20211220_225649,106646
nc73821066_20220514_032138,106647
nc73821066_20220514_031251,106648
nc73824181_20180125_063600,106649
nc73824181_20180126_141019,106650
nc73824181_20180308_153026,106651
nc73824181_20221104_072042,106652
nc73881306_20180125_132623,106653
nc73881306_20180130_051003,106654
nc73881306_20180227_005010,106655
nc73881306_20180227_012515,106656
nc73881306_20180405_152649,106657
nc73881306_20180425_085253,106658
nc73881306_20180521_071238,106659
nc73881306_20180522_121343,106660
nc73881306_20180605_005608,106661
nc73881306_20180628_114426,106662
nc73881306_20180716_085923,106663
nc73881306_20180801_045830,106664
nc73881306_20180818_223723,106665
nc73881306_20181213_113251,106666
nc73881306_20190222_154945,106667
nc73881306_20200103_063948,106668
nc73881306_20200202_152531,106669
nc73881306_20200318_231045,106670
nc73881306_20200319_004530,106671
nc73881306_20210407_155639,106672
nc73881306_20210725_140237,106673
nc73881306_20210921_105222,106674
nc73881306_20211018_050435,106675
nc73881306_20211121_044840,106676
nc73881306_20211218_125503,106677
nc73881306_20211221_041309,106678
nc73881306_20211221_065111,106679
nc73881306_20211221_034409,106680
nc73881306_20211223_050456,106681
nc73881306_20211225_202716,106682
nc73881306_20220112_114132,106683
nc73881306_20220117_170321,106684
nc73881306_20220325_234208,106685
nc73881306_20220415_150652,106686
nc73881306_20220605_183126,106687
nc73881306_20220813_163142,106688
nc73881306_20220911_171908,106689
1010779_20180126_081701,106690
1010779_20180126_075431,106691
1010779_20180223_142704,106692
1010779_20180722_042700,106693
1010779_20190330_140357,106694
1010779_20191216_133636,106695
1010779_20200906_203125,106696
1010779_20200906_141844,106697
1010779_20200907_030436,106698
1010779_20200914_195713,106699
1010779_20201003_185144,106700
1010779_20201123_021729,106701
1010779_20201123_022701,106702
1010779_20201130_004410,106703
1010779_20210425_024415,106704
1010779_20210425_065827,106705
1010779_20210925_072132,106706
1010779_20211221_172227,106707
1010779_20220119_165043,106708
1010779_20220123_041744,106709
1010779_20220123_135542,106710
1010779_20220517_145229,106711
1015330_20180126_073515,106712
1015330_20180308_053419,106713
1015330_20190723_000505,106714
1015330_20190914_123922,106715
1015330_20191126_151941,106716
1015330_20200227_010141,106717
1015330_20200309_152105,106718
1015330_20200614_032800,106719
1015330_20200718_142842,106720
1015330_20201021_181017,106721
1015330_20210415_075831,106722
1015330_20210415_092049,106723
1015330_20210415_085408,106724
1015330_20210606_013940,106725
1015330_20210807_164923,106726
1015330_20220124_014957,106727
1015330_20220301_055218,106728
1015330_20220903_120218,106729
1015330_20221115_195624,106730
1018710_20180126_111600,106731
1018710_20180126_115900,106732
1018710_20180326_030934,106733
1018710_20180902_134411,106734
1018710_20181204_100244,106735
1018710_20190121_171331,106736
1018710_20190206_093649,106737
1018710_20190317_212023,106738
1018710_20190713_012610,106739
1018710_20190717_100431,106740
1018710_20190904_155246,106741
1018710_20190904_150114,106742
1018710_20190904_043032,106743
1018710_20190911_075903,106744
1018710_20190914_115905,106745
1018710_20190914_152219,106746
1018710_20191108_205105,106747
1018710_20191119_122554,106748
1018710_20191119_121852,106749
1018710_20191216_034356,106750
1018710_20200206_100008,106751
1018710_20200206_094938,106752
1018710_20200206_200439,106753
1018710_20200206_125550,106754
1018710_20200206_082911,106755
1018710_20200206_082318,106756
1018710_20200206_082519,106757
1018710_20200206_082808,106758
1018710_20200206_094916,106759
1018710_20200206_083124,106760
1018710_20200206_110529,106761
1018710_20200206_100845,106762
1018710_20200206_082242,106763
1018710_20200206_082341,106764
1018710_20200206_112109,106765
1018710_20200206_082233,106766
1018710_20200206_093036,106767
1018710_20200206_095711,106768
1018710_20200206_083454,106769
1018710_20200206_120252,106770
1018710_20200206_164337,106771
1018710_20200206_120300,106772
1018710_20200206_094135,106773
1018710_20200206_084103,106774
1018710_20200206_082025,106775
1018710_20200206_100753,106776
1018710_20200206_155541,106777
1018710_20200206_095127,106778
1018710_20200206_091950,106779
1018710_20200206_092733,106780
1018710_20200206_191253,106781
1018710_20200206_113818,106782
1018710_20200206_085342,106783
1018710_20200206_134758,106784
1018710_20200206_135004,106785
1018710_20200206_104910,106786
1018710_20200207_054615,106787
1018710_20200207_030452,106788
1018710_20200207_030645,106789
1018710_20200207_071545,106790
1018710_20200207_034340,106791
1018710_20200208_181350,106792
1018710_20200213_020353,106793
1018710_20200215_113747,106794
1018710_20200419_125219,106795
1018710_20200430_073939,106796
1018710_20200430_145216,106797
1018710_20200511_131206,106798
1018710_20200527_172630,106799
1018710_20200625_071916,106800
1018710_20200629_015043,106801
1018710_20200804_031529,106802
1018710_20200804_031139,106803
1018710_20200828_024021,106804
1018710_20200828_044308,106805
1018710_20200828_023020,106806
1018710_20200831_220331,106807
1018710_20200831_214258,106808
1018710_20200905_075421,106809
1018710_20200924_171559,106810
1018710_20201005_200631,106811
1018710_20201017_131357,106812
1018710_20201030_030719,106813
1018710_20201102_220427,106814
1018710_20201102_194945,106815
1018710_20201103_042023,106816
1018710_20201105_064816,106817
1018710_20201106_003533,106818
1018710_20201109_232117,106819
1018710_20201114_112151,106820
1018710_20201122_220942,106821
1018710_20201122_184825,106822
1018710_20201122_185019,106823
1018710_20201123_022115,106824
1018710_20210108_000536,106825
1018710_20210108_063916,106826
1018710_20210108_030455,106827
1018710_20210110_033355,106828
1018710_20210114_180340,106829
1018710_20210127_201556,106830
1018710_20210324_195911,106831
1018710_20210324_195216,106832
1018710_20210405_012800,106833
1018710_20210405_032743,106834
1018710_20210414_051747,106835
1018710_20210422_013904,106836
1018710_20210425_193356,106837
1018710_20210425_212903,106838
1018710_20210425_195712,106839
1018710_20210426_012931,106840
1018710_20210618_061635,106841
1018710_20210621_225757,106842
1018710_20210811_003031,106843
1018710_20210812_044147,106844
1018710_20210818_042252,106845
1018710_20210829_180938,106846
1018710_20210913_110959,106847
1018710_20210921_142111,106848
1018710_20210923_101337,106849
1018710_20211008_155836,106850
1018710_20211021_043236,106851
1018710_20211022_163635,106852
1018710_20211219_191252,106853
1018710_20211221_063348,106854
1018710_20220107_213216,106855
1018710_20220129_225758,106856
1018710_20220129_225614,106857
1018710_20220219_213538,106858
1018710_20220219_231635,106859
1018710_20220219_213810,106860
1018710_20220219_213946,106861
1018710_20220219_220320,106862
1018710_20220219_230821,106863
1018710_20220302_034117,106864
1018710_20220425_101652,106865
1018710_20220425_071034,106866
1018710_20220425_071611,106867
1018710_20220425_094109,106868
1018710_20220615_084306,106869
1018710_20220810_204620,106870
1018710_20220902_175400,106871
1018710_20220911_022821,106872
1018710_20220911_122635,106873
1018710_20220911_032406,106874
1018710_20220912_201929,106875
1018710_20220924_152142,106876
1018710_20220924_152116,106877
1018710_20220924_214403,106878
1018710_20220924_152124,106879
1018710_20221108_224756,106880
1018710_20221108_174938,106881
1018710_20221108_173508,106882
1018710_20221108_185951,106883
1018710_20221108_174150,106884
1018710_20221109_122228,106885
1018710_20221111_013908,106886
1018710_20221111_013835,106887
1018710_20221111_033136,106888
1018710_20221119_030309,106889
1018710_20221126_183517,106890
1014050_20180127_183325,106891
1014050_20190303_052408,106892
1014050_20200125_104051,106893
1014050_20201105_001702,106894
1014050_20210531_160709,106895
1014050_20210801_171421,106896
1014050_20210801_171502,106897
1014050_20210802_024943,106898
1014050_20210812_010510,106899
1014050_20210812_010035,106900
1014050_20210812_040613,106901
1014050_20210812_011144,106902
1014050_20210812_043121,106903
1014050_20210812_011156,106904
1014050_20210812_012914,106905
1014050_20210812_010620,106906
1014050_20210812_042621,106907
1014050_20210812_012044,106908
1014050_20210812_013851,106909
1014050_20210812_014019,106910
1014050_20210812_010236,106911
1014050_20210812_011049,106912
1014050_20210812_033406,106913
1014050_20210812_020824,106914
1014050_20210812_011903,106915
1014050_20210812_010103,106916
1014050_20210812_011720,106917
1014050_20210812_011520,106918
1014050_20210812_070708,106919
1014050_20210828_041840,106920
1014050_20210909_145145,106921
1014050_20210925_192933,106922
1014050_20210925_194125,106923
1014050_20210925_200429,106924
1014050_20210925_194155,106925
1014050_20210925_213136,106926
1014050_20210925_195759,106927
1014050_20210925_192120,106928
1014050_20210925_215047,106929
1014050_20210925_194214,106930
1014050_20210925_193041,106931
1014050_20210925_211906,106932
1014050_20210925_211056,106933
1014050_20210925_195957,106934
1014050_20210925_194515,106935
1014050_20210926_002357,106936
1014050_20210926_044858,106937
1014050_20210926_044756,106938
1014050_20210926_045859,106939
1014050_20210926_030804,106940
1014050_20210926_064701,106941
1014050_20210926_162759,106942
1014050_20210926_030846,106943
1014050_20210926_044502,106944
1014050_20210926_045450,106945
1014050_20210926_045744,106946
1014050_20210926_051815,106947
1014050_20210926_054820,106948
1014050_20210926_045220,106949
1014050_20210927_033824,106950
1014050_20211002_135843,106951
1014050_20211002_135052,106952
1014050_20211002_160332,106953
1014050_20211003_230800,106954
1014050_20211006_020955,106955
1014050_20211010_083652,106956
1014050_20211010_100517,106957
1014050_20211010_095651,106958
1014050_20211010_115200,106959
1014050_20211010_095657,106960
1014050_20211013_030039,106961
1014050_20211018_050910,106962
1014050_20211018_051029,106963
1014050_20211018_050957,106964
1014050_20211030_105931,106965
1014050_20211030_111029,106966
1014050_20211030_111507,106967
1014050_20211107_194806,106968
1014050_20220115_092619,106969
1014050_20220314_010406,106970
1014050_20220325_132832,106971
1014050_20220325_220611,106972
1014050_20220325_075927,106973
1014050_20220325_140859,106974
1014050_20220325_135050,106975
1014050_20220325_082332,106976
1014050_20220325_142037,106977
1014050_20220325_084528,106978
1014050_20220325_152424,106979
1014050_20220325_093123,106980
1014050_20220325_122514,106981
1014050_20220325_080950,106982
1014050_20220325_075918,106983
1014050_20220325_161327,106984
1014050_20220325_115242,106985
1014050_20220325_092632,106986
1014050_20220325_140830,106987
1014050_20220325_141650,106988
1014050_20220325_150605,106989
1014050_20220325_140623,106990
1014050_20220325_142444,106991
1014050_20220325_135210,106992
1014050_20220325_140836,106993
1014050_20220325_135333,106994
1014050_20220326_100754,106995
1014050_20220327_032136,106996
1014050_20220606_065428,106997
1014050_20220606_070727,106998
1014050_20220626_061143,106999
1014050_20220627_151826,107000
1014050_20220627_155133,107001
1014050_20220627_151954,107002
1014050_20220802_105034,107003
1014050_20220815_002600,107004
1014050_20220922_060732,107005
1014050_20220922_073622,107006
1014050_20221119_141954,107007
1014050_20221119_133404,107008
1015212_20180127_150113,107009
1015212_20200718_133403,107010
1015212_20200721_081958,107011
1015212_20210319_070630,107012
1015212_20211003_232233,107013
1015212_20211215_130302,107014
1015212_20220922_184605,107015
1016880_20180129_152346,107016
1016880_20180314_154128,107017
1016880_20180323_032629,107018
1016880_20180425_065041,107019
1016880_20180722_131822,107020
1016880_20180810_055934,107021
1016880_20180903_113939,107022
1016880_20181002_084138,107023
1016880_20181014_045532,107024
1016880_20181121_213525,107025
1016880_20190627_005031,107026
1016880_20190812_021442,107027
1016880_20191011_153412,107028
1016880_20191031_032918,107029
1016880_20191031_005724,107030
1016880_20191031_005954,107031
1016880_20191031_042547,107032
1016880_20191115_012115,107033
1016880_20200110_045818,107034
1016880_20200120_075956,107035
1016880_20200201_193603,107036
1016880_20200229_033115,107037
1016880_20200319_061058,107038
1016880_20200324_193035,107039
1016880_20200419_172701,107040
1016880_20200508_152724,107041
1016880_20200522_224536,107042
1016880_20201012_204816,107043
1016880_20201023_055431,107044
1016880_20210310_065937,107045
1016880_20210508_083533,107046
1016880_20210530_132849,107047
1016880_20210803_032800,107048
1016880_20211002_094941,107049
1016880_20211002_082736,107050
1016880_20211018_153613,107051
1016880_20211025_011940,107052
1016880_20211220_220919,107053
1016880_20211221_105925,107054
1016880_20211221_015201,107055
1016880_20211230_182028,107056
1016880_20220121_070034,107057
1016880_20220127_024414,107058
1016880_20220129_221250,107059
1016880_20220608_153553,107060
1016880_20220725_181115,107061
1016880_20220819_121119,107062
1016880_20221008_031837,107063
1016880_20221017_082157,107064
1016880_20221017_083317,107065
1016880_20221115_023257,107066
1013483_20180130_234506,107067
1013483_20180306_045304,107068
1013483_20180306_164216,107069
1013483_20180320_102655,107070
1013483_20180331_051001,107071
1013483_20180420_070551,107072
1013483_20180503_201040,107073
1013483_20180507_022443,107074
1013483_20180519_084829,107075
1013483_20180520_004256,107076
1013483_20180526_022041,107077
1013483_20180527_074653,107078
1013483_20180628_050225,107079
1013483_20180707_061100,107080
1013483_20180720_114409,107081
1013483_20180726_041236,107082
1013483_20180924_062213,107083
1013483_20181104_101215,107084
1013483_20190115_080701,107085
1013483_20190119_054740,107086
1013483_20190302_141029,107087
1013483_20190305_064111,107088
1013483_20190805_093810,107089
1013483_20190817_143712,107090
1013483_20190819_043516,107091
1013483_20200110_052516,107092
1013483_20200124_055434,107093
1013483_20200131_215127,107094
1013483_20200326_033955,107095
1013483_20200329_131733,107096
1013483_20200601_110607,107097
1013483_20200716_002440,107098
1013483_20200819_220927,107099
1013483_20201228_231407,107100
1013483_20201229_003124,107101
1013483_20210315_020911,107102
1013483_20210402_231558,107103
1013483_20210402_123831,107104
1013483_20211021_193919,107105
1013483_20211124_162308,107106
1013483_20211221_133517,107107
1013483_20211224_022925,107108
1013483_20220207_031705,107109
1013483_20220311_002544,107110
1013483_20220406_234738,107111
1013483_20220604_031658,107112
1013483_20220921_093501,107113
1013483_20221008_101118,107114
1013483_20221013_072836,107115
1013483_20221013_083416,107116
nc73821806_20180130_051708,107117
nc73821806_20180203_023524,107118
nc73821806_20180604_103847,107119
nc73821806_20211227_085305,107120
nc73821806_20220528_075701,107121
1009326_20180131_152159,107122
1009326_20200704_061400,107123
1009326_20210607_214345,107124
1009326_20220602_025856,107125
1016069_20180131_082611,107126
1016069_20180322_030549,107127
1016069_20180421_123402,107128
1016069_20180516_081247,107129
1016069_20180518_132625,107130
1016069_20180518_135528,107131
1016069_20180601_032240,107132
1016069_20180609_020051,107133
1016069_20180817_014943,107134
1016069_20181106_112301,107135
1016069_20190123_072850,107136
1016069_20190206_213358,107137
1016069_20190421_025355,107138
1016069_20190521_083333,107139
1016069_20190704_083720,107140
1016069_20190722_195321,107141
1016069_20190818_064535,107142
1016069_20191030_132434,107143
1016069_20191031_122633,107144
1016069_20200118_121707,107145
1016069_20200126_232551,107146
1016069_20200323_091034,107147
1016069_20200327_070409,107148
1016069_20200331_011040,107149
1016069_20201220_095552,107150
1016069_20201220_095814,107151
1016069_20201220_104746,107152
1016069_20201220_101513,107153
1016069_20210222_123220,107154
1016069_20210411_030350,107155
1016069_20210420_230403,107156
1016069_20210420_225503,107157
1016069_20210424_183232,107158
1016069_20210629_210722,107159
1016069_20210629_095644,107160
1016069_20210701_212531,107161
1016069_20210702_075522,107162
1016069_20210703_163835,107163
1016069_20210714_144621,107164
1016069_20210917_100930,107165
1016069_20211118_094805,107166
1016069_20211201_104409,107167
1016069_20211217_225042,107168
1016069_20211225_061741,107169
1016069_20220414_200426,107170
1016069_20220616_204453,107171
1016069_20220726_155538,107172
1016069_20220928_131321,107173
1016069_20221023_235906,107174
1016784_20180131_162233,107175
1016784_20180426_070451,107176
1016784_20180428_005851,107177
1016784_20180428_015742,107178
1016784_20180711_233031,107179
1016784_20181110_054934,107180
1016784_20181116_014745,107181
1016784_20181117_113709,107182
1016784_20181119_065935,107183
1016784_20181120_115450,107184
1016784_20181209_224927,107185
1016784_20181209_223431,107186
1016784_20181209_224033,107187
1016784_20190111_094932,107188
1016784_20190204_201951,107189
1016784_20190319_103142,107190
1016784_20190814_093225,107191
1016784_20190822_133538,107192
1016784_20191116_083807,107193
1016784_20191128_213751,107194
1016784_20191129_042150,107195
1016784_20200302_194511,107196
1016784_20200303_014453,107197
1016784_20200308_000531,107198
1016784_20200325_110003,107199
1016784_20200405_200159,107200
1016784_20200405_071509,107201
1016784_20200831_000013,107202
1016784_20201220_191939,107203
1016784_20210605_121115,107204
1016784_20210807_112412,107205
1016784_20211218_161334,107206
1016784_20211220_202523,107207
1016784_20211221_144123,107208
1016784_20211222_204526,107209
1016784_20211223_183825,107210
1016784_20211224_022932,107211
1016784_20211229_225124,107212
1016784_20220123_193426,107213
1016784_20220409_162927,107214
1016784_20220706_114610,107215
1016784_20220706_114511,107216
1016784_20220706_114428,107217
1016784_20220706_131734,107218
1016784_20220706_120525,107219
1016784_20220707_042327,107220
1016784_20220707_045354,107221
1016784_20220707_042638,107222
1016784_20220712_024308,107223
1016784_20220808_135837,107224
1016784_20220810_022055,107225
1016784_20220810_024034,107226
1016784_20220812_094905,107227
1017765_20180131_132548,107228
1017765_20180205_074717,107229
1017765_20180308_104731,107230
1017765_20180308_132207,107231
1017765_20180320_134357,107232
1017765_20180320_094624,107233
1017765_20180406_140624,107234
1017765_20180419_150529,107235
1017765_20180428_040316,107236
1017765_20180501_100102,107237
1017765_20180508_000546,107238
1017765_20180515_160727,107239
1017765_20180517_152336,107240
1017765_20180523_002539,107241
1017765_20180524_211344,107242
1017765_20180528_123645,107243
1017765_20180530_121949,107244
1017765_20180531_172135,107245
1017765_20180601_052459,107246
1017765_20180609_223123,107247
1017765_20180713_003502,107248
1017765_20180726_224041,107249
1017765_20180806_055636,107250
1017765_20180809_172415,107251
1017765_20180810_213313,107252
1017765_20180811_023121,107253
1017765_20180821_101945,107254
1017765_20180824_140115,107255
1017765_20180916_150710,107256
1017765_20180919_062828,107257
1017765_20181011_053636,107258
1017765_20181011_200239,107259
1017765_20181013_125350,107260
1017765_20181019_234351,107261
1017765_20181118_195500,107262
1017765_20181119_152922,107263
1017765_20190204_032905,107264
1017765_20190226_204113,107265
1017765_20190226_080007,107266
1017765_20190317_063453,107267
1017765_20190320_110426,107268
1017765_20190321_053304,107269
1017765_20190404_072359,107270
1017765_20190422_210516,107271
1017765_20190428_172451,107272
1017765_20190510_120246,107273
1017765_20190511_222036,107274
1017765_20190526_145822,107275
1017765_20190616_200226,107276
1017765_20190620_015336,107277
1017765_20190620_064006,107278
1017765_20190620_060920,107279
1017765_20190623_135500,107280
1017765_20190629_114859,107281
1017765_20190705_123441,107282
1017765_20190708_204842,107283
1017765_20190714_054035,107284
1017765_20190801_123042,107285
1017765_20190814_093930,107286
1017765_20190818_200418,107287
1017765_20190902_212803,107288
1017765_20190929_095611,107289
1017765_20190929_095524,107290
1017765_20191104_225747,107291
1017765_20191105_070359,107292
1017765_20191117_091523,107293
1017765_20191220_105635,107294
1017765_20191225_052846,107295
1017765_20200301_001101,107296
1017765_20200312_200958,107297
1017765_20200312_231012,107298
1017765_20200312_162110,107299
1017765_20200312_224343,107300
1017765_20200313_204946,107301
1017765_20200313_184329,107302
1017765_20200313_115439,107303
1017765_20200314_090709,107304
1017765_20200315_142000,107305
1017765_20200316_215449,107306
1017765_20200316_150015,107307
1017765_20200319_052835,107308
1017765_20200327_205628,107309
1017765_20200328_232755,107310
1017765_20200413_155423,107311
1017765_20200413_164520,107312
1017765_20200413_160643,107313
1017765_20200413_161931,107314
1017765_20200413_155034,107315
1017765_20200413_195027,107316
1017765_20200414_170838,107317
1017765_20200414_050419,107318
1017765_20200416_195932,107319
1017765_20200416_191218,107320
1017765_20200418_173152,107321
1017765_20200418_043730,107322
1017765_20200418_050351,107323
1017765_20200419_214746,107324
1017765_20200420_001825,107325
1017765_20200420_212848,107326
1017765_20200421_212319,107327
1017765_20200422_040612,107328
1017765_20200422_220200,107329
1017765_20200423_141234,107330
1017765_20200426_162655,107331
1017765_20200428_225322,107332
1017765_20200502_012630,107333
1017765_20200502_022153,107334
1017765_20200511_022450,107335
1017765_20200515_010924,107336
1017765_20200520_103451,107337
1017765_20200522_083007,107338
1017765_20200522_033802,107339
1017765_20200522_222156,107340
1017765_20200522_083127,107341
1017765_20200523_103408,107342
1017765_20200528_143540,107343
1017765_20200529_053630,107344
1017765_20200601_090319,107345
1017765_20200603_032601,107346
1017765_20200606_204053,107347
1017765_20200606_171321,107348
1017765_20200611_051101,107349
1017765_20200612_195113,107350
1017765_20200612_124602,107351
1017765_20200613_052116,107352
1017765_20200617_162617,107353
1017765_20200618_015356,107354
1017765_20200620_135914,107355
1017765_20200625_173250,107356
1017765_20200625_235330,107357
1017765_20200625_150755,107358
1017765_20200625_163713,107359
1017765_20200625_205348,107360
1017765_20200626_023750,107361
1017765_20200626_074115,107362
1017765_20200626_211131,107363
1017765_20200626_215033,107364
1017765_20200626_214155,107365
1017765_20200626_020215,107366
1017765_20200627_235717,107367
1017765_20200627_135824,107368
1017765_20200628_092517,107369
1017765_20200628_202545,107370
1017765_20200630_021747,107371
1017765_20200630_120021,107372
1017765_20200630_093418,107373
1017765_20200703_123944,107374
1017765_20200703_200417,107375
1017765_20200703_055224,107376
1017765_20200704_191707,107377
1017765_20200704_025514,107378
1017765_20200705_052739,107379
1017765_20200705_221438,107380
1017765_20200706_094011,107381
1017765_20200707_123124,107382
1017765_20200708_171853,107383
1017765_20200708_045918,107384
1017765_20200710_125810,107385
1017765_20200713_152248,107386
1017765_20200715_220809,107387
1017765_20200716_153929,107388
1017765_20200720_074717,107389
1017765_20200720_182135,107390
1017765_20200720_212206,107391
1017765_20200724_160724,107392
1017765_20200724_152502,107393
1017765_20200725_195500,107394
1017765_20200725_143147,107395
1017765_20200726_173218,107396
1017765_20200729_232113,107397
1017765_20200730_003338,107398
1017765_20200731_155831,107399
1017765_20200813_051330,107400
1017765_20200821_033800,107401
1017765_20200822_082836,107402
1017765_20200823_101743,107403
1017765_20200823_024701,107404
1017765_20200831_095152,107405
1017765_20200905_221156,107406
1017765_20200910_080740,107407
1017765_20200922_000144,107408
1017765_20200927_194143,107409
1017765_20201010_044354,107410
1017765_20201021_115121,107411
1017765_20201021_172218,107412
1017765_20201129_052945,107413
1017765_20201211_121146,107414
1017765_20201211_224331,107415
1017765_20201213_173722,107416
1017765_20201214_032619,107417
1017765_20201229_014727,107418
1017765_20201229_225733,107419
1017765_20210314_024130,107420
1017765_20210406_221819,107421
1017765_20210417_230959,107422
1017765_20210512_212014,107423
1017765_20210512_170535,107424
1017765_20210512_213936,107425
1017765_20210513_174745,107426
1017765_20210519_035132,107427
1017765_20210524_055341,107428
1017765_20210608_002830,107429
1017765_20210608_200338,107430
1017765_20210609_132538,107431
1017765_20210609_175921,107432
1017765_20210610_123930,107433
1017765_20210612_014311,107434
1017765_20210615_030359,107435
1017765_20210622_212011,107436
1017765_20210623_213251,107437
1017765_20210625_195640,107438
1017765_20210626_050428,107439
1017765_20210707_190116,107440
1017765_20210820_044001,107441
1017765_20210822_084623,107442
1017765_20210824_025942,107443
1017765_20210830_093956,107444
1017765_20210830_071722,107445
1017765_20210830_073104,107446
1017765_20210903_093204,107447
1017765_20210909_210658,107448
1017765_20210913_080139,107449
1017765_20210914_012234,107450
1017765_20210914_182035,107451
1017765_20210914_024945,107452
1017765_20210914_054306,107453
1017765_20210914_231912,107454
1017765_20210915_034239,107455
1017765_20210915_061312,107456
1017765_20210922_203226,107457
1017765_20210922_113633,107458
1017765_20211008_080323,107459
1017765_20211114_205055,107460
1017765_20211231_215622,107461
1017765_20220116_180841,107462
1017765_20220605_013157,107463
1017765_20220711_014838,107464
1017765_20220823_215817,107465
1017765_20220830_130910,107466
1017765_20221127_183158,107467
1017765_20221128_190519,107468
1018866_20180131_022630,107469
1018866_20180721_165551,107470
1018866_20190225_085937,107471
1018866_20190325_124349,107472
1018866_20190723_100423,107473
1018866_20190723_230117,107474
1018866_20190907_024917,107475
1018866_20191013_225617,107476
1018866_20191112_215310,107477
1018866_20191129_051425,107478
1018866_20200121_005155,107479
1018866_20200318_230826,107480
1018866_20200526_002840,107481
1018866_20200601_053212,107482
1018866_20200622_020211,107483
1018866_20200729_000637,107484
1018866_20200811_053829,107485
1018866_20201008_015557,107486
1018866_20210307_114030,107487
1018866_20210422_202741,107488
1018866_20210506_211708,107489
1018866_20210509_181540,107490
1018866_20210522_231419,107491
1018866_20210523_031809,107492
1018866_20210609_142349,107493
1018866_20210618_221934,107494
1018866_20210820_053515,107495
1018866_20210911_030021,107496
1018866_20210911_030104,107497
1018866_20211116_090022,107498
1018866_20211210_122558,107499
1018866_20211210_123552,107500
1018866_20211220_121143,107501
1018866_20220528_001231,107502
1018866_20220625_032515,107503
1018866_20220924_220706,107504
1018866_20221015_080722,107505
1018866_20221112_181926,107506
1018866_20221113_222858,107507
1018866_20221113_222136,107508
1010599_20180201_131539,107509
1010599_20180201_131945,107510
1010599_20180426_162712,107511
1010599_20180718_094654,107512
1010599_20180910_045420,107513
1010599_20200326_034544,107514
1010599_20210211_074213,107515
1010599_20210729_021933,107516
1010599_20211223_050221,107517
1010599_20221025_054340,107518
1015736_20180201_081242,107519
1015736_20180224_215231,107520
1015736_20180307_014813,107521
1015736_20180312_051451,107522
1015736_20180321_052153,107523
1015736_20180323_031841,107524
1015736_20180413_174122,107525
1015736_20180416_151201,107526
1015736_20180617_205716,107527
1015736_20180728_184542,107528
1015736_20180728_185709,107529
1015736_20181006_113636,107530
1015736_20190317_081715,107531
1015736_20191007_110337,107532
1015736_20191009_141634,107533
1015736_20200117_211600,107534
1015736_20200204_095727,107535
1015736_20200206_033040,107536
1015736_20200229_121759,107537
1015736_20200310_155255,107538
1015736_20200318_230433,107539
1015736_20200318_230017,107540
1015736_20200318_232245,107541
1015736_20200318_222327,107542
1015736_20200319_025121,107543
1015736_20200319_010652,107544
1015736_20200319_100301,107545
1015736_20200319_091127,107546
1015736_20200319_012046,107547
1015736_20200319_000736,107548
1015736_20200320_062204,107549
1015736_20200322_204812,107550
1015736_20200328_210856,107551
1015736_20200330_172855,107552
1015736_20210827_093119,107553
1015736_20211007_140318,107554
1015736_20211030_194746,107555
1015736_20211221_192626,107556
1015736_20220228_031120,107557
1015736_20220328_202516,107558
1015736_20220529_171440,107559
1015736_20220802_091633,107560
nc73822076_20180201_154144,107561
nc73822076_20180307_191503,107562
nc73822076_20180319_211821,107563
nc73822076_20190807_154049,107564
nc73822076_20210927_153559,107565
nc73877095_20180201_212821,107566
nc73877095_20180209_071322,107567
nc73877095_20180218_204015,107568
nc73877095_20180228_231233,107569
nc73877095_20180303_223639,107570
nc73877095_20180323_032606,107571
nc73877095_20180323_044000,107572
nc73877095_20180323_202211,107573
nc73877095_20180323_033939,107574
nc73877095_20180323_033046,107575
nc73877095_20180603_064906,107576
nc73877095_20180603_063055,107577
nc73877095_20180818_002030,107578
nc73877095_20180907_172826,107579
nc73877095_20180907_155730,107580
nc73877095_20180909_034904,107581
nc73877095_20180912_165834,107582
nc73877095_20180924_155325,107583
nc73877095_20181125_054833,107584
nc73877095_20181125_195044,107585
nc73877095_20181125_043320,107586
nc73877095_20181125_095131,107587
nc73877095_20190129_101310,107588
nc73877095_20190329_052609,107589
nc73877095_20190329_131610,107590
nc73877095_20190413_024151,107591
nc73877095_20190507_031455,107592
nc73877095_20190518_212014,107593
nc73877095_20190618_014908,107594
nc73877095_20190719_140131,107595
nc73877095_20190722_031523,107596
nc73877095_20190809_170039,107597
nc73877095_20191105_043033,107598
nc73877095_20191106_111221,107599
nc73877095_20191208_122018,107600
nc73877095_20200109_134058,107601
nc73877095_20200122_060037,107602
nc73877095_20200718_020559,107603
nc73877095_20200725_015550,107604
nc73877095_20200817_104125,107605
nc73877095_20200929_133948,107606
nc73877095_20201003_191919,107607
nc73877095_20201004_065501,107608
nc73877095_20201004_124525,107609
nc73877095_20201008_164553,107610
nc73877095_20201029_134524,107611
nc73877095_20201120_040134,107612
nc73877095_20201207_082235,107613
nc73877095_20201217_165232,107614
nc73877095_20201223_125652,107615
nc73877095_20210117_101959,107616
nc73877095_20210210_204932,107617
nc73877095_20210426_090107,107618
nc73877095_20210510_052139,107619
nc73877095_20210515_203613,107620
nc73877095_20210622_172602,107621
nc73877095_20210721_120654,107622
nc73877095_20210721_122050,107623
nc73877095_20210728_155211,107624
nc73877095_20210804_202142,107625
nc73877095_20210805_181232,107626
nc73877095_20210805_165327,107627
nc73877095_20210916_074910,107628
nc73877095_20211003_211211,107629
nc73877095_20211005_230206,107630
nc73877095_20211012_035427,107631
nc73877095_20211114_223235,107632
nc73877095_20211127_073225,107633
nc73877095_20211127_071747,107634
nc73877095_20211203_062133,107635
nc73877095_20211221_171404,107636
nc73877095_20211221_074830,107637
nc73877095_20211229_225133,107638
nc73877095_20220123_141402,107639
nc73877095_20220430_182522,107640
nc73877095_20220614_145454,107641
nc73877095_20220803_082417,107642
nc73877095_20220926_080017,107643
nc73877095_20220926_012509,107644
nc73877095_20220926_034841,107645
nc73877095_20221004_213631,107646
1015274_20180202_085121,107647
1015274_20210102_142212,107648
1015274_20210211_135026,107649
1016662_20180202_103541,107650
1016662_20180721_143405,107651
1016662_20210410_032919,107652
1016662_20210613_014739,107653
1016662_20210806_035912,107654
1016662_20211203_200300,107655
1016662_20211215_082335,107656
1016662_20211220_221127,107657
1016662_20211220_205856,107658
1016662_20211221_220051,107659
1016662_20211221_121723,107660
1016662_20211226_211432,107661
1016662_20220104_225036,107662
1016662_20220117_034708,107663
1016662_20220414_150757,107664
1016662_20220706_155237,107665
1016662_20220727_102323,107666
1016662_20221122_142533,107667
1013880_20180203_022001,107668
1013880_20180507_093020,107669
1013880_20180610_024352,107670
1013880_20180827_204306,107671
1013880_20180921_201056,107672
1013880_20181013_041255,107673
1013880_20181025_025902,107674
1013880_20190614_180607,107675
1013880_20190909_104413,107676
1013880_20191216_045127,107677
1013880_20191216_050715,107678
1013880_20191216_073432,107679
1013880_20191216_081527,107680
1013880_20200321_121710,107681
1013880_20200926_051146,107682
1013880_20201101_183131,107683
1013880_20210406_214703,107684
1013880_20211028_031737,107685
1013880_20211028_051028,107686
1013880_20211101_232037,107687
1013880_20211107_024739,107688
1013880_20211221_054705,107689
1013880_20220213_162015,107690
1013880_20220423_200010,107691
1013880_20220617_143804,107692
1013880_20220627_184729,107693
1013880_20221123_032932,107694
1011515_20180204_183304,107695
1011515_20180204_183408,107696
1011515_20180216_043814,107697
1011515_20180216_050045,107698
1011515_20180228_220852,107699
1011515_20180306_235116,107700
1011515_20180415_063524,107701
1011515_20180507_113806,107702
1011515_20180507_114006,107703
1011515_20180729_191122,107704
1011515_20180731_053853,107705
1011515_20190312_130516,107706
1011515_20190312_082015,107707
1011515_20190312_132456,107708
1011515_20200225_120045,107709
1011515_20200225_012616,107710
1011515_20200609_085007,107711
1011515_20200611_074914,107712
1011515_20210301_195626,107713
1011515_20210301_202943,107714
1011515_20210304_144231,107715
1011515_20210305_142638,107716
1011515_20210418_233659,107717
1011515_20210908_160448,107718
1011515_20210914_004436,107719
1011515_20210923_143745,107720
1011515_20220923_181127,107721
1011515_20220923_083012,107722
1016064_20180204_105007,107723
1016064_20180528_085816,107724
1016064_20180730_042757,107725
1016064_20180805_204553,107726
1016064_20180823_033110,107727
1016064_20181102_031343,107728
1016064_20181118_082727,107729
1016064_20181119_065530,107730
1016064_20181201_074110,107731
1016064_20181218_011649,107732
1016064_20181223_052905,107733
1016064_20190104_011004,107734
1016064_20190127_035239,107735
1016064_20190210_022958,107736
1016064_20190218_060445,107737
1016064_20190408_091809,107738
1016064_20190414_235036,107739
1016064_20190425_111757,107740
1016064_20190526_172037,107741
1016064_20190526_184402,107742
1016064_20190613_070629,107743
1016064_20190613_221624,107744
1016064_20190704_173004,107745
1016064_20190830_101904,107746
1016064_20191111_093641,107747
1016064_20191118_014159,107748
1016064_20191206_045807,107749
1016064_20191218_071317,107750
1016064_20200309_022241,107751
1016064_20200414_062307,107752
1016064_20200418_052601,107753
1016064_20200419_045152,107754
1016064_20200504_130116,107755
1016064_20200607_022525,107756
1016064_20200614_195246,107757
1016064_20200615_014651,107758
1016064_20200620_050300,107759
1016064_20200626_171652,107760
1016064_20200627_133815,107761
1016064_20200705_082135,107762
1016064_20200718_095011,107763
1016064_20200719_115234,107764
1016064_20200725_002704,107765
1016064_20200727_044634,107766
1016064_20200802_202411,107767
1016064_20200808_214726,107768
1016064_20200817_233612,107769
1016064_20200830_165611,107770
1016064_20200830_190440,107771
1016064_20200831_061044,107772
1016064_20200903_102336,107773
1016064_20200929_122230,107774
1016064_20200929_102921,107775
1016064_20201028_103434,107776
1016064_20201108_203514,107777
1016064_20201117_171442,107778
1016064_20201124_203618,107779
1016064_20201128_134916,107780
1016064_20201203_004200,107781
1016064_20201213_091736,107782
1016064_20201221_103538,107783
1016064_20210107_071445,107784
1016064_20210210_000038,107785
1016064_20210216_170055,107786
1016064_20210219_155207,107787
1016064_20210223_180725,107788
1016064_20210307_103531,107789
1016064_20210310_153210,107790
1016064_20210321_064258,107791
1016064_20210328_110106,107792
1016064_20210425_185425,107793
1016064_20210428_063218,107794
1016064_20210503_020628,107795
1016064_20210530_113749,107796
1016064_20210614_041315,107797
1016064_20210625_070702,107798
1016064_20210717_085420,107799
1016064_20210718_150220,107800
1016064_20210718_153152,107801
1016064_20210727_135130,107802
1016064_20210730_002304,107803
1016064_20210731_083109,107804
1016064_20210802_181555,107805
1016064_20210822_095736,107806
1016064_20210822_103641,107807
1016064_20210824_051203,107808
1016064_20210827_081343,107809
1016064_20210828_184943,107810
1016064_20210921_005548,107811
1016064_20210926_095624,107812
1016064_20211030_082004,107813
1016064_20211109_000057,107814
1016064_20211113_080402,107815
1016064_20211117_201731,107816
1016064_20211127_082220,107817
1016064_20211204_021707,107818
1016064_20211229_220301,107819
1016064_20220101_183650,107820
1016064_20220102_050538,107821
1016064_20220107_070704,107822
1016064_20220213_083608,107823
1016064_20220213_083550,107824
1016064_20220214_083016,107825
1016064_20220218_200334,107826
1016064_20220221_140801,107827
1016064_20220315_074547,107828
1016064_20220317_115611,107829
1016064_20220331_145646,107830
1016064_20220414_213430,107831
1016064_20220505_123231,107832
1016064_20220508_043721,107833
1016064_20220528_194930,107834
1016064_20220906_021316,107835
1016064_20220925_200843,107836
1016064_20220927_060124,107837
1016064_20221003_205440,107838
1016064_20221005_161257,107839
1016064_20221018_054238,107840
1018021_20180204_214401,107841
1018021_20180511_050003,107842
1018021_20211231_025239,107843
1018021_20220527_160604,107844
1016537_20180206_235841,107845
1016537_20191129_022246,107846
1016537_20200104_131151,107847
1016537_20200401_114658,107848
1016537_20210930_231231,107849
1016537_20220428_105815,107850
1009467_20180207_072336,107851
1009467_20180409_023940,107852
1009467_20181212_134337,107853
1009467_20190509_214836,107854
1009467_20190518_030959,107855
1009467_20190819_235555,107856
1009467_20191011_100406,107857
1009467_20191102_212551,107858
1009467_20191102_210151,107859
1009467_20191103_075136,107860
1009467_20191103_075244,107861
1009467_20191103_061854,107862
1009467_20191103_052100,107863
1009467_20191107_214342,107864
1009467_20191108_114550,107865
1009467_20191108_115140,107866
1009467_20200614_114545,107867
1009467_20210609_061804,107868
1009467_20210620_125656,107869
1009467_20220312_034440,107870
1009467_20220629_080217,107871
1009467_20220629_100406,107872
1009467_20220913_201535,107873
1009467_20220923_051542,107874
1009467_20221013_193555,107875
1009467_20221013_193624,107876
1014950_20180207_033525,107877
1014950_20180616_023201,107878
1014950_20181119_114145,107879
1014950_20181205_135759,107880
1014950_20190714_025805,107881
1014950_20200221_181847,107882
1014950_20201221_193547,107883
1014950_20211208_031429,107884
1011665_20180208_125129,107885
1011665_20180510_084126,107886
1011665_20180518_111728,107887
1011665_20181116_014740,107888
1011665_20190811_082711,107889
1011665_20200214_034744,107890
1011665_20200914_062916,107891
1011665_20200916_003615,107892
1011665_20201001_185321,107893
1011665_20210311_123828,107894
1011665_20210313_053602,107895
1011665_20210317_012129,107896
1011665_20210326_074602,107897
1011665_20210327_011242,107898
1011665_20210411_023223,107899
1011665_20210419_085156,107900
1011665_20211102_044956,107901
1011665_20211108_142741,107902
1011665_20220810_024029,107903
1011665_20220916_215638,107904
1011629_20180209_225923,107905
1012841_20180209_185548,107906
1012841_20180813_184737,107907
1012841_20191004_133939,107908
1012841_20191124_225129,107909
1012841_20210823_055136,107910
1013261_20180209_181101,107911
1013261_20180313_115225,107912
1013261_20180327_063518,107913
1013261_20180525_002139,107914
1013261_20180903_210027,107915
1013261_20181002_165357,107916
1013261_20181229_135157,107917
1013261_20181229_185703,107918
1013261_20190131_005320,107919
1013261_20190524_053551,107920
1013261_20191203_025328,107921
1013261_20200229_204730,107922
1013261_20210402_114502,107923
1013261_20210407_015518,107924
1013261_20211017_142053,107925
1013261_20211106_104950,107926
1013261_20220216_232016,107927
1013261_20220515_163302,107928
1013261_20220710_022943,107929
1013261_20220710_055622,107930
1013261_20220714_073802,107931
1015048_20180209_065526,107932
1015048_20180406_102130,107933
1015048_20180704_154800,107934
1015048_20180724_013311,107935
1015048_20180801_103939,107936
1015048_20190808_131645,107937
1015048_20210812_073041,107938
1015048_20211225_090358,107939
1015048_20220824_182805,107940
1013659_20180211_082437,107941
1013659_20180225_223011,107942
1013959_20180211_123617,107943
1013959_20180522_034913,107944
1013959_20180803_084151,107945
1013959_20190409_223019,107946
1013959_20190524_073437,107947
1013959_20191214_060953,107948
1013959_20220402_194656,107949
1013959_20221023_181627,107950
nc73869735_20180211_012224,107951
nc73869735_20180211_103314,107952
nc73869735_20180407_084853,107953
nc73869735_20200727_055605,107954
nc73869735_20211016_110825,107955
nc73869735_20211221_022332,107956
nc73883491_20180211_105434,107957
nc73883491_20180530_202643,107958
nc73883491_20180530_000744,107959
nc73883491_20200111_155455,107960
nc73883491_20200215_130935,107961
nc73883491_20200215_121219,107962
nc73883491_20200318_223528,107963
nc73883491_20200318_221925,107964
nc73883491_20200319_043428,107965
nc73883491_20210324_093055,107966
nc73883491_20210817_052703,107967
nc73883491_20210914_095947,107968
nc73883491_20211103_021629,107969
nc73883491_20211103_002820,107970
nc73883491_20211103_063154,107971
nc73883491_20211103_094519,107972
nc73883491_20211113_053346,107973
nc73883491_20211118_100328,107974
nc73883491_20211220_212506,107975
nc73883491_20211220_202446,107976
nc73883491_20211220_205650,107977
nc73883491_20211220_224108,107978
nc73883491_20211221_202341,107979
nc73883491_20211221_000950,107980
nc73883491_20211221_024607,107981
nc73883491_20211221_054323,107982
nc73883491_20211221_010113,107983
nc73883491_20211221_082809,107984
nc73883491_20211221_044145,107985
nc73883491_20211221_145453,107986
nc73883491_20211221_013021,107987
nc73883491_20211221_165040,107988
nc73883491_20211221_015938,107989
nc73883491_20211221_225602,107990
nc73883491_20211221_021556,107991
nc73883491_20211222_022832,107992
nc73883491_20211222_120331,107993
nc73883491_20211222_131700,107994
nc73883491_20211224_130521,107995
nc73883491_20211225_130917,107996
nc73883491_20211225_021930,107997
nc73883491_20211226_042953,107998
nc73883491_20211229_072057,107999
nc73883491_20211231_072502,108000
nc73883491_20220101_162137,108001
nc73883491_20220107_001626,108002
nc73883491_20220113_072747,108003
nc73883491_20220120_081337,108004
nc73883491_20220128_051038,108005
nc73883491_20220205_032757,108006
nc73883491_20220209_010914,108007
nc73883491_20220423_095756,108008
nc73883491_20220425_144353,108009
nc73883491_20220429_152442,108010
nc73883491_20220515_002423,108011
nc73883491_20220604_084602,108012
nc73883491_20220614_105708,108013
nc73883491_20220629_191819,108014
nc73883491_20220802_134654,108015
nc73883491_20220813_095401,108016
nc73883491_20220901_221711,108017
nc73883491_20221013_060538,108018
nc73883491_20221026_085319,108019
1014531_20180212_053258,108020
1014531_20180212_052540,108021
1014531_20180222_100055,108022
1014531_20180329_070756,108023
1014531_20180330_011242,108024
1014531_20180621_062623,108025
1014531_20180905_144842,108026
1014531_20181104_182708,108027
1014531_20181230_225413,108028
1014531_20190503_125853,108029
1014531_20190918_074207,108030
1014531_20190920_101908,108031
1014531_20200318_222634,108032
1014531_20200408_231401,108033
1014531_20200629_022335,108034
1014531_20200816_103007,108035
1014531_20201018_174125,108036
1014531_20201223_011840,108037
1014531_20210609_200345,108038
1014531_20210719_120203,108039
1014531_20210729_033329,108040
1014531_20210804_032209,108041
1014531_20211221_205207,108042
1014531_20221016_035642,108043
nc73873665_20180212_200202,108044
nc73873665_20180503_063547,108045
nc73873665_20181003_175124,108046
nc73873665_20181004_131326,108047
nc73873665_20181005_172140,108048
nc73873665_20181005_134957,108049
nc73873665_20181005_172413,108050
nc73873665_20181005_232003,108051
nc73873665_20190202_141133,108052
nc73873665_20190204_134905,108053
nc73873665_20190204_093528,108054
nc73873665_20190204_232621,108055
nc73873665_20190204_040944,108056
nc73873665_20190204_053234,108057
nc73873665_20190204_170749,108058
nc73873665_20190205_152934,108059
nc73873665_20190205_051836,108060
nc73873665_20190206_210353,108061
nc73873665_20190206_024710,108062
nc73873665_20190206_050902,108063
nc73873665_20190210_032438,108064
nc73873665_20190221_034410,108065
nc73873665_20190930_155134,108066
nc73873665_20200124_013902,108067
nc73873665_20200221_011207,108068
nc73873665_20201230_040808,108069
nc73873665_20210101_152043,108070
nc73873665_20210101_062042,108071
nc73873665_20210516_022538,108072
nc73873665_20210717_203305,108073
nc73873665_20210721_014235,108074
nc73873665_20210805_063421,108075
nc73873665_20210911_113441,108076
nc73873665_20210920_164826,108077
nc73873665_20211103_122718,108078
nc73873665_20220220_062403,108079
nc73873665_20220510_213212,108080
nc73873665_20220511_065321,108081
nc73873665_20220511_094349,108082
nc73873665_20220511_141232,108083
nc73873665_20220511_141226,108084
nc73873665_20220512_005420,108085
nc73873665_20220806_082030,108086
nc73873665_20220807_005152,108087
nc73873665_20220921_231531,108088
nc73873665_20220922_070912,108089
nc73873665_20220922_013536,108090
nc73873665_20220926_122149,108091
1017628_20180213_194402,108092
1017628_20180709_031652,108093
1017628_20180709_184501,108094
1017628_20180714_060809,108095
1017628_20180729_012234,108096
1017628_20181007_111845,108097
1017628_20181007_111215,108098
1017628_20190202_163654,108099
1017628_20190202_004829,108100
1017628_20190202_103327,108101
1017628_20190202_085654,108102
1017628_20190202_164314,108103
1017628_20190202_173829,108104
1017628_20190203_170000,108105
1017628_20190203_003653,108106
1017628_20190203_140421,108107
1017628_20190203_073742,108108
1017628_20190203_095104,108109
1017628_20190204_162418,108110
1017628_20190204_170244,108111
1017628_20190205_050120,108112
1017628_20190205_041957,108113
1017628_20190206_061854,108114
1017628_20190207_102509,108115
1017628_20190208_093350,108116
1017628_20190212_220149,108117
1017628_20190214_191704,108118
1017628_20190218_015945,108119
1017628_20190222_124044,108120
1017628_20190702_063849,108121
1017628_20190901_075859,108122
1017628_20190930_150651,108123
1017628_20190930_085529,108124
1017628_20190930_150404,108125
1017628_20190930_085301,108126
1017628_20191009_052653,108127
1017628_20191009_044315,108128
1017628_20191009_082358,108129
1017628_20191009_044336,108130
1017628_20191219_093550,108131
1017628_20200829_143251,108132
1017628_20201102_192514,108133
1017628_20201102_193503,108134
1017628_20210706_035402,108135
1017628_20210802_210042,108136
1017628_20210923_095502,108137
1017628_20211002_123115,108138
1017628_20211002_123628,108139
1017628_20211002_104634,108140
1017628_20211011_192304,108141
1017628_20220220_010054,108142
1017628_20220624_153135,108143
1017628_20220731_090331,108144
1017628_20220801_083435,108145
1017628_20220819_155423,108146
1017628_20220921_110536,108147
1015586_20180214_114410,108148
1015586_20180303_192752,108149
1015586_20180303_220627,108150
1015586_20180304_094436,108151
1015586_20180304_143407,108152
1015586_20180309_130435,108153
1015586_20180309_061020,108154
1015586_20180311_003229,108155
1015586_20180313_152506,108156
1015586_20180313_210226,108157
1015586_20180313_204620,108158
1015586_20180314_014901,108159
1015586_20180314_213858,108160
1015586_20180315_112600,108161
1015586_20180318_234542,108162
1015586_20180320_055940,108163
1015586_20180321_174027,108164
1015586_20180323_190309,108165
1015586_20180324_092212,108166
1015586_20180327_223712,108167
1015586_20180328_042911,108168
1015586_20180328_042622,108169
1015586_20180330_040710,108170
1015586_20180403_061550,108171
1015586_20180403_072025,108172
1015586_20180404_064017,108173
1015586_20180404_094755,108174
1015586_20180405_133145,108175
1015586_20180405_151746,108176
1015586_20180407_054411,108177
1015586_20180409_053031,108178
1015586_20180409_024926,108179
1015586_20180409_041303,108180
1015586_20180410_075125,108181
1015586_20180410_104647,108182
1015586_20180411_110743,108183
1015586_20180413_215801,108184
1015586_20180414_045627,108185
1015586_20180415_111413,108186
1015586_20180416_213654,108187
1015586_20180416_045107,108188
1015586_20180417_080524,108189
1015586_20180418_223822,108190
1015586_20180419_031012,108191
1015586_20180420_141759,108192
1015586_20180422_143229,108193
1015586_20180422_211837,108194
1015586_20180424_220403,108195
1015586_20180424_044953,108196
1015586_20180425_054158,108197
1015586_20180425_055901,108198
1015586_20180425_123018,108199
1015586_20180425_184220,108200
1015586_20180426_235011,108201
1015586_20180426_171435,108202
1015586_20180426_081237,108203
1015586_20180427_214514,108204
1015586_20180427_151819,108205
1015586_20180428_130853,108206
1015586_20180428_081314,108207
1015586_20180429_233730,108208
1015586_20180430_042758,108209
1015586_20180430_043309,108210
1015586_20180501_032005,108211
1015586_20180501_133215,108212
1015586_20180502_141853,108213
1015586_20180502_061849,108214
1015586_20180503_082204,108215
1015586_20180504_020702,108216
1015586_20180504_122739,108217
1015586_20180505_131311,108218
1015586_20180506_014126,108219
1015586_20180506_233552,108220
1015586_20180506_215652,108221
1015586_20180507_020521,108222
1015586_20180508_151154,108223
1015586_20180509_010916,108224
1015586_20180510_013404,108225
1015586_20180510_042943,108226
1015586_20180511_001827,108227
1015586_20180512_131142,108228
1015586_20180512_234227,108229
1015586_20180513_192436,108230
1015586_20180514_072249,108231
1015586_20180516_113059,108232
1015586_20180516_091949,108233
1015586_20180516_160609,108234
1015586_20180517_042301,108235
1015586_20180517_201331,108236
1015586_20180517_135651,108237
1015586_20180517_112944,108238
1015586_20180517_230508,108239
1015586_20180518_044919,108240
1015586_20180519_092657,108241
1015586_20180520_062836,108242
1015586_20180523_134849,108243
1015586_20180523_230753,108244
1015586_20180524_191344,108245
1015586_20180524_183627,108246
1015586_20180524_101713,108247
1015586_20180524_031257,108248
1015586_20180524_101006,108249
1015586_20180524_214320,108250
1015586_20180525_053752,108251
1015586_20180525_021841,108252
1015586_20180525_184533,108253
1015586_20180525_025722,108254
1015586_20180525_180142,108255
1015586_20180530_141703,108256
1015586_20180601_100805,108257
1015586_20180604_061438,108258
1015586_20180604_032010,108259
1015586_20180605_004641,108260
1015586_20180607_063445,108261
1015586_20180608_103446,108262
1015586_20180609_110839,108263
1015586_20180614_021454,108264
1015586_20180615_100215,108265
1015586_20180615_125145,108266
1015586_20180615_223733,108267
1015586_20180616_220042,108268
1015586_20180616_132025,108269
1015586_20180616_130719,108270
1015586_20180617_153408,108271
1015586_20180618_122358,108272
1015586_20180619_014436,108273
1015586_20180620_222909,108274
1015586_20180621_075644,108275
1015586_20180622_151706,108276
1015586_20180624_232613,108277
1015586_20180624_174220,108278
1015586_20180627_015635,108279
1015586_20180628_113012,108280
1015586_20180703_075741,108281
1015586_20180704_022032,108282
1015586_20180706_220429,108283
1015586_20180707_230646,108284
1015586_20180707_085439,108285
1015586_20180708_053824,108286
1015586_20180713_163439,108287
1015586_20180716_111958,108288
1015586_20180717_114557,108289
1015586_20180724_211135,108290
1015586_20180724_135617,108291
1015586_20180724_164430,108292
1015586_20180726_211754,108293
1015586_20180727_111635,108294
1015586_20180728_103912,108295
1015586_20180731_123328,108296
1015586_20180731_123354,108297
1015586_20180806_072838,108298
1015586_20180808_105001,108299
1015586_20180809_062819,108300
1015586_20180812_123157,108301
1015586_20180813_084213,108302
1015586_20180814_113357,108303
1015586_20180814_044049,108304
1015586_20180818_104100,108305
1015586_20180819_173229,108306
1015586_20180822_112324,108307
1015586_20180823_183542,108308
1015586_20180824_171957,108309
1015586_20180824_065810,108310
1015586_20180825_044414,108311
1015586_20180902_225925,108312
1015586_20180903_131041,108313
1015586_20180905_202031,108314
1015586_20180905_100212,108315
1015586_20180910_030049,108316
1015586_20180911_151646,108317
1015586_20180912_193438,108318
1015586_20180915_003440,108319
1015586_20180920_114808,108320
1015586_20180922_061926,108321
1015586_20180929_051528,108322
1015586_20180930_125103,108323
1015586_20181003_112739,108324
1015586_20181006_062522,108325
1015586_20181008_112556,108326
1015586_20181015_154731,108327
1015586_20181015_082811,108328
1015586_20181022_125739,108329
1015586_20181026_100100,108330
1015586_20181031_074333,108331
1015586_20181031_030741,108332
1015586_20181101_034947,108333
1015586_20181113_100250,108334
1015586_20181114_141410,108335
1015586_20181127_040212,108336
1015586_20181205_164553,108337
1015586_20181205_212008,108338
1015586_20181205_171719,108339
1015586_20181213_040455,108340
1015586_20181231_130744,108341
1015586_20190107_135425,108342
1015586_20190116_142449,108343
1015586_20190125_180619,108344
1015586_20190126_141933,108345
1015586_20190126_010632,108346
1015586_20190127_091529,108347
1015586_20190204_062705,108348
1015586_20190206_135426,108349
1015586_20190221_063354,108350
1015586_20190303_093524,108351
1015586_20190312_013634,108352
1015586_20190313_143456,108353
1015586_20190323_044147,108354
1015586_20190327_211815,108355
1015586_20190329_174628,108356
1015586_20190330_065439,108357
1015586_20190411_170731,108358
1015586_20190412_065424,108359
1015586_20190412_045108,108360
1015586_20190413_033901,108361
1015586_20190414_154258,108362
1015586_20190416_075303,108363
1015586_20190423_083240,108364
1015586_20190424_071522,108365
1015586_20190425_091059,108366
1015586_20190428_203728,108367
1015586_20190428_203705,108368
1015586_20190429_075541,108369
1015586_20190503_213422,108370
1015586_20190503_133013,108371
1015586_20190505_185832,108372
1015586_20190507_055204,108373
1015586_20190606_094804,108374
1015586_20190606_052308,108375
1015586_20190611_155653,108376
1015586_20190611_152600,108377
1015586_20190612_003512,108378
1015586_20190614_225358,108379
1015586_20190615_074119,108380
1015586_20190615_233046,108381
1015586_20190619_120514,108382
1015586_20190620_035927,108383
1015586_20190622_122313,108384
1015586_20190624_041604,108385
1015586_20190624_070201,108386
1015586_20190701_030053,108387
1015586_20190718_070541,108388
1015586_20190718_231301,108389
1015586_20190718_190033,108390
1015586_20190719_005934,108391
1015586_20190722_000357,108392
1015586_20190725_041114,108393
1015586_20190729_172316,108394
1015586_20190802_072155,108395
1015586_20190829_224036,108396
1015586_20190830_141608,108397
1015586_20190830_222758,108398
1015586_20190916_040910,108399
1015586_20190917_025831,108400
1015586_20190918_070848,108401
1015586_20190919_021919,108402
1015586_20190919_035324,108403
1015586_20190920_073803,108404
1015586_20190920_074143,108405
1015586_20190923_092357,108406
1015586_20190925_012940,108407
1015586_20190926_152219,108408
1015586_20191017_032417,108409
1015586_20191017_050300,108410
1015586_20191017_204837,108411
1015586_20191019_223325,108412
1015586_20191019_202312,108413
1015586_20191019_223110,108414
1015586_20191020_070728,108415
1015586_20191020_012710,108416
1015586_20191020_121428,108417
1015586_20191020_110850,108418
1015586_20191022_051052,108419
1015586_20191022_080055,108420
1015586_20191022_022643,108421
1015586_20191024_143501,108422
1015586_20191025_230743,108423
1015586_20191027_062144,108424
1015586_20191027_015309,108425
1015586_20191030_133816,108426
1015586_20191030_115914,108427
1015586_20191031_165735,108428
1015586_20191031_105203,108429
1015586_20191101_102937,108430
1015586_20191101_202746,108431
1015586_20191102_231508,108432
1015586_20191103_193721,108433
1015586_20191104_224924,108434
1015586_20191105_070535,108435
1015586_20191106_231533,108436
1015586_20191106_142006,108437
1015586_20191107_170405,108438
1015586_20191111_064340,108439
1015586_20191112_015150,108440
1015586_20191113_133100,108441
1015586_20191115_182901,108442
1015586_20191120_205626,108443
1015586_20191121_070340,108444
1015586_20191122_011528,108445
1015586_20191126_181916,108446
1015586_20191127_231741,108447
1015586_20191130_060935,108448
1015586_20191204_030805,108449
1015586_20191210_093805,108450
1015586_20191217_041333,108451
1015586_20191225_023525,108452
1015586_20191226_193634,108453
1015586_20191231_165024,108454
1015586_20191231_210347,108455
1015586_20200104_022413,108456
1015586_20200107_084654,108457
1015586_20200108_082406,108458
1015586_20200108_082622,108459
1015586_20200113_105601,108460
1015586_20200204_050353,108461
1015586_20200204_095939,108462
1015586_20200204_050722,108463
1015586_20200208_162813,108464
1015586_20200210_022254,108465
1015586_20200213_211425,108466
1015586_20200214_100241,108467
1015586_20200220_154633,108468
1015586_20200225_031538,108469
1015586_20200302_073002,108470
1015586_20200306_032344,108471
1015586_20200306_125132,108472
1015586_20200308_163252,108473
1015586_20200315_144738,108474
1015586_20200318_235141,108475
1015586_20200320_154448,108476
1015586_20200321_080018,108477
1015586_20200321_115233,108478
1015586_20200323_015303,108479
1015586_20200323_125718,108480
1015586_20200323_021213,108481
1015586_20200324_022909,108482
1015586_20200324_051026,108483
1015586_20200324_034054,108484
1015586_20200325_202634,108485
1015586_20200326_113846,108486
1015586_20200327_124910,108487
1015586_20200329_033430,108488
1015586_20200331_081944,108489
1015586_20200401_064043,108490
1015586_20200404_025806,108491
1015586_20200404_072118,108492
1015586_20200405_011925,108493
1015586_20200407_120436,108494
1015586_20200407_130915,108495
1015586_20200407_121514,108496
1015586_20200409_184905,108497
1015586_20200416_124421,108498
1015586_20200420_182134,108499
1015586_20200429_094336,108500
1015586_20200502_094820,108501
1015586_20200502_104051,108502
1015586_20200502_104153,108503
1015586_20200503_084649,108504
1015586_20200504_134447,108505
1015586_20200504_050734,108506
1015586_20200505_095250,108507
1015586_20200505_231201,108508
1015586_20200507_080900,108509
1015586_20200507_063810,108510
1015586_20200510_234256,108511
1015586_20200515_020908,108512
1015586_20200517_100057,108513
1015586_20200520_184254,108514
1015586_20200520_205440,108515
1015586_20200520_165943,108516
1015586_20200520_165922,108517
1015586_20200520_190302,108518
1015586_20200522_133013,108519
1015586_20200523_134429,108520
1015586_20200531_014145,108521
1015586_20200602_055028,108522
1015586_20200603_031623,108523
1015586_20200606_132919,108524
1015586_20200606_045602,108525
1015586_20200614_220516,108526
1015586_20200618_194640,108527
1015586_20200618_232544,108528
1015586_20200623_121328,108529
1015586_20200624_082120,108530
1015586_20200625_220225,108531
1015586_20200625_205801,108532
1015586_20200627_022412,108533
1015586_20200630_104039,108534
1015586_20200702_224710,108535
1015586_20200703_233734,108536
1015586_20200704_121021,108537
1015586_20200713_000806,108538
1015586_20200717_153754,108539
1015586_20200718_185110,108540
1015586_20200720_045610,108541
1015586_20200722_190204,108542
1015586_20200726_053657,108543
1015586_20200726_055309,108544
1015586_20200726_054456,108545
1015586_20200726_110917,108546
1015586_20200727_230449,108547
1015586_20200728_204249,108548
1015586_20200730_175036,108549
1015586_20200730_180023,108550
1015586_20200730_235705,108551
1015586_20200801_051828,108552
1015586_20200806_141517,108553
1015586_20200807_032239,108554
1015586_20200809_094222,108555
1015586_20200810_100932,108556
1015586_20200810_143015,108557
1015586_20200810_130645,108558
1015586_20200811_204454,108559
1015586_20200812_163318,108560
1015586_20200813_210300,108561
1015586_20200814_021328,108562
1015586_20200815_201618,108563
1015586_20200818_054910,108564
1015586_20200818_151100,108565
1015586_20200819_002811,108566
1015586_20200822_184855,108567
1015586_20200825_123026,108568
1015586_20200826_103920,108569
1015586_20200826_113918,108570
1015586_20200827_172954,108571
1015586_20200827_143929,108572
1015586_20200827_234303,108573
1015586_20200827_140750,108574
1015586_20200829_093818,108575
1015586_20200829_172515,108576
1015586_20200829_012806,108577
1015586_20200830_160700,108578
1015586_20200831_200013,108579
1015586_20200901_111147,108580
1015586_20200903_111201,108581
1015586_20200903_114025,108582
1015586_20200903_064755,108583
1015586_20200903_112331,108584
1015586_20200903_180549,108585
1015586_20200904_063226,108586
1015586_20200904_053949,108587
1015586_20200905_151114,108588
1015586_20200906_002626,108589
1015586_20200906_134645,108590
1015586_20200909_154811,108591
1015586_20200910_181422,108592
1015586_20200910_053415,108593
1015586_20200910_021758,108594
1015586_20200914_012757,108595
1015586_20200915_182741,108596
1015586_20200916_171127,108597
1015586_20200917_052731,108598
1015586_20200924_154612,108599
1015586_20200924_141855,108600
1015586_20200926_163004,108601
1015586_20200926_220618,108602
1015586_20200926_220637,108603
1015586_20200928_095216,108604
1015586_20200928_210609,108605
1015586_20200929_002944,108606
1015586_20200929_175215,108607
1015586_20201005_082603,108608
1015586_20201007_215258,108609
1015586_20201007_182118,108610
1015586_20201007_105730,108611
1015586_20201008_011126,108612
1015586_20201008_012831,108613
1015586_20201010_051452,108614
1015586_20201011_094133,108615
1015586_20201012_074436,108616
1015586_20201013_203608,108617
1015586_20201015_174646,108618
1015586_20201015_134448,108619
1015586_20201025_050458,108620
1015586_20201026_235744,108621
1015586_20201027_013119,108622
1015586_20201101_063457,108623
1015586_20201103_043004,108624
1015586_20201104_220331,108625
1015586_20201104_212756,108626
1015586_20201106_173151,108627
1015586_20201107_105817,108628
1015586_20201107_065227,108629
1015586_20201107_001838,108630
1015586_20201109_135500,108631
1015586_20201124_015216,108632
1015586_20201128_092255,108633
1015586_20201128_190048,108634
1015586_20201202_174153,108635
1015586_20201206_104545,108636
1015586_20201207_120757,108637
1015586_20201207_114210,108638
1015586_20201207_122640,108639
1015586_20201207_114503,108640
1015586_20201207_214527,108641
1015586_20201211_212606,108642
1015586_20201211_055903,108643
1015586_20201213_135801,108644
1015586_20201216_020340,108645
1015586_20201217_233255,108646
1015586_20201228_081237,108647
1015586_20201230_155059,108648
1015586_20210101_013300,108649
1015586_20210102_162327,108650
1015586_20210105_215110,108651
1015586_20210105_191111,108652
1015586_20210115_121151,108653
1015586_20210119_202949,108654
1015586_20210120_130305,108655
1015586_20210121_172320,108656
1015586_20210123_214719,108657
1015586_20210123_081914,108658
1015586_20210205_005641,108659
1015586_20210206_170025,108660
1015586_20210207_105959,108661
1015586_20210209_045157,108662
1015586_20210209_144736,108663
1015586_20210212_172358,108664
1015586_20210212_173331,108665
1015586_20210212_174922,108666
1015586_20210217_164328,108667
1015586_20210218_064751,108668
1015586_20210219_023950,108669
1015586_20210221_143305,108670
1015586_20210223_164117,108671
1015586_20210228_184705,108672
1015586_20210303_085504,108673
1015586_20210316_200319,108674
1015586_20210327_092120,108675
1015586_20210329_131943,108676
1015586_20210330_204507,108677
1015586_20210330_185115,108678
1015586_20210331_160741,108679
1015586_20210331_162549,108680
1015586_20210403_190902,108681
1015586_20210417_194305,108682
1015586_20210417_154726,108683
1015586_20210417_090707,108684
1015586_20210417_195529,108685
1015586_20210418_005846,108686
1015586_20210418_191252,108687
1015586_20210418_085034,108688
1015586_20210418_050652,108689
1015586_20210425_224200,108690
1015586_20210503_091315,108691
1015586_20210525_215456,108692
1015586_20210531_223941,108693
1015586_20210601_082224,108694
1015586_20210602_103624,108695
1015586_20210602_103238,108696
1015586_20210603_060931,108697
1015586_20210606_060733,108698
1015586_20210609_112751,108699
1015586_20210610_010452,108700
1015586_20210610_061712,108701
1015586_20210617_093902,108702
1015586_20210618_223031,108703
1015586_20210625_032647,108704
1015586_20210629_093609,108705
1015586_20210630_192657,108706
1015586_20210630_192525,108707
1015586_20210630_193342,108708
1015586_20210630_192931,108709
1015586_20210630_222820,108710
1015586_20210630_211905,108711
1015586_20210701_070705,108712
1015586_20210701_071644,108713
1015586_20210701_162717,108714
1015586_20210702_042352,108715
1015586_20210702_190436,108716
1015586_20210702_190748,108717
1015586_20210702_193209,108718
1015586_20210703_200043,108719
1015586_20210704_030627,108720
1015586_20210705_100014,108721
1015586_20210707_001955,108722
1015586_20210707_192620,108723
1015586_20210707_004022,108724
1015586_20210707_015217,108725
1015586_20210707_174513,108726
1015586_20210708_183806,108727
1015586_20210708_120004,108728
1015586_20210709_141131,108729
1015586_20210710_160942,108730
1015586_20210712_135754,108731
1015586_20210712_103705,108732
1015586_20210712_121724,108733
1015586_20210712_121802,108734
1015586_20210720_080728,108735
1015586_20210722_074933,108736
1015586_20210725_102827,108737
1015586_20210729_073732,108738
1015586_20210810_192513,108739
1015586_20210810_192916,108740
1015586_20210810_064502,108741
1015586_20210811_110746,108742
1015586_20210811_012945,108743
1015586_20210812_042739,108744
1015586_20210816_072605,108745
1015586_20210819_130901,108746
1015586_20210826_213003,108747
1015586_20210826_215311,108748
1015586_20210907_184209,108749
1015586_20210907_085533,108750
1015586_20210908_051958,108751
1015586_20210910_180509,108752
1015586_20210911_033246,108753
1015586_20210924_034259,108754
1015586_20210930_081722,108755
1015586_20211001_175406,108756
1015586_20211004_162854,108757
1015586_20211004_205530,108758
1015586_20211004_010042,108759
1015586_20211012_074338,108760
1015586_20211012_141711,108761
1015586_20211013_083611,108762
1015586_20211013_005349,108763
1015586_20211015_000837,108764
1015586_20211015_011831,108765
1015586_20211016_112109,108766
1015586_20211019_022840,108767
1015586_20211024_032802,108768
1015586_20211029_223338,108769
1015586_20211109_053643,108770
1015586_20211112_060927,108771
1015586_20211112_021725,108772
1015586_20211121_141340,108773
1015586_20211122_120121,108774
1015586_20211124_122658,108775
1015586_20211125_091336,108776
1015586_20211129_020536,108777
1015586_20211201_122125,108778
1015586_20211203_111604,108779
1015586_20211211_082410,108780
1015586_20211217_120707,108781
1015586_20211217_041533,108782
1015586_20211218_191246,108783
1015586_20211218_090003,108784
1015586_20211218_121405,108785
1015586_20211218_102606,108786
1015586_20211218_084000,108787
1015586_20211220_232140,108788
1015586_20211220_230830,108789
1015586_20211220_025216,108790
1015586_20211220_212001,108791
1015586_20211220_202054,108792
1015586_20211221_002802,108793
1015586_20211221_000657,108794
1015586_20211221_111013,108795
1015586_20211221_000532,108796
1015586_20211221_160555,108797
1015586_20211221_003223,108798
1015586_20211221_141133,108799
1015586_20211221_001411,108800
1015586_20211221_045549,108801
1015586_20211221_173349,108802
1015586_20211221_112225,108803
1015586_20211221_094014,108804
1015586_20211221_151216,108805
1015586_20211221_031056,108806
1015586_20211221_003725,108807
1015586_20211221_163952,108808
1015586_20211221_054449,108809
1015586_20211221_134948,108810
1015586_20211222_045333,108811
1015586_20211222_134052,108812
1015586_20211222_205217,108813
1015586_20211222_132301,108814
1015586_20211222_022531,108815
1015586_20211222_202430,108816
1015586_20211222_003348,108817
1015586_20211223_123947,108818
1015586_20211223_172759,108819
1015586_20211224_031505,108820
1015586_20211224_044823,108821
1015586_20211226_001630,108822
1015586_20211228_072107,108823
1015586_20211228_171915,108824
1015586_20211228_224052,108825
1015586_20211229_012217,108826
1015586_20211229_165129,108827
1015586_20211230_010130,108828
1015586_20211231_210808,108829
1015586_20211231_134611,108830
1015586_20211231_232015,108831
1015586_20211231_233604,108832
1015586_20211231_102603,108833
1015586_20220101_163122,108834
1015586_20220101_060548,108835
1015586_20220101_150630,108836
1015586_20220101_065317,108837
1015586_20220101_034616,108838
1015586_20220101_015243,108839
1015586_20220101_014657,108840
1015586_20220101_114909,108841
1015586_20220101_015323,108842
1015586_20220101_014834,108843
1015586_20220101_094108,108844
1015586_20220101_020256,108845
1015586_20220101_041215,108846
1015586_20220101_030537,108847
1015586_20220101_020103,108848
1015586_20220101_134911,108849
1015586_20220101_001843,108850
1015586_20220101_160551,108851
1015586_20220101_003515,108852
1015586_20220101_081925,108853
1015586_20220102_135716,108854
1015586_20220102_160426,108855
1015586_20220102_064908,108856
1015586_20220102_015353,108857
1015586_20220102_034208,108858
1015586_20220102_161044,108859
1015586_20220102_160256,108860
1015586_20220102_064934,108861
1015586_20220103_021647,108862
1015586_20220103_025257,108863
1015586_20220105_235328,108864
1015586_20220105_205100,108865
1015586_20220105_165302,108866
1015586_20220105_214037,108867
1015586_20220105_220243,108868
1015586_20220105_220539,108869
1015586_20220106_040728,108870
1015586_20220106_225521,108871
1015586_20220108_074121,108872
1015586_20220108_142734,108873
1015586_20220109_213729,108874
1015586_20220109_062909,108875
1015586_20220110_112849,108876
1015586_20220113_002208,108877
1015586_20220113_045916,108878
1015586_20220115_013652,108879
1015586_20220116_143928,108880
1015586_20220116_123049,108881
1015586_20220117_144549,108882
1015586_20220118_191917,108883
1015586_20220119_185806,108884
1015586_20220121_120657,108885
1015586_20220121_230554,108886
1015586_20220121_064645,108887
1015586_20220123_172624,108888
1015586_20220125_131109,108889
1015586_20220126_191423,108890
1015586_20220126_200136,108891
1015586_20220127_141442,108892
1015586_20220127_131306,108893
1015586_20220127_082731,108894
1015586_20220127_221315,108895
1015586_20220127_065021,108896
1015586_20220127_211103,108897
1015586_20220127_211613,108898
1015586_20220127_215542,108899
1015586_20220130_162118,108900
1015586_20220202_183735,108901
1015586_20220203_061401,108902
1015586_20220205_035525,108903
1015586_20220206_104436,108904
1015586_20220208_020412,108905
1015586_20220208_223946,108906
1015586_20220213_053516,108907
1015586_20220214_072920,108908
1015586_20220214_050755,108909
1015586_20220216_171554,108910
1015586_20220217_231642,108911
1015586_20220218_153338,108912
1015586_20220219_011702,108913
1015586_20220219_022448,108914
1015586_20220221_225310,108915
1015586_20220221_191909,108916
1015586_20220222_155646,108917
1015586_20220222_223359,108918
1015586_20220224_104146,108919
1015586_20220225_230733,108920
1015586_20220225_160605,108921
1015586_20220228_045717,108922
1015586_20220228_011123,108923
1015586_20220301_190043,108924
1015586_20220305_072447,108925
1015586_20220306_144127,108926
1015586_20220308_104332,108927
1015586_20220308_150538,108928
1015586_20220309_230123,108929
1015586_20220309_124347,108930
1015586_20220310_233122,108931
1015586_20220311_035517,108932
1015586_20220314_212027,108933
1015586_20220318_014946,108934
1015586_20220319_222837,108935
1015586_20220320_142950,108936
1015586_20220320_205017,108937
1015586_20220321_152514,108938
1015586_20220321_135923,108939
1015586_20220323_123203,108940
1015586_20220323_200819,108941
1015586_20220325_042306,108942
1015586_20220329_233809,108943
1015586_20220330_083544,108944
1015586_20220402_033315,108945
1015586_20220407_111009,108946
1015586_20220409_195311,108947
1015586_20220409_143819,108948
1015586_20220410_083007,108949
1015586_20220411_045323,108950
1015586_20220413_091730,108951
1015586_20220413_093206,108952
1015586_20220414_084022,108953
1015586_20220415_191853,108954
1015586_20220415_052459,108955
1015586_20220415_142229,108956
1015586_20220416_062522,108957
1015586_20220417_052853,108958
1015586_20220418_002920,108959
1015586_20220418_121246,108960
1015586_20220419_103445,108961
1015586_20220420_030432,108962
1015586_20220424_214027,108963
1015586_20220425_102318,108964
1015586_20220427_061930,108965
1015586_20220427_031258,108966
1015586_20220427_162125,108967
1015586_20220428_055755,108968
1015586_20220428_184510,108969
1015586_20220510_130507,108970
1015586_20220511_013213,108971
1015586_20220511_103701,108972
1015586_20220511_183645,108973
1015586_20220513_014001,108974
1015586_20220515_142323,108975
1015586_20220516_104915,108976
1015586_20220517_213024,108977
1015586_20220517_220610,108978
1015586_20220518_081939,108979
1015586_20220520_162039,108980
1015586_20220526_140600,108981
1015586_20220526_032429,108982
1015586_20220527_091419,108983
1015586_20220528_072247,108984
1015586_20220529_135555,108985
1015586_20220529_134000,108986
1015586_20220602_205446,108987
1015586_20220603_090325,108988
1015586_20220605_024708,108989
1015586_20220606_083029,108990
1015586_20220607_132632,108991
1015586_20220609_064737,108992
1015586_20220614_185548,108993
1015586_20220622_093040,108994
1015586_20220622_133619,108995
1015586_20220624_132959,108996
1015586_20220628_094535,108997
1015586_20220701_120745,108998
1015586_20220702_100014,108999
1015586_20220704_003923,109000
1015586_20220705_032304,109001
1015586_20220710_232928,109002
1015586_20220714_003041,109003
1015586_20220717_113514,109004
1015586_20220721_132501,109005
1015586_20220722_150627,109006
1015586_20220723_052327,109007
1015586_20220725_042934,109008
1015586_20220729_072208,109009
1015586_20220730_141528,109010
1015586_20220802_102500,109011
1015586_20220805_020216,109012
1015586_20220806_054716,109013
1015586_20220813_060705,109014
1015586_20220816_120243,109015
1015586_20220818_032301,109016
1015586_20220821_112727,109017
1015586_20220822_044800,109018
1015586_20220823_111537,109019
1015586_20220827_130544,109020
1015586_20220827_091844,109021
1015586_20220828_155113,109022
1015586_20220829_185744,109023
1015586_20220830_092656,109024
1015586_20220911_220121,109025
1015586_20220912_082928,109026
1015586_20220912_035243,109027
1015586_20220918_014924,109028
1015586_20220919_171943,109029
1015586_20220925_084415,109030
1015586_20220928_164940,109031
1015586_20221001_134139,109032
1015586_20221004_054214,109033
1015586_20221006_085456,109034
1015586_20221007_181836,109035
1015586_20221007_074809,109036
1015586_20221009_162455,109037
1015586_20221011_185044,109038
1015586_20221013_135024,109039
1015586_20221014_171408,109040
1015586_20221015_084549,109041
1015586_20221016_233559,109042
1015586_20221104_051152,109043
1015586_20221112_034027,109044
1015586_20221112_143534,109045
1015586_20221114_085117,109046
1015586_20221114_162109,109047
1015586_20221115_093543,109048
1015586_20221115_171221,109049
1015586_20221116_055841,109050
1015586_20221117_010005,109051
1015586_20221118_224017,109052
1015586_20221119_192621,109053
1015586_20221119_113031,109054
1015586_20221120_085254,109055
1015586_20221120_161840,109056
1015586_20221120_122250,109057
1015586_20221124_005333,109058
1015586_20221125_191218,109059
1015586_20221128_174145,109060
1015586_20221128_161241,109061
1015586_20221129_113616,109062
1015586_20221129_234330,109063
1015586_20221129_212914,109064
1015586_20221130_020802,109065
1015586_20221130_140804,109066
1009113_20180215_235900,109067
1009113_20210409_231231,109068
1009113_20210626_112703,109069
1013423_20180216_141236,109070
1013423_20180316_134755,109071
1013423_20180319_111454,109072
1013423_20180331_070513,109073
1013423_20180414_001534,109074
1013423_20180504_031959,109075
1013423_20180506_104301,109076
1013423_20180506_195401,109077
1013423_20180508_114953,109078
1013423_20180521_144954,109079
1013423_20180621_181257,109080
1013423_20180628_162500,109081
1013423_20180701_013116,109082
1013423_20180702_094159,109083
1013423_20180702_180130,109084
1013423_20180702_153927,109085
1013423_20180702_175737,109086
1013423_20180711_200042,109087
1013423_20180715_082433,109088
1013423_20180719_063234,109089
1013423_20180728_215404,109090
1013423_20180802_020221,109091
1013423_20180802_020115,109092
1013423_20180807_194120,109093
1013423_20180813_210223,109094
1013423_20180905_122319,109095
1013423_20180905_183132,109096
1013423_20180929_055507,109097
1013423_20181012_205759,109098
1013423_20181017_201750,109099
1013423_20181031_143703,109100
1013423_20181031_160213,109101
1013423_20181105_121139,109102
1013423_20181110_104659,109103
1013423_20181122_154418,109104
1013423_20181203_100501,109105
1013423_20181208_105740,109106
1013423_20181208_110119,109107
1013423_20181209_183531,109108
1013423_20190101_102633,109109
1013423_20190116_154311,109110
1013423_20190119_220742,109111
1013423_20190202_094825,109112
1013423_20190204_095537,109113
1013423_20190217_023823,109114
1013423_20190223_065255,109115
1013423_20190315_030028,109116
1013423_20190320_040402,109117
1013423_20190403_021720,109118
1013423_20190406_233040,109119
1013423_20190409_230102,109120
1013423_20190409_230433,109121
1013423_20190412_110531,109122
1013423_20190413_172309,109123
1013423_20190428_181754,109124
1013423_20190508_195219,109125
1013423_20190530_022018,109126
1013423_20190618_030042,109127
1013423_20190707_122011,109128
1013423_20190824_231227,109129
1013423_20190826_160129,109130
1013423_20190826_204809,109131
1013423_20190827_015523,109132
1013423_20190901_204932,109133
1013423_20190926_182656,109134
1013423_20190928_140151,109135
1013423_20191001_225942,109136
1013423_20191006_231737,109137
1013423_20191006_232047,109138
1013423_20191006_185309,109139
1013423_20191006_233004,109140
1013423_20191007_001007,109141
1013423_20191007_002103,109142
1013423_20191007_093721,109143
1013423_20191007_092431,109144
1013423_20191007_221656,109145
1013423_20191008_040945,109146
1013423_20191010_145146,109147
1013423_20191017_133135,109148
1013423_20191023_103941,109149
1013423_20191026_124507,109150
1013423_20191026_224611,109151
1013423_20191030_063835,109152
1013423_20191109_174922,109153
1013423_20191128_194111,109154
1013423_20200129_200223,109155
1013423_20200129_081218,109156
1013423_20200219_062352,109157
1013423_20200219_024908,109158
1013423_20200226_092118,109159
1013423_20200227_011534,109160
1013423_20200314_212633,109161
1013423_20200328_170717,109162
1013423_20200508_115720,109163
1013423_20200523_141048,109164
1013423_20200526_111744,109165
1013423_20200601_130356,109166
1013423_20200601_171514,109167
1013423_20200609_095942,109168
1013423_20200609_024707,109169
1013423_20200705_014916,109170
1013423_20200718_002523,109171
1013423_20200726_124507,109172
1013423_20200809_000425,109173
1013423_20200819_100747,109174
1013423_20200907_010536,109175
1013423_20200920_203323,109176
1013423_20201016_152553,109177
1013423_20201030_052453,109178
1013423_20201212_143659,109179
1013423_20201218_235704,109180
1013423_20201225_221129,109181
1013423_20201231_105726,109182
1013423_20210105_010730,109183
1013423_20210106_044135,109184
1013423_20210121_015143,109185
1013423_20210122_031843,109186
1013423_20210129_174954,109187
1013423_20210221_085851,109188
1013423_20210307_023945,109189
1013423_20210310_212701,109190
1013423_20210310_214644,109191
1013423_20210331_083048,109192
1013423_20210402_090040,109193
1013423_20210402_125212,109194
1013423_20210402_135132,109195
1013423_20210402_103049,109196
1013423_20210402_093122,109197
1013423_20210403_050841,109198
1013423_20210405_081510,109199
1013423_20210405_203412,109200
1013423_20210405_202726,109201
1013423_20210406_063530,109202
1013423_20210407_221012,109203
1013423_20210408_042520,109204
1013423_20210410_010055,109205
1013423_20210411_225220,109206
1013423_20210419_055954,109207
1013423_20210514_181350,109208
1013423_20210518_084712,109209
1013423_20210525_143535,109210
1013423_20210608_040410,109211
1013423_20210613_085511,109212
1013423_20210630_203648,109213
1013423_20210701_171611,109214
1013423_20210714_202359,109215
1013423_20210718_032237,109216
1013423_20210725_035732,109217
1013423_20210725_043402,109218
1013423_20210725_103436,109219
1013423_20210725_082937,109220
1013423_20210801_130912,109221
1013423_20210804_081532,109222
1013423_20210817_000608,109223
1013423_20211011_113059,109224
1013423_20211012_131342,109225
1013423_20211028_164357,109226
1013423_20211127_160625,109227
1013423_20211129_132206,109228
1013423_20211220_204256,109229
1013423_20211220_220957,109230
1013423_20211220_204748,109231
1013423_20211220_203011,109232
1013423_20211220_205516,109233
1013423_20211220_211405,109234
1013423_20211220_201239,109235
1013423_20211221_170222,109236
1013423_20211221_031238,109237
1013423_20211221_051542,109238
1013423_20211221_071624,109239
1013423_20211221_101315,109240
1013423_20211221_190210,109241
1013423_20211221_022324,109242
1013423_20211221_005017,109243
1013423_20211221_043557,109244
1013423_20211221_020804,109245
1013423_20211221_130126,109246
1013423_20211221_065617,109247
1013423_20211221_090355,109248
1013423_20211221_003439,109249
1013423_20211221_100327,109250
1013423_20211221_034802,109251
1013423_20211221_011142,109252
1013423_20211221_011038,109253
1013423_20211221_010939,109254
1013423_20211221_023241,109255
1013423_20211222_060507,109256
1013423_20211222_082324,109257
1013423_20211222_043554,109258
1013423_20211222_042244,109259
1013423_20211222_181817,109260
1013423_20211222_054827,109261
1013423_20211223_010840,109262
1013423_20211223_192709,109263
1013423_20211223_190446,109264
1013423_20211223_154053,109265
1013423_20211223_222315,109266
1013423_20211223_204518,109267
1013423_20211223_033130,109268
1013423_20211223_191633,109269
1013423_20211224_142229,109270
1013423_20211224_021842,109271
1013423_20211224_095601,109272
1013423_20211224_024914,109273
1013423_20211224_023827,109274
1013423_20211226_072810,109275
1013423_20211227_081830,109276
1013423_20211227_022146,109277
1013423_20211228_212317,109278
1013423_20211228_230328,109279
1013423_20211228_080341,109280
1013423_20211230_133531,109281
1013423_20211230_225154,109282
1013423_20211230_212305,109283
1013423_20211231_145018,109284
1013423_20211231_181543,109285
1013423_20220101_101759,109286
1013423_20220102_095527,109287
1013423_20220103_021439,109288
1013423_20220109_010605,109289
1013423_20220110_153912,109290
1013423_20220114_044149,109291
1013423_20220115_071933,109292
1013423_20220117_204241,109293
1013423_20220123_082312,109294
1013423_20220129_080310,109295
1013423_20220210_110225,109296
1013423_20220221_174842,109297
1013423_20220221_194657,109298
1013423_20220226_164619,109299
1013423_20220326_014535,109300
1013423_20220421_090055,109301
1013423_20220501_035252,109302
1013423_20220519_002810,109303
1013423_20220603_204606,109304
1013423_20220629_235810,109305
1013423_20220702_155731,109306
1013423_20220923_015602,109307
1013423_20220923_030249,109308
1013423_20221111_163724,109309
1013423_20221116_173656,109310
1016146_20180217_213932,109311
1016517_20180217_073707,109312
1016517_20180218_070438,109313
1016517_20180510_075437,109314
1016517_20180510_075458,109315
1016517_20180812_020602,109316
1016517_20180907_124723,109317
1016517_20181010_040339,109318
1016517_20190129_170750,109319
1016517_20190307_174649,109320
1016517_20190915_070615,109321
1016517_20200103_033214,109322
1016517_20200319_002108,109323
1016517_20200526_115420,109324
1016517_20200529_054742,109325
1016517_20200708_030451,109326
1016517_20200826_070515,109327
1016517_20201105_014006,109328
1016517_20201218_161346,109329
1016517_20210530_165944,109330
1016517_20211007_232225,109331
1016517_20211220_204027,109332
1016517_20211220_211337,109333
1016517_20211220_214902,109334
1016517_20211220_203624,109335
1016517_20211220_232602,109336
1016517_20211220_214138,109337
1016517_20211220_224037,109338
1016517_20211220_212535,109339
1016517_20211220_204545,109340
1016517_20211220_210323,109341
1016517_20211220_214718,109342
1016517_20211220_221320,109343
1016517_20211220_211013,109344
1016517_20211221_015506,109345
1016517_20211221_094418,109346
1016517_20211221_022524,109347
1016517_20211221_114119,109348
1016517_20211221_010814,109349
1016517_20211221_004622,109350
1016517_20211221_003115,109351
1016517_20211221_120249,109352
1016517_20211221_095128,109353
1016517_20211221_093347,109354
1016517_20211221_144423,109355
1016517_20211221_012016,109356
1016517_20211221_141619,109357
1016517_20211221_032944,109358
1016517_20211221_021436,109359
1016517_20211221_062358,109360
1016517_20211222_010415,109361
1016517_20211222_084109,109362
1016517_20211222_085811,109363
1016517_20211222_233440,109364
1016517_20211225_202036,109365
1016517_20211225_155502,109366
1016517_20211225_223213,109367
1016517_20211225_122035,109368
1016517_20211226_042434,109369
1016517_20211227_015209,109370
1016517_20211227_042257,109371
1016517_20211228_231324,109372
1016517_20211231_174201,109373
1016517_20211231_180848,109374
1016517_20220102_194112,109375
1016517_20220103_195717,109376
1016517_20220106_040509,109377
1016517_20220110_095444,109378
1016517_20220113_100835,109379
1016517_20220117_140708,109380
1016517_20220218_065708,109381
1016517_20220411_003319,109382
1016517_20220501_063316,109383
1016517_20220913_000512,109384
1017682_20180217_055118,109385
1017682_20180404_162217,109386
1017682_20180404_162446,109387
1017682_20180409_002446,109388
1017682_20180519_095710,109389
1017682_20180616_204056,109390
1017682_20180704_142307,109391
1017682_20180705_024250,109392
1017682_20180713_060755,109393
1017682_20180930_124806,109394
1017682_20181001_112736,109395
1017682_20181015_055530,109396
1017682_20181209_223528,109397
1017682_20181216_040615,109398
1017682_20181216_040820,109399
1017682_20190113_040520,109400
1017682_20190218_124953,109401
1017682_20190316_162431,109402
1017682_20190319_224454,109403
1017682_20190325_192825,109404
1017682_20190602_142340,109405
1017682_20190915_211339,109406
1017682_20190924_185604,109407
1017682_20191019_074838,109408
1017682_20191028_075141,109409
1017682_20191125_050115,109410
1017682_20200223_001049,109411
1017682_20200318_223956,109412
1017682_20200322_201413,109413
1017682_20200402_200512,109414
1017682_20200428_224641,109415
1017682_20200617_221811,109416
1017682_20200618_090905,109417
1017682_20200730_173902,109418
1017682_20200802_230324,109419
1017682_20200913_124525,109420
1017682_20201012_020017,109421
1017682_20201219_011149,109422
1017682_20210317_014922,109423
1017682_20210416_013010,109424
1017682_20210527_190355,109425
1017682_20210609_134949,109426
1017682_20210610_165749,109427
1017682_20210710_004641,109428
1017682_20210718_164241,109429
1017682_20211103_030549,109430
1017682_20211220_201058,109431
1017682_20211220_205940,109432
1017682_20211220_203852,109433
1017682_20211220_214729,109434
1017682_20211220_214747,109435
1017682_20211220_204354,109436
1017682_20211220_201629,109437
1017682_20211221_022602,109438
1017682_20211221_033046,109439
1017682_20211221_190518,109440
1017682_20211221_014320,109441
1017682_20211221_214157,109442
1017682_20211221_074628,109443
1017682_20211221_233948,109444
1017682_20211221_061222,109445
1017682_20211221_131247,109446
1017682_20211221_052029,109447
1017682_20211221_125656,109448
1017682_20211221_044519,109449
1017682_20211221_000452,109450
1017682_20211221_025652,109451
1017682_20211221_014200,109452
1017682_20211221_025237,109453
1017682_20211221_200612,109454
1017682_20211221_091330,109455
1017682_20211221_070627,109456
1017682_20211221_072956,109457
1017682_20211221_080141,109458
1017682_20211222_115726,109459
1017682_20211222_201758,109460
1017682_20211223_084422,109461
1017682_20211223_032039,109462
1017682_20211225_011138,109463
1017682_20211226_100121,109464
1017682_20211226_232059,109465
1017682_20211227_014045,109466
1017682_20211227_010916,109467
1017682_20211228_125720,109468
1017682_20211229_162056,109469
1017682_20211229_230857,109470
1017682_20220102_220009,109471
1017682_20220102_072602,109472
1017682_20220102_045331,109473
1017682_20220102_081705,109474
1017682_20220106_004742,109475
1017682_20220108_010753,109476
1017682_20220113_133723,109477
1017682_20220114_162117,109478
1017682_20220115_162008,109479
1017682_20220118_010522,109480
1017682_20220128_071222,109481
1017682_20220129_105948,109482
1017682_20220130_222508,109483
1017682_20220213_130033,109484
1017682_20220225_040334,109485
1017682_20220310_180850,109486
1017682_20220412_005420,109487
1017682_20220415_094342,109488
1017682_20220518_010533,109489
1017682_20220623_153726,109490
1017682_20220827_001755,109491
1017682_20220912_111651,109492
1017682_20221103_192057,109493
1017682_20221117_183003,109494
1010775_20180219_195022,109495
1012073_20180219_024011,109496
1012073_20180221_043040,109497
1012073_20180301_094613,109498
1012073_20180303_135501,109499
1012073_20180529_203946,109500
1012073_20180624_060236,109501
1012073_20180628_112131,109502
1012073_20180702_081354,109503
1012073_20180704_142505,109504
1012073_20180704_142409,109505
1012073_20180712_080401,109506
1012073_20180818_063553,109507
1012073_20180827_060121,109508
1012073_20180902_195332,109509
1012073_20180919_093629,109510
1012073_20180919_091412,109511
1012073_20181001_110314,109512
1012073_20181117_115017,109513
1012073_20181122_155612,109514
1012073_20181122_194436,109515
1012073_20181227_211603,109516
1012073_20190122_070450,109517
1012073_20190203_212336,109518
1012073_20190301_080228,109519
1012073_20190413_064459,109520
1012073_20190524_073247,109521
1012073_20190715_144754,109522
1012073_20190728_070412,109523
1012073_20190728_101257,109524
1012073_20190728_201256,109525
1012073_20190729_162300,109526
1012073_20190811_175739,109527
1012073_20190811_153004,109528
1012073_20190908_114558,109529
1012073_20191023_131751,109530
1012073_20191031_223843,109531
1012073_20191105_225325,109532
1012073_20191230_184817,109533
1012073_20200105_184429,109534
1012073_20200121_225026,109535
1012073_20200121_182929,109536
1012073_20200121_181750,109537
1012073_20200121_233535,109538
1012073_20200121_182254,109539
1012073_20200121_181712,109540
1012073_20200320_235502,109541
1012073_20200320_235804,109542
1012073_20200401_231128,109543
1012073_20200419_004952,109544
1012073_20200508_042134,109545
1012073_20200516_021800,109546
1012073_20200601_030330,109547
1012073_20200601_110612,109548
1012073_20200605_220056,109549
1012073_20200605_044529,109550
1012073_20200612_194840,109551
1012073_20200614_022112,109552
1012073_20200618_090731,109553
1012073_20200621_061510,109554
1012073_20200622_062641,109555
1012073_20200713_225058,109556
1012073_20200715_083642,109557
1012073_20200723_061146,109558
1012073_20200725_133247,109559
1012073_20200725_133452,109560
1012073_20200725_035956,109561
1012073_20200816_172803,109562
1012073_20200829_230753,109563
1012073_20200829_231040,109564
1012073_20200829_230811,109565
1012073_20200830_020135,109566
1012073_20200903_014422,109567
1012073_20201017_174807,109568
1012073_20201102_212501,109569
1012073_20201105_214403,109570
1012073_20201115_231438,109571
1012073_20201120_032053,109572
1012073_20210317_102746,109573
1012073_20210325_104503,109574
1012073_20210403_094455,109575
1012073_20210416_013132,109576
1012073_20210416_013356,109577
1012073_20210426_070131,109578
1012073_20210429_071459,109579
1012073_20210502_053105,109580
1012073_20210707_085631,109581
1012073_20210717_080511,109582
1012073_20210807_065919,109583
1012073_20210812_012916,109584
1012073_20210812_043123,109585
1012073_20210812_010623,109586
1012073_20210812_014021,109587
1012073_20210812_013853,109588
1012073_20210812_011146,109589
1012073_20210812_070710,109590
1012073_20210812_033408,109591
1012073_20210822_071257,109592
1012073_20210823_190658,109593
1012073_20210909_153613,109594
1012073_20210925_215049,109595
1012073_20210925_194157,109596
1012073_20210926_030848,109597
1012073_20210926_044900,109598
1012073_20210926_045901,109599
1012073_20210926_030806,109600
1012073_20210926_064703,109601
1012073_20211008_213911,109602
1012073_20211010_083654,109603
1012073_20211016_095135,109604
1012073_20211119_080405,109605
1012073_20211205_234306,109606
1012073_20211219_161538,109607
1012073_20220102_215843,109608
1012073_20220115_092621,109609
1012073_20220221_040643,109610
1012073_20220326_041320,109611
1012073_20220327_033044,109612
1012073_20220403_233353,109613
1012073_20220421_191407,109614
1012073_20220604_031702,109615
1012073_20220721_004418,109616
1012073_20220807_224434,109617
1012073_20220810_022053,109618
1012073_20221001_181527,109619
1015761_20180219_143236,109620
1015761_20181026_095206,109621
1015761_20181027_005532,109622
1015761_20181104_004007,109623
1015761_20181104_115731,109624
1015761_20181105_072807,109625
1015761_20190313_001848,109626
1015761_20191129_000230,109627
1015761_20191129_000745,109628
1015761_20200318_044058,109629
1015761_20201119_175725,109630
1015761_20201122_205522,109631
1015761_20220123_163025,109632
1015761_20220123_165119,109633
1015761_20221021_104628,109634
1009131_20180220_095713,109635
1009131_20180823_052016,109636
1009131_20181111_055820,109637
1009131_20201028_012323,109638
1009131_20210612_061033,109639
1009131_20210709_065117,109640
1009131_20211222_023437,109641
1018733_20180221_140418,109642
1018733_20180301_094021,109643
1018733_20180301_100245,109644
1018733_20180710_020142,109645
1018733_20180827_033740,109646
1018733_20181020_081251,109647
1018733_20181231_023955,109648
1018733_20190203_171251,109649
1018733_20190227_125154,109650
1018733_20190302_060343,109651
1018733_20190805_134810,109652
1018733_20190805_140742,109653
1018733_20190810_052956,109654
1018733_20190825_204030,109655
1018733_20190907_185443,109656
1018733_20200123_024622,109657
1018733_20200123_014025,109658
1018733_20200124_125818,109659
1018733_20200315_005554,109660
1018733_20200319_130223,109661
1018733_20200404_125514,109662
1018733_20200809_032401,109663
1018733_20200809_000042,109664
1018733_20200906_191519,109665
1018733_20201120_230537,109666
1018733_20201208_195059,109667
1018733_20210113_202755,109668
1018733_20210123_180758,109669
1018733_20210204_080406,109670
1018733_20210208_104243,109671
1018733_20210219_134936,109672
1018733_20210428_095653,109673
1018733_20210509_164450,109674
1018733_20210611_133737,109675
1018733_20210813_030314,109676
1018733_20210830_051112,109677
1018733_20211013_001157,109678
1018733_20211015_233600,109679
1018733_20211220_210009,109680
1018733_20211220_212702,109681
1018733_20211221_041142,109682
1018733_20211221_052713,109683
1018733_20211221_095444,109684
1018733_20211221_034518,109685
1018733_20211221_143211,109686
1018733_20211221_074938,109687
1018733_20211221_003329,109688
1018733_20211221_014747,109689
1018733_20211221_073644,109690
1018733_20211230_170259,109691
1018733_20220505_195840,109692
1018733_20220805_210256,109693
1018733_20220829_034727,109694
1009463_20180222_063826,109695
1009463_20180222_053357,109696
1009463_20180222_053528,109697
1009463_20180222_054234,109698
1009463_20191204_183458,109699
1009463_20191209_044622,109700
1009463_20201128_044125,109701
1009463_20201128_042830,109702
1009463_20210328_112131,109703
1011029_20180223_140519,109704
1011029_20180302_005328,109705
1011029_20180418_104318,109706
1011029_20180513_164829,109707
1011029_20190831_143750,109708
1011029_20200912_091003,109709
1011029_20211021_163057,109710
1011029_20211021_162318,109711
1011029_20211223_204615,109712
1011029_20220921_220200,109713
1011029_20221028_065229,109714
nc73824491_20180223_125743,109715
nc73824491_20180223_145935,109716
nc73824491_20201219_195056,109717
nc73826156_20180223_041335,109718
1013452_20180225_174306,109719
1013452_20180323_035511,109720
1013452_20180806_102508,109721
1013452_20180806_124429,109722
1013452_20180806_102245,109723
1013452_20180819_104452,109724
1013452_20191021_021444,109725
1013452_20191104_172820,109726
1013452_20200212_023243,109727
1013452_20200318_222348,109728
1013452_20210722_123841,109729
1013452_20210821_072112,109730
1013452_20211013_224307,109731
1013452_20220704_160942,109732
1013452_20220705_110327,109733
1013452_20220712_051747,109734
1013606_20180225_100256,109735
1013606_20180722_164815,109736
1013606_20180830_200608,109737
1013606_20190807_125551,109738
1013606_20200530_150602,109739
1013606_20201105_210929,109740
1013606_20211015_191007,109741
1016629_20180225_093033,109742
1016629_20180330_001028,109743
1016629_20180618_085003,109744
1016629_20180708_124701,109745
1016629_20190918_172400,109746
1016629_20191018_070924,109747
1016629_20191106_114228,109748
1016629_20200720_180931,109749
1016629_20210617_123513,109750
1016629_20210624_025834,109751
1016629_20211010_013906,109752
1016629_20211012_153558,109753
1016629_20211016_020557,109754
1016629_20211016_031243,109755
1016629_20211016_031428,109756
1016629_20211117_053123,109757
1016629_20211216_023444,109758
1016629_20211221_163851,109759
1016629_20211231_091328,109760
1016629_20220106_185023,109761
1016629_20220107_231411,109762
1016629_20220221_030224,109763
1016629_20220313_221028,109764
1016629_20220618_120149,109765
1016629_20220618_120020,109766
1016629_20220902_015306,109767
1016629_20220915_015209,109768
1016629_20221011_130237,109769
1016629_20221110_014558,109770
1016629_20221118_011846,109771
nc73887531_20180225_171637,109772
1016174_20180227_072101,109773
1016174_20200129_185553,109774
1016174_20210616_135843,109775
1016174_20210922_072840,109776
1016174_20211105_101245,109777
1016174_20211216_185257,109778
1016174_20220213_065048,109779
1016174_20220214_083021,109780
1016174_20220225_145107,109781
1016174_20220613_034232,109782
1016174_20220705_162354,109783
1016174_20220712_090949,109784
nc73817481_20180227_121017,109785
nc73817481_20211103_004014,109786
nc73817481_20211221_011623,109787
nc73817481_20211223_033615,109788
nc73817481_20211231_100305,109789
1014398_20180228_141836,109790
1014398_20180228_145826,109791
1014398_20180307_151700,109792
1014398_20180531_195721,109793
1014398_20180602_022523,109794
1014398_20180603_131353,109795
1014398_20180603_050143,109796
1014398_20181226_005520,109797
1014398_20190102_000846,109798
1014398_20190203_045542,109799
1014398_20190204_041918,109800
1014398_20190204_040626,109801
1014398_20190204_030616,109802
1014398_20190204_082151,109803
1014398_20190204_065417,109804
1014398_20190204_102938,109805
1014398_20190204_223356,109806
1014398_20190204_042810,109807
1014398_20190204_164118,109808
1014398_20190204_025054,109809
1014398_20190204_161222,109810
1014398_20190205_001216,109811
1014398_20190205_010346,109812
1014398_20190206_165650,109813
1014398_20190223_180911,109814
1014398_20190303_042540,109815
1014398_20190414_131848,109816
1014398_20190414_085825,109817
1014398_20190508_223109,109818
1014398_20190510_155704,109819
1014398_20190705_210838,109820
1014398_20190923_013554,109821
1014398_20191001_091900,109822
1014398_20191109_124538,109823
1014398_20191109_122054,109824
1014398_20191109_130136,109825
1014398_20191231_123416,109826
1014398_20191231_112558,109827
1014398_20200502_200252,109828
1014398_20200525_053104,109829
1014398_20200618_100219,109830
1014398_20200827_084836,109831
1014398_20201119_000155,109832
1014398_20201219_234353,109833
1014398_20201222_135655,109834
1014398_20201222_023125,109835
1014398_20210306_054950,109836
1014398_20210307_092935,109837
1014398_20210322_142821,109838
1014398_20210322_164307,109839
1014398_20210322_151946,109840
1014398_20210327_201140,109841
1014398_20210328_083814,109842
1014398_20210328_051946,109843
1014398_20210328_113724,109844
1014398_20210328_013153,109845
1014398_20210523_161408,109846
1014398_20210623_210932,109847
1014398_20210709_150127,109848
1014398_20210712_232224,109849
1014398_20210717_023454,109850
1014398_20220107_181614,109851
1014398_20220429_225145,109852
1014398_20220512_090320,109853
1014398_20220710_150817,109854
1014398_20220803_221141,109855
1014398_20220928_084251,109856
1014398_20220928_083911,109857
1014398_20221009_082300,109858
1014398_20221021_041820,109859
1014398_20221027_194636,109860
1014398_20221121_181332,109861
1014398_20221122_051200,109862
1014398_20221122_051234,109863
1012952_20180301_071339,109864
1012952_20210416_212824,109865
1012952_20211209_063826,109866
nc73827581_20180301_014140,109867
nc73827581_20180807_220844,109868
nc73827581_20190430_005344,109869
nc73827581_20200128_130409,109870
nc73827581_20211003_161007,109871
nc73827581_20211005_074933,109872
nc73827581_20211005_075142,109873
nc73827581_20211007_164030,109874
nc73827581_20211007_054752,109875
nc73827581_20211007_191622,109876
nc73827581_20211007_031748,109877
nc73827581_20211007_031210,109878
nc73827581_20211007_121050,109879
nc73827581_20211007_100341,109880
nc73827581_20211007_124405,109881
nc73827581_20211007_024011,109882
nc73827581_20211007_112214,109883
nc73827581_20211007_075558,109884
nc73827581_20211007_102801,109885
nc73827581_20211007_103045,109886
nc73827581_20211007_133702,109887
nc73827581_20211007_055019,109888
nc73827581_20211008_013416,109889
1015795_20180302_035406,109890
1015795_20180316_160729,109891
1015795_20180323_031238,109892
1015795_20180602_021759,109893
1015795_20180602_123626,109894
1015795_20180627_132552,109895
1015795_20180707_204752,109896
1015795_20180728_040447,109897
1015795_20180812_132017,109898
1015795_20180824_084812,109899
1015795_20190828_095802,109900
1015795_20191111_180356,109901
1015795_20191123_053251,109902
1015795_20200225_103011,109903
1015795_20200312_124702,109904
1015795_20200425_061534,109905
1015795_20210531_005849,109906
1015795_20210627_084804,109907
1015795_20210703_043220,109908
1015795_20210707_114955,109909
1015795_20210912_132732,109910
1015795_20211004_071343,109911
1015795_20211221_233558,109912
1015795_20220102_141120,109913
1015795_20220323_053303,109914
1015795_20220626_180623,109915
1015795_20220722_210021,109916
1015795_20220808_071541,109917
1015795_20221122_230532,109918
1014861_20180303_205930,109919
1008525_20180305_183541,109920
1008525_20180305_183943,109921
1008525_20180305_183535,109922
1008525_20180305_183916,109923
1008525_20190327_013721,109924
1008525_20191109_205034,109925
1008525_20200131_215131,109926
1008525_20200420_093528,109927
1008525_20200625_100437,109928
1008525_20200628_025927,109929
1008525_20210924_003350,109930
nc73822301_20180305_123336,109931
1013859_20180306_232152,109932
1014224_20180306_075436,109933
1014224_20180705_135825,109934
1014224_20190129_005728,109935
1014224_20190217_171200,109936
1014224_20190827_134145,109937
1014224_20190916_204147,109938
1014224_20191205_110545,109939
1014224_20200219_042917,109940
1014224_20200422_193622,109941
1014224_20200507_020809,109942
1014224_20210810_160909,109943
1014224_20210827_014405,109944
1014224_20211130_005156,109945
1014224_20211205_192734,109946
1014224_20220108_111511,109947
1014224_20220124_182631,109948
1014224_20220124_185122,109949
1014224_20220124_173340,109950
1014224_20220129_065112,109951
1014224_20220129_211039,109952
1014224_20220130_120201,109953
1014224_20220704_183737,109954
1010034_20180308_053851,109955
1010034_20190316_035500,109956
1010034_20191214_230940,109957
1010034_20200831_171335,109958
1010034_20220912_060857,109959
1013822_20180308_055003,109960
1013822_20210403_021602,109961
1013822_20211126_105941,109962
1013822_20211220_203348,109963
1013822_20211220_235207,109964
1013822_20211227_213848,109965
nc73858110_20180308_151523,109966
nc73858110_20180414_024419,109967
nc73858110_20180415_183839,109968
nc73858110_20180531_111330,109969
nc73858110_20180918_065438,109970
nc73858110_20180918_074740,109971
nc73858110_20181102_135556,109972
nc73858110_20190203_184438,109973
nc73858110_20190203_074409,109974
nc73858110_20190203_121752,109975
nc73858110_20190203_162237,109976
nc73858110_20190203_102604,109977
nc73858110_20190203_232831,109978
nc73858110_20190203_062020,109979
nc73858110_20190203_085615,109980
nc73858110_20190203_121916,109981
nc73858110_20190203_123143,109982
nc73858110_20190203_221815,109983
nc73858110_20190204_035817,109984
nc73858110_20190204_063758,109985
nc73858110_20190204_102717,109986
nc73858110_20190204_073132,109987
nc73858110_20190204_092100,109988
nc73858110_20190204_102700,109989
nc73858110_20190204_022723,109990
nc73858110_20190204_211859,109991
nc73858110_20190204_112428,109992
nc73858110_20190204_080529,109993
nc73858110_20190204_145101,109994
nc73858110_20190205_051629,109995
nc73858110_20190211_194908,109996
nc73858110_20190219_051439,109997
nc73858110_20190219_044905,109998
nc73858110_20190314_092333,109999
nc73858110_20190602_183719,110000
nc73858110_20190602_195854,110001
nc73858110_20190603_005453,110002
nc73858110_20190921_110029,110003
nc73858110_20191026_131342,110004
nc73858110_20201108_001547,110005
nc73858110_20201108_042027,110006
nc73858110_20210224_072919,110007
nc73858110_20210224_072537,110008
nc73858110_20210712_220022,110009
nc73858110_20211221_063057,110010
nc73858110_20220222_001304,110011
nc73858110_20220325_201845,110012
nc73858110_20220326_151117,110013
nc73858110_20220326_052228,110014
nc73858110_20220330_183600,110015
nc73858110_20220512_002615,110016
nc73858110_20220719_105926,110017
nc73858110_20220719_105954,110018
1016307_20180309_120037,110019
nc73833021_20180309_171756,110020
nc73833021_20180526_085623,110021
nc73833021_20190201_150736,110022
nc73833021_20200213_230746,110023
nc73833021_20200227_010909,110024
nc73833021_20200629_064606,110025
nc73833021_20211114_165017,110026
nc73833021_20220210_021950,110027
nc73833021_20220603_060403,110028
1009178_20180310_012423,110029
1009178_20180909_121301,110030
1009178_20201004_191809,110031
1009178_20210430_142859,110032
1009178_20220112_224454,110033
1009178_20220717_214012,110034
1009178_20221103_212534,110035
1012405_20180310_012130,110036
1012405_20180701_083826,110037
1012405_20180828_063737,110038
1012405_20211220_212552,110039
1012405_20211220_233700,110040
1012405_20211221_005429,110041
1012405_20211221_021833,110042
1012405_20211221_040650,110043
1012405_20211221_185915,110044
1012405_20211221_162224,110045
1012405_20211221_081433,110046
1012405_20211221_001313,110047
1012405_20211221_074740,110048
1012405_20211223_080005,110049
1012405_20220103_002626,110050
1012405_20220103_113238,110051
1012405_20220104_105321,110052
1012405_20220110_020447,110053
1012405_20220120_105028,110054
1012505_20180310_075312,110055
1012505_20180427_075410,110056
1012505_20200327_020950,110057
1012505_20211128_072723,110058
1012505_20211221_002610,110059
1017420_20180311_132213,110060
1017420_20180831_143340,110061
1017420_20211129_091710,110062
1017420_20220101_235703,110063
1018496_20180311_212656,110064
1018496_20180402_023832,110065
1018496_20180425_103518,110066
1018496_20180701_174916,110067
1018496_20180725_124555,110068
1018496_20180909_143007,110069
1018496_20200314_025516,110070
1018496_20210517_093949,110071
1018496_20210519_233944,110072
1018496_20210606_103312,110073
1018496_20210607_154409,110074
1018496_20211023_183910,110075
1018496_20211128_163745,110076
1018496_20211221_130252,110077
1018496_20220207_082428,110078
1018496_20220307_005615,110079
1018496_20220814_184416,110080
1018496_20220904_171923,110081
1018496_20220910_015108,110082
nc73822441_20180311_211343,110083
1016411_20180312_051633,110084
1016411_20211011_005148,110085
1016411_20220424_160149,110086
1012635_20180314_120227,110087
1012635_20181208_080541,110088
1012635_20190312_015003,110089
1012635_20211220_202925,110090
1015792_20180315_191128,110091
1015792_20180403_013721,110092
1015792_20180616_115035,110093
1015792_20180807_142120,110094
1015792_20180808_162023,110095
1015792_20190309_025802,110096
1015792_20191115_030604,110097
1015792_20200131_005507,110098
1015792_20200201_015846,110099
1015792_20200419_180757,110100
1015792_20200814_112729,110101
1015792_20200912_124403,110102
1015792_20210521_191420,110103
1015792_20210629_012946,110104
1015792_20210913_230520,110105
1015792_20211006_162908,110106
1015792_20211028_105751,110107
1015792_20211115_061130,110108
1015792_20211215_060638,110109
1015792_20220131_190730,110110
1015792_20220507_210016,110111
1015792_20220607_095042,110112
1015792_20220616_110632,110113
1015792_20220818_133602,110114
1008882_20180316_142535,110115
1016837_20180316_013123,110116
1016837_20180707_061105,110117
1016837_20180926_114857,110118
1016837_20190410_203116,110119
1016837_20200607_084304,110120
1016837_20210728_043042,110121
1016837_20210812_040615,110122
1016837_20211027_090352,110123
1016837_20220303_184855,110124
1011227_20180317_205115,110125
1011227_20180317_131235,110126
1011227_20180706_025631,110127
1011227_20180724_142756,110128
1011227_20180902_231303,110129
1011227_20180907_031900,110130
1011227_20181010_110814,110131
1011227_20190504_075741,110132
1011227_20190509_144310,110133
1011227_20190509_170740,110134
1011227_20190509_160032,110135
1011227_20190510_045517,110136
1011227_20190827_064247,110137
1011227_20190926_081459,110138
1011227_20191205_073501,110139
1011227_20200306_014143,110140
1011227_20200311_093136,110141
1011227_20200412_171325,110142
1011227_20200418_110743,110143
1011227_20201120_014241,110144
1011227_20201120_012358,110145
1011227_20201120_012056,110146
1011227_20201120_070823,110147
1011227_20211114_170404,110148
1011227_20211205_103119,110149
1011227_20211206_210726,110150
1011227_20211214_190132,110151
1011227_20211220_204505,110152
1011227_20220127_030607,110153
1011227_20220426_135617,110154
1012915_20180317_130356,110155
1012915_20211225_165433,110156
1012915_20220404_042836,110157
1017881_20180317_063452,110158
1017881_20180810_115229,110159
1017881_20180923_123958,110160
1017881_20190731_215218,110161
1017881_20190731_122619,110162
1017881_20200214_102632,110163
1017881_20210821_141004,110164
1017881_20211222_040159,110165
1017881_20220713_201533,110166
1017881_20220714_235335,110167
nc73822201_20180317_194851,110168
nc73822201_20180731_064148,110169
nc73822201_20190720_101806,110170
nc73822201_20200324_070214,110171
nc73822201_20201008_120335,110172
nc73822201_20201121_005145,110173
nc73822201_20210728_025249,110174
nc73822201_20211006_051110,110175
nc73822201_20221111_230809,110176
1009560_20180318_045231,110177
1009560_20181222_221746,110178
1009560_20191106_112227,110179
1009560_20200920_011614,110180
1009560_20211221_065028,110181
1009544_20180319_045653,110182
1009544_20180319_045954,110183
1009544_20200621_075807,110184
1010185_20180319_085955,110185
1010185_20180503_013702,110186
1010185_20180519_034358,110187
1010185_20181012_073325,110188
1010185_20181018_194501,110189
1010185_20190410_164910,110190
1010185_20190906_172938,110191
1010185_20191215_005657,110192
1010185_20201004_213236,110193
1010185_20210725_135712,110194
1010185_20211019_072657,110195
1010185_20211103_020951,110196
1010185_20211220_205153,110197
1018035_20180319_140558,110198
1018035_20180323_162255,110199
1018035_20180323_092520,110200
1018035_20180711_161443,110201
1018035_20180806_151036,110202
1018035_20181003_091418,110203
1018035_20181104_095531,110204
1018035_20181126_183313,110205
1018035_20181126_223651,110206
1018035_20190623_071208,110207
1018035_20190915_090838,110208
1018035_20191219_083942,110209
1018035_20191230_070326,110210
1018035_20200305_011923,110211
1018035_20200318_225421,110212
1018035_20200318_225426,110213
1018035_20200319_172348,110214
1018035_20200319_024736,110215
1018035_20210311_145342,110216
1018035_20210311_200604,110217
1018035_20210311_150707,110218
1018035_20211013_180932,110219
1018035_20211103_055804,110220
1018035_20211103_010653,110221
1018035_20211103_003029,110222
1018035_20211103_025734,110223
1018035_20211103_021014,110224
1018035_20211103_004422,110225
1018035_20211107_035732,110226
1018035_20211115_223939,110227
1018035_20211220_232736,110228
1018035_20211220_205016,110229
1018035_20211220_234145,110230
1018035_20211220_201710,110231
1018035_20211220_211130,110232
1018035_20211220_202758,110233
1018035_20211220_215950,110234
1018035_20211220_222824,110235
1018035_20211221_033005,110236
1018035_20211221_020323,110237
1018035_20211221_154104,110238
1018035_20211221_180123,110239
1018035_20211221_132646,110240
1018035_20211221_072552,110241
1018035_20211221_023443,110242
1018035_20211221_130614,110243
1018035_20211222_122350,110244
1018035_20211223_191505,110245
1018035_20211223_002000,110246
1018035_20211224_123847,110247
1018035_20211224_012530,110248
1018035_20211224_061736,110249
1018035_20211224_143754,110250
1018035_20211224_085646,110251
1018035_20211226_021454,110252
1018035_20211227_022120,110253
1018035_20211227_040313,110254
1018035_20211227_202748,110255
1018035_20211228_213424,110256
1018035_20220102_135749,110257
1018035_20220105_111501,110258
1018035_20220115_122606,110259
1018035_20220315_004853,110260
1018035_20220423_203145,110261
1018035_20220701_014055,110262
1018035_20220701_014642,110263
1018035_20220708_022732,110264
1018035_20220716_233414,110265
1018035_20220903_011817,110266
1018035_20220910_125444,110267
1018035_20221108_062952,110268
1013739_20180320_092838,110269
1013739_20180322_125914,110270
1013739_20191106_011747,110271
1013739_20200415_020545,110272
1013739_20200913_114412,110273
1013739_20210405_213201,110274
1013739_20210628_162802,110275
1013739_20211220_221644,110276
1013739_20221011_105408,110277
1015032_20180321_135051,110278
1015032_20180410_042857,110279
1015032_20180429_214852,110280
1015032_20180819_071804,110281
1015032_20181129_110909,110282
1015032_20190525_130233,110283
1015032_20191124_193638,110284
1015032_20200309_030849,110285
1015032_20200514_211542,110286
1015032_20201025_234824,110287
1015032_20201203_214812,110288
1015032_20210416_161609,110289
1015032_20210811_222633,110290
1015032_20211220_225405,110291
1015032_20211220_232802,110292
1015032_20211220_215714,110293
1015032_20220107_063131,110294
1015032_20220110_112015,110295
1015032_20220110_060554,110296
1015032_20220111_103118,110297
nc73876810_20180530_084603,110298
nc73876810_20180610_120904,110299
nc73876810_20180902_015153,110300
nc73876810_20190317_004323,110301
nc73876810_20190623_112704,110302
nc73876810_20190726_130823,110303
nc73876810_20191028_042127,110304
nc73876810_20191028_042648,110305
nc73876810_20191028_043722,110306
nc73876810_20191028_103042,110307
nc73876810_20191028_093631,110308
nc73876810_20191028_125557,110309
nc73876810_20191028_132843,110310
nc73876810_20191030_051927,110311
nc73876810_20191030_050314,110312
nc73876810_20191205_230214,110313
nc73876810_20200111_080953,110314
nc73876810_20200511_022826,110315
nc73876810_20200519_191846,110316
nc73876810_20200620_011202,110317
nc73876810_20210517_070934,110318
nc73876810_20210903_162522,110319
nc73876810_20211026_201425,110320
nc73876810_20211129_035554,110321
nc73876810_20211229_015114,110322
nc73876810_20220117_004116,110323
nc73876810_20220421_185002,110324
nc73876810_20220613_235129,110325
nc73876810_20220906_191600,110326
1012170_20180322_224129,110327
1012170_20180718_095831,110328
1012170_20210205_001825,110329
1012170_20210704_215309,110330
1012170_20220519_104034,110331
1012170_20221112_221821,110332
1009639_20180323_043834,110333
1009996_20180323_031854,110334
1009996_20180411_144616,110335
1009996_20210805_051135,110336
1009996_20211218_090220,110337
1009996_20211221_164640,110338
1009996_20220521_051113,110339
1012142_20180323_042718,110340
1012142_20210912_224815,110341
1012517_20180323_131315,110342
1012517_20180518_085003,110343
1012517_20181111_092216,110344
1012517_20190504_140727,110345
1012517_20190521_102446,110346
1012517_20190525_181301,110347
1012517_20190613_011222,110348
1012517_20191012_043103,110349
1012517_20191030_034653,110350
1012517_20191118_105304,110351
1012517_20191119_041749,110352
1012517_20200217_184108,110353
1012517_20200425_012318,110354
1012517_20200426_192650,110355
1012517_20210510_204223,110356
1012517_20210904_051346,110357
1012517_20210921_145240,110358
1012517_20211104_010029,110359
1012517_20211127_085132,110360
1012517_20220122_052424,110361
1012517_20220130_104436,110362
1012517_20220506_011838,110363
1012517_20220729_032918,110364
1012517_20220729_033700,110365
1013765_20180323_095819,110366
1013765_20180513_230712,110367
1013765_20180514_165439,110368
1013765_20180518_104745,110369
1013765_20180629_164121,110370
1013765_20180821_173338,110371
1013765_20190723_065458,110372
1013765_20200419_232422,110373
1013765_20200821_164102,110374
1013765_20201011_175440,110375
1013765_20210122_180241,110376
1013765_20210626_082122,110377
1013765_20210926_072114,110378
1013765_20211105_181254,110379
1013765_20211107_045042,110380
1013765_20211212_204807,110381
1013765_20220115_162957,110382
1013765_20220128_062322,110383
1013765_20220222_161135,110384
1013765_20220302_233518,110385
1013765_20220302_233511,110386
1013765_20220503_130925,110387
1013765_20221006_185235,110388
1013966_20180323_033424,110389
1013966_20200319_043731,110390
1013966_20220715_153027,110391
1013966_20220814_011349,110392
1015809_20180323_031724,110393
1015809_20180330_010628,110394
1015809_20180913_003501,110395
1015809_20190805_231922,110396
1015809_20211222_015638,110397
1015809_20220705_105403,110398
1015809_20220709_024105,110399
1015916_20180323_041150,110400
1015916_20200309_085643,110401
1015916_20200906_081807,110402
1015916_20201227_162840,110403
1015916_20210805_181638,110404
1015916_20211116_044039,110405
1015916_20220403_192804,110406
1015960_20180323_034558,110407
1015960_20180323_031628,110408
1015960_20180326_090339,110409
1015960_20200511_180744,110410
1015960_20200519_160641,110411
1015960_20220319_173845,110412
1015960_20220418_013150,110413
1018078_20180323_112447,110414
1018078_20180330_095222,110415
1018078_20180506_063438,110416
1018078_20180602_011605,110417
1018078_20180730_141614,110418
1018078_20180827_084408,110419
1018078_20180902_023640,110420
1018078_20180911_073709,110421
1018078_20190202_043644,110422
1018078_20190202_044317,110423
1018078_20190420_134057,110424
1018078_20190430_083716,110425
1018078_20190505_110404,110426
1018078_20190911_065401,110427
1018078_20191012_224811,110428
1018078_20191129_070024,110429
1018078_20191215_040710,110430
1018078_20200113_204945,110431
1018078_20200113_200048,110432
1018078_20200117_090428,110433
1018078_20200215_131942,110434
1018078_20200215_135607,110435
1018078_20200309_062922,110436
1018078_20200318_232844,110437
1018078_20200319_001610,110438
1018078_20200319_022237,110439
1018078_20200608_054404,110440
1018078_20200709_194419,110441
1018078_20200714_053415,110442
1018078_20200821_044157,110443
1018078_20200920_221149,110444
1018078_20210209_112249,110445
1018078_20210523_134310,110446
1018078_20210528_020124,110447
1018078_20210529_004403,110448
1018078_20210728_052551,110449
1018078_20210728_065250,110450
1018078_20210728_065500,110451
1018078_20210805_080052,110452
1018078_20210921_104424,110453
1018078_20211012_193052,110454
1018078_20211101_233058,110455
1018078_20211220_213503,110456
1018078_20211220_204152,110457
1018078_20211220_234310,110458
1018078_20211220_232318,110459
1018078_20211220_210038,110460
1018078_20211220_202020,110461
1018078_20211220_214413,110462
1018078_20211220_235138,110463
1018078_20211221_073440,110464
1018078_20211221_041150,110465
1018078_20211221_022430,110466
1018078_20211221_032105,110467
1018078_20211221_034937,110468
1018078_20211221_133846,110469
1018078_20211221_035048,110470
1018078_20211221_180614,110471
1018078_20211221_000205,110472
1018078_20211221_125544,110473
1018078_20211222_060527,110474
1018078_20211222_201026,110475
1018078_20211224_010726,110476
1018078_20211224_001453,110477
1018078_20211225_222025,110478
1018078_20220101_082624,110479
1018078_20220101_084318,110480
1018078_20220107_055623,110481
1018078_20220109_114448,110482
1018078_20220115_094246,110483
1018078_20220123_125600,110484
1018078_20220126_075326,110485
1018078_20220408_141631,110486
1018078_20220522_080234,110487
1018078_20220607_083657,110488
1018078_20220906_125217,110489
1018078_20221006_185932,110490
1018078_20221116_060318,110491
nc73821316_20180323_085357,110492
nc73821316_20180513_130312,110493
nc73821316_20190718_003637,110494
nc73821316_20200320_145016,110495
nc73821316_20200715_213023,110496
nc73821316_20200901_035146,110497
nc73821316_20210412_210707,110498
nc73821316_20210526_214236,110499
nc73821316_20211109_130331,110500
nc73821316_20211205_192448,110501
nc73821316_20220404_153310,110502
nc73821316_20220602_073942,110503
nc73821316_20220918_104328,110504
nc73821316_20220923_155633,110505
nc73821316_20220928_230912,110506
1015560_20180324_033713,110507
1015560_20180419_190301,110508
1015560_20180601_101434,110509
1015560_20180601_102636,110510
1015560_20180712_031611,110511
1015560_20180718_055714,110512
1015560_20180819_140404,110513
1015560_20190201_155621,110514
1015560_20190801_015729,110515
1015560_20190812_111458,110516
1015560_20190906_233546,110517
1015560_20191123_030214,110518
1015560_20200207_005322,110519
1015560_20200318_231409,110520
1015560_20200318_230708,110521
1015560_20200319_075801,110522
1015560_20200320_042309,110523
1015560_20210326_101837,110524
1015560_20210520_063213,110525
1015560_20210528_014205,110526
1015560_20210710_143339,110527
1015560_20210718_082212,110528
1015560_20210805_080249,110529
1015560_20211103_003303,110530
1015560_20211103_041217,110531
1015560_20211103_025222,110532
1015560_20211103_004126,110533
1015560_20211103_012344,110534
1015560_20211104_221524,110535
1015560_20211105_110017,110536
1015560_20211220_211359,110537
1015560_20211220_214534,110538
1015560_20211220_201441,110539
1015560_20211220_235302,110540
1015560_20211220_222959,110541
1015560_20211220_201752,110542
1015560_20211220_233820,110543
1015560_20211220_205437,110544
1015560_20211220_212237,110545
1015560_20211220_233204,110546
1015560_20211220_223952,110547
1015560_20211220_230647,110548
1015560_20211220_213809,110549
1015560_20211220_230336,110550
1015560_20211220_202840,110551
1015560_20211220_201723,110552
1015560_20211220_201152,110553
1015560_20211220_231647,110554
1015560_20211220_203145,110555
1015560_20211220_212909,110556
1015560_20211220_201550,110557
1015560_20211220_202859,110558
1015560_20211220_221206,110559
1015560_20211220_203704,110560
1015560_20211220_213643,110561
1015560_20211220_204628,110562
1015560_20211220_211043,110563
1015560_20211221_095515,110564
1015560_20211221_080225,110565
1015560_20211221_193235,110566
1015560_20211221_042809,110567
1015560_20211221_054256,110568
1015560_20211221_042110,110569
1015560_20211221_204156,110570
1015560_20211221_023422,110571
1015560_20211221_143042,110572
1015560_20211221_045032,110573
1015560_20211221_030750,110574
1015560_20211221_092446,110575
1015560_20211221_102819,110576
1015560_20211221_004611,110577
1015560_20211221_020216,110578
1015560_20211221_185236,110579
1015560_20211221_023158,110580
1015560_20211221_051459,110581
1015560_20211221_074536,110582
1015560_20211221_025727,110583
1015560_20211221_104511,110584
1015560_20211221_102710,110585
1015560_20211221_130448,110586
1015560_20211221_081001,110587
1015560_20211221_155216,110588
1015560_20211221_113528,110589
1015560_20211221_001429,110590
1015560_20211221_010144,110591
1015560_20211221_070055,110592
1015560_20211221_122211,110593
1015560_20211221_204940,110594
1015560_20211221_055757,110595
1015560_20211222_041313,110596
1015560_20211222_033029,110597
1015560_20211222_060632,110598
1015560_20211222_034035,110599
1015560_20211222_084020,110600
1015560_20211222_083328,110601
1015560_20211222_202214,110602
1015560_20211222_052609,110603
1015560_20211222_121812,110604
1015560_20211222_005325,110605
1015560_20211222_063127,110606
1015560_20211222_172348,110607
1015560_20211222_084606,110608
1015560_20211222_023908,110609
1015560_20211222_055135,110610
1015560_20211222_073529,110611
1015560_20211222_093640,110612
1015560_20211223_010517,110613
1015560_20211223_014711,110614
1015560_20211223_044215,110615
1015560_20211223_040616,110616
1015560_20211223_060804,110617
1015560_20211223_043218,110618
1015560_20211223_083424,110619
1015560_20211223_032241,110620
1015560_20211224_104819,110621
1015560_20211224_165754,110622
1015560_20211224_230508,110623
1015560_20211224_102628,110624
1015560_20211224_092715,110625
1015560_20211225_183019,110626
1015560_20211225_041811,110627
1015560_20211225_233358,110628
1015560_20211226_132130,110629
1015560_20211228_122928,110630
1015560_20211229_053841,110631
1015560_20211229_063518,110632
1015560_20211230_062314,110633
1015560_20211230_122804,110634
1015560_20211230_151418,110635
1015560_20220102_093911,110636
1015560_20220102_134158,110637
1015560_20220105_230128,110638
1015560_20220105_085441,110639
1015560_20220106_061633,110640
1015560_20220115_020810,110641
1015560_20220115_183446,110642
1015560_20220116_044446,110643
1015560_20220123_094600,110644
1015560_20220127_020445,110645
1015560_20220128_232416,110646
1015560_20220130_041214,110647
1015560_20220210_094648,110648
1015560_20220213_024815,110649
1015560_20220218_164235,110650
1015560_20220219_014831,110651
1015560_20220222_175759,110652
1015560_20220225_045523,110653
1015560_20220312_195548,110654
1015560_20220318_015018,110655
1015560_20220328_201917,110656
1015560_20220509_154640,110657
1015560_20220514_153323,110658
1015560_20220602_030946,110659
1015560_20220604_100841,110660
1015560_20220609_024047,110661
1015560_20220616_105954,110662
1015560_20220701_201934,110663
1015560_20220703_030010,110664
1015560_20220921_003527,110665
1015560_20221005_234524,110666
1015560_20221128_184759,110667
1015560_20221128_201037,110668
nc73855500_20180324_150000,110669
nc73855500_20181109_054648,110670
nc73855500_20200225_115137,110671
nc73855500_20200319_103636,110672
nc73855500_20200814_014405,110673
nc73855500_20211221_001007,110674
nc73855500_20220114_153243,110675
nc73855500_20220813_220312,110676
1015120_20180325_170157,110677
1015120_20190713_110216,110678
1015120_20190724_130513,110679
1015120_20210721_062707,110680
1015120_20220202_041118,110681
1015120_20220424_062805,110682
1017715_20180326_104406,110683
1017715_20201122_031830,110684
nc73867355_20180326_010149,110685
nc73867355_20191208_004428,110686
nc73867355_20200325_055335,110687
nc73867355_20220330_134711,110688
1009195_20180327_225446,110689
1009195_20180327_235218,110690
1009195_20180327_234755,110691
1009195_20180410_102527,110692
1011613_20180327_233803,110693
1011613_20180327_231119,110694
1011613_20180327_225705,110695
1011613_20180327_230531,110696
1011613_20180327_210138,110697
1011613_20180328_010016,110698
nc73863320_20180327_143703,110699
nc73863320_20181121_053504,110700
nc73863320_20190113_104003,110701
nc73863320_20190113_125222,110702
nc73863320_20190113_105849,110703
nc73863320_20190131_015928,110704
nc73863320_20190211_174441,110705
nc73863320_20190516_111149,110706
nc73863320_20190622_071552,110707
nc73863320_20190624_024509,110708
nc73863320_20190705_033743,110709
nc73863320_20191216_052754,110710
nc73863320_20191216_051824,110711
nc73863320_20200125_142047,110712
nc73863320_20200125_142223,110713
nc73863320_20200301_063708,110714
nc73863320_20200306_181416,110715
nc73863320_20200313_134440,110716
nc73863320_20200523_161905,110717
nc73863320_20200524_120713,110718
nc73863320_20200605_120020,110719
nc73863320_20200921_074744,110720
nc73863320_20201206_163418,110721
nc73863320_20201225_115538,110722
nc73863320_20201225_142557,110723
nc73863320_20210113_100021,110724
nc73863320_20210205_112409,110725
nc73863320_20210207_130925,110726
nc73863320_20210717_043031,110727
nc73863320_20210917_034929,110728
nc73863320_20211023_103654,110729
nc73863320_20211030_072642,110730
nc73863320_20211110_221207,110731
nc73863320_20211117_115834,110732
nc73863320_20211220_221624,110733
nc73863320_20211220_234106,110734
nc73863320_20211220_221401,110735
nc73863320_20211221_000044,110736
nc73863320_20211221_073207,110737
nc73863320_20211221_073238,110738
nc73863320_20211221_041131,110739
nc73863320_20211221_131235,110740
nc73863320_20211221_035814,110741
nc73863320_20211221_073540,110742
nc73863320_20211221_055926,110743
nc73863320_20211221_024156,110744
nc73863320_20211221_071056,110745
nc73863320_20211221_053536,110746
nc73863320_20211221_152237,110747
nc73863320_20211221_134027,110748
nc73863320_20211222_022536,110749
nc73863320_20211222_044341,110750
nc73863320_20211222_153744,110751
nc73863320_20211223_132302,110752
nc73863320_20211224_232832,110753
nc73863320_20211224_033118,110754
nc73863320_20211231_170404,110755
nc73863320_20220117_185113,110756
nc73863320_20220126_100118,110757
nc73863320_20220128_172149,110758
nc73863320_20220128_155719,110759
nc73863320_20220128_154835,110760
nc73863320_20220207_194706,110761
nc73863320_20220222_015945,110762
nc73863320_20220902_172849,110763
nc73863320_20220921_135052,110764
nc73855785_20180401_165538,110765
nc73855785_20180525_011903,110766
nc73855785_20180716_081159,110767
nc73855785_20190818_025120,110768
nc73855785_20191012_215934,110769
nc73855785_20211220_215037,110770
nc73855785_20211220_232049,110771
nc73855785_20211221_065719,110772
nc73855785_20211221_150102,110773
nc73855785_20211221_001528,110774
nc73855785_20211221_045928,110775
nc73855785_20211222_192207,110776
nc73855785_20211223_203809,110777
nc73855785_20211224_024031,110778
nc73855785_20211226_222811,110779
nc73855785_20211228_204809,110780
nc73855785_20220105_174531,110781
nc73855785_20220503_083719,110782
nc73855785_20220627_215931,110783
1010071_20180402_092210,110784
1010071_20200509_234821,110785
1010071_20200509_233258,110786
1009307_20180403_120606,110787
1009307_20191118_040811,110788
1009307_20201206_152818,110789
1009307_20220117_203828,110790
1018357_20180404_162738,110791
1018357_20180731_150948,110792
1018357_20191017_021426,110793
1018357_20210604_212158,110794
1018357_20211220_211732,110795
1018357_20220525_080448,110796
nc73847481_20180405_181027,110797
nc73847481_20180827_093026,110798
nc73847481_20180828_001022,110799
nc73847481_20181103_090407,110800
nc73847481_20191013_132430,110801
nc73847481_20191021_210053,110802
nc73847481_20191129_015412,110803
nc73847481_20200127_095113,110804
nc73847481_20200220_063259,110805
nc73847481_20200406_092120,110806
nc73847481_20201217_164108,110807
nc73847481_20201219_141819,110808
nc73847481_20210524_004045,110809
nc73847481_20211106_033812,110810
1015221_20181213_115600,110811
1015221_20211221_113406,110812
1015221_20211221_103002,110813
1018061_20180407_175720,110814
1018061_20180430_154311,110815
1018061_20180502_144406,110816
1018061_20180502_014940,110817
1018061_20180502_015050,110818
1018061_20181101_042631,110819
1018061_20190802_071702,110820
1018061_20190802_080906,110821
1018061_20191101_053534,110822
1018061_20200326_092053,110823
1018061_20200413_224144,110824
1018061_20200515_030648,110825
1018061_20200515_050558,110826
1018061_20200524_191922,110827
1018061_20200601_030325,110828
1018061_20200601_035137,110829
1018061_20200917_140656,110830
1018061_20210706_092532,110831
1018061_20210707_085627,110832
1018061_20210707_085758,110833
1018061_20210707_085742,110834
1018061_20210717_081624,110835
1018061_20210717_080506,110836
1018061_20210717_080438,110837
1018061_20210802_062532,110838
1018061_20210913_082853,110839
1018061_20210913_124756,110840
1018061_20210916_063123,110841
1018061_20210925_193349,110842
1018061_20210925_193213,110843
1018061_20210925_210854,110844
1018061_20210925_225156,110845
1018061_20210925_194440,110846
1018061_20210926_022906,110847
1018061_20210926_081226,110848
1018061_20210926_024630,110849
1018061_20210926_054410,110850
1018061_20211002_141950,110851
1018061_20211002_151822,110852
1018061_20211002_135822,110853
1018061_20211002_135100,110854
1018061_20211010_105712,110855
1018061_20211010_095655,110856
1018061_20211010_120307,110857
1018061_20211010_100832,110858
1018061_20211010_115445,110859
1018061_20211010_110944,110860
1018061_20211010_110825,110861
1018061_20211010_115503,110862
1018061_20211012_032025,110863
1018061_20211012_032034,110864
1018061_20211015_080158,110865
1018061_20211018_051058,110866
1018061_20211018_050930,110867
1018061_20211022_104820,110868
1018061_20211208_213120,110869
1018061_20220101_140602,110870
1018061_20220323_035343,110871
1018061_20220325_191529,110872
1018061_20220325_142733,110873
1018061_20220325_144208,110874
1018061_20220325_115044,110875
1018061_20220326_041316,110876
1018061_20220326_102921,110877
1018061_20220326_094618,110878
1018061_20220327_033040,110879
1018061_20220327_124416,110880
1018061_20220327_075922,110881
1018061_20220330_115259,110882
1018061_20220402_161304,110883
1018061_20220603_074916,110884
1018061_20220622_002821,110885
1018061_20220703_233011,110886
1018061_20220715_221217,110887
1018061_20220731_112426,110888
1018061_20220817_062308,110889
1018061_20221119_134215,110890
1018061_20221119_152224,110891
1018061_20221119_141600,110892
1014978_20180409_134806,110893
1014978_20180708_033744,110894
1014978_20191021_135922,110895
1014978_20191023_061226,110896
1014978_20200310_090023,110897
1014978_20200311_224736,110898
1014978_20200331_163844,110899
1014978_20200912_055953,110900
1014978_20200918_070942,110901
1014978_20210119_105414,110902
1014978_20210921_122442,110903
1014978_20211016_022043,110904
1014978_20211221_112643,110905
1014978_20220205_074332,110906
1014978_20220219_192829,110907
1014978_20220221_152050,110908
1014978_20220308_135208,110909
1014978_20220317_054551,110910
1014978_20220627_170002,110911
1014978_20220918_173504,110912
1010913_20180410_065202,110913
1010913_20180614_201441,110914
1010913_20180917_070043,110915
1010913_20190322_044004,110916
1010913_20190323_225150,110917
1010913_20190324_181150,110918
1010913_20190330_102411,110919
1010913_20190603_024846,110920
1010913_20190831_111846,110921
1010913_20190923_070053,110922
1010913_20200104_122908,110923
1010913_20200213_222136,110924
1010913_20200319_010426,110925
1010913_20200926_050654,110926
1010913_20210120_214534,110927
1010913_20210314_071155,110928
1010913_20210329_155633,110929
1010913_20210329_134454,110930
1010913_20210330_143026,110931
1010913_20210330_165658,110932
1010913_20210521_062559,110933
1010913_20210610_172523,110934
1010913_20210919_185135,110935
1010913_20211207_042027,110936
1012876_20180410_004124,110937
1012876_20180418_184444,110938
1012876_20180426_141804,110939
1012876_20180426_141600,110940
1012876_20180529_235032,110941
1012876_20180627_063519,110942
1012876_20181013_032950,110943
1012876_20181126_195942,110944
1012876_20190608_123639,110945
1012876_20190618_204157,110946
1012876_20190624_001315,110947
1012876_20190803_001056,110948
1012876_20191028_075956,110949
1012876_20200207_012908,110950
1012876_20200207_043253,110951
1012876_20200310_092603,110952
1012876_20200319_011315,110953
1012876_20200408_082158,110954
1012876_20200420_151636,110955
1012876_20200630_030545,110956
1012876_20200727_144230,110957
1012876_20200818_235439,110958
1012876_20201209_165206,110959
1012876_20201218_234126,110960
1012876_20210313_091642,110961
1012876_20210328_185139,110962
1012876_20210401_230057,110963
1012876_20210419_025959,110964
1012876_20210611_170317,110965
1012876_20210623_094301,110966
1012876_20210826_074605,110967
1012876_20211103_002455,110968
1012876_20211103_004933,110969
1012876_20211103_005601,110970
1012876_20211103_073658,110971
1012876_20211103_045554,110972
1012876_20211103_035044,110973
1012876_20211103_003959,110974
1012876_20211103_023953,110975
1012876_20211103_004447,110976
1012876_20211103_023716,110977
1012876_20211103_004154,110978
1012876_20211103_003912,110979
1012876_20211103_003413,110980
1012876_20211103_002911,110981
1012876_20211103_003206,110982
1012876_20211103_002706,110983
1012876_20211103_014601,110984
1012876_20211104_071201,110985
1012876_20211104_041227,110986
1012876_20211106_051521,110987
1012876_20211106_220132,110988
1012876_20211108_073753,110989
1012876_20211111_134218,110990
1012876_20211220_220544,110991
1012876_20211220_213524,110992
1012876_20211220_203209,110993
1012876_20211220_223539,110994
1012876_20211220_201832,110995
1012876_20211221_061158,110996
1012876_20211221_075643,110997
1012876_20211221_073336,110998
1012876_20211221_004010,110999
1012876_20211221_001942,111000
1012876_20211221_201309,111001
1012876_20211221_205048,111002
1012876_20211222_033333,111003
1012876_20211222_040514,111004
1012876_20211222_183956,111005
1012876_20211222_030748,111006
1012876_20211223_230552,111007
1012876_20211224_032430,111008
1012876_20211224_033424,111009
1012876_20211224_101205,111010
1012876_20211224_061524,111011
1012876_20211225_173135,111012
1012876_20211225_060804,111013
1012876_20211226_144818,111014
1012876_20211226_194033,111015
1012876_20211227_024800,111016
1012876_20211229_235851,111017
1012876_20211230_101325,111018
1012876_20220104_131611,111019
1012876_20220106_175505,111020
1012876_20220109_002357,111021
1012876_20220109_002532,111022
1012876_20220125_042740,111023
1012876_20220126_194331,111024
1012876_20220130_072438,111025
1012876_20220206_192740,111026
1012876_20220218_051817,111027
1012876_20220304_085327,111028
1012876_20220309_175451,111029
1012876_20220323_015321,111030
1012876_20220726_225543,111031
1008280_20180411_103335,111032
1008280_20180725_204155,111033
1008280_20180803_222014,111034
1008280_20200121_181716,111035
1008280_20200121_182932,111036
1008280_20200124_192924,111037
1008280_20200506_212900,111038
1008280_20200609_102809,111039
1008280_20210615_044444,111040
1008280_20210828_194605,111041
1008280_20210829_015652,111042
1008280_20211120_111152,111043
1008280_20211220_210459,111044
1008280_20211220_223406,111045
1008280_20211220_205333,111046
1008280_20211220_202628,111047
1008280_20211220_213111,111048
1008280_20211221_064329,111049
1008280_20211221_091225,111050
1008280_20211221_000811,111051
1008280_20211221_193139,111052
1008280_20211221_115909,111053
1008280_20211222_080837,111054
1008280_20211223_151103,111055
1008280_20211223_095806,111056
1008280_20211223_124830,111057
1008280_20220103_095709,111058
1008280_20220104_164219,111059
1008280_20220106_191341,111060
1008280_20220114_001725,111061
1008280_20220114_042658,111062
1008280_20220116_230827,111063
1008280_20220126_225855,111064
1008280_20220127_005713,111065
1008280_20220414_190814,111066
1008280_20221119_204405,111067
1008267_20180414_023633,111068
1008267_20180921_103932,111069
1008267_20180921_104104,111070
1008267_20190822_033519,111071
1008267_20190913_120639,111072
1008267_20191015_003539,111073
1008267_20200308_090855,111074
1008267_20200420_003130,111075
1008267_20200716_164856,111076
1008267_20210521_042745,111077
1008267_20211005_101514,111078
1008267_20220117_023352,111079
1008267_20220324_015544,111080
1008267_20220331_155107,111081
1008267_20220625_155815,111082
1018094_20180414_143143,111083
1018094_20180825_080808,111084
1018094_20210515_022151,111085
1018094_20220310_221216,111086
nc73821076_20180414_110858,111087
nc73821076_20180415_015639,111088
nc73821076_20181125_092320,111089
nc73821076_20190311_100313,111090
nc73821076_20190427_215400,111091
nc73821076_20190513_055351,111092
nc73821076_20200914_163314,111093
nc73821076_20211016_005617,111094
nc73821076_20220407_074359,111095
1013644_20180415_071302,111096
1013644_20200406_000521,111097
1013644_20211028_032732,111098
1013644_20211104_141746,111099
1018168_20180416_140316,111100
1018168_20180707_120654,111101
1018168_20180724_133948,111102
1018168_20191109_170828,111103
1018168_20191227_170417,111104
1018168_20191227_154048,111105
1018168_20220319_173921,111106
1018833_20180416_063543,111107
1018833_20180416_063513,111108
1018833_20200116_001538,111109
1018833_20200715_232717,111110
1018833_20200715_232707,111111
1018833_20200829_072733,111112
1018833_20201020_044051,111113
1018833_20210322_002341,111114
1018833_20210628_223049,111115
1018833_20210706_115103,111116
1018833_20210818_131503,111117
1018833_20210929_154950,111118
1018833_20210930_000503,111119
1018833_20211016_221733,111120
1018833_20220308_010925,111121
1018833_20220619_201130,111122
1018833_20220722_103412,111123
1018833_20220806_200308,111124
1018833_20221003_011938,111125
1013288_20180417_202757,111126
1013288_20190726_013757,111127
1013288_20200320_045746,111128
1013288_20200320_141539,111129
1013288_20200320_151753,111130
1013288_20200330_001845,111131
1013288_20200418_060925,111132
1013288_20210630_230820,111133
1013288_20210801_064520,111134
1013288_20211128_073514,111135
1013288_20220121_022525,111136
1013288_20220205_075500,111137
1013288_20220514_035343,111138
1013288_20220701_040516,111139
1013288_20220701_023946,111140
1013288_20220701_021731,111141
1013288_20220701_040052,111142
1013288_20220715_183044,111143
1013288_20220729_184047,111144
1013288_20220729_181917,111145
1013288_20220729_181310,111146
1013288_20220816_154621,111147
1013288_20220925_053643,111148
1010577_20180418_052338,111149
1010577_20190305_140352,111150
1010577_20200107_072545,111151
1010577_20200214_152618,111152
1010577_20200605_071717,111153
1010577_20210831_100155,111154
1010577_20220124_190432,111155
1010577_20220708_141425,111156
1010577_20221015_063445,111157
nc73868920_20180418_162127,111158
nc73868920_20180525_152401,111159
nc73868920_20210425_120420,111160
1008552_20180421_135146,111161
1016249_20180421_205328,111162
1016249_20180606_085155,111163
1016249_20191119_042252,111164
1016249_20200123_213241,111165
1016249_20200206_194545,111166
1016249_20210221_200306,111167
1016249_20210914_195353,111168
1016249_20211225_024958,111169
1017558_20180421_193448,111170
1017558_20210709_200844,111171
1008719_20180422_144726,111172
1008719_20190830_191313,111173
1008719_20191006_102919,111174
1008719_20210601_173145,111175
1008719_20210611_034141,111176
1008719_20210614_205327,111177
1008719_20210614_215213,111178
1008719_20210615_031803,111179
1008719_20210615_101146,111180
1008719_20210615_071354,111181
1008719_20210615_024100,111182
1008719_20210616_020534,111183
1008719_20210616_173237,111184
1008719_20221002_224329,111185
1008719_20221117_155744,111186
1014939_20180422_192228,111187
1014939_20180516_075431,111188
1014939_20180516_063611,111189
1014939_20180516_071608,111190
1014939_20180623_072847,111191
1014939_20180825_210212,111192
1014939_20180914_083415,111193
1014939_20180921_104647,111194
1014939_20181003_171100,111195
1014939_20181104_114652,111196
1014939_20181108_131843,111197
1014939_20190110_231723,111198
1014939_20190110_221639,111199
1014939_20190309_015255,111200
1014939_20190530_120135,111201
1014939_20191103_141606,111202
1014939_20191105_094036,111203
1014939_20191105_083625,111204
1014939_20191105_095054,111205
1014939_20191105_075350,111206
1014939_20191105_084135,111207
1014939_20191105_083023,111208
1014939_20191105_075506,111209
1014939_20191105_081504,111210
1014939_20191105_080552,111211
1014939_20191105_075701,111212
1014939_20191105_154146,111213
1014939_20191106_015535,111214
1014939_20191107_133752,111215
1014939_20191108_122727,111216
1014939_20191108_133825,111217
1014939_20191108_104128,111218
1014939_20191109_221811,111219
1014939_20191118_100304,111220
1014939_20191129_044422,111221
1014939_20191129_174807,111222
1014939_20191129_044531,111223
1014939_20191130_065223,111224
1014939_20191205_005113,111225
1014939_20191207_070315,111226
1014939_20191208_213104,111227
1014939_20200103_155751,111228
1014939_20200114_010931,111229
1014939_20200216_023806,111230
1014939_20200228_074709,111231
1014939_20200323_141710,111232
1014939_20200324_201018,111233
1014939_20200504_104142,111234
1014939_20200513_051145,111235
1014939_20200609_104706,111236
1014939_20200613_070834,111237
1014939_20200806_004400,111238
1014939_20200806_194119,111239
1014939_20200820_184055,111240
1014939_20200912_215444,111241
1014939_20200912_213716,111242
1014939_20201129_172414,111243
1014939_20210417_102749,111244
1014939_20210426_214639,111245
1014939_20210511_121344,111246
1014939_20210520_013527,111247
1014939_20210615_112724,111248
1014939_20210615_113108,111249
1014939_20210615_115852,111250
1014939_20210615_130916,111251
1014939_20210615_131358,111252
1014939_20210812_115012,111253
1014939_20210814_081815,111254
1014939_20210915_032107,111255
1014939_20210924_081517,111256
1014939_20211010_164624,111257
1014939_20211029_012455,111258
1014939_20211108_104150,111259
1014939_20211115_014635,111260
1014939_20211123_041407,111261
1014939_20211222_025111,111262
1014939_20211231_100437,111263
1014939_20220322_110435,111264
1014939_20220605_082159,111265
1014939_20220817_050621,111266
1014939_20220821_055108,111267
1014939_20221025_212054,111268
1018079_20180422_221254,111269
1018079_20180517_031330,111270
1018079_20180614_052729,111271
1018079_20180704_183933,111272
1018079_20180811_123057,111273
1018079_20180902_092909,111274
1018079_20190105_020308,111275
1018079_20190124_174646,111276
1018079_20190329_061249,111277
1018079_20190606_165356,111278
1018079_20190626_081249,111279
1018079_20190706_081447,111280
1018079_20190921_001948,111281
1018079_20190930_203217,111282
1018079_20191008_033434,111283
1018079_20200210_165235,111284
1018079_20200215_203651,111285
1018079_20200320_045258,111286
1018079_20200320_045322,111287
1018079_20200407_232448,111288
1018079_20200419_004612,111289
1018079_20200621_023519,111290
1018079_20200716_185625,111291
1018079_20200730_093616,111292
1018079_20200804_175532,111293
1018079_20200906_072657,111294
1018079_20200917_152955,111295
1018079_20200924_171312,111296
1018079_20201007_201632,111297
1018079_20201017_030657,111298
1018079_20201030_052815,111299
1018079_20201227_142951,111300
1018079_20210127_203814,111301
1018079_20210212_044510,111302
1018079_20210223_170935,111303
1018079_20210312_061434,111304
1018079_20210402_083536,111305
1018079_20210402_083229,111306
1018079_20210402_131831,111307
1018079_20210403_231817,111308
1018079_20210404_075026,111309
1018079_20210404_081510,111310
1018079_20210426_063231,111311
1018079_20210708_232953,111312
1018079_20210714_150316,111313
1018079_20210728_093603,111314
1018079_20210728_094353,111315
1018079_20210824_175255,111316
1018079_20210911_081338,111317
1018079_20211015_094152,111318
1018079_20211214_203444,111319
1018079_20211220_201844,111320
1018079_20211221_070518,111321
1018079_20211221_090623,111322
1018079_20211221_061059,111323
1018079_20211226_171116,111324
1018079_20211226_081518,111325
1018079_20211227_233251,111326
1018079_20211230_220234,111327
1018079_20220101_172931,111328
1018079_20220103_094741,111329
1018079_20220222_175315,111330
1018079_20220223_020630,111331
1018079_20220310_032833,111332
1018079_20220525_214534,111333
1018079_20220612_195521,111334
1018079_20220627_113231,111335
1018079_20220725_133316,111336
1018079_20221004_160301,111337
1018079_20221020_002217,111338
nc73843826_20180422_034702,111339
nc73843826_20180806_012522,111340
nc73843826_20181027_045502,111341
nc73843826_20181113_075212,111342
nc73843826_20190605_104252,111343
nc73843826_20190731_080651,111344
nc73843826_20190927_051308,111345
nc73843826_20190928_174304,111346
nc73843826_20190929_134435,111347
nc73843826_20200109_002518,111348
nc73843826_20200109_054055,111349
nc73843826_20200110_161954,111350
nc73843826_20200224_184658,111351
nc73843826_20200511_051803,111352
nc73843826_20200521_202709,111353
nc73843826_20200626_124146,111354
nc73843826_20200823_160506,111355
nc73843826_20200901_221215,111356
nc73843826_20200915_232304,111357
nc73843826_20200926_134523,111358
nc73843826_20201007_235711,111359
nc73843826_20210321_043928,111360
nc73843826_20210526_005222,111361
nc73843826_20210607_033047,111362
nc73843826_20210626_194941,111363
nc73843826_20210727_073013,111364
nc73843826_20210818_075343,111365
nc73843826_20210915_102052,111366
nc73843826_20211014_122946,111367
nc73843826_20211209_175224,111368
nc73843826_20211220_142622,111369
nc73843826_20220105_135842,111370
nc73843826_20220116_032129,111371
nc73843826_20220219_222717,111372
nc73843826_20220422_221108,111373
nc73843826_20220514_060212,111374
nc73843826_20220527_212141,111375
nc73843826_20220609_224817,111376
nc73843826_20220610_004050,111377
nc73843826_20220611_015104,111378
nc73843826_20220724_100619,111379
nc73843826_20220812_085114,111380
nc73843826_20220826_051330,111381
1010710_20180428_020313,111382
1010710_20180504_075332,111383
1010710_20191106_112713,111384
1010710_20200221_120153,111385
1010710_20210401_234356,111386
1010710_20210517_183850,111387
1010710_20210527_000213,111388
1010710_20210724_223419,111389
1010710_20210726_042315,111390
1010710_20210823_133442,111391
1010710_20210825_200351,111392
1010710_20210829_190348,111393
1010710_20211008_185105,111394
1010710_20211109_140023,111395
1010710_20220529_110200,111396
1010710_20220614_070414,111397
1010710_20221117_141036,111398
1012903_20180428_205041,111399
1012903_20180502_092710,111400
1012903_20180806_184834,111401
1012903_20180815_025153,111402
1012903_20180825_080517,111403
1012903_20190827_103248,111404
1012903_20191031_055343,111405
1012903_20200208_195244,111406
1012903_20200223_010617,111407
1012903_20201023_103125,111408
1012903_20210219_150205,111409
1012903_20210727_124223,111410
1012903_20210801_092246,111411
1012903_20210906_015748,111412
1012903_20211030_155435,111413
1012903_20220911_042318,111414
1016610_20180428_082549,111415
1016610_20180428_093535,111416
1016610_20180428_083423,111417
1016610_20180428_092638,111418
1016610_20180428_100954,111419
1016610_20180602_141318,111420
1016610_20180714_101613,111421
1016610_20180804_070040,111422
1016610_20180804_081604,111423
1016610_20180804_075920,111424
1016610_20181110_172710,111425
1016610_20181124_171155,111426
1016610_20190110_122252,111427
1016610_20190526_064312,111428
1016610_20190619_232304,111429
1016610_20190623_222206,111430
1016610_20190623_035632,111431
1016610_20190623_120954,111432
1016610_20190623_041431,111433
1016610_20190623_130351,111434
1016610_20190623_042050,111435
1016610_20190623_223550,111436
1016610_20190623_045821,111437
1016610_20190624_015017,111438
1016610_20190625_061726,111439
1016610_20190626_025634,111440
1016610_20190628_103303,111441
1016610_20190629_001954,111442
1016610_20190708_072205,111443
1016610_20190708_144521,111444
1016610_20190709_144702,111445
1016610_20190709_114627,111446
1016610_20190709_135521,111447
1016610_20190709_115738,111448
1016610_20190709_113326,111449
1016610_20190709_121645,111450
1016610_20190709_142052,111451
1016610_20190709_121058,111452
1016610_20190709_134720,111453
1016610_20190709_132223,111454
1016610_20190709_120715,111455
1016610_20190709_114301,111456
1016610_20190709_123237,111457
1016610_20190709_140439,111458
1016610_20190709_130456,111459
1016610_20190709_113014,111460
1016610_20190709_122540,111461
1016610_20190725_100112,111462
1016610_20190727_134157,111463
1016610_20190729_041307,111464
1016610_20190802_133017,111465
1016610_20190815_223519,111466
1016610_20190819_184206,111467
1016610_20190829_051101,111468
1016610_20190908_113707,111469
1016610_20190913_164434,111470
1016610_20190922_155721,111471
1016610_20191001_131810,111472
1016610_20191005_045723,111473
1016610_20191009_190902,111474
1016610_20191012_102319,111475
1016610_20191108_033335,111476
1016610_20191108_033626,111477
1016610_20191111_035536,111478
1016610_20200117_094559,111479
1016610_20200430_060342,111480
1016610_20200510_034252,111481
1016610_20200510_053535,111482
1016610_20200510_052702,111483
1016610_20200510_035128,111484
1016610_20200615_025200,111485
1016610_20200914_090119,111486
1016610_20210214_150202,111487
1016610_20210325_000859,111488
1016610_20210523_082704,111489
1016610_20210822_054015,111490
1016610_20210828_191933,111491
1016610_20210904_032839,111492
1016610_20210916_093147,111493
1016610_20220223_011147,111494
1016610_20220510_232629,111495
1016610_20220530_072558,111496
1016610_20220626_005450,111497
1016610_20220628_012218,111498
1016610_20221019_215336,111499
1016610_20221107_030440,111500
nc73828361_20180428_044718,111501
1016783_20180429_083052,111502
1016783_20180712_115729,111503
1016783_20190302_223917,111504
1016783_20190511_143936,111505
1016783_20190805_030026,111506
1016783_20191118_182108,111507
1016783_20200123_213415,111508
1016783_20200314_090638,111509
1016783_20200705_074608,111510
1016783_20210610_160544,111511
1016783_20211221_171009,111512
1016783_20220417_203147,111513
1016783_20220515_013515,111514
1016783_20220924_212845,111515
1013784_20180430_113300,111516
nc73824326_20180430_122038,111517
nc73824326_20210501_064003,111518
1016974_20180502_122804,111519
1016974_20180517_085431,111520
1016974_20180612_231847,111521
1016974_20180613_231441,111522
1016974_20180707_032502,111523
1016974_20180724_123805,111524
1016974_20180729_132059,111525
1016974_20180812_094213,111526
1016974_20180826_175753,111527
1016974_20180826_180050,111528
1016974_20180926_135739,111529
1016974_20181108_122652,111530
1016974_20181113_073331,111531
1016974_20181124_211346,111532
1016974_20181204_121604,111533
1016974_20181226_005406,111534
1016974_20190220_211529,111535
1016974_20190525_022647,111536
1016974_20190719_174121,111537
1016974_20191007_154411,111538
1016974_20200222_190652,111539
1016974_20200324_021800,111540
1016974_20200429_203615,111541
1016974_20200528_030108,111542
1016974_20200711_094600,111543
1016974_20200724_165542,111544
1016974_20200812_093441,111545
1016974_20201002_042447,111546
1016974_20201120_063043,111547
1016974_20210110_203058,111548
1016974_20210120_013307,111549
1016974_20210214_063923,111550
1016974_20210321_123616,111551
1016974_20210402_091635,111552
1016974_20210422_170440,111553
1016974_20210716_070905,111554
1016974_20210718_043315,111555
1016974_20210727_101927,111556
1016974_20210727_034257,111557
1016974_20210816_035051,111558
1016974_20210824_133631,111559
1016974_20210926_020618,111560
1016974_20211021_190200,111561
1016974_20211111_011148,111562
1016974_20211121_053231,111563
1016974_20211218_003517,111564
1016974_20211221_002119,111565
1016974_20211222_081848,111566
1016974_20211225_054805,111567
1016974_20211229_123704,111568
1016974_20220106_211258,111569
1016974_20220123_114501,111570
1016974_20220222_023748,111571
1016974_20220307_105239,111572
1016974_20220406_123020,111573
1016974_20220528_000934,111574
1016974_20220603_043225,111575
1016974_20220603_204556,111576
1016974_20220615_205014,111577
1016974_20220806_005042,111578
1016974_20220811_061643,111579
1016974_20220821_103936,111580
1016974_20220918_223039,111581
1016974_20221025_053859,111582
1016974_20221123_234019,111583
1016974_20221126_175348,111584
1016974_20221127_152904,111585
1016386_20180503_175109,111586
1016386_20180503_174323,111587
1016386_20180514_144900,111588
1016386_20180613_114131,111589
1016386_20181019_104829,111590
1016386_20190129_132639,111591
1016386_20190424_032016,111592
1016386_20190704_071341,111593
1016386_20190728_220152,111594
1016386_20190728_215353,111595
1016386_20200602_104405,111596
1016386_20201129_011732,111597
1016386_20210414_175843,111598
1016386_20210614_191824,111599
1016386_20210704_203544,111600
1016386_20210724_142435,111601
1016386_20211023_120646,111602
1016386_20211220_170933,111603
1016386_20220123_102317,111604
1016386_20220312_052101,111605
1016386_20220510_164947,111606
1016386_20220525_132647,111607
1016386_20220614_014855,111608
1016386_20220703_060028,111609
1016386_20220817_020357,111610
1016386_20221023_214819,111611
1016386_20221102_171231,111612
1008838_20180504_052139,111613
nc73822221_20180504_053923,111614
nc73822221_20200419_064557,111615
1017653_20180505_111344,111616
1017653_20180530_043401,111617
1017653_20180701_234229,111618
1017653_20180813_203534,111619
1017653_20200310_155014,111620
1017653_20211227_112506,111621
1017653_20220330_085500,111622
1017653_20220330_085858,111623
1017653_20220720_180409,111624
1014366_20180508_144456,111625
1014366_20180509_051702,111626
1014366_20181013_121847,111627
1014366_20181017_144335,111628
1014366_20181020_061136,111629
1014366_20190315_211704,111630
1014366_20190507_124711,111631
1014366_20190711_023207,111632
1014366_20190717_083334,111633
1014366_20190718_130748,111634
1014366_20190724_075957,111635
1014366_20190724_121022,111636
1014366_20190816_053504,111637
1014366_20190817_234502,111638
1014366_20191021_125839,111639
1014366_20200409_210124,111640
1014366_20200711_171952,111641
1014366_20200812_112824,111642
1014366_20200812_112332,111643
1014366_20200816_232148,111644
1014366_20201004_093729,111645
1014366_20201008_044656,111646
1014366_20201103_071903,111647
1014366_20210219_095421,111648
1014366_20210601_215542,111649
1014366_20220109_041148,111650
1014366_20220113_170619,111651
1014366_20220207_114635,111652
1014366_20220212_154427,111653
1014366_20220421_170741,111654
1014366_20220422_175541,111655
1014366_20220718_164856,111656
1014366_20220727_043527,111657
1014366_20220803_063348,111658
1014366_20220901_104509,111659
1014366_20221126_103434,111660
1014366_20221126_133037,111661
nc73821491_20180509_230024,111662
1013228_20180512_173851,111663
1013228_20180516_193011,111664
1013228_20210622_150343,111665
1013228_20220821_221952,111666
1013228_20220915_003111,111667
1011927_20180514_220349,111668
1011927_20211223_144835,111669
1011927_20220320_065716,111670
1009524_20180515_021313,111671
1009524_20180823_125948,111672
1009524_20200917_144252,111673
1009524_20210504_212144,111674
1009524_20210504_204928,111675
1009524_20210804_183346,111676
1009524_20211210_181903,111677
1009524_20220502_040224,111678
1017086_20180515_162436,111679
1017086_20180519_135919,111680
1017086_20181108_094035,111681
1017086_20190113_062037,111682
1017086_20190502_061827,111683
1017086_20200319_040028,111684
1017086_20200407_161913,111685
1017086_20210520_080114,111686
1017086_20210609_144315,111687
1017086_20210719_005328,111688
1017086_20210815_124941,111689
1017086_20210819_083216,111690
1017086_20211103_012203,111691
1017086_20211103_015727,111692
1017086_20211103_021101,111693
1017086_20211103_064252,111694
1017086_20211220_235133,111695
1017086_20211221_024739,111696
1017086_20211221_081350,111697
1017086_20211221_033035,111698
1017086_20220107_023004,111699
1017086_20220812_173401,111700
1009087_20180516_071234,111701
1009087_20191020_195405,111702
1009087_20191103_053718,111703
1009087_20191103_051351,111704
1009087_20191103_032427,111705
1009087_20191103_003144,111706
1009087_20191107_194525,111707
1009087_20200312_124328,111708
1009087_20210712_133117,111709
1009087_20211225_224923,111710
1009087_20220324_063512,111711
1009087_20220324_063251,111712
nc73823231_20180516_222409,111713
nc73823231_20180701_185545,111714
nc73844826_20180516_120618,111715
nc73844826_20180516_234628,111716
nc73844826_20180516_115013,111717
nc73844826_20180516_120139,111718
nc73844826_20180518_203543,111719
nc73844826_20180518_045016,111720
nc73844826_20180519_154908,111721
nc73844826_20180520_224322,111722
nc73844826_20180521_125454,111723
nc73844826_20180522_140020,111724
nc73844826_20180522_032732,111725
nc73844826_20180522_030736,111726
nc73844826_20180523_055752,111727
nc73844826_20180524_104610,111728
nc73844826_20180524_183747,111729
nc73844826_20180528_043855,111730
nc73844826_20180604_163446,111731
nc73844826_20180612_033940,111732
nc73844826_20180612_180808,111733
nc73844826_20180710_051024,111734
nc73844826_20180710_052225,111735
nc73844826_20180714_034203,111736
nc73844826_20180722_073327,111737
nc73844826_20180730_070043,111738
nc73844826_20180802_125705,111739
nc73844826_20180805_072212,111740
nc73844826_20180805_084542,111741
nc73844826_20180812_162457,111742
nc73844826_20180814_235641,111743
nc73844826_20180828_083152,111744
nc73844826_20180830_204203,111745
nc73844826_20180907_065741,111746
nc73844826_20181003_135607,111747
nc73844826_20181209_094230,111748
nc73844826_20190117_044613,111749
nc73844826_20190121_063446,111750
nc73844826_20190123_080605,111751
nc73844826_20190123_034252,111752
nc73844826_20190131_200829,111753
nc73844826_20190403_015126,111754
nc73844826_20190403_015947,111755
nc73844826_20190619_125945,111756
nc73844826_20200216_094705,111757
nc73844826_20200325_084140,111758
nc73844826_20200412_043500,111759
nc73844826_20200708_060305,111760
nc73844826_20200904_034227,111761
nc73844826_20200914_102302,111762
nc73844826_20200914_094659,111763
nc73844826_20200917_051116,111764
nc73844826_20201120_133354,111765
nc73844826_20201203_191121,111766
nc73844826_20201205_224437,111767
nc73844826_20201226_195900,111768
nc73844826_20210130_225738,111769
nc73844826_20210202_172341,111770
nc73844826_20210207_131131,111771
nc73844826_20210218_225921,111772
nc73844826_20210224_000420,111773
nc73844826_20210317_141620,111774
nc73844826_20210423_175705,111775
nc73844826_20210630_195832,111776
nc73844826_20210630_225945,111777
nc73844826_20210713_141211,111778
nc73844826_20210722_153557,111779
nc73844826_20210801_113203,111780
nc73844826_20210924_085935,111781
nc73844826_20211002_052338,111782
nc73844826_20211003_113702,111783
nc73844826_20211004_072659,111784
nc73844826_20211008_073049,111785
nc73844826_20211012_122210,111786
nc73844826_20211113_101943,111787
nc73844826_20211118_070520,111788
nc73844826_20211119_171212,111789
nc73844826_20211120_115834,111790
nc73844826_20211211_075235,111791
nc73844826_20211213_025128,111792
nc73844826_20211215_073828,111793
nc73844826_20211219_085837,111794
nc73844826_20211221_153337,111795
nc73844826_20211221_094502,111796
nc73844826_20211222_044018,111797
nc73844826_20211222_051201,111798
nc73844826_20211222_151353,111799
nc73844826_20211222_133436,111800
nc73844826_20211223_191218,111801
nc73844826_20211223_070019,111802
nc73844826_20211223_234417,111803
nc73844826_20211223_232704,111804
nc73844826_20211223_130015,111805
nc73844826_20211223_044617,111806
nc73844826_20211224_093710,111807
nc73844826_20211225_031758,111808
nc73844826_20211230_054827,111809
nc73844826_20211230_083456,111810
nc73844826_20211231_132026,111811
nc73844826_20211231_101516,111812
nc73844826_20211231_203954,111813
nc73844826_20211231_143938,111814
nc73844826_20220102_145427,111815
nc73844826_20220102_001225,111816
nc73844826_20220102_231220,111817
nc73844826_20220102_140149,111818
nc73844826_20220107_030358,111819
nc73844826_20220111_073231,111820
nc73844826_20220112_033112,111821
nc73844826_20220115_080614,111822
nc73844826_20220116_030343,111823
nc73844826_20220116_221506,111824
nc73844826_20220116_040953,111825
nc73844826_20220116_091739,111826
nc73844826_20220116_235701,111827
nc73844826_20220117_204429,111828
nc73844826_20220117_193936,111829
nc73844826_20220117_175738,111830
nc73844826_20220118_120724,111831
nc73844826_20220118_032518,111832
nc73844826_20220119_065458,111833
nc73844826_20220119_092017,111834
nc73844826_20220121_082627,111835
nc73844826_20220122_131817,111836
nc73844826_20220122_230018,111837
nc73844826_20220123_141122,111838
nc73844826_20220123_191908,111839
nc73844826_20220128_183021,111840
nc73844826_20220129_174753,111841
nc73844826_20220131_093858,111842
nc73844826_20220201_040521,111843
nc73844826_20220202_222423,111844
nc73844826_20220203_020331,111845
nc73844826_20220203_084022,111846
nc73844826_20220203_083707,111847
nc73844826_20220204_113618,111848
nc73844826_20220206_115537,111849
nc73844826_20220212_005157,111850
nc73844826_20220212_230814,111851
nc73844826_20220213_160951,111852
nc73844826_20220213_154550,111853
nc73844826_20220214_164346,111854
nc73844826_20220214_223221,111855
nc73844826_20220214_212422,111856
nc73844826_20220214_153537,111857
nc73844826_20220215_032439,111858
nc73844826_20220220_091222,111859
nc73844826_20220220_002755,111860
nc73844826_20220220_012943,111861
nc73844826_20220221_154058,111862
nc73844826_20220221_125443,111863
nc73844826_20220223_132328,111864
nc73844826_20220224_064613,111865
nc73844826_20220226_050441,111866
nc73844826_20220226_124018,111867
nc73844826_20220226_132241,111868
nc73844826_20220227_193749,111869
nc73844826_20220228_034220,111870
nc73844826_20220228_171554,111871
nc73844826_20220301_010435,111872
nc73844826_20220301_043333,111873
nc73844826_20220302_021941,111874
nc73844826_20220302_045156,111875
nc73844826_20220302_185439,111876
nc73844826_20220303_002419,111877
nc73844826_20220303_092918,111878
nc73844826_20220304_231606,111879
nc73844826_20220308_171220,111880
nc73844826_20220309_021236,111881
nc73844826_20220313_221011,111882
nc73844826_20220314_174538,111883
nc73844826_20220315_005341,111884
nc73844826_20220327_071102,111885
nc73844826_20220401_063138,111886
nc73844826_20220401_073743,111887
nc73844826_20220401_070851,111888
nc73844826_20220401_222604,111889
nc73844826_20220402_021650,111890
nc73844826_20220407_124634,111891
nc73844826_20220413_110249,111892
nc73844826_20220415_235212,111893
nc73844826_20220424_031521,111894
nc73844826_20220425_111809,111895
nc73844826_20220428_173558,111896
nc73844826_20220429_081325,111897
nc73844826_20220502_065503,111898
nc73844826_20220507_223903,111899
nc73844826_20220508_004144,111900
nc73844826_20220510_085016,111901
nc73844826_20220510_004141,111902
nc73844826_20220510_144445,111903
nc73844826_20220510_224944,111904
nc73844826_20220512_013043,111905
nc73844826_20220512_080613,111906
nc73844826_20220513_040149,111907
nc73844826_20220514_190330,111908
nc73844826_20220515_011212,111909
nc73844826_20220515_123843,111910
nc73844826_20220515_030852,111911
nc73844826_20220516_171516,111912
nc73844826_20220520_210841,111913
nc73844826_20220521_012436,111914
nc73844826_20220521_194849,111915
nc73844826_20220521_102001,111916
nc73844826_20220527_123231,111917
nc73844826_20220527_074539,111918
nc73844826_20220528_052002,111919
nc73844826_20220530_132012,111920
nc73844826_20220601_023926,111921
nc73844826_20220606_092914,111922
nc73844826_20220606_051425,111923
nc73844826_20220608_152325,111924
nc73844826_20220608_125900,111925
nc73844826_20220609_084836,111926
nc73844826_20220612_142716,111927
nc73844826_20220613_030620,111928
nc73844826_20220613_232535,111929
nc73844826_20220615_094117,111930
nc73844826_20220615_154511,111931
nc73844826_20220615_043441,111932
nc73844826_20220615_152115,111933
nc73844826_20220615_123942,111934
nc73844826_20220616_124144,111935
nc73844826_20220616_174727,111936
nc73844826_20220617_013431,111937
nc73844826_20220617_093954,111938
nc73844826_20220617_181926,111939
nc73844826_20220617_040221,111940
nc73844826_20220617_144941,111941
nc73844826_20220617_081103,111942
nc73844826_20220618_050808,111943
nc73844826_20220618_082536,111944
nc73844826_20220618_163604,111945
nc73844826_20220618_154108,111946
nc73844826_20220618_143021,111947
nc73844826_20220620_084439,111948
nc73844826_20220620_041159,111949
nc73844826_20220620_032605,111950
nc73844826_20220621_074644,111951
nc73844826_20220621_043116,111952
nc73844826_20220623_143149,111953
nc73844826_20220624_020409,111954
nc73844826_20220624_225645,111955
nc73844826_20220625_185646,111956
nc73844826_20220627_123349,111957
nc73844826_20220702_222204,111958
nc73844826_20220703_131000,111959
nc73844826_20220705_145520,111960
nc73844826_20220705_193151,111961
nc73844826_20220705_160501,111962
nc73844826_20220705_142920,111963
nc73844826_20220706_080205,111964
nc73844826_20220707_065426,111965
nc73844826_20220707_024446,111966
nc73844826_20220707_055640,111967
nc73844826_20220707_080700,111968
nc73844826_20220708_044511,111969
nc73844826_20220708_120548,111970
nc73844826_20220709_000642,111971
nc73844826_20220713_213445,111972
nc73844826_20220714_231737,111973
nc73844826_20220715_093139,111974
nc73844826_20220716_045530,111975
nc73844826_20220719_170848,111976
nc73844826_20220726_002821,111977
nc73844826_20220726_112340,111978
nc73844826_20220726_221523,111979
nc73844826_20220727_232502,111980
nc73844826_20220727_103847,111981
nc73844826_20220728_020512,111982
nc73844826_20220728_030630,111983
nc73844826_20220728_151321,111984
nc73844826_20220728_053216,111985
nc73844826_20220728_031144,111986
nc73844826_20220728_205733,111987
nc73844826_20220731_185822,111988
nc73844826_20220801_180754,111989
nc73844826_20220801_130904,111990
nc73844826_20220802_012623,111991
nc73844826_20220804_005323,111992
nc73844826_20220804_150232,111993
nc73844826_20220805_170240,111994
nc73844826_20220805_103930,111995
nc73844826_20220810_055542,111996
nc73844826_20220811_112803,111997
nc73844826_20220812_155626,111998
nc73844826_20220814_091002,111999
nc73844826_20220814_221632,112000
nc73844826_20220814_093244,112001
nc73844826_20220814_231830,112002
nc73844826_20220816_093402,112003
nc73844826_20220816_064746,112004
nc73844826_20220818_053457,112005
nc73844826_20220818_085250,112006
nc73844826_20220819_074953,112007
nc73844826_20220823_132204,112008
nc73844826_20220823_130826,112009
nc73844826_20220823_005607,112010
nc73844826_20220824_100017,112011
nc73844826_20220825_002952,112012
nc73844826_20220826_234316,112013
nc73844826_20220827_053523,112014
nc73844826_20220828_160459,112015
nc73844826_20220831_112031,112016
nc73844826_20220901_195105,112017
nc73844826_20220902_163106,112018
nc73844826_20220904_014400,112019
nc73844826_20220908_150300,112020
nc73844826_20220911_075742,112021
nc73844826_20220917_104518,112022
nc73844826_20220918_174642,112023
nc73844826_20220924_094945,112024
nc73844826_20221001_145500,112025
nc73844826_20221009_083616,112026
nc73844826_20221009_062255,112027
nc73844826_20221009_182906,112028
nc73844826_20221010_191310,112029
nc73844826_20221018_181812,112030
nc73844826_20221019_132202,112031
nc73844826_20221026_091238,112032
nc73844826_20221028_023930,112033
nc73844826_20221104_193257,112034
nc73844826_20221105_000207,112035
nc73844826_20221105_004053,112036
nc73844826_20221106_081130,112037
nc73844826_20221107_162802,112038
nc73844826_20221107_145937,112039
nc73844826_20221107_213149,112040
nc73844826_20221107_181115,112041
nc73844826_20221108_205223,112042
nc73844826_20221112_060825,112043
nc73844826_20221119_215530,112044
nc73844826_20221119_022543,112045
nc73844826_20221121_111828,112046
nc73844826_20221127_053846,112047
nc73844826_20221129_215522,112048
nc73844826_20221129_154424,112049
1011620_20180517_200238,112050
1011620_20180713_060723,112051
1011620_20211228_112648,112052
1013047_20180517_184504,112053
1013047_20180703_062639,112054
1013047_20180901_122940,112055
1013047_20180902_101332,112056
1013047_20180902_103307,112057
1013047_20181229_124744,112058
1013047_20190113_193211,112059
1013047_20190127_122055,112060
1013047_20200218_114929,112061
1013047_20220507_143922,112062
1008272_20180519_132227,112063
1008272_20180522_051738,112064
1008272_20191102_104327,112065
1008272_20191224_121822,112066
1008272_20200102_174536,112067
1008272_20200215_133042,112068
1008272_20200305_011910,112069
1008272_20201030_141317,112070
1008272_20201030_135808,112071
1008272_20201203_211811,112072
1008272_20210102_153023,112073
1008272_20210707_230755,112074
1008272_20210826_183224,112075
1008272_20210826_192402,112076
1008272_20210826_185446,112077
1008272_20210826_172325,112078
1008272_20210826_192807,112079
1008272_20210826_172252,112080
1008272_20210827_055848,112081
1008272_20210827_094944,112082
1008272_20210827_142007,112083
1008272_20210829_063740,112084
1008272_20210901_051757,112085
1008272_20210902_060214,112086
1008272_20210922_050326,112087
1008272_20211103_034917,112088
1008272_20211208_061851,112089
1008272_20211216_163058,112090
1008272_20211220_232713,112091
1008272_20211220_213003,112092
1008272_20211220_202827,112093
1008272_20211220_215207,112094
1008272_20211220_215101,112095
1008272_20211221_213051,112096
1008272_20211221_125553,112097
1008272_20211221_124557,112098
1008272_20211221_123728,112099
1008272_20211221_131710,112100
1008272_20211221_124643,112101
1008272_20211221_124757,112102
1008272_20211221_025605,112103
1008272_20211221_125257,112104
1008272_20211221_130010,112105
1008272_20211221_172925,112106
1008272_20211221_152257,112107
1008272_20211221_131537,112108
1008272_20211221_022437,112109
1008272_20211221_124231,112110
1008272_20211221_135634,112111
1008272_20211221_014342,112112
1008272_20211221_033518,112113
1008272_20211221_005157,112114
1008272_20211221_134223,112115
1008272_20211222_051545,112116
1008272_20211222_055036,112117
1008272_20211222_124526,112118
1008272_20211222_214802,112119
1008272_20211222_112544,112120
1008272_20211222_221149,112121
1008272_20211223_121827,112122
1008272_20211223_083506,112123
1008272_20211223_165025,112124
1008272_20211223_032730,112125
1008272_20211223_020602,112126
1008272_20211224_212559,112127
1008272_20211224_212606,112128
1008272_20211226_104033,112129
1008272_20211227_003818,112130
1008272_20211228_203700,112131
1008272_20211228_015400,112132
1008272_20211229_181636,112133
1008272_20211229_065024,112134
1008272_20211229_064105,112135
1008272_20211231_191439,112136
1008272_20211231_195744,112137
1008272_20211231_150400,112138
1008272_20211231_195319,112139
1008272_20211231_205957,112140
1008272_20211231_210138,112141
1008272_20211231_211741,112142
1008272_20211231_235430,112143
1008272_20211231_232955,112144
1008272_20211231_210958,112145
1008272_20211231_213551,112146
1008272_20211231_205507,112147
1008272_20211231_231445,112148
1008272_20211231_212001,112149
1008272_20211231_215353,112150
1008272_20211231_224738,112151
1008272_20211231_215139,112152
1008272_20211231_211947,112153
1008272_20211231_223932,112154
1008272_20211231_213004,112155
1008272_20211231_225754,112156
1008272_20211231_212357,112157
1008272_20211231_231930,112158
1008272_20211231_213752,112159
1008272_20211231_215802,112160
1008272_20211231_194648,112161
1008272_20211231_230223,112162
1008272_20211231_215811,112163
1008272_20211231_211616,112164
1008272_20211231_213348,112165
1008272_20211231_210030,112166
1008272_20211231_224116,112167
1008272_20211231_212523,112168
1008272_20211231_190835,112169
1008272_20211231_215742,112170
1008272_20211231_223259,112171
1008272_20211231_210942,112172
1008272_20211231_205917,112173
1008272_20211231_220855,112174
1008272_20211231_210530,112175
1008272_20211231_205933,112176
1008272_20211231_205947,112177
1008272_20211231_210819,112178
1008272_20211231_210924,112179
1008272_20211231_221629,112180
1008272_20211231_215851,112181
1008272_20211231_220630,112182
1008272_20211231_210855,112183
1008272_20211231_210223,112184
1008272_20211231_215419,112185
1008272_20211231_212946,112186
1008272_20211231_215238,112187
1008272_20211231_204410,112188
1008272_20211231_210202,112189
1008272_20211231_231730,112190
1008272_20211231_234106,112191
1008272_20211231_212701,112192
1008272_20211231_224521,112193
1008272_20211231_210706,112194
1008272_20211231_213359,112195
1008272_20211231_212255,112196
1008272_20211231_212227,112197
1008272_20211231_214409,112198
1008272_20211231_234630,112199
1008272_20211231_210845,112200
1008272_20211231_210657,112201
1008272_20211231_221117,112202
1008272_20211231_205749,112203
1008272_20211231_214032,112204
1008272_20211231_223918,112205
1008272_20211231_235837,112206
1008272_20211231_211049,112207
1008272_20211231_210345,112208
1008272_20220101_071331,112209
1008272_20220101_033748,112210
1008272_20220101_120053,112211
1008272_20220101_110043,112212
1008272_20220101_235705,112213
1008272_20220101_015026,112214
1008272_20220101_182221,112215
1008272_20220101_100033,112216
1008272_20220101_061944,112217
1008272_20220101_210403,112218
1008272_20220101_110754,112219
1008272_20220101_001048,112220
1008272_20220101_232913,112221
1008272_20220101_002755,112222
1008272_20220101_071125,112223
1008272_20220101_002153,112224
1008272_20220101_031016,112225
1008272_20220101_111514,112226
1008272_20220101_174501,112227
1008272_20220101_082835,112228
1008272_20220101_234854,112229
1008272_20220101_171522,112230
1008272_20220101_002938,112231
1008272_20220101_072657,112232
1008272_20220101_131146,112233
1008272_20220101_164726,112234
1008272_20220101_003823,112235
1008272_20220101_164347,112236
1008272_20220101_082806,112237
1008272_20220101_132706,112238
1008272_20220101_220453,112239
1008272_20220101_223933,112240
1008272_20220101_010106,112241
1008272_20220101_004652,112242
1008272_20220101_150648,112243
1008272_20220101_012357,112244
1008272_20220101_083045,112245
1008272_20220101_091254,112246
1008272_20220101_064100,112247
1008272_20220101_034413,112248
1008272_20220101_170156,112249
1008272_20220101_041655,112250
1008272_20220101_152940,112251
1008272_20220101_032249,112252
1008272_20220101_091153,112253
1008272_20220101_150942,112254
1008272_20220101_130921,112255
1008272_20220101_134059,112256
1008272_20220101_022536,112257
1008272_20220101_003813,112258
1008272_20220101_102034,112259
1008272_20220101_102216,112260
1008272_20220101_024941,112261
1008272_20220101_094225,112262
1008272_20220101_004013,112263
1008272_20220101_021159,112264
1008272_20220101_073442,112265
1008272_20220101_200730,112266
1008272_20220101_155835,112267
1008272_20220101_072626,112268
1008272_20220101_092836,112269
1008272_20220101_003311,112270
1008272_20220101_215157,112271
1008272_20220101_225209,112272
1008272_20220101_003504,112273
1008272_20220101_050527,112274
1008272_20220101_044648,112275
1008272_20220101_044731,112276
1008272_20220101_072825,112277
1008272_20220101_023628,112278
1008272_20220101_110704,112279
1008272_20220101_174327,112280
1008272_20220101_103903,112281
1008272_20220101_083119,112282
1008272_20220102_023413,112283
1008272_20220102_142430,112284
1008272_20220102_121643,112285
1008272_20220102_041853,112286
1008272_20220102_121114,112287
1008272_20220102_093712,112288
1008272_20220102_030010,112289
1008272_20220102_064315,112290
1008272_20220102_200903,112291
1008272_20220102_064245,112292
1008272_20220102_200544,112293
1008272_20220102_233651,112294
1008272_20220102_191900,112295
1008272_20220102_113519,112296
1008272_20220102_060152,112297
1008272_20220102_085259,112298
1008272_20220102_053208,112299
1008272_20220102_095815,112300
1008272_20220102_073453,112301
1008272_20220102_165740,112302
1008272_20220102_174648,112303
1008272_20220102_070053,112304
1008272_20220102_114231,112305
1008272_20220102_065406,112306
1008272_20220102_082622,112307
1008272_20220102_074447,112308
1008272_20220102_121341,112309
1008272_20220103_150135,112310
1008272_20220103_092213,112311
1008272_20220103_150526,112312
1008272_20220103_191753,112313
1008272_20220103_142316,112314
1008272_20220103_112448,112315
1008272_20220103_100948,112316
1008272_20220103_135603,112317
1008272_20220103_002339,112318
1008272_20220103_090822,112319
1008272_20220103_043023,112320
1008272_20220103_150606,112321
1008272_20220103_044039,112322
1008272_20220104_071018,112323
1008272_20220104_110429,112324
1008272_20220104_161816,112325
1008272_20220104_181557,112326
1008272_20220105_135045,112327
1008272_20220105_230058,112328
1008272_20220105_160728,112329
1008272_20220105_205413,112330
1008272_20220105_032452,112331
1008272_20220105_111717,112332
1008272_20220105_093259,112333
1008272_20220106_120541,112334
1008272_20220106_154620,112335
1008272_20220106_185311,112336
1008272_20220106_080652,112337
1008272_20220106_201330,112338
1008272_20220106_065219,112339
1008272_20220106_010659,112340
1008272_20220106_054741,112341
1008272_20220106_014819,112342
1008272_20220106_210925,112343
1008272_20220106_081308,112344
1008272_20220106_180711,112345
1008272_20220107_072247,112346
1008272_20220107_093637,112347
1008272_20220107_045702,112348
1008272_20220107_005644,112349
1008272_20220107_075535,112350
1008272_20220107_083749,112351
1008272_20220107_142015,112352
1008272_20220107_014646,112353
1008272_20220107_010314,112354
1008272_20220107_141708,112355
1008272_20220107_010015,112356
1008272_20220107_132300,112357
1008272_20220107_012021,112358
1008272_20220108_105019,112359
1008272_20220108_123158,112360
1008272_20220108_094407,112361
1008272_20220108_160336,112362
1008272_20220108_023826,112363
1008272_20220108_102303,112364
1008272_20220108_204439,112365
1008272_20220109_101050,112366
1008272_20220109_195037,112367
1008272_20220109_144757,112368
1008272_20220109_080921,112369
1008272_20220109_213811,112370
1008272_20220109_125205,112371
1008272_20220109_220842,112372
1008272_20220110_030927,112373
1008272_20220110_032418,112374
1008272_20220110_054921,112375
1008272_20220110_024027,112376
1008272_20220111_164923,112377
1008272_20220111_123633,112378
1008272_20220111_211311,112379
1008272_20220113_032048,112380
1008272_20220113_161702,112381
1008272_20220113_062716,112382
1008272_20220114_071112,112383
1008272_20220114_070546,112384
1008272_20220114_125007,112385
1008272_20220114_002649,112386
1008272_20220115_085629,112387
1008272_20220115_091628,112388
1008272_20220115_082402,112389
1008272_20220115_191441,112390
1008272_20220116_055022,112391
1008272_20220116_224347,112392
1008272_20220116_183933,112393
1008272_20220116_152920,112394
1008272_20220117_014733,112395
1008272_20220117_043142,112396
1008272_20220118_035151,112397
1008272_20220118_082739,112398
1008272_20220118_153345,112399
1008272_20220118_124402,112400
1008272_20220118_163109,112401
1008272_20220118_013541,112402
1008272_20220119_100904,112403
1008272_20220119_030704,112404
1008272_20220120_023019,112405
1008272_20220120_073402,112406
1008272_20220120_125005,112407
1008272_20220120_043425,112408
1008272_20220120_195408,112409
1008272_20220121_182533,112410
1008272_20220121_013049,112411
1008272_20220121_032235,112412
1008272_20220121_093037,112413
1008272_20220121_101412,112414
1008272_20220122_075207,112415
1008272_20220122_004205,112416
1008272_20220122_011911,112417
1008272_20220123_071009,112418
1008272_20220123_034850,112419
1008272_20220123_081727,112420
1008272_20220124_163749,112421
1008272_20220124_160028,112422
1008272_20220125_223542,112423
1008272_20220125_003406,112424
1008272_20220125_115205,112425
1008272_20220126_053108,112426
1008272_20220126_153538,112427
1008272_20220126_031940,112428
1008272_20220126_145300,112429
1008272_20220126_102513,112430
1008272_20220126_142003,112431
1008272_20220126_124939,112432
1008272_20220127_192058,112433
1008272_20220127_192507,112434
1008272_20220127_224832,112435
1008272_20220127_023914,112436
1008272_20220127_221849,112437
1008272_20220127_224907,112438
1008272_20220127_081215,112439
1008272_20220128_144203,112440
1008272_20220128_151334,112441
1008272_20220128_190352,112442
1008272_20220128_233747,112443
1008272_20220128_014946,112444
1008272_20220129_030643,112445
1008272_20220129_060649,112446
1008272_20220130_002257,112447
1008272_20220130_140906,112448
1008272_20220130_142109,112449
1008272_20220130_130935,112450
1008272_20220130_203950,112451
1008272_20220130_100543,112452
1008272_20220130_133738,112453
1008272_20220131_034409,112454
1008272_20220201_184829,112455
1008272_20220201_070725,112456
1008272_20220201_010901,112457
1008272_20220201_215521,112458
1008272_20220201_112517,112459
1008272_20220202_054928,112460
1008272_20220203_123631,112461
1008272_20220205_164507,112462
1008272_20220206_163009,112463
1008272_20220206_190725,112464
1008272_20220206_154325,112465
1008272_20220206_041557,112466
1008272_20220207_040506,112467
1008272_20220207_020306,112468
1008272_20220207_095303,112469
1008272_20220207_085511,112470
1008272_20220209_000458,112471
1008272_20220209_194900,112472
1008272_20220210_055855,112473
1008272_20220212_115856,112474
1008272_20220212_103508,112475
1008272_20220213_072659,112476
1008272_20220213_064325,112477
1008272_20220213_211629,112478
1008272_20220213_072801,112479
1008272_20220213_064527,112480
1008272_20220213_073036,112481
1008272_20220213_082626,112482
1008272_20220213_122240,112483
1008272_20220215_185806,112484
1008272_20220215_091448,112485
1008272_20220217_215109,112486
1008272_20220217_043204,112487
1008272_20220217_083716,112488
1008272_20220218_055134,112489
1008272_20220220_201334,112490
1008272_20220222_053026,112491
1008272_20220223_083944,112492
1008272_20220223_082206,112493
1008272_20220224_105131,112494
1008272_20220224_091851,112495
1008272_20220224_024808,112496
1008272_20220225_183545,112497
1008272_20220225_070348,112498
1008272_20220226_033407,112499
1008272_20220301_000449,112500
1008272_20220304_000010,112501
1008272_20220306_223327,112502
1008272_20220307_113503,112503
1008272_20220307_004419,112504
1008272_20220309_001240,112505
1008272_20220311_212638,112506
1008272_20220315_191355,112507
1008272_20220319_041136,112508
1008272_20220320_020611,112509
1008272_20220320_224312,112510
1008272_20220321_051213,112511
1008272_20220323_163841,112512
1008272_20220323_223350,112513
1008272_20220324_141858,112514
1008272_20220325_024924,112515
1008272_20220326_105146,112516
1008272_20220329_200034,112517
1008272_20220331_085124,112518
1008272_20220403_140657,112519
1008272_20220406_011321,112520
1008272_20220407_094012,112521
1008272_20220408_181550,112522
1008272_20220414_113543,112523
1008272_20220417_191756,112524
1008272_20220417_211619,112525
1008272_20220417_135814,112526
1008272_20220420_220105,112527
1008272_20220420_220041,112528
1008272_20220425_074454,112529
1008272_20220507_072521,112530
1008272_20220513_014630,112531
1008272_20220516_163607,112532
1008272_20220518_111212,112533
1008272_20220521_202222,112534
1008272_20220529_011533,112535
1008272_20220604_105334,112536
1008272_20220616_200912,112537
1008272_20220624_150410,112538
1008272_20220718_054548,112539
1008272_20220721_125057,112540
1008272_20220723_205802,112541
1008272_20220727_155736,112542
1008272_20220812_024921,112543
1008272_20220819_203548,112544
1008272_20220819_204752,112545
1008272_20220821_102658,112546
1008272_20220822_112824,112547
1008272_20220823_023404,112548
1008272_20220904_075729,112549
1008272_20220905_013647,112550
1008272_20221009_003156,112551
1008272_20221109_045406,112552
1008272_20221110_061958,112553
1018294_20180520_135339,112554
1018294_20180524_231214,112555
1018294_20180525_003514,112556
1018294_20180530_223553,112557
1018294_20180530_223912,112558
1018294_20180616_131347,112559
1018294_20180927_173615,112560
1018294_20181102_165831,112561
1018294_20181103_145016,112562
1018294_20181104_064743,112563
1018294_20181107_150601,112564
1018294_20181114_103005,112565
1018294_20181116_124940,112566
1018294_20190115_200814,112567
1018294_20190202_123429,112568
1018294_20190202_160023,112569
1018294_20190202_163037,112570
1018294_20190202_134034,112571
1018294_20190202_161428,112572
1018294_20190202_180216,112573
1018294_20190202_135554,112574
1018294_20190203_023607,112575
1018294_20190203_024605,112576
1018294_20190203_012313,112577
1018294_20190203_013826,112578
1018294_20190203_213959,112579
1018294_20190203_231003,112580
1018294_20190203_045205,112581
1018294_20190203_051412,112582
1018294_20190203_050218,112583
1018294_20190203_023837,112584
1018294_20190203_231010,112585
1018294_20190203_224419,112586
1018294_20190203_182059,112587
1018294_20190203_134430,112588
1018294_20190203_022922,112589
1018294_20190203_015217,112590
1018294_20190203_020417,112591
1018294_20190203_034302,112592
1018294_20190203_225608,112593
1018294_20190203_233243,112594
1018294_20190203_061406,112595
1018294_20190204_020207,112596
1018294_20190204_022249,112597
1018294_20190204_103827,112598
1018294_20190204_171158,112599
1018294_20190204_004217,112600
1018294_20190204_170508,112601
1018294_20190204_004538,112602
1018294_20190204_073309,112603
1018294_20190205_053954,112604
1018294_20190205_041948,112605
1018294_20190205_121103,112606
1018294_20190205_224431,112607
1018294_20190206_165200,112608
1018294_20190317_232624,112609
1018294_20190604_191337,112610
1018294_20190724_023239,112611
1018294_20190925_135858,112612
1018294_20200403_091637,112613
1018294_20200418_185739,112614
1018294_20200714_091621,112615
1018294_20200717_160105,112616
1018294_20200719_141400,112617
1018294_20200719_071602,112618
1018294_20200719_134708,112619
1018294_20200720_023657,112620
1018294_20200723_063421,112621
1018294_20211221_014949,112622
1018294_20211221_043916,112623
1018294_20211221_042914,112624
1018294_20211221_015041,112625
1018294_20220419_172028,112626
1018294_20220720_074901,112627
1018294_20220828_202845,112628
1015464_20210407_132311,112629
1015464_20210422_195809,112630
1015464_20210911_101844,112631
1015464_20211001_172856,112632
1015464_20220606_083356,112633
1015464_20220621_000140,112634
1016607_20180524_060108,112635
1016607_20200424_184434,112636
1016607_20221112_185949,112637
1017218_20180524_174942,112638
1017218_20180721_232425,112639
1017218_20180822_103357,112640
1017218_20191007_193717,112641
1017218_20200204_182608,112642
1017218_20200525_071137,112643
1017218_20200828_073125,112644
1017218_20200917_195800,112645
1017218_20201116_114103,112646
1017218_20201117_083128,112647
1017218_20201201_112028,112648
1017218_20201207_122508,112649
1017218_20210317_155754,112650
1017218_20210328_101538,112651
1017218_20210517_065019,112652
1017218_20210702_134225,112653
1017218_20211208_074753,112654
1017218_20211229_060335,112655
1017218_20220122_051855,112656
1017218_20220122_222746,112657
1017218_20220123_115601,112658
1017218_20220309_033306,112659
1017218_20220309_085055,112660
1017218_20220902_073702,112661
1014030_20180525_203014,112662
1014030_20180818_223449,112663
1014030_20180902_223804,112664
1014030_20180907_101604,112665
1014030_20180907_100529,112666
1014030_20180908_050232,112667
1014030_20180923_161325,112668
1014030_20181224_233249,112669
1014030_20190418_165154,112670
1014030_20191028_021636,112671
1014030_20200214_003024,112672
1014030_20200306_084023,112673
1014030_20200306_055750,112674
1014030_20200809_054239,112675
1014030_20201103_123327,112676
1014030_20201104_112333,112677
1014030_20201130_012911,112678
1014030_20201130_021852,112679
1014030_20210310_160650,112680
1014030_20210710_064504,112681
1014030_20210903_125909,112682
1014030_20220129_214640,112683
1014030_20220211_191853,112684
1014030_20220418_155636,112685
1014030_20220419_023732,112686
1014030_20220907_204818,112687
1014030_20220920_151800,112688
1014030_20221118_014611,112689
1011133_20180527_213250,112690
1011133_20180920_172349,112691
1011133_20190509_144054,112692
1011133_20190531_104401,112693
1011133_20220519_123755,112694
1012085_20180527_054323,112695
1012085_20190529_043118,112696
1012085_20190529_044804,112697
1012085_20190805_024152,112698
1012085_20190815_000105,112699
1012085_20191210_033928,112700
1012085_20191210_015454,112701
1012085_20200319_155101,112702
1012085_20210617_132346,112703
1012085_20210617_041359,112704
1012085_20210617_042527,112705
1012085_20210617_164758,112706
1012085_20211229_175137,112707
1012085_20220122_103420,112708
1012085_20220215_011231,112709
1012085_20220220_033004,112710
1012085_20220929_112816,112711
1012085_20221005_051529,112712
nc73821361_20180527_190045,112713
nc73821361_20180806_015956,112714
nc73821361_20190902_122139,112715
nc73821361_20191212_105524,112716
nc73821361_20200105_014034,112717
nc73821361_20200201_161315,112718
nc73821361_20200630_132920,112719
nc73821361_20200902_132958,112720
nc73821361_20210805_073216,112721
nc73821361_20210810_193057,112722
nc73821361_20210828_071022,112723
nc73821361_20211004_173738,112724
nc73821361_20211018_091239,112725
nc73821361_20211109_132316,112726
nc73821361_20220318_161126,112727
nc73821361_20220907_175442,112728
nc73842451_20180529_142203,112729
nc73824126_20180531_022758,112730
nc73824126_20180707_024449,112731
nc73824126_20190131_111139,112732
1008613_20180601_075312,112733
1008613_20181023_112122,112734
1008613_20181202_230254,112735
1008613_20190722_080717,112736
1008613_20200321_092932,112737
1008613_20211103_110847,112738
1008613_20211103_041039,112739
1008613_20211103_163614,112740
1008613_20211220_215850,112741
1008613_20220106_192144,112742
nc73822671_20180602_222140,112743
nc73822671_20180603_144226,112744
nc73822671_20180604_000920,112745
nc73822671_20180604_145515,112746
nc73822671_20180604_132846,112747
nc73822671_20180604_090923,112748
nc73822671_20180604_181050,112749
nc73822671_20180604_135147,112750
nc73822671_20180604_143944,112751
nc73822671_20180604_134500,112752
nc73822671_20180605_020949,112753
nc73822671_20180605_151628,112754
nc73822671_20181025_015924,112755
nc73822671_20190204_013630,112756
nc73822671_20190205_190759,112757
nc73822671_20190205_190848,112758
nc73822671_20190205_234943,112759
nc73822671_20190205_123509,112760
nc73822671_20190205_151233,112761
nc73822671_20190206_165638,112762
nc73822671_20190206_071344,112763
nc73822671_20190206_125812,112764
nc73822671_20190206_195014,112765
nc73822671_20190206_232350,112766
nc73822671_20190207_023112,112767
nc73822671_20190303_042855,112768
nc73822671_20190526_000609,112769
nc73822671_20191117_020922,112770
nc73822671_20191119_080121,112771
nc73822671_20191119_191515,112772
nc73822671_20191120_050242,112773
nc73822671_20191217_124458,112774
nc73822671_20191222_001337,112775
nc73822671_20200221_200120,112776
nc73822671_20200222_055218,112777
nc73822671_20200301_202524,112778
nc73822671_20200503_133818,112779
nc73822671_20200504_190610,112780
nc73822671_20200504_094244,112781
nc73822671_20200504_081322,112782
nc73822671_20200504_153302,112783
nc73822671_20200504_112552,112784
nc73822671_20200504_083858,112785
nc73822671_20200504_094801,112786
nc73822671_20200504_082412,112787
nc73822671_20200504_084701,112788
nc73822671_20200505_025218,112789
nc73822671_20200505_121856,112790
nc73822671_20200505_095510,112791
nc73822671_20200505_014819,112792
nc73822671_20200505_095347,112793
nc73822671_20200505_001850,112794
nc73822671_20201116_105029,112795
nc73822671_20210105_215602,112796
nc73822671_20210331_223148,112797
nc73822671_20210710_072438,112798
nc73822671_20210710_115145,112799
nc73822671_20210710_190350,112800
nc73822671_20210711_223351,112801
nc73822671_20210715_190847,112802
nc73822671_20210715_130048,112803
nc73822671_20210825_191039,112804
nc73822671_20211105_035828,112805
nc73822671_20211105_035939,112806
nc73822671_20211105_052809,112807
nc73822671_20211107_025322,112808
nc73822671_20220113_024039,112809
nc73822671_20220115_232300,112810
nc73822671_20220503_091219,112811
nc73822671_20220503_112232,112812
nc73822671_20220504_162604,112813
nc73822671_20220504_124045,112814
nc73822671_20220504_092405,112815
nc73822671_20220504_011518,112816
nc73822671_20220505_143149,112817
nc73822671_20220510_120848,112818
nc73822671_20220711_071729,112819
nc73822671_20220817_064839,112820
nc73822671_20220925_154226,112821
1013842_20180605_081713,112822
1013842_20191003_152715,112823
1013842_20210927_143001,112824
1018902_20180605_060631,112825
1018902_20180819_195817,112826
1018902_20181020_092032,112827
1018902_20181202_150504,112828
1018902_20190408_154507,112829
1018902_20190526_095724,112830
1018902_20190526_013934,112831
1018902_20190717_082826,112832
1018902_20200219_010253,112833
1018902_20200901_020902,112834
1018902_20200914_182804,112835
1018902_20201008_054429,112836
1018902_20201219_121030,112837
1018902_20201225_010155,112838
1018902_20210204_003210,112839
1018902_20210207_201753,112840
1018902_20210226_083745,112841
1018902_20210402_222209,112842
1018902_20210503_155728,112843
1018902_20210526_055513,112844
1018902_20210719_030440,112845
1018902_20211116_091934,112846
1018902_20211220_210853,112847
1018902_20211220_212458,112848
1018902_20211220_201334,112849
1018902_20211220_233610,112850
1018902_20211221_113221,112851
1018902_20211221_131354,112852
1018902_20211221_165543,112853
1018902_20211222_075425,112854
1018902_20211222_134819,112855
1018902_20211222_024839,112856
1018902_20211223_073015,112857
1018902_20211231_104227,112858
1018902_20211231_033756,112859
1018902_20211231_213428,112860
1018902_20220103_004757,112861
1018902_20220109_114539,112862
1018902_20220116_134605,112863
1018902_20220118_091941,112864
1018902_20220121_141102,112865
1018902_20220131_071013,112866
1018902_20220204_041816,112867
1018902_20220210_005715,112868
1018902_20220210_181308,112869
1018902_20220213_081544,112870
1018902_20220216_131344,112871
1018902_20220218_161839,112872
1018902_20220221_121850,112873
1018902_20220222_205913,112874
1018902_20220226_015819,112875
1018902_20220301_035110,112876
1018902_20220309_234344,112877
1018902_20220310_211610,112878
1018902_20220324_051316,112879
1018902_20220324_045626,112880
1018902_20220402_072554,112881
1018902_20220405_070443,112882
1018902_20220406_035139,112883
1018902_20220408_100631,112884
1018902_20220416_214343,112885
1018902_20220418_080040,112886
1018902_20220421_073354,112887
1018902_20220421_103829,112888
1018902_20220430_060843,112889
1018902_20220503_192929,112890
1018902_20220503_212708,112891
1018902_20220505_211803,112892
1018902_20220505_171344,112893
1018902_20220506_202101,112894
1018902_20220507_123839,112895
1018902_20220508_074919,112896
1018902_20220508_103403,112897
1018902_20220516_053329,112898
1018902_20220520_195422,112899
1018902_20220520_155039,112900
1018902_20220520_221757,112901
1018902_20220520_183927,112902
1018902_20220520_170555,112903
1018902_20220520_191114,112904
1018902_20220523_222259,112905
1018902_20220523_110816,112906
1018902_20220524_113204,112907
1018902_20220528_012832,112908
1018902_20220529_035854,112909
1018902_20220606_014309,112910
1018902_20220608_215221,112911
1018902_20220608_083101,112912
1018902_20220610_020604,112913
1018902_20220614_184134,112914
1018902_20220622_195828,112915
1018902_20220623_010658,112916
1018902_20220706_225129,112917
1018902_20220724_023308,112918
1018902_20220727_210817,112919
1018902_20220822_161552,112920
1018902_20220824_105908,112921
1018902_20220824_204119,112922
1018902_20220825_195933,112923
1018902_20220828_094435,112924
1018902_20220904_085158,112925
1018902_20220905_172338,112926
1018902_20220907_035819,112927
1018902_20220908_202848,112928
1018902_20220916_112356,112929
1018902_20220921_125545,112930
1018902_20220921_203553,112931
1018902_20220930_024859,112932
1018902_20221002_222034,112933
1018902_20221009_033532,112934
1018692_20180611_124904,112935
1018692_20180718_085042,112936
1018692_20180824_052424,112937
1018692_20180901_092755,112938
1018692_20180901_093229,112939
1018692_20180901_080047,112940
1018692_20180901_091926,112941
1018692_20180901_064941,112942
1018692_20180901_053341,112943
1018692_20180901_082404,112944
1018692_20180901_105359,112945
1018692_20180901_111146,112946
1018692_20180901_065304,112947
1018692_20180901_054857,112948
1018692_20180901_103458,112949
1018692_20180901_082531,112950
1018692_20180901_231021,112951
1018692_20180901_073124,112952
1018692_20180901_163359,112953
1018692_20180901_102142,112954
1018692_20180901_231123,112955
1018692_20180901_101937,112956
1018692_20180901_100427,112957
1018692_20180901_215616,112958
1018692_20180901_221037,112959
1018692_20180901_150611,112960
1018692_20180901_173142,112961
1018692_20180901_150620,112962
1018692_20180901_214903,112963
1018692_20180901_100419,112964
1018692_20180901_233005,112965
1018692_20180901_233352,112966
1018692_20180901_221231,112967
1018692_20180901_100444,112968
1018692_20180901_232822,112969
1018692_20180901_120213,112970
1018692_20180901_183047,112971
1018692_20180901_171226,112972
1018692_20180902_030650,112973
1018692_20180902_062533,112974
1018692_20180902_055809,112975
1018692_20180902_125008,112976
1018692_20180902_051639,112977
1018692_20180902_211500,112978
1018692_20180902_000458,112979
1018692_20180902_053738,112980
1018692_20180902_140635,112981
1018692_20180903_145642,112982
1018692_20181021_153840,112983
1018692_20181231_223001,112984
1018692_20190202_162213,112985
1018692_20190216_174003,112986
1018692_20190409_123130,112987
1018692_20190409_122931,112988
1018692_20190409_123905,112989
1018692_20190409_223816,112990
1018692_20190509_030855,112991
1018692_20190623_070050,112992
1018692_20190623_141830,112993
1018692_20190623_161642,112994
1018692_20190623_085806,112995
1018692_20190623_161637,112996
1018692_20190623_071310,112997
1018692_20190623_070056,112998
1018692_20190623_141857,112999
1018692_20190623_050937,113000
1018692_20190623_051125,113001
1018692_20190623_153205,113002
1018692_20190623_091147,113003
1018692_20190623_163033,113004
1018692_20190623_170304,113005
1018692_20190623_170633,113006
1018692_20190623_051246,113007
1018692_20190623_163400,113008
1018692_20190623_131621,113009
1018692_20190623_052111,113010
1018692_20190623_051730,113011
1018692_20190623_140805,113012
1018692_20190623_053439,113013
1018692_20190623_200718,113014
1018692_20190623_060455,113015
1018692_20190623_112931,113016
1018692_20190623_144405,113017
1018692_20190623_114834,113018
1018692_20190623_150308,113019
1018692_20190623_120318,113020
1018692_20190623_125539,113021
1018692_20190623_095531,113022
1018692_20190623_073311,113023
1018692_20190623_082929,113024
1018692_20190623_125913,113025
1018692_20190623_095429,113026
1018692_20190623_102302,113027
1018692_20190623_113936,113028
1018692_20190623_060646,113029
1018692_20190623_085340,113030
1018692_20190623_042624,113031
1018692_20190623_060741,113032
1018692_20190623_175724,113033
1018692_20190623_184414,113034
1018692_20190623_054241,113035
1018692_20190623_160237,113036
1018692_20190623_044124,113037
1018692_20190623_053111,113038
1018692_20190624_070948,113039
1018692_20190624_104617,113040
1018692_20190625_003555,113041
1018692_20190625_003011,113042
1018692_20190625_063048,113043
1018692_20190625_082045,113044
1018692_20190625_082734,113045
1018692_20190625_081818,113046
1018692_20190626_012643,113047
1018692_20190626_014825,113048
1018692_20190629_225455,113049
1018692_20190630_003710,113050
1018692_20190703_175350,113051
1018692_20190703_174026,113052
1018692_20190704_065746,113053
1018692_20190704_033519,113054
1018692_20190713_032138,113055
1018692_20190805_084521,113056
1018692_20190805_073954,113057
1018692_20190805_104752,113058
1018692_20190807_112501,113059
1018692_20190810_035157,113060
1018692_20190810_034732,113061
1018692_20190811_064813,113062
1018692_20190814_171044,113063
1018692_20190822_070709,113064
1018692_20190824_143209,113065
1018692_20190824_162825,113066
1018692_20190824_154806,113067
1018692_20190824_203043,113068
1018692_20190827_182131,113069
1018692_20190909_035340,113070
1018692_20190909_041531,113071
1018692_20190914_020158,113072
1018692_20190923_182425,113073
1018692_20190924_024513,113074
1018692_20191002_014027,113075
1018692_20191003_023934,113076
1018692_20191020_040045,113077
1018692_20191109_180241,113078
1018692_20191109_172655,113079
1018692_20191109_095142,113080
1018692_20191226_201500,113081
1018692_20200103_183748,113082
1018692_20200103_210328,113083
1018692_20200103_210629,113084
1018692_20200103_203006,113085
1018692_20200105_083511,113086
1018692_20200106_155036,113087
1018692_20200118_233016,113088
1018692_20200120_042042,113089
1018692_20200125_014518,113090
1018692_20200125_033249,113091
1018692_20200125_040534,113092
1018692_20200125_035601,113093
1018692_20200125_033034,113094
1018692_20200125_041012,113095
1018692_20200125_032257,113096
1018692_20200125_033137,113097
1018692_20200206_175109,113098
1018692_20200206_130402,113099
1018692_20200206_140422,113100
1018692_20200206_140213,113101
1018692_20200206_082743,113102
1018692_20200206_173311,113103
1018692_20200206_135108,113104
1018692_20200206_082213,113105
1018692_20200207_025442,113106
1018692_20200207_023927,113107
1018692_20200308_194241,113108
1018692_20200311_134211,113109
1018692_20200313_023629,113110
1018692_20200320_234412,113111
1018692_20200326_025254,113112
1018692_20200408_020022,113113
1018692_20200415_181523,113114
1018692_20200416_062231,113115
1018692_20200416_063759,113116
1018692_20200419_074654,113117
1018692_20200423_175809,113118
1018692_20200523_083748,113119
1018692_20200524_041814,113120
1018692_20200617_055915,113121
1018692_20200721_063806,113122
1018692_20200806_083223,113123
1018692_20200809_013505,113124
1018692_20200903_073528,113125
1018692_20201005_021822,113126
1018692_20201102_203607,113127
1018692_20201112_024416,113128
1018692_20201113_024856,113129
1018692_20201220_203055,113130
1018692_20210311_142937,113131
1018692_20210312_051110,113132
1018692_20210331_235938,113133
1018692_20210401_171903,113134
1018692_20210409_082725,113135
1018692_20210416_042155,113136
1018692_20210417_225203,113137
1018692_20210518_124020,113138
1018692_20210519_224310,113139
1018692_20210607_223739,113140
1018692_20210616_134428,113141
1018692_20210628_083735,113142
1018692_20210628_075500,113143
1018692_20210628_051443,113144
1018692_20210628_012433,113145
1018692_20210705_014129,113146
1018692_20210728_160231,113147
1018692_20210728_160901,113148
1018692_20210802_003115,113149
1018692_20210823_002308,113150
1018692_20210922_232245,113151
1018692_20211219_122016,113152
1018692_20211219_124337,113153
1018692_20220129_183732,113154
1018692_20220207_004029,113155
1018692_20220216_150810,113156
1018692_20220224_221912,113157
1018692_20220323_212013,113158
1018692_20220405_235803,113159
1018692_20220406_204844,113160
1018692_20220406_234448,113161
1018692_20220505_183445,113162
1018692_20220529_220522,113163
1018692_20220530_033127,113164
1018692_20220608_135626,113165
1018692_20220915_171237,113166
1018692_20220927_163438,113167
1017946_20180612_111653,113168
1017946_20200114_011620,113169
1017134_20180614_075712,113170
1017134_20190115_200703,113171
1017134_20190205_144528,113172
1017134_20190221_233633,113173
1017134_20190309_205546,113174
1017134_20190521_225659,113175
1017134_20190525_033632,113176
1017134_20190826_121235,113177
1017134_20191218_164504,113178
1017134_20200201_045708,113179
1017134_20200215_002035,113180
1017134_20200227_015326,113181
1017134_20200227_010458,113182
1017134_20200503_112533,113183
1017134_20200503_114346,113184
1017134_20200503_131259,113185
1017134_20200929_155008,113186
1017134_20210527_205542,113187
1017134_20211102_183125,113188
1017134_20211105_140137,113189
1017134_20211129_193335,113190
1017134_20220205_140941,113191
1017134_20220226_023405,113192
1017134_20220422_012622,113193
1017134_20220502_030730,113194
1017134_20220502_093237,113195
nc73821551_20180614_055916,113196
nc73821551_20180704_144611,113197
nc73821551_20200328_121952,113198
nc73821551_20200914_174756,113199
nc73821551_20211224_182918,113200
1011660_20180616_074634,113201
1011660_20180616_033441,113202
1011660_20180817_042707,113203
1011660_20180817_070924,113204
1011660_20180817_010444,113205
1011660_20180817_022656,113206
1011660_20180825_064637,113207
1011660_20180925_145319,113208
1011660_20180926_120704,113209
1011660_20180930_211223,113210
1011660_20181003_043753,113211
1011660_20190509_144200,113212
1011660_20190829_073808,113213
1011660_20191128_071351,113214
1011660_20191129_042217,113215
1011660_20200210_204305,113216
1011660_20200210_195354,113217
1011660_20200419_130857,113218
1011660_20200607_184739,113219
1011660_20200720_164535,113220
1011660_20211125_113145,113221
1011660_20220131_024632,113222
1013353_20180616_024148,113223
1013353_20180616_032107,113224
1013353_20180709_060652,113225
1013353_20180817_072408,113226
1013353_20180919_073117,113227
1013353_20200419_160858,113228
1013353_20200419_155849,113229
1013353_20200526_023335,113230
1013353_20200626_103900,113231
1013353_20220122_111016,113232
1013353_20220129_061429,113233
1018779_20180617_122436,113234
1018779_20190320_123227,113235
1018779_20190623_212614,113236
1018779_20190623_075920,113237
1018779_20190726_081148,113238
1018779_20190806_143655,113239
1018779_20191208_134655,113240
1018779_20191220_202439,113241
1018779_20201003_031306,113242
1018779_20201127_145122,113243
1018779_20210104_220623,113244
1018779_20210123_223245,113245
1018779_20210529_220748,113246
1018779_20211205_193315,113247
1017828_20180618_215847,113248
1017828_20180712_131241,113249
1017828_20180725_110418,113250
1017828_20180916_133103,113251
1017828_20181013_032334,113252
1017828_20190905_044530,113253
1017828_20191210_042113,113254
1017828_20200318_221604,113255
1017828_20200427_155309,113256
1017828_20200713_130840,113257
1017828_20200815_034144,113258
1017828_20201011_194613,113259
1017828_20210809_170853,113260
1017828_20210811_005847,113261
1017828_20210906_224006,113262
1017828_20220107_065735,113263
1017828_20220605_115229,113264
1017828_20220904_191325,113265
1017017_20180620_171728,113266
1017017_20180622_152957,113267
1017017_20180622_054147,113268
1017017_20180707_123154,113269
1017017_20180707_162717,113270
1017017_20180707_161057,113271
1017017_20180709_123358,113272
1017017_20180709_130214,113273
1017017_20180710_104255,113274
1017017_20180710_033213,113275
1017017_20180710_033243,113276
1017017_20180711_060241,113277
1017017_20180713_073221,113278
1017017_20180717_151355,113279
1017017_20180801_184604,113280
1017017_20180803_075505,113281
1017017_20180804_114847,113282
1017017_20220528_182758,113283
1010740_20180621_083941,113284
1010740_20180918_105221,113285
1010740_20200823_001902,113286
1010740_20200907_042658,113287
1010740_20200907_040406,113288
1013643_20180625_091515,113289
1013643_20180723_172307,113290
1012015_20180627_175443,113291
1012015_20210916_114348,113292
1017433_20180628_030948,113293
1017433_20180902_182314,113294
1017433_20181013_004525,113295
1017433_20181102_102409,113296
1017433_20181108_195634,113297
1017433_20190420_001033,113298
1017433_20190610_085012,113299
1017433_20190612_061153,113300
1017433_20190910_035230,113301
1017433_20210915_122518,113302
1017433_20210917_183917,113303
1017433_20210917_183924,113304
1017433_20210924_135215,113305
1017433_20211106_130856,113306
1017433_20211119_212530,113307
1017433_20220710_234628,113308
1017433_20220821_022817,113309
1017433_20221008_083511,113310
1017433_20221015_022544,113311
1017433_20221107_222257,113312
1017293_20180701_055914,113313
1018517_20180819_132251,113314
1016637_20180702_065458,113315
1016637_20180702_064758,113316
1016637_20211221_051352,113317
1016637_20220725_133534,113318
1016637_20220802_104008,113319
nc73822146_20180703_213711,113320
nc73822146_20180728_033803,113321
nc73822146_20190611_213306,113322
nc73822146_20190627_024813,113323
nc73822146_20190907_084253,113324
nc73822146_20200506_021526,113325
nc73822146_20210727_073424,113326
1013462_20180704_144616,113327
1013462_20180704_144602,113328
1013462_20180812_165202,113329
1013462_20180922_225448,113330
1013462_20190323_022017,113331
1013462_20200409_083801,113332
1013462_20210221_193538,113333
1013462_20211031_111833,113334
1013462_20220206_094913,113335
1013462_20220609_071218,113336
1016793_20180705_132758,113337
1016793_20180706_042250,113338
1016793_20180821_121647,113339
1016793_20190715_045554,113340
1016793_20191125_070646,113341
1016793_20200409_101058,113342
1016793_20201129_103433,113343
1016793_20211220_203253,113344
1016793_20211220_222710,113345
1016793_20211221_005528,113346
1016793_20211221_121310,113347
1016793_20211223_053727,113348
1016793_20220102_005353,113349
1016793_20220115_073844,113350
1016793_20220225_082704,113351
1016793_20220228_021831,113352
1016793_20220418_121019,113353
1016793_20220420_111454,113354
1016793_20220622_180211,113355
1016793_20220626_052319,113356
1016793_20220706_114429,113357
1016793_20220830_083716,113358
1016793_20220905_000323,113359
1016793_20220922_063718,113360
1016793_20221008_111301,113361
1016793_20221008_090345,113362
1016793_20221021_142839,113363
1016793_20221031_113755,113364
1016793_20221102_135703,113365
1016793_20221112_152941,113366
1016793_20221116_064839,113367
1014454_20180707_013717,113368
1014454_20190126_122602,113369
1014454_20191020_150217,113370
1014454_20200212_131137,113371
1014454_20211128_211922,113372
1014454_20211128_215802,113373
1014454_20220306_200117,113374
1013249_20180710_213542,113375
1013249_20210905_202042,113376
1011185_20180711_231410,113377
1011185_20181203_194636,113378
1011185_20190111_191757,113379
1011185_20211220_210201,113380
1011185_20211220_232518,113381
1011185_20220106_154606,113382
1011185_20220106_133731,113383
1011185_20220306_203927,113384
1011185_20220404_121344,113385
1011185_20220609_073425,113386
1013000_20180711_161540,113387
1013000_20220719_081700,113388
1009651_20180712_011254,113389
nc73813841_20180712_090531,113390
nc73813841_20190222_074201,113391
nc73813841_20201126_062527,113392
nc73813841_20210718_070550,113393
nc73813841_20210718_064937,113394
nc73813841_20210718_110241,113395
nc73813841_20210718_083541,113396
nc73813841_20210719_041009,113397
nc73813841_20210721_100535,113398
nc73813841_20210721_114404,113399
nc73813841_20210722_005850,113400
nc73813841_20210722_233440,113401
nc73813841_20210722_103645,113402
nc73813841_20210723_200955,113403
nc73813841_20210723_172714,113404
nc73813841_20210724_015003,113405
nc73813841_20210724_084149,113406
nc73813841_20210724_083842,113407
nc73813841_20210724_190205,113408
nc73813841_20210725_201715,113409
nc73813841_20210725_232057,113410
nc73813841_20210725_200530,113411
nc73813841_20210725_184910,113412
nc73813841_20210725_234327,113413
nc73813841_20210725_213743,113414
nc73813841_20210725_072413,113415
nc73813841_20210725_055531,113416
nc73813841_20210726_065022,113417
nc73813841_20210726_192724,113418
nc73813841_20210726_080951,113419
nc73813841_20210726_233414,113420
nc73813841_20210726_053510,113421
nc73813841_20210727_125433,113422
nc73813841_20210727_103725,113423
nc73813841_20210728_193215,113424
nc73813841_20210728_023756,113425
nc73813841_20210728_052746,113426
nc73813841_20210728_091247,113427
nc73813841_20210728_150649,113428
nc73813841_20210728_000849,113429
nc73813841_20210729_224518,113430
nc73813841_20210729_183928,113431
nc73813841_20210729_120858,113432
nc73813841_20210730_145842,113433
nc73813841_20210730_033035,113434
nc73813841_20210730_063611,113435
nc73813841_20210731_163738,113436
nc73813841_20210731_134023,113437
nc73813841_20210731_111330,113438
nc73813841_20210731_015116,113439
nc73813841_20210731_042010,113440
nc73813841_20210731_055544,113441
nc73813841_20210731_110751,113442
nc73813841_20210801_165520,113443
nc73813841_20210801_132848,113444
nc73813841_20210801_064439,113445
nc73813841_20210801_212630,113446
nc73813841_20210801_213137,113447
nc73813841_20210801_083931,113448
nc73813841_20210801_163412,113449
nc73813841_20210802_075025,113450
nc73813841_20210802_063421,113451
nc73813841_20210802_212302,113452
nc73813841_20210802_114132,113453
nc73813841_20210803_024018,113454
nc73813841_20210804_211143,113455
nc73813841_20210805_093012,113456
nc73813841_20210806_205836,113457
nc73813841_20210807_105338,113458
nc73813841_20210807_110744,113459
nc73813841_20210807_140637,113460
nc73813841_20210809_123131,113461
nc73813841_20210810_020325,113462
nc73813841_20210810_154138,113463
nc73813841_20210812_080317,113464
nc73813841_20210813_234003,113465
nc73813841_20210813_041120,113466
nc73813841_20210813_224103,113467
nc73813841_20210814_061210,113468
nc73813841_20210814_193922,113469
nc73813841_20210817_161338,113470
nc73813841_20210819_233320,113471
nc73813841_20210819_185801,113472
nc73813841_20210819_233804,113473
nc73813841_20210819_233608,113474
nc73813841_20210819_115838,113475
nc73813841_20210819_140821,113476
nc73813841_20210820_180137,113477
nc73813841_20210822_134425,113478
nc73813841_20210822_162025,113479
nc73813841_20210822_134521,113480
nc73813841_20210822_125806,113481
nc73813841_20210823_224422,113482
nc73813841_20210823_000005,113483
nc73813841_20210824_044553,113484
nc73813841_20210824_131627,113485
nc73813841_20210824_044742,113486
nc73813841_20210824_110524,113487
nc73813841_20210825_084230,113488
nc73813841_20210825_111202,113489
nc73813841_20210825_193913,113490
nc73813841_20210827_234532,113491
nc73813841_20210828_084317,113492
nc73813841_20210829_210220,113493
nc73813841_20210830_164016,113494
nc73813841_20210831_193451,113495
nc73813841_20210831_013400,113496
nc73813841_20210831_094930,113497
nc73813841_20210831_101951,113498
nc73813841_20210831_090514,113499
nc73813841_20210831_091726,113500
nc73813841_20210831_041531,113501
nc73813841_20210901_001229,113502
nc73813841_20210901_200204,113503
nc73813841_20210902_003908,113504
nc73813841_20210902_003845,113505
nc73813841_20210902_104424,113506
nc73813841_20210902_141441,113507
nc73813841_20210903_181552,113508
nc73813841_20210903_155354,113509
nc73813841_20210903_105731,113510
nc73813841_20210903_221839,113511
nc73813841_20210904_141557,113512
nc73813841_20210904_001615,113513
nc73813841_20210904_234457,113514
nc73813841_20210905_225247,113515
nc73813841_20210905_232208,113516
nc73813841_20210905_003511,113517
nc73813841_20210905_232412,113518
nc73813841_20210905_185924,113519
nc73813841_20210906_052911,113520
nc73813841_20210907_134343,113521
nc73813841_20210907_151735,113522
nc73813841_20210908_233217,113523
nc73813841_20210909_215801,113524
nc73813841_20210909_221830,113525
nc73813841_20210910_170637,113526
nc73813841_20210910_102424,113527
nc73813841_20210912_135431,113528
nc73813841_20210913_044824,113529
nc73813841_20210915_195759,113530
nc73813841_20210915_092852,113531
nc73813841_20210915_083936,113532
nc73813841_20210915_063738,113533
nc73813841_20210916_083704,113534
nc73813841_20210917_063605,113535
nc73813841_20210917_222721,113536
nc73813841_20210917_090158,113537
nc73813841_20210919_060538,113538
nc73813841_20210919_030827,113539
nc73813841_20210922_000823,113540
nc73813841_20210922_000255,113541
nc73813841_20210922_164116,113542
nc73813841_20210922_000244,113543
nc73813841_20210925_131820,113544
nc73813841_20210925_003722,113545
nc73813841_20210926_062037,113546
nc73813841_20210927_044439,113547
nc73813841_20211005_012435,113548
nc73813841_20211005_204355,113549
nc73813841_20211012_034722,113550
nc73813841_20211018_172433,113551
nc73813841_20211025_010332,113552
nc73813841_20211026_060831,113553
nc73813841_20211122_041727,113554
nc73813841_20211223_090220,113555
nc73813841_20211223_185552,113556
nc73813841_20211223_082756,113557
nc73813841_20211223_112440,113558
nc73813841_20211223_121631,113559
nc73813841_20211223_133642,113560
nc73813841_20211223_185715,113561
nc73813841_20211224_164439,113562
nc73813841_20211224_044233,113563
nc73813841_20211225_061906,113564
nc73813841_20211225_162055,113565
nc73813841_20211225_061805,113566
nc73813841_20211225_072729,113567
nc73813841_20211226_124526,113568
nc73813841_20211228_034420,113569
nc73813841_20211228_210016,113570
nc73813841_20220106_005931,113571
nc73813841_20220111_120221,113572
nc73813841_20220331_233326,113573
nc73813841_20220710_055723,113574
nc73813841_20220710_064741,113575
nc73813841_20220712_012409,113576
nc73813841_20220719_002227,113577
nc73813841_20220719_235152,113578
nc73813841_20220725_225346,113579
nc73813841_20220729_195659,113580
nc73813841_20220731_150135,113581
nc73813841_20220807_082251,113582
nc73813841_20220809_043831,113583
nc73813841_20220809_184147,113584
nc73813841_20220812_210813,113585
nc73813841_20220814_063510,113586
nc73813841_20220814_011727,113587
nc73813841_20220818_125946,113588
nc73813841_20220821_004348,113589
nc73813841_20220823_181409,113590
nc73813841_20220830_060339,113591
nc73813841_20220830_055940,113592
nc73813841_20220903_120010,113593
nc73813841_20220914_014759,113594
nc73813841_20220914_015122,113595
nc73813841_20220928_101030,113596
nc73813841_20221001_110021,113597
nc73813841_20221006_042803,113598
nc73813841_20221007_171803,113599
nc73813841_20221010_235106,113600
nc73813841_20221010_051155,113601
nc73813841_20221013_135248,113602
nc73813841_20221015_010650,113603
nc73813841_20221015_074136,113604
nc73813841_20221020_040358,113605
nc73813841_20221030_125954,113606
nc73813841_20221030_065119,113607
nc73813841_20221117_224508,113608
nc73813841_20221118_015726,113609
nc73813841_20221119_105449,113610
nc73813841_20221119_134751,113611
nc73813841_20221123_030338,113612
nc73813841_20221126_133028,113613
1016182_20180713_101009,113614
1016182_20190716_152724,113615
1016182_20190804_213001,113616
1016182_20190818_010000,113617
1016182_20190930_150811,113618
1016182_20200614_091955,113619
1016182_20200614_123353,113620
1016182_20201006_174122,113621
1016182_20210703_040904,113622
1016182_20210703_032657,113623
1016182_20210811_003429,113624
1016182_20210820_235104,113625
1016182_20210820_173419,113626
1016182_20210820_213804,113627
1016182_20210821_020158,113628
1016182_20210821_044300,113629
1016182_20210822_130131,113630
1016182_20210920_225447,113631
1016182_20211129_105742,113632
1016182_20211129_194207,113633
1016182_20211129_184248,113634
1016182_20211129_120939,113635
1016182_20220730_145810,113636
1016182_20220730_142308,113637
1016182_20220830_134328,113638
1016182_20220922_080249,113639
1016182_20220922_023648,113640
1016182_20220923_011936,113641
1017852_20180714_133756,113642
1017852_20190111_110913,113643
1017852_20190302_095043,113644
1017852_20190304_113305,113645
1017852_20190922_210013,113646
1017852_20191005_140646,113647
1017852_20200128_230402,113648
1017852_20200324_005531,113649
1017852_20200325_132815,113650
1017852_20200410_203617,113651
1017852_20200414_025734,113652
1017852_20201126_022813,113653
1017852_20210620_092912,113654
1017852_20210815_001752,113655
1017852_20210914_193356,113656
1017852_20211018_125452,113657
1017852_20211122_212730,113658
1017852_20211123_022244,113659
1017852_20211124_023411,113660
1017852_20211126_143136,113661
1017852_20211129_212516,113662
1017852_20211209_213932,113663
1017852_20211217_162512,113664
1017852_20211221_034222,113665
1017852_20211221_032424,113666
1017852_20211221_094226,113667
1017852_20211221_145906,113668
1017852_20211221_021337,113669
1017852_20211221_051011,113670
1017852_20211221_165206,113671
1017852_20211221_141329,113672
1017852_20211221_001459,113673
1017852_20211221_161737,113674
1017852_20211221_050054,113675
1017852_20211221_123845,113676
1017852_20211221_104549,113677
1017852_20211221_091354,113678
1017852_20211221_014815,113679
1017852_20211221_050934,113680
1017852_20211221_041908,113681
1017852_20211225_045853,113682
1017852_20211226_075823,113683
1017852_20211227_054354,113684
1017852_20211228_104457,113685
1017852_20220211_203536,113686
1017852_20220329_233304,113687
1017852_20220421_004910,113688
1017852_20220612_014038,113689
1017852_20220921_235328,113690
1017852_20221003_210537,113691
nc73824006_20180714_180726,113692
nc73824006_20180830_012742,113693
nc73824006_20181128_081530,113694
nc73824006_20190401_134037,113695
nc73824006_20190615_115014,113696
nc73824006_20190830_002543,113697
nc73824006_20190929_113827,113698
nc73824006_20200107_211424,113699
nc73824006_20200209_153009,113700
nc73824006_20200318_223439,113701
nc73824006_20200420_215808,113702
nc73824006_20211129_101446,113703
nc73824006_20220224_182844,113704
1012775_20180715_171327,113705
1012775_20191029_021310,113706
1012775_20200825_020340,113707
1012775_20201207_045916,113708
1012775_20201207_045409,113709
1012775_20210405_064302,113710
1012775_20210602_080104,113711
1012775_20210619_150943,113712
1012775_20210802_014232,113713
1012775_20210927_135430,113714
1012775_20211119_051406,113715
1012775_20211126_155618,113716
nc73821071_20180715_020631,113717
1012984_20180716_084330,113718
1012984_20180927_102719,113719
1012984_20190916_234137,113720
1012984_20211221_004641,113721
1012984_20211222_154816,113722
1011993_20180721_084011,113723
1011993_20180721_090821,113724
1011993_20180906_035111,113725
1011993_20200917_215514,113726
1011993_20211014_124557,113727
1011993_20220523_094906,113728
1011993_20220707_101642,113729
1011993_20220905_191310,113730
nc73822826_20180723_130022,113731
nc73822826_20190329_055635,113732
nc73822826_20190331_181949,113733
nc73822826_20190518_112828,113734
nc73822826_20191105_234956,113735
nc73822826_20200307_095350,113736
nc73822826_20200923_152724,113737
nc73822826_20210911_045227,113738
nc73822826_20210916_013635,113739
nc73822826_20220503_130848,113740
nc73822826_20220601_081528,113741
1010859_20180727_063016,113742
1010859_20181104_214437,113743
1010859_20181117_065842,113744
1010859_20190828_003921,113745
1010859_20190908_154041,113746
1010859_20190908_170714,113747
1010859_20190908_153419,113748
1010859_20190908_123414,113749
1010859_20190909_075953,113750
1010859_20190909_080454,113751
1010859_20211127_103420,113752
1010859_20211127_103341,113753
1009641_20180801_230840,113754
1014767_20180801_051824,113755
1014767_20190128_102641,113756
1015891_20180801_113257,113757
1015891_20180816_191231,113758
1015891_20180817_001147,113759
1015891_20180920_105059,113760
1015891_20181231_015649,113761
1015891_20190321_075157,113762
1015891_20190525_070959,113763
1015891_20190623_051253,113764
1015891_20200620_165048,113765
1015891_20201214_113035,113766
1012440_20180803_084536,113767
1012440_20180904_131420,113768
1012440_20181205_081451,113769
1012440_20181205_071151,113770
1012440_20181205_142211,113771
1012440_20190412_064921,113772
1012440_20200623_094632,113773
1012440_20200623_154328,113774
1012440_20200623_150405,113775
1012440_20200623_092833,113776
1012440_20210201_004426,113777
1012440_20210312_061215,113778
1012440_20211003_153330,113779
1012440_20211003_154244,113780
1012440_20211005_061843,113781
1012440_20211005_035929,113782
1012440_20211006_164529,113783
1012440_20211006_144724,113784
1012440_20211006_171328,113785
1012440_20211006_025031,113786
1012440_20211006_184027,113787
1012440_20211006_194919,113788
1012440_20211006_193917,113789
1012440_20211006_004712,113790
1012440_20211006_205753,113791
1012440_20211006_114223,113792
1012440_20211007_192339,113793
1012440_20211008_063329,113794
1012440_20211008_045835,113795
1012440_20211009_203118,113796
1012440_20211009_194444,113797
1012440_20211009_035730,113798
1012440_20211009_194038,113799
1012440_20211010_145546,113800
1012440_20211010_054008,113801
1012440_20211222_203528,113802
1012440_20220915_212907,113803
1018243_20180803_160720,113804
1018243_20190615_201411,113805
1018243_20200627_091729,113806
1018243_20200627_013836,113807
1018243_20200707_225304,113808
1018243_20210628_091748,113809
1018243_20211003_050452,113810
1018243_20211012_140017,113811
1018243_20220219_180947,113812
nc73821046_20180803_220011,113813
1011909_20180805_020526,113814
1011909_20200318_233229,113815
1011909_20200503_173524,113816
1011909_20220102_055308,113817
1017014_20180805_061847,113818
1017014_20181110_145827,113819
1012807_20180806_134817,113820
1012807_20200917_012149,113821
1012807_20210206_124637,113822
1012807_20221022_013208,113823
nc73818551_20180807_192417,113824
nc73818551_20180808_123327,113825
nc73818551_20180812_105020,113826
nc73818551_20181026_174431,113827
nc73818551_20190411_233806,113828
nc73818551_20190505_092359,113829
nc73818551_20190825_021420,113830
nc73818551_20190912_112827,113831
nc73818551_20191018_010946,113832
nc73818551_20200129_000255,113833
nc73818551_20200130_214849,113834
nc73818551_20200305_210042,113835
nc73818551_20201223_121331,113836
nc73818551_20210101_122747,113837
nc73818551_20210510_193246,113838
nc73818551_20210520_101833,113839
nc73818551_20210529_140739,113840
nc73818551_20210710_114856,113841
nc73818551_20211004_203435,113842
nc73818551_20211031_143248,113843
nc73818551_20211031_150913,113844
nc73818551_20211103_134302,113845
nc73818551_20211128_043526,113846
nc73818551_20220213_114303,113847
nc73818551_20220405_011910,113848
nc73818551_20220529_171938,113849
nc73818551_20220728_065334,113850
nc73818551_20220814_052315,113851
nc73818551_20220822_043443,113852
nc73818551_20221104_223807,113853
1012604_20180808_125614,113854
1012604_20190406_155533,113855
1012604_20190416_023813,113856
1012604_20190429_104933,113857
1012604_20210221_233532,113858
1012604_20210306_091531,113859
1012604_20210306_091635,113860
1011677_20180815_015440,113861
1011677_20191030_002047,113862
1011677_20200823_055451,113863
1011677_20200828_215757,113864
1011677_20210728_040615,113865
1018854_20180815_183454,113866
1018854_20200901_030028,113867
1018854_20201210_055002,113868
1018854_20210324_090616,113869
nc73858810_20180815_020722,113870
nc73858810_20190329_053617,113871
nc73858810_20190730_105042,113872
nc73858810_20190915_063245,113873
nc73858810_20201030_165420,113874
nc73858810_20211220_234902,113875
nc73858810_20211220_202708,113876
nc73858810_20211220_201454,113877
nc73858810_20211220_205100,113878
nc73858810_20211221_043424,113879
nc73858810_20211222_033748,113880
nc73858810_20211222_040446,113881
nc73858810_20211223_011324,113882
nc73858810_20211225_011527,113883
nc73858810_20211226_173629,113884
nc73858810_20211227_141220,113885
nc73858810_20211228_063234,113886
nc73858810_20220104_033723,113887
nc73858810_20220105_202038,113888
nc73858810_20220105_153702,113889
nc73858810_20220106_043133,113890
nc73858810_20220112_150018,113891
nc73858810_20220118_120001,113892
nc73858810_20220119_075957,113893
nc73858810_20220127_164423,113894
nc73858810_20220202_073725,113895
nc73858810_20220204_233657,113896
nc73858810_20220209_152907,113897
nc73858810_20220220_110251,113898
nc73858810_20220228_230131,113899
nc73858810_20220305_121048,113900
nc73858810_20220325_072924,113901
nc73858810_20220403_172151,113902
nc73858810_20220408_022659,113903
nc73858810_20220416_092642,113904
nc73858810_20220615_025215,113905
nc73858810_20220816_104030,113906
1009343_20180816_204358,113907
1009343_20180918_234729,113908
1009343_20200419_135945,113909
1009343_20200914_220719,113910
1016589_20180816_201744,113911
1016589_20180816_220903,113912
1016589_20220720_062850,113913
1016589_20220809_075933,113914
1016589_20220809_080940,113915
1012386_20180817_040002,113916
1011435_20180818_151118,113917
1011435_20180823_121925,113918
1011435_20190112_211139,113919
1011435_20210930_044334,113920
1011435_20211107_093554,113921
1011435_20211218_090226,113922
1011435_20211221_065200,113923
1011435_20220721_160506,113924
1011435_20221018_201502,113925
1011435_20221025_213856,113926
1012711_20180819_002114,113927
1012711_20181012_034211,113928
1014175_20180819_103950,113929
1008407_20180820_072805,113930
1009500_20180822_004327,113931
1009500_20190619_132909,113932
1009500_20200205_045423,113933
1009500_20200328_220925,113934
1009500_20200526_130034,113935
1009500_20200526_125632,113936
1009500_20210511_015519,113937
1009500_20210627_224141,113938
1009500_20210706_105214,113939
1009500_20211221_013233,113940
1009500_20220111_204606,113941
1009500_20220530_072623,113942
1009500_20220623_111738,113943
1010693_20180824_042145,113944
1010693_20200313_164943,113945
1013259_20180824_165933,113946
1013259_20190527_023025,113947
1013259_20190901_001943,113948
1013259_20210930_063138,113949
1013259_20221128_183614,113950
1009456_20180827_123213,113951
1009456_20200318_225840,113952
1010937_20180828_072134,113953
1010937_20180906_023158,113954
1010937_20211130_143709,113955
1010937_20220118_102537,113956
1008777_20180831_081058,113957
1008777_20190717_024102,113958
1008777_20200422_105404,113959
1008777_20210420_211553,113960
1008777_20220401_042643,113961
1013551_20180831_112054,113962
1013551_20180916_065708,113963
1013551_20191113_170404,113964
1013551_20200214_091607,113965
1013551_20210627_110903,113966
1013551_20220706_112904,113967
1013551_20220816_080008,113968
1013551_20220829_215739,113969
nc73822101_20180905_054451,113970
nc73822101_20191210_050949,113971
nc73822101_20211007_174715,113972
1012569_20180906_044106,113973
1012569_20190514_211206,113974
1012569_20191012_083414,113975
1012569_20191012_072805,113976
1012569_20191102_010955,113977
1012569_20200303_060136,113978
1012569_20200323_063408,113979
1012569_20210404_162645,113980
1012569_20211201_032346,113981
1012569_20211220_205627,113982
1012569_20211222_044054,113983
1012569_20211223_014746,113984
1012569_20211224_222325,113985
1012569_20211225_004745,113986
1012569_20211228_222703,113987
1012569_20220101_102430,113988
1012569_20220115_131102,113989
1012569_20220117_073311,113990
1012569_20220218_221704,113991
1017055_20180907_054304,113992
1017055_20200319_060815,113993
1017055_20200913_114218,113994
1017055_20220806_114623,113995
1017809_20180909_164147,113996
1017316_20180912_235036,113997
1017316_20210615_160037,113998
1017316_20220918_082906,113999
1009167_20180917_072308,114000
1011058_20180918_231524,114001
1011058_20180923_224209,114002
1011058_20190929_141334,114003
1011058_20200817_224409,114004
1011058_20200817_223702,114005
1011058_20201109_020538,114006
1011058_20210629_053228,114007
1011058_20210902_070332,114008
1011058_20210902_083305,114009
1015168_20180919_072829,114010
1015168_20200424_184427,114011
1015168_20210317_075824,114012
1015168_20210321_140832,114013
1015168_20210321_145250,114014
1015168_20211121_022134,114015
nc73847586_20180920_101751,114016
1009692_20180924_033457,114017
1009371_20180929_131310,114018
1009371_20180929_132336,114019
nc73821616_20181001_230010,114020
nc73821841_20181001_073201,114021
1010528_20181002_192542,114022
1010528_20200309_034553,114023
1014212_20181002_140120,114024
1014212_20200607_091849,114025
1014212_20220107_011930,114026
1014212_20220119_073429,114027
1014212_20220130_153914,114028
1014212_20220131_060249,114029
1014212_20220205_171031,114030
1014212_20220305_150456,114031
1014212_20220305_152000,114032
1014212_20220305_141315,114033
1014212_20220305_152433,114034
1014212_20220305_152426,114035
1014212_20220316_232848,114036
1014212_20220317_160109,114037
1014212_20220318_020221,114038
1014212_20220318_025556,114039
1014212_20220323_001552,114040
1014212_20220513_211304,114041
1014212_20220513_110301,114042
1014212_20220709_131058,114043
1014212_20220719_144303,114044
1014212_20220719_055912,114045
1014212_20220724_163715,114046
1014212_20220724_201626,114047
1014212_20220726_025653,114048
1014212_20220912_075619,114049
1014212_20220912_162623,114050
1014212_20220912_065634,114051
1014212_20220912_065716,114052
1014212_20220912_064745,114053
1014212_20220912_070214,114054
1014212_20220912_065547,114055
1014212_20220912_070041,114056
1014212_20220912_065844,114057
1014212_20220913_120009,114058
1014212_20220913_123828,114059
1014212_20220913_235939,114060
1014212_20220915_043842,114061
1014212_20220919_104520,114062
1014212_20221013_000153,114063
1014212_20221030_082041,114064
1014212_20221121_110327,114065
1014212_20221121_095647,114066
1014212_20221121_112443,114067
1014212_20221121_110534,114068
1014212_20221121_120233,114069
1014212_20221121_122143,114070
1014212_20221121_110454,114071
1014212_20221122_013911,114072
1014212_20221124_071624,114073
1014212_20221127_082921,114074
1014212_20221127_071505,114075
1014212_20221127_070421,114076
1014212_20221128_022949,114077
1017703_20181008_032859,114078
1017703_20210113_143406,114079
1017703_20210221_003310,114080
1017703_20210803_110916,114081
1017703_20210918_194030,114082
1017703_20210923_195536,114083
1017703_20211014_034845,114084
1017703_20211220_203034,114085
1017703_20211220_204000,114086
1017703_20211221_042203,114087
1017703_20211229_065241,114088
1017703_20220208_034125,114089
1017703_20220213_083055,114090
1017703_20220213_215527,114091
1017703_20220213_072114,114092
1017703_20220323_154006,114093
1017703_20220401_160654,114094
1017703_20220724_164736,114095
1017703_20220820_082205,114096
1017703_20220915_011856,114097
1017703_20221009_211616,114098
1011065_20181009_134743,114099
1011065_20190509_143444,114100
1011065_20190724_090108,114101
1011065_20191106_134223,114102
1011065_20210112_113040,114103
nc73875220_20181012_100001,114104
nc73875220_20200205_055825,114105
nc73875220_20200317_125145,114106
nc73875220_20200415_071747,114107
nc73875220_20200514_140836,114108
nc73875220_20200901_032301,114109
nc73875220_20201213_094257,114110
nc73875220_20220626_061219,114111
nc73875220_20220922_060032,114112
nc73875220_20220922_060218,114113
nc73875220_20220922_072146,114114
nc73875220_20220922_155211,114115
nc73875220_20220923_073642,114116
nc73875220_20220923_102744,114117
nc73875220_20220925_111014,114118
nc73875220_20221001_160011,114119
nc73875220_20221001_111518,114120
nc73875220_20221026_125238,114121
nc73875220_20221028_195259,114122
nc73875220_20221028_195410,114123
nc73829011_20181016_205937,114124
nc73829011_20200121_181613,114125
nc73829011_20200320_050218,114126
nc73829011_20210116_184224,114127
nc73822751_20181018_062307,114128
nc73822751_20190802_124928,114129
nc73822751_20211007_122254,114130
nc73822751_20211010_171653,114131
nc73822751_20220131_195242,114132
1011077_20181024_074251,114133
1011077_20210104_061434,114134
nc73836101_20181026_011009,114135
nc73836101_20181026_011147,114136
nc73836101_20181026_020002,114137
nc73836101_20190201_212927,114138
nc73836101_20190202_023319,114139
nc73836101_20190202_022921,114140
nc73836101_20190202_024009,114141
nc73836101_20190202_025011,114142
nc73836101_20190704_105806,114143
nc73836101_20191124_225938,114144
nc73836101_20200911_211556,114145
nc73836101_20200911_212414,114146
nc73836101_20210718_040208,114147
nc73836101_20220106_161151,114148
nc73836101_20220107_034825,114149
nc73836101_20220728_233244,114150
nc73836101_20220903_045308,114151
nc73836101_20220926_204026,114152
nc73836101_20221108_123151,114153
1013820_20181027_183917,114154
1013820_20181027_203810,114155
1013820_20190731_235746,114156
1013820_20191215_213144,114157
1013820_20191215_235319,114158
1013820_20191215_204230,114159
1013820_20191215_233645,114160
1013820_20191215_101937,114161
1013820_20191215_215426,114162
1013820_20191216_025250,114163
1013820_20191216_015554,114164
1013820_20191216_003430,114165
1013820_20191216_040930,114166
1013820_20191216_010128,114167
1013820_20191216_015425,114168
1013820_20191216_022152,114169
1013820_20191216_013035,114170
1013820_20191216_014020,114171
1013820_20191216_003701,114172
1013820_20191216_015056,114173
1013820_20191216_050429,114174
1013820_20200630_182445,114175
1013820_20201107_050331,114176
1013820_20210625_114703,114177
1013820_20210629_144928,114178
1013820_20210712_080652,114179
1013820_20210731_154027,114180
1013820_20211006_181756,114181
1013820_20220107_223442,114182
1013820_20220121_155259,114183
1013820_20220131_082636,114184
1013820_20220606_082520,114185
1013820_20220726_052028,114186
1013820_20221119_115709,114187
1012796_20181103_204051,114188
1017396_20181107_125500,114189
1017396_20190105_030758,114190
1017396_20190121_135244,114191
1017396_20190222_123834,114192
1017396_20190301_174431,114193
1017396_20200531_140209,114194
nc73822526_20181107_105001,114195
nc73822526_20181127_042543,114196
nc73822526_20200320_084918,114197
nc73822526_20211017_095908,114198
nc73822526_20220806_142712,114199
1012790_20181113_162005,114200
nc73822001_20181124_060451,114201
nc73822001_20190314_121343,114202
nc73822001_20200828_082612,114203
nc73822001_20220724_171545,114204
1012389_20181125_220439,114205
1012389_20190520_190257,114206
1012389_20190909_041622,114207
1012389_20201215_114144,114208
1012389_20210207_151509,114209
1012389_20210207_061049,114210
1012389_20210627_201622,114211
1012389_20210910_110820,114212
1012389_20220119_222740,114213
1012389_20220122_205719,114214
1012389_20220504_135614,114215
1012389_20220609_021247,114216
1012389_20220811_163652,114217
1012389_20221122_050914,114218
1013873_20181125_212321,114219
1013873_20210904_165625,114220
1013873_20211221_110256,114221
1013873_20211221_101535,114222
1013873_20220311_123215,114223
1018015_20181126_000257,114224
1018015_20190628_005738,114225
nc73824401_20181203_152005,114226
nc73824401_20181204_202650,114227
nc73824401_20190131_021834,114228
nc73824401_20190516_052554,114229
nc73824401_20191202_025940,114230
nc73824401_20200131_180705,114231
nc73824401_20210401_044623,114232
1018595_20181205_212455,114233
1018595_20181205_212537,114234
1018595_20181205_212513,114235
1018595_20181205_170122,114236
1018595_20190110_123025,114237
1018595_20190115_202138,114238
1018595_20190115_201046,114239
1018595_20190115_202022,114240
1018595_20190115_203258,114241
1018595_20190203_065230,114242
1018595_20190204_183420,114243
1018595_20190204_183818,114244
1018595_20190204_000509,114245
1018595_20190205_073028,114246
1018595_20190205_073056,114247
1018595_20190205_052222,114248
1018595_20190205_072040,114249
1018595_20190205_054950,114250
1018595_20190208_120616,114251
1018595_20190215_163557,114252
1018595_20190422_093501,114253
1018595_20190422_070434,114254
1018595_20190501_020803,114255
1018595_20190515_121214,114256
1018595_20191025_031733,114257
1018595_20200729_115345,114258
1018595_20200920_183617,114259
1018595_20201006_051941,114260
1018595_20201125_074637,114261
1018595_20220101_140414,114262
1018595_20220902_103900,114263
1018595_20220902_124637,114264
1018595_20220902_083016,114265
1018595_20220903_001805,114266
1018595_20220903_054835,114267
1018595_20221003_053623,114268
1015754_20181209_180216,114269
1015754_20181222_152547,114270
1015754_20190201_150651,114271
1015754_20190512_183656,114272
1015754_20200201_032550,114273
1015754_20200703_151733,114274
1015754_20210221_233136,114275
1015754_20210430_132150,114276
1015754_20210523_154405,114277
1015754_20210630_054947,114278
1015754_20210924_032128,114279
1014952_20181215_100647,114280
1014952_20211220_203101,114281
1018046_20181228_095353,114282
1018046_20191129_001342,114283
1018046_20191129_230324,114284
1018046_20191130_024716,114285
1018046_20191219_121630,114286
1018046_20191219_123754,114287
1018046_20200513_200304,114288
1018046_20200513_183114,114289
1018046_20200514_183858,114290
1018046_20200520_165114,114291
1018046_20200521_134428,114292
1018046_20200828_063409,114293
1018046_20210330_171225,114294
1018046_20210330_224334,114295
1018046_20210331_174058,114296
1018046_20210401_061655,114297
1018046_20210401_051824,114298
1018046_20210407_043752,114299
1018046_20210926_203315,114300
1018046_20211217_193736,114301
1018046_20220828_144215,114302
1018046_20221024_214536,114303
1018046_20221024_231610,114304
1018046_20221111_164255,114305
nc73837866_20181229_210333,114306
nc73837866_20190101_021430,114307
nc73837866_20190316_070801,114308
nc73837866_20190821_143833,114309
nc73837866_20200607_181358,114310
nc73837866_20200814_123833,114311
nc73837866_20210518_120550,114312
nc73837866_20210718_191832,114313
nc73837866_20220203_091234,114314
nc73837866_20221114_002045,114315
nc73837866_20221115_033949,114316
nc73837866_20221115_033534,114317
1014503_20181231_020923,114318
1014503_20191010_134226,114319
1014503_20200918_014950,114320
1014503_20200918_014009,114321
1014503_20210803_072529,114322
1014503_20210803_073410,114323
1014503_20210803_072521,114324
1014503_20211101_202311,114325
1014503_20220702_185453,114326
1014503_20220705_102616,114327
1014503_20220922_052024,114328
1014503_20220924_044850,114329
1012576_20190106_070830,114330
1012576_20190716_212041,114331
1012576_20190819_030356,114332
1012576_20191122_084108,114333
1012576_20210626_235153,114334
1012576_20210701_125535,114335
1012576_20210701_095607,114336
1012576_20210707_210820,114337
1012576_20210709_002600,114338
1012576_20210710_124136,114339
1012576_20220202_012820,114340
1012576_20221008_022311,114341
1012576_20221127_170431,114342
nc73874615_20190108_194504,114343
nc73874615_20190928_195902,114344
nc73874615_20200405_013154,114345
nc73874615_20201228_141923,114346
nc73874615_20210208_215539,114347
nc73874615_20210531_141808,114348
nc73874615_20210713_231227,114349
nc73874615_20211201_112739,114350
nc73874615_20220123_094253,114351
nc73874615_20220123_180016,114352
nc73874615_20220825_091946,114353
nc73874615_20220830_161552,114354
nc73874615_20220831_203249,114355
1013625_20190110_201143,114356
1013625_20190615_125149,114357
1013625_20201016_170458,114358
1014857_20190112_002743,114359
1014857_20190807_001238,114360
1012930_20190120_091639,114361
1012930_20190401_085001,114362
1012930_20200222_020327,114363
1012930_20210219_101753,114364
1012930_20220122_185002,114365
nc73821636_20190121_154242,114366
1013641_20190125_110349,114367
1013641_20210219_204855,114368
1013641_20210614_214119,114369
1013641_20210614_224430,114370
1013641_20210614_230851,114371
1013641_20210614_214247,114372
1013641_20210614_233933,114373
1013641_20210614_224453,114374
1013641_20210614_215105,114375
1013641_20210614_225203,114376
1013641_20210614_150025,114377
1013641_20210614_150120,114378
1013641_20210615_094032,114379
1013641_20210615_061315,114380
1013641_20210615_025233,114381
1013641_20210615_052454,114382
1013641_20210615_035823,114383
1013641_20210615_032441,114384
1013641_20210615_070548,114385
1013641_20210615_032710,114386
1013641_20210615_074009,114387
1013641_20210615_064613,114388
1013641_20210615_000036,114389
1013641_20210615_101131,114390
1013641_20210615_050236,114391
1013641_20210615_044205,114392
1013641_20210615_101932,114393
1013641_20210615_062801,114394
1013641_20210616_012903,114395
1013641_20210624_145533,114396
1013641_20210829_092456,114397
1013641_20220812_012023,114398
1013641_20220823_134009,114399
nc73822161_20190127_142328,114400
1009376_20190201_221253,114401
1009376_20191014_004128,114402
1013356_20190212_002924,114403
1013356_20190404_103511,114404
1013356_20190714_055946,114405
1013356_20201202_215956,114406
1013356_20201205_023716,114407
1013356_20211203_041606,114408
1016196_20190213_152725,114409
1016196_20200316_022527,114410
1016196_20210614_204943,114411
1016196_20210614_220834,114412
1016196_20210614_205146,114413
1016196_20210615_123058,114414
1016196_20210615_070331,114415
1016196_20210615_184337,114416
1016196_20210615_235108,114417
1016196_20210615_070407,114418
1016196_20210615_022457,114419
1016196_20210615_134743,114420
1016196_20210615_105339,114421
1016196_20210615_013338,114422
1016196_20210615_085714,114423
1016196_20210615_123407,114424
1016196_20210615_143256,114425
1016196_20210615_064928,114426
1016196_20210615_014953,114427
1016196_20210615_195647,114428
1016196_20210615_080147,114429
1016196_20210615_050058,114430
1016196_20210615_155649,114431
1016196_20210615_080351,114432
1016196_20210615_062601,114433
1016196_20210615_105214,114434
1016196_20210615_064857,114435
1016196_20210616_053809,114436
1016196_20210616_154643,114437
1016196_20210616_184226,114438
1016196_20210802_203915,114439
1016196_20211006_172942,114440
1016196_20211006_202550,114441
1016196_20211006_181158,114442
1016196_20211009_150749,114443
1016196_20211009_074842,114444
1016196_20211010_143848,114445
1016196_20220329_001907,114446
1016196_20220810_104836,114447
1016196_20220810_103124,114448
1016196_20220922_045607,114449
1016196_20220922_070954,114450
1016196_20221111_115348,114451
1010014_20190214_021135,114452
1010572_20190310_014355,114453
1010572_20210219_173300,114454
1010572_20210802_024945,114455
1010572_20211220_201618,114456
1010572_20220329_003516,114457
nc73847741_20190316_130502,114458
nc73847741_20190828_121935,114459
nc73847741_20200226_130008,114460
nc73847741_20200414_235217,114461
nc73847741_20200417_102854,114462
nc73847741_20200418_163846,114463
nc73847741_20210309_134146,114464
nc73847741_20211023_031339,114465
nc73847741_20211122_212208,114466
nc73847741_20211123_020316,114467
nc73847741_20211221_090449,114468
nc73847741_20211222_205538,114469
nc73847741_20220104_010911,114470
nc73847741_20220208_110145,114471
nc73847741_20220424_031515,114472
nc73847741_20220522_155315,114473
nc73847741_20220806_163220,114474
1012444_20190319_115423,114475
1015121_20190320_005306,114476
1015121_20201004_200239,114477
1015121_20210306_125541,114478
1015121_20210512_162342,114479
1015121_20211110_095234,114480
1015121_20211110_061048,114481
1013673_20190323_103303,114482
1013673_20190414_065411,114483
1013673_20190717_025805,114484
1013673_20221102_124806,114485
1016210_20190329_051405,114486
1016210_20200629_093313,114487
1016210_20210407_103850,114488
1016210_20211107_024254,114489
1016210_20220515_100837,114490
1016210_20220530_055159,114491
nc73840536_20190330_085203,114492
nc73840536_20200319_060427,114493
nc73840536_20200405_074043,114494
nc73840536_20211220_225553,114495
nc73840536_20211229_085756,114496
1010697_20190403_181455,114497
1012928_20190405_231902,114498
1012928_20190522_163250,114499
1012928_20200509_232607,114500
1012928_20200509_232108,114501
1012928_20200509_233829,114502
1015934_20190417_085212,114503
1015934_20190623_161144,114504
1015934_20191215_032507,114505
1015934_20200329_021037,114506
1015934_20200425_122619,114507
1015934_20211003_055504,114508
1015934_20211119_064932,114509
1013209_20190424_190720,114510
1013209_20191008_105623,114511
1013209_20210909_075658,114512
1010477_20190430_111237,114513
1010477_20190905_234922,114514
1010477_20190906_155454,114515
1010477_20191010_073118,114516
1010477_20191117_061855,114517
1010477_20191121_044510,114518
1010477_20201007_200559,114519
1010477_20201128_044613,114520
1010477_20210615_192341,114521
1010477_20211005_074639,114522
1010477_20211006_184925,114523
1010477_20211006_201713,114524
1010477_20211007_231541,114525
1010477_20211007_013812,114526
1010477_20211007_013314,114527
1010477_20211007_153720,114528
1010477_20211007_180453,114529
1010477_20211007_050326,114530
1010477_20211007_105829,114531
1010477_20211007_111754,114532
1010477_20211007_112534,114533
1010477_20211008_132018,114534
1010477_20211009_150248,114535
1010477_20211215_141429,114536
nc73827621_20190504_083612,114537
1012369_20190509_164003,114538
1012369_20190929_172546,114539
1012369_20200316_145359,114540
1012369_20200316_144257,114541
1012369_20200427_034618,114542
1012369_20200913_234507,114543
1012369_20201006_052440,114544
1012369_20201111_112254,114545
1012369_20210208_061831,114546
1012369_20210518_141259,114547
1012369_20211122_081232,114548
1012369_20211225_230526,114549
1012369_20220109_223841,114550
1010602_20190512_085047,114551
1011945_20190512_222029,114552
1015637_20190513_113856,114553
1015637_20190513_114100,114554
1015637_20190816_195730,114555
1015637_20211231_170213,114556
1010679_20190516_041653,114557
1010679_20190930_022722,114558
1010679_20191216_032523,114559
1010679_20191229_231804,114560
nc73823596_20190516_101506,114561
nc73822256_20190520_190125,114562
nc73822256_20190520_190047,114563
1018241_20190524_103343,114564
1015888_20190527_234018,114565
1015888_20190624_092708,114566
1015888_20191227_183410,114567
1015888_20200217_222932,114568
1015888_20200327_013937,114569
1015888_20200327_172645,114570
1015888_20200329_093630,114571
1015888_20200620_202817,114572
1015888_20200620_202802,114573
1015888_20201102_211019,114574
1015888_20201125_061833,114575
1015888_20201127_122107,114576
1015888_20210627_142324,114577
1015888_20220320_090407,114578
1014589_20190601_055323,114579
1009799_20190613_192511,114580
1018643_20190618_025519,114581
1018643_20190810_131444,114582
1018643_20191209_033347,114583
1018643_20200515_212844,114584
1018643_20200808_030736,114585
1018643_20210718_083744,114586
1018643_20211220_234616,114587
1018643_20220426_121615,114588
1018643_20220614_042940,114589
1018643_20220629_021833,114590
nc73840766_20190628_145622,114591
nc73840766_20200708_150451,114592
nc73840766_20210731_174145,114593
nc73840766_20220609_215836,114594
nc73840766_20221106_112543,114595
1015404_20190701_150511,114596
1015404_20190706_021422,114597
1015404_20190706_020419,114598
1015404_20191111_144644,114599
1015404_20200416_211014,114600
1015404_20200624_232541,114601
1015404_20200626_044210,114602
1015404_20210203_025245,114603
1015404_20211220_220757,114604
1015404_20211222_073816,114605
1018497_20190702_103314,114606
1014031_20190703_005922,114607
1014031_20211228_045956,114608
1011777_20190718_192624,114609
1011777_20210527_034754,114610
1017413_20190727_151408,114611
1017413_20191206_083422,114612
1017413_20191215_234111,114613
1017413_20200411_232319,114614
1017413_20210613_203141,114615
1017413_20210906_025810,114616
1017413_20220128_060453,114617
1012303_20190731_082328,114618
1012303_20220701_130920,114619
1012303_20221106_073849,114620
1010208_20190804_125648,114621
1010208_20200522_075316,114622
1010208_20220314_220204,114623
1010208_20221123_084111,114624
1012882_20190808_023415,114625
nc73821836_20190816_200001,114626
1010822_20190818_040630,114627
1010822_20190906_074721,114628
1010822_20221115_174818,114629
nc73832996_20190822_085427,114630
nc73832996_20211220_225959,114631
1011109_20190823_082310,114632
1010837_20190907_010013,114633
1010837_20220621_041913,114634
1010837_20221116_162745,114635
1011046_20190907_185657,114636
1011046_20221028_124342,114637
1011209_20190908_092558,114638
1011209_20210921_125437,114639
1011209_20211220_212304,114640
1011209_20211223_103050,114641
1011209_20220429_123339,114642
1015086_20190911_174014,114643
nc73821721_20190912_101618,114644
nc73821721_20211223_171129,114645
1012741_20190914_044019,114646
1012741_20191002_091043,114647
1012741_20191216_104853,114648
1012741_20201129_094515,114649
1012741_20210119_125857,114650
1012741_20220225_223719,114651
1012741_20220318_000721,114652
1008986_20190921_100508,114653
1014469_20190927_010929,114654
1014469_20191021_124807,114655
1014469_20191116_043402,114656
1014469_20191123_140303,114657
1014469_20200104_113720,114658
1017411_20190930_105937,114659
1017411_20200618_010956,114660
1017411_20200619_044450,114661
1017411_20220414_172425,114662
1017411_20220624_110732,114663
1018174_20191001_114834,114664
1018174_20191108_114749,114665
1018174_20200229_174134,114666
1018174_20211221_034039,114667
1018174_20220110_100219,114668
1018174_20220304_185723,114669
1018174_20220606_042021,114670
1018174_20221010_124331,114671
1010474_20191008_235551,114672
1010474_20210713_180515,114673
1017748_20191009_121503,114674
1017748_20211220_211935,114675
1017748_20211220_231429,114676
1017748_20211221_000612,114677
1017748_20211223_182046,114678
1017748_20220304_154056,114679
1008540_20191011_093034,114680
nc73846766_20191012_093931,114681
nc73846766_20201114_103429,114682
1013638_20191013_151230,114683
1013638_20221123_055944,114684
1013672_20191014_120917,114685
1013672_20191018_080415,114686
1013672_20191022_065251,114687
1013672_20191102_175803,114688
1013672_20191114_195339,114689
1013672_20200819_092036,114690
1013672_20210730_070116,114691
1013672_20211222_184658,114692
1013672_20220920_204619,114693
1012181_20191015_051359,114694
1010157_20191018_075930,114695
1011332_20191023_181937,114696
1011332_20220329_012811,114697
1012204_20191025_000734,114698
1011025_20191030_140129,114699
1011025_20211221_032834,114700
1011025_20211223_065541,114701
1011025_20211223_225136,114702
1011025_20211223_045144,114703
1009702_20191103_005809,114704
1009702_20191104_001042,114705
1009702_20191210_015212,114706
1009702_20210731_184542,114707
1009702_20210814_210834,114708
1009702_20211028_172928,114709
1009702_20211028_202538,114710
1014904_20191103_184225,114711
nc73821106_20191107_001917,114712
nc73821106_20200924_013702,114713
nc73821106_20201231_090052,114714
nc73821106_20210803_072801,114715
nc73821106_20210803_072811,114716
nc73821106_20220318_232252,114717
nc73827591_20191107_094545,114718
nc73827591_20210220_003106,114719
nc73827591_20210525_015735,114720
1017685_20191109_141929,114721
1017685_20200306_044055,114722
1017685_20201029_133208,114723
1017685_20201202_134421,114724
1017685_20210205_185822,114725
1017685_20210209_055138,114726
1017685_20210210_183904,114727
1017685_20210327_194422,114728
1017685_20210328_112204,114729
1017685_20210415_151801,114730
1017685_20210615_220536,114731
1017685_20210701_074904,114732
1017685_20210728_135434,114733
1017685_20210811_012659,114734
1017685_20210904_025143,114735
1017685_20210904_035410,114736
1017685_20210907_034311,114737
1017685_20211004_075338,114738
1017685_20211111_044022,114739
1017685_20211119_035239,114740
1017685_20211121_101327,114741
1017685_20211125_190742,114742
1017685_20211126_105154,114743
1017685_20220107_012728,114744
1017685_20220325_154948,114745
1017685_20220503_001812,114746
1017685_20220509_133229,114747
1017685_20220616_063637,114748
1017685_20220628_093618,114749
1017685_20220630_102331,114750
1017685_20220727_184322,114751
1017685_20221031_154921,114752
1017685_20221102_031035,114753
1017685_20221105_201057,114754
1017685_20221114_173858,114755
1014370_20191110_135902,114756
1014370_20211230_162848,114757
1015355_20191110_180637,114758
1015355_20191110_045238,114759
nc73821921_20191118_180054,114760
nc73821921_20191118_180126,114761
nc73821921_20210723_034301,114762
nc73821921_20210825_133437,114763
nc73821921_20220516_162449,114764
nc73821921_20220516_162637,114765
nc73821921_20220804_143146,114766
nc73821921_20221030_095311,114767
1010969_20191119_100626,114768
1010969_20201129_071839,114769
1010969_20201207_190316,114770
1010969_20201207_190536,114771
1010969_20210406_213649,114772
1010969_20211005_091523,114773
1010969_20211007_130714,114774
1010969_20211019_140919,114775
1010969_20220519_073822,114776
1015285_20191130_054058,114777
1015285_20220714_175324,114778
1010811_20191209_120030,114779
1010811_20200319_210531,114780
1010811_20200630_131054,114781
1010811_20211114_000804,114782
1010811_20211221_221312,114783
1010811_20220101_105028,114784
1010811_20220128_033134,114785
1010811_20220312_102301,114786
1010811_20220412_184049,114787
1010811_20220416_074042,114788
1010811_20221009_190502,114789
1010991_20191209_031523,114790
1010991_20200518_155012,114791
1010991_20200620_070343,114792
1010991_20210524_120445,114793
1008845_20191215_102838,114794
1008845_20191216_013437,114795
1008845_20191216_012851,114796
1008845_20191216_025959,114797
1008845_20210614_230514,114798
1008845_20210615_040820,114799
1008845_20210615_063805,114800
1008845_20210615_021510,114801
1008845_20210615_063351,114802
1008845_20210921_165907,114803
1008845_20220819_221553,114804
1008845_20220926_144633,114805
1013091_20191215_203521,114806
1013091_20201110_072944,114807
1013091_20210217_085657,114808
1013091_20210310_021759,114809
1013091_20210513_093224,114810
1013091_20220625_084506,114811
1010330_20191220_034020,114812
1010330_20200318_065055,114813
1010330_20210121_210856,114814
1010330_20210124_194559,114815
1010330_20220124_233418,114816
1010330_20220206_145647,114817
1010330_20220920_160037,114818
1010330_20221120_170454,114819
1010330_20221120_083512,114820
1008695_20191223_155043,114821
1008695_20191231_235717,114822
1008695_20211207_213347,114823
1008695_20211207_214553,114824
1008695_20211207_122622,114825
1008695_20211207_220432,114826
1008695_20211207_214559,114827
1008695_20211207_233749,114828
1008695_20211207_095827,114829
1008695_20211207_094654,114830
1008695_20211207_125401,114831
1008695_20211207_094546,114832
1008695_20211207_093907,114833
1008695_20211208_022209,114834
1008695_20211208_044020,114835
1008695_20211208_073043,114836
1008695_20211208_025221,114837
1008695_20211217_085833,114838
1008695_20211221_123759,114839
1008695_20211222_134121,114840
1008695_20211222_123917,114841
1008695_20211222_130947,114842
1008695_20211222_130835,114843
1008695_20211222_125416,114844
1008695_20211222_040901,114845
1008695_20211222_113416,114846
1008695_20211222_134605,114847
1008695_20211223_173659,114848
1008695_20211231_211347,114849
1008695_20211231_232215,114850
1008695_20211231_210105,114851
1008695_20211231_225929,114852
1008695_20211231_234247,114853
1008695_20211231_214134,114854
1008695_20211231_232235,114855
1008695_20211231_213652,114856
1008695_20211231_212431,114857
1008695_20211231_205842,114858
1008695_20211231_222302,114859
1008695_20211231_212844,114860
1008695_20211231_211921,114861
1008695_20211231_205905,114862
1008695_20211231_222836,114863
1008695_20211231_213409,114864
1008695_20211231_235719,114865
1008695_20211231_210417,114866
1008695_20211231_212201,114867
1008695_20211231_234214,114868
1008695_20211231_212644,114869
1008695_20211231_212928,114870
1008695_20211231_231610,114871
1008695_20220101_011156,114872
1008695_20220101_030756,114873
1008695_20220101_034035,114874
1008695_20220101_145036,114875
1008695_20220101_035022,114876
1008695_20220101_010850,114877
1008695_20220101_043310,114878
1008695_20220101_012430,114879
1008695_20220101_093402,114880
1008695_20220101_003346,114881
1008695_20220101_034623,114882
1008695_20220101_224928,114883
1008695_20220101_065649,114884
1008695_20220101_075146,114885
1008695_20220101_082358,114886
1008695_20220101_000817,114887
1008695_20220101_023249,114888
1008695_20220101_041522,114889
1008695_20220101_083932,114890
1008695_20220101_065833,114891
1008695_20220102_001940,114892
1008695_20220102_070833,114893
1008695_20220102_165735,114894
1008695_20220102_023958,114895
1008695_20220102_040743,114896
1008695_20220102_081745,114897
1008695_20220102_170242,114898
1008695_20220102_050024,114899
1008695_20220102_053801,114900
1008695_20220102_050212,114901
1008695_20220102_032303,114902
1008695_20220102_050102,114903
1008695_20220103_035847,114904
1008695_20220105_185602,114905
1008695_20220105_190124,114906
1008695_20220105_194617,114907
1008695_20220105_213202,114908
1008695_20220106_001127,114909
1008695_20220107_200620,114910
1008695_20220107_131925,114911
1008695_20220107_022717,114912
1008695_20220111_012621,114913
1008695_20220112_061203,114914
1008695_20220115_180510,114915
1008695_20220116_191659,114916
1008695_20220117_142717,114917
1008695_20220118_232305,114918
1008695_20220122_224542,114919
1008695_20220123_152857,114920
1008695_20220127_201053,114921
1008695_20220127_224404,114922
1008695_20220127_225211,114923
1008695_20220127_173418,114924
1008695_20220127_214750,114925
1008695_20220127_221634,114926
1008695_20220127_230031,114927
1008695_20220127_213252,114928
1008695_20220127_235444,114929
1008695_20220127_220902,114930
1008695_20220127_183332,114931
1008695_20220127_220802,114932
1008695_20220127_231421,114933
1008695_20220127_222013,114934
1008695_20220127_221245,114935
1008695_20220127_204625,114936
1008695_20220127_023224,114937
1008695_20220127_224054,114938
1008695_20220127_225915,114939
1008695_20220127_222631,114940
1008695_20220127_225839,114941
1008695_20220127_173815,114942
1008695_20220127_222107,114943
1008695_20220127_213408,114944
1008695_20220127_174433,114945
1008695_20220127_190508,114946
1008695_20220127_220928,114947
1008695_20220127_174014,114948
1008695_20220127_232615,114949
1008695_20220127_174154,114950
1008695_20220127_222831,114951
1008695_20220127_225626,114952
1008695_20220128_003432,114953
1008695_20220128_031207,114954
1008695_20220128_004442,114955
1008695_20220128_000051,114956
1008695_20220128_010211,114957
1008695_20220128_002715,114958
1008695_20220128_000731,114959
1008695_20220128_201543,114960
1008695_20220128_024155,114961
1008695_20220128_091919,114962
1008695_20220128_024721,114963
1008695_20220128_095424,114964
1008695_20220128_044154,114965
1008695_20220128_054220,114966
1008695_20220128_012159,114967
1008695_20220128_190525,114968
1008695_20220128_021549,114969
1008695_20220128_055908,114970
1008695_20220128_071231,114971
1008695_20220128_002411,114972
1008695_20220129_031741,114973
1008695_20220129_041121,114974
1008695_20220129_040457,114975
1008695_20220129_075044,114976
1008695_20220129_061157,114977
1008695_20220130_210706,114978
1008695_20220131_212445,114979
1008695_20220201_010556,114980
1008695_20220203_210112,114981
1008695_20220204_214712,114982
1008695_20220204_000151,114983
1008695_20220205_103759,114984
1008695_20220205_164556,114985
1008695_20220205_215144,114986
1008695_20220208_140936,114987
1008695_20220212_035817,114988
1008695_20220214_042807,114989
1008695_20220214_032429,114990
1008695_20220220_022403,114991
1008695_20220222_132036,114992
1008695_20220223_092004,114993
1008695_20220224_122627,114994
1008695_20220227_183621,114995
1008695_20220228_130845,114996
1008695_20220301_073241,114997
1008695_20220306_205929,114998
1008695_20220310_141021,114999
1008695_20220312_030559,115000
1008695_20220318_232206,115001
1008695_20220324_153049,115002
1008695_20220327_113217,115003
1008695_20220330_214044,115004
1008695_20220403_054947,115005
1008695_20220413_041710,115006
1008695_20220415_040528,115007
1008695_20220416_081625,115008
1008695_20220421_200651,115009
1008695_20220423_200056,115010
1008695_20220423_193021,115011
1008695_20220501_211737,115012
1008695_20220510_211224,115013
1008695_20220514_204901,115014
1008695_20220517_095428,115015
1008695_20220519_092651,115016
1008695_20220519_093900,115017
1008695_20220519_120358,115018
1008695_20220525_031900,115019
1008695_20220525_153626,115020
1008695_20220610_060020,115021
1008695_20220615_032749,115022
1008695_20220617_062124,115023
1008695_20220618_112909,115024
1008695_20220620_062155,115025
1008695_20220621_033617,115026
1008695_20220624_230824,115027
1008695_20220624_225051,115028
1008695_20220624_231843,115029
1008695_20220625_021104,115030
1008695_20220625_021038,115031
1008695_20220626_190229,115032
1008695_20220627_223208,115033
1008695_20220627_223421,115034
1008695_20220629_051951,115035
1008695_20220629_035543,115036
1008695_20220629_040554,115037
1008695_20220703_120817,115038
1008695_20220707_004112,115039
1008695_20220707_043724,115040
1008695_20220707_135158,115041
1008695_20220721_124421,115042
1008695_20220721_161858,115043
1008695_20220721_124507,115044
1008695_20220826_020539,115045
1008695_20220827_150009,115046
1008695_20220828_033156,115047
1008695_20220830_220747,115048
1008695_20220908_191130,115049
1008695_20220908_192839,115050
1008695_20220910_155551,115051
1008695_20221011_081157,115052
1008695_20221011_082817,115053
1008695_20221012_100135,115054
1008695_20221018_110257,115055
1008695_20221109_211515,115056
nc73864555_20191230_185754,115057
nc73864555_20200618_160643,115058
nc73864555_20211111_115734,115059
nc73864555_20220109_024812,115060
nc73864555_20220512_091134,115061
nc73864555_20220607_094901,115062
nc73823036_20200113_194515,115063
nc73823036_20200319_022529,115064
nc73823036_20210724_230615,115065
nc73823036_20210801_095747,115066
nc73823036_20210904_151050,115067
nc73823036_20210924_225512,115068
nc73823036_20210925_004528,115069
nc73823036_20211002_081025,115070
nc73823036_20211114_143526,115071
nc73823036_20211220_210115,115072
nc73823036_20211221_002620,115073
nc73823036_20211221_204134,115074
nc73823036_20220212_014315,115075
nc73823036_20221015_013448,115076
1013712_20200115_213636,115077
1013712_20200322_171228,115078
1013712_20210320_010620,115079
1013712_20211005_023558,115080
1013712_20220115_151302,115081
1013712_20220517_102327,115082
1013712_20220914_084134,115083
1018850_20200123_075448,115084
1009653_20200125_192831,115085
1009653_20200216_042944,115086
1009653_20201022_213251,115087
1009653_20220809_154436,115088
1010994_20200129_172904,115089
1010994_20211107_111907,115090
1010994_20221002_083052,115091
1011219_20200207_104559,115092
nc73838976_20200211_175425,115093
nc73838976_20200314_084820,115094
1009449_20200407_032012,115095
1009449_20210616_181611,115096
1009449_20210716_014234,115097
1009449_20210821_043127,115098
1009449_20210912_224817,115099
1009449_20210912_225024,115100
1009449_20210912_224058,115101
1009449_20210913_000406,115102
1012378_20200216_215523,115103
1012378_20200216_214638,115104
1012378_20200625_212119,115105
1012378_20220310_145513,115106
1012378_20220311_002548,115107
nc73823611_20200216_035128,115108
1008313_20200217_053246,115109
1014326_20200218_225446,115110
1014326_20210626_101206,115111
1014326_20210710_122845,115112
nc73822606_20200306_201518,115113
nc73822606_20200427_003457,115114
nc73822606_20200607_085720,115115
nc73822606_20200608_051904,115116
nc73822376_20200313_192041,115117
1009251_20200318_233740,115118
1009251_20200901_200419,115119
1009251_20220407_213429,115120
1012851_20200323_033820,115121
1013241_20200331_025504,115122
nc73834656_20200408_184051,115123
nc73834656_20220505_143104,115124
1011968_20200414_001309,115125
1011968_20200418_072351,115126
1011968_20201121_062535,115127
1011968_20201121_072609,115128
1011968_20210918_090503,115129
1011968_20220118_232405,115130
1011968_20220118_232502,115131
1011968_20220119_203345,115132
1011968_20220119_212933,115133
1011968_20220120_000619,115134
1011968_20220120_160953,115135
1011968_20220207_024048,115136
1008421_20200418_043247,115137
1010115_20200419_154139,115138
1010115_20211223_150735,115139
1009541_20200424_015536,115140
1014235_20200424_043224,115141
nc73822071_20200430_233513,115142
1009086_20200505_154119,115143
1009086_20210715_135107,115144
1009086_20220913_185234,115145
1010944_20200513_050842,115146
1009126_20200521_054936,115147
1009126_20200521_060018,115148
1011746_20200521_054932,115149
1011746_20200521_060013,115150
1013986_20200527_172846,115151
1013986_20211221_091412,115152
1011295_20200529_031010,115153
nc73822556_20200530_122721,115154
1015927_20200603_123540,115155
1015927_20211012_032725,115156
1009004_20200606_071844,115157
1013053_20200613_093834,115158
nc73822231_20200614_145840,115159
nc73822231_20210304_222258,115160
nc73822231_20220222_192713,115161
nc73822231_20220314_040041,115162
nc73822231_20220407_132919,115163
1009509_20200624_165850,115164
1009509_20200624_145344,115165
1009509_20200625_055911,115166
1009509_20200625_171827,115167
1009509_20200626_174704,115168
1009509_20200626_125857,115169
1009509_20200626_045432,115170
1009509_20200626_030404,115171
1009509_20200627_154746,115172
1009509_20200627_032334,115173
1009509_20200627_123413,115174
1009509_20200627_131704,115175
1009509_20200627_032613,115176
1009509_20200628_070315,115177
1009509_20200628_215729,115178
1009509_20200628_025214,115179
1009509_20200628_094235,115180
1009509_20200629_220225,115181
1009509_20200630_033327,115182
1009509_20200630_111620,115183
1009509_20200701_024908,115184
1009509_20200705_022910,115185
1009509_20200705_091713,115186
1009509_20200711_151243,115187
1009509_20200715_120026,115188
1009509_20200719_015020,115189
1009509_20210718_101623,115190
1009509_20210723_042245,115191
1009509_20210723_065024,115192
1009509_20210923_193316,115193
1016624_20200706_150316,115194
1008975_20200712_061009,115195
1008975_20210725_091232,115196
1008975_20220920_203529,115197
1008975_20221006_045649,115198
1012120_20200721_095836,115199
nc73822906_20200728_105420,115200
nc73822906_20200907_050205,115201
1013772_20200814_075914,115202
1013772_20200814_072917,115203
1013772_20201001_051450,115204
1013772_20211116_185001,115205
1018742_20200822_024634,115206
1018742_20220924_170817,115207
1013611_20200824_143742,115208
1013611_20200930_064449,115209
1015495_20200906_093747,115210
1015495_20200906_105513,115211
1015495_20210714_151404,115212
1015495_20220515_191857,115213
1015495_20220602_220651,115214
1015495_20220723_230735,115215
1015495_20220917_044208,115216
1012646_20200909_111218,115217
1012646_20220929_140130,115218
1011141_20200916_142252,115219
1011141_20210828_102215,115220
1013220_20200928_045241,115221
1013220_20211220_234033,115222
1009309_20200929_205721,115223
1012844_20201001_061836,115224
1012844_20210802_060350,115225
1013530_20201005_001047,115226
1011129_20201011_165404,115227
1011129_20220122_081504,115228
1010376_20201020_034820,115229
nc73824646_20201020_035702,115230
1010242_20201104_122317,115231
1010087_20201117_023530,115232
nc73845301_20201129_154658,115233
nc73845301_20210619_090735,115234
nc73845301_20211222_015955,115235
nc73845301_20220416_210859,115236
nc73845301_20221030_050043,115237
1013144_20201201_113642,115238
1017202_20201205_072423,115239
1008926_20201218_161342,115240
1008926_20210310_052735,115241
1008926_20210319_195255,115242
1008926_20221120_165808,115243
nc73821186_20210113_193416,115244
nc73821186_20210212_145806,115245
nc73821186_20220603_073713,115246
nc73821186_20220920_064339,115247
1013881_20210119_235803,115248
1018244_20210205_185826,115249
1018244_20211230_204322,115250
nc73824641_20210208_082012,115251
1015864_20210319_201850,115252
1015864_20210728_115906,115253
1015864_20211102_153330,115254
1015864_20211210_232732,115255
1015864_20220208_205237,115256
1015864_20220516_125107,115257
nc73824911_20210413_081646,115258
1015537_20210426_143407,115259
1012944_20210430_054815,115260
1012944_20211222_192806,115261
1014634_20210525_134114,115262
1017945_20210525_063949,115263
1017945_20210621_072814,115264
1017945_20210919_044804,115265
1017945_20210928_010140,115266
1017945_20211104_084637,115267
1017945_20211128_051159,115268
1017945_20211210_095621,115269
1017945_20220211_145317,115270
1017945_20220218_150424,115271
1017945_20220218_135935,115272
1017945_20220314_072842,115273
1017945_20220410_101516,115274
1017945_20220417_085112,115275
1017945_20220426_133426,115276
1017945_20220703_155138,115277
1017945_20220721_030143,115278
1017945_20220722_073313,115279
1017945_20220728_105102,115280
1017945_20220801_081226,115281
1017945_20220810_081656,115282
1017945_20220829_041021,115283
1017945_20221002_112403,115284
1017945_20221005_043540,115285
1017945_20221017_094915,115286
1013464_20210601_084427,115287
1013464_20210918_072428,115288
1016801_20210604_225751,115289
1016801_20210820_124300,115290
nc73822756_20210605_112829,115291
nc73822756_20220226_052803,115292
1013612_20210628_123110,115293
1013612_20211028_232257,115294
1013612_20211221_053151,115295
1009425_20210709_162151,115296
1009425_20220511_174351,115297
1011762_20210716_013724,115298
1011762_20211229_044712,115299
1011762_20221019_112549,115300
1011762_20221104_090954,115301
1011659_20210722_084134,115302
1014120_20210722_082959,115303
1014120_20220521_210640,115304
1014120_20221018_221554,115305
1017761_20210722_083044,115306
1017761_20220403_192632,115307
1017761_20220404_061559,115308
1016232_20210803_171618,115309
1016232_20220201_170527,115310
1016692_20210808_081432,115311
1016692_20211129_185725,115312
1016692_20220922_083804,115313
nc73821726_20210825_205952,115314
1010829_20210829_124711,115315
1010829_20220107_124718,115316
1010829_20220212_200334,115317
1012068_20210901_091715,115318
1013598_20210907_135635,115319
1013598_20211012_063146,115320
1013598_20220604_030625,115321
1013598_20221105_203329,115322
1012503_20210923_193334,115323
1012503_20211111_022609,115324
1016296_20211007_044550,115325
1016296_20211007_054408,115326
1016296_20211008_013904,115327
1016296_20211009_151413,115328
1016296_20211009_145107,115329
1016296_20211009_191922,115330
1016296_20211016_145523,115331
1016296_20211104_105904,115332
1016296_20211107_075135,115333
1016296_20220112_140701,115334
1014324_20211022_210945,115335
1009270_20211031_131003,115336
1014215_20211103_192252,115337
1014215_20220725_044047,115338
nc73829331_20211107_195607,115339
nc73829331_20221124_081025,115340
1009306_20211125_175631,115341
1009603_20211211_105142,115342
1008901_20211220_234019,115343
1008901_20220822_115155,115344
1008901_20220822_112224,115345
1008901_20220822_114657,115346
1008901_20220822_111944,115347
1009170_20211220_211743,115348
1009170_20211220_211645,115349
1009170_20220714_025953,115350
1011127_20211220_212151,115351
1013031_20211220_213731,115352
1013031_20220201_044527,115353
1013909_20211220_230712,115354
1013909_20220103_173629,115355
1013909_20221009_213128,115356
1013909_20221110_201933,115357
1013969_20211220_201520,115358
1016706_20211220_225759,115359
1011268_20211221_003239,115360
1014221_20211221_193031,115361
1016883_20211221_163529,115362
1016883_20220801_182443,115363
1016971_20211221_024444,115364
nc71129454_20211221_174043,115365
nc71129454_20211221_174654,115366
nc71129454_20211221_005654,115367
nc71129454_20211221_092942,115368
nc71129454_20211231_075422,115369
nc73834456_20211221_115556,115370
1014328_20211226_160215,115371
1011593_20211228_063541,115372
1011593_20211231_133114,115373
1011593_20220101_221438,115374
1011593_20220102_111633,115375
1011593_20220425_021011,115376
1011593_20220901_204302,115377
1011631_20211228_043559,115378
1011631_20211228_043626,115379
1011817_20211228_141517,115380
1013157_20211230_185211,115381
1014687_20220106_080911,115382
1008872_20220107_031427,115383
nc73823951_20220206_025241,115384
1015499_20220209_134407,115385
1015914_20220831_224147,115386
nc73822466_20220403_103947,115387
nc73822466_20220403_104329,115388
1010861_20220407_155228,115389
1017443_20220411_164924,115390
1011407_20220413_131501,115391
1014883_20220417_051321,115392
1017339_20220417_055321,115393
1017339_20220827_024601,115394
1017339_20220903_062050,115395
1016900_20220419_202134,115396
1016900_20220531_044844,115397
1016900_20220605_082645,115398
1016900_20220605_085154,115399
1016900_20220605_082825,115400
1016900_20220605_084256,115401
1016900_20220613_000518,115402
1016900_20220620_001917,115403
1008587_20220713_032808,115404
1008587_20221022_013000,115405
1014284_20220505_204011,115406
1014947_20220514_200930,115407
nc73833826_20220521_204615,115408
nc73822411_20220525_092542,115409
1008290_20220526_025659,115410
1008290_20220807_062812,115411
1008290_20220807_012123,115412
1008290_20221102_080119,115413
1008290_20221103_134628,115414
1008290_20221116_064746,115415
1008290_20221130_083359,115416
nc73822451_20220607_130156,115417
1011222_20220618_112252,115418
nc73823781_20220626_174737,115419
1010658_20220702_102323,115420
1016218_20220802_215539,115421
1016218_20220802_232700,115422
1016218_20220802_214411,115423
1016218_20220802_214641,115424
1016218_20220802_233357,115425
1016218_20220803_075416,115426
1016218_20220805_231228,115427
1016218_20220806_124741,115428
1016218_20220807_151049,115429
1016218_20220809_113842,115430
nc73822856_20220830_062535,115431
nc73824316_20220831_224424,115432
1014716_20220916_042320,115433
1008308_20220927_055832,115434
1017199_20220927_192333,115435
nc73821326_20221007_172734,115436
nc73822111_20221025_213550,115437
1009239_20221029_203850,115438
1009239_20221030_033402,115439
1009239_20221112_103142,115440
nc73840456_20221102_125032,115441
nc73840456_20221102_163930,115442
1017101_20221112_034412,115443
1013952_20221119_123212,115444
1015289_20221123_135447,115445
1009350,115446
1010496,115447
1010988,115448
1011662,115449
1012032,115450
1012585,115451
1015893,115452
1016569,115453
1016790,115454
1017824,115455
1018641,115456
nc73889661,115457
1009820,115458
1010548,115459
1012293,115460
1013868,115461
1016682,115462
1018391,115463
nc73889196,115464
1011487,115465
1011679,115466
1013387,115467
1014536,115468
1018694,115469
1018875,115470
nc73819961,115471
1011584,115472
1015345,115473
nc73875050,115474
1008269,115475
1009317,115476
1010036,115477
1014960,115478
1016407,115479
1018844,115480
nc73845886,115481
1011931,115482
1017500,115483
1010228,115484
1016701,115485
1018125,115486
nc73824826,115487
1010949,115488
1014033,115489
1016534,115490
1017375,115491
nc73818541,115492
1016016,115493
1016488,115494
1017702,115495
1013417,115496
1013692,115497
nc73888396,115498
1013217,115499
nc73890435,115500
1014547,115501
1015726,115502
nc73865815,115503
1017521,115504
1018368,115505
nc73845416,115506
1008291,115507
1009814,115508
1012056,115509
1012260,115510
1015169,115511
1017722,115512
1010660,115513
1011388,115514
1016267,115515
nc73842546,115516
nc73883011,115517
1012684,115518
1017258,115519
1016109,115520
nc73818801,115521
1015135,115522
1016667,115523
1017149,115524
nc73867635,115525
1013799,115526
nc73816421,115527
1016891,115528
1017156,115529
1013759,115530
1016438,115531
nc73821066,115532
nc73824181,115533
nc73881306,115534
1010779,115535
1015330,115536
1018710,115537
1014050,115538
1015212,115539
1016880,115540
1013483,115541
nc73821806,115542
1009326,115543
1016069,115544
1016784,115545
1017765,115546
1018866,115547
1010599,115548
1015736,115549
nc73822076,115550
nc73877095,115551
1015274,115552
1016662,115553
1013880,115554
1011515,115555
1016064,115556
1018021,115557
1016537,115558
1009467,115559
1014950,115560
1011665,115561
1011629,115562
1012841,115563
1013261,115564
1015048,115565
1013659,115566
1013959,115567
nc73869735,115568
nc73883491,115569
1014531,115570
nc73873665,115571
1017628,115572
1015586,115573
1009113,115574
1013423,115575
1016146,115576
1016517,115577
1017682,115578
1010775,115579
1012073,115580
1015761,115581
1009131,115582
1018733,115583
1009463,115584
1011029,115585
nc73824491,115586
nc73826156,115587
1013452,115588
1013606,115589
1016629,115590
nc73887531,115591
1016174,115592
nc73817481,115593
1014398,115594
1012952,115595
nc73827581,115596
1015795,115597
1014861,115598
1008525,115599
nc73822301,115600
1013859,115601
1014224,115602
1010034,115603
1013822,115604
nc73858110,115605
1016307,115606
nc73833021,115607
1009178,115608
1012405,115609
1012505,115610
1017420,115611
1018496,115612
nc73822441,115613
1016411,115614
1012635,115615
1015792,115616
1008882,115617
1016837,115618
1011227,115619
1012915,115620
1017881,115621
nc73822201,115622
1009560,115623
1009544,115624
1010185,115625
1018035,115626
1013739,115627
1015032,115628
nc73876810,115629
1012170,115630
1009639,115631
1009996,115632
1012142,115633
1012517,115634
1013765,115635
1013966,115636
1015809,115637
1015916,115638
1015960,115639
1018078,115640
nc73821316,115641
1015560,115642
nc73855500,115643
1015120,115644
1017715,115645
nc73867355,115646
1009195,115647
1011613,115648
nc73863320,115649
nc73855785,115650
1010071,115651
1009307,115652
1018357,115653
nc73847481,115654
1015221,115655
1018061,115656
1014978,115657
1010913,115658
1012876,115659
1008280,115660
1008267,115661
1018094,115662
nc73821076,115663
1013644,115664
1018168,115665
1018833,115666
1013288,115667
1010577,115668
nc73868920,115669
1008552,115670
1016249,115671
1017558,115672
1008719,115673
1014939,115674
1018079,115675
nc73843826,115676
1010710,115677
1012903,115678
1016610,115679
nc73828361,115680
1016783,115681
1013784,115682
nc73824326,115683
1016974,115684
1016386,115685
1008838,115686
nc73822221,115687
1017653,115688
1014366,115689
nc73821491,115690
1013228,115691
1011927,115692
1009524,115693
1017086,115694
1009087,115695
nc73823231,115696
nc73844826,115697
1011620,115698
1013047,115699
1008272,115700
1018294,115701
1015464,115702
1016607,115703
1017218,115704
1014030,115705
1011133,115706
1012085,115707
nc73821361,115708
nc73842451,115709
nc73824126,115710
1008613,115711
nc73822671,115712
1013842,115713
1018902,115714
1018692,115715
1017946,115716
1017134,115717
nc73821551,115718
1011660,115719
1013353,115720
1018779,115721
1017828,115722
1017017,115723
1010740,115724
1013643,115725
1012015,115726
1017433,115727
1017293,115728
1018517,115729
1016637,115730
nc73822146,115731
1013462,115732
1016793,115733
1014454,115734
1013249,115735
1011185,115736
1013000,115737
1009651,115738
nc73813841,115739
1016182,115740
1017852,115741
nc73824006,115742
1012775,115743
nc73821071,115744
1012984,115745
1011993,115746
nc73822826,115747
1010859,115748
1009641,115749
1014767,115750
1015891,115751
1012440,115752
1018243,115753
nc73821046,115754
1011909,115755
1017014,115756
1012807,115757
nc73818551,115758
1012604,115759
1011677,115760
1018854,115761
nc73858810,115762
1009343,115763
1016589,115764
1012386,115765
1011435,115766
1012711,115767
1014175,115768
1008407,115769
1009500,115770
1010693,115771
1013259,115772
1009456,115773
1010937,115774
1008777,115775
1013551,115776
nc73822101,115777
1012569,115778
1017055,115779
1017809,115780
1017316,115781
1009167,115782
1011058,115783
1015168,115784
nc73847586,115785
1009692,115786
1009371,115787
nc73821616,115788
nc73821841,115789
1010528,115790
1014212,115791
1017703,115792
1011065,115793
nc73875220,115794
nc73829011,115795
nc73822751,115796
1011077,115797
nc73836101,115798
1013820,115799
1012796,115800
1017396,115801
nc73822526,115802
1012790,115803
nc73822001,115804
1012389,115805
1013873,115806
1018015,115807
nc73824401,115808
1018595,115809
1015754,115810
1014952,115811
1018046,115812
nc73837866,115813
1014503,115814
1012576,115815
nc73874615,115816
1013625,115817
1014857,115818
1012930,115819
nc73821636,115820
1013641,115821
nc73822161,115822
1009376,115823
1013356,115824
1016196,115825
1010014,115826
1010572,115827
nc73847741,115828
1012444,115829
1015121,115830
1013673,115831
1016210,115832
nc73840536,115833
1010697,115834
1012928,115835
1015934,115836
1013209,115837
1010477,115838
nc73827621,115839
1012369,115840
1010602,115841
1011945,115842
1015637,115843
1010679,115844
nc73823596,115845
nc73822256,115846
1018241,115847
1015888,115848
1014589,115849
1009799,115850
1018643,115851
nc73840766,115852
1015404,115853
1018497,115854
1014031,115855
1011777,115856
1017413,115857
1012303,115858
1010208,115859
1012882,115860
nc73821836,115861
1010822,115862
nc73832996,115863
1011109,115864
1010837,115865
1011046,115866
1011209,115867
1015086,115868
nc73821721,115869
1012741,115870
1008986,115871
1014469,115872
1017411,115873
1018174,115874
1010474,115875
1017748,115876
1008540,115877
nc73846766,115878
1013638,115879
1013672,115880
1012181,115881
1010157,115882
1011332,115883
1012204,115884
1011025,115885
1009702,115886
1014904,115887
nc73821106,115888
nc73827591,115889
1017685,115890
1014370,115891
1015355,115892
nc73821921,115893
1010969,115894
1015285,115895
1010811,115896
1010991,115897
1008845,115898
1013091,115899
1010330,115900
1008695,115901
nc73864555,115902
nc73823036,115903
1013712,115904
1018850,115905
1009653,115906
1010994,115907
1011219,115908
nc73838976,115909
1009449,115910
1012378,115911
nc73823611,115912
1008313,115913
1014326,115914
nc73822606,115915
nc73822376,115916
1009251,115917
1012851,115918
1013241,115919
nc73834656,115920
1011968,115921
1008421,115922
1010115,115923
1009541,115924
1014235,115925
nc73822071,115926
1009086,115927
1010944,115928
1009126,115929
1011746,115930
1013986,115931
1011295,115932
nc73822556,115933
1015927,115934
1009004,115935
1013053,115936
nc73822231,115937
1009509,115938
1016624,115939
1008975,115940
1012120,115941
nc73822906,115942
1013772,115943
1018742,115944
1013611,115945
1015495,115946
1012646,115947
1011141,115948
1013220,115949
1009309,115950
1012844,115951
1013530,115952
1011129,115953
1010376,115954
nc73824646,115955
1010242,115956
1010087,115957
nc73845301,115958
1013144,115959
1017202,115960
1008926,115961
nc73821186,115962
1013881,115963
1018244,115964
nc73824641,115965
1015864,115966
nc73824911,115967
1015537,115968
1012944,115969
1014634,115970
1017945,115971
1013464,115972
1016801,115973
nc73822756,115974
1013612,115975
1009425,115976
1011762,115977
1011659,115978
1014120,115979
1017761,115980
1016232,115981
1016692,115982
nc73821726,115983
1010829,115984
1012068,115985
1013598,115986
1012503,115987
1016296,115988
1014324,115989
1009270,115990
1014215,115991
nc73829331,115992
1009306,115993
1009603,115994
1008901,115995
1009170,115996
1011127,115997
1013031,115998
1013909,115999
1013969,116000
1016706,116001
1011268,116002
1014221,116003
1016883,116004
1016971,116005
nc71129454,116006
nc73834456,116007
1014328,116008
1011593,116009
1011631,116010
1011817,116011
1013157,116012
1014687,116013
1008872,116014
1015529,116015
nc73827601,116016
nc73823951,116017
1015499,116018
1015914,116019
nc73822466,116020
1010861,116021
1017443,116022
1011407,116023
1014883,116024
1017339,116025
1016900,116026
1008587,116027
1014284,116028
1014947,116029
nc73833826,116030
nc73822411,116031
1008290,116032
nc73822451,116033
1011222,116034
nc73823781,116035
1010658,116036
1016218,116037
nc73822856,116038
nc73824316,116039
1014716,116040
1008308,116041
1017199,116042
nc73821326,116043
nc73822111,116044
1009239,116045
nc73840456,116046
1017101,116047
1013952,116048
1015289,116049
