original_id,synthetic_id
1018844_20200101_041817,100000
1018844_20200103_120610,100001
1018844_20200110_053839,100002
1018844_20200702_103718,100003
1018844_20200708_180709,100004
1018844_20200720_112140,100005
1018844_20200826_170507,100006
1018844_20201012_075752,100007
1018844_20210226_171055,100008
1018844_20210804_130450,100009
1018844_20210831_042107,100010
1018844_20211004_011922,100011
1018844_20211014_093956,100012
1018844_20220118_101730,100013
1018844_20220207_031701,100014
1018844_20220207_023724,100015
1018844_20220706_133504,100016
1018844_20220721_002210,100017
1018844_20220805_181627,100018
1018844_20220809_154547,100019
1018844_20220820_061936,100020
1018844_20220821_071643,100021
1018844_20220824_003913,100022
1018844_20220826_134628,100023
1018844_20220903_095951,100024
1018844_20220905_231634,100025
1018844_20220907_234421,100026
1018844_20220908_144232,100027
1018844_20220918_022538,100028
1018844_20220924_001543,100029
1018844_20221001_030907,100030
1018844_20221016_120420,100031
1018844_20221018_031308,100032
1018844_20221018_063323,100033
1018844_20221025_111630,100034
1018844_20221028_085730,100035
1018844_20221130_150703,100036
1008272_20200102_174536,100037
1008272_20200215_133042,100038
1008272_20200305_011910,100039
1008272_20201030_141317,100040
1008272_20201030_135808,100041
1008272_20201203_211811,100042
1008272_20210102_153023,100043
1008272_20210707_230755,100044
1008272_20210826_183224,100045
1008272_20210826_192402,100046
1008272_20210826_185446,100047
1008272_20210826_172325,100048
1008272_20210826_192807,100049
1008272_20210826_172252,100050
1008272_20210827_055848,100051
1008272_20210827_094944,100052
1008272_20210827_142007,100053
1008272_20210829_063740,100054
1008272_20210901_051757,100055
1008272_20210902_060214,100056
1008272_20210922_050326,100057
1008272_20211103_034917,100058
1008272_20211208_061851,100059
1008272_20211216_163058,100060
1008272_20211220_232713,100061
1008272_20211220_213003,100062
1008272_20211220_202827,100063
1008272_20211220_215207,100064
1008272_20211220_215101,100065
1008272_20211221_213051,100066
1008272_20211221_125553,100067
1008272_20211221_124557,100068
1008272_20211221_123728,100069
1008272_20211221_131710,100070
1008272_20211221_124643,100071
1008272_20211221_124757,100072
1008272_20211221_025605,100073
1008272_20211221_125257,100074
1008272_20211221_130010,100075
1008272_20211221_172925,100076
1008272_20211221_152257,100077
1008272_20211221_131537,100078
1008272_20211221_022437,100079
1008272_20211221_124231,100080
1008272_20211221_135634,100081
1008272_20211221_014342,100082
1008272_20211221_033518,100083
1008272_20211221_005157,100084
1008272_20211221_134223,100085
1008272_20211222_051545,100086
1008272_20211222_055036,100087
1008272_20211222_124526,100088
1008272_20211222_214802,100089
1008272_20211222_112544,100090
1008272_20211222_221149,100091
1008272_20211223_121827,100092
1008272_20211223_083506,100093
1008272_20211223_165025,100094
1008272_20211223_032730,100095
1008272_20211223_020602,100096
1008272_20211224_212559,100097
1008272_20211224_212606,100098
1008272_20211226_104033,100099
1008272_20211227_003818,100100
1008272_20211228_203700,100101
1008272_20211228_015400,100102
1008272_20211229_181636,100103
1008272_20211229_065024,100104
1008272_20211229_064105,100105
1008272_20211231_191439,100106
1008272_20211231_195744,100107
1008272_20211231_150400,100108
1008272_20211231_195319,100109
1008272_20211231_205957,100110
1008272_20211231_210138,100111
1008272_20211231_211741,100112
1008272_20211231_235430,100113
1008272_20211231_232955,100114
1008272_20211231_210958,100115
1008272_20211231_213551,100116
1008272_20211231_205507,100117
1008272_20211231_231445,100118
1008272_20211231_212001,100119
1008272_20211231_215353,100120
1008272_20211231_224738,100121
1008272_20211231_215139,100122
1008272_20211231_211947,100123
1008272_20211231_223932,100124
1008272_20211231_213004,100125
1008272_20211231_225754,100126
1008272_20211231_212357,100127
1008272_20211231_231930,100128
1008272_20211231_213752,100129
1008272_20211231_215802,100130
1008272_20211231_194648,100131
1008272_20211231_230223,100132
1008272_20211231_215811,100133
1008272_20211231_211616,100134
1008272_20211231_213348,100135
1008272_20211231_210030,100136
1008272_20211231_224116,100137
1008272_20211231_212523,100138
1008272_20211231_190835,100139
1008272_20211231_215742,100140
1008272_20211231_223259,100141
1008272_20211231_210942,100142
1008272_20211231_205917,100143
1008272_20211231_220855,100144
1008272_20211231_210530,100145
1008272_20211231_205933,100146
1008272_20211231_205947,100147
1008272_20211231_210819,100148
1008272_20211231_210924,100149
1008272_20211231_221629,100150
1008272_20211231_215851,100151
1008272_20211231_220630,100152
1008272_20211231_210855,100153
1008272_20211231_210223,100154
1008272_20211231_215419,100155
1008272_20211231_212946,100156
1008272_20211231_215238,100157
1008272_20211231_204410,100158
1008272_20211231_210202,100159
1008272_20211231_231730,100160
1008272_20211231_234106,100161
1008272_20211231_212701,100162
1008272_20211231_224521,100163
1008272_20211231_210706,100164
1008272_20211231_213359,100165
1008272_20211231_212255,100166
1008272_20211231_212227,100167
1008272_20211231_214409,100168
1008272_20211231_234630,100169
1008272_20211231_210845,100170
1008272_20211231_210657,100171
1008272_20211231_221117,100172
1008272_20211231_205749,100173
1008272_20211231_214032,100174
1008272_20211231_223918,100175
1008272_20211231_235837,100176
1008272_20211231_211049,100177
1008272_20211231_210345,100178
1008272_20220101_071331,100179
1008272_20220101_033748,100180
1008272_20220101_120053,100181
1008272_20220101_110043,100182
1008272_20220101_235705,100183
1008272_20220101_015026,100184
1008272_20220101_182221,100185
1008272_20220101_100033,100186
1008272_20220101_061944,100187
1008272_20220101_210403,100188
1008272_20220101_110754,100189
1008272_20220101_001048,100190
1008272_20220101_232913,100191
1008272_20220101_002755,100192
1008272_20220101_071125,100193
1008272_20220101_002153,100194
1008272_20220101_031016,100195
1008272_20220101_111514,100196
1008272_20220101_174501,100197
1008272_20220101_082835,100198
1008272_20220101_234854,100199
1008272_20220101_171522,100200
1008272_20220101_002938,100201
1008272_20220101_072657,100202
1008272_20220101_131146,100203
1008272_20220101_164726,100204
1008272_20220101_003823,100205
1008272_20220101_164347,100206
1008272_20220101_082806,100207
1008272_20220101_132706,100208
1008272_20220101_220453,100209
1008272_20220101_223933,100210
1008272_20220101_010106,100211
1008272_20220101_004652,100212
1008272_20220101_150648,100213
1008272_20220101_012357,100214
1008272_20220101_083045,100215
1008272_20220101_091254,100216
1008272_20220101_064100,100217
1008272_20220101_034413,100218
1008272_20220101_170156,100219
1008272_20220101_041655,100220
1008272_20220101_152940,100221
1008272_20220101_032249,100222
1008272_20220101_091153,100223
1008272_20220101_150942,100224
1008272_20220101_130921,100225
1008272_20220101_134059,100226
1008272_20220101_022536,100227
1008272_20220101_003813,100228
1008272_20220101_102034,100229
1008272_20220101_102216,100230
1008272_20220101_024941,100231
1008272_20220101_094225,100232
1008272_20220101_004013,100233
1008272_20220101_021159,100234
1008272_20220101_073442,100235
1008272_20220101_200730,100236
1008272_20220101_155835,100237
1008272_20220101_072626,100238
1008272_20220101_092836,100239
1008272_20220101_003311,100240
1008272_20220101_215157,100241
1008272_20220101_225209,100242
1008272_20220101_003504,100243
1008272_20220101_050527,100244
1008272_20220101_044648,100245
1008272_20220101_044731,100246
1008272_20220101_072825,100247
1008272_20220101_023628,100248
1008272_20220101_110704,100249
1008272_20220101_174327,100250
1008272_20220101_103903,100251
1008272_20220101_083119,100252
1008272_20220102_023413,100253
1008272_20220102_142430,100254
1008272_20220102_121643,100255
1008272_20220102_041853,100256
1008272_20220102_121114,100257
1008272_20220102_093712,100258
1008272_20220102_030010,100259
1008272_20220102_064315,100260
1008272_20220102_200903,100261
1008272_20220102_064245,100262
1008272_20220102_200544,100263
1008272_20220102_233651,100264
1008272_20220102_191900,100265
1008272_20220102_113519,100266
1008272_20220102_060152,100267
1008272_20220102_085259,100268
1008272_20220102_053208,100269
1008272_20220102_095815,100270
1008272_20220102_073453,100271
1008272_20220102_165740,100272
1008272_20220102_174648,100273
1008272_20220102_070053,100274
1008272_20220102_114231,100275
1008272_20220102_065406,100276
1008272_20220102_082622,100277
1008272_20220102_074447,100278
1008272_20220102_121341,100279
1008272_20220103_150135,100280
1008272_20220103_092213,100281
1008272_20220103_150526,100282
1008272_20220103_191753,100283
1008272_20220103_142316,100284
1008272_20220103_112448,100285
1008272_20220103_100948,100286
1008272_20220103_135603,100287
1008272_20220103_002339,100288
1008272_20220103_090822,100289
1008272_20220103_043023,100290
1008272_20220103_150606,100291
1008272_20220103_044039,100292
1008272_20220104_071018,100293
1008272_20220104_110429,100294
1008272_20220104_161816,100295
1008272_20220104_181557,100296
1008272_20220105_135045,100297
1008272_20220105_230058,100298
1008272_20220105_160728,100299
1008272_20220105_205413,100300
1008272_20220105_032452,100301
1008272_20220105_111717,100302
1008272_20220105_093259,100303
1008272_20220106_120541,100304
1008272_20220106_154620,100305
1008272_20220106_185311,100306
1008272_20220106_080652,100307
1008272_20220106_201330,100308
1008272_20220106_065219,100309
1008272_20220106_010659,100310
1008272_20220106_054741,100311
1008272_20220106_014819,100312
1008272_20220106_210925,100313
1008272_20220106_081308,100314
1008272_20220106_180711,100315
1008272_20220107_072247,100316
1008272_20220107_093637,100317
1008272_20220107_045702,100318
1008272_20220107_005644,100319
1008272_20220107_075535,100320
1008272_20220107_083749,100321
1008272_20220107_142015,100322
1008272_20220107_014646,100323
1008272_20220107_010314,100324
1008272_20220107_141708,100325
1008272_20220107_010015,100326
1008272_20220107_132300,100327
1008272_20220107_012021,100328
1008272_20220108_105019,100329
1008272_20220108_123158,100330
1008272_20220108_094407,100331
1008272_20220108_160336,100332
1008272_20220108_023826,100333
1008272_20220108_102303,100334
1008272_20220108_204439,100335
1008272_20220109_101050,100336
1008272_20220109_195037,100337
1008272_20220109_144757,100338
1008272_20220109_080921,100339
1008272_20220109_213811,100340
1008272_20220109_125205,100341
1008272_20220109_220842,100342
1008272_20220110_030927,100343
1008272_20220110_032418,100344
1008272_20220110_054921,100345
1008272_20220110_024027,100346
1008272_20220111_164923,100347
1008272_20220111_123633,100348
1008272_20220111_211311,100349
1008272_20220113_032048,100350
1008272_20220113_161702,100351
1008272_20220113_062716,100352
1008272_20220114_071112,100353
1008272_20220114_070546,100354
1008272_20220114_125007,100355
1008272_20220114_002649,100356
1008272_20220115_085629,100357
1008272_20220115_091628,100358
1008272_20220115_082402,100359
1008272_20220115_191441,100360
1008272_20220116_055022,100361
1008272_20220116_224347,100362
1008272_20220116_183933,100363
1008272_20220116_152920,100364
1008272_20220117_014733,100365
1008272_20220117_043142,100366
1008272_20220118_035151,100367
1008272_20220118_082739,100368
1008272_20220118_153345,100369
1008272_20220118_124402,100370
1008272_20220118_163109,100371
1008272_20220118_013541,100372
1008272_20220119_100904,100373
1008272_20220119_030704,100374
1008272_20220120_023019,100375
1008272_20220120_073402,100376
1008272_20220120_125005,100377
1008272_20220120_043425,100378
1008272_20220120_195408,100379
1008272_20220121_182533,100380
1008272_20220121_013049,100381
1008272_20220121_032235,100382
1008272_20220121_093037,100383
1008272_20220121_101412,100384
1008272_20220122_075207,100385
1008272_20220122_004205,100386
1008272_20220122_011911,100387
1008272_20220123_071009,100388
1008272_20220123_034850,100389
1008272_20220123_081727,100390
1008272_20220124_163749,100391
1008272_20220124_160028,100392
1008272_20220125_223542,100393
1008272_20220125_003406,100394
1008272_20220125_115205,100395
1008272_20220126_053108,100396
1008272_20220126_153538,100397
1008272_20220126_031940,100398
1008272_20220126_145300,100399
1008272_20220126_102513,100400
1008272_20220126_142003,100401
1008272_20220126_124939,100402
1008272_20220127_192058,100403
1008272_20220127_192507,100404
1008272_20220127_224832,100405
1008272_20220127_023914,100406
1008272_20220127_221849,100407
1008272_20220127_224907,100408
1008272_20220127_081215,100409
1008272_20220128_144203,100410
1008272_20220128_151334,100411
1008272_20220128_190352,100412
1008272_20220128_233747,100413
1008272_20220128_014946,100414
1008272_20220129_030643,100415
1008272_20220129_060649,100416
1008272_20220130_002257,100417
1008272_20220130_140906,100418
1008272_20220130_142109,100419
1008272_20220130_130935,100420
1008272_20220130_203950,100421
1008272_20220130_100543,100422
1008272_20220130_133738,100423
1008272_20220131_034409,100424
1008272_20220201_184829,100425
1008272_20220201_070725,100426
1008272_20220201_010901,100427
1008272_20220201_215521,100428
1008272_20220201_112517,100429
1008272_20220202_054928,100430
1008272_20220203_123631,100431
1008272_20220205_164507,100432
1008272_20220206_163009,100433
1008272_20220206_190725,100434
1008272_20220206_154325,100435
1008272_20220206_041557,100436
1008272_20220207_040506,100437
1008272_20220207_020306,100438
1008272_20220207_095303,100439
1008272_20220207_085511,100440
1008272_20220209_000458,100441
1008272_20220209_194900,100442
1008272_20220210_055855,100443
1008272_20220212_115856,100444
1008272_20220212_103508,100445
1008272_20220213_072659,100446
1008272_20220213_064325,100447
1008272_20220213_211629,100448
1008272_20220213_072801,100449
1008272_20220213_064527,100450
1008272_20220213_073036,100451
1008272_20220213_082626,100452
1008272_20220213_122240,100453
1008272_20220215_185806,100454
1008272_20220215_091448,100455
1008272_20220217_215109,100456
1008272_20220217_043204,100457
1008272_20220217_083716,100458
1008272_20220218_055134,100459
1008272_20220220_201334,100460
1008272_20220222_053026,100461
1008272_20220223_083944,100462
1008272_20220223_082206,100463
1008272_20220224_105131,100464
1008272_20220224_091851,100465
1008272_20220224_024808,100466
1008272_20220225_183545,100467
1008272_20220225_070348,100468
1008272_20220226_033407,100469
1008272_20220301_000449,100470
1008272_20220304_000010,100471
1008272_20220306_223327,100472
1008272_20220307_113503,100473
1008272_20220307_004419,100474
1008272_20220309_001240,100475
1008272_20220311_212638,100476
1008272_20220315_191355,100477
1008272_20220319_041136,100478
1008272_20220320_020611,100479
1008272_20220320_224312,100480
1008272_20220321_051213,100481
1008272_20220323_163841,100482
1008272_20220323_223350,100483
1008272_20220324_141858,100484
1008272_20220325_024924,100485
1008272_20220326_105146,100486
1008272_20220329_200034,100487
1008272_20220331_085124,100488
1008272_20220403_140657,100489
1008272_20220406_011321,100490
1008272_20220407_094012,100491
1008272_20220408_181550,100492
1008272_20220414_113543,100493
1008272_20220417_191756,100494
1008272_20220417_211619,100495
1008272_20220417_135814,100496
1008272_20220420_220105,100497
1008272_20220420_220041,100498
1008272_20220425_074454,100499
1008272_20220507_072521,100500
1008272_20220513_014630,100501
1008272_20220516_163607,100502
1008272_20220518_111212,100503
1008272_20220521_202222,100504
1008272_20220529_011533,100505
1008272_20220604_105334,100506
1008272_20220616_200912,100507
1008272_20220624_150410,100508
1008272_20220718_054548,100509
1008272_20220721_125057,100510
1008272_20220723_205802,100511
1008272_20220727_155736,100512
1008272_20220812_024921,100513
1008272_20220819_203548,100514
1008272_20220819_204752,100515
1008272_20220821_102658,100516
1008272_20220822_112824,100517
1008272_20220823_023404,100518
1008272_20220904_075729,100519
1008272_20220905_013647,100520
1008272_20221009_003156,100521
1008272_20221109_045406,100522
1008272_20221110_061958,100523
1018875_20200102_141535,100524
1018875_20200115_205535,100525
1018875_20200130_080317,100526
1018875_20200202_113534,100527
1018875_20200216_040745,100528
1018875_20200216_233046,100529
1018875_20200216_045518,100530
1018875_20200314_160236,100531
1018875_20200331_141502,100532
1018875_20200414_152540,100533
1018875_20200418_082032,100534
1018875_20200531_112409,100535
1018875_20200616_081204,100536
1018875_20200807_092844,100537
1018875_20200807_092826,100538
1018875_20200807_040358,100539
1018875_20200811_222353,100540
1018875_20201021_023732,100541
1018875_20201108_035455,100542
1018875_20201108_013240,100543
1018875_20201202_083333,100544
1018875_20201219_100143,100545
1018875_20210213_040141,100546
1018875_20210327_030708,100547
1018875_20210330_083611,100548
1018875_20210406_111132,100549
1018875_20210507_180329,100550
1018875_20210613_210652,100551
1018875_20210810_100737,100552
1018875_20210819_021436,100553
1018875_20210824_065208,100554
1018875_20211017_121504,100555
1018875_20211017_123826,100556
1018875_20211205_225826,100557
1018875_20220120_020219,100558
1018875_20220221_020922,100559
1018875_20220226_091953,100560
1018875_20220317_103425,100561
1018875_20220405_043752,100562
1018875_20220514_212727,100563
1018875_20220529_062131,100564
1018875_20220707_024645,100565
1018875_20220725_050356,100566
1018875_20220814_035424,100567
1018875_20220824_221419,100568
1018875_20220904_054554,100569
1018875_20220906_070259,100570
1018875_20221106_050349,100571
1018875_20221106_044538,100572
1018875_20221106_044623,100573
1018875_20221123_095956,100574
1014939_20200103_155751,100575
1014939_20200114_010931,100576
1014939_20200216_023806,100577
1014939_20200228_074709,100578
1014939_20200323_141710,100579
1014939_20200324_201018,100580
1014939_20200504_104142,100581
1014939_20200513_051145,100582
1014939_20200609_104706,100583
1014939_20200613_070834,100584
1014939_20200806_004400,100585
1014939_20200806_194119,100586
1014939_20200820_184055,100587
1014939_20200912_215444,100588
1014939_20200912_213716,100589
1014939_20201129_172414,100590
1014939_20210417_102749,100591
1014939_20210426_214639,100592
1014939_20210511_121344,100593
1014939_20210520_013527,100594
1014939_20210615_112724,100595
1014939_20210615_113108,100596
1014939_20210615_115852,100597
1014939_20210615_130916,100598
1014939_20210615_131358,100599
1014939_20210812_115012,100600
1014939_20210814_081815,100601
1014939_20210915_032107,100602
1014939_20210924_081517,100603
1014939_20211010_164624,100604
1014939_20211029_012455,100605
1014939_20211108_104150,100606
1014939_20211115_014635,100607
1014939_20211123_041407,100608
1014939_20211222_025111,100609
1014939_20211231_100437,100610
1014939_20220322_110435,100611
1014939_20220605_082159,100612
1014939_20220817_050621,100613
1014939_20220821_055108,100614
1014939_20221025_212054,100615
1015345_20200103_121332,100616
1015345_20200203_104003,100617
1015345_20200315_192330,100618
1015345_20200328_010109,100619
1015345_20200328_015157,100620
1015345_20200407_080237,100621
1015345_20200407_175755,100622
1015345_20200408_203210,100623
1015345_20200510_223619,100624
1015345_20200513_071050,100625
1015345_20200522_083920,100626
1015345_20200526_212647,100627
1015345_20200621_063746,100628
1015345_20200709_105740,100629
1015345_20200710_055513,100630
1015345_20200730_203027,100631
1015345_20200803_063802,100632
1015345_20200803_070001,100633
1015345_20200809_115015,100634
1015345_20200826_141633,100635
1015345_20200906_073528,100636
1015345_20200908_164649,100637
1015345_20200913_111625,100638
1015345_20200917_070308,100639
1015345_20201102_180504,100640
1015345_20201104_024046,100641
1015345_20201203_111959,100642
1015345_20210125_000553,100643
1015345_20210218_204606,100644
1015345_20210218_211232,100645
1015345_20210228_182216,100646
1015345_20210301_033010,100647
1015345_20210324_094131,100648
1015345_20210428_213741,100649
1015345_20210503_220301,100650
1015345_20210515_180155,100651
1015345_20210515_175956,100652
1015345_20210515_170324,100653
1015345_20210515_182238,100654
1015345_20210515_180119,100655
1015345_20210520_035054,100656
1015345_20210523_015911,100657
1015345_20210523_015905,100658
1015345_20210527_071330,100659
1015345_20210529_233546,100660
1015345_20210605_045051,100661
1015345_20210607_223200,100662
1015345_20210608_055909,100663
1015345_20210610_115054,100664
1015345_20210618_171833,100665
1015345_20210701_000714,100666
1015345_20210708_151536,100667
1015345_20210708_100920,100668
1015345_20210711_102015,100669
1015345_20210714_214423,100670
1015345_20210717_034444,100671
1015345_20210721_213847,100672
1015345_20210721_143755,100673
1015345_20210729_144052,100674
1015345_20210803_153810,100675
1015345_20210807_080233,100676
1015345_20210812_121129,100677
1015345_20210813_033902,100678
1015345_20210813_020715,100679
1015345_20210814_045901,100680
1015345_20210818_123903,100681
1015345_20210826_080711,100682
1015345_20210905_152005,100683
1015345_20210909_230447,100684
1015345_20210918_131938,100685
1015345_20210925_155458,100686
1015345_20210929_192312,100687
1015345_20210930_225734,100688
1015345_20211005_065437,100689
1015345_20211006_092303,100690
1015345_20211013_040400,100691
1015345_20211027_124447,100692
1015345_20211031_214241,100693
1015345_20211101_201507,100694
1015345_20211107_003957,100695
1015345_20211108_015617,100696
1015345_20211114_081944,100697
1015345_20211115_205802,100698
1015345_20211115_174718,100699
1015345_20211118_072744,100700
1015345_20211122_123943,100701
1015345_20211124_114028,100702
1015345_20211129_120528,100703
1015345_20211129_044741,100704
1015345_20211218_014724,100705
1015345_20211218_011456,100706
1015345_20220101_173709,100707
1015345_20220109_113520,100708
1015345_20220112_053110,100709
1015345_20220115_084110,100710
1015345_20220116_142135,100711
1015345_20220118_040105,100712
1015345_20220204_061108,100713
1015345_20220218_202419,100714
1015345_20220225_001728,100715
1015345_20220305_172106,100716
1015345_20220311_023112,100717
1015345_20220314_161758,100718
1015345_20220315_000731,100719
1015345_20220328_160118,100720
1015345_20220410_172719,100721
1015345_20220414_234407,100722
1015345_20220415_234251,100723
1015345_20220416_135124,100724
1015345_20220419_221515,100725
1015345_20220421_000059,100726
1015345_20220504_155236,100727
1015345_20220516_011236,100728
1015345_20220524_022351,100729
1015345_20220528_101833,100730
1015345_20220531_022256,100731
1015345_20220606_041520,100732
1015345_20220611_013210,100733
1015345_20220612_040155,100734
1015345_20220612_040333,100735
1015345_20220616_182350,100736
1015345_20220617_103358,100737
1015345_20220622_053805,100738
1015345_20220701_172432,100739
1015345_20220708_204454,100740
1015345_20220708_131916,100741
1015345_20220728_232513,100742
1015345_20220802_061235,100743
1015345_20220803_201647,100744
1015345_20220808_093304,100745
1015345_20220814_174135,100746
1015345_20220902_011546,100747
1015345_20220907_092204,100748
1015345_20220909_191901,100749
1015345_20220910_002558,100750
1015345_20220913_212047,100751
1015345_20220924_134829,100752
1015345_20220928_020816,100753
1015345_20220929_003249,100754
1015345_20221016_225854,100755
1015345_20221114_225243,100756
1015345_20221116_205903,100757
1015345_20221119_232217,100758
1015345_20221121_092917,100759
1016517_20200103_033214,100760
1016517_20200319_002108,100761
1016517_20200526_115420,100762
1016517_20200529_054742,100763
1016517_20200708_030451,100764
1016517_20200826_070515,100765
1016517_20201105_014006,100766
1016517_20201218_161346,100767
1016517_20210530_165944,100768
1016517_20211007_232225,100769
1016517_20211220_204027,100770
1016517_20211220_211337,100771
1016517_20211220_214902,100772
1016517_20211220_203624,100773
1016517_20211220_232602,100774
1016517_20211220_214138,100775
1016517_20211220_224037,100776
1016517_20211220_212535,100777
1016517_20211220_204545,100778
1016517_20211220_210323,100779
1016517_20211220_214718,100780
1016517_20211220_221320,100781
1016517_20211220_211013,100782
1016517_20211221_015506,100783
1016517_20211221_094418,100784
1016517_20211221_022524,100785
1016517_20211221_114119,100786
1016517_20211221_010814,100787
1016517_20211221_004622,100788
1016517_20211221_003115,100789
1016517_20211221_120249,100790
1016517_20211221_095128,100791
1016517_20211221_093347,100792
1016517_20211221_144423,100793
1016517_20211221_012016,100794
1016517_20211221_141619,100795
1016517_20211221_032944,100796
1016517_20211221_021436,100797
1016517_20211221_062358,100798
1016517_20211222_010415,100799
1016517_20211222_084109,100800
1016517_20211222_085811,100801
1016517_20211222_233440,100802
1016517_20211225_202036,100803
1016517_20211225_155502,100804
1016517_20211225_223213,100805
1016517_20211225_122035,100806
1016517_20211226_042434,100807
1016517_20211227_015209,100808
1016517_20211227_042257,100809
1016517_20211228_231324,100810
1016517_20211231_174201,100811
1016517_20211231_180848,100812
1016517_20220102_194112,100813
1016517_20220103_195717,100814
1016517_20220106_040509,100815
1016517_20220110_095444,100816
1016517_20220113_100835,100817
1016517_20220117_140708,100818
1016517_20220218_065708,100819
1016517_20220411_003319,100820
1016517_20220501_063316,100821
1016517_20220913_000512,100822
1016701_20200103_020956,100823
1016701_20200115_184221,100824
1016701_20200122_112856,100825
1016701_20200126_042452,100826
1016701_20200203_161013,100827
1016701_20200217_035358,100828
1016701_20200302_231219,100829
1016701_20200307_214821,100830
1016701_20200308_164630,100831
1016701_20200314_211105,100832
1016701_20200317_045955,100833
1016701_20200320_114815,100834
1016701_20200406_144207,100835
1016701_20200407_033554,100836
1016701_20200411_120729,100837
1016701_20200416_133548,100838
1016701_20200510_105624,100839
1016701_20200519_190626,100840
1016701_20200528_065630,100841
1016701_20200531_211727,100842
1016701_20200628_084127,100843
1016701_20200630_000450,100844
1016701_20200725_110116,100845
1016701_20200730_150245,100846
1016701_20200810_195516,100847
1016701_20200810_194218,100848
1016701_20200810_100744,100849
1016701_20200815_002851,100850
1016701_20200818_030827,100851
1016701_20200824_220912,100852
1016701_20200824_021518,100853
1016701_20200825_221124,100854
1016701_20200826_191818,100855
1016701_20200830_083128,100856
1016701_20200831_202049,100857
1016701_20200902_210712,100858
1016701_20200904_013607,100859
1016701_20200904_224717,100860
1016701_20200908_204029,100861
1016701_20200910_052559,100862
1016701_20200911_114023,100863
1016701_20200915_230533,100864
1016701_20200915_230456,100865
1016701_20200920_040803,100866
1016701_20200920_095731,100867
1016701_20201004_234622,100868
1016701_20201004_234701,100869
1016701_20201007_013245,100870
1016701_20201013_183016,100871
1016701_20201014_234929,100872
1016701_20201015_005459,100873
1016701_20201016_022255,100874
1016701_20201024_052531,100875
1016701_20201025_231346,100876
1016701_20201025_010844,100877
1016701_20201105_155350,100878
1016701_20201116_184724,100879
1016701_20201117_062831,100880
1016701_20201120_183154,100881
1016701_20201201_210434,100882
1016701_20201219_203647,100883
1016701_20210101_194939,100884
1016701_20210104_171042,100885
1016701_20210107_063724,100886
1016701_20210107_194415,100887
1016701_20210116_223838,100888
1016701_20210119_001749,100889
1016701_20210126_011457,100890
1016701_20210222_105500,100891
1016701_20210225_063700,100892
1016701_20210228_201505,100893
1016701_20210310_052738,100894
1016701_20210313_210153,100895
1016701_20210320_043640,100896
1016701_20210322_000634,100897
1016701_20210327_093913,100898
1016701_20210426_141251,100899
1016701_20210428_122849,100900
1016701_20210430_063550,100901
1016701_20210502_083303,100902
1016701_20210508_130045,100903
1016701_20210516_033538,100904
1016701_20210518_112325,100905
1016701_20210526_085158,100906
1016701_20210528_132145,100907
1016701_20210529_115948,100908
1016701_20210529_155702,100909
1016701_20210530_005857,100910
1016701_20210530_094720,100911
1016701_20210531_045939,100912
1016701_20210531_101825,100913
1016701_20210602_055353,100914
1016701_20210602_041945,100915
1016701_20210605_163201,100916
1016701_20210606_203540,100917
1016701_20210610_145111,100918
1016701_20210615_121812,100919
1016701_20210617_211136,100920
1016701_20210627_030856,100921
1016701_20210629_075055,100922
1016701_20210629_105349,100923
1016701_20210629_083023,100924
1016701_20210629_143334,100925
1016701_20210701_025631,100926
1016701_20210704_022346,100927
1016701_20210707_024116,100928
1016701_20210719_213709,100929
1016701_20210724_042553,100930
1016701_20210724_044137,100931
1016701_20210724_011819,100932
1016701_20210725_135939,100933
1016701_20210730_123113,100934
1016701_20210808_150927,100935
1016701_20210808_235154,100936
1016701_20210808_150419,100937
1016701_20210808_062939,100938
1016701_20210818_192946,100939
1016701_20210819_155035,100940
1016701_20210819_134437,100941
1016701_20210819_180155,100942
1016701_20210826_001932,100943
1016701_20210826_035641,100944
1016701_20210907_073931,100945
1016701_20210918_140603,100946
1016701_20210919_001615,100947
1016701_20210921_000756,100948
1016701_20211020_014436,100949
1016701_20211021_040824,100950
1016701_20211024_070135,100951
1016701_20211024_005609,100952
1016701_20211027_164642,100953
1016701_20211027_065627,100954
1016701_20211101_013530,100955
1016701_20211102_010532,100956
1016701_20211112_153824,100957
1016701_20211113_085428,100958
1016701_20211114_104048,100959
1016701_20211121_091300,100960
1016701_20211205_054105,100961
1016701_20211215_130428,100962
1016701_20211215_090441,100963
1016701_20211216_072811,100964
1016701_20211218_211116,100965
1016701_20211220_215157,100966
1016701_20211221_075902,100967
1016701_20211221_031842,100968
1016701_20211223_072520,100969
1016701_20211228_085147,100970
1016701_20211231_062917,100971
1016701_20220109_180152,100972
1016701_20220109_074049,100973
1016701_20220121_131754,100974
1016701_20220123_213200,100975
1016701_20220123_212833,100976
1016701_20220123_214708,100977
1016701_20220124_031053,100978
1016701_20220127_164844,100979
1016701_20220128_120143,100980
1016701_20220211_103414,100981
1016701_20220213_164850,100982
1016701_20220213_112439,100983
1016701_20220221_222024,100984
1016701_20220305_115017,100985
1016701_20220313_015041,100986
1016701_20220327_030630,100987
1016701_20220404_151650,100988
1016701_20220404_202912,100989
1016701_20220404_211628,100990
1016701_20220404_170053,100991
1016701_20220404_153020,100992
1016701_20220405_072457,100993
1016701_20220406_084332,100994
1016701_20220407_034203,100995
1016701_20220407_213702,100996
1016701_20220412_170536,100997
1016701_20220412_131903,100998
1016701_20220415_025816,100999
1016701_20220503_090811,101000
1016701_20220512_144841,101001
1016701_20220518_225602,101002
1016701_20220613_205901,101003
1016701_20220625_043537,101004
1016701_20220712_114743,101005
1016701_20220713_091612,101006
1016701_20220713_084542,101007
1016701_20220724_035706,101008
1016701_20220808_061814,101009
1016701_20220825_033343,101010
1016701_20220829_030712,101011
1016701_20220829_064949,101012
1016701_20220902_165107,101013
1016701_20220906_013724,101014
1016701_20220912_065605,101015
1016701_20220914_080043,101016
1016701_20220916_215642,101017
1016701_20220927_021059,101018
1016701_20221124_155806,101019
1016701_20221127_045537,101020
1016701_20221127_014001,101021
1016701_20221130_211028,101022
1016790_20200103_232814,101023
1016790_20200104_005705,101024
1016790_20200109_021032,101025
1016790_20200109_031536,101026
1016790_20200109_023335,101027
1016790_20200119_190253,101028
1016790_20200130_120618,101029
1016790_20200210_184819,101030
1016790_20200218_185005,101031
1016790_20200219_010923,101032
1016790_20200220_213721,101033
1016790_20200223_024408,101034
1016790_20200226_085932,101035
1016790_20200227_045238,101036
1016790_20200227_061419,101037
1016790_20200229_100345,101038
1016790_20200309_075025,101039
1016790_20200319_103349,101040
1016790_20200321_102543,101041
1016790_20200402_062408,101042
1016790_20200402_100017,101043
1016790_20200402_072807,101044
1016790_20200402_102022,101045
1016790_20200403_005752,101046
1016790_20200413_095635,101047
1016790_20200504_002643,101048
1016790_20200506_124325,101049
1016790_20200507_012617,101050
1016790_20200601_052810,101051
1016790_20200604_074634,101052
1016790_20200621_124840,101053
1016790_20200621_115810,101054
1016790_20200626_043039,101055
1016790_20200626_111219,101056
1016790_20200627_151452,101057
1016790_20200718_041328,101058
1016790_20200719_025734,101059
1016790_20200724_125913,101060
1016790_20200816_001642,101061
1016790_20200818_060857,101062
1016790_20200822_232202,101063
1016790_20200901_202305,101064
1016790_20200907_153122,101065
1016790_20200911_093235,101066
1016790_20200911_173652,101067
1016790_20200914_032304,101068
1016790_20200916_074745,101069
1016790_20200923_090338,101070
1016790_20201004_102236,101071
1016790_20201006_093610,101072
1016790_20201008_184402,101073
1016790_20201014_221015,101074
1016790_20201016_204359,101075
1016790_20201018_115422,101076
1016790_20201020_205926,101077
1016790_20201021_032724,101078
1016790_20201029_034947,101079
1016790_20201113_030929,101080
1016790_20201114_233636,101081
1016790_20201120_221530,101082
1016790_20201130_080626,101083
1016790_20201220_073156,101084
1016790_20201220_032408,101085
1016790_20201220_044416,101086
1016790_20210105_032251,101087
1016790_20210116_221056,101088
1016790_20210116_100618,101089
1016790_20210119_202819,101090
1016790_20210131_132235,101091
1016790_20210204_183809,101092
1016790_20210218_195052,101093
1016790_20210219_060021,101094
1016790_20210219_113923,101095
1016790_20210301_091547,101096
1016790_20210301_091316,101097
1016790_20210304_004718,101098
1016790_20210304_051748,101099
1016790_20210311_142709,101100
1016790_20210320_064159,101101
1016790_20210321_164514,101102
1016790_20210324_075816,101103
1016790_20210324_080354,101104
1016790_20210404_160714,101105
1016790_20210407_193914,101106
1016790_20210417_212511,101107
1016790_20210424_101451,101108
1016790_20210425_100850,101109
1016790_20210426_020855,101110
1016790_20210428_080700,101111
1016790_20210501_130933,101112
1016790_20210523_115532,101113
1016790_20210523_065437,101114
1016790_20210527_160409,101115
1016790_20210531_234827,101116
1016790_20210608_145140,101117
1016790_20210608_040500,101118
1016790_20210609_061104,101119
1016790_20210611_130920,101120
1016790_20210612_081418,101121
1016790_20210612_134359,101122
1016790_20210612_081642,101123
1016790_20210612_032122,101124
1016790_20210612_035842,101125
1016790_20210614_121715,101126
1016790_20210615_183142,101127
1016790_20210616_174054,101128
1016790_20210619_111423,101129
1016790_20210623_064631,101130
1016790_20210626_103809,101131
1016790_20210626_105504,101132
1016790_20210628_015234,101133
1016790_20210628_133336,101134
1016790_20210630_085658,101135
1016790_20210630_085643,101136
1016790_20210703_045932,101137
1016790_20210703_020006,101138
1016790_20210703_041947,101139
1016790_20210704_121312,101140
1016790_20210704_054404,101141
1016790_20210705_114443,101142
1016790_20210711_205905,101143
1016790_20210713_213004,101144
1016790_20210715_124650,101145
1016790_20210717_194824,101146
1016790_20210717_081238,101147
1016790_20210721_100949,101148
1016790_20210725_124518,101149
1016790_20210729_090700,101150
1016790_20210729_090754,101151
1016790_20210730_152025,101152
1016790_20210731_053141,101153
1016790_20210731_122328,101154
1016790_20210805_142929,101155
1016790_20210806_102952,101156
1016790_20210808_113933,101157
1016790_20210811_071933,101158
1016790_20210814_154208,101159
1016790_20210822_123617,101160
1016790_20210822_220553,101161
1016790_20210822_045742,101162
1016790_20210825_205630,101163
1016790_20210826_083520,101164
1016790_20210828_131909,101165
1016790_20210829_114924,101166
1016790_20210902_103139,101167
1016790_20210904_172304,101168
1016790_20210906_090003,101169
1016790_20210907_120827,101170
1016790_20210907_120636,101171
1016790_20210909_055058,101172
1016790_20210912_084607,101173
1016790_20210912_084718,101174
1016790_20210912_085212,101175
1016790_20210912_080447,101176
1016790_20210913_030315,101177
1016790_20210915_145432,101178
1016790_20210919_041222,101179
1016790_20210919_064400,101180
1016790_20210921_101540,101181
1016790_20210923_012716,101182
1016790_20210925_211537,101183
1016790_20210928_053057,101184
1016790_20210929_203324,101185
1016790_20210929_114529,101186
1016790_20210929_021618,101187
1016790_20211003_014524,101188
1016790_20211003_151217,101189
1016790_20211004_035650,101190
1016790_20211004_041738,101191
1016790_20211004_034107,101192
1016790_20211004_034727,101193
1016790_20211005_211906,101194
1016790_20211009_045832,101195
1016790_20211017_202135,101196
1016790_20211018_155638,101197
1016790_20211018_041612,101198
1016790_20211021_191958,101199
1016790_20211027_193501,101200
1016790_20211028_160906,101201
1016790_20211031_021359,101202
1016790_20211031_235654,101203
1016790_20211102_040821,101204
1016790_20211102_181639,101205
1016790_20211103_182537,101206
1016790_20211106_142329,101207
1016790_20211106_090431,101208
1016790_20211107_161101,101209
1016790_20211109_163324,101210
1016790_20211113_041131,101211
1016790_20211115_124333,101212
1016790_20211115_123011,101213
1016790_20211116_092857,101214
1016790_20211118_121231,101215
1016790_20211118_221747,101216
1016790_20211122_023337,101217
1016790_20211127_165902,101218
1016790_20211128_140225,101219
1016790_20211130_210325,101220
1016790_20211201_155351,101221
1016790_20211220_225527,101222
1016790_20211221_081504,101223
1016790_20220106_203423,101224
1016790_20220106_130038,101225
1016790_20220107_031310,101226
1016790_20220107_124029,101227
1016790_20220115_140520,101228
1016790_20220118_091728,101229
1016790_20220119_093328,101230
1016790_20220120_130743,101231
1016790_20220122_172958,101232
1016790_20220122_123915,101233
1016790_20220123_084606,101234
1016790_20220123_013518,101235
1016790_20220127_192155,101236
1016790_20220127_185547,101237
1016790_20220207_214032,101238
1016790_20220207_215823,101239
1016790_20220207_174557,101240
1016790_20220207_204426,101241
1016790_20220208_112909,101242
1016790_20220212_232919,101243
1016790_20220213_014438,101244
1016790_20220213_074502,101245
1016790_20220214_044101,101246
1016790_20220217_225158,101247
1016790_20220218_002620,101248
1016790_20220218_013633,101249
1016790_20220225_164116,101250
1016790_20220225_033148,101251
1016790_20220226_044400,101252
1016790_20220226_215500,101253
1016790_20220226_042103,101254
1016790_20220228_111838,101255
1016790_20220303_042048,101256
1016790_20220304_052844,101257
1016790_20220308_013157,101258
1016790_20220311_104744,101259
1016790_20220316_124336,101260
1016790_20220320_194048,101261
1016790_20220321_141628,101262
1016790_20220325_142312,101263
1016790_20220328_024149,101264
1016790_20220402_114224,101265
1016790_20220406_120045,101266
1016790_20220407_215534,101267
1016790_20220410_201429,101268
1016790_20220414_233148,101269
1016790_20220415_025506,101270
1016790_20220419_013850,101271
1016790_20220421_224806,101272
1016790_20220430_165834,101273
1016790_20220502_090922,101274
1016790_20220504_033539,101275
1016790_20220507_215336,101276
1016790_20220509_200519,101277
1016790_20220509_044756,101278
1016790_20220510_062525,101279
1016790_20220513_211627,101280
1016790_20220514_082439,101281
1016790_20220515_232902,101282
1016790_20220522_144053,101283
1016790_20220526_013215,101284
1016790_20220601_012008,101285
1016790_20220604_151741,101286
1016790_20220606_125143,101287
1016790_20220606_213053,101288
1016790_20220607_231558,101289
1016790_20220607_150654,101290
1016790_20220608_013743,101291
1016790_20220608_223751,101292
1016790_20220608_043017,101293
1016790_20220609_022223,101294
1016790_20220618_004006,101295
1016790_20220619_193013,101296
1016790_20220619_095808,101297
1016790_20220624_010145,101298
1016790_20220624_010422,101299
1016790_20220628_183138,101300
1016790_20220703_191838,101301
1016790_20220704_225622,101302
1016790_20220707_090644,101303
1016790_20220708_170227,101304
1016790_20220710_212100,101305
1016790_20220710_212618,101306
1016790_20220711_114703,101307
1016790_20220713_150918,101308
1016790_20220716_012245,101309
1016790_20220724_111116,101310
1016790_20220726_041459,101311
1016790_20220728_145523,101312
1016790_20220729_051312,101313
1016790_20220801_001132,101314
1016790_20220801_121739,101315
1016790_20220803_084528,101316
1016790_20220805_001801,101317
1016790_20220808_193437,101318
1016790_20220809_200428,101319
1016790_20220811_051326,101320
1016790_20220811_053209,101321
1016790_20220813_205651,101322
1016790_20220817_053900,101323
1016790_20220821_000449,101324
1016790_20220823_225629,101325
1016790_20220826_222924,101326
1016790_20220826_173525,101327
1016790_20220901_203529,101328
1016790_20220904_204213,101329
1016790_20220904_212837,101330
1016790_20220909_020718,101331
1016790_20220909_215332,101332
1016790_20220918_113005,101333
1016790_20220919_052739,101334
1016790_20220923_130157,101335
1016790_20220923_165335,101336
1016790_20220925_200613,101337
1016790_20220928_223152,101338
1016790_20220928_105317,101339
1016790_20221004_162912,101340
1016790_20221004_091531,101341
1016790_20221005_162138,101342
1016790_20221007_222413,101343
1016790_20221007_204630,101344
1016790_20221007_163323,101345
1016790_20221009_214427,101346
1016790_20221009_235431,101347
1016790_20221010_045152,101348
1016790_20221012_224211,101349
1016790_20221019_130211,101350
1016790_20221022_234103,101351
1016790_20221104_145709,101352
1016790_20221109_225429,101353
1016790_20221109_104511,101354
1016790_20221111_031032,101355
1016790_20221111_165931,101356
1016790_20221112_121333,101357
1016790_20221114_154152,101358
1016790_20221115_085148,101359
1016790_20221115_123609,101360
1016790_20221116_075654,101361
1016790_20221119_095248,101362
1016790_20221120_015255,101363
1016790_20221129_133038,101364
1016790_20221129_191324,101365
1016790_20221130_112220,101366
1018692_20200103_183748,101367
1018692_20200103_210328,101368
1018692_20200103_210629,101369
1018692_20200103_203006,101370
1018692_20200105_083511,101371
1018692_20200106_155036,101372
1018692_20200118_233016,101373
1018692_20200120_042042,101374
1018692_20200125_014518,101375
1018692_20200125_033249,101376
1018692_20200125_040534,101377
1018692_20200125_035601,101378
1018692_20200125_033034,101379
1018692_20200125_041012,101380
1018692_20200125_032257,101381
1018692_20200125_033137,101382
1018692_20200206_175109,101383
1018692_20200206_130402,101384
1018692_20200206_140422,101385
1018692_20200206_140213,101386
1018692_20200206_082743,101387
1018692_20200206_173311,101388
1018692_20200206_135108,101389
1018692_20200206_082213,101390
1018692_20200207_025442,101391
1018692_20200207_023927,101392
1018692_20200308_194241,101393
1018692_20200311_134211,101394
1018692_20200313_023629,101395
1018692_20200320_234412,101396
1018692_20200326_025254,101397
1018692_20200408_020022,101398
1018692_20200415_181523,101399
1018692_20200416_062231,101400
1018692_20200416_063759,101401
1018692_20200419_074654,101402
1018692_20200423_175809,101403
1018692_20200523_083748,101404
1018692_20200524_041814,101405
1018692_20200617_055915,101406
1018692_20200721_063806,101407
1018692_20200806_083223,101408
1018692_20200809_013505,101409
1018692_20200903_073528,101410
1018692_20201005_021822,101411
1018692_20201102_203607,101412
1018692_20201112_024416,101413
1018692_20201113_024856,101414
1018692_20201220_203055,101415
1018692_20210311_142937,101416
1018692_20210312_051110,101417
1018692_20210331_235938,101418
1018692_20210401_171903,101419
1018692_20210409_082725,101420
1018692_20210416_042155,101421
1018692_20210417_225203,101422
1018692_20210518_124020,101423
1018692_20210519_224310,101424
1018692_20210607_223739,101425
1018692_20210616_134428,101426
1018692_20210628_083735,101427
1018692_20210628_075500,101428
1018692_20210628_051443,101429
1018692_20210628_012433,101430
1018692_20210705_014129,101431
1018692_20210728_160231,101432
1018692_20210728_160901,101433
1018692_20210802_003115,101434
1018692_20210823_002308,101435
1018692_20210922_232245,101436
1018692_20211219_122016,101437
1018692_20211219_124337,101438
1018692_20220129_183732,101439
1018692_20220207_004029,101440
1018692_20220216_150810,101441
1018692_20220224_221912,101442
1018692_20220323_212013,101443
1018692_20220405_235803,101444
1018692_20220406_204844,101445
1018692_20220406_234448,101446
1018692_20220505_183445,101447
1018692_20220529_220522,101448
1018692_20220530_033127,101449
1018692_20220608_135626,101450
1018692_20220915_171237,101451
1018692_20220927_163438,101452
nc73881306_20200103_063948,101453
nc73881306_20200202_152531,101454
nc73881306_20200318_231045,101455
nc73881306_20200319_004530,101456
nc73881306_20210407_155639,101457
nc73881306_20210725_140237,101458
nc73881306_20210921_105222,101459
nc73881306_20211018_050435,101460
nc73881306_20211121_044840,101461
nc73881306_20211218_125503,101462
nc73881306_20211221_041309,101463
nc73881306_20211221_065111,101464
nc73881306_20211221_034409,101465
nc73881306_20211223_050456,101466
nc73881306_20211225_202716,101467
nc73881306_20220112_114132,101468
nc73881306_20220117_170321,101469
nc73881306_20220325_234208,101470
nc73881306_20220415_150652,101471
nc73881306_20220605_183126,101472
nc73881306_20220813_163142,101473
nc73881306_20220911_171908,101474
1010913_20200104_122908,101475
1010913_20200213_222136,101476
1010913_20200319_010426,101477
1010913_20200926_050654,101478
1010913_20210120_214534,101479
1010913_20210314_071155,101480
1010913_20210329_155633,101481
1010913_20210329_134454,101482
1010913_20210330_143026,101483
1010913_20210330_165658,101484
1010913_20210521_062559,101485
1010913_20210610_172523,101486
1010913_20210919_185135,101487
1010913_20211207_042027,101488
1013799_20200104_020405,101489
1013799_20200118_104101,101490
1013799_20200121_201116,101491
1013799_20200205_140828,101492
1013799_20200211_091930,101493
1013799_20200322_234134,101494
1013799_20200508_141903,101495
1013799_20200808_113816,101496
1013799_20200831_234531,101497
1013799_20201002_170400,101498
1013799_20210110_202948,101499
1013799_20210202_143808,101500
1013799_20210704_221047,101501
1013799_20210707_083052,101502
1013799_20210907_142849,101503
1013799_20210909_173939,101504
1013799_20210916_063923,101505
1013799_20210916_222144,101506
1013799_20211005_050045,101507
1013799_20211023_172603,101508
1013799_20211112_025736,101509
1013799_20211126_094625,101510
1013799_20211210_080638,101511
1013799_20211210_192221,101512
1013799_20211221_181400,101513
1013799_20211221_044608,101514
1013799_20211221_003159,101515
1013799_20211221_023732,101516
1013799_20211221_110210,101517
1013799_20211222_014457,101518
1013799_20211222_164338,101519
1013799_20211222_155215,101520
1013799_20211224_121906,101521
1013799_20211224_044444,101522
1013799_20211224_025339,101523
1013799_20211224_215226,101524
1013799_20211224_075826,101525
1013799_20211225_005347,101526
1013799_20211225_080231,101527
1013799_20211231_132613,101528
1013799_20211231_182554,101529
1013799_20220108_123103,101530
1013799_20220117_083042,101531
1013799_20220117_034350,101532
1013799_20220117_074838,101533
1013799_20220117_025510,101534
1013799_20220120_095903,101535
1013799_20220121_085616,101536
1013799_20220128_094708,101537
1013799_20220206_101202,101538
1013799_20220210_172413,101539
1013799_20220212_010825,101540
1013799_20220313_065248,101541
1013799_20220313_065630,101542
1013799_20220324_030642,101543
1013799_20220402_002240,101544
1013799_20220417_225931,101545
1013799_20220426_115857,101546
1013799_20220516_115422,101547
1013799_20220610_071411,101548
1013799_20220620_054912,101549
1013799_20220629_142711,101550
1013799_20220708_035702,101551
1013799_20220719_134327,101552
1013799_20220814_083539,101553
1013799_20220824_025859,101554
1013799_20220828_172918,101555
1013799_20220901_165214,101556
1013799_20220913_223023,101557
1013799_20220915_063858,101558
1013799_20220917_213756,101559
1013799_20220917_204421,101560
1013799_20220917_204947,101561
1013799_20220918_000138,101562
1013799_20220923_010228,101563
1014469_20200104_113720,101564
1015586_20200104_022413,101565
1015586_20200107_084654,101566
1015586_20200108_082406,101567
1015586_20200108_082622,101568
1015586_20200113_105601,101569
1015586_20200204_050353,101570
1015586_20200204_095939,101571
1015586_20200204_050722,101572
1015586_20200208_162813,101573
1015586_20200210_022254,101574
1015586_20200213_211425,101575
1015586_20200214_100241,101576
1015586_20200220_154633,101577
1015586_20200225_031538,101578
1015586_20200302_073002,101579
1015586_20200306_032344,101580
1015586_20200306_125132,101581
1015586_20200308_163252,101582
1015586_20200315_144738,101583
1015586_20200318_235141,101584
1015586_20200320_154448,101585
1015586_20200321_080018,101586
1015586_20200321_115233,101587
1015586_20200323_015303,101588
1015586_20200323_125718,101589
1015586_20200323_021213,101590
1015586_20200324_022909,101591
1015586_20200324_051026,101592
1015586_20200324_034054,101593
1015586_20200325_202634,101594
1015586_20200326_113846,101595
1015586_20200327_124910,101596
1015586_20200329_033430,101597
1015586_20200331_081944,101598
1015586_20200401_064043,101599
1015586_20200404_025806,101600
1015586_20200404_072118,101601
1015586_20200405_011925,101602
1015586_20200407_120436,101603
1015586_20200407_130915,101604
1015586_20200407_121514,101605
1015586_20200409_184905,101606
1015586_20200416_124421,101607
1015586_20200420_182134,101608
1015586_20200429_094336,101609
1015586_20200502_094820,101610
1015586_20200502_104051,101611
1015586_20200502_104153,101612
1015586_20200503_084649,101613
1015586_20200504_134447,101614
1015586_20200504_050734,101615
1015586_20200505_095250,101616
1015586_20200505_231201,101617
1015586_20200507_080900,101618
1015586_20200507_063810,101619
1015586_20200510_234256,101620
1015586_20200515_020908,101621
1015586_20200517_100057,101622
1015586_20200520_184254,101623
1015586_20200520_205440,101624
1015586_20200520_165943,101625
1015586_20200520_165922,101626
1015586_20200520_190302,101627
1015586_20200522_133013,101628
1015586_20200523_134429,101629
1015586_20200531_014145,101630
1015586_20200602_055028,101631
1015586_20200603_031623,101632
1015586_20200606_132919,101633
1015586_20200606_045602,101634
1015586_20200614_220516,101635
1015586_20200618_194640,101636
1015586_20200618_232544,101637
1015586_20200623_121328,101638
1015586_20200624_082120,101639
1015586_20200625_220225,101640
1015586_20200625_205801,101641
1015586_20200627_022412,101642
1015586_20200630_104039,101643
1015586_20200702_224710,101644
1015586_20200703_233734,101645
1015586_20200704_121021,101646
1015586_20200713_000806,101647
1015586_20200717_153754,101648
1015586_20200718_185110,101649
1015586_20200720_045610,101650
1015586_20200722_190204,101651
1015586_20200726_053657,101652
1015586_20200726_055309,101653
1015586_20200726_054456,101654
1015586_20200726_110917,101655
1015586_20200727_230449,101656
1015586_20200728_204249,101657
1015586_20200730_175036,101658
1015586_20200730_180023,101659
1015586_20200730_235705,101660
1015586_20200801_051828,101661
1015586_20200806_141517,101662
1015586_20200807_032239,101663
1015586_20200809_094222,101664
1015586_20200810_100932,101665
1015586_20200810_143015,101666
1015586_20200810_130645,101667
1015586_20200811_204454,101668
1015586_20200812_163318,101669
1015586_20200813_210300,101670
1015586_20200814_021328,101671
1015586_20200815_201618,101672
1015586_20200818_054910,101673
1015586_20200818_151100,101674
1015586_20200819_002811,101675
1015586_20200822_184855,101676
1015586_20200825_123026,101677
1015586_20200826_103920,101678
1015586_20200826_113918,101679
1015586_20200827_172954,101680
1015586_20200827_143929,101681
1015586_20200827_234303,101682
1015586_20200827_140750,101683
1015586_20200829_093818,101684
1015586_20200829_172515,101685
1015586_20200829_012806,101686
1015586_20200830_160700,101687
1015586_20200831_200013,101688
1015586_20200901_111147,101689
1015586_20200903_111201,101690
1015586_20200903_114025,101691
1015586_20200903_064755,101692
1015586_20200903_112331,101693
1015586_20200903_180549,101694
1015586_20200904_063226,101695
1015586_20200904_053949,101696
1015586_20200905_151114,101697
1015586_20200906_002626,101698
1015586_20200906_134645,101699
1015586_20200909_154811,101700
1015586_20200910_181422,101701
1015586_20200910_053415,101702
1015586_20200910_021758,101703
1015586_20200914_012757,101704
1015586_20200915_182741,101705
1015586_20200916_171127,101706
1015586_20200917_052731,101707
1015586_20200924_154612,101708
1015586_20200924_141855,101709
1015586_20200926_163004,101710
1015586_20200926_220618,101711
1015586_20200926_220637,101712
1015586_20200928_095216,101713
1015586_20200928_210609,101714
1015586_20200929_002944,101715
1015586_20200929_175215,101716
1015586_20201005_082603,101717
1015586_20201007_215258,101718
1015586_20201007_182118,101719
1015586_20201007_105730,101720
1015586_20201008_011126,101721
1015586_20201008_012831,101722
1015586_20201010_051452,101723
1015586_20201011_094133,101724
1015586_20201012_074436,101725
1015586_20201013_203608,101726
1015586_20201015_174646,101727
1015586_20201015_134448,101728
1015586_20201025_050458,101729
1015586_20201026_235744,101730
1015586_20201027_013119,101731
1015586_20201101_063457,101732
1015586_20201103_043004,101733
1015586_20201104_220331,101734
1015586_20201104_212756,101735
1015586_20201106_173151,101736
1015586_20201107_105817,101737
1015586_20201107_065227,101738
1015586_20201107_001838,101739
1015586_20201109_135500,101740
1015586_20201124_015216,101741
1015586_20201128_092255,101742
1015586_20201128_190048,101743
1015586_20201202_174153,101744
1015586_20201206_104545,101745
1015586_20201207_120757,101746
1015586_20201207_114210,101747
1015586_20201207_122640,101748
1015586_20201207_114503,101749
1015586_20201207_214527,101750
1015586_20201211_212606,101751
1015586_20201211_055903,101752
1015586_20201213_135801,101753
1015586_20201216_020340,101754
1015586_20201217_233255,101755
1015586_20201228_081237,101756
1015586_20201230_155059,101757
1015586_20210101_013300,101758
1015586_20210102_162327,101759
1015586_20210105_215110,101760
1015586_20210105_191111,101761
1015586_20210115_121151,101762
1015586_20210119_202949,101763
1015586_20210120_130305,101764
1015586_20210121_172320,101765
1015586_20210123_214719,101766
1015586_20210123_081914,101767
1015586_20210205_005641,101768
1015586_20210206_170025,101769
1015586_20210207_105959,101770
1015586_20210209_045157,101771
1015586_20210209_144736,101772
1015586_20210212_172358,101773
1015586_20210212_173331,101774
1015586_20210212_174922,101775
1015586_20210217_164328,101776
1015586_20210218_064751,101777
1015586_20210219_023950,101778
1015586_20210221_143305,101779
1015586_20210223_164117,101780
1015586_20210228_184705,101781
1015586_20210303_085504,101782
1015586_20210316_200319,101783
1015586_20210327_092120,101784
1015586_20210329_131943,101785
1015586_20210330_204507,101786
1015586_20210330_185115,101787
1015586_20210331_160741,101788
1015586_20210331_162549,101789
1015586_20210403_190902,101790
1015586_20210417_194305,101791
1015586_20210417_154726,101792
1015586_20210417_090707,101793
1015586_20210417_195529,101794
1015586_20210418_005846,101795
1015586_20210418_191252,101796
1015586_20210418_085034,101797
1015586_20210418_050652,101798
1015586_20210425_224200,101799
1015586_20210503_091315,101800
1015586_20210525_215456,101801
1015586_20210531_223941,101802
1015586_20210601_082224,101803
1015586_20210602_103624,101804
1015586_20210602_103238,101805
1015586_20210603_060931,101806
1015586_20210606_060733,101807
1015586_20210609_112751,101808
1015586_20210610_010452,101809
1015586_20210610_061712,101810
1015586_20210617_093902,101811
1015586_20210618_223031,101812
1015586_20210625_032647,101813
1015586_20210629_093609,101814
1015586_20210630_192657,101815
1015586_20210630_192525,101816
1015586_20210630_193342,101817
1015586_20210630_192931,101818
1015586_20210630_222820,101819
1015586_20210630_211905,101820
1015586_20210701_070705,101821
1015586_20210701_071644,101822
1015586_20210701_162717,101823
1015586_20210702_042352,101824
1015586_20210702_190436,101825
1015586_20210702_190748,101826
1015586_20210702_193209,101827
1015586_20210703_200043,101828
1015586_20210704_030627,101829
1015586_20210705_100014,101830
1015586_20210707_001955,101831
1015586_20210707_192620,101832
1015586_20210707_004022,101833
1015586_20210707_015217,101834
1015586_20210707_174513,101835
1015586_20210708_183806,101836
1015586_20210708_120004,101837
1015586_20210709_141131,101838
1015586_20210710_160942,101839
1015586_20210712_135754,101840
1015586_20210712_103705,101841
1015586_20210712_121724,101842
1015586_20210712_121802,101843
1015586_20210720_080728,101844
1015586_20210722_074933,101845
1015586_20210725_102827,101846
1015586_20210729_073732,101847
1015586_20210810_192513,101848
1015586_20210810_192916,101849
1015586_20210810_064502,101850
1015586_20210811_110746,101851
1015586_20210811_012945,101852
1015586_20210812_042739,101853
1015586_20210816_072605,101854
1015586_20210819_130901,101855
1015586_20210826_213003,101856
1015586_20210826_215311,101857
1015586_20210907_184209,101858
1015586_20210907_085533,101859
1015586_20210908_051958,101860
1015586_20210910_180509,101861
1015586_20210911_033246,101862
1015586_20210924_034259,101863
1015586_20210930_081722,101864
1015586_20211001_175406,101865
1015586_20211004_162854,101866
1015586_20211004_205530,101867
1015586_20211004_010042,101868
1015586_20211012_074338,101869
1015586_20211012_141711,101870
1015586_20211013_083611,101871
1015586_20211013_005349,101872
1015586_20211015_000837,101873
1015586_20211015_011831,101874
1015586_20211016_112109,101875
1015586_20211019_022840,101876
1015586_20211024_032802,101877
1015586_20211029_223338,101878
1015586_20211109_053643,101879
1015586_20211112_060927,101880
1015586_20211112_021725,101881
1015586_20211121_141340,101882
1015586_20211122_120121,101883
1015586_20211124_122658,101884
1015586_20211125_091336,101885
1015586_20211129_020536,101886
1015586_20211201_122125,101887
1015586_20211203_111604,101888
1015586_20211211_082410,101889
1015586_20211217_120707,101890
1015586_20211217_041533,101891
1015586_20211218_191246,101892
1015586_20211218_090003,101893
1015586_20211218_121405,101894
1015586_20211218_102606,101895
1015586_20211218_084000,101896
1015586_20211220_232140,101897
1015586_20211220_230830,101898
1015586_20211220_025216,101899
1015586_20211220_212001,101900
1015586_20211220_202054,101901
1015586_20211221_002802,101902
1015586_20211221_000657,101903
1015586_20211221_111013,101904
1015586_20211221_000532,101905
1015586_20211221_160555,101906
1015586_20211221_003223,101907
1015586_20211221_141133,101908
1015586_20211221_001411,101909
1015586_20211221_045549,101910
1015586_20211221_173349,101911
1015586_20211221_112225,101912
1015586_20211221_094014,101913
1015586_20211221_151216,101914
1015586_20211221_031056,101915
1015586_20211221_003725,101916
1015586_20211221_163952,101917
1015586_20211221_054449,101918
1015586_20211221_134948,101919
1015586_20211222_045333,101920
1015586_20211222_134052,101921
1015586_20211222_205217,101922
1015586_20211222_132301,101923
1015586_20211222_022531,101924
1015586_20211222_202430,101925
1015586_20211222_003348,101926
1015586_20211223_123947,101927
1015586_20211223_172759,101928
1015586_20211224_031505,101929
1015586_20211224_044823,101930
1015586_20211226_001630,101931
1015586_20211228_072107,101932
1015586_20211228_171915,101933
1015586_20211228_224052,101934
1015586_20211229_012217,101935
1015586_20211229_165129,101936
1015586_20211230_010130,101937
1015586_20211231_210808,101938
1015586_20211231_134611,101939
1015586_20211231_232015,101940
1015586_20211231_233604,101941
1015586_20211231_102603,101942
1015586_20220101_163122,101943
1015586_20220101_060548,101944
1015586_20220101_150630,101945
1015586_20220101_065317,101946
1015586_20220101_034616,101947
1015586_20220101_015243,101948
1015586_20220101_014657,101949
1015586_20220101_114909,101950
1015586_20220101_015323,101951
1015586_20220101_014834,101952
1015586_20220101_094108,101953
1015586_20220101_020256,101954
1015586_20220101_041215,101955
1015586_20220101_030537,101956
1015586_20220101_020103,101957
1015586_20220101_134911,101958
1015586_20220101_001843,101959
1015586_20220101_160551,101960
1015586_20220101_003515,101961
1015586_20220101_081925,101962
1015586_20220102_135716,101963
1015586_20220102_160426,101964
1015586_20220102_064908,101965
1015586_20220102_015353,101966
1015586_20220102_034208,101967
1015586_20220102_161044,101968
1015586_20220102_160256,101969
1015586_20220102_064934,101970
1015586_20220103_021647,101971
1015586_20220103_025257,101972
1015586_20220105_235328,101973
1015586_20220105_205100,101974
1015586_20220105_165302,101975
1015586_20220105_214037,101976
1015586_20220105_220243,101977
1015586_20220105_220539,101978
1015586_20220106_040728,101979
1015586_20220106_225521,101980
1015586_20220108_074121,101981
1015586_20220108_142734,101982
1015586_20220109_213729,101983
1015586_20220109_062909,101984
1015586_20220110_112849,101985
1015586_20220113_002208,101986
1015586_20220113_045916,101987
1015586_20220115_013652,101988
1015586_20220116_143928,101989
1015586_20220116_123049,101990
1015586_20220117_144549,101991
1015586_20220118_191917,101992
1015586_20220119_185806,101993
1015586_20220121_120657,101994
1015586_20220121_230554,101995
1015586_20220121_064645,101996
1015586_20220123_172624,101997
1015586_20220125_131109,101998
1015586_20220126_191423,101999
1015586_20220126_200136,102000
1015586_20220127_141442,102001
1015586_20220127_131306,102002
1015586_20220127_082731,102003
1015586_20220127_221315,102004
1015586_20220127_065021,102005
1015586_20220127_211103,102006
1015586_20220127_211613,102007
1015586_20220127_215542,102008
1015586_20220130_162118,102009
1015586_20220202_183735,102010
1015586_20220203_061401,102011
1015586_20220205_035525,102012
1015586_20220206_104436,102013
1015586_20220208_020412,102014
1015586_20220208_223946,102015
1015586_20220213_053516,102016
1015586_20220214_072920,102017
1015586_20220214_050755,102018
1015586_20220216_171554,102019
1015586_20220217_231642,102020
1015586_20220218_153338,102021
1015586_20220219_011702,102022
1015586_20220219_022448,102023
1015586_20220221_225310,102024
1015586_20220221_191909,102025
1015586_20220222_155646,102026
1015586_20220222_223359,102027
1015586_20220224_104146,102028
1015586_20220225_230733,102029
1015586_20220225_160605,102030
1015586_20220228_045717,102031
1015586_20220228_011123,102032
1015586_20220301_190043,102033
1015586_20220305_072447,102034
1015586_20220306_144127,102035
1015586_20220308_104332,102036
1015586_20220308_150538,102037
1015586_20220309_230123,102038
1015586_20220309_124347,102039
1015586_20220310_233122,102040
1015586_20220311_035517,102041
1015586_20220314_212027,102042
1015586_20220318_014946,102043
1015586_20220319_222837,102044
1015586_20220320_142950,102045
1015586_20220320_205017,102046
1015586_20220321_152514,102047
1015586_20220321_135923,102048
1015586_20220323_123203,102049
1015586_20220323_200819,102050
1015586_20220325_042306,102051
1015586_20220329_233809,102052
1015586_20220330_083544,102053
1015586_20220402_033315,102054
1015586_20220407_111009,102055
1015586_20220409_195311,102056
1015586_20220409_143819,102057
1015586_20220410_083007,102058
1015586_20220411_045323,102059
1015586_20220413_091730,102060
1015586_20220413_093206,102061
1015586_20220414_084022,102062
1015586_20220415_191853,102063
1015586_20220415_052459,102064
1015586_20220415_142229,102065
1015586_20220416_062522,102066
1015586_20220417_052853,102067
1015586_20220418_002920,102068
1015586_20220418_121246,102069
1015586_20220419_103445,102070
1015586_20220420_030432,102071
1015586_20220424_214027,102072
1015586_20220425_102318,102073
1015586_20220427_061930,102074
1015586_20220427_031258,102075
1015586_20220427_162125,102076
1015586_20220428_055755,102077
1015586_20220428_184510,102078
1015586_20220510_130507,102079
1015586_20220511_013213,102080
1015586_20220511_103701,102081
1015586_20220511_183645,102082
1015586_20220513_014001,102083
1015586_20220515_142323,102084
1015586_20220516_104915,102085
1015586_20220517_213024,102086
1015586_20220517_220610,102087
1015586_20220518_081939,102088
1015586_20220520_162039,102089
1015586_20220526_140600,102090
1015586_20220526_032429,102091
1015586_20220527_091419,102092
1015586_20220528_072247,102093
1015586_20220529_135555,102094
1015586_20220529_134000,102095
1015586_20220602_205446,102096
1015586_20220603_090325,102097
1015586_20220605_024708,102098
1015586_20220606_083029,102099
1015586_20220607_132632,102100
1015586_20220609_064737,102101
1015586_20220614_185548,102102
1015586_20220622_093040,102103
1015586_20220622_133619,102104
1015586_20220624_132959,102105
1015586_20220628_094535,102106
1015586_20220701_120745,102107
1015586_20220702_100014,102108
1015586_20220704_003923,102109
1015586_20220705_032304,102110
1015586_20220710_232928,102111
1015586_20220714_003041,102112
1015586_20220717_113514,102113
1015586_20220721_132501,102114
1015586_20220722_150627,102115
1015586_20220723_052327,102116
1015586_20220725_042934,102117
1015586_20220729_072208,102118
1015586_20220730_141528,102119
1015586_20220802_102500,102120
1015586_20220805_020216,102121
1015586_20220806_054716,102122
1015586_20220813_060705,102123
1015586_20220816_120243,102124
1015586_20220818_032301,102125
1015586_20220821_112727,102126
1015586_20220822_044800,102127
1015586_20220823_111537,102128
1015586_20220827_130544,102129
1015586_20220827_091844,102130
1015586_20220828_155113,102131
1015586_20220829_185744,102132
1015586_20220830_092656,102133
1015586_20220911_220121,102134
1015586_20220912_082928,102135
1015586_20220912_035243,102136
1015586_20220918_014924,102137
1015586_20220919_171943,102138
1015586_20220925_084415,102139
1015586_20220928_164940,102140
1015586_20221001_134139,102141
1015586_20221004_054214,102142
1015586_20221006_085456,102143
1015586_20221007_181836,102144
1015586_20221007_074809,102145
1015586_20221009_162455,102146
1015586_20221011_185044,102147
1015586_20221013_135024,102148
1015586_20221014_171408,102149
1015586_20221015_084549,102150
1015586_20221016_233559,102151
1015586_20221104_051152,102152
1015586_20221112_034027,102153
1015586_20221112_143534,102154
1015586_20221114_085117,102155
1015586_20221114_162109,102156
1015586_20221115_093543,102157
1015586_20221115_171221,102158
1015586_20221116_055841,102159
1015586_20221117_010005,102160
1015586_20221118_224017,102161
1015586_20221119_192621,102162
1015586_20221119_113031,102163
1015586_20221120_085254,102164
1015586_20221120_161840,102165
1015586_20221120_122250,102166
1015586_20221124_005333,102167
1015586_20221125_191218,102168
1015586_20221128_174145,102169
1015586_20221128_161241,102170
1015586_20221129_113616,102171
1015586_20221129_234330,102172
1015586_20221129_212914,102173
1015586_20221130_020802,102174
1015586_20221130_140804,102175
1016537_20200104_131151,102176
1016537_20200401_114658,102177
1016537_20210930_231231,102178
1016537_20220428_105815,102179
1018694_20200104_172420,102180
1018694_20200108_202714,102181
1018694_20200115_174230,102182
1018694_20200115_125057,102183
1018694_20200117_004509,102184
1018694_20200118_194853,102185
1018694_20200119_101719,102186
1018694_20200120_180612,102187
1018694_20200121_042043,102188
1018694_20200206_025153,102189
1018694_20200220_022403,102190
1018694_20200224_125009,102191
1018694_20200228_020947,102192
1018694_20200305_133935,102193
1018694_20200309_231810,102194
1018694_20200313_202654,102195
1018694_20200315_205345,102196
1018694_20200316_165350,102197
1018694_20200316_165135,102198
1018694_20200318_231752,102199
1018694_20200319_053545,102200
1018694_20200322_164448,102201
1018694_20200322_182049,102202
1018694_20200323_140437,102203
1018694_20200330_180938,102204
1018694_20200330_125256,102205
1018694_20200405_012723,102206
1018694_20200406_110751,102207
1018694_20200411_224322,102208
1018694_20200417_101506,102209
1018694_20200419_202443,102210
1018694_20200421_202507,102211
1018694_20200423_165836,102212
1018694_20200423_155057,102213
1018694_20200428_210339,102214
1018694_20200502_200619,102215
1018694_20200505_204514,102216
1018694_20200507_103940,102217
1018694_20200508_044827,102218
1018694_20200512_103218,102219
1018694_20200517_223335,102220
1018694_20200517_213917,102221
1018694_20200522_062009,102222
1018694_20200522_152644,102223
1018694_20200527_232147,102224
1018694_20200528_032816,102225
1018694_20200528_154012,102226
1018694_20200530_130950,102227
1018694_20200606_173356,102228
1018694_20200607_112700,102229
1018694_20200608_063215,102230
1018694_20200608_024621,102231
1018694_20200609_043211,102232
1018694_20200617_070640,102233
1018694_20200617_145544,102234
1018694_20200617_082536,102235
1018694_20200621_044431,102236
1018694_20200626_160823,102237
1018694_20200626_152813,102238
1018694_20200626_095307,102239
1018694_20200628_060100,102240
1018694_20200701_231457,102241
1018694_20200702_094528,102242
1018694_20200704_102711,102243
1018694_20200705_074533,102244
1018694_20200715_144838,102245
1018694_20200715_064405,102246
1018694_20200716_140942,102247
1018694_20200719_181535,102248
1018694_20200724_235846,102249
1018694_20200724_235616,102250
1018694_20200724_172556,102251
1018694_20200724_122635,102252
1018694_20200728_194123,102253
1018694_20200730_183028,102254
1018694_20200809_082035,102255
1018694_20200809_082246,102256
1018694_20200816_165134,102257
1018694_20200818_235248,102258
1018694_20200820_213146,102259
1018694_20200820_204752,102260
1018694_20200822_044211,102261
1018694_20200822_160341,102262
1018694_20200824_191351,102263
1018694_20200830_073846,102264
1018694_20200831_020903,102265
1018694_20200909_233632,102266
1018694_20200910_001617,102267
1018694_20200910_031924,102268
1018694_20200915_055155,102269
1018694_20200918_005833,102270
1018694_20200919_041301,102271
1018694_20200924_191026,102272
1018694_20200928_014413,102273
1018694_20200928_155840,102274
1018694_20201006_154401,102275
1018694_20201010_105502,102276
1018694_20201012_192513,102277
1018694_20201012_200513,102278
1018694_20201014_015141,102279
1018694_20201016_194511,102280
1018694_20201020_165836,102281
1018694_20201021_084043,102282
1018694_20201024_230454,102283
1018694_20201024_235010,102284
1018694_20201101_131854,102285
1018694_20201101_131910,102286
1018694_20201102_032815,102287
1018694_20201106_073813,102288
1018694_20201113_093356,102289
1018694_20201114_055020,102290
1018694_20201114_060125,102291
1018694_20201114_062553,102292
1018694_20201114_070459,102293
1018694_20201114_063754,102294
1018694_20201114_074031,102295
1018694_20201114_055509,102296
1018694_20201115_180703,102297
1018694_20201115_122956,102298
1018694_20201115_201947,102299
1018694_20201122_043058,102300
1018694_20201201_221247,102301
1018694_20201203_021018,102302
1018694_20201205_114501,102303
1018694_20201226_040726,102304
1018694_20201226_193217,102305
1018694_20210101_002059,102306
1018694_20210111_232814,102307
1018694_20210112_174441,102308
1018694_20210116_180919,102309
1018694_20210118_050749,102310
1018694_20210120_080934,102311
1018694_20210121_134946,102312
1018694_20210128_082459,102313
1018694_20210206_212053,102314
1018694_20210210_040411,102315
1018694_20210213_012608,102316
1018694_20210218_123925,102317
1018694_20210228_220707,102318
1018694_20210302_024609,102319
1018694_20210309_195601,102320
1018694_20210311_045552,102321
1018694_20210312_003457,102322
1018694_20210312_121815,102323
1018694_20210312_012153,102324
1018694_20210312_115400,102325
1018694_20210324_052748,102326
1018694_20210325_113552,102327
1018694_20210325_130633,102328
1018694_20210327_201801,102329
1018694_20210329_052023,102330
1018694_20210329_160443,102331
1018694_20210401_122057,102332
1018694_20210402_133156,102333
1018694_20210404_121833,102334
1018694_20210410_152754,102335
1018694_20210410_164038,102336
1018694_20210410_141205,102337
1018694_20210416_053323,102338
1018694_20210416_134143,102339
1018694_20210416_053519,102340
1018694_20210419_123746,102341
1018694_20210425_183334,102342
1018694_20210501_021554,102343
1018694_20210504_215051,102344
1018694_20210504_213856,102345
1018694_20210504_215227,102346
1018694_20210504_213935,102347
1018694_20210507_002429,102348
1018694_20210515_180641,102349
1018694_20210515_123009,102350
1018694_20210519_082956,102351
1018694_20210521_052849,102352
1018694_20210526_174503,102353
1018694_20210528_214034,102354
1018694_20210530_003240,102355
1018694_20210530_040740,102356
1018694_20210530_152846,102357
1018694_20210606_030221,102358
1018694_20210609_114238,102359
1018694_20210612_122259,102360
1018694_20210622_075753,102361
1018694_20210624_193018,102362
1018694_20210625_091608,102363
1018694_20210628_083432,102364
1018694_20210701_102844,102365
1018694_20210701_081902,102366
1018694_20210701_100511,102367
1018694_20210701_102756,102368
1018694_20210702_155709,102369
1018694_20210714_120535,102370
1018694_20210721_122605,102371
1018694_20210721_112214,102372
1018694_20210721_115455,102373
1018694_20210724_003224,102374
1018694_20210730_004927,102375
1018694_20210731_035556,102376
1018694_20210807_175701,102377
1018694_20210823_075058,102378
1018694_20210824_102528,102379
1018694_20210825_113044,102380
1018694_20210828_163047,102381
1018694_20210904_205809,102382
1018694_20210906_035449,102383
1018694_20210908_021601,102384
1018694_20210909_123757,102385
1018694_20210909_123818,102386
1018694_20210910_010131,102387
1018694_20210915_063053,102388
1018694_20210923_005233,102389
1018694_20211004_043217,102390
1018694_20211016_110315,102391
1018694_20211018_023939,102392
1018694_20211023_144414,102393
1018694_20211023_033433,102394
1018694_20211024_175124,102395
1018694_20211025_163931,102396
1018694_20211104_034245,102397
1018694_20211108_051303,102398
1018694_20211110_092640,102399
1018694_20211111_210229,102400
1018694_20211111_062331,102401
1018694_20211112_223500,102402
1018694_20211113_154631,102403
1018694_20211113_074630,102404
1018694_20211122_114523,102405
1018694_20211124_070628,102406
1018694_20211125_113923,102407
1018694_20211130_051225,102408
1018694_20211130_195704,102409
1018694_20211201_150927,102410
1018694_20211201_144656,102411
1018694_20211201_200133,102412
1018694_20211204_190548,102413
1018694_20211211_100936,102414
1018694_20211221_213545,102415
1018694_20211222_115833,102416
1018694_20220104_100908,102417
1018694_20220106_203106,102418
1018694_20220110_182550,102419
1018694_20220110_183128,102420
1018694_20220114_071842,102421
1018694_20220116_200325,102422
1018694_20220116_232659,102423
1018694_20220116_232131,102424
1018694_20220116_233444,102425
1018694_20220117_010955,102426
1018694_20220128_185137,102427
1018694_20220206_062024,102428
1018694_20220211_074204,102429
1018694_20220211_224640,102430
1018694_20220212_122307,102431
1018694_20220217_082439,102432
1018694_20220226_050919,102433
1018694_20220306_080551,102434
1018694_20220313_025757,102435
1018694_20220319_164602,102436
1018694_20220326_020837,102437
1018694_20220326_115948,102438
1018694_20220326_032055,102439
1018694_20220326_052529,102440
1018694_20220327_090200,102441
1018694_20220403_112107,102442
1018694_20220403_111619,102443
1018694_20220421_045143,102444
1018694_20220422_193158,102445
1018694_20220423_143558,102446
1018694_20220501_003425,102447
1018694_20220505_232804,102448
1018694_20220509_200533,102449
1018694_20220512_164417,102450
1018694_20220515_140922,102451
1018694_20220519_045954,102452
1018694_20220521_195855,102453
1018694_20220521_045157,102454
1018694_20220525_202620,102455
1018694_20220526_144651,102456
1018694_20220526_125220,102457
1018694_20220526_174157,102458
1018694_20220603_105843,102459
1018694_20220604_183940,102460
1018694_20220604_183739,102461
1018694_20220607_074202,102462
1018694_20220611_105839,102463
1018694_20220618_230228,102464
1018694_20220622_062450,102465
1018694_20220627_104625,102466
1018694_20220629_154349,102467
1018694_20220630_014934,102468
1018694_20220702_001107,102469
1018694_20220703_152913,102470
1018694_20220710_185256,102471
1018694_20220712_183630,102472
1018694_20220712_104627,102473
1018694_20220718_202507,102474
1018694_20220720_024530,102475
1018694_20220722_111602,102476
1018694_20220723_220739,102477
1018694_20220728_004937,102478
1018694_20220801_112614,102479
1018694_20220801_111415,102480
1018694_20220801_112356,102481
1018694_20220802_110025,102482
1018694_20220829_223901,102483
1018694_20220902_222811,102484
1018694_20220902_210154,102485
1018694_20220905_145702,102486
1018694_20220913_102513,102487
1018694_20220915_102710,102488
1018694_20220915_112229,102489
1018694_20220915_101519,102490
1018694_20220915_104755,102491
1018694_20220923_114923,102492
1018694_20220926_062205,102493
1018694_20220930_192845,102494
1018694_20221002_191928,102495
1018694_20221003_111208,102496
1018694_20221007_215855,102497
1018694_20221008_233352,102498
1018694_20221014_223010,102499
1018694_20221014_234916,102500
1018694_20221017_225240,102501
1018694_20221022_070612,102502
1018694_20221028_012401,102503
1018694_20221108_082511,102504
1018694_20221119_213140,102505
1018694_20221119_130320,102506
1018694_20221120_233852,102507
1018694_20221121_053734,102508
1018694_20221121_034040,102509
1018694_20221122_133711,102510
1012073_20200105_184429,102511
1012073_20200121_225026,102512
1012073_20200121_182929,102513
1012073_20200121_181750,102514
1012073_20200121_233535,102515
1012073_20200121_182254,102516
1012073_20200121_181712,102517
1012073_20200320_235502,102518
1012073_20200320_235804,102519
1012073_20200401_231128,102520
1012073_20200419_004952,102521
1012073_20200508_042134,102522
1012073_20200516_021800,102523
1012073_20200601_030330,102524
1012073_20200601_110612,102525
1012073_20200605_220056,102526
1012073_20200605_044529,102527
1012073_20200612_194840,102528
1012073_20200614_022112,102529
1012073_20200618_090731,102530
1012073_20200621_061510,102531
1012073_20200622_062641,102532
1012073_20200713_225058,102533
1012073_20200715_083642,102534
1012073_20200723_061146,102535
1012073_20200725_133247,102536
1012073_20200725_133452,102537
1012073_20200725_035956,102538
1012073_20200816_172803,102539
1012073_20200829_230753,102540
1012073_20200829_231040,102541
1012073_20200829_230811,102542
1012073_20200830_020135,102543
1012073_20200903_014422,102544
1012073_20201017_174807,102545
1012073_20201102_212501,102546
1012073_20201105_214403,102547
1012073_20201115_231438,102548
1012073_20201120_032053,102549
1012073_20210317_102746,102550
1012073_20210325_104503,102551
1012073_20210403_094455,102552
1012073_20210416_013132,102553
1012073_20210416_013356,102554
1012073_20210426_070131,102555
1012073_20210429_071459,102556
1012073_20210502_053105,102557
1012073_20210707_085631,102558
1012073_20210717_080511,102559
1012073_20210807_065919,102560
1012073_20210812_012916,102561
1012073_20210812_043123,102562
1012073_20210812_010623,102563
1012073_20210812_014021,102564
1012073_20210812_013853,102565
1012073_20210812_011146,102566
1012073_20210812_070710,102567
1012073_20210812_033408,102568
1012073_20210822_071257,102569
1012073_20210823_190658,102570
1012073_20210909_153613,102571
1012073_20210925_215049,102572
1012073_20210925_194157,102573
1012073_20210926_030848,102574
1012073_20210926_044900,102575
1012073_20210926_045901,102576
1012073_20210926_030806,102577
1012073_20210926_064703,102578
1012073_20211008_213911,102579
1012073_20211010_083654,102580
1012073_20211016_095135,102581
1012073_20211119_080405,102582
1012073_20211205_234306,102583
1012073_20211219_161538,102584
1012073_20220102_215843,102585
1012073_20220115_092621,102586
1012073_20220221_040643,102587
1012073_20220326_041320,102588
1012073_20220327_033044,102589
1012073_20220403_233353,102590
1012073_20220421_191407,102591
1012073_20220604_031702,102592
1012073_20220721_004418,102593
1012073_20220807_224434,102594
1012073_20220810_022053,102595
1012073_20221001_181527,102596
nc73821361_20200105_014034,102597
nc73821361_20200201_161315,102598
nc73821361_20200630_132920,102599
nc73821361_20200902_132958,102600
nc73821361_20210805_073216,102601
nc73821361_20210810_193057,102602
nc73821361_20210828_071022,102603
nc73821361_20211004_173738,102604
nc73821361_20211018_091239,102605
nc73821361_20211109_132316,102606
nc73821361_20220318_161126,102607
nc73821361_20220907_175442,102608
nc73824826_20200105_210500,102609
nc73824826_20200126_122830,102610
nc73824826_20200128_051132,102611
nc73824826_20200130_072641,102612
nc73824826_20200202_174510,102613
nc73824826_20200219_043744,102614
nc73824826_20200302_215610,102615
nc73824826_20200312_131953,102616
nc73824826_20200319_020947,102617
nc73824826_20200324_080336,102618
nc73824826_20200503_140139,102619
nc73824826_20200508_025928,102620
nc73824826_20200520_055956,102621
nc73824826_20200525_113411,102622
nc73824826_20200617_093802,102623
nc73824826_20200627_123621,102624
nc73824826_20200702_141240,102625
nc73824826_20200730_141555,102626
nc73824826_20200806_094300,102627
nc73824826_20200812_091612,102628
nc73824826_20200830_191139,102629
nc73824826_20200904_120245,102630
nc73824826_20200914_023730,102631
nc73824826_20201022_012826,102632
nc73824826_20201029_042331,102633
nc73824826_20201108_001341,102634
nc73824826_20201109_041628,102635
nc73824826_20201112_005920,102636
nc73824826_20201122_042811,102637
nc73824826_20201124_044302,102638
nc73824826_20201216_220140,102639
nc73824826_20201220_204307,102640
nc73824826_20210309_180522,102641
nc73824826_20210312_032049,102642
nc73824826_20210402_082140,102643
nc73824826_20210402_100411,102644
nc73824826_20210402_083331,102645
nc73824826_20210403_084631,102646
nc73824826_20210403_143645,102647
nc73824826_20210404_224731,102648
nc73824826_20210406_184403,102649
nc73824826_20210416_073437,102650
nc73824826_20210424_153855,102651
nc73824826_20210424_105459,102652
nc73824826_20210511_105345,102653
nc73824826_20210518_070904,102654
nc73824826_20210605_234743,102655
nc73824826_20210710_103206,102656
nc73824826_20210710_103555,102657
nc73824826_20210710_104451,102658
nc73824826_20210710_113217,102659
nc73824826_20210710_122208,102660
nc73824826_20210711_001156,102661
nc73824826_20210814_073223,102662
nc73824826_20210817_050432,102663
nc73824826_20211017_203305,102664
nc73824826_20211104_073453,102665
nc73824826_20211117_072636,102666
nc73824826_20211203_140308,102667
nc73824826_20211205_035636,102668
nc73824826_20211220_231247,102669
nc73824826_20211221_191452,102670
nc73824826_20211221_000644,102671
nc73824826_20211225_033417,102672
nc73824826_20211226_005831,102673
nc73824826_20211227_212356,102674
nc73824826_20211228_234232,102675
nc73824826_20211228_231636,102676
nc73824826_20211230_215015,102677
nc73824826_20211231_234446,102678
nc73824826_20220106_215126,102679
nc73824826_20220121_045559,102680
nc73824826_20220124_145910,102681
nc73824826_20220128_224415,102682
nc73824826_20220211_010352,102683
nc73824826_20220212_184342,102684
nc73824826_20220302_231959,102685
nc73824826_20220302_160803,102686
nc73824826_20220309_134216,102687
nc73824826_20220322_061616,102688
nc73824826_20220412_172203,102689
nc73824826_20220511_115107,102690
nc73824826_20220518_180736,102691
nc73824826_20220521_200656,102692
nc73824826_20220620_073931,102693
nc73824826_20220627_074334,102694
nc73824826_20220718_014242,102695
nc73824826_20220728_072033,102696
nc73824826_20220802_032352,102697
nc73824826_20220816_181525,102698
nc73824826_20220916_060105,102699
nc73824826_20220919_045439,102700
nc73824826_20220929_052949,102701
nc73824826_20221005_051118,102702
nc73824826_20221006_074256,102703
nc73824826_20221023_002419,102704
nc73824826_20221101_094050,102705
nc73824826_20221127_180057,102706
nc73865815_20200105_110439,102707
nc73865815_20200308_215134,102708
nc73865815_20200312_152018,102709
nc73865815_20200319_000012,102710
nc73865815_20200415_062246,102711
nc73865815_20200422_033902,102712
nc73865815_20200501_212701,102713
nc73865815_20200515_211851,102714
nc73865815_20200519_041804,102715
nc73865815_20200519_155835,102716
nc73865815_20200519_085604,102717
nc73865815_20200602_015548,102718
nc73865815_20200609_102901,102719
nc73865815_20200609_115457,102720
nc73865815_20200611_114829,102721
nc73865815_20200622_191026,102722
nc73865815_20200628_090435,102723
nc73865815_20200819_085718,102724
nc73865815_20200829_125913,102725
nc73865815_20200903_074931,102726
nc73865815_20200921_215310,102727
nc73865815_20200928_093439,102728
nc73865815_20200929_164212,102729
nc73865815_20200929_160655,102730
nc73865815_20201008_083456,102731
nc73865815_20201013_220511,102732
nc73865815_20201111_024836,102733
nc73865815_20201219_032342,102734
nc73865815_20210120_075513,102735
nc73865815_20210121_204620,102736
nc73865815_20210212_043107,102737
nc73865815_20210212_200851,102738
nc73865815_20210212_042914,102739
nc73865815_20210220_234036,102740
nc73865815_20210414_043959,102741
nc73865815_20210414_012741,102742
nc73865815_20210414_053837,102743
nc73865815_20210506_080745,102744
nc73865815_20210517_065357,102745
nc73865815_20210612_135700,102746
nc73865815_20210702_060958,102747
nc73865815_20210707_193215,102748
nc73865815_20210710_115945,102749
nc73865815_20210817_054843,102750
nc73865815_20210831_181315,102751
nc73865815_20210910_003224,102752
nc73865815_20210919_050309,102753
nc73865815_20210923_093350,102754
nc73865815_20210930_191002,102755
nc73865815_20211008_234058,102756
nc73865815_20211010_151312,102757
nc73865815_20211101_033051,102758
nc73865815_20211104_090514,102759
nc73865815_20211118_043058,102760
nc73865815_20211209_201236,102761
nc73865815_20211217_030016,102762
nc73865815_20211218_051748,102763
nc73865815_20211220_071218,102764
nc73865815_20211221_183136,102765
nc73865815_20220113_091739,102766
nc73865815_20220203_213057,102767
nc73865815_20220224_231818,102768
nc73865815_20220305_203425,102769
nc73865815_20220310_124222,102770
nc73865815_20220313_165428,102771
nc73865815_20220402_063242,102772
nc73865815_20220410_140119,102773
nc73865815_20220427_232041,102774
nc73865815_20220512_213949,102775
nc73865815_20220515_213042,102776
nc73865815_20220602_095027,102777
nc73865815_20220617_005930,102778
nc73865815_20220715_001452,102779
nc73865815_20220721_024131,102780
nc73865815_20220728_092209,102781
nc73865815_20220822_032422,102782
nc73865815_20220824_184002,102783
nc73865815_20220826_140934,102784
nc73865815_20220829_100058,102785
nc73865815_20220918_152846,102786
nc73865815_20221002_193334,102787
nc73865815_20221014_091756,102788
nc73865815_20221017_044523,102789
nc73865815_20221019_222412,102790
nc73865815_20221024_221608,102791
nc73865815_20221104_231949,102792
nc73865815_20221128_061743,102793
nc73867635_20200105_172434,102794
nc73867635_20200113_055409,102795
nc73867635_20200229_071532,102796
nc73867635_20200301_024919,102797
nc73867635_20200309_084608,102798
nc73867635_20200319_022540,102799
nc73867635_20200322_164027,102800
nc73867635_20200423_153130,102801
nc73867635_20200509_102813,102802
nc73867635_20200606_155241,102803
nc73867635_20200804_030801,102804
nc73867635_20201021_100609,102805
nc73867635_20201120_215121,102806
nc73867635_20210110_013944,102807
nc73867635_20210226_035250,102808
nc73867635_20210302_133901,102809
nc73867635_20210312_015952,102810
nc73867635_20210323_235052,102811
nc73867635_20210326_194857,102812
nc73867635_20210424_010227,102813
nc73867635_20210514_175534,102814
nc73867635_20210529_235337,102815
nc73867635_20210702_032206,102816
nc73867635_20210706_170325,102817
nc73867635_20210706_173837,102818
nc73867635_20210712_032222,102819
nc73867635_20210721_163840,102820
nc73867635_20210727_133306,102821
nc73867635_20210828_163056,102822
nc73867635_20210829_182905,102823
nc73867635_20210902_001043,102824
nc73867635_20210902_124116,102825
nc73867635_20211027_220136,102826
nc73867635_20211116_033025,102827
nc73867635_20211221_154211,102828
nc73867635_20220204_090719,102829
nc73867635_20220221_162107,102830
nc73867635_20220225_050550,102831
nc73867635_20220312_095709,102832
nc73867635_20220416_150548,102833
nc73867635_20220423_214105,102834
nc73867635_20220425_101730,102835
nc73867635_20220426_182106,102836
nc73867635_20220429_215216,102837
nc73867635_20220507_113607,102838
nc73867635_20220526_175708,102839
nc73867635_20220611_225325,102840
nc73867635_20220612_084432,102841
nc73867635_20220623_214042,102842
nc73867635_20220728_015012,102843
nc73867635_20220728_204941,102844
nc73867635_20220805_043203,102845
nc73867635_20220902_014341,102846
nc73867635_20220903_190025,102847
nc73867635_20220904_033127,102848
nc73867635_20220924_155546,102849
nc73867635_20221009_002947,102850
nc73867635_20221102_143409,102851
nc73867635_20221111_224319,102852
nc73867635_20221111_120543,102853
nc73867635_20221119_170106,102854
nc73867635_20221129_185955,102855
1016534_20200106_001243,102856
1016534_20200202_023505,102857
1016534_20200208_193010,102858
1016534_20200219_085134,102859
1016534_20200502_233647,102860
1016534_20210522_024553,102861
1016534_20210620_125721,102862
1016534_20210710_211349,102863
1016534_20210713_014733,102864
1016534_20210721_000558,102865
1016534_20211015_045203,102866
1016534_20211101_021210,102867
1016534_20211112_132432,102868
1016534_20211202_033652,102869
1016534_20211203_125902,102870
1016534_20211221_114042,102871
1016534_20211221_204332,102872
1016534_20211227_052817,102873
1016534_20211229_201352,102874
1016534_20220515_183308,102875
1016534_20220620_015213,102876
1016534_20221112_093909,102877
1016534_20221119_222811,102878
1010577_20200107_072545,102879
1010577_20200214_152618,102880
1010577_20200605_071717,102881
1010577_20210831_100155,102882
1010577_20220124_190432,102883
1010577_20220708_141425,102884
1010577_20221015_063445,102885
1014547_20200107_191129,102886
1014547_20201027_013324,102887
1014547_20201121_195412,102888
1014547_20210404_081032,102889
1014547_20210404_033544,102890
1014547_20210404_182554,102891
1014547_20210405_031014,102892
1014547_20210719_144607,102893
1014547_20210719_152444,102894
1014547_20211122_081236,102895
1014547_20211220_212232,102896
1014547_20211227_201924,102897
1014547_20211228_115445,102898
1014547_20220109_062037,102899
nc73824006_20200107_211424,102900
nc73824006_20200209_153009,102901
nc73824006_20200318_223439,102902
nc73824006_20200420_215808,102903
nc73824006_20211129_101446,102904
nc73824006_20220224_182844,102905
nc73842546_20200108_052650,102906
nc73842546_20200928_231008,102907
nc73842546_20201011_205402,102908
nc73842546_20210428_193347,102909
nc73842546_20210612_075757,102910
nc73842546_20210622_025224,102911
nc73842546_20210825_124620,102912
nc73842546_20210922_152746,102913
nc73842546_20210925_001004,102914
nc73842546_20211128_130704,102915
nc73842546_20211221_135837,102916
nc73842546_20211221_082422,102917
nc73842546_20220119_025921,102918
nc73842546_20220128_172813,102919
nc73842546_20220519_025235,102920
nc73842546_20220615_164407,102921
nc73842546_20220626_145829,102922
nc73842546_20220709_183519,102923
nc73842546_20220918_232101,102924
nc73842546_20221009_231654,102925
nc73842546_20221016_081703,102926
1008269_20200109_161246,102927
1008269_20200513_003637,102928
1008269_20200616_072126,102929
1008269_20200710_114051,102930
1008269_20201002_052951,102931
1008269_20201229_185653,102932
1008269_20210219_144913,102933
1008269_20210823_204618,102934
1008269_20211019_075431,102935
1008269_20211109_112829,102936
1008269_20211128_213837,102937
1008269_20211220_061124,102938
1008269_20211221_233013,102939
1008269_20211223_084326,102940
1008269_20211223_112423,102941
1008269_20211225_155757,102942
1008269_20220101_232907,102943
1008269_20220119_081037,102944
1008269_20220303_061011,102945
1008269_20220411_040428,102946
1008269_20220415_115736,102947
1008269_20220419_092833,102948
1008269_20220502_222832,102949
1008269_20220624_005401,102950
1008269_20220714_165429,102951
1008269_20220722_123535,102952
1008269_20220919_082709,102953
1008269_20220928_115033,102954
1008269_20221007_072937,102955
1008269_20221114_080248,102956
nc73843826_20200109_002518,102957
nc73843826_20200109_054055,102958
nc73843826_20200110_161954,102959
nc73843826_20200224_184658,102960
nc73843826_20200511_051803,102961
nc73843826_20200521_202709,102962
nc73843826_20200626_124146,102963
nc73843826_20200823_160506,102964
nc73843826_20200901_221215,102965
nc73843826_20200915_232304,102966
nc73843826_20200926_134523,102967
nc73843826_20201007_235711,102968
nc73843826_20210321_043928,102969
nc73843826_20210526_005222,102970
nc73843826_20210607_033047,102971
nc73843826_20210626_194941,102972
nc73843826_20210727_073013,102973
nc73843826_20210818_075343,102974
nc73843826_20210915_102052,102975
nc73843826_20211014_122946,102976
nc73843826_20211209_175224,102977
nc73843826_20211220_142622,102978
nc73843826_20220105_135842,102979
nc73843826_20220116_032129,102980
nc73843826_20220219_222717,102981
nc73843826_20220422_221108,102982
nc73843826_20220514_060212,102983
nc73843826_20220527_212141,102984
nc73843826_20220609_224817,102985
nc73843826_20220610_004050,102986
nc73843826_20220611_015104,102987
nc73843826_20220724_100619,102988
nc73843826_20220812_085114,102989
nc73843826_20220826_051330,102990
nc73877095_20200109_134058,102991
nc73877095_20200122_060037,102992
nc73877095_20200718_020559,102993
nc73877095_20200725_015550,102994
nc73877095_20200817_104125,102995
nc73877095_20200929_133948,102996
nc73877095_20201003_191919,102997
nc73877095_20201004_065501,102998
nc73877095_20201004_124525,102999
nc73877095_20201008_164553,103000
nc73877095_20201029_134524,103001
nc73877095_20201120_040134,103002
nc73877095_20201207_082235,103003
nc73877095_20201217_165232,103004
nc73877095_20201223_125652,103005
nc73877095_20210117_101959,103006
nc73877095_20210210_204932,103007
nc73877095_20210426_090107,103008
nc73877095_20210510_052139,103009
nc73877095_20210515_203613,103010
nc73877095_20210622_172602,103011
nc73877095_20210721_120654,103012
nc73877095_20210721_122050,103013
nc73877095_20210728_155211,103014
nc73877095_20210804_202142,103015
nc73877095_20210805_181232,103016
nc73877095_20210805_165327,103017
nc73877095_20210916_074910,103018
nc73877095_20211003_211211,103019
nc73877095_20211005_230206,103020
nc73877095_20211012_035427,103021
nc73877095_20211114_223235,103022
nc73877095_20211127_073225,103023
nc73877095_20211127_071747,103024
nc73877095_20211203_062133,103025
nc73877095_20211221_171404,103026
nc73877095_20211221_074830,103027
nc73877095_20211229_225133,103028
nc73877095_20220123_141402,103029
nc73877095_20220430_182522,103030
nc73877095_20220614_145454,103031
nc73877095_20220803_082417,103032
nc73877095_20220926_080017,103033
nc73877095_20220926_012509,103034
nc73877095_20220926_034841,103035
nc73877095_20221004_213631,103036
nc73889196_20200109_022846,103037
nc73889196_20200213_033650,103038
nc73889196_20200213_034916,103039
nc73889196_20200213_045557,103040
nc73889196_20200213_044603,103041
nc73889196_20200224_060245,103042
nc73889196_20200308_030808,103043
nc73889196_20200310_164114,103044
nc73889196_20200311_211812,103045
nc73889196_20200324_122500,103046
nc73889196_20200324_071313,103047
nc73889196_20200331_141651,103048
nc73889196_20200402_061442,103049
nc73889196_20200402_092402,103050
nc73889196_20200419_090113,103051
nc73889196_20200502_143004,103052
nc73889196_20200526_134653,103053
nc73889196_20200527_141323,103054
nc73889196_20200601_061451,103055
nc73889196_20200603_075145,103056
nc73889196_20200607_210025,103057
nc73889196_20200616_192138,103058
nc73889196_20200626_034736,103059
nc73889196_20200703_095833,103060
nc73889196_20200708_140332,103061
nc73889196_20200715_092102,103062
nc73889196_20200907_034439,103063
nc73889196_20200907_045705,103064
nc73889196_20200912_101117,103065
nc73889196_20200918_065841,103066
nc73889196_20200930_061807,103067
nc73889196_20201002_073202,103068
nc73889196_20201004_103619,103069
nc73889196_20201018_051738,103070
nc73889196_20201027_134740,103071
nc73889196_20201030_232400,103072
nc73889196_20201106_041413,103073
nc73889196_20201115_100152,103074
nc73889196_20201202_043619,103075
nc73889196_20201217_064445,103076
nc73889196_20210112_020819,103077
nc73889196_20210119_174249,103078
nc73889196_20210119_180113,103079
nc73889196_20210120_002712,103080
nc73889196_20210123_191148,103081
nc73889196_20210128_044111,103082
nc73889196_20210201_041208,103083
nc73889196_20210323_094554,103084
nc73889196_20210406_111912,103085
nc73889196_20210426_070245,103086
nc73889196_20210427_062815,103087
nc73889196_20210507_212529,103088
nc73889196_20210615_104643,103089
nc73889196_20210704_000536,103090
nc73889196_20210713_215900,103091
nc73889196_20210718_020104,103092
nc73889196_20210721_103648,103093
nc73889196_20210828_131856,103094
nc73889196_20210903_123339,103095
nc73889196_20211007_180513,103096
nc73889196_20211122_022523,103097
nc73889196_20211122_015748,103098
nc73889196_20211122_212358,103099
nc73889196_20211127_133329,103100
nc73889196_20211204_193529,103101
nc73889196_20211213_100331,103102
nc73889196_20211221_024852,103103
nc73889196_20220116_230224,103104
nc73889196_20220216_133440,103105
nc73889196_20220217_172538,103106
nc73889196_20220312_071115,103107
nc73889196_20220404_113509,103108
nc73889196_20220405_094827,103109
nc73889196_20220409_171605,103110
nc73889196_20220511_212145,103111
nc73889196_20220530_134837,103112
nc73889196_20220530_133056,103113
nc73889196_20220530_133935,103114
nc73889196_20220610_143812,103115
nc73889196_20220614_063406,103116
nc73889196_20220623_225439,103117
nc73889196_20220706_175456,103118
nc73889196_20220710_211348,103119
nc73889196_20220922_034837,103120
nc73889196_20221003_025020,103121
nc73889196_20221019_124439,103122
1013483_20200110_052516,103123
1013483_20200124_055434,103124
1013483_20200131_215127,103125
1013483_20200326_033955,103126
1013483_20200329_131733,103127
1013483_20200601_110607,103128
1013483_20200716_002440,103129
1013483_20200819_220927,103130
1013483_20201228_231407,103131
1013483_20201229_003124,103132
1013483_20210315_020911,103133
1013483_20210402_231558,103134
1013483_20210402_123831,103135
1013483_20211021_193919,103136
1013483_20211124_162308,103137
1013483_20211221_133517,103138
1013483_20211224_022925,103139
1013483_20220207_031705,103140
1013483_20220311_002544,103141
1013483_20220406_234738,103142
1013483_20220604_031658,103143
1013483_20220921_093501,103144
1013483_20221008_101118,103145
1013483_20221013_072836,103146
1013483_20221013_083416,103147
1016880_20200110_045818,103148
1016880_20200120_075956,103149
1016880_20200201_193603,103150
1016880_20200229_033115,103151
1016880_20200319_061058,103152
1016880_20200324_193035,103153
1016880_20200419_172701,103154
1016880_20200508_152724,103155
1016880_20200522_224536,103156
1016880_20201012_204816,103157
1016880_20201023_055431,103158
1016880_20210310_065937,103159
1016880_20210508_083533,103160
1016880_20210530_132849,103161
1016880_20210803_032800,103162
1016880_20211002_094941,103163
1016880_20211002_082736,103164
1016880_20211018_153613,103165
1016880_20211025_011940,103166
1016880_20211220_220919,103167
1016880_20211221_105925,103168
1016880_20211221_015201,103169
1016880_20211230_182028,103170
1016880_20220121_070034,103171
1016880_20220127_024414,103172
1016880_20220129_221250,103173
1016880_20220608_153553,103174
1016880_20220725_181115,103175
1016880_20220819_121119,103176
1016880_20221008_031837,103177
1016880_20221017_082157,103178
1016880_20221017_083317,103179
1016880_20221115_023257,103180
1016016_20200111_013154,103181
1016016_20200111_214932,103182
1016016_20200313_190614,103183
1016016_20200316_201730,103184
1016016_20200320_002638,103185
1016016_20200408_053618,103186
1016016_20200428_162010,103187
1016016_20200513_225111,103188
1016016_20200527_024816,103189
1016016_20200529_233152,103190
1016016_20200606_051702,103191
1016016_20200621_183804,103192
1016016_20200717_214407,103193
1016016_20200811_021834,103194
1016016_20200903_211012,103195
1016016_20200930_181805,103196
1016016_20201013_143343,103197
1016016_20201106_193254,103198
1016016_20201126_081930,103199
1016016_20201206_015357,103200
1016016_20201224_092240,103201
1016016_20201229_183330,103202
1016016_20210224_193700,103203
1016016_20210322_103108,103204
1016016_20210329_074321,103205
1016016_20210424_061731,103206
1016016_20210502_080931,103207
1016016_20210613_040603,103208
1016016_20210711_060818,103209
1016016_20210805_101623,103210
1016016_20210905_230358,103211
1016016_20210917_122845,103212
1016016_20211006_090939,103213
1016016_20211012_112909,103214
1016016_20211020_195008,103215
1016016_20211101_121416,103216
1016016_20211101_114335,103217
1016016_20211220_234218,103218
1016016_20211221_195320,103219
1016016_20211221_032502,103220
1016016_20211222_235607,103221
1016016_20211222_221003,103222
1016016_20211222_043342,103223
1016016_20211222_041650,103224
1016016_20211222_135002,103225
1016016_20211222_052954,103226
1016016_20211222_062218,103227
1016016_20211222_191354,103228
1016016_20211223_103656,103229
1016016_20211223_085304,103230
1016016_20211224_071240,103231
1016016_20211225_042730,103232
1016016_20211225_130717,103233
1016016_20211225_102848,103234
1016016_20211226_182414,103235
1016016_20211226_113213,103236
1016016_20211227_031914,103237
1016016_20211228_102514,103238
1016016_20211229_053901,103239
1016016_20211229_181707,103240
1016016_20211231_101623,103241
1016016_20220106_150353,103242
1016016_20220106_131155,103243
1016016_20220106_071843,103244
1016016_20220109_193743,103245
1016016_20220109_142834,103246
1016016_20220109_043355,103247
1016016_20220109_230048,103248
1016016_20220110_063521,103249
1016016_20220112_063812,103250
1016016_20220114_084451,103251
1016016_20220115_110222,103252
1016016_20220115_110724,103253
1016016_20220115_234227,103254
1016016_20220120_233526,103255
1016016_20220120_034425,103256
1016016_20220121_041737,103257
1016016_20220121_041701,103258
1016016_20220123_213512,103259
1016016_20220128_080408,103260
1016016_20220130_052041,103261
1016016_20220130_181411,103262
1016016_20220206_181429,103263
1016016_20220215_030821,103264
1016016_20220224_225705,103265
1016016_20220224_020653,103266
1016016_20220224_180121,103267
1016016_20220325_094535,103268
1016016_20220329_103552,103269
1016016_20220329_195807,103270
1016016_20220331_144040,103271
1016016_20220403_210327,103272
1016016_20220410_130318,103273
1016016_20220410_205345,103274
1016016_20220411_195630,103275
1016016_20220418_103654,103276
1016016_20220419_184336,103277
1016016_20220421_135320,103278
1016016_20220512_182044,103279
1016016_20220512_121940,103280
1016016_20220609_200846,103281
1016016_20220609_082604,103282
1016016_20220612_061747,103283
1016016_20220620_030525,103284
1016016_20220704_042456,103285
1016016_20220812_082409,103286
1016016_20220812_083628,103287
1016016_20220816_040036,103288
1016016_20220827_143537,103289
1016016_20220901_125958,103290
1016016_20220906_141614,103291
1016016_20220908_132543,103292
1016016_20220912_091021,103293
1016016_20220913_191350,103294
1016016_20221009_143843,103295
1016016_20221011_203519,103296
1016016_20221110_034921,103297
1016016_20221123_204027,103298
nc73876810_20200111_080953,103299
nc73876810_20200511_022826,103300
nc73876810_20200519_191846,103301
nc73876810_20200620_011202,103302
nc73876810_20210517_070934,103303
nc73876810_20210903_162522,103304
nc73876810_20211026_201425,103305
nc73876810_20211129_035554,103306
nc73876810_20211229_015114,103307
nc73876810_20220117_004116,103308
nc73876810_20220421_185002,103309
nc73876810_20220613_235129,103310
nc73876810_20220906_191600,103311
nc73883491_20200111_155455,103312
nc73883491_20200215_130935,103313
nc73883491_20200215_121219,103314
nc73883491_20200318_223528,103315
nc73883491_20200318_221925,103316
nc73883491_20200319_043428,103317
nc73883491_20210324_093055,103318
nc73883491_20210817_052703,103319
nc73883491_20210914_095947,103320
nc73883491_20211103_021629,103321
nc73883491_20211103_002820,103322
nc73883491_20211103_063154,103323
nc73883491_20211103_094519,103324
nc73883491_20211113_053346,103325
nc73883491_20211118_100328,103326
nc73883491_20211220_212506,103327
nc73883491_20211220_202446,103328
nc73883491_20211220_205650,103329
nc73883491_20211220_224108,103330
nc73883491_20211221_202341,103331
nc73883491_20211221_000950,103332
nc73883491_20211221_024607,103333
nc73883491_20211221_054323,103334
nc73883491_20211221_010113,103335
nc73883491_20211221_082809,103336
nc73883491_20211221_044145,103337
nc73883491_20211221_145453,103338
nc73883491_20211221_013021,103339
nc73883491_20211221_165040,103340
nc73883491_20211221_015938,103341
nc73883491_20211221_225602,103342
nc73883491_20211221_021556,103343
nc73883491_20211222_022832,103344
nc73883491_20211222_120331,103345
nc73883491_20211222_131700,103346
nc73883491_20211224_130521,103347
nc73883491_20211225_130917,103348
nc73883491_20211225_021930,103349
nc73883491_20211226_042953,103350
nc73883491_20211229_072057,103351
nc73883491_20211231_072502,103352
nc73883491_20220101_162137,103353
nc73883491_20220107_001626,103354
nc73883491_20220113_072747,103355
nc73883491_20220120_081337,103356
nc73883491_20220128_051038,103357
nc73883491_20220205_032757,103358
nc73883491_20220209_010914,103359
nc73883491_20220423_095756,103360
nc73883491_20220425_144353,103361
nc73883491_20220429_152442,103362
nc73883491_20220515_002423,103363
nc73883491_20220604_084602,103364
nc73883491_20220614_105708,103365
nc73883491_20220629_191819,103366
nc73883491_20220802_134654,103367
nc73883491_20220813_095401,103368
nc73883491_20220901_221711,103369
nc73883491_20221013_060538,103370
nc73883491_20221026_085319,103371
1011931_20200113_043554,103372
1011931_20200114_132833,103373
1011931_20200116_200557,103374
1011931_20200305_183020,103375
1011931_20200423_024350,103376
1011931_20200503_080155,103377
1011931_20200510_054109,103378
1011931_20200512_022520,103379
1011931_20200622_233102,103380
1011931_20200628_172253,103381
1011931_20200707_220240,103382
1011931_20200713_102207,103383
1011931_20200803_090601,103384
1011931_20200803_090615,103385
1011931_20200803_165746,103386
1011931_20200930_145405,103387
1011931_20201003_122410,103388
1011931_20201105_123858,103389
1011931_20201105_123936,103390
1011931_20201106_082513,103391
1011931_20201229_090115,103392
1011931_20201229_090304,103393
1011931_20201230_233812,103394
1011931_20210226_094315,103395
1011931_20210303_172150,103396
1011931_20210304_170837,103397
1011931_20210312_184753,103398
1011931_20210314_105638,103399
1011931_20210327_105025,103400
1011931_20210405_114243,103401
1011931_20210510_062340,103402
1011931_20210529_163435,103403
1011931_20210613_003411,103404
1011931_20210719_134007,103405
1011931_20210719_163539,103406
1011931_20210728_061424,103407
1011931_20210913_080547,103408
1011931_20210913_022009,103409
1011931_20210913_030012,103410
1011931_20210913_081400,103411
1011931_20210919_222428,103412
1011931_20210923_074621,103413
1011931_20211010_023536,103414
1011931_20211012_113515,103415
1011931_20211013_031511,103416
1011931_20211025_121310,103417
1011931_20211110_233713,103418
1011931_20211116_105143,103419
1011931_20211116_105011,103420
1011931_20211118_141952,103421
1011931_20211207_144131,103422
1011931_20211215_144820,103423
1011931_20211220_142510,103424
1011931_20211220_203713,103425
1011931_20211220_200739,103426
1011931_20211220_214357,103427
1011931_20211221_041924,103428
1011931_20211222_160010,103429
1011931_20211224_110350,103430
1011931_20211226_214844,103431
1011931_20211231_044514,103432
1011931_20220116_103105,103433
1011931_20220430_210355,103434
1011931_20220531_115223,103435
1011931_20220901_130926,103436
1011931_20220906_060925,103437
1011931_20220917_203204,103438
1011931_20220923_175519,103439
1011931_20220926_165943,103440
1011931_20221112_101924,103441
1011931_20221120_130820,103442
1018078_20200113_204945,103443
1018078_20200113_200048,103444
1018078_20200117_090428,103445
1018078_20200215_131942,103446
1018078_20200215_135607,103447
1018078_20200309_062922,103448
1018078_20200318_232844,103449
1018078_20200319_001610,103450
1018078_20200319_022237,103451
1018078_20200608_054404,103452
1018078_20200709_194419,103453
1018078_20200714_053415,103454
1018078_20200821_044157,103455
1018078_20200920_221149,103456
1018078_20210209_112249,103457
1018078_20210523_134310,103458
1018078_20210528_020124,103459
1018078_20210529_004403,103460
1018078_20210728_052551,103461
1018078_20210728_065250,103462
1018078_20210728_065500,103463
1018078_20210805_080052,103464
1018078_20210921_104424,103465
1018078_20211012_193052,103466
1018078_20211101_233058,103467
1018078_20211220_213503,103468
1018078_20211220_204152,103469
1018078_20211220_234310,103470
1018078_20211220_232318,103471
1018078_20211220_210038,103472
1018078_20211220_202020,103473
1018078_20211220_214413,103474
1018078_20211220_235138,103475
1018078_20211221_073440,103476
1018078_20211221_041150,103477
1018078_20211221_022430,103478
1018078_20211221_032105,103479
1018078_20211221_034937,103480
1018078_20211221_133846,103481
1018078_20211221_035048,103482
1018078_20211221_180614,103483
1018078_20211221_000205,103484
1018078_20211221_125544,103485
1018078_20211222_060527,103486
1018078_20211222_201026,103487
1018078_20211224_010726,103488
1018078_20211224_001453,103489
1018078_20211225_222025,103490
1018078_20220101_082624,103491
1018078_20220101_084318,103492
1018078_20220107_055623,103493
1018078_20220109_114448,103494
1018078_20220115_094246,103495
1018078_20220123_125600,103496
1018078_20220126_075326,103497
1018078_20220408_141631,103498
1018078_20220522_080234,103499
1018078_20220607_083657,103500
1018078_20220906_125217,103501
1018078_20221006_185932,103502
1018078_20221116_060318,103503
nc73819961_20200113_172823,103504
nc73819961_20200201_185919,103505
nc73819961_20200208_012528,103506
nc73819961_20200227_032051,103507
nc73819961_20200318_222607,103508
nc73819961_20200330_095153,103509
nc73819961_20200407_212654,103510
nc73819961_20200507_045323,103511
nc73819961_20200508_204846,103512
nc73819961_20200517_223242,103513
nc73819961_20200528_000236,103514
nc73819961_20200613_163738,103515
nc73819961_20200621_020047,103516
nc73819961_20200623_204130,103517
nc73819961_20200717_114810,103518
nc73819961_20200726_052452,103519
nc73819961_20200815_030931,103520
nc73819961_20200818_025605,103521
nc73819961_20200819_172045,103522
nc73819961_20200820_222304,103523
nc73819961_20200820_222212,103524
nc73819961_20200828_091222,103525
nc73819961_20200831_060601,103526
nc73819961_20200902_122308,103527
nc73819961_20200921_175619,103528
nc73819961_20200923_090029,103529
nc73819961_20200923_090323,103530
nc73819961_20201010_011951,103531
nc73819961_20201011_194937,103532
nc73819961_20201016_030506,103533
nc73819961_20201020_175502,103534
nc73819961_20201020_171856,103535
nc73819961_20201030_081615,103536
nc73819961_20201102_000831,103537
nc73819961_20201108_000601,103538
nc73819961_20201114_071930,103539
nc73819961_20201114_082803,103540
nc73819961_20201123_180242,103541
nc73819961_20201219_142008,103542
nc73819961_20201220_114011,103543
nc73819961_20201226_200742,103544
nc73819961_20201229_220225,103545
nc73819961_20210121_024911,103546
nc73819961_20210207_231050,103547
nc73819961_20210211_043440,103548
nc73819961_20210213_003229,103549
nc73819961_20210309_013850,103550
nc73819961_20210311_113355,103551
nc73819961_20210315_202818,103552
nc73819961_20210408_065745,103553
nc73819961_20210412_061704,103554
nc73819961_20210505_213007,103555
nc73819961_20210506_041201,103556
nc73819961_20210506_203040,103557
nc73819961_20210525_040724,103558
nc73819961_20210527_180414,103559
nc73819961_20210530_005124,103560
nc73819961_20210615_113942,103561
nc73819961_20210617_101157,103562
nc73819961_20210620_174506,103563
nc73819961_20210622_063912,103564
nc73819961_20210625_161311,103565
nc73819961_20210703_231339,103566
nc73819961_20210709_190546,103567
nc73819961_20210711_132049,103568
nc73819961_20210717_030351,103569
nc73819961_20210721_103024,103570
nc73819961_20210725_160527,103571
nc73819961_20210801_053034,103572
nc73819961_20210801_104019,103573
nc73819961_20210804_212415,103574
nc73819961_20210813_061027,103575
nc73819961_20210814_213758,103576
nc73819961_20210823_195854,103577
nc73819961_20210829_162127,103578
nc73819961_20210829_060030,103579
nc73819961_20210905_152051,103580
nc73819961_20210905_180602,103581
nc73819961_20210906_101033,103582
nc73819961_20210912_104610,103583
nc73819961_20210912_105740,103584
nc73819961_20210925_200022,103585
nc73819961_20211016_055009,103586
nc73819961_20211114_120006,103587
nc73819961_20211115_203656,103588
nc73819961_20211116_085419,103589
nc73819961_20211122_015847,103590
nc73819961_20211126_164329,103591
nc73819961_20211217_093252,103592
nc73819961_20211230_085643,103593
nc73819961_20220101_060825,103594
nc73819961_20220112_060047,103595
nc73819961_20220116_204833,103596
nc73819961_20220121_032152,103597
nc73819961_20220123_152322,103598
nc73819961_20220130_115735,103599
nc73819961_20220209_163357,103600
nc73819961_20220209_065751,103601
nc73819961_20220213_143437,103602
nc73819961_20220218_103045,103603
nc73819961_20220218_102922,103604
nc73819961_20220224_005656,103605
nc73819961_20220227_190419,103606
nc73819961_20220302_032250,103607
nc73819961_20220308_011815,103608
nc73819961_20220308_033222,103609
nc73819961_20220311_022742,103610
nc73819961_20220311_023041,103611
nc73819961_20220327_153615,103612
nc73819961_20220327_141014,103613
nc73819961_20220405_074215,103614
nc73819961_20220408_234311,103615
nc73819961_20220410_200133,103616
nc73819961_20220410_112925,103617
nc73819961_20220413_102732,103618
nc73819961_20220416_113357,103619
nc73819961_20220424_003435,103620
nc73819961_20220426_023832,103621
nc73819961_20220509_145335,103622
nc73819961_20220510_185305,103623
nc73819961_20220510_183419,103624
nc73819961_20220510_184834,103625
nc73819961_20220526_154403,103626
nc73819961_20220615_214333,103627
nc73819961_20220618_013824,103628
nc73819961_20220628_224013,103629
nc73819961_20220628_221804,103630
nc73819961_20220708_234145,103631
nc73819961_20220717_031003,103632
nc73819961_20220721_105856,103633
nc73819961_20220721_021509,103634
nc73819961_20220721_094145,103635
nc73819961_20220721_120952,103636
nc73819961_20220721_121024,103637
nc73819961_20220729_044403,103638
nc73819961_20220801_115740,103639
nc73819961_20220807_095801,103640
nc73819961_20220815_194250,103641
nc73819961_20220817_044017,103642
nc73819961_20220819_011544,103643
nc73819961_20220819_174132,103644
nc73819961_20220829_164032,103645
nc73819961_20220909_170903,103646
nc73819961_20220914_202632,103647
nc73819961_20220924_220020,103648
nc73819961_20221002_110825,103649
nc73819961_20221009_115832,103650
nc73819961_20221011_230840,103651
nc73819961_20221109_184221,103652
nc73819961_20221111_190247,103653
nc73819961_20221119_235355,103654
nc73819961_20221121_075921,103655
nc73819961_20221122_153805,103656
nc73819961_20221122_142357,103657
nc73819961_20221123_115601,103658
nc73823036_20200113_194515,103659
nc73823036_20200319_022529,103660
nc73823036_20210724_230615,103661
nc73823036_20210801_095747,103662
nc73823036_20210904_151050,103663
nc73823036_20210924_225512,103664
nc73823036_20210925_004528,103665
nc73823036_20211002_081025,103666
nc73823036_20211114_143526,103667
nc73823036_20211220_210115,103668
nc73823036_20211221_002620,103669
nc73823036_20211221_204134,103670
nc73823036_20220212_014315,103671
nc73823036_20221015_013448,103672
1014033_20200114_151517,103673
1014033_20200116_223917,103674
1014033_20200116_235202,103675
1014033_20200116_235303,103676
1014033_20200125_181004,103677
1014033_20200127_025241,103678
1014033_20200201_163611,103679
1014033_20200315_081326,103680
1014033_20200319_011444,103681
1014033_20200319_010006,103682
1014033_20200406_083234,103683
1014033_20200406_082612,103684
1014033_20200411_003015,103685
1014033_20200418_015231,103686
1014033_20200429_004409,103687
1014033_20200430_203637,103688
1014033_20200501_220330,103689
1014033_20200509_005549,103690
1014033_20200513_000724,103691
1014033_20200513_004103,103692
1014033_20200519_050833,103693
1014033_20200519_051533,103694
1014033_20200519_051238,103695
1014033_20200523_224333,103696
1014033_20200604_145440,103697
1014033_20200604_141003,103698
1014033_20200606_104723,103699
1014033_20200618_052842,103700
1014033_20200620_150505,103701
1014033_20200626_125205,103702
1014033_20200714_121836,103703
1014033_20200714_100958,103704
1014033_20200807_150609,103705
1014033_20200809_203701,103706
1014033_20200820_192101,103707
1014033_20200906_070848,103708
1014033_20200914_071053,103709
1014033_20200917_113039,103710
1014033_20200918_040445,103711
1014033_20200920_060705,103712
1014033_20200929_164107,103713
1014033_20201004_043335,103714
1014033_20201010_164716,103715
1014033_20201011_054723,103716
1014033_20201109_032614,103717
1014033_20201109_025058,103718
1014033_20201221_151331,103719
1014033_20210109_123820,103720
1014033_20210121_204437,103721
1014033_20210121_204718,103722
1014033_20210127_110616,103723
1014033_20210128_080118,103724
1014033_20210212_041346,103725
1014033_20210212_040542,103726
1014033_20210228_174201,103727
1014033_20210302_172629,103728
1014033_20210303_015501,103729
1014033_20210308_201140,103730
1014033_20210310_103153,103731
1014033_20210314_022046,103732
1014033_20210316_222659,103733
1014033_20210316_224530,103734
1014033_20210329_060841,103735
1014033_20210424_195512,103736
1014033_20210424_212522,103737
1014033_20210502_101515,103738
1014033_20210517_015115,103739
1014033_20210520_185416,103740
1014033_20210527_090842,103741
1014033_20210530_215915,103742
1014033_20210603_091116,103743
1014033_20210603_104727,103744
1014033_20210613_145552,103745
1014033_20210621_182558,103746
1014033_20210621_185610,103747
1014033_20210626_213453,103748
1014033_20210626_215252,103749
1014033_20210704_001108,103750
1014033_20210707_014253,103751
1014033_20210716_043809,103752
1014033_20210723_172704,103753
1014033_20210723_185414,103754
1014033_20210729_005947,103755
1014033_20210801_182930,103756
1014033_20210802_092419,103757
1014033_20210803_223342,103758
1014033_20210809_130953,103759
1014033_20210809_055010,103760
1014033_20210812_132440,103761
1014033_20210822_052412,103762
1014033_20210823_114836,103763
1014033_20210823_163527,103764
1014033_20210914_110722,103765
1014033_20210915_105021,103766
1014033_20210915_105058,103767
1014033_20210917_030822,103768
1014033_20210919_033315,103769
1014033_20210922_192933,103770
1014033_20211005_154911,103771
1014033_20211009_140443,103772
1014033_20211029_064522,103773
1014033_20211112_152643,103774
1014033_20211113_080421,103775
1014033_20211116_123807,103776
1014033_20211122_061551,103777
1014033_20211123_091134,103778
1014033_20211128_081937,103779
1014033_20211129_023157,103780
1014033_20211205_111917,103781
1014033_20211205_112039,103782
1014033_20211207_123358,103783
1014033_20211208_034125,103784
1014033_20211209_081647,103785
1014033_20211218_072423,103786
1014033_20211219_021440,103787
1014033_20220102_025150,103788
1014033_20220102_222334,103789
1014033_20220105_031424,103790
1014033_20220107_221449,103791
1014033_20220110_122434,103792
1014033_20220114_051812,103793
1014033_20220124_105933,103794
1014033_20220202_022757,103795
1014033_20220218_124456,103796
1014033_20220219_122101,103797
1014033_20220223_144224,103798
1014033_20220226_215931,103799
1014033_20220305_020331,103800
1014033_20220308_230716,103801
1014033_20220312_043348,103802
1014033_20220312_195525,103803
1014033_20220315_104038,103804
1014033_20220317_074626,103805
1014033_20220323_221011,103806
1014033_20220324_122840,103807
1014033_20220324_204412,103808
1014033_20220413_150447,103809
1014033_20220513_225644,103810
1014033_20220514_004409,103811
1014033_20220515_190941,103812
1014033_20220526_225728,103813
1014033_20220531_123859,103814
1014033_20220531_164519,103815
1014033_20220605_022330,103816
1014033_20220608_232136,103817
1014033_20220610_130236,103818
1014033_20220614_120753,103819
1014033_20220616_232311,103820
1014033_20220620_170406,103821
1014033_20220702_032726,103822
1014033_20220702_033050,103823
1014033_20220702_034420,103824
1014033_20220703_233522,103825
1014033_20220718_182024,103826
1014033_20220729_153252,103827
1014033_20220730_100337,103828
1014033_20220808_162941,103829
1014033_20220818_163010,103830
1014033_20220821_034330,103831
1014033_20220825_190423,103832
1014033_20220904_073003,103833
1014033_20220905_174425,103834
1014033_20220922_183712,103835
1014033_20220923_194003,103836
1014033_20220925_001336,103837
1014033_20220927_101027,103838
1014033_20220929_204354,103839
1014033_20220930_203716,103840
1014033_20221015_195520,103841
1014033_20221027_160108,103842
1014033_20221027_191341,103843
1014033_20221027_191046,103844
1014033_20221103_233407,103845
1014033_20221107_000316,103846
1014033_20221111_042957,103847
1014033_20221117_100948,103848
1014033_20221119_194352,103849
1014033_20221122_171320,103850
1014033_20221126_080212,103851
1017946_20200114_011620,103852
1010036_20200115_170909,103853
1010036_20200906_080235,103854
1010036_20211117_013005,103855
1010036_20220129_090315,103856
1010036_20220522_013129,103857
1010036_20220522_063040,103858
1010036_20220523_035856,103859
1010036_20220527_114330,103860
1010036_20220727_103804,103861
1010036_20221117_160325,103862
1010036_20221120_232837,103863
1012056_20200115_065038,103864
1012056_20200124_141419,103865
1012056_20200124_220341,103866
1012056_20200124_153020,103867
1012056_20200124_210402,103868
1012056_20200124_155559,103869
1012056_20200124_152248,103870
1012056_20200124_225407,103871
1012056_20200124_152513,103872
1012056_20200124_152623,103873
1012056_20200124_200302,103874
1012056_20200124_155619,103875
1012056_20200124_232024,103876
1012056_20200124_204301,103877
1012056_20200125_002541,103878
1012056_20200125_031354,103879
1012056_20200125_031359,103880
1012056_20200125_032955,103881
1012056_20200125_031428,103882
1012056_20200125_030906,103883
1012056_20200125_031510,103884
1012056_20200125_031541,103885
1012056_20200125_033645,103886
1012056_20200125_031149,103887
1012056_20200125_051311,103888
1012056_20200125_031655,103889
1012056_20200127_190435,103890
1012056_20200127_173612,103891
1012056_20200127_162344,103892
1012056_20200128_180504,103893
1012056_20200312_222853,103894
1012056_20200313_023950,103895
1012056_20200313_023737,103896
1012056_20200313_051012,103897
1012056_20200407_165056,103898
1012056_20200407_182903,103899
1012056_20200407_182331,103900
1012056_20200510_034047,103901
1012056_20200716_144026,103902
1012056_20201014_215314,103903
1012056_20201109_021109,103904
1012056_20201210_031639,103905
1012056_20210206_204014,103906
1012056_20210207_023010,103907
1012056_20210313_112502,103908
1012056_20210405_171700,103909
1012056_20210405_190257,103910
1012056_20210405_135033,103911
1012056_20210417_125601,103912
1012056_20210417_134053,103913
1012056_20210628_043633,103914
1012056_20210728_211102,103915
1012056_20210728_213336,103916
1012056_20210907_191740,103917
1012056_20210907_194005,103918
1012056_20211125_162840,103919
1012056_20211130_042624,103920
1012056_20211221_033851,103921
1012056_20220323_224210,103922
1012056_20220529_224957,103923
1012056_20220529_211323,103924
1012056_20220529_220109,103925
1012056_20220529_193605,103926
1012056_20220529_191127,103927
1012056_20220529_194949,103928
1012056_20220530_041009,103929
1012056_20220530_015130,103930
1012056_20220530_022413,103931
1012056_20220530_031208,103932
1012056_20220530_094348,103933
1012056_20220530_063503,103934
1012056_20220530_064238,103935
1012056_20220530_070012,103936
1012056_20220530_040628,103937
1012056_20220628_175550,103938
1012056_20220812_044546,103939
1013712_20200115_213636,103940
1013712_20200322_171228,103941
1013712_20210320_010620,103942
1013712_20211005_023558,103943
1013712_20220115_151302,103944
1013712_20220517_102327,103945
1013712_20220914_084134,103946
1018833_20200116_001538,103947
1018833_20200715_232717,103948
1018833_20200715_232707,103949
1018833_20200829_072733,103950
1018833_20201020_044051,103951
1018833_20210322_002341,103952
1018833_20210628_223049,103953
1018833_20210706_115103,103954
1018833_20210818_131503,103955
1018833_20210929_154950,103956
1018833_20210930_000503,103957
1018833_20211016_221733,103958
1018833_20220308_010925,103959
1018833_20220619_201130,103960
1018833_20220722_103412,103961
1018833_20220806_200308,103962
1018833_20221003_011938,103963
1015736_20200117_211600,103964
1015736_20200204_095727,103965
1015736_20200206_033040,103966
1015736_20200229_121759,103967
1015736_20200310_155255,103968
1015736_20200318_230433,103969
1015736_20200318_230017,103970
1015736_20200318_232245,103971
1015736_20200318_222327,103972
1015736_20200319_025121,103973
1015736_20200319_010652,103974
1015736_20200319_100301,103975
1015736_20200319_091127,103976
1015736_20200319_012046,103977
1015736_20200319_000736,103978
1015736_20200320_062204,103979
1015736_20200322_204812,103980
1015736_20200328_210856,103981
1015736_20200330_172855,103982
1015736_20210827_093119,103983
1015736_20211007_140318,103984
1015736_20211030_194746,103985
1015736_20211221_192626,103986
1015736_20220228_031120,103987
1015736_20220328_202516,103988
1015736_20220529_171440,103989
1015736_20220802_091633,103990
1016610_20200117_094559,103991
1016610_20200430_060342,103992
1016610_20200510_034252,103993
1016610_20200510_053535,103994
1016610_20200510_052702,103995
1016610_20200510_035128,103996
1016610_20200615_025200,103997
1016610_20200914_090119,103998
1016610_20210214_150202,103999
1016610_20210325_000859,104000
1016610_20210523_082704,104001
1016610_20210822_054015,104002
1016610_20210828_191933,104003
1016610_20210904_032839,104004
1016610_20210916_093147,104005
1016610_20220223_011147,104006
1016610_20220510_232629,104007
1016610_20220530_072558,104008
1016610_20220626_005450,104009
1016610_20220628_012218,104010
1016610_20221019_215336,104011
1016610_20221107_030440,104012
1011662_20200118_210900,104013
1011662_20200212_082235,104014
1011662_20200402_130152,104015
1011662_20200403_081222,104016
1011662_20200405_170314,104017
1011662_20200408_103722,104018
1011662_20200422_184328,104019
1011662_20200506_230851,104020
1011662_20200523_112742,104021
1011662_20200628_061818,104022
1011662_20200913_193457,104023
1011662_20210118_023858,104024
1011662_20211006_062737,104025
1011662_20211021_070822,104026
1011662_20211205_211959,104027
1011662_20211220_230840,104028
1011662_20211222_100359,104029
1011662_20220301_050259,104030
1011662_20220323_134028,104031
1011662_20220718_042007,104032
1011662_20220729_113052,104033
1011662_20220807_002806,104034
1016069_20200118_121707,104035
1016069_20200126_232551,104036
1016069_20200323_091034,104037
1016069_20200327_070409,104038
1016069_20200331_011040,104039
1016069_20201220_095552,104040
1016069_20201220_095814,104041
1016069_20201220_104746,104042
1016069_20201220_101513,104043
1016069_20210222_123220,104044
1016069_20210411_030350,104045
1016069_20210420_230403,104046
1016069_20210420_225503,104047
1016069_20210424_183232,104048
1016069_20210629_210722,104049
1016069_20210629_095644,104050
1016069_20210701_212531,104051
1016069_20210702_075522,104052
1016069_20210703_163835,104053
1016069_20210714_144621,104054
1016069_20210917_100930,104055
1016069_20211118_094805,104056
1016069_20211201_104409,104057
1016069_20211217_225042,104058
1016069_20211225_061741,104059
1016069_20220414_200426,104060
1016069_20220616_204453,104061
1016069_20220726_155538,104062
1016069_20220928_131321,104063
1016069_20221023_235906,104064
1018391_20200118_124015,104065
1018391_20200123_013552,104066
1018391_20200125_021125,104067
1018391_20200129_182729,104068
1018391_20200204_081654,104069
1018391_20200208_002418,104070
1018391_20200212_160741,104071
1018391_20200309_210910,104072
1018391_20200323_100801,104073
1018391_20200323_101240,104074
1018391_20200404_215054,104075
1018391_20200405_055622,104076
1018391_20200406_175848,104077
1018391_20200410_160513,104078
1018391_20200528_092223,104079
1018391_20200603_022633,104080
1018391_20200620_143212,104081
1018391_20200727_031818,104082
1018391_20200728_122735,104083
1018391_20200823_133249,104084
1018391_20200916_074627,104085
1018391_20201029_190243,104086
1018391_20201227_215134,104087
1018391_20201228_230156,104088
1018391_20210110_032249,104089
1018391_20210202_153409,104090
1018391_20210219_050119,104091
1018391_20210406_003257,104092
1018391_20210414_083728,104093
1018391_20210427_153802,104094
1018391_20210509_014327,104095
1018391_20210529_033711,104096
1018391_20210602_040020,104097
1018391_20210607_012200,104098
1018391_20210620_041215,104099
1018391_20210711_081713,104100
1018391_20210812_053727,104101
1018391_20210901_193135,104102
1018391_20210907_084028,104103
1018391_20210909_160907,104104
1018391_20210913_185128,104105
1018391_20211102_002550,104106
1018391_20211112_150552,104107
1018391_20211121_125005,104108
1018391_20211205_115447,104109
1018391_20211220_203355,104110
1018391_20211220_225749,104111
1018391_20211220_212919,104112
1018391_20211220_213949,104113
1018391_20211220_225113,104114
1018391_20211220_213249,104115
1018391_20211220_081844,104116
1018391_20211220_231622,104117
1018391_20211220_213903,104118
1018391_20211220_214253,104119
1018391_20211220_211423,104120
1018391_20211220_220331,104121
1018391_20211220_230438,104122
1018391_20211220_201907,104123
1018391_20211220_210927,104124
1018391_20211220_230507,104125
1018391_20211220_230800,104126
1018391_20211220_224916,104127
1018391_20211220_231822,104128
1018391_20211220_212941,104129
1018391_20211220_214430,104130
1018391_20211220_223010,104131
1018391_20211220_213600,104132
1018391_20211220_212443,104133
1018391_20211221_060442,104134
1018391_20211221_081730,104135
1018391_20211221_070606,104136
1018391_20211221_104408,104137
1018391_20211221_044407,104138
1018391_20211221_231550,104139
1018391_20211221_001208,104140
1018391_20211221_114254,104141
1018391_20211221_035003,104142
1018391_20211221_045200,104143
1018391_20211221_053618,104144
1018391_20211221_012518,104145
1018391_20211221_063341,104146
1018391_20211221_031002,104147
1018391_20211221_063455,104148
1018391_20211221_072443,104149
1018391_20211221_015859,104150
1018391_20211221_011215,104151
1018391_20211221_105746,104152
1018391_20211221_130359,104153
1018391_20211221_034557,104154
1018391_20211221_202033,104155
1018391_20211221_051658,104156
1018391_20211221_032207,104157
1018391_20211221_080024,104158
1018391_20211221_060813,104159
1018391_20211221_030234,104160
1018391_20211221_004847,104161
1018391_20211221_182153,104162
1018391_20211222_205840,104163
1018391_20211222_001559,104164
1018391_20211222_072929,104165
1018391_20211222_212256,104166
1018391_20211222_045857,104167
1018391_20211222_042341,104168
1018391_20211222_033904,104169
1018391_20211222_121842,104170
1018391_20211222_050146,104171
1018391_20211222_205628,104172
1018391_20211222_023641,104173
1018391_20211222_013559,104174
1018391_20211223_112223,104175
1018391_20211223_162541,104176
1018391_20211223_064314,104177
1018391_20211223_230011,104178
1018391_20211223_092918,104179
1018391_20211224_042009,104180
1018391_20211224_224728,104181
1018391_20211224_023125,104182
1018391_20211224_174028,104183
1018391_20211224_184132,104184
1018391_20211224_184252,104185
1018391_20211225_142327,104186
1018391_20211225_065545,104187
1018391_20211225_053513,104188
1018391_20211226_160134,104189
1018391_20211226_181952,104190
1018391_20211226_042241,104191
1018391_20211226_161054,104192
1018391_20211227_091808,104193
1018391_20211227_210009,104194
1018391_20211227_135624,104195
1018391_20211227_053631,104196
1018391_20211227_063000,104197
1018391_20211227_130457,104198
1018391_20211227_033058,104199
1018391_20211227_034319,104200
1018391_20211227_032223,104201
1018391_20211227_045401,104202
1018391_20211228_123854,104203
1018391_20211228_072516,104204
1018391_20211228_043655,104205
1018391_20211228_054125,104206
1018391_20211229_120643,104207
1018391_20211229_084231,104208
1018391_20211229_121240,104209
1018391_20211230_023023,104210
1018391_20211230_160207,104211
1018391_20211231_180452,104212
1018391_20211231_194246,104213
1018391_20211231_054705,104214
1018391_20220101_080550,104215
1018391_20220102_213500,104216
1018391_20220102_083854,104217
1018391_20220103_235921,104218
1018391_20220105_181100,104219
1018391_20220105_104239,104220
1018391_20220105_165716,104221
1018391_20220106_125525,104222
1018391_20220109_012053,104223
1018391_20220110_071559,104224
1018391_20220110_010720,104225
1018391_20220110_061608,104226
1018391_20220111_045919,104227
1018391_20220111_125845,104228
1018391_20220112_072641,104229
1018391_20220112_162836,104230
1018391_20220112_013813,104231
1018391_20220112_184023,104232
1018391_20220115_052046,104233
1018391_20220115_091122,104234
1018391_20220116_232801,104235
1018391_20220116_211922,104236
1018391_20220119_153454,104237
1018391_20220120_012209,104238
1018391_20220124_074345,104239
1018391_20220125_044154,104240
1018391_20220126_080519,104241
1018391_20220129_234214,104242
1018391_20220131_001557,104243
1018391_20220131_150752,104244
1018391_20220201_090220,104245
1018391_20220201_044225,104246
1018391_20220202_020840,104247
1018391_20220209_101142,104248
1018391_20220211_135847,104249
1018391_20220211_150229,104250
1018391_20220212_062348,104251
1018391_20220213_021458,104252
1018391_20220216_001051,104253
1018391_20220216_203740,104254
1018391_20220217_123444,104255
1018391_20220217_194740,104256
1018391_20220217_063752,104257
1018391_20220219_165609,104258
1018391_20220225_035245,104259
1018391_20220226_210805,104260
1018391_20220228_162601,104261
1018391_20220306_100124,104262
1018391_20220306_035127,104263
1018391_20220307_221656,104264
1018391_20220312_061032,104265
1018391_20220317_042306,104266
1018391_20220402_142934,104267
1018391_20220402_052028,104268
1018391_20220403_004640,104269
1018391_20220408_042726,104270
1018391_20220415_114931,104271
1018391_20220419_113111,104272
1018391_20220424_054636,104273
1018391_20220425_011851,104274
1018391_20220428_040559,104275
1018391_20220502_120246,104276
1018391_20220503_084542,104277
1018391_20220513_175015,104278
1018391_20220514_182341,104279
1018391_20220516_125847,104280
1018391_20220518_051022,104281
1018391_20220528_054312,104282
1018391_20220528_034110,104283
1018391_20220609_004452,104284
1018391_20220612_110314,104285
1018391_20220613_225922,104286
1018391_20220616_162656,104287
1018391_20220619_074736,104288
1018391_20220705_090021,104289
1018391_20220725_181717,104290
1018391_20220726_003340,104291
1018391_20220728_180324,104292
1018391_20220812_083737,104293
1018391_20220822_050510,104294
1018391_20220826_214816,104295
1018391_20220830_030418,104296
1018391_20220916_044317,104297
1018391_20220924_201642,104298
1018391_20220924_214546,104299
1018391_20220924_225046,104300
1018391_20221003_022513,104301
1018391_20221009_104557,104302
1018391_20221009_081353,104303
1018391_20221010_212223,104304
1018391_20221015_052326,104305
1018391_20221023_045104,104306
1018391_20221105_122153,104307
1018391_20221112_125710,104308
1018391_20221116_003950,104309
1018391_20221121_155840,104310
1018391_20221122_232122,104311
1018391_20221125_102552,104312
1011584_20200119_160526,104313
1011584_20200121_233847,104314
1011584_20200229_063204,104315
1011584_20200229_051055,104316
1011584_20200309_051839,104317
1011584_20200309_040543,104318
1011584_20200318_224654,104319
1011584_20200407_203732,104320
1011584_20200501_053202,104321
1011584_20200509_014125,104322
1011584_20200510_153029,104323
1011584_20200519_214846,104324
1011584_20200613_150828,104325
1011584_20200719_065923,104326
1011584_20200819_205143,104327
1011584_20200825_001444,104328
1011584_20210218_074128,104329
1011584_20210416_000946,104330
1011584_20210508_092014,104331
1011584_20210603_131422,104332
1011584_20210607_113652,104333
1011584_20210621_204045,104334
1011584_20210704_091756,104335
1011584_20210705_141018,104336
1011584_20210708_002105,104337
1011584_20210709_085826,104338
1011584_20210719_142336,104339
1011584_20210721_104521,104340
1011584_20210722_170320,104341
1011584_20210802_100105,104342
1011584_20210805_082233,104343
1011584_20210810_102056,104344
1011584_20210810_165904,104345
1011584_20210812_220524,104346
1011584_20210828_082559,104347
1011584_20210909_172927,104348
1011584_20210911_034009,104349
1011584_20210922_031106,104350
1011584_20210922_031056,104351
1011584_20210922_043400,104352
1011584_20210925_022647,104353
1011584_20211025_141137,104354
1011584_20211031_060624,104355
1011584_20211031_061151,104356
1011584_20211120_072409,104357
1011584_20211218_092532,104358
1011584_20211218_223954,104359
1011584_20211218_090950,104360
1011584_20211218_113444,104361
1011584_20211219_010211,104362
1011584_20211219_010402,104363
1011584_20211220_215257,104364
1011584_20211220_202046,104365
1011584_20211224_212701,104366
1011584_20220110_175203,104367
1011584_20220118_195740,104368
1011584_20220123_141428,104369
1011584_20220218_032635,104370
1011584_20220303_005153,104371
1011584_20220320_120654,104372
1011584_20220322_205634,104373
1011584_20220325_112621,104374
1011584_20220416_012053,104375
1011584_20220502_194344,104376
1011584_20220503_030032,104377
1011584_20220516_002207,104378
1011584_20220627_191156,104379
1011584_20220706_072301,104380
1011584_20220807_182553,104381
1011584_20220807_095704,104382
1011584_20220911_184152,104383
1011584_20221004_075017,104384
1011584_20221019_231027,104385
1011584_20221119_225652,104386
1012684_20200120_004555,104387
1012684_20200712_095258,104388
1012684_20210912_025012,104389
1012684_20211118_082241,104390
1012684_20211220_181113,104391
1012684_20220516_055720,104392
1012684_20220831_153107,104393
1008280_20200121_181716,104394
1008280_20200121_182932,104395
1008280_20200124_192924,104396
1008280_20200506_212900,104397
1008280_20200609_102809,104398
1008280_20210615_044444,104399
1008280_20210828_194605,104400
1008280_20210829_015652,104401
1008280_20211120_111152,104402
1008280_20211220_210459,104403
1008280_20211220_223406,104404
1008280_20211220_205333,104405
1008280_20211220_202628,104406
1008280_20211220_213111,104407
1008280_20211221_064329,104408
1008280_20211221_091225,104409
1008280_20211221_000811,104410
1008280_20211221_193139,104411
1008280_20211221_115909,104412
1008280_20211222_080837,104413
1008280_20211223_151103,104414
1008280_20211223_095806,104415
1008280_20211223_124830,104416
1008280_20220103_095709,104417
1008280_20220104_164219,104418
1008280_20220106_191341,104419
1008280_20220114_001725,104420
1008280_20220114_042658,104421
1008280_20220116_230827,104422
1008280_20220126_225855,104423
1008280_20220127_005713,104424
1008280_20220414_190814,104425
1008280_20221119_204405,104426
1015135_20200121_221809,104427
1015135_20200227_055801,104428
1015135_20200303_170624,104429
1015135_20200303_163904,104430
1015135_20200303_183337,104431
1015135_20200315_181704,104432
1015135_20200318_224750,104433
1015135_20200319_023612,104434
1015135_20200319_193840,104435
1015135_20200401_234411,104436
1015135_20200402_021312,104437
1015135_20200428_030148,104438
1015135_20200429_131210,104439
1015135_20200506_113445,104440
1015135_20200512_173910,104441
1015135_20200517_183225,104442
1015135_20200718_033125,104443
1015135_20200802_091003,104444
1015135_20200914_081929,104445
1015135_20210120_022614,104446
1015135_20210526_112445,104447
1015135_20210612_040156,104448
1015135_20210711_102748,104449
1015135_20210724_205437,104450
1015135_20210803_070226,104451
1015135_20210815_023511,104452
1015135_20210919_003356,104453
1015135_20210920_094115,104454
1015135_20211019_065749,104455
1015135_20211019_045403,104456
1015135_20211019_045839,104457
1015135_20211019_051630,104458
1015135_20211224_184946,104459
1015135_20211231_211150,104460
1015135_20220107_062851,104461
1015135_20220118_102824,104462
1015135_20220125_090426,104463
1015135_20220125_164633,104464
1015135_20220214_224052,104465
1015135_20220222_011900,104466
1015135_20220311_175839,104467
1015135_20220510_223333,104468
1015135_20220606_100755,104469
1015135_20220630_221733,104470
1015135_20220703_151300,104471
1015135_20220715_121722,104472
1015135_20220728_110450,104473
1015135_20220815_111303,104474
1015135_20220816_004924,104475
1015135_20220816_041736,104476
1015135_20220829_015756,104477
1015135_20220903_190552,104478
1015135_20221022_102612,104479
1018866_20200121_005155,104480
1018866_20200318_230826,104481
1018866_20200526_002840,104482
1018866_20200601_053212,104483
1018866_20200622_020211,104484
1018866_20200729_000637,104485
1018866_20200811_053829,104486
1018866_20201008_015557,104487
1018866_20210307_114030,104488
1018866_20210422_202741,104489
1018866_20210506_211708,104490
1018866_20210509_181540,104491
1018866_20210522_231419,104492
1018866_20210523_031809,104493
1018866_20210609_142349,104494
1018866_20210618_221934,104495
1018866_20210820_053515,104496
1018866_20210911_030021,104497
1018866_20210911_030104,104498
1018866_20211116_090022,104499
1018866_20211210_122558,104500
1018866_20211210_123552,104501
1018866_20211220_121143,104502
1018866_20220528_001231,104503
1018866_20220625_032515,104504
1018866_20220924_220706,104505
1018866_20221015_080722,104506
1018866_20221112_181926,104507
1018866_20221113_222858,104508
1018866_20221113_222136,104509
nc73829011_20200121_181613,104510
nc73829011_20200320_050218,104511
nc73829011_20210116_184224,104512
nc73888396_20200121_030013,104513
nc73888396_20200324_200740,104514
nc73888396_20200727_083854,104515
nc73888396_20210506_160356,104516
nc73888396_20210506_162626,104517
nc73888396_20210521_000912,104518
nc73888396_20210705_102654,104519
nc73888396_20211220_214027,104520
nc73888396_20220106_010841,104521
nc73888396_20220810_045415,104522
1016249_20200123_213241,104523
1016249_20200206_194545,104524
1016249_20210221_200306,104525
1016249_20210914_195353,104526
1016249_20211225_024958,104527
1016783_20200123_213415,104528
1016783_20200314_090638,104529
1016783_20200705_074608,104530
1016783_20210610_160544,104531
1016783_20211221_171009,104532
1016783_20220417_203147,104533
1016783_20220515_013515,104534
1016783_20220924_212845,104535
1018733_20200123_024622,104536
1018733_20200123_014025,104537
1018733_20200124_125818,104538
1018733_20200315_005554,104539
1018733_20200319_130223,104540
1018733_20200404_125514,104541
1018733_20200809_032401,104542
1018733_20200809_000042,104543
1018733_20200906_191519,104544
1018733_20201120_230537,104545
1018733_20201208_195059,104546
1018733_20210113_202755,104547
1018733_20210123_180758,104548
1018733_20210204_080406,104549
1018733_20210208_104243,104550
1018733_20210219_134936,104551
1018733_20210428_095653,104552
1018733_20210509_164450,104553
1018733_20210611_133737,104554
1018733_20210813_030314,104555
1018733_20210830_051112,104556
1018733_20211013_001157,104557
1018733_20211015_233600,104558
1018733_20211220_210009,104559
1018733_20211220_212702,104560
1018733_20211221_041142,104561
1018733_20211221_052713,104562
1018733_20211221_095444,104563
1018733_20211221_034518,104564
1018733_20211221_143211,104565
1018733_20211221_074938,104566
1018733_20211221_003329,104567
1018733_20211221_014747,104568
1018733_20211221_073644,104569
1018733_20211230_170259,104570
1018733_20220505_195840,104571
1018733_20220805_210256,104572
1018733_20220829_034727,104573
1018850_20200123_075448,104574
1018368_20200124_070055,104575
1018368_20200125_183922,104576
1018368_20200318_223158,104577
1018368_20200519_232826,104578
1018368_20200519_164938,104579
1018368_20200522_081758,104580
1018368_20200527_234631,104581
1018368_20200602_054540,104582
1018368_20200626_160839,104583
1018368_20200724_165201,104584
1018368_20200724_160748,104585
1018368_20200809_073917,104586
1018368_20200825_232700,104587
1018368_20200826_172501,104588
1018368_20200909_014924,104589
1018368_20201015_053454,104590
1018368_20201015_053544,104591
1018368_20201024_180950,104592
1018368_20201106_011733,104593
1018368_20201110_190137,104594
1018368_20210115_141647,104595
1018368_20210124_210731,104596
1018368_20210311_021439,104597
1018368_20210315_192511,104598
1018368_20210325_234343,104599
1018368_20210326_111724,104600
1018368_20210402_044259,104601
1018368_20210409_024410,104602
1018368_20210416_024656,104603
1018368_20210426_061910,104604
1018368_20210511_093931,104605
1018368_20210519_074312,104606
1018368_20210522_234939,104607
1018368_20210616_212814,104608
1018368_20210717_135812,104609
1018368_20210717_165133,104610
1018368_20210718_173030,104611
1018368_20210719_231126,104612
1018368_20210721_104825,104613
1018368_20210721_063800,104614
1018368_20210721_085806,104615
1018368_20210726_150634,104616
1018368_20210727_181736,104617
1018368_20210831_093403,104618
1018368_20210831_110913,104619
1018368_20210901_084232,104620
1018368_20210902_125139,104621
1018368_20210916_102417,104622
1018368_20210926_060623,104623
1018368_20211015_003256,104624
1018368_20211113_052759,104625
1018368_20211122_063257,104626
1018368_20211204_065431,104627
1018368_20211205_021030,104628
1018368_20211207_013744,104629
1018368_20211207_000541,104630
1018368_20220116_071003,104631
1018368_20220124_182731,104632
1018368_20220215_160009,104633
1018368_20220307_052729,104634
1018368_20220401_150419,104635
1018368_20220401_144948,104636
1018368_20220416_212236,104637
1018368_20220419_113734,104638
1018368_20220427_120331,104639
1018368_20220605_131057,104640
1018368_20220614_183326,104641
1018368_20220701_002605,104642
1018368_20220702_002949,104643
1018368_20220810_105039,104644
1018368_20220908_221339,104645
1018368_20220910_230052,104646
1018368_20220914_193958,104647
1018368_20220920_060318,104648
1018368_20220930_081533,104649
1018368_20221010_103241,104650
1018368_20221025_010106,104651
1018368_20221025_014612,104652
1018368_20221026_175242,104653
1018368_20221107_144616,104654
nc73818801_20200124_220809,104655
nc73818801_20200127_110847,104656
nc73818801_20200309_105118,104657
nc73818801_20200318_231602,104658
nc73818801_20200320_110912,104659
nc73818801_20200510_154438,104660
nc73818801_20200608_172151,104661
nc73818801_20201230_230358,104662
nc73818801_20201231_131257,104663
nc73818801_20210612_160937,104664
nc73818801_20210624_144508,104665
nc73818801_20210627_233109,104666
nc73818801_20210630_185719,104667
nc73818801_20210706_101701,104668
nc73818801_20210715_074017,104669
nc73818801_20210721_112419,104670
nc73818801_20210728_225152,104671
nc73818801_20210817_000625,104672
nc73818801_20210817_061532,104673
nc73818801_20210914_143244,104674
nc73818801_20210926_003950,104675
nc73818801_20211023_030005,104676
nc73818801_20211103_104027,104677
nc73818801_20211118_061711,104678
nc73818801_20211123_032503,104679
nc73818801_20211220_225730,104680
nc73818801_20211222_014907,104681
nc73818801_20211222_020605,104682
nc73818801_20220118_004435,104683
nc73818801_20220416_083443,104684
nc73818801_20220421_005915,104685
nc73818801_20220627_174659,104686
nc73818801_20220701_123954,104687
nc73818801_20220808_145717,104688
nc73818801_20220824_103951,104689
nc73818801_20220827_060243,104690
nc73818801_20220908_072502,104691
nc73818801_20220924_224250,104692
nc73873665_20200124_013902,104693
nc73873665_20200221_011207,104694
nc73873665_20201230_040808,104695
nc73873665_20210101_152043,104696
nc73873665_20210101_062042,104697
nc73873665_20210516_022538,104698
nc73873665_20210717_203305,104699
nc73873665_20210721_014235,104700
nc73873665_20210805_063421,104701
nc73873665_20210911_113441,104702
nc73873665_20210920_164826,104703
nc73873665_20211103_122718,104704
nc73873665_20220220_062403,104705
nc73873665_20220510_213212,104706
nc73873665_20220511_065321,104707
nc73873665_20220511_094349,104708
nc73873665_20220511_141232,104709
nc73873665_20220511_141226,104710
nc73873665_20220512_005420,104711
nc73873665_20220806_082030,104712
nc73873665_20220807_005152,104713
nc73873665_20220921_231531,104714
nc73873665_20220922_070912,104715
nc73873665_20220922_013536,104716
nc73873665_20220926_122149,104717
1009653_20200125_192831,104718
1009653_20200216_042944,104719
1009653_20201022_213251,104720
1009653_20220809_154436,104721
1014050_20200125_104051,104722
1014050_20201105_001702,104723
1014050_20210531_160709,104724
1014050_20210801_171421,104725
1014050_20210801_171502,104726
1014050_20210802_024943,104727
1014050_20210812_010510,104728
1014050_20210812_010035,104729
1014050_20210812_040613,104730
1014050_20210812_011144,104731
1014050_20210812_043121,104732
1014050_20210812_011156,104733
1014050_20210812_012914,104734
1014050_20210812_010620,104735
1014050_20210812_042621,104736
1014050_20210812_012044,104737
1014050_20210812_013851,104738
1014050_20210812_014019,104739
1014050_20210812_010236,104740
1014050_20210812_011049,104741
1014050_20210812_033406,104742
1014050_20210812_020824,104743
1014050_20210812_011903,104744
1014050_20210812_010103,104745
1014050_20210812_011720,104746
1014050_20210812_011520,104747
1014050_20210812_070708,104748
1014050_20210828_041840,104749
1014050_20210909_145145,104750
1014050_20210925_192933,104751
1014050_20210925_194125,104752
1014050_20210925_200429,104753
1014050_20210925_194155,104754
1014050_20210925_213136,104755
1014050_20210925_195759,104756
1014050_20210925_192120,104757
1014050_20210925_215047,104758
1014050_20210925_194214,104759
1014050_20210925_193041,104760
1014050_20210925_211906,104761
1014050_20210925_211056,104762
1014050_20210925_195957,104763
1014050_20210925_194515,104764
1014050_20210926_002357,104765
1014050_20210926_044858,104766
1014050_20210926_044756,104767
1014050_20210926_045859,104768
1014050_20210926_030804,104769
1014050_20210926_064701,104770
1014050_20210926_162759,104771
1014050_20210926_030846,104772
1014050_20210926_044502,104773
1014050_20210926_045450,104774
1014050_20210926_045744,104775
1014050_20210926_051815,104776
1014050_20210926_054820,104777
1014050_20210926_045220,104778
1014050_20210927_033824,104779
1014050_20211002_135843,104780
1014050_20211002_135052,104781
1014050_20211002_160332,104782
1014050_20211003_230800,104783
1014050_20211006_020955,104784
1014050_20211010_083652,104785
1014050_20211010_100517,104786
1014050_20211010_095651,104787
1014050_20211010_115200,104788
1014050_20211010_095657,104789
1014050_20211013_030039,104790
1014050_20211018_050910,104791
1014050_20211018_051029,104792
1014050_20211018_050957,104793
1014050_20211030_105931,104794
1014050_20211030_111029,104795
1014050_20211030_111507,104796
1014050_20211107_194806,104797
1014050_20220115_092619,104798
1014050_20220314_010406,104799
1014050_20220325_132832,104800
1014050_20220325_220611,104801
1014050_20220325_075927,104802
1014050_20220325_140859,104803
1014050_20220325_135050,104804
1014050_20220325_082332,104805
1014050_20220325_142037,104806
1014050_20220325_084528,104807
1014050_20220325_152424,104808
1014050_20220325_093123,104809
1014050_20220325_122514,104810
1014050_20220325_080950,104811
1014050_20220325_075918,104812
1014050_20220325_161327,104813
1014050_20220325_115242,104814
1014050_20220325_092632,104815
1014050_20220325_140830,104816
1014050_20220325_141650,104817
1014050_20220325_150605,104818
1014050_20220325_140623,104819
1014050_20220325_142444,104820
1014050_20220325_135210,104821
1014050_20220325_140836,104822
1014050_20220325_135333,104823
1014050_20220326_100754,104824
1014050_20220327_032136,104825
1014050_20220606_065428,104826
1014050_20220606_070727,104827
1014050_20220626_061143,104828
1014050_20220627_151826,104829
1014050_20220627_155133,104830
1014050_20220627_151954,104831
1014050_20220802_105034,104832
1014050_20220815_002600,104833
1014050_20220922_060732,104834
1014050_20220922_073622,104835
1014050_20221119_141954,104836
1014050_20221119_133404,104837
nc73863320_20200125_142047,104838
nc73863320_20200125_142223,104839
nc73863320_20200301_063708,104840
nc73863320_20200306_181416,104841
nc73863320_20200313_134440,104842
nc73863320_20200523_161905,104843
nc73863320_20200524_120713,104844
nc73863320_20200605_120020,104845
nc73863320_20200921_074744,104846
nc73863320_20201206_163418,104847
nc73863320_20201225_115538,104848
nc73863320_20201225_142557,104849
nc73863320_20210113_100021,104850
nc73863320_20210205_112409,104851
nc73863320_20210207_130925,104852
nc73863320_20210717_043031,104853
nc73863320_20210917_034929,104854
nc73863320_20211023_103654,104855
nc73863320_20211030_072642,104856
nc73863320_20211110_221207,104857
nc73863320_20211117_115834,104858
nc73863320_20211220_221624,104859
nc73863320_20211220_234106,104860
nc73863320_20211220_221401,104861
nc73863320_20211221_000044,104862
nc73863320_20211221_073207,104863
nc73863320_20211221_073238,104864
nc73863320_20211221_041131,104865
nc73863320_20211221_131235,104866
nc73863320_20211221_035814,104867
nc73863320_20211221_073540,104868
nc73863320_20211221_055926,104869
nc73863320_20211221_024156,104870
nc73863320_20211221_071056,104871
nc73863320_20211221_053536,104872
nc73863320_20211221_152237,104873
nc73863320_20211221_134027,104874
nc73863320_20211222_022536,104875
nc73863320_20211222_044341,104876
nc73863320_20211222_153744,104877
nc73863320_20211223_132302,104878
nc73863320_20211224_232832,104879
nc73863320_20211224_033118,104880
nc73863320_20211231_170404,104881
nc73863320_20220117_185113,104882
nc73863320_20220126_100118,104883
nc73863320_20220128_172149,104884
nc73863320_20220128_155719,104885
nc73863320_20220128_154835,104886
nc73863320_20220207_194706,104887
nc73863320_20220222_015945,104888
nc73863320_20220902_172849,104889
nc73863320_20220921_135052,104890
nc73883011_20200125_014548,104891
nc73883011_20200125_002104,104892
nc73883011_20200206_091640,104893
nc73883011_20200206_100118,104894
nc73883011_20210102_205955,104895
nc73883011_20211221_071837,104896
nc73883011_20211221_001633,104897
nc73883011_20220314_121644,104898
nc73883011_20220529_234848,104899
nc73883011_20220630_133413,104900
nc73883011_20220805_192355,104901
1017521_20200126_181319,104902
1017521_20200218_190832,104903
1017521_20200331_163934,104904
1017521_20200622_152524,104905
1017521_20200622_112450,104906
1017521_20201030_060332,104907
1017521_20210316_192130,104908
1017521_20210328_211500,104909
1017521_20210424_093240,104910
1017521_20210520_192147,104911
1017521_20210525_122448,104912
1017521_20210701_221535,104913
1017521_20210720_042829,104914
1017521_20210801_162639,104915
1017521_20210805_082801,104916
1017521_20210917_151151,104917
1017521_20211005_182158,104918
1017521_20211016_031923,104919
1017521_20211110_141641,104920
1017521_20211128_092806,104921
1017521_20211220_205003,104922
1017521_20211222_055202,104923
1017521_20211230_231732,104924
1017521_20220114_123352,104925
1017521_20220117_021119,104926
1017521_20220118_060422,104927
1017521_20220130_020657,104928
1017521_20220130_022321,104929
1017521_20220227_194439,104930
1017521_20220303_161852,104931
1017521_20220305_005853,104932
1017521_20220325_043309,104933
1017521_20220601_121016,104934
1017521_20220702_060318,104935
1017521_20220727_021747,104936
1017521_20220925_070911,104937
1017521_20221018_232537,104938
1017521_20221121_165028,104939
nc73847481_20200127_095113,104940
nc73847481_20200220_063259,104941
nc73847481_20200406_092120,104942
nc73847481_20201217_164108,104943
nc73847481_20201219_141819,104944
nc73847481_20210524_004045,104945
nc73847481_20211106_033812,104946
nc73890435_20200127_033337,104947
nc73890435_20200315_110854,104948
nc73890435_20200315_104025,104949
nc73890435_20200324_224056,104950
nc73890435_20200329_195048,104951
nc73890435_20200520_211040,104952
nc73890435_20200528_033049,104953
nc73890435_20200611_035051,104954
nc73890435_20200614_084104,104955
nc73890435_20200714_072547,104956
nc73890435_20200817_223419,104957
nc73890435_20200910_020447,104958
nc73890435_20200912_104000,104959
nc73890435_20200919_003331,104960
nc73890435_20200923_093147,104961
nc73890435_20200929_095755,104962
nc73890435_20201123_062333,104963
nc73890435_20201208_164253,104964
nc73890435_20201210_194914,104965
nc73890435_20201222_143510,104966
nc73890435_20210306_125427,104967
nc73890435_20210506_205808,104968
nc73890435_20210520_005018,104969
nc73890435_20210523_232521,104970
nc73890435_20210531_150322,104971
nc73890435_20210611_083133,104972
nc73890435_20210620_014122,104973
nc73890435_20210720_150521,104974
nc73890435_20210828_192144,104975
nc73890435_20210927_010332,104976
nc73890435_20211006_220324,104977
nc73890435_20211101_035653,104978
nc73890435_20220128_115221,104979
nc73890435_20220206_215037,104980
nc73890435_20220311_094329,104981
nc73890435_20220403_082439,104982
nc73890435_20220419_221625,104983
nc73890435_20220509_215208,104984
nc73890435_20220510_215013,104985
nc73890435_20220609_223547,104986
nc73890435_20220617_102217,104987
nc73890435_20220617_104626,104988
nc73890435_20220617_104735,104989
nc73890435_20220624_050453,104990
nc73890435_20220727_045413,104991
nc73890435_20220729_111901,104992
nc73890435_20220811_043915,104993
nc73890435_20220817_082546,104994
nc73890435_20220830_231116,104995
nc73890435_20221011_172322,104996
nc73890435_20221011_140249,104997
nc73890435_20221011_173039,104998
nc73890435_20221024_200538,104999
nc73890435_20221114_001750,105000
nc73890435_20221120_202039,105001
nc73890435_20221127_040020,105002
1017852_20200128_230402,105003
1017852_20200324_005531,105004
1017852_20200325_132815,105005
1017852_20200410_203617,105006
1017852_20200414_025734,105007
1017852_20201126_022813,105008
1017852_20210620_092912,105009
1017852_20210815_001752,105010
1017852_20210914_193356,105011
1017852_20211018_125452,105012
1017852_20211122_212730,105013
1017852_20211123_022244,105014
1017852_20211124_023411,105015
1017852_20211126_143136,105016
1017852_20211129_212516,105017
1017852_20211209_213932,105018
1017852_20211217_162512,105019
1017852_20211221_034222,105020
1017852_20211221_032424,105021
1017852_20211221_094226,105022
1017852_20211221_145906,105023
1017852_20211221_021337,105024
1017852_20211221_051011,105025
1017852_20211221_165206,105026
1017852_20211221_141329,105027
1017852_20211221_001459,105028
1017852_20211221_161737,105029
1017852_20211221_050054,105030
1017852_20211221_123845,105031
1017852_20211221_104549,105032
1017852_20211221_091354,105033
1017852_20211221_014815,105034
1017852_20211221_050934,105035
1017852_20211221_041908,105036
1017852_20211225_045853,105037
1017852_20211226_075823,105038
1017852_20211227_054354,105039
1017852_20211228_104457,105040
1017852_20220211_203536,105041
1017852_20220329_233304,105042
1017852_20220421_004910,105043
1017852_20220612_014038,105044
1017852_20220921_235328,105045
1017852_20221003_210537,105046
nc73827581_20200128_130409,105047
nc73827581_20211003_161007,105048
nc73827581_20211005_074933,105049
nc73827581_20211005_075142,105050
nc73827581_20211007_164030,105051
nc73827581_20211007_054752,105052
nc73827581_20211007_191622,105053
nc73827581_20211007_031748,105054
nc73827581_20211007_031210,105055
nc73827581_20211007_121050,105056
nc73827581_20211007_100341,105057
nc73827581_20211007_124405,105058
nc73827581_20211007_024011,105059
nc73827581_20211007_112214,105060
nc73827581_20211007_075558,105061
nc73827581_20211007_102801,105062
nc73827581_20211007_103045,105063
nc73827581_20211007_133702,105064
nc73827581_20211007_055019,105065
nc73827581_20211008_013416,105066
1010994_20200129_172904,105067
1010994_20211107_111907,105068
1010994_20221002_083052,105069
1013423_20200129_200223,105070
1013423_20200129_081218,105071
1013423_20200219_062352,105072
1013423_20200219_024908,105073
1013423_20200226_092118,105074
1013423_20200227_011534,105075
1013423_20200314_212633,105076
1013423_20200328_170717,105077
1013423_20200508_115720,105078
1013423_20200523_141048,105079
1013423_20200526_111744,105080
1013423_20200601_130356,105081
1013423_20200601_171514,105082
1013423_20200609_095942,105083
1013423_20200609_024707,105084
1013423_20200705_014916,105085
1013423_20200718_002523,105086
1013423_20200726_124507,105087
1013423_20200809_000425,105088
1013423_20200819_100747,105089
1013423_20200907_010536,105090
1013423_20200920_203323,105091
1013423_20201016_152553,105092
1013423_20201030_052453,105093
1013423_20201212_143659,105094
1013423_20201218_235704,105095
1013423_20201225_221129,105096
1013423_20201231_105726,105097
1013423_20210105_010730,105098
1013423_20210106_044135,105099
1013423_20210121_015143,105100
1013423_20210122_031843,105101
1013423_20210129_174954,105102
1013423_20210221_085851,105103
1013423_20210307_023945,105104
1013423_20210310_212701,105105
1013423_20210310_214644,105106
1013423_20210331_083048,105107
1013423_20210402_090040,105108
1013423_20210402_125212,105109
1013423_20210402_135132,105110
1013423_20210402_103049,105111
1013423_20210402_093122,105112
1013423_20210403_050841,105113
1013423_20210405_081510,105114
1013423_20210405_203412,105115
1013423_20210405_202726,105116
1013423_20210406_063530,105117
1013423_20210407_221012,105118
1013423_20210408_042520,105119
1013423_20210410_010055,105120
1013423_20210411_225220,105121
1013423_20210419_055954,105122
1013423_20210514_181350,105123
1013423_20210518_084712,105124
1013423_20210525_143535,105125
1013423_20210608_040410,105126
1013423_20210613_085511,105127
1013423_20210630_203648,105128
1013423_20210701_171611,105129
1013423_20210714_202359,105130
1013423_20210718_032237,105131
1013423_20210725_035732,105132
1013423_20210725_043402,105133
1013423_20210725_103436,105134
1013423_20210725_082937,105135
1013423_20210801_130912,105136
1013423_20210804_081532,105137
1013423_20210817_000608,105138
1013423_20211011_113059,105139
1013423_20211012_131342,105140
1013423_20211028_164357,105141
1013423_20211127_160625,105142
1013423_20211129_132206,105143
1013423_20211220_204256,105144
1013423_20211220_220957,105145
1013423_20211220_204748,105146
1013423_20211220_203011,105147
1013423_20211220_205516,105148
1013423_20211220_211405,105149
1013423_20211220_201239,105150
1013423_20211221_170222,105151
1013423_20211221_031238,105152
1013423_20211221_051542,105153
1013423_20211221_071624,105154
1013423_20211221_101315,105155
1013423_20211221_190210,105156
1013423_20211221_022324,105157
1013423_20211221_005017,105158
1013423_20211221_043557,105159
1013423_20211221_020804,105160
1013423_20211221_130126,105161
1013423_20211221_065617,105162
1013423_20211221_090355,105163
1013423_20211221_003439,105164
1013423_20211221_100327,105165
1013423_20211221_034802,105166
1013423_20211221_011142,105167
1013423_20211221_011038,105168
1013423_20211221_010939,105169
1013423_20211221_023241,105170
1013423_20211222_060507,105171
1013423_20211222_082324,105172
1013423_20211222_043554,105173
1013423_20211222_042244,105174
1013423_20211222_181817,105175
1013423_20211222_054827,105176
1013423_20211223_010840,105177
1013423_20211223_192709,105178
1013423_20211223_190446,105179
1013423_20211223_154053,105180
1013423_20211223_222315,105181
1013423_20211223_204518,105182
1013423_20211223_033130,105183
1013423_20211223_191633,105184
1013423_20211224_142229,105185
1013423_20211224_021842,105186
1013423_20211224_095601,105187
1013423_20211224_024914,105188
1013423_20211224_023827,105189
1013423_20211226_072810,105190
1013423_20211227_081830,105191
1013423_20211227_022146,105192
1013423_20211228_212317,105193
1013423_20211228_230328,105194
1013423_20211228_080341,105195
1013423_20211230_133531,105196
1013423_20211230_225154,105197
1013423_20211230_212305,105198
1013423_20211231_145018,105199
1013423_20211231_181543,105200
1013423_20220101_101759,105201
1013423_20220102_095527,105202
1013423_20220103_021439,105203
1013423_20220109_010605,105204
1013423_20220110_153912,105205
1013423_20220114_044149,105206
1013423_20220115_071933,105207
1013423_20220117_204241,105208
1013423_20220123_082312,105209
1013423_20220129_080310,105210
1013423_20220210_110225,105211
1013423_20220221_174842,105212
1013423_20220221_194657,105213
1013423_20220226_164619,105214
1013423_20220326_014535,105215
1013423_20220421_090055,105216
1013423_20220501_035252,105217
1013423_20220519_002810,105218
1013423_20220603_204606,105219
1013423_20220629_235810,105220
1013423_20220702_155731,105221
1013423_20220923_015602,105222
1013423_20220923_030249,105223
1013423_20221111_163724,105224
1013423_20221116_173656,105225
1016174_20200129_185553,105226
1016174_20210616_135843,105227
1016174_20210922_072840,105228
1016174_20211105_101245,105229
1016174_20211216_185257,105230
1016174_20220213_065048,105231
1016174_20220214_083021,105232
1016174_20220225_145107,105233
1016174_20220613_034232,105234
1016174_20220705_162354,105235
1016174_20220712_090949,105236
1017500_20200129_031829,105237
1017500_20200211_202138,105238
1017500_20200318_224544,105239
1017500_20200319_023641,105240
1017500_20200321_053246,105241
1017500_20200329_065155,105242
1017500_20200411_163316,105243
1017500_20200510_022429,105244
1017500_20200723_134418,105245
1017500_20210313_035738,105246
1017500_20210317_221547,105247
1017500_20210604_135917,105248
1017500_20210623_120215,105249
1017500_20210902_163149,105250
1017500_20210904_173139,105251
1017500_20210904_083538,105252
1017500_20210917_100104,105253
1017500_20210921_082950,105254
1017500_20211009_142456,105255
1017500_20211015_085643,105256
1017500_20211206_214628,105257
1017500_20211220_201820,105258
1017500_20211220_210946,105259
1017500_20211220_214225,105260
1017500_20211221_160634,105261
1017500_20211222_202756,105262
1017500_20211228_024227,105263
1017500_20220111_121907,105264
1017500_20220113_012406,105265
1017500_20220121_174416,105266
1017500_20220123_203352,105267
1017500_20220130_055541,105268
1017500_20220213_150145,105269
1017500_20220403_021950,105270
1017500_20220523_041916,105271
1017500_20220720_012130,105272
1017500_20220830_121919,105273
1017500_20220917_083024,105274
1017500_20220927_220827,105275
nc73818551_20200129_000255,105276
nc73818551_20200130_214849,105277
nc73818551_20200305_210042,105278
nc73818551_20201223_121331,105279
nc73818551_20210101_122747,105280
nc73818551_20210510_193246,105281
nc73818551_20210520_101833,105282
nc73818551_20210529_140739,105283
nc73818551_20210710_114856,105284
nc73818551_20211004_203435,105285
nc73818551_20211031_143248,105286
nc73818551_20211031_150913,105287
nc73818551_20211103_134302,105288
nc73818551_20211128_043526,105289
nc73818551_20220213_114303,105290
nc73818551_20220405_011910,105291
nc73818551_20220529_171938,105292
nc73818551_20220728_065334,105293
nc73818551_20220814_052315,105294
nc73818551_20220822_043443,105295
nc73818551_20221104_223807,105296
nc73875050_20200130_063439,105297
nc73875050_20200211_151928,105298
nc73875050_20200219_032405,105299
nc73875050_20200219_024117,105300
nc73875050_20200225_051353,105301
nc73875050_20200306_094635,105302
nc73875050_20200306_095049,105303
nc73875050_20200313_101134,105304
nc73875050_20200429_230149,105305
nc73875050_20200516_073653,105306
nc73875050_20200705_020056,105307
nc73875050_20200713_205122,105308
nc73875050_20200731_124713,105309
nc73875050_20200818_152440,105310
nc73875050_20200920_021237,105311
nc73875050_20200921_211015,105312
nc73875050_20210105_002305,105313
nc73875050_20210111_172821,105314
nc73875050_20210320_190349,105315
nc73875050_20210407_015849,105316
nc73875050_20210415_015016,105317
nc73875050_20210709_100751,105318
nc73875050_20210721_112857,105319
nc73875050_20210727_045020,105320
nc73875050_20210818_082126,105321
nc73875050_20210819_071810,105322
nc73875050_20210822_180429,105323
nc73875050_20210901_210101,105324
nc73875050_20210903_213053,105325
nc73875050_20210903_233809,105326
nc73875050_20210913_071647,105327
nc73875050_20210913_151205,105328
nc73875050_20211015_045052,105329
nc73875050_20211218_174532,105330
nc73875050_20211225_103441,105331
nc73875050_20220106_111657,105332
nc73875050_20220125_115213,105333
nc73875050_20220125_233402,105334
nc73875050_20220125_120808,105335
nc73875050_20220204_204136,105336
nc73875050_20220226_072330,105337
nc73875050_20220228_123706,105338
nc73875050_20220302_035007,105339
nc73875050_20220312_151702,105340
nc73875050_20220404_052640,105341
nc73875050_20220413_180428,105342
nc73875050_20220508_205639,105343
nc73875050_20220523_231357,105344
nc73875050_20220523_150048,105345
nc73875050_20220524_110622,105346
nc73875050_20220601_122823,105347
nc73875050_20220604_075438,105348
nc73875050_20220720_153418,105349
nc73875050_20220723_020528,105350
nc73875050_20220731_175940,105351
nc73875050_20220731_183015,105352
nc73875050_20220810_132212,105353
nc73875050_20220819_161114,105354
nc73875050_20220827_201407,105355
nc73875050_20220906_021231,105356
nc73875050_20220909_114444,105357
nc73875050_20220926_182237,105358
nc73875050_20221107_155024,105359
nc73875050_20221121_051455,105360
nc73875050_20221124_185447,105361
1008525_20200131_215131,105362
1008525_20200420_093528,105363
1008525_20200625_100437,105364
1008525_20200628_025927,105365
1008525_20210924_003350,105366
1015792_20200131_005507,105367
1015792_20200201_015846,105368
1015792_20200419_180757,105369
1015792_20200814_112729,105370
1015792_20200912_124403,105371
1015792_20210521_191420,105372
1015792_20210629_012946,105373
1015792_20210913_230520,105374
1015792_20211006_162908,105375
1015792_20211028_105751,105376
1015792_20211115_061130,105377
1015792_20211215_060638,105378
1015792_20220131_190730,105379
1015792_20220507_210016,105380
1015792_20220607_095042,105381
1015792_20220616_110632,105382
1015792_20220818_133602,105383
nc73824401_20200131_180705,105384
nc73824401_20210401_044623,105385
1015754_20200201_032550,105386
1015754_20200703_151733,105387
1015754_20210221_233136,105388
1015754_20210430_132150,105389
1015754_20210523_154405,105390
1015754_20210630_054947,105391
1015754_20210924_032128,105392
1017134_20200201_045708,105393
1017134_20200215_002035,105394
1017134_20200227_015326,105395
1017134_20200227_010458,105396
1017134_20200503_112533,105397
1017134_20200503_114346,105398
1017134_20200503_131259,105399
1017134_20200929_155008,105400
1017134_20210527_205542,105401
1017134_20211102_183125,105402
1017134_20211105_140137,105403
1017134_20211129_193335,105404
1017134_20220205_140941,105405
1017134_20220226_023405,105406
1017134_20220422_012622,105407
1017134_20220502_030730,105408
1017134_20220502_093237,105409
1009820_20200202_191058,105410
1009820_20200627_174148,105411
1009820_20220427_110223,105412
1016569_20200203_011215,105413
1016569_20200913_201624,105414
1016569_20201014_153441,105415
1016569_20210401_081901,105416
1016569_20210526_142808,105417
1016569_20210728_171602,105418
1016569_20210915_102040,105419
1016569_20211101_084728,105420
1016569_20211122_213612,105421
1016569_20211122_125325,105422
1016569_20211221_133948,105423
1016569_20211223_230835,105424
1016569_20211229_154235,105425
1016569_20211229_153322,105426
1016569_20220105_174604,105427
1016569_20220106_024203,105428
1016569_20220115_134507,105429
1016569_20220119_084834,105430
1016569_20220207_074712,105431
1016569_20220207_143553,105432
1016569_20220314_010155,105433
1016569_20220502_182320,105434
1016569_20220514_194833,105435
1016569_20220514_200532,105436
1016569_20220609_222703,105437
1016569_20220801_202859,105438
1016569_20220926_235147,105439
1016569_20221105_204914,105440
1017218_20200204_182608,105441
1017218_20200525_071137,105442
1017218_20200828_073125,105443
1017218_20200917_195800,105444
1017218_20201116_114103,105445
1017218_20201117_083128,105446
1017218_20201201_112028,105447
1017218_20201207_122508,105448
1017218_20210317_155754,105449
1017218_20210328_101538,105450
1017218_20210517_065019,105451
1017218_20210702_134225,105452
1017218_20211208_074753,105453
1017218_20211229_060335,105454
1017218_20220122_051855,105455
1017218_20220122_222746,105456
1017218_20220123_115601,105457
1017218_20220309_033306,105458
1017218_20220309_085055,105459
1017218_20220902_073702,105460
1009500_20200205_045423,105461
1009500_20200328_220925,105462
1009500_20200526_130034,105463
1009500_20200526_125632,105464
1009500_20210511_015519,105465
1009500_20210627_224141,105466
1009500_20210706_105214,105467
1009500_20211221_013233,105468
1009500_20220111_204606,105469
1009500_20220530_072623,105470
1009500_20220623_111738,105471
1010988_20200205_045418,105472
1010988_20200427_034614,105473
1010988_20200623_212611,105474
1010988_20210314_033948,105475
1010988_20210417_111327,105476
1010988_20210516_182108,105477
1010988_20210719_025743,105478
1010988_20220131_012236,105479
1010988_20220303_050142,105480
1010988_20220303_220130,105481
1010988_20220314_034429,105482
1010988_20220504_033442,105483
1010988_20220516_195310,105484
nc73875220_20200205_055825,105485
nc73875220_20200317_125145,105486
nc73875220_20200415_071747,105487
nc73875220_20200514_140836,105488
nc73875220_20200901_032301,105489
nc73875220_20201213_094257,105490
nc73875220_20220626_061219,105491
nc73875220_20220922_060032,105492
nc73875220_20220922_060218,105493
nc73875220_20220922_072146,105494
nc73875220_20220922_155211,105495
nc73875220_20220923_073642,105496
nc73875220_20220923_102744,105497
nc73875220_20220925_111014,105498
nc73875220_20221001_160011,105499
nc73875220_20221001_111518,105500
nc73875220_20221026_125238,105501
nc73875220_20221028_195259,105502
nc73875220_20221028_195410,105503
1017149_20200206_083918,105504
1017149_20200206_113320,105505
1017149_20200206_113541,105506
1017149_20200208_013432,105507
1017149_20200220_221256,105508
1017149_20200225_124712,105509
1017149_20200430_145602,105510
1017149_20200430_150046,105511
1017149_20200507_142036,105512
1017149_20210601_145744,105513
1017149_20210601_142858,105514
1017149_20210603_122024,105515
1017149_20210603_015232,105516
1017149_20210724_220335,105517
1017149_20210801_014055,105518
1017149_20210801_140036,105519
1017149_20210802_060429,105520
1017149_20210804_224851,105521
1017149_20210824_034329,105522
1017149_20210913_104418,105523
1017149_20210916_174223,105524
1017149_20210929_123859,105525
1017149_20211010_114423,105526
1017149_20211016_131454,105527
1017149_20211020_032211,105528
1017149_20211021_024331,105529
1017149_20211021_054222,105530
1017149_20211021_052504,105531
1017149_20211106_035914,105532
1017149_20211117_001642,105533
1017149_20220110_140322,105534
1017149_20220219_220008,105535
1017149_20220219_224656,105536
1017149_20220219_214253,105537
1017149_20220219_215837,105538
1017149_20220219_172507,105539
1017149_20220219_222840,105540
1017149_20220219_224833,105541
1017149_20220219_213325,105542
1017149_20220219_225420,105543
1017149_20220220_152937,105544
1017149_20220220_070952,105545
1017149_20220220_055015,105546
1017149_20220221_170411,105547
1017149_20220221_031500,105548
1017149_20220221_020350,105549
1017149_20220307_165032,105550
1017149_20220309_054842,105551
1017149_20220320_111523,105552
1017149_20220409_235521,105553
1017149_20220502_060439,105554
1017149_20220525_133548,105555
1017149_20220605_080459,105556
1017149_20220629_145828,105557
1017149_20220818_152148,105558
1017149_20220818_131757,105559
1017149_20220924_023623,105560
1017149_20221021_142121,105561
1017149_20221108_183706,105562
1017149_20221109_013351,105563
1017149_20221109_013618,105564
1018710_20200206_100008,105565
1018710_20200206_094938,105566
1018710_20200206_200439,105567
1018710_20200206_125550,105568
1018710_20200206_082911,105569
1018710_20200206_082318,105570
1018710_20200206_082519,105571
1018710_20200206_082808,105572
1018710_20200206_094916,105573
1018710_20200206_083124,105574
1018710_20200206_110529,105575
1018710_20200206_100845,105576
1018710_20200206_082242,105577
1018710_20200206_082341,105578
1018710_20200206_112109,105579
1018710_20200206_082233,105580
1018710_20200206_093036,105581
1018710_20200206_095711,105582
1018710_20200206_083454,105583
1018710_20200206_120252,105584
1018710_20200206_164337,105585
1018710_20200206_120300,105586
1018710_20200206_094135,105587
1018710_20200206_084103,105588
1018710_20200206_082025,105589
1018710_20200206_100753,105590
1018710_20200206_155541,105591
1018710_20200206_095127,105592
1018710_20200206_091950,105593
1018710_20200206_092733,105594
1018710_20200206_191253,105595
1018710_20200206_113818,105596
1018710_20200206_085342,105597
1018710_20200206_134758,105598
1018710_20200206_135004,105599
1018710_20200206_104910,105600
1018710_20200207_054615,105601
1018710_20200207_030452,105602
1018710_20200207_030645,105603
1018710_20200207_071545,105604
1018710_20200207_034340,105605
1018710_20200208_181350,105606
1018710_20200213_020353,105607
1018710_20200215_113747,105608
1018710_20200419_125219,105609
1018710_20200430_073939,105610
1018710_20200430_145216,105611
1018710_20200511_131206,105612
1018710_20200527_172630,105613
1018710_20200625_071916,105614
1018710_20200629_015043,105615
1018710_20200804_031529,105616
1018710_20200804_031139,105617
1018710_20200828_024021,105618
1018710_20200828_044308,105619
1018710_20200828_023020,105620
1018710_20200831_220331,105621
1018710_20200831_214258,105622
1018710_20200905_075421,105623
1018710_20200924_171559,105624
1018710_20201005_200631,105625
1018710_20201017_131357,105626
1018710_20201030_030719,105627
1018710_20201102_220427,105628
1018710_20201102_194945,105629
1018710_20201103_042023,105630
1018710_20201105_064816,105631
1018710_20201106_003533,105632
1018710_20201109_232117,105633
1018710_20201114_112151,105634
1018710_20201122_220942,105635
1018710_20201122_184825,105636
1018710_20201122_185019,105637
1018710_20201123_022115,105638
1018710_20210108_000536,105639
1018710_20210108_063916,105640
1018710_20210108_030455,105641
1018710_20210110_033355,105642
1018710_20210114_180340,105643
1018710_20210127_201556,105644
1018710_20210324_195911,105645
1018710_20210324_195216,105646
1018710_20210405_012800,105647
1018710_20210405_032743,105648
1018710_20210414_051747,105649
1018710_20210422_013904,105650
1018710_20210425_193356,105651
1018710_20210425_212903,105652
1018710_20210425_195712,105653
1018710_20210426_012931,105654
1018710_20210618_061635,105655
1018710_20210621_225757,105656
1018710_20210811_003031,105657
1018710_20210812_044147,105658
1018710_20210818_042252,105659
1018710_20210829_180938,105660
1018710_20210913_110959,105661
1018710_20210921_142111,105662
1018710_20210923_101337,105663
1018710_20211008_155836,105664
1018710_20211021_043236,105665
1018710_20211022_163635,105666
1018710_20211219_191252,105667
1018710_20211221_063348,105668
1018710_20220107_213216,105669
1018710_20220129_225758,105670
1018710_20220129_225614,105671
1018710_20220219_213538,105672
1018710_20220219_231635,105673
1018710_20220219_213810,105674
1018710_20220219_213946,105675
1018710_20220219_220320,105676
1018710_20220219_230821,105677
1018710_20220302_034117,105678
1018710_20220425_101652,105679
1018710_20220425_071034,105680
1018710_20220425_071611,105681
1018710_20220425_094109,105682
1018710_20220615_084306,105683
1018710_20220810_204620,105684
1018710_20220902_175400,105685
1018710_20220911_022821,105686
1018710_20220911_122635,105687
1018710_20220911_032406,105688
1018710_20220912_201929,105689
1018710_20220924_152142,105690
1018710_20220924_152116,105691
1018710_20220924_214403,105692
1018710_20220924_152124,105693
1018710_20221108_224756,105694
1018710_20221108_174938,105695
1018710_20221108_173508,105696
1018710_20221108_185951,105697
1018710_20221108_174150,105698
1018710_20221109_122228,105699
1018710_20221111_013908,105700
1018710_20221111_013835,105701
1018710_20221111_033136,105702
1018710_20221119_030309,105703
1018710_20221126_183517,105704
1010548_20200207_093026,105705
1010548_20200208_022857,105706
1010548_20200718_135004,105707
1010548_20201111_193559,105708
1010548_20210120_112538,105709
1010548_20210609_170930,105710
1010548_20210810_052155,105711
1010548_20210810_044714,105712
1010548_20210821_033328,105713
1010548_20210904_151624,105714
1010548_20210924_042913,105715
1010548_20211019_213302,105716
1010548_20220519_065659,105717
1010548_20220712_195802,105718
1010548_20220717_003715,105719
1010548_20221121_035141,105720
1011219_20200207_104559,105721
1012876_20200207_012908,105722
1012876_20200207_043253,105723
1012876_20200310_092603,105724
1012876_20200319_011315,105725
1012876_20200408_082158,105726
1012876_20200420_151636,105727
1012876_20200630_030545,105728
1012876_20200727_144230,105729
1012876_20200818_235439,105730
1012876_20201209_165206,105731
1012876_20201218_234126,105732
1012876_20210313_091642,105733
1012876_20210328_185139,105734
1012876_20210401_230057,105735
1012876_20210419_025959,105736
1012876_20210611_170317,105737
1012876_20210623_094301,105738
1012876_20210826_074605,105739
1012876_20211103_002455,105740
1012876_20211103_004933,105741
1012876_20211103_005601,105742
1012876_20211103_073658,105743
1012876_20211103_045554,105744
1012876_20211103_035044,105745
1012876_20211103_003959,105746
1012876_20211103_023953,105747
1012876_20211103_004447,105748
1012876_20211103_023716,105749
1012876_20211103_004154,105750
1012876_20211103_003912,105751
1012876_20211103_003413,105752
1012876_20211103_002911,105753
1012876_20211103_003206,105754
1012876_20211103_002706,105755
1012876_20211103_014601,105756
1012876_20211104_071201,105757
1012876_20211104_041227,105758
1012876_20211106_051521,105759
1012876_20211106_220132,105760
1012876_20211108_073753,105761
1012876_20211111_134218,105762
1012876_20211220_220544,105763
1012876_20211220_213524,105764
1012876_20211220_203209,105765
1012876_20211220_223539,105766
1012876_20211220_201832,105767
1012876_20211221_061158,105768
1012876_20211221_075643,105769
1012876_20211221_073336,105770
1012876_20211221_004010,105771
1012876_20211221_001942,105772
1012876_20211221_201309,105773
1012876_20211221_205048,105774
1012876_20211222_033333,105775
1012876_20211222_040514,105776
1012876_20211222_183956,105777
1012876_20211222_030748,105778
1012876_20211223_230552,105779
1012876_20211224_032430,105780
1012876_20211224_033424,105781
1012876_20211224_101205,105782
1012876_20211224_061524,105783
1012876_20211225_173135,105784
1012876_20211225_060804,105785
1012876_20211226_144818,105786
1012876_20211226_194033,105787
1012876_20211227_024800,105788
1012876_20211229_235851,105789
1012876_20211230_101325,105790
1012876_20220104_131611,105791
1012876_20220106_175505,105792
1012876_20220109_002357,105793
1012876_20220109_002532,105794
1012876_20220125_042740,105795
1012876_20220126_194331,105796
1012876_20220130_072438,105797
1012876_20220206_192740,105798
1012876_20220218_051817,105799
1012876_20220304_085327,105800
1012876_20220309_175451,105801
1012876_20220323_015321,105802
1012876_20220726_225543,105803
1015560_20200207_005322,105804
1015560_20200318_231409,105805
1015560_20200318_230708,105806
1015560_20200319_075801,105807
1015560_20200320_042309,105808
1015560_20210326_101837,105809
1015560_20210520_063213,105810
1015560_20210528_014205,105811
1015560_20210710_143339,105812
1015560_20210718_082212,105813
1015560_20210805_080249,105814
1015560_20211103_003303,105815
1015560_20211103_041217,105816
1015560_20211103_025222,105817
1015560_20211103_004126,105818
1015560_20211103_012344,105819
1015560_20211104_221524,105820
1015560_20211105_110017,105821
1015560_20211220_211359,105822
1015560_20211220_214534,105823
1015560_20211220_201441,105824
1015560_20211220_235302,105825
1015560_20211220_222959,105826
1015560_20211220_201752,105827
1015560_20211220_233820,105828
1015560_20211220_205437,105829
1015560_20211220_212237,105830
1015560_20211220_233204,105831
1015560_20211220_223952,105832
1015560_20211220_230647,105833
1015560_20211220_213809,105834
1015560_20211220_230336,105835
1015560_20211220_202840,105836
1015560_20211220_201723,105837
1015560_20211220_201152,105838
1015560_20211220_231647,105839
1015560_20211220_203145,105840
1015560_20211220_212909,105841
1015560_20211220_201550,105842
1015560_20211220_202859,105843
1015560_20211220_221206,105844
1015560_20211220_203704,105845
1015560_20211220_213643,105846
1015560_20211220_204628,105847
1015560_20211220_211043,105848
1015560_20211221_095515,105849
1015560_20211221_080225,105850
1015560_20211221_193235,105851
1015560_20211221_042809,105852
1015560_20211221_054256,105853
1015560_20211221_042110,105854
1015560_20211221_204156,105855
1015560_20211221_023422,105856
1015560_20211221_143042,105857
1015560_20211221_045032,105858
1015560_20211221_030750,105859
1015560_20211221_092446,105860
1015560_20211221_102819,105861
1015560_20211221_004611,105862
1015560_20211221_020216,105863
1015560_20211221_185236,105864
1015560_20211221_023158,105865
1015560_20211221_051459,105866
1015560_20211221_074536,105867
1015560_20211221_025727,105868
1015560_20211221_104511,105869
1015560_20211221_102710,105870
1015560_20211221_130448,105871
1015560_20211221_081001,105872
1015560_20211221_155216,105873
1015560_20211221_113528,105874
1015560_20211221_001429,105875
1015560_20211221_010144,105876
1015560_20211221_070055,105877
1015560_20211221_122211,105878
1015560_20211221_204940,105879
1015560_20211221_055757,105880
1015560_20211222_041313,105881
1015560_20211222_033029,105882
1015560_20211222_060632,105883
1015560_20211222_034035,105884
1015560_20211222_084020,105885
1015560_20211222_083328,105886
1015560_20211222_202214,105887
1015560_20211222_052609,105888
1015560_20211222_121812,105889
1015560_20211222_005325,105890
1015560_20211222_063127,105891
1015560_20211222_172348,105892
1015560_20211222_084606,105893
1015560_20211222_023908,105894
1015560_20211222_055135,105895
1015560_20211222_073529,105896
1015560_20211222_093640,105897
1015560_20211223_010517,105898
1015560_20211223_014711,105899
1015560_20211223_044215,105900
1015560_20211223_040616,105901
1015560_20211223_060804,105902
1015560_20211223_043218,105903
1015560_20211223_083424,105904
1015560_20211223_032241,105905
1015560_20211224_104819,105906
1015560_20211224_165754,105907
1015560_20211224_230508,105908
1015560_20211224_102628,105909
1015560_20211224_092715,105910
1015560_20211225_183019,105911
1015560_20211225_041811,105912
1015560_20211225_233358,105913
1015560_20211226_132130,105914
1015560_20211228_122928,105915
1015560_20211229_053841,105916
1015560_20211229_063518,105917
1015560_20211230_062314,105918
1015560_20211230_122804,105919
1015560_20211230_151418,105920
1015560_20220102_093911,105921
1015560_20220102_134158,105922
1015560_20220105_230128,105923
1015560_20220105_085441,105924
1015560_20220106_061633,105925
1015560_20220115_020810,105926
1015560_20220115_183446,105927
1015560_20220116_044446,105928
1015560_20220123_094600,105929
1015560_20220127_020445,105930
1015560_20220128_232416,105931
1015560_20220130_041214,105932
1015560_20220210_094648,105933
1015560_20220213_024815,105934
1015560_20220218_164235,105935
1015560_20220219_014831,105936
1015560_20220222_175759,105937
1015560_20220225_045523,105938
1015560_20220312_195548,105939
1015560_20220318_015018,105940
1015560_20220328_201917,105941
1015560_20220509_154640,105942
1015560_20220514_153323,105943
1015560_20220602_030946,105944
1015560_20220604_100841,105945
1015560_20220609_024047,105946
1015560_20220616_105954,105947
1015560_20220701_201934,105948
1015560_20220703_030010,105949
1015560_20220921_003527,105950
1015560_20221005_234524,105951
1015560_20221128_184759,105952
1015560_20221128_201037,105953
1012903_20200208_195244,105954
1012903_20200223_010617,105955
1012903_20201023_103125,105956
1012903_20210219_150205,105957
1012903_20210727_124223,105958
1012903_20210801_092246,105959
1012903_20210906_015748,105960
1012903_20211030_155435,105961
1012903_20220911_042318,105962
1016488_20200209_192947,105963
1016488_20200210_002056,105964
1016488_20200503_193042,105965
1016488_20200611_134140,105966
1016488_20200611_120454,105967
1016488_20200720_105541,105968
1016488_20200721_091514,105969
1016488_20200721_211511,105970
1016488_20200721_172807,105971
1016488_20200723_023415,105972
1016488_20200826_121241,105973
1016488_20200913_022730,105974
1016488_20201109_133333,105975
1016488_20201113_022102,105976
1016488_20210101_081406,105977
1016488_20210217_084921,105978
1016488_20210429_171305,105979
1016488_20210430_225227,105980
1016488_20210518_185659,105981
1016488_20210713_043411,105982
1016488_20210716_122303,105983
1016488_20211202_212312,105984
1016488_20220219_135444,105985
1016488_20220327_040136,105986
1016488_20220329_153234,105987
1016488_20220329_095512,105988
1016488_20220330_152858,105989
1016488_20220330_023943,105990
1016488_20220330_080547,105991
1016488_20220415_001222,105992
1016488_20220418_163446,105993
1016488_20220613_070331,105994
1016488_20220613_070338,105995
1016488_20220926_122135,105996
1016488_20220926_122205,105997
1010660_20200210_210011,105998
1010660_20211215_133804,105999
1010660_20220320_040026,106000
1010660_20220715_032057,106001
1010660_20221014_093951,106002
1011660_20200210_204305,106003
1011660_20200210_195354,106004
1011660_20200419_130857,106005
1011660_20200607_184739,106006
1011660_20200720_164535,106007
1011660_20211125_113145,106008
1011660_20220131_024632,106009
1018079_20200210_165235,106010
1018079_20200215_203651,106011
1018079_20200320_045258,106012
1018079_20200320_045322,106013
1018079_20200407_232448,106014
1018079_20200419_004612,106015
1018079_20200621_023519,106016
1018079_20200716_185625,106017
1018079_20200730_093616,106018
1018079_20200804_175532,106019
1018079_20200906_072657,106020
1018079_20200917_152955,106021
1018079_20200924_171312,106022
1018079_20201007_201632,106023
1018079_20201017_030657,106024
1018079_20201030_052815,106025
1018079_20201227_142951,106026
1018079_20210127_203814,106027
1018079_20210212_044510,106028
1018079_20210223_170935,106029
1018079_20210312_061434,106030
1018079_20210402_083536,106031
1018079_20210402_083229,106032
1018079_20210402_131831,106033
1018079_20210403_231817,106034
1018079_20210404_075026,106035
1018079_20210404_081510,106036
1018079_20210426_063231,106037
1018079_20210708_232953,106038
1018079_20210714_150316,106039
1018079_20210728_093603,106040
1018079_20210728_094353,106041
1018079_20210824_175255,106042
1018079_20210911_081338,106043
1018079_20211015_094152,106044
1018079_20211214_203444,106045
1018079_20211220_201844,106046
1018079_20211221_070518,106047
1018079_20211221_090623,106048
1018079_20211221_061059,106049
1018079_20211226_171116,106050
1018079_20211226_081518,106051
1018079_20211227_233251,106052
1018079_20211230_220234,106053
1018079_20220101_172931,106054
1018079_20220103_094741,106055
1018079_20220222_175315,106056
1018079_20220223_020630,106057
1018079_20220310_032833,106058
1018079_20220525_214534,106059
1018079_20220612_195521,106060
1018079_20220627_113231,106061
1018079_20220725_133316,106062
1018079_20221004_160301,106063
1018079_20221020_002217,106064
nc73838976_20200211_175425,106065
nc73838976_20200314_084820,106066
1013452_20200212_023243,106067
1013452_20200318_222348,106068
1013452_20210722_123841,106069
1013452_20210821_072112,106070
1013452_20211013_224307,106071
1013452_20220704_160942,106072
1013452_20220705_110327,106073
1013452_20220712_051747,106074
1014454_20200212_131137,106075
1014454_20211128_211922,106076
1014454_20211128_215802,106077
1014454_20220306_200117,106078
nc73833021_20200213_230746,106079
nc73833021_20200227_010909,106080
nc73833021_20200629_064606,106081
nc73833021_20211114_165017,106082
nc73833021_20220210_021950,106083
nc73833021_20220603_060403,106084
1011665_20200214_034744,106085
1011665_20200914_062916,106086
1011665_20200916_003615,106087
1011665_20201001_185321,106088
1011665_20210311_123828,106089
1011665_20210313_053602,106090
1011665_20210317_012129,106091
1011665_20210326_074602,106092
1011665_20210327_011242,106093
1011665_20210411_023223,106094
1011665_20210419_085156,106095
1011665_20211102_044956,106096
1011665_20211108_142741,106097
1011665_20220810_024029,106098
1011665_20220916_215638,106099
1013551_20200214_091607,106100
1013551_20210627_110903,106101
1013551_20220706_112904,106102
1013551_20220816_080008,106103
1013551_20220829_215739,106104
1014030_20200214_003024,106105
1014030_20200306_084023,106106
1014030_20200306_055750,106107
1014030_20200809_054239,106108
1014030_20201103_123327,106109
1014030_20201104_112333,106110
1014030_20201130_012911,106111
1014030_20201130_021852,106112
1014030_20210310_160650,106113
1014030_20210710_064504,106114
1014030_20210903_125909,106115
1014030_20220129_214640,106116
1014030_20220211_191853,106117
1014030_20220418_155636,106118
1014030_20220419_023732,106119
1014030_20220907_204818,106120
1014030_20220920_151800,106121
1014030_20221118_014611,106122
1017881_20200214_102632,106123
1017881_20210821_141004,106124
1017881_20211222_040159,106125
1017881_20220713_201533,106126
1017881_20220714_235335,106127
1009449_20200407_032012,106128
1009449_20210616_181611,106129
1009449_20210716_014234,106130
1009449_20210821_043127,106131
1009449_20210912_224817,106132
1009449_20210912_225024,106133
1009449_20210912_224058,106134
1009449_20210913_000406,106135
1012378_20200216_215523,106136
1012378_20200216_214638,106137
1012378_20200625_212119,106138
1012378_20220310_145513,106139
1012378_20220311_002548,106140
nc73823611_20200216_035128,106141
nc73844826_20200216_094705,106142
nc73844826_20200325_084140,106143
nc73844826_20200412_043500,106144
nc73844826_20200708_060305,106145
nc73844826_20200904_034227,106146
nc73844826_20200914_102302,106147
nc73844826_20200914_094659,106148
nc73844826_20200917_051116,106149
nc73844826_20201120_133354,106150
nc73844826_20201203_191121,106151
nc73844826_20201205_224437,106152
nc73844826_20201226_195900,106153
nc73844826_20210130_225738,106154
nc73844826_20210202_172341,106155
nc73844826_20210207_131131,106156
nc73844826_20210218_225921,106157
nc73844826_20210224_000420,106158
nc73844826_20210317_141620,106159
nc73844826_20210423_175705,106160
nc73844826_20210630_195832,106161
nc73844826_20210630_225945,106162
nc73844826_20210713_141211,106163
nc73844826_20210722_153557,106164
nc73844826_20210801_113203,106165
nc73844826_20210924_085935,106166
nc73844826_20211002_052338,106167
nc73844826_20211003_113702,106168
nc73844826_20211004_072659,106169
nc73844826_20211008_073049,106170
nc73844826_20211012_122210,106171
nc73844826_20211113_101943,106172
nc73844826_20211118_070520,106173
nc73844826_20211119_171212,106174
nc73844826_20211120_115834,106175
nc73844826_20211211_075235,106176
nc73844826_20211213_025128,106177
nc73844826_20211215_073828,106178
nc73844826_20211219_085837,106179
nc73844826_20211221_153337,106180
nc73844826_20211221_094502,106181
nc73844826_20211222_044018,106182
nc73844826_20211222_051201,106183
nc73844826_20211222_151353,106184
nc73844826_20211222_133436,106185
nc73844826_20211223_191218,106186
nc73844826_20211223_070019,106187
nc73844826_20211223_234417,106188
nc73844826_20211223_232704,106189
nc73844826_20211223_130015,106190
nc73844826_20211223_044617,106191
nc73844826_20211224_093710,106192
nc73844826_20211225_031758,106193
nc73844826_20211230_054827,106194
nc73844826_20211230_083456,106195
nc73844826_20211231_132026,106196
nc73844826_20211231_101516,106197
nc73844826_20211231_203954,106198
nc73844826_20211231_143938,106199
nc73844826_20220102_145427,106200
nc73844826_20220102_001225,106201
nc73844826_20220102_231220,106202
nc73844826_20220102_140149,106203
nc73844826_20220107_030358,106204
nc73844826_20220111_073231,106205
nc73844826_20220112_033112,106206
nc73844826_20220115_080614,106207
nc73844826_20220116_030343,106208
nc73844826_20220116_221506,106209
nc73844826_20220116_040953,106210
nc73844826_20220116_091739,106211
nc73844826_20220116_235701,106212
nc73844826_20220117_204429,106213
nc73844826_20220117_193936,106214
nc73844826_20220117_175738,106215
nc73844826_20220118_120724,106216
nc73844826_20220118_032518,106217
nc73844826_20220119_065458,106218
nc73844826_20220119_092017,106219
nc73844826_20220121_082627,106220
nc73844826_20220122_131817,106221
nc73844826_20220122_230018,106222
nc73844826_20220123_141122,106223
nc73844826_20220123_191908,106224
nc73844826_20220128_183021,106225
nc73844826_20220129_174753,106226
nc73844826_20220131_093858,106227
nc73844826_20220201_040521,106228
nc73844826_20220202_222423,106229
nc73844826_20220203_020331,106230
nc73844826_20220203_084022,106231
nc73844826_20220203_083707,106232
nc73844826_20220204_113618,106233
nc73844826_20220206_115537,106234
nc73844826_20220212_005157,106235
nc73844826_20220212_230814,106236
nc73844826_20220213_160951,106237
nc73844826_20220213_154550,106238
nc73844826_20220214_164346,106239
nc73844826_20220214_223221,106240
nc73844826_20220214_212422,106241
nc73844826_20220214_153537,106242
nc73844826_20220215_032439,106243
nc73844826_20220220_091222,106244
nc73844826_20220220_002755,106245
nc73844826_20220220_012943,106246
nc73844826_20220221_154058,106247
nc73844826_20220221_125443,106248
nc73844826_20220223_132328,106249
nc73844826_20220224_064613,106250
nc73844826_20220226_050441,106251
nc73844826_20220226_124018,106252
nc73844826_20220226_132241,106253
nc73844826_20220227_193749,106254
nc73844826_20220228_034220,106255
nc73844826_20220228_171554,106256
nc73844826_20220301_010435,106257
nc73844826_20220301_043333,106258
nc73844826_20220302_021941,106259
nc73844826_20220302_045156,106260
nc73844826_20220302_185439,106261
nc73844826_20220303_002419,106262
nc73844826_20220303_092918,106263
nc73844826_20220304_231606,106264
nc73844826_20220308_171220,106265
nc73844826_20220309_021236,106266
nc73844826_20220313_221011,106267
nc73844826_20220314_174538,106268
nc73844826_20220315_005341,106269
nc73844826_20220327_071102,106270
nc73844826_20220401_063138,106271
nc73844826_20220401_073743,106272
nc73844826_20220401_070851,106273
nc73844826_20220401_222604,106274
nc73844826_20220402_021650,106275
nc73844826_20220407_124634,106276
nc73844826_20220413_110249,106277
nc73844826_20220415_235212,106278
nc73844826_20220424_031521,106279
nc73844826_20220425_111809,106280
nc73844826_20220428_173558,106281
nc73844826_20220429_081325,106282
nc73844826_20220502_065503,106283
nc73844826_20220507_223903,106284
nc73844826_20220508_004144,106285
nc73844826_20220510_085016,106286
nc73844826_20220510_004141,106287
nc73844826_20220510_144445,106288
nc73844826_20220510_224944,106289
nc73844826_20220512_013043,106290
nc73844826_20220512_080613,106291
nc73844826_20220513_040149,106292
nc73844826_20220514_190330,106293
nc73844826_20220515_011212,106294
nc73844826_20220515_123843,106295
nc73844826_20220515_030852,106296
nc73844826_20220516_171516,106297
nc73844826_20220520_210841,106298
nc73844826_20220521_012436,106299
nc73844826_20220521_194849,106300
nc73844826_20220521_102001,106301
nc73844826_20220527_123231,106302
nc73844826_20220527_074539,106303
nc73844826_20220528_052002,106304
nc73844826_20220530_132012,106305
nc73844826_20220601_023926,106306
nc73844826_20220606_092914,106307
nc73844826_20220606_051425,106308
nc73844826_20220608_152325,106309
nc73844826_20220608_125900,106310
nc73844826_20220609_084836,106311
nc73844826_20220612_142716,106312
nc73844826_20220613_030620,106313
nc73844826_20220613_232535,106314
nc73844826_20220615_094117,106315
nc73844826_20220615_154511,106316
nc73844826_20220615_043441,106317
nc73844826_20220615_152115,106318
nc73844826_20220615_123942,106319
nc73844826_20220616_124144,106320
nc73844826_20220616_174727,106321
nc73844826_20220617_013431,106322
nc73844826_20220617_093954,106323
nc73844826_20220617_181926,106324
nc73844826_20220617_040221,106325
nc73844826_20220617_144941,106326
nc73844826_20220617_081103,106327
nc73844826_20220618_050808,106328
nc73844826_20220618_082536,106329
nc73844826_20220618_163604,106330
nc73844826_20220618_154108,106331
nc73844826_20220618_143021,106332
nc73844826_20220620_084439,106333
nc73844826_20220620_041159,106334
nc73844826_20220620_032605,106335
nc73844826_20220621_074644,106336
nc73844826_20220621_043116,106337
nc73844826_20220623_143149,106338
nc73844826_20220624_020409,106339
nc73844826_20220624_225645,106340
nc73844826_20220625_185646,106341
nc73844826_20220627_123349,106342
nc73844826_20220702_222204,106343
nc73844826_20220703_131000,106344
nc73844826_20220705_145520,106345
nc73844826_20220705_193151,106346
nc73844826_20220705_160501,106347
nc73844826_20220705_142920,106348
nc73844826_20220706_080205,106349
nc73844826_20220707_065426,106350
nc73844826_20220707_024446,106351
nc73844826_20220707_055640,106352
nc73844826_20220707_080700,106353
nc73844826_20220708_044511,106354
nc73844826_20220708_120548,106355
nc73844826_20220709_000642,106356
nc73844826_20220713_213445,106357
nc73844826_20220714_231737,106358
nc73844826_20220715_093139,106359
nc73844826_20220716_045530,106360
nc73844826_20220719_170848,106361
nc73844826_20220726_002821,106362
nc73844826_20220726_112340,106363
nc73844826_20220726_221523,106364
nc73844826_20220727_232502,106365
nc73844826_20220727_103847,106366
nc73844826_20220728_020512,106367
nc73844826_20220728_030630,106368
nc73844826_20220728_151321,106369
nc73844826_20220728_053216,106370
nc73844826_20220728_031144,106371
nc73844826_20220728_205733,106372
nc73844826_20220731_185822,106373
nc73844826_20220801_180754,106374
nc73844826_20220801_130904,106375
nc73844826_20220802_012623,106376
nc73844826_20220804_005323,106377
nc73844826_20220804_150232,106378
nc73844826_20220805_170240,106379
nc73844826_20220805_103930,106380
nc73844826_20220810_055542,106381
nc73844826_20220811_112803,106382
nc73844826_20220812_155626,106383
nc73844826_20220814_091002,106384
nc73844826_20220814_221632,106385
nc73844826_20220814_093244,106386
nc73844826_20220814_231830,106387
nc73844826_20220816_093402,106388
nc73844826_20220816_064746,106389
nc73844826_20220818_053457,106390
nc73844826_20220818_085250,106391
nc73844826_20220819_074953,106392
nc73844826_20220823_132204,106393
nc73844826_20220823_130826,106394
nc73844826_20220823_005607,106395
nc73844826_20220824_100017,106396
nc73844826_20220825_002952,106397
nc73844826_20220826_234316,106398
nc73844826_20220827_053523,106399
nc73844826_20220828_160459,106400
nc73844826_20220831_112031,106401
nc73844826_20220901_195105,106402
nc73844826_20220902_163106,106403
nc73844826_20220904_014400,106404
nc73844826_20220908_150300,106405
nc73844826_20220911_075742,106406
nc73844826_20220917_104518,106407
nc73844826_20220918_174642,106408
nc73844826_20220924_094945,106409
nc73844826_20221001_145500,106410
nc73844826_20221009_083616,106411
nc73844826_20221009_062255,106412
nc73844826_20221009_182906,106413
nc73844826_20221010_191310,106414
nc73844826_20221018_181812,106415
nc73844826_20221019_132202,106416
nc73844826_20221026_091238,106417
nc73844826_20221028_023930,106418
nc73844826_20221104_193257,106419
nc73844826_20221105_000207,106420
nc73844826_20221105_004053,106421
nc73844826_20221106_081130,106422
nc73844826_20221107_162802,106423
nc73844826_20221107_145937,106424
nc73844826_20221107_213149,106425
nc73844826_20221107_181115,106426
nc73844826_20221108_205223,106427
nc73844826_20221112_060825,106428
nc73844826_20221119_215530,106429
nc73844826_20221119_022543,106430
nc73844826_20221121_111828,106431
nc73844826_20221127_053846,106432
nc73844826_20221129_215522,106433
nc73844826_20221129_154424,106434
1008313_20200217_053246,106435
1012517_20200217_184108,106436
1012517_20200425_012318,106437
1012517_20200426_192650,106438
1012517_20210510_204223,106439
1012517_20210904_051346,106440
1012517_20210921_145240,106441
1012517_20211104_010029,106442
1012517_20211127_085132,106443
1012517_20220122_052424,106444
1012517_20220130_104436,106445
1012517_20220506_011838,106446
1012517_20220729_032918,106447
1012517_20220729_033700,106448
1014536_20200217_133616,106449
1014536_20201110_132559,106450
1014536_20210206_010326,106451
1014536_20210224_011301,106452
1014536_20210609_041141,106453
1014536_20210615_014436,106454
1014536_20210920_073052,106455
1014536_20210922_092309,106456
1014536_20210926_153826,106457
1014536_20211228_045952,106458
1014536_20220805_040233,106459
1014536_20221031_001246,106460
1015888_20200217_222932,106461
1015888_20200327_013937,106462
1015888_20200327_172645,106463
1015888_20200329_093630,106464
1015888_20200620_202817,106465
1015888_20200620_202802,106466
1015888_20201102_211019,106467
1015888_20201125_061833,106468
1015888_20201127_122107,106469
1015888_20210627_142324,106470
1015888_20220320_090407,106471
1017258_20200217_065702,106472
1017258_20200317_032054,106473
1017258_20200524_202535,106474
1017258_20200526_011800,106475
1017258_20200719_193615,106476
1017258_20210710_170326,106477
1017258_20211222_075337,106478
1017258_20211223_044953,106479
1017258_20211223_180027,106480
1017258_20211225_234407,106481
1017258_20220117_073359,106482
1017258_20220813_164612,106483
1017258_20220814_174728,106484
1017258_20220922_221156,106485
1017258_20221011_025624,106486
1013047_20200218_114929,106487
1013047_20220507_143922,106488
1014326_20200218_225446,106489
1014326_20210626_101206,106490
1014326_20210710_122845,106491
1014224_20200219_042917,106492
1014224_20200422_193622,106493
1014224_20200507_020809,106494
1014224_20210810_160909,106495
1014224_20210827_014405,106496
1014224_20211130_005156,106497
1014224_20211205_192734,106498
1014224_20220108_111511,106499
1014224_20220124_182631,106500
1014224_20220124_185122,106501
1014224_20220124_173340,106502
1014224_20220129_065112,106503
1014224_20220129_211039,106504
1014224_20220130_120201,106505
1014224_20220704_183737,106506
1018902_20200219_010253,106507
1018902_20200901_020902,106508
1018902_20200914_182804,106509
1018902_20201008_054429,106510
1018902_20201219_121030,106511
1018902_20201225_010155,106512
1018902_20210204_003210,106513
1018902_20210207_201753,106514
1018902_20210226_083745,106515
1018902_20210402_222209,106516
1018902_20210503_155728,106517
1018902_20210526_055513,106518
1018902_20210719_030440,106519
1018902_20211116_091934,106520
1018902_20211220_210853,106521
1018902_20211220_212458,106522
1018902_20211220_201334,106523
1018902_20211220_233610,106524
1018902_20211221_113221,106525
1018902_20211221_131354,106526
1018902_20211221_165543,106527
1018902_20211222_075425,106528
1018902_20211222_134819,106529
1018902_20211222_024839,106530
1018902_20211223_073015,106531
1018902_20211231_104227,106532
1018902_20211231_033756,106533
1018902_20211231_213428,106534
1018902_20220103_004757,106535
1018902_20220109_114539,106536
1018902_20220116_134605,106537
1018902_20220118_091941,106538
1018902_20220121_141102,106539
1018902_20220131_071013,106540
1018902_20220204_041816,106541
1018902_20220210_005715,106542
1018902_20220210_181308,106543
1018902_20220213_081544,106544
1018902_20220216_131344,106545
1018902_20220218_161839,106546
1018902_20220221_121850,106547
1018902_20220222_205913,106548
1018902_20220226_015819,106549
1018902_20220301_035110,106550
1018902_20220309_234344,106551
1018902_20220310_211610,106552
1018902_20220324_051316,106553
1018902_20220324_045626,106554
1018902_20220402_072554,106555
1018902_20220405_070443,106556
1018902_20220406_035139,106557
1018902_20220408_100631,106558
1018902_20220416_214343,106559
1018902_20220418_080040,106560
1018902_20220421_073354,106561
1018902_20220421_103829,106562
1018902_20220430_060843,106563
1018902_20220503_192929,106564
1018902_20220503_212708,106565
1018902_20220505_211803,106566
1018902_20220505_171344,106567
1018902_20220506_202101,106568
1018902_20220507_123839,106569
1018902_20220508_074919,106570
1018902_20220508_103403,106571
1018902_20220516_053329,106572
1018902_20220520_195422,106573
1018902_20220520_155039,106574
1018902_20220520_221757,106575
1018902_20220520_183927,106576
1018902_20220520_170555,106577
1018902_20220520_191114,106578
1018902_20220523_222259,106579
1018902_20220523_110816,106580
1018902_20220524_113204,106581
1018902_20220528_012832,106582
1018902_20220529_035854,106583
1018902_20220606_014309,106584
1018902_20220608_215221,106585
1018902_20220608_083101,106586
1018902_20220610_020604,106587
1018902_20220614_184134,106588
1018902_20220622_195828,106589
1018902_20220623_010658,106590
1018902_20220706_225129,106591
1018902_20220724_023308,106592
1018902_20220727_210817,106593
1018902_20220822_161552,106594
1018902_20220824_105908,106595
1018902_20220824_204119,106596
1018902_20220825_195933,106597
1018902_20220828_094435,106598
1018902_20220904_085158,106599
1018902_20220905_172338,106600
1018902_20220907_035819,106601
1018902_20220908_202848,106602
1018902_20220916_112356,106603
1018902_20220921_125545,106604
1018902_20220921_203553,106605
1018902_20220930_024859,106606
1018902_20221002_222034,106607
1018902_20221009_033532,106608
nc73845416_20200220_172649,106609
nc73845416_20200717_165808,106610
nc73845416_20200913_122114,106611
nc73845416_20211124_021155,106612
nc73845416_20220521_015858,106613
1010710_20200221_120153,106614
1010710_20210401_234356,106615
1010710_20210517_183850,106616
1010710_20210527_000213,106617
1010710_20210724_223419,106618
1010710_20210726_042315,106619
1010710_20210823_133442,106620
1010710_20210825_200351,106621
1010710_20210829_190348,106622
1010710_20211008_185105,106623
1010710_20211109_140023,106624
1010710_20220529_110200,106625
1010710_20220614_070414,106626
1010710_20221117_141036,106627
1014950_20200221_181847,106628
1014950_20201221_193547,106629
1014950_20211208_031429,106630
nc73822671_20200221_200120,106631
nc73822671_20200222_055218,106632
nc73822671_20200301_202524,106633
nc73822671_20200503_133818,106634
nc73822671_20200504_190610,106635
nc73822671_20200504_094244,106636
nc73822671_20200504_081322,106637
nc73822671_20200504_153302,106638
nc73822671_20200504_112552,106639
nc73822671_20200504_083858,106640
nc73822671_20200504_094801,106641
nc73822671_20200504_082412,106642
nc73822671_20200504_084701,106643
nc73822671_20200505_025218,106644
nc73822671_20200505_121856,106645
nc73822671_20200505_095510,106646
nc73822671_20200505_014819,106647
nc73822671_20200505_095347,106648
nc73822671_20200505_001850,106649
nc73822671_20201116_105029,106650
nc73822671_20210105_215602,106651
nc73822671_20210331_223148,106652
nc73822671_20210710_072438,106653
nc73822671_20210710_115145,106654
nc73822671_20210710_190350,106655
nc73822671_20210711_223351,106656
nc73822671_20210715_190847,106657
nc73822671_20210715_130048,106658
nc73822671_20210825_191039,106659
nc73822671_20211105_035828,106660
nc73822671_20211105_035939,106661
nc73822671_20211105_052809,106662
nc73822671_20211107_025322,106663
nc73822671_20220113_024039,106664
nc73822671_20220115_232300,106665
nc73822671_20220503_091219,106666
nc73822671_20220503_112232,106667
nc73822671_20220504_162604,106668
nc73822671_20220504_124045,106669
nc73822671_20220504_092405,106670
nc73822671_20220504_011518,106671
nc73822671_20220505_143149,106672
nc73822671_20220510_120848,106673
nc73822671_20220711_071729,106674
nc73822671_20220817_064839,106675
nc73822671_20220925_154226,106676
1012930_20200222_020327,106677
1012930_20210219_101753,106678
1012930_20220122_185002,106679
1016974_20200222_190652,106680
1016974_20200324_021800,106681
1016974_20200429_203615,106682
1016974_20200528_030108,106683
1016974_20200711_094600,106684
1016974_20200724_165542,106685
1016974_20200812_093441,106686
1016974_20201002_042447,106687
1016974_20201120_063043,106688
1016974_20210110_203058,106689
1016974_20210120_013307,106690
1016974_20210214_063923,106691
1016974_20210321_123616,106692
1016974_20210402_091635,106693
1016974_20210422_170440,106694
1016974_20210716_070905,106695
1016974_20210718_043315,106696
1016974_20210727_101927,106697
1016974_20210727_034257,106698
1016974_20210816_035051,106699
1016974_20210824_133631,106700
1016974_20210926_020618,106701
1016974_20211021_190200,106702
1016974_20211111_011148,106703
1016974_20211121_053231,106704
1016974_20211218_003517,106705
1016974_20211221_002119,106706
1016974_20211222_081848,106707
1016974_20211225_054805,106708
1016974_20211229_123704,106709
1016974_20220106_211258,106710
1016974_20220123_114501,106711
1016974_20220222_023748,106712
1016974_20220307_105239,106713
1016974_20220406_123020,106714
1016974_20220528_000934,106715
1016974_20220603_043225,106716
1016974_20220603_204556,106717
1016974_20220615_205014,106718
1016974_20220806_005042,106719
1016974_20220811_061643,106720
1016974_20220821_103936,106721
1016974_20220918_223039,106722
1016974_20221025_053859,106723
1016974_20221123_234019,106724
1016974_20221126_175348,106725
1016974_20221127_152904,106726
1017682_20200223_001049,106727
1017682_20200318_223956,106728
1017682_20200322_201413,106729
1017682_20200402_200512,106730
1017682_20200428_224641,106731
1017682_20200617_221811,106732
1017682_20200618_090905,106733
1017682_20200730_173902,106734
1017682_20200802_230324,106735
1017682_20200913_124525,106736
1017682_20201012_020017,106737
1017682_20201219_011149,106738
1017682_20210317_014922,106739
1017682_20210416_013010,106740
1017682_20210527_190355,106741
1017682_20210609_134949,106742
1017682_20210610_165749,106743
1017682_20210710_004641,106744
1017682_20210718_164241,106745
1017682_20211103_030549,106746
1017682_20211220_201058,106747
1017682_20211220_205940,106748
1017682_20211220_203852,106749
1017682_20211220_214729,106750
1017682_20211220_214747,106751
1017682_20211220_204354,106752
1017682_20211220_201629,106753
1017682_20211221_022602,106754
1017682_20211221_033046,106755
1017682_20211221_190518,106756
1017682_20211221_014320,106757
1017682_20211221_214157,106758
1017682_20211221_074628,106759
1017682_20211221_233948,106760
1017682_20211221_061222,106761
1017682_20211221_131247,106762
1017682_20211221_052029,106763
1017682_20211221_125656,106764
1017682_20211221_044519,106765
1017682_20211221_000452,106766
1017682_20211221_025652,106767
1017682_20211221_014200,106768
1017682_20211221_025237,106769
1017682_20211221_200612,106770
1017682_20211221_091330,106771
1017682_20211221_070627,106772
1017682_20211221_072956,106773
1017682_20211221_080141,106774
1017682_20211222_115726,106775
1017682_20211222_201758,106776
1017682_20211223_084422,106777
1017682_20211223_032039,106778
1017682_20211225_011138,106779
1017682_20211226_100121,106780
1017682_20211226_232059,106781
1017682_20211227_014045,106782
1017682_20211227_010916,106783
1017682_20211228_125720,106784
1017682_20211229_162056,106785
1017682_20211229_230857,106786
1017682_20220102_220009,106787
1017682_20220102_072602,106788
1017682_20220102_045331,106789
1017682_20220102_081705,106790
1017682_20220106_004742,106791
1017682_20220108_010753,106792
1017682_20220113_133723,106793
1017682_20220114_162117,106794
1017682_20220115_162008,106795
1017682_20220118_010522,106796
1017682_20220128_071222,106797
1017682_20220129_105948,106798
1017682_20220130_222508,106799
1017682_20220213_130033,106800
1017682_20220225_040334,106801
1017682_20220310_180850,106802
1017682_20220412_005420,106803
1017682_20220415_094342,106804
1017682_20220518_010533,106805
1017682_20220623_153726,106806
1017682_20220827_001755,106807
1017682_20220912_111651,106808
1017682_20221103_192057,106809
1017682_20221117_183003,106810
1016682_20200224_200211,106811
1016682_20200316_144042,106812
1016682_20200317_055619,106813
1016682_20200401_102918,106814
1016682_20200401_073149,106815
1016682_20200401_073219,106816
1016682_20200424_162505,106817
1016682_20200608_054742,106818
1016682_20200617_011502,106819
1016682_20200622_061046,106820
1016682_20210623_004532,106821
1016682_20211021_183524,106822
1016682_20211128_101027,106823
1016682_20211220_093129,106824
1016682_20211226_110938,106825
1016682_20211229_073916,106826
1016682_20220225_052956,106827
1016682_20220531_011039,106828
1016682_20220625_221928,106829
1016682_20220705_151647,106830
1016682_20220821_212841,106831
1016682_20220821_214011,106832
1016682_20220905_233358,106833
1016682_20221020_174927,106834
1011515_20200225_120045,106835
1011515_20200225_012616,106836
1011515_20200609_085007,106837
1011515_20200611_074914,106838
1011515_20210301_195626,106839
1011515_20210301_202943,106840
1011515_20210304_144231,106841
1011515_20210305_142638,106842
1011515_20210418_233659,106843
1011515_20210908_160448,106844
1011515_20210914_004436,106845
1011515_20210923_143745,106846
1011515_20220923_181127,106847
1011515_20220923_083012,106848
1012260_20200225_104125,106849
1012260_20200621_160947,106850
1012260_20201218_020026,106851
1012260_20210616_140025,106852
1012260_20210617_114036,106853
1012260_20210928_143835,106854
1012260_20220927_043450,106855
1015795_20200225_103011,106856
1015795_20200312_124702,106857
1015795_20200425_061534,106858
1015795_20210531_005849,106859
1015795_20210627_084804,106860
1015795_20210703_043220,106861
1015795_20210707_114955,106862
1015795_20210912_132732,106863
1015795_20211004_071343,106864
1015795_20211221_233558,106865
1015795_20220102_141120,106866
1015795_20220323_053303,106867
1015795_20220626_180623,106868
1015795_20220722_210021,106869
1015795_20220808_071541,106870
1015795_20221122_230532,106871
nc73855500_20200225_115137,106872
nc73855500_20200319_103636,106873
nc73855500_20200814_014405,106874
nc73855500_20211221_001007,106875
nc73855500_20220114_153243,106876
nc73855500_20220813_220312,106877
nc73847741_20200226_130008,106878
nc73847741_20200414_235217,106879
nc73847741_20200417_102854,106880
nc73847741_20200418_163846,106881
nc73847741_20210309_134146,106882
nc73847741_20211023_031339,106883
nc73847741_20211122_212208,106884
nc73847741_20211123_020316,106885
nc73847741_20211221_090449,106886
nc73847741_20211222_205538,106887
nc73847741_20220104_010911,106888
nc73847741_20220208_110145,106889
nc73847741_20220424_031515,106890
nc73847741_20220522_155315,106891
nc73847741_20220806_163220,106892
1015330_20200227_010141,106893
1015330_20200309_152105,106894
1015330_20200614_032800,106895
1015330_20200718_142842,106896
1015330_20201021_181017,106897
1015330_20210415_075831,106898
1015330_20210415_092049,106899
1015330_20210415_085408,106900
1015330_20210606_013940,106901
1015330_20210807_164923,106902
1015330_20220124_014957,106903
1015330_20220301_055218,106904
1015330_20220903_120218,106905
1015330_20221115_195624,106906
1013261_20200229_204730,106907
1013261_20210402_114502,106908
1013261_20210407_015518,106909
1013261_20211017_142053,106910
1013261_20211106_104950,106911
1013261_20220216_232016,106912
1013261_20220515_163302,106913
1013261_20220710_022943,106914
1013261_20220710_055622,106915
1013261_20220714_073802,106916
1015893_20200229_062539,106917
1015893_20200611_151541,106918
1015893_20200625_123913,106919
1015893_20200626_135155,106920
1015893_20200627_090818,106921
1015893_20200710_234128,106922
1015893_20200711_005912,106923
1015893_20200715_154931,106924
1015893_20200715_025513,106925
1015893_20200715_050039,106926
1015893_20200715_194035,106927
1015893_20200715_143114,106928
1015893_20200715_112907,106929
1015893_20200716_160018,106930
1015893_20200716_122609,106931
1015893_20200721_120141,106932
1015893_20201120_171256,106933
1015893_20210512_183223,106934
1015893_20210512_183347,106935
1015893_20210711_111230,106936
1015893_20210711_050612,106937
1015893_20210711_052622,106938
1015893_20210711_071755,106939
1015893_20210711_041440,106940
1015893_20210711_033634,106941
1015893_20210711_021401,106942
1015893_20210711_074935,106943
1015893_20210712_065259,106944
1015893_20210712_073834,106945
1015893_20210712_062853,106946
1015893_20210712_065205,106947
1015893_20210712_065712,106948
1015893_20210712_065115,106949
1015893_20210712_221834,106950
1015893_20210712_085854,106951
1015893_20210712_084632,106952
1015893_20210712_064836,106953
1015893_20210712_065819,106954
1015893_20210712_071535,106955
1015893_20210712_075626,106956
1015893_20210712_065334,106957
1015893_20210712_075349,106958
1015893_20210712_151857,106959
1015893_20210712_121508,106960
1015893_20210712_074257,106961
1015893_20210712_080308,106962
1015893_20210712_065504,106963
1015893_20210712_053343,106964
1015893_20210712_085641,106965
1015893_20210713_132453,106966
1015893_20210713_033441,106967
1015893_20210713_110010,106968
1015893_20210714_115031,106969
1015893_20210715_175638,106970
1015893_20210724_151723,106971
1015893_20210725_225247,106972
1015893_20210728_135630,106973
1015893_20211220_234533,106974
1015893_20211220_215442,106975
1015893_20211221_145103,106976
1015893_20211221_122957,106977
1015893_20211222_070908,106978
1015893_20211222_170429,106979
1015893_20211222_012128,106980
1015893_20211222_030331,106981
1015893_20211222_093059,106982
1015893_20211223_194335,106983
1015893_20211223_062839,106984
1015893_20211225_193241,106985
1015893_20211225_004106,106986
1015893_20211230_131136,106987
1015893_20211231_073011,106988
1015893_20220102_190603,106989
1015893_20220102_184327,106990
1015893_20220129_005604,106991
1015893_20220220_075533,106992
1015893_20220411_084835,106993
1015893_20220416_163209,106994
1015893_20220514_051124,106995
1015893_20220521_190631,106996
1015893_20220718_041431,106997
1015893_20220718_042508,106998
1015893_20220718_042452,106999
1015893_20221009_214340,107000
1018174_20200229_174134,107001
1018174_20211221_034039,107002
1018174_20220110_100219,107003
1018174_20220304_185723,107004
1018174_20220606_042021,107005
1018174_20221010_124331,107006
1017765_20200301_001101,107007
1017765_20200312_200958,107008
1017765_20200312_231012,107009
1017765_20200312_162110,107010
1017765_20200312_224343,107011
1017765_20200313_204946,107012
1017765_20200313_184329,107013
1017765_20200313_115439,107014
1017765_20200314_090709,107015
1017765_20200315_142000,107016
1017765_20200316_215449,107017
1017765_20200316_150015,107018
1017765_20200319_052835,107019
1017765_20200327_205628,107020
1017765_20200328_232755,107021
1017765_20200413_155423,107022
1017765_20200413_164520,107023
1017765_20200413_160643,107024
1017765_20200413_161931,107025
1017765_20200413_155034,107026
1017765_20200413_195027,107027
1017765_20200414_170838,107028
1017765_20200414_050419,107029
1017765_20200416_195932,107030
1017765_20200416_191218,107031
1017765_20200418_173152,107032
1017765_20200418_043730,107033
1017765_20200418_050351,107034
1017765_20200419_214746,107035
1017765_20200420_001825,107036
1017765_20200420_212848,107037
1017765_20200421_212319,107038
1017765_20200422_040612,107039
1017765_20200422_220200,107040
1017765_20200423_141234,107041
1017765_20200426_162655,107042
1017765_20200428_225322,107043
1017765_20200502_012630,107044
1017765_20200502_022153,107045
1017765_20200511_022450,107046
1017765_20200515_010924,107047
1017765_20200520_103451,107048
1017765_20200522_083007,107049
1017765_20200522_033802,107050
1017765_20200522_222156,107051
1017765_20200522_083127,107052
1017765_20200523_103408,107053
1017765_20200528_143540,107054
1017765_20200529_053630,107055
1017765_20200601_090319,107056
1017765_20200603_032601,107057
1017765_20200606_204053,107058
1017765_20200606_171321,107059
1017765_20200611_051101,107060
1017765_20200612_195113,107061
1017765_20200612_124602,107062
1017765_20200613_052116,107063
1017765_20200617_162617,107064
1017765_20200618_015356,107065
1017765_20200620_135914,107066
1017765_20200625_173250,107067
1017765_20200625_235330,107068
1017765_20200625_150755,107069
1017765_20200625_163713,107070
1017765_20200625_205348,107071
1017765_20200626_023750,107072
1017765_20200626_074115,107073
1017765_20200626_211131,107074
1017765_20200626_215033,107075
1017765_20200626_214155,107076
1017765_20200626_020215,107077
1017765_20200627_235717,107078
1017765_20200627_135824,107079
1017765_20200628_092517,107080
1017765_20200628_202545,107081
1017765_20200630_021747,107082
1017765_20200630_120021,107083
1017765_20200630_093418,107084
1017765_20200703_123944,107085
1017765_20200703_200417,107086
1017765_20200703_055224,107087
1017765_20200704_191707,107088
1017765_20200704_025514,107089
1017765_20200705_052739,107090
1017765_20200705_221438,107091
1017765_20200706_094011,107092
1017765_20200707_123124,107093
1017765_20200708_171853,107094
1017765_20200708_045918,107095
1017765_20200710_125810,107096
1017765_20200713_152248,107097
1017765_20200715_220809,107098
1017765_20200716_153929,107099
1017765_20200720_074717,107100
1017765_20200720_182135,107101
1017765_20200720_212206,107102
1017765_20200724_160724,107103
1017765_20200724_152502,107104
1017765_20200725_195500,107105
1017765_20200725_143147,107106
1017765_20200726_173218,107107
1017765_20200729_232113,107108
1017765_20200730_003338,107109
1017765_20200731_155831,107110
1017765_20200813_051330,107111
1017765_20200821_033800,107112
1017765_20200822_082836,107113
1017765_20200823_101743,107114
1017765_20200823_024701,107115
1017765_20200831_095152,107116
1017765_20200905_221156,107117
1017765_20200910_080740,107118
1017765_20200922_000144,107119
1017765_20200927_194143,107120
1017765_20201010_044354,107121
1017765_20201021_115121,107122
1017765_20201021_172218,107123
1017765_20201129_052945,107124
1017765_20201211_121146,107125
1017765_20201211_224331,107126
1017765_20201213_173722,107127
1017765_20201214_032619,107128
1017765_20201229_014727,107129
1017765_20201229_225733,107130
1017765_20210314_024130,107131
1017765_20210406_221819,107132
1017765_20210417_230959,107133
1017765_20210512_212014,107134
1017765_20210512_170535,107135
1017765_20210512_213936,107136
1017765_20210513_174745,107137
1017765_20210519_035132,107138
1017765_20210524_055341,107139
1017765_20210608_002830,107140
1017765_20210608_200338,107141
1017765_20210609_132538,107142
1017765_20210609_175921,107143
1017765_20210610_123930,107144
1017765_20210612_014311,107145
1017765_20210615_030359,107146
1017765_20210622_212011,107147
1017765_20210623_213251,107148
1017765_20210625_195640,107149
1017765_20210626_050428,107150
1017765_20210707_190116,107151
1017765_20210820_044001,107152
1017765_20210822_084623,107153
1017765_20210824_025942,107154
1017765_20210830_093956,107155
1017765_20210830_071722,107156
1017765_20210830_073104,107157
1017765_20210903_093204,107158
1017765_20210909_210658,107159
1017765_20210913_080139,107160
1017765_20210914_012234,107161
1017765_20210914_182035,107162
1017765_20210914_024945,107163
1017765_20210914_054306,107164
1017765_20210914_231912,107165
1017765_20210915_034239,107166
1017765_20210915_061312,107167
1017765_20210922_203226,107168
1017765_20210922_113633,107169
1017765_20211008_080323,107170
1017765_20211114_205055,107171
1017765_20211231_215622,107172
1017765_20220116_180841,107173
1017765_20220605_013157,107174
1017765_20220711_014838,107175
1017765_20220823_215817,107176
1017765_20220830_130910,107177
1017765_20221127_183158,107178
1017765_20221128_190519,107179
1016784_20200302_194511,107180
1016784_20200303_014453,107181
1016784_20200308_000531,107182
1016784_20200325_110003,107183
1016784_20200405_200159,107184
1016784_20200405_071509,107185
1016784_20200831_000013,107186
1016784_20201220_191939,107187
1016784_20210605_121115,107188
1016784_20210807_112412,107189
1016784_20211218_161334,107190
1016784_20211220_202523,107191
1016784_20211221_144123,107192
1016784_20211222_204526,107193
1016784_20211223_183825,107194
1016784_20211224_022932,107195
1016784_20211229_225124,107196
1016784_20220123_193426,107197
1016784_20220409_162927,107198
1016784_20220706_114610,107199
1016784_20220706_114511,107200
1016784_20220706_114428,107201
1016784_20220706_131734,107202
1016784_20220706_120525,107203
1016784_20220707_042327,107204
1016784_20220707_045354,107205
1016784_20220707_042638,107206
1016784_20220712_024308,107207
1016784_20220808_135837,107208
1016784_20220810_022055,107209
1016784_20220810_024034,107210
1016784_20220812_094905,107211
1012569_20200303_060136,107212
1012569_20200323_063408,107213
1012569_20210404_162645,107214
1012569_20211201_032346,107215
1012569_20211220_205627,107216
1012569_20211222_044054,107217
1012569_20211223_014746,107218
1012569_20211224_222325,107219
1012569_20211225_004745,107220
1012569_20211228_222703,107221
1012569_20220101_102430,107222
1012569_20220115_131102,107223
1012569_20220117_073311,107224
1012569_20220218_221704,107225
1018035_20200305_011923,107226
1018035_20200318_225421,107227
1018035_20200318_225426,107228
1018035_20200319_172348,107229
1018035_20200319_024736,107230
1018035_20210311_145342,107231
1018035_20210311_200604,107232
1018035_20210311_150707,107233
1018035_20211013_180932,107234
1018035_20211103_055804,107235
1018035_20211103_010653,107236
1018035_20211103_003029,107237
1018035_20211103_025734,107238
1018035_20211103_021014,107239
1018035_20211103_004422,107240
1018035_20211107_035732,107241
1018035_20211115_223939,107242
1018035_20211220_232736,107243
1018035_20211220_205016,107244
1018035_20211220_234145,107245
1018035_20211220_201710,107246
1018035_20211220_211130,107247
1018035_20211220_202758,107248
1018035_20211220_215950,107249
1018035_20211220_222824,107250
1018035_20211221_033005,107251
1018035_20211221_020323,107252
1018035_20211221_154104,107253
1018035_20211221_180123,107254
1018035_20211221_132646,107255
1018035_20211221_072552,107256
1018035_20211221_023443,107257
1018035_20211221_130614,107258
1018035_20211222_122350,107259
1018035_20211223_191505,107260
1018035_20211223_002000,107261
1018035_20211224_123847,107262
1018035_20211224_012530,107263
1018035_20211224_061736,107264
1018035_20211224_143754,107265
1018035_20211224_085646,107266
1018035_20211226_021454,107267
1018035_20211227_022120,107268
1018035_20211227_040313,107269
1018035_20211227_202748,107270
1018035_20211228_213424,107271
1018035_20220102_135749,107272
1018035_20220105_111501,107273
1018035_20220115_122606,107274
1018035_20220315_004853,107275
1018035_20220423_203145,107276
1018035_20220701_014055,107277
1018035_20220701_014642,107278
1018035_20220708_022732,107279
1018035_20220716_233414,107280
1018035_20220903_011817,107281
1018035_20220910_125444,107282
1018035_20221108_062952,107283
1011227_20200306_014143,107284
1011227_20200311_093136,107285
1011227_20200412_171325,107286
1011227_20200418_110743,107287
1011227_20201120_014241,107288
1011227_20201120_012358,107289
1011227_20201120_012056,107290
1011227_20201120_070823,107291
1011227_20211114_170404,107292
1011227_20211205_103119,107293
1011227_20211206_210726,107294
1011227_20211214_190132,107295
1011227_20211220_204505,107296
1011227_20220127_030607,107297
1011227_20220426_135617,107298
1017685_20200306_044055,107299
1017685_20201029_133208,107300
1017685_20201202_134421,107301
1017685_20210205_185822,107302
1017685_20210209_055138,107303
1017685_20210210_183904,107304
1017685_20210327_194422,107305
1017685_20210328_112204,107306
1017685_20210415_151801,107307
1017685_20210615_220536,107308
1017685_20210701_074904,107309
1017685_20210728_135434,107310
1017685_20210811_012659,107311
1017685_20210904_025143,107312
1017685_20210904_035410,107313
1017685_20210907_034311,107314
1017685_20211004_075338,107315
1017685_20211111_044022,107316
1017685_20211119_035239,107317
1017685_20211121_101327,107318
1017685_20211125_190742,107319
1017685_20211126_105154,107320
1017685_20220107_012728,107321
1017685_20220325_154948,107322
1017685_20220503_001812,107323
1017685_20220509_133229,107324
1017685_20220616_063637,107325
1017685_20220628_093618,107326
1017685_20220630_102331,107327
1017685_20220727_184322,107328
1017685_20221031_154921,107329
1017685_20221102_031035,107330
1017685_20221105_201057,107331
1017685_20221114_173858,107332
nc73822606_20200306_201518,107333
nc73822606_20200427_003457,107334
nc73822606_20200607_085720,107335
nc73822606_20200608_051904,107336
nc73822826_20200307_095350,107337
nc73822826_20200923_152724,107338
nc73822826_20210911_045227,107339
nc73822826_20210916_013635,107340
nc73822826_20220503_130848,107341
nc73822826_20220601_081528,107342
1008267_20200308_090855,107343
1008267_20200420_003130,107344
1008267_20200716_164856,107345
1008267_20210521_042745,107346
1008267_20211005_101514,107347
1008267_20220117_023352,107348
1008267_20220324_015544,107349
1008267_20220331_155107,107350
1008267_20220625_155815,107351
1010528_20200309_034553,107352
1015032_20200309_030849,107353
1015032_20200514_211542,107354
1015032_20201025_234824,107355
1015032_20201203_214812,107356
1015032_20210416_161609,107357
1015032_20210811_222633,107358
1015032_20211220_225405,107359
1015032_20211220_232802,107360
1015032_20211220_215714,107361
1015032_20220107_063131,107362
1015032_20220110_112015,107363
1015032_20220110_060554,107364
1015032_20220111_103118,107365
1015916_20200309_085643,107366
1015916_20200906_081807,107367
1015916_20201227_162840,107368
1015916_20210805_181638,107369
1015916_20211116_044039,107370
1015916_20220403_192804,107371
1016064_20200309_022241,107372
1016064_20200414_062307,107373
1016064_20200418_052601,107374
1016064_20200419_045152,107375
1016064_20200504_130116,107376
1016064_20200607_022525,107377
1016064_20200614_195246,107378
1016064_20200615_014651,107379
1016064_20200620_050300,107380
1016064_20200626_171652,107381
1016064_20200627_133815,107382
1016064_20200705_082135,107383
1016064_20200718_095011,107384
1016064_20200719_115234,107385
1016064_20200725_002704,107386
1016064_20200727_044634,107387
1016064_20200802_202411,107388
1016064_20200808_214726,107389
1016064_20200817_233612,107390
1016064_20200830_165611,107391
1016064_20200830_190440,107392
1016064_20200831_061044,107393
1016064_20200903_102336,107394
1016064_20200929_122230,107395
1016064_20200929_102921,107396
1016064_20201028_103434,107397
1016064_20201108_203514,107398
1016064_20201117_171442,107399
1016064_20201124_203618,107400
1016064_20201128_134916,107401
1016064_20201203_004200,107402
1016064_20201213_091736,107403
1016064_20201221_103538,107404
1016064_20210107_071445,107405
1016064_20210210_000038,107406
1016064_20210216_170055,107407
1016064_20210219_155207,107408
1016064_20210223_180725,107409
1016064_20210307_103531,107410
1016064_20210310_153210,107411
1016064_20210321_064258,107412
1016064_20210328_110106,107413
1016064_20210425_185425,107414
1016064_20210428_063218,107415
1016064_20210503_020628,107416
1016064_20210530_113749,107417
1016064_20210614_041315,107418
1016064_20210625_070702,107419
1016064_20210717_085420,107420
1016064_20210718_150220,107421
1016064_20210718_153152,107422
1016064_20210727_135130,107423
1016064_20210730_002304,107424
1016064_20210731_083109,107425
1016064_20210802_181555,107426
1016064_20210822_095736,107427
1016064_20210822_103641,107428
1016064_20210824_051203,107429
1016064_20210827_081343,107430
1016064_20210828_184943,107431
1016064_20210921_005548,107432
1016064_20210926_095624,107433
1016064_20211030_082004,107434
1016064_20211109_000057,107435
1016064_20211113_080402,107436
1016064_20211117_201731,107437
1016064_20211127_082220,107438
1016064_20211204_021707,107439
1016064_20211229_220301,107440
1016064_20220101_183650,107441
1016064_20220102_050538,107442
1016064_20220107_070704,107443
1016064_20220213_083608,107444
1016064_20220213_083550,107445
1016064_20220214_083016,107446
1016064_20220218_200334,107447
1016064_20220221_140801,107448
1016064_20220315_074547,107449
1016064_20220317_115611,107450
1016064_20220331_145646,107451
1016064_20220414_213430,107452
1016064_20220505_123231,107453
1016064_20220508_043721,107454
1016064_20220528_194930,107455
1016064_20220906_021316,107456
1016064_20220925_200843,107457
1016064_20220927_060124,107458
1016064_20221003_205440,107459
1016064_20221005_161257,107460
1016064_20221018_054238,107461
1016407_20200309_031638,107462
1016407_20200312_171710,107463
1016407_20200318_221412,107464
1016407_20200318_223445,107465
1016407_20200318_222109,107466
1016407_20200318_224006,107467
1016407_20200319_025635,107468
1016407_20200324_193323,107469
1016407_20200421_205913,107470
1016407_20200422_024941,107471
1016407_20200510_131402,107472
1016407_20200516_230735,107473
1016407_20200615_072934,107474
1016407_20200615_145236,107475
1016407_20200702_040642,107476
1016407_20200702_234501,107477
1016407_20200706_224133,107478
1016407_20200709_095014,107479
1016407_20200709_092848,107480
1016407_20200720_235426,107481
1016407_20200804_093527,107482
1016407_20200818_170847,107483
1016407_20200822_010017,107484
1016407_20200822_022511,107485
1016407_20200908_183519,107486
1016407_20201027_185609,107487
1016407_20201029_164821,107488
1016407_20201031_210349,107489
1016407_20201101_080419,107490
1016407_20201115_061039,107491
1016407_20201115_043101,107492
1016407_20201115_045604,107493
1016407_20201221_005626,107494
1016407_20201221_013935,107495
1016407_20201226_184937,107496
1016407_20210313_101005,107497
1016407_20210408_214058,107498
1016407_20210419_083732,107499
1016407_20210421_112526,107500
1016407_20210421_073137,107501
1016407_20210503_021612,107502
1016407_20210504_080445,107503
1016407_20210520_071124,107504
1016407_20210522_152147,107505
1016407_20210602_050725,107506
1016407_20210608_163004,107507
1016407_20210627_131017,107508
1016407_20210712_150101,107509
1016407_20210720_060149,107510
1016407_20210726_192436,107511
1016407_20211004_050713,107512
1016407_20211021_081600,107513
1016407_20211023_044005,107514
1016407_20211029_153015,107515
1016407_20211029_144145,107516
1016407_20211030_114020,107517
1016407_20211031_145345,107518
1016407_20211031_142841,107519
1016407_20211031_084318,107520
1016407_20211031_162109,107521
1016407_20211103_025949,107522
1016407_20211105_035035,107523
1016407_20211122_072449,107524
1016407_20211122_040043,107525
1016407_20211129_140653,107526
1016407_20211203_054840,107527
1016407_20211213_233557,107528
1016407_20211221_070317,107529
1016407_20220125_075959,107530
1016407_20220206_030016,107531
1016407_20220208_184857,107532
1016407_20220208_125435,107533
1016407_20220208_184921,107534
1016407_20220211_233716,107535
1016407_20220224_203139,107536
1016407_20220224_162102,107537
1016407_20220319_232639,107538
1016407_20220320_131227,107539
1016407_20220320_052511,107540
1016407_20220405_005537,107541
1016407_20220411_024759,107542
1016407_20220510_191854,107543
1016407_20220510_165943,107544
1016407_20220510_161458,107545
1016407_20220513_231507,107546
1016407_20220522_203355,107547
1016407_20220530_014350,107548
1016407_20220530_031238,107549
1016407_20220707_095000,107550
1016407_20220722_024939,107551
1016407_20220723_234759,107552
1016407_20220802_061108,107553
1016407_20220802_083948,107554
1016407_20220807_113145,107555
1016407_20220811_161920,107556
1016407_20220812_232423,107557
1016407_20220814_125142,107558
1016407_20220921_133627,107559
1016407_20220926_235011,107560
1016407_20220926_231116,107561
1016407_20220926_231749,107562
1016407_20220926_231255,107563
1016407_20220926_231645,107564
1016407_20220926_231054,107565
1016407_20220926_231332,107566
1016407_20220926_230934,107567
1016407_20220927_011207,107568
1016407_20220927_041113,107569
1016407_20221019_011406,107570
1016407_20221114_170242,107571
1016407_20221117_182621,107572
1014978_20200310_090023,107573
1014978_20200311_224736,107574
1014978_20200331_163844,107575
1014978_20200912_055953,107576
1014978_20200918_070942,107577
1014978_20210119_105414,107578
1014978_20210921_122442,107579
1014978_20211016_022043,107580
1014978_20211221_112643,107581
1014978_20220205_074332,107582
1014978_20220219_192829,107583
1014978_20220221_152050,107584
1014978_20220308_135208,107585
1014978_20220317_054551,107586
1014978_20220627_170002,107587
1014978_20220918_173504,107588
1017653_20200310_155014,107589
1017653_20211227_112506,107590
1017653_20220330_085500,107591
1017653_20220330_085858,107592
1017653_20220720_180409,107593
1018125_20200310_005102,107594
1018125_20200314_145522,107595
1018125_20200314_145818,107596
1018125_20200314_152407,107597
1018125_20200318_233926,107598
1018125_20210908_171839,107599
1018125_20210919_092009,107600
1018125_20211008_001946,107601
1018125_20211015_011438,107602
1018125_20211107_094007,107603
1018125_20220703_172123,107604
1018125_20220817_051842,107605
1018125_20220823_064520,107606
1009087_20200312_124328,107607
1009087_20210712_133117,107608
1009087_20211225_224923,107609
1009087_20220324_063512,107610
1009087_20220324_063251,107611
1010693_20200313_164943,107612
1012032_20200313_130637,107613
1012032_20200318_225225,107614
1012032_20200318_221538,107615
1012032_20200319_063959,107616
1012032_20200319_123047,107617
1012032_20200319_092358,107618
1012032_20200319_105759,107619
1012032_20200320_115438,107620
1012032_20200320_222821,107621
1012032_20200321_201807,107622
1012032_20200321_190001,107623
1012032_20200321_204252,107624
1012032_20200410_003255,107625
1012032_20200418_110019,107626
1012032_20200429_150511,107627
1012032_20200529_114528,107628
1012032_20200706_113820,107629
1012032_20201104_192149,107630
1012032_20201128_100115,107631
1012032_20201128_230526,107632
1012032_20210427_160728,107633
1012032_20210523_110243,107634
1012032_20210623_051447,107635
1012032_20210627_153022,107636
1012032_20210709_033852,107637
1012032_20210829_173205,107638
1012032_20210901_050536,107639
1012032_20210907_165226,107640
1012032_20211007_190824,107641
1012032_20211016_083531,107642
1012032_20211022_114552,107643
1012032_20211030_234023,107644
1012032_20211120_084457,107645
1012032_20211218_112736,107646
1012032_20211218_130315,107647
1012032_20211218_085503,107648
1012032_20211221_171322,107649
1012032_20211228_230140,107650
1012032_20220112_113459,107651
1012032_20220127_093813,107652
1012032_20220313_205314,107653
1012032_20220413_235743,107654
1012032_20220729_163802,107655
1012032_20220810_022535,107656
1012032_20220823_065735,107657
1012032_20220921_020819,107658
1012032_20220926_101155,107659
1012032_20221011_105048,107660
1012032_20221016_170616,107661
1012032_20221016_213102,107662
1012032_20221016_170017,107663
nc73822376_20200313_192041,107664
1018496_20200314_025516,107665
1018496_20210517_093949,107666
1018496_20210519_233944,107667
1018496_20210606_103312,107668
1018496_20210607_154409,107669
1018496_20211023_183910,107670
1018496_20211128_163745,107671
1018496_20211221_130252,107672
1018496_20220207_082428,107673
1018496_20220307_005615,107674
1018496_20220814_184416,107675
1018496_20220904_171923,107676
1018496_20220910_015108,107677
1012369_20200316_145359,107678
1012369_20200316_144257,107679
1012369_20200427_034618,107680
1012369_20200913_234507,107681
1012369_20201006_052440,107682
1012369_20201111_112254,107683
1012369_20210208_061831,107684
1012369_20210518_141259,107685
1012369_20211122_081232,107686
1012369_20211225_230526,107687
1012369_20220109_223841,107688
1015169_20200316_170908,107689
1016196_20200316_022527,107690
1016196_20210614_204943,107691
1016196_20210614_220834,107692
1016196_20210614_205146,107693
1016196_20210615_123058,107694
1016196_20210615_070331,107695
1016196_20210615_184337,107696
1016196_20210615_235108,107697
1016196_20210615_070407,107698
1016196_20210615_022457,107699
1016196_20210615_134743,107700
1016196_20210615_105339,107701
1016196_20210615_013338,107702
1016196_20210615_085714,107703
1016196_20210615_123407,107704
1016196_20210615_143256,107705
1016196_20210615_064928,107706
1016196_20210615_014953,107707
1016196_20210615_195647,107708
1016196_20210615_080147,107709
1016196_20210615_050058,107710
1016196_20210615_155649,107711
1016196_20210615_080351,107712
1016196_20210615_062601,107713
1016196_20210615_105214,107714
1016196_20210615_064857,107715
1016196_20210616_053809,107716
1016196_20210616_154643,107717
1016196_20210616_184226,107718
1016196_20210802_203915,107719
1016196_20211006_172942,107720
1016196_20211006_202550,107721
1016196_20211006_181158,107722
1016196_20211009_150749,107723
1016196_20211009_074842,107724
1016196_20211010_143848,107725
1016196_20220329_001907,107726
1016196_20220810_104836,107727
1016196_20220810_103124,107728
1016196_20220922_045607,107729
1016196_20220922_070954,107730
1016196_20221111_115348,107731
nc73816421_20200316_030042,107732
nc73816421_20200729_154620,107733
nc73816421_20200816_184627,107734
nc73816421_20200904_024239,107735
nc73816421_20200915_104837,107736
nc73816421_20200916_072208,107737
nc73816421_20200924_184742,107738
nc73816421_20201005_113910,107739
nc73816421_20201203_061936,107740
nc73816421_20201209_043315,107741
nc73816421_20210121_150143,107742
nc73816421_20210210_091335,107743
nc73816421_20210304_045430,107744
nc73816421_20210502_163204,107745
nc73816421_20210509_112518,107746
nc73816421_20210619_090731,107747
nc73816421_20210720_045506,107748
nc73816421_20210804_165519,107749
nc73816421_20210805_135627,107750
nc73816421_20211004_133054,107751
nc73816421_20211102_133504,107752
nc73816421_20211129_064008,107753
nc73816421_20211129_173732,107754
nc73816421_20211226_071750,107755
nc73816421_20211228_174855,107756
nc73816421_20220117_044211,107757
nc73816421_20220122_000457,107758
nc73816421_20220201_164341,107759
nc73816421_20220204_233648,107760
nc73816421_20220210_115251,107761
nc73816421_20220215_030650,107762
nc73816421_20220222_054413,107763
nc73816421_20220320_233239,107764
nc73816421_20220320_070700,107765
nc73816421_20220328_025746,107766
nc73816421_20220402_104337,107767
nc73816421_20220411_095107,107768
nc73816421_20220428_171307,107769
nc73816421_20220513_011648,107770
nc73816421_20220519_173838,107771
nc73816421_20220521_134132,107772
nc73816421_20220522_192825,107773
nc73816421_20220611_125601,107774
nc73816421_20220612_212124,107775
nc73816421_20220615_182117,107776
nc73816421_20220627_151416,107777
nc73816421_20220707_104449,107778
nc73816421_20220709_092140,107779
nc73816421_20220710_204042,107780
nc73816421_20220717_220539,107781
nc73816421_20220726_215905,107782
nc73816421_20220730_045227,107783
nc73816421_20220804_062747,107784
nc73816421_20220807_072612,107785
nc73816421_20220809_032829,107786
nc73816421_20220813_063959,107787
nc73816421_20220814_163540,107788
nc73816421_20220820_061627,107789
nc73816421_20220822_084330,107790
nc73816421_20220827_103830,107791
nc73816421_20220830_140201,107792
nc73816421_20220906_172943,107793
nc73816421_20220913_215555,107794
nc73816421_20221006_012807,107795
nc73816421_20221021_125748,107796
nc73816421_20221030_050039,107797
nc73816421_20221102_110010,107798
nc73816421_20221105_135555,107799
nc73816421_20221106_070104,107800
nc73816421_20221113_040350,107801
nc73816421_20221116_235612,107802
nc73816421_20221126_062250,107803
nc73816421_20221129_063306,107804
1009251_20200318_233740,107805
1009251_20200901_200419,107806
1009251_20220407_213429,107807
1009456_20200318_225840,107808
1010228_20200318_231724,107809
1010228_20200319_003234,107810
1010228_20200501_061135,107811
1010228_20200513_040651,107812
1010228_20210721_121510,107813
1010228_20211220_210806,107814
1010228_20220604_122140,107815
1010228_20220905_061437,107816
1010330_20200318_065055,107817
1010330_20210121_210856,107818
1010330_20210124_194559,107819
1010330_20220124_233418,107820
1010330_20220206_145647,107821
1010330_20220920_160037,107822
1010330_20221120_170454,107823
1010330_20221120_083512,107824
1011909_20200318_233229,107825
1011909_20200503_173524,107826
1011909_20220102_055308,107827
1013692_20200318_225708,107828
1013692_20200825_183631,107829
1013692_20220124_104348,107830
1013692_20221019_001529,107831
1014531_20200318_222634,107832
1014531_20200408_231401,107833
1014531_20200629_022335,107834
1014531_20200816_103007,107835
1014531_20201018_174125,107836
1014531_20201223_011840,107837
1014531_20210609_200345,107838
1014531_20210719_120203,107839
1014531_20210729_033329,107840
1014531_20210804_032209,107841
1014531_20211221_205207,107842
1014531_20221016_035642,107843
1015761_20200318_044058,107844
1015761_20201119_175725,107845
1015761_20201122_205522,107846
1015761_20220123_163025,107847
1015761_20220123_165119,107848
1015761_20221021_104628,107849
1016109_20200318_103316,107850
1016109_20200723_075752,107851
1016109_20210121_180218,107852
1016109_20210128_205036,107853
1016109_20210223_212250,107854
1016109_20210301_213908,107855
1016109_20210530_211323,107856
1016109_20210810_165212,107857
1016109_20211030_232421,107858
1016109_20211031_000614,107859
1016109_20211101_000232,107860
1016109_20211120_160207,107861
1016109_20211129_222218,107862
1016109_20211211_173308,107863
1016109_20220509_202219,107864
1016109_20220526_210709,107865
1016109_20220705_213222,107866
1016109_20220811_032248,107867
1016109_20221005_102800,107868
1016109_20221029_015033,107869
1016667_20200318_232304,107870
1016667_20200319_040123,107871
1016667_20200528_083134,107872
1016667_20200606_082908,107873
1016667_20210122_200232,107874
1016667_20210419_064826,107875
1016667_20210725_153231,107876
1016667_20211220_211532,107877
1016667_20211220_221243,107878
1016667_20211226_040940,107879
1016667_20220708_032308,107880
1017411_20200618_010956,107881
1017411_20200619_044450,107882
1017411_20220414_172425,107883
1017411_20220624_110732,107884
1017828_20200318_221604,107885
1017828_20200427_155309,107886
1017828_20200713_130840,107887
1017828_20200815_034144,107888
1017828_20201011_194613,107889
1017828_20210809_170853,107890
1017828_20210811_005847,107891
1017828_20210906_224006,107892
1017828_20220107_065735,107893
1017828_20220605_115229,107894
1017828_20220904_191325,107895
1018641_20200318_225338,107896
1018641_20200613_200441,107897
1018641_20210405_011047,107898
1018641_20211103_203430,107899
1018641_20211103_055150,107900
1018641_20211103_062050,107901
1018641_20211220_215020,107902
1018641_20211220_214927,107903
1018641_20211220_223047,107904
1018641_20211221_013752,107905
1018641_20211221_032956,107906
1018641_20211221_050647,107907
1018641_20211221_003348,107908
1018641_20211224_012836,107909
1018641_20211227_004032,107910
1018641_20211229_175606,107911
1018641_20220104_062511,107912
1018641_20220115_025839,107913
1018641_20220118_082953,107914
1018641_20220120_193545,107915
1018641_20220310_194336,107916
1018641_20220321_154536,107917
1018641_20220415_044559,107918
1018641_20220428_161859,107919
1018641_20220430_203304,107920
1018641_20220627_122528,107921
1018641_20220703_164436,107922
1018641_20220714_225004,107923
1018641_20220719_092803,107924
1018641_20220820_185736,107925
1018641_20220913_162732,107926
nc73845886_20200318_125307,107927
nc73845886_20200722_005519,107928
nc73845886_20210717_171552,107929
nc73845886_20211213_014642,107930
nc73845886_20220409_194905,107931
nc73845886_20220903_134055,107932
1008291_20200319_003608,107933
1008291_20201210_202733,107934
1008291_20210329_040027,107935
1008291_20210623_012019,107936
1008291_20210723_122518,107937
1008291_20210905_035946,107938
1008291_20210918_083554,107939
1008291_20211103_120546,107940
1008291_20211220_215611,107941
1008291_20211220_233322,107942
1008291_20211221_002654,107943
1008291_20211221_112923,107944
1008291_20211221_184414,107945
1008291_20211221_070307,107946
1008291_20211221_093929,107947
1008291_20211221_114210,107948
1008291_20211223_100005,107949
1008291_20211224_034216,107950
1008291_20220103_233536,107951
1008291_20220125_075531,107952
1008291_20220128_160232,107953
1008291_20220204_174038,107954
1008291_20220208_134238,107955
1008291_20220216_030509,107956
1008291_20220309_235208,107957
1008291_20220511_234159,107958
1008291_20220901_152045,107959
1008291_20221011_185310,107960
1008291_20221029_041537,107961
1010811_20200319_210531,107962
1010811_20200630_131054,107963
1010811_20211114_000804,107964
1010811_20211221_221312,107965
1010811_20220101_105028,107966
1010811_20220128_033134,107967
1010811_20220312_102301,107968
1010811_20220412_184049,107969
1010811_20220416_074042,107970
1010811_20221009_190502,107971
1010949_20200319_021914,107972
1010949_20200322_021754,107973
1010949_20200322_101516,107974
1010949_20200623_075756,107975
1010949_20200719_222832,107976
1010949_20200727_054353,107977
1010949_20210415_085641,107978
1010949_20210716_185915,107979
1010949_20210804_185846,107980
1010949_20210821_162333,107981
1010949_20211103_164758,107982
1010949_20211103_073249,107983
1010949_20211203_104213,107984
1010949_20211221_071820,107985
1010949_20211221_073630,107986
1010949_20211221_062456,107987
1010949_20220213_112053,107988
1010949_20220426_223544,107989
1010949_20220818_084153,107990
1010949_20221108_084030,107991
1012085_20200319_155101,107992
1012085_20210617_132346,107993
1012085_20210617_041359,107994
1012085_20210617_042527,107995
1012085_20210617_164758,107996
1012085_20211229_175137,107997
1012085_20220122_103420,107998
1012085_20220215_011231,107999
1012085_20220220_033004,108000
1012085_20220929_112816,108001
1012085_20221005_051529,108002
1013966_20200319_043731,108003
1013966_20220715_153027,108004
1013966_20220814_011349,108005
1017055_20200319_060815,108006
1017055_20200913_114218,108007
1017055_20220806_114623,108008
1017086_20200319_040028,108009
1017086_20200407_161913,108010
1017086_20210520_080114,108011
1017086_20210609_144315,108012
1017086_20210719_005328,108013
1017086_20210815_124941,108014
1017086_20210819_083216,108015
1017086_20211103_012203,108016
1017086_20211103_015727,108017
1017086_20211103_021101,108018
1017086_20211103_064252,108019
1017086_20211220_235133,108020
1017086_20211221_024739,108021
1017086_20211221_081350,108022
1017086_20211221_033035,108023
1017086_20220107_023004,108024
1017086_20220812_173401,108025
nc73840536_20200319_060427,108026
nc73840536_20200405_074043,108027
nc73840536_20211220_225553,108028
nc73840536_20211229_085756,108029
1013288_20200320_045746,108030
1013288_20200320_141539,108031
1013288_20200320_151753,108032
1013288_20200330_001845,108033
1013288_20200418_060925,108034
1013288_20210630_230820,108035
1013288_20210801_064520,108036
1013288_20211128_073514,108037
1013288_20220121_022525,108038
1013288_20220205_075500,108039
1013288_20220514_035343,108040
1013288_20220701_040516,108041
1013288_20220701_023946,108042
1013288_20220701_021731,108043
1013288_20220701_040052,108044
1013288_20220715_183044,108045
1013288_20220729_184047,108046
1013288_20220729_181917,108047
1013288_20220729_181310,108048
1013288_20220816_154621,108049
1013288_20220925_053643,108050
nc73821316_20200320_145016,108051
nc73821316_20200715_213023,108052
nc73821316_20200901_035146,108053
nc73821316_20210412_210707,108054
nc73821316_20210526_214236,108055
nc73821316_20211109_130331,108056
nc73821316_20211205_192448,108057
nc73821316_20220404_153310,108058
nc73821316_20220602_073942,108059
nc73821316_20220918_104328,108060
nc73821316_20220923_155633,108061
nc73821316_20220928_230912,108062
nc73822526_20200320_084918,108063
nc73822526_20211017_095908,108064
nc73822526_20220806_142712,108065
1008613_20200321_092932,108066
1008613_20211103_110847,108067
1008613_20211103_041039,108068
1008613_20211103_163614,108069
1008613_20211220_215850,108070
1008613_20220106_192144,108071
1013880_20200321_121710,108072
1013880_20200926_051146,108073
1013880_20201101_183131,108074
1013880_20210406_214703,108075
1013880_20211028_031737,108076
1013880_20211028_051028,108077
1013880_20211101_232037,108078
1013880_20211107_024739,108079
1013880_20211221_054705,108080
1013880_20220213_162015,108081
1013880_20220423_200010,108082
1013880_20220617_143804,108083
1013880_20220627_184729,108084
1013880_20221123_032932,108085
1017628_20200829_143251,108086
1017628_20201102_192514,108087
1017628_20201102_193503,108088
1017628_20210706_035402,108089
1017628_20210802_210042,108090
1017628_20210923_095502,108091
1017628_20211002_123115,108092
1017628_20211002_123628,108093
1017628_20211002_104634,108094
1017628_20211011_192304,108095
1017628_20220220_010054,108096
1017628_20220624_153135,108097
1017628_20220731_090331,108098
1017628_20220801_083435,108099
1017628_20220819_155423,108100
1017628_20220921_110536,108101
1012851_20200323_033820,108102
nc73822201_20200324_070214,108103
nc73822201_20201008_120335,108104
nc73822201_20201121_005145,108105
nc73822201_20210728_025249,108106
nc73822201_20211006_051110,108107
nc73822201_20221111_230809,108108
nc73867355_20200325_055335,108109
nc73867355_20220330_134711,108110
1010599_20200326_034544,108111
1010599_20210211_074213,108112
1010599_20210729_021933,108113
1010599_20211223_050221,108114
1010599_20221025_054340,108115
1018061_20200326_092053,108116
1018061_20200413_224144,108117
1018061_20200515_030648,108118
1018061_20200515_050558,108119
1018061_20200524_191922,108120
1018061_20200601_030325,108121
1018061_20200601_035137,108122
1018061_20200917_140656,108123
1018061_20210706_092532,108124
1018061_20210707_085627,108125
1018061_20210707_085758,108126
1018061_20210707_085742,108127
1018061_20210717_081624,108128
1018061_20210717_080506,108129
1018061_20210717_080438,108130
1018061_20210802_062532,108131
1018061_20210913_082853,108132
1018061_20210913_124756,108133
1018061_20210916_063123,108134
1018061_20210925_193349,108135
1018061_20210925_193213,108136
1018061_20210925_210854,108137
1018061_20210925_225156,108138
1018061_20210925_194440,108139
1018061_20210926_022906,108140
1018061_20210926_081226,108141
1018061_20210926_024630,108142
1018061_20210926_054410,108143
1018061_20211002_141950,108144
1018061_20211002_151822,108145
1018061_20211002_135822,108146
1018061_20211002_135100,108147
1018061_20211010_105712,108148
1018061_20211010_095655,108149
1018061_20211010_120307,108150
1018061_20211010_100832,108151
1018061_20211010_115445,108152
1018061_20211010_110944,108153
1018061_20211010_110825,108154
1018061_20211010_115503,108155
1018061_20211012_032025,108156
1018061_20211012_032034,108157
1018061_20211015_080158,108158
1018061_20211018_051058,108159
1018061_20211018_050930,108160
1018061_20211022_104820,108161
1018061_20211208_213120,108162
1018061_20220101_140602,108163
1018061_20220323_035343,108164
1018061_20220325_191529,108165
1018061_20220325_142733,108166
1018061_20220325_144208,108167
1018061_20220325_115044,108168
1018061_20220326_041316,108169
1018061_20220326_102921,108170
1018061_20220326_094618,108171
1018061_20220327_033040,108172
1018061_20220327_124416,108173
1018061_20220327_075922,108174
1018061_20220330_115259,108175
1018061_20220402_161304,108176
1018061_20220603_074916,108177
1018061_20220622_002821,108178
1018061_20220703_233011,108179
1018061_20220715_221217,108180
1018061_20220731_112426,108181
1018061_20220817_062308,108182
1018061_20221119_134215,108183
1018061_20221119_152224,108184
1018061_20221119_141600,108185
1012505_20200327_020950,108186
1012505_20211128_072723,108187
1012505_20211221_002610,108188
1017375_20200327_133419,108189
1017375_20200328_101216,108190
1017375_20200410_013550,108191
1017375_20200623_032924,108192
1017375_20200624_043344,108193
1017375_20200711_165831,108194
1017375_20200725_224313,108195
1017375_20200726_231553,108196
1017375_20200914_164633,108197
1017375_20200926_204336,108198
1017375_20200927_050149,108199
1017375_20201026_042333,108200
1017375_20201215_140012,108201
1017375_20201216_232301,108202
1017375_20201217_222347,108203
1017375_20201220_152412,108204
1017375_20201222_193124,108205
1017375_20201229_123408,108206
1017375_20201229_125103,108207
1017375_20201229_125115,108208
1017375_20201231_143009,108209
1017375_20210101_172328,108210
1017375_20210102_005359,108211
1017375_20210103_134628,108212
1017375_20210105_132604,108213
1017375_20210121_235114,108214
1017375_20210129_121719,108215
1017375_20210202_024224,108216
1017375_20210208_233425,108217
1017375_20210312_172554,108218
1017375_20210317_050835,108219
1017375_20210406_160523,108220
1017375_20210407_212243,108221
1017375_20210410_175750,108222
1017375_20210412_083411,108223
1017375_20210420_050452,108224
1017375_20210420_022527,108225
1017375_20210427_235132,108226
1017375_20210608_154455,108227
1017375_20210616_103548,108228
1017375_20210617_062514,108229
1017375_20210823_180026,108230
1017375_20210926_193649,108231
1017375_20211018_202711,108232
1017375_20211222_213658,108233
1017375_20220119_113948,108234
1017375_20220320_202809,108235
1017375_20220323_100740,108236
1017375_20220812_024428,108237
1017375_20220903_193551,108238
1009814_20200328_094705,108239
1009814_20200613_123522,108240
1009814_20210525_191406,108241
1009814_20210720_060538,108242
1009814_20210721_130352,108243
1009814_20211218_101822,108244
1009814_20211218_095319,108245
1009814_20211223_140327,108246
1009814_20211227_233740,108247
1009814_20220212_092845,108248
1009814_20220425_230539,108249
1009814_20220426_142700,108250
1009814_20220907_152602,108251
1009814_20220920_054138,108252
nc73821551_20200328_121952,108253
nc73821551_20200914_174756,108254
nc73821551_20211224_182918,108255
1015934_20200329_021037,108256
1015934_20200425_122619,108257
1015934_20211003_055504,108258
1015934_20211119_064932,108259
1013241_20200331_025504,108260
1018294_20200403_091637,108261
1018294_20200418_185739,108262
1018294_20200714_091621,108263
1018294_20200717_160105,108264
1018294_20200719_141400,108265
1018294_20200719_071602,108266
1018294_20200719_134708,108267
1018294_20200720_023657,108268
1018294_20200723_063421,108269
1018294_20211221_014949,108270
1018294_20211221_043916,108271
1018294_20211221_042914,108272
1018294_20211221_015041,108273
1018294_20220419_172028,108274
1018294_20220720_074901,108275
1018294_20220828_202845,108276
1017156_20200404_184905,108277
1017156_20200426_155808,108278
1017156_20200725_161001,108279
1017156_20200818_101928,108280
1017156_20200911_171357,108281
1017156_20201016_012817,108282
1017156_20201105_091440,108283
1017156_20201108_233843,108284
1017156_20201203_224043,108285
1017156_20210307_050246,108286
1017156_20210320_231613,108287
1017156_20210525_092055,108288
1017156_20210902_055928,108289
1017156_20211021_131101,108290
1017156_20211030_083533,108291
1017156_20211123_083650,108292
1017156_20211123_150426,108293
1017156_20211124_170130,108294
1017156_20211124_084940,108295
1017156_20211126_133940,108296
1017156_20211128_210330,108297
1017156_20211130_112907,108298
1017156_20211211_132543,108299
1017156_20211220_205125,108300
1017156_20211221_092752,108301
1017156_20211221_012836,108302
1017156_20211221_014412,108303
1017156_20211221_194948,108304
1017156_20211221_175150,108305
1017156_20211221_112353,108306
1017156_20211224_165556,108307
1017156_20211227_000217,108308
1017156_20220103_213926,108309
1017156_20220107_231641,108310
1017156_20220117_060437,108311
1017156_20220124_215856,108312
1017156_20220201_033846,108313
1017156_20220212_151450,108314
1017156_20220314_175418,108315
1017156_20220314_065615,108316
1017156_20220323_044507,108317
1017156_20220325_113906,108318
1017156_20220524_085134,108319
1017156_20220524_035656,108320
1017156_20220602_231802,108321
1017156_20220624_005946,108322
1017156_20220710_221921,108323
1017156_20220901_161018,108324
1017156_20221016_164242,108325
1017156_20221111_100010,108326
1017156_20221129_051847,108327
nc73874615_20200405_013154,108328
nc73874615_20201228_141923,108329
nc73874615_20210208_215539,108330
nc73874615_20210531_141808,108331
nc73874615_20210713_231227,108332
nc73874615_20211201_112739,108333
nc73874615_20220123_094253,108334
nc73874615_20220123_180016,108335
nc73874615_20220825_091946,108336
nc73874615_20220830_161552,108337
nc73874615_20220831_203249,108338
1013644_20200406_000521,108339
1013644_20211028_032732,108340
1013644_20211104_141746,108341
1016438_20200407_112708,108342
1016438_20220514_031035,108343
1016438_20220605_234024,108344
nc73834656_20200408_184051,108345
nc73834656_20220505_143104,108346
1013387_20200409_072816,108347
1013387_20200927_021204,108348
1013387_20210322_040254,108349
1013387_20210918_021618,108350
1013387_20211205_022544,108351
1013387_20211221_032330,108352
1013387_20220515_092910,108353
1013387_20220530_084150,108354
1013387_20220702_034641,108355
1013462_20200409_083801,108356
1013462_20210221_193538,108357
1013462_20211031_111833,108358
1013462_20220206_094913,108359
1013462_20220609_071218,108360
1014366_20200409_210124,108361
1014366_20200711_171952,108362
1014366_20200812_112824,108363
1014366_20200812_112332,108364
1014366_20200816_232148,108365
1014366_20201004_093729,108366
1014366_20201008_044656,108367
1014366_20201103_071903,108368
1014366_20210219_095421,108369
1014366_20210601_215542,108370
1014366_20220109_041148,108371
1014366_20220113_170619,108372
1014366_20220207_114635,108373
1014366_20220212_154427,108374
1014366_20220421_170741,108375
1014366_20220422_175541,108376
1014366_20220718_164856,108377
1014366_20220727_043527,108378
1014366_20220803_063348,108379
1014366_20220901_104509,108380
1014366_20221126_103434,108381
1014366_20221126_133037,108382
1016793_20200409_101058,108383
1016793_20201129_103433,108384
1016793_20211220_203253,108385
1016793_20211220_222710,108386
1016793_20211221_005528,108387
1016793_20211221_121310,108388
1016793_20211223_053727,108389
1016793_20220102_005353,108390
1016793_20220115_073844,108391
1016793_20220225_082704,108392
1016793_20220228_021831,108393
1016793_20220418_121019,108394
1016793_20220420_111454,108395
1016793_20220622_180211,108396
1016793_20220626_052319,108397
1016793_20220706_114429,108398
1016793_20220830_083716,108399
1016793_20220905_000323,108400
1016793_20220922_063718,108401
1016793_20221008_111301,108402
1016793_20221008_090345,108403
1016793_20221021_142839,108404
1016793_20221031_113755,108405
1016793_20221102_135703,108406
1016793_20221112_152941,108407
1016793_20221116_064839,108408
1017413_20200411_232319,108409
1017413_20210613_203141,108410
1017413_20210906_025810,108411
1017413_20220128_060453,108412
1013417_20200413_095832,108413
1013417_20200828_235045,108414
1013417_20200924_221736,108415
1013417_20210203_012128,108416
1013417_20210218_024513,108417
1013417_20210220_014435,108418
1013417_20210331_070659,108419
1013417_20210819_221102,108420
1013417_20210819_193746,108421
1013417_20211129_212726,108422
1013417_20211221_134709,108423
1013417_20220213_085423,108424
1013417_20220518_235837,108425
1013417_20220612_001230,108426
1013417_20220715_042813,108427
1013417_20220828_221654,108428
1013417_20221017_003929,108429
1013417_20221114_212740,108430
1011968_20200414_001309,108431
1011968_20200418_072351,108432
1011968_20201121_062535,108433
1011968_20201121_072609,108434
1011968_20210918_090503,108435
1011968_20220118_232405,108436
1011968_20220118_232502,108437
1011968_20220119_203345,108438
1011968_20220119_212933,108439
1011968_20220120_000619,108440
1011968_20220120_160953,108441
1011968_20220207_024048,108442
1013739_20200415_020545,108443
1013739_20200913_114412,108444
1013739_20210405_213201,108445
1013739_20210628_162802,108446
1013739_20211220_221644,108447
1013739_20221011_105408,108448
1015404_20200416_211014,108449
1015404_20200624_232541,108450
1015404_20200626_044210,108451
1015404_20210203_025245,108452
1015404_20211220_220757,108453
1015404_20211222_073816,108454
1008421_20200418_043247,108455
1009343_20200419_135945,108456
1009343_20200914_220719,108457
1010115_20200419_154139,108458
1010115_20211223_150735,108459
1013353_20200419_160858,108460
1013353_20200419_155849,108461
1013353_20200526_023335,108462
1013353_20200626_103900,108463
1013353_20220122_111016,108464
1013353_20220129_061429,108465
1013759_20200419_162107,108466
1013759_20210521_112032,108467
1013759_20211008_123355,108468
1013759_20211015_110214,108469
1013759_20211020_094914,108470
1013759_20220106_092224,108471
1013759_20220626_080811,108472
1013759_20220709_235012,108473
1013765_20200419_232422,108474
1013765_20200821_164102,108475
1013765_20201011_175440,108476
1013765_20210122_180241,108477
1013765_20210626_082122,108478
1013765_20210926_072114,108479
1013765_20211105_181254,108480
1013765_20211107_045042,108481
1013765_20211212_204807,108482
1013765_20220115_162957,108483
1013765_20220128_062322,108484
1013765_20220222_161135,108485
1013765_20220302_233518,108486
1013765_20220302_233511,108487
1013765_20220503_130925,108488
1013765_20221006_185235,108489
nc73822221_20200419_064557,108490
1010496_20200421_112154,108491
1010496_20200619_053029,108492
1010496_20210312_013038,108493
1010496_20210614_223504,108494
1010496_20210614_213602,108495
1010496_20210614_214445,108496
1010496_20210615_094420,108497
1010496_20210615_085306,108498
1010496_20210615_093002,108499
1010496_20210615_091505,108500
1010496_20211211_042038,108501
1008777_20200422_105404,108502
1008777_20210420_211553,108503
1008777_20220401_042643,108504
1009541_20200424_015536,108505
1014235_20200424_043224,108506
1015168_20200424_184427,108507
1015168_20210317_075824,108508
1015168_20210321_140832,108509
1015168_20210321_145250,108510
1015168_20211121_022134,108511
1016607_20200424_184434,108512
1016607_20221112_185949,108513
nc73821066_20200430_135056,108514
nc73821066_20211220_225649,108515
nc73821066_20220514_032138,108516
nc73821066_20220514_031251,108517
nc73822071_20200430_233513,108518
1014398_20200502_200252,108519
1014398_20200525_053104,108520
1014398_20200618_100219,108521
1014398_20200827_084836,108522
1014398_20201119_000155,108523
1014398_20201219_234353,108524
1014398_20201222_135655,108525
1014398_20201222_023125,108526
1014398_20210306_054950,108527
1014398_20210307_092935,108528
1014398_20210322_142821,108529
1014398_20210322_164307,108530
1014398_20210322_151946,108531
1014398_20210327_201140,108532
1014398_20210328_083814,108533
1014398_20210328_051946,108534
1014398_20210328_113724,108535
1014398_20210328_013153,108536
1014398_20210523_161408,108537
1014398_20210623_210932,108538
1014398_20210709_150127,108539
1014398_20210712_232224,108540
1014398_20210717_023454,108541
1014398_20220107_181614,108542
1014398_20220429_225145,108543
1014398_20220512_090320,108544
1014398_20220710_150817,108545
1014398_20220803_221141,108546
1014398_20220928_084251,108547
1014398_20220928_083911,108548
1014398_20221009_082300,108549
1014398_20221021_041820,108550
1014398_20221027_194636,108551
1014398_20221121_181332,108552
1014398_20221122_051200,108553
1014398_20221122_051234,108554
1011679_20200503_034844,108555
1011679_20200604_095934,108556
1011679_20200608_053737,108557
1011679_20200831_230456,108558
1011679_20201218_230557,108559
1011679_20210117_015022,108560
1011679_20210709_064759,108561
1011679_20210919_094236,108562
1011679_20220107_190302,108563
1011679_20220207_023730,108564
1011679_20220928_155637,108565
1009086_20200505_154119,108566
1009086_20210715_135107,108567
1009086_20220913_185234,108568
nc73822146_20200506_021526,108569
nc73822146_20210727_073424,108570
1010071_20200509_234821,108571
1010071_20200509_233258,108572
1012928_20200509_232607,108573
1012928_20200509_232108,108574
1012928_20200509_233829,108575
1015960_20200511_180744,108576
1015960_20200519_160641,108577
1015960_20220319_173845,108578
1015960_20220418_013150,108579
1010944_20200513_050842,108580
1018046_20200513_200304,108581
1018046_20200513_183114,108582
1018046_20200514_183858,108583
1018046_20200520_165114,108584
1018046_20200521_134428,108585
1018046_20200828_063409,108586
1018046_20210330_171225,108587
1018046_20210330_224334,108588
1018046_20210331_174058,108589
1018046_20210401_061655,108590
1018046_20210401_051824,108591
1018046_20210407_043752,108592
1018046_20210926_203315,108593
1018046_20211217_193736,108594
1018046_20220828_144215,108595
1018046_20221024_214536,108596
1018046_20221024_231610,108597
1018046_20221111_164255,108598
1018643_20200515_212844,108599
1018643_20200808_030736,108600
1018643_20210718_083744,108601
1018643_20211220_234616,108602
1018643_20220426_121615,108603
1018643_20220614_042940,108604
1018643_20220629_021833,108605
1010991_20200518_155012,108606
1010991_20200620_070343,108607
1010991_20210524_120445,108608
1009126_20200521_054936,108609
1009126_20200521_060018,108610
1011746_20200521_054932,108611
1011746_20200521_060013,108612
1010208_20200522_075316,108613
1010208_20220314_220204,108614
1010208_20221123_084111,108615
1013986_20200527_172846,108616
1013986_20211221_091412,108617
1011295_20200529_031010,108618
1013606_20200530_150602,108619
1013606_20201105_210929,108620
1013606_20211015_191007,108621
nc73822556_20200530_122721,108622
1017396_20200531_140209,108623
1012585_20200601_235817,108624
1012585_20200624_045653,108625
1012585_20200625_130035,108626
1012585_20200703_185000,108627
1012585_20200715_105300,108628
1012585_20200715_172037,108629
1012585_20210614_232251,108630
1012585_20211222_075944,108631
1012585_20211223_142026,108632
1012585_20211224_042656,108633
1012585_20211225_005402,108634
1012585_20220106_142755,108635
1012585_20220119_221658,108636
1016386_20200602_104405,108637
1016386_20201129_011732,108638
1016386_20210414_175843,108639
1016386_20210614_191824,108640
1016386_20210704_203544,108641
1016386_20210724_142435,108642
1016386_20211023_120646,108643
1016386_20211220_170933,108644
1016386_20220123_102317,108645
1016386_20220312_052101,108646
1016386_20220510_164947,108647
1016386_20220525_132647,108648
1016386_20220614_014855,108649
1016386_20220703_060028,108650
1016386_20220817_020357,108651
1016386_20221023_214819,108652
1016386_20221102_171231,108653
1015927_20200603_123540,108654
1015927_20211012_032725,108655
1009004_20200606_071844,108656
1014212_20200607_091849,108657
1014212_20220107_011930,108658
1014212_20220119_073429,108659
1014212_20220130_153914,108660
1014212_20220131_060249,108661
1014212_20220205_171031,108662
1014212_20220305_150456,108663
1014212_20220305_152000,108664
1014212_20220305_141315,108665
1014212_20220305_152433,108666
1014212_20220305_152426,108667
1014212_20220316_232848,108668
1014212_20220317_160109,108669
1014212_20220318_020221,108670
1014212_20220318_025556,108671
1014212_20220323_001552,108672
1014212_20220513_211304,108673
1014212_20220513_110301,108674
1014212_20220709_131058,108675
1014212_20220719_144303,108676
1014212_20220719_055912,108677
1014212_20220724_163715,108678
1014212_20220724_201626,108679
1014212_20220726_025653,108680
1014212_20220912_075619,108681
1014212_20220912_162623,108682
1014212_20220912_065634,108683
1014212_20220912_065716,108684
1014212_20220912_064745,108685
1014212_20220912_070214,108686
1014212_20220912_065547,108687
1014212_20220912_070041,108688
1014212_20220912_065844,108689
1014212_20220913_120009,108690
1014212_20220913_123828,108691
1014212_20220913_235939,108692
1014212_20220915_043842,108693
1014212_20220919_104520,108694
1014212_20221013_000153,108695
1014212_20221030_082041,108696
1014212_20221121_110327,108697
1014212_20221121_095647,108698
1014212_20221121_112443,108699
1014212_20221121_110534,108700
1014212_20221121_120233,108701
1014212_20221121_122143,108702
1014212_20221121_110454,108703
1014212_20221122_013911,108704
1014212_20221124_071624,108705
1014212_20221127_082921,108706
1014212_20221127_071505,108707
1014212_20221127_070421,108708
1014212_20221128_022949,108709
1016837_20200607_084304,108710
1016837_20210728_043042,108711
1016837_20210812_040615,108712
1016837_20211027_090352,108713
1016837_20220303_184855,108714
nc73837866_20200607_181358,108715
nc73837866_20200814_123833,108716
nc73837866_20210518_120550,108717
nc73837866_20210718_191832,108718
nc73837866_20220203_091234,108719
nc73837866_20221114_002045,108720
nc73837866_20221115_033949,108721
nc73837866_20221115_033534,108722
1013053_20200613_093834,108723
1009467_20200614_114545,108724
1009467_20210609_061804,108725
1009467_20210620_125656,108726
1009467_20220312_034440,108727
1009467_20220629_080217,108728
1009467_20220629_100406,108729
1009467_20220913_201535,108730
1009467_20220923_051542,108731
1009467_20221013_193555,108732
1009467_20221013_193624,108733
1016182_20200614_091955,108734
1016182_20200614_123353,108735
1016182_20201006_174122,108736
1016182_20210703_040904,108737
1016182_20210703_032657,108738
1016182_20210811_003429,108739
1016182_20210820_235104,108740
1016182_20210820_173419,108741
1016182_20210820_213804,108742
1016182_20210821_020158,108743
1016182_20210821_044300,108744
1016182_20210822_130131,108745
1016182_20210920_225447,108746
1016182_20211129_105742,108747
1016182_20211129_194207,108748
1016182_20211129_184248,108749
1016182_20211129_120939,108750
1016182_20220730_145810,108751
1016182_20220730_142308,108752
1016182_20220830_134328,108753
1016182_20220922_080249,108754
1016182_20220922_023648,108755
1016182_20220923_011936,108756
nc73822231_20200614_145840,108757
nc73822231_20210304_222258,108758
nc73822231_20220222_192713,108759
nc73822231_20220314_040041,108760
nc73822231_20220407_132919,108761
nc73864555_20200618_160643,108762
nc73864555_20211111_115734,108763
nc73864555_20220109_024812,108764
nc73864555_20220512_091134,108765
nc73864555_20220607_094901,108766
1015891_20200620_165048,108767
1015891_20201214_113035,108768
1009544_20200621_075807,108769
1012440_20200623_094632,108770
1012440_20200623_154328,108771
1012440_20200623_150405,108772
1012440_20200623_092833,108773
1012440_20210201_004426,108774
1012440_20210312_061215,108775
1012440_20211003_153330,108776
1012440_20211003_154244,108777
1012440_20211005_061843,108778
1012440_20211005_035929,108779
1012440_20211006_164529,108780
1012440_20211006_144724,108781
1012440_20211006_171328,108782
1012440_20211006_025031,108783
1012440_20211006_184027,108784
1012440_20211006_194919,108785
1012440_20211006_193917,108786
1012440_20211006_004712,108787
1012440_20211006_205753,108788
1012440_20211006_114223,108789
1012440_20211007_192339,108790
1012440_20211008_063329,108791
1012440_20211008_045835,108792
1012440_20211009_203118,108793
1012440_20211009_194444,108794
1012440_20211009_035730,108795
1012440_20211009_194038,108796
1012440_20211010_145546,108797
1012440_20211010_054008,108798
1012440_20211222_203528,108799
1012440_20220915_212907,108800
1009509_20200624_165850,108801
1009509_20200624_145344,108802
1009509_20200625_055911,108803
1009509_20200625_171827,108804
1009509_20200626_174704,108805
1009509_20200626_125857,108806
1009509_20200626_045432,108807
1009509_20200626_030404,108808
1009509_20200627_154746,108809
1009509_20200627_032334,108810
1009509_20200627_123413,108811
1009509_20200627_131704,108812
1009509_20200627_032613,108813
1009509_20200628_070315,108814
1009509_20200628_215729,108815
1009509_20200628_025214,108816
1009509_20200628_094235,108817
1009509_20200629_220225,108818
1009509_20200630_033327,108819
1009509_20200630_111620,108820
1009509_20200701_024908,108821
1009509_20200705_022910,108822
1009509_20200705_091713,108823
1009509_20200711_151243,108824
1009509_20200715_120026,108825
1009509_20200719_015020,108826
1009509_20210718_101623,108827
1009509_20210723_042245,108828
1009509_20210723_065024,108829
1009509_20210923_193316,108830
1018243_20200627_091729,108831
1018243_20200627_013836,108832
1018243_20200707_225304,108833
1018243_20210628_091748,108834
1018243_20211003_050452,108835
1018243_20211012_140017,108836
1018243_20220219_180947,108837
1016210_20200629_093313,108838
1016210_20210407_103850,108839
1016210_20211107_024254,108840
1016210_20220515_100837,108841
1016210_20220530_055159,108842
1013820_20200630_182445,108843
1013820_20201107_050331,108844
1013820_20210625_114703,108845
1013820_20210629_144928,108846
1013820_20210712_080652,108847
1013820_20210731_154027,108848
1013820_20211006_181756,108849
1013820_20220107_223442,108850
1013820_20220121_155259,108851
1013820_20220131_082636,108852
1013820_20220606_082520,108853
1013820_20220726_052028,108854
1013820_20221119_115709,108855
1009326_20200704_061400,108856
1009326_20210607_214345,108857
1009326_20220602_025856,108858
1016624_20200706_150316,108859
nc73840766_20200708_150451,108860
nc73840766_20210731_174145,108861
nc73840766_20220609_215836,108862
nc73840766_20221106_112543,108863
1008975_20200712_061009,108864
1008975_20210725_091232,108865
1008975_20220920_203529,108866
1008975_20221006_045649,108867
1015212_20200718_133403,108868
1015212_20200721_081958,108869
1015212_20210319_070630,108870
1015212_20211003_232233,108871
1015212_20211215_130302,108872
1015212_20220922_184605,108873
1016629_20200720_180931,108874
1016629_20210617_123513,108875
1016629_20210624_025834,108876
1016629_20211010_013906,108877
1016629_20211012_153558,108878
1016629_20211016_020557,108879
1016629_20211016_031243,108880
1016629_20211016_031428,108881
1016629_20211117_053123,108882
1016629_20211216_023444,108883
1016629_20211221_163851,108884
1016629_20211231_091328,108885
1016629_20220106_185023,108886
1016629_20220107_231411,108887
1016629_20220221_030224,108888
1016629_20220313_221028,108889
1016629_20220618_120149,108890
1016629_20220618_120020,108891
1016629_20220902_015306,108892
1016629_20220915_015209,108893
1016629_20221011_130237,108894
1016629_20221110_014558,108895
1016629_20221118_011846,108896
1012120_20200721_095836,108897
nc73869735_20200727_055605,108898
nc73869735_20211016_110825,108899
nc73869735_20211221_022332,108900
nc73822906_20200728_105420,108901
nc73822906_20200907_050205,108902
1018595_20200729_115345,108903
1018595_20200920_183617,108904
1018595_20201006_051941,108905
1018595_20201125_074637,108906
1018595_20220101_140414,108907
1018595_20220902_103900,108908
1018595_20220902_124637,108909
1018595_20220902_083016,108910
1018595_20220903_001805,108911
1018595_20220903_054835,108912
1018595_20221003_053623,108913
1016891_20200812_011909,108914
1016891_20210917_114035,108915
1016891_20220324_095021,108916
1016891_20220918_080445,108917
1013772_20200814_075914,108918
1013772_20200814_072917,108919
1013772_20201001_051450,108920
1013772_20211116_185001,108921
1011058_20200817_224409,108922
1011058_20200817_223702,108923
1011058_20201109_020538,108924
1011058_20210629_053228,108925
1011058_20210902_070332,108926
1011058_20210902_083305,108927
nc73889661_20200818_074221,108928
nc73889661_20210311_144030,108929
nc73889661_20210901_213944,108930
nc73889661_20211103_010327,108931
nc73889661_20211119_080933,108932
nc73889661_20211220_224147,108933
nc73889661_20211220_223939,108934
nc73889661_20211220_234413,108935
nc73889661_20211220_202004,108936
nc73889661_20211220_203920,108937
nc73889661_20211220_221348,108938
nc73889661_20211220_231145,108939
nc73889661_20211220_235429,108940
nc73889661_20211221_105623,108941
nc73889661_20211221_042059,108942
nc73889661_20211221_020025,108943
nc73889661_20211221_202846,108944
nc73889661_20211221_005756,108945
nc73889661_20211222_061637,108946
nc73889661_20211222_042446,108947
nc73889661_20211222_084817,108948
nc73889661_20211223_215808,108949
nc73889661_20211223_105557,108950
nc73889661_20211224_103850,108951
nc73889661_20211224_004840,108952
nc73889661_20211225_202503,108953
nc73889661_20220104_083323,108954
nc73889661_20220308_125615,108955
1013672_20200819_092036,108956
1013672_20210730_070116,108957
1013672_20211222_184658,108958
1013672_20220920_204619,108959
1018742_20200822_024634,108960
1018742_20220924_170817,108961
1010740_20200823_001902,108962
1010740_20200907_042658,108963
1010740_20200907_040406,108964
1011677_20200823_055451,108965
1011677_20200828_215757,108966
1011677_20210728_040615,108967
1013611_20200824_143742,108968
1013611_20200930_064449,108969
1012775_20200825_020340,108970
1012775_20201207_045916,108971
1012775_20201207_045409,108972
1012775_20210405_064302,108973
1012775_20210602_080104,108974
1012775_20210619_150943,108975
1012775_20210802_014232,108976
1012775_20210927_135430,108977
1012775_20211119_051406,108978
1012775_20211126_155618,108979
nc73822001_20200828_082612,108980
nc73822001_20220724_171545,108981
1010034_20200831_171335,108982
1010034_20220912_060857,108983
1013868_20200901_091141,108984
1013868_20200905_043129,108985
1013868_20201124_010338,108986
1013868_20210821_033308,108987
1013868_20210919_023015,108988
1013868_20221119_105058,108989
1018854_20200901_030028,108990
1018854_20201210_055002,108991
1018854_20210324_090616,108992
1010779_20200906_203125,108993
1010779_20200906_141844,108994
1010779_20200907_030436,108995
1010779_20200914_195713,108996
1010779_20201003_185144,108997
1010779_20201123_021729,108998
1010779_20201123_022701,108999
1010779_20201130_004410,109000
1010779_20210425_024415,109001
1010779_20210425_065827,109002
1010779_20210925_072132,109003
1010779_20211221_172227,109004
1010779_20220119_165043,109005
1010779_20220123_041744,109006
1010779_20220123_135542,109007
1010779_20220517_145229,109008
1015495_20200906_093747,109009
1015495_20200906_105513,109010
1015495_20210714_151404,109011
1015495_20220515_191857,109012
1015495_20220602_220651,109013
1015495_20220723_230735,109014
1015495_20220917_044208,109015
1012646_20200909_111218,109016
1012646_20220929_140130,109017
nc73836101_20200911_211556,109018
nc73836101_20200911_212414,109019
nc73836101_20210718_040208,109020
nc73836101_20220106_161151,109021
nc73836101_20220107_034825,109022
nc73836101_20220728_233244,109023
nc73836101_20220903_045308,109024
nc73836101_20220926_204026,109025
nc73836101_20221108_123151,109026
1011029_20200912_091003,109027
1011029_20211021_163057,109028
1011029_20211021_162318,109029
1011029_20211223_204615,109030
1011029_20220921_220200,109031
1011029_20221028_065229,109032
nc73821076_20200914_163314,109033
nc73821076_20211016_005617,109034
nc73821076_20220407_074359,109035
1011141_20200916_142252,109036
1011141_20210828_102215,109037
1009524_20200917_144252,109038
1009524_20210504_212144,109039
1009524_20210504_204928,109040
1009524_20210804_183346,109041
1009524_20211210_181903,109042
1009524_20220502_040224,109043
1011993_20200917_215514,109044
1011993_20211014_124557,109045
1011993_20220523_094906,109046
1011993_20220707_101642,109047
1011993_20220905_191310,109048
1012807_20200917_012149,109049
1012807_20210206_124637,109050
1012807_20221022_013208,109051
1014503_20200918_014950,109052
1014503_20200918_014009,109053
1014503_20210803_072529,109054
1014503_20210803_073410,109055
1014503_20210803_072521,109056
1014503_20211101_202311,109057
1014503_20220702_185453,109058
1014503_20220705_102616,109059
1014503_20220922_052024,109060
1014503_20220924_044850,109061
1017722_20200919_124943,109062
1017722_20201219_160416,109063
1017722_20210409_081914,109064
1017722_20210605_015435,109065
1017722_20210712_064109,109066
1017722_20210927_043441,109067
1017722_20211014_064715,109068
1017722_20211115_143328,109069
1017722_20211209_042510,109070
1017722_20220201_063131,109071
1017722_20220607_130110,109072
1017722_20220712_110433,109073
1017722_20221117_055637,109074
1017722_20221128_064429,109075
1017722_20221130_125407,109076
1009560_20200920_011614,109077
1009560_20211221_065028,109078
nc73821106_20200924_013702,109079
nc73821106_20201231_090052,109080
nc73821106_20210803_072801,109081
nc73821106_20210803_072811,109082
nc73821106_20220318_232252,109083
1013220_20200928_045241,109084
1013220_20211220_234033,109085
1009309_20200929_205721,109086
1012844_20201001_061836,109087
1012844_20210802_060350,109088
1018779_20201003_031306,109089
1018779_20201127_145122,109090
1018779_20210104_220623,109091
1018779_20210123_223245,109092
1018779_20210529_220748,109093
1018779_20211205_193315,109094
1009178_20201004_191809,109095
1009178_20210430_142859,109096
1009178_20220112_224454,109097
1009178_20220717_214012,109098
1009178_20221103_212534,109099
1010185_20201004_213236,109100
1010185_20210725_135712,109101
1010185_20211019_072657,109102
1010185_20211103_020951,109103
1010185_20211220_205153,109104
1015121_20201004_200239,109105
1015121_20210306_125541,109106
1015121_20210512_162342,109107
1015121_20211110_095234,109108
1015121_20211110_061048,109109
1013530_20201005_001047,109110
1010477_20201007_200559,109111
1010477_20201128_044613,109112
1010477_20210615_192341,109113
1010477_20211005_074639,109114
1010477_20211006_184925,109115
1010477_20211006_201713,109116
1010477_20211007_231541,109117
1010477_20211007_013812,109118
1010477_20211007_013314,109119
1010477_20211007_153720,109120
1010477_20211007_180453,109121
1010477_20211007_050326,109122
1010477_20211007_105829,109123
1010477_20211007_111754,109124
1010477_20211007_112534,109125
1010477_20211008_132018,109126
1010477_20211009_150248,109127
1010477_20211215_141429,109128
1011129_20201011_165404,109129
1011129_20220122_081504,109130
1013625_20201016_170458,109131
1010376_20201020_034820,109132
nc73824646_20201020_035702,109133
1009131_20201028_012323,109134
1009131_20210612_061033,109135
1009131_20210709_065117,109136
1009131_20211222_023437,109137
nc73858810_20201030_165420,109138
nc73858810_20211220_234902,109139
nc73858810_20211220_202708,109140
nc73858810_20211220_201454,109141
nc73858810_20211220_205100,109142
nc73858810_20211221_043424,109143
nc73858810_20211222_033748,109144
nc73858810_20211222_040446,109145
nc73858810_20211223_011324,109146
nc73858810_20211225_011527,109147
nc73858810_20211226_173629,109148
nc73858810_20211227_141220,109149
nc73858810_20211228_063234,109150
nc73858810_20220104_033723,109151
nc73858810_20220105_202038,109152
nc73858810_20220105_153702,109153
nc73858810_20220106_043133,109154
nc73858810_20220112_150018,109155
nc73858810_20220118_120001,109156
nc73858810_20220119_075957,109157
nc73858810_20220127_164423,109158
nc73858810_20220202_073725,109159
nc73858810_20220204_233657,109160
nc73858810_20220209_152907,109161
nc73858810_20220220_110251,109162
nc73858810_20220228_230131,109163
nc73858810_20220305_121048,109164
nc73858810_20220325_072924,109165
nc73858810_20220403_172151,109166
nc73858810_20220408_022659,109167
nc73858810_20220416_092642,109168
nc73858810_20220615_025215,109169
nc73858810_20220816_104030,109170
1010242_20201104_122317,109171
nc73858110_20201108_001547,109172
nc73858110_20201108_042027,109173
nc73858110_20210224_072919,109174
nc73858110_20210224_072537,109175
nc73858110_20210712_220022,109176
nc73858110_20211221_063057,109177
nc73858110_20220222_001304,109178
nc73858110_20220325_201845,109179
nc73858110_20220326_151117,109180
nc73858110_20220326_052228,109181
nc73858110_20220330_183600,109182
nc73858110_20220512_002615,109183
nc73858110_20220719_105926,109184
nc73858110_20220719_105954,109185
1013091_20201110_072944,109186
1013091_20210217_085657,109187
1013091_20210310_021759,109188
1013091_20210513_093224,109189
1013091_20220625_084506,109190
nc73846766_20201114_103429,109191
1010087_20201117_023530,109192
1017715_20201122_031830,109193
nc73813841_20201126_062527,109194
nc73813841_20210718_070550,109195
nc73813841_20210718_064937,109196
nc73813841_20210718_110241,109197
nc73813841_20210718_083541,109198
nc73813841_20210719_041009,109199
nc73813841_20210721_100535,109200
nc73813841_20210721_114404,109201
nc73813841_20210722_005850,109202
nc73813841_20210722_233440,109203
nc73813841_20210722_103645,109204
nc73813841_20210723_200955,109205
nc73813841_20210723_172714,109206
nc73813841_20210724_015003,109207
nc73813841_20210724_084149,109208
nc73813841_20210724_083842,109209
nc73813841_20210724_190205,109210
nc73813841_20210725_201715,109211
nc73813841_20210725_232057,109212
nc73813841_20210725_200530,109213
nc73813841_20210725_184910,109214
nc73813841_20210725_234327,109215
nc73813841_20210725_213743,109216
nc73813841_20210725_072413,109217
nc73813841_20210725_055531,109218
nc73813841_20210726_065022,109219
nc73813841_20210726_192724,109220
nc73813841_20210726_080951,109221
nc73813841_20210726_233414,109222
nc73813841_20210726_053510,109223
nc73813841_20210727_125433,109224
nc73813841_20210727_103725,109225
nc73813841_20210728_193215,109226
nc73813841_20210728_023756,109227
nc73813841_20210728_052746,109228
nc73813841_20210728_091247,109229
nc73813841_20210728_150649,109230
nc73813841_20210728_000849,109231
nc73813841_20210729_224518,109232
nc73813841_20210729_183928,109233
nc73813841_20210729_120858,109234
nc73813841_20210730_145842,109235
nc73813841_20210730_033035,109236
nc73813841_20210730_063611,109237
nc73813841_20210731_163738,109238
nc73813841_20210731_134023,109239
nc73813841_20210731_111330,109240
nc73813841_20210731_015116,109241
nc73813841_20210731_042010,109242
nc73813841_20210731_055544,109243
nc73813841_20210731_110751,109244
nc73813841_20210801_165520,109245
nc73813841_20210801_132848,109246
nc73813841_20210801_064439,109247
nc73813841_20210801_212630,109248
nc73813841_20210801_213137,109249
nc73813841_20210801_083931,109250
nc73813841_20210801_163412,109251
nc73813841_20210802_075025,109252
nc73813841_20210802_063421,109253
nc73813841_20210802_212302,109254
nc73813841_20210802_114132,109255
nc73813841_20210803_024018,109256
nc73813841_20210804_211143,109257
nc73813841_20210805_093012,109258
nc73813841_20210806_205836,109259
nc73813841_20210807_105338,109260
nc73813841_20210807_110744,109261
nc73813841_20210807_140637,109262
nc73813841_20210809_123131,109263
nc73813841_20210810_020325,109264
nc73813841_20210810_154138,109265
nc73813841_20210812_080317,109266
nc73813841_20210813_234003,109267
nc73813841_20210813_041120,109268
nc73813841_20210813_224103,109269
nc73813841_20210814_061210,109270
nc73813841_20210814_193922,109271
nc73813841_20210817_161338,109272
nc73813841_20210819_233320,109273
nc73813841_20210819_185801,109274
nc73813841_20210819_233804,109275
nc73813841_20210819_233608,109276
nc73813841_20210819_115838,109277
nc73813841_20210819_140821,109278
nc73813841_20210820_180137,109279
nc73813841_20210822_134425,109280
nc73813841_20210822_162025,109281
nc73813841_20210822_134521,109282
nc73813841_20210822_125806,109283
nc73813841_20210823_224422,109284
nc73813841_20210823_000005,109285
nc73813841_20210824_044553,109286
nc73813841_20210824_131627,109287
nc73813841_20210824_044742,109288
nc73813841_20210824_110524,109289
nc73813841_20210825_084230,109290
nc73813841_20210825_111202,109291
nc73813841_20210825_193913,109292
nc73813841_20210827_234532,109293
nc73813841_20210828_084317,109294
nc73813841_20210829_210220,109295
nc73813841_20210830_164016,109296
nc73813841_20210831_193451,109297
nc73813841_20210831_013400,109298
nc73813841_20210831_094930,109299
nc73813841_20210831_101951,109300
nc73813841_20210831_090514,109301
nc73813841_20210831_091726,109302
nc73813841_20210831_041531,109303
nc73813841_20210901_001229,109304
nc73813841_20210901_200204,109305
nc73813841_20210902_003908,109306
nc73813841_20210902_003845,109307
nc73813841_20210902_104424,109308
nc73813841_20210902_141441,109309
nc73813841_20210903_181552,109310
nc73813841_20210903_155354,109311
nc73813841_20210903_105731,109312
nc73813841_20210903_221839,109313
nc73813841_20210904_141557,109314
nc73813841_20210904_001615,109315
nc73813841_20210904_234457,109316
nc73813841_20210905_225247,109317
nc73813841_20210905_232208,109318
nc73813841_20210905_003511,109319
nc73813841_20210905_232412,109320
nc73813841_20210905_185924,109321
nc73813841_20210906_052911,109322
nc73813841_20210907_134343,109323
nc73813841_20210907_151735,109324
nc73813841_20210908_233217,109325
nc73813841_20210909_215801,109326
nc73813841_20210909_221830,109327
nc73813841_20210910_170637,109328
nc73813841_20210910_102424,109329
nc73813841_20210912_135431,109330
nc73813841_20210913_044824,109331
nc73813841_20210915_195759,109332
nc73813841_20210915_092852,109333
nc73813841_20210915_083936,109334
nc73813841_20210915_063738,109335
nc73813841_20210916_083704,109336
nc73813841_20210917_063605,109337
nc73813841_20210917_222721,109338
nc73813841_20210917_090158,109339
nc73813841_20210919_060538,109340
nc73813841_20210919_030827,109341
nc73813841_20210922_000823,109342
nc73813841_20210922_000255,109343
nc73813841_20210922_164116,109344
nc73813841_20210922_000244,109345
nc73813841_20210925_131820,109346
nc73813841_20210925_003722,109347
nc73813841_20210926_062037,109348
nc73813841_20210927_044439,109349
nc73813841_20211005_012435,109350
nc73813841_20211005_204355,109351
nc73813841_20211012_034722,109352
nc73813841_20211018_172433,109353
nc73813841_20211025_010332,109354
nc73813841_20211026_060831,109355
nc73813841_20211122_041727,109356
nc73813841_20211223_090220,109357
nc73813841_20211223_185552,109358
nc73813841_20211223_082756,109359
nc73813841_20211223_112440,109360
nc73813841_20211223_121631,109361
nc73813841_20211223_133642,109362
nc73813841_20211223_185715,109363
nc73813841_20211224_164439,109364
nc73813841_20211224_044233,109365
nc73813841_20211225_061906,109366
nc73813841_20211225_162055,109367
nc73813841_20211225_061805,109368
nc73813841_20211225_072729,109369
nc73813841_20211226_124526,109370
nc73813841_20211228_034420,109371
nc73813841_20211228_210016,109372
nc73813841_20220106_005931,109373
nc73813841_20220111_120221,109374
nc73813841_20220331_233326,109375
nc73813841_20220710_055723,109376
nc73813841_20220710_064741,109377
nc73813841_20220712_012409,109378
nc73813841_20220719_002227,109379
nc73813841_20220719_235152,109380
nc73813841_20220725_225346,109381
nc73813841_20220729_195659,109382
nc73813841_20220731_150135,109383
nc73813841_20220807_082251,109384
nc73813841_20220809_043831,109385
nc73813841_20220809_184147,109386
nc73813841_20220812_210813,109387
nc73813841_20220814_063510,109388
nc73813841_20220814_011727,109389
nc73813841_20220818_125946,109390
nc73813841_20220821_004348,109391
nc73813841_20220823_181409,109392
nc73813841_20220830_060339,109393
nc73813841_20220830_055940,109394
nc73813841_20220903_120010,109395
nc73813841_20220914_014759,109396
nc73813841_20220914_015122,109397
nc73813841_20220928_101030,109398
nc73813841_20221001_110021,109399
nc73813841_20221006_042803,109400
nc73813841_20221007_171803,109401
nc73813841_20221010_235106,109402
nc73813841_20221010_051155,109403
nc73813841_20221013_135248,109404
nc73813841_20221015_010650,109405
nc73813841_20221015_074136,109406
nc73813841_20221020_040358,109407
nc73813841_20221030_125954,109408
nc73813841_20221030_065119,109409
nc73813841_20221117_224508,109410
nc73813841_20221118_015726,109411
nc73813841_20221119_105449,109412
nc73813841_20221119_134751,109413
nc73813841_20221123_030338,109414
nc73813841_20221126_133028,109415
1009463_20201128_044125,109416
1009463_20201128_042830,109417
1009463_20210328_112131,109418
1010969_20201129_071839,109419
1010969_20201207_190316,109420
1010969_20201207_190536,109421
1010969_20210406_213649,109422
1010969_20211005_091523,109423
1010969_20211007_130714,109424
1010969_20211019_140919,109425
1010969_20220519_073822,109426
1012741_20201129_094515,109427
1012741_20210119_125857,109428
1012741_20220225_223719,109429
1012741_20220318_000721,109430
nc73845301_20201129_154658,109431
nc73845301_20210619_090735,109432
nc73845301_20211222_015955,109433
nc73845301_20220416_210859,109434
nc73845301_20221030_050043,109435
1013144_20201201_113642,109436
1013356_20201202_215956,109437
1013356_20201205_023716,109438
1013356_20211203_041606,109439
1017202_20201205_072423,109440
1009307_20201206_152818,109441
1009307_20220117_203828,109442
1012389_20201215_114144,109443
1012389_20210207_151509,109444
1012389_20210207_061049,109445
1012389_20210627_201622,109446
1012389_20210910_110820,109447
1012389_20220119_222740,109448
1012389_20220122_205719,109449
1012389_20220504_135614,109450
1012389_20220609_021247,109451
1012389_20220811_163652,109452
1012389_20221122_050914,109453
1008926_20201218_161342,109454
1008926_20210310_052735,109455
1008926_20210319_195255,109456
1008926_20221120_165808,109457
nc73824491_20201219_195056,109458
1015274_20210102_142212,109459
1015274_20210211_135026,109460
1011077_20210104_061434,109461
1011065_20210112_113040,109462
1017703_20210113_143406,109463
1017703_20210221_003310,109464
1017703_20210803_110916,109465
1017703_20210918_194030,109466
1017703_20210923_195536,109467
1017703_20211014_034845,109468
1017703_20211220_203034,109469
1017703_20211220_204000,109470
1017703_20211221_042203,109471
1017703_20211229_065241,109472
1017703_20220208_034125,109473
1017703_20220213_083055,109474
1017703_20220213_215527,109475
1017703_20220213_072114,109476
1017703_20220323_154006,109477
1017703_20220401_160654,109478
1017703_20220724_164736,109479
1017703_20220820_082205,109480
1017703_20220915_011856,109481
1017703_20221009_211616,109482
nc73821186_20210113_193416,109483
nc73821186_20210212_145806,109484
nc73821186_20220603_073713,109485
nc73821186_20220920_064339,109486
1013881_20210119_235803,109487
1012170_20210205_001825,109488
1012170_20210704_215309,109489
1012170_20220519_104034,109490
1012170_20221112_221821,109491
1018244_20210205_185826,109492
1018244_20211230_204322,109493
nc73824641_20210208_082012,109494
1010572_20210219_173300,109495
1010572_20210802_024945,109496
1010572_20211220_201618,109497
1010572_20220329_003516,109498
1013641_20210219_204855,109499
1013641_20210614_214119,109500
1013641_20210614_224430,109501
1013641_20210614_230851,109502
1013641_20210614_214247,109503
1013641_20210614_233933,109504
1013641_20210614_224453,109505
1013641_20210614_215105,109506
1013641_20210614_225203,109507
1013641_20210614_150025,109508
1013641_20210614_150120,109509
1013641_20210615_094032,109510
1013641_20210615_061315,109511
1013641_20210615_025233,109512
1013641_20210615_052454,109513
1013641_20210615_035823,109514
1013641_20210615_032441,109515
1013641_20210615_070548,109516
1013641_20210615_032710,109517
1013641_20210615_074009,109518
1013641_20210615_064613,109519
1013641_20210615_000036,109520
1013641_20210615_101131,109521
1013641_20210615_050236,109522
1013641_20210615_044205,109523
1013641_20210615_101932,109524
1013641_20210615_062801,109525
1013641_20210616_012903,109526
1013641_20210624_145533,109527
1013641_20210829_092456,109528
1013641_20220812_012023,109529
1013641_20220823_134009,109530
nc73827591_20210220_003106,109531
nc73827591_20210525_015735,109532
1012604_20210221_233532,109533
1012604_20210306_091531,109534
1012604_20210306_091635,109535
1016267_20210303_214303,109536
1016267_20210927_025808,109537
1016267_20211223_143721,109538
1016267_20220912_035929,109539
1016267_20221008_064127,109540
1016267_20221008_064720,109541
1015864_20210319_201850,109542
1015864_20210728_115906,109543
1015864_20211102_153330,109544
1015864_20211210_232732,109545
1015864_20220208_205237,109546
1015864_20220516_125107,109547
1015726_20210322_160238,109548
1015726_20210918_125601,109549
1015726_20211014_125559,109550
1015726_20211018_112636,109551
1015726_20211222_222719,109552
1015726_20220122_210223,109553
1013822_20210403_021602,109554
1013822_20211126_105941,109555
1013822_20211220_203348,109556
1013822_20211220_235207,109557
1013822_20211227_213848,109558
1015464_20210407_132311,109559
1015464_20210422_195809,109560
1015464_20210911_101844,109561
1015464_20211001_172856,109562
1015464_20220606_083356,109563
1015464_20220621_000140,109564
1009113_20210409_231231,109565
1009113_20210626_112703,109566
1016662_20210410_032919,109567
1016662_20210613_014739,109568
1016662_20210806_035912,109569
1016662_20211203_200300,109570
1016662_20211215_082335,109571
1016662_20211220_221127,109572
1016662_20211220_205856,109573
1016662_20211221_220051,109574
1016662_20211221_121723,109575
1016662_20211226_211432,109576
1016662_20220104_225036,109577
1016662_20220117_034708,109578
1016662_20220414_150757,109579
1016662_20220706_155237,109580
1016662_20220727_102323,109581
1016662_20221122_142533,109582
nc73824911_20210413_081646,109583
1012952_20210416_212824,109584
1012952_20211209_063826,109585
nc73868920_20210425_120420,109586
1015537_20210426_143407,109587
1012944_20210430_054815,109588
1012944_20211222_192806,109589
nc73824326_20210501_064003,109590
1018094_20210515_022151,109591
1018094_20220310_221216,109592
1014634_20210525_134114,109593
1017945_20210525_063949,109594
1017945_20210621_072814,109595
1017945_20210919_044804,109596
1017945_20210928_010140,109597
1017945_20211104_084637,109598
1017945_20211128_051159,109599
1017945_20211210_095621,109600
1017945_20220211_145317,109601
1017945_20220218_150424,109602
1017945_20220218_135935,109603
1017945_20220314_072842,109604
1017945_20220410_101516,109605
1017945_20220417_085112,109606
1017945_20220426_133426,109607
1017945_20220703_155138,109608
1017945_20220721_030143,109609
1017945_20220722_073313,109610
1017945_20220728_105102,109611
1017945_20220801_081226,109612
1017945_20220810_081656,109613
1017945_20220829_041021,109614
1017945_20221002_112403,109615
1017945_20221005_043540,109616
1017945_20221017_094915,109617
1011777_20210527_034754,109618
1008719_20210601_173145,109619
1008719_20210611_034141,109620
1008719_20210614_205327,109621
1008719_20210614_215213,109622
1008719_20210615_031803,109623
1008719_20210615_101146,109624
1008719_20210615_071354,109625
1008719_20210615_024100,109626
1008719_20210616_020534,109627
1008719_20210616_173237,109628
1008719_20221002_224329,109629
1008719_20221117_155744,109630
1013464_20210601_084427,109631
1013464_20210918_072428,109632
1016801_20210604_225751,109633
1016801_20210820_124300,109634
1018357_20210604_212158,109635
1018357_20211220_211732,109636
1018357_20220525_080448,109637
nc73822756_20210605_112829,109638
nc73822756_20220226_052803,109639
1008845_20210614_230514,109640
1008845_20210615_040820,109641
1008845_20210615_063805,109642
1008845_20210615_021510,109643
1008845_20210615_063351,109644
1008845_20210921_165907,109645
1008845_20220819_221553,109646
1008845_20220926_144633,109647
1017316_20210615_160037,109648
1017316_20220918_082906,109649
1013228_20210622_150343,109650
1013228_20220821_221952,109651
1013228_20220915_003111,109652
1012576_20210626_235153,109653
1012576_20210701_125535,109654
1012576_20210701_095607,109655
1012576_20210707_210820,109656
1012576_20210709_002600,109657
1012576_20210710_124136,109658
1012576_20220202_012820,109659
1012576_20221008_022311,109660
1012576_20221127_170431,109661
1013612_20210628_123110,109662
1013612_20211028_232257,109663
1013612_20211221_053151,109664
1014960_20210629_013543,109665
1014960_20211215_093618,109666
1014960_20220521_223137,109667
1014960_20220721_022114,109668
nc73818541_20210630_040716,109669
nc73818541_20211220_213353,109670
nc73818541_20211220_201602,109671
nc73818541_20211220_210402,109672
nc73818541_20211220_205252,109673
nc73818541_20211220_220533,109674
nc73818541_20211220_203816,109675
nc73818541_20211220_231845,109676
nc73818541_20211220_202813,109677
nc73818541_20211220_202808,109678
nc73818541_20211220_231234,109679
nc73818541_20211220_224004,109680
nc73818541_20211220_211657,109681
nc73818541_20211221_003538,109682
nc73818541_20211221_012901,109683
nc73818541_20211221_103244,109684
nc73818541_20211221_001128,109685
nc73818541_20211221_093539,109686
nc73818541_20211221_064238,109687
nc73818541_20211222_164251,109688
nc73818541_20211222_214900,109689
nc73818541_20211223_191859,109690
nc73818541_20211224_183016,109691
nc73818541_20211228_121607,109692
nc73818541_20220102_040322,109693
nc73818541_20220108_125556,109694
nc73818541_20220201_142824,109695
nc73818541_20220319_134416,109696
nc73818541_20220407_184356,109697
nc73818541_20220505_173822,109698
1009425_20210709_162151,109699
1009425_20220511_174351,109700
1017558_20210709_200844,109701
1010474_20210713_180515,109702
1011762_20210716_013724,109703
1011762_20211229_044712,109704
1011762_20221019_112549,109705
1011762_20221104_090954,109706
1011487_20210721_015733,109707
1011487_20220813_123341,109708
1011487_20220813_130715,109709
1015120_20210721_062707,109710
1015120_20220202_041118,109711
1015120_20220424_062805,109712
1011659_20210722_084134,109713
1014120_20210722_082959,109714
1014120_20220521_210640,109715
1014120_20221018_221554,109716
1017761_20210722_083044,109717
1017761_20220403_192632,109718
1017761_20220404_061559,109719
nc73821921_20210723_034301,109720
nc73821921_20210825_133437,109721
nc73821921_20220516_162449,109722
nc73821921_20220516_162637,109723
nc73821921_20220804_143146,109724
nc73821921_20221030_095311,109725
1009702_20210731_184542,109726
1009702_20210814_210834,109727
1009702_20211028_172928,109728
1009702_20211028_202538,109729
1016232_20210803_171618,109730
1016232_20220201_170527,109731
1009996_20210805_051135,109732
1009996_20211218_090220,109733
1009996_20211221_164640,109734
1009996_20220521_051113,109735
1016692_20210808_081432,109736
1016692_20211129_185725,109737
1016692_20220922_083804,109738
1015048_20210812_073041,109739
1015048_20211225_090358,109740
1015048_20220824_182805,109741
1012841_20210823_055136,109742
nc73821726_20210825_205952,109743
1010829_20210829_124711,109744
1010829_20220107_124718,109745
1010829_20220212_200334,109746
1012068_20210901_091715,109747
1013873_20210904_165625,109748
1013873_20211221_110256,109749
1013873_20211221_101535,109750
1013873_20220311_123215,109751
1013249_20210905_202042,109752
1013598_20210907_135635,109753
1013598_20211012_063146,109754
1013598_20220604_030625,109755
1013598_20221105_203329,109756
1013209_20210909_075658,109757
1012142_20210912_224815,109758
1017433_20210915_122518,109759
1017433_20210917_183917,109760
1017433_20210917_183924,109761
1017433_20210924_135215,109762
1017433_20211106_130856,109763
1017433_20211119_212530,109764
1017433_20220710_234628,109765
1017433_20220821_022817,109766
1017433_20221008_083511,109767
1017433_20221015_022544,109768
1017433_20221107_222257,109769
1012015_20210916_114348,109770
1011209_20210921_125437,109771
1011209_20211220_212304,109772
1011209_20211223_103050,109773
1011209_20220429_123339,109774
1012503_20210923_193334,109775
1012503_20211111_022609,109776
1013842_20210927_143001,109777
nc73822076_20210927_153559,109778
1011435_20210930_044334,109779
1011435_20211107_093554,109780
1011435_20211218_090226,109781
1011435_20211221_065200,109782
1011435_20220721_160506,109783
1011435_20221018_201502,109784
1011435_20221025_213856,109785
1013259_20210930_063138,109786
1013259_20221128_183614,109787
1016296_20211007_044550,109788
1016296_20211007_054408,109789
1016296_20211008_013904,109790
1016296_20211009_151413,109791
1016296_20211009_145107,109792
1016296_20211009_191922,109793
1016296_20211016_145523,109794
1016296_20211104_105904,109795
1016296_20211107_075135,109796
1016296_20220112_140701,109797
nc73822101_20211007_174715,109798
nc73822751_20211007_122254,109799
nc73822751_20211010_171653,109800
nc73822751_20220131_195242,109801
1016411_20211011_005148,109802
1016411_20220424_160149,109803
1017702_20211016_073633,109804
1017702_20211103_004038,109805
1017702_20211109_194834,109806
1017702_20211220_215350,109807
1017702_20211220_233115,109808
1017702_20211220_203943,109809
1017702_20211220_202505,109810
1017702_20211220_211143,109811
1017702_20211221_175614,109812
1017702_20211221_104255,109813
1017702_20211221_003647,109814
1017702_20211221_054110,109815
1017702_20211221_064731,109816
1017702_20211221_020627,109817
1017702_20211221_205811,109818
1017702_20211221_053404,109819
1017702_20211221_014243,109820
1017702_20211221_024001,109821
1017702_20211221_000622,109822
1017702_20211221_144704,109823
1017702_20211221_032633,109824
1017702_20211221_062647,109825
1017702_20211221_045732,109826
1017702_20211224_124623,109827
1017702_20211226_070317,109828
1017702_20211226_091412,109829
1017702_20211231_033505,109830
1017702_20220108_170829,109831
1017702_20220125_113158,109832
1017702_20220518_070304,109833
1017702_20220805_165811,109834
1017702_20221019_205936,109835
1014324_20211022_210945,109836
1009270_20211031_131003,109837
1014215_20211103_192252,109838
1014215_20220725_044047,109839
nc73817481_20211103_004014,109840
nc73817481_20211221_011623,109841
nc73817481_20211223_033615,109842
nc73817481_20211231_100305,109843
nc73829331_20211107_195607,109844
nc73829331_20221124_081025,109845
1009306_20211125_175631,109846
1010859_20211127_103420,109847
1010859_20211127_103341,109848
1017420_20211129_091710,109849
1017420_20220101_235703,109850
1010937_20211130_143709,109851
1010937_20220118_102537,109852
1008695_20211207_213347,109853
1008695_20211207_214553,109854
1008695_20211207_122622,109855
1008695_20211207_220432,109856
1008695_20211207_214559,109857
1008695_20211207_233749,109858
1008695_20211207_095827,109859
1008695_20211207_094654,109860
1008695_20211207_125401,109861
1008695_20211207_094546,109862
1008695_20211207_093907,109863
1008695_20211208_022209,109864
1008695_20211208_044020,109865
1008695_20211208_073043,109866
1008695_20211208_025221,109867
1008695_20211217_085833,109868
1008695_20211221_123759,109869
1008695_20211222_134121,109870
1008695_20211222_123917,109871
1008695_20211222_130947,109872
1008695_20211222_130835,109873
1008695_20211222_125416,109874
1008695_20211222_040901,109875
1008695_20211222_113416,109876
1008695_20211222_134605,109877
1008695_20211223_173659,109878
1008695_20211231_211347,109879
1008695_20211231_232215,109880
1008695_20211231_210105,109881
1008695_20211231_225929,109882
1008695_20211231_234247,109883
1008695_20211231_214134,109884
1008695_20211231_232235,109885
1008695_20211231_213652,109886
1008695_20211231_212431,109887
1008695_20211231_205842,109888
1008695_20211231_222302,109889
1008695_20211231_212844,109890
1008695_20211231_211921,109891
1008695_20211231_205905,109892
1008695_20211231_222836,109893
1008695_20211231_213409,109894
1008695_20211231_235719,109895
1008695_20211231_210417,109896
1008695_20211231_212201,109897
1008695_20211231_234214,109898
1008695_20211231_212644,109899
1008695_20211231_212928,109900
1008695_20211231_231610,109901
1008695_20220101_011156,109902
1008695_20220101_030756,109903
1008695_20220101_034035,109904
1008695_20220101_145036,109905
1008695_20220101_035022,109906
1008695_20220101_010850,109907
1008695_20220101_043310,109908
1008695_20220101_012430,109909
1008695_20220101_093402,109910
1008695_20220101_003346,109911
1008695_20220101_034623,109912
1008695_20220101_224928,109913
1008695_20220101_065649,109914
1008695_20220101_075146,109915
1008695_20220101_082358,109916
1008695_20220101_000817,109917
1008695_20220101_023249,109918
1008695_20220101_041522,109919
1008695_20220101_083932,109920
1008695_20220101_065833,109921
1008695_20220102_001940,109922
1008695_20220102_070833,109923
1008695_20220102_165735,109924
1008695_20220102_023958,109925
1008695_20220102_040743,109926
1008695_20220102_081745,109927
1008695_20220102_170242,109928
1008695_20220102_050024,109929
1008695_20220102_053801,109930
1008695_20220102_050212,109931
1008695_20220102_032303,109932
1008695_20220102_050102,109933
1008695_20220103_035847,109934
1008695_20220105_185602,109935
1008695_20220105_190124,109936
1008695_20220105_194617,109937
1008695_20220105_213202,109938
1008695_20220106_001127,109939
1008695_20220107_200620,109940
1008695_20220107_131925,109941
1008695_20220107_022717,109942
1008695_20220111_012621,109943
1008695_20220112_061203,109944
1008695_20220115_180510,109945
1008695_20220116_191659,109946
1008695_20220117_142717,109947
1008695_20220118_232305,109948
1008695_20220122_224542,109949
1008695_20220123_152857,109950
1008695_20220127_201053,109951
1008695_20220127_224404,109952
1008695_20220127_225211,109953
1008695_20220127_173418,109954
1008695_20220127_214750,109955
1008695_20220127_221634,109956
1008695_20220127_230031,109957
1008695_20220127_213252,109958
1008695_20220127_235444,109959
1008695_20220127_220902,109960
1008695_20220127_183332,109961
1008695_20220127_220802,109962
1008695_20220127_231421,109963
1008695_20220127_222013,109964
1008695_20220127_221245,109965
1008695_20220127_204625,109966
1008695_20220127_023224,109967
1008695_20220127_224054,109968
1008695_20220127_225915,109969
1008695_20220127_222631,109970
1008695_20220127_225839,109971
1008695_20220127_173815,109972
1008695_20220127_222107,109973
1008695_20220127_213408,109974
1008695_20220127_174433,109975
1008695_20220127_190508,109976
1008695_20220127_220928,109977
1008695_20220127_174014,109978
1008695_20220127_232615,109979
1008695_20220127_174154,109980
1008695_20220127_222831,109981
1008695_20220127_225626,109982
1008695_20220128_003432,109983
1008695_20220128_031207,109984
1008695_20220128_004442,109985
1008695_20220128_000051,109986
1008695_20220128_010211,109987
1008695_20220128_002715,109988
1008695_20220128_000731,109989
1008695_20220128_201543,109990
1008695_20220128_024155,109991
1008695_20220128_091919,109992
1008695_20220128_024721,109993
1008695_20220128_095424,109994
1008695_20220128_044154,109995
1008695_20220128_054220,109996
1008695_20220128_012159,109997
1008695_20220128_190525,109998
1008695_20220128_021549,109999
1008695_20220128_055908,110000
1008695_20220128_071231,110001
1008695_20220128_002411,110002
1008695_20220129_031741,110003
1008695_20220129_041121,110004
1008695_20220129_040457,110005
1008695_20220129_075044,110006
1008695_20220129_061157,110007
1008695_20220130_210706,110008
1008695_20220131_212445,110009
1008695_20220201_010556,110010
1008695_20220203_210112,110011
1008695_20220204_214712,110012
1008695_20220204_000151,110013
1008695_20220205_103759,110014
1008695_20220205_164556,110015
1008695_20220205_215144,110016
1008695_20220208_140936,110017
1008695_20220212_035817,110018
1008695_20220214_042807,110019
1008695_20220214_032429,110020
1008695_20220220_022403,110021
1008695_20220222_132036,110022
1008695_20220223_092004,110023
1008695_20220224_122627,110024
1008695_20220227_183621,110025
1008695_20220228_130845,110026
1008695_20220301_073241,110027
1008695_20220306_205929,110028
1008695_20220310_141021,110029
1008695_20220312_030559,110030
1008695_20220318_232206,110031
1008695_20220324_153049,110032
1008695_20220327_113217,110033
1008695_20220330_214044,110034
1008695_20220403_054947,110035
1008695_20220413_041710,110036
1008695_20220415_040528,110037
1008695_20220416_081625,110038
1008695_20220421_200651,110039
1008695_20220423_200056,110040
1008695_20220423_193021,110041
1008695_20220501_211737,110042
1008695_20220510_211224,110043
1008695_20220514_204901,110044
1008695_20220517_095428,110045
1008695_20220519_092651,110046
1008695_20220519_093900,110047
1008695_20220519_120358,110048
1008695_20220525_031900,110049
1008695_20220525_153626,110050
1008695_20220610_060020,110051
1008695_20220615_032749,110052
1008695_20220617_062124,110053
1008695_20220618_112909,110054
1008695_20220620_062155,110055
1008695_20220621_033617,110056
1008695_20220624_230824,110057
1008695_20220624_225051,110058
1008695_20220624_231843,110059
1008695_20220625_021104,110060
1008695_20220625_021038,110061
1008695_20220626_190229,110062
1008695_20220627_223208,110063
1008695_20220627_223421,110064
1008695_20220629_051951,110065
1008695_20220629_035543,110066
1008695_20220629_040554,110067
1008695_20220703_120817,110068
1008695_20220707_004112,110069
1008695_20220707_043724,110070
1008695_20220707_135158,110071
1008695_20220721_124421,110072
1008695_20220721_161858,110073
1008695_20220721_124507,110074
1008695_20220826_020539,110075
1008695_20220827_150009,110076
1008695_20220828_033156,110077
1008695_20220830_220747,110078
1008695_20220908_191130,110079
1008695_20220908_192839,110080
1008695_20220910_155551,110081
1008695_20221011_081157,110082
1008695_20221011_082817,110083
1008695_20221012_100135,110084
1008695_20221018_110257,110085
1008695_20221109_211515,110086
1009603_20211211_105142,110087
1008901_20211220_234019,110088
1008901_20220822_115155,110089
1008901_20220822_112224,110090
1008901_20220822_114657,110091
1008901_20220822_111944,110092
1009170_20211220_211743,110093
1009170_20211220_211645,110094
1009170_20220714_025953,110095
1011127_20211220_212151,110096
1011185_20211220_210201,110097
1011185_20211220_232518,110098
1011185_20220106_154606,110099
1011185_20220106_133731,110100
1011185_20220306_203927,110101
1011185_20220404_121344,110102
1011185_20220609_073425,110103
1012405_20211220_212552,110104
1012405_20211220_233700,110105
1012405_20211221_005429,110106
1012405_20211221_021833,110107
1012405_20211221_040650,110108
1012405_20211221_185915,110109
1012405_20211221_162224,110110
1012405_20211221_081433,110111
1012405_20211221_001313,110112
1012405_20211221_074740,110113
1012405_20211223_080005,110114
1012405_20220103_002626,110115
1012405_20220103_113238,110116
1012405_20220104_105321,110117
1012405_20220110_020447,110118
1012405_20220120_105028,110119
1012635_20211220_202925,110120
1013031_20211220_213731,110121
1013031_20220201_044527,110122
1013909_20211220_230712,110123
1013909_20220103_173629,110124
1013909_20221009_213128,110125
1013909_20221110_201933,110126
1013969_20211220_201520,110127
1014952_20211220_203101,110128
1016706_20211220_225759,110129
1017748_20211220_211935,110130
1017748_20211220_231429,110131
1017748_20211221_000612,110132
1017748_20211223_182046,110133
1017748_20220304_154056,110134
nc73832996_20211220_225959,110135
nc73855785_20211220_215037,110136
nc73855785_20211220_232049,110137
nc73855785_20211221_065719,110138
nc73855785_20211221_150102,110139
nc73855785_20211221_001528,110140
nc73855785_20211221_045928,110141
nc73855785_20211222_192207,110142
nc73855785_20211223_203809,110143
nc73855785_20211224_024031,110144
nc73855785_20211226_222811,110145
nc73855785_20211228_204809,110146
nc73855785_20220105_174531,110147
nc73855785_20220503_083719,110148
nc73855785_20220627_215931,110149
1009350_20211221_000739,110150
1009350_20211221_000431,110151
1009350_20211229_202234,110152
1011025_20211221_032834,110153
1011025_20211223_065541,110154
1011025_20211223_225136,110155
1011025_20211223_045144,110156
1011268_20211221_003239,110157
1012984_20211221_004641,110158
1012984_20211222_154816,110159
1014221_20211221_193031,110160
1015221_20211221_113406,110161
1015221_20211221_103002,110162
1016637_20211221_051352,110163
1016637_20220725_133534,110164
1016637_20220802_104008,110165
1016883_20211221_163529,110166
1016883_20220801_182443,110167
1016971_20211221_024444,110168
nc71129454_20211221_174043,110169
nc71129454_20211221_174654,110170
nc71129454_20211221_005654,110171
nc71129454_20211221_092942,110172
nc71129454_20211231_075422,110173
nc73834456_20211221_115556,110174
1015809_20211222_015638,110175
1015809_20220705_105403,110176
1015809_20220709_024105,110177
1011927_20211223_144835,110178
1011927_20220320_065716,110179
nc73821721_20211223_171129,110180
1012915_20211225_165433,110181
1012915_20220404_042836,110182
1014328_20211226_160215,110183
nc73821806_20211227_085305,110184
nc73821806_20220528_075701,110185
1011593_20211228_063541,110186
1011593_20211231_133114,110187
1011593_20220101_221438,110188
1011593_20220102_111633,110189
1011593_20220425_021011,110190
1011593_20220901_204302,110191
1011620_20211228_112648,110192
1011631_20211228_043559,110193
1011631_20211228_043626,110194
1011817_20211228_141517,110195
1014031_20211228_045956,110196
1013157_20211230_185211,110197
1014370_20211230_162848,110198
1015637_20211231_170213,110199
1018021_20211231_025239,110200
1018021_20220527_160604,110201
1014687_20220106_080911,110202
1008872_20220107_031427,110203
nc73823951_20220206_025241,110204
1015499_20220209_134407,110205
1018168_20220319_173921,110206
1015914_20220831_224147,110207
1011332_20220329_012811,110208
1013959_20220402_194656,110209
1013959_20221023_181627,110210
nc73822466_20220403_103947,110211
nc73822466_20220403_104329,110212
1010861_20220407_155228,110213
1017443_20220411_164924,110214
1011407_20220413_131501,110215
1014883_20220417_051321,110216
1017339_20220417_055321,110217
1017339_20220827_024601,110218
1017339_20220903_062050,110219
1016900_20220419_202134,110220
1016900_20220531_044844,110221
1016900_20220605_082645,110222
1016900_20220605_085154,110223
1016900_20220605_082825,110224
1016900_20220605_084256,110225
1016900_20220613_000518,110226
1016900_20220620_001917,110227
1008587_20220713_032808,110228
1008587_20221022_013000,110229
1014284_20220505_204011,110230
1014947_20220514_200930,110231
1011133_20220519_123755,110232
nc73833826_20220521_204615,110233
nc73822411_20220525_092542,110234
1008290_20220526_025659,110235
1008290_20220807_062812,110236
1008290_20220807_012123,110237
1008290_20221102_080119,110238
1008290_20221103_134628,110239
1008290_20221116_064746,110240
1008290_20221130_083359,110241
1017017_20220528_182758,110242
nc73822451_20220607_130156,110243
1011222_20220618_112252,110244
1010837_20220621_041913,110245
1010837_20221116_162745,110246
nc73823781_20220626_174737,110247
1012303_20220701_130920,110248
1012303_20221106_073849,110249
1010658_20220702_102323,110250
1015285_20220714_175324,110251
1013000_20220719_081700,110252
1016589_20220720_062850,110253
1016589_20220809_075933,110254
1016589_20220809_080940,110255
1016218_20220802_215539,110256
1016218_20220802_232700,110257
1016218_20220802_214411,110258
1016218_20220802_214641,110259
1016218_20220802_233357,110260
1016218_20220803_075416,110261
1016218_20220805_231228,110262
1016218_20220806_124741,110263
1016218_20220807_151049,110264
1016218_20220809_113842,110265
nc73822856_20220830_062535,110266
nc73824316_20220831_224424,110267
1014716_20220916_042320,110268
1008308_20220927_055832,110269
1017199_20220927_192333,110270
nc73821326_20221007_172734,110271
nc73822111_20221025_213550,110272
1011046_20221028_124342,110273
1009239_20221029_203850,110274
1009239_20221030_033402,110275
1009239_20221112_103142,110276
1013673_20221102_124806,110277
nc73840456_20221102_125032,110278
nc73840456_20221102_163930,110279
nc73824181_20221104_072042,110280
1017101_20221112_034412,110281
1010822_20221115_174818,110282
1013952_20221119_123212,110283
1013638_20221123_055944,110284
1015289_20221123_135447,110285
1018844,110286
1008272,110287
1018875,110288
1014939,110289
1015345,110290
1016517,110291
1016701,110292
1016790,110293
1018692,110294
nc73881306,110295
1010913,110296
1013799,110297
1014469,110298
1015586,110299
1016537,110300
1018694,110301
1012073,110302
nc73821361,110303
nc73824826,110304
nc73865815,110305
nc73867635,110306
1016534,110307
1010577,110308
1014547,110309
nc73824006,110310
nc73842546,110311
1008269,110312
nc73843826,110313
nc73877095,110314
nc73889196,110315
1013483,110316
1016880,110317
1016016,110318
nc73876810,110319
nc73883491,110320
1011931,110321
1018078,110322
nc73819961,110323
nc73823036,110324
1014033,110325
1017946,110326
1010036,110327
1012056,110328
1013712,110329
1018833,110330
1015736,110331
1016610,110332
1011662,110333
1016069,110334
1018391,110335
1011584,110336
1012684,110337
1008280,110338
1015135,110339
1018866,110340
nc73829011,110341
nc73888396,110342
1016249,110343
1016783,110344
1018733,110345
1018850,110346
1018368,110347
nc73818801,110348
nc73873665,110349
1009653,110350
1014050,110351
nc73863320,110352
nc73883011,110353
1017521,110354
nc73847481,110355
nc73890435,110356
1017852,110357
nc73827581,110358
1010994,110359
1013423,110360
1016174,110361
1017500,110362
nc73818551,110363
nc73875050,110364
1008525,110365
1015792,110366
nc73824401,110367
1015754,110368
1017134,110369
1009820,110370
1016569,110371
1017218,110372
1009500,110373
1010988,110374
nc73875220,110375
1017149,110376
1018710,110377
1010548,110378
1011219,110379
1012876,110380
1015560,110381
1012903,110382
1016488,110383
1010660,110384
1011660,110385
1018079,110386
nc73838976,110387
1013452,110388
1014454,110389
nc73833021,110390
1011665,110391
1013551,110392
1014030,110393
1017881,110394
1009449,110395
1012378,110396
nc73823611,110397
nc73844826,110398
1008313,110399
1012517,110400
1014536,110401
1015888,110402
1017258,110403
1013047,110404
1014326,110405
1014224,110406
1018902,110407
nc73845416,110408
1010710,110409
1014950,110410
nc73822671,110411
1012930,110412
1016974,110413
1017682,110414
1016682,110415
1011515,110416
1012260,110417
1015795,110418
nc73855500,110419
nc73847741,110420
1015330,110421
1013261,110422
1015893,110423
1018174,110424
1017765,110425
1016784,110426
1012569,110427
1018035,110428
1011227,110429
1017685,110430
nc73822606,110431
nc73822826,110432
1008267,110433
1010528,110434
1015032,110435
1015916,110436
1016064,110437
1016407,110438
1014978,110439
1017653,110440
1018125,110441
1009087,110442
1010693,110443
1012032,110444
nc73822376,110445
1018496,110446
1012369,110447
1015169,110448
1016196,110449
nc73816421,110450
1009251,110451
1009456,110452
1010228,110453
1010330,110454
1011909,110455
1013692,110456
1014531,110457
1015761,110458
1016109,110459
1016667,110460
1017411,110461
1017828,110462
1018641,110463
nc73845886,110464
1008291,110465
1010811,110466
1010949,110467
1012085,110468
1013966,110469
1017055,110470
1017086,110471
nc73840536,110472
1013288,110473
nc73821316,110474
nc73822526,110475
1008613,110476
1013880,110477
1017628,110478
1012851,110479
nc73822201,110480
nc73867355,110481
1010599,110482
1018061,110483
1012505,110484
1017375,110485
1009814,110486
nc73821551,110487
1015934,110488
1013241,110489
1018294,110490
1017156,110491
nc73874615,110492
1013644,110493
1016438,110494
nc73834656,110495
1013387,110496
1013462,110497
1014366,110498
1016793,110499
1017413,110500
1013417,110501
1011968,110502
1013739,110503
1015404,110504
1008421,110505
1009343,110506
1010115,110507
1013353,110508
1013759,110509
1013765,110510
nc73822221,110511
1010496,110512
1008777,110513
1009541,110514
1014235,110515
1015168,110516
1016607,110517
nc73821066,110518
nc73822071,110519
1014398,110520
1011679,110521
1009086,110522
nc73822146,110523
1010071,110524
1012928,110525
1015960,110526
1010944,110527
1018046,110528
1018643,110529
1010991,110530
1009126,110531
1011746,110532
1010208,110533
1013986,110534
1011295,110535
1013606,110536
nc73822556,110537
1017396,110538
1012585,110539
1016386,110540
1015927,110541
1009004,110542
1014212,110543
1016837,110544
nc73837866,110545
1013053,110546
1009467,110547
1016182,110548
nc73822231,110549
nc73864555,110550
1015891,110551
1009544,110552
1012440,110553
1009509,110554
1018243,110555
1016210,110556
1013820,110557
1009326,110558
1016624,110559
nc73840766,110560
1008975,110561
1015212,110562
1016629,110563
1012120,110564
nc73869735,110565
nc73822906,110566
1018595,110567
1016891,110568
1013772,110569
1011058,110570
nc73889661,110571
1013672,110572
1018742,110573
1010740,110574
1011677,110575
1013611,110576
1012775,110577
nc73822001,110578
1010034,110579
1013868,110580
1018854,110581
1010779,110582
1015495,110583
1012646,110584
nc73836101,110585
1011029,110586
nc73821076,110587
1011141,110588
1009524,110589
1011993,110590
1012807,110591
1014503,110592
1017722,110593
1009560,110594
nc73821106,110595
1013220,110596
1009309,110597
1012844,110598
1018779,110599
1009178,110600
1010185,110601
1015121,110602
1013530,110603
1010477,110604
1011129,110605
1013625,110606
1010376,110607
nc73824646,110608
1009131,110609
nc73858810,110610
1010242,110611
nc73858110,110612
1013091,110613
nc73846766,110614
1010087,110615
1017715,110616
nc73813841,110617
1009463,110618
1010969,110619
1012741,110620
nc73845301,110621
1013144,110622
1013356,110623
1017202,110624
1009307,110625
1012389,110626
1008926,110627
nc73824491,110628
1015274,110629
1011077,110630
1011065,110631
1017703,110632
nc73821186,110633
1013881,110634
1012170,110635
1018244,110636
nc73824641,110637
1010572,110638
1013641,110639
nc73827591,110640
1012604,110641
1016267,110642
1015864,110643
1015726,110644
1013822,110645
1015464,110646
1009113,110647
1016662,110648
nc73824911,110649
1012952,110650
nc73868920,110651
1015537,110652
1012944,110653
nc73824326,110654
1018094,110655
1014634,110656
1017945,110657
1011777,110658
1008719,110659
1013464,110660
1016801,110661
1018357,110662
nc73822756,110663
1008845,110664
1017316,110665
1013228,110666
1012576,110667
1013612,110668
1014960,110669
nc73818541,110670
1009425,110671
1017558,110672
1010474,110673
1011762,110674
1011487,110675
1015120,110676
1011659,110677
1014120,110678
1017761,110679
nc73821921,110680
1009702,110681
1016232,110682
1009996,110683
1016692,110684
1015048,110685
1009167,110686
1012841,110687
nc73821726,110688
1010829,110689
1012068,110690
1013873,110691
1013249,110692
1013598,110693
1013209,110694
1012142,110695
1017433,110696
1012015,110697
1014904,110698
1011209,110699
1012503,110700
1013842,110701
nc73822076,110702
1011435,110703
1013259,110704
1016296,110705
nc73822101,110706
nc73822751,110707
1016411,110708
1017702,110709
1014324,110710
1009270,110711
1014215,110712
nc73817481,110713
nc73829331,110714
1009306,110715
1010859,110716
1017420,110717
1010937,110718
1008695,110719
1009603,110720
1008901,110721
1009170,110722
1011127,110723
1011185,110724
1012405,110725
1012635,110726
1013031,110727
1013909,110728
1013969,110729
1014952,110730
1016706,110731
1017748,110732
nc73832996,110733
nc73855785,110734
1009350,110735
1011025,110736
1011268,110737
1012984,110738
1014221,110739
1015221,110740
1016637,110741
1016883,110742
1016971,110743
nc71129454,110744
nc73834456,110745
1015809,110746
1011927,110747
nc73821721,110748
1012915,110749
1014328,110750
nc73821806,110751
1011593,110752
1011620,110753
1011631,110754
1011817,110755
1014031,110756
1013157,110757
1014370,110758
1015637,110759
1018021,110760
1014687,110761
1008872,110762
1015529,110763
nc73827601,110764
nc73823951,110765
1015499,110766
1018168,110767
1015914,110768
1011332,110769
1013959,110770
nc73822466,110771
1010861,110772
1017443,110773
1011407,110774
1014883,110775
1017339,110776
1016900,110777
1008587,110778
1014284,110779
1014947,110780
1011133,110781
nc73833826,110782
nc73822411,110783
1008290,110784
1017017,110785
nc73822451,110786
1011222,110787
1010837,110788
nc73823781,110789
1012303,110790
1010658,110791
1015285,110792
1013000,110793
1016589,110794
1016218,110795
nc73822856,110796
nc73824316,110797
1014716,110798
1008308,110799
1017199,110800
nc73821326,110801
nc73822111,110802
1011046,110803
1009239,110804
1013673,110805
nc73840456,110806
nc73824181,110807
1017101,110808
1010822,110809
1013952,110810
1013638,110811
1015289,110812
