20200101   4181738   40.7588  -124.2462     17.020   0.00    0.00    0.00   0.00     100000
20200103  12061066   40.7588  -124.2462     17.020   0.00    0.00    0.00   0.00     100001
20200110   5383976   40.7588  -124.2462     17.020   0.00    0.00    0.00   0.00     100002
20200702  10371832   40.7588  -124.2462     17.020   0.00    0.00    0.00   0.00     100003
20200708  18070954   40.7588  -124.2462     17.020   0.00    0.00    0.00   0.00     100004
20200720  11214004   40.7588  -124.2462     17.020   0.00    0.00    0.00   0.00     100005
20200826  17050756   40.7588  -124.2462     17.020   0.00    0.00    0.00   0.00     100006
20201012   7575232   40.7588  -124.2462     17.020   0.00    0.00    0.00   0.00     100007
20210226  17105588   40.7588  -124.2462     17.020   0.00    0.00    0.00   0.00     100008
20210804  13045034   40.7588  -124.2462     17.020   0.00    0.00    0.00   0.00     100009
20210831   4210708   40.7588  -124.2462     17.020   0.00    0.00    0.00   0.00     100010
20211004   1192280   40.7588  -124.2462     17.020   0.00    0.00    0.00   0.00     100011
20211014   9395674   40.7588  -124.2462     17.020   0.00    0.00    0.00   0.00     100012
20220118  10173000   40.7588  -124.2462     17.020   0.00    0.00    0.00   0.00     100013
20220207   3170122   40.7588  -124.2462     17.020   0.00    0.00    0.00   0.00     100014
20220207   2372464   40.7588  -124.2462     17.020   0.00    0.00    0.00   0.00     100015
20220706  13350484   40.7588  -124.2462     17.020   0.00    0.00    0.00   0.00     100016
20220721    221026   40.7588  -124.2462     17.020   0.00    0.00    0.00   0.00     100017
20220805  18162722   40.7588  -124.2462     17.020   0.00    0.00    0.00   0.00     100018
20220809  15454736   40.7588  -124.2462     17.020   0.00    0.00    0.00   0.00     100019
20220820   6193622   40.7588  -124.2462     17.020   0.00    0.00    0.00   0.00     100020
20220821   7164310   40.7588  -124.2462     17.020   0.00    0.00    0.00   0.00     100021
20220824    391314   40.7588  -124.2462     17.020   0.00    0.00    0.00   0.00     100022
20220826  13462820   40.7588  -124.2462     17.020   0.00    0.00    0.00   0.00     100023
20220903   9595124   40.7588  -124.2462     17.020   0.00    0.00    0.00   0.00     100024
20220905  23163442   40.7588  -124.2462     17.020   0.00    0.00    0.00   0.00     100025
20220907  23442162   40.7588  -124.2462     17.020   0.00    0.00    0.00   0.00     100026
20220908  14423242   40.7588  -124.2462     17.020   0.00    0.00    0.00   0.00     100027
20220918   2253872   40.7588  -124.2462     17.020   0.00    0.00    0.00   0.00     100028
20220924    154390   40.7588  -124.2462     17.020   0.00    0.00    0.00   0.00     100029
20221001   3090786   40.7588  -124.2462     17.020   0.00    0.00    0.00   0.00     100030
20221016  12042032   40.7588  -124.2462     17.020   0.00    0.00    0.00   0.00     100031
20221018   3130832   40.7588  -124.2462     17.020   0.00    0.00    0.00   0.00     100032
20221018   6332332   40.7588  -124.2462     17.020   0.00    0.00    0.00   0.00     100033
20221025  11163076   40.7588  -124.2462     17.020   0.00    0.00    0.00   0.00     100034
20221028   8573028   40.7588  -124.2462     17.020   0.00    0.00    0.00   0.00     100035
20221130  15070354   40.7588  -124.2462     17.020   0.00    0.00    0.00   0.00     100036
20200102  17453610   40.4920  -124.3379     19.020   0.00    0.00    0.00   0.00     100037
20200215  13304208   40.4920  -124.3379     19.020   0.00    0.00    0.00   0.00     100038
20200305   1191096   40.4920  -124.3379     19.020   0.00    0.00    0.00   0.00     100039
20201030  14131708   40.4920  -124.3379     19.020   0.00    0.00    0.00   0.00     100040
20201030  13580814   40.4920  -124.3379     19.020   0.00    0.00    0.00   0.00     100041
20201203  21181180   40.4920  -124.3379     19.020   0.00    0.00    0.00   0.00     100042
20210102  15302334   40.4920  -124.3379     19.020   0.00    0.00    0.00   0.00     100043
20210707  23075552   40.4920  -124.3379     19.020   0.00    0.00    0.00   0.00     100044
20210826  18322444   40.4920  -124.3379     19.020   0.00    0.00    0.00   0.00     100045
20210826  19240272   40.4920  -124.3379     19.020   0.00    0.00    0.00   0.00     100046
20210826  18544658   40.4920  -124.3379     19.020   0.00    0.00    0.00   0.00     100047
20210826  17232574   40.4920  -124.3379     19.020   0.00    0.00    0.00   0.00     100048
20210826  19280706   40.4920  -124.3379     19.020   0.00    0.00    0.00   0.00     100049
20210826  17225246   40.4920  -124.3379     19.020   0.00    0.00    0.00   0.00     100050
20210827   5584832   40.4920  -124.3379     19.020   0.00    0.00    0.00   0.00     100051
20210827   9494406   40.4920  -124.3379     19.020   0.00    0.00    0.00   0.00     100052
20210827  14200722   40.4920  -124.3379     19.020   0.00    0.00    0.00   0.00     100053
20210829   6374046   40.4920  -124.3379     19.020   0.00    0.00    0.00   0.00     100054
20210901   5175734   40.4920  -124.3379     19.020   0.00    0.00    0.00   0.00     100055
20210902   6021474   40.4920  -124.3379     19.020   0.00    0.00    0.00   0.00     100056
20210922   5032618   40.4920  -124.3379     19.020   0.00    0.00    0.00   0.00     100057
20211103   3491738   40.4920  -124.3379     19.020   0.00    0.00    0.00   0.00     100058
20211208   6185156   40.4920  -124.3379     19.020   0.00    0.00    0.00   0.00     100059
20211216  16305836   40.4920  -124.3379     19.020   0.00    0.00    0.00   0.00     100060
20211220  23271308   40.4920  -124.3379     19.020   0.00    0.00    0.00   0.00     100061
20211220  21300372   40.4920  -124.3379     19.020   0.00    0.00    0.00   0.00     100062
20211220  20282712   40.4920  -124.3379     19.020   0.00    0.00    0.00   0.00     100063
20211220  21520744   40.4920  -124.3379     19.020   0.00    0.00    0.00   0.00     100064
20211220  21510156   40.4920  -124.3379     19.020   0.00    0.00    0.00   0.00     100065
20211221  21305142   40.4920  -124.3379     19.020   0.00    0.00    0.00   0.00     100066
20211221  12555338   40.4920  -124.3379     19.020   0.00    0.00    0.00   0.00     100067
20211221  12455766   40.4920  -124.3379     19.020   0.00    0.00    0.00   0.00     100068
20211221  12372808   40.4920  -124.3379     19.020   0.00    0.00    0.00   0.00     100069
20211221  13171092   40.4920  -124.3379     19.020   0.00    0.00    0.00   0.00     100070
20211221  12464368   40.4920  -124.3379     19.020   0.00    0.00    0.00   0.00     100071
20211221  12475782   40.4920  -124.3379     19.020   0.00    0.00    0.00   0.00     100072
20211221   2560542   40.4920  -124.3379     19.020   0.00    0.00    0.00   0.00     100073
20211221  12525796   40.4920  -124.3379     19.020   0.00    0.00    0.00   0.00     100074
20211221  13001014   40.4920  -124.3379     19.020   0.00    0.00    0.00   0.00     100075
20211221  17292508   40.4920  -124.3379     19.020   0.00    0.00    0.00   0.00     100076
20211221  15225754   40.4920  -124.3379     19.020   0.00    0.00    0.00   0.00     100077
20211221  13153720   40.4920  -124.3379     19.020   0.00    0.00    0.00   0.00     100078
20211221   2243714   40.4920  -124.3379     19.020   0.00    0.00    0.00   0.00     100079
20211221  12423156   40.4920  -124.3379     19.020   0.00    0.00    0.00   0.00     100080
20211221  13563478   40.4920  -124.3379     19.020   0.00    0.00    0.00   0.00     100081
20211221   1434270   40.4920  -124.3379     19.020   0.00    0.00    0.00   0.00     100082
20211221   3351898   40.4920  -124.3379     19.020   0.00    0.00    0.00   0.00     100083
20211221    515796   40.4920  -124.3379     19.020   0.00    0.00    0.00   0.00     100084
20211221  13422378   40.4920  -124.3379     19.020   0.00    0.00    0.00   0.00     100085
20211222   5154538   40.4920  -124.3379     19.020   0.00    0.00    0.00   0.00     100086
20211222   5503690   40.4920  -124.3379     19.020   0.00    0.00    0.00   0.00     100087
20211222  12452670   40.4920  -124.3379     19.020   0.00    0.00    0.00   0.00     100088
20211222  21480268   40.4920  -124.3379     19.020   0.00    0.00    0.00   0.00     100089
20211222  11254406   40.4920  -124.3379     19.020   0.00    0.00    0.00   0.00     100090
20211222  22114900   40.4920  -124.3379     19.020   0.00    0.00    0.00   0.00     100091
20211223  12182756   40.4920  -124.3379     19.020   0.00    0.00    0.00   0.00     100092
20211223   8350670   40.4920  -124.3379     19.020   0.00    0.00    0.00   0.00     100093
20211223  16502530   40.4920  -124.3379     19.020   0.00    0.00    0.00   0.00     100094
20211223   3273040   40.4920  -124.3379     19.020   0.00    0.00    0.00   0.00     100095
20211223   2060278   40.4920  -124.3379     19.020   0.00    0.00    0.00   0.00     100096
20211224  21255998   40.4920  -124.3379     19.020   0.00    0.00    0.00   0.00     100097
20211224  21260626   40.4920  -124.3379     19.020   0.00    0.00    0.00   0.00     100098
20211226  10403382   40.4920  -124.3379     19.020   0.00    0.00    0.00   0.00     100099
20211227    381836   40.4920  -124.3379     19.020   0.00    0.00    0.00   0.00     100100
20211228  20370028   40.4920  -124.3379     19.020   0.00    0.00    0.00   0.00     100101
20211228   1540060   40.4920  -124.3379     19.020   0.00    0.00    0.00   0.00     100102
20211229  18163674   40.4920  -124.3379     19.020   0.00    0.00    0.00   0.00     100103
20211229   6502410   40.4920  -124.3379     19.020   0.00    0.00    0.00   0.00     100104
20211229   6410574   40.4920  -124.3379     19.020   0.00    0.00    0.00   0.00     100105
20211231  19143920   40.4920  -124.3379     19.020   0.00    0.00    0.00   0.00     100106
20211231  19574488   40.4920  -124.3379     19.020   0.00    0.00    0.00   0.00     100107
20211231  15040032   40.4920  -124.3379     19.020   0.00    0.00    0.00   0.00     100108
20211231  19531988   40.4920  -124.3379     19.020   0.00    0.00    0.00   0.00     100109
20211231  20595700   40.4920  -124.3379     19.020   0.00    0.00    0.00   0.00     100110
20211231  21013832   40.4920  -124.3379     19.020   0.00    0.00    0.00   0.00     100111
20211231  21174158   40.4920  -124.3379     19.020   0.00    0.00    0.00   0.00     100112
20211231  23543078   40.4920  -124.3379     19.020   0.00    0.00    0.00   0.00     100113
20211231  23295528   40.4920  -124.3379     19.020   0.00    0.00    0.00   0.00     100114
20211231  21095824   40.4920  -124.3379     19.020   0.00    0.00    0.00   0.00     100115
20211231  21355130   40.4920  -124.3379     19.020   0.00    0.00    0.00   0.00     100116
20211231  20550726   40.4920  -124.3379     19.020   0.00    0.00    0.00   0.00     100117
20211231  23144512   40.4920  -124.3379     19.020   0.00    0.00    0.00   0.00     100118
20211231  21200144   40.4920  -124.3379     19.020   0.00    0.00    0.00   0.00     100119
20211231  21535390   40.4920  -124.3379     19.020   0.00    0.00    0.00   0.00     100120
20211231  22473872   40.4920  -124.3379     19.020   0.00    0.00    0.00   0.00     100121
20211231  21513932   40.4920  -124.3379     19.020   0.00    0.00    0.00   0.00     100122
20211231  21194704   40.4920  -124.3379     19.020   0.00    0.00    0.00   0.00     100123
20211231  22393254   40.4920  -124.3379     19.020   0.00    0.00    0.00   0.00     100124
20211231  21300442   40.4920  -124.3379     19.020   0.00    0.00    0.00   0.00     100125
20211231  22575418   40.4920  -124.3379     19.020   0.00    0.00    0.00   0.00     100126
20211231  21235742   40.4920  -124.3379     19.020   0.00    0.00    0.00   0.00     100127
20211231  23193092   40.4920  -124.3379     19.020   0.00    0.00    0.00   0.00     100128
20211231  21375242   40.4920  -124.3379     19.020   0.00    0.00    0.00   0.00     100129
20211231  21580234   40.4920  -124.3379     19.020   0.00    0.00    0.00   0.00     100130
20211231  19464890   40.4920  -124.3379     19.020   0.00    0.00    0.00   0.00     100131
20211231  23022326   40.4920  -124.3379     19.020   0.00    0.00    0.00   0.00     100132
20211231  21581100   40.4920  -124.3379     19.020   0.00    0.00    0.00   0.00     100133
20211231  21161626   40.4920  -124.3379     19.020   0.00    0.00    0.00   0.00     100134
20211231  21334810   40.4920  -124.3379     19.020   0.00    0.00    0.00   0.00     100135
20211231  21003070   40.4920  -124.3379     19.020   0.00    0.00    0.00   0.00     100136
20211231  22411640   40.4920  -124.3379     19.020   0.00    0.00    0.00   0.00     100137
20211231  21252314   40.4920  -124.3379     19.020   0.00    0.00    0.00   0.00     100138
20211231  19083566   40.4920  -124.3379     19.020   0.00    0.00    0.00   0.00     100139
20211231  21574228   40.4920  -124.3379     19.020   0.00    0.00    0.00   0.00     100140
20211231  22325990   40.4920  -124.3379     19.020   0.00    0.00    0.00   0.00     100141
20211231  21094214   40.4920  -124.3379     19.020   0.00    0.00    0.00   0.00     100142
20211231  20591796   40.4920  -124.3379     19.020   0.00    0.00    0.00   0.00     100143
20211231  22085568   40.4920  -124.3379     19.020   0.00    0.00    0.00   0.00     100144
20211231  21053014   40.4920  -124.3379     19.020   0.00    0.00    0.00   0.00     100145
20211231  20593360   40.4920  -124.3379     19.020   0.00    0.00    0.00   0.00     100146
20211231  20594788   40.4920  -124.3379     19.020   0.00    0.00    0.00   0.00     100147
20211231  21081984   40.4920  -124.3379     19.020   0.00    0.00    0.00   0.00     100148
20211231  21092492   40.4920  -124.3379     19.020   0.00    0.00    0.00   0.00     100149
20211231  22162910   40.4920  -124.3379     19.020   0.00    0.00    0.00   0.00     100150
20211231  21585150   40.4920  -124.3379     19.020   0.00    0.00    0.00   0.00     100151
20211231  22063006   40.4920  -124.3379     19.020   0.00    0.00    0.00   0.00     100152
20211231  21085528   40.4920  -124.3379     19.020   0.00    0.00    0.00   0.00     100153
20211231  21022350   40.4920  -124.3379     19.020   0.00    0.00    0.00   0.00     100154
20211231  21541984   40.4920  -124.3379     19.020   0.00    0.00    0.00   0.00     100155
20211231  21294688   40.4920  -124.3379     19.020   0.00    0.00    0.00   0.00     100156
20211231  21523866   40.4920  -124.3379     19.020   0.00    0.00    0.00   0.00     100157
20211231  20441006   40.4920  -124.3379     19.020   0.00    0.00    0.00   0.00     100158
20211231  21020298   40.4920  -124.3379     19.020   0.00    0.00    0.00   0.00     100159
20211231  23173010   40.4920  -124.3379     19.020   0.00    0.00    0.00   0.00     100160
20211231  23410652   40.4920  -124.3379     19.020   0.00    0.00    0.00   0.00     100161
20211231  21270136   40.4920  -124.3379     19.020   0.00    0.00    0.00   0.00     100162
20211231  22452102   40.4920  -124.3379     19.020   0.00    0.00    0.00   0.00     100163
20211231  21070630   40.4920  -124.3379     19.020   0.00    0.00    0.00   0.00     100164
20211231  21335950   40.4920  -124.3379     19.020   0.00    0.00    0.00   0.00     100165
20211231  21225558   40.4920  -124.3379     19.020   0.00    0.00    0.00   0.00     100166
20211231  21222742   40.4920  -124.3379     19.020   0.00    0.00    0.00   0.00     100167
20211231  21440942   40.4920  -124.3379     19.020   0.00    0.00    0.00   0.00     100168
20211231  23463094   40.4920  -124.3379     19.020   0.00    0.00    0.00   0.00     100169
20211231  21084554   40.4920  -124.3379     19.020   0.00    0.00    0.00   0.00     100170
20211231  21065716   40.4920  -124.3379     19.020   0.00    0.00    0.00   0.00     100171
20211231  22111748   40.4920  -124.3379     19.020   0.00    0.00    0.00   0.00     100172
20211231  20574986   40.4920  -124.3379     19.020   0.00    0.00    0.00   0.00     100173
20211231  21403296   40.4920  -124.3379     19.020   0.00    0.00    0.00   0.00     100174
20211231  22391854   40.4920  -124.3379     19.020   0.00    0.00    0.00   0.00     100175
20211231  23583718   40.4920  -124.3379     19.020   0.00    0.00    0.00   0.00     100176
20211231  21104942   40.4920  -124.3379     19.020   0.00    0.00    0.00   0.00     100177
20211231  21034572   40.4920  -124.3379     19.020   0.00    0.00    0.00   0.00     100178
20220101   7133144   40.4920  -124.3379     19.020   0.00    0.00    0.00   0.00     100179
20220101   3374872   40.4920  -124.3379     19.020   0.00    0.00    0.00   0.00     100180
20220101  12005306   40.4920  -124.3379     19.020   0.00    0.00    0.00   0.00     100181
20220101  11004360   40.4920  -124.3379     19.020   0.00    0.00    0.00   0.00     100182
20220101  23570596   40.4920  -124.3379     19.020   0.00    0.00    0.00   0.00     100183
20220101   1502658   40.4920  -124.3379     19.020   0.00    0.00    0.00   0.00     100184
20220101  18222166   40.4920  -124.3379     19.020   0.00    0.00    0.00   0.00     100185
20220101  10003338   40.4920  -124.3379     19.020   0.00    0.00    0.00   0.00     100186
20220101   6194418   40.4920  -124.3379     19.020   0.00    0.00    0.00   0.00     100187
20220101  21040386   40.4920  -124.3379     19.020   0.00    0.00    0.00   0.00     100188
20220101  11075414   40.4920  -124.3379     19.020   0.00    0.00    0.00   0.00     100189
20220101    104848   40.4920  -124.3379     19.020   0.00    0.00    0.00   0.00     100190
20220101  23291384   40.4920  -124.3379     19.020   0.00    0.00    0.00   0.00     100191
20220101    275578   40.4920  -124.3379     19.020   0.00    0.00    0.00   0.00     100192
20220101   7112574   40.4920  -124.3379     19.020   0.00    0.00    0.00   0.00     100193
20220101    215314   40.4920  -124.3379     19.020   0.00    0.00    0.00   0.00     100194
20220101   3101608   40.4920  -124.3379     19.020   0.00    0.00    0.00   0.00     100195
20220101  11151436   40.4920  -124.3379     19.020   0.00    0.00    0.00   0.00     100196
20220101  17450156   40.4920  -124.3379     19.020   0.00    0.00    0.00   0.00     100197
20220101   8283500   40.4920  -124.3379     19.020   0.00    0.00    0.00   0.00     100198
20220101  23485470   40.4920  -124.3379     19.020   0.00    0.00    0.00   0.00     100199
20220101  17152236   40.4920  -124.3379     19.020   0.00    0.00    0.00   0.00     100200
20220101    293826   40.4920  -124.3379     19.020   0.00    0.00    0.00   0.00     100201
20220101   7265724   40.4920  -124.3379     19.020   0.00    0.00    0.00   0.00     100202
20220101  13114670   40.4920  -124.3379     19.020   0.00    0.00    0.00   0.00     100203
20220101  16472652   40.4920  -124.3379     19.020   0.00    0.00    0.00   0.00     100204
20220101    382372   40.4920  -124.3379     19.020   0.00    0.00    0.00   0.00     100205
20220101  16434734   40.4920  -124.3379     19.020   0.00    0.00    0.00   0.00     100206
20220101   8280696   40.4920  -124.3379     19.020   0.00    0.00    0.00   0.00     100207
20220101  13270638   40.4920  -124.3379     19.020   0.00    0.00    0.00   0.00     100208
20220101  22045310   40.4920  -124.3379     19.020   0.00    0.00    0.00   0.00     100209
20220101  22393380   40.4920  -124.3379     19.020   0.00    0.00    0.00   0.00     100210
20220101   1010674   40.4920  -124.3379     19.020   0.00    0.00    0.00   0.00     100211
20220101    465258   40.4920  -124.3379     19.020   0.00    0.00    0.00   0.00     100212
20220101  15064888   40.4920  -124.3379     19.020   0.00    0.00    0.00   0.00     100213
20220101   1235796   40.4920  -124.3379     19.020   0.00    0.00    0.00   0.00     100214
20220101   8304554   40.4920  -124.3379     19.020   0.00    0.00    0.00   0.00     100215
20220101   9125466   40.4920  -124.3379     19.020   0.00    0.00    0.00   0.00     100216
20220101   6410020   40.4920  -124.3379     19.020   0.00    0.00    0.00   0.00     100217
20220101   3441310   40.4920  -124.3379     19.020   0.00    0.00    0.00   0.00     100218
20220101  17015618   40.4920  -124.3379     19.020   0.00    0.00    0.00   0.00     100219
20220101   4165586   40.4920  -124.3379     19.020   0.00    0.00    0.00   0.00     100220
20220101  15294054   40.4920  -124.3379     19.020   0.00    0.00    0.00   0.00     100221
20220101   3224932   40.4920  -124.3379     19.020   0.00    0.00    0.00   0.00     100222
20220101   9115384   40.4920  -124.3379     19.020   0.00    0.00    0.00   0.00     100223
20220101  15094216   40.4920  -124.3379     19.020   0.00    0.00    0.00   0.00     100224
20220101  13092144   40.4920  -124.3379     19.020   0.00    0.00    0.00   0.00     100225
20220101  13405960   40.4920  -124.3379     19.020   0.00    0.00    0.00   0.00     100226
20220101   2253642   40.4920  -124.3379     19.020   0.00    0.00    0.00   0.00     100227
20220101    381370   40.4920  -124.3379     19.020   0.00    0.00    0.00   0.00     100228
20220101  10203460   40.4920  -124.3379     19.020   0.00    0.00    0.00   0.00     100229
20220101  10221616   40.4920  -124.3379     19.020   0.00    0.00    0.00   0.00     100230
20220101   2494164   40.4920  -124.3379     19.020   0.00    0.00    0.00   0.00     100231
20220101   9422514   40.4920  -124.3379     19.020   0.00    0.00    0.00   0.00     100232
20220101    401396   40.4920  -124.3379     19.020   0.00    0.00    0.00   0.00     100233
20220101   2115972   40.4920  -124.3379     19.020   0.00    0.00    0.00   0.00     100234
20220101   7344246   40.4920  -124.3379     19.020   0.00    0.00    0.00   0.00     100235
20220101  20073070   40.4920  -124.3379     19.020   0.00    0.00    0.00   0.00     100236
20220101  15583598   40.4920  -124.3379     19.020   0.00    0.00    0.00   0.00     100237
20220101   7262694   40.4920  -124.3379     19.020   0.00    0.00    0.00   0.00     100238
20220101   9283628   40.4920  -124.3379     19.020   0.00    0.00    0.00   0.00     100239
20220101    331146   40.4920  -124.3379     19.020   0.00    0.00    0.00   0.00     100240
20220101  21515790   40.4920  -124.3379     19.020   0.00    0.00    0.00   0.00     100241
20220101  22520948   40.4920  -124.3379     19.020   0.00    0.00    0.00   0.00     100242
20220101    350432   40.4920  -124.3379     19.020   0.00    0.00    0.00   0.00     100243
20220101   5052780   40.4920  -124.3379     19.020   0.00    0.00    0.00   0.00     100244
20220101   4464866   40.4920  -124.3379     19.020   0.00    0.00    0.00   0.00     100245
20220101   4473114   40.4920  -124.3379     19.020   0.00    0.00    0.00   0.00     100246
20220101   7282544   40.4920  -124.3379     19.020   0.00    0.00    0.00   0.00     100247
20220101   2362840   40.4920  -124.3379     19.020   0.00    0.00    0.00   0.00     100248
20220101  11070486   40.4920  -124.3379     19.020   0.00    0.00    0.00   0.00     100249
20220101  17432724   40.4920  -124.3379     19.020   0.00    0.00    0.00   0.00     100250
20220101  10390308   40.4920  -124.3379     19.020   0.00    0.00    0.00   0.00     100251
20220101   8311970   40.4920  -124.3379     19.020   0.00    0.00    0.00   0.00     100252
20220102   2341302   40.4920  -124.3379     19.020   0.00    0.00    0.00   0.00     100253
20220102  14243030   40.4920  -124.3379     19.020   0.00    0.00    0.00   0.00     100254
20220102  12164322   40.4920  -124.3379     19.020   0.00    0.00    0.00   0.00     100255
20220102   4185356   40.4920  -124.3379     19.020   0.00    0.00    0.00   0.00     100256
20220102  12111404   40.4920  -124.3379     19.020   0.00    0.00    0.00   0.00     100257
20220102   9371270   40.4920  -124.3379     19.020   0.00    0.00    0.00   0.00     100258
20220102   3001044   40.4920  -124.3379     19.020   0.00    0.00    0.00   0.00     100259
20220102   6431584   40.4920  -124.3379     19.020   0.00    0.00    0.00   0.00     100260
20220102  20090308   40.4920  -124.3379     19.020   0.00    0.00    0.00   0.00     100261
20220102   6424510   40.4920  -124.3379     19.020   0.00    0.00    0.00   0.00     100262
20220102  20054498   40.4920  -124.3379     19.020   0.00    0.00    0.00   0.00     100263
20220102  23365188   40.4920  -124.3379     19.020   0.00    0.00    0.00   0.00     100264
20220102  19190084   40.4920  -124.3379     19.020   0.00    0.00    0.00   0.00     100265
20220102  11351952   40.4920  -124.3379     19.020   0.00    0.00    0.00   0.00     100266
20220102   6015272   40.4920  -124.3379     19.020   0.00    0.00    0.00   0.00     100267
20220102   8525924   40.4920  -124.3379     19.020   0.00    0.00    0.00   0.00     100268
20220102   5320828   40.4920  -124.3379     19.020   0.00    0.00    0.00   0.00     100269
20220102   9581578   40.4920  -124.3379     19.020   0.00    0.00    0.00   0.00     100270
20220102   7345336   40.4920  -124.3379     19.020   0.00    0.00    0.00   0.00     100271
20220102  16574060   40.4920  -124.3379     19.020   0.00    0.00    0.00   0.00     100272
20220102  17464840   40.4920  -124.3379     19.020   0.00    0.00    0.00   0.00     100273
20220102   7005348   40.4920  -124.3379     19.020   0.00    0.00    0.00   0.00     100274
20220102  11423102   40.4920  -124.3379     19.020   0.00    0.00    0.00   0.00     100275
20220102   6540632   40.4920  -124.3379     19.020   0.00    0.00    0.00   0.00     100276
20220102   8262262   40.4920  -124.3379     19.020   0.00    0.00    0.00   0.00     100277
20220102   7444724   40.4920  -124.3379     19.020   0.00    0.00    0.00   0.00     100278
20220102  12134198   40.4920  -124.3379     19.020   0.00    0.00    0.00   0.00     100279
20220103  15013508   40.4920  -124.3379     19.020   0.00    0.00    0.00   0.00     100280
20220103   9221322   40.4920  -124.3379     19.020   0.00    0.00    0.00   0.00     100281
20220103  15052630   40.4920  -124.3379     19.020   0.00    0.00    0.00   0.00     100282
20220103  19175342   40.4920  -124.3379     19.020   0.00    0.00    0.00   0.00     100283
20220103  14231686   40.4920  -124.3379     19.020   0.00    0.00    0.00   0.00     100284
20220103  11244818   40.4920  -124.3379     19.020   0.00    0.00    0.00   0.00     100285
20220103  10094878   40.4920  -124.3379     19.020   0.00    0.00    0.00   0.00     100286
20220103  13560394   40.4920  -124.3379     19.020   0.00    0.00    0.00   0.00     100287
20220103    233998   40.4920  -124.3379     19.020   0.00    0.00    0.00   0.00     100288
20220103   9082278   40.4920  -124.3379     19.020   0.00    0.00    0.00   0.00     100289
20220103   4302370   40.4920  -124.3379     19.020   0.00    0.00    0.00   0.00     100290
20220103  15060626   40.4920  -124.3379     19.020   0.00    0.00    0.00   0.00     100291
20220103   4403976   40.4920  -124.3379     19.020   0.00    0.00    0.00   0.00     100292
20220104   7101868   40.4920  -124.3379     19.020   0.00    0.00    0.00   0.00     100293
20220104  11042922   40.4920  -124.3379     19.020   0.00    0.00    0.00   0.00     100294
20220104  16181674   40.4920  -124.3379     19.020   0.00    0.00    0.00   0.00     100295
20220104  18155790   40.4920  -124.3379     19.020   0.00    0.00    0.00   0.00     100296
20220105  13504508   40.4920  -124.3379     19.020   0.00    0.00    0.00   0.00     100297
20220105  23005826   40.4920  -124.3379     19.020   0.00    0.00    0.00   0.00     100298
20220105  16072894   40.4920  -124.3379     19.020   0.00    0.00    0.00   0.00     100299
20220105  20541312   40.4920  -124.3379     19.020   0.00    0.00    0.00   0.00     100300
20220105   3245252   40.4920  -124.3379     19.020   0.00    0.00    0.00   0.00     100301
20220105  11171730   40.4920  -124.3379     19.020   0.00    0.00    0.00   0.00     100302
20220105   9325918   40.4920  -124.3379     19.020   0.00    0.00    0.00   0.00     100303
20220106  12054124   40.4920  -124.3379     19.020   0.00    0.00    0.00   0.00     100304
20220106  15462058   40.4920  -124.3379     19.020   0.00    0.00    0.00   0.00     100305
20220106  18531164   40.4920  -124.3379     19.020   0.00    0.00    0.00   0.00     100306
20220106   8065284   40.4920  -124.3379     19.020   0.00    0.00    0.00   0.00     100307
20220106  20133052   40.4920  -124.3379     19.020   0.00    0.00    0.00   0.00     100308
20220106   6521900   40.4920  -124.3379     19.020   0.00    0.00    0.00   0.00     100309
20220106   1065918   40.4920  -124.3379     19.020   0.00    0.00    0.00   0.00     100310
20220106   5474110   40.4920  -124.3379     19.020   0.00    0.00    0.00   0.00     100311
20220106   1481964   40.4920  -124.3379     19.020   0.00    0.00    0.00   0.00     100312
20220106  21092590   40.4920  -124.3379     19.020   0.00    0.00    0.00   0.00     100313
20220106   8130876   40.4920  -124.3379     19.020   0.00    0.00    0.00   0.00     100314
20220106  18071112   40.4920  -124.3379     19.020   0.00    0.00    0.00   0.00     100315
20220107   7224764   40.4920  -124.3379     19.020   0.00    0.00    0.00   0.00     100316
20220107   9363734   40.4920  -124.3379     19.020   0.00    0.00    0.00   0.00     100317
20220107   4570246   40.4920  -124.3379     19.020   0.00    0.00    0.00   0.00     100318
20220107    564402   40.4920  -124.3379     19.020   0.00    0.00    0.00   0.00     100319
20220107   7553506   40.4920  -124.3379     19.020   0.00    0.00    0.00   0.00     100320
20220107   8374988   40.4920  -124.3379     19.020   0.00    0.00    0.00   0.00     100321
20220107  14201536   40.4920  -124.3379     19.020   0.00    0.00    0.00   0.00     100322
20220107   1464656   40.4920  -124.3379     19.020   0.00    0.00    0.00   0.00     100323
20220107   1031456   40.4920  -124.3379     19.020   0.00    0.00    0.00   0.00     100324
20220107  14170812   40.4920  -124.3379     19.020   0.00    0.00    0.00   0.00     100325
20220107   1001542   40.4920  -124.3379     19.020   0.00    0.00    0.00   0.00     100326
20220107  13230032   40.4920  -124.3379     19.020   0.00    0.00    0.00   0.00     100327
20220107   1202134   40.4920  -124.3379     19.020   0.00    0.00    0.00   0.00     100328
20220108  10501950   40.4920  -124.3379     19.020   0.00    0.00    0.00   0.00     100329
20220108  12315844   40.4920  -124.3379     19.020   0.00    0.00    0.00   0.00     100330
20220108   9440786   40.4920  -124.3379     19.020   0.00    0.00    0.00   0.00     100331
20220108  16033650   40.4920  -124.3379     19.020   0.00    0.00    0.00   0.00     100332
20220108   2382656   40.4920  -124.3379     19.020   0.00    0.00    0.00   0.00     100333
20220108  10230350   40.4920  -124.3379     19.020   0.00    0.00    0.00   0.00     100334
20220108  20443994   40.4920  -124.3379     19.020   0.00    0.00    0.00   0.00     100335
20220109  10105052   40.4920  -124.3379     19.020   0.00    0.00    0.00   0.00     100336
20220109  19503700   40.4920  -124.3379     19.020   0.00    0.00    0.00   0.00     100337
20220109  14475770   40.4920  -124.3379     19.020   0.00    0.00    0.00   0.00     100338
20220109   8092148   40.4920  -124.3379     19.020   0.00    0.00    0.00   0.00     100339
20220109  21381102   40.4920  -124.3379     19.020   0.00    0.00    0.00   0.00     100340
20220109  12520500   40.4920  -124.3379     19.020   0.00    0.00    0.00   0.00     100341
20220109  22084272   40.4920  -124.3379     19.020   0.00    0.00    0.00   0.00     100342
20220110   3092712   40.4920  -124.3379     19.020   0.00    0.00    0.00   0.00     100343
20220110   3241840   40.4920  -124.3379     19.020   0.00    0.00    0.00   0.00     100344
20220110   5492144   40.4920  -124.3379     19.020   0.00    0.00    0.00   0.00     100345
20220110   2402774   40.4920  -124.3379     19.020   0.00    0.00    0.00   0.00     100346
20220111  16492306   40.4920  -124.3379     19.020   0.00    0.00    0.00   0.00     100347
20220111  12363348   40.4920  -124.3379     19.020   0.00    0.00    0.00   0.00     100348
20220111  21131182   40.4920  -124.3379     19.020   0.00    0.00    0.00   0.00     100349
20220113   3204856   40.4920  -124.3379     19.020   0.00    0.00    0.00   0.00     100350
20220113  16170224   40.4920  -124.3379     19.020   0.00    0.00    0.00   0.00     100351
20220113   6271642   40.4920  -124.3379     19.020   0.00    0.00    0.00   0.00     100352
20220114   7111222   40.4920  -124.3379     19.020   0.00    0.00    0.00   0.00     100353
20220114   7054656   40.4920  -124.3379     19.020   0.00    0.00    0.00   0.00     100354
20220114  12500746   40.4920  -124.3379     19.020   0.00    0.00    0.00   0.00     100355
20220114    264936   40.4920  -124.3379     19.020   0.00    0.00    0.00   0.00     100356
20220115   8562900   40.4920  -124.3379     19.020   0.00    0.00    0.00   0.00     100357
20220115   9162846   40.4920  -124.3379     19.020   0.00    0.00    0.00   0.00     100358
20220115   8240294   40.4920  -124.3379     19.020   0.00    0.00    0.00   0.00     100359
20220115  19144120   40.4920  -124.3379     19.020   0.00    0.00    0.00   0.00     100360
20220116   5502248   40.4920  -124.3379     19.020   0.00    0.00    0.00   0.00     100361
20220116  22434758   40.4920  -124.3379     19.020   0.00    0.00    0.00   0.00     100362
20220116  18393328   40.4920  -124.3379     19.020   0.00    0.00    0.00   0.00     100363
20220116  15292032   40.4920  -124.3379     19.020   0.00    0.00    0.00   0.00     100364
20220117   1473316   40.4920  -124.3379     19.020   0.00    0.00    0.00   0.00     100365
20220117   4314238   40.4920  -124.3379     19.020   0.00    0.00    0.00   0.00     100366
20220118   3515118   40.4920  -124.3379     19.020   0.00    0.00    0.00   0.00     100367
20220118   8273952   40.4920  -124.3379     19.020   0.00    0.00    0.00   0.00     100368
20220118  15334542   40.4920  -124.3379     19.020   0.00    0.00    0.00   0.00     100369
20220118  12440222   40.4920  -124.3379     19.020   0.00    0.00    0.00   0.00     100370
20220118  16310944   40.4920  -124.3379     19.020   0.00    0.00    0.00   0.00     100371
20220118   1354128   40.4920  -124.3379     19.020   0.00    0.00    0.00   0.00     100372
20220119  10090442   40.4920  -124.3379     19.020   0.00    0.00    0.00   0.00     100373
20220119   3070496   40.4920  -124.3379     19.020   0.00    0.00    0.00   0.00     100374
20220120   2301936   40.4920  -124.3379     19.020   0.00    0.00    0.00   0.00     100375
20220120   7340264   40.4920  -124.3379     19.020   0.00    0.00    0.00   0.00     100376
20220120  12500594   40.4920  -124.3379     19.020   0.00    0.00    0.00   0.00     100377
20220120   4342572   40.4920  -124.3379     19.020   0.00    0.00    0.00   0.00     100378
20220120  19540800   40.4920  -124.3379     19.020   0.00    0.00    0.00   0.00     100379
20220121  18253390   40.4920  -124.3379     19.020   0.00    0.00    0.00   0.00     100380
20220121   1304928   40.4920  -124.3379     19.020   0.00    0.00    0.00   0.00     100381
20220121   3223520   40.4920  -124.3379     19.020   0.00    0.00    0.00   0.00     100382
20220121   9303774   40.4920  -124.3379     19.020   0.00    0.00    0.00   0.00     100383
20220121  10141292   40.4920  -124.3379     19.020   0.00    0.00    0.00   0.00     100384
20220122   7520758   40.4920  -124.3379     19.020   0.00    0.00    0.00   0.00     100385
20220122    420526   40.4920  -124.3379     19.020   0.00    0.00    0.00   0.00     100386
20220122   1191138   40.4920  -124.3379     19.020   0.00    0.00    0.00   0.00     100387
20220123   7100930   40.4920  -124.3379     19.020   0.00    0.00    0.00   0.00     100388
20220123   3485024   40.4920  -124.3379     19.020   0.00    0.00    0.00   0.00     100389
20220123   8172792   40.4920  -124.3379     19.020   0.00    0.00    0.00   0.00     100390
20220124  16374962   40.4920  -124.3379     19.020   0.00    0.00    0.00   0.00     100391
20220124  16002892   40.4920  -124.3379     19.020   0.00    0.00    0.00   0.00     100392
20220125  22354250   40.4920  -124.3379     19.020   0.00    0.00    0.00   0.00     100393
20220125    340624   40.4920  -124.3379     19.020   0.00    0.00    0.00   0.00     100394
20220125  11520596   40.4920  -124.3379     19.020   0.00    0.00    0.00   0.00     100395
20220126   5310898   40.4920  -124.3379     19.020   0.00    0.00    0.00   0.00     100396
20220126  15353810   40.4920  -124.3379     19.020   0.00    0.00    0.00   0.00     100397
20220126   3194012   40.4920  -124.3379     19.020   0.00    0.00    0.00   0.00     100398
20220126  14530056   40.4920  -124.3379     19.020   0.00    0.00    0.00   0.00     100399
20220126  10251384   40.4920  -124.3379     19.020   0.00    0.00    0.00   0.00     100400
20220126  14200320   40.4920  -124.3379     19.020   0.00    0.00    0.00   0.00     100401
20220126  12493918   40.4920  -124.3379     19.020   0.00    0.00    0.00   0.00     100402
20220127  19205804   40.4920  -124.3379     19.020   0.00    0.00    0.00   0.00     100403
20220127  19250742   40.4920  -124.3379     19.020   0.00    0.00    0.00   0.00     100404
20220127  22483208   40.4920  -124.3379     19.020   0.00    0.00    0.00   0.00     100405
20220127   2391438   40.4920  -124.3379     19.020   0.00    0.00    0.00   0.00     100406
20220127  22184960   40.4920  -124.3379     19.020   0.00    0.00    0.00   0.00     100407
20220127  22490774   40.4920  -124.3379     19.020   0.00    0.00    0.00   0.00     100408
20220127   8121592   40.4920  -124.3379     19.020   0.00    0.00    0.00   0.00     100409
20220128  14420342   40.4920  -124.3379     19.020   0.00    0.00    0.00   0.00     100410
20220128  15133414   40.4920  -124.3379     19.020   0.00    0.00    0.00   0.00     100411
20220128  19035214   40.4920  -124.3379     19.020   0.00    0.00    0.00   0.00     100412
20220128  23374768   40.4920  -124.3379     19.020   0.00    0.00    0.00   0.00     100413
20220128   1494632   40.4920  -124.3379     19.020   0.00    0.00    0.00   0.00     100414
20220129   3064348   40.4920  -124.3379     19.020   0.00    0.00    0.00   0.00     100415
20220129   6064948   40.4920  -124.3379     19.020   0.00    0.00    0.00   0.00     100416
20220130    225756   40.4920  -124.3379     19.020   0.00    0.00    0.00   0.00     100417
20220130  14090646   40.4920  -124.3379     19.020   0.00    0.00    0.00   0.00     100418
20220130  14210900   40.4920  -124.3379     19.020   0.00    0.00    0.00   0.00     100419
20220130  13093526   40.4920  -124.3379     19.020   0.00    0.00    0.00   0.00     100420
20220130  20395094   40.4920  -124.3379     19.020   0.00    0.00    0.00   0.00     100421
20220130  10054326   40.4920  -124.3379     19.020   0.00    0.00    0.00   0.00     100422
20220130  13373888   40.4920  -124.3379     19.020   0.00    0.00    0.00   0.00     100423
20220131   3440942   40.4920  -124.3379     19.020   0.00    0.00    0.00   0.00     100424
20220201  18482926   40.4920  -124.3379     19.020   0.00    0.00    0.00   0.00     100425
20220201   7072588   40.4920  -124.3379     19.020   0.00    0.00    0.00   0.00     100426
20220201   1090108   40.4920  -124.3379     19.020   0.00    0.00    0.00   0.00     100427
20220201  21552136   40.4920  -124.3379     19.020   0.00    0.00    0.00   0.00     100428
20220201  11251750   40.4920  -124.3379     19.020   0.00    0.00    0.00   0.00     100429
20220202   5492820   40.4920  -124.3379     19.020   0.00    0.00    0.00   0.00     100430
20220203  12363174   40.4920  -124.3379     19.020   0.00    0.00    0.00   0.00     100431
20220205  16450798   40.4920  -124.3379     19.020   0.00    0.00    0.00   0.00     100432
20220206  16300938   40.4920  -124.3379     19.020   0.00    0.00    0.00   0.00     100433
20220206  19072592   40.4920  -124.3379     19.020   0.00    0.00    0.00   0.00     100434
20220206  15432552   40.4920  -124.3379     19.020   0.00    0.00    0.00   0.00     100435
20220206   4155736   40.4920  -124.3379     19.020   0.00    0.00    0.00   0.00     100436
20220207   4050632   40.4920  -124.3379     19.020   0.00    0.00    0.00   0.00     100437
20220207   2030670   40.4920  -124.3379     19.020   0.00    0.00    0.00   0.00     100438
20220207   9530394   40.4920  -124.3379     19.020   0.00    0.00    0.00   0.00     100439
20220207   8551158   40.4920  -124.3379     19.020   0.00    0.00    0.00   0.00     100440
20220209     45868   40.4920  -124.3379     19.020   0.00    0.00    0.00   0.00     100441
20220209  19490070   40.4920  -124.3379     19.020   0.00    0.00    0.00   0.00     100442
20220210   5585562   40.4920  -124.3379     19.020   0.00    0.00    0.00   0.00     100443
20220212  11585626   40.4920  -124.3379     19.020   0.00    0.00    0.00   0.00     100444
20220212  10350896   40.4920  -124.3379     19.020   0.00    0.00    0.00   0.00     100445
20220213   7265980   40.4920  -124.3379     19.020   0.00    0.00    0.00   0.00     100446
20220213   6432562   40.4920  -124.3379     19.020   0.00    0.00    0.00   0.00     100447
20220213  21162934   40.4920  -124.3379     19.020   0.00    0.00    0.00   0.00     100448
20220213   7280174   40.4920  -124.3379     19.020   0.00    0.00    0.00   0.00     100449
20220213   6452788   40.4920  -124.3379     19.020   0.00    0.00    0.00   0.00     100450
20220213   7303648   40.4920  -124.3379     19.020   0.00    0.00    0.00   0.00     100451
20220213   8262636   40.4920  -124.3379     19.020   0.00    0.00    0.00   0.00     100452
20220213  12224036   40.4920  -124.3379     19.020   0.00    0.00    0.00   0.00     100453
20220215  18580672   40.4920  -124.3379     19.020   0.00    0.00    0.00   0.00     100454
20220215   9144820   40.4920  -124.3379     19.020   0.00    0.00    0.00   0.00     100455
20220217  21510984   40.4920  -124.3379     19.020   0.00    0.00    0.00   0.00     100456
20220217   4320422   40.4920  -124.3379     19.020   0.00    0.00    0.00   0.00     100457
20220217   8371614   40.4920  -124.3379     19.020   0.00    0.00    0.00   0.00     100458
20220218   5513404   40.4920  -124.3379     19.020   0.00    0.00    0.00   0.00     100459
20220220  20133490   40.4920  -124.3379     19.020   0.00    0.00    0.00   0.00     100460
20220222   5302640   40.4920  -124.3379     19.020   0.00    0.00    0.00   0.00     100461
20220223   8394438   40.4920  -124.3379     19.020   0.00    0.00    0.00   0.00     100462
20220223   8220690   40.4920  -124.3379     19.020   0.00    0.00    0.00   0.00     100463
20220224  10513154   40.4920  -124.3379     19.020   0.00    0.00    0.00   0.00     100464
20220224   9185156   40.4920  -124.3379     19.020   0.00    0.00    0.00   0.00     100465
20220224   2480832   40.4920  -124.3379     19.020   0.00    0.00    0.00   0.00     100466
20220225  18354560   40.4920  -124.3379     19.020   0.00    0.00    0.00   0.00     100467
20220225   7034882   40.4920  -124.3379     19.020   0.00    0.00    0.00   0.00     100468
20220226   3340766   40.4920  -124.3379     19.020   0.00    0.00    0.00   0.00     100469
20220301     44994   40.4920  -124.3379     19.020   0.00    0.00    0.00   0.00     100470
20220304      1090   40.4920  -124.3379     19.020   0.00    0.00    0.00   0.00     100471
20220306  22332712   40.4920  -124.3379     19.020   0.00    0.00    0.00   0.00     100472
20220307  11350324   40.4920  -124.3379     19.020   0.00    0.00    0.00   0.00     100473
20220307    441914   40.4920  -124.3379     19.020   0.00    0.00    0.00   0.00     100474
20220309    124028   40.4920  -124.3379     19.020   0.00    0.00    0.00   0.00     100475
20220311  21263888   40.4920  -124.3379     19.020   0.00    0.00    0.00   0.00     100476
20220315  19135550   40.4920  -124.3379     19.020   0.00    0.00    0.00   0.00     100477
20220319   4113650   40.4920  -124.3379     19.020   0.00    0.00    0.00   0.00     100478
20220320   2061106   40.4920  -124.3379     19.020   0.00    0.00    0.00   0.00     100479
20220320  22431294   40.4920  -124.3379     19.020   0.00    0.00    0.00   0.00     100480
20220321   5121352   40.4920  -124.3379     19.020   0.00    0.00    0.00   0.00     100481
20220323  16384144   40.4920  -124.3379     19.020   0.00    0.00    0.00   0.00     100482
20220323  22335070   40.4920  -124.3379     19.020   0.00    0.00    0.00   0.00     100483
20220324  14185804   40.4920  -124.3379     19.020   0.00    0.00    0.00   0.00     100484
20220325   2492472   40.4920  -124.3379     19.020   0.00    0.00    0.00   0.00     100485
20220326  10514602   40.4920  -124.3379     19.020   0.00    0.00    0.00   0.00     100486
20220329  20003428   40.4920  -124.3379     19.020   0.00    0.00    0.00   0.00     100487
20220331   8512408   40.4920  -124.3379     19.020   0.00    0.00    0.00   0.00     100488
20220403  14065766   40.4920  -124.3379     19.020   0.00    0.00    0.00   0.00     100489
20220406   1132184   40.4920  -124.3379     19.020   0.00    0.00    0.00   0.00     100490
20220407   9401244   40.4920  -124.3379     19.020   0.00    0.00    0.00   0.00     100491
20220408  18155002   40.4920  -124.3379     19.020   0.00    0.00    0.00   0.00     100492
20220414  11354332   40.4920  -124.3379     19.020   0.00    0.00    0.00   0.00     100493
20220417  19175668   40.4920  -124.3379     19.020   0.00    0.00    0.00   0.00     100494
20220417  21161926   40.4920  -124.3379     19.020   0.00    0.00    0.00   0.00     100495
20220417  13581470   40.4920  -124.3379     19.020   0.00    0.00    0.00   0.00     100496
20220420  22010530   40.4920  -124.3379     19.020   0.00    0.00    0.00   0.00     100497
20220420  22004136   40.4920  -124.3379     19.020   0.00    0.00    0.00   0.00     100498
20220425   7445442   40.4920  -124.3379     19.020   0.00    0.00    0.00   0.00     100499
20220507   7252176   40.4920  -124.3379     19.020   0.00    0.00    0.00   0.00     100500
20220513   1463058   40.4920  -124.3379     19.020   0.00    0.00    0.00   0.00     100501
20220516  16360762   40.4920  -124.3379     19.020   0.00    0.00    0.00   0.00     100502
20220518  11121250   40.4920  -124.3379     19.020   0.00    0.00    0.00   0.00     100503
20220521  20222224   40.4920  -124.3379     19.020   0.00    0.00    0.00   0.00     100504
20220529   1153302   40.4920  -124.3379     19.020   0.00    0.00    0.00   0.00     100505
20220604  10533470   40.4920  -124.3379     19.020   0.00    0.00    0.00   0.00     100506
20220616  20091244   40.4920  -124.3379     19.020   0.00    0.00    0.00   0.00     100507
20220624  15041010   40.4920  -124.3379     19.020   0.00    0.00    0.00   0.00     100508
20220718   5454848   40.4920  -124.3379     19.020   0.00    0.00    0.00   0.00     100509
20220721  12505748   40.4920  -124.3379     19.020   0.00    0.00    0.00   0.00     100510
20220723  20580226   40.4920  -124.3379     19.020   0.00    0.00    0.00   0.00     100511
20220727  15573652   40.4920  -124.3379     19.020   0.00    0.00    0.00   0.00     100512
20220812   2492110   40.4920  -124.3379     19.020   0.00    0.00    0.00   0.00     100513
20220819  20354898   40.4920  -124.3379     19.020   0.00    0.00    0.00   0.00     100514
20220819  20475234   40.4920  -124.3379     19.020   0.00    0.00    0.00   0.00     100515
20220821  10265812   40.4920  -124.3379     19.020   0.00    0.00    0.00   0.00     100516
20220822  11282438   40.4920  -124.3379     19.020   0.00    0.00    0.00   0.00     100517
20220823   2340432   40.4920  -124.3379     19.020   0.00    0.00    0.00   0.00     100518
20220904   7572980   40.4920  -124.3379     19.020   0.00    0.00    0.00   0.00     100519
20220905   1364756   40.4920  -124.3379     19.020   0.00    0.00    0.00   0.00     100520
20221009    315630   40.4920  -124.3379     19.020   0.00    0.00    0.00   0.00     100521
20221109   4540668   40.4920  -124.3379     19.020   0.00    0.00    0.00   0.00     100522
20221110   6195870   40.4920  -124.3379     19.020   0.00    0.00    0.00   0.00     100523
20200102  14153592   40.5552  -124.6638      7.340   0.00    0.00    0.00   0.00     100524
20200115  20553580   40.5552  -124.6638      7.340   0.00    0.00    0.00   0.00     100525
20200130   8031700   40.5552  -124.6638      7.340   0.00    0.00    0.00   0.00     100526
20200202  11353414   40.5552  -124.6638      7.340   0.00    0.00    0.00   0.00     100527
20200216   4074544   40.5552  -124.6638      7.340   0.00    0.00    0.00   0.00     100528
20200216  23304664   40.5552  -124.6638      7.340   0.00    0.00    0.00   0.00     100529
20200216   4551856   40.5552  -124.6638      7.340   0.00    0.00    0.00   0.00     100530
20200314  16023630   40.5552  -124.6638      7.340   0.00    0.00    0.00   0.00     100531
20200331  14150202   40.5552  -124.6638      7.340   0.00    0.00    0.00   0.00     100532
20200414  15254046   40.5552  -124.6638      7.340   0.00    0.00    0.00   0.00     100533
20200418   8203260   40.5552  -124.6638      7.340   0.00    0.00    0.00   0.00     100534
20200531  11240900   40.5552  -124.6638      7.340   0.00    0.00    0.00   0.00     100535
20200616   8120452   40.5552  -124.6638      7.340   0.00    0.00    0.00   0.00     100536
20200807   9284434   40.5552  -124.6638      7.340   0.00    0.00    0.00   0.00     100537
20200807   9282606   40.5552  -124.6638      7.340   0.00    0.00    0.00   0.00     100538
20200807   4035808   40.5552  -124.6638      7.340   0.00    0.00    0.00   0.00     100539
20200811  22235332   40.5552  -124.6638      7.340   0.00    0.00    0.00   0.00     100540
20201021   2373294   40.5552  -124.6638      7.340   0.00    0.00    0.00   0.00     100541
20201108   3545580   40.5552  -124.6638      7.340   0.00    0.00    0.00   0.00     100542
20201108   1324098   40.5552  -124.6638      7.340   0.00    0.00    0.00   0.00     100543
20201202   8333362   40.5552  -124.6638      7.340   0.00    0.00    0.00   0.00     100544
20201219  10014324   40.5552  -124.6638      7.340   0.00    0.00    0.00   0.00     100545
20210213   4014158   40.5552  -124.6638      7.340   0.00    0.00    0.00   0.00     100546
20210327   3070842   40.5552  -124.6638      7.340   0.00    0.00    0.00   0.00     100547
20210330   8361132   40.5552  -124.6638      7.340   0.00    0.00    0.00   0.00     100548
20210406  11113232   40.5552  -124.6638      7.340   0.00    0.00    0.00   0.00     100549
20210507  18032930   40.5552  -124.6638      7.340   0.00    0.00    0.00   0.00     100550
20210613  21065218   40.5552  -124.6638      7.340   0.00    0.00    0.00   0.00     100551
20210810  10073716   40.5552  -124.6638      7.340   0.00    0.00    0.00   0.00     100552
20210819   2143626   40.5552  -124.6638      7.340   0.00    0.00    0.00   0.00     100553
20210824   6520804   40.5552  -124.6638      7.340   0.00    0.00    0.00   0.00     100554
20211017  12150446   40.5552  -124.6638      7.340   0.00    0.00    0.00   0.00     100555
20211017  12382696   40.5552  -124.6638      7.340   0.00    0.00    0.00   0.00     100556
20211205  22582632   40.5552  -124.6638      7.340   0.00    0.00    0.00   0.00     100557
20220120   2021966   40.5552  -124.6638      7.340   0.00    0.00    0.00   0.00     100558
20220221   2092238   40.5552  -124.6638      7.340   0.00    0.00    0.00   0.00     100559
20220226   9195372   40.5552  -124.6638      7.340   0.00    0.00    0.00   0.00     100560
20220317  10342554   40.5552  -124.6638      7.340   0.00    0.00    0.00   0.00     100561
20220405   4375208   40.5552  -124.6638      7.340   0.00    0.00    0.00   0.00     100562
20220514  21272724   40.5552  -124.6638      7.340   0.00    0.00    0.00   0.00     100563
20220529   6213180   40.5552  -124.6638      7.340   0.00    0.00    0.00   0.00     100564
20220707   2464542   40.5552  -124.6638      7.340   0.00    0.00    0.00   0.00     100565
20220725   5035622   40.5552  -124.6638      7.340   0.00    0.00    0.00   0.00     100566
20220814   3542424   40.5552  -124.6638      7.340   0.00    0.00    0.00   0.00     100567
20220824  22141914   40.5552  -124.6638      7.340   0.00    0.00    0.00   0.00     100568
20220904   5455400   40.5552  -124.6638      7.340   0.00    0.00    0.00   0.00     100569
20220906   7025990   40.5552  -124.6638      7.340   0.00    0.00    0.00   0.00     100570
20221106   5034980   40.5552  -124.6638      7.340   0.00    0.00    0.00   0.00     100571
20221106   4453890   40.5552  -124.6638      7.340   0.00    0.00    0.00   0.00     100572
20221106   4462334   40.5552  -124.6638      7.340   0.00    0.00    0.00   0.00     100573
20221123   9595602   40.5552  -124.6638      7.340   0.00    0.00    0.00   0.00     100574
20200103  15575156   40.3685  -124.4603     17.830   0.00    0.00    0.00   0.00     100575
20200114   1093134   40.3685  -124.4603     17.830   0.00    0.00    0.00   0.00     100576
20200216   2380678   40.3685  -124.4603     17.830   0.00    0.00    0.00   0.00     100577
20200228   7470914   40.3685  -124.4603     17.830   0.00    0.00    0.00   0.00     100578
20200323  14171024   40.3685  -124.4603     17.830   0.00    0.00    0.00   0.00     100579
20200324  20101892   40.3685  -124.4603     17.830   0.00    0.00    0.00   0.00     100580
20200504  10414284   40.3685  -124.4603     17.830   0.00    0.00    0.00   0.00     100581
20200513   5114554   40.3685  -124.4603     17.830   0.00    0.00    0.00   0.00     100582
20200609  10470614   40.3685  -124.4603     17.830   0.00    0.00    0.00   0.00     100583
20200613   7083434   40.3685  -124.4603     17.830   0.00    0.00    0.00   0.00     100584
20200806    440046   40.3685  -124.4603     17.830   0.00    0.00    0.00   0.00     100585
20200806  19411990   40.3685  -124.4603     17.830   0.00    0.00    0.00   0.00     100586
20200820  18405516   40.3685  -124.4603     17.830   0.00    0.00    0.00   0.00     100587
20200912  21544474   40.3685  -124.4603     17.830   0.00    0.00    0.00   0.00     100588
20200912  21371608   40.3685  -124.4603     17.830   0.00    0.00    0.00   0.00     100589
20201129  17241404   40.3685  -124.4603     17.830   0.00    0.00    0.00   0.00     100590
20210417  10274958   40.3685  -124.4603     17.830   0.00    0.00    0.00   0.00     100591
20210426  21463918   40.3685  -124.4603     17.830   0.00    0.00    0.00   0.00     100592
20210511  12134462   40.3685  -124.4603     17.830   0.00    0.00    0.00   0.00     100593
20210520   1352700   40.3685  -124.4603     17.830   0.00    0.00    0.00   0.00     100594
20210615  11272478   40.3685  -124.4603     17.830   0.00    0.00    0.00   0.00     100595
20210615  11310800   40.3685  -124.4603     17.830   0.00    0.00    0.00   0.00     100596
20210615  11585248   40.3685  -124.4603     17.830   0.00    0.00    0.00   0.00     100597
20210615  13091630   40.3685  -124.4603     17.830   0.00    0.00    0.00   0.00     100598
20210615  13135846   40.3685  -124.4603     17.830   0.00    0.00    0.00   0.00     100599
20210812  11501218   40.3685  -124.4603     17.830   0.00    0.00    0.00   0.00     100600
20210814   8181564   40.3685  -124.4603     17.830   0.00    0.00    0.00   0.00     100601
20210915   3210732   40.3685  -124.4603     17.830   0.00    0.00    0.00   0.00     100602
20210924   8151712   40.3685  -124.4603     17.830   0.00    0.00    0.00   0.00     100603
20211010  16462412   40.3685  -124.4603     17.830   0.00    0.00    0.00   0.00     100604
20211029   1245502   40.3685  -124.4603     17.830   0.00    0.00    0.00   0.00     100605
20211108  10415082   40.3685  -124.4603     17.830   0.00    0.00    0.00   0.00     100606
20211115   1463544   40.3685  -124.4603     17.830   0.00    0.00    0.00   0.00     100607
20211123   4140784   40.3685  -124.4603     17.830   0.00    0.00    0.00   0.00     100608
20211222   2511162   40.3685  -124.4603     17.830   0.00    0.00    0.00   0.00     100609
20211231  10043700   40.3685  -124.4603     17.830   0.00    0.00    0.00   0.00     100610
20220322  11043580   40.3685  -124.4603     17.830   0.00    0.00    0.00   0.00     100611
20220605   8215932   40.3685  -124.4603     17.830   0.00    0.00    0.00   0.00     100612
20220817   5062180   40.3685  -124.4603     17.830   0.00    0.00    0.00   0.00     100613
20220821   5510808   40.3685  -124.4603     17.830   0.00    0.00    0.00   0.00     100614
20221025  21205462   40.3685  -124.4603     17.830   0.00    0.00    0.00   0.00     100615
20200103  12133252   40.4410  -124.6441     26.400   0.00    0.00    0.00   0.00     100616
20200203  10400392   40.4410  -124.6441     26.400   0.00    0.00    0.00   0.00     100617
20200315  19233030   40.4410  -124.6441     26.400   0.00    0.00    0.00   0.00     100618
20200328   1010954   40.4410  -124.6441     26.400   0.00    0.00    0.00   0.00     100619
20200328   1515700   40.4410  -124.6441     26.400   0.00    0.00    0.00   0.00     100620
20200407   8023778   40.4410  -124.6441     26.400   0.00    0.00    0.00   0.00     100621
20200407  17575518   40.4410  -124.6441     26.400   0.00    0.00    0.00   0.00     100622
20200408  20321072   40.4410  -124.6441     26.400   0.00    0.00    0.00   0.00     100623
20200510  22361924   40.4410  -124.6441     26.400   0.00    0.00    0.00   0.00     100624
20200513   7105036   40.4410  -124.6441     26.400   0.00    0.00    0.00   0.00     100625
20200522   8392084   40.4410  -124.6441     26.400   0.00    0.00    0.00   0.00     100626
20200526  21264744   40.4410  -124.6441     26.400   0.00    0.00    0.00   0.00     100627
20200621   6374670   40.4410  -124.6441     26.400   0.00    0.00    0.00   0.00     100628
20200709  10574092   40.4410  -124.6441     26.400   0.00    0.00    0.00   0.00     100629
20200710   5551390   40.4410  -124.6441     26.400   0.00    0.00    0.00   0.00     100630
20200730  20302706   40.4410  -124.6441     26.400   0.00    0.00    0.00   0.00     100631
20200803   6380284   40.4410  -124.6441     26.400   0.00    0.00    0.00   0.00     100632
20200803   7000148   40.4410  -124.6441     26.400   0.00    0.00    0.00   0.00     100633
20200809  11501550   40.4410  -124.6441     26.400   0.00    0.00    0.00   0.00     100634
20200826  14163328   40.4410  -124.6441     26.400   0.00    0.00    0.00   0.00     100635
20200906   7352878   40.4410  -124.6441     26.400   0.00    0.00    0.00   0.00     100636
20200908  16464930   40.4410  -124.6441     26.400   0.00    0.00    0.00   0.00     100637
20200913  11162540   40.4410  -124.6441     26.400   0.00    0.00    0.00   0.00     100638
20200917   7030892   40.4410  -124.6441     26.400   0.00    0.00    0.00   0.00     100639
20201102  18050478   40.4410  -124.6441     26.400   0.00    0.00    0.00   0.00     100640
20201104   2404644   40.4410  -124.6441     26.400   0.00    0.00    0.00   0.00     100641
20201203  11195944   40.4410  -124.6441     26.400   0.00    0.00    0.00   0.00     100642
20210125     55370   40.4410  -124.6441     26.400   0.00    0.00    0.00   0.00     100643
20210218  20460636   40.4410  -124.6441     26.400   0.00    0.00    0.00   0.00     100644
20210218  21123220   40.4410  -124.6441     26.400   0.00    0.00    0.00   0.00     100645
20210228  18221670   40.4410  -124.6441     26.400   0.00    0.00    0.00   0.00     100646
20210301   3301062   40.4410  -124.6441     26.400   0.00    0.00    0.00   0.00     100647
20210324   9413194   40.4410  -124.6441     26.400   0.00    0.00    0.00   0.00     100648
20210428  21374112   40.4410  -124.6441     26.400   0.00    0.00    0.00   0.00     100649
20210503  22030100   40.4410  -124.6441     26.400   0.00    0.00    0.00   0.00     100650
20210515  18015586   40.4410  -124.6441     26.400   0.00    0.00    0.00   0.00     100651
20210515  17595648   40.4410  -124.6441     26.400   0.00    0.00    0.00   0.00     100652
20210515  17032492   40.4410  -124.6441     26.400   0.00    0.00    0.00   0.00     100653
20210515  18223872   40.4410  -124.6441     26.400   0.00    0.00    0.00   0.00     100654
20210515  18011982   40.4410  -124.6441     26.400   0.00    0.00    0.00   0.00     100655
20210520   3505468   40.4410  -124.6441     26.400   0.00    0.00    0.00   0.00     100656
20210523   1591100   40.4410  -124.6441     26.400   0.00    0.00    0.00   0.00     100657
20210523   1590596   40.4410  -124.6441     26.400   0.00    0.00    0.00   0.00     100658
20210527   7133084   40.4410  -124.6441     26.400   0.00    0.00    0.00   0.00     100659
20210529  23354622   40.4410  -124.6441     26.400   0.00    0.00    0.00   0.00     100660
20210605   4505136   40.4410  -124.6441     26.400   0.00    0.00    0.00   0.00     100661
20210607  22320042   40.4410  -124.6441     26.400   0.00    0.00    0.00   0.00     100662
20210608   5590956   40.4410  -124.6441     26.400   0.00    0.00    0.00   0.00     100663
20210610  11505466   40.4410  -124.6441     26.400   0.00    0.00    0.00   0.00     100664
20210618  17183352   40.4410  -124.6441     26.400   0.00    0.00    0.00   0.00     100665
20210701     71498   40.4410  -124.6441     26.400   0.00    0.00    0.00   0.00     100666
20210708  15153698   40.4410  -124.6441     26.400   0.00    0.00    0.00   0.00     100667
20210708  10092028   40.4410  -124.6441     26.400   0.00    0.00    0.00   0.00     100668
20210711  10201500   40.4410  -124.6441     26.400   0.00    0.00    0.00   0.00     100669
20210714  21442310   40.4410  -124.6441     26.400   0.00    0.00    0.00   0.00     100670
20210717   3444404   40.4410  -124.6441     26.400   0.00    0.00    0.00   0.00     100671
20210721  21384708   40.4410  -124.6441     26.400   0.00    0.00    0.00   0.00     100672
20210721  14375502   40.4410  -124.6441     26.400   0.00    0.00    0.00   0.00     100673
20210729  14405230   40.4410  -124.6441     26.400   0.00    0.00    0.00   0.00     100674
20210803  15381058   40.4410  -124.6441     26.400   0.00    0.00    0.00   0.00     100675
20210807   8023346   40.4410  -124.6441     26.400   0.00    0.00    0.00   0.00     100676
20210812  12112914   40.4410  -124.6441     26.400   0.00    0.00    0.00   0.00     100677
20210813   3390236   40.4410  -124.6441     26.400   0.00    0.00    0.00   0.00     100678
20210813   2071510   40.4410  -124.6441     26.400   0.00    0.00    0.00   0.00     100679
20210814   4590172   40.4410  -124.6441     26.400   0.00    0.00    0.00   0.00     100680
20210818  12390340   40.4410  -124.6441     26.400   0.00    0.00    0.00   0.00     100681
20210826   8071184   40.4410  -124.6441     26.400   0.00    0.00    0.00   0.00     100682
20210905  15200560   40.4410  -124.6441     26.400   0.00    0.00    0.00   0.00     100683
20210909  23044768   40.4410  -124.6441     26.400   0.00    0.00    0.00   0.00     100684
20210918  13193856   40.4410  -124.6441     26.400   0.00    0.00    0.00   0.00     100685
20210925  15545824   40.4410  -124.6441     26.400   0.00    0.00    0.00   0.00     100686
20210929  19231296   40.4410  -124.6441     26.400   0.00    0.00    0.00   0.00     100687
20210930  22573474   40.4410  -124.6441     26.400   0.00    0.00    0.00   0.00     100688
20211005   6543776   40.4410  -124.6441     26.400   0.00    0.00    0.00   0.00     100689
20211006   9230334   40.4410  -124.6441     26.400   0.00    0.00    0.00   0.00     100690
20211013   4040034   40.4410  -124.6441     26.400   0.00    0.00    0.00   0.00     100691
20211027  12444716   40.4410  -124.6441     26.400   0.00    0.00    0.00   0.00     100692
20211031  21424150   40.4410  -124.6441     26.400   0.00    0.00    0.00   0.00     100693
20211101  20150766   40.4410  -124.6441     26.400   0.00    0.00    0.00   0.00     100694
20211107    395732   40.4410  -124.6441     26.400   0.00    0.00    0.00   0.00     100695
20211108   1561740   40.4410  -124.6441     26.400   0.00    0.00    0.00   0.00     100696
20211114   8194436   40.4410  -124.6441     26.400   0.00    0.00    0.00   0.00     100697
20211115  20580278   40.4410  -124.6441     26.400   0.00    0.00    0.00   0.00     100698
20211115  17471830   40.4410  -124.6441     26.400   0.00    0.00    0.00   0.00     100699
20211118   7274406   40.4410  -124.6441     26.400   0.00    0.00    0.00   0.00     100700
20211122  12394382   40.4410  -124.6441     26.400   0.00    0.00    0.00   0.00     100701
20211124  11402834   40.4410  -124.6441     26.400   0.00    0.00    0.00   0.00     100702
20211129  12052888   40.4410  -124.6441     26.400   0.00    0.00    0.00   0.00     100703
20211129   4474122   40.4410  -124.6441     26.400   0.00    0.00    0.00   0.00     100704
20211218   1472434   40.4410  -124.6441     26.400   0.00    0.00    0.00   0.00     100705
20211218   1145636   40.4410  -124.6441     26.400   0.00    0.00    0.00   0.00     100706
20220101  17370990   40.4410  -124.6441     26.400   0.00    0.00    0.00   0.00     100707
20220109  11352058   40.4410  -124.6441     26.400   0.00    0.00    0.00   0.00     100708
20220112   5311094   40.4410  -124.6441     26.400   0.00    0.00    0.00   0.00     100709
20220115   8411080   40.4410  -124.6441     26.400   0.00    0.00    0.00   0.00     100710
20220116  14213510   40.4410  -124.6441     26.400   0.00    0.00    0.00   0.00     100711
20220118   4010514   40.4410  -124.6441     26.400   0.00    0.00    0.00   0.00     100712
20220204   6110882   40.4410  -124.6441     26.400   0.00    0.00    0.00   0.00     100713
20220218  20241914   40.4410  -124.6441     26.400   0.00    0.00    0.00   0.00     100714
20220225    172898   40.4410  -124.6441     26.400   0.00    0.00    0.00   0.00     100715
20220305  17210614   40.4410  -124.6441     26.400   0.00    0.00    0.00   0.00     100716
20220311   2311234   40.4410  -124.6441     26.400   0.00    0.00    0.00   0.00     100717
20220314  16175818   40.4410  -124.6441     26.400   0.00    0.00    0.00   0.00     100718
20220315     73192   40.4410  -124.6441     26.400   0.00    0.00    0.00   0.00     100719
20220328  16011892   40.4410  -124.6441     26.400   0.00    0.00    0.00   0.00     100720
20220410  17271910   40.4410  -124.6441     26.400   0.00    0.00    0.00   0.00     100721
20220414  23440794   40.4410  -124.6441     26.400   0.00    0.00    0.00   0.00     100722
20220415  23425116   40.4410  -124.6441     26.400   0.00    0.00    0.00   0.00     100723
20220416  13512486   40.4410  -124.6441     26.400   0.00    0.00    0.00   0.00     100724
20220419  22151590   40.4410  -124.6441     26.400   0.00    0.00    0.00   0.00     100725
20220421      5956   40.4410  -124.6441     26.400   0.00    0.00    0.00   0.00     100726
20220504  15523650   40.4410  -124.6441     26.400   0.00    0.00    0.00   0.00     100727
20220516   1123644   40.4410  -124.6441     26.400   0.00    0.00    0.00   0.00     100728
20220524   2235136   40.4410  -124.6441     26.400   0.00    0.00    0.00   0.00     100729
20220528  10183322   40.4410  -124.6441     26.400   0.00    0.00    0.00   0.00     100730
20220531   2225644   40.4410  -124.6441     26.400   0.00    0.00    0.00   0.00     100731
20220606   4152000   40.4410  -124.6441     26.400   0.00    0.00    0.00   0.00     100732
20220611   1321070   40.4410  -124.6441     26.400   0.00    0.00    0.00   0.00     100733
20220612   4015576   40.4410  -124.6441     26.400   0.00    0.00    0.00   0.00     100734
20220612   4033386   40.4410  -124.6441     26.400   0.00    0.00    0.00   0.00     100735
20220616  18235074   40.4410  -124.6441     26.400   0.00    0.00    0.00   0.00     100736
20220617  10335814   40.4410  -124.6441     26.400   0.00    0.00    0.00   0.00     100737
20220622   5380512   40.4410  -124.6441     26.400   0.00    0.00    0.00   0.00     100738
20220701  17243234   40.4410  -124.6441     26.400   0.00    0.00    0.00   0.00     100739
20220708  20445404   40.4410  -124.6441     26.400   0.00    0.00    0.00   0.00     100740
20220708  13191650   40.4410  -124.6441     26.400   0.00    0.00    0.00   0.00     100741
20220728  23251318   40.4410  -124.6441     26.400   0.00    0.00    0.00   0.00     100742
20220802   6123528   40.4410  -124.6441     26.400   0.00    0.00    0.00   0.00     100743
20220803  20164724   40.4410  -124.6441     26.400   0.00    0.00    0.00   0.00     100744
20220808   9330468   40.4410  -124.6441     26.400   0.00    0.00    0.00   0.00     100745
20220814  17413550   40.4410  -124.6441     26.400   0.00    0.00    0.00   0.00     100746
20220902   1154654   40.4410  -124.6441     26.400   0.00    0.00    0.00   0.00     100747
20220907   9220418   40.4410  -124.6441     26.400   0.00    0.00    0.00   0.00     100748
20220909  19190146   40.4410  -124.6441     26.400   0.00    0.00    0.00   0.00     100749
20220910    255836   40.4410  -124.6441     26.400   0.00    0.00    0.00   0.00     100750
20220913  21204788   40.4410  -124.6441     26.400   0.00    0.00    0.00   0.00     100751
20220924  13482970   40.4410  -124.6441     26.400   0.00    0.00    0.00   0.00     100752
20220928   2081660   40.4410  -124.6441     26.400   0.00    0.00    0.00   0.00     100753
20220929    324986   40.4410  -124.6441     26.400   0.00    0.00    0.00   0.00     100754
20221016  22585454   40.4410  -124.6441     26.400   0.00    0.00    0.00   0.00     100755
20221114  22524306   40.4410  -124.6441     26.400   0.00    0.00    0.00   0.00     100756
20221116  20590308   40.4410  -124.6441     26.400   0.00    0.00    0.00   0.00     100757
20221119  23221766   40.4410  -124.6441     26.400   0.00    0.00    0.00   0.00     100758
20221121   9291746   40.4410  -124.6441     26.400   0.00    0.00    0.00   0.00     100759
20200103   3321426   40.4341  -124.2811     27.250   0.00    0.00    0.00   0.00     100760
20200319    210852   40.4341  -124.2811     27.250   0.00    0.00    0.00   0.00     100761
20200526  11542056   40.4341  -124.2811     27.250   0.00    0.00    0.00   0.00     100762
20200529   5474206   40.4341  -124.2811     27.250   0.00    0.00    0.00   0.00     100763
20200708   3045198   40.4341  -124.2811     27.250   0.00    0.00    0.00   0.00     100764
20200826   7051556   40.4341  -124.2811     27.250   0.00    0.00    0.00   0.00     100765
20201105   1400626   40.4341  -124.2811     27.250   0.00    0.00    0.00   0.00     100766
20201218  16134640   40.4341  -124.2811     27.250   0.00    0.00    0.00   0.00     100767
20210530  16594492   40.4341  -124.2811     27.250   0.00    0.00    0.00   0.00     100768
20211007  23222504   40.4341  -124.2811     27.250   0.00    0.00    0.00   0.00     100769
20211220  20402784   40.4341  -124.2811     27.250   0.00    0.00    0.00   0.00     100770
20211220  21133794   40.4341  -124.2811     27.250   0.00    0.00    0.00   0.00     100771
20211220  21490216   40.4341  -124.2811     27.250   0.00    0.00    0.00   0.00     100772
20211220  20362442   40.4341  -124.2811     27.250   0.00    0.00    0.00   0.00     100773
20211220  23260258   40.4341  -124.2811     27.250   0.00    0.00    0.00   0.00     100774
20211220  21413804   40.4341  -124.2811     27.250   0.00    0.00    0.00   0.00     100775
20211220  22403750   40.4341  -124.2811     27.250   0.00    0.00    0.00   0.00     100776
20211220  21253536   40.4341  -124.2811     27.250   0.00    0.00    0.00   0.00     100777
20211220  20454596   40.4341  -124.2811     27.250   0.00    0.00    0.00   0.00     100778
20211220  21032342   40.4341  -124.2811     27.250   0.00    0.00    0.00   0.00     100779
20211220  21471888   40.4341  -124.2811     27.250   0.00    0.00    0.00   0.00     100780
20211220  22132082   40.4341  -124.2811     27.250   0.00    0.00    0.00   0.00     100781
20211220  21101320   40.4341  -124.2811     27.250   0.00    0.00    0.00   0.00     100782
20211221   1550602   40.4341  -124.2811     27.250   0.00    0.00    0.00   0.00     100783
20211221   9441802   40.4341  -124.2811     27.250   0.00    0.00    0.00   0.00     100784
20211221   2252466   40.4341  -124.2811     27.250   0.00    0.00    0.00   0.00     100785
20211221  11411966   40.4341  -124.2811     27.250   0.00    0.00    0.00   0.00     100786
20211221   1081426   40.4341  -124.2811     27.250   0.00    0.00    0.00   0.00     100787
20211221    462208   40.4341  -124.2811     27.250   0.00    0.00    0.00   0.00     100788
20211221    311586   40.4341  -124.2811     27.250   0.00    0.00    0.00   0.00     100789
20211221  12024978   40.4341  -124.2811     27.250   0.00    0.00    0.00   0.00     100790
20211221   9512878   40.4341  -124.2811     27.250   0.00    0.00    0.00   0.00     100791
20211221   9334782   40.4341  -124.2811     27.250   0.00    0.00    0.00   0.00     100792
20211221  14442322   40.4341  -124.2811     27.250   0.00    0.00    0.00   0.00     100793
20211221   1201606   40.4341  -124.2811     27.250   0.00    0.00    0.00   0.00     100794
20211221  14161918   40.4341  -124.2811     27.250   0.00    0.00    0.00   0.00     100795
20211221   3294452   40.4341  -124.2811     27.250   0.00    0.00    0.00   0.00     100796
20211221   2143624   40.4341  -124.2811     27.250   0.00    0.00    0.00   0.00     100797
20211221   6235820   40.4341  -124.2811     27.250   0.00    0.00    0.00   0.00     100798
20211222   1041560   40.4341  -124.2811     27.250   0.00    0.00    0.00   0.00     100799
20211222   8410942   40.4341  -124.2811     27.250   0.00    0.00    0.00   0.00     100800
20211222   8581178   40.4341  -124.2811     27.250   0.00    0.00    0.00   0.00     100801
20211222  23344050   40.4341  -124.2811     27.250   0.00    0.00    0.00   0.00     100802
20211225  20203608   40.4341  -124.2811     27.250   0.00    0.00    0.00   0.00     100803
20211225  15550210   40.4341  -124.2811     27.250   0.00    0.00    0.00   0.00     100804
20211225  22321302   40.4341  -124.2811     27.250   0.00    0.00    0.00   0.00     100805
20211225  12203566   40.4341  -124.2811     27.250   0.00    0.00    0.00   0.00     100806
20211226   4243430   40.4341  -124.2811     27.250   0.00    0.00    0.00   0.00     100807
20211227   1520918   40.4341  -124.2811     27.250   0.00    0.00    0.00   0.00     100808
20211227   4225790   40.4341  -124.2811     27.250   0.00    0.00    0.00   0.00     100809
20211228  23132430   40.4341  -124.2811     27.250   0.00    0.00    0.00   0.00     100810
20211231  17420140   40.4341  -124.2811     27.250   0.00    0.00    0.00   0.00     100811
20211231  18084882   40.4341  -124.2811     27.250   0.00    0.00    0.00   0.00     100812
20220102  19411258   40.4341  -124.2811     27.250   0.00    0.00    0.00   0.00     100813
20220103  19571708   40.4341  -124.2811     27.250   0.00    0.00    0.00   0.00     100814
20220106   4050904   40.4341  -124.2811     27.250   0.00    0.00    0.00   0.00     100815
20220110   9544434   40.4341  -124.2811     27.250   0.00    0.00    0.00   0.00     100816
20220113  10083522   40.4341  -124.2811     27.250   0.00    0.00    0.00   0.00     100817
20220117  14070852   40.4341  -124.2811     27.250   0.00    0.00    0.00   0.00     100818
20220218   6570834   40.4341  -124.2811     27.250   0.00    0.00    0.00   0.00     100819
20220411    331936   40.4341  -124.2811     27.250   0.00    0.00    0.00   0.00     100820
20220501   6331632   40.4341  -124.2811     27.250   0.00    0.00    0.00   0.00     100821
20220913     51204   40.4341  -124.2811     27.250   0.00    0.00    0.00   0.00     100822
20200103   2095602   40.4971  -124.2107     22.400   0.00    0.00    0.00   0.00     100823
20200115  18422188   40.4971  -124.2107     22.400   0.00    0.00    0.00   0.00     100824
20200122  11285670   40.4971  -124.2107     22.400   0.00    0.00    0.00   0.00     100825
20200126   4245266   40.4971  -124.2107     22.400   0.00    0.00    0.00   0.00     100826
20200203  16101396   40.4971  -124.2107     22.400   0.00    0.00    0.00   0.00     100827
20200217   3535876   40.4971  -124.2107     22.400   0.00    0.00    0.00   0.00     100828
20200302  23121996   40.4971  -124.2107     22.400   0.00    0.00    0.00   0.00     100829
20200307  21482166   40.4971  -124.2107     22.400   0.00    0.00    0.00   0.00     100830
20200308  16463030   40.4971  -124.2107     22.400   0.00    0.00    0.00   0.00     100831
20200314  21110528   40.4971  -124.2107     22.400   0.00    0.00    0.00   0.00     100832
20200317   4595542   40.4971  -124.2107     22.400   0.00    0.00    0.00   0.00     100833
20200320  11481562   40.4971  -124.2107     22.400   0.00    0.00    0.00   0.00     100834
20200406  14420790   40.4971  -124.2107     22.400   0.00    0.00    0.00   0.00     100835
20200407   3355462   40.4971  -124.2107     22.400   0.00    0.00    0.00   0.00     100836
20200411  12072948   40.4971  -124.2107     22.400   0.00    0.00    0.00   0.00     100837
20200416  13354824   40.4971  -124.2107     22.400   0.00    0.00    0.00   0.00     100838
20200510  10562494   40.4971  -124.2107     22.400   0.00    0.00    0.00   0.00     100839
20200519  19062688   40.4971  -124.2107     22.400   0.00    0.00    0.00   0.00     100840
20200528   6563038   40.4971  -124.2107     22.400   0.00    0.00    0.00   0.00     100841
20200531  21172754   40.4971  -124.2107     22.400   0.00    0.00    0.00   0.00     100842
20200628   8412728   40.4971  -124.2107     22.400   0.00    0.00    0.00   0.00     100843
20200630     45086   40.4971  -124.2107     22.400   0.00    0.00    0.00   0.00     100844
20200725  11011690   40.4971  -124.2107     22.400   0.00    0.00    0.00   0.00     100845
20200730  15024572   40.4971  -124.2107     22.400   0.00    0.00    0.00   0.00     100846
20200810  19551614   40.4971  -124.2107     22.400   0.00    0.00    0.00   0.00     100847
20200810  19421838   40.4971  -124.2107     22.400   0.00    0.00    0.00   0.00     100848
20200810  10074432   40.4971  -124.2107     22.400   0.00    0.00    0.00   0.00     100849
20200815    285126   40.4971  -124.2107     22.400   0.00    0.00    0.00   0.00     100850
20200818   3082728   40.4971  -124.2107     22.400   0.00    0.00    0.00   0.00     100851
20200824  22091288   40.4971  -124.2107     22.400   0.00    0.00    0.00   0.00     100852
20200824   2151808   40.4971  -124.2107     22.400   0.00    0.00    0.00   0.00     100853
20200825  22112452   40.4971  -124.2107     22.400   0.00    0.00    0.00   0.00     100854
20200826  19181866   40.4971  -124.2107     22.400   0.00    0.00    0.00   0.00     100855
20200830   8312856   40.4971  -124.2107     22.400   0.00    0.00    0.00   0.00     100856
20200831  20204938   40.4971  -124.2107     22.400   0.00    0.00    0.00   0.00     100857
20200902  21071210   40.4971  -124.2107     22.400   0.00    0.00    0.00   0.00     100858
20200904   1360766   40.4971  -124.2107     22.400   0.00    0.00    0.00   0.00     100859
20200904  22471746   40.4971  -124.2107     22.400   0.00    0.00    0.00   0.00     100860
20200908  20402936   40.4971  -124.2107     22.400   0.00    0.00    0.00   0.00     100861
20200910   5255922   40.4971  -124.2107     22.400   0.00    0.00    0.00   0.00     100862
20200911  11402398   40.4971  -124.2107     22.400   0.00    0.00    0.00   0.00     100863
20200915  23053314   40.4971  -124.2107     22.400   0.00    0.00    0.00   0.00     100864
20200915  23045626   40.4971  -124.2107     22.400   0.00    0.00    0.00   0.00     100865
20200920   4080300   40.4971  -124.2107     22.400   0.00    0.00    0.00   0.00     100866
20200920   9573182   40.4971  -124.2107     22.400   0.00    0.00    0.00   0.00     100867
20201004  23462294   40.4971  -124.2107     22.400   0.00    0.00    0.00   0.00     100868
20201004  23470192   40.4971  -124.2107     22.400   0.00    0.00    0.00   0.00     100869
20201007   1324570   40.4971  -124.2107     22.400   0.00    0.00    0.00   0.00     100870
20201013  18301698   40.4971  -124.2107     22.400   0.00    0.00    0.00   0.00     100871
20201014  23492952   40.4971  -124.2107     22.400   0.00    0.00    0.00   0.00     100872
20201015    545978   40.4971  -124.2107     22.400   0.00    0.00    0.00   0.00     100873
20201016   2225544   40.4971  -124.2107     22.400   0.00    0.00    0.00   0.00     100874
20201024   5253126   40.4971  -124.2107     22.400   0.00    0.00    0.00   0.00     100875
20201025  23134644   40.4971  -124.2107     22.400   0.00    0.00    0.00   0.00     100876
20201025   1084426   40.4971  -124.2107     22.400   0.00    0.00    0.00   0.00     100877
20201105  15535076   40.4971  -124.2107     22.400   0.00    0.00    0.00   0.00     100878
20201116  18472472   40.4971  -124.2107     22.400   0.00    0.00    0.00   0.00     100879
20201117   6283164   40.4971  -124.2107     22.400   0.00    0.00    0.00   0.00     100880
20201120  18315404   40.4971  -124.2107     22.400   0.00    0.00    0.00   0.00     100881
20201201  21043436   40.4971  -124.2107     22.400   0.00    0.00    0.00   0.00     100882
20201219  20364734   40.4971  -124.2107     22.400   0.00    0.00    0.00   0.00     100883
20210101  19493940   40.4971  -124.2107     22.400   0.00    0.00    0.00   0.00     100884
20210104  17104292   40.4971  -124.2107     22.400   0.00    0.00    0.00   0.00     100885
20210107   6372456   40.4971  -124.2107     22.400   0.00    0.00    0.00   0.00     100886
20210107  19441520   40.4971  -124.2107     22.400   0.00    0.00    0.00   0.00     100887
20210116  22383818   40.4971  -124.2107     22.400   0.00    0.00    0.00   0.00     100888
20210119    174908   40.4971  -124.2107     22.400   0.00    0.00    0.00   0.00     100889
20210126   1145778   40.4971  -124.2107     22.400   0.00    0.00    0.00   0.00     100890
20210222  10550010   40.4971  -124.2107     22.400   0.00    0.00    0.00   0.00     100891
20210225   6370086   40.4971  -124.2107     22.400   0.00    0.00    0.00   0.00     100892
20210228  20150530   40.4971  -124.2107     22.400   0.00    0.00    0.00   0.00     100893
20210310   5273858   40.4971  -124.2107     22.400   0.00    0.00    0.00   0.00     100894
20210313  21015366   40.4971  -124.2107     22.400   0.00    0.00    0.00   0.00     100895
20210320   4364012   40.4971  -124.2107     22.400   0.00    0.00    0.00   0.00     100896
20210322     63430   40.4971  -124.2107     22.400   0.00    0.00    0.00   0.00     100897
20210327   9391394   40.4971  -124.2107     22.400   0.00    0.00    0.00   0.00     100898
20210426  14125158   40.4971  -124.2107     22.400   0.00    0.00    0.00   0.00     100899
20210428  12284926   40.4971  -124.2107     22.400   0.00    0.00    0.00   0.00     100900
20210430   6355018   40.4971  -124.2107     22.400   0.00    0.00    0.00   0.00     100901
20210502   8330302   40.4971  -124.2107     22.400   0.00    0.00    0.00   0.00     100902
20210508  13004508   40.4971  -124.2107     22.400   0.00    0.00    0.00   0.00     100903
20210516   3353804   40.4971  -124.2107     22.400   0.00    0.00    0.00   0.00     100904
20210518  11232562   40.4971  -124.2107     22.400   0.00    0.00    0.00   0.00     100905
20210526   8515822   40.4971  -124.2107     22.400   0.00    0.00    0.00   0.00     100906
20210528  13214520   40.4971  -124.2107     22.400   0.00    0.00    0.00   0.00     100907
20210529  11594882   40.4971  -124.2107     22.400   0.00    0.00    0.00   0.00     100908
20210529  15570222   40.4971  -124.2107     22.400   0.00    0.00    0.00   0.00     100909
20210530    585732   40.4971  -124.2107     22.400   0.00    0.00    0.00   0.00     100910
20210530   9472046   40.4971  -124.2107     22.400   0.00    0.00    0.00   0.00     100911
20210531   4593976   40.4971  -124.2107     22.400   0.00    0.00    0.00   0.00     100912
20210531  10182590   40.4971  -124.2107     22.400   0.00    0.00    0.00   0.00     100913
20210602   5535338   40.4971  -124.2107     22.400   0.00    0.00    0.00   0.00     100914
20210602   4194520   40.4971  -124.2107     22.400   0.00    0.00    0.00   0.00     100915
20210605  16320128   40.4971  -124.2107     22.400   0.00    0.00    0.00   0.00     100916
20210606  20354060   40.4971  -124.2107     22.400   0.00    0.00    0.00   0.00     100917
20210610  14511182   40.4971  -124.2107     22.400   0.00    0.00    0.00   0.00     100918
20210615  12181202   40.4971  -124.2107     22.400   0.00    0.00    0.00   0.00     100919
20210617  21113608   40.4971  -124.2107     22.400   0.00    0.00    0.00   0.00     100920
20210627   3085654   40.4971  -124.2107     22.400   0.00    0.00    0.00   0.00     100921
20210629   7505552   40.4971  -124.2107     22.400   0.00    0.00    0.00   0.00     100922
20210629  10534938   40.4971  -124.2107     22.400   0.00    0.00    0.00   0.00     100923
20210629   8302370   40.4971  -124.2107     22.400   0.00    0.00    0.00   0.00     100924
20210629  14333404   40.4971  -124.2107     22.400   0.00    0.00    0.00   0.00     100925
20210701   2563100   40.4971  -124.2107     22.400   0.00    0.00    0.00   0.00     100926
20210704   2234604   40.4971  -124.2107     22.400   0.00    0.00    0.00   0.00     100927
20210707   2411678   40.4971  -124.2107     22.400   0.00    0.00    0.00   0.00     100928
20210719  21370930   40.4971  -124.2107     22.400   0.00    0.00    0.00   0.00     100929
20210724   4255392   40.4971  -124.2107     22.400   0.00    0.00    0.00   0.00     100930
20210724   4413756   40.4971  -124.2107     22.400   0.00    0.00    0.00   0.00     100931
20210724   1181960   40.4971  -124.2107     22.400   0.00    0.00    0.00   0.00     100932
20210725  13593948   40.4971  -124.2107     22.400   0.00    0.00    0.00   0.00     100933
20210730  12311364   40.4971  -124.2107     22.400   0.00    0.00    0.00   0.00     100934
20210808  15092742   40.4971  -124.2107     22.400   0.00    0.00    0.00   0.00     100935
20210808  23515486   40.4971  -124.2107     22.400   0.00    0.00    0.00   0.00     100936
20210808  15041924   40.4971  -124.2107     22.400   0.00    0.00    0.00   0.00     100937
20210808   6293920   40.4971  -124.2107     22.400   0.00    0.00    0.00   0.00     100938
20210818  19294604   40.4971  -124.2107     22.400   0.00    0.00    0.00   0.00     100939
20210819  15503518   40.4971  -124.2107     22.400   0.00    0.00    0.00   0.00     100940
20210819  13443726   40.4971  -124.2107     22.400   0.00    0.00    0.00   0.00     100941
20210819  18015510   40.4971  -124.2107     22.400   0.00    0.00    0.00   0.00     100942
20210826    193252   40.4971  -124.2107     22.400   0.00    0.00    0.00   0.00     100943
20210826   3564136   40.4971  -124.2107     22.400   0.00    0.00    0.00   0.00     100944
20210907   7393142   40.4971  -124.2107     22.400   0.00    0.00    0.00   0.00     100945
20210918  14060358   40.4971  -124.2107     22.400   0.00    0.00    0.00   0.00     100946
20210919    161544   40.4971  -124.2107     22.400   0.00    0.00    0.00   0.00     100947
20210921     75618   40.4971  -124.2107     22.400   0.00    0.00    0.00   0.00     100948
20211020   1443650   40.4971  -124.2107     22.400   0.00    0.00    0.00   0.00     100949
20211021   4082424   40.4971  -124.2107     22.400   0.00    0.00    0.00   0.00     100950
20211024   7013594   40.4971  -124.2107     22.400   0.00    0.00    0.00   0.00     100951
20211024    560922   40.4971  -124.2107     22.400   0.00    0.00    0.00   0.00     100952
20211027  16464246   40.4971  -124.2107     22.400   0.00    0.00    0.00   0.00     100953
20211027   6562770   40.4971  -124.2107     22.400   0.00    0.00    0.00   0.00     100954
20211101   1353002   40.4971  -124.2107     22.400   0.00    0.00    0.00   0.00     100955
20211102   1053252   40.4971  -124.2107     22.400   0.00    0.00    0.00   0.00     100956
20211112  15382434   40.4971  -124.2107     22.400   0.00    0.00    0.00   0.00     100957
20211113   8542810   40.4971  -124.2107     22.400   0.00    0.00    0.00   0.00     100958
20211114  10404852   40.4971  -124.2107     22.400   0.00    0.00    0.00   0.00     100959
20211121   9130080   40.4971  -124.2107     22.400   0.00    0.00    0.00   0.00     100960
20211205   5410584   40.4971  -124.2107     22.400   0.00    0.00    0.00   0.00     100961
20211215  13042888   40.4971  -124.2107     22.400   0.00    0.00    0.00   0.00     100962
20211215   9044138   40.4971  -124.2107     22.400   0.00    0.00    0.00   0.00     100963
20211216   7281168   40.4971  -124.2107     22.400   0.00    0.00    0.00   0.00     100964
20211218  21111688   40.4971  -124.2107     22.400   0.00    0.00    0.00   0.00     100965
20211220  21515712   40.4971  -124.2107     22.400   0.00    0.00    0.00   0.00     100966
20211221   7590250   40.4971  -124.2107     22.400   0.00    0.00    0.00   0.00     100967
20211221   3184250   40.4971  -124.2107     22.400   0.00    0.00    0.00   0.00     100968
20211223   7252098   40.4971  -124.2107     22.400   0.00    0.00    0.00   0.00     100969
20211228   8514742   40.4971  -124.2107     22.400   0.00    0.00    0.00   0.00     100970
20211231   6291788   40.4971  -124.2107     22.400   0.00    0.00    0.00   0.00     100971
20220109  18015294   40.4971  -124.2107     22.400   0.00    0.00    0.00   0.00     100972
20220109   7404946   40.4971  -124.2107     22.400   0.00    0.00    0.00   0.00     100973
20220121  13175490   40.4971  -124.2107     22.400   0.00    0.00    0.00   0.00     100974
20220123  21320050   40.4971  -124.2107     22.400   0.00    0.00    0.00   0.00     100975
20220123  21283346   40.4971  -124.2107     22.400   0.00    0.00    0.00   0.00     100976
20220123  21470804   40.4971  -124.2107     22.400   0.00    0.00    0.00   0.00     100977
20220124   3105378   40.4971  -124.2107     22.400   0.00    0.00    0.00   0.00     100978
20220127  16484492   40.4971  -124.2107     22.400   0.00    0.00    0.00   0.00     100979
20220128  12014388   40.4971  -124.2107     22.400   0.00    0.00    0.00   0.00     100980
20220211  10341422   40.4971  -124.2107     22.400   0.00    0.00    0.00   0.00     100981
20220213  16485086   40.4971  -124.2107     22.400   0.00    0.00    0.00   0.00     100982
20220213  11243912   40.4971  -124.2107     22.400   0.00    0.00    0.00   0.00     100983
20220221  22202444   40.4971  -124.2107     22.400   0.00    0.00    0.00   0.00     100984
20220305  11501736   40.4971  -124.2107     22.400   0.00    0.00    0.00   0.00     100985
20220313   1504160   40.4971  -124.2107     22.400   0.00    0.00    0.00   0.00     100986
20220327   3063012   40.4971  -124.2107     22.400   0.00    0.00    0.00   0.00     100987
20220404  15165014   40.4971  -124.2107     22.400   0.00    0.00    0.00   0.00     100988
20220404  20291288   40.4971  -124.2107     22.400   0.00    0.00    0.00   0.00     100989
20220404  21162820   40.4971  -124.2107     22.400   0.00    0.00    0.00   0.00     100990
20220404  17005390   40.4971  -124.2107     22.400   0.00    0.00    0.00   0.00     100991
20220404  15302040   40.4971  -124.2107     22.400   0.00    0.00    0.00   0.00     100992
20220405   7245730   40.4971  -124.2107     22.400   0.00    0.00    0.00   0.00     100993
20220406   8433222   40.4971  -124.2107     22.400   0.00    0.00    0.00   0.00     100994
20220407   3420314   40.4971  -124.2107     22.400   0.00    0.00    0.00   0.00     100995
20220407  21370270   40.4971  -124.2107     22.400   0.00    0.00    0.00   0.00     100996
20220412  17053682   40.4971  -124.2107     22.400   0.00    0.00    0.00   0.00     100997
20220412  13190330   40.4971  -124.2107     22.400   0.00    0.00    0.00   0.00     100998
20220415   2581660   40.4971  -124.2107     22.400   0.00    0.00    0.00   0.00     100999
20220503   9081100   40.4971  -124.2107     22.400   0.00    0.00    0.00   0.00     101000
20220512  14484114   40.4971  -124.2107     22.400   0.00    0.00    0.00   0.00     101001
20220518  22560276   40.4971  -124.2107     22.400   0.00    0.00    0.00   0.00     101002
20220613  20590100   40.4971  -124.2107     22.400   0.00    0.00    0.00   0.00     101003
20220625   4353788   40.4971  -124.2107     22.400   0.00    0.00    0.00   0.00     101004
20220712  11474332   40.4971  -124.2107     22.400   0.00    0.00    0.00   0.00     101005
20220713   9161272   40.4971  -124.2107     22.400   0.00    0.00    0.00   0.00     101006
20220713   8454208   40.4971  -124.2107     22.400   0.00    0.00    0.00   0.00     101007
20220724   3570642   40.4971  -124.2107     22.400   0.00    0.00    0.00   0.00     101008
20220808   6181454   40.4971  -124.2107     22.400   0.00    0.00    0.00   0.00     101009
20220825   3334346   40.4971  -124.2107     22.400   0.00    0.00    0.00   0.00     101010
20220829   3071216   40.4971  -124.2107     22.400   0.00    0.00    0.00   0.00     101011
20220829   6494904   40.4971  -124.2107     22.400   0.00    0.00    0.00   0.00     101012
20220902  16510734   40.4971  -124.2107     22.400   0.00    0.00    0.00   0.00     101013
20220906   1372456   40.4971  -124.2107     22.400   0.00    0.00    0.00   0.00     101014
20220912   6560588   40.4971  -124.2107     22.400   0.00    0.00    0.00   0.00     101015
20220914   8004376   40.4971  -124.2107     22.400   0.00    0.00    0.00   0.00     101016
20220916  21564266   40.4971  -124.2107     22.400   0.00    0.00    0.00   0.00     101017
20220927   2105966   40.4971  -124.2107     22.400   0.00    0.00    0.00   0.00     101018
20221124  15580670   40.4971  -124.2107     22.400   0.00    0.00    0.00   0.00     101019
20221127   4553796   40.4971  -124.2107     22.400   0.00    0.00    0.00   0.00     101020
20221127   1400138   40.4971  -124.2107     22.400   0.00    0.00    0.00   0.00     101021
20221130  21102836   40.4971  -124.2107     22.400   0.00    0.00    0.00   0.00     101022
20200103  23281454   40.4736  -124.7041     25.720   0.00    0.00    0.00   0.00     101023
20200104    570568   40.4736  -124.7041     25.720   0.00    0.00    0.00   0.00     101024
20200109   2103216   40.4736  -124.7041     25.720   0.00    0.00    0.00   0.00     101025
20200109   3153614   40.4736  -124.7041     25.720   0.00    0.00    0.00   0.00     101026
20200109   2333590   40.4736  -124.7041     25.720   0.00    0.00    0.00   0.00     101027
20200119  19025378   40.4736  -124.7041     25.720   0.00    0.00    0.00   0.00     101028
20200130  12061872   40.4736  -124.7041     25.720   0.00    0.00    0.00   0.00     101029
20200210  18481940   40.4736  -124.7041     25.720   0.00    0.00    0.00   0.00     101030
20200218  18500524   40.4736  -124.7041     25.720   0.00    0.00    0.00   0.00     101031
20200219   1092342   40.4736  -124.7041     25.720   0.00    0.00    0.00   0.00     101032
20200220  21372122   40.4736  -124.7041     25.720   0.00    0.00    0.00   0.00     101033
20200223   2440884   40.4736  -124.7041     25.720   0.00    0.00    0.00   0.00     101034
20200226   8593280   40.4736  -124.7041     25.720   0.00    0.00    0.00   0.00     101035
20200227   4523850   40.4736  -124.7041     25.720   0.00    0.00    0.00   0.00     101036
20200227   6141944   40.4736  -124.7041     25.720   0.00    0.00    0.00   0.00     101037
20200229  10034574   40.4736  -124.7041     25.720   0.00    0.00    0.00   0.00     101038
20200309   7502522   40.4736  -124.7041     25.720   0.00    0.00    0.00   0.00     101039
20200319  10334998   40.4736  -124.7041     25.720   0.00    0.00    0.00   0.00     101040
20200321  10254386   40.4736  -124.7041     25.720   0.00    0.00    0.00   0.00     101041
20200402   6240896   40.4736  -124.7041     25.720   0.00    0.00    0.00   0.00     101042
20200402  10001714   40.4736  -124.7041     25.720   0.00    0.00    0.00   0.00     101043
20200402   7280748   40.4736  -124.7041     25.720   0.00    0.00    0.00   0.00     101044
20200402  10202208   40.4736  -124.7041     25.720   0.00    0.00    0.00   0.00     101045
20200403    575226   40.4736  -124.7041     25.720   0.00    0.00    0.00   0.00     101046
20200413   9563542   40.4736  -124.7041     25.720   0.00    0.00    0.00   0.00     101047
20200504    264310   40.4736  -124.7041     25.720   0.00    0.00    0.00   0.00     101048
20200506  12432558   40.4736  -124.7041     25.720   0.00    0.00    0.00   0.00     101049
20200507   1261786   40.4736  -124.7041     25.720   0.00    0.00    0.00   0.00     101050
20200601   5281060   40.4736  -124.7041     25.720   0.00    0.00    0.00   0.00     101051
20200604   7463442   40.4736  -124.7041     25.720   0.00    0.00    0.00   0.00     101052
20200621  12484072   40.4736  -124.7041     25.720   0.00    0.00    0.00   0.00     101053
20200621  11581056   40.4736  -124.7041     25.720   0.00    0.00    0.00   0.00     101054
20200626   4303936   40.4736  -124.7041     25.720   0.00    0.00    0.00   0.00     101055
20200626  11121956   40.4736  -124.7041     25.720   0.00    0.00    0.00   0.00     101056
20200627  15145200   40.4736  -124.7041     25.720   0.00    0.00    0.00   0.00     101057
20200718   4132894   40.4736  -124.7041     25.720   0.00    0.00    0.00   0.00     101058
20200719   2573492   40.4736  -124.7041     25.720   0.00    0.00    0.00   0.00     101059
20200724  12591354   40.4736  -124.7041     25.720   0.00    0.00    0.00   0.00     101060
20200816    164240   40.4736  -124.7041     25.720   0.00    0.00    0.00   0.00     101061
20200818   6085796   40.4736  -124.7041     25.720   0.00    0.00    0.00   0.00     101062
20200822  23220276   40.4736  -124.7041     25.720   0.00    0.00    0.00   0.00     101063
20200901  20230562   40.4736  -124.7041     25.720   0.00    0.00    0.00   0.00     101064
20200907  15312224   40.4736  -124.7041     25.720   0.00    0.00    0.00   0.00     101065
20200911   9323506   40.4736  -124.7041     25.720   0.00    0.00    0.00   0.00     101066
20200911  17365200   40.4736  -124.7041     25.720   0.00    0.00    0.00   0.00     101067
20200914   3230422   40.4736  -124.7041     25.720   0.00    0.00    0.00   0.00     101068
20200916   7474520   40.4736  -124.7041     25.720   0.00    0.00    0.00   0.00     101069
20200923   9033830   40.4736  -124.7041     25.720   0.00    0.00    0.00   0.00     101070
20201004  10223670   40.4736  -124.7041     25.720   0.00    0.00    0.00   0.00     101071
20201006   9361012   40.4736  -124.7041     25.720   0.00    0.00    0.00   0.00     101072
20201008  18440272   40.4736  -124.7041     25.720   0.00    0.00    0.00   0.00     101073
20201014  22101598   40.4736  -124.7041     25.720   0.00    0.00    0.00   0.00     101074
20201016  20435924   40.4736  -124.7041     25.720   0.00    0.00    0.00   0.00     101075
20201018  11542236   40.4736  -124.7041     25.720   0.00    0.00    0.00   0.00     101076
20201020  20592646   40.4736  -124.7041     25.720   0.00    0.00    0.00   0.00     101077
20201021   3272454   40.4736  -124.7041     25.720   0.00    0.00    0.00   0.00     101078
20201029   3494744   40.4736  -124.7041     25.720   0.00    0.00    0.00   0.00     101079
20201113   3092910   40.4736  -124.7041     25.720   0.00    0.00    0.00   0.00     101080
20201114  23363676   40.4736  -124.7041     25.720   0.00    0.00    0.00   0.00     101081
20201120  22153016   40.4736  -124.7041     25.720   0.00    0.00    0.00   0.00     101082
20201130   8062606   40.4736  -124.7041     25.720   0.00    0.00    0.00   0.00     101083
20201220   7315676   40.4736  -124.7041     25.720   0.00    0.00    0.00   0.00     101084
20201220   3240846   40.4736  -124.7041     25.720   0.00    0.00    0.00   0.00     101085
20201220   4441664   40.4736  -124.7041     25.720   0.00    0.00    0.00   0.00     101086
20210105   3225120   40.4736  -124.7041     25.720   0.00    0.00    0.00   0.00     101087
20210116  22105692   40.4736  -124.7041     25.720   0.00    0.00    0.00   0.00     101088
20210116  10061842   40.4736  -124.7041     25.720   0.00    0.00    0.00   0.00     101089
20210119  20281946   40.4736  -124.7041     25.720   0.00    0.00    0.00   0.00     101090
20210131  13223530   40.4736  -124.7041     25.720   0.00    0.00    0.00   0.00     101091
20210204  18380918   40.4736  -124.7041     25.720   0.00    0.00    0.00   0.00     101092
20210218  19505210   40.4736  -124.7041     25.720   0.00    0.00    0.00   0.00     101093
20210219   6002156   40.4736  -124.7041     25.720   0.00    0.00    0.00   0.00     101094
20210219  11392392   40.4736  -124.7041     25.720   0.00    0.00    0.00   0.00     101095
20210301   9154748   40.4736  -124.7041     25.720   0.00    0.00    0.00   0.00     101096
20210301   9131648   40.4736  -124.7041     25.720   0.00    0.00    0.00   0.00     101097
20210304    471822   40.4736  -124.7041     25.720   0.00    0.00    0.00   0.00     101098
20210304   5174830   40.4736  -124.7041     25.720   0.00    0.00    0.00   0.00     101099
20210311  14270918   40.4736  -124.7041     25.720   0.00    0.00    0.00   0.00     101100
20210320   6415998   40.4736  -124.7041     25.720   0.00    0.00    0.00   0.00     101101
20210321  16451460   40.4736  -124.7041     25.720   0.00    0.00    0.00   0.00     101102
20210324   7581698   40.4736  -124.7041     25.720   0.00    0.00    0.00   0.00     101103
20210324   8035430   40.4736  -124.7041     25.720   0.00    0.00    0.00   0.00     101104
20210404  16071456   40.4736  -124.7041     25.720   0.00    0.00    0.00   0.00     101105
20210407  19391478   40.4736  -124.7041     25.720   0.00    0.00    0.00   0.00     101106
20210417  21251128   40.4736  -124.7041     25.720   0.00    0.00    0.00   0.00     101107
20210424  10145196   40.4736  -124.7041     25.720   0.00    0.00    0.00   0.00     101108
20210425  10085052   40.4736  -124.7041     25.720   0.00    0.00    0.00   0.00     101109
20210426   2085546   40.4736  -124.7041     25.720   0.00    0.00    0.00   0.00     101110
20210428   8070004   40.4736  -124.7041     25.720   0.00    0.00    0.00   0.00     101111
20210501  13093390   40.4736  -124.7041     25.720   0.00    0.00    0.00   0.00     101112
20210523  11553218   40.4736  -124.7041     25.720   0.00    0.00    0.00   0.00     101113
20210523   6543716   40.4736  -124.7041     25.720   0.00    0.00    0.00   0.00     101114
20210527  16040960   40.4736  -124.7041     25.720   0.00    0.00    0.00   0.00     101115
20210531  23482706   40.4736  -124.7041     25.720   0.00    0.00    0.00   0.00     101116
20210608  14514068   40.4736  -124.7041     25.720   0.00    0.00    0.00   0.00     101117
20210608   4050008   40.4736  -124.7041     25.720   0.00    0.00    0.00   0.00     101118
20210609   6110400   40.4736  -124.7041     25.720   0.00    0.00    0.00   0.00     101119
20210611  13092060   40.4736  -124.7041     25.720   0.00    0.00    0.00   0.00     101120
20210612   8141872   40.4736  -124.7041     25.720   0.00    0.00    0.00   0.00     101121
20210612  13435930   40.4736  -124.7041     25.720   0.00    0.00    0.00   0.00     101122
20210612   8164274   40.4736  -124.7041     25.720   0.00    0.00    0.00   0.00     101123
20210612   3212224   40.4736  -124.7041     25.720   0.00    0.00    0.00   0.00     101124
20210612   3584216   40.4736  -124.7041     25.720   0.00    0.00    0.00   0.00     101125
20210614  12171518   40.4736  -124.7041     25.720   0.00    0.00    0.00   0.00     101126
20210615  18314282   40.4736  -124.7041     25.720   0.00    0.00    0.00   0.00     101127
20210616  17405490   40.4736  -124.7041     25.720   0.00    0.00    0.00   0.00     101128
20210619  11142344   40.4736  -124.7041     25.720   0.00    0.00    0.00   0.00     101129
20210623   6463112   40.4736  -124.7041     25.720   0.00    0.00    0.00   0.00     101130
20210626  10380966   40.4736  -124.7041     25.720   0.00    0.00    0.00   0.00     101131
20210626  10550492   40.4736  -124.7041     25.720   0.00    0.00    0.00   0.00     101132
20210628   1523478   40.4736  -124.7041     25.720   0.00    0.00    0.00   0.00     101133
20210628  13333686   40.4736  -124.7041     25.720   0.00    0.00    0.00   0.00     101134
20210630   8565878   40.4736  -124.7041     25.720   0.00    0.00    0.00   0.00     101135
20210630   8564362   40.4736  -124.7041     25.720   0.00    0.00    0.00   0.00     101136
20210703   4593268   40.4736  -124.7041     25.720   0.00    0.00    0.00   0.00     101137
20210703   2000684   40.4736  -124.7041     25.720   0.00    0.00    0.00   0.00     101138
20210703   4194794   40.4736  -124.7041     25.720   0.00    0.00    0.00   0.00     101139
20210704  12131206   40.4736  -124.7041     25.720   0.00    0.00    0.00   0.00     101140
20210704   5440490   40.4736  -124.7041     25.720   0.00    0.00    0.00   0.00     101141
20210705  11444394   40.4736  -124.7041     25.720   0.00    0.00    0.00   0.00     101142
20210711  20590544   40.4736  -124.7041     25.720   0.00    0.00    0.00   0.00     101143
20210713  21300408   40.4736  -124.7041     25.720   0.00    0.00    0.00   0.00     101144
20210715  12465060   40.4736  -124.7041     25.720   0.00    0.00    0.00   0.00     101145
20210717  19482498   40.4736  -124.7041     25.720   0.00    0.00    0.00   0.00     101146
20210717   8123838   40.4736  -124.7041     25.720   0.00    0.00    0.00   0.00     101147
20210721  10094974   40.4736  -124.7041     25.720   0.00    0.00    0.00   0.00     101148
20210725  12451832   40.4736  -124.7041     25.720   0.00    0.00    0.00   0.00     101149
20210729   9070086   40.4736  -124.7041     25.720   0.00    0.00    0.00   0.00     101150
20210729   9075418   40.4736  -124.7041     25.720   0.00    0.00    0.00   0.00     101151
20210730  15202554   40.4736  -124.7041     25.720   0.00    0.00    0.00   0.00     101152
20210731   5314178   40.4736  -124.7041     25.720   0.00    0.00    0.00   0.00     101153
20210731  12232820   40.4736  -124.7041     25.720   0.00    0.00    0.00   0.00     101154
20210805  14292954   40.4736  -124.7041     25.720   0.00    0.00    0.00   0.00     101155
20210806  10295226   40.4736  -124.7041     25.720   0.00    0.00    0.00   0.00     101156
20210808  11393334   40.4736  -124.7041     25.720   0.00    0.00    0.00   0.00     101157
20210811   7193378   40.4736  -124.7041     25.720   0.00    0.00    0.00   0.00     101158
20210814  15420884   40.4736  -124.7041     25.720   0.00    0.00    0.00   0.00     101159
20210822  12361770   40.4736  -124.7041     25.720   0.00    0.00    0.00   0.00     101160
20210822  22055310   40.4736  -124.7041     25.720   0.00    0.00    0.00   0.00     101161
20210822   4574248   40.4736  -124.7041     25.720   0.00    0.00    0.00   0.00     101162
20210825  20563074   40.4736  -124.7041     25.720   0.00    0.00    0.00   0.00     101163
20210826   8352084   40.4736  -124.7041     25.720   0.00    0.00    0.00   0.00     101164
20210828  13190924   40.4736  -124.7041     25.720   0.00    0.00    0.00   0.00     101165
20210829  11492432   40.4736  -124.7041     25.720   0.00    0.00    0.00   0.00     101166
20210902  10313996   40.4736  -124.7041     25.720   0.00    0.00    0.00   0.00     101167
20210904  17230408   40.4736  -124.7041     25.720   0.00    0.00    0.00   0.00     101168
20210906   9000316   40.4736  -124.7041     25.720   0.00    0.00    0.00   0.00     101169
20210907  12082778   40.4736  -124.7041     25.720   0.00    0.00    0.00   0.00     101170
20210907  12063634   40.4736  -124.7041     25.720   0.00    0.00    0.00   0.00     101171
20210909   5505868   40.4736  -124.7041     25.720   0.00    0.00    0.00   0.00     101172
20210912   8460714   40.4736  -124.7041     25.720   0.00    0.00    0.00   0.00     101173
20210912   8471858   40.4736  -124.7041     25.720   0.00    0.00    0.00   0.00     101174
20210912   8521274   40.4736  -124.7041     25.720   0.00    0.00    0.00   0.00     101175
20210912   8044754   40.4736  -124.7041     25.720   0.00    0.00    0.00   0.00     101176
20210913   3031542   40.4736  -124.7041     25.720   0.00    0.00    0.00   0.00     101177
20210915  14543266   40.4736  -124.7041     25.720   0.00    0.00    0.00   0.00     101178
20210919   4122210   40.4736  -124.7041     25.720   0.00    0.00    0.00   0.00     101179
20210919   6440044   40.4736  -124.7041     25.720   0.00    0.00    0.00   0.00     101180
20210921  10154098   40.4736  -124.7041     25.720   0.00    0.00    0.00   0.00     101181
20210923   1271636   40.4736  -124.7041     25.720   0.00    0.00    0.00   0.00     101182
20210925  21153772   40.4736  -124.7041     25.720   0.00    0.00    0.00   0.00     101183
20210928   5305784   40.4736  -124.7041     25.720   0.00    0.00    0.00   0.00     101184
20210929  20332434   40.4736  -124.7041     25.720   0.00    0.00    0.00   0.00     101185
20210929  11452958   40.4736  -124.7041     25.720   0.00    0.00    0.00   0.00     101186
20210929   2161866   40.4736  -124.7041     25.720   0.00    0.00    0.00   0.00     101187
20211003   1452496   40.4736  -124.7041     25.720   0.00    0.00    0.00   0.00     101188
20211003  15121782   40.4736  -124.7041     25.720   0.00    0.00    0.00   0.00     101189
20211004   3565002   40.4736  -124.7041     25.720   0.00    0.00    0.00   0.00     101190
20211004   4173896   40.4736  -124.7041     25.720   0.00    0.00    0.00   0.00     101191
20211004   3410712   40.4736  -124.7041     25.720   0.00    0.00    0.00   0.00     101192
20211004   3472702   40.4736  -124.7041     25.720   0.00    0.00    0.00   0.00     101193
20211005  21190666   40.4736  -124.7041     25.720   0.00    0.00    0.00   0.00     101194
20211009   4583284   40.4736  -124.7041     25.720   0.00    0.00    0.00   0.00     101195
20211017  20213500   40.4736  -124.7041     25.720   0.00    0.00    0.00   0.00     101196
20211018  15563846   40.4736  -124.7041     25.720   0.00    0.00    0.00   0.00     101197
20211018   4161278   40.4736  -124.7041     25.720   0.00    0.00    0.00   0.00     101198
20211021  19195804   40.4736  -124.7041     25.720   0.00    0.00    0.00   0.00     101199
20211027  19350144   40.4736  -124.7041     25.720   0.00    0.00    0.00   0.00     101200
20211028  16090624   40.4736  -124.7041     25.720   0.00    0.00    0.00   0.00     101201
20211031   2135964   40.4736  -124.7041     25.720   0.00    0.00    0.00   0.00     101202
20211031  23565454   40.4736  -124.7041     25.720   0.00    0.00    0.00   0.00     101203
20211102   4082174   40.4736  -124.7041     25.720   0.00    0.00    0.00   0.00     101204
20211102  18163998   40.4736  -124.7041     25.720   0.00    0.00    0.00   0.00     101205
20211103  18253790   40.4736  -124.7041     25.720   0.00    0.00    0.00   0.00     101206
20211106  14232966   40.4736  -124.7041     25.720   0.00    0.00    0.00   0.00     101207
20211106   9043164   40.4736  -124.7041     25.720   0.00    0.00    0.00   0.00     101208
20211107  16110188   40.4736  -124.7041     25.720   0.00    0.00    0.00   0.00     101209
20211109  16332406   40.4736  -124.7041     25.720   0.00    0.00    0.00   0.00     101210
20211113   4113108   40.4736  -124.7041     25.720   0.00    0.00    0.00   0.00     101211
20211115  12433308   40.4736  -124.7041     25.720   0.00    0.00    0.00   0.00     101212
20211115  12301120   40.4736  -124.7041     25.720   0.00    0.00    0.00   0.00     101213
20211116   9285764   40.4736  -124.7041     25.720   0.00    0.00    0.00   0.00     101214
20211118  12123116   40.4736  -124.7041     25.720   0.00    0.00    0.00   0.00     101215
20211118  22174706   40.4736  -124.7041     25.720   0.00    0.00    0.00   0.00     101216
20211122   2333714   40.4736  -124.7041     25.720   0.00    0.00    0.00   0.00     101217
20211127  16590242   40.4736  -124.7041     25.720   0.00    0.00    0.00   0.00     101218
20211128  14022564   40.4736  -124.7041     25.720   0.00    0.00    0.00   0.00     101219
20211130  21032556   40.4736  -124.7041     25.720   0.00    0.00    0.00   0.00     101220
20211201  15535170   40.4736  -124.7041     25.720   0.00    0.00    0.00   0.00     101221
20211220  22552718   40.4736  -124.7041     25.720   0.00    0.00    0.00   0.00     101222
20211221   8150486   40.4736  -124.7041     25.720   0.00    0.00    0.00   0.00     101223
20220106  20342312   40.4736  -124.7041     25.720   0.00    0.00    0.00   0.00     101224
20220106  13003886   40.4736  -124.7041     25.720   0.00    0.00    0.00   0.00     101225
20220107   3131096   40.4736  -124.7041     25.720   0.00    0.00    0.00   0.00     101226
20220107  12402946   40.4736  -124.7041     25.720   0.00    0.00    0.00   0.00     101227
20220115  14052028   40.4736  -124.7041     25.720   0.00    0.00    0.00   0.00     101228
20220118   9172840   40.4736  -124.7041     25.720   0.00    0.00    0.00   0.00     101229
20220119   9332868   40.4736  -124.7041     25.720   0.00    0.00    0.00   0.00     101230
20220120  13074302   40.4736  -124.7041     25.720   0.00    0.00    0.00   0.00     101231
20220122  17295872   40.4736  -124.7041     25.720   0.00    0.00    0.00   0.00     101232
20220122  12391562   40.4736  -124.7041     25.720   0.00    0.00    0.00   0.00     101233
20220123   8460658   40.4736  -124.7041     25.720   0.00    0.00    0.00   0.00     101234
20220123   1351814   40.4736  -124.7041     25.720   0.00    0.00    0.00   0.00     101235
20220127  19215552   40.4736  -124.7041     25.720   0.00    0.00    0.00   0.00     101236
20220127  18554722   40.4736  -124.7041     25.720   0.00    0.00    0.00   0.00     101237
20220207  21403258   40.4736  -124.7041     25.720   0.00    0.00    0.00   0.00     101238
20220207  21582330   40.4736  -124.7041     25.720   0.00    0.00    0.00   0.00     101239
20220207  17455788   40.4736  -124.7041     25.720   0.00    0.00    0.00   0.00     101240
20220207  20442682   40.4736  -124.7041     25.720   0.00    0.00    0.00   0.00     101241
20220208  11290902   40.4736  -124.7041     25.720   0.00    0.00    0.00   0.00     101242
20220212  23291934   40.4736  -124.7041     25.720   0.00    0.00    0.00   0.00     101243
20220213   1443830   40.4736  -124.7041     25.720   0.00    0.00    0.00   0.00     101244
20220213   7450280   40.4736  -124.7041     25.720   0.00    0.00    0.00   0.00     101245
20220214   4410134   40.4736  -124.7041     25.720   0.00    0.00    0.00   0.00     101246
20220217  22515898   40.4736  -124.7041     25.720   0.00    0.00    0.00   0.00     101247
20220218    262040   40.4736  -124.7041     25.720   0.00    0.00    0.00   0.00     101248
20220218   1363326   40.4736  -124.7041     25.720   0.00    0.00    0.00   0.00     101249
20220225  16411640   40.4736  -124.7041     25.720   0.00    0.00    0.00   0.00     101250
20220225   3314816   40.4736  -124.7041     25.720   0.00    0.00    0.00   0.00     101251
20220226   4440052   40.4736  -124.7041     25.720   0.00    0.00    0.00   0.00     101252
20220226  21550034   40.4736  -124.7041     25.720   0.00    0.00    0.00   0.00     101253
20220226   4210302   40.4736  -124.7041     25.720   0.00    0.00    0.00   0.00     101254
20220228  11183842   40.4736  -124.7041     25.720   0.00    0.00    0.00   0.00     101255
20220303   4204804   40.4736  -124.7041     25.720   0.00    0.00    0.00   0.00     101256
20220304   5284466   40.4736  -124.7041     25.720   0.00    0.00    0.00   0.00     101257
20220308   1315704   40.4736  -124.7041     25.720   0.00    0.00    0.00   0.00     101258
20220311  10474474   40.4736  -124.7041     25.720   0.00    0.00    0.00   0.00     101259
20220316  12433666   40.4736  -124.7041     25.720   0.00    0.00    0.00   0.00     101260
20220320  19404810   40.4736  -124.7041     25.720   0.00    0.00    0.00   0.00     101261
20220321  14162844   40.4736  -124.7041     25.720   0.00    0.00    0.00   0.00     101262
20220325  14231238   40.4736  -124.7041     25.720   0.00    0.00    0.00   0.00     101263
20220328   2414972   40.4736  -124.7041     25.720   0.00    0.00    0.00   0.00     101264
20220402  11422458   40.4736  -124.7041     25.720   0.00    0.00    0.00   0.00     101265
20220406  12004578   40.4736  -124.7041     25.720   0.00    0.00    0.00   0.00     101266
20220407  21553468   40.4736  -124.7041     25.720   0.00    0.00    0.00   0.00     101267
20220410  20142970   40.4736  -124.7041     25.720   0.00    0.00    0.00   0.00     101268
20220414  23314896   40.4736  -124.7041     25.720   0.00    0.00    0.00   0.00     101269
20220415   2550614   40.4736  -124.7041     25.720   0.00    0.00    0.00   0.00     101270
20220419   1385076   40.4736  -124.7041     25.720   0.00    0.00    0.00   0.00     101271
20220421  22480612   40.4736  -124.7041     25.720   0.00    0.00    0.00   0.00     101272
20220430  16583428   40.4736  -124.7041     25.720   0.00    0.00    0.00   0.00     101273
20220502   9092258   40.4736  -124.7041     25.720   0.00    0.00    0.00   0.00     101274
20220504   3353976   40.4736  -124.7041     25.720   0.00    0.00    0.00   0.00     101275
20220507  21533658   40.4736  -124.7041     25.720   0.00    0.00    0.00   0.00     101276
20220509  20051938   40.4736  -124.7041     25.720   0.00    0.00    0.00   0.00     101277
20220509   4475662   40.4736  -124.7041     25.720   0.00    0.00    0.00   0.00     101278
20220510   6252542   40.4736  -124.7041     25.720   0.00    0.00    0.00   0.00     101279
20220513  21162792   40.4736  -124.7041     25.720   0.00    0.00    0.00   0.00     101280
20220514   8243970   40.4736  -124.7041     25.720   0.00    0.00    0.00   0.00     101281
20220515  23290256   40.4736  -124.7041     25.720   0.00    0.00    0.00   0.00     101282
20220522  14405390   40.4736  -124.7041     25.720   0.00    0.00    0.00   0.00     101283
20220526   1321530   40.4736  -124.7041     25.720   0.00    0.00    0.00   0.00     101284
20220601   1200860   40.4736  -124.7041     25.720   0.00    0.00    0.00   0.00     101285
20220604  15174128   40.4736  -124.7041     25.720   0.00    0.00    0.00   0.00     101286
20220606  12514364   40.4736  -124.7041     25.720   0.00    0.00    0.00   0.00     101287
20220606  21305394   40.4736  -124.7041     25.720   0.00    0.00    0.00   0.00     101288
20220607  23155834   40.4736  -124.7041     25.720   0.00    0.00    0.00   0.00     101289
20220607  15065442   40.4736  -124.7041     25.720   0.00    0.00    0.00   0.00     101290
20220608   1374360   40.4736  -124.7041     25.720   0.00    0.00    0.00   0.00     101291
20220608  22375186   40.4736  -124.7041     25.720   0.00    0.00    0.00   0.00     101292
20220608   4301702   40.4736  -124.7041     25.720   0.00    0.00    0.00   0.00     101293
20220609   2222382   40.4736  -124.7041     25.720   0.00    0.00    0.00   0.00     101294
20220618    400662   40.4736  -124.7041     25.720   0.00    0.00    0.00   0.00     101295
20220619  19301386   40.4736  -124.7041     25.720   0.00    0.00    0.00   0.00     101296
20220619   9580842   40.4736  -124.7041     25.720   0.00    0.00    0.00   0.00     101297
20220624   1014576   40.4736  -124.7041     25.720   0.00    0.00    0.00   0.00     101298
20220624   1042220   40.4736  -124.7041     25.720   0.00    0.00    0.00   0.00     101299
20220628  18313868   40.4736  -124.7041     25.720   0.00    0.00    0.00   0.00     101300
20220703  19183838   40.4736  -124.7041     25.720   0.00    0.00    0.00   0.00     101301
20220704  22562260   40.4736  -124.7041     25.720   0.00    0.00    0.00   0.00     101302
20220707   9064480   40.4736  -124.7041     25.720   0.00    0.00    0.00   0.00     101303
20220708  17022798   40.4736  -124.7041     25.720   0.00    0.00    0.00   0.00     101304
20220710  21210032   40.4736  -124.7041     25.720   0.00    0.00    0.00   0.00     101305
20220710  21261890   40.4736  -124.7041     25.720   0.00    0.00    0.00   0.00     101306
20220711  11470362   40.4736  -124.7041     25.720   0.00    0.00    0.00   0.00     101307
20220713  15091896   40.4736  -124.7041     25.720   0.00    0.00    0.00   0.00     101308
20220716   1224550   40.4736  -124.7041     25.720   0.00    0.00    0.00   0.00     101309
20220724  11111632   40.4736  -124.7041     25.720   0.00    0.00    0.00   0.00     101310
20220726   4145910   40.4736  -124.7041     25.720   0.00    0.00    0.00   0.00     101311
20220728  14552388   40.4736  -124.7041     25.720   0.00    0.00    0.00   0.00     101312
20220729   5131292   40.4736  -124.7041     25.720   0.00    0.00    0.00   0.00     101313
20220801    113232   40.4736  -124.7041     25.720   0.00    0.00    0.00   0.00     101314
20220801  12173972   40.4736  -124.7041     25.720   0.00    0.00    0.00   0.00     101315
20220803   8452898   40.4736  -124.7041     25.720   0.00    0.00    0.00   0.00     101316
20220805    180156   40.4736  -124.7041     25.720   0.00    0.00    0.00   0.00     101317
20220808  19343786   40.4736  -124.7041     25.720   0.00    0.00    0.00   0.00     101318
20220809  20042828   40.4736  -124.7041     25.720   0.00    0.00    0.00   0.00     101319
20220811   5132608   40.4736  -124.7041     25.720   0.00    0.00    0.00   0.00     101320
20220811   5320918   40.4736  -124.7041     25.720   0.00    0.00    0.00   0.00     101321
20220813  20565116   40.4736  -124.7041     25.720   0.00    0.00    0.00   0.00     101322
20220817   5390084   40.4736  -124.7041     25.720   0.00    0.00    0.00   0.00     101323
20220821     44976   40.4736  -124.7041     25.720   0.00    0.00    0.00   0.00     101324
20220823  22562910   40.4736  -124.7041     25.720   0.00    0.00    0.00   0.00     101325
20220826  22292440   40.4736  -124.7041     25.720   0.00    0.00    0.00   0.00     101326
20220826  17352526   40.4736  -124.7041     25.720   0.00    0.00    0.00   0.00     101327
20220901  20352942   40.4736  -124.7041     25.720   0.00    0.00    0.00   0.00     101328
20220904  20421302   40.4736  -124.7041     25.720   0.00    0.00    0.00   0.00     101329
20220904  21283760   40.4736  -124.7041     25.720   0.00    0.00    0.00   0.00     101330
20220909   2071894   40.4736  -124.7041     25.720   0.00    0.00    0.00   0.00     101331
20220909  21533260   40.4736  -124.7041     25.720   0.00    0.00    0.00   0.00     101332
20220918  11300598   40.4736  -124.7041     25.720   0.00    0.00    0.00   0.00     101333
20220919   5273992   40.4736  -124.7041     25.720   0.00    0.00    0.00   0.00     101334
20220923  13015772   40.4736  -124.7041     25.720   0.00    0.00    0.00   0.00     101335
20220923  16533554   40.4736  -124.7041     25.720   0.00    0.00    0.00   0.00     101336
20220925  20061390   40.4736  -124.7041     25.720   0.00    0.00    0.00   0.00     101337
20220928  22315264   40.4736  -124.7041     25.720   0.00    0.00    0.00   0.00     101338
20220928  10531762   40.4736  -124.7041     25.720   0.00    0.00    0.00   0.00     101339
20221004  16291284   40.4736  -124.7041     25.720   0.00    0.00    0.00   0.00     101340
20221004   9153124   40.4736  -124.7041     25.720   0.00    0.00    0.00   0.00     101341
20221005  16213830   40.4736  -124.7041     25.720   0.00    0.00    0.00   0.00     101342
20221007  22241334   40.4736  -124.7041     25.720   0.00    0.00    0.00   0.00     101343
20221007  20463092   40.4736  -124.7041     25.720   0.00    0.00    0.00   0.00     101344
20221007  16332348   40.4736  -124.7041     25.720   0.00    0.00    0.00   0.00     101345
20221009  21442748   40.4736  -124.7041     25.720   0.00    0.00    0.00   0.00     101346
20221009  23543194   40.4736  -124.7041     25.720   0.00    0.00    0.00   0.00     101347
20221010   4515224   40.4736  -124.7041     25.720   0.00    0.00    0.00   0.00     101348
20221012  22421190   40.4736  -124.7041     25.720   0.00    0.00    0.00   0.00     101349
20221019  13021192   40.4736  -124.7041     25.720   0.00    0.00    0.00   0.00     101350
20221022  23410332   40.4736  -124.7041     25.720   0.00    0.00    0.00   0.00     101351
20221104  14570994   40.4736  -124.7041     25.720   0.00    0.00    0.00   0.00     101352
20221109  22542940   40.4736  -124.7041     25.720   0.00    0.00    0.00   0.00     101353
20221109  10451104   40.4736  -124.7041     25.720   0.00    0.00    0.00   0.00     101354
20221111   3103222   40.4736  -124.7041     25.720   0.00    0.00    0.00   0.00     101355
20221111  16593184   40.4736  -124.7041     25.720   0.00    0.00    0.00   0.00     101356
20221112  12133330   40.4736  -124.7041     25.720   0.00    0.00    0.00   0.00     101357
20221114  15415248   40.4736  -124.7041     25.720   0.00    0.00    0.00   0.00     101358
20221115   8514808   40.4736  -124.7041     25.720   0.00    0.00    0.00   0.00     101359
20221115  12360986   40.4736  -124.7041     25.720   0.00    0.00    0.00   0.00     101360
20221116   7565432   40.4736  -124.7041     25.720   0.00    0.00    0.00   0.00     101361
20221119   9524894   40.4736  -124.7041     25.720   0.00    0.00    0.00   0.00     101362
20221120   1525580   40.4736  -124.7041     25.720   0.00    0.00    0.00   0.00     101363
20221129  13303820   40.4736  -124.7041     25.720   0.00    0.00    0.00   0.00     101364
20221129  19132468   40.4736  -124.7041     25.720   0.00    0.00    0.00   0.00     101365
20221130  11222040   40.4736  -124.7041     25.720   0.00    0.00    0.00   0.00     101366
20200103  18374842   40.2971  -124.3771      8.720   0.00    0.00    0.00   0.00     101367
20200103  21032894   40.2971  -124.3771      8.720   0.00    0.00    0.00   0.00     101368
20200103  21062916   40.2971  -124.3771      8.720   0.00    0.00    0.00   0.00     101369
20200103  20300660   40.2971  -124.3771      8.720   0.00    0.00    0.00   0.00     101370
20200105   8351192   40.2971  -124.3771      8.720   0.00    0.00    0.00   0.00     101371
20200106  15503670   40.2971  -124.3771      8.720   0.00    0.00    0.00   0.00     101372
20200118  23301614   40.2971  -124.3771      8.720   0.00    0.00    0.00   0.00     101373
20200120   4204234   40.2971  -124.3771      8.720   0.00    0.00    0.00   0.00     101374
20200125   1451838   40.2971  -124.3771      8.720   0.00    0.00    0.00   0.00     101375
20200125   3324920   40.2971  -124.3771      8.720   0.00    0.00    0.00   0.00     101376
20200125   4053462   40.2971  -124.3771      8.720   0.00    0.00    0.00   0.00     101377
20200125   3560140   40.2971  -124.3771      8.720   0.00    0.00    0.00   0.00     101378
20200125   3303460   40.2971  -124.3771      8.720   0.00    0.00    0.00   0.00     101379
20200125   4101220   40.2971  -124.3771      8.720   0.00    0.00    0.00   0.00     101380
20200125   3225724   40.2971  -124.3771      8.720   0.00    0.00    0.00   0.00     101381
20200125   3313708   40.2971  -124.3771      8.720   0.00    0.00    0.00   0.00     101382
20200206  17510932   40.2971  -124.3771      8.720   0.00    0.00    0.00   0.00     101383
20200206  13040224   40.2971  -124.3771      8.720   0.00    0.00    0.00   0.00     101384
20200206  14042268   40.2971  -124.3771      8.720   0.00    0.00    0.00   0.00     101385
20200206  14021302   40.2971  -124.3771      8.720   0.00    0.00    0.00   0.00     101386
20200206   8274332   40.2971  -124.3771      8.720   0.00    0.00    0.00   0.00     101387
20200206  17331174   40.2971  -124.3771      8.720   0.00    0.00    0.00   0.00     101388
20200206  13510872   40.2971  -124.3771      8.720   0.00    0.00    0.00   0.00     101389
20200206   8221378   40.2971  -124.3771      8.720   0.00    0.00    0.00   0.00     101390
20200207   2544292   40.2971  -124.3771      8.720   0.00    0.00    0.00   0.00     101391
20200207   2392736   40.2971  -124.3771      8.720   0.00    0.00    0.00   0.00     101392
20200308  19424158   40.2971  -124.3771      8.720   0.00    0.00    0.00   0.00     101393
20200311  13421182   40.2971  -124.3771      8.720   0.00    0.00    0.00   0.00     101394
20200313   2362998   40.2971  -124.3771      8.720   0.00    0.00    0.00   0.00     101395
20200320  23441240   40.2971  -124.3771      8.720   0.00    0.00    0.00   0.00     101396
20200326   2525486   40.2971  -124.3771      8.720   0.00    0.00    0.00   0.00     101397
20200408   2002212   40.2971  -124.3771      8.720   0.00    0.00    0.00   0.00     101398
20200415  18152310   40.2971  -124.3771      8.720   0.00    0.00    0.00   0.00     101399
20200416   6223140   40.2971  -124.3771      8.720   0.00    0.00    0.00   0.00     101400
20200416   6375932   40.2971  -124.3771      8.720   0.00    0.00    0.00   0.00     101401
20200419   7465406   40.2971  -124.3771      8.720   0.00    0.00    0.00   0.00     101402
20200423  17580964   40.2971  -124.3771      8.720   0.00    0.00    0.00   0.00     101403
20200523   8374822   40.2971  -124.3771      8.720   0.00    0.00    0.00   0.00     101404
20200524   4181416   40.2971  -124.3771      8.720   0.00    0.00    0.00   0.00     101405
20200617   5591548   40.2971  -124.3771      8.720   0.00    0.00    0.00   0.00     101406
20200721   6380674   40.2971  -124.3771      8.720   0.00    0.00    0.00   0.00     101407
20200806   8322310   40.2971  -124.3771      8.720   0.00    0.00    0.00   0.00     101408
20200809   1350530   40.2971  -124.3771      8.720   0.00    0.00    0.00   0.00     101409
20200903   7352842   40.2971  -124.3771      8.720   0.00    0.00    0.00   0.00     101410
20201005   2182264   40.2971  -124.3771      8.720   0.00    0.00    0.00   0.00     101411
20201102  20360712   40.2971  -124.3771      8.720   0.00    0.00    0.00   0.00     101412
20201112   2441652   40.2971  -124.3771      8.720   0.00    0.00    0.00   0.00     101413
20201113   2485604   40.2971  -124.3771      8.720   0.00    0.00    0.00   0.00     101414
20201220  20305522   40.2971  -124.3771      8.720   0.00    0.00    0.00   0.00     101415
20210311  14293744   40.2971  -124.3771      8.720   0.00    0.00    0.00   0.00     101416
20210312   5111098   40.2971  -124.3771      8.720   0.00    0.00    0.00   0.00     101417
20210331  23593848   40.2971  -124.3771      8.720   0.00    0.00    0.00   0.00     101418
20210401  17190330   40.2971  -124.3771      8.720   0.00    0.00    0.00   0.00     101419
20210409   8272568   40.2971  -124.3771      8.720   0.00    0.00    0.00   0.00     101420
20210416   4215510   40.2971  -124.3771      8.720   0.00    0.00    0.00   0.00     101421
20210417  22520396   40.2971  -124.3771      8.720   0.00    0.00    0.00   0.00     101422
20210518  12402044   40.2971  -124.3771      8.720   0.00    0.00    0.00   0.00     101423
20210519  22431032   40.2971  -124.3771      8.720   0.00    0.00    0.00   0.00     101424
20210607  22373948   40.2971  -124.3771      8.720   0.00    0.00    0.00   0.00     101425
20210616  13442828   40.2971  -124.3771      8.720   0.00    0.00    0.00   0.00     101426
20210628   8373530   40.2971  -124.3771      8.720   0.00    0.00    0.00   0.00     101427
20210628   7550076   40.2971  -124.3771      8.720   0.00    0.00    0.00   0.00     101428
20210628   5144328   40.2971  -124.3771      8.720   0.00    0.00    0.00   0.00     101429
20210628   1243354   40.2971  -124.3771      8.720   0.00    0.00    0.00   0.00     101430
20210705   1412936   40.2971  -124.3771      8.720   0.00    0.00    0.00   0.00     101431
20210728  16023116   40.2971  -124.3771      8.720   0.00    0.00    0.00   0.00     101432
20210728  16090156   40.2971  -124.3771      8.720   0.00    0.00    0.00   0.00     101433
20210802    311504   40.2971  -124.3771      8.720   0.00    0.00    0.00   0.00     101434
20210823    230858   40.2971  -124.3771      8.720   0.00    0.00    0.00   0.00     101435
20210922  23224540   40.2971  -124.3771      8.720   0.00    0.00    0.00   0.00     101436
20211219  12201692   40.2971  -124.3771      8.720   0.00    0.00    0.00   0.00     101437
20211219  12433712   40.2971  -124.3771      8.720   0.00    0.00    0.00   0.00     101438
20220129  18373238   40.2971  -124.3771      8.720   0.00    0.00    0.00   0.00     101439
20220207    402948   40.2971  -124.3771      8.720   0.00    0.00    0.00   0.00     101440
20220216  15081032   40.2971  -124.3771      8.720   0.00    0.00    0.00   0.00     101441
20220224  22191218   40.2971  -124.3771      8.720   0.00    0.00    0.00   0.00     101442
20220323  21201328   40.2971  -124.3771      8.720   0.00    0.00    0.00   0.00     101443
20220405  23580386   40.2971  -124.3771      8.720   0.00    0.00    0.00   0.00     101444
20220406  20484422   40.2971  -124.3771      8.720   0.00    0.00    0.00   0.00     101445
20220406  23444888   40.2971  -124.3771      8.720   0.00    0.00    0.00   0.00     101446
20220505  18344538   40.2971  -124.3771      8.720   0.00    0.00    0.00   0.00     101447
20220529  22052256   40.2971  -124.3771      8.720   0.00    0.00    0.00   0.00     101448
20220530   3312790   40.2971  -124.3771      8.720   0.00    0.00    0.00   0.00     101449
20220608  13562688   40.2971  -124.3771      8.720   0.00    0.00    0.00   0.00     101450
20220915  17123778   40.2971  -124.3771      8.720   0.00    0.00    0.00   0.00     101451
20220927  16343890   40.2971  -124.3771      8.720   0.00    0.00    0.00   0.00     101452
20200103   6394852   40.4323  -124.4213     26.280   0.00    0.00    0.00   0.00     101453
20200202  15253194   40.4323  -124.4213     26.280   0.00    0.00    0.00   0.00     101454
20200318  23104572   40.4323  -124.4213     26.280   0.00    0.00    0.00   0.00     101455
20200319    453032   40.4323  -124.4213     26.280   0.00    0.00    0.00   0.00     101456
20210407  15563908   40.4323  -124.4213     26.280   0.00    0.00    0.00   0.00     101457
20210725  14023736   40.4323  -124.4213     26.280   0.00    0.00    0.00   0.00     101458
20210921  10522264   40.4323  -124.4213     26.280   0.00    0.00    0.00   0.00     101459
20211018   5043588   40.4323  -124.4213     26.280   0.00    0.00    0.00   0.00     101460
20211121   4484076   40.4323  -124.4213     26.280   0.00    0.00    0.00   0.00     101461
20211218  12550330   40.4323  -124.4213     26.280   0.00    0.00    0.00   0.00     101462
20211221   4130990   40.4323  -124.4213     26.280   0.00    0.00    0.00   0.00     101463
20211221   6511138   40.4323  -124.4213     26.280   0.00    0.00    0.00   0.00     101464
20211221   3440994   40.4323  -124.4213     26.280   0.00    0.00    0.00   0.00     101465
20211223   5045610   40.4323  -124.4213     26.280   0.00    0.00    0.00   0.00     101466
20211225  20271648   40.4323  -124.4213     26.280   0.00    0.00    0.00   0.00     101467
20220112  11413290   40.4323  -124.4213     26.280   0.00    0.00    0.00   0.00     101468
20220117  17032156   40.4323  -124.4213     26.280   0.00    0.00    0.00   0.00     101469
20220325  23420816   40.4323  -124.4213     26.280   0.00    0.00    0.00   0.00     101470
20220415  15065256   40.4323  -124.4213     26.280   0.00    0.00    0.00   0.00     101471
20220605  18312676   40.4323  -124.4213     26.280   0.00    0.00    0.00   0.00     101472
20220813  16314266   40.4323  -124.4213     26.280   0.00    0.00    0.00   0.00     101473
20220911  17190866   40.4323  -124.4213     26.280   0.00    0.00    0.00   0.00     101474
20200104  12290864   40.5813  -123.9798     20.330   0.00    0.00    0.00   0.00     101475
20200213  22213694   40.5813  -123.9798     20.330   0.00    0.00    0.00   0.00     101476
20200319   1042604   40.5813  -123.9798     20.330   0.00    0.00    0.00   0.00     101477
20200926   5065430   40.5813  -123.9798     20.330   0.00    0.00    0.00   0.00     101478
20210120  21453488   40.5813  -123.9798     20.330   0.00    0.00    0.00   0.00     101479
20210314   7115538   40.5813  -123.9798     20.330   0.00    0.00    0.00   0.00     101480
20210329  15563378   40.5813  -123.9798     20.330   0.00    0.00    0.00   0.00     101481
20210329  13445494   40.5813  -123.9798     20.330   0.00    0.00    0.00   0.00     101482
20210330  14302658   40.5813  -123.9798     20.330   0.00    0.00    0.00   0.00     101483
20210330  16565882   40.5813  -123.9798     20.330   0.00    0.00    0.00   0.00     101484
20210521   6255980   40.5813  -123.9798     20.330   0.00    0.00    0.00   0.00     101485
20210610  17252334   40.5813  -123.9798     20.330   0.00    0.00    0.00   0.00     101486
20210919  18513566   40.5813  -123.9798     20.330   0.00    0.00    0.00   0.00     101487
20211207   4202726   40.5813  -123.9798     20.330   0.00    0.00    0.00   0.00     101488
20200104   2040508   40.3257  -124.3665     18.790   0.00    0.00    0.00   0.00     101489
20200118  10410106   40.3257  -124.3665     18.790   0.00    0.00    0.00   0.00     101490
20200121  20111696   40.3257  -124.3665     18.790   0.00    0.00    0.00   0.00     101491
20200205  14082844   40.3257  -124.3665     18.790   0.00    0.00    0.00   0.00     101492
20200211   9193088   40.3257  -124.3665     18.790   0.00    0.00    0.00   0.00     101493
20200322  23413484   40.3257  -124.3665     18.790   0.00    0.00    0.00   0.00     101494
20200508  14190330   40.3257  -124.3665     18.790   0.00    0.00    0.00   0.00     101495
20200808  11381612   40.3257  -124.3665     18.790   0.00    0.00    0.00   0.00     101496
20200831  23453140   40.3257  -124.3665     18.790   0.00    0.00    0.00   0.00     101497
20201002  17040064   40.3257  -124.3665     18.790   0.00    0.00    0.00   0.00     101498
20210110  20294882   40.3257  -124.3665     18.790   0.00    0.00    0.00   0.00     101499
20210202  14380822   40.3257  -124.3665     18.790   0.00    0.00    0.00   0.00     101500
20210704  22104780   40.3257  -124.3665     18.790   0.00    0.00    0.00   0.00     101501
20210707   8305206   40.3257  -124.3665     18.790   0.00    0.00    0.00   0.00     101502
20210907  14284904   40.3257  -124.3665     18.790   0.00    0.00    0.00   0.00     101503
20210909  17393936   40.3257  -124.3665     18.790   0.00    0.00    0.00   0.00     101504
20210916   6392368   40.3257  -124.3665     18.790   0.00    0.00    0.00   0.00     101505
20210916  22214446   40.3257  -124.3665     18.790   0.00    0.00    0.00   0.00     101506
20211005   5004532   40.3257  -124.3665     18.790   0.00    0.00    0.00   0.00     101507
20211023  17260358   40.3257  -124.3665     18.790   0.00    0.00    0.00   0.00     101508
20211112   2573614   40.3257  -124.3665     18.790   0.00    0.00    0.00   0.00     101509
20211126   9462542   40.3257  -124.3665     18.790   0.00    0.00    0.00   0.00     101510
20211210   8063832   40.3257  -124.3665     18.790   0.00    0.00    0.00   0.00     101511
20211210  19222196   40.3257  -124.3665     18.790   0.00    0.00    0.00   0.00     101512
20211221  18140076   40.3257  -124.3665     18.790   0.00    0.00    0.00   0.00     101513
20211221   4460884   40.3257  -124.3665     18.790   0.00    0.00    0.00   0.00     101514
20211221    315948   40.3257  -124.3665     18.790   0.00    0.00    0.00   0.00     101515
20211221   2373248   40.3257  -124.3665     18.790   0.00    0.00    0.00   0.00     101516
20211221  11021018   40.3257  -124.3665     18.790   0.00    0.00    0.00   0.00     101517
20211222   1445764   40.3257  -124.3665     18.790   0.00    0.00    0.00   0.00     101518
20211222  16433836   40.3257  -124.3665     18.790   0.00    0.00    0.00   0.00     101519
20211222  15521548   40.3257  -124.3665     18.790   0.00    0.00    0.00   0.00     101520
20211224  12190692   40.3257  -124.3665     18.790   0.00    0.00    0.00   0.00     101521
20211224   4444480   40.3257  -124.3665     18.790   0.00    0.00    0.00   0.00     101522
20211224   2533950   40.3257  -124.3665     18.790   0.00    0.00    0.00   0.00     101523
20211224  21522654   40.3257  -124.3665     18.790   0.00    0.00    0.00   0.00     101524
20211224   7582626   40.3257  -124.3665     18.790   0.00    0.00    0.00   0.00     101525
20211225    534760   40.3257  -124.3665     18.790   0.00    0.00    0.00   0.00     101526
20211225   8023112   40.3257  -124.3665     18.790   0.00    0.00    0.00   0.00     101527
20211231  13261300   40.3257  -124.3665     18.790   0.00    0.00    0.00   0.00     101528
20211231  18255448   40.3257  -124.3665     18.790   0.00    0.00    0.00   0.00     101529
20220108  12310318   40.3257  -124.3665     18.790   0.00    0.00    0.00   0.00     101530
20220117   8304284   40.3257  -124.3665     18.790   0.00    0.00    0.00   0.00     101531
20220117   3435094   40.3257  -124.3665     18.790   0.00    0.00    0.00   0.00     101532
20220117   7483868   40.3257  -124.3665     18.790   0.00    0.00    0.00   0.00     101533
20220117   2551088   40.3257  -124.3665     18.790   0.00    0.00    0.00   0.00     101534
20220120   9590324   40.3257  -124.3665     18.790   0.00    0.00    0.00   0.00     101535
20220121   8561654   40.3257  -124.3665     18.790   0.00    0.00    0.00   0.00     101536
20220128   9470848   40.3257  -124.3665     18.790   0.00    0.00    0.00   0.00     101537
20220206  10120290   40.3257  -124.3665     18.790   0.00    0.00    0.00   0.00     101538
20220210  17241392   40.3257  -124.3665     18.790   0.00    0.00    0.00   0.00     101539
20220212   1082586   40.3257  -124.3665     18.790   0.00    0.00    0.00   0.00     101540
20220313   6524860   40.3257  -124.3665     18.790   0.00    0.00    0.00   0.00     101541
20220313   6563070   40.3257  -124.3665     18.790   0.00    0.00    0.00   0.00     101542
20220324   3064206   40.3257  -124.3665     18.790   0.00    0.00    0.00   0.00     101543
20220402    224036   40.3257  -124.3665     18.790   0.00    0.00    0.00   0.00     101544
20220417  22593124   40.3257  -124.3665     18.790   0.00    0.00    0.00   0.00     101545
20220426  11585734   40.3257  -124.3665     18.790   0.00    0.00    0.00   0.00     101546
20220516  11542256   40.3257  -124.3665     18.790   0.00    0.00    0.00   0.00     101547
20220610   7141142   40.3257  -124.3665     18.790   0.00    0.00    0.00   0.00     101548
20220620   5491256   40.3257  -124.3665     18.790   0.00    0.00    0.00   0.00     101549
20220629  14271108   40.3257  -124.3665     18.790   0.00    0.00    0.00   0.00     101550
20220708   3570270   40.3257  -124.3665     18.790   0.00    0.00    0.00   0.00     101551
20220719  13432768   40.3257  -124.3665     18.790   0.00    0.00    0.00   0.00     101552
20220814   8353930   40.3257  -124.3665     18.790   0.00    0.00    0.00   0.00     101553
20220824   2585984   40.3257  -124.3665     18.790   0.00    0.00    0.00   0.00     101554
20220828  17291896   40.3257  -124.3665     18.790   0.00    0.00    0.00   0.00     101555
20220901  16521446   40.3257  -124.3665     18.790   0.00    0.00    0.00   0.00     101556
20220913  22302342   40.3257  -124.3665     18.790   0.00    0.00    0.00   0.00     101557
20220915   6385874   40.3257  -124.3665     18.790   0.00    0.00    0.00   0.00     101558
20220917  21375632   40.3257  -124.3665     18.790   0.00    0.00    0.00   0.00     101559
20220917  20442130   40.3257  -124.3665     18.790   0.00    0.00    0.00   0.00     101560
20220917  20494746   40.3257  -124.3665     18.790   0.00    0.00    0.00   0.00     101561
20220918     13896   40.3257  -124.3665     18.790   0.00    0.00    0.00   0.00     101562
20220923   1022858   40.3257  -124.3665     18.790   0.00    0.00    0.00   0.00     101563
20200104  11372068   40.5368  -124.2678     11.690   0.00    0.00    0.00   0.00     101564
20200104   2241372   40.4999  -124.3293     18.950   0.00    0.00    0.00   0.00     101565
20200107   8465468   40.4999  -124.3293     18.950   0.00    0.00    0.00   0.00     101566
20200108   8240686   40.4999  -124.3293     18.950   0.00    0.00    0.00   0.00     101567
20200108   8262210   40.4999  -124.3293     18.950   0.00    0.00    0.00   0.00     101568
20200113  10560114   40.4999  -124.3293     18.950   0.00    0.00    0.00   0.00     101569
20200204   5035376   40.4999  -124.3293     18.950   0.00    0.00    0.00   0.00     101570
20200204   9593996   40.4999  -124.3293     18.950   0.00    0.00    0.00   0.00     101571
20200204   5072232   40.4999  -124.3293     18.950   0.00    0.00    0.00   0.00     101572
20200208  16281302   40.4999  -124.3293     18.950   0.00    0.00    0.00   0.00     101573
20200210   2225480   40.4999  -124.3293     18.950   0.00    0.00    0.00   0.00     101574
20200213  21142536   40.4999  -124.3293     18.950   0.00    0.00    0.00   0.00     101575
20200214  10024162   40.4999  -124.3293     18.950   0.00    0.00    0.00   0.00     101576
20200220  15463338   40.4999  -124.3293     18.950   0.00    0.00    0.00   0.00     101577
20200225   3153820   40.4999  -124.3293     18.950   0.00    0.00    0.00   0.00     101578
20200302   7300226   40.4999  -124.3293     18.950   0.00    0.00    0.00   0.00     101579
20200306   3234482   40.4999  -124.3293     18.950   0.00    0.00    0.00   0.00     101580
20200306  12513272   40.4999  -124.3293     18.950   0.00    0.00    0.00   0.00     101581
20200308  16325238   40.4999  -124.3293     18.950   0.00    0.00    0.00   0.00     101582
20200315  14473842   40.4999  -124.3293     18.950   0.00    0.00    0.00   0.00     101583
20200318  23514160   40.4999  -124.3293     18.950   0.00    0.00    0.00   0.00     101584
20200320  15444820   40.4999  -124.3293     18.950   0.00    0.00    0.00   0.00     101585
20200321   8001884   40.4999  -124.3293     18.950   0.00    0.00    0.00   0.00     101586
20200321  11523334   40.4999  -124.3293     18.950   0.00    0.00    0.00   0.00     101587
20200323   1530372   40.4999  -124.3293     18.950   0.00    0.00    0.00   0.00     101588
20200323  12571828   40.4999  -124.3293     18.950   0.00    0.00    0.00   0.00     101589
20200323   2121304   40.4999  -124.3293     18.950   0.00    0.00    0.00   0.00     101590
20200324   2290960   40.4999  -124.3293     18.950   0.00    0.00    0.00   0.00     101591
20200324   5102650   40.4999  -124.3293     18.950   0.00    0.00    0.00   0.00     101592
20200324   3405498   40.4999  -124.3293     18.950   0.00    0.00    0.00   0.00     101593
20200325  20263436   40.4999  -124.3293     18.950   0.00    0.00    0.00   0.00     101594
20200326  11384688   40.4999  -124.3293     18.950   0.00    0.00    0.00   0.00     101595
20200327  12491062   40.4999  -124.3293     18.950   0.00    0.00    0.00   0.00     101596
20200329   3343006   40.4999  -124.3293     18.950   0.00    0.00    0.00   0.00     101597
20200331   8194426   40.4999  -124.3293     18.950   0.00    0.00    0.00   0.00     101598
20200401   6404348   40.4999  -124.3293     18.950   0.00    0.00    0.00   0.00     101599
20200404   2580678   40.4999  -124.3293     18.950   0.00    0.00    0.00   0.00     101600
20200404   7211876   40.4999  -124.3293     18.950   0.00    0.00    0.00   0.00     101601
20200405   1192540   40.4999  -124.3293     18.950   0.00    0.00    0.00   0.00     101602
20200407  12043686   40.4999  -124.3293     18.950   0.00    0.00    0.00   0.00     101603
20200407  13091576   40.4999  -124.3293     18.950   0.00    0.00    0.00   0.00     101604
20200407  12151406   40.4999  -124.3293     18.950   0.00    0.00    0.00   0.00     101605
20200409  18490512   40.4999  -124.3293     18.950   0.00    0.00    0.00   0.00     101606
20200416  12442100   40.4999  -124.3293     18.950   0.00    0.00    0.00   0.00     101607
20200420  18213400   40.4999  -124.3293     18.950   0.00    0.00    0.00   0.00     101608
20200429   9433680   40.4999  -124.3293     18.950   0.00    0.00    0.00   0.00     101609
20200502   9482070   40.4999  -124.3293     18.950   0.00    0.00    0.00   0.00     101610
20200502  10405154   40.4999  -124.3293     18.950   0.00    0.00    0.00   0.00     101611
20200502  10415332   40.4999  -124.3293     18.950   0.00    0.00    0.00   0.00     101612
20200503   8464968   40.4999  -124.3293     18.950   0.00    0.00    0.00   0.00     101613
20200504  13444726   40.4999  -124.3293     18.950   0.00    0.00    0.00   0.00     101614
20200504   5073456   40.4999  -124.3293     18.950   0.00    0.00    0.00   0.00     101615
20200505   9525068   40.4999  -124.3293     18.950   0.00    0.00    0.00   0.00     101616
20200505  23120158   40.4999  -124.3293     18.950   0.00    0.00    0.00   0.00     101617
20200507   8090094   40.4999  -124.3293     18.950   0.00    0.00    0.00   0.00     101618
20200507   6381064   40.4999  -124.3293     18.950   0.00    0.00    0.00   0.00     101619
20200510  23425648   40.4999  -124.3293     18.950   0.00    0.00    0.00   0.00     101620
20200515   2090830   40.4999  -124.3293     18.950   0.00    0.00    0.00   0.00     101621
20200517  10005742   40.4999  -124.3293     18.950   0.00    0.00    0.00   0.00     101622
20200520  18425456   40.4999  -124.3293     18.950   0.00    0.00    0.00   0.00     101623
20200520  20544008   40.4999  -124.3293     18.950   0.00    0.00    0.00   0.00     101624
20200520  16594336   40.4999  -124.3293     18.950   0.00    0.00    0.00   0.00     101625
20200520  16592280   40.4999  -124.3293     18.950   0.00    0.00    0.00   0.00     101626
20200520  19030240   40.4999  -124.3293     18.950   0.00    0.00    0.00   0.00     101627
20200522  13301376   40.4999  -124.3293     18.950   0.00    0.00    0.00   0.00     101628
20200523  13442948   40.4999  -124.3293     18.950   0.00    0.00    0.00   0.00     101629
20200531   1414554   40.4999  -124.3293     18.950   0.00    0.00    0.00   0.00     101630
20200602   5502896   40.4999  -124.3293     18.950   0.00    0.00    0.00   0.00     101631
20200603   3162312   40.4999  -124.3293     18.950   0.00    0.00    0.00   0.00     101632
20200606  13291966   40.4999  -124.3293     18.950   0.00    0.00    0.00   0.00     101633
20200606   4560298   40.4999  -124.3293     18.950   0.00    0.00    0.00   0.00     101634
20200614  22051682   40.4999  -124.3293     18.950   0.00    0.00    0.00   0.00     101635
20200618  19464038   40.4999  -124.3293     18.950   0.00    0.00    0.00   0.00     101636
20200618  23254494   40.4999  -124.3293     18.950   0.00    0.00    0.00   0.00     101637
20200623  12132816   40.4999  -124.3293     18.950   0.00    0.00    0.00   0.00     101638
20200624   8212090   40.4999  -124.3293     18.950   0.00    0.00    0.00   0.00     101639
20200625  22022536   40.4999  -124.3293     18.950   0.00    0.00    0.00   0.00     101640
20200625  20580150   40.4999  -124.3293     18.950   0.00    0.00    0.00   0.00     101641
20200627   2241274   40.4999  -124.3293     18.950   0.00    0.00    0.00   0.00     101642
20200630  10403904   40.4999  -124.3293     18.950   0.00    0.00    0.00   0.00     101643
20200702  22471060   40.4999  -124.3293     18.950   0.00    0.00    0.00   0.00     101644
20200703  23373492   40.4999  -124.3293     18.950   0.00    0.00    0.00   0.00     101645
20200704  12102144   40.4999  -124.3293     18.950   0.00    0.00    0.00   0.00     101646
20200713     80638   40.4999  -124.3293     18.950   0.00    0.00    0.00   0.00     101647
20200717  15375416   40.4999  -124.3293     18.950   0.00    0.00    0.00   0.00     101648
20200718  18511028   40.4999  -124.3293     18.950   0.00    0.00    0.00   0.00     101649
20200720   4561064   40.4999  -124.3293     18.950   0.00    0.00    0.00   0.00     101650
20200722  19020488   40.4999  -124.3293     18.950   0.00    0.00    0.00   0.00     101651
20200726   5365796   40.4999  -124.3293     18.950   0.00    0.00    0.00   0.00     101652
20200726   5530906   40.4999  -124.3293     18.950   0.00    0.00    0.00   0.00     101653
20200726   5445672   40.4999  -124.3293     18.950   0.00    0.00    0.00   0.00     101654
20200726  11091734   40.4999  -124.3293     18.950   0.00    0.00    0.00   0.00     101655
20200727  23044956   40.4999  -124.3293     18.950   0.00    0.00    0.00   0.00     101656
20200728  20424902   40.4999  -124.3293     18.950   0.00    0.00    0.00   0.00     101657
20200730  17503654   40.4999  -124.3293     18.950   0.00    0.00    0.00   0.00     101658
20200730  18002314   40.4999  -124.3293     18.950   0.00    0.00    0.00   0.00     101659
20200730  23570500   40.4999  -124.3293     18.950   0.00    0.00    0.00   0.00     101660
20200801   5182864   40.4999  -124.3293     18.950   0.00    0.00    0.00   0.00     101661
20200806  14151764   40.4999  -124.3293     18.950   0.00    0.00    0.00   0.00     101662
20200807   3223996   40.4999  -124.3293     18.950   0.00    0.00    0.00   0.00     101663
20200809   9422236   40.4999  -124.3293     18.950   0.00    0.00    0.00   0.00     101664
20200810  10093216   40.4999  -124.3293     18.950   0.00    0.00    0.00   0.00     101665
20200810  14301532   40.4999  -124.3293     18.950   0.00    0.00    0.00   0.00     101666
20200810  13064578   40.4999  -124.3293     18.950   0.00    0.00    0.00   0.00     101667
20200811  20445468   40.4999  -124.3293     18.950   0.00    0.00    0.00   0.00     101668
20200812  16331876   40.4999  -124.3293     18.950   0.00    0.00    0.00   0.00     101669
20200813  21030040   40.4999  -124.3293     18.950   0.00    0.00    0.00   0.00     101670
20200814   2132812   40.4999  -124.3293     18.950   0.00    0.00    0.00   0.00     101671
20200815  20161886   40.4999  -124.3293     18.950   0.00    0.00    0.00   0.00     101672
20200818   5491034   40.4999  -124.3293     18.950   0.00    0.00    0.00   0.00     101673
20200818  15110018   40.4999  -124.3293     18.950   0.00    0.00    0.00   0.00     101674
20200819    281134   40.4999  -124.3293     18.950   0.00    0.00    0.00   0.00     101675
20200822  18485508   40.4999  -124.3293     18.950   0.00    0.00    0.00   0.00     101676
20200825  12302628   40.4999  -124.3293     18.950   0.00    0.00    0.00   0.00     101677
20200826  10392020   40.4999  -124.3293     18.950   0.00    0.00    0.00   0.00     101678
20200826  11391844   40.4999  -124.3293     18.950   0.00    0.00    0.00   0.00     101679
20200827  17295478   40.4999  -124.3293     18.950   0.00    0.00    0.00   0.00     101680
20200827  14392918   40.4999  -124.3293     18.950   0.00    0.00    0.00   0.00     101681
20200827  23430360   40.4999  -124.3293     18.950   0.00    0.00    0.00   0.00     101682
20200827  14075032   40.4999  -124.3293     18.950   0.00    0.00    0.00   0.00     101683
20200829   9381802   40.4999  -124.3293     18.950   0.00    0.00    0.00   0.00     101684
20200829  17251538   40.4999  -124.3293     18.950   0.00    0.00    0.00   0.00     101685
20200829   1280660   40.4999  -124.3293     18.950   0.00    0.00    0.00   0.00     101686
20200830  16070024   40.4999  -124.3293     18.950   0.00    0.00    0.00   0.00     101687
20200831  20001396   40.4999  -124.3293     18.950   0.00    0.00    0.00   0.00     101688
20200901  11114794   40.4999  -124.3293     18.950   0.00    0.00    0.00   0.00     101689
20200903  11120184   40.4999  -124.3293     18.950   0.00    0.00    0.00   0.00     101690
20200903  11402590   40.4999  -124.3293     18.950   0.00    0.00    0.00   0.00     101691
20200903   6475510   40.4999  -124.3293     18.950   0.00    0.00    0.00   0.00     101692
20200903  11233134   40.4999  -124.3293     18.950   0.00    0.00    0.00   0.00     101693
20200903  18054962   40.4999  -124.3293     18.950   0.00    0.00    0.00   0.00     101694
20200904   6322650   40.4999  -124.3293     18.950   0.00    0.00    0.00   0.00     101695
20200904   5394976   40.4999  -124.3293     18.950   0.00    0.00    0.00   0.00     101696
20200905  15111400   40.4999  -124.3293     18.950   0.00    0.00    0.00   0.00     101697
20200906    262648   40.4999  -124.3293     18.950   0.00    0.00    0.00   0.00     101698
20200906  13464566   40.4999  -124.3293     18.950   0.00    0.00    0.00   0.00     101699
20200909  15481184   40.4999  -124.3293     18.950   0.00    0.00    0.00   0.00     101700
20200910  18142294   40.4999  -124.3293     18.950   0.00    0.00    0.00   0.00     101701
20200910   5341594   40.4999  -124.3293     18.950   0.00    0.00    0.00   0.00     101702
20200910   2175880   40.4999  -124.3293     18.950   0.00    0.00    0.00   0.00     101703
20200914   1275768   40.4999  -124.3293     18.950   0.00    0.00    0.00   0.00     101704
20200915  18274138   40.4999  -124.3293     18.950   0.00    0.00    0.00   0.00     101705
20200916  17112710   40.4999  -124.3293     18.950   0.00    0.00    0.00   0.00     101706
20200917   5273182   40.4999  -124.3293     18.950   0.00    0.00    0.00   0.00     101707
20200924  15461266   40.4999  -124.3293     18.950   0.00    0.00    0.00   0.00     101708
20200924  14185540   40.4999  -124.3293     18.950   0.00    0.00    0.00   0.00     101709
20200926  16300402   40.4999  -124.3293     18.950   0.00    0.00    0.00   0.00     101710
20200926  22061870   40.4999  -124.3293     18.950   0.00    0.00    0.00   0.00     101711
20200926  22063784   40.4999  -124.3293     18.950   0.00    0.00    0.00   0.00     101712
20200928   9521622   40.4999  -124.3293     18.950   0.00    0.00    0.00   0.00     101713
20200928  21060906   40.4999  -124.3293     18.950   0.00    0.00    0.00   0.00     101714
20200929    294482   40.4999  -124.3293     18.950   0.00    0.00    0.00   0.00     101715
20200929  17521586   40.4999  -124.3293     18.950   0.00    0.00    0.00   0.00     101716
20201005   8260300   40.4999  -124.3293     18.950   0.00    0.00    0.00   0.00     101717
20201007  21525822   40.4999  -124.3293     18.950   0.00    0.00    0.00   0.00     101718
20201007  18211890   40.4999  -124.3293     18.950   0.00    0.00    0.00   0.00     101719
20201007  10573044   40.4999  -124.3293     18.950   0.00    0.00    0.00   0.00     101720
20201008   1112612   40.4999  -124.3293     18.950   0.00    0.00    0.00   0.00     101721
20201008   1283146   40.4999  -124.3293     18.950   0.00    0.00    0.00   0.00     101722
20201010   5145258   40.4999  -124.3293     18.950   0.00    0.00    0.00   0.00     101723
20201011   9413318   40.4999  -124.3293     18.950   0.00    0.00    0.00   0.00     101724
20201012   7443638   40.4999  -124.3293     18.950   0.00    0.00    0.00   0.00     101725
20201013  20360876   40.4999  -124.3293     18.950   0.00    0.00    0.00   0.00     101726
20201015  17464692   40.4999  -124.3293     18.950   0.00    0.00    0.00   0.00     101727
20201015  13444800   40.4999  -124.3293     18.950   0.00    0.00    0.00   0.00     101728
20201025   5045872   40.4999  -124.3293     18.950   0.00    0.00    0.00   0.00     101729
20201026  23574430   40.4999  -124.3293     18.950   0.00    0.00    0.00   0.00     101730
20201027   1311910   40.4999  -124.3293     18.950   0.00    0.00    0.00   0.00     101731
20201101   6345718   40.4999  -124.3293     18.950   0.00    0.00    0.00   0.00     101732
20201103   4300400   40.4999  -124.3293     18.950   0.00    0.00    0.00   0.00     101733
20201104  22033106   40.4999  -124.3293     18.950   0.00    0.00    0.00   0.00     101734
20201104  21275696   40.4999  -124.3293     18.950   0.00    0.00    0.00   0.00     101735
20201106  17315122   40.4999  -124.3293     18.950   0.00    0.00    0.00   0.00     101736
20201107  10581774   40.4999  -124.3293     18.950   0.00    0.00    0.00   0.00     101737
20201107   6522734   40.4999  -124.3293     18.950   0.00    0.00    0.00   0.00     101738
20201107    183886   40.4999  -124.3293     18.950   0.00    0.00    0.00   0.00     101739
20201109  13550012   40.4999  -124.3293     18.950   0.00    0.00    0.00   0.00     101740
20201124   1521632   40.4999  -124.3293     18.950   0.00    0.00    0.00   0.00     101741
20201128   9225562   40.4999  -124.3293     18.950   0.00    0.00    0.00   0.00     101742
20201128  19004862   40.4999  -124.3293     18.950   0.00    0.00    0.00   0.00     101743
20201202  17415376   40.4999  -124.3293     18.950   0.00    0.00    0.00   0.00     101744
20201206  10454574   40.4999  -124.3293     18.950   0.00    0.00    0.00   0.00     101745
20201207  12075742   40.4999  -124.3293     18.950   0.00    0.00    0.00   0.00     101746
20201207  11421062   40.4999  -124.3293     18.950   0.00    0.00    0.00   0.00     101747
20201207  12264040   40.4999  -124.3293     18.950   0.00    0.00    0.00   0.00     101748
20201207  11450360   40.4999  -124.3293     18.950   0.00    0.00    0.00   0.00     101749
20201207  21452704   40.4999  -124.3293     18.950   0.00    0.00    0.00   0.00     101750
20201211  21260634   40.4999  -124.3293     18.950   0.00    0.00    0.00   0.00     101751
20201211   5590368   40.4999  -124.3293     18.950   0.00    0.00    0.00   0.00     101752
20201213  13580178   40.4999  -124.3293     18.950   0.00    0.00    0.00   0.00     101753
20201216   2034020   40.4999  -124.3293     18.950   0.00    0.00    0.00   0.00     101754
20201217  23325500   40.4999  -124.3293     18.950   0.00    0.00    0.00   0.00     101755
20201228   8123788   40.4999  -124.3293     18.950   0.00    0.00    0.00   0.00     101756
20201230  15505904   40.4999  -124.3293     18.950   0.00    0.00    0.00   0.00     101757
20210101   1330074   40.4999  -124.3293     18.950   0.00    0.00    0.00   0.00     101758
20210102  16232764   40.4999  -124.3293     18.950   0.00    0.00    0.00   0.00     101759
20210105  21511028   40.4999  -124.3293     18.950   0.00    0.00    0.00   0.00     101760
20210105  19111176   40.4999  -124.3293     18.950   0.00    0.00    0.00   0.00     101761
20210115  12115158   40.4999  -124.3293     18.950   0.00    0.00    0.00   0.00     101762
20210119  20294914   40.4999  -124.3293     18.950   0.00    0.00    0.00   0.00     101763
20210120  13030508   40.4999  -124.3293     18.950   0.00    0.00    0.00   0.00     101764
20210121  17232000   40.4999  -124.3293     18.950   0.00    0.00    0.00   0.00     101765
20210123  21471950   40.4999  -124.3293     18.950   0.00    0.00    0.00   0.00     101766
20210123   8191482   40.4999  -124.3293     18.950   0.00    0.00    0.00   0.00     101767
20210205    564194   40.4999  -124.3293     18.950   0.00    0.00    0.00   0.00     101768
20210206  17002516   40.4999  -124.3293     18.950   0.00    0.00    0.00   0.00     101769
20210207  10595930   40.4999  -124.3293     18.950   0.00    0.00    0.00   0.00     101770
20210209   4515708   40.4999  -124.3293     18.950   0.00    0.00    0.00   0.00     101771
20210209  14473662   40.4999  -124.3293     18.950   0.00    0.00    0.00   0.00     101772
20210212  17235816   40.4999  -124.3293     18.950   0.00    0.00    0.00   0.00     101773
20210212  17333160   40.4999  -124.3293     18.950   0.00    0.00    0.00   0.00     101774
20210212  17492212   40.4999  -124.3293     18.950   0.00    0.00    0.00   0.00     101775
20210217  16432806   40.4999  -124.3293     18.950   0.00    0.00    0.00   0.00     101776
20210218   6475118   40.4999  -124.3293     18.950   0.00    0.00    0.00   0.00     101777
20210219   2395046   40.4999  -124.3293     18.950   0.00    0.00    0.00   0.00     101778
20210221  14330582   40.4999  -124.3293     18.950   0.00    0.00    0.00   0.00     101779
20210223  16411746   40.4999  -124.3293     18.950   0.00    0.00    0.00   0.00     101780
20210228  18470538   40.4999  -124.3293     18.950   0.00    0.00    0.00   0.00     101781
20210303   8550474   40.4999  -124.3293     18.950   0.00    0.00    0.00   0.00     101782
20210316  20031954   40.4999  -124.3293     18.950   0.00    0.00    0.00   0.00     101783
20210327   9212028   40.4999  -124.3293     18.950   0.00    0.00    0.00   0.00     101784
20210329  13194350   40.4999  -124.3293     18.950   0.00    0.00    0.00   0.00     101785
20210330  20450704   40.4999  -124.3293     18.950   0.00    0.00    0.00   0.00     101786
20210330  18511530   40.4999  -124.3293     18.950   0.00    0.00    0.00   0.00     101787
20210331  16074186   40.4999  -124.3293     18.950   0.00    0.00    0.00   0.00     101788
20210331  16254994   40.4999  -124.3293     18.950   0.00    0.00    0.00   0.00     101789
20210403  19090254   40.4999  -124.3293     18.950   0.00    0.00    0.00   0.00     101790
20210417  19430580   40.4999  -124.3293     18.950   0.00    0.00    0.00   0.00     101791
20210417  15472600   40.4999  -124.3293     18.950   0.00    0.00    0.00   0.00     101792
20210417   9070732   40.4999  -124.3293     18.950   0.00    0.00    0.00   0.00     101793
20210417  19552918   40.4999  -124.3293     18.950   0.00    0.00    0.00   0.00     101794
20210418    584652   40.4999  -124.3293     18.950   0.00    0.00    0.00   0.00     101795
20210418  19125264   40.4999  -124.3293     18.950   0.00    0.00    0.00   0.00     101796
20210418   8503434   40.4999  -124.3293     18.950   0.00    0.00    0.00   0.00     101797
20210418   5065292   40.4999  -124.3293     18.950   0.00    0.00    0.00   0.00     101798
20210425  22420040   40.4999  -124.3293     18.950   0.00    0.00    0.00   0.00     101799
20210503   9131570   40.4999  -124.3293     18.950   0.00    0.00    0.00   0.00     101800
20210525  21545660   40.4999  -124.3293     18.950   0.00    0.00    0.00   0.00     101801
20210531  22394108   40.4999  -124.3293     18.950   0.00    0.00    0.00   0.00     101802
20210601   8222474   40.4999  -124.3293     18.950   0.00    0.00    0.00   0.00     101803
20210602  10362452   40.4999  -124.3293     18.950   0.00    0.00    0.00   0.00     101804
20210602  10323832   40.4999  -124.3293     18.950   0.00    0.00    0.00   0.00     101805
20210603   6093188   40.4999  -124.3293     18.950   0.00    0.00    0.00   0.00     101806
20210606   6073386   40.4999  -124.3293     18.950   0.00    0.00    0.00   0.00     101807
20210609  11275190   40.4999  -124.3293     18.950   0.00    0.00    0.00   0.00     101808
20210610   1045212   40.4999  -124.3293     18.950   0.00    0.00    0.00   0.00     101809
20210610   6171272   40.4999  -124.3293     18.950   0.00    0.00    0.00   0.00     101810
20210617   9390224   40.4999  -124.3293     18.950   0.00    0.00    0.00   0.00     101811
20210618  22303106   40.4999  -124.3293     18.950   0.00    0.00    0.00   0.00     101812
20210625   3264718   40.4999  -124.3293     18.950   0.00    0.00    0.00   0.00     101813
20210629   9360972   40.4999  -124.3293     18.950   0.00    0.00    0.00   0.00     101814
20210630  19265724   40.4999  -124.3293     18.950   0.00    0.00    0.00   0.00     101815
20210630  19252546   40.4999  -124.3293     18.950   0.00    0.00    0.00   0.00     101816
20210630  19334278   40.4999  -124.3293     18.950   0.00    0.00    0.00   0.00     101817
20210630  19293100   40.4999  -124.3293     18.950   0.00    0.00    0.00   0.00     101818
20210630  22282034   40.4999  -124.3293     18.950   0.00    0.00    0.00   0.00     101819
20210630  21190570   40.4999  -124.3293     18.950   0.00    0.00    0.00   0.00     101820
20210701   7070560   40.4999  -124.3293     18.950   0.00    0.00    0.00   0.00     101821
20210701   7164424   40.4999  -124.3293     18.950   0.00    0.00    0.00   0.00     101822
20210701  16271766   40.4999  -124.3293     18.950   0.00    0.00    0.00   0.00     101823
20210702   4235246   40.4999  -124.3293     18.950   0.00    0.00    0.00   0.00     101824
20210702  19043632   40.4999  -124.3293     18.950   0.00    0.00    0.00   0.00     101825
20210702  19074862   40.4999  -124.3293     18.950   0.00    0.00    0.00   0.00     101826
20210702  19320936   40.4999  -124.3293     18.950   0.00    0.00    0.00   0.00     101827
20210703  20004364   40.4999  -124.3293     18.950   0.00    0.00    0.00   0.00     101828
20210704   3062766   40.4999  -124.3293     18.950   0.00    0.00    0.00   0.00     101829
20210705  10001466   40.4999  -124.3293     18.950   0.00    0.00    0.00   0.00     101830
20210707    195542   40.4999  -124.3293     18.950   0.00    0.00    0.00   0.00     101831
20210707  19262062   40.4999  -124.3293     18.950   0.00    0.00    0.00   0.00     101832
20210707    402238   40.4999  -124.3293     18.950   0.00    0.00    0.00   0.00     101833
20210707   1521790   40.4999  -124.3293     18.950   0.00    0.00    0.00   0.00     101834
20210707  17451396   40.4999  -124.3293     18.950   0.00    0.00    0.00   0.00     101835
20210708  18380684   40.4999  -124.3293     18.950   0.00    0.00    0.00   0.00     101836
20210708  12000494   40.4999  -124.3293     18.950   0.00    0.00    0.00   0.00     101837
20210709  14113126   40.4999  -124.3293     18.950   0.00    0.00    0.00   0.00     101838
20210710  16094250   40.4999  -124.3293     18.950   0.00    0.00    0.00   0.00     101839
20210712  13575470   40.4999  -124.3293     18.950   0.00    0.00    0.00   0.00     101840
20210712  10370520   40.4999  -124.3293     18.950   0.00    0.00    0.00   0.00     101841
20210712  12172440   40.4999  -124.3293     18.950   0.00    0.00    0.00   0.00     101842
20210712  12180230   40.4999  -124.3293     18.950   0.00    0.00    0.00   0.00     101843
20210720   8072886   40.4999  -124.3293     18.950   0.00    0.00    0.00   0.00     101844
20210722   7493346   40.4999  -124.3293     18.950   0.00    0.00    0.00   0.00     101845
20210725  10282782   40.4999  -124.3293     18.950   0.00    0.00    0.00   0.00     101846
20210729   7373296   40.4999  -124.3293     18.950   0.00    0.00    0.00   0.00     101847
20210810  19251370   40.4999  -124.3293     18.950   0.00    0.00    0.00   0.00     101848
20210810  19291664   40.4999  -124.3293     18.950   0.00    0.00    0.00   0.00     101849
20210810   6450208   40.4999  -124.3293     18.950   0.00    0.00    0.00   0.00     101850
20210811  11074676   40.4999  -124.3293     18.950   0.00    0.00    0.00   0.00     101851
20210811   1294556   40.4999  -124.3293     18.950   0.00    0.00    0.00   0.00     101852
20210812   4273954   40.4999  -124.3293     18.950   0.00    0.00    0.00   0.00     101853
20210816   7260570   40.4999  -124.3293     18.950   0.00    0.00    0.00   0.00     101854
20210819  13090102   40.4999  -124.3293     18.950   0.00    0.00    0.00   0.00     101855
20210826  21300374   40.4999  -124.3293     18.950   0.00    0.00    0.00   0.00     101856
20210826  21531122   40.4999  -124.3293     18.950   0.00    0.00    0.00   0.00     101857
20210907  18420962   40.4999  -124.3293     18.950   0.00    0.00    0.00   0.00     101858
20210907   8553394   40.4999  -124.3293     18.950   0.00    0.00    0.00   0.00     101859
20210908   5195866   40.4999  -124.3293     18.950   0.00    0.00    0.00   0.00     101860
20210910  18050948   40.4999  -124.3293     18.950   0.00    0.00    0.00   0.00     101861
20210911   3324662   40.4999  -124.3293     18.950   0.00    0.00    0.00   0.00     101862
20210924   3425976   40.4999  -124.3293     18.950   0.00    0.00    0.00   0.00     101863
20210930   8172224   40.4999  -124.3293     18.950   0.00    0.00    0.00   0.00     101864
20211001  17540662   40.4999  -124.3293     18.950   0.00    0.00    0.00   0.00     101865
20211004  16285454   40.4999  -124.3293     18.950   0.00    0.00    0.00   0.00     101866
20211004  20553000   40.4999  -124.3293     18.950   0.00    0.00    0.00   0.00     101867
20211004   1004266   40.4999  -124.3293     18.950   0.00    0.00    0.00   0.00     101868
20211012   7433822   40.4999  -124.3293     18.950   0.00    0.00    0.00   0.00     101869
20211012  14171140   40.4999  -124.3293     18.950   0.00    0.00    0.00   0.00     101870
20211013   8361188   40.4999  -124.3293     18.950   0.00    0.00    0.00   0.00     101871
20211013    534986   40.4999  -124.3293     18.950   0.00    0.00    0.00   0.00     101872
20211015     83766   40.4999  -124.3293     18.950   0.00    0.00    0.00   0.00     101873
20211015   1183112   40.4999  -124.3293     18.950   0.00    0.00    0.00   0.00     101874
20211016  11210952   40.4999  -124.3293     18.950   0.00    0.00    0.00   0.00     101875
20211019   2284026   40.4999  -124.3293     18.950   0.00    0.00    0.00   0.00     101876
20211024   3280292   40.4999  -124.3293     18.950   0.00    0.00    0.00   0.00     101877
20211029  22333846   40.4999  -124.3293     18.950   0.00    0.00    0.00   0.00     101878
20211109   5364356   40.4999  -124.3293     18.950   0.00    0.00    0.00   0.00     101879
20211112   6092772   40.4999  -124.3293     18.950   0.00    0.00    0.00   0.00     101880
20211112   2172502   40.4999  -124.3293     18.950   0.00    0.00    0.00   0.00     101881
20211121  14134058   40.4999  -124.3293     18.950   0.00    0.00    0.00   0.00     101882
20211122  12012152   40.4999  -124.3293     18.950   0.00    0.00    0.00   0.00     101883
20211124  12265812   40.4999  -124.3293     18.950   0.00    0.00    0.00   0.00     101884
20211125   9133640   40.4999  -124.3293     18.950   0.00    0.00    0.00   0.00     101885
20211129   2053640   40.4999  -124.3293     18.950   0.00    0.00    0.00   0.00     101886
20211201  12212536   40.4999  -124.3293     18.950   0.00    0.00    0.00   0.00     101887
20211203  11160432   40.4999  -124.3293     18.950   0.00    0.00    0.00   0.00     101888
20211211   8241024   40.4999  -124.3293     18.950   0.00    0.00    0.00   0.00     101889
20211217  12070770   40.4999  -124.3293     18.950   0.00    0.00    0.00   0.00     101890
20211217   4153312   40.4999  -124.3293     18.950   0.00    0.00    0.00   0.00     101891
20211218  19124690   40.4999  -124.3293     18.950   0.00    0.00    0.00   0.00     101892
20211218   9000380   40.4999  -124.3293     18.950   0.00    0.00    0.00   0.00     101893
20211218  12140568   40.4999  -124.3293     18.950   0.00    0.00    0.00   0.00     101894
20211218  10260672   40.4999  -124.3293     18.950   0.00    0.00    0.00   0.00     101895
20211218   8400040   40.4999  -124.3293     18.950   0.00    0.00    0.00   0.00     101896
20211220  23214062   40.4999  -124.3293     18.950   0.00    0.00    0.00   0.00     101897
20211220  23083004   40.4999  -124.3293     18.950   0.00    0.00    0.00   0.00     101898
20211220   2521636   40.4999  -124.3293     18.950   0.00    0.00    0.00   0.00     101899
20211220  21200150   40.4999  -124.3293     18.950   0.00    0.00    0.00   0.00     101900
20211220  20205424   40.4999  -124.3293     18.950   0.00    0.00    0.00   0.00     101901
20211221    280292   40.4999  -124.3293     18.950   0.00    0.00    0.00   0.00     101902
20211221     65722   40.4999  -124.3293     18.950   0.00    0.00    0.00   0.00     101903
20211221  11101312   40.4999  -124.3293     18.950   0.00    0.00    0.00   0.00     101904
20211221     53238   40.4999  -124.3293     18.950   0.00    0.00    0.00   0.00     101905
20211221  16055584   40.4999  -124.3293     18.950   0.00    0.00    0.00   0.00     101906
20211221    322380   40.4999  -124.3293     18.950   0.00    0.00    0.00   0.00     101907
20211221  14113304   40.4999  -124.3293     18.950   0.00    0.00    0.00   0.00     101908
20211221    141118   40.4999  -124.3293     18.950   0.00    0.00    0.00   0.00     101909
20211221   4554902   40.4999  -124.3293     18.950   0.00    0.00    0.00   0.00     101910
20211221  17334946   40.4999  -124.3293     18.950   0.00    0.00    0.00   0.00     101911
20211221  11222528   40.4999  -124.3293     18.950   0.00    0.00    0.00   0.00     101912
20211221   9401404   40.4999  -124.3293     18.950   0.00    0.00    0.00   0.00     101913
20211221  15121652   40.4999  -124.3293     18.950   0.00    0.00    0.00   0.00     101914
20211221   3105600   40.4999  -124.3293     18.950   0.00    0.00    0.00   0.00     101915
20211221    372576   40.4999  -124.3293     18.950   0.00    0.00    0.00   0.00     101916
20211221  16395236   40.4999  -124.3293     18.950   0.00    0.00    0.00   0.00     101917
20211221   5444976   40.4999  -124.3293     18.950   0.00    0.00    0.00   0.00     101918
20211221  13494806   40.4999  -124.3293     18.950   0.00    0.00    0.00   0.00     101919
20211222   4533340   40.4999  -124.3293     18.950   0.00    0.00    0.00   0.00     101920
20211222  13405224   40.4999  -124.3293     18.950   0.00    0.00    0.00   0.00     101921
20211222  20521794   40.4999  -124.3293     18.950   0.00    0.00    0.00   0.00     101922
20211222  13230138   40.4999  -124.3293     18.950   0.00    0.00    0.00   0.00     101923
20211222   2253194   40.4999  -124.3293     18.950   0.00    0.00    0.00   0.00     101924
20211222  20243032   40.4999  -124.3293     18.950   0.00    0.00    0.00   0.00     101925
20211222    334826   40.4999  -124.3293     18.950   0.00    0.00    0.00   0.00     101926
20211223  12394742   40.4999  -124.3293     18.950   0.00    0.00    0.00   0.00     101927
20211223  17275942   40.4999  -124.3293     18.950   0.00    0.00    0.00   0.00     101928
20211224   3150524   40.4999  -124.3293     18.950   0.00    0.00    0.00   0.00     101929
20211224   4482390   40.4999  -124.3293     18.950   0.00    0.00    0.00   0.00     101930
20211226    163060   40.4999  -124.3293     18.950   0.00    0.00    0.00   0.00     101931
20211228   7210732   40.4999  -124.3293     18.950   0.00    0.00    0.00   0.00     101932
20211228  17191530   40.4999  -124.3293     18.950   0.00    0.00    0.00   0.00     101933
20211228  22405276   40.4999  -124.3293     18.950   0.00    0.00    0.00   0.00     101934
20211229   1221798   40.4999  -124.3293     18.950   0.00    0.00    0.00   0.00     101935
20211229  16512998   40.4999  -124.3293     18.950   0.00    0.00    0.00   0.00     101936
20211230   1013084   40.4999  -124.3293     18.950   0.00    0.00    0.00   0.00     101937
20211231  21080896   40.4999  -124.3293     18.950   0.00    0.00    0.00   0.00     101938
20211231  13461196   40.4999  -124.3293     18.950   0.00    0.00    0.00   0.00     101939
20211231  23201518   40.4999  -124.3293     18.950   0.00    0.00    0.00   0.00     101940
20211231  23360480   40.4999  -124.3293     18.950   0.00    0.00    0.00   0.00     101941
20211231  10260308   40.4999  -124.3293     18.950   0.00    0.00    0.00   0.00     101942
20220101  16312268   40.4999  -124.3293     18.950   0.00    0.00    0.00   0.00     101943
20220101   6054874   40.4999  -124.3293     18.950   0.00    0.00    0.00   0.00     101944
20220101  15063000   40.4999  -124.3293     18.950   0.00    0.00    0.00   0.00     101945
20220101   6531764   40.4999  -124.3293     18.950   0.00    0.00    0.00   0.00     101946
20220101   3461632   40.4999  -124.3293     18.950   0.00    0.00    0.00   0.00     101947
20220101   1524398   40.4999  -124.3293     18.950   0.00    0.00    0.00   0.00     101948
20220101   1465748   40.4999  -124.3293     18.950   0.00    0.00    0.00   0.00     101949
20220101  11490952   40.4999  -124.3293     18.950   0.00    0.00    0.00   0.00     101950
20220101   1532384   40.4999  -124.3293     18.950   0.00    0.00    0.00   0.00     101951
20220101   1483490   40.4999  -124.3293     18.950   0.00    0.00    0.00   0.00     101952
20220101   9410892   40.4999  -124.3293     18.950   0.00    0.00    0.00   0.00     101953
20220101   2025652   40.4999  -124.3293     18.950   0.00    0.00    0.00   0.00     101954
20220101   4121574   40.4999  -124.3293     18.950   0.00    0.00    0.00   0.00     101955
20220101   3053720   40.4999  -124.3293     18.950   0.00    0.00    0.00   0.00     101956
20220101   2010398   40.4999  -124.3293     18.950   0.00    0.00    0.00   0.00     101957
20220101  13491108   40.4999  -124.3293     18.950   0.00    0.00    0.00   0.00     101958
20220101    184386   40.4999  -124.3293     18.950   0.00    0.00    0.00   0.00     101959
20220101  16055134   40.4999  -124.3293     18.950   0.00    0.00    0.00   0.00     101960
20220101    351582   40.4999  -124.3293     18.950   0.00    0.00    0.00   0.00     101961
20220101   8192506   40.4999  -124.3293     18.950   0.00    0.00    0.00   0.00     101962
20220102  13571696   40.4999  -124.3293     18.950   0.00    0.00    0.00   0.00     101963
20220102  16042694   40.4999  -124.3293     18.950   0.00    0.00    0.00   0.00     101964
20220102   6490898   40.4999  -124.3293     18.950   0.00    0.00    0.00   0.00     101965
20220102   1535308   40.4999  -124.3293     18.950   0.00    0.00    0.00   0.00     101966
20220102   3420848   40.4999  -124.3293     18.950   0.00    0.00    0.00   0.00     101967
20220102  16104474   40.4999  -124.3293     18.950   0.00    0.00    0.00   0.00     101968
20220102  16025664   40.4999  -124.3293     18.950   0.00    0.00    0.00   0.00     101969
20220102   6493442   40.4999  -124.3293     18.950   0.00    0.00    0.00   0.00     101970
20220103   2164750   40.4999  -124.3293     18.950   0.00    0.00    0.00   0.00     101971
20220103   2525778   40.4999  -124.3293     18.950   0.00    0.00    0.00   0.00     101972
20220105  23532882   40.4999  -124.3293     18.950   0.00    0.00    0.00   0.00     101973
20220105  20510022   40.4999  -124.3293     18.950   0.00    0.00    0.00   0.00     101974
20220105  16530204   40.4999  -124.3293     18.950   0.00    0.00    0.00   0.00     101975
20220105  21403748   40.4999  -124.3293     18.950   0.00    0.00    0.00   0.00     101976
20220105  22024306   40.4999  -124.3293     18.950   0.00    0.00    0.00   0.00     101977
20220105  22053994   40.4999  -124.3293     18.950   0.00    0.00    0.00   0.00     101978
20220106   4072808   40.4999  -124.3293     18.950   0.00    0.00    0.00   0.00     101979
20220106  22552140   40.4999  -124.3293     18.950   0.00    0.00    0.00   0.00     101980
20220108   7412148   40.4999  -124.3293     18.950   0.00    0.00    0.00   0.00     101981
20220108  14273478   40.4999  -124.3293     18.950   0.00    0.00    0.00   0.00     101982
20220109  21372988   40.4999  -124.3293     18.950   0.00    0.00    0.00   0.00     101983
20220109   6290918   40.4999  -124.3293     18.950   0.00    0.00    0.00   0.00     101984
20220110  11284992   40.4999  -124.3293     18.950   0.00    0.00    0.00   0.00     101985
20220113    220858   40.4999  -124.3293     18.950   0.00    0.00    0.00   0.00     101986
20220113   4591668   40.4999  -124.3293     18.950   0.00    0.00    0.00   0.00     101987
20220115   1365246   40.4999  -124.3293     18.950   0.00    0.00    0.00   0.00     101988
20220116  14392858   40.4999  -124.3293     18.950   0.00    0.00    0.00   0.00     101989
20220116  12304938   40.4999  -124.3293     18.950   0.00    0.00    0.00   0.00     101990
20220117  14454900   40.4999  -124.3293     18.950   0.00    0.00    0.00   0.00     101991
20220118  19191774   40.4999  -124.3293     18.950   0.00    0.00    0.00   0.00     101992
20220119  18580676   40.4999  -124.3293     18.950   0.00    0.00    0.00   0.00     101993
20220121  12065740   40.4999  -124.3293     18.950   0.00    0.00    0.00   0.00     101994
20220121  23055420   40.4999  -124.3293     18.950   0.00    0.00    0.00   0.00     101995
20220121   6464564   40.4999  -124.3293     18.950   0.00    0.00    0.00   0.00     101996
20220123  17262438   40.4999  -124.3293     18.950   0.00    0.00    0.00   0.00     101997
20220125  13110996   40.4999  -124.3293     18.950   0.00    0.00    0.00   0.00     101998
20220126  19142342   40.4999  -124.3293     18.950   0.00    0.00    0.00   0.00     101999
20220126  20013676   40.4999  -124.3293     18.950   0.00    0.00    0.00   0.00     102000
20220127  14144256   40.4999  -124.3293     18.950   0.00    0.00    0.00   0.00     102001
20220127  13130614   40.4999  -124.3293     18.950   0.00    0.00    0.00   0.00     102002
20220127   8273192   40.4999  -124.3293     18.950   0.00    0.00    0.00   0.00     102003
20220127  22131580   40.4999  -124.3293     18.950   0.00    0.00    0.00   0.00     102004
20220127   6502132   40.4999  -124.3293     18.950   0.00    0.00    0.00   0.00     102005
20220127  21110376   40.4999  -124.3293     18.950   0.00    0.00    0.00   0.00     102006
20220127  21161354   40.4999  -124.3293     18.950   0.00    0.00    0.00   0.00     102007
20220127  21554204   40.4999  -124.3293     18.950   0.00    0.00    0.00   0.00     102008
20220130  16211828   40.4999  -124.3293     18.950   0.00    0.00    0.00   0.00     102009
20220202  18373534   40.4999  -124.3293     18.950   0.00    0.00    0.00   0.00     102010
20220203   6140108   40.4999  -124.3293     18.950   0.00    0.00    0.00   0.00     102011
20220205   3552576   40.4999  -124.3293     18.950   0.00    0.00    0.00   0.00     102012
20220206  10443642   40.4999  -124.3293     18.950   0.00    0.00    0.00   0.00     102013
20220208   2041256   40.4999  -124.3293     18.950   0.00    0.00    0.00   0.00     102014
20220208  22394674   40.4999  -124.3293     18.950   0.00    0.00    0.00   0.00     102015
20220213   5351630   40.4999  -124.3293     18.950   0.00    0.00    0.00   0.00     102016
20220214   7292046   40.4999  -124.3293     18.950   0.00    0.00    0.00   0.00     102017
20220214   5075588   40.4999  -124.3293     18.950   0.00    0.00    0.00   0.00     102018
20220216  17155430   40.4999  -124.3293     18.950   0.00    0.00    0.00   0.00     102019
20220217  23164254   40.4999  -124.3293     18.950   0.00    0.00    0.00   0.00     102020
20220218  15333890   40.4999  -124.3293     18.950   0.00    0.00    0.00   0.00     102021
20220219   1170228   40.4999  -124.3293     18.950   0.00    0.00    0.00   0.00     102022
20220219   2244848   40.4999  -124.3293     18.950   0.00    0.00    0.00   0.00     102023
20220221  22531028   40.4999  -124.3293     18.950   0.00    0.00    0.00   0.00     102024
20220221  19190962   40.4999  -124.3293     18.950   0.00    0.00    0.00   0.00     102025
20220222  15564638   40.4999  -124.3293     18.950   0.00    0.00    0.00   0.00     102026
20220222  22335938   40.4999  -124.3293     18.950   0.00    0.00    0.00   0.00     102027
20220224  10414626   40.4999  -124.3293     18.950   0.00    0.00    0.00   0.00     102028
20220225  23073308   40.4999  -124.3293     18.950   0.00    0.00    0.00   0.00     102029
20220225  16060532   40.4999  -124.3293     18.950   0.00    0.00    0.00   0.00     102030
20220228   4571710   40.4999  -124.3293     18.950   0.00    0.00    0.00   0.00     102031
20220228   1112392   40.4999  -124.3293     18.950   0.00    0.00    0.00   0.00     102032
20220301  19004328   40.4999  -124.3293     18.950   0.00    0.00    0.00   0.00     102033
20220305   7244728   40.4999  -124.3293     18.950   0.00    0.00    0.00   0.00     102034
20220306  14412716   40.4999  -124.3293     18.950   0.00    0.00    0.00   0.00     102035
20220308  10433208   40.4999  -124.3293     18.950   0.00    0.00    0.00   0.00     102036
20220308  15053828   40.4999  -124.3293     18.950   0.00    0.00    0.00   0.00     102037
20220309  23012390   40.4999  -124.3293     18.950   0.00    0.00    0.00   0.00     102038
20220309  12434708   40.4999  -124.3293     18.950   0.00    0.00    0.00   0.00     102039
20220310  23312228   40.4999  -124.3293     18.950   0.00    0.00    0.00   0.00     102040
20220311   3551734   40.4999  -124.3293     18.950   0.00    0.00    0.00   0.00     102041
20220314  21202730   40.4999  -124.3293     18.950   0.00    0.00    0.00   0.00     102042
20220318   1494640   40.4999  -124.3293     18.950   0.00    0.00    0.00   0.00     102043
20220319  22283770   40.4999  -124.3293     18.950   0.00    0.00    0.00   0.00     102044
20220320  14295046   40.4999  -124.3293     18.950   0.00    0.00    0.00   0.00     102045
20220320  20501752   40.4999  -124.3293     18.950   0.00    0.00    0.00   0.00     102046
20220321  15251434   40.4999  -124.3293     18.950   0.00    0.00    0.00   0.00     102047
20220321  13592360   40.4999  -124.3293     18.950   0.00    0.00    0.00   0.00     102048
20220323  12320300   40.4999  -124.3293     18.950   0.00    0.00    0.00   0.00     102049
20220323  20081998   40.4999  -124.3293     18.950   0.00    0.00    0.00   0.00     102050
20220325   4230666   40.4999  -124.3293     18.950   0.00    0.00    0.00   0.00     102051
20220329  23380980   40.4999  -124.3293     18.950   0.00    0.00    0.00   0.00     102052
20220330   8354472   40.4999  -124.3293     18.950   0.00    0.00    0.00   0.00     102053
20220402   3331528   40.4999  -124.3293     18.950   0.00    0.00    0.00   0.00     102054
20220407  11100960   40.4999  -124.3293     18.950   0.00    0.00    0.00   0.00     102055
20220409  19531160   40.4999  -124.3293     18.950   0.00    0.00    0.00   0.00     102056
20220409  14381942   40.4999  -124.3293     18.950   0.00    0.00    0.00   0.00     102057
20220410   8300700   40.4999  -124.3293     18.950   0.00    0.00    0.00   0.00     102058
20220411   4532360   40.4999  -124.3293     18.950   0.00    0.00    0.00   0.00     102059
20220413   9173004   40.4999  -124.3293     18.950   0.00    0.00    0.00   0.00     102060
20220413   9320626   40.4999  -124.3293     18.950   0.00    0.00    0.00   0.00     102061
20220414   8402230   40.4999  -124.3293     18.950   0.00    0.00    0.00   0.00     102062
20220415  19185346   40.4999  -124.3293     18.950   0.00    0.00    0.00   0.00     102063
20220415   5245936   40.4999  -124.3293     18.950   0.00    0.00    0.00   0.00     102064
20220415  14222914   40.4999  -124.3293     18.950   0.00    0.00    0.00   0.00     102065
20220416   6252270   40.4999  -124.3293     18.950   0.00    0.00    0.00   0.00     102066
20220417   5285388   40.4999  -124.3293     18.950   0.00    0.00    0.00   0.00     102067
20220418    292084   40.4999  -124.3293     18.950   0.00    0.00    0.00   0.00     102068
20220418  12124638   40.4999  -124.3293     18.950   0.00    0.00    0.00   0.00     102069
20220419  10344576   40.4999  -124.3293     18.950   0.00    0.00    0.00   0.00     102070
20220420   3043278   40.4999  -124.3293     18.950   0.00    0.00    0.00   0.00     102071
20220424  21402714   40.4999  -124.3293     18.950   0.00    0.00    0.00   0.00     102072
20220425  10231806   40.4999  -124.3293     18.950   0.00    0.00    0.00   0.00     102073
20220427   6193064   40.4999  -124.3293     18.950   0.00    0.00    0.00   0.00     102074
20220427   3125836   40.4999  -124.3293     18.950   0.00    0.00    0.00   0.00     102075
20220427  16212534   40.4999  -124.3293     18.950   0.00    0.00    0.00   0.00     102076
20220428   5575550   40.4999  -124.3293     18.950   0.00    0.00    0.00   0.00     102077
20220428  18451072   40.4999  -124.3293     18.950   0.00    0.00    0.00   0.00     102078
20220510  13050742   40.4999  -124.3293     18.950   0.00    0.00    0.00   0.00     102079
20220511   1321318   40.4999  -124.3293     18.950   0.00    0.00    0.00   0.00     102080
20220511  10370100   40.4999  -124.3293     18.950   0.00    0.00    0.00   0.00     102081
20220511  18364526   40.4999  -124.3293     18.950   0.00    0.00    0.00   0.00     102082
20220513   1400124   40.4999  -124.3293     18.950   0.00    0.00    0.00   0.00     102083
20220515  14232374   40.4999  -124.3293     18.950   0.00    0.00    0.00   0.00     102084
20220516  10491550   40.4999  -124.3293     18.950   0.00    0.00    0.00   0.00     102085
20220517  21302466   40.4999  -124.3293     18.950   0.00    0.00    0.00   0.00     102086
20220517  22061024   40.4999  -124.3293     18.950   0.00    0.00    0.00   0.00     102087
20220518   8193944   40.4999  -124.3293     18.950   0.00    0.00    0.00   0.00     102088
20220520  16203928   40.4999  -124.3293     18.950   0.00    0.00    0.00   0.00     102089
20220526  14060012   40.4999  -124.3293     18.950   0.00    0.00    0.00   0.00     102090
20220526   3242952   40.4999  -124.3293     18.950   0.00    0.00    0.00   0.00     102091
20220527   9141974   40.4999  -124.3293     18.950   0.00    0.00    0.00   0.00     102092
20220528   7224772   40.4999  -124.3293     18.950   0.00    0.00    0.00   0.00     102093
20220529  13555590   40.4999  -124.3293     18.950   0.00    0.00    0.00   0.00     102094
20220529  13400056   40.4999  -124.3293     18.950   0.00    0.00    0.00   0.00     102095
20220602  20544638   40.4999  -124.3293     18.950   0.00    0.00    0.00   0.00     102096
20220603   9032538   40.4999  -124.3293     18.950   0.00    0.00    0.00   0.00     102097
20220605   2470810   40.4999  -124.3293     18.950   0.00    0.00    0.00   0.00     102098
20220606   8302940   40.4999  -124.3293     18.950   0.00    0.00    0.00   0.00     102099
20220607  13263218   40.4999  -124.3293     18.950   0.00    0.00    0.00   0.00     102100
20220609   6473702   40.4999  -124.3293     18.950   0.00    0.00    0.00   0.00     102101
20220614  18554804   40.4999  -124.3293     18.950   0.00    0.00    0.00   0.00     102102
20220622   9304042   40.4999  -124.3293     18.950   0.00    0.00    0.00   0.00     102103
20220622  13361922   40.4999  -124.3293     18.950   0.00    0.00    0.00   0.00     102104
20220624  13295936   40.4999  -124.3293     18.950   0.00    0.00    0.00   0.00     102105
20220628   9453536   40.4999  -124.3293     18.950   0.00    0.00    0.00   0.00     102106
20220701  12074528   40.4999  -124.3293     18.950   0.00    0.00    0.00   0.00     102107
20220702  10001434   40.4999  -124.3293     18.950   0.00    0.00    0.00   0.00     102108
20220704    392390   40.4999  -124.3293     18.950   0.00    0.00    0.00   0.00     102109
20220705   3230496   40.4999  -124.3293     18.950   0.00    0.00    0.00   0.00     102110
20220710  23292836   40.4999  -124.3293     18.950   0.00    0.00    0.00   0.00     102111
20220714    304120   40.4999  -124.3293     18.950   0.00    0.00    0.00   0.00     102112
20220717  11351406   40.4999  -124.3293     18.950   0.00    0.00    0.00   0.00     102113
20220721  13250174   40.4999  -124.3293     18.950   0.00    0.00    0.00   0.00     102114
20220722  15062706   40.4999  -124.3293     18.950   0.00    0.00    0.00   0.00     102115
20220723   5232780   40.4999  -124.3293     18.950   0.00    0.00    0.00   0.00     102116
20220725   4293460   40.4999  -124.3293     18.950   0.00    0.00    0.00   0.00     102117
20220729   7220832   40.4999  -124.3293     18.950   0.00    0.00    0.00   0.00     102118
20220730  14152866   40.4999  -124.3293     18.950   0.00    0.00    0.00   0.00     102119
20220802  10250090   40.4999  -124.3293     18.950   0.00    0.00    0.00   0.00     102120
20220805   2021622   40.4999  -124.3293     18.950   0.00    0.00    0.00   0.00     102121
20220806   5471694   40.4999  -124.3293     18.950   0.00    0.00    0.00   0.00     102122
20220813   6070524   40.4999  -124.3293     18.950   0.00    0.00    0.00   0.00     102123
20220816  12024354   40.4999  -124.3293     18.950   0.00    0.00    0.00   0.00     102124
20220818   3230116   40.4999  -124.3293     18.950   0.00    0.00    0.00   0.00     102125
20220821  11272764   40.4999  -124.3293     18.950   0.00    0.00    0.00   0.00     102126
20220822   4480044   40.4999  -124.3293     18.950   0.00    0.00    0.00   0.00     102127
20220823  11153730   40.4999  -124.3293     18.950   0.00    0.00    0.00   0.00     102128
20220827  13054484   40.4999  -124.3293     18.950   0.00    0.00    0.00   0.00     102129
20220827   9184486   40.4999  -124.3293     18.950   0.00    0.00    0.00   0.00     102130
20220828  15511302   40.4999  -124.3293     18.950   0.00    0.00    0.00   0.00     102131
20220829  18574456   40.4999  -124.3293     18.950   0.00    0.00    0.00   0.00     102132
20220830   9265622   40.4999  -124.3293     18.950   0.00    0.00    0.00   0.00     102133
20220911  22012154   40.4999  -124.3293     18.950   0.00    0.00    0.00   0.00     102134
20220912   8292862   40.4999  -124.3293     18.950   0.00    0.00    0.00   0.00     102135
20220912   3524334   40.4999  -124.3293     18.950   0.00    0.00    0.00   0.00     102136
20220918   1492488   40.4999  -124.3293     18.950   0.00    0.00    0.00   0.00     102137
20220919  17194308   40.4999  -124.3293     18.950   0.00    0.00    0.00   0.00     102138
20220925   8441536   40.4999  -124.3293     18.950   0.00    0.00    0.00   0.00     102139
20220928  16494064   40.4999  -124.3293     18.950   0.00    0.00    0.00   0.00     102140
20221001  13413950   40.4999  -124.3293     18.950   0.00    0.00    0.00   0.00     102141
20221004   5421432   40.4999  -124.3293     18.950   0.00    0.00    0.00   0.00     102142
20221006   8545680   40.4999  -124.3293     18.950   0.00    0.00    0.00   0.00     102143
20221007  18183648   40.4999  -124.3293     18.950   0.00    0.00    0.00   0.00     102144
20221007   7480968   40.4999  -124.3293     18.950   0.00    0.00    0.00   0.00     102145
20221009  16245570   40.4999  -124.3293     18.950   0.00    0.00    0.00   0.00     102146
20221011  18504438   40.4999  -124.3293     18.950   0.00    0.00    0.00   0.00     102147
20221013  13502482   40.4999  -124.3293     18.950   0.00    0.00    0.00   0.00     102148
20221014  17140810   40.4999  -124.3293     18.950   0.00    0.00    0.00   0.00     102149
20221015   8454958   40.4999  -124.3293     18.950   0.00    0.00    0.00   0.00     102150
20221016  23355902   40.4999  -124.3293     18.950   0.00    0.00    0.00   0.00     102151
20221104   5115250   40.4999  -124.3293     18.950   0.00    0.00    0.00   0.00     102152
20221112   3402710   40.4999  -124.3293     18.950   0.00    0.00    0.00   0.00     102153
20221112  14353434   40.4999  -124.3293     18.950   0.00    0.00    0.00   0.00     102154
20221114   8511718   40.4999  -124.3293     18.950   0.00    0.00    0.00   0.00     102155
20221114  16210930   40.4999  -124.3293     18.950   0.00    0.00    0.00   0.00     102156
20221115   9354308   40.4999  -124.3293     18.950   0.00    0.00    0.00   0.00     102157
20221115  17122112   40.4999  -124.3293     18.950   0.00    0.00    0.00   0.00     102158
20221116   5584152   40.4999  -124.3293     18.950   0.00    0.00    0.00   0.00     102159
20221117   1000582   40.4999  -124.3293     18.950   0.00    0.00    0.00   0.00     102160
20221118  22401724   40.4999  -124.3293     18.950   0.00    0.00    0.00   0.00     102161
20221119  19262164   40.4999  -124.3293     18.950   0.00    0.00    0.00   0.00     102162
20221119  11303144   40.4999  -124.3293     18.950   0.00    0.00    0.00   0.00     102163
20221120   8525470   40.4999  -124.3293     18.950   0.00    0.00    0.00   0.00     102164
20221120  16184062   40.4999  -124.3293     18.950   0.00    0.00    0.00   0.00     102165
20221120  12225088   40.4999  -124.3293     18.950   0.00    0.00    0.00   0.00     102166
20221124    533372   40.4999  -124.3293     18.950   0.00    0.00    0.00   0.00     102167
20221125  19121884   40.4999  -124.3293     18.950   0.00    0.00    0.00   0.00     102168
20221128  17414594   40.4999  -124.3293     18.950   0.00    0.00    0.00   0.00     102169
20221128  16124130   40.4999  -124.3293     18.950   0.00    0.00    0.00   0.00     102170
20221129  11361606   40.4999  -124.3293     18.950   0.00    0.00    0.00   0.00     102171
20221129  23433050   40.4999  -124.3293     18.950   0.00    0.00    0.00   0.00     102172
20221129  21291458   40.4999  -124.3293     18.950   0.00    0.00    0.00   0.00     102173
20221130   2080296   40.4999  -124.3293     18.950   0.00    0.00    0.00   0.00     102174
20221130  14080412   40.4999  -124.3293     18.950   0.00    0.00    0.00   0.00     102175
20200104  13115146   40.2770  -124.4786     25.390   0.00    0.00    0.00   0.00     102176
20200401  11465804   40.2770  -124.4786     25.390   0.00    0.00    0.00   0.00     102177
20210930  23123180   40.2770  -124.4786     25.390   0.00    0.00    0.00   0.00     102178
20220428  10581560   40.2770  -124.4786     25.390   0.00    0.00    0.00   0.00     102179
20200104  17242058   40.4467  -124.6542     25.220   0.00    0.00    0.00   0.00     102180
20200108  20271448   40.4467  -124.6542     25.220   0.00    0.00    0.00   0.00     102181
20200115  17423072   40.4467  -124.6542     25.220   0.00    0.00    0.00   0.00     102182
20200115  12505768   40.4467  -124.6542     25.220   0.00    0.00    0.00   0.00     102183
20200117    450968   40.4467  -124.6542     25.220   0.00    0.00    0.00   0.00     102184
20200118  19485362   40.4467  -124.6542     25.220   0.00    0.00    0.00   0.00     102185
20200119  10171992   40.4467  -124.6542     25.220   0.00    0.00    0.00   0.00     102186
20200120  18061268   40.4467  -124.6542     25.220   0.00    0.00    0.00   0.00     102187
20200121   4204348   40.4467  -124.6542     25.220   0.00    0.00    0.00   0.00     102188
20200206   2515382   40.4467  -124.6542     25.220   0.00    0.00    0.00   0.00     102189
20200220   2240300   40.4467  -124.6542     25.220   0.00    0.00    0.00   0.00     102190
20200224  12500938   40.4467  -124.6542     25.220   0.00    0.00    0.00   0.00     102191
20200228   2094796   40.4467  -124.6542     25.220   0.00    0.00    0.00   0.00     102192
20200305  13393566   40.4467  -124.6542     25.220   0.00    0.00    0.00   0.00     102193
20200309  23181036   40.4467  -124.6542     25.220   0.00    0.00    0.00   0.00     102194
20200313  20265454   40.4467  -124.6542     25.220   0.00    0.00    0.00   0.00     102195
20200315  20534538   40.4467  -124.6542     25.220   0.00    0.00    0.00   0.00     102196
20200316  16535098   40.4467  -124.6542     25.220   0.00    0.00    0.00   0.00     102197
20200316  16513570   40.4467  -124.6542     25.220   0.00    0.00    0.00   0.00     102198
20200318  23175218   40.4467  -124.6542     25.220   0.00    0.00    0.00   0.00     102199
20200319   5354578   40.4467  -124.6542     25.220   0.00    0.00    0.00   0.00     102200
20200322  16444878   40.4467  -124.6542     25.220   0.00    0.00    0.00   0.00     102201
20200322  18204908   40.4467  -124.6542     25.220   0.00    0.00    0.00   0.00     102202
20200323  14043712   40.4467  -124.6542     25.220   0.00    0.00    0.00   0.00     102203
20200330  18093878   40.4467  -124.6542     25.220   0.00    0.00    0.00   0.00     102204
20200330  12525668   40.4467  -124.6542     25.220   0.00    0.00    0.00   0.00     102205
20200405   1272324   40.4467  -124.6542     25.220   0.00    0.00    0.00   0.00     102206
20200406  11075178   40.4467  -124.6542     25.220   0.00    0.00    0.00   0.00     102207
20200411  22432204   40.4467  -124.6542     25.220   0.00    0.00    0.00   0.00     102208
20200417  10150620   40.4467  -124.6542     25.220   0.00    0.00    0.00   0.00     102209
20200419  20244334   40.4467  -124.6542     25.220   0.00    0.00    0.00   0.00     102210
20200421  20250744   40.4467  -124.6542     25.220   0.00    0.00    0.00   0.00     102211
20200423  16583662   40.4467  -124.6542     25.220   0.00    0.00    0.00   0.00     102212
20200423  15505762   40.4467  -124.6542     25.220   0.00    0.00    0.00   0.00     102213
20200428  21033940   40.4467  -124.6542     25.220   0.00    0.00    0.00   0.00     102214
20200502  20061952   40.4467  -124.6542     25.220   0.00    0.00    0.00   0.00     102215
20200505  20451436   40.4467  -124.6542     25.220   0.00    0.00    0.00   0.00     102216
20200507  10394048   40.4467  -124.6542     25.220   0.00    0.00    0.00   0.00     102217
20200508   4482788   40.4467  -124.6542     25.220   0.00    0.00    0.00   0.00     102218
20200512  10321826   40.4467  -124.6542     25.220   0.00    0.00    0.00   0.00     102219
20200517  22333558   40.4467  -124.6542     25.220   0.00    0.00    0.00   0.00     102220
20200517  21391758   40.4467  -124.6542     25.220   0.00    0.00    0.00   0.00     102221
20200522   6200904   40.4467  -124.6542     25.220   0.00    0.00    0.00   0.00     102222
20200522  15264470   40.4467  -124.6542     25.220   0.00    0.00    0.00   0.00     102223
20200527  23214762   40.4467  -124.6542     25.220   0.00    0.00    0.00   0.00     102224
20200528   3281600   40.4467  -124.6542     25.220   0.00    0.00    0.00   0.00     102225
20200528  15401298   40.4467  -124.6542     25.220   0.00    0.00    0.00   0.00     102226
20200530  13095010   40.4467  -124.6542     25.220   0.00    0.00    0.00   0.00     102227
20200606  17335624   40.4467  -124.6542     25.220   0.00    0.00    0.00   0.00     102228
20200607  11270098   40.4467  -124.6542     25.220   0.00    0.00    0.00   0.00     102229
20200608   6321566   40.4467  -124.6542     25.220   0.00    0.00    0.00   0.00     102230
20200608   2462152   40.4467  -124.6542     25.220   0.00    0.00    0.00   0.00     102231
20200609   4321140   40.4467  -124.6542     25.220   0.00    0.00    0.00   0.00     102232
20200617   7064032   40.4467  -124.6542     25.220   0.00    0.00    0.00   0.00     102233
20200617  14554406   40.4467  -124.6542     25.220   0.00    0.00    0.00   0.00     102234
20200617   8253658   40.4467  -124.6542     25.220   0.00    0.00    0.00   0.00     102235
20200621   4443152   40.4467  -124.6542     25.220   0.00    0.00    0.00   0.00     102236
20200626  16082322   40.4467  -124.6542     25.220   0.00    0.00    0.00   0.00     102237
20200626  15281326   40.4467  -124.6542     25.220   0.00    0.00    0.00   0.00     102238
20200626   9530782   40.4467  -124.6542     25.220   0.00    0.00    0.00   0.00     102239
20200628   6010090   40.4467  -124.6542     25.220   0.00    0.00    0.00   0.00     102240
20200701  23145772   40.4467  -124.6542     25.220   0.00    0.00    0.00   0.00     102241
20200702   9452878   40.4467  -124.6542     25.220   0.00    0.00    0.00   0.00     102242
20200704  10271118   40.4467  -124.6542     25.220   0.00    0.00    0.00   0.00     102243
20200705   7453328   40.4467  -124.6542     25.220   0.00    0.00    0.00   0.00     102244
20200715  14483864   40.4467  -124.6542     25.220   0.00    0.00    0.00   0.00     102245
20200715   6440598   40.4467  -124.6542     25.220   0.00    0.00    0.00   0.00     102246
20200716  14094236   40.4467  -124.6542     25.220   0.00    0.00    0.00   0.00     102247
20200719  18153558   40.4467  -124.6542     25.220   0.00    0.00    0.00   0.00     102248
20200724  23584654   40.4467  -124.6542     25.220   0.00    0.00    0.00   0.00     102249
20200724  23561688   40.4467  -124.6542     25.220   0.00    0.00    0.00   0.00     102250
20200724  17255690   40.4467  -124.6542     25.220   0.00    0.00    0.00   0.00     102251
20200724  12263562   40.4467  -124.6542     25.220   0.00    0.00    0.00   0.00     102252
20200728  19412366   40.4467  -124.6542     25.220   0.00    0.00    0.00   0.00     102253
20200730  18302844   40.4467  -124.6542     25.220   0.00    0.00    0.00   0.00     102254
20200809   8203506   40.4467  -124.6542     25.220   0.00    0.00    0.00   0.00     102255
20200809   8224674   40.4467  -124.6542     25.220   0.00    0.00    0.00   0.00     102256
20200816  16513492   40.4467  -124.6542     25.220   0.00    0.00    0.00   0.00     102257
20200818  23524892   40.4467  -124.6542     25.220   0.00    0.00    0.00   0.00     102258
20200820  21314614   40.4467  -124.6542     25.220   0.00    0.00    0.00   0.00     102259
20200820  20475208   40.4467  -124.6542     25.220   0.00    0.00    0.00   0.00     102260
20200822   4421108   40.4467  -124.6542     25.220   0.00    0.00    0.00   0.00     102261
20200822  16034152   40.4467  -124.6542     25.220   0.00    0.00    0.00   0.00     102262
20200824  19135104   40.4467  -124.6542     25.220   0.00    0.00    0.00   0.00     102263
20200830   7384602   40.4467  -124.6542     25.220   0.00    0.00    0.00   0.00     102264
20200831   2090368   40.4467  -124.6542     25.220   0.00    0.00    0.00   0.00     102265
20200909  23363224   40.4467  -124.6542     25.220   0.00    0.00    0.00   0.00     102266
20200910    161742   40.4467  -124.6542     25.220   0.00    0.00    0.00   0.00     102267
20200910   3192424   40.4467  -124.6542     25.220   0.00    0.00    0.00   0.00     102268
20200915   5515578   40.4467  -124.6542     25.220   0.00    0.00    0.00   0.00     102269
20200918    583374   40.4467  -124.6542     25.220   0.00    0.00    0.00   0.00     102270
20200919   4130160   40.4467  -124.6542     25.220   0.00    0.00    0.00   0.00     102271
20200924  19102694   40.4467  -124.6542     25.220   0.00    0.00    0.00   0.00     102272
20200928   1441398   40.4467  -124.6542     25.220   0.00    0.00    0.00   0.00     102273
20200928  15584094   40.4467  -124.6542     25.220   0.00    0.00    0.00   0.00     102274
20201006  15440168   40.4467  -124.6542     25.220   0.00    0.00    0.00   0.00     102275
20201010  10550212   40.4467  -124.6542     25.220   0.00    0.00    0.00   0.00     102276
20201012  19251366   40.4467  -124.6542     25.220   0.00    0.00    0.00   0.00     102277
20201012  20051362   40.4467  -124.6542     25.220   0.00    0.00    0.00   0.00     102278
20201014   1514100   40.4467  -124.6542     25.220   0.00    0.00    0.00   0.00     102279
20201016  19451140   40.4467  -124.6542     25.220   0.00    0.00    0.00   0.00     102280
20201020  16583638   40.4467  -124.6542     25.220   0.00    0.00    0.00   0.00     102281
20201021   8404318   40.4467  -124.6542     25.220   0.00    0.00    0.00   0.00     102282
20201024  23045488   40.4467  -124.6542     25.220   0.00    0.00    0.00   0.00     102283
20201024  23501094   40.4467  -124.6542     25.220   0.00    0.00    0.00   0.00     102284
20201101  13185434   40.4467  -124.6542     25.220   0.00    0.00    0.00   0.00     102285
20201101  13191026   40.4467  -124.6542     25.220   0.00    0.00    0.00   0.00     102286
20201102   3281528   40.4467  -124.6542     25.220   0.00    0.00    0.00   0.00     102287
20201106   7381324   40.4467  -124.6542     25.220   0.00    0.00    0.00   0.00     102288
20201113   9335640   40.4467  -124.6542     25.220   0.00    0.00    0.00   0.00     102289
20201114   5502006   40.4467  -124.6542     25.220   0.00    0.00    0.00   0.00     102290
20201114   6012506   40.4467  -124.6542     25.220   0.00    0.00    0.00   0.00     102291
20201114   6255326   40.4467  -124.6542     25.220   0.00    0.00    0.00   0.00     102292
20201114   7045944   40.4467  -124.6542     25.220   0.00    0.00    0.00   0.00     102293
20201114   6375450   40.4467  -124.6542     25.220   0.00    0.00    0.00   0.00     102294
20201114   7403166   40.4467  -124.6542     25.220   0.00    0.00    0.00   0.00     102295
20201114   5550950   40.4467  -124.6542     25.220   0.00    0.00    0.00   0.00     102296
20201115  18070324   40.4467  -124.6542     25.220   0.00    0.00    0.00   0.00     102297
20201115  12295612   40.4467  -124.6542     25.220   0.00    0.00    0.00   0.00     102298
20201115  20194780   40.4467  -124.6542     25.220   0.00    0.00    0.00   0.00     102299
20201122   4305880   40.4467  -124.6542     25.220   0.00    0.00    0.00   0.00     102300
20201201  22124736   40.4467  -124.6542     25.220   0.00    0.00    0.00   0.00     102301
20201203   2101898   40.4467  -124.6542     25.220   0.00    0.00    0.00   0.00     102302
20201205  11450118   40.4467  -124.6542     25.220   0.00    0.00    0.00   0.00     102303
20201226   4072634   40.4467  -124.6542     25.220   0.00    0.00    0.00   0.00     102304
20201226  19321776   40.4467  -124.6542     25.220   0.00    0.00    0.00   0.00     102305
20210101    205934   40.4467  -124.6542     25.220   0.00    0.00    0.00   0.00     102306
20210111  23281480   40.4467  -124.6542     25.220   0.00    0.00    0.00   0.00     102307
20210112  17444170   40.4467  -124.6542     25.220   0.00    0.00    0.00   0.00     102308
20210116  18091972   40.4467  -124.6542     25.220   0.00    0.00    0.00   0.00     102309
20210118   5074936   40.4467  -124.6542     25.220   0.00    0.00    0.00   0.00     102310
20210120   8093462   40.4467  -124.6542     25.220   0.00    0.00    0.00   0.00     102311
20210121  13494646   40.4467  -124.6542     25.220   0.00    0.00    0.00   0.00     102312
20210128   8245930   40.4467  -124.6542     25.220   0.00    0.00    0.00   0.00     102313
20210206  21205322   40.4467  -124.6542     25.220   0.00    0.00    0.00   0.00     102314
20210210   4041168   40.4467  -124.6542     25.220   0.00    0.00    0.00   0.00     102315
20210213   1260806   40.4467  -124.6542     25.220   0.00    0.00    0.00   0.00     102316
20210218  12392504   40.4467  -124.6542     25.220   0.00    0.00    0.00   0.00     102317
20210228  22070732   40.4467  -124.6542     25.220   0.00    0.00    0.00   0.00     102318
20210302   2460974   40.4467  -124.6542     25.220   0.00    0.00    0.00   0.00     102319
20210309  19560180   40.4467  -124.6542     25.220   0.00    0.00    0.00   0.00     102320
20210311   4555242   40.4467  -124.6542     25.220   0.00    0.00    0.00   0.00     102321
20210312    345704   40.4467  -124.6542     25.220   0.00    0.00    0.00   0.00     102322
20210312  12181540   40.4467  -124.6542     25.220   0.00    0.00    0.00   0.00     102323
20210312   1215336   40.4467  -124.6542     25.220   0.00    0.00    0.00   0.00     102324
20210312  11540004   40.4467  -124.6542     25.220   0.00    0.00    0.00   0.00     102325
20210324   5274868   40.4467  -124.6542     25.220   0.00    0.00    0.00   0.00     102326
20210325  11355284   40.4467  -124.6542     25.220   0.00    0.00    0.00   0.00     102327
20210325  13063374   40.4467  -124.6542     25.220   0.00    0.00    0.00   0.00     102328
20210327  20180122   40.4467  -124.6542     25.220   0.00    0.00    0.00   0.00     102329
20210329   5202302   40.4467  -124.6542     25.220   0.00    0.00    0.00   0.00     102330
20210329  16044346   40.4467  -124.6542     25.220   0.00    0.00    0.00   0.00     102331
20210401  12205718   40.4467  -124.6542     25.220   0.00    0.00    0.00   0.00     102332
20210402  13315620   40.4467  -124.6542     25.220   0.00    0.00    0.00   0.00     102333
20210404  12183332   40.4467  -124.6542     25.220   0.00    0.00    0.00   0.00     102334
20210410  15275430   40.4467  -124.6542     25.220   0.00    0.00    0.00   0.00     102335
20210410  16403808   40.4467  -124.6542     25.220   0.00    0.00    0.00   0.00     102336
20210410  14120582   40.4467  -124.6542     25.220   0.00    0.00    0.00   0.00     102337
20210416   5332330   40.4467  -124.6542     25.220   0.00    0.00    0.00   0.00     102338
20210416  13414356   40.4467  -124.6542     25.220   0.00    0.00    0.00   0.00     102339
20210416   5351950   40.4467  -124.6542     25.220   0.00    0.00    0.00   0.00     102340
20210419  12374608   40.4467  -124.6542     25.220   0.00    0.00    0.00   0.00     102341
20210425  18333460   40.4467  -124.6542     25.220   0.00    0.00    0.00   0.00     102342
20210501   2155408   40.4467  -124.6542     25.220   0.00    0.00    0.00   0.00     102343
20210504  21505144   40.4467  -124.6542     25.220   0.00    0.00    0.00   0.00     102344
20210504  21385624   40.4467  -124.6542     25.220   0.00    0.00    0.00   0.00     102345
20210504  21522752   40.4467  -124.6542     25.220   0.00    0.00    0.00   0.00     102346
20210504  21393528   40.4467  -124.6542     25.220   0.00    0.00    0.00   0.00     102347
20210507    242912   40.4467  -124.6542     25.220   0.00    0.00    0.00   0.00     102348
20210515  18064198   40.4467  -124.6542     25.220   0.00    0.00    0.00   0.00     102349
20210515  12300938   40.4467  -124.6542     25.220   0.00    0.00    0.00   0.00     102350
20210519   8295666   40.4467  -124.6542     25.220   0.00    0.00    0.00   0.00     102351
20210521   5284928   40.4467  -124.6542     25.220   0.00    0.00    0.00   0.00     102352
20210526  17450358   40.4467  -124.6542     25.220   0.00    0.00    0.00   0.00     102353
20210528  21403456   40.4467  -124.6542     25.220   0.00    0.00    0.00   0.00     102354
20210530    324024   40.4467  -124.6542     25.220   0.00    0.00    0.00   0.00     102355
20210530   4074046   40.4467  -124.6542     25.220   0.00    0.00    0.00   0.00     102356
20210530  15284624   40.4467  -124.6542     25.220   0.00    0.00    0.00   0.00     102357
20210606   3022154   40.4467  -124.6542     25.220   0.00    0.00    0.00   0.00     102358
20210609  11423872   40.4467  -124.6542     25.220   0.00    0.00    0.00   0.00     102359
20210612  12225990   40.4467  -124.6542     25.220   0.00    0.00    0.00   0.00     102360
20210622   7575336   40.4467  -124.6542     25.220   0.00    0.00    0.00   0.00     102361
20210624  19301806   40.4467  -124.6542     25.220   0.00    0.00    0.00   0.00     102362
20210625   9160866   40.4467  -124.6542     25.220   0.00    0.00    0.00   0.00     102363
20210628   8343226   40.4467  -124.6542     25.220   0.00    0.00    0.00   0.00     102364
20210701  10284478   40.4467  -124.6542     25.220   0.00    0.00    0.00   0.00     102365
20210701   8190234   40.4467  -124.6542     25.220   0.00    0.00    0.00   0.00     102366
20210701  10051196   40.4467  -124.6542     25.220   0.00    0.00    0.00   0.00     102367
20210701  10275660   40.4467  -124.6542     25.220   0.00    0.00    0.00   0.00     102368
20210702  15570982   40.4467  -124.6542     25.220   0.00    0.00    0.00   0.00     102369
20210714  12053560   40.4467  -124.6542     25.220   0.00    0.00    0.00   0.00     102370
20210721  12260520   40.4467  -124.6542     25.220   0.00    0.00    0.00   0.00     102371
20210721  11221420   40.4467  -124.6542     25.220   0.00    0.00    0.00   0.00     102372
20210721  11545582   40.4467  -124.6542     25.220   0.00    0.00    0.00   0.00     102373
20210724    322480   40.4467  -124.6542     25.220   0.00    0.00    0.00   0.00     102374
20210730    492714   40.4467  -124.6542     25.220   0.00    0.00    0.00   0.00     102375
20210731   3555698   40.4467  -124.6542     25.220   0.00    0.00    0.00   0.00     102376
20210807  17570110   40.4467  -124.6542     25.220   0.00    0.00    0.00   0.00     102377
20210823   7505898   40.4467  -124.6542     25.220   0.00    0.00    0.00   0.00     102378
20210824  10252896   40.4467  -124.6542     25.220   0.00    0.00    0.00   0.00     102379
20210825  11304498   40.4467  -124.6542     25.220   0.00    0.00    0.00   0.00     102380
20210828  16304732   40.4467  -124.6542     25.220   0.00    0.00    0.00   0.00     102381
20210904  20580916   40.4467  -124.6542     25.220   0.00    0.00    0.00   0.00     102382
20210906   3544994   40.4467  -124.6542     25.220   0.00    0.00    0.00   0.00     102383
20210908   2160142   40.4467  -124.6542     25.220   0.00    0.00    0.00   0.00     102384
20210909  12375736   40.4467  -124.6542     25.220   0.00    0.00    0.00   0.00     102385
20210909  12381882   40.4467  -124.6542     25.220   0.00    0.00    0.00   0.00     102386
20210910   1013120   40.4467  -124.6542     25.220   0.00    0.00    0.00   0.00     102387
20210915   6305362   40.4467  -124.6542     25.220   0.00    0.00    0.00   0.00     102388
20210923    523338   40.4467  -124.6542     25.220   0.00    0.00    0.00   0.00     102389
20211004   4321728   40.4467  -124.6542     25.220   0.00    0.00    0.00   0.00     102390
20211016  11031584   40.4467  -124.6542     25.220   0.00    0.00    0.00   0.00     102391
20211018   2393930   40.4467  -124.6542     25.220   0.00    0.00    0.00   0.00     102392
20211023  14441446   40.4467  -124.6542     25.220   0.00    0.00    0.00   0.00     102393
20211023   3343376   40.4467  -124.6542     25.220   0.00    0.00    0.00   0.00     102394
20211024  17512454   40.4467  -124.6542     25.220   0.00    0.00    0.00   0.00     102395
20211025  16393104   40.4467  -124.6542     25.220   0.00    0.00    0.00   0.00     102396
20211104   3424514   40.4467  -124.6542     25.220   0.00    0.00    0.00   0.00     102397
20211108   5130348   40.4467  -124.6542     25.220   0.00    0.00    0.00   0.00     102398
20211110   9264046   40.4467  -124.6542     25.220   0.00    0.00    0.00   0.00     102399
20211111  21022976   40.4467  -124.6542     25.220   0.00    0.00    0.00   0.00     102400
20211111   6233152   40.4467  -124.6542     25.220   0.00    0.00    0.00   0.00     102401
20211112  22350006   40.4467  -124.6542     25.220   0.00    0.00    0.00   0.00     102402
20211113  15463132   40.4467  -124.6542     25.220   0.00    0.00    0.00   0.00     102403
20211113   7463050   40.4467  -124.6542     25.220   0.00    0.00    0.00   0.00     102404
20211122  11452380   40.4467  -124.6542     25.220   0.00    0.00    0.00   0.00     102405
20211124   7062868   40.4467  -124.6542     25.220   0.00    0.00    0.00   0.00     102406
20211125  11392388   40.4467  -124.6542     25.220   0.00    0.00    0.00   0.00     102407
20211130   5122566   40.4467  -124.6542     25.220   0.00    0.00    0.00   0.00     102408
20211130  19570474   40.4467  -124.6542     25.220   0.00    0.00    0.00   0.00     102409
20211201  15092714   40.4467  -124.6542     25.220   0.00    0.00    0.00   0.00     102410
20211201  14465652   40.4467  -124.6542     25.220   0.00    0.00    0.00   0.00     102411
20211201  20013350   40.4467  -124.6542     25.220   0.00    0.00    0.00   0.00     102412
20211204  19054814   40.4467  -124.6542     25.220   0.00    0.00    0.00   0.00     102413
20211211  10093664   40.4467  -124.6542     25.220   0.00    0.00    0.00   0.00     102414
20211221  21354518   40.4467  -124.6542     25.220   0.00    0.00    0.00   0.00     102415
20211222  11583300   40.4467  -124.6542     25.220   0.00    0.00    0.00   0.00     102416
20220104  10090844   40.4467  -124.6542     25.220   0.00    0.00    0.00   0.00     102417
20220106  20310648   40.4467  -124.6542     25.220   0.00    0.00    0.00   0.00     102418
20220110  18255030   40.4467  -124.6542     25.220   0.00    0.00    0.00   0.00     102419
20220110  18312852   40.4467  -124.6542     25.220   0.00    0.00    0.00   0.00     102420
20220114   7184202   40.4467  -124.6542     25.220   0.00    0.00    0.00   0.00     102421
20220116  20032564   40.4467  -124.6542     25.220   0.00    0.00    0.00   0.00     102422
20220116  23265944   40.4467  -124.6542     25.220   0.00    0.00    0.00   0.00     102423
20220116  23213188   40.4467  -124.6542     25.220   0.00    0.00    0.00   0.00     102424
20220116  23344450   40.4467  -124.6542     25.220   0.00    0.00    0.00   0.00     102425
20220117   1095542   40.4467  -124.6542     25.220   0.00    0.00    0.00   0.00     102426
20220128  18513742   40.4467  -124.6542     25.220   0.00    0.00    0.00   0.00     102427
20220206   6202480   40.4467  -124.6542     25.220   0.00    0.00    0.00   0.00     102428
20220211   7420482   40.4467  -124.6542     25.220   0.00    0.00    0.00   0.00     102429
20220211  22464078   40.4467  -124.6542     25.220   0.00    0.00    0.00   0.00     102430
20220212  12230758   40.4467  -124.6542     25.220   0.00    0.00    0.00   0.00     102431
20220217   8243996   40.4467  -124.6542     25.220   0.00    0.00    0.00   0.00     102432
20220226   5091986   40.4467  -124.6542     25.220   0.00    0.00    0.00   0.00     102433
20220306   8055120   40.4467  -124.6542     25.220   0.00    0.00    0.00   0.00     102434
20220313   2575732   40.4467  -124.6542     25.220   0.00    0.00    0.00   0.00     102435
20220319  16460238   40.4467  -124.6542     25.220   0.00    0.00    0.00   0.00     102436
20220326   2083774   40.4467  -124.6542     25.220   0.00    0.00    0.00   0.00     102437
20220326  11594844   40.4467  -124.6542     25.220   0.00    0.00    0.00   0.00     102438
20220326   3205502   40.4467  -124.6542     25.220   0.00    0.00    0.00   0.00     102439
20220326   5252960   40.4467  -124.6542     25.220   0.00    0.00    0.00   0.00     102440
20220327   9020002   40.4467  -124.6542     25.220   0.00    0.00    0.00   0.00     102441
20220403  11210756   40.4467  -124.6542     25.220   0.00    0.00    0.00   0.00     102442
20220403  11161934   40.4467  -124.6542     25.220   0.00    0.00    0.00   0.00     102443
20220421   4514384   40.4467  -124.6542     25.220   0.00    0.00    0.00   0.00     102444
20220422  19315894   40.4467  -124.6542     25.220   0.00    0.00    0.00   0.00     102445
20220423  14355864   40.4467  -124.6542     25.220   0.00    0.00    0.00   0.00     102446
20220501    342530   40.4467  -124.6542     25.220   0.00    0.00    0.00   0.00     102447
20220505  23280438   40.4467  -124.6542     25.220   0.00    0.00    0.00   0.00     102448
20220509  20053334   40.4467  -124.6542     25.220   0.00    0.00    0.00   0.00     102449
20220512  16441746   40.4467  -124.6542     25.220   0.00    0.00    0.00   0.00     102450
20220515  14092290   40.4467  -124.6542     25.220   0.00    0.00    0.00   0.00     102451
20220519   4595456   40.4467  -124.6542     25.220   0.00    0.00    0.00   0.00     102452
20220521  19585502   40.4467  -124.6542     25.220   0.00    0.00    0.00   0.00     102453
20220521   4515704   40.4467  -124.6542     25.220   0.00    0.00    0.00   0.00     102454
20220525  20262036   40.4467  -124.6542     25.220   0.00    0.00    0.00   0.00     102455
20220526  14465104   40.4467  -124.6542     25.220   0.00    0.00    0.00   0.00     102456
20220526  12522062   40.4467  -124.6542     25.220   0.00    0.00    0.00   0.00     102457
20220526  17415796   40.4467  -124.6542     25.220   0.00    0.00    0.00   0.00     102458
20220603  10584338   40.4467  -124.6542     25.220   0.00    0.00    0.00   0.00     102459
20220604  18394082   40.4467  -124.6542     25.220   0.00    0.00    0.00   0.00     102460
20220604  18373974   40.4467  -124.6542     25.220   0.00    0.00    0.00   0.00     102461
20220607   7420226   40.4467  -124.6542     25.220   0.00    0.00    0.00   0.00     102462
20220611  10583952   40.4467  -124.6542     25.220   0.00    0.00    0.00   0.00     102463
20220618  23022826   40.4467  -124.6542     25.220   0.00    0.00    0.00   0.00     102464
20220622   6245024   40.4467  -124.6542     25.220   0.00    0.00    0.00   0.00     102465
20220627  10462514   40.4467  -124.6542     25.220   0.00    0.00    0.00   0.00     102466
20220629  15434942   40.4467  -124.6542     25.220   0.00    0.00    0.00   0.00     102467
20220630   1493420   40.4467  -124.6542     25.220   0.00    0.00    0.00   0.00     102468
20220702    110724   40.4467  -124.6542     25.220   0.00    0.00    0.00   0.00     102469
20220703  15291338   40.4467  -124.6542     25.220   0.00    0.00    0.00   0.00     102470
20220710  18525622   40.4467  -124.6542     25.220   0.00    0.00    0.00   0.00     102471
20220712  18363090   40.4467  -124.6542     25.220   0.00    0.00    0.00   0.00     102472
20220712  10462740   40.4467  -124.6542     25.220   0.00    0.00    0.00   0.00     102473
20220718  20250730   40.4467  -124.6542     25.220   0.00    0.00    0.00   0.00     102474
20220720   2453090   40.4467  -124.6542     25.220   0.00    0.00    0.00   0.00     102475
20220722  11160282   40.4467  -124.6542     25.220   0.00    0.00    0.00   0.00     102476
20220723  22073908   40.4467  -124.6542     25.220   0.00    0.00    0.00   0.00     102477
20220728    493756   40.4467  -124.6542     25.220   0.00    0.00    0.00   0.00     102478
20220801  11261454   40.4467  -124.6542     25.220   0.00    0.00    0.00   0.00     102479
20220801  11141588   40.4467  -124.6542     25.220   0.00    0.00    0.00   0.00     102480
20220801  11235618   40.4467  -124.6542     25.220   0.00    0.00    0.00   0.00     102481
20220802  11002538   40.4467  -124.6542     25.220   0.00    0.00    0.00   0.00     102482
20220829  22390164   40.4467  -124.6542     25.220   0.00    0.00    0.00   0.00     102483
20220902  22281102   40.4467  -124.6542     25.220   0.00    0.00    0.00   0.00     102484
20220902  21015454   40.4467  -124.6542     25.220   0.00    0.00    0.00   0.00     102485
20220905  14570250   40.4467  -124.6542     25.220   0.00    0.00    0.00   0.00     102486
20220913  10251340   40.4467  -124.6542     25.220   0.00    0.00    0.00   0.00     102487
20220915  10271084   40.4467  -124.6542     25.220   0.00    0.00    0.00   0.00     102488
20220915  11222998   40.4467  -124.6542     25.220   0.00    0.00    0.00   0.00     102489
20220915  10151984   40.4467  -124.6542     25.220   0.00    0.00    0.00   0.00     102490
20220915  10475598   40.4467  -124.6542     25.220   0.00    0.00    0.00   0.00     102491
20220923  11492328   40.4467  -124.6542     25.220   0.00    0.00    0.00   0.00     102492
20220926   6220596   40.4467  -124.6542     25.220   0.00    0.00    0.00   0.00     102493
20220930  19284514   40.4467  -124.6542     25.220   0.00    0.00    0.00   0.00     102494
20221002  19192836   40.4467  -124.6542     25.220   0.00    0.00    0.00   0.00     102495
20221003  11120860   40.4467  -124.6542     25.220   0.00    0.00    0.00   0.00     102496
20221007  21585518   40.4467  -124.6542     25.220   0.00    0.00    0.00   0.00     102497
20221008  23335230   40.4467  -124.6542     25.220   0.00    0.00    0.00   0.00     102498
20221014  22301082   40.4467  -124.6542     25.220   0.00    0.00    0.00   0.00     102499
20221014  23491626   40.4467  -124.6542     25.220   0.00    0.00    0.00   0.00     102500
20221017  22524012   40.4467  -124.6542     25.220   0.00    0.00    0.00   0.00     102501
20221022   7061210   40.4467  -124.6542     25.220   0.00    0.00    0.00   0.00     102502
20221028   1240112   40.4467  -124.6542     25.220   0.00    0.00    0.00   0.00     102503
20221108   8251196   40.4467  -124.6542     25.220   0.00    0.00    0.00   0.00     102504
20221119  21314070   40.4467  -124.6542     25.220   0.00    0.00    0.00   0.00     102505
20221119  13032020   40.4467  -124.6542     25.220   0.00    0.00    0.00   0.00     102506
20221120  23385206   40.4467  -124.6542     25.220   0.00    0.00    0.00   0.00     102507
20221121   5373464   40.4467  -124.6542     25.220   0.00    0.00    0.00   0.00     102508
20221121   3404086   40.4467  -124.6542     25.220   0.00    0.00    0.00   0.00     102509
20221122  13371100   40.4467  -124.6542     25.220   0.00    0.00    0.00   0.00     102510
20200105  18442956   40.5664  -124.1281     22.770   0.00    0.00    0.00   0.00     102511
20200121  22502650   40.5664  -124.1281     22.770   0.00    0.00    0.00   0.00     102512
20200121  18292908   40.5664  -124.1281     22.770   0.00    0.00    0.00   0.00     102513
20200121  18175092   40.5664  -124.1281     22.770   0.00    0.00    0.00   0.00     102514
20200121  23353522   40.5664  -124.1281     22.770   0.00    0.00    0.00   0.00     102515
20200121  18225484   40.5664  -124.1281     22.770   0.00    0.00    0.00   0.00     102516
20200121  18171258   40.5664  -124.1281     22.770   0.00    0.00    0.00   0.00     102517
20200320  23550224   40.5664  -124.1281     22.770   0.00    0.00    0.00   0.00     102518
20200320  23580456   40.5664  -124.1281     22.770   0.00    0.00    0.00   0.00     102519
20200401  23112840   40.5664  -124.1281     22.770   0.00    0.00    0.00   0.00     102520
20200419    495216   40.5664  -124.1281     22.770   0.00    0.00    0.00   0.00     102521
20200508   4213424   40.5664  -124.1281     22.770   0.00    0.00    0.00   0.00     102522
20200516   2180046   40.5664  -124.1281     22.770   0.00    0.00    0.00   0.00     102523
20200601   3033002   40.5664  -124.1281     22.770   0.00    0.00    0.00   0.00     102524
20200601  11061208   40.5664  -124.1281     22.770   0.00    0.00    0.00   0.00     102525
20200605  22005608   40.5664  -124.1281     22.770   0.00    0.00    0.00   0.00     102526
20200605   4452990   40.5664  -124.1281     22.770   0.00    0.00    0.00   0.00     102527
20200612  19484056   40.5664  -124.1281     22.770   0.00    0.00    0.00   0.00     102528
20200614   2211250   40.5664  -124.1281     22.770   0.00    0.00    0.00   0.00     102529
20200618   9073194   40.5664  -124.1281     22.770   0.00    0.00    0.00   0.00     102530
20200621   6151052   40.5664  -124.1281     22.770   0.00    0.00    0.00   0.00     102531
20200622   6264108   40.5664  -124.1281     22.770   0.00    0.00    0.00   0.00     102532
20200713  22505866   40.5664  -124.1281     22.770   0.00    0.00    0.00   0.00     102533
20200715   8364248   40.5664  -124.1281     22.770   0.00    0.00    0.00   0.00     102534
20200723   6114646   40.5664  -124.1281     22.770   0.00    0.00    0.00   0.00     102535
20200725  13324754   40.5664  -124.1281     22.770   0.00    0.00    0.00   0.00     102536
20200725  13345270   40.5664  -124.1281     22.770   0.00    0.00    0.00   0.00     102537
20200725   3595694   40.5664  -124.1281     22.770   0.00    0.00    0.00   0.00     102538
20200816  17280392   40.5664  -124.1281     22.770   0.00    0.00    0.00   0.00     102539
20200829  23075332   40.5664  -124.1281     22.770   0.00    0.00    0.00   0.00     102540
20200829  23104000   40.5664  -124.1281     22.770   0.00    0.00    0.00   0.00     102541
20200829  23081140   40.5664  -124.1281     22.770   0.00    0.00    0.00   0.00     102542
20200830   2013532   40.5664  -124.1281     22.770   0.00    0.00    0.00   0.00     102543
20200903   1442280   40.5664  -124.1281     22.770   0.00    0.00    0.00   0.00     102544
20201017  17480790   40.5664  -124.1281     22.770   0.00    0.00    0.00   0.00     102545
20201102  21250100   40.5664  -124.1281     22.770   0.00    0.00    0.00   0.00     102546
20201105  21440394   40.5664  -124.1281     22.770   0.00    0.00    0.00   0.00     102547
20201115  23143842   40.5664  -124.1281     22.770   0.00    0.00    0.00   0.00     102548
20201120   3205338   40.5664  -124.1281     22.770   0.00    0.00    0.00   0.00     102549
20210317  10274640   40.5664  -124.1281     22.770   0.00    0.00    0.00   0.00     102550
20210325  10450348   40.5664  -124.1281     22.770   0.00    0.00    0.00   0.00     102551
20210403   9445534   40.5664  -124.1281     22.770   0.00    0.00    0.00   0.00     102552
20210416   1313286   40.5664  -124.1281     22.770   0.00    0.00    0.00   0.00     102553
20210416   1335654   40.5664  -124.1281     22.770   0.00    0.00    0.00   0.00     102554
20210426   7013118   40.5664  -124.1281     22.770   0.00    0.00    0.00   0.00     102555
20210429   7145974   40.5664  -124.1281     22.770   0.00    0.00    0.00   0.00     102556
20210502   5310598   40.5664  -124.1281     22.770   0.00    0.00    0.00   0.00     102557
20210707   8563166   40.5664  -124.1281     22.770   0.00    0.00    0.00   0.00     102558
20210717   8051110   40.5664  -124.1281     22.770   0.00    0.00    0.00   0.00     102559
20210807   6591912   40.5664  -124.1281     22.770   0.00    0.00    0.00   0.00     102560
20210812   1291614   40.5664  -124.1281     22.770   0.00    0.00    0.00   0.00     102561
20210812   4312360   40.5664  -124.1281     22.770   0.00    0.00    0.00   0.00     102562
20210812   1062302   40.5664  -124.1281     22.770   0.00    0.00    0.00   0.00     102563
20210812   1402124   40.5664  -124.1281     22.770   0.00    0.00    0.00   0.00     102564
20210812   1385394   40.5664  -124.1281     22.770   0.00    0.00    0.00   0.00     102565
20210812   1114680   40.5664  -124.1281     22.770   0.00    0.00    0.00   0.00     102566
20210812   7071016   40.5664  -124.1281     22.770   0.00    0.00    0.00   0.00     102567
20210812   3340820   40.5664  -124.1281     22.770   0.00    0.00    0.00   0.00     102568
20210822   7125744   40.5664  -124.1281     22.770   0.00    0.00    0.00   0.00     102569
20210823  19065814   40.5664  -124.1281     22.770   0.00    0.00    0.00   0.00     102570
20210909  15361342   40.5664  -124.1281     22.770   0.00    0.00    0.00   0.00     102571
20210925  21504914   40.5664  -124.1281     22.770   0.00    0.00    0.00   0.00     102572
20210925  19415724   40.5664  -124.1281     22.770   0.00    0.00    0.00   0.00     102573
20210926   3084844   40.5664  -124.1281     22.770   0.00    0.00    0.00   0.00     102574
20210926   4490056   40.5664  -124.1281     22.770   0.00    0.00    0.00   0.00     102575
20210926   4590140   40.5664  -124.1281     22.770   0.00    0.00    0.00   0.00     102576
20210926   3080698   40.5664  -124.1281     22.770   0.00    0.00    0.00   0.00     102577
20210926   6470392   40.5664  -124.1281     22.770   0.00    0.00    0.00   0.00     102578
20211008  21391196   40.5664  -124.1281     22.770   0.00    0.00    0.00   0.00     102579
20211010   8365462   40.5664  -124.1281     22.770   0.00    0.00    0.00   0.00     102580
20211016   9513554   40.5664  -124.1281     22.770   0.00    0.00    0.00   0.00     102581
20211119   8040594   40.5664  -124.1281     22.770   0.00    0.00    0.00   0.00     102582
20211205  23430650   40.5664  -124.1281     22.770   0.00    0.00    0.00   0.00     102583
20211219  16153856   40.5664  -124.1281     22.770   0.00    0.00    0.00   0.00     102584
20220102  21584330   40.5664  -124.1281     22.770   0.00    0.00    0.00   0.00     102585
20220115   9262164   40.5664  -124.1281     22.770   0.00    0.00    0.00   0.00     102586
20220221   4064382   40.5664  -124.1281     22.770   0.00    0.00    0.00   0.00     102587
20220326   4132066   40.5664  -124.1281     22.770   0.00    0.00    0.00   0.00     102588
20220327   3304456   40.5664  -124.1281     22.770   0.00    0.00    0.00   0.00     102589
20220403  23335398   40.5664  -124.1281     22.770   0.00    0.00    0.00   0.00     102590
20220421  19140792   40.5664  -124.1281     22.770   0.00    0.00    0.00   0.00     102591
20220604   3170276   40.5664  -124.1281     22.770   0.00    0.00    0.00   0.00     102592
20220721    441806   40.5664  -124.1281     22.770   0.00    0.00    0.00   0.00     102593
20220807  22443466   40.5664  -124.1281     22.770   0.00    0.00    0.00   0.00     102594
20220810   2205328   40.5664  -124.1281     22.770   0.00    0.00    0.00   0.00     102595
20221001  18152740   40.5664  -124.1281     22.770   0.00    0.00    0.00   0.00     102596
20200105   1403418   40.4822  -124.5220     24.920   0.00    0.00    0.00   0.00     102597
20200201  16131504   40.4822  -124.5220     24.920   0.00    0.00    0.00   0.00     102598
20200630  13292042   40.4822  -124.5220     24.920   0.00    0.00    0.00   0.00     102599
20200902  13295866   40.4822  -124.5220     24.920   0.00    0.00    0.00   0.00     102600
20210805   7321626   40.4822  -124.5220     24.920   0.00    0.00    0.00   0.00     102601
20210810  19305706   40.4822  -124.5220     24.920   0.00    0.00    0.00   0.00     102602
20210828   7102218   40.4822  -124.5220     24.920   0.00    0.00    0.00   0.00     102603
20211004  17373816   40.4822  -124.5220     24.920   0.00    0.00    0.00   0.00     102604
20211018   9123906   40.4822  -124.5220     24.920   0.00    0.00    0.00   0.00     102605
20211109  13231692   40.4822  -124.5220     24.920   0.00    0.00    0.00   0.00     102606
20220318  16112630   40.4822  -124.5220     24.920   0.00    0.00    0.00   0.00     102607
20220907  17544258   40.4822  -124.5220     24.920   0.00    0.00    0.00   0.00     102608
20200105  21050080   40.2933  -124.5575     23.380   0.00    0.00    0.00   0.00     102609
20200126  12283058   40.2933  -124.5575     23.380   0.00    0.00    0.00   0.00     102610
20200128   5113224   40.2933  -124.5575     23.380   0.00    0.00    0.00   0.00     102611
20200130   7264192   40.2933  -124.5575     23.380   0.00    0.00    0.00   0.00     102612
20200202  17451080   40.2933  -124.5575     23.380   0.00    0.00    0.00   0.00     102613
20200219   4374440   40.2933  -124.5575     23.380   0.00    0.00    0.00   0.00     102614
20200302  21561020   40.2933  -124.5575     23.380   0.00    0.00    0.00   0.00     102615
20200312  13195356   40.2933  -124.5575     23.380   0.00    0.00    0.00   0.00     102616
20200319   2094758   40.2933  -124.5575     23.380   0.00    0.00    0.00   0.00     102617
20200324   8033686   40.2933  -124.5575     23.380   0.00    0.00    0.00   0.00     102618
20200503  14013944   40.2933  -124.5575     23.380   0.00    0.00    0.00   0.00     102619
20200508   2592820   40.2933  -124.5575     23.380   0.00    0.00    0.00   0.00     102620
20200520   5595604   40.2933  -124.5575     23.380   0.00    0.00    0.00   0.00     102621
20200525  11341110   40.2933  -124.5575     23.380   0.00    0.00    0.00   0.00     102622
20200617   9380276   40.2933  -124.5575     23.380   0.00    0.00    0.00   0.00     102623
20200627  12362164   40.2933  -124.5575     23.380   0.00    0.00    0.00   0.00     102624
20200702  14124048   40.2933  -124.5575     23.380   0.00    0.00    0.00   0.00     102625
20200730  14155542   40.2933  -124.5575     23.380   0.00    0.00    0.00   0.00     102626
20200806   9430090   40.2933  -124.5575     23.380   0.00    0.00    0.00   0.00     102627
20200812   9161286   40.2933  -124.5575     23.380   0.00    0.00    0.00   0.00     102628
20200830  19113934   40.2933  -124.5575     23.380   0.00    0.00    0.00   0.00     102629
20200904  12024562   40.2933  -124.5575     23.380   0.00    0.00    0.00   0.00     102630
20200914   2373016   40.2933  -124.5575     23.380   0.00    0.00    0.00   0.00     102631
20201022   1282676   40.2933  -124.5575     23.380   0.00    0.00    0.00   0.00     102632
20201029   4233156   40.2933  -124.5575     23.380   0.00    0.00    0.00   0.00     102633
20201108    134114   40.2933  -124.5575     23.380   0.00    0.00    0.00   0.00     102634
20201109   4162800   40.2933  -124.5575     23.380   0.00    0.00    0.00   0.00     102635
20201112    592032   40.2933  -124.5575     23.380   0.00    0.00    0.00   0.00     102636
20201122   4281180   40.2933  -124.5575     23.380   0.00    0.00    0.00   0.00     102637
20201124   4430222   40.2933  -124.5575     23.380   0.00    0.00    0.00   0.00     102638
20201216  22014050   40.2933  -124.5575     23.380   0.00    0.00    0.00   0.00     102639
20201220  20430772   40.2933  -124.5575     23.380   0.00    0.00    0.00   0.00     102640
20210309  18052200   40.2933  -124.5575     23.380   0.00    0.00    0.00   0.00     102641
20210312   3204958   40.2933  -124.5575     23.380   0.00    0.00    0.00   0.00     102642
20210402   8214074   40.2933  -124.5575     23.380   0.00    0.00    0.00   0.00     102643
20210402  10041196   40.2933  -124.5575     23.380   0.00    0.00    0.00   0.00     102644
20210402   8333136   40.2933  -124.5575     23.380   0.00    0.00    0.00   0.00     102645
20210403   8463158   40.2933  -124.5575     23.380   0.00    0.00    0.00   0.00     102646
20210403  14364510   40.2933  -124.5575     23.380   0.00    0.00    0.00   0.00     102647
20210404  22473172   40.2933  -124.5575     23.380   0.00    0.00    0.00   0.00     102648
20210406  18440396   40.2933  -124.5575     23.380   0.00    0.00    0.00   0.00     102649
20210416   7343742   40.2933  -124.5575     23.380   0.00    0.00    0.00   0.00     102650
20210424  15385508   40.2933  -124.5575     23.380   0.00    0.00    0.00   0.00     102651
20210424  10545970   40.2933  -124.5575     23.380   0.00    0.00    0.00   0.00     102652
20210511  10534564   40.2933  -124.5575     23.380   0.00    0.00    0.00   0.00     102653
20210518   7090492   40.2933  -124.5575     23.380   0.00    0.00    0.00   0.00     102654
20210605  23474344   40.2933  -124.5575     23.380   0.00    0.00    0.00   0.00     102655
20210710  10320600   40.2933  -124.5575     23.380   0.00    0.00    0.00   0.00     102656
20210710  10355532   40.2933  -124.5575     23.380   0.00    0.00    0.00   0.00     102657
20210710  10445158   40.2933  -124.5575     23.380   0.00    0.00    0.00   0.00     102658
20210710  11321798   40.2933  -124.5575     23.380   0.00    0.00    0.00   0.00     102659
20210710  12220822   40.2933  -124.5575     23.380   0.00    0.00    0.00   0.00     102660
20210711    115664   40.2933  -124.5575     23.380   0.00    0.00    0.00   0.00     102661
20210814   7322384   40.2933  -124.5575     23.380   0.00    0.00    0.00   0.00     102662
20210817   5043222   40.2933  -124.5575     23.380   0.00    0.00    0.00   0.00     102663
20211017  20330560   40.2933  -124.5575     23.380   0.00    0.00    0.00   0.00     102664
20211104   7345342   40.2933  -124.5575     23.380   0.00    0.00    0.00   0.00     102665
20211117   7263610   40.2933  -124.5575     23.380   0.00    0.00    0.00   0.00     102666
20211203  14030822   40.2933  -124.5575     23.380   0.00    0.00    0.00   0.00     102667
20211205   3563670   40.2933  -124.5575     23.380   0.00    0.00    0.00   0.00     102668
20211220  23124768   40.2933  -124.5575     23.380   0.00    0.00    0.00   0.00     102669
20211221  19145256   40.2933  -124.5575     23.380   0.00    0.00    0.00   0.00     102670
20211221     64476   40.2933  -124.5575     23.380   0.00    0.00    0.00   0.00     102671
20211225   3341708   40.2933  -124.5575     23.380   0.00    0.00    0.00   0.00     102672
20211226    583102   40.2933  -124.5575     23.380   0.00    0.00    0.00   0.00     102673
20211227  21235694   40.2933  -124.5575     23.380   0.00    0.00    0.00   0.00     102674
20211228  23423298   40.2933  -124.5575     23.380   0.00    0.00    0.00   0.00     102675
20211228  23163606   40.2933  -124.5575     23.380   0.00    0.00    0.00   0.00     102676
20211230  21501532   40.2933  -124.5575     23.380   0.00    0.00    0.00   0.00     102677
20211231  23444666   40.2933  -124.5575     23.380   0.00    0.00    0.00   0.00     102678
20220106  21512624   40.2933  -124.5575     23.380   0.00    0.00    0.00   0.00     102679
20220121   4555926   40.2933  -124.5575     23.380   0.00    0.00    0.00   0.00     102680
20220124  14591040   40.2933  -124.5575     23.380   0.00    0.00    0.00   0.00     102681
20220128  22441594   40.2933  -124.5575     23.380   0.00    0.00    0.00   0.00     102682
20220211   1035202   40.2933  -124.5575     23.380   0.00    0.00    0.00   0.00     102683
20220212  18434294   40.2933  -124.5575     23.380   0.00    0.00    0.00   0.00     102684
20220302  23195980   40.2933  -124.5575     23.380   0.00    0.00    0.00   0.00     102685
20220302  16080318   40.2933  -124.5575     23.380   0.00    0.00    0.00   0.00     102686
20220309  13421664   40.2933  -124.5575     23.380   0.00    0.00    0.00   0.00     102687
20220322   6161670   40.2933  -124.5575     23.380   0.00    0.00    0.00   0.00     102688
20220412  17220390   40.2933  -124.5575     23.380   0.00    0.00    0.00   0.00     102689
20220511  11510756   40.2933  -124.5575     23.380   0.00    0.00    0.00   0.00     102690
20220518  18073608   40.2933  -124.5575     23.380   0.00    0.00    0.00   0.00     102691
20220521  20065604   40.2933  -124.5575     23.380   0.00    0.00    0.00   0.00     102692
20220620   7393102   40.2933  -124.5575     23.380   0.00    0.00    0.00   0.00     102693
20220627   7433416   40.2933  -124.5575     23.380   0.00    0.00    0.00   0.00     102694
20220718   1424284   40.2933  -124.5575     23.380   0.00    0.00    0.00   0.00     102695
20220728   7203300   40.2933  -124.5575     23.380   0.00    0.00    0.00   0.00     102696
20220802   3235242   40.2933  -124.5575     23.380   0.00    0.00    0.00   0.00     102697
20220816  18152522   40.2933  -124.5575     23.380   0.00    0.00    0.00   0.00     102698
20220916   6010500   40.2933  -124.5575     23.380   0.00    0.00    0.00   0.00     102699
20220919   4543976   40.2933  -124.5575     23.380   0.00    0.00    0.00   0.00     102700
20220929   5294946   40.2933  -124.5575     23.380   0.00    0.00    0.00   0.00     102701
20221005   5111816   40.2933  -124.5575     23.380   0.00    0.00    0.00   0.00     102702
20221006   7425690   40.2933  -124.5575     23.380   0.00    0.00    0.00   0.00     102703
20221023    241950   40.2933  -124.5575     23.380   0.00    0.00    0.00   0.00     102704
20221101   9405080   40.2933  -124.5575     23.380   0.00    0.00    0.00   0.00     102705
20221127  18005768   40.2933  -124.5575     23.380   0.00    0.00    0.00   0.00     102706
20200105  11043924   40.4372  -124.6028     25.380   0.00    0.00    0.00   0.00     102707
20200308  21513430   40.4372  -124.6028     25.380   0.00    0.00    0.00   0.00     102708
20200312  15201866   40.4372  -124.6028     25.380   0.00    0.00    0.00   0.00     102709
20200319      1224   40.4372  -124.6028     25.380   0.00    0.00    0.00   0.00     102710
20200415   6224620   40.4372  -124.6028     25.380   0.00    0.00    0.00   0.00     102711
20200422   3390228   40.4372  -124.6028     25.380   0.00    0.00    0.00   0.00     102712
20200501  21270172   40.4372  -124.6028     25.380   0.00    0.00    0.00   0.00     102713
20200515  21185194   40.4372  -124.6028     25.380   0.00    0.00    0.00   0.00     102714
20200519   4180468   40.4372  -124.6028     25.380   0.00    0.00    0.00   0.00     102715
20200519  15583546   40.4372  -124.6028     25.380   0.00    0.00    0.00   0.00     102716
20200519   8560424   40.4372  -124.6028     25.380   0.00    0.00    0.00   0.00     102717
20200602   1554826   40.4372  -124.6028     25.380   0.00    0.00    0.00   0.00     102718
20200609  10290104   40.4372  -124.6028     25.380   0.00    0.00    0.00   0.00     102719
20200609  11545766   40.4372  -124.6028     25.380   0.00    0.00    0.00   0.00     102720
20200611  11482966   40.4372  -124.6028     25.380   0.00    0.00    0.00   0.00     102721
20200622  19102612   40.4372  -124.6028     25.380   0.00    0.00    0.00   0.00     102722
20200628   9043586   40.4372  -124.6028     25.380   0.00    0.00    0.00   0.00     102723
20200819   8571806   40.4372  -124.6028     25.380   0.00    0.00    0.00   0.00     102724
20200829  12591384   40.4372  -124.6028     25.380   0.00    0.00    0.00   0.00     102725
20200903   7493186   40.4372  -124.6028     25.380   0.00    0.00    0.00   0.00     102726
20200921  21531052   40.4372  -124.6028     25.380   0.00    0.00    0.00   0.00     102727
20200928   9343984   40.4372  -124.6028     25.380   0.00    0.00    0.00   0.00     102728
20200929  16421238   40.4372  -124.6028     25.380   0.00    0.00    0.00   0.00     102729
20200929  16065598   40.4372  -124.6028     25.380   0.00    0.00    0.00   0.00     102730
20201008   8345654   40.4372  -124.6028     25.380   0.00    0.00    0.00   0.00     102731
20201013  22051146   40.4372  -124.6028     25.380   0.00    0.00    0.00   0.00     102732
20201111   2483638   40.4372  -124.6028     25.380   0.00    0.00    0.00   0.00     102733
20201219   3234248   40.4372  -124.6028     25.380   0.00    0.00    0.00   0.00     102734
20210120   7551340   40.4372  -124.6028     25.380   0.00    0.00    0.00   0.00     102735
20210121  20462082   40.4372  -124.6028     25.380   0.00    0.00    0.00   0.00     102736
20210212   4310742   40.4372  -124.6028     25.380   0.00    0.00    0.00   0.00     102737
20210212  20085124   40.4372  -124.6028     25.380   0.00    0.00    0.00   0.00     102738
20210212   4291440   40.4372  -124.6028     25.380   0.00    0.00    0.00   0.00     102739
20210220  23403670   40.4372  -124.6028     25.380   0.00    0.00    0.00   0.00     102740
20210414   4395936   40.4372  -124.6028     25.380   0.00    0.00    0.00   0.00     102741
20210414   1274110   40.4372  -124.6028     25.380   0.00    0.00    0.00   0.00     102742
20210414   5383762   40.4372  -124.6028     25.380   0.00    0.00    0.00   0.00     102743
20210506   8074526   40.4372  -124.6028     25.380   0.00    0.00    0.00   0.00     102744
20210517   6535712   40.4372  -124.6028     25.380   0.00    0.00    0.00   0.00     102745
20210612  13570030   40.4372  -124.6028     25.380   0.00    0.00    0.00   0.00     102746
20210702   6095800   40.4372  -124.6028     25.380   0.00    0.00    0.00   0.00     102747
20210707  19321514   40.4372  -124.6028     25.380   0.00    0.00    0.00   0.00     102748
20210710  11594584   40.4372  -124.6028     25.380   0.00    0.00    0.00   0.00     102749
20210817   5484378   40.4372  -124.6028     25.380   0.00    0.00    0.00   0.00     102750
20210831  18131556   40.4372  -124.6028     25.380   0.00    0.00    0.00   0.00     102751
20210910    322434   40.4372  -124.6028     25.380   0.00    0.00    0.00   0.00     102752
20210919   5030906   40.4372  -124.6028     25.380   0.00    0.00    0.00   0.00     102753
20210923   9335054   40.4372  -124.6028     25.380   0.00    0.00    0.00   0.00     102754
20210930  19100222   40.4372  -124.6028     25.380   0.00    0.00    0.00   0.00     102755
20211008  23405840   40.4372  -124.6028     25.380   0.00    0.00    0.00   0.00     102756
20211010  15131270   40.4372  -124.6028     25.380   0.00    0.00    0.00   0.00     102757
20211101   3305166   40.4372  -124.6028     25.380   0.00    0.00    0.00   0.00     102758
20211104   9051428   40.4372  -124.6028     25.380   0.00    0.00    0.00   0.00     102759
20211118   4305868   40.4372  -124.6028     25.380   0.00    0.00    0.00   0.00     102760
20211209  20123640   40.4372  -124.6028     25.380   0.00    0.00    0.00   0.00     102761
20211217   3001672   40.4372  -124.6028     25.380   0.00    0.00    0.00   0.00     102762
20211218   5174860   40.4372  -124.6028     25.380   0.00    0.00    0.00   0.00     102763
20211220   7121888   40.4372  -124.6028     25.380   0.00    0.00    0.00   0.00     102764
20211221  18313686   40.4372  -124.6028     25.380   0.00    0.00    0.00   0.00     102765
20220113   9173966   40.4372  -124.6028     25.380   0.00    0.00    0.00   0.00     102766
20220203  21305744   40.4372  -124.6028     25.380   0.00    0.00    0.00   0.00     102767
20220224  23181820   40.4372  -124.6028     25.380   0.00    0.00    0.00   0.00     102768
20220305  20342526   40.4372  -124.6028     25.380   0.00    0.00    0.00   0.00     102769
20220310  12422224   40.4372  -124.6028     25.380   0.00    0.00    0.00   0.00     102770
20220313  16542858   40.4372  -124.6028     25.380   0.00    0.00    0.00   0.00     102771
20220402   6324210   40.4372  -124.6028     25.380   0.00    0.00    0.00   0.00     102772
20220410  14011980   40.4372  -124.6028     25.380   0.00    0.00    0.00   0.00     102773
20220427  23204100   40.4372  -124.6028     25.380   0.00    0.00    0.00   0.00     102774
20220512  21394962   40.4372  -124.6028     25.380   0.00    0.00    0.00   0.00     102775
20220515  21304260   40.4372  -124.6028     25.380   0.00    0.00    0.00   0.00     102776
20220602   9502706   40.4372  -124.6028     25.380   0.00    0.00    0.00   0.00     102777
20220617    593076   40.4372  -124.6028     25.380   0.00    0.00    0.00   0.00     102778
20220715    145238   40.4372  -124.6028     25.380   0.00    0.00    0.00   0.00     102779
20220721   2413154   40.4372  -124.6028     25.380   0.00    0.00    0.00   0.00     102780
20220728   9220940   40.4372  -124.6028     25.380   0.00    0.00    0.00   0.00     102781
20220822   3242240   40.4372  -124.6028     25.380   0.00    0.00    0.00   0.00     102782
20220824  18400266   40.4372  -124.6028     25.380   0.00    0.00    0.00   0.00     102783
20220826  14093448   40.4372  -124.6028     25.380   0.00    0.00    0.00   0.00     102784
20220829  10005804   40.4372  -124.6028     25.380   0.00    0.00    0.00   0.00     102785
20220918  15284644   40.4372  -124.6028     25.380   0.00    0.00    0.00   0.00     102786
20221002  19333438   40.4372  -124.6028     25.380   0.00    0.00    0.00   0.00     102787
20221014   9175628   40.4372  -124.6028     25.380   0.00    0.00    0.00   0.00     102788
20221017   4452362   40.4372  -124.6028     25.380   0.00    0.00    0.00   0.00     102789
20221019  22241212   40.4372  -124.6028     25.380   0.00    0.00    0.00   0.00     102790
20221024  22160816   40.4372  -124.6028     25.380   0.00    0.00    0.00   0.00     102791
20221104  23194956   40.4372  -124.6028     25.380   0.00    0.00    0.00   0.00     102792
20221128   6174358   40.4372  -124.6028     25.380   0.00    0.00    0.00   0.00     102793
20200105  17243426   40.4577  -124.6833     25.590   0.00    0.00    0.00   0.00     102794
20200113   5540918   40.4577  -124.6833     25.590   0.00    0.00    0.00   0.00     102795
20200229   7153282   40.4577  -124.6833     25.590   0.00    0.00    0.00   0.00     102796
20200301   2491970   40.4577  -124.6833     25.590   0.00    0.00    0.00   0.00     102797
20200309   8460852   40.4577  -124.6833     25.590   0.00    0.00    0.00   0.00     102798
20200319   2254040   40.4577  -124.6833     25.590   0.00    0.00    0.00   0.00     102799
20200322  16402746   40.4577  -124.6833     25.590   0.00    0.00    0.00   0.00     102800
20200423  15313046   40.4577  -124.6833     25.590   0.00    0.00    0.00   0.00     102801
20200509  10281320   40.4577  -124.6833     25.590   0.00    0.00    0.00   0.00     102802
20200606  15524144   40.4577  -124.6833     25.590   0.00    0.00    0.00   0.00     102803
20200804   3080104   40.4577  -124.6833     25.590   0.00    0.00    0.00   0.00     102804
20201021  10060978   40.4577  -124.6833     25.590   0.00    0.00    0.00   0.00     102805
20201120  21512140   40.4577  -124.6833     25.590   0.00    0.00    0.00   0.00     102806
20210110   1394490   40.4577  -124.6833     25.590   0.00    0.00    0.00   0.00     102807
20210226   3525072   40.4577  -124.6833     25.590   0.00    0.00    0.00   0.00     102808
20210302  13390132   40.4577  -124.6833     25.590   0.00    0.00    0.00   0.00     102809
20210312   1595282   40.4577  -124.6833     25.590   0.00    0.00    0.00   0.00     102810
20210323  23505282   40.4577  -124.6833     25.590   0.00    0.00    0.00   0.00     102811
20210326  19485716   40.4577  -124.6833     25.590   0.00    0.00    0.00   0.00     102812
20210424   1022700   40.4577  -124.6833     25.590   0.00    0.00    0.00   0.00     102813
20210514  17553408   40.4577  -124.6833     25.590   0.00    0.00    0.00   0.00     102814
20210529  23533718   40.4577  -124.6833     25.590   0.00    0.00    0.00   0.00     102815
20210702   3220604   40.4577  -124.6833     25.590   0.00    0.00    0.00   0.00     102816
20210706  17032508   40.4577  -124.6833     25.590   0.00    0.00    0.00   0.00     102817
20210706  17383718   40.4577  -124.6833     25.590   0.00    0.00    0.00   0.00     102818
20210712   3222252   40.4577  -124.6833     25.590   0.00    0.00    0.00   0.00     102819
20210721  16384022   40.4577  -124.6833     25.590   0.00    0.00    0.00   0.00     102820
20210727  13330620   40.4577  -124.6833     25.590   0.00    0.00    0.00   0.00     102821
20210828  16305612   40.4577  -124.6833     25.590   0.00    0.00    0.00   0.00     102822
20210829  18290548   40.4577  -124.6833     25.590   0.00    0.00    0.00   0.00     102823
20210902    104338   40.4577  -124.6833     25.590   0.00    0.00    0.00   0.00     102824
20210902  12411680   40.4577  -124.6833     25.590   0.00    0.00    0.00   0.00     102825
20211027  22013676   40.4577  -124.6833     25.590   0.00    0.00    0.00   0.00     102826
20211116   3302586   40.4577  -124.6833     25.590   0.00    0.00    0.00   0.00     102827
20211221  15421148   40.4577  -124.6833     25.590   0.00    0.00    0.00   0.00     102828
20220204   9071916   40.4577  -124.6833     25.590   0.00    0.00    0.00   0.00     102829
20220221  16210706   40.4577  -124.6833     25.590   0.00    0.00    0.00   0.00     102830
20220225   5055062   40.4577  -124.6833     25.590   0.00    0.00    0.00   0.00     102831
20220312   9570934   40.4577  -124.6833     25.590   0.00    0.00    0.00   0.00     102832
20220416  15054898   40.4577  -124.6833     25.590   0.00    0.00    0.00   0.00     102833
20220423  21410566   40.4577  -124.6833     25.590   0.00    0.00    0.00   0.00     102834
20220425  10173010   40.4577  -124.6833     25.590   0.00    0.00    0.00   0.00     102835
20220426  18210688   40.4577  -124.6833     25.590   0.00    0.00    0.00   0.00     102836
20220429  21521644   40.4577  -124.6833     25.590   0.00    0.00    0.00   0.00     102837
20220507  11360724   40.4577  -124.6833     25.590   0.00    0.00    0.00   0.00     102838
20220526  17570880   40.4577  -124.6833     25.590   0.00    0.00    0.00   0.00     102839
20220611  22532582   40.4577  -124.6833     25.590   0.00    0.00    0.00   0.00     102840
20220612   8443226   40.4577  -124.6833     25.590   0.00    0.00    0.00   0.00     102841
20220623  21404230   40.4577  -124.6833     25.590   0.00    0.00    0.00   0.00     102842
20220728   1501278   40.4577  -124.6833     25.590   0.00    0.00    0.00   0.00     102843
20220728  20494148   40.4577  -124.6833     25.590   0.00    0.00    0.00   0.00     102844
20220805   4320368   40.4577  -124.6833     25.590   0.00    0.00    0.00   0.00     102845
20220902   1434102   40.4577  -124.6833     25.590   0.00    0.00    0.00   0.00     102846
20220903  19002542   40.4577  -124.6833     25.590   0.00    0.00    0.00   0.00     102847
20220904   3312776   40.4577  -124.6833     25.590   0.00    0.00    0.00   0.00     102848
20220924  15554614   40.4577  -124.6833     25.590   0.00    0.00    0.00   0.00     102849
20221009    294768   40.4577  -124.6833     25.590   0.00    0.00    0.00   0.00     102850
20221102  14340962   40.4577  -124.6833     25.590   0.00    0.00    0.00   0.00     102851
20221111  22431968   40.4577  -124.6833     25.590   0.00    0.00    0.00   0.00     102852
20221111  12054338   40.4577  -124.6833     25.590   0.00    0.00    0.00   0.00     102853
20221119  17010620   40.4577  -124.6833     25.590   0.00    0.00    0.00   0.00     102854
20221129  18595578   40.4577  -124.6833     25.590   0.00    0.00    0.00   0.00     102855
20200106    124302   40.5219  -124.4126     25.470   0.00    0.00    0.00   0.00     102856
20200202   2350564   40.5219  -124.4126     25.470   0.00    0.00    0.00   0.00     102857
20200208  19301082   40.5219  -124.4126     25.470   0.00    0.00    0.00   0.00     102858
20200219   8513476   40.5219  -124.4126     25.470   0.00    0.00    0.00   0.00     102859
20200502  23364730   40.5219  -124.4126     25.470   0.00    0.00    0.00   0.00     102860
20210522   2455374   40.5219  -124.4126     25.470   0.00    0.00    0.00   0.00     102861
20210620  12572154   40.5219  -124.4126     25.470   0.00    0.00    0.00   0.00     102862
20210710  21134946   40.5219  -124.4126     25.470   0.00    0.00    0.00   0.00     102863
20210713   1473380   40.5219  -124.4126     25.470   0.00    0.00    0.00   0.00     102864
20210721     55830   40.5219  -124.4126     25.470   0.00    0.00    0.00   0.00     102865
20211015   4520312   40.5219  -124.4126     25.470   0.00    0.00    0.00   0.00     102866
20211101   2121020   40.5219  -124.4126     25.470   0.00    0.00    0.00   0.00     102867
20211112  13243202   40.5219  -124.4126     25.470   0.00    0.00    0.00   0.00     102868
20211202   3365214   40.5219  -124.4126     25.470   0.00    0.00    0.00   0.00     102869
20211203  12590238   40.5219  -124.4126     25.470   0.00    0.00    0.00   0.00     102870
20211221  11404262   40.5219  -124.4126     25.470   0.00    0.00    0.00   0.00     102871
20211221  20433236   40.5219  -124.4126     25.470   0.00    0.00    0.00   0.00     102872
20211227   5281746   40.5219  -124.4126     25.470   0.00    0.00    0.00   0.00     102873
20211229  20135298   40.5219  -124.4126     25.470   0.00    0.00    0.00   0.00     102874
20220515  18330862   40.5219  -124.4126     25.470   0.00    0.00    0.00   0.00     102875
20220620   1521350   40.5219  -124.4126     25.470   0.00    0.00    0.00   0.00     102876
20221112   9390918   40.5219  -124.4126     25.470   0.00    0.00    0.00   0.00     102877
20221119  22281168   40.5219  -124.4126     25.470   0.00    0.00    0.00   0.00     102878
20200107   7254538   40.5832  -123.8894     22.210   0.00    0.00    0.00   0.00     102879
20200214  15261800   40.5832  -123.8894     22.210   0.00    0.00    0.00   0.00     102880
20200605   7171754   40.5832  -123.8894     22.210   0.00    0.00    0.00   0.00     102881
20210831  10015546   40.5832  -123.8894     22.210   0.00    0.00    0.00   0.00     102882
20220124  19043204   40.5832  -123.8894     22.210   0.00    0.00    0.00   0.00     102883
20220708  14142580   40.5832  -123.8894     22.210   0.00    0.00    0.00   0.00     102884
20221015   6344510   40.5832  -123.8894     22.210   0.00    0.00    0.00   0.00     102885
20200107  19112952   40.3632  -124.1486     33.090   0.00    0.00    0.00   0.00     102886
20201027   1332496   40.3632  -124.1486     33.090   0.00    0.00    0.00   0.00     102887
20201121  19541202   40.3632  -124.1486     33.090   0.00    0.00    0.00   0.00     102888
20210404   8103276   40.3632  -124.1486     33.090   0.00    0.00    0.00   0.00     102889
20210404   3354428   40.3632  -124.1486     33.090   0.00    0.00    0.00   0.00     102890
20210404  18255464   40.3632  -124.1486     33.090   0.00    0.00    0.00   0.00     102891
20210405   3101420   40.3632  -124.1486     33.090   0.00    0.00    0.00   0.00     102892
20210719  14460788   40.3632  -124.1486     33.090   0.00    0.00    0.00   0.00     102893
20210719  15244480   40.3632  -124.1486     33.090   0.00    0.00    0.00   0.00     102894
20211122   8123630   40.3632  -124.1486     33.090   0.00    0.00    0.00   0.00     102895
20211220  21223264   40.3632  -124.1486     33.090   0.00    0.00    0.00   0.00     102896
20211227  20192464   40.3632  -124.1486     33.090   0.00    0.00    0.00   0.00     102897
20211228  11544500   40.3632  -124.1486     33.090   0.00    0.00    0.00   0.00     102898
20220109   6203764   40.3632  -124.1486     33.090   0.00    0.00    0.00   0.00     102899
20200107  21142486   40.3970  -124.5137     21.230   0.00    0.00    0.00   0.00     102900
20200209  15300972   40.3970  -124.5137     21.230   0.00    0.00    0.00   0.00     102901
20200318  22343954   40.3970  -124.5137     21.230   0.00    0.00    0.00   0.00     102902
20200420  21580878   40.3970  -124.5137     21.230   0.00    0.00    0.00   0.00     102903
20211129  10144638   40.3970  -124.5137     21.230   0.00    0.00    0.00   0.00     102904
20220224  18284420   40.3970  -124.5137     21.230   0.00    0.00    0.00   0.00     102905
20200108   5265000   40.5468  -124.4960     26.890   0.00    0.00    0.00   0.00     102906
20200928  23100814   40.5468  -124.4960     26.890   0.00    0.00    0.00   0.00     102907
20201011  20540228   40.5468  -124.4960     26.890   0.00    0.00    0.00   0.00     102908
20210428  19334746   40.5468  -124.4960     26.890   0.00    0.00    0.00   0.00     102909
20210612   7575764   40.5468  -124.4960     26.890   0.00    0.00    0.00   0.00     102910
20210622   2522464   40.5468  -124.4960     26.890   0.00    0.00    0.00   0.00     102911
20210825  12462050   40.5468  -124.4960     26.890   0.00    0.00    0.00   0.00     102912
20210922  15274658   40.5468  -124.4960     26.890   0.00    0.00    0.00   0.00     102913
20210925    100492   40.5468  -124.4960     26.890   0.00    0.00    0.00   0.00     102914
20211128  13070444   40.5468  -124.4960     26.890   0.00    0.00    0.00   0.00     102915
20211221  13583708   40.5468  -124.4960     26.890   0.00    0.00    0.00   0.00     102916
20211221   8242296   40.5468  -124.4960     26.890   0.00    0.00    0.00   0.00     102917
20220119   2592102   40.5468  -124.4960     26.890   0.00    0.00    0.00   0.00     102918
20220128  17281312   40.5468  -124.4960     26.890   0.00    0.00    0.00   0.00     102919
20220519   2523590   40.5468  -124.4960     26.890   0.00    0.00    0.00   0.00     102920
20220615  16440796   40.5468  -124.4960     26.890   0.00    0.00    0.00   0.00     102921
20220626  14582982   40.5468  -124.4960     26.890   0.00    0.00    0.00   0.00     102922
20220709  18351944   40.5468  -124.4960     26.890   0.00    0.00    0.00   0.00     102923
20220918  23210116   40.5468  -124.4960     26.890   0.00    0.00    0.00   0.00     102924
20221009  23165480   40.5468  -124.4960     26.890   0.00    0.00    0.00   0.00     102925
20221016   8170320   40.5468  -124.4960     26.890   0.00    0.00    0.00   0.00     102926
20200109  16124612   40.3293  -124.6138     10.970   0.00    0.00    0.00   0.00     102927
20200513    363734   40.3293  -124.6138     10.970   0.00    0.00    0.00   0.00     102928
20200616   7212606   40.3293  -124.6138     10.970   0.00    0.00    0.00   0.00     102929
20200710  11405178   40.3293  -124.6138     10.970   0.00    0.00    0.00   0.00     102930
20201002   5295158   40.3293  -124.6138     10.970   0.00    0.00    0.00   0.00     102931
20201229  18565334   40.3293  -124.6138     10.970   0.00    0.00    0.00   0.00     102932
20210219  14491352   40.3293  -124.6138     10.970   0.00    0.00    0.00   0.00     102933
20210823  20461834   40.3293  -124.6138     10.970   0.00    0.00    0.00   0.00     102934
20211019   7543122   40.3293  -124.6138     10.970   0.00    0.00    0.00   0.00     102935
20211109  11282912   40.3293  -124.6138     10.970   0.00    0.00    0.00   0.00     102936
20211128  21383784   40.3293  -124.6138     10.970   0.00    0.00    0.00   0.00     102937
20211220   6112470   40.3293  -124.6138     10.970   0.00    0.00    0.00   0.00     102938
20211221  23301318   40.3293  -124.6138     10.970   0.00    0.00    0.00   0.00     102939
20211223   8432688   40.3293  -124.6138     10.970   0.00    0.00    0.00   0.00     102940
20211223  11242366   40.3293  -124.6138     10.970   0.00    0.00    0.00   0.00     102941
20211225  15575784   40.3293  -124.6138     10.970   0.00    0.00    0.00   0.00     102942
20220101  23290754   40.3293  -124.6138     10.970   0.00    0.00    0.00   0.00     102943
20220119   8103744   40.3293  -124.6138     10.970   0.00    0.00    0.00   0.00     102944
20220303   6101130   40.3293  -124.6138     10.970   0.00    0.00    0.00   0.00     102945
20220411   4042844   40.3293  -124.6138     10.970   0.00    0.00    0.00   0.00     102946
20220415  11573662   40.3293  -124.6138     10.970   0.00    0.00    0.00   0.00     102947
20220419   9283392   40.3293  -124.6138     10.970   0.00    0.00    0.00   0.00     102948
20220502  22283280   40.3293  -124.6138     10.970   0.00    0.00    0.00   0.00     102949
20220624    540154   40.3293  -124.6138     10.970   0.00    0.00    0.00   0.00     102950
20220714  16542900   40.3293  -124.6138     10.970   0.00    0.00    0.00   0.00     102951
20220722  12353550   40.3293  -124.6138     10.970   0.00    0.00    0.00   0.00     102952
20220919   8270976   40.3293  -124.6138     10.970   0.00    0.00    0.00   0.00     102953
20220928  11503374   40.3293  -124.6138     10.970   0.00    0.00    0.00   0.00     102954
20221007   7293776   40.3293  -124.6138     10.970   0.00    0.00    0.00   0.00     102955
20221114   8024814   40.3293  -124.6138     10.970   0.00    0.00    0.00   0.00     102956
20200109    251834   40.2950  -124.5668     16.990   0.00    0.00    0.00   0.00     102957
20200109   5405502   40.2950  -124.5668     16.990   0.00    0.00    0.00   0.00     102958
20200110  16195440   40.2950  -124.5668     16.990   0.00    0.00    0.00   0.00     102959
20200224  18465822   40.2950  -124.5668     16.990   0.00    0.00    0.00   0.00     102960
20200511   5180318   40.2950  -124.5668     16.990   0.00    0.00    0.00   0.00     102961
20200521  20270996   40.2950  -124.5668     16.990   0.00    0.00    0.00   0.00     102962
20200626  12414688   40.2950  -124.5668     16.990   0.00    0.00    0.00   0.00     102963
20200823  16050658   40.2950  -124.5668     16.990   0.00    0.00    0.00   0.00     102964
20200901  22121530   40.2950  -124.5668     16.990   0.00    0.00    0.00   0.00     102965
20200915  23230426   40.2950  -124.5668     16.990   0.00    0.00    0.00   0.00     102966
20200926  13452338   40.2950  -124.5668     16.990   0.00    0.00    0.00   0.00     102967
20201007  23571198   40.2950  -124.5668     16.990   0.00    0.00    0.00   0.00     102968
20210321   4392838   40.2950  -124.5668     16.990   0.00    0.00    0.00   0.00     102969
20210526    522270   40.2950  -124.5668     16.990   0.00    0.00    0.00   0.00     102970
20210607   3304766   40.2950  -124.5668     16.990   0.00    0.00    0.00   0.00     102971
20210626  19494124   40.2950  -124.5668     16.990   0.00    0.00    0.00   0.00     102972
20210727   7301382   40.2950  -124.5668     16.990   0.00    0.00    0.00   0.00     102973
20210818   7534332   40.2950  -124.5668     16.990   0.00    0.00    0.00   0.00     102974
20210915  10205222   40.2950  -124.5668     16.990   0.00    0.00    0.00   0.00     102975
20211014  12294682   40.2950  -124.5668     16.990   0.00    0.00    0.00   0.00     102976
20211209  17522488   40.2950  -124.5668     16.990   0.00    0.00    0.00   0.00     102977
20211220  14262242   40.2950  -124.5668     16.990   0.00    0.00    0.00   0.00     102978
20220105  13584290   40.2950  -124.5668     16.990   0.00    0.00    0.00   0.00     102979
20220116   3212974   40.2950  -124.5668     16.990   0.00    0.00    0.00   0.00     102980
20220219  22271734   40.2950  -124.5668     16.990   0.00    0.00    0.00   0.00     102981
20220422  22110870   40.2950  -124.5668     16.990   0.00    0.00    0.00   0.00     102982
20220514   6021284   40.2950  -124.5668     16.990   0.00    0.00    0.00   0.00     102983
20220527  21214140   40.2950  -124.5668     16.990   0.00    0.00    0.00   0.00     102984
20220609  22481790   40.2950  -124.5668     16.990   0.00    0.00    0.00   0.00     102985
20220610    405058   40.2950  -124.5668     16.990   0.00    0.00    0.00   0.00     102986
20220611   1510468   40.2950  -124.5668     16.990   0.00    0.00    0.00   0.00     102987
20220724  10061926   40.2950  -124.5668     16.990   0.00    0.00    0.00   0.00     102988
20220812   8511404   40.2950  -124.5668     16.990   0.00    0.00    0.00   0.00     102989
20220826   5133022   40.2950  -124.5668     16.990   0.00    0.00    0.00   0.00     102990
20200109  13405874   40.4912  -124.4988     29.540   0.00    0.00    0.00   0.00     102991
20200122   6003728   40.4912  -124.4988     29.540   0.00    0.00    0.00   0.00     102992
20200718   2055944   40.4912  -124.4988     29.540   0.00    0.00    0.00   0.00     102993
20200725   1555066   40.4912  -124.4988     29.540   0.00    0.00    0.00   0.00     102994
20200817  10412510   40.4912  -124.4988     29.540   0.00    0.00    0.00   0.00     102995
20200929  13394898   40.4912  -124.4988     29.540   0.00    0.00    0.00   0.00     102996
20201003  19191996   40.4912  -124.4988     29.540   0.00    0.00    0.00   0.00     102997
20201004   6550104   40.4912  -124.4988     29.540   0.00    0.00    0.00   0.00     102998
20201004  12452596   40.4912  -124.4988     29.540   0.00    0.00    0.00   0.00     102999
20201008  16455332   40.4912  -124.4988     29.540   0.00    0.00    0.00   0.00     103000
20201029  13452476   40.4912  -124.4988     29.540   0.00    0.00    0.00   0.00     103001
20201120   4013416   40.4912  -124.4988     29.540   0.00    0.00    0.00   0.00     103002
20201207   8223582   40.4912  -124.4988     29.540   0.00    0.00    0.00   0.00     103003
20201217  16523262   40.4912  -124.4988     29.540   0.00    0.00    0.00   0.00     103004
20201223  12565262   40.4912  -124.4988     29.540   0.00    0.00    0.00   0.00     103005
20210117  10195928   40.4912  -124.4988     29.540   0.00    0.00    0.00   0.00     103006
20210210  20493234   40.4912  -124.4988     29.540   0.00    0.00    0.00   0.00     103007
20210426   9010738   40.4912  -124.4988     29.540   0.00    0.00    0.00   0.00     103008
20210510   5213916   40.4912  -124.4988     29.540   0.00    0.00    0.00   0.00     103009
20210515  20361322   40.4912  -124.4988     29.540   0.00    0.00    0.00   0.00     103010
20210622  17260272   40.4912  -124.4988     29.540   0.00    0.00    0.00   0.00     103011
20210721  12065416   40.4912  -124.4988     29.540   0.00    0.00    0.00   0.00     103012
20210721  12205084   40.4912  -124.4988     29.540   0.00    0.00    0.00   0.00     103013
20210728  15521194   40.4912  -124.4988     29.540   0.00    0.00    0.00   0.00     103014
20210804  20214298   40.4912  -124.4988     29.540   0.00    0.00    0.00   0.00     103015
20210805  18123294   40.4912  -124.4988     29.540   0.00    0.00    0.00   0.00     103016
20210805  16532750   40.4912  -124.4988     29.540   0.00    0.00    0.00   0.00     103017
20210916   7491052   40.4912  -124.4988     29.540   0.00    0.00    0.00   0.00     103018
20211003  21121100   40.4912  -124.4988     29.540   0.00    0.00    0.00   0.00     103019
20211005  23020626   40.4912  -124.4988     29.540   0.00    0.00    0.00   0.00     103020
20211012   3542740   40.4912  -124.4988     29.540   0.00    0.00    0.00   0.00     103021
20211114  22323582   40.4912  -124.4988     29.540   0.00    0.00    0.00   0.00     103022
20211127   7322530   40.4912  -124.4988     29.540   0.00    0.00    0.00   0.00     103023
20211127   7174770   40.4912  -124.4988     29.540   0.00    0.00    0.00   0.00     103024
20211203   6213302   40.4912  -124.4988     29.540   0.00    0.00    0.00   0.00     103025
20211221  17140472   40.4912  -124.4988     29.540   0.00    0.00    0.00   0.00     103026
20211221   7483038   40.4912  -124.4988     29.540   0.00    0.00    0.00   0.00     103027
20211229  22513362   40.4912  -124.4988     29.540   0.00    0.00    0.00   0.00     103028
20220123  14140238   40.4912  -124.4988     29.540   0.00    0.00    0.00   0.00     103029
20220430  18252258   40.4912  -124.4988     29.540   0.00    0.00    0.00   0.00     103030
20220614  14545468   40.4912  -124.4988     29.540   0.00    0.00    0.00   0.00     103031
20220803   8241722   40.4912  -124.4988     29.540   0.00    0.00    0.00   0.00     103032
20220926   8001720   40.4912  -124.4988     29.540   0.00    0.00    0.00   0.00     103033
20220926   1250990   40.4912  -124.4988     29.540   0.00    0.00    0.00   0.00     103034
20220926   3484162   40.4912  -124.4988     29.540   0.00    0.00    0.00   0.00     103035
20221004  21363172   40.4912  -124.4988     29.540   0.00    0.00    0.00   0.00     103036
20200109   2284642   40.4950  -124.7032     25.630   0.00    0.00    0.00   0.00     103037
20200213   3365072   40.4950  -124.7032     25.630   0.00    0.00    0.00   0.00     103038
20200213   3491698   40.4950  -124.7032     25.630   0.00    0.00    0.00   0.00     103039
20200213   4555768   40.4950  -124.7032     25.630   0.00    0.00    0.00   0.00     103040
20200213   4460364   40.4950  -124.7032     25.630   0.00    0.00    0.00   0.00     103041
20200224   6024522   40.4950  -124.7032     25.630   0.00    0.00    0.00   0.00     103042
20200308   3080878   40.4950  -124.7032     25.630   0.00    0.00    0.00   0.00     103043
20200310  16411472   40.4950  -124.7032     25.630   0.00    0.00    0.00   0.00     103044
20200311  21181250   40.4950  -124.7032     25.630   0.00    0.00    0.00   0.00     103045
20200324  12250052   40.4950  -124.7032     25.630   0.00    0.00    0.00   0.00     103046
20200324   7131360   40.4950  -124.7032     25.630   0.00    0.00    0.00   0.00     103047
20200331  14165184   40.4950  -124.7032     25.630   0.00    0.00    0.00   0.00     103048
20200402   6144230   40.4950  -124.7032     25.630   0.00    0.00    0.00   0.00     103049
20200402   9240202   40.4950  -124.7032     25.630   0.00    0.00    0.00   0.00     103050
20200419   9011326   40.4950  -124.7032     25.630   0.00    0.00    0.00   0.00     103051
20200502  14300440   40.4950  -124.7032     25.630   0.00    0.00    0.00   0.00     103052
20200526  13465338   40.4950  -124.7032     25.630   0.00    0.00    0.00   0.00     103053
20200527  14132392   40.4950  -124.7032     25.630   0.00    0.00    0.00   0.00     103054
20200601   6145160   40.4950  -124.7032     25.630   0.00    0.00    0.00   0.00     103055
20200603   7514578   40.4950  -124.7032     25.630   0.00    0.00    0.00   0.00     103056
20200607  21002568   40.4950  -124.7032     25.630   0.00    0.00    0.00   0.00     103057
20200616  19213830   40.4950  -124.7032     25.630   0.00    0.00    0.00   0.00     103058
20200626   3473616   40.4950  -124.7032     25.630   0.00    0.00    0.00   0.00     103059
20200703   9583398   40.4950  -124.7032     25.630   0.00    0.00    0.00   0.00     103060
20200708  14033240   40.4950  -124.7032     25.630   0.00    0.00    0.00   0.00     103061
20200715   9210286   40.4950  -124.7032     25.630   0.00    0.00    0.00   0.00     103062
20200907   3443952   40.4950  -124.7032     25.630   0.00    0.00    0.00   0.00     103063
20200907   4570578   40.4950  -124.7032     25.630   0.00    0.00    0.00   0.00     103064
20200912  10111728   40.4950  -124.7032     25.630   0.00    0.00    0.00   0.00     103065
20200918   6584158   40.4950  -124.7032     25.630   0.00    0.00    0.00   0.00     103066
20200930   6180726   40.4950  -124.7032     25.630   0.00    0.00    0.00   0.00     103067
20201002   7320212   40.4950  -124.7032     25.630   0.00    0.00    0.00   0.00     103068
20201004  10361926   40.4950  -124.7032     25.630   0.00    0.00    0.00   0.00     103069
20201018   5173854   40.4950  -124.7032     25.630   0.00    0.00    0.00   0.00     103070
20201027  13474074   40.4950  -124.7032     25.630   0.00    0.00    0.00   0.00     103071
20201030  23240064   40.4950  -124.7032     25.630   0.00    0.00    0.00   0.00     103072
20201106   4141354   40.4950  -124.7032     25.630   0.00    0.00    0.00   0.00     103073
20201115  10015266   40.4950  -124.7032     25.630   0.00    0.00    0.00   0.00     103074
20201202   4361910   40.4950  -124.7032     25.630   0.00    0.00    0.00   0.00     103075
20201217   6444574   40.4950  -124.7032     25.630   0.00    0.00    0.00   0.00     103076
20210112   2081940   40.4950  -124.7032     25.630   0.00    0.00    0.00   0.00     103077
20210119  17424998   40.4950  -124.7032     25.630   0.00    0.00    0.00   0.00     103078
20210119  18011330   40.4950  -124.7032     25.630   0.00    0.00    0.00   0.00     103079
20210120    271278   40.4950  -124.7032     25.630   0.00    0.00    0.00   0.00     103080
20210123  19114876   40.4950  -124.7032     25.630   0.00    0.00    0.00   0.00     103081
20210128   4411178   40.4950  -124.7032     25.630   0.00    0.00    0.00   0.00     103082
20210201   4120880   40.4950  -124.7032     25.630   0.00    0.00    0.00   0.00     103083
20210323   9455426   40.4950  -124.7032     25.630   0.00    0.00    0.00   0.00     103084
20210406  11191254   40.4950  -124.7032     25.630   0.00    0.00    0.00   0.00     103085
20210426   7024530   40.4950  -124.7032     25.630   0.00    0.00    0.00   0.00     103086
20210427   6281528   40.4950  -124.7032     25.630   0.00    0.00    0.00   0.00     103087
20210507  21252938   40.4950  -124.7032     25.630   0.00    0.00    0.00   0.00     103088
20210615  10464326   40.4950  -124.7032     25.630   0.00    0.00    0.00   0.00     103089
20210704     53620   40.4950  -124.7032     25.630   0.00    0.00    0.00   0.00     103090
20210713  21590080   40.4950  -124.7032     25.630   0.00    0.00    0.00   0.00     103091
20210718   2010454   40.4950  -124.7032     25.630   0.00    0.00    0.00   0.00     103092
20210721  10364846   40.4950  -124.7032     25.630   0.00    0.00    0.00   0.00     103093
20210828  13185670   40.4950  -124.7032     25.630   0.00    0.00    0.00   0.00     103094
20210903  12333900   40.4950  -124.7032     25.630   0.00    0.00    0.00   0.00     103095
20211007  18051302   40.4950  -124.7032     25.630   0.00    0.00    0.00   0.00     103096
20211122   2252306   40.4950  -124.7032     25.630   0.00    0.00    0.00   0.00     103097
20211122   1574844   40.4950  -124.7032     25.630   0.00    0.00    0.00   0.00     103098
20211122  21235888   40.4950  -124.7032     25.630   0.00    0.00    0.00   0.00     103099
20211127  13332940   40.4950  -124.7032     25.630   0.00    0.00    0.00   0.00     103100
20211204  19352916   40.4950  -124.7032     25.630   0.00    0.00    0.00   0.00     103101
20211213  10033112   40.4950  -124.7032     25.630   0.00    0.00    0.00   0.00     103102
20211221   2485278   40.4950  -124.7032     25.630   0.00    0.00    0.00   0.00     103103
20220116  23022414   40.4950  -124.7032     25.630   0.00    0.00    0.00   0.00     103104
20220216  13344060   40.4950  -124.7032     25.630   0.00    0.00    0.00   0.00     103105
20220217  17253894   40.4950  -124.7032     25.630   0.00    0.00    0.00   0.00     103106
20220312   7111514   40.4950  -124.7032     25.630   0.00    0.00    0.00   0.00     103107
20220404  11350912   40.4950  -124.7032     25.630   0.00    0.00    0.00   0.00     103108
20220405   9482722   40.4950  -124.7032     25.630   0.00    0.00    0.00   0.00     103109
20220409  17160554   40.4950  -124.7032     25.630   0.00    0.00    0.00   0.00     103110
20220511  21214556   40.4950  -124.7032     25.630   0.00    0.00    0.00   0.00     103111
20220530  13483744   40.4950  -124.7032     25.630   0.00    0.00    0.00   0.00     103112
20220530  13305684   40.4950  -124.7032     25.630   0.00    0.00    0.00   0.00     103113
20220530  13393560   40.4950  -124.7032     25.630   0.00    0.00    0.00   0.00     103114
20220610  14381264   40.4950  -124.7032     25.630   0.00    0.00    0.00   0.00     103115
20220614   6340620   40.4950  -124.7032     25.630   0.00    0.00    0.00   0.00     103116
20220623  22543968   40.4950  -124.7032     25.630   0.00    0.00    0.00   0.00     103117
20220706  17545658   40.4950  -124.7032     25.630   0.00    0.00    0.00   0.00     103118
20220710  21134888   40.4950  -124.7032     25.630   0.00    0.00    0.00   0.00     103119
20220922   3483770   40.4950  -124.7032     25.630   0.00    0.00    0.00   0.00     103120
20221003   2502078   40.4950  -124.7032     25.630   0.00    0.00    0.00   0.00     103121
20221019  12443916   40.4950  -124.7032     25.630   0.00    0.00    0.00   0.00     103122
20200110   5251602   40.7440  -124.2153     21.670   0.00    0.00    0.00   0.00     103123
20200124   5543420   40.7440  -124.2153     21.670   0.00    0.00    0.00   0.00     103124
20200131  21512706   40.7440  -124.2153     21.670   0.00    0.00    0.00   0.00     103125
20200326   3395564   40.7440  -124.2153     21.670   0.00    0.00    0.00   0.00     103126
20200329  13173304   40.7440  -124.2153     21.670   0.00    0.00    0.00   0.00     103127
20200601  11060784   40.7440  -124.2153     21.670   0.00    0.00    0.00   0.00     103128
20200716    244072   40.7440  -124.2153     21.670   0.00    0.00    0.00   0.00     103129
20200819  22092738   40.7440  -124.2153     21.670   0.00    0.00    0.00   0.00     103130
20201228  23140704   40.7440  -124.2153     21.670   0.00    0.00    0.00   0.00     103131
20201229    312454   40.7440  -124.2153     21.670   0.00    0.00    0.00   0.00     103132
20210315   2091178   40.7440  -124.2153     21.670   0.00    0.00    0.00   0.00     103133
20210402  23155888   40.7440  -124.2153     21.670   0.00    0.00    0.00   0.00     103134
20210402  12383196   40.7440  -124.2153     21.670   0.00    0.00    0.00   0.00     103135
20211021  19391968   40.7440  -124.2153     21.670   0.00    0.00    0.00   0.00     103136
20211124  16230838   40.7440  -124.2153     21.670   0.00    0.00    0.00   0.00     103137
20211221  13351718   40.7440  -124.2153     21.670   0.00    0.00    0.00   0.00     103138
20211224   2292574   40.7440  -124.2153     21.670   0.00    0.00    0.00   0.00     103139
20220207   3170568   40.7440  -124.2153     21.670   0.00    0.00    0.00   0.00     103140
20220311    254464   40.7440  -124.2153     21.670   0.00    0.00    0.00   0.00     103141
20220406  23473866   40.7440  -124.2153     21.670   0.00    0.00    0.00   0.00     103142
20220604   3165852   40.7440  -124.2153     21.670   0.00    0.00    0.00   0.00     103143
20220921   9350166   40.7440  -124.2153     21.670   0.00    0.00    0.00   0.00     103144
20221008  10111854   40.7440  -124.2153     21.670   0.00    0.00    0.00   0.00     103145
20221013   7283646   40.7440  -124.2153     21.670   0.00    0.00    0.00   0.00     103146
20221013   8341648   40.7440  -124.2153     21.670   0.00    0.00    0.00   0.00     103147
20200110   4581874   40.4057  -124.3898     27.850   0.00    0.00    0.00   0.00     103148
20200120   7595688   40.4057  -124.3898     27.850   0.00    0.00    0.00   0.00     103149
20200201  19360318   40.4057  -124.3898     27.850   0.00    0.00    0.00   0.00     103150
20200229   3311572   40.4057  -124.3898     27.850   0.00    0.00    0.00   0.00     103151
20200319   6105804   40.4057  -124.3898     27.850   0.00    0.00    0.00   0.00     103152
20200324  19303592   40.4057  -124.3898     27.850   0.00    0.00    0.00   0.00     103153
20200419  17270192   40.4057  -124.3898     27.850   0.00    0.00    0.00   0.00     103154
20200508  15272450   40.4057  -124.3898     27.850   0.00    0.00    0.00   0.00     103155
20200522  22453648   40.4057  -124.3898     27.850   0.00    0.00    0.00   0.00     103156
20201012  20481618   40.4057  -124.3898     27.850   0.00    0.00    0.00   0.00     103157
20201023   5543190   40.4057  -124.3898     27.850   0.00    0.00    0.00   0.00     103158
20210310   6593750   40.4057  -124.3898     27.850   0.00    0.00    0.00   0.00     103159
20210508   8353354   40.4057  -124.3898     27.850   0.00    0.00    0.00   0.00     103160
20210530  13284906   40.4057  -124.3898     27.850   0.00    0.00    0.00   0.00     103161
20210803   3280036   40.4057  -124.3898     27.850   0.00    0.00    0.00   0.00     103162
20211002   9494190   40.4057  -124.3898     27.850   0.00    0.00    0.00   0.00     103163
20211002   8273646   40.4057  -124.3898     27.850   0.00    0.00    0.00   0.00     103164
20211018  15361366   40.4057  -124.3898     27.850   0.00    0.00    0.00   0.00     103165
20211025   1194024   40.4057  -124.3898     27.850   0.00    0.00    0.00   0.00     103166
20211220  22091976   40.4057  -124.3898     27.850   0.00    0.00    0.00   0.00     103167
20211221  10592536   40.4057  -124.3898     27.850   0.00    0.00    0.00   0.00     103168
20211221   1520122   40.4057  -124.3898     27.850   0.00    0.00    0.00   0.00     103169
20211230  18202810   40.4057  -124.3898     27.850   0.00    0.00    0.00   0.00     103170
20220121   7003462   40.4057  -124.3898     27.850   0.00    0.00    0.00   0.00     103171
20220127   2441498   40.4057  -124.3898     27.850   0.00    0.00    0.00   0.00     103172
20220129  22125038   40.4057  -124.3898     27.850   0.00    0.00    0.00   0.00     103173
20220608  15355324   40.4057  -124.3898     27.850   0.00    0.00    0.00   0.00     103174
20220725  18111572   40.4057  -124.3898     27.850   0.00    0.00    0.00   0.00     103175
20220819  12111980   40.4057  -124.3898     27.850   0.00    0.00    0.00   0.00     103176
20221008   3183702   40.4057  -124.3898     27.850   0.00    0.00    0.00   0.00     103177
20221017   8215748   40.4057  -124.3898     27.850   0.00    0.00    0.00   0.00     103178
20221017   8331780   40.4057  -124.3898     27.850   0.00    0.00    0.00   0.00     103179
20221115   2325734   40.4057  -124.3898     27.850   0.00    0.00    0.00   0.00     103180
20200111   1315442   40.2867  -124.4666     20.050   0.00    0.00    0.00   0.00     103181
20200111  21493226   40.2867  -124.4666     20.050   0.00    0.00    0.00   0.00     103182
20200313  19061448   40.2867  -124.4666     20.050   0.00    0.00    0.00   0.00     103183
20200316  20173002   40.2867  -124.4666     20.050   0.00    0.00    0.00   0.00     103184
20200320    263804   40.2867  -124.4666     20.050   0.00    0.00    0.00   0.00     103185
20200408   5361838   40.2867  -124.4666     20.050   0.00    0.00    0.00   0.00     103186
20200428  16201034   40.2867  -124.4666     20.050   0.00    0.00    0.00   0.00     103187
20200513  22511190   40.2867  -124.4666     20.050   0.00    0.00    0.00   0.00     103188
20200527   2481616   40.2867  -124.4666     20.050   0.00    0.00    0.00   0.00     103189
20200529  23315268   40.2867  -124.4666     20.050   0.00    0.00    0.00   0.00     103190
20200606   5170208   40.2867  -124.4666     20.050   0.00    0.00    0.00   0.00     103191
20200621  18380422   40.2867  -124.4666     20.050   0.00    0.00    0.00   0.00     103192
20200717  21440780   40.2867  -124.4666     20.050   0.00    0.00    0.00   0.00     103193
20200811   2183402   40.2867  -124.4666     20.050   0.00    0.00    0.00   0.00     103194
20200903  21101292   40.2867  -124.4666     20.050   0.00    0.00    0.00   0.00     103195
20200930  18180576   40.2867  -124.4666     20.050   0.00    0.00    0.00   0.00     103196
20201013  14334320   40.2867  -124.4666     20.050   0.00    0.00    0.00   0.00     103197
20201106  19325420   40.2867  -124.4666     20.050   0.00    0.00    0.00   0.00     103198
20201126   8193052   40.2867  -124.4666     20.050   0.00    0.00    0.00   0.00     103199
20201206   1535704   40.2867  -124.4666     20.050   0.00    0.00    0.00   0.00     103200
20201224   9224066   40.2867  -124.4666     20.050   0.00    0.00    0.00   0.00     103201
20201229  18333036   40.2867  -124.4666     20.050   0.00    0.00    0.00   0.00     103202
20210224  19370050   40.2867  -124.4666     20.050   0.00    0.00    0.00   0.00     103203
20210322  10310814   40.2867  -124.4666     20.050   0.00    0.00    0.00   0.00     103204
20210329   7432190   40.2867  -124.4666     20.050   0.00    0.00    0.00   0.00     103205
20210424   6173118   40.2867  -124.4666     20.050   0.00    0.00    0.00   0.00     103206
20210502   8093112   40.2867  -124.4666     20.050   0.00    0.00    0.00   0.00     103207
20210613   4060304   40.2867  -124.4666     20.050   0.00    0.00    0.00   0.00     103208
20210711   6081840   40.2867  -124.4666     20.050   0.00    0.00    0.00   0.00     103209
20210805  10162310   40.2867  -124.4666     20.050   0.00    0.00    0.00   0.00     103210
20210905  23035816   40.2867  -124.4666     20.050   0.00    0.00    0.00   0.00     103211
20210917  12284568   40.2867  -124.4666     20.050   0.00    0.00    0.00   0.00     103212
20211006   9093916   40.2867  -124.4666     20.050   0.00    0.00    0.00   0.00     103213
20211012  11290976   40.2867  -124.4666     20.050   0.00    0.00    0.00   0.00     103214
20211020  19500868   40.2867  -124.4666     20.050   0.00    0.00    0.00   0.00     103215
20211101  12141676   40.2867  -124.4666     20.050   0.00    0.00    0.00   0.00     103216
20211101  11433566   40.2867  -124.4666     20.050   0.00    0.00    0.00   0.00     103217
20211220  23421816   40.2867  -124.4666     20.050   0.00    0.00    0.00   0.00     103218
20211221  19532086   40.2867  -124.4666     20.050   0.00    0.00    0.00   0.00     103219
20211221   3250214   40.2867  -124.4666     20.050   0.00    0.00    0.00   0.00     103220
20211222  23560768   40.2867  -124.4666     20.050   0.00    0.00    0.00   0.00     103221
20211222  22100360   40.2867  -124.4666     20.050   0.00    0.00    0.00   0.00     103222
20211222   4334278   40.2867  -124.4666     20.050   0.00    0.00    0.00   0.00     103223
20211222   4165054   40.2867  -124.4666     20.050   0.00    0.00    0.00   0.00     103224
20211222  13500290   40.2867  -124.4666     20.050   0.00    0.00    0.00   0.00     103225
20211222   5295452   40.2867  -124.4666     20.050   0.00    0.00    0.00   0.00     103226
20211222   6221892   40.2867  -124.4666     20.050   0.00    0.00    0.00   0.00     103227
20211222  19135474   40.2867  -124.4666     20.050   0.00    0.00    0.00   0.00     103228
20211223  10365636   40.2867  -124.4666     20.050   0.00    0.00    0.00   0.00     103229
20211223   8530410   40.2867  -124.4666     20.050   0.00    0.00    0.00   0.00     103230
20211224   7124068   40.2867  -124.4666     20.050   0.00    0.00    0.00   0.00     103231
20211225   4273000   40.2867  -124.4666     20.050   0.00    0.00    0.00   0.00     103232
20211225  13071766   40.2867  -124.4666     20.050   0.00    0.00    0.00   0.00     103233
20211225  10284810   40.2867  -124.4666     20.050   0.00    0.00    0.00   0.00     103234
20211226  18241498   40.2867  -124.4666     20.050   0.00    0.00    0.00   0.00     103235
20211226  11321356   40.2867  -124.4666     20.050   0.00    0.00    0.00   0.00     103236
20211227   3191414   40.2867  -124.4666     20.050   0.00    0.00    0.00   0.00     103237
20211228  10251424   40.2867  -124.4666     20.050   0.00    0.00    0.00   0.00     103238
20211229   5390100   40.2867  -124.4666     20.050   0.00    0.00    0.00   0.00     103239
20211229  18170702   40.2867  -124.4666     20.050   0.00    0.00    0.00   0.00     103240
20211231  10162322   40.2867  -124.4666     20.050   0.00    0.00    0.00   0.00     103241
20220106  15035360   40.2867  -124.4666     20.050   0.00    0.00    0.00   0.00     103242
20220106  13115556   40.2867  -124.4666     20.050   0.00    0.00    0.00   0.00     103243
20220106   7184318   40.2867  -124.4666     20.050   0.00    0.00    0.00   0.00     103244
20220109  19374306   40.2867  -124.4666     20.050   0.00    0.00    0.00   0.00     103245
20220109  14283440   40.2867  -124.4666     20.050   0.00    0.00    0.00   0.00     103246
20220109   4335564   40.2867  -124.4666     20.050   0.00    0.00    0.00   0.00     103247
20220109  23004814   40.2867  -124.4666     20.050   0.00    0.00    0.00   0.00     103248
20220110   6352114   40.2867  -124.4666     20.050   0.00    0.00    0.00   0.00     103249
20220112   6381240   40.2867  -124.4666     20.050   0.00    0.00    0.00   0.00     103250
20220114   8445122   40.2867  -124.4666     20.050   0.00    0.00    0.00   0.00     103251
20220115  11022268   40.2867  -124.4666     20.050   0.00    0.00    0.00   0.00     103252
20220115  11072428   40.2867  -124.4666     20.050   0.00    0.00    0.00   0.00     103253
20220115  23422786   40.2867  -124.4666     20.050   0.00    0.00    0.00   0.00     103254
20220120  23352664   40.2867  -124.4666     20.050   0.00    0.00    0.00   0.00     103255
20220120   3442540   40.2867  -124.4666     20.050   0.00    0.00    0.00   0.00     103256
20220121   4173710   40.2867  -124.4666     20.050   0.00    0.00    0.00   0.00     103257
20220121   4170176   40.2867  -124.4666     20.050   0.00    0.00    0.00   0.00     103258
20220123  21351264   40.2867  -124.4666     20.050   0.00    0.00    0.00   0.00     103259
20220128   8040804   40.2867  -124.4666     20.050   0.00    0.00    0.00   0.00     103260
20220130   5204116   40.2867  -124.4666     20.050   0.00    0.00    0.00   0.00     103261
20220130  18141138   40.2867  -124.4666     20.050   0.00    0.00    0.00   0.00     103262
20220206  18142948   40.2867  -124.4666     20.050   0.00    0.00    0.00   0.00     103263
20220215   3082134   40.2867  -124.4666     20.050   0.00    0.00    0.00   0.00     103264
20220224  22570546   40.2867  -124.4666     20.050   0.00    0.00    0.00   0.00     103265
20220224   2065336   40.2867  -124.4666     20.050   0.00    0.00    0.00   0.00     103266
20220224  18012164   40.2867  -124.4666     20.050   0.00    0.00    0.00   0.00     103267
20220325   9453512   40.2867  -124.4666     20.050   0.00    0.00    0.00   0.00     103268
20220329  10355234   40.2867  -124.4666     20.050   0.00    0.00    0.00   0.00     103269
20220329  19580748   40.2867  -124.4666     20.050   0.00    0.00    0.00   0.00     103270
20220331  14404004   40.2867  -124.4666     20.050   0.00    0.00    0.00   0.00     103271
20220403  21032752   40.2867  -124.4666     20.050   0.00    0.00    0.00   0.00     103272
20220410  13031856   40.2867  -124.4666     20.050   0.00    0.00    0.00   0.00     103273
20220410  20534592   40.2867  -124.4666     20.050   0.00    0.00    0.00   0.00     103274
20220411  19563074   40.2867  -124.4666     20.050   0.00    0.00    0.00   0.00     103275
20220418  10365442   40.2867  -124.4666     20.050   0.00    0.00    0.00   0.00     103276
20220419  18433640   40.2867  -124.4666     20.050   0.00    0.00    0.00   0.00     103277
20220421  13532094   40.2867  -124.4666     20.050   0.00    0.00    0.00   0.00     103278
20220512  18204450   40.2867  -124.4666     20.050   0.00    0.00    0.00   0.00     103279
20220512  12194044   40.2867  -124.4666     20.050   0.00    0.00    0.00   0.00     103280
20220609  20084608   40.2867  -124.4666     20.050   0.00    0.00    0.00   0.00     103281
20220609   8260492   40.2867  -124.4666     20.050   0.00    0.00    0.00   0.00     103282
20220612   6174726   40.2867  -124.4666     20.050   0.00    0.00    0.00   0.00     103283
20220620   3052572   40.2867  -124.4666     20.050   0.00    0.00    0.00   0.00     103284
20220704   4245690   40.2867  -124.4666     20.050   0.00    0.00    0.00   0.00     103285
20220812   8240910   40.2867  -124.4666     20.050   0.00    0.00    0.00   0.00     103286
20220812   8362888   40.2867  -124.4666     20.050   0.00    0.00    0.00   0.00     103287
20220816   4003626   40.2867  -124.4666     20.050   0.00    0.00    0.00   0.00     103288
20220827  14353746   40.2867  -124.4666     20.050   0.00    0.00    0.00   0.00     103289
20220901  12595892   40.2867  -124.4666     20.050   0.00    0.00    0.00   0.00     103290
20220906  14161484   40.2867  -124.4666     20.050   0.00    0.00    0.00   0.00     103291
20220908  13254322   40.2867  -124.4666     20.050   0.00    0.00    0.00   0.00     103292
20220912   9102196   40.2867  -124.4666     20.050   0.00    0.00    0.00   0.00     103293
20220913  19135012   40.2867  -124.4666     20.050   0.00    0.00    0.00   0.00     103294
20221009  14384384   40.2867  -124.4666     20.050   0.00    0.00    0.00   0.00     103295
20221011  20351904   40.2867  -124.4666     20.050   0.00    0.00    0.00   0.00     103296
20221110   3492134   40.2867  -124.4666     20.050   0.00    0.00    0.00   0.00     103297
20221123  20402778   40.2867  -124.4666     20.050   0.00    0.00    0.00   0.00     103298
20200111   8095322   40.3023  -124.4332     15.420   0.00    0.00    0.00   0.00     103299
20200511   2282664   40.3023  -124.4332     15.420   0.00    0.00    0.00   0.00     103300
20200519  19184604   40.3023  -124.4332     15.420   0.00    0.00    0.00   0.00     103301
20200620   1120272   40.3023  -124.4332     15.420   0.00    0.00    0.00   0.00     103302
20210517   7093456   40.3023  -124.4332     15.420   0.00    0.00    0.00   0.00     103303
20210903  16252298   40.3023  -124.4332     15.420   0.00    0.00    0.00   0.00     103304
20211026  20142564   40.3023  -124.4332     15.420   0.00    0.00    0.00   0.00     103305
20211129   3555472   40.3023  -124.4332     15.420   0.00    0.00    0.00   0.00     103306
20211229   1511402   40.3023  -124.4332     15.420   0.00    0.00    0.00   0.00     103307
20220117    411696   40.3023  -124.4332     15.420   0.00    0.00    0.00   0.00     103308
20220421  18500248   40.3023  -124.4332     15.420   0.00    0.00    0.00   0.00     103309
20220613  23512932   40.3023  -124.4332     15.420   0.00    0.00    0.00   0.00     103310
20220906  19160020   40.3023  -124.4332     15.420   0.00    0.00    0.00   0.00     103311
20200111  15545534   40.3870  -124.2855     30.600   0.00    0.00    0.00   0.00     103312
20200215  13093588   40.3870  -124.2855     30.600   0.00    0.00    0.00   0.00     103313
20200215  12121936   40.3870  -124.2855     30.600   0.00    0.00    0.00   0.00     103314
20200318  22352852   40.3870  -124.2855     30.600   0.00    0.00    0.00   0.00     103315
20200318  22192560   40.3870  -124.2855     30.600   0.00    0.00    0.00   0.00     103316
20200319   4342822   40.3870  -124.2855     30.600   0.00    0.00    0.00   0.00     103317
20210324   9305544   40.3870  -124.2855     30.600   0.00    0.00    0.00   0.00     103318
20210817   5270392   40.3870  -124.2855     30.600   0.00    0.00    0.00   0.00     103319
20210914   9594774   40.3870  -124.2855     30.600   0.00    0.00    0.00   0.00     103320
20211103   2162914   40.3870  -124.2855     30.600   0.00    0.00    0.00   0.00     103321
20211103    282028   40.3870  -124.2855     30.600   0.00    0.00    0.00   0.00     103322
20211103   6315486   40.3870  -124.2855     30.600   0.00    0.00    0.00   0.00     103323
20211103   9451942   40.3870  -124.2855     30.600   0.00    0.00    0.00   0.00     103324
20211113   5334634   40.3870  -124.2855     30.600   0.00    0.00    0.00   0.00     103325
20211118  10032862   40.3870  -124.2855     30.600   0.00    0.00    0.00   0.00     103326
20211220  21250668   40.3870  -124.2855     30.600   0.00    0.00    0.00   0.00     103327
20211220  20244654   40.3870  -124.2855     30.600   0.00    0.00    0.00   0.00     103328
20211220  20565010   40.3870  -124.2855     30.600   0.00    0.00    0.00   0.00     103329
20211220  22410812   40.3870  -124.2855     30.600   0.00    0.00    0.00   0.00     103330
20211221  20234154   40.3870  -124.2855     30.600   0.00    0.00    0.00   0.00     103331
20211221     95060   40.3870  -124.2855     30.600   0.00    0.00    0.00   0.00     103332
20211221   2460716   40.3870  -124.2855     30.600   0.00    0.00    0.00   0.00     103333
20211221   5432364   40.3870  -124.2855     30.600   0.00    0.00    0.00   0.00     103334
20211221   1011348   40.3870  -124.2855     30.600   0.00    0.00    0.00   0.00     103335
20211221   8280910   40.3870  -124.2855     30.600   0.00    0.00    0.00   0.00     103336
20211221   4414590   40.3870  -124.2855     30.600   0.00    0.00    0.00   0.00     103337
20211221  14545360   40.3870  -124.2855     30.600   0.00    0.00    0.00   0.00     103338
20211221   1302162   40.3870  -124.2855     30.600   0.00    0.00    0.00   0.00     103339
20211221  16504032   40.3870  -124.2855     30.600   0.00    0.00    0.00   0.00     103340
20211221   1593860   40.3870  -124.2855     30.600   0.00    0.00    0.00   0.00     103341
20211221  22560214   40.3870  -124.2855     30.600   0.00    0.00    0.00   0.00     103342
20211221   2155684   40.3870  -124.2855     30.600   0.00    0.00    0.00   0.00     103343
20211222   2283296   40.3870  -124.2855     30.600   0.00    0.00    0.00   0.00     103344
20211222  12033178   40.3870  -124.2855     30.600   0.00    0.00    0.00   0.00     103345
20211222  13170068   40.3870  -124.2855     30.600   0.00    0.00    0.00   0.00     103346
20211224  13052116   40.3870  -124.2855     30.600   0.00    0.00    0.00   0.00     103347
20211225  13091740   40.3870  -124.2855     30.600   0.00    0.00    0.00   0.00     103348
20211225   2193060   40.3870  -124.2855     30.600   0.00    0.00    0.00   0.00     103349
20211226   4295328   40.3870  -124.2855     30.600   0.00    0.00    0.00   0.00     103350
20211229   7205792   40.3870  -124.2855     30.600   0.00    0.00    0.00   0.00     103351
20211231   7250290   40.3870  -124.2855     30.600   0.00    0.00    0.00   0.00     103352
20220101  16213734   40.3870  -124.2855     30.600   0.00    0.00    0.00   0.00     103353
20220107    162624   40.3870  -124.2855     30.600   0.00    0.00    0.00   0.00     103354
20220113   7274712   40.3870  -124.2855     30.600   0.00    0.00    0.00   0.00     103355
20220120   8133712   40.3870  -124.2855     30.600   0.00    0.00    0.00   0.00     103356
20220128   5103810   40.3870  -124.2855     30.600   0.00    0.00    0.00   0.00     103357
20220205   3275728   40.3870  -124.2855     30.600   0.00    0.00    0.00   0.00     103358
20220209   1091458   40.3870  -124.2855     30.600   0.00    0.00    0.00   0.00     103359
20220423   9575666   40.3870  -124.2855     30.600   0.00    0.00    0.00   0.00     103360
20220425  14435392   40.3870  -124.2855     30.600   0.00    0.00    0.00   0.00     103361
20220429  15244234   40.3870  -124.2855     30.600   0.00    0.00    0.00   0.00     103362
20220515    242310   40.3870  -124.2855     30.600   0.00    0.00    0.00   0.00     103363
20220604   8460240   40.3870  -124.2855     30.600   0.00    0.00    0.00   0.00     103364
20220614  10570894   40.3870  -124.2855     30.600   0.00    0.00    0.00   0.00     103365
20220629  19181930   40.3870  -124.2855     30.600   0.00    0.00    0.00   0.00     103366
20220802  13465432   40.3870  -124.2855     30.600   0.00    0.00    0.00   0.00     103367
20220813   9540156   40.3870  -124.2855     30.600   0.00    0.00    0.00   0.00     103368
20220901  22171124   40.3870  -124.2855     30.600   0.00    0.00    0.00   0.00     103369
20221013   6053826   40.3870  -124.2855     30.600   0.00    0.00    0.00   0.00     103370
20221026   8531978   40.3870  -124.2855     30.600   0.00    0.00    0.00   0.00     103371
20200113   4355474   40.2782  -124.5216     19.970   0.00    0.00    0.00   0.00     103372
20200114  13283362   40.2782  -124.5216     19.970   0.00    0.00    0.00   0.00     103373
20200116  20055732   40.2782  -124.5216     19.970   0.00    0.00    0.00   0.00     103374
20200305  18302042   40.2782  -124.5216     19.970   0.00    0.00    0.00   0.00     103375
20200423   2435096   40.2782  -124.5216     19.970   0.00    0.00    0.00   0.00     103376
20200503   8015584   40.2782  -124.5216     19.970   0.00    0.00    0.00   0.00     103377
20200510   5410946   40.2782  -124.5216     19.970   0.00    0.00    0.00   0.00     103378
20200512   2252056   40.2782  -124.5216     19.970   0.00    0.00    0.00   0.00     103379
20200622  23310202   40.2782  -124.5216     19.970   0.00    0.00    0.00   0.00     103380
20200628  17225312   40.2782  -124.5216     19.970   0.00    0.00    0.00   0.00     103381
20200707  22024024   40.2782  -124.5216     19.970   0.00    0.00    0.00   0.00     103382
20200713  10220732   40.2782  -124.5216     19.970   0.00    0.00    0.00   0.00     103383
20200803   9060176   40.2782  -124.5216     19.970   0.00    0.00    0.00   0.00     103384
20200803   9061552   40.2782  -124.5216     19.970   0.00    0.00    0.00   0.00     103385
20200803  16574628   40.2782  -124.5216     19.970   0.00    0.00    0.00   0.00     103386
20200930  14540556   40.2782  -124.5216     19.970   0.00    0.00    0.00   0.00     103387
20201003  12241006   40.2782  -124.5216     19.970   0.00    0.00    0.00   0.00     103388
20201105  12385824   40.2782  -124.5216     19.970   0.00    0.00    0.00   0.00     103389
20201105  12393604   40.2782  -124.5216     19.970   0.00    0.00    0.00   0.00     103390
20201106   8251344   40.2782  -124.5216     19.970   0.00    0.00    0.00   0.00     103391
20201229   9011560   40.2782  -124.5216     19.970   0.00    0.00    0.00   0.00     103392
20201229   9030424   40.2782  -124.5216     19.970   0.00    0.00    0.00   0.00     103393
20201230  23381250   40.2782  -124.5216     19.970   0.00    0.00    0.00   0.00     103394
20210226   9431528   40.2782  -124.5216     19.970   0.00    0.00    0.00   0.00     103395
20210303  17215074   40.2782  -124.5216     19.970   0.00    0.00    0.00   0.00     103396
20210304  17083720   40.2782  -124.5216     19.970   0.00    0.00    0.00   0.00     103397
20210312  18475364   40.2782  -124.5216     19.970   0.00    0.00    0.00   0.00     103398
20210314  10563828   40.2782  -124.5216     19.970   0.00    0.00    0.00   0.00     103399
20210327  10502574   40.2782  -124.5216     19.970   0.00    0.00    0.00   0.00     103400
20210405  11424314   40.2782  -124.5216     19.970   0.00    0.00    0.00   0.00     103401
20210510   6234080   40.2782  -124.5216     19.970   0.00    0.00    0.00   0.00     103402
20210529  16343570   40.2782  -124.5216     19.970   0.00    0.00    0.00   0.00     103403
20210613    341144   40.2782  -124.5216     19.970   0.00    0.00    0.00   0.00     103404
20210719  13400704   40.2782  -124.5216     19.970   0.00    0.00    0.00   0.00     103405
20210719  16353962   40.2782  -124.5216     19.970   0.00    0.00    0.00   0.00     103406
20210728   6142478   40.2782  -124.5216     19.970   0.00    0.00    0.00   0.00     103407
20210913   8054784   40.2782  -124.5216     19.970   0.00    0.00    0.00   0.00     103408
20210913   2200910   40.2782  -124.5216     19.970   0.00    0.00    0.00   0.00     103409
20210913   3001228   40.2782  -124.5216     19.970   0.00    0.00    0.00   0.00     103410
20210913   8140028   40.2782  -124.5216     19.970   0.00    0.00    0.00   0.00     103411
20210919  22242828   40.2782  -124.5216     19.970   0.00    0.00    0.00   0.00     103412
20210923   7462164   40.2782  -124.5216     19.970   0.00    0.00    0.00   0.00     103413
20211010   2353664   40.2782  -124.5216     19.970   0.00    0.00    0.00   0.00     103414
20211012  11351546   40.2782  -124.5216     19.970   0.00    0.00    0.00   0.00     103415
20211013   3151150   40.2782  -124.5216     19.970   0.00    0.00    0.00   0.00     103416
20211025  12131058   40.2782  -124.5216     19.970   0.00    0.00    0.00   0.00     103417
20211110  23371346   40.2782  -124.5216     19.970   0.00    0.00    0.00   0.00     103418
20211116  10514394   40.2782  -124.5216     19.970   0.00    0.00    0.00   0.00     103419
20211116  10501156   40.2782  -124.5216     19.970   0.00    0.00    0.00   0.00     103420
20211118  14195274   40.2782  -124.5216     19.970   0.00    0.00    0.00   0.00     103421
20211207  14413116   40.2782  -124.5216     19.970   0.00    0.00    0.00   0.00     103422
20211215  14482030   40.2782  -124.5216     19.970   0.00    0.00    0.00   0.00     103423
20211220  14251076   40.2782  -124.5216     19.970   0.00    0.00    0.00   0.00     103424
20211220  20371324   40.2782  -124.5216     19.970   0.00    0.00    0.00   0.00     103425
20211220  20073932   40.2782  -124.5216     19.970   0.00    0.00    0.00   0.00     103426
20211220  21435724   40.2782  -124.5216     19.970   0.00    0.00    0.00   0.00     103427
20211221   4192440   40.2782  -124.5216     19.970   0.00    0.00    0.00   0.00     103428
20211222  16001080   40.2782  -124.5216     19.970   0.00    0.00    0.00   0.00     103429
20211224  11035056   40.2782  -124.5216     19.970   0.00    0.00    0.00   0.00     103430
20211226  21484484   40.2782  -124.5216     19.970   0.00    0.00    0.00   0.00     103431
20211231   4451476   40.2782  -124.5216     19.970   0.00    0.00    0.00   0.00     103432
20220116  10310594   40.2782  -124.5216     19.970   0.00    0.00    0.00   0.00     103433
20220430  21035540   40.2782  -124.5216     19.970   0.00    0.00    0.00   0.00     103434
20220531  11522398   40.2782  -124.5216     19.970   0.00    0.00    0.00   0.00     103435
20220901  13092656   40.2782  -124.5216     19.970   0.00    0.00    0.00   0.00     103436
20220906   6092514   40.2782  -124.5216     19.970   0.00    0.00    0.00   0.00     103437
20220917  20320426   40.2782  -124.5216     19.970   0.00    0.00    0.00   0.00     103438
20220923  17551912   40.2782  -124.5216     19.970   0.00    0.00    0.00   0.00     103439
20220926  16594368   40.2782  -124.5216     19.970   0.00    0.00    0.00   0.00     103440
20221112  10192482   40.2782  -124.5216     19.970   0.00    0.00    0.00   0.00     103441
20221120  13082024   40.2782  -124.5216     19.970   0.00    0.00    0.00   0.00     103442
20200113  20494522   40.3791  -124.3118     29.960   0.00    0.00    0.00   0.00     103443
20200113  20004870   40.3791  -124.3118     29.960   0.00    0.00    0.00   0.00     103444
20200117   9042806   40.3791  -124.3118     29.960   0.00    0.00    0.00   0.00     103445
20200215  13194200   40.3791  -124.3118     29.960   0.00    0.00    0.00   0.00     103446
20200215  13560746   40.3791  -124.3118     29.960   0.00    0.00    0.00   0.00     103447
20200309   6292202   40.3791  -124.3118     29.960   0.00    0.00    0.00   0.00     103448
20200318  23284442   40.3791  -124.3118     29.960   0.00    0.00    0.00   0.00     103449
20200319    161064   40.3791  -124.3118     29.960   0.00    0.00    0.00   0.00     103450
20200319   2223714   40.3791  -124.3118     29.960   0.00    0.00    0.00   0.00     103451
20200608   5440498   40.3791  -124.3118     29.960   0.00    0.00    0.00   0.00     103452
20200709  19441926   40.3791  -124.3118     29.960   0.00    0.00    0.00   0.00     103453
20200714   5341518   40.3791  -124.3118     29.960   0.00    0.00    0.00   0.00     103454
20200821   4415718   40.3791  -124.3118     29.960   0.00    0.00    0.00   0.00     103455
20200920  22114936   40.3791  -124.3118     29.960   0.00    0.00    0.00   0.00     103456
20210209  11224908   40.3791  -124.3118     29.960   0.00    0.00    0.00   0.00     103457
20210523  13431078   40.3791  -124.3118     29.960   0.00    0.00    0.00   0.00     103458
20210528   2012458   40.3791  -124.3118     29.960   0.00    0.00    0.00   0.00     103459
20210529    440308   40.3791  -124.3118     29.960   0.00    0.00    0.00   0.00     103460
20210728   5255138   40.3791  -124.3118     29.960   0.00    0.00    0.00   0.00     103461
20210728   6525028   40.3791  -124.3118     29.960   0.00    0.00    0.00   0.00     103462
20210728   6550080   40.3791  -124.3118     29.960   0.00    0.00    0.00   0.00     103463
20210805   8005270   40.3791  -124.3118     29.960   0.00    0.00    0.00   0.00     103464
20210921  10442462   40.3791  -124.3118     29.960   0.00    0.00    0.00   0.00     103465
20211012  19305254   40.3791  -124.3118     29.960   0.00    0.00    0.00   0.00     103466
20211101  23305898   40.3791  -124.3118     29.960   0.00    0.00    0.00   0.00     103467
20211220  21350346   40.3791  -124.3118     29.960   0.00    0.00    0.00   0.00     103468
20211220  20415270   40.3791  -124.3118     29.960   0.00    0.00    0.00   0.00     103469
20211220  23431080   40.3791  -124.3118     29.960   0.00    0.00    0.00   0.00     103470
20211220  23231832   40.3791  -124.3118     29.960   0.00    0.00    0.00   0.00     103471
20211220  21003840   40.3791  -124.3118     29.960   0.00    0.00    0.00   0.00     103472
20211220  20202092   40.3791  -124.3118     29.960   0.00    0.00    0.00   0.00     103473
20211220  21441386   40.3791  -124.3118     29.960   0.00    0.00    0.00   0.00     103474
20211220  23513864   40.3791  -124.3118     29.960   0.00    0.00    0.00   0.00     103475
20211221   7344034   40.3791  -124.3118     29.960   0.00    0.00    0.00   0.00     103476
20211221   4115012   40.3791  -124.3118     29.960   0.00    0.00    0.00   0.00     103477
20211221   2243010   40.3791  -124.3118     29.960   0.00    0.00    0.00   0.00     103478
20211221   3210512   40.3791  -124.3118     29.960   0.00    0.00    0.00   0.00     103479
20211221   3493712   40.3791  -124.3118     29.960   0.00    0.00    0.00   0.00     103480
20211221  13384628   40.3791  -124.3118     29.960   0.00    0.00    0.00   0.00     103481
20211221   3504866   40.3791  -124.3118     29.960   0.00    0.00    0.00   0.00     103482
20211221  18061402   40.3791  -124.3118     29.960   0.00    0.00    0.00   0.00     103483
20211221     20556   40.3791  -124.3118     29.960   0.00    0.00    0.00   0.00     103484
20211221  12554442   40.3791  -124.3118     29.960   0.00    0.00    0.00   0.00     103485
20211222   6052780   40.3791  -124.3118     29.960   0.00    0.00    0.00   0.00     103486
20211222  20102670   40.3791  -124.3118     29.960   0.00    0.00    0.00   0.00     103487
20211224   1072694   40.3791  -124.3118     29.960   0.00    0.00    0.00   0.00     103488
20211224    145350   40.3791  -124.3118     29.960   0.00    0.00    0.00   0.00     103489
20211225  22202562   40.3791  -124.3118     29.960   0.00    0.00    0.00   0.00     103490
20220101   8262402   40.3791  -124.3118     29.960   0.00    0.00    0.00   0.00     103491
20220101   8431816   40.3791  -124.3118     29.960   0.00    0.00    0.00   0.00     103492
20220107   5562370   40.3791  -124.3118     29.960   0.00    0.00    0.00   0.00     103493
20220109  11444834   40.3791  -124.3118     29.960   0.00    0.00    0.00   0.00     103494
20220115   9424652   40.3791  -124.3118     29.960   0.00    0.00    0.00   0.00     103495
20220123  12560000   40.3791  -124.3118     29.960   0.00    0.00    0.00   0.00     103496
20220126   7532606   40.3791  -124.3118     29.960   0.00    0.00    0.00   0.00     103497
20220408  14163150   40.3791  -124.3118     29.960   0.00    0.00    0.00   0.00     103498
20220522   8023498   40.3791  -124.3118     29.960   0.00    0.00    0.00   0.00     103499
20220607   8365708   40.3791  -124.3118     29.960   0.00    0.00    0.00   0.00     103500
20220906  12521794   40.3791  -124.3118     29.960   0.00    0.00    0.00   0.00     103501
20221006  18593242   40.3791  -124.3118     29.960   0.00    0.00    0.00   0.00     103502
20221116   6031854   40.3791  -124.3118     29.960   0.00    0.00    0.00   0.00     103503
20200113  17282350   40.4167  -124.6357     27.790   0.00    0.00    0.00   0.00     103504
20200201  18591924   40.4167  -124.6357     27.790   0.00    0.00    0.00   0.00     103505
20200208   1252846   40.4167  -124.6357     27.790   0.00    0.00    0.00   0.00     103506
20200227   3205130   40.4167  -124.6357     27.790   0.00    0.00    0.00   0.00     103507
20200318  22260710   40.4167  -124.6357     27.790   0.00    0.00    0.00   0.00     103508
20200330   9515316   40.4167  -124.6357     27.790   0.00    0.00    0.00   0.00     103509
20200407  21265400   40.4167  -124.6357     27.790   0.00    0.00    0.00   0.00     103510
20200507   4532322   40.4167  -124.6357     27.790   0.00    0.00    0.00   0.00     103511
20200508  20484632   40.4167  -124.6357     27.790   0.00    0.00    0.00   0.00     103512
20200517  22324268   40.4167  -124.6357     27.790   0.00    0.00    0.00   0.00     103513
20200528     23696   40.4167  -124.6357     27.790   0.00    0.00    0.00   0.00     103514
20200613  16373816   40.4167  -124.6357     27.790   0.00    0.00    0.00   0.00     103515
20200621   2004732   40.4167  -124.6357     27.790   0.00    0.00    0.00   0.00     103516
20200623  20413098   40.4167  -124.6357     27.790   0.00    0.00    0.00   0.00     103517
20200717  11481004   40.4167  -124.6357     27.790   0.00    0.00    0.00   0.00     103518
20200726   5245230   40.4167  -124.6357     27.790   0.00    0.00    0.00   0.00     103519
20200815   3093194   40.4167  -124.6357     27.790   0.00    0.00    0.00   0.00     103520
20200818   2560532   40.4167  -124.6357     27.790   0.00    0.00    0.00   0.00     103521
20200819  17204564   40.4167  -124.6357     27.790   0.00    0.00    0.00   0.00     103522
20200820  22230464   40.4167  -124.6357     27.790   0.00    0.00    0.00   0.00     103523
20200820  22221290   40.4167  -124.6357     27.790   0.00    0.00    0.00   0.00     103524
20200828   9122246   40.4167  -124.6357     27.790   0.00    0.00    0.00   0.00     103525
20200831   6060170   40.4167  -124.6357     27.790   0.00    0.00    0.00   0.00     103526
20200902  12230868   40.4167  -124.6357     27.790   0.00    0.00    0.00   0.00     103527
20200921  17561980   40.4167  -124.6357     27.790   0.00    0.00    0.00   0.00     103528
20200923   9002954   40.4167  -124.6357     27.790   0.00    0.00    0.00   0.00     103529
20200923   9032372   40.4167  -124.6357     27.790   0.00    0.00    0.00   0.00     103530
20201010   1195124   40.4167  -124.6357     27.790   0.00    0.00    0.00   0.00     103531
20201011  19493726   40.4167  -124.6357     27.790   0.00    0.00    0.00   0.00     103532
20201016   3050652   40.4167  -124.6357     27.790   0.00    0.00    0.00   0.00     103533
20201020  17550298   40.4167  -124.6357     27.790   0.00    0.00    0.00   0.00     103534
20201020  17185676   40.4167  -124.6357     27.790   0.00    0.00    0.00   0.00     103535
20201030   8161588   40.4167  -124.6357     27.790   0.00    0.00    0.00   0.00     103536
20201102     83126   40.4167  -124.6357     27.790   0.00    0.00    0.00   0.00     103537
20201108     60196   40.4167  -124.6357     27.790   0.00    0.00    0.00   0.00     103538
20201114   7193028   40.4167  -124.6357     27.790   0.00    0.00    0.00   0.00     103539
20201114   8280366   40.4167  -124.6357     27.790   0.00    0.00    0.00   0.00     103540
20201123  18024254   40.4167  -124.6357     27.790   0.00    0.00    0.00   0.00     103541
20201219  14200832   40.4167  -124.6357     27.790   0.00    0.00    0.00   0.00     103542
20201220  11401160   40.4167  -124.6357     27.790   0.00    0.00    0.00   0.00     103543
20201226  20074240   40.4167  -124.6357     27.790   0.00    0.00    0.00   0.00     103544
20201229  22022574   40.4167  -124.6357     27.790   0.00    0.00    0.00   0.00     103545
20210121   2491186   40.4167  -124.6357     27.790   0.00    0.00    0.00   0.00     103546
20210207  23105032   40.4167  -124.6357     27.790   0.00    0.00    0.00   0.00     103547
20210211   4344090   40.4167  -124.6357     27.790   0.00    0.00    0.00   0.00     103548
20210213    322958   40.4167  -124.6357     27.790   0.00    0.00    0.00   0.00     103549
20210309   1385036   40.4167  -124.6357     27.790   0.00    0.00    0.00   0.00     103550
20210311  11335598   40.4167  -124.6357     27.790   0.00    0.00    0.00   0.00     103551
20210315  20281886   40.4167  -124.6357     27.790   0.00    0.00    0.00   0.00     103552
20210408   6574562   40.4167  -124.6357     27.790   0.00    0.00    0.00   0.00     103553
20210412   6170474   40.4167  -124.6357     27.790   0.00    0.00    0.00   0.00     103554
20210505  21300788   40.4167  -124.6357     27.790   0.00    0.00    0.00   0.00     103555
20210506   4120138   40.4167  -124.6357     27.790   0.00    0.00    0.00   0.00     103556
20210506  20304076   40.4167  -124.6357     27.790   0.00    0.00    0.00   0.00     103557
20210525   4072464   40.4167  -124.6357     27.790   0.00    0.00    0.00   0.00     103558
20210527  18041422   40.4167  -124.6357     27.790   0.00    0.00    0.00   0.00     103559
20210530    512496   40.4167  -124.6357     27.790   0.00    0.00    0.00   0.00     103560
20210615  11394272   40.4167  -124.6357     27.790   0.00    0.00    0.00   0.00     103561
20210617  10115788   40.4167  -124.6357     27.790   0.00    0.00    0.00   0.00     103562
20210620  17450694   40.4167  -124.6357     27.790   0.00    0.00    0.00   0.00     103563
20210622   6391236   40.4167  -124.6357     27.790   0.00    0.00    0.00   0.00     103564
20210625  16131170   40.4167  -124.6357     27.790   0.00    0.00    0.00   0.00     103565
20210703  23133930   40.4167  -124.6357     27.790   0.00    0.00    0.00   0.00     103566
20210709  19054658   40.4167  -124.6357     27.790   0.00    0.00    0.00   0.00     103567
20210711  13204954   40.4167  -124.6357     27.790   0.00    0.00    0.00   0.00     103568
20210717   3035162   40.4167  -124.6357     27.790   0.00    0.00    0.00   0.00     103569
20210721  10302436   40.4167  -124.6357     27.790   0.00    0.00    0.00   0.00     103570
20210725  16052798   40.4167  -124.6357     27.790   0.00    0.00    0.00   0.00     103571
20210801   5303434   40.4167  -124.6357     27.790   0.00    0.00    0.00   0.00     103572
20210801  10401936   40.4167  -124.6357     27.790   0.00    0.00    0.00   0.00     103573
20210804  21241558   40.4167  -124.6357     27.790   0.00    0.00    0.00   0.00     103574
20210813   6102716   40.4167  -124.6357     27.790   0.00    0.00    0.00   0.00     103575
20210814  21375832   40.4167  -124.6357     27.790   0.00    0.00    0.00   0.00     103576
20210823  19585452   40.4167  -124.6357     27.790   0.00    0.00    0.00   0.00     103577
20210829  16212732   40.4167  -124.6357     27.790   0.00    0.00    0.00   0.00     103578
20210829   6003052   40.4167  -124.6357     27.790   0.00    0.00    0.00   0.00     103579
20210905  15205112   40.4167  -124.6357     27.790   0.00    0.00    0.00   0.00     103580
20210905  18060208   40.4167  -124.6357     27.790   0.00    0.00    0.00   0.00     103581
20210906  10103372   40.4167  -124.6357     27.790   0.00    0.00    0.00   0.00     103582
20210912  10461092   40.4167  -124.6357     27.790   0.00    0.00    0.00   0.00     103583
20210912  10574006   40.4167  -124.6357     27.790   0.00    0.00    0.00   0.00     103584
20210925  20002222   40.4167  -124.6357     27.790   0.00    0.00    0.00   0.00     103585
20211016   5500978   40.4167  -124.6357     27.790   0.00    0.00    0.00   0.00     103586
20211114  12000622   40.4167  -124.6357     27.790   0.00    0.00    0.00   0.00     103587
20211115  20365650   40.4167  -124.6357     27.790   0.00    0.00    0.00   0.00     103588
20211116   8541970   40.4167  -124.6357     27.790   0.00    0.00    0.00   0.00     103589
20211122   1584712   40.4167  -124.6357     27.790   0.00    0.00    0.00   0.00     103590
20211126  16432992   40.4167  -124.6357     27.790   0.00    0.00    0.00   0.00     103591
20211217   9325264   40.4167  -124.6357     27.790   0.00    0.00    0.00   0.00     103592
20211230   8564340   40.4167  -124.6357     27.790   0.00    0.00    0.00   0.00     103593
20220101   6082558   40.4167  -124.6357     27.790   0.00    0.00    0.00   0.00     103594
20220112   6004768   40.4167  -124.6357     27.790   0.00    0.00    0.00   0.00     103595
20220116  20483342   40.4167  -124.6357     27.790   0.00    0.00    0.00   0.00     103596
20220121   3215240   40.4167  -124.6357     27.790   0.00    0.00    0.00   0.00     103597
20220123  15232228   40.4167  -124.6357     27.790   0.00    0.00    0.00   0.00     103598
20220130  11573512   40.4167  -124.6357     27.790   0.00    0.00    0.00   0.00     103599
20220209  16335748   40.4167  -124.6357     27.790   0.00    0.00    0.00   0.00     103600
20220209   6575144   40.4167  -124.6357     27.790   0.00    0.00    0.00   0.00     103601
20220213  14343718   40.4167  -124.6357     27.790   0.00    0.00    0.00   0.00     103602
20220218  10304558   40.4167  -124.6357     27.790   0.00    0.00    0.00   0.00     103603
20220218  10292270   40.4167  -124.6357     27.790   0.00    0.00    0.00   0.00     103604
20220224    565616   40.4167  -124.6357     27.790   0.00    0.00    0.00   0.00     103605
20220227  19041988   40.4167  -124.6357     27.790   0.00    0.00    0.00   0.00     103606
20220302   3225016   40.4167  -124.6357     27.790   0.00    0.00    0.00   0.00     103607
20220308   1181570   40.4167  -124.6357     27.790   0.00    0.00    0.00   0.00     103608
20220308   3322290   40.4167  -124.6357     27.790   0.00    0.00    0.00   0.00     103609
20220311   2274240   40.4167  -124.6357     27.790   0.00    0.00    0.00   0.00     103610
20220311   2304132   40.4167  -124.6357     27.790   0.00    0.00    0.00   0.00     103611
20220327  15361506   40.4167  -124.6357     27.790   0.00    0.00    0.00   0.00     103612
20220327  14101408   40.4167  -124.6357     27.790   0.00    0.00    0.00   0.00     103613
20220405   7421520   40.4167  -124.6357     27.790   0.00    0.00    0.00   0.00     103614
20220408  23431164   40.4167  -124.6357     27.790   0.00    0.00    0.00   0.00     103615
20220410  20013368   40.4167  -124.6357     27.790   0.00    0.00    0.00   0.00     103616
20220410  11292584   40.4167  -124.6357     27.790   0.00    0.00    0.00   0.00     103617
20220413  10273268   40.4167  -124.6357     27.790   0.00    0.00    0.00   0.00     103618
20220416  11335720   40.4167  -124.6357     27.790   0.00    0.00    0.00   0.00     103619
20220424    343510   40.4167  -124.6357     27.790   0.00    0.00    0.00   0.00     103620
20220426   2383282   40.4167  -124.6357     27.790   0.00    0.00    0.00   0.00     103621
20220509  14533552   40.4167  -124.6357     27.790   0.00    0.00    0.00   0.00     103622
20220510  18530572   40.4167  -124.6357     27.790   0.00    0.00    0.00   0.00     103623
20220510  18341932   40.4167  -124.6357     27.790   0.00    0.00    0.00   0.00     103624
20220510  18483440   40.4167  -124.6357     27.790   0.00    0.00    0.00   0.00     103625
20220526  15440340   40.4167  -124.6357     27.790   0.00    0.00    0.00   0.00     103626
20220615  21433336   40.4167  -124.6357     27.790   0.00    0.00    0.00   0.00     103627
20220618   1382454   40.4167  -124.6357     27.790   0.00    0.00    0.00   0.00     103628
20220628  22401306   40.4167  -124.6357     27.790   0.00    0.00    0.00   0.00     103629
20220628  22180444   40.4167  -124.6357     27.790   0.00    0.00    0.00   0.00     103630
20220708  23414548   40.4167  -124.6357     27.790   0.00    0.00    0.00   0.00     103631
20220717   3100348   40.4167  -124.6357     27.790   0.00    0.00    0.00   0.00     103632
20220721  10585636   40.4167  -124.6357     27.790   0.00    0.00    0.00   0.00     103633
20220721   2150988   40.4167  -124.6357     27.790   0.00    0.00    0.00   0.00     103634
20220721   9414570   40.4167  -124.6357     27.790   0.00    0.00    0.00   0.00     103635
20220721  12095278   40.4167  -124.6357     27.790   0.00    0.00    0.00   0.00     103636
20220721  12102482   40.4167  -124.6357     27.790   0.00    0.00    0.00   0.00     103637
20220729   4440398   40.4167  -124.6357     27.790   0.00    0.00    0.00   0.00     103638
20220801  11574072   40.4167  -124.6357     27.790   0.00    0.00    0.00   0.00     103639
20220807   9580172   40.4167  -124.6357     27.790   0.00    0.00    0.00   0.00     103640
20220815  19425098   40.4167  -124.6357     27.790   0.00    0.00    0.00   0.00     103641
20220817   4401796   40.4167  -124.6357     27.790   0.00    0.00    0.00   0.00     103642
20220819   1154420   40.4167  -124.6357     27.790   0.00    0.00    0.00   0.00     103643
20220819  17413268   40.4167  -124.6357     27.790   0.00    0.00    0.00   0.00     103644
20220829  16403248   40.4167  -124.6357     27.790   0.00    0.00    0.00   0.00     103645
20220909  17090340   40.4167  -124.6357     27.790   0.00    0.00    0.00   0.00     103646
20220914  20263208   40.4167  -124.6357     27.790   0.00    0.00    0.00   0.00     103647
20220924  22002098   40.4167  -124.6357     27.790   0.00    0.00    0.00   0.00     103648
20221002  11082538   40.4167  -124.6357     27.790   0.00    0.00    0.00   0.00     103649
20221009  11583210   40.4167  -124.6357     27.790   0.00    0.00    0.00   0.00     103650
20221011  23084090   40.4167  -124.6357     27.790   0.00    0.00    0.00   0.00     103651
20221109  18422112   40.4167  -124.6357     27.790   0.00    0.00    0.00   0.00     103652
20221111  19024774   40.4167  -124.6357     27.790   0.00    0.00    0.00   0.00     103653
20221119  23535578   40.4167  -124.6357     27.790   0.00    0.00    0.00   0.00     103654
20221121   7592128   40.4167  -124.6357     27.790   0.00    0.00    0.00   0.00     103655
20221122  15380594   40.4167  -124.6357     27.790   0.00    0.00    0.00   0.00     103656
20221122  14235760   40.4167  -124.6357     27.790   0.00    0.00    0.00   0.00     103657
20221123  11560136   40.4167  -124.6357     27.790   0.00    0.00    0.00   0.00     103658
20200113  19451568   40.3747  -124.3938     30.380   0.00    0.00    0.00   0.00     103659
20200319   2252984   40.3747  -124.3938     30.380   0.00    0.00    0.00   0.00     103660
20210724  23061598   40.3747  -124.3938     30.380   0.00    0.00    0.00   0.00     103661
20210801   9574714   40.3747  -124.3938     30.380   0.00    0.00    0.00   0.00     103662
20210904  15105046   40.3747  -124.3938     30.380   0.00    0.00    0.00   0.00     103663
20210924  22551260   40.3747  -124.3938     30.380   0.00    0.00    0.00   0.00     103664
20210925    452834   40.3747  -124.3938     30.380   0.00    0.00    0.00   0.00     103665
20211002   8102506   40.3747  -124.3938     30.380   0.00    0.00    0.00   0.00     103666
20211114  14352608   40.3747  -124.3938     30.380   0.00    0.00    0.00   0.00     103667
20211220  21011592   40.3747  -124.3938     30.380   0.00    0.00    0.00   0.00     103668
20211221    262034   40.3747  -124.3938     30.380   0.00    0.00    0.00   0.00     103669
20211221  20413466   40.3747  -124.3938     30.380   0.00    0.00    0.00   0.00     103670
20220212   1431520   40.3747  -124.3938     30.380   0.00    0.00    0.00   0.00     103671
20221015   1344828   40.3747  -124.3938     30.380   0.00    0.00    0.00   0.00     103672
20200114  15151728   40.3760  -124.6323     26.520   0.00    0.00    0.00   0.00     103673
20200116  22391778   40.3760  -124.6323     26.520   0.00    0.00    0.00   0.00     103674
20200116  23520238   40.3760  -124.6323     26.520   0.00    0.00    0.00   0.00     103675
20200116  23530352   40.3760  -124.6323     26.520   0.00    0.00    0.00   0.00     103676
20200125  18100470   40.3760  -124.6323     26.520   0.00    0.00    0.00   0.00     103677
20200127   2524158   40.3760  -124.6323     26.520   0.00    0.00    0.00   0.00     103678
20200201  16361120   40.3760  -124.6323     26.520   0.00    0.00    0.00   0.00     103679
20200315   8132692   40.3760  -124.6323     26.520   0.00    0.00    0.00   0.00     103680
20200319   1144466   40.3760  -124.6323     26.520   0.00    0.00    0.00   0.00     103681
20200319   1000622   40.3760  -124.6323     26.520   0.00    0.00    0.00   0.00     103682
20200406   8323494   40.3760  -124.6323     26.520   0.00    0.00    0.00   0.00     103683
20200406   8261264   40.3760  -124.6323     26.520   0.00    0.00    0.00   0.00     103684
20200411    301588   40.3760  -124.6323     26.520   0.00    0.00    0.00   0.00     103685
20200418   1523102   40.3760  -124.6323     26.520   0.00    0.00    0.00   0.00     103686
20200429    440914   40.3760  -124.6323     26.520   0.00    0.00    0.00   0.00     103687
20200430  20363772   40.3760  -124.6323     26.520   0.00    0.00    0.00   0.00     103688
20200501  22033046   40.3760  -124.6323     26.520   0.00    0.00    0.00   0.00     103689
20200509    554954   40.3760  -124.6323     26.520   0.00    0.00    0.00   0.00     103690
20200513     72494   40.3760  -124.6323     26.520   0.00    0.00    0.00   0.00     103691
20200513    410390   40.3760  -124.6323     26.520   0.00    0.00    0.00   0.00     103692
20200519   5083306   40.3760  -124.6323     26.520   0.00    0.00    0.00   0.00     103693
20200519   5153310   40.3760  -124.6323     26.520   0.00    0.00    0.00   0.00     103694
20200519   5123808   40.3760  -124.6323     26.520   0.00    0.00    0.00   0.00     103695
20200523  22433376   40.3760  -124.6323     26.520   0.00    0.00    0.00   0.00     103696
20200604  14544080   40.3760  -124.6323     26.520   0.00    0.00    0.00   0.00     103697
20200604  14100308   40.3760  -124.6323     26.520   0.00    0.00    0.00   0.00     103698
20200606  10472342   40.3760  -124.6323     26.520   0.00    0.00    0.00   0.00     103699
20200618   5284296   40.3760  -124.6323     26.520   0.00    0.00    0.00   0.00     103700
20200620  15050566   40.3760  -124.6323     26.520   0.00    0.00    0.00   0.00     103701
20200626  12520514   40.3760  -124.6323     26.520   0.00    0.00    0.00   0.00     103702
20200714  12183626   40.3760  -124.6323     26.520   0.00    0.00    0.00   0.00     103703
20200714  10095892   40.3760  -124.6323     26.520   0.00    0.00    0.00   0.00     103704
20200807  15060946   40.3760  -124.6323     26.520   0.00    0.00    0.00   0.00     103705
20200809  20370124   40.3760  -124.6323     26.520   0.00    0.00    0.00   0.00     103706
20200820  19210118   40.3760  -124.6323     26.520   0.00    0.00    0.00   0.00     103707
20200906   7084892   40.3760  -124.6323     26.520   0.00    0.00    0.00   0.00     103708
20200914   7105326   40.3760  -124.6323     26.520   0.00    0.00    0.00   0.00     103709
20200917  11303962   40.3760  -124.6323     26.520   0.00    0.00    0.00   0.00     103710
20200918   4044512   40.3760  -124.6323     26.520   0.00    0.00    0.00   0.00     103711
20200920   6070556   40.3760  -124.6323     26.520   0.00    0.00    0.00   0.00     103712
20200929  16410748   40.3760  -124.6323     26.520   0.00    0.00    0.00   0.00     103713
20201004   4333552   40.3760  -124.6323     26.520   0.00    0.00    0.00   0.00     103714
20201010  16471698   40.3760  -124.6323     26.520   0.00    0.00    0.00   0.00     103715
20201011   5472390   40.3760  -124.6323     26.520   0.00    0.00    0.00   0.00     103716
20201109   3261490   40.3760  -124.6323     26.520   0.00    0.00    0.00   0.00     103717
20201109   2505850   40.3760  -124.6323     26.520   0.00    0.00    0.00   0.00     103718
20201221  15133164   40.3760  -124.6323     26.520   0.00    0.00    0.00   0.00     103719
20210109  12382080   40.3760  -124.6323     26.520   0.00    0.00    0.00   0.00     103720
20210121  20443790   40.3760  -124.6323     26.520   0.00    0.00    0.00   0.00     103721
20210121  20471812   40.3760  -124.6323     26.520   0.00    0.00    0.00   0.00     103722
20210127  11061608   40.3760  -124.6323     26.520   0.00    0.00    0.00   0.00     103723
20210128   8011846   40.3760  -124.6323     26.520   0.00    0.00    0.00   0.00     103724
20210212   4134612   40.3760  -124.6323     26.520   0.00    0.00    0.00   0.00     103725
20210212   4054210   40.3760  -124.6323     26.520   0.00    0.00    0.00   0.00     103726
20210228  17420152   40.3760  -124.6323     26.520   0.00    0.00    0.00   0.00     103727
20210302  17262940   40.3760  -124.6323     26.520   0.00    0.00    0.00   0.00     103728
20210303   1550128   40.3760  -124.6323     26.520   0.00    0.00    0.00   0.00     103729
20210308  20114062   40.3760  -124.6323     26.520   0.00    0.00    0.00   0.00     103730
20210310  10315356   40.3760  -124.6323     26.520   0.00    0.00    0.00   0.00     103731
20210314   2204636   40.3760  -124.6323     26.520   0.00    0.00    0.00   0.00     103732
20210316  22265968   40.3760  -124.6323     26.520   0.00    0.00    0.00   0.00     103733
20210316  22453064   40.3760  -124.6323     26.520   0.00    0.00    0.00   0.00     103734
20210329   6084196   40.3760  -124.6323     26.520   0.00    0.00    0.00   0.00     103735
20210424  19551298   40.3760  -124.6323     26.520   0.00    0.00    0.00   0.00     103736
20210424  21252242   40.3760  -124.6323     26.520   0.00    0.00    0.00   0.00     103737
20210502  10151536   40.3760  -124.6323     26.520   0.00    0.00    0.00   0.00     103738
20210517   1511500   40.3760  -124.6323     26.520   0.00    0.00    0.00   0.00     103739
20210520  18541608   40.3760  -124.6323     26.520   0.00    0.00    0.00   0.00     103740
20210527   9084282   40.3760  -124.6323     26.520   0.00    0.00    0.00   0.00     103741
20210530  21591574   40.3760  -124.6323     26.520   0.00    0.00    0.00   0.00     103742
20210603   9111662   40.3760  -124.6323     26.520   0.00    0.00    0.00   0.00     103743
20210603  10472794   40.3760  -124.6323     26.520   0.00    0.00    0.00   0.00     103744
20210613  14555250   40.3760  -124.6323     26.520   0.00    0.00    0.00   0.00     103745
20210621  18255890   40.3760  -124.6323     26.520   0.00    0.00    0.00   0.00     103746
20210621  18561010   40.3760  -124.6323     26.520   0.00    0.00    0.00   0.00     103747
20210626  21345392   40.3760  -124.6323     26.520   0.00    0.00    0.00   0.00     103748
20210626  21525248   40.3760  -124.6323     26.520   0.00    0.00    0.00   0.00     103749
20210704    110890   40.3760  -124.6323     26.520   0.00    0.00    0.00   0.00     103750
20210707   1425334   40.3760  -124.6323     26.520   0.00    0.00    0.00   0.00     103751
20210716   4380954   40.3760  -124.6323     26.520   0.00    0.00    0.00   0.00     103752
20210723  17270408   40.3760  -124.6323     26.520   0.00    0.00    0.00   0.00     103753
20210723  18541412   40.3760  -124.6323     26.520   0.00    0.00    0.00   0.00     103754
20210729    594756   40.3760  -124.6323     26.520   0.00    0.00    0.00   0.00     103755
20210801  18293084   40.3760  -124.6323     26.520   0.00    0.00    0.00   0.00     103756
20210802   9241998   40.3760  -124.6323     26.520   0.00    0.00    0.00   0.00     103757
20210803  22334242   40.3760  -124.6323     26.520   0.00    0.00    0.00   0.00     103758
20210809  13095322   40.3760  -124.6323     26.520   0.00    0.00    0.00   0.00     103759
20210809   5501028   40.3760  -124.6323     26.520   0.00    0.00    0.00   0.00     103760
20210812  13244002   40.3760  -124.6323     26.520   0.00    0.00    0.00   0.00     103761
20210822   5241290   40.3760  -124.6323     26.520   0.00    0.00    0.00   0.00     103762
20210823  11483672   40.3760  -124.6323     26.520   0.00    0.00    0.00   0.00     103763
20210823  16352776   40.3760  -124.6323     26.520   0.00    0.00    0.00   0.00     103764
20210914  11072246   40.3760  -124.6323     26.520   0.00    0.00    0.00   0.00     103765
20210915  10502194   40.3760  -124.6323     26.520   0.00    0.00    0.00   0.00     103766
20210915  10505888   40.3760  -124.6323     26.520   0.00    0.00    0.00   0.00     103767
20210917   3082212   40.3760  -124.6323     26.520   0.00    0.00    0.00   0.00     103768
20210919   3331598   40.3760  -124.6323     26.520   0.00    0.00    0.00   0.00     103769
20210922  19293358   40.3760  -124.6323     26.520   0.00    0.00    0.00   0.00     103770
20211005  15491126   40.3760  -124.6323     26.520   0.00    0.00    0.00   0.00     103771
20211009  14044374   40.3760  -124.6323     26.520   0.00    0.00    0.00   0.00     103772
20211029   6452246   40.3760  -124.6323     26.520   0.00    0.00    0.00   0.00     103773
20211112  15264320   40.3760  -124.6323     26.520   0.00    0.00    0.00   0.00     103774
20211113   8042122   40.3760  -124.6323     26.520   0.00    0.00    0.00   0.00     103775
20211116  12380772   40.3760  -124.6323     26.520   0.00    0.00    0.00   0.00     103776
20211122   6155194   40.3760  -124.6323     26.520   0.00    0.00    0.00   0.00     103777
20211123   9113420   40.3760  -124.6323     26.520   0.00    0.00    0.00   0.00     103778
20211128   8193750   40.3760  -124.6323     26.520   0.00    0.00    0.00   0.00     103779
20211129   2315798   40.3760  -124.6323     26.520   0.00    0.00    0.00   0.00     103780
20211205  11191718   40.3760  -124.6323     26.520   0.00    0.00    0.00   0.00     103781
20211205  11203906   40.3760  -124.6323     26.520   0.00    0.00    0.00   0.00     103782
20211207  12335826   40.3760  -124.6323     26.520   0.00    0.00    0.00   0.00     103783
20211208   3412562   40.3760  -124.6323     26.520   0.00    0.00    0.00   0.00     103784
20211209   8164728   40.3760  -124.6323     26.520   0.00    0.00    0.00   0.00     103785
20211218   7242324   40.3760  -124.6323     26.520   0.00    0.00    0.00   0.00     103786
20211219   2144056   40.3760  -124.6323     26.520   0.00    0.00    0.00   0.00     103787
20220102   2515046   40.3760  -124.6323     26.520   0.00    0.00    0.00   0.00     103788
20220102  22233424   40.3760  -124.6323     26.520   0.00    0.00    0.00   0.00     103789
20220105   3142450   40.3760  -124.6323     26.520   0.00    0.00    0.00   0.00     103790
20220107  22144922   40.3760  -124.6323     26.520   0.00    0.00    0.00   0.00     103791
20220110  12243436   40.3760  -124.6323     26.520   0.00    0.00    0.00   0.00     103792
20220114   5181220   40.3760  -124.6323     26.520   0.00    0.00    0.00   0.00     103793
20220124  10593360   40.3760  -124.6323     26.520   0.00    0.00    0.00   0.00     103794
20220202   2275708   40.3760  -124.6323     26.520   0.00    0.00    0.00   0.00     103795
20220218  12445602   40.3760  -124.6323     26.520   0.00    0.00    0.00   0.00     103796
20220219  12210150   40.3760  -124.6323     26.520   0.00    0.00    0.00   0.00     103797
20220223  14422456   40.3760  -124.6323     26.520   0.00    0.00    0.00   0.00     103798
20220226  21593106   40.3760  -124.6323     26.520   0.00    0.00    0.00   0.00     103799
20220305   2033136   40.3760  -124.6323     26.520   0.00    0.00    0.00   0.00     103800
20220308  23071636   40.3760  -124.6323     26.520   0.00    0.00    0.00   0.00     103801
20220312   4334894   40.3760  -124.6323     26.520   0.00    0.00    0.00   0.00     103802
20220312  19552594   40.3760  -124.6323     26.520   0.00    0.00    0.00   0.00     103803
20220315  10403852   40.3760  -124.6323     26.520   0.00    0.00    0.00   0.00     103804
20220317   7462622   40.3760  -124.6323     26.520   0.00    0.00    0.00   0.00     103805
20220323  22101198   40.3760  -124.6323     26.520   0.00    0.00    0.00   0.00     103806
20220324  12284004   40.3760  -124.6323     26.520   0.00    0.00    0.00   0.00     103807
20220324  20441214   40.3760  -124.6323     26.520   0.00    0.00    0.00   0.00     103808
20220413  15044766   40.3760  -124.6323     26.520   0.00    0.00    0.00   0.00     103809
20220513  22564484   40.3760  -124.6323     26.520   0.00    0.00    0.00   0.00     103810
20220514    440996   40.3760  -124.6323     26.520   0.00    0.00    0.00   0.00     103811
20220515  19094198   40.3760  -124.6323     26.520   0.00    0.00    0.00   0.00     103812
20220526  22572864   40.3760  -124.6323     26.520   0.00    0.00    0.00   0.00     103813
20220531  12385998   40.3760  -124.6323     26.520   0.00    0.00    0.00   0.00     103814
20220531  16451930   40.3760  -124.6323     26.520   0.00    0.00    0.00   0.00     103815
20220605   2233068   40.3760  -124.6323     26.520   0.00    0.00    0.00   0.00     103816
20220608  23213660   40.3760  -124.6323     26.520   0.00    0.00    0.00   0.00     103817
20220610  13023678   40.3760  -124.6323     26.520   0.00    0.00    0.00   0.00     103818
20220614  12075324   40.3760  -124.6323     26.520   0.00    0.00    0.00   0.00     103819
20220616  23231116   40.3760  -124.6323     26.520   0.00    0.00    0.00   0.00     103820
20220620  17040656   40.3760  -124.6323     26.520   0.00    0.00    0.00   0.00     103821
20220702   3272616   40.3760  -124.6323     26.520   0.00    0.00    0.00   0.00     103822
20220702   3305086   40.3760  -124.6323     26.520   0.00    0.00    0.00   0.00     103823
20220702   3442068   40.3760  -124.6323     26.520   0.00    0.00    0.00   0.00     103824
20220703  23352228   40.3760  -124.6323     26.520   0.00    0.00    0.00   0.00     103825
20220718  18202438   40.3760  -124.6323     26.520   0.00    0.00    0.00   0.00     103826
20220729  15325244   40.3760  -124.6323     26.520   0.00    0.00    0.00   0.00     103827
20220730  10033746   40.3760  -124.6323     26.520   0.00    0.00    0.00   0.00     103828
20220808  16294154   40.3760  -124.6323     26.520   0.00    0.00    0.00   0.00     103829
20220818  16301094   40.3760  -124.6323     26.520   0.00    0.00    0.00   0.00     103830
20220821   3433074   40.3760  -124.6323     26.520   0.00    0.00    0.00   0.00     103831
20220825  19042300   40.3760  -124.6323     26.520   0.00    0.00    0.00   0.00     103832
20220904   7300372   40.3760  -124.6323     26.520   0.00    0.00    0.00   0.00     103833
20220905  17442506   40.3760  -124.6323     26.520   0.00    0.00    0.00   0.00     103834
20220922  18371260   40.3760  -124.6323     26.520   0.00    0.00    0.00   0.00     103835
20220923  19400310   40.3760  -124.6323     26.520   0.00    0.00    0.00   0.00     103836
20220925    133624   40.3760  -124.6323     26.520   0.00    0.00    0.00   0.00     103837
20220927  10102772   40.3760  -124.6323     26.520   0.00    0.00    0.00   0.00     103838
20220929  20435446   40.3760  -124.6323     26.520   0.00    0.00    0.00   0.00     103839
20220930  20371648   40.3760  -124.6323     26.520   0.00    0.00    0.00   0.00     103840
20221015  19552090   40.3760  -124.6323     26.520   0.00    0.00    0.00   0.00     103841
20221027  16010848   40.3760  -124.6323     26.520   0.00    0.00    0.00   0.00     103842
20221027  19134120   40.3760  -124.6323     26.520   0.00    0.00    0.00   0.00     103843
20221027  19104600   40.3760  -124.6323     26.520   0.00    0.00    0.00   0.00     103844
20221103  23340730   40.3760  -124.6323     26.520   0.00    0.00    0.00   0.00     103845
20221107     31658   40.3760  -124.6323     26.520   0.00    0.00    0.00   0.00     103846
20221111   4295792   40.3760  -124.6323     26.520   0.00    0.00    0.00   0.00     103847
20221117  10094882   40.3760  -124.6323     26.520   0.00    0.00    0.00   0.00     103848
20221119  19435254   40.3760  -124.6323     26.520   0.00    0.00    0.00   0.00     103849
20221122  17132076   40.3760  -124.6323     26.520   0.00    0.00    0.00   0.00     103850
20221126   8021238   40.3760  -124.6323     26.520   0.00    0.00    0.00   0.00     103851
20200114   1162086   40.5803  -124.2337     18.680   0.00    0.00    0.00   0.00     103852
20200115  17090968   40.6286  -123.9391     21.010   0.00    0.00    0.00   0.00     103853
20200906   8023582   40.6286  -123.9391     21.010   0.00    0.00    0.00   0.00     103854
20211117   1300552   40.6286  -123.9391     21.010   0.00    0.00    0.00   0.00     103855
20220129   9031500   40.6286  -123.9391     21.010   0.00    0.00    0.00   0.00     103856
20220522   1312914   40.6286  -123.9391     21.010   0.00    0.00    0.00   0.00     103857
20220522   6304028   40.6286  -123.9391     21.010   0.00    0.00    0.00   0.00     103858
20220523   3585680   40.6286  -123.9391     21.010   0.00    0.00    0.00   0.00     103859
20220527  11433072   40.6286  -123.9391     21.010   0.00    0.00    0.00   0.00     103860
20220727  10380470   40.6286  -123.9391     21.010   0.00    0.00    0.00   0.00     103861
20221117  16032508   40.6286  -123.9391     21.010   0.00    0.00    0.00   0.00     103862
20221120  23283704   40.6286  -123.9391     21.010   0.00    0.00    0.00   0.00     103863
20200115   6503822   40.2973  -124.3463      9.400   0.00    0.00    0.00   0.00     103864
20200124  14141962   40.2973  -124.3463      9.400   0.00    0.00    0.00   0.00     103865
20200124  22034174   40.2973  -124.3463      9.400   0.00    0.00    0.00   0.00     103866
20200124  15302036   40.2973  -124.3463      9.400   0.00    0.00    0.00   0.00     103867
20200124  21040250   40.2973  -124.3463      9.400   0.00    0.00    0.00   0.00     103868
20200124  15555970   40.2973  -124.3463      9.400   0.00    0.00    0.00   0.00     103869
20200124  15224808   40.2973  -124.3463      9.400   0.00    0.00    0.00   0.00     103870
20200124  22540746   40.2973  -124.3463      9.400   0.00    0.00    0.00   0.00     103871
20200124  15251342   40.2973  -124.3463      9.400   0.00    0.00    0.00   0.00     103872
20200124  15262314   40.2973  -124.3463      9.400   0.00    0.00    0.00   0.00     103873
20200124  20030250   40.2973  -124.3463      9.400   0.00    0.00    0.00   0.00     103874
20200124  15561938   40.2973  -124.3463      9.400   0.00    0.00    0.00   0.00     103875
20200124  23202498   40.2973  -124.3463      9.400   0.00    0.00    0.00   0.00     103876
20200124  20430122   40.2973  -124.3463      9.400   0.00    0.00    0.00   0.00     103877
20200125    254150   40.2973  -124.3463      9.400   0.00    0.00    0.00   0.00     103878
20200125   3135420   40.2973  -124.3463      9.400   0.00    0.00    0.00   0.00     103879
20200125   3135934   40.2973  -124.3463      9.400   0.00    0.00    0.00   0.00     103880
20200125   3295528   40.2973  -124.3463      9.400   0.00    0.00    0.00   0.00     103881
20200125   3142868   40.2973  -124.3463      9.400   0.00    0.00    0.00   0.00     103882
20200125   3090622   40.2973  -124.3463      9.400   0.00    0.00    0.00   0.00     103883
20200125   3151096   40.2973  -124.3463      9.400   0.00    0.00    0.00   0.00     103884
20200125   3154106   40.2973  -124.3463      9.400   0.00    0.00    0.00   0.00     103885
20200125   3364550   40.2973  -124.3463      9.400   0.00    0.00    0.00   0.00     103886
20200125   3114936   40.2973  -124.3463      9.400   0.00    0.00    0.00   0.00     103887
20200125   5131138   40.2973  -124.3463      9.400   0.00    0.00    0.00   0.00     103888
20200125   3165564   40.2973  -124.3463      9.400   0.00    0.00    0.00   0.00     103889
20200127  19043586   40.2973  -124.3463      9.400   0.00    0.00    0.00   0.00     103890
20200127  17361202   40.2973  -124.3463      9.400   0.00    0.00    0.00   0.00     103891
20200127  16234448   40.2973  -124.3463      9.400   0.00    0.00    0.00   0.00     103892
20200128  18050462   40.2973  -124.3463      9.400   0.00    0.00    0.00   0.00     103893
20200312  22285364   40.2973  -124.3463      9.400   0.00    0.00    0.00   0.00     103894
20200313   2395058   40.2973  -124.3463      9.400   0.00    0.00    0.00   0.00     103895
20200313   2373734   40.2973  -124.3463      9.400   0.00    0.00    0.00   0.00     103896
20200313   5101296   40.2973  -124.3463      9.400   0.00    0.00    0.00   0.00     103897
20200407  16505642   40.2973  -124.3463      9.400   0.00    0.00    0.00   0.00     103898
20200407  18290394   40.2973  -124.3463      9.400   0.00    0.00    0.00   0.00     103899
20200407  18233156   40.2973  -124.3463      9.400   0.00    0.00    0.00   0.00     103900
20200510   3404752   40.2973  -124.3463      9.400   0.00    0.00    0.00   0.00     103901
20200716  14402616   40.2973  -124.3463      9.400   0.00    0.00    0.00   0.00     103902
20201014  21531426   40.2973  -124.3463      9.400   0.00    0.00    0.00   0.00     103903
20201109   2110962   40.2973  -124.3463      9.400   0.00    0.00    0.00   0.00     103904
20201210   3163936   40.2973  -124.3463      9.400   0.00    0.00    0.00   0.00     103905
20210206  20401468   40.2973  -124.3463      9.400   0.00    0.00    0.00   0.00     103906
20210207   2301008   40.2973  -124.3463      9.400   0.00    0.00    0.00   0.00     103907
20210313  11250226   40.2973  -124.3463      9.400   0.00    0.00    0.00   0.00     103908
20210405  17170036   40.2973  -124.3463      9.400   0.00    0.00    0.00   0.00     103909
20210405  19025762   40.2973  -124.3463      9.400   0.00    0.00    0.00   0.00     103910
20210405  13503328   40.2973  -124.3463      9.400   0.00    0.00    0.00   0.00     103911
20210417  12560130   40.2973  -124.3463      9.400   0.00    0.00    0.00   0.00     103912
20210417  13405364   40.2973  -124.3463      9.400   0.00    0.00    0.00   0.00     103913
20210628   4363364   40.2973  -124.3463      9.400   0.00    0.00    0.00   0.00     103914
20210728  21110238   40.2973  -124.3463      9.400   0.00    0.00    0.00   0.00     103915
20210728  21333602   40.2973  -124.3463      9.400   0.00    0.00    0.00   0.00     103916
20210907  19174048   40.2973  -124.3463      9.400   0.00    0.00    0.00   0.00     103917
20210907  19400586   40.2973  -124.3463      9.400   0.00    0.00    0.00   0.00     103918
20211125  16284016   40.2973  -124.3463      9.400   0.00    0.00    0.00   0.00     103919
20211130   4262428   40.2973  -124.3463      9.400   0.00    0.00    0.00   0.00     103920
20211221   3385194   40.2973  -124.3463      9.400   0.00    0.00    0.00   0.00     103921
20220323  22421072   40.2973  -124.3463      9.400   0.00    0.00    0.00   0.00     103922
20220529  22495724   40.2973  -124.3463      9.400   0.00    0.00    0.00   0.00     103923
20220529  21132380   40.2973  -124.3463      9.400   0.00    0.00    0.00   0.00     103924
20220529  22010930   40.2973  -124.3463      9.400   0.00    0.00    0.00   0.00     103925
20220529  19360542   40.2973  -124.3463      9.400   0.00    0.00    0.00   0.00     103926
20220529  19112788   40.2973  -124.3463      9.400   0.00    0.00    0.00   0.00     103927
20220529  19494920   40.2973  -124.3463      9.400   0.00    0.00    0.00   0.00     103928
20220530   4100906   40.2973  -124.3463      9.400   0.00    0.00    0.00   0.00     103929
20220530   1513058   40.2973  -124.3463      9.400   0.00    0.00    0.00   0.00     103930
20220530   2241320   40.2973  -124.3463      9.400   0.00    0.00    0.00   0.00     103931
20220530   3120882   40.2973  -124.3463      9.400   0.00    0.00    0.00   0.00     103932
20220530   9434884   40.2973  -124.3463      9.400   0.00    0.00    0.00   0.00     103933
20220530   6350356   40.2973  -124.3463      9.400   0.00    0.00    0.00   0.00     103934
20220530   6423880   40.2973  -124.3463      9.400   0.00    0.00    0.00   0.00     103935
20220530   7001260   40.2973  -124.3463      9.400   0.00    0.00    0.00   0.00     103936
20220530   4062856   40.2973  -124.3463      9.400   0.00    0.00    0.00   0.00     103937
20220628  17555092   40.2973  -124.3463      9.400   0.00    0.00    0.00   0.00     103938
20220812   4454674   40.2973  -124.3463      9.400   0.00    0.00    0.00   0.00     103939
20200115  21363622   40.4770  -123.9986     30.400   0.00    0.00    0.00   0.00     103940
20200322  17122800   40.4770  -123.9986     30.400   0.00    0.00    0.00   0.00     103941
20210320   1062024   40.4770  -123.9986     30.400   0.00    0.00    0.00   0.00     103942
20211005   2355878   40.4770  -123.9986     30.400   0.00    0.00    0.00   0.00     103943
20220115  15130296   40.4770  -123.9986     30.400   0.00    0.00    0.00   0.00     103944
20220517  10232770   40.4770  -123.9986     30.400   0.00    0.00    0.00   0.00     103945
20220914   8413464   40.4770  -123.9986     30.400   0.00    0.00    0.00   0.00     103946
20200116    153892   40.5813  -123.9269     26.380   0.00    0.00    0.00   0.00     103947
20200715  23271718   40.5813  -123.9269     26.380   0.00    0.00    0.00   0.00     103948
20200715  23270748   40.5813  -123.9269     26.380   0.00    0.00    0.00   0.00     103949
20200829   7273300   40.5813  -123.9269     26.380   0.00    0.00    0.00   0.00     103950
20201020   4405102   40.5813  -123.9269     26.380   0.00    0.00    0.00   0.00     103951
20210322    234190   40.5813  -123.9269     26.380   0.00    0.00    0.00   0.00     103952
20210628  22304964   40.5813  -123.9269     26.380   0.00    0.00    0.00   0.00     103953
20210706  11510360   40.5813  -123.9269     26.380   0.00    0.00    0.00   0.00     103954
20210818  13150380   40.5813  -123.9269     26.380   0.00    0.00    0.00   0.00     103955
20210929  15495052   40.5813  -123.9269     26.380   0.00    0.00    0.00   0.00     103956
20210930     50350   40.5813  -123.9269     26.380   0.00    0.00    0.00   0.00     103957
20211016  22173378   40.5813  -123.9269     26.380   0.00    0.00    0.00   0.00     103958
20220308   1092552   40.5813  -123.9269     26.380   0.00    0.00    0.00   0.00     103959
20220619  20113030   40.5813  -123.9269     26.380   0.00    0.00    0.00   0.00     103960
20220722  10341208   40.5813  -123.9269     26.380   0.00    0.00    0.00   0.00     103961
20220806  20030894   40.5813  -123.9269     26.380   0.00    0.00    0.00   0.00     103962
20221003   1193824   40.5813  -123.9269     26.380   0.00    0.00    0.00   0.00     103963
20200117  21160074   40.3564  -124.4528     27.960   0.00    0.00    0.00   0.00     103964
20200204   9572716   40.3564  -124.4528     27.960   0.00    0.00    0.00   0.00     103965
20200206   3304096   40.3564  -124.4528     27.960   0.00    0.00    0.00   0.00     103966
20200229  12175918   40.3564  -124.4528     27.960   0.00    0.00    0.00   0.00     103967
20200310  15525542   40.3564  -124.4528     27.960   0.00    0.00    0.00   0.00     103968
20200318  23043316   40.3564  -124.4528     27.960   0.00    0.00    0.00   0.00     103969
20200318  23001712   40.3564  -124.4528     27.960   0.00    0.00    0.00   0.00     103970
20200318  23224542   40.3564  -124.4528     27.960   0.00    0.00    0.00   0.00     103971
20200318  22232700   40.3564  -124.4528     27.960   0.00    0.00    0.00   0.00     103972
20200319   2512132   40.3564  -124.4528     27.960   0.00    0.00    0.00   0.00     103973
20200319   1065292   40.3564  -124.4528     27.960   0.00    0.00    0.00   0.00     103974
20200319  10030186   40.3564  -124.4528     27.960   0.00    0.00    0.00   0.00     103975
20200319   9112722   40.3564  -124.4528     27.960   0.00    0.00    0.00   0.00     103976
20200319   1204666   40.3564  -124.4528     27.960   0.00    0.00    0.00   0.00     103977
20200319     73638   40.3564  -124.4528     27.960   0.00    0.00    0.00   0.00     103978
20200320   6220430   40.3564  -124.4528     27.960   0.00    0.00    0.00   0.00     103979
20200322  20481208   40.3564  -124.4528     27.960   0.00    0.00    0.00   0.00     103980
20200328  21085620   40.3564  -124.4528     27.960   0.00    0.00    0.00   0.00     103981
20200330  17285542   40.3564  -124.4528     27.960   0.00    0.00    0.00   0.00     103982
20210827   9311912   40.3564  -124.4528     27.960   0.00    0.00    0.00   0.00     103983
20211007  14031810   40.3564  -124.4528     27.960   0.00    0.00    0.00   0.00     103984
20211030  19474672   40.3564  -124.4528     27.960   0.00    0.00    0.00   0.00     103985
20211221  19262624   40.3564  -124.4528     27.960   0.00    0.00    0.00   0.00     103986
20220228   3112082   40.3564  -124.4528     27.960   0.00    0.00    0.00   0.00     103987
20220328  20251646   40.3564  -124.4528     27.960   0.00    0.00    0.00   0.00     103988
20220529  17144020   40.3564  -124.4528     27.960   0.00    0.00    0.00   0.00     103989
20220802   9163394   40.3564  -124.4528     27.960   0.00    0.00    0.00   0.00     103990
20200117   9455914   40.2994  -124.3404      9.730   0.00    0.00    0.00   0.00     103991
20200430   6034268   40.2994  -124.3404      9.730   0.00    0.00    0.00   0.00     103992
20200510   3425294   40.2994  -124.3404      9.730   0.00    0.00    0.00   0.00     103993
20200510   5353500   40.2994  -124.3404      9.730   0.00    0.00    0.00   0.00     103994
20200510   5270272   40.2994  -124.3404      9.730   0.00    0.00    0.00   0.00     103995
20200510   3512818   40.2994  -124.3404      9.730   0.00    0.00    0.00   0.00     103996
20200615   2520094   40.2994  -124.3404      9.730   0.00    0.00    0.00   0.00     103997
20200914   9011954   40.2994  -124.3404      9.730   0.00    0.00    0.00   0.00     103998
20210214  15020278   40.2994  -124.3404      9.730   0.00    0.00    0.00   0.00     103999
20210325     85968   40.2994  -124.3404      9.730   0.00    0.00    0.00   0.00     104000
20210523   8270404   40.2994  -124.3404      9.730   0.00    0.00    0.00   0.00     104001
20210822   5401564   40.2994  -124.3404      9.730   0.00    0.00    0.00   0.00     104002
20210828  19193378   40.2994  -124.3404      9.730   0.00    0.00    0.00   0.00     104003
20210904   3283964   40.2994  -124.3404      9.730   0.00    0.00    0.00   0.00     104004
20210916   9314798   40.2994  -124.3404      9.730   0.00    0.00    0.00   0.00     104005
20220223   1114712   40.2994  -124.3404      9.730   0.00    0.00    0.00   0.00     104006
20220510  23262978   40.2994  -124.3404      9.730   0.00    0.00    0.00   0.00     104007
20220530   7255842   40.2994  -124.3404      9.730   0.00    0.00    0.00   0.00     104008
20220626    545056   40.2994  -124.3404      9.730   0.00    0.00    0.00   0.00     104009
20220628   1221854   40.2994  -124.3404      9.730   0.00    0.00    0.00   0.00     104010
20221019  21533628   40.2994  -124.3404      9.730   0.00    0.00    0.00   0.00     104011
20221107   3044050   40.2994  -124.3404      9.730   0.00    0.00    0.00   0.00     104012
20200118  21090070   40.4081  -124.1213     21.320   0.00    0.00    0.00   0.00     104013
20200212   8223552   40.4081  -124.1213     21.320   0.00    0.00    0.00   0.00     104014
20200402  13015288   40.4081  -124.1213     21.320   0.00    0.00    0.00   0.00     104015
20200403   8122236   40.4081  -124.1213     21.320   0.00    0.00    0.00   0.00     104016
20200405  17031470   40.4081  -124.1213     21.320   0.00    0.00    0.00   0.00     104017
20200408  10372250   40.4081  -124.1213     21.320   0.00    0.00    0.00   0.00     104018
20200422  18432882   40.4081  -124.1213     21.320   0.00    0.00    0.00   0.00     104019
20200506  23085164   40.4081  -124.1213     21.320   0.00    0.00    0.00   0.00     104020
20200523  11274268   40.4081  -124.1213     21.320   0.00    0.00    0.00   0.00     104021
20200628   6181868   40.4081  -124.1213     21.320   0.00    0.00    0.00   0.00     104022
20200913  19345764   40.4081  -124.1213     21.320   0.00    0.00    0.00   0.00     104023
20210118   2385880   40.4081  -124.1213     21.320   0.00    0.00    0.00   0.00     104024
20211006   6273756   40.4081  -124.1213     21.320   0.00    0.00    0.00   0.00     104025
20211021   7082298   40.4081  -124.1213     21.320   0.00    0.00    0.00   0.00     104026
20211205  21195966   40.4081  -124.1213     21.320   0.00    0.00    0.00   0.00     104027
20211220  23084076   40.4081  -124.1213     21.320   0.00    0.00    0.00   0.00     104028
20211222  10035912   40.4081  -124.1213     21.320   0.00    0.00    0.00   0.00     104029
20220301   5025904   40.4081  -124.1213     21.320   0.00    0.00    0.00   0.00     104030
20220323  13402836   40.4081  -124.1213     21.320   0.00    0.00    0.00   0.00     104031
20220718   4200784   40.4081  -124.1213     21.320   0.00    0.00    0.00   0.00     104032
20220729  11305258   40.4081  -124.1213     21.320   0.00    0.00    0.00   0.00     104033
20220807    280626   40.4081  -124.1213     21.320   0.00    0.00    0.00   0.00     104034
20200118  12170724   40.6226  -124.3174     18.420   0.00    0.00    0.00   0.00     104035
20200126  23255194   40.6226  -124.3174     18.420   0.00    0.00    0.00   0.00     104036
20200323   9103426   40.6226  -124.3174     18.420   0.00    0.00    0.00   0.00     104037
20200327   7040930   40.6226  -124.3174     18.420   0.00    0.00    0.00   0.00     104038
20200331   1104052   40.6226  -124.3174     18.420   0.00    0.00    0.00   0.00     104039
20201220   9555228   40.6226  -124.3174     18.420   0.00    0.00    0.00   0.00     104040
20201220   9581478   40.6226  -124.3174     18.420   0.00    0.00    0.00   0.00     104041
20201220  10474680   40.6226  -124.3174     18.420   0.00    0.00    0.00   0.00     104042
20201220  10151392   40.6226  -124.3174     18.420   0.00    0.00    0.00   0.00     104043
20210222  12322080   40.6226  -124.3174     18.420   0.00    0.00    0.00   0.00     104044
20210411   3035022   40.6226  -124.3174     18.420   0.00    0.00    0.00   0.00     104045
20210420  23040334   40.6226  -124.3174     18.420   0.00    0.00    0.00   0.00     104046
20210420  22550344   40.6226  -124.3174     18.420   0.00    0.00    0.00   0.00     104047
20210424  18323274   40.6226  -124.3174     18.420   0.00    0.00    0.00   0.00     104048
20210629  21072260   40.6226  -124.3174     18.420   0.00    0.00    0.00   0.00     104049
20210629   9564484   40.6226  -124.3174     18.420   0.00    0.00    0.00   0.00     104050
20210701  21253100   40.6226  -124.3174     18.420   0.00    0.00    0.00   0.00     104051
20210702   7552240   40.6226  -124.3174     18.420   0.00    0.00    0.00   0.00     104052
20210703  16383524   40.6226  -124.3174     18.420   0.00    0.00    0.00   0.00     104053
20210714  14462124   40.6226  -124.3174     18.420   0.00    0.00    0.00   0.00     104054
20210917  10093018   40.6226  -124.3174     18.420   0.00    0.00    0.00   0.00     104055
20211118   9480562   40.6226  -124.3174     18.420   0.00    0.00    0.00   0.00     104056
20211201  10440952   40.6226  -124.3174     18.420   0.00    0.00    0.00   0.00     104057
20211217  22504260   40.6226  -124.3174     18.420   0.00    0.00    0.00   0.00     104058
20211225   6174154   40.6226  -124.3174     18.420   0.00    0.00    0.00   0.00     104059
20220414  20042686   40.6226  -124.3174     18.420   0.00    0.00    0.00   0.00     104060
20220616  20445372   40.6226  -124.3174     18.420   0.00    0.00    0.00   0.00     104061
20220726  15553806   40.6226  -124.3174     18.420   0.00    0.00    0.00   0.00     104062
20220928  13132172   40.6226  -124.3174     18.420   0.00    0.00    0.00   0.00     104063
20221023  23590632   40.6226  -124.3174     18.420   0.00    0.00    0.00   0.00     104064
20200118  12401564   40.3154  -124.6239     17.480   0.00    0.00    0.00   0.00     104065
20200123   1355266   40.3154  -124.6239     17.480   0.00    0.00    0.00   0.00     104066
20200125   2112534   40.3154  -124.6239     17.480   0.00    0.00    0.00   0.00     104067
20200129  18272966   40.3154  -124.6239     17.480   0.00    0.00    0.00   0.00     104068
20200204   8165456   40.3154  -124.6239     17.480   0.00    0.00    0.00   0.00     104069
20200208    241884   40.3154  -124.6239     17.480   0.00    0.00    0.00   0.00     104070
20200212  16074100   40.3154  -124.6239     17.480   0.00    0.00    0.00   0.00     104071
20200309  21091028   40.3154  -124.6239     17.480   0.00    0.00    0.00   0.00     104072
20200323  10080132   40.3154  -124.6239     17.480   0.00    0.00    0.00   0.00     104073
20200323  10124042   40.3154  -124.6239     17.480   0.00    0.00    0.00   0.00     104074
20200404  21505468   40.3154  -124.6239     17.480   0.00    0.00    0.00   0.00     104075
20200405   5562226   40.3154  -124.6239     17.480   0.00    0.00    0.00   0.00     104076
20200406  17584874   40.3154  -124.6239     17.480   0.00    0.00    0.00   0.00     104077
20200410  16051398   40.3154  -124.6239     17.480   0.00    0.00    0.00   0.00     104078
20200528   9222368   40.3154  -124.6239     17.480   0.00    0.00    0.00   0.00     104079
20200603   2263362   40.3154  -124.6239     17.480   0.00    0.00    0.00   0.00     104080
20200620  14321246   40.3154  -124.6239     17.480   0.00    0.00    0.00   0.00     104081
20200727   3181840   40.3154  -124.6239     17.480   0.00    0.00    0.00   0.00     104082
20200728  12273548   40.3154  -124.6239     17.480   0.00    0.00    0.00   0.00     104083
20200823  13324962   40.3154  -124.6239     17.480   0.00    0.00    0.00   0.00     104084
20200916   7462738   40.3154  -124.6239     17.480   0.00    0.00    0.00   0.00     104085
20201029  19024300   40.3154  -124.6239     17.480   0.00    0.00    0.00   0.00     104086
20201227  21513494   40.3154  -124.6239     17.480   0.00    0.00    0.00   0.00     104087
20201228  23015658   40.3154  -124.6239     17.480   0.00    0.00    0.00   0.00     104088
20210110   3224928   40.3154  -124.6239     17.480   0.00    0.00    0.00   0.00     104089
20210202  15340916   40.3154  -124.6239     17.480   0.00    0.00    0.00   0.00     104090
20210219   5011994   40.3154  -124.6239     17.480   0.00    0.00    0.00   0.00     104091
20210406    325792   40.3154  -124.6239     17.480   0.00    0.00    0.00   0.00     104092
20210414   8372888   40.3154  -124.6239     17.480   0.00    0.00    0.00   0.00     104093
20210427  15380216   40.3154  -124.6239     17.480   0.00    0.00    0.00   0.00     104094
20210509   1432792   40.3154  -124.6239     17.480   0.00    0.00    0.00   0.00     104095
20210529   3371144   40.3154  -124.6239     17.480   0.00    0.00    0.00   0.00     104096
20210602   4002034   40.3154  -124.6239     17.480   0.00    0.00    0.00   0.00     104097
20210607   1220028   40.3154  -124.6239     17.480   0.00    0.00    0.00   0.00     104098
20210620   4121544   40.3154  -124.6239     17.480   0.00    0.00    0.00   0.00     104099
20210711   8171364   40.3154  -124.6239     17.480   0.00    0.00    0.00   0.00     104100
20210812   5372794   40.3154  -124.6239     17.480   0.00    0.00    0.00   0.00     104101
20210901  19313550   40.3154  -124.6239     17.480   0.00    0.00    0.00   0.00     104102
20210907   8402824   40.3154  -124.6239     17.480   0.00    0.00    0.00   0.00     104103
20210909  16090702   40.3154  -124.6239     17.480   0.00    0.00    0.00   0.00     104104
20210913  18512842   40.3154  -124.6239     17.480   0.00    0.00    0.00   0.00     104105
20211102    255078   40.3154  -124.6239     17.480   0.00    0.00    0.00   0.00     104106
20211112  15055224   40.3154  -124.6239     17.480   0.00    0.00    0.00   0.00     104107
20211121  12500524   40.3154  -124.6239     17.480   0.00    0.00    0.00   0.00     104108
20211205  11544758   40.3154  -124.6239     17.480   0.00    0.00    0.00   0.00     104109
20211220  20335556   40.3154  -124.6239     17.480   0.00    0.00    0.00   0.00     104110
20211220  22574906   40.3154  -124.6239     17.480   0.00    0.00    0.00   0.00     104111
20211220  21291900   40.3154  -124.6239     17.480   0.00    0.00    0.00   0.00     104112
20211220  21394974   40.3154  -124.6239     17.480   0.00    0.00    0.00   0.00     104113
20211220  22511392   40.3154  -124.6239     17.480   0.00    0.00    0.00   0.00     104114
20211220  21324932   40.3154  -124.6239     17.480   0.00    0.00    0.00   0.00     104115
20211220   8184434   40.3154  -124.6239     17.480   0.00    0.00    0.00   0.00     104116
20211220  23162222   40.3154  -124.6239     17.480   0.00    0.00    0.00   0.00     104117
20211220  21390388   40.3154  -124.6239     17.480   0.00    0.00    0.00   0.00     104118
20211220  21425330   40.3154  -124.6239     17.480   0.00    0.00    0.00   0.00     104119
20211220  21142338   40.3154  -124.6239     17.480   0.00    0.00    0.00   0.00     104120
20211220  22033104   40.3154  -124.6239     17.480   0.00    0.00    0.00   0.00     104121
20211220  23043824   40.3154  -124.6239     17.480   0.00    0.00    0.00   0.00     104122
20211220  20190728   40.3154  -124.6239     17.480   0.00    0.00    0.00   0.00     104123
20211220  21092752   40.3154  -124.6239     17.480   0.00    0.00    0.00   0.00     104124
20211220  23050778   40.3154  -124.6239     17.480   0.00    0.00    0.00   0.00     104125
20211220  23080074   40.3154  -124.6239     17.480   0.00    0.00    0.00   0.00     104126
20211220  22491650   40.3154  -124.6239     17.480   0.00    0.00    0.00   0.00     104127
20211220  23182274   40.3154  -124.6239     17.480   0.00    0.00    0.00   0.00     104128
20211220  21294146   40.3154  -124.6239     17.480   0.00    0.00    0.00   0.00     104129
20211220  21443074   40.3154  -124.6239     17.480   0.00    0.00    0.00   0.00     104130
20211220  22301020   40.3154  -124.6239     17.480   0.00    0.00    0.00   0.00     104131
20211220  21360006   40.3154  -124.6239     17.480   0.00    0.00    0.00   0.00     104132
20211220  21244394   40.3154  -124.6239     17.480   0.00    0.00    0.00   0.00     104133
20211221   6044294   40.3154  -124.6239     17.480   0.00    0.00    0.00   0.00     104134
20211221   8173050   40.3154  -124.6239     17.480   0.00    0.00    0.00   0.00     104135
20211221   7060644   40.3154  -124.6239     17.480   0.00    0.00    0.00   0.00     104136
20211221  10440820   40.3154  -124.6239     17.480   0.00    0.00    0.00   0.00     104137
20211221   4440714   40.3154  -124.6239     17.480   0.00    0.00    0.00   0.00     104138
20211221  23155018   40.3154  -124.6239     17.480   0.00    0.00    0.00   0.00     104139
20211221    120896   40.3154  -124.6239     17.480   0.00    0.00    0.00   0.00     104140
20211221  11425494   40.3154  -124.6239     17.480   0.00    0.00    0.00   0.00     104141
20211221   3500310   40.3154  -124.6239     17.480   0.00    0.00    0.00   0.00     104142
20211221   4520028   40.3154  -124.6239     17.480   0.00    0.00    0.00   0.00     104143
20211221   5361824   40.3154  -124.6239     17.480   0.00    0.00    0.00   0.00     104144
20211221   1251890   40.3154  -124.6239     17.480   0.00    0.00    0.00   0.00     104145
20211221   6334114   40.3154  -124.6239     17.480   0.00    0.00    0.00   0.00     104146
20211221   3100214   40.3154  -124.6239     17.480   0.00    0.00    0.00   0.00     104147
20211221   6345586   40.3154  -124.6239     17.480   0.00    0.00    0.00   0.00     104148
20211221   7244390   40.3154  -124.6239     17.480   0.00    0.00    0.00   0.00     104149
20211221   1585992   40.3154  -124.6239     17.480   0.00    0.00    0.00   0.00     104150
20211221   1121560   40.3154  -124.6239     17.480   0.00    0.00    0.00   0.00     104151
20211221  10574616   40.3154  -124.6239     17.480   0.00    0.00    0.00   0.00     104152
20211221  13035910   40.3154  -124.6239     17.480   0.00    0.00    0.00   0.00     104153
20211221   3455700   40.3154  -124.6239     17.480   0.00    0.00    0.00   0.00     104154
20211221  20203306   40.3154  -124.6239     17.480   0.00    0.00    0.00   0.00     104155
20211221   5165872   40.3154  -124.6239     17.480   0.00    0.00    0.00   0.00     104156
20211221   3220776   40.3154  -124.6239     17.480   0.00    0.00    0.00   0.00     104157
20211221   8002406   40.3154  -124.6239     17.480   0.00    0.00    0.00   0.00     104158
20211221   6081388   40.3154  -124.6239     17.480   0.00    0.00    0.00   0.00     104159
20211221   3023446   40.3154  -124.6239     17.480   0.00    0.00    0.00   0.00     104160
20211221    484716   40.3154  -124.6239     17.480   0.00    0.00    0.00   0.00     104161
20211221  18215310   40.3154  -124.6239     17.480   0.00    0.00    0.00   0.00     104162
20211222  20584056   40.3154  -124.6239     17.480   0.00    0.00    0.00   0.00     104163
20211222    155918   40.3154  -124.6239     17.480   0.00    0.00    0.00   0.00     104164
20211222   7292928   40.3154  -124.6239     17.480   0.00    0.00    0.00   0.00     104165
20211222  21225642   40.3154  -124.6239     17.480   0.00    0.00    0.00   0.00     104166
20211222   4585764   40.3154  -124.6239     17.480   0.00    0.00    0.00   0.00     104167
20211222   4234130   40.3154  -124.6239     17.480   0.00    0.00    0.00   0.00     104168
20211222   3390460   40.3154  -124.6239     17.480   0.00    0.00    0.00   0.00     104169
20211222  12184290   40.3154  -124.6239     17.480   0.00    0.00    0.00   0.00     104170
20211222   5014610   40.3154  -124.6239     17.480   0.00    0.00    0.00   0.00     104171
20211222  20562842   40.3154  -124.6239     17.480   0.00    0.00    0.00   0.00     104172
20211222   2364124   40.3154  -124.6239     17.480   0.00    0.00    0.00   0.00     104173
20211222   1355966   40.3154  -124.6239     17.480   0.00    0.00    0.00   0.00     104174
20211223  11222398   40.3154  -124.6239     17.480   0.00    0.00    0.00   0.00     104175
20211223  16254108   40.3154  -124.6239     17.480   0.00    0.00    0.00   0.00     104176
20211223   6431470   40.3154  -124.6239     17.480   0.00    0.00    0.00   0.00     104177
20211223  23001154   40.3154  -124.6239     17.480   0.00    0.00    0.00   0.00     104178
20211223   9291880   40.3154  -124.6239     17.480   0.00    0.00    0.00   0.00     104179
20211224   4200952   40.3154  -124.6239     17.480   0.00    0.00    0.00   0.00     104180
20211224  22472888   40.3154  -124.6239     17.480   0.00    0.00    0.00   0.00     104181
20211224   2312526   40.3154  -124.6239     17.480   0.00    0.00    0.00   0.00     104182
20211224  17402808   40.3154  -124.6239     17.480   0.00    0.00    0.00   0.00     104183
20211224  18413272   40.3154  -124.6239     17.480   0.00    0.00    0.00   0.00     104184
20211224  18425218   40.3154  -124.6239     17.480   0.00    0.00    0.00   0.00     104185
20211225  14232716   40.3154  -124.6239     17.480   0.00    0.00    0.00   0.00     104186
20211225   6554588   40.3154  -124.6239     17.480   0.00    0.00    0.00   0.00     104187
20211225   5351372   40.3154  -124.6239     17.480   0.00    0.00    0.00   0.00     104188
20211226  16013420   40.3154  -124.6239     17.480   0.00    0.00    0.00   0.00     104189
20211226  18195202   40.3154  -124.6239     17.480   0.00    0.00    0.00   0.00     104190
20211226   4224162   40.3154  -124.6239     17.480   0.00    0.00    0.00   0.00     104191
20211226  16105476   40.3154  -124.6239     17.480   0.00    0.00    0.00   0.00     104192
20211227   9180808   40.3154  -124.6239     17.480   0.00    0.00    0.00   0.00     104193
20211227  21000920   40.3154  -124.6239     17.480   0.00    0.00    0.00   0.00     104194
20211227  13562490   40.3154  -124.6239     17.480   0.00    0.00    0.00   0.00     104195
20211227   5363120   40.3154  -124.6239     17.480   0.00    0.00    0.00   0.00     104196
20211227   6300040   40.3154  -124.6239     17.480   0.00    0.00    0.00   0.00     104197
20211227  13045750   40.3154  -124.6239     17.480   0.00    0.00    0.00   0.00     104198
20211227   3305838   40.3154  -124.6239     17.480   0.00    0.00    0.00   0.00     104199
20211227   3431930   40.3154  -124.6239     17.480   0.00    0.00    0.00   0.00     104200
20211227   3222338   40.3154  -124.6239     17.480   0.00    0.00    0.00   0.00     104201
20211227   4540106   40.3154  -124.6239     17.480   0.00    0.00    0.00   0.00     104202
20211228  12385484   40.3154  -124.6239     17.480   0.00    0.00    0.00   0.00     104203
20211228   7251664   40.3154  -124.6239     17.480   0.00    0.00    0.00   0.00     104204
20211228   4365582   40.3154  -124.6239     17.480   0.00    0.00    0.00   0.00     104205
20211228   5412550   40.3154  -124.6239     17.480   0.00    0.00    0.00   0.00     104206
20211229  12064322   40.3154  -124.6239     17.480   0.00    0.00    0.00   0.00     104207
20211229   8423122   40.3154  -124.6239     17.480   0.00    0.00    0.00   0.00     104208
20211229  12124064   40.3154  -124.6239     17.480   0.00    0.00    0.00   0.00     104209
20211230   2302340   40.3154  -124.6239     17.480   0.00    0.00    0.00   0.00     104210
20211230  16020778   40.3154  -124.6239     17.480   0.00    0.00    0.00   0.00     104211
20211231  18045248   40.3154  -124.6239     17.480   0.00    0.00    0.00   0.00     104212
20211231  19424664   40.3154  -124.6239     17.480   0.00    0.00    0.00   0.00     104213
20211231   5470560   40.3154  -124.6239     17.480   0.00    0.00    0.00   0.00     104214
20220101   8055022   40.3154  -124.6239     17.480   0.00    0.00    0.00   0.00     104215
20220102  21350022   40.3154  -124.6239     17.480   0.00    0.00    0.00   0.00     104216
20220102   8385494   40.3154  -124.6239     17.480   0.00    0.00    0.00   0.00     104217
20220103  23592126   40.3154  -124.6239     17.480   0.00    0.00    0.00   0.00     104218
20220105  18110088   40.3154  -124.6239     17.480   0.00    0.00    0.00   0.00     104219
20220105  10423974   40.3154  -124.6239     17.480   0.00    0.00    0.00   0.00     104220
20220105  16571642   40.3154  -124.6239     17.480   0.00    0.00    0.00   0.00     104221
20220106  12552564   40.3154  -124.6239     17.480   0.00    0.00    0.00   0.00     104222
20220109   1205314   40.3154  -124.6239     17.480   0.00    0.00    0.00   0.00     104223
20220110   7155926   40.3154  -124.6239     17.480   0.00    0.00    0.00   0.00     104224
20220110   1072016   40.3154  -124.6239     17.480   0.00    0.00    0.00   0.00     104225
20220110   6160834   40.3154  -124.6239     17.480   0.00    0.00    0.00   0.00     104226
20220111   4591922   40.3154  -124.6239     17.480   0.00    0.00    0.00   0.00     104227
20220111  12584520   40.3154  -124.6239     17.480   0.00    0.00    0.00   0.00     104228
20220112   7264116   40.3154  -124.6239     17.480   0.00    0.00    0.00   0.00     104229
20220112  16283618   40.3154  -124.6239     17.480   0.00    0.00    0.00   0.00     104230
20220112   1381348   40.3154  -124.6239     17.480   0.00    0.00    0.00   0.00     104231
20220112  18402342   40.3154  -124.6239     17.480   0.00    0.00    0.00   0.00     104232
20220115   5204650   40.3154  -124.6239     17.480   0.00    0.00    0.00   0.00     104233
20220115   9112278   40.3154  -124.6239     17.480   0.00    0.00    0.00   0.00     104234
20220116  23280174   40.3154  -124.6239     17.480   0.00    0.00    0.00   0.00     104235
20220116  21192220   40.3154  -124.6239     17.480   0.00    0.00    0.00   0.00     104236
20220119  15345472   40.3154  -124.6239     17.480   0.00    0.00    0.00   0.00     104237
20220120   1220970   40.3154  -124.6239     17.480   0.00    0.00    0.00   0.00     104238
20220124   7434542   40.3154  -124.6239     17.480   0.00    0.00    0.00   0.00     104239
20220125   4415442   40.3154  -124.6239     17.480   0.00    0.00    0.00   0.00     104240
20220126   8051916   40.3154  -124.6239     17.480   0.00    0.00    0.00   0.00     104241
20220129  23421472   40.3154  -124.6239     17.480   0.00    0.00    0.00   0.00     104242
20220131    155756   40.3154  -124.6239     17.480   0.00    0.00    0.00   0.00     104243
20220131  15075282   40.3154  -124.6239     17.480   0.00    0.00    0.00   0.00     104244
20220201   9022082   40.3154  -124.6239     17.480   0.00    0.00    0.00   0.00     104245
20220201   4422550   40.3154  -124.6239     17.480   0.00    0.00    0.00   0.00     104246
20220202   2084052   40.3154  -124.6239     17.480   0.00    0.00    0.00   0.00     104247
20220209  10114220   40.3154  -124.6239     17.480   0.00    0.00    0.00   0.00     104248
20220211  13584704   40.3154  -124.6239     17.480   0.00    0.00    0.00   0.00     104249
20220211  15022920   40.3154  -124.6239     17.480   0.00    0.00    0.00   0.00     104250
20220212   6234832   40.3154  -124.6239     17.480   0.00    0.00    0.00   0.00     104251
20220213   2145896   40.3154  -124.6239     17.480   0.00    0.00    0.00   0.00     104252
20220216    105152   40.3154  -124.6239     17.480   0.00    0.00    0.00   0.00     104253
20220216  20374098   40.3154  -124.6239     17.480   0.00    0.00    0.00   0.00     104254
20220217  12344406   40.3154  -124.6239     17.480   0.00    0.00    0.00   0.00     104255
20220217  19474028   40.3154  -124.6239     17.480   0.00    0.00    0.00   0.00     104256
20220217   6375280   40.3154  -124.6239     17.480   0.00    0.00    0.00   0.00     104257
20220219  16560934   40.3154  -124.6239     17.480   0.00    0.00    0.00   0.00     104258
20220225   3524500   40.3154  -124.6239     17.480   0.00    0.00    0.00   0.00     104259
20220226  21080594   40.3154  -124.6239     17.480   0.00    0.00    0.00   0.00     104260
20220228  16260172   40.3154  -124.6239     17.480   0.00    0.00    0.00   0.00     104261
20220306  10012454   40.3154  -124.6239     17.480   0.00    0.00    0.00   0.00     104262
20220306   3512772   40.3154  -124.6239     17.480   0.00    0.00    0.00   0.00     104263
20220307  22165616   40.3154  -124.6239     17.480   0.00    0.00    0.00   0.00     104264
20220312   6103272   40.3154  -124.6239     17.480   0.00    0.00    0.00   0.00     104265
20220317   4230690   40.3154  -124.6239     17.480   0.00    0.00    0.00   0.00     104266
20220402  14293420   40.3154  -124.6239     17.480   0.00    0.00    0.00   0.00     104267
20220402   5202822   40.3154  -124.6239     17.480   0.00    0.00    0.00   0.00     104268
20220403    464082   40.3154  -124.6239     17.480   0.00    0.00    0.00   0.00     104269
20220408   4272654   40.3154  -124.6239     17.480   0.00    0.00    0.00   0.00     104270
20220415  11493142   40.3154  -124.6239     17.480   0.00    0.00    0.00   0.00     104271
20220419  11311134   40.3154  -124.6239     17.480   0.00    0.00    0.00   0.00     104272
20220424   5463692   40.3154  -124.6239     17.480   0.00    0.00    0.00   0.00     104273
20220425   1185190   40.3154  -124.6239     17.480   0.00    0.00    0.00   0.00     104274
20220428   4055974   40.3154  -124.6239     17.480   0.00    0.00    0.00   0.00     104275
20220502  12024636   40.3154  -124.6239     17.480   0.00    0.00    0.00   0.00     104276
20220503   8454224   40.3154  -124.6239     17.480   0.00    0.00    0.00   0.00     104277
20220513  17501534   40.3154  -124.6239     17.480   0.00    0.00    0.00   0.00     104278
20220514  18234140   40.3154  -124.6239     17.480   0.00    0.00    0.00   0.00     104279
20220516  12584752   40.3154  -124.6239     17.480   0.00    0.00    0.00   0.00     104280
20220518   5102234   40.3154  -124.6239     17.480   0.00    0.00    0.00   0.00     104281
20220528   5431296   40.3154  -124.6239     17.480   0.00    0.00    0.00   0.00     104282
20220528   3411084   40.3154  -124.6239     17.480   0.00    0.00    0.00   0.00     104283
20220609    445200   40.3154  -124.6239     17.480   0.00    0.00    0.00   0.00     104284
20220612  11031446   40.3154  -124.6239     17.480   0.00    0.00    0.00   0.00     104285
20220613  22592290   40.3154  -124.6239     17.480   0.00    0.00    0.00   0.00     104286
20220616  16265610   40.3154  -124.6239     17.480   0.00    0.00    0.00   0.00     104287
20220619   7473684   40.3154  -124.6239     17.480   0.00    0.00    0.00   0.00     104288
20220705   9002104   40.3154  -124.6239     17.480   0.00    0.00    0.00   0.00     104289
20220725  18171754   40.3154  -124.6239     17.480   0.00    0.00    0.00   0.00     104290
20220726    334006   40.3154  -124.6239     17.480   0.00    0.00    0.00   0.00     104291
20220728  18032460   40.3154  -124.6239     17.480   0.00    0.00    0.00   0.00     104292
20220812   8373716   40.3154  -124.6239     17.480   0.00    0.00    0.00   0.00     104293
20220822   5051096   40.3154  -124.6239     17.480   0.00    0.00    0.00   0.00     104294
20220826  21481650   40.3154  -124.6239     17.480   0.00    0.00    0.00   0.00     104295
20220830   3041834   40.3154  -124.6239     17.480   0.00    0.00    0.00   0.00     104296
20220916   4431724   40.3154  -124.6239     17.480   0.00    0.00    0.00   0.00     104297
20220924  20164272   40.3154  -124.6239     17.480   0.00    0.00    0.00   0.00     104298
20220924  21454688   40.3154  -124.6239     17.480   0.00    0.00    0.00   0.00     104299
20220924  22504658   40.3154  -124.6239     17.480   0.00    0.00    0.00   0.00     104300
20221003   2251310   40.3154  -124.6239     17.480   0.00    0.00    0.00   0.00     104301
20221009  10455772   40.3154  -124.6239     17.480   0.00    0.00    0.00   0.00     104302
20221009   8135358   40.3154  -124.6239     17.480   0.00    0.00    0.00   0.00     104303
20221010  21222340   40.3154  -124.6239     17.480   0.00    0.00    0.00   0.00     104304
20221015   5232638   40.3154  -124.6239     17.480   0.00    0.00    0.00   0.00     104305
20221023   4510430   40.3154  -124.6239     17.480   0.00    0.00    0.00   0.00     104306
20221105  12215304   40.3154  -124.6239     17.480   0.00    0.00    0.00   0.00     104307
20221112  12571042   40.3154  -124.6239     17.480   0.00    0.00    0.00   0.00     104308
20221116    395084   40.3154  -124.6239     17.480   0.00    0.00    0.00   0.00     104309
20221121  15584088   40.3154  -124.6239     17.480   0.00    0.00    0.00   0.00     104310
20221122  23212226   40.3154  -124.6239     17.480   0.00    0.00    0.00   0.00     104311
20221125  10255208   40.3154  -124.6239     17.480   0.00    0.00    0.00   0.00     104312
20200119  16052608   40.5002  -124.4715     28.820   0.00    0.00    0.00   0.00     104313
20200121  23384726   40.5002  -124.4715     28.820   0.00    0.00    0.00   0.00     104314
20200229   6320422   40.5002  -124.4715     28.820   0.00    0.00    0.00   0.00     104315
20200229   5105544   40.5002  -124.4715     28.820   0.00    0.00    0.00   0.00     104316
20200309   5183964   40.5002  -124.4715     28.820   0.00    0.00    0.00   0.00     104317
20200309   4054322   40.5002  -124.4715     28.820   0.00    0.00    0.00   0.00     104318
20200318  22465466   40.5002  -124.4715     28.820   0.00    0.00    0.00   0.00     104319
20200407  20373244   40.5002  -124.4715     28.820   0.00    0.00    0.00   0.00     104320
20200501   5320206   40.5002  -124.4715     28.820   0.00    0.00    0.00   0.00     104321
20200509   1412582   40.5002  -124.4715     28.820   0.00    0.00    0.00   0.00     104322
20200510  15302932   40.5002  -124.4715     28.820   0.00    0.00    0.00   0.00     104323
20200519  21484676   40.5002  -124.4715     28.820   0.00    0.00    0.00   0.00     104324
20200613  15082854   40.5002  -124.4715     28.820   0.00    0.00    0.00   0.00     104325
20200719   6592376   40.5002  -124.4715     28.820   0.00    0.00    0.00   0.00     104326
20200819  20514360   40.5002  -124.4715     28.820   0.00    0.00    0.00   0.00     104327
20200825    144468   40.5002  -124.4715     28.820   0.00    0.00    0.00   0.00     104328
20210218   7412886   40.5002  -124.4715     28.820   0.00    0.00    0.00   0.00     104329
20210416     94618   40.5002  -124.4715     28.820   0.00    0.00    0.00   0.00     104330
20210508   9201478   40.5002  -124.4715     28.820   0.00    0.00    0.00   0.00     104331
20210603  13142202   40.5002  -124.4715     28.820   0.00    0.00    0.00   0.00     104332
20210607  11365216   40.5002  -124.4715     28.820   0.00    0.00    0.00   0.00     104333
20210621  20404566   40.5002  -124.4715     28.820   0.00    0.00    0.00   0.00     104334
20210704   9175600   40.5002  -124.4715     28.820   0.00    0.00    0.00   0.00     104335
20210705  14101866   40.5002  -124.4715     28.820   0.00    0.00    0.00   0.00     104336
20210708    210514   40.5002  -124.4715     28.820   0.00    0.00    0.00   0.00     104337
20210709   8582648   40.5002  -124.4715     28.820   0.00    0.00    0.00   0.00     104338
20210719  14233646   40.5002  -124.4715     28.820   0.00    0.00    0.00   0.00     104339
20210721  10452172   40.5002  -124.4715     28.820   0.00    0.00    0.00   0.00     104340
20210722  17032042   40.5002  -124.4715     28.820   0.00    0.00    0.00   0.00     104341
20210802  10010524   40.5002  -124.4715     28.820   0.00    0.00    0.00   0.00     104342
20210805   8223390   40.5002  -124.4715     28.820   0.00    0.00    0.00   0.00     104343
20210810  10205682   40.5002  -124.4715     28.820   0.00    0.00    0.00   0.00     104344
20210810  16590418   40.5002  -124.4715     28.820   0.00    0.00    0.00   0.00     104345
20210812  22052404   40.5002  -124.4715     28.820   0.00    0.00    0.00   0.00     104346
20210828   8255920   40.5002  -124.4715     28.820   0.00    0.00    0.00   0.00     104347
20210909  17292718   40.5002  -124.4715     28.820   0.00    0.00    0.00   0.00     104348
20210911   3400964   40.5002  -124.4715     28.820   0.00    0.00    0.00   0.00     104349
20210922   3110698   40.5002  -124.4715     28.820   0.00    0.00    0.00   0.00     104350
20210922   3105600   40.5002  -124.4715     28.820   0.00    0.00    0.00   0.00     104351
20210922   4340082   40.5002  -124.4715     28.820   0.00    0.00    0.00   0.00     104352
20210925   2264746   40.5002  -124.4715     28.820   0.00    0.00    0.00   0.00     104353
20211025  14113722   40.5002  -124.4715     28.820   0.00    0.00    0.00   0.00     104354
20211031   6062424   40.5002  -124.4715     28.820   0.00    0.00    0.00   0.00     104355
20211031   6115188   40.5002  -124.4715     28.820   0.00    0.00    0.00   0.00     104356
20211120   7240940   40.5002  -124.4715     28.820   0.00    0.00    0.00   0.00     104357
20211218   9253200   40.5002  -124.4715     28.820   0.00    0.00    0.00   0.00     104358
20211218  22395440   40.5002  -124.4715     28.820   0.00    0.00    0.00   0.00     104359
20211218   9095014   40.5002  -124.4715     28.820   0.00    0.00    0.00   0.00     104360
20211218  11344472   40.5002  -124.4715     28.820   0.00    0.00    0.00   0.00     104361
20211219   1021132   40.5002  -124.4715     28.820   0.00    0.00    0.00   0.00     104362
20211219   1040202   40.5002  -124.4715     28.820   0.00    0.00    0.00   0.00     104363
20211220  21525742   40.5002  -124.4715     28.820   0.00    0.00    0.00   0.00     104364
20211220  20204604   40.5002  -124.4715     28.820   0.00    0.00    0.00   0.00     104365
20211224  21270176   40.5002  -124.4715     28.820   0.00    0.00    0.00   0.00     104366
20220110  17520386   40.5002  -124.4715     28.820   0.00    0.00    0.00   0.00     104367
20220118  19574024   40.5002  -124.4715     28.820   0.00    0.00    0.00   0.00     104368
20220123  14142808   40.5002  -124.4715     28.820   0.00    0.00    0.00   0.00     104369
20220218   3263576   40.5002  -124.4715     28.820   0.00    0.00    0.00   0.00     104370
20220303    515394   40.5002  -124.4715     28.820   0.00    0.00    0.00   0.00     104371
20220320  12065432   40.5002  -124.4715     28.820   0.00    0.00    0.00   0.00     104372
20220322  20563420   40.5002  -124.4715     28.820   0.00    0.00    0.00   0.00     104373
20220325  11262118   40.5002  -124.4715     28.820   0.00    0.00    0.00   0.00     104374
20220416   1205398   40.5002  -124.4715     28.820   0.00    0.00    0.00   0.00     104375
20220502  19434472   40.5002  -124.4715     28.820   0.00    0.00    0.00   0.00     104376
20220503   3003204   40.5002  -124.4715     28.820   0.00    0.00    0.00   0.00     104377
20220516    220784   40.5002  -124.4715     28.820   0.00    0.00    0.00   0.00     104378
20220627  19115608   40.5002  -124.4715     28.820   0.00    0.00    0.00   0.00     104379
20220706   7230138   40.5002  -124.4715     28.820   0.00    0.00    0.00   0.00     104380
20220807  18255394   40.5002  -124.4715     28.820   0.00    0.00    0.00   0.00     104381
20220807   9570476   40.5002  -124.4715     28.820   0.00    0.00    0.00   0.00     104382
20220911  18415238   40.5002  -124.4715     28.820   0.00    0.00    0.00   0.00     104383
20221004   7501720   40.5002  -124.4715     28.820   0.00    0.00    0.00   0.00     104384
20221019  23102772   40.5002  -124.4715     28.820   0.00    0.00    0.00   0.00     104385
20221119  22565270   40.5002  -124.4715     28.820   0.00    0.00    0.00   0.00     104386
20200120    455554   40.6292  -124.2827     17.570   0.00    0.00    0.00   0.00     104387
20200712   9525838   40.6292  -124.2827     17.570   0.00    0.00    0.00   0.00     104388
20210912   2501224   40.6292  -124.2827     17.570   0.00    0.00    0.00   0.00     104389
20211118   8224162   40.6292  -124.2827     17.570   0.00    0.00    0.00   0.00     104390
20211220  18111314   40.6292  -124.2827     17.570   0.00    0.00    0.00   0.00     104391
20220516   5572032   40.6292  -124.2827     17.570   0.00    0.00    0.00   0.00     104392
20220831  15310756   40.6292  -124.2827     17.570   0.00    0.00    0.00   0.00     104393
20200121  18171626   40.3554  -124.2779     23.780   0.00    0.00    0.00   0.00     104394
20200121  18293274   40.3554  -124.2779     23.780   0.00    0.00    0.00   0.00     104395
20200124  19292422   40.3554  -124.2779     23.780   0.00    0.00    0.00   0.00     104396
20200506  21290078   40.3554  -124.2779     23.780   0.00    0.00    0.00   0.00     104397
20200609  10280952   40.3554  -124.2779     23.780   0.00    0.00    0.00   0.00     104398
20210615   4444480   40.3554  -124.2779     23.780   0.00    0.00    0.00   0.00     104399
20210828  19460552   40.3554  -124.2779     23.780   0.00    0.00    0.00   0.00     104400
20210829   1565244   40.3554  -124.2779     23.780   0.00    0.00    0.00   0.00     104401
20211120  11115262   40.3554  -124.2779     23.780   0.00    0.00    0.00   0.00     104402
20211220  21045922   40.3554  -124.2779     23.780   0.00    0.00    0.00   0.00     104403
20211220  22340690   40.3554  -124.2779     23.780   0.00    0.00    0.00   0.00     104404
20211220  20533368   40.3554  -124.2779     23.780   0.00    0.00    0.00   0.00     104405
20211220  20262810   40.3554  -124.2779     23.780   0.00    0.00    0.00   0.00     104406
20211220  21311176   40.3554  -124.2779     23.780   0.00    0.00    0.00   0.00     104407
20211221   6432994   40.3554  -124.2779     23.780   0.00    0.00    0.00   0.00     104408
20211221   9122586   40.3554  -124.2779     23.780   0.00    0.00    0.00   0.00     104409
20211221     81186   40.3554  -124.2779     23.780   0.00    0.00    0.00   0.00     104410
20211221  19313984   40.3554  -124.2779     23.780   0.00    0.00    0.00   0.00     104411
20211221  11590972   40.3554  -124.2779     23.780   0.00    0.00    0.00   0.00     104412
20211222   8083784   40.3554  -124.2779     23.780   0.00    0.00    0.00   0.00     104413
20211223  15110314   40.3554  -124.2779     23.780   0.00    0.00    0.00   0.00     104414
20211223   9580670   40.3554  -124.2779     23.780   0.00    0.00    0.00   0.00     104415
20211223  12483012   40.3554  -124.2779     23.780   0.00    0.00    0.00   0.00     104416
20220103   9570988   40.3554  -124.2779     23.780   0.00    0.00    0.00   0.00     104417
20220104  16421982   40.3554  -124.2779     23.780   0.00    0.00    0.00   0.00     104418
20220106  19134180   40.3554  -124.2779     23.780   0.00    0.00    0.00   0.00     104419
20220114    172578   40.3554  -124.2779     23.780   0.00    0.00    0.00   0.00     104420
20220114   4265870   40.3554  -124.2779     23.780   0.00    0.00    0.00   0.00     104421
20220116  23082792   40.3554  -124.2779     23.780   0.00    0.00    0.00   0.00     104422
20220126  22585550   40.3554  -124.2779     23.780   0.00    0.00    0.00   0.00     104423
20220127    571396   40.3554  -124.2779     23.780   0.00    0.00    0.00   0.00     104424
20220414  19081466   40.3554  -124.2779     23.780   0.00    0.00    0.00   0.00     104425
20221119  20440532   40.3554  -124.2779     23.780   0.00    0.00    0.00   0.00     104426
20200121  22180950   40.3989  -124.5232     18.010   0.00    0.00    0.00   0.00     104427
20200227   5580186   40.3989  -124.5232     18.010   0.00    0.00    0.00   0.00     104428
20200303  17062410   40.3989  -124.5232     18.010   0.00    0.00    0.00   0.00     104429
20200303  16390414   40.3989  -124.5232     18.010   0.00    0.00    0.00   0.00     104430
20200303  18333784   40.3989  -124.5232     18.010   0.00    0.00    0.00   0.00     104431
20200315  18170468   40.3989  -124.5232     18.010   0.00    0.00    0.00   0.00     104432
20200318  22475016   40.3989  -124.5232     18.010   0.00    0.00    0.00   0.00     104433
20200319   2361224   40.3989  -124.5232     18.010   0.00    0.00    0.00   0.00     104434
20200319  19384078   40.3989  -124.5232     18.010   0.00    0.00    0.00   0.00     104435
20200401  23441136   40.3989  -124.5232     18.010   0.00    0.00    0.00   0.00     104436
20200402   2131208   40.3989  -124.5232     18.010   0.00    0.00    0.00   0.00     104437
20200428   3014810   40.3989  -124.5232     18.010   0.00    0.00    0.00   0.00     104438
20200429  13121088   40.3989  -124.5232     18.010   0.00    0.00    0.00   0.00     104439
20200506  11344536   40.3989  -124.5232     18.010   0.00    0.00    0.00   0.00     104440
20200512  17391098   40.3989  -124.5232     18.010   0.00    0.00    0.00   0.00     104441
20200517  18322506   40.3989  -124.5232     18.010   0.00    0.00    0.00   0.00     104442
20200718   3312552   40.3989  -124.5232     18.010   0.00    0.00    0.00   0.00     104443
20200802   9100370   40.3989  -124.5232     18.010   0.00    0.00    0.00   0.00     104444
20200914   8192918   40.3989  -124.5232     18.010   0.00    0.00    0.00   0.00     104445
20210120   2261468   40.3989  -124.5232     18.010   0.00    0.00    0.00   0.00     104446
20210526  11244598   40.3989  -124.5232     18.010   0.00    0.00    0.00   0.00     104447
20210612   4015604   40.3989  -124.5232     18.010   0.00    0.00    0.00   0.00     104448
20210711  10274870   40.3989  -124.5232     18.010   0.00    0.00    0.00   0.00     104449
20210724  20543718   40.3989  -124.5232     18.010   0.00    0.00    0.00   0.00     104450
20210803   7022604   40.3989  -124.5232     18.010   0.00    0.00    0.00   0.00     104451
20210815   2351124   40.3989  -124.5232     18.010   0.00    0.00    0.00   0.00     104452
20210919    335620   40.3989  -124.5232     18.010   0.00    0.00    0.00   0.00     104453
20210920   9411552   40.3989  -124.5232     18.010   0.00    0.00    0.00   0.00     104454
20211019   6574920   40.3989  -124.5232     18.010   0.00    0.00    0.00   0.00     104455
20211019   4540390   40.3989  -124.5232     18.010   0.00    0.00    0.00   0.00     104456
20211019   4583936   40.3989  -124.5232     18.010   0.00    0.00    0.00   0.00     104457
20211019   5163024   40.3989  -124.5232     18.010   0.00    0.00    0.00   0.00     104458
20211224  18494626   40.3989  -124.5232     18.010   0.00    0.00    0.00   0.00     104459
20211231  21115046   40.3989  -124.5232     18.010   0.00    0.00    0.00   0.00     104460
20220107   6285160   40.3989  -124.5232     18.010   0.00    0.00    0.00   0.00     104461
20220118  10282426   40.3989  -124.5232     18.010   0.00    0.00    0.00   0.00     104462
20220125   9042622   40.3989  -124.5232     18.010   0.00    0.00    0.00   0.00     104463
20220125  16463376   40.3989  -124.5232     18.010   0.00    0.00    0.00   0.00     104464
20220214  22405284   40.3989  -124.5232     18.010   0.00    0.00    0.00   0.00     104465
20220222   1190028   40.3989  -124.5232     18.010   0.00    0.00    0.00   0.00     104466
20220311  17583970   40.3989  -124.5232     18.010   0.00    0.00    0.00   0.00     104467
20220510  22333364   40.3989  -124.5232     18.010   0.00    0.00    0.00   0.00     104468
20220606  10075534   40.3989  -124.5232     18.010   0.00    0.00    0.00   0.00     104469
20220630  22173324   40.3989  -124.5232     18.010   0.00    0.00    0.00   0.00     104470
20220703  15130018   40.3989  -124.5232     18.010   0.00    0.00    0.00   0.00     104471
20220715  12172278   40.3989  -124.5232     18.010   0.00    0.00    0.00   0.00     104472
20220728  11045024   40.3989  -124.5232     18.010   0.00    0.00    0.00   0.00     104473
20220815  11130382   40.3989  -124.5232     18.010   0.00    0.00    0.00   0.00     104474
20220816    492428   40.3989  -124.5232     18.010   0.00    0.00    0.00   0.00     104475
20220816   4173636   40.3989  -124.5232     18.010   0.00    0.00    0.00   0.00     104476
20220829   1575662   40.3989  -124.5232     18.010   0.00    0.00    0.00   0.00     104477
20220903  19055214   40.3989  -124.5232     18.010   0.00    0.00    0.00   0.00     104478
20221022  10261202   40.3989  -124.5232     18.010   0.00    0.00    0.00   0.00     104479
20200121    515522   40.4564  -124.5929     14.960   0.00    0.00    0.00   0.00     104480
20200318  23082604   40.4564  -124.5929     14.960   0.00    0.00    0.00   0.00     104481
20200526    284066   40.4564  -124.5929     14.960   0.00    0.00    0.00   0.00     104482
20200601   5321210   40.4564  -124.5929     14.960   0.00    0.00    0.00   0.00     104483
20200622   2021176   40.4564  -124.5929     14.960   0.00    0.00    0.00   0.00     104484
20200729     63726   40.4564  -124.5929     14.960   0.00    0.00    0.00   0.00     104485
20200811   5382912   40.4564  -124.5929     14.960   0.00    0.00    0.00   0.00     104486
20201008   1555772   40.4564  -124.5929     14.960   0.00    0.00    0.00   0.00     104487
20210307  11403030   40.4564  -124.5929     14.960   0.00    0.00    0.00   0.00     104488
20210422  20274148   40.4564  -124.5929     14.960   0.00    0.00    0.00   0.00     104489
20210506  21170852   40.4564  -124.5929     14.960   0.00    0.00    0.00   0.00     104490
20210509  18154060   40.4564  -124.5929     14.960   0.00    0.00    0.00   0.00     104491
20210522  23141904   40.4564  -124.5929     14.960   0.00    0.00    0.00   0.00     104492
20210523   3180932   40.4564  -124.5929     14.960   0.00    0.00    0.00   0.00     104493
20210609  14234900   40.4564  -124.5929     14.960   0.00    0.00    0.00   0.00     104494
20210618  22193474   40.4564  -124.5929     14.960   0.00    0.00    0.00   0.00     104495
20210820   5351540   40.4564  -124.5929     14.960   0.00    0.00    0.00   0.00     104496
20210911   3002114   40.4564  -124.5929     14.960   0.00    0.00    0.00   0.00     104497
20210911   3010480   40.4564  -124.5929     14.960   0.00    0.00    0.00   0.00     104498
20211116   9002252   40.4564  -124.5929     14.960   0.00    0.00    0.00   0.00     104499
20211210  12255864   40.4564  -124.5929     14.960   0.00    0.00    0.00   0.00     104500
20211210  12355264   40.4564  -124.5929     14.960   0.00    0.00    0.00   0.00     104501
20211220  12114396   40.4564  -124.5929     14.960   0.00    0.00    0.00   0.00     104502
20220528    123146   40.4564  -124.5929     14.960   0.00    0.00    0.00   0.00     104503
20220625   3251558   40.4564  -124.5929     14.960   0.00    0.00    0.00   0.00     104504
20220924  22070634   40.4564  -124.5929     14.960   0.00    0.00    0.00   0.00     104505
20221015   8072294   40.4564  -124.5929     14.960   0.00    0.00    0.00   0.00     104506
20221112  18192694   40.4564  -124.5929     14.960   0.00    0.00    0.00   0.00     104507
20221113  22285888   40.4564  -124.5929     14.960   0.00    0.00    0.00   0.00     104508
20221113  22213626   40.4564  -124.5929     14.960   0.00    0.00    0.00   0.00     104509
20200121  18161304   40.5622  -124.1252     22.570   0.00    0.00    0.00   0.00     104510
20200320   5021882   40.5622  -124.1252     22.570   0.00    0.00    0.00   0.00     104511
20210116  18422410   40.5622  -124.1252     22.570   0.00    0.00    0.00   0.00     104512
20200121   3001368   40.4062  -124.3487     28.440   0.00    0.00    0.00   0.00     104513
20200324  20074034   40.4062  -124.3487     28.440   0.00    0.00    0.00   0.00     104514
20200727   8385450   40.4062  -124.3487     28.440   0.00    0.00    0.00   0.00     104515
20210506  16035610   40.4062  -124.3487     28.440   0.00    0.00    0.00   0.00     104516
20210506  16262688   40.4062  -124.3487     28.440   0.00    0.00    0.00   0.00     104517
20210521     91222   40.4062  -124.3487     28.440   0.00    0.00    0.00   0.00     104518
20210705  10265420   40.4062  -124.3487     28.440   0.00    0.00    0.00   0.00     104519
20211220  21402742   40.4062  -124.3487     28.440   0.00    0.00    0.00   0.00     104520
20220106   1084142   40.4062  -124.3487     28.440   0.00    0.00    0.00   0.00     104521
20220810   4541566   40.4062  -124.3487     28.440   0.00    0.00    0.00   0.00     104522
20200123  21324106   40.2947  -124.4015     11.230   0.00    0.00    0.00   0.00     104523
20200206  19454550   40.2947  -124.4015     11.230   0.00    0.00    0.00   0.00     104524
20210221  20030654   40.2947  -124.4015     11.230   0.00    0.00    0.00   0.00     104525
20210914  19535324   40.2947  -124.4015     11.230   0.00    0.00    0.00   0.00     104526
20211225   2495880   40.2947  -124.4015     11.230   0.00    0.00    0.00   0.00     104527
20200123  21341584   40.2763  -124.4409     15.390   0.00    0.00    0.00   0.00     104528
20200314   9063852   40.2763  -124.4409     15.390   0.00    0.00    0.00   0.00     104529
20200705   7460862   40.2763  -124.4409     15.390   0.00    0.00    0.00   0.00     104530
20210610  16054468   40.2763  -124.4409     15.390   0.00    0.00    0.00   0.00     104531
20211221  17100910   40.2763  -124.4409     15.390   0.00    0.00    0.00   0.00     104532
20220417  20314772   40.2763  -124.4409     15.390   0.00    0.00    0.00   0.00     104533
20220515   1351592   40.2763  -124.4409     15.390   0.00    0.00    0.00   0.00     104534
20220924  21284564   40.2763  -124.4409     15.390   0.00    0.00    0.00   0.00     104535
20200123   2462232   40.2763  -124.5102     20.100   0.00    0.00    0.00   0.00     104536
20200123   1402590   40.2763  -124.5102     20.100   0.00    0.00    0.00   0.00     104537
20200124  12581842   40.2763  -124.5102     20.100   0.00    0.00    0.00   0.00     104538
20200315    555418   40.2763  -124.5102     20.100   0.00    0.00    0.00   0.00     104539
20200319  13022312   40.2763  -124.5102     20.100   0.00    0.00    0.00   0.00     104540
20200404  12551496   40.2763  -124.5102     20.100   0.00    0.00    0.00   0.00     104541
20200809   3240134   40.2763  -124.5102     20.100   0.00    0.00    0.00   0.00     104542
20200809      4200   40.2763  -124.5102     20.100   0.00    0.00    0.00   0.00     104543
20200906  19151942   40.2763  -124.5102     20.100   0.00    0.00    0.00   0.00     104544
20201120  23053700   40.2763  -124.5102     20.100   0.00    0.00    0.00   0.00     104545
20201208  19505944   40.2763  -124.5102     20.100   0.00    0.00    0.00   0.00     104546
20210113  20275586   40.2763  -124.5102     20.100   0.00    0.00    0.00   0.00     104547
20210123  18075898   40.2763  -124.5102     20.100   0.00    0.00    0.00   0.00     104548
20210204   8040638   40.2763  -124.5102     20.100   0.00    0.00    0.00   0.00     104549
20210208  10424386   40.2763  -124.5102     20.100   0.00    0.00    0.00   0.00     104550
20210219  13493682   40.2763  -124.5102     20.100   0.00    0.00    0.00   0.00     104551
20210428   9565316   40.2763  -124.5102     20.100   0.00    0.00    0.00   0.00     104552
20210509  16445054   40.2763  -124.5102     20.100   0.00    0.00    0.00   0.00     104553
20210611  13373702   40.2763  -124.5102     20.100   0.00    0.00    0.00   0.00     104554
20210813   3031428   40.2763  -124.5102     20.100   0.00    0.00    0.00   0.00     104555
20210830   5111286   40.2763  -124.5102     20.100   0.00    0.00    0.00   0.00     104556
20211013    115786   40.2763  -124.5102     20.100   0.00    0.00    0.00   0.00     104557
20211015  23360010   40.2763  -124.5102     20.100   0.00    0.00    0.00   0.00     104558
20211220  21000958   40.2763  -124.5102     20.100   0.00    0.00    0.00   0.00     104559
20211220  21270264   40.2763  -124.5102     20.100   0.00    0.00    0.00   0.00     104560
20211221   4114246   40.2763  -124.5102     20.100   0.00    0.00    0.00   0.00     104561
20211221   5271334   40.2763  -124.5102     20.100   0.00    0.00    0.00   0.00     104562
20211221   9544414   40.2763  -124.5102     20.100   0.00    0.00    0.00   0.00     104563
20211221   3451844   40.2763  -124.5102     20.100   0.00    0.00    0.00   0.00     104564
20211221  14321128   40.2763  -124.5102     20.100   0.00    0.00    0.00   0.00     104565
20211221   7493860   40.2763  -124.5102     20.100   0.00    0.00    0.00   0.00     104566
20211221    332932   40.2763  -124.5102     20.100   0.00    0.00    0.00   0.00     104567
20211221   1474732   40.2763  -124.5102     20.100   0.00    0.00    0.00   0.00     104568
20211221   7364412   40.2763  -124.5102     20.100   0.00    0.00    0.00   0.00     104569
20211230  17025956   40.2763  -124.5102     20.100   0.00    0.00    0.00   0.00     104570
20220505  19584014   40.2763  -124.5102     20.100   0.00    0.00    0.00   0.00     104571
20220805  21025668   40.2763  -124.5102     20.100   0.00    0.00    0.00   0.00     104572
20220829   3472720   40.2763  -124.5102     20.100   0.00    0.00    0.00   0.00     104573
20200123   7544866   40.5355  -123.8905     22.620   0.00    0.00    0.00   0.00     104574
20200124   7005518   40.4019  -124.5691     27.630   0.00    0.00    0.00   0.00     104575
20200125  18392230   40.4019  -124.5691     27.630   0.00    0.00    0.00   0.00     104576
20200318  22315804   40.4019  -124.5691     27.630   0.00    0.00    0.00   0.00     104577
20200519  23282608   40.4019  -124.5691     27.630   0.00    0.00    0.00   0.00     104578
20200519  16493892   40.4019  -124.5691     27.630   0.00    0.00    0.00   0.00     104579
20200522   8175872   40.4019  -124.5691     27.630   0.00    0.00    0.00   0.00     104580
20200527  23463198   40.4019  -124.5691     27.630   0.00    0.00    0.00   0.00     104581
20200602   5454072   40.4019  -124.5691     27.630   0.00    0.00    0.00   0.00     104582
20200626  16083916   40.4019  -124.5691     27.630   0.00    0.00    0.00   0.00     104583
20200724  16520172   40.4019  -124.5691     27.630   0.00    0.00    0.00   0.00     104584
20200724  16074828   40.4019  -124.5691     27.630   0.00    0.00    0.00   0.00     104585
20200809   7391722   40.4019  -124.5691     27.630   0.00    0.00    0.00   0.00     104586
20200825  23270068   40.4019  -124.5691     27.630   0.00    0.00    0.00   0.00     104587
20200826  17250196   40.4019  -124.5691     27.630   0.00    0.00    0.00   0.00     104588
20200909   1492434   40.4019  -124.5691     27.630   0.00    0.00    0.00   0.00     104589
20201015   5345452   40.4019  -124.5691     27.630   0.00    0.00    0.00   0.00     104590
20201015   5354474   40.4019  -124.5691     27.630   0.00    0.00    0.00   0.00     104591
20201024  18095082   40.4019  -124.5691     27.630   0.00    0.00    0.00   0.00     104592
20201106   1173330   40.4019  -124.5691     27.630   0.00    0.00    0.00   0.00     104593
20201110  19013710   40.4019  -124.5691     27.630   0.00    0.00    0.00   0.00     104594
20210115  14164732   40.4019  -124.5691     27.630   0.00    0.00    0.00   0.00     104595
20210124  21073112   40.4019  -124.5691     27.630   0.00    0.00    0.00   0.00     104596
20210311   2143904   40.4019  -124.5691     27.630   0.00    0.00    0.00   0.00     104597
20210315  19251154   40.4019  -124.5691     27.630   0.00    0.00    0.00   0.00     104598
20210325  23434358   40.4019  -124.5691     27.630   0.00    0.00    0.00   0.00     104599
20210326  11172476   40.4019  -124.5691     27.630   0.00    0.00    0.00   0.00     104600
20210402   4425924   40.4019  -124.5691     27.630   0.00    0.00    0.00   0.00     104601
20210409   2441024   40.4019  -124.5691     27.630   0.00    0.00    0.00   0.00     104602
20210416   2465604   40.4019  -124.5691     27.630   0.00    0.00    0.00   0.00     104603
20210426   6191054   40.4019  -124.5691     27.630   0.00    0.00    0.00   0.00     104604
20210511   9393100   40.4019  -124.5691     27.630   0.00    0.00    0.00   0.00     104605
20210519   7431272   40.4019  -124.5691     27.630   0.00    0.00    0.00   0.00     104606
20210522  23493964   40.4019  -124.5691     27.630   0.00    0.00    0.00   0.00     104607
20210616  21281492   40.4019  -124.5691     27.630   0.00    0.00    0.00   0.00     104608
20210717  13581228   40.4019  -124.5691     27.630   0.00    0.00    0.00   0.00     104609
20210717  16513328   40.4019  -124.5691     27.630   0.00    0.00    0.00   0.00     104610
20210718  17303040   40.4019  -124.5691     27.630   0.00    0.00    0.00   0.00     104611
20210719  23112652   40.4019  -124.5691     27.630   0.00    0.00    0.00   0.00     104612
20210721  10482504   40.4019  -124.5691     27.630   0.00    0.00    0.00   0.00     104613
20210721   6380050   40.4019  -124.5691     27.630   0.00    0.00    0.00   0.00     104614
20210721   8580600   40.4019  -124.5691     27.630   0.00    0.00    0.00   0.00     104615
20210726  15063404   40.4019  -124.5691     27.630   0.00    0.00    0.00   0.00     104616
20210727  18173642   40.4019  -124.5691     27.630   0.00    0.00    0.00   0.00     104617
20210831   9340338   40.4019  -124.5691     27.630   0.00    0.00    0.00   0.00     104618
20210831  11091372   40.4019  -124.5691     27.630   0.00    0.00    0.00   0.00     104619
20210901   8423268   40.4019  -124.5691     27.630   0.00    0.00    0.00   0.00     104620
20210902  12513938   40.4019  -124.5691     27.630   0.00    0.00    0.00   0.00     104621
20210916  10241738   40.4019  -124.5691     27.630   0.00    0.00    0.00   0.00     104622
20210926   6062392   40.4019  -124.5691     27.630   0.00    0.00    0.00   0.00     104623
20211015    325684   40.4019  -124.5691     27.630   0.00    0.00    0.00   0.00     104624
20211113   5275970   40.4019  -124.5691     27.630   0.00    0.00    0.00   0.00     104625
20211122   6325780   40.4019  -124.5691     27.630   0.00    0.00    0.00   0.00     104626
20211204   6543144   40.4019  -124.5691     27.630   0.00    0.00    0.00   0.00     104627
20211205   2103064   40.4019  -124.5691     27.630   0.00    0.00    0.00   0.00     104628
20211207   1374438   40.4019  -124.5691     27.630   0.00    0.00    0.00   0.00     104629
20211207     54172   40.4019  -124.5691     27.630   0.00    0.00    0.00   0.00     104630
20220116   7100324   40.4019  -124.5691     27.630   0.00    0.00    0.00   0.00     104631
20220124  18273110   40.4019  -124.5691     27.630   0.00    0.00    0.00   0.00     104632
20220215  16000938   40.4019  -124.5691     27.630   0.00    0.00    0.00   0.00     104633
20220307   5272922   40.4019  -124.5691     27.630   0.00    0.00    0.00   0.00     104634
20220401  15041914   40.4019  -124.5691     27.630   0.00    0.00    0.00   0.00     104635
20220401  14494864   40.4019  -124.5691     27.630   0.00    0.00    0.00   0.00     104636
20220416  21223698   40.4019  -124.5691     27.630   0.00    0.00    0.00   0.00     104637
20220419  11373454   40.4019  -124.5691     27.630   0.00    0.00    0.00   0.00     104638
20220427  12033178   40.4019  -124.5691     27.630   0.00    0.00    0.00   0.00     104639
20220605  13105752   40.4019  -124.5691     27.630   0.00    0.00    0.00   0.00     104640
20220614  18332696   40.4019  -124.5691     27.630   0.00    0.00    0.00   0.00     104641
20220701    260514   40.4019  -124.5691     27.630   0.00    0.00    0.00   0.00     104642
20220702    294998   40.4019  -124.5691     27.630   0.00    0.00    0.00   0.00     104643
20220810  10503934   40.4019  -124.5691     27.630   0.00    0.00    0.00   0.00     104644
20220908  22133984   40.4019  -124.5691     27.630   0.00    0.00    0.00   0.00     104645
20220910  23005216   40.4019  -124.5691     27.630   0.00    0.00    0.00   0.00     104646
20220914  19395838   40.4019  -124.5691     27.630   0.00    0.00    0.00   0.00     104647
20220920   6031886   40.4019  -124.5691     27.630   0.00    0.00    0.00   0.00     104648
20220930   8153372   40.4019  -124.5691     27.630   0.00    0.00    0.00   0.00     104649
20221010  10324162   40.4019  -124.5691     27.630   0.00    0.00    0.00   0.00     104650
20221025   1010666   40.4019  -124.5691     27.630   0.00    0.00    0.00   0.00     104651
20221025   1461200   40.4019  -124.5691     27.630   0.00    0.00    0.00   0.00     104652
20221026  17524258   40.4019  -124.5691     27.630   0.00    0.00    0.00   0.00     104653
20221107  14461668   40.4019  -124.5691     27.630   0.00    0.00    0.00   0.00     104654
20200124  22080956   40.4657  -124.4777     29.780   0.00    0.00    0.00   0.00     104655
20200127  11084700   40.4657  -124.4777     29.780   0.00    0.00    0.00   0.00     104656
20200309  10511862   40.4657  -124.4777     29.780   0.00    0.00    0.00   0.00     104657
20200318  23160208   40.4657  -124.4777     29.780   0.00    0.00    0.00   0.00     104658
20200320  11091238   40.4657  -124.4777     29.780   0.00    0.00    0.00   0.00     104659
20200510  15443828   40.4657  -124.4777     29.780   0.00    0.00    0.00   0.00     104660
20200608  17215150   40.4657  -124.4777     29.780   0.00    0.00    0.00   0.00     104661
20201230  23035866   40.4657  -124.4777     29.780   0.00    0.00    0.00   0.00     104662
20201231  13125718   40.4657  -124.4777     29.780   0.00    0.00    0.00   0.00     104663
20210612  16093734   40.4657  -124.4777     29.780   0.00    0.00    0.00   0.00     104664
20210624  14450802   40.4657  -124.4777     29.780   0.00    0.00    0.00   0.00     104665
20210627  23310964   40.4657  -124.4777     29.780   0.00    0.00    0.00   0.00     104666
20210630  18571990   40.4657  -124.4777     29.780   0.00    0.00    0.00   0.00     104667
20210706  10170188   40.4657  -124.4777     29.780   0.00    0.00    0.00   0.00     104668
20210715   7401704   40.4657  -124.4777     29.780   0.00    0.00    0.00   0.00     104669
20210721  11241948   40.4657  -124.4777     29.780   0.00    0.00    0.00   0.00     104670
20210728  22515270   40.4657  -124.4777     29.780   0.00    0.00    0.00   0.00     104671
20210817     62520   40.4657  -124.4777     29.780   0.00    0.00    0.00   0.00     104672
20210817   6153202   40.4657  -124.4777     29.780   0.00    0.00    0.00   0.00     104673
20210914  14324488   40.4657  -124.4777     29.780   0.00    0.00    0.00   0.00     104674
20210926    395052   40.4657  -124.4777     29.780   0.00    0.00    0.00   0.00     104675
20211023   3000512   40.4657  -124.4777     29.780   0.00    0.00    0.00   0.00     104676
20211103  10402704   40.4657  -124.4777     29.780   0.00    0.00    0.00   0.00     104677
20211118   6171196   40.4657  -124.4777     29.780   0.00    0.00    0.00   0.00     104678
20211123   3250332   40.4657  -124.4777     29.780   0.00    0.00    0.00   0.00     104679
20211220  22573068   40.4657  -124.4777     29.780   0.00    0.00    0.00   0.00     104680
20211222   1490730   40.4657  -124.4777     29.780   0.00    0.00    0.00   0.00     104681
20211222   2060514   40.4657  -124.4777     29.780   0.00    0.00    0.00   0.00     104682
20220118    443546   40.4657  -124.4777     29.780   0.00    0.00    0.00   0.00     104683
20220416   8344370   40.4657  -124.4777     29.780   0.00    0.00    0.00   0.00     104684
20220421    591588   40.4657  -124.4777     29.780   0.00    0.00    0.00   0.00     104685
20220627  17465934   40.4657  -124.4777     29.780   0.00    0.00    0.00   0.00     104686
20220701  12395426   40.4657  -124.4777     29.780   0.00    0.00    0.00   0.00     104687
20220808  14571740   40.4657  -124.4777     29.780   0.00    0.00    0.00   0.00     104688
20220824  10395120   40.4657  -124.4777     29.780   0.00    0.00    0.00   0.00     104689
20220827   6024300   40.4657  -124.4777     29.780   0.00    0.00    0.00   0.00     104690
20220908   7250230   40.4657  -124.4777     29.780   0.00    0.00    0.00   0.00     104691
20220924  22425060   40.4657  -124.4777     29.780   0.00    0.00    0.00   0.00     104692
20200124   1390240   40.2793  -124.4697      7.760   0.00    0.00    0.00   0.00     104693
20200221   1120710   40.2793  -124.4697      7.760   0.00    0.00    0.00   0.00     104694
20201230   4080842   40.2793  -124.4697      7.760   0.00    0.00    0.00   0.00     104695
20210101  15204306   40.2793  -124.4697      7.760   0.00    0.00    0.00   0.00     104696
20210101   6204272   40.2793  -124.4697      7.760   0.00    0.00    0.00   0.00     104697
20210516   2253880   40.2793  -124.4697      7.760   0.00    0.00    0.00   0.00     104698
20210717  20330508   40.2793  -124.4697      7.760   0.00    0.00    0.00   0.00     104699
20210721   1423590   40.2793  -124.4697      7.760   0.00    0.00    0.00   0.00     104700
20210805   6342158   40.2793  -124.4697      7.760   0.00    0.00    0.00   0.00     104701
20210911  11344114   40.2793  -124.4697      7.760   0.00    0.00    0.00   0.00     104702
20210920  16482602   40.2793  -124.4697      7.760   0.00    0.00    0.00   0.00     104703
20211103  12271886   40.2793  -124.4697      7.760   0.00    0.00    0.00   0.00     104704
20220220   6240376   40.2793  -124.4697      7.760   0.00    0.00    0.00   0.00     104705
20220510  21321228   40.2793  -124.4697      7.760   0.00    0.00    0.00   0.00     104706
20220511   6532164   40.2793  -124.4697      7.760   0.00    0.00    0.00   0.00     104707
20220511   9434918   40.2793  -124.4697      7.760   0.00    0.00    0.00   0.00     104708
20220511  14123214   40.2793  -124.4697      7.760   0.00    0.00    0.00   0.00     104709
20220511  14122662   40.2793  -124.4697      7.760   0.00    0.00    0.00   0.00     104710
20220512    542098   40.2793  -124.4697      7.760   0.00    0.00    0.00   0.00     104711
20220806   8203020   40.2793  -124.4697      7.760   0.00    0.00    0.00   0.00     104712
20220807    515288   40.2793  -124.4697      7.760   0.00    0.00    0.00   0.00     104713
20220921  23153128   40.2793  -124.4697      7.760   0.00    0.00    0.00   0.00     104714
20220922   7091214   40.2793  -124.4697      7.760   0.00    0.00    0.00   0.00     104715
20220922   1353696   40.2793  -124.4697      7.760   0.00    0.00    0.00   0.00     104716
20220926  12214948   40.2793  -124.4697      7.760   0.00    0.00    0.00   0.00     104717
20200125  19283176   40.4781  -124.5706     24.020   0.00    0.00    0.00   0.00     104718
20200216   4294476   40.4781  -124.5706     24.020   0.00    0.00    0.00   0.00     104719
20201022  21325166   40.4781  -124.5706     24.020   0.00    0.00    0.00   0.00     104720
20220809  15443688   40.4781  -124.5706     24.020   0.00    0.00    0.00   0.00     104721
20200125  10405190   40.7299  -124.2234     20.730   0.00    0.00    0.00   0.00     104722
20201105    170270   40.7299  -124.2234     20.730   0.00    0.00    0.00   0.00     104723
20210531  16070920   40.7299  -124.2234     20.730   0.00    0.00    0.00   0.00     104724
20210801  17142196   40.7299  -124.2234     20.730   0.00    0.00    0.00   0.00     104725
20210801  17150248   40.7299  -124.2234     20.730   0.00    0.00    0.00   0.00     104726
20210802   2494392   40.7299  -124.2234     20.730   0.00    0.00    0.00   0.00     104727
20210812   1051040   40.7299  -124.2234     20.730   0.00    0.00    0.00   0.00     104728
20210812   1003592   40.7299  -124.2234     20.730   0.00    0.00    0.00   0.00     104729
20210812   4061318   40.7299  -124.2234     20.730   0.00    0.00    0.00   0.00     104730
20210812   1114470   40.7299  -124.2234     20.730   0.00    0.00    0.00   0.00     104731
20210812   4312150   40.7299  -124.2234     20.730   0.00    0.00    0.00   0.00     104732
20210812   1115628   40.7299  -124.2234     20.730   0.00    0.00    0.00   0.00     104733
20210812   1291402   40.7299  -124.2234     20.730   0.00    0.00    0.00   0.00     104734
20210812   1062092   40.7299  -124.2234     20.730   0.00    0.00    0.00   0.00     104735
20210812   4262134   40.7299  -124.2234     20.730   0.00    0.00    0.00   0.00     104736
20210812   1204498   40.7299  -124.2234     20.730   0.00    0.00    0.00   0.00     104737
20210812   1385182   40.7299  -124.2234     20.730   0.00    0.00    0.00   0.00     104738
20210812   1401914   40.7299  -124.2234     20.730   0.00    0.00    0.00   0.00     104739
20210812   1023638   40.7299  -124.2234     20.730   0.00    0.00    0.00   0.00     104740
20210812   1104964   40.7299  -124.2234     20.730   0.00    0.00    0.00   0.00     104741
20210812   3340610   40.7299  -124.2234     20.730   0.00    0.00    0.00   0.00     104742
20210812   2082484   40.7299  -124.2234     20.730   0.00    0.00    0.00   0.00     104743
20210812   1190352   40.7299  -124.2234     20.730   0.00    0.00    0.00   0.00     104744
20210812   1010330   40.7299  -124.2234     20.730   0.00    0.00    0.00   0.00     104745
20210812   1172074   40.7299  -124.2234     20.730   0.00    0.00    0.00   0.00     104746
20210812   1152014   40.7299  -124.2234     20.730   0.00    0.00    0.00   0.00     104747
20210812   7070806   40.7299  -124.2234     20.730   0.00    0.00    0.00   0.00     104748
20210828   4184044   40.7299  -124.2234     20.730   0.00    0.00    0.00   0.00     104749
20210909  14514574   40.7299  -124.2234     20.730   0.00    0.00    0.00   0.00     104750
20210925  19293364   40.7299  -124.2234     20.730   0.00    0.00    0.00   0.00     104751
20210925  19412588   40.7299  -124.2234     20.730   0.00    0.00    0.00   0.00     104752
20210925  20042932   40.7299  -124.2234     20.730   0.00    0.00    0.00   0.00     104753
20210925  19415514   40.7299  -124.2234     20.730   0.00    0.00    0.00   0.00     104754
20210925  21313690   40.7299  -124.2234     20.730   0.00    0.00    0.00   0.00     104755
20210925  19575940   40.7299  -124.2234     20.730   0.00    0.00    0.00   0.00     104756
20210925  19212070   40.7299  -124.2234     20.730   0.00    0.00    0.00   0.00     104757
20210925  21504704   40.7299  -124.2234     20.730   0.00    0.00    0.00   0.00     104758
20210925  19421442   40.7299  -124.2234     20.730   0.00    0.00    0.00   0.00     104759
20210925  19304102   40.7299  -124.2234     20.730   0.00    0.00    0.00   0.00     104760
20210925  21190674   40.7299  -124.2234     20.730   0.00    0.00    0.00   0.00     104761
20210925  21105612   40.7299  -124.2234     20.730   0.00    0.00    0.00   0.00     104762
20210925  19595722   40.7299  -124.2234     20.730   0.00    0.00    0.00   0.00     104763
20210925  19451596   40.7299  -124.2234     20.730   0.00    0.00    0.00   0.00     104764
20210926    235794   40.7299  -124.2234     20.730   0.00    0.00    0.00   0.00     104765
20210926   4485844   40.7299  -124.2234     20.730   0.00    0.00    0.00   0.00     104766
20210926   4475622   40.7299  -124.2234     20.730   0.00    0.00    0.00   0.00     104767
20210926   4585930   40.7299  -124.2234     20.730   0.00    0.00    0.00   0.00     104768
20210926   3080490   40.7299  -124.2234     20.730   0.00    0.00    0.00   0.00     104769
20210926   6470182   40.7299  -124.2234     20.730   0.00    0.00    0.00   0.00     104770
20210926  16275994   40.7299  -124.2234     20.730   0.00    0.00    0.00   0.00     104771
20210926   3084634   40.7299  -124.2234     20.730   0.00    0.00    0.00   0.00     104772
20210926   4450282   40.7299  -124.2234     20.730   0.00    0.00    0.00   0.00     104773
20210926   4545010   40.7299  -124.2234     20.730   0.00    0.00    0.00   0.00     104774
20210926   4574412   40.7299  -124.2234     20.730   0.00    0.00    0.00   0.00     104775
20210926   5181526   40.7299  -124.2234     20.730   0.00    0.00    0.00   0.00     104776
20210926   5482014   40.7299  -124.2234     20.730   0.00    0.00    0.00   0.00     104777
20210926   4522008   40.7299  -124.2234     20.730   0.00    0.00    0.00   0.00     104778
20210927   3382402   40.7299  -124.2234     20.730   0.00    0.00    0.00   0.00     104779
20211002  13584360   40.7299  -124.2234     20.730   0.00    0.00    0.00   0.00     104780
20211002  13505286   40.7299  -124.2234     20.730   0.00    0.00    0.00   0.00     104781
20211002  16033266   40.7299  -124.2234     20.730   0.00    0.00    0.00   0.00     104782
20211003  23080078   40.7299  -124.2234     20.730   0.00    0.00    0.00   0.00     104783
20211006   2095516   40.7299  -124.2234     20.730   0.00    0.00    0.00   0.00     104784
20211010   8365256   40.7299  -124.2234     20.730   0.00    0.00    0.00   0.00     104785
20211010  10051770   40.7299  -124.2234     20.730   0.00    0.00    0.00   0.00     104786
20211010   9565132   40.7299  -124.2234     20.730   0.00    0.00    0.00   0.00     104787
20211010  11520030   40.7299  -124.2234     20.730   0.00    0.00    0.00   0.00     104788
20211010   9565758   40.7299  -124.2234     20.730   0.00    0.00    0.00   0.00     104789
20211013   3003994   40.7299  -124.2234     20.730   0.00    0.00    0.00   0.00     104790
20211018   5091072   40.7299  -124.2234     20.730   0.00    0.00    0.00   0.00     104791
20211018   5102928   40.7299  -124.2234     20.730   0.00    0.00    0.00   0.00     104792
20211018   5095700   40.7299  -124.2234     20.730   0.00    0.00    0.00   0.00     104793
20211030  10593162   40.7299  -124.2234     20.730   0.00    0.00    0.00   0.00     104794
20211030  11102966   40.7299  -124.2234     20.730   0.00    0.00    0.00   0.00     104795
20211030  11150766   40.7299  -124.2234     20.730   0.00    0.00    0.00   0.00     104796
20211107  19480650   40.7299  -124.2234     20.730   0.00    0.00    0.00   0.00     104797
20220115   9261954   40.7299  -124.2234     20.730   0.00    0.00    0.00   0.00     104798
20220314   1040698   40.7299  -124.2234     20.730   0.00    0.00    0.00   0.00     104799
20220325  13283214   40.7299  -124.2234     20.730   0.00    0.00    0.00   0.00     104800
20220325  22061136   40.7299  -124.2234     20.730   0.00    0.00    0.00   0.00     104801
20220325   7592730   40.7299  -124.2234     20.730   0.00    0.00    0.00   0.00     104802
20220325  14085984   40.7299  -124.2234     20.730   0.00    0.00    0.00   0.00     104803
20220325  13505060   40.7299  -124.2234     20.730   0.00    0.00    0.00   0.00     104804
20220325   8233288   40.7299  -124.2234     20.730   0.00    0.00    0.00   0.00     104805
20220325  14203764   40.7299  -124.2234     20.730   0.00    0.00    0.00   0.00     104806
20220325   8452818   40.7299  -124.2234     20.730   0.00    0.00    0.00   0.00     104807
20220325  15242446   40.7299  -124.2234     20.730   0.00    0.00    0.00   0.00     104808
20220325   9312322   40.7299  -124.2234     20.730   0.00    0.00    0.00   0.00     104809
20220325  12251496   40.7299  -124.2234     20.730   0.00    0.00    0.00   0.00     104810
20220325   8095054   40.7299  -124.2234     20.730   0.00    0.00    0.00   0.00     104811
20220325   7591844   40.7299  -124.2234     20.730   0.00    0.00    0.00   0.00     104812
20220325  16132796   40.7299  -124.2234     20.730   0.00    0.00    0.00   0.00     104813
20220325  11524282   40.7299  -124.2234     20.730   0.00    0.00    0.00   0.00     104814
20220325   9263214   40.7299  -124.2234     20.730   0.00    0.00    0.00   0.00     104815
20220325  14083010   40.7299  -124.2234     20.730   0.00    0.00    0.00   0.00     104816
20220325  14165062   40.7299  -124.2234     20.730   0.00    0.00    0.00   0.00     104817
20220325  15060572   40.7299  -124.2234     20.730   0.00    0.00    0.00   0.00     104818
20220325  14062320   40.7299  -124.2234     20.730   0.00    0.00    0.00   0.00     104819
20220325  14244412   40.7299  -124.2234     20.730   0.00    0.00    0.00   0.00     104820
20220325  13521036   40.7299  -124.2234     20.730   0.00    0.00    0.00   0.00     104821
20220325  14083636   40.7299  -124.2234     20.730   0.00    0.00    0.00   0.00     104822
20220325  13533386   40.7299  -124.2234     20.730   0.00    0.00    0.00   0.00     104823
20220326  10075460   40.7299  -124.2234     20.730   0.00    0.00    0.00   0.00     104824
20220327   3213662   40.7299  -124.2234     20.730   0.00    0.00    0.00   0.00     104825
20220606   6542816   40.7299  -124.2234     20.730   0.00    0.00    0.00   0.00     104826
20220606   7072784   40.7299  -124.2234     20.730   0.00    0.00    0.00   0.00     104827
20220626   6114342   40.7299  -124.2234     20.730   0.00    0.00    0.00   0.00     104828
20220627  15182676   40.7299  -124.2234     20.730   0.00    0.00    0.00   0.00     104829
20220627  15513376   40.7299  -124.2234     20.730   0.00    0.00    0.00   0.00     104830
20220627  15195438   40.7299  -124.2234     20.730   0.00    0.00    0.00   0.00     104831
20220802  10503482   40.7299  -124.2234     20.730   0.00    0.00    0.00   0.00     104832
20220815    260076   40.7299  -124.2234     20.730   0.00    0.00    0.00   0.00     104833
20220922   6073290   40.7299  -124.2234     20.730   0.00    0.00    0.00   0.00     104834
20220922   7362264   40.7299  -124.2234     20.730   0.00    0.00    0.00   0.00     104835
20221119  14195420   40.7299  -124.2234     20.730   0.00    0.00    0.00   0.00     104836
20221119  13340436   40.7299  -124.2234     20.730   0.00    0.00    0.00   0.00     104837
20200125  14204782   40.2917  -124.3895     21.370   0.00    0.00    0.00   0.00     104838
20200125  14222394   40.2917  -124.3895     21.370   0.00    0.00    0.00   0.00     104839
20200301   6370856   40.2917  -124.3895     21.370   0.00    0.00    0.00   0.00     104840
20200306  18141644   40.2917  -124.3895     21.370   0.00    0.00    0.00   0.00     104841
20200313  13444032   40.2917  -124.3895     21.370   0.00    0.00    0.00   0.00     104842
20200523  16190540   40.2917  -124.3895     21.370   0.00    0.00    0.00   0.00     104843
20200524  12071314   40.2917  -124.3895     21.370   0.00    0.00    0.00   0.00     104844
20200605  12002042   40.2917  -124.3895     21.370   0.00    0.00    0.00   0.00     104845
20200921   7474482   40.2917  -124.3895     21.370   0.00    0.00    0.00   0.00     104846
20201206  16341864   40.2917  -124.3895     21.370   0.00    0.00    0.00   0.00     104847
20201225  11553802   40.2917  -124.3895     21.370   0.00    0.00    0.00   0.00     104848
20201225  14255704   40.2917  -124.3895     21.370   0.00    0.00    0.00   0.00     104849
20210113  10002144   40.2917  -124.3895     21.370   0.00    0.00    0.00   0.00     104850
20210205  11240936   40.2917  -124.3895     21.370   0.00    0.00    0.00   0.00     104851
20210207  13092512   40.2917  -124.3895     21.370   0.00    0.00    0.00   0.00     104852
20210717   4303144   40.2917  -124.3895     21.370   0.00    0.00    0.00   0.00     104853
20210917   3492986   40.2917  -124.3895     21.370   0.00    0.00    0.00   0.00     104854
20211023  10365484   40.2917  -124.3895     21.370   0.00    0.00    0.00   0.00     104855
20211030   7264226   40.2917  -124.3895     21.370   0.00    0.00    0.00   0.00     104856
20211110  22120710   40.2917  -124.3895     21.370   0.00    0.00    0.00   0.00     104857
20211117  11583444   40.2917  -124.3895     21.370   0.00    0.00    0.00   0.00     104858
20211220  22162442   40.2917  -124.3895     21.370   0.00    0.00    0.00   0.00     104859
20211220  23410614   40.2917  -124.3895     21.370   0.00    0.00    0.00   0.00     104860
20211220  22140188   40.2917  -124.3895     21.370   0.00    0.00    0.00   0.00     104861
20211221      4450   40.2917  -124.3895     21.370   0.00    0.00    0.00   0.00     104862
20211221   7320794   40.2917  -124.3895     21.370   0.00    0.00    0.00   0.00     104863
20211221   7323844   40.2917  -124.3895     21.370   0.00    0.00    0.00   0.00     104864
20211221   4113124   40.2917  -124.3895     21.370   0.00    0.00    0.00   0.00     104865
20211221  13123590   40.2917  -124.3895     21.370   0.00    0.00    0.00   0.00     104866
20211221   3581480   40.2917  -124.3895     21.370   0.00    0.00    0.00   0.00     104867
20211221   7354076   40.2917  -124.3895     21.370   0.00    0.00    0.00   0.00     104868
20211221   5592684   40.2917  -124.3895     21.370   0.00    0.00    0.00   0.00     104869
20211221   2415678   40.2917  -124.3895     21.370   0.00    0.00    0.00   0.00     104870
20211221   7105638   40.2917  -124.3895     21.370   0.00    0.00    0.00   0.00     104871
20211221   5353630   40.2917  -124.3895     21.370   0.00    0.00    0.00   0.00     104872
20211221  15223780   40.2917  -124.3895     21.370   0.00    0.00    0.00   0.00     104873
20211221  13402730   40.2917  -124.3895     21.370   0.00    0.00    0.00   0.00     104874
20211222   2253612   40.2917  -124.3895     21.370   0.00    0.00    0.00   0.00     104875
20211222   4434160   40.2917  -124.3895     21.370   0.00    0.00    0.00   0.00     104876
20211222  15374454   40.2917  -124.3895     21.370   0.00    0.00    0.00   0.00     104877
20211223  13230220   40.2917  -124.3895     21.370   0.00    0.00    0.00   0.00     104878
20211224  23283288   40.2917  -124.3895     21.370   0.00    0.00    0.00   0.00     104879
20211224   3311844   40.2917  -124.3895     21.370   0.00    0.00    0.00   0.00     104880
20211231  17040490   40.2917  -124.3895     21.370   0.00    0.00    0.00   0.00     104881
20220117  18511368   40.2917  -124.3895     21.370   0.00    0.00    0.00   0.00     104882
20220126  10011806   40.2917  -124.3895     21.370   0.00    0.00    0.00   0.00     104883
20220128  17214978   40.2917  -124.3895     21.370   0.00    0.00    0.00   0.00     104884
20220128  15571916   40.2917  -124.3895     21.370   0.00    0.00    0.00   0.00     104885
20220128  15483598   40.2917  -124.3895     21.370   0.00    0.00    0.00   0.00     104886
20220207  19470654   40.2917  -124.3895     21.370   0.00    0.00    0.00   0.00     104887
20220222   1594572   40.2917  -124.3895     21.370   0.00    0.00    0.00   0.00     104888
20220902  17284918   40.2917  -124.3895     21.370   0.00    0.00    0.00   0.00     104889
20220921  13505246   40.2917  -124.3895     21.370   0.00    0.00    0.00   0.00     104890
20200125   1454802   40.2827  -124.4395     11.040   0.00    0.00    0.00   0.00     104891
20200125    210428   40.2827  -124.4395     11.040   0.00    0.00    0.00   0.00     104892
20200206   9164004   40.2827  -124.4395     11.040   0.00    0.00    0.00   0.00     104893
20200206  10011824   40.2827  -124.4395     11.040   0.00    0.00    0.00   0.00     104894
20210102  20595542   40.2827  -124.4395     11.040   0.00    0.00    0.00   0.00     104895
20211221   7183716   40.2827  -124.4395     11.040   0.00    0.00    0.00   0.00     104896
20211221    163384   40.2827  -124.4395     11.040   0.00    0.00    0.00   0.00     104897
20220314  12164458   40.2827  -124.4395     11.040   0.00    0.00    0.00   0.00     104898
20220529  23484816   40.2827  -124.4395     11.040   0.00    0.00    0.00   0.00     104899
20220630  13341392   40.2827  -124.4395     11.040   0.00    0.00    0.00   0.00     104900
20220805  19235534   40.2827  -124.4395     11.040   0.00    0.00    0.00   0.00     104901
20200126  18131958   40.5091  -124.4187     26.240   0.00    0.00    0.00   0.00     104902
20200218  19083266   40.5091  -124.4187     26.240   0.00    0.00    0.00   0.00     104903
20200331  16393444   40.5091  -124.4187     26.240   0.00    0.00    0.00   0.00     104904
20200622  15252488   40.5091  -124.4187     26.240   0.00    0.00    0.00   0.00     104905
20200622  11245072   40.5091  -124.4187     26.240   0.00    0.00    0.00   0.00     104906
20201030   6033298   40.5091  -124.4187     26.240   0.00    0.00    0.00   0.00     104907
20210316  19213042   40.5091  -124.4187     26.240   0.00    0.00    0.00   0.00     104908
20210328  21150096   40.5091  -124.4187     26.240   0.00    0.00    0.00   0.00     104909
20210424   9324028   40.5091  -124.4187     26.240   0.00    0.00    0.00   0.00     104910
20210520  19214794   40.5091  -124.4187     26.240   0.00    0.00    0.00   0.00     104911
20210525  12244864   40.5091  -124.4187     26.240   0.00    0.00    0.00   0.00     104912
20210701  22153576   40.5091  -124.4187     26.240   0.00    0.00    0.00   0.00     104913
20210720   4282996   40.5091  -124.4187     26.240   0.00    0.00    0.00   0.00     104914
20210801  16263948   40.5091  -124.4187     26.240   0.00    0.00    0.00   0.00     104915
20210805   8280138   40.5091  -124.4187     26.240   0.00    0.00    0.00   0.00     104916
20210917  15115164   40.5091  -124.4187     26.240   0.00    0.00    0.00   0.00     104917
20211005  18215832   40.5091  -124.4187     26.240   0.00    0.00    0.00   0.00     104918
20211016   3192320   40.5091  -124.4187     26.240   0.00    0.00    0.00   0.00     104919
20211110  14164118   40.5091  -124.4187     26.240   0.00    0.00    0.00   0.00     104920
20211128   9280636   40.5091  -124.4187     26.240   0.00    0.00    0.00   0.00     104921
20211220  20500384   40.5091  -124.4187     26.240   0.00    0.00    0.00   0.00     104922
20211222   5520202   40.5091  -124.4187     26.240   0.00    0.00    0.00   0.00     104923
20211230  23173286   40.5091  -124.4187     26.240   0.00    0.00    0.00   0.00     104924
20220114  12335288   40.5091  -124.4187     26.240   0.00    0.00    0.00   0.00     104925
20220117   2111912   40.5091  -124.4187     26.240   0.00    0.00    0.00   0.00     104926
20220118   6042280   40.5091  -124.4187     26.240   0.00    0.00    0.00   0.00     104927
20220130   2065766   40.5091  -124.4187     26.240   0.00    0.00    0.00   0.00     104928
20220130   2232112   40.5091  -124.4187     26.240   0.00    0.00    0.00   0.00     104929
20220227  19443912   40.5091  -124.4187     26.240   0.00    0.00    0.00   0.00     104930
20220303  16185232   40.5091  -124.4187     26.240   0.00    0.00    0.00   0.00     104931
20220305    585308   40.5091  -124.4187     26.240   0.00    0.00    0.00   0.00     104932
20220325   4330918   40.5091  -124.4187     26.240   0.00    0.00    0.00   0.00     104933
20220601  12101636   40.5091  -124.4187     26.240   0.00    0.00    0.00   0.00     104934
20220702   6031824   40.5091  -124.4187     26.240   0.00    0.00    0.00   0.00     104935
20220727   2174756   40.5091  -124.4187     26.240   0.00    0.00    0.00   0.00     104936
20220925   7091150   40.5091  -124.4187     26.240   0.00    0.00    0.00   0.00     104937
20221018  23253752   40.5091  -124.4187     26.240   0.00    0.00    0.00   0.00     104938
20221121  16502868   40.5091  -124.4187     26.240   0.00    0.00    0.00   0.00     104939
20200127   9511386   40.5200  -124.4930     16.460   0.00    0.00    0.00   0.00     104940
20200220   6325928   40.5200  -124.4930     16.460   0.00    0.00    0.00   0.00     104941
20200406   9212096   40.5200  -124.4930     16.460   0.00    0.00    0.00   0.00     104942
20201217  16410852   40.5200  -124.4930     16.460   0.00    0.00    0.00   0.00     104943
20201219  14181940   40.5200  -124.4930     16.460   0.00    0.00    0.00   0.00     104944
20210524    404552   40.5200  -124.4930     16.460   0.00    0.00    0.00   0.00     104945
20211106   3381248   40.5200  -124.4930     16.460   0.00    0.00    0.00   0.00     104946
20200127   3333790   40.3740  -124.5870     27.510   0.00    0.00    0.00   0.00     104947
20200315  11085448   40.3740  -124.5870     27.510   0.00    0.00    0.00   0.00     104948
20200315  10402530   40.3740  -124.5870     27.510   0.00    0.00    0.00   0.00     104949
20200324  22405694   40.3740  -124.5870     27.510   0.00    0.00    0.00   0.00     104950
20200329  19504894   40.3740  -124.5870     27.510   0.00    0.00    0.00   0.00     104951
20200520  21104054   40.3740  -124.5870     27.510   0.00    0.00    0.00   0.00     104952
20200528   3304920   40.3740  -124.5870     27.510   0.00    0.00    0.00   0.00     104953
20200611   3505118   40.3740  -124.5870     27.510   0.00    0.00    0.00   0.00     104954
20200614   8410488   40.3740  -124.5870     27.510   0.00    0.00    0.00   0.00     104955
20200714   7254780   40.3740  -124.5870     27.510   0.00    0.00    0.00   0.00     104956
20200817  22341924   40.3740  -124.5870     27.510   0.00    0.00    0.00   0.00     104957
20200910   2044704   40.3740  -124.5870     27.510   0.00    0.00    0.00   0.00     104958
20200912  10400048   40.3740  -124.5870     27.510   0.00    0.00    0.00   0.00     104959
20200919    333164   40.3740  -124.5870     27.510   0.00    0.00    0.00   0.00     104960
20200923   9314732   40.3740  -124.5870     27.510   0.00    0.00    0.00   0.00     104961
20200929   9575596   40.3740  -124.5870     27.510   0.00    0.00    0.00   0.00     104962
20201123   6233376   40.3740  -124.5870     27.510   0.00    0.00    0.00   0.00     104963
20201208  16425328   40.3740  -124.5870     27.510   0.00    0.00    0.00   0.00     104964
20201210  19491426   40.3740  -124.5870     27.510   0.00    0.00    0.00   0.00     104965
20201222  14351032   40.3740  -124.5870     27.510   0.00    0.00    0.00   0.00     104966
20210306  12542766   40.3740  -124.5870     27.510   0.00    0.00    0.00   0.00     104967
20210506  20580802   40.3740  -124.5870     27.510   0.00    0.00    0.00   0.00     104968
20210520    501818   40.3740  -124.5870     27.510   0.00    0.00    0.00   0.00     104969
20210523  23252182   40.3740  -124.5870     27.510   0.00    0.00    0.00   0.00     104970
20210531  15032272   40.3740  -124.5870     27.510   0.00    0.00    0.00   0.00     104971
20210611   8313356   40.3740  -124.5870     27.510   0.00    0.00    0.00   0.00     104972
20210620   1412218   40.3740  -124.5870     27.510   0.00    0.00    0.00   0.00     104973
20210720  15052176   40.3740  -124.5870     27.510   0.00    0.00    0.00   0.00     104974
20210828  19214418   40.3740  -124.5870     27.510   0.00    0.00    0.00   0.00     104975
20210927   1033236   40.3740  -124.5870     27.510   0.00    0.00    0.00   0.00     104976
20211006  22032484   40.3740  -124.5870     27.510   0.00    0.00    0.00   0.00     104977
20211101   3565320   40.3740  -124.5870     27.510   0.00    0.00    0.00   0.00     104978
20220128  11522118   40.3740  -124.5870     27.510   0.00    0.00    0.00   0.00     104979
20220206  21503736   40.3740  -124.5870     27.510   0.00    0.00    0.00   0.00     104980
20220311   9432974   40.3740  -124.5870     27.510   0.00    0.00    0.00   0.00     104981
20220403   8243932   40.3740  -124.5870     27.510   0.00    0.00    0.00   0.00     104982
20220419  22162508   40.3740  -124.5870     27.510   0.00    0.00    0.00   0.00     104983
20220509  21520806   40.3740  -124.5870     27.510   0.00    0.00    0.00   0.00     104984
20220510  21501300   40.3740  -124.5870     27.510   0.00    0.00    0.00   0.00     104985
20220609  22354774   40.3740  -124.5870     27.510   0.00    0.00    0.00   0.00     104986
20220617  10221700   40.3740  -124.5870     27.510   0.00    0.00    0.00   0.00     104987
20220617  10462682   40.3740  -124.5870     27.510   0.00    0.00    0.00   0.00     104988
20220617  10473590   40.3740  -124.5870     27.510   0.00    0.00    0.00   0.00     104989
20220624   5045380   40.3740  -124.5870     27.510   0.00    0.00    0.00   0.00     104990
20220727   4541390   40.3740  -124.5870     27.510   0.00    0.00    0.00   0.00     104991
20220729  11190136   40.3740  -124.5870     27.510   0.00    0.00    0.00   0.00     104992
20220811   4391514   40.3740  -124.5870     27.510   0.00    0.00    0.00   0.00     104993
20220817   8254652   40.3740  -124.5870     27.510   0.00    0.00    0.00   0.00     104994
20220830  23111652   40.3740  -124.5870     27.510   0.00    0.00    0.00   0.00     104995
20221011  17232292   40.3740  -124.5870     27.510   0.00    0.00    0.00   0.00     104996
20221011  14024970   40.3740  -124.5870     27.510   0.00    0.00    0.00   0.00     104997
20221011  17303928   40.3740  -124.5870     27.510   0.00    0.00    0.00   0.00     104998
20221024  20053842   40.3740  -124.5870     27.510   0.00    0.00    0.00   0.00     104999
20221114    175034   40.3740  -124.5870     27.510   0.00    0.00    0.00   0.00     105000
20221120  20203934   40.3740  -124.5870     27.510   0.00    0.00    0.00   0.00     105001
20221127   4002028   40.3740  -124.5870     27.510   0.00    0.00    0.00   0.00     105002
20200128  23040260   40.2505  -124.5411     15.770   0.00    0.00    0.00   0.00     105003
20200324    553174   40.2505  -124.5411     15.770   0.00    0.00    0.00   0.00     105004
20200325  13281574   40.2505  -124.5411     15.770   0.00    0.00    0.00   0.00     105005
20200410  20361700   40.2505  -124.5411     15.770   0.00    0.00    0.00   0.00     105006
20200414   2573418   40.2505  -124.5411     15.770   0.00    0.00    0.00   0.00     105007
20201126   2281394   40.2505  -124.5411     15.770   0.00    0.00    0.00   0.00     105008
20210620   9291230   40.2505  -124.5411     15.770   0.00    0.00    0.00   0.00     105009
20210815    175280   40.2505  -124.5411     15.770   0.00    0.00    0.00   0.00     105010
20210914  19335690   40.2505  -124.5411     15.770   0.00    0.00    0.00   0.00     105011
20211018  12545220   40.2505  -124.5411     15.770   0.00    0.00    0.00   0.00     105012
20211122  21273090   40.2505  -124.5411     15.770   0.00    0.00    0.00   0.00     105013
20211123   2224444   40.2505  -124.5411     15.770   0.00    0.00    0.00   0.00     105014
20211124   2341164   40.2505  -124.5411     15.770   0.00    0.00    0.00   0.00     105015
20211126  14313650   40.2505  -124.5411     15.770   0.00    0.00    0.00   0.00     105016
20211129  21251670   40.2505  -124.5411     15.770   0.00    0.00    0.00   0.00     105017
20211209  21393232   40.2505  -124.5411     15.770   0.00    0.00    0.00   0.00     105018
20211217  16251218   40.2505  -124.5411     15.770   0.00    0.00    0.00   0.00     105019
20211221   3422244   40.2505  -124.5411     15.770   0.00    0.00    0.00   0.00     105020
20211221   3242416   40.2505  -124.5411     15.770   0.00    0.00    0.00   0.00     105021
20211221   9422630   40.2505  -124.5411     15.770   0.00    0.00    0.00   0.00     105022
20211221  14590688   40.2505  -124.5411     15.770   0.00    0.00    0.00   0.00     105023
20211221   2133706   40.2505  -124.5411     15.770   0.00    0.00    0.00   0.00     105024
20211221   5101186   40.2505  -124.5411     15.770   0.00    0.00    0.00   0.00     105025
20211221  16520642   40.2505  -124.5411     15.770   0.00    0.00    0.00   0.00     105026
20211221  14132942   40.2505  -124.5411     15.770   0.00    0.00    0.00   0.00     105027
20211221    145950   40.2505  -124.5411     15.770   0.00    0.00    0.00   0.00     105028
20211221  16173744   40.2505  -124.5411     15.770   0.00    0.00    0.00   0.00     105029
20211221   5005458   40.2505  -124.5411     15.770   0.00    0.00    0.00   0.00     105030
20211221  12384542   40.2505  -124.5411     15.770   0.00    0.00    0.00   0.00     105031
20211221  10454970   40.2505  -124.5411     15.770   0.00    0.00    0.00   0.00     105032
20211221   9135468   40.2505  -124.5411     15.770   0.00    0.00    0.00   0.00     105033
20211221   1481586   40.2505  -124.5411     15.770   0.00    0.00    0.00   0.00     105034
20211221   5093440   40.2505  -124.5411     15.770   0.00    0.00    0.00   0.00     105035
20211221   4190844   40.2505  -124.5411     15.770   0.00    0.00    0.00   0.00     105036
20211225   4585356   40.2505  -124.5411     15.770   0.00    0.00    0.00   0.00     105037
20211226   7582316   40.2505  -124.5411     15.770   0.00    0.00    0.00   0.00     105038
20211227   5435468   40.2505  -124.5411     15.770   0.00    0.00    0.00   0.00     105039
20211228  10445788   40.2505  -124.5411     15.770   0.00    0.00    0.00   0.00     105040
20220211  20353626   40.2505  -124.5411     15.770   0.00    0.00    0.00   0.00     105041
20220329  23330438   40.2505  -124.5411     15.770   0.00    0.00    0.00   0.00     105042
20220421    491060   40.2505  -124.5411     15.770   0.00    0.00    0.00   0.00     105043
20220612   1403800   40.2505  -124.5411     15.770   0.00    0.00    0.00   0.00     105044
20220921  23532890   40.2505  -124.5411     15.770   0.00    0.00    0.00   0.00     105045
20221003  21053792   40.2505  -124.5411     15.770   0.00    0.00    0.00   0.00     105046
20200128  13040950   40.4427  -124.0265     25.560   0.00    0.00    0.00   0.00     105047
20211003  16100740   40.4427  -124.0265     25.560   0.00    0.00    0.00   0.00     105048
20211005   7493346   40.4427  -124.0265     25.560   0.00    0.00    0.00   0.00     105049
20211005   7514272   40.4427  -124.0265     25.560   0.00    0.00    0.00   0.00     105050
20211007  16403008   40.4427  -124.0265     25.560   0.00    0.00    0.00   0.00     105051
20211007   5475258   40.4427  -124.0265     25.560   0.00    0.00    0.00   0.00     105052
20211007  19162248   40.4427  -124.0265     25.560   0.00    0.00    0.00   0.00     105053
20211007   3174836   40.4427  -124.0265     25.560   0.00    0.00    0.00   0.00     105054
20211007   3121056   40.4427  -124.0265     25.560   0.00    0.00    0.00   0.00     105055
20211007  12105096   40.4427  -124.0265     25.560   0.00    0.00    0.00   0.00     105056
20211007  10034158   40.4427  -124.0265     25.560   0.00    0.00    0.00   0.00     105057
20211007  12440576   40.4427  -124.0265     25.560   0.00    0.00    0.00   0.00     105058
20211007   2401122   40.4427  -124.0265     25.560   0.00    0.00    0.00   0.00     105059
20211007  11221404   40.4427  -124.0265     25.560   0.00    0.00    0.00   0.00     105060
20211007   7555830   40.4427  -124.0265     25.560   0.00    0.00    0.00   0.00     105061
20211007  10280178   40.4427  -124.0265     25.560   0.00    0.00    0.00   0.00     105062
20211007  10304532   40.4427  -124.0265     25.560   0.00    0.00    0.00   0.00     105063
20211007  13370298   40.4427  -124.0265     25.560   0.00    0.00    0.00   0.00     105064
20211007   5501924   40.4427  -124.0265     25.560   0.00    0.00    0.00   0.00     105065
20211008   1341626   40.4427  -124.0265     25.560   0.00    0.00    0.00   0.00     105066
20200129  17290428   40.7403  -123.9941     21.460   0.00    0.00    0.00   0.00     105067
20211107  11190774   40.7403  -123.9941     21.460   0.00    0.00    0.00   0.00     105068
20221002   8305274   40.7403  -123.9941     21.460   0.00    0.00    0.00   0.00     105069
20200129  20022380   40.3152  -124.5988     17.810   0.00    0.00    0.00   0.00     105070
20200129   8121890   40.3152  -124.5988     17.810   0.00    0.00    0.00   0.00     105071
20200219   6235274   40.3152  -124.5988     17.810   0.00    0.00    0.00   0.00     105072
20200219   2490894   40.3152  -124.5988     17.810   0.00    0.00    0.00   0.00     105073
20200226   9211884   40.3152  -124.5988     17.810   0.00    0.00    0.00   0.00     105074
20200227   1153426   40.3152  -124.5988     17.810   0.00    0.00    0.00   0.00     105075
20200314  21263370   40.3152  -124.5988     17.810   0.00    0.00    0.00   0.00     105076
20200328  17071748   40.3152  -124.5988     17.810   0.00    0.00    0.00   0.00     105077
20200508  11572022   40.3152  -124.5988     17.810   0.00    0.00    0.00   0.00     105078
20200523  14104862   40.3152  -124.5988     17.810   0.00    0.00    0.00   0.00     105079
20200526  11174472   40.3152  -124.5988     17.810   0.00    0.00    0.00   0.00     105080
20200601  13035650   40.3152  -124.5988     17.810   0.00    0.00    0.00   0.00     105081
20200601  17151466   40.3152  -124.5988     17.810   0.00    0.00    0.00   0.00     105082
20200609   9594242   40.3152  -124.5988     17.810   0.00    0.00    0.00   0.00     105083
20200609   2470788   40.3152  -124.5988     17.810   0.00    0.00    0.00   0.00     105084
20200705   1491678   40.3152  -124.5988     17.810   0.00    0.00    0.00   0.00     105085
20200718    252386   40.3152  -124.5988     17.810   0.00    0.00    0.00   0.00     105086
20200726  12450752   40.3152  -124.5988     17.810   0.00    0.00    0.00   0.00     105087
20200809     42556   40.3152  -124.5988     17.810   0.00    0.00    0.00   0.00     105088
20200819  10074762   40.3152  -124.5988     17.810   0.00    0.00    0.00   0.00     105089
20200907   1053674   40.3152  -124.5988     17.810   0.00    0.00    0.00   0.00     105090
20200920  20332348   40.3152  -124.5988     17.810   0.00    0.00    0.00   0.00     105091
20201016  15255342   40.3152  -124.5988     17.810   0.00    0.00    0.00   0.00     105092
20201030   5245382   40.3152  -124.5988     17.810   0.00    0.00    0.00   0.00     105093
20201212  14365976   40.3152  -124.5988     17.810   0.00    0.00    0.00   0.00     105094
20201218  23570440   40.3152  -124.5988     17.810   0.00    0.00    0.00   0.00     105095
20201225  22112934   40.3152  -124.5988     17.810   0.00    0.00    0.00   0.00     105096
20201231  10572634   40.3152  -124.5988     17.810   0.00    0.00    0.00   0.00     105097
20210105   1073018   40.3152  -124.5988     17.810   0.00    0.00    0.00   0.00     105098
20210106   4413504   40.3152  -124.5988     17.810   0.00    0.00    0.00   0.00     105099
20210121   1514334   40.3152  -124.5988     17.810   0.00    0.00    0.00   0.00     105100
20210122   3184328   40.3152  -124.5988     17.810   0.00    0.00    0.00   0.00     105101
20210129  17495430   40.3152  -124.5988     17.810   0.00    0.00    0.00   0.00     105102
20210221   8585114   40.3152  -124.5988     17.810   0.00    0.00    0.00   0.00     105103
20210307   2394576   40.3152  -124.5988     17.810   0.00    0.00    0.00   0.00     105104
20210310  21270146   40.3152  -124.5988     17.810   0.00    0.00    0.00   0.00     105105
20210310  21464440   40.3152  -124.5988     17.810   0.00    0.00    0.00   0.00     105106
20210331   8304868   40.3152  -124.5988     17.810   0.00    0.00    0.00   0.00     105107
20210402   9004016   40.3152  -124.5988     17.810   0.00    0.00    0.00   0.00     105108
20210402  12521210   40.3152  -124.5988     17.810   0.00    0.00    0.00   0.00     105109
20210402  13513230   40.3152  -124.5988     17.810   0.00    0.00    0.00   0.00     105110
20210402  10304952   40.3152  -124.5988     17.810   0.00    0.00    0.00   0.00     105111
20210402   9312238   40.3152  -124.5988     17.810   0.00    0.00    0.00   0.00     105112
20210403   5084128   40.3152  -124.5988     17.810   0.00    0.00    0.00   0.00     105113
20210405   8151012   40.3152  -124.5988     17.810   0.00    0.00    0.00   0.00     105114
20210405  20341238   40.3152  -124.5988     17.810   0.00    0.00    0.00   0.00     105115
20210405  20272672   40.3152  -124.5988     17.810   0.00    0.00    0.00   0.00     105116
20210406   6353054   40.3152  -124.5988     17.810   0.00    0.00    0.00   0.00     105117
20210407  22101284   40.3152  -124.5988     17.810   0.00    0.00    0.00   0.00     105118
20210408   4252080   40.3152  -124.5988     17.810   0.00    0.00    0.00   0.00     105119
20210410   1005538   40.3152  -124.5988     17.810   0.00    0.00    0.00   0.00     105120
20210411  22522022   40.3152  -124.5988     17.810   0.00    0.00    0.00   0.00     105121
20210419   5595450   40.3152  -124.5988     17.810   0.00    0.00    0.00   0.00     105122
20210514  18135028   40.3152  -124.5988     17.810   0.00    0.00    0.00   0.00     105123
20210518   8471238   40.3152  -124.5988     17.810   0.00    0.00    0.00   0.00     105124
20210525  14353528   40.3152  -124.5988     17.810   0.00    0.00    0.00   0.00     105125
20210608   4041088   40.3152  -124.5988     17.810   0.00    0.00    0.00   0.00     105126
20210613   8551156   40.3152  -124.5988     17.810   0.00    0.00    0.00   0.00     105127
20210630  20364836   40.3152  -124.5988     17.810   0.00    0.00    0.00   0.00     105128
20210701  17161174   40.3152  -124.5988     17.810   0.00    0.00    0.00   0.00     105129
20210714  20235990   40.3152  -124.5988     17.810   0.00    0.00    0.00   0.00     105130
20210718   3223708   40.3152  -124.5988     17.810   0.00    0.00    0.00   0.00     105131
20210725   3573292   40.3152  -124.5988     17.810   0.00    0.00    0.00   0.00     105132
20210725   4340288   40.3152  -124.5988     17.810   0.00    0.00    0.00   0.00     105133
20210725  10343604   40.3152  -124.5988     17.810   0.00    0.00    0.00   0.00     105134
20210725   8293756   40.3152  -124.5988     17.810   0.00    0.00    0.00   0.00     105135
20210801  13091288   40.3152  -124.5988     17.810   0.00    0.00    0.00   0.00     105136
20210804   8153230   40.3152  -124.5988     17.810   0.00    0.00    0.00   0.00     105137
20210817     60850   40.3152  -124.5988     17.810   0.00    0.00    0.00   0.00     105138
20211011  11305912   40.3152  -124.5988     17.810   0.00    0.00    0.00   0.00     105139
20211012  13134250   40.3152  -124.5988     17.810   0.00    0.00    0.00   0.00     105140
20211028  16435722   40.3152  -124.5988     17.810   0.00    0.00    0.00   0.00     105141
20211127  16062542   40.3152  -124.5988     17.810   0.00    0.00    0.00   0.00     105142
20211129  13220672   40.3152  -124.5988     17.810   0.00    0.00    0.00   0.00     105143
20211220  20425646   40.3152  -124.5988     17.810   0.00    0.00    0.00   0.00     105144
20211220  22095764   40.3152  -124.5988     17.810   0.00    0.00    0.00   0.00     105145
20211220  20474848   40.3152  -124.5988     17.810   0.00    0.00    0.00   0.00     105146
20211220  20301150   40.3152  -124.5988     17.810   0.00    0.00    0.00   0.00     105147
20211220  20551638   40.3152  -124.5988     17.810   0.00    0.00    0.00   0.00     105148
20211220  21140594   40.3152  -124.5988     17.810   0.00    0.00    0.00   0.00     105149
20211220  20123950   40.3152  -124.5988     17.810   0.00    0.00    0.00   0.00     105150
20211221  17022222   40.3152  -124.5988     17.810   0.00    0.00    0.00   0.00     105151
20211221   3123834   40.3152  -124.5988     17.810   0.00    0.00    0.00   0.00     105152
20211221   5154234   40.3152  -124.5988     17.810   0.00    0.00    0.00   0.00     105153
20211221   7162450   40.3152  -124.5988     17.810   0.00    0.00    0.00   0.00     105154
20211221  10131558   40.3152  -124.5988     17.810   0.00    0.00    0.00   0.00     105155
20211221  19021046   40.3152  -124.5988     17.810   0.00    0.00    0.00   0.00     105156
20211221   2232416   40.3152  -124.5988     17.810   0.00    0.00    0.00   0.00     105157
20211221    501720   40.3152  -124.5988     17.810   0.00    0.00    0.00   0.00     105158
20211221   4355750   40.3152  -124.5988     17.810   0.00    0.00    0.00   0.00     105159
20211221   2080416   40.3152  -124.5988     17.810   0.00    0.00    0.00   0.00     105160
20211221  13012602   40.3152  -124.5988     17.810   0.00    0.00    0.00   0.00     105161
20211221   6561760   40.3152  -124.5988     17.810   0.00    0.00    0.00   0.00     105162
20211221   9035510   40.3152  -124.5988     17.810   0.00    0.00    0.00   0.00     105163
20211221    343914   40.3152  -124.5988     17.810   0.00    0.00    0.00   0.00     105164
20211221  10032708   40.3152  -124.5988     17.810   0.00    0.00    0.00   0.00     105165
20211221   3480230   40.3152  -124.5988     17.810   0.00    0.00    0.00   0.00     105166
20211221   1114260   40.3152  -124.5988     17.810   0.00    0.00    0.00   0.00     105167
20211221   1103846   40.3152  -124.5988     17.810   0.00    0.00    0.00   0.00     105168
20211221   1093982   40.3152  -124.5988     17.810   0.00    0.00    0.00   0.00     105169
20211221   2324150   40.3152  -124.5988     17.810   0.00    0.00    0.00   0.00     105170
20211222   6050712   40.3152  -124.5988     17.810   0.00    0.00    0.00   0.00     105171
20211222   8232496   40.3152  -124.5988     17.810   0.00    0.00    0.00   0.00     105172
20211222   4355460   40.3152  -124.5988     17.810   0.00    0.00    0.00   0.00     105173
20211222   4224422   40.3152  -124.5988     17.810   0.00    0.00    0.00   0.00     105174
20211222  18181724   40.3152  -124.5988     17.810   0.00    0.00    0.00   0.00     105175
20211222   5482748   40.3152  -124.5988     17.810   0.00    0.00    0.00   0.00     105176
20211223   1084000   40.3152  -124.5988     17.810   0.00    0.00    0.00   0.00     105177
20211223  19270904   40.3152  -124.5988     17.810   0.00    0.00    0.00   0.00     105178
20211223  19044680   40.3152  -124.5988     17.810   0.00    0.00    0.00   0.00     105179
20211223  15405388   40.3152  -124.5988     17.810   0.00    0.00    0.00   0.00     105180
20211223  22231518   40.3152  -124.5988     17.810   0.00    0.00    0.00   0.00     105181
20211223  20451852   40.3152  -124.5988     17.810   0.00    0.00    0.00   0.00     105182
20211223   3313092   40.3152  -124.5988     17.810   0.00    0.00    0.00   0.00     105183
20211223  19163376   40.3152  -124.5988     17.810   0.00    0.00    0.00   0.00     105184
20211224  14222952   40.3152  -124.5988     17.810   0.00    0.00    0.00   0.00     105185
20211224   2184234   40.3152  -124.5988     17.810   0.00    0.00    0.00   0.00     105186
20211224   9560100   40.3152  -124.5988     17.810   0.00    0.00    0.00   0.00     105187
20211224   2491444   40.3152  -124.5988     17.810   0.00    0.00    0.00   0.00     105188
20211224   2382762   40.3152  -124.5988     17.810   0.00    0.00    0.00   0.00     105189
20211226   7281058   40.3152  -124.5988     17.810   0.00    0.00    0.00   0.00     105190
20211227   8183078   40.3152  -124.5988     17.810   0.00    0.00    0.00   0.00     105191
20211227   2214632   40.3152  -124.5988     17.810   0.00    0.00    0.00   0.00     105192
20211228  21231702   40.3152  -124.5988     17.810   0.00    0.00    0.00   0.00     105193
20211228  23032854   40.3152  -124.5988     17.810   0.00    0.00    0.00   0.00     105194
20211228   8034134   40.3152  -124.5988     17.810   0.00    0.00    0.00   0.00     105195
20211230  13353128   40.3152  -124.5988     17.810   0.00    0.00    0.00   0.00     105196
20211230  22515444   40.3152  -124.5988     17.810   0.00    0.00    0.00   0.00     105197
20211230  21230532   40.3152  -124.5988     17.810   0.00    0.00    0.00   0.00     105198
20211231  14501808   40.3152  -124.5988     17.810   0.00    0.00    0.00   0.00     105199
20211231  18154398   40.3152  -124.5988     17.810   0.00    0.00    0.00   0.00     105200
20220101  10175922   40.3152  -124.5988     17.810   0.00    0.00    0.00   0.00     105201
20220102   9552728   40.3152  -124.5988     17.810   0.00    0.00    0.00   0.00     105202
20220103   2143954   40.3152  -124.5988     17.810   0.00    0.00    0.00   0.00     105203
20220109   1060538   40.3152  -124.5988     17.810   0.00    0.00    0.00   0.00     105204
20220110  15391242   40.3152  -124.5988     17.810   0.00    0.00    0.00   0.00     105205
20220114   4414978   40.3152  -124.5988     17.810   0.00    0.00    0.00   0.00     105206
20220115   7193328   40.3152  -124.5988     17.810   0.00    0.00    0.00   0.00     105207
20220117  20424114   40.3152  -124.5988     17.810   0.00    0.00    0.00   0.00     105208
20220123   8231284   40.3152  -124.5988     17.810   0.00    0.00    0.00   0.00     105209
20220129   8031094   40.3152  -124.5988     17.810   0.00    0.00    0.00   0.00     105210
20220210  11022506   40.3152  -124.5988     17.810   0.00    0.00    0.00   0.00     105211
20220221  17484200   40.3152  -124.5988     17.810   0.00    0.00    0.00   0.00     105212
20220221  19465728   40.3152  -124.5988     17.810   0.00    0.00    0.00   0.00     105213
20220226  16461998   40.3152  -124.5988     17.810   0.00    0.00    0.00   0.00     105214
20220326   1453546   40.3152  -124.5988     17.810   0.00    0.00    0.00   0.00     105215
20220421   9005542   40.3152  -124.5988     17.810   0.00    0.00    0.00   0.00     105216
20220501   3525294   40.3152  -124.5988     17.810   0.00    0.00    0.00   0.00     105217
20220519    281052   40.3152  -124.5988     17.810   0.00    0.00    0.00   0.00     105218
20220603  20460696   40.3152  -124.5988     17.810   0.00    0.00    0.00   0.00     105219
20220629  23581092   40.3152  -124.5988     17.810   0.00    0.00    0.00   0.00     105220
20220702  15573180   40.3152  -124.5988     17.810   0.00    0.00    0.00   0.00     105221
20220923   1560208   40.3152  -124.5988     17.810   0.00    0.00    0.00   0.00     105222
20220923   3024944   40.3152  -124.5988     17.810   0.00    0.00    0.00   0.00     105223
20221111  16372468   40.3152  -124.5988     17.810   0.00    0.00    0.00   0.00     105224
20221116  17365630   40.3152  -124.5988     17.810   0.00    0.00    0.00   0.00     105225
20200129  18555310   40.7154  -124.3958     24.520   0.00    0.00    0.00   0.00     105226
20210616  13584376   40.7154  -124.3958     24.520   0.00    0.00    0.00   0.00     105227
20210922   7284048   40.7154  -124.3958     24.520   0.00    0.00    0.00   0.00     105228
20211105  10124564   40.7154  -124.3958     24.520   0.00    0.00    0.00   0.00     105229
20211216  18525774   40.7154  -124.3958     24.520   0.00    0.00    0.00   0.00     105230
20220213   6504866   40.7154  -124.3958     24.520   0.00    0.00    0.00   0.00     105231
20220214   8302188   40.7154  -124.3958     24.520   0.00    0.00    0.00   0.00     105232
20220225  14510748   40.7154  -124.3958     24.520   0.00    0.00    0.00   0.00     105233
20220613   3423296   40.7154  -124.3958     24.520   0.00    0.00    0.00   0.00     105234
20220705  16235428   40.7154  -124.3958     24.520   0.00    0.00    0.00   0.00     105235
20220712   9094912   40.7154  -124.3958     24.520   0.00    0.00    0.00   0.00     105236
20200129   3182900   40.3523  -124.4139     23.370   0.00    0.00    0.00   0.00     105237
20200211  20213896   40.3523  -124.4139     23.370   0.00    0.00    0.00   0.00     105238
20200318  22454410   40.3523  -124.4139     23.370   0.00    0.00    0.00   0.00     105239
20200319   2364188   40.3523  -124.4139     23.370   0.00    0.00    0.00   0.00     105240
20200321   5324608   40.3523  -124.4139     23.370   0.00    0.00    0.00   0.00     105241
20200329   6515542   40.3523  -124.4139     23.370   0.00    0.00    0.00   0.00     105242
20200411  16331618   40.3523  -124.4139     23.370   0.00    0.00    0.00   0.00     105243
20200510   2242992   40.3523  -124.4139     23.370   0.00    0.00    0.00   0.00     105244
20200723  13441800   40.3523  -124.4139     23.370   0.00    0.00    0.00   0.00     105245
20210313   3573820   40.3523  -124.4139     23.370   0.00    0.00    0.00   0.00     105246
20210317  22154710   40.3523  -124.4139     23.370   0.00    0.00    0.00   0.00     105247
20210604  13591784   40.3523  -124.4139     23.370   0.00    0.00    0.00   0.00     105248
20210623  12021506   40.3523  -124.4139     23.370   0.00    0.00    0.00   0.00     105249
20210902  16314990   40.3523  -124.4139     23.370   0.00    0.00    0.00   0.00     105250
20210904  17313912   40.3523  -124.4139     23.370   0.00    0.00    0.00   0.00     105251
20210904   8353874   40.3523  -124.4139     23.370   0.00    0.00    0.00   0.00     105252
20210917  10010440   40.3523  -124.4139     23.370   0.00    0.00    0.00   0.00     105253
20210921   8295090   40.3523  -124.4139     23.370   0.00    0.00    0.00   0.00     105254
20211009  14245644   40.3523  -124.4139     23.370   0.00    0.00    0.00   0.00     105255
20211015   8564362   40.3523  -124.4139     23.370   0.00    0.00    0.00   0.00     105256
20211206  21462836   40.3523  -124.4139     23.370   0.00    0.00    0.00   0.00     105257
20211220  20182026   40.3523  -124.4139     23.370   0.00    0.00    0.00   0.00     105258
20211220  21094612   40.3523  -124.4139     23.370   0.00    0.00    0.00   0.00     105259
20211220  21422550   40.3523  -124.4139     23.370   0.00    0.00    0.00   0.00     105260
20211221  16063452   40.3523  -124.4139     23.370   0.00    0.00    0.00   0.00     105261
20211222  20275630   40.3523  -124.4139     23.370   0.00    0.00    0.00   0.00     105262
20211228   2422768   40.3523  -124.4139     23.370   0.00    0.00    0.00   0.00     105263
20220111  12190732   40.3523  -124.4139     23.370   0.00    0.00    0.00   0.00     105264
20220113   1240672   40.3523  -124.4139     23.370   0.00    0.00    0.00   0.00     105265
20220121  17441630   40.3523  -124.4139     23.370   0.00    0.00    0.00   0.00     105266
20220123  20335296   40.3523  -124.4139     23.370   0.00    0.00    0.00   0.00     105267
20220130   5554136   40.3523  -124.4139     23.370   0.00    0.00    0.00   0.00     105268
20220213  15014536   40.3523  -124.4139     23.370   0.00    0.00    0.00   0.00     105269
20220403   2195056   40.3523  -124.4139     23.370   0.00    0.00    0.00   0.00     105270
20220523   4191628   40.3523  -124.4139     23.370   0.00    0.00    0.00   0.00     105271
20220720   1213010   40.3523  -124.4139     23.370   0.00    0.00    0.00   0.00     105272
20220830  12191976   40.3523  -124.4139     23.370   0.00    0.00    0.00   0.00     105273
20220917   8302458   40.3523  -124.4139     23.370   0.00    0.00    0.00   0.00     105274
20220927  22082762   40.3523  -124.4139     23.370   0.00    0.00    0.00   0.00     105275
20200129     25598   40.4017  -124.0942     21.800   0.00    0.00    0.00   0.00     105276
20200130  21484988   40.4017  -124.0942     21.800   0.00    0.00    0.00   0.00     105277
20200305  21004260   40.4017  -124.0942     21.800   0.00    0.00    0.00   0.00     105278
20201223  12133136   40.4017  -124.0942     21.800   0.00    0.00    0.00   0.00     105279
20210101  12274732   40.4017  -124.0942     21.800   0.00    0.00    0.00   0.00     105280
20210510  19324618   40.4017  -124.0942     21.800   0.00    0.00    0.00   0.00     105281
20210520  10183386   40.4017  -124.0942     21.800   0.00    0.00    0.00   0.00     105282
20210529  14073944   40.4017  -124.0942     21.800   0.00    0.00    0.00   0.00     105283
20210710  11485686   40.4017  -124.0942     21.800   0.00    0.00    0.00   0.00     105284
20211004  20343576   40.4017  -124.0942     21.800   0.00    0.00    0.00   0.00     105285
20211031  14324800   40.4017  -124.0942     21.800   0.00    0.00    0.00   0.00     105286
20211031  15091318   40.4017  -124.0942     21.800   0.00    0.00    0.00   0.00     105287
20211103  13430292   40.4017  -124.0942     21.800   0.00    0.00    0.00   0.00     105288
20211128   4352622   40.4017  -124.0942     21.800   0.00    0.00    0.00   0.00     105289
20220213  11430304   40.4017  -124.0942     21.800   0.00    0.00    0.00   0.00     105290
20220405   1191066   40.4017  -124.0942     21.800   0.00    0.00    0.00   0.00     105291
20220529  17193860   40.4017  -124.0942     21.800   0.00    0.00    0.00   0.00     105292
20220728   6533428   40.4017  -124.0942     21.800   0.00    0.00    0.00   0.00     105293
20220814   5231556   40.4017  -124.0942     21.800   0.00    0.00    0.00   0.00     105294
20220822   4344336   40.4017  -124.0942     21.800   0.00    0.00    0.00   0.00     105295
20221104  22380710   40.4017  -124.0942     21.800   0.00    0.00    0.00   0.00     105296
20200130   6343938   40.4073  -124.5608     29.170   0.00    0.00    0.00   0.00     105297
20200211  15192802   40.4073  -124.5608     29.170   0.00    0.00    0.00   0.00     105298
20200219   3240558   40.4073  -124.5608     29.170   0.00    0.00    0.00   0.00     105299
20200219   2411732   40.4073  -124.5608     29.170   0.00    0.00    0.00   0.00     105300
20200225   5135356   40.4073  -124.5608     29.170   0.00    0.00    0.00   0.00     105301
20200306   9463504   40.4073  -124.5608     29.170   0.00    0.00    0.00   0.00     105302
20200306   9504960   40.4073  -124.5608     29.170   0.00    0.00    0.00   0.00     105303
20200313  10113478   40.4073  -124.5608     29.170   0.00    0.00    0.00   0.00     105304
20200429  23014990   40.4073  -124.5608     29.170   0.00    0.00    0.00   0.00     105305
20200516   7365304   40.4073  -124.5608     29.170   0.00    0.00    0.00   0.00     105306
20200705   2005620   40.4073  -124.5608     29.170   0.00    0.00    0.00   0.00     105307
20200713  20512280   40.4073  -124.5608     29.170   0.00    0.00    0.00   0.00     105308
20200731  12471358   40.4073  -124.5608     29.170   0.00    0.00    0.00   0.00     105309
20200818  15244050   40.4073  -124.5608     29.170   0.00    0.00    0.00   0.00     105310
20200920   2123782   40.4073  -124.5608     29.170   0.00    0.00    0.00   0.00     105311
20200921  21101500   40.4073  -124.5608     29.170   0.00    0.00    0.00   0.00     105312
20210105    230582   40.4073  -124.5608     29.170   0.00    0.00    0.00   0.00     105313
20210111  17282104   40.4073  -124.5608     29.170   0.00    0.00    0.00   0.00     105314
20210320  19034950   40.4073  -124.5608     29.170   0.00    0.00    0.00   0.00     105315
20210407   1584922   40.4073  -124.5608     29.170   0.00    0.00    0.00   0.00     105316
20210415   1501668   40.4073  -124.5608     29.170   0.00    0.00    0.00   0.00     105317
20210709  10075190   40.4073  -124.5608     29.170   0.00    0.00    0.00   0.00     105318
20210721  11285752   40.4073  -124.5608     29.170   0.00    0.00    0.00   0.00     105319
20210727   4502060   40.4073  -124.5608     29.170   0.00    0.00    0.00   0.00     105320
20210818   8212672   40.4073  -124.5608     29.170   0.00    0.00    0.00   0.00     105321
20210819   7181026   40.4073  -124.5608     29.170   0.00    0.00    0.00   0.00     105322
20210822  18042982   40.4073  -124.5608     29.170   0.00    0.00    0.00   0.00     105323
20210901  21010154   40.4073  -124.5608     29.170   0.00    0.00    0.00   0.00     105324
20210903  21305340   40.4073  -124.5608     29.170   0.00    0.00    0.00   0.00     105325
20210903  23380982   40.4073  -124.5608     29.170   0.00    0.00    0.00   0.00     105326
20210913   7164712   40.4073  -124.5608     29.170   0.00    0.00    0.00   0.00     105327
20210913  15120516   40.4073  -124.5608     29.170   0.00    0.00    0.00   0.00     105328
20211015   4505298   40.4073  -124.5608     29.170   0.00    0.00    0.00   0.00     105329
20211218  17453240   40.4073  -124.5608     29.170   0.00    0.00    0.00   0.00     105330
20211225  10344164   40.4073  -124.5608     29.170   0.00    0.00    0.00   0.00     105331
20220106  11165794   40.4073  -124.5608     29.170   0.00    0.00    0.00   0.00     105332
20220125  11521366   40.4073  -124.5608     29.170   0.00    0.00    0.00   0.00     105333
20220125  23340254   40.4073  -124.5608     29.170   0.00    0.00    0.00   0.00     105334
20220125  12080830   40.4073  -124.5608     29.170   0.00    0.00    0.00   0.00     105335
20220204  20413672   40.4073  -124.5608     29.170   0.00    0.00    0.00   0.00     105336
20220226   7233022   40.4073  -124.5608     29.170   0.00    0.00    0.00   0.00     105337
20220228  12370694   40.4073  -124.5608     29.170   0.00    0.00    0.00   0.00     105338
20220302   3500700   40.4073  -124.5608     29.170   0.00    0.00    0.00   0.00     105339
20220312  15170272   40.4073  -124.5608     29.170   0.00    0.00    0.00   0.00     105340
20220404   5264074   40.4073  -124.5608     29.170   0.00    0.00    0.00   0.00     105341
20220413  18042824   40.4073  -124.5608     29.170   0.00    0.00    0.00   0.00     105342
20220508  20563954   40.4073  -124.5608     29.170   0.00    0.00    0.00   0.00     105343
20220523  23135720   40.4073  -124.5608     29.170   0.00    0.00    0.00   0.00     105344
20220523  15004886   40.4073  -124.5608     29.170   0.00    0.00    0.00   0.00     105345
20220524  11062254   40.4073  -124.5608     29.170   0.00    0.00    0.00   0.00     105346
20220601  12282342   40.4073  -124.5608     29.170   0.00    0.00    0.00   0.00     105347
20220604   7543898   40.4073  -124.5608     29.170   0.00    0.00    0.00   0.00     105348
20220720  15341840   40.4073  -124.5608     29.170   0.00    0.00    0.00   0.00     105349
20220723   2052850   40.4073  -124.5608     29.170   0.00    0.00    0.00   0.00     105350
20220731  17594098   40.4073  -124.5608     29.170   0.00    0.00    0.00   0.00     105351
20220731  18301534   40.4073  -124.5608     29.170   0.00    0.00    0.00   0.00     105352
20220810  13221230   40.4073  -124.5608     29.170   0.00    0.00    0.00   0.00     105353
20220819  16111444   40.4073  -124.5608     29.170   0.00    0.00    0.00   0.00     105354
20220827  20140754   40.4073  -124.5608     29.170   0.00    0.00    0.00   0.00     105355
20220906   2123160   40.4073  -124.5608     29.170   0.00    0.00    0.00   0.00     105356
20220909  11444440   40.4073  -124.5608     29.170   0.00    0.00    0.00   0.00     105357
20220926  18223784   40.4073  -124.5608     29.170   0.00    0.00    0.00   0.00     105358
20221107  15502490   40.4073  -124.5608     29.170   0.00    0.00    0.00   0.00     105359
20221121   5145568   40.4073  -124.5608     29.170   0.00    0.00    0.00   0.00     105360
20221124  18544752   40.4073  -124.5608     29.170   0.00    0.00    0.00   0.00     105361
20200131  21513198   40.5350  -124.2386     16.340   0.00    0.00    0.00   0.00     105362
20200420   9352828   40.5350  -124.2386     16.340   0.00    0.00    0.00   0.00     105363
20200625  10043738   40.5350  -124.2386     16.340   0.00    0.00    0.00   0.00     105364
20200628   2592796   40.5350  -124.2386     16.340   0.00    0.00    0.00   0.00     105365
20210924    335070   40.5350  -124.2386     16.340   0.00    0.00    0.00   0.00     105366
20200131    550728   40.2759  -124.5390     11.660   0.00    0.00    0.00   0.00     105367
20200201   1584634   40.2759  -124.5390     11.660   0.00    0.00    0.00   0.00     105368
20200419  18075794   40.2759  -124.5390     11.660   0.00    0.00    0.00   0.00     105369
20200814  11272976   40.2759  -124.5390     11.660   0.00    0.00    0.00   0.00     105370
20200912  12440312   40.2759  -124.5390     11.660   0.00    0.00    0.00   0.00     105371
20210521  19142000   40.2759  -124.5390     11.660   0.00    0.00    0.00   0.00     105372
20210629   1294626   40.2759  -124.5390     11.660   0.00    0.00    0.00   0.00     105373
20210913  23052004   40.2759  -124.5390     11.660   0.00    0.00    0.00   0.00     105374
20211006  16290840   40.2759  -124.5390     11.660   0.00    0.00    0.00   0.00     105375
20211028  10575184   40.2759  -124.5390     11.660   0.00    0.00    0.00   0.00     105376
20211115   6113056   40.2759  -124.5390     11.660   0.00    0.00    0.00   0.00     105377
20211215   6063892   40.2759  -124.5390     11.660   0.00    0.00    0.00   0.00     105378
20220131  19073032   40.2759  -124.5390     11.660   0.00    0.00    0.00   0.00     105379
20220507  21001606   40.2759  -124.5390     11.660   0.00    0.00    0.00   0.00     105380
20220607   9504272   40.2759  -124.5390     11.660   0.00    0.00    0.00   0.00     105381
20220616  11063216   40.2759  -124.5390     11.660   0.00    0.00    0.00   0.00     105382
20220818  13360230   40.2759  -124.5390     11.660   0.00    0.00    0.00   0.00     105383
20200131  18070504   40.5408  -123.9595     20.440   0.00    0.00    0.00   0.00     105384
20210401   4462396   40.5408  -123.9595     20.440   0.00    0.00    0.00   0.00     105385
20200201   3255078   40.5965  -123.9796     21.930   0.00    0.00    0.00   0.00     105386
20200703  15173374   40.5965  -123.9796     21.930   0.00    0.00    0.00   0.00     105387
20210221  23313600   40.5965  -123.9796     21.930   0.00    0.00    0.00   0.00     105388
20210430  13215028   40.5965  -123.9796     21.930   0.00    0.00    0.00   0.00     105389
20210523  15440510   40.5965  -123.9796     21.930   0.00    0.00    0.00   0.00     105390
20210630   5494786   40.5965  -123.9796     21.930   0.00    0.00    0.00   0.00     105391
20210924   3212812   40.5965  -123.9796     21.930   0.00    0.00    0.00   0.00     105392
20200201   4570888   40.2911  -124.4755      9.920   0.00    0.00    0.00   0.00     105393
20200215    203526   40.2911  -124.4755      9.920   0.00    0.00    0.00   0.00     105394
20200227   1532628   40.2911  -124.4755      9.920   0.00    0.00    0.00   0.00     105395
20200227   1045868   40.2911  -124.4755      9.920   0.00    0.00    0.00   0.00     105396
20200503  11253306   40.2911  -124.4755      9.920   0.00    0.00    0.00   0.00     105397
20200503  11434640   40.2911  -124.4755      9.920   0.00    0.00    0.00   0.00     105398
20200503  13125962   40.2911  -124.4755      9.920   0.00    0.00    0.00   0.00     105399
20200929  15500868   40.2911  -124.4755      9.920   0.00    0.00    0.00   0.00     105400
20210527  20554282   40.2911  -124.4755      9.920   0.00    0.00    0.00   0.00     105401
20211102  18312532   40.2911  -124.4755      9.920   0.00    0.00    0.00   0.00     105402
20211105  14013702   40.2911  -124.4755      9.920   0.00    0.00    0.00   0.00     105403
20211129  19333530   40.2911  -124.4755      9.920   0.00    0.00    0.00   0.00     105404
20220205  14094184   40.2911  -124.4755      9.920   0.00    0.00    0.00   0.00     105405
20220226   2340534   40.2911  -124.4755      9.920   0.00    0.00    0.00   0.00     105406
20220422   1262246   40.2911  -124.4755      9.920   0.00    0.00    0.00   0.00     105407
20220502   3073068   40.2911  -124.4755      9.920   0.00    0.00    0.00   0.00     105408
20220502   9323748   40.2911  -124.4755      9.920   0.00    0.00    0.00   0.00     105409
20200202  19105860   40.6931  -123.8971     24.120   0.00    0.00    0.00   0.00     105410
20200627  17414890   40.6931  -123.8971     24.120   0.00    0.00    0.00   0.00     105411
20220427  11022306   40.6931  -123.8971     24.120   0.00    0.00    0.00   0.00     105412
20200203   1121584   40.2798  -124.5092     18.690   0.00    0.00    0.00   0.00     105413
20200913  20162482   40.2798  -124.5092     18.690   0.00    0.00    0.00   0.00     105414
20201014  15344140   40.2798  -124.5092     18.690   0.00    0.00    0.00   0.00     105415
20210401   8190102   40.2798  -124.5092     18.690   0.00    0.00    0.00   0.00     105416
20210526  14280826   40.2798  -124.5092     18.690   0.00    0.00    0.00   0.00     105417
20210728  17160258   40.2798  -124.5092     18.690   0.00    0.00    0.00   0.00     105418
20210915  10204064   40.2798  -124.5092     18.690   0.00    0.00    0.00   0.00     105419
20211101   8472870   40.2798  -124.5092     18.690   0.00    0.00    0.00   0.00     105420
20211122  21361272   40.2798  -124.5092     18.690   0.00    0.00    0.00   0.00     105421
20211122  12532574   40.2798  -124.5092     18.690   0.00    0.00    0.00   0.00     105422
20211221  13394898   40.2798  -124.5092     18.690   0.00    0.00    0.00   0.00     105423
20211223  23083532   40.2798  -124.5092     18.690   0.00    0.00    0.00   0.00     105424
20211229  15423526   40.2798  -124.5092     18.690   0.00    0.00    0.00   0.00     105425
20211229  15332224   40.2798  -124.5092     18.690   0.00    0.00    0.00   0.00     105426
20220105  17460438   40.2798  -124.5092     18.690   0.00    0.00    0.00   0.00     105427
20220106   2420396   40.2798  -124.5092     18.690   0.00    0.00    0.00   0.00     105428
20220115  13450720   40.2798  -124.5092     18.690   0.00    0.00    0.00   0.00     105429
20220119   8483428   40.2798  -124.5092     18.690   0.00    0.00    0.00   0.00     105430
20220207   7471298   40.2798  -124.5092     18.690   0.00    0.00    0.00   0.00     105431
20220207  14355384   40.2798  -124.5092     18.690   0.00    0.00    0.00   0.00     105432
20220314   1015532   40.2798  -124.5092     18.690   0.00    0.00    0.00   0.00     105433
20220502  18232068   40.2798  -124.5092     18.690   0.00    0.00    0.00   0.00     105434
20220514  19483306   40.2798  -124.5092     18.690   0.00    0.00    0.00   0.00     105435
20220514  20053274   40.2798  -124.5092     18.690   0.00    0.00    0.00   0.00     105436
20220609  22270330   40.2798  -124.5092     18.690   0.00    0.00    0.00   0.00     105437
20220801  20285930   40.2798  -124.5092     18.690   0.00    0.00    0.00   0.00     105438
20220926  23514772   40.2798  -124.5092     18.690   0.00    0.00    0.00   0.00     105439
20221105  20491410   40.2798  -124.5092     18.690   0.00    0.00    0.00   0.00     105440
20200204  18260812   40.2929  -124.4362     20.600   0.00    0.00    0.00   0.00     105441
20200525   7113734   40.2929  -124.4362     20.600   0.00    0.00    0.00   0.00     105442
20200828   7312524   40.2929  -124.4362     20.600   0.00    0.00    0.00   0.00     105443
20200917  19580000   40.2929  -124.4362     20.600   0.00    0.00    0.00   0.00     105444
20201116  11410326   40.2929  -124.4362     20.600   0.00    0.00    0.00   0.00     105445
20201117   8312800   40.2929  -124.4362     20.600   0.00    0.00    0.00   0.00     105446
20201201  11202812   40.2929  -124.4362     20.600   0.00    0.00    0.00   0.00     105447
20201207  12250832   40.2929  -124.4362     20.600   0.00    0.00    0.00   0.00     105448
20210317  15575448   40.2929  -124.4362     20.600   0.00    0.00    0.00   0.00     105449
20210328  10153844   40.2929  -124.4362     20.600   0.00    0.00    0.00   0.00     105450
20210517   6501930   40.2929  -124.4362     20.600   0.00    0.00    0.00   0.00     105451
20210702  13422536   40.2929  -124.4362     20.600   0.00    0.00    0.00   0.00     105452
20211208   7475340   40.2929  -124.4362     20.600   0.00    0.00    0.00   0.00     105453
20211229   6033502   40.2929  -124.4362     20.600   0.00    0.00    0.00   0.00     105454
20220122   5185584   40.2929  -124.4362     20.600   0.00    0.00    0.00   0.00     105455
20220122  22274682   40.2929  -124.4362     20.600   0.00    0.00    0.00   0.00     105456
20220123  11560196   40.2929  -124.4362     20.600   0.00    0.00    0.00   0.00     105457
20220309   3330644   40.2929  -124.4362     20.600   0.00    0.00    0.00   0.00     105458
20220309   8505534   40.2929  -124.4362     20.600   0.00    0.00    0.00   0.00     105459
20220902   7370214   40.2929  -124.4362     20.600   0.00    0.00    0.00   0.00     105460
20200205   4542314   40.6492  -123.9902     21.360   0.00    0.00    0.00   0.00     105461
20200328  22092500   40.6492  -123.9902     21.360   0.00    0.00    0.00   0.00     105462
20200526  13003446   40.6492  -123.9902     21.360   0.00    0.00    0.00   0.00     105463
20200526  12563212   40.6492  -123.9902     21.360   0.00    0.00    0.00   0.00     105464
20210511   1551988   40.6492  -123.9902     21.360   0.00    0.00    0.00   0.00     105465
20210627  22414190   40.6492  -123.9902     21.360   0.00    0.00    0.00   0.00     105466
20210706  10521498   40.6492  -123.9902     21.360   0.00    0.00    0.00   0.00     105467
20211221   1323378   40.6492  -123.9902     21.360   0.00    0.00    0.00   0.00     105468
20220111  20460640   40.6492  -123.9902     21.360   0.00    0.00    0.00   0.00     105469
20220530   7262326   40.6492  -123.9902     21.360   0.00    0.00    0.00   0.00     105470
20220623  11173848   40.6492  -123.9902     21.360   0.00    0.00    0.00   0.00     105471
20200205   4541876   40.7619  -123.8647     22.900   0.00    0.00    0.00   0.00     105472
20200427   3461406   40.7619  -123.8647     22.900   0.00    0.00    0.00   0.00     105473
20200623  21261110   40.7619  -123.8647     22.900   0.00    0.00    0.00   0.00     105474
20210314   3394876   40.7619  -123.8647     22.900   0.00    0.00    0.00   0.00     105475
20210417  11132766   40.7619  -123.8647     22.900   0.00    0.00    0.00   0.00     105476
20210516  18210856   40.7619  -123.8647     22.900   0.00    0.00    0.00   0.00     105477
20210719   2574362   40.7619  -123.8647     22.900   0.00    0.00    0.00   0.00     105478
20220131   1223652   40.7619  -123.8647     22.900   0.00    0.00    0.00   0.00     105479
20220303   5014234   40.7619  -123.8647     22.900   0.00    0.00    0.00   0.00     105480
20220303  22013032   40.7619  -123.8647     22.900   0.00    0.00    0.00   0.00     105481
20220314   3442954   40.7619  -123.8647     22.900   0.00    0.00    0.00   0.00     105482
20220504   3344298   40.7619  -123.8647     22.900   0.00    0.00    0.00   0.00     105483
20220516  19531004   40.7619  -123.8647     22.900   0.00    0.00    0.00   0.00     105484
20200205   5582556   40.6992  -124.1993     17.340   0.00    0.00    0.00   0.00     105485
20200317  12514572   40.6992  -124.1993     17.340   0.00    0.00    0.00   0.00     105486
20200415   7174758   40.6992  -124.1993     17.340   0.00    0.00    0.00   0.00     105487
20200514  14083672   40.6992  -124.1993     17.340   0.00    0.00    0.00   0.00     105488
20200901   3230106   40.6992  -124.1993     17.340   0.00    0.00    0.00   0.00     105489
20201213   9425786   40.6992  -124.1993     17.340   0.00    0.00    0.00   0.00     105490
20220626   6121928   40.6992  -124.1993     17.340   0.00    0.00    0.00   0.00     105491
20220922   6003240   40.6992  -124.1993     17.340   0.00    0.00    0.00   0.00     105492
20220922   6021896   40.6992  -124.1993     17.340   0.00    0.00    0.00   0.00     105493
20220922   7214618   40.6992  -124.1993     17.340   0.00    0.00    0.00   0.00     105494
20220922  15521174   40.6992  -124.1993     17.340   0.00    0.00    0.00   0.00     105495
20220923   7364268   40.6992  -124.1993     17.340   0.00    0.00    0.00   0.00     105496
20220923  10274474   40.6992  -124.1993     17.340   0.00    0.00    0.00   0.00     105497
20220925  11101446   40.6992  -124.1993     17.340   0.00    0.00    0.00   0.00     105498
20221001  16001194   40.6992  -124.1993     17.340   0.00    0.00    0.00   0.00     105499
20221001  11151870   40.6992  -124.1993     17.340   0.00    0.00    0.00   0.00     105500
20221026  12523872   40.6992  -124.1993     17.340   0.00    0.00    0.00   0.00     105501
20221028  19525940   40.6992  -124.1993     17.340   0.00    0.00    0.00   0.00     105502
20221028  19541080   40.6992  -124.1993     17.340   0.00    0.00    0.00   0.00     105503
20200206   8391832   40.2957  -124.3971      8.110   0.00    0.00    0.00   0.00     105504
20200206  11332094   40.2957  -124.3971      8.110   0.00    0.00    0.00   0.00     105505
20200206  11354196   40.2957  -124.3971      8.110   0.00    0.00    0.00   0.00     105506
20200208   1343228   40.2957  -124.3971      8.110   0.00    0.00    0.00   0.00     105507
20200220  22125640   40.2957  -124.3971      8.110   0.00    0.00    0.00   0.00     105508
20200225  12471296   40.2957  -124.3971      8.110   0.00    0.00    0.00   0.00     105509
20200430  14560264   40.2957  -124.3971      8.110   0.00    0.00    0.00   0.00     105510
20200430  15004680   40.2957  -124.3971      8.110   0.00    0.00    0.00   0.00     105511
20200507  14203644   40.2957  -124.3971      8.110   0.00    0.00    0.00   0.00     105512
20210601  14574480   40.2957  -124.3971      8.110   0.00    0.00    0.00   0.00     105513
20210601  14285826   40.2957  -124.3971      8.110   0.00    0.00    0.00   0.00     105514
20210603  12202416   40.2957  -124.3971      8.110   0.00    0.00    0.00   0.00     105515
20210603   1523232   40.2957  -124.3971      8.110   0.00    0.00    0.00   0.00     105516
20210724  22033542   40.2957  -124.3971      8.110   0.00    0.00    0.00   0.00     105517
20210801   1405542   40.2957  -124.3971      8.110   0.00    0.00    0.00   0.00     105518
20210801  14003600   40.2957  -124.3971      8.110   0.00    0.00    0.00   0.00     105519
20210802   6042924   40.2957  -124.3971      8.110   0.00    0.00    0.00   0.00     105520
20210804  22485136   40.2957  -124.3971      8.110   0.00    0.00    0.00   0.00     105521
20210824   3432970   40.2957  -124.3971      8.110   0.00    0.00    0.00   0.00     105522
20210913  10441886   40.2957  -124.3971      8.110   0.00    0.00    0.00   0.00     105523
20210916  17422330   40.2957  -124.3971      8.110   0.00    0.00    0.00   0.00     105524
20210929  12385904   40.2957  -124.3971      8.110   0.00    0.00    0.00   0.00     105525
20211010  11442350   40.2957  -124.3971      8.110   0.00    0.00    0.00   0.00     105526
20211016  13145466   40.2957  -124.3971      8.110   0.00    0.00    0.00   0.00     105527
20211020   3221196   40.2957  -124.3971      8.110   0.00    0.00    0.00   0.00     105528
20211021   2433140   40.2957  -124.3971      8.110   0.00    0.00    0.00   0.00     105529
20211021   5422262   40.2957  -124.3971      8.110   0.00    0.00    0.00   0.00     105530
20211021   5250434   40.2957  -124.3971      8.110   0.00    0.00    0.00   0.00     105531
20211106   3591482   40.2957  -124.3971      8.110   0.00    0.00    0.00   0.00     105532
20211117    164258   40.2957  -124.3971      8.110   0.00    0.00    0.00   0.00     105533
20220110  14032276   40.2957  -124.3971      8.110   0.00    0.00    0.00   0.00     105534
20220219  22000854   40.2957  -124.3971      8.110   0.00    0.00    0.00   0.00     105535
20220219  22465636   40.2957  -124.3971      8.110   0.00    0.00    0.00   0.00     105536
20220219  21425352   40.2957  -124.3971      8.110   0.00    0.00    0.00   0.00     105537
20220219  21583764   40.2957  -124.3971      8.110   0.00    0.00    0.00   0.00     105538
20220219  17250708   40.2957  -124.3971      8.110   0.00    0.00    0.00   0.00     105539
20220219  22284060   40.2957  -124.3971      8.110   0.00    0.00    0.00   0.00     105540
20220219  22483394   40.2957  -124.3971      8.110   0.00    0.00    0.00   0.00     105541
20220219  21332510   40.2957  -124.3971      8.110   0.00    0.00    0.00   0.00     105542
20220219  22542036   40.2957  -124.3971      8.110   0.00    0.00    0.00   0.00     105543
20220220  15293796   40.2957  -124.3971      8.110   0.00    0.00    0.00   0.00     105544
20220220   7095232   40.2957  -124.3971      8.110   0.00    0.00    0.00   0.00     105545
20220220   5501500   40.2957  -124.3971      8.110   0.00    0.00    0.00   0.00     105546
20220221  17041110   40.2957  -124.3971      8.110   0.00    0.00    0.00   0.00     105547
20220221   3150026   40.2957  -124.3971      8.110   0.00    0.00    0.00   0.00     105548
20220221   2035058   40.2957  -124.3971      8.110   0.00    0.00    0.00   0.00     105549
20220307  16503262   40.2957  -124.3971      8.110   0.00    0.00    0.00   0.00     105550
20220309   5484226   40.2957  -124.3971      8.110   0.00    0.00    0.00   0.00     105551
20220320  11152376   40.2957  -124.3971      8.110   0.00    0.00    0.00   0.00     105552
20220409  23552180   40.2957  -124.3971      8.110   0.00    0.00    0.00   0.00     105553
20220502   6043918   40.2957  -124.3971      8.110   0.00    0.00    0.00   0.00     105554
20220525  13354822   40.2957  -124.3971      8.110   0.00    0.00    0.00   0.00     105555
20220605   8045940   40.2957  -124.3971      8.110   0.00    0.00    0.00   0.00     105556
20220629  14582882   40.2957  -124.3971      8.110   0.00    0.00    0.00   0.00     105557
20220818  15214814   40.2957  -124.3971      8.110   0.00    0.00    0.00   0.00     105558
20220818  13175792   40.2957  -124.3971      8.110   0.00    0.00    0.00   0.00     105559
20220924   2362356   40.2957  -124.3971      8.110   0.00    0.00    0.00   0.00     105560
20221021  14212178   40.2957  -124.3971      8.110   0.00    0.00    0.00   0.00     105561
20221108  18370688   40.2957  -124.3971      8.110   0.00    0.00    0.00   0.00     105562
20221109   1335108   40.2957  -124.3971      8.110   0.00    0.00    0.00   0.00     105563
20221109   1361864   40.2957  -124.3971      8.110   0.00    0.00    0.00   0.00     105564
20200206  10000894   40.2986  -124.4093      9.110   0.00    0.00    0.00   0.00     105565
20200206   9493880   40.2986  -124.4093      9.110   0.00    0.00    0.00   0.00     105566
20200206  20043978   40.2986  -124.4093      9.110   0.00    0.00    0.00   0.00     105567
20200206  12555016   40.2986  -124.4093      9.110   0.00    0.00    0.00   0.00     105568
20200206   8291122   40.2986  -124.4093      9.110   0.00    0.00    0.00   0.00     105569
20200206   8231888   40.2986  -124.4093      9.110   0.00    0.00    0.00   0.00     105570
20200206   8251916   40.2986  -124.4093      9.110   0.00    0.00    0.00   0.00     105571
20200206   8280880   40.2986  -124.4093      9.110   0.00    0.00    0.00   0.00     105572
20200206   9491680   40.2986  -124.4093      9.110   0.00    0.00    0.00   0.00     105573
20200206   8312422   40.2986  -124.4093      9.110   0.00    0.00    0.00   0.00     105574
20200206  11052970   40.2986  -124.4093      9.110   0.00    0.00    0.00   0.00     105575
20200206  10084554   40.2986  -124.4093      9.110   0.00    0.00    0.00   0.00     105576
20200206   8224228   40.2986  -124.4093      9.110   0.00    0.00    0.00   0.00     105577
20200206   8234128   40.2986  -124.4093      9.110   0.00    0.00    0.00   0.00     105578
20200206  11210910   40.2986  -124.4093      9.110   0.00    0.00    0.00   0.00     105579
20200206   8223312   40.2986  -124.4093      9.110   0.00    0.00    0.00   0.00     105580
20200206   9303646   40.2986  -124.4093      9.110   0.00    0.00    0.00   0.00     105581
20200206   9571148   40.2986  -124.4093      9.110   0.00    0.00    0.00   0.00     105582
20200206   8345400   40.2986  -124.4093      9.110   0.00    0.00    0.00   0.00     105583
20200206  12025288   40.2986  -124.4093      9.110   0.00    0.00    0.00   0.00     105584
20200206  16433758   40.2986  -124.4093      9.110   0.00    0.00    0.00   0.00     105585
20200206  12030026   40.2986  -124.4093      9.110   0.00    0.00    0.00   0.00     105586
20200206   9413542   40.2986  -124.4093      9.110   0.00    0.00    0.00   0.00     105587
20200206   8410376   40.2986  -124.4093      9.110   0.00    0.00    0.00   0.00     105588
20200206   8202524   40.2986  -124.4093      9.110   0.00    0.00    0.00   0.00     105589
20200206  10075304   40.2986  -124.4093      9.110   0.00    0.00    0.00   0.00     105590
20200206  15554142   40.2986  -124.4093      9.110   0.00    0.00    0.00   0.00     105591
20200206   9512752   40.2986  -124.4093      9.110   0.00    0.00    0.00   0.00     105592
20200206   9195060   40.2986  -124.4093      9.110   0.00    0.00    0.00   0.00     105593
20200206   9273382   40.2986  -124.4093      9.110   0.00    0.00    0.00   0.00     105594
20200206  19125310   40.2986  -124.4093      9.110   0.00    0.00    0.00   0.00     105595
20200206  11381864   40.2986  -124.4093      9.110   0.00    0.00    0.00   0.00     105596
20200206   8534204   40.2986  -124.4093      9.110   0.00    0.00    0.00   0.00     105597
20200206  13475888   40.2986  -124.4093      9.110   0.00    0.00    0.00   0.00     105598
20200206  13500410   40.2986  -124.4093      9.110   0.00    0.00    0.00   0.00     105599
20200206  10491018   40.2986  -124.4093      9.110   0.00    0.00    0.00   0.00     105600
20200207   5461532   40.2986  -124.4093      9.110   0.00    0.00    0.00   0.00     105601
20200207   3045258   40.2986  -124.4093      9.110   0.00    0.00    0.00   0.00     105602
20200207   3064554   40.2986  -124.4093      9.110   0.00    0.00    0.00   0.00     105603
20200207   7154534   40.2986  -124.4093      9.110   0.00    0.00    0.00   0.00     105604
20200207   3434034   40.2986  -124.4093      9.110   0.00    0.00    0.00   0.00     105605
20200208  18135016   40.2986  -124.4093      9.110   0.00    0.00    0.00   0.00     105606
20200213   2035388   40.2986  -124.4093      9.110   0.00    0.00    0.00   0.00     105607
20200215  11374774   40.2986  -124.4093      9.110   0.00    0.00    0.00   0.00     105608
20200419  12521942   40.2986  -124.4093      9.110   0.00    0.00    0.00   0.00     105609
20200430   7393904   40.2986  -124.4093      9.110   0.00    0.00    0.00   0.00     105610
20200430  14521616   40.2986  -124.4093      9.110   0.00    0.00    0.00   0.00     105611
20200511  13120664   40.2986  -124.4093      9.110   0.00    0.00    0.00   0.00     105612
20200527  17263006   40.2986  -124.4093      9.110   0.00    0.00    0.00   0.00     105613
20200625   7191620   40.2986  -124.4093      9.110   0.00    0.00    0.00   0.00     105614
20200629   1504330   40.2986  -124.4093      9.110   0.00    0.00    0.00   0.00     105615
20200804   3152988   40.2986  -124.4093      9.110   0.00    0.00    0.00   0.00     105616
20200804   3113964   40.2986  -124.4093      9.110   0.00    0.00    0.00   0.00     105617
20200828   2402178   40.2986  -124.4093      9.110   0.00    0.00    0.00   0.00     105618
20200828   4430826   40.2986  -124.4093      9.110   0.00    0.00    0.00   0.00     105619
20200828   2302028   40.2986  -124.4093      9.110   0.00    0.00    0.00   0.00     105620
20200831  22033102   40.2986  -124.4093      9.110   0.00    0.00    0.00   0.00     105621
20200831  21425838   40.2986  -124.4093      9.110   0.00    0.00    0.00   0.00     105622
20200905   7542128   40.2986  -124.4093      9.110   0.00    0.00    0.00   0.00     105623
20200924  17155906   40.2986  -124.4093      9.110   0.00    0.00    0.00   0.00     105624
20201005  20063168   40.2986  -124.4093      9.110   0.00    0.00    0.00   0.00     105625
20201017  13135754   40.2986  -124.4093      9.110   0.00    0.00    0.00   0.00     105626
20201030   3071940   40.2986  -124.4093      9.110   0.00    0.00    0.00   0.00     105627
20201102  22042742   40.2986  -124.4093      9.110   0.00    0.00    0.00   0.00     105628
20201102  19494588   40.2986  -124.4093      9.110   0.00    0.00    0.00   0.00     105629
20201103   4202390   40.2986  -124.4093      9.110   0.00    0.00    0.00   0.00     105630
20201105   6481660   40.2986  -124.4093      9.110   0.00    0.00    0.00   0.00     105631
20201106    353334   40.2986  -124.4093      9.110   0.00    0.00    0.00   0.00     105632
20201109  23211766   40.2986  -124.4093      9.110   0.00    0.00    0.00   0.00     105633
20201114  11215178   40.2986  -124.4093      9.110   0.00    0.00    0.00   0.00     105634
20201122  22094204   40.2986  -124.4093      9.110   0.00    0.00    0.00   0.00     105635
20201122  18482588   40.2986  -124.4093      9.110   0.00    0.00    0.00   0.00     105636
20201122  18501936   40.2986  -124.4093      9.110   0.00    0.00    0.00   0.00     105637
20201123   2211552   40.2986  -124.4093      9.110   0.00    0.00    0.00   0.00     105638
20210108     53698   40.2986  -124.4093      9.110   0.00    0.00    0.00   0.00     105639
20210108   6391606   40.2986  -124.4093      9.110   0.00    0.00    0.00   0.00     105640
20210108   3045592   40.2986  -124.4093      9.110   0.00    0.00    0.00   0.00     105641
20210110   3335572   40.2986  -124.4093      9.110   0.00    0.00    0.00   0.00     105642
20210114  18034028   40.2986  -124.4093      9.110   0.00    0.00    0.00   0.00     105643
20210127  20155626   40.2986  -124.4093      9.110   0.00    0.00    0.00   0.00     105644
20210324  19591144   40.2986  -124.4093      9.110   0.00    0.00    0.00   0.00     105645
20210324  19521652   40.2986  -124.4093      9.110   0.00    0.00    0.00   0.00     105646
20210405   1280008   40.2986  -124.4093      9.110   0.00    0.00    0.00   0.00     105647
20210405   3274362   40.2986  -124.4093      9.110   0.00    0.00    0.00   0.00     105648
20210414   5174716   40.2986  -124.4093      9.110   0.00    0.00    0.00   0.00     105649
20210422   1390402   40.2986  -124.4093      9.110   0.00    0.00    0.00   0.00     105650
20210425  19335638   40.2986  -124.4093      9.110   0.00    0.00    0.00   0.00     105651
20210425  21290336   40.2986  -124.4093      9.110   0.00    0.00    0.00   0.00     105652
20210425  19571278   40.2986  -124.4093      9.110   0.00    0.00    0.00   0.00     105653
20210426   1293194   40.2986  -124.4093      9.110   0.00    0.00    0.00   0.00     105654
20210618   6163558   40.2986  -124.4093      9.110   0.00    0.00    0.00   0.00     105655
20210621  22575730   40.2986  -124.4093      9.110   0.00    0.00    0.00   0.00     105656
20210811    303164   40.2986  -124.4093      9.110   0.00    0.00    0.00   0.00     105657
20210812   4414776   40.2986  -124.4093      9.110   0.00    0.00    0.00   0.00     105658
20210818   4225208   40.2986  -124.4093      9.110   0.00    0.00    0.00   0.00     105659
20210829  18093800   40.2986  -124.4093      9.110   0.00    0.00    0.00   0.00     105660
20210913  11095992   40.2986  -124.4093      9.110   0.00    0.00    0.00   0.00     105661
20210921  14211188   40.2986  -124.4093      9.110   0.00    0.00    0.00   0.00     105662
20210923  10133728   40.2986  -124.4093      9.110   0.00    0.00    0.00   0.00     105663
20211008  15583602   40.2986  -124.4093      9.110   0.00    0.00    0.00   0.00     105664
20211021   4323670   40.2986  -124.4093      9.110   0.00    0.00    0.00   0.00     105665
20211022  16363588   40.2986  -124.4093      9.110   0.00    0.00    0.00   0.00     105666
20211219  19125244   40.2986  -124.4093      9.110   0.00    0.00    0.00   0.00     105667
20211221   6334854   40.2986  -124.4093      9.110   0.00    0.00    0.00   0.00     105668
20220107  21321616   40.2986  -124.4093      9.110   0.00    0.00    0.00   0.00     105669
20220129  22575894   40.2986  -124.4093      9.110   0.00    0.00    0.00   0.00     105670
20220129  22561448   40.2986  -124.4093      9.110   0.00    0.00    0.00   0.00     105671
20220219  21353884   40.2986  -124.4093      9.110   0.00    0.00    0.00   0.00     105672
20220219  23163558   40.2986  -124.4093      9.110   0.00    0.00    0.00   0.00     105673
20220219  21381080   40.2986  -124.4093      9.110   0.00    0.00    0.00   0.00     105674
20220219  21394654   40.2986  -124.4093      9.110   0.00    0.00    0.00   0.00     105675
20220219  22032064   40.2986  -124.4093      9.110   0.00    0.00    0.00   0.00     105676
20220219  23082126   40.2986  -124.4093      9.110   0.00    0.00    0.00   0.00     105677
20220302   3411750   40.2986  -124.4093      9.110   0.00    0.00    0.00   0.00     105678
20220425  10165296   40.2986  -124.4093      9.110   0.00    0.00    0.00   0.00     105679
20220425   7103450   40.2986  -124.4093      9.110   0.00    0.00    0.00   0.00     105680
20220425   7161142   40.2986  -124.4093      9.110   0.00    0.00    0.00   0.00     105681
20220425   9410972   40.2986  -124.4093      9.110   0.00    0.00    0.00   0.00     105682
20220615   8430640   40.2986  -124.4093      9.110   0.00    0.00    0.00   0.00     105683
20220810  20462042   40.2986  -124.4093      9.110   0.00    0.00    0.00   0.00     105684
20220902  17540008   40.2986  -124.4093      9.110   0.00    0.00    0.00   0.00     105685
20220911   2282158   40.2986  -124.4093      9.110   0.00    0.00    0.00   0.00     105686
20220911  12263506   40.2986  -124.4093      9.110   0.00    0.00    0.00   0.00     105687
20220911   3240622   40.2986  -124.4093      9.110   0.00    0.00    0.00   0.00     105688
20220912  20192952   40.2986  -124.4093      9.110   0.00    0.00    0.00   0.00     105689
20220924  15214266   40.2986  -124.4093      9.110   0.00    0.00    0.00   0.00     105690
20220924  15211672   40.2986  -124.4093      9.110   0.00    0.00    0.00   0.00     105691
20220924  21440346   40.2986  -124.4093      9.110   0.00    0.00    0.00   0.00     105692
20220924  15212436   40.2986  -124.4093      9.110   0.00    0.00    0.00   0.00     105693
20221108  22475682   40.2986  -124.4093      9.110   0.00    0.00    0.00   0.00     105694
20221108  17493892   40.2986  -124.4093      9.110   0.00    0.00    0.00   0.00     105695
20221108  17350824   40.2986  -124.4093      9.110   0.00    0.00    0.00   0.00     105696
20221108  18595184   40.2986  -124.4093      9.110   0.00    0.00    0.00   0.00     105697
20221108  17415026   40.2986  -124.4093      9.110   0.00    0.00    0.00   0.00     105698
20221109  12222828   40.2986  -124.4093      9.110   0.00    0.00    0.00   0.00     105699
20221111   1390808   40.2986  -124.4093      9.110   0.00    0.00    0.00   0.00     105700
20221111   1383530   40.2986  -124.4093      9.110   0.00    0.00    0.00   0.00     105701
20221111   3313676   40.2986  -124.4093      9.110   0.00    0.00    0.00   0.00     105702
20221119   3030996   40.2986  -124.4093      9.110   0.00    0.00    0.00   0.00     105703
20221126  18351738   40.2986  -124.4093      9.110   0.00    0.00    0.00   0.00     105704
20200207   9302606   40.5990  -124.0427     22.270   0.00    0.00    0.00   0.00     105705
20200208   2285716   40.5990  -124.0427     22.270   0.00    0.00    0.00   0.00     105706
20200718  13500454   40.5990  -124.0427     22.270   0.00    0.00    0.00   0.00     105707
20201111  19355940   40.5990  -124.0427     22.270   0.00    0.00    0.00   0.00     105708
20210120  11253894   40.5990  -124.0427     22.270   0.00    0.00    0.00   0.00     105709
20210609  17093054   40.5990  -124.0427     22.270   0.00    0.00    0.00   0.00     105710
20210810   5215528   40.5990  -124.0427     22.270   0.00    0.00    0.00   0.00     105711
20210810   4471458   40.5990  -124.0427     22.270   0.00    0.00    0.00   0.00     105712
20210821   3332814   40.5990  -124.0427     22.270   0.00    0.00    0.00   0.00     105713
20210904  15162420   40.5990  -124.0427     22.270   0.00    0.00    0.00   0.00     105714
20210924   4291342   40.5990  -124.0427     22.270   0.00    0.00    0.00   0.00     105715
20211019  21330274   40.5990  -124.0427     22.270   0.00    0.00    0.00   0.00     105716
20220519   6565944   40.5990  -124.0427     22.270   0.00    0.00    0.00   0.00     105717
20220712  19580282   40.5990  -124.0427     22.270   0.00    0.00    0.00   0.00     105718
20220717    371540   40.5990  -124.0427     22.270   0.00    0.00    0.00   0.00     105719
20221121   3514192   40.5990  -124.0427     22.270   0.00    0.00    0.00   0.00     105720
20200207  10455988   40.5193  -124.4227     18.480   0.00    0.00    0.00   0.00     105721
20200207   1290804   40.3766  -124.2509     26.410   0.00    0.00    0.00   0.00     105722
20200207   4325300   40.3766  -124.2509     26.410   0.00    0.00    0.00   0.00     105723
20200310   9260320   40.3766  -124.2509     26.410   0.00    0.00    0.00   0.00     105724
20200319   1131574   40.3766  -124.2509     26.410   0.00    0.00    0.00   0.00     105725
20200408   8215812   40.3766  -124.2509     26.410   0.00    0.00    0.00   0.00     105726
20200420  15163698   40.3766  -124.2509     26.410   0.00    0.00    0.00   0.00     105727
20200630   3054512   40.3766  -124.2509     26.410   0.00    0.00    0.00   0.00     105728
20200727  14423086   40.3766  -124.2509     26.410   0.00    0.00    0.00   0.00     105729
20200818  23543992   40.3766  -124.2509     26.410   0.00    0.00    0.00   0.00     105730
20201209  16520602   40.3766  -124.2509     26.410   0.00    0.00    0.00   0.00     105731
20201218  23412660   40.3766  -124.2509     26.410   0.00    0.00    0.00   0.00     105732
20210313   9164212   40.3766  -124.2509     26.410   0.00    0.00    0.00   0.00     105733
20210328  18513962   40.3766  -124.2509     26.410   0.00    0.00    0.00   0.00     105734
20210401  23005734   40.3766  -124.2509     26.410   0.00    0.00    0.00   0.00     105735
20210419   2595912   40.3766  -124.2509     26.410   0.00    0.00    0.00   0.00     105736
20210611  17031722   40.3766  -124.2509     26.410   0.00    0.00    0.00   0.00     105737
20210623   9430148   40.3766  -124.2509     26.410   0.00    0.00    0.00   0.00     105738
20210826   7460530   40.3766  -124.2509     26.410   0.00    0.00    0.00   0.00     105739
20211103    245550   40.3766  -124.2509     26.410   0.00    0.00    0.00   0.00     105740
20211103    493384   40.3766  -124.2509     26.410   0.00    0.00    0.00   0.00     105741
20211103    560164   40.3766  -124.2509     26.410   0.00    0.00    0.00   0.00     105742
20211103   7365828   40.3766  -124.2509     26.410   0.00    0.00    0.00   0.00     105743
20211103   4555482   40.3766  -124.2509     26.410   0.00    0.00    0.00   0.00     105744
20211103   3504472   40.3766  -124.2509     26.410   0.00    0.00    0.00   0.00     105745
20211103    395920   40.3766  -124.2509     26.410   0.00    0.00    0.00   0.00     105746
20211103   2395356   40.3766  -124.2509     26.410   0.00    0.00    0.00   0.00     105747
20211103    444734   40.3766  -124.2509     26.410   0.00    0.00    0.00   0.00     105748
20211103   2371680   40.3766  -124.2509     26.410   0.00    0.00    0.00   0.00     105749
20211103    415440   40.3766  -124.2509     26.410   0.00    0.00    0.00   0.00     105750
20211103    391258   40.3766  -124.2509     26.410   0.00    0.00    0.00   0.00     105751
20211103    341340   40.3766  -124.2509     26.410   0.00    0.00    0.00   0.00     105752
20211103    291126   40.3766  -124.2509     26.410   0.00    0.00    0.00   0.00     105753
20211103    320668   40.3766  -124.2509     26.410   0.00    0.00    0.00   0.00     105754
20211103    270624   40.3766  -124.2509     26.410   0.00    0.00    0.00   0.00     105755
20211103   1460130   40.3766  -124.2509     26.410   0.00    0.00    0.00   0.00     105756
20211104   7120160   40.3766  -124.2509     26.410   0.00    0.00    0.00   0.00     105757
20211104   4122726   40.3766  -124.2509     26.410   0.00    0.00    0.00   0.00     105758
20211106   5152120   40.3766  -124.2509     26.410   0.00    0.00    0.00   0.00     105759
20211106  22013220   40.3766  -124.2509     26.410   0.00    0.00    0.00   0.00     105760
20211108   7375340   40.3766  -124.2509     26.410   0.00    0.00    0.00   0.00     105761
20211111  13421882   40.3766  -124.2509     26.410   0.00    0.00    0.00   0.00     105762
20211220  22054436   40.3766  -124.2509     26.410   0.00    0.00    0.00   0.00     105763
20211220  21352478   40.3766  -124.2509     26.410   0.00    0.00    0.00   0.00     105764
20211220  20320952   40.3766  -124.2509     26.410   0.00    0.00    0.00   0.00     105765
20211220  22353966   40.3766  -124.2509     26.410   0.00    0.00    0.00   0.00     105766
20211220  20183296   40.3766  -124.2509     26.410   0.00    0.00    0.00   0.00     105767
20211221   6115836   40.3766  -124.2509     26.410   0.00    0.00    0.00   0.00     105768
20211221   7564380   40.3766  -124.2509     26.410   0.00    0.00    0.00   0.00     105769
20211221   7333642   40.3766  -124.2509     26.410   0.00    0.00    0.00   0.00     105770
20211221    401038   40.3766  -124.2509     26.410   0.00    0.00    0.00   0.00     105771
20211221    194202   40.3766  -124.2509     26.410   0.00    0.00    0.00   0.00     105772
20211221  20130976   40.3766  -124.2509     26.410   0.00    0.00    0.00   0.00     105773
20211221  20504850   40.3766  -124.2509     26.410   0.00    0.00    0.00   0.00     105774
20211222   3333334   40.3766  -124.2509     26.410   0.00    0.00    0.00   0.00     105775
20211222   4051460   40.3766  -124.2509     26.410   0.00    0.00    0.00   0.00     105776
20211222  18395688   40.3766  -124.2509     26.410   0.00    0.00    0.00   0.00     105777
20211222   3074826   40.3766  -124.2509     26.410   0.00    0.00    0.00   0.00     105778
20211223  23055286   40.3766  -124.2509     26.410   0.00    0.00    0.00   0.00     105779
20211224   3243024   40.3766  -124.2509     26.410   0.00    0.00    0.00   0.00     105780
20211224   3342452   40.3766  -124.2509     26.410   0.00    0.00    0.00   0.00     105781
20211224  10120542   40.3766  -124.2509     26.410   0.00    0.00    0.00   0.00     105782
20211224   6152450   40.3766  -124.2509     26.410   0.00    0.00    0.00   0.00     105783
20211225  17313502   40.3766  -124.2509     26.410   0.00    0.00    0.00   0.00     105784
20211225   6080434   40.3766  -124.2509     26.410   0.00    0.00    0.00   0.00     105785
20211226  14481860   40.3766  -124.2509     26.410   0.00    0.00    0.00   0.00     105786
20211226  19403394   40.3766  -124.2509     26.410   0.00    0.00    0.00   0.00     105787
20211227   2480072   40.3766  -124.2509     26.410   0.00    0.00    0.00   0.00     105788
20211229  23585186   40.3766  -124.2509     26.410   0.00    0.00    0.00   0.00     105789
20211230  10132526   40.3766  -124.2509     26.410   0.00    0.00    0.00   0.00     105790
20220104  13161184   40.3766  -124.2509     26.410   0.00    0.00    0.00   0.00     105791
20220106  17550576   40.3766  -124.2509     26.410   0.00    0.00    0.00   0.00     105792
20220109    235720   40.3766  -124.2509     26.410   0.00    0.00    0.00   0.00     105793
20220109    253270   40.3766  -124.2509     26.410   0.00    0.00    0.00   0.00     105794
20220125   4274050   40.3766  -124.2509     26.410   0.00    0.00    0.00   0.00     105795
20220126  19433150   40.3766  -124.2509     26.410   0.00    0.00    0.00   0.00     105796
20220130   7243846   40.3766  -124.2509     26.410   0.00    0.00    0.00   0.00     105797
20220206  19274058   40.3766  -124.2509     26.410   0.00    0.00    0.00   0.00     105798
20220218   5181784   40.3766  -124.2509     26.410   0.00    0.00    0.00   0.00     105799
20220304   8532778   40.3766  -124.2509     26.410   0.00    0.00    0.00   0.00     105800
20220309  17545100   40.3766  -124.2509     26.410   0.00    0.00    0.00   0.00     105801
20220323   1532154   40.3766  -124.2509     26.410   0.00    0.00    0.00   0.00     105802
20220726  22554378   40.3766  -124.2509     26.410   0.00    0.00    0.00   0.00     105803
20200207    532242   40.3913  -124.2876     27.820   0.00    0.00    0.00   0.00     105804
20200318  23140976   40.3913  -124.2876     27.820   0.00    0.00    0.00   0.00     105805
20200318  23070864   40.3913  -124.2876     27.820   0.00    0.00    0.00   0.00     105806
20200319   7580162   40.3913  -124.2876     27.820   0.00    0.00    0.00   0.00     105807
20200320   4230940   40.3913  -124.2876     27.820   0.00    0.00    0.00   0.00     105808
20210326  10183766   40.3913  -124.2876     27.820   0.00    0.00    0.00   0.00     105809
20210520   6321382   40.3913  -124.2876     27.820   0.00    0.00    0.00   0.00     105810
20210528   1420578   40.3913  -124.2876     27.820   0.00    0.00    0.00   0.00     105811
20210710  14333990   40.3913  -124.2876     27.820   0.00    0.00    0.00   0.00     105812
20210718   8221274   40.3913  -124.2876     27.820   0.00    0.00    0.00   0.00     105813
20210805   8024908   40.3913  -124.2876     27.820   0.00    0.00    0.00   0.00     105814
20211103    330356   40.3913  -124.2876     27.820   0.00    0.00    0.00   0.00     105815
20211103   4121770   40.3913  -124.2876     27.820   0.00    0.00    0.00   0.00     105816
20211103   2522224   40.3913  -124.2876     27.820   0.00    0.00    0.00   0.00     105817
20211103    412680   40.3913  -124.2876     27.820   0.00    0.00    0.00   0.00     105818
20211103   1234418   40.3913  -124.2876     27.820   0.00    0.00    0.00   0.00     105819
20211104  22152454   40.3913  -124.2876     27.820   0.00    0.00    0.00   0.00     105820
20211105  11001796   40.3913  -124.2876     27.820   0.00    0.00    0.00   0.00     105821
20211220  21135994   40.3913  -124.2876     27.820   0.00    0.00    0.00   0.00     105822
20211220  21453430   40.3913  -124.2876     27.820   0.00    0.00    0.00   0.00     105823
20211220  20144176   40.3913  -124.2876     27.820   0.00    0.00    0.00   0.00     105824
20211220  23530204   40.3913  -124.2876     27.820   0.00    0.00    0.00   0.00     105825
20211220  22295938   40.3913  -124.2876     27.820   0.00    0.00    0.00   0.00     105826
20211220  20175294   40.3913  -124.2876     27.820   0.00    0.00    0.00   0.00     105827
20211220  23382040   40.3913  -124.2876     27.820   0.00    0.00    0.00   0.00     105828
20211220  20543716   40.3913  -124.2876     27.820   0.00    0.00    0.00   0.00     105829
20211220  21223774   40.3913  -124.2876     27.820   0.00    0.00    0.00   0.00     105830
20211220  23320452   40.3913  -124.2876     27.820   0.00    0.00    0.00   0.00     105831
20211220  22395282   40.3913  -124.2876     27.820   0.00    0.00    0.00   0.00     105832
20211220  23064734   40.3913  -124.2876     27.820   0.00    0.00    0.00   0.00     105833
20211220  21380902   40.3913  -124.2876     27.820   0.00    0.00    0.00   0.00     105834
20211220  23033678   40.3913  -124.2876     27.820   0.00    0.00    0.00   0.00     105835
20211220  20284074   40.3913  -124.2876     27.820   0.00    0.00    0.00   0.00     105836
20211220  20172310   40.3913  -124.2876     27.820   0.00    0.00    0.00   0.00     105837
20211220  20115254   40.3913  -124.2876     27.820   0.00    0.00    0.00   0.00     105838
20211220  23164700   40.3913  -124.2876     27.820   0.00    0.00    0.00   0.00     105839
20211220  20314536   40.3913  -124.2876     27.820   0.00    0.00    0.00   0.00     105840
20211220  21290906   40.3913  -124.2876     27.820   0.00    0.00    0.00   0.00     105841
20211220  20155094   40.3913  -124.2876     27.820   0.00    0.00    0.00   0.00     105842
20211220  20285978   40.3913  -124.2876     27.820   0.00    0.00    0.00   0.00     105843
20211220  22120688   40.3913  -124.2876     27.820   0.00    0.00    0.00   0.00     105844
20211220  20370436   40.3913  -124.2876     27.820   0.00    0.00    0.00   0.00     105845
20211220  21364300   40.3913  -124.2876     27.820   0.00    0.00    0.00   0.00     105846
20211220  20462820   40.3913  -124.2876     27.820   0.00    0.00    0.00   0.00     105847
20211220  21104318   40.3913  -124.2876     27.820   0.00    0.00    0.00   0.00     105848
20211221   9551570   40.3913  -124.2876     27.820   0.00    0.00    0.00   0.00     105849
20211221   8022580   40.3913  -124.2876     27.820   0.00    0.00    0.00   0.00     105850
20211221  19323598   40.3913  -124.2876     27.820   0.00    0.00    0.00   0.00     105851
20211221   4280914   40.3913  -124.2876     27.820   0.00    0.00    0.00   0.00     105852
20211221   5425642   40.3913  -124.2876     27.820   0.00    0.00    0.00   0.00     105853
20211221   4211028   40.3913  -124.2876     27.820   0.00    0.00    0.00   0.00     105854
20211221  20415636   40.3913  -124.2876     27.820   0.00    0.00    0.00   0.00     105855
20211221   2342220   40.3913  -124.2876     27.820   0.00    0.00    0.00   0.00     105856
20211221  14304216   40.3913  -124.2876     27.820   0.00    0.00    0.00   0.00     105857
20211221   4503246   40.3913  -124.2876     27.820   0.00    0.00    0.00   0.00     105858
20211221   3075052   40.3913  -124.2876     27.820   0.00    0.00    0.00   0.00     105859
20211221   9244650   40.3913  -124.2876     27.820   0.00    0.00    0.00   0.00     105860
20211221  10281952   40.3913  -124.2876     27.820   0.00    0.00    0.00   0.00     105861
20211221    461158   40.3913  -124.2876     27.820   0.00    0.00    0.00   0.00     105862
20211221   2021640   40.3913  -124.2876     27.820   0.00    0.00    0.00   0.00     105863
20211221  18523666   40.3913  -124.2876     27.820   0.00    0.00    0.00   0.00     105864
20211221   2315864   40.3913  -124.2876     27.820   0.00    0.00    0.00   0.00     105865
20211221   5145992   40.3913  -124.2876     27.820   0.00    0.00    0.00   0.00     105866
20211221   7453628   40.3913  -124.2876     27.820   0.00    0.00    0.00   0.00     105867
20211221   2572754   40.3913  -124.2876     27.820   0.00    0.00    0.00   0.00     105868
20211221  10451198   40.3913  -124.2876     27.820   0.00    0.00    0.00   0.00     105869
20211221  10271078   40.3913  -124.2876     27.820   0.00    0.00    0.00   0.00     105870
20211221  13044806   40.3913  -124.2876     27.820   0.00    0.00    0.00   0.00     105871
20211221   8100186   40.3913  -124.2876     27.820   0.00    0.00    0.00   0.00     105872
20211221  15521616   40.3913  -124.2876     27.820   0.00    0.00    0.00   0.00     105873
20211221  11352876   40.3913  -124.2876     27.820   0.00    0.00    0.00   0.00     105874
20211221    142958   40.3913  -124.2876     27.820   0.00    0.00    0.00   0.00     105875
20211221   1014452   40.3913  -124.2876     27.820   0.00    0.00    0.00   0.00     105876
20211221   7005536   40.3913  -124.2876     27.820   0.00    0.00    0.00   0.00     105877
20211221  12221168   40.3913  -124.2876     27.820   0.00    0.00    0.00   0.00     105878
20211221  20494034   40.3913  -124.2876     27.820   0.00    0.00    0.00   0.00     105879
20211221   5575794   40.3913  -124.2876     27.820   0.00    0.00    0.00   0.00     105880
20211222   4131306   40.3913  -124.2876     27.820   0.00    0.00    0.00   0.00     105881
20211222   3302912   40.3913  -124.2876     27.820   0.00    0.00    0.00   0.00     105882
20211222   6063238   40.3913  -124.2876     27.820   0.00    0.00    0.00   0.00     105883
20211222   3403542   40.3913  -124.2876     27.820   0.00    0.00    0.00   0.00     105884
20211222   8402020   40.3913  -124.2876     27.820   0.00    0.00    0.00   0.00     105885
20211222   8332864   40.3913  -124.2876     27.820   0.00    0.00    0.00   0.00     105886
20211222  20221424   40.3913  -124.2876     27.820   0.00    0.00    0.00   0.00     105887
20211222   5260974   40.3913  -124.2876     27.820   0.00    0.00    0.00   0.00     105888
20211222  12181202   40.3913  -124.2876     27.820   0.00    0.00    0.00   0.00     105889
20211222    532518   40.3913  -124.2876     27.820   0.00    0.00    0.00   0.00     105890
20211222   6312762   40.3913  -124.2876     27.820   0.00    0.00    0.00   0.00     105891
20211222  17234840   40.3913  -124.2876     27.820   0.00    0.00    0.00   0.00     105892
20211222   8460642   40.3913  -124.2876     27.820   0.00    0.00    0.00   0.00     105893
20211222   2390850   40.3913  -124.2876     27.820   0.00    0.00    0.00   0.00     105894
20211222   5513528   40.3913  -124.2876     27.820   0.00    0.00    0.00   0.00     105895
20211222   7352930   40.3913  -124.2876     27.820   0.00    0.00    0.00   0.00     105896
20211222   9364020   40.3913  -124.2876     27.820   0.00    0.00    0.00   0.00     105897
20211223   1051728   40.3913  -124.2876     27.820   0.00    0.00    0.00   0.00     105898
20211223   1471106   40.3913  -124.2876     27.820   0.00    0.00    0.00   0.00     105899
20211223   4421526   40.3913  -124.2876     27.820   0.00    0.00    0.00   0.00     105900
20211223   4061628   40.3913  -124.2876     27.820   0.00    0.00    0.00   0.00     105901
20211223   6080402   40.3913  -124.2876     27.820   0.00    0.00    0.00   0.00     105902
20211223   4321874   40.3913  -124.2876     27.820   0.00    0.00    0.00   0.00     105903
20211223   8342458   40.3913  -124.2876     27.820   0.00    0.00    0.00   0.00     105904
20211223   3224150   40.3913  -124.2876     27.820   0.00    0.00    0.00   0.00     105905
20211224  10481974   40.3913  -124.2876     27.820   0.00    0.00    0.00   0.00     105906
20211224  16575464   40.3913  -124.2876     27.820   0.00    0.00    0.00   0.00     105907
20211224  23050828   40.3913  -124.2876     27.820   0.00    0.00    0.00   0.00     105908
20211224  10262818   40.3913  -124.2876     27.820   0.00    0.00    0.00   0.00     105909
20211224   9271536   40.3913  -124.2876     27.820   0.00    0.00    0.00   0.00     105910
20211225  18301924   40.3913  -124.2876     27.820   0.00    0.00    0.00   0.00     105911
20211225   4181150   40.3913  -124.2876     27.820   0.00    0.00    0.00   0.00     105912
20211225  23335800   40.3913  -124.2876     27.820   0.00    0.00    0.00   0.00     105913
20211226  13213012   40.3913  -124.2876     27.820   0.00    0.00    0.00   0.00     105914
20211228  12292838   40.3913  -124.2876     27.820   0.00    0.00    0.00   0.00     105915
20211229   5384142   40.3913  -124.2876     27.820   0.00    0.00    0.00   0.00     105916
20211229   6351802   40.3913  -124.2876     27.820   0.00    0.00    0.00   0.00     105917
20211230   6231412   40.3913  -124.2876     27.820   0.00    0.00    0.00   0.00     105918
20211230  12280426   40.3913  -124.2876     27.820   0.00    0.00    0.00   0.00     105919
20211230  15141818   40.3913  -124.2876     27.820   0.00    0.00    0.00   0.00     105920
20220102   9391144   40.3913  -124.2876     27.820   0.00    0.00    0.00   0.00     105921
20220102  13415846   40.3913  -124.2876     27.820   0.00    0.00    0.00   0.00     105922
20220105  23012870   40.3913  -124.2876     27.820   0.00    0.00    0.00   0.00     105923
20220105   8544110   40.3913  -124.2876     27.820   0.00    0.00    0.00   0.00     105924
20220106   6163392   40.3913  -124.2876     27.820   0.00    0.00    0.00   0.00     105925
20220115   2081090   40.3913  -124.2876     27.820   0.00    0.00    0.00   0.00     105926
20220115  18344664   40.3913  -124.2876     27.820   0.00    0.00    0.00   0.00     105927
20220116   4444682   40.3913  -124.2876     27.820   0.00    0.00    0.00   0.00     105928
20220123   9460098   40.3913  -124.2876     27.820   0.00    0.00    0.00   0.00     105929
20220127   2044550   40.3913  -124.2876     27.820   0.00    0.00    0.00   0.00     105930
20220128  23241608   40.3913  -124.2876     27.820   0.00    0.00    0.00   0.00     105931
20220130   4121466   40.3913  -124.2876     27.820   0.00    0.00    0.00   0.00     105932
20220210   9464896   40.3913  -124.2876     27.820   0.00    0.00    0.00   0.00     105933
20220213   2481574   40.3913  -124.2876     27.820   0.00    0.00    0.00   0.00     105934
20220218  16423556   40.3913  -124.2876     27.820   0.00    0.00    0.00   0.00     105935
20220219   1483182   40.3913  -124.2876     27.820   0.00    0.00    0.00   0.00     105936
20220222  17575970   40.3913  -124.2876     27.820   0.00    0.00    0.00   0.00     105937
20220225   4552382   40.3913  -124.2876     27.820   0.00    0.00    0.00   0.00     105938
20220312  19554878   40.3913  -124.2876     27.820   0.00    0.00    0.00   0.00     105939
20220318   1501840   40.3913  -124.2876     27.820   0.00    0.00    0.00   0.00     105940
20220328  20191718   40.3913  -124.2876     27.820   0.00    0.00    0.00   0.00     105941
20220509  15464010   40.3913  -124.2876     27.820   0.00    0.00    0.00   0.00     105942
20220514  15332396   40.3913  -124.2876     27.820   0.00    0.00    0.00   0.00     105943
20220602   3094636   40.3913  -124.2876     27.820   0.00    0.00    0.00   0.00     105944
20220604  10084192   40.3913  -124.2876     27.820   0.00    0.00    0.00   0.00     105945
20220609   2404758   40.3913  -124.2876     27.820   0.00    0.00    0.00   0.00     105946
20220616  10595496   40.3913  -124.2876     27.820   0.00    0.00    0.00   0.00     105947
20220701  20193420   40.3913  -124.2876     27.820   0.00    0.00    0.00   0.00     105948
20220703   3001092   40.3913  -124.2876     27.820   0.00    0.00    0.00   0.00     105949
20220921    352740   40.3913  -124.2876     27.820   0.00    0.00    0.00   0.00     105950
20221005  23452422   40.3913  -124.2876     27.820   0.00    0.00    0.00   0.00     105951
20221128  18475906   40.3913  -124.2876     27.820   0.00    0.00    0.00   0.00     105952
20221128  20103712   40.3913  -124.2876     27.820   0.00    0.00    0.00   0.00     105953
20200208  19524432   40.5467  -124.0672     19.750   0.00    0.00    0.00   0.00     105954
20200223   1061752   40.5467  -124.0672     19.750   0.00    0.00    0.00   0.00     105955
20201023  10312574   40.5467  -124.0672     19.750   0.00    0.00    0.00   0.00     105956
20210219  15020584   40.5467  -124.0672     19.750   0.00    0.00    0.00   0.00     105957
20210727  12422382   40.5467  -124.0672     19.750   0.00    0.00    0.00   0.00     105958
20210801   9224694   40.5467  -124.0672     19.750   0.00    0.00    0.00   0.00     105959
20210906   1574846   40.5467  -124.0672     19.750   0.00    0.00    0.00   0.00     105960
20211030  15543598   40.5467  -124.0672     19.750   0.00    0.00    0.00   0.00     105961
20220911   4231894   40.5467  -124.0672     19.750   0.00    0.00    0.00   0.00     105962
20200209  19294758   40.2919  -124.4805      8.460   0.00    0.00    0.00   0.00     105963
20200210    205632   40.2919  -124.4805      8.460   0.00    0.00    0.00   0.00     105964
20200503  19304238   40.2919  -124.4805      8.460   0.00    0.00    0.00   0.00     105965
20200611  13414004   40.2919  -124.4805      8.460   0.00    0.00    0.00   0.00     105966
20200611  12045406   40.2919  -124.4805      8.460   0.00    0.00    0.00   0.00     105967
20200720  10554136   40.2919  -124.4805      8.460   0.00    0.00    0.00   0.00     105968
20200721   9151406   40.2919  -124.4805      8.460   0.00    0.00    0.00   0.00     105969
20200721  21151140   40.2919  -124.4805      8.460   0.00    0.00    0.00   0.00     105970
20200721  17280726   40.2919  -124.4805      8.460   0.00    0.00    0.00   0.00     105971
20200723   2341590   40.2919  -124.4805      8.460   0.00    0.00    0.00   0.00     105972
20200826  12124106   40.2919  -124.4805      8.460   0.00    0.00    0.00   0.00     105973
20200913   2273026   40.2919  -124.4805      8.460   0.00    0.00    0.00   0.00     105974
20201109  13333334   40.2919  -124.4805      8.460   0.00    0.00    0.00   0.00     105975
20201113   2210282   40.2919  -124.4805      8.460   0.00    0.00    0.00   0.00     105976
20210101   8140634   40.2919  -124.4805      8.460   0.00    0.00    0.00   0.00     105977
20210217   8492112   40.2919  -124.4805      8.460   0.00    0.00    0.00   0.00     105978
20210429  17130558   40.2919  -124.4805      8.460   0.00    0.00    0.00   0.00     105979
20210430  22522768   40.2919  -124.4805      8.460   0.00    0.00    0.00   0.00     105980
20210518  18565902   40.2919  -124.4805      8.460   0.00    0.00    0.00   0.00     105981
20210713   4341186   40.2919  -124.4805      8.460   0.00    0.00    0.00   0.00     105982
20210716  12230390   40.2919  -124.4805      8.460   0.00    0.00    0.00   0.00     105983
20211202  21231294   40.2919  -124.4805      8.460   0.00    0.00    0.00   0.00     105984
20220219  13544428   40.2919  -124.4805      8.460   0.00    0.00    0.00   0.00     105985
20220327   4013694   40.2919  -124.4805      8.460   0.00    0.00    0.00   0.00     105986
20220329  15323412   40.2919  -124.4805      8.460   0.00    0.00    0.00   0.00     105987
20220329   9551202   40.2919  -124.4805      8.460   0.00    0.00    0.00   0.00     105988
20220330  15285812   40.2919  -124.4805      8.460   0.00    0.00    0.00   0.00     105989
20220330   2394334   40.2919  -124.4805      8.460   0.00    0.00    0.00   0.00     105990
20220330   8054722   40.2919  -124.4805      8.460   0.00    0.00    0.00   0.00     105991
20220415    122278   40.2919  -124.4805      8.460   0.00    0.00    0.00   0.00     105992
20220418  16344628   40.2919  -124.4805      8.460   0.00    0.00    0.00   0.00     105993
20220613   7033188   40.2919  -124.4805      8.460   0.00    0.00    0.00   0.00     105994
20220613   7033862   40.2919  -124.4805      8.460   0.00    0.00    0.00   0.00     105995
20220926  12213572   40.2919  -124.4805      8.460   0.00    0.00    0.00   0.00     105996
20220926  12220542   40.2919  -124.4805      8.460   0.00    0.00    0.00   0.00     105997
20200210  21001172   40.6037  -124.1118     17.990   0.00    0.00    0.00   0.00     105998
20211215  13380424   40.6037  -124.1118     17.990   0.00    0.00    0.00   0.00     105999
20220320   4002622   40.6037  -124.1118     17.990   0.00    0.00    0.00   0.00     106000
20220715   3205708   40.6037  -124.1118     17.990   0.00    0.00    0.00   0.00     106001
20221014   9395124   40.6037  -124.1118     17.990   0.00    0.00    0.00   0.00     106002
20200210  20430562   40.5994  -124.1074     18.970   0.00    0.00    0.00   0.00     106003
20200210  19535462   40.5994  -124.1074     18.970   0.00    0.00    0.00   0.00     106004
20200419  13085748   40.5994  -124.1074     18.970   0.00    0.00    0.00   0.00     106005
20200607  18473982   40.5994  -124.1074     18.970   0.00    0.00    0.00   0.00     106006
20200720  16453552   40.5994  -124.1074     18.970   0.00    0.00    0.00   0.00     106007
20211125  11314562   40.5994  -124.1074     18.970   0.00    0.00    0.00   0.00     106008
20220131   2463238   40.5994  -124.1074     18.970   0.00    0.00    0.00   0.00     106009
20200210  16523590   40.2776  -124.5623     18.270   0.00    0.00    0.00   0.00     106010
20200215  20365102   40.2776  -124.5623     18.270   0.00    0.00    0.00   0.00     106011
20200320   4525896   40.2776  -124.5623     18.270   0.00    0.00    0.00   0.00     106012
20200320   4532238   40.2776  -124.5623     18.270   0.00    0.00    0.00   0.00     106013
20200407  23244806   40.2776  -124.5623     18.270   0.00    0.00    0.00   0.00     106014
20200419    461236   40.2776  -124.5623     18.270   0.00    0.00    0.00   0.00     106015
20200621   2351960   40.2776  -124.5623     18.270   0.00    0.00    0.00   0.00     106016
20200716  18562560   40.2776  -124.5623     18.270   0.00    0.00    0.00   0.00     106017
20200730   9361694   40.2776  -124.5623     18.270   0.00    0.00    0.00   0.00     106018
20200804  17553204   40.2776  -124.5623     18.270   0.00    0.00    0.00   0.00     106019
20200906   7265722   40.2776  -124.5623     18.270   0.00    0.00    0.00   0.00     106020
20200917  15295544   40.2776  -124.5623     18.270   0.00    0.00    0.00   0.00     106021
20200924  17131276   40.2776  -124.5623     18.270   0.00    0.00    0.00   0.00     106022
20201007  20163286   40.2776  -124.5623     18.270   0.00    0.00    0.00   0.00     106023
20201017   3065750   40.2776  -124.5623     18.270   0.00    0.00    0.00   0.00     106024
20201030   5281544   40.2776  -124.5623     18.270   0.00    0.00    0.00   0.00     106025
20201227  14295158   40.2776  -124.5623     18.270   0.00    0.00    0.00   0.00     106026
20210127  20381430   40.2776  -124.5623     18.270   0.00    0.00    0.00   0.00     106027
20210212   4451042   40.2776  -124.5623     18.270   0.00    0.00    0.00   0.00     106028
20210223  17093544   40.2776  -124.5623     18.270   0.00    0.00    0.00   0.00     106029
20210312   6143462   40.2776  -124.5623     18.270   0.00    0.00    0.00   0.00     106030
20210402   8353654   40.2776  -124.5623     18.270   0.00    0.00    0.00   0.00     106031
20210402   8322922   40.2776  -124.5623     18.270   0.00    0.00    0.00   0.00     106032
20210402  13183114   40.2776  -124.5623     18.270   0.00    0.00    0.00   0.00     106033
20210403  23181758   40.2776  -124.5623     18.270   0.00    0.00    0.00   0.00     106034
20210404   7502682   40.2776  -124.5623     18.270   0.00    0.00    0.00   0.00     106035
20210404   8151066   40.2776  -124.5623     18.270   0.00    0.00    0.00   0.00     106036
20210426   6323178   40.2776  -124.5623     18.270   0.00    0.00    0.00   0.00     106037
20210708  23295322   40.2776  -124.5623     18.270   0.00    0.00    0.00   0.00     106038
20210714  15031632   40.2776  -124.5623     18.270   0.00    0.00    0.00   0.00     106039
20210728   9360310   40.2776  -124.5623     18.270   0.00    0.00    0.00   0.00     106040
20210728   9435378   40.2776  -124.5623     18.270   0.00    0.00    0.00   0.00     106041
20210824  17525522   40.2776  -124.5623     18.270   0.00    0.00    0.00   0.00     106042
20210911   8133824   40.2776  -124.5623     18.270   0.00    0.00    0.00   0.00     106043
20211015   9415274   40.2776  -124.5623     18.270   0.00    0.00    0.00   0.00     106044
20211214  20344450   40.2776  -124.5623     18.270   0.00    0.00    0.00   0.00     106045
20211220  20184490   40.2776  -124.5623     18.270   0.00    0.00    0.00   0.00     106046
20211221   7051866   40.2776  -124.5623     18.270   0.00    0.00    0.00   0.00     106047
20211221   9062356   40.2776  -124.5623     18.270   0.00    0.00    0.00   0.00     106048
20211221   6105916   40.2776  -124.5623     18.270   0.00    0.00    0.00   0.00     106049
20211226  17111606   40.2776  -124.5623     18.270   0.00    0.00    0.00   0.00     106050
20211226   8151800   40.2776  -124.5623     18.270   0.00    0.00    0.00   0.00     106051
20211227  23325116   40.2776  -124.5623     18.270   0.00    0.00    0.00   0.00     106052
20211230  22023458   40.2776  -124.5623     18.270   0.00    0.00    0.00   0.00     106053
20220101  17293192   40.2776  -124.5623     18.270   0.00    0.00    0.00   0.00     106054
20220103   9474162   40.2776  -124.5623     18.270   0.00    0.00    0.00   0.00     106055
20220222  17531540   40.2776  -124.5623     18.270   0.00    0.00    0.00   0.00     106056
20220223   2063034   40.2776  -124.5623     18.270   0.00    0.00    0.00   0.00     106057
20220310   3283334   40.2776  -124.5623     18.270   0.00    0.00    0.00   0.00     106058
20220525  21453460   40.2776  -124.5623     18.270   0.00    0.00    0.00   0.00     106059
20220612  19552104   40.2776  -124.5623     18.270   0.00    0.00    0.00   0.00     106060
20220627  11323100   40.2776  -124.5623     18.270   0.00    0.00    0.00   0.00     106061
20220725  13331674   40.2776  -124.5623     18.270   0.00    0.00    0.00   0.00     106062
20221004  16030152   40.2776  -124.5623     18.270   0.00    0.00    0.00   0.00     106063
20221020    221748   40.2776  -124.5623     18.270   0.00    0.00    0.00   0.00     106064
20200211  17542554   40.5327  -124.4183     27.300   0.00    0.00    0.00   0.00     106065
20200314   8482084   40.5327  -124.4183     27.300   0.00    0.00    0.00   0.00     106066
20200212   2324318   40.5005  -124.4453     17.610   0.00    0.00    0.00   0.00     106067
20200318  22234872   40.5005  -124.4453     17.610   0.00    0.00    0.00   0.00     106068
20210722  12384198   40.5005  -124.4453     17.610   0.00    0.00    0.00   0.00     106069
20210821   7211260   40.5005  -124.4453     17.610   0.00    0.00    0.00   0.00     106070
20211013  22430784   40.5005  -124.4453     17.610   0.00    0.00    0.00   0.00     106071
20220704  16094232   40.5005  -124.4453     17.610   0.00    0.00    0.00   0.00     106072
20220705  11032768   40.5005  -124.4453     17.610   0.00    0.00    0.00   0.00     106073
20220712   5174752   40.5005  -124.4453     17.610   0.00    0.00    0.00   0.00     106074
20200212  13113792   40.4551  -124.0187     26.880   0.00    0.00    0.00   0.00     106075
20211128  21192250   40.4551  -124.0187     26.880   0.00    0.00    0.00   0.00     106076
20211128  21580238   40.4551  -124.0187     26.880   0.00    0.00    0.00   0.00     106077
20220306  20011718   40.4551  -124.0187     26.880   0.00    0.00    0.00   0.00     106078
20200213  23074688   40.6428  -123.9710     27.740   0.00    0.00    0.00   0.00     106079
20200227   1090998   40.6428  -123.9710     27.740   0.00    0.00    0.00   0.00     106080
20200629   6460684   40.6428  -123.9710     27.740   0.00    0.00    0.00   0.00     106081
20211114  16501756   40.6428  -123.9710     27.740   0.00    0.00    0.00   0.00     106082
20220210   2195098   40.6428  -123.9710     27.740   0.00    0.00    0.00   0.00     106083
20220603   6040386   40.6428  -123.9710     27.740   0.00    0.00    0.00   0.00     106084
20200214   3474470   40.5831  -124.2093     21.040   0.00    0.00    0.00   0.00     106085
20200914   6291612   40.5831  -124.2093     21.040   0.00    0.00    0.00   0.00     106086
20200916    361574   40.5831  -124.2093     21.040   0.00    0.00    0.00   0.00     106087
20201001  18532140   40.5831  -124.2093     21.040   0.00    0.00    0.00   0.00     106088
20210311  12382842   40.5831  -124.2093     21.040   0.00    0.00    0.00   0.00     106089
20210313   5360270   40.5831  -124.2093     21.040   0.00    0.00    0.00   0.00     106090
20210317   1212972   40.5831  -124.2093     21.040   0.00    0.00    0.00   0.00     106091
20210326   7460230   40.5831  -124.2093     21.040   0.00    0.00    0.00   0.00     106092
20210327   1124252   40.5831  -124.2093     21.040   0.00    0.00    0.00   0.00     106093
20210411   2322324   40.5831  -124.2093     21.040   0.00    0.00    0.00   0.00     106094
20210419   8515690   40.5831  -124.2093     21.040   0.00    0.00    0.00   0.00     106095
20211102   4495646   40.5831  -124.2093     21.040   0.00    0.00    0.00   0.00     106096
20211108  14274146   40.5831  -124.2093     21.040   0.00    0.00    0.00   0.00     106097
20220810   2402994   40.5831  -124.2093     21.040   0.00    0.00    0.00   0.00     106098
20220916  21563838   40.5831  -124.2093     21.040   0.00    0.00    0.00   0.00     106099
20200214   9160744   40.5163  -124.4179     19.320   0.00    0.00    0.00   0.00     106100
20210627  11090384   40.5163  -124.4179     19.320   0.00    0.00    0.00   0.00     106101
20220706  11290446   40.5163  -124.4179     19.320   0.00    0.00    0.00   0.00     106102
20220816   8000806   40.5163  -124.4179     19.320   0.00    0.00    0.00   0.00     106103
20220829  21573986   40.5163  -124.4179     19.320   0.00    0.00    0.00   0.00     106104
20200214    302448   40.4958  -123.9756     20.750   0.00    0.00    0.00   0.00     106105
20200306   8402358   40.4958  -123.9756     20.750   0.00    0.00    0.00   0.00     106106
20200306   5575060   40.4958  -123.9756     20.750   0.00    0.00    0.00   0.00     106107
20200809   5423918   40.4958  -123.9756     20.750   0.00    0.00    0.00   0.00     106108
20201103  12332710   40.4958  -123.9756     20.750   0.00    0.00    0.00   0.00     106109
20201104  11233334   40.4958  -123.9756     20.750   0.00    0.00    0.00   0.00     106110
20201130   1291100   40.4958  -123.9756     20.750   0.00    0.00    0.00   0.00     106111
20201130   2185266   40.4958  -123.9756     20.750   0.00    0.00    0.00   0.00     106112
20210310  16065082   40.4958  -123.9756     20.750   0.00    0.00    0.00   0.00     106113
20210710   6450476   40.4958  -123.9756     20.750   0.00    0.00    0.00   0.00     106114
20210903  12590980   40.4958  -123.9756     20.750   0.00    0.00    0.00   0.00     106115
20220129  21464032   40.4958  -123.9756     20.750   0.00    0.00    0.00   0.00     106116
20220211  19185316   40.4958  -123.9756     20.750   0.00    0.00    0.00   0.00     106117
20220418  15563688   40.4958  -123.9756     20.750   0.00    0.00    0.00   0.00     106118
20220419   2373228   40.4958  -123.9756     20.750   0.00    0.00    0.00   0.00     106119
20220907  20481826   40.4958  -123.9756     20.750   0.00    0.00    0.00   0.00     106120
20220920  15180014   40.4958  -123.9756     20.750   0.00    0.00    0.00   0.00     106121
20221118   1461118   40.4958  -123.9756     20.750   0.00    0.00    0.00   0.00     106122
20200214  10263226   40.3638  -124.4498     22.470   0.00    0.00    0.00   0.00     106123
20210821  14100416   40.3638  -124.4498     22.470   0.00    0.00    0.00   0.00     106124
20211222   4015900   40.3638  -124.4498     22.470   0.00    0.00    0.00   0.00     106125
20220713  20153330   40.3638  -124.4498     22.470   0.00    0.00    0.00   0.00     106126
20220714  23533518   40.3638  -124.4498     22.470   0.00    0.00    0.00   0.00     106127
20200407   3201236   40.5555  -124.2281     17.600   0.00    0.00    0.00   0.00     106128
20210616  18161102   40.5555  -124.2281     17.600   0.00    0.00    0.00   0.00     106129
20210716   1423488   40.5555  -124.2281     17.600   0.00    0.00    0.00   0.00     106130
20210821   4312726   40.5555  -124.2281     17.600   0.00    0.00    0.00   0.00     106131
20210912  22481764   40.5555  -124.2281     17.600   0.00    0.00    0.00   0.00     106132
20210912  22502498   40.5555  -124.2281     17.600   0.00    0.00    0.00   0.00     106133
20210912  22405852   40.5555  -124.2281     17.600   0.00    0.00    0.00   0.00     106134
20210913     40612   40.5555  -124.2281     17.600   0.00    0.00    0.00   0.00     106135
20200216  21552318   40.5399  -124.2609     17.550   0.00    0.00    0.00   0.00     106136
20200216  21463884   40.5399  -124.2609     17.550   0.00    0.00    0.00   0.00     106137
20200625  21211922   40.5399  -124.2609     17.550   0.00    0.00    0.00   0.00     106138
20220310  14551302   40.5399  -124.2609     17.550   0.00    0.00    0.00   0.00     106139
20220311    254868   40.5399  -124.2609     17.550   0.00    0.00    0.00   0.00     106140
20200216   3512818   40.5582  -124.2673     15.370   0.00    0.00    0.00   0.00     106141
20200216   9470506   40.4968  -124.3308     17.850   0.00    0.00    0.00   0.00     106142
20200325   8414078   40.4968  -124.3308     17.850   0.00    0.00    0.00   0.00     106143
20200412   4350098   40.4968  -124.3308     17.850   0.00    0.00    0.00   0.00     106144
20200708   6030576   40.4968  -124.3308     17.850   0.00    0.00    0.00   0.00     106145
20200904   3422724   40.4968  -124.3308     17.850   0.00    0.00    0.00   0.00     106146
20200914  10230250   40.4968  -124.3308     17.850   0.00    0.00    0.00   0.00     106147
20200914   9465976   40.4968  -124.3308     17.850   0.00    0.00    0.00   0.00     106148
20200917   5111670   40.4968  -124.3308     17.850   0.00    0.00    0.00   0.00     106149
20201120  13335406   40.4968  -124.3308     17.850   0.00    0.00    0.00   0.00     106150
20201203  19112116   40.4968  -124.3308     17.850   0.00    0.00    0.00   0.00     106151
20201205  22443798   40.4968  -124.3308     17.850   0.00    0.00    0.00   0.00     106152
20201226  19590040   40.4968  -124.3308     17.850   0.00    0.00    0.00   0.00     106153
20210130  22573884   40.4968  -124.3308     17.850   0.00    0.00    0.00   0.00     106154
20210202  17234110   40.4968  -124.3308     17.850   0.00    0.00    0.00   0.00     106155
20210207  13113188   40.4968  -124.3308     17.850   0.00    0.00    0.00   0.00     106156
20210218  22592182   40.4968  -124.3308     17.850   0.00    0.00    0.00   0.00     106157
20210224     42056   40.4968  -124.3308     17.850   0.00    0.00    0.00   0.00     106158
20210317  14162056   40.4968  -124.3308     17.850   0.00    0.00    0.00   0.00     106159
20210423  17570522   40.4968  -124.3308     17.850   0.00    0.00    0.00   0.00     106160
20210630  19583258   40.4968  -124.3308     17.850   0.00    0.00    0.00   0.00     106161
20210630  22594554   40.4968  -124.3308     17.850   0.00    0.00    0.00   0.00     106162
20210713  14121182   40.4968  -124.3308     17.850   0.00    0.00    0.00   0.00     106163
20210722  15355714   40.4968  -124.3308     17.850   0.00    0.00    0.00   0.00     106164
20210801  11320384   40.4968  -124.3308     17.850   0.00    0.00    0.00   0.00     106165
20210924   8593520   40.4968  -124.3308     17.850   0.00    0.00    0.00   0.00     106166
20211002   5233834   40.4968  -124.3308     17.850   0.00    0.00    0.00   0.00     106167
20211003  11370254   40.4968  -124.3308     17.850   0.00    0.00    0.00   0.00     106168
20211004   7265916   40.4968  -124.3308     17.850   0.00    0.00    0.00   0.00     106169
20211008   7304916   40.4968  -124.3308     17.850   0.00    0.00    0.00   0.00     106170
20211012  12221058   40.4968  -124.3308     17.850   0.00    0.00    0.00   0.00     106171
20211113  10194392   40.4968  -124.3308     17.850   0.00    0.00    0.00   0.00     106172
20211118   7052052   40.4968  -124.3308     17.850   0.00    0.00    0.00   0.00     106173
20211119  17121272   40.4968  -124.3308     17.850   0.00    0.00    0.00   0.00     106174
20211120  11583460   40.4968  -124.3308     17.850   0.00    0.00    0.00   0.00     106175
20211211   7523546   40.4968  -124.3308     17.850   0.00    0.00    0.00   0.00     106176
20211213   2512854   40.4968  -124.3308     17.850   0.00    0.00    0.00   0.00     106177
20211215   7382890   40.4968  -124.3308     17.850   0.00    0.00    0.00   0.00     106178
20211219   8583708   40.4968  -124.3308     17.850   0.00    0.00    0.00   0.00     106179
20211221  15333754   40.4968  -124.3308     17.850   0.00    0.00    0.00   0.00     106180
20211221   9450224   40.4968  -124.3308     17.850   0.00    0.00    0.00   0.00     106181
20211222   4401890   40.4968  -124.3308     17.850   0.00    0.00    0.00   0.00     106182
20211222   5120132   40.4968  -124.3308     17.850   0.00    0.00    0.00   0.00     106183
20211222  15135362   40.4968  -124.3308     17.850   0.00    0.00    0.00   0.00     106184
20211222  13343614   40.4968  -124.3308     17.850   0.00    0.00    0.00   0.00     106185
20211223  19121830   40.4968  -124.3308     17.850   0.00    0.00    0.00   0.00     106186
20211223   7001964   40.4968  -124.3308     17.850   0.00    0.00    0.00   0.00     106187
20211223  23441778   40.4968  -124.3308     17.850   0.00    0.00    0.00   0.00     106188
20211223  23270418   40.4968  -124.3308     17.850   0.00    0.00    0.00   0.00     106189
20211223  13001506   40.4968  -124.3308     17.850   0.00    0.00    0.00   0.00     106190
20211223   4461766   40.4968  -124.3308     17.850   0.00    0.00    0.00   0.00     106191
20211224   9371074   40.4968  -124.3308     17.850   0.00    0.00    0.00   0.00     106192
20211225   3175844   40.4968  -124.3308     17.850   0.00    0.00    0.00   0.00     106193
20211230   5482746   40.4968  -124.3308     17.850   0.00    0.00    0.00   0.00     106194
20211230   8345656   40.4968  -124.3308     17.850   0.00    0.00    0.00   0.00     106195
20211231  13202688   40.4968  -124.3308     17.850   0.00    0.00    0.00   0.00     106196
20211231  10151668   40.4968  -124.3308     17.850   0.00    0.00    0.00   0.00     106197
20211231  20395490   40.4968  -124.3308     17.850   0.00    0.00    0.00   0.00     106198
20211231  14393850   40.4968  -124.3308     17.850   0.00    0.00    0.00   0.00     106199
20220102  14542766   40.4968  -124.3308     17.850   0.00    0.00    0.00   0.00     106200
20220102    122518   40.4968  -124.3308     17.850   0.00    0.00    0.00   0.00     106201
20220102  23122098   40.4968  -124.3308     17.850   0.00    0.00    0.00   0.00     106202
20220102  14014974   40.4968  -124.3308     17.850   0.00    0.00    0.00   0.00     106203
20220107   3035894   40.4968  -124.3308     17.850   0.00    0.00    0.00   0.00     106204
20220111   7323100   40.4968  -124.3308     17.850   0.00    0.00    0.00   0.00     106205
20220112   3311288   40.4968  -124.3308     17.850   0.00    0.00    0.00   0.00     106206
20220115   8061442   40.4968  -124.3308     17.850   0.00    0.00    0.00   0.00     106207
20220116   3034324   40.4968  -124.3308     17.850   0.00    0.00    0.00   0.00     106208
20220116  22150696   40.4968  -124.3308     17.850   0.00    0.00    0.00   0.00     106209
20220116   4095376   40.4968  -124.3308     17.850   0.00    0.00    0.00   0.00     106210
20220116   9173994   40.4968  -124.3308     17.850   0.00    0.00    0.00   0.00     106211
20220116  23570184   40.4968  -124.3308     17.850   0.00    0.00    0.00   0.00     106212
20220117  20442998   40.4968  -124.3308     17.850   0.00    0.00    0.00   0.00     106213
20220117  19393614   40.4968  -124.3308     17.850   0.00    0.00    0.00   0.00     106214
20220117  17573818   40.4968  -124.3308     17.850   0.00    0.00    0.00   0.00     106215
20220118  12072492   40.4968  -124.3308     17.850   0.00    0.00    0.00   0.00     106216
20220118   3251874   40.4968  -124.3308     17.850   0.00    0.00    0.00   0.00     106217
20220119   6545854   40.4968  -124.3308     17.850   0.00    0.00    0.00   0.00     106218
20220119   9201716   40.4968  -124.3308     17.850   0.00    0.00    0.00   0.00     106219
20220121   8262762   40.4968  -124.3308     17.850   0.00    0.00    0.00   0.00     106220
20220122  13181778   40.4968  -124.3308     17.850   0.00    0.00    0.00   0.00     106221
20220122  23001856   40.4968  -124.3308     17.850   0.00    0.00    0.00   0.00     106222
20220123  14112226   40.4968  -124.3308     17.850   0.00    0.00    0.00   0.00     106223
20220123  19190898   40.4968  -124.3308     17.850   0.00    0.00    0.00   0.00     106224
20220128  18302144   40.4968  -124.3308     17.850   0.00    0.00    0.00   0.00     106225
20220129  17475330   40.4968  -124.3308     17.850   0.00    0.00    0.00   0.00     106226
20220131   9385834   40.4968  -124.3308     17.850   0.00    0.00    0.00   0.00     106227
20220201   4052150   40.4968  -124.3308     17.850   0.00    0.00    0.00   0.00     106228
20220202  22242344   40.4968  -124.3308     17.850   0.00    0.00    0.00   0.00     106229
20220203   2033106   40.4968  -124.3308     17.850   0.00    0.00    0.00   0.00     106230
20220203   8402278   40.4968  -124.3308     17.850   0.00    0.00    0.00   0.00     106231
20220203   8370750   40.4968  -124.3308     17.850   0.00    0.00    0.00   0.00     106232
20220204  11361834   40.4968  -124.3308     17.850   0.00    0.00    0.00   0.00     106233
20220206  11553792   40.4968  -124.3308     17.850   0.00    0.00    0.00   0.00     106234
20220212    515708   40.4968  -124.3308     17.850   0.00    0.00    0.00   0.00     106235
20220212  23081448   40.4968  -124.3308     17.850   0.00    0.00    0.00   0.00     106236
20220213  16095170   40.4968  -124.3308     17.850   0.00    0.00    0.00   0.00     106237
20220213  15455094   40.4968  -124.3308     17.850   0.00    0.00    0.00   0.00     106238
20220214  16434692   40.4968  -124.3308     17.850   0.00    0.00    0.00   0.00     106239
20220214  22322162   40.4968  -124.3308     17.850   0.00    0.00    0.00   0.00     106240
20220214  21242254   40.4968  -124.3308     17.850   0.00    0.00    0.00   0.00     106241
20220214  15353744   40.4968  -124.3308     17.850   0.00    0.00    0.00   0.00     106242
20220215   3243982   40.4968  -124.3308     17.850   0.00    0.00    0.00   0.00     106243
20220220   9122228   40.4968  -124.3308     17.850   0.00    0.00    0.00   0.00     106244
20220220    275550   40.4968  -124.3308     17.850   0.00    0.00    0.00   0.00     106245
20220220   1294314   40.4968  -124.3308     17.850   0.00    0.00    0.00   0.00     106246
20220221  15405854   40.4968  -124.3308     17.850   0.00    0.00    0.00   0.00     106247
20220221  12544362   40.4968  -124.3308     17.850   0.00    0.00    0.00   0.00     106248
20220223  13232880   40.4968  -124.3308     17.850   0.00    0.00    0.00   0.00     106249
20220224   6461338   40.4968  -124.3308     17.850   0.00    0.00    0.00   0.00     106250
20220226   5044116   40.4968  -124.3308     17.850   0.00    0.00    0.00   0.00     106251
20220226  12401854   40.4968  -124.3308     17.850   0.00    0.00    0.00   0.00     106252
20220226  13224148   40.4968  -124.3308     17.850   0.00    0.00    0.00   0.00     106253
20220227  19374938   40.4968  -124.3308     17.850   0.00    0.00    0.00   0.00     106254
20220228   3422026   40.4968  -124.3308     17.850   0.00    0.00    0.00   0.00     106255
20220228  17155410   40.4968  -124.3308     17.850   0.00    0.00    0.00   0.00     106256
20220301   1043550   40.4968  -124.3308     17.850   0.00    0.00    0.00   0.00     106257
20220301   4333332   40.4968  -124.3308     17.850   0.00    0.00    0.00   0.00     106258
20220302   2194156   40.4968  -124.3308     17.850   0.00    0.00    0.00   0.00     106259
20220302   4515616   40.4968  -124.3308     17.850   0.00    0.00    0.00   0.00     106260
20220302  18543996   40.4968  -124.3308     17.850   0.00    0.00    0.00   0.00     106261
20220303    241974   40.4968  -124.3308     17.850   0.00    0.00    0.00   0.00     106262
20220303   9291878   40.4968  -124.3308     17.850   0.00    0.00    0.00   0.00     106263
20220304  23160644   40.4968  -124.3308     17.850   0.00    0.00    0.00   0.00     106264
20220308  17122084   40.4968  -124.3308     17.850   0.00    0.00    0.00   0.00     106265
20220309   2123618   40.4968  -124.3308     17.850   0.00    0.00    0.00   0.00     106266
20220313  22101158   40.4968  -124.3308     17.850   0.00    0.00    0.00   0.00     106267
20220314  17453814   40.4968  -124.3308     17.850   0.00    0.00    0.00   0.00     106268
20220315    534168   40.4968  -124.3308     17.850   0.00    0.00    0.00   0.00     106269
20220327   7110290   40.4968  -124.3308     17.850   0.00    0.00    0.00   0.00     106270
20220401   6313808   40.4968  -124.3308     17.850   0.00    0.00    0.00   0.00     106271
20220401   7374390   40.4968  -124.3308     17.850   0.00    0.00    0.00   0.00     106272
20220401   7085138   40.4968  -124.3308     17.850   0.00    0.00    0.00   0.00     106273
20220401  22260482   40.4968  -124.3308     17.850   0.00    0.00    0.00   0.00     106274
20220402   2165020   40.4968  -124.3308     17.850   0.00    0.00    0.00   0.00     106275
20220407  12463480   40.4968  -124.3308     17.850   0.00    0.00    0.00   0.00     106276
20220413  11024964   40.4968  -124.3308     17.850   0.00    0.00    0.00   0.00     106277
20220415  23521240   40.4968  -124.3308     17.850   0.00    0.00    0.00   0.00     106278
20220424   3152158   40.4968  -124.3308     17.850   0.00    0.00    0.00   0.00     106279
20220425  11180970   40.4968  -124.3308     17.850   0.00    0.00    0.00   0.00     106280
20220428  17355890   40.4968  -124.3308     17.850   0.00    0.00    0.00   0.00     106281
20220429   8132574   40.4968  -124.3308     17.850   0.00    0.00    0.00   0.00     106282
20220502   6550346   40.4968  -124.3308     17.850   0.00    0.00    0.00   0.00     106283
20220507  22390300   40.4968  -124.3308     17.850   0.00    0.00    0.00   0.00     106284
20220508    414438   40.4968  -124.3308     17.850   0.00    0.00    0.00   0.00     106285
20220510   8501620   40.4968  -124.3308     17.850   0.00    0.00    0.00   0.00     106286
20220510    414136   40.4968  -124.3308     17.850   0.00    0.00    0.00   0.00     106287
20220510  14444548   40.4968  -124.3308     17.850   0.00    0.00    0.00   0.00     106288
20220510  22494470   40.4968  -124.3308     17.850   0.00    0.00    0.00   0.00     106289
20220512   1304308   40.4968  -124.3308     17.850   0.00    0.00    0.00   0.00     106290
20220512   8061320   40.4968  -124.3308     17.850   0.00    0.00    0.00   0.00     106291
20220513   4014992   40.4968  -124.3308     17.850   0.00    0.00    0.00   0.00     106292
20220514  19033008   40.4968  -124.3308     17.850   0.00    0.00    0.00   0.00     106293
20220515   1121260   40.4968  -124.3308     17.850   0.00    0.00    0.00   0.00     106294
20220515  12384324   40.4968  -124.3308     17.850   0.00    0.00    0.00   0.00     106295
20220515   3085230   40.4968  -124.3308     17.850   0.00    0.00    0.00   0.00     106296
20220516  17151694   40.4968  -124.3308     17.850   0.00    0.00    0.00   0.00     106297
20220520  21084122   40.4968  -124.3308     17.850   0.00    0.00    0.00   0.00     106298
20220521   1243656   40.4968  -124.3308     17.850   0.00    0.00    0.00   0.00     106299
20220521  19484918   40.4968  -124.3308     17.850   0.00    0.00    0.00   0.00     106300
20220521  10200112   40.4968  -124.3308     17.850   0.00    0.00    0.00   0.00     106301
20220527  12323114   40.4968  -124.3308     17.850   0.00    0.00    0.00   0.00     106302
20220527   7453936   40.4968  -124.3308     17.850   0.00    0.00    0.00   0.00     106303
20220528   5200278   40.4968  -124.3308     17.850   0.00    0.00    0.00   0.00     106304
20220530  13201226   40.4968  -124.3308     17.850   0.00    0.00    0.00   0.00     106305
20220601   2392676   40.4968  -124.3308     17.850   0.00    0.00    0.00   0.00     106306
20220606   9291476   40.4968  -124.3308     17.850   0.00    0.00    0.00   0.00     106307
20220606   5142590   40.4968  -124.3308     17.850   0.00    0.00    0.00   0.00     106308
20220608  15232510   40.4968  -124.3308     17.850   0.00    0.00    0.00   0.00     106309
20220608  12590008   40.4968  -124.3308     17.850   0.00    0.00    0.00   0.00     106310
20220609   8483688   40.4968  -124.3308     17.850   0.00    0.00    0.00   0.00     106311
20220612  14271656   40.4968  -124.3308     17.850   0.00    0.00    0.00   0.00     106312
20220613   3062036   40.4968  -124.3308     17.850   0.00    0.00    0.00   0.00     106313
20220613  23253504   40.4968  -124.3308     17.850   0.00    0.00    0.00   0.00     106314
20220615   9411760   40.4968  -124.3308     17.850   0.00    0.00    0.00   0.00     106315
20220615  15451184   40.4968  -124.3308     17.850   0.00    0.00    0.00   0.00     106316
20220615   4344194   40.4968  -124.3308     17.850   0.00    0.00    0.00   0.00     106317
20220615  15211508   40.4968  -124.3308     17.850   0.00    0.00    0.00   0.00     106318
20220615  12394294   40.4968  -124.3308     17.850   0.00    0.00    0.00   0.00     106319
20220616  12414474   40.4968  -124.3308     17.850   0.00    0.00    0.00   0.00     106320
20220616  17472764   40.4968  -124.3308     17.850   0.00    0.00    0.00   0.00     106321
20220617   1343152   40.4968  -124.3308     17.850   0.00    0.00    0.00   0.00     106322
20220617   9395428   40.4968  -124.3308     17.850   0.00    0.00    0.00   0.00     106323
20220617  18192684   40.4968  -124.3308     17.850   0.00    0.00    0.00   0.00     106324
20220617   4022118   40.4968  -124.3308     17.850   0.00    0.00    0.00   0.00     106325
20220617  14494198   40.4968  -124.3308     17.850   0.00    0.00    0.00   0.00     106326
20220617   8110384   40.4968  -124.3308     17.850   0.00    0.00    0.00   0.00     106327
20220618   5080858   40.4968  -124.3308     17.850   0.00    0.00    0.00   0.00     106328
20220618   8253684   40.4968  -124.3308     17.850   0.00    0.00    0.00   0.00     106329
20220618  16360494   40.4968  -124.3308     17.850   0.00    0.00    0.00   0.00     106330
20220618  15410870   40.4968  -124.3308     17.850   0.00    0.00    0.00   0.00     106331
20220618  14302124   40.4968  -124.3308     17.850   0.00    0.00    0.00   0.00     106332
20220620   8443906   40.4968  -124.3308     17.850   0.00    0.00    0.00   0.00     106333
20220620   4115928   40.4968  -124.3308     17.850   0.00    0.00    0.00   0.00     106334
20220620   3260512   40.4968  -124.3308     17.850   0.00    0.00    0.00   0.00     106335
20220621   7464474   40.4968  -124.3308     17.850   0.00    0.00    0.00   0.00     106336
20220621   4311652   40.4968  -124.3308     17.850   0.00    0.00    0.00   0.00     106337
20220623  14314988   40.4968  -124.3308     17.850   0.00    0.00    0.00   0.00     106338
20220624   2040904   40.4968  -124.3308     17.850   0.00    0.00    0.00   0.00     106339
20220624  22564596   40.4968  -124.3308     17.850   0.00    0.00    0.00   0.00     106340
20220625  18564668   40.4968  -124.3308     17.850   0.00    0.00    0.00   0.00     106341
20220627  12334988   40.4968  -124.3308     17.850   0.00    0.00    0.00   0.00     106342
20220702  22220426   40.4968  -124.3308     17.850   0.00    0.00    0.00   0.00     106343
20220703  13100078   40.4968  -124.3308     17.850   0.00    0.00    0.00   0.00     106344
20220705  14552038   40.4968  -124.3308     17.850   0.00    0.00    0.00   0.00     106345
20220705  19315172   40.4968  -124.3308     17.850   0.00    0.00    0.00   0.00     106346
20220705  16050148   40.4968  -124.3308     17.850   0.00    0.00    0.00   0.00     106347
20220705  14292008   40.4968  -124.3308     17.850   0.00    0.00    0.00   0.00     106348
20220706   8020522   40.4968  -124.3308     17.850   0.00    0.00    0.00   0.00     106349
20220707   6542612   40.4968  -124.3308     17.850   0.00    0.00    0.00   0.00     106350
20220707   2444646   40.4968  -124.3308     17.850   0.00    0.00    0.00   0.00     106351
20220707   5564002   40.4968  -124.3308     17.850   0.00    0.00    0.00   0.00     106352
20220707   8070084   40.4968  -124.3308     17.850   0.00    0.00    0.00   0.00     106353
20220708   4451194   40.4968  -124.3308     17.850   0.00    0.00    0.00   0.00     106354
20220708  12054804   40.4968  -124.3308     17.850   0.00    0.00    0.00   0.00     106355
20220709     64282   40.4968  -124.3308     17.850   0.00    0.00    0.00   0.00     106356
20220713  21344510   40.4968  -124.3308     17.850   0.00    0.00    0.00   0.00     106357
20220714  23173786   40.4968  -124.3308     17.850   0.00    0.00    0.00   0.00     106358
20220715   9313912   40.4968  -124.3308     17.850   0.00    0.00    0.00   0.00     106359
20220716   4553070   40.4968  -124.3308     17.850   0.00    0.00    0.00   0.00     106360
20220719  17084818   40.4968  -124.3308     17.850   0.00    0.00    0.00   0.00     106361
20220726    282118   40.4968  -124.3308     17.850   0.00    0.00    0.00   0.00     106362
20220726  11234086   40.4968  -124.3308     17.850   0.00    0.00    0.00   0.00     106363
20220726  22152380   40.4968  -124.3308     17.850   0.00    0.00    0.00   0.00     106364
20220727  23250252   40.4968  -124.3308     17.850   0.00    0.00    0.00   0.00     106365
20220727  10384792   40.4968  -124.3308     17.850   0.00    0.00    0.00   0.00     106366
20220728   2051212   40.4968  -124.3308     17.850   0.00    0.00    0.00   0.00     106367
20220728   3063090   40.4968  -124.3308     17.850   0.00    0.00    0.00   0.00     106368
20220728  15132148   40.4968  -124.3308     17.850   0.00    0.00    0.00   0.00     106369
20220728   5321618   40.4968  -124.3308     17.850   0.00    0.00    0.00   0.00     106370
20220728   3114402   40.4968  -124.3308     17.850   0.00    0.00    0.00   0.00     106371
20220728  20573350   40.4968  -124.3308     17.850   0.00    0.00    0.00   0.00     106372
20220731  18582240   40.4968  -124.3308     17.850   0.00    0.00    0.00   0.00     106373
20220801  18075416   40.4968  -124.3308     17.850   0.00    0.00    0.00   0.00     106374
20220801  13090432   40.4968  -124.3308     17.850   0.00    0.00    0.00   0.00     106375
20220802   1262390   40.4968  -124.3308     17.850   0.00    0.00    0.00   0.00     106376
20220804    532340   40.4968  -124.3308     17.850   0.00    0.00    0.00   0.00     106377
20220804  15023254   40.4968  -124.3308     17.850   0.00    0.00    0.00   0.00     106378
20220805  17024098   40.4968  -124.3308     17.850   0.00    0.00    0.00   0.00     106379
20220805  10393018   40.4968  -124.3308     17.850   0.00    0.00    0.00   0.00     106380
20220810   5554206   40.4968  -124.3308     17.850   0.00    0.00    0.00   0.00     106381
20220811  11280386   40.4968  -124.3308     17.850   0.00    0.00    0.00   0.00     106382
20220812  15562680   40.4968  -124.3308     17.850   0.00    0.00    0.00   0.00     106383
20220814   9100282   40.4968  -124.3308     17.850   0.00    0.00    0.00   0.00     106384
20220814  22163264   40.4968  -124.3308     17.850   0.00    0.00    0.00   0.00     106385
20220814   9324482   40.4968  -124.3308     17.850   0.00    0.00    0.00   0.00     106386
20220814  23183016   40.4968  -124.3308     17.850   0.00    0.00    0.00   0.00     106387
20220816   9340284   40.4968  -124.3308     17.850   0.00    0.00    0.00   0.00     106388
20220816   6474694   40.4968  -124.3308     17.850   0.00    0.00    0.00   0.00     106389
20220818   5345714   40.4968  -124.3308     17.850   0.00    0.00    0.00   0.00     106390
20220818   8525076   40.4968  -124.3308     17.850   0.00    0.00    0.00   0.00     106391
20220819   7495300   40.4968  -124.3308     17.850   0.00    0.00    0.00   0.00     106392
20220823  13220440   40.4968  -124.3308     17.850   0.00    0.00    0.00   0.00     106393
20220823  13082640   40.4968  -124.3308     17.850   0.00    0.00    0.00   0.00     106394
20220823    560770   40.4968  -124.3308     17.850   0.00    0.00    0.00   0.00     106395
20220824  10001740   40.4968  -124.3308     17.850   0.00    0.00    0.00   0.00     106396
20220825    295280   40.4968  -124.3308     17.850   0.00    0.00    0.00   0.00     106397
20220826  23431664   40.4968  -124.3308     17.850   0.00    0.00    0.00   0.00     106398
20220827   5352334   40.4968  -124.3308     17.850   0.00    0.00    0.00   0.00     106399
20220828  16045998   40.4968  -124.3308     17.850   0.00    0.00    0.00   0.00     106400
20220831  11203162   40.4968  -124.3308     17.850   0.00    0.00    0.00   0.00     106401
20220901  19510580   40.4968  -124.3308     17.850   0.00    0.00    0.00   0.00     106402
20220902  16310680   40.4968  -124.3308     17.850   0.00    0.00    0.00   0.00     106403
20220904   1440050   40.4968  -124.3308     17.850   0.00    0.00    0.00   0.00     106404
20220908  15030054   40.4968  -124.3308     17.850   0.00    0.00    0.00   0.00     106405
20220911   7574252   40.4968  -124.3308     17.850   0.00    0.00    0.00   0.00     106406
20220917  10451892   40.4968  -124.3308     17.850   0.00    0.00    0.00   0.00     106407
20220918  17464238   40.4968  -124.3308     17.850   0.00    0.00    0.00   0.00     106408
20220924   9494558   40.4968  -124.3308     17.850   0.00    0.00    0.00   0.00     106409
20221001  14550002   40.4968  -124.3308     17.850   0.00    0.00    0.00   0.00     106410
20221009   8361624   40.4968  -124.3308     17.850   0.00    0.00    0.00   0.00     106411
20221009   6225580   40.4968  -124.3308     17.850   0.00    0.00    0.00   0.00     106412
20221009  18290632   40.4968  -124.3308     17.850   0.00    0.00    0.00   0.00     106413
20221010  19131038   40.4968  -124.3308     17.850   0.00    0.00    0.00   0.00     106414
20221018  18181248   40.4968  -124.3308     17.850   0.00    0.00    0.00   0.00     106415
20221019  13220230   40.4968  -124.3308     17.850   0.00    0.00    0.00   0.00     106416
20221026   9123872   40.4968  -124.3308     17.850   0.00    0.00    0.00   0.00     106417
20221028   2393082   40.4968  -124.3308     17.850   0.00    0.00    0.00   0.00     106418
20221104  19325746   40.4968  -124.3308     17.850   0.00    0.00    0.00   0.00     106419
20221105     20790   40.4968  -124.3308     17.850   0.00    0.00    0.00   0.00     106420
20221105    405350   40.4968  -124.3308     17.850   0.00    0.00    0.00   0.00     106421
20221106   8113096   40.4968  -124.3308     17.850   0.00    0.00    0.00   0.00     106422
20221107  16280274   40.4968  -124.3308     17.850   0.00    0.00    0.00   0.00     106423
20221107  14593730   40.4968  -124.3308     17.850   0.00    0.00    0.00   0.00     106424
20221107  21314918   40.4968  -124.3308     17.850   0.00    0.00    0.00   0.00     106425
20221107  18111530   40.4968  -124.3308     17.850   0.00    0.00    0.00   0.00     106426
20221108  20522326   40.4968  -124.3308     17.850   0.00    0.00    0.00   0.00     106427
20221112   6082512   40.4968  -124.3308     17.850   0.00    0.00    0.00   0.00     106428
20221119  21553032   40.4968  -124.3308     17.850   0.00    0.00    0.00   0.00     106429
20221119   2254322   40.4968  -124.3308     17.850   0.00    0.00    0.00   0.00     106430
20221121  11182866   40.4968  -124.3308     17.850   0.00    0.00    0.00   0.00     106431
20221127   5384622   40.4968  -124.3308     17.850   0.00    0.00    0.00   0.00     106432
20221129  21552294   40.4968  -124.3308     17.850   0.00    0.00    0.00   0.00     106433
20221129  15442428   40.4968  -124.3308     17.850   0.00    0.00    0.00   0.00     106434
20200217   5324694   40.5303  -124.4262     17.240   0.00    0.00    0.00   0.00     106435
20200217  18410878   40.5602  -124.0462     23.250   0.00    0.00    0.00   0.00     106436
20200425   1231812   40.5602  -124.0462     23.250   0.00    0.00    0.00   0.00     106437
20200426  19265050   40.5602  -124.0462     23.250   0.00    0.00    0.00   0.00     106438
20210510  20422360   40.5602  -124.0462     23.250   0.00    0.00    0.00   0.00     106439
20210904   5134614   40.5602  -124.0462     23.250   0.00    0.00    0.00   0.00     106440
20210921  14524022   40.5602  -124.0462     23.250   0.00    0.00    0.00   0.00     106441
20211104   1002918   40.5602  -124.0462     23.250   0.00    0.00    0.00   0.00     106442
20211127   8513262   40.5602  -124.0462     23.250   0.00    0.00    0.00   0.00     106443
20220122   5242406   40.5602  -124.0462     23.250   0.00    0.00    0.00   0.00     106444
20220130  10443630   40.5602  -124.0462     23.250   0.00    0.00    0.00   0.00     106445
20220506   1183810   40.5602  -124.0462     23.250   0.00    0.00    0.00   0.00     106446
20220729   3291876   40.5602  -124.0462     23.250   0.00    0.00    0.00   0.00     106447
20220729   3370068   40.5602  -124.0462     23.250   0.00    0.00    0.00   0.00     106448
20200217  13361606   40.7066  -124.3686     24.040   0.00    0.00    0.00   0.00     106449
20201110  13255918   40.7066  -124.3686     24.040   0.00    0.00    0.00   0.00     106450
20210206   1032614   40.7066  -124.3686     24.040   0.00    0.00    0.00   0.00     106451
20210224   1130112   40.7066  -124.3686     24.040   0.00    0.00    0.00   0.00     106452
20210609   4114180   40.7066  -124.3686     24.040   0.00    0.00    0.00   0.00     106453
20210615   1443618   40.7066  -124.3686     24.040   0.00    0.00    0.00   0.00     106454
20210920   7305222   40.7066  -124.3686     24.040   0.00    0.00    0.00   0.00     106455
20210922   9230922   40.7066  -124.3686     24.040   0.00    0.00    0.00   0.00     106456
20210926  15382670   40.7066  -124.3686     24.040   0.00    0.00    0.00   0.00     106457
20211228   4595240   40.7066  -124.3686     24.040   0.00    0.00    0.00   0.00     106458
20220805   4023376   40.7066  -124.3686     24.040   0.00    0.00    0.00   0.00     106459
20221031    124672   40.7066  -124.3686     24.040   0.00    0.00    0.00   0.00     106460
20200217  22293272   40.6863  -124.3518     29.140   0.00    0.00    0.00   0.00     106461
20200327   1393758   40.6863  -124.3518     29.140   0.00    0.00    0.00   0.00     106462
20200327  17264516   40.6863  -124.3518     29.140   0.00    0.00    0.00   0.00     106463
20200329   9363012   40.6863  -124.3518     29.140   0.00    0.00    0.00   0.00     106464
20200620  20281714   40.6863  -124.3518     29.140   0.00    0.00    0.00   0.00     106465
20200620  20280200   40.6863  -124.3518     29.140   0.00    0.00    0.00   0.00     106466
20201102  21101900   40.6863  -124.3518     29.140   0.00    0.00    0.00   0.00     106467
20201125   6183368   40.6863  -124.3518     29.140   0.00    0.00    0.00   0.00     106468
20201127  12210742   40.6863  -124.3518     29.140   0.00    0.00    0.00   0.00     106469
20210627  14232478   40.6863  -124.3518     29.140   0.00    0.00    0.00   0.00     106470
20220320   9040752   40.6863  -124.3518     29.140   0.00    0.00    0.00   0.00     106471
20200217   6570272   40.2852  -124.4062     18.780   0.00    0.00    0.00   0.00     106472
20200317   3205458   40.2852  -124.4062     18.780   0.00    0.00    0.00   0.00     106473
20200524  20253592   40.2852  -124.4062     18.780   0.00    0.00    0.00   0.00     106474
20200526   1180082   40.2852  -124.4062     18.780   0.00    0.00    0.00   0.00     106475
20200719  19361570   40.2852  -124.4062     18.780   0.00    0.00    0.00   0.00     106476
20210710  17032646   40.2852  -124.4062     18.780   0.00    0.00    0.00   0.00     106477
20211222   7533790   40.2852  -124.4062     18.780   0.00    0.00    0.00   0.00     106478
20211223   4495334   40.2852  -124.4062     18.780   0.00    0.00    0.00   0.00     106479
20211223  18002786   40.2852  -124.4062     18.780   0.00    0.00    0.00   0.00     106480
20211225  23440748   40.2852  -124.4062     18.780   0.00    0.00    0.00   0.00     106481
20220117   7335982   40.2852  -124.4062     18.780   0.00    0.00    0.00   0.00     106482
20220813  16461258   40.2852  -124.4062     18.780   0.00    0.00    0.00   0.00     106483
20220814  17472828   40.2852  -124.4062     18.780   0.00    0.00    0.00   0.00     106484
20220922  22115616   40.2852  -124.4062     18.780   0.00    0.00    0.00   0.00     106485
20221011   2562470   40.2852  -124.4062     18.780   0.00    0.00    0.00   0.00     106486
20200218  11492938   40.5676  -124.0169     22.370   0.00    0.00    0.00   0.00     106487
20220507  14392250   40.5676  -124.0169     22.370   0.00    0.00    0.00   0.00     106488
20200218  22544676   40.4395  -123.9802     23.850   0.00    0.00    0.00   0.00     106489
20210626  10120632   40.4395  -123.9802     23.850   0.00    0.00    0.00   0.00     106490
20210710  12284580   40.4395  -123.9802     23.850   0.00    0.00    0.00   0.00     106491
20200219   4291710   40.5883  -124.1183     21.240   0.00    0.00    0.00   0.00     106492
20200422  19362252   40.5883  -124.1183     21.240   0.00    0.00    0.00   0.00     106493
20200507   2080944   40.5883  -124.1183     21.240   0.00    0.00    0.00   0.00     106494
20210810  16090916   40.5883  -124.1183     21.240   0.00    0.00    0.00   0.00     106495
20210827   1440516   40.5883  -124.1183     21.240   0.00    0.00    0.00   0.00     106496
20211130    515676   40.5883  -124.1183     21.240   0.00    0.00    0.00   0.00     106497
20211205  19273498   40.5883  -124.1183     21.240   0.00    0.00    0.00   0.00     106498
20220108  11151192   40.5883  -124.1183     21.240   0.00    0.00    0.00   0.00     106499
20220124  18263166   40.5883  -124.1183     21.240   0.00    0.00    0.00   0.00     106500
20220124  18512230   40.5883  -124.1183     21.240   0.00    0.00    0.00   0.00     106501
20220124  17334066   40.5883  -124.1183     21.240   0.00    0.00    0.00   0.00     106502
20220129   6511230   40.5883  -124.1183     21.240   0.00    0.00    0.00   0.00     106503
20220129  21103928   40.5883  -124.1183     21.240   0.00    0.00    0.00   0.00     106504
20220130  12020148   40.5883  -124.1183     21.240   0.00    0.00    0.00   0.00     106505
20220704  18373774   40.5883  -124.1183     21.240   0.00    0.00    0.00   0.00     106506
20200219   1025394   40.4999  -124.3301     19.900   0.00    0.00    0.00   0.00     106507
20200901   2090272   40.4999  -124.3301     19.900   0.00    0.00    0.00   0.00     106508
20200914  18280494   40.4999  -124.3301     19.900   0.00    0.00    0.00   0.00     106509
20201008   5442936   40.4999  -124.3301     19.900   0.00    0.00    0.00   0.00     106510
20201219  12103086   40.4999  -124.3301     19.900   0.00    0.00    0.00   0.00     106511
20201225   1015590   40.4999  -124.3301     19.900   0.00    0.00    0.00   0.00     106512
20210204    321070   40.4999  -124.3301     19.900   0.00    0.00    0.00   0.00     106513
20210207  20175312   40.4999  -124.3301     19.900   0.00    0.00    0.00   0.00     106514
20210226   8374500   40.4999  -124.3301     19.900   0.00    0.00    0.00   0.00     106515
20210402  22220946   40.4999  -124.3301     19.900   0.00    0.00    0.00   0.00     106516
20210503  15572890   40.4999  -124.3301     19.900   0.00    0.00    0.00   0.00     106517
20210526   5551328   40.4999  -124.3301     19.900   0.00    0.00    0.00   0.00     106518
20210719   3044014   40.4999  -124.3301     19.900   0.00    0.00    0.00   0.00     106519
20211116   9193418   40.4999  -124.3301     19.900   0.00    0.00    0.00   0.00     106520
20211220  21085386   40.4999  -124.3301     19.900   0.00    0.00    0.00   0.00     106521
20211220  21245892   40.4999  -124.3301     19.900   0.00    0.00    0.00   0.00     106522
20211220  20133428   40.4999  -124.3301     19.900   0.00    0.00    0.00   0.00     106523
20211220  23361080   40.4999  -124.3301     19.900   0.00    0.00    0.00   0.00     106524
20211221  11322112   40.4999  -124.3301     19.900   0.00    0.00    0.00   0.00     106525
20211221  13135454   40.4999  -124.3301     19.900   0.00    0.00    0.00   0.00     106526
20211221  16554372   40.4999  -124.3301     19.900   0.00    0.00    0.00   0.00     106527
20211222   7542546   40.4999  -124.3301     19.900   0.00    0.00    0.00   0.00     106528
20211222  13481996   40.4999  -124.3301     19.900   0.00    0.00    0.00   0.00     106529
20211222   2483988   40.4999  -124.3301     19.900   0.00    0.00    0.00   0.00     106530
20211223   7301588   40.4999  -124.3301     19.900   0.00    0.00    0.00   0.00     106531
20211231  10422726   40.4999  -124.3301     19.900   0.00    0.00    0.00   0.00     106532
20211231   3375620   40.4999  -124.3301     19.900   0.00    0.00    0.00   0.00     106533
20211231  21342814   40.4999  -124.3301     19.900   0.00    0.00    0.00   0.00     106534
20220103    475730   40.4999  -124.3301     19.900   0.00    0.00    0.00   0.00     106535
20220109  11453938   40.4999  -124.3301     19.900   0.00    0.00    0.00   0.00     106536
20220116  13460586   40.4999  -124.3301     19.900   0.00    0.00    0.00   0.00     106537
20220118   9194168   40.4999  -124.3301     19.900   0.00    0.00    0.00   0.00     106538
20220121  14110210   40.4999  -124.3301     19.900   0.00    0.00    0.00   0.00     106539
20220131   7101380   40.4999  -124.3301     19.900   0.00    0.00    0.00   0.00     106540
20220204   4181616   40.4999  -124.3301     19.900   0.00    0.00    0.00   0.00     106541
20220210    571592   40.4999  -124.3301     19.900   0.00    0.00    0.00   0.00     106542
20220210  18130832   40.4999  -124.3301     19.900   0.00    0.00    0.00   0.00     106543
20220213   8154456   40.4999  -124.3301     19.900   0.00    0.00    0.00   0.00     106544
20220216  13134446   40.4999  -124.3301     19.900   0.00    0.00    0.00   0.00     106545
20220218  16183980   40.4999  -124.3301     19.900   0.00    0.00    0.00   0.00     106546
20220221  12185054   40.4999  -124.3301     19.900   0.00    0.00    0.00   0.00     106547
20220222  20591316   40.4999  -124.3301     19.900   0.00    0.00    0.00   0.00     106548
20220226   1581920   40.4999  -124.3301     19.900   0.00    0.00    0.00   0.00     106549
20220301   3511066   40.4999  -124.3301     19.900   0.00    0.00    0.00   0.00     106550
20220309  23434486   40.4999  -124.3301     19.900   0.00    0.00    0.00   0.00     106551
20220310  21161042   40.4999  -124.3301     19.900   0.00    0.00    0.00   0.00     106552
20220324   5131612   40.4999  -124.3301     19.900   0.00    0.00    0.00   0.00     106553
20220324   4562614   40.4999  -124.3301     19.900   0.00    0.00    0.00   0.00     106554
20220402   7255472   40.4999  -124.3301     19.900   0.00    0.00    0.00   0.00     106555
20220405   7044340   40.4999  -124.3301     19.900   0.00    0.00    0.00   0.00     106556
20220406   3513926   40.4999  -124.3301     19.900   0.00    0.00    0.00   0.00     106557
20220408  10063120   40.4999  -124.3301     19.900   0.00    0.00    0.00   0.00     106558
20220416  21434384   40.4999  -124.3301     19.900   0.00    0.00    0.00   0.00     106559
20220418   8004070   40.4999  -124.3301     19.900   0.00    0.00    0.00   0.00     106560
20220421   7335446   40.4999  -124.3301     19.900   0.00    0.00    0.00   0.00     106561
20220421  10382988   40.4999  -124.3301     19.900   0.00    0.00    0.00   0.00     106562
20220430   6084394   40.4999  -124.3301     19.900   0.00    0.00    0.00   0.00     106563
20220503  19292900   40.4999  -124.3301     19.900   0.00    0.00    0.00   0.00     106564
20220503  21270816   40.4999  -124.3301     19.900   0.00    0.00    0.00   0.00     106565
20220505  21180376   40.4999  -124.3301     19.900   0.00    0.00    0.00   0.00     106566
20220505  17134420   40.4999  -124.3301     19.900   0.00    0.00    0.00   0.00     106567
20220506  20210180   40.4999  -124.3301     19.900   0.00    0.00    0.00   0.00     106568
20220507  12383964   40.4999  -124.3301     19.900   0.00    0.00    0.00   0.00     106569
20220508   7491974   40.4999  -124.3301     19.900   0.00    0.00    0.00   0.00     106570
20220508  10340358   40.4999  -124.3301     19.900   0.00    0.00    0.00   0.00     106571
20220516   5332974   40.4999  -124.3301     19.900   0.00    0.00    0.00   0.00     106572
20220520  19542298   40.4999  -124.3301     19.900   0.00    0.00    0.00   0.00     106573
20220520  15503912   40.4999  -124.3301     19.900   0.00    0.00    0.00   0.00     106574
20220520  22175746   40.4999  -124.3301     19.900   0.00    0.00    0.00   0.00     106575
20220520  18392794   40.4999  -124.3301     19.900   0.00    0.00    0.00   0.00     106576
20220520  17055516   40.4999  -124.3301     19.900   0.00    0.00    0.00   0.00     106577
20220520  19111410   40.4999  -124.3301     19.900   0.00    0.00    0.00   0.00     106578
20220523  22225962   40.4999  -124.3301     19.900   0.00    0.00    0.00   0.00     106579
20220523  11081604   40.4999  -124.3301     19.900   0.00    0.00    0.00   0.00     106580
20220524  11320460   40.4999  -124.3301     19.900   0.00    0.00    0.00   0.00     106581
20220528   1283288   40.4999  -124.3301     19.900   0.00    0.00    0.00   0.00     106582
20220529   3585400   40.4999  -124.3301     19.900   0.00    0.00    0.00   0.00     106583
20220606   1430926   40.4999  -124.3301     19.900   0.00    0.00    0.00   0.00     106584
20220608  21522142   40.4999  -124.3301     19.900   0.00    0.00    0.00   0.00     106585
20220608   8310168   40.4999  -124.3301     19.900   0.00    0.00    0.00   0.00     106586
20220610   2060488   40.4999  -124.3301     19.900   0.00    0.00    0.00   0.00     106587
20220614  18413472   40.4999  -124.3301     19.900   0.00    0.00    0.00   0.00     106588
20220622  19582810   40.4999  -124.3301     19.900   0.00    0.00    0.00   0.00     106589
20220623   1065858   40.4999  -124.3301     19.900   0.00    0.00    0.00   0.00     106590
20220706  22512936   40.4999  -124.3301     19.900   0.00    0.00    0.00   0.00     106591
20220724   2330836   40.4999  -124.3301     19.900   0.00    0.00    0.00   0.00     106592
20220727  21081764   40.4999  -124.3301     19.900   0.00    0.00    0.00   0.00     106593
20220822  16155290   40.4999  -124.3301     19.900   0.00    0.00    0.00   0.00     106594
20220824  10590854   40.4999  -124.3301     19.900   0.00    0.00    0.00   0.00     106595
20220824  20411942   40.4999  -124.3301     19.900   0.00    0.00    0.00   0.00     106596
20220825  19593302   40.4999  -124.3301     19.900   0.00    0.00    0.00   0.00     106597
20220828   9443520   40.4999  -124.3301     19.900   0.00    0.00    0.00   0.00     106598
20220904   8515848   40.4999  -124.3301     19.900   0.00    0.00    0.00   0.00     106599
20220905  17233862   40.4999  -124.3301     19.900   0.00    0.00    0.00   0.00     106600
20220907   3581982   40.4999  -124.3301     19.900   0.00    0.00    0.00   0.00     106601
20220908  20284884   40.4999  -124.3301     19.900   0.00    0.00    0.00   0.00     106602
20220916  11235692   40.4999  -124.3301     19.900   0.00    0.00    0.00   0.00     106603
20220921  12554546   40.4999  -124.3301     19.900   0.00    0.00    0.00   0.00     106604
20220921  20355310   40.4999  -124.3301     19.900   0.00    0.00    0.00   0.00     106605
20220930   2485928   40.4999  -124.3301     19.900   0.00    0.00    0.00   0.00     106606
20221002  22203420   40.4999  -124.3301     19.900   0.00    0.00    0.00   0.00     106607
20221009   3353210   40.4999  -124.3301     19.900   0.00    0.00    0.00   0.00     106608
20200220  17264904   40.6048  -123.8498     28.150   0.00    0.00    0.00   0.00     106609
20200717  16580872   40.6048  -123.8498     28.150   0.00    0.00    0.00   0.00     106610
20200913  12211472   40.6048  -123.8498     28.150   0.00    0.00    0.00   0.00     106611
20211124   2115530   40.6048  -123.8498     28.150   0.00    0.00    0.00   0.00     106612
20220521   1585818   40.6048  -123.8498     28.150   0.00    0.00    0.00   0.00     106613
20200221  12015308   40.5110  -124.4161     21.430   0.00    0.00    0.00   0.00     106614
20210401  23435684   40.5110  -124.4161     21.430   0.00    0.00    0.00   0.00     106615
20210517  18385056   40.5110  -124.4161     21.430   0.00    0.00    0.00   0.00     106616
20210527     21308   40.5110  -124.4161     21.430   0.00    0.00    0.00   0.00     106617
20210724  22341962   40.5110  -124.4161     21.430   0.00    0.00    0.00   0.00     106618
20210726   4231538   40.5110  -124.4161     21.430   0.00    0.00    0.00   0.00     106619
20210823  13344234   40.5110  -124.4161     21.430   0.00    0.00    0.00   0.00     106620
20210825  20035120   40.5110  -124.4161     21.430   0.00    0.00    0.00   0.00     106621
20210829  19034804   40.5110  -124.4161     21.430   0.00    0.00    0.00   0.00     106622
20211008  18510554   40.5110  -124.4161     21.430   0.00    0.00    0.00   0.00     106623
20211109  14002350   40.5110  -124.4161     21.430   0.00    0.00    0.00   0.00     106624
20220529  11020038   40.5110  -124.4161     21.430   0.00    0.00    0.00   0.00     106625
20220614   7041408   40.5110  -124.4161     21.430   0.00    0.00    0.00   0.00     106626
20221117  14103682   40.5110  -124.4161     21.430   0.00    0.00    0.00   0.00     106627
20200221  18184788   40.6076  -124.0633     23.080   0.00    0.00    0.00   0.00     106628
20201221  19354734   40.6076  -124.0633     23.080   0.00    0.00    0.00   0.00     106629
20211208   3142946   40.6076  -124.0633     23.080   0.00    0.00    0.00   0.00     106630
20200221  20012070   40.2743  -124.5472      3.850   0.00    0.00    0.00   0.00     106631
20200222   5521818   40.2743  -124.5472      3.850   0.00    0.00    0.00   0.00     106632
20200301  20252424   40.2743  -124.5472      3.850   0.00    0.00    0.00   0.00     106633
20200503  13381840   40.2743  -124.5472      3.850   0.00    0.00    0.00   0.00     106634
20200504  19061054   40.2743  -124.5472      3.850   0.00    0.00    0.00   0.00     106635
20200504   9424438   40.2743  -124.5472      3.850   0.00    0.00    0.00   0.00     106636
20200504   8132222   40.2743  -124.5472      3.850   0.00    0.00    0.00   0.00     106637
20200504  15330252   40.2743  -124.5472      3.850   0.00    0.00    0.00   0.00     106638
20200504  11255280   40.2743  -124.5472      3.850   0.00    0.00    0.00   0.00     106639
20200504   8385894   40.2743  -124.5472      3.850   0.00    0.00    0.00   0.00     106640
20200504   9480120   40.2743  -124.5472      3.850   0.00    0.00    0.00   0.00     106641
20200504   8241212   40.2743  -124.5472      3.850   0.00    0.00    0.00   0.00     106642
20200504   8470172   40.2743  -124.5472      3.850   0.00    0.00    0.00   0.00     106643
20200505   2521888   40.2743  -124.5472      3.850   0.00    0.00    0.00   0.00     106644
20200505  12185632   40.2743  -124.5472      3.850   0.00    0.00    0.00   0.00     106645
20200505   9551072   40.2743  -124.5472      3.850   0.00    0.00    0.00   0.00     106646
20200505   1481970   40.2743  -124.5472      3.850   0.00    0.00    0.00   0.00     106647
20200505   9534740   40.2743  -124.5472      3.850   0.00    0.00    0.00   0.00     106648
20200505    185096   40.2743  -124.5472      3.850   0.00    0.00    0.00   0.00     106649
20201116  10502922   40.2743  -124.5472      3.850   0.00    0.00    0.00   0.00     106650
20210105  21560234   40.2743  -124.5472      3.850   0.00    0.00    0.00   0.00     106651
20210331  22314882   40.2743  -124.5472      3.850   0.00    0.00    0.00   0.00     106652
20210710   7243858   40.2743  -124.5472      3.850   0.00    0.00    0.00   0.00     106653
20210710  11514590   40.2743  -124.5472      3.850   0.00    0.00    0.00   0.00     106654
20210710  19035034   40.2743  -124.5472      3.850   0.00    0.00    0.00   0.00     106655
20210711  22335194   40.2743  -124.5472      3.850   0.00    0.00    0.00   0.00     106656
20210715  19084730   40.2743  -124.5472      3.850   0.00    0.00    0.00   0.00     106657
20210715  13004834   40.2743  -124.5472      3.850   0.00    0.00    0.00   0.00     106658
20210825  19103908   40.2743  -124.5472      3.850   0.00    0.00    0.00   0.00     106659
20211105   3582860   40.2743  -124.5472      3.850   0.00    0.00    0.00   0.00     106660
20211105   3593964   40.2743  -124.5472      3.850   0.00    0.00    0.00   0.00     106661
20211105   5280910   40.2743  -124.5472      3.850   0.00    0.00    0.00   0.00     106662
20211107   2532206   40.2743  -124.5472      3.850   0.00    0.00    0.00   0.00     106663
20220113   2403950   40.2743  -124.5472      3.850   0.00    0.00    0.00   0.00     106664
20220115  23230038   40.2743  -124.5472      3.850   0.00    0.00    0.00   0.00     106665
20220503   9121978   40.2743  -124.5472      3.850   0.00    0.00    0.00   0.00     106666
20220503  11223240   40.2743  -124.5472      3.850   0.00    0.00    0.00   0.00     106667
20220504  16260406   40.2743  -124.5472      3.850   0.00    0.00    0.00   0.00     106668
20220504  12404558   40.2743  -124.5472      3.850   0.00    0.00    0.00   0.00     106669
20220504   9240526   40.2743  -124.5472      3.850   0.00    0.00    0.00   0.00     106670
20220504   1151820   40.2743  -124.5472      3.850   0.00    0.00    0.00   0.00     106671
20220505  14314980   40.2743  -124.5472      3.850   0.00    0.00    0.00   0.00     106672
20220510  12084840   40.2743  -124.5472      3.850   0.00    0.00    0.00   0.00     106673
20220711   7172920   40.2743  -124.5472      3.850   0.00    0.00    0.00   0.00     106674
20220817   6483956   40.2743  -124.5472      3.850   0.00    0.00    0.00   0.00     106675
20220925  15422694   40.2743  -124.5472      3.850   0.00    0.00    0.00   0.00     106676
20200222   2032718   40.5810  -124.0933     19.520   0.00    0.00    0.00   0.00     106677
20210219  10175300   40.5810  -124.0933     19.520   0.00    0.00    0.00   0.00     106678
20220122  18500284   40.5810  -124.0933     19.520   0.00    0.00    0.00   0.00     106679
20200222  19065232   40.2801  -124.5518     17.900   0.00    0.00    0.00   0.00     106680
20200324   2180072   40.2801  -124.5518     17.900   0.00    0.00    0.00   0.00     106681
20200429  20361562   40.2801  -124.5518     17.900   0.00    0.00    0.00   0.00     106682
20200528   3010858   40.2801  -124.5518     17.900   0.00    0.00    0.00   0.00     106683
20200711   9460056   40.2801  -124.5518     17.900   0.00    0.00    0.00   0.00     106684
20200724  16554290   40.2801  -124.5518     17.900   0.00    0.00    0.00   0.00     106685
20200812   9344158   40.2801  -124.5518     17.900   0.00    0.00    0.00   0.00     106686
20201002   4244710   40.2801  -124.5518     17.900   0.00    0.00    0.00   0.00     106687
20201120   6304380   40.2801  -124.5518     17.900   0.00    0.00    0.00   0.00     106688
20210110  20305836   40.2801  -124.5518     17.900   0.00    0.00    0.00   0.00     106689
20210120   1330722   40.2801  -124.5518     17.900   0.00    0.00    0.00   0.00     106690
20210214   6392376   40.2801  -124.5518     17.900   0.00    0.00    0.00   0.00     106691
20210321  12361652   40.2801  -124.5518     17.900   0.00    0.00    0.00   0.00     106692
20210402   9163500   40.2801  -124.5518     17.900   0.00    0.00    0.00   0.00     106693
20210422  17044094   40.2801  -124.5518     17.900   0.00    0.00    0.00   0.00     106694
20210716   7090534   40.2801  -124.5518     17.900   0.00    0.00    0.00   0.00     106695
20210718   4331520   40.2801  -124.5518     17.900   0.00    0.00    0.00   0.00     106696
20210727  10192764   40.2801  -124.5518     17.900   0.00    0.00    0.00   0.00     106697
20210727   3425780   40.2801  -124.5518     17.900   0.00    0.00    0.00   0.00     106698
20210816   3505122   40.2801  -124.5518     17.900   0.00    0.00    0.00   0.00     106699
20210824  13363166   40.2801  -124.5518     17.900   0.00    0.00    0.00   0.00     106700
20210926   2061878   40.2801  -124.5518     17.900   0.00    0.00    0.00   0.00     106701
20211021  19020052   40.2801  -124.5518     17.900   0.00    0.00    0.00   0.00     106702
20211111   1114896   40.2801  -124.5518     17.900   0.00    0.00    0.00   0.00     106703
20211121   5323120   40.2801  -124.5518     17.900   0.00    0.00    0.00   0.00     106704
20211218    351704   40.2801  -124.5518     17.900   0.00    0.00    0.00   0.00     106705
20211221    211900   40.2801  -124.5518     17.900   0.00    0.00    0.00   0.00     106706
20211222   8184834   40.2801  -124.5518     17.900   0.00    0.00    0.00   0.00     106707
20211225   5480516   40.2801  -124.5518     17.900   0.00    0.00    0.00   0.00     106708
20211229  12370456   40.2801  -124.5518     17.900   0.00    0.00    0.00   0.00     106709
20220106  21125850   40.2801  -124.5518     17.900   0.00    0.00    0.00   0.00     106710
20220123  11450104   40.2801  -124.5518     17.900   0.00    0.00    0.00   0.00     106711
20220222   2374856   40.2801  -124.5518     17.900   0.00    0.00    0.00   0.00     106712
20220307  10523926   40.2801  -124.5518     17.900   0.00    0.00    0.00   0.00     106713
20220406  12302024   40.2801  -124.5518     17.900   0.00    0.00    0.00   0.00     106714
20220528     93402   40.2801  -124.5518     17.900   0.00    0.00    0.00   0.00     106715
20220603   4322564   40.2801  -124.5518     17.900   0.00    0.00    0.00   0.00     106716
20220603  20455656   40.2801  -124.5518     17.900   0.00    0.00    0.00   0.00     106717
20220615  20501434   40.2801  -124.5518     17.900   0.00    0.00    0.00   0.00     106718
20220806    504200   40.2801  -124.5518     17.900   0.00    0.00    0.00   0.00     106719
20220811   6164306   40.2801  -124.5518     17.900   0.00    0.00    0.00   0.00     106720
20220821  10393656   40.2801  -124.5518     17.900   0.00    0.00    0.00   0.00     106721
20220918  22303986   40.2801  -124.5518     17.900   0.00    0.00    0.00   0.00     106722
20221025   5385926   40.2801  -124.5518     17.900   0.00    0.00    0.00   0.00     106723
20221123  23401984   40.2801  -124.5518     17.900   0.00    0.00    0.00   0.00     106724
20221126  17534838   40.2801  -124.5518     17.900   0.00    0.00    0.00   0.00     106725
20221127  15290416   40.2801  -124.5518     17.900   0.00    0.00    0.00   0.00     106726
20200223    104986   40.4578  -124.2710     25.350   0.00    0.00    0.00   0.00     106727
20200318  22395696   40.4578  -124.2710     25.350   0.00    0.00    0.00   0.00     106728
20200322  20141374   40.4578  -124.2710     25.350   0.00    0.00    0.00   0.00     106729
20200402  20051248   40.4578  -124.2710     25.350   0.00    0.00    0.00   0.00     106730
20200428  22464128   40.4578  -124.2710     25.350   0.00    0.00    0.00   0.00     106731
20200617  22181134   40.4578  -124.2710     25.350   0.00    0.00    0.00   0.00     106732
20200618   9090544   40.4578  -124.2710     25.350   0.00    0.00    0.00   0.00     106733
20200730  17390286   40.4578  -124.2710     25.350   0.00    0.00    0.00   0.00     106734
20200802  23032424   40.4578  -124.2710     25.350   0.00    0.00    0.00   0.00     106735
20200913  12452584   40.4578  -124.2710     25.350   0.00    0.00    0.00   0.00     106736
20201012   2001722   40.4578  -124.2710     25.350   0.00    0.00    0.00   0.00     106737
20201219   1114976   40.4578  -124.2710     25.350   0.00    0.00    0.00   0.00     106738
20210317   1492252   40.4578  -124.2710     25.350   0.00    0.00    0.00   0.00     106739
20210416   1301032   40.4578  -124.2710     25.350   0.00    0.00    0.00   0.00     106740
20210527  19035540   40.4578  -124.2710     25.350   0.00    0.00    0.00   0.00     106741
20210609  13494910   40.4578  -124.2710     25.350   0.00    0.00    0.00   0.00     106742
20210610  16574966   40.4578  -124.2710     25.350   0.00    0.00    0.00   0.00     106743
20210710    464198   40.4578  -124.2710     25.350   0.00    0.00    0.00   0.00     106744
20210718  16424144   40.4578  -124.2710     25.350   0.00    0.00    0.00   0.00     106745
20211103   3054926   40.4578  -124.2710     25.350   0.00    0.00    0.00   0.00     106746
20211220  20105882   40.4578  -124.2710     25.350   0.00    0.00    0.00   0.00     106747
20211220  20594094   40.4578  -124.2710     25.350   0.00    0.00    0.00   0.00     106748
20211220  20385220   40.4578  -124.2710     25.350   0.00    0.00    0.00   0.00     106749
20211220  21472970   40.4578  -124.2710     25.350   0.00    0.00    0.00   0.00     106750
20211220  21474790   40.4578  -124.2710     25.350   0.00    0.00    0.00   0.00     106751
20211220  20435496   40.4578  -124.2710     25.350   0.00    0.00    0.00   0.00     106752
20211220  20162934   40.4578  -124.2710     25.350   0.00    0.00    0.00   0.00     106753
20211221   2260282   40.4578  -124.2710     25.350   0.00    0.00    0.00   0.00     106754
20211221   3304660   40.4578  -124.2710     25.350   0.00    0.00    0.00   0.00     106755
20211221  19051804   40.4578  -124.2710     25.350   0.00    0.00    0.00   0.00     106756
20211221   1432032   40.4578  -124.2710     25.350   0.00    0.00    0.00   0.00     106757
20211221  21415748   40.4578  -124.2710     25.350   0.00    0.00    0.00   0.00     106758
20211221   7462888   40.4578  -124.2710     25.350   0.00    0.00    0.00   0.00     106759
20211221  23394846   40.4578  -124.2710     25.350   0.00    0.00    0.00   0.00     106760
20211221   6122256   40.4578  -124.2710     25.350   0.00    0.00    0.00   0.00     106761
20211221  13124798   40.4578  -124.2710     25.350   0.00    0.00    0.00   0.00     106762
20211221   5202936   40.4578  -124.2710     25.350   0.00    0.00    0.00   0.00     106763
20211221  12565664   40.4578  -124.2710     25.350   0.00    0.00    0.00   0.00     106764
20211221   4451938   40.4578  -124.2710     25.350   0.00    0.00    0.00   0.00     106765
20211221     45202   40.4578  -124.2710     25.350   0.00    0.00    0.00   0.00     106766
20211221   2565298   40.4578  -124.2710     25.350   0.00    0.00    0.00   0.00     106767
20211221   1420036   40.4578  -124.2710     25.350   0.00    0.00    0.00   0.00     106768
20211221   2523718   40.4578  -124.2710     25.350   0.00    0.00    0.00   0.00     106769
20211221  20061226   40.4578  -124.2710     25.350   0.00    0.00    0.00   0.00     106770
20211221   9133074   40.4578  -124.2710     25.350   0.00    0.00    0.00   0.00     106771
20211221   7062726   40.4578  -124.2710     25.350   0.00    0.00    0.00   0.00     106772
20211221   7295676   40.4578  -124.2710     25.350   0.00    0.00    0.00   0.00     106773
20211221   8014118   40.4578  -124.2710     25.350   0.00    0.00    0.00   0.00     106774
20211222  11572632   40.4578  -124.2710     25.350   0.00    0.00    0.00   0.00     106775
20211222  20175896   40.4578  -124.2710     25.350   0.00    0.00    0.00   0.00     106776
20211223   8442260   40.4578  -124.2710     25.350   0.00    0.00    0.00   0.00     106777
20211223   3203996   40.4578  -124.2710     25.350   0.00    0.00    0.00   0.00     106778
20211225   1113814   40.4578  -124.2710     25.350   0.00    0.00    0.00   0.00     106779
20211226  10012190   40.4578  -124.2710     25.350   0.00    0.00    0.00   0.00     106780
20211226  23205932   40.4578  -124.2710     25.350   0.00    0.00    0.00   0.00     106781
20211227   1404500   40.4578  -124.2710     25.350   0.00    0.00    0.00   0.00     106782
20211227   1091658   40.4578  -124.2710     25.350   0.00    0.00    0.00   0.00     106783
20211228  12572016   40.4578  -124.2710     25.350   0.00    0.00    0.00   0.00     106784
20211229  16205684   40.4578  -124.2710     25.350   0.00    0.00    0.00   0.00     106785
20211229  23085726   40.4578  -124.2710     25.350   0.00    0.00    0.00   0.00     106786
20220102  22000938   40.4578  -124.2710     25.350   0.00    0.00    0.00   0.00     106787
20220102   7260248   40.4578  -124.2710     25.350   0.00    0.00    0.00   0.00     106788
20220102   4533118   40.4578  -124.2710     25.350   0.00    0.00    0.00   0.00     106789
20220102   8170588   40.4578  -124.2710     25.350   0.00    0.00    0.00   0.00     106790
20220106    474282   40.4578  -124.2710     25.350   0.00    0.00    0.00   0.00     106791
20220108   1075306   40.4578  -124.2710     25.350   0.00    0.00    0.00   0.00     106792
20220113  13372388   40.4578  -124.2710     25.350   0.00    0.00    0.00   0.00     106793
20220114  16211794   40.4578  -124.2710     25.350   0.00    0.00    0.00   0.00     106794
20220115  16200848   40.4578  -124.2710     25.350   0.00    0.00    0.00   0.00     106795
20220118   1052286   40.4578  -124.2710     25.350   0.00    0.00    0.00   0.00     106796
20220128   7122250   40.4578  -124.2710     25.350   0.00    0.00    0.00   0.00     106797
20220129  10594856   40.4578  -124.2710     25.350   0.00    0.00    0.00   0.00     106798
20220130  22250850   40.4578  -124.2710     25.350   0.00    0.00    0.00   0.00     106799
20220213  13003396   40.4578  -124.2710     25.350   0.00    0.00    0.00   0.00     106800
20220225   4033400   40.4578  -124.2710     25.350   0.00    0.00    0.00   0.00     106801
20220310  18085000   40.4578  -124.2710     25.350   0.00    0.00    0.00   0.00     106802
20220412    542050   40.4578  -124.2710     25.350   0.00    0.00    0.00   0.00     106803
20220415   9434208   40.4578  -124.2710     25.350   0.00    0.00    0.00   0.00     106804
20220518   1053364   40.4578  -124.2710     25.350   0.00    0.00    0.00   0.00     106805
20220623  15372694   40.4578  -124.2710     25.350   0.00    0.00    0.00   0.00     106806
20220827    175568   40.4578  -124.2710     25.350   0.00    0.00    0.00   0.00     106807
20220912  11165140   40.4578  -124.2710     25.350   0.00    0.00    0.00   0.00     106808
20221103  19205748   40.4578  -124.2710     25.350   0.00    0.00    0.00   0.00     106809
20221117  18300378   40.4578  -124.2710     25.350   0.00    0.00    0.00   0.00     106810
20200224  20021130   40.2939  -124.3311      9.460   0.00    0.00    0.00   0.00     106811
20200316  14404266   40.2939  -124.3311      9.460   0.00    0.00    0.00   0.00     106812
20200317   5561956   40.2939  -124.3311      9.460   0.00    0.00    0.00   0.00     106813
20200401  10291884   40.2939  -124.3311      9.460   0.00    0.00    0.00   0.00     106814
20200401   7314974   40.2939  -124.3311      9.460   0.00    0.00    0.00   0.00     106815
20200401   7321906   40.2939  -124.3311      9.460   0.00    0.00    0.00   0.00     106816
20200424  16250522   40.2939  -124.3311      9.460   0.00    0.00    0.00   0.00     106817
20200608   5474284   40.2939  -124.3311      9.460   0.00    0.00    0.00   0.00     106818
20200617   1150298   40.2939  -124.3311      9.460   0.00    0.00    0.00   0.00     106819
20200622   6104616   40.2939  -124.3311      9.460   0.00    0.00    0.00   0.00     106820
20210623    453228   40.2939  -124.3311      9.460   0.00    0.00    0.00   0.00     106821
20211021  18352420   40.2939  -124.3311      9.460   0.00    0.00    0.00   0.00     106822
20211128  10102792   40.2939  -124.3311      9.460   0.00    0.00    0.00   0.00     106823
20211220   9312914   40.2939  -124.3311      9.460   0.00    0.00    0.00   0.00     106824
20211226  11093846   40.2939  -124.3311      9.460   0.00    0.00    0.00   0.00     106825
20211229   7391622   40.2939  -124.3311      9.460   0.00    0.00    0.00   0.00     106826
20220225   5295610   40.2939  -124.3311      9.460   0.00    0.00    0.00   0.00     106827
20220531   1103908   40.2939  -124.3311      9.460   0.00    0.00    0.00   0.00     106828
20220625  22192810   40.2939  -124.3311      9.460   0.00    0.00    0.00   0.00     106829
20220705  15164780   40.2939  -124.3311      9.460   0.00    0.00    0.00   0.00     106830
20220821  21284134   40.2939  -124.3311      9.460   0.00    0.00    0.00   0.00     106831
20220821  21401172   40.2939  -124.3311      9.460   0.00    0.00    0.00   0.00     106832
20220905  23335898   40.2939  -124.3311      9.460   0.00    0.00    0.00   0.00     106833
20221020  17492762   40.2939  -124.3311      9.460   0.00    0.00    0.00   0.00     106834
20200225  12004528   40.3295  -124.6255     14.200   0.00    0.00    0.00   0.00     106835
20200225   1261684   40.3295  -124.6255     14.200   0.00    0.00    0.00   0.00     106836
20200609   8500762   40.3295  -124.6255     14.200   0.00    0.00    0.00   0.00     106837
20200611   7491456   40.3295  -124.6255     14.200   0.00    0.00    0.00   0.00     106838
20210301  19562644   40.3295  -124.6255     14.200   0.00    0.00    0.00   0.00     106839
20210301  20294372   40.3295  -124.6255     14.200   0.00    0.00    0.00   0.00     106840
20210304  14423164   40.3295  -124.6255     14.200   0.00    0.00    0.00   0.00     106841
20210305  14263874   40.3295  -124.6255     14.200   0.00    0.00    0.00   0.00     106842
20210418  23365936   40.3295  -124.6255     14.200   0.00    0.00    0.00   0.00     106843
20210908  16044848   40.3295  -124.6255     14.200   0.00    0.00    0.00   0.00     106844
20210914    443640   40.3295  -124.6255     14.200   0.00    0.00    0.00   0.00     106845
20210923  14374520   40.3295  -124.6255     14.200   0.00    0.00    0.00   0.00     106846
20220923  18112752   40.3295  -124.6255     14.200   0.00    0.00    0.00   0.00     106847
20220923   8301252   40.3295  -124.6255     14.200   0.00    0.00    0.00   0.00     106848
20200225  10412550   40.5528  -123.9713     21.090   0.00    0.00    0.00   0.00     106849
20200621  16094764   40.5528  -123.9713     21.090   0.00    0.00    0.00   0.00     106850
20201218   2002644   40.5528  -123.9713     21.090   0.00    0.00    0.00   0.00     106851
20210616  14002598   40.5528  -123.9713     21.090   0.00    0.00    0.00   0.00     106852
20210617  11403600   40.5528  -123.9713     21.090   0.00    0.00    0.00   0.00     106853
20210928  14383590   40.5528  -123.9713     21.090   0.00    0.00    0.00   0.00     106854
20220927   4345086   40.5528  -123.9713     21.090   0.00    0.00    0.00   0.00     106855
20200225  10301170   40.4040  -124.4024     24.350   0.00    0.00    0.00   0.00     106856
20200312  12470240   40.4040  -124.4024     24.350   0.00    0.00    0.00   0.00     106857
20200425   6153442   40.4040  -124.4024     24.350   0.00    0.00    0.00   0.00     106858
20210531    584968   40.4040  -124.4024     24.350   0.00    0.00    0.00   0.00     106859
20210627   8480474   40.4040  -124.4024     24.350   0.00    0.00    0.00   0.00     106860
20210703   4322012   40.4040  -124.4024     24.350   0.00    0.00    0.00   0.00     106861
20210707  11495582   40.4040  -124.4024     24.350   0.00    0.00    0.00   0.00     106862
20210912  13273268   40.4040  -124.4024     24.350   0.00    0.00    0.00   0.00     106863
20211004   7134364   40.4040  -124.4024     24.350   0.00    0.00    0.00   0.00     106864
20211221  23355870   40.4040  -124.4024     24.350   0.00    0.00    0.00   0.00     106865
20220102  14112078   40.4040  -124.4024     24.350   0.00    0.00    0.00   0.00     106866
20220323   5330396   40.4040  -124.4024     24.350   0.00    0.00    0.00   0.00     106867
20220626  18062376   40.4040  -124.4024     24.350   0.00    0.00    0.00   0.00     106868
20220722  21002150   40.4040  -124.4024     24.350   0.00    0.00    0.00   0.00     106869
20220808   7154132   40.4040  -124.4024     24.350   0.00    0.00    0.00   0.00     106870
20221122  23053266   40.4040  -124.4024     24.350   0.00    0.00    0.00   0.00     106871
20200225  11513782   40.4107  -124.0643     29.060   0.00    0.00    0.00   0.00     106872
20200319  10363604   40.4107  -124.0643     29.060   0.00    0.00    0.00   0.00     106873
20200814   1440520   40.4107  -124.0643     29.060   0.00    0.00    0.00   0.00     106874
20211221    100728   40.4107  -124.0643     29.060   0.00    0.00    0.00   0.00     106875
20220114  15324320   40.4107  -124.0643     29.060   0.00    0.00    0.00   0.00     106876
20220813  22031206   40.4107  -124.0643     29.060   0.00    0.00    0.00   0.00     106877
20200226  13000800   40.2852  -124.4945     20.360   0.00    0.00    0.00   0.00     106878
20200414  23521734   40.2852  -124.4945     20.360   0.00    0.00    0.00   0.00     106879
20200417  10285400   40.2852  -124.4945     20.360   0.00    0.00    0.00   0.00     106880
20200418  16384658   40.2852  -124.4945     20.360   0.00    0.00    0.00   0.00     106881
20210309  13414614   40.2852  -124.4945     20.360   0.00    0.00    0.00   0.00     106882
20211023   3133912   40.2852  -124.4945     20.360   0.00    0.00    0.00   0.00     106883
20211122  21220842   40.2852  -124.4945     20.360   0.00    0.00    0.00   0.00     106884
20211123   2031616   40.2852  -124.4945     20.360   0.00    0.00    0.00   0.00     106885
20211221   9044908   40.2852  -124.4945     20.360   0.00    0.00    0.00   0.00     106886
20211222  20553828   40.2852  -124.4945     20.360   0.00    0.00    0.00   0.00     106887
20220104   1091194   40.2852  -124.4945     20.360   0.00    0.00    0.00   0.00     106888
20220208  11014526   40.2852  -124.4945     20.360   0.00    0.00    0.00   0.00     106889
20220424   3151522   40.2852  -124.4945     20.360   0.00    0.00    0.00   0.00     106890
20220522  15531536   40.2852  -124.4945     20.360   0.00    0.00    0.00   0.00     106891
20220806  16322062   40.2852  -124.4945     20.360   0.00    0.00    0.00   0.00     106892
20200227   1014198   40.2802  -124.4434     12.200   0.00    0.00    0.00   0.00     106893
20200309  15210500   40.2802  -124.4434     12.200   0.00    0.00    0.00   0.00     106894
20200614   3280056   40.2802  -124.4434     12.200   0.00    0.00    0.00   0.00     106895
20200718  14284252   40.2802  -124.4434     12.200   0.00    0.00    0.00   0.00     106896
20201021  18101724   40.2802  -124.4434     12.200   0.00    0.00    0.00   0.00     106897
20210415   7583182   40.2802  -124.4434     12.200   0.00    0.00    0.00   0.00     106898
20210415   9204990   40.2802  -124.4434     12.200   0.00    0.00    0.00   0.00     106899
20210415   8540866   40.2802  -124.4434     12.200   0.00    0.00    0.00   0.00     106900
20210606   1394084   40.2802  -124.4434     12.200   0.00    0.00    0.00   0.00     106901
20210807  16492324   40.2802  -124.4434     12.200   0.00    0.00    0.00   0.00     106902
20220124   1495780   40.2802  -124.4434     12.200   0.00    0.00    0.00   0.00     106903
20220301   5521832   40.2802  -124.4434     12.200   0.00    0.00    0.00   0.00     106904
20220903  12021872   40.2802  -124.4434     12.200   0.00    0.00    0.00   0.00     106905
20221115  19562436   40.2802  -124.4434     12.200   0.00    0.00    0.00   0.00     106906
20200229  20473082   40.6233  -124.3079     17.980   0.00    0.00    0.00   0.00     106907
20210402  11450226   40.6233  -124.3079     17.980   0.00    0.00    0.00   0.00     106908
20210407   1551810   40.6233  -124.3079     17.980   0.00    0.00    0.00   0.00     106909
20211017  14205346   40.6233  -124.3079     17.980   0.00    0.00    0.00   0.00     106910
20211106  10495018   40.6233  -124.3079     17.980   0.00    0.00    0.00   0.00     106911
20220216  23201636   40.6233  -124.3079     17.980   0.00    0.00    0.00   0.00     106912
20220515  16330288   40.6233  -124.3079     17.980   0.00    0.00    0.00   0.00     106913
20220710   2294308   40.6233  -124.3079     17.980   0.00    0.00    0.00   0.00     106914
20220710   5562224   40.6233  -124.3079     17.980   0.00    0.00    0.00   0.00     106915
20220714   7380288   40.6233  -124.3079     17.980   0.00    0.00    0.00   0.00     106916
20200229   6253972   40.5077  -124.3335     18.540   0.00    0.00    0.00   0.00     106917
20200611  15154194   40.5077  -124.3335     18.540   0.00    0.00    0.00   0.00     106918
20200625  12391384   40.5077  -124.3335     18.540   0.00    0.00    0.00   0.00     106919
20200626  13515576   40.5077  -124.3335     18.540   0.00    0.00    0.00   0.00     106920
20200627   9081886   40.5077  -124.3335     18.540   0.00    0.00    0.00   0.00     106921
20200710  23412822   40.5077  -124.3335     18.540   0.00    0.00    0.00   0.00     106922
20200711    591260   40.5077  -124.3335     18.540   0.00    0.00    0.00   0.00     106923
20200715  15493176   40.5077  -124.3335     18.540   0.00    0.00    0.00   0.00     106924
20200715   2551378   40.5077  -124.3335     18.540   0.00    0.00    0.00   0.00     106925
20200715   5003994   40.5077  -124.3335     18.540   0.00    0.00    0.00   0.00     106926
20200715  19403532   40.5077  -124.3335     18.540   0.00    0.00    0.00   0.00     106927
20200715  14311460   40.5077  -124.3335     18.540   0.00    0.00    0.00   0.00     106928
20200715  11290764   40.5077  -124.3335     18.540   0.00    0.00    0.00   0.00     106929
20200716  16001862   40.5077  -124.3335     18.540   0.00    0.00    0.00   0.00     106930
20200716  12260968   40.5077  -124.3335     18.540   0.00    0.00    0.00   0.00     106931
20200721  12014120   40.5077  -124.3335     18.540   0.00    0.00    0.00   0.00     106932
20201120  17125606   40.5077  -124.3335     18.540   0.00    0.00    0.00   0.00     106933
20210512  18322308   40.5077  -124.3335     18.540   0.00    0.00    0.00   0.00     106934
20210512  18334736   40.5077  -124.3335     18.540   0.00    0.00    0.00   0.00     106935
20210711  11123032   40.5077  -124.3335     18.540   0.00    0.00    0.00   0.00     106936
20210711   5061256   40.5077  -124.3335     18.540   0.00    0.00    0.00   0.00     106937
20210711   5262202   40.5077  -124.3335     18.540   0.00    0.00    0.00   0.00     106938
20210711   7175576   40.5077  -124.3335     18.540   0.00    0.00    0.00   0.00     106939
20210711   4144000   40.5077  -124.3335     18.540   0.00    0.00    0.00   0.00     106940
20210711   3363476   40.5077  -124.3335     18.540   0.00    0.00    0.00   0.00     106941
20210711   2140188   40.5077  -124.3335     18.540   0.00    0.00    0.00   0.00     106942
20210711   7493556   40.5077  -124.3335     18.540   0.00    0.00    0.00   0.00     106943
20210712   6525910   40.5077  -124.3335     18.540   0.00    0.00    0.00   0.00     106944
20210712   7383480   40.5077  -124.3335     18.540   0.00    0.00    0.00   0.00     106945
20210712   6285358   40.5077  -124.3335     18.540   0.00    0.00    0.00   0.00     106946
20210712   6520582   40.5077  -124.3335     18.540   0.00    0.00    0.00   0.00     106947
20210712   6571274   40.5077  -124.3335     18.540   0.00    0.00    0.00   0.00     106948
20210712   6511518   40.5077  -124.3335     18.540   0.00    0.00    0.00   0.00     106949
20210712  22183474   40.5077  -124.3335     18.540   0.00    0.00    0.00   0.00     106950
20210712   8585496   40.5077  -124.3335     18.540   0.00    0.00    0.00   0.00     106951
20210712   8463268   40.5077  -124.3335     18.540   0.00    0.00    0.00   0.00     106952
20210712   6483698   40.5077  -124.3335     18.540   0.00    0.00    0.00   0.00     106953
20210712   6581968   40.5077  -124.3335     18.540   0.00    0.00    0.00   0.00     106954
20210712   7153568   40.5077  -124.3335     18.540   0.00    0.00    0.00   0.00     106955
20210712   7562676   40.5077  -124.3335     18.540   0.00    0.00    0.00   0.00     106956
20210712   6533470   40.5077  -124.3335     18.540   0.00    0.00    0.00   0.00     106957
20210712   7534936   40.5077  -124.3335     18.540   0.00    0.00    0.00   0.00     106958
20210712  15185712   40.5077  -124.3335     18.540   0.00    0.00    0.00   0.00     106959
20210712  12150832   40.5077  -124.3335     18.540   0.00    0.00    0.00   0.00     106960
20210712   7425714   40.5077  -124.3335     18.540   0.00    0.00    0.00   0.00     106961
20210712   8030848   40.5077  -124.3335     18.540   0.00    0.00    0.00   0.00     106962
20210712   6550412   40.5077  -124.3335     18.540   0.00    0.00    0.00   0.00     106963
20210712   5334354   40.5077  -124.3335     18.540   0.00    0.00    0.00   0.00     106964
20210712   8564126   40.5077  -124.3335     18.540   0.00    0.00    0.00   0.00     106965
20210713  13245358   40.5077  -124.3335     18.540   0.00    0.00    0.00   0.00     106966
20210713   3344112   40.5077  -124.3335     18.540   0.00    0.00    0.00   0.00     106967
20210713  11001088   40.5077  -124.3335     18.540   0.00    0.00    0.00   0.00     106968
20210714  11503170   40.5077  -124.3335     18.540   0.00    0.00    0.00   0.00     106969
20210715  17563886   40.5077  -124.3335     18.540   0.00    0.00    0.00   0.00     106970
20210724  15172368   40.5077  -124.3335     18.540   0.00    0.00    0.00   0.00     106971
20210725  22524734   40.5077  -124.3335     18.540   0.00    0.00    0.00   0.00     106972
20210728  13563072   40.5077  -124.3335     18.540   0.00    0.00    0.00   0.00     106973
20211220  23453330   40.5077  -124.3335     18.540   0.00    0.00    0.00   0.00     106974
20211220  21544204   40.5077  -124.3335     18.540   0.00    0.00    0.00   0.00     106975
20211221  14510350   40.5077  -124.3335     18.540   0.00    0.00    0.00   0.00     106976
20211221  12295732   40.5077  -124.3335     18.540   0.00    0.00    0.00   0.00     106977
20211222   7090826   40.5077  -124.3335     18.540   0.00    0.00    0.00   0.00     106978
20211222  17042954   40.5077  -124.3335     18.540   0.00    0.00    0.00   0.00     106979
20211222   1212890   40.5077  -124.3335     18.540   0.00    0.00    0.00   0.00     106980
20211222   3033108   40.5077  -124.3335     18.540   0.00    0.00    0.00   0.00     106981
20211222   9305954   40.5077  -124.3335     18.540   0.00    0.00    0.00   0.00     106982
20211223  19433514   40.5077  -124.3335     18.540   0.00    0.00    0.00   0.00     106983
20211223   6283944   40.5077  -124.3335     18.540   0.00    0.00    0.00   0.00     106984
20211225  19324178   40.5077  -124.3335     18.540   0.00    0.00    0.00   0.00     106985
20211225    410614   40.5077  -124.3335     18.540   0.00    0.00    0.00   0.00     106986
20211230  13113602   40.5077  -124.3335     18.540   0.00    0.00    0.00   0.00     106987
20211231   7301174   40.5077  -124.3335     18.540   0.00    0.00    0.00   0.00     106988
20220102  19060350   40.5077  -124.3335     18.540   0.00    0.00    0.00   0.00     106989
20220102  18432764   40.5077  -124.3335     18.540   0.00    0.00    0.00   0.00     106990
20220129    560494   40.5077  -124.3335     18.540   0.00    0.00    0.00   0.00     106991
20220220   7553392   40.5077  -124.3335     18.540   0.00    0.00    0.00   0.00     106992
20220411   8483518   40.5077  -124.3335     18.540   0.00    0.00    0.00   0.00     106993
20220416  16320932   40.5077  -124.3335     18.540   0.00    0.00    0.00   0.00     106994
20220514   5112458   40.5077  -124.3335     18.540   0.00    0.00    0.00   0.00     106995
20220521  19063110   40.5077  -124.3335     18.540   0.00    0.00    0.00   0.00     106996
20220718   4143176   40.5077  -124.3335     18.540   0.00    0.00    0.00   0.00     106997
20220718   4250850   40.5077  -124.3335     18.540   0.00    0.00    0.00   0.00     106998
20220718   4245274   40.5077  -124.3335     18.540   0.00    0.00    0.00   0.00     106999
20221009  21434062   40.5077  -124.3335     18.540   0.00    0.00    0.00   0.00     107000
20200229  17413454   40.3336  -124.2113      7.100   0.00    0.00    0.00   0.00     107001
20211221   3403904   40.3336  -124.2113      7.100   0.00    0.00    0.00   0.00     107002
20220110  10021940   40.3336  -124.2113      7.100   0.00    0.00    0.00   0.00     107003
20220304  18572308   40.3336  -124.2113      7.100   0.00    0.00    0.00   0.00     107004
20220606   4202136   40.3336  -124.2113      7.100   0.00    0.00    0.00   0.00     107005
20221010  12433186   40.3336  -124.2113      7.100   0.00    0.00    0.00   0.00     107006
20200301    110108   40.4494  -124.5101     19.940   0.00    0.00    0.00   0.00     107007
20200312  20095880   40.4494  -124.5101     19.940   0.00    0.00    0.00   0.00     107008
20200312  23101238   40.4494  -124.5101     19.940   0.00    0.00    0.00   0.00     107009
20200312  16211072   40.4494  -124.5101     19.940   0.00    0.00    0.00   0.00     107010
20200312  22434368   40.4494  -124.5101     19.940   0.00    0.00    0.00   0.00     107011
20200313  20494676   40.4494  -124.5101     19.940   0.00    0.00    0.00   0.00     107012
20200313  18432968   40.4494  -124.5101     19.940   0.00    0.00    0.00   0.00     107013
20200313  11543958   40.4494  -124.5101     19.940   0.00    0.00    0.00   0.00     107014
20200314   9070966   40.4494  -124.5101     19.940   0.00    0.00    0.00   0.00     107015
20200315  14200070   40.4494  -124.5101     19.940   0.00    0.00    0.00   0.00     107016
20200316  21544908   40.4494  -124.5101     19.940   0.00    0.00    0.00   0.00     107017
20200316  15001580   40.4494  -124.5101     19.940   0.00    0.00    0.00   0.00     107018
20200319   5283514   40.4494  -124.5101     19.940   0.00    0.00    0.00   0.00     107019
20200327  20562802   40.4494  -124.5101     19.940   0.00    0.00    0.00   0.00     107020
20200328  23275582   40.4494  -124.5101     19.940   0.00    0.00    0.00   0.00     107021
20200413  15542376   40.4494  -124.5101     19.940   0.00    0.00    0.00   0.00     107022
20200413  16452054   40.4494  -124.5101     19.940   0.00    0.00    0.00   0.00     107023
20200413  16064364   40.4494  -124.5101     19.940   0.00    0.00    0.00   0.00     107024
20200413  16193158   40.4494  -124.5101     19.940   0.00    0.00    0.00   0.00     107025
20200413  15503472   40.4494  -124.5101     19.940   0.00    0.00    0.00   0.00     107026
20200413  19502736   40.4494  -124.5101     19.940   0.00    0.00    0.00   0.00     107027
20200414  17083828   40.4494  -124.5101     19.940   0.00    0.00    0.00   0.00     107028
20200414   5041900   40.4494  -124.5101     19.940   0.00    0.00    0.00   0.00     107029
20200416  19593244   40.4494  -124.5101     19.940   0.00    0.00    0.00   0.00     107030
20200416  19121850   40.4494  -124.5101     19.940   0.00    0.00    0.00   0.00     107031
20200418  17315250   40.4494  -124.5101     19.940   0.00    0.00    0.00   0.00     107032
20200418   4373024   40.4494  -124.5101     19.940   0.00    0.00    0.00   0.00     107033
20200418   5035108   40.4494  -124.5101     19.940   0.00    0.00    0.00   0.00     107034
20200419  21474682   40.4494  -124.5101     19.940   0.00    0.00    0.00   0.00     107035
20200420    182562   40.4494  -124.5101     19.940   0.00    0.00    0.00   0.00     107036
20200420  21284862   40.4494  -124.5101     19.940   0.00    0.00    0.00   0.00     107037
20200421  21231938   40.4494  -124.5101     19.940   0.00    0.00    0.00   0.00     107038
20200422   4061246   40.4494  -124.5101     19.940   0.00    0.00    0.00   0.00     107039
20200422  22020040   40.4494  -124.5101     19.940   0.00    0.00    0.00   0.00     107040
20200423  14123478   40.4494  -124.5101     19.940   0.00    0.00    0.00   0.00     107041
20200426  16265528   40.4494  -124.5101     19.940   0.00    0.00    0.00   0.00     107042
20200428  22532276   40.4494  -124.5101     19.940   0.00    0.00    0.00   0.00     107043
20200502   1263030   40.4494  -124.5101     19.940   0.00    0.00    0.00   0.00     107044
20200502   2215364   40.4494  -124.5101     19.940   0.00    0.00    0.00   0.00     107045
20200511   2245038   40.4494  -124.5101     19.940   0.00    0.00    0.00   0.00     107046
20200515   1092422   40.4494  -124.5101     19.940   0.00    0.00    0.00   0.00     107047
20200520  10345196   40.4494  -124.5101     19.940   0.00    0.00    0.00   0.00     107048
20200522   8300736   40.4494  -124.5101     19.940   0.00    0.00    0.00   0.00     107049
20200522   3380286   40.4494  -124.5101     19.940   0.00    0.00    0.00   0.00     107050
20200522  22215618   40.4494  -124.5101     19.940   0.00    0.00    0.00   0.00     107051
20200522   8312720   40.4494  -124.5101     19.940   0.00    0.00    0.00   0.00     107052
20200523  10340860   40.4494  -124.5101     19.940   0.00    0.00    0.00   0.00     107053
20200528  14354070   40.4494  -124.5101     19.940   0.00    0.00    0.00   0.00     107054
20200529   5363022   40.4494  -124.5101     19.940   0.00    0.00    0.00   0.00     107055
20200601   9031994   40.4494  -124.5101     19.940   0.00    0.00    0.00   0.00     107056
20200603   3260178   40.4494  -124.5101     19.940   0.00    0.00    0.00   0.00     107057
20200606  20405318   40.4494  -124.5101     19.940   0.00    0.00    0.00   0.00     107058
20200606  17132166   40.4494  -124.5101     19.940   0.00    0.00    0.00   0.00     107059
20200611   5110132   40.4494  -124.5101     19.940   0.00    0.00    0.00   0.00     107060
20200612  19511362   40.4494  -124.5101     19.940   0.00    0.00    0.00   0.00     107061
20200612  12460268   40.4494  -124.5101     19.940   0.00    0.00    0.00   0.00     107062
20200613   5211644   40.4494  -124.5101     19.940   0.00    0.00    0.00   0.00     107063
20200617  16261790   40.4494  -124.5101     19.940   0.00    0.00    0.00   0.00     107064
20200618   1535624   40.4494  -124.5101     19.940   0.00    0.00    0.00   0.00     107065
20200620  13591404   40.4494  -124.5101     19.940   0.00    0.00    0.00   0.00     107066
20200625  17325074   40.4494  -124.5101     19.940   0.00    0.00    0.00   0.00     107067
20200625  23533028   40.4494  -124.5101     19.940   0.00    0.00    0.00   0.00     107068
20200625  15075526   40.4494  -124.5101     19.940   0.00    0.00    0.00   0.00     107069
20200625  16371362   40.4494  -124.5101     19.940   0.00    0.00    0.00   0.00     107070
20200625  20534834   40.4494  -124.5101     19.940   0.00    0.00    0.00   0.00     107071
20200626   2375074   40.4494  -124.5101     19.940   0.00    0.00    0.00   0.00     107072
20200626   7411570   40.4494  -124.5101     19.940   0.00    0.00    0.00   0.00     107073
20200626  21113144   40.4494  -124.5101     19.940   0.00    0.00    0.00   0.00     107074
20200626  21503332   40.4494  -124.5101     19.940   0.00    0.00    0.00   0.00     107075
20200626  21415512   40.4494  -124.5101     19.940   0.00    0.00    0.00   0.00     107076
20200626   2021514   40.4494  -124.5101     19.940   0.00    0.00    0.00   0.00     107077
20200627  23571778   40.4494  -124.5101     19.940   0.00    0.00    0.00   0.00     107078
20200627  13582438   40.4494  -124.5101     19.940   0.00    0.00    0.00   0.00     107079
20200628   9251782   40.4494  -124.5101     19.940   0.00    0.00    0.00   0.00     107080
20200628  20254568   40.4494  -124.5101     19.940   0.00    0.00    0.00   0.00     107081
20200630   2174728   40.4494  -124.5101     19.940   0.00    0.00    0.00   0.00     107082
20200630  12002126   40.4494  -124.5101     19.940   0.00    0.00    0.00   0.00     107083
20200630   9341896   40.4494  -124.5101     19.940   0.00    0.00    0.00   0.00     107084
20200703  12394480   40.4494  -124.5101     19.940   0.00    0.00    0.00   0.00     107085
20200703  20041764   40.4494  -124.5101     19.940   0.00    0.00    0.00   0.00     107086
20200703   5522406   40.4494  -124.5101     19.940   0.00    0.00    0.00   0.00     107087
20200704  19170714   40.4494  -124.5101     19.940   0.00    0.00    0.00   0.00     107088
20200704   2551482   40.4494  -124.5101     19.940   0.00    0.00    0.00   0.00     107089
20200705   5273900   40.4494  -124.5101     19.940   0.00    0.00    0.00   0.00     107090
20200705  22143814   40.4494  -124.5101     19.940   0.00    0.00    0.00   0.00     107091
20200706   9401154   40.4494  -124.5101     19.940   0.00    0.00    0.00   0.00     107092
20200707  12312400   40.4494  -124.5101     19.940   0.00    0.00    0.00   0.00     107093
20200708  17185396   40.4494  -124.5101     19.940   0.00    0.00    0.00   0.00     107094
20200708   4591802   40.4494  -124.5101     19.940   0.00    0.00    0.00   0.00     107095
20200710  12581094   40.4494  -124.5101     19.940   0.00    0.00    0.00   0.00     107096
20200713  15224830   40.4494  -124.5101     19.940   0.00    0.00    0.00   0.00     107097
20200715  22080940   40.4494  -124.5101     19.940   0.00    0.00    0.00   0.00     107098
20200716  15392962   40.4494  -124.5101     19.940   0.00    0.00    0.00   0.00     107099
20200720   7471718   40.4494  -124.5101     19.940   0.00    0.00    0.00   0.00     107100
20200720  18213548   40.4494  -124.5101     19.940   0.00    0.00    0.00   0.00     107101
20200720  21220620   40.4494  -124.5101     19.940   0.00    0.00    0.00   0.00     107102
20200724  16072426   40.4494  -124.5101     19.940   0.00    0.00    0.00   0.00     107103
20200724  15250228   40.4494  -124.5101     19.940   0.00    0.00    0.00   0.00     107104
20200725  19550002   40.4494  -124.5101     19.940   0.00    0.00    0.00   0.00     107105
20200725  14314712   40.4494  -124.5101     19.940   0.00    0.00    0.00   0.00     107106
20200726  17321856   40.4494  -124.5101     19.940   0.00    0.00    0.00   0.00     107107
20200729  23211338   40.4494  -124.5101     19.940   0.00    0.00    0.00   0.00     107108
20200730    333856   40.4494  -124.5101     19.940   0.00    0.00    0.00   0.00     107109
20200731  15583168   40.4494  -124.5101     19.940   0.00    0.00    0.00   0.00     107110
20200813   5133030   40.4494  -124.5101     19.940   0.00    0.00    0.00   0.00     107111
20200821   3380090   40.4494  -124.5101     19.940   0.00    0.00    0.00   0.00     107112
20200822   8283602   40.4494  -124.5101     19.940   0.00    0.00    0.00   0.00     107113
20200823  10174362   40.4494  -124.5101     19.940   0.00    0.00    0.00   0.00     107114
20200823   2470126   40.4494  -124.5101     19.940   0.00    0.00    0.00   0.00     107115
20200831   9515208   40.4494  -124.5101     19.940   0.00    0.00    0.00   0.00     107116
20200905  22115618   40.4494  -124.5101     19.940   0.00    0.00    0.00   0.00     107117
20200910   8074070   40.4494  -124.5101     19.940   0.00    0.00    0.00   0.00     107118
20200922     14426   40.4494  -124.5101     19.940   0.00    0.00    0.00   0.00     107119
20200927  19414350   40.4494  -124.5101     19.940   0.00    0.00    0.00   0.00     107120
20201010   4435444   40.4494  -124.5101     19.940   0.00    0.00    0.00   0.00     107121
20201021  11512182   40.4494  -124.5101     19.940   0.00    0.00    0.00   0.00     107122
20201021  17221814   40.4494  -124.5101     19.940   0.00    0.00    0.00   0.00     107123
20201129   5294562   40.4494  -124.5101     19.940   0.00    0.00    0.00   0.00     107124
20201211  12114614   40.4494  -124.5101     19.940   0.00    0.00    0.00   0.00     107125
20201211  22433118   40.4494  -124.5101     19.940   0.00    0.00    0.00   0.00     107126
20201213  17372274   40.4494  -124.5101     19.940   0.00    0.00    0.00   0.00     107127
20201214   3261974   40.4494  -124.5101     19.940   0.00    0.00    0.00   0.00     107128
20201229   1472742   40.4494  -124.5101     19.940   0.00    0.00    0.00   0.00     107129
20201229  22573310   40.4494  -124.5101     19.940   0.00    0.00    0.00   0.00     107130
20210314   2413046   40.4494  -124.5101     19.940   0.00    0.00    0.00   0.00     107131
20210406  22181946   40.4494  -124.5101     19.940   0.00    0.00    0.00   0.00     107132
20210417  23095924   40.4494  -124.5101     19.940   0.00    0.00    0.00   0.00     107133
20210512  21201428   40.4494  -124.5101     19.940   0.00    0.00    0.00   0.00     107134
20210512  17053580   40.4494  -124.5101     19.940   0.00    0.00    0.00   0.00     107135
20210512  21393658   40.4494  -124.5101     19.940   0.00    0.00    0.00   0.00     107136
20210513  17474524   40.4494  -124.5101     19.940   0.00    0.00    0.00   0.00     107137
20210519   3513252   40.4494  -124.5101     19.940   0.00    0.00    0.00   0.00     107138
20210524   5534168   40.4494  -124.5101     19.940   0.00    0.00    0.00   0.00     107139
20210608    283038   40.4494  -124.5101     19.940   0.00    0.00    0.00   0.00     107140
20210608  20033832   40.4494  -124.5101     19.940   0.00    0.00    0.00   0.00     107141
20210609  13253898   40.4494  -124.5101     19.940   0.00    0.00    0.00   0.00     107142
20210609  17592140   40.4494  -124.5101     19.940   0.00    0.00    0.00   0.00     107143
20210610  12393016   40.4494  -124.5101     19.940   0.00    0.00    0.00   0.00     107144
20210612   1431156   40.4494  -124.5101     19.940   0.00    0.00    0.00   0.00     107145
20210615   3035990   40.4494  -124.5101     19.940   0.00    0.00    0.00   0.00     107146
20210622  21201186   40.4494  -124.5101     19.940   0.00    0.00    0.00   0.00     107147
20210623  21325188   40.4494  -124.5101     19.940   0.00    0.00    0.00   0.00     107148
20210625  19564024   40.4494  -124.5101     19.940   0.00    0.00    0.00   0.00     107149
20210626   5042802   40.4494  -124.5101     19.940   0.00    0.00    0.00   0.00     107150
20210707  19011606   40.4494  -124.5101     19.940   0.00    0.00    0.00   0.00     107151
20210820   4400110   40.4494  -124.5101     19.940   0.00    0.00    0.00   0.00     107152
20210822   8462304   40.4494  -124.5101     19.940   0.00    0.00    0.00   0.00     107153
20210824   2594208   40.4494  -124.5101     19.940   0.00    0.00    0.00   0.00     107154
20210830   9395670   40.4494  -124.5101     19.940   0.00    0.00    0.00   0.00     107155
20210830   7172242   40.4494  -124.5101     19.940   0.00    0.00    0.00   0.00     107156
20210830   7310468   40.4494  -124.5101     19.940   0.00    0.00    0.00   0.00     107157
20210903   9320426   40.4494  -124.5101     19.940   0.00    0.00    0.00   0.00     107158
20210909  21065836   40.4494  -124.5101     19.940   0.00    0.00    0.00   0.00     107159
20210913   8013974   40.4494  -124.5101     19.940   0.00    0.00    0.00   0.00     107160
20210914   1223438   40.4494  -124.5101     19.940   0.00    0.00    0.00   0.00     107161
20210914  18203576   40.4494  -124.5101     19.940   0.00    0.00    0.00   0.00     107162
20210914   2494570   40.4494  -124.5101     19.940   0.00    0.00    0.00   0.00     107163
20210914   5430644   40.4494  -124.5101     19.940   0.00    0.00    0.00   0.00     107164
20210914  23191278   40.4494  -124.5101     19.940   0.00    0.00    0.00   0.00     107165
20210915   3423994   40.4494  -124.5101     19.940   0.00    0.00    0.00   0.00     107166
20210915   6131218   40.4494  -124.5101     19.940   0.00    0.00    0.00   0.00     107167
20210922  20322638   40.4494  -124.5101     19.940   0.00    0.00    0.00   0.00     107168
20210922  11363300   40.4494  -124.5101     19.940   0.00    0.00    0.00   0.00     107169
20211008   8032366   40.4494  -124.5101     19.940   0.00    0.00    0.00   0.00     107170
20211114  20505592   40.4494  -124.5101     19.940   0.00    0.00    0.00   0.00     107171
20211231  21562276   40.4494  -124.5101     19.940   0.00    0.00    0.00   0.00     107172
20220116  18084110   40.4494  -124.5101     19.940   0.00    0.00    0.00   0.00     107173
20220605   1315780   40.4494  -124.5101     19.940   0.00    0.00    0.00   0.00     107174
20220711   1483812   40.4494  -124.5101     19.940   0.00    0.00    0.00   0.00     107175
20220823  21581726   40.4494  -124.5101     19.940   0.00    0.00    0.00   0.00     107176
20220830  13091036   40.4494  -124.5101     19.940   0.00    0.00    0.00   0.00     107177
20221127  18315810   40.4494  -124.5101     19.940   0.00    0.00    0.00   0.00     107178
20221128  19051968   40.4494  -124.5101     19.940   0.00    0.00    0.00   0.00     107179
20200302  19451126   40.4977  -124.2258     21.820   0.00    0.00    0.00   0.00     107180
20200303   1445316   40.4977  -124.2258     21.820   0.00    0.00    0.00   0.00     107181
20200308     53164   40.4977  -124.2258     21.820   0.00    0.00    0.00   0.00     107182
20200325  11000324   40.4977  -124.2258     21.820   0.00    0.00    0.00   0.00     107183
20200405  20015914   40.4977  -124.2258     21.820   0.00    0.00    0.00   0.00     107184
20200405   7150978   40.4977  -124.2258     21.820   0.00    0.00    0.00   0.00     107185
20200831      1384   40.4977  -124.2258     21.820   0.00    0.00    0.00   0.00     107186
20201220  19193952   40.4977  -124.2258     21.820   0.00    0.00    0.00   0.00     107187
20210605  12111542   40.4977  -124.2258     21.820   0.00    0.00    0.00   0.00     107188
20210807  11241240   40.4977  -124.2258     21.820   0.00    0.00    0.00   0.00     107189
20211218  16133440   40.4977  -124.2258     21.820   0.00    0.00    0.00   0.00     107190
20211220  20252304   40.4977  -124.2258     21.820   0.00    0.00    0.00   0.00     107191
20211221  14412386   40.4977  -124.2258     21.820   0.00    0.00    0.00   0.00     107192
20211222  20452654   40.4977  -124.2258     21.820   0.00    0.00    0.00   0.00     107193
20211223  18382552   40.4977  -124.2258     21.820   0.00    0.00    0.00   0.00     107194
20211224   2293228   40.4977  -124.2258     21.820   0.00    0.00    0.00   0.00     107195
20211229  22512484   40.4977  -124.2258     21.820   0.00    0.00    0.00   0.00     107196
20220123  19342620   40.4977  -124.2258     21.820   0.00    0.00    0.00   0.00     107197
20220409  16292738   40.4977  -124.2258     21.820   0.00    0.00    0.00   0.00     107198
20220706  11461082   40.4977  -124.2258     21.820   0.00    0.00    0.00   0.00     107199
20220706  11451162   40.4977  -124.2258     21.820   0.00    0.00    0.00   0.00     107200
20220706  11442820   40.4977  -124.2258     21.820   0.00    0.00    0.00   0.00     107201
20220706  13173434   40.4977  -124.2258     21.820   0.00    0.00    0.00   0.00     107202
20220706  12052554   40.4977  -124.2258     21.820   0.00    0.00    0.00   0.00     107203
20220707   4232708   40.4977  -124.2258     21.820   0.00    0.00    0.00   0.00     107204
20220707   4535464   40.4977  -124.2258     21.820   0.00    0.00    0.00   0.00     107205
20220707   4263800   40.4977  -124.2258     21.820   0.00    0.00    0.00   0.00     107206
20220712   2430848   40.4977  -124.2258     21.820   0.00    0.00    0.00   0.00     107207
20220808  13583734   40.4977  -124.2258     21.820   0.00    0.00    0.00   0.00     107208
20220810   2205540   40.4977  -124.2258     21.820   0.00    0.00    0.00   0.00     107209
20220810   2403462   40.4977  -124.2258     21.820   0.00    0.00    0.00   0.00     107210
20220812   9490530   40.4977  -124.2258     21.820   0.00    0.00    0.00   0.00     107211
20200303   6013678   40.3426  -124.2947     27.510   0.00    0.00    0.00   0.00     107212
20200323   6340894   40.3426  -124.2947     27.510   0.00    0.00    0.00   0.00     107213
20210404  16264574   40.3426  -124.2947     27.510   0.00    0.00    0.00   0.00     107214
20211201   3234646   40.3426  -124.2947     27.510   0.00    0.00    0.00   0.00     107215
20211220  20562734   40.3426  -124.2947     27.510   0.00    0.00    0.00   0.00     107216
20211222   4405448   40.3426  -124.2947     27.510   0.00    0.00    0.00   0.00     107217
20211223   1474692   40.3426  -124.2947     27.510   0.00    0.00    0.00   0.00     107218
20211224  22232556   40.3426  -124.2947     27.510   0.00    0.00    0.00   0.00     107219
20211225    474530   40.3426  -124.2947     27.510   0.00    0.00    0.00   0.00     107220
20211228  22270394   40.3426  -124.2947     27.510   0.00    0.00    0.00   0.00     107221
20220101  10243056   40.3426  -124.2947     27.510   0.00    0.00    0.00   0.00     107222
20220115  13110218   40.3426  -124.2947     27.510   0.00    0.00    0.00   0.00     107223
20220117   7331124   40.3426  -124.2947     27.510   0.00    0.00    0.00   0.00     107224
20220218  22170480   40.3426  -124.2947     27.510   0.00    0.00    0.00   0.00     107225
20200305   1192372   40.3718  -124.3079     29.430   0.00    0.00    0.00   0.00     107226
20200318  22542146   40.3718  -124.3079     29.430   0.00    0.00    0.00   0.00     107227
20200318  22542604   40.3718  -124.3079     29.430   0.00    0.00    0.00   0.00     107228
20200319  17234858   40.3718  -124.3079     29.430   0.00    0.00    0.00   0.00     107229
20200319   2473616   40.3718  -124.3079     29.430   0.00    0.00    0.00   0.00     107230
20210311  14534286   40.3718  -124.3079     29.430   0.00    0.00    0.00   0.00     107231
20210311  20060428   40.3718  -124.3079     29.430   0.00    0.00    0.00   0.00     107232
20210311  15070730   40.3718  -124.3079     29.430   0.00    0.00    0.00   0.00     107233
20211013  18093230   40.3718  -124.3079     29.430   0.00    0.00    0.00   0.00     107234
20211103   5580492   40.3718  -124.3079     29.430   0.00    0.00    0.00   0.00     107235
20211103   1065388   40.3718  -124.3079     29.430   0.00    0.00    0.00   0.00     107236
20211103    302916   40.3718  -124.3079     29.430   0.00    0.00    0.00   0.00     107237
20211103   2573440   40.3718  -124.3079     29.430   0.00    0.00    0.00   0.00     107238
20211103   2101434   40.3718  -124.3079     29.430   0.00    0.00    0.00   0.00     107239
20211103    442206   40.3718  -124.3079     29.430   0.00    0.00    0.00   0.00     107240
20211107   3573218   40.3718  -124.3079     29.430   0.00    0.00    0.00   0.00     107241
20211115  22393950   40.3718  -124.3079     29.430   0.00    0.00    0.00   0.00     107242
20211220  23273608   40.3718  -124.3079     29.430   0.00    0.00    0.00   0.00     107243
20211220  20501688   40.3718  -124.3079     29.430   0.00    0.00    0.00   0.00     107244
20211220  23414532   40.3718  -124.3079     29.430   0.00    0.00    0.00   0.00     107245
20211220  20171090   40.3718  -124.3079     29.430   0.00    0.00    0.00   0.00     107246
20211220  21113088   40.3718  -124.3079     29.430   0.00    0.00    0.00   0.00     107247
20211220  20275878   40.3718  -124.3079     29.430   0.00    0.00    0.00   0.00     107248
20211220  21595044   40.3718  -124.3079     29.430   0.00    0.00    0.00   0.00     107249
20211220  22282486   40.3718  -124.3079     29.430   0.00    0.00    0.00   0.00     107250
20211221   3300502   40.3718  -124.3079     29.430   0.00    0.00    0.00   0.00     107251
20211221   2032320   40.3718  -124.3079     29.430   0.00    0.00    0.00   0.00     107252
20211221  15410468   40.3718  -124.3079     29.430   0.00    0.00    0.00   0.00     107253
20211221  18012380   40.3718  -124.3079     29.430   0.00    0.00    0.00   0.00     107254
20211221  13264662   40.3718  -124.3079     29.430   0.00    0.00    0.00   0.00     107255
20211221   7255244   40.3718  -124.3079     29.430   0.00    0.00    0.00   0.00     107256
20211221   2344328   40.3718  -124.3079     29.430   0.00    0.00    0.00   0.00     107257
20211221  13061412   40.3718  -124.3079     29.430   0.00    0.00    0.00   0.00     107258
20211222  12235034   40.3718  -124.3079     29.430   0.00    0.00    0.00   0.00     107259
20211223  19150558   40.3718  -124.3079     29.430   0.00    0.00    0.00   0.00     107260
20211223    200072   40.3718  -124.3079     29.430   0.00    0.00    0.00   0.00     107261
20211224  12384718   40.3718  -124.3079     29.430   0.00    0.00    0.00   0.00     107262
20211224   1253062   40.3718  -124.3079     29.430   0.00    0.00    0.00   0.00     107263
20211224   6173676   40.3718  -124.3079     29.430   0.00    0.00    0.00   0.00     107264
20211224  14375474   40.3718  -124.3079     29.430   0.00    0.00    0.00   0.00     107265
20211224   8564660   40.3718  -124.3079     29.430   0.00    0.00    0.00   0.00     107266
20211226   2145448   40.3718  -124.3079     29.430   0.00    0.00    0.00   0.00     107267
20211227   2212060   40.3718  -124.3079     29.430   0.00    0.00    0.00   0.00     107268
20211227   4031318   40.3718  -124.3079     29.430   0.00    0.00    0.00   0.00     107269
20211227  20274808   40.3718  -124.3079     29.430   0.00    0.00    0.00   0.00     107270
20211228  21342484   40.3718  -124.3079     29.430   0.00    0.00    0.00   0.00     107271
20220102  13574950   40.3718  -124.3079     29.430   0.00    0.00    0.00   0.00     107272
20220105  11150188   40.3718  -124.3079     29.430   0.00    0.00    0.00   0.00     107273
20220115  12260638   40.3718  -124.3079     29.430   0.00    0.00    0.00   0.00     107274
20220315    485326   40.3718  -124.3079     29.430   0.00    0.00    0.00   0.00     107275
20220423  20314568   40.3718  -124.3079     29.430   0.00    0.00    0.00   0.00     107276
20220701   1405550   40.3718  -124.3079     29.430   0.00    0.00    0.00   0.00     107277
20220701   1464294   40.3718  -124.3079     29.430   0.00    0.00    0.00   0.00     107278
20220708   2273206   40.3718  -124.3079     29.430   0.00    0.00    0.00   0.00     107279
20220716  23341438   40.3718  -124.3079     29.430   0.00    0.00    0.00   0.00     107280
20220903   1181756   40.3718  -124.3079     29.430   0.00    0.00    0.00   0.00     107281
20220910  12544436   40.3718  -124.3079     29.430   0.00    0.00    0.00   0.00     107282
20221108   6295290   40.3718  -124.3079     29.430   0.00    0.00    0.00   0.00     107283
20200306   1414386   40.5922  -124.0110     22.220   0.00    0.00    0.00   0.00     107284
20200311   9313606   40.5922  -124.0110     22.220   0.00    0.00    0.00   0.00     107285
20200412  17132564   40.5922  -124.0110     22.220   0.00    0.00    0.00   0.00     107286
20200418  11074320   40.5922  -124.0110     22.220   0.00    0.00    0.00   0.00     107287
20201120   1424104   40.5922  -124.0110     22.220   0.00    0.00    0.00   0.00     107288
20201120   1235826   40.5922  -124.0110     22.220   0.00    0.00    0.00   0.00     107289
20201120   1205696   40.5922  -124.0110     22.220   0.00    0.00    0.00   0.00     107290
20201120   7082300   40.5922  -124.0110     22.220   0.00    0.00    0.00   0.00     107291
20211114  17040468   40.5922  -124.0110     22.220   0.00    0.00    0.00   0.00     107292
20211205  10311944   40.5922  -124.0110     22.220   0.00    0.00    0.00   0.00     107293
20211206  21072658   40.5922  -124.0110     22.220   0.00    0.00    0.00   0.00     107294
20211214  19013276   40.5922  -124.0110     22.220   0.00    0.00    0.00   0.00     107295
20211220  20450542   40.5922  -124.0110     22.220   0.00    0.00    0.00   0.00     107296
20220127   3060780   40.5922  -124.0110     22.220   0.00    0.00    0.00   0.00     107297
20220426  13561794   40.5922  -124.0110     22.220   0.00    0.00    0.00   0.00     107298
20200306   4405596   40.7131  -124.3955     24.460   0.00    0.00    0.00   0.00     107299
20201029  13320846   40.7131  -124.3955     24.460   0.00    0.00    0.00   0.00     107300
20201202  13442104   40.7131  -124.3955     24.460   0.00    0.00    0.00   0.00     107301
20210205  18582248   40.7131  -124.3955     24.460   0.00    0.00    0.00   0.00     107302
20210209   5513876   40.7131  -124.3955     24.460   0.00    0.00    0.00   0.00     107303
20210210  18390472   40.7131  -124.3955     24.460   0.00    0.00    0.00   0.00     107304
20210327  19442284   40.7131  -124.3955     24.460   0.00    0.00    0.00   0.00     107305
20210328  11220466   40.7131  -124.3955     24.460   0.00    0.00    0.00   0.00     107306
20210415  15180112   40.7131  -124.3955     24.460   0.00    0.00    0.00   0.00     107307
20210615  22053626   40.7131  -124.3955     24.460   0.00    0.00    0.00   0.00     107308
20210701   7490492   40.7131  -124.3955     24.460   0.00    0.00    0.00   0.00     107309
20210728  13543492   40.7131  -124.3955     24.460   0.00    0.00    0.00   0.00     107310
20210811   1265980   40.7131  -124.3955     24.460   0.00    0.00    0.00   0.00     107311
20210904   2514376   40.7131  -124.3955     24.460   0.00    0.00    0.00   0.00     107312
20210904   3541000   40.7131  -124.3955     24.460   0.00    0.00    0.00   0.00     107313
20210907   3431116   40.7131  -124.3955     24.460   0.00    0.00    0.00   0.00     107314
20211004   7533882   40.7131  -124.3955     24.460   0.00    0.00    0.00   0.00     107315
20211111   4402212   40.7131  -124.3955     24.460   0.00    0.00    0.00   0.00     107316
20211119   3523984   40.7131  -124.3955     24.460   0.00    0.00    0.00   0.00     107317
20211121  10132780   40.7131  -124.3955     24.460   0.00    0.00    0.00   0.00     107318
20211125  19074226   40.7131  -124.3955     24.460   0.00    0.00    0.00   0.00     107319
20211126  10515444   40.7131  -124.3955     24.460   0.00    0.00    0.00   0.00     107320
20220107   1272878   40.7131  -124.3955     24.460   0.00    0.00    0.00   0.00     107321
20220325  15494838   40.7131  -124.3955     24.460   0.00    0.00    0.00   0.00     107322
20220503    181260   40.7131  -124.3955     24.460   0.00    0.00    0.00   0.00     107323
20220509  13322962   40.7131  -124.3955     24.460   0.00    0.00    0.00   0.00     107324
20220616   6363796   40.7131  -124.3955     24.460   0.00    0.00    0.00   0.00     107325
20220628   9361838   40.7131  -124.3955     24.460   0.00    0.00    0.00   0.00     107326
20220630  10233156   40.7131  -124.3955     24.460   0.00    0.00    0.00   0.00     107327
20220727  18432260   40.7131  -124.3955     24.460   0.00    0.00    0.00   0.00     107328
20221031  15492128   40.7131  -124.3955     24.460   0.00    0.00    0.00   0.00     107329
20221102   3103510   40.7131  -124.3955     24.460   0.00    0.00    0.00   0.00     107330
20221105  20105788   40.7131  -124.3955     24.460   0.00    0.00    0.00   0.00     107331
20221114  17385860   40.7131  -124.3955     24.460   0.00    0.00    0.00   0.00     107332
20200306  20151818   40.5970  -124.0828     21.870   0.00    0.00    0.00   0.00     107333
20200427    345744   40.5970  -124.0828     21.870   0.00    0.00    0.00   0.00     107334
20200607   8572086   40.5970  -124.0828     21.870   0.00    0.00    0.00   0.00     107335
20200608   5190494   40.5970  -124.0828     21.870   0.00    0.00    0.00   0.00     107336
20200307   9535014   40.4973  -124.4508     26.670   0.00    0.00    0.00   0.00     107337
20200923  15272466   40.4973  -124.4508     26.670   0.00    0.00    0.00   0.00     107338
20210911   4522760   40.4973  -124.4508     26.670   0.00    0.00    0.00   0.00     107339
20210916   1363502   40.4973  -124.4508     26.670   0.00    0.00    0.00   0.00     107340
20220503  13084810   40.4973  -124.4508     26.670   0.00    0.00    0.00   0.00     107341
20220601   8152810   40.4973  -124.4508     26.670   0.00    0.00    0.00   0.00     107342
20200308   9085536   40.2678  -124.5216      5.960   0.00    0.00    0.00   0.00     107343
20200420    313096   40.2678  -124.5216      5.960   0.00    0.00    0.00   0.00     107344
20200716  16485672   40.2678  -124.5216      5.960   0.00    0.00    0.00   0.00     107345
20210521   4274556   40.2678  -124.5216      5.960   0.00    0.00    0.00   0.00     107346
20211005  10151486   40.2678  -124.5216      5.960   0.00    0.00    0.00   0.00     107347
20220117   2335284   40.2678  -124.5216      5.960   0.00    0.00    0.00   0.00     107348
20220324   1554426   40.2678  -124.5216      5.960   0.00    0.00    0.00   0.00     107349
20220331  15510770   40.2678  -124.5216      5.960   0.00    0.00    0.00   0.00     107350
20220625  15581528   40.2678  -124.5216      5.960   0.00    0.00    0.00   0.00     107351
20200309   3455330   40.5073  -124.4596     19.680   0.00    0.00    0.00   0.00     107352
20200309   3084940   40.5265  -124.3687     26.360   0.00    0.00    0.00   0.00     107353
20200514  21154200   40.5265  -124.3687     26.360   0.00    0.00    0.00   0.00     107354
20201025  23482494   40.5265  -124.3687     26.360   0.00    0.00    0.00   0.00     107355
20201203  21481218   40.5265  -124.3687     26.360   0.00    0.00    0.00   0.00     107356
20210416  16160920   40.5265  -124.3687     26.360   0.00    0.00    0.00   0.00     107357
20210811  22263398   40.5265  -124.3687     26.360   0.00    0.00    0.00   0.00     107358
20211220  22540552   40.5265  -124.3687     26.360   0.00    0.00    0.00   0.00     107359
20211220  23280276   40.5265  -124.3687     26.360   0.00    0.00    0.00   0.00     107360
20211220  21571408   40.5265  -124.3687     26.360   0.00    0.00    0.00   0.00     107361
20220107   6313114   40.5265  -124.3687     26.360   0.00    0.00    0.00   0.00     107362
20220110  11201506   40.5265  -124.3687     26.360   0.00    0.00    0.00   0.00     107363
20220110   6055468   40.5265  -124.3687     26.360   0.00    0.00    0.00   0.00     107364
20220111  10311890   40.5265  -124.3687     26.360   0.00    0.00    0.00   0.00     107365
20200309   8564330   40.4661  -124.5274     25.280   0.00    0.00    0.00   0.00     107366
20200906   8180768   40.4661  -124.5274     25.280   0.00    0.00    0.00   0.00     107367
20201227  16284008   40.4661  -124.5274     25.280   0.00    0.00    0.00   0.00     107368
20210805  18163870   40.4661  -124.5274     25.280   0.00    0.00    0.00   0.00     107369
20211116   4403946   40.4661  -124.5274     25.280   0.00    0.00    0.00   0.00     107370
20220403  19280408   40.4661  -124.5274     25.280   0.00    0.00    0.00   0.00     107371
20200309   2224188   40.4732  -124.4930     16.970   0.00    0.00    0.00   0.00     107372
20200414   6230700   40.4732  -124.4930     16.970   0.00    0.00    0.00   0.00     107373
20200418   5260130   40.4732  -124.4930     16.970   0.00    0.00    0.00   0.00     107374
20200419   4515214   40.4732  -124.4930     16.970   0.00    0.00    0.00   0.00     107375
20200504  13011606   40.4732  -124.4930     16.970   0.00    0.00    0.00   0.00     107376
20200607   2252530   40.4732  -124.4930     16.970   0.00    0.00    0.00   0.00     107377
20200614  19524618   40.4732  -124.4930     16.970   0.00    0.00    0.00   0.00     107378
20200615   1465158   40.4732  -124.4930     16.970   0.00    0.00    0.00   0.00     107379
20200620   5030078   40.4732  -124.4930     16.970   0.00    0.00    0.00   0.00     107380
20200626  17165274   40.4732  -124.4930     16.970   0.00    0.00    0.00   0.00     107381
20200627  13381568   40.4732  -124.4930     16.970   0.00    0.00    0.00   0.00     107382
20200705   8213522   40.4732  -124.4930     16.970   0.00    0.00    0.00   0.00     107383
20200718   9501180   40.4732  -124.4930     16.970   0.00    0.00    0.00   0.00     107384
20200719  11523460   40.4732  -124.4930     16.970   0.00    0.00    0.00   0.00     107385
20200725    270480   40.4732  -124.4930     16.970   0.00    0.00    0.00   0.00     107386
20200727   4463438   40.4732  -124.4930     16.970   0.00    0.00    0.00   0.00     107387
20200802  20241128   40.4732  -124.4930     16.970   0.00    0.00    0.00   0.00     107388
20200808  21472648   40.4732  -124.4930     16.970   0.00    0.00    0.00   0.00     107389
20200817  23361250   40.4732  -124.4930     16.970   0.00    0.00    0.00   0.00     107390
20200830  16561142   40.4732  -124.4930     16.970   0.00    0.00    0.00   0.00     107391
20200830  19044004   40.4732  -124.4930     16.970   0.00    0.00    0.00   0.00     107392
20200831   6104432   40.4732  -124.4930     16.970   0.00    0.00    0.00   0.00     107393
20200903  10233650   40.4732  -124.4930     16.970   0.00    0.00    0.00   0.00     107394
20200929  12223088   40.4732  -124.4930     16.970   0.00    0.00    0.00   0.00     107395
20200929  10292180   40.4732  -124.4930     16.970   0.00    0.00    0.00   0.00     107396
20201028  10343464   40.4732  -124.4930     16.970   0.00    0.00    0.00   0.00     107397
20201108  20351434   40.4732  -124.4930     16.970   0.00    0.00    0.00   0.00     107398
20201117  17144262   40.4732  -124.4930     16.970   0.00    0.00    0.00   0.00     107399
20201124  20361850   40.4732  -124.4930     16.970   0.00    0.00    0.00   0.00     107400
20201128  13491664   40.4732  -124.4930     16.970   0.00    0.00    0.00   0.00     107401
20201203    420018   40.4732  -124.4930     16.970   0.00    0.00    0.00   0.00     107402
20201213   9173694   40.4732  -124.4930     16.970   0.00    0.00    0.00   0.00     107403
20201221  10353856   40.4732  -124.4930     16.970   0.00    0.00    0.00   0.00     107404
20210107   7144508   40.4732  -124.4930     16.970   0.00    0.00    0.00   0.00     107405
20210210      3891   40.4732  -124.4930     16.970   0.00    0.00    0.00   0.00     107406
20210216  17005506   40.4732  -124.4930     16.970   0.00    0.00    0.00   0.00     107407
20210219  15520782   40.4732  -124.4930     16.970   0.00    0.00    0.00   0.00     107408
20210223  18072576   40.4732  -124.4930     16.970   0.00    0.00    0.00   0.00     107409
20210307  10353116   40.4732  -124.4930     16.970   0.00    0.00    0.00   0.00     107410
20210310  15321062   40.4732  -124.4930     16.970   0.00    0.00    0.00   0.00     107411
20210321   6425856   40.4732  -124.4930     16.970   0.00    0.00    0.00   0.00     107412
20210328  11010616   40.4732  -124.4930     16.970   0.00    0.00    0.00   0.00     107413
20210425  18542516   40.4732  -124.4930     16.970   0.00    0.00    0.00   0.00     107414
20210428   6321844   40.4732  -124.4930     16.970   0.00    0.00    0.00   0.00     107415
20210503   2062896   40.4732  -124.4930     16.970   0.00    0.00    0.00   0.00     107416
20210530  11374954   40.4732  -124.4930     16.970   0.00    0.00    0.00   0.00     107417
20210614   4131528   40.4732  -124.4930     16.970   0.00    0.00    0.00   0.00     107418
20210625   7070254   40.4732  -124.4930     16.970   0.00    0.00    0.00   0.00     107419
20210717   8542030   40.4732  -124.4930     16.970   0.00    0.00    0.00   0.00     107420
20210718  15022076   40.4732  -124.4930     16.970   0.00    0.00    0.00   0.00     107421
20210718  15315242   40.4732  -124.4930     16.970   0.00    0.00    0.00   0.00     107422
20210727  13513002   40.4732  -124.4930     16.970   0.00    0.00    0.00   0.00     107423
20210730    230458   40.4732  -124.4930     16.970   0.00    0.00    0.00   0.00     107424
20210731   8310942   40.4732  -124.4930     16.970   0.00    0.00    0.00   0.00     107425
20210802  18155566   40.4732  -124.4930     16.970   0.00    0.00    0.00   0.00     107426
20210822   9573652   40.4732  -124.4930     16.970   0.00    0.00    0.00   0.00     107427
20210822  10364166   40.4732  -124.4930     16.970   0.00    0.00    0.00   0.00     107428
20210824   5120384   40.4732  -124.4930     16.970   0.00    0.00    0.00   0.00     107429
20210827   8134304   40.4732  -124.4930     16.970   0.00    0.00    0.00   0.00     107430
20210828  18494348   40.4732  -124.4930     16.970   0.00    0.00    0.00   0.00     107431
20210921    554840   40.4732  -124.4930     16.970   0.00    0.00    0.00   0.00     107432
20210926   9562408   40.4732  -124.4930     16.970   0.00    0.00    0.00   0.00     107433
20211030   8200432   40.4732  -124.4930     16.970   0.00    0.00    0.00   0.00     107434
20211109      5788   40.4732  -124.4930     16.970   0.00    0.00    0.00   0.00     107435
20211113   8040292   40.4732  -124.4930     16.970   0.00    0.00    0.00   0.00     107436
20211117  20173118   40.4732  -124.4930     16.970   0.00    0.00    0.00   0.00     107437
20211127   8222030   40.4732  -124.4930     16.970   0.00    0.00    0.00   0.00     107438
20211204   2170706   40.4732  -124.4930     16.970   0.00    0.00    0.00   0.00     107439
20211229  22030154   40.4732  -124.4930     16.970   0.00    0.00    0.00   0.00     107440
20220101  18365006   40.4732  -124.4930     16.970   0.00    0.00    0.00   0.00     107441
20220102   5053806   40.4732  -124.4930     16.970   0.00    0.00    0.00   0.00     107442
20220107   7070484   40.4732  -124.4930     16.970   0.00    0.00    0.00   0.00     107443
20220213   8360816   40.4732  -124.4930     16.970   0.00    0.00    0.00   0.00     107444
20220213   8355088   40.4732  -124.4930     16.970   0.00    0.00    0.00   0.00     107445
20220214   8301682   40.4732  -124.4930     16.970   0.00    0.00    0.00   0.00     107446
20220218  20033466   40.4732  -124.4930     16.970   0.00    0.00    0.00   0.00     107447
20220221  14080180   40.4732  -124.4930     16.970   0.00    0.00    0.00   0.00     107448
20220315   7454770   40.4732  -124.4930     16.970   0.00    0.00    0.00   0.00     107449
20220317  11561146   40.4732  -124.4930     16.970   0.00    0.00    0.00   0.00     107450
20220331  14564636   40.4732  -124.4930     16.970   0.00    0.00    0.00   0.00     107451
20220414  21343060   40.4732  -124.4930     16.970   0.00    0.00    0.00   0.00     107452
20220505  12323118   40.4732  -124.4930     16.970   0.00    0.00    0.00   0.00     107453
20220508   4372168   40.4732  -124.4930     16.970   0.00    0.00    0.00   0.00     107454
20220528  19493050   40.4732  -124.4930     16.970   0.00    0.00    0.00   0.00     107455
20220906   2131620   40.4732  -124.4930     16.970   0.00    0.00    0.00   0.00     107456
20220925  20084300   40.4732  -124.4930     16.970   0.00    0.00    0.00   0.00     107457
20220927   6012456   40.4732  -124.4930     16.970   0.00    0.00    0.00   0.00     107458
20221003  20544056   40.4732  -124.4930     16.970   0.00    0.00    0.00   0.00     107459
20221005  16125718   40.4732  -124.4930     16.970   0.00    0.00    0.00   0.00     107460
20221018   5423870   40.4732  -124.4930     16.970   0.00    0.00    0.00   0.00     107461
20200309   3163868   40.3808  -124.5285     27.740   0.00    0.00    0.00   0.00     107462
20200312  17171030   40.3808  -124.5285     27.740   0.00    0.00    0.00   0.00     107463
20200318  22141244   40.3808  -124.5285     27.740   0.00    0.00    0.00   0.00     107464
20200318  22344574   40.3808  -124.5285     27.740   0.00    0.00    0.00   0.00     107465
20200318  22210956   40.3808  -124.5285     27.740   0.00    0.00    0.00   0.00     107466
20200318  22400688   40.3808  -124.5285     27.740   0.00    0.00    0.00   0.00     107467
20200319   2563592   40.3808  -124.5285     27.740   0.00    0.00    0.00   0.00     107468
20200324  19332322   40.3808  -124.5285     27.740   0.00    0.00    0.00   0.00     107469
20200421  20591358   40.3808  -124.5285     27.740   0.00    0.00    0.00   0.00     107470
20200422   2494178   40.3808  -124.5285     27.740   0.00    0.00    0.00   0.00     107471
20200510  13140244   40.3808  -124.5285     27.740   0.00    0.00    0.00   0.00     107472
20200516  23073512   40.3808  -124.5285     27.740   0.00    0.00    0.00   0.00     107473
20200615   7293478   40.3808  -124.5285     27.740   0.00    0.00    0.00   0.00     107474
20200615  14523650   40.3808  -124.5285     27.740   0.00    0.00    0.00   0.00     107475
20200702   4064266   40.3808  -124.5285     27.740   0.00    0.00    0.00   0.00     107476
20200702  23450140   40.3808  -124.5285     27.740   0.00    0.00    0.00   0.00     107477
20200706  22413312   40.3808  -124.5285     27.740   0.00    0.00    0.00   0.00     107478
20200709   9501466   40.3808  -124.5285     27.740   0.00    0.00    0.00   0.00     107479
20200709   9284808   40.3808  -124.5285     27.740   0.00    0.00    0.00   0.00     107480
20200720  23542614   40.3808  -124.5285     27.740   0.00    0.00    0.00   0.00     107481
20200804   9352710   40.3808  -124.5285     27.740   0.00    0.00    0.00   0.00     107482
20200818  17084712   40.3808  -124.5285     27.740   0.00    0.00    0.00   0.00     107483
20200822   1001768   40.3808  -124.5285     27.740   0.00    0.00    0.00   0.00     107484
20200822   2251186   40.3808  -124.5285     27.740   0.00    0.00    0.00   0.00     107485
20200908  18351958   40.3808  -124.5285     27.740   0.00    0.00    0.00   0.00     107486
20201027  18560926   40.3808  -124.5285     27.740   0.00    0.00    0.00   0.00     107487
20201029  16482162   40.3808  -124.5285     27.740   0.00    0.00    0.00   0.00     107488
20201031  21034986   40.3808  -124.5285     27.740   0.00    0.00    0.00   0.00     107489
20201101   8041998   40.3808  -124.5285     27.740   0.00    0.00    0.00   0.00     107490
20201115   6103944   40.3808  -124.5285     27.740   0.00    0.00    0.00   0.00     107491
20201115   4310196   40.3808  -124.5285     27.740   0.00    0.00    0.00   0.00     107492
20201115   4560452   40.3808  -124.5285     27.740   0.00    0.00    0.00   0.00     107493
20201221    562638   40.3808  -124.5285     27.740   0.00    0.00    0.00   0.00     107494
20201221   1393530   40.3808  -124.5285     27.740   0.00    0.00    0.00   0.00     107495
20201226  18493720   40.3808  -124.5285     27.740   0.00    0.00    0.00   0.00     107496
20210313  10100534   40.3808  -124.5285     27.740   0.00    0.00    0.00   0.00     107497
20210408  21405820   40.3808  -124.5285     27.740   0.00    0.00    0.00   0.00     107498
20210419   8373244   40.3808  -124.5285     27.740   0.00    0.00    0.00   0.00     107499
20210421  11252632   40.3808  -124.5285     27.740   0.00    0.00    0.00   0.00     107500
20210421   7313766   40.3808  -124.5285     27.740   0.00    0.00    0.00   0.00     107501
20210503   2161242   40.3808  -124.5285     27.740   0.00    0.00    0.00   0.00     107502
20210504   8044592   40.3808  -124.5285     27.740   0.00    0.00    0.00   0.00     107503
20210520   7112440   40.3808  -124.5285     27.740   0.00    0.00    0.00   0.00     107504
20210522  15214710   40.3808  -124.5285     27.740   0.00    0.00    0.00   0.00     107505
20210602   5072506   40.3808  -124.5285     27.740   0.00    0.00    0.00   0.00     107506
20210608  16300470   40.3808  -124.5285     27.740   0.00    0.00    0.00   0.00     107507
20210627  13101782   40.3808  -124.5285     27.740   0.00    0.00    0.00   0.00     107508
20210712  15010174   40.3808  -124.5285     27.740   0.00    0.00    0.00   0.00     107509
20210720   6014914   40.3808  -124.5285     27.740   0.00    0.00    0.00   0.00     107510
20210726  19243678   40.3808  -124.5285     27.740   0.00    0.00    0.00   0.00     107511
20211004   5071394   40.3808  -124.5285     27.740   0.00    0.00    0.00   0.00     107512
20211021   8160024   40.3808  -124.5285     27.740   0.00    0.00    0.00   0.00     107513
20211023   4400546   40.3808  -124.5285     27.740   0.00    0.00    0.00   0.00     107514
20211029  15301532   40.3808  -124.5285     27.740   0.00    0.00    0.00   0.00     107515
20211029  14414502   40.3808  -124.5285     27.740   0.00    0.00    0.00   0.00     107516
20211030  11402002   40.3808  -124.5285     27.740   0.00    0.00    0.00   0.00     107517
20211031  14534532   40.3808  -124.5285     27.740   0.00    0.00    0.00   0.00     107518
20211031  14284100   40.3808  -124.5285     27.740   0.00    0.00    0.00   0.00     107519
20211031   8431858   40.3808  -124.5285     27.740   0.00    0.00    0.00   0.00     107520
20211031  16210914   40.3808  -124.5285     27.740   0.00    0.00    0.00   0.00     107521
20211103   2594948   40.3808  -124.5285     27.740   0.00    0.00    0.00   0.00     107522
20211105   3503550   40.3808  -124.5285     27.740   0.00    0.00    0.00   0.00     107523
20211122   7244974   40.3808  -124.5285     27.740   0.00    0.00    0.00   0.00     107524
20211122   4004314   40.3808  -124.5285     27.740   0.00    0.00    0.00   0.00     107525
20211129  14065330   40.3808  -124.5285     27.740   0.00    0.00    0.00   0.00     107526
20211203   5484096   40.3808  -124.5285     27.740   0.00    0.00    0.00   0.00     107527
20211213  23355716   40.3808  -124.5285     27.740   0.00    0.00    0.00   0.00     107528
20211221   7031738   40.3808  -124.5285     27.740   0.00    0.00    0.00   0.00     107529
20220125   7595918   40.3808  -124.5285     27.740   0.00    0.00    0.00   0.00     107530
20220206   3001634   40.3808  -124.5285     27.740   0.00    0.00    0.00   0.00     107531
20220208  18485732   40.3808  -124.5285     27.740   0.00    0.00    0.00   0.00     107532
20220208  12543530   40.3808  -124.5285     27.740   0.00    0.00    0.00   0.00     107533
20220208  18492110   40.3808  -124.5285     27.740   0.00    0.00    0.00   0.00     107534
20220211  23371606   40.3808  -124.5285     27.740   0.00    0.00    0.00   0.00     107535
20220224  20313968   40.3808  -124.5285     27.740   0.00    0.00    0.00   0.00     107536
20220224  16210204   40.3808  -124.5285     27.740   0.00    0.00    0.00   0.00     107537
20220319  23263988   40.3808  -124.5285     27.740   0.00    0.00    0.00   0.00     107538
20220320  13122746   40.3808  -124.5285     27.740   0.00    0.00    0.00   0.00     107539
20220320   5251102   40.3808  -124.5285     27.740   0.00    0.00    0.00   0.00     107540
20220405    553724   40.3808  -124.5285     27.740   0.00    0.00    0.00   0.00     107541
20220411   2475962   40.3808  -124.5285     27.740   0.00    0.00    0.00   0.00     107542
20220510  19185440   40.3808  -124.5285     27.740   0.00    0.00    0.00   0.00     107543
20220510  16594356   40.3808  -124.5285     27.740   0.00    0.00    0.00   0.00     107544
20220510  16145850   40.3808  -124.5285     27.740   0.00    0.00    0.00   0.00     107545
20220513  23150746   40.3808  -124.5285     27.740   0.00    0.00    0.00   0.00     107546
20220522  20335554   40.3808  -124.5285     27.740   0.00    0.00    0.00   0.00     107547
20220530   1435060   40.3808  -124.5285     27.740   0.00    0.00    0.00   0.00     107548
20220530   3123826   40.3808  -124.5285     27.740   0.00    0.00    0.00   0.00     107549
20220707   9500020   40.3808  -124.5285     27.740   0.00    0.00    0.00   0.00     107550
20220722   2493996   40.3808  -124.5285     27.740   0.00    0.00    0.00   0.00     107551
20220723  23475984   40.3808  -124.5285     27.740   0.00    0.00    0.00   0.00     107552
20220802   6110852   40.3808  -124.5285     27.740   0.00    0.00    0.00   0.00     107553
20220802   8394874   40.3808  -124.5285     27.740   0.00    0.00    0.00   0.00     107554
20220807  11314550   40.3808  -124.5285     27.740   0.00    0.00    0.00   0.00     107555
20220811  16192034   40.3808  -124.5285     27.740   0.00    0.00    0.00   0.00     107556
20220812  23242328   40.3808  -124.5285     27.740   0.00    0.00    0.00   0.00     107557
20220814  12514248   40.3808  -124.5285     27.740   0.00    0.00    0.00   0.00     107558
20220921  13362750   40.3808  -124.5285     27.740   0.00    0.00    0.00   0.00     107559
20220926  23501168   40.3808  -124.5285     27.740   0.00    0.00    0.00   0.00     107560
20220926  23111612   40.3808  -124.5285     27.740   0.00    0.00    0.00   0.00     107561
20220926  23174906   40.3808  -124.5285     27.740   0.00    0.00    0.00   0.00     107562
20220926  23125524   40.3808  -124.5285     27.740   0.00    0.00    0.00   0.00     107563
20220926  23164506   40.3808  -124.5285     27.740   0.00    0.00    0.00   0.00     107564
20220926  23105494   40.3808  -124.5285     27.740   0.00    0.00    0.00   0.00     107565
20220926  23133210   40.3808  -124.5285     27.740   0.00    0.00    0.00   0.00     107566
20220926  23093406   40.3808  -124.5285     27.740   0.00    0.00    0.00   0.00     107567
20220927   1120744   40.3808  -124.5285     27.740   0.00    0.00    0.00   0.00     107568
20220927   4111368   40.3808  -124.5285     27.740   0.00    0.00    0.00   0.00     107569
20221019   1140634   40.3808  -124.5285     27.740   0.00    0.00    0.00   0.00     107570
20221114  17024268   40.3808  -124.5285     27.740   0.00    0.00    0.00   0.00     107571
20221117  18262170   40.3808  -124.5285     27.740   0.00    0.00    0.00   0.00     107572
20200310   9002366   40.4718  -124.4252     19.640   0.00    0.00    0.00   0.00     107573
20200311  22473676   40.4718  -124.4252     19.640   0.00    0.00    0.00   0.00     107574
20200331  16384460   40.4718  -124.4252     19.640   0.00    0.00    0.00   0.00     107575
20200912   5595372   40.4718  -124.4252     19.640   0.00    0.00    0.00   0.00     107576
20200918   7094236   40.4718  -124.4252     19.640   0.00    0.00    0.00   0.00     107577
20210119  10541440   40.4718  -124.4252     19.640   0.00    0.00    0.00   0.00     107578
20210921  12244230   40.4718  -124.4252     19.640   0.00    0.00    0.00   0.00     107579
20211016   2204356   40.4718  -124.4252     19.640   0.00    0.00    0.00   0.00     107580
20211221  11264344   40.4718  -124.4252     19.640   0.00    0.00    0.00   0.00     107581
20220205   7433276   40.4718  -124.4252     19.640   0.00    0.00    0.00   0.00     107582
20220219  19282906   40.4718  -124.4252     19.640   0.00    0.00    0.00   0.00     107583
20220221  15205032   40.4718  -124.4252     19.640   0.00    0.00    0.00   0.00     107584
20220308  13520868   40.4718  -124.4252     19.640   0.00    0.00    0.00   0.00     107585
20220317   5455180   40.4718  -124.4252     19.640   0.00    0.00    0.00   0.00     107586
20220627  17000232   40.4718  -124.4252     19.640   0.00    0.00    0.00   0.00     107587
20220918  17350406   40.4718  -124.4252     19.640   0.00    0.00    0.00   0.00     107588
20200310  15501470   40.3487  -124.5522     27.190   0.00    0.00    0.00   0.00     107589
20211227  11250636   40.3487  -124.5522     27.190   0.00    0.00    0.00   0.00     107590
20220330   8550072   40.3487  -124.5522     27.190   0.00    0.00    0.00   0.00     107591
20220330   8585846   40.3487  -124.5522     27.190   0.00    0.00    0.00   0.00     107592
20220720  18040910   40.3487  -124.5522     27.190   0.00    0.00    0.00   0.00     107593
20200310    510262   40.3856  -124.5501     25.740   0.00    0.00    0.00   0.00     107594
20200314  14552226   40.3856  -124.5501     25.740   0.00    0.00    0.00   0.00     107595
20200314  14581814   40.3856  -124.5501     25.740   0.00    0.00    0.00   0.00     107596
20200314  15240722   40.3856  -124.5501     25.740   0.00    0.00    0.00   0.00     107597
20200318  23392638   40.3856  -124.5501     25.740   0.00    0.00    0.00   0.00     107598
20210908  17183918   40.3856  -124.5501     25.740   0.00    0.00    0.00   0.00     107599
20210919   9200924   40.3856  -124.5501     25.740   0.00    0.00    0.00   0.00     107600
20211008    194618   40.3856  -124.5501     25.740   0.00    0.00    0.00   0.00     107601
20211015   1143872   40.3856  -124.5501     25.740   0.00    0.00    0.00   0.00     107602
20211107   9400748   40.3856  -124.5501     25.740   0.00    0.00    0.00   0.00     107603
20220703  17212330   40.3856  -124.5501     25.740   0.00    0.00    0.00   0.00     107604
20220817   5184204   40.3856  -124.5501     25.740   0.00    0.00    0.00   0.00     107605
20220823   6452064   40.3856  -124.5501     25.740   0.00    0.00    0.00   0.00     107606
20200312  12432856   40.5675  -123.9600     20.910   0.00    0.00    0.00   0.00     107607
20210712  13311772   40.5675  -123.9600     20.910   0.00    0.00    0.00   0.00     107608
20211225  22492352   40.5675  -123.9600     20.910   0.00    0.00    0.00   0.00     107609
20220324   6351228   40.5675  -123.9600     20.910   0.00    0.00    0.00   0.00     107610
20220324   6325180   40.5675  -123.9600     20.910   0.00    0.00    0.00   0.00     107611
20200313  16494354   40.5765  -124.1847     18.910   0.00    0.00    0.00   0.00     107612
20200313  13063704   40.5069  -124.5005     27.160   0.00    0.00    0.00   0.00     107613
20200318  22522500   40.5069  -124.5005     27.160   0.00    0.00    0.00   0.00     107614
20200318  22153876   40.5069  -124.5005     27.160   0.00    0.00    0.00   0.00     107615
20200319   6395908   40.5069  -124.5005     27.160   0.00    0.00    0.00   0.00     107616
20200319  12304744   40.5069  -124.5005     27.160   0.00    0.00    0.00   0.00     107617
20200319   9235874   40.5069  -124.5005     27.160   0.00    0.00    0.00   0.00     107618
20200319  10575970   40.5069  -124.5005     27.160   0.00    0.00    0.00   0.00     107619
20200320  11543800   40.5069  -124.5005     27.160   0.00    0.00    0.00   0.00     107620
20200320  22282120   40.5069  -124.5005     27.160   0.00    0.00    0.00   0.00     107621
20200321  20180764   40.5069  -124.5005     27.160   0.00    0.00    0.00   0.00     107622
20200321  19000152   40.5069  -124.5005     27.160   0.00    0.00    0.00   0.00     107623
20200321  20425212   40.5069  -124.5005     27.160   0.00    0.00    0.00   0.00     107624
20200410    325542   40.5069  -124.5005     27.160   0.00    0.00    0.00   0.00     107625
20200418  11001910   40.5069  -124.5005     27.160   0.00    0.00    0.00   0.00     107626
20200429  15051124   40.5069  -124.5005     27.160   0.00    0.00    0.00   0.00     107627
20200529  11452886   40.5069  -124.5005     27.160   0.00    0.00    0.00   0.00     107628
20200706  11382026   40.5069  -124.5005     27.160   0.00    0.00    0.00   0.00     107629
20201104  19214916   40.5069  -124.5005     27.160   0.00    0.00    0.00   0.00     107630
20201128  10011568   40.5069  -124.5005     27.160   0.00    0.00    0.00   0.00     107631
20201128  23052672   40.5069  -124.5005     27.160   0.00    0.00    0.00   0.00     107632
20210427  16072804   40.5069  -124.5005     27.160   0.00    0.00    0.00   0.00     107633
20210523  11024306   40.5069  -124.5005     27.160   0.00    0.00    0.00   0.00     107634
20210623   5144732   40.5069  -124.5005     27.160   0.00    0.00    0.00   0.00     107635
20210627  15302230   40.5069  -124.5005     27.160   0.00    0.00    0.00   0.00     107636
20210709   3385298   40.5069  -124.5005     27.160   0.00    0.00    0.00   0.00     107637
20210829  17320598   40.5069  -124.5005     27.160   0.00    0.00    0.00   0.00     107638
20210901   5053666   40.5069  -124.5005     27.160   0.00    0.00    0.00   0.00     107639
20210907  16522642   40.5069  -124.5005     27.160   0.00    0.00    0.00   0.00     107640
20211007  19082406   40.5069  -124.5005     27.160   0.00    0.00    0.00   0.00     107641
20211016   8353188   40.5069  -124.5005     27.160   0.00    0.00    0.00   0.00     107642
20211022  11455274   40.5069  -124.5005     27.160   0.00    0.00    0.00   0.00     107643
20211030  23402310   40.5069  -124.5005     27.160   0.00    0.00    0.00   0.00     107644
20211120   8445794   40.5069  -124.5005     27.160   0.00    0.00    0.00   0.00     107645
20211218  11273642   40.5069  -124.5005     27.160   0.00    0.00    0.00   0.00     107646
20211218  13031558   40.5069  -124.5005     27.160   0.00    0.00    0.00   0.00     107647
20211218   8550390   40.5069  -124.5005     27.160   0.00    0.00    0.00   0.00     107648
20211221  17132234   40.5069  -124.5005     27.160   0.00    0.00    0.00   0.00     107649
20211228  23014036   40.5069  -124.5005     27.160   0.00    0.00    0.00   0.00     107650
20220112  11345960   40.5069  -124.5005     27.160   0.00    0.00    0.00   0.00     107651
20220127   9381384   40.5069  -124.5005     27.160   0.00    0.00    0.00   0.00     107652
20220313  20531454   40.5069  -124.5005     27.160   0.00    0.00    0.00   0.00     107653
20220413  23574364   40.5069  -124.5005     27.160   0.00    0.00    0.00   0.00     107654
20220729  16380282   40.5069  -124.5005     27.160   0.00    0.00    0.00   0.00     107655
20220810   2253508   40.5069  -124.5005     27.160   0.00    0.00    0.00   0.00     107656
20220823   6573586   40.5069  -124.5005     27.160   0.00    0.00    0.00   0.00     107657
20220921   2081950   40.5069  -124.5005     27.160   0.00    0.00    0.00   0.00     107658
20220926  10115504   40.5069  -124.5005     27.160   0.00    0.00    0.00   0.00     107659
20221011  10504800   40.5069  -124.5005     27.160   0.00    0.00    0.00   0.00     107660
20221016  17061658   40.5069  -124.5005     27.160   0.00    0.00    0.00   0.00     107661
20221016  21310274   40.5069  -124.5005     27.160   0.00    0.00    0.00   0.00     107662
20221016  17001706   40.5069  -124.5005     27.160   0.00    0.00    0.00   0.00     107663
20200313  19204128   40.5207  -124.4003     23.730   0.00    0.00    0.00   0.00     107664
20200314   2551660   40.2969  -124.4303     19.090   0.00    0.00    0.00   0.00     107665
20210517   9394906   40.2969  -124.4303     19.090   0.00    0.00    0.00   0.00     107666
20210519  23394498   40.2969  -124.4303     19.090   0.00    0.00    0.00   0.00     107667
20210606  10331230   40.2969  -124.4303     19.090   0.00    0.00    0.00   0.00     107668
20210607  15440986   40.2969  -124.4303     19.090   0.00    0.00    0.00   0.00     107669
20211023  18391088   40.2969  -124.4303     19.090   0.00    0.00    0.00   0.00     107670
20211128  16374546   40.2969  -124.4303     19.090   0.00    0.00    0.00   0.00     107671
20211221  13025204   40.2969  -124.4303     19.090   0.00    0.00    0.00   0.00     107672
20220207   8242890   40.2969  -124.4303     19.090   0.00    0.00    0.00   0.00     107673
20220307    561504   40.2969  -124.4303     19.090   0.00    0.00    0.00   0.00     107674
20220814  18441644   40.2969  -124.4303     19.090   0.00    0.00    0.00   0.00     107675
20220904  17192318   40.2969  -124.4303     19.090   0.00    0.00    0.00   0.00     107676
20220910   1510812   40.2969  -124.4303     19.090   0.00    0.00    0.00   0.00     107677
20200316  14535930   40.5675  -124.0178     22.730   0.00    0.00    0.00   0.00     107678
20200316  14425798   40.5675  -124.0178     22.730   0.00    0.00    0.00   0.00     107679
20200427   3461844   40.5675  -124.0178     22.730   0.00    0.00    0.00   0.00     107680
20200913  23450714   40.5675  -124.0178     22.730   0.00    0.00    0.00   0.00     107681
20201006   5244096   40.5675  -124.0178     22.730   0.00    0.00    0.00   0.00     107682
20201111  11225440   40.5675  -124.0178     22.730   0.00    0.00    0.00   0.00     107683
20210208   6183114   40.5675  -124.0178     22.730   0.00    0.00    0.00   0.00     107684
20210518  14125944   40.5675  -124.0178     22.730   0.00    0.00    0.00   0.00     107685
20211122   8123228   40.5675  -124.0178     22.730   0.00    0.00    0.00   0.00     107686
20211225  23052628   40.5675  -124.0178     22.730   0.00    0.00    0.00   0.00     107687
20220109  22384116   40.5675  -124.0178     22.730   0.00    0.00    0.00   0.00     107688
20200316  17090868   40.5944  -124.1290     22.050   0.00    0.00    0.00   0.00     107689
20200316   2252748   40.5331  -123.9825     20.860   0.00    0.00    0.00   0.00     107690
20210614  20494318   40.5331  -123.9825     20.860   0.00    0.00    0.00   0.00     107691
20210614  22083402   40.5331  -123.9825     20.860   0.00    0.00    0.00   0.00     107692
20210614  20514626   40.5331  -123.9825     20.860   0.00    0.00    0.00   0.00     107693
20210615  12305824   40.5331  -123.9825     20.860   0.00    0.00    0.00   0.00     107694
20210615   7033148   40.5331  -123.9825     20.860   0.00    0.00    0.00   0.00     107695
20210615  18433738   40.5331  -123.9825     20.860   0.00    0.00    0.00   0.00     107696
20210615  23510802   40.5331  -123.9825     20.860   0.00    0.00    0.00   0.00     107697
20210615   7040746   40.5331  -123.9825     20.860   0.00    0.00    0.00   0.00     107698
20210615   2245780   40.5331  -123.9825     20.860   0.00    0.00    0.00   0.00     107699
20210615  13474348   40.5331  -123.9825     20.860   0.00    0.00    0.00   0.00     107700
20210615  10533938   40.5331  -123.9825     20.860   0.00    0.00    0.00   0.00     107701
20210615   1333826   40.5331  -123.9825     20.860   0.00    0.00    0.00   0.00     107702
20210615   8571402   40.5331  -123.9825     20.860   0.00    0.00    0.00   0.00     107703
20210615  12340700   40.5331  -123.9825     20.860   0.00    0.00    0.00   0.00     107704
20210615  14325686   40.5331  -123.9825     20.860   0.00    0.00    0.00   0.00     107705
20210615   6492802   40.5331  -123.9825     20.860   0.00    0.00    0.00   0.00     107706
20210615   1495300   40.5331  -123.9825     20.860   0.00    0.00    0.00   0.00     107707
20210615  19564726   40.5331  -123.9825     20.860   0.00    0.00    0.00   0.00     107708
20210615   8014742   40.5331  -123.9825     20.860   0.00    0.00    0.00   0.00     107709
20210615   5005856   40.5331  -123.9825     20.860   0.00    0.00    0.00   0.00     107710
20210615  15564972   40.5331  -123.9825     20.860   0.00    0.00    0.00   0.00     107711
20210615   8035162   40.5331  -123.9825     20.860   0.00    0.00    0.00   0.00     107712
20210615   6260134   40.5331  -123.9825     20.860   0.00    0.00    0.00   0.00     107713
20210615  10521482   40.5331  -123.9825     20.860   0.00    0.00    0.00   0.00     107714
20210615   6485774   40.5331  -123.9825     20.860   0.00    0.00    0.00   0.00     107715
20210616   5380980   40.5331  -123.9825     20.860   0.00    0.00    0.00   0.00     107716
20210616  15464378   40.5331  -123.9825     20.860   0.00    0.00    0.00   0.00     107717
20210616  18422644   40.5331  -123.9825     20.860   0.00    0.00    0.00   0.00     107718
20210802  20391554   40.5331  -123.9825     20.860   0.00    0.00    0.00   0.00     107719
20211006  17294288   40.5331  -123.9825     20.860   0.00    0.00    0.00   0.00     107720
20211006  20255010   40.5331  -123.9825     20.860   0.00    0.00    0.00   0.00     107721
20211006  18115824   40.5331  -123.9825     20.860   0.00    0.00    0.00   0.00     107722
20211009  15074974   40.5331  -123.9825     20.860   0.00    0.00    0.00   0.00     107723
20211009   7484260   40.5331  -123.9825     20.860   0.00    0.00    0.00   0.00     107724
20211010  14384842   40.5331  -123.9825     20.860   0.00    0.00    0.00   0.00     107725
20220329    190732   40.5331  -123.9825     20.860   0.00    0.00    0.00   0.00     107726
20220810  10483650   40.5331  -123.9825     20.860   0.00    0.00    0.00   0.00     107727
20220810  10312438   40.5331  -123.9825     20.860   0.00    0.00    0.00   0.00     107728
20220922   4560722   40.5331  -123.9825     20.860   0.00    0.00    0.00   0.00     107729
20220922   7095448   40.5331  -123.9825     20.860   0.00    0.00    0.00   0.00     107730
20221111  11534844   40.5331  -123.9825     20.860   0.00    0.00    0.00   0.00     107731
20200316   3004264   40.3027  -124.4418     13.880   0.00    0.00    0.00   0.00     107732
20200729  15462030   40.3027  -124.4418     13.880   0.00    0.00    0.00   0.00     107733
20200816  18462788   40.3027  -124.4418     13.880   0.00    0.00    0.00   0.00     107734
20200904   2423916   40.3027  -124.4418     13.880   0.00    0.00    0.00   0.00     107735
20200915  10483796   40.3027  -124.4418     13.880   0.00    0.00    0.00   0.00     107736
20200916   7220818   40.3027  -124.4418     13.880   0.00    0.00    0.00   0.00     107737
20200924  18474212   40.3027  -124.4418     13.880   0.00    0.00    0.00   0.00     107738
20201005  11391046   40.3027  -124.4418     13.880   0.00    0.00    0.00   0.00     107739
20201203   6193688   40.3027  -124.4418     13.880   0.00    0.00    0.00   0.00     107740
20201209   4331514   40.3027  -124.4418     13.880   0.00    0.00    0.00   0.00     107741
20210121  15014362   40.3027  -124.4418     13.880   0.00    0.00    0.00   0.00     107742
20210210   9133510   40.3027  -124.4418     13.880   0.00    0.00    0.00   0.00     107743
20210304   4543086   40.3027  -124.4418     13.880   0.00    0.00    0.00   0.00     107744
20210502  16320486   40.3027  -124.4418     13.880   0.00    0.00    0.00   0.00     107745
20210509  11251836   40.3027  -124.4418     13.880   0.00    0.00    0.00   0.00     107746
20210619   9073146   40.3027  -124.4418     13.880   0.00    0.00    0.00   0.00     107747
20210720   4550682   40.3027  -124.4418     13.880   0.00    0.00    0.00   0.00     107748
20210804  16551976   40.3027  -124.4418     13.880   0.00    0.00    0.00   0.00     107749
20210805  13562756   40.3027  -124.4418     13.880   0.00    0.00    0.00   0.00     107750
20211004  13305464   40.3027  -124.4418     13.880   0.00    0.00    0.00   0.00     107751
20211102  13350422   40.3027  -124.4418     13.880   0.00    0.00    0.00   0.00     107752
20211129   6400854   40.3027  -124.4418     13.880   0.00    0.00    0.00   0.00     107753
20211129  17373246   40.3027  -124.4418     13.880   0.00    0.00    0.00   0.00     107754
20211226   7175012   40.3027  -124.4418     13.880   0.00    0.00    0.00   0.00     107755
20211228  17485562   40.3027  -124.4418     13.880   0.00    0.00    0.00   0.00     107756
20220117   4421130   40.3027  -124.4418     13.880   0.00    0.00    0.00   0.00     107757
20220122     45740   40.3027  -124.4418     13.880   0.00    0.00    0.00   0.00     107758
20220201  16434164   40.3027  -124.4418     13.880   0.00    0.00    0.00   0.00     107759
20220204  23364878   40.3027  -124.4418     13.880   0.00    0.00    0.00   0.00     107760
20220210  11525136   40.3027  -124.4418     13.880   0.00    0.00    0.00   0.00     107761
20220215   3065084   40.3027  -124.4418     13.880   0.00    0.00    0.00   0.00     107762
20220222   5441390   40.3027  -124.4418     13.880   0.00    0.00    0.00   0.00     107763
20220320  23323940   40.3027  -124.4418     13.880   0.00    0.00    0.00   0.00     107764
20220320   7070016   40.3027  -124.4418     13.880   0.00    0.00    0.00   0.00     107765
20220328   2574654   40.3027  -124.4418     13.880   0.00    0.00    0.00   0.00     107766
20220402  10433700   40.3027  -124.4418     13.880   0.00    0.00    0.00   0.00     107767
20220411   9510700   40.3027  -124.4418     13.880   0.00    0.00    0.00   0.00     107768
20220428  17130782   40.3027  -124.4418     13.880   0.00    0.00    0.00   0.00     107769
20220513   1164830   40.3027  -124.4418     13.880   0.00    0.00    0.00   0.00     107770
20220519  17383842   40.3027  -124.4418     13.880   0.00    0.00    0.00   0.00     107771
20220521  13413234   40.3027  -124.4418     13.880   0.00    0.00    0.00   0.00     107772
20220522  19282550   40.3027  -124.4418     13.880   0.00    0.00    0.00   0.00     107773
20220611  12560118   40.3027  -124.4418     13.880   0.00    0.00    0.00   0.00     107774
20220612  21212494   40.3027  -124.4418     13.880   0.00    0.00    0.00   0.00     107775
20220615  18211726   40.3027  -124.4418     13.880   0.00    0.00    0.00   0.00     107776
20220627  15141682   40.3027  -124.4418     13.880   0.00    0.00    0.00   0.00     107777
20220707  10444970   40.3027  -124.4418     13.880   0.00    0.00    0.00   0.00     107778
20220709   9214002   40.3027  -124.4418     13.880   0.00    0.00    0.00   0.00     107779
20220710  20404268   40.3027  -124.4418     13.880   0.00    0.00    0.00   0.00     107780
20220717  22053968   40.3027  -124.4418     13.880   0.00    0.00    0.00   0.00     107781
20220726  21590584   40.3027  -124.4418     13.880   0.00    0.00    0.00   0.00     107782
20220730   4522708   40.3027  -124.4418     13.880   0.00    0.00    0.00   0.00     107783
20220804   6274760   40.3027  -124.4418     13.880   0.00    0.00    0.00   0.00     107784
20220807   7261262   40.3027  -124.4418     13.880   0.00    0.00    0.00   0.00     107785
20220809   3282972   40.3027  -124.4418     13.880   0.00    0.00    0.00   0.00     107786
20220813   6395906   40.3027  -124.4418     13.880   0.00    0.00    0.00   0.00     107787
20220814  16354098   40.3027  -124.4418     13.880   0.00    0.00    0.00   0.00     107788
20220820   6162718   40.3027  -124.4418     13.880   0.00    0.00    0.00   0.00     107789
20220822   8433072   40.3027  -124.4418     13.880   0.00    0.00    0.00   0.00     107790
20220827  10383094   40.3027  -124.4418     13.880   0.00    0.00    0.00   0.00     107791
20220830  14020108   40.3027  -124.4418     13.880   0.00    0.00    0.00   0.00     107792
20220906  17294326   40.3027  -124.4418     13.880   0.00    0.00    0.00   0.00     107793
20220913  21555514   40.3027  -124.4418     13.880   0.00    0.00    0.00   0.00     107794
20221006   1280748   40.3027  -124.4418     13.880   0.00    0.00    0.00   0.00     107795
20221021  12574888   40.3027  -124.4418     13.880   0.00    0.00    0.00   0.00     107796
20221030   5003904   40.3027  -124.4418     13.880   0.00    0.00    0.00   0.00     107797
20221102  11001036   40.3027  -124.4418     13.880   0.00    0.00    0.00   0.00     107798
20221105  13555522   40.3027  -124.4418     13.880   0.00    0.00    0.00   0.00     107799
20221106   7010480   40.3027  -124.4418     13.880   0.00    0.00    0.00   0.00     107800
20221113   4035042   40.3027  -124.4418     13.880   0.00    0.00    0.00   0.00     107801
20221116  23561230   40.3027  -124.4418     13.880   0.00    0.00    0.00   0.00     107802
20221126   6225030   40.3027  -124.4418     13.880   0.00    0.00    0.00   0.00     107803
20221129   6330648   40.3027  -124.4418     13.880   0.00    0.00    0.00   0.00     107804
20200318  23374040   40.6754  -124.2344     27.700   0.00    0.00    0.00   0.00     107805
20200901  20041968   40.6754  -124.2344     27.700   0.00    0.00    0.00   0.00     107806
20220407  21342956   40.6754  -124.2344     27.700   0.00    0.00    0.00   0.00     107807
20200318  22584042   40.5488  -124.1826     28.070   0.00    0.00    0.00   0.00     107808
20200318  23172490   40.5028  -124.4693     18.760   0.00    0.00    0.00   0.00     107809
20200319    323476   40.5028  -124.4693     18.760   0.00    0.00    0.00   0.00     107810
20200501   6113536   40.5028  -124.4693     18.760   0.00    0.00    0.00   0.00     107811
20200513   4065102   40.5028  -124.4693     18.760   0.00    0.00    0.00   0.00     107812
20210721  12151022   40.5028  -124.4693     18.760   0.00    0.00    0.00   0.00     107813
20211220  21080652   40.5028  -124.4693     18.760   0.00    0.00    0.00   0.00     107814
20220604  12214004   40.5028  -124.4693     18.760   0.00    0.00    0.00   0.00     107815
20220905   6143778   40.5028  -124.4693     18.760   0.00    0.00    0.00   0.00     107816
20200318   6505500   40.4664  -123.8274     23.370   0.00    0.00    0.00   0.00     107817
20210121  21085686   40.4664  -123.8274     23.370   0.00    0.00    0.00   0.00     107818
20210124  19455982   40.4664  -123.8274     23.370   0.00    0.00    0.00   0.00     107819
20220124  23341890   40.4664  -123.8274     23.370   0.00    0.00    0.00   0.00     107820
20220206  14564736   40.4664  -123.8274     23.370   0.00    0.00    0.00   0.00     107821
20220920  16003752   40.4664  -123.8274     23.370   0.00    0.00    0.00   0.00     107822
20221120  17045430   40.4664  -123.8274     23.370   0.00    0.00    0.00   0.00     107823
20221120   8351258   40.4664  -123.8274     23.370   0.00    0.00    0.00   0.00     107824
20200318  23322930   40.5178  -124.4181     19.300   0.00    0.00    0.00   0.00     107825
20200503  17352466   40.5178  -124.4181     19.300   0.00    0.00    0.00   0.00     107826
20220102   5530838   40.5178  -124.4181     19.300   0.00    0.00    0.00   0.00     107827
20200318  22570806   40.4640  -124.0405     22.970   0.00    0.00    0.00   0.00     107828
20200825  18363152   40.4640  -124.0405     22.970   0.00    0.00    0.00   0.00     107829
20220124  10434828   40.4640  -124.0405     22.970   0.00    0.00    0.00   0.00     107830
20221019    152920   40.4640  -124.0405     22.970   0.00    0.00    0.00   0.00     107831
20200318  22263400   40.3695  -124.1451     32.890   0.00    0.00    0.00   0.00     107832
20200408  23140142   40.3695  -124.1451     32.890   0.00    0.00    0.00   0.00     107833
20200629   2233546   40.3695  -124.1451     32.890   0.00    0.00    0.00   0.00     107834
20200816  10300734   40.3695  -124.1451     32.890   0.00    0.00    0.00   0.00     107835
20201018  17412514   40.3695  -124.1451     32.890   0.00    0.00    0.00   0.00     107836
20201223   1184032   40.3695  -124.1451     32.890   0.00    0.00    0.00   0.00     107837
20210609  20034552   40.3695  -124.1451     32.890   0.00    0.00    0.00   0.00     107838
20210719  12020334   40.3695  -124.1451     32.890   0.00    0.00    0.00   0.00     107839
20210729   3332972   40.3695  -124.1451     32.890   0.00    0.00    0.00   0.00     107840
20210804   3220932   40.3695  -124.1451     32.890   0.00    0.00    0.00   0.00     107841
20211221  20520742   40.3695  -124.1451     32.890   0.00    0.00    0.00   0.00     107842
20221016   3564216   40.3695  -124.1451     32.890   0.00    0.00    0.00   0.00     107843
20200318   4405850   40.6245  -124.3226     18.230   0.00    0.00    0.00   0.00     107844
20201119  17572596   40.6245  -124.3226     18.230   0.00    0.00    0.00   0.00     107845
20201122  20552220   40.6245  -124.3226     18.230   0.00    0.00    0.00   0.00     107846
20220123  16302518   40.6245  -124.3226     18.230   0.00    0.00    0.00   0.00     107847
20220123  16511990   40.6245  -124.3226     18.230   0.00    0.00    0.00   0.00     107848
20221021  10462838   40.6245  -124.3226     18.230   0.00    0.00    0.00   0.00     107849
20200318  10331628   40.2655  -124.5414     14.580   0.00    0.00    0.00   0.00     107850
20200723   7575286   40.2655  -124.5414     14.580   0.00    0.00    0.00   0.00     107851
20210121  18021818   40.2655  -124.5414     14.580   0.00    0.00    0.00   0.00     107852
20210128  20503690   40.2655  -124.5414     14.580   0.00    0.00    0.00   0.00     107853
20210223  21225046   40.2655  -124.5414     14.580   0.00    0.00    0.00   0.00     107854
20210301  21390800   40.2655  -124.5414     14.580   0.00    0.00    0.00   0.00     107855
20210530  21132302   40.2655  -124.5414     14.580   0.00    0.00    0.00   0.00     107856
20210810  16521240   40.2655  -124.5414     14.580   0.00    0.00    0.00   0.00     107857
20211030  23242100   40.2655  -124.5414     14.580   0.00    0.00    0.00   0.00     107858
20211031     61400   40.2655  -124.5414     14.580   0.00    0.00    0.00   0.00     107859
20211101     23212   40.2655  -124.5414     14.580   0.00    0.00    0.00   0.00     107860
20211120  16020756   40.2655  -124.5414     14.580   0.00    0.00    0.00   0.00     107861
20211129  22221836   40.2655  -124.5414     14.580   0.00    0.00    0.00   0.00     107862
20211211  17330830   40.2655  -124.5414     14.580   0.00    0.00    0.00   0.00     107863
20220509  20221956   40.2655  -124.5414     14.580   0.00    0.00    0.00   0.00     107864
20220526  21070972   40.2655  -124.5414     14.580   0.00    0.00    0.00   0.00     107865
20220705  21322268   40.2655  -124.5414     14.580   0.00    0.00    0.00   0.00     107866
20220811   3224862   40.2655  -124.5414     14.580   0.00    0.00    0.00   0.00     107867
20221005  10280080   40.2655  -124.5414     14.580   0.00    0.00    0.00   0.00     107868
20221029   1503324   40.2655  -124.5414     14.580   0.00    0.00    0.00   0.00     107869
20200318  23230416   40.4864  -124.1872     20.610   0.00    0.00    0.00   0.00     107870
20200319   4012300   40.4864  -124.1872     20.610   0.00    0.00    0.00   0.00     107871
20200528   8313420   40.4864  -124.1872     20.610   0.00    0.00    0.00   0.00     107872
20200606   8290824   40.4864  -124.1872     20.610   0.00    0.00    0.00   0.00     107873
20210122  20023238   40.4864  -124.1872     20.610   0.00    0.00    0.00   0.00     107874
20210419   6482686   40.4864  -124.1872     20.610   0.00    0.00    0.00   0.00     107875
20210725  15323172   40.4864  -124.1872     20.610   0.00    0.00    0.00   0.00     107876
20211220  21153250   40.4864  -124.1872     20.610   0.00    0.00    0.00   0.00     107877
20211220  22124390   40.4864  -124.1872     20.610   0.00    0.00    0.00   0.00     107878
20211226   4094046   40.4864  -124.1872     20.610   0.00    0.00    0.00   0.00     107879
20220708   3230844   40.4864  -124.1872     20.610   0.00    0.00    0.00   0.00     107880
20200618   1095618   40.3048  -124.4694     20.930   0.00    0.00    0.00   0.00     107881
20200619   4445090   40.3048  -124.4694     20.930   0.00    0.00    0.00   0.00     107882
20220414  17242512   40.3048  -124.4694     20.930   0.00    0.00    0.00   0.00     107883
20220624  11073242   40.3048  -124.4694     20.930   0.00    0.00    0.00   0.00     107884
20200318  22160494   40.5746  -124.4214     25.350   0.00    0.00    0.00   0.00     107885
20200427  15530992   40.5746  -124.4214     25.350   0.00    0.00    0.00   0.00     107886
20200713  13084006   40.5746  -124.4214     25.350   0.00    0.00    0.00   0.00     107887
20200815   3414492   40.5746  -124.4214     25.350   0.00    0.00    0.00   0.00     107888
20201011  19461304   40.5746  -124.4214     25.350   0.00    0.00    0.00   0.00     107889
20210809  17085300   40.5746  -124.4214     25.350   0.00    0.00    0.00   0.00     107890
20210811    584740   40.5746  -124.4214     25.350   0.00    0.00    0.00   0.00     107891
20210906  22400604   40.5746  -124.4214     25.350   0.00    0.00    0.00   0.00     107892
20220107   6573592   40.5746  -124.4214     25.350   0.00    0.00    0.00   0.00     107893
20220605  11522990   40.5746  -124.4214     25.350   0.00    0.00    0.00   0.00     107894
20220904  19132534   40.5746  -124.4214     25.350   0.00    0.00    0.00   0.00     107895
20200318  22533858   40.3961  -124.2625     28.190   0.00    0.00    0.00   0.00     107896
20200613  20044192   40.3961  -124.2625     28.190   0.00    0.00    0.00   0.00     107897
20210405   1104784   40.3961  -124.2625     28.190   0.00    0.00    0.00   0.00     107898
20211103  20343006   40.3961  -124.2625     28.190   0.00    0.00    0.00   0.00     107899
20211103   5515070   40.3961  -124.2625     28.190   0.00    0.00    0.00   0.00     107900
20211103   6205010   40.3961  -124.2625     28.190   0.00    0.00    0.00   0.00     107901
20211220  21502014   40.3961  -124.2625     28.190   0.00    0.00    0.00   0.00     107902
20211220  21492710   40.3961  -124.2625     28.190   0.00    0.00    0.00   0.00     107903
20211220  22304768   40.3961  -124.2625     28.190   0.00    0.00    0.00   0.00     107904
20211221   1375252   40.3961  -124.2625     28.190   0.00    0.00    0.00   0.00     107905
20211221   3295694   40.3961  -124.2625     28.190   0.00    0.00    0.00   0.00     107906
20211221   5064728   40.3961  -124.2625     28.190   0.00    0.00    0.00   0.00     107907
20211221    334802   40.3961  -124.2625     28.190   0.00    0.00    0.00   0.00     107908
20211224   1283680   40.3961  -124.2625     28.190   0.00    0.00    0.00   0.00     107909
20211227    403252   40.3961  -124.2625     28.190   0.00    0.00    0.00   0.00     107910
20211229  17560664   40.3961  -124.2625     28.190   0.00    0.00    0.00   0.00     107911
20220104   6251106   40.3961  -124.2625     28.190   0.00    0.00    0.00   0.00     107912
20220115   2583964   40.3961  -124.2625     28.190   0.00    0.00    0.00   0.00     107913
20220118   8295318   40.3961  -124.2625     28.190   0.00    0.00    0.00   0.00     107914
20220120  19354572   40.3961  -124.2625     28.190   0.00    0.00    0.00   0.00     107915
20220310  19433608   40.3961  -124.2625     28.190   0.00    0.00    0.00   0.00     107916
20220321  15453668   40.3961  -124.2625     28.190   0.00    0.00    0.00   0.00     107917
20220415   4455994   40.3961  -124.2625     28.190   0.00    0.00    0.00   0.00     107918
20220428  16185990   40.3961  -124.2625     28.190   0.00    0.00    0.00   0.00     107919
20220430  20330426   40.3961  -124.2625     28.190   0.00    0.00    0.00   0.00     107920
20220627  12252846   40.3961  -124.2625     28.190   0.00    0.00    0.00   0.00     107921
20220703  16443654   40.3961  -124.2625     28.190   0.00    0.00    0.00   0.00     107922
20220714  22500464   40.3961  -124.2625     28.190   0.00    0.00    0.00   0.00     107923
20220719   9280362   40.3961  -124.2625     28.190   0.00    0.00    0.00   0.00     107924
20220820  18573678   40.3961  -124.2625     28.190   0.00    0.00    0.00   0.00     107925
20220913  16273256   40.3961  -124.2625     28.190   0.00    0.00    0.00   0.00     107926
20200318  12530722   40.5823  -124.4217     21.950   0.00    0.00    0.00   0.00     107927
20200722    551910   40.5823  -124.4217     21.950   0.00    0.00    0.00   0.00     107928
20210717  17155274   40.5823  -124.4217     21.950   0.00    0.00    0.00   0.00     107929
20211213   1464220   40.5823  -124.4217     21.950   0.00    0.00    0.00   0.00     107930
20220409  19490564   40.5823  -124.4217     21.950   0.00    0.00    0.00   0.00     107931
20220903  13405598   40.5823  -124.4217     21.950   0.00    0.00    0.00   0.00     107932
20200319    360812   40.2915  -124.3763     19.730   0.00    0.00    0.00   0.00     107933
20201210  20273322   40.2915  -124.3763     19.730   0.00    0.00    0.00   0.00     107934
20210329   4002768   40.2915  -124.3763     19.730   0.00    0.00    0.00   0.00     107935
20210623   1201948   40.2915  -124.3763     19.730   0.00    0.00    0.00   0.00     107936
20210723  12251822   40.2915  -124.3763     19.730   0.00    0.00    0.00   0.00     107937
20210905   3594696   40.2915  -124.3763     19.730   0.00    0.00    0.00   0.00     107938
20210918   8355426   40.2915  -124.3763     19.730   0.00    0.00    0.00   0.00     107939
20211103  12054650   40.2915  -124.3763     19.730   0.00    0.00    0.00   0.00     107940
20211220  21561170   40.2915  -124.3763     19.730   0.00    0.00    0.00   0.00     107941
20211220  23332232   40.2915  -124.3763     19.730   0.00    0.00    0.00   0.00     107942
20211221    265442   40.2915  -124.3763     19.730   0.00    0.00    0.00   0.00     107943
20211221  11292392   40.2915  -124.3763     19.730   0.00    0.00    0.00   0.00     107944
20211221  18441440   40.2915  -124.3763     19.730   0.00    0.00    0.00   0.00     107945
20211221   7030760   40.2915  -124.3763     19.730   0.00    0.00    0.00   0.00     107946
20211221   9392946   40.2915  -124.3763     19.730   0.00    0.00    0.00   0.00     107947
20211221  11421098   40.2915  -124.3763     19.730   0.00    0.00    0.00   0.00     107948
20211223  10000528   40.2915  -124.3763     19.730   0.00    0.00    0.00   0.00     107949
20211224   3421602   40.2915  -124.3763     19.730   0.00    0.00    0.00   0.00     107950
20220103  23353638   40.2915  -124.3763     19.730   0.00    0.00    0.00   0.00     107951
20220125   7553174   40.2915  -124.3763     19.730   0.00    0.00    0.00   0.00     107952
20220128  16023258   40.2915  -124.3763     19.730   0.00    0.00    0.00   0.00     107953
20220204  17403816   40.2915  -124.3763     19.730   0.00    0.00    0.00   0.00     107954
20220208  13423896   40.2915  -124.3763     19.730   0.00    0.00    0.00   0.00     107955
20220216   3050994   40.2915  -124.3763     19.730   0.00    0.00    0.00   0.00     107956
20220309  23520880   40.2915  -124.3763     19.730   0.00    0.00    0.00   0.00     107957
20220511  23415996   40.2915  -124.3763     19.730   0.00    0.00    0.00   0.00     107958
20220901  15204536   40.2915  -124.3763     19.730   0.00    0.00    0.00   0.00     107959
20221011  18531084   40.2915  -124.3763     19.730   0.00    0.00    0.00   0.00     107960
20221029   4153752   40.2915  -124.3763     19.730   0.00    0.00    0.00   0.00     107961
20200319  21053122   40.5283  -124.4032     18.520   0.00    0.00    0.00   0.00     107962
20200630  13105478   40.5283  -124.4032     18.520   0.00    0.00    0.00   0.00     107963
20211114     80440   40.5283  -124.4032     18.520   0.00    0.00    0.00   0.00     107964
20211221  22131230   40.5283  -124.4032     18.520   0.00    0.00    0.00   0.00     107965
20220101  10502830   40.5283  -124.4032     18.520   0.00    0.00    0.00   0.00     107966
20220128   3313442   40.5283  -124.4032     18.520   0.00    0.00    0.00   0.00     107967
20220312  10230122   40.5283  -124.4032     18.520   0.00    0.00    0.00   0.00     107968
20220412  18404986   40.5283  -124.4032     18.520   0.00    0.00    0.00   0.00     107969
20220416   7404204   40.5283  -124.4032     18.520   0.00    0.00    0.00   0.00     107970
20221009  19050228   40.5283  -124.4032     18.520   0.00    0.00    0.00   0.00     107971
20200319   2191430   40.5293  -124.4247     26.340   0.00    0.00    0.00   0.00     107972
20200322   2175466   40.5293  -124.4247     26.340   0.00    0.00    0.00   0.00     107973
20200322  10151610   40.5293  -124.4247     26.340   0.00    0.00    0.00   0.00     107974
20200623   7575698   40.5293  -124.4247     26.340   0.00    0.00    0.00   0.00     107975
20200719  22283250   40.5293  -124.4247     26.340   0.00    0.00    0.00   0.00     107976
20200727   5435304   40.5293  -124.4247     26.340   0.00    0.00    0.00   0.00     107977
20210415   8564152   40.5293  -124.4247     26.340   0.00    0.00    0.00   0.00     107978
20210716  18591570   40.5293  -124.4247     26.340   0.00    0.00    0.00   0.00     107979
20210804  18584606   40.5293  -124.4247     26.340   0.00    0.00    0.00   0.00     107980
20210821  16233370   40.5293  -124.4247     26.340   0.00    0.00    0.00   0.00     107981
20211103  16475872   40.5293  -124.4247     26.340   0.00    0.00    0.00   0.00     107982
20211103   7324984   40.5293  -124.4247     26.340   0.00    0.00    0.00   0.00     107983
20211203  10421324   40.5293  -124.4247     26.340   0.00    0.00    0.00   0.00     107984
20211221   7182004   40.5293  -124.4247     26.340   0.00    0.00    0.00   0.00     107985
20211221   7363010   40.5293  -124.4247     26.340   0.00    0.00    0.00   0.00     107986
20211221   6245640   40.5293  -124.4247     26.340   0.00    0.00    0.00   0.00     107987
20220213  11205320   40.5293  -124.4247     26.340   0.00    0.00    0.00   0.00     107988
20220426  22354436   40.5293  -124.4247     26.340   0.00    0.00    0.00   0.00     107989
20220818   8415344   40.5293  -124.4247     26.340   0.00    0.00    0.00   0.00     107990
20221108   8403012   40.5293  -124.4247     26.340   0.00    0.00    0.00   0.00     107991
20200319  15510174   40.5306  -123.9858     21.000   0.00    0.00    0.00   0.00     107992
20210617  13234688   40.5306  -123.9858     21.000   0.00    0.00    0.00   0.00     107993
20210617   4135968   40.5306  -123.9858     21.000   0.00    0.00    0.00   0.00     107994
20210617   4252736   40.5306  -123.9858     21.000   0.00    0.00    0.00   0.00     107995
20210617  16475868   40.5306  -123.9858     21.000   0.00    0.00    0.00   0.00     107996
20211229  17513788   40.5306  -123.9858     21.000   0.00    0.00    0.00   0.00     107997
20220122  10342010   40.5306  -123.9858     21.000   0.00    0.00    0.00   0.00     107998
20220215   1123140   40.5306  -123.9858     21.000   0.00    0.00    0.00   0.00     107999
20220220   3300422   40.5306  -123.9858     21.000   0.00    0.00    0.00   0.00     108000
20220929  11281672   40.5306  -123.9858     21.000   0.00    0.00    0.00   0.00     108001
20221005   5152972   40.5306  -123.9858     21.000   0.00    0.00    0.00   0.00     108002
20200319   4373196   40.4621  -124.5079     20.630   0.00    0.00    0.00   0.00     108003
20220715  15302798   40.4621  -124.5079     20.630   0.00    0.00    0.00   0.00     108004
20220814   1134982   40.4621  -124.5079     20.630   0.00    0.00    0.00   0.00     108005
20200319   6081560   40.5283  -124.3537     17.240   0.00    0.00    0.00   0.00     108006
20200913  11421816   40.5283  -124.3537     17.240   0.00    0.00    0.00   0.00     108007
20220806  11462320   40.5283  -124.3537     17.240   0.00    0.00    0.00   0.00     108008
20200319   4002888   40.3722  -124.2553     29.980   0.00    0.00    0.00   0.00     108009
20200407  16191376   40.3722  -124.2553     29.980   0.00    0.00    0.00   0.00     108010
20210520   8011418   40.3722  -124.2553     29.980   0.00    0.00    0.00   0.00     108011
20210609  14431522   40.3722  -124.2553     29.980   0.00    0.00    0.00   0.00     108012
20210719    532824   40.3722  -124.2553     29.980   0.00    0.00    0.00   0.00     108013
20210815  12494170   40.3722  -124.2553     29.980   0.00    0.00    0.00   0.00     108014
20210819   8321692   40.3722  -124.2553     29.980   0.00    0.00    0.00   0.00     108015
20211103   1220344   40.3722  -124.2553     29.980   0.00    0.00    0.00   0.00     108016
20211103   1572746   40.3722  -124.2553     29.980   0.00    0.00    0.00   0.00     108017
20211103   2110116   40.3722  -124.2553     29.980   0.00    0.00    0.00   0.00     108018
20211103   6425294   40.3722  -124.2553     29.980   0.00    0.00    0.00   0.00     108019
20211220  23513354   40.3722  -124.2553     29.980   0.00    0.00    0.00   0.00     108020
20211221   2473900   40.3722  -124.2553     29.980   0.00    0.00    0.00   0.00     108021
20211221   8135018   40.3722  -124.2553     29.980   0.00    0.00    0.00   0.00     108022
20211221   3303532   40.3722  -124.2553     29.980   0.00    0.00    0.00   0.00     108023
20220107   2300492   40.3722  -124.2553     29.980   0.00    0.00    0.00   0.00     108024
20220812  17340106   40.3722  -124.2553     29.980   0.00    0.00    0.00   0.00     108025
20200319   6042754   40.4255  -123.9872     30.190   0.00    0.00    0.00   0.00     108026
20200405   7404348   40.4255  -123.9872     30.190   0.00    0.00    0.00   0.00     108027
20211220  22555310   40.4255  -123.9872     30.190   0.00    0.00    0.00   0.00     108028
20211229   8575642   40.4255  -123.9872     30.190   0.00    0.00    0.00   0.00     108029
20200320   4574636   40.4288  -124.5792     18.660   0.00    0.00    0.00   0.00     108030
20200320  14153990   40.4288  -124.5792     18.660   0.00    0.00    0.00   0.00     108031
20200320  15175352   40.4288  -124.5792     18.660   0.00    0.00    0.00   0.00     108032
20200330    184530   40.4288  -124.5792     18.660   0.00    0.00    0.00   0.00     108033
20200418   6092560   40.4288  -124.5792     18.660   0.00    0.00    0.00   0.00     108034
20210630  23082034   40.4288  -124.5792     18.660   0.00    0.00    0.00   0.00     108035
20210801   6452054   40.4288  -124.5792     18.660   0.00    0.00    0.00   0.00     108036
20211128   7351488   40.4288  -124.5792     18.660   0.00    0.00    0.00   0.00     108037
20220121   2252594   40.4288  -124.5792     18.660   0.00    0.00    0.00   0.00     108038
20220205   7550038   40.4288  -124.5792     18.660   0.00    0.00    0.00   0.00     108039
20220514   3534332   40.4288  -124.5792     18.660   0.00    0.00    0.00   0.00     108040
20220701   4051656   40.4288  -124.5792     18.660   0.00    0.00    0.00   0.00     108041
20220701   2394636   40.4288  -124.5792     18.660   0.00    0.00    0.00   0.00     108042
20220701   2173126   40.4288  -124.5792     18.660   0.00    0.00    0.00   0.00     108043
20220701   4005282   40.4288  -124.5792     18.660   0.00    0.00    0.00   0.00     108044
20220715  18304470   40.4288  -124.5792     18.660   0.00    0.00    0.00   0.00     108045
20220729  18404744   40.4288  -124.5792     18.660   0.00    0.00    0.00   0.00     108046
20220729  18191732   40.4288  -124.5792     18.660   0.00    0.00    0.00   0.00     108047
20220729  18131012   40.4288  -124.5792     18.660   0.00    0.00    0.00   0.00     108048
20220816  15462188   40.4288  -124.5792     18.660   0.00    0.00    0.00   0.00     108049
20220925   5364376   40.4288  -124.5792     18.660   0.00    0.00    0.00   0.00     108050
20200320  14501632   40.4627  -124.4370     22.920   0.00    0.00    0.00   0.00     108051
20200715  21302346   40.4627  -124.4370     22.920   0.00    0.00    0.00   0.00     108052
20200901   3514638   40.4627  -124.4370     22.920   0.00    0.00    0.00   0.00     108053
20210412  21070748   40.4627  -124.4370     22.920   0.00    0.00    0.00   0.00     108054
20210526  21423630   40.4627  -124.4370     22.920   0.00    0.00    0.00   0.00     108055
20211109  13033116   40.4627  -124.4370     22.920   0.00    0.00    0.00   0.00     108056
20211205  19244890   40.4627  -124.4370     22.920   0.00    0.00    0.00   0.00     108057
20220404  15331070   40.4627  -124.4370     22.920   0.00    0.00    0.00   0.00     108058
20220602   7394232   40.4627  -124.4370     22.920   0.00    0.00    0.00   0.00     108059
20220918  10432820   40.4627  -124.4370     22.920   0.00    0.00    0.00   0.00     108060
20220923  15563308   40.4627  -124.4370     22.920   0.00    0.00    0.00   0.00     108061
20220928  23091234   40.4627  -124.4370     22.920   0.00    0.00    0.00   0.00     108062
20200320   8491852   40.5723  -124.3307     27.990   0.00    0.00    0.00   0.00     108063
20211017   9590826   40.5723  -124.3307     27.990   0.00    0.00    0.00   0.00     108064
20220806  14271252   40.5723  -124.3307     27.990   0.00    0.00    0.00   0.00     108065
20200321   9293208   40.5461  -124.4046     29.170   0.00    0.00    0.00   0.00     108066
20211103  11084710   40.5461  -124.4046     29.170   0.00    0.00    0.00   0.00     108067
20211103   4103934   40.5461  -124.4046     29.170   0.00    0.00    0.00   0.00     108068
20211103  16361486   40.5461  -124.4046     29.170   0.00    0.00    0.00   0.00     108069
20211220  21585020   40.5461  -124.4046     29.170   0.00    0.00    0.00   0.00     108070
20220106  19214464   40.5461  -124.4046     29.170   0.00    0.00    0.00   0.00     108071
20200321  12171030   40.6208  -123.9455     20.120   0.00    0.00    0.00   0.00     108072
20200926   5114624   40.6208  -123.9455     20.120   0.00    0.00    0.00   0.00     108073
20201101  18313130   40.6208  -123.9455     20.120   0.00    0.00    0.00   0.00     108074
20210406  21470310   40.6208  -123.9455     20.120   0.00    0.00    0.00   0.00     108075
20211028   3173720   40.6208  -123.9455     20.120   0.00    0.00    0.00   0.00     108076
20211028   5102858   40.6208  -123.9455     20.120   0.00    0.00    0.00   0.00     108077
20211101  23203724   40.6208  -123.9455     20.120   0.00    0.00    0.00   0.00     108078
20211107   2473968   40.6208  -123.9455     20.120   0.00    0.00    0.00   0.00     108079
20211221   5470594   40.6208  -123.9455     20.120   0.00    0.00    0.00   0.00     108080
20220213  16201568   40.6208  -123.9455     20.120   0.00    0.00    0.00   0.00     108081
20220423  20001044   40.6208  -123.9455     20.120   0.00    0.00    0.00   0.00     108082
20220617  14380408   40.6208  -123.9455     20.120   0.00    0.00    0.00   0.00     108083
20220627  18472986   40.6208  -123.9455     20.120   0.00    0.00    0.00   0.00     108084
20221123   3293206   40.6208  -123.9455     20.120   0.00    0.00    0.00   0.00     108085
20200829  14325130   40.3102  -124.4483      8.920   0.00    0.00    0.00   0.00     108086
20201102  19251476   40.3102  -124.4483      8.920   0.00    0.00    0.00   0.00     108087
20201102  19350348   40.3102  -124.4483      8.920   0.00    0.00    0.00   0.00     108088
20210706   3540288   40.3102  -124.4483      8.920   0.00    0.00    0.00   0.00     108089
20210802  21004294   40.3102  -124.4483      8.920   0.00    0.00    0.00   0.00     108090
20210923   9550242   40.3102  -124.4483      8.920   0.00    0.00    0.00   0.00     108091
20211002  12311558   40.3102  -124.4483      8.920   0.00    0.00    0.00   0.00     108092
20211002  12362824   40.3102  -124.4483      8.920   0.00    0.00    0.00   0.00     108093
20211002  10463410   40.3102  -124.4483      8.920   0.00    0.00    0.00   0.00     108094
20211011  19230486   40.3102  -124.4483      8.920   0.00    0.00    0.00   0.00     108095
20220220   1005424   40.3102  -124.4483      8.920   0.00    0.00    0.00   0.00     108096
20220624  15313588   40.3102  -124.4483      8.920   0.00    0.00    0.00   0.00     108097
20220731   9033164   40.3102  -124.4483      8.920   0.00    0.00    0.00   0.00     108098
20220801   8343572   40.3102  -124.4483      8.920   0.00    0.00    0.00   0.00     108099
20220819  15542376   40.3102  -124.4483      8.920   0.00    0.00    0.00   0.00     108100
20220921  11053624   40.3102  -124.4483      8.920   0.00    0.00    0.00   0.00     108101
20200323   3382020   40.5272  -124.3545     17.530   0.00    0.00    0.00   0.00     108102
20200324   7021478   40.5467  -124.2270     23.260   0.00    0.00    0.00   0.00     108103
20201008  12033566   40.5467  -124.2270     23.260   0.00    0.00    0.00   0.00     108104
20201121    514500   40.5467  -124.2270     23.260   0.00    0.00    0.00   0.00     108105
20210728   2524940   40.5467  -124.2270     23.260   0.00    0.00    0.00   0.00     108106
20211006   5111018   40.5467  -124.2270     23.260   0.00    0.00    0.00   0.00     108107
20221111  23080904   40.5467  -124.2270     23.260   0.00    0.00    0.00   0.00     108108
20200325   5533522   40.4962  -124.4683     16.060   0.00    0.00    0.00   0.00     108109
20220330  13471190   40.4962  -124.4683     16.060   0.00    0.00    0.00   0.00     108110
20200326   3454470   40.6205  -123.9017     21.940   0.00    0.00    0.00   0.00     108111
20210211   7421382   40.6205  -123.9017     21.940   0.00    0.00    0.00   0.00     108112
20210729   2193302   40.6205  -123.9017     21.940   0.00    0.00    0.00   0.00     108113
20211223   5022190   40.6205  -123.9017     21.940   0.00    0.00    0.00   0.00     108114
20221025   5434064   40.6205  -123.9017     21.940   0.00    0.00    0.00   0.00     108115
20200326   9205320   40.7333  -124.2225     20.950   0.00    0.00    0.00   0.00     108116
20200413  22414448   40.7333  -124.2225     20.950   0.00    0.00    0.00   0.00     108117
20200515   3064852   40.7333  -124.2225     20.950   0.00    0.00    0.00   0.00     108118
20200515   5055870   40.7333  -124.2225     20.950   0.00    0.00    0.00   0.00     108119
20200524  19192254   40.7333  -124.2225     20.950   0.00    0.00    0.00   0.00     108120
20200601   3032570   40.7333  -124.2225     20.950   0.00    0.00    0.00   0.00     108121
20200601   3513706   40.7333  -124.2225     20.950   0.00    0.00    0.00   0.00     108122
20200917  14065698   40.7333  -124.2225     20.950   0.00    0.00    0.00   0.00     108123
20210706   9253208   40.7333  -124.2225     20.950   0.00    0.00    0.00   0.00     108124
20210707   8562736   40.7333  -124.2225     20.950   0.00    0.00    0.00   0.00     108125
20210707   8575896   40.7333  -124.2225     20.950   0.00    0.00    0.00   0.00     108126
20210707   8574296   40.7333  -124.2225     20.950   0.00    0.00    0.00   0.00     108127
20210717   8162448   40.7333  -124.2225     20.950   0.00    0.00    0.00   0.00     108128
20210717   8050682   40.7333  -124.2225     20.950   0.00    0.00    0.00   0.00     108129
20210717   8043828   40.7333  -124.2225     20.950   0.00    0.00    0.00   0.00     108130
20210802   6253214   40.7333  -124.2225     20.950   0.00    0.00    0.00   0.00     108131
20210913   8285322   40.7333  -124.2225     20.950   0.00    0.00    0.00   0.00     108132
20210913  12475656   40.7333  -124.2225     20.950   0.00    0.00    0.00   0.00     108133
20210916   6312338   40.7333  -124.2225     20.950   0.00    0.00    0.00   0.00     108134
20210925  19334966   40.7333  -124.2225     20.950   0.00    0.00    0.00   0.00     108135
20210925  19321396   40.7333  -124.2225     20.950   0.00    0.00    0.00   0.00     108136
20210925  21085476   40.7333  -124.2225     20.950   0.00    0.00    0.00   0.00     108137
20210925  22515634   40.7333  -124.2225     20.950   0.00    0.00    0.00   0.00     108138
20210925  19444048   40.7333  -124.2225     20.950   0.00    0.00    0.00   0.00     108139
20210926   2290656   40.7333  -124.2225     20.950   0.00    0.00    0.00   0.00     108140
20210926   8122682   40.7333  -124.2225     20.950   0.00    0.00    0.00   0.00     108141
20210926   2463080   40.7333  -124.2225     20.950   0.00    0.00    0.00   0.00     108142
20210926   5441066   40.7333  -124.2225     20.950   0.00    0.00    0.00   0.00     108143
20211002  14195094   40.7333  -124.2225     20.950   0.00    0.00    0.00   0.00     108144
20211002  15182294   40.7333  -124.2225     20.950   0.00    0.00    0.00   0.00     108145
20211002  13582290   40.7333  -124.2225     20.950   0.00    0.00    0.00   0.00     108146
20211002  13510098   40.7333  -124.2225     20.950   0.00    0.00    0.00   0.00     108147
20211010  10571244   40.7333  -124.2225     20.950   0.00    0.00    0.00   0.00     108148
20211010   9565534   40.7333  -124.2225     20.950   0.00    0.00    0.00   0.00     108149
20211010  12030770   40.7333  -124.2225     20.950   0.00    0.00    0.00   0.00     108150
20211010  10083236   40.7333  -124.2225     20.950   0.00    0.00    0.00   0.00     108151
20211010  11544544   40.7333  -124.2225     20.950   0.00    0.00    0.00   0.00     108152
20211010  11094458   40.7333  -124.2225     20.950   0.00    0.00    0.00   0.00     108153
20211010  11082520   40.7333  -124.2225     20.950   0.00    0.00    0.00   0.00     108154
20211010  11550362   40.7333  -124.2225     20.950   0.00    0.00    0.00   0.00     108155
20211012   3202534   40.7333  -124.2225     20.950   0.00    0.00    0.00   0.00     108156
20211012   3203420   40.7333  -124.2225     20.950   0.00    0.00    0.00   0.00     108157
20211015   8015830   40.7333  -124.2225     20.950   0.00    0.00    0.00   0.00     108158
20211018   5105808   40.7333  -124.2225     20.950   0.00    0.00    0.00   0.00     108159
20211018   5093078   40.7333  -124.2225     20.950   0.00    0.00    0.00   0.00     108160
20211022  10482072   40.7333  -124.2225     20.950   0.00    0.00    0.00   0.00     108161
20211208  21312056   40.7333  -124.2225     20.950   0.00    0.00    0.00   0.00     108162
20220101  14060272   40.7333  -124.2225     20.950   0.00    0.00    0.00   0.00     108163
20220323   3534340   40.7333  -124.2225     20.950   0.00    0.00    0.00   0.00     108164
20220325  19152916   40.7333  -124.2225     20.950   0.00    0.00    0.00   0.00     108165
20220325  14273332   40.7333  -124.2225     20.950   0.00    0.00    0.00   0.00     108166
20220325  14420876   40.7333  -124.2225     20.950   0.00    0.00    0.00   0.00     108167
20220325  11504472   40.7333  -124.2225     20.950   0.00    0.00    0.00   0.00     108168
20220326   4131634   40.7333  -124.2225     20.950   0.00    0.00    0.00   0.00     108169
20220326  10292152   40.7333  -124.2225     20.950   0.00    0.00    0.00   0.00     108170
20220326   9461868   40.7333  -124.2225     20.950   0.00    0.00    0.00   0.00     108171
20220327   3304024   40.7333  -124.2225     20.950   0.00    0.00    0.00   0.00     108172
20220327  12441670   40.7333  -124.2225     20.950   0.00    0.00    0.00   0.00     108173
20220327   7592246   40.7333  -124.2225     20.950   0.00    0.00    0.00   0.00     108174
20220330  11525930   40.7333  -124.2225     20.950   0.00    0.00    0.00   0.00     108175
20220402  16130424   40.7333  -124.2225     20.950   0.00    0.00    0.00   0.00     108176
20220603   7491632   40.7333  -124.2225     20.950   0.00    0.00    0.00   0.00     108177
20220622    282172   40.7333  -124.2225     20.950   0.00    0.00    0.00   0.00     108178
20220703  23301136   40.7333  -124.2225     20.950   0.00    0.00    0.00   0.00     108179
20220715  22121774   40.7333  -124.2225     20.950   0.00    0.00    0.00   0.00     108180
20220731  11242612   40.7333  -124.2225     20.950   0.00    0.00    0.00   0.00     108181
20220817   6230878   40.7333  -124.2225     20.950   0.00    0.00    0.00   0.00     108182
20221119  13421586   40.7333  -124.2225     20.950   0.00    0.00    0.00   0.00     108183
20221119  15222422   40.7333  -124.2225     20.950   0.00    0.00    0.00   0.00     108184
20221119  14160090   40.7333  -124.2225     20.950   0.00    0.00    0.00   0.00     108185
20200327   2095006   40.5231  -124.4194     19.200   0.00    0.00    0.00   0.00     108186
20211128   7272300   40.5231  -124.4194     19.200   0.00    0.00    0.00   0.00     108187
20211221    261014   40.5231  -124.4194     19.200   0.00    0.00    0.00   0.00     108188
20200327  13341902   40.4467  -124.5131     19.590   0.00    0.00    0.00   0.00     108189
20200328  10121696   40.4467  -124.5131     19.590   0.00    0.00    0.00   0.00     108190
20200410   1355098   40.4467  -124.5131     19.590   0.00    0.00    0.00   0.00     108191
20200623   3292402   40.4467  -124.5131     19.590   0.00    0.00    0.00   0.00     108192
20200624   4334434   40.4467  -124.5131     19.590   0.00    0.00    0.00   0.00     108193
20200711  16583140   40.4467  -124.5131     19.590   0.00    0.00    0.00   0.00     108194
20200725  22431306   40.4467  -124.5131     19.590   0.00    0.00    0.00   0.00     108195
20200726  23155328   40.4467  -124.5131     19.590   0.00    0.00    0.00   0.00     108196
20200914  16463318   40.4467  -124.5131     19.590   0.00    0.00    0.00   0.00     108197
20200926  20433618   40.4467  -124.5131     19.590   0.00    0.00    0.00   0.00     108198
20200927   5014902   40.4467  -124.5131     19.590   0.00    0.00    0.00   0.00     108199
20201026   4233354   40.4467  -124.5131     19.590   0.00    0.00    0.00   0.00     108200
20201215  14001238   40.4467  -124.5131     19.590   0.00    0.00    0.00   0.00     108201
20201216  23230162   40.4467  -124.5131     19.590   0.00    0.00    0.00   0.00     108202
20201217  22234782   40.4467  -124.5131     19.590   0.00    0.00    0.00   0.00     108203
20201220  15241256   40.4467  -124.5131     19.590   0.00    0.00    0.00   0.00     108204
20201222  19312484   40.4467  -124.5131     19.590   0.00    0.00    0.00   0.00     108205
20201229  12340826   40.4467  -124.5131     19.590   0.00    0.00    0.00   0.00     108206
20201229  12510328   40.4467  -124.5131     19.590   0.00    0.00    0.00   0.00     108207
20201229  12511588   40.4467  -124.5131     19.590   0.00    0.00    0.00   0.00     108208
20201231  14300956   40.4467  -124.5131     19.590   0.00    0.00    0.00   0.00     108209
20210101  17232808   40.4467  -124.5131     19.590   0.00    0.00    0.00   0.00     108210
20210102    535960   40.4467  -124.5131     19.590   0.00    0.00    0.00   0.00     108211
20210103  13462840   40.4467  -124.5131     19.590   0.00    0.00    0.00   0.00     108212
20210105  13260448   40.4467  -124.5131     19.590   0.00    0.00    0.00   0.00     108213
20210121  23511438   40.4467  -124.5131     19.590   0.00    0.00    0.00   0.00     108214
20210129  12171918   40.4467  -124.5131     19.590   0.00    0.00    0.00   0.00     108215
20210202   2422476   40.4467  -124.5131     19.590   0.00    0.00    0.00   0.00     108216
20210208  23342582   40.4467  -124.5131     19.590   0.00    0.00    0.00   0.00     108217
20210312  17255486   40.4467  -124.5131     19.590   0.00    0.00    0.00   0.00     108218
20210317   5083588   40.4467  -124.5131     19.590   0.00    0.00    0.00   0.00     108219
20210406  16052318   40.4467  -124.5131     19.590   0.00    0.00    0.00   0.00     108220
20210407  21224300   40.4467  -124.5131     19.590   0.00    0.00    0.00   0.00     108221
20210410  17575008   40.4467  -124.5131     19.590   0.00    0.00    0.00   0.00     108222
20210412   8341106   40.4467  -124.5131     19.590   0.00    0.00    0.00   0.00     108223
20210420   5045244   40.4467  -124.5131     19.590   0.00    0.00    0.00   0.00     108224
20210420   2252734   40.4467  -124.5131     19.590   0.00    0.00    0.00   0.00     108225
20210427  23513264   40.4467  -124.5131     19.590   0.00    0.00    0.00   0.00     108226
20210608  15445550   40.4467  -124.5131     19.590   0.00    0.00    0.00   0.00     108227
20210616  10354856   40.4467  -124.5131     19.590   0.00    0.00    0.00   0.00     108228
20210617   6251428   40.4467  -124.5131     19.590   0.00    0.00    0.00   0.00     108229
20210823  18002674   40.4467  -124.5131     19.590   0.00    0.00    0.00   0.00     108230
20210926  19364914   40.4467  -124.5131     19.590   0.00    0.00    0.00   0.00     108231
20211018  20271100   40.4467  -124.5131     19.590   0.00    0.00    0.00   0.00     108232
20211222  21365816   40.4467  -124.5131     19.590   0.00    0.00    0.00   0.00     108233
20220119  11394802   40.4467  -124.5131     19.590   0.00    0.00    0.00   0.00     108234
20220320  20280978   40.4467  -124.5131     19.590   0.00    0.00    0.00   0.00     108235
20220323  10074040   40.4467  -124.5131     19.590   0.00    0.00    0.00   0.00     108236
20220812   2442872   40.4467  -124.5131     19.590   0.00    0.00    0.00   0.00     108237
20220903  19355190   40.4467  -124.5131     19.590   0.00    0.00    0.00   0.00     108238
20200328   9470540   40.4733  -124.5062     21.210   0.00    0.00    0.00   0.00     108239
20200613  12352276   40.4733  -124.5062     21.210   0.00    0.00    0.00   0.00     108240
20210525  19140636   40.4733  -124.5062     21.210   0.00    0.00    0.00   0.00     108241
20210720   6053840   40.4733  -124.5062     21.210   0.00    0.00    0.00   0.00     108242
20210721  13035264   40.4733  -124.5062     21.210   0.00    0.00    0.00   0.00     108243
20211218  10182230   40.4733  -124.5062     21.210   0.00    0.00    0.00   0.00     108244
20211218   9531924   40.4733  -124.5062     21.210   0.00    0.00    0.00   0.00     108245
20211223  14032702   40.4733  -124.5062     21.210   0.00    0.00    0.00   0.00     108246
20211227  23374058   40.4733  -124.5062     21.210   0.00    0.00    0.00   0.00     108247
20220212   9284564   40.4733  -124.5062     21.210   0.00    0.00    0.00   0.00     108248
20220425  23053942   40.4733  -124.5062     21.210   0.00    0.00    0.00   0.00     108249
20220426  14270008   40.4733  -124.5062     21.210   0.00    0.00    0.00   0.00     108250
20220907  15260252   40.4733  -124.5062     21.210   0.00    0.00    0.00   0.00     108251
20220920   5413832   40.4733  -124.5062     21.210   0.00    0.00    0.00   0.00     108252
20200328  12195218   40.7495  -123.8290     21.900   0.00    0.00    0.00   0.00     108253
20200914  17475690   40.7495  -123.8290     21.900   0.00    0.00    0.00   0.00     108254
20211224  18291822   40.7495  -123.8290     21.900   0.00    0.00    0.00   0.00     108255
20200329   2103782   40.4864  -124.4578     17.800   0.00    0.00    0.00   0.00     108256
20200425  12261934   40.4864  -124.4578     17.800   0.00    0.00    0.00   0.00     108257
20211003   5550484   40.4864  -124.4578     17.800   0.00    0.00    0.00   0.00     108258
20211119   6493248   40.4864  -124.4578     17.800   0.00    0.00    0.00   0.00     108259
20200331   2550422   40.5185  -124.4223     19.070   0.00    0.00    0.00   0.00     108260
20200403   9163764   40.2915  -124.4998      7.900   0.00    0.00    0.00   0.00     108261
20200418  18573952   40.2915  -124.4998      7.900   0.00    0.00    0.00   0.00     108262
20200714   9162158   40.2915  -124.4998      7.900   0.00    0.00    0.00   0.00     108263
20200717  16010538   40.2915  -124.4998      7.900   0.00    0.00    0.00   0.00     108264
20200719  14140004   40.2915  -124.4998      7.900   0.00    0.00    0.00   0.00     108265
20200719   7160284   40.2915  -124.4998      7.900   0.00    0.00    0.00   0.00     108266
20200719  13470872   40.2915  -124.4998      7.900   0.00    0.00    0.00   0.00     108267
20200720   2365736   40.2915  -124.4998      7.900   0.00    0.00    0.00   0.00     108268
20200723   6342178   40.2915  -124.4998      7.900   0.00    0.00    0.00   0.00     108269
20211221   1494972   40.2915  -124.4998      7.900   0.00    0.00    0.00   0.00     108270
20211221   4391612   40.2915  -124.4998      7.900   0.00    0.00    0.00   0.00     108271
20211221   4291498   40.2915  -124.4998      7.900   0.00    0.00    0.00   0.00     108272
20211221   1504174   40.2915  -124.4998      7.900   0.00    0.00    0.00   0.00     108273
20220419  17202874   40.2915  -124.4998      7.900   0.00    0.00    0.00   0.00     108274
20220720   7490102   40.2915  -124.4998      7.900   0.00    0.00    0.00   0.00     108275
20220828  20284574   40.2915  -124.4998      7.900   0.00    0.00    0.00   0.00     108276
20200404  18490520   40.3511  -124.4414     23.910   0.00    0.00    0.00   0.00     108277
20200426  15580882   40.3511  -124.4414     23.910   0.00    0.00    0.00   0.00     108278
20200725  16100138   40.3511  -124.4414     23.910   0.00    0.00    0.00   0.00     108279
20200818  10192866   40.3511  -124.4414     23.910   0.00    0.00    0.00   0.00     108280
20200911  17135790   40.3511  -124.4414     23.910   0.00    0.00    0.00   0.00     108281
20201016   1281714   40.3511  -124.4414     23.910   0.00    0.00    0.00   0.00     108282
20201105   9144010   40.3511  -124.4414     23.910   0.00    0.00    0.00   0.00     108283
20201108  23384352   40.3511  -124.4414     23.910   0.00    0.00    0.00   0.00     108284
20201203  22404362   40.3511  -124.4414     23.910   0.00    0.00    0.00   0.00     108285
20210307   5024696   40.3511  -124.4414     23.910   0.00    0.00    0.00   0.00     108286
20210320  23161364   40.3511  -124.4414     23.910   0.00    0.00    0.00   0.00     108287
20210525   9205552   40.3511  -124.4414     23.910   0.00    0.00    0.00   0.00     108288
20210902   5592820   40.3511  -124.4414     23.910   0.00    0.00    0.00   0.00     108289
20211021  13110198   40.3511  -124.4414     23.910   0.00    0.00    0.00   0.00     108290
20211030   8353338   40.3511  -124.4414     23.910   0.00    0.00    0.00   0.00     108291
20211123   8365064   40.3511  -124.4414     23.910   0.00    0.00    0.00   0.00     108292
20211123  15042644   40.3511  -124.4414     23.910   0.00    0.00    0.00   0.00     108293
20211124  17013054   40.3511  -124.4414     23.910   0.00    0.00    0.00   0.00     108294
20211124   8494000   40.3511  -124.4414     23.910   0.00    0.00    0.00   0.00     108295
20211126  13394088   40.3511  -124.4414     23.910   0.00    0.00    0.00   0.00     108296
20211128  21033086   40.3511  -124.4414     23.910   0.00    0.00    0.00   0.00     108297
20211130  11290798   40.3511  -124.4414     23.910   0.00    0.00    0.00   0.00     108298
20211211  13254326   40.3511  -124.4414     23.910   0.00    0.00    0.00   0.00     108299
20211220  20512572   40.3511  -124.4414     23.910   0.00    0.00    0.00   0.00     108300
20211221   9275234   40.3511  -124.4414     23.910   0.00    0.00    0.00   0.00     108301
20211221   1283638   40.3511  -124.4414     23.910   0.00    0.00    0.00   0.00     108302
20211221   1441246   40.3511  -124.4414     23.910   0.00    0.00    0.00   0.00     108303
20211221  19494884   40.3511  -124.4414     23.910   0.00    0.00    0.00   0.00     108304
20211221  17515084   40.3511  -124.4414     23.910   0.00    0.00    0.00   0.00     108305
20211221  11235366   40.3511  -124.4414     23.910   0.00    0.00    0.00   0.00     108306
20211224  16555664   40.3511  -124.4414     23.910   0.00    0.00    0.00   0.00     108307
20211227     21742   40.3511  -124.4414     23.910   0.00    0.00    0.00   0.00     108308
20220103  21392684   40.3511  -124.4414     23.910   0.00    0.00    0.00   0.00     108309
20220107  23164100   40.3511  -124.4414     23.910   0.00    0.00    0.00   0.00     108310
20220117   6043786   40.3511  -124.4414     23.910   0.00    0.00    0.00   0.00     108311
20220124  21585600   40.3511  -124.4414     23.910   0.00    0.00    0.00   0.00     108312
20220201   3384682   40.3511  -124.4414     23.910   0.00    0.00    0.00   0.00     108313
20220212  15145044   40.3511  -124.4414     23.910   0.00    0.00    0.00   0.00     108314
20220314  17541894   40.3511  -124.4414     23.910   0.00    0.00    0.00   0.00     108315
20220314   6561560   40.3511  -124.4414     23.910   0.00    0.00    0.00   0.00     108316
20220323   4450772   40.3511  -124.4414     23.910   0.00    0.00    0.00   0.00     108317
20220325  11390636   40.3511  -124.4414     23.910   0.00    0.00    0.00   0.00     108318
20220524   8513474   40.3511  -124.4414     23.910   0.00    0.00    0.00   0.00     108319
20220524   3565676   40.3511  -124.4414     23.910   0.00    0.00    0.00   0.00     108320
20220602  23180284   40.3511  -124.4414     23.910   0.00    0.00    0.00   0.00     108321
20220624    594606   40.3511  -124.4414     23.910   0.00    0.00    0.00   0.00     108322
20220710  22192176   40.3511  -124.4414     23.910   0.00    0.00    0.00   0.00     108323
20220901  16101872   40.3511  -124.4414     23.910   0.00    0.00    0.00   0.00     108324
20221016  16424290   40.3511  -124.4414     23.910   0.00    0.00    0.00   0.00     108325
20221111  10001032   40.3511  -124.4414     23.910   0.00    0.00    0.00   0.00     108326
20221129   5184764   40.3511  -124.4414     23.910   0.00    0.00    0.00   0.00     108327
20200405   1315490   40.3387  -124.5528      6.120   0.00    0.00    0.00   0.00     108328
20201228  14192326   40.3387  -124.5528      6.120   0.00    0.00    0.00   0.00     108329
20210208  21553918   40.3387  -124.5528      6.120   0.00    0.00    0.00   0.00     108330
20210531  14180830   40.3387  -124.5528      6.120   0.00    0.00    0.00   0.00     108331
20210713  23122702   40.3387  -124.5528      6.120   0.00    0.00    0.00   0.00     108332
20211201  11273900   40.3387  -124.5528      6.120   0.00    0.00    0.00   0.00     108333
20220123   9425358   40.3387  -124.5528      6.120   0.00    0.00    0.00   0.00     108334
20220123  18001600   40.3387  -124.5528      6.120   0.00    0.00    0.00   0.00     108335
20220825   9194688   40.3387  -124.5528      6.120   0.00    0.00    0.00   0.00     108336
20220830  16155216   40.3387  -124.5528      6.120   0.00    0.00    0.00   0.00     108337
20220831  20324912   40.3387  -124.5528      6.120   0.00    0.00    0.00   0.00     108338
20200406     52122   40.4407  -123.9975     29.300   0.00    0.00    0.00   0.00     108339
20211028   3273204   40.4407  -123.9975     29.300   0.00    0.00    0.00   0.00     108340
20211104  14174678   40.4407  -123.9975     29.300   0.00    0.00    0.00   0.00     108341
20200407  11270890   40.5192  -124.4208     18.520   0.00    0.00    0.00   0.00     108342
20220514   3103526   40.5192  -124.4208     18.520   0.00    0.00    0.00   0.00     108343
20220605  23402462   40.5192  -124.4208     18.520   0.00    0.00    0.00   0.00     108344
20200408  18405132   40.5372  -124.2035     20.410   0.00    0.00    0.00   0.00     108345
20220505  14310420   40.5372  -124.2035     20.410   0.00    0.00    0.00   0.00     108346
20200409   7281672   40.5048  -124.4430     18.380   0.00    0.00    0.00   0.00     108347
20200927   2120436   40.5048  -124.4430     18.380   0.00    0.00    0.00   0.00     108348
20210322   4025454   40.5048  -124.4430     18.380   0.00    0.00    0.00   0.00     108349
20210918   2161844   40.5048  -124.4430     18.380   0.00    0.00    0.00   0.00     108350
20211205   2254472   40.5048  -124.4430     18.380   0.00    0.00    0.00   0.00     108351
20211221   3233050   40.5048  -124.4430     18.380   0.00    0.00    0.00   0.00     108352
20220515   9291014   40.5048  -124.4430     18.380   0.00    0.00    0.00   0.00     108353
20220530   8415090   40.5048  -124.4430     18.380   0.00    0.00    0.00   0.00     108354
20220702   3464116   40.5048  -124.4430     18.380   0.00    0.00    0.00   0.00     108355
20200409   8380102   40.5686  -124.0910     22.470   0.00    0.00    0.00   0.00     108356
20210221  19353866   40.5686  -124.0910     22.470   0.00    0.00    0.00   0.00     108357
20211031  11183372   40.5686  -124.0910     22.470   0.00    0.00    0.00   0.00     108358
20220206   9491378   40.5686  -124.0910     22.470   0.00    0.00    0.00   0.00     108359
20220609   7121814   40.5686  -124.0910     22.470   0.00    0.00    0.00   0.00     108360
20200409  21012482   40.4911  -124.2069     20.730   0.00    0.00    0.00   0.00     108361
20200711  17195260   40.4911  -124.2069     20.730   0.00    0.00    0.00   0.00     108362
20200812  11282494   40.4911  -124.2069     20.730   0.00    0.00    0.00   0.00     108363
20200812  11233282   40.4911  -124.2069     20.730   0.00    0.00    0.00   0.00     108364
20200816  23214848   40.4911  -124.2069     20.730   0.00    0.00    0.00   0.00     108365
20201004   9372972   40.4911  -124.2069     20.730   0.00    0.00    0.00   0.00     108366
20201008   4465668   40.4911  -124.2069     20.730   0.00    0.00    0.00   0.00     108367
20201103   7190354   40.4911  -124.2069     20.730   0.00    0.00    0.00   0.00     108368
20210219   9542104   40.4911  -124.2069     20.730   0.00    0.00    0.00   0.00     108369
20210601  21554242   40.4911  -124.2069     20.730   0.00    0.00    0.00   0.00     108370
20220109   4114848   40.4911  -124.2069     20.730   0.00    0.00    0.00   0.00     108371
20220113  17061964   40.4911  -124.2069     20.730   0.00    0.00    0.00   0.00     108372
20220207  11463528   40.4911  -124.2069     20.730   0.00    0.00    0.00   0.00     108373
20220212  15442750   40.4911  -124.2069     20.730   0.00    0.00    0.00   0.00     108374
20220421  17074110   40.4911  -124.2069     20.730   0.00    0.00    0.00   0.00     108375
20220422  17554166   40.4911  -124.2069     20.730   0.00    0.00    0.00   0.00     108376
20220718  16485634   40.4911  -124.2069     20.730   0.00    0.00    0.00   0.00     108377
20220727   4352798   40.4911  -124.2069     20.730   0.00    0.00    0.00   0.00     108378
20220803   6334806   40.4911  -124.2069     20.730   0.00    0.00    0.00   0.00     108379
20220901  10450988   40.4911  -124.2069     20.730   0.00    0.00    0.00   0.00     108380
20221126  10343400   40.4911  -124.2069     20.730   0.00    0.00    0.00   0.00     108381
20221126  13303716   40.4911  -124.2069     20.730   0.00    0.00    0.00   0.00     108382
20200409  10105870   40.3815  -124.2502     12.830   0.00    0.00    0.00   0.00     108383
20201129  10343344   40.3815  -124.2502     12.830   0.00    0.00    0.00   0.00     108384
20211220  20325348   40.3815  -124.2502     12.830   0.00    0.00    0.00   0.00     108385
20211220  22271004   40.3815  -124.2502     12.830   0.00    0.00    0.00   0.00     108386
20211221    552814   40.3815  -124.2502     12.830   0.00    0.00    0.00   0.00     108387
20211221  12131014   40.3815  -124.2502     12.830   0.00    0.00    0.00   0.00     108388
20211223   5372766   40.3815  -124.2502     12.830   0.00    0.00    0.00   0.00     108389
20220102    535316   40.3815  -124.2502     12.830   0.00    0.00    0.00   0.00     108390
20220115   7384404   40.3815  -124.2502     12.830   0.00    0.00    0.00   0.00     108391
20220225   8270454   40.3815  -124.2502     12.830   0.00    0.00    0.00   0.00     108392
20220228   2183194   40.3815  -124.2502     12.830   0.00    0.00    0.00   0.00     108393
20220418  12101980   40.3815  -124.2502     12.830   0.00    0.00    0.00   0.00     108394
20220420  11145470   40.3815  -124.2502     12.830   0.00    0.00    0.00   0.00     108395
20220622  18021152   40.3815  -124.2502     12.830   0.00    0.00    0.00   0.00     108396
20220626   5231934   40.3815  -124.2502     12.830   0.00    0.00    0.00   0.00     108397
20220706  11442998   40.3815  -124.2502     12.830   0.00    0.00    0.00   0.00     108398
20220830   8371682   40.3815  -124.2502     12.830   0.00    0.00    0.00   0.00     108399
20220905     32308   40.3815  -124.2502     12.830   0.00    0.00    0.00   0.00     108400
20220922   6371848   40.3815  -124.2502     12.830   0.00    0.00    0.00   0.00     108401
20221008  11130102   40.3815  -124.2502     12.830   0.00    0.00    0.00   0.00     108402
20221008   9034594   40.3815  -124.2502     12.830   0.00    0.00    0.00   0.00     108403
20221021  14283916   40.3815  -124.2502     12.830   0.00    0.00    0.00   0.00     108404
20221031  11375500   40.3815  -124.2502     12.830   0.00    0.00    0.00   0.00     108405
20221102  13570386   40.3815  -124.2502     12.830   0.00    0.00    0.00   0.00     108406
20221112  15294106   40.3815  -124.2502     12.830   0.00    0.00    0.00   0.00     108407
20221116   6483980   40.3815  -124.2502     12.830   0.00    0.00    0.00   0.00     108408
20200411  23231990   40.3043  -124.4679     21.010   0.00    0.00    0.00   0.00     108409
20210613  20314174   40.3043  -124.4679     21.010   0.00    0.00    0.00   0.00     108410
20210906   2581028   40.3043  -124.4679     21.010   0.00    0.00    0.00   0.00     108411
20220128   6045320   40.3043  -124.4679     21.010   0.00    0.00    0.00   0.00     108412
20200413   9583296   40.4594  -124.5089     26.430   0.00    0.00    0.00   0.00     108413
20200828  23504512   40.4594  -124.5089     26.430   0.00    0.00    0.00   0.00     108414
20200924  22173696   40.4594  -124.5089     26.430   0.00    0.00    0.00   0.00     108415
20210203   1212806   40.4594  -124.5089     26.430   0.00    0.00    0.00   0.00     108416
20210218   2451394   40.4594  -124.5089     26.430   0.00    0.00    0.00   0.00     108417
20210220   1443522   40.4594  -124.5089     26.430   0.00    0.00    0.00   0.00     108418
20210331   7065982   40.4594  -124.5089     26.430   0.00    0.00    0.00   0.00     108419
20210819  22110296   40.4594  -124.5089     26.430   0.00    0.00    0.00   0.00     108420
20210819  19374624   40.4594  -124.5089     26.430   0.00    0.00    0.00   0.00     108421
20211129  21272662   40.4594  -124.5089     26.430   0.00    0.00    0.00   0.00     108422
20211221  13470944   40.4594  -124.5089     26.430   0.00    0.00    0.00   0.00     108423
20220213   8542304   40.4594  -124.5089     26.430   0.00    0.00    0.00   0.00     108424
20220518  23583792   40.4594  -124.5089     26.430   0.00    0.00    0.00   0.00     108425
20220612    123048   40.4594  -124.5089     26.430   0.00    0.00    0.00   0.00     108426
20220715   4281332   40.4594  -124.5089     26.430   0.00    0.00    0.00   0.00     108427
20220828  22165418   40.4594  -124.5089     26.430   0.00    0.00    0.00   0.00     108428
20221017    392988   40.4594  -124.5089     26.430   0.00    0.00    0.00   0.00     108429
20221114  21274084   40.4594  -124.5089     26.430   0.00    0.00    0.00   0.00     108430
20200414    130946   40.7491  -124.2345     12.320   0.00    0.00    0.00   0.00     108431
20200418   7235112   40.7491  -124.2345     12.320   0.00    0.00    0.00   0.00     108432
20201121   6253572   40.7491  -124.2345     12.320   0.00    0.00    0.00   0.00     108433
20201121   7260944   40.7491  -124.2345     12.320   0.00    0.00    0.00   0.00     108434
20210918   9050300   40.7491  -124.2345     12.320   0.00    0.00    0.00   0.00     108435
20220118  23240596   40.7491  -124.2345     12.320   0.00    0.00    0.00   0.00     108436
20220118  23250214   40.7491  -124.2345     12.320   0.00    0.00    0.00   0.00     108437
20220119  20334554   40.7491  -124.2345     12.320   0.00    0.00    0.00   0.00     108438
20220119  21293398   40.7491  -124.2345     12.320   0.00    0.00    0.00   0.00     108439
20220120     61972   40.7491  -124.2345     12.320   0.00    0.00    0.00   0.00     108440
20220120  16095312   40.7491  -124.2345     12.320   0.00    0.00    0.00   0.00     108441
20220207   2404868   40.7491  -124.2345     12.320   0.00    0.00    0.00   0.00     108442
20200415   2054530   40.4442  -124.0382     25.260   0.00    0.00    0.00   0.00     108443
20200913  11441266   40.4442  -124.0382     25.260   0.00    0.00    0.00   0.00     108444
20210405  21320132   40.4442  -124.0382     25.260   0.00    0.00    0.00   0.00     108445
20210628  16280292   40.4442  -124.0382     25.260   0.00    0.00    0.00   0.00     108446
20211220  22164420   40.4442  -124.0382     25.260   0.00    0.00    0.00   0.00     108447
20221011  10540888   40.4442  -124.0382     25.260   0.00    0.00    0.00   0.00     108448
20200416  21101474   40.4842  -124.2386     19.150   0.00    0.00    0.00   0.00     108449
20200624  23254114   40.4842  -124.2386     19.150   0.00    0.00    0.00   0.00     108450
20200626   4421056   40.4842  -124.2386     19.150   0.00    0.00    0.00   0.00     108451
20210203   2524542   40.4842  -124.2386     19.150   0.00    0.00    0.00   0.00     108452
20211220  22075758   40.4842  -124.2386     19.150   0.00    0.00    0.00   0.00     108453
20211222   7381662   40.4842  -124.2386     19.150   0.00    0.00    0.00   0.00     108454
20200418   4324790   40.4336  -124.5543     19.880   0.00    0.00    0.00   0.00     108455
20200419  13594570   40.6147  -124.0983     16.840   0.00    0.00    0.00   0.00     108456
20200914  22071986   40.6147  -124.0983     16.840   0.00    0.00    0.00   0.00     108457
20200419  15413900   40.5281  -124.4010     18.610   0.00    0.00    0.00   0.00     108458
20211223  15073560   40.5281  -124.4010     18.610   0.00    0.00    0.00   0.00     108459
20200419  16085872   40.6180  -124.0949     18.580   0.00    0.00    0.00   0.00     108460
20200419  15584902   40.6180  -124.0949     18.580   0.00    0.00    0.00   0.00     108461
20200526   2333580   40.6180  -124.0949     18.580   0.00    0.00    0.00   0.00     108462
20200626  10390088   40.6180  -124.0949     18.580   0.00    0.00    0.00   0.00     108463
20220122  11101660   40.6180  -124.0949     18.580   0.00    0.00    0.00   0.00     108464
20220129   6142978   40.6180  -124.0949     18.580   0.00    0.00    0.00   0.00     108465
20200419  16210722   40.5689  -124.3756     24.910   0.00    0.00    0.00   0.00     108466
20210521  11203290   40.5689  -124.3756     24.910   0.00    0.00    0.00   0.00     108467
20211008  12335558   40.5689  -124.3756     24.910   0.00    0.00    0.00   0.00     108468
20211015  11021466   40.5689  -124.3756     24.910   0.00    0.00    0.00   0.00     108469
20211020   9491458   40.5689  -124.3756     24.910   0.00    0.00    0.00   0.00     108470
20220106   9222498   40.5689  -124.3756     24.910   0.00    0.00    0.00   0.00     108471
20220626   8081170   40.5689  -124.3756     24.910   0.00    0.00    0.00   0.00     108472
20220709  23501290   40.5689  -124.3756     24.910   0.00    0.00    0.00   0.00     108473
20200419  23242254   40.4972  -124.4305     26.440   0.00    0.00    0.00   0.00     108474
20200821  16410202   40.4972  -124.4305     26.440   0.00    0.00    0.00   0.00     108475
20201011  17544050   40.4972  -124.4305     26.440   0.00    0.00    0.00   0.00     108476
20210122  18024176   40.4972  -124.4305     26.440   0.00    0.00    0.00   0.00     108477
20210626   8212234   40.4972  -124.4305     26.440   0.00    0.00    0.00   0.00     108478
20210926   7211482   40.4972  -124.4305     26.440   0.00    0.00    0.00   0.00     108479
20211105  18125448   40.4972  -124.4305     26.440   0.00    0.00    0.00   0.00     108480
20211107   4504274   40.4972  -124.4305     26.440   0.00    0.00    0.00   0.00     108481
20211212  20480730   40.4972  -124.4305     26.440   0.00    0.00    0.00   0.00     108482
20220115  16295782   40.4972  -124.4305     26.440   0.00    0.00    0.00   0.00     108483
20220128   6232298   40.4972  -124.4305     26.440   0.00    0.00    0.00   0.00     108484
20220222  16113558   40.4972  -124.4305     26.440   0.00    0.00    0.00   0.00     108485
20220302  23351820   40.4972  -124.4305     26.440   0.00    0.00    0.00   0.00     108486
20220302  23351116   40.4972  -124.4305     26.440   0.00    0.00    0.00   0.00     108487
20220503  13092508   40.4972  -124.4305     26.440   0.00    0.00    0.00   0.00     108488
20221006  18523514   40.4972  -124.4305     26.440   0.00    0.00    0.00   0.00     108489
20200419   6455778   40.6187  -124.0285     23.060   0.00    0.00    0.00   0.00     108490
20200421  11215414   40.5180  -124.3423     18.650   0.00    0.00    0.00   0.00     108491
20200619   5302996   40.5180  -124.3423     18.650   0.00    0.00    0.00   0.00     108492
20210312   1303856   40.5180  -124.3423     18.650   0.00    0.00    0.00   0.00     108493
20210614  22350446   40.5180  -124.3423     18.650   0.00    0.00    0.00   0.00     108494
20210614  21360226   40.5180  -124.3423     18.650   0.00    0.00    0.00   0.00     108495
20210614  21444596   40.5180  -124.3423     18.650   0.00    0.00    0.00   0.00     108496
20210615   9442064   40.5180  -124.3423     18.650   0.00    0.00    0.00   0.00     108497
20210615   8530616   40.5180  -124.3423     18.650   0.00    0.00    0.00   0.00     108498
20210615   9300218   40.5180  -124.3423     18.650   0.00    0.00    0.00   0.00     108499
20210615   9150552   40.5180  -124.3423     18.650   0.00    0.00    0.00   0.00     108500
20211211   4203874   40.5180  -124.3423     18.650   0.00    0.00    0.00   0.00     108501
20200422  10540470   40.5242  -124.4152     19.260   0.00    0.00    0.00   0.00     108502
20210420  21155396   40.5242  -124.4152     19.260   0.00    0.00    0.00   0.00     108503
20220401   4264398   40.5242  -124.4152     19.260   0.00    0.00    0.00   0.00     108504
20200424   1553654   40.6064  -124.0866     16.480   0.00    0.00    0.00   0.00     108505
20200424   4322422   40.5515  -124.3127     26.810   0.00    0.00    0.00   0.00     108506
20200424  18442744   40.6172  -124.0730     26.000   0.00    0.00    0.00   0.00     108507
20210317   7582492   40.6172  -124.0730     26.000   0.00    0.00    0.00   0.00     108508
20210321  14083286   40.6172  -124.0730     26.000   0.00    0.00    0.00   0.00     108509
20210321  14525052   40.6172  -124.0730     26.000   0.00    0.00    0.00   0.00     108510
20211121   2213406   40.6172  -124.0730     26.000   0.00    0.00    0.00   0.00     108511
20200424  18443462   40.6019  -124.0832     26.660   0.00    0.00    0.00   0.00     108512
20221112  18594988   40.6019  -124.0832     26.660   0.00    0.00    0.00   0.00     108513
20200430  13505660   40.5422  -124.4293     13.060   0.00    0.00    0.00   0.00     108514
20211220  22564922   40.5422  -124.4293     13.060   0.00    0.00    0.00   0.00     108515
20220514   3213848   40.5422  -124.4293     13.060   0.00    0.00    0.00   0.00     108516
20220514   3125198   40.5422  -124.4293     13.060   0.00    0.00    0.00   0.00     108517
20200430  23351368   40.5652  -124.1160     22.930   0.00    0.00    0.00   0.00     108518
20200502  20025236   40.2901  -124.5218      9.400   0.00    0.00    0.00   0.00     108519
20200525   5310468   40.2901  -124.5218      9.400   0.00    0.00    0.00   0.00     108520
20200618  10021998   40.2901  -124.5218      9.400   0.00    0.00    0.00   0.00     108521
20200827   8483606   40.2901  -124.5218      9.400   0.00    0.00    0.00   0.00     108522
20201119     15514   40.2901  -124.5218      9.400   0.00    0.00    0.00   0.00     108523
20201219  23435318   40.2901  -124.5218      9.400   0.00    0.00    0.00   0.00     108524
20201222  13565580   40.2901  -124.5218      9.400   0.00    0.00    0.00   0.00     108525
20201222   2312528   40.2901  -124.5218      9.400   0.00    0.00    0.00   0.00     108526
20210306   5495098   40.2901  -124.5218      9.400   0.00    0.00    0.00   0.00     108527
20210307   9293516   40.2901  -124.5218      9.400   0.00    0.00    0.00   0.00     108528
20210322  14282118   40.2901  -124.5218      9.400   0.00    0.00    0.00   0.00     108529
20210322  16430742   40.2901  -124.5218      9.400   0.00    0.00    0.00   0.00     108530
20210322  15194630   40.2901  -124.5218      9.400   0.00    0.00    0.00   0.00     108531
20210327  20114018   40.2901  -124.5218      9.400   0.00    0.00    0.00   0.00     108532
20210328   8381420   40.2901  -124.5218      9.400   0.00    0.00    0.00   0.00     108533
20210328   5194666   40.2901  -124.5218      9.400   0.00    0.00    0.00   0.00     108534
20210328  11372450   40.2901  -124.5218      9.400   0.00    0.00    0.00   0.00     108535
20210328   1315376   40.2901  -124.5218      9.400   0.00    0.00    0.00   0.00     108536
20210523  16140830   40.2901  -124.5218      9.400   0.00    0.00    0.00   0.00     108537
20210623  21093214   40.2901  -124.5218      9.400   0.00    0.00    0.00   0.00     108538
20210709  15012750   40.2901  -124.5218      9.400   0.00    0.00    0.00   0.00     108539
20210712  23222452   40.2901  -124.5218      9.400   0.00    0.00    0.00   0.00     108540
20210717   2345412   40.2901  -124.5218      9.400   0.00    0.00    0.00   0.00     108541
20220107  18161414   40.2901  -124.5218      9.400   0.00    0.00    0.00   0.00     108542
20220429  22514520   40.2901  -124.5218      9.400   0.00    0.00    0.00   0.00     108543
20220512   9032070   40.2901  -124.5218      9.400   0.00    0.00    0.00   0.00     108544
20220710  15081774   40.2901  -124.5218      9.400   0.00    0.00    0.00   0.00     108545
20220803  22114110   40.2901  -124.5218      9.400   0.00    0.00    0.00   0.00     108546
20220928   8425182   40.2901  -124.5218      9.400   0.00    0.00    0.00   0.00     108547
20220928   8391106   40.2901  -124.5218      9.400   0.00    0.00    0.00   0.00     108548
20221009   8230004   40.2901  -124.5218      9.400   0.00    0.00    0.00   0.00     108549
20221021   4182072   40.2901  -124.5218      9.400   0.00    0.00    0.00   0.00     108550
20221027  19463602   40.2901  -124.5218      9.400   0.00    0.00    0.00   0.00     108551
20221121  18133208   40.2901  -124.5218      9.400   0.00    0.00    0.00   0.00     108552
20221122   5120030   40.2901  -124.5218      9.400   0.00    0.00    0.00   0.00     108553
20221122   5123472   40.2901  -124.5218      9.400   0.00    0.00    0.00   0.00     108554
20200503   3484412   40.5741  -124.1612     22.410   0.00    0.00    0.00   0.00     108555
20200604   9593474   40.5741  -124.1612     22.410   0.00    0.00    0.00   0.00     108556
20200608   5373736   40.5741  -124.1612     22.410   0.00    0.00    0.00   0.00     108557
20200831  23045600   40.5741  -124.1612     22.410   0.00    0.00    0.00   0.00     108558
20201218  23055726   40.5741  -124.1612     22.410   0.00    0.00    0.00   0.00     108559
20210117   1502214   40.5741  -124.1612     22.410   0.00    0.00    0.00   0.00     108560
20210709   6475982   40.5741  -124.1612     22.410   0.00    0.00    0.00   0.00     108561
20210919   9423646   40.5741  -124.1612     22.410   0.00    0.00    0.00   0.00     108562
20220107  19030254   40.5741  -124.1612     22.410   0.00    0.00    0.00   0.00     108563
20220207   2373012   40.5741  -124.1612     22.410   0.00    0.00    0.00   0.00     108564
20220928  15563708   40.5741  -124.1612     22.410   0.00    0.00    0.00   0.00     108565
20200505  15411974   40.6334  -124.1105     32.260   0.00    0.00    0.00   0.00     108566
20210715  13510720   40.6334  -124.1105     32.260   0.00    0.00    0.00   0.00     108567
20220913  18523456   40.6334  -124.1105     32.260   0.00    0.00    0.00   0.00     108568
20200506   2152666   40.5085  -124.4940     25.970   0.00    0.00    0.00   0.00     108569
20210727   7342404   40.5085  -124.4940     25.970   0.00    0.00    0.00   0.00     108570
20200509  23482142   40.6038  -124.0932     18.430   0.00    0.00    0.00   0.00     108571
20200509  23325836   40.6038  -124.0932     18.430   0.00    0.00    0.00   0.00     108572
20200509  23260774   40.6089  -124.0874     18.980   0.00    0.00    0.00   0.00     108573
20200509  23210836   40.6089  -124.0874     18.980   0.00    0.00    0.00   0.00     108574
20200509  23382946   40.6089  -124.0874     18.980   0.00    0.00    0.00   0.00     108575
20200511  18074494   40.4881  -124.4995     15.660   0.00    0.00    0.00   0.00     108576
20200519  16064142   40.4881  -124.4995     15.660   0.00    0.00    0.00   0.00     108577
20220319  17384572   40.4881  -124.4995     15.660   0.00    0.00    0.00   0.00     108578
20220418   1315054   40.4881  -124.4995     15.660   0.00    0.00    0.00   0.00     108579
20200513   5084296   40.5201  -124.4345     19.480   0.00    0.00    0.00   0.00     108580
20200513  20030430   40.6309  -124.4612      6.610   0.00    0.00    0.00   0.00     108581
20200513  18311412   40.6309  -124.4612      6.610   0.00    0.00    0.00   0.00     108582
20200514  18385856   40.6309  -124.4612      6.610   0.00    0.00    0.00   0.00     108583
20200520  16511468   40.6309  -124.4612      6.610   0.00    0.00    0.00   0.00     108584
20200521  13442834   40.6309  -124.4612      6.610   0.00    0.00    0.00   0.00     108585
20200828   6340920   40.6309  -124.4612      6.610   0.00    0.00    0.00   0.00     108586
20210330  17122564   40.6309  -124.4612      6.610   0.00    0.00    0.00   0.00     108587
20210330  22433478   40.6309  -124.4612      6.610   0.00    0.00    0.00   0.00     108588
20210331  17405850   40.6309  -124.4612      6.610   0.00    0.00    0.00   0.00     108589
20210401   6165576   40.6309  -124.4612      6.610   0.00    0.00    0.00   0.00     108590
20210401   5182494   40.6309  -124.4612      6.610   0.00    0.00    0.00   0.00     108591
20210407   4375226   40.6309  -124.4612      6.610   0.00    0.00    0.00   0.00     108592
20210926  20331578   40.6309  -124.4612      6.610   0.00    0.00    0.00   0.00     108593
20211217  19373664   40.6309  -124.4612      6.610   0.00    0.00    0.00   0.00     108594
20220828  14421586   40.6309  -124.4612      6.610   0.00    0.00    0.00   0.00     108595
20221024  21453660   40.6309  -124.4612      6.610   0.00    0.00    0.00   0.00     108596
20221024  23161030   40.6309  -124.4612      6.610   0.00    0.00    0.00   0.00     108597
20221111  16425546   40.6309  -124.4612      6.610   0.00    0.00    0.00   0.00     108598
20200515  21284416   40.5497  -124.2620     26.040   0.00    0.00    0.00   0.00     108599
20200808   3073620   40.5497  -124.2620     26.040   0.00    0.00    0.00   0.00     108600
20210718   8374414   40.5497  -124.2620     26.040   0.00    0.00    0.00   0.00     108601
20211220  23461628   40.5497  -124.2620     26.040   0.00    0.00    0.00   0.00     108602
20220426  12161570   40.5497  -124.2620     26.040   0.00    0.00    0.00   0.00     108603
20220614   4294076   40.5497  -124.2620     26.040   0.00    0.00    0.00   0.00     108604
20220629   2183358   40.5497  -124.2620     26.040   0.00    0.00    0.00   0.00     108605
20200518  15501262   40.6099  -124.0787     16.630   0.00    0.00    0.00   0.00     108606
20200620   7034328   40.6099  -124.0787     16.630   0.00    0.00    0.00   0.00     108607
20210524  12044514   40.6099  -124.0787     16.630   0.00    0.00    0.00   0.00     108608
20200521   5493672   40.5311  -124.3391     17.570   0.00    0.00    0.00   0.00     108609
20200521   6001806   40.5311  -124.3391     17.570   0.00    0.00    0.00   0.00     108610
20200521   5493204   40.5324  -124.3422     16.930   0.00    0.00    0.00   0.00     108611
20200521   6001338   40.5324  -124.3422     16.930   0.00    0.00    0.00   0.00     108612
20200522   7531644   40.6671  -124.0238     19.890   0.00    0.00    0.00   0.00     108613
20220314  22020472   40.6671  -124.0238     19.890   0.00    0.00    0.00   0.00     108614
20221123   8411116   40.6671  -124.0238     19.890   0.00    0.00    0.00   0.00     108615
20200527  17284646   40.5343  -124.3975     17.520   0.00    0.00    0.00   0.00     108616
20211221   9141232   40.5343  -124.3975     17.520   0.00    0.00    0.00   0.00     108617
20200529   3101098   40.5230  -124.4116     18.900   0.00    0.00    0.00   0.00     108618
20200530  15060218   40.4499  -124.0240     25.790   0.00    0.00    0.00   0.00     108619
20201105  21092956   40.4499  -124.0240     25.790   0.00    0.00    0.00   0.00     108620
20211015  19100784   40.4499  -124.0240     25.790   0.00    0.00    0.00   0.00     108621
20200530  12272134   40.6117  -124.0990     27.800   0.00    0.00    0.00   0.00     108622
20200531  14020910   40.6805  -124.1413     30.330   0.00    0.00    0.00   0.00     108623
20200601  23581782   40.5188  -124.3324     17.790   0.00    0.00    0.00   0.00     108624
20200624   4565376   40.5188  -124.3324     17.790   0.00    0.00    0.00   0.00     108625
20200625  13003562   40.5188  -124.3324     17.790   0.00    0.00    0.00   0.00     108626
20200703  18500048   40.5188  -124.3324     17.790   0.00    0.00    0.00   0.00     108627
20200715  10530062   40.5188  -124.3324     17.790   0.00    0.00    0.00   0.00     108628
20200715  17203752   40.5188  -124.3324     17.790   0.00    0.00    0.00   0.00     108629
20210614  23225166   40.5188  -124.3324     17.790   0.00    0.00    0.00   0.00     108630
20211222   7594450   40.5188  -124.3324     17.790   0.00    0.00    0.00   0.00     108631
20211223  14202638   40.5188  -124.3324     17.790   0.00    0.00    0.00   0.00     108632
20211224   4265608   40.5188  -124.3324     17.790   0.00    0.00    0.00   0.00     108633
20211225    540236   40.5188  -124.3324     17.790   0.00    0.00    0.00   0.00     108634
20220106  14275504   40.5188  -124.3324     17.790   0.00    0.00    0.00   0.00     108635
20220119  22165820   40.5188  -124.3324     17.790   0.00    0.00    0.00   0.00     108636
20200602  10440518   40.3149  -124.5366     24.810   0.00    0.00    0.00   0.00     108637
20201129   1173294   40.3149  -124.5366     24.810   0.00    0.00    0.00   0.00     108638
20210414  17584320   40.3149  -124.5366     24.810   0.00    0.00    0.00   0.00     108639
20210614  19182466   40.3149  -124.5366     24.810   0.00    0.00    0.00   0.00     108640
20210704  20354448   40.3149  -124.5366     24.810   0.00    0.00    0.00   0.00     108641
20210724  14243534   40.3149  -124.5366     24.810   0.00    0.00    0.00   0.00     108642
20211023  12064670   40.3149  -124.5366     24.810   0.00    0.00    0.00   0.00     108643
20211220  17093316   40.3149  -124.5366     24.810   0.00    0.00    0.00   0.00     108644
20220123  10231704   40.3149  -124.5366     24.810   0.00    0.00    0.00   0.00     108645
20220312   5210100   40.3149  -124.5366     24.810   0.00    0.00    0.00   0.00     108646
20220510  16494754   40.3149  -124.5366     24.810   0.00    0.00    0.00   0.00     108647
20220525  13264796   40.3149  -124.5366     24.810   0.00    0.00    0.00   0.00     108648
20220614   1485564   40.3149  -124.5366     24.810   0.00    0.00    0.00   0.00     108649
20220703   6002818   40.3149  -124.5366     24.810   0.00    0.00    0.00   0.00     108650
20220817   2035742   40.3149  -124.5366     24.810   0.00    0.00    0.00   0.00     108651
20221023  21481912   40.3149  -124.5366     24.810   0.00    0.00    0.00   0.00     108652
20221102  17123136   40.3149  -124.5366     24.810   0.00    0.00    0.00   0.00     108653
20200603  12354022   40.5786  -124.1937     18.930   0.00    0.00    0.00   0.00     108654
20211012   3272574   40.5786  -124.1937     18.930   0.00    0.00    0.00   0.00     108655
20200606   7184498   40.5749  -124.2031     19.140   0.00    0.00    0.00   0.00     108656
20200607   9184904   40.4893  -124.3393     19.320   0.00    0.00    0.00   0.00     108657
20220107   1193046   40.4893  -124.3393     19.320   0.00    0.00    0.00   0.00     108658
20220119   7342958   40.4893  -124.3393     19.320   0.00    0.00    0.00   0.00     108659
20220130  15391444   40.4893  -124.3393     19.320   0.00    0.00    0.00   0.00     108660
20220131   6024920   40.4893  -124.3393     19.320   0.00    0.00    0.00   0.00     108661
20220205  17103100   40.4893  -124.3393     19.320   0.00    0.00    0.00   0.00     108662
20220305  15045676   40.4893  -124.3393     19.320   0.00    0.00    0.00   0.00     108663
20220305  15200048   40.4893  -124.3393     19.320   0.00    0.00    0.00   0.00     108664
20220305  14131556   40.4893  -124.3393     19.320   0.00    0.00    0.00   0.00     108665
20220305  15243386   40.4893  -124.3393     19.320   0.00    0.00    0.00   0.00     108666
20220305  15242638   40.4893  -124.3393     19.320   0.00    0.00    0.00   0.00     108667
20220316  23284856   40.4893  -124.3393     19.320   0.00    0.00    0.00   0.00     108668
20220317  16010946   40.4893  -124.3393     19.320   0.00    0.00    0.00   0.00     108669
20220318   2022114   40.4893  -124.3393     19.320   0.00    0.00    0.00   0.00     108670
20220318   2555614   40.4893  -124.3393     19.320   0.00    0.00    0.00   0.00     108671
20220323    155260   40.4893  -124.3393     19.320   0.00    0.00    0.00   0.00     108672
20220513  21130436   40.4893  -124.3393     19.320   0.00    0.00    0.00   0.00     108673
20220513  11030134   40.4893  -124.3393     19.320   0.00    0.00    0.00   0.00     108674
20220709  13105800   40.4893  -124.3393     19.320   0.00    0.00    0.00   0.00     108675
20220719  14430306   40.4893  -124.3393     19.320   0.00    0.00    0.00   0.00     108676
20220719   5591226   40.4893  -124.3393     19.320   0.00    0.00    0.00   0.00     108677
20220724  16371526   40.4893  -124.3393     19.320   0.00    0.00    0.00   0.00     108678
20220724  20162668   40.4893  -124.3393     19.320   0.00    0.00    0.00   0.00     108679
20220726   2565312   40.4893  -124.3393     19.320   0.00    0.00    0.00   0.00     108680
20220912   7561984   40.4893  -124.3393     19.320   0.00    0.00    0.00   0.00     108681
20220912  16262386   40.4893  -124.3393     19.320   0.00    0.00    0.00   0.00     108682
20220912   6563432   40.4893  -124.3393     19.320   0.00    0.00    0.00   0.00     108683
20220912   6571684   40.4893  -124.3393     19.320   0.00    0.00    0.00   0.00     108684
20220912   6474504   40.4893  -124.3393     19.320   0.00    0.00    0.00   0.00     108685
20220912   7021494   40.4893  -124.3393     19.320   0.00    0.00    0.00   0.00     108686
20220912   6554764   40.4893  -124.3393     19.320   0.00    0.00    0.00   0.00     108687
20220912   7004178   40.4893  -124.3393     19.320   0.00    0.00    0.00   0.00     108688
20220912   6584414   40.4893  -124.3393     19.320   0.00    0.00    0.00   0.00     108689
20220913  12000926   40.4893  -124.3393     19.320   0.00    0.00    0.00   0.00     108690
20220913  12382870   40.4893  -124.3393     19.320   0.00    0.00    0.00   0.00     108691
20220913  23593994   40.4893  -124.3393     19.320   0.00    0.00    0.00   0.00     108692
20220915   4384234   40.4893  -124.3393     19.320   0.00    0.00    0.00   0.00     108693
20220919  10452092   40.4893  -124.3393     19.320   0.00    0.00    0.00   0.00     108694
20221013     15318   40.4893  -124.3393     19.320   0.00    0.00    0.00   0.00     108695
20221030   8204180   40.4893  -124.3393     19.320   0.00    0.00    0.00   0.00     108696
20221121  11032710   40.4893  -124.3393     19.320   0.00    0.00    0.00   0.00     108697
20221121   9564736   40.4893  -124.3393     19.320   0.00    0.00    0.00   0.00     108698
20221121  11244384   40.4893  -124.3393     19.320   0.00    0.00    0.00   0.00     108699
20221121  11053424   40.4893  -124.3393     19.320   0.00    0.00    0.00   0.00     108700
20221121  12023390   40.4893  -124.3393     19.320   0.00    0.00    0.00   0.00     108701
20221121  12214322   40.4893  -124.3393     19.320   0.00    0.00    0.00   0.00     108702
20221121  11045424   40.4893  -124.3393     19.320   0.00    0.00    0.00   0.00     108703
20221122   1391148   40.4893  -124.3393     19.320   0.00    0.00    0.00   0.00     108704
20221124   7162412   40.4893  -124.3393     19.320   0.00    0.00    0.00   0.00     108705
20221127   8292146   40.4893  -124.3393     19.320   0.00    0.00    0.00   0.00     108706
20221127   7150586   40.4893  -124.3393     19.320   0.00    0.00    0.00   0.00     108707
20221127   7042140   40.4893  -124.3393     19.320   0.00    0.00    0.00   0.00     108708
20221128   2294950   40.4893  -124.3393     19.320   0.00    0.00    0.00   0.00     108709
20200607   8430468   40.6018  -124.2011     19.230   0.00    0.00    0.00   0.00     108710
20210728   4304260   40.6018  -124.2011     19.230   0.00    0.00    0.00   0.00     108711
20210812   4061576   40.6018  -124.2011     19.230   0.00    0.00    0.00   0.00     108712
20211027   9035258   40.6018  -124.2011     19.230   0.00    0.00    0.00   0.00     108713
20220303  18485580   40.6018  -124.2011     19.230   0.00    0.00    0.00   0.00     108714
20200607  18135806   40.2905  -124.4565     13.260   0.00    0.00    0.00   0.00     108715
20200814  12383366   40.2905  -124.4565     13.260   0.00    0.00    0.00   0.00     108716
20210518  12055072   40.2905  -124.4565     13.260   0.00    0.00    0.00   0.00     108717
20210718  19183292   40.2905  -124.4565     13.260   0.00    0.00    0.00   0.00     108718
20220203   9123482   40.2905  -124.4565     13.260   0.00    0.00    0.00   0.00     108719
20221114    204540   40.2905  -124.4565     13.260   0.00    0.00    0.00   0.00     108720
20221115   3394974   40.2905  -124.4565     13.260   0.00    0.00    0.00   0.00     108721
20221115   3353414   40.2905  -124.4565     13.260   0.00    0.00    0.00   0.00     108722
20200613   9383406   40.5057  -124.4426     18.340   0.00    0.00    0.00   0.00     108723
20200614  11454562   40.6295  -123.9213     20.890   0.00    0.00    0.00   0.00     108724
20210609   6180446   40.6295  -123.9213     20.890   0.00    0.00    0.00   0.00     108725
20210620  12565622   40.6295  -123.9213     20.890   0.00    0.00    0.00   0.00     108726
20220312   3444014   40.6295  -123.9213     20.890   0.00    0.00    0.00   0.00     108727
20220629   8021782   40.6295  -123.9213     20.890   0.00    0.00    0.00   0.00     108728
20220629  10040624   40.6295  -123.9213     20.890   0.00    0.00    0.00   0.00     108729
20220913  20153592   40.6295  -123.9213     20.890   0.00    0.00    0.00   0.00     108730
20220923   5154216   40.6295  -123.9213     20.890   0.00    0.00    0.00   0.00     108731
20221013  19355566   40.6295  -123.9213     20.890   0.00    0.00    0.00   0.00     108732
20221013  19362422   40.6295  -123.9213     20.890   0.00    0.00    0.00   0.00     108733
20200614   9195566   40.3069  -124.4291      8.890   0.00    0.00    0.00   0.00     108734
20200614  12335324   40.3069  -124.4291      8.890   0.00    0.00    0.00   0.00     108735
20201006  17412244   40.3069  -124.4291      8.890   0.00    0.00    0.00   0.00     108736
20210703   4090460   40.3069  -124.4291      8.890   0.00    0.00    0.00   0.00     108737
20210703   3265756   40.3069  -124.4291      8.890   0.00    0.00    0.00   0.00     108738
20210811    342912   40.3069  -124.4291      8.890   0.00    0.00    0.00   0.00     108739
20210820  23510458   40.3069  -124.4291      8.890   0.00    0.00    0.00   0.00     108740
20210820  17341992   40.3069  -124.4291      8.890   0.00    0.00    0.00   0.00     108741
20210820  21380466   40.3069  -124.4291      8.890   0.00    0.00    0.00   0.00     108742
20210821   2015800   40.3069  -124.4291      8.890   0.00    0.00    0.00   0.00     108743
20210821   4430008   40.3069  -124.4291      8.890   0.00    0.00    0.00   0.00     108744
20210822  13013196   40.3069  -124.4291      8.890   0.00    0.00    0.00   0.00     108745
20210920  22544706   40.3069  -124.4291      8.890   0.00    0.00    0.00   0.00     108746
20211129  10574252   40.3069  -124.4291      8.890   0.00    0.00    0.00   0.00     108747
20211129  19420746   40.3069  -124.4291      8.890   0.00    0.00    0.00   0.00     108748
20211129  18424892   40.3069  -124.4291      8.890   0.00    0.00    0.00   0.00     108749
20211129  12093970   40.3069  -124.4291      8.890   0.00    0.00    0.00   0.00     108750
20220730  14581058   40.3069  -124.4291      8.890   0.00    0.00    0.00   0.00     108751
20220730  14230874   40.3069  -124.4291      8.890   0.00    0.00    0.00   0.00     108752
20220830  13432820   40.3069  -124.4291      8.890   0.00    0.00    0.00   0.00     108753
20220922   8024940   40.3069  -124.4291      8.890   0.00    0.00    0.00   0.00     108754
20220922   2364814   40.3069  -124.4291      8.890   0.00    0.00    0.00   0.00     108755
20220923   1193690   40.3069  -124.4291      8.890   0.00    0.00    0.00   0.00     108756
20200614  14584062   40.5353  -124.0485     19.840   0.00    0.00    0.00   0.00     108757
20210304  22225856   40.5353  -124.0485     19.840   0.00    0.00    0.00   0.00     108758
20220222  19271332   40.5353  -124.0485     19.840   0.00    0.00    0.00   0.00     108759
20220314   4004142   40.5353  -124.0485     19.840   0.00    0.00    0.00   0.00     108760
20220407  13291908   40.5353  -124.0485     19.840   0.00    0.00    0.00   0.00     108761
20200618  16064308   40.3215  -124.5598     11.790   0.00    0.00    0.00   0.00     108762
20211111  11573406   40.3215  -124.5598     11.790   0.00    0.00    0.00   0.00     108763
20220109   2481252   40.3215  -124.5598     11.790   0.00    0.00    0.00   0.00     108764
20220512   9113436   40.3215  -124.5598     11.790   0.00    0.00    0.00   0.00     108765
20220607   9490126   40.3215  -124.5598     11.790   0.00    0.00    0.00   0.00     108766
20200620  16504846   40.6208  -124.0853     18.640   0.00    0.00    0.00   0.00     108767
20201214  11303594   40.6208  -124.0853     18.640   0.00    0.00    0.00   0.00     108768
20200621   7580738   40.6300  -124.0382     20.530   0.00    0.00    0.00   0.00     108769
20200623   9463216   40.5004  -123.8959     22.150   0.00    0.00    0.00   0.00     108770
20200623  15432852   40.5004  -123.8959     22.150   0.00    0.00    0.00   0.00     108771
20200623  15040578   40.5004  -123.8959     22.150   0.00    0.00    0.00   0.00     108772
20200623   9283344   40.5004  -123.8959     22.150   0.00    0.00    0.00   0.00     108773
20210201    442638   40.5004  -123.8959     22.150   0.00    0.00    0.00   0.00     108774
20210312   6121586   40.5004  -123.8959     22.150   0.00    0.00    0.00   0.00     108775
20211003  15333066   40.5004  -123.8959     22.150   0.00    0.00    0.00   0.00     108776
20211003  15424480   40.5004  -123.8959     22.150   0.00    0.00    0.00   0.00     108777
20211005   6184314   40.5004  -123.8959     22.150   0.00    0.00    0.00   0.00     108778
20211005   3592948   40.5004  -123.8959     22.150   0.00    0.00    0.00   0.00     108779
20211006  16452974   40.5004  -123.8959     22.150   0.00    0.00    0.00   0.00     108780
20211006  14472438   40.5004  -123.8959     22.150   0.00    0.00    0.00   0.00     108781
20211006  17132804   40.5004  -123.8959     22.150   0.00    0.00    0.00   0.00     108782
20211006   2503150   40.5004  -123.8959     22.150   0.00    0.00    0.00   0.00     108783
20211006  18402762   40.5004  -123.8959     22.150   0.00    0.00    0.00   0.00     108784
20211006  19491928   40.5004  -123.8959     22.150   0.00    0.00    0.00   0.00     108785
20211006  19391782   40.5004  -123.8959     22.150   0.00    0.00    0.00   0.00     108786
20211006    471284   40.5004  -123.8959     22.150   0.00    0.00    0.00   0.00     108787
20211006  20575398   40.5004  -123.8959     22.150   0.00    0.00    0.00   0.00     108788
20211006  11422374   40.5004  -123.8959     22.150   0.00    0.00    0.00   0.00     108789
20211007  19233944   40.5004  -123.8959     22.150   0.00    0.00    0.00   0.00     108790
20211008   6332974   40.5004  -123.8959     22.150   0.00    0.00    0.00   0.00     108791
20211008   4583570   40.5004  -123.8959     22.150   0.00    0.00    0.00   0.00     108792
20211009  20311872   40.5004  -123.8959     22.150   0.00    0.00    0.00   0.00     108793
20211009  19444422   40.5004  -123.8959     22.150   0.00    0.00    0.00   0.00     108794
20211009   3573072   40.5004  -123.8959     22.150   0.00    0.00    0.00   0.00     108795
20211009  19403880   40.5004  -123.8959     22.150   0.00    0.00    0.00   0.00     108796
20211010  14554602   40.5004  -123.8959     22.150   0.00    0.00    0.00   0.00     108797
20211010   5400888   40.5004  -123.8959     22.150   0.00    0.00    0.00   0.00     108798
20211222  20352894   40.5004  -123.8959     22.150   0.00    0.00    0.00   0.00     108799
20220915  21290754   40.5004  -123.8959     22.150   0.00    0.00    0.00   0.00     108800
20200624  16585046   40.5520  -124.2443     17.630   0.00    0.00    0.00   0.00     108801
20200624  14534412   40.5520  -124.2443     17.630   0.00    0.00    0.00   0.00     108802
20200625   5591158   40.5520  -124.2443     17.630   0.00    0.00    0.00   0.00     108803
20200625  17182708   40.5520  -124.2443     17.630   0.00    0.00    0.00   0.00     108804
20200626  17470476   40.5520  -124.2443     17.630   0.00    0.00    0.00   0.00     108805
20200626  12585740   40.5520  -124.2443     17.630   0.00    0.00    0.00   0.00     108806
20200626   4543294   40.5520  -124.2443     17.630   0.00    0.00    0.00   0.00     108807
20200626   3040414   40.5520  -124.2443     17.630   0.00    0.00    0.00   0.00     108808
20200627  15474662   40.5520  -124.2443     17.630   0.00    0.00    0.00   0.00     108809
20200627   3233408   40.5520  -124.2443     17.630   0.00    0.00    0.00   0.00     108810
20200627  12341348   40.5520  -124.2443     17.630   0.00    0.00    0.00   0.00     108811
20200627  13170492   40.5520  -124.2443     17.630   0.00    0.00    0.00   0.00     108812
20200627   3261360   40.5520  -124.2443     17.630   0.00    0.00    0.00   0.00     108813
20200628   7031580   40.5520  -124.2443     17.630   0.00    0.00    0.00   0.00     108814
20200628  21572972   40.5520  -124.2443     17.630   0.00    0.00    0.00   0.00     108815
20200628   2521456   40.5520  -124.2443     17.630   0.00    0.00    0.00   0.00     108816
20200628   9423552   40.5520  -124.2443     17.630   0.00    0.00    0.00   0.00     108817
20200629  22022568   40.5520  -124.2443     17.630   0.00    0.00    0.00   0.00     108818
20200630   3332782   40.5520  -124.2443     17.630   0.00    0.00    0.00   0.00     108819
20200630  11162034   40.5520  -124.2443     17.630   0.00    0.00    0.00   0.00     108820
20200701   2490890   40.5520  -124.2443     17.630   0.00    0.00    0.00   0.00     108821
20200705   2291032   40.5520  -124.2443     17.630   0.00    0.00    0.00   0.00     108822
20200705   9171330   40.5520  -124.2443     17.630   0.00    0.00    0.00   0.00     108823
20200711  15124390   40.5520  -124.2443     17.630   0.00    0.00    0.00   0.00     108824
20200715  12002614   40.5520  -124.2443     17.630   0.00    0.00    0.00   0.00     108825
20200719   1502076   40.5520  -124.2443     17.630   0.00    0.00    0.00   0.00     108826
20210718  10162378   40.5520  -124.2443     17.630   0.00    0.00    0.00   0.00     108827
20210723   4224570   40.5520  -124.2443     17.630   0.00    0.00    0.00   0.00     108828
20210723   6502460   40.5520  -124.2443     17.630   0.00    0.00    0.00   0.00     108829
20210923  19331648   40.5520  -124.2443     17.630   0.00    0.00    0.00   0.00     108830
20200627   9172988   40.7206  -124.2294     17.170   0.00    0.00    0.00   0.00     108831
20200627   1383622   40.7206  -124.2294     17.170   0.00    0.00    0.00   0.00     108832
20200707  22530456   40.7206  -124.2294     17.170   0.00    0.00    0.00   0.00     108833
20210628   9174854   40.7206  -124.2294     17.170   0.00    0.00    0.00   0.00     108834
20211003   5045294   40.7206  -124.2294     17.170   0.00    0.00    0.00   0.00     108835
20211012  14001796   40.7206  -124.2294     17.170   0.00    0.00    0.00   0.00     108836
20220219  18094738   40.7206  -124.2294     17.170   0.00    0.00    0.00   0.00     108837
20200629   9331360   40.5010  -124.4386     25.470   0.00    0.00    0.00   0.00     108838
20210407  10385074   40.5010  -124.4386     25.470   0.00    0.00    0.00   0.00     108839
20211107   2425476   40.5010  -124.4386     25.470   0.00    0.00    0.00   0.00     108840
20220515  10083770   40.5010  -124.4386     25.470   0.00    0.00    0.00   0.00     108841
20220530   5515912   40.5010  -124.4386     25.470   0.00    0.00    0.00   0.00     108842
20200630  18244554   40.5073  -123.9761     20.990   0.00    0.00    0.00   0.00     108843
20201107   5033114   40.5073  -123.9761     20.990   0.00    0.00    0.00   0.00     108844
20210625  11470372   40.5073  -123.9761     20.990   0.00    0.00    0.00   0.00     108845
20210629  14492890   40.5073  -123.9761     20.990   0.00    0.00    0.00   0.00     108846
20210712   8065246   40.5073  -123.9761     20.990   0.00    0.00    0.00   0.00     108847
20210731  15402706   40.5073  -123.9761     20.990   0.00    0.00    0.00   0.00     108848
20211006  18175640   40.5073  -123.9761     20.990   0.00    0.00    0.00   0.00     108849
20220107  22344292   40.5073  -123.9761     20.990   0.00    0.00    0.00   0.00     108850
20220121  15525918   40.5073  -123.9761     20.990   0.00    0.00    0.00   0.00     108851
20220131   8263692   40.5073  -123.9761     20.990   0.00    0.00    0.00   0.00     108852
20220606   8252056   40.5073  -123.9761     20.990   0.00    0.00    0.00   0.00     108853
20220726   5202820   40.5073  -123.9761     20.990   0.00    0.00    0.00   0.00     108854
20221119  11570928   40.5073  -123.9761     20.990   0.00    0.00    0.00   0.00     108855
20200704   6140036   40.6068  -124.0936     20.560   0.00    0.00    0.00   0.00     108856
20210607  21434562   40.6068  -124.0936     20.560   0.00    0.00    0.00   0.00     108857
20220602   2585660   40.6068  -124.0936     20.560   0.00    0.00    0.00   0.00     108858
20200706  15031642   40.6032  -124.1315     20.580   0.00    0.00    0.00   0.00     108859
20200708  15045100   40.6260  -123.9207     20.530   0.00    0.00    0.00   0.00     108860
20210731  17414516   40.6260  -123.9207     20.530   0.00    0.00    0.00   0.00     108861
20220609  21583670   40.6260  -123.9207     20.530   0.00    0.00    0.00   0.00     108862
20221106  11254316   40.6260  -123.9207     20.530   0.00    0.00    0.00   0.00     108863
20200712   6100918   40.6023  -123.8928     26.850   0.00    0.00    0.00   0.00     108864
20210725   9123224   40.6023  -123.8928     26.850   0.00    0.00    0.00   0.00     108865
20220920  20352980   40.6023  -123.8928     26.850   0.00    0.00    0.00   0.00     108866
20221006   4564920   40.6023  -123.8928     26.850   0.00    0.00    0.00   0.00     108867
20200718  13340302   40.6749  -124.1821     18.090   0.00    0.00    0.00   0.00     108868
20200721   8195850   40.6749  -124.1821     18.090   0.00    0.00    0.00   0.00     108869
20210319   7063090   40.6749  -124.1821     18.090   0.00    0.00    0.00   0.00     108870
20211003  23223338   40.6749  -124.1821     18.090   0.00    0.00    0.00   0.00     108871
20211215  13030284   40.6749  -124.1821     18.090   0.00    0.00    0.00   0.00     108872
20220922  18460532   40.6749  -124.1821     18.090   0.00    0.00    0.00   0.00     108873
20200720  18093108   40.3652  -124.1121     23.080   0.00    0.00    0.00   0.00     108874
20210617  12351396   40.3652  -124.1121     23.080   0.00    0.00    0.00   0.00     108875
20210624   2583416   40.3652  -124.1121     23.080   0.00    0.00    0.00   0.00     108876
20211010   1390698   40.3652  -124.1121     23.080   0.00    0.00    0.00   0.00     108877
20211012  15355872   40.3652  -124.1121     23.080   0.00    0.00    0.00   0.00     108878
20211016   2055750   40.3652  -124.1121     23.080   0.00    0.00    0.00   0.00     108879
20211016   3124336   40.3652  -124.1121     23.080   0.00    0.00    0.00   0.00     108880
20211016   3142888   40.3652  -124.1121     23.080   0.00    0.00    0.00   0.00     108881
20211117   5312336   40.3652  -124.1121     23.080   0.00    0.00    0.00   0.00     108882
20211216   2344430   40.3652  -124.1121     23.080   0.00    0.00    0.00   0.00     108883
20211221  16385152   40.3652  -124.1121     23.080   0.00    0.00    0.00   0.00     108884
20211231   9132844   40.3652  -124.1121     23.080   0.00    0.00    0.00   0.00     108885
20220106  18502328   40.3652  -124.1121     23.080   0.00    0.00    0.00   0.00     108886
20220107  23141134   40.3652  -124.1121     23.080   0.00    0.00    0.00   0.00     108887
20220221   3022460   40.3652  -124.1121     23.080   0.00    0.00    0.00   0.00     108888
20220313  22102838   40.3652  -124.1121     23.080   0.00    0.00    0.00   0.00     108889
20220618  12014956   40.3652  -124.1121     23.080   0.00    0.00    0.00   0.00     108890
20220618  12002088   40.3652  -124.1121     23.080   0.00    0.00    0.00   0.00     108891
20220902   1530694   40.3652  -124.1121     23.080   0.00    0.00    0.00   0.00     108892
20220915   1520934   40.3652  -124.1121     23.080   0.00    0.00    0.00   0.00     108893
20221011  13023794   40.3652  -124.1121     23.080   0.00    0.00    0.00   0.00     108894
20221110   1455868   40.3652  -124.1121     23.080   0.00    0.00    0.00   0.00     108895
20221118   1184664   40.3652  -124.1121     23.080   0.00    0.00    0.00   0.00     108896
20200721   9583688   40.6061  -124.1208     16.810   0.00    0.00    0.00   0.00     108897
20200727   5560534   40.3077  -124.4698     21.460   0.00    0.00    0.00   0.00     108898
20211016  11082598   40.3077  -124.4698     21.460   0.00    0.00    0.00   0.00     108899
20211221   2233216   40.3077  -124.4698     21.460   0.00    0.00    0.00   0.00     108900
20200728  10542052   40.6023  -124.1082     18.770   0.00    0.00    0.00   0.00     108901
20200907   5020570   40.6023  -124.1082     18.770   0.00    0.00    0.00   0.00     108902
20200729  11534518   40.2916  -124.4919      9.590   0.00    0.00    0.00   0.00     108903
20200920  18361720   40.2916  -124.4919      9.590   0.00    0.00    0.00   0.00     108904
20201006   5194196   40.2916  -124.4919      9.590   0.00    0.00    0.00   0.00     108905
20201125   7463748   40.2916  -124.4919      9.590   0.00    0.00    0.00   0.00     108906
20220101  14041466   40.2916  -124.4919      9.590   0.00    0.00    0.00   0.00     108907
20220902  10390076   40.2916  -124.4919      9.590   0.00    0.00    0.00   0.00     108908
20220902  12463790   40.2916  -124.4919      9.590   0.00    0.00    0.00   0.00     108909
20220902   8301644   40.2916  -124.4919      9.590   0.00    0.00    0.00   0.00     108910
20220903    180546   40.2916  -124.4919      9.590   0.00    0.00    0.00   0.00     108911
20220903   5483582   40.2916  -124.4919      9.590   0.00    0.00    0.00   0.00     108912
20221003   5362338   40.2916  -124.4919      9.590   0.00    0.00    0.00   0.00     108913
20200812   1190904   40.4982  -124.4601     16.720   0.00    0.00    0.00   0.00     108914
20210917  11403542   40.4982  -124.4601     16.720   0.00    0.00    0.00   0.00     108915
20220324   9502102   40.4982  -124.4601     16.720   0.00    0.00    0.00   0.00     108916
20220918   8044552   40.4982  -124.4601     16.720   0.00    0.00    0.00   0.00     108917
20200814   7591472   40.6458  -124.0198     19.320   0.00    0.00    0.00   0.00     108918
20200814   7291736   40.6458  -124.0198     19.320   0.00    0.00    0.00   0.00     108919
20201001   5145046   40.6458  -124.0198     19.320   0.00    0.00    0.00   0.00     108920
20211116  18500170   40.6458  -124.0198     19.320   0.00    0.00    0.00   0.00     108921
20200817  22440982   40.6090  -124.1163     20.070   0.00    0.00    0.00   0.00     108922
20200817  22370294   40.6090  -124.1163     20.070   0.00    0.00    0.00   0.00     108923
20201109   2053810   40.6090  -124.1163     20.070   0.00    0.00    0.00   0.00     108924
20210629   5322802   40.6090  -124.1163     20.070   0.00    0.00    0.00   0.00     108925
20210902   7033274   40.6090  -124.1163     20.070   0.00    0.00    0.00   0.00     108926
20210902   8330536   40.6090  -124.1163     20.070   0.00    0.00    0.00   0.00     108927
20200818   7422156   40.3807  -124.3275     29.040   0.00    0.00    0.00   0.00     108928
20210311  14403012   40.3807  -124.3275     29.040   0.00    0.00    0.00   0.00     108929
20210901  21394402   40.3807  -124.3275     29.040   0.00    0.00    0.00   0.00     108930
20211103   1032750   40.3807  -124.3275     29.040   0.00    0.00    0.00   0.00     108931
20211119   8093348   40.3807  -124.3275     29.040   0.00    0.00    0.00   0.00     108932
20211220  22414744   40.3807  -124.3275     29.040   0.00    0.00    0.00   0.00     108933
20211220  22393906   40.3807  -124.3275     29.040   0.00    0.00    0.00   0.00     108934
20211220  23441394   40.3807  -124.3275     29.040   0.00    0.00    0.00   0.00     108935
20211220  20200426   40.3807  -124.3275     29.040   0.00    0.00    0.00   0.00     108936
20211220  20392090   40.3807  -124.3275     29.040   0.00    0.00    0.00   0.00     108937
20211220  22134820   40.3807  -124.3275     29.040   0.00    0.00    0.00   0.00     108938
20211220  23114554   40.3807  -124.3275     29.040   0.00    0.00    0.00   0.00     108939
20211220  23542904   40.3807  -124.3275     29.040   0.00    0.00    0.00   0.00     108940
20211221  10562336   40.3807  -124.3275     29.040   0.00    0.00    0.00   0.00     108941
20211221   4205902   40.3807  -124.3275     29.040   0.00    0.00    0.00   0.00     108942
20211221   2002570   40.3807  -124.3275     29.040   0.00    0.00    0.00   0.00     108943
20211221  20284680   40.3807  -124.3275     29.040   0.00    0.00    0.00   0.00     108944
20211221    575628   40.3807  -124.3275     29.040   0.00    0.00    0.00   0.00     108945
20211222   6163792   40.3807  -124.3275     29.040   0.00    0.00    0.00   0.00     108946
20211222   4244626   40.3807  -124.3275     29.040   0.00    0.00    0.00   0.00     108947
20211222   8481764   40.3807  -124.3275     29.040   0.00    0.00    0.00   0.00     108948
20211223  21580848   40.3807  -124.3275     29.040   0.00    0.00    0.00   0.00     108949
20211223  10555718   40.3807  -124.3275     29.040   0.00    0.00    0.00   0.00     108950
20211224  10385038   40.3807  -124.3275     29.040   0.00    0.00    0.00   0.00     108951
20211224    484016   40.3807  -124.3275     29.040   0.00    0.00    0.00   0.00     108952
20211225  20250300   40.3807  -124.3275     29.040   0.00    0.00    0.00   0.00     108953
20220104   8332352   40.3807  -124.3275     29.040   0.00    0.00    0.00   0.00     108954
20220308  12561506   40.3807  -124.3275     29.040   0.00    0.00    0.00   0.00     108955
20200819   9203668   40.5356  -124.2433     18.360   0.00    0.00    0.00   0.00     108956
20210730   7011648   40.5356  -124.2433     18.360   0.00    0.00    0.00   0.00     108957
20211222  18465836   40.5356  -124.2433     18.360   0.00    0.00    0.00   0.00     108958
20220920  20461902   40.5356  -124.2433     18.360   0.00    0.00    0.00   0.00     108959
20200822   2463464   40.7346  -124.2875      6.030   0.00    0.00    0.00   0.00     108960
20220924  17081794   40.7346  -124.2875      6.030   0.00    0.00    0.00   0.00     108961
20200823    190282   40.6297  -124.0989     18.360   0.00    0.00    0.00   0.00     108962
20200907   4265874   40.6297  -124.0989     18.360   0.00    0.00    0.00   0.00     108963
20200907   4040634   40.6297  -124.0989     18.360   0.00    0.00    0.00   0.00     108964
20200823   5545100   40.5894  -124.1458     27.190   0.00    0.00    0.00   0.00     108965
20200828  21575778   40.5894  -124.1458     27.190   0.00    0.00    0.00   0.00     108966
20210728   4061586   40.5894  -124.1458     27.190   0.00    0.00    0.00   0.00     108967
20200824  14374200   40.4631  -123.9945     23.570   0.00    0.00    0.00   0.00     108968
20200930   6444954   40.4631  -123.9945     23.570   0.00    0.00    0.00   0.00     108969
20200825   2034074   40.6236  -124.2247     27.620   0.00    0.00    0.00   0.00     108970
20201207   4591632   40.6236  -124.2247     27.620   0.00    0.00    0.00   0.00     108971
20201207   4540930   40.6236  -124.2247     27.620   0.00    0.00    0.00   0.00     108972
20210405   6430212   40.6236  -124.2247     27.620   0.00    0.00    0.00   0.00     108973
20210602   8010406   40.6236  -124.2247     27.620   0.00    0.00    0.00   0.00     108974
20210619  15094334   40.6236  -124.2247     27.620   0.00    0.00    0.00   0.00     108975
20210802   1423252   40.6236  -124.2247     27.620   0.00    0.00    0.00   0.00     108976
20210927  13543016   40.6236  -124.2247     27.620   0.00    0.00    0.00   0.00     108977
20211119   5140698   40.6236  -124.2247     27.620   0.00    0.00    0.00   0.00     108978
20211126  15561894   40.6236  -124.2247     27.620   0.00    0.00    0.00   0.00     108979
20200828   8261268   40.5720  -124.1425     21.600   0.00    0.00    0.00   0.00     108980
20220724  17154556   40.5720  -124.1425     21.600   0.00    0.00    0.00   0.00     108981
20200831  17133528   40.5229  -124.4099     20.630   0.00    0.00    0.00   0.00     108982
20220912   6085708   40.5229  -124.4099     20.630   0.00    0.00    0.00   0.00     108983
20200901   9114168   40.6098  -124.0531     23.110   0.00    0.00    0.00   0.00     108984
20200905   4312992   40.6098  -124.0531     23.110   0.00    0.00    0.00   0.00     108985
20201124   1033822   40.6098  -124.0531     23.110   0.00    0.00    0.00   0.00     108986
20210821   3330876   40.6098  -124.0531     23.110   0.00    0.00    0.00   0.00     108987
20210919   2301504   40.6098  -124.0531     23.110   0.00    0.00    0.00   0.00     108988
20221119  10505828   40.6098  -124.0531     23.110   0.00    0.00    0.00   0.00     108989
20200901   3002848   40.5670  -124.2211     19.120   0.00    0.00    0.00   0.00     108990
20201210   5500280   40.5670  -124.2211     19.120   0.00    0.00    0.00   0.00     108991
20210324   9061658   40.5670  -124.2211     19.120   0.00    0.00    0.00   0.00     108992
20200906  20312572   40.5645  -123.9375     21.940   0.00    0.00    0.00   0.00     108993
20200906  14184440   40.5645  -123.9375     21.940   0.00    0.00    0.00   0.00     108994
20200907   3043628   40.5645  -123.9375     21.940   0.00    0.00    0.00   0.00     108995
20200914  19571316   40.5645  -123.9375     21.940   0.00    0.00    0.00   0.00     108996
20201003  18514410   40.5645  -123.9375     21.940   0.00    0.00    0.00   0.00     108997
20201123   2172988   40.5645  -123.9375     21.940   0.00    0.00    0.00   0.00     108998
20201123   2270108   40.5645  -123.9375     21.940   0.00    0.00    0.00   0.00     108999
20201130    441078   40.5645  -123.9375     21.940   0.00    0.00    0.00   0.00     109000
20210425   2441556   40.5645  -123.9375     21.940   0.00    0.00    0.00   0.00     109001
20210425   6582748   40.5645  -123.9375     21.940   0.00    0.00    0.00   0.00     109002
20210925   7213276   40.5645  -123.9375     21.940   0.00    0.00    0.00   0.00     109003
20211221  17222764   40.5645  -123.9375     21.940   0.00    0.00    0.00   0.00     109004
20220119  16504390   40.5645  -123.9375     21.940   0.00    0.00    0.00   0.00     109005
20220123   4174458   40.5645  -123.9375     21.940   0.00    0.00    0.00   0.00     109006
20220123  13554274   40.5645  -123.9375     21.940   0.00    0.00    0.00   0.00     109007
20220517  14522966   40.5645  -123.9375     21.940   0.00    0.00    0.00   0.00     109008
20200906   9374746   40.2985  -124.5738     12.600   0.00    0.00    0.00   0.00     109009
20200906  10551326   40.2985  -124.5738     12.600   0.00    0.00    0.00   0.00     109010
20210714  15140496   40.2985  -124.5738     12.600   0.00    0.00    0.00   0.00     109011
20220515  19185792   40.2985  -124.5738     12.600   0.00    0.00    0.00   0.00     109012
20220602  22065108   40.2985  -124.5738     12.600   0.00    0.00    0.00   0.00     109013
20220723  23073568   40.2985  -124.5738     12.600   0.00    0.00    0.00   0.00     109014
20220917   4420828   40.2985  -124.5738     12.600   0.00    0.00    0.00   0.00     109015
20200909  11121854   40.6040  -124.1230     20.340   0.00    0.00    0.00   0.00     109016
20220929  14013066   40.6040  -124.1230     20.340   0.00    0.00    0.00   0.00     109017
20200911  21155612   40.4195  -124.6222     15.850   0.00    0.00    0.00   0.00     109018
20200911  21241414   40.4195  -124.6222     15.850   0.00    0.00    0.00   0.00     109019
20210718   4020836   40.4195  -124.6222     15.850   0.00    0.00    0.00   0.00     109020
20220106  16115178   40.4195  -124.6222     15.850   0.00    0.00    0.00   0.00     109021
20220107   3482500   40.4195  -124.6222     15.850   0.00    0.00    0.00   0.00     109022
20220728  23324418   40.4195  -124.6222     15.850   0.00    0.00    0.00   0.00     109023
20220903   4530838   40.4195  -124.6222     15.850   0.00    0.00    0.00   0.00     109024
20220926  20402676   40.4195  -124.6222     15.850   0.00    0.00    0.00   0.00     109025
20221108  12315172   40.4195  -124.6222     15.850   0.00    0.00    0.00   0.00     109026
20200912   9100336   40.5215  -123.9146     21.310   0.00    0.00    0.00   0.00     109027
20211021  16305732   40.5215  -123.9146     21.310   0.00    0.00    0.00   0.00     109028
20211021  16231850   40.5215  -123.9146     21.310   0.00    0.00    0.00   0.00     109029
20211223  20461596   40.5215  -123.9146     21.310   0.00    0.00    0.00   0.00     109030
20220921  22020030   40.5215  -123.9146     21.310   0.00    0.00    0.00   0.00     109031
20221028   6522930   40.5215  -123.9146     21.310   0.00    0.00    0.00   0.00     109032
20200914  16331452   40.5980  -123.9148     25.530   0.00    0.00    0.00   0.00     109033
20211016    561726   40.5980  -123.9148     25.530   0.00    0.00    0.00   0.00     109034
20220407   7435966   40.5980  -123.9148     25.530   0.00    0.00    0.00   0.00     109035
20200916  14225276   40.6050  -124.1170     18.530   0.00    0.00    0.00   0.00     109036
20210828  10221528   40.6050  -124.1170     18.530   0.00    0.00    0.00   0.00     109037
20200917  14425278   40.5373  -124.0526     20.080   0.00    0.00    0.00   0.00     109038
20210504  21214402   40.5373  -124.0526     20.080   0.00    0.00    0.00   0.00     109039
20210504  20492894   40.5373  -124.0526     20.080   0.00    0.00    0.00   0.00     109040
20210804  18334634   40.5373  -124.0526     20.080   0.00    0.00    0.00   0.00     109041
20211210  18190338   40.5373  -124.0526     20.080   0.00    0.00    0.00   0.00     109042
20220502   4022428   40.5373  -124.0526     20.080   0.00    0.00    0.00   0.00     109043
20200917  21551462   40.6606  -123.8877     30.340   0.00    0.00    0.00   0.00     109044
20211014  12455734   40.6606  -123.8877     30.340   0.00    0.00    0.00   0.00     109045
20220523   9490672   40.6606  -123.8877     30.340   0.00    0.00    0.00   0.00     109046
20220707  10164256   40.6606  -123.8877     30.340   0.00    0.00    0.00   0.00     109047
20220905  19131014   40.6606  -123.8877     30.340   0.00    0.00    0.00   0.00     109048
20200917   1214988   40.5836  -124.0611     21.790   0.00    0.00    0.00   0.00     109049
20210206  12463712   40.5836  -124.0611     21.790   0.00    0.00    0.00   0.00     109050
20221022   1320862   40.5836  -124.0611     21.790   0.00    0.00    0.00   0.00     109051
20200918   1495006   40.6099  -124.0822     18.580   0.00    0.00    0.00   0.00     109052
20200918   1400910   40.6099  -124.0822     18.580   0.00    0.00    0.00   0.00     109053
20210803   7252906   40.6099  -124.0822     18.580   0.00    0.00    0.00   0.00     109054
20210803   7341008   40.6099  -124.0822     18.580   0.00    0.00    0.00   0.00     109055
20210803   7252198   40.6099  -124.0822     18.580   0.00    0.00    0.00   0.00     109056
20211101  20231150   40.6099  -124.0822     18.580   0.00    0.00    0.00   0.00     109057
20220702  18545392   40.6099  -124.0822     18.580   0.00    0.00    0.00   0.00     109058
20220705  10261644   40.6099  -124.0822     18.580   0.00    0.00    0.00   0.00     109059
20220922   5202486   40.6099  -124.0822     18.580   0.00    0.00    0.00   0.00     109060
20220924   4485006   40.6099  -124.0822     18.580   0.00    0.00    0.00   0.00     109061
20200919  12494310   40.6446  -124.2963     17.480   0.00    0.00    0.00   0.00     109062
20201219  16041622   40.6446  -124.2963     17.480   0.00    0.00    0.00   0.00     109063
20210409   8191418   40.6446  -124.2963     17.480   0.00    0.00    0.00   0.00     109064
20210605   1543564   40.6446  -124.2963     17.480   0.00    0.00    0.00   0.00     109065
20210712   6410926   40.6446  -124.2963     17.480   0.00    0.00    0.00   0.00     109066
20210927   4344102   40.6446  -124.2963     17.480   0.00    0.00    0.00   0.00     109067
20211014   6471594   40.6446  -124.2963     17.480   0.00    0.00    0.00   0.00     109068
20211115  14332898   40.6446  -124.2963     17.480   0.00    0.00    0.00   0.00     109069
20211209   4251012   40.6446  -124.2963     17.480   0.00    0.00    0.00   0.00     109070
20220201   6313184   40.6446  -124.2963     17.480   0.00    0.00    0.00   0.00     109071
20220607  13011096   40.6446  -124.2963     17.480   0.00    0.00    0.00   0.00     109072
20220712  11043300   40.6446  -124.2963     17.480   0.00    0.00    0.00   0.00     109073
20221117   5563726   40.6446  -124.2963     17.480   0.00    0.00    0.00   0.00     109074
20221128   6442998   40.6446  -124.2963     17.480   0.00    0.00    0.00   0.00     109075
20221130  12540706   40.6446  -124.2963     17.480   0.00    0.00    0.00   0.00     109076
20200920   1161464   40.5610  -123.9401     21.090   0.00    0.00    0.00   0.00     109077
20211221   6502810   40.5610  -123.9401     21.090   0.00    0.00    0.00   0.00     109078
20200924   1370254   40.5962  -124.3193     22.440   0.00    0.00    0.00   0.00     109079
20201231   9005256   40.5962  -124.3193     22.440   0.00    0.00    0.00   0.00     109080
20210803   7280128   40.5962  -124.3193     22.440   0.00    0.00    0.00   0.00     109081
20210803   7281176   40.5962  -124.3193     22.440   0.00    0.00    0.00   0.00     109082
20220318  23225256   40.5962  -124.3193     22.440   0.00    0.00    0.00   0.00     109083
20200928   4524154   40.5311  -124.3328     17.210   0.00    0.00    0.00   0.00     109084
20211220  23403320   40.5311  -124.3328     17.210   0.00    0.00    0.00   0.00     109085
20200929  20572124   40.6172  -124.0816     20.000   0.00    0.00    0.00   0.00     109086
20201001   6183662   40.5939  -124.0961     22.900   0.00    0.00    0.00   0.00     109087
20210802   6035024   40.5939  -124.0961     22.900   0.00    0.00    0.00   0.00     109088
20201003   3130694   40.2861  -124.4027     14.310   0.00    0.00    0.00   0.00     109089
20201127  14512298   40.2861  -124.4027     14.310   0.00    0.00    0.00   0.00     109090
20210104  22062382   40.2861  -124.4027     14.310   0.00    0.00    0.00   0.00     109091
20210123  22324516   40.2861  -124.4027     14.310   0.00    0.00    0.00   0.00     109092
20210529  22074890   40.2861  -124.4027     14.310   0.00    0.00    0.00   0.00     109093
20211205  19331538   40.2861  -124.4027     14.310   0.00    0.00    0.00   0.00     109094
20201004  19180904   40.5231  -124.3687     17.460   0.00    0.00    0.00   0.00     109095
20210430  14285924   40.5231  -124.3687     17.460   0.00    0.00    0.00   0.00     109096
20220112  22445404   40.5231  -124.3687     17.460   0.00    0.00    0.00   0.00     109097
20220717  21401284   40.5231  -124.3687     17.460   0.00    0.00    0.00   0.00     109098
20221103  21253492   40.5231  -124.3687     17.460   0.00    0.00    0.00   0.00     109099
20201004  21323654   40.3665  -124.1648     30.230   0.00    0.00    0.00   0.00     109100
20210725  13571276   40.3665  -124.1648     30.230   0.00    0.00    0.00   0.00     109101
20211019   7265718   40.3665  -124.1648     30.230   0.00    0.00    0.00   0.00     109102
20211103   2095124   40.3665  -124.1648     30.230   0.00    0.00    0.00   0.00     109103
20211220  20515360   40.3665  -124.1648     30.230   0.00    0.00    0.00   0.00     109104
20201004  20023946   40.6782  -124.4252     25.660   0.00    0.00    0.00   0.00     109105
20210306  12554154   40.6782  -124.4252     25.660   0.00    0.00    0.00   0.00     109106
20210512  16234236   40.6782  -124.4252     25.660   0.00    0.00    0.00   0.00     109107
20211110   9523494   40.6782  -124.4252     25.660   0.00    0.00    0.00   0.00     109108
20211110   6104864   40.6782  -124.4252     25.660   0.00    0.00    0.00   0.00     109109
20201005    104774   40.7326  -124.4728     10.620   0.00    0.00    0.00   0.00     109110
20201007  20055932   40.5705  -123.9349     20.920   0.00    0.00    0.00   0.00     109111
20201128   4461382   40.5705  -123.9349     20.920   0.00    0.00    0.00   0.00     109112
20210615  19234156   40.5705  -123.9349     20.920   0.00    0.00    0.00   0.00     109113
20211005   7463958   40.5705  -123.9349     20.920   0.00    0.00    0.00   0.00     109114
20211006  18492594   40.5705  -123.9349     20.920   0.00    0.00    0.00   0.00     109115
20211006  20171304   40.5705  -123.9349     20.920   0.00    0.00    0.00   0.00     109116
20211007  23154194   40.5705  -123.9349     20.920   0.00    0.00    0.00   0.00     109117
20211007   1381240   40.5705  -123.9349     20.920   0.00    0.00    0.00   0.00     109118
20211007   1331400   40.5705  -123.9349     20.920   0.00    0.00    0.00   0.00     109119
20211007  15372096   40.5705  -123.9349     20.920   0.00    0.00    0.00   0.00     109120
20211007  18045384   40.5705  -123.9349     20.920   0.00    0.00    0.00   0.00     109121
20211007   5032666   40.5705  -123.9349     20.920   0.00    0.00    0.00   0.00     109122
20211007  10582902   40.5705  -123.9349     20.920   0.00    0.00    0.00   0.00     109123
20211007  11175444   40.5705  -123.9349     20.920   0.00    0.00    0.00   0.00     109124
20211007  11253402   40.5705  -123.9349     20.920   0.00    0.00    0.00   0.00     109125
20211008  13201886   40.5705  -123.9349     20.920   0.00    0.00    0.00   0.00     109126
20211009  15024876   40.5705  -123.9349     20.920   0.00    0.00    0.00   0.00     109127
20211215  14142940   40.5705  -123.9349     20.920   0.00    0.00    0.00   0.00     109128
20201011  16540490   40.5211  -124.4286     19.360   0.00    0.00    0.00   0.00     109129
20220122   8150480   40.5211  -124.4286     19.360   0.00    0.00    0.00   0.00     109130
20201016  17045890   40.4510  -124.0020     27.780   0.00    0.00    0.00   0.00     109131
20201020   3482082   40.6579  -124.0178     19.390   0.00    0.00    0.00   0.00     109132
20201020   3570200   40.6370  -124.0312     19.350   0.00    0.00    0.00   0.00     109133
20201028   1232360   40.5779  -124.1484     22.450   0.00    0.00    0.00   0.00     109134
20210612   6103374   40.5779  -124.1484     22.450   0.00    0.00    0.00   0.00     109135
20210709   6511758   40.5779  -124.1484     22.450   0.00    0.00    0.00   0.00     109136
20211222   2343790   40.5779  -124.1484     22.450   0.00    0.00    0.00   0.00     109137
20201030  16542010   40.4552  -124.2915     27.490   0.00    0.00    0.00   0.00     109138
20211220  23490270   40.4552  -124.2915     27.490   0.00    0.00    0.00   0.00     109139
20211220  20270830   40.4552  -124.2915     27.490   0.00    0.00    0.00   0.00     109140
20211220  20145444   40.4552  -124.2915     27.490   0.00    0.00    0.00   0.00     109141
20211220  20510056   40.4552  -124.2915     27.490   0.00    0.00    0.00   0.00     109142
20211221   4342436   40.4552  -124.2915     27.490   0.00    0.00    0.00   0.00     109143
20211222   3374844   40.4552  -124.2915     27.490   0.00    0.00    0.00   0.00     109144
20211222   4044682   40.4552  -124.2915     27.490   0.00    0.00    0.00   0.00     109145
20211223   1132404   40.4552  -124.2915     27.490   0.00    0.00    0.00   0.00     109146
20211225   1152766   40.4552  -124.2915     27.490   0.00    0.00    0.00   0.00     109147
20211226  17362990   40.4552  -124.2915     27.490   0.00    0.00    0.00   0.00     109148
20211227  14122084   40.4552  -124.2915     27.490   0.00    0.00    0.00   0.00     109149
20211228   6323408   40.4552  -124.2915     27.490   0.00    0.00    0.00   0.00     109150
20220104   3372306   40.4552  -124.2915     27.490   0.00    0.00    0.00   0.00     109151
20220105  20203822   40.4552  -124.2915     27.490   0.00    0.00    0.00   0.00     109152
20220105  15370256   40.4552  -124.2915     27.490   0.00    0.00    0.00   0.00     109153
20220106   4313368   40.4552  -124.2915     27.490   0.00    0.00    0.00   0.00     109154
20220112  15001890   40.4552  -124.2915     27.490   0.00    0.00    0.00   0.00     109155
20220118  12000184   40.4552  -124.2915     27.490   0.00    0.00    0.00   0.00     109156
20220119   7595774   40.4552  -124.2915     27.490   0.00    0.00    0.00   0.00     109157
20220127  16442374   40.4552  -124.2915     27.490   0.00    0.00    0.00   0.00     109158
20220202   7372594   40.4552  -124.2915     27.490   0.00    0.00    0.00   0.00     109159
20220204  23365794   40.4552  -124.2915     27.490   0.00    0.00    0.00   0.00     109160
20220209  15290776   40.4552  -124.2915     27.490   0.00    0.00    0.00   0.00     109161
20220220  11025194   40.4552  -124.2915     27.490   0.00    0.00    0.00   0.00     109162
20220228  23013180   40.4552  -124.2915     27.490   0.00    0.00    0.00   0.00     109163
20220305  12104898   40.4552  -124.2915     27.490   0.00    0.00    0.00   0.00     109164
20220325   7292450   40.4552  -124.2915     27.490   0.00    0.00    0.00   0.00     109165
20220403  17215150   40.4552  -124.2915     27.490   0.00    0.00    0.00   0.00     109166
20220408   2265980   40.4552  -124.2915     27.490   0.00    0.00    0.00   0.00     109167
20220416   9264230   40.4552  -124.2915     27.490   0.00    0.00    0.00   0.00     109168
20220615   2521532   40.4552  -124.2915     27.490   0.00    0.00    0.00   0.00     109169
20220816  10403058   40.4552  -124.2915     27.490   0.00    0.00    0.00   0.00     109170
20201104  12231720   40.5448  -124.2334     18.040   0.00    0.00    0.00   0.00     109171
20201108    154752   40.3137  -124.4935      6.240   0.00    0.00    0.00   0.00     109172
20201108   4202720   40.3137  -124.4935      6.240   0.00    0.00    0.00   0.00     109173
20210224   7291934   40.3137  -124.4935      6.240   0.00    0.00    0.00   0.00     109174
20210224   7253798   40.3137  -124.4935      6.240   0.00    0.00    0.00   0.00     109175
20210712  22002222   40.3137  -124.4935      6.240   0.00    0.00    0.00   0.00     109176
20211221   6305702   40.3137  -124.4935      6.240   0.00    0.00    0.00   0.00     109177
20220222    130458   40.3137  -124.4935      6.240   0.00    0.00    0.00   0.00     109178
20220325  20184556   40.3137  -124.4935      6.240   0.00    0.00    0.00   0.00     109179
20220326  15111734   40.3137  -124.4935      6.240   0.00    0.00    0.00   0.00     109180
20220326   5222820   40.3137  -124.4935      6.240   0.00    0.00    0.00   0.00     109181
20220330  18360052   40.3137  -124.4935      6.240   0.00    0.00    0.00   0.00     109182
20220512    261572   40.3137  -124.4935      6.240   0.00    0.00    0.00   0.00     109183
20220719  10592686   40.3137  -124.4935      6.240   0.00    0.00    0.00   0.00     109184
20220719  10595410   40.3137  -124.4935      6.240   0.00    0.00    0.00   0.00     109185
20201110   7294414   40.6755  -123.9149     25.120   0.00    0.00    0.00   0.00     109186
20210217   8565728   40.6755  -123.9149     25.120   0.00    0.00    0.00   0.00     109187
20210310   2175952   40.6755  -123.9149     25.120   0.00    0.00    0.00   0.00     109188
20210513   9322418   40.6755  -123.9149     25.120   0.00    0.00    0.00   0.00     109189
20220625   8450626   40.6755  -123.9149     25.120   0.00    0.00    0.00   0.00     109190
20201114  10342980   40.5583  -124.3262     19.400   0.00    0.00    0.00   0.00     109191
20201117   2353086   40.5790  -124.1185     23.070   0.00    0.00    0.00   0.00     109192
20201122   3183038   40.4387  -124.0409     25.670   0.00    0.00    0.00   0.00     109193
20201126   6252750   40.3113  -124.3617     31.980   0.00    0.00    0.00   0.00     109194
20210718   7055006   40.3113  -124.3617     31.980   0.00    0.00    0.00   0.00     109195
20210718   6493738   40.3113  -124.3617     31.980   0.00    0.00    0.00   0.00     109196
20210718  11024158   40.3113  -124.3617     31.980   0.00    0.00    0.00   0.00     109197
20210718   8354184   40.3113  -124.3617     31.980   0.00    0.00    0.00   0.00     109198
20210719   4100960   40.3113  -124.3617     31.980   0.00    0.00    0.00   0.00     109199
20210721  10053568   40.3113  -124.3617     31.980   0.00    0.00    0.00   0.00     109200
20210721  11440464   40.3113  -124.3617     31.980   0.00    0.00    0.00   0.00     109201
20210722    585006   40.3113  -124.3617     31.980   0.00    0.00    0.00   0.00     109202
20210722  23344020   40.3113  -124.3617     31.980   0.00    0.00    0.00   0.00     109203
20210722  10364576   40.3113  -124.3617     31.980   0.00    0.00    0.00   0.00     109204
20210723  20095558   40.3113  -124.3617     31.980   0.00    0.00    0.00   0.00     109205
20210723  17271480   40.3113  -124.3617     31.980   0.00    0.00    0.00   0.00     109206
20210724   1500350   40.3113  -124.3617     31.980   0.00    0.00    0.00   0.00     109207
20210724   8414956   40.3113  -124.3617     31.980   0.00    0.00    0.00   0.00     109208
20210724   8384200   40.3113  -124.3617     31.980   0.00    0.00    0.00   0.00     109209
20210724  19020518   40.3113  -124.3617     31.980   0.00    0.00    0.00   0.00     109210
20210725  20171548   40.3113  -124.3617     31.980   0.00    0.00    0.00   0.00     109211
20210725  23205738   40.3113  -124.3617     31.980   0.00    0.00    0.00   0.00     109212
20210725  20053066   40.3113  -124.3617     31.980   0.00    0.00    0.00   0.00     109213
20210725  18491046   40.3113  -124.3617     31.980   0.00    0.00    0.00   0.00     109214
20210725  23432700   40.3113  -124.3617     31.980   0.00    0.00    0.00   0.00     109215
20210725  21374346   40.3113  -124.3617     31.980   0.00    0.00    0.00   0.00     109216
20210725   7241318   40.3113  -124.3617     31.980   0.00    0.00    0.00   0.00     109217
20210725   5553110   40.3113  -124.3617     31.980   0.00    0.00    0.00   0.00     109218
20210726   6502236   40.3113  -124.3617     31.980   0.00    0.00    0.00   0.00     109219
20210726  19272438   40.3113  -124.3617     31.980   0.00    0.00    0.00   0.00     109220
20210726   8095126   40.3113  -124.3617     31.980   0.00    0.00    0.00   0.00     109221
20210726  23341452   40.3113  -124.3617     31.980   0.00    0.00    0.00   0.00     109222
20210726   5351006   40.3113  -124.3617     31.980   0.00    0.00    0.00   0.00     109223
20210727  12543340   40.3113  -124.3617     31.980   0.00    0.00    0.00   0.00     109224
20210727  10372506   40.3113  -124.3617     31.980   0.00    0.00    0.00   0.00     109225
20210728  19321566   40.3113  -124.3617     31.980   0.00    0.00    0.00   0.00     109226
20210728   2375638   40.3113  -124.3617     31.980   0.00    0.00    0.00   0.00     109227
20210728   5274694   40.3113  -124.3617     31.980   0.00    0.00    0.00   0.00     109228
20210728   9124798   40.3113  -124.3617     31.980   0.00    0.00    0.00   0.00     109229
20210728  15064932   40.3113  -124.3617     31.980   0.00    0.00    0.00   0.00     109230
20210728     84968   40.3113  -124.3617     31.980   0.00    0.00    0.00   0.00     109231
20210729  22451820   40.3113  -124.3617     31.980   0.00    0.00    0.00   0.00     109232
20210729  18392872   40.3113  -124.3617     31.980   0.00    0.00    0.00   0.00     109233
20210729  12085800   40.3113  -124.3617     31.980   0.00    0.00    0.00   0.00     109234
20210730  14584290   40.3113  -124.3617     31.980   0.00    0.00    0.00   0.00     109235
20210730   3303538   40.3113  -124.3617     31.980   0.00    0.00    0.00   0.00     109236
20210730   6361118   40.3113  -124.3617     31.980   0.00    0.00    0.00   0.00     109237
20210731  16373882   40.3113  -124.3617     31.980   0.00    0.00    0.00   0.00     109238
20210731  13402396   40.3113  -124.3617     31.980   0.00    0.00    0.00   0.00     109239
20210731  11133074   40.3113  -124.3617     31.980   0.00    0.00    0.00   0.00     109240
20210731   1511684   40.3113  -124.3617     31.980   0.00    0.00    0.00   0.00     109241
20210731   4201014   40.3113  -124.3617     31.980   0.00    0.00    0.00   0.00     109242
20210731   5554416   40.3113  -124.3617     31.980   0.00    0.00    0.00   0.00     109243
20210731  11075112   40.3113  -124.3617     31.980   0.00    0.00    0.00   0.00     109244
20210801  16552072   40.3113  -124.3617     31.980   0.00    0.00    0.00   0.00     109245
20210801  13284858   40.3113  -124.3617     31.980   0.00    0.00    0.00   0.00     109246
20210801   6443958   40.3113  -124.3617     31.980   0.00    0.00    0.00   0.00     109247
20210801  21263098   40.3113  -124.3617     31.980   0.00    0.00    0.00   0.00     109248
20210801  21313740   40.3113  -124.3617     31.980   0.00    0.00    0.00   0.00     109249
20210801   8393156   40.3113  -124.3617     31.980   0.00    0.00    0.00   0.00     109250
20210801  16341298   40.3113  -124.3617     31.980   0.00    0.00    0.00   0.00     109251
20210802   7502584   40.3113  -124.3617     31.980   0.00    0.00    0.00   0.00     109252
20210802   6342108   40.3113  -124.3617     31.980   0.00    0.00    0.00   0.00     109253
20210802  21230226   40.3113  -124.3617     31.980   0.00    0.00    0.00   0.00     109254
20210802  11413242   40.3113  -124.3617     31.980   0.00    0.00    0.00   0.00     109255
20210803   2401878   40.3113  -124.3617     31.980   0.00    0.00    0.00   0.00     109256
20210804  21114308   40.3113  -124.3617     31.980   0.00    0.00    0.00   0.00     109257
20210805   9301254   40.3113  -124.3617     31.980   0.00    0.00    0.00   0.00     109258
20210806  20583652   40.3113  -124.3617     31.980   0.00    0.00    0.00   0.00     109259
20210807  10533886   40.3113  -124.3617     31.980   0.00    0.00    0.00   0.00     109260
20210807  11074490   40.3113  -124.3617     31.980   0.00    0.00    0.00   0.00     109261
20210807  14063740   40.3113  -124.3617     31.980   0.00    0.00    0.00   0.00     109262
20210809  12313156   40.3113  -124.3617     31.980   0.00    0.00    0.00   0.00     109263
20210810   2032546   40.3113  -124.3617     31.980   0.00    0.00    0.00   0.00     109264
20210810  15413832   40.3113  -124.3617     31.980   0.00    0.00    0.00   0.00     109265
20210812   8031704   40.3113  -124.3617     31.980   0.00    0.00    0.00   0.00     109266
20210813  23400392   40.3113  -124.3617     31.980   0.00    0.00    0.00   0.00     109267
20210813   4112094   40.3113  -124.3617     31.980   0.00    0.00    0.00   0.00     109268
20210813  22410324   40.3113  -124.3617     31.980   0.00    0.00    0.00   0.00     109269
20210814   6121078   40.3113  -124.3617     31.980   0.00    0.00    0.00   0.00     109270
20210814  19392268   40.3113  -124.3617     31.980   0.00    0.00    0.00   0.00     109271
20210817  16133884   40.3113  -124.3617     31.980   0.00    0.00    0.00   0.00     109272
20210819  23332084   40.3113  -124.3617     31.980   0.00    0.00    0.00   0.00     109273
20210819  18580114   40.3113  -124.3617     31.980   0.00    0.00    0.00   0.00     109274
20210819  23380490   40.3113  -124.3617     31.980   0.00    0.00    0.00   0.00     109275
20210819  23360840   40.3113  -124.3617     31.980   0.00    0.00    0.00   0.00     109276
20210819  11583836   40.3113  -124.3617     31.980   0.00    0.00    0.00   0.00     109277
20210819  14082120   40.3113  -124.3617     31.980   0.00    0.00    0.00   0.00     109278
20210820  18013732   40.3113  -124.3617     31.980   0.00    0.00    0.00   0.00     109279
20210822  13442542   40.3113  -124.3617     31.980   0.00    0.00    0.00   0.00     109280
20210822  16202514   40.3113  -124.3617     31.980   0.00    0.00    0.00   0.00     109281
20210822  13452168   40.3113  -124.3617     31.980   0.00    0.00    0.00   0.00     109282
20210822  12580624   40.3113  -124.3617     31.980   0.00    0.00    0.00   0.00     109283
20210823  22442294   40.3113  -124.3617     31.980   0.00    0.00    0.00   0.00     109284
20210823       578   40.3113  -124.3617     31.980   0.00    0.00    0.00   0.00     109285
20210824   4455360   40.3113  -124.3617     31.980   0.00    0.00    0.00   0.00     109286
20210824  13162742   40.3113  -124.3617     31.980   0.00    0.00    0.00   0.00     109287
20210824   4474222   40.3113  -124.3617     31.980   0.00    0.00    0.00   0.00     109288
20210824  11052438   40.3113  -124.3617     31.980   0.00    0.00    0.00   0.00     109289
20210825   8423026   40.3113  -124.3617     31.980   0.00    0.00    0.00   0.00     109290
20210825  11120224   40.3113  -124.3617     31.980   0.00    0.00    0.00   0.00     109291
20210825  19391398   40.3113  -124.3617     31.980   0.00    0.00    0.00   0.00     109292
20210827  23453286   40.3113  -124.3617     31.980   0.00    0.00    0.00   0.00     109293
20210828   8431792   40.3113  -124.3617     31.980   0.00    0.00    0.00   0.00     109294
20210829  21022098   40.3113  -124.3617     31.980   0.00    0.00    0.00   0.00     109295
20210830  16401668   40.3113  -124.3617     31.980   0.00    0.00    0.00   0.00     109296
20210831  19345182   40.3113  -124.3617     31.980   0.00    0.00    0.00   0.00     109297
20210831   1340066   40.3113  -124.3617     31.980   0.00    0.00    0.00   0.00     109298
20210831   9493022   40.3113  -124.3617     31.980   0.00    0.00    0.00   0.00     109299
20210831  10195118   40.3113  -124.3617     31.980   0.00    0.00    0.00   0.00     109300
20210831   9051414   40.3113  -124.3617     31.980   0.00    0.00    0.00   0.00     109301
20210831   9172656   40.3113  -124.3617     31.980   0.00    0.00    0.00   0.00     109302
20210831   4153180   40.3113  -124.3617     31.980   0.00    0.00    0.00   0.00     109303
20210901    122958   40.3113  -124.3617     31.980   0.00    0.00    0.00   0.00     109304
20210901  20020408   40.3113  -124.3617     31.980   0.00    0.00    0.00   0.00     109305
20210902    390888   40.3113  -124.3617     31.980   0.00    0.00    0.00   0.00     109306
20210902    384580   40.3113  -124.3617     31.980   0.00    0.00    0.00   0.00     109307
20210902  10442418   40.3113  -124.3617     31.980   0.00    0.00    0.00   0.00     109308
20210902  14144104   40.3113  -124.3617     31.980   0.00    0.00    0.00   0.00     109309
20210903  18155286   40.3113  -124.3617     31.980   0.00    0.00    0.00   0.00     109310
20210903  15535496   40.3113  -124.3617     31.980   0.00    0.00    0.00   0.00     109311
20210903  10573142   40.3113  -124.3617     31.980   0.00    0.00    0.00   0.00     109312
20210903  22183916   40.3113  -124.3617     31.980   0.00    0.00    0.00   0.00     109313
20210904  14155792   40.3113  -124.3617     31.980   0.00    0.00    0.00   0.00     109314
20210904    161582   40.3113  -124.3617     31.980   0.00    0.00    0.00   0.00     109315
20210904  23445764   40.3113  -124.3617     31.980   0.00    0.00    0.00   0.00     109316
20210905  22524774   40.3113  -124.3617     31.980   0.00    0.00    0.00   0.00     109317
20210905  23220842   40.3113  -124.3617     31.980   0.00    0.00    0.00   0.00     109318
20210905    351134   40.3113  -124.3617     31.980   0.00    0.00    0.00   0.00     109319
20210905  23241216   40.3113  -124.3617     31.980   0.00    0.00    0.00   0.00     109320
20210905  18592432   40.3113  -124.3617     31.980   0.00    0.00    0.00   0.00     109321
20210906   5291132   40.3113  -124.3617     31.980   0.00    0.00    0.00   0.00     109322
20210907  13434342   40.3113  -124.3617     31.980   0.00    0.00    0.00   0.00     109323
20210907  15173596   40.3113  -124.3617     31.980   0.00    0.00    0.00   0.00     109324
20210908  23321718   40.3113  -124.3617     31.980   0.00    0.00    0.00   0.00     109325
20210909  21580182   40.3113  -124.3617     31.980   0.00    0.00    0.00   0.00     109326
20210909  22183026   40.3113  -124.3617     31.980   0.00    0.00    0.00   0.00     109327
20210910  17063724   40.3113  -124.3617     31.980   0.00    0.00    0.00   0.00     109328
20210910  10242420   40.3113  -124.3617     31.980   0.00    0.00    0.00   0.00     109329
20210912  13543102   40.3113  -124.3617     31.980   0.00    0.00    0.00   0.00     109330
20210913   4482452   40.3113  -124.3617     31.980   0.00    0.00    0.00   0.00     109331
20210915  19575930   40.3113  -124.3617     31.980   0.00    0.00    0.00   0.00     109332
20210915   9285292   40.3113  -124.3617     31.980   0.00    0.00    0.00   0.00     109333
20210915   8393652   40.3113  -124.3617     31.980   0.00    0.00    0.00   0.00     109334
20210915   6373802   40.3113  -124.3617     31.980   0.00    0.00    0.00   0.00     109335
20210916   8370498   40.3113  -124.3617     31.980   0.00    0.00    0.00   0.00     109336
20210917   6360572   40.3113  -124.3617     31.980   0.00    0.00    0.00   0.00     109337
20210917  22272136   40.3113  -124.3617     31.980   0.00    0.00    0.00   0.00     109338
20210917   9015870   40.3113  -124.3617     31.980   0.00    0.00    0.00   0.00     109339
20210919   6053802   40.3113  -124.3617     31.980   0.00    0.00    0.00   0.00     109340
20210919   3082752   40.3113  -124.3617     31.980   0.00    0.00    0.00   0.00     109341
20210922     82338   40.3113  -124.3617     31.980   0.00    0.00    0.00   0.00     109342
20210922     25580   40.3113  -124.3617     31.980   0.00    0.00    0.00   0.00     109343
20210922  16411660   40.3113  -124.3617     31.980   0.00    0.00    0.00   0.00     109344
20210922     24498   40.3113  -124.3617     31.980   0.00    0.00    0.00   0.00     109345
20210925  13182030   40.3113  -124.3617     31.980   0.00    0.00    0.00   0.00     109346
20210925    372252   40.3113  -124.3617     31.980   0.00    0.00    0.00   0.00     109347
20210926   6203790   40.3113  -124.3617     31.980   0.00    0.00    0.00   0.00     109348
20210927   4443934   40.3113  -124.3617     31.980   0.00    0.00    0.00   0.00     109349
20211005   1243516   40.3113  -124.3617     31.980   0.00    0.00    0.00   0.00     109350
20211005  20435546   40.3113  -124.3617     31.980   0.00    0.00    0.00   0.00     109351
20211012   3472242   40.3113  -124.3617     31.980   0.00    0.00    0.00   0.00     109352
20211018  17243382   40.3113  -124.3617     31.980   0.00    0.00    0.00   0.00     109353
20211025   1033284   40.3113  -124.3617     31.980   0.00    0.00    0.00   0.00     109354
20211026   6083158   40.3113  -124.3617     31.980   0.00    0.00    0.00   0.00     109355
20211122   4172792   40.3113  -124.3617     31.980   0.00    0.00    0.00   0.00     109356
20211223   9022022   40.3113  -124.3617     31.980   0.00    0.00    0.00   0.00     109357
20211223  18555236   40.3113  -124.3617     31.980   0.00    0.00    0.00   0.00     109358
20211223   8275638   40.3113  -124.3617     31.980   0.00    0.00    0.00   0.00     109359
20211223  11244052   40.3113  -124.3617     31.980   0.00    0.00    0.00   0.00     109360
20211223  12163114   40.3113  -124.3617     31.980   0.00    0.00    0.00   0.00     109361
20211223  13364258   40.3113  -124.3617     31.980   0.00    0.00    0.00   0.00     109362
20211223  18571516   40.3113  -124.3617     31.980   0.00    0.00    0.00   0.00     109363
20211224  16443960   40.3113  -124.3617     31.980   0.00    0.00    0.00   0.00     109364
20211224   4423374   40.3113  -124.3617     31.980   0.00    0.00    0.00   0.00     109365
20211225   6190654   40.3113  -124.3617     31.980   0.00    0.00    0.00   0.00     109366
20211225  16205522   40.3113  -124.3617     31.980   0.00    0.00    0.00   0.00     109367
20211225   6180572   40.3113  -124.3617     31.980   0.00    0.00    0.00   0.00     109368
20211225   7272914   40.3113  -124.3617     31.980   0.00    0.00    0.00   0.00     109369
20211226  12452680   40.3113  -124.3617     31.980   0.00    0.00    0.00   0.00     109370
20211228   3442036   40.3113  -124.3617     31.980   0.00    0.00    0.00   0.00     109371
20211228  21001642   40.3113  -124.3617     31.980   0.00    0.00    0.00   0.00     109372
20220106    593142   40.3113  -124.3617     31.980   0.00    0.00    0.00   0.00     109373
20220111  12022156   40.3113  -124.3617     31.980   0.00    0.00    0.00   0.00     109374
20220331  23332634   40.3113  -124.3617     31.980   0.00    0.00    0.00   0.00     109375
20220710   5572396   40.3113  -124.3617     31.980   0.00    0.00    0.00   0.00     109376
20220710   6474170   40.3113  -124.3617     31.980   0.00    0.00    0.00   0.00     109377
20220712   1240940   40.3113  -124.3617     31.980   0.00    0.00    0.00   0.00     109378
20220719    222700   40.3113  -124.3617     31.980   0.00    0.00    0.00   0.00     109379
20220719  23515212   40.3113  -124.3617     31.980   0.00    0.00    0.00   0.00     109380
20220725  22534612   40.3113  -124.3617     31.980   0.00    0.00    0.00   0.00     109381
20220729  19565916   40.3113  -124.3617     31.980   0.00    0.00    0.00   0.00     109382
20220731  15013510   40.3113  -124.3617     31.980   0.00    0.00    0.00   0.00     109383
20220807   8225112   40.3113  -124.3617     31.980   0.00    0.00    0.00   0.00     109384
20220809   4383150   40.3113  -124.3617     31.980   0.00    0.00    0.00   0.00     109385
20220809  18414792   40.3113  -124.3617     31.980   0.00    0.00    0.00   0.00     109386
20220812  21081394   40.3113  -124.3617     31.980   0.00    0.00    0.00   0.00     109387
20220814   6351022   40.3113  -124.3617     31.980   0.00    0.00    0.00   0.00     109388
20220814   1172776   40.3113  -124.3617     31.980   0.00    0.00    0.00   0.00     109389
20220818  12594612   40.3113  -124.3617     31.980   0.00    0.00    0.00   0.00     109390
20220821    434820   40.3113  -124.3617     31.980   0.00    0.00    0.00   0.00     109391
20220823  18140990   40.3113  -124.3617     31.980   0.00    0.00    0.00   0.00     109392
20220830   6033984   40.3113  -124.3617     31.980   0.00    0.00    0.00   0.00     109393
20220830   5594042   40.3113  -124.3617     31.980   0.00    0.00    0.00   0.00     109394
20220903  12001060   40.3113  -124.3617     31.980   0.00    0.00    0.00   0.00     109395
20220914   1475906   40.3113  -124.3617     31.980   0.00    0.00    0.00   0.00     109396
20220914   1512250   40.3113  -124.3617     31.980   0.00    0.00    0.00   0.00     109397
20220928  10103006   40.3113  -124.3617     31.980   0.00    0.00    0.00   0.00     109398
20221001  11002144   40.3113  -124.3617     31.980   0.00    0.00    0.00   0.00     109399
20221006   4280334   40.3113  -124.3617     31.980   0.00    0.00    0.00   0.00     109400
20221007  17180310   40.3113  -124.3617     31.980   0.00    0.00    0.00   0.00     109401
20221010  23510646   40.3113  -124.3617     31.980   0.00    0.00    0.00   0.00     109402
20221010   5115586   40.3113  -124.3617     31.980   0.00    0.00    0.00   0.00     109403
20221013  13524868   40.3113  -124.3617     31.980   0.00    0.00    0.00   0.00     109404
20221015   1065018   40.3113  -124.3617     31.980   0.00    0.00    0.00   0.00     109405
20221015   7413628   40.3113  -124.3617     31.980   0.00    0.00    0.00   0.00     109406
20221020   4035838   40.3113  -124.3617     31.980   0.00    0.00    0.00   0.00     109407
20221030  12595492   40.3113  -124.3617     31.980   0.00    0.00    0.00   0.00     109408
20221030   6511996   40.3113  -124.3617     31.980   0.00    0.00    0.00   0.00     109409
20221117  22450896   40.3113  -124.3617     31.980   0.00    0.00    0.00   0.00     109410
20221118   1572674   40.3113  -124.3617     31.980   0.00    0.00    0.00   0.00     109411
20221119  10544928   40.3113  -124.3617     31.980   0.00    0.00    0.00   0.00     109412
20221119  13475180   40.3113  -124.3617     31.980   0.00    0.00    0.00   0.00     109413
20221123   3033834   40.3113  -124.3617     31.980   0.00    0.00    0.00   0.00     109414
20221126  13302894   40.3113  -124.3617     31.980   0.00    0.00    0.00   0.00     109415
20201128   4412502   40.6100  -123.9425     16.150   0.00    0.00    0.00   0.00     109416
20201128   4283056   40.6100  -123.9425     16.150   0.00    0.00    0.00   0.00     109417
20210328  11213112   40.6100  -123.9425     16.150   0.00    0.00    0.00   0.00     109418
20201129   7183974   40.6062  -123.9133     20.370   0.00    0.00    0.00   0.00     109419
20201207  19031604   40.6062  -123.9133     20.370   0.00    0.00    0.00   0.00     109420
20201207  19053634   40.6062  -123.9133     20.370   0.00    0.00    0.00   0.00     109421
20210406  21364972   40.6062  -123.9133     20.370   0.00    0.00    0.00   0.00     109422
20211005   9152324   40.6062  -123.9133     20.370   0.00    0.00    0.00   0.00     109423
20211007  13071436   40.6062  -123.9133     20.370   0.00    0.00    0.00   0.00     109424
20211019  14091992   40.6062  -123.9133     20.370   0.00    0.00    0.00   0.00     109425
20220519   7382290   40.6062  -123.9133     20.370   0.00    0.00    0.00   0.00     109426
20201129   9451560   40.5977  -123.9089     27.040   0.00    0.00    0.00   0.00     109427
20210119  12585758   40.5977  -123.9089     27.040   0.00    0.00    0.00   0.00     109428
20220225  22371932   40.5977  -123.9089     27.040   0.00    0.00    0.00   0.00     109429
20220318     72110   40.5977  -123.9089     27.040   0.00    0.00    0.00   0.00     109430
20201129  15465886   40.4090  -124.4017     19.340   0.00    0.00    0.00   0.00     109431
20210619   9073554   40.4090  -124.4017     19.340   0.00    0.00    0.00   0.00     109432
20211222   1595530   40.4090  -124.4017     19.340   0.00    0.00    0.00   0.00     109433
20220416  21085990   40.4090  -124.4017     19.340   0.00    0.00    0.00   0.00     109434
20221030   5004314   40.4090  -124.4017     19.340   0.00    0.00    0.00   0.00     109435
20201201  11364268   40.6108  -124.1196     11.720   0.00    0.00    0.00   0.00     109436
20201202  21595662   40.5952  -124.1601     21.820   0.00    0.00    0.00   0.00     109437
20201205   2371684   40.5952  -124.1601     21.820   0.00    0.00    0.00   0.00     109438
20211203   4160644   40.5952  -124.1601     21.820   0.00    0.00    0.00   0.00     109439
20201205   7242344   40.6002  -124.1088     18.250   0.00    0.00    0.00   0.00     109440
20201206  15281880   40.5520  -124.0627     15.180   0.00    0.00    0.00   0.00     109441
20220117  20382876   40.5520  -124.0627     15.180   0.00    0.00    0.00   0.00     109442
20201215  11414498   40.5633  -124.0205     22.750   0.00    0.00    0.00   0.00     109443
20210207  15150934   40.5633  -124.0205     22.750   0.00    0.00    0.00   0.00     109444
20210207   6104914   40.5633  -124.0205     22.750   0.00    0.00    0.00   0.00     109445
20210627  20162262   40.5633  -124.0205     22.750   0.00    0.00    0.00   0.00     109446
20210910  11082064   40.5633  -124.0205     22.750   0.00    0.00    0.00   0.00     109447
20220119  22274072   40.5633  -124.0205     22.750   0.00    0.00    0.00   0.00     109448
20220122  20571920   40.5633  -124.0205     22.750   0.00    0.00    0.00   0.00     109449
20220504  13561484   40.5633  -124.0205     22.750   0.00    0.00    0.00   0.00     109450
20220609   2124744   40.5633  -124.0205     22.750   0.00    0.00    0.00   0.00     109451
20220811  16365290   40.5633  -124.0205     22.750   0.00    0.00    0.00   0.00     109452
20221122   5091460   40.5633  -124.0205     22.750   0.00    0.00    0.00   0.00     109453
20201218  16134220   40.5788  -124.1802     21.360   0.00    0.00    0.00   0.00     109454
20210310   5273510   40.5788  -124.1802     21.360   0.00    0.00    0.00   0.00     109455
20210319  19525598   40.5788  -124.1802     21.360   0.00    0.00    0.00   0.00     109456
20221120  16580826   40.5788  -124.1802     21.360   0.00    0.00    0.00   0.00     109457
20201219  19505638   40.5453  -123.8788     20.290   0.00    0.00    0.00   0.00     109458
20210102  14221272   40.5860  -124.2350     24.340   0.00    0.00    0.00   0.00     109459
20210211  13502662   40.5860  -124.2350     24.340   0.00    0.00    0.00   0.00     109460
20210104   6143460   40.6092  -124.1063     16.390   0.00    0.00    0.00   0.00     109461
20210112  11304008   40.5981  -123.9970     19.820   0.00    0.00    0.00   0.00     109462
20210113  14340614   40.4986  -124.3614     20.780   0.00    0.00    0.00   0.00     109463
20210221    331074   40.4986  -124.3614     20.780   0.00    0.00    0.00   0.00     109464
20210803  11091648   40.4986  -124.3614     20.780   0.00    0.00    0.00   0.00     109465
20210918  19403094   40.4986  -124.3614     20.780   0.00    0.00    0.00   0.00     109466
20210923  19553690   40.4986  -124.3614     20.780   0.00    0.00    0.00   0.00     109467
20211014   3484556   40.4986  -124.3614     20.780   0.00    0.00    0.00   0.00     109468
20211220  20303422   40.4986  -124.3614     20.780   0.00    0.00    0.00   0.00     109469
20211220  20400080   40.4986  -124.3614     20.780   0.00    0.00    0.00   0.00     109470
20211221   4220316   40.4986  -124.3614     20.780   0.00    0.00    0.00   0.00     109471
20211229   6524130   40.4986  -124.3614     20.780   0.00    0.00    0.00   0.00     109472
20220208   3412544   40.4986  -124.3614     20.780   0.00    0.00    0.00   0.00     109473
20220213   8305564   40.4986  -124.3614     20.780   0.00    0.00    0.00   0.00     109474
20220213  21552738   40.4986  -124.3614     20.780   0.00    0.00    0.00   0.00     109475
20220213   7211468   40.4986  -124.3614     20.780   0.00    0.00    0.00   0.00     109476
20220323  15400626   40.4986  -124.3614     20.780   0.00    0.00    0.00   0.00     109477
20220401  16065458   40.4986  -124.3614     20.780   0.00    0.00    0.00   0.00     109478
20220724  16473676   40.4986  -124.3614     20.780   0.00    0.00    0.00   0.00     109479
20220820   8220508   40.4986  -124.3614     20.780   0.00    0.00    0.00   0.00     109480
20220915   1185652   40.4986  -124.3614     20.780   0.00    0.00    0.00   0.00     109481
20221009  21161654   40.4986  -124.3614     20.780   0.00    0.00    0.00   0.00     109482
20210113  19341628   40.5115  -124.4795     25.230   0.00    0.00    0.00   0.00     109483
20210212  14580612   40.5115  -124.4795     25.230   0.00    0.00    0.00   0.00     109484
20220603   7371374   40.5115  -124.4795     25.230   0.00    0.00    0.00   0.00     109485
20220920   6433990   40.5115  -124.4795     25.230   0.00    0.00    0.00   0.00     109486
20210119  23580378   40.6043  -124.0899     16.340   0.00    0.00    0.00   0.00     109487
20210205    182506   40.5532  -124.0512     23.480   0.00    0.00    0.00   0.00     109488
20210704  21530952   40.5532  -124.0512     23.480   0.00    0.00    0.00   0.00     109489
20220519  10403494   40.5532  -124.0512     23.480   0.00    0.00    0.00   0.00     109490
20221112  22182110   40.5532  -124.0512     23.480   0.00    0.00    0.00   0.00     109491
20210205  18582662   40.5771  -124.2207     19.030   0.00    0.00    0.00   0.00     109492
20211230  20432238   40.5771  -124.2207     19.030   0.00    0.00    0.00   0.00     109493
20210208   8201200   40.5370  -124.3173     18.100   0.00    0.00    0.00   0.00     109494
20210219  17330010   40.5824  -124.1478     22.740   0.00    0.00    0.00   0.00     109495
20210802   2494538   40.5824  -124.1478     22.740   0.00    0.00    0.00   0.00     109496
20211220  20161812   40.5824  -124.1478     22.740   0.00    0.00    0.00   0.00     109497
20220329    351668   40.5824  -124.1478     22.740   0.00    0.00    0.00   0.00     109498
20210219  20485542   40.4658  -123.9761     22.340   0.00    0.00    0.00   0.00     109499
20210614  21411918   40.4658  -123.9761     22.340   0.00    0.00    0.00   0.00     109500
20210614  22443044   40.4658  -123.9761     22.340   0.00    0.00    0.00   0.00     109501
20210614  23085148   40.4658  -123.9761     22.340   0.00    0.00    0.00   0.00     109502
20210614  21424720   40.4658  -123.9761     22.340   0.00    0.00    0.00   0.00     109503
20210614  23393374   40.4658  -123.9761     22.340   0.00    0.00    0.00   0.00     109504
20210614  22445332   40.4658  -123.9761     22.340   0.00    0.00    0.00   0.00     109505
20210614  21510540   40.4658  -123.9761     22.340   0.00    0.00    0.00   0.00     109506
20210614  22520364   40.4658  -123.9761     22.340   0.00    0.00    0.00   0.00     109507
20210614  15002522   40.4658  -123.9761     22.340   0.00    0.00    0.00   0.00     109508
20210614  15012008   40.4658  -123.9761     22.340   0.00    0.00    0.00   0.00     109509
20210615   9403262   40.4658  -123.9761     22.340   0.00    0.00    0.00   0.00     109510
20210615   6131562   40.4658  -123.9761     22.340   0.00    0.00    0.00   0.00     109511
20210615   2523316   40.4658  -123.9761     22.340   0.00    0.00    0.00   0.00     109512
20210615   5245466   40.4658  -123.9761     22.340   0.00    0.00    0.00   0.00     109513
20210615   3582342   40.4658  -123.9761     22.340   0.00    0.00    0.00   0.00     109514
20210615   3244168   40.4658  -123.9761     22.340   0.00    0.00    0.00   0.00     109515
20210615   7054818   40.4658  -123.9761     22.340   0.00    0.00    0.00   0.00     109516
20210615   3271088   40.4658  -123.9761     22.340   0.00    0.00    0.00   0.00     109517
20210615   7400932   40.4658  -123.9761     22.340   0.00    0.00    0.00   0.00     109518
20210615   6461308   40.4658  -123.9761     22.340   0.00    0.00    0.00   0.00     109519
20210615      3656   40.4658  -123.9761     22.340   0.00    0.00    0.00   0.00     109520
20210615  10113132   40.4658  -123.9761     22.340   0.00    0.00    0.00   0.00     109521
20210615   5023618   40.4658  -123.9761     22.340   0.00    0.00    0.00   0.00     109522
20210615   4420506   40.4658  -123.9761     22.340   0.00    0.00    0.00   0.00     109523
20210615  10193262   40.4658  -123.9761     22.340   0.00    0.00    0.00   0.00     109524
20210615   6280120   40.4658  -123.9761     22.340   0.00    0.00    0.00   0.00     109525
20210616   1290340   40.4658  -123.9761     22.340   0.00    0.00    0.00   0.00     109526
20210624  14553364   40.4658  -123.9761     22.340   0.00    0.00    0.00   0.00     109527
20210829   9245632   40.4658  -123.9761     22.340   0.00    0.00    0.00   0.00     109528
20220812   1202368   40.4658  -123.9761     22.340   0.00    0.00    0.00   0.00     109529
20220823  13400998   40.4658  -123.9761     22.340   0.00    0.00    0.00   0.00     109530
20210220    310682   40.4342  -124.0062     28.790   0.00    0.00    0.00   0.00     109531
20210525   1573520   40.4342  -124.0062     28.790   0.00    0.00    0.00   0.00     109532
20210221  23353260   40.6484  -124.0176     19.250   0.00    0.00    0.00   0.00     109533
20210306   9153114   40.6484  -124.0176     19.250   0.00    0.00    0.00   0.00     109534
20210306   9163596   40.6484  -124.0176     19.250   0.00    0.00    0.00   0.00     109535
20210303  21430372   40.4898  -124.2000     22.410   0.00    0.00    0.00   0.00     109536
20210927   2580836   40.4898  -124.2000     22.410   0.00    0.00    0.00   0.00     109537
20211223  14372158   40.4898  -124.2000     22.410   0.00    0.00    0.00   0.00     109538
20220912   3592920   40.4898  -124.2000     22.410   0.00    0.00    0.00   0.00     109539
20221008   6412706   40.4898  -124.2000     22.410   0.00    0.00    0.00   0.00     109540
20221008   6472078   40.4898  -124.2000     22.410   0.00    0.00    0.00   0.00     109541
20210319  20185040   40.5362  -123.9013     22.670   0.00    0.00    0.00   0.00     109542
20210728  11590604   40.5362  -123.9013     22.670   0.00    0.00    0.00   0.00     109543
20211102  15333040   40.5362  -123.9013     22.670   0.00    0.00    0.00   0.00     109544
20211210  23273228   40.5362  -123.9013     22.670   0.00    0.00    0.00   0.00     109545
20220208  20523770   40.5362  -123.9013     22.670   0.00    0.00    0.00   0.00     109546
20220516  12510772   40.5362  -123.9013     22.670   0.00    0.00    0.00   0.00     109547
20210322  16023870   40.5633  -123.9693     23.600   0.00    0.00    0.00   0.00     109548
20210918  12560160   40.5633  -123.9693     23.600   0.00    0.00    0.00   0.00     109549
20211014  12555978   40.5633  -123.9693     23.600   0.00    0.00    0.00   0.00     109550
20211018  11263690   40.5633  -123.9693     23.600   0.00    0.00    0.00   0.00     109551
20211222  22271974   40.5633  -123.9693     23.600   0.00    0.00    0.00   0.00     109552
20220122  21022360   40.5633  -123.9693     23.600   0.00    0.00    0.00   0.00     109553
20210403   2160286   40.5048  -124.3184     18.690   0.00    0.00    0.00   0.00     109554
20211126  10594162   40.5048  -124.3184     18.690   0.00    0.00    0.00   0.00     109555
20211220  20334836   40.5048  -124.3184     18.690   0.00    0.00    0.00   0.00     109556
20211220  23520710   40.5048  -124.3184     18.690   0.00    0.00    0.00   0.00     109557
20211227  21384844   40.5048  -124.3184     18.690   0.00    0.00    0.00   0.00     109558
20210407  13231104   40.5700  -124.4057     24.140   0.00    0.00    0.00   0.00     109559
20210422  19580952   40.5700  -124.4057     24.140   0.00    0.00    0.00   0.00     109560
20210911  10184400   40.5700  -124.4057     24.140   0.00    0.00    0.00   0.00     109561
20211001  17285690   40.5700  -124.4057     24.140   0.00    0.00    0.00   0.00     109562
20220606   8335650   40.5700  -124.4057     24.140   0.00    0.00    0.00   0.00     109563
20220621     14098   40.5700  -124.4057     24.140   0.00    0.00    0.00   0.00     109564
20210409  23123176   40.5635  -124.1322     22.470   0.00    0.00    0.00   0.00     109565
20210626  11270304   40.5635  -124.1322     22.470   0.00    0.00    0.00   0.00     109566
20210410   3291906   40.2797  -124.3786     18.780   0.00    0.00    0.00   0.00     109567
20210613   1473964   40.2797  -124.3786     18.780   0.00    0.00    0.00   0.00     109568
20210806   3591238   40.2797  -124.3786     18.780   0.00    0.00    0.00   0.00     109569
20211203  20030098   40.2797  -124.3786     18.780   0.00    0.00    0.00   0.00     109570
20211215   8233588   40.2797  -124.3786     18.780   0.00    0.00    0.00   0.00     109571
20211220  22112722   40.2797  -124.3786     18.780   0.00    0.00    0.00   0.00     109572
20211220  20585622   40.2797  -124.3786     18.780   0.00    0.00    0.00   0.00     109573
20211221  22005188   40.2797  -124.3786     18.780   0.00    0.00    0.00   0.00     109574
20211221  12172378   40.2797  -124.3786     18.780   0.00    0.00    0.00   0.00     109575
20211226  21143238   40.2797  -124.3786     18.780   0.00    0.00    0.00   0.00     109576
20220104  22503640   40.2797  -124.3786     18.780   0.00    0.00    0.00   0.00     109577
20220117   3470800   40.2797  -124.3786     18.780   0.00    0.00    0.00   0.00     109578
20220414  15075738   40.2797  -124.3786     18.780   0.00    0.00    0.00   0.00     109579
20220706  15523716   40.2797  -124.3786     18.780   0.00    0.00    0.00   0.00     109580
20220727  10232328   40.2797  -124.3786     18.780   0.00    0.00    0.00   0.00     109581
20221122  14253348   40.2797  -124.3786     18.780   0.00    0.00    0.00   0.00     109582
20210413   8164618   40.5257  -124.4387     23.440   0.00    0.00    0.00   0.00     109583
20210416  21282448   40.7027  -123.9778     21.100   0.00    0.00    0.00   0.00     109584
20211209   6382664   40.7027  -123.9778     21.100   0.00    0.00    0.00   0.00     109585
20210425  12042050   40.6053  -123.8172     25.970   0.00    0.00    0.00   0.00     109586
20210426  14340756   40.5133  -124.4369     18.430   0.00    0.00    0.00   0.00     109587
20210430   5481542   40.5322  -124.4030     18.040   0.00    0.00    0.00   0.00     109588
20211222  19280686   40.5322  -124.4030     18.040   0.00    0.00    0.00   0.00     109589
20210501   6400312   40.5933  -123.9943     22.630   0.00    0.00    0.00   0.00     109590
20210515   2215174   40.5643  -124.0224     22.830   0.00    0.00    0.00   0.00     109591
20220310  22121666   40.5643  -124.0224     22.830   0.00    0.00    0.00   0.00     109592
20210525  13411442   40.5819  -124.2095     27.200   0.00    0.00    0.00   0.00     109593
20210525   6394928   40.3661  -124.6180     26.150   0.00    0.00    0.00   0.00     109594
20210621   7281404   40.3661  -124.6180     26.150   0.00    0.00    0.00   0.00     109595
20210919   4480496   40.3661  -124.6180     26.150   0.00    0.00    0.00   0.00     109596
20210928   1014098   40.3661  -124.6180     26.150   0.00    0.00    0.00   0.00     109597
20211104   8463700   40.3661  -124.6180     26.150   0.00    0.00    0.00   0.00     109598
20211128   5115998   40.3661  -124.6180     26.150   0.00    0.00    0.00   0.00     109599
20211210   9562128   40.3661  -124.6180     26.150   0.00    0.00    0.00   0.00     109600
20220211  14531724   40.3661  -124.6180     26.150   0.00    0.00    0.00   0.00     109601
20220218  15042442   40.3661  -124.6180     26.150   0.00    0.00    0.00   0.00     109602
20220218  13593504   40.3661  -124.6180     26.150   0.00    0.00    0.00   0.00     109603
20220314   7284218   40.3661  -124.6180     26.150   0.00    0.00    0.00   0.00     109604
20220410  10151644   40.3661  -124.6180     26.150   0.00    0.00    0.00   0.00     109605
20220417   8511230   40.3661  -124.6180     26.150   0.00    0.00    0.00   0.00     109606
20220426  13342698   40.3661  -124.6180     26.150   0.00    0.00    0.00   0.00     109607
20220703  15513884   40.3661  -124.6180     26.150   0.00    0.00    0.00   0.00     109608
20220721   3014390   40.3661  -124.6180     26.150   0.00    0.00    0.00   0.00     109609
20220722   7331396   40.3661  -124.6180     26.150   0.00    0.00    0.00   0.00     109610
20220728  10510278   40.3661  -124.6180     26.150   0.00    0.00    0.00   0.00     109611
20220801   8122632   40.3661  -124.6180     26.150   0.00    0.00    0.00   0.00     109612
20220810   8165648   40.3661  -124.6180     26.150   0.00    0.00    0.00   0.00     109613
20220829   4102102   40.3661  -124.6180     26.150   0.00    0.00    0.00   0.00     109614
20221002  11240352   40.3661  -124.6180     26.150   0.00    0.00    0.00   0.00     109615
20221005   4354070   40.3661  -124.6180     26.150   0.00    0.00    0.00   0.00     109616
20221017   9491516   40.3661  -124.6180     26.150   0.00    0.00    0.00   0.00     109617
20210527   3475438   40.6516  -124.0387     18.120   0.00    0.00    0.00   0.00     109618
20210601  17314560   40.5135  -123.9345     21.440   0.00    0.00    0.00   0.00     109619
20210611   3414154   40.5135  -123.9345     21.440   0.00    0.00    0.00   0.00     109620
20210614  20532720   40.5135  -123.9345     21.440   0.00    0.00    0.00   0.00     109621
20210614  21521372   40.5135  -123.9345     21.440   0.00    0.00    0.00   0.00     109622
20210615   3180358   40.5135  -123.9345     21.440   0.00    0.00    0.00   0.00     109623
20210615  10114686   40.5135  -123.9345     21.440   0.00    0.00    0.00   0.00     109624
20210615   7135460   40.5135  -123.9345     21.440   0.00    0.00    0.00   0.00     109625
20210615   2410032   40.5135  -123.9345     21.440   0.00    0.00    0.00   0.00     109626
20210616   2053400   40.5135  -123.9345     21.440   0.00    0.00    0.00   0.00     109627
20210616  17323792   40.5135  -123.9345     21.440   0.00    0.00    0.00   0.00     109628
20221002  22432922   40.5135  -123.9345     21.440   0.00    0.00    0.00   0.00     109629
20221117  15574466   40.5135  -123.9345     21.440   0.00    0.00    0.00   0.00     109630
20210601   8442778   40.5308  -124.3366     17.310   0.00    0.00    0.00   0.00     109631
20210918   7242844   40.5308  -124.3366     17.310   0.00    0.00    0.00   0.00     109632
20210604  22575142   40.2758  -124.4390     16.060   0.00    0.00    0.00   0.00     109633
20210820  12430092   40.2758  -124.4390     16.060   0.00    0.00    0.00   0.00     109634
20210604  21215824   40.4994  -124.1843     21.560   0.00    0.00    0.00   0.00     109635
20211220  21173298   40.4994  -124.1843     21.560   0.00    0.00    0.00   0.00     109636
20220525   8044842   40.4994  -124.1843     21.560   0.00    0.00    0.00   0.00     109637
20210605  11282986   40.5707  -123.9480     22.930   0.00    0.00    0.00   0.00     109638
20220226   5280388   40.5707  -123.9480     22.930   0.00    0.00    0.00   0.00     109639
20210614  23051462   40.5519  -123.9721     20.770   0.00    0.00    0.00   0.00     109640
20210615   4082020   40.5519  -123.9721     20.770   0.00    0.00    0.00   0.00     109641
20210615   6380560   40.5519  -123.9721     20.770   0.00    0.00    0.00   0.00     109642
20210615   2151068   40.5519  -123.9721     20.770   0.00    0.00    0.00   0.00     109643
20210615   6335178   40.5519  -123.9721     20.770   0.00    0.00    0.00   0.00     109644
20210921  16590726   40.5519  -123.9721     20.770   0.00    0.00    0.00   0.00     109645
20220819  22155322   40.5519  -123.9721     20.770   0.00    0.00    0.00   0.00     109646
20220926  14463360   40.5519  -123.9721     20.770   0.00    0.00    0.00   0.00     109647
20210615  16003764   40.4918  -124.4919     16.400   0.00    0.00    0.00   0.00     109648
20220918   8290648   40.4918  -124.4919     16.400   0.00    0.00    0.00   0.00     109649
20210622  15034342   40.4955  -124.4623     18.350   0.00    0.00    0.00   0.00     109650
20220821  22195226   40.4955  -124.4623     18.350   0.00    0.00    0.00   0.00     109651
20220915    311162   40.4955  -124.4623     18.350   0.00    0.00    0.00   0.00     109652
20210626  23515352   40.6048  -124.3233     18.320   0.00    0.00    0.00   0.00     109653
20210701  12553540   40.6048  -124.3233     18.320   0.00    0.00    0.00   0.00     109654
20210701   9560734   40.6048  -124.3233     18.320   0.00    0.00    0.00   0.00     109655
20210707  21082052   40.6048  -124.3233     18.320   0.00    0.00    0.00   0.00     109656
20210709    260096   40.6048  -124.3233     18.320   0.00    0.00    0.00   0.00     109657
20210710  12413694   40.6048  -124.3233     18.320   0.00    0.00    0.00   0.00     109658
20220202   1282056   40.6048  -124.3233     18.320   0.00    0.00    0.00   0.00     109659
20221008   2231176   40.6048  -124.3233     18.320   0.00    0.00    0.00   0.00     109660
20221127  17043192   40.6048  -124.3233     18.320   0.00    0.00    0.00   0.00     109661
20210628  12311008   40.3976  -124.0357     29.910   0.00    0.00    0.00   0.00     109662
20211028  23225796   40.3976  -124.0357     29.910   0.00    0.00    0.00   0.00     109663
20211221   5315180   40.3976  -124.0357     29.910   0.00    0.00    0.00   0.00     109664
20210629   1354394   40.3719  -124.5823     24.590   0.00    0.00    0.00   0.00     109665
20211215   9361850   40.3719  -124.5823     24.590   0.00    0.00    0.00   0.00     109666
20220521  22313756   40.3719  -124.5823     24.590   0.00    0.00    0.00   0.00     109667
20220721   2211480   40.3719  -124.5823     24.590   0.00    0.00    0.00   0.00     109668
20210630   4071698   40.4007  -124.2780     26.860   0.00    0.00    0.00   0.00     109669
20211220  21335380   40.4007  -124.2780     26.860   0.00    0.00    0.00   0.00     109670
20211220  20160234   40.4007  -124.2780     26.860   0.00    0.00    0.00   0.00     109671
20211220  21040256   40.4007  -124.2780     26.860   0.00    0.00    0.00   0.00     109672
20211220  20525266   40.4007  -124.2780     26.860   0.00    0.00    0.00   0.00     109673
20211220  22053308   40.4007  -124.2780     26.860   0.00    0.00    0.00   0.00     109674
20211220  20381652   40.4007  -124.2780     26.860   0.00    0.00    0.00   0.00     109675
20211220  23184576   40.4007  -124.2780     26.860   0.00    0.00    0.00   0.00     109676
20211220  20281328   40.4007  -124.2780     26.860   0.00    0.00    0.00   0.00     109677
20211220  20280832   40.4007  -124.2780     26.860   0.00    0.00    0.00   0.00     109678
20211220  23123416   40.4007  -124.2780     26.860   0.00    0.00    0.00   0.00     109679
20211220  22400414   40.4007  -124.2780     26.860   0.00    0.00    0.00   0.00     109680
20211220  21165784   40.4007  -124.2780     26.860   0.00    0.00    0.00   0.00     109681
20211221    353826   40.4007  -124.2780     26.860   0.00    0.00    0.00   0.00     109682
20211221   1290152   40.4007  -124.2780     26.860   0.00    0.00    0.00   0.00     109683
20211221  10324496   40.4007  -124.2780     26.860   0.00    0.00    0.00   0.00     109684
20211221    112828   40.4007  -124.2780     26.860   0.00    0.00    0.00   0.00     109685
20211221   9353970   40.4007  -124.2780     26.860   0.00    0.00    0.00   0.00     109686
20211221   6423838   40.4007  -124.2780     26.860   0.00    0.00    0.00   0.00     109687
20211222  16425176   40.4007  -124.2780     26.860   0.00    0.00    0.00   0.00     109688
20211222  21490012   40.4007  -124.2780     26.860   0.00    0.00    0.00   0.00     109689
20211223  19185944   40.4007  -124.2780     26.860   0.00    0.00    0.00   0.00     109690
20211224  18301640   40.4007  -124.2780     26.860   0.00    0.00    0.00   0.00     109691
20211228  12160746   40.4007  -124.2780     26.860   0.00    0.00    0.00   0.00     109692
20220102   4032278   40.4007  -124.2780     26.860   0.00    0.00    0.00   0.00     109693
20220108  12555656   40.4007  -124.2780     26.860   0.00    0.00    0.00   0.00     109694
20220201  14282412   40.4007  -124.2780     26.860   0.00    0.00    0.00   0.00     109695
20220319  13441672   40.4007  -124.2780     26.860   0.00    0.00    0.00   0.00     109696
20220407  18435616   40.4007  -124.2780     26.860   0.00    0.00    0.00   0.00     109697
20220505  17382286   40.4007  -124.2780     26.860   0.00    0.00    0.00   0.00     109698
20210709  16215138   40.5849  -124.0999     23.310   0.00    0.00    0.00   0.00     109699
20220511  17435174   40.5849  -124.0999     23.310   0.00    0.00    0.00   0.00     109700
20210709  20084456   40.5309  -124.3429     17.520   0.00    0.00    0.00   0.00     109701
20210713  18051534   40.5810  -124.2666     25.360   0.00    0.00    0.00   0.00     109702
20210716   1372454   40.5539  -124.2269     17.110   0.00    0.00    0.00   0.00     109703
20211229   4471232   40.5539  -124.2269     17.110   0.00    0.00    0.00   0.00     109704
20221019  11254926   40.5539  -124.2269     17.110   0.00    0.00    0.00   0.00     109705
20221104   9095400   40.5539  -124.2269     17.110   0.00    0.00    0.00   0.00     109706
20210721   1573344   40.7060  -123.9471     22.350   0.00    0.00    0.00   0.00     109707
20220813  12334118   40.7060  -123.9471     22.350   0.00    0.00    0.00   0.00     109708
20220813  13071592   40.7060  -123.9471     22.350   0.00    0.00    0.00   0.00     109709
20210721   6270714   40.4827  -124.4032     18.610   0.00    0.00    0.00   0.00     109710
20220202   4111896   40.4827  -124.4032     18.610   0.00    0.00    0.00   0.00     109711
20220424   6280568   40.4827  -124.4032     18.610   0.00    0.00    0.00   0.00     109712
20210722   8413496   40.5081  -124.4401     18.250   0.00    0.00    0.00   0.00     109713
20210722   8295926   40.5201  -124.4345     17.530   0.00    0.00    0.00   0.00     109714
20220521  21064036   40.5201  -124.4345     17.530   0.00    0.00    0.00   0.00     109715
20221018  22155414   40.5201  -124.4345     17.530   0.00    0.00    0.00   0.00     109716
20210722   8304444   40.5115  -124.4354     18.270   0.00    0.00    0.00   0.00     109717
20220403  19263250   40.5115  -124.4354     18.270   0.00    0.00    0.00   0.00     109718
20220404   6155962   40.5115  -124.4354     18.270   0.00    0.00    0.00   0.00     109719
20210723   3430112   40.4420  -124.6695     16.530   0.00    0.00    0.00   0.00     109720
20210825  13343740   40.4420  -124.6695     16.530   0.00    0.00    0.00   0.00     109721
20220516  16244940   40.4420  -124.6695     16.530   0.00    0.00    0.00   0.00     109722
20220516  16263748   40.4420  -124.6695     16.530   0.00    0.00    0.00   0.00     109723
20220804  14314662   40.4420  -124.6695     16.530   0.00    0.00    0.00   0.00     109724
20221030   9531118   40.4420  -124.6695     16.530   0.00    0.00    0.00   0.00     109725
20210731  18454264   40.6431  -123.9073     21.070   0.00    0.00    0.00   0.00     109726
20210814  21083430   40.6431  -123.9073     21.070   0.00    0.00    0.00   0.00     109727
20211028  17292846   40.6431  -123.9073     21.070   0.00    0.00    0.00   0.00     109728
20211028  20253864   40.6431  -123.9073     21.070   0.00    0.00    0.00   0.00     109729
20210803  17161808   40.6195  -124.1061     31.970   0.00    0.00    0.00   0.00     109730
20220201  17052716   40.6195  -124.1061     31.970   0.00    0.00    0.00   0.00     109731
20210805   5113500   40.5057  -124.4563     18.560   0.00    0.00    0.00   0.00     109732
20211218   9022060   40.5057  -124.4563     18.560   0.00    0.00    0.00   0.00     109733
20211221  16464058   40.5057  -124.4563     18.560   0.00    0.00    0.00   0.00     109734
20220521   5111300   40.5057  -124.4563     18.560   0.00    0.00    0.00   0.00     109735
20210808   8143282   40.3950  -124.5371     18.200   0.00    0.00    0.00   0.00     109736
20211129  18572504   40.3950  -124.5371     18.200   0.00    0.00    0.00   0.00     109737
20220922   8380438   40.3950  -124.5371     18.200   0.00    0.00    0.00   0.00     109738
20210812   7304190   40.5298  -124.3623     26.570   0.00    0.00    0.00   0.00     109739
20211225   9035848   40.5298  -124.3623     26.570   0.00    0.00    0.00   0.00     109740
20220824  18280562   40.5298  -124.3623     26.570   0.00    0.00    0.00   0.00     109741
20210823   5513616   40.6339  -124.0264     16.150   0.00    0.00    0.00   0.00     109742
20210825  20595244   40.6723  -123.8820     19.900   0.00    0.00    0.00   0.00     109743
20210829  12471152   40.5294  -123.7735     21.790   0.00    0.00    0.00   0.00     109744
20220107  12471890   40.5294  -123.7735     21.790   0.00    0.00    0.00   0.00     109745
20220212  20033456   40.5294  -123.7735     21.790   0.00    0.00    0.00   0.00     109746
20210901   9171506   40.6151  -124.1331     19.940   0.00    0.00    0.00   0.00     109747
20210904  16562506   40.7400  -124.1278     29.680   0.00    0.00    0.00   0.00     109748
20211221  11025606   40.7400  -124.1278     29.680   0.00    0.00    0.00   0.00     109749
20211221  10153568   40.7400  -124.1278     29.680   0.00    0.00    0.00   0.00     109750
20220311  12321558   40.7400  -124.1278     29.680   0.00    0.00    0.00   0.00     109751
20210905  20204256   40.5094  -124.4520     19.740   0.00    0.00    0.00   0.00     109752
20210907  13563500   40.4592  -124.0442     25.160   0.00    0.00    0.00   0.00     109753
20211012   6314630   40.4592  -124.0442     25.160   0.00    0.00    0.00   0.00     109754
20220604   3062550   40.4592  -124.0442     25.160   0.00    0.00    0.00   0.00     109755
20221105  20332900   40.4592  -124.0442     25.160   0.00    0.00    0.00   0.00     109756
20210909   7565812   40.5163  -124.4404     18.710   0.00    0.00    0.00   0.00     109757
20210912  22481546   40.5526  -124.2262     16.790   0.00    0.00    0.00   0.00     109758
20210915  12251852   40.2778  -124.4677     15.520   0.00    0.00    0.00   0.00     109759
20210917  18391770   40.2778  -124.4677     15.520   0.00    0.00    0.00   0.00     109760
20210917  18392462   40.2778  -124.4677     15.520   0.00    0.00    0.00   0.00     109761
20210924  13521550   40.2778  -124.4677     15.520   0.00    0.00    0.00   0.00     109762
20211106  13085622   40.2778  -124.4677     15.520   0.00    0.00    0.00   0.00     109763
20211119  21253012   40.2778  -124.4677     15.520   0.00    0.00    0.00   0.00     109764
20220710  23462814   40.2778  -124.4677     15.520   0.00    0.00    0.00   0.00     109765
20220821   2281712   40.2778  -124.4677     15.520   0.00    0.00    0.00   0.00     109766
20221008   8351122   40.2778  -124.4677     15.520   0.00    0.00    0.00   0.00     109767
20221015   2254482   40.2778  -124.4677     15.520   0.00    0.00    0.00   0.00     109768
20221107  22225718   40.2778  -124.4677     15.520   0.00    0.00    0.00   0.00     109769
20210916  11434834   40.5709  -124.2344     18.480   0.00    0.00    0.00   0.00     109770
20210921  12543744   40.5122  -124.4166     18.370   0.00    0.00    0.00   0.00     109771
20211220  21230498   40.5122  -124.4166     18.370   0.00    0.00    0.00   0.00     109772
20211223  10305060   40.5122  -124.4166     18.370   0.00    0.00    0.00   0.00     109773
20220429  12333948   40.5122  -124.4166     18.370   0.00    0.00    0.00   0.00     109774
20210923  19333490   40.5746  -124.2263     19.270   0.00    0.00    0.00   0.00     109775
20211111   2260946   40.5746  -124.2263     19.270   0.00    0.00    0.00   0.00     109776
20210927  14300150   40.4558  -124.0262     24.860   0.00    0.00    0.00   0.00     109777
20210927  15355952   40.6285  -123.9417     22.330   0.00    0.00    0.00   0.00     109778
20210930   4433400   40.5228  -124.3235     17.300   0.00    0.00    0.00   0.00     109779
20211107   9355446   40.5228  -124.3235     17.300   0.00    0.00    0.00   0.00     109780
20211218   9022628   40.5228  -124.3235     17.300   0.00    0.00    0.00   0.00     109781
20211221   6520052   40.5228  -124.3235     17.300   0.00    0.00    0.00   0.00     109782
20220721  16050642   40.5228  -124.3235     17.300   0.00    0.00    0.00   0.00     109783
20221018  20150294   40.5228  -124.3235     17.300   0.00    0.00    0.00   0.00     109784
20221025  21385658   40.5228  -124.3235     17.300   0.00    0.00    0.00   0.00     109785
20210930   6313832   40.4747  -124.0440     24.420   0.00    0.00    0.00   0.00     109786
20221128  18361478   40.4747  -124.0440     24.420   0.00    0.00    0.00   0.00     109787
20211007   4455094   40.5097  -123.8852     21.750   0.00    0.00    0.00   0.00     109788
20211007   5440810   40.5097  -123.8852     21.750   0.00    0.00    0.00   0.00     109789
20211008   1390416   40.5097  -123.8852     21.750   0.00    0.00    0.00   0.00     109790
20211009  15141392   40.5097  -123.8852     21.750   0.00    0.00    0.00   0.00     109791
20211009  14510794   40.5097  -123.8852     21.750   0.00    0.00    0.00   0.00     109792
20211009  19192218   40.5097  -123.8852     21.750   0.00    0.00    0.00   0.00     109793
20211016  14552350   40.5097  -123.8852     21.750   0.00    0.00    0.00   0.00     109794
20211104  10590418   40.5097  -123.8852     21.750   0.00    0.00    0.00   0.00     109795
20211107   7513586   40.5097  -123.8852     21.750   0.00    0.00    0.00   0.00     109796
20220112  14070140   40.5097  -123.8852     21.750   0.00    0.00    0.00   0.00     109797
20211007  17471502   40.5677  -123.9907     23.380   0.00    0.00    0.00   0.00     109798
20211007  12225416   40.5400  -123.8463     22.590   0.00    0.00    0.00   0.00     109799
20211010  17165390   40.5400  -123.8463     22.590   0.00    0.00    0.00   0.00     109800
20220131  19524284   40.5400  -123.8463     22.590   0.00    0.00    0.00   0.00     109801
20211011    514812   40.5767  -124.2186     18.940   0.00    0.00    0.00   0.00     109802
20220424  16014942   40.5767  -124.2186     18.940   0.00    0.00    0.00   0.00     109803
20211016   7363398   40.3845  -124.2418     26.560   0.00    0.00    0.00   0.00     109804
20211103    403820   40.3845  -124.2418     26.560   0.00    0.00    0.00   0.00     109805
20211109  19483454   40.3845  -124.2418     26.560   0.00    0.00    0.00   0.00     109806
20211220  21535020   40.3845  -124.2418     26.560   0.00    0.00    0.00   0.00     109807
20211220  23311596   40.3845  -124.2418     26.560   0.00    0.00    0.00   0.00     109808
20211220  20394366   40.3845  -124.2418     26.560   0.00    0.00    0.00   0.00     109809
20211220  20250532   40.3845  -124.2418     26.560   0.00    0.00    0.00   0.00     109810
20211220  21114342   40.3845  -124.2418     26.560   0.00    0.00    0.00   0.00     109811
20211221  17561438   40.3845  -124.2418     26.560   0.00    0.00    0.00   0.00     109812
20211221  10425562   40.3845  -124.2418     26.560   0.00    0.00    0.00   0.00     109813
20211221    364748   40.3845  -124.2418     26.560   0.00    0.00    0.00   0.00     109814
20211221   5411090   40.3845  -124.2418     26.560   0.00    0.00    0.00   0.00     109815
20211221   6473194   40.3845  -124.2418     26.560   0.00    0.00    0.00   0.00     109816
20211221   2062738   40.3845  -124.2418     26.560   0.00    0.00    0.00   0.00     109817
20211221  20581182   40.3845  -124.2418     26.560   0.00    0.00    0.00   0.00     109818
20211221   5340438   40.3845  -124.2418     26.560   0.00    0.00    0.00   0.00     109819
20211221   1424334   40.3845  -124.2418     26.560   0.00    0.00    0.00   0.00     109820
20211221   2400170   40.3845  -124.2418     26.560   0.00    0.00    0.00   0.00     109821
20211221     62248   40.3845  -124.2418     26.560   0.00    0.00    0.00   0.00     109822
20211221  14470412   40.3845  -124.2418     26.560   0.00    0.00    0.00   0.00     109823
20211221   3263338   40.3845  -124.2418     26.560   0.00    0.00    0.00   0.00     109824
20211221   6264740   40.3845  -124.2418     26.560   0.00    0.00    0.00   0.00     109825
20211221   4573204   40.3845  -124.2418     26.560   0.00    0.00    0.00   0.00     109826
20211224  12462380   40.3845  -124.2418     26.560   0.00    0.00    0.00   0.00     109827
20211226   7031722   40.3845  -124.2418     26.560   0.00    0.00    0.00   0.00     109828
20211226   9141210   40.3845  -124.2418     26.560   0.00    0.00    0.00   0.00     109829
20211231   3350560   40.3845  -124.2418     26.560   0.00    0.00    0.00   0.00     109830
20220108  17082924   40.3845  -124.2418     26.560   0.00    0.00    0.00   0.00     109831
20220125  11315850   40.3845  -124.2418     26.560   0.00    0.00    0.00   0.00     109832
20220518   7030436   40.3845  -124.2418     26.560   0.00    0.00    0.00   0.00     109833
20220805  16581146   40.3845  -124.2418     26.560   0.00    0.00    0.00   0.00     109834
20221019  20593644   40.3845  -124.2418     26.560   0.00    0.00    0.00   0.00     109835
20211022  21094526   40.6139  -124.1337     18.970   0.00    0.00    0.00   0.00     109836
20211031  13100360   40.6174  -124.0811     20.010   0.00    0.00    0.00   0.00     109837
20211103  19225234   40.5609  -123.9581     22.160   0.00    0.00    0.00   0.00     109838
20220725   4404748   40.5609  -123.9581     22.160   0.00    0.00    0.00   0.00     109839
20211103    401464   40.3558  -124.2738     26.640   0.00    0.00    0.00   0.00     109840
20211221   1162336   40.3558  -124.2738     26.640   0.00    0.00    0.00   0.00     109841
20211223   3361574   40.3558  -124.2738     26.640   0.00    0.00    0.00   0.00     109842
20211231  10030518   40.3558  -124.2738     26.640   0.00    0.00    0.00   0.00     109843
20211107  19560792   40.7048  -124.1933     18.740   0.00    0.00    0.00   0.00     109844
20221124   8102512   40.7048  -124.1933     18.740   0.00    0.00    0.00   0.00     109845
20211125  17563176   40.6029  -124.0985     16.550   0.00    0.00    0.00   0.00     109846
20211127  10342042   40.5801  -123.8957     19.430   0.00    0.00    0.00   0.00     109847
20211127  10334160   40.5801  -123.8957     19.430   0.00    0.00    0.00   0.00     109848
20211129   9171034   40.6055  -124.3205     17.450   0.00    0.00    0.00   0.00     109849
20220101  23570348   40.6055  -124.3205     17.450   0.00    0.00    0.00   0.00     109850
20211130  14370916   40.5245  -124.4322     19.010   0.00    0.00    0.00   0.00     109851
20220118  10253778   40.5245  -124.4322     19.010   0.00    0.00    0.00   0.00     109852
20211207  21334790   40.4668  -124.3518     20.360   0.00    0.00    0.00   0.00     109853
20211207  21455356   40.4668  -124.3518     20.360   0.00    0.00    0.00   0.00     109854
20211207  12262220   40.4668  -124.3518     20.360   0.00    0.00    0.00   0.00     109855
20211207  22043288   40.4668  -124.3518     20.360   0.00    0.00    0.00   0.00     109856
20211207  21455974   40.4668  -124.3518     20.360   0.00    0.00    0.00   0.00     109857
20211207  23374982   40.4668  -124.3518     20.360   0.00    0.00    0.00   0.00     109858
20211207   9582736   40.4668  -124.3518     20.360   0.00    0.00    0.00   0.00     109859
20211207   9465432   40.4668  -124.3518     20.360   0.00    0.00    0.00   0.00     109860
20211207  12540148   40.4668  -124.3518     20.360   0.00    0.00    0.00   0.00     109861
20211207   9454610   40.4668  -124.3518     20.360   0.00    0.00    0.00   0.00     109862
20211207   9390772   40.4668  -124.3518     20.360   0.00    0.00    0.00   0.00     109863
20211208   2220914   40.4668  -124.3518     20.360   0.00    0.00    0.00   0.00     109864
20211208   4402014   40.4668  -124.3518     20.360   0.00    0.00    0.00   0.00     109865
20211208   7304374   40.4668  -124.3518     20.360   0.00    0.00    0.00   0.00     109866
20211208   2522112   40.4668  -124.3518     20.360   0.00    0.00    0.00   0.00     109867
20211217   8583398   40.4668  -124.3518     20.360   0.00    0.00    0.00   0.00     109868
20211221  12375970   40.4668  -124.3518     20.360   0.00    0.00    0.00   0.00     109869
20211222  13412118   40.4668  -124.3518     20.360   0.00    0.00    0.00   0.00     109870
20211222  12391706   40.4668  -124.3518     20.360   0.00    0.00    0.00   0.00     109871
20211222  13094740   40.4668  -124.3518     20.360   0.00    0.00    0.00   0.00     109872
20211222  13083540   40.4668  -124.3518     20.360   0.00    0.00    0.00   0.00     109873
20211222  12541690   40.4668  -124.3518     20.360   0.00    0.00    0.00   0.00     109874
20211222   4090192   40.4668  -124.3518     20.360   0.00    0.00    0.00   0.00     109875
20211222  11341626   40.4668  -124.3518     20.360   0.00    0.00    0.00   0.00     109876
20211222  13460534   40.4668  -124.3518     20.360   0.00    0.00    0.00   0.00     109877
20211223  17365988   40.4668  -124.3518     20.360   0.00    0.00    0.00   0.00     109878
20211231  21134734   40.4668  -124.3518     20.360   0.00    0.00    0.00   0.00     109879
20211231  23221520   40.4668  -124.3518     20.360   0.00    0.00    0.00   0.00     109880
20211231  21010538   40.4668  -124.3518     20.360   0.00    0.00    0.00   0.00     109881
20211231  22592926   40.4668  -124.3518     20.360   0.00    0.00    0.00   0.00     109882
20211231  23424728   40.4668  -124.3518     20.360   0.00    0.00    0.00   0.00     109883
20211231  21413454   40.4668  -124.3518     20.360   0.00    0.00    0.00   0.00     109884
20211231  23223598   40.4668  -124.3518     20.360   0.00    0.00    0.00   0.00     109885
20211231  21365216   40.4668  -124.3518     20.360   0.00    0.00    0.00   0.00     109886
20211231  21243190   40.4668  -124.3518     20.360   0.00    0.00    0.00   0.00     109887
20211231  20584214   40.4668  -124.3518     20.360   0.00    0.00    0.00   0.00     109888
20211231  22230242   40.4668  -124.3518     20.360   0.00    0.00    0.00   0.00     109889
20211231  21284432   40.4668  -124.3518     20.360   0.00    0.00    0.00   0.00     109890
20211231  21192164   40.4668  -124.3518     20.360   0.00    0.00    0.00   0.00     109891
20211231  20590580   40.4668  -124.3518     20.360   0.00    0.00    0.00   0.00     109892
20211231  22283640   40.4668  -124.3518     20.360   0.00    0.00    0.00   0.00     109893
20211231  21340924   40.4668  -124.3518     20.360   0.00    0.00    0.00   0.00     109894
20211231  23571970   40.4668  -124.3518     20.360   0.00    0.00    0.00   0.00     109895
20211231  21041716   40.4668  -124.3518     20.360   0.00    0.00    0.00   0.00     109896
20211231  21220166   40.4668  -124.3518     20.360   0.00    0.00    0.00   0.00     109897
20211231  23421494   40.4668  -124.3518     20.360   0.00    0.00    0.00   0.00     109898
20211231  21264418   40.4668  -124.3518     20.360   0.00    0.00    0.00   0.00     109899
20211231  21292838   40.4668  -124.3518     20.360   0.00    0.00    0.00   0.00     109900
20211231  23161010   40.4668  -124.3518     20.360   0.00    0.00    0.00   0.00     109901
20220101   1115642   40.4668  -124.3518     20.360   0.00    0.00    0.00   0.00     109902
20220101   3075658   40.4668  -124.3518     20.360   0.00    0.00    0.00   0.00     109903
20220101   3403512   40.4668  -124.3518     20.360   0.00    0.00    0.00   0.00     109904
20220101  14503638   40.4668  -124.3518     20.360   0.00    0.00    0.00   0.00     109905
20220101   3502238   40.4668  -124.3518     20.360   0.00    0.00    0.00   0.00     109906
20220101   1085082   40.4668  -124.3518     20.360   0.00    0.00    0.00   0.00     109907
20220101   4331040   40.4668  -124.3518     20.360   0.00    0.00    0.00   0.00     109908
20220101   1243084   40.4668  -124.3518     20.360   0.00    0.00    0.00   0.00     109909
20220101   9340258   40.4668  -124.3518     20.360   0.00    0.00    0.00   0.00     109910
20220101    334606   40.4668  -124.3518     20.360   0.00    0.00    0.00   0.00     109911
20220101   3462370   40.4668  -124.3518     20.360   0.00    0.00    0.00   0.00     109912
20220101  22492894   40.4668  -124.3518     20.360   0.00    0.00    0.00   0.00     109913
20220101   6564928   40.4668  -124.3518     20.360   0.00    0.00    0.00   0.00     109914
20220101   7514614   40.4668  -124.3518     20.360   0.00    0.00    0.00   0.00     109915
20220101   8235826   40.4668  -124.3518     20.360   0.00    0.00    0.00   0.00     109916
20220101     81756   40.4668  -124.3518     20.360   0.00    0.00    0.00   0.00     109917
20220101   2324938   40.4668  -124.3518     20.360   0.00    0.00    0.00   0.00     109918
20220101   4152216   40.4668  -124.3518     20.360   0.00    0.00    0.00   0.00     109919
20220101   8393248   40.4668  -124.3518     20.360   0.00    0.00    0.00   0.00     109920
20220101   6583346   40.4668  -124.3518     20.360   0.00    0.00    0.00   0.00     109921
20220102    194028   40.4668  -124.3518     20.360   0.00    0.00    0.00   0.00     109922
20220102   7083328   40.4668  -124.3518     20.360   0.00    0.00    0.00   0.00     109923
20220102  16573548   40.4668  -124.3518     20.360   0.00    0.00    0.00   0.00     109924
20220102   2395830   40.4668  -124.3518     20.360   0.00    0.00    0.00   0.00     109925
20220102   4074314   40.4668  -124.3518     20.360   0.00    0.00    0.00   0.00     109926
20220102   8174554   40.4668  -124.3518     20.360   0.00    0.00    0.00   0.00     109927
20220102  17024250   40.4668  -124.3518     20.360   0.00    0.00    0.00   0.00     109928
20220102   5002404   40.4668  -124.3518     20.360   0.00    0.00    0.00   0.00     109929
20220102   5380154   40.4668  -124.3518     20.360   0.00    0.00    0.00   0.00     109930
20220102   5021234   40.4668  -124.3518     20.360   0.00    0.00    0.00   0.00     109931
20220102   3230354   40.4668  -124.3518     20.360   0.00    0.00    0.00   0.00     109932
20220102   5010252   40.4668  -124.3518     20.360   0.00    0.00    0.00   0.00     109933
20220103   3584728   40.4668  -124.3518     20.360   0.00    0.00    0.00   0.00     109934
20220105  18560250   40.4668  -124.3518     20.360   0.00    0.00    0.00   0.00     109935
20220105  19012418   40.4668  -124.3518     20.360   0.00    0.00    0.00   0.00     109936
20220105  19461794   40.4668  -124.3518     20.360   0.00    0.00    0.00   0.00     109937
20220105  21320216   40.4668  -124.3518     20.360   0.00    0.00    0.00   0.00     109938
20220106    112798   40.4668  -124.3518     20.360   0.00    0.00    0.00   0.00     109939
20220107  20062012   40.4668  -124.3518     20.360   0.00    0.00    0.00   0.00     109940
20220107  13192514   40.4668  -124.3518     20.360   0.00    0.00    0.00   0.00     109941
20220107   2271778   40.4668  -124.3518     20.360   0.00    0.00    0.00   0.00     109942
20220111   1262110   40.4668  -124.3518     20.360   0.00    0.00    0.00   0.00     109943
20220112   6120380   40.4668  -124.3518     20.360   0.00    0.00    0.00   0.00     109944
20220115  18051066   40.4668  -124.3518     20.360   0.00    0.00    0.00   0.00     109945
20220116  19165928   40.4668  -124.3518     20.360   0.00    0.00    0.00   0.00     109946
20220117  14271718   40.4668  -124.3518     20.360   0.00    0.00    0.00   0.00     109947
20220118  23230526   40.4668  -124.3518     20.360   0.00    0.00    0.00   0.00     109948
20220122  22454240   40.4668  -124.3518     20.360   0.00    0.00    0.00   0.00     109949
20220123  15285734   40.4668  -124.3518     20.360   0.00    0.00    0.00   0.00     109950
20220127  20105388   40.4668  -124.3518     20.360   0.00    0.00    0.00   0.00     109951
20220127  22440498   40.4668  -124.3518     20.360   0.00    0.00    0.00   0.00     109952
20220127  22521136   40.4668  -124.3518     20.360   0.00    0.00    0.00   0.00     109953
20220127  17341806   40.4668  -124.3518     20.360   0.00    0.00    0.00   0.00     109954
20220127  21475060   40.4668  -124.3518     20.360   0.00    0.00    0.00   0.00     109955
20220127  22163450   40.4668  -124.3518     20.360   0.00    0.00    0.00   0.00     109956
20220127  23003110   40.4668  -124.3518     20.360   0.00    0.00    0.00   0.00     109957
20220127  21325298   40.4668  -124.3518     20.360   0.00    0.00    0.00   0.00     109958
20220127  23544486   40.4668  -124.3518     20.360   0.00    0.00    0.00   0.00     109959
20220127  22090292   40.4668  -124.3518     20.360   0.00    0.00    0.00   0.00     109960
20220127  18333290   40.4668  -124.3518     20.360   0.00    0.00    0.00   0.00     109961
20220127  22080204   40.4668  -124.3518     20.360   0.00    0.00    0.00   0.00     109962
20220127  23142118   40.4668  -124.3518     20.360   0.00    0.00    0.00   0.00     109963
20220127  22201374   40.4668  -124.3518     20.360   0.00    0.00    0.00   0.00     109964
20220127  22124584   40.4668  -124.3518     20.360   0.00    0.00    0.00   0.00     109965
20220127  20462504   40.4668  -124.3518     20.360   0.00    0.00    0.00   0.00     109966
20220127   2322426   40.4668  -124.3518     20.360   0.00    0.00    0.00   0.00     109967
20220127  22405442   40.4668  -124.3518     20.360   0.00    0.00    0.00   0.00     109968
20220127  22591508   40.4668  -124.3518     20.360   0.00    0.00    0.00   0.00     109969
20220127  22263148   40.4668  -124.3518     20.360   0.00    0.00    0.00   0.00     109970
20220127  22583922   40.4668  -124.3518     20.360   0.00    0.00    0.00   0.00     109971
20220127  17381500   40.4668  -124.3518     20.360   0.00    0.00    0.00   0.00     109972
20220127  22210732   40.4668  -124.3518     20.360   0.00    0.00    0.00   0.00     109973
20220127  21340854   40.4668  -124.3518     20.360   0.00    0.00    0.00   0.00     109974
20220127  17443378   40.4668  -124.3518     20.360   0.00    0.00    0.00   0.00     109975
20220127  19050836   40.4668  -124.3518     20.360   0.00    0.00    0.00   0.00     109976
20220127  22092870   40.4668  -124.3518     20.360   0.00    0.00    0.00   0.00     109977
20220127  17401454   40.4668  -124.3518     20.360   0.00    0.00    0.00   0.00     109978
20220127  23261514   40.4668  -124.3518     20.360   0.00    0.00    0.00   0.00     109979
20220127  17415492   40.4668  -124.3518     20.360   0.00    0.00    0.00   0.00     109980
20220127  22283146   40.4668  -124.3518     20.360   0.00    0.00    0.00   0.00     109981
20220127  22562658   40.4668  -124.3518     20.360   0.00    0.00    0.00   0.00     109982
20220128    343256   40.4668  -124.3518     20.360   0.00    0.00    0.00   0.00     109983
20220128   3120744   40.4668  -124.3518     20.360   0.00    0.00    0.00   0.00     109984
20220128    444272   40.4668  -124.3518     20.360   0.00    0.00    0.00   0.00     109985
20220128      5190   40.4668  -124.3518     20.360   0.00    0.00    0.00   0.00     109986
20220128   1021182   40.4668  -124.3518     20.360   0.00    0.00    0.00   0.00     109987
20220128    271538   40.4668  -124.3518     20.360   0.00    0.00    0.00   0.00     109988
20220128     73180   40.4668  -124.3518     20.360   0.00    0.00    0.00   0.00     109989
20220128  20154384   40.4668  -124.3518     20.360   0.00    0.00    0.00   0.00     109990
20220128   2415586   40.4668  -124.3518     20.360   0.00    0.00    0.00   0.00     109991
20220128   9191980   40.4668  -124.3518     20.360   0.00    0.00    0.00   0.00     109992
20220128   2472186   40.4668  -124.3518     20.360   0.00    0.00    0.00   0.00     109993
20220128   9542412   40.4668  -124.3518     20.360   0.00    0.00    0.00   0.00     109994
20220128   4415438   40.4668  -124.3518     20.360   0.00    0.00    0.00   0.00     109995
20220128   5422098   40.4668  -124.3518     20.360   0.00    0.00    0.00   0.00     109996
20220128   1215936   40.4668  -124.3518     20.360   0.00    0.00    0.00   0.00     109997
20220128  19052564   40.4668  -124.3518     20.360   0.00    0.00    0.00   0.00     109998
20220128   2154966   40.4668  -124.3518     20.360   0.00    0.00    0.00   0.00     109999
20220128   5590840   40.4668  -124.3518     20.360   0.00    0.00    0.00   0.00     110000
20220128   7123140   40.4668  -124.3518     20.360   0.00    0.00    0.00   0.00     110001
20220128    241196   40.4668  -124.3518     20.360   0.00    0.00    0.00   0.00     110002
20220129   3174180   40.4668  -124.3518     20.360   0.00    0.00    0.00   0.00     110003
20220129   4112158   40.4668  -124.3518     20.360   0.00    0.00    0.00   0.00     110004
20220129   4045744   40.4668  -124.3518     20.360   0.00    0.00    0.00   0.00     110005
20220129   7504446   40.4668  -124.3518     20.360   0.00    0.00    0.00   0.00     110006
20220129   6115714   40.4668  -124.3518     20.360   0.00    0.00    0.00   0.00     110007
20220130  21070640   40.4668  -124.3518     20.360   0.00    0.00    0.00   0.00     110008
20220131  21244526   40.4668  -124.3518     20.360   0.00    0.00    0.00   0.00     110009
20220201   1055694   40.4668  -124.3518     20.360   0.00    0.00    0.00   0.00     110010
20220203  21011286   40.4668  -124.3518     20.360   0.00    0.00    0.00   0.00     110011
20220204  21471254   40.4668  -124.3518     20.360   0.00    0.00    0.00   0.00     110012
20220204     15178   40.4668  -124.3518     20.360   0.00    0.00    0.00   0.00     110013
20220205  10375902   40.4668  -124.3518     20.360   0.00    0.00    0.00   0.00     110014
20220205  16455612   40.4668  -124.3518     20.360   0.00    0.00    0.00   0.00     110015
20220205  21514474   40.4668  -124.3518     20.360   0.00    0.00    0.00   0.00     110016
20220208  14093606   40.4668  -124.3518     20.360   0.00    0.00    0.00   0.00     110017
20220212   3581736   40.4668  -124.3518     20.360   0.00    0.00    0.00   0.00     110018
20220214   4280764   40.4668  -124.3518     20.360   0.00    0.00    0.00   0.00     110019
20220214   3242964   40.4668  -124.3518     20.360   0.00    0.00    0.00   0.00     110020
20220220   2240338   40.4668  -124.3518     20.360   0.00    0.00    0.00   0.00     110021
20220222  13203694   40.4668  -124.3518     20.360   0.00    0.00    0.00   0.00     110022
20220223   9200490   40.4668  -124.3518     20.360   0.00    0.00    0.00   0.00     110023
20220224  12262770   40.4668  -124.3518     20.360   0.00    0.00    0.00   0.00     110024
20220227  18362146   40.4668  -124.3518     20.360   0.00    0.00    0.00   0.00     110025
20220228  13084526   40.4668  -124.3518     20.360   0.00    0.00    0.00   0.00     110026
20220301   7324136   40.4668  -124.3518     20.360   0.00    0.00    0.00   0.00     110027
20220306  20592982   40.4668  -124.3518     20.360   0.00    0.00    0.00   0.00     110028
20220310  14102192   40.4668  -124.3518     20.360   0.00    0.00    0.00   0.00     110029
20220312   3055902   40.4668  -124.3518     20.360   0.00    0.00    0.00   0.00     110030
20220318  23220672   40.4668  -124.3518     20.360   0.00    0.00    0.00   0.00     110031
20220324  15304916   40.4668  -124.3518     20.360   0.00    0.00    0.00   0.00     110032
20220327  11321708   40.4668  -124.3518     20.360   0.00    0.00    0.00   0.00     110033
20220330  21404414   40.4668  -124.3518     20.360   0.00    0.00    0.00   0.00     110034
20220403   5494750   40.4668  -124.3518     20.360   0.00    0.00    0.00   0.00     110035
20220413   4171042   40.4668  -124.3518     20.360   0.00    0.00    0.00   0.00     110036
20220415   4052826   40.4668  -124.3518     20.360   0.00    0.00    0.00   0.00     110037
20220416   8162540   40.4668  -124.3518     20.360   0.00    0.00    0.00   0.00     110038
20220421  20065140   40.4668  -124.3518     20.360   0.00    0.00    0.00   0.00     110039
20220423  20005610   40.4668  -124.3518     20.360   0.00    0.00    0.00   0.00     110040
20220423  19302110   40.4668  -124.3518     20.360   0.00    0.00    0.00   0.00     110041
20220501  21173788   40.4668  -124.3518     20.360   0.00    0.00    0.00   0.00     110042
20220510  21122472   40.4668  -124.3518     20.360   0.00    0.00    0.00   0.00     110043
20220514  20490174   40.4668  -124.3518     20.360   0.00    0.00    0.00   0.00     110044
20220517   9542832   40.4668  -124.3518     20.360   0.00    0.00    0.00   0.00     110045
20220519   9265146   40.4668  -124.3518     20.360   0.00    0.00    0.00   0.00     110046
20220519   9390004   40.4668  -124.3518     20.360   0.00    0.00    0.00   0.00     110047
20220519  12035846   40.4668  -124.3518     20.360   0.00    0.00    0.00   0.00     110048
20220525   3190082   40.4668  -124.3518     20.360   0.00    0.00    0.00   0.00     110049
20220525  15362684   40.4668  -124.3518     20.360   0.00    0.00    0.00   0.00     110050
20220610   6002094   40.4668  -124.3518     20.360   0.00    0.00    0.00   0.00     110051
20220615   3274900   40.4668  -124.3518     20.360   0.00    0.00    0.00   0.00     110052
20220617   6212478   40.4668  -124.3518     20.360   0.00    0.00    0.00   0.00     110053
20220618  11290902   40.4668  -124.3518     20.360   0.00    0.00    0.00   0.00     110054
20220620   6215582   40.4668  -124.3518     20.360   0.00    0.00    0.00   0.00     110055
20220621   3361784   40.4668  -124.3518     20.360   0.00    0.00    0.00   0.00     110056
20220624  23082468   40.4668  -124.3518     20.360   0.00    0.00    0.00   0.00     110057
20220624  22505156   40.4668  -124.3518     20.360   0.00    0.00    0.00   0.00     110058
20220624  23184382   40.4668  -124.3518     20.360   0.00    0.00    0.00   0.00     110059
20220625   2110410   40.4668  -124.3518     20.360   0.00    0.00    0.00   0.00     110060
20220625   2103888   40.4668  -124.3518     20.360   0.00    0.00    0.00   0.00     110061
20220626  19022972   40.4668  -124.3518     20.360   0.00    0.00    0.00   0.00     110062
20220627  22320860   40.4668  -124.3518     20.360   0.00    0.00    0.00   0.00     110063
20220627  22342112   40.4668  -124.3518     20.360   0.00    0.00    0.00   0.00     110064
20220629   5195156   40.4668  -124.3518     20.360   0.00    0.00    0.00   0.00     110065
20220629   3554346   40.4668  -124.3518     20.360   0.00    0.00    0.00   0.00     110066
20220629   4055456   40.4668  -124.3518     20.360   0.00    0.00    0.00   0.00     110067
20220703  12081766   40.4668  -124.3518     20.360   0.00    0.00    0.00   0.00     110068
20220707    411236   40.4668  -124.3518     20.360   0.00    0.00    0.00   0.00     110069
20220707   4372468   40.4668  -124.3518     20.360   0.00    0.00    0.00   0.00     110070
20220707  13515868   40.4668  -124.3518     20.360   0.00    0.00    0.00   0.00     110071
20220721  12442112   40.4668  -124.3518     20.360   0.00    0.00    0.00   0.00     110072
20220721  16185886   40.4668  -124.3518     20.360   0.00    0.00    0.00   0.00     110073
20220721  12450706   40.4668  -124.3518     20.360   0.00    0.00    0.00   0.00     110074
20220826   2053998   40.4668  -124.3518     20.360   0.00    0.00    0.00   0.00     110075
20220827  15000980   40.4668  -124.3518     20.360   0.00    0.00    0.00   0.00     110076
20220828   3315636   40.4668  -124.3518     20.360   0.00    0.00    0.00   0.00     110077
20220830  22074772   40.4668  -124.3518     20.360   0.00    0.00    0.00   0.00     110078
20220908  19113076   40.4668  -124.3518     20.360   0.00    0.00    0.00   0.00     110079
20220908  19283914   40.4668  -124.3518     20.360   0.00    0.00    0.00   0.00     110080
20220910  15555198   40.4668  -124.3518     20.360   0.00    0.00    0.00   0.00     110081
20221011   8115798   40.4668  -124.3518     20.360   0.00    0.00    0.00   0.00     110082
20221011   8281776   40.4668  -124.3518     20.360   0.00    0.00    0.00   0.00     110083
20221012  10013588   40.4668  -124.3518     20.360   0.00    0.00    0.00   0.00     110084
20221018  11025748   40.4668  -124.3518     20.360   0.00    0.00    0.00   0.00     110085
20221109  21151510   40.4668  -124.3518     20.360   0.00    0.00    0.00   0.00     110086
20211211  10514242   40.5852  -124.2068     20.130   0.00    0.00    0.00   0.00     110087
20211220  23401958   40.5507  -124.3113     18.340   0.00    0.00    0.00   0.00     110088
20220822  11515576   40.5507  -124.3113     18.340   0.00    0.00    0.00   0.00     110089
20220822  11222442   40.5507  -124.3113     18.340   0.00    0.00    0.00   0.00     110090
20220822  11465798   40.5507  -124.3113     18.340   0.00    0.00    0.00   0.00     110091
20220822  11194452   40.5507  -124.3113     18.340   0.00    0.00    0.00   0.00     110092
20211220  21174344   40.5519  -124.3074     18.360   0.00    0.00    0.00   0.00     110093
20211220  21164580   40.5519  -124.3074     18.360   0.00    0.00    0.00   0.00     110094
20220714   2595306   40.5519  -124.3074     18.360   0.00    0.00    0.00   0.00     110095
20211220  21215122   40.4561  -124.5206     22.810   0.00    0.00    0.00   0.00     110096
20211220  21020194   40.5127  -124.3436     17.730   0.00    0.00    0.00   0.00     110097
20211220  23251842   40.5127  -124.3436     17.730   0.00    0.00    0.00   0.00     110098
20220106  15460696   40.5127  -124.3436     17.730   0.00    0.00    0.00   0.00     110099
20220106  13373130   40.5127  -124.3436     17.730   0.00    0.00    0.00   0.00     110100
20220306  20392740   40.5127  -124.3436     17.730   0.00    0.00    0.00   0.00     110101
20220404  12134408   40.5127  -124.3436     17.730   0.00    0.00    0.00   0.00     110102
20220609   7342514   40.5127  -124.3436     17.730   0.00    0.00    0.00   0.00     110103
20211220  21255262   40.5500  -124.3112     18.660   0.00    0.00    0.00   0.00     110104
20211220  23370030   40.5500  -124.3112     18.660   0.00    0.00    0.00   0.00     110105
20211221    542952   40.5500  -124.3112     18.660   0.00    0.00    0.00   0.00     110106
20211221   2183318   40.5500  -124.3112     18.660   0.00    0.00    0.00   0.00     110107
20211221   4065034   40.5500  -124.3112     18.660   0.00    0.00    0.00   0.00     110108
20211221  18591516   40.5500  -124.3112     18.660   0.00    0.00    0.00   0.00     110109
20211221  16222408   40.5500  -124.3112     18.660   0.00    0.00    0.00   0.00     110110
20211221   8143352   40.5500  -124.3112     18.660   0.00    0.00    0.00   0.00     110111
20211221    131356   40.5500  -124.3112     18.660   0.00    0.00    0.00   0.00     110112
20211221   7474020   40.5500  -124.3112     18.660   0.00    0.00    0.00   0.00     110113
20211223   8000508   40.5500  -124.3112     18.660   0.00    0.00    0.00   0.00     110114
20220103    262682   40.5500  -124.3112     18.660   0.00    0.00    0.00   0.00     110115
20220103  11323888   40.5500  -124.3112     18.660   0.00    0.00    0.00   0.00     110116
20220104  10532178   40.5500  -124.3112     18.660   0.00    0.00    0.00   0.00     110117
20220110   2044790   40.5500  -124.3112     18.660   0.00    0.00    0.00   0.00     110118
20220120  10502862   40.5500  -124.3112     18.660   0.00    0.00    0.00   0.00     110119
20211220  20292586   40.5191  -124.4226     19.610   0.00    0.00    0.00   0.00     110120
20211220  21373116   40.5074  -124.3362     17.680   0.00    0.00    0.00   0.00     110121
20220201   4452784   40.5074  -124.3362     17.680   0.00    0.00    0.00   0.00     110122
20211220  23071226   40.5186  -124.4203     18.960   0.00    0.00    0.00   0.00     110123
20220103  17362912   40.5186  -124.4203     18.960   0.00    0.00    0.00   0.00     110124
20221009  21312800   40.5186  -124.4203     18.960   0.00    0.00    0.00   0.00     110125
20221110  20193348   40.5186  -124.4203     18.960   0.00    0.00    0.00   0.00     110126
20211220  20152034   40.5789  -124.2218     18.640   0.00    0.00    0.00   0.00     110127
20211220  20310134   40.5488  -124.3105     25.620   0.00    0.00    0.00   0.00     110128
20211220  22575998   40.5111  -124.4396     18.530   0.00    0.00    0.00   0.00     110129
20211220  21193536   40.4568  -124.2727     25.340   0.00    0.00    0.00   0.00     110130
20211220  23142940   40.4568  -124.2727     25.340   0.00    0.00    0.00   0.00     110131
20211221     61272   40.4568  -124.2727     25.340   0.00    0.00    0.00   0.00     110132
20211223  18204672   40.4568  -124.2727     25.340   0.00    0.00    0.00   0.00     110133
20220304  15405640   40.4568  -124.2727     25.340   0.00    0.00    0.00   0.00     110134
20211220  22595990   40.4097  -124.1442     23.720   0.00    0.00    0.00   0.00     110135
20211220  21503790   40.2568  -124.4658     19.130   0.00    0.00    0.00   0.00     110136
20211220  23204926   40.2568  -124.4658     19.130   0.00    0.00    0.00   0.00     110137
20211221   6571980   40.2568  -124.4658     19.130   0.00    0.00    0.00   0.00     110138
20211221  15010238   40.2568  -124.4658     19.130   0.00    0.00    0.00   0.00     110139
20211221    152840   40.2568  -124.4658     19.130   0.00    0.00    0.00   0.00     110140
20211221   4592866   40.2568  -124.4658     19.130   0.00    0.00    0.00   0.00     110141
20211222  19220772   40.2568  -124.4658     19.130   0.00    0.00    0.00   0.00     110142
20211223  20380942   40.2568  -124.4658     19.130   0.00    0.00    0.00   0.00     110143
20211224   2403170   40.2568  -124.4658     19.130   0.00    0.00    0.00   0.00     110144
20211226  22281120   40.2568  -124.4658     19.130   0.00    0.00    0.00   0.00     110145
20211228  20480984   40.2568  -124.4658     19.130   0.00    0.00    0.00   0.00     110146
20220105  17453150   40.2568  -124.4658     19.130   0.00    0.00    0.00   0.00     110147
20220503   8371996   40.2568  -124.4658     19.130   0.00    0.00    0.00   0.00     110148
20220627  21593140   40.2568  -124.4658     19.130   0.00    0.00    0.00   0.00     110149
20211221     73960   40.5242  -124.3348     18.570   0.00    0.00    0.00   0.00     110150
20211221     43126   40.5242  -124.3348     18.570   0.00    0.00    0.00   0.00     110151
20211229  20223470   40.5242  -124.3348     18.570   0.00    0.00    0.00   0.00     110152
20211221   3283410   40.5091  -124.3337     18.500   0.00    0.00    0.00   0.00     110153
20211223   6554148   40.5091  -124.3337     18.500   0.00    0.00    0.00   0.00     110154
20211223  22513670   40.5091  -124.3337     18.500   0.00    0.00    0.00   0.00     110155
20211223   4514422   40.5091  -124.3337     18.500   0.00    0.00    0.00   0.00     110156
20211221    323992   40.5221  -124.4243     18.560   0.00    0.00    0.00   0.00     110157
20211221    464170   40.5723  -124.3186     16.440   0.00    0.00    0.00   0.00     110158
20211222  15481688   40.5723  -124.3186     16.440   0.00    0.00    0.00   0.00     110159
20211221  19303180   40.5223  -124.4259     18.430   0.00    0.00    0.00   0.00     110160
20211221  11340680   40.3457  -124.2475     12.000   0.00    0.00    0.00   0.00     110161
20211221  10300268   40.3457  -124.2475     12.000   0.00    0.00    0.00   0.00     110162
20211221   5135240   40.3033  -124.4459     19.210   0.00    0.00    0.00   0.00     110163
20220725  13353468   40.3033  -124.4459     19.210   0.00    0.00    0.00   0.00     110164
20220802  10400898   40.3033  -124.4459     19.210   0.00    0.00    0.00   0.00     110165
20211221  16352986   40.3058  -124.5209     24.810   0.00    0.00    0.00   0.00     110166
20220801  18244364   40.3058  -124.5209     24.810   0.00    0.00    0.00   0.00     110167
20211221   2444464   40.5799  -124.2154     19.140   0.00    0.00    0.00   0.00     110168
20211221  17404388   40.4500  -124.2723     21.780   0.00    0.00    0.00   0.00     110169
20211221  17465400   40.4500  -124.2723     21.780   0.00    0.00    0.00   0.00     110170
20211221    565466   40.4500  -124.2723     21.780   0.00    0.00    0.00   0.00     110171
20211221   9294238   40.4500  -124.2723     21.780   0.00    0.00    0.00   0.00     110172
20211231   7542274   40.4500  -124.2723     21.780   0.00    0.00    0.00   0.00     110173
20211221  11555608   40.5210  -124.4342     18.780   0.00    0.00    0.00   0.00     110174
20211222   1563802   40.5164  -124.4461     18.910   0.00    0.00    0.00   0.00     110175
20220705  10540362   40.5164  -124.4461     18.910   0.00    0.00    0.00   0.00     110176
20220709   2410586   40.5164  -124.4461     18.910   0.00    0.00    0.00   0.00     110177
20211223  14483596   40.5596  -124.3556     18.760   0.00    0.00    0.00   0.00     110178
20220320   6571668   40.5596  -124.3556     18.760   0.00    0.00    0.00   0.00     110179
20211223  17112908   40.5663  -124.4672     26.220   0.00    0.00    0.00   0.00     110180
20211225  16543370   40.4978  -124.4546     16.780   0.00    0.00    0.00   0.00     110181
20220404   4283630   40.4978  -124.4546     16.780   0.00    0.00    0.00   0.00     110182
20211226  16021594   40.6064  -124.1142     18.120   0.00    0.00    0.00   0.00     110183
20211227   8530540   40.5870  -123.9823     17.570   0.00    0.00    0.00   0.00     110184
20220528   7570136   40.5870  -123.9823     17.570   0.00    0.00    0.00   0.00     110185
20211228   6354158   40.5770  -124.2038     19.650   0.00    0.00    0.00   0.00     110186
20211231  13311462   40.5770  -124.2038     19.650   0.00    0.00    0.00   0.00     110187
20220101  22143812   40.5770  -124.2038     19.650   0.00    0.00    0.00   0.00     110188
20220102  11163346   40.5770  -124.2038     19.650   0.00    0.00    0.00   0.00     110189
20220425   2101170   40.5770  -124.2038     19.650   0.00    0.00    0.00   0.00     110190
20220901  20430292   40.5770  -124.2038     19.650   0.00    0.00    0.00   0.00     110191
20211228  11264838   40.5183  -124.3252     18.070   0.00    0.00    0.00   0.00     110192
20211228   4355968   40.5164  -124.3381     18.390   0.00    0.00    0.00   0.00     110193
20211228   4362684   40.5164  -124.3381     18.390   0.00    0.00    0.00   0.00     110194
20211228  14151738   40.7136  -123.8374     27.210   0.00    0.00    0.00   0.00     110195
20211228   4595662   40.5715  -124.1857      9.690   0.00    0.00    0.00   0.00     110196
20211230  18521112   40.5158  -124.3325     18.410   0.00    0.00    0.00   0.00     110197
20211230  16284882   40.5528  -124.2330     18.610   0.00    0.00    0.00   0.00     110198
20211231  17021338   40.5205  -124.4081     19.160   0.00    0.00    0.00   0.00     110199
20211231   2523948   40.3736  -124.0895      9.180   0.00    0.00    0.00   0.00     110200
20220527  16060410   40.3736  -124.0895      9.180   0.00    0.00    0.00   0.00     110201
20220106   8091154   40.5848  -124.1491     22.100   0.00    0.00    0.00   0.00     110202
20220107   3142798   40.5468  -124.3147     18.670   0.00    0.00    0.00   0.00     110203
20220206   2524120   40.5168  -124.3845     19.370   0.00    0.00    0.00   0.00     110204
20220209  13440728   40.5052  -124.4466     17.940   0.00    0.00    0.00   0.00     110205
20220319  17392152   40.5000  -124.4742     18.620   0.00    0.00    0.00   0.00     110206
20220831  22414746   40.5281  -124.3318     18.620   0.00    0.00    0.00   0.00     110207
20220329   1281154   40.5753  -124.2234     19.170   0.00    0.00    0.00   0.00     110208
20220402  19465600   40.6115  -124.1178     25.800   0.00    0.00    0.00   0.00     110209
20221023  18162728   40.6115  -124.1178     25.800   0.00    0.00    0.00   0.00     110210
20220403  10394708   40.5252  -124.4402     16.290   0.00    0.00    0.00   0.00     110211
20220403  10432976   40.5252  -124.4402     16.290   0.00    0.00    0.00   0.00     110212
20220407  15522866   40.5202  -124.4182     19.500   0.00    0.00    0.00   0.00     110213
20220411  16492464   40.5194  -124.4180     18.030   0.00    0.00    0.00   0.00     110214
20220413  13150106   40.5158  -124.4250     18.440   0.00    0.00    0.00   0.00     110215
20220417   5132178   40.4343  -124.0480     27.900   0.00    0.00    0.00   0.00     110216
20220417   5532146   40.3518  -124.4196     22.190   0.00    0.00    0.00   0.00     110217
20220827   2460124   40.3518  -124.4196     22.190   0.00    0.00    0.00   0.00     110218
20220903   6205092   40.3518  -124.4196     22.190   0.00    0.00    0.00   0.00     110219
20220419  20213420   40.7213  -124.3837      7.120   0.00    0.00    0.00   0.00     110220
20220531   4484434   40.7213  -124.3837      7.120   0.00    0.00    0.00   0.00     110221
20220605   8264540   40.7213  -124.3837      7.120   0.00    0.00    0.00   0.00     110222
20220605   8515418   40.7213  -124.3837      7.120   0.00    0.00    0.00   0.00     110223
20220605   8282510   40.7213  -124.3837      7.120   0.00    0.00    0.00   0.00     110224
20220605   8425646   40.7213  -124.3837      7.120   0.00    0.00    0.00   0.00     110225
20220613     51834   40.7213  -124.3837      7.120   0.00    0.00    0.00   0.00     110226
20220620    191796   40.7213  -124.3837      7.120   0.00    0.00    0.00   0.00     110227
20220713   3280864   40.6148  -124.0815     17.320   0.00    0.00    0.00   0.00     110228
20221022   1300072   40.6148  -124.0815     17.320   0.00    0.00    0.00   0.00     110229
20220505  20401114   40.7390  -124.3772      9.580   0.00    0.00    0.00   0.00     110230
20220514  20093064   40.5146  -124.4363     18.580   0.00    0.00    0.00   0.00     110231
20220519  12375564   40.6083  -124.0181     20.210   0.00    0.00    0.00   0.00     110232
20220521  20461560   40.5263  -124.4005     16.840   0.00    0.00    0.00   0.00     110233
20220525   9254222   40.5325  -124.2197     18.760   0.00    0.00    0.00   0.00     110234
20220526   2565994   40.7056  -124.3745      8.490   0.00    0.00    0.00   0.00     110235
20220807   6281244   40.7056  -124.3745      8.490   0.00    0.00    0.00   0.00     110236
20220807   1212306   40.7056  -124.3745      8.490   0.00    0.00    0.00   0.00     110237
20221102   8011940   40.7056  -124.3745      8.490   0.00    0.00    0.00   0.00     110238
20221103  13462802   40.7056  -124.3745      8.490   0.00    0.00    0.00   0.00     110239
20221116   6474630   40.7056  -124.3745      8.490   0.00    0.00    0.00   0.00     110240
20221130   8335908   40.7056  -124.3745      8.490   0.00    0.00    0.00   0.00     110241
20220528  18275836   40.5901  -124.0908     17.020   0.00    0.00    0.00   0.00     110242
20220607  13015638   40.5057  -124.4367     19.670   0.00    0.00    0.00   0.00     110243
20220618  11225276   40.5805  -124.1613     18.150   0.00    0.00    0.00   0.00     110244
20220621   4191348   40.6471  -124.0084     18.860   0.00    0.00    0.00   0.00     110245
20221116  16274580   40.6471  -124.0084     18.860   0.00    0.00    0.00   0.00     110246
20220626  17473782   40.5155  -124.4062     18.910   0.00    0.00    0.00   0.00     110247
20220701  13092026   40.5733  -124.1984     20.880   0.00    0.00    0.00   0.00     110248
20221106   7384966   40.5733  -124.1984     20.880   0.00    0.00    0.00   0.00     110249
20220702  10232310   40.5151  -124.4707     21.960   0.00    0.00    0.00   0.00     110250
20220714  17532498   40.4359  -124.0297     24.060   0.00    0.00    0.00   0.00     110251
20220719   8170002   40.5185  -124.4125     19.750   0.00    0.00    0.00   0.00     110252
20220720   6285058   40.6038  -124.1124     18.640   0.00    0.00    0.00   0.00     110253
20220809   7593306   40.6038  -124.1124     18.640   0.00    0.00    0.00   0.00     110254
20220809   8094034   40.6038  -124.1124     18.640   0.00    0.00    0.00   0.00     110255
20220802  21553910   40.3010  -124.5684     13.450   0.00    0.00    0.00   0.00     110256
20220802  23270010   40.3010  -124.5684     13.450   0.00    0.00    0.00   0.00     110257
20220802  21441152   40.3010  -124.5684     13.450   0.00    0.00    0.00   0.00     110258
20220802  21464122   40.3010  -124.5684     13.450   0.00    0.00    0.00   0.00     110259
20220802  23335750   40.3010  -124.5684     13.450   0.00    0.00    0.00   0.00     110260
20220803   7541632   40.3010  -124.5684     13.450   0.00    0.00    0.00   0.00     110261
20220805  23122886   40.3010  -124.5684     13.450   0.00    0.00    0.00   0.00     110262
20220806  12474110   40.3010  -124.5684     13.450   0.00    0.00    0.00   0.00     110263
20220807  15104930   40.3010  -124.5684     13.450   0.00    0.00    0.00   0.00     110264
20220809  11384224   40.3010  -124.5684     13.450   0.00    0.00    0.00   0.00     110265
20220830   6253548   40.5338  -124.3272     18.510   0.00    0.00    0.00   0.00     110266
20220831  22442454   40.5317  -124.3630     17.720   0.00    0.00    0.00   0.00     110267
20220916   4232088   40.5393  -124.2867      8.790   0.00    0.00    0.00   0.00     110268
20220927   5583264   40.4999  -124.3920     18.580   0.00    0.00    0.00   0.00     110269
20220927  19233372   40.4296  -124.5791     17.860   0.00    0.00    0.00   0.00     110270
20221007  17273434   40.5503  -124.2202     19.340   0.00    0.00    0.00   0.00     110271
20221025  21355014   40.5715  -124.0903     18.300   0.00    0.00    0.00   0.00     110272
20221028  12434200   40.6490  -124.0161     19.440   0.00    0.00    0.00   0.00     110273
20221029  20385078   40.5208  -124.4322     19.270   0.00    0.00    0.00   0.00     110274
20221030   3340266   40.5208  -124.4322     19.270   0.00    0.00    0.00   0.00     110275
20221112  10314284   40.5208  -124.4322     19.270   0.00    0.00    0.00   0.00     110276
20221102  12480684   40.5145  -124.4302     18.360   0.00    0.00    0.00   0.00     110277
20221102  12503252   40.5222  -124.4433     16.510   0.00    0.00    0.00   0.00     110278
20221102  16393026   40.5222  -124.4433     16.510   0.00    0.00    0.00   0.00     110279
20221104   7204236   40.4905  -124.3282     19.640   0.00    0.00    0.00   0.00     110280
20221112   3441268   40.5304  -124.3347     17.750   0.00    0.00    0.00   0.00     110281
20221115  17481856   40.5241  -124.4342     19.530   0.00    0.00    0.00   0.00     110282
20221119  12321220   40.6109  -124.0836     18.710   0.00    0.00    0.00   0.00     110283
20221123   5594472   40.4633  -124.0245     26.980   0.00    0.00    0.00   0.00     110284
20221123  13544704   40.6130  -124.1324     19.050   0.00    0.00    0.00   0.00     110285
20230527  14433211   40.7588  -124.2462     17.020   1.31    0.00    0.00   0.00     110286
20221219  13162636   40.4920  -124.3379     19.020   0.85    0.00    0.00   0.00     110287
20230529   5411567   40.5552  -124.6638      7.340   1.33    0.00    0.00   0.00     110288
20230126  21332892   40.3685  -124.4603     17.830   1.26    0.00    0.00   0.00     110289
20230203  19430472   40.4410  -124.6441     26.400   1.42    0.00    0.00   0.00     110290
20230308  12493742   40.4341  -124.2811     27.250   0.96    0.00    0.00   0.00     110291
20230316  13571425   40.4971  -124.2107     22.400   1.04    0.00    0.00   0.00     110292
20230319  12291465   40.4736  -124.7041     25.720   1.61    0.00    0.00   0.00     110293
20230520   7110522   40.2971  -124.3771      8.720   0.56    0.00    0.00   0.00     110294
20230428   6445122   40.4323  -124.4213     26.280   1.27    0.00    0.00   0.00     110295
20221222   3080586   40.5813  -123.9798     20.330   0.87    0.00    0.00   0.00     110296
20230102  14241816   40.3257  -124.3665     18.790   1.18    0.00    0.00   0.00     110297
20230117  13544552   40.5368  -124.2678     11.690   1.24    0.00    0.00   0.00     110298
20230209  16513440   40.4999  -124.3293     18.950   0.90    0.00    0.00   0.00     110299
20230309  12505148   40.2770  -124.4786     25.390   1.40    0.00    0.00   0.00     110300
20230520   8265942   40.4467  -124.6542     25.220   1.66    0.00    0.00   0.00     110301
20221224    351889   40.5664  -124.1281     22.770   0.89    0.00    0.00   0.00     110302
20221220  12252538   40.4822  -124.5220     24.920   2.43    0.00    0.00   0.00     110303
20221225  19402968   40.2933  -124.5575     23.380   3.05    0.00    0.00   0.00     110304
20230402  11442161   40.4372  -124.6028     25.380   2.51    0.00    0.00   0.00     110305
20230405  22105778   40.4577  -124.6833     25.590   1.92    0.00    0.00   0.00     110306
20230309   9111807   40.5219  -124.4126     25.470   1.00    0.00    0.00   0.00     110307
20221221  19212116   40.5832  -123.8894     22.210   1.21    0.00    0.00   0.00     110308
20230119   5080470   40.3632  -124.1486     33.090   1.05    0.00    0.00   0.00     110309
20221224   5130702   40.3970  -124.5137     21.230   2.60    0.00    0.00   0.00     110310
20230206   9534214   40.5468  -124.4960     26.890   2.82    0.00    0.00   0.00     110311
20221219  12203170   40.3293  -124.6138     10.970   1.28    0.00    0.00   0.00     110312
20230209   8084280   40.2950  -124.5668     16.990   2.99    0.00    0.00   0.00     110313
20230423  20444126   40.4912  -124.4988     29.540   1.76    0.00    0.00   0.00     110314
20230517  16105279   40.4950  -124.7032     25.630   2.77    0.00    0.00   0.00     110315
20221231  20530852   40.7440  -124.2153     21.670   1.22    0.00    0.00   0.00     110316
20230322  15192360   40.4057  -124.3898     27.850   1.19    0.00    0.00   0.00     110317
20230220  13180396   40.2867  -124.4666     20.050   1.48    0.00    0.00   0.00     110318
20230423   3483654   40.3023  -124.4332     15.420   1.34    0.00    0.00   0.00     110319
20230503  16445456   40.3870  -124.2855     30.600   1.67    0.00    0.00   0.00     110320
20221223  14211163   40.2782  -124.5216     19.970   0.91    0.00    0.00   0.00     110321
20230430   3175143   40.3791  -124.3118     29.960   0.24    0.00    0.00   0.00     110322
20221217  21511520   40.4167  -124.6357     27.790   2.06    0.00    0.00   0.00     110323
20221222  11495418   40.3747  -124.3938     30.380   3.63    0.00    0.00   0.00     110324
20230106   2112344   40.3760  -124.6323     26.520   2.07    0.00    0.00   0.00     110325
20230426  22230788   40.5803  -124.2337     18.680   0.79    0.00    0.00   0.00     110326
20221221   8594065   40.6286  -123.9391     21.010   1.14    0.00    0.00   0.00     110327
20221223  23230412   40.2973  -124.3463      9.400   1.11    0.00    0.00   0.00     110328
20230102   1542174   40.4770  -123.9986     30.400   1.00    0.00    0.00   0.00     110329
20230527   2454975   40.5813  -123.9269     26.380   0.87    0.00    0.00   0.00     110330
20230213  12004336   40.3564  -124.4528     27.960   1.05    0.00    0.00   0.00     110331
20230312  10383458   40.2994  -124.3404      9.730   0.73    0.00    0.00   0.00     110332
20221223    320675   40.4081  -124.1213     21.320   0.86    0.00    0.00   0.00     110333
20230222   6202508   40.6226  -124.3174     18.420   1.45    0.00    0.00   0.00     110334
20230510  10005298   40.3154  -124.6239     17.480   1.31    0.00    0.00   0.00     110335
20221222  20565480   40.5002  -124.4715     28.820   1.39    0.00    0.00   0.00     110336
20221225  13245730   40.6292  -124.2827     17.570   0.84    0.00    0.00   0.00     110337
20221219  23290616   40.3554  -124.2779     23.780   1.05    0.00    0.00   0.00     110338
20230130  19454776   40.3989  -124.5232     18.010   1.21    0.00    0.00   0.00     110339
20230528  21513482   40.4564  -124.5929     14.960   1.43    0.00    0.00   0.00     110340
20230105  14470617   40.5622  -124.1252     22.570   2.14    0.00    0.00   0.00     110341
20230515  11355056   40.4062  -124.3487     28.440   2.49    0.00    0.00   0.00     110342
20230227    141143   40.2947  -124.4015     11.230   1.57    0.00    0.00   0.00     110343
20230319   5414062   40.2763  -124.4409     15.390   0.92    0.00    0.00   0.00     110344
20230522   8391592   40.2763  -124.5102     20.100   1.61    0.00    0.00   0.00     110345
20230528   1455362   40.5355  -123.8905     22.620   1.36    0.00    0.00   0.00     110346
20230509  16442707   40.4019  -124.5691     27.630   1.07    0.00    0.00   0.00     110347
20221215   2160411   40.4657  -124.4777     29.780   2.47    0.00    0.00   0.00     110348
20230414  19202508   40.2793  -124.4697      7.760   1.57    0.00    0.00   0.00     110349
20221221   2135187   40.4781  -124.5706     24.020   1.55    0.00    0.00   0.00     110350
20230106  12325651   40.7299  -124.2234     20.730   1.36    0.00    0.00   0.00     110351
20230328   2262848   40.2917  -124.3895     21.370   2.85    0.00    0.00   0.00     110352
20230502  13440604   40.2827  -124.4395     11.040   1.79    0.00    0.00   0.00     110353
20230414   1570661   40.5091  -124.4187     26.240   1.17    0.00    0.00   0.00     110354
20230216  22150280   40.5200  -124.4930     16.460   1.44    0.00    0.00   0.00     110355
20230527    552218   40.3740  -124.5870     27.510   2.59    0.00    0.00   0.00     110356
20230423  16090047   40.2505  -124.5411     15.770   1.48    0.00    0.00   0.00     110357
20230101  18461790   40.4427  -124.0265     25.560   1.73    0.00    0.00   0.00     110358
20221222   4535639   40.7403  -123.9941     21.460   0.79    0.00    0.00   0.00     110359
20221231   1092344   40.3152  -124.5988     17.810   1.24    0.00    0.00   0.00     110360
20230224  15204551   40.7154  -124.3958     24.520   1.26    0.00    0.00   0.00     110361
20230412  23021860   40.3523  -124.4139     23.370   1.14    0.00    0.00   0.00     110362
20221214  10395476   40.4017  -124.0942     21.800   1.83    0.00    0.00   0.00     110363
20230418  11400689   40.4073  -124.5608     29.170   2.03    0.00    0.00   0.00     110364
20221220  12372269   40.5350  -124.2386     16.340   1.44    0.00    0.00   0.00     110365
20230215   9403783   40.2759  -124.5390     11.660   1.30    0.00    0.00   0.00     110366
20221225   1203369   40.5408  -123.9595     20.440   1.82    0.00    0.00   0.00     110367
20230214   3520770   40.5965  -123.9796     21.930   1.37    0.00    0.00   0.00     110368
20230401   7445771   40.2911  -124.4755      9.920   1.31    0.00    0.00   0.00     110369
20221221   4441382   40.6931  -123.8971     24.120   1.30    0.00    0.00   0.00     110370
20230311   3375189   40.2798  -124.5092     18.690   1.01    0.00    0.00   0.00     110371
20230403  12144052   40.2929  -124.4362     20.600   1.28    0.00    0.00   0.00     110372
20221220  23583980   40.6492  -123.9902     21.360   0.88    0.00    0.00   0.00     110373
20221222   4462899   40.7619  -123.8647     22.900   1.00    0.00    0.00   0.00     110374
20230418  21275650   40.6992  -124.1993     17.340   2.49    0.00    0.00   0.00     110375
20230401  12562462   40.2957  -124.3971      8.110   0.61    0.00    0.00   0.00     110376
20230520  23474044   40.2986  -124.4093      9.110   1.10    0.00    0.00   0.00     110377
20221221  18522864   40.5990  -124.0427     22.270   1.06    0.00    0.00   0.00     110378
20221222   9212853   40.5193  -124.4227     18.480   1.40    0.00    0.00   0.00     110379
20221226   3173728   40.3766  -124.2509     26.410   0.86    0.00    0.00   0.00     110380
20230209   3130287   40.3913  -124.2876     27.820   0.89    0.00    0.00   0.00     110381
20221226   5312118   40.5467  -124.0672     19.750   1.08    0.00    0.00   0.00     110382
20230307  12115769   40.2919  -124.4805      8.460   1.17    0.00    0.00   0.00     110383
20221221  21163728   40.6037  -124.1118     17.990   0.79    0.00    0.00   0.00     110384
20221223    192252   40.5994  -124.1074     18.970   0.90    0.00    0.00   0.00     110385
20230430   3212322   40.2776  -124.5623     18.270   1.14    0.00    0.00   0.00     110386
20230128  23565820   40.5327  -124.4183     27.300   3.85    0.00    0.00   0.00     110387
20221231  10204036   40.5005  -124.4453     17.610   1.04    0.00    0.00   0.00     110388
20230117   6162057   40.4551  -124.0187     26.880   0.99    0.00    0.00   0.00     110389
20230117   5140251   40.6428  -123.9710     27.740   1.84    0.00    0.00   0.00     110390
20221223    354460   40.5831  -124.2093     21.040   1.56    0.00    0.00   0.00     110391
20230101  12194413   40.5163  -124.4179     19.320   1.25    0.00    0.00   0.00     110392
20230105  23380824   40.4958  -123.9756     20.750   1.45    0.00    0.00   0.00     110393
20230424  14190095   40.3638  -124.4498     22.470   0.93    0.00    0.00   0.00     110394
20221220  23195372   40.5555  -124.2281     17.600   1.40    0.00    0.00   0.00     110395
20221224  20060918   40.5399  -124.2609     17.550   0.83    0.00    0.00   0.00     110396
20221223  10182572   40.5582  -124.2673     15.370   1.66    0.00    0.00   0.00     110397
20230211   3182244   40.4968  -124.3308     17.850   1.85    0.00    0.00   0.00     110398
20221220  10444673   40.5303  -124.4262     17.240   2.70    0.00    0.00   0.00     110399
20221225   4332057   40.5602  -124.0462     23.250   0.83    0.00    0.00   0.00     110400
20230119   3062748   40.7066  -124.3686     24.040   1.40    0.00    0.00   0.00     110401
20230217   9243467   40.6863  -124.3518     29.140   1.19    0.00    0.00   0.00     110402
20230404  17321446   40.2852  -124.4062     18.780   1.08    0.00    0.00   0.00     110403
20221227    233380   40.5676  -124.0169     22.370   1.12    0.00    0.00   0.00     110404
20230114   2180446   40.4395  -123.9802     23.850   1.07    0.00    0.00   0.00     110405
20230111   3231883   40.5883  -124.1183     21.240   1.45    0.00    0.00   0.00     110406
20230530   8323538   40.4999  -124.3301     19.900   1.14    0.00    0.00   0.00     110407
20230212  20121590   40.6048  -123.8498     28.150   2.47    0.00    0.00   0.00     110408
20221221  22085866   40.5110  -124.4161     21.430   1.39    0.00    0.00   0.00     110409
20230127   4120598   40.6076  -124.0633     23.080   0.82    0.00    0.00   0.00     110410
20221221  19452708   40.2743  -124.5472      3.850   1.81    0.00    0.00   0.00     110411
20221226   7302596   40.5810  -124.0933     19.520   0.98    0.00    0.00   0.00     110412
20230325  19243240   40.2801  -124.5518     17.900   1.25    0.00    0.00   0.00     110413
20230418   6302024   40.4578  -124.2710     25.350   1.21    0.00    0.00   0.00     110414
20230315  21221810   40.2939  -124.3311      9.460   1.02    0.00    0.00   0.00     110415
20221222  18083662   40.3295  -124.6255     14.200   1.21    0.00    0.00   0.00     110416
20221224  12430052   40.5528  -123.9713     21.090   1.06    0.00    0.00   0.00     110417
20230215  12091257   40.4040  -124.4024     24.350   0.98    0.00    0.00   0.00     110418
20230311  22020200   40.4107  -124.0643     29.060   2.25    0.00    0.00   0.00     110419
20230217  14361072   40.2852  -124.4945     20.360   2.81    0.00    0.00   0.00     110420
20230203  10045338   40.2802  -124.4434     12.200   1.07    0.00    0.00   0.00     110421
20221229  13401801   40.6233  -124.3079     17.980   1.27    0.00    0.00   0.00     110422
20230217  12383627   40.5077  -124.3335     18.540   0.88    0.00    0.00   0.00     110423
20230503   7325673   40.3336  -124.2113      7.100   0.50    0.00    0.00   0.00     110424
20230420  17485922   40.4494  -124.5101     19.940   0.86    0.00    0.00   0.00     110425
20230319   7055773   40.4977  -124.2258     21.820   0.62    0.00    0.00   0.00     110426
20221225   7315507   40.3426  -124.2947     27.510   0.83    0.00    0.00   0.00     110427
20230429   3012266   40.3718  -124.3079     29.430   0.62    0.00    0.00   0.00     110428
20221222   9283797   40.5922  -124.0110     22.220   0.68    0.00    0.00   0.00     110429
20230418   9171978   40.7131  -124.3955     24.460   1.42    0.00    0.00   0.00     110430
20221221  17591762   40.5970  -124.0828     21.870   1.95    0.00    0.00   0.00     110431
20221222   1133013   40.4973  -124.4508     26.670   2.71    0.00    0.00   0.00     110432
20221219   9343376   40.2678  -124.5216      5.960   0.24    0.00    0.00   0.00     110433
20221221  18262952   40.5073  -124.4596     19.680   1.33    0.00    0.00   0.00     110434
20230128  20073990   40.5265  -124.3687     26.360   1.24    0.00    0.00   0.00     110435
20230218    473788   40.4661  -124.5274     25.280   1.15    0.00    0.00   0.00     110436
20230222   3031893   40.4732  -124.4930     16.970   1.24    0.00    0.00   0.00     110437
20230304  21153250   40.3808  -124.5285     27.740   1.55    0.00    0.00   0.00     110438
20230127  16284196   40.4718  -124.4252     19.640   1.01    0.00    0.00   0.00     110439
20230417  14535270   40.3487  -124.5522     27.190   0.98    0.00    0.00   0.00     110440
20230501  14191334   40.3856  -124.5501     25.740   1.05    0.00    0.00   0.00     110441
20221220  18485460   40.5675  -123.9600     20.910   0.91    0.00    0.00   0.00     110442
20221221  21551014   40.5765  -124.1847     18.910   0.79    0.00    0.00   0.00     110443
20221223  21415500   40.5069  -124.5005     27.160   1.21    0.00    0.00   0.00     110444
20221221   8065591   40.5207  -124.4003     23.730   1.80    0.00    0.00   0.00     110445
20230513   1271792   40.2969  -124.4303     19.090   1.13    0.00    0.00   0.00     110446
20221224  19373612   40.5675  -124.0178     22.730   1.39    0.00    0.00   0.00     110447
20230131  13124942   40.5944  -124.1290     22.050   1.12    0.00    0.00   0.00     110448
20230225   4073063   40.5331  -123.9825     20.860   0.97    0.00    0.00   0.00     110449
20221209   5062327   40.3027  -124.4418     13.880   2.34    0.00    0.00   0.00     110450
20221220  20463192   40.6754  -124.2344     27.700   1.40    0.00    0.00   0.00     110451
20221220  23253634   40.5488  -124.1826     28.070   1.09    0.00    0.00   0.00     110452
20221221  12080602   40.5028  -124.4693     18.760   1.11    0.00    0.00   0.00     110453
20221221  13415955   40.4664  -123.8274     23.370   0.69    0.00    0.00   0.00     110454
20221223  13094030   40.5178  -124.4181     19.300   0.89    0.00    0.00   0.00     110455
20230101  23431580   40.4640  -124.0405     22.970   0.87    0.00    0.00   0.00     110456
20230118  23332324   40.3695  -124.1451     32.890   1.29    0.00    0.00   0.00     110457
20230214   6322846   40.6245  -124.3226     18.230   1.23    0.00    0.00   0.00     110458
20230223   1160286   40.2655  -124.5414     14.580   1.71    0.00    0.00   0.00     110459
20230315   6013812   40.4864  -124.1872     20.610   0.94    0.00    0.00   0.00     110460
20230409  11532379   40.3048  -124.4694     20.930   0.91    0.00    0.00   0.00     110461
20230422  17561308   40.5746  -124.4214     25.350   1.37    0.00    0.00   0.00     110462
20230518  12501494   40.3961  -124.2625     28.190   1.05    0.00    0.00   0.00     110463
20230213  21321428   40.5823  -124.4217     21.950   2.09    0.00    0.00   0.00     110464
20221220   3065962   40.2915  -124.3763     19.730   0.86    0.00    0.00   0.00     110465
20221222    272663   40.5283  -124.4032     18.520   0.83    0.00    0.00   0.00     110466
20221222   3581066   40.5293  -124.4247     26.340   0.90    0.00    0.00   0.00     110467
20221224   1173285   40.5306  -123.9858     21.000   0.88    0.00    0.00   0.00     110468
20230104  10082062   40.4621  -124.5079     20.630   0.99    0.00    0.00   0.00     110469
20230329   5055948   40.5283  -124.3537     17.240   1.47    0.00    0.00   0.00     110470
20230330  14413347   40.3722  -124.2553     29.980   1.24    0.00    0.00   0.00     110471
20230201  13070863   40.4255  -123.9872     30.190   2.17    0.00    0.00   0.00     110472
20221229  18280982   40.4288  -124.5792     18.660   1.32    0.00    0.00   0.00     110473
20221220  12141138   40.4627  -124.4370     22.920   2.27    0.00    0.00   0.00     110474
20221221  15083762   40.5723  -124.3307     27.990   1.85    0.00    0.00   0.00     110475
20221220  13241233   40.5461  -124.4046     29.170   1.51    0.00    0.00   0.00     110476
20230103   7184240   40.6208  -123.9455     20.120   0.99    0.00    0.00   0.00     110477
20230416  19400276   40.3102  -124.4483      8.920   1.19    0.00    0.00   0.00     110478
20221226   2042180   40.5272  -124.3545     17.530   1.88    0.00    0.00   0.00     110479
20221221   2561182   40.5467  -124.2270     23.260   1.60    0.00    0.00   0.00     110480
20230405  14511834   40.4962  -124.4683     16.060   1.34    0.00    0.00   0.00     110481
20221221  19520636   40.6205  -123.9017     21.940   0.64    0.00    0.00   0.00     110482
20230429  18240128   40.7333  -124.2225     20.950   0.83    0.00    0.00   0.00     110483
20221225   4033780   40.5231  -124.4194     19.200   0.93    0.00    0.00   0.00     110484
20230408  11173602   40.4467  -124.5131     19.590   1.06    0.00    0.00   0.00     110485
20221221   4381840   40.4733  -124.5062     21.210   1.36    0.00    0.00   0.00     110486
20221220  14110015   40.7495  -123.8290     21.900   2.57    0.00    0.00   0.00     110487
20230218   9182819   40.4864  -124.4578     17.800   1.40    0.00    0.00   0.00     110488
20221229   9572563   40.5185  -124.4223     19.070   1.27    0.00    0.00   0.00     110489
20230507   7212434   40.2915  -124.4998      7.900   0.91    0.00    0.00   0.00     110490
20230401  22382496   40.3511  -124.4414     23.910   0.87    0.00    0.00   0.00     110491
20230417   9135123   40.3387  -124.5528      6.120   2.06    0.00    0.00   0.00     110492
20230101  20392720   40.4407  -123.9975     29.300   0.90    0.00    0.00   0.00     110493
20230305  20141972   40.5192  -124.4208     18.520   1.28    0.00    0.00   0.00     110494
20230120  16551624   40.5372  -124.2035     20.410   1.95    0.00    0.00   0.00     110495
20221230  12515487   40.5048  -124.4430     18.380   1.14    0.00    0.00   0.00     110496
20221231  14275770   40.5686  -124.0910     22.470   1.02    0.00    0.00   0.00     110497
20230115  11511920   40.4911  -124.2069     20.730   1.50    0.00    0.00   0.00     110498
20230319  16351233   40.3815  -124.2502     12.830   0.73    0.00    0.00   0.00     110499
20230409  13304638   40.3043  -124.4679     21.010   0.65    0.00    0.00   0.00     110500
20221230  21431832   40.4594  -124.5089     26.430   2.12    0.00    0.00   0.00     110501
20221223  17302728   40.7491  -124.2345     12.320   1.15    0.00    0.00   0.00     110502
20230102   5555572   40.4442  -124.0382     25.260   1.08    0.00    0.00   0.00     110503
20230205  13485313   40.4842  -124.2386     19.150   1.08    0.00    0.00   0.00     110504
20221220  11391301   40.4336  -124.5543     19.880   1.53    0.00    0.00   0.00     110505
20221220  21474888   40.6147  -124.0983     16.840   1.10    0.00    0.00   0.00     110506
20221221  10161143   40.5281  -124.4010     18.610   0.70    0.00    0.00   0.00     110507
20221230   9003955   40.6180  -124.0949     18.580   1.14    0.00    0.00   0.00     110508
20230102   8012230   40.5689  -124.3756     24.910   0.77    0.00    0.00   0.00     110509
20230102   8251106   40.4972  -124.4305     26.440   1.28    0.00    0.00   0.00     110510
20221221   4151985   40.6187  -124.0285     23.060   2.45    0.00    0.00   0.00     110511
20221221  17355048   40.5180  -124.3423     18.650   1.40    0.00    0.00   0.00     110512
20221220  15045068   40.5242  -124.4152     19.260   1.42    0.00    0.00   0.00     110513
20221221    283162   40.6064  -124.0866     16.480   1.00    0.00    0.00   0.00     110514
20230111  13291206   40.5515  -124.3127     26.810   1.57    0.00    0.00   0.00     110515
20230131  12114111   40.6172  -124.0730     26.000   0.96    0.00    0.00   0.00     110516
20230312   6434674   40.6019  -124.0832     26.660   0.89    0.00    0.00   0.00     110517
20221220  10433930   40.5422  -124.4293     13.060   2.63    0.00    0.00   0.00     110518
20221220  23221476   40.5652  -124.1160     22.930   1.65    0.00    0.00   0.00     110519
20230116   3190068   40.2901  -124.5218      9.400   1.26    0.00    0.00   0.00     110520
20221223   1114455   40.5741  -124.1612     22.410   1.32    0.00    0.00   0.00     110521
20221220  18481552   40.6334  -124.1105     32.260   0.97    0.00    0.00   0.00     110522
20221221   1073331   40.5085  -124.4940     25.970   3.25    0.00    0.00   0.00     110523
20221221   9310784   40.6038  -124.0932     18.430   1.25    0.00    0.00   0.00     110524
20221226   7211039   40.6089  -124.0874     18.980   0.93    0.00    0.00   0.00     110525
20230218  20581092   40.4881  -124.4995     15.660   1.67    0.00    0.00   0.00     110526
20221222   3555382   40.5201  -124.4345     19.480   1.44    0.00    0.00   0.00     110527
20230429   9230213   40.6309  -124.4612      6.610   0.95    0.00    0.00   0.00     110528
20230518  13213644   40.5497  -124.2620     26.040   0.56    0.00    0.00   0.00     110529
20221222   4495417   40.6099  -124.0787     16.630   0.84    0.00    0.00   0.00     110530
20221220  19160264   40.5311  -124.3391     17.570   1.29    0.00    0.00   0.00     110531
20221223   4095504   40.5324  -124.3422     16.930   1.00    0.00    0.00   0.00     110532
20221221  11501094   40.6671  -124.0238     19.890   0.78    0.00    0.00   0.00     110533
20230104  16295505   40.5343  -124.3975     17.520   1.61    0.00    0.00   0.00     110534
20221222  10555172   40.5230  -124.4116     18.900   0.98    0.00    0.00   0.00     110535
20230101  19094050   40.4499  -124.0240     25.790   1.03    0.00    0.00   0.00     110536
20221221  16281566   40.6117  -124.0990     27.800   3.99    0.00    0.00   0.00     110537
20230408  23151120   40.6805  -124.1413     30.330   0.95    0.00    0.00   0.00     110538
20221225   8224825   40.5188  -124.3324     17.790   0.72    0.00    0.00   0.00     110539
20230304   2454047   40.3149  -124.5366     24.810   1.01    0.00    0.00   0.00     110540
20230218   6521965   40.5786  -124.1937     18.930   1.07    0.00    0.00   0.00     110541
20221220  17560592   40.5749  -124.2031     19.140   1.14    0.00    0.00   0.00     110542
20230110  17585464   40.4893  -124.3393     19.320   1.07    0.00    0.00   0.00     110543
20230321  22513476   40.6018  -124.2011     19.230   0.98    0.00    0.00   0.00     110544
20230126  19342232   40.2905  -124.4565     13.260   1.51    0.00    0.00   0.00     110545
20221227   1234152   40.5057  -124.4426     18.340   0.94    0.00    0.00   0.00     110546
20221220  23365088   40.6295  -123.9213     20.890   1.00    0.00    0.00   0.00     110547
20230224  19103780   40.3069  -124.4291      8.890   1.22    0.00    0.00   0.00     110548
20221221   4184622   40.5353  -124.0485     19.840   2.04    0.00    0.00   0.00     110549
20230330  19311528   40.3215  -124.5598     11.790   1.92    0.00    0.00   0.00     110550
20230217  11161433   40.6208  -124.0853     18.640   1.12    0.00    0.00   0.00     110551
20221221    315268   40.6300  -124.0382     20.530   1.22    0.00    0.00   0.00     110552
20221225    340191   40.5004  -123.8959     22.150   0.77    0.00    0.00   0.00     110553
20221221     53144   40.5520  -124.2443     17.630   1.34    0.00    0.00   0.00     110554
20230505  10400993   40.7206  -124.2294     17.170   1.00    0.00    0.00   0.00     110555
20230225  14232712   40.5010  -124.4386     25.470   1.53    0.00    0.00   0.00     110556
20230102  17214004   40.5073  -123.9761     20.990   1.10    0.00    0.00   0.00     110557
20221220  21383744   40.6068  -124.0936     20.560   0.96    0.00    0.00   0.00     110558
20230313    481733   40.6032  -124.1315     20.580   0.83    0.00    0.00   0.00     110559
20230202   2385590   40.6260  -123.9207     20.530   1.60    0.00    0.00   0.00     110560
20221220  17353252   40.6023  -123.8928     26.850   1.17    0.00    0.00   0.00     110561
20230201   1282649   40.6749  -124.1821     18.090   1.31    0.00    0.00   0.00     110562
20230313   6225527   40.3652  -124.1121     23.080   1.07    0.00    0.00   0.00     110563
20221224   4185942   40.6061  -124.1208     16.810   0.99    0.00    0.00   0.00     110564
20230409  10265454   40.3077  -124.4698     21.460   2.63    0.00    0.00   0.00     110565
20221222   5244410   40.6023  -124.1082     18.770   2.65    0.00    0.00   0.00     110566
20230516  14312739   40.2916  -124.4919      9.590   0.62    0.00    0.00   0.00     110567
20230322  19352508   40.4982  -124.4601     16.720   1.32    0.00    0.00   0.00     110568
20230102   9442391   40.6458  -124.0198     19.320   0.93    0.00    0.00   0.00     110569
20221222   6142208   40.6090  -124.1163     20.070   1.10    0.00    0.00   0.00     110570
20230518  17145072   40.3807  -124.3275     29.040   1.28    0.00    0.00   0.00     110571
20230101  22185292   40.5356  -124.2433     18.360   1.17    0.00    0.00   0.00     110572
20230522  19053002   40.7346  -124.2875      6.030   1.30    0.00    0.00   0.00     110573
20221221  22334908   40.6297  -124.0989     18.360   1.00    0.00    0.00   0.00     110574
20221223   1100640   40.5894  -124.1458     27.190   0.80    0.00    0.00   0.00     110575
20230101  19174168   40.4631  -123.9945     23.570   1.12    0.00    0.00   0.00     110576
20221225  19132840   40.6236  -124.2247     27.620   0.95    0.00    0.00   0.00     110577
20221220  20264172   40.5720  -124.1425     21.600   2.13    0.00    0.00   0.00     110578
20221221   8583403   40.5229  -124.4099     20.630   0.97    0.00    0.00   0.00     110579
20230103   4534954   40.6098  -124.0531     23.110   1.15    0.00    0.00   0.00     110580
20230528  11384377   40.5670  -124.2211     19.120   1.07    0.00    0.00   0.00     110581
20221221  23361724   40.5645  -123.9375     21.940   1.23    0.00    0.00   0.00     110582
20230207  18352804   40.2985  -124.5738     12.600   1.14    0.00    0.00   0.00     110583
20221225  11325078   40.6040  -124.1230     20.340   0.78    0.00    0.00   0.00     110584
20230123   1442691   40.4195  -124.6222     15.850   2.18    0.00    0.00   0.00     110585
20221222   5364991   40.5215  -123.9146     21.310   0.70    0.00    0.00   0.00     110586
20221220  10483830   40.5980  -123.9148     25.530   2.65    0.00    0.00   0.00     110587
20221222   7504872   40.6050  -124.1170     18.530   1.53    0.00    0.00   0.00     110588
20221221    132915   40.5373  -124.0526     20.080   1.50    0.00    0.00   0.00     110589
20221223  19103524   40.6606  -123.8877     30.340   1.06    0.00    0.00   0.00     110590
20221225  22345536   40.5836  -124.0611     21.790   0.82    0.00    0.00   0.00     110591
20230118   8284936   40.6099  -124.0822     18.580   0.92    0.00    0.00   0.00     110592
20230419  11241182   40.6446  -124.2963     17.480   1.11    0.00    0.00   0.00     110593
20221221    454023   40.5610  -123.9401     21.090   1.26    0.00    0.00   0.00     110594
20221220  10523934   40.5962  -124.3193     22.440   3.28    0.00    0.00   0.00     110595
20221229   7312315   40.5311  -124.3328     17.210   0.85    0.00    0.00   0.00     110596
20221220  21242888   40.6172  -124.0816     20.000   0.90    0.00    0.00   0.00     110597
20221226   1460315   40.5939  -124.0961     22.900   1.45    0.00    0.00   0.00     110598
20230524  13542324   40.2861  -124.4027     14.310   1.23    0.00    0.00   0.00     110599
20221220  19510548   40.5231  -124.3687     17.460   1.33    0.00    0.00   0.00     110600
20221221  11234166   40.3665  -124.1648     30.230   0.93    0.00    0.00   0.00     110601
20230130  11031640   40.6782  -124.4252     25.660   1.28    0.00    0.00   0.00     110602
20230101   9390436   40.7326  -124.4728     10.620   1.46    0.00    0.00   0.00     110603
20221221  17014960   40.5705  -123.9349     20.920   1.16    0.00    0.00   0.00     110604
20221222   7333552   40.5211  -124.4286     19.360   1.14    0.00    0.00   0.00     110605
20230101  19510196   40.4510  -124.0020     27.780   0.91    0.00    0.00   0.00     110606
20221221  14332429   40.6579  -124.0178     19.390   1.52    0.00    0.00   0.00     110607
20221225  12295502   40.6370  -124.0312     19.350   1.64    0.00    0.00   0.00     110608
20221220  19190012   40.5779  -124.1484     22.450   1.41    0.00    0.00   0.00     110609
20230318  18523456   40.4552  -124.2915     27.490   2.06    0.00    0.00   0.00     110610
20221221  12212168   40.5448  -124.2334     18.040   0.97    0.00    0.00   0.00     110611
20230317  11551419   40.3137  -124.4935      6.240   1.91    0.00    0.00   0.00     110612
20221227  17400998   40.6755  -123.9149     25.120   1.83    0.00    0.00   0.00     110613
20230215  14265506   40.5583  -124.3262     19.400   2.21    0.00    0.00   0.00     110614
20221221   9483066   40.5790  -124.1185     23.070   1.09    0.00    0.00   0.00     110615
20230419   4142513   40.4387  -124.0409     25.670   0.93    0.00    0.00   0.00     110616
20221202  13234757   40.3113  -124.3617     31.980   2.13    0.00    0.00   0.00     110617
20221220  23302960   40.6100  -123.9425     16.150   1.04    0.00    0.00   0.00     110618
20221222   4230922   40.6062  -123.9133     20.370   0.67    0.00    0.00   0.00     110619
20221225  16150840   40.5977  -123.9089     27.040   1.07    0.00    0.00   0.00     110620
20230212  15303193   40.4090  -124.4017     19.340   3.14    0.00    0.00   0.00     110621
20221228   9462853   40.6108  -124.1196     11.720   1.31    0.00    0.00   0.00     110622
20221230   9231215   40.5952  -124.1601     21.820   1.07    0.00    0.00   0.00     110623
20230402  23022016   40.6002  -124.1088     18.250   1.02    0.00    0.00   0.00     110624
20221220  21225296   40.5520  -124.0627     15.180   1.20    0.00    0.00   0.00     110625
20221224  20571240   40.5633  -124.0205     22.750   1.30    0.00    0.00   0.00     110626
20221220  16592380   40.5788  -124.1802     21.360   1.39    0.00    0.00   0.00     110627
20221225   6373144   40.5453  -123.8788     20.290   1.50    0.00    0.00   0.00     110628
20230202   2535123   40.5860  -124.2350     24.340   0.90    0.00    0.00   0.00     110629
20221222   6384692   40.6092  -124.1063     16.390   0.92    0.00    0.00   0.00     110630
20221222   6270337   40.5981  -123.9970     19.820   1.14    0.00    0.00   0.00     110631
20230418  21014432   40.4986  -124.3614     20.780   1.09    0.00    0.00   0.00     110632
20221220  11234296   40.5115  -124.4795     25.230   2.53    0.00    0.00   0.00     110633
20230103   7233082   40.6043  -124.0899     16.340   1.13    0.00    0.00   0.00     110634
20221224   7164445   40.5532  -124.0512     23.480   1.51    0.00    0.00   0.00     110635
20230505  10504022   40.5771  -124.2207     19.030   0.86    0.00    0.00   0.00     110636
20221225  12214077   40.5370  -124.3173     18.100   1.90    0.00    0.00   0.00     110637
20221221  19173072   40.5824  -124.1478     22.740   1.31    0.00    0.00   0.00     110638
20230101  20221738   40.4658  -123.9761     22.340   1.37    0.00    0.00   0.00     110639
20230101  18551006   40.4342  -124.0062     28.790   2.21    0.00    0.00   0.00     110640
20221225   9115906   40.6484  -124.0176     19.250   0.70    0.00    0.00   0.00     110641
20230227  12400127   40.4898  -124.2000     22.410   1.39    0.00    0.00   0.00     110642
20230216  18032744   40.5362  -123.9013     22.670   1.53    0.00    0.00   0.00     110643
20230213   5453522   40.5633  -123.9693     23.600   1.23    0.00    0.00   0.00     110644
20230102  18342272   40.5048  -124.3184     18.690   1.36    0.00    0.00   0.00     110645
20230206  20120258   40.5700  -124.4057     24.140   1.35    0.00    0.00   0.00     110646
20221220  19062320   40.5635  -124.1322     22.470   1.47    0.00    0.00   0.00     110647
20230314  15584204   40.2797  -124.3786     18.780   1.17    0.00    0.00   0.00     110648
20221225  23133500   40.5257  -124.4387     23.440   1.83    0.00    0.00   0.00     110649
20221226   9161603   40.7027  -123.9778     21.100   1.67    0.00    0.00   0.00     110650
20230408   3042071   40.6053  -123.8172     25.970   1.95    0.00    0.00   0.00     110651
20230208  14165521   40.5133  -124.4369     18.430   1.31    0.00    0.00   0.00     110652
20221226   8291634   40.5322  -124.4030     18.040   0.84    0.00    0.00   0.00     110653
20221224  22123660   40.5933  -123.9943     22.630   2.10    0.00    0.00   0.00     110654
20230430  12382284   40.5643  -124.0224     22.830   0.62    0.00    0.00   0.00     110655
20230120  22092688   40.5819  -124.2095     27.200   0.94    0.00    0.00   0.00     110656
20230426  22050564   40.3661  -124.6180     26.150   1.05    0.00    0.00   0.00     110657
20221223   5470489   40.6516  -124.0387     18.120   0.71    0.00    0.00   0.00     110658
20221220  14320806   40.5135  -123.9345     21.440   1.26    0.00    0.00   0.00     110659
20221231  15053262   40.5308  -124.3366     17.310   1.28    0.00    0.00   0.00     110660
20230320   2262542   40.2758  -124.4390     16.060   1.09    0.00    0.00   0.00     110661
20230509  11382068   40.4994  -124.1843     21.560   1.02    0.00    0.00   0.00     110662
20221221  22261104   40.5707  -123.9480     22.930   1.39    0.00    0.00   0.00     110663
20221220  16011335   40.5519  -123.9721     20.770   1.61    0.00    0.00   0.00     110664
20230406   4401906   40.4918  -124.4919     16.400   0.75    0.00    0.00   0.00     110665
20221229   8323362   40.4955  -124.4623     18.350   1.49    0.00    0.00   0.00     110666
20221225   7562334   40.6048  -124.3233     18.320   0.72    0.00    0.00   0.00     110667
20230101  19184076   40.3976  -124.0357     29.910   1.27    0.00    0.00   0.00     110668
20230127   7521290   40.3719  -124.5823     24.590   0.96    0.00    0.00   0.00     110669
20221214   8391243   40.4007  -124.2780     26.860   2.11    0.00    0.00   0.00     110670
20221220  23015784   40.5849  -124.0999     23.310   1.31    0.00    0.00   0.00     110671
20230415     70120   40.5309  -124.3429     17.520   0.77    0.00    0.00   0.00     110672
20221221  16591683   40.5810  -124.2666     25.360   0.92    0.00    0.00   0.00     110673
20221223   5011369   40.5539  -124.2269     17.110   1.08    0.00    0.00   0.00     110674
20221222  16213596   40.7060  -123.9471     22.350   1.66    0.00    0.00   0.00     110675
20230130  10565660   40.4827  -124.4032     18.610   0.99    0.00    0.00   0.00     110676
20221223    103570   40.5081  -124.4401     18.250   1.04    0.00    0.00   0.00     110677
20230108   2155644   40.5201  -124.4345     17.530   1.14    0.00    0.00   0.00     110678
20230420  15362010   40.5115  -124.4354     18.270   0.92    0.00    0.00   0.00     110679
20221220  19170528   40.4420  -124.6695     16.530   2.32    0.00    0.00   0.00     110680
20221221   2534260   40.6431  -123.9073     21.070   1.60    0.00    0.00   0.00     110681
20230226   8244741   40.6195  -124.1061     31.970   1.13    0.00    0.00   0.00     110682
20221221   8210083   40.5057  -124.4563     18.560   1.29    0.00    0.00   0.00     110683
20230316  11195642   40.3950  -124.5371     18.200   1.21    0.00    0.00   0.00     110684
20230129   2213404   40.5298  -124.3623     26.570   0.86    0.00    0.00   0.00     110685
20221220  19425034   40.5414  -124.3126     17.790   1.43    0.00    0.00   0.00     110686
20221226   1313369   40.6339  -124.0264     16.150   1.21    0.00    0.00   0.00     110687
20221220  16073897   40.6723  -123.8820     19.900   2.01    0.00    0.00   0.00     110688
20221222    562773   40.5294  -123.7735     21.790   0.68    0.00    0.00   0.00     110689
20221224     34862   40.6151  -124.1331     19.940   0.84    0.00    0.00   0.00     110690
20230103   5100857   40.7400  -124.1278     29.680   1.28    0.00    0.00   0.00     110691
20221229  10572346   40.5094  -124.4520     19.740   1.08    0.00    0.00   0.00     110692
20230101  19035964   40.4592  -124.0442     25.160   1.01    0.00    0.00   0.00     110693
20221229   5310847   40.5163  -124.4404     18.710   1.04    0.00    0.00   0.00     110694
20221224   5090229   40.5526  -124.2262     16.790   1.55    0.00    0.00   0.00     110695
20230410   6540315   40.2778  -124.4677     15.520   0.88    0.00    0.00   0.00     110696
20221223  20302848   40.5709  -124.2344     18.480   1.23    0.00    0.00   0.00     110697
20230126   5473573   40.5429  -124.2356     17.800   1.04    0.00    0.00   0.00     110698
20221222   9071052   40.5122  -124.4166     18.370   0.52    0.00    0.00   0.00     110699
20221225   3582313   40.5746  -124.2263     19.270   0.90    0.00    0.00   0.00     110700
20230102  23430156   40.4558  -124.0262     24.860   1.21    0.00    0.00   0.00     110701
20221220  23262470   40.6285  -123.9417     22.330   1.53    0.00    0.00   0.00     110702
20221222  14285505   40.5228  -124.3235     17.300   1.12    0.00    0.00   0.00     110703
20221229  13144980   40.4747  -124.0440     24.420   1.45    0.00    0.00   0.00     110704
20230301    371719   40.5097  -123.8852     21.750   1.45    0.00    0.00   0.00     110705
20221220  23410176   40.5677  -123.9907     23.380   1.68    0.00    0.00   0.00     110706
20221221  22141852   40.5400  -123.8463     22.590   1.56    0.00    0.00   0.00     110707
20230305    345882   40.5767  -124.2186     18.940   1.58    0.00    0.00   0.00     110708
20230418  21003004   40.3845  -124.2418     26.560   1.34    0.00    0.00   0.00     110709
20230114   1102714   40.6139  -124.1337     18.970   1.46    0.00    0.00   0.00     110710
20221220  21023980   40.6174  -124.0811     20.010   1.14    0.00    0.00   0.00     110711
20230110  19113604   40.5609  -123.9581     22.160   1.34    0.00    0.00   0.00     110712
20221212   1045475   40.3558  -124.2738     26.640   2.37    0.00    0.00   0.00     110713
20230106  12271944   40.7048  -124.1933     18.740   3.44    0.00    0.00   0.00     110714
20221220  21223710   40.6029  -124.0985     16.550   1.23    0.00    0.00   0.00     110715
20221222   1501365   40.5801  -123.8957     19.430   0.65    0.00    0.00   0.00     110716
20230409  21132588   40.6055  -124.3205     17.450   0.97    0.00    0.00   0.00     110717
20221222   3440531   40.5245  -124.4322     19.010   1.01    0.00    0.00   0.00     110718
20221220  14124663   40.4668  -124.3518     20.360   1.30    0.00    0.00   0.00     110719
20221221   1230166   40.5852  -124.2068     20.130   0.93    0.00    0.00   0.00     110720
20221220  16434491   40.5507  -124.3113     18.340   1.41    0.00    0.00   0.00     110721
20221220  19450572   40.5519  -124.3074     18.360   1.04    0.00    0.00   0.00     110722
20221222   7293056   40.4561  -124.5206     22.810   0.68    0.00    0.00   0.00     110723
20221222   8322150   40.5127  -124.3436     17.730   0.63    0.00    0.00   0.00     110724
20221224  21511700   40.5500  -124.3112     18.660   0.84    0.00    0.00   0.00     110725
20221225  10584685   40.5191  -124.4226     19.610   0.74    0.00    0.00   0.00     110726
20221226  20220818   40.5074  -124.3362     17.680   1.12    0.00    0.00   0.00     110727
20230103  14304772   40.5186  -124.4203     18.960   1.13    0.00    0.00   0.00     110728
20230104  10272770   40.5789  -124.2218     18.640   1.40    0.00    0.00   0.00     110729
20230127   5503643   40.5488  -124.3105     25.620   1.31    0.00    0.00   0.00     110730
20230316  18081404   40.5111  -124.4396     18.530   1.34    0.00    0.00   0.00     110731
20230420   6345896   40.4568  -124.2727     25.340   0.73    0.00    0.00   0.00     110732
20230117   1490970   40.4097  -124.1442     23.720   2.75    0.00    0.00   0.00     110733
20230312  13222433   40.2568  -124.4658     19.130   1.69    0.00    0.00   0.00     110734
20221220  21521740   40.5242  -124.3348     18.570   1.04    0.00    0.00   0.00     110735
20221222   5341577   40.5091  -124.3337     18.500   1.28    0.00    0.00   0.00     110736
20221222  10193347   40.5221  -124.4243     18.560   1.21    0.00    0.00   0.00     110737
20221226  12164425   40.5723  -124.3186     16.440   0.71    0.00    0.00   0.00     110738
20230111   1422306   40.5223  -124.4259     18.430   2.03    0.00    0.00   0.00     110739
20230201   5082903   40.3457  -124.2475     12.000   0.91    0.00    0.00   0.00     110740
20230313  12142419   40.3033  -124.4459     19.210   0.90    0.00    0.00   0.00     110741
20230322  16001682   40.3058  -124.5209     24.810   1.31    0.00    0.00   0.00     110742
20230325  16171518   40.5799  -124.2154     19.140   0.90    0.00    0.00   0.00     110743
20221206  14130724   40.4500  -124.2723     21.780   1.22    0.00    0.00   0.00     110744
20230120   8322567   40.5210  -124.4342     18.780   1.94    0.00    0.00   0.00     110745
20230215  19151642   40.5164  -124.4461     18.910   1.23    0.00    0.00   0.00     110746
20221223  14070994   40.5596  -124.3556     18.760   0.88    0.00    0.00   0.00     110747
20221220  15582183   40.5663  -124.4672     26.220   1.76    0.00    0.00   0.00     110748
20221226   6354220   40.4978  -124.4546     16.780   1.15    0.00    0.00   0.00     110749
20230114   6133372   40.6064  -124.1142     18.120   1.13    0.00    0.00   0.00     110750
20221220  17385000   40.5870  -123.9823     17.570   1.62    0.00    0.00   0.00     110751
20221222  21133728   40.5770  -124.2038     19.650   0.95    0.00    0.00   0.00     110752
20221222  22020630   40.5183  -124.3252     18.070   1.11    0.00    0.00   0.00     110753
20221222  22450916   40.5164  -124.3381     18.390   1.52    0.00    0.00   0.00     110754
20221223   7525459   40.7136  -123.8374     27.210   1.22    0.00    0.00   0.00     110755
20230106    202020   40.5715  -124.1857      9.690   1.28    0.00    0.00   0.00     110756
20221228  13284329   40.5158  -124.3325     18.410   1.64    0.00    0.00   0.00     110757
20230115  15140577   40.5528  -124.2330     18.610   1.41    0.00    0.00   0.00     110758
20230210  21010566   40.5205  -124.4081     19.160   1.17    0.00    0.00   0.00     110759
20230428  15245318   40.3736  -124.0895      9.180   0.36    0.00    0.00   0.00     110760
20230121  22030890   40.5848  -124.1491     22.100   1.49    0.00    0.00   0.00     110761
20221220  16235045   40.5468  -124.3147     18.670   1.23    0.00    0.00   0.00     110762
20230208  10130586   40.2990  -124.3940     11.620   1.00    0.00    0.00   0.00     110763
20230101  19142792   40.4258  -123.9877     23.700   2.17    0.00    0.00   0.00     110764
20221224   2432053   40.5168  -124.3845     19.370   1.79    0.00    0.00   0.00     110765
20230207  19480392   40.5052  -124.4466     17.940   1.35    0.00    0.00   0.00     110766
20230503   4141607   40.5000  -124.4742     18.620   1.55    0.00    0.00   0.00     110767
20230217  23114302   40.5281  -124.3318     18.620   1.41    0.00    0.00   0.00     110768
20221222  11553176   40.5753  -124.2234     19.170   1.02    0.00    0.00   0.00     110769
20230104   8480884   40.6115  -124.1178     25.800   1.05    0.00    0.00   0.00     110770
20221221  11334273   40.5252  -124.4402     16.290   2.09    0.00    0.00   0.00     110771
20221222   1513168   40.5202  -124.4182     19.500   0.96    0.00    0.00   0.00     110772
20230410  15184810   40.5194  -124.4180     18.030   0.74    0.00    0.00   0.00     110773
20221222  13455429   40.5158  -124.4250     18.440   0.88    0.00    0.00   0.00     110774
20230125  22044668   40.4343  -124.0480     27.900   1.02    0.00    0.00   0.00     110775
20230406  16560331   40.3518  -124.4196     22.190   0.74    0.00    0.00   0.00     110776
20230323   6030858   40.7213  -124.3837      7.120   1.25    0.00    0.00   0.00     110777
20221220  13104340   40.6148  -124.0815     17.320   0.88    0.00    0.00   0.00     110778
20230112  21031612   40.7390  -124.3772      9.580   1.83    0.00    0.00   0.00     110779
20230127   2381319   40.5146  -124.4363     18.580   1.41    0.00    0.00   0.00     110780
20221222   7364242   40.6083  -124.0181     20.210   0.86    0.00    0.00   0.00     110781
20230119   4550265   40.5263  -124.4005     16.840   1.72    0.00    0.00   0.00     110782
20221221   9135570   40.5325  -124.2197     18.760   1.90    0.00    0.00   0.00     110783
20221220    572441   40.7056  -124.3745      8.490   1.03    0.00    0.00   0.00     110784
20230327  13062178   40.5901  -124.0908     17.020   0.85    0.00    0.00   0.00     110785
20221221  10461266   40.5057  -124.4367     19.670   1.82    0.00    0.00   0.00     110786
20221222   9244850   40.5805  -124.1613     18.150   0.91    0.00    0.00   0.00     110787
20221222   1160926   40.6471  -124.0084     18.860   0.66    0.00    0.00   0.00     110788
20221223  19124174   40.5155  -124.4062     18.910   1.83    0.00    0.00   0.00     110789
20221224  15434186   40.5733  -124.1984     20.880   0.86    0.00    0.00   0.00     110790
20221221  21143600   40.5151  -124.4707     21.960   0.82    0.00    0.00   0.00     110791
20230202   4364958   40.4359  -124.0297     24.060   0.83    0.00    0.00   0.00     110792
20221226  14170352   40.5185  -124.4125     19.750   0.91    0.00    0.00   0.00     110793
20230311  16165422   40.6038  -124.1124     18.640   1.44    0.00    0.00   0.00     110794
20230225  22374628   40.3010  -124.5684     13.450   1.26    0.00    0.00   0.00     110795
20221222   1525075   40.5338  -124.3272     18.510   1.67    0.00    0.00   0.00     110796
20221224  21532444   40.5317  -124.3630     17.720   1.63    0.00    0.00   0.00     110797
20230122   8493340   40.5393  -124.2867      8.790   0.91    0.00    0.00   0.00     110798
20221220  10401747   40.4999  -124.3920     18.580   2.91    0.00    0.00   0.00     110799
20230402  19372968   40.4296  -124.5791     17.860   0.86    0.00    0.00   0.00     110800
20221220  12160548   40.5503  -124.2202     19.340   2.04    0.00    0.00   0.00     110801
20221221    153101   40.5715  -124.0903     18.300   2.88    0.00    0.00   0.00     110802
20221222   5565835   40.6490  -124.0161     19.440   0.78    0.00    0.00   0.00     110803
20221220  20383644   40.5208  -124.4322     19.270   1.22    0.00    0.00   0.00     110804
20230101  22232124   40.5145  -124.4302     18.360   1.07    0.00    0.00   0.00     110805
20230201   8264751   40.5222  -124.4433     16.510   1.32    0.00    0.00   0.00     110806
20221224  16161976   40.4905  -124.3282     19.640   1.57    0.00    0.00   0.00     110807
20230331   1485626   40.5304  -124.3347     17.750   0.92    0.00    0.00   0.00     110808
20221222    383981   40.5241  -124.4342     19.530   1.01    0.00    0.00   0.00     110809
20230104   6364115   40.6109  -124.0836     18.710   1.09    0.00    0.00   0.00     110810
20230101  20193708   40.4633  -124.0245     26.980   1.15    0.00    0.00   0.00     110811
20230202   5383118   40.6130  -124.1324     19.050   0.92    0.00    0.00   0.00     110812
