event_id,hypodd_id,latitude,longitude,depth,x_m,y_m,z_m,ex_m,ey_m,ez_m,year,month,day,hour,minute,second,magnitude,n_cc_p,n_cc_s,n_cat_p,n_cat_s,rms_cc,rms_cat,cluster_id,origin_time
1018694_20200108_202714,100100,40.447042,-124.654435,25.298,-14.5,37.5,78.2,2.8,4.8,9.1,2020,1,8,20,27,14.48,0.0,0,240,0,0,0.009,-9.0,1,2020-01-08T20:27:14.480Z
1018694_20200115_174230,100101,40.445976,-124.654842,24.952,-49.0,-80.9,-268.2,3.9,5.4,15.6,2020,1,15,17,42,30.72,0.0,0,225,0,0,0.011,-9.0,1,2020-01-15T17:42:30.720Z
1018694_20200117_004509,100102,40.447237,-124.654264,25.127,0.0,59.2,-93.2,2.8,2.9,14.9,2020,1,17,0,45,9.69,0.0,46,213,0,0,0.008,-9.0,1,2020-01-17T00:45:09.690Z
1018694_20200121_042043,100103,40.445406,-124.654281,25.763,-1.4,-144.1,543.0,3.7,3.2,13.4,2020,1,21,4,20,43.49,0.0,52,281,0,0,0.01,-9.0,1,2020-01-21T04:20:43.490Z
1018694_20200309_231810,100104,40.445911,-124.654557,25.874,-24.9,-88.1,653.8,4.2,5.2,17.4,2020,3,9,23,18,10.36,0.0,0,182,0,0,0.009,-9.0,1,2020-03-09T23:18:10.360Z
1018694_20200316_165350,100105,40.445829,-124.653768,26.138,42.1,-97.1,917.6,3.0,4.8,10.1,2020,3,16,16,53,50.99,0.0,43,196,0,0,0.007,-9.0,1,2020-03-16T16:53:50.990Z
1018694_20200330_180938,100106,40.445752,-124.654622,23.918,-30.4,-105.7,-1301.7,5.2,8.1,6.5,2020,3,30,18,9,38.78,0.0,36,112,0,0,0.008,-9.0,1,2020-03-30T18:09:38.780Z
1018694_20200417_101506,100108,40.446944,-124.654728,25.051,-39.4,26.7,-169.0,3.3,3.3,13.6,2020,4,17,10,15,6.21,0.0,0,189,0,0,0.01,-9.0,1,2020-04-17T10:15:06.210Z
1018694_20200419_202443,100109,40.446407,-124.654769,25.469,-42.8,-33.0,248.9,3.0,5.5,10.7,2020,4,19,20,24,43.36,0.0,58,261,0,0,0.009,-9.0,1,2020-04-19T20:24:43.360Z
1018694_20200423_165836,100110,40.446277,-124.654256,25.81,0.7,-47.4,590.0,3.9,5.2,15.9,2020,4,23,16,58,36.62,0.0,0,196,0,0,0.009,-9.0,1,2020-04-23T16:58:36.620Z
1018694_20200423_155057,100111,40.446061,-124.654102,26.252,13.8,-71.4,1031.7,4.5,6.1,17.5,2020,4,23,15,50,57.62,0.0,0,149,0,0,0.012,-9.0,1,2020-04-23T15:50:57.620Z
1018694_20200502_200619,100112,40.446891,-124.654281,25.601,-1.4,20.8,380.6,2.9,4.4,10.2,2020,5,2,20,6,19.52,0.0,0,225,0,0,0.011,-9.0,1,2020-05-02T20:06:19.520Z
1018694_20200508_044827,100113,40.445768,-124.654362,24.851,-8.3,-103.9,-368.8,3.7,4.7,13.0,2020,5,8,4,48,27.9,0.0,22,203,0,0,0.008,-9.0,1,2020-05-08T04:48:27.900Z
1018694_20200522_152644,100114,40.44613,-124.654761,25.298,-42.1,-63.7,78.5,2.7,4.2,9.7,2020,5,22,15,26,44.71,0.0,0,194,0,0,0.007,-9.0,1,2020-05-22T15:26:44.710Z
1018694_20200527_232147,100115,40.446224,-124.654858,25.116,-50.4,-53.3,-104.0,3.6,8.1,12.8,2020,5,27,23,21,47.64,0.0,0,168,0,0,0.007,-9.0,1,2020-05-27T23:21:47.640Z
1018694_20200530_130950,100116,40.44622,-124.654386,25.3,-10.4,-53.8,80.4,3.0,3.4,11.7,2020,5,30,13,9,50.1,0.0,21,240,0,0,0.01,-9.0,1,2020-05-30T13:09:50.100Z
1018694_20200606_173356,100117,40.44609,-124.654451,24.967,-15.9,-68.2,-253.1,2.2,2.7,8.8,2020,6,6,17,33,56.26,0.0,63,272,0,0,0.01,-9.0,1,2020-06-06T17:33:56.260Z
1018694_20200608_063215,100118,40.445646,-124.654655,25.663,-33.1,-117.5,443.3,4.5,3.7,13.4,2020,6,8,6,32,15.66,0.0,51,256,0,0,0.009,-9.0,1,2020-06-08T06:32:15.660Z
1018694_20200608_024621,100119,40.446545,-124.654517,25.64,-21.4,-17.6,420.5,2.6,2.9,11.6,2020,6,8,2,46,21.53,0.0,0,181,0,0,0.006,-9.0,1,2020-06-08T02:46:21.530Z
1018694_20200617_070640,100120,40.446834,-124.654338,24.884,-6.2,14.5,-336.1,2.7,3.1,13.5,2020,6,17,7,6,40.32,0.0,0,201,0,0,0.007,-9.0,1,2020-06-17T07:06:40.320Z
1018694_20200617_145544,100121,40.447941,-124.649935,23.242,367.3,137.4,-1978.4,8.0,9.8,10.0,2020,6,17,14,55,44.04,0.0,19,192,0,0,0.01,-9.0,1,2020-06-17T14:55:44.040Z
1018694_20200626_152813,100122,40.445325,-124.655062,25.761,-67.7,-153.2,541.1,2.8,3.6,8.5,2020,6,26,15,28,13.26,0.0,66,297,0,0,0.013,-9.0,1,2020-06-26T15:28:13.260Z
1018694_20200628_060100,100123,40.449447,-124.650374,22.143,330.0,304.5,-3077.1,16.7,20.3,18.7,2020,6,28,6,1,0.8,0.0,0,36,0,0,0.008,-9.0,1,2020-06-28T06:01:00.800Z
1018694_20200702_094528,100124,40.445903,-124.653939,23.765,27.6,-89.0,-1454.9,5.1,5.2,6.3,2020,7,2,9,45,28.78,0.0,0,179,0,0,0.009,-9.0,1,2020-07-02T09:45:28.780Z
1018694_20200704_102711,100125,40.446041,-124.654818,25.899,-46.9,-73.6,679.4,3.4,5.4,7.3,2020,7,4,10,27,11.18,0.0,43,247,0,0,0.008,-9.0,1,2020-07-04T10:27:11.180Z
1018694_20200705_074533,100126,40.446021,-124.654736,24.546,-40.0,-75.9,-674.0,5.0,5.1,33.3,2020,7,5,7,45,33.29,0.0,0,198,0,0,0.009,-9.0,1,2020-07-05T07:45:33.290Z
1018694_20200715_144838,100127,40.445894,-124.654924,24.877,-55.9,-89.9,-342.6,3.2,3.5,12.7,2020,7,15,14,48,38.66,0.0,0,285,0,0,0.01,-9.0,1,2020-07-15T14:48:38.660Z
1018694_20200715_064405,100128,40.445105,-124.653955,26.34,26.2,-177.6,1120.2,5.1,6.1,18.3,2020,7,15,6,44,5.99,0.0,0,169,0,0,0.011,-9.0,1,2020-07-15T06:44:05.990Z
1018694_20200719_181535,100129,40.445821,-124.654134,25.978,11.0,-98.0,757.7,3.4,3.9,8.7,2020,7,19,18,15,35.6,0.0,0,172,0,0,0.01,-9.0,1,2020-07-19T18:15:35.600Z
1018694_20200724_235846,100130,40.447095,-124.655347,24.59,-91.8,43.4,-630.0,4.1,3.8,24.2,2020,7,24,23,58,46.54,0.0,44,200,0,0,0.008,-9.0,1,2020-07-24T23:58:46.540Z
1018694_20200724_172556,100131,40.446737,-124.654492,25.149,-19.3,3.6,-71.2,3.4,2.7,10.5,2020,7,24,17,25,56.92,0.0,45,261,0,0,0.01,-9.0,1,2020-07-24T17:25:56.920Z
1018694_20200809_082035,100132,40.445479,-124.654736,25.727,-40.0,-136.0,506.9,3.2,3.1,7.3,2020,8,9,8,20,35.07,0.0,45,251,0,0,0.009,-9.0,1,2020-08-09T08:20:35.070Z
1018694_20200816_165134,100133,40.445846,-124.654687,25.864,-35.9,-95.3,644.4,2.9,5.0,10.8,2020,8,16,16,51,34.92,0.0,21,221,0,0,0.01,-9.0,1,2020-08-16T16:51:34.920Z
1018694_20200820_213146,100134,40.45765,-124.645052,19.857,781.5,1215.4,-5363.0,27.2,34.1,37.5,2020,8,20,21,31,45.92,0.0,0,2,0,0,0.0,-9.0,1,2020-08-20T21:31:45.920Z
1018694_20200830_073846,100135,40.446415,-124.654639,25.404,-31.8,-32.1,184.2,2.5,3.0,9.8,2020,8,30,7,38,46.03,0.0,0,186,0,0,0.015,-9.0,1,2020-08-30T07:38:46.030Z
1018694_20200909_233632,100136,40.445817,-124.654224,25.682,3.5,-98.5,462.3,3.5,3.7,8.4,2020,9,9,23,36,32.24,0.0,31,240,0,0,0.011,-9.0,1,2020-09-09T23:36:32.240Z
1018694_20200910_001617,100137,40.446973,-124.654793,24.767,-44.9,29.8,-452.6,2.8,3.5,15.9,2020,9,10,0,16,17.43,0.0,24,258,0,0,0.01,-9.0,1,2020-09-10T00:16:17.430Z
1018694_20200910_031924,100138,40.445561,-124.654297,23.78,-2.8,-127.0,-1439.7,4.6,8.5,5.7,2020,9,10,3,19,24.24,0.0,0,144,0,0,0.01,-9.0,1,2020-09-10T03:19:24.240Z
1018694_20200918_005833,100139,40.446171,-124.654582,25.471,-26.9,-59.2,251.1,6.2,8.8,16.7,2020,9,18,0,58,33.74,0.0,51,143,0,0,0.01,-9.0,1,2020-09-18T00:58:33.740Z
1018694_20200919_041301,100140,40.446684,-124.654386,25.487,-10.4,-2.3,266.7,2.2,2.9,9.5,2020,9,19,4,13,1.61,0.0,0,159,0,0,0.007,-9.0,1,2020-09-19T04:13:01.610Z
1018694_20200924_191026,100141,40.446448,-124.654753,24.99,-41.4,-28.5,-229.8,3.1,4.8,13.8,2020,9,24,19,10,26.96,0.0,0,198,0,0,0.008,-9.0,1,2020-09-24T19:10:26.960Z
1018694_20201006_154401,100142,40.447375,-124.654232,25.408,2.8,74.6,188.3,5.7,6.4,26.7,2020,10,6,15,44,1.69,0.0,0,186,0,0,0.01,-9.0,1,2020-10-06T15:44:01.690Z
1018694_20201012_192513,100143,40.445915,-124.654867,25.491,-51.1,-87.7,271.3,3.3,4.7,11.9,2020,10,12,19,25,13.68,0.0,43,252,0,0,0.008,-9.0,1,2020-10-12T19:25:13.680Z
1018694_20201014_015141,100144,40.446765,-124.654614,25.257,-29.7,6.8,37.0,2.2,3.6,9.0,2020,10,14,1,51,41.01,0.0,0,221,0,0,0.007,-9.0,1,2020-10-14T01:51:41.010Z
1018694_20201020_165836,100145,40.445996,-124.653735,24.945,44.9,-78.6,-275.0,4.0,4.4,21.6,2020,10,20,16,58,36.41,0.0,21,176,0,0,0.007,-9.0,1,2020-10-20T16:58:36.410Z
1018694_20201021_084043,100146,40.446106,-124.655363,25.425,-93.2,-66.4,205.5,4.3,3.1,7.2,2020,10,21,8,40,43.18,0.0,31,193,0,0,0.008,-9.0,1,2020-10-21T08:40:43.180Z
1018694_20201024_230454,100147,40.441471,-124.656966,25.388,-229.2,-581.1,167.8,5.9,8.6,16.0,2020,10,24,23,4,54.9,0.0,52,196,0,0,0.01,-9.0,1,2020-10-24T23:04:54.900Z
1018694_20201024_235010,100148,40.445422,-124.654525,23.799,-22.1,-142.3,-1421.1,7.7,15.7,9.9,2020,10,24,23,50,10.94,0.0,45,186,0,0,0.008,-9.0,1,2020-10-24T23:50:10.940Z
1018694_20201101_131854,100149,40.445337,-124.654508,25.851,-20.7,-151.8,631.2,4.1,4.0,14.8,2020,11,1,13,18,54.34,0.0,7,254,0,0,0.011,-9.0,1,2020-11-01T13:18:54.340Z
1018694_20201101_131910,100150,40.446602,-124.654704,25.369,-37.3,-11.3,148.5,2.4,3.3,7.6,2020,11,1,13,19,10.27,0.0,0,214,0,0,0.01,-9.0,1,2020-11-01T13:19:10.270Z
1018694_20201102_032815,100151,40.445935,-124.654924,26.038,-55.9,-85.4,817.8,4.8,5.5,10.7,2020,11,2,3,28,15.27,0.0,27,161,0,0,0.008,-9.0,1,2020-11-02T03:28:15.270Z
1018694_20201114_055020,100152,40.445947,-124.654476,26.024,-18.0,-84.0,804.4,5.8,7.1,21.0,2020,11,14,5,50,20.06,0.0,0,161,0,0,0.009,-9.0,1,2020-11-14T05:50:20.060Z
1018694_20201114_060125,100153,40.446212,-124.654476,25.753,-18.0,-54.7,533.1,3.2,3.5,12.1,2020,11,14,6,1,25.07,0.0,0,149,0,0,0.009,-9.0,1,2020-11-14T06:01:25.070Z
1018694_20201114_062553,100154,40.446741,-124.653923,23.838,29.0,4.1,-1381.7,4.8,6.5,5.8,2020,11,14,6,25,53.27,0.0,6,186,0,0,0.01,-9.0,1,2020-11-14T06:25:53.270Z
1018694_20201114_063754,100155,40.445817,-124.654769,25.895,-42.8,-98.5,675.1,2.7,4.8,9.9,2020,11,14,6,37,54.5,0.0,38,172,0,0,0.007,-9.0,1,2020-11-14T06:37:54.500Z
1018694_20201114_055509,100156,40.464925,-124.649235,23.915,426.6,2023.3,-1304.6,9.7,11.8,12.0,2020,11,14,5,55,9.39,0.0,0,99,0,0,0.007,-9.0,1,2020-11-14T05:55:09.390Z
1018694_20201115_180703,100157,40.446729,-124.653654,23.548,51.8,2.7,-1672.3,4.6,5.9,6.0,2020,11,15,18,7,3.22,0.0,22,186,0,0,0.01,-9.0,1,2020-11-15T18:07:03.220Z
1018694_20201122_043058,100158,40.446944,-124.65472,25.017,-38.7,26.7,-202.8,2.7,3.6,16.0,2020,11,22,4,30,58.8,0.0,0,171,0,0,0.01,-9.0,1,2020-11-22T04:30:58.800Z
1018694_20201201_221247,100159,40.445565,-124.654386,25.857,-10.4,-126.5,637.1,3.7,4.9,10.7,2020,12,1,22,12,47.36,0.0,29,250,0,0,0.011,-9.0,1,2020-12-01T22:12:47.360Z
1018694_20201203_021018,100160,40.447066,-124.655534,26.21,-107.7,40.2,990.0,3.7,6.5,23.0,2020,12,3,2,10,18.95,0.0,17,140,0,0,0.011,-9.0,1,2020-12-03T02:10:18.950Z
1018694_20201205_114501,100161,40.446285,-124.654907,25.226,-54.5,-46.5,6.3,2.2,3.4,8.4,2020,12,5,11,45,1.19,0.0,42,225,0,0,0.009,-9.0,1,2020-12-05T11:45:01.190Z
1018694_20201226_040726,100162,40.447591,-124.653662,23.619,51.1,98.5,-1601.2,6.0,6.3,7.4,2020,12,26,4,7,26.32,0.0,0,187,0,0,0.01,-9.0,1,2020-12-26T04:07:26.320Z
1018694_20201226_193217,100163,40.446908,-124.654126,23.779,11.7,22.6,-1441.3,5.1,6.7,6.3,2020,12,26,19,32,17.76,0.0,0,155,0,0,0.008,-9.0,1,2020-12-26T19:32:17.760Z
1018694,100744,40.445683,-124.655298,25.32,-87.7,-113.4,100.1,6.0,12.9,15.9,2023,5,20,8,26,59.42,1.66,49,274,0,0,0.013,-9.0,1,2023-05-20T08:26:59.420Z
1018710_20200206_100008,100469,40.298511,-124.409139,9.16,6.9,-8.6,49.6,4.5,5.9,3.7,2020,2,6,10,0,8.94,0.0,21,214,0,0,0.01,-9.0,2,2020-02-06T10:00:08.940Z
1018710_20200206_094938,100470,40.298678,-124.409562,9.11,-29.1,9.9,-0.1,4.9,5.8,4.2,2020,2,6,9,49,38.79,0.0,20,214,0,0,0.008,-9.0,2,2020-02-06T09:49:38.790Z
1018710_20200206_200439,100471,40.299634,-124.409367,9.079,-12.5,116.1,-31.2,3.7,6.9,5.1,2020,2,6,20,4,39.78,0.0,0,220,0,0,0.008,-9.0,2,2020-02-06T20:04:39.780Z
1018710_20200206_125550,100472,40.298755,-124.409131,9.16,7.6,18.5,49.5,3.5,4.5,3.1,2020,2,6,12,55,50.16,0.0,0,216,0,0,0.009,-9.0,2,2020-02-06T12:55:50.160Z
1018710_20200206_082911,100473,40.298889,-124.409082,9.12,11.8,33.4,10.2,4.4,5.4,4.4,2020,2,6,8,29,11.22,0.0,21,216,0,0,0.009,-9.0,2,2020-02-06T08:29:11.220Z
1018710_20200206_082318,100474,40.298653,-124.409277,9.129,-4.8,7.2,19.1,2.7,4.8,4.2,2020,2,6,8,23,18.87,0.0,21,214,0,0,0.009,-9.0,2,2020-02-06T08:23:18.870Z
1018710_20200206_082519,100475,40.299003,-124.409082,9.116,11.8,46.1,5.9,3.6,4.4,4.2,2020,2,6,8,25,19.16,0.0,21,216,0,0,0.009,-9.0,2,2020-02-06T08:25:19.160Z
1018710_20200206_082808,100476,40.298804,-124.409123,9.161,8.3,23.9,50.7,4.6,4.7,5.6,2020,2,6,8,28,8.8,0.0,0,217,0,0,0.009,-9.0,2,2020-02-06T08:28:08.800Z
1018710_20200206_094916,100477,40.299166,-124.409139,9.104,6.9,64.2,-6.3,8.9,18.9,12.4,2020,2,6,9,49,16.8,0.0,0,172,0,0,0.01,-9.0,2,2020-02-06T09:49:16.800Z
1018710_20200206_083124,100478,40.298197,-124.409172,9.164,4.2,-43.4,54.5,3.1,4.0,3.3,2020,2,6,8,31,24.22,0.0,0,217,0,0,0.01,-9.0,2,2020-02-06T08:31:24.220Z
1018710_20200206_110529,100479,40.299243,-124.409757,9.104,-45.7,72.7,-5.6,6.2,4.0,3.6,2020,2,6,11,5,29.7,0.0,20,191,0,0,0.009,-9.0,2,2020-02-06T11:05:29.700Z
1018710_20200206_100845,100480,40.298987,-124.409481,9.066,-22.1,44.3,-44.4,4.6,3.2,3.5,2020,2,6,10,8,45.54,0.0,18,192,0,0,0.01,-9.0,2,2020-02-06T10:08:45.540Z
1018710_20200206_082242,100481,40.298303,-124.409163,9.148,4.8,-31.6,38.2,3.4,5.4,5.1,2020,2,6,8,22,42.28,0.0,0,215,0,0,0.01,-9.0,2,2020-02-06T08:22:42.280Z
1018710_20200206_082341,100482,40.298808,-124.409318,9.124,-8.3,24.4,14.5,3.1,3.3,3.7,2020,2,6,8,23,41.28,0.0,20,217,0,0,0.009,-9.0,2,2020-02-06T08:23:41.280Z
1018710_20200206_112109,100483,40.299113,-124.409147,9.105,6.2,58.3,-4.5,4.5,5.5,5.0,2020,2,6,11,21,9.1,0.0,20,167,0,0,0.008,-9.0,2,2020-02-06T11:21:09.100Z
1018710_20200206_082233,100484,40.298991,-124.408984,9.093,20.1,44.7,-16.5,5.0,5.2,3.5,2020,2,6,8,22,33.13,0.0,20,217,0,0,0.01,-9.0,2,2020-02-06T08:22:33.130Z
1018710_20200206_093036,100485,40.298157,-124.409473,9.092,-21.4,-47.9,-18.1,4.0,7.3,5.5,2020,2,6,9,30,36.46,0.0,0,161,0,0,0.008,-9.0,2,2020-02-06T09:30:36.460Z
1018710_20200206_095711,100486,40.299023,-124.409399,9.11,-15.2,48.3,-0.5,4.2,5.6,4.9,2020,2,6,9,57,11.48,0.0,0,167,0,0,0.008,-9.0,2,2020-02-06T09:57:11.480Z
1018710_20200206_083454,100487,40.298722,-124.409155,9.211,5.5,14.9,101.4,6.3,15.0,8.9,2020,2,6,8,34,53.99,0.0,0,153,0,0,0.008,-9.0,2,2020-02-06T08:34:53.990Z
1018710_20200206_120252,100488,40.298706,-124.409155,9.092,5.5,13.1,-17.9,5.4,4.8,5.5,2020,2,6,12,2,52.89,0.0,27,167,0,0,0.008,-9.0,2,2020-02-06T12:02:52.890Z
1018710_20200206_164337,100489,40.299121,-124.409074,9.181,12.5,59.2,71.1,3.6,6.1,4.1,2020,2,6,16,43,37.58,0.0,0,173,0,0,0.008,-9.0,2,2020-02-06T16:43:37.580Z
1018710_20200206_120300,100490,40.298002,-124.408911,9.145,26.3,-65.1,35.5,3.7,4.2,4.1,2020,2,6,12,3,0.26,0.0,7,167,0,0,0.01,-9.0,2,2020-02-06T12:03:00.260Z
1018710_20200206_094135,100491,40.298136,-124.409285,9.119,-5.5,-50.2,9.4,3.2,6.1,3.0,2020,2,6,9,41,35.42,0.0,20,169,0,0,0.009,-9.0,2,2020-02-06T09:41:35.420Z
1018710_20200206_084103,100492,40.299032,-124.408659,9.147,47.7,49.2,37.5,4.3,7.6,6.5,2020,2,6,8,41,3.78,0.0,21,175,0,0,0.01,-9.0,2,2020-02-06T08:41:03.780Z
1018710_20200206_082025,100493,40.298922,-124.409237,9.146,-1.4,37.0,36.2,3.4,6.0,4.4,2020,2,6,8,20,25.24,0.0,0,140,0,0,0.009,-9.0,2,2020-02-06T08:20:25.240Z
1018710_20200206_100753,100494,40.299032,-124.409432,9.073,-18.0,49.2,-36.7,3.5,3.7,4.5,2020,2,6,10,7,53.04,0.0,0,169,0,0,0.009,-9.0,2,2020-02-06T10:07:53.040Z
1018710_20200206_155541,100495,40.298372,-124.409342,9.067,-10.4,-23.9,-42.6,4.0,7.2,4.8,2020,2,6,15,55,41.42,0.0,7,135,0,0,0.008,-9.0,2,2020-02-06T15:55:41.420Z
1018710_20200206_095127,100496,40.298519,-124.409627,9.089,-34.6,-7.7,-20.9,6.1,5.0,3.4,2020,2,6,9,51,27.52,0.0,20,136,0,0,0.008,-9.0,2,2020-02-06T09:51:27.520Z
1018710_20200206_092733,100497,40.29915,-124.409465,9.058,-20.8,62.4,-51.7,4.3,6.5,4.7,2020,2,6,9,27,33.83,0.0,28,91,0,0,0.008,-9.0,2,2020-02-06T09:27:33.830Z
1018710_20200206_191253,100498,40.29303,-124.410539,8.49,-112.1,-617.2,-620.3,5.6,10.7,8.1,2020,2,6,19,12,53.12,0.0,3,125,0,0,0.01,-9.0,2,2020-02-06T19:12:53.120Z
1018710_20200206_085342,100499,40.298796,-124.409351,9.132,-11.1,23.0,21.6,3.5,4.0,4.1,2020,2,6,8,53,42.04,0.0,20,106,0,0,0.007,-9.0,2,2020-02-06T08:53:42.040Z
1018710_20200206_104910,100500,40.297709,-124.409701,9.076,-40.8,-97.6,-33.7,7.4,7.2,5.0,2020,2,6,10,49,10.18,0.0,28,98,0,0,0.011,-9.0,2,2020-02-06T10:49:10.180Z
1018710_20200207_054615,100501,40.298543,-124.409066,9.164,13.1,-5.0,54.0,3.1,6.3,3.3,2020,2,7,5,46,15.32,0.0,21,214,0,0,0.009,-9.0,2,2020-02-07T05:46:15.320Z
1018710_20200207_030452,100502,40.298165,-124.409049,9.103,14.5,-47.0,-7.0,3.6,5.3,2.9,2020,2,7,3,4,52.58,0.0,21,216,0,0,0.008,-9.0,2,2020-02-07T03:04:52.580Z
1018710_20200207_071545,100503,40.298942,-124.409253,9.087,-2.8,39.3,-23.1,5.3,9.6,5.2,2020,2,7,7,15,45.34,0.0,0,145,0,0,0.008,-9.0,2,2020-02-07T07:15:45.340Z
1018710_20200213_020353,100504,40.300024,-124.408862,9.157,30.4,159.5,47.3,7.5,15.8,8.4,2020,2,13,2,3,53.88,0.0,0,122,0,0,0.007,-9.0,2,2020-02-13T02:03:53.880Z
1018710_20200215_113747,100505,40.298873,-124.408748,9.184,40.1,31.6,74.4,4.7,6.6,5.9,2020,2,15,11,37,47.74,0.0,0,167,0,0,0.008,-9.0,2,2020-02-15T11:37:47.740Z
1018710_20200419_125219,100506,40.298214,-124.409163,9.147,4.8,-41.6,37.5,2.5,3.5,2.9,2020,4,19,12,52,19.42,0.0,27,194,0,0,0.01,-9.0,2,2020-04-19T12:52:19.420Z
1018710_20200430_073939,100507,40.298767,-124.409416,9.104,-16.6,19.9,-5.6,3.5,6.6,3.4,2020,4,30,7,39,39.04,0.0,5,135,0,0,0.007,-9.0,2,2020-04-30T07:39:39.040Z
1018710_20200511_131206,100508,40.298458,-124.40953,9.065,-26.3,-14.5,-45.5,3.8,4.7,4.7,2020,5,11,13,12,6.64,0.0,0,166,0,0,0.007,-9.0,2,2020-05-11T13:12:06.640Z
1018710_20200629_015043,100509,40.298462,-124.409334,9.127,-9.7,-14.0,17.3,4.1,7.8,4.7,2020,6,29,1,50,43.29,0.0,1,160,0,0,0.012,-9.0,2,2020-06-29T01:50:43.290Z
1018710_20200804_031529,100510,40.298576,-124.409269,9.078,-4.2,-1.4,-32.0,3.3,8.1,4.7,2020,8,4,3,15,29.88,0.0,12,227,0,0,0.01,-9.0,2,2020-08-04T03:15:29.880Z
1018710_20200804_031139,100511,40.298604,-124.409668,9.088,-38.1,1.8,-22.0,4.3,7.1,4.8,2020,8,4,3,11,39.64,0.0,4,197,0,0,0.009,-9.0,2,2020-08-04T03:11:39.640Z
1018710_20200828_024021,100512,40.298088,-124.409595,9.071,-31.8,-55.6,-38.8,6.9,12.2,9.8,2020,8,28,2,40,21.77,0.0,0,150,0,0,0.009,-9.0,2,2020-08-28T02:40:21.770Z
1018710_20200828_044308,100513,40.298503,-124.409823,9.0,-51.2,-9.5,-109.7,3.0,8.4,3.8,2020,8,28,4,43,8.26,0.0,3,166,0,0,0.008,-9.0,2,2020-08-28T04:43:08.260Z
1018710_20201005_200631,100514,40.298698,-124.409587,9.036,-31.1,12.2,-73.5,3.2,7.1,4.0,2020,10,5,20,6,31.68,0.0,0,107,0,0,0.01,-9.0,2,2020-10-05T20:06:31.680Z
1018710_20201017_131357,100515,40.298381,-124.409139,9.124,6.9,-23.0,14.3,2.9,5.1,3.5,2020,10,17,13,13,57.54,0.0,1,219,0,0,0.01,-9.0,2,2020-10-17T13:13:57.540Z
1018710_20201106_003533,100516,40.298104,-124.408675,9.218,46.4,-53.8,108.0,3.5,8.7,5.2,2020,11,6,0,35,33.33,0.0,20,90,0,0,0.009,-9.0,2,2020-11-06T00:35:33.330Z
1018710_20201122_184825,100517,40.294336,-124.409782,9.035,-47.7,-472.2,-75.3,10.5,24.8,14.7,2020,11,22,18,48,25.9,0.0,0,75,0,0,0.014,-9.0,2,2020-11-22T18:48:25.900Z
1018710,100820,40.298804,-124.410506,9.149,-109.3,23.9,38.9,7.1,13.9,11.4,2023,5,20,23,47,40.4,1.1,16,233,0,0,0.014,-9.0,2,2023-05-20T23:47:40.400Z
1015586_20200108_082406,100068,40.500305,-124.32937,18.988,-3.4,46.1,38.0,5.6,6.0,7.9,2020,1,8,8,24,6.85,0.0,86,120,0,0,0.01,-9.0,3,2020-01-08T08:24:06.850Z
1015586_20200108_082622,100069,40.499573,-124.329126,18.959,17.2,-35.2,9.1,7.1,7.4,8.3,2020,1,8,8,26,22.11,0.0,39,121,0,0,0.012,-9.0,3,2020-01-08T08:26:22.110Z
1015586_20200204_050353,100070,40.500008,-124.329419,18.855,-7.6,13.1,-95.1,6.1,5.4,4.9,2020,2,4,5,3,53.76,0.0,86,121,0,0,0.012,-9.0,3,2020-02-04T05:03:53.760Z
1015586_20200204_095939,100071,40.499792,-124.329012,19.001,26.9,-10.8,50.7,9.4,7.6,6.1,2020,2,4,9,59,39.96,0.0,48,119,0,0,0.008,-9.0,3,2020-02-04T09:59:39.960Z
1015586_20200214_100241,100072,40.499459,-124.329671,19.001,-29.0,-47.9,50.6,4.6,5.4,5.7,2020,2,14,10,2,41.62,0.0,48,122,0,0,0.012,-9.0,3,2020-02-14T10:02:41.620Z
1015586_20200225_031538,100073,40.500069,-124.329183,18.965,12.4,19.9,15.3,6.5,5.0,4.7,2020,2,25,3,15,38.2,0.0,48,121,0,0,0.008,-9.0,3,2020-02-25T03:15:38.200Z
1015586_20200302_073002,100074,40.499719,-124.32981,18.99,-40.7,-19.0,40.0,7.2,6.9,8.0,2020,3,2,7,30,2.26,0.0,66,121,0,0,0.011,-9.0,3,2020-03-02T07:30:02.260Z
1015586_20200306_032344,100075,40.499707,-124.328988,19.015,29.0,-20.3,64.5,6.0,6.7,8.3,2020,3,6,3,23,44.82,0.0,66,123,0,0,0.01,-9.0,3,2020-03-06T03:23:44.820Z
1015586_20200308_163252,100076,40.500065,-124.330265,18.816,-79.3,19.4,-133.6,12.4,8.9,10.0,2020,3,8,16,32,52.39,0.0,48,117,0,0,0.01,-9.0,3,2020-03-08T16:32:52.390Z
1015586_20200315_144738,100077,40.499597,-124.329801,18.898,-40.0,-32.5,-52.3,3.3,3.9,9.0,2020,3,15,14,47,38.42,0.0,67,122,0,0,0.011,-9.0,3,2020-03-15T14:47:38.420Z
1015586_20200320_154448,100078,40.499809,-124.329484,18.937,-13.1,-9.0,-12.7,5.6,5.5,7.1,2020,3,20,15,44,48.2,0.0,68,123,0,0,0.012,-9.0,3,2020-03-20T15:44:48.200Z
1015586_20200321_080018,100079,40.499715,-124.329232,18.94,8.3,-19.4,-10.0,5.2,5.5,5.7,2020,3,21,8,0,18.84,0.0,85,123,0,0,0.009,-9.0,3,2020-03-21T08:00:18.840Z
1015586_20200323_015303,100080,40.499963,-124.329508,18.973,-15.2,8.1,23.5,6.5,6.6,7.1,2020,3,23,1,53,3.72,0.0,85,123,0,0,0.011,-9.0,3,2020-03-23T01:53:03.720Z
1015586_20200324_022909,100081,40.500024,-124.329451,18.956,-10.3,14.9,5.9,8.1,7.2,6.8,2020,3,24,2,29,9.6,0.0,85,123,0,0,0.01,-9.0,3,2020-03-24T02:29:09.600Z
1015586_20200326_113846,100082,40.499972,-124.329533,18.9,-17.2,9.0,-50.4,8.1,7.3,8.0,2020,3,26,11,38,46.88,0.0,85,116,0,0,0.011,-9.0,3,2020-03-26T11:38:46.880Z
1015586_20200331_081944,100083,40.500273,-124.329077,18.985,21.4,42.5,34.8,4.4,4.3,5.1,2020,3,31,8,19,44.25,0.0,85,123,0,0,0.01,-9.0,3,2020-03-31T08:19:44.250Z
1015586_20200404_025806,100084,40.499723,-124.329224,18.944,9.0,-18.5,-5.9,7.0,6.4,5.7,2020,4,4,2,58,6.78,0.0,85,122,0,0,0.01,-9.0,3,2020-04-04T02:58:06.780Z
1015586_20200404_072118,100085,40.499727,-124.328882,19.003,37.9,-18.1,53.4,5.7,6.8,8.7,2020,4,4,7,21,18.76,0.0,67,122,0,0,0.009,-9.0,3,2020-04-04T07:21:18.760Z
1015586_20200407_120436,100086,40.499601,-124.329793,18.918,-39.3,-32.1,-32.2,4.5,4.5,5.2,2020,4,7,12,4,36.86,0.0,67,122,0,0,0.011,-9.0,3,2020-04-07T12:04:36.860Z
1015586_20200407_130915,100087,40.499935,-124.329191,18.965,11.7,5.0,15.0,6.7,7.3,8.9,2020,4,7,13,9,15.76,0.0,65,120,0,0,0.009,-9.0,3,2020-04-07T13:09:15.760Z
1015586_20200407_121514,100088,40.500167,-124.329281,18.915,4.1,30.7,-35.2,6.0,6.2,9.1,2020,4,7,12,15,14.06,0.0,20,123,0,0,0.009,-9.0,3,2020-04-07T12:15:14.060Z
1015586_20200429_094336,100089,40.499414,-124.329932,18.928,-51.0,-52.9,-21.7,6.5,6.5,8.4,2020,4,29,9,43,36.8,0.0,0,120,0,0,0.008,-9.0,3,2020-04-29T09:43:36.800Z
1015586_20200502_094820,100090,40.499866,-124.329395,18.908,-5.5,-2.7,-42.5,5.5,5.6,6.5,2020,5,2,9,48,20.7,0.0,65,122,0,0,0.01,-9.0,3,2020-05-02T09:48:20.700Z
1015586_20200502_104051,100091,40.500073,-124.329508,18.962,-15.2,20.3,12.0,8.6,8.4,5.5,2020,5,2,10,40,51.54,0.0,65,122,0,0,0.012,-9.0,3,2020-05-02T10:40:51.540Z
1015586_20200503_084649,100092,40.499894,-124.32915,18.944,15.2,0.5,-6.1,6.1,5.8,6.3,2020,5,3,8,46,49.68,0.0,65,122,0,0,0.01,-9.0,3,2020-05-03T08:46:49.680Z
1015586_20200505_095250,100093,40.499471,-124.329248,18.994,6.9,-46.5,44.1,6.5,7.3,10.0,2020,5,5,9,52,50.68,0.0,65,122,0,0,0.009,-9.0,3,2020-05-05T09:52:50.680Z
1015586_20200505_231201,100094,40.500163,-124.329484,18.844,-13.1,30.3,-105.8,5.8,5.4,7.6,2020,5,5,23,12,1.6,0.0,47,122,0,0,0.008,-9.0,3,2020-05-05T23:12:01.600Z
1015586_20200507_080900,100095,40.499976,-124.32911,18.984,18.6,9.5,34.0,6.4,5.2,5.3,2020,5,7,8,9,0.94,0.0,65,122,0,0,0.01,-9.0,3,2020-05-07T08:09:00.940Z
1015586_20200520_184254,100096,40.500374,-124.329427,18.771,-8.3,53.8,-179.3,6.1,6.5,11.7,2020,5,20,18,42,54.56,0.0,47,121,0,0,0.012,-9.0,3,2020-05-20T18:42:54.560Z
1015586_20200520_205440,100097,40.499849,-124.329191,18.961,11.7,-4.5,11.1,4.4,4.7,7.1,2020,5,20,20,54,40.08,0.0,47,121,0,0,0.009,-9.0,3,2020-05-20T20:54:40.080Z
1015586_20201206_104545,100098,40.499536,-124.329525,18.999,-16.6,-39.3,49.0,7.4,9.5,9.1,2020,12,6,10,45,45.73,0.0,18,92,0,0,0.013,-9.0,3,2020-12-06T10:45:45.730Z
1015586,100742,40.500191,-124.32679,19.14,215.2,33.4,190.1,16.9,15.4,13.2,2023,2,9,16,51,34.4,0.9,75,101,0,0,0.021,-9.0,3,2023-02-09T16:51:34.400Z
1016790_20200103_232814,100027,40.473075,-124.704305,25.721,-17.3,-57.8,1.1,4.4,6.5,14.6,2020,1,3,23,28,14.54,0.0,0,94,0,0,0.009,-9.0,4,2020-01-03T23:28:14.540Z
1016790_20200104_005705,100028,40.473352,-124.704329,26.048,-19.3,-27.1,328.2,4.4,9.5,22.5,2020,1,4,0,57,5.67,0.0,21,89,0,0,0.012,-9.0,4,2020-01-04T00:57:05.670Z
1016790_20200109_021032,100029,40.473315,-124.704289,25.86,-15.9,-31.2,140.1,7.2,9.0,19.0,2020,1,9,2,10,32.16,0.0,49,95,0,0,0.009,-9.0,4,2020-01-09T02:10:32.160Z
1016790_20200109_031536,100030,40.474056,-124.704093,25.635,0.7,51.1,-85.4,4.3,4.5,17.9,2020,1,9,3,15,36.14,0.0,0,96,0,0,0.009,-9.0,4,2020-01-09T03:15:36.140Z
1016790_20200130_120618,100031,40.473588,-124.70424,25.787,-11.7,-0.9,67.1,4.6,6.8,17.3,2020,1,30,12,6,18.72,0.0,47,88,0,0,0.009,-9.0,4,2020-01-30T12:06:18.720Z
1016790_20200218_185005,100032,40.473828,-124.704069,25.652,2.8,25.8,-67.9,3.5,3.2,13.5,2020,2,18,18,50,5.24,0.0,0,89,0,0,0.008,-9.0,4,2020-02-18T18:50:05.240Z
1016790_20200219_010923,100033,40.473372,-124.704004,25.945,8.3,-24.9,224.7,3.8,5.8,22.0,2020,2,19,1,9,23.42,0.0,21,91,0,0,0.009,-9.0,4,2020-02-19T01:09:23.420Z
1016790_20200220_213721,100034,40.474093,-124.704102,25.809,0.0,55.1,88.8,3.4,6.4,10.6,2020,2,20,21,37,21.22,0.0,27,96,0,0,0.01,-9.0,4,2020-02-20T21:37:21.220Z
1016790_20200223_024408,100035,40.473197,-124.704207,25.615,-9.0,-44.3,-104.6,3.3,6.2,14.4,2020,2,23,2,44,8.84,0.0,0,95,0,0,0.011,-9.0,4,2020-02-23T02:44:08.840Z
1016790_20200229_100345,100036,40.473735,-124.703695,26.006,34.5,15.4,286.1,5.5,9.3,11.9,2020,2,29,10,3,45.75,0.0,22,81,0,0,0.01,-9.0,4,2020-02-29T10:03:45.750Z
1016790_20200319_103349,100037,40.47321,-124.70415,25.693,-4.1,-42.9,-26.8,5.1,5.8,12.5,2020,3,19,10,33,49.98,0.0,30,83,0,0,0.009,-9.0,4,2020-03-19T10:33:49.980Z
1016790_20200402_062408,100038,40.47297,-124.704248,25.796,-12.4,-69.6,76.3,5.1,5.5,18.7,2020,4,2,6,24,8.96,0.0,52,88,0,0,0.01,-9.0,4,2020-04-02T06:24:08.960Z
1016790_20200402_100017,100039,40.473987,-124.704077,25.621,2.1,43.4,-98.9,1.9,6.3,16.1,2020,4,2,10,0,17.14,0.0,47,91,0,0,0.011,-9.0,4,2020-04-02T10:00:17.140Z
1016790_20200403_005752,100040,40.472949,-124.704297,25.577,-16.6,-71.8,-142.7,3.4,5.8,14.3,2020,4,3,0,57,52.26,0.0,0,83,0,0,0.01,-9.0,4,2020-04-03T00:57:52.260Z
1016790_20200507_012617,100041,40.474056,-124.704256,25.418,-13.1,51.1,-301.8,5.9,5.3,21.9,2020,5,7,1,26,17.86,0.0,0,80,0,0,0.008,-9.0,4,2020-05-07T01:26:17.860Z
1016790_20200626_111219,100042,40.473641,-124.703955,25.556,12.4,5.0,-164.4,3.9,7.8,17.2,2020,6,26,11,12,19.56,0.0,21,83,0,0,0.01,-9.0,4,2020-06-26T11:12:19.560Z
1016790_20200718_041328,100043,40.473523,-124.701978,23.542,180.1,-8.1,-2177.9,13.6,19.8,16.7,2020,7,18,4,13,28.93,0.0,21,76,0,0,0.012,-9.0,4,2020-07-18T04:13:28.930Z
1016790_20200719_025734,100044,40.473991,-124.704443,26.039,-29.0,43.8,318.9,5.1,7.5,19.6,2020,7,19,2,57,34.92,0.0,22,93,0,0,0.011,-9.0,4,2020-07-19T02:57:34.920Z
1016790_20200816_001642,100045,40.4745,-124.704655,25.988,-46.9,100.3,268.1,6.4,12.4,24.1,2020,8,16,0,16,42.4,0.0,21,62,0,0,0.009,-9.0,4,2020-08-16T00:16:42.400Z
1016790_20200914_032304,100046,40.473621,-124.704102,25.314,0.0,2.7,-406.3,4.0,4.9,24.3,2020,9,14,3,23,4.22,0.0,25,90,0,0,0.011,-9.0,4,2020-09-14T03:23:04.220Z
1016790_20200916_074745,100047,40.473271,-124.704224,25.789,-10.4,-36.1,69.0,4.6,4.7,16.4,2020,9,16,7,47,45.2,0.0,0,76,0,0,0.007,-9.0,4,2020-09-16T07:47:45.200Z
1016790_20201006_093610,100048,40.473486,-124.70415,25.367,-4.1,-12.2,-353.3,4.8,5.7,20.7,2020,10,6,9,36,10.12,0.0,22,82,0,0,0.008,-9.0,4,2020-10-06T09:36:10.120Z
1016790_20201008_184402,100049,40.473621,-124.704224,26.074,-10.4,2.7,354.0,5.7,10.4,27.6,2020,10,8,18,44,2.72,0.0,33,84,0,0,0.011,-9.0,4,2020-10-08T18:44:02.720Z
1016790_20201016_204359,100050,40.473299,-124.704354,25.939,-21.4,-33.0,219.4,5.4,6.9,16.0,2020,10,16,20,43,59.24,0.0,21,94,0,0,0.01,-9.0,4,2020-10-16T20:43:59.240Z
1016790_20201018_115422,100051,40.474691,-124.704671,26.121,-48.3,121.5,400.6,6.0,17.6,39.9,2020,10,18,11,54,22.36,0.0,43,39,0,0,0.014,-9.0,4,2020-10-18T11:54:22.360Z
1016790_20201029_034947,100052,40.474202,-124.704305,25.54,-17.3,67.3,-179.6,9.9,13.9,37.6,2020,10,29,3,49,47.44,0.0,4,49,0,0,0.012,-9.0,4,2020-10-29T03:49:47.440Z
1016790_20201113_030929,100053,40.474019,-124.703833,25.498,22.8,47.0,-222.1,5.4,5.1,18.8,2020,11,13,3,9,29.1,0.0,22,92,0,0,0.01,-9.0,4,2020-11-13T03:09:29.100Z
1016790_20201114_233636,100054,40.472949,-124.703743,26.347,30.4,-71.8,627.0,9.5,14.4,30.2,2020,11,14,23,36,36.76,0.0,3,78,0,0,0.01,-9.0,4,2020-11-14T23:36:36.760Z
1016790_20201130_080626,100055,40.473458,-124.704354,26.062,-21.4,-15.4,342.1,4.4,8.4,22.1,2020,11,30,8,6,26.06,0.0,39,80,0,0,0.011,-9.0,4,2020-11-30T08:06:26.060Z
1016790_20201220_073156,100056,40.473698,-124.704159,25.308,-4.8,11.3,-412.2,5.7,11.3,27.8,2020,12,20,7,31,56.76,0.0,29,78,0,0,0.01,-9.0,4,2020-12-20T07:31:56.760Z
1016790_20201220_032408,100057,40.473995,-124.704061,25.5,3.5,44.3,-220.2,5.1,7.1,22.4,2020,12,20,3,24,8.46,0.0,29,76,0,0,0.011,-9.0,4,2020-12-20T03:24:08.460Z
1016790,100736,40.473263,-124.703841,25.729,22.1,-37.1,9.0,7.1,15.8,23.5,2023,3,19,12,29,14.66,1.61,43,117,0,0,0.015,-9.0,4,2023-03-19T12:29:14.660Z
1014033_20200116_223917,100304,40.376884,-124.632235,26.513,6.9,99.4,-7.5,9.1,12.0,16.5,2020,1,16,22,39,17.78,0.0,47,91,0,0,0.014,-9.0,5,2020-01-16T22:39:17.780Z
1014033_20200116_235202,100305,40.375016,-124.632935,26.46,-52.5,-108.0,-60.3,9.4,20.4,19.8,2020,1,16,23,52,2.38,0.0,36,85,0,0,0.015,-9.0,5,2020-01-16T23:52:02.380Z
1014033_20200116_235303,100306,40.375944,-124.632324,26.446,-0.7,-5.0,-73.8,6.0,16.0,16.7,2020,1,16,23,53,3.52,0.0,32,65,0,0,0.012,-9.0,5,2020-01-16T23:53:03.520Z
1014033_20200315_081326,100307,40.375586,-124.63265,26.469,-28.3,-44.7,-51.2,8.2,13.4,18.2,2020,3,15,8,13,26.92,0.0,24,52,0,0,0.012,-9.0,5,2020-03-15T08:13:26.920Z
1014033_20200319_011444,100308,40.377608,-124.631787,26.419,44.9,179.8,-100.6,6.9,16.1,13.5,2020,3,19,1,14,44.66,0.0,33,86,0,0,0.012,-9.0,5,2020-03-19T01:14:44.660Z
1014033_20200406_083234,100309,40.376204,-124.632153,26.444,13.8,23.9,-75.8,8.6,14.9,17.7,2020,4,6,8,32,34.94,0.0,11,50,0,0,0.01,-9.0,5,2020-04-06T08:32:34.940Z
1014033_20200406_082612,100310,40.376005,-124.632463,26.401,-12.4,1.8,-119.1,8.3,13.1,21.2,2020,4,6,8,26,12.64,0.0,38,62,0,0,0.015,-9.0,5,2020-04-06T08:26:12.640Z
1014033_20200411_003015,100311,40.376969,-124.631787,26.542,44.9,108.9,21.8,6.9,17.2,21.1,2020,4,11,0,30,15.87,0.0,21,67,0,0,0.012,-9.0,5,2020-04-11T00:30:15.870Z
1014033_20200418_015231,100312,40.37557,-124.632292,26.415,2.1,-46.5,-105.4,6.8,14.9,9.9,2020,4,18,1,52,31.02,0.0,10,79,0,0,0.011,-9.0,5,2020-04-18T01:52:31.020Z
1014033_20200429_004409,100313,40.377055,-124.632308,26.332,0.7,118.4,-187.9,7.2,10.7,15.9,2020,4,29,0,44,9.14,0.0,16,76,0,0,0.012,-9.0,5,2020-04-29T00:44:09.140Z
1014033_20200430_203637,100314,40.376265,-124.632088,26.503,19.4,30.7,-17.2,6.5,12.7,14.4,2020,4,30,20,36,37.72,0.0,0,80,0,0,0.017,-9.0,5,2020-04-30T20:36:37.720Z
1014033_20200509_005549,100315,40.377637,-124.632487,26.096,-14.5,183.0,-423.5,7.2,12.9,13.6,2020,5,9,0,55,49.54,0.0,0,65,0,0,0.01,-9.0,5,2020-05-09T00:55:49.540Z
1014033_20200513_000724,100316,40.376815,-124.632121,26.328,16.6,91.7,-191.5,7.6,13.7,15.7,2020,5,13,0,7,24.94,0.0,15,84,0,0,0.016,-9.0,5,2020-05-13T00:07:24.940Z
1014033_20200513_004103,100317,40.375094,-124.632251,26.385,5.5,-99.4,-135.2,7.3,14.0,17.8,2020,5,13,0,41,3.9,0.0,14,72,0,0,0.011,-9.0,5,2020-05-13T00:41:03.900Z
1014033_20200519_050833,100318,40.376774,-124.632422,26.208,-9.0,87.2,-312.5,8.2,16.5,16.6,2020,5,19,5,8,33.06,0.0,10,57,0,0,0.01,-9.0,5,2020-05-19T05:08:33.060Z
1014033_20200519_051533,100319,40.374927,-124.632674,26.37,-30.4,-117.9,-150.5,8.5,17.0,18.4,2020,5,19,5,15,33.11,0.0,11,56,0,0,0.012,-9.0,5,2020-05-19T05:15:33.110Z
1014033_20200523_224333,100320,40.375004,-124.631999,26.802,27.0,-109.3,281.7,6.7,10.9,14.4,2020,5,23,22,43,33.76,0.0,26,66,0,0,0.014,-9.0,5,2020-05-23T22:43:33.760Z
1014033_20200604_145440,100321,40.376436,-124.63221,26.593,9.0,49.7,72.5,5.6,8.6,14.8,2020,6,4,14,54,40.8,0.0,0,69,0,0,0.011,-9.0,5,2020-06-04T14:54:40.800Z
1014033_20200618_052842,100322,40.374772,-124.632861,26.693,-46.3,-135.1,173.2,6.7,12.9,18.1,2020,6,18,5,28,42.96,0.0,25,66,0,0,0.012,-9.0,5,2020-06-18T05:28:42.960Z
1014033_20200626_125205,100323,40.376611,-124.631868,26.286,38.0,69.1,-233.7,6.2,17.0,18.9,2020,6,26,12,52,5.14,0.0,10,59,0,0,0.014,-9.0,5,2020-06-26T12:52:05.140Z
1014033_20200714_121836,100324,40.373637,-124.632821,26.929,-42.8,-261.2,408.6,8.7,19.5,19.5,2020,7,14,12,18,36.26,0.0,16,59,0,0,0.016,-9.0,5,2020-07-14T12:18:36.260Z
1014033_20200807_150609,100325,40.374731,-124.632267,26.619,4.1,-139.6,98.6,7.4,12.7,21.0,2020,8,7,15,6,9.46,0.0,14,75,0,0,0.01,-9.0,5,2020-08-07T15:06:09.460Z
1014033_20200917_113039,100326,40.374495,-124.632983,26.985,-56.7,-165.8,464.8,11.2,39.9,32.8,2020,9,17,11,30,39.61,0.0,33,40,0,0,0.017,-9.0,5,2020-09-17T11:30:39.610Z
1014033_20200920_060705,100327,40.373869,-124.632715,26.676,-33.9,-235.4,155.7,7.9,22.7,25.8,2020,9,20,6,7,5.56,0.0,33,64,0,0,0.013,-9.0,5,2020-09-20T06:07:05.560Z
1014033_20200929_164107,100328,40.376823,-124.631877,26.304,37.3,92.6,-216.4,11.2,26.1,30.3,2020,9,29,16,41,7.49,0.0,5,59,0,0,0.017,-9.0,5,2020-09-29T16:41:07.490Z
1014033_20201011_054723,100329,40.375867,-124.632381,26.5,-5.5,-13.6,-20.2,6.7,17.9,26.2,2020,10,11,5,47,23.9,0.0,25,55,0,0,0.013,-9.0,5,2020-10-11T05:47:23.900Z
1014033_20201109_032614,100330,40.379102,-124.631559,25.999,64.3,345.7,-521.4,8.8,22.1,32.4,2020,11,9,3,26,14.91,0.0,31,70,0,0,0.015,-9.0,5,2020-11-09T03:26:14.910Z
1014033_20201109_025058,100331,40.375956,-124.632332,26.316,-1.4,-3.6,-204.0,7.4,16.7,32.1,2020,11,9,2,50,58.5,0.0,16,68,0,0,0.015,-9.0,5,2020-11-09T02:50:58.500Z
1014033,100768,40.375256,-124.631893,27.2,35.9,-81.3,680.4,9.8,16.2,22.9,2023,1,6,2,11,23.43,2.07,40,101,0,0,0.021,-9.0,5,2023-01-06T02:11:23.430Z
nc73889196_20200109_022846,100240,40.495341,-124.703231,25.85,-4.1,38.0,219.8,6.8,9.2,20.6,2020,1,9,2,28,46.41,0.0,32,128,0,0,0.014,-9.0,6,2020-01-09T02:28:46.410Z
nc73889196_20200213_034916,100241,40.494987,-124.703255,25.712,-6.2,-1.4,82.1,6.0,6.5,21.7,2020,2,13,3,49,16.98,0.0,22,108,0,0,0.011,-9.0,6,2020-02-13T03:49:16.980Z
nc73889196_20200213_045557,100242,40.494393,-124.703271,26.17,-7.6,-67.3,540.5,9.7,6.2,24.7,2020,2,13,4,55,57.67,0.0,21,80,0,0,0.012,-9.0,6,2020-02-13T04:55:57.670Z
nc73889196_20200213_044603,100243,40.495512,-124.702848,25.825,28.3,56.9,194.7,5.7,6.8,21.2,2020,2,13,4,46,3.64,0.0,22,109,0,0,0.011,-9.0,6,2020-02-13T04:46:03.640Z
nc73889196_20200224_060245,100244,40.495093,-124.703442,25.712,-22.1,10.4,82.0,5.2,6.1,18.3,2020,2,24,6,2,45.22,0.0,22,84,0,0,0.01,-9.0,6,2020-02-24T06:02:45.220Z
nc73889196_20200308_030808,100245,40.495227,-124.703035,25.797,12.4,25.3,166.8,4.6,4.7,16.4,2020,3,8,3,8,8.78,0.0,21,92,0,0,0.008,-9.0,6,2020-03-08T03:08:08.780Z
nc73889196_20200324_122500,100246,40.495243,-124.703353,25.649,-14.5,27.1,19.2,6.2,11.0,19.2,2020,3,24,12,25,0.51,0.0,21,87,0,0,0.011,-9.0,6,2020-03-24T12:25:00.510Z
nc73889196_20200324_071313,100247,40.495614,-124.703109,26.545,6.2,68.2,915.4,7.1,10.9,28.6,2020,3,24,7,13,13.6,0.0,0,41,0,0,0.017,-9.0,6,2020-03-24T07:13:13.600Z
nc73889196_20200331_141651,100248,40.495247,-124.703149,25.782,2.8,27.6,151.8,4.8,6.3,17.2,2020,3,31,14,16,51.84,0.0,21,89,0,0,0.009,-9.0,6,2020-03-31T14:16:51.840Z
nc73889196_20200402_061442,100249,40.495585,-124.702799,25.603,32.4,65.1,-26.7,5.3,7.4,20.0,2020,4,2,6,14,42.3,0.0,0,62,0,0,0.014,-9.0,6,2020-04-02T06:14:42.300Z
nc73889196_20200402_092402,100250,40.495549,-124.702873,25.534,26.2,61.0,-96.5,8.3,12.0,28.7,2020,4,2,9,24,2.03,0.0,32,51,0,0,0.016,-9.0,6,2020-04-02T09:24:02.030Z
nc73889196_20200419_090113,100251,40.495154,-124.703703,25.575,-44.2,17.2,-55.2,10.5,9.9,33.6,2020,4,19,9,1,13.26,0.0,22,87,0,0,0.016,-9.0,6,2020-04-19T09:01:13.260Z
nc73889196_20200502_143004,100252,40.495199,-124.703125,25.67,4.8,22.1,40.0,5.7,10.1,19.8,2020,5,2,14,30,4.4,0.0,34,113,0,0,0.014,-9.0,6,2020-05-02T14:30:04.400Z
nc73889196_20200526_134653,100253,40.495772,-124.703491,24.354,-26.2,85.8,-1275.6,8.4,7.3,65.0,2020,5,26,13,46,53.39,0.0,21,84,0,0,0.011,-9.0,6,2020-05-26T13:46:53.390Z
nc73889196_20200527_141323,100254,40.49484,-124.703084,25.892,8.3,-17.6,262.4,6.8,11.2,29.1,2020,5,27,14,13,23.92,0.0,22,94,0,0,0.013,-9.0,6,2020-05-27T14:13:23.920Z
nc73889196_20200601_061451,100255,40.495142,-124.702734,25.649,37.9,15.8,19.3,6.4,10.9,19.6,2020,6,1,6,14,51.6,0.0,21,78,0,0,0.011,-9.0,6,2020-06-01T06:14:51.600Z
nc73889196_20200603_075145,100256,40.495211,-124.703166,25.711,1.4,23.5,81.0,4.4,8.9,16.3,2020,6,3,7,51,45.78,0.0,21,84,0,0,0.009,-9.0,6,2020-06-03T07:51:45.780Z
nc73889196_20200626_034736,100257,40.495321,-124.703035,25.501,12.4,35.7,-129.3,4.1,6.9,15.8,2020,6,26,3,47,36.16,0.0,0,64,0,0,0.01,-9.0,6,2020-06-26T03:47:36.160Z
nc73889196_20200703_095833,100258,40.49526,-124.703141,25.634,3.4,28.9,4.1,5.1,6.7,16.2,2020,7,3,9,58,33.98,0.0,0,80,0,0,0.009,-9.0,6,2020-07-03T09:58:33.980Z
nc73889196_20200715_092102,100259,40.49458,-124.703369,25.314,-15.9,-46.5,-315.6,6.5,13.3,25.4,2020,7,15,9,21,2.86,0.0,26,87,0,0,0.011,-9.0,6,2020-07-15T09:21:02.860Z
nc73889196_20200907_034439,100260,40.494812,-124.703247,25.564,-5.5,-20.8,-65.9,6.5,7.5,22.7,2020,9,7,3,44,39.52,0.0,39,123,0,0,0.014,-9.0,6,2020-09-07T03:44:39.520Z
nc73889196_20201002_073202,100261,40.496171,-124.703337,25.162,-13.1,130.1,-468.4,7.4,13.4,39.4,2020,10,2,7,32,2.12,0.0,0,68,0,0,0.011,-9.0,6,2020-10-02T07:32:02.120Z
nc73889196_20201004_103619,100262,40.495447,-124.702881,25.719,25.5,49.7,89.5,6.1,8.7,21.0,2020,10,4,10,36,19.26,0.0,27,55,0,0,0.013,-9.0,6,2020-10-04T10:36:19.260Z
nc73889196_20201018_051738,100263,40.494515,-124.702173,26.368,85.5,-53.8,738.1,6.3,15.1,22.0,2020,10,18,5,17,38.53,0.0,21,85,0,0,0.011,-9.0,6,2020-10-18T05:17:38.530Z
nc73889196_20201027_134740,100264,40.495239,-124.702946,25.131,20.0,26.7,-498.7,9.2,10.6,25.8,2020,10,27,13,47,40.74,0.0,25,77,0,0,0.014,-9.0,6,2020-10-27T13:47:40.740Z
nc73889196_20201115_100152,100265,40.495194,-124.70328,25.488,-8.3,21.7,-142.1,7.4,11.9,30.6,2020,11,15,10,1,52.65,0.0,34,84,0,0,0.012,-9.0,6,2020-11-15T10:01:52.650Z
nc73889196_20201202_043619,100266,40.495113,-124.703019,25.887,13.8,12.7,256.7,4.6,4.5,12.9,2020,12,2,4,36,19.09,0.0,4,59,0,0,0.006,-9.0,6,2020-12-02T04:36:19.090Z
nc73889196_20201217_064445,100267,40.495064,-124.703467,25.336,-24.1,7.2,-294.0,8.2,13.6,34.8,2020,12,17,6,44,45.74,0.0,38,47,0,0,0.013,-9.0,6,2020-12-17T06:44:45.740Z
nc73889196,100758,40.491805,-124.704183,24.678,-84.9,-354.7,-952.3,11.3,22.4,58.8,2023,5,17,16,10,52.82,2.77,29,102,0,0,0.029,-9.0,6,2023-05-17T16:10:52.820Z
nc73824826_20200105_210500,100166,40.294271,-124.557357,23.348,16.6,108.4,-32.3,4.4,7.7,5.8,2020,1,5,21,5,0.8,0.0,32,103,0,0,0.011,-9.0,7,2020-01-05T21:05:00.800Z
nc73824826_20200126_122830,100167,40.29349,-124.557161,23.345,33.2,21.7,-35.4,9.1,17.6,12.1,2020,1,26,12,28,30.58,0.0,32,88,0,0,0.011,-9.0,7,2020-01-26T12:28:30.580Z
nc73824826_20200128_051132,100168,40.29314,-124.55721,23.341,29.1,-17.2,-39.0,4.0,9.9,6.4,2020,1,28,5,11,32.24,0.0,32,87,0,0,0.011,-9.0,7,2020-01-28T05:11:32.240Z
nc73824826_20200130_072641,100169,40.294511,-124.557796,23.348,-20.8,135.1,-32.5,5.9,9.1,5.8,2020,1,30,7,26,41.92,0.0,32,103,0,0,0.012,-9.0,7,2020-01-30T07:26:41.920Z
nc73824826_20200202_174510,100170,40.294613,-124.557406,23.36,12.5,146.4,-19.6,2.6,10.2,5.9,2020,2,2,17,45,10.8,0.0,0,100,0,0,0.009,-9.0,7,2020-02-02T17:45:10.800Z
nc73824826_20200219_043744,100171,40.29412,-124.557357,23.341,16.6,91.7,-39.0,5.2,9.0,5.8,2020,2,19,4,37,44.4,0.0,30,91,0,0,0.011,-9.0,7,2020-02-19T04:37:44.400Z
nc73824826_20200312_131953,100172,40.29303,-124.557121,23.388,36.7,-29.4,8.0,6.4,9.2,5.8,2020,3,12,13,19,53.56,0.0,43,110,0,0,0.011,-9.0,7,2020-03-12T13:19:53.560Z
nc73824826_20200319_020947,100173,40.293746,-124.557536,23.31,1.4,50.2,-70.4,7.2,20.2,8.1,2020,3,19,2,9,47.58,0.0,0,65,0,0,0.008,-9.0,7,2020-03-19T02:09:47.580Z
nc73824826_20200324_080336,100174,40.293864,-124.557511,23.416,3.5,63.3,35.9,4.9,8.3,5.5,2020,3,24,8,3,36.87,0.0,27,107,0,0,0.013,-9.0,7,2020-03-24T08:03:36.870Z
nc73824826_20200508_025928,100175,40.293538,-124.557284,23.402,22.8,27.1,21.7,4.5,13.0,7.8,2020,5,8,2,59,28.2,0.0,11,99,0,0,0.009,-9.0,7,2020-05-08T02:59:28.200Z
nc73824826_20200520_055956,100176,40.293311,-124.55778,23.404,-19.4,1.8,24.3,6.4,16.0,10.3,2020,5,20,5,59,56.04,0.0,54,129,0,0,0.01,-9.0,7,2020-05-20T05:59:56.040Z
nc73824826_20200617_093802,100177,40.293449,-124.558024,23.401,-40.1,17.2,21.3,7.7,10.4,6.7,2020,6,17,9,38,2.76,0.0,51,128,0,0,0.011,-9.0,7,2020-06-17T09:38:02.760Z
nc73824826_20200702_141240,100178,40.293628,-124.557194,23.318,30.4,37.0,-61.8,6.1,14.1,9.8,2020,7,2,14,12,40.48,0.0,11,82,0,0,0.009,-9.0,7,2020-07-02T14:12:40.480Z
nc73824826_20200730_141555,100179,40.293278,-124.557284,23.331,22.8,-1.8,-49.1,5.1,9.6,6.8,2020,7,30,14,15,55.42,0.0,63,121,0,0,0.012,-9.0,7,2020-07-30T14:15:55.420Z
nc73824826_20200806_094300,100180,40.293038,-124.557601,23.399,-4.2,-28.5,18.5,2.8,6.5,4.2,2020,8,6,9,43,0.9,0.0,63,137,0,0,0.009,-9.0,7,2020-08-06T09:43:00.900Z
nc73824826_20200812_091612,100181,40.29307,-124.557471,23.385,6.9,-24.9,5.4,3.2,5.0,3.7,2020,8,12,9,16,12.86,0.0,66,143,0,0,0.011,-9.0,7,2020-08-12T09:16:12.860Z
nc73824826_20200830_191139,100182,40.292615,-124.557894,23.431,-29.1,-75.5,51.2,5.7,9.9,7.4,2020,8,30,19,11,39.34,0.0,32,107,0,0,0.01,-9.0,7,2020-08-30T19:11:39.340Z
nc73824826_20200904_120245,100183,40.294116,-124.557381,23.352,14.5,91.3,-28.2,5.3,13.8,10.2,2020,9,4,12,2,45.62,0.0,32,89,0,0,0.011,-9.0,7,2020-09-04T12:02:45.620Z
nc73824826_20200914_023730,100184,40.292261,-124.557715,23.39,-13.8,-114.8,9.9,4.0,7.3,4.8,2020,9,14,2,37,30.16,0.0,8,54,0,0,0.008,-9.0,7,2020-09-14T02:37:30.160Z
nc73824826_20201022_012826,100185,40.292757,-124.557178,23.453,31.8,-59.6,73.0,6.1,17.2,11.1,2020,10,22,1,28,26.76,0.0,11,78,0,0,0.012,-9.0,7,2020-10-22T01:28:26.760Z
nc73824826_20201029_042331,100186,40.293412,-124.557544,23.372,0.7,13.1,-8.5,4.1,5.6,4.2,2020,10,29,4,23,31.56,0.0,46,112,0,0,0.009,-9.0,7,2020-10-29T04:23:31.560Z
nc73824826_20201108_001341,100187,40.292651,-124.557528,23.398,2.1,-71.4,17.8,3.2,14.6,9.6,2020,11,8,0,13,41.14,0.0,0,115,0,0,0.01,-9.0,7,2020-11-08T00:13:41.140Z
nc73824826_20201109_041628,100188,40.293677,-124.557397,23.332,13.1,42.5,-47.8,3.7,10.9,7.4,2020,11,9,4,16,28.0,0.0,17,102,0,0,0.012,-9.0,7,2020-11-09T04:16:28.000Z
nc73824826_20201112_005920,100189,40.293258,-124.557902,23.402,-29.8,-4.1,22.0,5.9,12.5,7.4,2020,11,12,0,59,20.32,0.0,37,112,0,0,0.01,-9.0,7,2020-11-12T00:59:20.320Z
nc73824826_20201122_042811,100190,40.293123,-124.557479,23.405,6.2,-19.0,25.0,5.0,10.5,7.9,2020,11,22,4,28,11.8,0.0,57,125,0,0,0.011,-9.0,7,2020-11-22T04:28:11.800Z
nc73824826_20201216_220140,100191,40.29325,-124.557788,23.395,-20.1,-5.0,15.3,4.1,8.4,5.5,2020,12,16,22,1,40.5,0.0,8,85,0,0,0.007,-9.0,7,2020-12-16T22:01:40.500Z
nc73824826_20201220_204307,100192,40.292961,-124.557308,23.318,20.8,-37.0,-61.6,5.5,10.0,8.2,2020,12,20,20,43,7.72,0.0,37,98,0,0,0.011,-9.0,7,2020-12-20T20:43:07.720Z
nc73824826,100747,40.292371,-124.55743,23.426,10.4,-102.6,45.9,6.5,16.0,10.2,2022,12,25,19,40,29.68,3.05,62,152,0,0,0.015,-9.0,7,2022-12-25T19:40:29.680Z
1012056_20200115_065038,100332,40.29751,-124.346346,9.369,-7.6,23.9,-30.6,3.5,4.8,5.5,2020,1,15,6,50,38.22,0.0,34,81,0,0,0.009,-9.0,8,2020-01-15T06:50:38.220Z
1012056_20200124_141419,100333,40.297534,-124.346216,9.386,3.5,26.7,-14.3,5.0,3.0,4.3,2020,1,24,14,14,19.62,0.0,23,78,0,0,0.009,-9.0,8,2020-01-24T14:14:19.620Z
1012056_20200124_220341,100334,40.297689,-124.346387,9.359,-11.1,43.8,-40.7,6.2,5.4,5.9,2020,1,24,22,3,41.74,0.0,31,92,0,0,0.01,-9.0,8,2020-01-24T22:03:41.740Z
1012056_20200124_153020,100335,40.297005,-124.346313,9.396,-4.8,-32.1,-4.3,2.5,2.2,3.3,2020,1,24,15,30,20.36,0.0,23,91,0,0,0.01,-9.0,8,2020-01-24T15:30:20.360Z
1012056_20200124_210402,100336,40.297498,-124.346484,9.4,-19.4,22.6,0.2,6.3,6.0,6.2,2020,1,24,21,4,2.5,0.0,28,92,0,0,0.012,-9.0,8,2020-01-24T21:04:02.500Z
1012056_20200124_155559,100337,40.297302,-124.346541,9.374,-24.2,0.9,-26.0,4.5,4.3,4.6,2020,1,24,15,55,59.7,0.0,29,81,0,0,0.012,-9.0,8,2020-01-24T15:55:59.700Z
1012056_20200124_152248,100338,40.297168,-124.346346,9.391,-7.6,-14.0,-8.9,2.4,2.3,3.1,2020,1,24,15,22,48.08,0.0,23,69,0,0,0.008,-9.0,8,2020-01-24T15:22:48.080Z
1012056_20200124_225407,100339,40.297563,-124.346257,9.382,0.0,29.8,-17.9,6.0,6.3,5.6,2020,1,24,22,54,7.46,0.0,31,93,0,0,0.01,-9.0,8,2020-01-24T22:54:07.460Z
1012056_20200124_152513,100340,40.296977,-124.346452,9.398,-16.6,-35.2,-1.9,3.0,2.4,3.5,2020,1,24,15,25,13.42,0.0,22,78,0,0,0.01,-9.0,8,2020-01-24T15:25:13.420Z
1012056_20200124_152623,100341,40.297616,-124.346191,9.413,5.5,35.7,13.3,3.9,5.5,6.1,2020,1,24,15,26,23.14,0.0,23,60,0,0,0.01,-9.0,8,2020-01-24T15:26:23.140Z
1012056_20200124_200302,100342,40.297611,-124.346493,9.368,-20.1,35.2,-32.0,6.1,8.7,6.9,2020,1,24,20,3,2.5,0.0,39,73,0,0,0.011,-9.0,8,2020-01-24T20:03:02.500Z
1012056_20200124_232024,100343,40.297583,-124.346232,9.465,2.1,32.1,64.7,4.3,5.1,5.6,2020,1,24,23,20,24.98,0.0,26,69,0,0,0.011,-9.0,8,2020-01-24T23:20:24.980Z
1012056_20200125_002541,100344,40.297473,-124.346159,9.397,8.3,19.9,-3.1,5.8,6.7,5.6,2020,1,25,0,25,41.5,0.0,35,71,0,0,0.01,-9.0,8,2020-01-25T00:25:41.500Z
1012056_20200125_031354,100345,40.297164,-124.34633,9.405,-6.2,-14.5,4.7,3.7,4.0,4.6,2020,1,25,3,13,54.2,0.0,49,69,0,0,0.012,-9.0,8,2020-01-25T03:13:54.200Z
1012056_20200125_032955,100346,40.297099,-124.346257,9.439,0.0,-21.7,39.2,4.3,6.5,5.8,2020,1,25,3,29,55.28,0.0,45,59,0,0,0.009,-9.0,8,2020-01-25T03:29:55.280Z
1012056_20200125_031428,100347,40.297229,-124.346444,9.392,-15.9,-7.2,-8.1,3.4,5.4,3.6,2020,1,25,3,14,28.68,0.0,34,69,0,0,0.007,-9.0,8,2020-01-25T03:14:28.680Z
1012056_20200125_030906,100348,40.297099,-124.34633,9.372,-6.2,-21.7,-28.3,2.6,4.2,3.6,2020,1,25,3,9,6.22,0.0,48,87,0,0,0.012,-9.0,8,2020-01-25T03:09:06.220Z
1012056_20200127_190435,100349,40.297575,-124.346427,9.377,-14.5,31.2,-23.3,4.5,5.0,6.0,2020,1,27,19,4,35.86,0.0,48,59,0,0,0.011,-9.0,8,2020-01-27T19:04:35.860Z
1012056_20200127_173612,100350,40.29742,-124.346509,9.35,-21.4,14.0,-49.8,5.7,7.8,5.6,2020,1,27,17,36,12.02,0.0,34,51,0,0,0.01,-9.0,8,2020-01-27T17:36:12.020Z
1012056_20200127_162344,100351,40.297091,-124.346232,9.409,2.1,-22.6,9.1,2.4,4.1,3.0,2020,1,27,16,23,44.48,0.0,30,82,0,0,0.011,-9.0,8,2020-01-27T16:23:44.480Z
1012056_20200312_222853,100352,40.297237,-124.345931,9.397,27.7,-6.3,-3.3,4.4,6.0,6.4,2020,3,12,22,28,53.64,0.0,32,66,0,0,0.007,-9.0,8,2020-03-12T22:28:53.640Z
1012056_20200313_023950,100353,40.297404,-124.346232,9.378,2.1,12.2,-21.5,4.2,4.9,5.6,2020,3,13,2,39,50.57,0.0,39,71,0,0,0.008,-9.0,8,2020-03-13T02:39:50.570Z
1012056_20200313_023737,100354,40.29683,-124.345996,9.436,22.1,-51.5,36.0,4.5,5.5,5.7,2020,3,13,2,37,37.34,0.0,11,63,0,0,0.007,-9.0,8,2020-03-13T02:37:37.340Z
1012056_20200407_165056,100355,40.298104,-124.346305,9.394,-4.2,89.9,-5.5,4.4,5.3,6.0,2020,4,7,16,50,56.42,0.0,7,66,0,0,0.01,-9.0,8,2020-04-07T16:50:56.420Z
1012056_20200510_034047,100356,40.298747,-124.346826,9.358,-48.4,161.3,-41.8,6.9,14.8,11.2,2020,5,10,3,40,47.52,0.0,15,49,0,0,0.011,-9.0,8,2020-05-10T03:40:47.520Z
1012056_20200716_144026,100357,40.296741,-124.346151,9.4,9.0,-61.4,-0.3,4.8,9.5,8.2,2020,7,16,14,40,26.16,0.0,23,29,0,0,0.01,-9.0,8,2020-07-16T14:40:26.160Z
1012056,100771,40.295695,-124.345565,9.611,58.8,-177.6,210.9,8.7,9.7,12.2,2022,12,23,23,23,4.12,1.11,36,94,0,0,0.024,-9.0,8,2022-12-23T23:23:04.120Z
nc73865815_20200105_110439,100193,40.437268,-124.602596,25.462,16.6,7.7,81.6,7.3,5.0,17.4,2020,1,5,11,4,39.24,0.0,0,40,0,0,0.01,-9.0,9,2020-01-05T11:04:39.240Z
nc73865815_20200312_152018,100194,40.437378,-124.602539,25.33,21.4,19.9,-50.5,9.2,13.4,15.7,2020,3,12,15,20,18.66,0.0,0,37,0,0,0.015,-9.0,9,2020-03-12T15:20:18.660Z
nc73865815_20200319_000012,100195,40.437712,-124.602889,25.382,-8.3,56.9,1.7,8.9,11.3,19.1,2020,3,19,0,0,12.24,0.0,0,45,0,0,0.015,-9.0,9,2020-03-19T00:00:12.240Z
nc73865815_20200415_062246,100196,40.437354,-124.601693,23.57,93.2,17.2,-1809.9,11.2,11.9,13.0,2020,4,15,6,22,46.18,0.0,4,23,0,0,0.015,-9.0,9,2020-04-15T06:22:46.180Z
nc73865815_20200501_212701,100197,40.436963,-124.602759,25.075,2.8,-26.2,-304.8,7.5,7.3,30.3,2020,5,1,21,27,1.72,0.0,0,45,0,0,0.01,-9.0,9,2020-05-01T21:27:01.720Z
nc73865815_20200515_211851,100198,40.437899,-124.602718,25.365,6.2,77.7,-14.8,8.1,7.8,16.7,2020,5,15,21,18,51.94,0.0,4,64,0,0,0.01,-9.0,9,2020-05-15T21:18:51.940Z
nc73865815_20200519_041804,100199,40.436658,-124.602808,25.206,-1.4,-60.1,-174.4,7.9,11.1,34.3,2020,5,19,4,18,4.68,0.0,5,31,0,0,0.016,-9.0,9,2020-05-19T04:18:04.680Z
nc73865815_20200519_155835,100200,40.436853,-124.603125,25.323,-28.3,-38.4,-57.1,6.7,7.5,26.8,2020,5,19,15,58,35.46,0.0,0,33,0,0,0.011,-9.0,9,2020-05-19T15:58:35.460Z
nc73865815_20200519_085604,100201,40.437215,-124.602824,25.542,-2.8,1.8,162.3,5.6,6.1,13.8,2020,5,19,8,56,4.24,0.0,0,33,0,0,0.008,-9.0,9,2020-05-19T08:56:04.240Z
nc73865815_20200602_015548,100202,40.436633,-124.602629,24.803,13.8,-62.8,-577.2,11.3,11.4,53.9,2020,6,2,1,55,48.26,0.0,0,34,0,0,0.009,-9.0,9,2020-06-02T01:55:48.260Z
nc73865815_20200609_102901,100203,40.436902,-124.602686,25.456,9.0,-33.0,76.0,7.7,11.6,19.0,2020,6,9,10,29,1.04,0.0,5,52,0,0,0.01,-9.0,9,2020-06-09T10:29:01.040Z
nc73865815_20200611_114829,100204,40.436686,-124.602734,25.249,4.8,-56.9,-131.2,6.7,8.5,21.6,2020,6,11,11,48,29.66,0.0,1,39,0,0,0.014,-9.0,9,2020-06-11T11:48:29.660Z
nc73865815_20200628_090435,100205,40.437191,-124.602889,25.343,-8.3,-0.9,-37.4,4.5,6.5,13.8,2020,6,28,9,4,35.86,0.0,9,80,0,0,0.017,-9.0,9,2020-06-28T09:04:35.860Z
nc73865815_20200921_215310,100206,40.437146,-124.602897,25.49,-9.0,-5.9,109.8,4.9,6.2,12.7,2020,9,21,21,53,10.52,0.0,0,53,0,0,0.011,-9.0,9,2020-09-21T21:53:10.520Z
nc73865815_20200928_093439,100207,40.437211,-124.60249,25.22,25.5,1.4,-159.8,5.1,10.0,16.9,2020,9,28,9,34,39.84,0.0,0,38,0,0,0.008,-9.0,9,2020-09-28T09:34:39.840Z
nc73865815_20200929_164212,100208,40.437203,-124.603255,25.357,-39.4,0.5,-22.6,5.9,7.0,17.2,2020,9,29,16,42,12.39,0.0,11,73,0,0,0.012,-9.0,9,2020-09-29T16:42:12.390Z
nc73865815_20200929_160655,100209,40.437325,-124.602816,25.274,-2.1,14.0,-105.7,8.1,9.4,19.2,2020,9,29,16,6,55.98,0.0,14,73,0,0,0.015,-9.0,9,2020-09-29T16:06:55.980Z
nc73865815_20201008_083456,100210,40.437382,-124.603027,25.366,-20.0,20.3,-14.4,5.4,4.8,16.6,2020,10,8,8,34,56.54,0.0,0,40,0,0,0.01,-9.0,9,2020-10-08T08:34:56.540Z
nc73865815_20201013_220511,100211,40.437264,-124.602816,25.497,-2.1,7.2,116.9,5.0,5.8,15.2,2020,10,13,22,5,11.46,0.0,0,46,0,0,0.01,-9.0,9,2020-10-13T22:05:11.460Z
nc73865815_20201111_024836,100212,40.437789,-124.602686,25.384,9.0,65.5,3.9,8.7,15.9,16.2,2020,11,11,2,48,36.38,0.0,0,51,0,0,0.014,-9.0,9,2020-11-11T02:48:36.380Z
nc73865815_20201219_032342,100213,40.437028,-124.602702,25.419,7.6,-19.0,38.8,6.9,6.8,18.9,2020,12,19,3,23,42.48,0.0,6,64,0,0,0.011,-9.0,9,2020-12-19T03:23:42.480Z
nc73865815,100748,40.437109,-124.602824,25.553,-2.8,-9.9,172.8,7.1,7.7,19.0,2023,4,2,11,44,21.61,2.51,15,92,0,0,0.022,-9.0,9,2023-04-02T11:44:21.610Z
1017765_20200313_204946,100592,40.449544,-124.510156,19.916,-4.1,15.8,-24.5,6.7,9.0,8.4,2020,3,13,20,49,46.76,0.0,42,49,0,0,0.011,-9.0,10,2020-03-13T20:49:46.760Z
1017765_20200413_155034,100593,40.449618,-124.510197,19.876,-7.6,23.9,-64.3,8.5,7.2,11.2,2020,4,13,15,50,34.72,0.0,42,49,0,0,0.014,-9.0,10,2020-04-13T15:50:34.720Z
1017765_20200414_170838,100594,40.449101,-124.509814,19.911,24.9,-33.4,-28.6,10.0,8.1,15.4,2020,4,14,17,8,38.28,0.0,28,44,0,0,0.01,-9.0,10,2020-04-14T17:08:38.280Z
1017765_20200502_012630,100595,40.449329,-124.510042,19.929,5.5,-8.1,-11.1,9.2,10.3,12.8,2020,5,2,1,26,30.3,0.0,17,44,0,0,0.014,-9.0,10,2020-05-02T01:26:30.300Z
1017765_20200522_083007,100596,40.449239,-124.510449,19.84,-29.0,-18.1,-99.6,7.8,6.6,12.7,2020,5,22,8,30,7.36,0.0,0,43,0,0,0.008,-9.0,10,2020-05-22T08:30:07.360Z
1017765_20200620_135914,100597,40.449235,-124.510083,19.957,2.1,-18.5,16.9,4.4,7.4,7.3,2020,6,20,13,59,14.04,0.0,40,55,0,0,0.01,-9.0,10,2020-06-20T13:59:14.040Z
1017765_20200625_150755,100598,40.449076,-124.51014,19.938,-2.8,-36.1,-1.6,2.6,3.5,9.0,2020,6,25,15,7,55.26,0.0,40,58,0,0,0.012,-9.0,10,2020-06-25T15:07:55.260Z
1017765_20200626_023750,100599,40.449316,-124.510286,19.964,-15.2,-9.5,23.9,6.8,12.9,12.2,2020,6,26,2,37,50.74,0.0,40,49,0,0,0.012,-9.0,10,2020-06-26T02:37:50.740Z
1017765_20200626_020215,100600,40.449373,-124.510181,19.965,-6.2,-3.2,24.7,6.0,6.0,9.3,2020,6,26,2,2,15.14,0.0,30,58,0,0,0.011,-9.0,10,2020-06-26T02:02:15.140Z
1017765_20200704_191707,100601,40.449276,-124.510091,19.926,1.4,-14.0,-13.7,4.2,7.4,5.4,2020,7,4,19,17,7.14,0.0,30,61,0,0,0.009,-9.0,10,2020-07-04T19:17:07.140Z
1017765_20200705_052739,100602,40.449849,-124.510107,19.924,0.0,49.7,-15.9,7.2,10.3,12.8,2020,7,5,5,27,39.0,0.0,40,29,0,0,0.009,-9.0,10,2020-07-05T05:27:39.000Z
1017765_20200707_123124,100603,40.449679,-124.509871,19.9,20.0,30.7,-40.2,6.9,7.2,10.1,2020,7,7,12,31,24.0,0.0,40,33,0,0,0.01,-9.0,10,2020-07-07T12:31:24.000Z
1017765_20200708_171853,100604,40.449325,-124.509961,19.917,12.4,-8.6,-23.0,4.2,5.3,6.8,2020,7,8,17,18,53.96,0.0,17,58,0,0,0.011,-9.0,10,2020-07-08T17:18:53.960Z
1017765_20200710_125810,100605,40.44915,-124.510368,20.057,-22.1,-28.0,116.9,8.7,14.1,32.7,2020,7,10,12,58,10.94,0.0,40,23,0,0,0.01,-9.0,10,2020-07-10T12:58:10.940Z
1017765_20200730_003338,100606,40.449809,-124.509969,19.922,11.7,45.2,-18.3,7.4,9.3,13.6,2020,7,30,0,33,38.56,0.0,40,32,0,0,0.014,-9.0,10,2020-07-30T00:33:38.560Z
1017765_20200822_082836,100607,40.449556,-124.510189,19.975,-6.9,17.2,34.5,5.7,9.9,11.0,2020,8,22,8,28,36.02,0.0,0,56,0,0,0.008,-9.0,10,2020-08-22T08:28:36.020Z
1017765_20200823_101743,100608,40.449508,-124.510075,19.968,2.8,11.7,28.3,7.6,9.5,14.3,2020,8,23,10,17,43.62,0.0,31,31,0,0,0.009,-9.0,10,2020-08-23T10:17:43.620Z
1017765_20200905_221156,100609,40.449451,-124.509993,19.891,9.7,5.4,-49.2,4.4,4.4,7.4,2020,9,5,22,11,56.18,0.0,30,61,0,0,0.011,-9.0,10,2020-09-05T22:11:56.180Z
1017765_20201229_225733,100610,40.449186,-124.510197,19.977,-7.6,-23.9,37.0,5.1,9.7,9.0,2020,12,29,22,57,33.1,0.0,17,55,0,0,0.007,-9.0,10,2020-12-29T22:57:33.100Z
1017765,100868,40.449129,-124.509888,20.199,18.6,-30.3,258.6,9.7,10.5,23.0,2023,4,20,17,48,59.22,0.86,40,54,0,0,0.017,-9.0,10,2023-04-20T17:48:59.220Z
nc73822671_20200222_055218,100552,40.273763,-124.547127,3.833,6.9,-59.2,-16.6,3.9,16.5,5.9,2020,2,22,5,52,18.17,0.0,5,65,0,0,0.012,-9.0,11,2020-02-22T05:52:18.170Z
nc73822671_20200301_202524,100553,40.274504,-124.547257,3.836,-4.2,23.0,-14.0,8.7,13.7,14.1,2020,3,1,20,25,24.24,0.0,10,99,0,0,0.012,-9.0,11,2020-03-01T20:25:24.240Z
nc73822671_20200503_133818,100554,40.275338,-124.547095,3.84,9.7,115.7,-10.5,7.2,24.4,15.6,2020,5,3,13,38,18.4,0.0,5,62,0,0,0.016,-9.0,11,2020-05-03T13:38:18.400Z
nc73822671_20200504_190610,100555,40.274349,-124.547119,3.843,7.6,5.9,-7.1,6.6,14.6,11.9,2020,5,4,19,6,10.54,0.0,2,93,0,0,0.011,-9.0,11,2020-05-04T19:06:10.540Z
nc73822671_20200504_094244,100556,40.274219,-124.547119,3.851,7.6,-8.6,0.6,4.7,9.9,10.0,2020,5,4,9,42,44.38,0.0,6,93,0,0,0.011,-9.0,11,2020-05-04T09:42:44.380Z
nc73822671_20200504_081322,100557,40.274007,-124.547095,3.873,9.7,-32.1,23.4,3.7,7.5,8.2,2020,5,4,8,13,22.22,0.0,6,94,0,0,0.016,-9.0,11,2020-05-04T08:13:22.220Z
nc73822671_20200504_153302,100558,40.274471,-124.54729,3.82,-6.9,19.4,-29.5,3.7,8.1,5.7,2020,5,4,15,33,2.52,0.0,0,88,0,0,0.01,-9.0,11,2020-05-04T15:33:02.520Z
nc73822671_20200504_112552,100559,40.27441,-124.547266,3.867,-4.8,12.7,16.8,8.0,8.4,16.0,2020,5,4,11,25,52.8,0.0,0,77,0,0,0.014,-9.0,11,2020-05-04T11:25:52.800Z
nc73822671_20200504_083858,100560,40.274365,-124.547135,3.855,6.2,7.7,5.4,7.1,17.8,11.6,2020,5,4,8,38,58.94,0.0,0,86,0,0,0.013,-9.0,11,2020-05-04T08:38:58.940Z
nc73822671_20200504_094801,100561,40.274691,-124.547184,3.856,2.1,43.8,6.4,4.2,8.5,9.0,2020,5,4,9,48,1.2,0.0,0,89,0,0,0.011,-9.0,11,2020-05-04T09:48:01.200Z
nc73822671_20200504_082412,100562,40.274215,-124.54703,3.873,15.2,-9.0,22.7,5.4,7.5,10.7,2020,5,4,8,24,12.12,0.0,6,92,0,0,0.014,-9.0,11,2020-05-04T08:24:12.120Z
nc73822671_20200504_084701,100563,40.274955,-124.547225,3.852,-1.4,73.2,2.1,7.1,16.7,8.4,2020,5,4,8,47,1.72,0.0,0,64,0,0,0.01,-9.0,11,2020-05-04T08:47:01.720Z
nc73822671_20200505_025218,100564,40.274605,-124.547249,3.831,-3.5,34.3,-19.3,3.2,9.4,5.1,2020,5,5,2,52,18.88,0.0,0,90,0,0,0.011,-9.0,11,2020-05-05T02:52:18.880Z
nc73822671_20200505_121856,100565,40.275366,-124.547201,3.841,0.7,118.8,-8.8,5.4,11.5,9.0,2020,5,5,12,18,56.32,0.0,0,79,0,0,0.012,-9.0,11,2020-05-05T12:18:56.320Z
nc73822671_20200505_095510,100566,40.273893,-124.547184,3.85,2.1,-44.7,-0.2,4.4,11.9,7.9,2020,5,5,9,55,10.72,0.0,0,77,0,0,0.01,-9.0,11,2020-05-05T09:55:10.720Z
nc73822671_20200505_014819,100567,40.274731,-124.547119,3.869,7.6,48.3,18.9,6.1,11.2,11.5,2020,5,5,1,48,19.7,0.0,0,52,0,0,0.013,-9.0,11,2020-05-05T01:48:19.700Z
nc73822671_20200505_095347,100568,40.274589,-124.547257,3.842,-4.2,32.5,-7.7,5.3,6.8,9.1,2020,5,5,9,53,47.4,0.0,0,79,0,0,0.013,-9.0,11,2020-05-05T09:53:47.400Z
nc73822671,100854,40.273153,-124.54742,3.91,-18.0,-127.0,59.7,11.7,28.1,18.2,2022,12,21,19,45,27.08,1.81,8,85,0,0,0.016,-9.0,11,2022-12-21T19:45:27.080Z
nc73890435_20200127_033337,100423,40.373556,-124.587101,27.506,-8.3,-49.7,-4.3,4.7,8.3,7.5,2020,1,27,3,33,37.9,0.0,0,64,0,0,0.009,-9.0,12,2020-01-27T03:33:37.900Z
nc73890435_20200315_110854,100424,40.373987,-124.587166,27.507,-13.8,-1.8,-2.6,6.8,11.2,11.5,2020,3,15,11,8,54.48,0.0,0,75,0,0,0.009,-9.0,12,2020-03-15T11:08:54.480Z
nc73890435_20200315_104025,100425,40.374125,-124.587052,27.607,-4.1,13.6,97.3,5.6,5.7,15.5,2020,3,15,10,40,25.3,0.0,7,24,0,0,0.014,-9.0,12,2020-03-15T10:40:25.300Z
nc73890435_20200324_224056,100426,40.374569,-124.586776,27.506,19.4,62.8,-3.5,3.3,5.5,4.2,2020,3,24,22,40,56.94,0.0,0,47,0,0,0.01,-9.0,12,2020-03-24T22:40:56.940Z
nc73890435_20200329_195048,100427,40.374231,-124.587012,27.52,-0.7,25.3,10.2,4.6,6.5,7.7,2020,3,29,19,50,48.94,0.0,4,66,0,0,0.009,-9.0,12,2020-03-29T19:50:48.940Z
nc73890435_20200520_211040,100428,40.374255,-124.586898,27.55,9.0,28.0,40.4,5.2,5.1,11.3,2020,5,20,21,10,40.54,0.0,11,86,0,0,0.012,-9.0,12,2020-05-20T21:10:40.540Z
nc73890435_20200528_033049,100429,40.373531,-124.586792,27.683,18.0,-52.4,173.3,13.0,19.9,17.5,2020,5,28,3,30,49.2,0.0,0,36,0,0,0.019,-9.0,12,2020-05-28T03:30:49.200Z
nc73890435_20200611_035051,100430,40.374239,-124.587109,27.369,-9.0,26.2,-141.4,7.4,8.2,12.1,2020,6,11,3,50,51.18,0.0,6,55,0,0,0.013,-9.0,12,2020-06-11T03:50:51.180Z
nc73890435_20200714_072547,100431,40.374552,-124.586776,27.529,19.4,61.0,19.0,6.0,6.4,10.2,2020,7,14,7,25,47.8,0.0,11,67,0,0,0.013,-9.0,12,2020-07-14T07:25:47.800Z
nc73890435_20200910_020447,100432,40.373877,-124.58715,27.526,-12.4,-14.0,15.8,6.8,9.7,12.1,2020,9,10,2,4,47.04,0.0,18,49,0,0,0.01,-9.0,12,2020-09-10T02:04:47.040Z
nc73890435_20200912_104000,100433,40.374316,-124.586751,27.503,21.4,34.8,-7.2,3.1,6.4,8.5,2020,9,12,10,40,0.48,0.0,7,52,0,0,0.012,-9.0,12,2020-09-12T10:40:00.480Z
nc73890435_20200923_093147,100434,40.373873,-124.587069,27.452,-5.5,-14.5,-57.5,4.0,8.5,10.0,2020,9,23,9,31,47.32,0.0,19,66,0,0,0.013,-9.0,12,2020-09-23T09:31:47.320Z
nc73890435_20200929_095755,100435,40.374443,-124.58715,27.473,-12.4,48.8,-37.1,6.4,8.7,25.2,2020,9,29,9,57,55.96,0.0,6,45,0,0,0.013,-9.0,12,2020-09-29T09:57:55.960Z
nc73890435_20201123_062333,100436,40.37395,-124.586947,27.486,4.8,-5.9,-24.0,4.4,5.8,6.1,2020,11,23,6,23,33.76,0.0,7,45,0,0,0.011,-9.0,12,2020-11-23T06:23:33.760Z
nc73890435_20201208_164253,100437,40.374064,-124.587101,27.503,-8.3,6.8,-6.8,6.3,7.0,10.7,2020,12,8,16,42,53.28,0.0,12,79,0,0,0.012,-9.0,12,2020-12-08T16:42:53.280Z
nc73890435_20201210_194914,100438,40.373889,-124.587004,27.509,0.0,-12.7,-1.4,5.4,8.0,8.0,2020,12,10,19,49,14.26,0.0,26,106,0,0,0.009,-9.0,12,2020-12-10T19:49:14.260Z
nc73890435_20201222_143510,100439,40.374121,-124.586963,27.516,3.5,13.1,6.3,7.7,9.0,12.9,2020,12,22,14,35,10.32,0.0,14,71,0,0,0.013,-9.0,12,2020-12-22T14:35:10.320Z
nc73890435,100799,40.373189,-124.587028,27.506,-2.1,-90.4,-4.1,8.5,16.4,14.1,2023,5,27,0,55,22.18,2.59,20,95,0,0,0.02,-9.0,12,2023-05-27T00:55:22.180Z
nc73819961_20200201_185919,100290,40.418722,-124.635026,27.726,58.0,225.0,-63.6,10.9,22.6,23.6,2020,2,1,18,59,19.24,0.0,0,28,0,0,0.016,-9.0,13,2020-02-01T18:59:19.240Z
nc73819961_20200507_045323,100291,40.416764,-124.635946,27.786,-20.0,7.7,-3.9,7.0,14.9,10.7,2020,5,7,4,53,23.22,0.0,12,44,0,0,0.014,-9.0,13,2020-05-07T04:53:23.220Z
nc73819961_20200621_020047,100292,40.416032,-124.635783,27.818,-6.2,-73.6,27.6,5.8,5.9,10.4,2020,6,21,2,0,47.32,0.0,21,57,0,0,0.013,-9.0,13,2020-06-21T02:00:47.320Z
nc73819961_20200820_222304,100293,40.416134,-124.63584,27.806,-11.1,-62.4,16.2,7.0,10.0,13.3,2020,8,20,22,23,4.64,0.0,18,37,0,0,0.011,-9.0,13,2020-08-20T22:23:04.640Z
nc73819961_20200831_060601,100294,40.416675,-124.635498,27.736,18.0,-2.3,-53.5,11.8,17.9,19.1,2020,8,31,6,6,1.7,0.0,5,35,0,0,0.015,-9.0,13,2020-08-31T06:06:01.700Z
nc73819961_20200902_122308,100295,40.41676,-124.635848,27.829,-11.7,7.2,39.2,8.7,12.4,18.3,2020,9,2,12,23,8.68,0.0,13,21,0,0,0.013,-9.0,13,2020-09-02T12:23:08.680Z
nc73819961_20200921_175619,100296,40.417236,-124.635522,27.744,15.9,60.1,-45.7,9.2,16.7,20.6,2020,9,21,17,56,19.8,0.0,0,38,0,0,0.015,-9.0,13,2020-09-21T17:56:19.800Z
nc73819961_20201010_011951,100297,40.419141,-124.634969,27.653,62.9,271.6,-137.4,11.7,21.1,24.3,2020,10,10,1,19,51.23,0.0,0,35,0,0,0.019,-9.0,13,2020-10-10T01:19:51.230Z
nc73819961_20201011_194937,100298,40.41613,-124.63597,27.841,-22.1,-62.8,51.0,7.0,10.9,16.3,2020,10,11,19,49,37.26,0.0,6,36,0,0,0.013,-9.0,13,2020-10-11T19:49:37.260Z
nc73819961_20201108_000601,100299,40.4165,-124.635596,27.783,9.7,-21.7,-7.4,8.5,6.8,15.7,2020,11,8,0,6,1.96,0.0,6,50,0,0,0.013,-9.0,13,2020-11-08T00:06:01.960Z
nc73819961_20201114_071930,100300,40.416443,-124.635856,27.825,-12.4,-28.0,35.4,8.0,16.9,14.7,2020,11,14,7,19,30.28,0.0,10,37,0,0,0.017,-9.0,13,2020-11-14T07:19:30.280Z
nc73819961_20201114_082803,100301,40.416553,-124.635937,27.82,-19.3,-15.8,29.8,10.5,19.6,20.2,2020,11,14,8,28,3.66,0.0,7,41,0,0,0.015,-9.0,13,2020-11-14T08:28:03.660Z
nc73819961_20201226_200742,100302,40.416528,-124.63606,27.836,-29.7,-18.5,46.0,10.3,19.2,20.3,2020,12,26,20,7,42.4,0.0,0,39,0,0,0.013,-9.0,13,2020-12-26T20:07:42.400Z
nc73819961_20201229_220225,100303,40.416829,-124.635628,27.772,6.9,14.9,-18.3,5.8,7.6,10.7,2020,12,29,22,2,25.74,0.0,22,64,0,0,0.011,-9.0,13,2020-12-29T22:02:25.740Z
nc73819961,100766,40.416447,-124.635685,27.822,2.1,-27.6,32.0,6.4,14.0,15.2,2022,12,17,21,51,15.2,2.06,22,70,0,0,0.017,-9.0,13,2022-12-17T21:51:15.200Z
1014939_20200103_155751,100002,40.368136,-124.46049,17.846,-14.5,-41.1,16.1,7.9,14.4,9.3,2020,1,3,15,57,51.56,0.0,16,41,0,0,0.011,-9.0,14,2020-01-03T15:57:51.560Z
1014939_20200114_010931,100003,40.367859,-124.459977,17.832,29.0,-71.8,2.2,11.7,15.7,17.7,2020,1,14,1,9,31.35,0.0,2,23,0,0,0.014,-9.0,14,2020-01-14T01:09:31.350Z
1014939_20200216_023806,100004,40.368547,-124.460303,17.808,1.4,4.5,-22.0,11.4,14.4,13.7,2020,2,16,2,38,6.78,0.0,0,39,0,0,0.012,-9.0,14,2020-02-16T02:38:06.780Z
1014939_20200228_074709,100005,40.368343,-124.460376,17.835,-4.8,-18.1,5.5,10.1,16.3,6.8,2020,2,28,7,47,9.14,0.0,7,40,0,0,0.012,-9.0,14,2020-02-28T07:47:09.140Z
1014939_20200324_201018,100006,40.368636,-124.460164,17.842,13.1,14.5,12.2,12.6,10.9,12.3,2020,3,24,20,10,18.92,0.0,4,40,0,0,0.015,-9.0,14,2020-03-24T20:10:18.920Z
1014939_20200504_104142,100007,40.368469,-124.460213,17.831,9.0,-4.1,0.5,9.2,14.5,10.3,2020,5,4,10,41,42.84,0.0,12,53,0,0,0.013,-9.0,14,2020-05-04T10:41:42.840Z
1014939_20200513_051145,100008,40.368831,-124.460189,17.831,11.1,36.1,1.1,7.8,10.4,9.5,2020,5,13,5,11,45.54,0.0,0,49,0,0,0.011,-9.0,14,2020-05-13T05:11:45.540Z
1014939_20200609_104706,100009,40.368599,-124.460425,17.822,-9.0,10.4,-7.6,6.2,8.7,7.4,2020,6,9,10,47,6.14,0.0,10,35,0,0,0.009,-9.0,14,2020-06-09T10:47:06.140Z
1014939_20200613_070834,100010,40.368213,-124.46036,17.806,-3.5,-32.5,-24.2,10.1,15.7,10.2,2020,6,13,7,8,34.34,0.0,21,59,0,0,0.012,-9.0,14,2020-06-13T07:08:34.340Z
1014939_20200806_004400,100011,40.368616,-124.460221,17.835,8.3,12.2,5.2,8.1,8.9,8.5,2020,8,6,0,44,0.46,0.0,7,48,0,0,0.01,-9.0,14,2020-08-06T00:44:00.460Z
1014939_20200820_184055,100012,40.368494,-124.4604,17.813,-6.9,-1.4,-16.9,8.4,10.8,13.9,2020,8,20,18,40,55.16,0.0,11,45,0,0,0.013,-9.0,14,2020-08-20T18:40:55.160Z
1014939_20200912_215444,100013,40.368762,-124.460286,17.839,2.8,28.5,9.5,7.3,12.9,8.2,2020,9,12,21,54,44.74,0.0,3,56,0,0,0.011,-9.0,14,2020-09-12T21:54:44.740Z
1014939_20200912_213716,100014,40.368856,-124.460181,17.82,11.8,38.9,-10.0,7.7,11.7,7.2,2020,9,12,21,37,16.08,0.0,3,56,0,0,0.016,-9.0,14,2020-09-12T21:37:16.080Z
1014939_20201129_172414,100015,40.368754,-124.460286,17.828,2.8,27.6,-2.0,7.3,11.3,6.9,2020,11,29,17,24,14.04,0.0,20,60,0,0,0.011,-9.0,14,2020-11-29T17:24:14.040Z
1014939,100732,40.368237,-124.460392,17.853,-6.2,-29.8,23.5,9.1,12.7,10.6,2023,1,26,21,33,28.92,1.26,24,66,0,0,0.01,-9.0,14,2023-01-26T21:33:28.920Z
1017375_20200327_133419,100655,40.446643,-124.513029,19.566,5.5,-7.2,-24.4,5.3,7.8,9.6,2020,3,27,13,34,19.02,0.0,16,23,0,0,0.01,-9.0,15,2020-03-27T13:34:19.020Z
1017375_20200328_101216,100656,40.44683,-124.51298,19.574,9.7,13.6,-15.8,7.2,9.6,10.3,2020,3,28,10,12,16.96,0.0,12,26,0,0,0.009,-9.0,15,2020-03-28T10:12:16.960Z
1017375_20200410_013550,100657,40.446944,-124.512785,19.588,26.2,26.2,-1.6,8.0,11.4,14.2,2020,4,10,1,35,50.98,0.0,12,20,0,0,0.01,-9.0,15,2020-04-10T01:35:50.980Z
1017375_20200623_032924,100658,40.44672,-124.5132,19.6,-9.0,1.4,10.1,4.0,4.6,5.9,2020,6,23,3,29,24.02,0.0,20,42,0,0,0.01,-9.0,15,2020-06-23T03:29:24.020Z
1017375_20200711_165831,100659,40.44681,-124.512964,19.573,11.0,11.3,-16.5,8.2,9.8,14.5,2020,7,11,16,58,31.4,0.0,12,27,0,0,0.014,-9.0,15,2020-07-11T16:58:31.400Z
1017375_20200726_231553,100660,40.446643,-124.512988,19.559,9.0,-7.2,-31.3,7.5,10.6,15.2,2020,7,26,23,15,53.28,0.0,16,29,0,0,0.011,-9.0,15,2020-07-26T23:15:53.280Z
1017375_20200926_204336,100661,40.44681,-124.512996,19.595,8.3,11.3,5.1,6.1,7.9,9.3,2020,9,26,20,43,36.18,0.0,16,41,0,0,0.01,-9.0,15,2020-09-26T20:43:36.180Z
1017375_20201026_042333,100662,40.446696,-124.5132,19.601,-9.0,-1.4,11.1,4.7,5.6,6.3,2020,10,26,4,23,33.54,0.0,16,27,0,0,0.01,-9.0,15,2020-10-26T04:23:33.540Z
1017375_20201215_140012,100663,40.446883,-124.513094,19.612,0.0,19.4,22.1,5.1,5.8,7.1,2020,12,15,14,0,12.38,0.0,17,35,0,0,0.011,-9.0,15,2020-12-15T14:00:12.380Z
1017375_20201216_232301,100664,40.446692,-124.513167,19.594,-6.2,-1.8,3.8,4.6,6.1,7.9,2020,12,16,23,23,1.62,0.0,16,34,0,0,0.011,-9.0,15,2020-12-16T23:23:01.620Z
1017375_20201217_222347,100665,40.446826,-124.512882,19.596,18.0,13.1,6.4,8.1,10.2,9.6,2020,12,17,22,23,47.82,0.0,12,27,0,0,0.011,-9.0,15,2020-12-17T22:23:47.820Z
1017375_20201222_193124,100666,40.446273,-124.513623,19.584,-44.9,-48.3,-6.0,9.8,10.6,12.5,2020,12,22,19,31,24.84,0.0,12,35,0,0,0.016,-9.0,15,2020-12-22T19:31:24.840Z
1017375,100928,40.446606,-124.513175,19.607,-6.9,-11.3,16.6,6.1,7.5,8.8,2023,4,8,11,17,36.02,1.06,21,44,0,0,0.008,-9.0,15,2023-04-08T11:17:36.020Z
1016016_20200111_013154,100270,40.286894,-124.466691,20.046,-8.3,20.8,-4.5,8.4,26.1,13.4,2020,1,11,1,31,54.42,0.0,10,30,0,0,0.016,-9.0,16,2020-01-11T01:31:54.420Z
1016016_20200111_214932,100271,40.286296,-124.466642,20.081,-4.2,-45.6,30.8,4.6,22.5,10.3,2020,1,11,21,49,32.26,0.0,10,31,0,0,0.016,-9.0,16,2020-01-11T21:49:32.260Z
1016016_20200320_002638,100272,40.286129,-124.466504,20.038,7.6,-64.2,-12.4,11.0,20.5,17.3,2020,3,20,0,26,38.04,0.0,23,30,0,0,0.02,-9.0,16,2020-03-20T00:26:38.040Z
1016016_20200428_162010,100273,40.286617,-124.466536,19.966,4.8,-9.9,-83.6,12.6,30.9,17.8,2020,4,28,16,20,10.34,0.0,15,30,0,0,0.013,-9.0,16,2020-04-28T16:20:10.340Z
1016016_20200717_214407,100274,40.287097,-124.466528,20.053,5.5,43.4,3.2,8.7,13.7,11.6,2020,7,17,21,44,7.8,0.0,10,35,0,0,0.015,-9.0,16,2020-07-17T21:44:07.800Z
1016016_20200811_021834,100275,40.2868,-124.466496,20.042,8.3,10.4,-8.1,6.7,23.3,18.8,2020,8,11,2,18,34.02,0.0,20,39,0,0,0.015,-9.0,16,2020-08-11T02:18:34.020Z
1016016_20200903_211012,100276,40.286711,-124.466667,20.067,-6.2,0.5,17.2,8.4,10.5,17.2,2020,9,3,21,10,12.92,0.0,24,50,0,0,0.012,-9.0,16,2020-09-03T21:10:12.920Z
1016016_20200930_181805,100277,40.28691,-124.466642,20.038,-4.2,22.6,-12.3,5.5,8.7,13.1,2020,9,30,18,18,5.76,0.0,32,53,0,0,0.013,-9.0,16,2020-09-30T18:18:05.760Z
1016016_20201013_143343,100278,40.286637,-124.466667,20.057,-6.2,-7.7,7.1,7.5,11.3,10.8,2020,10,13,14,33,43.2,0.0,17,43,0,0,0.011,-9.0,16,2020-10-13T14:33:43.200Z
1016016_20201106_193254,100279,40.286882,-124.466699,20.076,-9.0,19.4,25.7,7.6,19.2,12.5,2020,11,6,19,32,54.2,0.0,15,34,0,0,0.014,-9.0,16,2020-11-06T19:32:54.200Z
1016016_20201206_015357,100280,40.286511,-124.466602,20.062,-0.7,-21.7,11.9,7.7,14.5,15.8,2020,12,6,1,53,57.04,0.0,10,38,0,0,0.01,-9.0,16,2020-12-06T01:53:57.040Z
1016016,100761,40.287008,-124.466528,20.097,5.5,33.4,46.9,8.5,17.3,15.8,2023,2,20,13,18,3.96,1.48,30,57,0,0,0.02,-9.0,16,2023-02-20T13:18:03.960Z
1015893_20200625_123913,100582,40.507829,-124.33361,18.549,-9.0,14.5,9.2,10.1,10.8,13.8,2020,6,25,12,39,13.84,0.0,21,9,0,0,0.008,-9.0,17,2020-06-25T12:39:13.840Z
1015893_20200626_135155,100583,40.507886,-124.333618,18.549,-9.7,20.8,9.0,10.0,11.2,13.9,2020,6,26,13,51,55.76,0.0,24,9,0,0,0.01,-9.0,17,2020-06-26T13:51:55.760Z
1015893_20200627_090818,100584,40.507609,-124.333545,18.543,-3.4,-9.9,3.2,9.0,10.0,10.9,2020,6,27,9,8,18.86,0.0,27,9,0,0,0.013,-9.0,17,2020-06-27T09:08:18.860Z
1015893_20200715_154931,100585,40.507833,-124.333618,18.54,-9.7,14.9,0.1,10.8,6.5,10.7,2020,7,15,15,49,31.76,0.0,25,11,0,0,0.012,-9.0,17,2020-07-15T15:49:31.760Z
1015893_20200715_025513,100586,40.507808,-124.333634,18.549,-11.0,12.2,9.3,7.2,7.7,7.8,2020,7,15,2,55,13.78,0.0,26,9,0,0,0.011,-9.0,17,2020-07-15T02:55:13.780Z
1015893_20200715_050039,100587,40.507707,-124.333732,18.549,-19.3,0.9,9.0,10.5,14.1,12.8,2020,7,15,5,0,39.94,0.0,18,11,0,0,0.012,-9.0,17,2020-07-15T05:00:39.940Z
1015893_20200715_194035,100588,40.507784,-124.3337,18.55,-16.6,9.5,10.2,12.1,12.7,15.1,2020,7,15,19,40,35.32,0.0,24,9,0,0,0.011,-9.0,17,2020-07-15T19:40:35.320Z
1015893_20200716_160018,100589,40.50789,-124.333407,18.539,8.3,21.2,-0.7,12.5,11.7,12.1,2020,7,16,16,0,18.62,0.0,24,9,0,0,0.015,-9.0,17,2020-07-16T16:00:18.620Z
1015893_20200716_122609,100590,40.507389,-124.333431,18.571,6.2,-34.3,31.0,12.2,10.6,14.0,2020,7,16,12,26,9.68,0.0,15,11,0,0,0.013,-9.0,17,2020-07-16T12:26:09.680Z
1015893_20201120_171256,100591,40.506799,-124.333154,18.526,29.7,-99.9,-13.5,21.9,18.7,31.9,2020,11,20,17,12,56.04,0.0,20,0,0,0,0.025,-9.0,17,2020-11-20T17:12:56.040Z
1015893,100866,40.508024,-124.333211,18.504,24.8,36.1,-36.3,16.8,16.5,16.9,2023,2,17,12,38,36.27,0.88,28,9,0,0,0.012,-9.0,17,2023-02-17T12:38:36.270Z
1018733_20200123_024622,100391,40.276461,-124.510229,20.126,-2.1,17.6,25.9,5.4,9.4,7.9,2020,1,23,2,46,22.32,0.0,20,54,0,0,0.011,-9.0,18,2020-01-23T02:46:22.320Z
1018733_20200124_125818,100392,40.27631,-124.510164,20.118,3.5,0.9,18.2,5.6,6.2,7.7,2020,1,24,12,58,18.42,0.0,32,54,0,0,0.011,-9.0,18,2020-01-24T12:58:18.420Z
1018733_20200315_005554,100393,40.276054,-124.510156,20.095,4.2,-27.6,-5.2,2.9,5.3,5.5,2020,3,15,0,55,54.18,0.0,29,59,0,0,0.01,-9.0,18,2020-03-15T00:55:54.180Z
1018733_20200319_130223,100394,40.276457,-124.510409,20.12,-17.3,17.2,19.8,9.1,25.0,10.8,2020,3,19,13,2,23.12,0.0,0,23,0,0,0.009,-9.0,18,2020-03-19T13:02:23.120Z
1018733_20200404_125514,100395,40.276233,-124.510189,20.101,1.4,-7.7,1.1,7.0,5.5,8.7,2020,4,4,12,55,14.96,0.0,29,53,0,0,0.009,-9.0,18,2020-04-04T12:55:14.960Z
1018733_20200809_032401,100396,40.276424,-124.510124,20.369,6.9,13.6,269.0,10.2,17.5,35.3,2020,8,9,3,24,1.34,0.0,0,18,0,0,0.012,-9.0,18,2020-08-09T03:24:01.340Z
1018733_20200809_000042,100397,40.275602,-124.510148,19.949,4.8,-77.7,-150.7,9.5,20.8,19.6,2020,8,9,0,0,42.0,0.0,0,23,0,0,0.013,-9.0,18,2020-08-09T00:00:42.000Z
1018733_20200906_191519,100398,40.276794,-124.509855,20.145,29.8,54.7,45.2,12.2,16.7,28.8,2020,9,6,19,15,19.4,0.0,5,16,0,0,0.012,-9.0,18,2020-09-06T19:15:19.400Z
1018733_20201120_230537,100399,40.276444,-124.510311,20.064,-9.0,15.8,-36.5,8.6,25.3,11.8,2020,11,20,23,5,37.0,0.0,6,15,0,0,0.008,-9.0,18,2020-11-20T23:05:37.000Z
1018733_20201208_195059,100400,40.276213,-124.510164,20.07,3.5,-9.9,-30.1,5.8,7.6,9.3,2020,12,8,19,50,59.44,0.0,35,53,0,0,0.012,-9.0,18,2020-12-08T19:50:59.440Z
1018733,100788,40.276489,-124.510327,20.083,-10.4,20.8,-17.4,6.5,6.0,8.4,2023,5,22,8,39,15.92,1.61,34,62,0,0,0.01,-9.0,18,2023-05-22T08:39:15.920Z
1018391_20200118_124015,100373,40.315645,-124.623983,17.574,-6.9,27.6,94.2,9.1,26.4,30.0,2020,1,18,12,40,15.64,0.0,5,27,0,0,0.021,-9.0,19,2020-01-18T12:40:15.640Z
1018391_20200123_013552,100374,40.314958,-124.623413,17.596,41.5,-48.8,115.8,23.0,38.5,34.8,2020,1,23,1,35,52.65,0.0,13,15,0,0,0.031,-9.0,19,2020-01-23T01:35:52.650Z
1018391_20200212_160741,100375,40.315287,-124.62404,17.501,-11.8,-12.2,20.5,10.3,19.5,28.2,2020,2,12,16,7,41.0,0.0,0,28,0,0,0.013,-9.0,19,2020-02-12T16:07:41.000Z
1018391_20200309_210910,100376,40.316382,-124.623429,17.212,40.1,109.3,-267.7,20.8,42.7,36.6,2020,3,9,21,9,10.28,0.0,0,17,0,0,0.033,-9.0,19,2020-03-09T21:09:10.280Z
1018391_20200323_100801,100377,40.315466,-124.623796,17.488,9.0,7.7,8.0,12.2,21.0,23.3,2020,3,23,10,8,1.32,0.0,12,30,0,0,0.021,-9.0,19,2020-03-23T10:08:01.320Z
1018391_20200404_215054,100378,40.315153,-124.623779,17.46,10.4,-27.1,-20.3,10.0,40.2,32.1,2020,4,4,21,50,54.68,0.0,5,26,0,0,0.021,-9.0,19,2020-04-04T21:50:54.680Z
1018391_20200406_175848,100379,40.316378,-124.624015,17.456,-9.7,108.9,-24.1,10.1,32.8,30.3,2020,4,6,17,58,48.74,0.0,4,28,0,0,0.017,-9.0,19,2020-04-06T17:58:48.740Z
1018391_20200620_143212,100380,40.316174,-124.62382,17.524,6.9,86.3,44.0,14.7,37.0,32.5,2020,6,20,14,32,12.46,0.0,10,31,0,0,0.018,-9.0,19,2020-06-20T14:32:12.460Z
1018391_20200823_133249,100381,40.316069,-124.623787,17.471,9.7,74.6,-9.2,9.8,25.1,24.8,2020,8,23,13,32,49.62,0.0,11,27,0,0,0.025,-9.0,19,2020-08-23T13:32:49.620Z
1018391_20201029_190243,100382,40.315686,-124.623893,17.424,0.7,32.1,-55.6,20.4,20.4,46.1,2020,10,29,19,2,43.0,0.0,4,18,0,0,0.012,-9.0,19,2020-10-29T19:02:43.000Z
1018391,100778,40.313802,-124.624455,17.408,-47.0,-177.1,-72.2,23.6,34.2,36.7,2023,5,10,10,0,53.0,1.31,12,39,0,0,0.042,-9.0,19,2023-05-10T10:00:53.000Z
1016407_20200318_221412,100619,40.380851,-124.528499,27.738,1.4,5.9,-1.8,8.2,10.8,13.9,2020,3,18,22,14,12.44,0.0,0,23,0,0,0.013,-9.0,20,2020-03-18T22:14:12.440Z
1016407_20200318_224006,100620,40.380949,-124.528507,27.739,0.7,16.7,-0.6,10.8,17.0,15.1,2020,3,18,22,40,6.88,0.0,2,22,0,0,0.015,-9.0,20,2020-03-18T22:40:06.880Z
1016407_20200516_230735,100621,40.380485,-124.52876,27.743,-20.7,-34.8,3.0,9.4,20.7,14.2,2020,5,16,23,7,35.12,0.0,5,22,0,0,0.011,-9.0,20,2020-05-16T23:07:35.120Z
1016407_20200702_040642,100622,40.380782,-124.528564,27.742,-4.1,-1.8,2.1,9.4,17.4,13.0,2020,7,2,4,6,42.66,0.0,6,26,0,0,0.02,-9.0,20,2020-07-02T04:06:42.660Z
1016407_20200720_235426,100623,40.380957,-124.528499,27.747,1.4,17.6,7.3,8.3,19.3,14.0,2020,7,20,23,54,26.14,0.0,17,22,0,0,0.016,-9.0,20,2020-07-20T23:54:26.140Z
1016407_20200804_093527,100624,40.380819,-124.528507,27.743,0.7,2.3,3.0,4.8,7.1,7.4,2020,8,4,9,35,27.1,0.0,14,20,0,0,0.011,-9.0,20,2020-08-04T09:35:27.100Z
1016407_20200822_010017,100625,40.380383,-124.528556,27.726,-3.5,-46.1,-13.6,9.3,14.9,17.7,2020,8,22,1,0,17.68,0.0,11,22,0,0,0.019,-9.0,20,2020-08-22T01:00:17.680Z
1016407_20201221_005626,100626,40.380656,-124.528459,27.731,4.8,-15.8,-8.9,5.4,13.6,10.1,2020,12,21,0,56,26.38,0.0,17,30,0,0,0.012,-9.0,20,2020-12-21T00:56:26.380Z
1016407_20201226_184937,100627,40.380615,-124.528564,27.737,-4.1,-20.3,-3.0,7.8,13.5,11.8,2020,12,26,18,49,37.2,0.0,5,18,0,0,0.019,-9.0,20,2020-12-26T18:49:37.200Z
1016407,100881,40.381283,-124.528288,27.75,19.3,53.8,10.3,10.1,14.2,15.5,2023,3,4,21,15,32.5,1.55,15,31,0,0,0.025,-9.0,20,2023-03-04T21:15:32.500Z
1013423_20200129_081218,100441,40.314941,-124.598739,17.773,6.2,-28.9,-36.5,10.4,24.6,20.4,2020,1,29,8,12,18.9,0.0,7,19,0,0,0.012,-9.0,21,2020-01-29T08:12:18.900Z
1013423_20200314_212633,100442,40.315035,-124.598706,17.809,9.0,-18.5,-0.5,5.1,15.9,11.1,2020,3,14,21,26,33.7,0.0,20,26,0,0,0.016,-9.0,21,2020-03-14T21:26:33.700Z
1013423_20200526_111744,100443,40.315035,-124.598942,17.897,-11.1,-18.5,87.3,8.9,15.8,17.6,2020,5,26,11,17,44.72,0.0,23,18,0,0,0.013,-9.0,21,2020-05-26T11:17:44.720Z
1013423_20200601_130356,100444,40.315523,-124.598804,17.808,0.7,35.7,-1.5,5.1,15.1,11.3,2020,6,1,13,3,56.5,0.0,23,24,0,0,0.016,-9.0,21,2020-06-01T13:03:56.500Z
1013423_20200609_024707,100445,40.315283,-124.598861,17.847,-4.2,9.0,36.7,11.5,22.2,13.0,2020,6,9,2,47,7.88,0.0,20,15,0,0,0.013,-9.0,21,2020-06-09T02:47:07.880Z
1013423_20200705_014916,100446,40.315104,-124.598608,17.721,17.3,-10.8,-89.0,6.2,23.0,21.8,2020,7,5,1,49,16.78,0.0,12,15,0,0,0.012,-9.0,21,2020-07-05T01:49:16.780Z
1013423_20200907_010536,100447,40.315531,-124.598763,17.814,4.2,36.6,3.7,6.3,5.7,10.7,2020,9,7,1,5,36.74,0.0,20,23,0,0,0.013,-9.0,21,2020-09-07T01:05:36.740Z
1013423_20201016_152553,100448,40.315324,-124.598722,17.798,7.6,13.6,-12.0,9.6,15.7,12.0,2020,10,16,15,25,53.42,0.0,17,20,0,0,0.017,-9.0,21,2020-10-16T15:25:53.420Z
1013423,100803,40.314775,-124.598991,17.773,-15.2,-47.4,-37.4,6.3,20.9,19.0,2022,12,31,1,9,23.44,1.24,20,24,0,0,0.026,-9.0,21,2022-12-31T01:09:23.440Z
nc73863320_20200125_142047,100410,40.291695,-124.38938,21.357,11.1,-0.5,-13.1,11.0,10.3,12.5,2020,1,25,14,20,47.82,0.0,0,22,0,0,0.01,-9.0,22,2020-01-25T14:20:47.820Z
nc73863320_20200125_142223,100411,40.291618,-124.38938,21.358,11.1,-9.0,-11.9,13.4,10.6,10.6,2020,1,25,14,22,23.94,0.0,0,22,0,0,0.01,-9.0,22,2020-01-25T14:22:23.940Z
nc73863320_20200313_134440,100412,40.291691,-124.389242,21.33,22.8,-0.9,-40.5,6.4,7.7,10.5,2020,3,13,13,44,40.32,0.0,0,15,0,0,0.008,-9.0,22,2020-03-13T13:44:40.320Z
nc73863320_20200523_161905,100413,40.292957,-124.389404,21.357,9.0,139.6,-12.5,12.9,28.7,10.8,2020,5,23,16,19,5.4,0.0,1,12,0,0,0.018,-9.0,22,2020-05-23T16:19:05.400Z
nc73863320_20200524_120713,100414,40.293787,-124.38938,21.356,11.1,231.8,-13.8,18.8,39.0,14.7,2020,5,24,12,7,13.14,0.0,0,10,0,0,0.021,-9.0,22,2020-05-24T12:07:13.140Z
nc73863320_20200605_120020,100415,40.291467,-124.389535,21.375,-2.1,-25.8,4.9,12.1,22.9,12.3,2020,6,5,12,0,20.42,0.0,0,11,0,0,0.016,-9.0,22,2020-06-05T12:00:20.420Z
nc73863320_20201225_115538,100416,40.291687,-124.389364,21.357,12.5,-1.4,-13.2,12.1,10.8,12.9,2020,12,25,11,55,38.02,0.0,0,22,0,0,0.011,-9.0,22,2020-12-25T11:55:38.020Z
nc73863320_20201225_142557,100417,40.291659,-124.389274,21.348,20.1,-4.5,-21.8,11.7,7.8,9.9,2020,12,25,14,25,57.04,0.0,0,22,0,0,0.011,-9.0,22,2020-12-25T14:25:57.040Z
nc73863320,100795,40.291813,-124.390169,21.406,-56.0,12.7,35.6,17.4,13.0,15.7,2023,3,28,2,26,28.48,2.85,1,30,0,0,0.018,-9.0,22,2023-03-28T02:26:28.480Z
nc73843826_20200109_002518,100227,40.295646,-124.566707,16.944,6.9,71.8,-45.8,7.6,18.4,20.0,2020,1,9,0,25,18.34,0.0,4,17,0,0,0.015,-9.0,23,2020-01-09T00:25:18.340Z
nc73843826_20200109_054055,100228,40.294149,-124.566691,16.973,8.3,-94.4,-16.8,6.3,16.3,12.9,2020,1,9,5,40,55.02,0.0,0,19,0,0,0.008,-9.0,23,2020-01-09T05:40:55.020Z
nc73843826_20200110_161954,100229,40.296537,-124.566569,17.029,18.7,170.8,39.4,7.3,11.6,15.8,2020,1,10,16,19,54.39,0.0,5,21,0,0,0.014,-9.0,23,2020-01-10T16:19:54.390Z
nc73843826_20200511_051803,100230,40.295011,-124.566772,17.013,1.4,1.4,23.2,5.7,11.2,12.8,2020,5,11,5,18,3.18,0.0,6,26,0,0,0.018,-9.0,23,2020-05-11T05:18:03.180Z
nc73843826_20200626_124146,100231,40.295117,-124.566829,16.997,-3.5,13.1,7.3,3.1,4.9,11.4,2020,6,26,12,41,46.88,0.0,3,24,0,0,0.013,-9.0,23,2020-06-26T12:41:46.880Z
nc73843826_20200915_232304,100232,40.29491,-124.566854,16.992,-5.5,-9.9,2.0,3.8,6.7,7.2,2020,9,15,23,23,4.26,0.0,17,42,0,0,0.009,-9.0,23,2020-09-15T23:23:04.260Z
nc73843826_20200926_134523,100233,40.295239,-124.566756,16.968,2.8,26.7,-21.8,4.4,12.5,15.6,2020,9,26,13,45,23.38,0.0,6,25,0,0,0.016,-9.0,23,2020-09-26T13:45:23.380Z
nc73843826_20201007_235711,100234,40.294759,-124.566756,16.956,2.8,-26.7,-33.8,3.5,10.6,10.2,2020,10,7,23,57,11.98,0.0,3,18,0,0,0.014,-9.0,23,2020-10-07T23:57:11.980Z
nc73843826,100756,40.294486,-124.56696,16.98,-14.5,-56.9,-9.7,6.6,12.4,11.9,2023,2,9,8,8,42.8,2.99,14,42,0,0,0.02,-9.0,23,2023-02-09T08:08:42.800Z
1016701_20200103_020956,100019,40.497119,-124.210701,22.4,0.7,1.8,0.5,19.2,4.4,6.4,2020,1,3,2,9,56.02,0.0,0,24,0,0,0.01,-9.0,24,2020-01-03T02:09:56.020Z
1016701_20200307_214821,100020,40.497123,-124.210547,22.396,13.8,2.3,-4.2,5.3,6.1,9.1,2020,3,7,21,48,21.66,0.0,0,23,0,0,0.009,-9.0,24,2020-03-07T21:48:21.660Z
1016701_20200314_211105,100021,40.497062,-124.21228,22.451,-133.1,-4.5,50.5,29.6,8.7,12.3,2020,3,14,21,11,5.28,0.0,0,19,0,0,0.014,-9.0,24,2020-03-14T21:11:05.280Z
1016701_20200407_033554,100022,40.496965,-124.209676,22.338,87.6,-15.4,-62.2,13.5,9.4,10.6,2020,4,7,3,35,54.61,0.0,0,18,0,0,0.011,-9.0,24,2020-04-07T03:35:54.610Z
1016701_20200915_230533,100023,40.497213,-124.210881,22.423,-14.5,12.2,22.7,7.0,5.3,8.0,2020,9,15,23,5,33.14,0.0,0,26,0,0,0.013,-9.0,24,2020-09-15T23:05:33.140Z
1016701_20201004_234622,100024,40.497083,-124.210913,22.405,-17.2,-2.3,4.9,15.5,7.4,11.6,2020,10,4,23,46,22.94,0.0,0,26,0,0,0.012,-9.0,24,2020-10-04T23:46:22.940Z
1016701_20201116_184724,100025,40.497095,-124.210596,22.394,9.7,-0.9,-6.3,8.7,4.0,7.3,2020,11,16,18,47,24.72,0.0,0,26,0,0,0.009,-9.0,24,2020-11-16T18:47:24.720Z
1016701_20201120_183154,100026,40.497058,-124.211051,22.404,-29.0,-5.0,3.7,11.0,4.9,5.3,2020,11,20,18,31,54.04,0.0,0,25,0,0,0.012,-9.0,24,2020-11-20T18:31:54.040Z
1016701,100735,40.497152,-124.209334,22.384,116.6,5.4,-16.2,9.1,4.1,9.0,2023,3,16,13,57,14.25,1.04,0,23,0,0,0.009,-9.0,24,2023-03-16T13:57:14.250Z
nc73816421_20200316_030042,100635,40.302511,-124.441732,13.863,4.8,-21.2,-16.7,5.5,14.8,7.4,2020,3,16,3,0,42.64,0.0,6,16,0,0,0.009,-9.0,25,2020-03-16T03:00:42.640Z
nc73816421_20200729_154620,100636,40.302523,-124.44174,13.882,4.2,-19.9,1.8,5.2,13.6,7.8,2020,7,29,15,46,20.3,0.0,0,24,0,0,0.012,-9.0,25,2020-07-29T15:46:20.300Z
nc73816421_20200816_184627,100637,40.302885,-124.441764,13.881,2.1,20.3,1.1,4.3,9.5,7.6,2020,8,16,18,46,27.88,0.0,8,28,0,0,0.013,-9.0,25,2020-08-16T18:46:27.880Z
nc73816421_20200904_024239,100638,40.302478,-124.441838,13.876,-4.2,-24.9,-4.2,5.6,13.0,8.7,2020,9,4,2,42,39.16,0.0,8,29,0,0,0.01,-9.0,25,2020-09-04T02:42:39.160Z
nc73816421_20200915_104837,100639,40.30282,-124.441838,13.922,-4.2,13.1,42.3,6.9,10.8,8.7,2020,9,15,10,48,37.96,0.0,5,22,0,0,0.012,-9.0,25,2020-09-15T10:48:37.960Z
nc73816421_20200916_072208,100640,40.302702,-124.441829,13.874,-3.5,0.0,-5.7,8.5,15.4,12.0,2020,9,16,7,22,8.18,0.0,4,21,0,0,0.012,-9.0,25,2020-09-16T07:22:08.180Z
nc73816421_20201209_043315,100641,40.302698,-124.44187,13.863,-6.9,-0.5,-16.7,5.3,15.9,13.8,2020,12,9,4,33,15.14,0.0,5,19,0,0,0.01,-9.0,25,2020-12-09T04:33:15.140Z
nc73816421,100893,40.302885,-124.441805,13.884,-1.4,20.3,4.1,5.8,13.0,7.7,2022,12,9,5,6,23.27,2.34,8,29,0,0,0.011,-9.0,25,2022-12-09T05:06:23.270Z
1015736_20200229_121759,100359,40.35671,-124.452718,27.959,7.6,34.3,-0.8,12.7,21.7,12.5,2020,2,29,12,17,59.18,0.0,9,10,0,0,0.022,-9.0,26,2020-02-29T12:17:59.180Z
1015736_20200319_025121,100360,40.356519,-124.45271,27.944,8.3,13.1,-16.0,10.4,13.6,10.4,2020,3,19,2,51,21.32,0.0,12,24,0,0,0.015,-9.0,26,2020-03-19T02:51:21.320Z
1015736_20200319_010652,100361,40.356616,-124.452759,27.95,4.1,23.9,-10.5,5.5,20.8,12.0,2020,3,19,1,6,52.92,0.0,10,17,0,0,0.011,-9.0,26,2020-03-19T01:06:52.920Z
1015736_20200319_100301,100362,40.356059,-124.452799,27.954,0.7,-38.0,-5.9,4.9,16.9,5.0,2020,3,19,10,3,1.86,0.0,6,18,0,0,0.017,-9.0,26,2020-03-19T10:03:01.860Z
1015736_20200319_000736,100363,40.356356,-124.452767,27.954,3.5,-5.0,-6.1,6.8,10.4,6.6,2020,3,19,0,7,36.38,0.0,0,19,0,0,0.012,-9.0,26,2020-03-19T00:07:36.380Z
1015736_20200320_062204,100364,40.356087,-124.452726,27.949,6.9,-34.8,-11.3,9.9,19.9,9.8,2020,3,20,6,22,4.3,0.0,10,14,0,0,0.012,-9.0,26,2020-03-20T06:22:04.300Z
1015736_20200322_204812,100365,40.356498,-124.452881,27.965,-6.2,10.8,5.1,7.0,12.2,7.6,2020,3,22,20,48,12.08,0.0,6,16,0,0,0.008,-9.0,26,2020-03-22T20:48:12.080Z
1015736,100774,40.356222,-124.453003,27.996,-16.6,-19.9,35.7,11.8,15.4,16.0,2023,2,13,12,0,43.36,1.05,11,22,0,0,0.023,-9.0,26,2023-02-13T12:00:43.360Z
1014366_20200711_171952,100673,40.491052,-124.207048,20.732,-12.4,-5.4,2.4,21.2,12.9,16.9,2020,7,11,17,19,52.6,0.0,0,18,0,0,0.019,-9.0,27,2020-07-11T17:19:52.600Z
1014366_20200812_112824,100674,40.491081,-124.206828,20.719,6.2,-2.3,-10.6,22.8,10.4,17.2,2020,8,12,11,28,24.94,0.0,3,18,0,0,0.016,-9.0,27,2020-08-12T11:28:24.940Z
1014366_20200812_112332,100675,40.49106,-124.206844,20.726,4.8,-4.5,-3.8,14.7,11.4,9.7,2020,8,12,11,23,32.82,0.0,0,18,0,0,0.016,-9.0,27,2020-08-12T11:23:32.820Z
1014366_20200816_232148,100676,40.491097,-124.206274,20.738,53.1,-0.5,8.3,38.3,9.2,15.0,2020,8,16,23,21,48.48,0.0,1,6,0,0,0.027,-9.0,27,2020-08-16T23:21:48.480Z
1014366_20201004_093729,100677,40.490906,-124.206942,20.731,-3.4,-21.7,1.0,22.9,27.7,19.8,2020,10,4,9,37,29.72,0.0,0,11,0,0,0.017,-9.0,27,2020-10-04T09:37:29.720Z
1014366_20201008_044656,100678,40.491048,-124.206917,20.727,-1.4,-5.9,-2.9,15.3,11.5,11.2,2020,10,8,4,46,56.68,0.0,2,14,0,0,0.011,-9.0,27,2020-10-08T04:46:56.680Z
1014366,100941,40.491252,-124.20686,20.74,3.4,16.7,9.8,16.0,15.2,13.7,2023,1,15,11,51,19.2,1.5,4,21,0,0,0.024,-9.0,27,2023-01-15T11:51:19.200Z
nc73844826_20200216_094705,100541,40.49696,-124.330583,17.848,18.6,18.1,-1.5,7.9,8.2,10.4,2020,2,16,9,47,5.06,0.0,15,20,0,0,0.02,-9.0,28,2020-02-16T09:47:05.060Z
nc73844826_20200325_084140,100542,40.496737,-124.330868,17.847,-5.5,-6.8,-3.1,10.8,14.7,14.1,2020,3,25,8,41,40.78,0.0,0,19,0,0,0.019,-9.0,28,2020-03-25T08:41:40.780Z
nc73844826_20200412_043500,100543,40.496729,-124.330754,17.83,4.1,-7.7,-20.2,7.1,10.5,12.1,2020,4,12,4,35,0.98,0.0,12,22,0,0,0.013,-9.0,28,2020-04-12T04:35:00.980Z
nc73844826_20200708_060305,100544,40.496806,-124.330737,17.846,5.5,0.9,-3.9,11.3,9.8,10.8,2020,7,8,6,3,5.76,0.0,0,18,0,0,0.01,-9.0,28,2020-07-08T06:03:05.760Z
nc73844826_20200914_102302,100545,40.49681,-124.330827,17.847,-2.1,1.4,-2.8,8.6,6.0,10.0,2020,9,14,10,23,2.5,0.0,14,25,0,0,0.013,-9.0,28,2020-09-14T10:23:02.500Z
nc73844826_20201120_133354,100546,40.496578,-124.330843,17.825,-3.4,-24.4,-25.0,13.2,11.5,13.0,2020,11,20,13,33,54.06,0.0,8,15,0,0,0.012,-9.0,28,2020-11-20T13:33:54.060Z
nc73844826,100841,40.496883,-124.330965,17.88,-13.8,9.5,30.0,11.5,9.0,13.2,2023,2,11,3,18,22.44,1.85,15,31,0,0,0.02,-9.0,28,2023-02-11T03:18:22.440Z
1018079_20200320_045258,100531,40.278092,-124.562223,18.258,7.6,54.7,-11.7,12.5,30.0,27.1,2020,3,20,4,52,58.96,0.0,1,18,0,0,0.017,-9.0,29,2020-03-20T04:52:58.960Z
1018079_20200407_232448,100532,40.27747,-124.562158,18.179,13.2,-14.5,-90.7,13.0,24.5,33.6,2020,4,7,23,24,48.06,0.0,0,13,0,0,0.024,-9.0,29,2020-04-07T23:24:48.060Z
1018079_20200716_185625,100533,40.277336,-124.56228,18.257,2.8,-29.4,-12.9,5.8,21.1,13.7,2020,7,16,18,56,25.6,0.0,3,15,0,0,0.01,-9.0,29,2020-07-16T18:56:25.600Z
1018079_20200804_175532,100534,40.277543,-124.562345,18.291,-2.8,-6.3,21.0,10.6,17.1,30.2,2020,8,4,17,55,32.04,0.0,0,17,0,0,0.014,-9.0,29,2020-08-04T17:55:32.040Z
1018079_20200906_072657,100535,40.277433,-124.562451,18.372,-11.8,-18.5,102.4,8.3,27.7,26.8,2020,9,6,7,26,57.22,0.0,5,16,0,0,0.028,-9.0,29,2020-09-06T07:26:57.220Z
1018079_20201017_030657,100536,40.277576,-124.56228,18.281,2.8,-2.7,11.0,10.8,21.5,24.1,2020,10,17,3,6,57.5,0.0,5,17,0,0,0.023,-9.0,29,2020-10-17T03:06:57.500Z
1018079,100829,40.277547,-124.562288,18.279,2.1,-5.9,9.3,3.3,24.0,20.2,2023,4,30,3,21,23.22,1.14,6,26,0,0,0.031,-9.0,29,2023-04-30T03:21:23.220Z
1016488_20200720_105541,100524,40.290894,-124.480558,8.469,-6.2,-112.1,8.9,7.5,13.1,21.4,2020,7,20,10,55,41.36,0.0,2,25,0,0,0.015,-9.0,30,2020-07-20T10:55:41.360Z
1016488_20200721_091514,100525,40.291927,-124.480501,8.497,-1.4,2.7,37.2,7.9,20.5,19.0,2020,7,21,9,15,14.06,0.0,4,31,0,0,0.014,-9.0,30,2020-07-21T09:15:14.060Z
1016488_20200721_211511,100526,40.291772,-124.480509,8.462,-2.1,-14.5,2.1,5.2,10.1,9.1,2020,7,21,21,15,11.4,0.0,6,29,0,0,0.011,-9.0,30,2020-07-21T21:15:11.400Z
1016488_20200721_172807,100527,40.291939,-124.480583,8.467,-8.3,4.1,7.0,7.2,18.1,19.5,2020,7,21,17,28,7.26,0.0,0,23,0,0,0.011,-9.0,30,2020-07-21T17:28:07.260Z
1016488_20200723_023415,100528,40.292192,-124.480314,8.403,14.5,32.1,-56.6,10.9,18.5,22.5,2020,7,23,2,34,15.9,0.0,0,24,0,0,0.015,-9.0,30,2020-07-23T02:34:15.900Z
1016488_20200913_022730,100529,40.292155,-124.480501,8.478,-1.4,28.0,18.2,5.8,19.9,16.4,2020,9,13,2,27,30.26,0.0,3,24,0,0,0.01,-9.0,30,2020-09-13T02:27:30.260Z
1016488,100826,40.291923,-124.480501,8.447,-1.4,2.3,-13.3,5.2,11.7,12.2,2023,3,7,12,11,57.69,1.17,5,32,0,0,0.016,-9.0,30,2023-03-07T12:11:57.690Z
nc73818801_20200309_105118,100401,40.466044,-124.477897,29.817,-15.9,38.4,37.4,14.8,22.1,18.5,2020,3,9,10,51,18.62,0.0,11,10,0,0,0.015,-9.0,31,2020-03-09T10:51:18.620Z
nc73818801_20200318_231602,100402,40.465597,-124.477759,29.776,-4.1,-11.3,-3.6,12.0,15.4,13.6,2020,3,18,23,16,2.08,0.0,14,24,0,0,0.019,-9.0,31,2020-03-18T23:16:02.080Z
nc73818801_20200320_110912,100403,40.46567,-124.47771,29.78,0.0,-3.2,-0.3,8.8,10.3,8.3,2020,3,20,11,9,12.38,0.0,9,13,0,0,0.021,-9.0,31,2020-03-20T11:09:12.380Z
nc73818801_20200510_154438,100404,40.465389,-124.47758,29.754,11.0,-34.3,-26.1,7.5,10.1,9.3,2020,5,10,15,44,38.28,0.0,11,24,0,0,0.013,-9.0,31,2020-05-10T15:44:38.280Z
nc73818801_20201230_230358,100405,40.465853,-124.47762,29.776,7.6,17.2,-4.0,9.3,12.2,11.9,2020,12,30,23,3,58.66,0.0,9,13,0,0,0.012,-9.0,31,2020-12-30T23:03:58.660Z
nc73818801_20201231_131257,100406,40.466032,-124.477515,29.756,16.6,37.1,-23.6,13.5,22.8,12.7,2020,12,31,13,12,57.18,0.0,9,15,0,0,0.016,-9.0,31,2020-12-31T13:12:57.180Z
nc73818801,100791,40.465682,-124.477791,29.794,-6.9,-1.8,13.5,12.5,13.6,15.8,2022,12,15,2,16,4.11,2.47,7,27,0,0,0.025,-9.0,31,2022-12-15T02:16:04.110Z
nc73847481_20200127_095113,100418,40.519926,-124.492952,16.478,2.8,-8.1,18.0,9.0,12.1,47.9,2020,1,27,9,51,13.86,0.0,15,13,0,0,0.019,-9.0,32,2020-01-27T09:51:13.860Z
nc73847481_20200220_063259,100419,40.519942,-124.493099,16.449,-9.7,-6.3,-11.0,12.5,9.8,32.1,2020,2,20,6,32,59.28,0.0,8,12,0,0,0.014,-9.0,32,2020-02-20T06:32:59.280Z
nc73847481_20200406_092120,100420,40.519902,-124.492879,16.331,9.0,-10.8,-129.1,14.7,12.5,49.7,2020,4,6,9,21,20.96,0.0,9,15,0,0,0.026,-9.0,32,2020-04-06T09:21:20.960Z
nc73847481_20201217_164108,100421,40.519926,-124.492944,16.359,3.4,-8.1,-101.1,14.0,12.2,50.1,2020,12,17,16,41,8.52,0.0,12,22,0,0,0.014,-9.0,32,2020-12-17T16:41:08.520Z
nc73847481_20201219_141819,100422,40.520036,-124.493034,16.478,-4.1,4.1,18.1,9.1,13.3,38.0,2020,12,19,14,18,19.4,0.0,12,15,0,0,0.012,-9.0,32,2020-12-19T14:18:19.400Z
nc73847481,100798,40.520186,-124.493075,16.586,-7.6,20.8,126.5,13.6,11.9,27.4,2023,2,16,22,15,2.8,1.44,18,25,0,0,0.026,-9.0,32,2023-02-16T22:15:02.800Z
nc73877095_20200109_134058,100235,40.491329,-124.4986,29.511,17.2,14.5,-28.5,20.2,11.5,23.3,2020,1,9,13,40,58.74,0.0,2,16,0,0,0.033,-9.0,33,2020-01-09T13:40:58.740Z
nc73877095_20201004_065501,100236,40.491443,-124.498535,29.523,22.8,27.1,-17.0,12.7,22.8,21.5,2020,10,4,6,55,1.04,0.0,4,17,0,0,0.026,-9.0,33,2020-10-04T06:55:01.040Z
nc73877095_20201008_164553,100237,40.490898,-124.498503,29.511,25.5,-33.4,-29.0,21.3,23.6,34.1,2020,10,8,16,45,53.32,0.0,0,10,0,0,0.039,-9.0,33,2020-10-08T16:45:53.320Z
nc73877095_20201207_082235,100238,40.491235,-124.498787,29.539,1.4,4.1,-1.3,11.0,21.2,18.1,2020,12,7,8,22,35.82,0.0,2,16,0,0,0.011,-9.0,33,2020-12-07T08:22:35.820Z
nc73877095_20201217_165232,100239,40.491203,-124.498844,29.545,-3.4,0.5,4.5,13.3,27.0,16.2,2020,12,17,16,52,32.62,0.0,0,15,0,0,0.029,-9.0,33,2020-12-17T16:52:32.620Z
nc73877095,100757,40.490942,-124.499259,29.589,-38.6,-28.5,48.6,19.8,26.8,26.7,2023,4,23,20,44,41.28,1.76,4,22,0,0,0.047,-9.0,33,2023-04-23T20:44:41.280Z
nc73867635_20200113_055409,100214,40.457719,-124.683423,25.741,-11.0,2.3,151.2,6.8,10.2,27.0,2020,1,13,5,54,9.18,0.0,4,13,0,0,0.019,-9.0,34,2020-01-13T05:54:09.180Z
nc73867635_20200229_071532,100215,40.457821,-124.68326,25.551,2.8,13.6,-38.7,9.0,13.0,34.6,2020,2,29,7,15,32.82,0.0,3,9,0,0,0.019,-9.0,34,2020-02-29T07:15:32.820Z
nc73867635_20200509_102813,100216,40.457357,-124.68326,25.285,2.8,-38.0,-305.4,8.3,14.3,37.5,2020,5,9,10,28,13.2,0.0,2,11,0,0,0.009,-9.0,34,2020-05-09T10:28:13.200Z
nc73867635_20200606_155241,100217,40.457536,-124.68335,25.622,-4.8,-18.1,31.5,8.1,11.1,31.6,2020,6,6,15,52,41.44,0.0,3,14,0,0,0.008,-9.0,34,2020-06-06T15:52:41.440Z
nc73867635_20201120_215121,100218,40.457719,-124.68339,25.665,-8.3,2.3,75.0,8.0,12.1,28.8,2020,11,20,21,51,21.4,0.0,10,15,0,0,0.011,-9.0,34,2020-11-20T21:51:21.400Z
nc73867635,100749,40.457939,-124.683138,25.557,13.1,26.7,-33.0,8.4,11.4,28.9,2023,4,5,22,10,57.78,1.92,8,18,0,0,0.02,-9.0,34,2023-04-05T22:10:57.780Z
1018692_20200206_175109,100058,40.297152,-124.377075,8.724,2.1,5.9,4.3,18.3,31.0,28.4,2020,2,6,17,51,9.32,0.0,2,8,0,0,0.016,-9.0,35,2020-02-06T17:51:09.320Z
1018692_20200206_135108,100059,40.297144,-124.37714,8.722,-3.5,5.0,1.7,16.6,18.6,19.0,2020,2,6,13,51,8.72,0.0,0,11,0,0,0.021,-9.0,35,2020-02-06T13:51:08.720Z
1018692_20200408_020022,100060,40.297119,-124.3771,8.719,0.0,2.3,-0.7,11.3,19.1,15.7,2020,4,8,2,0,22.12,0.0,0,11,0,0,0.009,-9.0,35,2020-04-08T02:00:22.120Z
1018692_20200806_083223,100061,40.297038,-124.377002,8.712,8.3,-6.8,-8.5,16.0,29.3,21.2,2020,8,6,8,32,23.1,0.0,3,7,0,0,0.033,-9.0,35,2020-08-06T08:32:23.100Z
1018692,100737,40.297066,-124.377148,8.721,-4.2,-3.6,0.9,17.0,28.1,21.9,2023,5,20,7,11,5.22,0.56,3,13,0,0,0.032,-9.0,35,2023-05-20T07:11:05.220Z
1018046_20200513_200304,100692,40.630811,-124.461043,6.64,13.1,-9.9,30.0,25.7,17.9,30.0,2020,5,13,20,3,4.3,0.0,7,7,0,0,0.035,-9.0,36,2020-05-13T20:03:04.300Z
1018046_20200513_183114,100693,40.630855,-124.461019,6.644,15.1,-5.0,33.8,24.5,31.0,25.6,2020,5,13,18,31,14.12,0.0,8,11,0,0,0.039,-9.0,36,2020-05-13T18:31:14.120Z
1018046_20200514_183858,100694,40.630811,-124.461043,6.655,13.1,-9.9,45.2,29.1,28.1,56.8,2020,5,14,18,38,58.56,0.0,7,11,0,0,0.041,-9.0,36,2020-05-14T18:38:58.560Z
1018046_20200520_165114,100695,40.630912,-124.461108,6.625,7.6,1.4,14.7,59.3,45.7,78.8,2020,5,20,16,51,14.68,0.0,4,8,0,0,0.038,-9.0,36,2020-05-20T16:51:14.680Z
1018046,100971,40.63114,-124.461882,6.465,-57.8,26.7,-145.2,32.5,67.3,74.7,2023,4,29,9,23,2.14,0.95,8,9,0,0,0.07,-9.0,36,2023-04-29T09:23:02.140Z
1014398_20200827_084836,100686,40.290063,-124.52181,9.402,-0.7,-4.1,2.2,3.3,23.3,15.2,2020,8,27,8,48,36.06,0.0,3,12,0,0,0.012,-9.0,37,2020-08-27T08:48:36.060Z
1014398_20201119_000155,100687,40.290287,-124.52181,9.398,-0.7,20.8,-2.3,4.5,17.8,14.2,2020,11,19,0,1,55.14,0.0,2,14,0,0,0.016,-9.0,37,2020-11-19T00:01:55.140Z
1014398_20201219_234353,100688,40.289998,-124.521794,9.39,0.7,-11.3,-9.9,4.0,18.6,17.8,2020,12,19,23,43,53.18,0.0,0,14,0,0,0.009,-9.0,37,2020-12-19T23:43:53.180Z
1014398_20201222_135655,100689,40.290381,-124.521785,9.39,1.4,31.2,-10.5,4.1,16.8,10.7,2020,12,22,13,56,55.8,0.0,2,11,0,0,0.012,-9.0,37,2020-12-22T13:56:55.800Z
1014398,100963,40.289901,-124.521794,9.417,0.7,-22.1,17.1,5.9,13.3,14.9,2023,1,16,3,19,0.68,1.26,5,15,0,0,0.018,-9.0,37,2023-01-16T03:19:00.680Z
1012032_20200320_222821,100628,40.506873,-124.500472,27.153,2.8,-3.2,-6.8,8.8,9.7,18.6,2020,3,20,22,28,21.2,0.0,0,14,0,0,0.017,-9.0,38,2020-03-20T22:28:21.200Z
1012032_20200321_201807,100629,40.506925,-124.500488,27.155,1.4,2.7,-4.8,11.6,17.9,16.3,2020,3,21,20,18,7.64,0.0,2,14,0,0,0.02,-9.0,38,2020-03-21T20:18:07.640Z
1012032_20200321_190001,100630,40.506889,-124.500488,27.152,1.4,-1.4,-8.2,14.1,14.6,17.0,2020,3,21,19,0,1.52,0.0,2,14,0,0,0.022,-9.0,38,2020-03-21T19:00:01.520Z
1012032_20200429_150511,100631,40.506767,-124.500431,27.141,6.2,-14.9,-19.1,12.5,10.5,23.1,2020,4,29,15,5,11.24,0.0,1,8,0,0,0.013,-9.0,38,2020-04-29T15:05:11.240Z
1012032,100887,40.506986,-124.500594,27.185,-7.6,9.5,24.8,14.8,16.7,23.3,2022,12,23,21,41,55.0,1.21,3,14,0,0,0.029,-9.0,38,2022-12-23T21:41:55.000Z
nc73847741_20200226_130008,100578,40.285156,-124.494263,20.36,19.4,-4.5,-0.3,8.1,14.0,12.0,2020,2,26,13,0,8.0,0.0,1,6,0,0,0.016,-9.0,39,2020-02-26T13:00:08.000Z
nc73847741_20200414_235217,100579,40.28564,-124.494466,20.357,2.1,49.2,-3.5,8.5,18.3,8.1,2020,4,14,23,52,17.34,0.0,1,11,0,0,0.007,-9.0,39,2020-04-14T23:52:17.340Z
nc73847741_20200417_102854,100580,40.285262,-124.49445,20.344,3.5,7.2,-15.5,7.7,8.9,9.3,2020,4,17,10,28,54.0,0.0,3,19,0,0,0.01,-9.0,39,2020-04-17T10:28:54.000Z
nc73847741_20200418_163846,100581,40.28457,-124.494564,20.353,-6.2,-69.6,-6.8,4.7,19.9,8.2,2020,4,18,16,38,46.58,0.0,0,11,0,0,0.009,-9.0,39,2020-04-18T16:38:46.580Z
nc73847741,100863,40.285177,-124.49458,20.381,-7.6,-2.3,20.8,7.2,10.0,10.2,2023,2,17,14,36,10.72,2.81,5,21,0,0,0.013,-9.0,39,2023-02-17T14:36:10.720Z
nc73875220_20200205_055825,100462,40.699198,-124.199455,17.345,-13.1,0.0,4.6,15.7,13.4,15.2,2020,2,5,5,58,25.56,0.0,4,15,0,0,0.028,-9.0,40,2020-02-05T05:58:25.560Z
nc73875220_20200317_125145,100463,40.699154,-124.199032,17.327,22.7,-5.0,-13.3,24.4,17.4,22.3,2020,3,17,12,51,45.72,0.0,2,12,0,0,0.017,-9.0,40,2020-03-17T12:51:45.720Z
nc73875220_20200415_071747,100464,40.699174,-124.199398,17.342,-8.3,-2.7,2.0,17.4,13.7,15.0,2020,4,15,7,17,47.58,0.0,4,17,0,0,0.013,-9.0,40,2020-04-15T07:17:47.580Z
nc73875220_20200901_032301,100465,40.699154,-124.199357,17.341,-4.8,-5.0,0.6,19.6,14.2,16.7,2020,9,1,3,23,1.06,0.0,1,15,0,0,0.03,-9.0,40,2020-09-01T03:23:01.060Z
nc73875220,100818,40.699272,-124.199194,17.342,8.9,8.1,1.8,19.0,14.8,15.6,2023,4,18,21,27,56.5,2.49,5,19,0,0,0.032,-9.0,40,2023-04-18T21:27:56.500Z
nc73875050_20200211_151928,100453,40.407483,-124.560417,29.114,33.2,20.3,-55.8,12.3,17.2,16.1,2020,2,11,15,19,28.01,0.0,0,8,0,0,0.022,-9.0,41,2020-02-11T15:19:28.010Z
nc73875050_20200225_051353,100454,40.407279,-124.560824,29.176,-1.4,-2.3,6.4,6.1,5.6,12.8,2020,2,25,5,13,53.56,0.0,0,10,0,0,0.012,-9.0,41,2020-02-25T05:13:53.560Z
nc73875050_20200429_230149,100455,40.407117,-124.560604,29.129,17.3,-20.3,-41.0,9.6,11.7,14.6,2020,4,29,23,1,49.9,0.0,2,10,0,0,0.016,-9.0,41,2020-04-29T23:01:49.900Z
nc73875050_20200731_124713,100456,40.407336,-124.56084,29.17,-2.8,4.1,-0.4,6.1,7.4,7.3,2020,7,31,12,47,13.58,0.0,5,21,0,0,0.009,-9.0,41,2020-07-31T12:47:13.580Z
nc73875050,100807,40.407296,-124.560978,29.211,-14.5,-0.5,41.1,6.4,10.0,8.7,2023,4,18,11,40,6.89,2.03,5,21,0,0,0.015,-9.0,41,2023-04-18T11:40:06.890Z
nc73818551_20200129_000255,100449,40.401628,-124.09423,21.803,-2.8,-8.1,3.2,14.2,14.4,6.8,2020,1,29,0,2,55.98,0.0,3,14,0,0,0.01,-9.0,42,2020-01-29T00:02:55.980Z
nc73818551_20200130_214849,100450,40.40166,-124.094303,21.794,-9.0,-4.5,-6.3,11.5,12.1,8.7,2020,1,30,21,48,49.88,0.0,3,17,0,0,0.012,-9.0,42,2020-01-30T21:48:49.880Z
nc73818551_20200305_210042,100451,40.401676,-124.094222,21.799,-2.1,-2.7,-1.2,11.0,7.9,8.2,2020,3,5,21,0,42.6,0.0,5,19,0,0,0.016,-9.0,42,2020-03-05T21:00:42.600Z
nc73818551_20201223_121331,100452,40.401799,-124.094067,21.8,11.1,10.8,-0.1,15.0,12.6,6.6,2020,12,23,12,13,31.36,0.0,0,12,0,0,0.008,-9.0,42,2020-12-23T12:13:31.360Z
nc73818551,100806,40.401742,-124.094149,21.804,4.1,4.5,4.4,12.4,8.6,6.4,2022,12,14,10,39,54.76,1.83,5,20,0,0,0.014,-9.0,42,2022-12-14T10:39:54.760Z
1016069_20200331_011040,100369,40.622791,-124.317586,18.502,-15.8,21.2,81.6,3.7,3.1,8.6,2020,3,31,1,10,40.52,0.0,0,3,0,0,0.006,-9.0,43,2020-03-31T01:10:40.520Z
1016069_20201220_095552,100370,40.622607,-124.317391,18.412,0.7,0.9,-7.5,2.3,1.6,5.4,2020,12,20,9,55,52.28,0.0,6,8,0,0,0.005,-9.0,43,2020-12-20T09:55:52.280Z
1016069_20201220_104746,100371,40.622607,-124.317383,18.411,1.4,0.9,-9.2,2.3,1.4,5.2,2020,12,20,10,47,46.8,0.0,5,7,0,0,0.004,-9.0,43,2020-12-20T10:47:46.800Z
1016069_20201220_101513,100372,40.622514,-124.31735,18.375,4.1,-9.5,-45.4,2.5,3.1,6.2,2020,12,20,10,15,13.92,0.0,5,6,0,0,0.004,-9.0,43,2020-12-20T10:15:13.920Z
1016069,100777,40.622599,-124.317415,18.452,-1.4,0.0,31.9,3.7,3.1,7.9,2023,2,22,6,20,25.08,1.45,4,8,0,0,0.006,-9.0,43,2023-02-22T06:20:25.080Z
1013417_20200413_095832,100679,40.459281,-124.508651,26.395,21.4,-13.1,-35.1,14.5,16.0,19.4,2020,4,13,9,58,32.96,0.0,0,4,0,0,0.008,-9.0,44,2020-04-13T09:58:32.960Z
1013417_20200828_235045,100680,40.459408,-124.508976,26.441,-6.2,0.9,10.8,11.0,12.5,20.2,2020,8,28,23,50,45.12,0.0,0,8,0,0,0.013,-9.0,44,2020-08-28T23:50:45.120Z
1013417_20200924_221736,100681,40.459416,-124.508944,26.438,-3.5,1.8,8.0,8.8,10.9,13.9,2020,9,24,22,17,36.96,0.0,0,7,0,0,0.011,-9.0,44,2020-09-24T22:17:36.960Z
1013417,100944,40.459436,-124.508993,26.442,-7.6,4.1,12.1,11.3,13.3,18.1,2022,12,30,21,43,18.32,2.12,0,9,0,0,0.01,-9.0,44,2022-12-30T21:43:18.320Z
1016610_20200117_094559,100366,40.299361,-124.340397,9.728,0.0,-4.5,-2.4,39.9,53.8,22.1,2020,1,17,9,45,59.14,0.0,0,5,0,0,0.026,-9.0,45,2020-01-17T09:45:59.140Z
1016610_20200510_034252,100367,40.299646,-124.340446,9.725,-4.2,27.1,-4.9,39.9,41.6,32.1,2020,5,10,3,42,52.94,0.0,2,2,0,0,0.01,-9.0,45,2020-05-10T03:42:52.940Z
1016610_20200914_090119,100368,40.299268,-124.340348,9.715,4.2,-14.9,-15.2,15.7,43.4,25.3,2020,9,14,9,1,19.54,0.0,3,3,0,0,0.014,-9.0,45,2020-09-14T09:01:19.540Z
1016610,100775,40.299337,-124.340413,9.739,-1.4,-7.2,8.7,24.1,46.4,19.3,2023,3,12,10,38,34.58,0.73,3,8,0,0,0.021,-9.0,45,2023-03-12T10:38:34.580Z
1015345_20200621_063746,100016,40.440983,-124.644084,26.391,1.4,-2.3,-9.0,10.5,16.7,27.8,2020,6,21,6,37,46.7,0.0,0,10,0,0,0.011,-9.0,46,2020-06-21T06:37:46.700Z
1015345_20200803_063802,100017,40.441012,-124.6441,26.401,0.0,0.9,1.2,12.2,17.0,33.4,2020,8,3,6,38,2.84,0.0,3,10,0,0,0.015,-9.0,46,2020-08-03T06:38:02.840Z
1015345_20200803_070001,100018,40.441032,-124.644132,26.419,-2.8,3.2,18.8,16.8,30.1,40.1,2020,8,3,7,0,1.48,0.0,0,10,0,0,0.012,-9.0,46,2020-08-03T07:00:01.480Z
1015345,100733,40.440983,-124.644076,26.39,2.1,-2.3,-9.6,8.6,19.7,31.5,2023,2,3,19,43,4.72,1.42,3,12,0,0,0.013,-9.0,46,2023-02-03T19:43:04.720Z
1018294_20200719_141400,100668,40.291431,-124.499854,7.887,-4.2,-7.7,-13.0,9.3,27.0,7.0,2020,7,19,14,14,0.04,0.0,4,15,0,0,0.029,-9.0,47,2020-07-19T14:14:00.040Z
1018294_20200719_071602,100669,40.291418,-124.499821,7.895,-1.4,-9.0,-4.9,7.6,30.0,12.0,2020,7,19,7,16,2.84,0.0,3,15,0,0,0.02,-9.0,47,2020-07-19T07:16:02.840Z
1018294_20200719_134708,100670,40.291606,-124.49978,7.907,2.1,11.7,6.9,14.1,21.9,21.8,2020,7,19,13,47,8.72,0.0,3,15,0,0,0.022,-9.0,47,2020-07-19T13:47:08.720Z
1018294,100933,40.291553,-124.499748,7.914,4.8,5.9,13.6,13.0,42.5,18.6,2023,5,7,7,21,24.34,0.91,4,15,0,0,0.035,-9.0,47,2023-05-07T07:21:24.340Z
1018061_20200413_224144,100652,40.733329,-124.222445,20.944,4.8,3.2,-5.6,7.9,9.0,8.8,2020,4,13,22,41,44.48,0.0,5,12,0,0,0.01,-9.0,48,2020-04-13T22:41:44.480Z
1018061_20200524_191922,100653,40.733285,-124.222461,20.948,3.4,-1.8,-1.6,9.0,7.1,4.8,2020,5,24,19,19,22.54,0.0,3,12,0,0,0.008,-9.0,48,2020-05-24T19:19:22.540Z
1018061_20200601_030325,100654,40.733305,-124.222542,20.951,-3.4,0.5,1.4,8.1,6.9,5.0,2020,6,1,3,3,25.7,0.0,7,12,0,0,0.01,-9.0,48,2020-06-01T03:03:25.700Z
1018061,100926,40.73328,-124.222567,20.955,-5.5,-2.3,5.1,8.7,8.8,10.0,2023,4,29,18,24,1.28,0.83,7,12,0,0,0.008,-9.0,48,2023-04-29T18:24:01.280Z
1016064_20200727_044634,100616,40.473206,-124.493009,16.972,-1.4,0.5,1.6,4.9,7.1,11.0,2020,7,27,4,46,34.38,0.0,6,12,0,0,0.008,-9.0,49,2020-07-27T04:46:34.380Z
1016064_20200830_190440,100617,40.473222,-124.492977,16.976,1.4,2.3,6.4,10.0,10.6,18.9,2020,8,30,19,4,40.04,0.0,5,12,0,0,0.013,-9.0,49,2020-08-30T19:04:40.040Z
1016064_20200903_102336,100618,40.473201,-124.492993,16.969,0.0,0.0,-0.9,6.2,8.4,12.0,2020,9,3,10,23,36.5,0.0,3,12,0,0,0.011,-9.0,49,2020-09-03T10:23:36.500Z
1016064,100880,40.473173,-124.493001,16.961,-0.7,-3.2,-8.7,11.4,13.8,22.3,2023,2,22,3,3,18.93,1.24,6,12,0,0,0.011,-9.0,49,2023-02-22T03:03:18.930Z
1016974_20200222_190652,100570,40.280184,-124.551799,17.901,0.7,9.0,1.5,3.5,21.5,9.7,2020,2,22,19,6,52.32,0.0,2,12,0,0,0.008,-9.0,50,2020-02-22T19:06:52.320Z
1016974_20200724_165542,100571,40.280074,-124.551807,17.902,0.0,-3.2,1.9,4.7,18.7,8.7,2020,7,24,16,55,42.9,0.0,4,13,0,0,0.012,-9.0,50,2020-07-24T16:55:42.900Z
1016974_20201002_042447,100572,40.280233,-124.551774,17.904,2.8,14.5,4.0,9.0,17.2,13.5,2020,10,2,4,24,47.1,0.0,2,11,0,0,0.022,-9.0,50,2020-10-02T04:24:47.100Z
1016974,100856,40.279952,-124.551831,17.894,-2.1,-16.7,-6.0,8.0,14.5,5.4,2023,3,25,19,24,32.4,1.25,4,14,0,0,0.017,-9.0,50,2023-03-25T19:24:32.400Z
nc73833021_20200213_230746,100538,40.642619,-123.970549,27.802,38.5,-19.9,61.7,22.6,23.0,24.6,2020,2,13,23,7,46.88,0.0,5,11,0,0,0.024,-9.0,51,2020-02-13T23:07:46.880Z
nc73833021_20200227_010909,100539,40.642851,-123.970898,27.765,8.9,5.9,25.0,37.4,30.9,64.6,2020,2,27,1,9,9.98,0.0,5,0,0,0,0.007,-9.0,51,2020-02-27T01:09:09.980Z
nc73833021_20200629_064606,100540,40.642822,-123.971069,27.733,-5.5,2.7,-7.1,18.3,20.3,21.0,2020,6,29,6,46,6.84,0.0,7,16,0,0,0.018,-9.0,51,2020-06-29T06:46:06.840Z
nc73833021,100833,40.642896,-123.971281,27.704,-23.4,10.8,-36.1,24.4,24.6,29.9,2023,1,17,5,14,2.51,1.84,11,15,0,0,0.021,-9.0,51,2023-01-17T05:14:02.510Z
1012903_20200208_195244,100521,40.546692,-124.067188,19.75,1.4,-0.9,-0.3,19.5,10.5,14.8,2020,2,8,19,52,44.32,0.0,0,13,0,0,0.011,-9.0,52,2020-02-08T19:52:44.320Z
1012903_20200223_010617,100522,40.546724,-124.067212,19.755,-0.7,2.7,4.9,21.1,13.2,14.2,2020,2,23,1,6,17.52,0.0,1,13,0,0,0.015,-9.0,52,2020-02-23T01:06:17.520Z
1012903_20201023_103125,100523,40.546582,-124.067529,19.738,-27.6,-13.1,-11.7,30.5,19.2,15.9,2020,10,23,10,31,25.74,0.0,0,7,0,0,0.011,-9.0,52,2020-10-23T10:31:25.740Z
1012903,100825,40.546745,-124.067065,19.752,11.7,5.0,2.1,19.5,16.8,18.6,2022,12,26,5,31,21.18,1.08,1,11,0,0,0.018,-9.0,52,2022-12-26T05:31:21.180Z
1017149_20200206_083918,100466,40.295809,-124.397111,8.113,-0.7,12.2,2.7,14.1,21.6,17.4,2020,2,6,8,39,18.32,0.0,2,7,0,0,0.013,-9.0,53,2020-02-06T08:39:18.320Z
1017149_20200206_113320,100467,40.295736,-124.397103,8.113,0.0,4.1,3.1,14.0,26.4,23.4,2020,2,6,11,33,20.94,0.0,0,8,0,0,0.009,-9.0,53,2020-02-06T11:33:20.940Z
1017149_20200206_113541,100468,40.295695,-124.397176,8.123,-6.2,-0.5,13.2,12.6,39.2,20.8,2020,2,6,11,35,41.96,0.0,1,7,0,0,0.013,-9.0,53,2020-02-06T11:35:41.960Z
1017149,100819,40.295589,-124.397021,8.091,6.9,-12.2,-18.6,23.6,47.0,39.7,2023,4,1,12,56,24.62,0.61,1,6,0,0,0.01,-9.0,53,2023-04-01T12:56:24.620Z
1018078_20200113_200048,100287,40.379309,-124.311572,29.971,19.4,23.0,10.9,217.0,83.0,94.9,2020,1,13,20,0,48.7,0.0,6,3,0,0,0.05,-9.0,54,2020-01-13T20:00:48.700Z
1018078_20200318_232844,100288,40.379106,-124.311784,29.956,1.4,0.5,-3.9,90.6,102.4,45.7,2020,3,18,23,28,44.42,0.0,3,9,0,0,0.037,-9.0,54,2020-03-18T23:28:44.420Z
1018078_20200319_001610,100289,40.37935,-124.312126,29.97,-27.6,27.6,10.3,117.9,127.0,101.7,2020,3,19,0,16,10.64,0.0,6,9,0,0,0.05,-9.0,54,2020-03-19T00:16:10.640Z
1018078,100765,40.37865,-124.311564,29.944,20.0,-50.2,-16.1,125.0,171.3,103.3,2023,4,30,3,17,51.43,0.24,7,9,0,0,0.066,-9.0,54,2023-04-30T03:17:51.430Z
nc73883491_20200215_130935,100283,40.387016,-124.285482,30.596,1.4,1.8,-4.3,7.2,3.5,3.2,2020,2,15,13,9,35.88,0.0,4,14,0,0,0.014,-9.0,55,2020-02-15T13:09:35.880Z
nc73883491_20200215_121219,100284,40.387016,-124.285457,30.595,3.5,1.8,-4.8,7.1,3.0,2.8,2020,2,15,12,12,19.36,0.0,4,14,0,0,0.012,-9.0,55,2020-02-15T12:12:19.360Z
nc73883491_20200318_223528,100285,40.386979,-124.285343,30.601,13.1,-2.3,0.9,8.5,4.9,3.8,2020,3,18,22,35,28.52,0.0,3,9,0,0,0.016,-9.0,55,2020-03-18T22:35:28.520Z
nc73883491,100763,40.386975,-124.285758,30.61,-22.1,-2.7,9.9,8.8,5.4,4.0,2023,5,3,16,44,54.56,1.67,3,13,0,0,0.014,-9.0,55,2023-05-03T16:44:54.560Z
1008269_20200710_114051,100224,40.329329,-124.613794,10.972,0.7,3.2,2.3,7.0,11.8,12.7,2020,7,10,11,40,51.78,0.0,8,19,0,0,0.013,-9.0,56,2020-07-10T11:40:51.780Z
1008269_20201002_052951,100225,40.329317,-124.613794,10.973,0.7,1.8,2.5,4.6,7.7,10.8,2020,10,2,5,29,51.58,0.0,6,17,0,0,0.013,-9.0,56,2020-10-02T05:29:51.580Z
1008269_20201229_185653,100226,40.32926,-124.613818,10.959,-1.4,-4.5,-10.8,6.8,11.9,6.0,2020,12,29,18,56,53.34,0.0,12,19,0,0,0.012,-9.0,56,2020-12-29T18:56:53.340Z
1008269,100755,40.329301,-124.613794,10.978,0.7,0.0,7.5,7.2,10.5,17.3,2022,12,19,12,20,31.7,1.28,12,21,0,0,0.008,-9.0,56,2022-12-19T12:20:31.700Z
nc73874615_20201228_141923,100672,40.338696,-124.552799,6.12,0.0,-0.5,-0.1,0.0,0.0,0.0,2020,12,28,14,19,23.26,0.0,2,7,0,0,0.0,-9.0,57,2020-12-28T14:19:23.260Z
nc73874615,100935,40.3387,-124.552808,6.12,-0.7,0.0,0.2,0.0,0.0,0.0,2023,4,17,9,13,51.23,2.06,2,7,0,0,0.0,-9.0,57,2023-04-17T09:13:51.230Z
nc73822201_20200324_070214,100650,40.546631,-124.227075,23.251,-6.9,-7.7,-8.5,351.4,219.6,227.3,2020,3,24,7,2,14.78,0.0,3,5,0,0,0.04,-9.0,58,2020-03-24T07:02:14.780Z
nc73822201_20201121_005145,100651,40.54683,-124.227067,23.283,-6.2,14.5,23.5,400.6,293.7,327.7,2020,11,21,0,51,45.0,0.0,5,3,0,0,0.092,-9.0,58,2020-11-21T00:51:45.000Z
nc73822201,100923,40.546688,-124.226872,23.253,10.3,-1.4,-6.9,177.7,164.7,134.4,2022,12,21,2,56,11.82,1.6,6,6,0,0,0.081,-9.0,58,2022-12-21T02:56:11.820Z
nc73840536_20200319_060427,100646,40.42548,-123.987231,30.18,-2.1,-2.3,-9.6,222.7,303.0,269.0,2020,3,19,6,4,27.54,0.0,0,6,0,0,0.065,-9.0,59,2020-03-19T06:04:27.540Z
nc73840536_20200405_074043,100647,40.425212,-123.987484,30.174,-23.5,-32.1,-15.9,147.1,204.0,77.8,2020,4,5,7,40,43.48,0.0,2,3,0,0,0.168,-9.0,59,2020-04-05T07:40:43.480Z
nc73840536,100915,40.425704,-123.987028,30.206,15.2,22.6,15.8,227.6,326.0,264.7,2023,2,1,13,7,8.63,2.17,2,7,0,0,0.136,-9.0,59,2023-02-01T13:07:08.630Z
1012369_20200427_034618,100633,40.567387,-124.018026,22.719,-19.3,-12.7,-11.2,55.5,43.7,45.9,2020,4,27,3,46,18.44,0.0,0,4,0,0,0.015,-9.0,60,2020-04-27T03:46:18.440Z
1012369_20201111_112254,100634,40.567505,-124.017749,22.729,4.1,0.5,-1.2,54.2,26.4,41.0,2020,11,11,11,22,54.4,0.0,3,6,0,0,0.015,-9.0,60,2020-11-11T11:22:54.400Z
1012369,100890,40.567546,-124.017733,22.739,5.5,5.0,9.0,54.2,15.5,49.5,2022,12,24,19,37,36.12,1.39,3,6,0,0,0.016,-9.0,60,2022-12-24T19:37:36.120Z
nc73822826_20200307_095350,100614,40.497323,-124.45083,26.673,-2.8,2.7,3.1,63.4,63.0,74.4,2020,3,7,9,53,50.14,0.0,4,3,0,0,0.017,-9.0,61,2020-03-07T09:53:50.140Z
nc73822826_20200923_152724,100615,40.497205,-124.450985,26.707,-15.9,-10.4,37.3,55.8,56.6,97.2,2020,9,23,15,27,24.66,0.0,2,7,0,0,0.017,-9.0,61,2020-09-23T15:27:24.660Z
nc73822826,100875,40.49738,-124.450586,26.632,17.9,9.0,-38.1,48.9,51.1,81.3,2022,12,22,1,13,30.13,2.71,2,8,0,0,0.016,-9.0,61,2022-12-22T01:13:30.130Z
nc73855500_20200225_115137,100576,40.410514,-124.064404,29.06,-9.0,-20.8,0.1,13.3,12.5,11.0,2020,2,25,11,51,37.82,0.0,1,4,0,0,0.045,-9.0,62,2020-02-25T11:51:37.820Z
nc73855500_20200319_103636,100577,40.410803,-124.064331,29.055,-2.8,11.3,-5.4,27.0,27.5,22.7,2020,3,19,10,36,36.04,0.0,0,7,0,0,0.032,-9.0,62,2020-03-19T10:36:36.040Z
nc73855500,100862,40.410775,-124.064185,29.065,9.7,8.1,4.9,30.6,27.4,22.2,2023,3,11,22,2,2.0,2.25,1,7,0,0,0.046,-9.0,62,2023-03-11T22:02:02.000Z
1012876_20200408_082158,100519,40.376607,-124.250879,26.407,1.4,0.9,-3.3,29.3,61.8,39.5,2020,4,8,8,21,58.12,0.0,2,5,0,0,0.017,-9.0,63,2020-04-08T08:21:58.120Z
1012876_20200818_235439,100520,40.376624,-124.250903,26.41,-0.7,2.7,0.4,30.7,40.8,32.8,2020,8,18,23,54,39.92,0.0,0,7,0,0,0.01,-9.0,63,2020-08-18T23:54:39.920Z
1012876,100823,40.376579,-124.250911,26.412,-1.4,-2.3,1.9,28.3,50.6,20.8,2022,12,26,3,17,37.28,0.86,2,8,0,0,0.014,-9.0,63,2022-12-26T03:17:37.280Z
1015792_20200201_015846,100457,40.275867,-124.53903,11.663,-2.8,-4.1,3.2,8.3,11.9,18.1,2020,2,1,1,58,46.34,0.0,5,3,0,0,0.018,-9.0,64,2020-02-01T01:58:46.340Z
1015792_20200419_180757,100458,40.275985,-124.538957,11.655,3.5,9.0,-5.3,11.0,17.2,21.7,2020,4,19,18,7,57.94,0.0,2,4,0,0,0.008,-9.0,64,2020-04-19T18:07:57.940Z
1015792,100809,40.275863,-124.539014,11.661,-1.4,-4.5,0.6,8.1,15.2,13.1,2023,2,15,9,40,37.83,1.3,5,5,0,0,0.017,-9.0,64,2023-02-15T09:40:37.830Z
nc73888396_20200121_030013,100387,40.406087,-124.348332,28.405,31.1,-12.7,-35.4,46.0,33.7,42.7,2020,1,21,3,0,13.68,0.0,0,4,0,0,0.015,-9.0,65,2020-01-21T03:00:13.680Z
nc73888396_20200727_083854,100388,40.406165,-124.348682,28.437,1.4,-4.1,-2.9,25.1,27.5,33.0,2020,7,27,8,38,54.5,0.0,1,4,0,0,0.016,-9.0,65,2020-07-27T08:38:54.500Z
nc73888396,100785,40.406295,-124.348885,28.46,-15.9,10.4,20.2,27.9,30.2,30.7,2023,5,15,11,35,50.56,2.49,1,8,0,0,0.015,-9.0,65,2023-05-15T11:35:50.560Z
1018866_20200318_230826,100384,40.456429,-124.592855,14.981,4.1,3.2,21.5,21.9,26.7,61.8,2020,3,18,23,8,26.04,0.0,1,4,0,0,0.016,-9.0,66,2020-03-18T23:08:26.040Z
1018866_20201008_015557,100385,40.456388,-124.592887,14.956,1.4,-1.4,-3.8,25.7,27.7,41.2,2020,10,8,1,55,57.72,0.0,5,4,0,0,0.015,-9.0,66,2020-10-08T01:55:57.720Z
1018866,100783,40.456392,-124.592944,14.948,-3.5,-0.9,-12.3,23.7,31.5,53.4,2023,5,28,21,51,34.82,1.43,4,6,0,0,0.012,-9.0,66,2023-05-28T21:51:34.820Z
nc73876810_20200111_080953,100281,40.302266,-124.433203,15.421,-0.7,-3.6,1.4,22.9,64.2,27.4,2020,1,11,8,9,53.22,0.0,2,5,0,0,0.01,-9.0,67,2020-01-11T08:09:53.220Z
nc73876810_20200620_011202,100282,40.302283,-124.433195,15.419,0.0,-1.8,-1.3,24.2,42.8,26.9,2020,6,20,1,12,2.72,0.0,0,5,0,0,0.011,-9.0,67,2020-06-20T01:12:02.720Z
nc73876810,100762,40.302327,-124.433195,15.42,0.0,3.2,-0.2,16.8,41.1,16.2,2023,4,23,3,48,36.54,1.34,2,8,0,0,0.01,-9.0,67,2023-04-23T03:48:36.540Z
nc73842546_20200108_052650,100222,40.546798,-124.495996,26.889,0.7,0.0,-1.2,0.1,0.1,0.2,2020,1,8,5,26,50.0,0.0,0,4,0,0,0.0,-9.0,68,2020-01-08T05:26:50.000Z
nc73842546_20201011_205402,100223,40.546802,-124.496012,26.892,-0.7,0.5,2.1,0.1,0.1,0.2,2020,10,11,20,54,2.28,0.0,0,3,0,0,0.001,-9.0,68,2020-10-11T20:54:02.280Z
nc73842546,100754,40.546798,-124.495996,26.889,0.7,0.0,-0.7,0.1,0.1,0.1,2023,2,6,9,53,42.14,2.82,0,5,0,0,0.0,-9.0,68,2023-02-06T09:53:42.140Z
1013799_20200508_141903,100065,40.325789,-124.366585,18.788,-7.6,9.9,-2.1,28.7,64.5,24.0,2020,5,8,14,19,3.3,0.0,1,4,0,0,0.015,-9.0,69,2020-05-08T14:19:03.300Z
1013799_20200831_234531,100066,40.325655,-124.366479,18.788,1.4,-5.0,-2.2,21.6,32.4,23.2,2020,8,31,23,45,31.4,0.0,3,7,0,0,0.012,-9.0,69,2020-08-31T23:45:31.400Z
1013799,100740,40.325704,-124.366479,18.794,1.4,0.5,3.8,19.3,24.3,10.7,2023,1,2,14,24,18.16,1.18,2,7,0,0,0.007,-9.0,69,2023-01-02T14:24:18.160Z
1010913_20200213_222136,100063,40.581482,-123.979354,20.363,37.9,20.3,32.9,1385.9,1003.7,1406.0,2020,2,13,22,21,36.94,0.0,4,3,0,0,0.149,-9.0,70,2020-02-13T22:21:36.940Z
1010913_20200319_010426,100064,40.581132,-123.980143,20.311,-28.9,-18.5,-18.7,1184.1,918.7,2021.1,2020,3,19,1,4,26.04,0.0,0,5,0,0,0.115,-9.0,70,2020-03-19T01:04:26.040Z
1010913,100739,40.581287,-123.97985,20.31,-4.1,-1.4,-19.9,420.8,428.5,1478.1,2022,12,22,3,8,5.86,0.87,4,6,0,0,0.148,-9.0,70,2022-12-22T03:08:05.860Z
1018844_20200110_053839,100000,40.75883,-124.2462,17.018,-0.7,3.2,-2.5,37.1,50.0,33.9,2020,1,10,5,38,39.76,0.0,5,4,0,0,0.026,-9.0,71,2020-01-10T05:38:39.760Z
1018844_20200826_170507,100001,40.758801,-124.246151,17.013,3.4,0.0,-6.7,36.7,14.1,43.4,2020,8,26,17,5,7.56,0.0,4,4,0,0,0.022,-9.0,71,2020-08-26T17:05:07.560Z
1018844,100729,40.758777,-124.24624,17.026,-4.1,-2.7,6.3,44.6,33.8,44.2,2023,5,27,14,43,32.11,1.31,5,6,0,0,0.03,-9.0,71,2023-05-27T14:43:32.110Z
nc73858110_20201108_001547,100723,40.31366,-124.493498,6.227,0.0,-4.5,-12.7,6.6,12.0,25.3,2020,11,8,0,15,47.52,0.0,3,13,0,0,0.009,-9.0,72,2020-11-08T00:15:47.520Z
nc73858110_20201108_042027,100724,40.313761,-124.493514,6.254,-1.4,6.8,14.2,7.3,14.6,19.0,2020,11,8,4,20,27.2,0.0,6,14,0,0,0.013,-9.0,72,2020-11-08T04:20:27.200Z
nc73858110,101055,40.313656,-124.49349,6.231,0.7,-5.0,-9.0,9.2,12.5,18.4,2023,3,17,11,55,14.19,1.91,7,15,0,0,0.012,-9.0,72,2023-03-17T11:55:14.190Z
nc73836101_20200911_211556,100717,40.419515,-124.622233,15.844,-2.8,1.8,-6.1,34.9,28.8,43.9,2020,9,11,21,15,56.12,0.0,2,9,0,0,0.023,-9.0,73,2020-09-11T21:15:56.120Z
nc73836101_20200911_212414,100718,40.419519,-124.622192,15.854,0.7,2.3,3.9,18.4,33.2,50.5,2020,9,11,21,24,14.14,0.0,0,9,0,0,0.02,-9.0,73,2020-09-11T21:24:14.140Z
nc73836101,101028,40.419466,-124.622168,15.853,2.8,-3.6,2.6,35.4,32.9,30.6,2023,1,23,1,44,26.91,2.18,2,10,0,0,0.025,-9.0,73,2023-01-23T01:44:26.910Z
1013772_20200814_075914,100712,40.645801,-124.019816,19.321,-1.4,0.0,1.1,6.0,2.8,5.2,2020,8,14,7,59,14.72,0.0,0,7,0,0,0.003,-9.0,74,2020-08-14T07:59:14.720Z
1013772_20200814_072917,100713,40.645813,-124.019751,19.324,4.1,1.4,3.7,6.7,1.5,5.9,2020,8,14,7,29,17.36,0.0,0,7,0,0,0.005,-9.0,74,2020-08-14T07:29:17.360Z
1013772,101012,40.645789,-124.019832,19.315,-2.8,-1.4,-5.1,5.5,2.8,6.2,2023,1,2,9,44,23.91,0.93,0,6,0,0,0.004,-9.0,74,2023-01-02T09:44:23.910Z
nc73837866_20200607_181358,100702,40.290426,-124.456502,13.259,0.0,-8.1,-0.7,3.9,17.5,3.8,2020,6,7,18,13,58.06,0.0,4,8,0,0,0.012,-9.0,75,2020-06-07T18:13:58.060Z
nc73837866_20200814_123833,100703,40.290511,-124.456486,13.259,1.4,1.4,-1.4,4.9,5.4,5.6,2020,8,14,12,38,33.66,0.0,4,13,0,0,0.006,-9.0,75,2020-08-14T12:38:33.660Z
nc73837866,100988,40.290511,-124.456502,13.262,0.0,1.4,1.9,5.1,7.0,6.4,2023,1,26,19,34,22.32,1.51,6,13,0,0,0.01,-9.0,75,2023-01-26T19:34:22.320Z
1012585_20200624_045653,100700,40.518823,-124.332357,17.79,3.4,2.7,0.1,0.3,0.4,0.6,2020,6,24,4,56,53.76,0.0,0,6,0,0,0.006,-9.0,76,2020-06-24T04:56:53.760Z
1012585_20200625_130035,100701,40.518827,-124.332365,17.791,2.8,3.2,1.3,0.4,0.3,0.6,2020,6,25,13,0,35.62,0.0,0,6,0,0,0.004,-9.0,76,2020-06-25T13:00:35.620Z
1012585,100982,40.518717,-124.332487,17.788,-7.6,-9.0,-1.9,0.6,0.7,0.7,2022,12,25,8,22,48.25,0.72,0,4,0,0,0.005,-9.0,76,2022-12-25T08:22:48.250Z
1009126_20200521_054936,100697,40.531108,-124.339111,17.572,-0.7,0.9,2.0,20.1,16.4,29.3,2020,5,21,5,49,36.72,0.0,0,8,0,0,0.011,-9.0,77,2020-05-21T05:49:36.720Z
1009126_20200521_060018,100698,40.531099,-124.339103,17.568,0.0,0.0,-1.6,24.7,13.6,29.5,2020,5,21,6,0,18.06,0.0,0,8,0,0,0.011,-9.0,77,2020-05-21T06:00:18.060Z
1009126,100974,40.531099,-124.339087,17.569,1.4,0.0,-0.6,28.3,12.9,25.2,2022,12,20,19,16,2.64,1.29,0,8,0,0,0.012,-9.0,77,2022-12-20T19:16:02.640Z
1010496_20200421_112154,100684,40.517879,-124.342261,18.632,4.1,-13.6,-17.6,16.5,18.7,21.5,2020,4,21,11,21,54.14,0.0,6,2,0,0,0.012,-9.0,78,2020-04-21T11:21:54.140Z
1010496_20200619_053029,100685,40.517989,-124.34231,18.653,0.0,-1.4,2.7,8.7,16.5,13.0,2020,6,19,5,30,29.96,0.0,7,8,0,0,0.014,-9.0,78,2020-06-19T05:30:29.960Z
1010496,100955,40.518079,-124.342318,18.659,-0.7,8.6,8.9,10.4,18.2,12.1,2022,12,21,17,35,50.48,1.4,7,8,0,0,0.014,-9.0,78,2022-12-21T17:35:50.480Z
1011227_20200418_110743,100612,40.592167,-124.011141,22.219,-11.0,-3.6,-1.1,40.4,25.1,31.4,2020,4,18,11,7,43.2,0.0,3,4,0,0,0.026,-9.0,79,2020-04-18T11:07:43.200Z
1011227_20201120_012358,100613,40.59224,-124.010954,22.23,4.8,4.5,10.2,32.2,21.6,30.0,2020,11,20,1,23,58.26,0.0,5,3,0,0,0.023,-9.0,79,2020-11-20T01:23:58.260Z
1011227,100872,40.592188,-124.010954,22.209,4.8,-1.4,-10.6,40.6,17.0,41.5,2022,12,22,9,28,37.97,0.68,4,3,0,0,0.032,-9.0,79,2022-12-22T09:28:37.970Z
nc73845416_20200220_172649,100549,40.604797,-123.849886,28.127,-7.6,-0.5,-23.0,13.4,12.0,16.0,2020,2,20,17,26,49.04,0.0,2,5,0,0,0.011,-9.0,80,2020-02-20T17:26:49.040Z
nc73845416_20200717_165808,100550,40.604757,-123.849854,28.148,-4.8,-5.0,-2.0,7.9,8.9,9.4,2020,7,17,16,58,8.72,0.0,6,9,0,0,0.018,-9.0,80,2020-07-17T16:58:08.720Z
nc73845416,100851,40.60485,-123.849683,28.165,9.6,5.4,15.3,7.2,5.2,8.3,2023,2,12,20,12,15.9,2.47,4,10,0,0,0.019,-9.0,80,2023-02-12T20:12:15.900Z
1017134_20200227_015326,100459,40.291174,-124.475496,9.917,0.7,8.1,-2.5,0.2,0.4,0.3,2020,2,27,1,53,26.28,0.0,3,9,0,0,0.001,-9.0,81,2020-02-27T01:53:26.280Z
1017134_20200227_010458,100460,40.291134,-124.475505,9.919,0.0,3.6,-1.2,0.1,0.2,0.2,2020,2,27,1,4,58.68,0.0,3,8,0,0,0.001,-9.0,81,2020-02-27T01:04:58.680Z
1017134,100812,40.290995,-124.475513,9.924,-0.7,-11.7,3.7,0.1,0.5,0.4,2023,4,1,7,44,57.71,1.31,2,9,0,0,0.001,-9.0,81,2023-04-01T07:44:57.710Z
1016783_20200314_090638,100389,40.276339,-124.440885,15.387,0.7,4.5,-3.2,6.3,8.9,5.2,2020,3,14,9,6,38.52,0.0,2,7,0,0,0.007,-9.0,82,2020-03-14T09:06:38.520Z
1016783_20200705_074608,100390,40.276294,-124.440885,15.387,0.7,-0.5,-2.5,8.8,11.6,13.8,2020,7,5,7,46,8.62,0.0,4,7,0,0,0.01,-9.0,82,2020-07-05T07:46:08.620Z
1016783,100787,40.276282,-124.440934,15.394,-3.5,-1.8,4.5,9.2,8.9,12.1,2023,3,19,5,41,40.62,0.92,4,8,0,0,0.008,-9.0,82,2023-03-19T05:41:40.620Z
nc73824006_20200107_211424,100220,40.396973,-124.513704,21.23,0.0,-3.2,-0.3,13.7,24.2,32.3,2020,1,7,21,14,24.86,0.0,0,9,0,0,0.012,-9.0,83,2020-01-07T21:14:24.860Z
nc73824006_20200420_215808,100221,40.397038,-124.513745,21.237,-3.5,4.1,7.0,12.5,31.6,26.9,2020,4,20,21,58,8.78,0.0,0,8,0,0,0.013,-9.0,83,2020-04-20T21:58:08.780Z
nc73824006,100753,40.396985,-124.513647,21.222,4.8,-1.8,-7.7,23.6,36.0,34.1,2022,12,24,5,13,7.02,2.6,0,7,0,0,0.019,-9.0,83,2022-12-24T05:13:07.020Z
1012073_20200121_182929,100164,40.566484,-124.12784,22.794,21.4,9.5,24.4,375.6,209.6,268.0,2020,1,21,18,29,29.08,0.0,3,6,0,0,0.082,-9.0,84,2020-01-21T18:29:29.080Z
1012073_20200121_181712,100165,40.56639,-124.128312,22.77,-18.6,-0.9,0.5,231.5,176.4,260.5,2020,1,21,18,17,12.58,0.0,2,6,0,0,0.068,-9.0,84,2020-01-21T18:17:12.580Z
1012073,100745,40.566317,-124.128141,22.743,-4.1,-9.0,-26.6,445.2,256.9,372.2,2022,12,24,0,35,18.89,0.89,3,6,0,0,0.061,-9.0,84,2022-12-24T00:35:18.890Z
nc73824491_20201219_195056,100728,40.545296,-123.878809,20.289,-0.7,-0.5,-0.5,8.3,6.0,8.5,2020,12,19,19,50,56.38,0.0,0,4,0,0,0.011,-9.0,85,2020-12-19T19:50:56.380Z
nc73824491,101071,40.545304,-123.878792,20.291,0.7,0.5,0.5,8.3,6.0,8.5,2022,12,25,6,37,31.44,1.5,0,4,0,0,0.011,-9.0,85,2022-12-25T06:37:31.440Z
1012741_20201129_094515,100726,40.597709,-123.908887,27.043,0.7,1.4,2.9,195.5,145.8,161.9,2020,11,29,9,45,15.6,0.0,3,3,0,0,0.056,-9.0,87,2020-11-29T09:45:15.600Z
1012741,101063,40.597685,-123.908911,27.037,-1.4,-1.4,-2.9,195.5,145.7,162.0,2022,12,25,16,15,8.4,1.07,3,3,0,0,0.056,-9.0,87,2022-12-25T16:15:08.400Z
1013091_20201110_072944,100725,40.675382,-123.915324,25.064,-35.8,-13.1,-56.5,906.6,676.5,972.0,2020,11,10,7,29,44.14,0.0,4,2,0,0,0.147,-9.0,88,2020-11-10T07:29:44.140Z
1013091,101056,40.675618,-123.914478,25.176,35.8,13.1,55.8,905.4,677.2,960.2,2022,12,27,17,40,9.98,1.83,4,2,0,0,0.147,-9.0,88,2022-12-27T17:40:09.980Z
nc73824646_20201020_035702,100722,40.637008,-124.030981,19.367,17.9,0.9,16.8,330.8,352.8,302.2,2020,10,20,3,57,2.0,0.0,2,5,0,0,0.104,-9.0,89,2020-10-20T03:57:02.000Z
nc73824646,101051,40.636995,-124.031413,19.333,-18.6,-0.5,-16.8,330.9,352.7,302.4,2022,12,25,12,29,55.02,1.64,2,5,0,0,0.104,-9.0,89,2022-12-25T12:29:55.020Z
1010185_20201004_213236,100720,40.366768,-124.164714,30.241,7.6,29.8,11.4,441.3,551.0,298.8,2020,10,4,21,32,36.54,0.0,3,3,0,0,0.101,-9.0,91,2020-10-04T21:32:36.540Z
1010185,101044,40.366235,-124.164893,30.219,-7.6,-29.4,-11.4,441.1,550.2,298.9,2022,12,21,11,23,41.66,0.93,3,3,0,0,0.101,-9.0,91,2022-12-21T11:23:41.660Z
1014503_20200918_014950,100719,40.60988,-124.08243,18.593,-19.3,-2.3,13.3,109.6,68.6,113.8,2020,9,18,1,49,50.06,0.0,2,2,0,0,0.126,-9.0,92,2020-09-18T01:49:50.060Z
1014503,101035,40.60992,-124.081966,18.567,20.0,2.3,-13.4,109.4,68.6,114.3,2023,1,18,8,28,49.36,0.92,2,2,0,0,0.126,-9.0,92,2023-01-18T08:28:49.360Z
1013611_20200930_064449,100715,40.463009,-123.994613,23.562,-9.7,-10.4,-7.6,332.9,288.9,267.9,2020,9,30,6,44,49.54,0.0,1,4,0,0,0.128,-9.0,94,2020-09-30T06:44:49.540Z
1013611,101019,40.463192,-123.994393,23.578,9.0,9.9,7.6,332.6,288.7,268.0,2023,1,1,19,17,41.68,1.12,1,4,0,0,0.128,-9.0,94,2023-01-01T19:17:41.680Z
nc73822906_20200728_105420,100711,40.602352,-124.107422,18.786,66.1,5.9,16.4,1251.5,492.6,499.1,2020,7,28,10,54,20.52,0.0,2,3,0,0,0.155,-9.0,96,2020-07-28T10:54:20.520Z
nc73822906,101009,40.602246,-124.108984,18.754,-66.1,-5.9,-16.4,1279.8,492.4,499.5,2022,12,22,5,24,44.1,2.65,2,3,0,0,0.155,-9.0,96,2022-12-22T05:24:44.100Z
1012120_20200721_095836,100710,40.606095,-124.12089,16.811,-8.3,-0.5,0.6,948.8,215.7,841.3,2020,7,21,9,58,36.88,0.0,4,0,0,0,0.12,-9.0,97,2020-07-21T09:58:36.880Z
1012120,101007,40.606104,-124.120703,16.809,7.6,0.5,-0.6,948.6,215.6,841.6,2022,12,24,4,18,59.42,0.99,4,0,0,0,0.12,-9.0,97,2022-12-24T04:18:59.420Z
1008975_20200712_061009,100709,40.602384,-123.892643,26.875,13.1,9.5,25.4,302.2,253.4,457.2,2020,7,12,6,10,9.18,0.0,3,4,0,0,0.073,-9.0,98,2020-07-12T06:10:09.180Z
1008975,101004,40.602214,-123.892952,26.825,-13.1,-9.5,-25.4,302.1,253.4,459.1,2022,12,20,17,35,32.52,1.17,3,4,0,0,0.073,-9.0,98,2022-12-20T17:35:32.520Z
nc73840766_20200708_150451,100708,40.626017,-123.920752,20.524,-4.1,1.8,-6.4,41.8,28.5,60.6,2020,7,8,15,4,51.0,0.0,0,5,0,0,0.112,-9.0,99,2020-07-08T15:04:51.000Z
nc73840766,101003,40.625981,-123.920654,20.536,4.1,-2.3,6.4,41.8,28.6,60.5,2023,2,2,2,38,55.9,1.6,0,5,0,0,0.112,-9.0,99,2023-02-02T02:38:55.900Z
1013820_20200630_182445,100707,40.507304,-123.97609,20.99,0.7,0.5,-0.2,12.2,9.2,12.1,2020,6,30,18,24,45.54,0.0,1,3,0,0,0.011,-9.0,100,2020-06-30T18:24:45.540Z
1013820,101000,40.5073,-123.976099,20.99,0.0,0.0,0.2,12.2,9.2,12.1,2023,1,2,17,21,40.04,1.1,1,3,0,0,0.011,-9.0,100,2023-01-02T17:21:40.040Z
1015891_20201214_113035,100706,40.620756,-124.084937,18.66,30.3,-5.0,20.5,455.1,442.2,326.3,2020,12,14,11,30,35.94,0.0,3,2,0,0,0.188,-9.0,101,2020-12-14T11:30:35.940Z
1015891,100994,40.620841,-124.085653,18.62,-30.3,4.5,-20.5,455.5,441.9,326.3,2023,2,17,11,16,14.33,1.12,3,2,0,0,0.188,-9.0,101,2023-02-17T11:16:14.330Z
nc73864555_20200618_160643,100705,40.321517,-124.559806,11.792,-0.7,1.8,2.1,10.7,13.9,15.4,2020,6,18,16,6,43.08,0.0,3,7,0,0,0.009,-9.0,102,2020-06-18T16:06:43.080Z
nc73864555,100993,40.32148,-124.55979,11.788,0.7,-2.3,-2.1,10.7,13.9,15.4,2023,3,30,19,31,15.28,1.92,3,7,0,0,0.009,-9.0,102,2023-03-30T19:31:15.280Z
nc73822231_20200614_145840,100704,40.535295,-124.048494,19.839,0.7,-0.9,-0.6,19.4,14.0,13.7,2020,6,14,14,58,40.62,0.0,2,5,0,0,0.008,-9.0,103,2020-06-14T14:58:40.620Z
nc73822231,100992,40.535307,-124.048503,19.841,0.0,0.5,0.6,19.4,14.0,13.7,2022,12,21,4,18,46.22,2.04,2,5,0,0,0.008,-9.0,103,2022-12-21T04:18:46.220Z
1017396_20200531_140209,100699,40.68053,-124.141089,30.321,17.2,3.2,-9.3,225.9,168.9,163.4,2020,5,31,14,2,9.1,0.0,2,4,0,0,0.05,-9.0,104,2020-05-31T14:02:09.100Z
1017396,100981,40.680469,-124.141504,30.339,-17.9,-3.6,9.3,225.7,169.0,163.4,2023,4,8,23,15,11.2,0.95,2,4,0,0,0.05,-9.0,104,2023-04-08T23:15:11.200Z
1018643_20200808_030736,100696,40.549703,-124.261995,26.041,0.7,0.0,0.8,0.0,0.0,0.0,2020,8,8,3,7,36.2,0.0,2,2,0,0,0.0,-9.0,105,2020-08-08T03:07:36.200Z
1018643,100972,40.549699,-124.262004,26.039,0.0,-0.5,-0.8,0.0,0.0,0.0,2023,5,18,13,21,36.44,0.56,2,2,0,0,0.0,-9.0,105,2023-05-18T13:21:36.440Z
1010071_20200509_234821,100691,40.603772,-124.093343,18.429,-12.4,-3.2,-1.4,25.3,13.1,18.4,2020,5,9,23,48,21.42,0.0,0,4,0,0,0.012,-9.0,106,2020-05-09T23:48:21.420Z
1010071,100967,40.603833,-124.093058,18.431,11.7,3.6,1.4,25.2,13.1,18.4,2022,12,21,9,31,7.84,1.25,0,4,0,0,0.012,-9.0,106,2022-12-21T09:31:07.840Z
nc73822221_20200419_064557,100683,40.618652,-124.02819,23.089,26.2,-5.0,28.8,1210.1,1143.9,1094.5,2020,4,19,6,45,57.78,0.0,3,5,0,0,0.191,-9.0,108,2020-04-19T06:45:57.780Z
nc73822221,100954,40.618746,-124.028817,23.031,-26.9,5.4,-28.8,1210.6,1142.5,1096.1,2022,12,21,4,15,19.85,2.45,3,5,0,0,0.191,-9.0,108,2022-12-21T04:15:19.850Z
1013739_20200913_114412,100682,40.444137,-124.038265,25.259,-5.5,-6.8,-0.6,82.1,106.3,75.2,2020,9,13,11,44,12.66,0.0,4,1,0,0,0.026,-9.0,109,2020-09-13T11:44:12.660Z
1013739,100946,40.444263,-124.038135,25.261,5.5,7.2,0.6,82.1,106.1,75.3,2023,1,2,5,55,55.72,1.08,4,1,0,0,0.026,-9.0,109,2023-01-02T05:55:55.720Z
1015934_20200329_021037,100667,40.486389,-124.457796,17.796,0.7,-1.4,-3.9,12.5,17.3,24.0,2020,3,29,2,10,37.82,0.0,1,4,0,0,0.037,-9.0,110,2020-03-29T02:10:37.820Z
1015934,100931,40.486414,-124.457813,17.804,-0.7,1.4,3.9,12.5,17.3,24.0,2023,2,18,9,18,28.19,1.4,1,4,0,0,0.037,-9.0,110,2023-02-18T09:18:28.190Z
1017628_20201102_192514,100649,40.310262,-124.448348,8.934,-3.5,6.8,13.6,234.9,634.6,496.0,2020,11,2,19,25,14.76,0.0,0,4,0,0,0.145,-9.0,111,2020-11-02T19:25:14.760Z
1017628,100921,40.310136,-124.448258,8.906,4.2,-7.2,-13.7,234.9,635.7,498.7,2023,4,16,19,40,2.76,1.19,0,4,0,0,0.145,-9.0,111,2023-04-16T19:40:02.760Z
1013288_20200320_045746,100648,40.428768,-124.579207,18.653,-0.7,-3.6,-6.6,113.7,173.9,269.4,2020,3,20,4,57,46.36,0.0,1,3,0,0,0.054,-9.0,112,2020-03-20T04:57:46.360Z
1013288,100916,40.428833,-124.579191,18.667,0.7,3.6,6.6,113.7,173.8,268.1,2022,12,29,18,28,9.82,1.32,1,3,0,0,0.054,-9.0,112,2022-12-29T18:28:09.820Z
nc73845886_20200722_005519,100644,40.582292,-124.42172,21.952,-2.1,-0.9,1.6,31.7,34.5,37.5,2020,7,22,0,55,19.1,0.0,1,6,0,0,0.044,-9.0,114,2020-07-22T00:55:19.100Z
nc73845886,100907,40.582304,-124.42168,21.948,1.4,0.5,-1.6,31.7,34.5,37.5,2023,2,13,21,32,14.28,2.09,1,6,0,0,0.044,-9.0,114,2023-02-13T21:32:14.280Z
1017828_20200815_034144,100643,40.57463,-124.421444,25.364,-3.4,3.2,14.4,84.1,58.3,132.6,2020,8,15,3,41,44.92,0.0,2,5,0,0,0.028,-9.0,115,2020-08-15T03:41:44.920Z
1017828,100905,40.574573,-124.421362,25.336,3.4,-3.2,-14.5,84.1,58.3,133.4,2023,4,22,17,56,13.08,1.37,2,5,0,0,0.028,-9.0,115,2023-04-22T17:56:13.080Z
1009456_20200318_225840,100642,40.5488,-124.182666,28.069,-5.5,0.0,-1.0,21.1,8.4,12.7,2020,3,18,22,58,40.42,0.0,2,3,0,0,0.036,-9.0,116,2020-03-18T22:58:40.420Z
1009456,100895,40.548804,-124.182536,28.071,5.5,0.5,1.0,21.1,8.4,12.7,2022,12,20,23,25,36.34,1.09,2,3,0,0,0.036,-9.0,116,2022-12-20T23:25:36.340Z
nc73822376_20200313_192041,100632,40.520654,-124.400309,23.732,-0.7,-5.0,2.0,74.4,96.7,68.5,2020,3,13,19,20,41.28,0.0,3,5,0,0,0.03,-9.0,117,2020-03-13T19:20:41.280Z
nc73822376,100888,40.520744,-124.400293,23.728,0.7,5.0,-2.0,74.4,96.7,68.5,2022,12,21,8,6,55.91,1.8,3,5,0,0,0.03,-9.0,117,2022-12-21T08:06:55.910Z
1016784_20200303_014453,100611,40.497693,-124.225846,21.821,-4.1,-0.9,1.3,33.3,16.2,20.9,2020,3,3,1,44,53.16,0.0,3,3,0,0,0.015,-9.0,118,2020-03-03T01:44:53.160Z
1016784,100869,40.497705,-124.225757,21.819,3.4,0.5,-1.3,33.3,16.2,20.9,2023,3,19,7,5,57.73,0.62,3,3,0,0,0.015,-9.0,118,2023-03-19T07:05:57.730Z
1012260_20200621_160947,100575,40.552812,-123.971265,21.092,2.8,1.4,1.6,30.0,28.5,21.9,2020,6,21,16,9,47.64,0.0,1,4,0,0,0.018,-9.0,119,2020-06-21T16:09:47.640Z
1012260,100860,40.552787,-123.97133,21.088,-2.8,-1.4,-1.6,30.0,28.5,21.9,2022,12,24,12,43,0.52,1.06,1,4,0,0,0.018,-9.0,119,2022-12-24T12:43:00.520Z
1016682_20200317_055619,100574,40.293913,-124.331095,9.458,0.7,1.4,-1.7,14.3,22.4,13.7,2020,3,17,5,56,19.56,0.0,1,4,0,0,0.036,-9.0,120,2020-03-17T05:56:19.560Z
1016682,100858,40.293884,-124.331104,9.462,0.0,-1.8,1.7,14.3,22.4,13.7,2023,3,15,21,22,18.1,1.02,1,4,0,0,0.036,-9.0,120,2023-03-15T21:22:18.100Z
1017682_20200428_224641,100573,40.457747,-124.270996,25.337,0.7,-5.9,-12.7,28.8,19.4,23.5,2020,4,28,22,46,41.28,0.0,2,4,0,0,0.013,-9.0,121,2020-04-28T22:46:41.280Z
1017682,100857,40.457857,-124.271012,25.363,-0.7,6.3,12.6,28.8,19.4,23.5,2023,4,18,6,30,20.24,1.21,2,4,0,0,0.013,-9.0,121,2023-04-18T06:30:20.240Z
1012930_20200222_020327,100569,40.581014,-124.09327,19.523,2.8,1.4,2.8,30.2,30.0,30.9,2020,2,22,2,3,27.18,0.0,2,3,0,0,0.022,-9.0,122,2020-02-22T02:03:27.180Z
1012930,100855,40.58099,-124.093327,19.517,-2.1,-1.4,-2.8,30.2,30.0,30.9,2022,12,26,7,30,25.96,0.98,2,3,0,0,0.022,-9.0,122,2022-12-26T07:30:25.960Z
1010710_20200221_120153,100551,40.51099,-124.416121,21.433,-2.1,-1.4,3.1,175.0,198.2,186.2,2020,2,21,12,1,53.08,0.0,3,1,0,0,0.061,-9.0,123,2020-02-21T12:01:53.080Z
1010710,100852,40.511011,-124.416073,21.427,2.1,0.9,-3.1,175.0,198.1,186.2,2022,12,21,22,8,58.66,1.39,3,1,0,0,0.061,-9.0,123,2022-12-21T22:08:58.660Z
1018902_20200901_020902,100548,40.499906,-124.330111,19.899,-0.7,0.5,-0.7,13.9,11.7,19.1,2020,9,1,2,9,2.72,0.0,6,5,0,0,0.011,-9.0,124,2020-09-01T02:09:02.720Z
1018902,100850,40.499894,-124.330094,19.901,0.7,-0.9,0.7,13.9,11.7,19.1,2023,5,30,8,32,35.38,1.14,6,5,0,0,0.011,-9.0,124,2023-05-30T08:32:35.380Z
1014326_20200218_225446,100547,40.43951,-123.980184,23.846,1.4,1.4,-3.9,41.5,55.5,50.2,2020,2,18,22,54,46.76,0.0,3,1,0,0,0.034,-9.0,125,2020-02-18T22:54:46.760Z
1014326,100848,40.43949,-123.980216,23.854,-1.4,-0.9,3.9,41.5,55.5,50.2,2023,1,14,2,18,4.46,1.07,3,1,0,0,0.034,-9.0,125,2023-01-14T02:18:04.460Z
nc73838976_20200211_175425,100537,40.532686,-124.418278,27.297,1.4,-1.4,-3.1,28.2,42.1,31.2,2020,2,11,17,54,25.54,0.0,1,5,0,0,0.039,-9.0,126,2020-02-11T17:54:25.540Z
nc73838976,100830,40.532715,-124.418311,27.303,-1.4,1.8,3.1,28.2,42.2,31.2,2023,1,28,23,56,58.2,3.85,1,5,0,0,0.039,-9.0,126,2023-01-28T23:56:58.200Z
1011660_20200720_164535,100530,40.599402,-124.107373,18.97,2.1,0.5,-0.1,22.2,9.0,15.8,2020,7,20,16,45,35.52,0.0,1,4,0,0,0.011,-9.0,127,2020-07-20T16:45:35.520Z
1011660,100828,40.599398,-124.107422,18.97,-2.1,0.0,0.1,22.2,9.0,15.8,2022,12,23,0,19,22.52,0.9,1,4,0,0,0.011,-9.0,127,2022-12-23T00:19:22.520Z
1010548_20200208_022857,100518,40.598979,-124.042749,22.263,-4.1,-2.3,-6.7,5.2,3.7,12.3,2020,2,8,2,28,57.16,0.0,0,4,0,0,0.018,-9.0,128,2020-02-08T02:28:57.160Z
1010548,100821,40.599019,-124.04266,22.277,3.4,2.3,6.7,5.2,3.7,12.1,2022,12,21,18,52,28.64,1.06,0,4,0,0,0.018,-9.0,128,2022-12-21T18:52:28.640Z
1009820_20200627_174148,100461,40.693066,-123.897152,24.064,-4.1,-3.6,-56.3,88.5,64.0,408.9,2020,6,27,17,41,48.9,0.0,3,4,0,0,0.028,-9.0,129,2020-06-27T17:41:48.900Z
1009820,100813,40.693136,-123.897054,24.163,4.1,4.1,42.6,88.5,64.0,264.0,2022,12,21,4,44,13.82,1.3,3,4,0,0,0.028,-9.0,129,2022-12-21T04:44:13.820Z
1010994_20200129_172904,100440,40.740222,-123.994255,21.465,-13.1,-8.6,5.3,440.0,223.7,279.3,2020,1,29,17,29,4.28,0.0,3,2,0,0,0.084,-9.0,130,2020-01-29T17:29:04.280Z
1010994,100802,40.740377,-123.993953,21.455,12.4,8.6,-5.3,439.6,223.7,279.5,2022,12,22,4,53,56.39,0.79,3,2,0,0,0.084,-9.0,130,2022-12-22T04:53:56.390Z
1009653_20200125_192831,100408,40.4783,-124.570793,24.515,-15.9,22.1,494.6,2.8,3.0,22.5,2020,1,25,19,28,31.76,0.0,0,2,0,0,0.006,-9.0,132,2020-01-25T19:28:31.760Z
1009653,100793,40.477901,-124.570418,23.754,15.9,-22.1,-265.5,2.8,3.0,3.2,2022,12,21,2,13,51.87,1.55,0,2,0,0,0.006,-9.0,132,2022-12-21T02:13:51.870Z
nc73873665_20200221_011207,100407,40.279293,-124.469694,7.76,0.7,-0.9,-0.2,19.3,34.2,26.0,2020,2,21,1,12,7.1,0.0,1,6,0,0,0.015,-9.0,133,2020-02-21T01:12:07.100Z
nc73873665,100792,40.279309,-124.46971,7.76,-0.7,0.9,0.2,19.3,34.2,26.0,2023,4,14,19,20,25.08,1.57,1,6,0,0,0.015,-9.0,133,2023-04-14T19:20:25.080Z
nc73829011_20200121_181613,100386,40.562199,-124.125146,22.569,4.1,0.0,-1.4,16.7,7.9,12.9,2020,1,21,18,16,13.04,0.0,6,9,0,0,0.011,-9.0,134,2020-01-21T18:16:13.040Z
nc73829011,100784,40.562199,-124.125252,22.571,-4.8,0.0,1.4,16.7,7.9,12.8,2023,1,5,14,47,6.17,2.14,6,9,0,0,0.011,-9.0,134,2023-01-05T14:47:06.170Z
1011584_20200407_203732,100383,40.500179,-124.471484,28.817,1.4,-2.3,-2.8,15.8,18.4,22.5,2020,4,7,20,37,32.44,0.0,1,4,0,0,0.041,-9.0,135,2020-04-07T20:37:32.440Z
1011584,100779,40.500216,-124.471509,28.823,-0.7,1.8,2.8,15.8,18.4,22.5,2022,12,22,20,56,54.8,1.39,1,4,0,0,0.041,-9.0,135,2022-12-22T20:56:54.800Z
1011931_20200423_024350,100286,40.278215,-124.521582,19.962,1.4,1.8,-8.5,1.9,3.1,4.1,2020,4,23,2,43,50.96,0.0,1,3,0,0,0.016,-9.0,137,2020-04-23T02:43:50.960Z
1011931,100764,40.278182,-124.521615,19.978,-1.4,-1.8,8.5,1.9,3.1,4.0,2022,12,23,14,21,11.63,0.91,1,3,0,0,0.016,-9.0,137,2022-12-23T14:21:11.630Z
1016880_20200120_075956,100269,40.405688,-124.389836,27.851,-2.8,-1.4,0.8,66.8,80.3,61.3,2020,1,20,7,59,56.88,0.0,1,4,0,0,0.027,-9.0,138,2020-01-20T07:59:56.880Z
1016880,100760,40.405713,-124.389762,27.849,3.5,1.4,-0.8,66.8,80.3,61.3,2023,3,22,15,19,23.6,1.19,1,4,0,0,0.027,-9.0,138,2023-03-22T15:19:23.600Z
1013483_20200326_033955,100268,40.743982,-124.21534,21.673,-3.4,-1.8,3.1,3.1,0.7,1.1,2020,3,26,3,39,55.64,0.0,2,1,0,0,0.008,-9.0,139,2020-03-26T03:39:55.640Z
1013483,100759,40.744014,-124.215259,21.667,3.4,1.8,-3.1,3.1,0.7,1.1,2022,12,31,20,53,8.52,1.22,2,1,0,0,0.008,-9.0,139,2022-12-31T20:53:08.520Z
1016537_20200401_114658,100099,40.277096,-124.478564,25.386,2.8,10.4,-4.2,0.3,0.5,0.3,2020,4,1,11,46,58.04,0.0,0,3,0,0,0.004,-9.0,141,2020-04-01T11:46:58.040Z
1016537,100743,40.276904,-124.47863,25.394,-2.8,-10.8,4.2,0.3,0.5,0.3,2023,3,9,12,50,51.48,1.4,0,3,0,0,0.004,-9.0,141,2023-03-09T12:50:51.480Z
1014469_20200104_113720,100067,40.536731,-124.268099,11.695,-25.5,-7.7,4.8,243.1,154.8,218.3,2020,1,4,11,37,20.68,0.0,4,3,0,0,0.086,-9.0,142,2020-01-04T11:37:20.680Z
1014469,100741,40.536869,-124.267497,11.685,25.5,7.7,-4.8,243.6,154.8,218.2,2023,1,17,13,54,45.52,1.24,4,3,0,0,0.086,-9.0,142,2023-01-17T13:54:45.520Z
nc73881306_20200319_004530,100062,40.43234,-124.421313,26.287,-0.7,4.5,7.1,315.0,272.6,379.1,2020,3,19,0,45,30.32,0.0,1,4,0,0,0.085,-9.0,143,2020-03-19T00:45:30.320Z
nc73881306,100738,40.432263,-124.421289,26.273,1.4,-4.1,-7.1,314.9,272.6,379.5,2023,4,28,6,44,51.22,1.27,1,4,0,0,0.085,-9.0,143,2023-04-28T06:44:51.220Z
