event_id,hypodd_id,latitude,longitude,depth,x_m,y_m,z_m,ex_m,ey_m,ez_m,year,month,day,hour,minute,second,magnitude,n_cc_p,n_cc_s,n_cat_p,n_cat_s,rms_cc,rms_cat,cluster_id,origin_time
1010913_20200104_122908,101475,40.580623,-123.986092,20.58,20843.3,3374.8,-847.7,0.7,0.4,0.7,2020,1,4,12,29,8.71,0.0,1,3,13,38,0.002,0.039,1,2020-01-04T12:29:08.710Z
1010913_20200213_222136,101476,40.57769,-123.96276,21.286,22819.7,3049.0,-140.8,2.4,1.5,2.0,2020,2,13,22,21,36.86,0.0,0,0,28,8,-9.0,0.045,1,2020-02-13T22:21:36.860Z
1010913_20200319_010426,101477,40.581934,-123.991976,20.907,20344.9,3520.3,-519.9,0.9,0.5,0.6,2020,3,19,1,4,26.01,0.0,0,3,0,21,0.002,0.131,1,2020-03-19T01:04:26.010Z
1010913_20210329_155633,101481,40.580754,-123.98514,20.638,20923.9,3389.3,-789.3,0.7,0.5,0.5,2021,3,29,15,56,33.85,0.0,2,4,25,51,0.001,0.037,1,2021-03-29T15:56:33.850Z
1010913_20210329_134454,101482,40.581034,-123.985701,20.674,20876.3,3420.5,-752.8,0.6,0.3,0.5,2021,3,29,13,44,55.0,0.0,1,4,14,48,0.002,0.034,1,2021-03-29T13:44:55.000Z
1010913_20210330_143026,101483,40.58103,-123.985579,20.682,20886.7,3420.0,-745.3,0.6,0.2,0.5,2021,3,30,14,30,26.64,0.0,1,4,15,51,0.002,0.036,1,2021-03-30T14:30:26.640Z
1010913_20210330_165658,101484,40.580758,-123.984814,20.654,20951.5,3389.7,-773.3,0.6,0.3,0.5,2021,3,30,16,56,58.88,0.0,1,4,16,51,0.002,0.036,1,2021-03-30T16:56:58.880Z
1010913_20210919_185135,101487,40.582564,-123.983822,20.524,21035.3,3590.4,-903.3,0.5,0.6,0.5,2021,9,19,18,51,35.68,0.0,1,4,16,54,0.002,0.048,1,2021-09-19T18:51:35.680Z
1010913_20211207_042027,101488,40.572229,-123.955729,21.443,23416.1,2442.7,15.7,3.4,2.7,2.4,2021,12,7,4,20,27.2,0.0,0,0,10,0,-9.0,0.048,1,2021-12-07T04:20:27.200Z
1014469_20200104_113720,101564,40.532507,-124.274927,11.668,-3618.1,-1968.2,-9758.9,0.5,0.3,0.4,2020,1,4,11,37,20.93,0.0,4,2,4,2,0.004,0.089,1,2020-01-04T11:37:20.930Z
1012073_20200121_182929,102513,40.559058,-124.123413,23.053,9215.7,980.1,1626.0,0.8,0.7,1.0,2020,1,21,18,29,29.2,0.0,2,2,23,28,0.002,0.067,1,2020-01-21T18:29:29.200Z
1012073_20200121_181750,102514,40.563464,-124.139535,22.957,7850.0,1469.4,1530.1,1.0,0.7,1.0,2020,1,21,18,17,50.96,0.0,1,3,6,12,0.004,0.069,1,2020-01-21T18:17:50.960Z
1012073_20200121_181712,102517,40.564339,-124.125122,22.884,9070.6,1566.5,1456.5,0.8,0.7,0.9,2020,1,21,18,17,12.56,0.0,1,3,7,19,0.007,0.048,1,2020-01-21T18:17:12.560Z
1012073_20211219_161538,102584,40.559224,-124.113875,22.052,10023.5,998.6,624.3,4.8,3.0,3.0,2021,12,19,16,15,38.62,0.0,0,0,4,5,-9.0,0.041,1,2021-12-19T16:15:38.620Z
nc73821361_20210810_193057,102602,40.477861,-124.511092,24.73,-23634.5,-8036.5,3302.8,0.6,0.9,1.8,2021,8,10,19,30,57.02,0.0,1,2,4,10,0.001,0.068,1,2021-08-10T19:30:57.020Z
nc73821361_20210828_071022,102603,40.47922,-124.505566,25.374,-23166.0,-7885.6,3946.6,0.7,0.9,1.3,2021,8,28,7,10,22.17,0.0,1,2,2,6,0.001,0.057,1,2021-08-28T07:10:22.170Z
nc73821361_20211109_132316,102606,40.490291,-124.498568,24.769,-22571.0,-6656.1,3341.8,1.0,0.8,1.4,2021,11,9,13,23,16.87,0.0,2,3,16,29,0.006,0.064,1,2021-11-09T13:23:16.870Z
nc73821361_20220907_175442,102608,40.477779,-124.507869,25.417,-23361.4,-8045.5,3989.4,0.8,0.7,1.4,2022,9,7,17,54,42.56,0.0,2,1,2,2,0.001,0.059,1,2022-09-07T17:54:42.560Z
nc73865815_20200105_110439,102707,40.432532,-124.602743,23.401,-31412.4,-13070.1,1974.0,0.3,0.4,1.0,2020,1,5,11,4,39.24,0.0,0,2,0,14,0.0,0.067,1,2020-01-05T11:04:39.240Z
nc73865815_20200312_152018,102709,40.447192,-124.595964,23.417,-30834.4,-11442.1,1989.5,0.6,0.7,0.7,2020,3,12,15,20,18.53,0.0,0,4,0,25,0.003,0.055,1,2020-03-12T15:20:18.530Z
nc73865815_20200519_155835,102716,40.435022,-124.601335,23.433,-31292.5,-12793.5,2006.0,0.5,0.6,0.4,2020,5,19,15,58,35.46,0.0,0,4,0,4,0.001,0.005,1,2020-05-19T15:58:35.460Z
nc73865815_20200519_085604,102717,40.435164,-124.602856,23.795,-31421.5,-12777.7,2367.9,0.5,0.5,0.5,2020,5,19,8,56,4.26,0.0,0,3,0,8,0.005,0.098,1,2020-05-19T08:56:04.260Z
nc73865815_20200609_102901,102719,40.434497,-124.603988,21.699,-31517.5,-12851.8,271.7,0.3,0.4,0.9,2020,6,9,10,29,1.06,0.0,0,1,8,36,0.0,0.096,1,2020-06-09T10:29:01.060Z
nc73865815_20200609_115457,102720,40.437541,-124.603589,21.402,-31483.0,-12513.8,-25.2,0.4,0.5,1.4,2020,6,9,11,54,57.68,0.0,0,1,10,29,0.0,0.093,1,2020-06-09T11:54:57.680Z
nc73865815_20200611_114829,102721,40.433757,-124.59786,23.563,-30998.2,-12934.1,2135.5,0.4,0.5,0.7,2020,6,11,11,48,29.69,0.0,1,3,5,15,0.0,0.074,1,2020-06-11T11:48:29.690Z
nc73865815_20200628_090435,102723,40.432804,-124.600895,23.347,-31255.8,-13039.8,1920.1,0.7,0.7,0.8,2020,6,28,9,4,35.89,0.0,2,9,14,84,0.006,0.067,1,2020-06-28T09:04:35.890Z
nc73865815_20200921_215310,102727,40.436308,-124.604395,21.55,-31551.6,-12650.8,123.1,0.4,0.3,0.9,2020,9,21,21,53,10.54,0.0,0,1,0,36,0.0,0.111,1,2020-09-21T21:53:10.540Z
nc73865815_20200928_093439,102728,40.429928,-124.602848,23.397,-31422.0,-13359.2,1969.3,0.3,0.4,0.4,2020,9,28,9,34,39.86,0.0,0,3,0,35,0.001,0.071,1,2020-09-28T09:34:39.860Z
nc73865815_20200929_164212,102729,40.431848,-124.599398,23.396,-31129.0,-13146.0,1969.2,0.7,0.9,0.9,2020,9,29,16,42,12.45,0.0,2,8,28,84,0.006,0.081,1,2020-09-29T16:42:12.450Z
nc73865815_20200929_160655,102730,40.430294,-124.601546,23.855,-31311.5,-13318.6,2428.1,0.5,0.7,0.8,2020,9,29,16,6,56.09,0.0,5,5,33,78,0.007,0.087,1,2020-09-29T16:06:56.090Z
nc73865815_20201013_220511,102732,40.433988,-124.602441,23.371,-31386.6,-12908.3,1944.0,0.4,0.5,0.5,2020,10,13,22,5,11.44,0.0,0,6,0,56,0.004,0.057,1,2020-10-13T22:05:11.440Z
nc73865815_20201219_032342,102734,40.434859,-124.603377,21.647,-31465.7,-12811.6,219.3,0.4,0.6,1.2,2020,12,19,3,23,42.51,0.0,0,1,14,39,0.0,0.124,1,2020-12-19T03:23:42.510Z
nc73865815_20210121_204620,102736,40.428939,-124.59978,23.751,-31162.1,-13469.0,2324.2,0.5,0.5,0.9,2021,1,21,20,46,20.96,0.0,1,2,8,24,0.003,0.078,1,2021-01-21T20:46:20.960Z
nc73865815_20210212_200851,102738,40.434408,-124.602254,23.658,-31370.6,-12861.8,2230.4,0.5,0.4,0.6,2021,2,12,20,8,51.24,0.0,1,3,11,32,0.002,0.072,1,2021-02-12T20:08:51.240Z
nc73865815_20210212_042914,102739,40.433887,-124.600057,23.359,-31184.4,-12919.6,1931.5,0.7,0.9,0.9,2021,2,12,4,29,14.42,0.0,2,6,14,49,0.006,0.069,1,2021-02-12T04:29:14.420Z
nc73865815_20210220_234036,102740,40.431405,-124.604468,23.533,-31559.0,-13195.2,2105.8,0.7,0.5,0.7,2021,2,20,23,40,36.68,0.0,2,3,20,33,0.008,0.078,1,2021-02-20T23:40:36.680Z
nc73865815_20210414_012741,102742,40.437024,-124.60498,21.384,-31601.1,-12571.2,-43.3,0.4,0.5,1.5,2021,4,14,1,27,41.1,0.0,0,1,19,48,0.0,0.091,1,2021-04-14T01:27:41.100Z
nc73865815_20210414_053837,102743,40.433752,-124.601823,22.673,-31334.2,-12934.5,1245.3,1.0,1.1,1.8,2021,4,14,5,38,37.65,0.0,1,3,24,90,0.006,0.089,1,2021-04-14T05:38:37.650Z
nc73865815_20210710_115945,102749,40.433297,-124.602262,23.363,-31371.5,-12985.1,1935.9,0.5,0.6,0.7,2021,7,10,11,59,45.84,0.0,0,4,0,28,0.0,0.051,1,2021-07-10T11:59:45.840Z
nc73865815_20210831_181315,102751,40.428739,-124.603743,23.519,-31498.2,-13491.2,2091.3,0.8,0.8,0.8,2021,8,31,18,13,15.56,0.0,2,3,17,19,0.005,0.078,1,2021-08-31T18:13:15.560Z
nc73865815_20210923_093350,102754,40.430717,-124.603215,23.352,-31452.9,-13271.6,1925.1,0.4,0.5,0.6,2021,9,23,9,33,50.55,0.0,0,4,0,22,0.002,0.034,1,2021-09-23T09:33:50.550Z
nc73865815_20210930_191002,102755,40.435034,-124.601945,23.373,-31344.2,-12792.2,1945.7,0.2,0.2,0.5,2021,9,30,19,10,2.2,0.0,0,4,0,28,0.0,0.029,1,2021-09-30T19:10:02.200Z
nc73865815_20211008_234058,102756,40.432804,-124.602913,22.865,-31426.9,-13039.8,1437.5,0.5,0.8,1.1,2021,10,8,23,40,58.42,0.0,1,1,19,97,0.001,0.066,1,2021-10-08T23:40:58.420Z
nc73865815_20211209_201236,102761,40.433012,-124.602938,22.784,-31428.9,-13016.7,1356.3,0.7,0.6,1.3,2021,12,9,20,12,36.42,0.0,1,2,27,104,0.002,0.074,1,2021-12-09T20:12:36.420Z
nc73865815_20211218_051748,102763,40.436112,-124.602425,23.366,-31384.7,-12672.4,1938.7,0.4,0.4,0.5,2021,12,18,5,17,48.57,0.0,3,7,22,78,0.005,0.079,1,2021-12-18T05:17:48.570Z
nc73865815_20211220_071218,102764,40.437679,-124.600863,23.343,-31251.9,-12498.5,1915.5,0.3,0.8,0.9,2021,12,20,7,12,18.83,0.0,0,4,0,50,0.001,0.07,1,2021-12-20T07:12:18.830Z
nc73865815_20220224_231818,102768,40.434285,-124.602547,23.446,-31395.5,-12875.3,2018.5,0.8,1.3,0.9,2022,2,24,23,18,18.2,0.0,0,4,0,28,0.005,0.051,1,2022-02-24T23:18:18.200Z
nc73865815_20220512_213949,102775,40.435006,-124.601961,23.373,-31345.6,-12795.3,1945.9,0.2,0.3,0.5,2022,5,12,21,39,49.6,0.0,0,4,0,28,0.0,0.029,1,2022-05-12T21:39:49.600Z
nc73865815_20220515_213042,102776,40.429419,-124.604517,21.572,-31563.6,-13415.7,144.3,0.4,0.5,1.1,2022,5,15,21,30,42.7,0.0,0,1,9,40,0.0,0.115,1,2022-05-15T21:30:42.700Z
nc73865815_20220602_095027,102777,40.436869,-124.603638,22.017,-31487.3,-12588.4,590.1,0.5,0.8,1.4,2022,6,2,9,50,27.05,0.0,1,1,13,36,0.0,0.069,1,2022-06-02T09:50:27.050Z
nc73865815_20220617_005930,102778,40.436637,-124.605672,22.417,-31659.8,-12614.2,989.8,0.3,0.6,0.8,2022,6,17,0,59,30.7,0.0,1,1,7,21,0.0,0.039,1,2022-06-17T00:59:30.700Z
nc73865815_20220721_024131,102780,40.435653,-124.602173,23.355,-31363.4,-12723.5,1928.2,0.5,0.5,0.6,2022,7,21,2,41,31.52,0.0,3,11,26,117,0.004,0.07,1,2022-07-21T02:41:31.520Z
nc73865815_20220728_092209,102781,40.440963,-124.605981,22.116,-31685.0,-12133.8,689.0,0.3,0.6,0.5,2022,7,28,9,22,9.26,0.0,1,0,27,45,0.0,0.083,1,2022-07-28T09:22:09.260Z
nc73865815_20220918_152846,102786,40.441459,-124.59965,20.711,-31148.2,-12078.7,-716.7,0.5,0.5,1.0,2022,9,18,15,28,46.41,0.0,0,0,1,1,-9.0,0.0,1,2022-09-18T15:28:46.410Z
nc73865815_20221002_193334,102787,40.426705,-124.596436,23.58,-30879.1,-13717.1,2152.7,0.9,0.8,0.7,2022,10,2,19,33,34.32,0.0,2,2,9,6,0.005,0.104,1,2022-10-02T19:33:34.320Z
nc73865815_20221017_044523,102789,40.439441,-124.60166,23.391,-31319.1,-12302.8,1963.7,0.3,0.7,0.6,2022,10,17,4,45,23.57,0.0,0,3,0,37,0.0,0.073,1,2022-10-17T04:45:23.570Z
nc73865815_20221019_222412,102790,40.427482,-124.599113,23.53,-31105.9,-13630.8,2103.1,0.5,0.4,0.4,2022,10,19,22,24,12.04,0.0,2,3,16,20,0.001,0.117,1,2022-10-19T22:24:12.040Z
nc73865815_20221104_231949,102792,40.436768,-124.606201,23.241,-31704.7,-12599.7,1813.5,0.6,0.8,0.9,2022,11,4,23,19,49.48,0.0,6,2,38,10,0.006,0.078,1,2022-11-04T23:19:49.480Z
1016534_20211221_114042,102871,40.520976,-124.428662,23.764,-16643.3,-3248.8,2336.5,4.1,4.1,3.6,2021,12,21,11,40,42.53,0.0,0,0,11,12,-9.0,0.06,1,2021-12-21T11:40:42.530Z
1016534_20211227_052817,102873,40.518306,-124.41731,22.954,-15681.8,-3545.2,1526.5,0.4,0.5,0.6,2021,12,27,5,28,17.56,0.0,2,1,28,12,0.001,0.07,1,2021-12-27T05:28:17.560Z
1016534_20221112_093909,102877,40.519454,-124.418237,23.978,-15760.2,-3417.8,2550.3,0.4,0.4,0.4,2022,11,12,9,39,9.18,0.0,3,1,28,29,0.0,0.057,1,2022-11-12T09:39:09.180Z
1010577_20200605_071717,102881,40.5736,-123.886938,22.448,29241.7,2594.9,1020.8,0.9,0.9,0.5,2020,6,5,7,17,17.47,0.0,0,4,0,5,0.005,0.029,1,2020-06-05T07:17:17.470Z
1010577_20210831_100155,102882,40.58691,-123.893294,22.084,28700.6,4072.9,656.6,0.4,0.8,0.6,2021,8,31,10,1,55.16,0.0,1,1,4,7,0.002,0.071,1,2021-08-31T10:01:55.160Z
1010577_20220708_141425,102884,40.575887,-123.890348,23.407,28952.4,2848.9,1979.7,0.6,0.7,0.6,2022,7,8,14,14,25.81,0.0,2,1,3,2,0.005,0.13,1,2022-07-08T14:14:25.810Z
1010577_20221015_063445,102885,40.575594,-123.882707,22.437,29599.7,2816.3,1009.7,0.9,1.0,0.7,2022,10,15,6,34,44.89,0.0,3,0,6,2,0.004,0.044,1,2022-10-15T06:34:44.890Z
nc73842546_20200108_052650,102906,40.551184,-124.494653,23.85,-22229.3,105.7,2422.5,0.5,0.5,0.9,2020,1,8,5,26,50.05,0.0,0,4,0,2,0.009,0.013,1,2020-01-08T05:26:50.050Z
nc73842546_20201011_205402,102908,40.549544,-124.499715,23.923,-22658.3,-76.4,2496.2,0.7,0.6,0.7,2020,10,11,20,54,2.32,0.0,0,4,0,4,0.007,0.009,1,2020-10-11T20:54:02.320Z
nc73842546_20210428_193347,102909,40.542704,-124.506925,26.667,-23270.2,-835.9,5239.6,1.8,1.6,2.9,2021,4,28,19,33,47.48,0.0,0,0,0,4,-9.0,0.014,1,2021-04-28T19:33:47.480Z
nc73842546_20210612_075757,102910,40.549398,-124.496118,23.83,-22353.6,-92.6,2403.0,0.5,0.4,0.4,2021,6,12,7,57,57.7,0.0,0,4,0,3,0.001,0.009,1,2021-06-12T07:57:57.700Z
nc73842546_20210622_025224,102911,40.547249,-124.503589,24.274,-22986.8,-331.2,2846.4,1.0,1.0,3.9,2021,6,22,2,52,24.68,0.0,0,4,0,8,0.005,0.006,1,2021-06-22T02:52:24.680Z
nc73842546_20211128_130704,102915,40.547286,-124.503109,23.837,-22946.1,-327.1,2409.4,0.5,0.5,0.4,2021,11,28,13,7,4.48,0.0,0,3,0,8,0.0,0.008,1,2021-11-28T13:07:04.480Z
nc73842546_20211221_135837,102916,40.548551,-124.501213,23.928,-22785.3,-186.6,2500.5,0.9,0.8,0.9,2021,12,21,13,58,37.11,0.0,0,4,0,4,0.008,0.005,1,2021-12-21T13:58:37.110Z
1010036_20200115_170909,103853,40.619824,-123.952588,21.928,23673.8,7727.9,500.6,0.3,0.3,0.5,2020,1,15,17,9,9.6,0.0,2,0,8,6,0.0,0.104,1,2020-01-15T17:09:09.600Z
1010036_20200906_080235,103854,40.621191,-123.944832,21.661,24330.1,7879.7,233.7,0.9,0.7,0.6,2020,9,6,8,2,35.79,0.0,1,3,6,17,0.004,0.052,1,2020-09-06T08:02:35.790Z
1010036_20211117_013005,103855,40.623576,-123.948893,21.606,23985.9,8144.5,178.3,0.8,0.9,0.5,2021,11,17,1,30,5.48,0.0,0,4,0,18,0.004,0.026,1,2021-11-17T01:30:05.480Z
1010036_20220129_090315,103856,40.623564,-123.946338,21.642,24202.2,8143.1,214.8,0.7,0.6,0.5,2022,1,29,9,3,14.92,0.0,1,5,13,48,0.003,0.035,1,2022-01-29T09:03:14.920Z
1010036_20220522_013129,103857,40.621781,-123.946354,21.657,24201.2,7945.2,230.0,0.7,0.6,0.8,2022,5,22,1,31,29.1,0.0,2,4,26,41,0.002,0.047,1,2022-05-22T01:31:29.100Z
1010036_20220523_035856,103859,40.623873,-123.948934,21.563,23982.4,8177.5,135.6,0.8,0.8,0.6,2022,5,23,3,58,56.75,0.0,0,4,0,18,0.003,0.024,1,2022-05-23T03:58:56.750Z
1010036_20220727_103804,103861,40.622754,-123.949325,21.693,23949.5,8053.2,265.5,0.3,0.4,0.5,2022,7,27,10,38,4.62,0.0,2,1,24,31,0.0,0.065,1,2022-07-27T10:38:04.620Z
1010036_20221117_160325,103862,40.621456,-123.947705,21.824,24086.9,7909.1,396.5,0.8,0.6,1.0,2022,11,17,16,3,25.06,0.0,2,3,26,36,0.003,0.044,1,2022-11-17T16:03:25.060Z
1010036_20221120_232837,103863,40.621025,-123.94388,21.571,24410.7,7861.2,143.4,0.6,0.5,0.7,2022,11,20,23,28,37.0,0.0,1,4,6,17,0.002,0.037,1,2022-11-20T23:28:37.000Z
1018833_20200715_232717,103948,40.583492,-123.916382,25.613,26746.2,3693.4,4185.8,0.6,0.6,0.8,2020,7,15,23,27,17.28,0.0,2,2,8,8,0.004,0.02,1,2020-07-15T23:27:17.280Z
1018833_20200715_232707,103949,40.583317,-123.916813,25.621,26709.7,3674.0,4193.4,0.5,0.6,0.8,2020,7,15,23,27,7.6,0.0,2,2,8,8,0.006,0.021,1,2020-07-15T23:27:07.600Z
1018833_20210628_223049,103953,40.585018,-123.912533,23.945,27071.9,3862.8,2517.7,0.9,0.7,0.9,2021,6,28,22,30,49.6,0.0,3,0,4,2,0.005,0.088,1,2021-06-28T22:30:49.600Z
1018833_20210818_131503,103955,40.587073,-123.916317,25.008,26751.0,4091.0,3580.3,0.8,0.6,1.0,2021,8,18,13,15,3.85,0.0,1,3,3,8,0.008,0.063,1,2021-08-18T13:15:03.850Z
1018833_20210930_000503,103957,40.579252,-123.912752,26.877,27054.4,3222.6,5449.4,0.5,0.3,0.5,2021,9,30,0,5,3.52,0.0,2,0,8,0,0.0,0.06,1,2021-09-30T00:05:03.520Z
1018833_20211016_221733,103958,40.582983,-123.906079,25.942,27618.8,3636.9,4514.4,0.5,0.3,0.6,2021,10,16,22,17,33.82,0.0,2,1,6,2,0.001,0.021,1,2021-10-16T22:17:33.820Z
1018833_20221003_011938,103963,40.584338,-123.905941,25.843,27630.2,3787.4,4415.3,1.2,0.5,0.6,2022,10,3,1,19,38.25,0.0,3,1,3,1,0.003,0.014,1,2022-10-03T01:19:38.250Z
1016069_20200323_091034,104037,40.620898,-124.32207,18.273,-7606.9,7847.2,-3154.2,1.4,0.9,2.9,2020,3,23,9,10,34.18,0.0,2,3,18,24,0.009,0.05,1,2020-03-23T09:10:34.180Z
1016069_20200331_011040,104039,40.620911,-124.317122,19.894,-7188.0,7848.5,-1532.8,0.8,0.5,0.8,2020,3,31,1,10,40.4,0.0,1,2,9,26,0.0,0.035,1,2020-03-31T01:10:40.400Z
1016069_20201220_095552,104040,40.620243,-124.315926,19.683,-7086.7,7774.4,-1744.7,0.7,0.6,1.2,2020,12,20,9,55,52.21,0.0,3,3,23,27,0.006,0.028,1,2020-12-20T09:55:52.210Z
1016069_20201220_104746,104042,40.620138,-124.315902,19.655,-7084.7,7762.7,-1772.2,0.6,0.7,1.2,2020,12,20,10,47,46.73,0.0,2,2,6,6,0.0,0.01,1,2020-12-20T10:47:46.730Z
1016069_20201220_101513,104043,40.620117,-124.315845,19.656,-7079.9,7760.4,-1770.9,0.6,0.7,1.2,2020,12,20,10,15,13.85,0.0,2,2,18,25,0.0,0.025,1,2020-12-20T10:15:13.850Z
1016069_20210420_225503,104047,40.620561,-124.315438,19.934,-7045.4,7809.7,-1493.0,1.4,1.2,2.3,2021,4,20,22,55,3.36,0.0,2,2,4,4,0.002,0.062,1,2021-04-20T22:55:03.360Z
1016069_20210424_183232,104048,40.621248,-124.321859,17.882,-7588.9,7886.0,-3545.2,1.9,1.4,2.8,2021,4,24,18,32,32.64,0.0,0,0,5,13,-9.0,0.022,1,2021-04-24T18:32:32.640Z
1016069_20210629_210722,104049,40.622587,-124.315649,19.984,-7063.2,8034.7,-1443.5,0.7,0.5,1.0,2021,6,29,21,7,22.48,0.0,1,3,4,12,0.001,0.024,1,2021-06-29T21:07:22.480Z
1016069_20210702_075522,104052,40.622298,-124.315951,20.671,-7088.7,8002.6,-755.9,1.2,0.9,3.0,2021,7,2,7,55,22.26,0.0,2,3,42,57,0.004,0.035,1,2021-07-02T07:55:22.260Z
1016069_20210703_163835,104053,40.618726,-124.315837,20.992,-7079.2,7605.9,-435.6,0.8,0.5,1.7,2021,7,3,16,38,35.15,0.0,2,1,18,16,0.001,0.04,1,2021-07-03T16:38:35.150Z
1016069_20210714_144621,104054,40.621997,-124.315267,20.162,-7030.8,7969.2,-1265.5,1.5,0.8,2.2,2021,7,14,14,46,21.13,0.0,3,5,45,80,0.009,0.035,1,2021-07-14T14:46:21.130Z
1016069_20210917_100930,104055,40.622201,-124.315715,20.224,-7068.7,7991.8,-1203.6,1.3,1.1,2.6,2021,9,17,10,9,30.06,0.0,4,5,42,77,0.009,0.031,1,2021-09-17T10:09:30.060Z
1016069_20211118_094805,104056,40.617322,-124.317887,21.213,-7252.9,7450.0,-214.1,0.8,0.6,1.0,2021,11,18,9,48,5.58,0.0,0,4,0,21,0.003,0.076,1,2021-11-18T09:48:05.580Z
1016069_20220414_200426,104060,40.619942,-124.312394,20.322,-6787.7,7741.0,-1105.5,0.9,0.7,1.4,2022,4,14,20,4,26.8,0.0,0,4,0,24,0.003,0.046,1,2022-04-14T20:04:26.800Z
1016069_20220616_204453,104061,40.620317,-124.314347,20.507,-6953.1,7782.6,-920.3,0.8,0.5,1.3,2022,6,16,20,44,53.64,0.0,5,6,69,69,0.006,0.036,1,2022-06-16T20:44:53.640Z
1016069_20221023_235906,104064,40.620268,-124.31193,20.313,-6748.5,7777.2,-1114.0,1.4,1.1,2.2,2022,10,23,23,59,6.28,0.0,0,4,0,23,0.008,0.023,1,2022-10-23T23:59:06.280Z
nc73829011_20200121_181613,104510,40.562484,-124.130607,22.375,8606.2,1360.5,947.5,0.5,0.2,0.3,2020,1,21,18,16,12.88,0.0,6,9,35,37,0.004,0.044,1,2020-01-21T18:16:12.880Z
1017521_20200622_152524,104905,40.521606,-124.42054,26.16,-15955.1,-3178.7,4732.8,1.6,1.1,1.8,2020,6,22,15,25,24.59,0.0,0,1,5,23,0.001,0.09,1,2020-06-22T15:25:24.590Z
1017521_20210520_192147,104911,40.511279,-124.420125,23.945,-15921.2,-4325.5,2518.0,0.7,0.6,0.9,2021,5,20,19,21,47.96,0.0,0,4,0,43,0.004,0.05,1,2021-05-20T19:21:47.960Z
1017521_20210917_151151,104917,40.504093,-124.428361,23.83,-16619.8,-5123.5,2402.5,0.9,0.7,0.9,2021,9,17,15,11,51.7,0.0,1,2,12,46,0.003,0.066,1,2021-09-17T15:11:51.700Z
1017521_20211005_182158,104918,40.506925,-124.419336,24.807,-15854.8,-4809.0,3379.8,1.0,1.5,2.1,2021,10,5,18,21,58.42,0.0,3,4,33,76,0.01,0.056,1,2021-10-05T18:21:58.420Z
1017521_20211222_055202,104923,40.500045,-124.427051,24.145,-16509.3,-5573.1,2717.4,0.7,0.7,1.6,2021,12,22,5,52,2.2,0.0,1,2,11,20,0.0,0.088,1,2021-12-22T05:52:02.200Z
1017521_20220130_020657,104928,40.51086,-124.41936,25.445,-15856.4,-4372.1,4017.3,0.7,0.6,1.3,2022,1,30,2,6,57.67,0.0,0,4,0,43,0.001,0.063,1,2022-01-30T02:06:57.670Z
1017521_20220305_005853,104932,40.510661,-124.419116,25.433,-15835.7,-4394.2,4005.4,0.7,0.6,1.3,2022,3,5,0,58,53.09,0.0,0,4,0,43,0.001,0.061,1,2022-03-05T00:58:53.090Z
1017521_20220727_021747,104936,40.511853,-124.424032,23.528,-16252.1,-4261.8,2100.7,0.8,0.7,0.8,2022,7,27,2,17,47.61,0.0,0,3,0,38,0.001,0.093,1,2022-07-27T02:17:47.610Z
nc73847481_20200127_095113,104940,40.517867,-124.495581,15.991,-22313.4,-3594.0,-5436.4,0.6,0.7,1.1,2020,1,27,9,51,13.96,0.0,5,3,25,17,0.008,0.048,1,2020-01-27T09:51:13.960Z
nc73847481_20200220_063259,104941,40.517961,-124.49161,15.795,-21976.9,-3583.6,-5632.0,0.7,0.8,1.4,2020,2,20,6,32,59.46,0.0,2,4,18,30,0.007,0.033,1,2020-02-20T06:32:59.460Z
nc73847481_20200406_092120,104942,40.521667,-124.491821,14.507,-21994.2,-3172.0,-6920.4,0.6,0.8,1.8,2020,4,6,9,21,21.11,0.0,2,1,16,24,0.002,0.032,1,2020-04-06T09:21:21.110Z
nc73847481_20201217_164108,104943,40.517619,-124.49445,15.719,-22217.6,-3621.5,-5708.5,0.5,0.7,0.7,2020,12,17,16,41,8.65,0.0,4,7,25,43,0.006,0.04,1,2020-12-17T16:41:08.650Z
nc73847481_20201219_141819,104944,40.518042,-124.489103,15.706,-21764.5,-3574.5,-5721.7,0.3,0.4,1.0,2020,12,19,14,18,19.61,0.0,4,5,0,0,0.002,-9.0,1,2020-12-19T14:18:19.610Z
nc73847481_20210524_004045,104945,40.520943,-124.496647,15.863,-22403.2,-3252.4,-5564.2,0.3,0.3,0.9,2021,5,24,0,40,45.56,0.0,0,5,0,26,0.001,0.031,1,2021-05-24T00:40:45.560Z
nc73847481_20211106_033812,104946,40.520064,-124.497982,15.876,-22516.4,-3350.0,-5551.0,0.5,0.5,1.1,2021,11,6,3,38,12.52,0.0,0,6,0,31,0.005,0.03,1,2021-11-06T03:38:12.520Z
nc73824401_20210401_044623,105385,40.552124,-123.973999,21.525,21872.1,210.1,98.1,0.4,0.5,0.3,2021,4,1,4,46,23.9,0.0,2,4,22,40,0.007,0.038,1,2021-04-01T04:46:23.900Z
1015754_20210523_154405,105390,40.594267,-123.955648,21.42,23419.1,4889.9,-7.2,0.9,0.7,0.8,2021,5,23,15,44,4.9,0.0,2,1,13,5,0.004,0.069,1,2021-05-23T15:44:04.900Z
1015754_20210630_054947,105391,40.603813,-123.986784,22.173,20781.2,5949.9,745.3,0.9,0.4,0.7,2021,6,30,5,49,47.74,0.0,1,4,6,15,0.003,0.093,1,2021-06-30T05:49:47.740Z
1010988_20210417_111327,105476,40.760913,-123.871818,20.751,30479.9,23395.2,-676.7,0.7,0.4,1.2,2021,4,17,11,13,27.65,0.0,0,2,0,8,0.0,0.018,1,2021-04-17T11:13:27.650Z
1010988_20210516_182108,105477,40.760392,-123.86731,19.989,30861.3,23337.3,-1438.7,0.4,0.3,0.5,2021,5,16,18,21,8.44,0.0,1,1,1,3,0.0,0.104,1,2021-05-16T18:21:08.440Z
1010988_20220504_033442,105483,40.758695,-123.861523,20.725,31351.0,23148.9,-701.8,0.8,0.5,0.8,2022,5,4,3,34,42.94,0.0,0,3,0,8,0.002,0.016,1,2022-05-04T03:34:42.940Z
1010548_20200208_022857,105706,40.59731,-124.042773,21.832,16041.3,5227.8,404.4,0.8,0.6,0.7,2020,2,8,2,28,57.17,0.0,1,3,8,29,0.006,0.085,1,2020-02-08T02:28:57.170Z
1010548_20210821_033328,105713,40.597884,-124.063501,23.374,14286.1,5291.6,1946.7,0.9,0.5,1.0,2021,8,21,3,33,28.12,0.0,0,4,0,16,0.006,0.122,1,2021-08-21T03:33:28.120Z
1012903_20200208_195244,105954,40.544682,-124.061263,19.777,14481.3,-616.3,-1649.9,0.5,0.4,0.5,2020,2,8,19,52,44.32,0.0,0,5,0,40,0.004,0.031,1,2020-02-08T19:52:44.320Z
1012903_20200223_010617,105955,40.541504,-124.064746,19.52,14186.6,-969.2,-1907.1,0.5,0.5,0.5,2020,2,23,1,6,17.65,0.0,1,4,6,39,0.002,0.035,1,2020-02-23T01:06:17.650Z
1012903_20201023_103125,105956,40.540474,-124.075618,20.065,13265.7,-1083.5,-1362.1,0.6,0.6,0.6,2020,10,23,10,31,25.67,0.0,0,4,0,15,0.002,0.134,1,2020-10-23T10:31:25.670Z
1012903_20210219_150205,105957,40.548295,-124.067456,19.261,13956.3,-215.1,-2165.9,0.7,0.6,0.7,2021,2,19,15,2,5.84,0.0,0,3,0,19,0.002,0.058,1,2021-02-19T15:02:05.840Z
1012903_20210727_124223,105958,40.54447,-124.062052,19.849,14414.5,-639.8,-1577.8,0.8,0.5,0.5,2021,7,27,12,42,23.81,0.0,0,4,0,27,0.005,0.056,1,2021-07-27T12:42:23.810Z
1012903_20210906_015748,105960,40.543075,-124.068245,19.26,13890.0,-794.8,-2167.3,0.5,0.5,0.7,2021,9,6,1,57,48.59,0.0,1,4,5,23,0.003,0.036,1,2021-09-06T01:57:48.590Z
1012903_20211030_155435,105961,40.543835,-124.070256,21.743,13719.6,-710.3,316.1,0.6,0.7,1.1,2021,10,30,15,54,35.95,0.0,0,3,0,15,0.005,0.079,1,2021-10-30T15:54:35.950Z
1011660_20200419_130857,106005,40.587952,-124.093929,19.724,11710.5,4188.6,-1703.1,2.2,0.5,0.5,2020,4,19,13,8,57.49,0.0,1,1,8,20,0.0,0.102,1,2020-04-19T13:08:57.490Z
1011660_20200607_184739,106006,40.596627,-124.093099,18.69,11780.0,5151.9,-2737.7,1.1,0.7,1.1,2020,6,7,18,47,39.8,0.0,2,1,12,8,0.001,0.042,1,2020-06-07T18:47:39.800Z
1011660_20200720_164535,106007,40.59386,-124.085229,19.139,12446.6,4844.7,-2287.8,0.8,0.4,0.4,2020,7,20,16,45,35.52,0.0,1,4,12,34,0.004,0.048,1,2020-07-20T16:45:35.520Z
1011660_20211125_113145,106008,40.593636,-124.083236,19.245,12615.5,4819.8,-2182.2,0.7,0.4,0.5,2021,11,25,11,31,45.61,0.0,2,5,26,65,0.004,0.044,1,2021-11-25T11:31:45.610Z
1011660_20220131_024632,106009,40.593884,-124.084009,19.189,12550.0,4847.4,-2238.7,0.7,0.5,0.8,2022,1,31,2,46,32.37,0.0,2,4,27,47,0.005,0.038,1,2022-01-31T02:46:32.370Z
nc73838976_20200211_175425,106065,40.534558,-124.390153,25.467,-13379.3,-1740.5,4039.4,0.8,0.6,1.1,2020,2,11,17,54,25.76,0.0,1,4,5,16,0.005,0.053,1,2020-02-11T17:54:25.760Z
1013452_20210722_123841,106069,40.500216,-124.446216,16.101,-18133.3,-5554.1,-5326.7,0.5,0.4,1.4,2021,7,22,12,38,42.14,0.0,2,0,24,23,0.0,0.072,1,2021-07-22T12:38:42.140Z
1013452_20210821_072112,106070,40.506547,-124.449243,15.75,-18388.9,-4851.0,-5677.5,0.5,0.7,0.6,2021,8,21,7,21,12.51,0.0,2,1,22,16,0.002,0.06,1,2021-08-21T07:21:12.510Z
nc73833021_20200213_230746,106079,40.63245,-123.986792,26.218,20776.1,9130.0,4790.7,0.9,1.0,1.0,2020,2,13,23,7,47.12,0.0,3,8,9,21,0.008,0.059,1,2020-02-13T23:07:47.120Z
nc73833021_20200227_010909,106080,40.644902,-123.978898,27.313,21442.3,10512.6,5886.0,0.6,0.4,0.8,2020,2,27,1,9,9.98,0.0,3,0,4,0,0.0,0.016,1,2020-02-27T01:09:09.980Z
nc73833021_20200629_064606,106081,40.640914,-123.988542,25.877,20626.7,10069.8,4449.3,0.9,0.8,0.7,2020,6,29,6,46,6.96,0.0,5,10,13,26,0.007,0.032,1,2020-06-29T06:46:06.960Z
nc73833021_20211114_165017,106082,40.633875,-123.977938,26.348,21525.4,9288.1,4920.9,0.7,0.3,1.1,2021,11,14,16,50,17.78,0.0,2,0,4,4,0.0,0.084,1,2021-11-14T16:50:17.780Z
nc73833021_20220210_021950,106083,40.64012,-123.984188,25.925,20995.3,9981.7,4497.4,0.9,0.7,0.7,2022,2,10,2,19,51.08,0.0,4,7,15,24,0.004,0.029,1,2022-02-10T02:19:51.080Z
nc73833021_20220603_060403,106084,40.641353,-123.982397,25.754,21146.7,10118.6,4327.0,1.0,0.6,0.9,2022,6,3,6,4,3.93,0.0,4,6,17,24,0.006,0.046,1,2022-06-03T06:04:03.930Z
1011665_20211102_044956,106096,40.58134,-124.207145,20.328,2123.3,3454.4,-1098.9,0.9,0.4,0.7,2021,11,2,4,49,56.86,0.0,1,3,10,19,0.001,0.109,1,2021-11-02T04:49:56.860Z
1013551_20220706_112904,106102,40.514722,-124.414705,20.112,-15461.5,-3943.2,-1315.3,1.7,1.8,2.2,2022,7,6,11,29,4.49,0.0,0,0,24,18,-9.0,0.029,1,2022-07-06T11:29:04.490Z
1013551_20220816_080008,106103,40.515019,-124.416504,19.831,-15613.9,-3910.3,-1595.9,2.2,2.3,5.3,2022,8,16,8,0,8.09,0.0,0,0,10,6,-9.0,0.027,1,2022-08-16T08:00:08.090Z
1013551_20220829_215739,106104,40.515316,-124.415812,19.874,-15555.2,-3877.3,-1553.1,1.6,1.9,4.1,2022,8,29,21,57,39.9,0.0,0,0,8,23,-9.0,0.033,1,2022-08-29T21:57:39.900Z
1009449_20210913_000406,106135,40.553182,-124.215723,16.98,1397.2,327.6,-4447.0,0.3,0.3,0.7,2021,9,13,0,4,6.25,0.0,1,3,11,33,0.002,0.04,1,2021-09-13T00:04:06.250Z
1012517_20210904_051346,106440,40.554879,-124.052433,21.975,15228.1,516.0,547.8,1.5,1.2,1.9,2021,9,4,5,13,46.44,0.0,2,0,14,16,0.0,0.1,1,2021-09-04T05:13:46.440Z
1014224_20210827_014405,106496,40.593591,-124.106852,19.554,10615.7,4814.9,-1873.1,0.7,0.5,0.5,2021,8,27,1,44,5.29,0.0,1,4,10,31,0.002,0.041,1,2021-08-27T01:44:05.290Z
1014224_20211130_005156,106497,40.593042,-124.105745,19.57,10709.4,4753.9,-1856.9,0.8,0.9,0.9,2021,11,30,0,51,56.88,0.0,3,2,25,33,0.004,0.049,1,2021-11-30T00:51:56.880Z
1014224_20220108_111511,106499,40.593237,-124.10568,19.642,10714.9,4775.5,-1785.4,0.5,0.3,0.5,2022,1,8,11,15,12.04,0.0,2,2,18,27,0.001,0.032,1,2022-01-08T11:15:12.040Z
nc73845416_20200220_172649,106609,40.614311,-123.836458,26.96,33506.8,7115.7,5532.9,0.9,0.5,1.0,2020,2,20,17,26,49.4,0.0,2,4,5,10,0.004,0.093,1,2020-02-20T17:26:49.400Z
nc73845416_20200717_165808,106610,40.608354,-123.84681,27.459,32631.8,6454.2,6031.5,0.5,0.4,0.5,2020,7,17,16,58,9.27,0.0,4,7,19,21,0.004,0.063,1,2020-07-17T16:58:09.270Z
nc73845416_20211124_021155,106612,40.60717,-123.848185,28.746,32515.6,6322.7,7318.3,1.1,1.0,1.2,2021,11,24,2,11,55.92,0.0,5,0,17,9,0.007,0.113,1,2021-11-24T02:11:55.920Z
nc73845416_20220521_015858,106613,40.611149,-123.849365,27.653,32414.8,6764.6,6225.3,0.6,0.5,0.7,2022,5,21,1,58,58.71,0.0,5,5,18,17,0.004,0.065,1,2022-05-21T01:58:58.710Z
1010710_20200221_120153,106614,40.507629,-124.413688,22.555,-15376.2,-4730.8,1127.6,2.6,3.5,4.8,2020,2,21,12,1,53.09,0.0,0,0,6,2,-9.0,0.026,1,2020-02-21T12:01:53.090Z
1012930_20200222_020327,106677,40.570935,-124.072111,19.852,13559.7,2299.0,-1575.0,0.7,0.8,0.8,2020,2,22,2,3,27.25,0.0,2,2,12,19,0.004,0.054,1,2020-02-22T02:03:27.250Z
1012930_20210219_101753,106678,40.573149,-124.073942,20.042,13404.5,2544.8,-1385.5,0.7,0.4,0.4,2021,2,19,10,17,52.98,0.0,1,5,8,22,0.001,0.066,1,2021-02-19T10:17:52.980Z
1012930_20220122_185002,106679,40.57747,-124.069173,19.561,13807.9,3024.6,-1866.7,0.8,0.9,0.6,2022,1,22,18,50,2.72,0.0,1,3,10,35,0.006,0.077,1,2022-01-22T18:50:02.720Z
1012260_20200225_104125,106849,40.553406,-123.978727,21.304,21471.4,352.4,-123.0,0.5,0.7,0.5,2020,2,25,10,41,25.52,0.0,1,3,10,29,0.003,0.05,1,2020-02-25T10:41:25.520Z
1012260_20200621_160947,106850,40.547709,-123.974845,21.4,21801.1,-280.1,-27.2,0.8,0.6,0.6,2020,6,21,16,9,47.74,0.0,1,4,10,27,0.002,0.023,1,2020-06-21T16:09:47.740Z
1012260_20210616_140025,106852,40.539095,-123.965535,21.932,22591.1,-1236.7,504.5,0.5,0.5,0.7,2021,6,16,14,0,26.13,0.0,2,0,12,10,0.0,0.068,1,2021-06-16T14:00:26.130Z
1012260_20210617_114036,106853,40.549443,-123.976335,21.874,21674.6,-87.7,446.8,0.9,0.8,1.2,2021,6,17,11,40,36.13,0.0,2,1,16,14,0.007,0.088,1,2021-06-17T11:40:36.130Z
1012260_20220927_043450,106855,40.551392,-123.974202,21.507,21854.9,128.8,79.9,0.8,0.7,0.7,2022,9,27,4,34,50.87,0.0,1,3,11,33,0.003,0.02,1,2022-09-27T04:34:50.870Z
1013261_20210402_114502,106908,40.622725,-124.302311,19.898,-5934.0,8050.1,-1529.4,1.1,0.7,1.4,2021,4,2,11,45,2.15,0.0,3,2,21,18,0.009,0.017,1,2021-04-02T11:45:02.150Z
1013261_20210407_015518,106909,40.624443,-124.299829,19.273,-5723.8,8240.7,-2154.4,1.4,0.5,2.1,2021,4,7,1,55,17.96,0.0,2,2,12,12,0.008,0.013,1,2021-04-07T01:55:17.960Z
1013261_20211017_142053,106910,40.621252,-124.302246,20.116,-5928.5,7886.5,-1310.8,0.8,0.5,1.6,2021,10,17,14,20,53.37,0.0,4,2,45,38,0.002,0.037,1,2021-10-17T14:20:53.370Z
1013261_20220714_073802,106916,40.62408,-124.298942,19.575,-5648.7,8200.5,-1851.8,1.1,0.5,1.2,2022,7,14,7,38,2.75,0.0,3,2,20,16,0.004,0.024,1,2022-07-14T07:38:02.750Z
1015893_20200229_062539,106917,40.50352,-124.331812,19.145,-8438.9,-5187.2,-2281.7,0.7,0.8,0.8,2020,2,29,6,25,39.81,0.0,2,1,14,13,0.001,0.062,1,2020-02-29T06:25:39.810Z
1015893_20200625_123913,106919,40.505212,-124.338753,18.414,-9027.0,-4999.2,-3013.3,0.8,0.9,0.9,2020,6,25,12,39,13.9,0.0,3,1,42,13,0.004,0.037,1,2020-06-25T12:39:13.900Z
1015893_20200626_135155,106920,40.504858,-124.339372,18.316,-9079.4,-5038.5,-3111.5,0.9,1.0,1.1,2020,6,26,13,51,55.83,0.0,3,1,42,13,0.005,0.038,1,2020-06-26T13:51:55.830Z
1015893_20200627_090818,106921,40.504561,-124.339062,18.348,-9053.2,-5071.5,-3079.6,0.9,0.9,1.0,2020,6,27,9,8,18.92,0.0,3,1,42,13,0.004,0.034,1,2020-06-27T09:08:18.920Z
1015893_20200715_154931,106924,40.501025,-124.334066,18.758,-8630.1,-5464.2,-2669.5,0.8,1.0,1.0,2020,7,15,15,49,31.89,0.0,3,2,39,15,0.004,0.028,1,2020-07-15T15:49:31.890Z
1015893_20200715_025513,106925,40.504521,-124.339054,18.351,-9052.6,-5076.0,-3076.3,0.9,0.9,1.0,2020,7,15,2,55,13.84,0.0,3,1,42,13,0.004,0.034,1,2020-07-15T02:55:13.840Z
1015893_20200715_050039,106926,40.50092,-124.334342,18.877,-8653.5,-5475.9,-2550.7,0.9,1.0,1.2,2020,7,15,5,0,40.06,0.0,2,2,16,10,0.002,0.043,1,2020-07-15T05:00:40.060Z
1015893_20200715_194035,106927,40.504622,-124.339201,18.44,-9065.0,-5064.7,-2986.9,0.8,0.9,1.0,2020,7,15,19,40,35.38,0.0,3,1,42,13,0.004,0.037,1,2020-07-15T19:40:35.380Z
1015893_20200716_160018,106930,40.50461,-124.33894,18.384,-9042.9,-5066.1,-3043.7,1.5,1.5,2.2,2020,7,16,16,0,18.69,0.0,3,1,42,13,0.009,0.04,1,2020-07-16T16:00:18.690Z
1015893_20200716_122609,106931,40.502124,-124.330241,19.523,-8305.9,-5342.2,-1904.5,0.9,1.2,1.0,2020,7,16,12,26,9.76,0.0,1,2,16,10,0.001,0.045,1,2020-07-16T12:26:09.760Z
1015893_20201120_171256,106933,40.50518,-124.341243,18.704,-9238.0,-5002.8,-2723.5,0.7,0.7,0.7,2020,11,20,17,12,56.08,0.0,4,0,36,0,0.001,0.031,1,2020-11-20T17:12:56.080Z
1015893_20210512_183223,106934,40.509359,-124.328027,18.613,-8117.9,-4538.8,-2814.5,0.7,0.8,1.2,2021,5,12,18,32,23.12,0.0,3,0,15,5,0.001,0.06,1,2021-05-12T18:32:23.120Z
1015893_20210711_050612,106937,40.509851,-124.328076,18.316,-8122.0,-4484.1,-3111.4,0.9,0.8,1.9,2021,7,11,5,6,12.6,0.0,3,0,93,26,0.003,0.026,1,2021-07-11T05:06:12.600Z
1015893_20210711_071755,106939,40.510205,-124.328019,18.429,-8117.2,-4444.8,-2998.5,1.1,1.1,0.9,2021,7,11,7,17,55.8,0.0,4,0,66,19,0.008,0.023,1,2021-07-11T07:17:55.800Z
1015893_20210711_041440,106940,40.508346,-124.326465,19.009,-7985.6,-4651.3,-2418.6,1.0,0.9,1.1,2021,7,11,4,14,40.04,0.0,3,0,44,15,0.002,0.034,1,2021-07-11T04:14:40.040Z
1015893_20210711_033634,106941,40.508472,-124.326636,19.004,-8000.1,-4637.3,-2423.4,1.0,0.9,1.2,2021,7,11,3,36,34.8,0.0,3,0,65,22,0.002,0.027,1,2021-07-11T03:36:34.800Z
1015893_20210711_021401,106942,40.510148,-124.327458,18.436,-8069.6,-4451.1,-2991.6,1.0,0.9,1.3,2021,7,11,2,14,1.93,0.0,4,0,105,30,0.007,0.023,1,2021-07-11T02:14:01.930Z
1015893_20210711_074935,106943,40.50811,-124.326123,18.982,-7956.6,-4677.5,-2445.5,1.0,0.8,1.1,2021,7,11,7,49,35.6,0.0,3,0,50,17,0.002,0.026,1,2021-07-11T07:49:35.600Z
1015893_20210712_065259,106944,40.508407,-124.326481,18.986,-7987.0,-4644.5,-2441.2,1.0,0.9,1.2,2021,7,12,6,52,59.15,0.0,3,0,48,16,0.002,0.027,1,2021-07-12T06:52:59.150Z
1015893_20210712_073834,106945,40.509652,-124.327677,18.593,-8088.2,-4506.2,-2834.2,1.4,1.6,1.7,2021,7,12,7,38,34.84,0.0,4,0,91,25,0.01,0.023,1,2021-07-12T07:38:34.840Z
1015893_20210712_065205,106947,40.509941,-124.328206,18.288,-8133.0,-4474.2,-3139.7,0.8,0.8,1.8,2021,7,12,6,52,5.86,0.0,3,0,75,21,0.002,0.023,1,2021-07-12T06:52:05.860Z
1015893_20210712_065712,106948,40.509078,-124.326676,18.575,-8003.5,-4570.0,-2851.9,1.1,1.2,1.1,2021,7,12,6,57,12.78,0.0,4,1,63,18,0.007,0.036,1,2021-07-12T06:57:12.780Z
1015893_20210712_065115,106949,40.50966,-124.327629,18.597,-8084.1,-4505.3,-2830.5,1.4,1.5,1.7,2021,7,12,6,51,15.22,0.0,4,0,93,26,0.009,0.022,1,2021-07-12T06:51:15.220Z
1015893_20210712_221834,106950,40.509607,-124.327645,18.602,-8085.5,-4511.2,-2824.8,1.4,1.5,1.7,2021,7,12,22,18,34.78,0.0,4,0,67,18,0.009,0.026,1,2021-07-12T22:18:34.780Z
1015893_20210712_085854,106951,40.510352,-124.326969,18.502,-8028.2,-4428.5,-2925.6,0.8,0.8,0.8,2021,7,12,8,58,55.0,0.0,4,0,80,24,0.005,0.026,1,2021-07-12T08:58:55.000Z
1015893_20210712_084632,106952,40.509884,-124.328117,18.315,-8125.5,-4480.5,-3112.6,0.9,0.9,1.9,2021,7,12,8,46,32.72,0.0,3,0,94,26,0.003,0.021,1,2021-07-12T08:46:32.720Z
1015893_20210712_064836,106953,40.50898,-124.326034,18.702,-7949.0,-4580.8,-2725.6,1.1,0.8,0.9,2021,7,12,6,48,37.03,0.0,3,0,41,14,0.001,0.033,1,2021-07-12T06:48:37.030Z
1015893_20210712_065819,106954,40.509489,-124.327254,18.604,-8052.4,-4524.3,-2823.0,1.3,1.4,1.4,2021,7,12,6,58,19.71,0.0,4,0,96,27,0.009,0.025,1,2021-07-12T06:58:19.710Z
1015893_20210712_151857,106959,40.508915,-124.323999,18.833,-7776.6,-4588.0,-2594.1,1.0,0.7,1.1,2021,7,12,15,18,57.17,0.0,3,0,39,13,0.002,0.022,1,2021-07-12T15:18:57.170Z
1015893_20210712_121508,106960,40.508187,-124.32627,18.989,-7969.0,-4668.9,-2438.2,1.0,0.8,1.2,2021,7,12,12,15,8.37,0.0,3,0,41,14,0.002,0.023,1,2021-07-12T12:15:08.370Z
1015893_20210712_074257,106961,40.508525,-124.326685,19.011,-8004.2,-4631.4,-2416.0,1.0,0.9,1.1,2021,7,12,7,42,57.17,0.0,3,0,41,14,0.002,0.03,1,2021-07-12T07:42:57.170Z
1015893_20210712_080308,106962,40.508256,-124.326318,18.98,-7973.2,-4661.2,-2447.7,1.0,0.9,1.2,2021,7,12,8,3,8.52,0.0,3,0,62,21,0.002,0.026,1,2021-07-12T08:03:08.520Z
1015893_20210712_053343,106964,40.50826,-124.326221,18.96,-7964.9,-4660.8,-2467.1,1.1,0.9,1.2,2021,7,12,5,33,43.59,0.0,3,0,71,24,0.002,0.027,1,2021-07-12T05:33:43.590Z
1015893_20210712_085641,106965,40.508329,-124.326546,19.048,-7992.5,-4653.1,-2379.1,1.0,0.8,1.1,2021,7,12,8,56,41.3,0.0,3,0,71,24,0.002,0.026,1,2021-07-12T08:56:41.300Z
1015893_20210713_033441,106967,40.509399,-124.327539,18.516,-8076.5,-4534.3,-2911.1,1.6,1.7,1.1,2021,7,13,3,34,41.17,0.0,4,0,87,25,0.012,0.021,1,2021-07-13T03:34:41.170Z
1015893_20210713_110010,106968,40.508049,-124.32723,19.003,-8050.4,-4684.3,-2424.2,1.0,0.9,1.3,2021,7,13,11,0,10.92,0.0,3,0,57,19,0.003,0.018,1,2021-07-13T11:00:10.920Z
1015893_20210715_175638,106970,40.507597,-124.322738,18.791,-7669.8,-4734.4,-2636.4,1.0,0.7,0.9,2021,7,15,17,56,38.94,0.0,3,1,49,25,0.004,0.029,1,2021-07-15T17:56:38.940Z
1015893_20210724_151723,106971,40.507841,-124.323145,18.759,-7704.3,-4707.3,-2668.0,1.2,0.8,1.0,2021,7,24,15,17,23.75,0.0,3,2,59,27,0.008,0.028,1,2021-07-24T15:17:23.750Z
1015893_20211220_234533,106974,40.510327,-124.330298,18.221,-8310.2,-4431.2,-3206.0,0.8,0.7,0.7,2021,12,20,23,45,33.32,0.0,3,1,33,11,0.001,0.033,1,2021-12-20T23:45:33.320Z
1015893_20211220_215442,106975,40.502376,-124.338118,18.724,-8973.4,-5314.1,-2703.2,0.7,0.7,0.7,2021,12,20,21,54,42.12,0.0,2,1,12,12,0.005,0.061,1,2021-12-20T21:54:42.120Z
1015893_20211221_122957,106977,40.511934,-124.332349,20.342,-8483.9,-4252.8,-1084.8,0.9,0.6,0.5,2021,12,21,12,29,57.24,0.0,2,0,15,2,0.0,0.079,1,2021-12-21T12:29:57.240Z
1015893_20211222_070908,106978,40.50057,-124.334871,18.881,-8698.4,-5514.8,-2546.7,0.9,1.0,0.8,2021,12,22,7,9,8.38,0.0,4,2,43,14,0.003,0.04,1,2021-12-22T07:09:08.380Z
1015893_20211222_170429,106979,40.503451,-124.333968,19.011,-8621.6,-5194.9,-2415.8,0.9,0.6,0.8,2021,12,22,17,4,29.64,0.0,2,3,12,16,0.005,0.059,1,2021-12-22T17:04:29.640Z
1015893_20211223_194335,106983,40.504891,-124.33842,18.615,-8998.7,-5034.9,-2812.1,0.9,0.7,0.9,2021,12,23,19,43,35.2,0.0,2,4,18,24,0.003,0.058,1,2021-12-23T19:43:35.200Z
1015893_20211223_062839,106984,40.507198,-124.326904,18.323,-8022.9,-4778.7,-3104.4,1.1,0.5,0.8,2021,12,23,6,28,39.53,0.0,2,1,25,19,0.003,0.041,1,2021-12-23T06:28:39.530Z
1015893_20211225_004106,106986,40.51025,-124.32784,18.623,-8102.0,-4439.8,-2803.8,0.9,0.8,0.8,2021,12,25,0,41,6.15,0.0,4,0,48,0,0.005,0.036,1,2021-12-25T00:41:06.150Z
1015893_20211231_073011,106988,40.509237,-124.326758,18.564,-8010.3,-4552.3,-2863.1,1.1,0.9,0.9,2021,12,31,7,30,12.01,0.0,2,0,7,4,0.0,0.128,1,2021-12-31T07:30:12.010Z
1015893_20220102_190603,106989,40.503097,-124.342065,19.145,-9307.8,-5234.2,-2282.5,0.9,0.8,1.2,2022,1,2,19,6,3.6,0.0,4,0,61,31,0.004,0.071,1,2022-01-02T19:06:03.600Z
1015893_20220102_184327,106990,40.506181,-124.329386,18.276,-8233.3,-4891.7,-3150.9,1.0,0.6,0.9,2022,1,2,18,43,27.8,0.0,3,0,25,19,0.005,0.06,1,2022-01-02T18:43:27.800Z
1015893_20220129_005604,106991,40.5033,-124.332601,19.273,-8505.8,-5211.6,-2154.0,1.0,0.9,1.0,2022,1,29,0,56,5.01,0.0,3,1,15,4,0.004,0.055,1,2022-01-29T00:56:05.010Z
1015893_20220220_075533,106992,40.505078,-124.332048,18.641,-8458.8,-5014.1,-2786.5,0.8,0.8,0.8,2022,2,20,7,55,34.02,0.0,4,4,84,42,0.007,0.056,1,2022-02-20T07:55:34.020Z
1015893_20220411_084835,106993,40.508077,-124.327214,19.452,-8049.0,-4681.1,-1975.2,1.0,0.8,0.9,2022,4,11,8,48,35.25,0.0,2,2,10,9,0.003,0.097,1,2022-04-11T08:48:35.250Z
1015893_20220514_051124,106995,40.509371,-124.324577,18.591,-7825.5,-4537.4,-2836.4,1.0,0.6,0.9,2022,5,14,5,11,24.63,0.0,3,0,33,11,0.001,0.021,1,2022-05-14T05:11:24.630Z
1015893_20220521_190631,106996,40.511019,-124.329989,18.143,-8284.0,-4354.4,-3284.4,0.7,0.7,0.8,2022,5,21,19,6,31.12,0.0,3,1,45,15,0.002,0.032,1,2022-05-21T19:06:31.120Z
1015893_20220718_041431,106997,40.506799,-124.322412,18.644,-7642.3,-4823.0,-2783.2,1.1,0.5,0.8,2022,7,18,4,14,31.85,0.0,2,2,20,19,0.005,0.037,1,2022-07-18T04:14:31.850Z
1011227_20200412_171325,107286,40.59589,-124.033626,24.304,16816.0,5070.2,2876.6,0.4,0.3,0.7,2020,4,12,17,13,25.48,0.0,2,0,12,5,0.001,0.113,1,2020-04-12T17:13:25.480Z
1011227_20200418_110743,107287,40.593001,-124.01897,22.708,18057.4,4749.3,1281.1,1.0,0.8,0.8,2020,4,18,11,7,43.02,0.0,2,1,22,29,0.002,0.121,1,2020-04-18T11:07:43.020Z
1011227_20201120_014241,107288,40.594592,-124.015251,23.101,18372.1,4926.0,1673.9,0.7,0.4,0.6,2020,11,20,1,42,40.91,0.0,2,3,25,35,0.004,0.068,1,2020-11-20T01:42:40.910Z
1011227_20201120_012358,107289,40.594629,-124.019092,23.055,18046.9,4930.1,1628.2,0.9,0.7,0.7,2020,11,20,1,23,58.15,0.0,3,2,41,35,0.003,0.067,1,2020-11-20T01:23:58.150Z
1011227_20201120_012056,107290,40.594592,-124.015145,23.095,18381.1,4926.0,1667.6,0.7,0.4,0.5,2020,11,20,1,20,56.84,0.0,2,2,20,18,0.001,0.078,1,2020-11-20T01:20:56.840Z
1011227_20201120_070823,107291,40.593506,-124.015706,23.296,18333.7,4805.4,1869.2,0.6,0.5,0.6,2020,11,20,7,8,22.87,0.0,2,3,21,29,0.002,0.074,1,2020-11-20T07:08:22.870Z
1011227_20211114_170404,107292,40.597668,-124.003101,23.008,19400.5,5267.6,1580.7,0.8,0.3,1.0,2021,11,14,17,4,4.4,0.0,2,0,23,42,0.0,0.073,1,2021-11-14T17:04:04.400Z
1011227_20211205_103119,107293,40.59609,-124.014282,22.236,18453.9,5092.3,809.1,0.7,0.6,0.7,2021,12,5,10,31,19.29,0.0,3,4,41,48,0.003,0.07,1,2021-12-05T10:31:19.290Z
1011227_20220127_030607,107297,40.589701,-123.994767,23.278,20107.3,4382.9,1850.3,0.3,0.2,0.5,2022,1,27,3,6,7.56,0.0,2,0,18,6,0.0,0.062,1,2022-01-27T03:06:07.560Z
nc73822826_20200307_095350,107337,40.511597,-124.42653,23.558,-16463.8,-4290.3,2131.2,1.3,2.2,1.7,2020,3,7,9,53,49.95,0.0,0,0,2,0,-9.0,0.0,1,2020-03-07T09:53:49.950Z
nc73822826_20200923_152724,107338,40.486434,-124.453296,26.425,-18735.1,-7084.5,4998.2,0.7,0.4,0.6,2020,9,23,15,27,24.31,0.0,2,4,6,15,0.004,0.078,1,2020-09-23T15:27:24.310Z
nc73822826_20220503_130848,107341,40.503418,-124.430306,25.651,-16784.7,-5198.5,4224.1,0.7,0.6,0.8,2022,5,3,13,8,47.75,0.0,0,4,0,9,0.004,0.06,1,2022-05-03T13:08:47.750Z
1015032_20211220_225405,107359,40.527291,-124.381706,25.037,-12664.4,-2547.5,3609.3,0.5,0.6,1.1,2021,12,20,22,54,5.44,0.0,2,4,13,22,0.007,0.069,1,2021-12-20T22:54:05.440Z
1015032_20211220_215714,107361,40.525045,-124.401131,23.137,-14310.3,-2796.9,1709.8,0.7,0.5,0.7,2021,12,20,21,57,13.8,0.0,1,1,1,2,0.0,0.08,1,2021-12-20T21:57:13.800Z
1015916_20211116_044039,107370,40.47699,-124.535189,26.01,-25676.9,-8133.2,4582.8,0.7,1.2,2.2,2021,11,16,4,40,39.23,0.0,3,0,6,1,0.002,0.021,1,2021-11-16T04:40:39.230Z
1015916_20220403_192804,107371,40.470296,-124.531852,23.743,-25395.4,-8876.5,2315.8,0.4,0.6,0.4,2022,4,3,19,28,4.0,0.0,3,1,13,9,0.002,0.073,1,2022-04-03T19:28:04.000Z
1014978_20200311_224736,107574,40.468241,-124.427287,19.304,-16533.2,-9104.7,-2123.4,0.6,0.9,0.6,2020,3,11,22,47,36.96,0.0,2,0,3,4,0.0,0.104,1,2020-03-11T22:47:36.960Z
1014978_20210921_122442,107579,40.472217,-124.429256,19.869,-16699.6,-8663.2,-1558.1,0.5,0.8,0.8,2021,9,21,12,24,42.29,0.0,2,2,12,15,0.003,0.037,1,2021-09-21T12:24:42.290Z
1014978_20211016_022043,107580,40.471541,-124.431144,19.393,-16859.7,-8738.2,-2033.8,0.5,0.6,0.9,2021,10,16,2,20,43.58,0.0,1,4,3,10,0.004,0.027,1,2021-10-16T02:20:43.580Z
1014978_20220205_074332,107582,40.483618,-124.436361,19.384,-17300.3,-7397.2,-2042.8,0.7,1.0,1.8,2022,2,5,7,43,32.58,0.0,2,2,3,3,0.006,0.071,1,2022-02-05T07:43:32.580Z
1014978_20220219_192829,107583,40.471415,-124.429688,19.849,-16736.3,-8752.2,-1578.3,1.2,1.1,0.7,2022,2,19,19,28,29.06,0.0,1,3,5,13,0.009,0.042,1,2022-02-19T19:28:29.060Z
1014978_20220221_152050,107584,40.469377,-124.427181,19.708,-16524.1,-8978.6,-1719.4,0.9,0.9,1.2,2022,2,21,15,20,50.37,0.0,2,1,4,4,0.002,0.007,1,2022-02-21T15:20:50.370Z
1014978_20220308_135208,107585,40.469405,-124.427279,19.705,-16532.4,-8975.4,-1722.6,1.1,0.9,1.2,2022,3,8,13,52,8.73,0.0,2,1,4,4,0.003,0.006,1,2022-03-08T13:52:08.730Z
1014978_20220317_054551,107586,40.472115,-124.430672,19.92,-16819.7,-8674.5,-1507.0,0.6,0.7,0.6,2022,3,17,5,45,51.77,0.0,2,3,5,9,0.006,0.029,1,2022-03-17T05:45:51.770Z
1009087_20211225_224923,107609,40.570064,-123.956494,21.507,23351.7,2202.3,80.1,0.5,0.4,0.4,2021,12,25,22,49,23.48,0.0,3,0,26,8,0.001,0.047,1,2021-12-25T22:49:23.480Z
1012032_20200320_115438,107620,40.508167,-124.481087,27.431,-21086.9,-4671.2,6004.0,2.9,3.2,2.1,2020,3,20,11,54,38.14,0.0,0,0,10,15,-9.0,0.055,1,2020-03-20T11:54:38.140Z
1012032_20200320_222821,107621,40.501493,-124.50634,26.368,-23227.7,-5412.2,4940.4,0.6,1.0,1.0,2020,3,20,22,28,21.2,0.0,0,3,0,29,0.001,0.042,1,2020-03-20T22:28:21.200Z
1012032_20200321_201807,107622,40.507589,-124.505664,26.285,-23169.4,-4735.3,4857.3,0.3,0.6,1.0,2020,3,21,20,18,7.56,0.0,1,2,10,49,0.001,0.077,1,2020-03-21T20:18:07.560Z
1012032_20200321_190001,107623,40.506893,-124.505322,26.272,-23140.6,-4812.6,4844.9,0.3,0.6,1.0,2020,3,21,19,0,1.46,0.0,1,2,10,49,0.001,0.076,1,2020-03-21T19:00:01.460Z
1012032_20200418_110019,107626,40.497929,-124.498071,27.049,-22527.7,-5808.0,5621.6,0.8,1.0,1.0,2020,4,18,11,0,19.26,0.0,1,2,7,19,0.002,0.06,1,2020-04-18T11:00:19.260Z
1012032_20200429_150511,107627,40.499231,-124.514771,27.461,-23942.5,-5663.4,6033.5,0.6,0.6,1.0,2020,4,29,15,5,11.14,0.0,1,2,1,3,0.003,0.046,1,2020-04-29T15:05:11.140Z
1012032_20210623_051447,107635,40.499829,-124.502165,27.334,-22874.2,-5597.0,5907.0,0.8,0.6,0.9,2021,6,23,5,14,47.37,0.0,1,4,11,51,0.004,0.06,1,2021-06-23T05:14:47.370Z
1012032_20210627_153022,107636,40.503573,-124.503939,26.935,-23023.9,-5181.3,5507.4,0.3,0.3,0.6,2021,6,27,15,30,22.31,0.0,0,4,0,28,0.002,0.046,1,2021-06-27T15:30:22.310Z
1012032_20210829_173205,107638,40.507747,-124.511759,25.187,-23685.8,-4717.7,3760.1,1.5,1.3,2.6,2021,8,29,17,32,5.86,0.0,2,1,9,16,0.003,0.067,1,2021-08-29T17:32:05.860Z
1012032_20210901_050536,107639,40.500069,-124.504004,27.732,-23030.0,-5570.3,6304.3,0.4,0.7,1.1,2021,9,1,5,5,36.65,0.0,0,4,0,4,0.002,0.014,1,2021-09-01T05:05:36.650Z
1012032_20211007_190824,107641,40.501742,-124.503638,27.439,-22998.7,-5384.6,6011.5,0.4,0.3,0.7,2021,10,7,19,8,24.06,0.0,0,4,0,28,0.003,0.046,1,2021-10-07T19:08:24.060Z
1012032_20211030_234023,107644,40.491296,-124.507031,27.563,-23288.1,-6544.5,6136.0,0.3,0.4,0.4,2021,10,30,23,40,23.22,0.0,1,2,5,15,0.0,0.102,1,2021-10-30T23:40:23.220Z
1012032_20211120_084457,107645,40.498669,-124.496696,27.524,-22411.0,-5725.8,6097.0,0.6,0.8,0.7,2021,11,20,8,44,58.06,0.0,1,2,6,17,0.003,0.061,1,2021-11-20T08:44:58.060Z
1012032_20211218_085503,107648,40.503597,-124.495378,28.102,-22298.5,-5178.6,6674.6,0.3,0.6,0.4,2021,12,18,8,55,3.85,0.0,0,2,0,28,0.0,0.083,1,2021-12-18T08:55:03.850Z
1012032_20220112_113459,107651,40.505847,-124.48868,26.354,-21730.6,-4928.7,4926.9,0.4,0.4,0.4,2022,1,12,11,34,59.7,0.0,2,0,10,5,0.0,0.082,1,2022-01-12T11:34:59.700Z
1012032_20220413_235743,107654,40.489929,-124.50437,26.706,-23062.8,-6696.3,5278.4,0.5,0.7,1.7,2022,4,13,23,57,43.88,0.0,2,2,5,16,0.008,0.082,1,2022-04-13T23:57:43.880Z
1012032_20220729_163802,107655,40.495776,-124.493075,26.738,-22104.6,-6047.0,5311.0,2.3,2.9,4.5,2022,7,29,16,38,3.09,0.0,0,0,2,6,-9.0,0.065,1,2022-07-29T16:38:03.090Z
1012032_20220810_022535,107656,40.487813,-124.502482,28.379,-22903.1,-6931.3,6951.3,0.4,0.6,0.3,2022,8,10,2,25,35.32,0.0,2,0,3,3,0.0,0.135,1,2022-08-10T02:25:35.320Z
1012032_20220823_065735,107657,40.491089,-124.497493,28.046,-22479.8,-6567.6,6618.3,0.6,0.6,0.3,2022,8,23,6,57,36.11,0.0,1,1,5,14,0.0,0.105,1,2022-08-23T06:57:36.110Z
1012032_20221016_170616,107661,40.494816,-124.519092,26.305,-24309.5,-6153.7,4878.1,0.4,0.4,0.7,2022,10,16,17,6,16.56,0.0,1,2,16,31,0.002,0.091,1,2022-10-16T17:06:16.560Z
1012032_20221016_213102,107662,40.493722,-124.510441,27.61,-23576.6,-6275.2,6182.8,0.5,0.6,1.1,2022,10,16,21,31,2.78,0.0,1,2,6,18,0.003,0.083,1,2022-10-16T21:31:02.780Z
1012032_20221016_170017,107663,40.494678,-124.50992,27.606,-23532.3,-6169.0,6178.3,0.5,0.7,1.1,2022,10,16,17,0,17.08,0.0,1,2,6,18,0.003,0.078,1,2022-10-16T17:00:17.080Z
nc73822376_20200313_192041,107664,40.524272,-124.388908,23.691,-13274.9,-2882.8,2263.8,0.8,0.9,0.9,2020,3,13,19,20,41.18,0.0,3,3,19,24,0.006,0.037,1,2020-03-13T19:20:41.180Z
1012369_20200427_034618,107680,40.562048,-123.99716,22.621,19908.8,1312.2,1193.8,1.0,0.2,0.2,2020,4,27,3,46,18.31,0.0,0,1,0,5,0.0,0.045,1,2020-04-27T03:46:18.310Z
1012369_20201111_112254,107683,40.562252,-124.014705,22.554,18422.7,1334.7,1127.1,0.5,0.3,0.3,2020,11,11,11,22,54.48,0.0,3,4,17,23,0.002,0.059,1,2020-11-11T11:22:54.480Z
1012369_20211225_230526,107687,40.561247,-123.999064,22.101,19747.6,1223.1,674.1,0.4,0.4,0.5,2021,12,25,23,5,26.34,0.0,2,2,12,10,0.001,0.074,1,2021-12-25T23:05:26.340Z
1009456_20200318_225840,107808,40.546761,-124.195825,27.153,3082.8,-385.4,5725.4,0.6,0.5,0.9,2020,3,18,22,58,40.68,0.0,2,2,2,3,0.002,0.013,1,2020-03-18T22:58:40.680Z
1010330_20210121_210856,107818,40.463554,-123.820133,23.181,34927.9,-9625.2,1753.6,0.6,1.1,0.6,2021,1,21,21,8,56.84,0.0,3,1,9,8,0.001,0.013,1,2021-01-21T21:08:56.840Z
1010330_20210124_194559,107819,40.464323,-123.818709,23.16,35048.4,-9539.8,1733.2,0.7,1.3,1.0,2021,1,24,19,45,59.8,0.0,3,2,7,6,0.007,0.009,1,2021-01-24T19:45:59.800Z
1010330_20220124_233418,107820,40.466565,-123.821151,23.069,34840.9,-9290.8,1641.5,0.6,0.8,0.6,2022,1,24,23,34,18.88,0.0,2,3,6,7,0.002,0.011,1,2022-01-24T23:34:18.880Z
1010330_20221120_170454,107823,40.469824,-123.822697,23.186,34709.0,-8928.9,1759.0,0.4,0.7,0.5,2022,11,20,17,4,54.28,0.0,2,2,4,4,0.001,0.014,1,2022-11-20T17:04:54.280Z
1011909_20200318_233229,107825,40.515527,-124.418343,19.945,-15769.7,-3853.8,-1482.0,0.9,1.0,1.1,2020,3,18,23,32,29.32,0.0,0,0,49,39,-9.0,0.035,1,2020-03-18T23:32:29.320Z
1015761_20200318_044058,107844,40.621781,-124.311076,19.837,-6676.0,7945.2,-1589.9,0.5,0.4,1.1,2020,3,18,4,40,58.5,0.0,1,3,5,11,0.002,0.017,1,2020-03-18T04:40:58.500Z
1015761_20220123_163025,107847,40.622127,-124.306584,21.138,-6295.7,7983.6,-289.1,0.8,0.5,1.5,2022,1,23,16,30,25.17,0.0,1,3,5,11,0.004,0.016,1,2022-01-23T16:30:25.170Z
1015761_20221021_104628,107849,40.621806,-124.31167,19.596,-6726.3,7948.0,-1831.7,0.7,0.5,1.5,2022,10,21,10,46,28.38,0.0,1,3,5,11,0.004,0.018,1,2022-10-21T10:46:28.380Z
1017828_20200713_130840,107887,40.58206,-124.42854,23.012,-16625.4,3534.3,1584.6,0.5,0.5,0.7,2020,7,13,13,8,39.81,0.0,1,2,3,8,0.0,0.082,1,2020-07-13T13:08:39.810Z
1017828_20200815_034144,107888,40.580835,-124.432251,23.487,-16939.8,3398.3,2059.5,0.6,0.7,0.9,2020,8,15,3,41,44.74,0.0,2,4,7,15,0.004,0.035,1,2020-08-15T03:41:44.740Z
1017828_20210809_170853,107890,40.581213,-124.432731,23.425,-16980.4,3440.3,1998.0,0.5,0.6,0.8,2021,8,9,17,8,52.78,0.0,2,4,8,25,0.008,0.054,1,2021-08-09T17:08:52.780Z
1017828_20210811_005847,107891,40.583858,-124.431982,23.952,-16916.7,3734.0,2524.8,0.8,0.5,0.6,2021,8,11,0,58,47.21,0.0,1,4,2,7,0.007,0.04,1,2021-08-11T00:58:47.210Z
1017828_20220904_191325,107895,40.574654,-124.436051,22.824,-17262.5,2712.0,1397.1,1.0,0.5,1.1,2022,9,4,19,13,25.08,0.0,1,2,2,11,0.0,0.132,1,2022-09-04T19:13:25.080Z
nc73845886_20200722_005519,107928,40.582992,-124.427246,23.143,-16515.7,3637.8,1716.0,0.3,0.4,0.6,2020,7,22,0,55,19.89,0.0,1,5,1,6,0.004,0.046,1,2020-07-22T00:55:19.890Z
nc73845886_20211213_014642,107930,40.612553,-124.435425,22.963,-17204.6,6920.5,1535.3,1.2,0.7,0.9,2021,12,13,1,46,42.54,0.0,3,1,3,0,0.006,0.005,1,2021-12-13T01:46:42.540Z
1010811_20211114_000804,107964,40.535522,-124.398844,17.675,-14115.5,-1633.4,-3752.2,0.5,0.4,0.8,2021,11,14,0,8,4.28,0.0,2,1,22,29,0.001,0.107,1,2021-11-14T00:08:04.280Z
1010811_20211221_221312,107965,40.530595,-124.393604,17.424,-13672.0,-2180.6,-4002.9,1.9,2.0,3.3,2021,12,21,22,13,12.44,0.0,0,0,29,24,-9.0,0.039,1,2021-12-21T22:13:12.440Z
1010811_20221009_190502,107971,40.530912,-124.406527,16.878,-14766.8,-2145.4,-4549.3,0.5,0.4,0.7,2022,10,9,19,5,2.32,0.0,0,4,0,20,0.006,0.076,1,2022-10-09T19:05:02.320Z
1010949_20210415_085641,107978,40.536271,-124.423324,28.39,-16189.1,-1550.3,6963.1,0.6,1.2,1.1,2021,4,15,8,56,41.56,0.0,2,0,6,0,0.002,0.135,1,2021-04-15T08:56:41.560Z
1010949_20210804_185846,107980,40.527364,-124.424325,26.763,-16275.0,-2539.4,5335.9,0.6,0.6,0.8,2021,8,4,18,58,46.04,0.0,0,5,0,54,0.003,0.053,1,2021-08-04T18:58:46.040Z
1010949_20210821_162333,107981,40.53055,-124.419336,26.642,-15852.0,-2185.6,5215.0,0.7,0.6,0.9,2021,8,21,16,23,33.66,0.0,1,1,10,48,0.0,0.065,1,2021-08-21T16:23:33.660Z
1010949_20211103_073249,107983,40.523678,-124.434782,26.209,-17161.4,-2948.7,4782.0,1.0,0.9,1.1,2021,11,3,7,32,49.84,0.0,2,3,9,16,0.007,0.057,1,2021-11-03T07:32:49.840Z
1010949_20211203_104213,107984,40.515633,-124.429492,26.924,-16714.3,-3842.0,5496.4,0.7,0.8,1.2,2021,12,3,10,42,13.4,0.0,1,2,4,12,0.003,0.074,1,2021-12-03T10:42:13.400Z
1010949_20220213_112053,107988,40.529236,-124.420524,26.697,-15952.8,-2331.5,5270.0,0.7,0.6,0.9,2022,2,13,11,20,53.19,0.0,1,2,7,18,0.0,0.043,1,2022-02-13T11:20:53.190Z
1010949_20220426_223544,107989,40.517721,-124.422778,27.154,-16145.2,-3610.2,5726.8,1.2,1.1,1.0,2022,4,26,22,35,44.52,0.0,3,2,15,16,0.007,0.095,1,2022-04-26T22:35:44.520Z
1010949_20220818_084153,107990,40.528483,-124.4229,26.636,-16154.2,-2415.1,5208.5,0.6,0.6,0.7,2022,8,18,8,41,53.43,0.0,0,4,0,31,0.004,0.063,1,2022-08-18T08:41:53.430Z
1010949_20221108_084030,107991,40.530851,-124.425635,26.234,-16385.6,-2152.1,4807.1,0.9,1.6,1.6,2022,11,8,8,40,30.07,0.0,4,3,19,16,0.009,0.066,1,2022-11-08T08:40:30.070Z
1012085_20200319_155101,107992,40.526762,-123.990861,20.7,20447.6,-2606.2,-726.9,0.2,0.2,0.2,2020,3,19,15,51,1.98,0.0,1,1,4,3,0.0,0.077,1,2020-03-19T15:51:01.980Z
1012085_20220122_103420,107998,40.517102,-123.977173,20.903,21608.8,-3678.9,-524.4,0.2,0.2,0.2,2022,1,22,10,34,20.41,0.0,1,1,1,2,0.0,0.117,1,2022-01-22T10:34:20.410Z
1012085_20220215_011231,107999,40.518921,-123.979028,20.847,21451.3,-3476.9,-580.0,0.2,0.2,0.2,2022,2,15,1,12,31.74,0.0,1,1,2,8,0.0,0.119,1,2022-02-15T01:12:31.740Z
nc73821316_20211205_192448,108057,40.469287,-124.443205,22.456,-17882.2,-8988.5,1028.9,0.8,0.6,0.7,2021,12,5,19,24,47.76,0.0,1,2,1,2,0.001,0.01,1,2021-12-05T19:24:47.760Z
nc73821316_20220923_155633,108061,40.469893,-124.451351,21.197,-18572.6,-8921.2,-229.9,0.7,0.6,1.0,2022,9,23,15,56,31.92,0.0,2,2,4,5,0.006,0.035,1,2022-09-23T15:56:31.920Z
nc73821316_20220928_230912,108062,40.466927,-124.432194,20.895,-16949.3,-9250.6,-532.2,0.8,0.9,0.9,2022,9,28,23,9,11.52,0.0,2,2,2,2,0.007,0.089,1,2022-09-28T23:09:11.520Z
nc73822526_20200320_084918,108063,40.583183,-124.354435,27.3,-10349.8,3659.0,5872.3,0.5,0.5,0.6,2020,3,20,8,49,18.31,0.0,1,2,2,3,0.001,0.018,1,2020-03-20T08:49:18.310Z
nc73822526_20211017_095908,108064,40.580961,-124.347542,28.086,-9766.2,3412.3,6658.8,0.5,0.4,0.7,2021,10,17,9,59,8.09,0.0,1,3,0,4,0.001,0.02,1,2021-10-17T09:59:08.090Z
1008613_20211103_110847,108067,40.538464,-124.404687,28.073,-14610.2,-1306.7,6645.6,0.4,0.5,0.6,2021,11,3,11,8,47.13,0.0,2,5,9,34,0.003,0.039,1,2021-11-03T11:08:47.130Z
1008613_20211103_041039,108068,40.537158,-124.404557,28.285,-14599.3,-1451.8,6858.0,0.5,0.4,0.5,2021,11,3,4,10,39.37,0.0,2,6,8,40,0.004,0.041,1,2021-11-03T04:10:39.370Z
1008613_20211220_215850,108070,40.535628,-124.411613,28.114,-15197.2,-1621.7,6686.7,0.6,0.5,0.9,2021,12,20,21,58,50.22,0.0,2,5,7,30,0.006,0.052,1,2021-12-20T21:58:50.220Z
1008613_20220106_192144,108071,40.535425,-124.411808,28.956,-15213.7,-1644.3,7529.2,0.6,0.5,0.6,2022,1,6,19,21,44.58,0.0,0,4,0,28,0.004,0.062,1,2022-01-06T19:21:44.580Z
1013880_20200926_051146,108073,40.61735,-123.948779,22.353,23996.6,7453.2,925.4,0.9,0.7,1.2,2020,9,26,5,11,45.79,0.0,1,3,9,24,0.003,0.054,1,2020-09-26T05:11:45.790Z
1013880_20211028_031737,108076,40.611112,-123.944531,22.117,24357.4,6760.5,689.4,0.9,0.9,1.1,2021,10,28,3,17,36.91,0.0,2,2,25,30,0.006,0.074,1,2021-10-28T03:17:36.910Z
1013880_20220423_200010,108082,40.612166,-123.943815,21.502,24417.9,6877.5,74.3,0.6,0.5,0.7,2022,4,23,20,0,10.12,0.0,2,3,25,30,0.007,0.054,1,2022-04-23T20:00:10.120Z
1013880_20220617_143804,108083,40.621623,-123.94624,21.717,24210.8,7927.6,289.6,0.5,0.5,0.8,2022,6,17,14,38,3.52,0.0,2,0,22,16,0.0,0.092,1,2022-06-17T14:38:03.520Z
nc73822201_20200324_070214,108103,40.555823,-124.2552,23.06,-1946.6,620.8,1633.2,0.3,0.2,0.2,2020,3,24,7,2,14.5,0.0,0,2,2,4,0.0,0.053,1,2020-03-24T07:02:14.500Z
nc73822201_20201121_005145,108105,40.550871,-124.245353,22.793,-1112.6,70.9,1365.8,0.3,0.3,0.3,2020,11,21,0,51,44.96,0.0,4,2,17,3,0.003,0.058,1,2020-11-21T00:51:44.960Z
nc73822201_20221111_230809,108108,40.55319,-124.249585,22.056,-1471.0,328.5,629.2,0.4,0.4,0.6,2022,11,11,23,8,8.92,0.0,2,2,5,8,0.001,0.077,1,2022-11-11T23:08:08.920Z
nc73821551_20200328_121952,108253,40.746781,-123.8375,21.282,33385.7,21825.9,-145.1,0.8,0.7,0.8,2020,3,28,12,19,51.63,0.0,1,2,1,3,0.0,0.077,1,2020-03-28T12:19:51.630Z
nc73821551_20200914_174756,108254,40.749687,-123.835661,20.298,33540.5,22148.5,-1129.5,1.0,0.8,1.0,2020,9,14,17,47,56.28,0.0,1,3,1,3,0.009,0.037,1,2020-09-14T17:47:56.280Z
1015934_20200329_021037,108256,40.480412,-124.459033,18.339,-19222.2,-7753.2,-3088.2,0.4,0.6,0.7,2020,3,29,2,10,37.85,0.0,1,3,10,26,0.001,0.042,1,2020-03-29T02:10:37.850Z
1015934_20211003_055504,108258,40.476164,-124.45953,19.424,-19264.9,-8224.9,-2003.5,0.6,0.6,0.7,2021,10,3,5,55,4.9,0.0,3,4,19,16,0.003,0.043,1,2021-10-03T05:55:04.900Z
1015934_20211119_064932,108259,40.477694,-124.458187,19.404,-19150.8,-8055.0,-2023.3,0.5,0.5,0.7,2021,11,19,6,49,32.52,0.0,6,6,28,30,0.005,0.043,1,2021-11-19T06:49:32.520Z
1016438_20220605_234024,108344,40.526705,-124.400667,17.592,-14270.9,-2612.6,-3835.1,0.5,0.8,1.2,2022,6,5,23,40,24.82,0.0,1,2,19,14,0.003,0.086,1,2022-06-05T23:40:24.820Z
1013462_20210221_193538,108357,40.572449,-124.097754,22.902,11387.9,2467.1,1474.7,1.0,0.9,1.2,2021,2,21,19,35,38.66,0.0,3,0,4,1,0.003,0.191,1,2021-02-21T19:35:38.660Z
1013462_20211031_111833,108358,40.571566,-124.091577,22.747,11911.1,2369.0,1319.8,0.4,0.6,0.6,2021,10,31,11,18,33.67,0.0,1,2,3,4,0.0,0.116,1,2021-10-31T11:18:33.670Z
1013462_20220206_094913,108359,40.569157,-124.101562,23.204,11065.6,2101.5,1777.1,0.3,0.2,0.2,2022,2,6,9,49,13.56,0.0,2,0,15,3,0.0,0.088,1,2022-02-06T09:49:13.560Z
1013417_20200413_095832,108413,40.479724,-124.498975,23.792,-22607.3,-7829.6,2364.9,0.4,0.7,1.1,2020,4,13,9,58,32.78,0.0,2,2,2,3,0.002,0.108,1,2020-04-13T09:58:32.780Z
1013417_20200828_235045,108414,40.4587,-124.510018,23.942,-23546.8,-10164.2,2514.9,0.8,0.9,0.4,2020,8,28,23,50,45.16,0.0,0,3,0,3,0.004,0.012,1,2020-08-28T23:50:45.160Z
1013417_20200924_221736,108415,40.46241,-124.507886,23.723,-23365.5,-9752.2,2296.2,0.7,0.7,1.0,2020,9,24,22,17,36.96,0.0,1,3,0,0,0.003,-9.0,1,2020-09-24T22:17:36.960Z
1013417_20210203_012128,108416,40.464677,-124.499723,27.208,-22673.2,-9500.5,5780.9,1.9,2.9,3.4,2021,2,3,1,21,28.02,0.0,0,0,2,2,-9.0,0.009,1,2021-02-03T01:21:28.020Z
1013417_20211129_212726,108422,40.478687,-124.51097,23.749,-23624.0,-7944.8,2322.2,0.4,0.9,1.2,2021,11,29,21,27,26.3,0.0,1,4,6,16,0.009,0.092,1,2021-11-29T21:27:26.300Z
1013417_20220213_085423,108424,40.466687,-124.503377,26.334,-22982.6,-9277.3,4907.1,1.1,2.0,2.2,2022,2,13,8,54,22.98,0.0,3,2,17,10,0.007,0.064,1,2022-02-13T08:54:22.980Z
1013417_20221114_212740,108430,40.455656,-124.509448,23.827,-23499.1,-10502.2,2399.3,0.4,0.8,0.9,2022,11,14,21,27,40.92,0.0,2,2,4,8,0.002,0.111,1,2022-11-14T21:27:40.920Z
1013353_20220122_111016,108464,40.60498,-124.092855,18.858,11799.9,6079.6,-2569.4,1.2,0.9,1.0,2022,1,22,11,10,16.78,0.0,2,2,34,20,0.003,0.053,1,2022-01-22T11:10:16.780Z
1013353_20220129_061429,108465,40.60872,-124.099813,17.716,11210.5,6494.8,-3711.1,1.4,0.9,1.6,2022,1,29,6,14,29.96,0.0,2,1,29,21,0.008,0.04,1,2022-01-29T06:14:29.960Z
1013759_20200419_162107,108466,40.589388,-124.298698,19.698,-5629.5,4348.1,-1729.2,1.1,1.2,2.5,2020,4,19,16,21,7.49,0.0,0,0,3,0,-9.0,0.008,1,2020-04-19T16:21:07.490Z
1013765_20200821_164102,108475,40.501082,-124.431901,25.537,-16920.2,-5457.8,4109.4,0.4,0.6,0.7,2020,8,21,16,41,1.98,0.0,1,2,5,14,0.002,0.058,1,2020-08-21T16:41:01.980Z
1013765_20210926_072114,108479,40.5005,-124.429769,23.146,-16739.6,-5522.4,1719.1,0.6,0.6,0.8,2021,9,26,7,21,14.96,0.0,3,0,3,1,0.003,0.041,1,2021-09-26T07:21:14.960Z
nc73822221_20200419_064557,108490,40.635881,-124.00009,24.595,19649.9,9510.9,3167.9,0.8,0.8,0.9,2020,4,19,6,45,58.37,0.0,1,3,10,9,0.005,0.064,1,2020-04-19T06:45:58.370Z
1010496_20200421_112154,108491,40.5158,-124.34502,17.624,-9557.2,-3823.5,-3803.5,0.5,0.6,0.5,2020,4,21,11,21,54.26,0.0,2,1,60,12,0.0,0.038,1,2020-04-21T11:21:54.260Z
1010496_20200619_053029,108492,40.508313,-124.335059,19.099,-8713.7,-4654.9,-2328.3,0.6,1.1,0.8,2020,6,19,5,30,30.17,0.0,4,6,56,51,0.006,0.028,1,2020-06-19T05:30:30.170Z
1010496_20210312_013038,108493,40.510482,-124.337199,18.999,-8894.9,-4414.1,-2428.1,0.3,0.5,0.4,2021,3,12,1,30,38.74,0.0,3,4,37,38,0.005,0.025,1,2021-03-12T01:30:38.740Z
1010496_20210614_223504,108494,40.509041,-124.333879,19.071,-8613.7,-4574.0,-2356.4,0.7,0.8,0.8,2021,6,14,22,35,4.68,0.0,6,6,99,63,0.007,0.038,1,2021-06-14T22:35:04.680Z
1010496_20210614_213602,108495,40.510185,-124.331291,19.392,-8394.4,-4447.1,-2035.0,0.6,0.6,0.6,2021,6,14,21,36,2.44,0.0,1,3,13,32,0.008,0.023,1,2021-06-14T21:36:02.440Z
1010496_20210614_214445,108496,40.510368,-124.331925,19.388,-8448.1,-4426.7,-2038.9,0.6,0.8,0.5,2021,6,14,21,44,46.16,0.0,1,3,11,30,0.008,0.026,1,2021-06-14T21:44:46.160Z
1010496_20210615_094420,108497,40.509359,-124.334098,19.041,-8632.3,-4538.8,-2386.3,0.7,0.5,0.9,2021,6,15,9,44,20.86,0.0,5,9,100,74,0.007,0.043,1,2021-06-15T09:44:20.860Z
1010496_20210615_085306,108498,40.510254,-124.333553,19.135,-8586.0,-4439.4,-2292.4,0.5,0.4,0.6,2021,6,15,8,53,6.37,0.0,4,3,50,36,0.002,0.025,1,2021-06-15T08:53:06.370Z
1010496_20210615_093002,108499,40.51051,-124.334196,18.942,-8640.5,-4410.9,-2485.3,0.6,0.6,0.5,2021,6,15,9,30,2.4,0.0,5,3,61,35,0.004,0.029,1,2021-06-15T09:30:02.400Z
1010496_20210615_091505,108500,40.510352,-124.333586,19.117,-8588.8,-4428.5,-2310.5,0.6,0.5,0.7,2021,6,15,9,15,5.72,0.0,3,2,38,27,0.003,0.035,1,2021-06-15T09:15:05.720Z
1010496_20211211_042038,108501,40.50894,-124.335596,19.022,-8759.2,-4585.3,-2405.6,0.5,0.4,0.7,2021,12,11,4,20,38.96,0.0,3,3,37,35,0.003,0.024,1,2021-12-11T04:20:38.960Z
1009086_20200505_154119,108566,40.642997,-124.067513,23.387,13941.7,10301.2,1960.2,0.6,0.4,0.1,2020,5,5,15,41,19.65,0.0,1,3,0,0,0.001,-9.0,1,2020-05-05T15:41:19.650Z
nc73822146_20200506_021526,108569,40.504899,-124.490088,23.875,-21850.1,-5034.0,2447.7,0.6,0.8,0.5,2020,5,6,2,15,26.64,0.0,1,3,2,6,0.002,0.043,1,2020-05-06T02:15:26.640Z
nc73822146_20210727_073424,108570,40.504793,-124.491398,23.709,-21961.1,-5045.8,2282.0,0.5,0.7,0.8,2021,7,27,7,34,23.99,0.0,3,6,9,14,0.007,0.068,1,2021-07-27T07:34:23.990Z
1010071_20200509_234821,108571,40.606909,-124.091642,17.783,11902.4,6293.7,-3644.6,0.5,0.3,0.4,2020,5,9,23,48,21.4,0.0,0,2,0,48,0.0,0.099,1,2020-05-09T23:48:21.400Z
1015960_20220319_173845,108578,40.491097,-124.506299,15.607,-23226.0,-6566.7,-5820.6,0.7,1.0,1.3,2022,3,19,17,38,45.6,0.0,5,0,20,6,0.005,0.076,1,2022-03-19T17:38:45.600Z
1018643_20200808_030736,108600,40.552909,-124.254118,24.766,-1854.9,297.3,3338.7,0.6,0.4,1.4,2020,8,8,3,7,36.29,0.0,3,4,8,12,0.003,0.053,1,2020-08-08T03:07:36.290Z
1018643_20210718_083744,108601,40.548295,-124.260514,26.041,-2396.8,-215.1,4613.5,1.0,0.9,0.8,2021,7,18,8,37,44.26,0.0,2,2,5,9,0.009,0.091,1,2021-07-18T08:37:44.260Z
1018643_20220614_042940,108604,40.549984,-124.252661,23.749,-1731.6,-27.6,2322.1,1.1,0.5,0.7,2022,6,14,4,29,40.91,0.0,2,2,8,8,0.004,0.03,1,2022-06-14T04:29:40.910Z
1018643_20220629_021833,108605,40.551261,-124.244255,23.619,-1019.5,114.3,2191.5,0.4,0.2,0.3,2022,6,29,2,18,33.71,0.0,1,2,4,4,0.0,0.031,1,2022-06-29T02:18:33.710Z
1009126_20200521_054936,108609,40.53075,-124.349097,18.269,-9901.5,-2163.4,-3158.4,0.3,0.2,0.7,2020,5,21,5,49,36.76,0.0,0,4,0,21,0.003,0.044,1,2020-05-21T05:49:36.760Z
1009126_20200521_060018,108610,40.5309,-124.349235,18.279,-9913.3,-2146.7,-3147.9,0.3,0.2,0.7,2020,5,21,6,0,18.11,0.0,0,4,0,21,0.003,0.041,1,2020-05-21T06:00:18.110Z
1011746_20200521_054932,108611,40.537935,-124.349699,17.524,-9952.0,-1365.5,-3902.9,0.3,0.3,0.3,2020,5,21,5,49,31.93,0.0,2,0,19,12,0.0,0.105,1,2020-05-21T05:49:31.930Z
1013986_20200527_172846,108616,40.530404,-124.421525,18.025,-16037.5,-2201.8,-3402.2,3.0,1.9,4.3,2020,5,27,17,28,46.36,0.0,0,0,27,18,-9.0,0.045,1,2020-05-27T17:28:46.360Z
1013986_20211221_091412,108617,40.522591,-124.375122,19.205,-12107.1,-3069.4,-2222.6,2.1,2.3,3.6,2021,12,21,9,14,12.74,0.0,0,0,6,6,-9.0,0.031,1,2021-12-21T09:14:12.740Z
1011295_20200529_031010,108618,40.521822,-124.412533,18.999,-15276.6,-3154.8,-2428.2,1.0,1.5,1.5,2020,5,29,3,10,10.98,0.0,1,1,12,34,0.002,0.035,1,2020-05-29T03:10:10.980Z
1012585_20200601_235817,108624,40.528853,-124.336092,20.122,-8800.0,-2374.0,-1304.8,0.8,0.7,1.0,2020,6,1,23,58,17.72,0.0,2,1,20,11,0.001,0.081,1,2020-06-01T23:58:17.720Z
1012585_20200624_045653,108625,40.524264,-124.321639,20.262,-7575.8,-2883.7,-1165.7,1.2,1.3,1.7,2020,6,24,4,56,53.77,0.0,0,2,0,17,0.001,0.073,1,2020-06-24T04:56:53.770Z
1012585_20200625_130035,108626,40.524394,-124.32181,20.337,-7590.3,-2869.2,-1090.6,1.1,1.2,1.7,2020,6,25,13,0,35.63,0.0,0,2,0,17,0.002,0.072,1,2020-06-25T13:00:35.630Z
1015927_20211012_032725,108655,40.57561,-124.179639,18.576,4452.9,2818.2,-2850.9,0.6,0.5,1.1,2021,10,12,3,27,25.78,0.0,3,0,24,8,0.003,0.043,1,2021-10-12T03:27:25.780Z
1009467_20200614_114545,108724,40.620199,-123.932471,21.641,25376.8,7769.5,214.0,0.7,0.6,1.1,2020,6,14,11,45,45.67,0.0,1,1,7,21,0.0,0.045,1,2020-06-14T11:45:45.670Z
1009467_20221013_193555,108732,40.60094,-123.917952,22.454,26609.8,5630.9,1026.4,0.8,0.7,0.9,2022,10,13,19,35,55.94,0.0,3,1,6,0,0.002,0.09,1,2022-10-13T19:35:55.940Z
nc73822231_20200614_145840,108757,40.542855,-124.055046,19.847,15008.2,-819.2,-1579.8,1.3,0.9,0.8,2020,6,14,14,58,40.72,0.0,2,5,10,19,0.007,0.033,1,2020-06-14T14:58:40.720Z
nc73822231_20210304_222258,108758,40.541427,-124.056942,19.825,14847.7,-977.8,-1601.8,1.7,0.6,1.0,2021,3,4,22,22,58.72,0.0,0,4,0,27,0.001,0.056,1,2021-03-04T22:22:58.720Z
nc73822231_20220222_192713,108759,40.53398,-124.037671,20.501,16481.0,-1804.7,-925.8,3.5,4.2,2.5,2022,2,22,19,27,13.4,0.0,0,0,6,8,-9.0,0.05,1,2022-02-22T19:27:13.400Z
nc73822231_20220314_040041,108760,40.542074,-124.050627,19.919,15382.6,-905.9,-1508.7,0.9,0.6,0.7,2022,3,14,4,0,41.5,0.0,1,2,5,12,0.001,0.021,1,2022-03-14T04:00:41.500Z
nc73822231_20220407_132919,108761,40.542334,-124.052962,19.844,15184.7,-877.0,-1582.9,0.8,0.7,1.0,2022,4,7,13,29,19.18,0.0,1,4,5,20,0.002,0.025,1,2022-04-07T13:29:19.180Z
1015891_20201214_113035,108768,40.610502,-124.084285,18.62,12525.0,6692.7,-2807.0,1.5,0.6,1.3,2020,12,14,11,30,36.11,0.0,3,2,18,8,0.009,0.102,1,2020-12-14T11:30:36.110Z
1012440_20210312_061215,108775,40.489172,-123.86779,20.769,30882.7,-6780.4,-658.6,0.8,1.1,1.1,2021,3,12,6,12,15.8,0.0,0,0,1,2,-9.0,0.004,1,2021-03-12T06:12:15.800Z
1012440_20211005_061843,108778,40.520707,-123.913753,20.914,26981.3,-3278.6,-513.6,0.8,0.8,0.5,2021,10,5,6,18,43.21,0.0,1,2,9,25,0.004,0.031,1,2021-10-05T06:18:43.210Z
1012440_20211006_164529,108780,40.521179,-123.912858,20.708,27057.1,-3226.2,-719.0,0.9,0.8,0.7,2021,10,6,16,45,29.81,0.0,1,3,9,25,0.005,0.03,1,2021-10-06T16:45:29.810Z
1012440_20211006_171328,108782,40.521354,-123.912866,20.694,27056.4,-3206.7,-733.1,0.9,0.7,0.9,2021,10,6,17,13,28.12,0.0,1,2,9,25,0.003,0.032,1,2021-10-06T17:13:28.120Z
1012440_20211006_184027,108784,40.527356,-123.914502,20.902,26916.6,-2540.3,-525.6,0.4,0.9,0.7,2021,10,6,18,40,27.56,0.0,1,2,4,10,0.002,0.038,1,2021-10-06T18:40:27.560Z
1012440_20211006_194919,108785,40.520463,-123.913346,20.79,27015.9,-3305.7,-637.2,0.8,0.8,0.5,2021,10,6,19,49,19.36,0.0,1,2,9,25,0.006,0.031,1,2021-10-06T19:49:19.360Z
1012440_20211006_114223,108789,40.522644,-123.912557,21.262,27082.3,-3063.5,-164.9,0.5,0.7,0.6,2021,10,6,11,42,23.74,0.0,1,3,9,25,0.003,0.038,1,2021-10-06T11:42:23.740Z
1012440_20211009_194444,108794,40.521033,-123.91259,20.715,27079.9,-3242.4,-712.4,0.9,0.8,0.7,2021,10,9,19,44,44.28,0.0,1,3,9,25,0.006,0.03,1,2021-10-09T19:44:44.280Z
1012440_20211010_145546,108797,40.516821,-123.907568,21.515,27506.1,-3710.1,87.3,0.4,0.4,0.4,2021,10,10,14,55,46.01,0.0,1,1,14,29,0.0,0.044,1,2021-10-10T14:55:46.010Z
1016210_20210407_103850,108839,40.502612,-124.435539,23.471,-17228.2,-5287.9,2043.4,0.5,0.6,0.5,2021,4,7,10,38,50.75,0.0,1,2,2,5,0.0,0.031,1,2021-04-07T10:38:50.750Z
1016210_20211107_024254,108840,40.495219,-124.437061,23.668,-17358.1,-6108.9,2240.4,0.4,0.7,0.4,2021,11,7,2,42,54.91,0.0,1,2,6,18,0.001,0.042,1,2021-11-07T02:42:54.910Z
nc73840766_20200708_150451,108860,40.633541,-123.929704,21.714,25608.5,9251.1,287.2,0.7,0.2,0.6,2020,7,8,15,4,50.85,0.0,0,5,0,4,0.002,0.023,1,2020-07-08T15:04:50.850Z
1008975_20200712_061009,108864,40.609892,-123.888167,22.929,29129.8,6624.9,1501.9,0.7,0.6,1.4,2020,7,12,6,10,9.29,0.0,2,2,17,16,0.006,0.077,1,2020-07-12T06:10:09.290Z
1008975_20210725_091232,108865,40.613794,-123.889779,23.516,28992.5,7058.3,2089.2,0.8,0.5,0.6,2021,7,25,9,12,32.33,0.0,1,3,11,11,0.004,0.081,1,2021-07-25T09:12:32.330Z
1008975_20220920_203529,108866,40.612809,-123.889917,22.847,28981.0,6948.9,1419.8,0.8,0.7,1.3,2022,9,20,20,35,29.84,0.0,2,2,10,7,0.004,0.071,1,2022-09-20T20:35:29.840Z
1012120_20200721_095836,108897,40.60164,-124.121273,17.158,9394.0,5708.6,-4268.8,0.9,0.3,0.5,2020,7,21,9,58,36.86,0.0,3,0,16,0,0.0,0.067,1,2020-07-21T09:58:36.860Z
nc73822906_20200728_105420,108901,40.60306,-124.099284,18.382,11255.8,5866.3,-3045.0,1.1,0.3,0.7,2020,7,28,10,54,20.57,0.0,2,1,21,9,0.0,0.072,1,2020-07-28T10:54:20.570Z
1013772_20200814_075914,108918,40.646509,-124.023836,18.372,17638.3,10691.1,-3055.1,0.9,0.4,0.9,2020,8,14,7,59,14.73,0.0,0,4,0,19,0.003,0.026,1,2020-08-14T07:59:14.730Z
1013772_20200814_072917,108919,40.644539,-124.017017,18.981,18215.8,10472.4,-2445.9,0.9,0.7,0.7,2020,8,14,7,29,17.37,0.0,1,3,8,28,0.003,0.046,1,2020-08-14T07:29:17.370Z
1013772_20211116_185001,108921,40.645284,-124.023104,18.189,17700.5,10555.1,-3238.3,0.6,0.5,1.1,2021,11,16,18,50,1.74,0.0,2,5,24,38,0.004,0.047,1,2021-11-16T18:50:01.740Z
1011058_20200817_224409,108922,40.593917,-124.118571,19.498,9623.3,4851.0,-1929.1,0.5,0.4,0.4,2020,8,17,22,44,10.28,0.0,1,2,6,14,0.001,0.061,1,2020-08-17T22:44:10.280Z
1011058_20200817_223702,108923,40.593123,-124.118392,19.641,9638.6,4762.9,-1786.3,0.5,0.3,0.3,2020,8,17,22,37,3.4,0.0,1,2,7,15,0.0,0.061,1,2020-08-17T22:37:03.400Z
1011058_20210629_053228,108925,40.604521,-124.104378,20.583,10824.3,6028.5,-844.5,0.5,0.3,0.5,2021,6,29,5,32,27.99,0.0,2,2,19,17,0.001,0.073,1,2021-06-29T05:32:27.990Z
1011058_20210902_070332,108926,40.597754,-124.120117,20.598,9492.1,5277.1,-829.6,0.4,0.5,0.6,2021,9,2,7,3,32.91,0.0,2,5,9,35,0.005,0.097,1,2021-09-02T07:03:32.910Z
1013672_20200819_092036,108956,40.537048,-124.241927,19.33,-822.4,-1464.0,-2096.8,0.7,0.8,1.2,2020,8,19,9,20,36.61,0.0,2,3,12,13,0.006,0.085,1,2020-08-19T09:20:36.610Z
1013672_20210730_070116,108957,40.529854,-124.249894,18.884,-1497.4,-2262.8,-2543.3,0.8,0.9,1.2,2021,7,30,7,1,16.65,0.0,2,2,16,26,0.006,0.063,1,2021-07-30T07:01:16.650Z
1013672_20220920_204619,108959,40.533614,-124.245605,18.994,-1134.1,-1845.3,-2433.7,0.8,0.9,0.9,2022,9,20,20,46,19.08,0.0,3,2,20,13,0.005,0.04,1,2022-09-20T20:46:19.080Z
1012775_20210602_080104,108974,40.609802,-124.2125,24.447,1669.5,6615.0,3019.7,0.9,0.7,1.2,2021,6,2,8,1,3.75,0.0,4,0,5,0,0.004,0.042,1,2021-06-02T08:01:03.750Z
1012775_20210802_014232,108976,40.604761,-124.246077,23.36,-1173.5,6055.2,1933.2,1.5,1.0,1.3,2021,8,2,1,42,32.22,0.0,2,1,6,1,0.003,0.03,1,2021-08-02T01:42:32.220Z
1012775_20210927_135430,108977,40.621733,-124.2146,25.578,1491.6,7939.8,4150.8,2.9,0.8,2.4,2021,9,27,13,54,29.76,0.0,2,0,6,2,0.0,0.068,1,2021-09-27T13:54:29.760Z
1012775_20211119_051406,108978,40.608761,-124.223283,25.291,756.6,6499.3,3864.0,1.2,0.6,1.4,2021,11,19,5,14,6.66,0.0,3,0,9,2,0.001,0.048,1,2021-11-19T05:14:06.660Z
1013868_20210919_023015,108988,40.602816,-124.059473,22.887,14626.6,5839.2,1459.8,0.3,0.4,0.5,2021,9,19,2,30,15.21,0.0,1,2,0,5,0.001,0.068,1,2021-09-19T02:30:15.210Z
1010779_20200907_030436,108995,40.562634,-123.934774,22.179,25192.6,1377.2,752.0,0.7,0.5,1.0,2020,9,7,3,4,36.29,0.0,1,4,9,34,0.002,0.051,1,2020-09-07T03:04:36.290Z
1010779_20201123_021729,108998,40.562423,-123.930355,21.613,25566.9,1353.7,185.7,1.2,1.3,0.9,2020,11,23,2,17,30.06,0.0,2,1,9,8,0.004,0.143,1,2020-11-23T02:17:30.060Z
1010779_20201123_022701,108999,40.563322,-123.946737,21.482,24179.3,1453.6,54.8,0.9,0.2,0.9,2020,11,23,2,27,1.34,0.0,1,1,8,18,0.0,0.11,1,2020-11-23T02:27:01.340Z
1010779_20210425_024415,109001,40.564014,-123.934709,21.906,25197.9,1530.4,478.8,0.8,0.5,0.8,2021,4,25,2,44,15.56,0.0,1,4,8,33,0.004,0.053,1,2021-04-25T02:44:15.560Z
1010779_20210925_072132,109003,40.552279,-123.916797,22.678,26717.2,227.3,1251.2,3.8,3.4,5.1,2021,9,25,7,21,32.75,0.0,0,0,16,0,-9.0,0.048,1,2021-09-25T07:21:32.750Z
1010779_20220119_165043,109005,40.564388,-123.934904,22.047,25181.2,1572.0,619.6,0.9,0.9,1.8,2022,1,19,16,50,43.88,0.0,4,5,48,63,0.01,0.06,1,2022-01-19T16:50:43.880Z
1010779_20220123_041744,109006,40.565938,-123.93326,22.034,25320.2,1744.1,606.5,0.7,0.8,1.4,2022,1,23,4,17,44.51,0.0,1,5,7,34,0.002,0.053,1,2022-01-23T04:17:44.510Z
1010779_20220123_135542,109007,40.560689,-123.930558,22.165,25550.0,1161.2,738.0,0.9,0.3,1.0,2022,1,23,13,55,42.72,0.0,0,2,0,19,0.0,0.048,1,2022-01-23T13:55:42.720Z
1010779_20220517_145229,109008,40.561861,-123.93479,23.179,25191.4,1291.4,1752.1,0.3,0.3,1.0,2022,5,17,14,52,29.67,0.0,2,0,12,12,0.0,0.086,1,2022-05-17T14:52:29.670Z
1011029_20200912_091003,109027,40.521818,-123.898153,19.983,28302.8,-3155.2,-1444.5,0.8,0.8,0.6,2020,9,12,9,10,3.37,0.0,1,3,1,3,0.004,0.012,1,2020-09-12T09:10:03.370Z
1011029_20211021_162318,109029,40.533154,-123.901961,23.332,27977.8,-1896.4,1905.0,1.6,2.9,1.8,2021,10,21,16,23,18.37,0.0,0,0,9,3,-9.0,0.03,1,2021-10-21T16:23:18.370Z
1011029_20220921_220200,109031,40.526074,-123.90437,20.219,27775.2,-2682.6,-1207.8,0.3,0.3,0.5,2022,9,21,22,2,0.24,0.0,2,0,6,2,0.0,0.071,1,2022-09-21T22:02:00.240Z
nc73821076_20211016_005617,109034,40.606051,-123.918994,25.022,26520.5,6198.4,3595.0,0.9,0.8,0.9,2021,10,16,0,56,17.04,0.0,4,0,14,2,0.004,0.039,1,2021-10-16T00:56:17.040Z
nc73821076_20220407_074359,109035,40.605782,-123.916862,24.953,26701.1,6168.6,3525.8,0.5,0.4,0.9,2022,4,7,7,43,59.46,0.0,4,5,23,20,0.005,0.048,1,2022-04-07T07:43:59.460Z
1011141_20210828_102215,109037,40.598881,-124.116813,18.466,9771.8,5402.3,-2960.8,0.4,0.4,0.5,2021,8,28,10,22,15.33,0.0,1,3,12,29,0.002,0.054,1,2021-08-28T10:22:15.330Z
1009524_20210504_204928,109040,40.535209,-124.045597,19.981,15809.4,-1668.2,-1446.6,0.7,0.4,0.3,2021,5,4,20,49,28.92,0.0,0,4,0,16,0.002,0.03,1,2021-05-04T20:49:28.920Z
1009524_20211210_181903,109042,40.536979,-124.051164,19.743,15337.7,-1471.7,-1684.1,0.5,0.3,0.3,2021,12,10,18,19,3.36,0.0,0,5,0,39,0.004,0.034,1,2021-12-10T18:19:03.360Z
1011993_20220707_101642,109047,40.661446,-123.886833,28.682,29231.6,12349.8,7254.9,1.2,0.9,1.1,2022,7,7,10,16,42.61,0.0,2,0,3,1,0.002,0.075,1,2022-07-07T10:16:42.610Z
1012807_20221022_013208,109051,40.588774,-124.07522,22.211,13294.7,4279.9,784.1,0.4,0.4,0.4,2022,10,22,1,32,8.55,0.0,2,2,12,4,0.001,0.128,1,2022-10-22T01:32:08.550Z
1014503_20200918_014950,109052,40.612524,-124.075887,17.808,13235.9,6917.3,-3618.8,1.5,0.8,1.1,2020,9,18,1,49,50.07,0.0,2,1,1,2,0.0,0.037,1,2020-09-18T01:49:50.070Z
1014503_20210803_072529,109054,40.622587,-124.063664,17.847,14269.7,8034.7,-3580.3,1.6,0.7,1.1,2021,8,3,7,25,28.58,0.0,2,0,1,6,0.001,0.161,1,2021-08-03T07:25:28.580Z
1014503_20211101_202311,109057,40.619918,-124.078418,17.365,13020.9,7738.3,-4062.0,1.2,0.6,1.1,2021,11,1,20,23,11.36,0.0,1,4,10,22,0.002,0.046,1,2021-11-01T20:23:11.360Z
1014503_20220702_185453,109058,40.618742,-124.077148,17.954,13128.5,7607.7,-3473.0,1.6,0.7,1.3,2022,7,2,18,54,53.76,0.0,4,2,44,23,0.007,0.052,1,2022-07-02T18:54:53.760Z
1014503_20220705_102616,109059,40.618819,-124.078231,17.878,13036.8,7616.3,-3548.9,1.6,0.9,1.3,2022,7,5,10,26,16.29,0.0,4,2,42,18,0.009,0.041,1,2022-07-05T10:26:16.290Z
1014503_20220922_052024,109060,40.609493,-124.078906,18.434,12980.5,6580.7,-2993.3,1.8,0.7,1.8,2022,9,22,5,20,24.84,0.0,2,1,8,6,0.0,0.05,1,2022-09-22T05:20:24.840Z
nc73821106_20200924_013702,109079,40.590861,-124.326375,21.233,-7973.1,4511.7,-194.4,0.8,0.7,1.1,2020,9,24,1,37,2.53,0.0,3,1,6,2,0.003,0.011,1,2020-09-24T01:37:02.530Z
nc73821106_20210803_072801,109081,40.592952,-124.324845,21.352,-7843.4,4743.9,-74.8,0.7,0.4,0.9,2021,8,3,7,28,1.24,0.0,5,6,36,37,0.007,0.027,1,2021-08-03T07:28:01.240Z
nc73821106_20210803_072811,109082,40.592537,-124.323543,21.505,-7733.2,4697.8,77.3,0.9,0.7,1.0,2021,8,3,7,28,11.72,0.0,2,3,6,10,0.004,0.029,1,2021-08-03T07:28:11.720Z
nc73821106_20220318_232252,109083,40.592232,-124.32561,21.515,-7908.3,4663.9,87.5,0.7,0.6,1.1,2022,3,18,23,22,52.52,0.0,2,3,10,9,0.008,0.024,1,2022-03-18T23:22:52.520Z
1009309_20200929_205721,109086,40.615645,-124.093669,19.782,11730.1,7263.9,-1644.1,0.3,0.5,0.5,2020,9,29,20,57,21.16,0.0,1,2,0,0,0.002,-9.0,1,2020-09-29T20:57:21.160Z
1012844_20210802_060350,109088,40.592188,-124.103003,22.96,10941.7,4659.0,1532.3,0.5,0.4,0.7,2021,8,2,6,3,50.2,0.0,0,4,0,8,0.003,0.09,1,2021-08-02T06:03:50.200Z
1009178_20221103_212534,109099,40.524215,-124.386108,16.409,-13037.7,-2889.1,-5017.8,2.0,1.1,2.6,2022,11,3,21,25,34.94,0.0,0,0,15,4,-9.0,0.031,1,2022-11-03T21:25:34.940Z
1010477_20201128_044613,109112,40.572514,-123.940413,20.478,24713.1,2474.3,-948.8,0.2,0.6,0.2,2020,11,28,4,46,13.84,0.0,0,3,0,21,0.003,0.088,1,2020-11-28T04:46:13.840Z
1010477_20211007_153720,109120,40.563765,-123.925757,21.555,25956.1,1502.8,128.2,2.8,2.4,4.1,2021,10,7,15,37,20.96,0.0,0,0,16,0,-9.0,0.035,1,2021-10-07T15:37:20.960Z
1010477_20211007_105829,109123,40.561755,-123.93116,21.245,25498.8,1279.6,-181.9,2.7,2.0,3.5,2021,10,7,10,58,29.1,0.0,0,0,22,4,-9.0,0.041,1,2021-10-07T10:58:29.100Z
1010477_20211009_150248,109127,40.564103,-123.926017,21.569,25934.0,1540.3,141.3,2.8,2.4,4.2,2021,10,9,15,2,48.76,0.0,0,0,16,0,-9.0,0.034,1,2021-10-09T15:02:48.760Z
1011129_20201011_165404,109129,40.524605,-124.434424,19.812,-17131.0,-2845.7,-1615.1,1.5,3.2,3.5,2020,10,11,16,54,4.82,0.0,0,0,24,20,-9.0,0.03,1,2020-10-11T16:54:04.820Z
nc73824646_20201020_035702,109133,40.638472,-124.029484,18.442,17161.3,9798.7,-2985.5,0.4,0.3,0.7,2020,10,20,3,57,2.29,0.0,2,4,6,8,0.003,0.106,1,2020-10-20T03:57:02.290Z
1013091_20201110_072944,109186,40.668994,-123.914111,23.236,26921.4,13188.0,1808.6,1.1,0.8,0.9,2020,11,10,7,29,43.93,0.0,4,1,7,6,0.004,0.1,1,2020-11-10T07:29:43.930Z
1013091_20210513_093224,109189,40.673393,-123.887687,21.897,29156.7,13676.4,469.3,0.7,0.5,0.9,2021,5,13,9,32,23.84,0.0,2,2,6,6,0.003,0.066,1,2021-05-13T09:32:23.840Z
1013091_20220625_084506,109190,40.663782,-123.88584,22.781,29315.1,12609.2,1353.6,0.7,0.4,0.5,2022,6,25,8,45,6.06,0.0,3,2,9,2,0.002,0.032,1,2022-06-25T08:45:06.060Z
1009463_20201128_044125,109416,40.598083,-123.970638,22.197,22149.2,5313.7,770.0,1.0,1.0,0.9,2020,11,28,4,41,25.09,0.0,2,2,15,17,0.006,0.034,1,2020-11-28T04:41:25.090Z
1009463_20201128_042830,109417,40.597913,-123.970744,22.134,22140.3,5294.7,707.0,1.0,0.9,0.7,2020,11,28,4,28,30.64,0.0,2,2,15,16,0.004,0.034,1,2020-11-28T04:28:30.640Z
1009463_20210328_112131,109418,40.598926,-123.973006,22.486,21948.5,5407.2,1058.9,0.6,0.4,0.4,2021,3,28,11,21,31.18,0.0,1,3,11,31,0.001,0.049,1,2021-03-28T11:21:31.180Z
1010969_20201207_190316,109420,40.600712,-123.91735,21.935,26660.8,5605.6,507.8,0.6,0.3,0.3,2020,12,7,19,3,15.64,0.0,3,0,10,6,0.0,0.062,1,2020-12-07T19:03:15.640Z
1010969_20201207_190536,109421,40.604423,-123.915112,21.996,26849.5,6017.7,568.9,0.5,0.4,0.3,2020,12,7,19,5,35.88,0.0,2,1,8,7,0.0,0.063,1,2020-12-07T19:05:35.880Z
1012741_20201129_094515,109427,40.594389,-123.904891,25.626,27717.1,4903.4,4199.0,0.6,0.5,0.7,2020,11,29,9,45,15.75,0.0,2,2,10,7,0.001,0.039,1,2020-11-29T09:45:15.750Z
1012741_20210119_125857,109428,40.594206,-123.898649,25.938,28245.6,4883.1,4511.1,0.2,0.6,1.1,2021,1,19,12,58,57.59,0.0,2,2,2,3,0.004,0.075,1,2021-01-19T12:58:57.590Z
1012741_20220318_000721,109430,40.591032,-123.913281,26.024,27007.3,4530.6,4596.9,1.1,0.4,0.7,2022,3,18,0,7,21.32,0.0,2,1,8,6,0.004,0.055,1,2022-03-18T00:07:21.320Z
1013144_20201201_113642,109436,40.605701,-124.098714,15.498,11303.8,6159.5,-5929.5,0.3,0.2,0.2,2020,12,1,11,36,42.94,0.0,3,3,35,17,0.0,0.064,1,2020-12-01T11:36:42.940Z
1012389_20220119_222740,109448,40.55332,-124.014347,21.811,18454.2,343.0,384.1,0.4,0.4,0.4,2022,1,19,22,27,41.0,0.0,1,1,7,21,0.0,0.099,1,2022-01-19T22:27:41.000Z
1012389_20220609_021247,109451,40.565019,-124.011849,22.545,18664.3,1642.0,1117.6,0.7,0.4,0.7,2022,6,9,2,12,47.29,0.0,2,1,15,18,0.001,0.08,1,2022-06-09T02:12:47.290Z
1012389_20221122_050914,109453,40.566549,-124.022705,22.625,17744.6,1811.9,1197.7,0.4,0.3,0.4,2022,11,22,5,9,14.47,0.0,1,1,11,14,0.0,0.104,1,2022-11-22T05:09:14.470Z
1008926_20221120_165808,109457,40.590776,-124.184399,21.175,4049.3,4502.2,-252.4,0.7,0.7,1.1,2022,11,20,16,58,8.28,0.0,0,3,0,4,0.004,0.057,1,2022-11-20T16:58:08.280Z
nc73824491_20201219_195056,109458,40.5521,-123.88916,22.157,29058.2,207.4,730.1,0.5,0.4,0.4,2020,12,19,19,50,56.44,0.0,0,4,0,7,0.002,0.027,1,2020-12-19T19:50:56.440Z
1011077_20210104_061434,109461,40.601298,-124.105151,16.515,10759.1,5670.7,-4912.7,1.0,0.7,0.7,2021,1,4,6,14,34.66,0.0,2,3,9,20,0.007,0.118,1,2021-01-04T06:14:34.660Z
nc73821186_20210113_193416,109483,40.497469,-124.464087,23.043,-19648.0,-5859.1,1616.1,0.4,0.6,0.6,2021,1,13,19,34,16.52,0.0,1,2,0,0,0.002,-9.0,1,2021-01-13T19:34:16.520Z
nc73821186_20210212_145806,109484,40.518986,-124.467155,23.891,-19904.8,-3469.7,2464.0,0.6,0.4,0.2,2021,2,12,14,58,6.05,0.0,0,4,0,6,0.005,0.017,1,2021-02-12T14:58:06.050Z
nc73821186_20220603_073713,109485,40.511707,-124.451782,25.043,-18603.4,-4278.1,3615.8,0.5,0.6,1.6,2022,6,3,7,37,13.98,0.0,2,2,8,5,0.003,0.039,1,2022-06-03T07:37:13.980Z
1012170_20221112_221821,109491,40.555176,-124.058146,22.961,14744.2,549.0,1533.5,0.7,0.6,0.7,2022,11,12,22,18,21.12,0.0,0,3,0,20,0.007,0.044,1,2022-11-12T22:18:21.120Z
1018244_20211230_204322,109493,40.576371,-124.210872,19.563,1807.8,2902.7,-1864.4,0.6,0.3,0.4,2021,12,30,20,43,22.4,0.0,3,0,45,14,0.0,0.055,1,2021-12-30T20:43:22.400Z
1010572_20220329_003516,109498,40.573946,-124.147852,21.843,7145.0,2633.4,415.4,1.4,0.7,0.9,2022,3,29,0,35,16.85,0.0,1,0,12,10,0.001,0.098,1,2022-03-29T00:35:16.850Z
1012604_20210306_091531,109534,40.64303,-123.999194,18.478,19724.6,10304.8,-2949.4,1.0,0.4,0.9,2021,3,6,9,15,31.28,0.0,2,4,14,20,0.006,0.045,1,2021-03-06T09:15:31.280Z
1012604_20210306_091635,109535,40.652295,-124.010506,18.58,18765.8,11333.6,-2846.8,1.4,0.5,1.1,2021,3,6,9,16,35.95,0.0,1,3,3,8,0.007,0.033,1,2021-03-06T09:16:35.950Z
1015864_20210319_201850,109542,40.53739,-123.905094,22.816,27711.5,-1426.0,1388.5,0.5,0.6,0.4,2021,3,19,20,18,50.52,0.0,2,1,4,3,0.001,0.027,1,2021-03-19T20:18:50.520Z
1015864_20210728_115906,109543,40.542712,-123.906934,22.898,27554.6,-835.0,1470.3,0.7,0.9,1.3,2021,7,28,11,59,6.08,0.0,4,0,14,3,0.009,0.073,1,2021-07-28T11:59:06.080Z
1015864_20211102_153330,109544,40.542908,-123.911987,22.682,27126.5,-813.3,1254.6,1.0,0.9,0.7,2021,11,2,15,33,30.5,0.0,2,3,11,16,0.006,0.056,1,2021-11-02T15:33:30.500Z
1015864_20220208_205237,109546,40.541235,-123.912679,22.737,27068.2,-999.0,1310.0,0.5,0.6,1.1,2022,2,8,20,52,37.8,0.0,3,5,11,18,0.007,0.054,1,2022-02-08T20:52:37.800Z
1015864_20220516_125107,109547,40.535465,-123.908708,23.442,27405.8,-1639.7,2014.6,0.9,1.1,0.4,2022,5,16,12,51,7.64,0.0,3,0,7,6,0.003,0.157,1,2022-05-16T12:51:07.640Z
1015726_20211014_125559,109550,40.569104,-123.971899,23.472,22047.1,2095.7,2044.6,0.4,0.4,0.3,2021,10,14,12,55,59.69,0.0,0,5,8,26,0.003,0.063,1,2021-10-14T12:55:59.690Z
1015726_20211018_112636,109551,40.553605,-123.976042,23.776,21698.8,374.6,2348.9,0.3,0.2,0.2,2021,10,18,11,26,37.15,0.0,0,2,4,14,0.0,0.049,1,2021-10-18T11:26:37.150Z
1015464_20210422_195809,109560,40.577922,-124.421997,23.043,-16071.8,3074.8,1616.1,0.6,0.8,0.8,2021,4,22,19,58,9.36,0.0,1,1,1,1,0.0,0.049,1,2021-04-22T19:58:09.360Z
1015464_20211001_172856,109562,40.572697,-124.415861,23.645,-15552.8,2494.6,2217.7,0.7,0.6,0.5,2021,10,1,17,28,56.96,0.0,1,2,2,4,0.0,0.048,1,2021-10-01T17:28:56.960Z
1015464_20220606_083356,109563,40.572929,-124.414225,23.267,-15414.2,2520.4,1840.1,0.8,1.0,1.1,2022,6,6,8,33,56.57,0.0,1,3,2,5,0.008,0.039,1,2022-06-06T08:33:56.570Z
1012952_20211209_063826,109585,40.702364,-123.972347,21.466,21987.5,16893.6,38.3,0.4,0.3,0.3,2021,12,9,6,38,26.65,0.0,3,0,4,0,0.0,0.092,1,2021-12-09T06:38:26.650Z
nc73868920_20210425_120420,109586,40.610091,-123.804004,27.405,36255.6,6647.1,5977.9,1.1,0.9,0.5,2021,4,25,12,4,20.28,0.0,3,0,6,1,0.004,0.04,1,2021-04-25T12:04:20.280Z
1015537_20210426_143407,109587,40.513428,-124.437394,17.625,-17384.1,-4086.9,-3802.6,1.0,1.3,3.6,2021,4,26,14,34,7.61,0.0,0,0,19,19,-9.0,0.04,1,2021-04-26T14:34:07.610Z
1012944_20210430_054815,109588,40.53092,-124.393213,19.664,-13638.9,-2144.5,-1763.1,2.3,2.4,4.5,2021,4,30,5,48,15.49,0.0,0,0,11,2,-9.0,0.023,1,2021-04-30T05:48:15.490Z
nc73824326_20210501_064003,109590,40.600004,-124.006226,22.822,19135.6,5527.0,1394.4,0.7,0.4,0.4,2021,5,1,6,40,2.72,0.0,1,2,13,39,0.0,0.067,1,2021-05-01T06:40:02.720Z
1018094_20220310_221216,109592,40.568026,-124.017236,22.112,18207.6,1975.9,684.5,0.7,0.6,0.7,2022,3,10,22,12,16.66,0.0,3,0,35,0,0.0,0.073,1,2022-03-10T22:12:16.660Z
1014634_20210525_134114,109593,40.587431,-124.203353,23.348,2444.4,4130.8,1920.3,0.3,0.3,0.4,2021,5,25,13,41,14.45,0.0,2,0,7,4,0.0,0.053,1,2021-05-25T13:41:14.450Z
nc73822756_20210605_112829,109638,40.582373,-123.953882,24.637,23570.8,3569.1,3209.8,1.2,1.0,1.4,2021,6,5,11,28,29.82,0.0,2,5,4,7,0.008,0.037,1,2021-06-05T11:28:29.820Z
nc73822756_20220226_052803,109639,40.573625,-123.959115,24.126,23129.1,2597.7,2698.3,1.3,0.8,1.0,2022,2,26,5,28,4.08,0.0,0,4,0,9,0.001,0.038,1,2022-02-26T05:28:04.080Z
1008845_20210614_230514,109640,40.539974,-123.96368,22.234,22748.2,-1139.1,807.2,1.0,1.2,1.9,2021,6,14,23,5,14.68,0.0,2,0,34,7,0.001,0.079,1,2021-06-14T23:05:14.680Z
1008845_20210615_040820,109641,40.545227,-123.967204,21.483,22448.8,-555.8,56.1,1.0,0.7,1.2,2021,6,15,4,8,20.23,0.0,2,0,24,8,0.001,0.047,1,2021-06-15T04:08:20.230Z
1008845_20210615_021510,109643,40.535059,-123.966284,21.762,22528.4,-1684.9,334.5,2.0,2.1,2.1,2021,6,15,2,15,10.81,0.0,1,0,12,12,0.002,0.068,1,2021-06-15T02:15:10.810Z
1008845_20210921_165907,109645,40.552482,-123.97382,20.585,21887.2,249.9,-842.3,0.9,0.8,0.9,2021,9,21,16,59,7.29,0.0,2,2,20,17,0.001,0.049,1,2021-09-21T16:59:07.290Z
1008845_20220819_221553,109646,40.554293,-123.970378,20.572,22178.4,450.9,-855.3,1.3,1.2,1.8,2022,8,19,22,15,53.14,0.0,1,2,11,32,0.01,0.055,1,2022-08-19T22:15:53.140Z
1008845_20220926_144633,109647,40.552165,-123.97277,20.966,21976.1,214.6,-460.8,0.9,1.0,1.3,2022,9,26,14,46,33.59,0.0,1,3,12,35,0.01,0.044,1,2022-09-26T14:46:33.590Z
1017316_20220918_082906,109649,40.485124,-124.509302,17.15,-23481.5,-7230.0,-4276.8,0.5,0.7,1.3,2022,9,18,8,29,6.5,0.0,2,1,4,3,0.001,0.084,1,2022-09-18T08:29:06.500Z
1012576_20210626_235153,109653,40.59967,-124.325448,21.068,-7894.0,5489.9,-359.4,0.6,0.5,1.4,2021,6,26,23,51,53.36,0.0,3,1,27,14,0.003,0.076,1,2021-06-26T23:51:53.360Z
1012576_20210707_210820,109656,40.606425,-124.315747,20.351,-7072.3,6240.0,-1076.4,0.8,0.3,0.9,2021,7,7,21,8,20.24,0.0,2,0,16,16,0.0,0.105,1,2021-07-07T21:08:20.240Z
1012576_20221127_170431,109661,40.598519,-124.329663,20.789,-8251.1,5362.0,-638.7,0.4,0.3,1.0,2022,11,27,17,4,31.84,0.0,4,4,45,47,0.005,0.044,1,2022-11-27T17:04:31.840Z
1017558_20210709_200844,109701,40.533577,-124.351506,18.133,-10105.4,-1849.4,-3293.8,0.4,0.3,0.5,2021,7,9,20,8,44.62,0.0,3,0,47,27,0.0,0.094,1,2021-07-09T20:08:44.620Z
1011487_20210721_015733,109707,40.705937,-123.935425,23.06,25110.7,17290.3,1632.5,0.5,0.5,0.3,2021,7,21,1,57,33.42,0.0,3,0,8,1,0.0,0.071,1,2021-07-21T01:57:33.420Z
1011487_20220813_123341,109708,40.707776,-123.940755,22.321,24659.4,17494.5,893.3,1.0,0.4,0.3,2022,8,13,12,33,41.21,0.0,3,0,12,0,0.0,0.019,1,2022-08-13T12:33:41.210Z
1011487_20220813_130715,109709,40.707365,-123.938184,22.279,24877.1,17448.9,851.9,1.2,0.5,0.4,2022,8,13,13,7,15.94,0.0,3,0,12,0,0.001,0.019,1,2022-08-13T13:07:15.940Z
1015120_20210721_062707,109710,40.478324,-124.401676,20.036,-14361.5,-7985.0,-1391.1,0.7,0.6,1.0,2021,7,21,6,27,7.19,0.0,3,2,6,3,0.005,0.05,1,2021-07-21T06:27:07.190Z
1014120_20210722_082959,109714,40.514893,-124.434383,17.66,-17128.8,-3924.3,-3767.1,0.2,0.3,0.5,2021,7,22,8,29,59.28,0.0,2,1,30,26,0.0,0.033,1,2021-07-22T08:29:59.280Z
1017761_20220403_192632,109718,40.505538,-124.448584,18.182,-18333.2,-4963.1,-3245.7,0.8,0.7,1.2,2022,4,3,19,26,32.52,0.0,0,3,0,39,0.006,0.051,1,2022-04-03T19:26:32.520Z
1009702_20211028_172928,109728,40.639587,-123.913851,21.355,26949.3,9922.5,-71.8,0.6,0.4,0.4,2021,10,28,17,29,28.38,0.0,3,5,18,21,0.002,0.026,1,2021-10-28T17:29:28.380Z
1009702_20211028_202538,109729,40.640177,-123.915332,21.322,26823.8,9988.0,-104.9,1.1,0.4,0.6,2021,10,28,20,25,38.56,0.0,2,4,10,16,0.004,0.023,1,2021-10-28T20:25:38.560Z
1009996_20210805_051135,109732,40.501123,-124.463802,18.324,-19623.3,-5453.3,-3103.7,0.3,0.4,0.5,2021,8,5,5,11,34.99,0.0,2,0,22,19,0.0,0.064,1,2021-08-05T05:11:34.990Z
1009996_20211218_090220,109733,40.499097,-124.456934,22.482,-19041.6,-5678.3,1054.4,1.4,1.9,2.1,2021,12,18,9,2,20.58,0.0,0,0,3,0,-9.0,0.003,1,2021-12-18T09:02:20.580Z
1009996_20211221_164640,109734,40.497095,-124.459782,21.328,-19283.2,-5900.6,-99.7,1.8,2.1,2.0,2021,12,21,16,46,40.54,0.0,0,0,16,9,-9.0,0.054,1,2021-12-21T16:46:40.540Z
1015048_20220824_182805,109741,40.542944,-124.369751,23.73,-11650.3,-809.3,2302.5,0.8,0.5,0.6,2022,8,24,18,28,5.4,0.0,4,0,17,9,0.003,0.07,1,2022-08-24T18:28:05.400Z
1012841_20210823_055136,109742,40.635864,-124.042293,19.638,16077.3,9509.1,-1788.9,0.4,0.2,0.3,2021,8,23,5,51,36.21,0.0,1,1,10,9,0.0,0.096,1,2021-08-23T05:51:36.210Z
1010829_20210829_124711,109744,40.543229,-123.7809,21.829,38230.7,-777.6,401.9,0.7,1.3,0.5,2021,8,29,12,47,11.24,0.0,3,0,3,0,0.005,0.006,1,2021-08-29T12:47:11.240Z
1012142_20210912_224815,109758,40.549312,-124.22526,17.798,589.4,-102.1,-3629.0,0.7,0.5,0.4,2021,9,12,22,48,15.52,0.0,1,7,11,47,0.005,0.041,1,2021-09-12T22:48:15.520Z
1011209_20211223_103050,109773,40.510722,-124.413753,19.172,-15381.3,-4387.4,-2255.7,1.3,3.1,4.2,2021,12,23,10,30,50.67,0.0,0,0,33,10,-9.0,0.035,1,2021-12-23T10:30:50.670Z
1012503_20210923_193334,109775,40.575659,-124.217415,19.62,1253.7,2823.6,-1806.8,1.9,1.2,2.2,2021,9,23,19,33,34.92,0.0,0,0,42,0,-9.0,0.042,1,2021-09-23T19:33:34.920Z
1011435_20210930_044334,109779,40.526164,-124.347974,18.622,-9806.7,-2672.7,-2805.1,4.5,1.5,3.8,2021,9,30,4,43,33.87,0.0,0,0,11,2,-9.0,0.031,1,2021-09-30T04:43:33.870Z
1016296_20211007_044550,109788,40.515405,-123.885929,21.928,29339.8,-3867.3,501.0,1.2,1.3,1.4,2021,10,7,4,45,50.95,0.0,3,2,12,8,0.009,0.056,1,2021-10-07T04:45:50.950Z
1016296_20211007_054408,109789,40.508012,-123.87557,21.914,30219.2,-4688.3,486.5,0.8,0.9,1.3,2021,10,7,5,44,8.12,0.0,2,0,6,6,0.001,0.063,1,2021-10-07T05:44:08.120Z
1016296_20211009_151413,109791,40.509172,-123.876335,21.423,30154.1,-4559.6,-4.0,1.2,1.4,2.2,2021,10,9,15,14,13.96,0.0,2,1,10,15,0.01,0.072,1,2021-10-09T15:14:13.960Z
1016296_20211009_145107,109792,40.510893,-123.878141,21.632,30000.7,-4368.4,205.0,0.7,1.4,0.8,2021,10,9,14,51,7.97,0.0,2,1,6,6,0.008,0.082,1,2021-10-09T14:51:07.970Z
1016296_20211009_191922,109793,40.515951,-123.881698,21.645,29698.2,-3806.8,217.3,1.4,0.9,1.2,2021,10,9,19,19,22.2,0.0,2,1,2,2,0.006,0.127,1,2021-10-09T19:19:22.200Z
1016296_20211016_145523,109794,40.511507,-123.876261,21.502,30159.8,-4300.2,74.6,0.8,0.8,0.9,2021,10,16,14,55,23.41,0.0,1,3,4,11,0.002,0.057,1,2021-10-16T14:55:23.410Z
1016296_20211104_105904,109795,40.515792,-123.881429,21.607,29721.0,-3824.4,180.0,0.8,0.6,0.9,2021,11,4,10,59,4.07,0.0,3,2,7,5,0.004,0.055,1,2021-11-04T10:59:04.070Z
1016296_20211107_075135,109796,40.515255,-123.879557,21.543,29879.7,-3884.1,115.8,0.8,0.6,0.8,2021,11,7,7,51,35.75,0.0,2,3,8,13,0.003,0.058,1,2021-11-07T07:51:35.750Z
nc73822751_20220131_195242,109801,40.54672,-123.84764,23.695,32576.4,-389.9,2267.6,0.3,0.4,0.2,2022,1,31,19,52,42.88,0.0,3,0,4,0,0.0,0.108,1,2022-01-31T19:52:42.880Z
1014324_20211022_210945,109836,40.613826,-124.123942,19.058,9167.2,7061.9,-2368.8,1.5,0.4,0.9,2021,10,22,21,9,45.24,0.0,3,0,34,0,0.001,0.053,1,2021-10-22T21:09:45.240Z
1009270_20211031_131003,109837,40.608622,-124.076562,20.78,13179.1,6484.0,-647.0,0.7,0.8,0.9,2021,10,31,13,10,3.68,0.0,1,4,7,18,0.005,0.047,1,2021-10-31T13:10:03.680Z
1014215_20211103_192252,109838,40.550382,-123.954264,22.84,23544.0,16.7,1413.0,0.4,0.3,0.3,2021,11,3,19,22,52.44,0.0,2,1,11,10,0.0,0.06,1,2021-11-03T19:22:52.440Z
1009306_20211125_175631,109846,40.602645,-124.06578,17.292,14092.6,5820.2,-4135.6,3.7,2.1,3.7,2021,11,25,17,56,31.6,0.0,0,0,18,5,-9.0,0.027,1,2021-11-25T17:56:31.600Z
1017420_20211129_091710,109849,40.605611,-124.306608,20.792,-6298.6,6149.6,-635.4,0.5,0.3,0.7,2021,11,29,9,17,10.24,0.0,3,1,21,7,0.001,0.022,1,2021-11-29T09:17:10.240Z
1010937_20220118_102537,109852,40.523735,-124.43291,19.608,-17002.8,-2942.4,-1819.1,0.4,0.4,0.6,2022,1,18,10,25,37.77,0.0,1,4,16,52,0.004,0.04,1,2022-01-18T10:25:37.770Z
1009603_20211211_105142,110087,40.591195,-124.202686,20.611,2500.8,4548.7,-815.8,1.0,0.7,0.7,2021,12,11,10,51,42.5,0.0,2,1,7,5,0.003,0.094,1,2021-12-11T10:51:42.500Z
1008901_20211220_234019,110088,40.539563,-124.324023,18.256,-7776.9,-1184.7,-3171.5,1.9,0.5,1.6,2021,12,20,23,40,19.68,0.0,1,1,10,29,0.006,0.067,1,2021-12-20T23:40:19.680Z
1008901_20220822_114657,110091,40.539832,-124.323315,18.105,-7716.9,-1154.9,-3321.8,1.2,0.5,0.9,2022,8,22,11,46,58.1,0.0,1,1,10,29,0.002,0.07,1,2022-08-22T11:46:58.100Z
1008901_20220822_111944,110092,40.543026,-124.303068,18.414,-6001.6,-800.2,-3013.3,0.7,0.3,0.5,2022,8,22,11,19,44.64,0.0,2,0,23,34,0.0,0.103,1,2022-08-22T11:19:44.640Z
1009170_20211220_211743,110093,40.541484,-124.315609,18.29,-7064.0,-971.5,-3137.5,2.1,1.1,2.0,2021,12,20,21,17,43.56,0.0,0,0,7,28,-9.0,0.049,1,2021-12-20T21:17:43.560Z
1009170_20220714_025953,110095,40.547416,-124.298177,18.773,-5587.1,-312.7,-2654.4,1.2,0.6,1.4,2022,7,14,2,59,52.97,0.0,3,0,12,2,0.001,0.044,1,2022-07-14T02:59:52.970Z
1012635_20211220_202925,110120,40.519495,-124.416724,20.791,-15632.0,-3413.2,-636.3,0.6,0.8,1.0,2021,12,20,20,29,25.96,0.0,2,1,30,27,0.002,0.077,1,2021-12-20T20:29:25.960Z
1013969_20211220_201520,110127,40.577437,-124.209294,17.324,1941.4,3021.0,-4102.8,1.3,0.3,1.3,2021,12,20,20,15,20.44,0.0,3,0,15,6,0.003,0.054,1,2021-12-20T20:15:20.440Z
1016706_20211220_225759,110129,40.516064,-124.446012,17.813,-18113.9,-3794.1,-3614.4,0.7,0.7,1.1,2021,12,20,22,57,59.96,0.0,2,2,18,17,0.007,0.061,1,2021-12-20T22:57:59.960Z
1011025_20211221_032834,110153,40.500972,-124.326774,20.376,-8012.2,-5470.0,-1051.5,2.0,2.1,2.5,2021,12,21,3,28,34.22,0.0,0,0,10,3,-9.0,0.028,1,2021-12-21T03:28:34.220Z
1011025_20211223_065541,110154,40.502372,-124.334049,18.475,-8628.6,-5314.6,-2952.3,0.5,0.6,0.9,2021,12,23,6,55,41.6,0.0,3,3,40,31,0.007,0.057,1,2021-12-23T06:55:41.600Z
1011025_20211223_045144,110156,40.510071,-124.317383,19.579,-7216.0,-4459.7,-1848.0,0.9,0.6,1.3,2021,12,23,4,51,44.44,0.0,3,0,18,16,0.002,0.102,1,2021-12-23T04:51:44.440Z
1014221_20211221_193031,110160,40.523376,-124.414665,18.27,-15457.1,-2982.2,-3156.9,0.4,0.5,0.9,2021,12,21,19,30,31.88,0.0,2,1,43,23,0.0,0.065,1,2021-12-21T19:30:31.880Z
1016971_20211221_024444,110168,40.578735,-124.211849,19.012,1725.0,3165.2,-2415.1,2.6,0.8,2.1,2021,12,21,2,44,44.71,0.0,0,0,18,7,-9.0,0.02,1,2021-12-21T02:44:44.710Z
1012915_20211225_165433,110181,40.496053,-124.456266,16.901,-18985.5,-6016.3,-4525.9,2.0,2.2,3.7,2021,12,25,16,54,33.73,0.0,0,0,36,7,-9.0,0.034,1,2021-12-25T16:54:33.730Z
1014328_20211226_160215,110183,40.595736,-124.109188,17.876,10417.7,5053.0,-3551.5,2.1,1.0,1.0,2021,12,26,16,2,15.94,0.0,0,4,0,15,0.009,0.092,1,2021-12-26T16:02:15.940Z
nc73821806_20211227_085305,110184,40.587443,-123.991284,20.789,20402.6,4132.1,-638.3,0.8,0.5,1.1,2021,12,27,8,53,5.39,0.0,2,1,2,2,0.002,0.08,1,2021-12-27T08:53:05.390Z
nc73821806_20220528_075701,110185,40.57489,-123.988631,20.87,20629.2,2738.2,-556.9,0.4,0.4,0.6,2022,5,28,7,57,1.56,0.0,1,5,7,26,0.003,0.036,1,2022-05-28T07:57:01.560Z
1011593_20211228_063541,110186,40.575077,-124.206844,18.971,2148.9,2759.0,-2456.2,1.5,0.6,1.2,2021,12,28,6,35,41.64,0.0,3,0,30,6,0.001,0.079,1,2021-12-28T06:35:41.640Z
1011593_20211231_133114,110187,40.574906,-124.199943,18.789,2733.4,2740.0,-2638.2,2.2,0.8,1.4,2021,12,31,13,31,14.69,0.0,3,0,41,14,0.006,0.027,1,2021-12-31T13:31:14.690Z
1011593_20220101_221438,110188,40.574935,-124.200122,18.8,2718.2,2743.1,-2627.2,2.1,0.7,1.4,2022,1,1,22,14,38.2,0.0,3,0,42,14,0.005,0.029,1,2022-01-01T22:14:38.200Z
1011593_20220102_111633,110189,40.574906,-124.199862,18.783,2740.3,2740.0,-2643.9,2.3,0.8,1.4,2022,1,2,11,16,33.53,0.0,3,0,41,14,0.006,0.027,1,2022-01-02T11:16:33.530Z
1011593_20220901_204302,110191,40.574719,-124.197965,18.425,2900.9,2719.2,-3002.1,2.5,1.0,2.0,2022,9,1,20,43,3.0,0.0,0,0,42,14,-9.0,0.028,1,2022-09-01T20:43:03.000Z
1015637_20211231_170213,110199,40.511796,-124.408903,21.724,-14970.2,-4268.1,296.7,2.6,2.8,2.4,2021,12,31,17,2,13.32,0.0,0,0,11,5,-9.0,0.039,1,2021-12-31T17:02:13.320Z
1013959_20220402_194656,110209,40.596977,-124.100146,24.683,11183.2,5190.8,3256.2,1.1,0.7,1.2,2022,4,2,19,46,56.08,0.0,2,4,11,14,0.005,0.054,1,2022-04-02T19:46:56.080Z
nc73822466_20220403_103947,110211,40.515796,-124.443107,18.107,-17867.8,-3824.0,-3319.8,0.6,0.9,1.0,2022,4,3,10,39,47.08,0.0,4,12,52,88,0.006,0.037,1,2022-04-03T10:39:47.080Z
1014947_20220514_200930,110231,40.516357,-124.437752,18.925,-17414.0,-3761.6,-2502.1,0.4,0.5,0.8,2022,5,14,20,9,30.6,0.0,1,3,5,14,0.002,0.034,1,2022-05-14T20:09:30.600Z
nc73822411_20220525_092542,110234,40.534208,-124.24318,20.103,-928.6,-1779.4,-1324.6,0.5,1.0,0.7,2022,5,25,9,25,41.9,0.0,1,6,5,17,0.004,0.056,1,2022-05-25T09:25:41.900Z
1010658_20220702_102323,110250,40.520483,-124.40717,21.49,-14822.4,-3303.4,62.3,0.5,0.4,1.1,2022,7,2,10,23,23.61,0.0,2,2,8,4,0.003,0.029,1,2022-07-02T10:23:23.610Z
1016589_20220720_062850,110253,40.594987,-124.113525,18.612,10050.5,4969.8,-2814.8,0.4,0.4,0.4,2022,7,20,6,28,50.7,0.0,2,3,13,14,0.001,0.06,1,2022-07-20T06:28:50.700Z
1016589_20220809_075933,110254,40.595264,-124.113306,18.417,10069.1,5000.6,-3009.9,0.6,0.4,0.4,2022,8,9,7,59,33.17,0.0,3,2,22,13,0.004,0.038,1,2022-08-09T07:59:33.170Z
1016589_20220809_080940,110255,40.598291,-124.116919,17.633,9762.9,5336.7,-3793.8,0.6,0.7,0.9,2022,8,9,8,9,40.45,0.0,2,2,14,11,0.002,0.034,1,2022-08-09T08:09:40.450Z
nc73822856_20220830_062535,110266,40.537878,-124.331942,18.61,-8447.8,-1371.8,-2817.0,0.6,0.5,1.1,2022,8,30,6,25,35.47,0.0,2,1,14,7,0.002,0.043,1,2022-08-30T06:25:35.470Z
1011046_20221028_124342,110273,40.650049,-124.01381,19.819,18486.5,11084.2,-1608.4,1.0,0.7,1.1,2022,10,28,12,43,41.95,0.0,4,0,23,6,0.008,0.051,1,2022-10-28T12:43:41.950Z
1009239_20221029_203850,110274,40.51899,-124.437118,19.332,-17359.9,-3469.3,-2095.1,0.4,0.5,1.1,2022,10,29,20,38,50.78,0.0,1,3,14,36,0.002,0.058,1,2022-10-29T20:38:50.780Z
1009239_20221030_033402,110275,40.515967,-124.435352,20.119,-17210.7,-3805.0,-1307.8,0.6,0.4,0.7,2022,10,30,3,34,2.65,0.0,2,2,42,38,0.003,0.04,1,2022-10-30T03:34:02.650Z
1009239_20221112_103142,110276,40.518591,-124.437728,19.473,-17411.7,-3513.5,-1954.0,0.6,0.5,0.6,2022,11,12,10,31,42.83,0.0,3,3,49,49,0.003,0.027,1,2022-11-12T10:31:42.830Z
nc73840456_20221102_163930,110279,40.517094,-124.434172,19.514,-17110.5,-3679.8,-1913.5,0.9,1.0,1.4,2022,11,2,16,39,30.12,0.0,0,4,0,38,0.007,0.033,1,2022-11-02T16:39:30.120Z
1010822_20221115_174818,110282,40.525313,-124.415706,19.695,-15545.1,-2767.1,-1732.2,0.7,0.6,1.2,2022,11,15,17,48,18.68,0.0,3,0,48,14,0.002,0.045,1,2022-11-15T17:48:18.680Z
1010913,110296,40.581995,-123.9854,20.585,20901.7,3527.1,-842.6,0.5,0.2,0.4,2022,12,22,3,8,5.9,0.87,7,26,48,69,0.002,0.043,1,2022-12-22T03:08:05.900Z
1014469,110298,40.535087,-124.273315,11.683,-3481.5,-1681.8,-9744.1,0.5,0.3,0.4,2023,1,17,13,54,45.71,1.24,4,2,4,2,0.004,0.089,1,2023-01-17T13:54:45.710Z
1012073,110302,40.566825,-124.129736,21.941,8679.6,1842.6,513.8,0.5,0.5,0.6,2022,12,24,0,35,18.87,0.89,4,8,37,36,0.005,0.05,1,2022-12-24T00:35:18.870Z
nc73821361,110303,40.487834,-124.498641,24.561,-22577.6,-6929.0,3133.8,0.7,0.7,1.3,2022,12,20,12,25,25.35,2.43,6,8,31,48,0.004,0.062,1,2022-12-20T12:25:25.350Z
nc73865815,110305,40.435099,-124.602035,23.373,-31351.8,-12784.9,1945.6,0.2,0.3,0.4,2023,4,2,11,44,21.59,2.51,40,130,35,112,0.004,0.07,1,2023-04-02T11:44:21.590Z
1016534,110307,40.528837,-124.41652,23.077,-15613.7,-2375.8,1650.1,0.3,0.4,0.5,2023,3,9,9,11,18.01,1.0,5,2,49,52,0.001,0.057,1,2023-03-09T09:11:18.010Z
1010577,110308,40.577393,-123.877311,22.385,30056.2,3016.1,957.7,0.5,0.5,0.5,2022,12,21,19,21,20.88,1.21,6,6,8,11,0.004,0.054,1,2022-12-21T19:21:20.880Z
nc73842546,110311,40.539685,-124.494629,23.965,-22229.1,-1171.2,2538.2,0.6,0.5,0.6,2023,2,6,9,53,42.43,2.82,0,23,9,33,0.006,0.045,1,2023-02-06T09:53:42.430Z
1017946,110326,40.577405,-124.244084,20.046,-1004.8,3017.4,-1381.3,1.6,0.8,2.2,2023,4,26,22,23,7.92,0.79,0,0,18,9,-9.0,0.052,1,2023-04-26T22:23:07.920Z
1010036,110327,40.620959,-123.948885,21.467,23987.0,7854.0,39.7,0.3,0.3,0.5,2022,12,21,8,59,40.67,1.14,11,28,47,64,0.003,0.044,1,2022-12-21T08:59:40.670Z
1018833,110330,40.585478,-123.915967,25.765,26781.0,3913.9,4338.1,0.6,0.3,0.5,2023,5,27,2,45,49.82,0.87,15,9,25,18,0.005,0.043,1,2023-05-27T02:45:49.820Z
1016069,110334,40.62041,-124.313761,20.658,-6903.5,7793.0,-768.8,0.6,0.5,1.1,2023,2,22,6,20,25.0,1.45,29,49,94,101,0.006,0.036,1,2023-02-22T06:20:25.000Z
nc73829011,110341,40.562573,-124.132275,22.477,8464.9,1370.4,1049.7,0.5,0.2,0.3,2023,1,5,14,47,6.0,2.14,6,9,57,46,0.004,0.052,1,2023-01-05T14:47:06.000Z
1018850,110346,40.538607,-123.89174,23.099,28842.6,-1290.9,1672.0,1.0,0.7,0.5,2023,5,28,1,45,53.66,1.36,0,0,27,21,-9.0,0.065,1,2023-05-28T01:45:53.660Z
1017521,110354,40.509839,-124.421712,24.226,-16055.8,-4485.5,2799.1,0.6,0.7,1.5,2023,4,14,1,57,6.64,1.17,5,24,50,80,0.005,0.053,1,2023-04-14T01:57:06.640Z
nc73847481,110355,40.518465,-124.492212,15.834,-22027.8,-3527.6,-5592.8,0.2,0.3,0.7,2023,2,16,22,15,2.96,1.44,17,31,41,58,0.005,0.037,1,2023-02-16T22:15:02.960Z
1008525,110365,40.528072,-124.233936,17.746,-145.5,-2460.7,-3681.0,0.7,0.4,0.6,2022,12,20,12,37,22.82,1.44,0,0,34,36,-9.0,0.032,1,2022-12-20T12:37:22.820Z
nc73824401,110367,40.55151,-123.974495,21.367,21830.1,141.9,-59.9,0.5,0.5,0.3,2022,12,25,1,20,33.67,1.82,2,4,64,79,0.007,0.053,1,2022-12-25T01:20:33.670Z
1015754,110368,40.607609,-123.979354,21.993,21409.7,6371.5,565.3,0.8,0.4,0.7,2023,2,14,3,52,7.42,1.37,3,5,66,71,0.003,0.068,1,2023-02-14T03:52:07.420Z
1009820,110370,40.692513,-123.89231,21.98,28761.5,15799.7,552.5,1.1,0.9,0.7,2022,12,21,4,44,13.68,1.3,0,0,22,14,-9.0,0.067,1,2022-12-21T04:44:13.680Z
1010988,110374,40.752498,-123.868538,20.835,30759.1,22460.8,-592.2,0.5,0.3,0.6,2022,12,22,4,46,29.16,1.0,1,6,4,13,0.001,0.053,1,2022-12-22T04:46:29.160Z
1010548,110378,40.590918,-124.049308,22.249,15488.7,4518.0,822.0,0.7,0.5,0.8,2022,12,21,18,52,28.84,1.06,1,7,28,28,0.006,0.083,1,2022-12-21T18:52:28.840Z
1011219,110379,40.518856,-124.422331,18.093,-16107.1,-3484.2,-3333.9,0.8,0.7,1.5,2022,12,22,9,21,28.57,1.4,0,0,109,98,-9.0,0.04,1,2022-12-22T09:21:28.570Z
1012903,110382,40.542932,-124.064152,19.385,14236.8,-810.6,-2042.3,0.4,0.4,0.3,2022,12,26,5,31,21.27,1.08,2,27,20,64,0.004,0.038,1,2022-12-26T05:31:21.270Z
1011660,110385,40.593437,-124.085938,19.242,12386.7,4797.7,-2185.4,0.5,0.3,0.3,2022,12,23,0,19,22.52,0.9,8,15,75,92,0.004,0.045,1,2022-12-23T00:19:22.520Z
nc73838976,110387,40.533679,-124.38291,25.064,-12765.8,-1838.1,3637.1,0.8,0.6,1.1,2023,1,28,23,56,58.54,3.85,1,4,39,45,0.005,0.061,1,2023-01-28T23:56:58.540Z
1013452,110388,40.50863,-124.447998,15.001,-18283.1,-4619.7,-6426.1,0.4,0.5,1.0,2022,12,31,10,20,40.29,1.04,4,1,0,0,0.002,-9.0,1,2022-12-31T10:20:40.290Z
nc73833021,110390,40.640161,-123.988542,25.963,20626.8,9986.2,4536.0,0.8,0.4,0.5,2023,1,17,5,14,2.63,1.84,21,31,21,31,0.006,0.042,1,2023-01-17T05:14:02.630Z
1011665,110391,40.589429,-124.195866,22.099,3078.3,4352.6,671.4,1.0,0.4,0.6,2022,12,23,0,35,44.58,1.56,1,3,24,14,0.001,0.094,1,2022-12-23T00:35:44.580Z
1013551,110392,40.516561,-124.419694,18.813,-15884.0,-3739.0,-2614.1,2.3,1.2,3.8,2023,1,1,12,19,44.17,1.25,0,0,80,70,-9.0,0.042,1,2023-01-01T12:19:44.170Z
1009449,110395,40.555123,-124.216178,16.846,1358.6,543.1,-4580.9,0.3,0.3,0.6,2022,12,20,23,19,53.8,1.4,1,3,29,29,0.002,0.042,1,2022-12-20T23:19:53.800Z
1012378,110396,40.537919,-124.2625,18.153,-2565.2,-1367.3,-3274.1,0.9,1.0,1.0,2022,12,24,20,6,9.28,0.83,0,0,36,21,-9.0,0.045,1,2022-12-24T20:06:09.280Z
1008313,110399,40.529598,-124.409009,17.914,-14977.2,-2291.3,-3513.0,1.3,0.9,1.2,2022,12,20,10,44,46.91,2.7,0,0,100,62,-9.0,0.045,1,2022-12-20T10:44:46.910Z
1012517,110400,40.563839,-124.048324,23.472,15575.2,1511.0,2044.6,1.5,1.2,2.0,2022,12,25,4,33,20.44,0.83,2,0,30,29,0.0,0.091,1,2022-12-25T04:33:20.440Z
1013047,110404,40.561251,-124.016805,21.902,18245.0,1223.6,474.8,0.7,0.5,0.7,2022,12,27,0,23,33.88,1.12,0,0,36,32,-9.0,0.057,1,2022-12-27T00:23:33.880Z
1014224,110406,40.593018,-124.107414,19.669,10568.2,4751.1,-1757.8,0.5,0.5,0.5,2023,1,11,3,23,18.95,1.45,6,8,26,36,0.003,0.048,1,2023-01-11T03:23:18.950Z
nc73845416,110408,40.610453,-123.847624,27.547,32562.4,6687.3,6119.7,0.4,0.4,0.5,2023,2,12,20,12,16.42,2.47,16,16,30,28,0.005,0.064,1,2023-02-12T20:12:16.420Z
1010710,110409,40.514111,-124.419751,20.797,-15889.1,-4011.0,-630.0,1.8,2.2,3.4,2022,12,21,22,8,58.64,1.39,0,0,48,31,-9.0,0.039,1,2022-12-21T22:08:58.640Z
1012930,110412,40.573759,-124.074487,19.669,13358.2,2612.6,-1758.3,0.6,0.3,0.4,2022,12,26,7,30,25.98,0.98,4,10,32,54,0.004,0.048,1,2022-12-26T07:30:25.980Z
1012260,110417,40.551371,-123.976131,21.443,21691.6,126.5,15.3,0.4,0.4,0.4,2022,12,24,12,43,0.55,1.06,7,11,72,92,0.003,0.053,1,2022-12-24T12:43:00.550Z
1013261,110422,40.621395,-124.304207,19.948,-6094.6,7902.3,-1478.7,0.7,0.4,0.8,2022,12,29,13,40,17.92,1.27,12,8,59,54,0.006,0.035,1,2022-12-29T13:40:17.920Z
1015893,110423,40.504712,-124.335474,18.679,-8749.1,-5054.8,-2748.1,0.6,0.6,0.6,2023,2,17,12,38,36.35,0.88,167,39,177,77,0.005,0.061,1,2023-02-17T12:38:36.350Z
1011227,110429,40.593123,-124.013314,22.43,18536.3,4762.9,1003.0,0.5,0.3,0.6,2022,12,22,9,28,37.85,0.68,20,15,49,53,0.003,0.075,1,2022-12-22T09:28:37.850Z
nc73822606,110431,40.600924,-124.10752,23.079,10558.6,5629.1,1652.0,0.8,0.4,0.5,2022,12,21,17,59,17.64,1.95,0,0,45,32,-9.0,0.057,1,2022-12-21T17:59:17.640Z
nc73822826,110432,40.496493,-124.458276,26.444,-19155.8,-5967.5,5017.0,0.7,0.4,0.6,2022,12,22,1,13,29.55,2.71,2,8,19,29,0.004,0.054,1,2022-12-22T01:13:29.550Z
1010528,110434,40.511971,-124.464233,19.081,-19658.3,-4248.7,-2346.7,1.0,0.8,1.4,2022,12,21,18,26,29.48,1.33,0,0,75,65,-9.0,0.034,1,2022-12-21T18:26:29.480Z
1015032,110435,40.534424,-124.381152,24.863,-12616.9,-1755.4,3436.2,0.5,0.6,1.2,2023,1,28,20,7,39.68,1.24,3,5,32,32,0.006,0.065,1,2023-01-28T20:07:39.680Z
1015916,110436,40.475952,-124.534082,23.713,-25583.3,-8248.4,2285.9,0.4,0.5,0.4,2023,2,18,0,47,37.67,1.15,6,1,19,13,0.002,0.059,1,2023-02-18T00:47:37.670Z
1014978,110439,40.473116,-124.42998,19.763,-16760.9,-8563.4,-1664.2,0.5,0.5,0.7,2023,1,27,16,28,41.94,1.01,14,16,32,35,0.005,0.044,1,2023-01-27T16:28:41.940Z
1009087,110442,40.572611,-123.950472,21.584,23861.2,2485.1,156.5,0.5,0.5,0.4,2022,12,20,18,48,54.48,0.91,3,0,60,71,0.001,0.057,1,2022-12-20T18:48:54.480Z
1010693,110443,40.579041,-124.184489,18.989,4042.0,3199.1,-2438.0,1.5,0.8,1.5,2022,12,21,21,55,10.12,0.79,0,0,41,18,-9.0,0.04,1,2022-12-21T21:55:10.120Z
1012032,110444,40.503601,-124.504842,27.365,-23100.4,-5178.1,5937.6,0.3,0.3,0.4,2022,12,23,21,41,54.96,1.21,19,43,22,70,0.003,0.071,1,2022-12-23T21:41:54.960Z
nc73822376,110445,40.524959,-124.38929,23.503,-13307.2,-2806.4,2076.1,0.8,0.9,1.1,2022,12,21,8,6,55.81,1.8,3,3,52,43,0.006,0.047,1,2022-12-21T08:06:55.810Z
1012369,110447,40.563554,-124.016561,22.726,18265.4,1479.3,1298.9,0.4,0.3,0.3,2022,12,24,19,37,36.16,1.39,5,7,62,70,0.001,0.061,1,2022-12-24T19:37:36.160Z
1015169,110448,40.596545,-124.126432,21.883,8957.5,5142.9,455.4,1.1,0.6,1.1,2023,1,31,13,12,49.36,1.12,0,0,68,50,-9.0,0.041,1,2023-01-31T13:12:49.360Z
1009456,110452,40.545068,-124.194279,27.705,3213.8,-573.4,6278.1,0.6,0.5,0.8,2022,12,20,23,25,36.58,1.09,2,2,2,3,0.002,0.013,1,2022-12-20T23:25:36.580Z
1010228,110453,40.50789,-124.47242,17.788,-20352.6,-4701.9,-3639.0,0.9,1.0,1.3,2022,12,21,12,8,5.99,1.11,0,0,46,46,-9.0,0.035,1,2022-12-21T12:08:05.990Z
1010330,110454,40.465474,-123.818302,23.089,35082.6,-9411.9,1661.9,0.4,0.8,0.5,2022,12,21,13,41,59.51,0.69,10,8,10,9,0.004,0.009,1,2022-12-21T13:41:59.510Z
1011909,110455,40.529936,-124.421484,16.701,-16034.1,-2253.8,-4726.4,0.9,1.1,2.1,2022,12,23,13,9,40.31,0.89,0,0,33,23,-9.0,0.044,1,2022-12-23T13:09:40.310Z
1015761,110458,40.621464,-124.310156,20.154,-6598.2,7910.0,-1273.7,0.2,0.4,0.4,2023,2,14,6,32,28.46,1.23,3,9,36,37,0.004,0.034,1,2023-02-14T06:32:28.460Z
1017828,110462,40.585107,-124.438631,23.746,-17479.6,3872.8,2319.2,0.4,0.4,0.6,2023,4,22,17,56,12.78,1.37,7,16,13,27,0.006,0.063,1,2023-04-22T17:56:12.780Z
nc73845886,110464,40.588257,-124.427279,23.256,-16517.8,4222.5,1828.3,0.3,0.3,0.5,2023,2,13,21,32,14.98,2.09,4,6,19,28,0.005,0.058,1,2023-02-13T21:32:14.980Z
1010811,110466,40.532027,-124.391724,15.518,-13512.6,-2021.6,-5909.4,0.4,0.3,0.7,2022,12,22,0,27,26.85,0.83,2,5,21,27,0.004,0.068,1,2022-12-22T00:27:26.850Z
1010949,110467,40.528825,-124.42522,26.662,-16350.7,-2377.2,5234.8,0.6,0.7,0.8,2022,12,22,3,58,10.62,0.9,14,22,40,78,0.006,0.064,1,2022-12-22T03:58:10.620Z
1012085,110468,40.529,-123.976172,20.419,21691.7,-2357.7,-1008.3,0.2,0.2,0.2,2022,12,24,1,17,32.86,0.88,3,3,13,17,0.0,0.086,1,2022-12-24T01:17:32.860Z
1017055,110470,40.538139,-124.3566,16.335,-10536.6,-1342.9,-5091.8,1.1,0.9,1.8,2023,3,29,5,5,59.45,1.47,0,0,47,25,-9.0,0.052,1,2023-03-29T05:05:59.450Z
nc73821316,110474,40.472314,-124.447803,21.231,-18271.5,-8652.4,-196.3,0.6,0.5,0.8,2022,12,20,12,14,10.21,2.27,5,6,12,19,0.006,0.056,1,2022-12-20T12:14:10.210Z
nc73822526,110475,40.5828,-124.352352,28.059,-10173.4,3616.6,6632.2,0.4,0.3,0.6,2022,12,21,15,8,37.4,1.85,2,5,2,7,0.001,0.019,1,2022-12-21T15:08:37.400Z
1008613,110476,40.53689,-124.407015,28.307,-14807.5,-1481.6,6879.8,0.3,0.3,0.5,2022,12,20,13,24,12.35,1.51,6,20,20,46,0.005,0.048,1,2022-12-20T13:24:12.350Z
1013880,110477,40.611873,-123.938184,21.838,24894.7,6845.0,411.0,0.5,0.5,0.8,2023,1,3,7,18,41.99,0.99,7,8,42,43,0.005,0.046,1,2023-01-03T07:18:41.990Z
1012851,110479,40.536475,-124.359277,16.719,-10763.6,-1527.7,-4708.6,1.2,1.1,1.9,2022,12,26,2,4,21.75,1.88,0,0,63,31,-9.0,0.051,1,2022-12-26T02:04:21.750Z
nc73822201,110480,40.557471,-124.251774,23.197,-1656.4,803.8,1769.7,0.2,0.2,0.3,2022,12,21,2,56,11.56,1.6,6,6,43,30,0.002,0.061,1,2022-12-21T02:56:11.560Z
nc73867355,110481,40.490324,-124.465234,18.404,-19746.3,-6652.5,-3023.3,1.0,0.6,1.1,2023,4,5,14,51,19.38,1.34,0,0,32,13,-9.0,0.051,1,2023-04-05T14:51:19.380Z
1010599,110482,40.58206,-123.923494,21.523,26144.2,3534.3,96.1,1.1,2.1,1.4,2022,12,21,19,52,7.4,0.64,0,0,14,4,-9.0,0.052,1,2022-12-21T19:52:07.400Z
1012505,110484,40.525667,-124.419914,19.497,-15901.5,-2727.8,-1929.9,1.2,0.9,1.8,2022,12,25,4,3,37.8,0.93,0,0,90,54,-9.0,0.041,1,2022-12-25T04:03:37.800Z
nc73821551,110487,40.752218,-123.851034,20.585,32239.7,22429.6,-842.1,0.8,0.6,0.8,2022,12,20,14,10,59.65,2.57,2,5,5,8,0.006,0.05,1,2022-12-20T14:10:59.650Z
1015934,110488,40.478385,-124.457202,19.424,-19067.3,-7978.2,-2003.2,0.4,0.5,0.5,2023,2,18,9,18,28.24,1.4,10,13,43,35,0.004,0.045,1,2023-02-18T09:18:28.240Z
1013241,110489,40.519279,-124.426147,19.128,-16430.4,-3437.2,-2299.4,0.8,0.9,1.5,2022,12,29,9,57,25.62,1.27,0,0,135,126,-9.0,0.037,1,2022-12-29T09:57:25.620Z
1016438,110494,40.522644,-124.413664,17.845,-15372.4,-3063.5,-3582.3,0.4,0.7,1.2,2023,3,5,20,14,19.88,1.28,1,2,61,48,0.003,0.065,1,2023-03-05T20:14:19.880Z
1013387,110496,40.503817,-124.446875,17.962,-18188.6,-5154.2,-3465.4,0.6,0.8,1.1,2022,12,30,12,51,54.89,1.14,0,0,66,60,-9.0,0.04,1,2022-12-30T12:51:54.890Z
1013462,110497,40.574052,-124.098918,22.67,11289.2,2645.1,1242.5,0.4,0.4,0.6,2022,12,31,14,27,57.5,1.02,6,2,39,31,0.002,0.077,1,2022-12-31T14:27:57.500Z
1013417,110501,40.467521,-124.508097,23.71,-23382.5,-9184.6,2282.4,0.3,0.4,0.9,2022,12,30,21,43,18.24,2.12,9,16,27,29,0.005,0.078,1,2022-12-30T21:43:18.240Z
1009343,110506,40.606421,-124.069336,20.236,13791.1,6239.5,-1191.6,1.7,1.0,2.2,2022,12,20,21,47,48.84,1.1,0,0,35,15,-9.0,0.046,1,2022-12-20T21:47:48.840Z
1010115,110507,40.528613,-124.397827,17.783,-14030.1,-2400.7,-3644.5,1.3,1.1,1.8,2022,12,21,10,16,11.5,0.7,0,0,51,46,-9.0,0.038,1,2022-12-21T10:16:11.500Z
1013353,110508,40.613538,-124.094393,17.998,11669.0,7029.8,-3428.1,1.1,0.8,1.0,2022,12,30,9,0,39.62,1.14,4,3,53,43,0.006,0.066,1,2022-12-30T09:00:39.620Z
1013765,110510,40.497603,-124.431803,24.704,-16912.3,-5844.2,3276.6,0.4,0.4,1.4,2023,1,2,8,25,11.11,1.28,4,2,46,70,0.003,0.055,1,2023-01-02T08:25:11.110Z
nc73822221,110511,40.631392,-124.022778,23.386,17729.9,9012.5,1959.2,0.9,0.6,0.7,2022,12,21,4,15,20.64,2.45,1,3,3,1,0.005,0.051,1,2022-12-21T04:15:20.640Z
1010496,110512,40.509383,-124.336312,19.104,-8819.9,-4536.1,-2323.1,0.4,0.5,0.5,2022,12,21,17,35,50.68,1.4,37,43,107,82,0.006,0.039,1,2022-12-21T17:35:50.680Z
1008777,110513,40.52404,-124.415072,18.679,-15491.5,-2908.5,-2748.0,1.2,1.0,1.6,2022,12,20,15,4,50.72,1.42,0,0,57,36,-9.0,0.042,1,2022-12-20T15:04:50.720Z
1014235,110515,40.539596,-124.231543,21.504,57.2,-1181.1,76.3,0.4,0.5,1.2,2023,1,11,13,29,12.48,1.57,0,0,4,2,-9.0,0.018,1,2023-01-11T13:29:12.480Z
1016607,110517,40.596517,-124.085872,23.475,12391.9,5139.7,2047.5,0.6,0.5,0.5,2023,3,12,6,43,46.83,0.89,0,0,25,16,-9.0,0.046,1,2023-03-12T06:43:46.830Z
nc73821066,110518,40.522469,-124.431852,18.356,-16913.4,-3082.9,-3071.1,1.0,0.9,1.4,2022,12,20,10,43,39.45,2.63,0,0,58,43,-9.0,0.038,1,2022-12-20T10:43:39.450Z
nc73822071,110519,40.576095,-124.141911,22.605,7648.0,2871.9,1177.7,1.2,0.5,0.8,2022,12,20,23,22,14.86,1.65,0,0,50,39,-9.0,0.043,1,2022-12-20T23:22:14.860Z
1011679,110521,40.569845,-124.16075,22.805,6052.8,2177.9,1377.7,1.2,0.7,1.7,2022,12,23,1,11,44.55,1.32,0,0,36,37,-9.0,0.039,1,2022-12-23T01:11:44.550Z
1009086,110522,40.643717,-124.083561,23.271,12583.2,10381.1,1843.4,0.8,0.4,0.1,2022,12,20,18,48,15.48,0.97,1,3,0,0,0.001,-9.0,1,2022-12-20T18:48:15.480Z
nc73822146,110523,40.511849,-124.490177,23.642,-21856.5,-4262.3,2214.5,0.4,0.5,0.8,2022,12,21,1,7,33.14,3.25,4,9,32,32,0.006,0.062,1,2022-12-21T01:07:33.140Z
1010071,110524,40.607133,-124.081453,17.595,12765.1,6318.6,-3832.2,1.0,0.3,0.5,2022,12,21,9,31,7.79,1.25,0,2,94,76,0.0,0.062,1,2022-12-21T09:31:07.790Z
1012928,110525,40.619531,-124.08173,17.98,12740.5,7695.4,-3447.7,1.1,0.9,1.0,2022,12,26,7,21,10.2,0.93,0,0,43,34,-9.0,0.043,1,2022-12-26T07:21:10.200Z
1015960,110526,40.489937,-124.509619,15.447,-23507.6,-6695.4,-5980.3,0.7,1.0,1.3,2023,2,18,20,58,10.88,1.67,5,0,26,36,0.005,0.068,1,2023-02-18T20:58:10.880Z
1010944,110527,40.521663,-124.440487,19.448,-17645.0,-3172.4,-1979.3,0.6,0.7,1.5,2022,12,22,3,55,53.77,1.44,0,0,90,84,-9.0,0.038,1,2022-12-22T03:55:53.770Z
1018643,110529,40.553206,-124.25673,24.374,-2076.2,330.3,2946.9,0.4,0.2,1.3,2023,5,18,13,21,36.52,0.56,8,10,10,12,0.005,0.056,1,2023-05-18T13:21:36.520Z
1010991,110530,40.620524,-124.070101,15.931,13724.9,7805.6,-5495.8,1.1,0.8,0.9,2022,12,22,4,49,53.95,0.84,0,0,41,34,-9.0,0.037,1,2022-12-22T04:49:53.950Z
1009126,110531,40.534041,-124.349105,18.694,-9902.0,-1797.9,-2732.9,0.3,0.2,0.7,2022,12,20,19,16,2.58,1.29,0,8,53,44,0.003,0.042,1,2022-12-20T19:16:02.580Z
1011746,110532,40.545577,-124.340291,16.33,-9154.6,-516.9,-5097.6,0.4,0.4,0.4,2022,12,23,4,9,54.98,1.0,2,0,37,24,0.0,0.07,1,2022-12-23T04:09:54.980Z
1013986,110534,40.528601,-124.408415,19.249,-14927.0,-2402.0,-2178.0,2.4,1.3,3.4,2023,1,4,16,29,55.0,1.61,0,0,53,45,-9.0,0.046,1,2023-01-04T16:29:55.000Z
1011295,110535,40.523775,-124.412809,18.289,-15299.9,-2937.9,-3138.2,1.0,1.4,1.7,2022,12,22,10,55,51.75,0.98,1,1,100,89,0.002,0.044,1,2022-12-22T10:55:51.750Z
nc73822556,110537,40.609806,-124.079688,23.375,12914.4,6615.5,1948.1,0.7,0.5,0.5,2022,12,21,16,28,15.92,3.99,0,0,37,21,-9.0,0.046,1,2022-12-21T16:28:15.920Z
1012585,110539,40.52572,-124.344832,18.581,-9540.6,-2721.9,-2846.5,0.7,0.8,1.1,2022,12,25,8,22,48.1,0.72,2,5,77,45,0.001,0.059,1,2022-12-25T08:22:48.100Z
1015927,110541,40.581181,-124.196834,18.796,2996.5,3436.7,-2631.5,1.3,0.3,1.5,2023,2,18,6,52,19.66,1.07,3,0,66,34,0.003,0.05,1,2023-02-18T06:52:19.660Z
1009004,110542,40.578589,-124.19187,18.335,3417.0,3148.9,-3092.3,2.4,0.8,1.8,2022,12,20,17,56,5.9,1.14,0,0,59,40,-9.0,0.049,1,2022-12-20T17:56:05.900Z
1016837,110544,40.597396,-124.188013,20.448,3743.1,5237.3,-979.5,1.9,0.6,1.1,2023,3,21,22,51,34.76,0.98,0,0,22,15,-9.0,0.048,1,2023-03-21T22:51:34.760Z
1013053,110546,40.504765,-124.449219,18.874,-18387.1,-5048.9,-2553.2,1.0,0.9,1.5,2022,12,27,1,23,41.46,0.94,0,0,50,37,-9.0,0.038,1,2022-12-27T01:23:41.460Z
1009467,110547,40.615466,-123.926318,21.477,25898.6,7244.0,49.7,0.7,0.6,1.0,2022,12,20,23,36,50.96,1.0,4,2,53,44,0.001,0.049,1,2022-12-20T23:36:50.960Z
nc73822231,110549,40.543091,-124.055713,19.763,14951.6,-793.0,-1664.3,0.9,0.6,0.7,2022,12,21,4,18,46.33,2.04,4,15,24,62,0.005,0.046,1,2022-12-21T04:18:46.330Z
1015891,110551,40.61436,-124.091536,17.969,11910.7,7121.1,-3458.4,1.5,0.6,1.3,2023,2,17,11,16,14.44,1.12,3,2,68,42,0.009,0.051,1,2023-02-17T11:16:14.440Z
1012440,110553,40.524776,-123.91512,20.698,26864.7,-2826.7,-729.1,0.6,0.6,0.5,2022,12,25,0,34,1.95,0.77,8,18,14,26,0.004,0.031,1,2022-12-25T00:34:01.950Z
1009509,110554,40.549707,-124.243669,18.233,-969.9,-58.3,-3194.1,0.7,0.5,0.6,2022,12,21,0,5,31.52,1.34,0,0,54,51,-9.0,0.039,1,2022-12-21T00:05:31.520Z
1016210,110556,40.499341,-124.433366,23.588,-17044.5,-5651.2,2161.1,0.2,0.3,0.3,2023,2,25,14,23,27.24,1.53,2,4,30,32,0.001,0.045,1,2023-02-25T14:23:27.240Z
1016624,110559,40.613391,-124.13571,20.134,8170.9,7013.5,-1293.2,2.5,1.1,2.5,2023,3,13,0,48,17.16,0.83,0,0,18,3,-9.0,0.038,1,2023-03-13T00:48:17.160Z
nc73840766,110560,40.627702,-123.927734,21.653,25776.4,8602.7,225.8,0.6,0.2,0.6,2023,2,2,2,38,55.86,1.6,0,5,62,71,0.002,0.052,1,2023-02-02T02:38:55.860Z
1008975,110561,40.618014,-123.885986,22.904,29312.7,7526.8,1477.1,0.6,0.5,1.0,2022,12,20,17,35,32.4,1.17,5,7,5,2,0.005,0.106,1,2022-12-20T17:35:32.400Z
1012120,110564,40.597335,-124.114355,15.132,9980.0,5230.6,-6294.9,0.9,0.4,0.5,2022,12,24,4,18,59.64,0.99,3,0,44,27,0.0,0.07,1,2022-12-24T04:18:59.640Z
nc73822906,110566,40.610563,-124.108146,18.015,10504.8,6699.5,-3411.9,1.1,0.3,0.6,2022,12,22,5,24,43.94,2.65,2,1,148,97,0.0,0.078,1,2022-12-22T05:24:43.940Z
1016891,110568,40.499552,-124.470736,15.815,-20211.1,-5627.7,-5612.7,1.1,1.5,2.4,2023,3,22,19,35,25.0,1.32,0,0,49,48,-9.0,0.041,1,2023-03-22T19:35:25.000Z
1013772,110569,40.647522,-124.022046,18.348,17789.7,10803.6,-3079.3,0.6,0.3,0.7,2023,1,2,9,44,23.88,0.93,3,12,37,37,0.003,0.042,1,2023-01-02T09:44:23.880Z
1011058,110570,40.601575,-124.124805,20.517,9095.0,5701.4,-909.8,0.4,0.3,0.4,2022,12,22,6,14,22.18,1.1,6,11,56,70,0.003,0.065,1,2022-12-22T06:14:22.180Z
1013672,110572,40.531885,-124.245101,18.917,-1091.4,-2037.4,-2510.7,0.5,0.7,0.6,2023,1,1,22,18,53.02,1.17,7,7,53,49,0.005,0.042,1,2023-01-01T22:18:53.020Z
1010740,110574,40.629549,-124.096973,19.85,11449.2,8807.8,-1577.3,1.2,1.4,1.1,2022,12,21,22,33,49.0,1.0,0,0,38,27,-9.0,0.037,1,2022-12-21T22:33:49.000Z
1012775,110577,40.615454,-124.229671,23.977,215.7,7242.6,2549.5,0.9,0.6,1.1,2022,12,25,19,13,28.0,0.95,11,1,14,3,0.002,0.045,1,2022-12-25T19:13:28.000Z
nc73822001,110578,40.568136,-124.143555,21.796,7509.2,1988.1,369.0,1.1,0.5,0.8,2022,12,20,20,26,41.42,2.13,0,0,68,61,-9.0,0.038,1,2022-12-20T20:26:41.420Z
1010034,110579,40.520341,-124.351668,21.87,-10120.2,-3319.3,442.5,0.9,0.8,1.2,2022,12,21,8,58,34.51,0.97,0,0,8,7,-9.0,0.016,1,2022-12-21T08:58:34.510Z
1013868,110580,40.613041,-124.044401,23.543,15901.6,6974.7,2115.3,0.3,0.4,0.5,2023,1,3,4,53,49.31,1.15,1,2,10,18,0.001,0.093,1,2023-01-03T04:53:49.310Z
1018854,110581,40.568132,-124.236589,20.381,-370.1,1987.7,-1046.3,1.3,0.6,1.2,2023,5,28,11,38,43.75,1.07,0,0,47,26,-9.0,0.042,1,2023-05-28T11:38:43.750Z
1010779,110582,40.563615,-123.93575,22.086,25109.7,1486.1,658.8,0.4,0.3,0.7,2022,12,21,23,36,17.24,1.23,12,22,84,88,0.005,0.055,1,2022-12-21T23:36:17.240Z
1011029,110586,40.524634,-123.900334,20.11,28117.5,-2842.6,-1317.1,0.6,0.6,0.5,2022,12,22,5,36,49.89,0.7,3,3,14,9,0.004,0.054,1,2022-12-22T05:36:49.890Z
nc73821076,110587,40.606771,-123.915104,25.13,26849.8,6278.4,3703.2,0.5,0.4,0.8,2022,12,20,10,48,38.06,2.65,8,5,49,35,0.005,0.061,1,2022-12-20T10:48:38.060Z
1011141,110588,40.597445,-124.116805,18.26,9772.6,5242.8,-3166.8,0.4,0.4,0.5,2022,12,22,7,50,48.82,1.53,1,3,110,97,0.002,0.068,1,2022-12-22T07:50:48.820Z
1009524,110589,40.533073,-124.050334,19.5,15408.4,-1905.4,-1927.3,0.3,0.2,0.2,2022,12,21,0,13,29.26,1.5,0,9,23,46,0.003,0.033,1,2022-12-21T00:13:29.260Z
1011993,110590,40.650777,-123.880396,26.402,29778.8,11165.1,4975.2,1.1,0.9,1.3,2022,12,23,19,10,35.48,1.06,2,0,3,1,0.002,0.075,1,2022-12-23T19:10:35.480Z
1012807,110591,40.585791,-124.06049,20.989,14542.4,3948.7,-438.7,0.4,0.4,0.4,2022,12,25,22,34,55.28,0.82,2,2,21,30,0.001,0.09,1,2022-12-25T22:34:55.280Z
1014503,110592,40.618412,-124.077783,17.655,13074.8,7571.1,-3772.0,1.0,0.5,0.8,2023,1,18,8,28,49.22,0.92,15,10,71,59,0.005,0.047,1,2023-01-18T08:28:49.220Z
1009560,110594,40.557902,-123.936613,21.166,25037.7,851.7,-261.2,1.6,1.3,1.6,2022,12,21,0,45,40.26,1.26,0,0,79,84,-9.0,0.057,1,2022-12-21T00:45:40.260Z
nc73821106,110595,40.59172,-124.32675,21.388,-8004.8,4607.0,-39.2,0.6,0.4,0.6,2022,12,20,10,52,39.31,3.28,12,13,57,42,0.006,0.032,1,2022-12-20T10:52:39.310Z
1013220,110596,40.542285,-124.338997,17.448,-9045.2,-882.5,-3979.4,0.8,0.9,1.3,2022,12,29,7,31,23.04,0.85,0,0,62,38,-9.0,0.049,1,2022-12-29T07:31:23.040Z
1009309,110597,40.623942,-124.083366,19.891,12601.6,8185.2,-1535.4,0.3,0.5,0.5,2022,12,20,21,24,28.68,0.9,1,2,28,15,0.002,0.064,1,2022-12-20T21:24:28.680Z
1012844,110598,40.598108,-124.10175,23.055,11047.4,5316.4,1628.1,0.5,0.3,0.6,2022,12,26,1,46,2.95,1.45,0,4,62,35,0.003,0.045,1,2022-12-26T01:46:02.950Z
1009178,110600,40.524731,-124.383236,17.044,-12794.3,-2831.7,-4383.2,1.7,1.5,2.3,2022,12,20,19,51,5.48,1.33,0,0,10,8,-9.0,0.045,1,2022-12-20T19:51:05.480Z
1010477,110604,40.576904,-123.948674,20.141,24012.8,2961.8,-1286.6,0.5,0.4,0.2,2022,12,21,17,1,49.64,1.16,0,3,55,60,0.003,0.085,1,2022-12-21T17:01:49.640Z
1011129,110605,40.520821,-124.430436,19.201,-16793.6,-3265.9,-2226.6,2.2,1.1,3.1,2022,12,22,7,33,35.54,1.14,0,0,76,66,-9.0,0.04,1,2022-12-22T07:33:35.540Z
1010376,110607,40.657894,-124.01425,19.179,18448.2,11955.4,-2248.3,1.1,1.2,1.5,2022,12,21,14,33,24.32,1.52,0,0,26,22,-9.0,0.036,1,2022-12-21T14:33:24.320Z
nc73824646,110608,40.643876,-124.026676,18.571,17398.3,10398.8,-2856.2,0.3,0.4,0.7,2022,12,25,12,29,55.13,1.64,2,4,41,36,0.003,0.063,1,2022-12-25T12:29:55.130Z
1009131,110609,40.575444,-124.153133,23.386,6697.6,2799.6,1958.5,1.3,0.6,1.0,2022,12,20,19,19,0.1,1.41,0,0,60,44,-9.0,0.034,1,2022-12-20T19:19:00.100Z
1010242,110611,40.547453,-124.238241,18.607,-510.1,-308.6,-2820.0,1.3,1.8,1.4,2022,12,21,12,21,21.67,0.97,0,0,37,19,-9.0,0.047,1,2022-12-21T12:21:21.670Z
1013091,110613,40.665328,-123.886955,22.795,29220.4,12780.9,1367.5,0.6,0.5,0.4,2022,12,27,17,40,9.76,1.83,9,5,19,13,0.003,0.071,1,2022-12-27T17:40:09.760Z
nc73846766,110614,40.551221,-124.314144,20.594,-6939.4,109.8,-832.9,1.3,1.0,2.1,2023,2,15,14,26,55.27,2.21,0,0,40,39,-9.0,0.057,1,2023-02-15T14:26:55.270Z
1010087,110615,40.580522,-124.132349,22.576,8457.5,3363.5,1149.1,1.1,0.9,1.6,2022,12,21,9,48,30.57,1.09,0,0,37,17,-9.0,0.037,1,2022-12-21T09:48:30.570Z
1009463,110618,40.602315,-123.978459,22.563,21486.3,5783.6,1135.8,0.9,0.8,0.5,2022,12,20,23,30,29.64,1.04,5,7,14,19,0.004,0.042,1,2022-12-20T23:30:29.640Z
1010969,110619,40.598132,-123.917269,21.676,26668.2,5319.1,248.7,0.5,0.4,0.5,2022,12,22,4,23,8.95,0.67,5,1,50,46,0.0,0.062,1,2022-12-22T04:23:08.950Z
1012741,110620,40.602079,-123.891561,24.934,28844.2,5757.4,3506.3,0.3,0.4,0.8,2022,12,25,16,15,8.42,1.07,6,5,24,16,0.003,0.07,1,2022-12-25T16:15:08.420Z
1013144,110622,40.603638,-124.102816,15.625,10956.7,5930.5,-5801.9,0.3,0.2,0.2,2022,12,28,9,46,28.79,1.31,3,3,41,32,0.0,0.065,1,2022-12-28T09:46:28.790Z
1013356,110623,40.595679,-124.155005,23.026,6538.1,5046.7,1598.4,1.7,1.1,1.2,2022,12,30,9,23,12.07,1.07,0,0,32,29,-9.0,0.048,1,2022-12-30T09:23:12.070Z
1017202,110624,40.609692,-124.11049,18.236,10306.4,6602.8,-3191.3,1.1,0.8,1.1,2023,4,2,23,2,20.0,1.02,0,0,98,73,-9.0,0.061,1,2023-04-02T23:02:20.000Z
1009307,110625,40.551013,-124.072306,18.984,13545.2,86.8,-2443.6,0.7,0.5,0.6,2022,12,20,21,22,52.64,1.2,0,0,23,0,-9.0,0.02,1,2022-12-20T21:22:52.640Z
1012389,110626,40.557914,-124.021387,21.71,17857.4,853.1,282.7,0.5,0.4,0.4,2022,12,24,20,57,12.6,1.3,4,3,39,40,0.001,0.078,1,2022-12-24T20:57:12.600Z
1008926,110627,40.589941,-124.192497,22.457,3363.6,4409.6,1029.3,0.7,0.7,1.3,2022,12,20,16,59,23.79,1.39,0,3,17,13,0.004,0.049,1,2022-12-20T16:59:23.790Z
nc73824491,110628,40.551184,-123.885376,22.192,29378.9,105.7,764.4,0.5,0.4,0.3,2022,12,25,6,37,31.48,1.5,0,4,42,29,0.002,0.07,1,2022-12-25T06:37:31.480Z
1015274,110629,40.582463,-124.240975,23.706,-741.5,3579.1,2278.6,2.4,1.4,2.4,2023,2,2,2,53,51.87,0.9,0,0,11,4,-9.0,0.029,1,2023-02-02T02:53:51.870Z
1011077,110630,40.601188,-124.111068,15.162,10258.1,5658.5,-6265.7,1.0,0.7,0.7,2022,12,22,6,38,47.06,0.92,2,3,56,45,0.007,0.073,1,2022-12-22T06:38:47.060Z
1011065,110631,40.600704,-123.999951,19.874,19666.7,5604.7,-1553.0,0.6,0.6,0.5,2022,12,22,6,27,3.22,1.14,0,0,67,95,-9.0,0.054,1,2022-12-22T06:27:03.220Z
nc73821186,110633,40.512716,-124.451652,24.526,-18592.2,-4166.0,3099.0,0.3,0.4,1.6,2022,12,20,11,23,43.21,2.53,3,8,15,22,0.003,0.054,1,2022-12-20T11:23:43.210Z
1013881,110634,40.613224,-124.081226,15.733,12783.8,6995.0,-5694.1,1.1,0.8,0.9,2023,1,3,7,23,30.63,1.13,0,0,56,38,-9.0,0.042,1,2023-01-03T07:23:30.630Z
1012170,110635,40.547534,-124.046191,22.86,15757.6,-299.6,1433.2,0.7,0.6,0.7,2022,12,24,7,16,44.56,1.51,0,3,47,87,0.007,0.056,1,2022-12-24T07:16:44.560Z
1018244,110636,40.580452,-124.215991,19.242,1374.2,3355.9,-2185.6,0.8,0.2,1.0,2023,5,5,10,50,40.19,0.86,3,0,91,48,0.0,0.062,1,2023-05-05T10:50:40.190Z
nc73824641,110637,40.545479,-124.336816,16.846,-8860.2,-527.8,-4580.8,1.1,0.7,1.5,2022,12,25,12,21,40.59,1.9,0,0,58,33,-9.0,0.068,1,2022-12-25T12:21:40.590Z
1010572,110638,40.587288,-124.149715,23.713,6986.5,4115.0,2285.4,1.1,1.3,1.2,2022,12,21,19,17,30.56,1.31,1,0,59,52,0.001,0.069,1,2022-12-21T19:17:30.560Z
1012604,110641,40.644189,-123.998983,18.648,19742.4,10433.5,-2779.2,1.1,0.3,0.9,2022,12,25,9,11,59.17,0.7,3,7,19,17,0.006,0.04,1,2022-12-25T09:11:59.170Z
1015864,110643,40.539815,-123.911523,22.786,27166.4,-1156.7,1358.8,0.4,0.5,0.5,2023,2,16,18,3,27.56,1.53,14,9,50,46,0.006,0.061,1,2023-02-16T18:03:27.560Z
1015726,110644,40.562956,-123.979801,23.689,21378.9,1412.9,2261.5,0.4,0.3,0.2,2023,2,13,5,45,35.35,1.23,0,7,27,31,0.003,0.061,1,2023-02-13T05:45:35.350Z
1015464,110646,40.575338,-124.424284,23.275,-16265.8,2787.9,1847.7,0.5,0.5,0.8,2023,2,6,20,12,2.44,1.35,3,6,0,0,0.005,-9.0,1,2023-02-06T20:12:02.440Z
1009113,110647,40.565312,-124.143774,22.19,7490.8,1674.5,763.1,1.5,0.7,0.9,2022,12,20,19,6,23.2,1.47,0,0,36,17,-9.0,0.033,1,2022-12-20T19:06:23.200Z
nc73824911,110649,40.519763,-124.355973,22.44,-10485.0,-3383.4,1012.4,0.9,0.9,1.2,2022,12,25,23,13,35.28,1.83,0,0,12,10,-9.0,0.023,1,2022-12-25T23:13:35.280Z
1012952,110650,40.701949,-123.952873,22.178,23635.2,16847.5,750.5,0.4,0.3,0.3,2022,12,26,9,16,15.99,1.67,3,0,22,3,0.0,0.057,1,2022-12-26T09:16:15.990Z
nc73868920,110651,40.612207,-123.825488,26.672,34436.1,6882.0,5244.7,1.0,0.8,0.3,2023,4,8,3,4,20.64,1.95,3,0,29,14,0.004,0.055,1,2023-04-08T03:04:20.640Z
1015537,110652,40.515881,-124.439575,17.407,-17568.5,-3814.5,-4020.6,2.5,3.0,5.7,2023,2,8,14,16,55.21,1.31,0,0,37,36,-9.0,0.04,1,2023-02-08T14:16:55.210Z
1012944,110653,40.532198,-124.405298,18.227,-14662.6,-2002.6,-3200.6,2.1,2.2,3.9,2022,12,26,8,29,16.34,0.84,0,0,59,37,-9.0,0.047,1,2022-12-26T08:29:16.340Z
nc73824326,110654,40.591044,-124.008895,23.216,18910.8,4532.0,1788.4,0.7,0.5,0.3,2022,12,24,22,12,36.48,2.1,1,2,59,81,0.0,0.089,1,2022-12-24T22:12:36.480Z
1018094,110655,40.566256,-124.022819,22.605,17735.0,1779.4,1177.7,0.7,0.6,0.7,2023,4,30,12,38,22.8,0.62,3,0,43,33,0.0,0.075,1,2023-04-30T12:38:22.800Z
1014634,110656,40.583496,-124.199854,25.185,2740.8,3693.8,3757.6,0.3,0.3,0.5,2023,1,20,22,9,27.12,0.94,2,0,0,0,0.0,-9.0,1,2023-01-20T22:09:27.120Z
1013464,110660,40.540141,-124.340535,16.159,-9175.6,-1120.6,-5268.0,0.9,0.9,1.8,2022,12,31,15,5,32.61,1.28,0,0,53,37,-9.0,0.047,1,2022-12-31T15:05:32.610Z
nc73822756,110663,40.580322,-123.955615,24.384,23424.3,3341.4,2956.6,1.1,0.9,1.2,2022,12,21,22,26,11.04,1.39,2,9,27,40,0.006,0.048,1,2022-12-21T22:26:11.040Z
1008845,110664,40.55378,-123.976994,20.835,21618.1,394.0,-592.1,0.9,0.8,1.0,2022,12,20,16,1,13.36,1.61,9,7,46,49,0.006,0.052,1,2022-12-20T16:01:13.360Z
1017316,110665,40.485531,-124.515299,17.164,-23989.7,-7184.8,-4263.4,0.5,0.7,1.3,2023,4,6,4,40,18.96,0.75,2,1,10,3,0.001,0.07,1,2023-04-06T04:40:18.960Z
1013228,110666,40.498291,-124.469157,18.065,-20077.5,-5767.8,-3362.3,0.8,0.7,1.4,2022,12,29,8,32,33.56,1.49,0,0,55,45,-9.0,0.038,1,2022-12-29T08:32:33.560Z
1012576,110667,40.598499,-124.327547,20.876,-8071.9,5359.8,-550.8,0.4,0.3,1.0,2022,12,25,7,56,23.28,0.72,9,5,44,46,0.004,0.048,1,2022-12-25T07:56:23.280Z
1009425,110671,40.586938,-124.09659,23.289,11485.2,4076.1,1862.1,0.6,1.0,0.6,2022,12,20,23,1,57.68,1.31,0,0,37,23,-9.0,0.044,1,2022-12-20T23:01:57.680Z
1017558,110672,40.539872,-124.349308,18.4,-9918.8,-1150.4,-3027.6,0.4,0.3,0.5,2023,4,15,0,7,1.01,0.77,3,0,48,34,0.0,0.078,1,2023-04-15T00:07:01.010Z
1010474,110673,40.589181,-124.235474,20.771,-275.7,4325.1,-656.3,3.8,2.1,4.3,2022,12,21,16,59,16.89,0.92,0,0,3,2,-9.0,0.021,1,2022-12-21T16:59:16.890Z
1011762,110674,40.552405,-124.22487,17.742,622.5,241.3,-3684.9,1.5,0.7,0.7,2022,12,23,5,1,13.75,1.08,0,0,42,35,-9.0,0.036,1,2022-12-23T05:01:13.750Z
1011487,110675,40.703418,-123.931657,22.515,25430.0,17010.6,1088.1,0.5,0.3,0.2,2022,12,22,16,21,36.01,1.66,9,0,22,7,0.0,0.056,1,2022-12-22T16:21:36.010Z
1015120,110676,40.481051,-124.407829,19.917,-14882.6,-7682.3,-1510.0,0.7,0.6,0.9,2023,1,30,10,56,56.52,0.99,3,2,10,9,0.005,0.037,1,2023-01-30T10:56:56.520Z
1011659,110677,40.512358,-124.44056,17.172,-17652.4,-4205.8,-4255.0,1.6,1.4,2.6,2022,12,23,0,10,35.7,1.04,0,0,81,68,-9.0,0.041,1,2022-12-23T00:10:35.700Z
1014120,110678,40.517033,-124.427035,17.159,-16505.9,-3686.6,-4267.8,0.3,0.3,0.5,2023,1,8,2,15,56.56,1.14,2,1,52,49,0.0,0.038,1,2023-01-08T02:15:56.560Z
1017761,110679,40.509094,-124.44034,17.736,-17634.2,-4568.2,-3691.3,0.8,0.7,1.1,2023,4,20,15,36,20.15,0.92,0,3,45,43,0.006,0.039,1,2023-04-20T15:36:20.150Z
1009702,110681,40.638501,-123.91311,21.296,27012.2,9801.9,-131.5,0.5,0.3,0.4,2022,12,21,2,53,42.53,1.6,5,9,31,45,0.003,0.044,1,2022-12-21T02:53:42.530Z
1009996,110683,40.504867,-124.452873,18.796,-18696.7,-5037.6,-2631.4,0.3,0.4,0.6,2022,12,21,8,21,0.92,1.29,2,0,62,44,0.0,0.048,1,2022-12-21T08:21:00.920Z
1015048,110685,40.526644,-124.378451,23.817,-12388.7,-2619.3,2390.1,0.6,0.8,0.6,2023,1,29,2,21,33.98,0.86,4,0,17,14,0.003,0.095,1,2023-01-29T02:21:33.980Z
1009167,110686,40.551237,-124.31141,17.776,-6707.8,111.6,-3650.9,1.5,1.3,1.2,2022,12,20,19,42,50.24,1.43,0,0,53,47,-9.0,0.056,1,2022-12-20T19:42:50.240Z
1012841,110687,40.644796,-124.052677,19.612,15197.3,10500.9,-1815.1,0.4,0.2,0.4,2022,12,26,1,31,33.48,1.21,1,1,30,31,0.0,0.081,1,2022-12-26T01:31:33.480Z
nc73821726,110688,40.68291,-123.881486,22.326,29679.4,14733.3,898.5,0.8,0.8,0.8,2022,12,20,16,7,39.09,2.01,0,0,13,6,-9.0,0.039,1,2022-12-20T16:07:39.090Z
1010829,110689,40.541903,-123.754801,21.793,40441.9,-924.9,365.5,0.7,1.3,0.4,2022,12,22,0,56,27.22,0.68,3,0,3,0,0.005,0.006,1,2022-12-22T00:56:27.220Z
1013249,110692,40.511243,-124.472477,21.42,-20356.9,-4329.6,-7.0,1.4,1.1,1.4,2022,12,29,10,57,23.23,1.08,0,0,21,14,-9.0,0.03,1,2022-12-29T10:57:23.230Z
1013209,110694,40.513993,-124.441268,19.532,-17712.2,-4024.1,-1895.2,1.0,0.9,1.2,2022,12,29,5,31,8.48,1.04,0,0,91,74,-9.0,0.032,1,2022-12-29T05:31:08.480Z
1012142,110695,40.550395,-124.224479,17.726,655.5,18.1,-3701.2,0.7,0.5,0.4,2022,12,24,5,9,2.32,1.55,1,7,68,55,0.005,0.042,1,2022-12-24T05:09:02.320Z
1012015,110697,40.572754,-124.223706,17.443,720.9,2501.0,-3984.5,3.1,1.4,1.3,2022,12,23,20,30,28.52,1.23,0,0,62,45,-9.0,0.053,1,2022-12-23T20:30:28.520Z
1014904,110698,40.54165,-124.238102,18.23,-498.4,-952.9,-3197.7,0.7,0.5,0.8,2023,1,26,5,47,35.81,1.04,0,0,39,38,-9.0,0.043,1,2023-01-26T05:47:35.810Z
1011209,110699,40.514315,-124.415015,17.746,-15487.8,-3988.4,-3681.1,1.4,2.1,3.5,2022,12,22,9,7,10.6,0.52,0,0,46,38,-9.0,0.045,1,2022-12-22T09:07:10.600Z
1012503,110700,40.575,-124.215031,18.007,1455.6,2750.4,-3420.8,5.8,1.9,3.6,2022,12,25,3,58,23.2,0.9,0,0,55,32,-9.0,0.043,1,2022-12-25T03:58:23.200Z
nc73822076,110702,40.629492,-123.959513,22.201,23085.8,8801.5,773.4,0.7,0.5,0.6,2022,12,20,23,26,24.24,1.53,0,0,35,36,-9.0,0.044,1,2022-12-20T23:26:24.240Z
1011435,110703,40.530359,-124.348397,17.4,-9842.3,-2206.8,-4027.5,3.7,1.0,3.5,2022,12,22,14,28,54.91,1.12,0,0,27,19,-9.0,0.044,1,2022-12-22T14:28:54.910Z
1016296,110705,40.513517,-123.875594,21.622,30215.9,-4077.0,195.2,0.6,0.5,0.7,2023,3,1,0,37,17.04,1.45,17,13,37,48,0.006,0.069,1,2023-03-01T00:37:17.040Z
nc73822101,110706,40.559619,-123.992529,23.937,20301.3,1042.4,2510.1,0.5,0.4,0.3,2022,12,20,23,41,1.86,1.68,0,0,51,46,-9.0,0.053,1,2022-12-20T23:41:01.860Z
nc73822751,110707,40.546798,-123.845898,22.32,32723.9,-381.4,893.1,0.3,0.4,0.1,2022,12,21,22,14,18.38,1.56,3,0,9,3,0.0,0.083,1,2022-12-21T22:14:18.380Z
1016411,110708,40.578882,-124.213322,18.229,1600.3,3181.4,-3198.0,2.4,0.8,1.8,2023,3,5,0,34,58.81,1.58,0,0,92,57,-9.0,0.051,1,2023-03-05T00:34:58.810Z
1014324,110710,40.605632,-124.149032,18.295,7043.4,6151.9,-3132.4,1.5,0.6,0.9,2023,1,14,1,10,27.28,1.46,3,0,37,26,0.001,0.076,1,2023-01-14T01:10:27.280Z
1009270,110711,40.616402,-124.069596,20.196,13768.1,7347.9,-1231.3,0.6,0.8,1.0,2022,12,20,21,2,39.64,1.14,1,4,42,36,0.005,0.068,1,2022-12-20T21:02:39.640Z
1014215,110712,40.55754,-123.953092,21.989,23642.0,811.5,561.6,0.4,0.3,0.3,2023,1,10,19,11,36.06,1.34,2,1,29,23,0.0,0.058,1,2023-01-10T19:11:36.060Z
1009306,110715,40.610852,-124.082096,16.235,12710.3,6731.6,-5191.9,2.4,1.3,2.3,2022,12,20,21,22,36.9,1.23,0,0,41,29,-9.0,0.04,1,2022-12-20T21:22:36.900Z
1010859,110716,40.586528,-123.885937,21.741,29323.7,4030.5,313.7,0.8,0.8,2.0,2022,12,22,1,50,13.19,0.65,0,0,12,9,-9.0,0.065,1,2022-12-22T01:50:13.190Z
1017420,110717,40.608167,-124.301619,19.96,-5876.1,6433.4,-1466.9,0.4,0.2,0.3,2023,4,9,21,13,25.76,0.97,3,1,32,29,0.001,0.046,1,2023-04-09T21:13:25.760Z
1010937,110718,40.523482,-124.432259,19.522,-16947.7,-2970.4,-1904.9,0.4,0.4,0.6,2022,12,22,3,44,5.32,1.01,1,4,69,61,0.004,0.034,1,2022-12-22T03:44:05.320Z
1009603,110720,40.585111,-124.204549,20.526,2343.1,3873.2,-901.4,1.0,0.7,0.7,2022,12,21,1,23,1.86,0.93,2,1,46,26,0.003,0.055,1,2022-12-21T01:23:01.860Z
1008901,110721,40.555485,-124.303638,18.658,-6049.3,583.3,-2768.9,0.8,0.3,0.7,2022,12,20,16,43,44.57,1.41,4,2,36,39,0.004,0.08,1,2022-12-20T16:43:44.570Z
1009170,110722,40.552043,-124.305697,19.9,-6223.9,201.1,-1527.2,1.2,0.6,1.2,2022,12,20,19,45,5.5,1.04,3,0,25,31,0.001,0.07,1,2022-12-20T19:45:05.500Z
1011127,110723,40.473588,-124.545964,21.88,-26590.7,-8510.9,452.6,0.8,0.4,0.8,2022,12,22,7,29,30.22,0.68,0,0,5,2,-9.0,0.03,1,2022-12-22T07:29:30.220Z
1011185,110724,40.518827,-124.34519,19.315,-9571.5,-3487.3,-2112.5,0.9,0.8,1.2,2022,12,22,8,32,21.44,0.63,0,0,54,22,-9.0,0.042,1,2022-12-22T08:32:21.440Z
1012405,110725,40.546952,-124.308374,17.666,-6450.9,-364.2,-3761.0,1.7,1.2,1.7,2022,12,24,21,51,16.98,0.84,0,0,38,33,-9.0,0.06,1,2022-12-24T21:51:16.980Z
1012635,110726,40.518522,-124.432723,19.591,-16987.6,-3521.2,-1836.2,0.5,0.7,1.1,2022,12,25,10,58,46.76,0.74,2,1,66,60,0.002,0.05,1,2022-12-25T10:58:46.760Z
1013031,110727,40.516833,-124.358667,19.622,-10713.4,-3708.7,-1804.9,1.2,1.1,1.5,2022,12,26,20,22,7.92,1.12,0,0,94,46,-9.0,0.058,1,2022-12-26T20:22:07.920Z
1013909,110728,40.519739,-124.42089,19.23,-15985.0,-3386.1,-2197.1,1.1,0.8,1.6,2023,1,3,14,30,47.72,1.13,0,0,107,100,-9.0,0.043,1,2023-01-03T14:30:47.720Z
1013969,110729,40.57679,-124.208545,17.65,2004.9,2949.2,-3776.8,1.0,0.5,0.5,2023,1,4,10,27,27.79,1.4,3,0,71,47,0.003,0.05,1,2023-01-04T10:27:27.790Z
1016706,110731,40.511637,-124.440234,19.356,-17624.9,-4285.7,-2070.9,0.7,0.8,1.5,2023,3,16,18,8,14.02,1.34,2,2,71,56,0.007,0.047,1,2023-03-16T18:08:14.020Z
1009350,110735,40.534432,-124.344246,18.532,-9490.4,-1754.5,-2895.7,0.8,0.8,1.3,2022,12,20,21,52,17.28,1.04,0,0,61,43,-9.0,0.033,1,2022-12-20T21:52:17.280Z
1011025,110736,40.506299,-124.335742,18.116,-8771.8,-4878.6,-3310.9,0.5,0.6,1.2,2022,12,22,5,34,15.84,1.28,6,3,114,68,0.005,0.067,1,2022-12-22T05:34:15.840Z
1011268,110737,40.523344,-124.423055,18.316,-16167.9,-2985.8,-3110.8,0.8,0.8,1.3,2022,12,22,10,19,33.5,1.21,0,0,134,99,-9.0,0.037,1,2022-12-22T10:19:33.500Z
1012984,110738,40.545593,-124.315397,18.04,-7045.9,-515.1,-3387.1,1.6,1.1,1.9,2022,12,26,12,16,44.61,0.71,0,0,25,20,-9.0,0.057,1,2022-12-26T12:16:44.610Z
1014221,110739,40.521265,-124.427384,18.031,-16535.0,-3216.7,-3396.6,0.7,0.5,1.0,2023,1,11,1,42,23.08,2.03,2,1,120,109,0.0,0.052,1,2023-01-11T01:42:23.080Z
1016971,110743,40.582304,-124.20494,18.145,2310.1,3561.4,-3282.5,1.9,1.3,1.9,2023,3,25,16,17,15.21,0.9,0,0,64,35,-9.0,0.04,1,2023-03-25T16:17:15.210Z
nc73834456,110745,40.515316,-124.430835,18.741,-16828.1,-3877.3,-2686.3,0.5,0.7,1.0,2023,1,20,8,32,25.36,1.94,0,0,152,139,-9.0,0.04,1,2023-01-20T08:32:25.360Z
1015809,110746,40.516069,-124.446769,20.955,-18178.0,-3793.7,-472.1,1.1,0.9,1.2,2023,2,15,19,15,16.38,1.23,0,0,72,35,-9.0,0.039,1,2023-02-15T19:15:16.380Z
1011927,110747,40.542806,-124.336117,20.336,-8801.1,-824.6,-1091.1,1.8,1.3,2.5,2022,12,23,14,7,10.13,0.88,0,0,31,24,-9.0,0.069,1,2022-12-23T14:07:10.130Z
nc73821721,110748,40.553263,-124.442082,23.934,-17776.0,336.6,2507.1,1.1,1.0,1.2,2022,12,20,15,58,21.78,1.76,0,0,1,3,-9.0,0.003,1,2022-12-20T15:58:21.780Z
1012915,110749,40.502287,-124.462354,14.917,-19500.4,-5324.1,-6509.9,2.3,1.8,4.7,2022,12,26,6,35,42.14,1.15,0,0,23,23,-9.0,0.041,1,2022-12-26T06:35:42.140Z
1014328,110750,40.594865,-124.117782,17.103,9690.1,4956.3,-4323.8,2.0,1.0,1.0,2023,1,14,6,13,33.97,1.13,0,4,40,38,0.009,0.089,1,2023-01-14T06:13:33.970Z
nc73821806,110751,40.575122,-123.987712,20.907,20707.0,2763.9,-520.4,0.4,0.4,0.5,2022,12,20,17,38,50.2,1.62,3,6,36,49,0.003,0.051,1,2022-12-20T17:38:50.200Z
1011593,110752,40.581779,-124.210465,21.115,1842.1,3503.2,-312.5,1.5,0.6,1.1,2022,12,22,21,13,37.16,0.95,12,0,60,30,0.005,0.057,1,2022-12-22T21:13:37.160Z
1011620,110753,40.526676,-124.32548,18.407,-7901.1,-2615.7,-3020.3,0.8,0.8,1.0,2022,12,22,22,2,6.28,1.11,0,0,53,47,-9.0,0.054,1,2022-12-22T22:02:06.280Z
1011631,110754,40.523096,-124.358008,18.673,-10657.1,-3013.4,-2754.5,0.9,0.8,1.1,2022,12,22,22,45,8.96,1.52,0,0,127,57,-9.0,0.039,1,2022-12-22T22:45:08.960Z
1013157,110757,40.524654,-124.344718,19.441,-9531.1,-2840.3,-1986.1,0.6,0.7,0.8,2022,12,28,13,28,43.11,1.64,0,0,116,85,-9.0,0.054,1,2022-12-28T13:28:43.110Z
1014370,110758,40.552559,-124.236182,19.638,-335.7,258.5,-1789.2,0.7,0.5,0.7,2023,1,15,15,14,5.8,1.41,0,0,83,64,-9.0,0.042,1,2023-01-15T15:14:05.800Z
1015637,110759,40.524618,-124.414648,19.158,-15455.6,-2844.4,-2269.7,2.0,1.9,2.4,2023,2,10,21,1,5.56,1.17,0,0,44,43,-9.0,0.045,1,2023-02-10T21:01:05.560Z
1014687,110761,40.584993,-124.149894,22.439,6971.4,3860.1,1011.8,1.4,0.7,1.0,2023,1,21,22,3,8.86,1.49,0,0,52,53,-9.0,0.044,1,2023-01-21T22:03:08.860Z
nc73823951,110765,40.524699,-124.407739,18.252,-14870.2,-2835.3,-3175.6,1.1,1.0,1.7,2022,12,24,2,43,19.75,1.79,0,0,53,50,-9.0,0.046,1,2022-12-24T02:43:19.750Z
1015499,110766,40.505424,-124.446948,17.384,-18194.6,-4975.7,-4043.3,1.0,1.3,1.8,2023,2,7,19,48,3.92,1.35,0,0,74,56,-9.0,0.047,1,2023-02-07T19:48:03.920Z
1018168,110767,40.504049,-124.481746,18.014,-21143.4,-5128.4,-3413.2,0.9,0.6,1.7,2023,5,3,4,14,16.0,1.55,0,0,60,66,-9.0,0.038,1,2023-05-03T04:14:16.000Z
1015914,110768,40.534762,-124.343514,18.981,-9428.3,-1717.9,-2446.1,0.9,0.8,0.9,2023,2,17,23,11,42.92,1.41,0,0,99,69,-9.0,0.064,1,2023-02-17T23:11:42.920Z
1011332,110769,40.577214,-124.215918,18.825,1380.4,2996.2,-2602.6,3.0,1.0,1.8,2022,12,22,11,55,31.76,1.02,0,0,42,31,-9.0,0.045,1,2022-12-22T11:55:31.760Z
1013959,110770,40.592322,-124.101522,24.972,11067.1,4673.9,3544.8,1.1,0.7,1.2,2023,1,4,8,48,9.02,1.05,2,4,18,12,0.005,0.062,1,2023-01-04T08:48:09.020Z
nc73822466,110771,40.514815,-124.443099,18.042,-17867.2,-3932.9,-3384.9,0.6,0.9,1.1,2022,12,21,11,33,42.73,2.09,4,12,95,89,0.006,0.041,1,2022-12-21T11:33:42.730Z
1010861,110772,40.519108,-124.421696,17.11,-16053.3,-3456.2,-4317.5,0.9,1.1,1.3,2022,12,22,1,51,31.83,0.96,0,0,27,22,-9.0,0.039,1,2022-12-22T01:51:31.830Z
1011407,110774,40.515438,-124.426701,19.382,-16477.8,-3863.7,-2045.1,0.8,0.8,1.6,2022,12,22,13,45,54.27,0.88,0,0,67,29,-9.0,0.037,1,2022-12-22T13:45:54.270Z
1008587,110778,40.590454,-124.092424,21.778,11837.7,4466.5,350.3,2.1,1.9,3.2,2022,12,20,13,10,43.68,0.88,0,0,7,6,-9.0,0.046,1,2022-12-20T13:10:43.680Z
1014947,110780,40.514461,-124.439535,18.493,-17565.3,-3972.2,-2934.5,0.6,0.4,0.8,2023,1,27,2,38,13.18,1.41,1,3,136,131,0.002,0.04,1,2023-01-27T02:38:13.180Z
1011133,110781,40.599198,-124.019507,21.074,18011.1,5437.5,-353.1,1.1,1.1,0.8,2022,12,22,7,36,42.4,0.86,0,0,31,29,-9.0,0.055,1,2022-12-22T07:36:42.400Z
nc73833826,110782,40.520345,-124.420125,16.831,-15920.1,-3318.8,-4596.3,0.8,0.9,2.0,2023,1,19,4,55,2.38,1.72,0,0,69,55,-9.0,0.045,1,2023-01-19T04:55:02.380Z
nc73822411,110783,40.535409,-124.239697,19.446,-633.6,-1646.1,-1981.1,0.5,0.9,0.6,2022,12,21,9,13,55.54,1.9,1,6,56,53,0.004,0.06,1,2022-12-21T09:13:55.540Z
1017017,110785,40.602173,-124.11189,16.47,10188.5,5767.8,-4957.3,1.5,0.9,1.1,2023,3,27,13,6,21.63,0.85,0,0,33,11,-9.0,0.046,1,2023-03-27T13:06:21.630Z
nc73822451,110786,40.514775,-124.443319,17.986,-17885.8,-3937.4,-3441.7,0.9,1.1,1.7,2022,12,21,10,46,12.65,1.82,0,0,75,72,-9.0,0.035,1,2022-12-21T10:46:12.650Z
1011222,110787,40.58877,-124.18584,20.285,3927.4,4279.4,-1141.8,1.7,0.9,1.7,2022,12,22,9,24,48.45,0.91,0,0,19,7,-9.0,0.048,1,2022-12-22T09:24:48.450Z
1010837,110788,40.661483,-124.009269,19.28,18869.2,12353.9,-2146.8,1.0,0.8,1.2,2022,12,22,1,16,9.05,0.66,0,0,17,19,-9.0,0.036,1,2022-12-22T01:16:09.050Z
nc73823781,110789,40.523971,-124.419474,18.725,-15864.5,-2916.2,-2702.7,1.1,0.9,2.4,2022,12,23,19,12,41.2,1.83,0,0,94,89,-9.0,0.046,1,2022-12-23T19:12:41.200Z
1012303,110790,40.570426,-124.198674,21.875,2841.0,2242.5,447.3,1.1,1.1,1.6,2022,12,24,15,43,42.09,0.86,0,0,9,7,-9.0,0.035,1,2022-12-24T15:43:42.090Z
1010658,110791,40.524044,-124.411117,21.924,-15156.4,-2908.1,496.7,0.5,0.4,1.0,2022,12,21,21,14,36.34,0.82,2,2,0,0,0.003,-9.0,1,2022-12-21T21:14:36.340Z
1013000,110793,40.516809,-124.412052,20.789,-15236.5,-3711.5,-638.2,1.4,0.9,1.7,2022,12,26,14,17,3.49,0.91,0,0,53,44,-9.0,0.043,1,2022-12-26T14:17:03.490Z
1016589,110794,40.595512,-124.113192,18.157,10078.7,5028.1,-3270.2,0.4,0.3,0.4,2023,3,11,16,16,54.34,1.44,7,7,98,81,0.003,0.065,1,2023-03-11T16:16:54.340Z
nc73822856,110796,40.544076,-124.335905,16.87,-8783.1,-683.6,-4557.4,0.5,0.6,0.9,2022,12,22,1,52,50.72,1.67,2,1,90,73,0.002,0.062,1,2022-12-22T01:52:50.720Z
nc73824316,110797,40.520756,-124.351416,19.511,-10098.8,-3273.2,-1916.3,0.9,0.7,1.0,2022,12,24,21,53,24.54,1.63,0,0,63,31,-9.0,0.058,1,2022-12-24T21:53:24.540Z
1008308,110799,40.524341,-124.407194,18.817,-14824.1,-2875.1,-2610.2,1.2,1.1,1.5,2022,12,20,10,40,16.93,2.91,0,0,28,14,-9.0,0.028,1,2022-12-20T10:40:16.930Z
nc73821326,110801,40.558272,-124.235376,20.002,-267.4,892.8,-1425.3,0.9,0.6,0.9,2022,12,20,12,16,5.19,2.04,0,0,59,55,-9.0,0.043,1,2022-12-20T12:16:05.190Z
nc73822111,110802,40.569132,-124.077002,19.198,13145.7,2098.8,-2229.5,1.1,1.3,0.7,2022,12,21,0,15,31.24,2.88,0,0,20,24,-9.0,0.031,1,2022-12-21T00:15:31.240Z
1011046,110803,40.651005,-124.020174,19.077,17947.7,11190.4,-2350.7,1.1,0.7,1.1,2022,12,22,5,56,58.34,0.78,4,0,44,36,0.008,0.053,1,2022-12-22T05:56:58.340Z
1009239,110804,40.518298,-124.437581,19.409,-17399.3,-3546.1,-2017.9,0.3,0.3,0.7,2022,12,20,20,38,36.44,1.22,6,8,71,66,0.003,0.031,1,2022-12-20T20:38:36.440Z
nc73840456,110806,40.515275,-124.431185,19.147,-16857.7,-3881.8,-2280.1,0.8,1.0,1.5,2023,2,1,8,26,47.47,1.32,0,4,66,68,0.007,0.038,1,2023-02-01T08:26:47.470Z
1017101,110808,40.53855,-124.339697,17.264,-9104.7,-1297.2,-4163.4,0.8,0.7,1.3,2023,3,31,1,48,56.22,0.92,0,0,61,27,-9.0,0.04,1,2023-03-31T01:48:56.220Z
1010822,110809,40.521448,-124.439429,20.495,-17555.4,-3196.4,-932.2,1.6,1.3,1.1,2022,12,22,0,38,39.79,1.01,3,0,69,60,0.002,0.048,1,2022-12-22T00:38:39.790Z
1013952,110810,40.618469,-124.080794,17.139,12819.8,7577.4,-4287.8,1.3,0.9,1.3,2023,1,4,6,36,41.05,1.09,0,0,24,23,-9.0,0.046,1,2023-01-04T06:36:41.050Z
1015289,110812,40.603215,-124.143457,18.061,7515.5,5883.5,-3366.0,2.4,1.3,2.5,2023,2,2,5,38,31.36,0.92,0,0,35,23,-9.0,0.069,1,2023-02-02T05:38:31.360Z
1016537_20200401_114658,102177,40.305713,-124.483504,26.362,880.8,2061.7,5243.0,2.7,7.2,2.3,2020,4,1,11,46,58.22,0.0,1,3,0,1,0.003,0.002,2,2020-04-01T11:46:58.220Z
1016537_20220428_105815,102179,40.290499,-124.490072,25.831,322.5,372.3,4711.8,3.1,5.7,3.8,2022,4,28,10,58,15.83,0.0,3,2,1,1,0.016,0.027,2,2022-04-28T10:58:15.830Z
nc73824826_20200128_051132,102611,40.294006,-124.551465,23.144,-4897.9,761.8,2025.0,2.0,3.5,2.6,2020,1,28,5,11,32.16,0.0,2,4,28,41,0.004,0.021,2,2020-01-28T05:11:32.160Z
nc73824826_20200219_043744,102614,40.302063,-124.553491,23.176,-5069.9,1656.4,2057.2,1.4,2.7,1.9,2020,2,19,4,37,44.26,0.0,2,2,19,23,0.002,0.059,2,2020-02-19T04:37:44.260Z
nc73824826_20200302_215610,102615,40.29622,-124.550765,23.032,-4838.3,1007.6,1913.1,2.7,5.9,4.2,2020,3,2,21,56,10.14,0.0,1,3,17,50,0.005,0.009,2,2020-03-02T21:56:10.140Z
nc73824826_20200312_131953,102616,40.291215,-124.549259,23.199,-4710.4,451.8,2080.3,3.7,5.5,3.5,2020,3,12,13,19,53.53,0.0,3,5,46,85,0.019,0.035,2,2020-03-12T13:19:53.530Z
nc73824826_20200319_020947,102617,40.289771,-124.553263,23.083,-5050.9,291.4,1964.0,2.2,6.4,2.5,2020,3,19,2,9,47.5,0.0,0,4,0,45,0.002,0.024,2,2020-03-19T02:09:47.500Z
nc73824826_20200324_080336,102618,40.293994,-124.551286,23.18,-4882.6,760.4,2061.4,1.4,2.7,1.6,2020,3,24,8,3,36.79,0.0,2,5,48,122,0.003,0.027,2,2020-03-24T08:03:36.790Z
nc73824826_20200503_140139,102619,40.292737,-124.550488,22.981,-4814.9,620.8,1861.9,1.7,3.4,2.2,2020,5,3,14,1,39.42,0.0,1,1,30,10,0.0,0.048,2,2020-05-03T14:01:39.420Z
nc73824826_20200508_025928,102620,40.303735,-124.551888,22.957,-4933.5,1842.1,1838.3,2.8,7.8,5.3,2020,5,8,2,59,28.09,0.0,1,2,19,62,0.017,0.033,2,2020-05-08T02:59:28.090Z
nc73824826_20200520_055956,102621,40.293909,-124.551009,23.152,-4859.1,750.9,2033.0,2.4,6.0,4.1,2020,5,20,5,59,55.97,0.0,4,4,45,79,0.005,0.031,2,2020-05-20T05:59:55.970Z
nc73824826_20200525_113411,102622,40.29399,-124.551733,23.157,-4920.7,760.0,2038.6,1.5,2.6,1.9,2020,5,25,11,34,11.02,0.0,1,3,19,55,0.001,0.018,2,2020-05-25T11:34:11.020Z
nc73824826_20200617_093802,102623,40.29349,-124.552165,23.194,-4957.4,704.4,2075.4,1.8,2.2,1.5,2020,6,17,9,38,2.67,0.0,4,8,54,103,0.003,0.017,2,2020-06-17T09:38:02.670Z
nc73824826_20200730_141555,102626,40.292354,-124.551335,23.236,-4886.8,578.3,2117.0,2.0,4.5,3.0,2020,7,30,14,15,55.34,0.0,5,6,41,61,0.008,0.03,2,2020-07-30T14:15:55.340Z
nc73824826_20200806_094300,102627,40.293022,-124.551685,23.217,-4916.6,652.4,2098.2,1.8,2.8,1.6,2020,8,6,9,43,0.82,0.0,5,10,94,178,0.005,0.023,2,2020-08-06T09:43:00.820Z
nc73824826_20200812_091612,102628,40.2948,-124.553971,23.142,-5111.0,849.9,2023.3,3.6,5.0,4.0,2020,8,12,9,16,12.73,0.0,6,10,96,173,0.013,0.025,2,2020-08-12T09:16:12.730Z
nc73824826_20200830_191139,102629,40.297314,-124.553328,23.205,-5056.2,1129.1,2086.1,1.3,3.6,2.7,2020,8,30,19,11,39.22,0.0,2,3,26,75,0.003,0.038,2,2020-08-30T19:11:39.220Z
nc73824826_20200904_120245,102630,40.298075,-124.551147,22.998,-4870.7,1213.6,1878.9,2.3,7.0,4.6,2020,9,4,12,2,45.63,0.0,4,0,47,75,0.008,0.063,2,2020-09-04T12:02:45.630Z
nc73824826_20200914_023730,102631,40.303756,-124.552962,23.137,-5024.8,1844.3,2017.8,1.6,1.9,3.1,2020,9,14,2,37,30.02,0.0,1,1,16,34,0.0,0.044,2,2020-09-14T02:37:30.020Z
nc73824826_20201022_012826,102632,40.292847,-124.551538,23.229,-4904.1,633.0,2110.3,1.6,3.0,2.0,2020,10,22,1,28,26.68,0.0,1,4,15,55,0.002,0.011,2,2020-10-22T01:28:26.680Z
nc73824826_20201029_042331,102633,40.294812,-124.55144,23.147,-4895.8,851.2,2027.9,1.9,2.3,1.4,2020,10,29,4,23,31.49,0.0,5,6,45,79,0.006,0.029,2,2020-10-29T04:23:31.490Z
nc73824826_20201112_005920,102636,40.292826,-124.55188,23.199,-4933.2,630.7,2080.3,1.3,2.2,1.2,2020,11,12,0,59,20.24,0.0,3,6,49,116,0.006,0.027,2,2020-11-12T00:59:20.240Z
nc73824826_20201122_042811,102637,40.294401,-124.554061,23.16,-5118.6,805.6,2041.1,3.1,3.0,1.8,2020,11,22,4,28,11.7,0.0,7,9,71,106,0.01,0.028,2,2020-11-22T04:28:11.700Z
nc73824826_20201124_044302,102638,40.294031,-124.551522,23.145,-4902.7,764.5,2025.7,1.4,2.2,1.8,2020,11,24,4,43,2.14,0.0,2,3,45,78,0.005,0.024,2,2020-11-24T04:43:02.140Z
nc73824826_20201220_204307,102640,40.290088,-124.5521,23.343,-4952.0,326.7,2224.4,1.9,2.6,1.7,2020,12,20,20,43,7.62,0.0,3,5,47,57,0.005,0.029,2,2020-12-20T20:43:07.620Z
nc73824826_20210402_082140,102643,40.304211,-124.555265,23.341,-5220.6,1895.0,2222.1,3.3,8.5,7.8,2021,4,2,8,21,40.59,0.0,3,1,25,54,0.002,0.036,2,2021-04-02T08:21:40.590Z
nc73824826_20210402_100411,102644,40.294047,-124.552987,23.033,-5027.3,766.3,1914.4,2.1,3.3,1.5,2021,4,2,10,4,11.87,0.0,5,6,73,112,0.011,0.028,2,2021-04-02T10:04:11.870Z
nc73824826_20210402_083331,102645,40.295431,-124.554386,23.116,-5146.2,919.9,1997.5,3.3,2.7,1.7,2021,4,2,8,33,31.21,0.0,6,9,31,45,0.017,0.036,2,2021-04-02T08:33:31.210Z
nc73824826_20210403_084631,102646,40.294263,-124.552824,23.112,-5013.4,790.2,1993.3,2.3,4.2,3.3,2021,4,3,8,46,31.49,0.0,5,7,72,120,0.007,0.025,2,2021-04-03T08:46:31.490Z
nc73824826_20210404_224731,102648,40.29163,-124.55144,23.268,-4895.9,497.9,2149.0,1.8,4.2,2.6,2021,4,4,22,47,31.64,0.0,5,6,65,92,0.004,0.022,2,2021-04-04T22:47:31.640Z
nc73824826_20210406_184403,102649,40.293901,-124.551538,23.146,-4904.1,750.0,2026.7,2.8,7.3,5.8,2021,4,6,18,44,3.96,0.0,6,2,152,227,0.015,0.062,2,2021-04-06T18:44:03.960Z
nc73824826_20210416_073437,102650,40.294177,-124.551465,23.17,-4897.8,780.8,2050.6,1.9,2.6,1.7,2021,4,16,7,34,37.35,0.0,6,10,82,132,0.006,0.021,2,2021-04-16T07:34:37.350Z
nc73824826_20210424_105459,102652,40.305225,-124.553206,23.189,-5045.5,2007.5,2070.0,1.6,3.8,2.8,2021,4,24,10,54,59.55,0.0,2,3,3,60,0.005,0.04,2,2021-04-24T10:54:59.550Z
nc73824826_20210511_105345,102653,40.294307,-124.553703,23.099,-5088.1,795.2,1979.7,3.3,7.2,4.9,2021,5,11,10,53,45.53,0.0,4,7,47,74,0.007,0.028,2,2021-05-11T10:53:45.530Z
nc73824826_20210518_070904,102654,40.294466,-124.553459,23.136,-5067.4,812.8,2017.4,2.6,2.4,2.0,2021,5,18,7,9,4.82,0.0,9,11,102,160,0.01,0.034,2,2021-05-18T07:09:04.820Z
nc73824826_20210605_234743,102655,40.294686,-124.551204,23.123,-4875.7,837.2,2004.1,2.6,2.1,1.3,2021,6,5,23,47,43.36,0.0,8,10,59,80,0.007,0.032,2,2021-06-05T23:47:43.360Z
nc73824826_20210710_103206,102656,40.29364,-124.551831,23.157,-4929.0,721.1,2037.6,1.6,2.2,1.8,2021,7,10,10,32,5.92,0.0,13,17,75,121,0.008,0.024,2,2021-07-10T10:32:05.920Z
nc73824826_20210710_103555,102657,40.29401,-124.552067,23.141,-4949.1,762.2,2021.8,1.7,1.9,1.6,2021,7,10,10,35,55.24,0.0,11,16,126,200,0.006,0.022,2,2021-07-10T10:35:55.240Z
nc73824826_20210710_104451,102658,40.294405,-124.551668,23.133,-4915.1,806.1,2014.3,1.5,2.3,1.3,2021,7,10,10,44,51.51,0.0,8,9,106,150,0.006,0.02,2,2021-07-10T10:44:51.510Z
nc73824826_20210710_113217,102659,40.293807,-124.551733,23.17,-4920.7,739.6,2051.4,1.4,2.1,1.2,2021,7,10,11,32,17.9,0.0,2,4,32,64,0.001,0.019,2,2021-07-10T11:32:17.900Z
nc73824826_20210710_122208,102660,40.294914,-124.551847,23.16,-4930.3,862.5,2041.6,1.1,2.2,1.2,2021,7,10,12,22,8.14,0.0,1,4,21,75,0.001,0.018,2,2021-07-10T12:22:08.140Z
nc73824826_20210711_001156,102661,40.294458,-124.551676,23.167,-4915.8,811.9,2048.4,1.5,2.6,1.6,2021,7,11,0,11,56.56,0.0,6,8,59,97,0.007,0.027,2,2021-07-11T00:11:56.560Z
nc73824826_20210814_073223,102662,40.293929,-124.5521,23.216,-4951.8,753.2,2097.4,3.2,5.6,5.0,2021,8,14,7,32,23.85,0.0,5,2,22,29,0.017,0.069,2,2021-08-14T07:32:23.850Z
nc73824826_20210817_050432,102663,40.294543,-124.550716,23.132,-4834.2,821.4,2013.5,3.1,2.8,1.8,2021,8,17,5,4,32.17,0.0,5,8,100,177,0.01,0.022,2,2021-08-17T05:04:32.170Z
nc73824826_20211017_203305,102664,40.293811,-124.552759,23.139,-5007.9,740.1,2020.2,1.1,2.3,1.4,2021,10,17,20,33,5.52,0.0,0,4,0,66,0.003,0.01,2,2021-10-17T20:33:05.520Z
nc73824826_20211104_073453,102665,40.294214,-124.551367,23.166,-4889.5,784.8,2046.9,1.4,2.3,1.2,2021,11,4,7,34,53.35,0.0,8,11,98,158,0.006,0.019,2,2021-11-04T07:34:53.350Z
nc73824826_20211117_072636,102666,40.293673,-124.550391,23.152,-4806.5,724.7,2032.8,2.5,3.7,2.5,2021,11,17,7,26,36.05,0.0,10,13,151,230,0.01,0.02,2,2021-11-17T07:26:36.050Z
nc73824826_20211203_140308,102667,40.293868,-124.551481,23.163,-4899.2,746.4,2043.6,1.8,3.2,1.9,2021,12,3,14,3,8.15,0.0,8,11,128,192,0.005,0.024,2,2021-12-03T14:03:08.150Z
nc73824826_20211220_231247,102669,40.293054,-124.550505,23.238,-4816.2,656.0,2118.8,1.9,3.2,2.6,2021,12,20,23,12,47.6,0.0,9,14,82,139,0.009,0.025,2,2021-12-20T23:12:47.600Z
nc73824826_20211221_191452,102670,40.294828,-124.552645,23.093,-4998.2,853.0,1974.1,1.9,2.3,1.4,2021,12,21,19,14,52.48,0.0,5,6,57,93,0.007,0.021,2,2021-12-21T19:14:52.480Z
nc73824826_20211221_000644,102671,40.289115,-124.55201,23.183,-4944.4,218.7,2064.4,1.9,3.2,1.3,2021,12,21,0,6,44.69,0.0,1,3,21,60,0.007,0.028,2,2021-12-21T00:06:44.690Z
nc73824826_20211226_005831,102673,40.293054,-124.552661,23.338,-4999.6,656.0,2219.5,3.6,4.8,3.2,2021,12,26,0,58,30.89,0.0,6,5,75,106,0.011,0.04,2,2021-12-26T00:58:30.890Z
nc73824826_20211227_212356,102674,40.293408,-124.552303,23.191,-4969.2,695.4,2072.6,1.4,2.1,1.6,2021,12,27,21,23,56.84,0.0,0,5,0,85,0.001,0.011,2,2021-12-27T21:23:56.840Z
nc73824826_20211228_234232,102675,40.296594,-124.553019,23.291,-5029.9,1049.1,2172.3,2.6,4.1,2.1,2021,12,28,23,42,32.88,0.0,1,6,25,161,0.011,0.032,2,2021-12-28T23:42:32.880Z
nc73824826_20211230_215015,102677,40.294104,-124.552319,23.163,-4970.5,772.6,2043.9,1.8,2.5,1.6,2021,12,30,21,50,15.24,0.0,8,12,56,101,0.007,0.024,2,2021-12-30T21:50:15.240Z
nc73824826_20211231_234446,102678,40.293669,-124.552775,23.153,-5009.3,724.3,2033.9,3.6,12.8,5.5,2021,12,31,23,44,46.56,0.0,0,6,49,83,0.006,0.018,2,2021-12-31T23:44:46.560Z
nc73824826_20220106_215126,102679,40.293872,-124.551685,23.168,-4916.5,746.9,2049.0,1.7,3.0,1.6,2022,1,6,21,51,26.16,0.0,5,9,63,123,0.009,0.015,2,2022-01-06T21:51:26.160Z
nc73824826_20220212_184342,102684,40.294543,-124.550911,23.095,-4850.8,821.4,1975.7,2.9,2.1,1.7,2022,2,12,18,43,42.88,0.0,7,12,49,85,0.01,0.024,2,2022-02-12T18:43:42.880Z
nc73824826_20220302_231959,102685,40.293652,-124.551628,23.156,-4911.7,722.5,2036.8,1.6,2.4,1.6,2022,3,2,23,19,59.72,0.0,4,5,41,78,0.006,0.019,2,2022-03-02T23:19:59.720Z
nc73824826_20220302_160803,102686,40.294279,-124.551449,23.137,-4896.5,792.0,2018.0,2.0,2.4,1.3,2022,3,2,16,8,3.19,0.0,4,0,25,28,0.004,0.081,2,2022-03-02T16:08:03.190Z
nc73824826_20220309_134216,102687,40.308773,-124.554224,23.331,-5131.9,2401.4,2212.0,3.8,11.4,4.9,2022,3,9,13,42,16.42,0.0,3,0,1,19,0.01,0.042,2,2022-03-09T13:42:16.420Z
nc73824826_20220518_180736,102691,40.293722,-124.551571,23.176,-4906.9,730.1,2057.3,1.5,2.4,1.3,2022,5,18,18,7,36.0,0.0,8,12,63,114,0.006,0.025,2,2022-05-18T18:07:36.000Z
nc73824826_20220521_200656,102692,40.29434,-124.553052,23.107,-5032.8,798.8,1987.9,2.1,2.0,1.4,2022,5,21,20,6,55.96,0.0,7,10,65,110,0.006,0.025,2,2022-05-21T20:06:55.960Z
nc73824826_20220620_073931,102693,40.295528,-124.55319,23.07,-5044.5,930.8,1951.6,2.9,2.3,2.1,2022,6,20,7,39,30.92,0.0,2,6,28,73,0.014,0.028,2,2022-06-20T07:39:30.920Z
nc73824826_20220627_074334,102694,40.295166,-124.551587,23.114,-4908.2,890.5,1994.9,1.7,2.3,1.7,2022,6,27,7,43,34.09,0.0,5,7,58,95,0.006,0.023,2,2022-06-27T07:43:34.090Z
nc73824826_20220718_014242,102695,40.298966,-124.550057,23.103,-4778.0,1312.5,1983.9,3.6,5.3,2.6,2022,7,18,1,42,42.81,0.0,3,4,36,82,0.009,0.035,2,2022-07-18T01:42:42.810Z
nc73824826_20220728_072033,102696,40.295695,-124.553149,23.08,-5041.0,949.3,1961.2,2.0,2.8,1.6,2022,7,28,7,20,32.92,0.0,2,5,39,82,0.012,0.025,2,2022-07-28T07:20:32.920Z
nc73824826_20220802_032352,102697,40.294328,-124.551799,23.166,-4926.2,797.5,2046.9,1.3,2.0,1.4,2022,8,2,3,23,52.34,0.0,6,10,124,206,0.006,0.023,2,2022-08-02T03:23:52.340Z
nc73824826_20220816_181525,102698,40.294116,-124.553052,23.053,-5032.8,774.0,1933.9,2.5,1.9,1.9,2022,8,16,18,15,25.12,0.0,5,5,45,65,0.009,0.033,2,2022-08-16T18:15:25.120Z
nc73824826_20220916_060105,102699,40.295272,-124.551416,23.133,-4893.7,902.3,2013.7,1.9,6.0,3.1,2022,9,16,6,1,4.94,0.0,3,5,54,92,0.009,0.028,2,2022-09-16T06:01:04.940Z
nc73824826_20220919_045439,102700,40.294775,-124.553516,23.093,-5072.2,847.2,1974.4,2.8,2.5,1.4,2022,9,19,4,54,39.66,0.0,6,7,62,108,0.01,0.03,2,2022-09-19T04:54:39.660Z
nc73824826_20221005_051118,102702,40.293103,-124.551147,23.113,-4870.9,661.5,1994.2,3.2,5.9,3.0,2022,10,5,5,11,18.1,0.0,1,7,14,81,0.012,0.024,2,2022-10-05T05:11:18.100Z
nc73824826_20221101_094050,102705,40.294397,-124.55201,23.155,-4944.2,805.2,2035.9,1.4,2.4,1.4,2022,11,1,9,40,50.72,0.0,6,13,62,114,0.005,0.026,2,2022-11-01T09:40:50.720Z
nc73824826_20221127_180057,102706,40.295638,-124.5514,23.187,-4892.3,943.0,2068.6,2.2,4.2,2.8,2022,11,27,18,0,57.68,0.0,5,1,61,71,0.017,0.071,2,2022-11-27T18:00:57.680Z
1016016_20200111_013154,103181,40.277934,-124.470614,20.65,1977.2,-1022.9,-469.2,2.5,5.5,3.4,2020,1,11,1,31,54.4,0.0,1,2,17,72,0.009,0.053,2,2020-01-11T01:31:54.400Z
1016016_20200320_002638,103185,40.280522,-124.468001,20.784,2199.3,-735.6,-334.6,2.7,5.0,5.8,2020,3,20,0,26,38.16,0.0,6,1,66,56,0.011,0.056,2,2020-03-20T00:26:38.160Z
1016016_20200527_024816,103189,40.284021,-124.466707,20.45,2309.3,-347.0,-669.2,3.6,6.9,4.6,2020,5,27,2,48,16.28,0.0,1,3,17,42,0.008,0.027,2,2020-05-27T02:48:16.280Z
1016016_20200717_214407,103193,40.283708,-124.468913,20.354,2121.8,-381.8,-764.7,2.2,2.3,2.7,2020,7,17,21,44,7.88,0.0,1,4,21,74,0.006,0.024,2,2020-07-17T21:44:07.880Z
1016016_20200811_021834,103194,40.282646,-124.46805,20.239,2195.2,-499.7,-879.5,3.4,3.9,4.4,2020,8,11,2,18,34.13,0.0,3,5,55,110,0.011,0.02,2,2020-08-11T02:18:34.130Z
1016016_20200903_211012,103195,40.282869,-124.469165,20.354,2100.3,-474.9,-764.6,1.9,2.7,2.4,2020,9,3,21,10,13.0,0.0,5,7,59,110,0.006,0.022,2,2020-09-03T21:10:13.000Z
1016016_20200930_181805,103196,40.283655,-124.470638,20.295,1975.1,-387.7,-824.3,1.9,2.8,2.7,2020,9,30,18,18,5.8,0.0,7,8,70,114,0.005,0.027,2,2020-09-30T18:18:05.800Z
1016016_20201013_143343,103197,40.283264,-124.470288,20.323,2004.8,-431.0,-795.7,1.6,2.1,2.6,2020,10,13,14,33,43.26,0.0,4,7,70,113,0.004,0.025,2,2020-10-13T14:33:43.260Z
1016016_20201126_081930,103199,40.272123,-124.469596,21.2,2063.8,-1668.1,81.0,1.7,3.2,3.8,2020,11,26,8,19,30.47,0.0,1,2,0,34,0.001,0.01,2,2020-11-26T08:19:30.470Z
1016016_20201224_092240,103201,40.286572,-124.469499,20.374,2071.9,-63.7,-745.1,1.3,2.7,3.8,2020,12,24,9,22,40.77,0.0,1,2,15,30,0.0,0.049,2,2020-12-24T09:22:40.770Z
1016016_20210224_193700,103203,40.288676,-124.468368,20.488,2168.1,169.9,-630.9,3.8,8.3,5.5,2021,2,24,19,37,0.56,0.0,2,3,28,19,0.007,0.029,2,2021-02-24T19:37:00.560Z
1016016_20210322_103108,103204,40.284066,-124.470296,20.015,2004.1,-342.0,-1104.2,3.0,4.8,6.5,2021,3,22,10,31,8.25,0.0,5,2,58,56,0.017,0.039,2,2021-03-22T10:31:08.250Z
1016016_20210424_061731,103206,40.283724,-124.470085,20.096,2022.1,-380.0,-1023.1,3.9,12.2,9.3,2021,4,24,6,17,31.29,0.0,5,6,87,128,0.022,0.034,2,2021-04-24T06:17:31.290Z
1016016_20210502_080931,103207,40.282031,-124.470207,20.468,2011.8,-567.9,-651.1,1.6,2.7,1.9,2021,5,2,8,9,31.16,0.0,1,3,14,26,0.001,0.007,2,2021-05-02T08:09:31.160Z
1016016_20210805_101623,103210,40.283451,-124.469279,20.307,2090.6,-410.3,-812.0,2.2,2.4,2.4,2021,8,5,10,16,23.17,0.0,5,7,82,130,0.008,0.025,2,2021-08-05T10:16:23.170Z
1016016_20210905_230358,103211,40.284294,-124.470207,20.192,2011.7,-316.7,-926.6,1.4,2.8,2.5,2021,9,5,23,3,58.28,0.0,5,3,73,127,0.02,0.047,2,2021-09-05T23:03:58.280Z
1016016_20211006_090939,103213,40.280229,-124.468229,20.372,2180.0,-768.1,-746.7,1.7,3.9,3.3,2021,10,6,9,9,39.25,0.0,1,4,19,69,0.019,0.026,2,2021-10-06T09:09:39.250Z
1016016_20211012_112909,103214,40.270199,-124.466317,20.737,2342.8,-1881.8,-382.2,3.7,4.7,2.8,2021,10,12,11,29,9.71,0.0,2,2,0,0,0.013,-9.0,2,2021-10-12T11:29:09.710Z
1016016_20211101_121416,103216,40.282255,-124.468563,20.282,2151.6,-543.1,-837.1,2.8,2.9,2.7,2021,11,1,12,14,16.86,0.0,2,6,44,154,0.008,0.023,2,2021-11-01T12:14:16.860Z
1016016_20211220_234218,103218,40.281278,-124.463086,21.356,2617.3,-651.5,237.0,3.6,3.0,5.6,2021,12,20,23,42,18.12,0.0,2,2,8,6,0.004,0.046,2,2021-12-20T23:42:18.120Z
1016016_20211221_195320,103219,40.285653,-124.468424,20.425,2163.3,-165.8,-694.1,1.8,3.1,2.7,2021,12,21,19,53,20.92,0.0,2,3,28,47,0.006,0.022,2,2021-12-21T19:53:20.920Z
1016016_20211221_032502,103220,40.276615,-124.470687,20.557,1971.0,-1169.3,-561.7,1.3,3.5,1.9,2021,12,21,3,25,2.09,0.0,1,1,1,25,0.0,0.048,2,2021-12-21T03:25:02.090Z
1016016_20211222_235607,103221,40.283175,-124.470402,20.392,1995.1,-441.0,-726.4,1.5,3.1,2.0,2021,12,22,23,56,7.72,0.0,3,7,56,142,0.006,0.022,2,2021-12-22T23:56:07.720Z
1016016_20211222_221003,103222,40.283582,-124.471265,20.458,1921.8,-395.8,-660.8,3.0,2.8,2.1,2021,12,22,22,10,3.62,0.0,7,9,94,147,0.012,0.034,2,2021-12-22T22:10:03.620Z
1016016_20211222_135002,103225,40.285714,-124.46945,20.209,2076.1,-159.0,-910.2,1.3,3.8,2.0,2021,12,22,13,50,3.03,0.0,1,1,20,58,0.0,0.05,2,2021-12-22T13:50:03.030Z
1016016_20211222_062218,103227,40.282003,-124.469653,20.504,2058.8,-571.1,-614.5,1.5,3.2,1.9,2021,12,22,6,22,18.96,0.0,2,2,31,31,0.004,0.012,2,2021-12-22T06:22:18.960Z
1016016_20211223_103656,103229,40.283008,-124.469368,20.481,2083.0,-459.5,-637.7,1.5,2.7,2.2,2021,12,23,10,36,56.41,0.0,1,5,14,96,0.004,0.024,2,2021-12-23T10:36:56.410Z
1016016_20211225_042730,103232,40.283297,-124.470296,20.356,2004.1,-427.4,-762.7,1.7,2.5,2.3,2021,12,25,4,27,30.05,0.0,5,7,88,161,0.008,0.02,2,2021-12-25T04:27:30.050Z
1016016_20211225_130717,103233,40.281653,-124.468441,20.265,2162.0,-610.0,-853.7,4.8,12.5,8.2,2021,12,25,13,7,17.75,0.0,3,5,49,93,0.018,0.021,2,2021-12-25T13:07:17.750Z
1016016_20211226_182414,103235,40.28243,-124.468197,20.356,2182.7,-523.7,-762.6,3.2,2.7,2.8,2021,12,26,18,24,15.08,0.0,7,9,95,166,0.01,0.021,2,2021-12-26T18:24:15.080Z
1016016_20211227_031914,103237,40.283138,-124.469735,20.281,2051.9,-445.0,-838.1,2.1,2.6,2.2,2021,12,27,3,19,14.2,0.0,5,4,62,81,0.008,0.024,2,2021-12-27T03:19:14.200Z
1016016_20211228_102514,103238,40.273442,-124.471216,20.219,1926.1,-1521.7,-899.5,2.9,4.8,4.8,2021,12,28,10,25,14.24,0.0,1,2,17,53,0.003,0.05,2,2021-12-28T10:25:14.240Z
1016016_20211229_053901,103239,40.283321,-124.470361,20.357,1998.6,-424.7,-761.8,1.7,2.5,2.3,2021,12,29,5,39,1.05,0.0,5,7,74,134,0.008,0.023,2,2021-12-29T05:39:01.050Z
1016016_20211231_101623,103241,40.282332,-124.469198,20.362,2097.6,-534.5,-756.7,2.1,2.9,2.0,2021,12,31,10,16,23.29,0.0,4,4,49,81,0.005,0.019,2,2021-12-31T10:16:23.290Z
1016016_20220106_150353,103242,40.284521,-124.469206,20.146,2096.9,-291.4,-972.5,3.1,3.2,4.6,2022,1,6,15,3,53.71,0.0,3,4,52,95,0.011,0.026,2,2022-01-06T15:03:53.710Z
1016016_20220109_142834,103246,40.283911,-124.468221,20.671,2180.6,-359.2,-448.1,2.0,3.1,2.1,2022,1,9,14,28,34.55,0.0,4,0,28,16,0.008,0.064,2,2022-01-09T14:28:34.550Z
1016016_20220112_063812,103250,40.282983,-124.469727,20.348,2052.6,-462.2,-771.1,1.6,2.4,2.4,2022,1,12,6,38,12.46,0.0,7,9,91,151,0.008,0.024,2,2022-01-12T06:38:12.460Z
1016016_20220115_110222,103252,40.283529,-124.47098,20.408,1946.0,-401.7,-710.8,2.6,2.5,2.2,2022,1,15,11,2,22.71,0.0,5,8,60,114,0.008,0.026,2,2022-01-15T11:02:22.710Z
1016016_20220115_110724,103253,40.284172,-124.468188,20.365,2183.4,-330.3,-753.8,3.6,6.0,3.4,2022,1,15,11,7,24.38,0.0,1,5,14,75,0.014,0.023,2,2022-01-15T11:07:24.380Z
1016016_20220115_234227,103254,40.273006,-124.471143,20.094,1932.3,-1570.1,-1024.5,2.5,4.2,4.5,2022,1,15,23,42,27.86,0.0,1,2,13,36,0.002,0.048,2,2022-01-15T23:42:27.860Z
1016016_20220120_233526,103255,40.283415,-124.469434,20.177,2077.5,-414.3,-941.7,2.4,3.1,2.8,2022,1,20,23,35,26.72,0.0,4,7,53,131,0.009,0.021,2,2022-01-20T23:35:26.720Z
1016016_20220120_034425,103256,40.281612,-124.470125,20.467,2018.7,-614.5,-652.3,2.9,4.2,3.1,2022,1,20,3,44,25.44,0.0,1,3,17,51,0.005,0.014,2,2022-01-20T03:44:25.440Z
1016016_20220121_041737,103257,40.283008,-124.469539,20.082,2068.5,-459.5,-1037.1,2.8,3.2,4.1,2022,1,21,4,17,37.21,0.0,3,5,49,105,0.017,0.029,2,2022-01-21T04:17:37.210Z
1016016_20220121_041701,103258,40.283297,-124.469393,20.538,2081.0,-427.4,-580.8,1.5,3.0,2.0,2022,1,21,4,17,1.81,0.0,1,3,18,54,0.001,0.018,2,2022-01-21T04:17:01.810Z
1016016_20220130_052041,103261,40.282751,-124.468351,20.363,2169.5,-488.0,-756.2,2.8,2.7,2.4,2022,1,30,5,20,41.24,0.0,8,10,117,231,0.007,0.023,2,2022-01-30T05:20:41.240Z
1016016_20220130_181411,103262,40.282829,-124.468701,20.373,2139.8,-479.4,-746.2,2.1,2.4,2.6,2022,1,30,18,14,11.44,0.0,7,8,94,145,0.009,0.019,2,2022-01-30T18:14:11.440Z
1016016_20220206_181429,103263,40.282137,-124.472363,20.574,1828.4,-556.2,-545.1,6.4,9.6,9.0,2022,2,6,18,14,29.44,0.0,2,6,30,143,0.02,0.045,2,2022-02-06T18:14:29.440Z
1016016_20220215_030821,103264,40.283179,-124.469076,20.471,2107.9,-440.5,-648.0,1.4,3.2,1.8,2022,2,15,3,8,21.39,0.0,1,3,16,49,0.0,0.02,2,2022-02-15T03:08:21.390Z
1016016_20220224_225705,103265,40.283346,-124.470565,20.266,1981.3,-422.0,-853.1,1.6,2.4,2.2,2022,2,24,22,57,5.52,0.0,6,9,75,144,0.007,0.02,2,2022-02-24T22:57:05.520Z
1016016_20220224_020653,103266,40.283464,-124.471452,20.336,1905.9,-408.9,-782.9,2.5,2.6,2.2,2022,2,24,2,6,53.4,0.0,6,8,80,126,0.007,0.025,2,2022-02-24T02:06:53.400Z
1016016_20220224_180121,103267,40.278947,-124.469271,20.212,2091.4,-910.4,-907.0,1.4,2.6,2.2,2022,2,24,18,1,21.72,0.0,2,5,40,86,0.013,0.025,2,2022-02-24T18:01:21.720Z
1016016_20220329_103552,103269,40.283838,-124.471265,20.412,1921.8,-367.3,-706.8,2.6,2.3,2.7,2022,3,29,10,35,52.37,0.0,7,9,60,116,0.007,0.032,2,2022-03-29T10:35:52.370Z
1016016_20220329_195807,103270,40.281836,-124.470304,20.409,2003.5,-589.6,-709.9,1.9,3.3,1.8,2022,3,29,19,58,7.52,0.0,1,4,12,42,0.002,0.02,2,2022-03-29T19:58:07.520Z
1016016_20220331_144040,103271,40.281921,-124.469067,20.339,2108.7,-580.1,-780.2,3.0,4.3,4.9,2022,3,31,14,40,40.12,0.0,4,8,38,86,0.013,0.021,2,2022-03-31T14:40:40.120Z
1016016_20220403_210327,103272,40.282764,-124.469637,20.383,2060.2,-486.6,-735.5,1.2,3.2,1.9,2022,4,3,21,3,27.58,0.0,1,6,14,107,0.008,0.023,2,2022-04-03T21:03:27.580Z
1016016_20220410_130318,103273,40.282243,-124.468197,20.235,2182.7,-544.4,-883.4,3.1,2.7,2.8,2022,4,10,13,3,18.66,0.0,7,8,54,96,0.012,0.022,2,2022-04-10T13:03:18.660Z
1016016_20220410_205345,103274,40.284526,-124.468441,20.326,2161.9,-291.0,-793.1,2.5,5.8,3.8,2022,4,10,20,53,46.04,0.0,1,3,18,53,0.022,0.032,2,2022-04-10T20:53:46.040Z
1016016_20220419_184336,103277,40.283207,-124.469442,20.247,2076.8,-437.4,-871.8,2.0,2.8,2.4,2022,4,19,18,43,36.48,0.0,6,8,92,151,0.006,0.023,2,2022-04-19T18:43:36.480Z
1016016_20220512_182044,103279,40.281331,-124.470947,20.318,1948.8,-645.7,-800.7,2.3,3.2,2.3,2022,5,12,18,20,44.56,0.0,1,5,18,90,0.005,0.017,2,2022-05-12T18:20:44.560Z
1016016_20220609_200846,103281,40.282605,-124.469613,20.428,2062.3,-504.2,-691.0,1.8,3.0,2.0,2022,6,9,20,8,46.12,0.0,2,5,20,64,0.005,0.024,2,2022-06-09T20:08:46.120Z
1016016_20220612_061747,103283,40.282743,-124.469531,20.456,2069.2,-488.9,-662.6,2.5,4.2,3.6,2022,6,12,6,17,47.32,0.0,0,4,0,56,0.0,0.018,2,2022-06-12T06:17:47.320Z
1016016_20220620_030525,103284,40.282841,-124.468343,20.328,2170.2,-478.0,-791.0,2.9,2.8,2.2,2022,6,20,3,5,25.81,0.0,5,9,88,180,0.008,0.024,2,2022-06-20T03:05:25.810Z
1016016_20220704_042456,103285,40.283691,-124.470052,20.041,2024.9,-383.6,-1078.3,2.5,3.1,2.9,2022,7,4,4,24,57.01,0.0,3,4,39,82,0.019,0.036,2,2022-07-04T04:24:57.010Z
1016016_20220812_082409,103286,40.282804,-124.47002,20.59,2027.7,-482.1,-529.1,2.0,2.5,3.1,2022,8,12,8,24,9.15,0.0,4,3,34,56,0.008,0.026,2,2022-08-12T08:24:09.150Z
1016016_20220816_040036,103288,40.283341,-124.470207,20.323,2011.8,-422.5,-796.1,1.5,2.8,2.2,2022,8,16,4,0,36.31,0.0,4,8,74,159,0.006,0.023,2,2022-08-16T04:00:36.310Z
1016016_20220906_141614,103291,40.283333,-124.470068,20.388,2023.5,-423.4,-730.8,1.7,3.2,1.8,2022,9,6,14,16,14.9,0.0,2,4,26,71,0.007,0.011,2,2022-09-06T14:16:14.900Z
1016016_20220908_132543,103292,40.282357,-124.469303,20.253,2088.6,-531.8,-865.9,3.6,9.3,6.2,2022,9,8,13,25,43.3,0.0,4,5,52,80,0.012,0.011,2,2022-09-08T13:25:43.300Z
1016016_20220912_091021,103293,40.281962,-124.469409,20.34,2079.6,-575.6,-779.1,2.4,2.9,4.0,2022,9,12,9,10,22.03,0.0,5,7,87,130,0.01,0.025,2,2022-09-12T09:10:22.030Z
1016016_20220913_191350,103294,40.279093,-124.469084,20.327,2107.3,-894.2,-791.4,2.5,5.2,3.9,2022,9,13,19,13,50.2,0.0,2,5,30,91,0.009,0.031,2,2022-09-13T19:13:50.200Z
1016016_20221009_143843,103295,40.284998,-124.469206,20.093,2096.8,-238.6,-1025.7,3.4,4.0,6.0,2022,10,9,14,38,43.96,0.0,3,4,47,102,0.014,0.029,2,2022-10-09T14:38:43.960Z
1016016_20221110_034921,103297,40.282015,-124.469165,20.288,2100.4,-569.8,-831.0,3.8,6.5,7.2,2022,11,10,3,49,21.43,0.0,6,7,84,117,0.014,0.025,2,2022-11-10T03:49:21.430Z
1018733_20200123_024622,104536,40.274154,-124.515267,21.489,-1820.2,-1442.7,370.2,1.6,1.9,1.9,2020,1,23,2,46,22.42,0.0,4,9,40,86,0.006,0.022,2,2020-01-23T02:46:22.420Z
1018733_20200124_125818,104538,40.274276,-124.515039,21.494,-1800.8,-1429.1,375.4,2.0,1.9,1.6,2020,1,24,12,58,18.52,0.0,8,9,53,86,0.007,0.016,2,2020-01-24T12:58:18.520Z
1018733_20200315_005554,104539,40.274589,-124.515926,21.463,-1876.2,-1394.3,344.5,1.3,2.0,1.9,2020,3,15,0,55,54.27,0.0,6,10,50,93,0.007,0.019,2,2020-03-15T00:55:54.270Z
1018733_20200319_130223,104540,40.275281,-124.515129,21.359,-1808.4,-1317.5,240.5,1.7,3.3,2.0,2020,3,19,13,2,23.24,0.0,0,4,0,0,0.001,-9.0,2,2020-03-19T13:02:23.240Z
1018733_20200404_125514,104541,40.27498,-124.516569,21.446,-1930.9,-1351.0,327.5,1.8,2.2,1.6,2020,4,4,12,55,15.04,0.0,7,9,49,83,0.004,0.018,2,2020-04-04T12:55:15.040Z
1018733_20200809_032401,104542,40.268062,-124.514209,21.813,-1730.3,-2119.1,694.3,1.6,3.3,1.9,2020,8,9,3,24,1.45,0.0,0,3,0,1,0.0,0.057,2,2020-08-09T03:24:01.450Z
1018733_20200809_000042,104543,40.276799,-124.515747,20.609,-1861.0,-1149.0,-509.9,4.6,7.5,10.3,2020,8,9,0,0,42.1,0.0,0,4,0,2,0.015,0.05,2,2020-08-09T00:00:42.100Z
1018733_20200906_191519,104544,40.280204,-124.514697,22.029,-1771.7,-770.8,910.6,3.1,2.5,3.0,2020,9,6,19,15,19.48,0.0,1,3,0,0,0.011,-9.0,2,2020-09-06T19:15:19.480Z
1018733_20201120_230537,104545,40.259668,-124.5139,21.646,-1704.1,-3051.2,527.1,1.5,3.0,2.2,2020,11,20,23,5,36.98,0.0,1,1,0,6,0.0,0.01,2,2020-11-20T23:05:36.980Z
1018733_20201208_195059,104546,40.274455,-124.514608,21.466,-1764.1,-1409.2,347.0,1.8,2.1,1.9,2020,12,8,19,50,59.54,0.0,9,10,69,99,0.007,0.025,2,2020-12-08T19:50:59.540Z
1018733_20210113_202755,104547,40.276103,-124.515983,21.41,-1881.1,-1226.3,291.5,1.3,2.3,1.9,2021,1,13,20,27,55.96,0.0,6,7,52,75,0.007,0.024,2,2021-01-13T20:27:55.960Z
1018733_20210123_180758,104548,40.275142,-124.516016,21.432,-1883.8,-1332.9,313.1,2.0,3.0,2.4,2021,1,23,18,7,59.08,0.0,6,9,61,102,0.008,0.024,2,2021-01-23T18:07:59.080Z
1018733_20210204_080406,104549,40.267598,-124.518254,20.442,-2074.3,-2170.6,-676.8,4.7,7.6,15.2,2021,2,4,8,4,6.59,0.0,2,1,2,0,0.024,0.037,2,2021-02-04T08:04:06.590Z
1018733_20210208_104243,104550,40.273027,-124.516187,21.53,-1898.4,-1567.8,411.2,1.7,2.3,1.7,2021,2,8,10,42,44.03,0.0,3,1,16,2,0.004,0.079,2,2021-02-08T10:42:44.030Z
1018733_20210428_095653,104552,40.266105,-124.515902,22.298,-1874.3,-2336.4,1178.9,3.1,5.8,6.0,2021,4,28,9,56,53.2,0.0,3,0,7,2,0.005,0.025,2,2021-04-28T09:56:53.200Z
1018733_20210813_030314,104555,40.271098,-124.515405,21.853,-1832.0,-1782.0,733.7,1.9,3.5,3.4,2021,8,13,3,3,14.34,0.0,2,4,20,50,0.008,0.031,2,2021-08-13T03:03:14.340Z
1018733_20211013_001157,104557,40.275338,-124.516471,21.361,-1922.6,-1311.2,242.0,2.0,3.6,3.3,2021,10,13,0,11,57.95,0.0,5,8,60,98,0.009,0.025,2,2021-10-13T00:11:57.950Z
1018733_20211015_233600,104558,40.270622,-124.51429,21.374,-1737.2,-1834.9,254.8,1.5,2.8,2.6,2021,10,15,23,36,0.12,0.0,2,0,8,0,0.0,0.073,2,2021-10-15T23:36:00.120Z
1018733_20211221_041142,104561,40.27321,-124.5146,21.569,-1763.4,-1547.5,449.9,1.6,2.6,2.7,2021,12,21,4,11,42.56,0.0,1,4,12,37,0.001,0.021,2,2021-12-21T04:11:42.560Z
1018733_20211221_052713,104562,40.272331,-124.515299,21.531,-1823.0,-1645.1,412.2,1.8,6.6,4.5,2021,12,21,5,27,13.43,0.0,1,3,8,0,0.002,0.01,2,2021-12-21T05:27:13.430Z
1018733_20211221_095444,104563,40.273743,-124.513997,21.515,-1712.2,-1488.3,395.9,2.6,2.1,2.0,2021,12,21,9,54,44.26,0.0,1,8,12,86,0.008,0.021,2,2021-12-21T09:54:44.260Z
1018733_20211221_143211,104565,40.273356,-124.516683,20.936,-1940.6,-1531.2,-182.5,3.2,2.6,8.4,2021,12,21,14,32,11.46,0.0,3,0,26,43,0.003,0.062,2,2021-12-21T14:32:11.460Z
1018733_20211221_074938,104566,40.261678,-124.513892,21.971,-1703.4,-2828.0,852.2,2.0,5.7,3.0,2021,12,21,7,49,38.57,0.0,2,1,0,23,0.001,0.039,2,2021-12-21T07:49:38.570Z
1018733_20211221_003329,104567,40.26628,-124.511466,21.301,-1497.1,-2317.0,181.9,1.6,3.9,1.9,2021,12,21,0,33,29.48,0.0,1,1,0,0,0.0,-9.0,2,2021-12-21T00:33:29.480Z
1018733_20211221_014747,104568,40.280249,-124.519556,21.54,-2184.8,-765.8,420.7,3.7,9.6,8.0,2021,12,21,1,47,47.43,0.0,4,0,35,9,0.01,0.064,2,2021-12-21T01:47:47.430Z
1018733_20211230_170259,104570,40.274312,-124.514762,21.382,-1777.3,-1425.1,262.8,2.4,2.8,3.1,2021,12,30,17,2,59.68,0.0,1,3,8,7,0.003,0.008,2,2021-12-30T17:02:59.680Z
1018733_20220505_195840,104571,40.26982,-124.516309,21.518,-1908.8,-1923.9,399.4,1.9,2.9,4.2,2022,5,5,19,58,40.22,0.0,1,3,12,26,0.004,0.027,2,2022-05-05T19:58:40.220Z
1018733_20220805_210256,104572,40.273181,-124.515731,21.495,-1859.6,-1550.7,375.7,1.4,2.3,1.4,2022,8,5,21,2,56.76,0.0,4,7,42,70,0.006,0.024,2,2022-08-05T21:02:56.760Z
1018733_20220829_034727,104573,40.275142,-124.51626,21.427,-1904.6,-1332.9,308.1,1.6,2.2,1.6,2022,8,29,3,47,27.29,0.0,7,9,57,93,0.007,0.023,2,2022-08-29T03:47:27.290Z
1017218_20210317_155754,105449,40.2948,-124.436304,21.712,4894.4,849.9,593.3,0.9,4.7,4.9,2021,3,17,15,57,54.41,0.0,2,1,2,3,0.005,0.038,2,2021-03-17T15:57:54.410Z
1017218_20210517_065019,105451,40.297249,-124.436914,21.108,4842.4,1121.9,-10.8,2.2,3.7,5.2,2021,5,17,6,50,19.33,0.0,1,3,2,2,0.005,0.008,2,2021-05-17T06:50:19.330Z
1017218_20210702_134225,105452,40.293803,-124.436108,21.279,4911.0,739.2,159.7,2.2,1.8,1.4,2021,7,2,13,42,25.37,0.0,1,4,3,22,0.004,0.011,2,2021-07-02T13:42:25.370Z
1017218_20211208_074753,105453,40.295565,-124.435929,21.231,4926.2,934.8,111.7,3.4,2.8,2.8,2021,12,8,7,47,53.43,0.0,1,5,4,7,0.009,0.013,2,2021-12-08T07:47:53.430Z
1017218_20211229_060335,105454,40.294491,-124.436271,21.295,4897.1,815.5,176.6,1.8,1.9,2.2,2021,12,29,6,3,35.03,0.0,2,5,4,22,0.006,0.012,2,2021-12-29T06:03:35.030Z
1017218_20220123_115601,105457,40.292725,-124.434448,21.365,5052.2,619.5,246.4,2.6,2.9,3.2,2022,1,23,11,56,1.99,0.0,0,4,0,24,0.002,0.018,2,2022-01-23T11:56:01.990Z
1017218_20220309_033306,105458,40.294653,-124.437459,21.408,4796.1,833.6,289.5,2.6,2.2,3.0,2022,3,9,3,33,6.43,0.0,3,4,6,22,0.008,0.024,2,2022-03-09T03:33:06.430Z
1017258_20200719_193615,106476,40.283809,-124.406746,18.983,7408.2,-370.5,-2136.1,3.4,4.8,4.0,2020,7,19,19,36,15.72,0.0,1,3,1,2,0.007,0.01,2,2020-07-19T19:36:15.720Z
1017258_20211223_180027,106480,40.297982,-124.40013,20.136,7970.0,1203.2,-981.7,4.9,5.5,5.0,2021,12,23,18,0,27.8,0.0,3,1,7,1,0.01,0.03,2,2021-12-23T18:00:27.800Z
1017258_20211225_234407,106481,40.281429,-124.407438,19.087,7349.5,-634.8,-2031.7,3.3,5.8,3.1,2021,12,25,23,44,7.48,0.0,2,2,10,3,0.003,0.02,2,2021-12-25T23:44:07.480Z
1017258_20220922_221156,106485,40.284578,-124.407845,19.079,7314.8,-285.1,-2039.9,2.7,3.9,3.2,2022,9,22,22,11,56.16,0.0,3,2,8,1,0.001,0.007,2,2022-09-22T22:11:56.160Z
1017258_20221011_025624,106486,40.28477,-124.406991,19.109,7387.4,-263.9,-2009.7,3.2,5.9,3.3,2022,10,11,2,56,24.7,0.0,3,2,10,4,0.006,0.008,2,2022-10-11T02:56:24.700Z
nc73847741_20200226_130008,106878,40.281856,-124.505835,19.935,-1018.0,-587.4,-1183.5,3.4,3.2,2.4,2020,2,26,13,0,8.04,0.0,1,3,0,10,0.008,0.031,2,2020-02-26T13:00:08.040Z
nc73847741_20200414_235217,106879,40.304016,-124.503532,20.344,-822.0,1873.3,-774.6,4.6,10.5,6.0,2020,4,14,23,52,17.32,0.0,0,0,2,4,-9.0,0.015,2,2020-04-14T23:52:17.320Z
nc73847741_20200417_102854,106880,40.280322,-124.50769,19.734,-1175.8,-757.7,-1385.0,2.8,2.7,2.7,2020,4,17,10,28,54.02,0.0,3,11,0,41,0.006,0.013,2,2020-04-17T10:28:54.020Z
nc73847741_20200418_163846,106881,40.28103,-124.502954,19.626,-773.0,-679.1,-1492.4,2.4,3.2,3.1,2020,4,18,16,38,46.71,0.0,0,4,0,4,0.0,0.013,2,2020-04-18T16:38:46.710Z
nc73847741_20211023_031339,106883,40.280562,-124.509172,19.958,-1301.7,-731.1,-1161.1,5.8,8.4,6.6,2021,10,23,3,13,39.08,0.0,2,4,11,18,0.018,0.058,2,2021-10-23T03:13:39.080Z
nc73847741_20211122_212208,106884,40.280607,-124.505396,19.885,-980.6,-726.1,-1233.7,3.4,3.6,3.5,2021,11,22,21,22,8.46,0.0,7,7,5,13,0.009,0.012,2,2021-11-22T21:22:08.460Z
nc73847741_20211123_020316,106885,40.28055,-124.503426,19.864,-813.2,-732.4,-1254.4,2.8,4.3,3.5,2021,11,23,2,3,16.24,0.0,0,4,0,0,0.003,-9.0,2,2021-11-23T02:03:16.240Z
nc73847741_20211221_090449,106886,40.281901,-124.508024,19.827,-1204.2,-582.4,-1291.9,3.3,2.6,3.5,2021,12,21,9,4,49.08,0.0,2,8,11,16,0.013,0.02,2,2021-12-21T09:04:49.080Z
nc73847741_20220208_110145,106889,40.280489,-124.503337,19.652,-805.5,-739.2,-1467.1,3.1,3.5,3.4,2022,2,8,11,1,45.31,0.0,2,3,0,4,0.005,0.024,2,2022-02-08T11:01:45.310Z
nc73847741_20220806_163220,106892,40.282471,-124.502132,19.786,-703.1,-519.1,-1332.6,2.4,3.8,2.8,2022,8,6,16,32,20.74,0.0,0,4,0,0,0.0,-9.0,2,2022-08-06T16:32:20.740Z
1018496_20210517_093949,107666,40.31357,-124.440023,19.189,4577.5,2934.1,-1929.7,3.1,5.0,4.0,2021,5,17,9,39,49.15,0.0,1,2,0,1,0.004,0.025,2,2021-05-17T09:39:49.150Z
1018496_20210519_233944,107667,40.306449,-124.438656,19.351,4694.0,2143.5,-1767.9,3.1,6.6,3.2,2021,5,19,23,39,45.08,0.0,0,4,0,1,0.003,0.001,2,2021-05-19T23:39:45.080Z
1018496_20211128_163745,107671,40.323075,-124.42902,19.891,5512.5,3989.6,-1228.3,3.3,6.1,3.0,2021,11,28,16,37,45.54,0.0,0,4,0,0,0.002,-9.0,2,2021-11-28T16:37:45.540Z
1008291_20210329_040027,107935,40.29211,-124.378011,19.98,9851.2,551.2,-1138.5,3.2,4.0,3.5,2021,3,29,4,0,27.69,0.0,1,3,2,2,0.006,0.015,2,2021-03-29T04:00:27.690Z
1008291_20210918_083554,107939,40.280029,-124.356201,20.331,11706.8,-790.2,-787.7,5.3,6.8,3.6,2021,9,18,8,35,54.3,0.0,1,2,3,2,0.0,0.032,2,2021-09-18T08:35:54.300Z
1008291_20211220_215611,107941,40.290369,-124.371086,20.116,10440.2,357.8,-1003.2,3.7,4.1,3.0,2021,12,20,21,56,11.8,0.0,1,2,13,17,0.002,0.043,2,2021-12-20T21:56:11.800Z
1008291_20211221_002654,107943,40.292529,-124.377922,20.056,9858.8,597.8,-1063.2,2.6,3.2,2.9,2021,12,21,0,26,54.43,0.0,1,5,7,18,0.006,0.03,2,2021-12-21T00:26:54.430Z
1008291_20220103_233536,107951,40.291813,-124.376628,19.982,9968.9,518.2,-1136.7,2.9,3.2,2.7,2022,1,3,23,35,36.4,0.0,0,4,0,10,0.004,0.021,2,2022-01-03T23:35:36.400Z
1008291_20220125_075531,107952,40.292322,-124.375586,20.065,10057.4,574.7,-1054.3,2.6,4.6,2.6,2022,1,25,7,55,31.78,0.0,4,3,20,15,0.009,0.029,2,2022-01-25T07:55:31.780Z
1008291_20220204_174038,107954,40.291447,-124.37548,20.248,10066.5,477.6,-871.0,2.7,3.5,2.6,2022,2,4,17,40,38.16,0.0,2,2,9,3,0.02,0.026,2,2022-02-04T17:40:38.160Z
1008291_20221029_041537,107961,40.278255,-124.380802,20.238,9614.8,-987.2,-880.6,5.1,6.6,3.7,2022,10,29,4,15,37.35,0.0,1,1,5,4,0.007,0.059,2,2022-10-29T04:15:37.350Z
1017413_20210906_025810,108411,40.317249,-124.469474,20.738,2073.5,3342.6,-381.1,3.7,6.6,4.3,2021,9,6,2,58,10.41,0.0,2,0,1,0,0.0,0.08,2,2021-09-06T02:58:10.410Z
nc73869735_20211016_110825,108899,40.303255,-124.435124,18.888,4994.4,1788.8,-2231.3,1.4,1.7,1.7,2021,10,16,11,8,25.42,0.0,0,4,0,0,0.004,-9.0,2,2021-10-16T11:08:25.420Z
1016662_20211221_220051,109574,40.296354,-124.382235,19.178,9491.8,1022.5,-1940.5,3.4,4.8,3.7,2021,12,21,22,0,51.76,0.0,2,1,3,5,0.0,0.053,2,2021-12-21T22:00:51.760Z
1016662_20211226_211432,109576,40.28361,-124.384985,18.893,9258.7,-392.6,-2225.8,4.2,5.9,4.1,2021,12,26,21,14,32.32,0.0,1,2,6,10,0.002,0.059,2,2021-12-26T21:14:32.320Z
1016662_20221122_142533,109582,40.273576,-124.374845,19.348,10121.8,-1506.8,-1770.6,4.8,7.0,4.5,2022,11,22,14,25,33.58,0.0,2,0,2,3,0.001,0.072,2,2022-11-22T14:25:33.580Z
nc73855785_20211222_192207,110142,40.29445,-124.437126,22.435,4824.5,811.0,1315.8,2.4,8.0,3.1,2021,12,22,19,22,7.32,0.0,2,2,0,0,0.0,-9.0,2,2021-12-22T19:22:07.320Z
nc73855785_20211223_203809,110143,40.292118,-124.439355,22.183,4635.0,552.1,1063.9,3.2,6.1,4.5,2021,12,23,20,38,9.12,0.0,1,1,0,0,0.001,-9.0,2,2021-12-23T20:38:09.120Z
nc73855785_20220105_174531,110147,40.283325,-124.446444,22.055,4032.5,-424.3,935.7,3.6,8.0,7.9,2022,1,5,17,45,31.04,0.0,1,2,0,0,0.007,-9.0,2,2022-01-05T17:45:31.040Z
nc73855785_20220503_083719,110148,40.29681,-124.428125,22.592,5589.7,1073.1,1473.2,3.0,5.4,3.3,2022,5,3,8,37,19.64,0.0,0,4,0,2,0.004,0.004,2,2022-05-03T08:37:19.640Z
1016537,110300,40.291007,-124.480591,25.906,1128.6,428.8,4787.2,2.7,5.0,3.2,2023,3,9,12,50,51.79,1.4,4,5,1,2,0.012,0.022,2,2023-03-09T12:50:51.790Z
nc73824826,110304,40.293734,-124.551497,23.178,-4900.6,731.5,2058.9,1.2,1.9,1.1,2022,12,25,19,40,29.6,3.05,313,458,103,182,0.009,0.02,2,2022-12-25T19:40:29.600Z
1016016,110318,40.282694,-124.470199,20.479,2012.5,-494.3,-639.6,1.5,2.2,2.1,2023,2,20,13,18,4.0,1.48,237,356,103,194,0.01,0.02,2,2023-02-20T13:18:04.000Z
1018733,110345,40.274927,-124.515967,21.446,-1879.7,-1356.8,326.8,1.3,1.8,1.3,2023,5,22,8,39,16.01,1.61,91,131,78,114,0.007,0.023,2,2023-05-22T08:39:16.010Z
1017218,110372,40.294584,-124.435018,21.258,5003.7,825.9,138.7,1.2,1.7,0.8,2023,4,3,12,14,40.56,1.28,10,26,3,21,0.006,0.011,2,2023-04-03T12:14:40.560Z
1017258,110403,40.284538,-124.40813,19.067,7290.5,-289.6,-2052.0,2.8,4.7,3.2,2023,4,4,17,32,14.44,1.08,12,10,24,8,0.006,0.024,2,2023-04-04T17:32:14.440Z
nc73847741,110420,40.280416,-124.507479,19.757,-1157.8,-747.3,-1362.2,2.3,2.5,2.3,2023,2,17,14,36,10.74,2.81,17,48,14,17,0.009,0.024,2,2023-02-17T14:36:10.740Z
1018496,110446,40.307467,-124.433537,18.979,5129.2,2256.4,-2139.9,2.7,3.5,2.8,2023,5,13,1,27,18.16,1.13,1,10,0,4,0.003,0.014,2,2023-05-13T01:27:18.160Z
1017411,110461,40.291447,-124.47172,21.076,1882.9,477.6,-43.3,3.2,4.8,3.8,2023,4,9,11,53,23.82,0.91,0,0,9,11,-9.0,0.015,2,2023-04-09T11:53:23.820Z
1008291,110465,40.292635,-124.376294,20.038,9997.2,609.5,-1080.6,2.5,2.8,2.6,2022,12,20,3,6,59.64,0.86,11,22,23,23,0.009,0.028,2,2022-12-20T03:06:59.640Z
1017413,110500,40.306258,-124.478255,19.708,1327.1,2122.2,-1410.7,3.6,6.2,4.4,2023,4,9,13,30,46.6,0.65,2,0,1,1,0.0,0.057,2,2023-04-09T13:30:46.600Z
nc73869735,110565,40.303349,-124.445369,19.423,4123.2,1799.2,-1696.3,1.3,1.7,1.7,2023,4,9,10,26,53.72,2.63,0,4,0,13,0.004,0.01,2,2023-04-09T10:26:53.720Z
1016662,110648,40.282182,-124.378532,18.964,9807.6,-551.2,-2154.9,3.8,6.4,3.9,2023,3,14,15,58,42.1,1.17,5,3,19,7,0.001,0.037,2,2023-03-14T15:58:42.100Z
nc73855785,110734,40.29329,-124.439412,22.976,4630.1,682.3,1857.5,2.5,6.9,2.9,2023,3,12,13,22,23.78,1.69,4,9,0,2,0.004,0.004,2,2023-03-12T13:22:23.780Z
1016637,110741,40.298409,-124.450838,19.707,3658.4,1250.6,-1412.2,5.4,9.0,5.1,2023,3,13,12,14,24.21,0.9,0,0,11,4,-9.0,0.011,2,2023-03-13T12:14:24.210Z
1016883,110742,40.308431,-124.527856,25.399,-2890.1,2363.5,4279.7,2.6,4.9,6.1,2023,3,22,16,0,17.27,1.31,0,0,10,3,-9.0,0.014,2,2023-03-22T16:00:17.270Z
nc73876810_20200111_080953,103299,40.301139,-124.441073,16.101,-343.2,658.3,4797.0,2.4,5.2,2.8,2020,1,11,8,9,53.46,0.0,2,3,3,6,0.008,0.009,3,2020-01-11T08:09:53.460Z
nc73876810_20200620_011202,103302,40.319181,-124.44117,15.803,-351.4,2661.7,4498.7,3.5,5.4,4.6,2020,6,20,1,12,2.85,0.0,0,2,0,2,0.005,0.036,3,2020-06-20T01:12:02.850Z
nc73876810_20210903_162522,103304,40.296672,-124.44694,15.275,-842.1,162.2,3970.5,3.1,9.2,6.5,2021,9,3,16,25,23.21,0.0,1,3,0,2,0.005,0.032,3,2021-09-03T16:25:23.210Z
nc73876810_20211026_201425,103305,40.30341,-124.441878,16.096,-411.7,910.4,4791.6,2.9,5.7,4.0,2021,10,26,20,14,25.86,0.0,2,3,5,10,0.005,0.017,3,2021-10-26T20:14:25.860Z
nc73876810_20211129_035554,103306,40.302991,-124.44235,16.337,-451.8,863.9,5033.0,2.2,4.3,3.0,2021,11,29,3,55,54.9,0.0,0,3,0,6,0.003,0.011,3,2021-11-29T03:55:54.900Z
nc73876810_20220117_004116,103308,40.298376,-124.446322,15.347,-789.5,351.5,4043.1,3.7,5.2,6.5,2022,1,17,0,41,17.19,0.0,2,4,0,7,0.015,0.022,3,2022-01-17T00:41:17.190Z
nc73876810_20220421_185002,103309,40.302193,-124.447835,15.75,-918.2,775.3,4446.1,3.8,5.1,4.5,2022,4,21,18,50,2.76,0.0,2,4,0,0,0.013,-9.0,3,2022-04-21T18:50:02.760Z
nc73876810_20220613_235129,103310,40.29471,-124.448226,15.376,-951.4,-55.6,4071.3,3.0,5.5,3.1,2022,6,13,23,51,29.54,0.0,2,4,7,11,0.01,0.022,3,2022-06-13T23:51:29.540Z
1016783_20200314_090638,104529,40.272762,-124.451619,14.295,-1240.2,-2492.7,2990.5,2.3,4.6,3.8,2020,3,14,9,6,38.8,0.0,1,4,4,9,0.006,0.017,3,2020-03-14T09:06:38.800Z
1016783_20200705_074608,104530,40.268335,-124.449772,14.622,-1083.1,-2984.3,3318.2,2.8,3.4,4.0,2020,7,5,7,46,8.89,0.0,3,4,6,6,0.014,0.013,3,2020-07-05T07:46:08.890Z
1016783_20210610_160544,104531,40.277584,-124.452498,15.378,-1314.8,-1957.3,4074.2,1.4,3.4,2.1,2021,6,10,16,5,44.83,0.0,0,3,0,3,0.005,0.012,3,2021-06-10T16:05:44.830Z
1016783_20220417_203147,104533,40.271611,-124.451847,14.31,-1259.5,-2620.6,3006.2,1.7,3.2,2.2,2022,4,17,20,31,48.0,0.0,1,4,6,11,0.002,0.014,3,2022-04-17T20:31:48.000Z
1016783_20220515_013515,104534,40.271098,-124.453589,14.457,-1407.6,-2677.5,3152.7,2.2,3.0,3.9,2022,5,15,1,35,16.14,0.0,0,4,0,4,0.004,0.02,3,2022-05-15T01:35:16.140Z
1016783_20220924_212845,104535,40.278577,-124.449276,15.155,-1040.8,-1847.1,3850.4,2.5,4.6,3.2,2022,9,24,21,28,45.88,0.0,1,3,4,2,0.011,0.008,3,2022-09-24T21:28:45.880Z
nc73873665_20200124_013902,104693,40.297241,-124.469035,7.064,-2720.7,225.5,-4240.5,2.6,6.3,5.7,2020,1,24,1,39,2.52,0.0,1,2,1,9,0.003,0.043,3,2020-01-24T01:39:02.520Z
nc73873665_20200221_011207,104694,40.291427,-124.46687,8.469,-2536.7,-420.2,-2835.6,2.1,2.7,3.5,2020,2,21,1,12,7.11,0.0,1,6,2,11,0.01,0.014,3,2020-02-21T01:12:07.110Z
nc73873665_20210101_152043,104696,40.292065,-124.465202,8.803,-2394.8,-349.3,-2501.4,2.7,4.2,7.5,2021,1,1,15,20,43.11,0.0,1,3,0,0,0.011,-9.0,3,2021-01-01T15:20:43.110Z
nc73873665_20210516_022538,104698,40.289954,-124.470955,7.045,-2884.1,-583.8,-4259.2,1.9,4.0,3.4,2021,5,16,2,25,38.92,0.0,2,1,0,4,0.001,0.011,3,2021-05-16T02:25:38.920Z
nc73873665_20210920_164826,104703,40.307926,-124.467008,7.41,-2548.2,1412.0,-3893.8,2.3,3.8,4.8,2021,9,20,16,48,26.19,0.0,1,1,0,6,0.0,0.06,3,2021-09-20T16:48:26.190Z
nc73873665_20220806_082030,104712,40.293778,-124.466447,8.348,-2500.7,-159.0,-2955.8,2.0,3.0,3.8,2022,8,6,8,20,30.24,0.0,2,5,3,18,0.012,0.018,3,2022-08-06T08:20:30.240Z
nc73873665_20220807_005152,104713,40.292228,-124.467139,8.452,-2559.5,-331.2,-2852.7,2.3,3.2,4.0,2022,8,7,0,51,52.9,0.0,1,7,0,32,0.006,0.02,3,2022-08-07T00:51:52.900Z
nc73873665_20220922_070912,104715,40.311629,-124.467025,8.414,-2549.5,1823.1,-2890.3,2.2,9.9,5.9,2022,9,22,7,9,12.25,0.0,1,3,1,11,0.01,0.016,3,2022-09-22T07:09:12.250Z
nc73883011_20210102_205955,104895,40.293274,-124.434391,10.22,224.9,-215.1,-1084.3,3.0,4.9,4.5,2021,1,2,20,59,55.2,0.0,3,5,5,14,0.012,0.043,3,2021-01-02T20:59:55.200Z
nc73883011_20220630_133413,104900,40.288761,-124.434814,9.802,188.9,-716.1,-1502.1,3.4,6.1,4.7,2022,6,30,13,34,13.79,0.0,0,3,0,10,0.004,0.023,3,2022-06-30T13:34:13.790Z
1017134_20200227_015326,105395,40.291117,-124.47618,9.981,-3328.3,-454.5,-1323.4,1.7,6.0,3.6,2020,2,27,1,53,26.28,0.0,3,6,26,19,0.012,0.028,3,2020-02-27T01:53:26.280Z
1017134_20200227_010458,105396,40.291235,-124.475798,10.017,-3295.8,-441.4,-1287.0,1.4,4.8,3.1,2020,2,27,1,4,58.69,0.0,3,5,21,15,0.006,0.017,3,2020-02-27T01:04:58.690Z
1017134_20210527_205542,105401,40.289433,-124.473844,9.874,-3129.8,-641.6,-1430.1,1.1,4.4,3.8,2021,5,27,20,55,42.78,0.0,4,0,14,1,0.002,0.08,3,2021-05-27T20:55:42.780Z
1017134_20211102_183125,105402,40.288696,-124.475627,9.913,-3281.3,-723.4,-1390.9,1.3,2.6,2.7,2021,11,2,18,31,25.34,0.0,4,3,14,8,0.009,0.035,3,2021-11-02T18:31:25.340Z
1017134_20220205_140941,105405,40.29904,-124.476326,9.706,-3340.6,425.2,-1597.9,2.5,5.9,3.6,2022,2,5,14,9,41.86,0.0,0,4,0,14,0.01,0.033,3,2022-02-05T14:09:41.860Z
1018710_20200206_200439,105567,40.296021,-124.410221,9.072,2279.9,89.9,-2232.2,1.1,1.6,1.0,2020,2,6,20,4,39.8,0.0,0,7,0,102,0.005,0.017,3,2020-02-06T20:04:39.800Z
1018710_20200206_125550,105568,40.295801,-124.410164,9.118,2284.8,65.5,-2186.3,1.5,2.0,1.3,2020,2,6,12,55,50.19,0.0,0,6,0,107,0.008,0.013,3,2020-02-06T12:55:50.190Z
1018710_20200206_094916,105573,40.295361,-124.409823,9.226,2313.8,16.7,-2078.5,1.4,1.7,1.4,2020,2,6,9,49,16.82,0.0,0,5,0,73,0.005,0.02,3,2020-02-06T09:49:16.820Z
1018710_20200206_082341,105578,40.292033,-124.409733,9.076,2321.5,-352.9,-2228.6,2.6,4.8,3.9,2020,2,6,8,23,41.35,0.0,1,4,4,65,0.018,0.039,3,2020-02-06T08:23:41.350Z
1018710_20200206_082233,105580,40.291195,-124.409871,9.1,2309.7,-446.0,-2204.3,1.8,4.2,3.4,2020,2,6,8,22,33.19,0.0,1,3,7,91,0.006,0.041,3,2020-02-06T08:22:33.190Z
1018710_20200206_095711,105582,40.296061,-124.409814,9.219,2314.5,94.4,-2085.3,1.6,1.4,2.1,2020,2,6,9,57,11.49,0.0,0,4,0,43,0.002,0.018,3,2020-02-06T09:57:11.490Z
1018710_20200206_083454,105583,40.295219,-124.409774,9.179,2318.0,0.9,-2125.0,2.0,2.2,2.1,2020,2,6,8,34,54.03,0.0,0,4,0,51,0.011,0.018,3,2020-02-06T08:34:54.030Z
1018710_20200206_120300,105586,40.301685,-124.410262,9.066,2276.4,718.9,-2238.6,1.5,5.9,2.3,2020,2,6,12,3,0.34,0.0,1,1,6,45,0.0,0.058,3,2020-02-06T12:03:00.340Z
1018710_20200206_094135,105587,40.291166,-124.410352,9.021,2268.9,-449.1,-2283.3,1.8,3.6,2.6,2020,2,6,9,41,35.49,0.0,1,2,6,61,0.003,0.044,3,2020-02-06T09:41:35.490Z
1018710_20200206_082025,105589,40.295117,-124.40957,9.255,2335.3,-10.4,-2048.8,1.3,2.2,1.6,2020,2,6,8,20,25.26,0.0,0,4,0,51,0.006,0.024,3,2020-02-06T08:20:25.260Z
1018710_20200206_100753,105590,40.296309,-124.409416,9.303,2348.4,122.0,-2000.9,2.4,1.7,3.1,2020,2,6,10,7,53.05,0.0,0,4,0,44,0.004,0.021,3,2020-02-06T10:07:53.050Z
1018710_20200206_155541,105591,40.30356,-124.41075,9.076,2234.8,927.1,-2228.2,1.0,2.2,1.4,2020,2,6,15,55,41.5,0.0,1,1,2,20,0.0,0.052,3,2020-02-06T15:55:41.500Z
1018710_20200206_095127,105592,40.291557,-124.410311,8.565,2272.4,-405.7,-2739.7,1.9,4.2,4.3,2020,2,6,9,51,27.59,0.0,1,2,7,16,0.002,0.057,3,2020-02-06T09:51:27.590Z
1018710_20200206_092733,105594,40.299752,-124.412752,8.719,2064.7,504.2,-2585.3,3.1,5.9,4.4,2020,2,6,9,27,33.91,0.0,2,2,4,5,0.014,0.068,3,2020-02-06T09:27:33.910Z
1018710_20200206_085342,105597,40.290633,-124.41062,9.038,2246.1,-508.3,-2266.4,2.4,4.8,3.2,2020,2,6,8,53,42.11,0.0,1,2,8,25,0.003,0.05,3,2020-02-06T08:53:42.110Z
1018710_20200207_071545,105604,40.295154,-124.410278,9.084,2275.1,-6.3,-2220.4,1.1,1.3,1.1,2020,2,7,7,15,45.36,0.0,0,4,0,40,0.007,0.022,3,2020-02-07T07:15:45.360Z
1018710_20200419_125219,105609,40.296423,-124.409432,9.152,2347.0,134.6,-2152.4,2.0,1.5,1.0,2020,4,19,12,52,19.46,0.0,2,5,10,66,0.006,0.027,3,2020-04-19T12:52:19.460Z
1018710_20200430_073939,105610,40.300916,-124.410815,8.996,2229.3,633.5,-2308.0,2.4,4.4,3.8,2020,4,30,7,39,39.11,0.0,1,2,9,28,0.013,0.051,3,2020-04-30T07:39:39.110Z
1018710_20200804_031529,105616,40.296269,-124.409985,9.129,2300.0,117.5,-2175.4,1.6,1.7,1.2,2020,8,4,3,15,29.91,0.0,3,8,6,100,0.005,0.024,3,2020-08-04T03:15:29.910Z
1018710_20200804_031139,105617,40.296025,-124.410221,9.138,2279.9,90.4,-2166.6,1.1,1.9,1.5,2020,8,4,3,11,39.66,0.0,1,7,7,113,0.001,0.021,3,2020-08-04T03:11:39.660Z
1018710_20201005_200631,105625,40.296419,-124.410457,9.083,2259.8,134.2,-2221.2,0.9,1.6,1.1,2020,10,5,20,6,31.7,0.0,0,4,0,54,0.005,0.027,3,2020-10-05T20:06:31.700Z
1018710_20201017_131357,105626,40.295117,-124.409391,9.206,2350.5,-10.4,-2098.3,1.8,2.0,2.0,2020,10,17,13,13,57.58,0.0,0,7,6,112,0.01,0.022,3,2020-10-17T13:13:57.580Z
1018710_20201106_003533,105632,40.288521,-124.411336,7.846,2185.2,-742.8,-3458.1,1.8,3.9,2.5,2020,11,6,0,35,33.43,0.0,1,2,0,8,0.002,0.036,3,2020-11-06T00:35:33.430Z
1018710_20201122_184825,105636,40.293241,-124.408993,8.606,2384.4,-218.7,-2698.1,1.6,2.9,5.4,2020,11,22,18,48,25.88,0.0,0,3,0,14,0.004,0.053,3,2020-11-22T18:48:25.880Z
1018710_20210108_000536,105639,40.287443,-124.410018,9.335,2297.4,-862.5,-1968.8,2.0,4.6,3.3,2021,1,8,0,5,36.95,0.0,1,2,7,42,0.002,0.049,3,2021-01-08T00:05:36.950Z
1018710_20210114_180340,105643,40.290316,-124.410213,9.121,2280.7,-543.5,-2183.5,1.4,3.7,2.1,2021,1,14,18,3,40.36,0.0,2,5,17,86,0.017,0.045,3,2021-01-14T18:03:40.360Z
1018710_20210405_012800,105647,40.309713,-124.410042,9.028,2294.9,1610.3,-2275.8,2.8,5.8,4.1,2021,4,5,1,28,0.03,0.0,1,2,3,32,0.008,0.033,3,2021-04-05T01:28:00.030Z
1018710_20210425_193356,105651,40.298324,-124.410238,9.229,2278.5,345.6,-2074.8,2.8,4.9,3.2,2021,4,25,19,33,56.36,0.0,4,5,25,82,0.013,0.038,3,2021-04-25T19:33:56.360Z
1018710_20210425_212903,105652,40.295862,-124.410685,9.216,2240.5,72.3,-2088.4,2.6,2.6,2.5,2021,4,25,21,29,3.36,0.0,2,7,15,112,0.01,0.022,3,2021-04-25T21:29:03.360Z
1018710_20210425_195712,105653,40.298881,-124.410018,9.228,2297.2,407.5,-2076.7,2.6,6.3,2.8,2021,4,25,19,57,12.76,0.0,2,5,8,52,0.008,0.037,3,2021-04-25T19:57:12.760Z
1018710_20210618_061635,105655,40.29574,-124.410807,9.062,2230.1,58.7,-2241.8,2.0,1.2,1.0,2021,6,18,6,16,35.6,0.0,1,4,10,51,0.006,0.014,3,2021-06-18T06:16:35.600Z
1018710_20210811_003031,105657,40.286405,-124.409871,9.274,2309.8,-977.7,-2030.1,1.5,2.2,2.5,2021,8,11,0,30,31.62,0.0,1,2,12,39,0.001,0.053,3,2021-08-11T00:30:31.620Z
1018710_20210818_042252,105659,40.296248,-124.409871,9.07,2309.7,115.2,-2234.5,1.7,3.2,3.4,2021,8,18,4,22,52.11,0.0,3,8,16,119,0.007,0.027,3,2021-08-18T04:22:52.110Z
1018710_20210829_180938,105660,40.29613,-124.410286,9.076,2274.4,102.1,-2228.6,1.2,1.5,1.4,2021,8,29,18,9,38.04,0.0,4,8,41,163,0.006,0.02,3,2021-08-29T18:09:38.040Z
1018710_20210923_101337,105663,40.298063,-124.410693,8.945,2239.7,316.7,-2359.4,1.8,3.3,3.0,2021,9,23,10,13,37.34,0.0,1,2,9,28,0.002,0.03,3,2021-09-23T10:13:37.340Z
1018710_20211008_155836,105664,40.296098,-124.409798,9.086,2315.9,98.5,-2218.0,2.0,1.5,1.0,2021,10,8,15,58,36.05,0.0,4,8,27,145,0.007,0.028,3,2021-10-08T15:58:36.050Z
1018710_20220107_213216,105669,40.29622,-124.410645,9.058,2243.9,112.1,-2245.9,1.2,1.7,1.6,2022,1,7,21,32,16.18,0.0,0,4,0,44,0.001,0.01,3,2022-01-07T21:32:16.180Z
1018710_20220129_225758,105670,40.280082,-124.410986,9.074,2215.1,-1679.9,-2230.7,2.3,3.8,3.9,2022,1,29,22,57,59.04,0.0,1,2,2,45,0.002,0.057,3,2022-01-29T22:57:59.040Z
1018710_20220129_225614,105671,40.280286,-124.41075,9.074,2235.2,-1657.3,-2230.0,2.5,4.4,4.0,2022,1,29,22,56,14.6,0.0,1,2,1,46,0.002,0.057,3,2022-01-29T22:56:14.600Z
1018710_20220219_213538,105672,40.300753,-124.410116,9.193,2288.8,615.4,-2111.0,4.3,8.3,6.9,2022,2,19,21,35,38.82,0.0,3,5,11,74,0.019,0.038,3,2022-02-19T21:35:38.820Z
1018710_20220219_231635,105673,40.297331,-124.410807,9.131,2230.1,235.4,-2173.6,1.4,1.9,1.4,2022,2,19,23,16,35.58,0.0,0,7,6,93,0.012,0.024,3,2022-02-19T23:16:35.580Z
1018710_20220425_101652,105679,40.295463,-124.410433,9.176,2261.9,28.0,-2128.5,2.4,3.8,1.9,2022,4,25,10,16,52.96,0.0,1,6,8,95,0.009,0.021,3,2022-04-25T10:16:52.960Z
1018710_20220425_071034,105680,40.296261,-124.410718,9.276,2237.7,116.6,-2028.5,3.2,6.0,2.9,2022,4,25,7,10,34.49,0.0,2,6,13,87,0.013,0.021,3,2022-04-25T07:10:34.490Z
1018710_20220425_071611,105681,40.295638,-124.410612,9.166,2246.7,47.4,-2138.5,2.4,4.7,2.2,2022,4,25,7,16,11.42,0.0,1,6,7,93,0.009,0.019,3,2022-04-25T07:16:11.420Z
1018710_20220810_204620,105684,40.295923,-124.411369,9.151,2182.4,79.1,-2153.2,3.2,3.7,5.5,2022,8,10,20,46,20.4,0.0,0,6,22,145,0.007,0.027,3,2022-08-10T20:46:20.400Z
1018710_20220902_175400,105685,40.295475,-124.409554,9.097,2336.7,29.4,-2207.2,2.7,3.6,1.9,2022,9,2,17,54,0.12,0.0,3,8,27,143,0.01,0.028,3,2022-09-02T17:54:00.120Z
1018710_20220911_022821,105686,40.296134,-124.409985,9.081,2300.0,102.6,-2223.2,1.2,2.1,2.0,2022,9,11,2,28,21.61,0.0,6,8,28,107,0.005,0.032,3,2022-09-11T02:28:21.610Z
1018710_20220911_122635,105687,40.296248,-124.410107,9.082,2289.6,115.2,-2222.4,1.3,1.7,1.7,2022,9,11,12,26,35.09,0.0,4,7,22,110,0.007,0.031,3,2022-09-11T12:26:35.090Z
1018710_20220911_032406,105688,40.296342,-124.410091,9.059,2291.0,125.6,-2244.7,1.5,1.6,1.1,2022,9,11,3,24,6.25,0.0,2,7,4,86,0.006,0.025,3,2022-09-11T03:24:06.250Z
1018710_20220924_152142,105690,40.296484,-124.410376,9.036,2266.8,141.4,-2267.8,0.9,1.8,1.5,2022,9,24,15,21,42.69,0.0,2,7,10,94,0.007,0.022,3,2022-09-24T15:21:42.690Z
1018710_20220924_152116,105691,40.296102,-124.410449,9.06,2260.5,98.9,-2244.4,0.8,1.3,1.3,2022,9,24,15,21,16.75,0.0,1,7,11,153,0.002,0.019,3,2022-09-24T15:21:16.750Z
1018710_20220924_214403,105692,40.296204,-124.410628,9.057,2245.3,110.2,-2247.4,1.0,1.6,1.4,2022,9,24,21,44,3.48,0.0,0,4,0,50,0.001,0.025,3,2022-09-24T21:44:03.480Z
1018710_20221108_224756,105694,40.295166,-124.40953,8.971,2338.7,-5.0,-2333.2,2.6,3.6,2.1,2022,11,8,22,47,56.88,0.0,1,7,9,118,0.012,0.031,3,2022-11-08T22:47:56.880Z
1018710_20221108_173508,105696,40.294417,-124.409749,8.903,2320.1,-88.1,-2401.0,3.3,8.6,5.4,2022,11,8,17,35,8.3,0.0,1,7,5,85,0.016,0.032,3,2022-11-08T17:35:08.300Z
1018710_20221108_185951,105697,40.294954,-124.41049,9.102,2257.1,-28.5,-2202.2,1.1,1.7,1.4,2022,11,8,18,59,51.86,0.0,0,4,0,56,0.004,0.012,3,2022-11-08T18:59:51.860Z
1018710_20221109_122228,105699,40.295492,-124.409806,9.062,2315.2,31.2,-2242.4,1.3,3.2,2.2,2022,11,9,12,22,28.32,0.0,0,7,6,91,0.004,0.024,3,2022-11-09T12:22:28.320Z
1018710_20221111_013908,105700,40.295785,-124.409684,9.067,2325.6,63.7,-2237.0,1.3,3.5,2.3,2022,11,11,1,39,8.12,0.0,1,7,11,115,0.014,0.025,3,2022-11-11T01:39:08.120Z
1018710_20221119_030309,105703,40.295785,-124.410083,9.151,2291.7,63.7,-2152.9,0.9,1.2,1.2,2022,11,19,3,3,9.98,0.0,0,5,0,58,0.005,0.011,3,2022-11-19T03:03:09.980Z
1018710_20221126_183517,105704,40.296057,-124.409969,8.995,2301.4,94.0,-2309.6,3.2,6.3,4.8,2022,11,26,18,35,17.42,0.0,3,6,23,89,0.008,0.02,3,2022-11-26T18:35:17.420Z
1016488_20200720_105541,105968,40.290906,-124.483561,8.69,-3955.9,-478.0,-2614.6,2.9,5.7,6.8,2020,7,20,10,55,41.38,0.0,1,5,9,53,0.016,0.013,3,2020-07-20T10:55:41.380Z
1016488_20200721_091514,105969,40.292269,-124.482349,8.83,-3852.8,-326.7,-2473.9,2.3,2.5,2.9,2020,7,21,9,15,14.09,0.0,1,7,11,61,0.012,0.018,3,2020-07-21T09:15:14.090Z
1016488_20200721_211511,105970,40.291146,-124.48313,8.917,-3919.2,-451.4,-2387.0,2.9,3.7,4.5,2020,7,21,21,15,11.4,0.0,2,6,21,56,0.013,0.019,3,2020-07-21T21:15:11.400Z
1016488_20200721_172807,105971,40.290043,-124.482503,8.639,-3866.0,-573.8,-2665.0,1.0,2.3,3.0,2020,7,21,17,28,7.32,0.0,0,4,0,35,0.002,0.018,3,2020-07-21T17:28:07.320Z
1016488_20200723_023415,105972,40.292314,-124.482235,8.636,-3843.1,-321.7,-2668.1,2.1,3.7,5.1,2020,7,23,2,34,15.96,0.0,0,5,0,42,0.007,0.016,3,2020-07-23T02:34:15.960Z
1016488_20200913_022730,105974,40.292061,-124.482373,8.729,-3854.9,-349.7,-2575.4,1.5,1.8,3.2,2020,9,13,2,27,30.3,0.0,1,5,3,45,0.004,0.012,3,2020-09-13T02:27:30.300Z
1016488_20210430_225227,105980,40.29152,-124.482056,8.869,-3827.9,-409.8,-2435.1,1.2,2.3,3.0,2021,4,30,22,52,27.72,0.0,0,4,0,34,0.006,0.014,3,2021-04-30T22:52:27.720Z
1016488_20210518_185659,105981,40.291386,-124.482609,8.77,-3874.9,-424.7,-2533.7,1.9,3.6,4.6,2021,5,18,18,56,59.04,0.0,0,4,0,6,0.006,0.038,3,2021-05-18T18:56:59.040Z
1016488_20210716_122303,105983,40.293892,-124.482129,8.763,-3834.1,-146.4,-2540.8,0.8,3.0,1.7,2021,7,16,12,23,3.94,0.0,0,4,0,13,0.002,0.019,3,2021-07-16T12:23:03.940Z
1016488_20220219_135444,105985,40.291801,-124.483822,8.647,-3978.0,-378.6,-2657.2,1.9,4.4,5.2,2022,2,19,13,54,44.29,0.0,0,5,9,37,0.008,0.01,3,2022-02-19T13:54:44.290Z
1016488_20220415_001222,105992,40.291545,-124.48269,8.812,-3881.9,-407.1,-2491.7,1.0,3.1,2.3,2022,4,15,0,12,22.8,0.0,0,6,7,61,0.008,0.012,3,2022-04-15T00:12:22.800Z
1016488_20220613_070331,105994,40.292151,-124.482292,8.675,-3847.9,-339.8,-2629.3,1.3,2.4,2.8,2022,6,13,7,3,31.92,0.0,1,6,6,36,0.005,0.017,3,2022-06-13T07:03:31.920Z
1015330_20200309_152105,106894,40.302576,-124.453312,12.714,-1383.8,817.8,1409.5,2.4,5.2,3.9,2020,3,9,15,21,5.18,0.0,3,3,12,13,0.011,0.034,3,2020-03-09T15:21:05.180Z
1015330_20210606_013940,106901,40.309025,-124.453402,12.917,-1391.3,1533.9,1613.1,1.8,6.1,4.2,2021,6,6,1,39,40.96,0.0,1,3,6,12,0.009,0.032,3,2021-06-06T01:39:40.960Z
1015330_20220124_014957,106903,40.309102,-124.453328,12.901,-1385.1,1542.5,1596.5,1.9,5.5,4.0,2022,1,24,1,49,57.92,0.0,1,3,6,12,0.009,0.033,3,2022-01-24T01:49:57.920Z
1015330_20220903_120218,106905,40.298702,-124.453703,13.158,-1417.0,387.7,1853.8,3.1,6.0,2.7,2022,9,3,12,2,18.87,0.0,1,3,3,8,0.013,0.029,3,2022-09-03T12:02:18.870Z
1015330_20221115_195624,106906,40.298991,-124.452718,12.841,-1333.3,419.7,1537.0,1.4,5.0,3.6,2022,11,15,19,56,24.56,0.0,4,4,15,16,0.007,0.029,3,2022-11-15T19:56:24.560Z
nc73816421_20200729_154620,107733,40.298071,-124.436401,14.855,54.0,317.6,3550.4,1.8,2.1,3.1,2020,7,29,15,46,20.23,0.0,0,4,0,56,0.004,0.027,3,2020-07-29T15:46:20.230Z
nc73816421_20200904_024239,107735,40.298173,-124.435946,14.759,92.7,328.9,3454.4,1.5,2.8,2.8,2020,9,4,2,42,39.1,0.0,2,6,31,88,0.005,0.018,3,2020-09-04T02:42:39.100Z
nc73816421_20200916_072208,107737,40.299349,-124.435913,15.053,95.5,459.5,3749.2,2.5,3.1,2.6,2020,9,16,7,22,8.11,0.0,1,4,17,67,0.006,0.034,3,2020-09-16T07:22:08.110Z
nc73816421_20210121_150143,107742,40.298153,-124.437484,14.46,-38.1,326.7,3155.5,1.5,3.1,4.6,2021,1,21,15,1,43.54,0.0,1,3,16,46,0.005,0.029,3,2021-01-21T15:01:43.540Z
nc73816421_20210210_091335,107743,40.298319,-124.434611,14.961,206.2,345.2,3657.0,1.6,1.7,3.2,2021,2,10,9,13,35.03,0.0,2,8,20,68,0.003,0.024,3,2021-02-10T09:13:35.030Z
nc73816421_20210502_163204,107745,40.297461,-124.435718,14.818,112.1,249.9,3513.3,2.0,2.1,3.2,2021,5,2,16,32,4.81,0.0,1,4,16,51,0.004,0.022,3,2021-05-02T16:32:04.810Z
nc73816421_20210619_090731,107747,40.297782,-124.436825,14.681,18.0,285.6,3377.2,1.8,1.9,2.4,2021,6,19,9,7,31.4,0.0,4,11,32,104,0.009,0.034,3,2021-06-19T09:07:31.400Z
nc73816421_20210804_165519,107749,40.298002,-124.434806,15.005,189.6,310.0,3701.1,2.3,2.4,2.9,2021,8,4,16,55,19.68,0.0,2,7,22,77,0.008,0.028,3,2021-08-04T16:55:19.680Z
nc73816421_20210805_135627,107750,40.298226,-124.435856,14.755,100.3,334.8,3451.0,1.6,2.6,2.9,2021,8,5,13,56,27.5,0.0,2,6,21,70,0.005,0.02,3,2021-08-05T13:56:27.500Z
nc73816421_20211004_133054,107751,40.299036,-124.436678,15.059,30.4,424.7,3755.0,2.1,2.3,3.0,2021,10,4,13,30,54.55,0.0,1,4,12,39,0.006,0.021,3,2021-10-04T13:30:54.550Z
nc73816421_20211129_173732,107754,40.297457,-124.437728,14.577,-58.8,249.4,3273.3,1.4,4.3,2.9,2021,11,29,17,37,32.4,0.0,1,3,10,27,0.001,0.036,3,2021-11-29T17:37:32.400Z
nc73816421_20211226_071750,107755,40.297888,-124.435181,14.91,157.8,297.3,3606.3,1.7,2.1,2.8,2021,12,26,7,17,50.05,0.0,2,9,32,131,0.002,0.025,3,2021-12-26T07:17:50.050Z
nc73816421_20211228_174855,107756,40.297803,-124.435563,14.706,125.2,287.8,3401.8,2.4,2.7,2.7,2021,12,28,17,48,55.58,0.0,1,5,14,64,0.006,0.027,3,2021-12-28T17:48:55.580Z
nc73816421_20220122_000457,107758,40.297518,-124.436125,14.731,77.5,256.2,3426.9,3.0,5.3,4.2,2022,1,22,0,4,57.35,0.0,0,4,0,19,0.009,0.021,3,2022-01-22T00:04:57.350Z
nc73816421_20220204_233648,107760,40.300826,-124.436165,14.797,74.0,623.5,3493.3,3.3,5.7,3.8,2022,2,4,23,36,48.7,0.0,3,5,22,40,0.018,0.036,3,2022-02-04T23:36:48.700Z
nc73816421_20220210_115251,107761,40.299231,-124.43667,15.102,31.1,446.4,3798.1,2.6,2.3,3.3,2022,2,10,11,52,51.26,0.0,1,3,16,41,0.007,0.029,3,2022-02-10T11:52:51.260Z
nc73816421_20220320_233239,107764,40.297917,-124.43562,14.78,120.4,300.5,3475.7,2.2,2.1,2.9,2022,3,20,23,32,39.36,0.0,1,6,15,76,0.005,0.022,3,2022-03-20T23:32:39.360Z
nc73816421_20220328_025746,107766,40.298979,-124.435563,14.83,125.2,418.4,3526.0,1.7,3.9,2.1,2022,3,28,2,57,46.48,0.0,0,4,0,51,0.001,0.017,3,2022-03-28T02:57:46.480Z
nc73816421_20220402_104337,107767,40.297852,-124.436051,14.731,83.7,293.2,3426.5,1.7,1.7,2.6,2022,4,2,10,43,36.95,0.0,4,11,30,129,0.007,0.026,3,2022-04-02T10:43:36.950Z
nc73816421_20220428_171307,107769,40.298055,-124.436995,14.78,3.5,315.8,3475.7,1.8,4.0,3.3,2022,4,28,17,13,7.74,0.0,0,4,0,33,0.004,0.018,3,2022-04-28T17:13:07.740Z
nc73816421_20220513_011648,107770,40.29884,-124.43575,15.013,109.3,403.0,3708.4,1.9,1.9,2.7,2022,5,13,1,16,48.23,0.0,0,5,0,58,0.005,0.027,3,2022-05-13T01:16:48.230Z
nc73816421_20220521_134132,107772,40.297888,-124.43501,14.753,172.3,297.3,3448.7,1.7,2.0,2.8,2022,5,21,13,41,32.3,0.0,2,10,30,113,0.007,0.026,3,2022-05-21T13:41:32.300Z
nc73816421_20220522_192825,107773,40.296903,-124.435718,14.738,112.1,188.0,3433.6,2.5,3.6,2.7,2022,5,22,19,28,25.44,0.0,2,6,30,90,0.01,0.028,3,2022-05-22T19:28:25.440Z
nc73816421_20220611_125601,107774,40.298234,-124.433813,14.963,274.0,335.7,3658.3,1.8,2.4,2.7,2022,6,11,12,56,1.12,0.0,2,7,23,77,0.003,0.029,3,2022-06-11T12:56:01.120Z
nc73816421_20220707_104449,107778,40.298279,-124.434416,14.908,222.8,340.7,3604.1,1.7,2.2,2.7,2022,7,7,10,44,49.64,0.0,2,8,23,87,0.005,0.028,3,2022-07-07T10:44:49.640Z
nc73816421_20220710_204042,107780,40.298222,-124.436572,14.706,39.4,334.4,3401.7,2.1,2.3,2.7,2022,7,10,20,40,42.62,0.0,0,4,0,49,0.004,0.031,3,2022-07-10T20:40:42.620Z
nc73816421_20220717_220539,107781,40.297611,-124.436092,14.795,80.3,266.6,3490.7,1.9,1.7,2.8,2022,7,17,22,5,39.6,0.0,1,8,13,96,0.007,0.021,3,2022-07-17T22:05:39.600Z
nc73816421_20220726_215905,107782,40.298499,-124.434855,14.9,185.4,365.1,3595.6,2.4,2.6,3.5,2022,7,26,21,59,5.76,0.0,4,12,31,112,0.007,0.031,3,2022-07-26T21:59:05.760Z
nc73816421_20220807_072612,107785,40.300529,-124.435156,15.075,159.8,590.5,3771.2,3.3,4.2,4.3,2022,8,7,7,26,12.5,0.0,2,7,26,85,0.016,0.054,3,2022-08-07T07:26:12.500Z
nc73816421_20220809_032829,107786,40.298047,-124.435238,14.86,152.9,314.9,3555.5,2.0,2.3,3.0,2022,8,9,3,28,29.64,0.0,2,12,27,118,0.007,0.033,3,2022-08-09T03:28:29.640Z
nc73816421_20220814_163540,107788,40.300411,-124.435758,14.831,108.6,577.4,3526.7,3.1,3.7,3.6,2022,8,14,16,35,40.91,0.0,3,6,14,21,0.013,0.039,3,2022-08-14T16:35:40.910Z
nc73816421_20220830_140201,107792,40.304028,-124.438354,14.624,-112.1,979.1,3319.3,1.7,6.2,3.5,2022,8,30,14,2,1.0,0.0,1,3,12,24,0.005,0.017,3,2022-08-30T14:02:01.000Z
nc73816421_20220906_172943,107793,40.299072,-124.43702,15.135,1.4,428.8,3831.3,2.7,2.9,3.2,2022,9,6,17,29,43.16,0.0,2,5,22,45,0.008,0.033,3,2022-09-06T17:29:43.160Z
nc73816421_20221006_012807,107795,40.297473,-124.435539,14.732,127.3,251.2,3428.1,2.4,3.4,2.6,2022,10,6,1,28,7.43,0.0,2,5,31,84,0.007,0.026,3,2022-10-06T01:28:07.430Z
nc73816421_20221021_125748,107796,40.29965,-124.435946,14.977,92.7,492.9,3672.9,2.6,2.7,3.2,2022,10,21,12,57,48.82,0.0,1,10,19,135,0.012,0.034,3,2022-10-21T12:57:48.820Z
nc73816421_20221030_050039,107797,40.29799,-124.436426,14.642,51.9,308.6,3337.5,1.7,2.0,2.5,2022,10,30,5,0,39.0,0.0,4,10,26,90,0.009,0.036,3,2022-10-30T05:00:39.000Z
nc73816421_20221102_110010,107798,40.29825,-124.438395,14.699,-115.6,337.5,3394.9,2.1,2.7,4.3,2022,11,2,11,0,10.26,0.0,3,5,9,0,0.007,0.017,3,2022-11-02T11:00:10.260Z
nc73816421_20221105_135555,107799,40.297782,-124.436263,14.753,65.7,285.6,3448.9,1.5,1.9,2.6,2022,11,5,13,55,55.15,0.0,2,10,32,118,0.007,0.019,3,2022-11-05T13:55:55.150Z
nc73816421_20221129_063306,107804,40.298238,-124.434635,14.965,204.1,336.2,3661.3,2.4,2.8,3.4,2022,11,29,6,33,6.4,0.0,3,9,23,87,0.008,0.029,3,2022-11-29T06:33:06.400Z
1017628_20201102_192514,108087,40.285258,-124.44965,9.752,-1072.6,-1105.2,-1552.1,1.3,2.3,1.8,2020,11,2,19,25,14.8,0.0,0,2,0,4,0.0,0.03,3,2020-11-02T19:25:14.800Z
1017628_20220731_090331,108098,40.302262,-124.45048,8.538,-1143.0,783.0,-2766.7,1.0,3.9,1.3,2022,7,31,9,3,31.71,0.0,0,3,2,12,0.006,0.044,3,2022-07-31T09:03:31.710Z
1017628_20220921_110536,108101,40.310815,-124.450952,8.192,-1183.1,1732.7,-3111.7,1.8,5.0,6.4,2022,9,21,11,5,36.34,0.0,1,2,1,6,0.003,0.048,3,2022-09-21T11:05:36.340Z
nc73837866_20200607_181358,108715,40.299093,-124.439046,11.842,-170.9,431.0,538.0,2.1,4.0,3.4,2020,6,7,18,13,57.68,0.0,3,4,1,9,0.007,0.031,3,2020-06-07T18:13:57.680Z
nc73837866_20200814_123833,108716,40.300301,-124.442448,11.697,-460.1,565.2,392.6,2.3,3.5,3.8,2020,8,14,12,38,33.22,0.0,3,9,12,18,0.006,0.033,3,2020-08-14T12:38:33.220Z
nc73837866_20210518_120550,108717,40.299434,-124.442497,11.804,-464.3,469.0,500.0,2.0,3.6,3.6,2021,5,18,12,5,50.27,0.0,6,8,14,13,0.005,0.028,3,2021-05-18T12:05:50.270Z
nc73837866_20210718_191832,108718,40.297795,-124.440202,11.726,-269.2,286.9,422.0,2.5,9.2,4.0,2021,7,18,19,18,32.56,0.0,1,6,5,11,0.014,0.033,3,2021-07-18T19:18:32.560Z
nc73837866_20220203_091234,108719,40.299927,-124.442847,11.87,-494.0,523.7,566.3,2.3,4.4,4.5,2022,2,3,9,12,34.36,0.0,2,4,3,4,0.005,0.044,3,2022-02-03T09:12:34.360Z
nc73837866_20221114_002045,108720,40.298287,-124.441032,11.669,-339.7,341.6,364.8,2.8,5.3,4.4,2022,11,14,0,20,45.02,0.0,1,7,4,20,0.014,0.031,3,2022-11-14T00:20:45.020Z
nc73837866_20221115_033949,108721,40.298995,-124.439119,11.68,-177.1,420.2,376.2,2.7,3.1,2.9,2022,11,15,3,39,49.41,0.0,5,7,13,11,0.011,0.043,3,2022-11-15T03:39:49.410Z
nc73837866_20221115_033534,108722,40.292228,-124.442171,11.729,-436.6,-331.2,424.3,2.4,4.2,3.0,2022,11,15,3,35,33.75,0.0,1,2,2,2,0.003,0.037,3,2022-11-15T03:35:33.750Z
1016182_20200614_091955,108734,40.30732,-124.431266,8.64,490.5,1344.6,-2664.6,2.5,5.1,4.3,2020,6,14,9,19,55.71,0.0,2,2,8,3,0.018,0.018,3,2020-06-14T09:19:55.710Z
1016182_20210703_040904,108737,40.307064,-124.432674,8.346,370.8,1316.2,-2958.2,1.3,3.8,2.9,2021,7,3,4,9,4.66,0.0,0,4,0,21,0.005,0.027,3,2021-07-03T04:09:04.660Z
1016182_20210820_235104,108740,40.307975,-124.432259,8.366,406.1,1417.4,-2938.2,1.2,3.2,2.5,2021,8,20,23,51,4.64,0.0,0,5,0,29,0.002,0.023,3,2021-08-20T23:51:04.640Z
1016182_20210820_173419,108741,40.308077,-124.432715,8.486,367.4,1428.7,-2818.0,2.3,3.5,2.3,2021,8,20,17,34,19.96,0.0,1,5,0,29,0.011,0.023,3,2021-08-20T17:34:19.960Z
1016182_20210820_213804,108742,40.308333,-124.432414,8.416,393.0,1457.1,-2888.5,1.5,2.6,2.7,2021,8,20,21,38,4.72,0.0,0,4,0,21,0.008,0.023,3,2021-08-20T21:38:04.720Z
1016182_20210822_130131,108745,40.308838,-124.432373,8.438,396.4,1513.2,-2866.2,1.8,4.6,3.3,2021,8,22,13,1,32.01,0.0,2,5,4,29,0.009,0.025,3,2021-08-22T13:01:32.010Z
1016182_20210920_225447,108746,40.309277,-124.433529,8.204,298.2,1562.0,-3100.6,1.2,3.4,1.8,2021,9,20,22,54,47.12,0.0,0,3,0,6,0.001,0.017,3,2021-09-20T22:54:47.120Z
1016182_20211129_105742,108747,40.306108,-124.432153,8.43,415.1,1210.0,-2874.6,2.4,3.2,2.8,2021,11,29,10,57,42.61,0.0,2,4,4,13,0.009,0.044,3,2021-11-29T10:57:42.610Z
1016182_20211129_194207,108748,40.306632,-124.432438,8.579,390.9,1268.3,-2725.2,1.2,3.6,2.1,2021,11,29,19,42,7.52,0.0,0,4,0,21,0.008,0.034,3,2021-11-29T19:42:07.520Z
1018595_20201125_074637,108906,40.275765,-124.492773,8.999,-4739.7,-2159.3,-2305.4,1.7,2.2,1.7,2020,11,25,7,46,37.49,0.0,1,3,7,10,0.004,0.015,3,2020-11-25T07:46:37.490Z
1018595_20220902_103900,108908,40.276375,-124.492887,8.83,-4749.4,-2091.5,-2474.6,1.3,1.8,2.2,2022,9,2,10,39,0.78,0.0,2,3,8,11,0.004,0.008,3,2022-09-02T10:39:00.780Z
1018595_20220903_001805,108911,40.277303,-124.493148,8.855,-4771.5,-1988.5,-2449.2,0.7,1.7,1.8,2022,9,3,0,18,5.47,0.0,1,4,5,19,0.001,0.03,3,2022-09-03T00:18:05.470Z
1018779_20210104_220623,109091,40.280632,-124.404036,14.041,2806.1,-1618.9,2738.2,2.2,3.3,3.9,2021,1,4,22,6,23.92,0.0,3,4,6,4,0.006,0.019,3,2021-01-04T22:06:23.920Z
1018779_20210123_223245,109092,40.280139,-124.402148,13.925,2966.7,-1673.6,2621.0,2.8,4.1,4.3,2021,1,23,22,32,45.32,0.0,2,3,4,2,0.017,0.036,3,2021-01-23T22:32:45.320Z
1018779_20210529_220748,109093,40.277482,-124.406885,14.37,2564.0,-1968.6,3065.3,2.4,3.5,5.7,2021,5,29,22,7,49.14,0.0,2,0,2,2,0.0,0.013,3,2021-05-29T22:07:49.140Z
1018779_20211205_193315,109094,40.277783,-124.406551,14.34,2592.3,-1935.2,3035.6,2.1,3.1,5.0,2021,12,5,19,33,15.6,0.0,2,0,2,2,0.0,0.013,3,2021-12-05T19:33:15.600Z
1016801_20210820_124300,109634,40.295471,-124.444718,16.633,-653.2,28.9,5328.9,4.6,8.1,6.1,2021,8,20,12,43,1.1,0.0,1,3,5,7,0.01,0.035,3,2021-08-20T12:43:01.100Z
1017433_20210915_122518,109759,40.284957,-124.478613,17.097,-3535.4,-1138.6,5793.0,2.7,4.8,3.9,2021,9,15,12,25,18.65,0.0,2,3,7,7,0.01,0.016,3,2021-09-15T12:25:18.650Z
1017433_20210917_183917,109760,40.274858,-124.483724,15.774,-3970.2,-2260.0,4469.9,2.6,5.2,3.7,2021,9,17,18,39,17.84,0.0,2,2,7,4,0.002,0.02,3,2021-09-17T18:39:17.840Z
1017433_20211106_130856,109763,40.275248,-124.480119,15.705,-3663.6,-2216.7,4400.5,2.0,3.9,3.1,2021,11,6,13,8,56.45,0.0,0,4,0,7,0.002,0.009,3,2021-11-06T13:08:56.450Z
1017433_20211119_212530,109764,40.274821,-124.481828,15.872,-3809.0,-2264.1,4567.6,2.6,4.8,3.3,2021,11,19,21,25,30.3,0.0,4,5,15,16,0.01,0.014,3,2021-11-19T21:25:30.300Z
1017433_20220710_234628,109765,40.285612,-124.477214,17.18,-3416.3,-1065.9,5875.9,2.1,3.3,3.2,2022,7,10,23,46,28.28,0.0,1,3,7,9,0.007,0.015,3,2022-07-10T23:46:28.280Z
1017433_20220821_022817,109766,40.286548,-124.477417,17.23,-3433.6,-961.9,5925.8,2.0,3.2,3.0,2022,8,21,2,28,17.26,0.0,1,3,7,9,0.006,0.014,3,2022-08-21T02:28:17.260Z
1017433_20221107_222257,109769,40.274504,-124.481665,15.924,-3795.2,-2299.3,4619.5,2.2,4.3,3.1,2022,11,7,22,22,57.36,0.0,4,5,15,17,0.007,0.014,3,2022-11-07T22:22:57.360Z
nc73876810,110319,40.2979,-124.445158,15.592,-690.5,298.7,4288.2,2.2,4.6,2.7,2023,4,23,3,48,36.78,1.34,11,26,11,19,0.01,0.018,3,2023-04-23T03:48:36.780Z
1016249,110343,40.300903,-124.405811,10.823,2654.8,632.1,-481.7,2.7,7.5,2.9,2023,2,27,0,14,11.34,1.57,0,0,3,10,-9.0,0.012,3,2023-02-27T00:14:11.340Z
1016783,110344,40.270972,-124.452344,14.408,-1301.8,-2691.5,3103.6,1.2,2.3,2.1,2023,3,19,5,41,40.88,0.92,6,22,11,18,0.009,0.022,3,2023-03-19T05:41:40.880Z
nc73873665,110349,40.292362,-124.466048,8.457,-2466.8,-316.3,-2847.5,2.1,2.4,3.3,2023,4,14,19,20,25.12,1.57,10,28,7,20,0.009,0.038,3,2023-04-14T19:20:25.120Z
nc73883011,110353,40.290194,-124.432365,10.329,397.2,-557.1,-975.3,2.8,4.7,4.1,2023,5,2,13,44,5.9,1.79,3,8,7,23,0.011,0.05,3,2023-05-02T13:44:05.900Z
1017134,110369,40.288546,-124.476017,9.996,-3314.5,-740.1,-1308.3,1.2,2.5,1.9,2023,4,1,7,44,57.72,1.31,14,18,29,42,0.009,0.034,3,2023-04-01T07:44:57.720Z
1018710,110377,40.296033,-124.409513,9.104,2340.1,91.3,-2200.5,0.5,1.2,0.6,2023,5,20,23,47,40.48,1.1,76,286,44,204,0.009,0.028,3,2023-05-20T23:47:40.480Z
1016488,110383,40.291895,-124.482511,8.709,-3866.6,-368.2,-2595.5,1.2,1.8,2.4,2023,3,7,12,11,57.73,1.17,6,61,26,75,0.009,0.02,3,2023-03-07T12:11:57.730Z
1015330,110421,40.297705,-124.452539,12.778,-1318.1,277.0,1473.5,1.2,2.2,2.1,2023,2,3,10,4,53.6,1.07,10,16,13,16,0.01,0.021,3,2023-02-03T10:04:53.600Z
nc73816421,110450,40.298995,-124.437085,14.815,-4.2,420.2,3510.4,1.3,1.8,2.2,2022,12,9,5,6,23.18,2.34,67,253,22,1,0.008,0.018,3,2022-12-09T05:06:23.180Z
1017628,110478,40.298893,-124.449805,9.054,-1085.6,408.9,-2250.1,1.1,3.2,2.9,2023,4,16,19,40,2.76,1.19,1,7,3,36,0.004,0.05,3,2023-04-16T19:40:02.760Z
nc73837866,110545,40.29963,-124.443123,11.783,-517.6,490.7,478.8,1.8,2.0,2.4,2023,1,26,19,34,21.88,1.51,22,47,17,18,0.009,0.032,3,2023-01-26T19:34:21.880Z
1016182,110548,40.307137,-124.435042,8.455,169.5,1324.3,-2849.2,0.7,2.5,1.4,2023,2,24,19,10,37.8,1.22,7,36,8,15,0.009,0.024,3,2023-02-24T19:10:37.800Z
1018595,110567,40.277193,-124.493856,8.878,-4831.7,-2000.7,-2426.2,0.4,1.1,0.7,2023,5,16,14,31,27.38,0.62,4,10,15,16,0.003,0.01,3,2023-05-16T14:31:27.380Z
1018779,110599,40.280151,-124.404338,14.093,2780.5,-1672.2,2788.7,1.6,2.9,3.3,2023,5,24,13,54,23.32,1.23,9,7,7,4,0.011,0.02,3,2023-05-24T13:54:23.320Z
1016801,110661,40.283142,-124.451937,15.555,-1267.0,-1340.1,4251.0,4.5,6.1,6.2,2023,3,20,2,26,25.6,1.09,1,3,9,10,0.01,0.043,3,2023-03-20T02:26:25.600Z
1017433,110696,40.275289,-124.481942,15.961,-3818.7,-2212.1,4656.5,2.1,3.8,3.1,2023,4,10,6,54,3.32,0.88,14,25,15,17,0.008,0.013,3,2023-04-10T06:54:03.320Z
1015529,110763,40.295085,-124.392708,13.039,3769.0,-14.0,1735.1,3.9,8.0,4.7,2023,2,8,10,13,5.86,1.0,0,0,6,1,-9.0,0.006,3,2023-02-08T10:13:05.860Z
nc73844826_20200216_094705,106142,40.497396,-124.327458,17.854,269.7,75.5,3.7,9.7,8.2,8.4,2020,2,16,9,47,5.05,0.0,5,5,0,0,0.008,-9.0,4,2020-02-16T09:47:05.050Z
nc73844826_20200412_043500,106144,40.496708,-124.332048,17.759,-119.3,-0.9,-91.5,14.8,11.7,24.8,2020,4,12,4,35,0.95,0.0,2,1,0,0,0.009,-9.0,4,2020-04-12T04:35:00.950Z
nc73844826_20200914_102302,106147,40.496753,-124.330697,17.818,-4.8,4.1,-32.4,4.5,3.3,4.5,2020,9,14,10,23,2.51,0.0,5,9,0,0,0.006,-9.0,4,2020-09-14T10:23:02.510Z
nc73844826_20210130_225738,106154,40.497656,-124.330599,17.769,3.4,104.4,-81.2,4.3,4.6,7.3,2021,1,30,22,57,38.84,0.0,5,10,0,0,0.007,-9.0,4,2021-01-30T22:57:38.840Z
nc73844826_20210202_172341,106155,40.497009,-124.329867,17.8,65.5,32.5,-50.2,11.5,12.2,13.8,2021,2,2,17,23,41.12,0.0,4,3,0,0,0.012,-9.0,4,2021-02-02T17:23:41.120Z
nc73844826_20210722_153557,106164,40.496753,-124.330208,17.855,36.6,4.1,5.2,6.4,2.5,5.3,2021,7,22,15,35,57.15,0.0,0,3,0,0,0.002,-9.0,4,2021-07-22T15:35:57.150Z
nc73844826_20211002_052338,106167,40.497021,-124.330501,17.819,11.7,33.9,-31.2,4.2,4.4,6.4,2021,10,2,5,23,38.34,0.0,1,6,0,0,0.005,-9.0,4,2021-10-02T05:23:38.340Z
nc73844826_20211003_113702,106168,40.497135,-124.330241,17.834,33.8,46.5,-15.6,5.9,4.5,6.4,2021,10,3,11,37,2.55,0.0,3,6,0,0,0.007,-9.0,4,2021-10-03T11:37:02.550Z
nc73844826_20211008_073049,106170,40.497298,-124.330607,17.775,2.8,64.6,-75.0,4.3,4.1,5.8,2021,10,8,7,30,49.16,0.0,7,11,0,0,0.006,-9.0,4,2021-10-08T07:30:49.160Z
nc73844826_20211012_122210,106171,40.497176,-124.33055,17.802,7.6,51.1,-48.0,4.6,3.9,7.3,2021,10,12,12,22,10.58,0.0,3,6,0,0,0.007,-9.0,4,2021-10-12T12:22:10.580Z
nc73844826_20211118_070520,106173,40.497188,-124.330697,17.813,-4.8,52.4,-36.7,3.7,3.0,6.2,2021,11,18,7,5,20.53,0.0,7,10,0,0,0.005,-9.0,4,2021-11-18T07:05:20.530Z
nc73844826_20211211_075235,106176,40.497119,-124.330688,17.821,-4.1,44.7,-29.1,3.7,4.3,4.6,2021,12,11,7,52,35.46,0.0,10,13,0,0,0.009,-9.0,4,2021-12-11T07:52:35.460Z
nc73844826_20211215_073828,106178,40.497396,-124.330615,17.796,2.1,75.5,-54.4,5.1,5.3,8.3,2021,12,15,7,38,28.9,0.0,3,8,0,0,0.008,-9.0,4,2021-12-15T07:38:28.900Z
nc73844826_20211223_191218,106186,40.496838,-124.330884,17.88,-20.7,13.6,29.7,2.9,3.1,3.3,2021,12,23,19,12,18.3,0.0,3,6,0,0,0.003,-9.0,4,2021-12-23T19:12:18.300Z
nc73844826_20211223_070019,106187,40.49611,-124.330721,17.9,-6.9,-67.3,49.7,6.1,5.8,7.1,2021,12,23,7,0,19.65,0.0,5,9,0,0,0.005,-9.0,4,2021-12-23T07:00:19.650Z
nc73844826_20211223_044617,106191,40.501799,-124.324951,17.523,482.2,564.3,-326.9,7.2,7.6,8.3,2021,12,23,4,46,17.67,0.0,1,1,0,0,0.0,-9.0,4,2021-12-23T04:46:17.670Z
nc73844826_20211225_031758,106193,40.49657,-124.331217,17.825,-49.0,-16.3,-24.6,4.5,4.1,3.4,2021,12,25,3,17,58.44,0.0,3,5,0,0,0.003,-9.0,4,2021-12-25T03:17:58.440Z
nc73844826_20211230_054827,106194,40.496696,-124.330705,17.835,-5.5,-2.3,-15.4,3.1,2.5,3.8,2021,12,30,5,48,27.46,0.0,8,9,0,0,0.005,-9.0,4,2021-12-30T05:48:27.460Z
nc73844826_20211231_132026,106196,40.496712,-124.330688,17.845,-4.1,-0.5,-5.1,4.0,3.3,4.4,2021,12,31,13,20,26.87,0.0,4,6,0,0,0.003,-9.0,4,2021-12-31T13:20:26.870Z
nc73844826_20211231_101516,106197,40.496688,-124.330876,17.896,-20.0,-3.2,45.6,3.4,3.7,5.3,2021,12,31,10,15,16.68,0.0,4,7,0,0,0.005,-9.0,4,2021-12-31T10:15:16.680Z
nc73844826_20220102_145427,106200,40.496464,-124.330672,17.871,-2.8,-28.0,21.1,4.5,3.5,4.7,2022,1,2,14,54,27.66,0.0,4,8,0,0,0.004,-9.0,4,2022-01-02T14:54:27.660Z
nc73844826_20220102_001225,106201,40.496501,-124.330754,17.869,-9.7,-23.9,19.3,4.6,4.2,4.9,2022,1,2,0,12,25.18,0.0,3,7,0,0,0.006,-9.0,4,2022-01-02T00:12:25.180Z
nc73844826_20220102_231220,106202,40.496484,-124.331226,17.81,-49.7,-25.8,-40.4,7.7,5.1,7.2,2022,1,2,23,12,21.0,0.0,4,5,0,0,0.007,-9.0,4,2022-01-02T23:12:21.000Z
nc73844826_20220107_030358,106204,40.496619,-124.330908,17.854,-22.8,-10.8,4.0,3.9,3.4,3.9,2022,1,7,3,3,58.94,0.0,2,6,0,0,0.005,-9.0,4,2022-01-07T03:03:58.940Z
nc73844826_20220116_030343,106208,40.496944,-124.330656,17.866,-1.4,25.3,16.1,4.5,2.7,4.6,2022,1,16,3,3,43.24,0.0,9,13,0,0,0.006,-9.0,4,2022-01-16T03:03:43.240Z
nc73844826_20220116_221506,106209,40.496757,-124.330623,17.865,1.4,4.5,14.7,4.9,3.7,4.5,2022,1,16,22,15,6.96,0.0,6,8,0,0,0.004,-9.0,4,2022-01-16T22:15:06.960Z
nc73844826_20220116_040953,106210,40.49679,-124.331063,17.831,-35.9,8.1,-19.4,5.1,4.2,4.7,2022,1,16,4,9,53.75,0.0,3,6,0,0,0.004,-9.0,4,2022-01-16T04:09:53.750Z
nc73844826_20220116_091739,106211,40.49635,-124.330933,17.867,-24.8,-40.7,17.0,4.7,4.4,5.6,2022,1,16,9,17,39.94,0.0,5,8,0,0,0.004,-9.0,4,2022-01-16T09:17:39.940Z
nc73844826_20220118_120724,106216,40.496631,-124.330615,17.889,2.1,-9.5,38.7,5.5,4.9,6.6,2022,1,18,12,7,24.91,0.0,6,10,0,0,0.006,-9.0,4,2022-01-18T12:07:24.910Z
nc73844826_20220118_032518,106217,40.496651,-124.33077,17.829,-11.0,-7.2,-20.6,3.3,2.9,3.6,2022,1,18,3,25,18.74,0.0,3,8,0,0,0.004,-9.0,4,2022-01-18T03:25:18.740Z
nc73844826_20220119_065458,106218,40.496525,-124.330729,17.913,-7.6,-21.2,63.1,3.1,3.4,5.9,2022,1,19,6,54,58.54,0.0,6,10,0,0,0.005,-9.0,4,2022-01-19T06:54:58.540Z
nc73844826_20220121_082627,106220,40.496338,-124.330729,17.888,-7.6,-42.0,38.2,5.4,4.2,5.8,2022,1,21,8,26,27.62,0.0,6,7,0,0,0.004,-9.0,4,2022-01-21T08:26:27.620Z
nc73844826_20220122_131817,106221,40.496741,-124.330615,17.822,2.1,2.7,-28.5,3.1,2.9,4.1,2022,1,22,13,18,17.78,0.0,6,8,0,0,0.005,-9.0,4,2022-01-22T13:18:17.780Z
nc73844826_20220123_141122,106223,40.496684,-124.330745,17.851,-9.0,-3.6,1.0,2.5,2.5,3.2,2022,1,23,14,11,22.26,0.0,6,7,0,0,0.005,-9.0,4,2022-01-23T14:11:22.260Z
nc73844826_20220128_183021,106225,40.497013,-124.330664,17.856,-2.1,33.0,6.2,4.4,3.8,4.6,2022,1,28,18,30,21.44,0.0,3,7,0,0,0.003,-9.0,4,2022-01-28T18:30:21.440Z
nc73844826_20220129_174753,106226,40.496549,-124.330859,17.827,-18.6,-18.5,-23.0,4.8,3.2,4.6,2022,1,29,17,47,53.32,0.0,5,8,0,0,0.005,-9.0,4,2022-01-29T17:47:53.320Z
nc73844826_20220131_093858,106227,40.497038,-124.3309,17.847,-22.1,35.7,-2.8,3.3,2.6,4.0,2022,1,31,9,38,58.34,0.0,8,12,0,0,0.006,-9.0,4,2022-01-31T09:38:58.340Z
nc73844826_20220202_222423,106229,40.497042,-124.330916,17.834,-23.5,36.1,-16.0,4.0,4.3,5.8,2022,2,2,22,24,23.44,0.0,2,7,0,0,0.004,-9.0,4,2022-02-02T22:24:23.440Z
nc73844826_20220203_020331,106230,40.496627,-124.330794,17.845,-13.1,-9.9,-4.9,3.7,3.1,4.1,2022,2,3,2,3,31.06,0.0,5,6,0,0,0.003,-9.0,4,2022-02-03T02:03:31.060Z
nc73844826_20220203_084022,106231,40.496155,-124.330794,17.894,-13.1,-62.4,44.4,5.3,5.5,6.9,2022,2,3,8,40,22.79,0.0,6,8,0,0,0.005,-9.0,4,2022-02-03T08:40:22.790Z
nc73844826_20220203_083707,106232,40.496501,-124.330827,17.846,-15.9,-23.9,-4.0,3.7,3.6,4.2,2022,2,3,8,37,7.51,0.0,1,4,0,0,0.004,-9.0,4,2022-02-03T08:37:07.510Z
nc73844826_20220206_115537,106234,40.496639,-124.330843,17.848,-17.2,-8.6,-1.7,2.9,2.4,3.1,2022,2,6,11,55,37.92,0.0,4,6,0,0,0.002,-9.0,4,2022-02-06T11:55:37.920Z
nc73844826_20220212_005157,106235,40.496777,-124.331047,17.882,-34.5,6.8,32.3,4.0,3.2,4.3,2022,2,12,0,51,57.08,0.0,5,7,0,0,0.005,-9.0,4,2022-02-12T00:51:57.080Z
nc73844826_20220214_164346,106239,40.496692,-124.330802,17.857,-13.8,-2.7,7.3,3.0,2.6,3.1,2022,2,14,16,43,46.92,0.0,5,8,0,0,0.003,-9.0,4,2022-02-14T16:43:46.920Z
nc73844826_20220214_223221,106240,40.496647,-124.330835,17.853,-16.6,-7.7,2.6,3.5,2.9,3.8,2022,2,14,22,32,21.62,0.0,3,8,0,0,0.003,-9.0,4,2022-02-14T22:32:21.620Z
nc73844826_20220214_212422,106241,40.496672,-124.330876,17.843,-20.0,-5.0,-7.5,3.9,2.7,3.0,2022,2,14,21,24,22.54,0.0,4,7,0,0,0.003,-9.0,4,2022-02-14T21:24:22.540Z
nc73844826_20220214_153537,106242,40.496635,-124.330908,17.838,-22.8,-9.0,-11.6,3.7,2.4,3.3,2022,2,14,15,35,37.44,0.0,5,7,0,0,0.004,-9.0,4,2022-02-14T15:35:37.440Z
nc73844826_20220215_032439,106243,40.496354,-124.330762,17.906,-10.3,-40.2,56.2,4.2,4.0,6.0,2022,2,15,3,24,39.82,0.0,8,13,0,0,0.006,-9.0,4,2022-02-15T03:24:39.820Z
nc73844826_20220220_091222,106244,40.496208,-124.330648,17.87,-0.7,-56.5,19.7,5.3,4.8,5.1,2022,2,20,9,12,22.29,0.0,6,9,0,0,0.005,-9.0,4,2022-02-20T09:12:22.290Z
nc73844826_20220221_154058,106247,40.496619,-124.330827,17.815,-15.9,-10.8,-35.1,3.7,3.6,4.5,2022,2,21,15,40,58.54,0.0,4,7,0,0,0.003,-9.0,4,2022-02-21T15:40:58.540Z
nc73844826_20220221_125443,106248,40.49668,-124.33055,17.856,7.6,-4.1,6.4,4.0,3.8,5.5,2022,2,21,12,54,43.62,0.0,4,5,0,0,0.004,-9.0,4,2022-02-21T12:54:43.620Z
nc73844826_20220226_050441,106251,40.496472,-124.330835,17.903,-16.6,-27.1,52.5,3.7,3.9,6.3,2022,2,26,5,4,41.16,0.0,6,11,0,0,0.005,-9.0,4,2022-02-26T05:04:41.160Z
nc73844826_20220226_124018,106252,40.496631,-124.330843,17.857,-17.2,-9.5,6.7,3.1,2.3,3.2,2022,2,26,12,40,18.54,0.0,5,11,0,0,0.003,-9.0,4,2022-02-26T12:40:18.540Z
nc73844826_20220227_193749,106254,40.496452,-124.330859,17.889,-18.6,-29.4,38.7,4.5,3.8,5.8,2022,2,27,19,37,49.38,0.0,7,11,0,0,0.004,-9.0,4,2022-02-27T19:37:49.380Z
nc73844826_20220228_034220,106255,40.496928,-124.330859,17.799,-18.6,23.5,-51.5,3.8,4.4,6.5,2022,2,28,3,42,20.26,0.0,5,7,0,0,0.005,-9.0,4,2022-02-28T03:42:20.260Z
nc73844826_20220301_010435,106257,40.496924,-124.330786,17.86,-12.4,23.0,10.2,5.6,4.8,5.8,2022,3,1,1,4,35.5,0.0,11,14,0,0,0.007,-9.0,4,2022-03-01T01:04:35.500Z
nc73844826_20220301_043333,106258,40.496598,-124.330713,17.864,-6.2,-13.1,14.2,3.7,3.5,4.3,2022,3,1,4,33,33.32,0.0,5,8,0,0,0.004,-9.0,4,2022-03-01T04:33:33.320Z
nc73844826_20220302_021941,106259,40.497209,-124.330509,17.829,11.0,54.7,-20.7,5.0,5.0,4.2,2022,3,2,2,19,41.56,0.0,2,4,0,0,0.006,-9.0,4,2022-03-02T02:19:41.560Z
nc73844826_20220304_231606,106264,40.496834,-124.330737,17.873,-8.3,13.1,23.1,3.5,3.3,3.6,2022,3,4,23,16,6.44,0.0,2,6,0,0,0.004,-9.0,4,2022-03-04T23:16:06.440Z
nc73844826_20220308_171220,106265,40.496493,-124.330827,17.902,-15.9,-24.9,52.2,5.2,4.7,5.4,2022,3,8,17,12,20.84,0.0,6,9,0,0,0.006,-9.0,4,2022-03-08T17:12:20.840Z
nc73844826_20220327_071102,106270,40.496554,-124.330697,17.845,-4.8,-18.1,-4.5,3.8,3.7,5.2,2022,3,27,7,11,2.9,0.0,4,7,0,0,0.004,-9.0,4,2022-03-27T07:11:02.900Z
nc73844826_20220401_063138,106271,40.496631,-124.330811,17.855,-14.5,-9.5,5.1,3.6,3.1,4.2,2022,4,1,6,31,38.08,0.0,10,13,0,0,0.006,-9.0,4,2022-04-01T06:31:38.080Z
nc73844826_20220401_073743,106272,40.496639,-124.33055,17.841,7.6,-8.6,-9.2,4.5,4.0,4.2,2022,4,1,7,37,43.9,0.0,4,5,0,0,0.005,-9.0,4,2022-04-01T07:37:43.900Z
nc73844826_20220401_070851,106273,40.496639,-124.330623,17.855,1.4,-8.6,5.2,4.0,4.0,5.2,2022,4,1,7,8,51.38,0.0,2,5,0,0,0.004,-9.0,4,2022-04-01T07:08:51.380Z
nc73844826_20220402_021650,106275,40.496676,-124.330843,17.853,-17.2,-4.5,2.6,4.1,3.4,4.8,2022,4,2,2,16,50.2,0.0,10,14,0,0,0.005,-9.0,4,2022-04-02T02:16:50.200Z
nc73844826_20220407_124634,106276,40.496969,-124.330859,17.82,-18.6,28.0,-29.8,4.0,4.4,6.0,2022,4,7,12,46,34.8,0.0,3,7,0,0,0.005,-9.0,4,2022-04-07T12:46:34.800Z
nc73844826_20220415_235212,106278,40.496814,-124.330859,17.845,-18.6,10.8,-5.2,3.9,3.6,5.0,2022,4,15,23,52,12.4,0.0,3,9,0,0,0.002,-9.0,4,2022-04-15T23:52:12.400Z
nc73844826_20220425_111809,106280,40.496448,-124.330811,17.883,-14.5,-29.8,32.6,3.6,3.6,5.4,2022,4,25,11,18,9.7,0.0,3,7,0,0,0.004,-9.0,4,2022-04-25T11:18:09.700Z
nc73844826_20220428_173558,106281,40.496859,-124.330786,17.85,-12.4,15.8,-0.1,3.8,2.7,4.8,2022,4,28,17,35,58.9,0.0,8,10,0,0,0.007,-9.0,4,2022-04-28T17:35:58.900Z
nc73844826_20220429_081325,106282,40.496855,-124.330737,17.865,-8.3,15.4,15.4,5.0,3.2,5.3,2022,4,29,8,13,25.73,0.0,7,12,0,0,0.006,-9.0,4,2022-04-29T08:13:25.730Z
nc73844826_20220502_065503,106283,40.496899,-124.330737,17.873,-8.3,20.3,23.2,4.7,3.9,5.2,2022,5,2,6,55,3.45,0.0,6,9,0,0,0.006,-9.0,4,2022-05-02T06:55:03.450Z
nc73844826_20220507_223903,106284,40.496777,-124.330924,17.833,-24.1,6.8,-17.2,2.8,2.6,4.8,2022,5,7,22,39,3.0,0.0,1,4,0,0,0.002,-9.0,4,2022-05-07T22:39:03.000Z
nc73844826_20220510_085016,106286,40.496806,-124.330851,17.871,-17.9,9.9,20.8,3.4,3.2,3.8,2022,5,10,8,50,16.2,0.0,6,9,0,0,0.005,-9.0,4,2022-05-10T08:50:16.200Z
nc73844826_20220510_004141,106287,40.496684,-124.330501,17.865,11.7,-3.6,15.3,3.9,4.2,4.9,2022,5,10,0,41,41.36,0.0,4,7,0,0,0.005,-9.0,4,2022-05-10T00:41:41.360Z
nc73844826_20220510_144445,106288,40.496708,-124.330615,17.875,2.1,-0.9,24.5,3.2,3.8,5.5,2022,5,10,14,44,45.48,0.0,4,6,0,0,0.004,-9.0,4,2022-05-10T14:44:45.480Z
nc73844826_20220512_013043,106290,40.496606,-124.330664,17.842,-2.1,-12.2,-7.7,3.1,2.9,3.4,2022,5,12,1,30,43.08,0.0,4,6,0,0,0.004,-9.0,4,2022-05-12T01:30:43.080Z
nc73844826_20220512_080613,106291,40.496216,-124.330745,17.873,-9.0,-55.6,23.3,5.7,4.8,5.0,2022,5,12,8,6,13.21,0.0,8,12,0,0,0.005,-9.0,4,2022-05-12T08:06:13.210Z
nc73844826_20220514_190330,106293,40.496647,-124.330941,17.83,-25.5,-7.7,-20.2,5.1,3.3,4.4,2022,5,14,19,3,30.08,0.0,7,10,0,0,0.005,-9.0,4,2022-05-14T19:03:30.080Z
nc73844826_20220515_011212,106294,40.496659,-124.330835,17.863,-16.6,-6.3,12.9,3.3,2.8,3.4,2022,5,15,1,12,12.6,0.0,2,6,0,0,0.003,-9.0,4,2022-05-15T01:12:12.600Z
nc73844826_20220515_123843,106295,40.496521,-124.330957,17.853,-26.9,-21.7,3.0,3.0,3.4,4.4,2022,5,15,12,38,43.24,0.0,4,6,0,0,0.004,-9.0,4,2022-05-15T12:38:43.240Z
nc73844826_20220515_030852,106296,40.496696,-124.330924,17.829,-24.1,-2.3,-21.0,2.6,2.5,4.5,2022,5,15,3,8,52.3,0.0,1,6,0,0,0.004,-9.0,4,2022-05-15T03:08:52.300Z
nc73844826_20220516_171516,106297,40.496912,-124.330916,17.813,-23.5,21.7,-37.3,4.6,3.9,5.5,2022,5,16,17,15,16.94,0.0,9,12,0,0,0.006,-9.0,4,2022-05-16T17:15:16.940Z
nc73844826_20220520_210841,106298,40.496781,-124.330924,17.877,-24.1,7.2,26.6,3.8,2.7,3.8,2022,5,20,21,8,41.22,0.0,3,7,0,0,0.004,-9.0,4,2022-05-20T21:08:41.220Z
nc73844826_20220521_012436,106299,40.496757,-124.330534,17.9,9.0,4.5,50.4,6.8,4.7,6.9,2022,5,21,1,24,36.56,0.0,4,6,0,0,0.006,-9.0,4,2022-05-21T01:24:36.560Z
nc73844826_20220521_194849,106300,40.496476,-124.331104,17.831,-39.3,-26.7,-18.8,4.9,4.0,3.7,2022,5,21,19,48,49.2,0.0,5,6,0,0,0.005,-9.0,4,2022-05-21T19:48:49.200Z
nc73844826_20220527_123231,106302,40.496541,-124.330713,17.852,-6.2,-19.4,1.7,3.3,3.3,3.8,2022,5,27,12,32,31.14,0.0,6,9,0,0,0.005,-9.0,4,2022-05-27T12:32:31.140Z
nc73844826_20220528_052002,106304,40.496834,-124.330868,17.885,-19.3,13.1,34.9,3.1,3.1,4.6,2022,5,28,5,20,2.78,0.0,1,6,0,0,0.004,-9.0,4,2022-05-28T05:20:02.780Z
nc73844826_20220530_132012,106305,40.497038,-124.33103,17.835,-33.1,35.7,-15.0,4.1,2.9,4.3,2022,5,30,13,20,12.26,0.0,5,7,0,0,0.004,-9.0,4,2022-05-30T13:20:12.260Z
nc73844826_20220601_023926,106306,40.496875,-124.330713,17.882,-6.2,17.6,32.2,4.5,3.1,4.9,2022,6,1,2,39,26.76,0.0,1,3,0,0,0.003,-9.0,4,2022-06-01T02:39:26.760Z
nc73844826_20220606_092914,106307,40.49657,-124.330705,17.875,-5.5,-16.3,25.4,2.9,3.2,5.3,2022,6,6,9,29,14.76,0.0,7,8,0,0,0.005,-9.0,4,2022-06-06T09:29:14.760Z
nc73844826_20220606_051425,106308,40.496814,-124.330876,17.874,-20.0,10.8,23.5,3.0,3.0,3.8,2022,6,6,5,14,25.9,0.0,4,5,0,0,0.002,-9.0,4,2022-06-06T05:14:25.900Z
nc73844826_20220608_125900,106310,40.496667,-124.331112,17.856,-40.0,-5.4,6.0,5.7,3.9,5.2,2022,6,8,12,59,0.07,0.0,1,3,0,0,0.005,-9.0,4,2022-06-08T12:59:00.070Z
nc73844826_20220609_084836,106311,40.496643,-124.331283,17.869,-54.5,-8.1,19.1,5.6,3.9,6.0,2022,6,9,8,48,36.87,0.0,1,3,0,0,0.005,-9.0,4,2022-06-09T08:48:36.870Z
nc73844826_20220612_142716,106312,40.496558,-124.330868,17.833,-19.3,-17.6,-16.9,3.4,3.0,2.9,2022,6,12,14,27,16.56,0.0,3,4,0,0,0.003,-9.0,4,2022-06-12T14:27:16.560Z
nc73844826_20220613_030620,106313,40.496509,-124.330835,17.908,-16.6,-23.0,58.4,3.5,3.9,6.0,2022,6,13,3,6,20.36,0.0,5,8,0,0,0.003,-9.0,4,2022-06-13T03:06:20.360Z
nc73844826_20220613_232535,106314,40.49657,-124.330859,17.907,-18.6,-16.3,56.9,3.3,4.2,5.7,2022,6,13,23,25,35.04,0.0,3,5,0,0,0.004,-9.0,4,2022-06-13T23:25:35.040Z
nc73844826_20220615_094117,106315,40.4967,-124.330827,17.923,-15.9,-1.8,73.1,5.0,3.9,6.7,2022,6,15,9,41,17.6,0.0,5,9,0,0,0.005,-9.0,4,2022-06-15T09:41:17.600Z
nc73844826_20220615_154511,106316,40.496562,-124.33077,17.873,-11.0,-17.2,22.6,3.4,4.1,5.4,2022,6,15,15,45,11.83,0.0,4,7,0,0,0.005,-9.0,4,2022-06-15T15:45:11.830Z
nc73844826_20220615_043441,106317,40.496627,-124.330786,17.891,-12.4,-9.9,41.1,4.3,4.1,5.1,2022,6,15,4,34,41.94,0.0,5,8,0,0,0.005,-9.0,4,2022-06-15T04:34:41.940Z
nc73844826_20220616_124144,106320,40.496383,-124.331494,17.873,-72.4,-37.1,23.3,5.6,6.3,5.1,2022,6,16,12,41,44.73,0.0,4,6,0,0,0.006,-9.0,4,2022-06-16T12:41:44.730Z
nc73844826_20220616_174727,106321,40.496753,-124.330851,17.895,-17.9,4.1,44.6,3.2,2.4,6.3,2022,6,16,17,47,27.64,0.0,2,4,0,0,0.005,-9.0,4,2022-06-16T17:47:27.640Z
nc73844826_20220617_013431,106322,40.496525,-124.330884,17.917,-20.7,-21.2,66.8,4.8,3.2,6.0,2022,6,17,1,34,31.52,0.0,10,12,0,0,0.004,-9.0,4,2022-06-17T01:34:31.520Z
nc73844826_20220617_093954,106323,40.496407,-124.3309,17.861,-22.1,-34.3,11.4,4.1,3.4,4.2,2022,6,17,9,39,54.28,0.0,5,9,0,0,0.005,-9.0,4,2022-06-17T09:39:54.280Z
nc73844826_20220617_144941,106326,40.496663,-124.330981,17.881,-29.0,-5.9,31.0,3.5,2.9,5.1,2022,6,17,14,49,41.98,0.0,2,4,0,0,0.004,-9.0,4,2022-06-17T14:49:41.980Z
nc73844826_20220617_081103,106327,40.496851,-124.330868,17.879,-19.3,14.9,28.8,4.7,3.3,5.1,2022,6,17,8,11,3.84,0.0,1,3,0,0,0.004,-9.0,4,2022-06-17T08:11:03.840Z
nc73844826_20220618_050808,106328,40.496838,-124.330908,17.903,-22.8,13.6,53.3,5.2,3.6,5.5,2022,6,18,5,8,8.57,0.0,7,12,0,0,0.005,-9.0,4,2022-06-18T05:08:08.570Z
nc73844826_20220618_082536,106329,40.496554,-124.330868,17.924,-19.3,-18.1,73.7,4.9,3.3,6.3,2022,6,18,8,25,36.84,0.0,7,9,0,0,0.005,-9.0,4,2022-06-18T08:25:36.840Z
nc73844826_20220618_163604,106330,40.496684,-124.330973,17.855,-28.3,-3.6,5.0,4.5,4.3,5.3,2022,6,18,16,36,4.93,0.0,3,5,0,0,0.007,-9.0,4,2022-06-18T16:36:04.930Z
nc73844826_20220618_154108,106331,40.496631,-124.331136,17.857,-42.1,-9.5,7.0,5.8,3.9,4.6,2022,6,18,15,41,8.69,0.0,2,5,0,0,0.004,-9.0,4,2022-06-18T15:41:08.690Z
nc73844826_20220618_143021,106332,40.49681,-124.33077,17.901,-11.0,10.4,50.6,4.4,4.4,6.3,2022,6,18,14,30,21.24,0.0,2,3,0,0,0.004,-9.0,4,2022-06-18T14:30:21.240Z
nc73844826_20220620_084439,106333,40.496476,-124.330876,17.9,-20.0,-26.7,49.6,4.3,2.8,5.3,2022,6,20,8,44,39.06,0.0,8,11,0,0,0.006,-9.0,4,2022-06-20T08:44:39.060Z
nc73844826_20220620_041159,106334,40.496501,-124.330973,17.845,-28.3,-23.9,-5.5,4.1,4.0,5.3,2022,6,20,4,11,59.28,0.0,2,4,0,0,0.004,-9.0,4,2022-06-20T04:11:59.280Z
nc73844826_20220620_032605,106335,40.496761,-124.330518,17.852,10.3,5.0,2.0,4.4,3.0,5.1,2022,6,20,3,26,5.12,0.0,2,3,0,0,0.004,-9.0,4,2022-06-20T03:26:05.120Z
nc73844826_20220621_074644,106336,40.496615,-124.330794,17.916,-13.1,-11.3,65.8,3.7,3.1,5.6,2022,6,21,7,46,44.74,0.0,5,9,0,0,0.004,-9.0,4,2022-06-21T07:46:44.740Z
nc73844826_20220621_043116,106337,40.49659,-124.330623,17.85,1.4,-14.0,-0.4,3.1,2.5,3.3,2022,6,21,4,31,16.52,0.0,5,9,0,0,0.005,-9.0,4,2022-06-21T04:31:16.520Z
nc73844826_20220623_143149,106338,40.496647,-124.330973,17.857,-28.3,-7.7,6.8,3.4,2.6,3.2,2022,6,23,14,31,49.88,0.0,4,8,0,0,0.004,-9.0,4,2022-06-23T14:31:49.880Z
nc73844826_20220624_020409,106339,40.496667,-124.330485,17.878,13.1,-5.4,28.1,4.2,3.7,4.6,2022,6,24,2,4,9.04,0.0,1,4,0,0,0.003,-9.0,4,2022-06-24T02:04:09.040Z
nc73844826_20220624_225645,106340,40.496444,-124.331095,17.847,-38.6,-30.3,-2.5,4.3,4.3,4.1,2022,6,24,22,56,45.96,0.0,2,5,0,0,0.005,-9.0,4,2022-06-24T22:56:45.960Z
nc73844826_20220625_185646,106341,40.496533,-124.330851,17.856,-17.9,-20.3,5.6,3.9,3.3,4.0,2022,6,25,18,56,46.68,0.0,5,7,0,0,0.004,-9.0,4,2022-06-25T18:56:46.680Z
nc73844826_20220627_123349,106342,40.496655,-124.330623,17.881,1.4,-6.8,31.2,3.0,3.3,5.0,2022,6,27,12,33,49.88,0.0,3,6,0,0,0.003,-9.0,4,2022-06-27T12:33:49.880Z
nc73844826_20220702_222204,106343,40.496688,-124.330949,17.902,-26.2,-3.2,51.5,3.4,3.0,5.0,2022,7,2,22,22,4.26,0.0,6,11,0,0,0.005,-9.0,4,2022-07-02T22:22:04.260Z
nc73844826_20220703_131000,106344,40.496794,-124.330876,17.882,-20.0,8.6,31.6,5.9,3.9,5.0,2022,7,3,13,10,0.77,0.0,2,2,0,0,0.003,-9.0,4,2022-07-03T13:10:00.770Z
nc73844826_20220705_145520,106345,40.496757,-124.330981,17.833,-29.0,4.5,-16.9,3.3,2.8,4.3,2022,7,5,14,55,20.38,0.0,5,8,0,0,0.003,-9.0,4,2022-07-05T14:55:20.380Z
nc73844826_20220705_160501,106347,40.496842,-124.330819,17.877,-15.2,14.0,26.9,3.7,2.7,4.3,2022,7,5,16,5,1.48,0.0,3,8,0,0,0.003,-9.0,4,2022-07-05T16:05:01.480Z
nc73844826_20220707_065426,106350,40.49646,-124.330697,17.863,-4.8,-28.5,12.6,4.5,3.2,5.1,2022,7,7,6,54,26.12,0.0,10,12,0,0,0.005,-9.0,4,2022-07-07T06:54:26.120Z
nc73844826_20220707_024446,106351,40.496704,-124.331144,17.845,-42.8,-1.4,-4.7,2.9,2.6,3.9,2022,7,7,2,44,46.46,0.0,3,5,0,0,0.003,-9.0,4,2022-07-07T02:44:46.460Z
nc73844826_20220707_055640,106352,40.496769,-124.330705,17.864,-5.5,5.9,13.9,5.1,4.0,4.2,2022,7,7,5,56,40.01,0.0,4,5,0,0,0.005,-9.0,4,2022-07-07T05:56:40.010Z
nc73844826_20220707_080700,106353,40.496676,-124.33077,17.847,-11.0,-4.5,-3.3,3.6,2.6,3.9,2022,7,7,8,7,0.84,0.0,4,5,0,0,0.005,-9.0,4,2022-07-07T08:07:00.840Z
nc73844826_20220708_044511,106354,40.496639,-124.331014,17.854,-31.7,-8.6,3.9,3.2,2.7,3.2,2022,7,8,4,45,11.94,0.0,4,7,0,0,0.004,-9.0,4,2022-07-08T04:45:11.940Z
nc73844826_20220708_120548,106355,40.496798,-124.331055,17.875,-35.2,9.0,25.4,4.5,3.3,4.6,2022,7,8,12,5,48.04,0.0,2,4,0,0,0.002,-9.0,4,2022-07-08T12:05:48.040Z
nc73844826_20220713_213445,106357,40.496659,-124.331217,17.84,-49.0,-6.3,-10.0,3.8,2.8,3.9,2022,7,13,21,34,45.1,0.0,3,7,0,0,0.003,-9.0,4,2022-07-13T21:34:45.100Z
nc73844826_20220715_093139,106359,40.496139,-124.330778,17.928,-11.7,-64.2,77.7,5.4,5.9,8.5,2022,7,15,9,31,39.12,0.0,4,6,0,0,0.005,-9.0,4,2022-07-15T09:31:39.120Z
nc73844826_20220716_045530,106360,40.496574,-124.330721,17.894,-6.9,-15.8,43.7,3.6,3.8,5.1,2022,7,16,4,55,30.7,0.0,3,6,0,0,0.003,-9.0,4,2022-07-16T04:55:30.700Z
nc73844826_20220719_170848,106361,40.496834,-124.331844,17.839,-102.1,13.1,-11.1,6.4,5.7,6.0,2022,7,19,17,8,48.16,0.0,2,5,0,0,0.003,-9.0,4,2022-07-19T17:08:48.160Z
nc73844826_20220726_002821,106362,40.496692,-124.330615,17.855,2.1,-2.7,4.9,2.9,2.8,3.8,2022,7,26,0,28,21.18,0.0,7,11,0,0,0.004,-9.0,4,2022-07-26T00:28:21.180Z
nc73844826_20220726_112340,106363,40.496692,-124.330981,17.843,-29.0,-2.7,-7.0,2.6,2.5,3.6,2022,7,26,11,23,40.86,0.0,4,5,0,0,0.004,-9.0,4,2022-07-26T11:23:40.860Z
nc73844826_20220726_221523,106364,40.496737,-124.331104,17.868,-39.3,2.3,18.1,3.7,2.7,3.3,2022,7,26,22,15,23.8,0.0,2,5,0,0,0.002,-9.0,4,2022-07-26T22:15:23.800Z
nc73844826_20220727_232502,106365,40.496647,-124.330542,17.885,8.3,-7.7,34.8,3.9,3.9,6.0,2022,7,27,23,25,2.52,0.0,3,7,0,0,0.003,-9.0,4,2022-07-27T23:25:02.520Z
nc73844826_20220728_020512,106367,40.496781,-124.330843,17.868,-17.2,7.2,18.1,2.8,2.5,3.7,2022,7,28,2,5,12.12,0.0,9,12,0,0,0.004,-9.0,4,2022-07-28T02:05:12.120Z
nc73844826_20220728_030630,106368,40.49683,-124.330868,17.868,-19.3,12.7,18.3,3.1,2.8,2.9,2022,7,28,3,6,30.9,0.0,5,8,0,0,0.002,-9.0,4,2022-07-28T03:06:30.900Z
nc73844826_20220728_151321,106369,40.496322,-124.330583,17.892,4.8,-43.8,41.7,5.1,4.9,7.3,2022,7,28,15,13,21.48,0.0,6,9,0,0,0.004,-9.0,4,2022-07-28T15:13:21.480Z
nc73844826_20220728_053216,106370,40.496497,-124.330892,17.816,-21.4,-24.4,-34.4,3.0,2.9,3.4,2022,7,28,5,32,16.18,0.0,5,5,0,0,0.004,-9.0,4,2022-07-28T05:32:16.180Z
nc73844826_20220728_031144,106371,40.496696,-124.330534,17.88,9.0,-2.3,30.1,3.0,3.4,5.4,2022,7,28,3,11,44.02,0.0,0,5,0,0,0.003,-9.0,4,2022-07-28T03:11:44.020Z
nc73844826_20220728_205733,106372,40.496635,-124.330721,17.871,-6.9,-9.0,21.3,4.1,3.5,4.7,2022,7,28,20,57,33.5,0.0,2,4,0,0,0.003,-9.0,4,2022-07-28T20:57:33.500Z
nc73844826_20220801_180754,106374,40.496716,-124.330754,17.868,-9.7,0.0,18.0,4.3,3.4,3.8,2022,8,1,18,7,54.16,0.0,5,11,0,0,0.005,-9.0,4,2022-08-01T18:07:54.160Z
nc73844826_20220802_012623,106376,40.496464,-124.330819,17.845,-15.2,-28.0,-5.3,4.8,4.1,4.6,2022,8,2,1,26,23.9,0.0,6,9,0,0,0.005,-9.0,4,2022-08-02T01:26:23.900Z
nc73844826_20220805_170240,106379,40.496493,-124.330835,17.825,-16.6,-24.9,-24.9,5.6,4.3,5.0,2022,8,5,17,2,41.0,0.0,6,9,0,0,0.004,-9.0,4,2022-08-05T17:02:41.000Z
nc73844826_20220805_103930,106380,40.496818,-124.330575,17.855,5.5,11.3,5.0,5.0,3.5,4.2,2022,8,5,10,39,30.17,0.0,4,5,0,0,0.004,-9.0,4,2022-08-05T10:39:30.170Z
nc73844826_20220810_055542,106381,40.497074,-124.330599,17.862,3.4,39.8,12.0,4.6,4.9,4.8,2022,8,10,5,55,42.06,0.0,5,6,0,0,0.004,-9.0,4,2022-08-10T05:55:42.060Z
nc73844826_20220812_155626,106383,40.49681,-124.330754,17.885,-9.7,10.4,34.7,4.3,4.1,5.2,2022,8,12,15,56,26.8,0.0,3,8,0,0,0.004,-9.0,4,2022-08-12T15:56:26.800Z
nc73844826_20220814_091002,106384,40.496855,-124.330526,17.872,9.7,15.4,21.9,4.2,3.2,3.9,2022,8,14,9,10,2.81,0.0,5,8,0,0,0.004,-9.0,4,2022-08-14T09:10:02.810Z
nc73844826_20220814_221632,106385,40.496826,-124.330892,17.872,-21.4,12.2,21.9,3.0,2.9,3.2,2022,8,14,22,16,32.64,0.0,3,6,0,0,0.002,-9.0,4,2022-08-14T22:16:32.640Z
nc73844826_20220814_093244,106386,40.496252,-124.330794,17.848,-13.1,-51.5,-2.3,4.0,3.5,5.2,2022,8,14,9,32,44.82,0.0,5,8,0,0,0.005,-9.0,4,2022-08-14T09:32:44.820Z
nc73844826_20220816_093402,106388,40.496952,-124.330778,17.858,-11.7,26.2,7.8,4.7,4.0,4.8,2022,8,16,9,34,2.84,0.0,7,13,0,0,0.006,-9.0,4,2022-08-16T09:34:02.840Z
nc73844826_20220818_053457,106390,40.496513,-124.33055,17.888,7.6,-22.6,37.7,4.2,3.3,4.6,2022,8,18,5,34,57.14,0.0,6,12,0,0,0.004,-9.0,4,2022-08-18T05:34:57.140Z
nc73844826_20220818_085250,106391,40.496692,-124.330868,17.863,-19.3,-2.7,12.8,3.4,2.9,4.0,2022,8,18,8,52,50.76,0.0,0,4,0,0,0.003,-9.0,4,2022-08-18T08:52:50.760Z
nc73844826_20220823_132204,106393,40.496794,-124.330965,17.867,-27.6,8.6,17.1,2.9,2.3,3.2,2022,8,23,13,22,4.4,0.0,2,6,0,0,0.002,-9.0,4,2022-08-23T13:22:04.400Z
nc73844826_20220823_130826,106394,40.496676,-124.330876,17.851,-20.0,-4.5,1.1,4.8,3.2,4.3,2022,8,23,13,8,26.4,0.0,2,5,0,0,0.005,-9.0,4,2022-08-23T13:08:26.400Z
nc73844826_20220825_002952,106397,40.496387,-124.330819,17.848,-15.2,-36.6,-1.6,4.8,3.2,4.2,2022,8,25,0,29,52.81,0.0,9,10,0,0,0.005,-9.0,4,2022-08-25T00:29:52.810Z
nc73844826_20220826_234316,106398,40.496615,-124.33064,17.919,0.0,-11.3,69.1,5.2,4.0,6.8,2022,8,26,23,43,16.64,0.0,5,7,0,0,0.006,-9.0,4,2022-08-26T23:43:16.640Z
nc73844826_20220827_053523,106399,40.496708,-124.330534,17.838,9.0,-0.9,-12.3,2.7,2.4,3.2,2022,8,27,5,35,23.34,0.0,3,5,0,0,0.004,-9.0,4,2022-08-27T05:35:23.340Z
nc73844826_20220828_160459,106400,40.496908,-124.330827,17.825,-15.9,21.2,-25.3,3.7,3.7,4.7,2022,8,28,16,4,59.98,0.0,8,9,0,0,0.006,-9.0,4,2022-08-28T16:04:59.980Z
nc73844826_20220831_112031,106401,40.496973,-124.330876,17.86,-20.0,28.5,9.9,5.2,4.3,4.6,2022,8,31,11,20,31.61,0.0,5,8,0,0,0.004,-9.0,4,2022-08-31T11:20:31.610Z
nc73844826_20220902_163106,106403,40.492533,-124.329167,17.402,124.9,-464.5,-448.4,9.4,5.5,7.7,2022,9,2,16,31,6.75,0.0,4,1,0,0,0.01,-9.0,4,2022-09-02T16:31:06.750Z
nc73844826_20220904_014400,106404,40.496749,-124.330412,17.869,19.3,3.6,18.9,3.6,3.5,4.7,2022,9,4,1,44,0.5,0.0,0,4,0,0,0.003,-9.0,4,2022-09-04T01:44:00.500Z
nc73844826_20220917_104518,106407,40.496521,-124.330607,17.849,2.8,-21.7,-1.4,3.4,3.2,3.8,2022,9,17,10,45,18.92,0.0,4,8,0,0,0.004,-9.0,4,2022-09-17T10:45:18.920Z
nc73844826_20220924_094945,106409,40.496521,-124.33068,17.849,-3.4,-21.7,-1.5,3.9,2.9,3.3,2022,9,24,9,49,45.58,0.0,4,8,0,0,0.005,-9.0,4,2022-09-24T09:49:45.580Z
nc73844826_20221001_145500,106410,40.496379,-124.330811,17.881,-14.5,-37.5,31.0,3.7,3.7,4.1,2022,10,1,14,55,0.02,0.0,8,10,0,0,0.006,-9.0,4,2022-10-01T14:55:00.020Z
nc73844826_20221009_083616,106411,40.496647,-124.330729,17.816,-7.6,-7.7,-34.0,3.2,3.4,4.2,2022,10,9,8,36,16.24,0.0,7,11,0,0,0.005,-9.0,4,2022-10-09T08:36:16.240Z
nc73844826_20221009_062255,106412,40.49716,-124.33064,17.845,0.0,49.3,-5.1,4.6,4.4,4.7,2022,10,9,6,22,55.8,0.0,6,8,0,0,0.005,-9.0,4,2022-10-09T06:22:55.800Z
nc73844826_20221018_181812,106415,40.497266,-124.330363,17.799,23.5,61.0,-51.3,3.9,4.9,6.1,2022,10,18,18,18,12.48,0.0,6,8,0,0,0.01,-9.0,4,2022-10-18T18:18:12.480Z
nc73844826_20221019_132202,106416,40.496232,-124.330721,17.908,-6.9,-53.8,58.0,5.2,4.6,7.0,2022,10,19,13,22,2.31,0.0,5,9,0,0,0.005,-9.0,4,2022-10-19T13:22:02.310Z
nc73844826_20221026_091238,106417,40.49705,-124.330786,17.846,-12.4,37.1,-3.9,5.2,5.3,5.5,2022,10,26,9,12,38.71,0.0,3,7,0,0,0.005,-9.0,4,2022-10-26T09:12:38.710Z
nc73844826_20221104_193257,106419,40.496639,-124.330802,17.873,-13.8,-8.6,22.9,3.2,3.2,4.6,2022,11,4,19,32,57.46,0.0,7,11,0,0,0.004,-9.0,4,2022-11-04T19:32:57.460Z
nc73844826_20221105_000207,106420,40.496659,-124.330713,17.881,-6.2,-6.3,31.0,3.5,3.6,5.7,2022,11,5,0,2,7.9,0.0,2,9,0,0,0.004,-9.0,4,2022-11-05T00:02:07.900Z
nc73844826_20221105_004053,106421,40.49668,-124.330794,17.864,-13.1,-4.1,13.5,3.0,3.0,3.4,2022,11,5,0,40,53.5,0.0,3,6,0,0,0.003,-9.0,4,2022-11-05T00:40:53.500Z
nc73844826_20221106_081130,106422,40.496525,-124.33064,17.866,0.0,-21.2,16.0,2.5,3.0,4.2,2022,11,6,8,11,30.96,0.0,5,8,0,0,0.004,-9.0,4,2022-11-06T08:11:30.960Z
nc73844826_20221107_162802,106423,40.496847,-124.330868,17.878,-19.3,14.5,28.1,3.1,2.5,3.6,2022,11,7,16,28,2.74,0.0,6,8,0,0,0.004,-9.0,4,2022-11-07T16:28:02.740Z
nc73844826_20221119_215530,106429,40.496981,-124.330868,17.818,-19.3,29.4,-32.2,3.8,4.5,6.3,2022,11,19,21,55,30.32,0.0,3,6,0,0,0.005,-9.0,4,2022-11-19T21:55:30.320Z
nc73844826_20221121_111828,106431,40.496415,-124.330371,17.907,22.8,-33.4,56.6,4.6,3.7,6.9,2022,11,21,11,18,28.66,0.0,7,12,0,0,0.005,-9.0,4,2022-11-21T11:18:28.660Z
nc73844826_20221127_053846,106432,40.496769,-124.330737,17.868,-8.3,5.9,17.9,3.4,3.2,4.2,2022,11,27,5,38,46.22,0.0,4,5,0,0,0.002,-9.0,4,2022-11-27T05:38:46.220Z
nc73844826_20221129_215522,106433,40.497034,-124.330672,17.849,-2.8,35.2,-0.7,5.5,4.2,3.6,2022,11,29,21,55,22.94,0.0,1,3,0,0,0.004,-9.0,4,2022-11-29T21:55:22.940Z
nc73844826,110398,40.496924,-124.330859,17.842,-18.6,23.0,-8.3,2.4,2.1,3.1,2023,2,11,3,18,22.44,1.85,806,1332,0,0,0.005,-9.0,4,2023-02-11T03:18:22.440Z
1008269_20200109_161246,102927,40.322404,-124.624097,11.298,-5732.4,3332.7,-2128.0,2.9,5.6,4.4,2020,1,9,16,12,46.26,0.0,1,3,4,4,0.018,0.007,5,2020-01-09T16:12:46.260Z
1008269_20200710_114051,102930,40.328552,-124.623942,9.813,-5718.9,4015.4,-3613.2,1.9,2.0,2.3,2020,7,10,11,40,51.9,0.0,3,7,30,61,0.008,0.011,5,2020-07-10T11:40:51.900Z
1008269_20201002_052951,102931,40.328483,-124.623291,9.826,-5663.6,4007.7,-3599.6,1.5,2.7,2.1,2020,10,2,5,29,51.72,0.0,2,7,20,62,0.006,0.01,5,2020-10-02T05:29:51.720Z
1008269_20201229_185653,102932,40.328739,-124.623226,9.653,-5658.1,4036.1,-3773.4,1.1,2.0,1.7,2020,12,29,18,56,53.48,0.0,7,7,52,63,0.009,0.013,5,2020-12-29T18:56:53.480Z
1008269_20210219_144913,102933,40.323844,-124.620231,9.081,-5403.7,3492.6,-4344.7,1.2,3.5,2.0,2021,2,19,14,49,13.61,0.0,1,2,14,14,0.02,0.046,5,2021-02-19T14:49:13.610Z
1008269_20210823_204618,102934,40.344735,-124.623576,8.842,-5687.1,5812.3,-4583.8,0.8,1.8,2.6,2021,8,23,20,46,18.46,0.0,1,1,8,15,0.001,0.03,5,2021-08-23T20:46:18.460Z
1008269_20211019_075431,102935,40.329484,-124.622249,9.299,-5575.0,4118.8,-4127.3,1.8,2.0,3.9,2021,10,19,7,54,31.35,0.0,4,2,33,19,0.006,0.017,5,2021-10-19T07:54:31.350Z
1008269_20211109_112829,102936,40.329016,-124.623421,9.636,-5674.7,4066.9,-3790.2,1.5,1.6,1.9,2021,11,9,11,28,29.25,0.0,7,6,52,54,0.009,0.014,5,2021-11-09T11:28:29.250Z
1008269_20211128_213837,102937,40.329171,-124.623617,9.895,-5691.3,4084.0,-3531.4,1.0,3.0,2.9,2021,11,28,21,38,37.96,0.0,5,7,36,63,0.007,0.014,5,2021-11-28T21:38:37.960Z
1008269_20211221_233013,102939,40.329012,-124.623372,9.619,-5670.5,4066.4,-3806.6,2.2,2.8,3.3,2021,12,21,23,30,13.3,0.0,5,5,46,52,0.011,0.017,5,2021-12-21T23:30:13.300Z
1008269_20211223_084326,102940,40.322587,-124.622054,10.822,-5558.7,3353.0,-2604.3,2.6,6.4,5.5,2021,12,23,8,43,27.09,0.0,0,3,0,8,0.016,0.007,5,2021-12-23T08:43:27.090Z
1008269_20220119_081037,102944,40.328182,-124.621712,9.974,-5529.4,3974.2,-3452.4,0.9,2.3,1.4,2022,1,19,8,10,37.64,0.0,0,5,0,21,0.001,0.006,5,2022-01-19T08:10:37.640Z
1008269_20220411_040428,102946,40.329207,-124.622998,9.329,-5638.7,4088.1,-4097.4,1.4,2.0,3.6,2022,4,11,4,4,28.56,0.0,3,3,29,32,0.004,0.011,5,2022-04-11T04:04:28.560Z
1008269_20220419_092833,102948,40.332369,-124.622974,10.319,-5636.5,4439.2,-3106.9,3.0,2.7,6.6,2022,4,19,9,28,33.98,0.0,2,0,1,0,0.002,0.102,5,2022-04-19T09:28:33.980Z
1008269_20220502_222832,102949,40.327055,-124.624048,10.279,-5728.0,3849.1,-3147.4,1.9,1.7,2.4,2022,5,2,22,28,32.92,0.0,2,5,20,44,0.009,0.012,5,2022-05-02T22:28:32.920Z
1008269_20220624_005401,102950,40.330355,-124.623437,8.859,-5676.0,4215.5,-4566.8,2.6,3.9,4.0,2022,6,24,0,54,1.63,0.0,2,3,18,26,0.008,0.024,5,2022-06-24T00:54:01.630Z
1008269_20220714_165429,102951,40.328206,-124.62583,9.884,-5879.5,3977.0,-3541.6,3.1,4.8,4.4,2022,7,14,16,54,29.11,0.0,3,4,20,27,0.021,0.02,5,2022-07-14T16:54:29.110Z
1008269_20220722_123535,102952,40.328023,-124.624259,9.907,-5746.0,3956.6,-3519.0,1.8,2.3,2.1,2022,7,22,12,35,35.63,0.0,8,10,55,80,0.009,0.013,5,2022-07-22T12:35:35.630Z
1008269_20220919_082709,102953,40.33442,-124.619881,8.747,-5373.5,4666.9,-4678.5,2.8,6.3,5.3,2022,9,19,8,27,9.9,0.0,0,4,0,11,0.018,0.032,5,2022-09-19T08:27:09.900Z
1008269_20221007_072937,102955,40.334599,-124.622144,9.424,-5565.8,4686.8,-4001.8,2.3,3.7,2.3,2022,10,7,7,29,37.81,0.0,2,0,1,0,0.002,0.104,5,2022-10-07T07:29:37.810Z
nc73843826_20200109_002518,102957,40.300505,-124.557031,14.41,-31.1,900.9,984.4,4.5,13.5,18.5,2020,1,9,0,25,18.12,0.0,2,0,9,18,0.004,0.056,5,2020-01-09T00:25:18.120Z
nc73843826_20200109_054055,102958,40.296212,-124.558154,15.044,-126.6,424.3,1617.9,2.2,2.9,4.3,2020,1,9,5,40,54.82,0.0,0,4,0,8,0.003,0.013,5,2020-01-09T05:40:54.820Z
nc73843826_20200110_161954,102959,40.30658,-124.556112,15.202,47.0,1575.5,1775.9,2.1,2.7,2.4,2020,1,10,16,19,54.2,0.0,1,4,11,30,0.009,0.041,5,2020-01-10T16:19:54.200Z
nc73843826_20200511_051803,102961,40.297982,-124.557609,14.913,-80.3,620.8,1486.6,2.6,3.3,6.5,2020,5,11,5,18,2.99,0.0,1,4,18,58,0.013,0.04,5,2020-05-11T05:18:02.990Z
nc73843826_20200521_202709,102962,40.255062,-124.559196,13.458,-215.3,-4145.0,32.2,0.6,1.8,1.4,2020,5,21,20,27,9.84,0.0,0,0,2,6,-9.0,0.0,5,2020-05-21T20:27:09.840Z
nc73843826_20200626_124146,102963,40.296212,-124.557202,16.845,-45.7,424.3,3418.9,2.4,4.0,6.1,2020,6,26,12,41,46.72,0.0,1,3,0,9,0.019,0.037,5,2020-06-26T12:41:46.720Z
nc73843826_20200915_232304,102966,40.295988,-124.557585,14.844,-78.2,399.4,1417.6,1.8,2.9,3.2,2020,9,15,23,23,4.08,0.0,6,11,49,101,0.004,0.04,5,2020-09-15T23:23:04.080Z
nc73843826_20200926_134523,102967,40.294759,-124.557503,13.881,-71.3,263.0,455.1,2.2,4.6,4.7,2020,9,26,13,45,23.17,0.0,3,3,21,59,0.017,0.044,5,2020-09-26T13:45:23.170Z
nc73843826_20201007_235711,102968,40.29814,-124.558179,12.906,-128.7,638.4,-520.2,2.7,3.6,8.2,2020,10,7,23,57,11.8,0.0,1,3,6,29,0.011,0.044,5,2020-10-07T23:57:11.800Z
nc73843826_20210321_043928,102969,40.299365,-124.556714,13.324,-4.2,774.4,-102.4,3.7,4.5,10.3,2021,3,21,4,39,28.16,0.0,4,2,28,60,0.013,0.064,5,2021-03-21T04:39:28.160Z
nc73843826_20210526_005222,102970,40.296224,-124.557576,14.762,-77.5,425.6,1335.7,2.0,2.8,3.3,2021,5,26,0,52,22.54,0.0,8,12,57,122,0.005,0.039,5,2021-05-26T00:52:22.540Z
nc73843826_20210607_033047,102971,40.289644,-124.559408,13.99,-233.2,-305.0,564.4,1.8,4.0,2.8,2021,6,7,3,30,47.49,0.0,0,4,0,12,0.004,0.021,5,2021-06-07T03:30:47.490Z
nc73843826_20210626_194941,102972,40.298381,-124.557471,18.059,-68.5,665.1,4632.8,21.8,38.3,41.9,2021,6,26,19,49,41.06,0.0,0,0,0,9,-9.0,0.025,5,2021-06-26T19:49:41.060Z
nc73843826_20210818_075343,102974,40.254989,-124.559196,13.455,-215.3,-4153.2,29.5,0.6,1.4,1.4,2021,8,18,7,53,43.19,0.0,0,0,2,6,-9.0,0.0,5,2021-08-18T07:53:43.190Z
nc73843826_20211014_122946,102976,40.296049,-124.557617,14.689,-81.0,406.2,1262.8,2.5,3.3,5.1,2021,10,14,12,29,46.66,0.0,1,4,12,30,0.006,0.04,5,2021-10-14T12:29:46.660Z
nc73843826_20211209_175224,102977,40.254871,-124.559188,13.451,-214.6,-4166.3,25.0,0.4,1.9,1.1,2021,12,9,17,52,24.76,0.0,0,0,2,6,-9.0,0.0,5,2021-12-09T17:52:24.760Z
nc73843826_20211220_142622,102978,40.293404,-124.557772,15.315,-94.1,112.5,1889.5,4.2,6.2,7.4,2021,12,20,14,26,22.2,0.0,3,6,27,93,0.02,0.037,5,2021-12-20T14:26:22.200Z
nc73843826_20220105_135842,102979,40.295528,-124.55616,14.863,42.9,348.4,1436.6,2.5,2.8,3.7,2022,1,5,13,58,42.74,0.0,10,14,46,102,0.01,0.029,5,2022-01-05T13:58:42.740Z
nc73843826_20220219_222717,102981,40.291382,-124.558073,14.825,-119.7,-112.1,1398.5,3.6,9.7,7.1,2022,2,19,22,27,17.16,0.0,1,4,12,33,0.016,0.033,5,2022-02-19T22:27:17.160Z
nc73843826_20220422_221108,102982,40.296415,-124.557113,14.986,-38.1,446.9,1559.6,2.9,4.0,6.4,2022,4,22,22,11,8.54,0.0,1,5,10,44,0.009,0.039,5,2022-04-22T22:11:08.540Z
nc73843826_20220514_060212,102983,40.298531,-124.557145,15.294,-40.8,681.8,1867.9,1.5,3.0,2.5,2022,5,14,6,2,12.64,0.0,1,3,19,58,0.001,0.041,5,2022-05-14T06:02:12.640Z
nc73843826_20220527_212141,102984,40.294499,-124.556217,14.912,38.1,234.0,1486.5,2.1,4.9,5.2,2022,5,27,21,21,41.16,0.0,5,0,39,90,0.006,0.076,5,2022-05-27T21:21:41.160Z
nc73843826_20220610_004050,102986,40.299923,-124.558024,13.172,-115.6,836.3,-254.1,2.2,2.8,6.7,2022,6,10,0,40,50.41,0.0,1,3,9,29,0.005,0.04,5,2022-06-10T00:40:50.410Z
nc73843826_20220611_015104,102987,40.296533,-124.557935,14.766,-107.9,460.0,1340.3,1.9,2.9,3.3,2022,6,11,1,51,4.51,0.0,5,9,31,64,0.006,0.036,5,2022-06-11T01:51:04.510Z
nc73843826_20220724_100619,102988,40.295194,-124.557617,15.224,-81.0,311.3,1797.8,3.2,7.4,7.6,2022,7,24,10,6,19.07,0.0,2,4,15,59,0.012,0.033,5,2022-07-24T10:06:19.070Z
nc73843826_20220812_085114,102989,40.296452,-124.557332,14.898,-56.7,450.9,1472.5,1.9,3.0,2.7,2022,8,12,8,51,13.88,0.0,3,6,23,58,0.004,0.033,5,2022-08-12T08:51:13.880Z
nc73843826_20220826_051330,102990,40.294397,-124.558667,14.78,-170.2,222.7,1353.7,2.0,3.3,4.5,2022,8,26,5,13,30.03,0.0,0,4,0,33,0.003,0.019,5,2022-08-26T05:13:30.030Z
1017852_20210914_193356,105011,40.294019,-124.534945,16.052,1846.8,180.7,2626.0,2.6,4.8,3.8,2021,9,14,19,33,56.76,0.0,1,2,3,5,0.0,0.047,5,2021-09-14T19:33:56.760Z
1017852_20211217_162512,105019,40.291589,-124.534139,16.311,1915.4,-89.0,2885.2,2.7,6.0,5.7,2021,12,17,16,25,12.02,0.0,0,4,0,16,0.006,0.021,5,2021-12-17T16:25:12.020Z
1017852_20211221_034222,105020,40.289587,-124.533716,16.035,1951.4,-311.3,2608.8,2.5,6.5,4.9,2021,12,21,3,42,22.35,0.0,1,2,3,14,0.001,0.036,5,2021-12-21T03:42:22.350Z
1017852_20211221_032424,105021,40.294495,-124.533333,16.154,1983.8,233.6,2728.0,2.8,7.9,5.2,2021,12,21,3,24,24.06,0.0,1,2,3,14,0.004,0.035,5,2021-12-21T03:24:24.060Z
1017852_20211221_145906,105023,40.289921,-124.534155,15.948,1914.0,-274.3,2522.0,3.2,6.4,4.5,2021,12,21,14,59,6.78,0.0,1,4,6,14,0.018,0.039,5,2021-12-21T14:59:06.780Z
1017852_20211221_161737,105029,40.283598,-124.534692,16.278,1868.4,-976.4,2852.3,2.5,5.3,5.6,2021,12,21,16,17,37.29,0.0,0,4,0,16,0.002,0.045,5,2021-12-21T16:17:37.290Z
1017852_20211221_050054,105030,40.269255,-124.529297,17.116,2327.5,-2569.1,3690.2,3.1,6.4,3.7,2021,12,21,5,0,54.37,0.0,1,1,0,2,0.002,0.055,5,2021-12-21T05:00:54.370Z
1017852_20211221_123845,105031,40.276029,-124.532414,15.099,2062.3,-1816.8,1673.2,2.4,4.9,4.6,2021,12,21,12,38,45.24,0.0,0,3,0,1,0.005,0.095,5,2021-12-21T12:38:45.240Z
1017852_20211221_091354,105033,40.285152,-124.533854,16.465,1939.7,-803.8,3038.6,3.2,5.4,5.1,2021,12,21,9,13,54.52,0.0,0,4,0,7,0.014,0.031,5,2021-12-21T09:13:54.520Z
1017852_20211226_075823,105038,40.285429,-124.533586,16.601,1962.5,-773.1,3175.2,3.1,5.8,6.1,2021,12,26,7,58,22.95,0.0,1,2,9,7,0.009,0.043,5,2021-12-26T07:58:22.950Z
1017852_20211227_054354,105039,40.283525,-124.531356,16.45,2152.1,-984.5,3023.9,2.6,4.4,4.7,2021,12,27,5,43,54.44,0.0,1,3,0,3,0.013,0.074,5,2021-12-27T05:43:54.440Z
1017852_20220211_203536,105041,40.283757,-124.534749,16.272,1863.6,-958.8,2845.8,2.6,5.2,4.4,2022,2,11,20,35,36.12,0.0,0,5,0,16,0.007,0.051,5,2022-02-11T20:35:36.120Z
1017852_20220421_004910,105043,40.279541,-124.531307,16.471,2156.4,-1426.9,3044.7,3.0,5.5,8.0,2022,4,21,0,49,10.44,0.0,1,2,1,14,0.007,0.033,5,2022-04-21T00:49:10.440Z
1015792_20200201_015846,105368,40.288826,-124.539836,10.851,1431.0,-395.8,-2575.3,1.7,4.9,5.1,2020,2,1,1,58,46.33,0.0,4,2,15,14,0.015,0.037,5,2020-02-01T01:58:46.330Z
1015792_20200419_180757,105369,40.293396,-124.537785,7.81,1605.3,111.6,-5616.5,2.6,5.8,4.7,2020,4,19,18,7,57.94,0.0,0,0,4,10,-9.0,0.041,5,2020-04-19T18:07:57.940Z
1015792_20200814_112729,105370,40.27312,-124.534692,15.71,1868.6,-2139.8,2284.5,4.3,6.4,11.2,2020,8,14,11,27,29.76,0.0,0,0,5,5,-9.0,0.005,5,2020-08-14T11:27:29.760Z
1015792_20200912_124403,105371,40.282601,-124.538542,12.302,1541.1,-1087.1,-1123.5,2.0,6.9,10.5,2020,9,12,12,44,3.12,0.0,3,1,11,1,0.013,0.044,5,2020-09-12T12:44:03.120Z
1015792_20210913_230520,105374,40.282182,-124.539494,11.768,1460.2,-1133.6,-1657.5,2.0,6.3,5.7,2021,9,13,23,5,20.02,0.0,3,1,16,8,0.007,0.039,5,2021-09-13T23:05:20.020Z
1015792_20211028_105751,105376,40.288635,-124.538607,11.075,1535.5,-417.0,-2350.5,2.0,5.1,4.4,2021,10,28,10,57,51.85,0.0,5,1,19,8,0.004,0.041,5,2021-10-28T10:57:51.850Z
1015792_20211115_061130,105377,40.288306,-124.539461,11.0,1462.9,-453.6,-2425.7,1.3,2.6,4.4,2021,11,15,6,11,30.56,0.0,3,4,14,16,0.002,0.042,5,2021-11-15T06:11:30.560Z
1015792_20220131_190730,105379,40.289921,-124.539591,10.778,1451.8,-274.3,-2647.6,1.7,3.4,5.5,2022,1,31,19,7,30.32,0.0,4,0,8,0,0.007,0.057,5,2022-01-31T19:07:30.320Z
1015792_20220507_210016,105380,40.289722,-124.537671,10.922,1615.1,-296.4,-2503.6,1.9,5.2,5.6,2022,5,7,21,0,16.0,0.0,6,0,29,18,0.003,0.082,5,2022-05-07T21:00:16.000Z
1015792_20220607_095042,105381,40.287854,-124.538664,11.032,1530.7,-503.8,-2393.7,1.6,3.8,4.4,2022,6,7,9,50,42.72,0.0,0,4,0,2,0.005,0.005,5,2022-06-07T09:50:42.720Z
1015792_20220818_133602,105383,40.289062,-124.53916,10.759,1488.5,-369.6,-2667.3,2.5,6.4,6.8,2022,8,18,13,36,2.31,0.0,4,0,14,4,0.008,0.042,5,2022-08-18T13:36:02.310Z
1016974_20200222_190652,106680,40.274325,-124.557088,17.566,-36.0,-2006.1,4139.6,2.3,2.9,2.7,2020,2,22,19,6,52.4,0.0,1,5,10,52,0.006,0.016,5,2020-02-22T19:06:52.400Z
1016974_20200711_094600,106684,40.273421,-124.557121,17.599,-38.8,-2106.4,4173.1,1.5,3.5,3.5,2020,7,11,9,46,0.64,0.0,2,3,16,31,0.003,0.023,5,2020-07-11T09:46:00.640Z
1016974_20200724_165542,106685,40.2743,-124.557048,17.532,-32.5,-2008.8,4105.6,1.7,3.0,2.8,2020,7,24,16,55,42.99,0.0,2,5,20,59,0.004,0.029,5,2020-07-24T16:55:42.990Z
1016974_20201002_042447,106687,40.282251,-124.557796,17.593,-96.2,-1125.9,4166.6,2.1,5.3,6.0,2020,10,2,4,24,47.13,0.0,2,2,18,36,0.009,0.048,5,2020-10-02T04:24:47.130Z
1016974_20210716_070905,106695,40.276978,-124.558065,17.719,-119.0,-1711.5,4292.8,3.3,6.7,7.7,2021,7,16,7,9,5.39,0.0,2,4,23,67,0.012,0.032,5,2021-07-16T07:09:05.390Z
1016974_20210718_043315,106696,40.281669,-124.557845,17.73,-100.3,-1190.6,4303.9,1.6,4.6,5.1,2021,7,18,4,33,15.24,0.0,1,2,11,21,0.002,0.046,5,2021-07-18T04:33:15.240Z
1016974_20210727_101927,106697,40.274231,-124.557471,17.563,-68.5,-2016.5,4137.1,1.5,3.5,2.9,2021,7,27,10,19,27.71,0.0,3,6,32,88,0.004,0.026,5,2021-07-27T10:19:27.710Z
1016974_20210824_133631,106700,40.278463,-124.558089,17.149,-121.1,-1546.6,3722.8,2.5,8.6,9.2,2021,8,24,13,36,31.74,0.0,3,2,9,8,0.01,0.027,5,2021-08-24T13:36:31.740Z
1016974_20211221_002119,106706,40.27393,-124.556868,17.516,-17.3,-2049.9,4090.0,2.1,3.0,3.0,2021,12,21,0,21,19.09,0.0,1,6,12,73,0.005,0.017,5,2021-12-21T00:21:19.090Z
1016974_20220106_211258,106710,40.274723,-124.557186,17.435,-44.3,-1961.8,4009.0,1.6,2.4,2.9,2022,1,6,21,12,58.58,0.0,1,4,12,31,0.002,0.017,5,2022-01-06T21:12:58.580Z
1016974_20220123_114501,106711,40.273381,-124.557406,17.636,-63.0,-2110.9,4210.3,2.3,3.9,3.1,2022,1,23,11,45,1.12,0.0,3,5,21,62,0.009,0.031,5,2022-01-23T11:45:01.120Z
1016974_20220307_105239,106713,40.273368,-124.558105,17.426,-122.5,-2112.3,4000.0,2.2,3.2,3.5,2022,3,7,10,52,39.32,0.0,1,3,8,14,0.004,0.025,5,2022-03-07T10:52:39.320Z
1016974_20220406_123020,106714,40.276843,-124.558236,17.641,-133.6,-1726.4,4215.3,2.8,6.2,3.2,2022,4,6,12,30,20.29,0.0,2,4,16,53,0.011,0.03,5,2022-04-06T12:30:20.290Z
1016974_20220603_043225,106716,40.269316,-124.555664,17.975,85.1,-2562.3,4549.2,2.5,6.5,5.6,2022,6,3,4,32,25.73,0.0,0,4,0,24,0.014,0.01,5,2022-06-03T04:32:25.730Z
1016974_20220615_205014,106718,40.274459,-124.557943,17.279,-108.7,-1991.2,3852.9,2.4,3.4,4.9,2022,6,15,20,50,14.42,0.0,1,3,12,23,0.004,0.019,5,2022-06-15T20:50:14.420Z
1016974_20220806_005042,106719,40.277531,-124.556185,18.963,40.8,-1650.1,5536.7,1.8,3.3,4.3,2022,8,6,0,50,42.03,0.0,1,1,6,13,0.0,0.059,5,2022-08-06T00:50:42.030Z
1016974_20220811_061643,106720,40.281348,-124.558024,17.44,-115.6,-1226.3,4014.2,2.5,6.6,7.1,2022,8,11,6,16,43.09,0.0,2,1,12,22,0.004,0.06,5,2022-08-11T06:16:43.090Z
1016974_20220821_103936,106721,40.279801,-124.558146,17.081,-125.9,-1397.9,3655.1,2.9,4.7,6.4,2022,8,21,10,39,36.65,0.0,1,2,7,22,0.005,0.027,5,2022-08-21T10:39:36.650Z
1016974_20220918_223039,106722,40.274158,-124.557202,17.501,-45.7,-2024.6,4075.3,1.4,3.2,2.6,2022,9,18,22,30,39.94,0.0,2,5,22,67,0.005,0.028,5,2022-09-18T22:30:39.940Z
1016974_20221123_234019,106724,40.276733,-124.556494,17.78,14.5,-1738.6,4354.4,3.0,3.3,3.0,2022,11,23,23,40,19.92,0.0,1,4,8,34,0.01,0.013,5,2022-11-23T23:40:19.920Z
1016109_20200318_103316,107850,40.303219,-124.541732,18.598,1269.7,1202.3,5172.5,1.1,3.6,1.6,2020,3,18,10,33,16.36,0.0,1,1,5,10,0.002,0.059,5,2020-03-18T10:33:16.360Z
1016109_20200723_075752,107851,40.299052,-124.543864,19.678,1088.4,739.6,6251.9,2.2,3.3,4.1,2020,7,23,7,57,52.93,0.0,1,2,11,18,0.002,0.026,5,2020-07-23T07:57:52.930Z
1016109_20210223_212250,107854,40.302364,-124.544141,18.624,1064.9,1107.4,5197.5,3.4,2.2,2.2,2021,2,23,21,22,50.56,0.0,3,5,17,41,0.011,0.024,5,2021-02-23T21:22:50.560Z
1016109_20210301_213908,107855,40.306946,-124.544328,18.485,1048.9,1616.2,5059.1,3.2,4.7,5.7,2021,3,1,21,39,8.08,0.0,1,4,4,26,0.01,0.03,5,2021-03-01T21:39:08.080Z
1016109_20210530_211323,107856,40.294507,-124.55175,18.799,417.9,234.9,5372.8,1.1,3.8,4.9,2021,5,30,21,13,23.22,0.0,2,0,0,0,0.0,-9.0,5,2021-05-30T21:13:23.220Z
1016109_20210810_165212,107857,40.303784,-124.545304,18.352,965.9,1265.1,4926.5,1.3,2.1,3.4,2021,8,10,16,52,12.5,0.0,0,4,0,27,0.003,0.014,5,2021-08-10T16:52:12.500Z
1016109_20211030_232421,107858,40.305428,-124.545264,18.352,969.3,1447.6,4925.8,2.1,1.6,2.5,2021,10,30,23,24,21.08,0.0,7,7,35,62,0.007,0.023,5,2021-10-30T23:24:21.080Z
1016109_20211031_000614,107859,40.304354,-124.545199,18.544,974.9,1328.4,5117.6,2.0,3.8,5.3,2021,10,31,0,6,14.08,0.0,0,5,0,38,0.004,0.013,5,2021-10-31T00:06:14.080Z
1016109_20211101_000232,107860,40.305477,-124.545793,18.305,924.4,1453.1,4879.3,2.1,2.8,4.0,2021,11,1,0,2,32.2,0.0,3,6,22,56,0.005,0.021,5,2021-11-01T00:02:32.200Z
1016109_20211211_173308,107863,40.303239,-124.544393,18.429,1043.4,1204.6,5003.0,1.4,2.0,2.8,2021,12,11,17,33,8.4,0.0,3,6,16,51,0.002,0.018,5,2021-12-11T17:33:08.400Z
1016109_20220811_032248,107867,40.30295,-124.545809,18.41,923.0,1172.5,4984.2,1.8,2.7,3.7,2022,8,11,3,22,48.7,0.0,2,6,16,45,0.005,0.012,5,2022-08-11T03:22:48.700Z
1016109_20221005_102800,107868,40.303243,-124.544784,18.624,1010.2,1205.0,5198.3,3.0,2.3,3.5,2022,10,5,10,28,0.9,0.0,5,5,25,38,0.013,0.025,5,2022-10-05T10:28:00.900Z
1016109_20221029_015033,107869,40.303324,-124.542537,18.473,1201.2,1214.1,5046.8,2.2,2.4,2.2,2022,10,29,1,50,33.38,0.0,1,4,5,23,0.005,0.014,5,2022-10-29T01:50:33.380Z
nc73874615_20201228_141923,108329,40.330294,-124.568026,3.026,-965.7,4208.7,-10400.2,2.1,2.3,2.7,2020,12,28,14,19,23.66,0.0,3,8,13,42,0.004,0.03,5,2020-12-28T14:19:23.660Z
nc73874615_20210208_215539,108330,40.330021,-124.569482,4.0,-1089.5,4178.5,-9426.0,2.0,6.0,4.0,2021,2,8,21,55,39.68,0.0,1,5,7,28,0.01,0.022,5,2021-02-08T21:55:39.680Z
nc73874615_20210531_141808,108331,40.327616,-124.568563,3.091,-1011.4,3911.4,-10335.4,2.9,3.1,3.9,2021,5,31,14,18,8.73,0.0,2,8,10,43,0.021,0.04,5,2021-05-31T14:18:08.730Z
nc73874615_20220123_094253,108334,40.335258,-124.5677,3.094,-938.0,4760.0,-10331.6,1.9,2.8,2.9,2022,1,23,9,42,53.94,0.0,2,7,10,46,0.02,0.048,5,2022-01-23T09:42:53.940Z
nc73874615_20220825_091946,108336,40.330241,-124.567871,2.985,-952.6,4202.9,-10440.9,2.0,2.2,2.4,2022,8,25,9,19,47.28,0.0,4,9,14,47,0.005,0.027,5,2022-08-25T09:19:47.280Z
nc73874615_20220830_161552,108337,40.329582,-124.567896,3.066,-954.6,4129.7,-10360.2,2.2,5.3,3.1,2022,8,30,16,15,52.58,0.0,1,8,7,45,0.014,0.019,5,2022-08-30T16:15:52.580Z
nc73874615_20220831_203249,108338,40.329036,-124.568896,3.699,-1039.7,4069.1,-9726.7,3.0,9.6,4.7,2022,8,31,20,32,49.6,0.0,1,7,7,36,0.013,0.022,5,2022-08-31T20:32:49.600Z
1014398_20200827_084836,108522,40.292586,-124.519165,9.129,3188.6,21.7,-4297.4,2.2,4.7,6.0,2020,8,27,8,48,36.0,0.0,3,4,15,22,0.01,0.04,5,2020-08-27T08:48:36.000Z
1014398_20201119_000155,108523,40.295463,-124.517814,7.595,3303.4,341.1,-5831.4,3.6,10.6,6.7,2020,11,19,0,1,55.1,0.0,1,4,12,46,0.015,0.048,5,2020-11-19T00:01:55.100Z
1014398_20201222_135655,108525,40.299727,-124.518717,7.285,3226.5,814.6,-6141.2,2.7,5.7,5.5,2020,12,22,13,56,55.72,0.0,1,2,14,43,0.004,0.041,5,2020-12-22T13:56:55.720Z
1014398_20201222_023125,108526,40.295898,-124.5191,7.364,3194.0,389.5,-6062.0,2.5,4.6,5.8,2020,12,22,2,31,25.22,0.0,2,2,17,36,0.01,0.042,5,2020-12-22T02:31:25.220Z
1014398_20210306_054950,108527,40.29458,-124.519873,7.954,3128.3,243.1,-5472.1,1.6,5.4,2.9,2021,3,6,5,49,50.91,0.0,4,5,28,48,0.012,0.043,5,2021-03-06T05:49:50.910Z
1014398_20210307_092935,108528,40.282507,-124.519222,9.631,3184.0,-1097.5,-3795.2,3.2,9.7,7.6,2021,3,7,9,29,35.08,0.0,2,2,5,24,0.014,0.042,5,2021-03-07T09:29:35.080Z
1014398_20210322_142821,108529,40.304456,-124.518034,7.407,3284.5,1339.7,-6019.3,2.2,8.3,3.9,2021,3,22,14,28,21.16,0.0,1,1,11,38,0.002,0.05,5,2021-03-22T14:28:21.160Z
1014398_20210322_151946,108531,40.302376,-124.519629,7.991,3148.9,1108.8,-5435.0,2.3,6.4,4.2,2021,3,22,15,19,46.28,0.0,2,1,16,50,0.003,0.056,5,2021-03-22T15:19:46.280Z
1014398_20210327_201140,108532,40.278487,-124.520369,5.157,3086.5,-1543.9,-8269.4,3.0,8.9,6.4,2021,3,27,20,11,40.1,0.0,1,0,3,6,0.009,0.009,5,2021-03-27T20:11:40.100Z
1014398_20210328_083814,108533,40.299707,-124.518937,7.685,3207.8,812.4,-5740.6,1.8,3.9,4.3,2021,3,28,8,38,14.09,0.0,2,3,9,27,0.009,0.059,5,2021-03-28T08:38:14.090Z
1014398_20210328_051946,108534,40.282174,-124.51884,9.025,3216.5,-1134.5,-4400.9,1.1,8.1,3.8,2021,3,28,5,19,46.55,0.0,1,1,5,11,0.001,0.063,5,2021-03-28T05:19:46.550Z
1014398_20210523_161408,108537,40.284851,-124.518652,4.624,3232.3,-837.2,-8802.1,1.9,11.3,6.5,2021,5,23,16,14,8.21,0.0,0,0,0,6,-9.0,0.014,5,2021-05-23T16:14:08.210Z
1014398_20220107_181614,108542,40.303035,-124.51862,7.467,3234.7,1182.0,-5958.8,1.7,8.0,7.1,2022,1,7,18,16,14.12,0.0,1,2,14,55,0.005,0.055,5,2022-01-07T18:16:14.120Z
1014398_20220803_221141,108546,40.292509,-124.519368,7.911,3171.3,13.1,-5515.1,2.2,5.2,4.1,2022,8,3,22,11,41.04,0.0,0,3,6,22,0.016,0.04,5,2022-08-03T22:11:41.040Z
1014398_20220928_084251,108547,40.301937,-124.519686,7.98,3144.1,1060.0,-5446.4,2.6,8.8,4.8,2022,9,28,8,42,51.81,0.0,2,1,18,41,0.013,0.056,5,2022-09-28T08:42:51.810Z
1014398_20220928_083911,108548,40.303186,-124.519938,7.98,3122.6,1198.7,-5446.1,2.0,4.3,3.7,2022,9,28,8,39,11.05,0.0,2,1,18,40,0.009,0.058,5,2022-09-28T08:39:11.050Z
1014398_20221009_082300,108549,40.299589,-124.518416,7.489,3252.1,799.3,-5936.5,1.6,4.8,3.7,2022,10,9,8,23,0.0,0.0,1,3,8,21,0.013,0.041,5,2022-10-09T08:23:00.000Z
1014398_20221027_194636,108551,40.305074,-124.519906,9.483,3125.3,1408.3,-3942.5,2.1,6.7,3.6,2022,10,27,19,46,36.0,0.0,1,1,10,15,0.0,0.04,5,2022-10-27T19:46:36.000Z
1014398_20221121_181332,108552,40.293429,-124.519019,7.515,3201.0,115.2,-5911.1,2.5,7.4,5.9,2022,11,21,18,13,32.02,0.0,4,5,33,68,0.014,0.044,5,2022-11-21T18:13:32.020Z
1014398_20221122_051200,108553,40.293742,-124.518587,7.43,3237.7,150.0,-5995.7,2.4,4.2,5.1,2022,11,22,5,12,0.25,0.0,4,4,27,52,0.013,0.043,5,2022-11-22T05:12:00.250Z
1014398_20221122_051234,108554,40.297917,-124.518994,7.683,3203.0,613.6,-5743.1,2.4,7.3,6.5,2022,11,22,5,12,34.67,0.0,2,3,17,46,0.016,0.037,5,2022-11-22T05:12:34.670Z
nc73864555_20200618_160643,108762,40.296061,-124.552661,10.955,340.4,407.5,-2470.7,1.7,2.0,2.4,2020,6,18,16,6,43.04,0.0,3,7,5,19,0.006,0.042,5,2020-06-18T16:06:43.040Z
nc73864555_20211111_115734,108763,40.295105,-124.555094,10.897,133.5,301.4,-2529.0,0.9,3.0,3.0,2021,11,11,11,57,33.95,0.0,0,4,0,2,0.001,0.001,5,2021-11-11T11:57:33.950Z
nc73864555_20220109_024812,108764,40.303866,-124.554338,9.88,197.9,1274.1,-3545.7,1.2,3.9,3.2,2022,1,9,2,48,12.5,0.0,2,1,4,9,0.002,0.065,5,2022-01-09T02:48:12.500Z
nc73864555_20220512_091134,108765,40.302413,-124.556315,10.222,29.8,1112.8,-3204.0,2.0,3.6,3.0,2022,5,12,9,11,34.26,0.0,0,5,0,11,0.016,0.028,5,2022-05-12T09:11:34.260Z
nc73864555_20220607_094901,108766,40.293123,-124.553459,10.971,272.6,81.3,-2454.6,1.1,2.5,2.4,2022,6,7,9,49,1.16,0.0,0,6,0,14,0.005,0.026,5,2022-06-07T09:49:01.160Z
1015495_20210714_151404,109011,40.30426,-124.574064,13.93,-1479.3,1318.0,504.4,3.5,8.7,5.4,2021,7,14,15,14,5.07,0.0,2,2,7,9,0.006,0.03,5,2021-07-14T15:14:05.070Z
1015495_20220515_191857,109012,40.317753,-124.572347,17.567,-1333.2,2816.2,4141.3,3.4,7.1,6.9,2022,5,15,19,18,58.04,0.0,2,1,2,0,0.006,0.037,5,2022-05-15T19:18:58.040Z
1015495_20220723_230735,109014,40.307674,-124.574447,13.601,-1511.8,1697.1,175.3,3.2,8.1,9.0,2022,7,23,23,7,35.76,0.0,4,2,14,11,0.017,0.026,5,2022-07-23T23:07:35.760Z
1016218_20220802_215539,110256,40.322795,-124.565544,11.634,-754.8,3376.0,-1792.1,2.2,4.2,3.5,2022,8,2,21,55,38.96,0.0,1,2,0,3,0.005,0.036,5,2022-08-02T21:55:38.960Z
1016218_20220802_214411,110258,40.335461,-124.562337,12.872,-482.1,4782.6,-553.6,3.0,7.4,7.6,2022,8,2,21,44,11.38,0.0,0,4,0,1,0.006,0.008,5,2022-08-02T21:44:11.380Z
1016218_20220807_151049,110264,40.335612,-124.561198,12.992,-385.3,4799.3,-433.6,1.9,6.2,6.5,2022,8,7,15,10,49.18,0.0,2,3,2,2,0.005,0.003,5,2022-08-07T15:10:49.180Z
1008269,110312,40.328145,-124.624235,10.046,-5743.9,3970.2,-3380.4,1.0,1.9,3.3,2022,12,19,12,20,31.83,1.28,58,84,55,80,0.01,0.013,5,2022-12-19T12:20:31.830Z
nc73843826,110313,40.295984,-124.557642,14.852,-83.0,399.0,1425.7,1.6,2.3,2.6,2023,2,9,8,8,42.63,2.99,60,112,57,128,0.01,0.038,5,2023-02-09T08:08:42.630Z
1017852,110357,40.293648,-124.535352,16.767,1812.2,139.6,3340.8,2.4,4.1,3.9,2023,4,23,16,9,0.24,1.48,8,38,17,29,0.01,0.041,5,2023-04-23T16:09:00.240Z
1015792,110366,40.287984,-124.53877,10.997,1521.7,-489.3,-2429.4,1.1,2.5,3.7,2023,2,15,9,40,37.84,1.3,32,13,32,24,0.008,0.038,5,2023-02-15T09:40:37.840Z
1016974,110413,40.274365,-124.557983,17.544,-112.1,-2001.6,4117.7,1.4,3.0,2.1,2023,3,25,19,24,32.48,1.25,32,71,34,90,0.007,0.026,5,2023-03-25T19:24:32.480Z
1016109,110459,40.303813,-124.544987,18.516,992.9,1268.3,5090.5,0.9,1.2,1.6,2023,2,23,1,16,2.95,1.71,29,55,35,62,0.007,0.023,5,2023-02-23T01:16:02.950Z
nc73874615,110492,40.330489,-124.567603,2.952,-929.7,4230.4,-10474.4,1.9,2.3,2.2,2023,4,17,9,13,51.62,2.06,14,52,14,53,0.014,0.029,5,2023-04-17T09:13:51.620Z
1014398,110520,40.293844,-124.519767,7.504,3137.3,161.3,-5922.4,1.3,3.1,2.2,2023,1,16,3,19,0.58,1.26,37,48,32,56,0.012,0.045,5,2023-01-16T03:19:00.580Z
nc73864555,110550,40.295174,-124.553101,10.919,303.1,309.0,-2506.7,0.9,1.9,2.0,2023,3,30,19,31,15.22,1.92,5,23,5,23,0.008,0.036,5,2023-03-30T19:31:15.220Z
1015495,110583,40.311702,-124.573039,15.081,-1392.0,2144.4,1654.9,3.4,7.8,9.4,2023,2,7,18,35,28.14,1.14,8,5,7,6,0.013,0.021,5,2023-02-07T18:35:28.140Z
1016218,110795,40.335864,-124.560596,13.042,-334.1,4827.3,-384.0,1.8,4.8,4.3,2023,2,25,22,37,46.16,1.26,3,9,2,4,0.005,0.004,5,2023-02-25T22:37:46.160Z
nc73813841_20210718_070550,109195,40.311385,-124.360417,31.9,96.2,4.1,-79.6,5.8,7.1,5.6,2021,7,18,7,5,50.08,0.0,3,11,0,0,0.006,-9.0,6,2021-07-18T07:05:50.080Z
nc73813841_20210719_041009,109199,40.311218,-124.359302,31.958,190.9,-14.5,-21.6,7.2,9.6,6.5,2021,7,19,4,10,9.6,0.0,2,6,27,73,0.014,0.058,6,2021-07-19T04:10:09.600Z
nc73813841_20210722_103645,109204,40.307263,-124.358179,31.797,286.4,-453.6,-182.9,7.2,6.5,4.9,2021,7,22,10,36,45.77,0.0,3,8,24,59,0.013,0.067,6,2021-07-22T10:36:45.770Z
nc73813841_20210723_200955,109205,40.309969,-124.361995,31.819,-38.0,-153.2,-160.9,5.9,9.8,6.8,2021,7,23,20,9,55.62,0.0,2,7,15,27,0.013,0.036,6,2021-07-23T20:09:55.620Z
nc73813841_20210724_015003,109207,40.313053,-124.361271,32.017,23.5,189.3,36.7,8.5,8.2,7.2,2021,7,24,1,50,3.48,0.0,3,9,21,71,0.007,0.043,6,2021-07-24T01:50:03.480Z
nc73813841_20210724_084149,109208,40.309721,-124.361206,31.807,29.1,-180.7,-173.1,8.9,7.7,9.2,2021,7,24,8,41,49.61,0.0,6,10,28,101,0.014,0.057,6,2021-07-24T08:41:49.610Z
nc73813841_20210724_083842,109209,40.310266,-124.362297,31.809,-63.6,-120.2,-170.5,7.5,7.7,7.3,2021,7,24,8,38,42.03,0.0,2,10,0,0,0.011,-9.0,6,2021-07-24T08:38:42.030Z
nc73813841_20210724_190205,109210,40.308785,-124.361816,31.855,-22.8,-284.7,-124.7,6.8,8.4,6.3,2021,7,24,19,2,5.22,0.0,3,8,6,20,0.015,0.037,6,2021-07-24T19:02:05.220Z
nc73813841_20210725_232057,109212,40.310234,-124.362419,31.798,-74.0,-123.8,-181.7,7.7,7.3,7.5,2021,7,25,23,20,57.4,0.0,3,10,0,0,0.012,-9.0,6,2021-07-25T23:20:57.400Z
nc73813841_20210725_200530,109213,40.308883,-124.361995,31.835,-38.0,-273.8,-144.9,7.1,9.9,6.8,2021,7,25,20,5,30.7,0.0,3,7,16,26,0.016,0.034,6,2021-07-25T20:05:30.700Z
nc73813841_20210725_184910,109214,40.312907,-124.360409,31.985,96.8,173.0,5.0,6.5,8.9,5.6,2021,7,25,18,49,10.44,0.0,1,5,15,59,0.003,0.042,6,2021-07-25T18:49:10.440Z
nc73813841_20210725_234327,109215,40.309676,-124.361743,31.803,-16.6,-185.7,-176.8,7.8,10.0,7.2,2021,7,25,23,43,27.04,0.0,2,7,10,20,0.015,0.04,6,2021-07-25T23:43:27.040Z
nc73813841_20210725_213743,109216,40.308521,-124.36084,31.849,60.2,-314.0,-130.9,6.8,9.6,6.6,2021,7,25,21,37,43.52,0.0,2,7,18,25,0.017,0.036,6,2021-07-25T21:37:43.520Z
nc73813841_20210725_072413,109217,40.308927,-124.357625,32.021,333.4,-268.8,41.3,8.9,8.1,8.4,2021,7,25,7,24,13.18,0.0,2,6,31,88,0.011,0.054,6,2021-07-25T07:24:13.180Z
nc73813841_20210726_065022,109219,40.315218,-124.361369,31.998,15.2,429.7,17.5,6.2,8.5,5.9,2021,7,26,6,50,22.34,0.0,3,6,30,72,0.007,0.066,6,2021-07-26T06:50:22.340Z
nc73813841_20210726_192724,109220,40.312504,-124.360881,31.988,56.7,128.3,8.1,5.9,7.6,5.6,2021,7,26,19,27,24.36,0.0,4,10,37,94,0.007,0.057,6,2021-07-26T19:27:24.360Z
nc73813841_20210726_233414,109222,40.308244,-124.361247,31.833,25.6,-344.7,-146.7,6.4,9.4,6.7,2021,7,26,23,34,14.56,0.0,2,6,16,20,0.017,0.03,6,2021-07-26T23:34:14.560Z
nc73813841_20210726_053510,109223,40.310901,-124.362386,31.794,-71.3,-49.7,-186.0,8.8,11.9,8.0,2021,7,26,5,35,10.1,0.0,1,5,18,58,0.015,0.06,6,2021-07-26T05:35:10.100Z
nc73813841_20210727_103725,109225,40.308586,-124.362036,31.823,-41.5,-306.8,-157.4,7.5,8.2,7.1,2021,7,27,10,37,25.11,0.0,3,9,0,0,0.014,-9.0,6,2021-07-27T10:37:25.110Z
nc73813841_20210728_193215,109226,40.309778,-124.361654,31.818,-9.0,-174.4,-161.9,7.3,9.4,6.8,2021,7,28,19,32,15.7,0.0,2,7,15,31,0.014,0.03,6,2021-07-28T19:32:15.700Z
nc73813841_20210728_023756,109227,40.310213,-124.361751,31.801,-17.3,-126.1,-179.0,7.5,8.9,6.8,2021,7,28,2,37,56.42,0.0,1,7,17,21,0.014,0.041,6,2021-07-28T02:37:56.420Z
nc73813841_20210728_052746,109228,40.310286,-124.361344,31.826,17.3,-117.9,-154.0,7.3,8.9,7.0,2021,7,28,5,27,46.98,0.0,1,6,14,50,0.014,0.037,6,2021-07-28T05:27:46.980Z
nc73813841_20210728_091247,109229,40.307918,-124.358822,31.953,231.7,-380.9,-26.8,11.1,10.6,8.6,2021,7,28,9,12,48.04,0.0,3,6,13,13,0.019,0.03,6,2021-07-28T09:12:48.040Z
nc73813841_20210729_183928,109233,40.308887,-124.361833,31.85,-24.2,-273.4,-129.6,7.2,7.8,6.6,2021,7,29,18,39,28.76,0.0,3,9,22,60,0.014,0.046,6,2021-07-29T18:39:28.760Z
nc73813841_20210730_145842,109235,40.309953,-124.362581,31.793,-87.9,-155.0,-186.8,7.4,11.7,8.0,2021,7,30,14,58,42.94,0.0,2,6,16,35,0.016,0.041,6,2021-07-30T14:58:42.940Z
nc73813841_20210730_033035,109236,40.306335,-124.357186,31.775,370.8,-556.6,-205.0,10.8,10.0,6.2,2021,7,30,3,30,35.4,0.0,4,5,55,66,0.016,0.07,6,2021-07-30T03:30:35.400Z
nc73813841_20210731_134023,109239,40.309115,-124.361938,31.821,-33.2,-248.1,-159.1,7.2,9.7,7.0,2021,7,31,13,40,24.0,0.0,2,7,15,22,0.015,0.042,6,2021-07-31T13:40:24.000Z
nc73813841_20210731_111330,109240,40.308997,-124.361955,31.798,-34.6,-261.2,-182.3,7.4,9.7,7.5,2021,7,31,11,13,30.78,0.0,2,7,15,13,0.015,0.029,6,2021-07-31T11:13:30.780Z
nc73813841_20210731_015116,109241,40.309119,-124.361654,31.85,-9.0,-247.6,-130.4,6.3,9.6,6.4,2021,7,31,1,51,16.88,0.0,2,7,16,33,0.015,0.036,6,2021-07-31T01:51:16.880Z
nc73813841_20210731_042010,109242,40.309644,-124.362036,31.757,-41.5,-189.3,-222.6,8.1,9.9,8.5,2021,7,31,4,20,10.19,0.0,2,6,18,35,0.016,0.041,6,2021-07-31T04:20:10.190Z
nc73813841_20210731_110751,109244,40.307186,-124.358016,31.78,300.2,-462.2,-199.7,7.4,6.9,5.0,2021,7,31,11,7,51.13,0.0,3,7,29,34,0.015,0.077,6,2021-07-31T11:07:51.130Z
nc73813841_20210801_165520,109245,40.314905,-124.361621,31.997,-6.2,394.9,17.4,5.3,9.0,6.3,2021,8,1,16,55,20.7,0.0,5,7,38,74,0.007,0.047,6,2021-08-01T16:55:20.700Z
nc73813841_20210801_212630,109248,40.308211,-124.360425,31.888,95.5,-348.4,-92.4,9.3,13.3,8.5,2021,8,1,21,26,31.04,0.0,4,7,19,12,0.02,0.038,6,2021-08-01T21:26:31.040Z
nc73813841_20210801_213137,109249,40.307711,-124.360067,31.927,125.9,-403.9,-53.4,9.6,11.5,8.8,2021,8,1,21,31,37.44,0.0,4,8,25,26,0.022,0.06,6,2021-08-01T21:31:37.440Z
nc73813841_20210801_163412,109251,40.303255,-124.359489,32.118,175.0,-898.7,138.0,8.3,12.7,8.6,2021,8,1,16,34,13.04,0.0,3,5,36,25,0.033,0.079,6,2021-08-01T16:34:13.040Z
nc73813841_20210802_075025,109252,40.312956,-124.360701,32.0,71.9,178.5,20.1,5.4,8.0,5.2,2021,8,2,7,50,25.84,0.0,1,5,15,66,0.003,0.048,6,2021-08-02T07:50:25.840Z
nc73813841_20210802_063421,109253,40.309379,-124.361922,31.799,-31.8,-218.7,-181.0,6.5,7.8,7.4,2021,8,2,6,34,21.13,0.0,5,11,0,0,0.015,-9.0,6,2021-08-02T06:34:21.130Z
nc73813841_20210802_114132,109255,40.306405,-124.36377,31.789,-188.9,-549.0,-190.7,14.1,25.3,10.9,2021,8,2,11,41,32.46,0.0,1,3,9,21,0.026,0.037,6,2021-08-02T11:41:32.460Z
nc73813841_20210803_024018,109256,40.309395,-124.361751,31.797,-17.3,-216.9,-183.0,7.8,10.4,7.2,2021,8,3,2,40,18.82,0.0,2,7,16,30,0.016,0.037,6,2021-08-03T02:40:18.820Z
nc73813841_20210804_211143,109257,40.309367,-124.361759,31.8,-18.0,-220.0,-180.1,7.8,10.3,7.1,2021,8,4,21,11,43.12,0.0,2,7,45,153,0.016,0.044,6,2021-08-04T21:11:43.120Z
nc73813841_20210805_093012,109258,40.309253,-124.362288,31.814,-63.0,-232.7,-165.8,8.0,7.9,7.6,2021,8,5,9,30,12.58,0.0,3,8,24,57,0.015,0.041,6,2021-08-05T09:30:12.580Z
nc73813841_20210806_205836,109259,40.309684,-124.361759,31.859,-18.0,-184.8,-120.8,6.8,8.8,6.1,2021,8,6,20,58,36.56,0.0,1,7,16,88,0.013,0.036,6,2021-08-06T20:58:36.560Z
nc73813841_20210807_140637,109262,40.303548,-124.358895,32.005,225.5,-866.2,25.0,9.9,13.5,9.4,2021,8,7,14,6,37.47,0.0,4,8,1,0,0.043,0.114,6,2021-08-07T14:06:37.470Z
nc73813841_20210809_123131,109263,40.309253,-124.362118,31.809,-48.4,-232.7,-171.5,8.9,7.9,7.8,2021,8,9,12,31,31.61,0.0,3,9,38,106,0.018,0.048,6,2021-08-09T12:31:31.610Z
nc73813841_20210810_020325,109264,40.312968,-124.360824,31.99,61.6,179.8,10.3,6.2,7.9,6.0,2021,8,10,2,3,25.44,0.0,4,8,21,46,0.007,0.047,6,2021-08-10T02:03:25.440Z
nc73813841_20210810_154138,109265,40.301632,-124.359578,32.098,167.4,-1079.0,118.5,7.4,18.2,7.9,2021,8,10,15,41,38.38,0.0,3,5,28,20,0.036,0.064,6,2021-08-10T15:41:38.380Z
nc73813841_20210812_080317,109266,40.307898,-124.354818,31.482,572.1,-383.1,-497.5,6.1,7.6,5.2,2021,8,12,8,3,16.99,0.0,6,8,0,0,0.007,-9.0,6,2021-08-12T08:03:16.990Z
nc73813841_20210813_234003,109267,40.309473,-124.362451,31.821,-76.8,-208.3,-159.5,7.2,8.3,7.1,2021,8,13,23,40,3.96,0.0,3,8,20,28,0.013,0.038,6,2021-08-13T23:40:03.960Z
nc73813841_20210813_041120,109268,40.308516,-124.354964,31.579,559.7,-314.5,-401.4,7.4,7.3,6.0,2021,8,13,4,11,20.89,0.0,3,8,20,19,0.007,0.098,6,2021-08-13T04:11:20.890Z
nc73813841_20210813_224103,109269,40.300655,-124.36014,32.083,119.7,-1187.4,103.4,5.0,11.2,6.6,2021,8,13,22,41,3.28,0.0,3,4,38,54,0.032,0.073,6,2021-08-13T22:41:03.280Z
nc73813841_20210814_061210,109270,40.30828,-124.361076,31.853,40.1,-340.7,-127.4,10.6,14.2,10.0,2021,8,14,6,12,10.83,0.0,4,6,61,111,0.021,0.05,6,2021-08-14T06:12:10.830Z
nc73813841_20210819_233320,109273,40.309212,-124.362004,31.847,-38.7,-237.2,-133.3,7.2,8.1,6.8,2021,8,19,23,33,20.88,0.0,3,9,22,60,0.014,0.049,6,2021-08-19T23:33:20.880Z
nc73813841_20210819_185801,109274,40.309037,-124.361344,31.81,17.3,-256.6,-169.7,8.0,9.4,7.5,2021,8,19,18,58,1.2,0.0,2,6,33,121,0.018,0.036,6,2021-08-19T18:58:01.200Z
nc73813841_20210819_115838,109277,40.30566,-124.359823,32.015,146.7,-631.7,34.6,10.9,9.6,9.9,2021,8,19,11,58,38.42,0.0,4,6,35,39,0.024,0.062,6,2021-08-19T11:58:38.420Z
nc73813841_20210819_140821,109278,40.310404,-124.362907,31.784,-115.5,-104.8,-195.8,7.9,10.1,7.7,2021,8,19,14,8,21.24,0.0,3,7,29,71,0.014,0.038,6,2021-08-19T14:08:21.240Z
nc73813841_20210820_180137,109279,40.308529,-124.355664,31.348,500.2,-313.1,-631.8,7.5,7.3,8.3,2021,8,20,18,1,37.28,0.0,4,5,0,0,0.014,-9.0,6,2021-08-20T18:01:37.280Z
nc73813841_20210822_134425,109280,40.314445,-124.361466,31.998,6.9,343.8,18.4,5.9,8.0,6.0,2021,8,22,13,44,25.41,0.0,6,10,46,88,0.007,0.053,6,2021-08-22T13:44:25.410Z
nc73813841_20210822_162025,109281,40.313395,-124.3611,31.985,38.0,227.3,4.7,6.1,6.4,6.0,2021,8,22,16,20,25.12,0.0,4,10,28,76,0.006,0.046,6,2021-08-22T16:20:25.120Z
nc73813841_20210822_134521,109282,40.314486,-124.361621,31.99,-6.2,348.4,9.6,5.6,8.9,6.1,2021,8,22,13,45,21.67,0.0,3,6,24,48,0.007,0.044,6,2021-08-22T13:45:21.670Z
nc73813841_20210823_224422,109284,40.307967,-124.359945,31.884,136.3,-375.5,-96.5,9.1,10.2,7.8,2021,8,23,22,44,23.0,0.0,3,6,25,30,0.018,0.037,6,2021-08-23T22:44:23.000Z
nc73813841_20210823_000005,109285,40.307402,-124.358927,31.928,222.8,-438.3,-52.0,11.1,11.4,9.5,2021,8,23,0,0,5.85,0.0,2,7,34,40,0.022,0.05,6,2021-08-23T00:00:05.850Z
nc73813841_20210824_044553,109286,40.306055,-124.360628,31.911,78.2,-587.8,-68.9,7.5,9.6,7.8,2021,8,24,4,45,53.65,0.0,4,7,40,40,0.025,0.039,6,2021-08-24T04:45:53.650Z
nc73813841_20210824_044742,109288,40.306942,-124.359147,31.951,204.1,-489.3,-29.5,11.2,14.0,9.4,2021,8,24,4,47,42.28,0.0,3,7,44,113,0.023,0.06,6,2021-08-24T04:47:42.280Z
nc73813841_20210824_110524,109289,40.306295,-124.358895,31.997,225.5,-561.2,16.6,12.2,12.1,9.9,2021,8,24,11,5,24.45,0.0,3,6,0,0,0.03,-9.0,6,2021-08-24T11:05:24.450Z
nc73813841_20210825_084230,109290,40.308915,-124.361711,31.792,-13.8,-270.2,-188.2,6.0,8.3,7.2,2021,8,25,8,42,30.31,0.0,4,9,29,73,0.015,0.055,6,2021-08-25T08:42:30.310Z
nc73813841_20210825_193913,109292,40.307524,-124.361532,31.849,1.4,-424.7,-130.6,7.7,9.3,6.9,2021,8,25,19,39,14.04,0.0,2,7,27,92,0.024,0.062,6,2021-08-25T19:39:14.040Z
nc73813841_20210827_234532,109293,40.301819,-124.359912,32.088,139.1,-1058.2,108.1,5.8,7.9,7.0,2021,8,27,23,45,32.92,0.0,4,5,36,10,0.035,0.053,6,2021-08-27T23:45:32.920Z
nc73813841_20210829_210220,109295,40.305583,-124.358968,32.027,219.3,-640.2,47.0,13.8,14.9,10.9,2021,8,29,21,2,21.04,0.0,3,5,19,17,0.027,0.054,6,2021-08-29T21:02:21.040Z
nc73813841_20210830_164016,109296,40.30754,-124.358927,31.929,222.8,-422.9,-50.9,11.2,11.3,9.5,2021,8,30,16,40,16.75,0.0,2,7,13,51,0.02,0.061,6,2021-08-30T16:40:16.750Z
nc73813841_20210831_013400,109298,40.308826,-124.361491,31.786,4.8,-280.1,-193.6,7.9,9.6,7.1,2021,8,31,1,34,0.7,0.0,2,7,19,76,0.017,0.045,6,2021-08-31T01:34:00.700Z
nc73813841_20210901_001229,109304,40.309965,-124.362565,31.806,-86.5,-153.6,-173.9,7.5,9.0,6.6,2021,9,1,0,12,29.61,0.0,2,6,16,14,0.013,0.028,6,2021-09-01T00:12:29.610Z
nc73813841_20210902_003908,109306,40.309733,-124.362663,31.78,-94.8,-179.4,-199.6,8.3,10.7,7.7,2021,9,2,0,39,8.92,0.0,3,7,16,27,0.017,0.041,6,2021-09-02T00:39:08.920Z
nc73813841_20210902_003845,109307,40.309896,-124.362419,31.772,-74.0,-161.3,-207.6,7.7,9.8,7.7,2021,9,2,0,38,45.84,0.0,3,7,18,32,0.016,0.034,6,2021-09-02T00:38:45.840Z
nc73813841_20210903_105731,109312,40.310799,-124.362882,31.761,-113.5,-61.0,-219.4,7.5,11.9,8.3,2021,9,3,10,57,31.46,0.0,1,4,28,73,0.014,0.037,6,2021-09-03T10:57:31.460Z
nc73813841_20210903_221839,109313,40.306173,-124.359701,31.989,157.0,-574.7,9.3,11.6,12.6,9.8,2021,9,3,22,18,39.24,0.0,3,8,49,32,0.027,0.058,6,2021-09-03T22:18:39.240Z
nc73813841_20210904_141557,109314,40.308923,-124.360881,31.821,56.7,-269.3,-158.7,7.0,8.3,7.4,2021,9,4,14,15,57.98,0.0,5,10,30,72,0.018,0.069,6,2021-09-04T14:15:57.980Z
nc73813841_20210904_001615,109315,40.30977,-124.362663,31.79,-94.8,-175.3,-190.3,6.7,10.6,7.5,2021,9,4,0,16,15.86,0.0,3,6,15,39,0.016,0.036,6,2021-09-04T00:16:15.860Z
nc73813841_20210904_234457,109316,40.307113,-124.361605,31.793,-4.8,-470.4,-186.9,9.8,10.3,8.4,2021,9,4,23,44,57.72,0.0,1,5,12,32,0.023,0.051,6,2021-09-04T23:44:57.720Z
nc73813841_20210905_225247,109317,40.310352,-124.363265,31.77,-146.0,-110.7,-210.0,9.8,7.6,8.9,2021,9,5,22,52,47.78,0.0,3,10,30,85,0.016,0.049,6,2021-09-05T22:52:47.780Z
nc73813841_20210905_232208,109318,40.311096,-124.360238,31.938,111.4,-28.0,-41.9,7.0,7.0,5.8,2021,9,5,23,22,8.44,0.0,4,11,16,75,0.005,0.041,6,2021-09-05T23:22:08.440Z
nc73813841_20210905_003511,109319,40.306055,-124.360506,31.896,88.6,-587.8,-84.3,11.8,14.9,10.0,2021,9,5,0,35,11.39,0.0,4,6,36,26,0.026,0.053,6,2021-09-05T00:35:11.390Z
nc73813841_20210906_052911,109322,40.303052,-124.361214,32.021,28.4,-921.3,40.6,7.4,14.3,8.3,2021,9,6,5,29,11.38,0.0,4,5,19,15,0.029,0.077,6,2021-09-06T05:29:11.380Z
nc73813841_20210909_215801,109326,40.313643,-124.363892,31.89,-199.2,254.8,-89.7,16.1,11.6,12.3,2021,9,9,21,58,1.8,0.0,0,5,0,54,0.006,0.042,6,2021-09-09T21:58:01.800Z
nc73813841_20210909_221830,109327,40.308777,-124.361751,31.856,-17.3,-285.6,-124.0,7.2,10.0,6.3,2021,9,9,22,18,30.3,0.0,3,7,25,67,0.017,0.047,6,2021-09-09T22:18:30.300Z
nc73813841_20210910_170637,109328,40.313383,-124.363363,31.55,-154.3,225.9,-430.5,10.0,6.9,10.6,2021,9,10,17,6,37.24,0.0,3,11,19,28,0.008,0.064,6,2021-09-10T17:06:37.240Z
nc73813841_20210910_102424,109329,40.316174,-124.365658,31.819,-349.3,535.9,-161.1,11.3,13.5,4.7,2021,9,10,10,24,24.17,0.0,1,3,13,29,0.008,0.07,6,2021-09-10T10:24:24.170Z
nc73813841_20210913_044824,109331,40.302356,-124.360986,31.988,47.7,-998.5,7.6,6.4,17.9,7.4,2021,9,13,4,48,24.57,0.0,3,5,8,11,0.032,0.046,6,2021-09-13T04:48:24.570Z
nc73813841_20210915_195759,109332,40.312736,-124.363338,31.588,-152.2,154.1,-391.9,9.9,7.3,10.1,2021,9,15,19,57,59.3,0.0,2,11,34,134,0.006,0.075,6,2021-09-15T19:57:59.300Z
nc73813841_20210915_063738,109335,40.311707,-124.365194,31.699,-309.9,39.8,-280.6,11.3,10.3,11.0,2021,9,15,6,37,38.07,0.0,3,8,69,174,0.017,0.056,6,2021-09-15T06:37:38.070Z
nc73813841_20210916_083704,109336,40.30863,-124.357788,31.423,319.6,-301.8,-557.1,8.0,6.8,7.7,2021,9,16,8,37,4.93,0.0,3,7,0,0,0.011,-9.0,6,2021-09-16T08:37:04.930Z
nc73813841_20210917_063605,109337,40.30402,-124.36027,31.954,108.6,-813.7,-26.2,14.3,24.9,11.9,2021,9,17,6,36,5.78,0.0,4,7,49,93,0.037,0.078,6,2021-09-17T06:36:05.780Z
nc73813841_20210917_222721,109338,40.3038,-124.362248,31.897,-59.5,-838.1,-83.3,8.8,21.1,9.3,2021,9,17,22,27,21.4,0.0,3,4,52,72,0.044,0.075,6,2021-09-17T22:27:21.400Z
nc73813841_20210917_090158,109339,40.301978,-124.360986,32.026,47.7,-1040.6,45.7,7.0,13.3,7.5,2021,9,17,9,1,58.75,0.0,3,5,32,23,0.034,0.044,6,2021-09-17T09:01:58.750Z
nc73813841_20210919_060538,109340,40.304598,-124.360368,31.947,100.3,-749.6,-33.1,9.3,16.5,9.6,2021,9,19,6,5,38.08,0.0,4,7,37,36,0.029,0.053,6,2021-09-19T06:05:38.080Z
nc73813841_20210919_030827,109341,40.307495,-124.361816,31.862,-22.8,-427.9,-118.3,9.7,10.1,9.4,2021,9,19,3,8,27.58,0.0,4,8,35,58,0.022,0.065,6,2021-09-19T03:08:27.580Z
nc73813841_20210922_000823,109342,40.312333,-124.363371,31.569,-155.0,109.3,-410.7,11.0,6.2,10.2,2021,9,22,0,8,23.36,0.0,1,9,6,60,0.009,0.085,6,2021-09-22T00:08:23.360Z
nc73813841_20210922_000255,109343,40.30894,-124.356803,31.466,403.3,-267.5,-513.5,5.8,7.9,5.8,2021,9,22,0,2,55.75,0.0,3,7,21,0,0.004,0.155,6,2021-09-22T00:02:55.750Z
nc73813841_20210925_003722,109347,40.311373,-124.35966,31.953,160.5,2.7,-27.1,7.6,9.8,6.4,2021,9,25,0,37,22.53,0.0,2,6,22,49,0.016,0.046,6,2021-09-25T00:37:22.530Z
nc73813841_20210926_062037,109348,40.30966,-124.357723,31.491,325.1,-187.5,-489.3,5.2,7.0,6.8,2021,9,26,6,20,37.85,0.0,3,9,0,0,0.006,-9.0,6,2021-09-26T06:20:37.850Z
nc73813841_20210927_044439,109349,40.303471,-124.360881,31.987,56.7,-874.7,7.0,7.7,17.0,8.4,2021,9,27,4,44,39.39,0.0,4,6,24,22,0.036,0.06,6,2021-09-27T04:44:39.390Z
nc73813841_20211025_010332,109354,40.312634,-124.36049,32.005,89.9,142.8,24.8,6.8,8.8,5.2,2021,10,25,1,3,32.84,0.0,1,6,10,43,0.003,0.041,6,2021-10-25T01:03:32.840Z
nc73813841_20211026_060831,109355,40.306592,-124.359489,31.949,175.0,-528.2,-30.5,11.5,10.3,9.7,2021,10,26,6,8,31.64,0.0,2,5,30,81,0.021,0.068,6,2021-10-26T06:08:31.640Z
nc73813841_20211122_041727,109356,40.314311,-124.361857,31.989,-26.3,328.9,9.2,5.2,8.2,6.3,2021,11,22,4,17,27.91,0.0,7,11,57,115,0.007,0.047,6,2021-11-22T04:17:27.910Z
nc73813841_20211223_090220,109357,40.304976,-124.360221,31.969,112.8,-707.6,-11.2,8.6,13.7,9.1,2021,12,23,9,2,20.28,0.0,5,7,49,37,0.026,0.047,6,2021-12-23T09:02:20.280Z
nc73813841_20211223_185552,109358,40.309062,-124.357837,31.48,315.5,-253.9,-499.7,5.3,6.7,6.2,2021,12,23,18,55,52.32,0.0,5,6,0,0,0.006,-9.0,6,2021-12-23T18:55:52.320Z
nc73813841_20211223_082756,109359,40.308407,-124.356991,31.469,387.4,-326.7,-511.4,4.9,8.4,5.3,2021,12,23,8,27,56.33,0.0,4,7,0,0,0.005,-9.0,6,2021-12-23T08:27:56.330Z
nc73813841_20211223_112440,109360,40.310323,-124.356657,31.566,415.8,-113.9,-413.8,8.2,6.5,7.9,2021,12,23,11,24,40.48,0.0,1,5,0,0,0.004,-9.0,6,2021-12-23T11:24:40.480Z
nc73813841_20211223_121631,109361,40.302702,-124.36106,32.018,41.5,-960.1,37.9,6.3,16.3,7.4,2021,12,23,12,16,31.19,0.0,3,4,21,30,0.032,0.09,6,2021-12-23T12:16:31.190Z
nc73813841_20211223_133642,109362,40.305054,-124.360376,31.991,99.6,-699.0,10.9,12.1,13.1,10.5,2021,12,23,13,36,42.64,0.0,3,5,32,54,0.033,0.072,6,2021-12-23T13:36:42.640Z
nc73813841_20211223_185715,109363,40.305127,-124.358496,32.019,259.4,-690.8,38.7,14.3,9.1,10.7,2021,12,23,18,57,15.24,0.0,4,7,15,10,0.024,0.059,6,2021-12-23T18:57:15.240Z
nc73813841_20211224_164439,109364,40.308606,-124.356128,31.549,460.7,-304.5,-430.8,5.7,7.2,5.3,2021,12,24,16,44,39.55,0.0,3,7,0,0,0.005,-9.0,6,2021-12-24T16:44:39.550Z
nc73813841_20211225_061906,109366,40.308952,-124.357308,31.445,360.4,-266.1,-535.3,6.3,7.1,6.7,2021,12,25,6,19,6.49,0.0,5,8,35,43,0.006,0.144,6,2021-12-25T06:19:06.490Z
nc73813841_20211225_162055,109367,40.305648,-124.359066,32.036,211.0,-633.0,55.9,14.4,18.3,11.1,2021,12,25,16,20,55.28,0.0,3,5,27,47,0.029,0.073,6,2021-12-25T16:20:55.280Z
nc73813841_20211225_061805,109368,40.30415,-124.362728,31.83,-100.3,-799.3,-150.3,20.1,49.7,17.5,2021,12,25,6,18,5.78,0.0,2,6,7,17,0.038,0.039,6,2021-12-25T06:18:05.780Z
nc73813841_20211225_072729,109369,40.305554,-124.359766,31.961,151.5,-643.4,-19.5,11.6,15.2,10.2,2021,12,25,7,27,29.2,0.0,3,6,27,29,0.027,0.053,6,2021-12-25T07:27:29.200Z
nc73813841_20220106_005931,109373,40.306555,-124.362321,31.812,-65.7,-532.3,-168.1,8.9,7.5,8.1,2022,1,6,0,59,31.47,0.0,3,6,19,31,0.019,0.059,6,2022-01-06T00:59:31.470Z
nc73813841_20220111_120221,109374,40.304932,-124.35634,31.75,442.8,-712.5,-229.8,9.4,6.9,8.0,2022,1,11,12,2,21.58,0.0,4,4,0,0,0.014,-9.0,6,2022-01-11T12:02:21.580Z
nc73813841_20220710_055723,109376,40.314217,-124.362223,31.953,-57.4,318.5,-26.8,5.3,8.6,6.4,2022,7,10,5,57,23.94,0.0,4,8,27,81,0.009,0.044,6,2022-07-10T05:57:23.940Z
nc73813841_20220719_002227,109379,40.314339,-124.362402,31.939,-72.6,332.1,-41.0,5.8,8.3,6.7,2022,7,19,0,22,26.98,0.0,7,10,58,137,0.009,0.05,6,2022-07-19T00:22:26.980Z
nc73813841_20220719_235152,109380,40.314962,-124.362109,31.96,-47.7,401.2,-19.5,6.4,9.8,6.8,2022,7,19,23,51,52.1,0.0,3,5,22,37,0.007,0.053,6,2022-07-19T23:51:52.100Z
nc73813841_20220725_225346,109381,40.314172,-124.361646,31.988,-8.3,313.6,7.9,6.1,8.7,6.0,2022,7,25,22,53,46.1,0.0,1,4,12,92,0.007,0.049,6,2022-07-25T22:53:46.100Z
nc73813841_20220729_195659,109382,40.314193,-124.361475,31.997,6.2,315.8,17.2,6.3,8.6,5.7,2022,7,29,19,56,59.16,0.0,1,6,33,111,0.005,0.048,6,2022-07-29T19:56:59.160Z
nc73813841_20220809_043831,109385,40.314115,-124.361922,31.949,-31.8,307.2,-30.7,5.4,7.6,6.8,2022,8,9,4,38,31.48,0.0,9,11,38,76,0.008,0.047,6,2022-08-09T04:38:31.480Z
nc73813841_20220809_184147,109386,40.31462,-124.362134,31.934,-49.8,363.3,-46.0,5.6,8.9,6.5,2022,8,9,18,41,47.9,0.0,4,6,48,96,0.006,0.059,6,2022-08-09T18:41:47.900Z
nc73813841_20220830_060339,109393,40.314624,-124.361263,31.983,24.2,363.7,3.3,5.7,8.7,5.9,2022,8,30,6,3,39.83,0.0,6,8,117,203,0.008,0.06,6,2022-08-30T06:03:39.830Z
nc73813841_20220903_120010,109395,40.314213,-124.361637,31.986,-7.6,318.1,5.9,5.7,7.8,6.1,2022,9,3,12,0,10.59,0.0,6,11,41,94,0.007,0.036,6,2022-09-03T12:00:10.590Z
nc73813841_20220914_014759,109396,40.314303,-124.361759,31.971,-18.0,328.0,-9.0,6.2,8.4,6.9,2022,9,14,1,47,59.04,0.0,5,10,39,82,0.007,0.073,6,2022-09-14T01:47:59.040Z
nc73813841_20220914_015122,109397,40.31484,-124.360978,32.009,48.4,387.7,29.3,5.5,9.1,5.9,2022,9,14,1,51,22.48,0.0,4,7,32,61,0.007,0.072,6,2022-09-14T01:51:22.480Z
nc73813841_20220928_101030,109398,40.314547,-124.361247,31.999,25.6,355.1,18.9,6.3,8.9,6.3,2022,9,28,10,10,30.04,0.0,4,6,33,67,0.007,0.059,6,2022-09-28T10:10:30.040Z
nc73813841_20221001_110021,109399,40.314242,-124.361849,31.994,-25.6,321.2,13.6,5.4,8.1,6.5,2022,10,1,11,0,21.42,0.0,9,11,39,58,0.007,0.06,6,2022-10-01T11:00:21.420Z
nc73813841_20221010_051155,109403,40.323669,-124.364518,32.624,-252.5,1368.1,643.8,21.0,29.8,19.7,2022,10,10,5,11,55.96,0.0,4,6,1,0,0.029,0.114,6,2022-10-10T05:11:55.960Z
nc73813841_20221013_135248,109404,40.31368,-124.361727,31.953,-15.2,258.9,-26.8,5.6,8.8,6.0,2022,10,13,13,52,48.67,0.0,4,6,39,71,0.006,0.044,6,2022-10-13T13:52:48.670Z
nc73813841_20221015_010650,109405,40.314685,-124.36154,31.991,0.7,370.5,11.2,5.7,8.4,6.0,2022,10,15,1,6,50.17,0.0,6,10,31,63,0.007,0.04,6,2022-10-15T01:06:50.170Z
nc73813841_20221015_074136,109406,40.315137,-124.361711,31.981,-13.8,420.7,1.4,6.0,8.6,6.2,2022,10,15,7,41,36.27,0.0,5,6,24,45,0.007,0.039,6,2022-10-15T07:41:36.270Z
nc73813841_20221020_040358,109407,40.314307,-124.361483,31.976,5.5,328.5,-4.4,5.0,9.9,5.3,2022,10,20,4,3,58.37,0.0,1,4,9,51,0.004,0.057,6,2022-10-20T04:03:58.370Z
nc73813841_20221030_125954,109408,40.314689,-124.362012,31.988,-39.4,370.9,7.9,5.6,7.6,6.3,2022,10,30,12,59,54.91,0.0,5,10,56,106,0.007,0.038,6,2022-10-30T12:59:54.910Z
nc73813841_20221118_015726,109411,40.3139,-124.361312,31.992,20.1,283.3,11.9,5.2,8.3,6.3,2022,11,18,1,57,26.72,0.0,6,10,53,115,0.007,0.05,6,2022-11-18T01:57:26.720Z
nc73813841_20221119_105449,109412,40.313847,-124.361076,31.989,40.1,277.4,9.0,5.8,7.8,5.5,2022,11,19,10,54,49.27,0.0,6,11,40,90,0.007,0.068,6,2022-11-19T10:54:49.270Z
nc73813841,110617,40.313688,-124.361694,32.09,-12.5,259.8,110.2,4.2,7.4,4.7,2022,12,2,13,23,47.54,2.13,445,979,0,0,0.017,-9.0,6,2022-12-02T13:23:47.540Z
1014547_20210404_081032,102889,40.365804,-124.141292,33.248,-5955.7,-6347.8,7890.1,6.6,4.5,3.1,2021,4,4,8,10,32.77,0.0,3,2,10,7,0.014,0.012,7,2021-04-04T08:10:32.770Z
1014547_20210404_033544,102890,40.365991,-124.143652,33.25,-6156.1,-6327.0,7892.3,6.4,4.4,3.1,2021,4,4,3,35,44.29,0.0,3,2,10,7,0.014,0.011,7,2021-04-04T03:35:44.290Z
1014547_20210404_182554,102891,40.366138,-124.143628,33.254,-6154.0,-6310.8,7896.4,6.6,4.3,3.2,2021,4,4,18,25,54.66,0.0,3,2,10,7,0.017,0.014,7,2021-04-04T18:25:54.660Z
1014547_20210719_152444,102894,40.368164,-124.145076,33.278,-6276.9,-6085.8,7919.7,10.8,9.1,5.2,2021,7,19,15,24,44.82,0.0,1,2,1,5,0.017,0.039,7,2021-07-19T15:24:44.820Z
1014547_20211220_212232,102896,40.37168,-124.147314,33.387,-6466.7,-5695.4,8029.4,9.4,5.6,3.9,2021,12,20,21,22,32.68,0.0,2,0,0,1,0.001,0.045,7,2021-12-20T21:22:32.680Z
1013712_20200322_171228,103941,40.488676,-123.982414,29.892,7526.3,7296.2,4533.6,2.7,2.6,2.4,2020,3,22,17,12,28.06,0.0,2,1,0,0,0.001,-9.0,7,2020-03-22T17:12:28.060Z
1013712_20220517_102327,103945,40.479403,-123.991268,29.779,6775.7,6266.5,4421.5,5.2,3.6,6.5,2022,5,17,10,23,27.74,0.0,2,1,0,1,0.01,0.007,7,2022-05-17T10:23:27.740Z
1013712_20220914_084134,103946,40.483626,-123.982056,30.05,7557.0,6735.5,4692.3,4.7,4.7,3.7,2022,9,14,8,41,34.64,0.0,3,0,2,1,0.004,0.027,7,2022-09-14T08:41:34.640Z
1011662_20200118_210900,104013,40.41263,-124.115658,21.445,-3778.0,-1148.1,-3913.0,5.3,3.9,3.5,2020,1,18,21,9,0.72,0.0,1,1,0,1,0.001,0.009,7,2020-01-18T21:09:00.720Z
1011662_20200402_130152,104015,40.414221,-124.118424,21.65,-4012.8,-971.4,-3707.9,2.7,2.4,2.4,2020,4,2,13,1,52.94,0.0,1,1,1,3,0.0,0.021,7,2020-04-02T13:01:52.940Z
1011662_20210118_023858,104024,40.410933,-124.115145,21.488,-3734.6,-1336.5,-3870.0,4.0,3.7,3.7,2021,1,18,2,38,58.84,0.0,1,3,2,4,0.001,0.011,7,2021-01-18T02:38:58.840Z
1011662_20211006_062737,104025,40.409721,-124.117155,21.546,-3905.2,-1471.2,-3812.2,4.0,4.0,4.5,2021,10,6,6,27,37.63,0.0,3,4,4,11,0.013,0.016,7,2021-10-06T06:27:37.630Z
1011662_20211220_230840,104028,40.425199,-124.115845,21.018,-3793.6,247.6,-4340.3,3.3,9.4,2.6,2021,12,20,23,8,40.7,0.0,1,0,0,0,0.0,-9.0,7,2021-12-20T23:08:40.700Z
nc73818551_20200129_000255,105276,40.398263,-124.095939,21.704,-2104.7,-2743.5,-3654.1,3.3,3.6,1.8,2020,1,29,0,2,55.97,0.0,1,4,13,49,0.004,0.012,7,2020-01-29T00:02:55.970Z
nc73818551_20200130_214849,105277,40.399141,-124.09554,21.671,-2070.9,-2645.9,-3686.8,2.0,2.0,1.2,2020,1,30,21,48,49.86,0.0,1,5,14,58,0.005,0.013,7,2020-01-30T21:48:49.860Z
nc73818551_20200305_210042,105278,40.39941,-124.096257,21.743,-2131.7,-2616.1,-3614.8,6.4,5.9,4.5,2020,3,5,21,0,42.58,0.0,2,7,27,74,0.015,0.013,7,2020-03-05T21:00:42.580Z
nc73818551_20201223_121331,105279,40.399988,-124.096297,21.7,-2135.1,-2552.0,-3657.6,1.6,1.7,1.5,2020,12,23,12,13,31.34,0.0,0,4,0,36,0.002,0.012,7,2020-12-23T12:13:31.340Z
nc73818551_20210101_122747,105280,40.400053,-124.094718,21.706,-2001.1,-2544.7,-3652.3,2.9,2.5,2.3,2021,1,1,12,27,47.3,0.0,3,8,18,55,0.006,0.024,7,2021-01-01T12:27:47.300Z
nc73818551_20210510_193246,105281,40.399243,-124.09646,21.713,-2148.9,-2634.6,-3645.0,2.6,2.5,1.8,2021,5,10,19,32,46.16,0.0,0,4,0,36,0.005,0.007,7,2021-05-10T19:32:46.160Z
nc73818551_20210520_101833,105282,40.398295,-124.095313,21.733,-2051.5,-2739.9,-3625.1,3.1,2.6,1.9,2021,5,20,10,18,33.84,0.0,3,8,27,88,0.006,0.012,7,2021-05-20T10:18:33.840Z
nc73818551_20211004_203435,105285,40.398458,-124.09502,21.682,-2026.7,-2721.9,-3676.0,3.2,2.8,2.9,2021,10,4,20,34,35.74,0.0,2,8,19,93,0.006,0.014,7,2021-10-04T20:34:35.740Z
nc73818551_20211031_143248,105286,40.398527,-124.096427,21.707,-2146.2,-2714.2,-3650.5,2.3,3.1,1.3,2021,10,31,14,32,47.98,0.0,2,6,22,83,0.002,0.015,7,2021-10-31T14:32:47.980Z
nc73818551_20211031_150913,105287,40.401261,-124.095711,21.659,-2085.3,-2410.5,-3699.3,2.5,2.7,2.4,2021,10,31,15,9,13.14,0.0,1,4,8,42,0.004,0.028,7,2021-10-31T15:09:13.140Z
nc73818551_20211128_043526,105289,40.398267,-124.093888,21.687,-1930.7,-2743.1,-3670.8,4.3,4.7,1.6,2021,11,28,4,35,26.21,0.0,1,4,13,51,0.003,0.021,7,2021-11-28T04:35:26.210Z
nc73818551_20220213_114303,105290,40.401168,-124.094051,21.568,-1944.4,-2420.9,-3789.5,2.7,1.7,2.2,2022,2,13,11,43,3.0,0.0,1,7,14,54,0.007,0.03,7,2022-02-13T11:43:03.000Z
nc73818551_20220405_011910,105291,40.398189,-124.095597,21.707,-2075.7,-2751.7,-3651.0,3.6,4.0,1.6,2022,4,5,1,19,10.65,0.0,1,3,13,38,0.004,0.013,7,2022-04-05T01:19:10.650Z
nc73818551_20220529_171938,105292,40.398669,-124.096493,21.666,-2151.7,-2698.4,-3692.2,2.5,2.6,1.4,2022,5,29,17,19,38.6,0.0,6,13,31,104,0.005,0.016,7,2022-05-29T17:19:38.600Z
nc73818551_20220728_065334,105293,40.398446,-124.09637,21.706,-2141.3,-2723.2,-3651.8,2.2,3.0,1.3,2022,7,28,6,53,34.26,0.0,2,6,22,82,0.002,0.015,7,2022-07-28T06:53:34.260Z
nc73818551_20220822_043443,105295,40.398702,-124.09598,21.724,-2108.2,-2694.7,-3634.4,2.3,2.6,2.3,2022,8,22,4,34,43.35,0.0,2,8,22,92,0.006,0.014,7,2022-08-22T04:34:43.350Z
nc73818551_20221104_223807,105296,40.399019,-124.096134,21.709,-2121.3,-2659.5,-3648.5,1.8,2.5,1.6,2022,11,4,22,38,7.08,0.0,2,7,22,90,0.005,0.012,7,2022-11-04T22:38:07.080Z
1014326_20200218_225446,106489,40.43374,-123.981868,25.078,7575.6,1196.0,-280.4,4.4,4.8,4.7,2020,2,18,22,54,46.88,0.0,3,0,7,0,0.009,0.02,7,2020-02-18T22:54:46.880Z
1014326_20210626_101206,106490,40.440002,-123.981242,25.504,7628.4,1891.4,145.7,3.0,2.6,3.7,2021,6,26,10,12,6.35,0.0,1,0,3,1,0.0,0.008,7,2021-06-26T10:12:06.350Z
1014326_20210710_122845,106491,40.441044,-123.974943,25.481,8162.9,2007.1,122.7,3.2,3.6,4.0,2021,7,10,12,28,45.86,0.0,3,1,0,0,0.003,-9.0,7,2021-07-10T12:28:45.860Z
nc73855500_20200225_115137,106872,40.394218,-124.058691,30.572,1056.9,-3192.7,5213.9,5.3,2.4,4.1,2020,2,25,11,51,38.06,0.0,1,1,1,0,0.0,0.012,7,2020-02-25T11:51:38.060Z
nc73855500_20200319_103636,106873,40.40686,-124.052091,29.823,1617.0,-1788.8,4464.9,6.0,6.5,5.3,2020,3,19,10,36,36.2,0.0,0,4,0,3,0.018,0.004,7,2020-03-19T10:36:36.200Z
nc73855500_20211221_001007,106875,40.409037,-124.063281,29.859,667.2,-1547.1,4501.4,7.5,3.9,4.9,2021,12,21,0,10,7.36,0.0,2,1,0,0,0.01,-9.0,7,2021-12-21T00:10:07.360Z
1013692_20221019_001529,107831,40.46521,-124.036361,22.654,2950.8,4690.5,-2704.0,2.7,2.1,2.8,2022,10,19,0,15,29.2,0.0,2,0,5,0,0.0,0.015,7,2022-10-19T00:15:29.200Z
1014531_20200318_222634,107832,40.379736,-124.132967,32.988,-5248.4,-4800.7,7630.3,4.3,5.0,2.1,2020,3,18,22,26,34.06,0.0,0,2,0,1,0.0,0.0,7,2020-03-18T22:26:34.060Z
1014531_20210804_032209,107841,40.372514,-124.135661,32.856,-5477.4,-5602.8,7497.9,3.7,5.1,1.7,2021,8,4,3,22,9.32,0.0,1,3,1,3,0.004,0.015,7,2021-08-04T03:22:09.320Z
nc73840536_20200319_060427,108026,40.433988,-123.976937,30.6,7994.1,1223.6,5242.5,6.8,8.1,7.3,2020,3,19,6,4,27.62,0.0,0,3,0,4,0.013,0.032,7,2020-03-19T06:04:27.620Z
nc73840536_20200405_074043,108027,40.418982,-123.981413,30.612,7615.1,-442.8,5253.8,6.0,10.5,6.1,2020,4,5,7,40,43.49,0.0,2,0,0,0,0.004,-9.0,7,2020-04-05T07:40:43.490Z
nc73840536_20211229_085756,108029,40.431999,-123.979451,30.653,7780.8,1002.6,5295.1,7.5,7.9,6.4,2021,12,29,8,57,56.56,0.0,0,3,1,3,0.012,0.017,7,2021-12-29T08:57:56.560Z
1013739_20200415_020545,108443,40.453133,-124.035522,26.26,3022.2,3349.5,902.1,6.6,4.8,5.6,2020,4,15,2,5,45.37,0.0,2,0,0,0,0.007,-9.0,7,2020-04-15T02:05:45.370Z
1013739_20200913_114412,108444,40.440743,-124.037752,25.572,2833.3,1973.6,214.4,6.0,5.8,2.9,2020,9,13,11,44,12.66,0.0,4,0,12,3,0.01,0.031,7,2020-09-13T11:44:12.660Z
1013739_20210405_213201,108445,40.445101,-124.035905,25.516,2989.9,2457.5,158.4,4.6,5.0,4.7,2021,4,5,21,32,1.32,0.0,2,1,13,5,0.003,0.029,7,2021-04-05T21:32:01.320Z
1013739_20210628_162802,108446,40.449219,-124.039819,24.739,2657.7,2914.8,-619.3,3.9,4.6,4.4,2021,6,28,16,28,2.88,0.0,2,2,1,3,0.005,0.043,7,2021-06-28T16:28:02.880Z
1013606_20200530_150602,108619,40.447795,-124.026937,26.137,3750.8,2756.6,779.3,2.2,3.8,4.0,2020,5,30,15,6,2.21,0.0,1,1,11,5,0.003,0.032,7,2020-05-30T15:06:02.210Z
1013606_20211015_191007,108621,40.458272,-124.018571,26.254,4460.3,3920.1,896.3,3.2,3.0,3.8,2021,10,15,19,10,7.88,0.0,1,1,0,1,0.013,0.048,7,2021-10-15T19:10:07.880Z
1016629_20210617_123513,108875,40.35977,-124.103337,23.201,-2733.4,-7017.9,-2157.3,4.7,3.2,1.2,2021,6,17,12,35,14.0,0.0,2,0,1,0,0.002,0.018,7,2021-06-17T12:35:14.000Z
1016629_20211216_023444,108883,40.370532,-124.105029,23.327,-2876.9,-5822.8,-2030.7,3.7,5.5,5.2,2021,12,16,2,34,44.35,0.0,2,1,0,0,0.012,-9.0,7,2021-12-16T02:34:44.350Z
1013611_20200824_143742,108968,40.464156,-123.992326,22.94,6686.7,4573.5,-2417.7,3.2,3.0,4.0,2020,8,24,14,37,42.06,0.0,1,1,0,0,0.027,-9.0,7,2020-08-24T14:37:42.060Z
1013611_20200930_064449,108969,40.454964,-123.983008,23.124,7477.8,3552.8,-2233.9,8.8,6.5,2.2,2020,9,30,6,44,49.46,0.0,0,1,0,0,0.0,-9.0,7,2020-09-30T06:44:49.460Z
1010185_20201004_213236,109100,40.371659,-124.160246,30.97,-7564.6,-5697.6,5611.9,3.9,4.2,2.5,2020,10,4,21,32,36.7,0.0,3,1,0,1,0.003,0.008,7,2020-10-04T21:32:36.700Z
1010185_20211019_072657,109102,40.366581,-124.172632,30.574,-8616.4,-6261.5,5216.4,3.2,5.8,3.4,2021,10,19,7,26,57.25,0.0,1,3,2,1,0.007,0.014,7,2021-10-19T07:26:57.250Z
1010185_20211220_205153,109104,40.365507,-124.172087,30.559,-8570.2,-6380.8,5200.9,3.5,5.5,3.5,2021,12,20,20,51,53.66,0.0,4,5,4,4,0.02,0.011,7,2021-12-20T20:51:53.660Z
1013641_20210219_204855,109499,40.466988,-123.973755,22.502,8262.1,4887.9,-2855.5,2.8,4.3,2.4,2021,2,19,20,48,55.44,0.0,1,0,0,0,0.0,-9.0,7,2021-02-19T20:48:55.440Z
1013641_20210614_214119,109500,40.467733,-123.979932,22.027,7738.0,4970.6,-3330.9,5.5,4.5,3.9,2021,6,14,21,41,19.16,0.0,3,1,60,28,0.01,0.014,7,2021-06-14T21:41:19.160Z
1013641_20210614_214247,109503,40.469556,-123.980046,22.097,7728.3,5173.1,-3260.7,4.6,7.4,4.1,2021,6,14,21,42,47.16,0.0,2,1,24,13,0.009,0.018,7,2021-06-14T21:42:47.160Z
1013641_20210614_224453,109505,40.465857,-123.978589,21.978,7852.1,4762.3,-3379.9,2.6,2.6,2.6,2021,6,14,22,44,53.3,0.0,5,1,66,17,0.012,0.015,7,2021-06-14T22:44:53.300Z
1013641_20210614_215105,109506,40.469373,-123.980168,22.094,7717.9,5152.7,-3263.5,4.8,7.4,4.4,2021,6,14,21,51,5.36,0.0,2,1,24,13,0.009,0.018,7,2021-06-14T21:51:05.360Z
1013641_20210614_225203,109507,40.46665,-123.97994,21.972,7737.4,4850.4,-3385.7,6.0,5.5,4.1,2021,6,14,22,52,3.62,0.0,3,1,47,16,0.012,0.012,7,2021-06-14T22:52:03.620Z
1013641_20210614_150025,109508,40.468079,-123.978353,22.033,7871.9,5009.0,-3325.3,4.7,6.5,2.8,2021,6,14,15,0,25.18,0.0,3,1,49,26,0.011,0.02,7,2021-06-14T15:00:25.180Z
1013641_20210615_094032,109510,40.466549,-123.978564,22.027,7854.1,4839.2,-3330.9,3.4,3.2,2.7,2021,6,15,9,40,32.59,0.0,4,1,71,30,0.013,0.014,7,2021-06-15T09:40:32.590Z
1013641_20210615_061315,109511,40.467362,-123.980485,21.992,7691.1,4929.5,-3366.1,5.5,4.5,3.2,2021,6,15,6,13,15.6,0.0,3,1,48,16,0.01,0.012,7,2021-06-15T06:13:15.600Z
1013641_20210615_052454,109513,40.466602,-123.979557,21.972,7769.9,4845.0,-3386.2,4.4,3.9,3.4,2021,6,15,5,24,54.64,0.0,4,1,53,15,0.011,0.013,7,2021-06-15T05:24:54.640Z
1013641_20210615_035823,109514,40.469499,-123.979834,22.068,7746.2,5166.7,-3290.4,4.3,7.5,4.8,2021,6,15,3,58,23.37,0.0,2,1,24,13,0.01,0.018,7,2021-06-15T03:58:23.370Z
1013641_20210615_032441,109515,40.466842,-123.978923,21.958,7823.7,4871.7,-3399.9,3.6,3.1,3.0,2021,6,15,3,24,41.66,0.0,4,1,57,16,0.012,0.014,7,2021-06-15T03:24:41.660Z
1013641_20210615_070548,109516,40.46698,-123.978776,22.031,7836.1,4887.0,-3327.4,3.4,2.7,2.7,2021,6,15,7,5,48.15,0.0,3,1,59,28,0.016,0.014,7,2021-06-15T07:05:48.150Z
1013641_20210615_032710,109517,40.46639,-123.978573,21.99,7853.4,4821.5,-3367.6,3.6,3.1,3.1,2021,6,15,3,27,10.86,0.0,4,1,55,16,0.014,0.011,7,2021-06-15T03:27:10.860Z
1013641_20210615_074009,109518,40.466585,-123.978328,21.991,7874.1,4843.2,-3367.4,3.1,3.0,2.9,2021,6,15,7,40,9.3,0.0,5,1,77,30,0.012,0.016,7,2021-06-15T07:40:09.300Z
1013641_20210615_064613,109519,40.466187,-123.978044,21.989,7898.3,4798.9,-3368.8,3.8,3.6,3.3,2021,6,15,6,46,13.06,0.0,5,1,70,18,0.014,0.017,7,2021-06-15T06:46:13.060Z
1013641_20210615_000036,109520,40.466524,-123.979053,22.02,7812.7,4836.4,-3338.2,3.6,3.8,2.6,2021,6,15,0,0,36.54,0.0,4,1,59,17,0.009,0.018,7,2021-06-15T00:00:36.540Z
1013641_20210615_050236,109522,40.469153,-123.979297,22.041,7791.8,5128.3,-3317.2,3.3,5.7,2.7,2021,6,15,5,2,36.14,0.0,2,1,14,12,0.007,0.023,7,2021-06-15T05:02:36.140Z
1013641_20210615_044205,109523,40.466406,-123.97863,22.07,7848.6,4823.3,-3287.5,2.8,3.1,2.8,2021,6,15,4,42,5.03,0.0,4,1,71,30,0.01,0.018,7,2021-06-15T04:42:05.030Z
1013641_20210615_101932,109524,40.466532,-123.978589,22.026,7852.0,4837.3,-3332.2,3.1,2.5,3.0,2021,6,15,10,19,32.59,0.0,5,1,78,30,0.012,0.016,7,2021-06-15T10:19:32.590Z
1013641_20210615_062801,109525,40.466248,-123.978141,21.979,7890.0,4805.7,-3378.6,2.6,2.9,2.8,2021,6,15,6,28,1.18,0.0,5,1,70,18,0.009,0.016,7,2021-06-15T06:28:01.180Z
1013641_20210616_012903,109526,40.465951,-123.978524,21.983,7857.6,4772.7,-3374.9,2.7,2.6,2.5,2021,6,16,1,29,3.38,0.0,5,1,72,18,0.012,0.017,7,2021-06-16T01:29:03.380Z
1013641_20210624_145533,109527,40.469076,-123.978638,22.037,7847.7,5119.7,-3320.6,3.3,6.6,4.7,2021,6,24,14,55,33.59,0.0,2,1,24,14,0.01,0.018,7,2021-06-24T14:55:33.590Z
1013641_20220812_012023,109529,40.460636,-123.978646,22.133,7847.5,4182.6,-3224.8,4.7,4.1,4.5,2022,8,12,1,20,23.64,0.0,2,4,15,8,0.011,0.039,7,2022-08-12T01:20:23.640Z
1013641_20220823_134009,109530,40.464461,-123.980965,22.024,7650.5,4607.4,-3333.6,3.0,3.6,2.7,2022,8,23,13,40,9.93,0.0,3,1,43,16,0.009,0.046,7,2022-08-23T13:40:09.930Z
nc73827591_20210220_003106,109531,40.441838,-124.008789,28.337,5290.9,2095.2,2978.6,6.4,3.7,2.8,2021,2,20,0,31,6.72,0.0,0,3,0,2,0.011,0.045,7,2021-02-20T00:31:06.720Z
nc73827591_20210525_015735,109532,40.435396,-124.010376,28.653,5156.5,1379.9,3294.8,3.9,4.0,2.2,2021,5,25,1,57,35.19,0.0,0,6,0,9,0.016,0.034,7,2021-05-25T01:57:35.190Z
1013612_20210628_123110,109662,40.389693,-124.038241,29.475,2792.9,-3695.1,4117.4,5.7,9.3,4.8,2021,6,28,12,31,10.04,0.0,1,2,1,3,0.018,0.034,7,2021-06-28T12:31:10.040Z
1017702_20211109_194834,109806,40.383984,-124.249414,26.93,-15133.3,-4329.0,1571.8,4.5,7.0,5.6,2021,11,9,19,48,34.6,0.0,1,2,2,1,0.006,0.026,7,2021-11-09T19:48:34.600Z
1017702_20211220_215350,109807,40.38868,-124.247054,26.873,-14932.4,-3807.6,1515.5,3.3,4.0,3.2,2021,12,20,21,53,50.24,0.0,3,7,5,10,0.01,0.02,7,2021-12-20T21:53:50.240Z
1017702_20211221_175614,109812,40.388477,-124.241488,26.786,-14460.0,-3830.2,1427.9,4.7,3.1,2.4,2021,12,21,17,56,14.42,0.0,0,4,0,6,0.003,0.007,7,2021-12-21T17:56:14.420Z
1017702_20211221_104255,109813,40.386906,-124.246826,27.098,-14913.3,-4004.6,1739.8,4.1,6.7,2.5,2021,12,21,10,42,55.64,0.0,2,2,2,1,0.011,0.01,7,2021-12-21T10:42:55.640Z
1017702_20211221_003647,109814,40.388403,-124.241536,26.789,-14464.1,-3838.3,1431.2,4.6,3.1,2.4,2021,12,21,0,36,47.52,0.0,0,4,0,6,0.003,0.007,7,2021-12-21T00:36:47.520Z
1017702_20211221_064731,109816,40.387891,-124.269759,26.949,-16859.9,-3895.3,1590.6,5.5,4.7,2.3,2021,12,21,6,47,32.01,0.0,3,1,2,1,0.001,0.002,7,2021-12-21T06:47:32.010Z
1017702_20211221_053404,109819,40.390397,-124.230436,26.571,-13521.7,-3616.9,1213.0,18.1,3.5,4.6,2021,12,21,5,34,4.41,0.0,2,1,2,1,0.006,0.038,7,2021-12-21T05:34:04.410Z
1017702_20211221_014243,109820,40.394784,-124.245768,26.789,-14822.6,-3129.9,1430.7,9.4,8.5,5.4,2021,12,21,1,42,43.33,0.0,2,2,3,5,0.009,0.014,7,2021-12-21T01:42:43.330Z
1017702_20211221_000622,109822,40.387321,-124.240877,26.787,-14408.3,-3958.5,1429.4,7.9,4.0,2.5,2021,12,21,0,6,22.52,0.0,0,4,0,2,0.007,0.001,7,2021-12-21T00:06:22.520Z
1017702_20211221_032633,109824,40.376855,-124.248535,26.007,-15059.5,-5120.6,649.0,3.5,6.5,3.9,2021,12,21,3,26,33.34,0.0,2,0,1,1,0.001,0.008,7,2021-12-21T03:26:33.340Z
1017702_20211221_062647,109825,40.386621,-124.26814,27.026,-16722.6,-4036.2,1667.6,4.0,5.2,2.3,2021,12,21,6,26,47.52,0.0,0,2,0,2,0.001,0.06,7,2021-12-21T06:26:47.520Z
1017702_20211224_124623,109827,40.382629,-124.248796,26.98,-15081.0,-4479.5,1621.9,7.6,3.6,4.2,2021,12,24,12,46,23.86,0.0,1,2,1,2,0.005,0.005,7,2021-12-24T12:46:23.860Z
1017702_20211226_091412,109829,40.395174,-124.261865,27.08,-16188.9,-3086.5,1722.0,8.4,4.5,3.3,2021,12,26,9,14,12.22,0.0,1,1,0,0,0.001,-9.0,7,2021-12-26T09:14:12.220Z
1017702_20220108_170829,109831,40.384603,-124.243449,26.419,-14626.9,-4260.4,1061.0,10.2,9.3,7.3,2022,1,8,17,8,29.24,0.0,2,2,0,0,0.016,-9.0,7,2022-01-08T17:08:29.240Z
1017702_20220125_113158,109832,40.388424,-124.243091,26.731,-14596.1,-3836.1,1373.5,6.0,4.2,2.6,2022,1,25,11,31,58.55,0.0,0,2,1,3,0.0,0.005,7,2022-01-25T11:31:58.550Z
1017702_20221019_205936,109835,40.372083,-124.258285,27.014,-15887.7,-5650.6,1656.4,6.2,11.8,5.5,2022,10,19,20,59,36.56,0.0,2,1,1,1,0.012,0.021,7,2022-10-19T20:59:36.560Z
nc73832996_20211220_225959,110135,40.399581,-124.147087,21.642,-6446.1,-2597.1,-3715.5,3.9,4.2,1.4,2021,12,20,22,59,59.46,0.0,0,1,0,1,0.0,0.02,7,2021-12-20T22:59:59.460Z
1013638_20221123_055944,110284,40.465873,-124.019686,26.358,4365.5,4764.1,1000.0,3.8,4.2,1.6,2022,11,23,5,59,44.71,0.0,2,0,11,0,0.006,0.02,7,2022-11-23T05:59:44.710Z
1014547,110309,40.365324,-124.141357,33.267,-5961.3,-6401.1,7908.9,6.1,4.6,3.2,2023,1,19,5,8,4.7,1.05,12,8,12,13,0.015,0.023,7,2023-01-19T05:08:04.700Z
1013712,110329,40.482861,-123.986507,29.576,7179.4,6650.6,4218.0,2.1,2.3,2.2,2023,1,2,1,54,21.81,1.0,7,2,2,2,0.006,0.024,7,2023-01-02T01:54:21.810Z
1011662,110333,40.411043,-124.119401,21.453,-4095.8,-1324.3,-3904.9,2.7,3.5,3.2,2022,12,23,0,32,6.83,0.86,7,9,5,10,0.009,0.009,7,2022-12-23T00:32:06.830Z
nc73827581,110358,40.447461,-124.01757,26.314,4545.6,2719.6,956.3,4.5,5.0,4.3,2023,1,1,18,46,17.94,1.73,0,0,37,14,-9.0,0.023,7,2023-01-01T18:46:17.940Z
nc73818551,110363,40.39919,-124.096403,21.687,-2144.1,-2640.5,-3671.1,2.0,1.8,1.6,2022,12,14,10,39,54.75,1.83,30,106,31,106,0.006,0.014,7,2022-12-14T10:39:54.750Z
1014454,110389,40.455489,-124.017749,27.118,4530.1,3611.1,1760.4,5.9,6.2,5.4,2023,1,17,6,16,20.57,0.99,0,0,28,8,-9.0,0.029,7,2023-01-17T06:16:20.570Z
1014326,110405,40.434159,-123.983203,25.466,7462.3,1242.5,107.9,3.5,3.6,3.5,2023,1,14,2,18,4.55,1.07,7,1,7,2,0.006,0.01,7,2023-01-14T02:18:04.550Z
nc73855500,110419,40.401587,-124.054728,29.99,1393.2,-2374.4,4632.0,5.8,3.1,4.7,2023,3,11,22,2,2.22,2.25,3,6,4,3,0.014,0.034,7,2023-03-11T22:02:02.220Z
1013692,110456,40.464303,-124.036434,21.995,2944.6,4589.7,-3362.8,2.7,2.1,2.7,2023,1,1,23,43,15.86,0.87,2,0,9,2,0.0,0.012,7,2023-01-01T23:43:15.860Z
1014531,110457,40.37325,-124.138908,32.94,-5753.0,-5521.0,7582.3,3.7,4.0,1.3,2023,1,18,23,33,23.22,1.29,1,5,6,11,0.003,0.029,7,2023-01-18T23:33:23.220Z
nc73840536,110472,40.427588,-123.975439,30.713,8121.5,512.8,5355.3,5.1,6.0,5.0,2023,2,1,13,7,8.78,2.17,2,6,2,7,0.011,0.023,7,2023-02-01T13:07:08.780Z
1013644,110493,40.437594,-123.996956,29.477,6295.1,1623.9,4119.4,5.9,7.2,6.1,2023,1,1,20,39,27.2,0.9,0,0,14,9,-9.0,0.029,7,2023-01-01T20:39:27.200Z
1013739,110503,40.443319,-124.0354,25.561,3032.8,2259.6,203.3,3.6,3.5,2.4,2023,1,2,5,55,55.72,1.08,10,3,41,19,0.007,0.02,7,2023-01-02T05:55:55.720Z
1013606,110536,40.447673,-124.020247,26.121,4318.4,2743.1,763.3,2.4,3.0,3.4,2023,1,1,19,9,40.48,1.03,2,2,40,20,0.01,0.033,7,2023-01-01T19:09:40.480Z
1016629,110563,40.365129,-124.109212,23.139,-3232.1,-6422.8,-2219.3,3.9,3.6,3.9,2023,3,13,6,22,55.31,1.07,4,1,1,0,0.01,0.018,7,2023-03-13T06:22:55.310Z
1013611,110576,40.456226,-123.99965,23.383,6065.7,3692.8,-1975.2,3.2,3.0,2.1,2023,1,1,19,17,41.72,1.12,1,2,21,1,0.022,0.044,7,2023-01-01T19:17:41.720Z
1010185,110601,40.363928,-124.170833,30.439,-8463.9,-6556.1,5080.8,2.4,3.2,2.1,2022,12,21,11,23,41.76,0.93,8,9,4,5,0.015,0.015,7,2022-12-21T11:23:41.760Z
1013625,110606,40.449915,-124.001196,28.225,5934.8,2992.1,2866.8,7.8,8.4,8.1,2023,1,1,19,51,1.96,0.91,0,0,16,6,-9.0,0.032,7,2023-01-01T19:51:01.960Z
1017715,110616,40.440841,-124.037492,25.839,2855.4,1984.5,481.2,4.0,3.6,3.4,2023,4,19,4,14,25.11,0.93,0,0,23,13,-9.0,0.015,7,2023-04-19T04:14:25.110Z
1013641,110639,40.461051,-123.979118,22.149,7807.5,4228.7,-3209.2,2.9,3.3,2.5,2023,1,1,20,22,17.34,1.37,85,27,57,20,0.011,0.039,7,2023-01-01T20:22:17.340Z
nc73827591,110640,40.436206,-124.013647,29.04,4878.8,1469.8,3681.9,4.5,3.8,1.7,2023,1,1,18,55,10.0,2.21,0,9,20,6,0.015,0.033,7,2023-01-01T18:55:10.000Z
1013612,110668,40.396358,-124.046427,29.508,2097.9,-2955.0,4150.3,5.9,8.8,4.7,2023,1,1,19,18,40.68,1.27,1,2,2,3,0.018,0.05,7,2023-01-01T19:18:40.680Z
1013598,110693,40.459493,-124.040967,25.416,2560.2,4055.7,57.6,4.8,4.9,5.4,2023,1,1,19,3,59.64,1.01,0,0,25,13,-9.0,0.017,7,2023-01-01T19:03:59.640Z
1013842,110701,40.456067,-124.02216,24.893,4155.9,3675.2,-464.5,4.7,4.6,4.8,2023,1,2,23,43,1.56,1.21,0,0,40,15,-9.0,0.018,7,2023-01-02T23:43:01.560Z
1013259,110704,40.47677,-124.045671,23.797,2160.8,5974.2,-1561.1,5.3,4.7,4.3,2022,12,29,13,14,49.84,1.45,0,0,7,4,-9.0,0.016,7,2022-12-29T13:14:49.840Z
1017702,110709,40.387048,-124.246305,26.782,-14869.1,-3988.8,1424.5,2.9,3.2,2.4,2023,4,18,21,0,30.1,1.34,21,37,14,26,0.008,0.018,7,2023-04-18T21:00:30.100Z
nc73832996,110733,40.412093,-124.129329,22.019,-4938.4,-1207.8,-3339.1,7.0,8.1,1.4,2023,1,17,1,49,9.24,2.75,0,1,0,3,0.0,0.026,7,2023-01-17T01:49:09.240Z
nc73827601,110764,40.424512,-123.980737,24.648,7672.1,171.2,-710.0,2.1,2.8,3.9,2023,1,1,19,14,27.96,2.17,0,0,2,2,-9.0,0.007,7,2023-01-01T19:14:27.960Z
1014883,110775,40.427344,-124.063802,27.498,622.9,485.7,2140.3,4.4,4.1,4.0,2023,1,25,22,4,46.58,1.02,0,0,10,1,-9.0,0.016,7,2023-01-25T22:04:46.580Z
1015285,110792,40.435323,-124.028459,24.148,3622.0,1371.8,-1209.7,4.3,4.5,5.2,2023,2,2,4,36,49.58,0.83,0,0,19,12,-9.0,0.015,7,2023-02-02T04:36:49.580Z
1013638,110811,40.461983,-124.030778,27.733,3424.5,4332.2,2375.1,4.0,4.4,1.4,2023,1,1,20,19,37.12,1.15,2,0,32,4,0.006,0.027,7,2023-01-01T20:19:37.120Z
1015586_20200108_082406,101567,40.500244,-124.328784,18.982,24.8,28.0,34.3,3.4,3.3,3.6,2020,1,8,8,24,6.85,0.0,4,4,14,12,0.008,0.017,8,2020-01-08T08:24:06.850Z
1015586_20200204_050353,101570,40.500297,-124.329118,18.957,-3.4,33.9,9.7,3.9,3.7,3.8,2020,2,4,5,3,53.76,0.0,4,4,16,25,0.008,0.014,8,2020-02-04T05:03:53.760Z
1015586_20200321_080018,101586,40.499618,-124.330168,18.868,-92.4,-41.6,-79.4,5.4,6.2,5.8,2020,3,21,8,0,18.84,0.0,3,4,20,25,0.016,0.019,8,2020-03-21T08:00:18.840Z
1015586_20200321_115233,101587,40.498698,-124.332821,18.826,-317.3,-143.7,-122.0,9.4,6.7,6.1,2020,3,21,11,52,33.3,0.0,1,2,7,0,0.015,0.058,8,2020-03-21T11:52:33.300Z
1015586_20200323_015303,101588,40.499581,-124.330379,18.917,-110.4,-45.6,-30.8,5.1,5.9,5.8,2020,3,23,1,53,3.72,0.0,3,4,9,13,0.015,0.013,8,2020-03-23T01:53:03.720Z
1015586_20200324_022909,101591,40.499296,-124.330461,18.826,-117.3,-77.3,-121.4,5.7,6.0,6.4,2020,3,24,2,29,9.6,0.0,3,4,0,0,0.018,-9.0,8,2020-03-24T02:29:09.600Z
1015586_20200326_113846,101595,40.499784,-124.330713,18.88,-138.7,-23.0,-68.0,5.4,6.1,5.5,2020,3,26,11,38,46.88,0.0,3,4,43,54,0.017,0.017,8,2020-03-26T11:38:46.880Z
1015586_20200331_081944,101598,40.499805,-124.330119,18.91,-88.3,-20.8,-37.9,6.4,7.3,7.3,2020,3,31,8,19,44.25,0.0,3,4,10,17,0.019,0.01,8,2020-03-31T08:19:44.250Z
1015586_20200404_025806,101600,40.499662,-124.330249,18.874,-99.3,-36.6,-73.8,4.8,5.9,4.2,2020,4,4,2,58,6.78,0.0,3,3,4,4,0.01,0.026,8,2020-04-04T02:58:06.780Z
1015586_20200429_094336,101609,40.497624,-124.331372,18.593,-194.5,-263.0,-354.9,3.2,6.6,6.1,2020,4,29,9,43,36.77,0.0,0,1,0,0,0.0,-9.0,8,2020-04-29T09:43:36.770Z
1015586_20200502_104051,101611,40.499308,-124.33055,18.853,-124.9,-75.9,-95.2,4.7,5.7,5.4,2020,5,2,10,40,51.55,0.0,3,3,18,34,0.012,0.018,8,2020-05-02T10:40:51.550Z
1015586_20200505_231201,101617,40.499447,-124.331315,18.769,-189.7,-60.5,-178.4,5.1,5.6,4.6,2020,5,5,23,12,1.6,0.0,2,3,24,50,0.019,0.016,8,2020-05-05T23:12:01.600Z
1015586_20200627_022412,101642,40.499943,-124.329134,19.013,-4.8,-5.4,65.2,3.0,2.6,4.8,2020,6,27,2,24,12.74,0.0,1,3,10,0,0.007,0.006,8,2020-06-27T02:24:12.740Z
1015586_20200722_190204,101651,40.500028,-124.328866,19.016,17.9,4.1,67.9,3.3,3.3,7.3,2020,7,22,19,2,4.88,0.0,2,2,25,25,0.013,0.017,8,2020-07-22T19:02:04.880Z
1015586_20200727_230449,101656,40.499634,-124.329989,18.997,-77.3,-39.8,48.9,5.5,5.6,5.9,2020,7,27,23,4,49.56,0.0,2,2,29,28,0.012,0.011,8,2020-07-27T23:04:49.560Z
1015586_20200809_094222,101664,40.501082,-124.328206,19.025,73.8,121.1,77.4,4.1,5.8,6.1,2020,8,9,9,42,22.34,0.0,1,3,0,0,0.007,-9.0,8,2020-08-09T09:42:22.340Z
1015586_20200917_052731,101707,40.499561,-124.329362,19.018,-24.1,-47.9,69.8,3.0,2.7,5.5,2020,9,17,5,27,31.81,0.0,1,3,9,1,0.008,0.011,8,2020-09-17T05:27:31.810Z
1015586_20201007_215258,101718,40.50011,-124.329036,18.991,3.4,13.1,42.7,3.1,3.6,4.4,2020,10,7,21,52,58.22,0.0,1,3,0,5,0.006,0.005,8,2020-10-07T21:52:58.220Z
1015586_20201011_094133,101724,40.499915,-124.329272,18.97,-16.6,-8.6,21.8,3.2,3.4,3.0,2020,10,11,9,41,33.18,0.0,1,3,0,7,0.005,0.016,8,2020-10-11T09:41:33.180Z
1015586_20201015_134448,101728,40.500077,-124.328939,18.975,11.7,9.5,27.5,3.2,2.9,3.9,2020,10,15,13,44,48.0,0.0,1,3,4,12,0.004,0.008,8,2020-10-15T13:44:48.000Z
1015586_20201103_043004,101733,40.50107,-124.32854,18.934,45.5,119.7,-14.0,5.4,6.0,5.1,2020,11,3,4,30,3.98,0.0,1,3,0,0,0.015,-9.0,8,2020-11-03T04:30:03.980Z
1015586_20201104_220331,101734,40.500126,-124.329183,18.949,-9.0,14.9,1.2,2.7,3.3,2.9,2020,11,4,22,3,31.04,0.0,2,2,10,10,0.004,0.016,8,2020-11-04T22:03:31.040Z
1015586_20201107_065227,101738,40.499182,-124.329338,19.009,-22.1,-89.9,61.1,3.7,4.0,4.5,2020,11,7,6,52,27.34,0.0,1,3,0,0,0.006,-9.0,8,2020-11-07T06:52:27.340Z
1015586_20210206_170025,101769,40.499715,-124.329167,18.989,-7.6,-30.7,41.0,3.0,3.3,4.2,2021,2,6,17,0,25.16,0.0,2,3,10,5,0.006,0.005,8,2021-02-06T17:00:25.160Z
1015586_20210602_103238,101805,40.500122,-124.330143,18.999,-90.4,14.5,51.4,4.6,2.7,3.8,2021,6,2,10,32,38.31,0.0,2,2,0,0,0.008,-9.0,8,2021-06-02T10:32:38.310Z
1015586_20210630_192657,101815,40.499626,-124.329451,19.036,-31.7,-40.7,88.0,3.5,4.0,4.9,2021,6,30,19,26,57.24,0.0,4,4,11,10,0.01,0.011,8,2021-06-30T19:26:57.240Z
1015586_20210701_070705,101821,40.499723,-124.329395,19.018,-26.9,-29.8,70.3,3.2,3.6,4.3,2021,7,1,7,7,5.6,0.0,4,4,12,2,0.009,0.025,8,2021-07-01T07:07:05.600Z
1015586_20210702_193209,101827,40.499809,-124.328719,19.042,30.4,-20.3,94.6,4.0,4.2,5.6,2021,7,2,19,32,9.36,0.0,0,4,0,22,0.01,0.01,8,2021-07-02T19:32:09.360Z
1015586_20210705_100014,101830,40.499731,-124.329354,19.019,-23.5,-28.9,71.6,3.4,3.5,4.3,2021,7,5,10,0,14.66,0.0,4,4,13,14,0.011,0.012,8,2021-07-05T10:00:14.660Z
1015586_20210707_001955,101831,40.499727,-124.329102,18.979,-2.1,-29.4,31.1,3.1,3.2,3.6,2021,7,7,0,19,55.42,0.0,4,4,22,26,0.008,0.019,8,2021-07-07T00:19:55.420Z
1015586_20210729_073732,101847,40.500016,-124.328703,19.015,31.7,2.7,67.2,4.6,3.3,4.6,2021,7,29,7,37,32.96,0.0,1,4,10,1,0.007,0.006,8,2021-07-29T07:37:32.960Z
1015586_20210810_192916,101849,40.500358,-124.328866,19.002,17.9,40.7,54.3,4.1,3.3,3.4,2021,8,10,19,29,16.64,0.0,4,4,4,2,0.006,0.011,8,2021-08-10T19:29:16.640Z
1015586_20210811_110746,101851,40.500151,-124.328825,18.979,21.4,17.6,31.2,3.9,3.3,4.0,2021,8,11,11,7,46.75,0.0,4,4,14,9,0.006,0.022,8,2021-08-11T11:07:46.750Z
1015586_20210816_072605,101854,40.500073,-124.329215,18.963,-11.7,9.0,14.9,3.6,2.8,3.5,2021,8,16,7,26,5.7,0.0,4,4,30,2,0.005,0.017,8,2021-08-16T07:26:05.700Z
1015586_20210826_215311,101857,40.499581,-124.32915,18.99,-6.2,-45.6,42.7,3.3,3.8,4.8,2021,8,26,21,53,11.22,0.0,4,4,26,33,0.01,0.016,8,2021-08-26T21:53:11.220Z
1015586_20211013_005349,101872,40.500114,-124.329386,19.003,-26.2,13.6,55.0,5.9,5.6,5.7,2021,10,13,0,53,49.85,0.0,1,3,0,0,0.017,-9.0,8,2021-10-13T00:53:49.850Z
1015586_20211024_032802,101877,40.499866,-124.329199,18.972,-10.3,-14.0,24.0,3.6,3.9,4.6,2021,10,24,3,28,2.91,0.0,4,4,9,9,0.011,0.008,8,2021-10-24T03:28:02.910Z
1015586_20211122_120121,101883,40.499731,-124.329297,19.02,-18.6,-28.9,72.3,3.4,3.6,4.4,2021,11,22,12,1,21.52,0.0,4,4,18,1,0.011,0.005,8,2021-11-22T12:01:21.520Z
1015586_20211203_111604,101888,40.500407,-124.328784,18.952,24.8,46.1,3.8,4.3,4.1,2.6,2021,12,3,11,16,4.32,0.0,1,3,10,27,0.008,0.013,8,2021-12-03T11:16:04.320Z
1015586_20211211_082410,101889,40.501062,-124.328223,19.055,72.4,118.8,107.0,4.0,6.1,6.6,2021,12,11,8,24,10.22,0.0,1,3,0,0,0.009,-9.0,8,2021-12-11T08:24:10.220Z
1015586_20211217_041533,101891,40.500354,-124.328149,19.009,78.6,40.2,61.6,4.3,3.8,4.2,2021,12,17,4,15,33.12,0.0,0,4,0,15,0.008,0.014,8,2021-12-17T04:15:33.120Z
1015586_20211220_232140,101897,40.499357,-124.3302,18.966,-95.2,-70.5,17.9,3.6,3.3,3.0,2021,12,20,23,21,40.62,0.0,4,4,12,24,0.008,0.02,8,2021-12-20T23:21:40.620Z
1015586_20211221_002802,101902,40.499471,-124.330135,18.966,-89.7,-57.8,18.1,3.3,3.0,3.1,2021,12,21,0,28,2.92,0.0,4,4,11,7,0.007,0.006,8,2021-12-21T00:28:02.920Z
1015586_20211221_000657,101903,40.499577,-124.329883,18.978,-68.3,-46.1,30.6,3.1,2.9,3.4,2021,12,21,0,6,57.22,0.0,4,4,20,33,0.005,0.013,8,2021-12-21T00:06:57.220Z
1015586_20211221_000532,101905,40.499459,-124.330184,18.964,-93.8,-59.2,15.7,3.4,3.0,3.1,2021,12,21,0,5,32.38,0.0,4,4,15,19,0.007,0.018,8,2021-12-21T00:05:32.380Z
1015586_20211221_045549,101910,40.499817,-124.329744,19.0,-56.6,-19.4,51.8,4.6,3.4,4.4,2021,12,21,4,55,49.02,0.0,1,3,14,37,0.007,0.018,8,2021-12-21T04:55:49.020Z
1015586_20211221_054449,101918,40.496313,-124.332308,18.531,-273.9,-408.5,-416.5,6.0,6.0,5.8,2021,12,21,5,44,49.74,0.0,1,2,10,8,0.002,0.018,8,2021-12-21T05:44:49.740Z
1015586_20211221_134948,101919,40.500578,-124.332935,19.511,-327.0,65.1,563.4,8.2,16.5,14.0,2021,12,21,13,49,48.09,0.0,1,0,0,0,0.0,-9.0,8,2021-12-21T13:49:48.090Z
1015586_20211222_134052,101921,40.499544,-124.329728,18.974,-55.2,-49.7,25.9,3.3,2.9,3.4,2021,12,22,13,40,52.24,0.0,3,4,25,31,0.007,0.012,8,2021-12-22T13:40:52.240Z
1015586_20211226_001630,101931,40.499471,-124.329785,18.958,-60.0,-57.8,10.2,3.3,3.1,3.0,2021,12,26,0,16,30.6,0.0,3,4,15,21,0.005,0.016,8,2021-12-26T00:16:30.600Z
1015586_20220101_065317,101946,40.499491,-124.330933,18.913,-157.3,-55.6,-34.3,4.2,3.4,5.1,2022,1,1,6,53,17.65,0.0,4,4,29,41,0.008,0.018,8,2022-01-01T06:53:17.650Z
1015586_20220101_015243,101948,40.499862,-124.329867,18.915,-66.9,-14.5,-32.4,5.2,2.4,3.7,2022,1,1,1,52,43.98,0.0,2,2,24,23,0.003,0.011,8,2022-01-01T01:52:43.980Z
1015586_20220101_015323,101951,40.499308,-124.330949,18.898,-158.7,-75.9,-49.7,4.3,3.3,4.8,2022,1,1,1,53,23.85,0.0,4,4,5,2,0.007,0.008,8,2022-01-01T01:53:23.850Z
1015586_20220101_014834,101952,40.499296,-124.330843,18.898,-149.7,-77.3,-49.4,4.2,3.4,4.7,2022,1,1,1,48,34.91,0.0,4,4,16,19,0.006,0.017,8,2022-01-01T01:48:34.910Z
1015586_20220101_094108,101953,40.499207,-124.331519,18.923,-207.0,-87.2,-25.1,4.8,3.9,4.5,2022,1,1,9,41,8.93,0.0,4,4,7,11,0.007,0.024,8,2022-01-01T09:41:08.930Z
1015586_20220101_020256,101954,40.499447,-124.331079,18.922,-169.7,-60.5,-26.0,4.2,3.4,5.1,2022,1,1,2,2,56.53,0.0,4,4,15,19,0.008,0.021,8,2022-01-01T02:02:56.530Z
1015586_20220101_041215,101955,40.499239,-124.331445,18.919,-200.7,-83.6,-28.8,4.7,3.7,4.4,2022,1,1,4,12,15.75,0.0,4,4,25,20,0.007,0.019,8,2022-01-01T04:12:15.750Z
1015586_20220101_134911,101958,40.499398,-124.332975,18.924,-330.4,-66.0,-23.5,8.5,4.2,5.5,2022,1,1,13,49,11.08,0.0,2,3,33,42,0.019,0.02,8,2022-01-01T13:49:11.080Z
1015586_20220102_064908,101965,40.499219,-124.331372,18.926,-194.5,-85.8,-22.3,4.6,3.7,4.3,2022,1,2,6,49,8.99,0.0,4,4,28,31,0.007,0.021,8,2022-01-02T06:49:08.990Z
1015586_20220102_015353,101966,40.499544,-124.33068,18.963,-135.9,-49.7,15.7,3.5,2.2,2.8,2022,1,2,1,53,53.08,0.0,1,3,0,0,0.002,-9.0,8,2022-01-02T01:53:53.080Z
1015586_20220102_161044,101968,40.499337,-124.333382,18.943,-364.9,-72.7,-5.1,7.9,4.6,4.6,2022,1,2,16,10,44.74,0.0,1,3,15,28,0.007,0.015,8,2022-01-02T16:10:44.740Z
1015586_20220102_160256,101969,40.49893,-124.333057,18.951,-337.3,-117.9,3.0,7.4,6.0,5.3,2022,1,2,16,2,56.65,0.0,2,3,13,15,0.005,0.025,8,2022-01-02T16:02:56.650Z
1015586_20220106_040728,101979,40.499894,-124.329256,18.97,-15.2,-10.8,22.6,3.0,3.0,3.5,2022,1,6,4,7,28.08,0.0,4,4,11,13,0.011,0.007,8,2022-01-06T04:07:28.080Z
1015586_20220127_211613,102007,40.498983,-124.333309,18.997,-358.7,-112.1,49.7,6.8,4.6,4.0,2022,1,27,21,16,13.56,0.0,2,2,22,22,0.007,0.022,8,2022-01-27T21:16:13.560Z
1015586_20220208_020412,102014,40.50002,-124.329199,18.986,-10.3,3.2,38.0,4.0,3.5,4.0,2022,2,8,2,4,12.55,0.0,2,3,13,20,0.012,0.017,8,2022-02-08T02:04:12.550Z
1015586_20220217_231642,102020,40.499902,-124.328996,18.988,6.9,-9.9,40.6,3.1,2.6,4.0,2022,2,17,23,16,42.54,0.0,3,4,13,14,0.007,0.013,8,2022-02-17T23:16:42.540Z
1015586_20220218_153338,102021,40.499862,-124.329305,18.967,-19.3,-14.5,19.7,3.2,2.2,3.2,2022,2,18,15,33,38.9,0.0,2,3,8,0,0.004,0.005,8,2022-02-18T15:33:38.900Z
1015586_20220219_022448,102023,40.500419,-124.328027,19.014,89.0,47.4,66.2,4.6,4.3,4.3,2022,2,19,2,24,48.48,0.0,0,4,0,15,0.008,0.016,8,2022-02-19T02:24:48.480Z
1015586_20220224_104146,102028,40.500313,-124.328654,19.004,35.9,35.7,56.7,4.5,3.4,5.0,2022,2,24,10,41,46.25,0.0,1,3,7,15,0.009,0.015,8,2022-02-24T10:41:46.250Z
1015586_20220225_160605,102030,40.499841,-124.329793,18.984,-60.7,-16.7,36.7,4.3,3.2,3.3,2022,2,25,16,6,5.31,0.0,2,3,16,14,0.017,0.007,8,2022-02-25T16:06:05.310Z
1015586_20220305_072447,102034,40.500061,-124.328866,19.005,17.9,7.7,57.4,5.6,6.2,7.3,2022,3,5,7,24,47.27,0.0,3,4,17,25,0.016,0.017,8,2022-03-05T07:24:47.270Z
1015586_20220306_144127,102035,40.499849,-124.329818,18.987,-62.8,-15.8,39.7,3.4,3.3,3.8,2022,3,6,14,41,27.15,0.0,2,3,40,50,0.01,0.013,8,2022-03-06T14:41:27.150Z
1015586_20220308_150538,102037,40.499015,-124.321305,18.782,658.8,-108.4,-165.5,6.0,3.1,4.5,2022,3,8,15,5,38.24,0.0,2,1,3,3,0.003,0.028,8,2022-03-08T15:05:38.240Z
1015586_20220311_035517,102041,40.49967,-124.329639,19.033,-47.6,-35.7,85.2,4.4,3.2,5.3,2022,3,11,3,55,17.33,0.0,2,4,11,0,0.018,0.014,8,2022-03-11T03:55:17.330Z
1015586_20220321_152514,102047,40.499227,-124.330623,18.939,-131.1,-84.9,-8.4,7.9,5.8,6.1,2022,3,21,15,25,14.32,0.0,2,2,38,50,0.015,0.03,8,2022-03-21T15:25:14.320Z
1015586_20220323_123203,102049,40.499805,-124.329313,18.978,-20.0,-20.8,29.8,4.8,4.5,4.7,2022,3,23,12,32,2.99,0.0,2,4,13,21,0.017,0.016,8,2022-03-23T12:32:02.990Z
1015586_20220323_200819,102050,40.498783,-124.32146,18.81,645.7,-134.2,-137.3,9.5,2.3,6.4,2022,3,23,20,8,19.94,0.0,2,0,2,0,0.003,0.054,8,2022-03-23T20:08:19.940Z
1015586_20220329_233809,102052,40.499927,-124.329582,18.995,-42.8,-7.2,46.8,3.7,3.2,3.8,2022,3,29,23,38,9.8,0.0,3,3,0,0,0.01,-9.0,8,2022-03-29T23:38:09.800Z
1015586_20220330_083544,102053,40.499955,-124.328906,18.988,14.5,-4.1,39.9,3.7,2.5,4.0,2022,3,30,8,35,44.72,0.0,2,4,6,17,0.007,0.006,8,2022-03-30T08:35:44.720Z
1015586_20220402_033315,102054,40.500151,-124.329679,18.908,-51.0,17.6,-39.8,3.9,3.8,5.0,2022,4,2,3,33,15.28,0.0,2,2,0,5,0.011,0.003,8,2022-04-02T03:33:15.280Z
1015586_20220407_111009,102055,40.499028,-124.321761,18.71,620.2,-107.1,-237.4,5.4,2.9,2.9,2022,4,7,11,10,9.56,0.0,2,1,6,7,0.001,0.006,8,2022-04-07T11:10:09.560Z
1015586_20220409_143819,102057,40.499084,-124.330721,18.914,-139.3,-100.8,-33.4,7.7,4.7,5.1,2022,4,9,14,38,19.4,0.0,2,2,24,25,0.017,0.035,8,2022-04-09T14:38:19.400Z
1015586_20220410_083007,102058,40.499585,-124.3302,18.946,-95.2,-45.2,-1.8,7.5,5.6,6.4,2022,4,10,8,30,6.98,0.0,2,3,10,12,0.022,0.022,8,2022-04-10T08:30:06.980Z
1015586_20220411_045323,102059,40.500061,-124.328752,18.953,27.6,7.7,5.1,5.4,5.2,5.7,2022,4,11,4,53,23.59,0.0,3,3,19,19,0.02,0.017,8,2022-04-11T04:53:23.590Z
1015586_20220413_091730,102060,40.500077,-124.329232,18.976,-13.1,9.5,28.4,3.6,2.6,3.2,2022,4,13,9,17,30.04,0.0,3,4,9,17,0.008,0.009,8,2022-04-13T09:17:30.040Z
1015586_20220413_093206,102061,40.500004,-124.329093,19.011,-1.4,1.4,63.0,4.1,3.7,4.5,2022,4,13,9,32,6.25,0.0,2,4,12,23,0.015,0.013,8,2022-04-13T09:32:06.250Z
1015586_20220415_142229,102065,40.499752,-124.332617,18.967,-300.1,-26.7,18.8,5.8,4.1,3.9,2022,4,15,14,22,29.14,0.0,2,2,21,20,0.011,0.018,8,2022-04-15T14:22:29.140Z
1015586_20220418_121246,102069,40.498779,-124.321533,18.8,639.5,-134.6,-148.1,10.8,2.5,6.0,2022,4,18,12,12,46.35,0.0,2,0,4,2,0.003,0.032,8,2022-04-18T12:12:46.350Z
1015586_20220511_103701,102081,40.499707,-124.328638,18.927,37.3,-31.6,-20.6,4.1,4.3,4.5,2022,5,11,10,37,0.98,0.0,4,3,19,26,0.024,0.03,8,2022-05-11T10:37:00.980Z
1015586_20220520_162039,102089,40.499532,-124.32911,19.056,-2.8,-51.1,108.1,3.6,4.2,6.6,2022,5,20,16,20,39.27,0.0,4,4,9,15,0.014,0.013,8,2022-05-20T16:20:39.270Z
1015586_20220526_032429,102091,40.498779,-124.321672,18.794,627.8,-134.6,-154.0,10.8,2.0,6.3,2022,5,26,3,24,29.49,0.0,2,0,5,2,0.004,0.039,8,2022-05-26T03:24:29.490Z
1015586_20220628_094535,102106,40.50009,-124.329378,18.949,-25.5,10.8,1.3,3.6,2.8,3.5,2022,6,28,9,45,35.36,0.0,3,3,21,20,0.006,0.016,8,2022-06-28T09:45:35.360Z
1015586_20220705_032304,102110,40.499723,-124.32959,19.042,-43.5,-29.8,94.6,3.1,2.7,5.0,2022,7,5,3,23,4.95,0.0,1,3,5,13,0.007,0.007,8,2022-07-05T03:23:04.950Z
1015586_20220725_042934,102117,40.496151,-124.332218,18.534,-266.3,-426.5,-413.6,9.4,8.6,8.4,2022,7,25,4,29,34.6,0.0,1,3,0,0,0.011,-9.0,8,2022-07-25T04:29:34.600Z
1015586_20220802_102500,102120,40.500232,-124.329093,18.999,-1.4,26.7,51.0,3.4,2.9,4.0,2022,8,2,10,25,0.9,0.0,2,3,10,17,0.007,0.013,8,2022-08-02T10:25:00.900Z
1015586_20220813_060705,102123,40.500094,-124.329191,18.962,-9.7,11.3,14.7,3.6,2.9,3.5,2022,8,13,6,7,5.24,0.0,4,4,51,65,0.005,0.014,8,2022-08-13T06:07:05.240Z
1015586_20220821_112727,102126,40.500085,-124.329191,18.962,-9.7,10.4,13.9,3.6,2.8,3.5,2022,8,21,11,27,27.64,0.0,4,4,0,4,0.005,0.01,8,2022-08-21T11:27:27.640Z
1015586_20220829_185744,102132,40.499719,-124.328695,18.928,32.4,-30.3,-20.0,5.7,6.1,7.2,2022,8,29,18,57,44.54,0.0,4,4,7,9,0.025,0.033,8,2022-08-29T18:57:44.540Z
1015586_20220830_092656,102133,40.499703,-124.329134,19.024,-4.8,-32.1,76.6,4.2,3.4,5.7,2022,8,30,9,26,56.21,0.0,2,4,9,22,0.014,0.013,8,2022-08-30T09:26:56.210Z
1015586_20220911_220121,102134,40.499333,-124.33291,18.994,-324.9,-73.2,46.2,7.6,5.1,3.7,2022,9,11,22,1,21.54,0.0,3,1,9,0,0.008,0.033,8,2022-09-11T22:01:21.540Z
1015586_20220912_082928,102135,40.500134,-124.32902,18.974,4.8,15.8,26.0,3.5,2.9,3.1,2022,9,12,8,29,28.62,0.0,2,4,4,10,0.006,0.006,8,2022-09-12T08:29:28.620Z
1015586_20220912_035243,102136,40.49884,-124.333382,19.001,-364.9,-127.9,53.2,6.4,4.8,5.0,2022,9,12,3,52,43.35,0.0,4,2,31,19,0.009,0.029,8,2022-09-12T03:52:43.350Z
1015586_20220918_014924,102137,40.50009,-124.328971,18.989,9.0,10.8,41.7,3.7,2.9,3.4,2022,9,18,1,49,24.88,0.0,3,4,13,20,0.005,0.016,8,2022-09-18T01:49:24.880Z
1015586_20221004_054214,102142,40.499353,-124.329354,19.02,-23.5,-70.9,72.7,4.0,4.2,5.3,2022,10,4,5,42,14.32,0.0,4,4,76,104,0.014,0.016,8,2022-10-04T05:42:14.320Z
1015586_20221007_074809,102145,40.500875,-124.327889,18.971,100.7,98.0,23.5,5.7,5.1,4.2,2022,10,7,7,48,9.67,0.0,1,4,2,6,0.011,0.017,8,2022-10-07T07:48:09.670Z
1015586_20221011_185044,102147,40.49954,-124.328963,19.065,9.7,-50.2,117.1,4.4,3.8,6.8,2022,10,11,18,50,44.38,0.0,2,2,13,4,0.011,0.016,8,2022-10-11T18:50:44.380Z
1015586_20221013_135024,102148,40.501042,-124.327718,18.992,115.2,116.6,43.9,6.6,5.9,5.5,2022,10,13,13,50,24.81,0.0,1,3,8,24,0.013,0.02,8,2022-10-13T13:50:24.810Z
1015586_20221112_143534,102154,40.500256,-124.328898,18.967,15.2,29.4,19.6,3.9,3.1,3.1,2022,11,12,14,35,34.34,0.0,2,4,1,0,0.006,0.005,8,2022-11-12T14:35:34.340Z
1015586_20221114_085117,102155,40.500208,-124.328857,18.977,18.6,23.9,29.7,3.6,3.4,2.8,2022,11,14,8,51,17.18,0.0,0,4,0,45,0.003,0.017,8,2022-11-14T08:51:17.180Z
1015586_20221115_093543,102157,40.499866,-124.329102,18.98,-2.1,-14.0,31.9,3.0,2.9,3.6,2022,11,15,9,35,43.08,0.0,4,4,67,89,0.007,0.014,8,2022-11-15T09:35:43.080Z
1015586_20221116_055841,102159,40.499772,-124.331396,18.9,-196.6,-24.4,-47.9,9.1,7.1,7.7,2022,11,16,5,58,41.5,0.0,1,3,6,18,0.024,0.017,8,2022-11-16T05:58:41.500Z
1015586_20221119_192621,102162,40.499699,-124.329378,18.968,-25.5,-32.5,20.3,3.8,3.0,2.5,2022,11,19,19,26,21.64,0.0,1,3,19,59,0.006,0.011,8,2022-11-19T19:26:21.640Z
1015586_20221120_085254,102164,40.499984,-124.329134,18.976,-4.8,-0.9,28.5,3.3,2.8,3.4,2022,11,20,8,52,54.7,0.0,4,4,34,48,0.007,0.014,8,2022-11-20T08:52:54.700Z
1015586_20221120_122250,102166,40.500639,-124.328044,19.02,87.6,71.8,71.8,6.9,6.2,5.3,2022,11,20,12,22,50.86,0.0,2,4,3,2,0.015,0.01,8,2022-11-20T12:22:50.860Z
1015586_20221130_020802,102174,40.500024,-124.32889,18.986,15.9,3.6,37.8,3.6,3.5,3.9,2022,11,30,2,8,2.96,0.0,1,3,14,43,0.006,0.011,8,2022-11-30T02:08:02.960Z
1015586,110299,40.500118,-124.328923,18.944,13.1,14.0,-3.5,3.0,2.5,3.1,2023,2,9,16,51,34.4,0.9,277,367,110,150,0.011,0.014,8,2023-02-09T16:51:34.400Z
1008695_20211207_213347,109853,40.466825,-124.351864,20.364,-19.3,2.7,3.9,8.3,6.0,6.9,2021,12,7,21,33,47.9,0.0,2,4,0,0,0.0,-9.0,9,2021-12-07T21:33:47.900Z
1008695_20211207_214553,109854,40.466825,-124.351872,20.364,-20.0,2.7,4.3,8.1,6.4,7.1,2021,12,7,21,45,53.56,0.0,3,4,0,0,0.0,-9.0,9,2021-12-07T21:45:53.560Z
1008695_20211207_122622,109855,40.466878,-124.351896,20.378,-22.1,8.6,17.6,8.4,6.2,7.8,2021,12,7,12,26,22.2,0.0,3,4,0,0,0.005,-9.0,9,2021-12-07T12:26:22.200Z
1008695_20211207_220432,109856,40.466821,-124.351864,20.364,-19.3,2.3,4.0,8.0,6.2,6.9,2021,12,7,22,4,32.88,0.0,3,4,0,0,0.0,-9.0,9,2021-12-07T22:04:32.880Z
1008695_20211207_214559,109857,40.466821,-124.351855,20.364,-18.6,2.3,3.5,8.3,6.1,7.1,2021,12,7,21,45,59.74,0.0,1,4,0,0,0.0,-9.0,9,2021-12-07T21:45:59.740Z
1008695_20211207_095827,109859,40.466943,-124.351742,20.376,-9.0,15.8,15.8,9.5,7.1,7.6,2021,12,7,9,58,27.36,0.0,2,3,0,0,0.004,-9.0,9,2021-12-07T09:58:27.360Z
1008695_20211207_094654,109860,40.466728,-124.351815,20.367,-15.2,-8.1,7.4,9.2,7.1,9.8,2021,12,7,9,46,54.32,0.0,2,2,0,0,0.004,-9.0,9,2021-12-07T09:46:54.320Z
1008695_20211207_125401,109861,40.466829,-124.351855,20.364,-18.6,3.2,4.1,7.9,6.8,7.0,2021,12,7,12,54,1.48,0.0,2,2,0,0,0.0,-9.0,9,2021-12-07T12:54:01.480Z
1008695_20211207_093907,109863,40.466911,-124.351807,20.371,-14.5,12.2,11.2,8.1,7.5,7.4,2021,12,7,9,39,7.72,0.0,2,2,0,0,0.004,-9.0,9,2021-12-07T09:39:07.720Z
1008695_20211208_022209,109864,40.466829,-124.351953,20.371,-26.9,3.2,11.5,8.8,6.9,7.0,2021,12,8,2,22,9.14,0.0,3,4,0,0,0.005,-9.0,9,2021-12-08T02:22:09.140Z
1008695_20211208_044020,109865,40.466911,-124.351807,20.372,-14.5,12.2,12.2,8.4,7.4,7.6,2021,12,8,4,40,20.14,0.0,2,2,0,0,0.004,-9.0,9,2021-12-08T04:40:20.140Z
1008695_20211208_073043,109866,40.466829,-124.351855,20.364,-18.6,3.2,4.1,8.0,6.8,7.0,2021,12,8,7,30,43.74,0.0,2,2,0,0,0.0,-9.0,9,2021-12-08T07:30:43.740Z
1008695_20211217_085833,109868,40.466829,-124.351855,20.364,-18.6,3.2,4.4,7.9,6.7,7.2,2021,12,17,8,58,33.98,0.0,2,3,0,0,0.0,-9.0,9,2021-12-17T08:58:33.980Z
1008695_20211222_130947,109872,40.46663,-124.351831,20.356,-16.6,-19.0,-4.2,10.1,7.3,9.1,2021,12,22,13,9,47.4,0.0,2,3,0,0,0.005,-9.0,9,2021-12-22T13:09:47.400Z
1008695_20211222_130835,109873,40.466821,-124.352059,20.379,-35.9,2.3,18.6,9.0,7.0,8.4,2021,12,22,13,8,35.4,0.0,2,3,0,0,0.004,-9.0,9,2021-12-22T13:08:35.400Z
1008695_20211223_173659,109878,40.466752,-124.35214,20.368,-42.8,-5.4,8.1,10.5,7.9,6.8,2021,12,23,17,36,59.88,0.0,1,3,0,0,0.002,-9.0,9,2021-12-23T17:36:59.880Z
1008695_20211231_211347,109879,40.46698,-124.351864,20.367,-19.3,19.9,7.4,10.0,7.2,9.2,2021,12,31,21,13,47.34,0.0,4,6,0,0,0.005,-9.0,9,2021-12-31T21:13:47.340Z
1008695_20211231_232215,109880,40.466813,-124.351872,20.365,-20.0,1.4,5.0,8.1,6.2,7.0,2021,12,31,23,22,15.2,0.0,3,5,0,0,0.0,-9.0,9,2021-12-31T23:22:15.200Z
1008695_20211231_210105,109881,40.466715,-124.352344,20.374,-60.0,-9.5,14.3,12.3,9.0,8.7,2021,12,31,21,1,5.38,0.0,3,6,0,0,0.007,-9.0,9,2021-12-31T21:01:05.380Z
1008695_20211231_225929,109882,40.466524,-124.352295,20.357,-55.9,-30.7,-3.5,14.3,12.5,7.9,2021,12,31,22,59,29.26,0.0,4,6,0,0,0.006,-9.0,9,2021-12-31T22:59:29.260Z
1008695_20211231_214134,109884,40.466764,-124.351961,20.355,-27.6,-4.1,-4.7,9.1,8.4,6.8,2021,12,31,21,41,34.54,0.0,3,4,0,0,0.007,-9.0,9,2021-12-31T21:41:34.540Z
1008695_20211231_232235,109885,40.466772,-124.351782,20.366,-12.4,-3.2,6.1,8.6,5.9,9.4,2021,12,31,23,22,35.98,0.0,2,4,0,0,0.004,-9.0,9,2021-12-31T23:22:35.980Z
1008695_20211231_213652,109886,40.466532,-124.352205,20.355,-48.3,-29.8,-4.9,13.9,10.0,8.4,2021,12,31,21,36,52.16,0.0,1,4,0,0,0.005,-9.0,9,2021-12-31T21:36:52.160Z
1008695_20211231_212431,109887,40.466939,-124.351367,20.336,22.8,15.4,-24.3,18.8,10.0,13.8,2021,12,31,21,24,31.88,0.0,3,5,0,0,0.021,-9.0,9,2021-12-31T21:24:31.880Z
1008695_20211231_222302,109889,40.466988,-124.351668,20.379,-2.8,20.8,18.5,9.1,7.6,8.4,2021,12,31,22,23,2.42,0.0,2,3,0,0,0.007,-9.0,9,2021-12-31T22:23:02.420Z
1008695_20211231_212844,109890,40.467102,-124.351286,20.347,29.7,33.4,-12.7,8.2,7.2,9.0,2021,12,31,21,28,44.32,0.0,3,4,0,0,0.014,-9.0,9,2021-12-31T21:28:44.320Z
1008695_20211231_205905,109892,40.467126,-124.351855,20.335,-18.6,36.1,-24.5,20.3,17.5,12.0,2021,12,31,20,59,5.8,0.0,1,4,0,0,0.02,-9.0,9,2021-12-31T20:59:05.800Z
1008695_20211231_222836,109893,40.466703,-124.35118,20.362,38.7,-10.8,1.9,18.4,15.4,16.3,2021,12,31,22,28,36.4,0.0,2,2,0,0,0.016,-9.0,9,2021-12-31T22:28:36.400Z
1008695_20211231_213409,109894,40.466626,-124.351424,20.365,17.9,-19.4,5.3,19.4,15.0,16.1,2021,12,31,21,34,9.24,0.0,2,2,0,0,0.017,-9.0,9,2021-12-31T21:34:09.240Z
1008695_20211231_212201,109897,40.466382,-124.351359,20.344,23.5,-46.5,-15.8,20.7,16.5,18.3,2021,12,31,21,22,1.64,0.0,2,2,0,0,0.014,-9.0,9,2021-12-31T21:22:01.640Z
1008695_20211231_212644,109899,40.466154,-124.351196,20.32,37.3,-71.8,-40.0,24.1,18.4,21.9,2021,12,31,21,26,44.16,0.0,2,2,0,0,0.019,-9.0,9,2021-12-31T21:26:44.160Z
1008695_20211231_212928,109900,40.466239,-124.351628,20.34,0.7,-62.4,-19.9,19.1,14.8,16.0,2021,12,31,21,29,28.36,0.0,2,1,0,0,0.013,-9.0,9,2021-12-31T21:29:28.360Z
1008695_20211231_231610,109901,40.466195,-124.351562,20.331,6.2,-67.3,-29.2,26.0,19.6,16.7,2021,12,31,23,16,10.08,0.0,2,2,0,0,0.022,-9.0,9,2021-12-31T23:16:10.080Z
1008695_20220101_011156,109902,40.466691,-124.351847,20.359,-17.9,-12.2,-1.4,9.1,8.1,7.5,2022,1,1,1,11,56.42,0.0,4,6,0,0,0.005,-9.0,9,2022-01-01T01:11:56.420Z
1008695_20220101_030756,109903,40.466659,-124.351864,20.352,-19.3,-15.8,-7.5,9.6,8.7,6.7,2022,1,1,3,7,56.58,0.0,4,6,0,0,0.005,-9.0,9,2022-01-01T03:07:56.580Z
1008695_20220101_034035,109904,40.466614,-124.351872,20.353,-20.0,-20.8,-7.4,10.1,10.1,7.0,2022,1,1,3,40,35.12,0.0,3,5,0,0,0.004,-9.0,9,2022-01-01T03:40:35.120Z
1008695_20220101_145036,109905,40.466667,-124.351839,20.358,-17.3,-14.9,-1.5,9.4,7.4,9.3,2022,1,1,14,50,36.38,0.0,3,4,0,0,0.005,-9.0,9,2022-01-01T14:50:36.380Z
1008695_20220101_035022,109906,40.466825,-124.351953,20.371,-26.9,2.7,11.4,8.8,7.0,7.1,2022,1,1,3,50,22.38,0.0,3,4,0,0,0.005,-9.0,9,2022-01-01T03:50:22.380Z
1008695_20220101_043310,109908,40.466951,-124.351978,20.375,-29.0,16.7,15.2,8.9,7.7,7.6,2022,1,1,4,33,10.4,0.0,2,4,0,0,0.005,-9.0,9,2022-01-01T04:33:10.400Z
1008695_20220101_012430,109909,40.466821,-124.35201,20.372,-31.7,2.3,11.9,8.5,6.2,7.3,2022,1,1,1,24,30.84,0.0,2,4,0,0,0.005,-9.0,9,2022-01-01T01:24:30.840Z
1008695_20220101_093402,109910,40.466748,-124.351831,20.364,-16.6,-5.9,3.7,8.1,6.9,7.2,2022,1,1,9,34,2.58,0.0,1,3,0,0,0.004,-9.0,9,2022-01-01T09:34:02.580Z
1008695_20220101_034623,109912,40.466654,-124.351994,20.346,-30.4,-16.3,-13.7,11.2,9.0,7.5,2022,1,1,3,46,23.7,0.0,1,3,0,0,0.004,-9.0,9,2022-01-01T03:46:23.700Z
1008695_20220101_224928,109913,40.466687,-124.3521,20.383,-39.3,-12.7,23.3,11.8,10.1,12.7,2022,1,1,22,49,28.94,0.0,1,3,0,0,0.007,-9.0,9,2022-01-01T22:49:28.940Z
1008695_20220101_065649,109914,40.466748,-124.352157,20.37,-44.2,-5.9,10.5,10.3,8.5,6.9,2022,1,1,6,56,49.28,0.0,2,2,0,0,0.002,-9.0,9,2022-01-01T06:56:49.280Z
1008695_20220101_075146,109915,40.466805,-124.351912,20.388,-23.5,0.5,28.4,10.6,7.7,14.0,2022,1,1,7,51,46.14,0.0,2,3,0,0,0.01,-9.0,9,2022-01-01T07:51:46.140Z
1008695_20220101_083932,109920,40.466492,-124.351286,20.329,29.7,-34.3,-31.1,13.8,11.8,11.3,2022,1,1,8,39,32.47,0.0,2,2,0,0,0.017,-9.0,9,2022-01-01T08:39:32.470Z
1008695_20220101_065833,109921,40.466475,-124.351424,20.339,17.9,-36.1,-20.7,17.2,12.7,12.1,2022,1,1,6,58,33.45,0.0,2,1,0,0,0.007,-9.0,9,2022-01-01T06:58:33.450Z
1008695_20220102_001940,109922,40.46689,-124.35179,20.352,-13.1,9.9,-8.0,10.8,9.8,8.3,2022,1,2,0,19,40.28,0.0,3,4,0,0,0.011,-9.0,9,2022-01-02T00:19:40.280Z
1008695_20220102_070833,109923,40.466825,-124.351864,20.364,-19.3,2.7,3.8,8.5,6.1,7.1,2022,1,2,7,8,33.28,0.0,2,4,0,0,0.0,-9.0,9,2022-01-02T07:08:33.280Z
1008695_20220102_081745,109927,40.466809,-124.351758,20.356,-10.4,0.9,-3.6,10.4,7.8,7.2,2022,1,2,8,17,45.54,0.0,1,3,0,0,0.005,-9.0,9,2022-01-02T08:17:45.540Z
1008695_20220102_050024,109929,40.466659,-124.350269,20.287,116.0,-15.8,-72.6,23.0,14.0,16.6,2022,1,2,5,0,24.03,0.0,3,1,0,0,0.016,-9.0,9,2022-01-02T05:00:24.030Z
1008695_20220102_053801,109930,40.465759,-124.350578,20.282,89.7,-115.7,-78.1,22.5,14.4,17.6,2022,1,2,5,38,1.52,0.0,2,0,0,0,0.005,-9.0,9,2022-01-02T05:38:01.520Z
1008695_20220102_050212,109931,40.465934,-124.35153,20.319,9.0,-96.2,-41.0,21.5,15.9,16.4,2022,1,2,5,2,12.33,0.0,2,1,0,0,0.017,-9.0,9,2022-01-02T05:02:12.330Z
1008695_20220102_032303,109932,40.465885,-124.350846,20.288,66.9,-101.7,-71.7,33.7,22.5,26.3,2022,1,2,3,23,3.52,0.0,2,1,0,0,0.019,-9.0,9,2022-01-02T03:23:03.520Z
1008695_20220102_050102,109933,40.465702,-124.350985,20.289,55.2,-122.0,-70.9,31.9,19.6,22.7,2022,1,2,5,1,2.5,0.0,2,0,0,0,0.013,-9.0,9,2022-01-02T05:01:02.500Z
1008695_20220105_185602,109935,40.466858,-124.351847,20.366,-17.9,6.3,5.6,7.3,6.6,6.7,2022,1,5,18,56,2.5,0.0,3,5,0,0,0.007,-9.0,9,2022-01-05T18:56:02.500Z
1008695_20220105_190124,109936,40.466825,-124.351855,20.364,-18.6,2.7,4.1,7.9,6.6,7.2,2022,1,5,19,1,24.18,0.0,2,3,0,0,0.0,-9.0,9,2022-01-05T19:01:24.180Z
1008695_20220105_213202,109938,40.466736,-124.352148,20.37,-43.5,-7.2,10.3,10.4,9.0,6.9,2022,1,5,21,32,2.16,0.0,1,3,0,0,0.002,-9.0,9,2022-01-05T21:32:02.160Z
1008695_20220106_001127,109939,40.466874,-124.351847,20.365,-17.9,8.1,4.6,7.1,6.9,7.2,2022,1,6,0,11,27.98,0.0,3,4,0,0,0.007,-9.0,9,2022-01-06T00:11:27.980Z
1008695_20220107_200620,109940,40.466781,-124.352067,20.381,-36.6,-2.3,21.0,10.8,8.1,11.1,2022,1,7,20,6,20.12,0.0,2,2,0,0,0.007,-9.0,9,2022-01-07T20:06:20.120Z
1008695_20220111_012621,109943,40.467122,-124.351302,20.351,28.3,35.7,-9.1,7.8,7.2,10.9,2022,1,11,1,26,21.1,0.0,2,4,0,0,0.015,-9.0,9,2022-01-11T01:26:21.100Z
1008695_20220115_180510,109945,40.466748,-124.351424,20.354,17.9,-5.9,-5.8,10.2,10.7,13.4,2022,1,15,18,5,10.66,0.0,3,4,0,0,0.015,-9.0,9,2022-01-15T18:05:10.660Z
1008695_20220117_142717,109947,40.465845,-124.345654,20.235,507.3,-106.2,-125.1,20.7,13.8,16.4,2022,1,17,14,27,17.16,0.0,2,0,0,0,0.002,-9.0,9,2022-01-17T14:27:17.160Z
1008695_20220127_201053,109951,40.466809,-124.351774,20.362,-11.7,0.9,2.3,8.3,6.0,8.0,2022,1,27,20,10,53.88,0.0,3,6,0,0,0.006,-9.0,9,2022-01-27T20:10:53.880Z
1008695_20220127_224404,109952,40.466622,-124.351872,20.353,-20.0,-19.9,-7.1,10.1,8.4,8.0,2022,1,27,22,44,4.98,0.0,3,4,0,0,0.005,-9.0,9,2022-01-27T22:44:04.980Z
1008695_20220127_225211,109953,40.466895,-124.352116,20.373,-40.7,10.4,13.2,9.9,6.8,8.4,2022,1,27,22,52,11.36,0.0,3,5,0,0,0.004,-9.0,9,2022-01-27T22:52:11.360Z
1008695_20220127_173418,109954,40.466988,-124.351644,20.361,-0.7,20.8,1.0,10.6,8.5,8.5,2022,1,27,17,34,18.06,0.0,3,5,0,0,0.007,-9.0,9,2022-01-27T17:34:18.060Z
1008695_20220127_214750,109955,40.466785,-124.352059,20.374,-35.9,-1.8,13.6,10.4,7.4,8.1,2022,1,27,21,47,50.6,0.0,2,5,0,0,0.006,-9.0,9,2022-01-27T21:47:50.600Z
1008695_20220127_221634,109956,40.466878,-124.351847,20.349,-17.9,8.6,-11.4,9.4,8.8,6.4,2022,1,27,22,16,34.5,0.0,3,5,0,0,0.008,-9.0,9,2022-01-27T22:16:34.500Z
1008695_20220127_230031,109957,40.466821,-124.351864,20.364,-19.3,2.3,4.0,7.6,6.4,7.0,2022,1,27,23,0,31.1,0.0,3,4,0,0,0.0,-9.0,9,2022-01-27T23:00:31.100Z
1008695_20220127_213252,109958,40.466825,-124.351717,20.355,-6.9,2.7,-4.9,7.9,7.3,7.0,2022,1,27,21,32,52.98,0.0,3,5,0,0,0.007,-9.0,9,2022-01-27T21:32:52.980Z
1008695_20220127_220902,109960,40.46674,-124.352165,20.372,-44.9,-6.8,11.6,11.4,8.3,7.7,2022,1,27,22,9,2.92,0.0,2,6,0,0,0.004,-9.0,9,2022-01-27T22:09:02.920Z
1008695_20220127_183332,109961,40.467025,-124.351945,20.374,-26.2,24.9,13.5,10.9,8.2,8.5,2022,1,27,18,33,32.9,0.0,3,5,0,0,0.005,-9.0,9,2022-01-27T18:33:32.900Z
1008695_20220127_220802,109962,40.466927,-124.352018,20.379,-32.4,14.0,18.8,9.7,6.4,7.9,2022,1,27,22,8,2.04,0.0,3,4,0,0,0.004,-9.0,9,2022-01-27T22:08:02.040Z
1008695_20220127_231421,109963,40.466687,-124.351782,20.366,-12.4,-12.7,5.7,8.6,6.8,10.8,2022,1,27,23,14,21.18,0.0,1,4,0,0,0.005,-9.0,9,2022-01-27T23:14:21.180Z
1008695_20220127_222013,109964,40.46685,-124.351912,20.381,-23.5,5.4,21.4,7.6,6.2,11.4,2022,1,27,22,20,13.74,0.0,3,4,0,0,0.007,-9.0,9,2022-01-27T22:20:13.740Z
1008695_20220127_221245,109965,40.466821,-124.351855,20.364,-18.6,2.3,3.6,7.7,6.3,7.2,2022,1,27,22,12,45.84,0.0,1,4,0,0,0.0,-9.0,9,2022-01-27T22:12:45.840Z
1008695_20220128_003432,109983,40.466695,-124.352124,20.371,-41.4,-11.7,11.0,11.5,9.8,8.6,2022,1,28,0,34,32.56,0.0,3,6,0,0,0.007,-9.0,9,2022-01-28T00:34:32.560Z
1008695_20220128_031207,109984,40.46665,-124.352205,20.374,-48.3,-16.7,13.9,12.0,11.1,7.9,2022,1,28,3,12,7.44,0.0,3,5,0,0,0.005,-9.0,9,2022-01-28T03:12:07.440Z
1008695_20220128_004442,109985,40.466886,-124.351945,20.358,-26.2,9.5,-1.8,9.7,9.2,6.7,2022,1,28,0,44,42.72,0.0,4,5,0,0,0.009,-9.0,9,2022-01-28T00:44:42.720Z
1008695_20220128_002715,109988,40.466675,-124.352214,20.373,-49.0,-14.0,12.9,12.0,10.6,7.8,2022,1,28,0,27,15.38,0.0,3,4,0,0,0.005,-9.0,9,2022-01-28T00:27:15.380Z
1008695_20220128_044154,109995,40.466886,-124.351562,20.358,6.2,9.5,-2.2,10.2,7.9,6.8,2022,1,28,4,41,54.38,0.0,0,4,0,0,0.002,-9.0,9,2022-01-28T04:41:54.380Z
1008695_20220128_012159,109997,40.466699,-124.352181,20.375,-46.2,-11.3,15.4,9.9,10.7,7.3,2022,1,28,1,21,59.36,0.0,2,3,0,0,0.003,-9.0,9,2022-01-28T01:21:59.360Z
1008695_20220214_042807,110019,40.466809,-124.35175,20.377,-9.7,0.9,17.4,9.3,6.9,12.3,2022,2,14,4,28,7.64,0.0,2,2,0,0,0.007,-9.0,9,2022-02-14T04:28:07.640Z
1008695_20220223_092004,110023,40.466956,-124.351685,20.364,-4.1,17.2,4.2,13.9,10.2,15.4,2022,2,23,9,20,4.9,0.0,3,4,0,0,0.017,-9.0,9,2022-02-23T09:20:04.900Z
1008695_20220227_183621,110025,40.466874,-124.351742,20.376,-9.0,8.1,16.4,9.9,6.2,8.4,2022,2,27,18,36,21.46,0.0,2,4,0,0,0.006,-9.0,9,2022-02-27T18:36:21.460Z
1008695_20220301_073241,110027,40.46696,-124.351245,20.342,33.1,17.6,-17.7,17.8,11.9,15.5,2022,3,1,7,32,41.35,0.0,3,3,0,0,0.016,-9.0,9,2022-03-01T07:32:41.350Z
1008695_20220312_030559,110030,40.46724,-124.35109,20.359,46.2,48.8,-1.1,11.3,7.7,13.9,2022,3,12,3,5,59.02,0.0,3,4,0,0,0.015,-9.0,9,2022-03-12T03:05:59.020Z
1008695_20220415_040528,110037,40.466561,-124.351725,20.363,-7.6,-26.7,3.3,17.9,15.0,13.3,2022,4,15,4,5,28.26,0.0,2,1,0,0,0.008,-9.0,9,2022-04-15T04:05:28.260Z
1008695_20220423_193021,110041,40.466752,-124.351685,20.364,-4.1,-5.4,3.8,12.9,10.3,11.5,2022,4,23,19,30,21.1,0.0,2,3,0,0,0.014,-9.0,9,2022-04-23T19:30:21.100Z
1008695_20220510_211224,110043,40.466838,-124.351628,20.382,0.7,4.1,21.8,8.9,6.2,13.9,2022,5,10,21,12,24.72,0.0,1,3,0,0,0.008,-9.0,9,2022-05-10T21:12:24.720Z
1008695_20220514_204901,110044,40.466744,-124.35127,20.364,31.1,-6.3,3.9,14.6,12.9,16.0,2022,5,14,20,49,1.74,0.0,2,3,0,0,0.016,-9.0,9,2022-05-14T20:49:01.740Z
1008695_20220517_095428,110045,40.466943,-124.351237,20.343,33.8,15.8,-16.8,20.1,10.6,14.2,2022,5,17,9,54,28.31,0.0,3,5,0,0,0.02,-9.0,9,2022-05-17T09:54:28.310Z
1008695_20220519_092651,110046,40.46674,-124.352148,20.378,-43.5,-6.8,18.0,10.6,9.6,7.3,2022,5,19,9,26,51.46,0.0,3,5,0,0,0.004,-9.0,9,2022-05-19T09:26:51.460Z
1008695_20220525_031900,110049,40.46709,-124.351261,20.345,31.7,32.1,-15.0,9.1,6.9,10.9,2022,5,25,3,19,0.82,0.0,3,5,0,0,0.013,-9.0,9,2022-05-25T03:19:00.820Z
1008695_20220627_223208,110063,40.467069,-124.351253,20.341,32.4,29.8,-19.2,12.4,8.5,13.7,2022,6,27,22,32,8.6,0.0,3,3,0,0,0.012,-9.0,9,2022-06-27T22:32:08.600Z
1008695_20220629_051951,110065,40.466919,-124.351725,20.377,-7.6,13.1,16.8,9.9,6.7,7.9,2022,6,29,5,19,51.56,0.0,2,4,0,0,0.004,-9.0,9,2022-06-29T05:19:51.560Z
1008695_20220629_040554,110067,40.466882,-124.351302,20.376,28.3,9.0,16.3,13.3,7.8,11.9,2022,6,29,4,5,54.56,0.0,2,4,0,0,0.007,-9.0,9,2022-06-29T04:05:54.560Z
1008695_20220707_004112,110069,40.467114,-124.351571,20.365,5.5,34.8,5.2,9.5,6.6,10.8,2022,7,7,0,41,12.36,0.0,3,5,0,0,0.011,-9.0,9,2022-07-07T00:41:12.360Z
1008695_20220721_124421,110072,40.467045,-124.351074,20.336,47.6,27.1,-24.0,14.7,9.5,15.1,2022,7,21,12,44,21.11,0.0,3,4,0,0,0.016,-9.0,9,2022-07-21T12:44:21.110Z
1008695_20220721_161858,110073,40.467074,-124.351278,20.343,30.4,30.3,-16.9,13.8,9.5,14.5,2022,7,21,16,18,58.85,0.0,3,3,0,0,0.013,-9.0,9,2022-07-21T16:18:58.850Z
1008695_20221011_081157,110082,40.466602,-124.352254,20.368,-52.5,-22.1,7.6,12.9,11.4,8.3,2022,10,11,8,11,57.98,0.0,3,5,0,0,0.005,-9.0,9,2022-10-11T08:11:57.980Z
1008695_20221018_110257,110085,40.466805,-124.351424,20.358,17.9,0.5,-1.6,8.2,8.5,10.3,2022,10,18,11,2,57.48,0.0,2,3,0,0,0.01,-9.0,9,2022-10-18T11:02:57.480Z
1008695,110719,40.466793,-124.351815,20.359,-15.2,-0.9,-0.6,8.7,6.7,7.6,2022,12,20,14,12,46.63,1.3,243,366,0,0,0.009,-9.0,9,2022-12-20T14:12:46.630Z
1018694_20200115_174230,102182,40.44624,-124.654395,24.996,-10.4,-53.8,-224.2,1.6,1.9,7.0,2020,1,15,17,42,30.72,0.0,0,6,0,73,0.004,0.036,10,2020-01-15T17:42:30.720Z
1018694_20200117_004509,102184,40.448201,-124.65214,25.294,180.9,164.0,74.2,2.7,3.9,14.8,2020,1,17,0,45,9.62,0.0,3,1,29,56,0.008,0.074,10,2020-01-17T00:45:09.620Z
1018694_20200121_042043,102188,40.446041,-124.654012,25.588,22.1,-75.9,368.3,2.0,1.7,6.7,2020,1,21,4,20,43.48,0.0,3,9,26,97,0.005,0.033,10,2020-01-21T04:20:43.480Z
1018694_20200319_053545,102200,40.449239,-124.651213,22.48,259.6,279.2,-2740.0,2.6,3.9,2.8,2020,3,19,5,35,45.68,0.0,0,3,0,0,0.008,-9.0,10,2020-03-19T05:35:45.680Z
1018694_20200330_125256,102205,40.446594,-124.654232,25.603,3.5,-14.5,383.0,2.2,4.2,8.5,2020,3,30,12,52,56.68,0.0,0,4,0,50,0.01,0.035,10,2020-03-30T12:52:56.680Z
1018694_20200419_202443,102210,40.447762,-124.65328,25.497,84.2,115.2,276.9,5.3,7.7,17.1,2020,4,19,20,24,43.3,0.0,4,6,27,85,0.026,0.049,10,2020-04-19T20:24:43.300Z
1018694_20200423_165836,102212,40.455147,-124.650863,23.815,289.3,935.3,-1405.1,2.7,6.4,3.2,2020,4,23,16,58,36.56,0.0,0,6,0,55,0.012,0.019,10,2020-04-23T16:58:36.560Z
1018694_20200606_173356,102228,40.447083,-124.654264,25.703,0.7,39.8,483.4,2.4,2.5,8.0,2020,6,6,17,33,56.24,0.0,5,7,26,56,0.006,0.029,10,2020-06-06T17:33:56.240Z
1018694_20200608_063215,102230,40.444071,-124.654687,25.217,-35.2,-294.6,-2.5,3.4,3.6,11.4,2020,6,8,6,32,15.69,0.0,3,7,23,69,0.009,0.047,10,2020-06-08T06:32:15.690Z
1018694_20200626_152813,102238,40.445028,-124.654435,25.133,-13.8,-188.4,-87.1,3.3,3.0,12.9,2020,6,26,15,28,13.28,0.0,5,9,30,91,0.01,0.027,10,2020-06-26T15:28:13.280Z
1018694_20200702_094528,102242,40.434119,-124.65778,25.92,-297.6,-1399.8,699.9,2.4,3.5,8.7,2020,7,2,9,45,28.85,0.0,0,3,0,33,0.006,0.024,10,2020-07-02T09:45:28.850Z
1018694_20200704_102711,102243,40.452437,-124.652865,25.691,119.4,634.4,471.5,2.7,6.0,6.0,2020,7,4,10,27,11.13,0.0,0,6,24,66,0.007,0.022,10,2020-07-04T10:27:11.130Z
1018694_20200715_144838,102245,40.446663,-124.654102,25.567,14.5,-6.8,346.7,1.6,2.0,6.7,2020,7,15,14,48,38.64,0.0,0,8,0,66,0.004,0.025,10,2020-07-15T14:48:38.640Z
1018694_20200715_064405,102246,40.443945,-124.654655,25.528,-32.4,-308.6,308.5,2.1,2.1,7.9,2020,7,15,6,44,5.99,0.0,0,4,0,40,0.008,0.034,10,2020-07-15T06:44:05.990Z
1018694_20200719_181535,102248,40.448556,-124.653979,24.82,24.9,203.3,-400.1,2.0,2.4,9.1,2020,7,19,18,15,35.56,0.0,0,6,0,59,0.005,0.033,10,2020-07-19T18:15:35.560Z
1018694_20200724_172556,102251,40.448474,-124.65437,25.33,-8.3,194.3,110.4,3.7,3.7,7.7,2020,7,24,17,25,56.88,0.0,2,7,9,47,0.011,0.028,10,2020-07-24T17:25:56.880Z
1018694_20200809_082035,102255,40.443787,-124.654875,24.748,-51.1,-326.2,-471.9,4.2,4.9,19.6,2020,8,9,8,20,35.1,0.0,2,6,13,59,0.012,0.044,10,2020-08-09T08:20:35.100Z
1018694_20200830_073846,102264,40.449955,-124.653174,25.305,93.2,358.8,85.1,1.8,2.7,6.0,2020,8,30,7,38,46.0,0.0,0,5,0,70,0.007,0.045,10,2020-08-30T07:38:46.000Z
1018694_20200909_233632,102266,40.446464,-124.653923,25.596,29.7,-28.9,376.4,2.0,2.0,7.0,2020,9,9,23,36,32.24,0.0,2,7,9,62,0.004,0.036,10,2020-09-09T23:36:32.240Z
1018694_20200910_001617,102267,40.446887,-124.654053,25.545,18.6,18.1,324.9,1.8,2.0,7.0,2020,9,10,0,16,17.42,0.0,1,8,1,12,0.003,0.024,10,2020-09-10T00:16:17.420Z
1018694_20200910_031924,102268,40.44401,-124.654818,25.126,-46.3,-301.4,-94.4,1.5,2.3,7.3,2020,9,10,3,19,24.25,0.0,0,4,0,55,0.004,0.032,10,2020-09-10T03:19:24.250Z
1018694_20200918_005833,102270,40.44624,-124.654134,24.754,11.7,-53.8,-466.4,2.4,3.7,14.4,2020,9,18,0,58,33.75,0.0,3,4,35,47,0.006,0.043,10,2020-09-18T00:58:33.750Z
1018694_20201012_192513,102277,40.442354,-124.654948,25.084,-57.3,-485.3,-136.4,2.8,6.3,11.3,2020,10,12,19,25,13.7,0.0,2,6,20,61,0.021,0.056,10,2020-10-12T19:25:13.700Z
1018694_20201014_015141,102279,40.453935,-124.651904,25.349,200.9,800.7,128.6,2.4,5.3,9.5,2020,10,14,1,51,40.96,0.0,0,5,0,0,0.005,-9.0,10,2020-10-14T01:51:40.960Z
1018694_20201021_084043,102282,40.448153,-124.653768,25.684,42.8,158.6,463.7,3.8,3.6,12.7,2020,10,21,8,40,43.15,0.0,2,4,17,55,0.011,0.039,10,2020-10-21T08:40:43.150Z
1018694_20201024_230454,102283,40.445345,-124.65603,25.418,-149.1,-153.2,197.8,2.2,2.2,10.1,2020,10,24,23,4,54.92,0.0,4,2,32,82,0.007,0.063,10,2020-10-24T23:04:54.920Z
1018694_20201101_131854,102285,40.446265,-124.654175,25.453,8.3,-51.1,232.8,2.3,1.8,8.4,2020,11,1,13,18,54.34,0.0,1,9,8,112,0.004,0.032,10,2020-11-01T13:18:54.340Z
1018694_20201114_063754,102294,40.444181,-124.654801,25.9,-44.9,-282.4,679.8,2.1,2.2,6.6,2020,11,14,6,37,54.5,0.0,4,5,33,58,0.005,0.036,10,2020-11-14T06:37:54.500Z
1018694_20201201_221247,102301,40.450069,-124.653605,25.803,56.6,371.4,583.3,3.8,4.2,10.2,2020,12,1,22,12,47.32,0.0,2,6,17,74,0.018,0.043,10,2020-12-01T22:12:47.320Z
1018694_20201205_114501,102303,40.445927,-124.653971,24.433,25.5,-88.6,-787.3,2.5,2.9,14.8,2020,12,5,11,45,1.19,0.0,4,7,11,28,0.009,0.038,10,2020-12-05T11:45:01.190Z
1018694_20210312_003457,102322,40.443376,-124.657593,26.958,-281.7,-371.9,1738.3,4.7,9.8,6.9,2021,3,12,0,34,57.11,0.0,4,1,25,13,0.006,0.102,10,2021-03-12T00:34:57.110Z
1018694_20210312_012153,102324,40.443819,-124.654191,24.359,6.9,-322.6,-860.9,1.9,3.3,12.9,2021,3,12,1,21,53.39,0.0,0,4,8,63,0.004,0.029,10,2021-03-12T01:21:53.390Z
1018694_20210402_133156,102333,40.447282,-124.654354,24.793,-6.9,61.9,-427.1,1.8,2.5,10.6,2021,4,2,13,31,56.2,0.0,4,7,33,77,0.006,0.036,10,2021-04-02T13:31:56.200Z
1018694_20210410_164038,102336,40.444869,-124.654696,24.513,-35.9,-206.0,-707.3,3.5,3.7,16.4,2021,4,10,16,40,38.11,0.0,3,5,23,39,0.013,0.057,10,2021-04-10T16:40:38.110Z
1018694_20210416_053323,102338,40.446139,-124.654329,24.841,-4.8,-65.1,-378.9,1.7,1.8,10.6,2021,4,16,5,33,23.31,0.0,6,9,47,100,0.006,0.028,10,2021-04-16T05:33:23.310Z
1018694_20210416_053519,102340,40.445634,-124.654403,25.046,-11.0,-121.1,-174.0,1.6,2.4,7.9,2021,4,16,5,35,19.51,0.0,3,5,19,51,0.004,0.032,10,2021-04-16T05:35:19.510Z
1018694_20210504_215051,102344,40.445239,-124.655778,25.45,-127.7,-164.9,229.6,2.6,3.4,12.3,2021,5,4,21,50,51.48,0.0,4,1,32,84,0.008,0.064,10,2021-05-04T21:50:51.480Z
1018694_20210504_213856,102345,40.444124,-124.656722,26.792,-207.8,-288.7,1571.7,1.5,2.4,4.0,2021,5,4,21,38,56.32,0.0,3,1,21,23,0.003,0.103,10,2021-05-04T21:38:56.320Z
1018694_20210530_003240,102355,40.446147,-124.653743,25.585,44.9,-64.2,365.1,3.2,1.9,6.5,2021,5,30,0,32,40.25,0.0,5,9,31,86,0.008,0.035,10,2021-05-30T00:32:40.250Z
1018694_20210612_122259,102360,40.449137,-124.650098,23.424,354.2,267.9,-1795.8,3.9,7.0,4.9,2021,6,12,12,22,59.82,0.0,2,2,20,80,0.013,0.062,10,2021-06-12T12:22:59.820Z
1018694_20210624_193018,102362,40.450456,-124.65354,25.378,62.1,414.3,157.9,2.9,2.5,8.9,2021,6,24,19,30,18.04,0.0,1,4,5,32,0.014,0.054,10,2021-06-24T19:30:18.040Z
1018694_20210721_122605,102371,40.447306,-124.65437,25.65,-8.3,64.6,430.4,2.7,1.7,8.2,2021,7,21,12,26,5.19,0.0,5,8,44,95,0.01,0.035,10,2021-07-21T12:26:05.190Z
1018694_20210721_112214,102372,40.447209,-124.654313,25.529,-3.5,53.8,309.3,1.6,1.8,5.8,2021,7,21,11,22,14.2,0.0,1,3,14,40,0.002,0.038,10,2021-07-21T11:22:14.200Z
1018694_20210721_115455,102373,40.444747,-124.65367,25.484,51.1,-219.6,264.1,2.1,3.2,11.0,2021,7,21,11,54,55.81,0.0,0,4,0,32,0.01,0.024,10,2021-07-21T11:54:55.810Z
1018694_20210908_021601,102384,40.448067,-124.654329,25.535,-4.8,149.1,314.6,1.7,1.7,5.7,2021,9,8,2,16,1.42,0.0,0,4,0,57,0.003,0.036,10,2021-09-08T02:16:01.420Z
1018694_20210909_123757,102385,40.445443,-124.654386,24.879,-9.7,-142.3,-340.7,2.5,2.7,11.4,2021,9,9,12,37,57.37,0.0,2,6,15,77,0.005,0.03,10,2021-09-09T12:37:57.370Z
1018694_20210910_010131,102387,40.44633,-124.654256,24.969,1.4,-43.8,-251.1,1.8,1.9,8.1,2021,9,10,1,1,31.21,0.0,3,7,23,64,0.006,0.026,10,2021-09-10T01:01:31.210Z
1018694_20210915_063053,102388,40.447319,-124.65437,25.392,-8.3,66.0,171.6,2.1,2.0,6.1,2021,9,15,6,30,53.62,0.0,4,8,21,77,0.003,0.04,10,2021-09-15T06:30:53.620Z
1018694_20211004_043217,102390,40.44504,-124.654435,24.913,-13.8,-187.1,-307.0,3.7,3.6,15.2,2021,10,4,4,32,17.31,0.0,3,6,22,55,0.01,0.04,10,2021-10-04T04:32:17.310Z
1018694_20211018_023939,102392,40.446749,-124.654338,25.696,-5.5,2.7,476.2,2.0,1.9,7.0,2021,10,18,2,39,39.3,0.0,1,7,9,82,0.003,0.03,10,2021-10-18T02:39:39.300Z
1018694_20211023_144414,102393,40.44589,-124.654248,24.829,2.1,-92.6,-390.6,2.6,2.6,12.5,2021,10,23,14,44,14.47,0.0,2,6,19,81,0.005,0.038,10,2021-10-23T14:44:14.470Z
1018694_20211110_092640,102399,40.448702,-124.653882,25.641,33.1,219.6,420.7,3.1,3.4,8.2,2021,11,10,9,26,40.44,0.0,1,7,7,70,0.009,0.034,10,2021-11-10T09:26:40.440Z
1018694_20211113_074630,102404,40.448702,-124.64908,23.329,440.5,219.6,-1890.9,1.7,4.0,2.1,2021,11,13,7,46,30.4,0.0,2,1,35,48,0.003,0.09,10,2021-11-13T07:46:30.400Z
1018694_20211130_051225,102408,40.44622,-124.654028,25.028,20.7,-56.0,-191.6,2.3,2.3,6.5,2021,11,30,5,12,25.67,0.0,4,8,35,82,0.008,0.033,10,2021-11-30T05:12:25.670Z
1018694_20211201_150927,102410,40.447363,-124.654102,25.13,14.5,70.9,-90.4,2.1,2.5,6.2,2021,12,1,15,9,27.14,0.0,3,7,17,64,0.006,0.034,10,2021-12-01T15:09:27.140Z
1018694_20211211_100936,102414,40.446403,-124.654224,24.702,4.1,-35.7,-518.2,2.6,2.4,12.4,2021,12,11,10,9,36.65,0.0,5,9,25,46,0.008,0.042,10,2021-12-11T10:09:36.650Z
1018694_20220106_203106,102418,40.446257,-124.654175,25.162,8.3,-52.0,-57.8,2.0,1.5,7.0,2022,1,6,20,31,6.48,0.0,2,4,24,43,0.003,0.039,10,2022-01-06T20:31:06.480Z
1018694_20220116_200325,102422,40.446147,-124.65402,25.006,21.4,-64.2,-213.9,2.5,1.8,8.2,2022,1,16,20,3,25.64,0.0,5,9,32,99,0.009,0.024,10,2022-01-16T20:03:25.640Z
1018694_20220116_232659,102423,40.446855,-124.654281,24.284,-0.7,14.5,-936.1,2.2,2.1,16.2,2022,1,16,23,26,59.44,0.0,4,5,26,40,0.006,0.018,10,2022-01-16T23:26:59.440Z
1018694_20220116_232131,102424,40.446122,-124.65415,24.777,10.4,-66.9,-443.4,2.4,2.6,9.5,2022,1,16,23,21,31.88,0.0,2,8,26,131,0.01,0.024,10,2022-01-16T23:21:31.880Z
1018694_20220116_233444,102425,40.446016,-124.654134,25.015,11.7,-78.6,-204.6,3.0,2.8,8.6,2022,1,16,23,34,44.52,0.0,4,7,38,81,0.011,0.044,10,2022-01-16T23:34:44.520Z
1018694_20220211_074204,102429,40.448319,-124.653931,25.564,29.0,177.1,344.1,2.6,2.4,7.2,2022,2,11,7,42,4.81,0.0,1,8,2,115,0.007,0.042,10,2022-02-11T07:42:04.810Z
1018694_20220326_020837,102437,40.446509,-124.654093,25.349,15.2,-23.9,128.6,2.5,1.9,6.9,2022,3,26,2,8,37.75,0.0,5,8,30,65,0.008,0.018,10,2022-03-26T02:08:37.750Z
1018694_20220326_032055,102439,40.447803,-124.654256,25.685,1.4,119.7,464.9,2.9,2.8,9.0,2022,3,26,3,20,55.01,0.0,2,7,9,40,0.007,0.042,10,2022-03-26T03:20:55.010Z
1018694_20220327_090200,102441,40.448836,-124.651147,23.867,265.1,234.5,-1353.3,4.4,10.1,5.7,2022,3,27,9,1,59.96,0.0,5,2,32,64,0.013,0.085,10,2022-03-27T09:01:59.960Z
1018694_20220519_045954,102452,40.438521,-124.656104,25.249,-155.3,-910.9,28.6,2.4,5.2,7.6,2022,5,19,4,59,54.62,0.0,0,6,8,60,0.015,0.039,10,2022-05-19T04:59:54.620Z
1018694_20220526_144651,102456,40.445667,-124.654329,25.574,-4.8,-117.5,354.3,1.7,1.9,6.7,2022,5,26,14,46,51.04,0.0,0,7,0,49,0.004,0.042,10,2022-05-26T14:46:51.040Z
1018694_20220604_183940,102460,40.447481,-124.654281,25.363,-0.7,84.0,142.5,3.3,2.7,10.2,2022,6,4,18,39,40.8,0.0,3,6,21,58,0.011,0.044,10,2022-06-04T18:39:40.800Z
1018694_20220604_183739,102461,40.447542,-124.654346,25.762,-6.2,90.8,542.5,3.5,3.1,11.0,2022,6,4,18,37,39.72,0.0,2,6,12,28,0.01,0.057,10,2022-06-04T18:37:39.720Z
1018694_20220607_074202,102462,40.445707,-124.652482,23.039,151.9,-113.0,-2181.1,17.4,19.3,21.6,2022,6,7,7,42,2.25,0.0,0,0,14,7,-9.0,0.028,10,2022-06-07T07:42:02.250Z
1018694_20220629_154349,102467,40.447319,-124.654248,24.809,2.1,66.0,-411.0,2.5,3.5,8.8,2022,6,29,15,43,49.42,0.0,3,6,58,138,0.006,0.035,10,2022-06-29T15:43:49.420Z
1018694_20220728_004937,102478,40.453064,-124.65306,25.425,102.9,704.0,204.8,2.6,4.3,5.0,2022,7,28,0,49,37.51,0.0,0,6,0,0,0.011,-9.0,10,2022-07-28T00:49:37.510Z
1018694_20220801_112614,102479,40.444678,-124.654777,23.778,-42.8,-227.3,-1441.8,7.3,12.6,9.3,2022,8,1,11,26,14.58,0.0,3,5,32,96,0.028,0.055,10,2022-08-01T11:26:14.580Z
1018694_20220801_111415,102480,40.446419,-124.654704,23.832,-36.6,-33.9,-1388.1,3.5,12.8,4.9,2022,8,1,11,14,15.92,0.0,3,2,22,75,0.007,0.056,10,2022-08-01T11:14:15.920Z
1018694_20220902_222811,102484,40.447766,-124.654069,25.248,17.3,115.7,27.8,2.5,3.1,6.4,2022,9,2,22,28,11.0,0.0,4,7,26,70,0.007,0.036,10,2022-09-02T22:28:11.000Z
1018694_20220913_102513,102487,40.446244,-124.654207,24.588,5.5,-53.3,-632.1,2.0,2.1,12.1,2022,9,13,10,25,13.41,0.0,3,8,24,79,0.007,0.034,10,2022-09-13T10:25:13.410Z
1018694_20220915_102710,102488,40.446842,-124.654175,25.452,8.3,13.1,231.8,1.9,2.0,6.4,2022,9,15,10,27,10.84,0.0,6,9,29,97,0.004,0.036,10,2022-09-15T10:27:10.840Z
1018694_20221002_191928,102495,40.447839,-124.654224,25.623,4.1,123.8,403.4,3.0,3.2,9.3,2022,10,2,19,19,28.36,0.0,4,7,23,53,0.006,0.029,10,2022-10-02T19:19:28.360Z
1018694_20221007_215855,102497,40.445284,-124.654395,25.042,-10.4,-160.0,-177.9,3.6,4.5,10.2,2022,10,7,21,58,55.2,0.0,4,5,20,44,0.015,0.032,10,2022-10-07T21:58:55.200Z
1018694_20221008_233352,102498,40.448145,-124.653263,24.979,85.6,157.7,-240.5,4.6,6.0,19.3,2022,10,8,23,33,52.28,0.0,6,4,43,79,0.021,0.052,10,2022-10-08T23:33:52.280Z
1018694_20221022_070612,102502,40.445728,-124.654093,25.34,15.2,-110.7,120.3,1.4,1.5,7.4,2022,10,22,7,6,12.1,0.0,0,4,0,65,0.004,0.036,10,2022-10-22T07:06:12.100Z
1018694_20221108_082511,102504,40.446456,-124.653882,25.481,33.1,-29.8,261.1,3.3,2.0,6.9,2022,11,8,8,25,11.97,0.0,2,6,14,51,0.01,0.044,10,2022-11-08T08:25:11.970Z
1018694_20221122_133711,102510,40.44919,-124.652295,23.941,167.8,273.8,-1278.5,2.3,5.0,2.9,2022,11,22,13,37,10.95,0.0,3,2,16,45,0.019,0.059,10,2022-11-22T13:37:10.950Z
1018694,110301,40.446615,-124.654329,25.283,-4.8,-12.2,62.9,1.4,1.6,4.4,2023,5,20,8,26,59.42,1.66,199,463,45,136,0.01,0.029,10,2023-05-20T08:26:59.420Z
1008272_20210826_183224,100045,40.492041,-124.338053,19.036,-12.4,8.6,16.4,8.2,6.9,8.8,2021,8,26,18,32,24.44,0.0,4,4,0,0,0.004,-9.0,11,2021-08-26T18:32:24.440Z
1008272_20210826_192402,100046,40.49187,-124.337826,19.007,6.9,-10.4,-13.0,10.4,8.5,12.1,2021,8,26,19,24,2.72,0.0,4,4,0,0,0.007,-9.0,11,2021-08-26T19:24:02.720Z
1008272_20211220_215207,100064,40.491044,-124.333797,18.661,348.4,-102.1,-358.8,28.2,23.8,24.7,2021,12,20,21,52,7.4,0.0,2,0,0,0,0.007,-9.0,11,2021-12-20T21:52:07.400Z
1008272_20211221_213051,100066,40.491939,-124.337866,19.015,3.4,-2.7,-4.9,12.8,11.0,15.0,2021,12,21,21,30,51.42,0.0,4,4,0,0,0.009,-9.0,11,2021-12-21T21:30:51.420Z
1008272_20211221_125553,100067,40.491996,-124.337809,19.017,8.3,3.6,-3.3,11.8,9.6,13.4,2021,12,21,12,55,53.38,0.0,4,4,0,0,0.009,-9.0,11,2021-12-21T12:55:53.380Z
1008272_20211221_124557,100068,40.492069,-124.337842,19.013,5.5,11.7,-7.1,12.3,11.0,11.6,2021,12,21,12,45,57.66,0.0,4,4,0,0,0.009,-9.0,11,2021-12-21T12:45:57.660Z
1008272_20211221_123728,100069,40.491878,-124.337891,19.007,1.4,-9.5,-12.9,11.7,9.6,12.8,2021,12,21,12,37,28.08,0.0,4,4,0,0,0.008,-9.0,11,2021-12-21T12:37:28.080Z
1008272_20211221_131710,100070,40.491988,-124.337785,19.014,10.3,2.7,-6.0,12.2,10.5,14.0,2021,12,21,13,17,10.92,0.0,4,4,0,0,0.009,-9.0,11,2021-12-21T13:17:10.920Z
1008272_20211221_124757,100072,40.491976,-124.338241,19.026,-28.3,1.4,5.9,13.5,11.3,10.1,2021,12,21,12,47,57.82,0.0,4,4,0,0,0.008,-9.0,11,2021-12-21T12:47:57.820Z
1008272_20211222_051545,100086,40.492045,-124.33798,19.029,-6.2,9.0,9.5,10.2,7.3,10.3,2021,12,22,5,15,45.38,0.0,4,4,0,0,0.008,-9.0,11,2021-12-22T05:15:45.380Z
1008272_20211223_121827,100092,40.49187,-124.337956,19.015,-4.1,-10.4,-5.2,12.6,10.6,14.7,2021,12,23,12,18,27.56,0.0,4,4,0,0,0.009,-9.0,11,2021-12-23T12:18:27.560Z
1008272_20211226_104033,100099,40.491956,-124.337834,19.01,6.2,-0.9,-9.6,12.0,10.0,13.2,2021,12,26,10,40,33.82,0.0,4,4,0,0,0.008,-9.0,11,2021-12-26T10:40:33.820Z
1008272_20211228_203700,100101,40.492167,-124.337866,19.045,3.4,22.6,24.8,11.0,10.2,13.2,2021,12,28,20,37,0.28,0.0,4,4,0,0,0.008,-9.0,11,2021-12-28T20:37:00.280Z
1008272_20211231_191439,100106,40.49196,-124.338175,19.022,-22.8,-0.5,1.6,12.5,10.1,9.0,2021,12,31,19,14,39.2,0.0,4,4,0,0,0.006,-9.0,11,2021-12-31T19:14:39.200Z
1008272_20211231_195744,100107,40.491907,-124.338167,19.022,-22.1,-6.3,1.5,12.3,10.2,8.3,2021,12,31,19,57,44.88,0.0,4,4,0,0,0.005,-9.0,11,2021-12-31T19:57:44.880Z
1008272_20211231_150400,100108,40.492094,-124.337817,19.023,7.6,14.5,2.6,12.8,11.0,12.0,2021,12,31,15,4,0.32,0.0,4,4,0,0,0.009,-9.0,11,2021-12-31T15:04:00.320Z
1008272_20211231_205957,100110,40.491842,-124.338094,19.003,-15.9,-13.6,-17.5,11.8,10.4,12.4,2021,12,31,20,59,57.0,0.0,4,4,0,0,0.006,-9.0,11,2021-12-31T20:59:57.000Z
1008272_20211231_232955,100114,40.492171,-124.337712,19.026,16.6,23.0,6.3,12.9,11.6,9.3,2021,12,31,23,29,55.28,0.0,4,4,0,0,0.006,-9.0,11,2021-12-31T23:29:55.280Z
1008272_20211231_210958,100115,40.491939,-124.338224,19.013,-26.9,-2.7,-7.0,13.0,12.5,17.3,2021,12,31,21,9,58.24,0.0,4,4,0,0,0.007,-9.0,11,2021-12-31T21:09:58.240Z
1008272_20211231_213551,100116,40.491947,-124.338216,19.013,-26.2,-1.8,-6.8,12.9,12.4,17.5,2021,12,31,21,35,51.3,0.0,4,4,0,0,0.007,-9.0,11,2021-12-31T21:35:51.300Z
1008272_20211231_205507,100117,40.49235,-124.33772,19.04,15.9,42.9,19.5,15.4,14.5,10.5,2021,12,31,20,55,7.26,0.0,4,4,0,0,0.008,-9.0,11,2021-12-31T20:55:07.260Z
1008272_20211231_215353,100120,40.492053,-124.338151,19.022,-20.7,9.9,1.5,11.0,11.2,17.3,2021,12,31,21,53,53.9,0.0,4,4,0,0,0.005,-9.0,11,2021-12-31T21:53:53.900Z
1008272_20211231_224738,100121,40.491854,-124.338371,19.019,-39.3,-12.2,-0.6,15.4,13.8,11.7,2021,12,31,22,47,38.72,0.0,4,4,0,0,0.006,-9.0,11,2021-12-31T22:47:38.720Z
1008272_20211231_211947,100123,40.492273,-124.337703,19.04,17.2,34.3,20.0,15.2,13.7,12.8,2021,12,31,21,19,47.04,0.0,4,4,0,0,0.009,-9.0,11,2021-12-31T21:19:47.040Z
1008272_20211231_223932,100124,40.492314,-124.337492,19.041,35.2,38.9,21.3,17.8,16.1,15.0,2021,12,31,22,39,32.54,0.0,4,4,0,0,0.011,-9.0,11,2021-12-31T22:39:32.540Z
1008272_20211231_212357,100127,40.491968,-124.338021,19.011,-9.7,0.5,-9.2,11.0,10.3,11.9,2021,12,31,21,23,57.42,0.0,4,3,0,0,0.008,-9.0,11,2021-12-31T21:23:57.420Z
1008272_20211231_231930,100128,40.491951,-124.338281,19.016,-31.7,-1.4,-4.3,12.5,12.2,18.1,2021,12,31,23,19,30.92,0.0,4,4,0,0,0.009,-9.0,11,2021-12-31T23:19:30.920Z
1008272_20211231_213752,100129,40.491951,-124.338273,19.016,-31.0,-1.4,-3.9,12.7,12.7,18.4,2021,12,31,21,37,52.42,0.0,4,4,0,0,0.009,-9.0,11,2021-12-31T21:37:52.420Z
1008272_20211231_211616,100134,40.492306,-124.337402,19.036,42.8,38.0,16.3,17.6,15.1,13.7,2021,12,31,21,16,16.26,0.0,4,4,0,0,0.01,-9.0,11,2021-12-31T21:16:16.260Z
1008272_20211231_205917,100143,40.492342,-124.337663,19.039,20.7,42.0,18.8,15.5,14.2,10.1,2021,12,31,20,59,17.96,0.0,4,4,0,0,0.009,-9.0,11,2021-12-31T20:59:17.960Z
1008272_20211231_210819,100148,40.492025,-124.337809,19.024,8.3,6.8,4.0,10.3,9.6,13.6,2021,12,31,21,8,19.84,0.0,2,4,0,0,0.009,-9.0,11,2021-12-31T21:08:19.840Z
1008272_20211231_210345,100178,40.492981,-124.337459,19.064,37.9,113.0,44.1,23.0,25.3,23.5,2021,12,31,21,3,45.72,0.0,4,4,0,0,0.017,-9.0,11,2021-12-31T21:03:45.720Z
1008272_20220101_110043,100182,40.492232,-124.33763,19.032,23.5,29.8,12.2,14.4,13.4,11.0,2022,1,1,11,0,43.6,0.0,4,4,0,0,0.007,-9.0,11,2022-01-01T11:00:43.600Z
1008272_20220101_182221,100185,40.491695,-124.338127,18.995,-18.6,-29.8,-25.4,15.6,13.3,11.4,2022,1,1,18,22,21.66,0.0,4,4,0,0,0.007,-9.0,11,2022-01-01T18:22:21.660Z
1008272_20220101_001048,100190,40.492362,-124.337581,19.029,27.6,44.3,9.0,15.9,15.3,11.5,2022,1,1,0,10,48.48,0.0,4,4,0,0,0.008,-9.0,11,2022-01-01T00:10:48.480Z
1008272_20220101_002755,100192,40.491968,-124.338045,19.008,-11.7,0.5,-11.8,10.0,8.8,14.3,2022,1,1,0,27,55.78,0.0,4,4,0,0,0.008,-9.0,11,2022-01-01T00:27:55.780Z
1008272_20220101_164726,100204,40.492118,-124.337362,19.012,46.2,17.2,-8.0,19.1,17.5,20.3,2022,1,1,16,47,26.51,0.0,4,4,0,0,0.013,-9.0,11,2022-01-01T16:47:26.510Z
1008272_20220101_164347,100206,40.492293,-124.33759,19.04,26.9,36.6,20.2,16.6,15.1,14.6,2022,1,1,16,43,47.34,0.0,4,4,0,0,0.011,-9.0,11,2022-01-01T16:43:47.340Z
1008272_20220101_082806,100207,40.492301,-124.337581,19.042,27.6,37.5,21.9,17.3,15.6,15.3,2022,1,1,8,28,6.96,0.0,4,4,0,0,0.011,-9.0,11,2022-01-01T08:28:06.960Z
1008272_20220101_064100,100217,40.492293,-124.33759,19.041,26.9,36.6,21.5,17.2,15.1,15.1,2022,1,1,6,41,0.2,0.0,4,4,0,0,0.011,-9.0,11,2022-01-01T06:41:00.200Z
1008272_20220101_150942,100224,40.492444,-124.337687,19.026,18.6,53.3,5.5,17.8,15.5,21.5,2022,1,1,15,9,42.16,0.0,2,3,0,0,0.011,-9.0,11,2022-01-01T15:09:42.160Z
1008272_20220102_023413,100253,40.491951,-124.338216,19.028,-26.2,-1.4,8.5,12.6,10.1,8.6,2022,1,2,2,34,13.02,0.0,4,4,0,0,0.008,-9.0,11,2022-01-02T02:34:13.020Z
1008272_20220102_030010,100259,40.492407,-124.337565,19.031,29.0,49.3,11.2,16.3,15.8,12.0,2022,1,2,3,0,10.44,0.0,4,4,0,0,0.01,-9.0,11,2022-01-02T03:00:10.440Z
1008272_20220106_120541,100304,40.491846,-124.337931,19.009,-2.1,-13.1,-10.7,13.2,10.7,14.0,2022,1,6,12,5,41.24,0.0,4,4,0,0,0.01,-9.0,11,2022-01-06T12:05:41.240Z
1008272_20220106_201330,100308,40.492236,-124.33759,19.033,26.9,30.3,12.8,14.0,13.1,10.5,2022,1,6,20,13,30.52,0.0,4,4,0,0,0.007,-9.0,11,2022-01-06T20:13:30.520Z
1008272_20220106_081308,100314,40.492387,-124.337264,19.016,54.5,47.0,-4.2,20.1,18.4,14.0,2022,1,6,8,13,8.76,0.0,4,4,0,0,0.01,-9.0,11,2022-01-06T08:13:08.760Z
1008272_20220107_012021,100328,40.491797,-124.337524,19.01,32.4,-18.5,-10.1,12.1,13.5,15.2,2022,1,7,1,20,21.34,0.0,2,3,0,0,0.011,-9.0,11,2022-01-07T01:20:21.340Z
1008272_20220109_195037,100337,40.492179,-124.337638,19.031,22.8,23.9,11.4,15.9,14.2,15.7,2022,1,9,19,50,37.0,0.0,4,4,0,0,0.012,-9.0,11,2022-01-09T19:50:37.000Z
1008272_20220109_220842,100342,40.48586,-124.335116,18.663,236.7,-677.8,-357.5,41.9,95.8,79.3,2022,1,9,22,8,42.68,0.0,1,0,0,0,0.004,-9.0,11,2022-01-09T22:08:42.680Z
1008272_20220110_032418,100344,40.492391,-124.337419,19.026,41.4,47.4,6.3,17.4,16.0,13.4,2022,1,10,3,24,18.4,0.0,4,4,0,0,0.009,-9.0,11,2022-01-10T03:24:18.400Z
1008272_20220111_164923,100347,40.492017,-124.338175,19.036,-22.8,5.9,16.4,12.1,9.1,10.5,2022,1,11,16,49,23.06,0.0,4,4,0,0,0.008,-9.0,11,2022-01-11T16:49:23.060Z
1008272_20220113_032048,100350,40.492277,-124.33759,19.031,26.9,34.8,10.9,15.0,13.9,11.7,2022,1,13,3,20,48.56,0.0,4,4,0,0,0.009,-9.0,11,2022-01-13T03:20:48.560Z
1008272_20220114_071112,100353,40.492151,-124.337557,19.018,29.7,20.8,-2.4,15.7,14.1,13.1,2022,1,14,7,11,12.22,0.0,4,4,0,0,0.01,-9.0,11,2022-01-14T07:11:12.220Z
1008272_20220115_085629,100357,40.491793,-124.338436,19.014,-44.8,-19.0,-6.4,16.6,14.9,12.4,2022,1,15,8,56,29.0,0.0,4,4,0,0,0.006,-9.0,11,2022-01-15T08:56:29.000Z
1008272_20220118_035151,100367,40.491646,-124.338208,19.001,-25.5,-35.2,-18.7,15.8,14.9,9.6,2022,1,18,3,51,51.18,0.0,4,4,0,0,0.006,-9.0,11,2022-01-18T03:51:51.180Z
1008272_20220120_023019,100375,40.49187,-124.33811,19.022,-17.2,-10.4,1.6,14.8,9.7,13.4,2022,1,20,2,30,19.36,0.0,2,4,0,0,0.006,-9.0,11,2022-01-20T02:30:19.360Z
1008272_20220122_075207,100385,40.491772,-124.337996,19.001,-7.6,-21.2,-18.7,14.4,12.6,15.0,2022,1,22,7,52,7.58,0.0,4,4,0,0,0.009,-9.0,11,2022-01-22T07:52:07.580Z
1008272_20220126_053108,100396,40.491939,-124.337752,19.018,13.1,-2.7,-1.5,13.9,12.1,17.5,2022,1,26,5,31,8.98,0.0,4,4,0,0,0.01,-9.0,11,2022-01-26T05:31:08.980Z
1008272_20220128_144203,100410,40.491764,-124.338078,19.002,-14.5,-22.1,-17.8,15.4,13.4,15.4,2022,1,28,14,42,3.42,0.0,4,4,0,0,0.01,-9.0,11,2022-01-28T14:42:03.420Z
1008272_20220128_151334,100411,40.492489,-124.337687,19.026,18.6,58.3,5.7,19.2,16.4,23.0,2022,1,28,15,13,34.15,0.0,2,3,0,0,0.012,-9.0,11,2022-01-28T15:13:34.150Z
1008272_20220128_233747,100413,40.491854,-124.338265,18.987,-30.4,-12.2,-32.7,15.6,14.6,21.9,2022,1,28,23,37,47.68,0.0,3,3,0,0,0.01,-9.0,11,2022-01-28T23:37:47.680Z
1008272_20220130_140906,100418,40.49174,-124.338257,19.017,-29.7,-24.9,-2.5,14.9,14.1,10.0,2022,1,30,14,9,6.46,0.0,3,3,0,0,0.005,-9.0,11,2022-01-30T14:09:06.460Z
1008272_20220131_034409,100424,40.491484,-124.338509,18.997,-51.1,-53.3,-22.8,24.0,18.8,14.3,2022,1,31,3,44,9.42,0.0,1,3,0,0,0.009,-9.0,11,2022-01-31T03:44:09.420Z
1008272_20220212_115856,100444,40.492074,-124.337565,19.013,29.0,12.2,-7.1,15.0,13.7,16.0,2022,2,12,11,58,56.26,0.0,4,4,0,0,0.011,-9.0,11,2022-02-12T11:58:56.260Z
1008272_20220213_072659,100446,40.491772,-124.338477,19.022,-48.3,-21.2,2.0,17.0,16.1,11.6,2022,2,13,7,26,59.8,0.0,4,4,0,0,0.006,-9.0,11,2022-02-13T07:26:59.800Z
1008272_20220223_083944,100462,40.492074,-124.337541,19.011,31.0,12.2,-8.8,15.3,14.1,16.2,2022,2,23,8,39,44.38,0.0,4,4,0,0,0.011,-9.0,11,2022-02-23T08:39:44.380Z
1008272_20220224_105131,100464,40.491907,-124.337939,19.024,-2.8,-6.3,4.1,11.4,9.6,15.4,2022,2,24,10,51,31.54,0.0,4,4,0,0,0.008,-9.0,11,2022-02-24T10:51:31.540Z
1008272_20220301_000449,100470,40.491809,-124.338241,19.027,-28.3,-17.2,7.4,14.9,12.4,14.0,2022,3,1,0,4,49.94,0.0,4,4,0,0,0.008,-9.0,11,2022-03-01T00:04:49.940Z
1008272_20220315_191355,100477,40.492045,-124.338062,19.031,-13.1,9.0,10.5,10.8,8.2,9.7,2022,3,15,19,13,55.5,0.0,4,4,0,0,0.008,-9.0,11,2022-03-15T19:13:55.500Z
1008272_20220323_223350,100483,40.491951,-124.33811,19.004,-17.2,-1.4,-16.0,12.5,9.0,17.3,2022,3,23,22,33,50.7,0.0,2,2,0,0,0.008,-9.0,11,2022-03-23T22:33:50.700Z
1008272_20220408_181550,100492,40.492078,-124.337549,19.013,30.4,12.7,-6.6,15.6,14.1,16.6,2022,4,8,18,15,50.02,0.0,4,4,0,0,0.011,-9.0,11,2022-04-08T18:15:50.020Z
1008272_20220529_011533,100505,40.492037,-124.33772,19.025,15.9,8.1,4.8,15.2,13.5,18.6,2022,5,29,1,15,33.02,0.0,4,4,0,0,0.011,-9.0,11,2022-05-29T01:15:33.020Z
1008272_20220822_112824,100517,40.492623,-124.337297,19.044,51.7,73.2,24.1,21.9,19.6,17.5,2022,8,22,11,28,24.38,0.0,3,3,0,0,0.01,-9.0,11,2022-08-22T11:28:24.380Z
1008272_20221009_003156,100521,40.491825,-124.338192,19.022,-24.1,-15.4,2.0,14.1,11.8,11.3,2022,10,9,0,31,56.3,0.0,4,4,0,0,0.006,-9.0,11,2022-10-09T00:31:56.300Z
1008272,110287,40.49196,-124.337939,19.02,-2.8,-0.5,-0.1,10.1,8.4,9.7,2022,12,19,13,16,26.36,0.85,273,278,0,0,0.009,-9.0,11,2022-12-19T13:16:26.360Z
1018391_20200212_160741,104071,40.31521,-124.624658,17.393,-56.0,-23.5,-87.0,5.4,14.8,12.1,2020,2,12,16,7,41.02,0.0,0,4,0,37,0.004,0.039,12,2020-02-12T16:07:41.020Z
1018391_20200323_100801,104073,40.313379,-124.624894,17.401,-76.1,-226.8,-78.9,9.2,13.5,15.7,2020,3,23,10,8,1.34,0.0,4,6,15,46,0.025,0.082,12,2020-03-23T10:08:01.340Z
1018391_20200620_143212,104081,40.322892,-124.62334,17.856,56.0,829.6,376.3,9.5,15.8,19.9,2020,6,20,14,32,12.41,0.0,2,4,0,0,0.032,-9.0,12,2020-06-20T14:32:12.410Z
1018391_20200823_133249,104084,40.319491,-124.624268,17.575,-22.8,451.8,95.5,6.6,11.4,11.2,2020,8,23,13,32,49.6,0.0,3,3,19,41,0.01,0.051,12,2020-08-23T13:32:49.600Z
1018391_20210414_083728,104093,40.31523,-124.624398,17.337,-33.9,-21.2,-142.6,10.2,13.0,13.8,2021,4,14,8,37,28.87,0.0,4,5,15,41,0.026,0.035,12,2021-04-14T08:37:28.870Z
1018391_20210427_153802,104094,40.304215,-124.623429,17.309,48.4,-1244.3,-171.1,12.2,29.6,30.0,2021,4,27,15,38,2.11,0.0,1,1,0,0,0.006,-9.0,12,2021-04-27T15:38:02.110Z
1018391_20210602_040020,104097,40.316024,-124.624325,17.607,-27.7,66.9,127.2,8.7,13.3,13.2,2021,6,2,4,0,20.33,0.0,3,7,27,90,0.027,0.055,12,2021-06-02T04:00:20.330Z
1018391_20210711_081713,104100,40.326253,-124.62264,18.038,115.5,1202.8,558.4,11.3,16.4,18.3,2021,7,11,8,17,13.6,0.0,1,2,6,19,0.035,0.101,12,2021-07-11T08:17:13.600Z
1018391_20210907_084028,104103,40.315169,-124.624455,17.568,-38.7,-28.0,88.1,10.1,15.2,12.1,2021,9,7,8,40,28.23,0.0,2,7,14,77,0.028,0.036,12,2021-09-07T08:40:28.230Z
1018391_20211220_203355,104110,40.315092,-124.624495,17.56,-42.2,-36.6,80.4,9.1,10.1,11.3,2021,12,20,20,33,55.56,0.0,3,8,31,96,0.021,0.056,12,2021-12-20T20:33:55.560Z
1018391_20211220_225113,104114,40.317688,-124.623527,17.765,40.1,251.7,285.3,5.1,17.1,12.9,2021,12,20,22,51,13.92,0.0,1,3,9,28,0.016,0.024,12,2021-12-20T22:51:13.920Z
1018391_20211220_081844,104116,40.312101,-124.617887,17.466,519.5,-368.7,-14.2,13.5,13.3,16.9,2021,12,20,8,18,44.22,0.0,2,0,0,1,0.005,0.037,12,2021-12-20T08:18:44.220Z
1018391_20211220_201907,104123,40.32262,-124.624097,17.456,-8.3,799.3,-24.0,7.2,17.1,29.0,2021,12,20,20,19,7.24,0.0,1,2,7,21,0.015,0.066,12,2021-12-20T20:19:07.240Z
1018391_20211220_230800,104126,40.327722,-124.624438,17.516,-37.4,1365.9,35.6,9.5,28.3,24.6,2021,12,20,23,8,0.76,0.0,2,2,18,20,0.038,0.058,12,2021-12-20T23:08:00.760Z
1018391_20211220_224916,104127,40.318103,-124.624235,16.49,-20.1,297.8,-989.6,9.5,22.9,23.0,2021,12,20,22,49,16.52,0.0,0,4,0,32,0.037,0.072,12,2021-12-20T22:49:16.520Z
1018391_20211220_213600,104132,40.325159,-124.621265,17.947,232.4,1081.2,467.3,11.7,24.1,22.6,2021,12,20,21,35,59.96,0.0,1,1,13,25,0.058,0.12,12,2021-12-20T21:35:59.960Z
1018391_20211221_060442,104134,40.313257,-124.624935,17.336,-79.6,-240.4,-144.4,6.4,9.7,11.7,2021,12,21,6,4,42.95,0.0,9,11,6,54,0.008,0.045,12,2021-12-21T06:04:42.950Z
1018391_20211221_081730,104135,40.31936,-124.624023,17.747,-2.1,437.4,267.5,10.2,15.6,19.4,2021,12,21,8,17,30.47,0.0,3,6,23,67,0.035,0.061,12,2021-12-21T08:17:30.470Z
1018391_20211221_070606,104136,40.31462,-124.624577,17.411,-49.1,-89.0,-69.2,8.9,9.6,8.2,2021,12,21,7,6,6.44,0.0,7,10,25,80,0.023,0.064,12,2021-12-21T07:06:06.440Z
1018391_20211221_104408,104137,40.314917,-124.624455,17.432,-38.7,-56.0,-48.1,8.9,9.4,8.7,2021,12,21,10,44,8.2,0.0,4,6,18,45,0.021,0.067,12,2021-12-21T10:44:08.200Z
1018391_20211221_044407,104138,40.318774,-124.624227,17.799,-19.4,372.3,319.0,13.5,30.6,22.0,2021,12,21,4,44,7.11,0.0,2,5,15,72,0.038,0.052,12,2021-12-21T04:44:07.110Z
1018391_20211221_001208,104140,40.314665,-124.624487,17.563,-41.5,-84.0,83.2,9.3,11.5,12.8,2021,12,21,0,12,8.96,0.0,3,7,24,88,0.021,0.06,12,2021-12-21T00:12:08.960Z
1018391_20211221_114254,104141,40.315165,-124.624178,17.542,-15.2,-28.5,61.7,11.0,11.5,12.0,2021,12,21,11,42,54.92,0.0,4,7,15,57,0.032,0.078,12,2021-12-21T11:42:54.920Z
1018391_20211221_035003,104142,40.313977,-124.624455,17.394,-38.7,-160.4,-86.3,6.2,14.4,12.3,2021,12,21,3,50,3.11,0.0,0,5,0,32,0.008,0.028,12,2021-12-21T03:50:03.110Z
1018391_20211221_012518,104145,40.301762,-124.6236,17.922,33.9,-1516.8,441.8,12.3,33.3,29.2,2021,12,21,1,25,18.87,0.0,1,3,2,14,0.024,0.072,12,2021-12-21T01:25:18.870Z
1018391_20211221_031002,104147,40.312887,-124.624487,17.512,-41.5,-281.5,31.5,5.9,14.0,11.9,2021,12,21,3,10,2.15,0.0,0,4,0,36,0.004,0.036,12,2021-12-21T03:10:02.150Z
1018391_20211221_105746,104152,40.333044,-124.622339,18.775,141.1,1956.9,1294.8,7.4,10.2,18.0,2021,12,21,10,57,46.09,0.0,1,3,6,19,0.031,0.087,12,2021-12-21T10:57:46.090Z
1018391_20211221_130359,104153,40.325171,-124.622811,17.928,101.0,1082.6,448.1,9.1,38.6,17.7,2021,12,21,13,3,59.03,0.0,1,3,1,13,0.059,0.067,12,2021-12-21T13:03:59.030Z
1018391_20211221_080024,104158,40.310164,-124.624552,17.651,-47.0,-583.8,170.6,8.0,21.6,20.0,2021,12,21,8,0,24.06,0.0,1,4,0,10,0.014,0.066,12,2021-12-21T08:00:24.060Z
1018391_20211221_030234,104160,40.313057,-124.62465,17.468,-55.3,-262.5,-12.3,6.3,16.1,11.0,2021,12,21,3,2,34.48,0.0,0,4,0,35,0.003,0.044,12,2021-12-21T03:02:34.480Z
1018391_20211221_004847,104161,40.312,-124.624479,17.601,-40.8,-380.0,120.7,6.6,16.5,15.0,2021,12,21,0,48,47.17,0.0,0,4,0,17,0.008,0.083,12,2021-12-21T00:48:47.170Z
1018391_20211222_001559,104164,40.306388,-124.620728,14.685,278.1,-1003.1,-2794.8,15.1,32.4,28.1,2021,12,22,0,15,59.08,0.0,1,1,1,3,0.025,0.08,12,2021-12-22T00:15:59.080Z
1018391_20211222_072929,104165,40.312842,-124.618905,17.224,433.0,-286.5,-256.3,10.7,10.5,11.4,2021,12,22,7,29,29.18,0.0,2,0,1,2,0.003,0.023,12,2021-12-22T07:29:29.180Z
1018391_20211222_045857,104167,40.312122,-124.624658,17.295,-56.0,-366.4,-184.8,5.4,16.1,13.8,2021,12,22,4,58,57.66,0.0,0,5,0,14,0.011,0.03,12,2021-12-22T04:58:57.660Z
1018391_20211222_205628,104172,40.31331,-124.624463,17.573,-39.4,-234.5,92.6,6.8,17.3,14.9,2021,12,22,20,56,28.42,0.0,1,3,6,18,0.014,0.078,12,2021-12-22T20:56:28.420Z
1018391_20211223_064314,104177,40.321297,-124.623511,17.757,41.5,652.4,277.5,11.2,15.0,21.3,2021,12,23,6,43,14.67,0.0,2,1,16,16,0.031,0.079,12,2021-12-23T06:43:14.670Z
1018391_20211224_184132,104184,40.312834,-124.624308,17.403,-26.3,-287.4,-77.4,8.7,25.3,28.3,2021,12,24,18,41,32.76,0.0,0,4,3,12,0.013,0.028,12,2021-12-24T18:41:32.760Z
1018391_20211227_063000,104197,40.322941,-124.622127,18.177,159.1,835.0,696.7,11.4,22.9,21.2,2021,12,27,6,30,0.35,0.0,1,2,2,14,0.04,0.069,12,2021-12-27T06:30:00.350Z
1018391_20211228_123854,104203,40.318494,-124.622811,18.36,101.0,341.1,880.3,11.3,28.3,23.7,2021,12,28,12,38,54.78,0.0,2,4,1,7,0.055,0.058,12,2021-12-28T12:38:54.780Z
1018391_20211228_072516,104204,40.32358,-124.623478,17.894,44.3,905.9,414.4,8.8,27.1,23.3,2021,12,28,7,25,16.59,0.0,1,5,16,50,0.031,0.078,12,2021-12-28T07:25:16.590Z
1018391_20211231_180452,104212,40.311837,-124.624471,17.358,-40.1,-398.1,-122.5,6.6,16.6,13.9,2021,12,31,18,4,52.48,0.0,0,4,0,11,0.004,0.014,12,2021-12-31T18:04:52.480Z
1018391_20211231_194246,104213,40.31224,-124.624683,17.378,-58.1,-353.3,-102.0,5.8,14.8,15.5,2021,12,31,19,42,46.66,0.0,0,4,0,4,0.006,0.004,12,2021-12-31T19:42:46.660Z
1018391_20220101_080550,104215,40.305924,-124.625529,16.68,-130.1,-1054.6,-800.4,5.4,20.1,16.2,2022,1,1,8,5,50.26,0.0,1,3,1,10,0.005,0.038,12,2022-01-01T08:05:50.260Z
1018391_20220102_213500,104216,40.301697,-124.623307,17.406,58.8,-1524.0,-73.6,14.0,29.7,30.4,2022,1,2,21,35,0.18,0.0,1,2,2,10,0.042,0.054,12,2022-01-02T21:35:00.180Z
1018391_20220102_083854,104217,40.330111,-124.622241,18.915,149.4,1631.1,1435.5,9.7,23.7,14.3,2022,1,2,8,38,54.88,0.0,1,2,6,18,0.015,0.091,12,2022-01-02T08:38:54.880Z
1018391_20220111_045919,104227,40.317757,-124.623706,17.359,24.9,259.3,-120.7,8.5,15.8,24.6,2022,1,11,4,59,19.2,0.0,3,2,20,33,0.02,0.06,12,2022-01-11T04:59:19.200Z
1018391_20220112_072641,104229,40.317607,-124.623022,17.091,83.0,242.6,-388.9,10.2,10.5,22.5,2022,1,12,7,26,41.13,0.0,4,1,21,17,0.022,0.067,12,2022-01-12T07:26:41.130Z
1018391_20220112_184023,104232,40.312362,-124.624626,17.331,-53.3,-339.8,-149.2,5.4,17.1,12.5,2022,1,12,18,40,23.44,0.0,0,4,0,5,0.011,0.029,12,2022-01-12T18:40:23.440Z
1018391_20220116_211922,104236,40.315202,-124.625106,17.457,-94.1,-24.4,-22.8,9.0,21.5,12.0,2022,1,16,21,19,22.2,0.0,0,4,0,0,0.019,-9.0,12,2022-01-16T21:19:22.200Z
1018391_20220119_153454,104237,40.312797,-124.624845,17.354,-71.9,-291.4,-125.6,5.1,14.2,11.2,2022,1,19,15,34,54.74,0.0,0,4,0,13,0.005,0.03,12,2022-01-19T15:34:54.740Z
1018391_20220120_012209,104238,40.31827,-124.624251,17.522,-21.4,316.3,42.4,13.5,29.5,34.5,2022,1,20,1,22,9.69,0.0,1,3,9,31,0.045,0.06,12,2022-01-20T01:22:09.690Z
1018391_20220125_044154,104240,40.313717,-124.624756,17.312,-64.3,-189.3,-168.3,5.5,13.5,13.0,2022,1,25,4,41,54.44,0.0,0,4,0,32,0.003,0.045,12,2022-01-25T04:41:54.440Z
1018391_20220131_001557,104243,40.314567,-124.6205,18.292,297.4,-94.9,811.6,9.6,25.8,31.7,2022,1,31,0,15,57.48,0.0,3,1,3,22,0.04,0.117,12,2022-01-31T00:15:57.480Z
1018391_20220201_044225,104246,40.316292,-124.623494,17.078,42.9,96.7,-402.2,8.9,12.4,18.1,2022,2,1,4,42,25.48,0.0,3,3,16,21,0.038,0.053,12,2022-02-01T04:42:25.480Z
1018391_20220202_020840,104247,40.319352,-124.622038,17.105,166.7,436.5,-375.0,15.6,22.7,31.2,2022,2,2,2,8,40.47,0.0,3,2,18,20,0.053,0.062,12,2022-02-02T02:08:40.470Z
1018391_20220211_150229,104250,40.316475,-124.62439,17.514,-33.2,117.0,33.7,8.9,20.9,13.5,2022,2,11,15,2,29.21,0.0,0,4,0,37,0.005,0.022,12,2022-02-11T15:02:29.210Z
1018391_20220217_123444,104255,40.333594,-124.622534,18.77,124.5,2017.9,1290.2,7.8,14.5,16.5,2022,2,17,12,34,44.0,0.0,1,2,3,8,0.025,0.08,12,2022-02-17T12:34:44.000Z
1018391_20220217_194740,104256,40.332467,-124.621061,17.838,249.7,1892.7,357.8,10.5,20.4,20.3,2022,2,17,19,47,40.2,0.0,1,3,9,27,0.035,0.084,12,2022-02-17T19:47:40.200Z
1018391_20220219_165609,104258,40.314278,-124.625065,17.075,-90.6,-127.0,-405.3,7.8,19.5,18.5,2022,2,19,16,56,9.37,0.0,0,4,0,23,0.027,0.068,12,2022-02-19T16:56:09.370Z
1018391_20220306_100124,104262,40.322632,-124.621973,18.998,172.2,800.6,1517.9,9.8,10.6,19.7,2022,3,6,10,1,24.49,0.0,2,2,0,0,0.041,-9.0,12,2022-03-06T10:01:24.490Z
1018391_20220402_052028,104268,40.333618,-124.621826,18.556,184.7,2020.6,1076.5,7.7,21.8,34.3,2022,4,2,5,20,28.16,0.0,1,3,7,22,0.05,0.094,12,2022-04-02T05:20:28.160Z
1018391_20220403_004640,104269,40.318612,-124.62312,17.221,74.7,354.2,-259.3,10.5,15.8,22.1,2022,4,3,0,46,40.79,0.0,3,2,19,20,0.033,0.042,12,2022-04-03T00:46:40.790Z
1018391_20220428_040559,104275,40.314693,-124.624097,17.362,-8.3,-80.9,-117.5,16.7,21.0,25.6,2022,4,28,4,5,59.71,0.0,2,4,21,55,0.058,0.053,12,2022-04-28T04:05:59.710Z
1018391_20220514_182341,104279,40.312207,-124.624658,17.436,-56.0,-356.9,-43.6,6.8,16.3,15.1,2022,5,14,18,23,41.42,0.0,0,4,0,7,0.005,0.037,12,2022-05-14T18:23:41.420Z
1018391_20220528_034110,104283,40.315369,-124.624146,17.556,-12.5,-5.9,76.3,12.9,32.1,24.0,2022,5,28,3,41,10.85,0.0,0,4,0,8,0.005,0.012,12,2022-05-28T03:41:10.850Z
1018391_20220609_004452,104284,40.321313,-124.624373,17.254,-31.8,654.2,-225.7,15.0,50.5,31.8,2022,6,9,0,44,52.04,0.0,1,3,0,11,0.05,0.047,12,2022-06-09T00:44:52.040Z
1018391_20220612_110314,104285,40.315181,-124.624349,17.498,-29.7,-26.7,18.2,8.9,20.1,12.9,2022,6,12,11,3,14.47,0.0,0,4,0,13,0.006,0.016,12,2022-06-12T11:03:14.470Z
1018391_20220830_030418,104296,40.316809,-124.625456,19.277,-123.8,154.1,1797.5,12.2,26.5,21.2,2022,8,30,3,4,18.36,0.0,1,3,10,30,0.048,0.088,12,2022-08-30T03:04:18.360Z
1018391_20220916_044317,104297,40.303357,-124.625936,16.817,-164.6,-1339.7,-663.4,7.5,14.0,18.2,2022,9,16,4,43,17.3,0.0,2,5,0,0,0.021,-9.0,12,2022-09-16T04:43:17.300Z
1018391_20221009_104557,104302,40.313863,-124.624699,17.379,-59.5,-173.0,-100.7,5.1,12.9,11.1,2022,10,9,10,45,57.74,0.0,0,4,0,36,0.004,0.047,12,2022-10-09T10:45:57.740Z
1018391_20221112_125710,104308,40.324178,-124.623055,17.508,80.2,972.3,28.2,20.9,21.4,37.9,2022,11,12,12,57,10.37,0.0,3,1,24,19,0.057,0.124,12,2022-11-12T12:57:10.370Z
1018391,110335,40.312846,-124.624202,17.354,-17.3,-286.0,-125.8,6.5,9.0,9.2,2023,5,10,10,0,53.01,1.31,113,261,0,0,0.029,-9.0,12,2023-05-10T10:00:53.010Z
1013423_20200129_081218,105071,40.303182,-124.599634,17.676,-77.5,-1333.3,-133.7,14.3,29.6,25.2,2020,1,29,8,12,18.97,0.0,1,3,10,30,0.061,0.126,13,2020-01-29T08:12:18.970Z
1013423_20200226_092118,105074,40.316634,-124.599552,17.649,-70.6,160.4,-161.1,8.9,15.9,14.3,2020,2,26,9,21,18.89,0.0,2,3,19,29,0.03,0.084,13,2020-02-26T09:21:18.890Z
1013423_20200227_011534,105075,40.313676,-124.601839,17.848,-264.9,-168.1,37.5,9.2,18.9,19.0,2020,2,27,1,15,34.32,0.0,3,0,36,26,0.006,0.146,13,2020-02-27T01:15:34.320Z
1013423_20200508_115720,105078,40.314445,-124.597656,18.45,90.6,-82.7,641.0,7.8,20.3,23.7,2020,5,8,11,57,20.15,0.0,2,2,21,32,0.045,0.099,13,2020-05-08T11:57:20.150Z
1013423_20200526_111744,105080,40.316097,-124.598999,17.829,-23.5,100.8,18.6,6.0,9.5,9.2,2020,5,26,11,17,44.73,0.0,4,3,57,41,0.018,0.095,13,2020-05-26T11:17:44.730Z
1013423_20200601_130356,105081,40.315299,-124.598812,17.994,-7.6,12.2,184.1,6.7,8.9,8.0,2020,6,1,13,3,56.48,0.0,4,4,71,77,0.019,0.075,13,2020-06-01T13:03:56.480Z
1013423_20200601_171514,105082,40.309684,-124.597135,17.589,134.9,-611.3,-220.6,7.0,15.6,16.3,2020,6,1,17,15,14.6,0.0,2,0,22,22,0.007,0.148,13,2020-06-01T17:15:14.600Z
1013423_20200718_002523,105086,40.315922,-124.60105,17.916,-197.8,81.3,105.6,10.1,17.4,19.2,2020,7,18,0,25,23.92,0.0,3,2,49,46,0.06,0.161,13,2020-07-18T00:25:23.920Z
1013423_20200809_000425,105088,40.315597,-124.599325,17.855,-51.2,45.2,45.4,6.9,9.5,9.4,2020,8,9,0,4,25.59,0.0,1,3,13,39,0.019,0.047,13,2020-08-09T00:04:25.590Z
1013423_20201016_152553,105092,40.313969,-124.598828,18.026,-9.0,-135.5,216.5,6.6,16.8,16.8,2020,10,16,15,25,53.4,0.0,3,3,40,42,0.024,0.07,13,2020-10-16T15:25:53.400Z
1013423_20201030_052453,105093,40.320581,-124.598079,18.565,54.6,598.7,755.1,5.4,14.0,18.9,2020,10,30,5,24,53.79,0.0,2,1,14,14,0.01,0.067,13,2020-10-30T05:24:53.790Z
1013423_20201212_143659,105094,40.315442,-124.599308,17.882,-49.8,28.0,71.6,6.7,12.0,11.3,2020,12,12,14,36,59.78,0.0,3,1,36,12,0.017,0.08,13,2020-12-12T14:36:59.780Z
1013423_20201231_105726,105097,40.31547,-124.59812,17.799,51.2,31.2,-11.3,9.9,19.4,19.1,2020,12,31,10,57,26.3,0.0,2,2,22,22,0.053,0.079,13,2020-12-31T10:57:26.300Z
1013423_20210105_010730,105098,40.314376,-124.601245,17.911,-214.4,-90.4,101.2,8.1,16.5,14.9,2021,1,5,1,7,30.23,0.0,3,1,39,13,0.04,0.106,13,2021-01-05T01:07:30.230Z
1013423_20210121_015143,105100,40.315788,-124.599805,17.853,-92.0,66.4,42.6,4.1,7.7,7.7,2021,1,21,1,51,43.35,0.0,2,2,16,16,0.007,0.05,13,2021-01-21T01:51:43.350Z
1013423_20210122_031843,105101,40.315796,-124.599414,17.877,-58.8,67.3,67.1,6.3,11.5,11.6,2021,1,22,3,18,43.3,0.0,3,1,33,11,0.012,0.063,13,2021-01-22T03:18:43.300Z
1013423_20210129_174954,105102,40.315592,-124.599715,17.867,-84.4,44.7,57.2,6.0,10.9,10.3,2021,1,29,17,49,54.3,0.0,3,3,40,33,0.011,0.08,13,2021-01-29T17:49:54.300Z
1013423_20210310_212701,105105,40.315287,-124.599552,17.848,-70.6,10.8,38.5,5.0,8.8,8.4,2021,3,10,21,27,1.48,0.0,4,1,50,15,0.011,0.078,13,2021-03-10T21:27:01.480Z
1013423_20210331_083048,105107,40.316048,-124.598071,17.962,55.3,95.3,152.5,10.9,20.1,21.2,2021,3,31,8,30,48.63,0.0,2,2,18,18,0.061,0.113,13,2021-03-31T08:30:48.630Z
1013423_20210402_125212,105109,40.314718,-124.599268,17.807,-46.3,-52.4,-3.4,7.7,8.7,8.5,2021,4,2,12,52,12.13,0.0,4,4,92,94,0.021,0.08,13,2021-04-02T12:52:12.130Z
1013423_20210402_103049,105111,40.315755,-124.599536,17.857,-69.2,62.8,47.0,6.3,12.7,12.8,2021,4,2,10,30,49.52,0.0,2,2,20,20,0.009,0.045,13,2021-04-02T10:30:49.520Z
1013423_20210402_093122,105112,40.316016,-124.599316,17.911,-50.5,91.7,101.2,5.2,9.0,8.5,2021,4,2,9,31,22.39,0.0,4,1,48,14,0.016,0.074,13,2021-04-02T09:31:22.390Z
1013423_20210405_203412,105115,40.307454,-124.596688,16.997,172.9,-858.9,-812.5,4.2,7.5,7.4,2021,4,5,20,34,12.32,0.0,2,2,19,30,0.004,0.14,13,2021-04-05T20:34:12.320Z
1013423_20210405_202726,105116,40.3139,-124.594775,17.884,335.5,-143.2,73.8,7.6,19.8,18.1,2021,4,5,20,27,26.64,0.0,3,1,31,18,0.052,0.138,13,2021-04-05T20:27:26.640Z
1013423_20210408_042520,105119,40.315828,-124.599601,17.862,-74.7,70.9,52.4,5.6,11.7,11.7,2021,4,8,4,25,20.81,0.0,3,1,27,9,0.004,0.071,13,2021-04-08T04:25:20.810Z
1013423_20210410_010055,105120,40.314884,-124.599186,17.765,-39.4,-33.9,-45.0,6.1,8.5,8.4,2021,4,10,1,0,55.4,0.0,3,4,47,73,0.011,0.075,13,2021-04-10T01:00:55.400Z
1013423_20210419_055954,105122,40.318823,-124.594027,17.443,399.1,403.5,-367.4,4.5,16.7,18.0,2021,4,19,5,59,54.42,0.0,4,0,59,17,0.006,0.18,13,2021-04-19T05:59:54.420Z
1013423_20210514_181350,105123,40.314897,-124.5993,17.794,-49.1,-32.5,-16.1,7.1,8.4,8.0,2021,5,14,18,13,50.32,0.0,4,4,74,86,0.017,0.092,13,2021-05-14T18:13:50.320Z
1013423_20210630_203648,105128,40.311544,-124.599666,17.769,-80.2,-404.8,-41.0,10.1,17.0,17.7,2021,6,30,20,36,48.32,0.0,1,3,11,33,0.041,0.069,13,2021-06-30T20:36:48.320Z
1013423_20210701_171611,105129,40.314095,-124.599154,17.705,-36.7,-121.5,-105.3,10.3,15.8,15.9,2021,7,1,17,16,11.7,0.0,2,3,31,57,0.039,0.103,13,2021-07-01T17:16:11.700Z
1013423_20210725_035732,105132,40.314836,-124.597388,17.789,113.4,-39.3,-21.2,7.1,14.6,14.8,2021,7,25,3,57,32.87,0.0,2,2,20,20,0.07,0.116,13,2021-07-25T03:57:32.870Z
1013423_20210725_082937,105135,40.316874,-124.599259,17.908,-45.7,187.1,98.1,6.5,15.6,12.5,2021,7,25,8,29,37.55,0.0,2,2,18,18,0.021,0.054,13,2021-07-25T08:29:37.550Z
1013423_20211011_113059,105139,40.314494,-124.599146,18.158,-36.0,-77.3,347.6,7.5,9.8,22.8,2021,10,11,11,30,59.1,0.0,2,3,29,41,0.021,0.087,13,2021-10-11T11:30:59.100Z
1013423_20211012_131342,105140,40.318095,-124.599561,17.932,-71.2,322.6,121.9,11.8,20.9,21.0,2021,10,12,13,13,42.47,0.0,2,3,19,39,0.038,0.075,13,2021-10-12T13:13:42.470Z
1013423_20211028_164357,105141,40.315275,-124.599137,17.83,-35.3,9.5,19.7,7.2,8.4,8.6,2021,10,28,16,43,57.24,0.0,2,3,28,50,0.016,0.09,13,2021-10-28T16:43:57.240Z
1013423_20211129_132206,105143,40.318258,-124.600374,17.374,-140.4,340.7,-435.6,12.8,32.9,27.7,2021,11,29,13,22,6.79,0.0,2,3,20,31,0.051,0.102,13,2021-11-29T13:22:06.790Z
1013423_20211220_204748,105146,40.315426,-124.598079,17.768,54.6,26.2,-42.3,11.2,12.1,11.6,2021,12,20,20,47,48.44,0.0,3,3,47,44,0.048,0.092,13,2021-12-20T20:47:48.440Z
1013423_20211220_201239,105150,40.316593,-124.599976,17.849,-106.5,155.9,38.9,7.0,15.0,14.4,2021,12,20,20,12,39.5,0.0,2,2,20,20,0.035,0.044,13,2021-12-20T20:12:39.500Z
1013423_20211221_031238,105152,40.314286,-124.599259,17.838,-45.7,-100.3,28.3,7.3,10.4,8.1,2021,12,21,3,12,38.32,0.0,4,5,86,101,0.019,0.078,13,2021-12-21T03:12:38.320Z
1013423_20211221_051542,105153,40.314351,-124.599056,17.916,-28.4,-93.1,105.9,7.3,11.7,9.4,2021,12,21,5,15,42.32,0.0,4,5,77,98,0.021,0.077,13,2021-12-21T05:15:42.320Z
1013423_20211221_071624,105154,40.313985,-124.599219,17.918,-42.2,-133.7,108.3,8.1,7.9,7.5,2021,12,21,7,16,24.48,0.0,2,4,32,60,0.022,0.067,13,2021-12-21T07:16:24.480Z
1013423_20211221_043557,105159,40.314933,-124.596411,19.294,196.5,-28.5,1484.0,7.8,27.3,21.0,2021,12,21,4,35,57.41,0.0,2,3,27,48,0.044,0.113,13,2021-12-21T04:35:57.410Z
1013423_20211221_130126,105161,40.315544,-124.59856,18.389,13.8,39.3,578.9,6.5,16.4,18.2,2021,12,21,13,1,26.0,0.0,3,4,46,53,0.027,0.082,13,2021-12-21T13:01:26.000Z
1013423_20211221_065617,105162,40.315483,-124.599284,17.845,-47.7,32.5,35.1,4.1,8.7,8.1,2021,12,21,6,56,17.61,0.0,4,1,48,14,0.003,0.068,13,2021-12-21T06:56:17.610Z
1013423_20211221_090355,105163,40.311104,-124.596281,18.919,207.5,-453.6,1109.3,6.8,18.0,27.4,2021,12,21,9,3,55.04,0.0,2,1,24,24,0.012,0.095,13,2021-12-21T09:03:55.040Z
1013423_20211221_034802,105166,40.321847,-124.597021,18.579,144.6,739.2,769.0,6.4,12.8,19.1,2021,12,21,3,48,2.25,0.0,3,2,28,18,0.027,0.083,13,2021-12-21T03:48:02.250Z
1013423_20211221_011038,105168,40.324491,-124.59755,20.131,99.6,1032.9,2320.5,8.9,18.4,13.9,2021,12,21,1,10,38.37,0.0,1,1,13,39,0.015,0.191,13,2021-12-21T01:10:38.370Z
1013423_20211222_060507,105171,40.315422,-124.59917,17.684,-38.0,25.8,-125.8,5.8,8.2,10.0,2021,12,22,6,5,7.14,0.0,1,5,15,56,0.009,0.092,13,2021-12-22T06:05:07.140Z
1013423_20211222_181817,105175,40.317065,-124.59554,17.686,270.5,208.3,-124.1,6.0,10.9,10.5,2021,12,22,18,18,17.14,0.0,2,0,21,39,0.002,0.148,13,2021-12-22T18:18:17.140Z
1013423_20211223_010840,105177,40.312984,-124.599211,17.692,-41.5,-244.9,-117.6,10.4,16.6,16.6,2021,12,23,1,8,39.96,0.0,2,3,29,52,0.039,0.104,13,2021-12-23T01:08:39.960Z
1013423_20211223_192709,105178,40.316081,-124.599438,17.87,-60.9,98.9,60.0,8.1,10.1,10.6,2021,12,23,19,27,9.02,0.0,1,3,10,30,0.027,0.064,13,2021-12-23T19:27:09.020Z
1013423_20211223_190446,105179,40.316484,-124.599772,17.896,-89.2,143.7,86.4,9.0,10.1,10.5,2021,12,23,19,4,46.78,0.0,1,3,10,30,0.031,0.033,13,2021-12-23T19:04:46.780Z
1013423_20211223_154053,105180,40.31486,-124.599797,17.845,-91.3,-36.6,34.5,7.2,12.1,11.4,2021,12,23,15,40,53.88,0.0,1,3,7,21,0.014,0.058,13,2021-12-23T15:40:53.880Z
1013423_20211223_033130,105183,40.318701,-124.593937,17.466,406.7,389.9,-344.2,4.7,18.1,19.7,2021,12,23,3,31,30.83,0.0,4,0,42,23,0.006,0.181,13,2021-12-23T03:31:30.830Z
1013423_20211224_142229,105185,40.314425,-124.599292,17.857,-48.4,-84.9,47.3,4.8,10.4,8.8,2021,12,24,14,22,29.53,0.0,1,4,12,49,0.004,0.06,13,2021-12-24T14:22:29.530Z
1013423_20211224_024914,105188,40.314018,-124.599097,17.553,-31.8,-130.1,-257.3,5.6,8.4,9.3,2021,12,24,2,49,14.43,0.0,1,3,12,36,0.025,0.051,13,2021-12-24T02:49:14.430Z
1013423_20211226_072810,105190,40.315503,-124.593555,17.603,439.2,34.8,-206.6,7.0,13.6,13.7,2021,12,26,7,28,10.43,0.0,2,0,30,45,0.002,0.225,13,2021-12-26T07:28:10.430Z
1013423_20211227_022146,105192,40.312594,-124.594653,19.375,345.9,-288.3,1564.8,4.7,26.1,21.8,2021,12,27,2,21,46.22,0.0,2,1,14,14,0.028,0.118,13,2021-12-27T02:21:46.220Z
1013423_20211230_133531,105196,40.314303,-124.599235,17.443,-43.6,-98.5,-366.7,8.2,15.3,18.4,2021,12,30,13,35,31.25,0.0,2,3,20,40,0.03,0.049,13,2021-12-30T13:35:31.250Z
1013423_20211231_145018,105199,40.30282,-124.598315,17.89,34.6,-1373.6,80.1,3.6,24.6,22.5,2021,12,31,14,50,18.04,0.0,1,2,11,33,0.016,0.103,13,2021-12-31T14:50:18.040Z
1013423_20220101_101759,105201,40.314449,-124.597038,18.597,143.2,-82.2,787.0,4.9,11.3,16.7,2022,1,1,10,17,59.19,0.0,3,2,33,23,0.016,0.079,13,2022-01-01T10:17:59.190Z
1013423_20220110_153912,105205,40.311678,-124.598617,17.83,9.0,-389.9,19.8,10.0,24.7,22.0,2022,1,10,15,39,12.37,0.0,2,4,29,47,0.047,0.093,13,2022-01-10T15:39:12.370Z
1013423_20220114_044149,105206,40.316573,-124.601953,17.743,-274.6,153.6,-66.7,9.4,15.3,16.4,2022,1,14,4,41,49.87,0.0,2,0,18,17,0.003,0.196,13,2022-01-14T04:41:49.870Z
1013423_20220115_071933,105207,40.317419,-124.60013,17.9,-119.7,247.6,89.8,10.0,27.2,19.4,2022,1,15,7,19,33.25,0.0,1,3,11,33,0.044,0.104,13,2022-01-15T07:19:33.250Z
1013423_20220123_082312,105209,40.315161,-124.599487,17.91,-65.0,-3.2,100.2,6.4,11.9,10.0,2022,1,23,8,23,12.83,0.0,3,5,53,95,0.021,0.081,13,2022-01-23T08:23:12.830Z
1013423_20220221_194657,105213,40.313879,-124.59965,17.636,-78.9,-145.5,-174.4,5.2,7.3,7.0,2022,2,21,19,46,57.28,0.0,4,5,93,104,0.016,0.091,13,2022-02-21T19:46:57.280Z
1013423_20220421_090055,105216,40.314229,-124.599455,17.787,-62.3,-106.6,-23.1,4.3,8.9,6.6,2022,4,21,9,0,55.42,0.0,2,3,20,28,0.005,0.037,13,2022-04-21T09:00:55.420Z
1013423_20220603_204606,105219,40.307633,-124.60009,17.531,-116.2,-839.0,-278.8,12.5,39.3,26.6,2022,6,3,20,46,7.04,0.0,2,4,36,83,0.057,0.128,13,2022-06-03T20:46:07.040Z
1013423_20220629_235810,105220,40.323714,-124.599349,17.818,-53.3,946.6,7.8,12.3,31.6,25.3,2022,6,29,23,58,10.98,0.0,2,3,21,29,0.067,0.112,13,2022-06-29T23:58:10.980Z
1013423_20220923_030249,105223,40.305363,-124.60035,17.672,-138.4,-1091.2,-138.3,15.3,28.3,29.3,2022,9,23,3,2,49.5,0.0,2,1,0,0,0.05,-9.0,13,2022-09-23T03:02:49.500Z
1013423,110360,40.315092,-124.599007,17.745,-24.2,-10.8,-65.4,4.2,7.9,7.5,2022,12,31,1,9,23.46,1.24,167,169,0,0,0.031,-9.0,13,2022-12-31T01:09:23.460Z
1012876_20200408_082158,105726,40.377816,-124.252002,26.436,212.2,-363.7,-865.3,5.3,9.8,6.2,2020,4,8,8,21,58.11,0.0,2,3,21,28,0.01,0.051,14,2020-04-08T08:21:58.110Z
1012876_20200818_235439,105730,40.37675,-124.251009,26.407,296.5,-482.1,-893.7,4.0,3.3,3.4,2020,8,18,23,54,39.92,0.0,0,5,0,65,0.001,0.04,14,2020-08-18T23:54:39.920Z
1012876_20201218_234126,105732,40.393424,-124.252816,26.677,143.0,1369.5,-623.8,4.6,17.9,3.9,2020,12,18,23,41,26.62,0.0,3,0,16,5,0.005,0.087,14,2020-12-18T23:41:26.620Z
1012876_20210313_091642,105733,40.387854,-124.243538,26.087,930.8,750.9,-1214.2,7.3,13.3,7.2,2021,3,13,9,16,42.04,0.0,2,1,12,14,0.014,0.106,14,2021-03-13T09:16:42.040Z
1012876_20210328_185139,105734,40.387878,-124.248169,26.391,537.6,753.7,-910.6,8.4,9.4,7.2,2021,3,28,18,51,39.6,0.0,2,1,19,28,0.014,0.118,14,2021-03-28T18:51:39.600Z
1012876_20210826_074605,105739,40.369572,-124.260107,26.487,-476.2,-1279.1,-814.1,6.8,8.7,4.0,2021,8,26,7,46,5.34,0.0,2,3,10,24,0.008,0.077,14,2021-08-26T07:46:05.340Z
1012876_20211103_002455,105740,40.376143,-124.250122,26.464,371.8,-549.4,-837.0,6.6,6.8,4.7,2021,11,3,0,24,55.51,0.0,0,5,0,49,0.013,0.036,14,2021-11-03T00:24:55.510Z
1012876_20211103_005601,105742,40.376949,-124.249902,26.431,390.5,-460.0,-870.0,6.3,5.8,7.1,2021,11,3,0,56,1.63,0.0,1,5,7,66,0.018,0.048,14,2021-11-03T00:56:01.630Z
1012876_20211103_073658,105743,40.379647,-124.246159,26.344,708.3,-160.4,-957.0,11.2,9.5,5.4,2021,11,3,7,36,58.25,0.0,1,4,6,25,0.029,0.041,14,2021-11-03T07:36:58.250Z
1012876_20211103_045554,105744,40.359729,-124.252238,26.054,192.1,-2372.1,-1247.3,8.4,12.9,8.7,2021,11,3,4,55,54.75,0.0,1,2,1,11,0.02,0.073,14,2021-11-03T04:55:54.750Z
1012876_20211103_035044,105745,40.378178,-124.250895,26.313,306.1,-323.5,-988.5,7.8,8.8,5.3,2021,11,3,3,50,44.7,0.0,0,5,0,52,0.016,0.033,14,2021-11-03T03:50:44.700Z
1012876_20211103_023953,105747,40.374308,-124.247778,26.177,570.8,-753.2,-1123.7,14.2,14.4,8.4,2021,11,3,2,39,53.5,0.0,1,1,5,15,0.008,0.117,14,2021-11-03T02:39:53.500Z
1012876_20211103_023716,105749,40.380078,-124.238737,26.01,1338.6,-112.5,-1290.9,6.0,3.1,5.8,2021,11,3,2,37,16.73,0.0,4,0,23,23,0.015,0.118,14,2021-11-03T02:37:16.730Z
1012876_20211103_004154,105750,40.375562,-124.249894,26.446,391.2,-614.0,-854.8,6.2,5.9,4.6,2021,11,3,0,41,54.39,0.0,2,2,22,28,0.007,0.075,14,2021-11-03T00:41:54.390Z
1012876_20211103_003912,105751,40.376912,-124.250553,26.415,335.2,-464.0,-886.5,4.7,4.5,5.7,2021,11,3,0,39,12.57,0.0,2,5,22,81,0.015,0.053,14,2021-11-03T00:39:12.570Z
1012876_20211103_003413,105752,40.377332,-124.250911,26.381,304.8,-417.5,-919.7,6.6,7.8,3.5,2021,11,3,0,34,13.4,0.0,0,3,0,40,0.006,0.014,14,2021-11-03T00:34:13.400Z
1012876_20211103_003206,105754,40.377148,-124.248641,26.39,497.6,-437.8,-910.8,5.3,4.3,3.2,2021,11,3,0,32,6.68,0.0,0,4,0,23,0.005,0.037,14,2021-11-03T00:32:06.680Z
1012876_20211104_071201,105757,40.376127,-124.250252,26.44,360.7,-551.2,-860.8,6.3,5.2,5.3,2021,11,4,7,12,1.6,0.0,0,5,0,64,0.011,0.032,14,2021-11-04T07:12:01.600Z
1012876_20211111_134218,105762,40.374955,-124.249325,26.554,439.5,-681.4,-747.4,6.0,10.0,4.7,2021,11,11,13,42,18.82,0.0,2,0,10,8,0.002,0.044,14,2021-11-11T13:42:18.820Z
1012876_20211220_220544,105763,40.379586,-124.252197,26.381,195.6,-167.2,-920.3,8.6,13.6,6.1,2021,12,20,22,5,44.38,0.0,1,2,7,29,0.005,0.059,14,2021-12-20T22:05:44.380Z
1012876_20211220_213524,105764,40.367879,-124.259066,26.621,-387.7,-1467.1,-680.1,6.0,9.2,4.3,2021,12,20,21,35,24.82,0.0,0,4,0,20,0.007,0.02,14,2021-12-20T21:35:24.820Z
1012876_20211220_203209,105765,40.372587,-124.255485,26.23,-83.6,-944.3,-1070.9,5.2,3.5,3.6,2021,12,20,20,32,9.52,0.0,2,1,8,8,0.001,0.059,14,2021-12-20T20:32:09.520Z
1012876_20211221_061158,105768,40.375834,-124.247005,26.388,636.5,-583.8,-913.5,7.6,9.7,7.8,2021,12,21,6,11,58.32,0.0,0,4,19,67,0.029,0.08,14,2021-12-21T06:11:58.320Z
1012876_20211221_075643,105769,40.373364,-124.24882,25.914,482.4,-858.0,-1387.0,8.5,17.5,8.0,2021,12,21,7,56,43.75,0.0,3,1,36,22,0.031,0.112,14,2021-12-21T07:56:43.750Z
1012876_20211221_001942,105772,40.380632,-124.254036,26.521,39.4,-51.1,-780.5,8.5,12.6,9.0,2021,12,21,0,19,42.03,0.0,2,1,8,8,0.02,0.082,14,2021-12-21T00:19:42.030Z
1012876_20211221_205048,105774,40.389473,-124.256136,26.96,-138.9,930.8,-341.6,6.0,6.7,4.4,2021,12,21,20,50,48.58,0.0,1,2,0,8,0.014,0.152,14,2021-12-21T20:50:48.580Z
1012876_20211222_033333,105775,40.382117,-124.242244,26.243,1040.7,113.9,-1058.6,7.7,10.5,3.9,2021,12,22,3,33,33.3,0.0,3,3,34,45,0.008,0.092,14,2021-12-22T03:33:33.300Z
1012876_20211222_183956,105777,40.381372,-124.250456,26.241,343.5,31.2,-1060.5,10.1,15.9,8.6,2021,12,22,18,39,56.88,0.0,3,1,51,26,0.019,0.081,14,2021-12-22T18:39:56.880Z
1012876_20211222_030748,105778,40.377795,-124.252824,26.365,142.4,-366.0,-935.8,6.8,10.1,5.5,2021,12,22,3,7,48.26,0.0,1,2,6,16,0.017,0.054,14,2021-12-22T03:07:48.260Z
1012876_20211224_032430,105780,40.375789,-124.252417,26.387,176.9,-588.7,-914.3,4.2,4.1,3.2,2021,12,24,3,24,30.24,0.0,4,6,33,95,0.003,0.062,14,2021-12-24T03:24:30.240Z
1012876_20211224_101205,105782,40.38938,-124.252498,26.623,170.0,920.4,-678.0,10.0,8.3,11.3,2021,12,24,10,12,5.46,0.0,3,1,23,18,0.026,0.086,14,2021-12-24T10:12:05.460Z
1012876_20211225_173135,105784,40.371871,-124.251904,26.303,220.5,-1023.9,-997.9,5.7,9.2,5.5,2021,12,25,17,31,35.0,0.0,0,3,0,40,0.033,0.053,14,2021-12-25T17:31:35.000Z
1012876_20211226_194033,105787,40.370687,-124.257397,26.533,-246.0,-1155.3,-767.8,5.1,7.8,4.0,2021,12,26,19,40,33.96,0.0,0,4,0,33,0.01,0.099,14,2021-12-26T19:40:33.960Z
1012876_20211229_235851,105789,40.382609,-124.247762,26.183,572.2,168.5,-1117.8,7.5,18.7,8.0,2021,12,29,23,58,51.82,0.0,2,1,10,10,0.015,0.107,14,2021-12-29T23:58:51.820Z
1012876_20220104_131611,105791,40.370386,-124.254313,26.237,15.9,-1188.8,-1064.1,9.1,7.2,7.0,2022,1,4,13,16,11.83,0.0,3,3,33,35,0.029,0.082,14,2022-01-04T13:16:11.830Z
1012876_20220109_002357,105793,40.376013,-124.252116,26.403,202.5,-563.9,-898.7,4.0,3.6,3.4,2022,1,9,0,23,57.2,0.0,5,6,59,113,0.004,0.063,14,2022-01-09T00:23:57.200Z
1012876_20220109_002532,105794,40.375659,-124.251896,26.419,221.1,-603.2,-882.1,5.3,5.3,3.7,2022,1,9,0,25,32.7,0.0,0,4,0,40,0.002,0.016,14,2022-01-09T00:25:32.700Z
1012876_20220126_194331,105796,40.376095,-124.252417,26.397,176.9,-554.8,-904.3,3.9,3.6,3.3,2022,1,26,19,43,31.5,0.0,6,6,53,91,0.006,0.066,14,2022-01-26T19:43:31.500Z
1012876_20220206_192740,105798,40.373258,-124.251497,26.482,255.0,-869.8,-819.5,8.6,12.6,7.5,2022,2,6,19,27,40.58,0.0,2,2,14,11,0.027,0.069,14,2022-02-06T19:27:40.580Z
1012876_20220323_015321,105802,40.369214,-124.257576,26.567,-261.2,-1318.9,-734.6,7.7,11.3,6.3,2022,3,23,1,53,21.58,0.0,3,2,27,28,0.013,0.093,14,2022-03-23T01:53:21.580Z
1018641_20200613_200441,107897,40.400765,-124.263761,28.459,-786.3,2184.6,1157.4,8.8,3.4,5.8,2020,6,13,20,4,41.9,0.0,2,1,5,6,0.018,0.052,14,2020-06-13T20:04:41.900Z
1018641_20211103_203430,107899,40.396753,-124.26158,28.177,-601.2,1739.1,875.7,5.0,4.6,4.3,2021,11,3,20,34,30.06,0.0,1,4,9,24,0.007,0.031,14,2021-11-03T20:34:30.060Z
1018641_20211103_055150,107900,40.396615,-124.260384,28.174,-499.6,1723.7,872.6,5.3,4.1,4.8,2021,11,3,5,51,50.7,0.0,1,4,9,24,0.009,0.031,14,2021-11-03T05:51:50.700Z
1018641_20211221_050647,107907,40.396623,-124.261011,28.14,-552.8,1724.6,838.5,6.3,6.5,5.0,2021,12,21,5,6,47.29,0.0,0,4,9,24,0.009,0.03,14,2021-12-21T05:06:47.290Z
1018641_20211227_004032,107910,40.397038,-124.26123,28.208,-571.4,1770.7,906.6,7.1,6.0,6.8,2021,12,27,0,40,32.53,0.0,2,3,11,18,0.017,0.029,14,2021-12-27T00:40:32.530Z
1018641_20211229_175606,107911,40.396842,-124.263696,28.216,-780.8,1749.0,915.3,6.2,4.4,4.0,2021,12,29,17,56,6.64,0.0,3,7,14,25,0.006,0.042,14,2021-12-29T17:56:06.640Z
1018641_20220104_062511,107912,40.40151,-124.261068,28.145,-557.6,2267.3,844.3,7.4,5.0,7.3,2022,1,4,6,25,11.0,0.0,1,1,1,9,0.004,0.078,14,2022-01-04T06:25:11.000Z
1018641_20220118_082953,107914,40.397257,-124.261206,28.168,-569.4,1795.1,867.3,5.5,5.0,3.5,2022,1,18,8,29,53.18,0.0,0,4,0,11,0.007,0.01,14,2022-01-18T08:29:53.180Z
1018641_20220120_193545,107915,40.3986,-124.281144,28.548,-2262.2,1944.2,1246.3,15.9,15.5,11.8,2022,1,20,19,35,45.8,0.0,2,1,7,0,0.034,0.172,14,2022-01-20T19:35:45.800Z
1018641_20220310_194336,107916,40.395085,-124.263615,28.182,-773.9,1553.8,881.3,11.4,7.0,5.1,2022,3,10,19,43,36.08,0.0,2,5,12,22,0.02,0.046,14,2022-03-10T19:43:36.080Z
1018641_20220321_154536,107917,40.397803,-124.260335,28.139,-495.4,1855.7,838.0,10.0,5.5,3.7,2022,3,21,15,45,36.66,0.0,1,3,3,0,0.01,0.01,14,2022-03-21T15:45:36.660Z
1018641_20220428_161859,107919,40.398263,-124.261906,28.143,-628.8,1906.7,841.5,7.6,8.2,5.0,2022,4,28,16,18,59.89,0.0,1,5,8,22,0.01,0.032,14,2022-04-28T16:18:59.890Z
1018641_20220430_203304,107920,40.397319,-124.261117,28.169,-561.8,1801.9,867.3,5.7,5.7,3.7,2022,4,30,20,33,4.24,0.0,0,5,0,29,0.01,0.011,14,2022-04-30T20:33:04.240Z
1018641_20220703_164436,107922,40.398287,-124.261613,28.205,-603.9,1909.4,904.0,9.1,4.5,3.2,2022,7,3,16,44,36.52,0.0,1,4,0,10,0.004,0.012,14,2022-07-03T16:44:36.520Z
1018641_20220719_092803,107924,40.398149,-124.260799,28.209,-534.8,1894.1,908.2,8.7,4.3,3.9,2022,7,19,9,28,3.61,0.0,2,2,5,4,0.007,0.023,14,2022-07-19T09:28:03.610Z
1018641_20220820_185736,107925,40.396684,-124.261759,28.179,-616.4,1731.4,877.9,5.3,5.4,3.3,2022,8,20,18,57,36.76,0.0,1,4,9,24,0.009,0.033,14,2022-08-20T18:57:36.760Z
1017086_20200407_161913,108010,40.368518,-124.254834,30.003,-28.3,-1396.2,2702.1,7.1,5.4,5.9,2020,4,7,16,19,13.8,0.0,1,6,3,6,0.028,0.032,14,2020-04-07T16:19:13.800Z
1017086_20210520_080114,108011,40.36934,-124.259619,30.191,-434.7,-1304.9,2889.7,5.0,4.6,5.6,2021,5,20,8,1,14.24,0.0,1,4,0,3,0.009,0.049,14,2021-05-20T08:01:14.240Z
1017086_20210609_144315,108012,40.365169,-124.255119,30.243,-52.5,-1768.0,2941.9,11.4,12.0,4.9,2021,6,9,14,43,15.27,0.0,1,3,2,0,0.011,0.015,14,2021-06-09T14:43:15.270Z
1017086_20210719_005328,108013,40.37109,-124.252816,30.149,143.1,-1110.6,2847.3,12.6,6.5,4.2,2021,7,19,0,53,28.27,0.0,4,4,5,6,0.012,0.06,14,2021-07-19T00:53:28.270Z
1017086_20211103_064252,108019,40.36724,-124.255534,30.104,-87.8,-1538.0,2802.6,8.0,5.5,4.9,2021,11,3,6,42,52.99,0.0,2,4,5,3,0.011,0.056,14,2021-11-03T06:42:52.990Z
1017086_20211221_024739,108021,40.375785,-124.261434,30.117,-588.8,-589.2,2815.9,4.4,10.0,5.4,2021,12,21,2,47,39.03,0.0,0,3,0,2,0.002,0.044,14,2021-12-21T02:47:39.030Z
1017086_20220107_023004,108024,40.375085,-124.268156,30.112,-1159.6,-666.9,2810.9,15.2,7.2,5.9,2022,1,7,2,30,4.93,0.0,2,1,2,1,0.017,0.068,14,2022-01-07T02:30:04.930Z
1012876,110380,40.375936,-124.251457,26.394,258.5,-572.5,-907.5,4.0,2.8,3.3,2022,12,26,3,17,37.28,0.86,69,113,63,124,0.015,0.063,14,2022-12-26T03:17:37.280Z
1018641,110463,40.39884,-124.261898,28.191,-628.1,1970.9,890.0,4.5,2.9,3.2,2023,5,18,12,50,14.91,1.05,20,57,14,24,0.013,0.041,14,2023-05-18T12:50:14.910Z
1017086,110471,40.366939,-124.251497,30.106,255.0,-1571.5,2805.2,4.7,3.5,3.7,2023,3,30,14,41,33.53,1.24,11,25,5,5,0.016,0.034,14,2023-03-30T14:41:33.530Z
1014033_20200114_151517,103673,40.381002,-124.632617,25.742,-25.6,557.1,-778.3,8.4,15.9,23.5,2020,1,14,15,15,17.24,0.0,1,3,13,37,0.036,0.051,15,2020-01-14T15:15:17.240Z
1014033_20200116_223917,103674,40.375875,-124.631551,26.787,65.0,-12.2,267.0,3.9,7.0,9.6,2020,1,16,22,39,17.78,0.0,5,6,41,84,0.013,0.046,15,2020-01-16T22:39:17.780Z
1014033_20200116_235202,103675,40.374862,-124.631877,26.78,37.3,-124.7,260.2,4.4,4.8,8.6,2020,1,16,23,52,2.38,0.0,4,5,31,69,0.013,0.043,15,2020-01-16T23:52:02.380Z
1014033_20200315_081326,103680,40.364311,-124.634863,26.489,-216.3,-1296.3,-31.4,3.7,15.0,10.2,2020,3,15,8,13,26.97,0.0,2,2,23,39,0.007,0.074,15,2020-03-15T08:13:26.970Z
1014033_20200319_011444,103681,40.376156,-124.632601,25.587,-24.2,19.0,-932.5,4.4,7.8,16.3,2020,3,19,1,14,44.66,0.0,3,6,25,61,0.021,0.052,15,2020-03-19T01:14:44.660Z
1014033_20200406_083234,103683,40.388241,-124.633276,26.182,-81.5,1360.9,-338.4,4.8,10.7,14.3,2020,4,6,8,32,34.94,0.0,1,3,12,32,0.029,0.1,15,2020-04-06T08:32:34.940Z
1014033_20200406_082612,103684,40.381079,-124.632935,26.091,-52.5,565.7,-429.0,5.1,17.2,16.3,2020,4,6,8,26,12.63,0.0,4,1,49,65,0.006,0.057,15,2020-04-06T08:26:12.630Z
1014033_20200411_003015,103685,40.376685,-124.63304,24.502,-61.5,77.7,-2018.1,6.3,11.2,31.7,2020,4,11,0,30,15.88,0.0,1,4,12,24,0.015,0.064,15,2020-04-11T00:30:15.880Z
1014033_20200418_015231,103686,40.389441,-124.630111,25.798,187.3,1494.2,-722.2,5.3,8.2,13.2,2020,4,18,1,52,30.96,0.0,0,3,9,17,0.005,0.071,15,2020-04-18T01:52:30.960Z
1014033_20200430_203637,103688,40.379899,-124.632007,25.782,26.3,434.7,-738.2,3.3,4.4,11.6,2020,4,30,20,36,37.72,0.0,0,3,0,17,0.007,0.018,15,2020-04-30T20:36:37.720Z
1014033_20200604_145440,103697,40.376636,-124.631934,26.486,32.5,72.3,-34.1,2.9,6.5,6.6,2020,6,4,14,54,40.79,0.0,0,4,0,37,0.005,0.024,15,2020-06-04T14:54:40.790Z
1014033_20200807_150609,103705,40.376717,-124.63217,26.403,12.4,81.3,-117.1,2.5,6.5,5.8,2020,8,7,15,6,9.46,0.0,1,5,15,69,0.008,0.047,15,2020-08-07T15:06:09.460Z
1014033_20200920_060705,103712,40.377954,-124.63208,26.479,20.0,218.7,-41.4,2.9,7.1,9.1,2020,9,20,6,7,5.55,0.0,3,5,38,77,0.011,0.037,15,2020-09-20T06:07:05.550Z
1014033_20200929_164107,103713,40.374544,-124.631746,26.068,48.4,-159.9,-452.5,3.2,11.2,9.4,2020,9,29,16,41,7.5,0.0,0,4,10,46,0.007,0.041,15,2020-09-29T16:41:07.500Z
1014033_20201109_032614,103717,40.374866,-124.632121,26.412,16.6,-124.3,-108.2,3.1,6.9,8.6,2020,11,9,3,26,14.91,0.0,3,5,37,61,0.011,0.047,15,2020-11-09T03:26:14.910Z
1014033_20210121_204437,103721,40.377258,-124.634538,27.452,-188.7,141.4,931.9,3.7,6.5,11.2,2021,1,21,20,44,37.96,0.0,4,0,30,47,0.01,0.112,15,2021-01-21T20:44:37.960Z
1014033_20210128_080118,103724,40.377787,-124.631974,26.504,29.0,200.2,-15.6,2.9,7.5,7.0,2021,1,28,8,1,18.45,0.0,2,5,23,51,0.007,0.046,15,2021-01-28T08:01:18.450Z
1014033_20210212_041346,103725,40.367354,-124.633626,26.771,-111.3,-958.3,251.3,3.9,12.5,6.6,2021,2,12,4,13,46.16,0.0,2,2,28,34,0.012,0.061,15,2021-02-12T04:13:46.160Z
1014033_20210212_040542,103726,40.379671,-124.633952,26.81,-138.9,409.4,289.8,3.7,10.3,10.8,2021,2,12,4,5,42.13,0.0,5,0,40,24,0.005,0.074,15,2021-02-12T04:05:42.130Z
1014033_20210228_174201,103727,40.377547,-124.632528,25.901,-18.0,173.5,-619.5,3.0,7.0,19.3,2021,2,28,17,42,1.52,0.0,3,1,6,2,0.015,0.069,15,2021-02-28T17:42:01.520Z
1014033_20210316_222659,103733,40.373429,-124.63252,26.72,-17.3,-283.7,200.2,5.2,8.6,6.1,2021,3,16,22,26,59.7,0.0,5,5,27,48,0.018,0.045,15,2021-03-16T22:26:59.700Z
1014033_20210424_195512,103736,40.37297,-124.632243,26.426,6.2,-334.8,-93.8,4.4,12.6,12.7,2021,4,24,19,55,13.0,0.0,2,4,22,47,0.021,0.037,15,2021-04-24T19:55:13.000Z
1014033_20210424_212522,103737,40.372522,-124.632593,26.242,-23.5,-384.5,-277.5,4.1,12.5,13.7,2021,4,24,21,25,22.44,0.0,2,4,27,62,0.021,0.046,15,2021-04-24T21:25:22.440Z
1014033_20210502_101515,103738,40.379024,-124.632121,26.729,16.6,337.5,209.3,4.6,8.1,12.4,2021,5,2,10,15,15.34,0.0,1,5,9,58,0.017,0.054,15,2021-05-02T10:15:15.340Z
1014033_20210517_015115,103739,40.375529,-124.632129,26.282,15.9,-50.6,-237.7,3.0,7.2,7.4,2021,5,17,1,51,15.0,0.0,2,5,22,59,0.006,0.031,15,2021-05-17T01:51:15.000Z
1014033_20210603_091116,103743,40.37207,-124.632699,26.545,-32.5,-434.7,25.0,4.9,9.1,6.1,2021,6,3,9,11,16.64,0.0,3,5,30,75,0.013,0.051,15,2021-06-03T09:11:16.640Z
1014033_20210621_182558,103746,40.368819,-124.632967,26.29,-55.3,-795.7,-230.2,6.0,11.0,12.1,2021,6,21,18,25,58.94,0.0,1,3,10,29,0.028,0.05,15,2021-06-21T18:25:58.940Z
1014033_20210621_185610,103747,40.368278,-124.633171,26.36,-72.6,-855.8,-159.5,8.4,15.4,17.0,2021,6,21,18,56,10.16,0.0,1,3,10,29,0.024,0.05,15,2021-06-21T18:56:10.160Z
1014033_20210626_213453,103748,40.370003,-124.633,26.331,-58.1,-664.2,-189.4,4.2,11.2,8.2,2021,6,26,21,34,53.96,0.0,3,5,37,98,0.017,0.047,15,2021-06-26T21:34:53.960Z
1014033_20210626_215252,103749,40.368217,-124.63396,26.339,-139.6,-862.5,-180.9,5.7,14.7,11.7,2021,6,26,21,52,52.52,0.0,4,4,41,67,0.022,0.05,15,2021-06-26T21:52:52.520Z
1014033_20210716_043809,103752,40.37714,-124.631877,26.523,37.3,128.3,3.3,3.1,6.6,7.0,2021,7,16,4,38,9.53,0.0,0,4,0,41,0.009,0.047,15,2021-07-16T04:38:09.530Z
1014033_20210723_172704,103753,40.379342,-124.631323,26.816,84.3,372.8,295.7,5.1,12.0,14.1,2021,7,23,17,27,4.04,0.0,2,5,25,67,0.018,0.051,15,2021-07-23T17:27:04.040Z
1014033_20210914_110722,103765,40.374935,-124.635205,27.007,-245.3,-116.6,487.1,3.7,8.8,10.3,2021,9,14,11,7,22.52,0.0,4,0,42,65,0.006,0.114,15,2021-09-14T11:07:22.520Z
1014033_20210915_105021,103766,40.373694,-124.632104,26.658,18.0,-254.4,138.1,4.4,8.5,6.0,2021,9,15,10,50,21.95,0.0,3,5,17,60,0.016,0.049,15,2021-09-15T10:50:21.950Z
1014033_20210922_192933,103770,40.37465,-124.632145,26.463,14.5,-148.2,-56.6,4.2,5.9,6.6,2021,9,22,19,29,33.6,0.0,4,5,42,75,0.013,0.046,15,2021-09-22T19:29:33.600Z
1014033_20211129_023157,103780,40.372469,-124.632218,26.524,8.3,-390.4,4.0,4.3,10.5,6.0,2021,11,29,2,31,57.99,0.0,1,3,10,28,0.01,0.042,15,2021-11-29T02:31:57.990Z
1014033_20211205_111917,103781,40.37629,-124.631925,26.642,33.2,33.9,122.5,3.1,7.5,7.8,2021,12,5,11,19,17.17,0.0,1,3,3,7,0.005,0.006,15,2021-12-05T11:19:17.170Z
1014033_20211205_112039,103782,40.37561,-124.632365,26.583,-4.1,-41.6,62.7,3.3,5.2,5.7,2021,12,5,11,20,39.06,0.0,1,3,3,11,0.004,0.022,15,2021-12-05T11:20:39.060Z
1014033_20211219_021440,103787,40.372705,-124.632658,26.634,-29.0,-364.2,113.7,5.0,9.8,5.3,2021,12,19,2,14,40.58,0.0,6,6,44,88,0.021,0.054,15,2021-12-19T02:14:40.580Z
1014033_20220114_051812,103793,40.374544,-124.632145,26.554,14.5,-159.9,33.5,3.6,5.9,5.3,2022,1,14,5,18,12.21,0.0,5,6,54,100,0.013,0.039,15,2022-01-14T05:18:12.210Z
1014033_20220218_124456,103796,40.383687,-124.635059,26.553,-232.9,855.3,33.4,5.5,11.0,14.6,2022,2,18,12,44,56.09,0.0,3,0,24,45,0.011,0.125,15,2022-02-18T12:44:56.090Z
1014033_20220219_122101,103797,40.371733,-124.632227,26.179,7.6,-472.2,-341.2,3.7,7.9,6.9,2022,2,19,12,21,1.51,0.0,2,1,23,21,0.004,0.057,15,2022-02-19T12:21:01.510Z
1014033_20220312_043348,103802,40.382902,-124.630916,26.681,118.9,768.1,161.4,5.5,15.1,12.4,2022,3,12,4,33,48.89,0.0,3,5,36,86,0.023,0.081,15,2022-03-12T04:33:48.890Z
1014033_20220315_104038,103804,40.38398,-124.630192,26.912,180.4,887.8,392.2,7.7,23.0,18.6,2022,3,15,10,40,38.47,0.0,3,3,39,69,0.021,0.075,15,2022-03-15T10:40:38.470Z
1014033_20220514_004409,103811,40.376156,-124.632121,26.397,16.6,19.0,-123.0,3.0,6.7,4.9,2022,5,14,0,44,9.95,0.0,5,7,63,99,0.006,0.047,15,2022-05-14T00:44:09.950Z
1014033_20220531_123859,103814,40.389555,-124.629875,25.476,207.3,1506.9,-1044.0,12.2,27.5,27.4,2022,5,31,12,38,59.89,0.0,2,2,19,53,0.032,0.106,15,2022-05-31T12:38:59.890Z
1014033_20220531_164519,103815,40.376851,-124.631917,26.359,33.9,96.2,-160.8,4.9,7.7,9.1,2022,5,31,16,45,19.31,0.0,1,3,13,36,0.013,0.038,15,2022-05-31T16:45:19.310Z
1014033_20220616_232311,103820,40.375806,-124.632129,26.389,15.9,-19.9,-130.8,2.7,5.8,5.3,2022,6,16,23,23,11.16,0.0,4,6,49,101,0.006,0.05,15,2022-06-16T23:23:11.160Z
1014033_20220702_032726,103822,40.372424,-124.632739,26.437,-35.9,-395.4,-83.1,6.3,13.5,10.2,2022,7,2,3,27,26.19,0.0,4,6,31,72,0.024,0.049,15,2022-07-02T03:27:26.190Z
1014033_20220730_100337,103828,40.37618,-124.632072,26.356,20.7,21.7,-164.2,3.1,8.4,6.6,2022,7,30,10,3,37.46,0.0,3,5,32,63,0.005,0.045,15,2022-07-30T10:03:37.460Z
1014033_20220808_162941,103829,40.373714,-124.632381,26.502,-5.5,-252.1,-17.8,3.2,8.5,5.6,2022,8,8,16,29,41.55,0.0,2,3,24,41,0.006,0.043,15,2022-08-08T16:29:41.550Z
1014033_20220821_034330,103831,40.37393,-124.632495,26.47,-15.2,-228.2,-50.5,4.5,6.9,7.2,2022,8,21,3,43,30.75,0.0,3,2,31,24,0.008,0.035,15,2022-08-21T03:43:30.750Z
1014033_20220905_174425,103834,40.370683,-124.632878,26.653,-47.7,-588.7,133.4,4.5,10.7,7.9,2022,9,5,17,44,25.08,0.0,4,4,36,46,0.015,0.039,15,2022-09-05T17:44:25.080Z
1014033_20220922_183712,103835,40.36982,-124.634302,27.237,-168.6,-684.5,716.9,7.1,19.0,14.2,2022,9,22,18,37,12.66,0.0,3,0,30,68,0.009,0.104,15,2022-09-22T18:37:12.660Z
1014033_20220923_194003,103836,40.364042,-124.630941,26.764,116.8,-1326.1,243.5,5.6,10.0,9.3,2022,9,23,19,40,3.12,0.0,2,3,0,0,0.014,-9.0,15,2022-09-23T19:40:03.120Z
1014033_20220925_001336,103837,40.376506,-124.632365,26.386,-4.1,57.8,-133.7,3.2,6.9,5.8,2022,9,25,0,13,36.24,0.0,3,4,34,60,0.006,0.05,15,2022-09-25T00:13:36.240Z
1014033_20221027_160108,103842,40.37594,-124.632161,26.407,13.1,-5.0,-112.7,3.0,6.3,5.7,2022,10,27,16,1,8.48,0.0,3,5,34,56,0.008,0.059,15,2022-10-27T16:01:08.480Z
1014033_20221027_191341,103843,40.376514,-124.631925,26.385,33.2,58.7,-134.7,3.1,6.2,6.3,2022,10,27,19,13,41.2,0.0,1,5,9,69,0.005,0.056,15,2022-10-27T19:13:41.200Z
1014033_20221027_191046,103844,40.373979,-124.632389,26.405,-6.2,-222.8,-114.8,4.0,8.6,7.1,2022,10,27,19,10,46.0,0.0,1,4,13,49,0.01,0.044,15,2022-10-27T19:10:46.000Z
1014033_20221122_171320,103850,40.375277,-124.632031,26.686,24.2,-78.6,166.3,3.0,5.0,7.9,2022,11,22,17,13,20.76,0.0,0,4,0,24,0.006,0.053,15,2022-11-22T17:13:20.760Z
1014033,110325,40.376392,-124.63221,26.605,9.0,45.2,85.2,2.7,5.1,5.0,2023,1,6,2,11,23.43,2.07,147,222,59,61,0.015,0.048,15,2023-01-06T02:11:23.430Z
1016790_20200109_021032,101025,40.471411,-124.704777,26.128,-57.3,-244.4,407.6,3.6,8.2,11.4,2020,1,9,2,10,32.17,0.0,7,6,9,22,0.005,0.019,16,2020-01-09T02:10:32.170Z
1016790_20200130_120618,101029,40.472555,-124.704867,26.215,-64.9,-117.5,495.4,5.1,6.6,15.0,2020,1,30,12,6,18.72,0.0,5,6,5,19,0.011,0.038,16,2020-01-30T12:06:18.720Z
1016790_20200219_010923,101032,40.471244,-124.704858,26.05,-64.2,-263.0,330.0,3.7,9.3,15.5,2020,2,19,1,9,23.43,0.0,1,4,4,21,0.006,0.038,16,2020-02-19T01:09:23.430Z
1016790_20200319_103349,101040,40.469942,-124.704533,25.272,-36.6,-407.6,-447.8,8.3,8.7,31.9,2020,3,19,10,33,50.0,0.0,2,5,10,35,0.023,0.026,16,2020-03-19T10:33:50.000Z
1016790_20200402_062408,101042,40.470288,-124.704924,25.679,-69.7,-369.2,-41.1,5.0,11.0,18.7,2020,4,2,6,24,8.97,0.0,5,5,2,0,0.008,0.005,16,2020-04-02T06:24:08.970Z
1016790_20200402_100017,101043,40.471049,-124.704598,26.126,-42.1,-284.7,406.1,4.0,4.9,18.9,2020,4,2,10,0,17.14,0.0,5,6,13,27,0.009,0.032,16,2020-04-02T10:00:17.140Z
1016790_20200413_095635,101047,40.47089,-124.704484,23.876,-32.4,-302.3,-1844.0,7.0,12.8,8.3,2020,4,13,9,56,35.43,0.0,1,2,5,17,0.008,0.017,16,2020-04-13T09:56:35.430Z
1016790_20200621_115810,101054,40.470996,-124.704932,26.141,-70.4,-290.5,421.0,4.8,6.4,16.1,2020,6,21,11,58,10.58,0.0,1,3,5,17,0.007,0.029,16,2020-06-21T11:58:10.580Z
1016790_20200816_001642,101061,40.479508,-124.702938,25.44,98.7,654.7,-280.3,4.2,9.5,15.2,2020,8,16,0,16,42.36,0.0,0,3,4,23,0.003,0.05,16,2020-08-16T00:16:42.360Z
1016790_20200907_153122,101065,40.481051,-124.702808,25.515,109.7,826.0,-204.5,14.7,26.9,51.4,2020,9,7,15,31,22.19,0.0,1,2,3,13,0.031,0.044,16,2020-09-07T15:31:22.190Z
1016790_20201006_093610,101072,40.472339,-124.70481,26.231,-60.0,-141.4,510.9,3.7,6.8,15.2,2020,10,6,9,36,10.13,0.0,1,4,7,27,0.004,0.042,16,2020-10-06T09:36:10.130Z
1016790_20201008_184402,101073,40.478975,-124.69904,23.213,429.2,595.5,-2507.4,20.6,26.5,25.8,2020,10,8,18,44,2.64,0.0,2,3,13,30,0.035,0.044,16,2020-10-08T18:44:02.640Z
1016790_20201029_034947,101079,40.473938,-124.704517,25.16,-35.2,36.1,-560.4,8.0,9.1,28.0,2020,10,29,3,49,47.43,0.0,1,3,10,30,0.014,0.014,16,2020-10-29T03:49:47.430Z
1016790_20201130_080626,101083,40.480591,-124.700863,23.859,274.7,774.9,-1861.1,6.3,10.8,8.0,2020,11,30,8,6,26.01,0.0,4,1,7,17,0.019,0.051,16,2020-11-30T08:06:26.010Z
1016790_20210116_100618,101089,40.477909,-124.703695,25.895,34.5,477.1,175.4,11.3,14.6,38.4,2021,1,16,10,6,18.39,0.0,1,3,8,22,0.028,0.051,16,2021-01-16T10:06:18.390Z
1016790_20210417_212511,101107,40.472664,-124.704582,26.05,-40.7,-105.3,329.8,4.4,9.2,13.4,2021,4,17,21,25,11.28,0.0,0,4,0,17,0.006,0.03,16,2021-04-17T21:25:11.280Z
1016790_20210428_080700,101111,40.471529,-124.704606,26.344,-42.8,-231.3,624.4,4.4,8.3,17.6,2021,4,28,8,7,0.04,0.0,3,4,9,26,0.008,0.037,16,2021-04-28T08:07:00.040Z
1016790_20210630_085658,101135,40.475529,-124.703752,25.927,29.7,212.8,207.5,5.9,8.7,16.3,2021,6,30,8,56,58.76,0.0,1,4,10,43,0.012,0.042,16,2021-06-30T08:56:58.760Z
1016790_20210630_085643,101136,40.48066,-124.702287,25.963,153.9,782.6,243.3,4.7,6.9,13.2,2021,6,30,8,56,43.58,0.0,0,3,6,21,0.001,0.045,16,2021-06-30T08:56:43.580Z
1016790_20210704_121312,101140,40.471749,-124.704875,26.061,-65.6,-206.9,341.4,4.3,6.8,12.3,2021,7,4,12,13,12.07,0.0,4,6,25,74,0.007,0.024,16,2021-07-04T12:13:12.070Z
1016790_20210713_213004,101144,40.481632,-124.701668,24.745,206.3,890.6,-974.8,6.0,14.8,40.7,2021,7,13,21,30,4.04,0.0,3,3,5,44,0.022,0.042,16,2021-07-13T21:30:04.040Z
1016790_20210717_081238,101147,40.476493,-124.70341,25.989,58.7,319.9,269.5,6.9,7.4,22.5,2021,7,17,8,12,38.35,0.0,1,4,8,24,0.019,0.049,16,2021-07-17T08:12:38.350Z
1016790_20210729_090700,101150,40.470878,-124.704989,26.4,-75.2,-303.6,679.9,6.0,8.6,15.5,2021,7,29,9,7,0.88,0.0,3,4,0,0,0.014,-9.0,16,2021-07-29T09:07:00.880Z
1016790_20210730_152025,101152,40.47113,-124.704761,26.099,-55.9,-275.6,379.2,5.1,8.0,18.0,2021,7,30,15,20,25.55,0.0,1,3,7,26,0.011,0.037,16,2021-07-30T15:20:25.550Z
1016790_20210822_123617,101160,40.476351,-124.703532,25.906,48.3,304.1,185.6,6.4,10.5,18.3,2021,8,22,12,36,17.68,0.0,1,5,7,34,0.017,0.04,16,2021-08-22T12:36:17.680Z
1016790_20210829_114924,101166,40.474691,-124.703931,25.773,14.5,119.7,53.1,5.3,10.4,12.5,2021,8,29,11,49,24.32,0.0,0,5,0,30,0.006,0.031,16,2021-08-29T11:49:24.320Z
1016790_20210907_120827,101170,40.471094,-124.704679,26.099,-49.0,-279.7,379.2,3.5,8.4,12.3,2021,9,7,12,8,27.79,0.0,6,9,11,44,0.007,0.028,16,2021-09-07T12:08:27.790Z
1016790_20210907_120636,101171,40.471615,-124.704647,25.879,-46.2,-221.9,159.1,4.0,8.6,11.8,2021,9,7,12,6,36.35,0.0,1,5,9,50,0.005,0.033,16,2021-09-07T12:06:36.350Z
1016790_20210912_084607,101173,40.482552,-124.699772,23.857,367.1,992.7,-1863.2,7.5,15.2,9.5,2021,9,12,8,46,7.07,0.0,4,3,2,37,0.025,0.06,16,2021-09-12T08:46:07.070Z
1016790_20210919_041222,101179,40.472042,-124.704574,26.345,-40.0,-174.4,624.7,4.1,8.3,23.0,2021,9,19,4,12,22.1,0.0,3,6,10,60,0.013,0.029,16,2021-09-19T04:12:22.100Z
1016790_20210921_101540,101181,40.472921,-124.70485,26.109,-63.5,-76.8,388.9,6.0,6.1,13.6,2021,9,21,10,15,40.98,0.0,3,7,6,29,0.013,0.034,16,2021-09-21T10:15:40.980Z
1016790_20210925_211537,101183,40.476591,-124.703695,25.994,34.5,330.7,273.8,4.6,10.4,12.1,2021,9,25,21,15,37.68,0.0,0,6,12,54,0.023,0.042,16,2021-09-25T21:15:37.680Z
1016790_20211004_035650,101190,40.471073,-124.704818,25.989,-60.7,-281.9,268.7,3.8,8.0,13.4,2021,10,4,3,56,50.03,0.0,6,9,15,57,0.008,0.019,16,2021-10-04T03:56:50.030Z
1016790_20211004_041738,101191,40.47113,-124.704818,25.969,-60.7,-275.6,249.5,4.3,7.8,11.3,2021,10,4,4,17,38.97,0.0,3,6,10,35,0.004,0.03,16,2021-10-04T04:17:38.970Z
1016790_20211017_202135,101196,40.470097,-124.704915,25.94,-69.0,-390.4,219.8,5.9,10.4,17.3,2021,10,17,20,21,35.02,0.0,5,8,10,48,0.014,0.019,16,2021-10-17T20:21:35.020Z
1016790_20211109_163324,101210,40.471228,-124.704801,25.942,-59.4,-264.8,222.4,4.5,10.9,12.2,2021,11,9,16,33,24.07,0.0,0,4,0,28,0.005,0.011,16,2021-11-09T16:33:24.070Z
1016790_20211122_023337,101217,40.478117,-124.703328,25.861,65.6,500.2,141.4,4.8,11.2,12.8,2021,11,22,2,33,37.11,0.0,0,5,3,16,0.016,0.044,16,2021-11-22T02:33:37.110Z
1016790_20211127_165902,101218,40.47572,-124.703556,25.541,46.2,234.1,-179.4,6.2,10.1,18.6,2021,11,27,16,59,2.41,0.0,0,4,0,19,0.016,0.032,16,2021-11-27T16:59:02.410Z
1016790_20220106_203423,101224,40.481571,-124.701628,24.8,209.8,883.8,-920.0,6.6,15.0,41.6,2022,1,6,20,34,23.08,0.0,3,3,8,31,0.022,0.045,16,2022-01-06T20:34:23.080Z
1016790_20220106_130038,101225,40.478658,-124.703092,25.524,85.6,560.3,-196.3,10.3,15.6,31.4,2022,1,6,13,0,38.84,0.0,0,3,0,19,0.018,0.021,16,2022-01-06T13:00:38.840Z
1016790_20220118_091728,101229,40.477238,-124.703247,25.699,72.5,402.6,-21.2,5.4,10.7,15.0,2022,1,18,9,17,28.38,0.0,0,3,0,31,0.016,0.024,16,2022-01-18T09:17:28.380Z
1016790_20220119_093328,101230,40.47983,-124.70262,25.743,125.6,690.4,23.2,9.4,18.2,30.4,2022,1,19,9,33,28.63,0.0,1,3,4,44,0.009,0.039,16,2022-01-19T09:33:28.630Z
1016790_20220123_084606,101234,40.47762,-124.703198,25.444,76.6,445.1,-276.0,8.0,13.0,24.7,2022,1,23,8,46,6.56,0.0,0,3,0,26,0.016,0.018,16,2022-01-23T08:46:06.560Z
1016790_20220207_214032,101238,40.470927,-124.704867,25.945,-64.9,-298.2,225.5,3.9,8.0,11.7,2022,2,7,21,40,32.6,0.0,4,5,18,44,0.005,0.021,16,2022-02-07T21:40:32.600Z
1016790_20220212_232919,101243,40.473454,-124.704224,25.69,-10.4,-17.6,-29.8,5.5,8.3,16.9,2022,2,12,23,29,19.34,0.0,0,4,0,28,0.007,0.01,16,2022-02-12T23:29:19.340Z
1016790_20220303_042048,101256,40.474679,-124.703882,25.78,18.6,118.4,59.7,8.6,10.1,25.0,2022,3,3,4,20,48.02,0.0,3,5,13,50,0.025,0.041,16,2022-03-03T04:20:48.020Z
1016790_20220304_052844,101257,40.480294,-124.702515,25.905,134.6,741.9,185.2,4.4,6.6,11.9,2022,3,4,5,28,44.62,0.0,0,4,4,31,0.001,0.032,16,2022-03-04T05:28:44.620Z
1016790_20220515_232902,101282,40.479814,-124.702669,25.777,121.5,688.6,56.7,5.5,5.8,18.3,2022,5,15,23,29,2.52,0.0,0,5,3,43,0.02,0.026,16,2022-05-15T23:29:02.520Z
1016790_20220704_225622,101302,40.474829,-124.703996,25.641,9.0,135.1,-79.4,7.8,11.3,22.0,2022,7,4,22,56,22.58,0.0,2,5,11,42,0.022,0.051,16,2022-07-04T22:56:22.580Z
1016790_20220708_170227,101304,40.469592,-124.705298,26.058,-101.4,-446.4,337.9,7.5,10.7,13.4,2022,7,8,17,2,28.0,0.0,3,4,0,0,0.015,-9.0,16,2022-07-08T17:02:28.000Z
1016790_20220801_001132,101314,40.470817,-124.704899,25.946,-67.6,-310.4,225.8,4.2,8.8,12.6,2022,8,1,0,11,32.34,0.0,2,6,4,34,0.008,0.024,16,2022-08-01T00:11:32.340Z
1016790_20220811_051326,101320,40.47159,-124.704761,26.412,-55.9,-224.6,692.5,4.4,6.6,16.0,2022,8,11,5,13,26.09,0.0,5,6,10,23,0.012,0.022,16,2022-08-11T05:13:26.090Z
1016790_20220817_053900,101323,40.468001,-124.707145,26.974,-258.1,-623.1,1254.3,5.5,6.7,19.0,2022,8,17,5,39,0.92,0.0,0,1,0,0,0.0,-9.0,16,2022-08-17T05:39:00.920Z
1016790_20220826_222924,101326,40.472664,-124.704932,26.015,-70.4,-105.3,295.4,6.7,5.3,12.4,2022,8,26,22,29,24.4,0.0,4,6,15,52,0.013,0.028,16,2022-08-26T22:29:24.400Z
1016790_20220826_173525,101327,40.473112,-124.704435,26.0,-28.3,-55.6,280.4,5.0,8.6,14.6,2022,8,26,17,35,25.28,0.0,0,4,0,15,0.004,0.023,16,2022-08-26T17:35:25.280Z
1016790_20220923_130157,101335,40.481405,-124.702352,25.74,148.4,865.3,19.6,10.4,15.3,32.5,2022,9,23,13,1,57.67,0.0,1,3,1,21,0.024,0.029,16,2022-09-23T13:01:57.670Z
1016790_20220923_165335,101336,40.473242,-124.704525,26.018,-35.9,-41.1,298.4,4.2,6.8,11.7,2022,9,23,16,53,35.54,0.0,1,5,2,23,0.006,0.027,16,2022-09-23T16:53:35.540Z
1016790_20221009_214427,101346,40.471969,-124.70498,26.166,-74.5,-182.5,446.2,4.7,6.7,12.5,2022,10,9,21,44,27.48,0.0,4,6,15,53,0.009,0.023,16,2022-10-09T21:44:27.480Z
1016790_20221116_075654,101361,40.472986,-124.705396,26.455,-109.7,-69.6,734.8,6.0,6.8,12.5,2022,11,16,7,56,54.33,0.0,5,6,10,28,0.012,0.032,16,2022-11-16T07:56:54.330Z
1016790_20221130_112220,101366,40.473177,-124.704517,25.766,-35.2,-48.3,46.2,5.9,10.0,14.4,2022,11,30,11,22,20.41,0.0,0,4,0,48,0.006,0.013,16,2022-11-30T11:22:20.410Z
1016790,110293,40.471545,-124.704582,25.828,-40.7,-229.5,108.0,3.6,4.8,12.1,2023,3,19,12,29,14.67,1.61,123,267,0,0,0.014,-9.0,16,2023-03-19T12:29:14.670Z
1017682_20200318_223956,106728,40.457503,-124.270288,25.318,86.3,73.2,358.6,19.1,12.6,15.9,2020,3,18,22,39,56.96,0.0,2,2,10,8,0.004,0.056,17,2020-03-18T22:39:56.960Z
1017682_20200428_224641,106731,40.458643,-124.271143,25.147,13.8,199.7,187.5,27.0,20.6,18.6,2020,4,28,22,46,41.28,0.0,2,4,34,45,0.013,0.062,17,2020-04-28T22:46:41.280Z
1017682_20200913_124525,106736,40.454435,-124.279012,25.259,-653.7,-267.5,299.4,39.3,33.9,35.7,2020,9,13,12,45,25.87,0.0,2,2,2,2,0.067,0.066,17,2020-09-13T12:45:25.870Z
1017682_20210317_014922,106739,40.461332,-124.270223,25.632,91.8,498.4,672.8,28.1,27.7,28.7,2021,3,17,1,49,22.56,0.0,4,2,39,32,0.066,0.122,17,2021-03-17T01:49:22.560Z
1017682_20210609_134949,106742,40.456925,-124.268896,25.422,204.3,9.0,462.1,19.6,19.9,28.7,2021,6,9,13,49,49.08,0.0,3,3,45,42,0.028,0.084,17,2021-06-09T13:49:49.080Z
1017682_20210610_165749,106743,40.456657,-124.260409,25.324,924.3,-20.8,364.1,37.5,17.9,21.4,2021,6,10,16,57,49.65,0.0,4,0,4,0,0.013,0.047,17,2021-06-10T16:57:49.650Z
1017682_20210718_164241,106745,40.457149,-124.241268,26.009,2547.8,33.9,1049.7,232.0,112.1,121.1,2021,7,18,16,42,41.48,0.0,2,0,5,4,0.042,0.179,17,2021-07-18T16:42:41.480Z
1017682_20211220_201629,106753,40.459155,-124.270866,25.455,37.3,256.6,494.9,21.3,19.7,14.8,2021,12,20,20,16,29.34,0.0,1,3,4,12,0.028,0.063,17,2021-12-20T20:16:29.340Z
1017682_20211221_022602,106754,40.456262,-124.274748,25.43,-292.0,-64.6,470.7,18.9,20.1,15.5,2021,12,21,2,26,2.84,0.0,1,5,14,56,0.013,0.074,17,2021-12-21T02:26:02.840Z
1017682_20211221_033046,106755,40.456921,-124.273022,25.285,-145.6,8.6,324.9,34.5,20.6,23.8,2021,12,21,3,30,46.56,0.0,1,4,9,26,0.044,0.083,17,2021-12-21T03:30:46.560Z
1017682_20211221_190518,106756,40.461328,-124.260824,26.015,889.1,497.9,1054.9,47.7,30.7,32.5,2021,12,21,19,5,18.08,0.0,5,3,78,74,0.054,0.151,17,2021-12-21T19:05:18.080Z
1017682_20211221_014320,106757,40.457694,-124.257756,25.488,1149.3,94.4,528.3,33.3,32.5,30.8,2021,12,21,1,43,20.31,0.0,3,1,16,4,0.037,0.084,17,2021-12-21T01:43:20.310Z
1017682_20211221_214157,106758,40.454333,-124.270597,24.929,60.1,-278.8,-30.7,57.0,35.3,41.2,2021,12,21,21,41,57.4,0.0,2,1,17,16,0.071,0.178,17,2021-12-21T21:41:57.400Z
1017682_20211221_233948,106760,40.457906,-124.268441,25.444,243.0,117.9,484.6,21.5,14.1,21.6,2021,12,21,23,39,48.44,0.0,3,3,42,33,0.02,0.086,17,2021-12-21T23:39:48.440Z
1017682_20211221_061222,106761,40.457161,-124.277173,25.006,-497.7,35.2,46.1,32.2,17.1,27.7,2021,12,21,6,12,22.56,0.0,2,2,8,8,0.044,0.103,17,2021-12-21T06:12:22.560Z
1017682_20211221_131247,106762,40.457218,-124.276888,25.036,-473.5,41.6,76.8,39.3,19.4,28.9,2021,12,21,13,12,47.98,0.0,2,2,17,22,0.05,0.078,17,2021-12-21T13:12:47.980Z
1017682_20211221_044519,106765,40.459367,-124.272404,25.797,-93.2,280.1,837.4,25.2,43.1,27.6,2021,12,21,4,45,19.41,0.0,1,2,3,11,0.026,0.106,17,2021-12-21T04:45:19.410Z
1017682_20211221_014200,106768,40.457882,-124.267358,25.57,334.8,115.2,610.5,25.2,17.7,29.8,2021,12,21,1,42,0.35,0.0,2,4,25,38,0.056,0.073,17,2021-12-21T01:42:00.350Z
1017682_20211221_200612,106770,40.455892,-124.27334,25.316,-172.6,-105.7,356.4,21.9,21.0,23.6,2021,12,21,20,6,12.28,0.0,1,3,2,6,0.039,0.125,17,2021-12-21T20:06:12.280Z
1017682_20211221_091330,106771,40.456112,-124.280078,25.421,-744.1,-81.3,461.7,30.2,23.3,18.2,2021,12,21,9,13,30.76,0.0,3,3,39,47,0.016,0.089,17,2021-12-21T09:13:30.760Z
1017682_20211221_070627,106772,40.457633,-124.287345,25.031,-1360.5,87.7,71.9,33.9,18.6,27.9,2021,12,21,7,6,27.28,0.0,2,0,8,8,0.006,0.09,17,2021-12-21T07:06:27.280Z
1017682_20211221_080141,106774,40.460616,-124.261711,25.806,813.8,418.9,846.9,34.7,35.8,21.2,2021,12,21,8,1,41.22,0.0,2,3,22,28,0.068,0.099,17,2021-12-21T08:01:41.220Z
1017682_20211222_115726,106775,40.459526,-124.270361,25.333,80.1,297.8,373.7,20.1,22.3,16.2,2021,12,22,11,57,26.3,0.0,1,3,2,6,0.026,0.02,17,2021-12-22T11:57:26.300Z
1017682_20211222_201758,106776,40.455823,-124.274666,25.416,-285.1,-113.4,456.8,19.8,22.5,17.0,2021,12,22,20,17,58.98,0.0,1,3,7,21,0.018,0.057,17,2021-12-22T20:17:58.980Z
1017682_20211223_032039,106778,40.457284,-124.264705,25.773,559.8,48.8,813.5,43.4,30.6,38.3,2021,12,23,3,20,39.96,0.0,2,3,22,24,0.072,0.077,17,2021-12-23T03:20:39.960Z
1017682_20211226_100121,106780,40.457992,-124.270174,25.28,95.9,127.4,320.7,19.9,16.9,17.5,2021,12,26,10,1,21.9,0.0,4,0,8,0,0.008,0.068,17,2021-12-26T10:01:21.900Z
1017682_20211226_232059,106781,40.458244,-124.269417,25.278,160.1,155.4,318.0,18.5,20.8,15.9,2021,12,26,23,20,59.32,0.0,2,3,17,22,0.009,0.075,17,2021-12-26T23:20:59.320Z
1017682_20211227_010916,106783,40.458419,-124.269849,25.359,123.6,174.9,399.0,21.3,20.7,16.8,2021,12,27,1,9,16.57,0.0,1,3,7,21,0.015,0.055,17,2021-12-27T01:09:16.570Z
1017682_20220102_220009,106787,40.453451,-124.278646,25.7,-622.7,-376.8,739.9,31.8,35.7,18.8,2022,1,2,22,0,9.4,0.0,2,2,11,10,0.022,0.113,17,2022-01-02T22:00:09.400Z
1017682_20220102_045331,106789,40.457601,-124.272591,25.259,-109.1,84.0,299.1,20.7,17.6,14.1,2022,1,2,4,53,31.17,0.0,1,5,17,56,0.014,0.082,17,2022-01-02T04:53:31.170Z
1017682_20220102_081705,106790,40.460982,-124.263224,25.903,685.4,459.5,943.2,30.6,30.2,23.9,2022,1,2,8,17,5.93,0.0,2,2,14,10,0.056,0.113,17,2022-01-02T08:17:05.930Z
1017682_20220113_133723,106793,40.454944,-124.274512,26.099,-272.0,-211.0,1139.0,35.7,40.6,35.6,2022,1,13,13,37,23.92,0.0,3,1,19,5,0.057,0.121,17,2022-01-13T13:37:23.920Z
1017682_20220115_162008,106795,40.456437,-124.273462,25.001,-182.9,-45.2,41.2,43.9,20.5,20.8,2022,1,15,16,20,8.45,0.0,4,4,39,36,0.049,0.108,17,2022-01-15T16:20:08.450Z
1017682_20220118_010522,106796,40.458301,-124.263371,25.279,673.0,161.8,319.6,28.8,18.5,15.4,2022,1,18,1,5,22.85,0.0,2,2,2,2,0.016,0.067,17,2022-01-18T01:05:22.850Z
1017682_20220129_105948,106798,40.457784,-124.270915,25.243,33.1,104.4,283.1,19.6,20.1,14.7,2022,1,29,10,59,48.54,0.0,2,4,23,44,0.018,0.063,17,2022-01-29T10:59:48.540Z
1017682_20220130_222508,106799,40.453308,-124.272168,24.855,-73.2,-392.6,-104.8,29.7,38.3,27.9,2022,1,30,22,25,8.44,0.0,3,1,11,10,0.051,0.125,17,2022-01-30T22:25:08.440Z
1017682_20220225_040334,106801,40.453996,-124.274137,25.094,-240.2,-316.3,134.4,30.4,23.9,19.3,2022,2,25,4,3,33.98,0.0,3,3,34,41,0.023,0.106,17,2022-02-25T04:03:33.980Z
1017682_20220412_005420,106803,40.457353,-124.271924,25.235,-52.5,56.5,275.8,19.5,18.9,15.2,2022,4,12,0,54,20.49,0.0,4,5,71,83,0.017,0.074,17,2022-04-12T00:54:20.490Z
1017682_20220415_094342,106804,40.457503,-124.271696,25.286,-33.1,73.2,326.1,20.7,17.9,14.5,2022,4,15,9,43,42.07,0.0,3,5,45,66,0.016,0.081,17,2022-04-15T09:43:42.070Z
1017682_20220827_001755,106807,40.462105,-124.269979,26.022,112.5,584.2,1062.0,40.7,22.4,24.5,2022,8,27,0,17,55.73,0.0,4,2,31,11,0.05,0.159,17,2022-08-27T00:17:55.730Z
1017682_20220912_111651,106808,40.457312,-124.274471,25.294,-268.5,52.0,334.5,29.1,13.8,14.8,2022,9,12,11,16,51.4,0.0,2,3,15,20,0.013,0.071,17,2022-09-12T11:16:51.400Z
1017682_20221103_192057,106809,40.451595,-124.277531,24.733,-528.1,-582.9,-226.9,35.3,33.3,20.8,2022,11,3,19,20,57.4,0.0,1,3,5,15,0.04,0.164,17,2022-11-03T19:20:57.400Z
1017682_20221117_183003,106810,40.458138,-124.272575,25.336,-107.7,143.7,376.2,22.4,15.2,14.9,2022,11,17,18,30,3.78,0.0,4,2,31,11,0.023,0.09,17,2022-11-17T18:30:03.780Z
1017748_20211220_211935,110130,40.458073,-124.27207,25.357,-64.9,136.5,397.8,16.5,16.3,16.6,2021,12,20,21,19,35.36,0.0,4,1,16,2,0.015,0.066,17,2021-12-20T21:19:35.360Z
1017748_20211220_231429,110131,40.451603,-124.2712,24.531,9.0,-582.0,-429.0,28.2,13.6,21.5,2021,12,20,23,14,29.36,0.0,2,1,6,2,0.027,0.237,17,2021-12-20T23:14:29.360Z
1017748_20211223_182046,110133,40.45824,-124.273324,25.42,-171.2,155.0,460.6,11.2,13.5,17.1,2021,12,23,18,20,46.74,0.0,4,2,32,9,0.024,0.085,17,2021-12-23T18:20:46.740Z
1017748_20220304_154056,110134,40.457837,-124.276204,25.513,-415.5,110.2,553.5,15.8,14.3,13.9,2022,3,4,15,40,56.42,0.0,2,3,4,7,0.009,0.046,17,2022-03-04T15:40:56.420Z
nc71129454_20211221_174043,110169,40.45035,-124.288086,21.966,-1423.4,-721.1,-2993.9,35.5,21.6,25.5,2021,12,21,17,40,43.88,0.0,2,3,3,3,0.008,0.145,17,2021-12-21T17:40:43.880Z
nc71129454_20211221_174654,110170,40.450053,-124.281901,21.913,-898.8,-754.1,-3046.7,38.1,13.8,22.4,2021,12,21,17,46,54.02,0.0,1,3,0,3,0.011,0.037,17,2021-12-21T17:46:54.020Z
nc71129454_20211221_005654,110171,40.448499,-124.272078,21.902,-65.6,-926.7,-3057.7,116.0,38.3,43.3,2021,12,21,0,56,54.61,0.0,2,2,3,2,0.05,0.167,17,2021-12-21T00:56:54.610Z
nc71129454_20211221_092942,110172,40.447046,-124.291146,22.032,-1683.0,-1088.0,-2927.7,70.8,21.8,27.6,2021,12,21,9,29,42.44,0.0,0,4,0,1,0.023,0.003,17,2021-12-21T09:29:42.440Z
nc71129454_20211231_075422,110173,40.450871,-124.290715,21.892,-1646.4,-663.3,-3067.9,28.7,25.7,24.9,2021,12,31,7,54,22.75,0.0,1,3,1,1,0.008,0.003,17,2021-12-31T07:54:22.750Z
1017682,110414,40.457751,-124.270239,25.278,90.4,100.8,318.6,14.0,12.4,15.7,2023,4,18,6,30,20.24,1.21,101,111,102,113,0.038,0.076,17,2023-04-18T06:30:20.240Z
1017748,110732,40.458419,-124.270825,25.48,40.7,174.9,520.3,11.3,11.5,15.3,2023,4,20,6,34,58.97,0.73,12,7,40,9,0.02,0.085,17,2023-04-20T06:34:58.970Z
nc71129454,110744,40.451953,-124.287614,21.864,-1383.4,-543.1,-3095.3,32.2,19.2,23.3,2022,12,6,14,13,7.24,1.22,6,15,3,6,0.025,0.052,17,2022-12-06T14:13:07.240Z
1014050_20210801_171421,104725,40.729891,-124.224504,20.725,-85.9,0.0,-5.5,32.5,13.5,21.7,2021,8,1,17,14,21.96,0.0,4,4,0,0,0.009,-9.0,18,2021-08-01T17:14:21.960Z
1014050_20210812_010510,104728,40.729806,-124.222656,20.699,70.1,-9.5,-31.0,19.2,11.3,18.0,2021,8,12,1,5,10.4,0.0,6,4,0,0,0.008,-9.0,18,2021-08-12T01:05:10.400Z
1014050_20210812_010035,104729,40.729785,-124.22264,20.702,71.5,-11.7,-27.6,18.7,10.9,16.9,2021,8,12,1,0,35.92,0.0,6,3,0,0,0.007,-9.0,18,2021-08-12T01:00:35.920Z
1014050_20210812_040613,104730,40.729732,-124.22255,20.662,79.1,-17.6,-68.2,29.2,15.5,28.6,2021,8,12,4,6,13.18,0.0,6,4,0,0,0.015,-9.0,18,2021-08-12T04:06:13.180Z
1014050_20210812_011144,104731,40.729928,-124.223275,20.697,17.9,4.1,-33.0,17.4,10.6,16.3,2021,8,12,1,11,44.7,0.0,5,3,0,0,0.009,-9.0,18,2021-08-12T01:11:44.700Z
1014050_20210812_043121,104732,40.729883,-124.223185,20.721,25.4,-0.9,-8.7,24.0,13.8,16.4,2021,8,12,4,31,21.5,0.0,4,4,0,0,0.013,-9.0,18,2021-08-12T04:31:21.500Z
1014050_20210812_042621,104736,40.729785,-124.222559,20.673,78.4,-11.7,-57.2,29.2,15.8,27.7,2021,8,12,4,26,21.34,0.0,6,5,0,0,0.017,-9.0,18,2021-08-12T04:26:21.340Z
1014050_20210812_013851,104738,40.729932,-124.223169,20.695,26.8,4.5,-35.0,20.7,11.3,15.7,2021,8,12,1,38,51.82,0.0,4,3,0,0,0.014,-9.0,18,2021-08-12T01:38:51.820Z
1014050_20210812_014019,104739,40.729834,-124.22277,20.742,60.5,-6.3,11.7,25.0,14.2,22.5,2021,8,12,1,40,19.14,0.0,3,3,0,0,0.01,-9.0,18,2021-08-12T01:40:19.140Z
1014050_20210812_020824,104743,40.729907,-124.222371,20.731,94.2,1.8,1.1,27.6,13.5,26.4,2021,8,12,2,8,24.84,0.0,2,2,0,0,0.005,-9.0,18,2021-08-12T02:08:24.840Z
1014050_20210812_011720,104746,40.729972,-124.22286,20.728,52.9,9.0,-1.5,21.6,15.2,25.1,2021,8,12,1,17,20.74,0.0,2,2,0,0,0.005,-9.0,18,2021-08-12T01:17:20.740Z
1014050_20210925_192933,104751,40.72996,-124.223161,20.718,27.5,7.7,-12.3,15.2,13.1,16.9,2021,9,25,19,29,33.64,0.0,5,5,0,0,0.011,-9.0,18,2021-09-25T19:29:33.640Z
1014050_20210925_194125,104752,40.729842,-124.222754,20.72,61.9,-5.4,-10.4,22.4,13.1,13.4,2021,9,25,19,41,25.88,0.0,6,4,0,0,0.012,-9.0,18,2021-09-25T19:41:25.880Z
1014050_20210925_200429,104753,40.729814,-124.2229,20.713,49.5,-8.6,-16.9,21.4,11.8,13.7,2021,9,25,20,4,29.32,0.0,6,4,0,0,0.009,-9.0,18,2021-09-25T20:04:29.320Z
1014050_20210925_194155,104754,40.72994,-124.222762,20.681,61.2,5.4,-49.5,20.9,13.3,22.0,2021,9,25,19,41,55.14,0.0,6,5,0,0,0.012,-9.0,18,2021-09-25T19:41:55.140Z
1014050_20210925_213136,104755,40.729936,-124.223307,20.681,15.1,5.0,-48.5,19.6,12.1,19.0,2021,9,25,21,31,36.9,0.0,6,3,0,0,0.006,-9.0,18,2021-09-25T21:31:36.900Z
1014050_20210925_195759,104756,40.729846,-124.222762,20.681,61.2,-5.0,-49.1,19.6,11.0,26.3,2021,9,25,19,57,59.4,0.0,5,4,0,0,0.013,-9.0,18,2021-09-25T19:57:59.400Z
1014050_20210925_192120,104757,40.729785,-124.222827,20.701,55.7,-11.7,-29.4,22.5,12.9,18.2,2021,9,25,19,21,20.7,0.0,6,2,0,0,0.009,-9.0,18,2021-09-25T19:21:20.700Z
1014050_20210925_215047,104758,40.729915,-124.22334,20.737,12.4,2.7,6.9,17.5,12.3,19.6,2021,9,25,21,50,47.04,0.0,3,3,0,0,0.012,-9.0,18,2021-09-25T21:50:47.040Z
1014050_20210925_194214,104759,40.72983,-124.222729,20.725,63.9,-6.8,-4.7,23.4,14.6,13.4,2021,9,25,19,42,14.42,0.0,5,3,0,0,0.011,-9.0,18,2021-09-25T19:42:14.420Z
1014050_20210925_193041,104760,40.72998,-124.223153,20.752,28.2,9.9,21.6,26.9,18.4,25.5,2021,9,25,19,30,41.02,0.0,2,3,0,0,0.014,-9.0,18,2021-09-25T19:30:41.020Z
1014050_20210926_002357,104765,40.72998,-124.223031,20.723,38.5,9.9,-6.7,16.8,11.8,19.7,2021,9,26,0,23,57.94,0.0,6,4,0,0,0.01,-9.0,18,2021-09-26T00:23:57.940Z
1014050_20210926_044858,104766,40.729891,-124.222925,20.694,47.4,0.0,-35.9,19.8,12.9,18.1,2021,9,26,4,48,58.44,0.0,6,4,0,0,0.012,-9.0,18,2021-09-26T04:48:58.440Z
1014050_20210926_044756,104767,40.729936,-124.223153,20.683,28.2,5.0,-47.3,19.1,12.5,20.0,2021,9,26,4,47,56.22,0.0,6,4,0,0,0.011,-9.0,18,2021-09-26T04:47:56.220Z
1014050_20210926_045859,104768,40.729903,-124.223063,20.701,35.7,1.4,-29.4,18.4,12.4,15.5,2021,9,26,4,58,59.3,0.0,6,4,0,0,0.012,-9.0,18,2021-09-26T04:58:59.300Z
1014050_20210926_030804,104769,40.729744,-124.222892,20.705,50.2,-16.3,-25.4,22.6,10.7,14.8,2021,9,26,3,8,4.9,0.0,5,3,0,0,0.008,-9.0,18,2021-09-26T03:08:04.900Z
1014050_20210926_064701,104770,40.729887,-124.223283,20.714,17.2,-0.5,-16.2,17.1,11.0,16.6,2021,9,26,6,47,1.82,0.0,4,3,0,0,0.009,-9.0,18,2021-09-26T06:47:01.820Z
1014050_20210926_045220,104778,40.729647,-124.223022,20.732,39.2,-27.1,1.6,27.1,16.3,30.3,2021,9,26,4,52,20.07,0.0,3,1,0,0,0.007,-9.0,18,2021-09-26T04:52:20.070Z
1014050_20210927_033824,104779,40.729891,-124.222616,20.696,73.6,0.0,-33.7,19.8,14.1,17.1,2021,9,27,3,38,24.02,0.0,5,3,0,0,0.012,-9.0,18,2021-09-27T03:38:24.020Z
1014050_20211002_135843,104780,40.729826,-124.22325,20.731,19.9,-7.2,1.4,28.2,12.4,12.2,2021,10,2,13,58,43.6,0.0,5,5,0,0,0.008,-9.0,18,2021-10-02T13:58:43.600Z
1014050_20211002_160332,104782,40.729806,-124.222713,20.693,65.3,-9.5,-36.9,21.2,11.2,20.4,2021,10,2,16,3,32.66,0.0,4,1,0,0,0.007,-9.0,18,2021-10-02T16:03:32.660Z
1014050_20211010_083652,104785,40.72983,-124.224211,20.728,-61.2,-6.8,-2.4,32.9,13.2,22.8,2021,10,10,8,36,52.56,0.0,5,3,0,0,0.01,-9.0,18,2021-10-10T08:36:52.560Z
1014050_20211010_095651,104787,40.729822,-124.224577,20.755,-92.1,-7.7,25.3,37.5,12.7,24.5,2021,10,10,9,56,51.32,0.0,3,2,0,0,0.011,-9.0,18,2021-10-10T09:56:51.320Z
1014050_20211018_050910,104791,40.729875,-124.223039,20.679,37.8,-1.8,-51.2,25.4,14.5,20.3,2021,10,18,5,9,10.72,0.0,3,2,0,0,0.009,-9.0,18,2021-10-18T05:09:10.720Z
1014050_20211018_050957,104793,40.730046,-124.223039,20.659,37.8,17.2,-71.0,29.5,15.8,25.0,2021,10,18,5,9,57.0,0.0,2,2,0,0,0.007,-9.0,18,2021-10-18T05:09:57.000Z
1014050_20211030_105931,104794,40.729846,-124.222941,20.723,46.1,-5.0,-7.1,15.4,10.1,16.0,2021,10,30,10,59,31.62,0.0,4,3,0,0,0.009,-9.0,18,2021-10-30T10:59:31.620Z
1014050_20211107_194806,104797,40.72994,-124.224243,20.712,-63.9,5.4,-17.9,30.3,12.3,20.3,2021,11,7,19,48,6.5,0.0,6,4,0,0,0.011,-9.0,18,2021-11-07T19:48:06.500Z
1014050_20220325_132832,104800,40.729985,-124.222754,20.63,61.9,10.4,-99.9,30.4,12.2,31.3,2022,3,25,13,28,32.14,0.0,4,4,0,0,0.007,-9.0,18,2022-03-25T13:28:32.140Z
1014050_20220325_220611,104801,40.729952,-124.222583,20.694,76.3,6.8,-35.6,30.1,12.3,23.3,2022,3,25,22,6,11.36,0.0,3,2,0,0,0.007,-9.0,18,2022-03-25T22:06:11.360Z
1014050_20220325_140859,104803,40.730005,-124.222795,20.609,58.4,12.7,-121.0,31.7,13.8,32.0,2022,3,25,14,8,59.84,0.0,4,3,0,0,0.006,-9.0,18,2022-03-25T14:08:59.840Z
1014050_20220325_135050,104804,40.730042,-124.222949,20.647,45.4,16.7,-83.2,32.3,13.8,26.4,2022,3,25,13,50,50.6,0.0,4,4,0,0,0.007,-9.0,18,2022-03-25T13:50:50.600Z
1014050_20220325_082332,104805,40.729854,-124.222624,20.642,72.9,-4.1,-88.1,23.5,9.8,26.9,2022,3,25,8,23,32.88,0.0,4,3,0,0,0.005,-9.0,18,2022-03-25T08:23:32.880Z
1014050_20220325_142037,104806,40.730025,-124.222786,20.618,59.1,14.9,-111.6,31.5,14.0,31.1,2022,3,25,14,20,37.64,0.0,3,3,0,0,0.009,-9.0,18,2022-03-25T14:20:37.640Z
1014050_20220325_152424,104808,40.729956,-124.222453,20.616,87.3,7.2,-114.4,34.0,12.3,32.6,2022,3,25,15,24,24.46,0.0,4,4,0,0,0.007,-9.0,18,2022-03-25T15:24:24.460Z
1014050_20220325_093123,104809,40.730042,-124.222933,20.641,46.7,16.7,-88.9,32.4,14.0,27.3,2022,3,25,9,31,23.22,0.0,4,4,0,0,0.007,-9.0,18,2022-03-25T09:31:23.220Z
1014050_20220325_122514,104810,40.730033,-124.2229,20.622,49.5,15.8,-108.4,32.7,14.1,28.4,2022,3,25,12,25,14.96,0.0,4,3,0,0,0.005,-9.0,18,2022-03-25T12:25:14.960Z
1014050_20220325_080950,104811,40.730009,-124.222616,20.638,73.6,13.1,-92.4,35.1,13.8,27.5,2022,3,25,8,9,50.54,0.0,4,4,0,0,0.008,-9.0,18,2022-03-25T08:09:50.540Z
1014050_20220325_115242,104814,40.73005,-124.222852,20.602,53.6,17.6,-127.6,33.9,14.5,29.1,2022,3,25,11,52,42.82,0.0,4,2,0,0,0.005,-9.0,18,2022-03-25T11:52:42.820Z
1014050_20220327_032136,104825,40.729887,-124.222233,20.686,105.9,-0.5,-43.8,30.5,11.4,22.3,2022,3,27,3,21,36.62,0.0,4,3,0,0,0.009,-9.0,18,2022-03-27T03:21:36.620Z
1014050_20220606_065428,104826,40.729887,-124.222729,20.627,63.9,-0.5,-103.0,22.4,13.3,31.3,2022,6,6,6,54,28.16,0.0,5,4,0,0,0.012,-9.0,18,2022-06-06T06:54:28.160Z
1014050_20220627_151826,104829,40.72981,-124.223104,20.722,32.3,-9.0,-7.5,22.1,10.0,13.5,2022,6,27,15,18,26.76,0.0,5,3,0,0,0.008,-9.0,18,2022-06-27T15:18:26.760Z
1014050_20220627_151954,104831,40.729903,-124.224504,20.758,-85.9,1.4,28.3,39.8,14.4,24.2,2022,6,27,15,19,54.38,0.0,3,2,0,0,0.007,-9.0,18,2022-06-27T15:19:54.380Z
1014050_20220922_060732,104834,40.72981,-124.224097,20.668,-51.6,-9.0,-62.2,26.8,15.3,18.7,2022,9,22,6,7,32.9,0.0,5,4,0,0,0.013,-9.0,18,2022-09-22T06:07:32.900Z
1014050_20221119_141954,104836,40.730029,-124.223918,20.579,-36.4,15.4,-151.4,22.1,14.1,43.4,2022,11,19,14,19,54.2,0.0,4,2,0,0,0.005,-9.0,18,2022-11-19T14:19:54.200Z
1014050,110351,40.729907,-124.223763,20.765,-23.4,1.8,35.2,15.9,10.2,16.5,2023,1,6,12,32,56.51,1.36,239,175,0,0,0.01,-9.0,18,2023-01-06T12:32:56.510Z
nc73819961_20200507_045323,103511,40.416744,-124.635775,27.671,-3.5,2.7,-119.5,16.7,42.0,36.8,2020,5,7,4,53,23.22,0.0,2,6,0,0,0.022,-9.0,19,2020-05-07T04:53:23.220Z
nc73819961_20200621_020047,103516,40.417025,-124.635718,27.82,1.4,33.9,29.9,7.7,16.4,18.9,2020,6,21,2,0,47.32,0.0,4,8,0,0,0.007,-9.0,19,2020-06-21T02:00:47.320Z
nc73819961_20200820_222304,103523,40.416447,-124.635522,27.737,18.0,-30.3,-53.2,12.4,16.8,24.8,2020,8,20,22,23,4.64,0.0,3,5,0,0,0.014,-9.0,19,2020-08-20T22:23:04.640Z
nc73819961_20200831_060601,103526,40.416817,-124.635628,27.781,9.0,10.8,-8.9,15.6,23.3,30.5,2020,8,31,6,6,1.7,0.0,0,4,0,0,0.009,-9.0,19,2020-08-31T06:06:01.700Z
nc73819961_20200902_122308,103527,40.417395,-124.635954,27.885,-18.6,75.0,94.6,13.0,18.8,23.3,2020,9,2,12,23,8.68,0.0,3,4,0,0,0.018,-9.0,19,2020-09-02T12:23:08.680Z
nc73819961_20200921_175619,103528,40.416553,-124.635685,27.788,4.1,-18.5,-1.5,8.1,15.0,17.4,2020,9,21,17,56,19.8,0.0,0,4,0,0,0.004,-9.0,19,2020-09-21T17:56:19.800Z
nc73819961_20200923_090029,103529,40.417163,-124.635685,27.826,4.1,49.2,36.3,12.8,23.9,26.1,2020,9,23,9,0,29.54,0.0,0,3,0,0,0.005,-9.0,19,2020-09-23T09:00:29.540Z
nc73819961_20201010_011951,103531,40.416642,-124.635628,27.774,9.0,-8.6,-16.2,8.5,14.0,16.9,2020,10,10,1,19,51.24,0.0,0,4,0,0,0.005,-9.0,19,2020-10-10T01:19:51.240Z
nc73819961_20201011_194937,103532,40.416748,-124.635718,27.797,1.4,3.2,6.9,8.4,13.4,17.2,2020,10,11,19,49,37.26,0.0,1,4,0,0,0.0,-9.0,19,2020-10-11T19:49:37.260Z
nc73819961_20201016_030506,103533,40.416854,-124.635758,27.809,-2.1,14.9,18.7,10.3,14.1,22.2,2020,10,16,3,5,6.52,0.0,1,3,0,0,0.005,-9.0,19,2020-10-16T03:05:06.520Z
nc73819961_20201114_071930,103539,40.414555,-124.636336,27.928,-51.1,-240.4,137.9,16.7,29.1,29.3,2020,11,14,7,19,30.29,0.0,2,5,0,0,0.03,-9.0,19,2020-11-14T07:19:30.290Z
nc73819961_20201229_220225,103545,40.417126,-124.635604,27.774,11.1,45.2,-15.8,9.0,21.6,18.5,2020,12,29,22,2,25.74,0.0,5,8,0,0,0.007,-9.0,19,2020-12-29T22:02:25.740Z
nc73819961_20210121_024911,103546,40.416553,-124.635636,27.778,8.3,-18.5,-11.8,8.5,13.5,16.9,2021,1,21,2,49,11.86,0.0,2,5,0,0,0.005,-9.0,19,2021-01-21T02:49:11.860Z
nc73819961_20210207_231050,103547,40.416874,-124.634326,27.292,119.5,17.2,-497.8,26.1,45.2,62.2,2021,2,7,23,10,50.3,0.0,3,3,0,0,0.037,-9.0,19,2021-02-07T23:10:50.300Z
nc73819961_20210408_065745,103553,40.41696,-124.635693,27.822,3.5,26.7,31.5,10.5,17.7,19.4,2021,4,8,6,57,45.62,0.0,1,3,0,0,0.006,-9.0,19,2021-04-08T06:57:45.620Z
nc73819961_20210412_061704,103554,40.417106,-124.635767,27.837,-2.8,42.9,47.2,8.3,17.3,17.9,2021,4,12,6,17,4.74,0.0,3,7,0,0,0.005,-9.0,19,2021-04-12T06:17:04.740Z
nc73819961_20210505_213007,103555,40.41613,-124.635669,27.791,5.5,-65.5,0.9,8.5,23.7,22.7,2021,5,5,21,30,7.88,0.0,4,9,0,0,0.009,-9.0,19,2021-05-05T21:30:07.880Z
nc73819961_20210525_040724,103558,40.416842,-124.635742,27.805,-0.7,13.6,15.1,8.9,14.5,16.4,2021,5,25,4,7,24.64,0.0,0,4,0,0,0.004,-9.0,19,2021-05-25T04:07:24.640Z
nc73819961_20210527_180414,103559,40.416337,-124.63575,27.781,-1.4,-42.5,-8.7,12.1,19.9,23.4,2021,5,27,18,4,14.22,0.0,0,4,0,0,0.005,-9.0,19,2021-05-27T18:04:14.220Z
nc73819961_20210620_174506,103563,40.416858,-124.635734,27.803,0.0,15.4,13.1,8.4,14.8,15.8,2021,6,20,17,45,6.94,0.0,0,5,0,0,0.004,-9.0,19,2021-06-20T17:45:06.940Z
nc73819961_20210622_063912,103564,40.416699,-124.635799,27.803,-5.5,-2.3,12.7,8.8,21.8,21.3,2021,6,22,6,39,12.36,0.0,1,4,0,0,0.008,-9.0,19,2021-06-22T06:39:12.360Z
nc73819961_20210703_231339,103566,40.416659,-124.635628,27.784,9.0,-6.8,-6.1,8.8,14.4,16.7,2021,7,3,23,13,39.3,0.0,0,5,0,0,0.005,-9.0,19,2021-07-03T23:13:39.300Z
nc73819961_20210709_190546,103567,40.416675,-124.635628,27.773,9.0,-5.0,-16.8,8.3,14.8,16.5,2021,7,9,19,5,46.58,0.0,0,4,0,0,0.005,-9.0,19,2021-07-09T19:05:46.580Z
nc73819961_20210711_132049,103568,40.418461,-124.635205,27.671,44.9,193.4,-118.8,13.8,22.8,25.9,2021,7,11,13,20,49.53,0.0,0,8,0,0,0.02,-9.0,19,2021-07-11T13:20:49.530Z
nc73819961_20210804_212415,103574,40.417265,-124.635701,27.843,2.8,60.5,53.4,12.7,22.5,23.8,2021,8,4,21,24,15.58,0.0,0,5,0,0,0.005,-9.0,19,2021-08-04T21:24:15.580Z
nc73819961_20210813_061027,103575,40.416488,-124.635701,27.789,2.8,-25.8,-0.9,11.8,16.1,21.9,2021,8,13,6,10,27.16,0.0,6,11,0,0,0.012,-9.0,19,2021-08-13T06:10:27.160Z
nc73819961_20210905_152051,103580,40.416593,-124.635636,27.79,8.3,-14.0,0.2,9.2,15.2,17.2,2021,9,5,15,20,51.12,0.0,1,4,0,0,0.005,-9.0,19,2021-09-05T15:20:51.120Z
nc73819961_20210905_180602,103581,40.41661,-124.635628,27.793,9.0,-12.2,2.9,9.7,14.0,18.7,2021,9,5,18,6,2.08,0.0,0,4,0,0,0.005,-9.0,19,2021-09-05T18:06:02.080Z
nc73819961_20211115_203656,103588,40.4165,-124.635742,27.812,-0.7,-24.4,21.9,7.9,14.2,15.8,2021,11,15,20,36,56.5,0.0,2,8,0,0,0.007,-9.0,19,2021-11-15T20:36:56.500Z
nc73819961_20211217_093252,103592,40.415857,-124.635856,27.838,-10.4,-95.8,47.8,10.1,23.3,18.4,2021,12,17,9,32,52.64,0.0,0,8,0,0,0.013,-9.0,19,2021-12-17T09:32:52.640Z
nc73819961_20211230_085643,103593,40.416842,-124.635758,27.799,-2.1,13.6,8.6,10.0,15.5,16.3,2021,12,30,8,56,43.4,0.0,4,5,0,0,0.006,-9.0,19,2021-12-30T08:56:43.400Z
nc73819961_20220112_060047,103595,40.41687,-124.635767,27.83,-2.8,16.7,39.6,9.5,14.3,18.8,2022,1,12,6,0,47.68,0.0,0,4,0,0,0.005,-9.0,19,2022-01-12T06:00:47.680Z
nc73819961_20220116_204833,103596,40.412699,-124.63326,26.753,210.0,-446.4,-1037.0,35.7,52.8,85.2,2022,1,16,20,48,33.38,0.0,1,0,0,0,0.012,-9.0,19,2022-01-16T20:48:33.380Z
nc73819961_20220213_143437,103602,40.416748,-124.63571,27.795,2.1,3.2,5.0,8.4,14.7,15.3,2022,2,13,14,34,37.18,0.0,0,4,0,0,0.0,-9.0,19,2022-02-13T14:34:37.180Z
nc73819961_20220218_103045,103603,40.415926,-124.635628,27.76,9.0,-88.1,-30.5,11.4,28.2,27.7,2022,2,18,10,30,45.58,0.0,3,10,0,0,0.012,-9.0,19,2022-02-18T10:30:45.580Z
nc73819961_20220218_102922,103604,40.415743,-124.635514,27.72,18.6,-108.4,-69.9,13.2,31.0,28.8,2022,2,18,10,29,22.7,0.0,4,9,0,0,0.013,-9.0,19,2022-02-18T10:29:22.700Z
nc73819961_20220311_022742,103610,40.41665,-124.635799,27.826,-5.5,-7.7,36.4,8.7,13.2,15.3,2022,3,11,2,27,42.4,0.0,5,7,0,0,0.007,-9.0,19,2022-03-11T02:27:42.400Z
nc73819961_20220327_153615,103612,40.416764,-124.635807,27.854,-6.2,5.0,63.7,12.4,19.3,22.0,2022,3,27,15,36,15.06,0.0,0,3,0,0,0.005,-9.0,19,2022-03-27T15:36:15.060Z
nc73819961_20220327_141014,103613,40.416805,-124.635799,27.828,-5.5,9.5,38.1,13.4,20.0,20.4,2022,3,27,14,10,14.09,0.0,1,3,0,0,0.017,-9.0,19,2022-03-27T14:10:14.090Z
nc73819961_20220405_074215,103614,40.417008,-124.63575,27.825,-1.4,32.1,35.1,7.6,16.5,15.7,2022,4,5,7,42,15.2,0.0,2,9,0,0,0.005,-9.0,19,2022-04-05T07:42:15.200Z
nc73819961_20220410_200133,103616,40.41696,-124.63575,27.801,-1.4,26.7,10.8,9.0,17.6,19.3,2022,4,10,20,1,33.68,0.0,3,5,0,0,0.004,-9.0,19,2022-04-10T20:01:33.680Z
nc73819961_20220410_112925,103617,40.415072,-124.635913,27.794,-15.2,-183.0,4.3,9.8,15.7,15.9,2022,4,10,11,29,25.84,0.0,1,2,0,0,0.003,-9.0,19,2022-04-10T11:29:25.840Z
nc73819961_20220416_113357,103619,40.415991,-124.635262,27.66,40.1,-80.9,-130.1,28.0,52.0,46.8,2022,4,16,11,33,57.19,0.0,2,3,0,0,0.031,-9.0,19,2022-04-16T11:33:57.190Z
nc73819961_20220426_023832,103621,40.41637,-124.635775,27.806,-3.5,-38.9,15.8,9.9,18.5,19.9,2022,4,26,2,38,32.82,0.0,0,7,0,0,0.012,-9.0,19,2022-04-26T02:38:32.820Z
nc73819961_20220615_214333,103627,40.416744,-124.635718,27.796,1.4,2.7,5.5,8.7,14.1,16.0,2022,6,15,21,43,33.36,0.0,0,4,0,0,0.0,-9.0,19,2022-06-15T21:43:33.360Z
nc73819961_20220628_224013,103629,40.416699,-124.635783,27.827,-4.1,-2.3,36.6,8.0,12.6,16.3,2022,6,28,22,40,13.06,0.0,1,7,0,0,0.009,-9.0,19,2022-06-28T22:40:13.060Z
nc73819961_20220721_105856,103633,40.415552,-124.636198,27.897,-39.4,-129.7,107.0,14.7,26.0,18.3,2022,7,21,10,58,56.37,0.0,3,5,0,0,0.023,-9.0,19,2022-07-21T10:58:56.370Z
nc73819961_20220721_094145,103635,40.415755,-124.636589,27.98,-72.5,-107.1,190.1,21.5,36.9,38.3,2022,7,21,9,41,45.72,0.0,5,6,0,0,0.028,-9.0,19,2022-07-21T09:41:45.720Z
nc73819961_20220729_044403,103638,40.418429,-124.635498,27.764,20.0,189.8,-25.5,15.7,27.6,30.0,2022,7,29,4,44,3.97,0.0,0,6,0,0,0.009,-9.0,19,2022-07-29T04:44:03.970Z
nc73819961_20220801_115740,103639,40.416687,-124.635669,27.792,5.5,-3.6,1.8,8.3,14.8,15.5,2022,8,1,11,57,40.72,0.0,2,4,0,0,0.004,-9.0,19,2022-08-01T11:57:40.720Z
nc73819961_20220819_011544,103643,40.416593,-124.635669,27.762,5.5,-14.0,-28.2,9.4,14.4,20.9,2022,8,19,1,15,44.2,0.0,5,4,0,0,0.004,-9.0,19,2022-08-19T01:15:44.200Z
nc73819961_20220924_220020,103648,40.416479,-124.635677,27.78,4.8,-26.7,-10.3,7.5,13.9,14.8,2022,9,24,22,0,20.98,0.0,2,8,0,0,0.005,-9.0,19,2022-09-24T22:00:20.980Z
nc73819961_20221119_235355,103654,40.416956,-124.635726,27.771,0.7,26.2,-19.3,12.3,22.4,22.7,2022,11,19,23,53,55.78,0.0,1,5,0,0,0.02,-9.0,19,2022-11-19T23:53:55.780Z
nc73819961_20221121_075921,103655,40.416732,-124.635669,27.794,5.5,1.4,4.3,9.1,15.6,15.5,2022,11,21,7,59,21.28,0.0,3,3,0,0,0.004,-9.0,19,2022-11-21T07:59:21.280Z
nc73819961,110323,40.416825,-124.635693,27.792,3.5,11.7,2.3,7.8,11.4,15.8,2022,12,17,21,51,15.2,2.06,92,282,0,0,0.013,-9.0,19,2022-12-17T21:51:15.200Z
1017765_20200313_204946,107012,40.449727,-124.509521,19.777,52.5,33.0,-163.2,18.7,58.5,52.4,2020,3,13,20,49,46.76,0.0,4,4,0,0,0.036,-9.0,20,2020-03-13T20:49:46.760Z
1017765_20200316_150015,107018,40.449829,-124.510498,19.954,-30.4,44.3,13.6,33.8,39.4,41.6,2020,3,16,15,0,15.8,0.0,2,1,0,0,0.034,-9.0,20,2020-03-16T15:00:15.800Z
1017765_20200319_052835,107019,40.450492,-124.510758,20.129,-52.5,117.9,189.3,25.0,25.9,52.2,2020,3,19,5,28,35.16,0.0,0,3,0,0,0.047,-9.0,20,2020-03-19T05:28:35.160Z
1017765_20200413_161931,107025,40.449361,-124.510018,19.873,10.4,-7.7,-67.4,34.0,38.6,59.2,2020,4,13,16,19,31.57,0.0,0,2,0,0,0.02,-9.0,20,2020-04-13T16:19:31.570Z
1017765_20200413_155034,107026,40.449434,-124.509302,19.697,71.1,0.5,-242.9,20.6,69.9,45.7,2020,4,13,15,50,34.71,0.0,3,3,0,0,0.03,-9.0,20,2020-04-13T15:50:34.710Z
1017765_20200413_195027,107027,40.44928,-124.509937,19.857,17.3,-16.7,-82.9,34.5,39.2,58.6,2020,4,13,19,50,27.36,0.0,0,2,0,0,0.019,-9.0,20,2020-04-13T19:50:27.360Z
1017765_20200414_170838,107028,40.44954,-124.512435,20.304,-194.7,12.2,363.7,32.2,34.4,62.5,2020,4,14,17,8,38.32,0.0,0,1,0,0,0.015,-9.0,20,2020-04-14T17:08:38.320Z
1017765_20200418_043730,107033,40.449223,-124.509871,19.8,22.8,-23.0,-139.8,37.1,42.0,61.3,2020,4,18,4,37,30.23,0.0,1,1,0,0,0.021,-9.0,20,2020-04-18T04:37:30.230Z
1017765_20200420_001825,107036,40.449186,-124.509847,19.806,24.9,-27.1,-133.8,26.9,30.1,39.6,2020,4,20,0,18,25.61,0.0,1,2,0,0,0.02,-9.0,20,2020-04-20T00:18:25.610Z
1017765_20200422_040612,107039,40.449312,-124.509969,19.726,14.5,-13.1,-214.3,36.7,41.7,64.3,2020,4,22,4,6,12.45,0.0,2,1,0,0,0.018,-9.0,20,2020-04-22T04:06:12.450Z
1017765_20200423_141234,107041,40.449947,-124.510596,19.875,-38.7,57.4,-65.4,54.3,63.2,67.1,2020,4,23,14,12,34.79,0.0,1,0,0,0,0.023,-9.0,20,2020-04-23T14:12:34.790Z
1017765_20200511_022450,107046,40.449268,-124.509912,19.751,19.3,-18.1,-188.5,33.2,37.6,54.9,2020,5,11,2,24,50.38,0.0,1,2,0,0,0.02,-9.0,20,2020-05-11T02:24:50.380Z
1017765_20200515_010924,107047,40.449308,-124.509945,19.743,16.6,-13.6,-197.2,35.4,40.1,59.8,2020,5,15,1,9,24.22,0.0,2,2,0,0,0.025,-9.0,20,2020-05-15T01:09:24.220Z
1017765_20200626_211131,107074,40.449532,-124.510181,19.963,-3.5,11.3,22.7,16.3,22.1,27.0,2020,6,26,21,11,31.44,0.0,1,3,0,0,0.005,-9.0,20,2020-06-26T21:11:31.440Z
1017765_20200626_214155,107076,40.449552,-124.510246,19.969,-9.0,13.6,29.2,17.6,19.6,33.4,2020,6,26,21,41,55.12,0.0,2,2,0,0,0.004,-9.0,20,2020-06-26T21:41:55.120Z
1017765_20200703_123944,107085,40.449402,-124.510075,19.934,5.5,-3.2,-6.0,17.0,23.0,29.0,2020,7,3,12,39,44.8,0.0,2,3,0,0,0.008,-9.0,20,2020-07-03T12:39:44.800Z
1017765_20200705_052739,107090,40.449459,-124.510221,19.968,-6.9,3.2,27.5,18.5,20.1,38.3,2020,7,5,5,27,39.0,0.0,3,3,0,0,0.008,-9.0,20,2020-07-05T05:27:39.000Z
1017765_20200705_221438,107091,40.449479,-124.510124,19.949,1.4,5.4,9.2,17.1,27.3,29.1,2020,7,5,22,14,38.14,0.0,2,3,0,0,0.012,-9.0,20,2020-07-05T22:14:38.140Z
1017765_20200713_152248,107097,40.449402,-124.510099,19.937,3.5,-3.2,-2.6,19.1,21.4,28.9,2020,7,13,15,22,48.3,0.0,2,2,0,0,0.008,-9.0,20,2020-07-13T15:22:48.300Z
1017765_20200724_152502,107104,40.449443,-124.510156,19.955,-1.4,1.4,14.7,18.6,20.1,34.6,2020,7,24,15,25,2.28,0.0,1,3,0,0,0.008,-9.0,20,2020-07-24T15:25:02.280Z
1017765_20200726_173218,107107,40.449589,-124.510262,19.976,-10.4,17.6,35.6,17.5,20.1,30.5,2020,7,26,17,32,18.56,0.0,2,2,0,0,0.007,-9.0,20,2020-07-26T17:32:18.560Z
1017765_20200729_232113,107108,40.449451,-124.510042,19.933,8.3,2.3,-6.7,18.6,32.9,28.4,2020,7,29,23,21,13.38,0.0,1,3,0,0,0.013,-9.0,20,2020-07-29T23:21:13.380Z
1017765_20200730_003338,107109,40.449597,-124.510099,19.934,3.5,18.5,-6.2,20.3,31.1,36.5,2020,7,30,0,33,38.56,0.0,3,2,0,0,0.005,-9.0,20,2020-07-30T00:33:38.560Z
1017765_20200731_155831,107110,40.449447,-124.510132,19.944,0.7,1.8,3.9,18.5,22.5,28.9,2020,7,31,15,58,31.68,0.0,2,3,0,0,0.008,-9.0,20,2020-07-31T15:58:31.680Z
1017765_20200821_033800,107112,40.449504,-124.510164,19.955,-2.1,8.1,14.8,17.0,20.0,35.0,2020,8,21,3,38,0.9,0.0,2,2,0,0,0.005,-9.0,20,2020-08-21T03:38:00.900Z
1017765_20200822_082836,107113,40.44893,-124.510295,19.997,-13.1,-55.6,57.8,24.9,32.9,36.9,2020,8,22,8,28,36.02,0.0,0,3,0,0,0.003,-9.0,20,2020-08-22T08:28:36.020Z
1017765_20200905_221156,107117,40.449609,-124.510018,19.916,10.4,19.9,-24.3,18.6,36.2,32.0,2020,9,5,22,11,56.18,0.0,2,4,0,0,0.012,-9.0,20,2020-09-05T22:11:56.180Z
1017765_20201021_115121,107122,40.449373,-124.510213,19.967,-6.2,-6.3,27.4,18.3,30.3,26.2,2020,10,21,11,51,21.82,0.0,2,3,0,0,0.005,-9.0,20,2020-10-21T11:51:21.820Z
1017765_20201211_121146,107125,40.4493,-124.509985,19.917,13.1,-14.5,-23.3,16.8,24.6,30.4,2020,12,11,12,11,46.14,0.0,2,2,0,0,0.006,-9.0,20,2020-12-11T12:11:46.140Z
1017765_20201229_014727,107129,40.449377,-124.510091,19.933,4.1,-5.9,-7.5,18.4,20.1,28.8,2020,12,29,1,47,27.42,0.0,2,3,0,0,0.004,-9.0,20,2020-12-29T01:47:27.420Z
1017765_20210608_002830,107140,40.449146,-124.510156,19.946,-1.4,-31.6,6.2,23.6,37.1,29.5,2021,6,8,0,28,30.38,0.0,5,5,0,0,0.009,-9.0,20,2021-06-08T00:28:30.380Z
1017765_20210609_132538,107142,40.449418,-124.510116,19.938,2.1,-1.4,-1.8,20.5,23.0,26.1,2021,6,9,13,25,38.98,0.0,4,4,0,0,0.009,-9.0,20,2021-06-09T13:25:38.980Z
1017765_20210610_123930,107144,40.449487,-124.510164,19.949,-2.1,6.3,8.6,19.3,25.7,25.2,2021,6,10,12,39,30.16,0.0,2,4,0,0,0.009,-9.0,20,2021-06-10T12:39:30.160Z
1017765_20210615_030359,107146,40.450098,-124.510807,19.993,-56.6,74.1,53.4,22.3,26.2,64.3,2021,6,15,3,3,59.91,0.0,3,1,0,0,0.017,-9.0,20,2021-06-15T03:03:59.910Z
1017765_20210622_212011,107147,40.449463,-124.510148,19.956,-0.7,3.6,16.2,17.5,20.3,27.4,2021,6,22,21,20,11.86,0.0,2,4,0,0,0.004,-9.0,20,2021-06-22T21:20:11.860Z
1017765_20210623_213251,107148,40.449504,-124.510164,19.959,-2.1,8.1,19.3,15.5,17.2,25.7,2021,6,23,21,32,51.88,0.0,2,4,0,0,0.004,-9.0,20,2021-06-23T21:32:51.880Z
1017765_20210626_050428,107150,40.449329,-124.510164,19.944,-2.1,-11.3,3.6,24.8,25.5,24.6,2021,6,26,5,4,28.02,0.0,5,5,0,0,0.008,-9.0,20,2021-06-26T05:04:28.020Z
1017765_20210822_084623,107153,40.449329,-124.510221,19.947,-6.9,-11.3,7.1,22.1,31.5,33.2,2021,8,22,8,46,23.04,0.0,5,4,0,0,0.009,-9.0,20,2021-08-22T08:46:23.040Z
1017765_20210830_093956,107155,40.449341,-124.510229,19.95,-7.6,-9.9,10.5,21.9,31.5,30.5,2021,8,30,9,39,56.7,0.0,5,4,0,0,0.008,-9.0,20,2021-08-30T09:39:56.700Z
1017765_20210830_071722,107156,40.449158,-124.510173,19.943,-2.8,-30.3,3.2,27.7,37.5,27.1,2021,8,30,7,17,22.42,0.0,5,5,0,0,0.012,-9.0,20,2021-08-30T07:17:22.420Z
1017765_20210903_093204,107158,40.449211,-124.510286,19.985,-12.4,-24.4,45.4,22.3,20.0,25.4,2021,9,3,9,32,4.26,0.0,1,4,0,0,0.005,-9.0,20,2021-09-03T09:32:04.260Z
1017765_20210913_080139,107160,40.449162,-124.510099,19.944,3.5,-29.8,4.2,19.9,34.8,33.5,2021,9,13,8,1,39.74,0.0,4,5,0,0,0.009,-9.0,20,2021-09-13T08:01:39.740Z
1017765_20210914_182035,107162,40.449463,-124.51014,19.955,0.0,3.6,15.2,17.2,20.3,27.1,2021,9,14,18,20,35.76,0.0,3,4,0,0,0.004,-9.0,20,2021-09-14T18:20:35.760Z
1017765_20210914_231912,107165,40.449438,-124.510132,19.96,0.7,0.9,19.7,17.1,21.7,38.6,2021,9,14,23,19,12.78,0.0,2,3,0,0,0.01,-9.0,20,2021-09-14T23:19:12.780Z
1017765_20210922_203226,107168,40.449463,-124.510148,19.957,-0.7,3.6,16.6,17.5,20.2,27.8,2021,9,22,20,32,26.38,0.0,2,4,0,0,0.004,-9.0,20,2021-09-22T20:32:26.380Z
1017765_20211008_080323,107170,40.449455,-124.510156,19.96,-1.4,2.7,19.9,17.3,19.4,36.7,2021,10,8,8,3,23.66,0.0,1,3,0,0,0.008,-9.0,20,2021-10-08T08:03:23.660Z
1017765_20211114_205055,107171,40.449459,-124.51014,19.958,0.0,3.2,18.4,18.1,20.4,29.6,2021,11,14,20,50,55.92,0.0,0,4,0,0,0.005,-9.0,20,2021-11-14T20:50:55.920Z
1017765_20221127_183158,107178,40.449276,-124.509969,19.896,14.5,-17.2,-44.4,22.9,27.1,37.5,2022,11,27,18,31,58.1,0.0,2,2,0,0,0.008,-9.0,20,2022-11-27T18:31:58.100Z
1017765,110425,40.449422,-124.510067,19.965,6.2,-0.9,25.0,16.9,18.0,24.6,2023,4,20,17,48,59.22,0.86,101,139,0,0,0.014,-9.0,20,2023-04-20T17:48:59.220Z
nc73889196_20200109_022846,103037,40.494259,-124.704142,26.199,-83.5,-82.2,568.6,3.9,3.9,8.4,2020,1,9,2,28,46.42,0.0,5,13,15,84,0.014,0.027,21,2020-01-09T02:28:46.420Z
nc73889196_20200213_034916,103039,40.497412,-124.702734,25.836,35.9,267.9,205.9,4.7,5.4,14.5,2020,2,13,3,49,16.96,0.0,1,7,14,60,0.015,0.048,21,2020-02-13T03:49:16.960Z
nc73889196_20200213_044603,103041,40.497697,-124.702547,25.85,51.7,299.6,219.7,4.6,5.9,16.7,2020,2,13,4,46,3.61,0.0,1,7,15,61,0.017,0.055,21,2020-02-13T04:46:03.610Z
nc73889196_20200324_071313,103047,40.494071,-124.704045,26.26,-75.2,-103.0,630.4,5.3,6.8,15.8,2020,3,24,7,13,13.61,0.0,0,4,0,16,0.01,0.012,21,2020-03-24T07:13:13.610Z
nc73889196_20200402_061442,103049,40.492635,-124.703621,25.78,-39.3,-262.5,149.9,2.8,4.5,13.2,2020,4,2,6,14,42.31,0.0,0,6,0,30,0.013,0.016,21,2020-04-02T06:14:42.310Z
nc73889196_20200402_092402,103050,40.492651,-124.703499,25.347,-29.0,-260.7,-282.9,3.8,6.5,14.5,2020,4,2,9,24,2.03,0.0,3,2,26,19,0.009,0.017,21,2020-04-02T09:24:02.030Z
nc73889196_20200502_143004,103052,40.496859,-124.704826,26.874,-141.4,206.5,1244.4,4.5,5.0,8.5,2020,5,2,14,30,4.41,0.0,4,10,27,84,0.015,0.051,21,2020-05-02T14:30:04.410Z
nc73889196_20200526_134653,103053,40.492391,-124.703825,25.729,-56.6,-289.6,99.2,3.6,5.4,8.5,2020,5,26,13,46,53.4,0.0,1,5,10,55,0.008,0.032,21,2020-05-26T13:46:53.400Z
nc73889196_20200527_141323,103054,40.49432,-124.703768,25.867,-51.7,-75.5,237.3,2.7,3.3,8.7,2020,5,27,14,13,23.93,0.0,1,6,12,70,0.006,0.034,21,2020-05-27T14:13:23.930Z
nc73889196_20200603_075145,103056,40.501607,-124.701343,25.82,153.8,733.8,190.2,5.2,10.3,14.2,2020,6,3,7,51,45.73,0.0,0,4,4,31,0.014,0.032,21,2020-06-03T07:51:45.730Z
nc73889196_20200626_034736,103059,40.499353,-124.701058,26.252,178.0,483.5,622.0,5.9,8.3,17.8,2020,6,26,3,47,36.12,0.0,0,3,0,14,0.013,0.021,21,2020-06-26T03:47:36.120Z
nc73889196_20200703_095833,103060,40.500513,-124.701172,25.509,168.3,612.2,-120.7,6.4,8.3,22.2,2020,7,3,9,58,33.95,0.0,0,3,0,22,0.012,0.013,21,2020-07-03T09:58:33.950Z
nc73889196_20200708_140332,103061,40.499727,-124.70166,25.958,126.9,525.0,327.6,5.9,13.0,20.6,2020,7,8,14,3,32.36,0.0,1,3,4,29,0.033,0.026,21,2020-07-08T14:03:32.360Z
nc73889196_20200907_034439,103063,40.493205,-124.70389,25.997,-62.1,-199.3,367.4,2.7,3.9,11.1,2020,9,7,3,44,39.53,0.0,7,12,33,108,0.007,0.023,21,2020-09-07T03:44:39.530Z
nc73889196_20201002_073202,103068,40.501432,-124.701579,25.134,133.8,714.4,-496.2,3.0,7.4,11.5,2020,10,2,7,32,2.09,0.0,0,4,0,32,0.007,0.032,21,2020-10-02T07:32:02.090Z
nc73889196_20201018_051738,103070,40.500956,-124.70175,25.629,119.3,661.5,-1.2,6.4,13.8,20.2,2020,10,18,5,17,38.49,0.0,1,5,4,48,0.026,0.024,21,2020-10-18T05:17:38.490Z
nc73889196_20201106_041413,103073,40.499622,-124.702287,25.548,73.8,513.3,-82.2,7.4,11.7,31.2,2020,11,6,4,14,13.5,0.0,1,3,3,15,0.023,0.038,21,2020-11-06T04:14:13.500Z
nc73889196_20201115_100152,103074,40.498942,-124.698486,23.658,396.0,437.8,-1971.5,7.8,8.6,9.8,2020,11,15,10,1,52.59,0.0,4,1,8,28,0.021,0.073,21,2020-11-15T10:01:52.590Z
nc73889196_20201202_043619,103075,40.495439,-124.697201,22.693,505.0,48.8,-2937.0,24.8,34.7,33.6,2020,12,2,4,36,19.0,0.0,0,0,3,2,-9.0,0.051,21,2020-12-02T04:36:19.000Z
nc73889196_20201217_064445,103076,40.493502,-124.703768,26.21,-51.7,-166.3,580.3,2.7,3.7,9.2,2020,12,17,6,44,45.74,0.0,5,5,34,48,0.006,0.021,21,2020-12-17T06:44:45.740Z
nc73889196_20210112_020819,103077,40.485913,-124.694279,21.453,752.7,-1009.0,-4176.7,38.8,52.7,45.9,2021,1,12,2,8,19.29,0.0,0,0,2,0,-9.0,0.004,21,2021-01-12T02:08:19.290Z
nc73889196_20210119_174249,103078,40.497253,-124.697404,23.304,487.7,250.3,-2326.2,7.9,7.1,9.9,2021,1,19,17,42,49.88,0.0,4,2,10,23,0.028,0.077,21,2021-01-19T17:42:49.880Z
nc73889196_20210119_180113,103079,40.501168,-124.701506,23.69,140.0,685.0,-1939.7,3.9,7.2,4.9,2021,1,19,18,1,13.24,0.0,0,4,3,32,0.01,0.033,21,2021-01-19T18:01:13.240Z
nc73889196_20210201_041208,103083,40.495715,-124.704508,26.292,-114.5,79.5,661.6,4.8,3.5,10.6,2021,2,1,4,12,8.81,0.0,7,9,33,95,0.02,0.035,21,2021-02-01T04:12:08.810Z
nc73889196_20210323_094554,103084,40.494674,-124.703906,26.166,-63.5,-36.1,535.6,2.8,3.0,9.7,2021,3,23,9,45,54.27,0.0,5,8,35,82,0.007,0.033,21,2021-03-23T09:45:54.270Z
nc73889196_20210426_070245,103086,40.502116,-124.700529,23.907,222.8,790.3,-1722.9,7.2,7.6,8.9,2021,4,26,7,2,45.24,0.0,1,2,1,25,0.03,0.051,21,2021-04-26T07:02:45.240Z
nc73889196_20210713_215900,103091,40.494307,-124.703825,25.919,-56.6,-76.8,289.5,3.6,3.0,12.8,2021,7,13,21,59,0.8,0.0,4,6,25,67,0.008,0.028,21,2021-07-13T21:59:00.800Z
nc73889196_20210718_020104,103092,40.493038,-124.703841,25.908,-58.0,-217.8,278.4,2.9,4.3,14.9,2021,7,18,2,1,4.55,0.0,5,9,24,94,0.008,0.024,21,2021-07-18T02:01:04.550Z
nc73889196_20210721_103648,103093,40.494417,-124.70389,26.35,-62.1,-64.6,719.7,3.8,5.4,11.4,2021,7,21,10,36,48.47,0.0,0,7,0,55,0.007,0.008,21,2021-07-21T10:36:48.470Z
nc73889196_20211122_022523,103097,40.492769,-124.703695,25.794,-45.5,-247.6,163.8,3.0,2.8,9.4,2021,11,22,2,25,23.07,0.0,2,6,12,57,0.022,0.028,21,2021-11-22T02:25:23.070Z
nc73889196_20211122_015748,103098,40.49244,-124.70354,25.795,-32.4,-284.2,165.1,3.4,5.1,8.3,2021,11,22,1,57,48.45,0.0,2,8,21,115,0.006,0.028,21,2021-11-22T01:57:48.450Z
nc73889196_20211122_212358,103099,40.495369,-124.703353,25.557,-16.6,41.1,-73.1,3.5,5.2,14.3,2021,11,22,21,23,58.88,0.0,0,4,0,12,0.009,0.011,21,2021-11-22T21:23:58.880Z
nc73889196_20211127_133329,103100,40.50304,-124.698551,23.85,390.5,892.8,-1780.5,9.5,12.8,11.8,2021,11,27,13,33,29.35,0.0,1,3,0,0,0.018,-9.0,21,2021-11-27T13:33:29.350Z
nc73889196_20220216_133440,103105,40.493473,-124.70389,26.333,-62.1,-169.4,702.7,2.6,3.8,11.3,2022,2,16,13,34,40.6,0.0,7,10,34,77,0.009,0.024,21,2022-02-16T13:34:40.600Z
nc73889196_20220312_071115,103107,40.49974,-124.702743,26.064,35.2,526.4,434.4,7.5,10.1,22.5,2022,3,12,7,11,15.11,0.0,1,7,14,78,0.027,0.04,21,2022-03-12T07:11:15.110Z
nc73889196_20220404_113509,103108,40.492387,-124.703857,25.566,-59.3,-290.1,-64.3,2.8,5.7,16.4,2022,4,4,11,35,9.14,0.0,1,5,10,49,0.01,0.029,21,2022-04-04T11:35:09.140Z
nc73889196_20220409_171605,103110,40.500932,-124.701668,25.2,126.2,658.8,-429.7,6.3,13.4,27.1,2022,4,9,17,16,5.48,0.0,1,2,1,21,0.012,0.014,21,2022-04-09T17:16:05.480Z
nc73889196_20220530_134837,103112,40.493095,-124.703695,25.785,-45.5,-211.5,155.5,2.7,4.1,12.3,2022,5,30,13,48,37.45,0.0,8,11,39,90,0.008,0.029,21,2022-05-30T13:48:37.450Z
nc73889196_20220530_133056,103113,40.493534,-124.703768,25.805,-51.7,-162.7,175.1,2.8,4.4,12.6,2022,5,30,13,30,56.85,0.0,3,10,29,108,0.008,0.027,21,2022-05-30T13:30:56.850Z
nc73889196_20220530_133935,103114,40.492826,-124.703573,25.917,-35.2,-241.3,287.2,3.2,4.8,10.2,2022,5,30,13,39,35.61,0.0,3,6,27,68,0.008,0.024,21,2022-05-30T13:39:35.610Z
nc73889196_20220614_063406,103116,40.50166,-124.705924,26.662,-234.6,739.7,1031.9,6.3,8.7,22.3,2022,6,14,6,34,6.26,0.0,1,3,0,15,0.035,0.023,21,2022-06-14T06:34:06.260Z
nc73889196_20220623_225439,103117,40.4934,-124.703662,25.851,-42.8,-177.6,220.8,2.6,3.7,8.9,2022,6,23,22,54,39.68,0.0,1,7,5,63,0.006,0.033,21,2022-06-23T22:54:39.680Z
nc73889196_20220922_034837,103120,40.494417,-124.703792,25.94,-53.8,-64.6,310.2,2.7,3.5,14.5,2022,9,22,3,48,37.71,0.0,2,3,15,30,0.006,0.023,21,2022-09-22T03:48:37.710Z
nc73889196,110315,40.49353,-124.703695,25.724,-45.5,-163.1,94.3,2.6,2.3,8.5,2023,5,17,16,10,52.8,2.77,94,235,0,0,0.014,-9.0,21,2023-05-17T16:10:52.800Z
1018902_20200219_010253,106507,40.500358,-124.328402,19.901,142.8,52.4,0.7,18.3,10.5,14.3,2020,2,19,1,2,53.93,0.0,2,1,0,0,0.017,-9.0,22,2020-02-19T01:02:53.930Z
1018902_20200901_020902,106508,40.500008,-124.3302,19.872,-9.7,13.6,-27.9,6.0,8.6,15.1,2020,9,1,2,9,2.72,0.0,6,5,0,0,0.01,-9.0,22,2020-09-01T02:09:02.720Z
1018902_20210503_155728,106517,40.500655,-124.327824,19.821,191.8,85.4,-78.6,16.1,15.6,11.2,2021,5,3,15,57,28.89,0.0,6,3,0,0,0.021,-9.0,22,2021-05-03T15:57:28.890Z
1018902_20210526_055513,106518,40.500269,-124.328402,19.972,142.8,42.5,71.6,11.6,7.0,10.2,2021,5,26,5,55,13.27,0.0,3,1,0,0,0.021,-9.0,22,2021-05-26T05:55:13.270Z
1018902_20211116_091934,106520,40.502795,-124.330737,20.455,-55.2,323.1,554.8,43.4,26.3,41.1,2021,11,16,9,19,34.2,0.0,1,0,0,0,0.01,-9.0,22,2021-11-16T09:19:34.200Z
1018902_20211220_201334,106523,40.499438,-124.330078,19.902,0.7,-49.7,2.0,12.4,12.8,7.1,2021,12,20,20,13,34.28,0.0,7,9,0,0,0.01,-9.0,22,2021-12-20T20:13:34.280Z
1018902_20211220_233610,106524,40.499955,-124.330184,19.913,-8.3,7.7,13.4,7.5,7.3,10.0,2021,12,20,23,36,10.8,0.0,3,5,0,0,0.008,-9.0,22,2021-12-20T23:36:10.800Z
1018902_20211221_165543,106527,40.500008,-124.330037,19.901,4.1,13.6,1.0,7.2,8.0,10.6,2021,12,21,16,55,43.72,0.0,1,3,0,0,0.006,-9.0,22,2021-12-21T16:55:43.720Z
1018902_20211222_134819,106529,40.499963,-124.329688,19.908,33.8,8.6,7.7,9.3,5.5,7.9,2021,12,22,13,48,19.96,0.0,2,2,0,0,0.004,-9.0,22,2021-12-22T13:48:19.960Z
1018902_20211231_104227,106532,40.500041,-124.329858,19.905,19.3,17.2,4.5,8.7,8.7,10.6,2021,12,31,10,42,27.26,0.0,4,5,0,0,0.004,-9.0,22,2021-12-31T10:42:27.260Z
1018902_20211231_033756,106533,40.499626,-124.33055,19.889,-39.3,-28.9,-11.2,11.6,10.3,10.9,2021,12,31,3,37,56.2,0.0,2,5,0,0,0.008,-9.0,22,2021-12-31T03:37:56.200Z
1018902_20211231_213428,106534,40.499845,-124.330306,19.888,-18.6,-4.5,-12.4,10.3,6.9,10.9,2021,12,31,21,34,28.16,0.0,2,6,0,0,0.017,-9.0,22,2021-12-31T21:34:28.160Z
1018902_20220109_114539,106536,40.500155,-124.330176,19.892,-7.6,29.8,-7.6,5.3,8.9,12.1,2022,1,9,11,45,39.38,0.0,5,7,0,0,0.007,-9.0,22,2022-01-09T11:45:39.380Z
1018902_20220121_141102,106539,40.500049,-124.330143,19.902,-4.8,18.1,1.5,5.3,6.4,9.1,2022,1,21,14,11,2.1,0.0,4,6,0,0,0.007,-9.0,22,2022-01-21T14:11:02.100Z
1018902_20220204_041816,106541,40.499898,-124.330282,19.895,-16.6,1.4,-4.9,9.7,7.2,9.8,2022,2,4,4,18,16.16,0.0,3,6,0,0,0.005,-9.0,22,2022-02-04T04:18:16.160Z
1018902_20220210_005715,106542,40.499902,-124.330265,19.894,-15.2,1.8,-5.9,9.4,7.2,10.2,2022,2,10,0,57,15.92,0.0,4,6,0,0,0.008,-9.0,22,2022-02-10T00:57:15.920Z
1018902_20220218_161839,106546,40.499813,-124.330192,19.889,-9.0,-8.1,-10.6,6.7,6.4,9.4,2022,2,18,16,18,39.8,0.0,5,5,0,0,0.004,-9.0,22,2022-02-18T16:18:39.800Z
1018902_20220226_015819,106549,40.500024,-124.330127,19.916,-3.4,15.4,16.0,6.7,6.8,9.5,2022,2,26,1,58,19.2,0.0,4,7,0,0,0.008,-9.0,22,2022-02-26T01:58:19.200Z
1018902_20220310_211610,106552,40.500016,-124.3302,19.922,-9.7,14.5,22.4,6.8,5.1,8.4,2022,3,10,21,16,10.42,0.0,4,6,0,0,0.004,-9.0,22,2022-03-10T21:16:10.420Z
1018902_20220406_035139,106557,40.500142,-124.329915,19.938,14.5,28.5,38.3,10.7,9.0,11.3,2022,4,6,3,51,39.26,0.0,4,5,0,0,0.007,-9.0,22,2022-04-06T03:51:39.260Z
1018902_20220418_080040,106560,40.499646,-124.330607,19.856,-44.2,-26.7,-44.0,14.3,9.7,13.2,2022,4,18,8,0,40.7,0.0,2,4,0,0,0.005,-9.0,22,2022-04-18T08:00:40.700Z
1018902_20220421_073354,106561,40.499719,-124.330029,19.873,4.8,-18.5,-26.8,6.8,6.9,9.5,2022,4,21,7,33,54.46,0.0,4,5,0,0,0.005,-9.0,22,2022-04-21T07:33:54.460Z
1018902_20220505_211803,106566,40.499935,-124.329972,19.901,9.7,5.4,1.2,7.1,6.4,9.0,2022,5,5,21,18,3.76,0.0,4,7,0,0,0.004,-9.0,22,2022-05-05T21:18:03.760Z
1018902_20220505_171344,106567,40.499959,-124.330184,19.905,-8.3,8.1,5.4,6.3,5.5,9.2,2022,5,5,17,13,44.2,0.0,5,6,0,0,0.005,-9.0,22,2022-05-05T17:13:44.200Z
1018902_20220507_123839,106569,40.500069,-124.330062,19.93,2.1,20.3,29.6,7.5,8.2,9.2,2022,5,7,12,38,39.64,0.0,4,4,0,0,0.005,-9.0,22,2022-05-07T12:38:39.640Z
1018902_20220508_074919,106570,40.499813,-124.330111,19.885,-2.1,-8.1,-15.3,6.0,6.2,8.8,2022,5,8,7,49,19.74,0.0,4,4,0,0,0.005,-9.0,22,2022-05-08T07:49:19.740Z
1018902_20220516_053329,106572,40.499866,-124.330037,19.891,4.1,-2.3,-8.5,5.5,5.4,8.1,2022,5,16,5,33,29.74,0.0,3,5,0,0,0.004,-9.0,22,2022-05-16T05:33:29.740Z
1018902_20220520_195422,106573,40.499809,-124.329972,19.898,9.7,-8.6,-2.1,7.3,6.0,9.9,2022,5,20,19,54,22.98,0.0,6,8,0,0,0.005,-9.0,22,2022-05-20T19:54:22.980Z
1018902_20220520_155039,106574,40.49965,-124.33033,19.906,-20.7,-26.2,5.6,12.7,9.9,9.1,2022,5,20,15,50,39.12,0.0,8,9,0,0,0.01,-9.0,22,2022-05-20T15:50:39.120Z
1018902_20220520_221757,106575,40.499727,-124.32998,19.86,9.0,-17.6,-40.0,7.6,7.5,11.5,2022,5,20,22,17,57.46,0.0,4,6,0,0,0.003,-9.0,22,2022-05-20T22:17:57.460Z
1018902_20220520_183927,106576,40.499882,-124.33016,19.901,-6.2,-0.5,1.0,5.7,5.2,8.2,2022,5,20,18,39,27.94,0.0,2,6,0,0,0.004,-9.0,22,2022-05-20T18:39:27.940Z
1018902_20220523_222259,106579,40.499825,-124.330477,19.874,-33.1,-6.8,-26.1,15.5,8.6,14.5,2022,5,23,22,22,59.64,0.0,2,4,0,0,0.022,-9.0,22,2022-05-23T22:22:59.640Z
1018902_20220524_113204,106581,40.499528,-124.330037,19.869,4.1,-39.8,-31.3,8.7,11.6,11.9,2022,5,24,11,32,4.6,0.0,4,5,0,0,0.005,-9.0,22,2022-05-24T11:32:04.600Z
1018902_20220606_014309,106584,40.499744,-124.3302,19.885,-9.7,-15.8,-14.6,9.7,8.4,7.9,2022,6,6,1,43,9.26,0.0,6,8,0,0,0.007,-9.0,22,2022-06-06T01:43:09.260Z
1018902_20220608_215221,106585,40.499845,-124.329875,19.893,17.9,-4.5,-6.6,8.4,7.0,11.8,2022,6,8,21,52,21.42,0.0,6,7,0,0,0.005,-9.0,22,2022-06-08T21:52:21.420Z
1018902_20220608_083101,106586,40.499829,-124.32994,19.893,12.4,-6.3,-7.5,7.1,5.8,9.4,2022,6,8,8,31,1.68,0.0,6,7,0,0,0.004,-9.0,22,2022-06-08T08:31:01.680Z
1018902_20220706_225129,106591,40.50059,-124.328703,19.88,117.3,78.2,-20.2,23.9,13.8,20.9,2022,7,6,22,51,29.34,0.0,1,3,0,0,0.024,-9.0,22,2022-07-06T22:51:29.340Z
1018902_20220727_210817,106593,40.499825,-124.330046,19.887,3.4,-6.8,-13.1,9.7,7.8,10.7,2022,7,27,21,8,17.64,0.0,2,4,0,0,0.005,-9.0,22,2022-07-27T21:08:17.640Z
1018902_20220822_161552,106594,40.499963,-124.330387,19.918,-25.5,8.6,17.6,9.1,7.8,10.5,2022,8,22,16,15,52.9,0.0,1,3,0,0,0.004,-9.0,22,2022-08-22T16:15:52.900Z
1018902_20220904_085158,106599,40.500285,-124.329883,19.915,17.2,44.3,15.0,13.6,11.6,11.2,2022,9,4,8,51,58.48,0.0,4,4,0,0,0.007,-9.0,22,2022-09-04T08:51:58.480Z
1018902_20220907_035819,106601,40.500138,-124.330005,19.919,6.9,28.0,19.4,9.3,9.2,8.8,2022,9,7,3,58,19.82,0.0,5,6,0,0,0.006,-9.0,22,2022-09-07T03:58:19.820Z
1018902_20220916_112356,106603,40.499626,-124.330355,19.844,-22.8,-28.9,-55.8,5.9,8.7,12.9,2022,9,16,11,23,56.92,0.0,1,3,0,0,0.002,-9.0,22,2022-09-16T11:23:56.920Z
1018902_20220921_125545,106604,40.499658,-124.330347,19.907,-22.1,-25.3,6.9,11.5,10.3,8.1,2022,9,21,12,55,45.46,0.0,7,8,0,0,0.007,-9.0,22,2022-09-21T12:55:45.460Z
1018902_20220930_024859,106606,40.499805,-124.330452,19.883,-31.0,-9.0,-16.7,14.0,8.6,10.9,2022,9,30,2,48,59.29,0.0,1,3,0,0,0.023,-9.0,22,2022-09-30T02:48:59.290Z
1018902_20221002_222034,106607,40.499748,-124.330933,19.879,-71.7,-15.4,-21.5,15.4,7.9,13.2,2022,10,2,22,20,34.2,0.0,1,3,0,0,0.022,-9.0,22,2022-10-02T22:20:34.200Z
1018902_20221009_033532,106608,40.499715,-124.33029,19.896,-17.2,-19.0,-3.7,9.7,8.7,7.1,2022,10,9,3,35,32.1,0.0,5,6,0,0,0.006,-9.0,22,2022-10-09T03:35:32.100Z
1018902,110407,40.499894,-124.33016,19.902,-6.2,0.9,2.2,6.3,5.3,7.6,2023,5,30,8,32,35.38,1.14,170,231,0,0,0.009,-9.0,22,2023-05-30T08:32:35.380Z
nc73890435_20200127_033337,104947,40.37651,-124.586393,27.43,47.7,277.0,-79.9,28.5,54.2,42.8,2020,1,27,3,33,37.89,0.0,0,7,0,0,0.037,-9.0,23,2020-01-27T03:33:37.890Z
nc73890435_20200315_110854,104948,40.374512,-124.587085,27.545,-11.1,55.1,35.2,21.7,36.0,33.2,2020,3,15,11,8,54.48,0.0,0,8,0,0,0.004,-9.0,23,2020-03-15T11:08:54.480Z
nc73890435_20200315_104025,104949,40.374943,-124.587427,27.777,-40.1,103.0,266.6,35.0,50.0,61.7,2020,3,15,10,40,25.31,0.0,1,3,0,0,0.033,-9.0,23,2020-03-15T10:40:25.310Z
nc73890435_20200324_224056,104950,40.375635,-124.586174,27.464,66.3,179.8,-45.8,31.4,54.3,39.6,2020,3,24,22,40,56.92,0.0,0,4,0,0,0.023,-9.0,23,2020-03-24T22:40:56.920Z
nc73890435_20200329_195048,104951,40.374361,-124.587012,27.506,-4.8,38.4,-3.8,24.2,28.6,41.9,2020,3,29,19,50,48.94,0.0,1,7,0,0,0.006,-9.0,23,2020-03-29T19:50:48.940Z
nc73890435_20200520_211040,104952,40.375435,-124.586353,27.443,51.1,157.7,-67.5,29.1,49.4,48.6,2020,5,20,21,10,40.52,0.0,2,9,0,0,0.018,-9.0,23,2020-05-20T21:10:40.520Z
nc73890435_20200528_033049,104953,40.374023,-124.58693,27.567,2.1,0.9,56.6,33.2,46.8,50.2,2020,5,28,3,30,49.2,0.0,0,4,0,0,0.013,-9.0,23,2020-05-28T03:30:49.200Z
nc73890435_20200611_035051,104954,40.375391,-124.586434,27.493,44.2,152.7,-17.4,28.3,52.2,42.5,2020,6,11,3,50,51.17,0.0,1,5,0,0,0.013,-9.0,23,2020-06-11T03:50:51.170Z
nc73890435_20200614_084104,104955,40.372611,-124.589657,28.342,-229.5,-155.9,832.4,81.1,106.3,126.4,2020,6,14,8,41,4.92,0.0,1,1,0,0,0.045,-9.0,23,2020-06-14T08:41:04.920Z
nc73890435_20200714_072547,104956,40.375041,-124.586385,27.427,48.4,113.9,-82.5,28.2,43.1,46.8,2020,7,14,7,25,47.79,0.0,2,6,0,0,0.011,-9.0,23,2020-07-14T07:25:47.790Z
nc73890435_20200910_020447,104958,40.37609,-124.588818,28.008,-158.3,230.4,497.9,36.0,75.2,88.7,2020,9,10,2,4,47.07,0.0,4,6,0,0,0.028,-9.0,23,2020-09-10T02:04:47.070Z
nc73890435_20200912_104000,104959,40.375232,-124.586336,27.464,52.5,135.1,-46.4,29.5,53.1,50.7,2020,9,12,10,40,0.47,0.0,1,5,0,0,0.014,-9.0,23,2020-09-12T10:40:00.470Z
nc73890435_20200919_003331,104960,40.373466,-124.587004,27.482,-4.1,-61.0,-28.1,25.3,60.4,50.6,2020,9,19,0,33,31.64,0.0,1,3,0,0,0.008,-9.0,23,2020-09-19T00:33:31.640Z
nc73890435_20200923_093147,104961,40.374906,-124.587882,27.734,-78.8,99.0,223.8,26.4,45.4,73.8,2020,9,23,9,31,47.33,0.0,3,8,0,0,0.021,-9.0,23,2020-09-23T09:31:47.330Z
nc73890435_20200929_095755,104962,40.374463,-124.587834,27.763,-74.6,49.7,252.8,32.1,53.5,68.0,2020,9,29,9,57,55.98,0.0,2,6,0,0,0.037,-9.0,23,2020-09-29T09:57:55.980Z
nc73890435_20201208_164253,104964,40.375867,-124.588761,27.846,-153.4,205.6,336.0,29.0,54.6,83.3,2020,12,8,16,42,53.3,0.0,2,9,0,0,0.025,-9.0,23,2020-12-08T16:42:53.300Z
nc73890435_20201210_194914,104965,40.374048,-124.58715,27.52,-16.6,3.6,9.7,21.4,34.8,48.6,2020,12,10,19,49,14.26,0.0,6,13,0,0,0.007,-9.0,23,2020-12-10T19:49:14.260Z
nc73890435_20201222_143510,104966,40.376123,-124.586019,27.356,79.5,234.0,-154.2,34.8,55.4,58.5,2020,12,22,14,35,10.3,0.0,2,8,0,0,0.022,-9.0,23,2020-12-22T14:35:10.300Z
nc73890435_20210306_125427,104967,40.374967,-124.586637,27.409,27.0,105.7,-100.8,50.3,85.7,95.6,2021,3,6,12,54,27.65,0.0,1,4,0,0,0.039,-9.0,23,2021-03-06T12:54:27.650Z
nc73890435_20210520_005018,104969,40.376636,-124.585563,27.34,118.2,291.0,-169.8,38.6,72.4,80.0,2021,5,20,0,50,18.15,0.0,4,9,0,0,0.036,-9.0,23,2021-05-20T00:50:18.150Z
nc73890435_20210611_083133,104972,40.374939,-124.587785,27.792,-70.5,102.6,282.2,30.7,49.6,73.1,2021,6,11,8,31,33.57,0.0,3,6,0,0,0.026,-9.0,23,2021-06-11T08:31:33.570Z
nc73890435_20210620_014122,104973,40.376335,-124.588981,28.336,-172.1,257.5,826.3,41.5,83.5,88.4,2021,6,20,1,41,22.21,0.0,2,3,0,0,0.032,-9.0,23,2021-06-20T01:41:22.210Z
nc73890435_20210720_150521,104974,40.373938,-124.586938,27.5,1.4,-8.6,-9.7,26.5,43.6,41.9,2021,7,20,15,5,21.76,0.0,2,4,0,0,0.007,-9.0,23,2021-07-20T15:05:21.760Z
nc73890435_20210828_192144,104975,40.372571,-124.587069,27.477,-9.7,-160.4,-32.8,24.5,59.3,53.7,2021,8,28,19,21,44.18,0.0,1,5,0,0,0.016,-9.0,23,2021-08-28T19:21:44.180Z
nc73890435_20210927_010332,104976,40.373869,-124.587126,27.584,-14.5,-16.3,74.4,27.4,24.5,51.2,2021,9,27,1,3,32.36,0.0,0,4,0,0,0.007,-9.0,23,2021-09-27T01:03:32.360Z
nc73890435_20211006_220324,104977,40.373303,-124.586833,27.489,10.4,-79.1,-20.6,26.0,44.4,39.5,2021,10,6,22,3,24.84,0.0,4,11,0,0,0.011,-9.0,23,2021-10-06T22:03:24.840Z
nc73890435_20211101_035653,104978,40.376339,-124.5896,28.182,-224.6,258.0,671.7,54.1,116.9,87.8,2021,11,1,3,56,53.24,0.0,4,0,0,0,0.016,-9.0,23,2021-11-01T03:56:53.240Z
nc73890435_20220206_215037,104980,40.372058,-124.587394,27.598,-37.3,-217.3,87.9,31.3,60.3,30.3,2022,2,6,21,50,37.36,0.0,1,10,0,0,0.021,-9.0,23,2022-02-06T21:50:37.360Z
nc73890435_20220311_094329,104981,40.374536,-124.587101,27.597,-12.4,57.8,86.8,22.3,40.5,48.3,2022,3,11,9,43,29.74,0.0,2,7,0,0,0.011,-9.0,23,2022-03-11T09:43:29.740Z
nc73890435_20220403_082439,104982,40.375191,-124.5861,27.42,72.6,130.6,-90.0,30.9,49.1,63.0,2022,4,3,8,24,39.3,0.0,3,11,0,0,0.015,-9.0,23,2022-04-03T08:24:39.300Z
nc73890435_20220419_221625,104983,40.37616,-124.586279,27.505,57.4,238.1,-5.3,27.2,56.5,59.4,2022,4,19,22,16,25.06,0.0,1,9,0,0,0.032,-9.0,23,2022-04-19T22:16:25.060Z
nc73890435_20220509_215208,104984,40.368498,-124.585864,27.027,92.6,-612.7,-482.5,63.6,129.0,133.2,2022,5,9,21,52,8.04,0.0,2,1,0,0,0.055,-9.0,23,2022-05-09T21:52:08.040Z
nc73890435_20220617_102217,104987,40.373881,-124.586922,27.482,2.8,-14.9,-28.1,23.6,36.3,39.6,2022,6,17,10,22,17.0,0.0,3,11,0,0,0.006,-9.0,23,2022-06-17T10:22:17.000Z
nc73890435_20220617_104626,104988,40.37393,-124.586898,27.478,4.8,-9.5,-31.9,24.6,34.3,41.2,2022,6,17,10,46,26.82,0.0,3,8,0,0,0.005,-9.0,23,2022-06-17T10:46:26.820Z
nc73890435_20220624_050453,104990,40.375537,-124.586279,27.415,57.4,169.0,-94.7,30.3,50.0,51.9,2022,6,24,5,4,53.79,0.0,3,11,0,0,0.016,-9.0,23,2022-06-24T05:04:53.790Z
nc73890435_20220727_045413,104991,40.374744,-124.587882,27.614,-78.8,80.9,104.0,50.1,51.0,90.1,2022,7,27,4,54,13.92,0.0,0,5,0,0,0.011,-9.0,23,2022-07-27T04:54:13.920Z
nc73890435_20220811_043915,104993,40.372229,-124.588965,27.701,-170.7,-198.4,191.1,57.8,113.0,95.5,2022,8,11,4,39,15.18,0.0,2,5,0,0,0.063,-9.0,23,2022-08-11T04:39:15.180Z
nc73890435_20220817_082546,104994,40.375562,-124.586133,27.438,69.8,171.7,-71.5,30.9,51.4,55.9,2022,8,17,8,25,46.51,0.0,1,5,0,0,0.014,-9.0,23,2022-08-17T08:25:46.510Z
nc73890435_20220830_231116,104995,40.373987,-124.587012,27.511,-4.8,-3.2,0.9,25.4,47.2,41.1,2022,8,30,23,11,16.52,0.0,1,4,0,0,0.005,-9.0,23,2022-08-30T23:11:16.520Z
nc73890435_20221011_172322,104996,40.375057,-124.588192,27.927,-105.1,115.7,417.3,25.3,59.1,73.5,2022,10,11,17,23,22.94,0.0,2,7,0,0,0.031,-9.0,23,2022-10-11T17:23:22.940Z
nc73890435_20221011_140249,104997,40.374805,-124.586727,27.475,19.4,87.7,-35.0,25.5,38.8,39.4,2022,10,11,14,2,49.7,0.0,4,12,0,0,0.009,-9.0,23,2022-10-11T14:02:49.700Z
nc73890435_20221011_173039,104998,40.3771,-124.586263,27.348,58.7,342.5,-161.5,22.0,66.8,63.1,2022,10,11,17,30,39.28,0.0,3,2,0,0,0.019,-9.0,23,2022-10-11T17:30:39.280Z
nc73890435_20221024_200538,104999,40.373657,-124.587036,27.514,-6.9,-39.8,3.7,26.4,60.0,53.0,2022,10,24,20,5,38.42,0.0,2,2,0,0,0.01,-9.0,23,2022-10-24T20:05:38.420Z
nc73890435_20221114_001750,105000,40.376192,-124.585848,27.349,94.0,241.7,-160.9,38.0,59.9,66.5,2022,11,14,0,17,50.32,0.0,5,11,0,0,0.026,-9.0,23,2022-11-14T00:17:50.320Z
nc73890435_20221120_202039,105001,40.373962,-124.587044,27.555,-7.6,-5.9,45.2,27.8,34.4,49.4,2022,11,20,20,20,39.34,0.0,4,8,0,0,0.026,-9.0,23,2022-11-20T20:20:39.340Z
nc73890435_20221127_040020,105002,40.372152,-124.587622,27.644,-56.7,-206.9,134.1,30.9,54.8,40.2,2022,11,27,4,0,20.29,0.0,3,10,0,0,0.02,-9.0,23,2022-11-27T04:00:20.290Z
nc73890435,110356,40.373315,-124.587012,27.48,-4.8,-77.7,-29.8,22.3,33.1,37.8,2023,5,27,0,55,22.18,2.59,95,297,0,0,0.023,-9.0,23,2023-05-27T00:55:22.180Z
1012056_20200115_065038,103864,40.297294,-124.34563,9.245,51.9,2.3,-155.5,17.1,17.9,20.1,2020,1,15,6,50,38.18,0.0,3,4,28,62,0.059,0.066,24,2020-01-15T06:50:38.180Z
1012056_20200124_220341,103866,40.298885,-124.347209,9.352,-82.3,178.9,-48.1,9.0,10.3,10.3,2020,1,24,22,3,41.74,0.0,3,6,29,92,0.018,0.043,24,2020-01-24T22:03:41.740Z
1012056_20200124_153020,103867,40.296883,-124.346834,9.268,-50.5,-43.4,-131.8,8.1,13.4,11.8,2020,1,24,15,30,20.35,0.0,1,5,17,72,0.032,0.042,24,2020-01-24T15:30:20.350Z
1012056_20200124_210402,103868,40.29801,-124.347078,9.365,-71.3,81.8,-34.8,7.6,9.6,9.4,2020,1,24,21,4,2.52,0.0,2,6,22,76,0.013,0.042,24,2020-01-24T21:04:02.520Z
1012056_20200124_155559,103869,40.297233,-124.346737,9.247,-42.2,-4.5,-152.8,9.8,9.2,11.1,2020,1,24,15,55,59.68,0.0,2,4,20,61,0.023,0.032,24,2020-01-24T15:55:59.680Z
1012056_20200124_152248,103870,40.296871,-124.346802,9.236,-47.7,-44.7,-164.5,8.1,7.9,11.3,2020,1,24,15,22,48.07,0.0,1,3,15,45,0.013,0.034,24,2020-01-24T15:22:48.070Z
1012056_20200124_225407,103871,40.299117,-124.347388,9.351,-97.6,204.7,-49.3,9.8,10.4,11.2,2020,1,24,22,54,7.46,0.0,3,6,24,77,0.019,0.047,24,2020-01-24T22:54:07.460Z
1012056_20200124_152513,103872,40.296899,-124.346916,9.256,-57.4,-41.6,-143.8,10.6,11.4,14.9,2020,1,24,15,25,13.4,0.0,1,4,18,62,0.038,0.038,24,2020-01-24T15:25:13.400Z
1012056_20200124_152623,103873,40.29659,-124.34703,9.23,-67.1,-75.9,-170.3,11.7,11.1,14.0,2020,1,24,15,26,23.13,0.0,1,3,13,39,0.01,0.035,24,2020-01-24T15:26:23.130Z
1012056_20200124_200302,103874,40.297945,-124.347046,9.379,-68.5,74.6,-20.9,8.6,9.2,9.8,2020,1,24,20,3,2.5,0.0,3,5,35,74,0.013,0.042,24,2020-01-24T20:03:02.500Z
1012056_20200124_232024,103876,40.299125,-124.347241,9.378,-85.1,205.6,-22.1,9.4,11.1,10.4,2020,1,24,23,20,24.98,0.0,2,4,15,47,0.011,0.04,24,2020-01-24T23:20:24.980Z
1012056_20200125_031359,103880,40.29222,-124.34786,9.063,-137.7,-561.2,-337.2,17.0,35.2,18.2,2020,1,25,3,13,59.37,0.0,2,1,24,23,0.018,0.107,24,2020-01-25T03:13:59.370Z
1012056_20200125_031428,103882,40.296086,-124.346379,9.296,-11.8,-131.9,-104.4,7.4,8.3,9.1,2020,1,25,3,14,28.66,0.0,2,3,28,56,0.018,0.035,24,2020-01-25T03:14:28.660Z
1012056_20200125_030906,103883,40.297579,-124.346159,9.35,6.9,33.9,-50.2,10.9,10.9,9.0,2020,1,25,3,9,6.19,0.0,4,5,44,88,0.034,0.045,24,2020-01-25T03:09:06.190Z
1012056_20200127_190435,103890,40.297774,-124.346053,9.246,15.9,55.6,-154.2,9.1,11.8,16.0,2020,1,27,19,4,35.84,0.0,4,3,32,40,0.037,0.044,24,2020-01-27T19:04:35.840Z
1012056_20200127_173612,103891,40.296061,-124.346688,9.269,-38.1,-134.6,-130.5,11.2,15.9,8.9,2020,1,27,17,36,12.0,0.0,2,3,15,28,0.027,0.049,24,2020-01-27T17:36:12.000Z
1012056_20200127_162344,103892,40.297038,-124.346558,9.386,-27.0,-26.2,-14.1,11.1,11.3,10.9,2020,1,27,16,23,44.45,0.0,2,4,31,67,0.03,0.037,24,2020-01-27T16:23:44.450Z
1012056_20200313_023950,103895,40.297611,-124.345329,9.144,77.5,37.5,-255.7,12.9,10.7,15.8,2020,3,13,2,39,50.54,0.0,3,4,28,46,0.062,0.081,24,2020-03-13T02:39:50.540Z
1012056_20200313_023737,103896,40.295707,-124.346159,9.006,6.9,-174.0,-393.7,7.6,20.2,10.3,2020,3,13,2,37,37.31,0.0,1,3,0,0,0.04,-9.0,24,2020-03-13T02:37:37.310Z
1012056_20200313_051012,103897,40.298853,-124.346712,9.257,-40.1,175.3,-143.1,22.6,26.4,20.1,2020,3,13,5,10,12.91,0.0,1,3,0,0,0.073,-9.0,24,2020-03-13T05:10:12.910Z
1012056_20200407_165056,103898,40.298853,-124.34633,9.245,-7.6,175.3,-155.2,8.2,10.2,14.5,2020,4,7,16,50,56.42,0.0,1,4,4,40,0.039,0.033,24,2020-04-07T16:50:56.420Z
1012056_20200510_034047,103901,40.301941,-124.348722,9.437,-211.0,518.2,36.9,9.5,14.8,14.9,2020,5,10,3,40,47.55,0.0,2,4,12,54,0.017,0.087,24,2020-05-10T03:40:47.550Z
1012056_20200716_144026,103902,40.296444,-124.346134,9.548,9.0,-92.2,147.5,10.6,16.2,15.7,2020,7,16,14,40,26.17,0.0,1,3,0,0,0.009,-9.0,24,2020-07-16T14:40:26.170Z
1012056_20201109_021109,103904,40.296379,-124.345426,8.675,69.2,-99.4,-724.9,12.3,21.3,19.9,2020,11,9,2,11,9.57,0.0,3,1,0,0,0.05,-9.0,24,2020-11-09T02:11:09.570Z
1012056_20210206_204014,103906,40.296033,-124.346167,9.384,6.2,-137.8,-16.3,18.2,17.5,24.4,2021,2,6,20,40,14.64,0.0,3,5,22,48,0.058,0.055,24,2021-02-06T20:40:14.640Z
1012056_20210313_112502,103908,40.297306,-124.346639,9.518,-33.9,3.6,118.1,6.2,8.5,13.2,2021,3,13,11,25,2.27,0.0,2,7,9,70,0.013,0.039,24,2021-03-13T11:25:02.270Z
1012056_20210405_171700,103909,40.295691,-124.346761,9.235,-44.3,-175.8,-164.7,7.4,13.6,14.5,2021,4,5,17,17,0.36,0.0,2,3,18,40,0.025,0.035,24,2021-04-05T17:17:00.360Z
1012056_20210417_125601,103912,40.298092,-124.34668,9.447,-37.4,90.8,46.7,7.9,10.9,10.7,2021,4,17,12,56,1.3,0.0,2,4,10,24,0.011,0.036,24,2021-04-17T12:56:01.300Z
1012056_20210417_134053,103913,40.297648,-124.346785,9.432,-46.4,41.6,31.6,11.6,19.0,16.3,2021,4,17,13,40,53.65,0.0,1,3,0,0,0.006,-9.0,24,2021-04-17T13:40:53.650Z
1012056_20210728_211102,103915,40.296619,-124.34659,9.462,-29.8,-72.7,61.9,8.3,8.3,11.8,2021,7,28,21,11,2.4,0.0,1,6,19,82,0.015,0.051,24,2021-07-28T21:11:02.400Z
1012056_20210728_213336,103916,40.296545,-124.346493,9.469,-21.4,-80.9,69.4,7.9,8.2,11.7,2021,7,28,21,33,36.04,0.0,2,6,28,81,0.012,0.047,24,2021-07-28T21:33:36.040Z
1012056_20210907_194005,103918,40.298055,-124.347038,9.345,-67.8,86.8,-54.7,8.7,8.6,9.9,2021,9,7,19,40,5.86,0.0,3,7,32,107,0.013,0.038,24,2021-09-07T19:40:05.860Z
1012056_20211125_162840,103919,40.295923,-124.350301,9.305,-345.3,-150.0,-94.6,11.4,14.9,12.8,2021,11,25,16,28,40.19,0.0,2,2,0,0,0.053,-9.0,24,2021-11-25T16:28:40.190Z
1012056_20211221_033851,103921,40.297282,-124.346753,9.373,-43.6,0.9,-27.4,8.4,10.6,7.7,2021,12,21,3,38,51.94,0.0,1,3,11,33,0.007,0.024,24,2021-12-21T03:38:51.940Z
1012056_20220323_224210,103922,40.296859,-124.347257,9.282,-86.5,-46.1,-117.8,7.0,13.7,11.4,2022,3,23,22,42,10.72,0.0,0,4,0,0,0.019,-9.0,24,2022-03-23T22:42:10.720Z
1012056_20220529_211323,103924,40.296513,-124.347103,9.272,-73.3,-84.5,-128.1,11.7,12.2,12.8,2022,5,29,21,13,23.8,0.0,1,3,12,36,0.008,0.023,24,2022-05-29T21:13:23.800Z
1012056_20220529_193605,103926,40.297294,-124.347021,9.248,-66.4,2.3,-151.6,12.7,10.3,12.8,2022,5,29,19,36,5.4,0.0,1,3,11,33,0.011,0.025,24,2022-05-29T19:36:05.400Z
1012056_20220529_191127,103927,40.2979,-124.34681,9.315,-48.4,69.6,-85.1,8.7,10.9,6.1,2022,5,29,19,11,27.88,0.0,2,6,28,84,0.018,0.035,24,2022-05-29T19:11:27.880Z
1012056_20220530_041009,103929,40.296871,-124.346484,9.359,-20.8,-44.7,-40.7,10.0,10.6,10.1,2022,5,30,4,10,9.04,0.0,3,5,35,78,0.029,0.041,24,2022-05-30T04:10:09.040Z
1012056_20220530_015130,103930,40.297489,-124.346672,9.366,-36.7,23.9,-33.6,10.1,10.2,8.1,2022,5,30,1,51,30.56,0.0,2,4,24,55,0.028,0.039,24,2022-05-30T01:51:30.560Z
1012056_20220530_031208,103932,40.298551,-124.347087,9.354,-72.0,141.9,-46.1,8.6,11.6,9.0,2022,5,30,3,12,8.82,0.0,4,7,37,96,0.018,0.042,24,2022-05-30T03:12:08.820Z
1012056_20220530_094348,103933,40.297327,-124.346696,9.386,-38.7,5.9,-14.3,9.3,10.9,8.8,2022,5,30,9,43,48.82,0.0,2,4,30,69,0.023,0.034,24,2022-05-30T09:43:48.820Z
1012056_20220530_063503,103934,40.297628,-124.346761,9.322,-44.3,39.3,-78.1,10.4,9.0,8.8,2022,5,30,6,35,3.54,0.0,3,5,32,79,0.033,0.035,24,2022-05-30T06:35:03.540Z
1012056_20220530_064238,103935,40.296676,-124.347209,9.178,-82.3,-66.4,-222.2,9.7,10.0,14.9,2022,5,30,6,42,38.79,0.0,1,4,14,46,0.023,0.031,24,2022-05-30T06:42:38.790Z
1012056_20220530_040628,103937,40.298311,-124.346549,9.31,-26.3,115.2,-89.8,9.0,10.8,8.9,2022,5,30,4,6,28.56,0.0,3,2,14,10,0.007,0.017,24,2022-05-30T04:06:28.560Z
1012056,110328,40.296143,-124.345728,9.588,43.6,-125.6,188.0,6.9,7.6,7.6,2022,12,23,23,23,4.14,1.11,91,184,0,0,0.03,-9.0,24,2022-12-23T23:23:04.140Z
1016407_20200318_221412,107464,40.38149,-124.528581,27.671,-8.3,74.1,-69.1,5.0,8.5,7.9,2020,3,18,22,14,12.44,0.0,0,3,0,24,0.004,0.013,25,2020-03-18T22:14:12.440Z
1016407_20200318_224006,107467,40.382312,-124.527791,27.601,58.7,165.4,-139.5,6.7,13.7,7.0,2020,3,18,22,40,6.88,0.0,0,4,5,33,0.014,0.011,25,2020-03-18T22:40:06.880Z
1016407_20200510_131402,107472,40.382454,-124.528524,27.522,-3.5,181.2,-218.0,6.9,12.6,10.1,2020,5,10,13,14,2.44,0.0,1,2,0,0,0.008,-9.0,25,2020-05-10T13:14:02.440Z
1016407_20200516_230735,107473,40.37502,-124.530941,27.553,-208.7,-644.3,-186.6,12.7,24.4,19.5,2020,5,16,23,7,35.16,0.0,1,3,5,12,0.023,0.042,25,2020-05-16T23:07:35.160Z
1016407_20200702_040642,107476,40.382222,-124.52841,27.682,6.2,155.4,-58.4,4.2,10.4,8.5,2020,7,2,4,6,42.66,0.0,1,4,2,7,0.01,0.015,25,2020-07-02T04:06:42.660Z
1016407_20200720_235426,107481,40.380566,-124.529492,27.884,-85.7,-28.5,143.8,10.6,16.6,15.6,2020,7,20,23,54,26.16,0.0,4,3,34,43,0.034,0.04,25,2020-07-20T23:54:26.160Z
1016407_20200804_093527,107482,40.380623,-124.528239,27.837,20.7,-22.1,96.8,5.6,8.4,13.0,2020,8,4,9,35,27.1,0.0,3,3,18,17,0.015,0.025,25,2020-08-04T09:35:27.100Z
1016407_20200822_010017,107484,40.376648,-124.529801,27.786,-112.0,-463.6,45.9,8.6,23.0,10.6,2020,8,22,1,0,17.71,0.0,2,3,17,38,0.03,0.028,25,2020-08-22T01:00:17.710Z
1016407_20201027_185609,107487,40.381059,-124.528149,27.72,28.3,26.2,-20.3,4.8,10.5,8.9,2020,10,27,18,56,9.24,0.0,3,3,25,37,0.014,0.024,25,2020-10-27T18:56:09.240Z
1016407_20201029_164821,107488,40.380709,-124.528304,27.717,15.2,-12.7,-22.9,5.0,8.2,7.0,2020,10,29,16,48,21.61,0.0,2,2,8,8,0.007,0.005,25,2020-10-29T16:48:21.610Z
1016407_20201115_061039,107491,40.38092,-124.528328,27.701,13.1,10.8,-38.9,3.7,6.3,5.8,2020,11,15,6,10,39.44,0.0,2,3,10,12,0.003,0.007,25,2020-11-15T06:10:39.440Z
1016407_20201115_043101,107492,40.381213,-124.52854,27.733,-4.8,43.4,-7.3,3.6,6.6,7.0,2020,11,15,4,31,1.96,0.0,2,3,14,17,0.008,0.017,25,2020-11-15T04:31:01.960Z
1016407_20201221_005626,107494,40.380229,-124.528394,27.744,7.6,-66.0,4.0,4.5,7.1,7.1,2020,12,21,0,56,26.38,0.0,4,5,33,52,0.007,0.021,25,2020-12-21T00:56:26.380Z
1016407_20201226_184937,107496,40.378585,-124.529281,27.684,-67.7,-248.5,-56.2,7.8,19.1,10.5,2020,12,26,18,49,37.22,0.0,1,4,5,17,0.021,0.018,25,2020-12-26T18:49:37.220Z
1016407_20210313_101005,107497,40.380042,-124.528898,27.75,-35.2,-86.8,10.1,4.4,12.1,8.1,2021,3,13,10,10,5.35,0.0,1,3,11,33,0.014,0.018,25,2021-03-13T10:10:05.350Z
1016407_20210408_214058,107498,40.383736,-124.527922,27.64,47.7,323.5,-99.6,5.9,14.9,8.7,2021,4,8,21,40,58.2,0.0,2,3,5,8,0.013,0.026,25,2021-04-08T21:40:58.200Z
1016407_20210602_050725,107506,40.38363,-124.527393,27.786,92.6,311.8,46.0,6.8,9.9,10.6,2021,6,2,5,7,25.04,0.0,1,3,6,15,0.015,0.011,25,2021-06-02T05:07:25.040Z
1016407_20210608_163004,107507,40.380998,-124.528581,27.707,-8.3,19.4,-32.9,4.8,7.3,7.4,2021,6,8,16,30,4.7,0.0,0,4,0,12,0.007,0.006,25,2021-06-08T16:30:04.700Z
1016407_20211023_044005,107514,40.379675,-124.528776,27.742,-24.9,-127.4,2.1,4.3,10.3,7.3,2021,10,23,4,40,5.47,0.0,5,6,39,76,0.01,0.015,25,2021-10-23T04:40:05.470Z
1016407_20211029_153015,107515,40.37749,-124.529069,27.703,-49.8,-370.1,-37.3,6.3,10.5,9.6,2021,10,29,15,30,15.33,0.0,0,4,13,41,0.021,0.018,25,2021-10-29T15:30:15.330Z
1016407_20211029_144145,107516,40.378479,-124.528678,27.694,-16.6,-260.3,-46.2,5.9,9.2,8.7,2021,10,29,14,41,45.03,0.0,0,3,11,33,0.005,0.019,25,2021-10-29T14:41:45.030Z
1016407_20211031_145345,107518,40.380697,-124.52828,27.645,17.3,-14.0,-94.8,4.5,8.0,8.8,2021,10,31,14,53,45.32,0.0,1,3,5,15,0.01,0.009,25,2021-10-31T14:53:45.320Z
1016407_20211031_142841,107519,40.379818,-124.528385,27.626,8.3,-111.6,-113.6,4.8,8.1,8.9,2021,10,31,14,28,41.0,0.0,0,5,0,30,0.01,0.019,25,2021-10-31T14:28:41.000Z
1016407_20211122_072449,107524,40.380676,-124.528296,27.73,15.9,-16.3,-9.9,4.6,7.3,7.1,2021,11,22,7,24,49.74,0.0,3,5,17,51,0.006,0.008,25,2021-11-22T07:24:49.740Z
1016407_20211122_040043,107525,40.381144,-124.528402,27.764,6.9,35.7,24.4,4.6,8.9,8.0,2021,11,22,4,0,43.14,0.0,3,4,33,65,0.01,0.016,25,2021-11-22T04:00:43.140Z
1016407_20211129_140653,107526,40.380815,-124.528231,27.784,21.4,-0.9,44.2,4.9,7.7,10.4,2021,11,29,14,6,53.29,0.0,3,2,19,11,0.016,0.016,25,2021-11-29T14:06:53.290Z
1016407_20211203_054840,107527,40.37841,-124.528988,27.755,-42.8,-267.9,14.5,7.0,12.1,10.4,2021,12,3,5,48,40.97,0.0,0,3,5,15,0.013,0.009,25,2021-12-03T05:48:40.970Z
1016407_20211213_233557,107528,40.379045,-124.528727,27.714,-20.7,-197.5,-25.9,7.9,12.3,11.7,2021,12,13,23,35,57.16,0.0,0,3,11,33,0.008,0.016,25,2021-12-13T23:35:57.160Z
1016407_20220208_125435,107533,40.381596,-124.528459,27.737,2.1,85.8,-2.9,4.0,7.7,5.4,2022,2,8,12,54,35.3,0.0,3,4,11,14,0.005,0.014,25,2022-02-08T12:54:35.300Z
1016407_20220319_232639,107538,40.38075,-124.528459,27.719,2.1,-8.1,-20.9,4.3,6.5,6.3,2022,3,19,23,26,39.88,0.0,1,3,5,15,0.006,0.01,25,2022-03-19T23:26:39.880Z
1016407_20220320_131227,107539,40.381006,-124.528296,27.76,15.9,20.3,19.9,4.9,8.4,7.8,2022,3,20,13,12,27.46,0.0,2,2,8,8,0.007,0.005,25,2022-03-20T13:12:27.460Z
1016407_20220405_005537,107541,40.378137,-124.529264,27.767,-66.3,-298.2,26.6,5.2,11.8,6.5,2022,4,5,0,55,37.25,0.0,0,4,0,0,0.021,-9.0,25,2022-04-05T00:55:37.250Z
1016407_20220510_165943,107544,40.382263,-124.527905,27.752,49.1,159.9,12.2,6.2,9.7,8.6,2022,5,10,16,59,43.55,0.0,0,4,0,24,0.028,0.011,25,2022-05-10T16:59:43.550Z
1016407_20220510_161458,107545,40.382812,-124.527661,27.75,69.8,220.9,9.9,6.9,13.1,7.9,2022,5,10,16,14,58.49,0.0,0,4,0,24,0.018,0.013,25,2022-05-10T16:14:58.490Z
1016407_20220513_231507,107546,40.379122,-124.528605,27.709,-10.4,-188.9,-31.0,7.6,11.8,11.2,2022,5,13,23,15,7.48,0.0,1,3,11,33,0.035,0.017,25,2022-05-13T23:15:07.480Z
1016407_20220522_203355,107547,40.380709,-124.528304,27.668,15.2,-12.7,-72.4,5.8,9.2,8.6,2022,5,22,20,33,55.56,0.0,2,1,4,4,0.037,0.008,25,2022-05-22T20:33:55.560Z
1016407_20220530_014350,107548,40.378369,-124.528931,27.667,-38.0,-272.5,-72.9,4.3,9.2,6.5,2022,5,30,1,43,50.61,0.0,0,4,6,27,0.008,0.023,25,2022-05-30T01:43:50.610Z
1016407_20220811_161920,107556,40.37865,-124.52937,27.728,-75.3,-241.3,-11.9,6.2,17.7,9.4,2022,8,11,16,19,20.36,0.0,1,3,5,15,0.022,0.014,25,2022-08-11T16:19:20.360Z
1016407_20220812_232423,107557,40.379159,-124.528792,27.706,-26.3,-184.8,-33.8,8.4,13.7,13.3,2022,8,12,23,24,23.3,0.0,1,3,11,33,0.026,0.016,25,2022-08-12T23:24:23.300Z
1016407_20220814_125142,107558,40.381335,-124.528638,27.683,-13.1,56.9,-57.0,4.3,6.4,9.2,2022,8,14,12,51,42.48,0.0,3,5,24,34,0.01,0.019,25,2022-08-14T12:51:42.480Z
1016407_20220921_133627,107559,40.382092,-124.528369,27.667,9.7,141.0,-73.3,7.2,12.5,7.5,2022,9,21,13,36,27.5,0.0,3,4,11,15,0.013,0.009,25,2022-09-21T13:36:27.500Z
1016407_20220926_235011,107560,40.380847,-124.528369,27.759,9.7,2.7,18.6,4.8,7.2,7.4,2022,9,26,23,50,11.68,0.0,0,4,0,12,0.007,0.013,25,2022-09-26T23:50:11.680Z
1016407_20220926_230934,107567,40.378324,-124.529012,27.756,-44.9,-277.4,16.2,6.5,11.4,10.0,2022,9,26,23,9,34.08,0.0,0,3,5,15,0.013,0.009,25,2022-09-26T23:09:34.080Z
1016407_20221114_170242,107571,40.378866,-124.529126,27.781,-54.6,-217.3,41.3,6.5,11.5,9.9,2022,11,14,17,2,42.7,0.0,0,3,5,15,0.013,0.011,25,2022-11-14T17:02:42.700Z
1016407,110438,40.381152,-124.528369,27.759,9.7,36.6,19.3,3.6,5.3,5.4,2023,3,4,21,15,32.5,1.55,62,150,23,61,0.016,0.012,25,2023-03-04T21:15:32.500Z
1008280_20210615_044444,104399,40.351624,-124.280444,23.928,1049.4,-1017.5,-3060.1,8.6,12.3,4.1,2021,6,15,4,44,44.84,0.0,2,5,3,30,0.019,0.022,26,2021-06-15T04:44:44.840Z
1008280_20210829_015652,104401,40.353585,-124.279517,23.885,1128.2,-799.7,-3103.8,5.6,10.8,3.8,2021,8,29,1,56,52.46,0.0,1,6,1,47,0.009,0.012,26,2021-08-29T01:56:52.460Z
1008280_20211220_210459,104403,40.35579,-124.278971,23.842,1174.5,-554.8,-3146.6,9.2,5.5,3.8,2021,12,20,21,4,59.24,0.0,1,5,3,39,0.013,0.013,26,2021-12-20T21:04:59.240Z
1008280_20211220_205333,104405,40.353072,-124.279631,23.886,1118.5,-856.7,-3102.7,5.8,7.4,5.3,2021,12,20,20,53,33.72,0.0,1,6,2,47,0.021,0.018,26,2021-12-20T20:53:33.720Z
1008280_20211220_202628,104406,40.354895,-124.272445,23.98,1728.9,-654.2,-3008.8,18.4,5.3,7.8,2021,12,20,20,26,28.16,0.0,1,1,0,18,0.009,0.024,26,2021-12-20T20:26:28.160Z
1008280_20211220_213111,104407,40.35498,-124.276717,23.868,1366.0,-644.8,-3120.8,9.0,11.2,5.2,2021,12,20,21,31,11.8,0.0,4,4,7,30,0.014,0.019,26,2021-12-20T21:31:11.800Z
1008280_20211221_000811,104410,40.354028,-124.278646,23.899,1202.2,-750.5,-3089.7,7.0,4.8,4.3,2021,12,21,0,8,11.88,0.0,0,5,0,42,0.028,0.01,26,2021-12-21T00:08:11.880Z
1008280_20211221_193139,104411,40.355815,-124.277596,23.866,1291.3,-552.1,-3122.4,5.7,4.9,4.3,2021,12,21,19,31,39.84,0.0,0,4,0,27,0.02,0.008,26,2021-12-21T19:31:39.840Z
1008280_20211221_115909,104412,40.356165,-124.275464,23.904,1472.4,-513.3,-3084.4,9.3,3.3,4.2,2021,12,21,11,59,9.74,0.0,3,3,6,7,0.008,0.012,26,2021-12-21T11:59:09.740Z
1008280_20211222_080837,104413,40.353792,-124.279264,23.853,1149.6,-776.7,-3135.6,7.4,7.7,5.6,2021,12,22,8,8,37.87,0.0,1,6,2,45,0.015,0.013,26,2021-12-22T08:08:37.870Z
1008280_20220114_001725,104420,40.353947,-124.279077,23.916,1165.5,-759.5,-3072.4,5.2,12.1,4.8,2022,1,14,0,17,25.8,0.0,0,5,0,45,0.011,0.012,26,2022-01-14T00:17:25.800Z
1008280_20220114_042658,104421,40.354407,-124.277913,23.775,1264.4,-708.5,-3213.9,7.4,4.9,6.2,2022,1,14,4,26,58.77,0.0,1,2,1,3,0.036,0.007,26,2022-01-14T04:26:58.770Z
1008280_20220126_225855,104423,40.359314,-124.282397,23.982,883.4,-163.6,-3006.1,13.3,15.4,8.7,2022,1,26,22,58,55.56,0.0,1,1,0,2,0.015,0.048,26,2022-01-26T22:58:55.560Z
1008280_20221119_204405,104426,40.355115,-124.279574,23.839,1123.4,-629.9,-3149.8,7.1,6.6,4.1,2022,11,19,20,44,5.32,0.0,0,4,0,20,0.006,0.015,26,2022-11-19T20:44:05.320Z
1012569_20200323_063408,107213,40.340422,-124.295532,27.64,-232.3,-2261.4,651.2,10.9,13.6,9.8,2020,3,23,6,34,8.96,0.0,2,2,2,2,0.029,0.006,26,2020-03-23T06:34:08.960Z
1012569_20211201_032346,107215,40.342655,-124.293644,27.587,-71.9,-2013.4,598.7,15.4,14.8,8.6,2021,12,1,3,23,46.48,0.0,1,3,1,3,0.008,0.009,26,2021-12-01T03:23:46.480Z
1012569_20211224_222325,107219,40.334998,-124.298112,27.637,-451.5,-2863.7,648.2,14.5,14.4,6.8,2021,12,24,22,23,25.6,0.0,0,2,0,2,0.001,0.007,26,2021-12-24T22:23:25.600Z
1012569_20220101_102430,107222,40.334208,-124.300928,27.771,-690.7,-2951.4,782.4,15.0,20.4,10.4,2022,1,1,10,24,30.61,0.0,1,1,0,0,0.021,-9.0,26,2022-01-01T10:24:30.610Z
1012569_20220117_073311,107224,40.354016,-124.295809,27.751,-255.8,-751.8,762.2,12.3,18.2,9.4,2022,1,17,7,33,11.26,0.0,1,1,0,0,0.014,-9.0,26,2022-01-17T07:33:11.260Z
1018035_20210311_200604,107232,40.372428,-124.30752,29.432,-1250.4,1292.7,2443.3,5.5,6.6,4.1,2021,3,11,20,6,4.28,0.0,2,3,7,12,0.005,0.012,26,2021-03-11T20:06:04.280Z
1018035_20211103_055804,107235,40.372563,-124.308577,29.415,-1340.2,1307.6,2426.5,7.0,6.9,4.2,2021,11,3,5,58,4.92,0.0,4,4,24,56,0.01,0.015,26,2021-11-03T05:58:04.920Z
1018035_20211220_232736,107243,40.371444,-124.30813,29.434,-1302.2,1183.3,2446.0,7.2,7.2,4.5,2021,12,20,23,27,36.08,0.0,0,4,0,36,0.007,0.016,26,2021-12-20T23:27:36.080Z
1018035_20211220_205016,107244,40.37168,-124.308228,29.428,-1310.5,1209.5,2439.4,6.7,6.2,3.6,2021,12,20,20,50,16.88,0.0,0,4,0,36,0.008,0.015,26,2021-12-20T20:50:16.880Z
1018035_20211220_234145,107245,40.373035,-124.306893,29.428,-1197.2,1360.0,2440.0,7.0,9.1,4.1,2021,12,20,23,41,45.32,0.0,0,4,0,36,0.009,0.016,26,2021-12-20T23:41:45.320Z
1018035_20211220_201710,107246,40.373116,-124.308488,29.429,-1332.6,1369.0,2440.3,7.0,7.4,5.7,2021,12,20,20,17,10.9,0.0,0,4,0,36,0.012,0.019,26,2021-12-20T20:17:10.900Z
1018035_20211220_211130,107247,40.372945,-124.30909,29.431,-1383.8,1350.1,2442.5,9.0,9.4,4.7,2021,12,20,21,11,30.88,0.0,1,4,5,42,0.012,0.018,26,2021-12-20T21:11:30.880Z
1018035_20211221_180123,107254,40.371973,-124.308569,29.426,-1339.6,1242.1,2437.9,7.9,6.7,4.8,2021,12,21,18,1,23.8,0.0,1,3,6,18,0.007,0.005,26,2021-12-21T18:01:23.800Z
1018035_20211221_072552,107256,40.373991,-124.306576,29.398,-1170.2,1466.2,2409.9,6.9,10.1,4.9,2021,12,21,7,25,52.43,0.0,1,4,5,39,0.006,0.026,26,2021-12-21T07:25:52.430Z
1018035_20211221_023443,107257,40.370671,-124.313452,29.696,-1754.3,1097.5,2707.4,12.6,20.3,11.5,2021,12,21,2,34,43.33,0.0,1,2,0,0,0.023,-9.0,26,2021-12-21T02:34:43.330Z
1018035_20211221_130614,107258,40.373739,-124.30625,29.422,-1142.6,1438.2,2433.9,11.8,8.6,5.5,2021,12,21,13,6,14.12,0.0,2,1,8,8,0.018,0.022,26,2021-12-21T13:06:14.120Z
1018035_20211223_191505,107260,40.372534,-124.308529,29.434,-1336.1,1304.4,2445.4,7.6,6.9,3.7,2021,12,23,19,15,5.58,0.0,4,4,25,56,0.013,0.017,26,2021-12-23T19:15:05.580Z
1018035_20211224_123847,107262,40.371818,-124.308545,29.435,-1337.5,1224.9,2446.5,6.9,5.0,4.6,2021,12,24,12,38,47.18,0.0,3,3,19,25,0.008,0.022,26,2021-12-24T12:38:47.180Z
1018035_20211226_021454,107267,40.37465,-124.308016,29.468,-1292.5,1539.4,2479.6,9.0,16.7,9.7,2021,12,26,2,14,54.5,0.0,1,3,5,15,0.032,0.04,26,2021-12-26T02:14:54.500Z
1018035_20220102_135749,107272,40.373364,-124.306006,29.405,-1121.8,1396.6,2416.6,8.0,10.7,4.5,2022,1,2,13,57,49.49,0.0,2,4,14,54,0.01,0.027,26,2022-01-02T13:57:49.490Z
1018035_20220115_122606,107274,40.373311,-124.310824,29.62,-1531.0,1390.7,2631.3,12.2,12.5,12.0,2022,1,15,12,26,6.41,0.0,2,0,3,0,0.009,0.061,26,2022-01-15T12:26:06.410Z
1018035_20220701_014055,107277,40.371895,-124.308089,29.434,-1298.8,1233.5,2445.9,8.1,6.7,4.4,2022,7,1,1,40,55.5,0.0,2,3,12,23,0.006,0.006,26,2022-07-01T01:40:55.500Z
1018035_20220716_233414,107280,40.371741,-124.307837,29.424,-1277.4,1216.3,2435.7,8.8,7.0,4.6,2022,7,16,23,34,14.38,0.0,1,3,6,18,0.008,0.005,26,2022-07-16T23:34:14.380Z
nc73817481_20211221_011623,109841,40.365043,-124.269084,25.675,2014.3,472.6,-1313.8,21.3,5.5,9.9,2021,12,21,1,16,23.24,0.0,2,0,0,0,0.005,-9.0,26,2021-12-21T01:16:23.240Z
nc73817481_20211223_033615,109842,40.360539,-124.269189,25.857,2005.4,-27.6,-1131.3,8.6,7.0,7.2,2021,12,23,3,36,15.69,0.0,2,0,0,0,0.004,-9.0,26,2021-12-23T03:36:15.690Z
nc73817481_20211231_100305,109843,40.359371,-124.263436,25.723,2494.1,-157.2,-1265.0,5.0,7.7,6.8,2021,12,31,10,3,5.08,0.0,3,2,3,0,0.009,0.016,26,2021-12-31T10:03:05.080Z
1008280,110338,40.353296,-124.279508,23.823,1128.9,-831.8,-3165.8,3.7,5.6,3.3,2022,12,19,23,29,6.2,1.05,16,57,9,48,0.017,0.014,26,2022-12-19T23:29:06.200Z
1012569,110427,40.340116,-124.293872,27.668,-91.3,-2295.3,680.1,9.9,12.7,6.7,2022,12,25,7,31,55.09,0.83,5,9,3,7,0.019,0.008,26,2022-12-25T07:31:55.090Z
1018035,110428,40.37137,-124.308431,29.435,-1327.8,1175.2,2446.8,5.5,5.0,3.8,2023,4,29,3,1,22.66,0.62,27,57,25,56,0.013,0.018,26,2023-04-29T03:01:22.660Z
nc73817481,110713,40.359159,-124.265275,25.789,2337.9,-180.7,-1199.4,4.9,4.8,5.7,2022,12,12,1,4,54.62,2.37,7,2,3,6,0.007,0.029,26,2022-12-12T01:04:54.620Z
nc73877095_20200109_134058,102991,40.496143,-124.498836,29.834,-919.0,1997.6,171.4,7.1,9.8,12.6,2020,1,9,13,40,58.74,0.0,1,7,5,41,0.02,0.064,27,2020-01-09T13:40:58.740Z
nc73877095_20201004_065501,102998,40.498145,-124.496623,29.65,-731.4,2219.9,-12.6,13.4,12.5,23.1,2020,10,4,6,55,1.01,0.0,3,6,8,41,0.042,0.061,27,2020-10-04T06:55:01.010Z
nc73877095_20201008_164553,103000,40.490194,-124.49847,29.75,-888.0,1337.0,87.1,7.2,7.1,8.5,2020,10,8,16,45,53.32,0.0,0,2,0,20,0.014,0.097,27,2020-10-08T16:45:53.320Z
nc73877095_20201207_082235,103003,40.493355,-124.500285,29.896,-1041.9,1688.1,232.8,4.1,3.6,9.6,2020,12,7,8,22,35.84,0.0,1,4,4,25,0.01,0.029,27,2020-12-07T08:22:35.840Z
nc73877095_20201217_165232,103004,40.491284,-124.501473,29.949,-1142.6,1458.1,285.9,7.3,12.9,8.2,2020,12,17,16,52,32.66,0.0,0,4,0,27,0.01,0.046,27,2020-12-17T16:52:32.660Z
nc73877095_20201223_125652,103005,40.492676,-124.500651,29.899,-1072.9,1612.6,236.3,5.4,6.0,7.7,2020,12,23,12,56,52.64,0.0,1,3,2,6,0.014,0.008,27,2020-12-23T12:56:52.640Z
nc73877095_20210117_101959,103006,40.495068,-124.499414,29.808,-968.0,1878.3,145.4,5.6,11.3,9.3,2021,1,17,10,19,59.29,0.0,1,6,4,53,0.012,0.045,27,2021-01-17T10:19:59.290Z
nc73877095_20210721_120654,103012,40.491374,-124.501538,29.934,-1148.2,1468.0,270.8,7.1,8.9,7.4,2021,7,21,12,6,54.2,0.0,0,7,0,42,0.024,0.044,27,2021-07-21T12:06:54.200Z
nc73877095_20210804_202142,103015,40.494731,-124.499398,29.876,-966.7,1840.8,213.0,5.5,7.5,8.6,2021,8,4,20,21,43.0,0.0,0,5,0,54,0.011,0.031,27,2021-08-04T20:21:43.000Z
nc73877095_20210805_181232,103016,40.492021,-124.501139,29.831,-1114.3,1539.9,168.4,6.0,7.6,8.0,2021,8,5,18,12,32.98,0.0,0,3,3,9,0.009,0.004,27,2021-08-05T18:12:32.980Z
nc73877095_20210805_165327,103017,40.492061,-124.501017,29.821,-1104.0,1544.4,158.2,6.1,6.8,8.0,2021,8,5,16,53,27.54,0.0,0,3,3,9,0.006,0.004,27,2021-08-05T16:53:27.540Z
nc73877095_20211114_223235,103022,40.492863,-124.500708,29.783,-1077.8,1633.4,120.3,9.7,7.1,8.0,2021,11,14,22,32,35.84,0.0,1,4,3,18,0.023,0.014,27,2021-11-14T22:32:35.840Z
nc73877095_20211127_073225,103023,40.493258,-124.500382,29.948,-1050.2,1677.2,284.9,4.5,5.0,8.6,2021,11,27,7,32,25.32,0.0,2,3,6,14,0.007,0.032,27,2021-11-27T07:32:25.320Z
nc73877095_20211221_171404,103026,40.492395,-124.500838,29.896,-1088.8,1581.4,233.1,4.6,8.6,6.6,2021,12,21,17,14,4.74,0.0,2,10,7,88,0.005,0.038,27,2021-12-21T17:14:04.740Z
nc73877095_20211229_225133,103028,40.491992,-124.500594,29.883,-1068.1,1536.7,220.2,6.6,6.8,9.3,2021,12,29,22,51,33.66,0.0,0,5,3,27,0.016,0.008,27,2021-12-29T22:51:33.660Z
nc73877095_20220123_141402,103029,40.494336,-124.500041,29.823,-1021.2,1797.0,160.1,6.9,9.2,8.6,2022,1,23,14,14,2.4,0.0,0,4,0,24,0.013,0.02,27,2022-01-23T14:14:02.400Z
nc73877095_20220614_145454,103031,40.492456,-124.500252,29.889,-1039.1,1588.2,226.3,6.4,9.2,7.0,2022,6,14,14,54,54.71,0.0,1,10,3,82,0.007,0.039,27,2022-06-14T14:54:54.710Z
nc73877095_20220926_080017,103033,40.494047,-124.499935,29.893,-1012.2,1764.9,230.2,5.0,5.8,6.1,2022,9,26,8,0,17.22,0.0,2,9,8,78,0.004,0.041,27,2022-09-26T08:00:17.220Z
nc73877095_20220926_012509,103034,40.492847,-124.500505,29.808,-1060.5,1631.6,145.5,5.3,7.8,8.0,2022,9,26,1,25,9.92,0.0,5,4,10,19,0.013,0.035,27,2022-09-26T01:25:09.920Z
nc73877095_20220926_034841,103035,40.493001,-124.500513,29.843,-1061.2,1648.8,180.0,4.8,5.4,6.8,2022,9,26,3,48,41.65,0.0,1,4,2,27,0.002,0.015,27,2022-09-26T03:48:41.650Z
nc73818801_20200309_105118,104657,40.466174,-124.479858,30.13,690.1,-1330.2,467.4,9.2,22.3,9.7,2020,3,9,10,51,18.66,0.0,2,1,10,0,0.021,0.117,27,2020-03-09T10:51:18.660Z
nc73818801_20200318_231602,104658,40.462797,-124.476929,29.498,938.6,-1705.2,-164.6,6.2,8.7,8.5,2020,3,18,23,16,2.06,0.0,3,7,30,54,0.03,0.048,27,2020-03-18T23:16:02.060Z
nc73818801_20200320_110912,104659,40.462622,-124.477091,29.453,924.8,-1724.7,-210.0,8.1,8.7,8.9,2020,3,20,11,9,12.35,0.0,2,4,12,25,0.033,0.034,27,2020-03-20T11:09:12.350Z
nc73818801_20200510_154438,104660,40.462354,-124.476489,29.543,975.9,-1754.5,-120.1,6.6,10.0,9.7,2020,5,10,15,44,38.27,0.0,2,8,23,57,0.014,0.051,27,2020-05-10T15:44:38.270Z
nc73818801_20201230_230358,104662,40.46534,-124.472656,29.208,1300.9,-1422.8,-454.9,11.0,30.0,16.7,2020,12,30,23,3,58.6,0.0,2,0,12,14,0.007,0.092,27,2020-12-30T23:03:58.600Z
nc73818801_20201231_131257,104663,40.465308,-124.472778,29.104,1290.5,-1426.5,-558.6,13.2,35.3,19.9,2020,12,31,13,12,57.11,0.0,2,0,14,25,0.01,0.099,27,2020-12-31T13:12:57.110Z
nc73818801_20210624_144508,104665,40.464543,-124.476685,29.471,959.3,-1511.4,-191.4,12.0,11.6,12.0,2021,6,24,14,45,7.99,0.0,0,3,1,3,0.032,0.011,27,2021-06-24T14:45:07.990Z
nc73818801_20210630_185719,104667,40.462907,-124.476693,29.505,958.6,-1693.0,-157.8,7.6,8.9,8.4,2021,6,30,18,57,19.88,0.0,1,4,9,32,0.013,0.045,27,2021-06-30T18:57:19.880Z
nc73818801_20210706_101701,104668,40.464714,-124.475846,29.557,1030.4,-1492.4,-105.7,9.8,9.8,9.5,2021,7,6,10,17,1.84,0.0,1,4,9,41,0.032,0.045,27,2021-07-06T10:17:01.840Z
nc73818801_20210721_112419,104670,40.463375,-124.476774,29.602,951.7,-1641.1,-60.8,10.8,8.2,7.9,2021,7,21,11,24,19.47,0.0,1,3,3,9,0.021,0.017,27,2021-07-21T11:24:19.470Z
nc73818801_20210817_000625,104672,40.462317,-124.478215,29.609,829.6,-1758.6,-54.0,9.1,13.8,8.2,2021,8,17,0,6,25.2,0.0,2,3,11,19,0.027,0.04,27,2021-08-17T00:06:25.200Z
nc73818801_20211023_030005,104676,40.463778,-124.479338,30.055,734.3,-1596.3,391.9,9.4,15.5,13.0,2021,10,23,3,0,5.15,0.0,4,2,14,14,0.025,0.093,27,2021-10-23T03:00:05.150Z
nc73818801_20211103_104027,104677,40.464042,-124.476164,29.388,1003.5,-1567.0,-275.3,9.1,13.6,9.6,2021,11,3,10,40,27.0,0.0,2,4,16,37,0.027,0.047,27,2021-11-03T10:40:27.000Z
nc73818801_20211118_061711,104678,40.462284,-124.478931,29.927,768.8,-1762.2,263.8,11.5,19.8,12.9,2021,11,18,6,17,11.97,0.0,2,1,11,19,0.039,0.081,27,2021-11-18T06:17:11.970Z
nc73818801_20211123_032503,104679,40.46449,-124.475496,29.573,1060.0,-1517.3,-90.2,7.6,11.0,7.4,2021,11,23,3,25,3.29,0.0,1,3,5,15,0.009,0.018,27,2021-11-23T03:25:03.290Z
nc73818801_20211222_014907,104681,40.462073,-124.476603,29.586,966.2,-1785.7,-77.3,5.8,9.1,6.6,2021,12,22,1,49,7.29,0.0,4,9,35,71,0.009,0.051,27,2021-12-22T01:49:07.290Z
nc73818801_20211222_020605,104682,40.462842,-124.476082,29.541,1010.4,-1700.3,-121.9,6.3,9.1,7.5,2021,12,22,2,6,5.13,0.0,2,5,17,49,0.009,0.047,27,2021-12-22T02:06:05.130Z
nc73818801_20220416_083443,104684,40.465658,-124.481763,30.037,528.6,-1387.6,373.9,6.3,14.1,9.1,2022,4,16,8,34,43.74,0.0,2,0,0,0,0.008,-9.0,27,2022-04-16T08:34:43.740Z
nc73818801_20220421_005915,104685,40.457312,-124.472591,29.085,1306.5,-2314.3,-577.8,6.9,23.3,10.6,2022,4,21,0,59,15.83,0.0,3,1,6,3,0.015,0.094,27,2022-04-21T00:59:15.830Z
nc73818801_20220627_174659,104686,40.463314,-124.476644,29.582,962.7,-1647.9,-81.2,8.8,10.6,10.1,2022,6,27,17,46,59.32,0.0,1,5,7,39,0.027,0.022,27,2022-06-27T17:46:59.320Z
nc73818801_20220924_224250,104692,40.463196,-124.476335,29.566,989.0,-1661.0,-96.4,7.5,9.1,8.0,2022,9,24,22,42,50.58,0.0,0,4,0,20,0.008,0.009,27,2022-09-24T22:42:50.580Z
nc73877095,110314,40.493197,-124.499959,29.875,-1014.3,1670.4,212.6,4.6,4.1,7.3,2023,4,23,20,44,41.28,1.76,21,103,23,104,0.017,0.032,27,2023-04-23T20:44:41.280Z
nc73818801,110348,40.462472,-124.476619,29.614,964.8,-1741.4,-49.1,4.9,6.4,6.2,2022,12,15,2,16,4.09,2.47,39,71,37,80,0.022,0.05,27,2022-12-15T02:16:04.090Z
1016701_20200103_020956,100823,40.497115,-124.211466,22.397,-60.0,4.1,-3.4,5.5,2.1,2.7,2020,1,3,2,9,56.02,0.0,0,4,0,12,0.004,0.002,28,2020-01-03T02:09:56.020Z
1016701_20200217_035358,100828,40.497062,-124.211751,22.419,-84.2,-1.8,18.9,6.3,3.7,4.1,2020,2,17,3,53,58.76,0.0,1,2,2,3,0.012,0.004,28,2020-02-17T03:53:58.760Z
1016701_20200314_211105,100832,40.496969,-124.213314,22.421,-216.6,-12.2,20.8,4.1,1.7,2.4,2020,3,14,21,11,5.28,0.0,0,2,0,0,0.0,-9.0,28,2020-03-14T21:11:05.280Z
1016701_20200317_045955,100833,40.497245,-124.209945,22.373,69.0,18.5,-26.8,5.4,4.5,5.4,2020,3,17,4,59,55.42,0.0,1,2,1,1,0.017,0.008,28,2020-03-17T04:59:55.420Z
1016701_20200320_114815,100834,40.497074,-124.210734,22.321,2.1,-0.5,-79.4,6.3,5.7,4.2,2020,3,20,11,48,15.62,0.0,1,1,1,1,0.014,0.008,28,2020-03-20T11:48:15.620Z
1016701_20200908_204029,100861,40.497156,-124.213298,22.522,-215.2,8.6,121.7,5.0,5.6,3.4,2020,9,8,20,40,29.36,0.0,1,3,0,0,0.022,-9.0,28,2020-09-08T20:40:29.360Z
1016701_20200915_230533,100864,40.497095,-124.210278,22.385,40.7,1.8,-15.2,3.7,2.3,2.1,2020,9,15,23,5,33.14,0.0,0,4,0,18,0.003,0.006,28,2020-09-15T23:05:33.140Z
1016701_20201004_234622,100868,40.496997,-124.212736,22.426,-167.6,-9.0,26.3,5.3,2.2,3.2,2020,10,4,23,46,22.94,0.0,0,3,0,23,0.002,0.005,28,2020-10-04T23:46:22.940Z
1016701_20201025_010844,100877,40.497026,-124.21106,22.394,-25.5,-5.9,-6.0,3.0,2.1,3.0,2020,10,25,1,8,44.26,0.0,1,3,0,0,0.006,-9.0,28,2020-10-25T01:08:44.260Z
1016701_20201105_155350,100878,40.49696,-124.213289,22.492,-214.6,-13.1,92.1,5.6,4.8,2.3,2020,11,5,15,53,50.77,0.0,0,3,0,0,0.015,-9.0,28,2020-11-05T15:53:50.770Z
1016701_20201116_184724,100879,40.497017,-124.212622,22.422,-158.0,-6.8,21.9,5.8,1.9,2.7,2020,11,16,18,47,24.72,0.0,0,3,0,23,0.002,0.005,28,2020-11-16T18:47:24.720Z
1016701_20201120_183154,100881,40.497009,-124.212622,22.424,-158.0,-7.7,24.1,5.8,2.1,3.0,2020,11,20,18,31,54.04,0.0,0,3,0,23,0.003,0.005,28,2020-11-20T18:31:54.040Z
1016701_20201201_210434,100882,40.496912,-124.210881,22.37,-10.3,-18.5,-30.4,3.8,2.6,3.3,2020,12,1,21,4,34.36,0.0,1,3,0,0,0.01,-9.0,28,2020-12-01T21:04:34.360Z
1016701_20210313_210153,100895,40.496867,-124.21285,22.402,-177.3,-23.5,2.4,4.7,2.7,3.9,2021,3,13,21,1,53.66,0.0,0,3,0,0,0.003,-9.0,28,2021-03-13T21:01:53.660Z
1016701_20210610_145111,100918,40.497062,-124.211833,22.428,-91.1,-1.8,28.3,4.4,1.7,2.2,2021,6,10,14,51,11.82,0.0,0,3,0,19,0.003,0.004,28,2021-06-10T14:51:11.820Z
1016701_20210615_121812,100919,40.497091,-124.211646,22.42,-75.2,1.4,20.1,3.8,1.7,2.4,2021,6,15,12,18,12.02,0.0,0,3,0,31,0.003,0.004,28,2021-06-15T12:18:12.020Z
1016701_20210629_075055,100922,40.496985,-124.21202,22.412,-106.9,-10.4,11.8,4.0,1.8,2.4,2021,6,29,7,50,55.52,0.0,0,4,0,59,0.003,0.006,28,2021-06-29T07:50:55.520Z
1016701_20210719_213709,100929,40.49718,-124.206169,22.276,389.1,11.3,-124.1,9.4,5.5,6.4,2021,7,19,21,37,9.28,0.0,0,2,0,1,0.02,0.016,28,2021-07-19T21:37:09.280Z
1016701_20210725_135939,100933,40.496989,-124.211995,22.412,-104.9,-9.9,12.1,4.5,1.8,2.3,2021,7,25,13,59,39.48,0.0,0,3,0,28,0.003,0.004,28,2021-07-25T13:59:39.480Z
1016701_20210819_155035,100940,40.497046,-124.211019,22.414,-22.1,-3.6,14.3,5.4,2.8,3.5,2021,8,19,15,50,35.18,0.0,1,3,0,28,0.011,0.009,28,2021-08-19T15:50:35.180Z
1016701_20210819_180155,100942,40.496985,-124.21189,22.426,-95.9,-10.4,26.3,6.3,2.0,2.7,2021,8,19,18,1,55.1,0.0,0,4,0,56,0.006,0.006,28,2021-08-19T18:01:55.100Z
1016701_20211101_013530,100955,40.497026,-124.212354,22.415,-135.2,-5.9,15.5,3.8,1.7,2.4,2021,11,1,1,35,30.02,0.0,0,4,0,55,0.002,0.005,28,2021-11-01T01:35:30.020Z
1016701_20211102_010532,100956,40.496993,-124.211556,22.427,-67.6,-9.5,26.7,7.0,2.0,2.4,2021,11,2,1,5,32.52,0.0,0,3,0,20,0.005,0.005,28,2021-11-02T01:05:32.520Z
1016701_20211112_153824,100957,40.497042,-124.212297,22.416,-130.4,-4.1,16.1,3.5,1.7,2.3,2021,11,12,15,38,24.34,0.0,0,3,0,19,0.002,0.006,28,2021-11-12T15:38:24.340Z
1016701_20211205_054105,100961,40.497249,-124.212386,22.466,-138.0,19.0,66.0,6.1,4.2,4.1,2021,12,5,5,41,5.85,0.0,0,3,2,5,0.01,0.005,28,2021-12-05T05:41:05.850Z
1016701_20211221_075902,100967,40.497164,-124.209408,22.353,114.5,9.5,-46.8,8.1,3.0,4.1,2021,12,21,7,59,2.5,0.0,0,3,0,1,0.006,0.006,28,2021-12-21T07:59:02.500Z
1016701_20211221_031842,100968,40.496891,-124.215674,22.399,-416.7,-20.8,-1.1,8.9,3.6,5.1,2021,12,21,3,18,42.5,0.0,1,2,0,0,0.014,-9.0,28,2021-12-21T03:18:42.500Z
1016701_20220127_164844,100979,40.496993,-124.21259,22.42,-155.2,-9.5,19.6,4.3,2.0,2.7,2022,1,27,16,48,44.92,0.0,0,3,0,24,0.002,0.006,28,2022-01-27T16:48:44.920Z
1016701_20220213_164850,100982,40.497099,-124.209977,22.384,66.2,2.3,-16.1,5.3,2.3,2.5,2022,2,13,16,48,50.86,0.0,0,4,0,1,0.005,0.016,28,2022-02-13T16:48:50.860Z
1016701_20220404_211628,100990,40.497103,-124.212834,22.433,-175.9,2.7,33.4,6.7,2.3,2.4,2022,4,4,21,16,28.2,0.0,0,3,0,24,0.003,0.009,28,2022-04-04T21:16:28.200Z
1016701_20220407_034203,100995,40.497135,-124.210563,22.398,16.6,6.3,-2.2,3.0,2.3,2.7,2022,4,7,3,42,3.14,0.0,0,4,0,12,0.004,0.005,28,2022-04-07T03:42:03.140Z
1016701_20220412_170536,100997,40.496985,-124.212044,22.413,-109.0,-10.4,13.1,4.8,1.8,2.3,2022,4,12,17,5,36.82,0.0,0,3,0,20,0.003,0.004,28,2022-04-12T17:05:36.820Z
1016701_20220412_131903,100998,40.497021,-124.212492,22.438,-146.9,-6.3,37.5,7.4,2.8,2.7,2022,4,12,13,19,3.3,0.0,0,3,0,24,0.006,0.006,28,2022-04-12T13:19:03.300Z
1016701_20220415_025816,100999,40.497392,-124.210482,22.41,23.5,34.8,9.8,5.6,4.0,6.3,2022,4,15,2,58,16.61,0.0,2,3,2,4,0.017,0.005,28,2022-04-15T02:58:16.610Z
1016701_20220625_043537,101004,40.497066,-124.210596,22.397,13.8,-1.4,-3.1,3.9,2.0,2.9,2022,6,25,4,35,37.88,0.0,0,4,0,0,0.004,-9.0,28,2022-06-25T04:35:37.880Z
1016701_20220724_035706,101008,40.49703,-124.212386,22.419,-138.0,-5.4,19.3,3.4,1.9,2.5,2022,7,24,3,57,6.42,0.0,0,3,0,20,0.002,0.007,28,2022-07-24T03:57:06.420Z
1016701_20220808_061814,101009,40.497103,-124.209684,22.384,91.1,2.7,-16.1,5.3,2.6,3.3,2022,8,8,6,18,14.54,0.0,1,2,2,4,0.001,0.004,28,2022-08-08T06:18:14.540Z
1016701_20220829_030712,101011,40.496993,-124.211523,22.426,-64.8,-9.5,26.4,6.9,2.0,2.4,2022,8,29,3,7,12.16,0.0,0,3,0,12,0.005,0.004,28,2022-08-29T03:07:12.160Z
1016701_20220912_065605,101015,40.497062,-124.211898,22.428,-96.6,-1.8,27.6,7.0,2.2,2.5,2022,9,12,6,56,5.88,0.0,0,3,0,24,0.003,0.006,28,2022-09-12T06:56:05.880Z
1016701_20220914_080043,101016,40.497107,-124.207821,22.367,249.0,3.2,-32.7,9.2,4.4,5.7,2022,9,14,8,0,43.76,0.0,0,2,2,3,0.005,0.004,28,2022-09-14T08:00:43.760Z
1016701_20221127_045537,101020,40.497245,-124.21285,22.442,-177.3,18.5,42.3,6.7,3.1,3.9,2022,11,27,4,55,37.97,0.0,0,2,2,5,0.004,0.006,28,2022-11-27T04:55:37.970Z
1016701,110292,40.497144,-124.209896,22.392,73.1,7.2,-7.9,1.9,1.7,2.3,2023,3,16,13,57,14.25,1.04,11,121,0,1,0.009,0.006,28,2023-03-16T13:57:14.250Z
nc73867635_20200113_055409,102795,40.455473,-124.684318,26.619,-87.7,-244.4,1029.2,8.2,10.3,14.9,2020,1,13,5,54,9.2,0.0,2,3,25,44,0.025,0.051,29,2020-01-13T05:54:09.200Z
nc73867635_20200229_071532,102796,40.459847,-124.683382,25.415,-8.3,241.3,-174.9,6.9,7.8,20.2,2020,2,29,7,15,32.81,0.0,1,4,5,22,0.021,0.064,29,2020-02-29T07:15:32.810Z
nc73867635_20200319_022540,102799,40.456694,-124.684692,26.829,-119.4,-108.9,1239.5,8.8,12.3,22.5,2020,3,19,2,25,40.45,0.0,0,2,10,11,0.002,0.101,29,2020-03-19T02:25:40.450Z
nc73867635_20200423_153130,102801,40.458468,-124.681641,23.773,139.4,88.1,-1817.2,7.3,8.4,8.7,2020,4,23,15,31,30.43,0.0,1,2,0,0,0.013,-9.0,29,2020-04-23T15:31:30.430Z
nc73867635_20200509_102813,102802,40.456352,-124.677368,22.765,501.8,-146.8,-2825.1,25.2,33.9,30.7,2020,5,9,10,28,13.14,0.0,0,0,14,12,-9.0,0.038,29,2020-05-09T10:28:13.140Z
nc73867635_20200606_155241,102803,40.454435,-124.684351,25.119,-90.4,-359.7,-470.9,10.6,16.5,32.9,2020,6,6,15,52,41.48,0.0,2,6,26,84,0.026,0.05,29,2020-06-06T15:52:41.480Z
nc73867635_20201021_100609,102805,40.453906,-124.685002,26.3,-145.7,-418.4,710.3,8.3,13.7,23.9,2020,10,21,10,6,9.82,0.0,2,2,16,16,0.027,0.085,29,2020-10-21T10:06:09.820Z
nc73867635_20201120_215121,102806,40.45931,-124.682918,25.243,31.1,181.6,-346.9,6.3,10.8,19.8,2020,11,20,21,51,21.4,0.0,5,5,53,92,0.011,0.06,29,2020-11-20T21:51:21.400Z
nc73867635_20210226_035250,102808,40.455029,-124.685921,26.729,-223.7,-293.7,1139.4,9.3,6.5,31.6,2021,2,26,3,52,50.77,0.0,4,2,41,72,0.035,0.084,29,2021-02-26T03:52:50.770Z
nc73867635_20210312_015952,102810,40.452295,-124.684619,25.935,-113.2,-597.3,344.7,8.5,12.9,26.1,2021,3,12,1,59,52.85,0.0,0,5,0,92,0.012,0.061,29,2021-03-12T01:59:52.850Z
nc73867635_20210514_175534,102814,40.454468,-124.68422,26.253,-79.4,-356.0,662.8,8.8,13.1,16.7,2021,5,14,17,55,34.12,0.0,1,3,12,36,0.023,0.057,29,2021-05-14T17:55:34.120Z
nc73867635_20210702_032206,102816,40.454871,-124.684237,25.271,-80.8,-311.3,-319.4,5.2,11.7,20.3,2021,7,2,3,22,6.06,0.0,0,4,0,52,0.007,0.047,29,2021-07-02T03:22:06.060Z
nc73867635_20210706_170325,102817,40.460132,-124.682389,24.826,75.9,272.9,-764.4,5.9,11.3,27.3,2021,7,6,17,3,25.08,0.0,1,7,19,105,0.012,0.059,29,2021-07-06T17:03:25.080Z
nc73867635_20210706_173837,102818,40.45789,-124.682943,24.675,29.0,23.9,-915.1,6.5,9.6,28.2,2021,7,6,17,38,37.16,0.0,6,7,49,127,0.013,0.057,29,2021-07-06T17:38:37.160Z
nc73867635_20210712_032222,102819,40.457772,-124.683171,25.311,9.7,10.8,-278.7,4.6,7.3,17.3,2021,7,12,3,22,22.52,0.0,0,4,0,56,0.003,0.045,29,2021-07-12T03:22:22.520Z
nc73867635_20210727_133306,102821,40.45885,-124.682902,24.641,32.4,130.6,-948.9,6.2,10.7,28.3,2021,7,27,13,33,6.19,0.0,6,6,58,123,0.01,0.052,29,2021-07-27T13:33:06.190Z
nc73867635_20210902_001043,102824,40.455562,-124.684961,25.784,-142.2,-234.5,193.6,9.0,12.0,26.3,2021,9,2,0,10,43.42,0.0,8,8,74,152,0.032,0.06,29,2021-09-02T00:10:43.420Z
nc73867635_20210902_124116,102825,40.454529,-124.684473,24.993,-100.8,-349.3,-596.8,7.6,13.5,33.5,2021,9,2,12,41,16.84,0.0,1,4,13,68,0.019,0.052,29,2021-09-02T12:41:16.840Z
nc73867635_20211027_220136,102826,40.458154,-124.683016,25.411,22.8,53.3,-179.1,4.7,7.7,16.2,2021,10,27,22,1,36.76,0.0,0,4,0,52,0.002,0.048,29,2021-10-27T22:01:36.760Z
nc73867635_20211116_033025,102827,40.453878,-124.684595,25.496,-111.1,-421.6,-94.5,5.7,13.2,17.2,2021,11,16,3,30,25.88,0.0,0,4,0,60,0.007,0.055,29,2021-11-16T03:30:25.880Z
nc73867635_20220225_050550,102831,40.459383,-124.682837,24.832,38.0,189.8,-757.5,8.2,10.4,25.3,2022,2,25,5,5,50.6,0.0,3,4,22,63,0.015,0.071,29,2022-02-25T05:05:50.600Z
nc73867635_20220312_095709,102832,40.459786,-124.68348,24.926,-16.6,234.5,-663.6,9.6,9.2,29.8,2022,3,12,9,57,9.32,0.0,2,6,24,81,0.022,0.058,29,2022-03-12T09:57:09.320Z
nc73867635_20220423_214105,102834,40.457845,-124.683325,25.243,-3.5,19.0,-346.5,8.3,12.5,30.6,2022,4,23,21,41,5.66,0.0,0,4,0,44,0.005,0.036,29,2022-04-23T21:41:05.660Z
nc73867635_20220425_101730,102835,40.454647,-124.684562,25.469,-108.4,-336.2,-121.2,8.3,17.0,28.3,2022,4,25,10,17,30.14,0.0,6,8,51,91,0.028,0.068,29,2022-04-25T10:17:30.140Z
nc73867635_20220426_182106,102836,40.451367,-124.684863,26.048,-133.9,-700.3,458.0,8.0,11.4,24.8,2022,4,26,18,21,6.92,0.0,0,3,0,56,0.002,0.074,29,2022-04-26T18:21:06.920Z
nc73867635_20220429_215216,102837,40.454407,-124.684041,25.163,-64.2,-362.8,-427.0,10.7,17.6,27.8,2022,4,29,21,52,16.48,0.0,2,7,25,120,0.026,0.046,29,2022-04-29T21:52:16.480Z
nc73867635_20220507_113607,102838,40.45859,-124.68304,25.357,20.7,101.7,-233.1,7.7,7.3,20.7,2022,5,7,11,36,7.22,0.0,1,3,13,37,0.011,0.045,29,2022-05-07T11:36:07.220Z
nc73867635_20220526_175708,102839,40.453459,-124.684294,25.36,-85.6,-468.1,-229.5,5.1,15.4,23.2,2022,5,26,17,57,8.84,0.0,1,4,14,70,0.007,0.068,29,2022-05-26T17:57:08.840Z
nc73867635_20220611_225325,102840,40.458838,-124.682869,25.166,35.2,129.2,-424.1,6.4,10.0,19.0,2022,6,11,22,53,25.8,0.0,4,7,35,69,0.01,0.05,29,2022-06-11T22:53:25.800Z
nc73867635_20220612_084432,102841,40.458842,-124.683146,25.433,11.7,129.7,-157.5,7.5,7.8,20.9,2022,6,12,8,44,32.24,0.0,1,3,11,33,0.011,0.041,29,2022-06-12T08:44:32.240Z
nc73867635_20220623_214042,102842,40.458126,-124.683228,25.209,4.8,50.2,-381.4,5.6,8.3,18.7,2022,6,23,21,40,42.28,0.0,5,7,47,114,0.006,0.051,29,2022-06-23T21:40:42.280Z
nc73867635_20220728_015012,102843,40.458858,-124.682967,25.519,26.9,131.5,-70.6,5.8,10.0,17.3,2022,7,28,1,50,12.77,0.0,6,10,43,117,0.011,0.054,29,2022-07-28T01:50:12.770Z
nc73867635_20220728_204941,102844,40.457524,-124.683114,25.217,14.5,-16.7,-372.7,5.6,7.4,18.5,2022,7,28,20,49,41.48,0.0,8,11,36,104,0.012,0.045,29,2022-07-28T20:49:41.480Z
nc73867635_20220903_190025,102847,40.456555,-124.685555,25.942,-192.6,-124.3,352.0,13.1,15.3,42.6,2022,9,3,19,0,25.48,0.0,4,5,28,98,0.054,0.079,29,2022-09-03T19:00:25.480Z
nc73867635_20220924_155546,102849,40.453923,-124.684375,25.142,-92.5,-416.6,-447.8,5.7,13.0,21.4,2022,9,24,15,55,46.16,0.0,0,4,0,56,0.009,0.053,29,2022-09-24T15:55:46.160Z
nc73867635_20221009_002947,102850,40.458988,-124.682951,25.225,28.3,145.9,-364.8,6.7,8.8,22.9,2022,10,9,0,29,47.67,0.0,1,5,10,76,0.008,0.062,29,2022-10-09T00:29:47.670Z
nc73867635_20221111_224319,102852,40.455025,-124.684424,26.056,-96.6,-294.1,465.7,11.0,16.1,28.4,2022,11,11,22,43,19.72,0.0,4,6,34,98,0.037,0.054,29,2022-11-11T22:43:19.720Z
nc73867635_20221111_120543,102853,40.459452,-124.683024,25.593,22.1,197.5,2.9,6.6,10.2,18.9,2022,11,11,12,5,43.37,0.0,2,4,17,43,0.009,0.053,29,2022-11-11T12:05:43.370Z
nc73867635_20221119_170106,102854,40.458219,-124.683195,24.375,7.6,60.5,-1214.6,5.6,8.4,44.2,2022,11,19,17,1,6.2,0.0,5,5,59,95,0.01,0.052,29,2022-11-19T17:01:06.200Z
nc73867635_20221129_185955,102855,40.457536,-124.682829,25.798,38.7,-15.4,207.6,10.7,14.9,28.1,2022,11,29,18,59,55.8,0.0,2,5,26,85,0.022,0.03,29,2022-11-29T18:59:55.800Z
nc73867635,110306,40.458948,-124.682699,25.739,49.7,141.4,149.4,4.2,5.6,16.2,2023,4,5,22,10,57.76,1.92,97,193,0,0,0.021,-9.0,29,2023-04-05T22:10:57.760Z
1014939_20200103_155751,100575,40.369096,-124.459725,17.746,-775.5,-633.0,-812.6,1.9,2.8,2.6,2020,1,3,15,57,51.55,0.0,4,6,28,68,0.007,0.008,30,2020-01-03T15:57:51.550Z
1014939_20200114_010931,100576,40.365332,-124.458252,17.11,-650.4,-1051.0,-1449.3,5.2,11.9,6.8,2020,1,14,1,9,31.27,0.0,1,1,0,0,0.004,-9.0,30,2020-01-14T01:09:31.270Z
1014939_20200216_023806,100577,40.368709,-124.45992,17.721,-792.1,-675.9,-837.8,2.4,3.4,1.8,2020,2,16,2,38,6.77,0.0,0,4,0,40,0.009,0.006,30,2020-02-16T02:38:06.770Z
1014939_20200228_074709,100578,40.368331,-124.459749,17.769,-777.6,-718.0,-789.9,1.7,3.9,1.8,2020,2,28,7,47,9.13,0.0,1,4,12,49,0.009,0.007,30,2020-02-28T07:47:09.130Z
1014939_20200324_201018,100580,40.368416,-124.459814,17.748,-783.1,-708.5,-811.3,2.4,2.0,3.3,2020,3,24,20,10,18.92,0.0,1,3,13,58,0.009,0.008,30,2020-03-24T20:10:18.920Z
1014939_20200504_104142,100581,40.369421,-124.459465,17.711,-753.4,-596.9,-847.9,3.8,5.9,4.5,2020,5,4,10,41,42.84,0.0,2,5,18,69,0.011,0.011,30,2020-05-04T10:41:42.840Z
1014939_20200513_051145,100582,40.364998,-124.458952,17.75,-709.8,-1088.0,-809.3,1.7,3.7,2.9,2020,5,13,5,11,45.52,0.0,0,1,0,2,0.0,0.002,30,2020-05-13T05:11:45.520Z
1014939_20200609_104706,100583,40.368404,-124.459733,17.758,-776.2,-709.8,-801.1,1.5,2.7,1.9,2020,6,9,10,47,6.13,0.0,2,3,19,36,0.003,0.006,30,2020-06-09T10:47:06.130Z
1014939_20200613_070834,100584,40.368079,-124.459823,17.751,-783.8,-746.0,-807.4,1.6,2.3,2.2,2020,6,13,7,8,34.33,0.0,5,7,31,83,0.007,0.007,30,2020-06-13T07:08:34.330Z
1014939_20200820_184055,100587,40.368327,-124.459977,17.734,-796.9,-718.4,-825.2,1.6,2.5,3.3,2020,8,20,18,40,55.16,0.0,2,4,24,59,0.009,0.006,30,2020-08-20T18:40:55.160Z
1014939_20200912_215444,100588,40.369088,-124.459717,17.792,-774.8,-633.9,-767.3,2.9,4.9,2.0,2020,9,12,21,54,44.72,0.0,1,6,11,83,0.008,0.008,30,2020-09-12T21:54:44.720Z
1014939_20200912_213716,100589,40.369137,-124.459587,17.79,-763.7,-628.5,-768.6,3.2,5.3,2.3,2020,9,12,21,37,16.06,0.0,1,6,10,76,0.008,0.009,30,2020-09-12T21:37:16.060Z
1014939_20201129_172414,100590,40.368038,-124.459814,17.714,-783.1,-750.5,-845.3,1.8,3.0,3.3,2020,11,29,17,24,14.04,0.0,4,7,50,117,0.009,0.009,30,2020-11-29T17:24:14.040Z
1014939_20210417_102749,100591,40.368042,-124.459985,17.782,-797.6,-750.0,-776.5,1.7,2.0,2.0,2021,4,17,10,27,49.58,0.0,1,3,13,39,0.002,0.007,30,2021-04-17T10:27:49.580Z
1014939_20210426_214639,100592,40.367928,-124.459806,17.772,-782.4,-762.7,-787.2,2.3,2.4,2.0,2021,4,26,21,46,39.18,0.0,2,5,26,63,0.009,0.006,30,2021-04-26T21:46:39.180Z
1014939_20210511_121344,100593,40.368127,-124.460083,17.769,-805.9,-740.6,-790.3,1.6,2.1,2.2,2021,5,11,12,13,44.61,0.0,2,6,25,76,0.006,0.008,30,2021-05-11T12:13:44.610Z
1014939_20210520_013527,100594,40.367826,-124.459993,17.731,-798.3,-774.0,-827.7,1.9,3.1,3.2,2021,5,20,1,35,27.0,0.0,1,4,15,60,0.008,0.006,30,2021-05-20T01:35:27.000Z
1014939_20210615_112724,100595,40.368599,-124.460645,17.691,-853.6,-688.1,-868.0,2.5,4.4,2.3,2021,6,15,11,27,24.77,0.0,5,8,33,89,0.007,0.008,30,2021-06-15T11:27:24.770Z
1014939_20210615_113108,100596,40.36827,-124.460156,17.732,-812.1,-724.7,-826.5,2.2,4.1,2.3,2021,6,15,11,31,7.99,0.0,5,6,54,113,0.005,0.007,30,2021-06-15T11:31:07.990Z
1014939_20210615_115852,100597,40.368136,-124.46014,17.719,-810.7,-739.6,-840.1,2.0,2.3,2.6,2021,6,15,11,58,52.47,0.0,4,7,34,96,0.007,0.007,30,2021-06-15T11:58:52.470Z
1014939_20210615_130916,100598,40.368449,-124.460091,17.74,-806.6,-704.9,-818.8,1.4,2.6,2.2,2021,6,15,13,9,16.29,0.0,3,5,30,79,0.005,0.006,30,2021-06-15T13:09:16.290Z
1014939_20210812_115012,100600,40.368388,-124.46027,17.714,-821.8,-711.6,-845.3,2.1,4.0,2.4,2021,8,12,11,50,12.17,0.0,5,7,42,103,0.006,0.007,30,2021-08-12T11:50:12.170Z
1014939_20210915_032107,100602,40.369389,-124.460107,17.73,-808.0,-600.5,-829.0,2.5,2.9,2.6,2021,9,15,3,21,7.31,0.0,5,8,38,91,0.009,0.011,30,2021-09-15T03:21:07.310Z
1014939_20210924_081517,100603,40.36731,-124.460205,17.766,-816.3,-831.4,-792.9,3.7,5.5,3.3,2021,9,24,8,15,17.11,0.0,0,5,0,73,0.023,0.008,30,2021-09-24T08:15:17.110Z
1014939_20211010_164624,100604,40.36838,-124.459196,17.674,-730.6,-712.5,-884.7,2.1,2.9,1.6,2021,10,10,16,46,24.14,0.0,0,2,5,13,0.004,0.01,30,2021-10-10T16:46:24.140Z
1014939_20211029_012455,100605,40.368461,-124.460238,17.714,-819.0,-703.5,-844.7,1.9,2.4,2.9,2021,10,29,1,24,55.02,0.0,0,4,0,32,0.005,0.005,30,2021-10-29T01:24:55.020Z
1014939_20211108_104150,100606,40.368555,-124.460262,17.682,-821.1,-693.1,-877.1,1.6,3.1,2.2,2021,11,8,10,41,50.82,0.0,0,4,0,32,0.005,0.005,30,2021-11-08T10:41:50.820Z
1014939_20211115_014635,100607,40.368778,-124.460083,17.743,-805.9,-668.3,-816.1,2.8,2.4,2.0,2021,11,15,1,46,35.43,0.0,2,6,21,96,0.011,0.011,30,2021-11-15T01:46:35.430Z
1014939_20211231_100437,100610,40.371012,-124.457365,17.672,-575.0,-420.2,-887.0,6.7,8.3,6.2,2021,12,31,10,4,36.96,0.0,0,2,0,0,0.015,-9.0,30,2021-12-31T10:04:36.960Z
1014939_20220322_110435,100611,40.369076,-124.459847,17.779,-785.8,-635.3,-779.9,2.8,4.6,3.8,2022,3,22,11,4,35.78,0.0,0,6,11,87,0.012,0.009,30,2022-03-22T11:04:35.780Z
1014939_20220605_082159,100612,40.36984,-124.459652,17.737,-769.2,-550.3,-821.7,2.5,5.3,2.5,2022,6,5,8,21,59.31,0.0,4,8,36,91,0.006,0.012,30,2022-06-05T08:21:59.310Z
1014939_20220817_050621,100613,40.368827,-124.459855,17.716,-786.5,-662.8,-842.4,2.7,4.2,3.0,2022,8,17,5,6,21.79,0.0,0,6,0,78,0.009,0.008,30,2022-08-17T05:06:21.790Z
1014939_20220821_055108,100614,40.366549,-124.460376,17.721,-830.8,-915.9,-837.7,3.1,3.4,2.6,2022,8,21,5,51,8.07,0.0,2,3,22,47,0.018,0.021,30,2022-08-21T05:51:08.070Z
1014939_20221025_212054,100615,40.367855,-124.460034,17.738,-801.7,-770.8,-820.3,2.4,2.8,3.7,2022,10,25,21,20,54.62,0.0,3,5,38,95,0.007,0.007,30,2022-10-25T21:20:54.620Z
1015795_20211004_071343,106864,40.417489,-124.40813,24.688,3605.1,4740.6,6129.4,3.3,8.3,5.1,2021,10,4,7,13,43.68,0.0,1,0,2,2,0.0,0.001,30,2021-10-04T07:13:43.680Z
1015795_20211221_233558,106865,40.407678,-124.412777,25.357,3210.9,3651.2,6798.5,3.7,7.6,3.1,2021,12,21,23,35,58.82,0.0,1,1,0,0,0.0,-9.0,30,2021-12-21T23:35:58.820Z
1015795_20221122_230532,106871,40.41766,-124.408366,24.663,3585.1,4759.6,6104.1,3.1,8.4,4.9,2022,11,22,23,5,32.7,0.0,1,0,2,2,0.0,0.001,30,2022-11-22T23:05:32.700Z
nc73845301_20211222_015955,109433,40.41213,-124.399137,19.904,4368.8,4145.6,1345.5,3.8,3.7,3.4,2021,12,22,1,59,55.34,0.0,3,4,4,6,0.012,0.009,30,2021-12-22T01:59:55.340Z
nc73845301_20220416_210859,109434,40.412606,-124.39908,19.832,4373.6,4198.4,1272.7,3.4,3.9,3.3,2022,4,16,21,8,59.96,0.0,2,3,2,4,0.008,0.01,30,2022-04-16T21:08:59.960Z
1014939,110289,40.36873,-124.46049,17.725,-840.4,-673.7,-834.1,1.4,2.1,2.1,2023,1,26,21,33,28.9,1.26,68,167,45,123,0.009,0.007,30,2023-01-26T21:33:28.900Z
1015795,110418,40.403658,-124.421248,25.057,2491.7,3204.8,6498.3,2.8,7.8,3.0,2023,2,15,12,9,12.71,0.98,3,1,0,0,0.0,-9.0,30,2023-02-15T12:09:12.710Z
nc73845301,110621,40.413501,-124.396891,19.97,4559.4,4297.8,1411.1,3.7,3.6,3.3,2023,2,12,15,30,31.98,3.14,5,7,4,4,0.01,0.013,30,2023-02-12T15:30:31.980Z
1018061_20200326_092053,108116,40.731523,-124.222005,20.902,42.6,-195.7,-48.1,29.6,56.7,48.5,2020,3,26,9,20,53.18,0.0,1,2,0,0,0.036,-9.0,31,2020-03-26T09:20:53.180Z
1018061_20200413_224144,108117,40.733468,-124.222428,20.93,6.9,20.3,-20.5,28.5,21.6,25.4,2020,4,13,22,41,44.48,0.0,2,4,0,0,0.008,-9.0,31,2020-04-13T22:41:44.480Z
1018061_20200601_030325,108121,40.733289,-124.222298,20.944,17.9,0.5,-5.8,30.6,19.6,17.3,2020,6,1,3,3,25.7,0.0,4,4,0,0,0.005,-9.0,31,2020-06-01T03:03:25.700Z
1018061_20210706_092532,108124,40.733012,-124.223381,21.031,-73.6,-30.3,81.0,45.8,32.7,46.8,2021,7,6,9,25,32.09,0.0,1,3,0,0,0.016,-9.0,31,2021-07-06T09:25:32.090Z
1018061_20210707_085627,108125,40.73313,-124.223405,20.996,-75.6,-17.2,46.5,42.0,28.0,42.2,2021,7,7,8,56,27.36,0.0,3,3,0,0,0.017,-9.0,31,2021-07-07T08:56:27.360Z
1018061_20210707_085758,108126,40.733024,-124.22321,21.023,-59.1,-28.9,72.8,40.8,29.7,40.2,2021,7,7,8,57,58.97,0.0,1,3,0,0,0.012,-9.0,31,2021-07-07T08:57:58.970Z
1018061_20210707_085742,108127,40.733069,-124.223088,21.011,-48.8,-23.9,60.8,34.6,26.5,33.8,2021,7,7,8,57,42.96,0.0,1,3,0,0,0.013,-9.0,31,2021-07-07T08:57:42.960Z
1018061_20210717_081624,108128,40.733097,-124.223332,21.005,-69.4,-20.8,55.0,37.4,27.5,41.7,2021,7,17,8,16,24.48,0.0,3,3,0,0,0.012,-9.0,31,2021-07-17T08:16:24.480Z
1018061_20210717_080506,108129,40.733093,-124.223364,21.007,-72.2,-21.2,57.1,37.8,28.0,41.6,2021,7,17,8,5,6.82,0.0,3,3,0,0,0.016,-9.0,31,2021-07-17T08:05:06.820Z
1018061_20210717_080438,108130,40.733016,-124.223234,21.022,-61.2,-29.8,72.0,41.6,27.7,40.6,2021,7,17,8,4,38.29,0.0,1,3,0,0,0.012,-9.0,31,2021-07-17T08:04:38.290Z
1018061_20210913_124756,108133,40.733382,-124.221948,20.906,47.4,10.8,-43.9,38.7,29.6,29.6,2021,9,13,12,47,56.56,0.0,2,3,0,0,0.015,-9.0,31,2021-09-13T12:47:56.560Z
1018061_20210925_193349,108135,40.73335,-124.222038,20.924,39.9,7.2,-26.5,35.1,17.3,26.6,2021,9,25,19,33,49.66,0.0,4,5,0,0,0.007,-9.0,31,2021-09-25T19:33:49.660Z
1018061_20210925_193213,108136,40.733407,-124.22216,20.916,29.6,13.6,-34.1,33.7,17.5,23.9,2021,9,25,19,32,13.96,0.0,2,3,0,0,0.008,-9.0,31,2021-09-25T19:32:13.960Z
1018061_20210925_210854,108137,40.733407,-124.222274,20.925,19.9,13.6,-24.7,28.8,20.4,25.1,2021,9,25,21,8,54.76,0.0,1,3,0,0,0.006,-9.0,31,2021-09-25T21:08:54.760Z
1018061_20210925_225156,108138,40.733366,-124.222192,20.911,26.8,9.0,-39.5,34.4,21.9,33.2,2021,9,25,22,51,56.34,0.0,3,2,0,0,0.005,-9.0,31,2021-09-25T22:51:56.340Z
1018061_20210926_022906,108140,40.733289,-124.222078,20.918,36.4,0.5,-32.1,32.8,18.0,26.1,2021,9,26,2,29,6.56,0.0,1,3,0,0,0.007,-9.0,31,2021-09-26T02:29:06.560Z
1018061_20211002_141950,108144,40.733386,-124.222144,20.923,30.9,11.3,-26.7,29.9,18.4,23.9,2021,10,2,14,19,50.94,0.0,3,4,0,0,0.005,-9.0,31,2021-10-02T14:19:50.940Z
1018061_20211002_151822,108145,40.733386,-124.222127,20.923,32.3,11.3,-27.1,30.1,18.1,22.5,2021,10,2,15,18,22.94,0.0,3,4,0,0,0.005,-9.0,31,2021-10-02T15:18:22.940Z
1018061_20211002_135100,108147,40.733374,-124.222135,20.924,31.6,9.9,-25.9,29.1,15.6,21.3,2021,10,2,13,51,0.98,0.0,2,3,0,0,0.005,-9.0,31,2021-10-02T13:51:00.980Z
1018061_20211010_105712,108148,40.733085,-124.223275,21.01,-64.6,-22.1,59.7,36.7,30.7,44.6,2021,10,10,10,57,12.44,0.0,2,3,0,0,0.014,-9.0,31,2021-10-10T10:57:12.440Z
1018061_20211010_095655,108149,40.733207,-124.223047,20.988,-45.4,-8.6,37.6,28.5,20.9,20.1,2021,10,10,9,56,55.34,0.0,1,3,0,0,0.022,-9.0,31,2021-10-10T09:56:55.340Z
1018061_20211010_120307,108150,40.733158,-124.223503,21.028,-83.9,-14.0,77.7,39.3,29.0,44.7,2021,10,10,12,3,7.71,0.0,2,3,0,0,0.015,-9.0,31,2021-10-10T12:03:07.710Z
1018061_20211018_050930,108160,40.733366,-124.221908,20.896,50.9,9.0,-53.8,36.6,22.4,35.4,2021,10,18,5,9,30.78,0.0,2,2,0,0,0.007,-9.0,31,2021-10-18T05:09:30.780Z
1018061_20211208_213120,108162,40.733337,-124.222176,20.93,28.2,5.9,-20.1,32.1,15.5,21.5,2021,12,8,21,31,20.56,0.0,2,4,0,0,0.008,-9.0,31,2021-12-08T21:31:20.560Z
1018061_20220323_035343,108164,40.733761,-124.221208,20.816,110.0,52.9,-134.0,67.8,28.2,49.0,2022,3,23,3,53,43.39,0.0,2,1,0,0,0.023,-9.0,31,2022-03-23T03:53:43.390Z
1018061_20220325_191529,108165,40.733073,-124.222469,20.955,3.4,-23.5,5.0,27.9,28.8,34.3,2022,3,25,19,15,29.16,0.0,1,3,0,0,0.013,-9.0,31,2022-03-25T19:15:29.160Z
1018061_20220325_142733,108166,40.73324,-124.222428,20.968,6.9,-5.0,18.2,31.4,35.1,33.0,2022,3,25,14,27,33.32,0.0,2,2,0,0,0.025,-9.0,31,2022-03-25T14:27:33.320Z
1018061_20220325_144208,108167,40.733321,-124.222306,20.944,17.2,4.1,-6.1,37.4,21.2,32.9,2022,3,25,14,42,8.76,0.0,2,2,0,0,0.01,-9.0,31,2022-03-25T14:42:08.760Z
1018061_20220325_115044,108168,40.73335,-124.222363,20.968,12.4,7.2,17.9,41.4,37.6,32.6,2022,3,25,11,50,44.72,0.0,2,2,0,0,0.018,-9.0,31,2022-03-25T11:50:44.720Z
1018061_20220326_041316,108169,40.733138,-124.222388,20.95,10.3,-16.3,0.5,33.8,27.1,27.3,2022,3,26,4,13,16.34,0.0,2,3,0,0,0.016,-9.0,31,2022-03-26T04:13:16.340Z
1018061_20220326_102921,108170,40.733374,-124.222266,20.931,20.6,9.9,-19.2,33.5,24.4,25.3,2022,3,26,10,29,21.52,0.0,3,3,0,0,0.009,-9.0,31,2022-03-26T10:29:21.520Z
1018061_20220326_094618,108171,40.733337,-124.222298,20.953,17.9,5.9,2.7,42.7,25.9,32.3,2022,3,26,9,46,18.68,0.0,2,2,0,0,0.013,-9.0,31,2022-03-26T09:46:18.680Z
1018061_20220327_033040,108172,40.733264,-124.222371,20.955,11.7,-2.3,5.2,39.2,16.7,27.8,2022,3,27,3,30,40.24,0.0,3,4,0,0,0.015,-9.0,31,2022-03-27T03:30:40.240Z
1018061_20220327_124416,108173,40.733272,-124.222461,20.957,4.1,-1.4,6.7,35.8,23.6,26.0,2022,3,27,12,44,16.7,0.0,2,3,0,0,0.011,-9.0,31,2022-03-27T12:44:16.700Z
1018061_20220330_115259,108175,40.733252,-124.222314,20.952,16.5,-3.6,2.1,38.4,23.1,31.4,2022,3,30,11,52,59.3,0.0,2,2,0,0,0.014,-9.0,31,2022-03-30T11:52:59.300Z
1018061_20220402_161304,108176,40.733276,-124.222225,20.923,24.1,-0.9,-27.4,35.6,18.2,37.7,2022,4,2,16,13,4.24,0.0,1,3,0,0,0.008,-9.0,31,2022-04-02T16:13:04.240Z
1018061_20220622_002821,108178,40.733378,-124.221403,20.918,93.5,10.4,-32.0,53.0,18.4,31.6,2022,6,22,0,28,21.72,0.0,2,2,0,0,0.012,-9.0,31,2022-06-22T00:28:21.720Z
1018061_20220703_233011,108179,40.733447,-124.220776,20.892,146.4,18.1,-57.7,58.7,27.8,33.8,2022,7,3,23,30,11.36,0.0,2,3,0,0,0.017,-9.0,31,2022-07-03T23:30:11.360Z
1018061_20220817_062308,108182,40.733077,-124.220467,20.834,172.5,-23.0,-116.1,50.4,30.6,49.8,2022,8,17,6,23,8.77,0.0,2,2,0,0,0.01,-9.0,31,2022-08-17T06:23:08.770Z
1018061,110483,40.733354,-124.222567,20.954,-4.8,7.7,3.8,24.7,14.5,18.1,2023,4,29,18,24,1.28,0.83,80,113,0,0,0.013,-9.0,31,2023-04-29T18:24:01.280Z
1011931_20200113_043554,103372,40.279574,-124.520841,19.958,59.5,152.7,-12.1,222.4,340.5,187.7,2020,1,13,4,35,54.72,0.0,2,2,0,0,0.057,-9.0,32,2020-01-13T04:35:54.720Z
1011931_20200114_132833,103373,40.279447,-124.520907,19.98,54.0,138.7,9.8,211.0,323.2,179.6,2020,1,14,13,28,33.61,0.0,2,2,0,0,0.051,-9.0,32,2020-01-14T13:28:33.610Z
1011931_20200423_024350,103376,40.278007,-124.521623,19.802,-6.9,-21.2,-168.4,243.5,404.9,149.6,2020,4,23,2,43,50.96,0.0,1,3,0,0,0.018,-9.0,32,2020-04-23T02:43:50.960Z
1011931_20200622_233102,103380,40.278516,-124.521476,19.905,5.5,35.2,-65.3,161.9,235.0,249.6,2020,6,22,23,31,2.02,0.0,1,3,0,0,0.02,-9.0,32,2020-06-22T23:31:02.020Z
1011931_20200628_172253,103381,40.278923,-124.521257,20.008,24.2,80.4,38.5,156.6,287.8,387.4,2020,6,28,17,22,53.12,0.0,1,3,0,0,0.029,-9.0,32,2020-06-28T17:22:53.120Z
1011931_20200713_102207,103383,40.278027,-124.52168,19.966,-11.8,-19.0,-4.0,144.5,249.0,172.1,2020,7,13,10,22,7.32,0.0,3,3,0,0,0.005,-9.0,32,2020-07-13T10:22:07.320Z
1011931_20200803_090601,103384,40.279228,-124.521175,20.03,31.1,114.3,59.7,174.7,315.2,560.2,2020,8,3,9,6,1.75,0.0,2,3,0,0,0.037,-9.0,32,2020-08-03T09:06:01.750Z
1011931_20201105_123858,103389,40.279195,-124.521118,19.959,36.0,110.7,-11.0,183.7,275.9,260.4,2020,11,5,12,38,58.23,0.0,2,3,0,0,0.032,-9.0,32,2020-11-05T12:38:58.230Z
1011931_20201105_123936,103390,40.278984,-124.521224,19.936,27.0,87.2,-34.0,178.4,252.2,157.1,2020,11,5,12,39,36.03,0.0,2,3,0,0,0.031,-9.0,32,2020-11-05T12:39:36.030Z
1011931_20201106_082513,103391,40.278886,-124.521289,19.965,21.5,76.4,-4.6,164.3,235.6,187.2,2020,11,6,8,25,13.43,0.0,2,3,0,0,0.026,-9.0,32,2020-11-06T08:25:13.430Z
1011931_20201229_090115,103392,40.276794,-124.52238,19.942,-71.3,-155.9,-28.1,256.7,393.8,205.3,2020,12,29,9,1,15.62,0.0,2,2,0,0,0.044,-9.0,32,2020-12-29T09:01:15.620Z
1011931_20210304_170837,103397,40.279215,-124.521126,20.028,35.3,113.0,57.9,188.4,367.5,519.6,2021,3,4,17,8,37.2,0.0,1,3,0,0,0.044,-9.0,32,2021-03-04T17:08:37.200Z
1011931_20210327_105025,103400,40.27926,-124.521012,19.967,45.0,117.9,-3.2,189.7,290.6,191.8,2021,3,27,10,50,25.73,0.0,2,2,0,0,0.039,-9.0,32,2021-03-27T10:50:25.730Z
1011931_20210405_114243,103401,40.27939,-124.520996,20.01,46.4,132.4,40.4,221.3,412.0,539.9,2021,4,5,11,42,43.12,0.0,1,3,0,0,0.056,-9.0,32,2021-04-05T11:42:43.120Z
1011931_20210529_163435,103403,40.279268,-124.52111,19.93,36.7,118.8,-40.0,185.9,290.5,215.8,2021,5,29,16,34,35.69,0.0,3,4,0,0,0.033,-9.0,32,2021-05-29T16:34:35.690Z
1011931_20210613_003411,103404,40.278975,-124.521281,20.036,22.1,86.3,65.8,173.5,358.3,523.9,2021,6,13,0,34,11.43,0.0,1,3,0,0,0.044,-9.0,32,2021-06-13T00:34:11.430Z
1011931_20210919_222428,103412,40.276363,-124.522738,20.442,-101.7,-203.8,471.6,288.0,467.1,491.4,2021,9,19,22,24,28.3,0.0,3,2,0,0,0.058,-9.0,32,2021-09-19T22:24:28.300Z
1011931_20210923_074621,103413,40.276322,-124.522762,20.466,-103.8,-208.3,495.8,293.6,481.6,479.0,2021,9,23,7,46,21.66,0.0,3,2,0,0,0.058,-9.0,32,2021-09-23T07:46:21.660Z
1011931_20211010_023536,103414,40.278162,-124.521549,19.958,-0.7,-4.1,-11.9,136.0,235.0,174.6,2021,10,10,2,35,36.64,0.0,4,4,0,0,0.005,-9.0,32,2021-10-10T02:35:36.640Z
1011931_20211012_113515,103415,40.277177,-124.522005,19.908,-39.5,-113.4,-61.9,167.8,425.3,481.0,2021,10,12,11,35,15.47,0.0,1,3,0,0,0.024,-9.0,32,2021-10-12T11:35:15.470Z
1011931_20211013_031511,103416,40.277681,-124.521794,19.96,-21.5,-57.4,-10.2,157.8,277.2,264.9,2021,10,13,3,15,11.5,0.0,3,4,0,0,0.01,-9.0,32,2021-10-13T03:15:11.500Z
1011931_20211025_121310,103417,40.276876,-124.522339,19.936,-67.8,-146.8,-33.5,255.6,392.9,237.0,2021,10,25,12,13,10.6,0.0,2,2,0,0,0.047,-9.0,32,2021-10-25T12:13:10.600Z
1011931_20211110_233713,103418,40.278007,-124.521729,19.967,-15.9,-21.2,-3.4,144.0,239.7,178.1,2021,11,10,23,37,13.46,0.0,2,4,0,0,0.011,-9.0,32,2021-11-10T23:37:13.460Z
1011931_20211116_105011,103420,40.278402,-124.521484,19.929,4.8,22.6,-41.3,162.3,261.0,222.3,2021,11,16,10,50,11.56,0.0,2,3,0,0,0.019,-9.0,32,2021-11-16T10:50:11.560Z
1011931_20211118_141952,103421,40.279093,-124.521183,20.023,30.5,99.4,52.5,202.7,398.2,517.6,2021,11,18,14,19,52.73,0.0,1,3,0,0,0.056,-9.0,32,2021-11-18T14:19:52.730Z
1011931_20211207_144131,103422,40.278162,-124.521623,19.955,-6.9,-4.1,-14.6,139.5,223.1,210.2,2021,12,7,14,41,31.16,0.0,1,4,0,0,0.008,-9.0,32,2021-12-07T14:41:31.160Z
1011931_20211215_144820,103423,40.279004,-124.521175,19.878,31.1,89.5,-91.7,181.7,264.9,326.7,2021,12,15,14,48,20.29,0.0,3,3,0,0,0.032,-9.0,32,2021-12-15T14:48:20.290Z
1011931_20211220_142510,103424,40.278182,-124.521574,19.949,-2.8,-1.8,-21.1,137.3,246.5,201.7,2021,12,20,14,25,10.76,0.0,1,4,0,0,0.003,-9.0,32,2021-12-20T14:25:10.760Z
1011931_20211220_200739,103426,40.277865,-124.521769,19.99,-19.4,-37.0,19.6,142.1,244.5,134.6,2021,12,20,20,7,39.32,0.0,0,4,0,0,0.005,-9.0,32,2021-12-20T20:07:39.320Z
1011931_20211220_214357,103427,40.27745,-124.521826,19.935,-24.2,-83.1,-35.0,148.1,358.4,369.8,2021,12,20,21,43,57.24,0.0,1,3,0,0,0.016,-9.0,32,2021-12-20T21:43:57.240Z
1011931_20211222_160010,103429,40.27939,-124.521086,19.931,38.8,132.4,-39.0,211.2,317.4,237.3,2021,12,22,16,0,10.79,0.0,3,4,0,0,0.044,-9.0,32,2021-12-22T16:00:10.790Z
1011931_20211224_110350,103430,40.278809,-124.521305,20.013,20.1,67.8,43.4,176.0,337.3,390.3,2021,12,24,11,3,50.55,0.0,1,3,0,0,0.048,-9.0,32,2021-12-24T11:03:50.550Z
1011931_20211226_214844,103431,40.279102,-124.521191,20.018,29.8,100.3,48.4,190.7,382.5,488.4,2021,12,26,21,48,44.84,0.0,1,3,0,0,0.049,-9.0,32,2021-12-26T21:48:44.840Z
1011931_20220430_210355,103434,40.27795,-124.52168,19.968,-11.8,-27.6,-1.6,137.9,269.2,148.8,2022,4,30,21,3,55.4,0.0,2,3,0,0,0.005,-9.0,32,2022-04-30T21:03:55.400Z
1011931_20220531_115223,103435,40.2764,-124.52242,19.945,-74.7,-199.7,-25.1,217.1,390.2,511.4,2022,5,31,11,52,24.0,0.0,2,2,0,0,0.055,-9.0,32,2022-05-31T11:52:24.000Z
1011931_20220901_130926,103436,40.278003,-124.521672,19.979,-11.1,-21.7,9.1,141.4,223.1,196.2,2022,9,1,13,9,26.56,0.0,1,4,0,0,0.005,-9.0,32,2022-09-01T13:09:26.560Z
1011931_20220923_175519,103439,40.277515,-124.52172,19.935,-15.2,-75.9,-35.1,149.7,334.9,317.7,2022,9,23,17,55,19.12,0.0,2,2,0,0,0.016,-9.0,32,2022-09-23T17:55:19.120Z
1011931_20220926_165943,103440,40.277922,-124.521631,19.97,-7.6,-30.7,0.1,149.0,240.6,227.7,2022,9,26,16,59,43.68,0.0,1,3,0,0,0.007,-9.0,32,2022-09-26T16:59:43.680Z
1011931,110321,40.278031,-124.521672,19.968,-11.1,-18.5,-1.9,135.6,211.2,153.7,2022,12,23,14,21,11.63,0.91,68,114,0,0,0.034,-9.0,32,2022-12-23T14:21:11.630Z
1018866_20200318_230826,104481,40.45811,-124.594051,15.43,1528.5,2157.5,-664.4,14.5,21.2,37.0,2020,3,18,23,8,26.06,0.0,1,4,8,43,0.031,0.061,33,2020-03-18T23:08:26.060Z
1018866_20201008_015557,104487,40.457532,-124.595451,14.544,1409.7,2093.4,-1551.1,9.6,14.0,20.6,2020,10,8,1,55,57.77,0.0,4,3,23,29,0.009,0.035,33,2020-10-08T01:55:57.770Z
1018866_20210506_211708,104490,40.457214,-124.594255,15.475,1511.2,2058.1,-619.6,17.2,19.6,18.7,2021,5,6,21,17,8.52,0.0,2,4,15,42,0.046,0.049,33,2021-05-06T21:17:08.520Z
1018866_20210522_231419,104492,40.456881,-124.595199,14.662,1431.2,2021.1,-1432.9,12.2,20.7,45.5,2021,5,22,23,14,19.08,0.0,2,6,15,62,0.033,0.035,33,2021-05-22T23:14:19.080Z
1018866_20210911_030021,104497,40.457422,-124.595671,14.745,1391.1,2081.2,-1350.2,8.3,11.4,17.1,2021,9,11,3,0,21.19,0.0,7,8,27,68,0.01,0.03,33,2021-09-11T03:00:21.190Z
1018866_20210911_030104,104498,40.456543,-124.595801,14.979,1380.1,1983.6,-1115.6,9.0,11.9,17.9,2021,9,11,3,1,4.86,0.0,0,7,0,60,0.011,0.035,33,2021-09-11T03:01:04.860Z
1018866_20211116_090022,104499,40.457324,-124.594751,15.038,1469.1,2070.3,-1057.3,13.4,13.7,31.3,2021,11,16,9,0,22.56,0.0,2,5,15,51,0.015,0.039,33,2021-11-16T09:00:22.560Z
1018866_20211210_122558,104500,40.456706,-124.595133,15.062,1436.7,2001.6,-1032.5,12.3,17.7,30.6,2021,12,10,12,25,58.68,0.0,3,7,22,66,0.023,0.036,33,2021-12-10T12:25:58.680Z
1018866_20211210_123552,104501,40.457235,-124.595109,14.951,1438.7,2060.4,-1144.3,10.4,13.3,27.7,2021,12,10,12,35,52.68,0.0,3,3,22,29,0.011,0.035,33,2021-12-10T12:35:52.680Z
1018866_20211220_121143,104502,40.455595,-124.596134,14.634,1351.8,1878.3,-1461.0,9.7,19.0,36.6,2021,12,20,12,11,44.04,0.0,1,6,7,59,0.019,0.047,33,2021-12-20T12:11:44.040Z
1018866_20221112_181926,104507,40.457145,-124.595557,15.04,1400.8,2050.4,-1054.7,10.7,13.9,47.1,2022,11,12,18,19,27.0,0.0,0,6,0,59,0.013,0.036,33,2022-11-12T18:19:27.000Z
1018866_20221113_222858,104508,40.456067,-124.596313,14.752,1336.6,1930.7,-1342.5,13.6,20.4,43.9,2022,11,13,22,28,58.96,0.0,3,7,16,65,0.032,0.053,33,2022-11-13T22:28:58.960Z
1013288_20200320_045746,108030,40.44246,-124.586597,19.99,2161.1,419.8,3895.2,14.1,23.7,29.2,2020,3,20,4,57,46.49,0.0,1,3,1,6,0.009,0.031,33,2020-03-20T04:57:46.490Z
1013288_20200418_060925,108034,40.44445,-124.590641,20.422,1817.9,640.7,4327.4,24.9,38.9,73.7,2020,4,18,6,9,25.79,0.0,2,1,1,1,0.047,0.158,33,2020-04-18T06:09:25.790Z
1013288_20220514_035343,108040,40.440894,-124.586068,20.953,2206.0,245.8,4858.5,20.5,29.7,38.8,2022,5,14,3,53,43.46,0.0,0,4,0,4,0.019,0.02,33,2022-05-14T03:53:43.460Z
1013288_20220925_053643,108050,40.445133,-124.585848,20.58,2224.6,716.6,4485.3,17.5,24.6,34.3,2022,9,25,5,36,43.86,0.0,0,3,1,6,0.012,0.025,33,2022-09-25T05:36:43.860Z
nc73836101_20200911_211556,109018,40.426847,-124.625968,15.926,-1179.4,-1313.9,-169.0,14.0,16.3,9.4,2020,9,11,21,15,56.2,0.0,2,5,8,28,0.028,0.033,33,2020-09-11T21:15:56.200Z
nc73836101_20200911_212414,109019,40.426591,-124.625667,15.997,-1153.9,-1342.4,-97.6,8.5,18.2,19.3,2020,9,11,21,24,14.2,0.0,0,5,0,22,0.022,0.017,33,2020-09-11T21:24:14.200Z
nc73836101_20210718_040208,109020,40.42535,-124.625789,16.157,-1164.2,-1480.2,62.2,9.2,16.9,16.7,2021,7,18,4,2,8.43,0.0,0,4,0,12,0.024,0.018,33,2021-07-18T04:02:08.430Z
nc73836101_20220106_161151,109021,40.427653,-124.625602,15.822,-1148.3,-1224.5,-272.8,5.1,13.5,16.4,2022,1,6,16,11,51.84,0.0,7,11,19,41,0.009,0.019,33,2022-01-06T16:11:51.840Z
nc73836101_20220107_034825,109022,40.428153,-124.625643,15.842,-1151.8,-1168.9,-252.8,12.5,13.5,16.1,2022,1,7,3,48,25.07,0.0,6,13,17,59,0.029,0.025,33,2022-01-07T03:48:25.070Z
nc73836101_20220728_233244,109023,40.42878,-124.625244,16.212,-1118.0,-1099.3,117.1,10.9,17.6,28.1,2022,7,28,23,32,44.24,0.0,3,4,10,14,0.01,0.046,33,2022-07-28T23:32:44.240Z
nc73836101_20220903_045308,109024,40.424882,-124.626082,15.966,-1189.1,-1532.2,-128.7,6.9,14.8,20.3,2022,9,3,4,53,8.45,0.0,1,6,3,27,0.006,0.024,33,2022-09-03T04:53:08.450Z
nc73836101_20220926_204026,109025,40.424719,-124.625326,16.809,-1124.9,-1550.2,713.7,8.4,13.0,17.8,2022,9,26,20,40,26.84,0.0,0,4,0,8,0.01,0.019,33,2022-09-26T20:40:26.840Z
nc73836101_20221108_123151,109026,40.428113,-124.624813,15.519,-1081.4,-1173.4,-575.9,15.2,26.8,36.4,2022,11,8,12,31,51.77,0.0,0,6,0,21,0.046,0.028,33,2022-11-08T12:31:51.770Z
nc73821921_20210723_034301,109720,40.41582,-124.649089,13.044,-3141.5,-2538.4,-3050.8,39.5,60.4,94.0,2021,7,23,3,43,0.77,0.0,2,1,3,5,0.044,0.086,33,2021-07-23T03:43:00.770Z
nc73821921_20220516_162449,109722,40.412752,-124.650513,15.513,-3262.4,-2879.1,-581.5,15.0,34.0,38.3,2022,5,16,16,24,49.07,0.0,3,7,4,15,0.028,0.042,33,2022-05-16T16:24:49.070Z
nc73821921_20220516_162637,109723,40.410225,-124.650993,15.53,-3303.2,-3159.7,-564.9,16.4,25.2,39.7,2022,5,16,16,26,37.18,0.0,2,4,5,8,0.022,0.052,33,2022-05-16T16:26:37.180Z
1018866,110340,40.456812,-124.595524,14.77,1403.5,2013.4,-1325.3,9.3,11.9,14.6,2023,5,28,21,51,34.88,1.43,28,66,28,67,0.023,0.031,33,2023-05-28T21:51:34.880Z
1013288,110473,40.442261,-124.58619,21.159,2195.6,397.6,5063.8,16.0,24.2,25.4,2022,12,29,18,28,9.92,1.32,3,11,2,13,0.025,0.061,33,2022-12-29T18:28:09.920Z
nc73836101,110585,40.427389,-124.625627,15.902,-1150.4,-1253.8,-192.9,7.8,7.7,10.6,2023,1,23,1,44,26.97,2.18,19,58,19,60,0.023,0.02,33,2023-01-23T01:44:26.970Z
nc73821921,110680,40.412708,-124.649951,15.73,-3214.8,-2884.1,-364.8,13.4,27.5,37.7,2022,12,20,19,17,4.96,2.32,7,12,2,12,0.029,0.031,33,2022-12-20T19:17:04.960Z
1017199,110800,40.453975,-124.584123,19.069,2370.8,1698.5,2974.2,19.8,28.7,36.3,2023,4,2,19,37,29.8,0.86,0,0,1,2,-9.0,0.008,33,2023-04-02T19:37:29.800Z
nc73863320_20200125_142047,104838,40.291431,-124.388534,21.272,79.6,-30.7,-97.7,37.2,21.9,26.9,2020,1,25,14,20,47.82,0.0,0,4,0,0,0.012,-9.0,34,2020-01-25T14:20:47.820Z
nc73863320_20200125_142223,104839,40.291528,-124.388534,21.291,79.6,-19.9,-79.0,37.5,17.8,28.3,2020,1,25,14,22,23.93,0.0,0,4,0,0,0.014,-9.0,34,2020-01-25T14:22:23.930Z
nc73863320_20200313_134440,104842,40.291345,-124.388053,21.229,120.4,-40.2,-141.1,38.3,23.9,27.2,2020,3,13,13,44,40.31,0.0,0,3,0,0,0.009,-9.0,34,2020-03-13T13:44:40.310Z
nc73863320_20200523_161905,104843,40.294922,-124.388957,21.33,43.6,356.9,-40.1,25.0,64.0,35.2,2020,5,23,16,19,5.39,0.0,1,4,0,0,0.027,-9.0,34,2020-05-23T16:19:05.390Z
nc73863320_20200524_120713,104844,40.297957,-124.388843,21.324,53.3,694.0,-46.3,35.0,76.3,42.1,2020,5,24,12,7,13.13,0.0,0,3,0,0,0.027,-9.0,34,2020-05-24T12:07:13.130Z
nc73863320_20200605_120020,104845,40.291207,-124.389526,21.375,-4.8,-55.6,4.9,17.1,45.9,16.4,2020,6,5,12,0,20.42,0.0,0,4,0,0,0.005,-9.0,34,2020-06-05T12:00:20.420Z
nc73863320_20201225_115538,104848,40.291406,-124.388224,21.263,105.9,-33.4,-106.8,36.5,22.4,41.1,2020,12,25,11,55,38.01,0.0,0,4,0,0,0.012,-9.0,34,2020-12-25T11:55:38.010Z
nc73863320_20201225_142557,104849,40.291479,-124.388159,21.259,111.4,-25.3,-111.4,32.2,18.8,32.4,2020,12,25,14,25,57.03,0.0,0,4,0,0,0.01,-9.0,34,2020-12-25T14:25:57.030Z
nc73863320_20210113_100021,104850,40.291386,-124.388338,21.261,96.2,-35.7,-108.9,36.4,17.2,45.0,2021,1,13,10,0,21.43,0.0,0,3,0,0,0.018,-9.0,34,2021-01-13T10:00:21.430Z
nc73863320_20210205_112409,104851,40.291956,-124.389299,21.35,14.5,27.6,-20.1,24.8,39.6,32.7,2021,2,5,11,24,9.36,0.0,1,3,0,0,0.007,-9.0,34,2021-02-05T11:24:09.360Z
nc73863320_20210917_034929,104854,40.29091,-124.389396,21.369,6.2,-88.6,-0.9,21.3,54.1,17.1,2021,9,17,3,49,29.86,0.0,1,3,0,0,0.007,-9.0,34,2021-09-17T03:49:29.860Z
nc73863320_20211023_103654,104855,40.291956,-124.389697,21.377,-19.4,27.6,7.2,35.9,67.9,26.2,2021,10,23,10,36,54.84,0.0,2,2,0,0,0.022,-9.0,34,2021-10-23T10:36:54.840Z
nc73863320_20211110_221207,104857,40.291728,-124.389168,21.357,25.6,2.3,-12.6,32.6,74.3,36.6,2021,11,10,22,12,7.1,0.0,1,4,0,0,0.025,-9.0,34,2021-11-10T22:12:07.100Z
nc73863320_20211117_115834,104858,40.293978,-124.389559,21.365,-7.6,252.1,-5.0,36.5,74.6,34.8,2021,11,17,11,58,34.44,0.0,0,3,0,0,0.02,-9.0,34,2021-11-17T11:58:34.440Z
nc73863320_20211220_221624,104859,40.292013,-124.389803,21.374,-28.4,33.9,4.3,26.0,22.7,36.9,2021,12,20,22,16,24.42,0.0,1,3,0,0,0.014,-9.0,34,2021-12-20T22:16:24.420Z
nc73863320_20211221_000044,104862,40.291846,-124.389567,21.37,-8.3,15.4,-0.2,24.5,37.4,17.2,2021,12,21,0,0,44.5,0.0,1,5,0,0,0.007,-9.0,34,2021-12-21T00:00:44.500Z
nc73863320_20211221_073207,104863,40.291626,-124.389681,21.374,-18.0,-9.0,4.4,23.8,17.6,15.1,2021,12,21,7,32,7.94,0.0,1,8,0,0,0.011,-9.0,34,2021-12-21T07:32:07.940Z
nc73863320_20211221_073238,104864,40.291484,-124.389624,21.376,-13.1,-24.9,6.1,18.7,24.1,14.5,2021,12,21,7,32,38.44,0.0,0,5,0,0,0.01,-9.0,34,2021-12-21T07:32:38.440Z
nc73863320_20211221_131235,104866,40.291801,-124.389453,21.368,1.4,10.4,-2.2,21.9,32.0,19.5,2021,12,21,13,12,35.9,0.0,1,4,0,0,0.005,-9.0,34,2021-12-21T13:12:35.900Z
nc73863320_20211221_073540,104868,40.291573,-124.389665,21.383,-16.6,-14.9,13.4,20.1,34.3,16.6,2021,12,21,7,35,40.76,0.0,0,4,0,0,0.005,-9.0,34,2021-12-21T07:35:40.760Z
nc73863320_20211221_055926,104869,40.292371,-124.389567,21.372,-8.3,73.6,1.8,21.7,56.0,15.3,2021,12,21,5,59,26.84,0.0,0,5,0,0,0.007,-9.0,34,2021-12-21T05:59:26.840Z
nc73863320_20211221_024156,104870,40.291195,-124.389469,21.366,0.0,-56.9,-3.6,24.2,43.3,19.0,2021,12,21,2,41,56.78,0.0,0,5,0,0,0.009,-9.0,34,2021-12-21T02:41:56.780Z
nc73863320_20211221_053536,104872,40.291951,-124.390861,21.484,-118.3,27.1,113.9,33.9,38.4,49.2,2021,12,21,5,35,36.31,0.0,2,7,0,0,0.044,-9.0,34,2021-12-21T05:35:36.310Z
nc73863320_20211221_134027,104874,40.292192,-124.388957,21.348,43.6,53.8,-21.7,29.0,92.3,24.8,2021,12,21,13,40,27.29,0.0,0,4,0,0,0.02,-9.0,34,2021-12-21T13:40:27.290Z
nc73863320_20211222_022536,104875,40.291012,-124.389502,21.383,-2.8,-77.3,12.9,21.8,47.5,22.1,2021,12,22,2,25,36.12,0.0,1,6,0,0,0.013,-9.0,34,2021-12-22T02:25:36.120Z
nc73863320_20211222_044341,104876,40.291121,-124.389583,21.379,-9.7,-65.1,8.9,18.7,39.0,15.6,2021,12,22,4,43,41.6,0.0,1,4,0,0,0.008,-9.0,34,2021-12-22T04:43:41.600Z
nc73863320_20211223_132302,104878,40.291378,-124.389575,21.379,-9.0,-36.6,9.4,19.9,33.7,18.7,2021,12,23,13,23,2.2,0.0,1,3,0,0,0.003,-9.0,34,2021-12-23T13:23:02.200Z
nc73863320_20211231_170404,104881,40.29196,-124.389486,21.373,-1.4,28.0,2.8,22.3,39.2,16.1,2021,12,31,17,4,4.9,0.0,2,6,0,0,0.009,-9.0,34,2021-12-31T17:04:04.900Z
nc73863320_20220128_172149,104884,40.291642,-124.389469,21.375,0.0,-7.2,5.1,24.2,16.6,18.0,2022,1,28,17,21,49.78,0.0,0,5,0,0,0.007,-9.0,34,2022-01-28T17:21:49.780Z
nc73863320_20220128_155719,104885,40.291846,-124.389502,21.376,-2.8,15.4,6.2,23.6,40.8,18.6,2022,1,28,15,57,19.16,0.0,1,4,0,0,0.006,-9.0,34,2022-01-28T15:57:19.160Z
nc73863320_20220128_154835,104886,40.292208,-124.389355,21.37,9.7,55.6,0.1,24.3,49.6,21.1,2022,1,28,15,48,35.98,0.0,1,5,0,0,0.008,-9.0,34,2022-01-28T15:48:35.980Z
nc73863320_20220222_015945,104888,40.291309,-124.389689,21.376,-18.7,-44.3,6.4,26.5,47.4,22.5,2022,2,22,1,59,45.72,0.0,0,4,0,0,0.011,-9.0,34,2022-02-22T01:59:45.720Z
nc73863320_20220902_172849,104889,40.292354,-124.389697,21.371,-19.4,71.8,0.9,22.0,58.6,30.5,2022,9,2,17,28,49.18,0.0,2,6,0,0,0.012,-9.0,34,2022-09-02T17:28:49.180Z
nc73863320,110352,40.291813,-124.38964,21.371,-14.5,11.7,1.2,17.6,16.8,16.2,2023,3,28,2,26,28.48,2.85,21,141,0,0,0.016,-9.0,34,2023-03-28T02:26:28.480Z
1018078_20200113_200048,103444,40.381559,-124.310067,30.047,145.8,272.0,87.3,442.4,476.4,208.4,2020,1,13,20,0,48.72,0.0,3,1,0,0,0.065,-9.0,35,2020-01-13T20:00:48.720Z
1018078_20200117_090428,103445,40.378817,-124.311003,29.953,66.3,-32.5,-6.7,271.5,205.9,131.4,2020,1,17,9,4,28.06,0.0,2,2,0,0,0.011,-9.0,35,2020-01-17T09:04:28.060Z
1018078_20200215_131942,103446,40.383809,-124.312646,30.17,-73.3,521.9,210.4,332.3,505.0,269.3,2020,2,15,13,19,42.03,0.0,2,2,0,0,0.056,-9.0,35,2020-02-15T13:19:42.030Z
1018078_20200309_062922,103448,40.37935,-124.315226,30.005,-292.3,26.7,44.7,407.7,201.2,178.7,2020,3,9,6,29,22.03,0.0,2,3,0,0,0.064,-9.0,35,2020-03-09T06:29:22.030Z
1018078_20200318_232844,103449,40.379618,-124.31084,29.94,80.2,56.5,-20.0,252.8,266.9,136.6,2020,3,18,23,28,44.42,0.0,1,4,0,0,0.046,-9.0,35,2020-03-18T23:28:44.420Z
1018078_20200319_001610,103450,40.38057,-124.314762,30.031,-252.9,162.2,70.8,315.9,224.8,201.9,2020,3,19,0,16,10.65,0.0,3,4,0,0,0.046,-9.0,35,2020-03-19T00:16:10.650Z
1018078_20200319_022237,103451,40.378898,-124.31141,29.94,31.8,-23.5,-20.1,160.2,167.7,133.4,2020,3,19,2,22,37.14,0.0,1,3,0,0,0.01,-9.0,35,2020-03-19T02:22:37.140Z
1018078_20200920_221149,103456,40.37734,-124.309058,29.833,231.5,-196.5,-126.9,384.4,338.2,266.2,2020,9,20,22,11,49.34,0.0,2,2,0,0,0.051,-9.0,35,2020-09-20T22:11:49.340Z
1018078_20210523_134310,103458,40.379765,-124.310148,29.94,138.9,72.7,-20.4,283.4,265.5,137.5,2021,5,23,13,43,10.77,0.0,1,3,0,0,0.033,-9.0,35,2021-05-23T13:43:10.770Z
1018078_20210528_020124,103459,40.379423,-124.311637,29.96,12.4,34.8,0.4,154.3,172.9,112.9,2021,5,28,2,1,24.58,0.0,0,4,0,0,0.01,-9.0,35,2021-05-28T02:01:24.580Z
1018078_20210529_004403,103460,40.379614,-124.311922,29.992,-11.7,56.0,32.4,134.0,166.5,120.3,2021,5,29,0,44,3.08,0.0,1,4,0,0,0.02,-9.0,35,2021-05-29T00:44:03.080Z
1018078_20210728_065250,103462,40.379911,-124.312109,30.021,-27.6,89.0,60.7,225.3,250.8,136.2,2021,7,28,6,52,50.29,0.0,2,4,0,0,0.031,-9.0,35,2021-07-28T06:52:50.290Z
1018078_20210728_065500,103463,40.379944,-124.31311,30.014,-112.6,92.6,53.5,243.5,208.1,145.0,2021,7,28,6,55,0.81,0.0,2,3,0,0,0.036,-9.0,35,2021-07-28T06:55:00.810Z
1018078_20210805_080052,103464,40.380021,-124.310262,29.952,129.2,101.2,-8.2,225.6,174.3,112.4,2021,8,5,8,0,52.7,0.0,2,3,0,0,0.066,-9.0,35,2021-08-05T08:00:52.700Z
1018078_20210921_104424,103465,40.377775,-124.311149,29.877,53.9,-148.2,-83.4,314.3,259.8,185.0,2021,9,21,10,44,24.61,0.0,3,4,0,0,0.045,-9.0,35,2021-09-21T10:44:24.610Z
1018078_20211012_193052,103466,40.378927,-124.311678,29.958,9.0,-20.3,-2.4,145.2,164.7,118.9,2021,10,12,19,30,52.54,0.0,0,4,0,0,0.007,-9.0,35,2021-10-12T19:30:52.540Z
1018078_20211101_233058,103467,40.378927,-124.31167,29.964,9.7,-20.3,4.1,134.6,172.7,126.8,2021,11,1,23,30,58.98,0.0,0,4,0,0,0.016,-9.0,35,2021-11-01T23:30:58.980Z
1018078_20211220_213503,103468,40.378866,-124.311833,29.95,-4.1,-27.1,-9.9,176.1,170.7,120.6,2021,12,20,21,35,3.46,0.0,3,4,0,0,0.008,-9.0,35,2021-12-20T21:35:03.460Z
1018078_20211220_204152,103469,40.379114,-124.311605,29.96,15.2,0.5,0.5,133.2,149.3,122.2,2021,12,20,20,41,52.7,0.0,0,4,0,0,0.011,-9.0,35,2021-12-20T20:41:52.700Z
1018078_20211221_073440,103476,40.379215,-124.311654,29.966,11.1,11.7,6.5,142.0,154.2,115.2,2021,12,21,7,34,40.34,0.0,0,4,0,0,0.008,-9.0,35,2021-12-21T07:34:40.340Z
1018078_20211221_022430,103478,40.379814,-124.311971,30.006,-15.9,78.2,45.8,223.2,237.1,131.2,2021,12,21,2,24,30.11,0.0,2,4,0,0,0.032,-9.0,35,2021-12-21T02:24:30.110Z
1018078_20211221_133846,103481,40.379224,-124.310091,29.926,143.7,12.7,-34.3,274.0,261.1,149.7,2021,12,21,13,38,46.27,0.0,2,3,0,0,0.033,-9.0,35,2021-12-21T13:38:46.270Z
1018078_20211221_180614,103483,40.379643,-124.308984,29.882,237.7,59.2,-78.3,394.8,298.2,195.4,2021,12,21,18,6,14.0,0.0,3,2,0,0,0.085,-9.0,35,2021-12-21T18:06:14.000Z
1018078_20211221_125544,103485,40.378731,-124.311637,29.953,12.4,-42.0,-7.0,184.0,280.5,177.5,2021,12,21,12,55,44.42,0.0,1,2,0,0,0.011,-9.0,35,2021-12-21T12:55:44.420Z
1018078_20211222_201026,103487,40.380233,-124.31237,29.988,-49.8,124.7,27.8,212.9,271.0,197.3,2021,12,22,20,10,26.7,0.0,1,2,0,0,0.016,-9.0,35,2021-12-22T20:10:26.700Z
1018078_20211224_010726,103488,40.379655,-124.312557,29.997,-65.7,60.5,37.4,259.4,198.0,125.0,2021,12,24,1,7,26.95,0.0,2,3,0,0,0.033,-9.0,35,2021-12-24T01:07:26.950Z
1018078_20211225_222025,103490,40.378963,-124.311792,29.952,-0.7,-16.3,-7.8,144.5,145.9,116.7,2021,12,25,22,20,25.62,0.0,0,4,0,0,0.007,-9.0,35,2021-12-25T22:20:25.620Z
1018078_20220101_082624,103491,40.379354,-124.312329,30.001,-46.3,27.1,41.5,202.4,224.1,139.3,2022,1,1,8,26,24.03,0.0,3,4,0,0,0.029,-9.0,35,2022-01-01T08:26:24.030Z
1018078_20220109_114448,103494,40.380062,-124.313672,30.007,-160.3,105.7,47.4,302.2,238.2,150.6,2022,1,9,11,44,48.35,0.0,2,2,0,0,0.042,-9.0,35,2022-01-09T11:44:48.350Z
1018078_20220115_094246,103495,40.37972,-124.3125,30.015,-60.8,67.8,54.5,309.9,220.1,147.6,2022,1,15,9,42,46.53,0.0,2,2,0,0,0.037,-9.0,35,2022-01-15T09:42:46.530Z
1018078_20220123_125600,103496,40.381303,-124.308455,29.903,282.6,243.5,-57.2,253.1,197.1,131.6,2022,1,23,12,55,59.99,0.0,1,2,0,0,0.008,-9.0,35,2022-01-23T12:55:59.990Z
1018078_20220408_141631,103498,40.379085,-124.312012,29.963,-19.4,-2.7,2.6,145.4,160.8,107.1,2022,4,8,14,16,31.5,0.0,2,3,0,0,0.01,-9.0,35,2022-04-08T14:16:31.500Z
1018078_20220522_080234,103499,40.379443,-124.311922,29.973,-11.7,37.1,13.0,123.3,163.0,118.7,2022,5,22,8,2,34.98,0.0,1,3,0,0,0.017,-9.0,35,2022-05-22T08:02:34.980Z
1018078,110322,40.378727,-124.311971,29.95,-15.9,-42.5,-10.2,147.5,159.9,110.4,2023,4,30,3,17,51.43,0.24,52,102,0,0,0.038,-9.0,35,2023-04-30T03:17:51.430Z
1018692_20200103_183748,101367,40.29786,-124.377563,8.675,-36.7,83.6,-45.4,22.2,39.5,34.5,2020,1,3,18,37,48.44,0.0,1,3,3,9,0.029,0.024,36,2020-01-03T18:37:48.440Z
1018692_20200103_210328,101368,40.297839,-124.377588,8.655,-38.7,81.3,-64.7,22.6,40.6,37.8,2020,1,3,21,3,28.96,0.0,1,3,3,9,0.032,0.022,36,2020-01-03T21:03:28.960Z
1018692_20200125_040534,101377,40.300533,-124.378223,9.216,-92.7,380.4,496.1,26.7,38.6,40.8,2020,1,25,4,5,34.65,0.0,2,2,4,6,0.069,0.02,36,2020-01-25T04:05:34.650Z
1018692_20200125_033034,101379,40.297514,-124.377995,9.143,-73.3,45.2,423.5,36.8,33.5,43.5,2020,1,25,3,30,34.63,0.0,2,2,9,9,0.062,0.019,36,2020-01-25T03:30:34.630Z
1018692_20200125_041012,101380,40.298486,-124.37863,9.172,-127.3,153.2,452.2,28.1,35.0,39.4,2020,1,25,4,10,12.23,0.0,3,2,12,12,0.061,0.022,36,2020-01-25T04:10:12.230Z
1018692_20200125_033137,101382,40.298922,-124.378516,9.184,-117.6,201.5,464.2,26.0,37.2,40.7,2020,1,25,3,31,37.11,0.0,3,2,12,12,0.062,0.02,36,2020-01-25T03:31:37.110Z
1018692_20200206_175109,101383,40.296981,-124.376855,8.723,23.5,-14.0,2.9,16.3,26.2,19.3,2020,2,6,17,51,9.32,0.0,1,3,2,6,0.019,0.006,36,2020-02-06T17:51:09.320Z
1018692_20200206_135108,101389,40.297843,-124.377531,8.739,-33.9,81.8,19.3,19.6,22.3,22.8,2020,2,6,13,51,8.73,0.0,0,4,0,7,0.012,0.02,36,2020-02-06T13:51:08.730Z
1018692_20200207_025442,101391,40.298714,-124.37675,8.736,32.5,178.5,15.8,26.9,30.4,27.6,2020,2,7,2,54,42.9,0.0,1,3,0,0,0.063,-9.0,36,2020-02-07T02:54:42.900Z
1018692_20200308_194241,101393,40.296814,-124.376969,8.716,13.8,-32.5,-4.3,16.7,29.1,29.0,2020,3,8,19,42,41.56,0.0,1,3,5,15,0.011,0.01,36,2020-03-08T19:42:41.560Z
1018692_20200320_234412,101396,40.29869,-124.377507,8.852,-31.8,175.8,132.2,19.7,28.2,42.2,2020,3,20,23,44,12.42,0.0,1,3,0,2,0.034,0.004,36,2020-03-20T23:44:12.420Z
1018692_20200408_020022,101398,40.297253,-124.377132,8.7,0.0,16.3,-19.9,17.8,31.6,20.6,2020,4,8,2,0,22.12,0.0,0,4,0,16,0.006,0.008,36,2020-04-08T02:00:22.120Z
1018692_20200415_181523,101399,40.296712,-124.376994,8.704,11.8,-43.8,-16.2,17.1,30.7,20.4,2020,4,15,18,15,23.08,0.0,1,3,2,6,0.012,0.005,36,2020-04-15T18:15:23.080Z
1018692_20200419_074654,101402,40.296895,-124.377018,8.703,9.7,-23.5,-16.5,18.9,31.0,20.9,2020,4,19,7,46,54.06,0.0,2,3,8,9,0.01,0.005,36,2020-04-19T07:46:54.060Z
1018692_20200806_083223,101408,40.296965,-124.375464,8.665,141.8,-15.8,-54.5,24.8,40.2,37.4,2020,8,6,8,32,23.08,0.0,2,3,2,2,0.022,0.056,36,2020-08-06T08:32:23.080Z
1018692_20200903_073528,101410,40.296798,-124.376961,8.672,14.5,-34.3,-48.4,17.6,32.9,27.7,2020,9,3,7,35,28.42,0.0,3,1,12,4,0.012,0.007,36,2020-09-03T07:35:28.420Z
1018692_20201112_024416,101413,40.296208,-124.376758,8.707,31.8,-99.9,-13.1,17.3,29.4,40.2,2020,11,12,2,44,16.51,0.0,1,3,5,15,0.021,0.022,36,2020-11-12T02:44:16.510Z
1018692_20210331_235938,101418,40.297339,-124.376742,8.694,33.2,25.8,-25.5,17.1,32.4,25.1,2021,3,31,23,59,38.48,0.0,3,3,22,15,0.014,0.026,36,2021-03-31T23:59:38.480Z
1018692_20210518_124020,101423,40.296879,-124.377091,8.697,3.5,-25.3,-22.6,18.7,22.5,20.1,2021,5,18,12,40,20.44,0.0,1,5,14,61,0.013,0.019,36,2021-05-18T12:40:20.440Z
1018692_20210519_224310,101424,40.297152,-124.377035,8.713,8.3,5.0,-7.2,17.1,33.1,26.2,2021,5,19,22,43,10.32,0.0,3,3,24,22,0.012,0.024,36,2021-05-19T22:43:10.320Z
1018692_20210628_083735,101427,40.297103,-124.378247,9.138,-94.8,-0.5,418.5,36.1,31.7,43.4,2021,6,28,8,37,35.33,0.0,2,2,9,9,0.063,0.022,36,2021-06-28T08:37:35.330Z
1018692_20210628_075500,101428,40.29753,-124.378263,9.141,-96.2,47.0,421.2,35.3,27.4,40.6,2021,6,28,7,55,0.79,0.0,2,2,9,9,0.066,0.019,36,2021-06-28T07:55:00.790Z
1018692_20210628_012433,101430,40.299048,-124.377572,8.817,-37.4,215.5,97.1,21.2,31.9,65.1,2021,6,28,1,24,33.56,0.0,1,3,3,5,0.056,0.041,36,2021-06-28T01:24:33.560Z
1018692_20210728_160231,101432,40.29683,-124.377132,8.65,0.0,-30.7,-69.7,18.2,26.8,26.9,2021,7,28,16,2,31.16,0.0,0,4,0,16,0.012,0.01,36,2021-07-28T16:02:31.160Z
1018692_20210728_160901,101433,40.297083,-124.377067,8.659,5.5,-2.7,-61.2,19.0,19.3,25.1,2021,7,28,16,9,1.56,0.0,0,5,0,24,0.011,0.011,36,2021-07-28T16:09:01.560Z
1018692_20211219_122016,101437,40.296989,-124.375049,8.449,177.1,-13.1,-271.0,25.8,51.0,44.0,2021,12,19,12,20,16.89,0.0,4,1,13,2,0.052,0.047,36,2021-12-19T12:20:16.890Z
1018692_20211219_124337,101438,40.294157,-124.375513,8.476,137.7,-327.6,-243.7,36.1,67.5,55.6,2021,12,19,12,43,37.1,0.0,3,1,9,1,0.065,0.052,36,2021-12-19T12:43:37.100Z
1018692_20220224_221912,101442,40.2981,-124.37526,8.543,159.1,110.2,-177.1,30.8,60.9,50.3,2022,2,24,22,19,12.14,0.0,3,2,9,1,0.062,0.051,36,2022-02-24T22:19:12.140Z
1018692_20220405_235803,101444,40.297184,-124.377018,8.741,9.7,8.6,21.4,14.4,23.4,21.7,2022,4,5,23,58,3.86,0.0,0,5,0,25,0.005,0.013,36,2022-04-05T23:58:03.860Z
1018692_20220406_204844,101445,40.297262,-124.37723,8.725,-8.3,17.2,4.5,15.6,26.1,26.6,2022,4,6,20,48,44.22,0.0,2,2,10,18,0.007,0.022,36,2022-04-06T20:48:44.220Z
1018692_20220406_234448,101446,40.298621,-124.376213,8.84,78.2,168.1,120.4,36.2,61.5,56.3,2022,4,6,23,44,48.84,0.0,1,3,2,5,0.065,0.032,36,2022-04-06T23:44:48.840Z
1018692_20220529_220522,101448,40.30026,-124.377612,9.156,-40.8,350.2,435.9,33.1,50.6,54.7,2022,5,29,22,5,22.6,0.0,1,3,0,0,0.085,-9.0,36,2022-05-29T22:05:22.600Z
1018692_20220927_163438,101452,40.29716,-124.3771,8.707,2.8,5.9,-12.5,17.2,31.2,27.1,2022,9,27,16,34,38.9,0.0,3,3,22,22,0.007,0.021,36,2022-09-27T16:34:38.900Z
1018692,110294,40.296615,-124.377116,8.709,1.4,-54.7,-10.7,13.8,22.5,20.0,2023,5,20,7,11,5.22,0.56,54,94,37,70,0.041,0.025,36,2023-05-20T07:11:05.220Z
1014212_20220305_150456,108663,40.489217,-124.339657,19.306,-54.5,-12.7,-23.7,4.3,3.5,3.6,2022,3,5,15,4,56.77,0.0,1,3,17,19,0.006,0.005,37,2022-03-05T15:04:56.770Z
1014212_20220305_141315,108665,40.489225,-124.339787,19.304,-65.5,-11.7,-25.0,4.0,4.3,4.0,2022,3,5,14,13,15.57,0.0,2,3,34,59,0.006,0.008,37,2022-03-05T14:13:15.570Z
1014212_20220318_020221,108670,40.489823,-124.33938,19.328,-31.0,54.7,-1.4,3.6,3.7,4.0,2022,3,18,2,2,21.14,0.0,2,5,23,68,0.01,0.006,37,2022-03-18T02:02:21.140Z
1014212_20220318_025556,108671,40.489583,-124.339323,19.339,-26.2,28.0,9.4,2.5,3.0,2.7,2022,3,18,2,55,56.14,0.0,0,4,0,26,0.004,0.005,37,2022-03-18T02:55:56.140Z
1014212_20220513_211304,108673,40.489539,-124.339893,19.286,-74.5,23.0,-43.5,3.4,2.6,4.1,2022,5,13,21,13,4.36,0.0,2,5,25,71,0.006,0.006,37,2022-05-13T21:13:04.360Z
1014212_20220513_110301,108674,40.489351,-124.339901,19.256,-75.2,2.3,-73.0,4.5,3.5,4.3,2022,5,13,11,3,1.34,0.0,2,4,33,61,0.008,0.008,37,2022-05-13T11:03:01.340Z
1014212_20220709_131058,108675,40.489368,-124.339974,19.324,-81.4,4.1,-5.0,4.4,2.4,3.5,2022,7,9,13,10,58.0,0.0,1,3,15,44,0.004,0.006,37,2022-07-09T13:10:58.000Z
1014212_20220719_144303,108676,40.489258,-124.340055,19.31,-88.3,-8.1,-19.6,4.4,2.5,3.0,2022,7,19,14,43,3.06,0.0,1,3,15,44,0.003,0.007,37,2022-07-19T14:43:03.060Z
1014212_20220724_163715,108678,40.489705,-124.339469,19.297,-38.6,41.6,-32.5,3.3,3.5,3.8,2022,7,24,16,37,15.26,0.0,3,6,40,81,0.008,0.007,37,2022-07-24T16:37:15.260Z
1014212_20220726_025653,108680,40.489417,-124.339673,19.353,-55.9,9.5,23.5,2.4,2.9,3.4,2022,7,26,2,56,53.12,0.0,0,4,0,26,0.005,0.007,37,2022-07-26T02:56:53.120Z
1014212_20220912_075619,108681,40.489604,-124.339559,19.281,-46.2,30.3,-48.3,2.8,3.5,3.6,2022,9,12,7,56,19.84,0.0,3,4,44,69,0.008,0.006,37,2022-09-12T07:56:19.840Z
1014212_20220912_162623,108682,40.489364,-124.33973,19.291,-60.7,3.6,-38.0,2.8,2.6,4.3,2022,9,12,16,26,23.87,0.0,1,5,21,91,0.004,0.005,37,2022-09-12T16:26:23.870Z
1014212_20220912_065634,108683,40.489726,-124.339665,19.317,-55.2,43.8,-12.7,2.9,3.4,3.5,2022,9,12,6,56,34.32,0.0,3,4,38,61,0.011,0.007,37,2022-09-12T06:56:34.320Z
1014212_20220912_065716,108684,40.4896,-124.339681,19.276,-56.6,29.8,-53.6,3.0,3.6,4.0,2022,9,12,6,57,16.84,0.0,3,4,46,76,0.008,0.006,37,2022-09-12T06:57:16.840Z
1014212_20220912_070214,108686,40.489522,-124.339478,19.309,-39.3,21.2,-20.5,3.4,3.5,2.8,2022,9,12,7,2,14.94,0.0,3,3,44,53,0.009,0.008,37,2022-09-12T07:02:14.940Z
1014212_20220912_065547,108687,40.489848,-124.339705,19.311,-58.6,57.4,-18.0,3.4,3.4,3.8,2022,9,12,6,55,47.64,0.0,2,3,25,49,0.009,0.008,37,2022-09-12T06:55:47.640Z
1014212_20220912_070041,108688,40.489119,-124.339819,19.329,-68.3,-23.5,-0.7,4.5,3.8,2.8,2022,9,12,7,0,41.78,0.0,1,3,18,50,0.002,0.007,37,2022-09-12T07:00:41.780Z
1014212_20220912_065844,108689,40.489111,-124.339575,19.321,-47.6,-24.4,-8.5,3.6,3.8,3.9,2022,9,12,6,58,44.14,0.0,2,3,29,50,0.005,0.008,37,2022-09-12T06:58:44.140Z
1014212_20220913_120009,108690,40.489449,-124.34008,19.256,-90.4,13.1,-73.2,4.5,2.8,4.7,2022,9,13,12,0,9.26,0.0,2,4,30,67,0.007,0.007,37,2022-09-13T12:00:09.260Z
1014212_20220913_235939,108692,40.489502,-124.339909,19.308,-75.9,19.0,-21.3,3.2,2.4,4.3,2022,9,13,23,59,39.94,0.0,1,3,4,11,0.012,0.005,37,2022-09-13T23:59:39.940Z
1014212_20220915_043842,108693,40.489657,-124.339437,19.275,-35.9,36.1,-54.6,3.2,3.8,3.5,2022,9,15,4,38,42.34,0.0,3,4,58,90,0.011,0.008,37,2022-09-15T04:38:42.340Z
1014212_20220919_104520,108694,40.489701,-124.339616,19.267,-51.1,41.1,-62.4,2.7,3.6,5.0,2022,9,19,10,45,20.93,0.0,2,4,29,68,0.008,0.006,37,2022-09-19T10:45:20.930Z
1014212_20221013_000153,108695,40.489563,-124.339657,19.302,-54.5,25.8,-27.4,2.8,2.8,3.7,2022,10,13,0,1,53.18,0.0,4,5,38,68,0.008,0.005,37,2022-10-13T00:01:53.180Z
1014212_20221121_110327,108697,40.489665,-124.3396,19.312,-49.7,37.1,-17.2,2.9,3.4,3.7,2022,11,21,11,3,27.1,0.0,3,4,55,85,0.011,0.007,37,2022-11-21T11:03:27.100Z
1014212_20221121_095647,108698,40.489563,-124.339412,19.298,-33.8,25.8,-31.6,3.5,3.8,4.3,2022,11,21,9,56,47.36,0.0,3,4,53,85,0.011,0.009,37,2022-11-21T09:56:47.360Z
1014212_20221121_112443,108699,40.489762,-124.339787,19.276,-65.5,47.9,-53.3,2.8,3.5,4.4,2022,11,21,11,24,43.85,0.0,3,4,63,96,0.009,0.008,37,2022-11-21T11:24:43.850Z
1014212_20221121_110534,108700,40.489636,-124.339624,19.317,-51.7,33.9,-12.7,3.4,3.4,3.1,2022,11,21,11,5,34.24,0.0,3,3,37,45,0.009,0.008,37,2022-11-21T11:05:34.240Z
1014212_20221121_120233,108701,40.489787,-124.339494,19.282,-40.7,50.6,-47.2,3.9,4.3,4.7,2022,11,21,12,2,33.9,0.0,2,3,36,65,0.012,0.006,37,2022-11-21T12:02:33.900Z
1014212_20221122_013911,108704,40.489526,-124.33986,19.273,-71.8,21.7,-56.0,4.0,3.1,4.6,2022,11,22,1,39,11.48,0.0,2,4,36,79,0.007,0.005,37,2022-11-22T01:39:11.480Z
1014212_20221124_071624,108705,40.489469,-124.340023,19.314,-85.6,15.4,-14.9,3.9,2.8,4.0,2022,11,24,7,16,24.13,0.0,2,4,42,93,0.006,0.01,37,2022-11-24T07:16:24.130Z
1014212_20221127_082921,108706,40.48962,-124.33951,19.339,-42.1,32.1,9.3,4.1,4.5,5.2,2022,11,27,8,29,21.47,0.0,2,3,35,61,0.015,0.008,37,2022-11-27T08:29:21.470Z
1014212_20221127_071505,108707,40.489278,-124.339648,19.308,-53.8,-5.9,-21.9,2.7,3.2,4.2,2022,11,27,7,15,5.87,0.0,1,3,15,14,0.01,0.006,37,2022-11-27T07:15:05.870Z
1014212,110543,40.489034,-124.339323,19.382,-26.2,-33.0,52.1,2.7,2.8,3.1,2023,1,10,17,58,54.64,1.07,65,121,54,65,0.009,0.007,37,2023-01-10T17:58:54.640Z
nc73822671_20200222_055218,106632,40.271729,-124.547396,3.783,-18.0,-285.1,-66.8,1.3,5.8,2.7,2020,2,22,5,52,18.17,0.0,0,5,7,64,0.009,0.017,38,2020-02-22T05:52:18.170Z
nc73822671_20200301_202524,106633,40.274048,-124.547184,3.824,0.0,-27.6,-26.3,1.2,1.7,1.8,2020,3,1,20,25,24.24,0.0,4,8,11,103,0.011,0.011,38,2020-03-01T20:25:24.240Z
nc73822671_20200503_133818,106634,40.273853,-124.546004,4.105,100.4,-49.2,255.0,3.3,11.9,5.7,2020,5,3,13,38,18.36,0.0,1,0,0,0,0.002,-9.0,38,2020-05-03T13:38:18.360Z
nc73822671_20200504_190610,106635,40.274536,-124.547046,3.83,11.8,26.7,-20.1,1.3,5.6,1.6,2020,5,4,19,6,10.54,0.0,1,6,5,93,0.007,0.013,38,2020-05-04T19:06:10.540Z
nc73822671_20200504_094244,106636,40.274495,-124.547201,3.797,-1.4,22.1,-53.0,1.2,1.9,2.7,2020,5,4,9,42,44.39,0.0,1,6,6,113,0.006,0.009,38,2020-05-04T09:42:44.390Z
nc73822671_20200504_081322,106637,40.274622,-124.547257,3.795,-6.2,36.1,-54.6,1.9,1.7,2.0,2020,5,4,8,13,22.22,0.0,1,6,6,93,0.009,0.01,38,2020-05-04T08:13:22.220Z
nc73822671_20200504_153302,106638,40.273926,-124.54703,3.779,13.2,-41.1,-71.2,1.0,1.8,1.6,2020,5,4,15,33,2.52,0.0,0,6,0,79,0.002,0.009,38,2020-05-04T15:33:02.520Z
nc73822671_20200504_083858,106640,40.274512,-124.547274,3.787,-7.6,23.9,-63.5,1.3,3.9,2.5,2020,5,4,8,38,58.94,0.0,0,5,0,85,0.007,0.009,38,2020-05-04T08:38:58.940Z
nc73822671_20200504_082412,106642,40.274797,-124.547257,3.798,-6.2,55.6,-52.5,2.0,1.8,2.2,2020,5,4,8,24,12.12,0.0,1,6,6,91,0.01,0.011,38,2020-05-04T08:24:12.120Z
nc73822671_20200504_084701,106643,40.274813,-124.547249,3.773,-5.5,57.4,-77.4,1.4,3.1,2.4,2020,5,4,8,47,1.72,0.0,0,3,0,56,0.007,0.006,38,2020-05-04T08:47:01.720Z
nc73822671_20200505_025218,106644,40.274512,-124.547144,3.798,3.5,23.9,-52.1,1.2,4.6,1.9,2020,5,5,2,52,18.88,0.0,0,6,0,95,0.005,0.01,38,2020-05-05T02:52:18.880Z
nc73822671_20200505_014819,106647,40.280241,-124.546997,3.8,15.9,660.1,-50.5,2.4,14.9,3.4,2020,5,5,1,48,19.7,0.0,0,2,0,15,0.016,0.012,38,2020-05-05T01:48:19.700Z
nc73822671_20200505_095347,106648,40.274349,-124.547168,3.777,1.4,5.9,-73.3,1.3,4.4,2.1,2020,5,5,9,53,47.4,0.0,0,5,0,85,0.006,0.008,38,2020-05-05T09:53:47.400Z
nc73822671_20210105_215602,106651,40.273653,-124.547282,3.82,-8.3,-71.4,-30.4,1.2,2.0,2.0,2021,1,5,21,56,2.34,0.0,0,4,0,28,0.004,0.011,38,2021-01-05T21:56:02.340Z
nc73822671_20210710_072438,106653,40.273832,-124.547192,3.852,-0.7,-51.5,2.0,1.1,1.7,1.9,2021,7,10,7,24,38.58,0.0,0,8,0,94,0.005,0.011,38,2021-07-10T07:24:38.580Z
nc73822671_20210710_115145,106654,40.27417,-124.547274,3.832,-7.6,-14.0,-18.4,1.1,1.8,1.7,2021,7,10,11,51,45.9,0.0,0,4,0,36,0.003,0.005,38,2021-07-10T11:51:45.900Z
nc73822671_20210710_190350,106655,40.273661,-124.547249,3.835,-5.5,-70.5,-15.2,1.0,2.1,1.8,2021,7,10,19,3,50.34,0.0,0,5,0,53,0.003,0.008,38,2021-07-10T19:03:50.340Z
nc73822671_20210711_223351,106656,40.274691,-124.547314,3.838,-11.1,43.8,-12.4,1.5,6.5,2.6,2021,7,11,22,33,51.94,0.0,0,6,7,85,0.012,0.008,38,2021-07-11T22:33:51.940Z
nc73822671_20210715_190847,106657,40.273946,-124.548551,3.651,-116.3,-38.9,-198.8,3.0,5.7,4.8,2021,7,15,19,8,47.36,0.0,3,1,2,2,0.012,0.029,38,2021-07-15T19:08:47.360Z
nc73822671_20210715_130048,106658,40.27349,-124.547038,3.833,12.5,-89.5,-17.0,1.2,2.4,2.0,2021,7,15,13,0,48.35,0.0,0,7,4,93,0.006,0.01,38,2021-07-15T13:00:48.350Z
nc73822671_20210825_191039,106659,40.279749,-124.5479,3.633,-60.9,605.4,-217.0,2.5,6.8,3.8,2021,8,25,19,10,39.12,0.0,2,3,2,38,0.022,0.02,38,2021-08-25T19:10:39.120Z
nc73822671_20211105_035828,106660,40.27419,-124.547266,3.864,-6.9,-11.7,14.3,1.7,1.8,2.5,2021,11,5,3,58,28.6,0.0,2,9,9,115,0.008,0.009,38,2021-11-05T03:58:28.600Z
nc73822671_20211105_035939,106661,40.273446,-124.547306,3.851,-10.4,-94.4,0.7,1.6,2.3,2.3,2021,11,5,3,59,39.64,0.0,2,7,12,127,0.008,0.01,38,2021-11-05T03:59:39.640Z
nc73822671_20211105_052809,106662,40.27391,-124.547241,3.856,-4.8,-42.9,6.4,1.3,1.9,2.2,2021,11,5,5,28,9.1,0.0,0,8,0,80,0.007,0.007,38,2021-11-05T05:28:09.100Z
nc73822671_20211107_025322,106663,40.274443,-124.547347,3.827,-13.8,16.3,-22.8,1.1,2.8,2.5,2021,11,7,2,53,22.07,0.0,2,7,7,95,0.011,0.01,38,2021-11-07T02:53:22.070Z
nc73822671_20220113_024039,106664,40.276241,-124.547371,3.806,-15.9,216.0,-43.6,2.3,5.1,2.0,2022,1,13,2,40,39.52,0.0,2,7,12,105,0.023,0.021,38,2022-01-13T02:40:39.520Z
nc73822671_20220115_232300,106665,40.273865,-124.547152,3.844,2.8,-47.9,-6.1,1.4,2.9,2.3,2022,1,15,23,23,0.38,0.0,0,4,0,44,0.005,0.008,38,2022-01-15T23:23:00.380Z
nc73822671_20220503_091219,106666,40.273962,-124.547257,3.838,-6.2,-37.0,-12.2,1.1,2.4,1.9,2022,5,3,9,12,19.78,0.0,0,4,0,32,0.001,0.006,38,2022-05-03T09:12:19.780Z
nc73822671_20220504_124045,106669,40.274133,-124.54729,3.842,-9.0,-18.1,-8.2,1.3,2.3,2.1,2022,5,4,12,40,45.58,0.0,0,5,0,70,0.006,0.006,38,2022-05-04T12:40:45.580Z
nc73822671_20220505_143149,106672,40.273539,-124.547266,3.826,-6.9,-84.0,-24.1,1.2,2.5,2.1,2022,5,5,14,31,49.8,0.0,0,6,0,75,0.004,0.01,38,2022-05-05T14:31:49.800Z
nc73822671_20220510_120848,106673,40.274247,-124.547282,3.841,-8.3,-5.4,-8.7,1.3,2.4,2.0,2022,5,10,12,8,48.4,0.0,0,5,0,56,0.003,0.006,38,2022-05-10T12:08:48.400Z
nc73822671_20220711_071729,106674,40.272359,-124.546794,3.793,33.2,-215.1,-56.6,2.2,4.4,3.9,2022,7,11,7,17,29.2,0.0,0,4,0,20,0.018,0.016,38,2022-07-11T07:17:29.200Z
nc73822671_20220817_064839,106675,40.270719,-124.546012,3.643,99.7,-397.2,-207.1,2.2,6.0,4.1,2022,8,17,6,48,39.56,0.0,0,3,0,0,0.013,-9.0,38,2022-08-17T06:48:39.560Z
nc73822671,110411,40.273836,-124.54738,3.86,-16.6,-51.1,10.3,1.0,1.6,1.6,2022,12,21,19,45,27.08,1.81,22,171,0,0,0.01,-9.0,38,2022-12-21T19:45:27.080Z
1017375_20200327_133419,108189,40.446566,-124.51298,19.56,12.4,-14.9,-30.4,12.7,24.5,29.6,2020,3,27,13,34,19.02,0.0,2,2,0,0,0.006,-9.0,39,2020-03-27T13:34:19.020Z
1017375_20200328_101216,108190,40.446651,-124.512948,19.568,15.2,-5.4,-21.9,18.1,28.1,35.7,2020,3,28,10,12,16.96,0.0,1,3,0,0,0.013,-9.0,39,2020-03-28T10:12:16.960Z
1017375_20200410_013550,108191,40.446513,-124.512907,19.514,18.6,-20.8,-75.8,16.5,20.6,28.2,2020,4,10,1,35,50.98,0.0,1,2,0,0,0.008,-9.0,39,2020-04-10T01:35:50.980Z
1017375_20200623_032924,108192,40.446794,-124.513102,19.608,2.1,10.4,17.8,10.6,11.7,15.3,2020,6,23,3,29,24.02,0.0,3,5,0,0,0.005,-9.0,39,2020-06-23T03:29:24.020Z
1017375_20200711_165831,108194,40.44668,-124.513005,19.571,10.4,-2.3,-18.7,11.1,14.8,21.0,2020,7,11,16,58,31.4,0.0,1,4,0,0,0.012,-9.0,39,2020-07-11T16:58:31.400Z
1017375_20200914_164633,108197,40.446765,-124.513143,19.607,-1.4,7.2,17.3,10.5,11.1,15.6,2020,9,14,16,46,33.18,0.0,1,3,0,0,0.005,-9.0,39,2020-09-14T16:46:33.180Z
1017375_20201026_042333,108200,40.446773,-124.513143,19.606,-1.4,8.1,15.6,9.1,11.8,15.1,2020,10,26,4,23,33.54,0.0,2,3,0,0,0.005,-9.0,39,2020-10-26T04:23:33.540Z
1017375_20201216_232301,108202,40.446822,-124.513175,19.613,-4.1,13.6,23.5,8.2,15.5,18.0,2020,12,16,23,23,1.62,0.0,2,4,0,0,0.005,-9.0,39,2020-12-16T23:23:01.620Z
1017375_20201217_222347,108203,40.446741,-124.513053,19.59,6.2,4.5,0.0,11.9,13.9,16.4,2020,12,17,22,23,47.82,0.0,1,3,0,0,0.004,-9.0,39,2020-12-17T22:23:47.820Z
1017375_20201222_193124,108205,40.446745,-124.513078,19.599,4.1,5.0,8.8,10.4,11.9,16.7,2020,12,22,19,31,24.84,0.0,1,5,0,0,0.005,-9.0,39,2020-12-22T19:31:24.840Z
1017375_20201229_123408,108206,40.446643,-124.512931,19.551,16.6,-6.3,-39.5,13.5,26.9,23.2,2020,12,29,12,34,8.26,0.0,2,2,0,0,0.008,-9.0,39,2020-12-29T12:34:08.260Z
1017375_20201229_125103,108207,40.446794,-124.513094,19.597,2.8,10.4,7.4,11.3,15.2,17.4,2020,12,29,12,51,3.28,0.0,2,2,0,0,0.007,-9.0,39,2020-12-29T12:51:03.280Z
1017375_20201229_125115,108208,40.446586,-124.513013,19.563,9.7,-12.7,-27.5,12.1,21.7,26.8,2020,12,29,12,51,15.88,0.0,2,2,0,0,0.005,-9.0,39,2020-12-29T12:51:15.880Z
1017375_20201231_143009,108209,40.446737,-124.51307,19.589,4.8,4.1,-0.5,10.0,14.1,17.0,2020,12,31,14,30,9.56,0.0,2,3,0,0,0.004,-9.0,39,2020-12-31T14:30:09.560Z
1017375_20210101_172328,108210,40.447058,-124.513037,19.618,7.6,39.8,27.8,15.2,25.2,19.7,2021,1,1,17,23,28.08,0.0,2,2,0,0,0.012,-9.0,39,2021-01-01T17:23:28.080Z
1017375_20210102_005359,108211,40.446985,-124.513151,19.633,-2.1,31.6,43.1,12.5,18.4,19.9,2021,1,2,0,53,59.6,0.0,2,2,0,0,0.007,-9.0,39,2021-01-02T00:53:59.600Z
1017375_20210103_134628,108212,40.446875,-124.513021,19.596,9.0,19.4,6.2,16.8,26.8,32.9,2021,1,3,13,46,28.4,0.0,2,2,0,0,0.011,-9.0,39,2021-01-03T13:46:28.400Z
1017375_20210129_121719,108215,40.446733,-124.51307,19.59,4.8,3.6,0.0,12.4,14.3,15.9,2021,1,29,12,17,19.18,0.0,2,3,0,0,0.004,-9.0,39,2021-01-29T12:17:19.180Z
1017375_20210317_050835,108219,40.446692,-124.513021,19.574,9.0,-0.9,-16.5,13.9,18.6,27.7,2021,3,17,5,8,35.88,0.0,2,2,0,0,0.008,-9.0,39,2021-03-17T05:08:35.880Z
1017375_20210406_160523,108220,40.44683,-124.513208,19.618,-6.9,14.5,28.3,8.9,14.4,18.1,2021,4,6,16,5,23.18,0.0,3,5,0,0,0.005,-9.0,39,2021-04-06T16:05:23.180Z
1017375_20210407_212243,108221,40.446765,-124.513094,19.598,2.8,7.2,8.4,9.2,12.7,18.0,2021,4,7,21,22,43.0,0.0,2,2,0,0,0.007,-9.0,39,2021-04-07T21:22:43.000Z
1017375_20210412_083411,108223,40.446692,-124.51307,19.589,4.8,-0.9,-1.3,10.1,12.8,16.4,2021,4,12,8,34,11.06,0.0,3,5,0,0,0.004,-9.0,39,2021-04-12T08:34:11.060Z
1017375_20210427_235132,108226,40.446651,-124.513094,19.584,2.8,-5.4,-6.4,10.2,16.2,18.7,2021,4,27,23,51,32.64,0.0,2,4,0,0,0.007,-9.0,39,2021-04-27T23:51:32.640Z
1017375_20210617_062514,108229,40.446773,-124.513013,19.606,9.7,8.1,15.7,14.5,14.8,24.2,2021,6,17,6,25,14.28,0.0,4,3,0,0,0.01,-9.0,39,2021-06-17T06:25:14.280Z
1017375_20210926_193649,108231,40.446851,-124.513127,19.615,0.0,16.7,25.4,12.6,13.5,17.6,2021,9,26,19,36,49.14,0.0,3,5,0,0,0.009,-9.0,39,2021-09-26T19:36:49.140Z
1017375_20211018_202711,108232,40.446802,-124.513094,19.609,2.8,11.3,19.1,11.8,11.9,21.2,2021,10,18,20,27,11.0,0.0,2,2,0,0,0.007,-9.0,39,2021-10-18T20:27:11.000Z
1017375_20211222_213658,108233,40.445683,-124.513501,19.548,-31.8,-113.0,-42.1,22.9,26.6,45.3,2021,12,22,21,36,58.16,0.0,1,0,0,0,0.004,-9.0,39,2021-12-22T21:36:58.160Z
1017375_20220119_113948,108234,40.446667,-124.51298,19.585,12.4,-3.6,-5.4,13.5,17.9,23.8,2022,1,19,11,39,48.02,0.0,3,4,0,0,0.008,-9.0,39,2022-01-19T11:39:48.020Z
1017375_20220320_202809,108235,40.446602,-124.513029,19.579,8.3,-10.8,-10.9,12.6,17.1,21.9,2022,3,20,20,28,9.78,0.0,2,4,0,0,0.006,-9.0,39,2022-03-20T20:28:09.780Z
1017375_20220323_100740,108236,40.446818,-124.51307,19.608,4.8,13.1,18.1,12.5,14.1,18.6,2022,3,23,10,7,40.4,0.0,4,5,0,0,0.008,-9.0,39,2022-03-23T10:07:40.400Z
1017375_20220903_193551,108238,40.446659,-124.513086,19.57,3.5,-4.5,-20.2,11.5,11.6,25.3,2022,9,3,19,35,51.9,0.0,2,3,0,0,0.007,-9.0,39,2022-09-03T19:35:51.900Z
1017375,110485,40.44668,-124.513127,19.59,0.0,-2.3,0.4,9.7,12.8,15.3,2023,4,8,11,17,36.02,1.06,64,96,0,0,0.007,-9.0,39,2023-04-08T11:17:36.020Z
1018079_20200210_165235,106010,40.276579,-124.562109,18.225,13.8,-112.5,-44.5,32.0,115.0,55.5,2020,2,10,16,52,35.89,0.0,2,3,0,0,0.021,-9.0,40,2020-02-10T16:52:35.890Z
1018079_20200320_045258,106012,40.278162,-124.562264,18.247,0.7,63.3,-22.8,28.8,56.3,52.6,2020,3,20,4,52,58.96,0.0,1,5,0,0,0.023,-9.0,40,2020-03-20T04:52:58.960Z
1018079_20200407_232448,106014,40.277995,-124.562297,18.203,-2.1,44.7,-67.0,30.2,39.6,77.8,2020,4,7,23,24,48.06,0.0,0,4,0,0,0.04,-9.0,40,2020-04-07T23:24:48.060Z
1018079_20200716_185625,106017,40.277413,-124.562297,18.284,-2.1,-19.9,14.3,22.2,52.1,63.0,2020,7,16,18,56,25.6,0.0,1,4,0,0,0.011,-9.0,40,2020-07-16T18:56:25.600Z
1018079_20200804_175532,106019,40.278084,-124.562264,18.316,0.7,54.7,45.9,19.3,55.5,69.9,2020,8,4,17,55,32.04,0.0,0,4,0,0,0.008,-9.0,40,2020-08-04T17:55:32.040Z
1018079_20200906_072657,106020,40.277482,-124.562492,18.393,-18.7,-12.2,122.8,36.8,77.2,99.0,2020,9,6,7,26,57.23,0.0,2,4,0,0,0.046,-9.0,40,2020-09-06T07:26:57.230Z
1018079_20200917_152955,106021,40.276001,-124.562329,18.281,-4.8,-176.7,11.4,19.3,113.8,63.8,2020,9,17,15,29,55.44,0.0,1,3,0,0,0.01,-9.0,40,2020-09-17T15:29:55.440Z
1018079_20201007_201632,106023,40.277791,-124.562337,18.286,-5.5,22.1,15.8,21.9,47.7,51.7,2020,10,7,20,16,32.86,0.0,2,3,0,0,0.008,-9.0,40,2020-10-07T20:16:32.860Z
1018079_20201030_052815,106025,40.277747,-124.562345,18.328,-6.2,17.2,57.6,22.1,43.4,67.9,2020,10,30,5,28,15.44,0.0,1,3,0,0,0.007,-9.0,40,2020-10-30T05:28:15.440Z
1018079_20201227_142951,106026,40.277865,-124.562264,18.287,0.7,30.3,17.1,23.2,38.6,77.2,2020,12,27,14,29,51.58,0.0,1,3,0,0,0.008,-9.0,40,2020-12-27T14:29:51.580Z
1018079_20210127_203814,106027,40.279427,-124.562069,18.214,17.3,203.8,-56.4,40.8,138.9,91.3,2021,1,27,20,38,14.28,0.0,2,3,0,0,0.04,-9.0,40,2021-01-27T20:38:14.280Z
1018079_20210212_044510,106028,40.277551,-124.562362,18.295,-7.6,-4.5,25.2,22.5,39.5,54.3,2021,2,12,4,45,10.42,0.0,2,4,0,0,0.009,-9.0,40,2021-02-12T04:45:10.420Z
1018079_20210223_170935,106029,40.278145,-124.562256,18.344,1.4,61.4,74.2,21.0,61.1,78.3,2021,2,23,17,9,35.44,0.0,2,3,0,0,0.01,-9.0,40,2021-02-23T17:09:35.440Z
1018079_20210402_083229,106032,40.27804,-124.562248,18.331,2.1,49.7,60.6,25.4,61.1,91.7,2021,4,2,8,32,29.22,0.0,2,3,0,0,0.02,-9.0,40,2021-04-02T08:32:29.220Z
1018079_20210402_131831,106033,40.275216,-124.562126,18.208,12.5,-263.9,-61.6,23.3,133.6,108.6,2021,4,2,13,18,31.13,0.0,1,3,0,0,0.021,-9.0,40,2021-04-02T13:18:31.130Z
1018079_20210403_231817,106034,40.277718,-124.562297,18.273,-2.1,14.0,3.4,19.6,35.0,49.8,2021,4,3,23,18,17.58,0.0,3,5,0,0,0.006,-9.0,40,2021-04-03T23:18:17.580Z
1018079_20210404_075026,106035,40.277743,-124.562223,18.224,4.2,16.7,-46.3,31.0,39.1,46.3,2021,4,4,7,50,26.82,0.0,5,5,0,0,0.016,-9.0,40,2021-04-04T07:50:26.820Z
1018079_20210426_063231,106037,40.278687,-124.562052,18.27,18.7,121.5,-0.1,40.3,74.7,82.5,2021,4,26,6,32,31.77,0.0,1,4,0,0,0.038,-9.0,40,2021-04-26T06:32:31.770Z
1018079_20210714_150316,106039,40.2776,-124.562516,18.391,-20.8,0.9,120.6,32.4,65.2,85.2,2021,7,14,15,3,16.33,0.0,2,4,0,0,0.048,-9.0,40,2021-07-14T15:03:16.330Z
1018079_20210728_093603,106040,40.277922,-124.562329,18.318,-4.8,36.6,48.2,20.8,48.2,56.3,2021,7,28,9,36,3.1,0.0,1,3,0,0,0.014,-9.0,40,2021-07-28T09:36:03.100Z
1018079_20210824_175255,106042,40.279716,-124.562085,18.322,15.9,235.9,52.1,31.6,104.1,98.9,2021,8,24,17,52,55.2,0.0,1,3,0,0,0.031,-9.0,40,2021-08-24T17:52:55.200Z
1018079_20211214_203444,106045,40.277507,-124.562313,18.236,-3.5,-9.5,-33.9,23.0,44.7,62.8,2021,12,14,20,34,44.5,0.0,0,4,0,0,0.007,-9.0,40,2021-12-14T20:34:44.500Z
1018079_20211221_070518,106047,40.277665,-124.56228,18.268,-0.7,8.1,-1.6,21.7,39.3,43.2,2021,12,21,7,5,18.66,0.0,4,7,0,0,0.006,-9.0,40,2021-12-21T07:05:18.660Z
1018079_20211221_090623,106048,40.277738,-124.56224,18.273,2.8,16.3,3.3,20.5,44.6,47.0,2021,12,21,9,6,23.56,0.0,2,7,0,0,0.007,-9.0,40,2021-12-21T09:06:23.560Z
1018079_20211227_233251,106052,40.277763,-124.56259,18.402,-27.0,19.0,131.9,37.6,61.6,123.0,2021,12,27,23,32,51.16,0.0,2,3,0,0,0.022,-9.0,40,2021-12-27T23:32:51.160Z
1018079_20211230_220234,106053,40.277966,-124.562248,18.282,2.1,41.6,11.5,21.0,57.3,47.5,2021,12,30,22,2,34.58,0.0,4,4,0,0,0.01,-9.0,40,2021-12-30T22:02:34.580Z
1018079_20220101_172931,106054,40.273287,-124.561857,18.23,35.3,-478.0,-40.4,46.7,121.4,107.3,2022,1,1,17,29,31.92,0.0,0,2,0,0,0.031,-9.0,40,2022-01-01T17:29:31.920Z
1018079_20220103_094741,106055,40.27771,-124.562297,18.297,-2.1,13.1,27.1,23.5,47.2,50.6,2022,1,3,9,47,41.62,0.0,0,4,0,0,0.006,-9.0,40,2022-01-03T09:47:41.620Z
1018079_20220223_020630,106057,40.2755,-124.562565,18.301,-24.9,-232.2,31.0,47.4,144.8,103.0,2022,2,23,2,6,30.35,0.0,1,3,0,0,0.049,-9.0,40,2022-02-23T02:06:30.350Z
1018079_20220310_032833,106058,40.277266,-124.562427,18.289,-13.2,-36.1,19.1,35.1,99.0,102.3,2022,3,10,3,28,33.34,0.0,1,4,0,0,0.038,-9.0,40,2022-03-10T03:28:33.340Z
1018079_20220725_133316,106062,40.277356,-124.562362,18.247,-7.6,-26.2,-23.4,25.0,46.2,66.9,2022,7,25,13,33,16.74,0.0,0,4,0,0,0.007,-9.0,40,2022-07-25T13:33:16.740Z
1018079,110386,40.277478,-124.562313,18.277,-3.5,-12.7,6.8,20.8,40.7,45.0,2023,4,30,3,21,23.22,1.14,47,118,0,0,0.024,-9.0,40,2023-04-30T03:21:23.220Z
nc73883491_20200215_130935,103313,40.387158,-124.284603,30.562,73.2,17.6,-38.3,58.9,98.9,40.9,2020,2,15,13,9,35.87,0.0,2,6,0,0,0.027,-9.0,41,2020-02-15T13:09:35.870Z
nc73883491_20200215_121219,103314,40.38713,-124.284627,30.559,71.2,14.5,-41.3,50.4,102.2,45.0,2020,2,15,12,12,19.35,0.0,2,6,0,0,0.027,-9.0,41,2020-02-15T12:12:19.350Z
nc73883491_20200318_223528,103315,40.387183,-124.284839,30.61,53.2,20.3,10.5,62.4,61.1,40.7,2020,3,18,22,35,28.52,0.0,1,4,0,0,0.028,-9.0,41,2020-03-18T22:35:28.520Z
nc73883491_20210324_093055,103318,40.386922,-124.285848,30.592,-32.5,-8.6,-8.2,82.5,61.5,49.9,2021,3,24,9,30,55.44,0.0,0,4,0,0,0.01,-9.0,41,2021-03-24T09:30:55.440Z
nc73883491_20210817_052703,103319,40.38693,-124.285278,30.586,15.9,-7.7,-14.4,51.7,47.7,37.7,2021,8,17,5,27,3.92,0.0,2,6,0,0,0.005,-9.0,41,2021-08-17T05:27:03.920Z
nc73883491_20210914_095947,103320,40.386633,-124.282959,30.586,212.8,-40.7,-14.3,178.7,73.2,39.5,2021,9,14,9,59,47.74,0.0,1,3,0,0,0.026,-9.0,41,2021-09-14T09:59:47.740Z
nc73883491_20211103_002820,103322,40.3861,-124.274097,30.576,965.3,-99.9,-23.9,294.3,138.8,77.4,2021,11,3,0,28,20.28,0.0,1,2,0,0,0.037,-9.0,41,2021-11-03T00:28:20.280Z
nc73883491_20211103_063154,103323,40.386877,-124.286206,30.574,-62.9,-13.6,-26.2,117.8,75.3,43.5,2021,11,3,6,31,54.85,0.0,1,4,0,0,0.022,-9.0,41,2021-11-03T06:31:54.850Z
nc73883491_20211113_053346,103325,40.385946,-124.279801,30.575,480.9,-117.0,-25.4,322.6,74.1,40.5,2021,11,13,5,33,46.33,0.0,1,2,0,0,0.011,-9.0,41,2021-11-13T05:33:46.330Z
nc73883491_20211220_212506,103327,40.387447,-124.28514,30.627,27.6,49.7,27.2,60.9,91.6,59.9,2021,12,20,21,25,6.68,0.0,0,4,0,0,0.017,-9.0,41,2021-12-20T21:25:06.680Z
nc73883491_20211220_202446,103328,40.387191,-124.285083,30.618,32.5,21.2,18.1,65.0,69.7,51.9,2021,12,20,20,24,46.56,0.0,0,3,0,0,0.008,-9.0,41,2021-12-20T20:24:46.560Z
nc73883491_20211220_205650,103329,40.387317,-124.287695,30.618,-189.3,35.2,18.0,177.4,69.7,41.6,2021,12,20,20,56,50.1,0.0,1,2,0,0,0.008,-9.0,41,2021-12-20T20:56:50.100Z
nc73883491_20211220_224108,103330,40.385929,-124.287842,30.562,-201.8,-118.8,-37.6,81.3,62.7,41.4,2021,12,20,22,41,8.12,0.0,1,1,0,0,0.003,-9.0,41,2021-12-20T22:41:08.120Z
nc73883491_20211221_202341,103331,40.386898,-124.285563,30.591,-8.3,-11.3,-9.0,66.7,61.9,42.9,2021,12,21,20,23,41.54,0.0,1,5,0,0,0.007,-9.0,41,2021-12-21T20:23:41.540Z
nc73883491_20211221_000950,103332,40.386987,-124.285213,30.602,21.4,-1.4,1.8,79.6,60.8,43.1,2021,12,21,0,9,50.6,0.0,1,5,0,0,0.007,-9.0,41,2021-12-21T00:09:50.600Z
nc73883491_20211221_024607,103333,40.386886,-124.285392,30.585,6.2,-12.7,-15.5,83.0,34.9,56.1,2021,12,21,2,46,7.16,0.0,1,3,0,0,0.034,-9.0,41,2021-12-21T02:46:07.160Z
nc73883491_20211221_044145,103337,40.387345,-124.28693,30.614,-124.4,38.4,14.4,143.5,83.9,48.6,2021,12,21,4,41,45.9,0.0,0,3,0,0,0.009,-9.0,41,2021-12-21T04:41:45.900Z
nc73883491_20211221_015938,103341,40.387931,-124.287484,30.633,-171.4,103.5,33.0,124.0,73.7,64.6,2021,12,21,1,59,38.61,0.0,1,4,0,0,0.038,-9.0,41,2021-12-21T01:59:38.610Z
nc73883491_20211222_120331,103345,40.386275,-124.285417,30.577,4.1,-80.4,-23.0,54.6,73.7,39.8,2021,12,22,12,3,31.78,0.0,2,2,0,0,0.024,-9.0,41,2021-12-22T12:03:31.780Z
nc73883491_20211225_130917,103348,40.387659,-124.287069,30.628,-136.1,73.2,27.9,115.3,88.3,56.7,2021,12,25,13,9,17.41,0.0,1,5,0,0,0.029,-9.0,41,2021-12-25T13:09:17.410Z
nc73883491_20211225_021930,103349,40.389364,-124.286914,30.7,-123.0,262.5,99.7,685.5,186.8,104.7,2021,12,25,2,19,30.61,0.0,2,0,0,0,0.029,-9.0,41,2021-12-25T02:19:30.610Z
nc73883491_20211226_042953,103350,40.38691,-124.285368,30.611,8.3,-9.9,10.7,79.0,59.2,49.9,2021,12,26,4,29,53.28,0.0,1,4,0,0,0.01,-9.0,41,2021-12-26T04:29:53.280Z
nc73883491_20220101_162137,103353,40.38748,-124.28693,30.616,-124.4,53.3,15.7,125.5,85.8,53.3,2022,1,1,16,21,37.34,0.0,1,4,0,0,0.021,-9.0,41,2022-01-01T16:21:37.340Z
nc73883491_20220107_001626,103354,40.387305,-124.288029,30.598,-217.7,33.9,-2.4,185.7,74.3,44.8,2022,1,7,0,16,26.24,0.0,0,3,0,0,0.011,-9.0,41,2022-01-07T00:16:26.240Z
nc73883491_20220120_081337,103356,40.387052,-124.285042,30.603,35.9,5.9,2.6,87.0,50.5,41.0,2022,1,20,8,13,37.12,0.0,2,8,0,0,0.008,-9.0,41,2022-01-20T08:13:37.120Z
nc73883491_20220425_144353,103361,40.387142,-124.285173,30.609,24.9,15.8,9.0,82.9,64.5,41.2,2022,4,25,14,43,53.92,0.0,0,4,0,0,0.004,-9.0,41,2022-04-25T14:43:53.920Z
nc73883491_20220515_002423,103363,40.387223,-124.285319,30.628,12.4,24.9,27.9,49.2,92.4,64.2,2022,5,15,0,24,23.11,0.0,0,4,0,0,0.03,-9.0,41,2022-05-15T00:24:23.110Z
nc73883491_20220629_191819,103366,40.386816,-124.285409,30.591,4.8,-20.3,-8.7,53.7,58.2,39.0,2022,6,29,19,18,19.3,0.0,1,5,0,0,0.013,-9.0,41,2022-06-29T19:18:19.300Z
nc73883491_20220802_134654,103367,40.387679,-124.279598,30.598,498.2,75.5,-1.8,249.8,74.1,47.4,2022,8,2,13,46,54.32,0.0,2,3,0,0,0.028,-9.0,41,2022-08-02T13:46:54.320Z
nc73883491_20220901_221711,103369,40.386918,-124.286068,30.591,-51.1,-9.0,-8.5,102.6,60.0,36.6,2022,9,1,22,17,11.24,0.0,1,3,0,0,0.006,-9.0,41,2022-09-01T22:17:11.240Z
nc73883491_20221013_060538,103370,40.387801,-124.288607,30.581,-266.7,89.0,-19.0,389.9,75.2,41.4,2022,10,13,6,5,38.26,0.0,2,1,0,0,0.001,-9.0,41,2022-10-13T06:05:38.260Z
nc73883491,110320,40.386906,-124.285457,30.601,0.7,-10.4,1.4,51.0,53.3,37.0,2023,5,3,16,44,54.56,1.67,32,113,0,0,0.021,-9.0,41,2023-05-03T16:44:54.560Z
1015345_20200203_104003,100617,40.440849,-124.644076,26.387,-1.4,-16.7,-13.4,28.8,59.4,58.3,2020,2,3,10,40,3.92,0.0,1,3,0,0,0.008,-9.0,42,2020-02-03T10:40:03.920Z
1015345_20200407_080237,100621,40.440556,-124.644124,26.344,-5.5,-49.3,-56.2,64.8,110.5,178.0,2020,4,7,8,2,37.78,0.0,1,3,0,0,0.04,-9.0,42,2020-04-07T08:02:37.780Z
1015345_20200621_063746,100628,40.44102,-124.644165,26.416,-9.0,2.3,16.4,33.1,52.6,88.0,2020,6,21,6,37,46.7,0.0,0,4,0,0,0.011,-9.0,42,2020-06-21T06:37:46.700Z
1015345_20200803_063802,100632,40.441003,-124.644157,26.417,-8.3,0.5,17.1,39.3,73.2,119.3,2020,8,3,6,38,2.84,0.0,3,4,0,0,0.016,-9.0,42,2020-08-03T06:38:02.840Z
1015345_20200803_070001,100633,40.441069,-124.644165,26.427,-9.0,7.7,27.1,32.1,48.7,85.4,2020,8,3,7,0,1.48,0.0,0,4,0,0,0.005,-9.0,42,2020-08-03T07:00:01.480Z
1015345_20201203_111959,100642,40.440857,-124.644214,26.434,-13.1,-15.8,33.7,36.8,99.2,103.6,2020,12,3,11,19,59.44,0.0,1,3,0,0,0.018,-9.0,42,2020-12-03T11:19:59.440Z
1015345_20210218_204606,100644,40.440922,-124.644067,26.371,-0.7,-8.6,-28.9,28.2,46.2,86.0,2021,2,18,20,46,6.36,0.0,1,4,0,0,0.012,-9.0,42,2021-02-18T20:46:06.360Z
1015345_20210515_180155,100651,40.440763,-124.644043,26.343,1.4,-26.2,-56.5,29.3,68.6,88.4,2021,5,15,18,1,55.86,0.0,1,3,0,0,0.014,-9.0,42,2021-05-15T18:01:55.860Z
1015345_20210529_233546,100660,40.441007,-124.644116,26.361,-4.8,0.9,-39.5,33.8,46.5,114.0,2021,5,29,23,35,46.22,0.0,1,3,0,0,0.015,-9.0,42,2021-05-29T23:35:46.220Z
1015345_20210605_045051,100661,40.440857,-124.643929,26.35,11.0,-15.8,-50.1,41.6,72.5,103.9,2021,6,5,4,50,51.36,0.0,3,3,0,0,0.012,-9.0,42,2021-06-05T04:50:51.360Z
1015345_20210610_115054,100664,40.440869,-124.644035,26.346,2.1,-14.5,-54.4,33.7,45.9,86.9,2021,6,10,11,50,54.66,0.0,0,4,0,0,0.01,-9.0,42,2021-06-10T11:50:54.660Z
1015345_20210618_171833,100665,40.440845,-124.64401,26.355,4.1,-17.2,-44.6,32.3,47.2,71.3,2021,6,18,17,18,33.52,0.0,0,4,0,0,0.008,-9.0,42,2021-06-18T17:18:33.520Z
1015345_20210701_000714,100666,40.441073,-124.644246,26.439,-15.9,8.1,38.7,40.6,61.1,93.0,2021,7,1,0,7,14.98,0.0,0,4,0,0,0.007,-9.0,42,2021-07-01T00:07:14.980Z
1015345_20210812_121129,100677,40.440983,-124.644084,26.369,-2.1,-1.8,-30.9,35.8,55.7,80.7,2021,8,12,12,11,29.14,0.0,2,3,0,0,0.011,-9.0,42,2021-08-12T12:11:29.140Z
1015345_20210929_192312,100687,40.441158,-124.644181,26.407,-10.4,17.6,6.6,41.4,60.8,89.9,2021,9,29,19,23,12.96,0.0,1,4,0,0,0.03,-9.0,42,2021-09-29T19:23:12.960Z
1015345_20211027_124447,100692,40.440857,-124.644067,26.348,-0.7,-15.8,-51.6,36.6,48.1,90.6,2021,10,27,12,44,47.16,0.0,0,4,0,0,0.016,-9.0,42,2021-10-27T12:44:47.160Z
1015345_20211108_015617,100696,40.441024,-124.644124,26.399,-5.5,2.7,-1.3,31.1,46.2,70.0,2021,11,8,1,56,17.4,0.0,0,4,0,0,0.008,-9.0,42,2021-11-08T01:56:17.400Z
1015345_20211115_174718,100699,40.441044,-124.644246,26.41,-15.9,5.0,9.8,53.5,79.7,121.5,2021,11,15,17,47,18.3,0.0,0,3,0,0,0.012,-9.0,42,2021-11-15T17:47:18.300Z
1015345_20211129_120528,100703,40.441134,-124.644124,26.42,-5.5,14.9,20.1,27.6,57.4,70.6,2021,11,29,12,5,28.88,0.0,3,5,0,0,0.011,-9.0,42,2021-11-29T12:05:28.880Z
1015345_20220112_053110,100709,40.441077,-124.644173,26.412,-9.7,8.6,12.2,34.5,51.1,82.6,2022,1,12,5,31,10.94,0.0,0,4,0,0,0.011,-9.0,42,2022-01-12T05:31:10.940Z
1015345_20220218_202419,100714,40.440995,-124.644108,26.379,-4.1,-0.5,-21.3,31.1,43.9,83.1,2022,2,18,20,24,19.14,0.0,0,4,0,0,0.01,-9.0,42,2022-02-18T20:24:19.140Z
1015345_20220414_234407,100722,40.441089,-124.644173,26.412,-9.7,9.9,12.4,34.0,49.2,80.3,2022,4,14,23,44,7.94,0.0,0,4,0,0,0.009,-9.0,42,2022-04-14T23:44:07.940Z
1015345_20220416_135124,100724,40.440959,-124.644238,26.433,-15.2,-4.5,32.9,38.9,74.4,92.1,2022,4,16,13,51,24.86,0.0,2,4,0,0,0.035,-9.0,42,2022-04-16T13:51:24.860Z
1015345_20220504_155236,100727,40.440955,-124.644173,26.376,-9.7,-5.0,-24.3,35.4,71.9,120.8,2022,5,4,15,52,36.5,0.0,1,4,0,0,0.02,-9.0,42,2022-05-04T15:52:36.500Z
1015345_20220516_011236,100728,40.441036,-124.644149,26.403,-7.6,4.1,3.3,33.2,49.0,75.9,2022,5,16,1,12,36.44,0.0,0,4,0,0,0.011,-9.0,42,2022-05-16T01:12:36.440Z
1015345_20220606_041520,100732,40.440918,-124.644059,26.385,0.0,-9.0,-15.3,29.6,44.7,65.6,2022,6,6,4,15,20.0,0.0,0,4,0,0,0.004,-9.0,42,2022-06-06T04:15:20.000Z
1015345_20220612_040155,100734,40.440922,-124.64423,26.382,-14.5,-8.6,-17.8,65.5,98.7,149.0,2022,6,12,4,1,55.76,0.0,0,3,0,0,0.017,-9.0,42,2022-06-12T04:01:55.760Z
1015345_20220808_093304,100745,40.441085,-124.644214,26.408,-13.1,9.5,8.4,39.5,70.5,117.5,2022,8,8,9,33,4.68,0.0,2,4,0,0,0.018,-9.0,42,2022-08-08T09:33:04.680Z
1015345_20221114_225243,100756,40.440951,-124.644084,26.356,-2.1,-5.4,-43.7,30.0,42.4,102.3,2022,11,14,22,52,43.06,0.0,1,4,0,0,0.011,-9.0,42,2022-11-14T22:52:43.060Z
1015345,110290,40.441024,-124.644059,26.411,0.0,2.7,10.9,29.5,45.6,74.0,2023,2,3,19,43,4.72,1.42,24,108,0,0,0.017,-9.0,42,2023-02-03T19:43:04.720Z
1014366_20200711_171952,108362,40.490621,-124.207023,20.691,-260.1,-78.6,-376.8,2.8,1.9,2.9,2020,7,11,17,19,52.6,0.0,0,3,0,32,0.001,0.014,43,2020-07-11T17:19:52.600Z
1014366_20200812_112824,108363,40.490653,-124.206982,20.669,-256.7,-75.0,-398.5,4.9,4.8,3.4,2020,8,12,11,28,24.93,0.0,2,4,14,39,0.012,0.016,43,2020-08-12T11:28:24.930Z
1014366_20200812_112332,108364,40.490601,-124.206787,20.678,-240.1,-80.9,-389.5,2.8,2.0,2.8,2020,8,12,11,23,32.81,0.0,0,4,0,32,0.018,0.015,43,2020-08-12T11:23:32.810Z
1014366_20200816_232148,108365,40.491219,-124.205029,20.756,-91.1,-12.2,-311.0,6.0,2.4,3.1,2020,8,16,23,21,48.48,0.0,1,2,1,3,0.005,0.009,43,2020-08-16T23:21:48.480Z
1014366_20201004_093729,108366,40.490499,-124.207788,20.723,-325.0,-92.2,-344.3,3.9,4.3,3.2,2020,10,4,9,37,29.71,0.0,0,3,4,12,0.006,0.011,43,2020-10-04T09:37:29.710Z
1014366_20201008_044656,108367,40.491097,-124.206519,20.707,-217.3,-25.8,-360.2,2.2,1.5,2.6,2020,10,8,4,46,56.67,0.0,1,3,3,9,0.004,0.009,43,2020-10-08T04:46:56.670Z
1014366_20210219_095421,108369,40.49078,-124.206763,20.724,-238.0,-61.0,-343.1,3.1,2.2,2.5,2021,2,19,9,54,21.03,0.0,4,6,20,52,0.009,0.011,43,2021-02-19T09:54:21.030Z
1014366_20210601_215542,108370,40.49082,-124.20769,20.71,-316.7,-56.5,-356.9,5.3,3.5,2.3,2021,6,1,21,55,42.42,0.0,0,7,0,61,0.009,0.017,43,2021-06-01T21:55:42.420Z
1014366_20220207_114635,108373,40.491833,-124.206299,20.641,-198.7,56.0,-426.8,5.0,4.2,3.8,2022,2,7,11,46,35.27,0.0,2,3,10,12,0.009,0.018,43,2022-02-07T11:46:35.270Z
1014366_20220212_154427,108374,40.490894,-124.206934,20.702,-252.5,-48.3,-365.1,2.8,2.1,2.2,2022,2,12,15,44,27.5,0.0,4,6,20,63,0.006,0.012,43,2022-02-12T15:44:27.500Z
1014366_20220421_170741,108375,40.491536,-124.205998,20.678,-173.2,23.0,-389.2,5.1,3.9,3.3,2022,4,21,17,7,41.1,0.0,6,6,35,71,0.01,0.013,43,2022-04-21T17:07:41.100Z
1014366_20220422_175541,108376,40.49117,-124.206201,20.691,-190.4,-17.6,-376.5,2.8,2.5,2.8,2022,4,22,17,55,41.66,0.0,1,4,4,27,0.009,0.01,43,2022-04-22T17:55:41.660Z
1014366_20220727_043527,108378,40.49106,-124.206462,20.705,-212.5,-29.8,-361.9,3.4,2.0,1.8,2022,7,27,4,35,27.98,0.0,0,6,0,39,0.005,0.008,43,2022-07-27T04:35:27.980Z
1014366_20220803_063348,108379,40.491199,-124.207259,20.704,-280.1,-14.5,-363.0,4.8,3.3,1.6,2022,8,3,6,33,48.05,0.0,0,4,0,17,0.012,0.012,43,2022-08-03T06:33:48.050Z
1014366_20220901_104509,108380,40.49176,-124.206437,20.704,-210.4,47.9,-363.4,4.2,3.5,2.6,2022,9,1,10,45,9.87,0.0,0,5,0,44,0.011,0.019,43,2022-09-01T10:45:09.870Z
1014366_20221126_103434,108381,40.491138,-124.206592,20.706,-223.5,-21.2,-361.3,2.5,2.1,0.9,2022,11,26,10,34,34.0,0.0,1,3,6,12,0.003,0.01,43,2022-11-26T10:34:34.000Z
1015404_20211222_073816,108454,40.484029,-124.236735,19.094,-2779.2,-810.6,-1972.9,4.3,2.1,1.9,2021,12,22,7,38,16.61,0.0,3,3,8,3,0.005,0.014,43,2021-12-22T07:38:16.610Z
1016267_20210303_214303,109536,40.490035,-124.200106,22.414,326.3,-143.7,1346.8,3.7,3.3,3.3,2021,3,3,21,43,3.72,0.0,2,2,7,6,0.009,0.013,43,2021-03-03T21:43:03.720Z
1016267_20210927_025808,109537,40.490767,-124.19939,22.436,387.1,-62.4,1368.7,4.2,3.9,4.4,2021,9,27,2,58,8.37,0.0,2,2,7,6,0.017,0.013,43,2021-09-27T02:58:08.370Z
1016267_20211223_143721,109538,40.489213,-124.201188,22.416,234.6,-235.0,1348.4,3.5,3.8,3.4,2021,12,23,14,37,21.58,0.0,1,2,5,4,0.019,0.019,43,2021-12-23T14:37:21.580Z
1016267_20220912_035929,109539,40.490169,-124.199959,22.447,338.8,-128.8,1379.5,3.6,2.7,2.7,2022,9,12,3,59,29.21,0.0,2,2,8,6,0.007,0.017,43,2022-09-12T03:59:29.210Z
1016267_20221008_064127,109540,40.490161,-124.199951,22.447,339.4,-129.7,1379.6,3.6,2.7,2.7,2022,10,8,6,41,27.07,0.0,2,2,8,6,0.007,0.017,43,2022-10-08T06:41:27.070Z
1018357_20210604_212158,109635,40.497811,-124.176587,21.209,2320.1,719.8,142.1,37.2,6.0,9.2,2021,6,4,21,21,58.2,0.0,1,0,0,0,0.007,-9.0,43,2021-06-04T21:21:58.200Z
1018357_20211220_211732,109636,40.500537,-124.187598,21.861,1386.7,1022.5,793.2,5.6,4.6,4.8,2021,12,20,21,17,33.0,0.0,2,5,8,11,0.009,0.024,43,2021-12-20T21:17:33.000Z
1018357_20220525_080448,109637,40.495976,-124.191382,21.582,1065.9,516.0,514.3,5.4,8.5,5.6,2022,5,25,8,4,48.4,0.0,1,0,0,0,0.0,-9.0,43,2022-05-25T08:04:48.400Z
1016667,110460,40.48656,-124.182365,20.36,1830.5,-529.6,-707.0,3.2,2.7,4.0,2023,3,15,6,1,38.12,0.94,0,0,17,6,-9.0,0.013,43,2023-03-15T06:01:38.120Z
1014366,110498,40.491069,-124.206258,20.709,-195.3,-28.9,-358.8,1.8,1.3,1.1,2023,1,15,11,51,19.2,1.5,22,69,44,84,0.009,0.013,43,2023-01-15T11:51:19.200Z
1015404,110504,40.48394,-124.237695,19.099,-2860.6,-820.5,-1968.3,4.3,2.1,1.9,2023,2,5,13,48,53.11,1.08,3,3,11,3,0.005,0.012,43,2023-02-05T13:48:53.110Z
1016267,110642,40.489347,-124.199479,22.45,379.5,-220.0,1383.0,3.2,2.8,3.0,2023,2,27,12,40,1.28,1.39,9,10,21,21,0.012,0.013,43,2023-02-27T12:40:01.280Z
1018357,110662,40.500346,-124.190055,21.946,1178.3,1001.3,879.1,5.2,4.1,4.5,2023,5,9,11,38,20.71,1.02,4,5,21,5,0.009,0.028,43,2023-05-09T11:38:20.710Z
1011584_20200229_063204,104315,40.499837,-124.471582,28.793,-11.0,-39.8,-27.2,26.1,30.1,29.8,2020,2,29,6,32,4.22,0.0,2,3,11,22,0.018,0.04,44,2020-02-29T06:32:04.220Z
1011584_20200229_051055,104316,40.500012,-124.471257,28.783,16.6,-20.3,-36.8,20.5,20.8,25.6,2020,2,29,5,10,55.44,0.0,1,3,2,6,0.012,0.027,44,2020-02-29T05:10:55.440Z
1011584_20200309_040543,104318,40.499166,-124.472046,28.792,-50.4,-114.3,-28.5,39.0,51.6,47.0,2020,3,9,4,5,43.23,0.0,1,3,2,6,0.052,0.025,44,2020-03-09T04:05:43.230Z
1011584_20200407_203732,104320,40.499589,-124.471126,28.713,27.6,-67.3,-107.3,22.2,22.5,32.1,2020,4,7,20,37,32.44,0.0,1,4,3,30,0.034,0.022,44,2020-04-07T20:37:32.440Z
1011584_20200825_001444,104328,40.500163,-124.471273,28.818,15.2,-3.6,-1.5,23.2,27.3,30.7,2020,8,25,0,14,44.69,0.0,0,3,2,6,0.015,0.012,44,2020-08-25T00:14:44.690Z
1011584_20210218_074128,104329,40.499947,-124.471452,28.807,0.0,-27.6,-12.7,21.3,24.9,26.2,2021,2,18,7,41,28.86,0.0,2,2,2,2,0.003,0.005,44,2021-02-18T07:41:28.860Z
1011584_20210508_092014,104331,40.499316,-124.472176,28.881,-61.4,-97.6,61.0,23.4,39.9,26.8,2021,5,8,9,20,14.79,0.0,1,3,5,15,0.049,0.014,44,2021-05-08T09:20:14.790Z
1011584_20210704_091756,104335,40.499939,-124.471086,28.783,31.0,-28.5,-37.0,21.0,20.1,23.7,2021,7,4,9,17,56.0,0.0,0,4,0,24,0.005,0.009,44,2021-07-04T09:17:56.000Z
1011584_20210709_085826,104338,40.500232,-124.471403,28.896,4.1,4.1,76.3,39.6,36.8,45.0,2021,7,9,8,58,26.49,0.0,0,3,5,9,0.022,0.018,44,2021-07-09T08:58:26.490Z
1011584_20210722_170320,104341,40.497709,-124.470199,28.722,106.2,-276.1,-98.1,41.8,35.6,46.9,2021,7,22,17,3,20.4,0.0,0,3,2,6,0.064,0.047,44,2021-07-22T17:03:20.400Z
1011584_20210812_220524,104346,40.499809,-124.471501,28.807,-4.1,-42.9,-12.7,22.5,26.1,24.8,2021,8,12,22,5,24.04,0.0,0,4,0,24,0.014,0.018,44,2021-08-12T22:05:24.040Z
1011584_20210909_172927,104348,40.500077,-124.470646,28.744,68.3,-13.1,-76.0,26.9,31.5,23.4,2021,9,9,17,29,27.16,0.0,0,4,0,24,0.019,0.013,44,2021-09-09T17:29:27.160Z
1011584_20210911_034009,104349,40.500065,-124.471232,28.777,18.6,-14.5,-43.0,20.0,21.9,25.2,2021,9,11,3,40,9.64,0.0,0,4,0,24,0.009,0.011,44,2021-09-11T03:40:09.640Z
1011584_20210925_022647,104353,40.504016,-124.477938,29.504,-549.8,424.3,684.2,49.6,45.2,52.2,2021,9,25,2,26,47.51,0.0,4,0,0,0,0.04,-9.0,44,2021-09-25T02:26:47.510Z
1011584_20211031_060624,104355,40.499528,-124.472005,28.836,-46.9,-74.1,15.7,21.2,31.3,27.6,2021,10,31,6,6,24.25,0.0,1,4,7,39,0.046,0.013,44,2021-10-31T06:06:24.250Z
1011584_20211031_061151,104356,40.499483,-124.472103,28.831,-55.2,-79.1,10.6,22.4,36.7,27.3,2021,10,31,6,11,51.89,0.0,1,4,7,39,0.043,0.013,44,2021-10-31T06:11:51.890Z
1011584_20211120_072409,104357,40.500212,-124.471403,28.791,4.1,1.8,-28.5,19.6,22.8,27.8,2021,11,20,7,24,9.4,0.0,0,4,0,24,0.011,0.015,44,2021-11-20T07:24:09.400Z
1011584_20211218_092532,104358,40.49991,-124.471273,28.782,15.2,-31.6,-37.7,20.3,21.1,24.3,2021,12,18,9,25,32.0,0.0,4,4,20,51,0.004,0.031,44,2021-12-18T09:25:32.000Z
1011584_20211218_223954,104359,40.500326,-124.471322,28.889,11.0,14.5,69.1,34.2,24.7,25.6,2021,12,18,22,39,54.4,0.0,1,4,3,26,0.037,0.019,44,2021-12-18T22:39:54.400Z
1011584_20211218_090950,104360,40.500102,-124.471167,28.809,24.1,-10.4,-10.7,23.7,21.0,25.9,2021,12,18,9,9,50.14,0.0,0,4,0,24,0.012,0.014,44,2021-12-18T09:09:50.140Z
1011584_20211220_215257,104364,40.500134,-124.471566,28.862,-9.7,-6.8,42.2,29.9,31.6,33.9,2021,12,20,21,52,57.44,0.0,0,4,6,29,0.025,0.015,44,2021-12-20T21:52:57.440Z
1011584_20211220_202046,104365,40.50013,-124.470662,28.743,66.9,-7.2,-76.6,26.9,32.7,24.3,2021,12,20,20,20,46.04,0.0,0,4,0,24,0.02,0.012,44,2021-12-20T20:20:46.040Z
1011584_20220118_195740,104368,40.499207,-124.47203,28.862,-49.0,-109.8,42.5,31.9,33.3,42.5,2022,1,18,19,57,40.26,0.0,1,3,5,15,0.074,0.013,44,2022-01-18T19:57:40.260Z
1011584_20220123_141428,104369,40.498926,-124.471419,28.683,2.8,-141.0,-136.9,37.3,39.8,29.0,2022,1,23,14,14,28.07,0.0,2,2,6,6,0.059,0.046,44,2022-01-23T14:14:28.070Z
1011584_20220218_032635,104370,40.499483,-124.469108,28.75,198.7,-79.1,-70.4,36.6,35.6,48.6,2022,2,18,3,26,35.75,0.0,0,3,2,6,0.048,0.039,44,2022-02-18T03:26:35.750Z
1011584_20220303_005153,104371,40.499487,-124.471704,28.829,-21.4,-78.6,9.0,20.7,25.8,27.2,2022,3,3,0,51,53.95,0.0,0,3,5,15,0.011,0.012,44,2022-03-03T00:51:53.950Z
1011584_20220320_120654,104372,40.499422,-124.472502,28.858,-89.0,-85.8,37.9,26.8,45.5,30.1,2022,3,20,12,6,54.34,0.0,1,3,4,12,0.054,0.024,44,2022-03-20T12:06:54.340Z
1011584_20220322_205634,104373,40.497331,-124.469914,28.441,130.4,-318.1,-379.1,47.4,77.6,58.2,2022,3,22,20,56,34.16,0.0,2,1,6,6,0.078,0.089,44,2022-03-22T20:56:34.160Z
1011584,110336,40.500354,-124.471305,28.804,12.4,17.6,-15.6,19.5,22.6,22.7,2022,12,22,20,56,54.8,1.39,25,90,5,36,0.037,0.024,44,2022-12-22T20:56:54.800Z
1016064_20200414_062307,107373,40.473279,-124.492928,16.98,4.1,9.0,10.3,11.6,17.4,26.4,2020,4,14,6,23,7.0,0.0,2,2,0,0,0.007,-9.0,45,2020-04-14T06:23:07.000Z
1016064_20200615_014651,107379,40.473238,-124.492944,16.982,2.8,4.5,12.2,12.1,11.8,20.0,2020,6,15,1,46,51.58,0.0,1,3,0,0,0.006,-9.0,45,2020-06-15T01:46:51.580Z
1016064_20200727_044634,107387,40.473238,-124.493018,16.985,-3.5,4.5,14.8,7.6,15.3,23.9,2020,7,27,4,46,34.38,0.0,3,4,0,0,0.004,-9.0,45,2020-07-27T04:46:34.380Z
1016064_20200830_190440,107392,40.473328,-124.492952,17.004,2.1,14.5,33.7,13.3,17.0,26.2,2020,8,30,19,4,40.04,0.0,2,4,0,0,0.013,-9.0,45,2020-08-30T19:04:40.040Z
1016064_20200903_102336,107394,40.473242,-124.492936,16.981,3.5,5.0,11.4,11.2,12.6,21.6,2020,9,3,10,23,36.5,0.0,1,4,0,0,0.012,-9.0,45,2020-09-03T10:23:36.500Z
1016064_20200929_122230,107395,40.473234,-124.492806,16.946,14.5,4.1,-23.6,17.6,28.7,47.2,2020,9,29,12,22,30.88,0.0,2,2,0,0,0.015,-9.0,45,2020-09-29T12:22:30.880Z
1016064_20201124_203618,107400,40.473169,-124.492896,16.945,6.9,-3.2,-24.9,14.2,20.9,36.9,2020,11,24,20,36,18.5,0.0,1,3,0,0,0.011,-9.0,45,2020-11-24T20:36:18.500Z
1016064_20210219_155207,107408,40.473185,-124.492928,16.956,4.1,-1.4,-14.5,12.7,18.1,31.9,2021,2,19,15,52,7.82,0.0,1,3,0,0,0.011,-9.0,45,2021-02-19T15:52:07.820Z
1016064_20210307_103531,107410,40.473303,-124.492961,16.987,1.4,11.7,17.5,10.3,18.1,24.8,2021,3,7,10,35,31.16,0.0,2,3,0,0,0.008,-9.0,45,2021-03-07T10:35:31.160Z
1016064_20210425_185425,107414,40.473291,-124.493026,17.0,-4.1,10.4,29.6,10.2,15.8,27.9,2021,4,25,18,54,25.16,0.0,1,3,0,0,0.004,-9.0,45,2021-04-25T18:54:25.160Z
1016064_20210428_063218,107415,40.473181,-124.492904,16.959,6.2,-1.8,-11.4,12.8,16.6,26.4,2021,4,28,6,32,18.44,0.0,3,4,0,0,0.005,-9.0,45,2021-04-28T06:32:18.440Z
1016064_20210503_020628,107416,40.473271,-124.493026,16.991,-4.1,8.1,21.3,11.0,17.5,29.5,2021,5,3,2,6,28.96,0.0,3,4,0,0,0.005,-9.0,45,2021-05-03T02:06:28.960Z
1016064_20210530_113749,107417,40.473307,-124.49292,16.989,4.8,12.2,18.9,12.4,17.9,24.4,2021,5,30,11,37,49.54,0.0,1,3,0,0,0.007,-9.0,45,2021-05-30T11:37:49.540Z
1016064_20210718_150220,107421,40.473234,-124.493018,16.984,-3.5,4.1,13.7,7.6,15.3,23.9,2021,7,18,15,2,20.76,0.0,3,4,0,0,0.004,-9.0,45,2021-07-18T15:02:20.760Z
1016064_20210718_153152,107422,40.473201,-124.492944,16.967,2.8,0.5,-3.1,8.9,11.1,19.1,2021,7,18,15,31,52.42,0.0,0,4,0,0,0.004,-9.0,45,2021-07-18T15:31:52.420Z
1016064_20210727_135130,107423,40.473267,-124.493034,16.991,-4.8,7.7,20.6,10.0,14.8,25.2,2021,7,27,13,51,30.02,0.0,2,4,0,0,0.004,-9.0,45,2021-07-27T13:51:30.020Z
1016064_20210730_002304,107424,40.473193,-124.492928,16.962,4.1,-0.5,-7.5,12.2,15.3,24.3,2021,7,30,0,23,4.58,0.0,3,4,0,0,0.007,-9.0,45,2021-07-30T00:23:04.580Z
1016064_20210731_083109,107425,40.47323,-124.492993,16.975,-1.4,3.6,5.0,7.8,13.2,22.4,2021,7,31,8,31,9.42,0.0,2,3,0,0,0.006,-9.0,45,2021-07-31T08:31:09.420Z
1016064_20210822_095736,107427,40.473299,-124.492944,16.99,2.8,11.3,19.6,11.1,16.4,24.4,2021,8,22,9,57,36.52,0.0,2,3,0,0,0.007,-9.0,45,2021-08-22T09:57:36.520Z
1016064_20210828_184943,107431,40.473226,-124.492985,16.974,-0.7,3.2,4.0,8.7,12.2,22.2,2021,8,28,18,49,43.48,0.0,1,3,0,0,0.007,-9.0,45,2021-08-28T18:49:43.480Z
1016064_20210926_095624,107433,40.473307,-124.492961,16.989,1.4,12.2,18.8,10.2,18.0,24.7,2021,9,26,9,56,24.08,0.0,2,3,0,0,0.008,-9.0,45,2021-09-26T09:56:24.080Z
1016064_20211204_021707,107439,40.473267,-124.493026,16.992,-4.1,7.7,21.8,11.1,16.8,30.1,2021,12,4,2,17,7.06,0.0,3,3,0,0,0.005,-9.0,45,2021-12-04T02:17:07.060Z
1016064_20211229_220301,107440,40.473279,-124.492896,16.983,6.9,9.0,12.8,13.9,20.1,27.6,2021,12,29,22,3,1.54,0.0,2,4,0,0,0.012,-9.0,45,2021-12-29T22:03:01.540Z
1016064_20220213_083550,107445,40.473291,-124.493034,17.0,-4.8,10.4,29.6,10.3,15.4,27.3,2022,2,13,8,35,50.88,0.0,1,3,0,0,0.004,-9.0,45,2022-02-13T08:35:50.880Z
1016064_20220505_123231,107453,40.473181,-124.492904,16.959,6.2,-1.8,-11.4,13.0,16.8,26.9,2022,5,5,12,32,31.18,0.0,3,4,0,0,0.005,-9.0,45,2022-05-05T12:32:31.180Z
1016064_20221005_161257,107460,40.47323,-124.492993,16.976,-1.4,3.6,5.8,8.7,12.4,22.6,2022,10,5,16,12,57.18,0.0,1,3,0,0,0.007,-9.0,45,2022-10-05T16:12:57.180Z
1016064_20221018_054238,107461,40.473291,-124.493034,17.0,-4.8,10.4,30.1,10.6,15.6,27.9,2022,10,18,5,42,38.7,0.0,1,3,0,0,0.004,-9.0,45,2022-10-18T05:42:38.700Z
1016064,110437,40.473157,-124.493026,16.96,-4.1,-4.5,-9.9,9.0,13.2,21.4,2023,2,22,3,3,18.93,1.24,49,90,0,0,0.008,-9.0,45,2023-02-22T03:03:18.930Z
1011968_20201121_062535,108433,40.748787,-124.234115,12.474,7403.1,2015.7,3040.2,7.8,5.6,8.3,2020,11,21,6,25,35.71,0.0,1,3,2,6,0.029,0.008,46,2020-11-21T06:25:35.710Z
1011968_20201121_072609,108434,40.748787,-124.234155,12.475,7399.7,2015.7,3041.2,7.8,5.5,8.5,2020,11,21,7,26,9.43,0.0,1,3,2,6,0.029,0.008,46,2020-11-21T07:26:09.430Z
1011968_20210918_090503,108435,40.748873,-124.237354,12.285,7129.5,2025.2,2850.5,16.0,5.8,11.3,2021,9,18,9,5,3.0,0.0,2,2,2,3,0.019,0.021,46,2021-09-18T09:05:03.000Z
1011968_20220118_232405,108436,40.748804,-124.23562,12.36,7275.9,2017.6,2926.2,17.2,5.7,11.3,2022,1,18,23,24,5.96,0.0,0,4,0,20,0.01,0.015,46,2022-01-18T23:24:05.960Z
1011968_20220118_232502,108437,40.748804,-124.235661,12.362,7272.5,2017.6,2927.7,17.3,5.6,11.3,2022,1,18,23,25,2.12,0.0,0,4,0,20,0.01,0.015,46,2022-01-18T23:25:02.120Z
1011968_20220119_203345,108438,40.74858,-124.233634,12.501,7443.7,1992.7,3066.3,23.6,7.1,18.9,2022,1,19,20,33,45.52,0.0,0,4,6,19,0.032,0.022,46,2022-01-19T20:33:45.520Z
1011968_20220119_212933,108439,40.748771,-124.234147,12.389,7400.3,2013.9,2954.4,18.1,6.8,12.6,2022,1,19,21,29,33.96,0.0,0,4,3,20,0.015,0.011,46,2022-01-19T21:29:33.960Z
1011968_20220120_000619,108440,40.748702,-124.233008,12.31,7496.6,2006.3,2875.5,20.8,6.8,14.3,2022,1,20,0,6,19.71,0.0,0,4,5,20,0.021,0.012,46,2022-01-20T00:06:19.710Z
1018742_20200822_024634,108960,40.735962,-124.292065,4.769,2508.5,591.5,-4665.0,4.3,6.6,10.3,2020,8,22,2,46,34.72,0.0,1,1,1,1,0.006,0.003,46,2020-08-22T02:46:34.720Z
1018742_20220924_170817,108961,40.737256,-124.29222,5.57,2495.4,735.2,-3864.2,8.2,3.5,7.1,2022,9,24,17,8,18.02,0.0,0,3,0,3,0.009,0.02,46,2022-09-24T17:08:18.020Z
1016900_20220605_082645,110222,40.721045,-124.381055,7.183,-5009.3,-1065.0,-2251.6,6.8,5.7,10.2,2022,6,5,8,26,45.36,0.0,1,5,3,20,0.018,0.014,46,2022-06-05T08:26:45.360Z
1016900_20220605_085154,110223,40.720964,-124.380705,7.234,-4979.7,-1074.1,-2199.9,6.7,6.3,5.3,2022,6,5,8,51,54.15,0.0,2,5,10,26,0.018,0.021,46,2022-06-05T08:51:54.150Z
1016900_20220605_082825,110224,40.720793,-124.380916,7.245,-4997.6,-1093.0,-2188.8,6.3,6.6,7.7,2022,6,5,8,28,25.06,0.0,1,4,3,16,0.014,0.011,46,2022-06-05T08:28:25.060Z
1016900_20220620_001917,110227,40.720618,-124.380648,7.25,-4974.9,-1112.5,-2184.2,6.5,5.9,9.1,2022,6,20,0,19,17.92,0.0,0,5,0,19,0.009,0.018,46,2022-06-20T00:19:17.920Z
1014284_20220505_204011,110230,40.735327,-124.370142,9.852,-4086.9,521.0,417.4,12.3,7.0,10.9,2022,5,5,20,40,11.06,0.0,3,1,4,2,0.004,0.025,46,2022-05-05T20:40:11.060Z
1008290_20220807_062812,110236,40.704924,-124.372119,8.667,-4254.9,-2855.3,-767.6,5.4,2.9,4.9,2022,8,7,6,28,12.42,0.0,2,3,12,17,0.005,0.014,46,2022-08-07T06:28:12.420Z
1008290_20221102_080119,110238,40.704919,-124.372103,8.67,-4253.5,-2855.7,-764.1,4.6,2.4,4.5,2022,11,2,8,1,19.38,0.0,2,3,12,17,0.005,0.013,46,2022-11-02T08:01:19.380Z
1008290_20221103_134628,110239,40.704924,-124.372119,8.669,-4254.9,-2855.3,-765.5,4.6,2.4,4.5,2022,11,3,13,46,28.0,0.0,2,3,12,17,0.005,0.013,46,2022-11-03T13:46:28.000Z
1008290_20221116_064746,110240,40.704993,-124.372396,8.656,-4278.3,-2847.6,-778.6,5.8,3.0,6.5,2022,11,16,6,47,46.28,0.0,2,3,12,16,0.008,0.011,46,2022-11-16T06:47:46.280Z
1008290_20221130_083359,110241,40.705009,-124.372428,8.646,-4281.0,-2845.8,-788.0,5.9,2.9,5.9,2022,11,30,8,33,59.06,0.0,2,3,12,16,0.006,0.012,46,2022-11-30T08:33:59.060Z
1011968,110502,40.748674,-124.235872,12.327,7254.6,2003.1,2892.8,9.6,4.8,9.6,2022,12,23,17,30,27.28,1.15,4,28,10,28,0.022,0.014,46,2022-12-23T17:30:27.280Z
1018742,110573,40.737354,-124.294246,5.787,2324.2,746.0,-3647.6,5.1,3.2,5.8,2023,5,22,19,5,30.1,1.3,1,4,1,4,0.008,0.016,46,2023-05-22T19:05:30.100Z
1016900,110777,40.721094,-124.380282,7.385,-4944.0,-1059.6,-2049.3,6.2,5.3,6.6,2023,3,23,6,3,8.55,1.25,4,19,13,27,0.016,0.028,46,2023-03-23T06:03:08.550Z
1014284,110779,40.734623,-124.373193,10.013,-4344.7,442.8,578.9,12.2,7.0,12.5,2023,1,12,21,3,16.06,1.83,3,1,5,7,0.004,0.027,46,2023-01-12T21:03:16.060Z
1008290,110784,40.705066,-124.371712,8.692,-4220.5,-2839.5,-741.8,5.1,2.4,4.9,2022,12,20,0,57,24.39,1.03,10,15,12,20,0.006,0.017,46,2022-12-20T00:57:24.390Z
1016610_20200117_094559,103991,40.298503,-124.340405,9.659,-2667.0,-1622.5,-139.8,11.5,9.0,8.1,2020,1,17,9,45,59.13,0.0,0,4,0,4,0.026,0.014,47,2020-01-17T09:45:59.130Z
1016610_20200510_034252,103993,40.30068,-124.340413,9.55,-2667.6,-1380.8,-248.6,10.3,13.6,13.8,2020,5,10,3,42,52.93,0.0,1,1,3,9,0.021,0.055,47,2020-05-10T03:42:52.930Z
1016610_20200510_053535,103994,40.301782,-124.340592,9.557,-2682.8,-1258.3,-242.2,11.1,19.0,13.4,2020,5,10,5,35,34.99,0.0,1,1,2,5,0.03,0.025,47,2020-05-10T05:35:34.990Z
1016610_20200914_090119,103998,40.298018,-124.340365,9.656,-2663.5,-1676.3,-142.5,6.0,11.4,8.3,2020,9,14,9,1,19.54,0.0,2,3,4,6,0.012,0.035,47,2020-09-14T09:01:19.540Z
1016610_20210325_000859,104000,40.299292,-124.340861,9.633,-2705.7,-1534.9,-165.6,7.3,13.3,10.2,2021,3,25,0,8,59.67,0.0,0,4,0,16,0.033,0.048,47,2021-03-25T00:08:59.670Z
1016610_20210822_054015,104002,40.299504,-124.340853,9.644,-2705.0,-1511.4,-154.5,5.7,9.0,5.4,2021,8,22,5,40,15.63,0.0,0,5,0,35,0.008,0.047,47,2021-08-22T05:40:15.630Z
1016610_20210904_032839,104004,40.29954,-124.340275,9.671,-2655.9,-1507.3,-128.0,6.2,8.2,7.6,2021,9,4,3,28,39.63,0.0,1,5,5,39,0.009,0.039,47,2021-09-04T03:28:39.630Z
1016610_20220510_232629,104007,40.298792,-124.340373,9.656,-2664.2,-1590.4,-142.6,4.6,9.7,4.5,2022,5,10,23,26,29.76,0.0,1,5,4,42,0.009,0.052,47,2022-05-10T23:26:29.760Z
1016610_20220530_072558,104008,40.297335,-124.340438,9.504,-2669.8,-1752.2,-295.1,4.9,9.9,8.6,2022,5,30,7,25,58.39,0.0,0,3,0,16,0.018,0.064,47,2022-05-30T07:25:58.390Z
1016610_20220628_012218,104010,40.298263,-124.340072,9.628,-2638.6,-1649.2,-171.1,14.0,27.8,16.4,2022,6,28,1,22,18.53,0.0,0,1,2,2,0.019,0.026,47,2022-06-28T01:22:18.530Z
1016610_20221019_215336,104011,40.296041,-124.339404,9.523,-2581.9,-1895.9,-275.7,13.2,19.5,16.8,2022,10,19,21,53,36.24,0.0,1,3,3,24,0.045,0.074,47,2022-10-19T21:53:36.240Z
1016682_20200317_055619,106813,40.294771,-124.330249,9.467,-1803.6,-2036.8,-331.9,6.1,9.6,8.0,2020,3,17,5,56,19.56,0.0,1,4,2,20,0.025,0.063,47,2020-03-17T05:56:19.560Z
1016682_20220225_052956,106827,40.293787,-124.330794,9.502,-1850.0,-2146.2,-296.9,6.2,9.9,9.7,2022,2,25,5,29,56.09,0.0,1,3,5,15,0.011,0.028,47,2022-02-25T05:29:56.090Z
1016682_20220705_151647,106830,40.295199,-124.330916,9.429,-1860.4,-1989.4,-370.3,5.1,11.1,6.8,2022,7,5,15,16,47.79,0.0,0,4,0,20,0.047,0.043,47,2022-07-05T15:16:47.790Z
1016682_20220821_212841,106831,40.293673,-124.330452,9.568,-1821.0,-2158.8,-230.5,7.4,7.8,7.2,2022,8,21,21,28,41.34,0.0,1,6,5,55,0.02,0.053,47,2022-08-21T21:28:41.340Z
1016682_20220821_214011,106832,40.292985,-124.33064,9.554,-1836.9,-2235.2,-244.8,6.7,8.0,7.2,2022,8,21,21,40,11.72,0.0,1,5,5,39,0.027,0.037,47,2022-08-21T21:40:11.720Z
1016682_20221020_174927,106834,40.295431,-124.330526,9.318,-1827.2,-1963.6,-480.8,7.4,13.5,13.3,2022,10,20,17,49,27.6,0.0,2,2,4,4,0.048,0.038,47,2022-10-20T17:49:27.600Z
1018174_20220304_185723,107004,40.334977,-124.211792,7.251,8264.4,2427.7,-2547.7,11.8,14.3,10.3,2022,3,4,18,57,23.12,0.0,1,3,2,6,0.029,0.079,47,2022-03-04T18:57:23.120Z
1018174_20221010_124331,107006,40.33289,-124.212467,6.912,8207.1,2195.9,-2886.8,9.9,12.8,18.6,2022,10,10,12,43,31.83,0.0,1,2,3,6,0.051,0.104,47,2022-10-10T12:43:31.830Z
1016793_20221008_111301,108402,40.379968,-124.251188,12.687,4914.6,7423.5,2888.5,5.8,5.8,4.3,2022,10,8,11,13,0.99,0.0,0,5,0,14,0.007,0.024,47,2022-10-08T11:13:00.990Z
1016793_20221112_152941,108407,40.379834,-124.250806,12.683,4947.1,7408.6,2883.9,5.4,4.2,3.0,2022,11,12,15,29,41.03,0.0,0,4,0,12,0.004,0.027,47,2022-11-12T15:29:41.030Z
1016610,110332,40.29904,-124.340462,9.669,-2671.8,-1562.9,-130.0,4.5,7.6,4.9,2023,3,12,10,38,34.57,0.73,7,35,20,72,0.022,0.044,47,2023-03-12T10:38:34.570Z
1016682,110415,40.294189,-124.329964,9.532,-1779.4,-2101.4,-266.8,5.2,5.8,5.4,2023,3,15,21,22,18.1,1.02,6,24,18,65,0.031,0.05,47,2023-03-15T21:22:18.100Z
1018174,110424,40.333362,-124.210075,7.196,8410.5,2248.3,-2602.5,9.4,12.6,9.9,2023,5,3,7,32,56.75,0.5,2,5,3,8,0.04,0.078,47,2023-05-03T07:32:56.750Z
1016793,110499,40.379659,-124.250586,12.675,4965.7,7389.2,2876.0,5.4,4.4,3.2,2023,3,19,16,35,12.31,0.73,0,9,4,14,0.006,0.036,47,2023-03-19T16:35:12.310Z
1015221,110740,40.350582,-124.249837,12.354,5030.4,4160.4,2556.4,16.3,14.0,14.0,2023,2,1,5,8,29.1,0.91,0,0,4,14,-9.0,0.047,47,2023-02-01T05:08:29.100Z
1017156_20200404_184905,108277,40.351278,-124.441512,23.921,-9.7,20.8,11.3,34.8,49.7,39.4,2020,4,4,18,49,5.2,0.0,1,3,0,0,0.005,-9.0,48,2020-04-04T18:49:05.200Z
1017156_20200426_155808,108278,40.350891,-124.441276,23.901,10.4,-22.1,-9.0,55.3,70.5,57.0,2020,4,26,15,58,8.82,0.0,0,3,0,0,0.017,-9.0,48,2020-04-26T15:58:08.820Z
1017156_20201203_224043,108285,40.350635,-124.441317,23.897,6.9,-50.6,-12.6,48.3,85.9,59.9,2020,12,3,22,40,43.62,0.0,0,3,0,0,0.015,-9.0,48,2020-12-03T22:40:43.620Z
1017156_20210307_050246,108286,40.350586,-124.441227,23.891,14.5,-56.0,-19.2,55.6,69.2,46.5,2021,3,7,5,2,46.96,0.0,0,5,0,0,0.015,-9.0,48,2021-03-07T05:02:46.960Z
1017156_20210320_231613,108287,40.350724,-124.441309,23.901,7.6,-40.7,-9.1,44.0,71.9,37.7,2021,3,20,23,16,13.64,0.0,1,4,0,0,0.033,-9.0,48,2021-03-20T23:16:13.640Z
1017156_20211030_083533,108291,40.35059,-124.441243,23.9,13.1,-55.6,-9.9,56.2,80.7,47.7,2021,10,30,8,35,33.38,0.0,0,4,0,0,0.016,-9.0,48,2021-10-30T08:35:33.380Z
1017156_20211123_083650,108292,40.350907,-124.441333,23.909,5.5,-20.3,-1.4,35.1,52.5,52.0,2021,11,23,8,36,50.64,0.0,1,5,0,0,0.02,-9.0,48,2021-11-23T08:36:50.640Z
1017156_20211124_170130,108294,40.35024,-124.441195,23.895,17.3,-94.4,-14.6,59.7,99.4,59.1,2021,11,24,17,1,30.52,0.0,0,3,0,0,0.018,-9.0,48,2021-11-24T17:01:30.520Z
1017156_20211126_133940,108296,40.351111,-124.441284,23.908,9.7,2.3,-1.5,48.2,90.0,57.5,2021,11,26,13,39,40.88,0.0,2,2,0,0,0.011,-9.0,48,2021-11-26T13:39:40.880Z
1017156_20211130_112907,108298,40.350334,-124.440853,23.895,46.3,-84.0,-14.7,66.3,107.7,60.7,2021,11,30,11,29,7.97,0.0,0,3,0,0,0.026,-9.0,48,2021-11-30T11:29:07.970Z
1017156_20211220_205125,108300,40.352079,-124.441585,23.96,-15.9,109.8,50.0,66.1,122.2,99.2,2021,12,20,20,51,25.72,0.0,0,3,0,0,0.029,-9.0,48,2021-12-20T20:51:25.720Z
1017156_20211221_112353,108306,40.3519,-124.441838,23.946,-37.3,89.9,36.1,89.5,128.1,110.4,2021,12,21,11,23,53.67,0.0,0,1,0,0,0.036,-9.0,48,2021-12-21T11:23:53.670Z
1017156_20211224_165556,108307,40.351038,-124.44139,23.908,0.7,-5.9,-2.5,27.1,51.8,34.0,2021,12,24,16,55,56.64,0.0,0,4,0,0,0.004,-9.0,48,2021-12-24T16:55:56.640Z
1017156_20220103_213926,108309,40.351225,-124.441431,23.92,-2.8,14.9,9.6,30.9,50.1,30.1,2022,1,3,21,39,26.84,0.0,3,5,0,0,0.014,-9.0,48,2022-01-03T21:39:26.840Z
1017156_20220107_231641,108310,40.350948,-124.441243,23.91,13.1,-15.8,-0.0,48.2,68.5,74.8,2022,1,7,23,16,41.0,0.0,1,3,0,0,0.015,-9.0,48,2022-01-07T23:16:41.000Z
1017156_20220117_060437,108311,40.351233,-124.441471,23.92,-6.2,15.8,9.7,31.7,50.2,38.1,2022,1,17,6,4,37.86,0.0,3,5,0,0,0.007,-9.0,48,2022-01-17T06:04:37.860Z
1017156_20220201_033846,108313,40.351139,-124.441423,23.912,-2.1,5.4,2.2,31.5,48.4,34.0,2022,2,1,3,38,46.82,0.0,2,5,0,0,0.005,-9.0,48,2022-02-01T03:38:46.820Z
1017156_20220212_151450,108314,40.351017,-124.441471,23.909,-6.2,-8.1,-1.5,53.1,68.7,37.7,2022,2,12,15,14,50.44,0.0,0,4,0,0,0.01,-9.0,48,2022-02-12T15:14:50.440Z
1017156_20220314_175418,108315,40.351176,-124.441398,23.914,0.0,9.5,4.4,32.6,51.4,36.7,2022,3,14,17,54,18.94,0.0,2,5,0,0,0.003,-9.0,48,2022-03-14T17:54:18.940Z
1017156_20220325_113906,108318,40.351396,-124.441349,23.922,4.1,33.9,12.0,38.5,67.6,47.9,2022,3,25,11,39,6.36,0.0,1,3,0,0,0.007,-9.0,48,2022-03-25T11:39:06.360Z
1017156_20220524_035656,108320,40.350789,-124.441227,23.894,14.5,-33.4,-16.4,61.4,70.6,62.8,2022,5,24,3,56,56.76,0.0,0,3,0,0,0.02,-9.0,48,2022-05-24T03:56:56.760Z
1017156_20220602_231802,108321,40.351192,-124.44139,23.913,0.7,11.3,3.5,36.4,71.3,43.3,2022,6,2,23,18,2.84,0.0,1,4,0,0,0.006,-9.0,48,2022-06-02T23:18:02.840Z
1017156_20220901_161018,108324,40.351147,-124.441398,23.917,0.0,6.3,6.7,35.4,52.4,44.1,2022,9,1,16,10,18.72,0.0,2,4,0,0,0.01,-9.0,48,2022-09-01T16:10:18.720Z
1017156_20221016_164242,108325,40.350525,-124.441138,23.901,22.1,-62.8,-9.1,51.5,83.2,52.9,2022,10,16,16,42,42.9,0.0,0,3,0,0,0.015,-9.0,48,2022-10-16T16:42:42.900Z
1017156,110491,40.351176,-124.441439,23.907,-3.5,9.5,-2.8,29.5,46.9,33.8,2023,4,1,22,38,24.96,0.87,20,87,0,0,0.015,-9.0,48,2023-04-01T22:38:24.960Z
nc73818541_20210630_040716,109669,40.399756,-124.279476,26.854,-124.4,-104.8,-5.9,108.5,74.5,52.6,2021,6,30,4,7,16.98,0.0,1,4,0,0,0.049,-9.0,49,2021-06-30T04:07:16.980Z
nc73818541_20211220_213353,109670,40.400688,-124.278255,26.871,-20.7,-1.4,10.5,45.5,25.3,44.4,2021,12,20,21,33,53.8,0.0,2,8,0,0,0.01,-9.0,49,2021-12-20T21:33:53.800Z
nc73818541_20211220_201602,109671,40.4007,-124.277791,26.84,18.7,0.0,-20.0,39.1,52.5,42.1,2021,12,20,20,16,2.34,0.0,0,5,0,0,0.009,-9.0,49,2021-12-20T20:16:02.340Z
nc73818541_20211220_210402,109672,40.401038,-124.277726,26.868,24.2,37.5,7.9,53.5,60.1,40.0,2021,12,20,21,4,2.56,0.0,0,6,0,0,0.01,-9.0,49,2021-12-20T21:04:02.560Z
nc73818541_20211220_220533,109674,40.40094,-124.277637,26.868,31.8,26.7,7.5,59.1,52.5,39.5,2021,12,20,22,5,33.08,0.0,0,6,0,0,0.013,-9.0,49,2021-12-20T22:05:33.080Z
nc73818541_20211220_203816,109675,40.401017,-124.277694,26.876,26.9,35.2,16.2,61.1,55.0,41.9,2021,12,20,20,38,16.52,0.0,1,7,0,0,0.016,-9.0,49,2021-12-20T20:38:16.520Z
nc73818541_20211220_231845,109676,40.398995,-124.277238,26.784,65.6,-189.3,-76.4,75.4,101.2,82.5,2021,12,20,23,18,45.76,0.0,3,4,0,0,0.035,-9.0,49,2021-12-20T23:18:45.760Z
nc73818541_20211220_202808,109678,40.401029,-124.278369,26.868,-30.4,36.6,8.4,56.8,56.0,66.2,2021,12,20,20,28,8.32,0.0,2,6,0,0,0.019,-9.0,49,2021-12-20T20:28:08.320Z
nc73818541_20211220_224004,109680,40.401558,-124.277718,26.798,24.9,95.3,-61.9,89.7,67.3,43.6,2021,12,20,22,40,4.12,0.0,1,3,0,0,0.036,-9.0,49,2021-12-20T22:40:04.120Z
nc73818541_20211220_211657,109681,40.399959,-124.278573,26.83,-47.7,-82.2,-30.3,71.0,69.3,43.2,2021,12,20,21,16,57.84,0.0,1,9,0,0,0.035,-9.0,49,2021-12-20T21:16:57.840Z
nc73818541_20211221_003538,109682,40.400834,-124.277677,26.878,28.3,14.9,18.5,54.5,32.4,42.4,2021,12,21,0,35,38.26,0.0,0,6,0,0,0.028,-9.0,49,2021-12-21T00:35:38.260Z
nc73818541_20211221_012901,109683,40.400651,-124.278052,26.867,-3.5,-5.4,7.3,44.6,54.4,41.0,2021,12,21,1,29,1.52,0.0,1,4,0,0,0.008,-9.0,49,2021-12-21T01:29:01.520Z
nc73818541_20211221_103244,109684,40.399984,-124.277555,26.865,38.7,-79.5,4.9,141.7,62.9,42.6,2021,12,21,10,32,44.96,0.0,2,2,0,0,0.05,-9.0,49,2021-12-21T10:32:44.960Z
nc73818541_20211221_093539,109686,40.400944,-124.277726,26.85,24.2,27.1,-9.9,46.9,71.1,40.3,2021,12,21,9,35,39.7,0.0,2,4,0,0,0.018,-9.0,49,2021-12-21T09:35:39.700Z
nc73818541_20211222_164251,109688,40.400643,-124.277856,26.862,13.1,-6.3,2.2,43.1,33.4,46.1,2021,12,22,16,42,51.76,0.0,2,5,0,0,0.015,-9.0,49,2021-12-22T16:42:51.760Z
nc73818541_20211222_214900,109689,40.399304,-124.277743,26.799,22.8,-155.0,-61.2,71.3,92.7,55.0,2021,12,22,21,49,0.12,0.0,1,4,0,0,0.031,-9.0,49,2021-12-22T21:49:00.120Z
nc73818541_20211223_191859,109690,40.400651,-124.277938,26.868,6.2,-5.4,8.2,51.2,45.2,44.0,2021,12,23,19,18,59.44,0.0,1,5,0,0,0.012,-9.0,49,2021-12-23T19:18:59.440Z
nc73818541_20211224_183016,109691,40.401025,-124.279891,27.028,-159.6,36.1,167.6,111.7,58.7,122.2,2021,12,24,18,30,16.4,0.0,0,3,0,0,0.021,-9.0,49,2021-12-24T18:30:16.400Z
nc73818541_20211228_121607,109692,40.400647,-124.277995,26.854,1.4,-5.9,-5.9,42.2,40.5,34.7,2021,12,28,12,16,7.46,0.0,2,8,0,0,0.013,-9.0,49,2021-12-28T12:16:07.460Z
nc73818541_20220102_040322,109693,40.40061,-124.27832,26.864,-26.3,-9.9,4.3,50.4,40.4,39.7,2022,1,2,4,3,22.78,0.0,0,4,0,0,0.008,-9.0,49,2022-01-02T04:03:22.780Z
nc73818541_20220407_184356,109697,40.400248,-124.278743,26.896,-62.2,-50.2,36.5,55.9,72.3,43.0,2022,4,7,18,43,56.16,0.0,2,4,0,0,0.033,-9.0,49,2022-04-07T18:43:56.160Z
nc73818541,110670,40.400798,-124.277962,26.864,4.1,10.8,3.7,39.7,28.8,36.2,2022,12,14,8,39,12.43,2.11,24,107,0,0,0.025,-9.0,49,2022-12-14T08:39:12.430Z
1016880_20200120_075956,103149,40.403003,-124.388062,27.614,286.0,1108.8,-1270.6,9.5,14.9,8.8,2020,1,20,7,59,56.86,0.0,1,4,9,26,0.018,0.018,50,2020-01-20T07:59:56.860Z
1016880_20200508_152724,103155,40.400171,-124.386702,27.468,401.4,794.3,-1417.4,4.7,13.3,7.9,2020,5,8,15,27,24.45,0.0,1,1,9,8,0.012,0.023,50,2020-05-08T15:27:24.450Z
1016880_20201012_204816,103157,40.40328,-124.387134,27.615,364.8,1139.5,-1270.0,7.9,8.8,6.3,2020,10,12,20,48,16.14,0.0,1,3,2,6,0.01,0.01,50,2020-10-12T20:48:16.140Z
1016880_20210803_032800,103162,40.402995,-124.387354,27.617,346.1,1107.9,-1268.4,4.5,6.3,8.7,2021,8,3,3,28,0.33,0.0,1,3,8,24,0.017,0.006,50,2021-08-03T03:28:00.330Z
1016880_20211002_094941,103163,40.403398,-124.387174,27.6,361.3,1152.6,-1285.4,5.5,9.5,4.7,2021,10,2,9,49,41.87,0.0,2,4,17,35,0.005,0.008,50,2021-10-02T09:49:41.870Z
1016880_20211002_082736,103164,40.403251,-124.387321,27.584,348.9,1136.4,-1301.2,4.2,5.7,7.1,2021,10,2,8,27,36.43,0.0,2,4,17,35,0.009,0.008,50,2021-10-02T08:27:36.430Z
1016880_20211025_011940,103166,40.403638,-124.38689,27.598,385.5,1179.3,-1286.5,5.1,8.1,4.9,2021,10,25,1,19,40.21,0.0,2,4,17,35,0.011,0.01,50,2021-10-25T01:19:40.210Z
1016880_20211220_220919,103167,40.404736,-124.390063,27.824,116.1,1301.3,-1060.9,10.8,20.3,15.2,2021,12,20,22,9,19.76,0.0,1,1,0,0,0.015,-9.0,50,2021-12-20T22:09:19.760Z
1016880_20220819_121119,103176,40.403837,-124.387109,27.596,366.9,1201.4,-1289.0,5.4,5.6,6.8,2022,8,19,12,11,19.77,0.0,2,4,17,35,0.01,0.008,50,2022-08-19T12:11:19.770Z
1016880_20221017_082157,103178,40.403536,-124.38724,27.628,355.8,1168.0,-1257.0,4.8,8.1,3.5,2022,10,17,8,21,57.45,0.0,3,5,19,40,0.006,0.008,50,2022-10-17T08:21:57.450Z
1016880_20221017_083317,103179,40.403406,-124.387126,27.601,365.5,1153.5,-1284.4,5.9,10.4,4.9,2022,10,17,8,33,17.77,0.0,2,4,17,35,0.007,0.008,50,2022-10-17T08:33:17.770Z
1016880_20221115_023257,103180,40.403483,-124.387427,27.6,339.9,1162.1,-1285.5,4.3,5.4,6.2,2022,11,15,2,32,57.31,0.0,2,4,17,35,0.007,0.01,50,2022-11-15T02:32:57.310Z
nc73823036_20200319_022529,103660,40.366728,-124.403198,31.385,-999.3,-2919.3,2500.4,8.5,17.2,8.3,2020,3,19,2,25,29.94,0.0,1,2,1,2,0.017,0.012,50,2020-03-19T02:25:29.940Z
nc73823036_20210801_095747,103662,40.381881,-124.405615,31.113,-1204.4,-1236.7,2228.5,8.4,11.0,7.5,2021,8,1,9,57,47.27,0.0,0,4,2,4,0.008,0.009,50,2021-08-01T09:57:47.270Z
nc73823036_20210904_151050,103663,40.372428,-124.397843,30.904,-544.5,-2286.3,2019.4,12.0,8.9,10.5,2021,9,4,15,10,50.5,0.0,0,4,0,7,0.022,0.012,50,2021-09-04T15:10:50.500Z
nc73823036_20210924_225512,103664,40.385307,-124.403825,31.058,-1052.4,-856.2,2172.7,11.9,14.8,10.2,2021,9,24,22,55,12.72,0.0,0,3,0,4,0.031,0.002,50,2021-09-24T22:55:12.720Z
nc73823036_20210925_004528,103665,40.385669,-124.403809,31.047,-1051.0,-816.0,2162.2,11.9,15.1,10.3,2021,9,25,0,45,28.45,0.0,0,3,0,4,0.032,0.002,50,2021-09-25T00:45:28.450Z
nc73823036_20211002_081025,103666,40.372681,-124.398519,30.943,-601.9,-2258.3,2058.1,9.1,7.2,11.3,2021,10,2,8,10,25.1,0.0,0,7,0,9,0.022,0.01,50,2021-10-02T08:10:25.100Z
nc73823036_20211221_204134,103670,40.386511,-124.402612,31.224,-949.4,-722.5,2339.2,11.3,15.5,7.6,2021,12,21,20,41,34.74,0.0,2,1,1,1,0.044,0.019,50,2021-12-21T20:41:34.740Z
nc73823036_20220212_014315,103671,40.381034,-124.401912,30.992,-890.0,-1330.6,2106.5,7.7,18.6,8.2,2022,2,12,1,43,15.28,0.0,1,0,0,0,0.0,-9.0,50,2022-02-12T01:43:15.280Z
1016880,110317,40.404171,-124.386906,27.589,384.1,1238.5,-1296.4,2.9,5.2,4.7,2023,3,22,15,19,23.57,1.19,20,41,19,40,0.011,0.009,50,2023-03-22T15:19:23.570Z
nc73823036,110324,40.379854,-124.405705,31.2,-1212.0,-1461.7,2314.7,7.1,7.6,6.8,2022,12,22,11,49,54.3,3.63,4,24,4,15,0.025,0.013,50,2022-12-22T11:49:54.300Z
1018875_20200216_040745,100528,40.555172,-124.663794,7.341,1.4,-2.3,1.2,283.8,209.2,378.8,2020,2,16,4,7,45.44,0.0,1,3,0,0,0.015,-9.0,51,2020-02-16T04:07:45.440Z
1018875_20200807_092844,100537,40.554496,-124.664193,7.274,-32.4,-77.3,-66.1,462.3,627.2,642.1,2020,8,7,9,28,44.35,0.0,1,2,0,0,0.088,-9.0,51,2020-08-07T09:28:44.350Z
1018875_20200807_092826,100538,40.554541,-124.664217,7.271,-34.5,-72.3,-69.1,472.7,634.5,656.5,2020,8,7,9,28,26.07,0.0,1,2,0,0,0.088,-9.0,51,2020-08-07T09:28:26.070Z
1018875_20200811_222353,100540,40.555058,-124.66394,7.317,-11.0,-14.9,-22.6,407.7,368.2,558.3,2020,8,11,22,23,53.32,0.0,2,3,0,0,0.023,-9.0,51,2020-08-11T22:23:53.320Z
1018875_20201021_023732,100541,40.555176,-124.663778,7.344,2.8,-1.8,4.0,236.7,205.3,319.8,2020,10,21,2,37,32.94,0.0,1,3,0,0,0.007,-9.0,51,2020-10-21T02:37:32.940Z
1018875_20201108_035455,100542,40.555391,-124.663729,7.353,6.9,22.1,12.7,265.4,555.5,357.9,2020,11,8,3,54,55.8,0.0,1,3,0,0,0.012,-9.0,51,2020-11-08T03:54:55.800Z
1018875_20201108_013240,100543,40.55553,-124.663273,7.428,45.5,37.5,87.9,442.2,982.7,613.6,2020,11,8,1,32,40.97,0.0,2,2,0,0,0.071,-9.0,51,2020-11-08T01:32:40.970Z
1018875_20201202_083333,100544,40.554618,-124.66429,7.259,-40.7,-63.7,-80.7,471.4,648.4,654.7,2020,12,2,8,33,33.63,0.0,1,2,0,0,0.086,-9.0,51,2020-12-02T08:33:33.630Z
1018875_20201219_100143,100545,40.554854,-124.664176,7.277,-31.0,-37.5,-62.6,520.6,963.6,716.9,2020,12,19,10,1,43.25,0.0,2,2,0,0,0.047,-9.0,51,2020-12-19T10:01:43.250Z
1018875_20210327_030708,100547,40.554688,-124.664119,7.287,-26.2,-56.0,-53.4,471.4,1005.0,648.3,2021,3,27,3,7,8.43,0.0,2,2,0,0,0.054,-9.0,51,2021-03-27T03:07:08.430Z
1018875_20210613_210652,100551,40.555082,-124.66381,7.339,0.0,-12.2,-1.5,254.4,288.6,345.0,2021,6,13,21,6,52.18,0.0,2,3,0,0,0.009,-9.0,51,2021-06-13T21:06:52.180Z
1018875_20210810_100737,100552,40.555273,-124.663647,7.365,13.8,9.0,24.7,310.0,426.1,422.7,2021,8,10,10,7,37.16,0.0,2,3,0,0,0.012,-9.0,51,2021-08-10T10:07:37.160Z
1018875_20210819_021436,100553,40.555282,-124.663729,7.352,6.9,9.9,12.0,246.0,358.4,331.7,2021,8,19,2,14,36.26,0.0,1,3,0,0,0.011,-9.0,51,2021-08-19T02:14:36.260Z
1018875_20220226_091953,100560,40.554679,-124.664136,7.284,-27.6,-56.9,-55.6,521.5,814.5,712.6,2022,2,26,9,19,53.73,0.0,2,3,0,0,0.043,-9.0,51,2022-02-26T09:19:53.730Z
1018875_20220405_043752,100562,40.554325,-124.664233,7.268,-35.8,-96.2,-72.2,510.9,690.3,709.6,2022,4,5,4,37,52.09,0.0,1,2,0,0,0.084,-9.0,51,2022-04-05T04:37:52.090Z
1018875_20220514_212727,100563,40.555168,-124.663786,7.343,2.1,-2.7,2.7,241.5,196.6,325.8,2022,5,14,21,27,27.24,0.0,1,3,0,0,0.007,-9.0,51,2022-05-14T21:27:27.240Z
1018875_20220725_050356,100566,40.555286,-124.663704,7.356,9.0,10.4,15.8,266.2,455.5,361.2,2022,7,25,5,3,56.22,0.0,1,3,0,0,0.011,-9.0,51,2022-07-25T05:03:56.220Z
1018875_20220904_054554,100569,40.554399,-124.664274,7.261,-39.3,-88.1,-78.7,408.7,573.2,567.9,2022,9,4,5,45,54.01,0.0,1,2,0,0,0.079,-9.0,51,2022-09-04T05:45:54.010Z
1018875_20220906_070259,100570,40.554659,-124.664201,7.274,-33.1,-59.2,-66.2,410.7,553.5,570.3,2022,9,6,7,2,59.91,0.0,1,2,0,0,0.076,-9.0,51,2022-09-06T07:02:59.910Z
1018875_20221106_050349,100571,40.555103,-124.663753,7.348,4.8,-9.9,8.0,271.9,238.0,369.4,2022,11,6,5,3,49.8,0.0,2,2,0,0,0.013,-9.0,51,2022-11-06T05:03:49.800Z
1018875_20221106_044538,100572,40.555249,-124.663721,7.354,7.6,6.3,13.9,303.4,442.7,424.4,2022,11,6,4,45,38.9,0.0,1,3,0,0,0.019,-9.0,51,2022-11-06T04:45:38.900Z
1018875,110288,40.555359,-124.663688,7.359,10.3,18.5,19.4,288.9,271.2,392.5,2023,5,29,5,41,15.67,1.33,29,53,0,0,0.047,-9.0,51,2023-05-29T05:41:15.670Z
1018844_20200101_041817,100000,40.759167,-124.246281,17.009,-8.2,41.6,-11.1,31.5,53.6,35.0,2020,1,1,4,18,17.38,0.0,2,2,0,0,0.014,-9.0,52,2020-01-01T04:18:17.380Z
1018844_20200103_120610,100001,40.758781,-124.246191,17.016,-0.7,-1.4,-4.3,27.1,18.2,24.1,2020,1,3,12,6,10.66,0.0,2,2,0,0,0.008,-9.0,52,2020-01-03T12:06:10.660Z
1018844_20200110_053839,100002,40.758997,-124.246257,17.006,-6.2,22.6,-14.0,35.4,31.1,31.5,2020,1,10,5,38,39.76,0.0,3,2,0,0,0.014,-9.0,52,2020-01-10T05:38:39.760Z
1018844_20200702_103718,100003,40.758923,-124.245679,16.937,42.6,14.5,-82.6,41.9,27.6,61.3,2020,7,2,10,37,18.32,0.0,2,2,0,0,0.018,-9.0,52,2020-07-02T10:37:18.320Z
1018844_20200826_170507,100006,40.75887,-124.245654,16.952,44.7,8.6,-68.2,47.6,17.2,58.8,2020,8,26,17,5,7.56,0.0,2,3,0,0,0.015,-9.0,52,2020-08-26T17:05:07.560Z
1018844_20210226_171055,100008,40.759106,-124.246216,17.003,-2.7,34.8,-17.4,24.5,37.2,32.7,2021,2,26,17,10,55.88,0.0,2,1,0,0,0.016,-9.0,52,2021-02-26T17:10:55.880Z
1018844_20210804_130450,100009,40.758988,-124.246265,17.006,-6.9,21.7,-14.0,29.5,29.9,38.2,2021,8,4,13,4,50.34,0.0,3,3,0,0,0.013,-9.0,52,2021-08-04T13:04:50.340Z
1018844_20210831_042107,100010,40.757003,-124.24589,16.963,24.7,-198.8,-56.9,46.1,75.9,59.6,2021,8,31,4,21,7.07,0.0,1,1,0,0,0.017,-9.0,52,2021-08-31T04:21:07.070Z
1018844_20211014_093956,100012,40.756812,-124.245874,16.948,26.1,-220.1,-71.6,44.9,73.9,58.1,2021,10,14,9,39,56.73,0.0,1,1,0,0,0.017,-9.0,52,2021-10-14T09:39:56.730Z
1018844_20220721_002210,100017,40.758846,-124.2462,17.009,-1.4,5.9,-10.9,28.5,18.7,28.0,2022,7,21,0,22,10.26,0.0,3,3,0,0,0.008,-9.0,52,2022-07-21T00:22:10.260Z
1018844_20220805_181627,100018,40.758838,-124.246281,17.025,-8.2,5.0,5.5,19.0,15.1,28.8,2022,8,5,18,16,27.22,0.0,3,4,0,0,0.005,-9.0,52,2022-08-05T18:16:27.220Z
1018844_20220821_071643,100021,40.75885,-124.246297,17.024,-9.6,6.3,4.4,21.9,17.0,19.1,2022,8,21,7,16,43.1,0.0,3,4,0,0,0.005,-9.0,52,2022-08-21T07:16:43.100Z
1018844_20220824_003913,100022,40.758818,-124.246191,17.017,-0.7,2.7,-2.5,18.5,12.7,30.8,2022,8,24,0,39,13.14,0.0,4,4,0,0,0.006,-9.0,52,2022-08-24T00:39:13.140Z
1018844_20220826_134628,100023,40.758887,-124.246232,17.019,-4.1,10.4,-0.9,15.9,27.0,21.3,2022,8,26,13,46,28.2,0.0,2,4,0,0,0.006,-9.0,52,2022-08-26T13:46:28.200Z
1018844_20220918_022538,100028,40.758818,-124.246151,17.013,2.7,2.7,-7.0,24.8,13.6,25.9,2022,9,18,2,25,38.72,0.0,2,3,0,0,0.004,-9.0,52,2022-09-18T02:25:38.720Z
1018844_20220924_001543,100029,40.758854,-124.24624,17.019,-4.8,6.8,-0.6,16.8,17.4,26.1,2022,9,24,0,15,43.9,0.0,3,5,0,0,0.006,-9.0,52,2022-09-24T00:15:43.900Z
1018844_20221001_030907,100030,40.75883,-124.246167,17.014,1.4,4.1,-6.3,22.0,13.9,30.5,2022,10,1,3,9,7.86,0.0,2,2,0,0,0.004,-9.0,52,2022-10-01T03:09:07.860Z
1018844_20221016_120420,100031,40.758805,-124.246208,17.017,-2.1,1.4,-2.8,24.8,14.4,21.5,2022,10,16,12,4,20.32,0.0,2,4,0,0,0.007,-9.0,52,2022-10-16T12:04:20.320Z
1018844_20221018_031308,100032,40.75883,-124.246167,17.013,1.4,4.1,-6.5,22.1,13.9,30.7,2022,10,18,3,13,8.32,0.0,2,2,0,0,0.004,-9.0,52,2022-10-18T03:13:08.320Z
1018844_20221025_111630,100034,40.758883,-124.246289,17.024,-8.9,9.9,4.4,18.5,22.3,18.6,2022,10,25,11,16,30.76,0.0,2,4,0,0,0.005,-9.0,52,2022-10-25T11:16:30.760Z
1018844_20221130_150703,100036,40.75885,-124.24646,17.024,-23.4,6.3,4.4,36.0,24.7,18.7,2022,11,30,15,7,3.54,0.0,2,3,0,0,0.004,-9.0,52,2022-11-30T15:07:03.540Z
1018844,110286,40.758785,-124.246232,17.035,-4.1,-0.9,15.1,22.7,17.5,23.6,2023,5,27,14,43,32.11,1.31,48,59,0,0,0.01,-9.0,52,2023-05-27T14:43:32.110Z
nc73875220_20200205_055825,105485,40.698889,-124.201506,17.577,-59.8,-19.0,94.5,8.9,5.3,7.8,2020,2,5,5,58,25.57,0.0,2,5,11,28,0.011,0.017,53,2020-02-05T05:58:25.570Z
nc73875220_20200415_071747,105487,40.699235,-124.200334,17.412,39.2,19.4,-70.3,9.0,5.5,4.9,2020,4,15,7,17,47.58,0.0,2,7,22,48,0.011,0.008,53,2020-04-15T07:17:47.580Z
nc73875220_20200901_032301,105489,40.699288,-124.200073,17.452,61.2,25.3,-30.5,7.2,4.6,8.9,2020,9,1,3,23,1.06,0.0,1,3,5,24,0.011,0.009,53,2020-09-01T03:23:01.060Z
nc73875220_20220626_061219,105491,40.699906,-124.196631,17.004,352.2,94.0,-478.4,10.5,3.5,7.7,2022,6,26,6,12,19.26,0.0,2,1,19,0,0.009,0.011,53,2022-06-26T06:12:19.260Z
nc73875220_20220922_060032,105492,40.699447,-124.199902,17.383,75.7,42.9,-99.5,3.7,1.9,3.1,2022,9,22,6,0,32.4,0.0,10,13,54,88,0.008,0.006,53,2022-09-22T06:00:32.400Z
nc73875220_20220922_060218,105493,40.699418,-124.199919,17.401,74.3,39.8,-81.2,3.7,2.2,3.2,2022,9,22,6,2,18.96,0.0,5,9,42,73,0.006,0.006,53,2022-09-22T06:02:18.960Z
nc73875220_20220922_072146,105494,40.69954,-124.199967,17.392,70.2,53.3,-91.0,3.7,2.3,3.8,2022,9,22,7,21,46.18,0.0,3,6,28,52,0.009,0.006,53,2022-09-22T07:21:46.180Z
nc73875220_20220922_155211,105495,40.699715,-124.199666,17.419,95.6,72.7,-63.9,3.8,3.8,5.6,2022,9,22,15,52,11.73,0.0,1,4,4,12,0.006,0.006,53,2022-09-22T15:52:11.730Z
nc73875220_20220923_073642,105496,40.699556,-124.200065,17.374,61.9,55.1,-109.2,4.5,3.2,3.6,2022,9,23,7,36,42.68,0.0,8,12,53,84,0.007,0.007,53,2022-09-23T07:36:42.680Z
nc73875220_20220925_111014,105498,40.699479,-124.200057,17.397,62.6,46.5,-85.7,3.8,1.4,3.2,2022,9,25,11,10,14.46,0.0,8,13,53,89,0.008,0.006,53,2022-09-25T11:10:14.460Z
nc73875220_20221026_125238,105501,40.699512,-124.20022,17.354,48.8,50.2,-128.6,3.9,2.6,4.0,2022,10,26,12,52,38.72,0.0,5,7,42,57,0.009,0.007,53,2022-10-26T12:52:38.720Z
nc73875220_20221028_195259,105502,40.699479,-124.199723,17.384,90.8,46.5,-98.6,4.3,1.9,2.9,2022,10,28,19,52,59.4,0.0,7,10,50,77,0.007,0.007,53,2022-10-28T19:52:59.400Z
nc73875220_20221028_195410,105503,40.699467,-124.200252,17.382,46.1,45.2,-100.9,3.7,2.4,3.6,2022,10,28,19,54,10.8,0.0,5,6,41,52,0.009,0.006,53,2022-10-28T19:54:10.800Z
1018243_20200707_225304,108833,40.723352,-124.236003,17.062,-2974.9,2697.6,-420.4,20.7,5.6,11.0,2020,7,7,22,53,4.64,0.0,2,1,2,0,0.024,0.014,53,2020-07-07T22:53:04.640Z
1015212_20210319_070630,108870,40.673543,-124.17627,17.797,2073.4,-2833.6,314.3,14.5,4.2,8.9,2021,3,19,7,6,30.87,0.0,1,2,1,2,0.006,0.013,53,2021-03-19T07:06:30.870Z
1015212_20220922_184605,108873,40.674357,-124.167936,18.638,2777.8,-2743.2,1155.6,16.1,4.9,11.5,2022,9,22,18,46,5.32,0.0,5,0,5,0,0.009,0.01,53,2022-09-22T18:46:05.320Z
nc73875220,110375,40.699308,-124.199601,17.43,101.1,27.6,-52.4,3.8,2.2,3.2,2023,4,18,21,27,56.5,2.49,59,96,62,98,0.008,0.009,53,2023-04-18T21:27:56.500Z
1018243,110555,40.722803,-124.235596,17.708,-2940.5,2636.6,225.3,20.9,5.6,11.0,2023,5,5,10,40,10.03,1.0,2,1,2,0,0.024,0.014,53,2023-05-05T10:40:10.030Z
1015212,110562,40.672062,-124.173112,18.929,2340.4,-2998.1,1446.5,13.4,4.4,10.1,2023,2,1,1,28,26.51,1.31,6,2,6,2,0.008,0.011,53,2023-02-01T01:28:26.510Z
nc73829331,110714,40.704118,-124.194621,17.9,522.0,561.7,417.3,4.0,3.2,4.0,2023,1,6,12,27,19.38,3.44,0,0,18,16,-9.0,0.008,53,2023-01-06T12:27:19.380Z
nc73858810_20211220_234902,109139,40.455176,-124.291626,27.487,-11.7,-2.7,-3.0,22.3,14.3,14.5,2021,12,20,23,49,2.7,0.0,2,7,0,0,0.005,-9.0,54,2021-12-20T23:49:02.700Z
nc73858810_20211220_202708,109140,40.455973,-124.290413,27.453,91.1,85.8,-36.9,48.3,28.7,33.5,2021,12,20,20,27,8.28,0.0,0,3,0,0,0.011,-9.0,54,2021-12-20T20:27:08.280Z
nc73858810_20211220_201454,109141,40.455249,-124.290975,27.445,43.5,5.4,-45.1,52.6,51.3,49.0,2021,12,20,20,14,54.44,0.0,0,2,0,0,0.028,-9.0,54,2021-12-20T20:14:54.440Z
nc73858810_20211221_043424,109143,40.453333,-124.287655,27.267,325.1,-207.4,-222.9,56.7,48.0,46.7,2021,12,21,4,34,24.34,0.0,2,1,0,0,0.027,-9.0,54,2021-12-21T04:34:24.340Z
nc73858810_20211223_011324,109146,40.45509,-124.291252,27.484,20.0,-12.2,-5.8,20.5,15.6,23.7,2021,12,23,1,13,24.04,0.0,8,11,0,0,0.008,-9.0,54,2021-12-23T01:13:24.040Z
nc73858810_20211226_173629,109148,40.455253,-124.291309,27.467,15.2,5.9,-23.5,23.9,24.8,19.7,2021,12,26,17,36,29.9,0.0,4,6,0,0,0.017,-9.0,54,2021-12-26T17:36:29.900Z
nc73858810_20211227_141220,109149,40.455306,-124.291455,27.497,2.8,11.7,7.0,21.5,17.9,16.7,2021,12,27,14,12,20.84,0.0,5,8,0,0,0.006,-9.0,54,2021-12-27T14:12:20.840Z
nc73858810_20220104_033723,109151,40.455273,-124.291569,27.495,-6.9,8.1,4.8,18.3,17.1,17.3,2022,1,4,3,37,23.06,0.0,0,4,0,0,0.004,-9.0,54,2022-01-04T03:37:23.060Z
nc73858810_20220105_202038,109152,40.45529,-124.291423,27.507,5.5,9.9,16.7,27.8,20.7,20.0,2022,1,5,20,20,38.22,0.0,9,12,0,0,0.008,-9.0,54,2022-01-05T20:20:38.220Z
nc73858810_20220105_153702,109153,40.45518,-124.291895,27.485,-34.5,-2.3,-5.3,34.0,23.2,17.2,2022,1,5,15,37,2.56,0.0,2,5,0,0,0.016,-9.0,54,2022-01-05T15:37:02.560Z
nc73858810_20220106_043133,109154,40.455212,-124.291374,27.457,9.7,1.4,-33.4,20.5,23.7,17.4,2022,1,6,4,31,33.68,0.0,3,6,0,0,0.024,-9.0,54,2022-01-06T04:31:33.680Z
nc73858810_20220112_150018,109155,40.45579,-124.296403,27.532,-416.9,65.5,42.2,140.0,20.1,36.0,2022,1,12,15,0,18.91,0.0,2,0,0,0,0.024,-9.0,54,2022-01-12T15:00:18.910Z
nc73858810_20220127_164423,109158,40.455229,-124.292,27.503,-43.5,3.2,13.4,28.5,23.5,18.8,2022,1,27,16,44,23.74,0.0,1,4,0,0,0.013,-9.0,54,2022-01-27T16:44:23.740Z
nc73858810_20220204_233657,109160,40.454643,-124.2934,27.476,-162.2,-61.9,-13.8,26.5,17.5,17.6,2022,2,4,23,36,57.94,0.0,0,2,0,0,0.003,-9.0,54,2022-02-04T23:36:57.940Z
nc73858810_20220228_230131,109163,40.455135,-124.291976,27.512,-41.4,-7.2,21.8,44.8,24.4,27.3,2022,2,28,23,1,31.8,0.0,0,3,0,0,0.014,-9.0,54,2022-02-28T23:01:31.800Z
nc73858810_20220325_072924,109165,40.454814,-124.291707,27.474,-18.6,-42.9,-16.0,28.1,33.9,19.1,2022,3,25,7,29,24.5,0.0,5,9,0,0,0.012,-9.0,54,2022-03-25T07:29:24.500Z
nc73858810_20220403_172151,109166,40.455139,-124.291838,27.484,-29.7,-6.8,-6.2,33.0,16.1,16.2,2022,4,3,17,21,51.5,0.0,1,4,0,0,0.009,-9.0,54,2022-04-03T17:21:51.500Z
nc73858810_20220416_092642,109168,40.455261,-124.291439,27.495,4.1,6.8,5.2,18.1,16.4,16.0,2022,4,16,9,26,42.3,0.0,5,9,0,0,0.007,-9.0,54,2022-04-16T09:26:42.300Z
nc73858810_20220615_025215,109169,40.455192,-124.291943,27.483,-38.7,-0.9,-7.1,41.1,15.6,17.9,2022,6,15,2,52,15.32,0.0,1,3,0,0,0.007,-9.0,54,2022-06-15T02:52:15.320Z
nc73858810_20220816_104030,109170,40.455343,-124.291496,27.502,-0.7,15.8,11.9,18.2,18.2,17.0,2022,8,16,10,40,30.58,0.0,1,4,0,0,0.005,-9.0,54,2022-08-16T10:40:30.580Z
nc73858810,110610,40.455229,-124.291455,27.495,2.8,3.2,5.1,15.6,13.2,15.3,2023,3,18,18,52,34.56,2.06,51,103,0,0,0.012,-9.0,54,2023-03-18T18:52:34.560Z
nc73875050_20200211_151928,105298,40.407975,-124.559123,28.868,143.0,75.5,-301.8,19.0,27.2,38.5,2020,2,11,15,19,27.99,0.0,0,2,0,0,0.033,-9.0,55,2020-02-11T15:19:27.990Z
nc73875050_20200225_051353,105301,40.407296,-124.560815,29.178,-0.7,0.0,8.0,6.8,9.4,14.8,2020,2,25,5,13,53.56,0.0,0,4,0,0,0.007,-9.0,55,2020-02-25T05:13:53.560Z
nc73875050_20200429_230149,105305,40.407007,-124.560612,29.089,16.6,-32.1,-81.5,20.2,28.4,30.2,2020,4,29,23,1,49.9,0.0,1,5,0,0,0.017,-9.0,55,2020-04-29T23:01:49.900Z
nc73875050_20200731_124713,105309,40.407198,-124.560742,29.159,5.5,-10.8,-10.7,13.5,21.3,21.4,2020,7,31,12,47,13.58,0.0,4,11,0,0,0.006,-9.0,55,2020-07-31T12:47:13.580Z
nc73875050_20210105_002305,105313,40.407536,-124.560848,29.17,-3.5,26.7,-0.1,13.1,31.8,30.1,2021,1,5,0,23,5.82,0.0,1,7,0,0,0.013,-9.0,55,2021-01-05T00:23:05.820Z
nc73875050_20210721_112857,105319,40.406767,-124.560872,29.165,-5.5,-58.7,-5.5,9.7,14.1,12.9,2021,7,21,11,28,57.52,0.0,0,3,0,0,0.006,-9.0,55,2021-07-21T11:28:57.520Z
nc73875050_20210818_082126,105321,40.407617,-124.560734,29.178,6.2,35.7,8.3,10.6,18.2,19.8,2021,8,18,8,21,26.72,0.0,0,4,0,0,0.009,-9.0,55,2021-08-18T08:21:26.720Z
nc73875050_20210819_071810,105322,40.407511,-124.560897,29.19,-7.6,23.9,20.1,11.0,14.2,16.3,2021,8,19,7,18,10.26,0.0,0,5,0,0,0.01,-9.0,55,2021-08-19T07:18:10.260Z
nc73875050_20210903_213053,105325,40.407222,-124.560775,29.176,2.8,-8.1,5.7,9.2,21.5,17.8,2021,9,3,21,30,53.4,0.0,1,7,0,0,0.013,-9.0,55,2021-09-03T21:30:53.400Z
nc73875050_20211225_103441,105331,40.407227,-124.560742,29.164,5.5,-7.7,-6.1,7.7,13.2,12.2,2021,12,25,10,34,41.64,0.0,0,4,0,0,0.005,-9.0,55,2021-12-25T10:34:41.640Z
nc73875050_20220125_115213,105333,40.407756,-124.560596,29.154,18.0,51.1,-16.1,13.4,18.1,17.0,2022,1,25,11,52,13.66,0.0,2,8,0,0,0.029,-9.0,55,2022-01-25T11:52:13.660Z
nc73875050_20220204_204136,105336,40.407231,-124.560726,29.165,6.9,-7.2,-5.1,10.0,17.7,16.7,2022,2,4,20,41,36.72,0.0,1,5,0,0,0.006,-9.0,55,2022-02-04T20:41:36.720Z
nc73875050_20220226_072330,105337,40.407023,-124.56106,29.193,-21.4,-30.3,22.7,9.6,26.1,17.5,2022,2,26,7,23,30.22,0.0,3,7,0,0,0.022,-9.0,55,2022-02-26T07:23:30.220Z
nc73875050_20220312_151702,105340,40.406514,-124.561092,29.174,-24.2,-86.8,3.8,10.5,11.5,13.3,2022,3,12,15,17,2.72,0.0,0,5,0,0,0.006,-9.0,55,2022-03-12T15:17:02.720Z
nc73875050_20220731_175940,105351,40.407174,-124.560994,29.178,-15.9,-13.6,7.7,13.5,18.9,18.8,2022,7,31,17,59,40.98,0.0,2,8,0,0,0.022,-9.0,55,2022-07-31T17:59:40.980Z
nc73875050_20220906_021231,105356,40.407438,-124.560881,29.186,-6.2,15.8,16.3,10.6,16.0,17.0,2022,9,6,2,12,31.6,0.0,0,4,0,0,0.005,-9.0,55,2022-09-06T02:12:31.600Z
nc73875050_20220909_114444,105357,40.407247,-124.561035,29.189,-19.3,-5.4,19.4,16.3,23.7,21.3,2022,9,9,11,44,44.4,0.0,2,5,0,0,0.031,-9.0,55,2022-09-09T11:44:44.400Z
nc73875050_20221107_155024,105359,40.407292,-124.560921,29.166,-9.7,-0.5,-3.7,14.2,16.5,27.4,2022,11,7,15,50,24.9,0.0,2,5,0,0,0.013,-9.0,55,2022-11-07T15:50:24.900Z
nc73875050_20221121_051455,105360,40.407524,-124.560889,29.187,-6.9,25.3,17.3,10.5,18.7,15.2,2022,11,21,5,14,55.68,0.0,0,4,0,0,0.005,-9.0,55,2022-11-21T05:14:55.680Z
nc73875050,110364,40.407296,-124.560815,29.179,-0.7,0.0,9.3,6.3,7.1,9.8,2023,4,18,11,40,6.89,2.03,19,103,0,0,0.017,-9.0,55,2023-04-18T11:40:06.890Z
1018368_20210409_024410,104602,40.401705,-124.568579,27.525,44.9,-22.6,-105.0,62.3,89.6,103.4,2021,4,9,2,44,10.23,0.0,0,2,0,0,0.022,-9.0,56,2021-04-09T02:44:10.230Z
1018368_20210616_212814,104608,40.401978,-124.569149,27.638,-3.5,7.7,8.4,19.3,32.6,31.3,2021,6,16,21,28,14.92,0.0,0,4,0,0,0.006,-9.0,56,2021-06-16T21:28:14.920Z
1018368_20210717_135812,104609,40.401998,-124.569124,27.638,-1.4,9.9,8.0,15.8,43.8,44.0,2021,7,17,13,58,12.28,0.0,1,6,0,0,0.007,-9.0,56,2021-07-17T13:58:12.280Z
1018368_20210717_165133,104610,40.402051,-124.569051,27.625,4.8,15.8,-5.2,31.6,53.7,33.0,2021,7,17,16,51,33.28,0.0,2,5,0,0,0.01,-9.0,56,2021-07-17T16:51:33.280Z
1018368_20210718_173030,104611,40.401807,-124.569051,27.619,4.8,-11.3,-10.5,17.9,29.0,28.3,2021,7,18,17,30,30.4,0.0,0,4,0,0,0.005,-9.0,56,2021-07-18T17:30:30.400Z
1018368_20210721_063800,104614,40.401721,-124.569173,27.618,-5.5,-20.8,-11.8,31.7,70.7,64.8,2021,7,21,6,38,0.5,0.0,1,5,0,0,0.02,-9.0,56,2021-07-21T06:38:00.500Z
1018368_20210726_150634,104616,40.402128,-124.569198,27.649,-7.6,24.4,19.3,40.1,63.7,63.1,2021,7,26,15,6,34.04,0.0,0,4,0,0,0.011,-9.0,56,2021-07-26T15:06:34.040Z
1018368_20210727_181736,104617,40.401888,-124.569108,27.626,0.0,-2.3,-4.4,15.9,23.6,35.3,2021,7,27,18,17,36.42,0.0,0,4,0,0,0.007,-9.0,56,2021-07-27T18:17:36.420Z
1018368_20211015_003256,104624,40.402144,-124.569043,27.626,5.5,26.2,-4.2,35.4,68.6,28.6,2021,10,15,0,32,56.84,0.0,1,5,0,0,0.013,-9.0,56,2021-10-15T00:32:56.840Z
1018368_20211122_063257,104626,40.401664,-124.569181,27.644,-6.2,-27.1,13.8,30.9,75.4,41.4,2021,11,22,6,32,57.8,0.0,4,5,0,0,0.016,-9.0,56,2021-11-22T06:32:57.800Z
1018368_20211204_065431,104627,40.401851,-124.569084,27.617,2.1,-6.3,-12.9,19.4,20.5,45.2,2021,12,4,6,54,31.44,0.0,0,4,0,0,0.011,-9.0,56,2021-12-04T06:54:31.440Z
1018368_20211207_013744,104629,40.401835,-124.569076,27.627,2.8,-8.1,-3.1,12.8,30.7,23.9,2021,12,7,1,37,44.38,0.0,0,4,0,0,0.004,-9.0,56,2021-12-07T01:37:44.380Z
1018368_20220116_071003,104631,40.401888,-124.569108,27.625,0.0,-2.3,-4.5,14.5,20.4,33.8,2022,1,16,7,10,3.24,0.0,0,4,0,0,0.007,-9.0,56,2022-01-16T07:10:03.240Z
1018368_20220215_160009,104633,40.401941,-124.569124,27.63,-1.4,3.6,-0.4,15.4,21.2,36.7,2022,2,15,16,0,9.38,0.0,0,4,0,0,0.008,-9.0,56,2022-02-15T16:00:09.380Z
1018368_20220614_183326,104641,40.401933,-124.569116,27.628,-0.7,2.7,-1.7,13.7,18.7,35.8,2022,6,14,18,33,26.96,0.0,0,4,0,0,0.009,-9.0,56,2022-06-14T18:33:26.960Z
1018368_20220914_193958,104647,40.401982,-124.569149,27.638,-3.5,8.1,8.2,19.6,32.9,32.1,2022,9,14,19,39,58.38,0.0,0,4,0,0,0.006,-9.0,56,2022-09-14T19:39:58.380Z
1018368_20221025_010106,104651,40.401742,-124.569084,27.615,2.1,-18.5,-15.2,29.3,44.1,38.4,2022,10,25,1,1,6.66,0.0,1,5,0,0,0.013,-9.0,56,2022-10-25T01:01:06.660Z
1018368_20221025_014612,104652,40.401766,-124.569059,27.613,4.1,-15.8,-16.7,27.1,37.0,41.2,2022,10,25,1,46,12.0,0.0,1,3,0,0,0.011,-9.0,56,2022-10-25T01:46:12.000Z
1018368,110347,40.401876,-124.5691,27.634,0.7,-3.6,4.3,16.2,36.3,27.9,2023,5,9,16,44,27.07,1.07,11,76,0,0,0.011,-9.0,56,2023-05-09T16:44:27.070Z
nc73888396_20200121_030013,104513,40.405766,-124.347803,28.357,-965.9,1591.8,-430.4,18.8,13.0,18.3,2020,1,21,3,0,13.67,0.0,0,4,0,7,0.01,0.012,57,2020-01-21T03:00:13.670Z
nc73888396_20200727_083854,104515,40.407072,-124.35109,28.561,-1245.0,1736.8,-225.9,11.5,11.1,8.2,2020,7,27,8,38,54.51,0.0,1,4,4,21,0.02,0.016,57,2020-07-27T08:38:54.510Z
nc73888396_20210506_160356,104516,40.407947,-124.350651,28.593,-1207.6,1834.0,-194.7,5.2,6.6,4.3,2021,5,6,16,3,56.11,0.0,5,10,9,32,0.007,0.011,57,2021-05-06T16:03:56.110Z
nc73888396_20210521_000912,104518,40.407178,-124.351156,28.57,-1250.5,1748.6,-217.4,12.5,11.0,8.3,2021,5,21,0,9,12.23,0.0,2,5,7,24,0.022,0.014,57,2021-05-21T00:09:12.230Z
nc73888396_20211220_214027,104520,40.408565,-124.350675,28.623,-1209.7,1902.7,-164.1,6.5,10.5,5.8,2021,12,20,21,40,27.44,0.0,0,6,0,21,0.013,0.018,57,2021-12-20T21:40:27.440Z
nc73888396_20220106_010841,104521,40.405086,-124.351953,28.709,-1318.2,1516.3,-78.2,17.6,16.1,18.2,2022,1,6,1,8,41.44,0.0,0,1,0,0,0.006,-9.0,57,2022-01-06T01:08:41.440Z
nc73888396_20220810_045415,104522,40.406807,-124.351156,28.574,-1250.5,1707.5,-213.1,11.4,15.0,12.1,2022,8,10,4,54,15.67,0.0,1,3,4,14,0.032,0.013,57,2022-08-10T04:54:15.670Z
nc73889661_20200818_074221,108928,40.379431,-124.325741,28.957,907.3,-1332.5,169.5,9.7,8.9,8.3,2020,8,18,7,42,21.55,0.0,2,6,7,40,0.006,0.012,57,2020-08-18T07:42:21.550Z
nc73889661_20211103_010327,108931,40.378426,-124.326034,28.929,882.4,-1444.1,141.5,13.3,16.7,9.1,2021,11,3,1,3,27.5,0.0,4,5,12,34,0.015,0.016,57,2021-11-03T01:03:27.500Z
nc73889661_20211220_234413,108935,40.379606,-124.325854,28.903,897.6,-1313.0,115.2,11.5,11.1,12.0,2021,12,20,23,44,13.92,0.0,1,4,4,19,0.012,0.012,57,2021-12-20T23:44:13.920Z
nc73889661_20211220_202004,108936,40.380001,-124.326058,28.958,880.3,-1269.2,170.6,9.5,10.9,8.9,2021,12,20,20,20,4.24,0.0,0,4,0,27,0.007,0.011,57,2021-12-20T20:20:04.240Z
nc73889661_20211220_203920,108937,40.378695,-124.325781,28.929,903.9,-1414.2,141.8,12.7,15.6,8.1,2021,12,20,20,39,20.9,0.0,2,4,7,27,0.011,0.01,57,2021-12-20T20:39:20.900Z
nc73889661_20211220_235429,108940,40.379004,-124.325228,28.88,950.8,-1379.9,92.9,13.0,24.0,12.2,2021,12,20,23,54,29.02,0.0,0,3,0,8,0.046,0.026,57,2021-12-20T23:54:29.020Z
nc73889661_20211222_061637,108946,40.38005,-124.325627,28.918,917.0,-1263.8,130.7,13.7,17.6,11.5,2021,12,22,6,16,37.91,0.0,2,5,7,31,0.015,0.015,57,2021-12-22T06:16:37.910Z
nc73889661_20211223_215808,108949,40.379826,-124.325879,28.948,895.6,-1288.6,160.7,9.6,10.8,8.8,2021,12,23,21,58,8.46,0.0,0,4,0,26,0.004,0.009,57,2021-12-23T21:58:08.460Z
nc73889661_20211223_105557,108950,40.379122,-124.325928,28.94,891.4,-1366.8,152.4,10.3,10.7,9.4,2021,12,23,10,55,57.18,0.0,1,3,3,9,0.009,0.009,57,2021-12-23T10:55:57.180Z
nc73889661_20220308_125615,108955,40.379761,-124.325057,28.886,965.3,-1295.9,98.6,11.7,14.1,16.2,2022,3,8,12,56,15.06,0.0,0,2,1,3,0.014,0.008,57,2022-03-08T12:56:15.060Z
nc73888396,110342,40.408663,-124.351514,28.597,-1280.9,1913.5,-190.0,5.7,7.0,3.8,2023,5,15,11,35,50.56,2.49,9,33,9,32,0.017,0.013,57,2023-05-15T11:35:50.560Z
nc73889661,110571,40.379419,-124.32487,28.948,981.2,-1333.8,160.8,8.9,5.6,8.5,2023,5,18,17,14,50.72,1.28,12,40,14,43,0.016,0.012,57,2023-05-18T17:14:50.720Z
1016517_20200319_002108,100761,40.434611,-124.281201,27.327,-8.3,56.9,77.1,75.0,65.2,86.2,2020,3,19,0,21,8.52,0.0,1,3,4,12,0.038,0.091,58,2020-03-19T00:21:08.520Z
1016517_20200526_115420,100762,40.433187,-124.27972,27.025,117.4,-101.2,-225.1,94.9,82.5,91.7,2020,5,26,11,54,20.54,0.0,2,2,10,10,0.053,0.124,58,2020-05-26T11:54:20.540Z
1016517_20211220_204027,100770,40.435022,-124.280949,27.331,13.1,102.6,80.8,82.3,71.2,69.6,2021,12,20,20,40,27.84,0.0,2,3,19,27,0.039,0.078,58,2021-12-20T20:40:27.840Z
1016517_20211220_211337,100771,40.432292,-124.286418,27.4,-450.9,-200.6,150.2,135.4,157.1,104.7,2021,12,20,21,13,37.96,0.0,2,2,8,8,0.086,0.107,58,2021-12-20T21:13:37.960Z
1016517_20211220_214902,100772,40.43516,-124.287646,27.299,-555.2,117.9,48.8,165.3,82.2,111.8,2021,12,20,21,49,2.2,0.0,1,3,5,15,0.075,0.091,58,2021-12-20T21:49:02.200Z
1016517_20211220_214138,100775,40.432747,-124.285034,27.473,-333.5,-150.0,222.8,102.5,131.2,90.1,2021,12,20,21,41,38.06,0.0,2,3,12,13,0.06,0.138,58,2021-12-20T21:41:38.060Z
1016517_20211221_015506,100783,40.433732,-124.278263,27.236,241.0,-40.7,-13.6,107.8,79.7,84.7,2021,12,21,1,55,6.0,0.0,1,3,5,15,0.053,0.071,58,2021-12-21T01:55:06.000Z
1016517_20211221_094418,100784,40.434782,-124.272412,27.131,737.5,75.9,-118.8,164.7,118.5,91.8,2021,12,21,9,44,17.98,0.0,2,3,19,27,0.072,0.113,58,2021-12-21T09:44:17.980Z
1016517_20211221_114119,100786,40.434937,-124.28488,27.377,-320.4,93.1,126.6,110.1,86.3,78.5,2021,12,21,11,41,19.67,0.0,1,4,11,34,0.058,0.106,58,2021-12-21T11:41:19.670Z
1016517_20211221_021436,100797,40.436019,-124.277563,27.209,300.4,213.3,-41.4,101.0,116.0,97.2,2021,12,21,2,14,36.23,0.0,2,2,12,12,0.125,0.111,58,2021-12-21T02:14:36.230Z
1016517_20211221_062358,100798,40.43488,-124.27089,27.047,866.6,86.8,-202.6,159.4,153.7,128.9,2021,12,21,6,23,58.16,0.0,2,4,23,30,0.119,0.168,58,2021-12-21T06:23:58.160Z
1016517_20211222_084109,100800,40.435697,-124.271753,26.851,793.4,177.6,-398.7,153.8,172.5,123.8,2021,12,22,8,41,9.37,0.0,2,3,22,27,0.1,0.176,58,2021-12-22T08:41:09.370Z
1016517_20211225_223213,100805,40.433081,-124.281421,27.214,-26.9,-113.0,-36.0,70.4,83.9,74.2,2021,12,25,22,32,13.02,0.0,3,4,29,38,0.031,0.088,58,2021-12-25T22:32:13.020Z
1016517_20220102_194112,100813,40.435372,-124.287207,27.533,-517.9,141.4,282.7,124.3,124.3,129.0,2022,1,2,19,41,12.62,0.0,2,4,23,30,0.122,0.17,58,2022-01-02T19:41:12.620Z
1016517_20220103_195717,100814,40.434261,-124.285181,27.395,-345.9,18.1,144.5,113.5,91.5,84.6,2022,1,3,19,57,17.1,0.0,2,2,10,10,0.049,0.114,58,2022-01-03T19:57:17.100Z
1016517_20220106_040509,100815,40.433036,-124.285311,27.398,-357.0,-117.9,147.7,122.1,114.6,93.9,2022,1,6,4,5,9.06,0.0,2,3,17,22,0.045,0.122,58,2022-01-06T04:05:09.060Z
1016517_20220117_140708,100818,40.432707,-124.276131,27.115,421.9,-154.5,-135.4,135.7,92.6,117.0,2022,1,17,14,7,8.49,0.0,2,2,4,4,0.077,0.081,58,2022-01-17T14:07:08.490Z
1016517_20220218_065708,100819,40.433671,-124.276929,27.226,354.2,-47.4,-23.5,95.3,70.7,78.1,2022,2,18,6,57,8.32,0.0,1,3,0,0,0.033,-9.0,58,2022-02-18T06:57:08.320Z
1016517,110291,40.434062,-124.281673,27.239,-48.3,-4.1,-10.9,73.4,69.1,67.9,2023,3,8,12,49,37.42,0.96,32,53,31,50,0.076,0.084,58,2023-03-08T12:49:37.420Z
1017685_20201029_133208,107300,40.713094,-124.395508,24.465,-1.4,-0.5,5.4,11.3,16.9,40.9,2020,10,29,13,32,8.46,0.0,2,2,0,0,0.001,-9.0,59,2020-10-29T13:32:08.460Z
1017685_20210205_185822,107302,40.71318,-124.39554,24.45,-4.1,9.0,-10.0,12.8,16.1,28.8,2021,2,5,18,58,22.48,0.0,2,3,0,0,0.006,-9.0,59,2021-02-05T18:58:22.480Z
1017685_20210210_183904,107304,40.713204,-124.395386,24.264,8.9,11.7,-195.7,17.2,18.4,83.6,2021,2,10,18,39,4.72,0.0,2,2,0,0,0.008,-9.0,59,2021-02-10T18:39:04.720Z
1017685_20210327_194422,107305,40.713241,-124.395451,24.355,3.4,15.8,-104.8,12.2,23.4,56.7,2021,3,27,19,44,22.84,0.0,2,2,0,0,0.007,-9.0,59,2021-03-27T19:44:22.840Z
1017685_20210701_074904,107309,40.713151,-124.395475,24.442,1.4,5.9,-18.1,11.3,12.3,42.1,2021,7,1,7,49,4.92,0.0,2,2,0,0,0.006,-9.0,59,2021-07-01T07:49:04.920Z
1017685_20210728_135434,107310,40.713143,-124.395418,24.34,6.2,5.0,-119.6,15.1,12.4,61.7,2021,7,28,13,54,34.92,0.0,3,3,0,0,0.005,-9.0,59,2021-07-28T13:54:34.920Z
1017685_20210904_025143,107312,40.713123,-124.395483,24.429,0.7,2.7,-31.4,8.5,13.7,37.5,2021,9,4,2,51,43.76,0.0,3,3,0,0,0.005,-9.0,59,2021-09-04T02:51:43.760Z
1017685_20210904_035410,107313,40.713139,-124.395524,24.482,-2.8,4.5,21.7,10.0,12.7,36.8,2021,9,4,3,54,10.0,0.0,2,3,0,0,0.005,-9.0,59,2021-09-04T03:54:10.000Z
1017685_20210907_034311,107314,40.713175,-124.395386,24.293,8.9,8.6,-167.3,15.5,16.9,71.4,2021,9,7,3,43,11.16,0.0,3,3,0,0,0.008,-9.0,59,2021-09-07T03:43:11.160Z
1017685_20211111_044022,107316,40.71309,-124.395435,24.372,4.8,-0.9,-88.4,18.2,11.9,66.9,2021,11,11,4,40,22.12,0.0,3,3,0,0,0.005,-9.0,59,2021-11-11T04:40:22.120Z
1017685_20211125_190742,107319,40.713082,-124.39554,24.506,-4.1,-1.8,46.2,10.3,18.6,37.6,2021,11,25,19,7,42.26,0.0,3,3,0,0,0.004,-9.0,59,2021-11-25T19:07:42.260Z
1017685_20220107_012728,107321,40.713188,-124.395524,24.449,-2.8,9.9,-11.3,10.7,15.0,25.8,2022,1,7,1,27,28.78,0.0,3,4,0,0,0.009,-9.0,59,2022-01-07T01:27:28.780Z
1017685_20220325_154948,107322,40.713188,-124.395418,24.34,6.2,9.9,-120.4,18.4,15.7,73.7,2022,3,25,15,49,48.38,0.0,1,3,0,0,0.006,-9.0,59,2022-03-25T15:49:48.380Z
1017685_20220503_001812,107323,40.713078,-124.395549,24.508,-4.8,-2.3,48.2,11.9,17.2,40.1,2022,5,3,0,18,12.6,0.0,2,2,0,0,0.005,-9.0,59,2022-05-03T00:18:12.600Z
1017685_20220628_093618,107326,40.713188,-124.395532,24.493,-3.4,9.9,32.7,13.6,16.0,44.1,2022,6,28,9,36,18.38,0.0,2,2,0,0,0.005,-9.0,59,2022-06-28T09:36:18.380Z
1017685_20221114_173858,107332,40.713216,-124.395475,24.382,1.4,13.1,-78.3,13.3,22.9,74.0,2022,11,14,17,38,58.6,0.0,2,2,0,0,0.008,-9.0,59,2022-11-14T17:38:58.600Z
1017685,110430,40.713049,-124.395524,24.479,-2.8,-5.4,19.3,11.0,12.2,28.7,2023,4,18,9,17,19.78,1.42,37,42,0,0,0.006,-9.0,59,2023-04-18T09:17:19.780Z
1014030_20200809_054239,106108,40.495785,-123.975456,20.743,37.3,-753.2,-148.3,46.4,40.1,35.4,2020,8,9,5,42,39.18,0.0,2,2,10,4,0.018,0.054,60,2020-08-09T05:42:39.180Z
1014030_20201130_012911,106111,40.496126,-123.975244,20.771,55.2,-715.3,-120.2,45.3,41.3,35.1,2020,11,30,1,29,11.0,0.0,1,3,8,6,0.011,0.034,60,2020-11-30T01:29:11.000Z
1014030_20210710_064504,106114,40.495553,-123.97592,20.738,-2.1,-779.0,-153.3,44.1,42.3,50.5,2021,7,10,6,45,4.76,0.0,2,3,7,1,0.021,0.022,60,2021-07-10T06:45:04.760Z
1014030_20220418_155636,106118,40.496493,-123.975586,20.773,26.2,-674.6,-118.1,51.0,44.7,48.9,2022,4,18,15,56,36.89,0.0,2,3,8,3,0.034,0.018,60,2022-04-18T15:56:36.890Z
1014030_20220907_204818,106120,40.495821,-123.976278,20.729,-32.4,-749.2,-162.0,45.3,53.7,34.6,2022,9,7,20,48,18.24,0.0,1,3,8,5,0.038,0.036,60,2022-09-07T20:48:18.240Z
1014030_20221118_014611,106122,40.493778,-123.978963,20.648,-260.1,-976.0,-242.9,65.8,67.3,64.4,2022,11,18,1,46,11.16,0.0,2,2,10,4,0.083,0.084,60,2022-11-18T01:46:11.160Z
1013820_20200630_182445,108843,40.507149,-123.976278,20.961,-32.4,508.8,69.8,38.3,31.5,39.9,2020,6,30,18,24,45.54,0.0,1,3,2,6,0.012,0.004,60,2020-06-30T18:24:45.540Z
1013820_20210625_114703,108845,40.507959,-123.975049,21.089,71.7,598.7,197.3,38.6,36.9,38.5,2021,6,25,11,47,3.73,0.0,3,3,18,17,0.046,0.064,60,2021-06-25T11:47:03.730Z
1013820_20210629_144928,108846,40.507658,-123.975439,21.05,38.6,565.3,158.8,33.0,41.5,39.6,2021,6,29,14,49,28.91,0.0,2,4,20,25,0.043,0.057,60,2021-06-29T14:49:28.910Z
1013820_20210712_080652,108847,40.507792,-123.97526,21.046,53.8,580.2,155.3,30.0,36.3,44.7,2021,7,12,8,6,52.47,0.0,3,4,24,25,0.038,0.056,60,2021-07-12T08:06:52.470Z
1013820_20210731_154027,108848,40.507837,-123.97526,21.056,53.8,585.1,165.2,32.8,34.3,43.2,2021,7,31,15,40,27.07,0.0,3,4,24,25,0.04,0.057,60,2021-07-31T15:40:27.070Z
1013820_20220107_223442,108850,40.508594,-123.974365,21.218,129.7,669.2,326.9,64.1,46.0,55.3,2022,1,7,22,34,42.94,0.0,1,4,6,20,0.06,0.11,60,2022-01-07T22:34:42.940Z
1013820_20220121_155259,108851,40.507402,-123.976562,21.115,-56.6,536.8,223.7,59.3,28.9,75.5,2022,1,21,15,52,59.18,0.0,0,4,0,8,0.044,0.034,60,2022-01-21T15:52:59.180Z
1013820_20220726_052028,108854,40.505237,-123.981291,20.932,-457.3,296.4,40.4,136.3,84.0,86.9,2022,7,26,5,20,28.17,0.0,2,2,18,20,0.124,0.134,60,2022-07-26T05:20:28.170Z
1013820_20221119_115709,108855,40.507023,-123.976587,20.975,-58.6,494.8,83.5,38.2,33.1,40.7,2022,11,19,11,57,9.28,0.0,4,5,26,34,0.007,0.054,60,2022-11-19T11:57:09.280Z
1014030,110393,40.49589,-123.97509,20.746,68.3,-741.5,-145.2,43.8,37.6,35.4,2023,1,5,23,38,8.24,1.45,10,16,17,13,0.041,0.041,60,2023-01-05T23:38:08.240Z
1013820,110557,40.507113,-123.976302,20.957,-34.5,504.7,65.9,34.7,28.6,39.8,2023,1,2,17,21,40.04,1.1,19,33,26,34,0.051,0.053,60,2023-01-02T17:21:40.040Z
1018294_20200719_141400,108265,40.291158,-124.507015,7.263,-927.2,-1488.3,339.5,4.4,7.1,10.7,2020,7,19,14,14,0.2,0.0,0,5,6,24,0.016,0.018,61,2020-07-19T14:14:00.200Z
1018294_20200719_071602,108266,40.293213,-124.506917,7.212,-918.8,-1260.1,289.0,4.3,10.7,9.2,2020,7,19,7,16,3.01,0.0,0,5,4,24,0.022,0.022,61,2020-07-19T07:16:03.010Z
1018294_20200719_134708,108267,40.293294,-124.506828,7.232,-911.2,-1251.1,308.8,4.1,11.0,9.1,2020,7,19,13,47,8.88,0.0,0,5,4,24,0.02,0.026,61,2020-07-19T13:47:08.880Z
1018294_20220419_172028,108274,40.307275,-124.505688,7.372,-814.3,301.4,448.1,8.9,23.0,16.4,2022,4,19,17,20,28.9,0.0,0,2,0,0,0.022,-9.0,61,2022-04-19T17:20:28.900Z
1018294_20220828_202845,108276,40.29436,-124.507943,7.747,-1006.0,-1132.7,823.8,5.5,15.0,10.2,2022,8,28,20,28,45.92,0.0,1,2,6,8,0.029,0.03,61,2022-08-28T20:28:45.920Z
nc73858110_20201108_001547,109172,40.309188,-124.490202,6.513,502.3,513.7,-410.1,3.1,6.9,8.6,2020,11,8,0,15,47.44,0.0,2,7,10,45,0.016,0.018,61,2020-11-08T00:15:47.440Z
nc73858110_20201108_042027,109173,40.312557,-124.489893,6.229,528.5,887.8,-694.5,3.5,4.3,5.4,2020,11,8,4,20,27.13,0.0,5,8,23,49,0.011,0.013,61,2020-11-08T04:20:27.130Z
nc73858110_20210224_072537,109175,40.307703,-124.490592,5.368,469.1,348.8,-1555.3,4.2,11.6,10.2,2021,2,24,7,25,37.92,0.0,0,2,4,8,0.019,0.019,61,2021-02-24T07:25:37.920Z
nc73858110_20210712_220022,109176,40.311292,-124.490055,6.322,514.7,747.3,-601.7,1.8,5.1,7.7,2021,7,12,22,0,22.14,0.0,3,8,18,52,0.006,0.011,61,2021-07-12T22:00:22.140Z
nc73858110_20220222_001304,109178,40.307202,-124.490918,6.218,441.4,293.2,-705.6,2.6,6.5,7.7,2022,2,22,0,13,4.51,0.0,0,3,0,16,0.005,0.021,61,2022-02-22T00:13:04.510Z
nc73858110_20220325_201845,109179,40.311715,-124.489819,6.222,534.8,794.3,-701.7,3.0,2.8,3.6,2022,3,25,20,18,45.48,0.0,7,11,29,62,0.006,0.012,61,2022-03-25T20:18:45.480Z
nc73858110_20220326_151117,109180,40.312463,-124.489811,6.169,535.5,877.4,-754.4,2.6,3.8,5.5,2022,3,26,15,11,17.27,0.0,6,10,27,54,0.007,0.011,61,2022-03-26T15:11:17.270Z
nc73858110_20220326_052228,109181,40.311743,-124.489827,6.248,534.1,797.5,-675.1,2.9,2.5,3.1,2022,3,26,5,22,28.13,0.0,6,10,27,59,0.006,0.011,61,2022-03-26T05:22:28.130Z
nc73858110_20220719_105954,109185,40.310689,-124.490308,5.825,493.3,680.4,-1098.8,6.2,9.2,9.8,2022,7,19,10,59,54.03,0.0,1,2,7,22,0.01,0.013,61,2022-07-19T10:59:54.030Z
1018294,110490,40.290584,-124.50743,7.417,-962.4,-1552.0,494.0,4.0,9.5,8.7,2023,5,7,7,21,24.48,0.91,1,19,6,23,0.021,0.025,61,2023-05-07T07:21:24.480Z
nc73858110,110612,40.311886,-124.48973,6.228,542.4,813.3,-695.4,1.4,1.6,2.0,2023,3,17,11,55,14.12,1.91,30,61,31,68,0.009,0.011,61,2023-03-17T11:55:14.120Z
1016196_20210615_123058,107694,40.533329,-123.982096,20.924,35.2,25.3,64.4,1524.2,838.3,1355.7,2021,6,15,12,30,58.24,0.0,3,1,0,0,0.047,-9.0,62,2021-06-15T12:30:58.240Z
1016196_20210615_143256,107705,40.533411,-123.981885,20.932,53.1,34.3,72.5,1529.6,883.7,1299.0,2021,6,15,14,32,56.87,0.0,3,1,0,0,0.046,-9.0,62,2021-06-15T14:32:56.870Z
1016196_20210615_080351,107712,40.533337,-123.982072,20.919,37.2,26.2,59.4,1482.5,829.0,1251.7,2021,6,15,8,3,51.62,0.0,3,1,0,0,0.044,-9.0,62,2021-06-15T08:03:51.620Z
1016196_20210615_105214,107714,40.533341,-123.98208,20.921,36.5,26.7,61.1,1517.0,829.9,1283.9,2021,6,15,10,52,14.82,0.0,3,1,0,0,0.044,-9.0,62,2021-06-15T10:52:14.820Z
1016196_20210616_154643,107717,40.533407,-123.981966,20.931,46.2,33.9,71.1,1654.2,894.7,1325.9,2021,6,16,15,46,43.79,0.0,3,1,0,0,0.049,-9.0,62,2021-06-16T15:46:43.790Z
1016196_20211006_172942,107720,40.533435,-123.98116,20.887,114.5,37.1,27.4,1599.7,915.4,1197.3,2021,10,6,17,29,42.88,0.0,3,1,0,0,0.08,-9.0,62,2021-10-06T17:29:42.880Z
1016196_20211006_202550,107721,40.533443,-123.981136,20.889,116.5,38.0,28.5,1617.7,927.0,1182.1,2021,10,6,20,25,50.12,0.0,3,1,0,0,0.085,-9.0,62,2021-10-06T20:25:50.120Z
1016196_20211006_181158,107722,40.533468,-123.981087,20.891,120.7,40.7,31.3,1614.2,933.3,1166.3,2021,10,6,18,11,58.24,0.0,3,1,0,0,0.084,-9.0,62,2021-10-06T18:11:58.240Z
1016196_20211009_150749,107723,40.533175,-123.981991,20.858,44.1,8.1,-1.5,1572.6,936.4,1022.6,2021,10,9,15,7,49.74,0.0,3,1,0,0,0.027,-9.0,62,2021-10-09T15:07:49.740Z
1016196_20211009_074842,107724,40.53348,-123.981234,20.899,108.3,42.0,39.0,1232.1,817.7,943.3,2021,10,9,7,48,42.61,0.0,2,2,0,0,0.122,-9.0,62,2021-10-09T07:48:42.610Z
1016196_20211010_143848,107725,40.533464,-123.980404,20.856,178.6,40.2,-3.6,2618.9,815.6,1487.0,2021,10,10,14,38,48.42,0.0,3,1,0,0,0.083,-9.0,62,2021-10-10T14:38:48.420Z
1016196_20220810_104836,107727,40.534241,-123.980347,20.969,183.4,126.5,108.5,1876.8,1476.7,1409.4,2022,8,10,10,48,36.51,0.0,3,1,0,0,0.13,-9.0,62,2022-08-10T10:48:36.510Z
1016196_20220810_103124,107728,40.534163,-123.980485,20.965,171.7,117.9,104.6,1738.1,1394.9,1317.3,2022,8,10,10,31,24.39,0.0,3,1,0,0,0.13,-9.0,62,2022-08-10T10:31:24.390Z
1016196_20220922_045607,107729,40.532979,-123.982674,20.847,-13.8,-13.6,-13.5,1353.0,1232.0,1179.9,2022,9,22,4,56,7.22,0.0,2,2,0,0,0.014,-9.0,62,2022-09-22T04:56:07.220Z
1016196_20220922_070954,107730,40.532975,-123.98269,20.844,-15.2,-14.0,-16.1,1420.1,1236.8,1300.3,2022,9,22,7,9,54.48,0.0,2,2,0,0,0.016,-9.0,62,2022-09-22T07:09:54.480Z
1016196,110449,40.532804,-123.98339,20.826,-74.5,-33.0,-33.6,1029.7,804.8,808.5,2023,2,25,4,7,30.63,0.97,42,18,0,0,0.077,-9.0,62,2023-02-25T04:07:30.630Z
1015736_20200117_211600,103964,40.354781,-124.452669,28.014,9.7,-178.9,54.1,32.9,50.0,34.3,2020,1,17,21,16,0.76,0.0,1,1,8,10,0.013,0.026,63,2020-01-17T21:16:00.760Z
1015736_20200204_095727,103965,40.364315,-124.450871,27.888,162.4,879.7,-72.2,28.8,89.7,44.1,2020,2,4,9,57,27.14,0.0,2,1,9,8,0.028,0.051,63,2020-02-04T09:57:27.140Z
1015736_20200229_121759,103967,40.360417,-124.451017,27.875,150.0,446.9,-85.2,31.2,71.9,45.4,2020,2,29,12,17,59.16,0.0,2,2,13,17,0.038,0.046,63,2020-02-29T12:17:59.160Z
1015736_20200310_155255,103968,40.356588,-124.452832,27.943,-4.1,21.7,-17.1,27.4,34.0,27.4,2020,3,10,15,52,55.42,0.0,1,3,2,6,0.028,0.012,63,2020-03-10T15:52:55.420Z
1015736_20200318_230433,103969,40.364087,-124.450895,27.908,160.4,854.4,-52.4,32.6,106.7,36.3,2020,3,18,23,4,33.16,0.0,3,1,12,9,0.03,0.051,63,2020-03-18T23:04:33.160Z
1015736_20200318_222327,103972,40.35697,-124.452954,27.981,-14.5,64.2,21.1,25.4,39.0,25.7,2020,3,18,22,23,27.0,0.0,2,2,6,6,0.01,0.031,63,2020-03-18T22:23:27.000Z
1015736_20200319_025121,103973,40.356311,-124.45284,27.913,-4.8,-9.0,-47.3,28.4,27.5,34.1,2020,3,19,2,51,21.32,0.0,5,5,33,45,0.029,0.029,63,2020-03-19T02:51:21.320Z
1015736_20200319_010652,103974,40.356588,-124.452962,27.937,-15.2,21.7,-23.4,23.7,29.2,38.7,2020,3,19,1,6,52.92,0.0,2,4,11,25,0.037,0.022,63,2020-03-19T01:06:52.920Z
1015736_20200319_100301,103975,40.355164,-124.452954,27.933,-14.5,-136.5,-27.3,20.1,49.8,31.4,2020,3,19,10,3,1.86,0.0,1,4,5,17,0.024,0.025,63,2020-03-19T10:03:01.860Z
1015736_20200319_012046,103977,40.354232,-124.45127,27.806,128.6,-239.9,-154.2,33.6,58.5,37.3,2020,3,19,1,20,46.65,0.0,3,1,12,3,0.025,0.045,63,2020-03-19T01:20:46.650Z
1015736_20200319_000736,103978,40.356934,-124.452848,27.94,-5.5,60.1,-19.9,27.3,37.6,30.2,2020,3,19,0,7,36.38,0.0,0,4,0,11,0.02,0.01,63,2020-03-19T00:07:36.380Z
1015736_20200320_062204,103979,40.354736,-124.453027,27.91,-20.7,-183.9,-50.3,23.5,55.9,36.8,2020,3,20,6,22,4.3,0.0,2,3,13,17,0.034,0.044,63,2020-03-20T06:22:04.300Z
1015736_20200322_204812,103980,40.356559,-124.452995,27.929,-18.0,18.5,-31.4,29.4,36.5,40.1,2020,3,22,20,48,12.08,0.0,1,3,4,11,0.045,0.025,63,2020-03-22T20:48:12.080Z
1015736_20220328_202516,103988,40.356189,-124.451546,27.847,105.1,-22.6,-113.2,33.6,66.2,37.0,2022,3,28,20,25,16.44,0.0,4,3,20,21,0.05,0.044,63,2022-03-28T20:25:16.440Z
1015736_20220529_171440,103989,40.356726,-124.452897,27.959,-9.7,37.1,-0.6,28.8,44.0,29.4,2022,5,29,17,14,40.2,0.0,3,3,14,13,0.011,0.031,63,2022-05-29T17:14:40.200Z
1015736,110331,40.356104,-124.453231,28.002,-38.0,-32.1,41.8,20.9,31.6,24.6,2023,2,13,12,0,43.36,1.05,32,40,32,35,0.031,0.035,63,2023-02-13T12:00:43.360Z
1013799_20200211_091930,101493,40.325826,-124.367407,18.821,-78.2,14.9,31.5,305.3,441.4,301.6,2020,2,11,9,19,30.89,0.0,2,2,0,0,0.062,-9.0,64,2020-02-11T09:19:30.890Z
1013799_20200508_141903,101495,40.325859,-124.366878,18.771,-33.2,18.5,-18.8,339.8,439.9,317.2,2020,5,8,14,19,3.3,0.0,2,2,0,0,0.065,-9.0,64,2020-05-08T14:19:03.300Z
1013799_20200831_234531,101497,40.32557,-124.366414,18.781,6.2,-13.6,-9.3,224.5,326.4,243.0,2020,8,31,23,45,31.4,0.0,2,5,0,0,0.011,-9.0,64,2020-08-31T23:45:31.400Z
1013799_20201002_170400,101498,40.326656,-124.367041,18.823,-47.0,107.1,33.0,249.7,350.8,272.5,2020,10,2,17,4,0.64,0.0,2,3,0,0,0.045,-9.0,64,2020-10-02T17:04:00.640Z
1013799_20210110_202948,101499,40.325594,-124.36674,18.804,-21.4,-10.8,14.0,169.6,247.6,221.7,2021,1,10,20,29,48.82,0.0,4,3,0,0,0.023,-9.0,64,2021-01-10T20:29:48.820Z
1013799_20210707_083052,101502,40.325916,-124.366976,18.813,-41.5,24.9,23.2,207.7,312.4,221.4,2021,7,7,8,30,52.07,0.0,3,3,0,0,0.026,-9.0,64,2021-07-07T08:30:52.070Z
1013799_20210916_063923,101505,40.325948,-124.366895,18.803,-34.6,28.5,13.2,196.7,256.7,220.6,2021,9,16,6,39,23.68,0.0,3,4,0,0,0.025,-9.0,64,2021-09-16T06:39:23.680Z
1013799_20211005_050045,101507,40.326408,-124.367301,18.813,-69.2,79.5,22.7,278.8,332.2,299.9,2021,10,5,5,0,45.33,0.0,3,3,0,0,0.052,-9.0,64,2021-10-05T05:00:45.330Z
1013799_20220417_225931,101545,40.325663,-124.366683,18.795,-16.6,-3.2,5.3,202.7,246.7,197.4,2022,4,17,22,59,31.24,0.0,3,5,0,0,0.022,-9.0,64,2022-04-17T22:59:31.240Z
1013799_20220516_115422,101547,40.330493,-124.367456,18.802,-82.3,533.2,11.5,283.3,951.6,321.9,2022,5,16,11,54,22.57,0.0,2,2,0,0,0.107,-9.0,64,2022-05-16T11:54:22.570Z
1013799_20220620_054912,101549,40.326213,-124.366813,18.812,-27.7,57.8,22.4,238.1,336.2,207.9,2022,6,20,5,49,12.57,0.0,1,3,0,0,0.049,-9.0,64,2022-06-20T05:49:12.570Z
1013799_20220901_165214,101556,40.327645,-124.367236,18.812,-63.6,216.9,22.5,222.6,547.0,226.6,2022,9,1,16,52,14.47,0.0,0,4,0,0,0.068,-9.0,64,2022-09-01T16:52:14.470Z
1013799_20220917_213756,101559,40.324154,-124.365804,18.763,58.1,-170.8,-27.4,421.7,621.5,400.1,2022,9,17,21,37,56.32,0.0,2,2,0,0,0.088,-9.0,64,2022-09-17T21:37:56.320Z
1013799_20220917_204421,101560,40.324491,-124.365926,18.767,47.7,-133.3,-23.0,399.9,578.9,389.1,2022,9,17,20,44,21.28,0.0,2,2,0,0,0.083,-9.0,64,2022-09-17T20:44:21.280Z
1013799_20220923_010228,101563,40.32653,-124.366854,18.801,-31.1,93.1,10.8,221.5,360.5,247.1,2022,9,23,1,2,28.59,0.0,2,4,0,0,0.04,-9.0,64,2022-09-23T01:02:28.590Z
1013799,110297,40.325521,-124.366187,18.781,25.6,-19.0,-8.7,194.7,262.9,210.9,2023,1,2,14,24,18.16,1.18,33,47,0,0,0.052,-9.0,64,2023-01-02T14:24:18.160Z
1015560_20211220_204628,105847,40.391728,-124.287663,27.837,-5.5,47.4,16.8,172.8,241.6,158.7,2021,12,20,20,46,28.2,0.0,1,3,0,0,0.036,-9.0,65,2021-12-20T20:46:28.200Z
1015560_20211221_095515,105849,40.39128,-124.287744,27.819,-12.4,-2.3,-1.2,175.8,89.0,69.8,2021,12,21,9,55,15.7,0.0,2,4,0,0,0.011,-9.0,65,2021-12-21T09:55:15.700Z
1015560_20211221_193235,105851,40.391231,-124.287948,27.82,-29.7,-7.7,-0.5,187.4,101.6,84.4,2021,12,21,19,32,35.98,0.0,1,4,0,0,0.035,-9.0,65,2021-12-21T19:32:35.980Z
1015560_20211221_185236,105864,40.391878,-124.285897,27.814,144.4,64.2,-5.7,304.5,168.5,121.9,2021,12,21,18,52,36.66,0.0,0,2,0,0,0.018,-9.0,65,2021-12-21T18:52:36.660Z
1015560_20211221_081001,105872,40.391553,-124.287801,27.838,-17.3,28.0,18.0,253.6,123.3,115.1,2021,12,21,8,10,1.86,0.0,0,3,0,0,0.019,-9.0,65,2021-12-21T08:10:01.860Z
1015560_20211222_052609,105888,40.391459,-124.287712,27.833,-9.7,17.6,13.3,234.3,121.1,113.0,2021,12,22,5,26,9.74,0.0,0,3,0,0,0.019,-9.0,65,2021-12-22T05:26:09.740Z
1015560_20211223_010517,105898,40.391317,-124.287996,27.827,-33.9,1.8,7.4,221.0,137.3,93.6,2021,12,23,1,5,17.28,0.0,1,4,0,0,0.02,-9.0,65,2021-12-23T01:05:17.280Z
1015560_20211223_014711,105899,40.391524,-124.286466,27.804,96.0,24.9,-16.0,221.6,109.7,76.5,2021,12,23,1,47,11.06,0.0,1,2,0,0,0.003,-9.0,65,2021-12-23T01:47:11.060Z
1015560_20211230_122804,105919,40.391162,-124.287655,27.816,-4.8,-15.4,-3.9,84.3,135.8,88.2,2021,12,30,12,28,4.26,0.0,1,3,0,0,0.011,-9.0,65,2021-12-30T12:28:04.260Z
1015560_20220105_230128,105923,40.391052,-124.285596,27.825,170.0,-27.6,5.4,1353.9,192.8,118.0,2022,1,5,23,1,28.7,0.0,0,1,0,0,0.012,-9.0,65,2022-01-05T23:01:28.700Z
1015560_20220116_044446,105928,40.391317,-124.287646,27.821,-4.1,1.8,1.0,147.2,102.2,75.1,2022,1,16,4,44,46.82,0.0,2,2,0,0,0.004,-9.0,65,2022-01-16T04:44:46.820Z
1015560_20220210_094648,105933,40.390173,-124.287573,27.783,2.1,-125.2,-36.8,148.3,321.8,187.3,2022,2,10,9,46,48.95,0.0,1,2,0,0,0.062,-9.0,65,2022-02-10T09:46:48.950Z
1015560_20220609_024047,105946,40.391504,-124.288542,27.823,-80.2,22.6,2.7,183.9,133.5,134.6,2022,6,9,2,40,47.58,0.0,0,2,0,0,0.027,-9.0,65,2022-06-09T02:40:47.580Z
1015560_20220701_201934,105948,40.391484,-124.287598,27.834,0.0,20.3,14.2,251.7,145.4,124.8,2022,7,1,20,19,34.2,0.0,0,3,0,0,0.023,-9.0,65,2022-07-01T20:19:34.200Z
1015560,110381,40.391252,-124.28772,27.819,-10.4,-5.4,-1.1,118.5,99.3,83.2,2023,2,9,3,13,2.87,0.89,10,38,0,0,0.026,-9.0,65,2023-02-09T03:13:02.870Z
1016569_20201014_153441,105415,40.279806,-124.50922,18.72,-2.1,1.4,29.6,98.9,211.5,283.8,2020,10,14,15,34,41.4,0.0,2,2,0,0,0.008,-9.0,67,2020-10-14T15:34:41.400Z
1016569_20210401_081901,105416,40.279793,-124.50918,18.68,1.4,0.0,-10.4,67.2,145.3,142.5,2021,4,1,8,19,1.02,0.0,1,3,0,0,0.008,-9.0,67,2021-04-01T08:19:01.020Z
1016569_20210526_142808,105417,40.27891,-124.509342,18.725,-12.5,-98.0,34.9,105.4,304.0,180.6,2021,5,26,14,28,8.26,0.0,0,3,0,0,0.019,-9.0,67,2021-05-26T14:28:08.260Z
1016569_20211101_084728,105420,40.279826,-124.509196,18.698,0.0,3.6,8.4,97.2,131.6,180.7,2021,11,1,8,47,28.7,0.0,2,2,0,0,0.007,-9.0,67,2021-11-01T08:47:28.700Z
1016569_20211221_133948,105423,40.278524,-124.50944,18.732,-20.8,-141.0,42.3,149.6,321.3,248.6,2021,12,21,13,39,48.99,0.0,0,2,0,0,0.025,-9.0,67,2021-12-21T13:39:48.990Z
1016569_20211229_154235,105425,40.279887,-124.509196,18.689,0.0,10.4,-1.3,99.5,169.9,153.7,2021,12,29,15,42,35.26,0.0,3,3,0,0,0.015,-9.0,67,2021-12-29T15:42:35.260Z
1016569_20211229_153322,105426,40.280009,-124.509147,18.688,4.2,23.9,-2.2,101.3,221.1,230.6,2021,12,29,15,33,22.24,0.0,1,3,0,0,0.016,-9.0,67,2021-12-29T15:33:22.240Z
1016569_20220207_074712,105431,40.279744,-124.509212,18.69,-1.4,-5.4,0.4,91.8,158.7,158.8,2022,2,7,7,47,12.98,0.0,2,4,0,0,0.014,-9.0,67,2022-02-07T07:47:12.980Z
1016569_20220207_143553,105432,40.279956,-124.509163,18.684,2.8,18.1,-6.1,79.8,193.5,135.2,2022,2,7,14,35,53.84,0.0,2,3,0,0,0.014,-9.0,67,2022-02-07T14:35:53.840Z
1016569_20220514_194833,105435,40.279838,-124.509188,18.677,0.7,5.0,-12.6,81.7,128.4,174.7,2022,5,14,19,48,33.06,0.0,0,4,0,0,0.011,-9.0,67,2022-05-14T19:48:33.060Z
1016569_20220514_200532,105436,40.279757,-124.50918,18.677,1.4,-4.1,-13.4,70.1,224.4,222.2,2022,5,14,20,5,32.74,0.0,1,3,0,0,0.014,-9.0,67,2022-05-14T20:05:32.740Z
1016569_20220801_202859,105438,40.280611,-124.508993,18.618,17.3,90.8,-71.6,126.9,170.1,255.0,2022,8,1,20,28,59.3,0.0,1,2,0,0,0.03,-9.0,67,2022-08-01T20:28:59.300Z
1016569_20221105_204914,105440,40.279765,-124.509204,18.684,-0.7,-3.2,-5.8,77.3,149.9,164.4,2022,11,5,20,49,14.1,0.0,0,4,0,0,0.008,-9.0,67,2022-11-05T20:49:14.100Z
1016569,110371,40.279826,-124.509196,18.688,0.0,3.6,-1.8,69.8,134.0,119.7,2023,3,11,3,37,51.89,1.01,15,38,0,0,0.015,-9.0,67,2023-03-11T03:37:51.890Z
nc73824006_20200107_211424,102900,40.393945,-124.512345,21.035,1049.5,-276.5,1282.5,151.3,259.1,177.8,2020,1,7,21,14,24.84,0.0,0,5,0,15,0.054,0.029,68,2020-01-07T21:14:24.840Z
nc73824006_20200209_153009,102901,40.397115,-124.51307,21.185,988.0,75.5,1431.8,231.0,291.1,219.2,2020,2,9,15,30,9.72,0.0,1,3,2,6,0.134,0.07,68,2020-02-09T15:30:09.720Z
nc73824006_20200420_215808,102903,40.394588,-124.512752,21.139,1014.9,-205.1,1385.8,142.2,319.7,178.9,2020,4,20,21,58,8.76,0.0,1,5,4,19,0.14,0.056,68,2020-04-20T21:58:08.760Z
nc73824006_20211129_101446,102904,40.394666,-124.512004,20.966,1078.5,-196.5,1213.2,162.0,217.2,244.9,2021,11,29,10,14,46.35,0.0,0,7,0,16,0.055,0.031,68,2021-11-29T10:14:46.350Z
1015135_20200512_173910,104441,40.399447,-124.523592,18.241,94.7,334.4,-1511.6,292.8,396.3,694.8,2020,5,12,17,39,10.98,0.0,2,2,2,2,0.178,0.054,68,2020-05-12T17:39:10.980Z
1015135_20200517_183225,104442,40.402897,-124.525741,18.488,-87.7,717.5,-1265.1,223.6,320.1,346.3,2020,5,17,18,32,25.1,0.0,1,3,3,5,0.16,0.085,68,2020-05-17T18:32:25.100Z
1015135_20210803_070226,104451,40.402047,-124.525155,18.302,-38.0,623.1,-1451.3,190.9,262.0,350.4,2021,8,3,7,2,26.08,0.0,1,3,1,4,0.079,0.06,68,2021-08-03T07:02:26.080Z
1015135_20220703_151300,104471,40.402283,-124.526042,19.073,-113.3,649.3,-679.4,231.3,441.9,468.6,2022,7,3,15,13,0.23,0.0,2,2,3,2,0.152,0.109,68,2022-07-03T15:13:00.230Z
1016692_20211129_185725,109737,40.396973,-124.538127,18.322,-1139.3,59.6,-1431.0,105.2,170.4,177.5,2021,11,29,18,57,25.04,0.0,3,5,6,10,0.035,0.032,68,2021-11-29T18:57:25.040Z
1016692_20220922_083804,109738,40.397176,-124.538346,18.309,-1157.9,82.2,-1443.4,114.1,180.2,174.6,2022,9,22,8,38,4.4,0.0,1,4,3,9,0.027,0.023,68,2022-09-22T08:38:04.400Z
nc73824006,110310,40.393949,-124.511882,20.984,1088.9,-276.1,1231.0,115.9,198.1,135.5,2022,12,24,5,13,6.99,2.6,2,20,11,26,0.101,0.06,68,2022-12-24T05:13:06.990Z
1015135,110339,40.401595,-124.524447,18.176,22.1,572.9,-1576.7,173.7,278.3,327.0,2023,1,30,19,45,47.76,1.21,6,10,9,14,0.147,0.072,68,2023-01-30T19:45:47.760Z
1016692,110684,40.397913,-124.538721,18.302,-1189.7,164.0,-1451.1,103.4,167.5,166.4,2023,3,16,11,19,56.45,1.21,4,9,6,10,0.032,0.034,68,2023-03-16T11:19:56.450Z
1018046_20200513_200304,108581,40.630566,-124.459741,6.815,122.6,-36.6,205.2,48.1,50.6,59.4,2020,5,13,20,3,4.28,0.0,2,1,6,6,0.065,0.039,69,2020-05-13T20:03:04.280Z
1018046_20200513_183114,108582,40.630542,-124.460465,6.828,61.3,-39.3,217.5,32.8,43.6,58.5,2020,5,13,18,31,14.12,0.0,3,3,8,13,0.061,0.039,69,2020-05-13T18:31:14.120Z
1018046_20200514_183858,108583,40.630656,-124.460449,6.848,62.7,-26.7,238.0,37.3,45.1,60.9,2020,5,14,18,38,58.56,0.0,2,3,7,13,0.065,0.04,69,2020-05-14T18:38:58.560Z
1018046_20200520_165114,108584,40.631209,-124.459017,6.922,183.8,34.8,312.2,49.2,85.2,76.7,2020,5,20,16,51,14.65,0.0,1,2,0,0,0.087,-9.0,69,2020-05-20T16:51:14.650Z
1018046_20210331_174058,108589,40.630957,-124.461312,6.586,-10.3,6.8,-23.7,23.5,25.9,37.0,2021,3,31,17,40,58.5,0.0,0,5,0,14,0.013,0.011,69,2021-03-31T17:40:58.500Z
1018046_20210401_061655,108590,40.630961,-124.461043,6.538,12.4,7.2,-71.8,27.8,26.4,66.2,2021,4,1,6,16,55.76,0.0,1,4,1,12,0.022,0.012,69,2021-04-01T06:16:55.760Z
1018046_20210407_043752,108592,40.630819,-124.461182,6.633,0.7,-8.6,22.9,30.9,22.2,35.1,2021,4,7,4,37,52.26,0.0,2,6,5,22,0.029,0.019,69,2021-04-07T04:37:52.260Z
1018046_20210926_203315,108593,40.631063,-124.461597,6.56,-34.4,18.5,-50.3,40.5,29.2,49.8,2021,9,26,20,33,15.8,0.0,1,5,3,13,0.015,0.018,69,2021-09-26T20:33:15.800Z
1018046_20211217_193736,108594,40.630957,-124.461344,6.589,-13.1,6.8,-21.4,28.4,22.4,37.8,2021,12,17,19,37,36.64,0.0,2,5,7,22,0.012,0.03,69,2021-12-17T19:37:36.640Z
1018046_20220828_144215,108595,40.630945,-124.461369,6.589,-15.1,5.4,-21.4,27.1,23.8,39.4,2022,8,28,14,42,15.86,0.0,0,5,0,9,0.019,0.005,69,2022-08-28T14:42:15.860Z
1018046_20221024_214536,108596,40.630811,-124.4611,6.637,7.6,-9.5,27.2,36.1,22.7,40.5,2022,10,24,21,45,36.6,0.0,1,3,1,3,0.035,0.024,69,2022-10-24T21:45:36.600Z
1018046_20221111_164255,108598,40.6309,-124.461393,6.573,-17.2,0.5,-37.4,27.1,27.7,40.2,2022,11,11,16,42,55.46,0.0,0,4,0,4,0.022,0.004,69,2022-11-11T16:42:55.460Z
1018046,110528,40.630953,-124.461434,6.565,-20.7,6.3,-45.2,25.5,21.9,32.7,2023,4,29,9,23,2.14,0.95,15,46,14,47,0.04,0.033,69,2023-04-29T09:23:02.140Z
nc73881306_20200319_004530,101456,40.433008,-124.420972,26.436,27.6,78.2,155.9,66.5,75.9,92.7,2020,3,19,0,45,30.32,0.0,1,4,4,20,0.078,0.027,70,2020-03-19T00:45:30.320Z
nc73881306_20210725_140237,101458,40.433203,-124.419702,26.312,135.3,99.9,32.1,80.4,92.4,92.5,2021,7,25,14,2,37.35,0.0,2,3,7,14,0.121,0.029,70,2021-07-25T14:02:37.350Z
nc73881306_20210921_105222,101459,40.433516,-124.421883,26.506,-49.7,134.6,225.6,77.7,55.4,106.6,2021,9,21,10,52,22.66,0.0,0,4,0,0,0.112,-9.0,70,2021-09-21T10:52:22.660Z
nc73881306_20211018_050435,101460,40.432222,-124.423429,26.33,-180.9,-9.0,50.0,81.2,108.9,94.6,2021,10,18,5,4,35.9,0.0,2,2,8,8,0.042,0.047,70,2021-10-18T05:04:35.900Z
nc73881306_20211121_044840,101461,40.433907,-124.421883,26.426,-49.7,178.0,145.5,56.9,80.9,88.1,2021,11,21,4,48,40.77,0.0,2,4,8,20,0.027,0.08,70,2021-11-21T04:48:40.770Z
nc73881306_20211221_041309,101463,40.432633,-124.420931,26.261,31.1,36.6,-18.7,57.5,73.7,56.6,2021,12,21,4,13,9.89,0.0,4,8,18,53,0.036,0.043,70,2021-12-21T04:13:09.890Z
nc73881306_20211221_065111,101464,40.432694,-124.420882,26.263,35.2,43.4,-16.8,62.0,76.6,58.5,2021,12,21,6,51,11.37,0.0,3,9,16,56,0.035,0.042,70,2021-12-21T06:51:11.370Z
nc73881306_20211221_034409,101465,40.432918,-124.420964,26.31,28.3,68.2,30.0,55.1,86.1,61.5,2021,12,21,3,44,9.94,0.0,2,9,12,56,0.017,0.044,70,2021-12-21T03:44:09.940Z
nc73881306_20211225_202716,101467,40.432076,-124.419556,26.35,147.8,-25.3,69.9,104.5,88.9,93.7,2021,12,25,20,27,16.48,0.0,2,3,8,23,0.103,0.047,70,2021-12-25T20:27:16.480Z
nc73881306_20220325_234208,101470,40.431763,-124.421086,26.26,18.0,-60.1,-20.0,57.6,64.3,67.1,2022,3,25,23,42,8.16,0.0,0,4,0,16,0.028,0.019,70,2022-03-25T23:42:08.160Z
nc73881306_20220415_150652,101471,40.429769,-124.418522,26.01,235.5,-281.5,-270.3,113.5,100.5,100.0,2022,4,15,15,6,52.52,0.0,4,5,9,30,0.115,0.129,70,2022-04-15T15:06:52.520Z
nc73881306_20220911_171908,101474,40.431718,-124.421281,26.179,1.4,-65.1,-100.6,75.1,59.9,76.0,2022,9,11,17,19,8.64,0.0,0,4,0,20,0.043,0.054,70,2022-09-11T17:19:08.640Z
nc73881306,110295,40.432369,-124.421769,26.299,-40.1,7.2,19.4,52.0,64.9,54.3,2023,4,28,6,44,51.23,1.27,22,59,22,56,0.069,0.051,70,2023-04-28T06:44:51.230Z
1014536_20210224_011301,106452,40.707316,-124.367749,23.841,-186.4,488.9,-1126.3,87.4,65.2,96.0,2021,2,24,1,13,1.12,0.0,3,5,4,26,0.043,0.04,71,2021-02-24T01:13:01.120Z
1014536_20210609_041141,106453,40.706824,-124.369507,23.853,-334.9,434.2,-1114.4,104.5,70.6,95.2,2021,6,9,4,11,41.81,0.0,1,5,2,26,0.039,0.032,71,2021-06-09T04:11:41.810Z
1014536_20210615_014436,106454,40.70719,-124.368278,23.779,-231.1,474.9,-1188.5,87.6,70.5,94.8,2021,6,15,1,44,36.18,0.0,3,2,3,2,0.023,0.007,71,2021-06-15T01:44:36.180Z
1014536_20210920_073052,106455,40.707475,-124.369458,25.952,-330.8,506.5,984.6,78.0,82.2,154.3,2021,9,20,7,30,52.24,0.0,0,4,0,12,0.037,0.049,71,2021-09-20T07:30:52.240Z
1014536_20210922_092309,106456,40.706828,-124.370044,25.293,-380.3,434.7,325.8,117.5,97.9,267.8,2021,9,22,9,23,9.23,0.0,0,4,0,16,0.051,0.046,71,2021-09-22T09:23:09.230Z
1014536_20210926_153826,106457,40.706645,-124.369425,24.252,-328.1,414.4,-715.7,155.3,51.1,431.6,2021,9,26,15,38,26.7,0.0,1,3,1,3,0.034,0.028,71,2021-09-26T15:38:26.700Z
1014536_20211228_045952,106458,40.706222,-124.367896,23.982,-198.8,367.4,-985.5,122.9,97.0,115.3,2021,12,28,4,59,52.39,0.0,2,4,2,16,0.072,0.056,71,2021-12-28T04:59:52.390Z
1014536_20220805_040233,106459,40.707218,-124.369767,25.523,-356.9,478.1,555.7,99.5,95.0,225.2,2022,8,5,4,2,33.78,0.0,0,4,0,12,0.05,0.038,71,2022-08-05T04:02:33.780Z
1015888_20210627_142324,106470,40.684578,-124.349813,28.777,1329.6,-2036.1,3809.6,112.8,116.2,150.2,2021,6,27,14,23,24.76,0.0,2,4,2,4,0.089,0.067,71,2021-06-27T14:23:24.760Z
1014536,110401,40.707353,-124.368848,23.929,-279.2,493.0,-1038.2,57.9,47.3,56.1,2023,1,19,3,6,27.49,1.4,10,31,10,31,0.046,0.03,71,2023-01-19T03:06:27.490Z
1015888,110402,40.683993,-124.352238,29.207,1124.6,-2101.1,4240.0,112.7,116.6,146.1,2023,2,17,9,24,34.67,1.19,2,4,2,4,0.089,0.067,71,2023-02-17T09:24:34.670Z
1017149_20200206_083918,105504,40.296086,-124.397087,8.143,2.1,42.5,33.4,18.2,15.9,23.6,2020,2,6,8,39,18.32,0.0,1,4,4,21,0.05,0.012,72,2020-02-06T08:39:18.320Z
1017149_20200206_113320,105505,40.295695,-124.397152,8.138,-3.5,-0.9,27.6,16.7,16.8,22.3,2020,2,6,11,33,20.94,0.0,0,4,0,18,0.025,0.015,72,2020-02-06T11:33:20.940Z
1017149_20200206_113541,105506,40.295959,-124.397721,8.33,-51.9,28.5,220.5,19.9,33.0,50.8,2020,2,6,11,35,41.97,0.0,1,3,0,0,0.069,-9.0,72,2020-02-06T11:35:41.970Z
1017149_20210603_122024,105515,40.29611,-124.39703,8.118,6.9,45.2,8.4,15.1,24.0,22.9,2021,6,3,12,20,24.16,0.0,1,4,4,24,0.012,0.01,72,2021-06-03T12:20:24.160Z
1017149_20210801_140036,105519,40.296094,-124.396973,8.089,11.8,43.4,-20.5,17.7,26.7,28.3,2021,8,1,14,0,36.0,0.0,1,3,3,9,0.01,0.011,72,2021-08-01T14:00:36.000Z
1017149_20220220_152937,105544,40.296737,-124.396891,8.114,18.7,114.8,3.5,12.2,20.7,19.0,2022,2,20,15,29,37.95,0.0,0,3,3,7,0.004,0.01,72,2022-02-20T15:29:37.950Z
1017149_20220924_023623,105560,40.295679,-124.397021,8.103,7.6,-2.7,-6.8,14.3,33.0,24.0,2022,9,24,2,36,23.56,0.0,0,3,4,10,0.016,0.008,72,2022-09-24T02:36:23.560Z
1017149_20221108_183706,105562,40.295935,-124.396859,8.114,21.4,25.8,4.1,16.2,22.0,28.0,2022,11,8,18,37,6.88,0.0,1,4,4,21,0.036,0.012,72,2022-11-08T18:37:06.880Z
1017149_20221109_013351,105563,40.296318,-124.396785,8.116,27.7,68.2,5.9,17.8,30.9,32.6,2022,11,9,1,33,51.07,0.0,2,4,8,27,0.043,0.014,72,2022-11-09T01:33:51.070Z
1017149,110376,40.295272,-124.397184,8.093,-6.2,-47.9,-17.5,12.1,20.4,19.8,2023,4,1,12,56,24.62,0.61,7,32,8,15,0.037,0.016,72,2023-04-01T12:56:24.620Z
1017703_20210221_003310,109464,40.498442,-124.36154,20.771,-12.4,-17.6,-8.6,1049.9,1340.4,1214.9,2021,2,21,0,33,10.74,0.0,2,2,0,0,0.067,-9.0,73,2021-02-21T00:33:10.740Z
1017703_20210803_110916,109465,40.498425,-124.361466,20.764,-6.2,-19.4,-15.9,1001.1,1271.6,1248.6,2021,8,3,11,9,16.48,0.0,2,2,0,0,0.064,-9.0,73,2021-08-03T11:09:16.480Z
1017703_20210918_194030,109466,40.498376,-124.361434,20.751,-3.4,-24.9,-29.4,1359.1,1325.3,1587.3,2021,9,18,19,40,30.94,0.0,3,2,0,0,0.061,-9.0,73,2021-09-18T19:40:30.940Z
1017703_20211220_204000,109470,40.498572,-124.361361,20.774,2.8,-3.2,-5.9,940.3,1067.7,1410.5,2021,12,20,20,40,0.8,0.0,2,2,0,0,0.014,-9.0,73,2021-12-20T20:40:00.800Z
1017703_20220213_072114,109476,40.498885,-124.361865,20.852,-40.0,31.6,72.0,1516.0,1247.2,1827.3,2022,2,13,7,21,14.69,0.0,2,3,0,0,0.114,-9.0,73,2022-02-13T07:21:14.690Z
1017703_20220323_154006,109477,40.498848,-124.361825,20.845,-36.6,27.6,64.7,1268.6,1036.4,1514.9,2022,3,23,15,40,6.27,0.0,2,3,0,0,0.121,-9.0,73,2022-03-23T15:40:06.270Z
1017703_20220401_160654,109478,40.498771,-124.361637,20.825,-20.7,19.0,45.2,987.4,724.5,1103.9,2022,4,1,16,6,54.58,0.0,1,3,0,0,0.101,-9.0,73,2022-04-01T16:06:54.580Z
1017703_20221009_211616,109482,40.498136,-124.361222,20.716,14.5,-51.5,-64.2,980.8,1497.7,1533.2,2022,10,9,21,16,16.54,0.0,3,1,0,0,0.164,-9.0,73,2022-10-09T21:16:16.540Z
1017703,110632,40.498596,-124.361271,20.77,10.3,-0.5,-9.6,844.0,959.6,1139.6,2023,4,18,21,1,44.32,1.09,17,18,0,0,0.099,-9.0,73,2023-04-18T21:01:44.320Z
1016386_20210614_191824,108640,40.314994,-124.536572,24.82,2.8,10.4,9.8,64.3,121.9,164.7,2021,6,14,19,18,24.66,0.0,1,4,0,0,0.017,-9.0,76,2021-06-14T19:18:24.660Z
1016386_20210704_203544,108641,40.314144,-124.536271,24.748,28.4,-84.0,-62.4,64.4,134.4,111.1,2021,7,4,20,35,44.48,0.0,4,3,0,0,0.105,-9.0,76,2021-07-04T20:35:44.480Z
1016386_20210724_142435,108642,40.314941,-124.536556,24.808,4.2,4.5,-1.7,72.7,114.8,149.2,2021,7,24,14,24,35.34,0.0,1,4,0,0,0.012,-9.0,76,2021-07-24T14:24:35.340Z
1016386_20211023_120646,108643,40.314917,-124.536279,24.724,27.7,1.8,-86.4,106.7,237.6,223.0,2021,10,23,12,6,46.69,0.0,1,2,0,0,0.097,-9.0,76,2021-10-23T12:06:46.690Z
1016386_20211220_170933,108644,40.315084,-124.536564,24.808,3.5,20.3,-2.3,75.0,197.3,142.5,2021,12,20,17,9,33.16,0.0,3,4,0,0,0.018,-9.0,76,2021-12-20T17:09:33.160Z
1016386_20220123_102317,108645,40.313798,-124.536157,24.732,38.0,-122.4,-77.8,79.9,153.0,137.7,2022,1,23,10,23,17.03,0.0,4,2,0,0,0.112,-9.0,76,2022-01-23T10:23:17.030Z
1016386_20220703_060028,108650,40.315104,-124.536654,24.822,-4.2,22.6,12.4,64.8,150.2,105.2,2022,7,3,6,0,28.18,0.0,3,2,0,0,0.01,-9.0,76,2022-07-03T06:00:28.180Z
1016386,110540,40.315161,-124.536759,24.839,-13.1,28.9,28.5,56.8,133.0,111.2,2023,3,4,2,45,40.47,1.01,17,21,0,0,0.07,-9.0,76,2023-03-04T02:45:40.470Z
1016784_20200303_014453,107181,40.497681,-124.22596,21.824,-12.4,-2.3,4.2,99.1,45.3,59.9,2020,3,3,1,44,53.16,0.0,3,3,0,0,0.015,-9.0,77,2020-03-03T01:44:53.160Z
1016784_20201220_191939,107187,40.497729,-124.225594,21.82,18.6,3.2,0.3,164.2,52.8,45.6,2020,12,20,19,19,39.52,0.0,2,2,0,0,0.015,-9.0,77,2020-12-20T19:19:39.520Z
1016784_20210807_112412,107189,40.497673,-124.225684,21.815,11.0,-3.2,-4.6,147.3,51.2,66.8,2021,8,7,11,24,12.4,0.0,2,2,0,0,0.01,-9.0,77,2021-08-07T11:24:12.400Z
1016784_20211220_202523,107191,40.497644,-124.22583,21.81,-1.4,-6.3,-10.5,54.7,49.0,64.5,2021,12,20,20,25,23.04,0.0,2,2,0,0,0.03,-9.0,77,2021-12-20T20:25:23.040Z
1016784_20211221_144123,107192,40.497746,-124.225537,21.818,23.5,5.0,-2.1,70.4,26.6,49.5,2021,12,21,14,41,23.86,0.0,3,2,0,0,0.005,-9.0,77,2021-12-21T14:41:23.860Z
1016784_20220409_162927,107198,40.497546,-124.225814,21.787,0.0,-17.2,-32.9,80.2,54.7,112.4,2022,4,9,16,29,27.38,0.0,1,0,0,0,0.001,-9.0,77,2022-04-09T16:29:27.380Z
1016784,110426,40.497705,-124.225789,21.819,2.1,0.5,-0.8,76.3,26.7,10.4,2023,3,19,7,5,57.73,0.62,13,11,0,0,0.016,-9.0,77,2023-03-19T07:05:57.730Z
1011515_20200611_074914,106838,40.329439,-124.625529,14.291,-2.8,-6.8,90.7,10.0,13.8,60.3,2020,6,11,7,49,14.56,0.0,2,3,3,6,0.009,0.002,78,2020-06-11T07:49:14.560Z
1011515_20210301_195626,106839,40.329472,-124.625472,13.97,2.1,-3.2,-230.4,10.7,15.2,20.5,2021,3,1,19,56,26.44,0.0,3,1,2,0,0.008,0.0,78,2021-03-01T19:56:26.440Z
1011515_20210908_160448,106844,40.329578,-124.625488,14.296,0.7,8.6,95.7,7.5,19.7,51.5,2021,9,8,16,4,48.48,0.0,2,3,3,3,0.017,0.002,78,2021-09-08T16:04:48.480Z
1011515_20210923_143745,106846,40.329496,-124.625505,14.18,-0.7,-0.5,-20.3,5.8,11.4,34.0,2021,9,23,14,37,45.2,0.0,4,5,10,14,0.005,0.001,78,2021-09-23T14:37:45.200Z
1011515_20220923_181127,106847,40.329553,-124.625472,14.215,2.1,5.9,14.9,7.5,22.1,45.2,2022,9,23,18,11,27.52,0.0,1,4,3,9,0.01,0.002,78,2022-09-23T18:11:27.520Z
1011515_20220923_083012,106848,40.329773,-124.625513,14.23,-1.4,30.3,30.1,8.1,28.3,31.7,2022,9,23,8,30,12.52,0.0,2,2,4,2,0.013,0.001,78,2022-09-23T08:30:12.520Z
1011515,110416,40.329488,-124.625513,14.18,-1.4,-1.4,-20.4,6.1,12.5,36.2,2022,12,22,18,8,36.62,1.21,14,18,11,14,0.01,0.001,78,2022-12-22T18:08:36.620Z
1017500_20210902_163149,105250,40.352039,-124.413835,23.371,4.8,-28.9,0.9,120.9,217.6,198.7,2021,9,2,16,31,49.9,0.0,3,0,0,0,0.048,-9.0,79,2021-09-02T16:31:49.900Z
1017500_20211009_142456,105255,40.351925,-124.413558,23.343,28.3,-41.6,-27.4,135.8,217.6,124.4,2021,10,9,14,24,56.44,0.0,0,3,0,0,0.021,-9.0,79,2021-10-09T14:24:56.440Z
1017500_20211206_214628,105257,40.352303,-124.413794,23.363,8.3,0.5,-7.0,95.6,153.8,121.7,2021,12,6,21,46,28.36,0.0,0,3,0,0,0.018,-9.0,79,2021-12-06T21:46:28.360Z
1017500_20220130_055541,105268,40.352136,-124.413883,23.384,0.7,-18.1,13.9,102.0,139.4,108.7,2022,1,30,5,55,41.36,0.0,1,1,0,0,0.003,-9.0,79,2022-01-30T05:55:41.360Z
1017500_20220213_150145,105269,40.352287,-124.414038,23.377,-12.4,-1.4,7.2,104.4,164.7,85.8,2022,2,13,15,1,45.36,0.0,1,3,0,0,0.074,-9.0,79,2022-02-13T15:01:45.360Z
1017500_20220523_041916,105271,40.35234,-124.41381,23.362,6.9,4.5,-7.8,136.5,223.7,132.5,2022,5,23,4,19,16.28,0.0,1,4,0,0,0.048,-9.0,79,2022-05-23T04:19:16.280Z
1017500,110362,40.352425,-124.413997,23.376,-9.0,14.0,5.8,100.6,157.6,101.3,2023,4,12,23,2,18.6,1.14,6,14,0,0,0.046,-9.0,79,2023-04-12T23:02:18.600Z
1008267_20200308_090855,107343,40.2677,-124.521696,5.913,-9.0,-10.8,-47.3,77.4,120.7,189.2,2020,3,8,9,8,55.36,0.0,0,2,0,0,0.01,-9.0,80,2020-03-08T09:08:55.360Z
1008267_20211005_101514,107347,40.267737,-124.521623,5.946,-2.8,-6.8,-14.1,73.5,120.5,181.3,2021,10,5,10,15,14.86,0.0,2,4,0,0,0.025,-9.0,80,2021-10-05T10:15:14.860Z
1008267_20220324_015544,107349,40.267802,-124.52159,5.965,0.0,0.5,4.7,67.9,152.5,171.6,2022,3,24,1,55,44.26,0.0,2,4,0,0,0.015,-9.0,80,2022-03-24T01:55:44.260Z
1008267_20220625_155815,107351,40.267818,-124.52159,5.966,0.0,2.3,5.6,60.3,110.0,151.2,2022,6,25,15,58,15.28,0.0,1,4,0,0,0.007,-9.0,80,2022-06-25T15:58:15.280Z
1008267,110433,40.267826,-124.521582,5.968,0.7,3.2,7.6,50.7,107.8,128.1,2022,12,19,9,34,33.76,0.24,5,14,0,0,0.017,-9.0,80,2022-12-19T09:34:33.760Z
1012684_20211118_082241,104390,40.629207,-124.282243,17.549,38.6,0.9,-20.7,4.3,1.3,3.0,2021,11,18,8,22,41.62,0.0,0,2,0,0,0.005,-9.0,81,2021-11-18T08:22:41.620Z
1012684_20211220_181113,104391,40.629195,-124.282609,17.567,7.6,-0.5,-2.6,4.0,1.1,3.2,2021,12,20,18,11,13.14,0.0,0,2,0,0,0.009,-9.0,81,2021-12-20T18:11:13.140Z
1012684_20220516_055720,104392,40.629203,-124.282723,17.571,-2.1,0.5,1.1,3.2,1.2,2.9,2022,5,16,5,57,20.32,0.0,2,2,0,0,0.002,-9.0,81,2022-05-16T05:57:20.320Z
1012684_20220831_153107,104393,40.629167,-124.28234,17.549,30.3,-3.6,-21.1,4.6,1.5,3.5,2022,8,31,15,31,7.56,0.0,0,2,0,0,0.005,-9.0,81,2022-08-31T15:31:07.560Z
1012684,110337,40.629207,-124.283024,17.586,-27.5,0.9,15.9,2.9,1.0,2.3,2022,12,25,13,24,57.3,0.84,2,8,0,0,0.005,-9.0,81,2022-12-25T13:24:57.300Z
1017396_20200531_140209,108623,40.68053,-124.141073,30.32,18.6,3.2,-10.4,173.2,141.0,128.6,2020,5,31,14,2,9.1,0.0,2,4,2,4,0.049,0.005,90,2020-05-31T14:02:09.100Z
1017396,110538,40.680469,-124.14152,30.34,-19.3,-3.6,10.4,173.0,141.0,128.6,2023,4,8,23,15,11.2,0.95,2,4,2,4,0.049,0.005,90,2023-04-08T23:15:11.200Z
