   101475  40.580497 -123.983895    20.719    21029.4     3360.8     -707.9     16.3     12.9     20.2 2020  1  4 12 29  8.640  0.00   1
   101476  40.579057 -123.964982    21.704    22631.3     3200.9      277.2     35.5     21.5     31.5 2020  2 13 22 21 36.940  0.00   1
   101477  40.580538 -123.989355    20.992    20567.0     3365.3     -435.4     29.9     19.0     38.2 2020  3 19  1  4 26.040  0.00   1
   101481  40.581030 -123.983407    20.712    21070.7     3420.0     -715.7     30.0     14.7     19.5 2021  3 29 15 56 33.780  0.00   1
   101482  40.580949 -123.983805    20.776    21036.9     3411.0     -651.2     23.4     16.9     17.7 2021  3 29 13 44 54.940  0.00   1
   101483  40.580998 -123.983748    20.783    21041.7     3416.4     -644.3     23.1     16.5     17.3 2021  3 30 14 30 26.580  0.00   1
   101484  40.580847 -123.983187    20.753    21089.3     3399.7     -674.1     22.6     16.5     17.5 2021  3 30 16 56 58.820  0.00   1
   101487  40.581925 -123.982340    20.596    21160.8     3519.4     -831.6     19.9     11.7     16.8 2021  9 19 18 51 35.660  0.00   1
   101488  40.571598 -123.960303    20.861    23028.8     2372.6     -566.4     45.7     36.4     40.9 2021 12  7  4 20 27.260  0.00   1
   101564  40.532617 -124.275464    11.671    -3663.6    -1956.0    -9756.2     14.7      7.2      8.0 2020  1  4 11 37 20.680  0.00   1
   102513  40.561263 -124.124813    22.825     9097.0     1225.0     1397.6     24.1     19.6     28.6 2020  1 21 18 29 29.080  0.00   1
   102514  40.563835 -124.140202    22.866     7793.4     1510.5     1438.5     28.0     12.4     20.6 2020  1 21 18 17 50.920  0.00   1
   102517  40.563590 -124.123429    23.030     9214.0     1483.4     1602.8     22.3     24.8     21.2 2020  1 21 18 17 12.580  0.00   1
   102584  40.557515 -124.094458    22.582    11668.3      808.8     1155.1     50.7     35.9     30.5 2021 12 19 16 15 38.560  0.00   1
   102602  40.481144 -124.511686    24.458   -23684.3    -7671.9     3030.9     24.9     22.2     44.9 2021  8 10 19 30 57.060  0.00   1
   102603  40.479960 -124.506396    25.003   -23236.2    -7803.4     3575.8     21.9     26.7     40.8 2021  8 28  7 10 22.180  0.00   1
   102606  40.487634 -124.501156    24.941   -22790.8    -6951.2     3514.2     19.6     21.0     39.8 2021 11  9 13 23 16.920  0.00   1
   102608  40.478849 -124.506291    25.743   -23227.4    -7926.7     4315.5     21.7     31.1     32.9 2022  9  7 17 54 42.580  0.00   1
   102707  40.434945 -124.601937    24.803   -31343.6   -12802.1     3375.6     16.1     32.8     37.6 2020  1  5 11  4 39.240  0.00   1
   102709  40.447807 -124.596346    23.813   -30866.7   -11373.8     2385.4     28.9     42.5     55.5 2020  3 12 15 20 18.660  0.00   1
   102710  40.434863 -124.601465    23.954   -31303.6   -12811.2     2527.0     17.1     24.5     54.8 2020  3 19  0  0 12.240  0.00   1
   102715  40.430721 -124.600358    25.161   -31210.7   -13271.1     3733.5     24.1     34.0     66.0 2020  5 19  4 18  4.680  0.00   1
   102716  40.435645 -124.601611    23.805   -31315.8   -12724.4     2378.1     27.0     30.9     32.3 2020  5 19 15 58 35.460  0.00   1
   102717  40.436938 -124.602669    23.892   -31405.2   -12580.7     2464.9     27.9     31.2     33.1 2020  5 19  8 56  4.240  0.00   1
   102719  40.434111 -124.601929    24.359   -31343.1   -12894.7     2932.0     17.6     23.6     46.5 2020  6  9 10 29  1.040  0.00   1
   102720  40.435543 -124.601497    24.355   -31306.2   -12735.7     2927.4     15.4     19.1     55.7 2020  6  9 11 54 57.660  0.00   1
   102721  40.434709 -124.599430    23.838   -31131.1   -12828.3     2410.5     31.8     37.8     40.5 2020  6 11 11 48 29.660  0.00   1
   102723  40.432894 -124.601709    23.555   -31324.7   -13029.8     2127.3     44.6     70.6     73.8 2020  6 28  9  4 35.860  0.00   1
   102727  40.435754 -124.602205    24.380   -31366.1   -12712.2     2952.9     20.1     28.7     48.0 2020  9 21 21 53 10.520  0.00   1
   102728  40.429696 -124.601359    23.488   -31295.8   -13385.0     2061.1     14.3     41.1     16.5 2020  9 28  9 34 39.840  0.00   1
   102729  40.431901 -124.602230    23.952   -31369.1   -13140.1     2524.8     18.2     30.6     26.5 2020  9 29 16 42 12.380  0.00   1
   102730  40.431116 -124.602954    23.989   -31430.7   -13227.3     2562.1     21.2     30.1     21.2 2020  9 29 16  6 55.980  0.00   1
   102731  40.430859 -124.598853    24.021   -31083.0   -13255.8     2593.6     28.5     35.2     32.4 2020 10  8  8 34 56.540  0.00   1
   102732  40.434790 -124.602580    23.866   -31398.1   -12819.3     2438.8     15.8     20.4     84.9 2020 10 13 22  5 11.460  0.00   1
   102733  40.435604 -124.602140    24.241   -31360.7   -12728.9     2813.3     18.7     23.7     50.4 2020 11 11  2 48 36.380  0.00   1
   102734  40.434456 -124.601693    24.318   -31323.0   -12856.3     2890.5     19.4     32.0     68.0 2020 12 19  3 23 42.480  0.00   1
   102736  40.428866 -124.599992    23.625   -31180.1   -13477.2     2197.8     16.4     37.1     25.0 2021  1 21 20 46 20.820  0.00   1
   102737  40.434672 -124.601717    24.184   -31325.0   -12832.4     2757.0     15.8     25.1     54.4 2021  2 12  4 31  7.420  0.00   1
   102738  40.434436 -124.600806    23.827   -31247.8   -12858.6     2399.7     13.3     36.7     17.5 2021  2 12 20  8 51.240  0.00   1
   102739  40.433516 -124.601994    22.970   -31348.7   -12960.7     1542.8     17.1     24.9    183.9 2021  2 12  4 29 14.400  0.00   1
   102740  40.431567 -124.602311    23.821   -31376.1   -13177.2     2393.8     12.7     27.4     17.0 2021  2 20 23 40 36.700  0.00   1
   102741  40.435689 -124.602205    24.200   -31366.2   -12719.4     2773.2     23.9     42.1    103.5 2021  4 14  4 39 59.360  0.00   1
   102742  40.435225 -124.602091    24.300   -31356.6   -12770.9     2872.4     15.7     22.5     52.7 2021  4 14  1 27 41.100  0.00   1
   102743  40.433980 -124.601595    24.475   -31314.8   -12909.2     3047.9     18.4     34.1     54.6 2021  4 14  5 38 37.620  0.00   1
   102745  40.443286 -124.604460    24.004   -31555.5   -11875.8     2576.8     36.8     45.3     34.8 2021  5 17  6 53 57.120  0.00   1
   102749  40.432951 -124.602824    23.567   -31419.2   -13023.5     2139.6     15.7     29.5     99.3 2021  7 10 11 59 45.840  0.00   1
   102751  40.428898 -124.603524    24.942   -31479.5   -13473.6     3514.6     18.3     47.2     57.1 2021  8 31 18 13 15.560  0.00   1
   102754  40.430725 -124.602580    23.521   -31399.0   -13270.7     2094.1     46.2     73.3     76.5 2021  9 23  9 33 50.540  0.00   1
   102755  40.435421 -124.602181    24.050   -31364.2   -12749.3     2623.0     16.5     21.3     60.1 2021  9 30 19 10  2.220  0.00   1
   102756  40.435120 -124.601912    24.512   -31341.5   -12782.7     3084.9     14.1     21.5     39.6 2021 10  8 23 40 58.400  0.00   1
   102759  40.435103 -124.602091    24.249   -31356.6   -12784.5     2821.6     15.6     29.1     51.5 2021 11  4  9  5 14.280  0.00   1
   102761  40.434875 -124.601676    24.565   -31321.5   -12809.8     3137.5     14.3     23.8     43.5 2021 12  9 20 12 36.400  0.00   1
   102763  40.435693 -124.602466    24.090   -31388.2   -12719.0     2663.0     14.8     22.5     54.3 2021 12 18  5 17 48.600  0.00   1
   102764  40.437329 -124.601245    23.838   -31284.4   -12537.3     2410.4     19.7     26.8     72.2 2021 12 20  7 12 18.880  0.00   1
   102768  40.431453 -124.603377    25.014   -31466.5   -13189.8     3587.0     19.2     27.3     40.5 2022  2 24 23 18 18.200  0.00   1
   102773  40.438570 -124.601229    24.006   -31282.7   -12399.5     2578.9     21.6     37.7     67.0 2022  4 10 14  1 19.800  0.00   1
   102775  40.435392 -124.602189    24.055   -31364.8   -12752.4     2628.0     17.1     22.0     57.4 2022  5 12 21 39 49.620  0.00   1
   102776  40.428845 -124.603068    24.254   -31440.9   -13479.4     2826.8     22.0     32.0     63.9 2022  5 15 21 30 42.600  0.00   1
   102777  40.437358 -124.601636    24.406   -31317.5   -12534.2     2978.9     17.6     22.5     44.6 2022  6  2  9 50 27.060  0.00   1
   102778  40.433936 -124.604378    24.344   -31550.8   -12914.2     2916.4     20.1     29.1     50.3 2022  6 17  0 59 30.760  0.00   1
   102780  40.435177 -124.602368    24.136   -31380.1   -12776.4     2709.0     14.6     23.2     50.4 2022  7 21  2 41 31.540  0.00   1
   102781  40.438086 -124.602059    24.693   -31353.2   -12453.3     3265.9     27.0     26.7     42.5 2022  7 28  9 22  9.400  0.00   1
   102783  40.434981 -124.602319    24.172   -31376.0   -12798.1     2744.5     12.1     17.5     54.1 2022  8 24 18 40  2.660  0.00   1
   102786  40.443673 -124.599113    20.775   -31102.2   -11832.9     -652.4     67.8     93.4    103.2 2022  9 18 15 28 46.440  0.00   1
   102787  40.428056 -124.594930    23.730   -30751.1   -13567.1     2302.8     48.9     75.9     71.3 2022 10  2 19 33 34.380  0.00   1
   102789  40.439140 -124.601343    23.885   -31292.2   -12336.3     2457.6     29.2     40.9     45.3 2022 10 17  4 45 23.620  0.00   1
   102790  40.430098 -124.597762    23.632   -30990.7   -13340.3     2204.7     31.7     70.1     63.2 2022 10 19 22 24 12.120  0.00   1
   102792  40.439966 -124.603239    24.567   -31452.8   -12244.5     3139.4     39.2     32.1     54.9 2022 11  4 23 19 49.560  0.00   1
   102793  40.427637 -124.597974    23.954   -31009.3   -13613.6     2527.2     25.6     42.6     57.2 2022 11 28  6 17 43.580  0.00   1
   102871  40.519039 -124.427661    24.776   -16558.7    -3463.8     3349.2     33.4     36.6     59.8 2021 12 21 11 40 42.620  0.00   1
   102873  40.521643 -124.417285    22.831   -15679.3    -3174.7     1403.4     33.1     38.2     59.6 2021 12 27  5 28 17.460  0.00   1
   102877  40.518547 -124.417725    23.912   -15716.9    -3518.5     2484.4     25.5     26.4     21.5 2022 11 12  9 39  9.180  0.00   1
   102881  40.574337 -123.888078    22.446    29145.1     2676.7     1019.1     16.9     14.0     20.9 2020  6  5  7 17 17.540  0.00   1
   102882  40.587008 -123.895125    22.154    28545.5     4083.8      726.4     26.5     23.6     18.9 2021  8 31 10  1 55.460  0.00   1
   102884  40.580416 -123.890405    23.649    28946.7     3351.8     2221.9     30.5     38.6     21.8 2022  7  8 14 14 25.800  0.00   1
   102885  40.573311 -123.881274    22.305    29721.5     2562.9      877.6     12.3     27.6     24.2 2022 10 15  6 34 45.100  0.00   1
   102906  40.551469 -124.493921    23.869   -22167.2      137.4     2442.1     33.2     27.4     24.9 2020  1  8  5 26 50.000  0.00   1
   102908  40.549829 -124.498999    23.915   -22597.6      -44.7     2487.8     27.2     23.4     27.9 2020 10 11 20 54  2.280  0.00   1
   102909  40.542224 -124.508073    27.026   -23367.5     -889.2     5598.8     28.0     25.5     45.5 2021  4 28 19 33 47.460  0.00   1
   102910  40.548702 -124.496362    23.687   -22374.4     -169.9     2259.7     41.5     42.3     61.5 2021  6 12  7 57 57.640  0.00   1
   102911  40.545939 -124.505241    24.821   -23127.0     -476.7     3394.0     25.1     24.5     62.2 2021  6 22  2 52 24.640  0.00   1
   102915  40.546436 -124.504598    24.801   -23072.4     -421.6     3373.5     26.7     25.7     62.3 2021 11 28 13  7  4.440  0.00   1
   102916  40.548409 -124.501489    23.932   -22808.8     -202.4     2504.3     26.7     23.4     27.9 2021 12 21 13 58 37.080  0.00   1
   103853  40.619084 -123.949731    22.311    23915.7     7645.7      883.7     26.2     11.4     17.2 2020  1 15 17  9  9.680  0.00   1
   103854  40.620239 -123.946411    21.605    24196.6     7774.0      178.2     14.4     12.5     14.3 2020  9  6  8  2 35.820  0.00   1
   103855  40.624373 -123.949731    21.572    23914.8     8233.1      144.9     12.0     11.3     10.2 2021 11 17  1 30  5.520  0.00   1
   103856  40.623189 -123.947616    21.567    24094.1     8101.6      140.0     12.9     10.4     11.5 2022  1 29  9  3 15.000  0.00   1
   103857  40.621810 -123.946037    21.712    24228.0     7948.4      285.2     12.5     11.5     13.3 2022  5 22  1 31 29.140  0.00   1
   103859  40.624516 -123.949699    21.530    23917.5     8248.9      102.9     12.5     10.4     10.5 2022  5 23  3 58 56.800  0.00   1
   103861  40.621936 -123.949805    21.723    23909.0     7962.4      295.8     27.9     18.8     39.1 2022  7 27 10 38  4.700  0.00   1
   103862  40.621936 -123.948022    21.700    24059.9     7962.4      273.1     13.2     12.9     16.5 2022 11 17 16  3 25.080  0.00   1
   103863  40.620976 -123.943652    21.628    24430.0     7855.8      200.9     12.4     11.4     11.9 2022 11 20 23 28 37.040  0.00   1
   103948  40.583195 -123.917806    25.695    26625.7     3660.4     4267.3     22.7     10.2     45.2 2020  7 15 23 27 17.180  0.00   1
   103949  40.583008 -123.918351    25.695    26579.5     3639.6     4267.7     22.5     10.0     45.6 2020  7 15 23 27  7.480  0.00   1
   103953  40.585156 -123.911572    23.565    27153.2     3878.2     2137.6     37.0     23.5     65.6 2021  6 28 22 30 49.640  0.00   1
   103955  40.587944 -123.915169    25.171    26848.0     4187.7     3743.7     30.0     16.7     33.7 2021  8 18 13 15  3.800  0.00   1
   103957  40.580790 -123.913615    26.662    26981.1     3393.4     5234.6     47.7     34.1     37.6 2021  9 30  0  5  3.500  0.00   1
   103958  40.583435 -123.909644    26.229    27316.8     3687.1     4801.9     30.5     26.8     34.2 2021 10 16 22 17 33.780  0.00   1
   103963  40.584318 -123.908146    25.897    27443.5     3785.1     4470.0     20.0     20.0     27.3 2022 10  3  1 19 38.240  0.00   1
   104037  40.619840 -124.317310    19.143    -7203.9     7729.7    -2284.2     23.3     14.3     33.9 2020  3 23  9 10 34.260  0.00   1
   104039  40.620638 -124.316317    19.618    -7119.8     7818.3    -1808.8     29.1     17.3     87.0 2020  3 31  1 10 40.520  0.00   1
   104040  40.620614 -124.315902    19.710    -7084.7     7815.6    -1717.6     22.1     16.2     32.9 2020 12 20  9 55 52.280  0.00   1
   104042  40.620496 -124.316056    19.670    -7097.8     7802.5    -1756.9     19.8     15.0     31.6 2020 12 20 10 47 46.800  0.00   1
   104043  40.619865 -124.315739    19.568    -7070.9     7732.4    -1859.5     24.9     18.5     43.3 2020 12 20 10 15 13.920  0.00   1
   104047  40.621525 -124.319067    19.457    -7352.6     7916.8    -1970.1     23.5     17.6     39.6 2021  4 20 22 55  3.440  0.00   1
   104048  40.620601 -124.323120    17.727    -7695.8     7814.2    -3700.3     18.1     23.7     41.2 2021  4 24 18 32 32.740  0.00   1
   104049  40.622144 -124.314486    19.980    -6964.7     7985.5    -1447.5     20.4     15.7     20.3 2021  6 29 21  7 22.600  0.00   1
   104052  40.621672 -124.314868    20.128    -6997.1     7933.0    -1299.7     22.1     16.4     42.1 2021  7  2  7 55 22.400  0.00   1
   104053  40.618009 -124.314852    21.138    -6995.9     7526.4     -289.6     28.1     20.6     44.9 2021  7  3 16 38 35.240  0.00   1
   104054  40.621248 -124.314657    19.836    -6979.2     7886.0    -1591.4     22.2     15.1     36.1 2021  7 14 14 46 21.240  0.00   1
   104055  40.621785 -124.314591    19.944    -6973.7     7945.7    -1483.3     19.0     12.6     21.9 2021  9 17 10  9 30.180  0.00   1
   104056  40.617651 -124.318921    20.862    -7340.4     7486.6     -565.4     28.9     17.7     43.5 2021 11 18  9 48  5.620  0.00   1
   104060  40.619975 -124.312541    20.037    -6800.1     7744.6    -1389.9     22.9     16.4     30.2 2022  4 14 20  4 26.860  0.00   1
   104061  40.620536 -124.314632    20.411    -6977.2     7807.0    -1016.7     33.3     20.4     55.3 2022  6 16 20 44 53.720  0.00   1
   104064  40.620215 -124.311938    20.056    -6749.1     7771.3    -1371.1     28.7     17.7     39.0 2022 10 23 23 59  6.320  0.00   1
   104510  40.562504 -124.130599    22.388     8606.8     1362.8      960.7      4.9      4.2      9.0 2020  1 21 18 16 13.040  0.00   1
   104905  40.517896 -124.416602    25.847   -15621.8    -3590.8     4420.2     47.6     50.2     75.5 2020  6 22 15 25 24.880  0.00   1
   104911  40.511137 -124.419971    23.926   -15908.1    -4341.3     2498.6     20.3     20.1     32.7 2021  5 20 19 21 47.940  0.00   1
   104917  40.506189 -124.425594    23.849   -16385.1    -4890.8     2421.5     26.2     25.5     42.4 2021  9 17 15 11 51.640  0.00   1
   104918  40.506604 -124.421785    24.732   -16062.4    -4844.7     3304.9     19.9     22.0     36.0 2021 10  5 18 21 58.320  0.00   1
   104919  40.497807 -124.395955    28.112   -13874.7    -5821.6     6685.2     64.2     57.3     67.9 2021 10 16  3 19 23.200  0.00   1
   104923  40.498621 -124.430111    24.260   -16768.8    -5731.2     2833.0     44.6     44.1     97.3 2021 12 22  5 52  2.020  0.00   1
   104928  40.511145 -124.419328    25.251   -15853.6    -4340.4     3823.3     26.1     23.7     42.0 2022  1 30  2  6 57.660  0.00   1
   104932  40.510950 -124.419084    25.233   -15832.9    -4362.1     3805.8     25.8     23.3     41.8 2022  3  5  0 58 53.080  0.00   1
   104936  40.511161 -124.424495    23.473   -16291.5    -4338.6     2045.6     22.2     22.2     26.5 2022  7 27  2 17 47.560  0.00   1
   104940  40.517497 -124.494189    16.057   -22195.5    -3635.1    -5370.5     12.7     17.4     50.3 2020  1 27  9 51 13.860  0.00   1
   104941  40.518343 -124.492757    15.874   -22074.0    -3541.1    -5553.7     19.8     17.4     32.0 2020  2 20  6 32 59.280  0.00   1
   104942  40.518945 -124.492969    15.095   -22091.9    -3474.2    -6332.0     19.1     22.1     42.4 2020  4  6  9 21 20.960  0.00   1
   104943  40.518018 -124.493278    15.778   -22118.2    -3577.3    -5649.0     17.3     14.7     42.4 2020 12 17 16 41  8.520  0.00   1
   104944  40.518677 -124.488835    16.539   -21741.6    -3504.1    -4888.2     23.9     25.4     64.8 2020 12 19 14 18 19.400  0.00   1
   104945  40.520435 -124.497217    15.823   -22451.5    -3308.9    -5604.0     18.0     20.2     44.9 2021  5 24  0 40 45.520  0.00   1
   104946  40.520003 -124.498161    15.933   -22531.6    -3356.8    -5494.5     11.3     12.4     24.0 2021 11  6  3 38 12.480  0.00   1
   105067  40.737162 -123.938094    22.917    24879.1    20757.8     1489.4     21.3     24.3     20.8 2020  1 29 17 29  4.280  0.00   1
   105385  40.552144 -123.974089    21.506    21864.5      212.4       79.1     12.5      5.9     10.6 2021  4  1  4 46 23.960  0.00   1
   105390  40.596493 -123.959725    21.357    23073.5     5137.0      -69.9     40.9     31.0     35.9 2021  5 23 15 44  5.100  0.00   1
   105391  40.603101 -123.983984    22.431    21018.3     5870.8     1004.1     35.2     20.0     35.0 2021  6 30  5 49 47.860  0.00   1
   105468  40.658105 -124.012093    30.900    18630.7    11978.9     9472.8     64.6     32.8     53.7 2021 12 21  1 32 33.780  0.00   1
   105476  40.760543 -123.868880    20.802    30728.4    23354.1     -625.7     22.4     11.9     19.4 2021  4 17 11 13 27.660  0.00   1
   105477  40.758362 -123.867204    20.219    30870.7    23111.9    -1208.5     20.0     26.0     27.7 2021  5 16 18 21  8.560  0.00   1
   105483  40.759298 -123.864543    20.743    31095.5    23215.8     -684.6     18.3     10.5     17.0 2022  5  4  3 34 42.980  0.00   1
   105706  40.595390 -124.043896    22.120    15946.4     5014.6      692.7     32.1     22.7     29.8 2020  2  8  2 28 57.160  0.00   1
   105713  40.597176 -124.059106    23.312    14658.3     5212.9     1885.2     42.4     18.0     17.9 2021  8 21  3 33 28.140  0.00   1
   105954  40.545333 -124.062305    19.686    14393.0     -544.0    -1741.3     15.3     11.2     15.2 2020  2  8 19 52 44.320  0.00   1
   105955  40.542810 -124.065226    19.475    14145.8     -824.2    -1952.7     12.8     15.3     10.4 2020  2 23  1  6 17.520  0.00   1
   105956  40.541471 -124.077271    19.885    13125.6     -972.8    -1541.9     28.1     14.8     17.6 2020 10 23 10 31 25.740  0.00   1
   105957  40.546619 -124.064461    19.562    14210.2     -401.2    -1865.3     20.8     16.5     20.7 2021  2 19 15  2  5.840  0.00   1
   105958  40.544592 -124.062052    19.860    14414.4     -626.3    -1567.1     13.8      8.5     10.5 2021  7 27 12 42 23.820  0.00   1
   105960  40.543518 -124.068213    19.414    13892.7     -745.5    -2012.8     11.8      9.8     14.9 2021  9  6  1 57 48.460  0.00   1
   105961  40.545101 -124.069263    21.137    13803.6     -569.8     -290.1     37.7     17.2     35.0 2021 10 30 15 54 35.980  0.00   1
   106005  40.590299 -124.096533    19.557    11489.7     4449.3    -1870.5     28.8     18.7     27.6 2020  4 19 13  8 57.480  0.00   1
   106006  40.595272 -124.090845    18.943    11971.0     5001.5    -2484.3     19.0     15.5     20.3 2020  6  7 18 47 39.820  0.00   1
   106007  40.593111 -124.083887    19.259    12560.4     4761.5    -2167.9     15.5      9.9     12.3 2020  7 20 16 45 35.520  0.00   1
   106008  40.593323 -124.082878    19.277    12645.8     4785.0    -2149.9     15.4      6.7     13.0 2021 11 25 11 31 45.620  0.00   1
   106009  40.594604 -124.084554    19.096    12503.7     4927.4    -2330.9     13.1      8.2     15.1 2022  1 31  2 46 32.380  0.00   1
   106065  40.534562 -124.389347    25.399   -13311.1    -1740.1     3971.4     20.8     14.2     20.1 2020  2 11 17 54 25.540  0.00   1
   106069  40.501119 -124.448242    15.907   -18304.9    -5453.8    -5519.8     21.0     16.3     28.5 2021  7 22 12 38 41.980  0.00   1
   106070  40.504871 -124.447274    16.093   -18222.3    -5037.2    -5334.1     25.7     18.4     39.5 2021  8 21  7 21 12.600  0.00   1
   106079  40.633142 -123.986230    26.498    20823.5     9206.8     5070.5     18.8     23.4     29.4 2020  2 13 23  7 46.880  0.00   1
   106080  40.643746 -123.977287    27.530    21578.9    10384.3     6102.4     17.2     14.3     24.2 2020  2 27  1  9  9.980  0.00   1
   106081  40.640767 -123.988721    25.979    20611.5    10053.5     4551.8     18.8     15.6     14.4 2020  6 29  6 46  6.840  0.00   1
   106082  40.635824 -123.975252    25.775    21752.4     9504.6     4347.4     26.7     24.0     39.0 2021 11 14 16 50 17.560  0.00   1
   106083  40.639921 -123.985262    25.762    20904.4     9959.6     4334.4     17.7     15.4     19.2 2022  2 10  2 19 50.980  0.00   1
   106084  40.640999 -123.983952    25.533    21015.2    10079.3     4105.7     21.8     17.1     24.6 2022  6  3  6  4  3.860  0.00   1
   106096  40.582418 -124.207943    20.416     2055.8     3574.1    -1011.1     25.5     24.0     56.0 2021 11  2  4 49 56.460  0.00   1
   106102  40.520850 -124.414974    20.194   -15483.6    -3262.8    -1233.3     22.7     18.9     23.5 2022  7  6 11 29  4.460  0.00   1
   106103  40.519979 -124.408936    21.348   -14972.1    -3359.5      -79.4     23.6     26.6     46.1 2022  8 16  8  0  8.060  0.00   1
   106104  40.516817 -124.412280    21.225   -15255.8    -3710.5     -202.1     21.0     34.4     61.8 2022  8 29 21 57 39.860  0.00   1
   106135  40.553609 -124.215479    17.112     1417.9      375.0    -4315.5      7.5      7.7     13.5 2021  9 13  0  4  6.120  0.00   1
   106440  40.556527 -124.051961    22.253    15267.9      699.0      825.5     41.9     34.7     59.9 2021  9  4  5 13 46.140  0.00   1
   106496  40.594096 -124.106657    19.495    10632.2     4870.9    -1931.8     14.6     15.7     16.2 2021  8 27  1 44  5.160  0.00   1
   106497  40.592057 -124.105794    19.829    10705.4     4644.5    -1598.0     16.4     19.8     21.6 2021 11 30  0 51 56.760  0.00   1
   106499  40.592871 -124.106559    19.824    10640.5     4734.9    -1603.5     15.9     19.1     21.9 2022  1  8 11 15 11.920  0.00   1
   106609  40.614950 -123.842253    27.518    33016.0     7186.6     6090.8     29.5     28.4     34.9 2020  2 20 17 26 49.040  0.00   1
   106610  40.608602 -123.847103    27.464    32606.9     6481.7     6036.3     24.1     18.5     20.6 2020  7 17 16 58  8.720  0.00   1
   106612  40.606494 -123.843075    28.601    32948.5     6247.7     7173.8     26.1     19.5     32.1 2021 11 24  2 11 55.300  0.00   1
   106613  40.610946 -123.848901    27.612    32454.1     6742.0     6184.7     18.4     13.6     17.7 2022  5 21  1 58 58.180  0.00   1
   106614  40.505359 -124.415674    22.565   -15544.7    -4982.9     1138.2     23.1     38.3     60.4 2020  2 21 12  1 53.080  0.00   1
   106677  40.573539 -124.073551    19.743    13437.5     2588.2    -1684.0     17.9     18.4     17.0 2020  2 22  2  3 27.180  0.00   1
   106678  40.573287 -124.073283    20.071    13460.3     2560.2    -1356.3     20.0     17.9     19.2 2021  2 19 10 17 53.000  0.00   1
   106679  40.575370 -124.068579    19.560    13858.4     2791.5    -1867.2     18.0     15.8     14.4 2022  1 22 18 50  2.840  0.00   1
   106849  40.551571 -123.979508    21.330    21405.5      148.7      -97.3     10.7     18.3     12.6 2020  2 25 10 41 25.500  0.00   1
   106850  40.548242 -123.974357    21.484    21842.3     -221.0       57.2     12.9     17.2     11.3 2020  6 21 16  9 47.640  0.00   1
   106852  40.542517 -123.965837    21.553    22565.0     -856.7      125.5     26.8     30.5     23.6 2021  6 16 14  0 25.980  0.00   1
   106853  40.548812 -123.973145    21.533    21945.0     -157.7      106.2     31.7     25.7     17.8 2021  6 17 11 40 36.000  0.00   1
   106855  40.550090 -123.975212    21.469    21769.7      -15.8       42.0     15.2     22.2     11.2 2022  9 27  4 34 50.860  0.00   1
   106908  40.622457 -124.302344    19.908    -5936.8     8020.2    -1518.9     16.2     12.5     22.5 2021  4  2 11 45  2.260  0.00   1
   106909  40.623421 -124.297949    19.494    -5564.7     8127.3    -1933.0     16.3     12.2     16.5 2021  4  7  1 55 18.100  0.00   1
   106910  40.621322 -124.302962    20.240    -5989.2     7894.2    -1187.4     11.4      8.4     27.1 2021 10 17 14 20 53.460  0.00   1
   106916  40.623356 -124.296208    19.553    -5417.2     8120.1    -1873.9     18.4     10.2     16.5 2022  7 14  7 38  2.880  0.00   1
   106917  40.504663 -124.331925    18.780    -8448.5    -5060.2    -2646.4     17.3     21.8     21.7 2020  2 29  6 25 39.720  0.00   1
   106919  40.505876 -124.338957    18.302    -9044.2    -4925.6    -3125.4     20.7     21.7     25.5 2020  6 25 12 39 13.840  0.00   1
   106920  40.505668 -124.339510    18.243    -9091.1    -4948.6    -3184.3     20.7     21.5     29.4 2020  6 26 13 51 55.760  0.00   1
   106921  40.505302 -124.339250    18.248    -9069.1    -4989.3    -3179.2     22.4     24.0     27.3 2020  6 27  9  8 18.860  0.00   1
   106924  40.500358 -124.331942    18.864    -8450.1    -5538.3    -2563.0     23.8     30.3     29.1 2020  7 15 15 49 31.760  0.00   1
   106925  40.505253 -124.339242    18.249    -9068.4    -4994.7    -3178.0     22.6     24.7     26.7 2020  7 15  2 55 13.780  0.00   1
   106926  40.500094 -124.330135    19.066    -8297.1    -5567.6    -2361.4     23.0     25.1     26.4 2020  7 15  5  0 39.940  0.00   1
   106927  40.505363 -124.339339    18.326    -9076.6    -4982.5    -3100.8     21.8     22.5     28.3 2020  7 15 19 40 35.320  0.00   1
   106930  40.505343 -124.339461    18.314    -9087.0    -4984.8    -3113.2     22.4     22.5     28.6 2020  7 16 16  0 18.620  0.00   1
   106931  40.499593 -124.328035    19.404    -8119.2    -5623.2    -2023.6     31.0     29.8     39.4 2020  7 16 12 26  9.680  0.00   1
   106933  40.505477 -124.340658    18.757    -9188.3    -4969.8    -2670.0     22.2     25.7     21.4 2020 11 20 17 12 56.060  0.00   1
   106934  40.509904 -124.329720    18.195    -8261.3    -4478.2    -3232.6     20.5     27.2     24.5 2021  5 12 18 32 23.080  0.00   1
   106937  40.510343 -124.328532    18.598    -8160.6    -4429.4    -2829.2     20.5     17.3     17.4 2021  7 11  5  6 12.560  0.00   1
   106939  40.510356 -124.328979    18.575    -8198.5    -4428.1    -2852.2     19.2     16.1     17.6 2021  7 11  7 17 55.760  0.00   1
   106940  40.509229 -124.328141    18.821    -8127.6    -4553.2    -2606.2     21.5     16.4     16.6 2021  7 11  4 14 40.000  0.00   1
   106941  40.509367 -124.328442    18.795    -8153.1    -4537.9    -2632.0     21.0     16.8     18.0 2021  7 11  3 36 34.760  0.00   1
   106942  40.510189 -124.328719    18.575    -8176.5    -4446.6    -2852.1     18.8     15.3     17.5 2021  7 11  2 14  1.880  0.00   1
   106943  40.509074 -124.327718    18.790    -8091.7    -4570.4    -2637.6     21.4     15.7     15.5 2021  7 11  7 49 35.560  0.00   1
   106944  40.509265 -124.328190    18.801    -8131.7    -4549.2    -2626.6     21.9     17.2     17.6 2021  7 12  6 52 59.100  0.00   1
   106945  40.510246 -124.328784    18.638    -8182.0    -4440.3    -2789.7     20.7     18.0     14.9 2021  7 12  7 38 34.800  0.00   1
   106947  40.510360 -124.328687    18.568    -8173.7    -4427.6    -2858.9     20.7     18.1     18.0 2021  7 12  6 52  5.820  0.00   1
   106948  40.509672 -124.327734    18.622    -8093.1    -4504.0    -2805.2     19.0     16.9     15.1 2021  7 12  6 57 12.740  0.00   1
   106949  40.510246 -124.328760    18.655    -8179.9    -4440.3    -2771.8     20.4     17.4     15.1 2021  7 12  6 51 15.180  0.00   1
   106950  40.510189 -124.328662    18.662    -8171.6    -4446.6    -2765.4     20.2     17.3     14.9 2021  7 12 22 18 34.740  0.00   1
   106951  40.510352 -124.328394    18.564    -8148.9    -4428.5    -2863.7     20.5     17.3     17.4 2021  7 12  8 58 54.960  0.00   1
   106952  40.510372 -124.328687    18.576    -8173.7    -4426.3    -2851.3     20.4     18.0     17.9 2021  7 12  8 46 32.680  0.00   1
   106953  40.509273 -124.327734    18.701    -8093.1    -4548.3    -2726.3     23.2     15.5     19.4 2021  7 12  6 48 36.980  0.00   1
   106954  40.510071 -124.328410    18.638    -8150.3    -4459.7    -2788.8     20.5     17.3     14.6 2021  7 12  6 58 19.680  0.00   1
   106959  40.509583 -124.327157    18.664    -8044.1    -4513.9    -2763.2     30.0     19.5     15.3 2021  7 12 15 18 57.120  0.00   1
   106960  40.509131 -124.328190    18.764    -8131.7    -4564.1    -2662.9     20.8     16.6     18.2 2021  7 12 12 15  8.320  0.00   1
   106961  40.509351 -124.328190    18.811    -8131.7    -4539.7    -2616.4     21.2     17.4     16.0 2021  7 12  7 42 57.140  0.00   1
   106962  40.509151 -124.327938    18.782    -8110.3    -4561.8    -2645.0     21.3     16.6     16.6 2021  7 12  8  3  8.480  0.00   1
   106964  40.509204 -124.328109    18.788    -8124.8    -4556.0    -2639.6     22.4     16.6     18.5 2021  7 12  5 33 43.540  0.00   1
   106965  40.509192 -124.328052    18.859    -8120.0    -4557.3    -2568.4     21.1     15.4     14.2 2021  7 12  8 56 41.260  0.00   1
   106967  40.510189 -124.328483    18.589    -8156.5    -4446.6    -2838.7     20.4     17.6     18.2 2021  7 13  3 34 41.120  0.00   1
   106968  40.509115 -124.328955    18.761    -8196.5    -4565.9    -2666.4     21.3     17.3     17.3 2021  7 13 11  0 10.880  0.00   1
   106970  40.508382 -124.325773    18.750    -7927.0    -4647.2    -2676.9     29.4     18.4     12.4 2021  7 15 17 56 38.860  0.00   1
   106971  40.508447 -124.325667    18.700    -7918.0    -4640.0    -2727.4     30.8     19.1     13.5 2021  7 24 15 17 23.680  0.00   1
   106974  40.509937 -124.330607    18.375    -8336.5    -4474.6    -3052.2     15.6     15.1     22.9 2021 12 20 23 45 33.300  0.00   1
   106975  40.502653 -124.335791    18.924    -8776.2    -5283.4    -2502.8     31.8     28.3     20.9 2021 12 20 21 54 42.040  0.00   1
   106977  40.514046 -124.327677    19.649    -8088.0    -4018.3    -1777.9     29.5     29.9     47.0 2021 12 21 12 29 57.320  0.00   1
   106978  40.500659 -124.334538    18.982    -8670.1    -5504.8    -2444.8     28.2     34.2     30.5 2021 12 22  7  9  8.260  0.00   1
   106979  40.504069 -124.333700    18.874    -8598.9    -5126.2    -2552.9     28.1     20.0     18.5 2021 12 22 17  4 29.540  0.00   1
   106983  40.503866 -124.335506    18.902    -8751.9    -5148.8    -2524.9     30.0     23.9     15.2 2021 12 23 19 43 35.140  0.00   1
   106984  40.507296 -124.333081    18.165    -8546.2    -4767.9    -3262.6     35.4     17.9     35.9 2021 12 23  6 28 39.440  0.00   1
   106986  40.510380 -124.328369    18.667    -8146.8    -4425.4    -2760.5     22.4     17.7     15.7 2021 12 25  0 41  6.140  0.00   1
   106988  40.509241 -124.329224    18.681    -8219.3    -4551.9    -2746.4     29.9     24.3     28.8 2021 12 31  7 30 11.740  0.00   1
   106989  40.504631 -124.343555    18.800    -9433.9    -5063.8    -2627.2     40.8     26.1     32.0 2022  1  2 19  6  3.500  0.00   1
   106990  40.506795 -124.330615    18.413    -8337.3    -4823.4    -3013.8     31.1     14.6     26.0 2022  1  2 18 43 27.640  0.00   1
   106991  40.505025 -124.333797    19.028    -8607.1    -5020.0    -2399.0     24.8     21.6     18.7 2022  1 29  0 56  4.940  0.00   1
   106992  40.506018 -124.332308    18.606    -8480.8    -4909.7    -2821.5     22.8     20.0     19.6 2022  2 20  7 55 33.920  0.00   1
   106993  40.509005 -124.328516    19.150    -8159.3    -4578.1    -2277.0     25.9     12.6     21.1 2022  4 11  8 48 35.180  0.00   1
   106995  40.509664 -124.326660    18.579    -8002.0    -4504.9    -2848.6     29.6     18.9     14.0 2022  5 14  5 11 24.580  0.00   1
   106996  40.510527 -124.330355    18.341    -8315.0    -4409.1    -3086.3     16.0     16.4     24.5 2022  5 21 19  6 31.100  0.00   1
   106997  40.507019 -124.323893    18.679    -7767.8    -4798.6    -2748.5     25.0     10.4     17.8 2022  7 18  4 14 31.760  0.00   1
   107286  40.595109 -124.029492    23.833    17166.1     4983.4     2405.9     49.3     24.0     28.5 2020  4 12 17 13 25.640  0.00   1
   107287  40.591720 -124.019474    23.038    18014.9     4607.0     1611.2     23.1     15.8     17.3 2020  4 18 11  7 43.200  0.00   1
   107288  40.594840 -124.014062    23.147    18472.7     4953.6     1719.3     18.8     14.7     15.0 2020 11 20  1 42 41.040  0.00   1
   107289  40.593913 -124.015625    23.272    18340.5     4850.6     1845.2     18.9     15.1     14.4 2020 11 20  1 23 58.260  0.00   1
   107290  40.594128 -124.013818    23.166    18493.5     4874.5     1738.9     25.8     13.3     17.5 2020 11 20  1 20 56.960  0.00   1
   107291  40.593754 -124.014128    23.364    18467.3     4832.9     1937.1     15.9     14.2     13.2 2020 11 20  7  8 23.000  0.00   1
   107292  40.597302 -124.003564    22.816    19361.3     5226.9     1388.7     28.9     23.3     26.9 2021 11 14 17  4  4.680  0.00   1
   107293  40.595028 -124.012118    22.453    18637.4     4974.4     1025.3     22.7     12.1     25.5 2021 12  5 10 31 19.440  0.00   1
   107297  40.590747 -124.003621    23.829    19357.4     4499.0     2402.1     56.3     18.3     15.1 2022  1 27  3  6  7.800  0.00   1
   107337  40.502340 -124.427026    22.324   -16507.0    -5318.2      896.4    100.6    224.7    189.4 2020  3  7  9 53 50.140  0.00   1
   107338  40.486914 -124.454622    26.539   -18847.5    -7031.2     5111.4     19.5     30.7     27.3 2020  9 23 15 27 24.660  0.00   1
   107341  40.502205 -124.432959    25.265   -17009.7    -5333.1     3837.8     33.8     43.5     44.1 2022  5  3 13  8 48.100  0.00   1
   107359  40.529333 -124.383268    25.334   -12796.6    -2320.7     3906.3     17.2     19.2     32.2 2021 12 20 22 54  5.520  0.00   1
   107361  40.525720 -124.399585    22.670   -14179.3    -2721.9     1242.3     34.3     22.7     48.8 2021 12 20 21 57 14.080  0.00   1
   107370  40.473726 -124.534326    26.891   -25604.4    -8495.6     5463.9     24.8     32.5     56.4 2021 11 16  4 40 39.460  0.00   1
   107371  40.470947 -124.532113    23.691   -25417.3    -8804.2     2263.6     18.1     27.9     22.4 2022  4  3 19 28  4.080  0.00   1
   107574  40.464294 -124.431144    19.598   -16860.6    -9543.0    -1829.2     47.4     46.5     48.4 2020  3 11 22 47 36.760  0.00   1
   107579  40.472392 -124.429012    19.809   -16678.9    -8643.8    -1618.6     12.4     10.2     16.9 2021  9 21 12 24 42.300  0.00   1
   107580  40.471863 -124.430485    19.515   -16803.8    -8702.5    -1912.4     12.2     20.3     13.3 2021 10 16  2 20 43.560  0.00   1
   107582  40.482259 -124.437004    18.752   -17355.0    -7548.1    -2674.8     24.0     42.9     46.2 2022  2  5  7 43 32.760  0.00   1
   107583  40.472449 -124.428988    19.539   -16676.8    -8637.5    -1888.1     14.4     14.4     20.8 2022  2 19 19 28 29.060  0.00   1
   107584  40.468644 -124.427466    19.755   -16548.3    -9059.9    -1672.6     15.1     13.0     14.0 2022  2 21 15 20 50.320  0.00   1
   107585  40.468673 -124.427498    19.770   -16551.1    -9056.8    -1657.6     14.9     12.7     13.4 2022  3  8 13 52  8.680  0.00   1
   107586  40.472013 -124.428857    19.873   -16665.9    -8685.8    -1554.4     14.4     13.9      8.5 2022  3 17  5 45 51.800  0.00   1
   107609  40.572017 -123.955754    21.185    23414.0     2419.2     -242.6     15.8     20.0     27.1 2021 12 25 22 49 23.520  0.00   1
   107620  40.514079 -124.481413    27.699   -21113.5    -4014.6     6271.9     48.3     57.9     33.4 2020  3 20 11 54 38.000  0.00   1
   107621  40.501941 -124.505339    26.701   -23142.8    -5362.5     5273.8     15.8     15.4     24.7 2020  3 20 22 28 21.200  0.00   1
   107622  40.504781 -124.504451    26.798   -23067.1    -5047.1     5371.0     24.6     27.5     21.4 2020  3 21 20 18  7.640  0.00   1
   107623  40.504293 -124.504199    26.785   -23045.9    -5101.3     5357.9     25.0     27.0     20.9 2020  3 21 19  0  1.520  0.00   1
   107626  40.500220 -124.502108    26.834   -22869.3    -5553.6     5407.2     23.5     28.3     39.6 2020  4 18 11  0 19.100  0.00   1
   107627  40.499333 -124.509701    27.826   -23512.9    -5652.1     6398.8     33.0     22.0     25.0 2020  4 29 15  5 11.240  0.00   1
   107635  40.499878 -124.503931    27.215   -23023.8    -5591.6     5787.8     15.5     24.1     19.8 2021  6 23  5 14 47.320  0.00   1
   107636  40.502873 -124.504199    27.065   -23046.1    -5259.0     5637.6     14.3     16.6     19.3 2021  6 27 15 30 22.300  0.00   1
   107638  40.506458 -124.505583    26.578   -23162.7    -4860.9     5150.6     29.2     33.2     44.6 2021  8 29 17 32  5.980  0.00   1
   107639  40.501123 -124.504533    27.402   -23074.7    -5453.3     5975.2     15.9     21.2     23.1 2021  9  1  5  5 36.660  0.00   1
   107641  40.501750 -124.504224    27.305   -23048.4    -5383.7     5877.6     13.5     16.2     20.8 2021 10  7 19  8 24.060  0.00   1
   107644  40.494751 -124.506291    27.806   -23224.7    -6160.9     6379.2     24.7     44.9     40.0 2021 10 30 23 40 23.100  0.00   1
   107645  40.500431 -124.500448    27.360   -22728.6    -5530.1     5933.2     27.2     26.2     22.7 2021 11 20  8 44 57.940  0.00   1
   107648  40.502547 -124.498226    27.657   -22540.0    -5295.2     6229.6     21.5     28.6     38.0 2021 12 18  8 55  3.900  0.00   1
   107651  40.505074 -124.492228    26.482   -22031.4    -5014.6     5054.8     32.2     37.2     29.9 2022  1 12 11 34 59.600  0.00   1
   107654  40.493722 -124.505200    27.548   -23132.5    -6275.2     6120.3     24.1     44.8     43.0 2022  4 13 23 57 43.640  0.00   1
   107655  40.499723 -124.494320    26.330   -22209.5    -5608.8     4902.3     35.3     46.4     55.4 2022  7 29 16 38  2.820  0.00   1
   107656  40.490633 -124.505957    28.092   -23197.1    -6618.2     6665.1     38.7     54.0     30.7 2022  8 10  2 25 35.080  0.00   1
   107657  40.493884 -124.501139    27.807   -22788.3    -6257.1     6379.9     24.5     42.2     27.5 2022  8 23  6 57 35.860  0.00   1
   107661  40.495874 -124.515340    26.474   -23991.4    -6036.2     5047.2     30.4     42.4     29.2 2022 10 16 17  6 16.580  0.00   1
   107662  40.495439 -124.509985    27.236   -23537.7    -6084.5     5808.8     24.0     40.3     26.9 2022 10 16 21 31  2.740  0.00   1
   107663  40.496212 -124.509595    27.230   -23504.4    -5998.7     5802.8     23.0     39.2     26.6 2022 10 16 17  0 17.060  0.00   1
   107664  40.523808 -124.389803    23.662   -13350.7    -2934.3     2234.7     10.8      8.6     10.1 2020  3 13 19 20 41.280  0.00   1
   107680  40.562992 -124.015007    22.659    18397.1     1417.0     1232.2     20.6     26.8     20.5 2020  4 27  3 46 18.440  0.00   1
   107683  40.562541 -124.012516    22.621    18608.1     1366.8     1193.3     19.5      7.9     19.2 2020 11 11 11 22 54.400  0.00   1
   107687  40.561625 -124.000033    22.190    19665.5     1265.2      762.6     41.0     15.2     21.5 2021 12 25 23  5 26.280  0.00   1
   107808  40.546159 -124.197624    27.321     2930.4     -452.3     5893.5     14.0     15.3     22.1 2020  3 18 22 58 40.420  0.00   1
   107818  40.466349 -123.821639    23.240    34799.6    -9314.8     1812.9     18.0     27.8     24.6 2021  1 21 21  8 56.860  0.00   1
   107819  40.466040 -123.820256    23.252    34916.9    -9349.1     1825.0     19.1     24.4     25.2 2021  1 24 19 45 59.820  0.00   1
   107820  40.467790 -123.821045    23.095    34849.5    -9154.8     1667.8     16.5     28.6     26.5 2022  1 24 23 34 18.900  0.00   1
   107822  40.486060 -123.825936    24.576    34430.3    -7126.0     3148.9     37.5     58.2     65.3 2022  9 20 16  0 37.520  0.00   1
   107823  40.469727 -123.823014    23.167    34682.1    -8939.8     1739.6     16.2     23.0     27.7 2022 11 20 17  4 54.300  0.00   1
   107825  40.514156 -124.418368    20.306   -15771.9    -4006.1    -1121.4     36.3     45.2     60.4 2020  3 18 23 32 29.300  0.00   1
   107844  40.621765 -124.311003    19.721    -6669.8     7943.4    -1706.2      9.1      4.4     13.6 2020  3 18  4 40 58.500  0.00   1
   107847  40.622095 -124.305973    21.317    -6244.0     7980.0     -109.8     11.4      4.7     17.1 2022  1 23 16 30 25.180  0.00   1
   107849  40.621810 -124.311955    19.403    -6750.4     7948.4    -2024.2      9.3      3.7     18.4 2022 10 21 10 46 28.380  0.00   1
   107887  40.581555 -124.427279    22.958   -16518.7     3478.3     1530.5     16.4     22.6     31.2 2020  7 13 13  8 40.060  0.00   1
   107888  40.579793 -124.433024    23.300   -17005.4     3282.7     1872.4     14.6     12.9     13.9 2020  8 15  3 41 44.920  0.00   1
   107890  40.580042 -124.432707    23.255   -16978.5     3310.2     1828.0      9.7     13.6     11.2 2021  8  9 17  8 53.000  0.00   1
   107891  40.584847 -124.430737    23.863   -16811.1     3843.8     2435.4     12.1     12.6     11.6 2021  8 11  0 58 47.400  0.00   1
   107895  40.577059 -124.434058    22.619   -17093.3     2979.0     1191.5     31.8     28.2     46.8 2022  9  4 19 13 25.340  0.00   1
   107928  40.583512 -124.427368    23.125   -16526.0     3695.6     1697.7     11.2     13.2     15.0 2020  7 22  0 55 19.100  0.00   1
   107930  40.612577 -124.435384    22.920   -17201.1     6923.2     1492.9     22.7     14.8     17.6 2021 12 13  1 46 42.200  0.00   1
   107964  40.535413 -124.396989    17.800   -13958.3    -1645.6    -3627.0     35.9     32.9     43.5 2021 11 14  0  8  4.400  0.00   1
   107965  40.528333 -124.397298    18.742   -13985.3    -2431.8    -2685.4     46.8     48.9     62.7 2021 12 21 22 13 12.300  0.00   1
   107971  40.531449 -124.404451    17.006   -14591.0    -2085.7    -4421.2     35.0     32.0     51.9 2022 10  9 19  5  2.280  0.00   1
   107978  40.533199 -124.425920    28.127   -16409.4    -1891.4     6699.9     31.0     30.5     28.5 2021  4 15  8 56 41.520  0.00   1
   107980  40.526290 -124.425228    26.911   -16351.7    -2658.7     5483.4     19.3     17.5     14.7 2021  8  4 18 58 46.060  0.00   1
   107981  40.527816 -124.418848    26.883   -15811.0    -2489.2     5456.2     28.1     20.9     40.1 2021  8 21 16 23 33.700  0.00   1
   107983  40.524394 -124.432699    26.150   -16984.8    -2869.2     4723.2     32.0     25.6     36.1 2021 11  3  7 32 49.840  0.00   1
   107984  40.519430 -124.428133    26.875   -16598.7    -3420.5     5447.8     27.1     23.9     43.5 2021 12  3 10 42 13.240  0.00   1
   107988  40.528963 -124.419580    26.454   -15872.9    -2361.8     5027.0     23.2     14.6     29.3 2022  2 13 11 20 53.200  0.00   1
   107989  40.520121 -124.423706    27.093   -16223.5    -3343.7     5665.4     27.0     43.8     14.0 2022  4 26 22 35 44.360  0.00   1
   107990  40.527421 -124.424129    26.666   -16258.5    -2533.0     5238.7     24.8     23.9     10.5 2022  8 18  8 41 53.440  0.00   1
   107991  40.531099 -124.426107    26.286   -16425.6    -2124.6     4859.0     15.1     18.6     26.3 2022 11  8  8 40 30.120  0.00   1
   107992  40.526123 -123.985319    20.841    20917.2    -2677.2     -586.2     33.4     27.4     23.6 2020  3 19 15 51  1.740  0.00   1
   107998  40.519995 -123.977808    20.945    21554.6    -3357.7     -482.2     21.8     35.3     17.5 2022  1 22 10 34 20.100  0.00   1
   107999  40.521240 -123.979574    20.963    21404.8    -3219.4     -464.7     17.0     33.9     13.3 2022  2 15  1 12 31.400  0.00   1
   108057  40.466907 -124.442537    22.614   -17826.0    -9252.9     1186.4     27.2     32.1     27.7 2021 12  5 19 24 48.900  0.00   1
   108061  40.469157 -124.449976    21.420   -18456.1    -9003.0       -7.6     17.1     14.9     16.7 2022  9 23 15 56 33.080  0.00   1
   108062  40.468640 -124.430054    20.930   -16767.7    -9060.4     -497.3     22.9     35.6     25.7 2022  9 28 23  9 12.340  0.00   1
   108063  40.580371 -124.355021    28.062   -10399.6     3346.8     6635.2     21.6     20.5     35.9 2020  3 20  8 49 18.520  0.00   1
   108064  40.580973 -124.346672    27.652    -9692.5     3413.7     6224.5     22.5     17.5     32.3 2021 10 17  9 59  8.260  0.00   1
   108067  40.538505 -124.404915    28.265   -14629.5    -1302.2     6837.7     19.8     13.7     17.6 2021 11  3 11  8 47.100  0.00   1
   108068  40.536690 -124.405363    28.333   -14667.6    -1503.7     6905.8     11.7     12.1     11.2 2021 11  3  4 10 39.340  0.00   1
   108070  40.536198 -124.409611    28.372   -15027.5    -1558.4     6944.9     19.0     11.8     14.9 2021 12 20 21 58 50.200  0.00   1
   108071  40.536206 -124.410653    28.927   -15115.8    -1557.5     7499.3     23.5     19.0     11.9 2022  1  6 19 21 44.640  0.00   1
   108073  40.616606 -123.950651    22.323    23838.3     7370.5      895.4     23.3     18.1     16.9 2020  9 26  5 11 46.240  0.00   1
   108076  40.612964 -123.944417    22.029    24366.7     6966.1      602.1     21.5     20.5     24.4 2021 10 28  3 17 37.200  0.00   1
   108082  40.613485 -123.943449    21.526    24448.6     7023.9       99.2     18.1     15.9     27.4 2022  4 23 20  0 10.440  0.00   1
   108083  40.620707 -123.948112    21.688    24052.5     7826.0      261.1     24.3     19.5     30.0 2022  6 17 14 38  4.080  0.00   1
   108103  40.554260 -124.255029    23.144    -1932.1      447.3     1716.8     26.7     21.7     20.6 2020  3 24  7  2 14.780  0.00   1
   108105  40.551530 -124.247697    22.595    -1311.1      144.1     1168.0     35.5     17.8     28.7 2020 11 21  0 51 45.000  0.00   1
   108108  40.552804 -124.247078    22.376    -1258.7      285.6      948.8     32.9     22.3     38.7 2022 11 11 23  8  9.040  0.00   1
   108253  40.745638 -123.836963    20.864    33431.4    21698.9     -563.6     31.6     24.6     23.1 2020  3 28 12 19 52.180  0.00   1
   108254  40.748185 -123.837923    20.257    33349.6    21981.8    -1170.2     14.8     14.5     23.9 2020  9 14 17 47 56.900  0.00   1
   108256  40.479114 -124.458626    18.697   -19187.9    -7897.3    -2730.0     16.4     17.2     26.2 2020  3 29  2 10 37.820  0.00   1
   108258  40.476196 -124.458415    19.424   -19170.4    -8221.3    -2003.1     11.2     11.7     14.4 2021 10  3  5 55  4.840  0.00   1
   108259  40.477555 -124.457511    19.362   -19093.6    -8070.4    -2065.4     11.7     10.0     10.8 2021 11 19  6 49 32.480  0.00   1
   108344  40.525822 -124.397843    17.920   -14031.7    -2710.6    -3507.0     26.3     24.9     44.9 2022  6  5 23 40 24.620  0.00   1
   108357  40.571777 -124.101107    23.210    11104.0     2392.5     1782.5     22.4     26.9     30.5 2021  2 21 19 35 38.660  0.00   1
   108358  40.571810 -124.088216    22.782    12195.7     2396.1     1354.8     34.9     25.5     23.8 2021 10 31 11 18 33.720  0.00   1
   108359  40.569283 -124.105355    22.962    10744.4     2115.5     1534.3     22.6     30.6     28.8 2022  2  6  9 49 13.780  0.00   1
   108413  40.477153 -124.499146    23.844   -22622.2    -8115.1     2417.0     23.9     54.8     35.7 2020  4 13  9 58 32.960  0.00   1
   108414  40.461943 -124.507796    23.944   -23358.0    -9804.1     2517.0     38.8     49.4     84.7 2020  8 28 23 50 45.120  0.00   1
   108415  40.462553 -124.507259    24.835   -23312.3    -9736.4     3408.0     22.0     34.6     45.6 2020  9 24 22 17 36.960  0.00   1
   108416  40.460726 -124.505330    27.139   -23149.2    -9939.2     5711.5     31.1     40.1     46.6 2021  2  3  1 21 28.060  0.00   1
   108422  40.475846 -124.507902    23.873   -23364.5    -8260.2     2445.5     30.5     43.5     30.0 2021 11 29 21 27 26.620  0.00   1
   108424  40.466248 -124.504134    26.152   -23046.8    -9326.1     4724.5     21.4     44.9     36.5 2022  2 13  8 54 23.040  0.00   1
   108430  40.457023 -124.509326    23.858   -23488.5   -10350.4     2430.6     29.2     56.4     30.3 2022 11 14 21 27 40.840  0.00   1
   108464  40.606616 -124.093392    19.030    11754.3     6261.2    -2397.7     29.6     25.0     47.2 2022  1 22 11 10 16.600  0.00   1
   108465  40.609904 -124.101221    17.510    11091.2     6626.3    -3917.7     38.8     20.7     35.6 2022  1 29  6 14 29.780  0.00   1
   108466  40.584342 -124.302816    21.212    -5978.4     3787.8     -215.3     23.4     27.2     36.9 2020  4 19 16 21  7.220  0.00   1
   108475  40.499691 -124.430444    25.572   -16796.9    -5612.4     4144.3     18.8     29.6     21.0 2020  8 21 16 41  2.020  0.00   1
   108479  40.502238 -124.431421    23.031   -16879.4    -5329.5     1603.8     27.3     27.3     19.6 2021  9 26  7 21 14.820  0.00   1
   108490  40.635579 -124.001807    24.828    19504.6     9477.4     3401.1     22.2     15.5     18.8 2020  4 19  6 45 57.780  0.00   1
   108491  40.511186 -124.347152    17.747    -9738.2    -4335.9    -3680.6     28.8     32.4     26.2 2020  4 21 11 21 54.140  0.00   1
   108492  40.508512 -124.335409    19.099    -8743.4    -4632.8    -2328.5      7.1      8.6     12.9 2020  6 19  5 30 29.960  0.00   1
   108493  40.509904 -124.335661    19.075    -8764.7    -4478.2    -2352.3     14.0     11.6     14.7 2021  3 12  1 30 38.560  0.00   1
   108494  40.509477 -124.334351    19.103    -8653.7    -4525.7    -2324.4     13.6      9.8     13.7 2021  6 14 22 35  4.460  0.00   1
   108495  40.510083 -124.330436    19.543    -8322.0    -4458.4    -1884.2     17.1     13.0     17.3 2021  6 14 21 36  2.260  0.00   1
   108496  40.510229 -124.331388    19.471    -8402.6    -4442.1    -1956.2     11.1     11.8     14.5 2021  6 14 21 44 45.960  0.00   1
   108497  40.509562 -124.334497    19.098    -8666.1    -4516.2    -2329.3     14.0      9.9     15.4 2021  6 15  9 44 20.640  0.00   1
   108498  40.510547 -124.334334    19.008    -8652.2    -4406.8    -2419.5     18.7     14.2     12.8 2021  6 15  8 53  6.160  0.00   1
   108499  40.511023 -124.334757    18.903    -8688.0    -4354.0    -2523.8     18.1     15.7     12.8 2021  6 15  9 30  2.180  0.00   1
   108500  40.510966 -124.334790    18.954    -8690.8    -4360.3    -2473.5     19.5     15.5     14.9 2021  6 15  9 15  5.520  0.00   1
   108501  40.509517 -124.335433    19.071    -8745.4    -4521.2    -2356.2     10.8     11.2     10.1 2021 12 11  4 20 38.740  0.00   1
   108566  40.642566 -124.066097    23.397    14061.6    10253.3     1970.2     10.6      6.6      3.9 2020  5  5 15 41 19.740  0.00   1
   108569  40.506067 -124.488501    23.877   -21715.4    -4904.3     2450.1     36.8     36.9     47.4 2020  5  6  2 15 26.660  0.00   1
   108570  40.505176 -124.491618    23.349   -21979.6    -5003.3     1921.3     28.1     38.5     46.5 2021  7 27  7 34 24.040  0.00   1
   108571  40.606165 -124.091626    17.770    11903.9     6211.1    -3657.5     16.5     18.5     21.4 2020  5  9 23 48 21.420  0.00   1
   108578  40.491740 -124.505005    15.538   -23116.3    -6495.3    -5889.2     17.6     20.1     21.8 2022  3 19 17 38 45.720  0.00   1
   108600  40.553182 -124.255216    24.652    -1948.0      327.6     3224.4     16.6     12.8     23.2 2020  8  8  3  7 36.200  0.00   1
   108601  40.548018 -124.259847    26.326    -2340.3     -245.8     4898.3     27.2     21.7     26.7 2021  7 18  8 37 44.140  0.00   1
   108604  40.549235 -124.248022    23.672    -1338.7     -110.7     2244.5     24.3      8.8     14.7 2022  6 14  4 29 40.760  0.00   1
   108605  40.551481 -124.244531    23.046    -1042.9      138.7     1618.6     23.9     11.7     33.3 2022  6 29  2 18 33.580  0.00   1
   108609  40.531055 -124.348218    18.370    -9827.1    -2129.5    -3057.2     17.0     11.8     23.1 2020  5 21  5 49 36.720  0.00   1
   108610  40.531201 -124.348372    18.386    -9840.2    -2113.3    -3041.7     16.2     11.7     22.8 2020  5 21  6  0 18.060  0.00   1
   108611  40.539095 -124.347664    17.489    -9779.6    -1236.7    -3938.4     13.6     15.6      7.9 2020  5 21  5 49 32.040  0.00   1
   108616  40.526343 -124.424235    17.459   -16267.6    -2652.8    -3968.5     47.5     32.8     60.0 2020  5 27 17 28 46.460  0.00   1
   108617  40.523238 -124.385197    19.021   -12960.6    -2997.5    -2406.4     41.2     43.4     73.4 2021 12 21  9 14 12.320  0.00   1
   108618  40.522103 -124.413322    18.826   -15343.5    -3123.6    -2601.3     18.0      9.2     24.9 2020  5 29  3 10 10.980  0.00   1
   108624  40.531303 -124.338184    19.656    -8977.0    -2102.0    -1771.5     25.9     34.0     30.6 2020  6  1 23 58 17.820  0.00   1
   108625  40.526685 -124.318953    20.796    -7348.1    -2614.8     -631.3     29.4     29.5     23.0 2020  6 24  4 56 53.760  0.00   1
   108626  40.526636 -124.319092    20.832    -7359.9    -2620.2     -595.1     28.8     29.5     22.3 2020  6 25 13  0 35.620  0.00   1
   108655  40.576522 -124.184229    18.593     4064.2     2919.4    -2834.1     23.1     16.7     25.2 2021 10 12  3 27 25.740  0.00   1
   108724  40.621342 -123.933081    21.286    25324.9     7896.4     -141.7     22.2     22.8     37.0 2020  6 14 11 45 45.620  0.00   1
   108732  40.599760 -123.920573    22.612    26388.1     5499.9     1184.9     17.8     28.1     29.5 2022 10 13 19 35 55.660  0.00   1
   108757  40.542944 -124.054972    19.831    15014.4     -809.3    -1596.4     14.1     14.1     13.2 2020  6 14 14 58 40.620  0.00   1
   108758  40.540902 -124.056047    19.920    14923.6    -1036.1    -1507.6     16.5     10.1     13.0 2021  3  4 22 22 58.560  0.00   1
   108759  40.531824 -124.031844    20.900    16974.9    -2044.1     -526.8     27.4     39.8     11.7 2022  2 22 19 27 13.320  0.00   1
   108760  40.541093 -124.048283    19.840    15581.2    -1014.8    -1587.1     22.6     16.5     12.9 2022  3 14  4  0 41.420  0.00   1
   108761  40.541182 -124.051530    19.927    15306.2    -1004.9    -1500.6     12.9     15.5     16.6 2022  4  7 13 29 19.080  0.00   1
   108768  40.610429 -124.083740    18.562    12571.2     6684.6    -2864.8     29.8      9.5     22.3 2020 12 14 11 30 35.940  0.00   1
   108775  40.487626 -123.869035    20.732    30777.6    -6952.1     -695.0     14.5     20.7     21.8 2021  3 12  6 12 15.860  0.00   1
   108778  40.520516 -123.911930    21.049    27135.8    -3299.8     -378.6     13.6     11.4     15.4 2021 10  5  6 18 43.140  0.00   1
   108780  40.521106 -123.911011    20.891    27213.6    -3234.3     -536.6     14.1     11.4     15.3 2021 10  6 16 45 29.740  0.00   1
   108782  40.521086 -123.911051    20.910    27210.2    -3236.6     -517.1     14.2     14.2     14.9 2021 10  6 17 13 28.040  0.00   1
   108784  40.525606 -123.914982    20.802    26876.3    -2734.6     -624.8     16.3     20.6     11.8 2021 10  6 18 40 27.620  0.00   1
   108785  40.520406 -123.911296    20.958    27189.6    -3312.0     -468.8     12.7     12.8     15.4 2021 10  6 19 49 19.280  0.00   1
   108789  40.521851 -123.912077    21.243    27123.2    -3151.6     -184.6     13.4     11.9     14.7 2021 10  6 11 42 23.740  0.00   1
   108794  40.520935 -123.910815    20.904    27230.2    -3253.3     -522.8     13.5     11.6     15.0 2021 10  9 19 44 44.220  0.00   1
   108797  40.514685 -123.903646    21.308    27838.9    -3947.3     -119.7     22.7     25.1     14.9 2021 10 10 14 55 46.020  0.00   1
   108839  40.500903 -124.434969    23.504   -17180.2    -5477.7     2076.6     19.8     14.9     15.1 2021  4  7 10 38 50.740  0.00   1
   108840  40.497083 -124.437476    23.655   -17393.1    -5902.0     2228.0     18.6     19.0     13.9 2021 11  7  2 42 54.760  0.00   1
   108860  40.633435 -123.931307    21.616    25472.9     9239.3      188.3     28.7     22.9     24.0 2020  7  8 15  4 51.000  0.00   1
   108864  40.610311 -123.884757    23.004    29418.4     6671.5     1576.3     27.8     24.0     42.3 2020  7 12  6 10  9.180  0.00   1
   108865  40.611886 -123.885433    23.562    29360.9     6846.4     2134.3     26.6     23.3     56.0 2021  7 25  9 12 32.240  0.00   1
   108866  40.611255 -123.886597    22.978    29262.5     6776.3     1551.0     23.1     21.5     41.9 2022  9 20 20 35 29.800  0.00   1
   108897  40.601567 -124.120882    16.895     9427.1     5700.5    -4532.6     38.1     36.8     41.1 2020  7 21  9 58 36.880  0.00   1
   108901  40.603996 -124.096086    18.330    11526.5     5970.2    -3097.0     24.8     18.3     13.3 2020  7 28 10 54 20.520  0.00   1
   108918  40.646110 -124.022103    18.576    17785.1    10646.8    -2851.0     15.2      7.7     15.4 2020  8 14  7 59 14.720  0.00   1
   108919  40.646004 -124.017627    18.943    18164.0    10635.1    -2484.2     20.8     11.7     20.9 2020  8 14  7 29 17.360  0.00   1
   108921  40.645959 -124.022738    18.276    17731.4    10630.1    -3151.5     19.6     13.1     24.1 2021 11 16 18 50  1.700  0.00   1
   108922  40.592265 -124.115348    19.752     9896.3     4667.6    -1675.2     32.0     27.1     32.6 2020  8 17 22 44  9.820  0.00   1
   108923  40.591874 -124.115592    19.845     9875.7     4624.2    -1582.1     31.9     26.5     30.7 2020  8 17 22 37  2.940  0.00   1
   108925  40.604533 -124.106714    20.400    10626.5     6029.9    -1026.9     24.8     20.1     28.3 2021  6 29  5 32 28.020  0.00   1
   108926  40.598429 -124.119784    20.675     9520.3     5352.1     -752.0     18.8     14.6     22.0 2021  9  2  7  3 32.740  0.00   1
   108956  40.535034 -124.241634    18.819     -797.6    -1687.6    -2608.7     18.8     18.6     27.2 2020  8 19  9 20 36.680  0.00   1
   108957  40.531006 -124.250920    19.031    -1584.3    -2135.0    -2395.9     23.4     16.0     20.6 2021  7 30  7  1 16.480  0.00   1
   108959  40.534094 -124.246183    18.888    -1183.0    -1792.0    -2539.3     12.1      9.5     18.8 2022  9 20 20 46 19.020  0.00   1
   108974  40.608789 -124.211930    23.969     1717.7     6502.5     2542.1     34.8     35.7     36.0 2021  6  2  8  1  4.060  0.00   1
   108976  40.604224 -124.243709    23.567     -972.9     5995.5     2139.5     51.8     31.6     33.0 2021  8  2  1 42 32.520  0.00   1
   108977  40.618844 -124.214469    25.345     1502.7     7619.0     3917.5     34.5     39.4     46.9 2021  9 27 13 54 30.160  0.00   1
   108978  40.609701 -124.221810    25.152      881.3     6603.7     3725.1     33.8     32.1     46.3 2021 11 19  5 14  6.980  0.00   1
   108988  40.603548 -124.058081    23.145    14744.4     5920.5     1717.4     31.6     21.4     29.5 2021  9 19  2 30 15.040  0.00   1
   108995  40.562610 -123.934188    22.138    25242.2     1374.5      710.9     13.2     15.7     15.1 2020  9  7  3  4 36.280  0.00   1
   108998  40.565715 -123.932707    21.620    25367.1     1719.3      193.0     35.3     30.8     36.1 2020 11 23  2 17 29.880  0.00   1
   108999  40.562565 -123.940731    21.813    24688.1     1369.5      385.6     39.0     25.5     22.8 2020 11 23  2 27  1.080  0.00   1
   109001  40.563350 -123.933317    21.921    25315.8     1456.7      493.3     20.1     17.1     21.4 2021  4 25  2 44 15.560  0.00   1
   109003  40.550370 -123.922477    23.271    26236.5       15.4     1843.7     47.8     46.6     20.1 2021  9 25  7 21 32.760  0.00   1
   109005  40.563049 -123.933610    21.998    25291.1     1423.3      570.3     14.9     17.1     16.2 2022  1 19 16 50 43.900  0.00   1
   109006  40.563802 -123.932715    22.029    25366.8     1506.9      601.4     11.0     18.9     19.7 2022  1 23  4 17 44.580  0.00   1
   109007  40.560478 -123.932023    22.267    25426.0     1137.7      839.3     16.9     10.7     19.0 2022  1 23 13 55 42.740  0.00   1
   109008  40.562817 -123.936060    23.376    25083.7     1397.6     1948.8     28.4     21.5     21.6 2022  5 17 14 52 29.660  0.00   1
   109027  40.521757 -123.897371    19.942    28369.0    -3162.0    -1485.1     16.0     12.4     14.2 2020  9 12  9 10  3.360  0.00   1
   109029  40.531226 -123.900269    23.339    28121.6    -2110.6     1911.4     15.9     29.2     19.5 2021 10 21 16 23 18.500  0.00   1
   109031  40.526921 -123.906893    20.422    27561.3    -2588.6    -1004.9     25.1     17.0     17.5 2022  9 21 22  2  0.300  0.00   1
   109034  40.606799 -123.923112    25.010    26171.7     6281.5     3582.5     19.7     16.0     18.6 2021 10 16  0 56 17.260  0.00   1
   109035  40.606474 -123.916357    24.980    26743.7     6245.4     3552.6      9.7      9.2     13.5 2022  4  7  7 43 59.660  0.00   1
   109037  40.599438 -124.117025    18.547     9753.9     5464.2    -2880.1      8.4      8.5      9.4 2021  8 28 10 22 15.280  0.00   1
   109040  40.535771 -124.047257    19.932    15668.7    -1605.9    -1495.7     17.3      8.6     10.0 2021  5  4 20 49 28.940  0.00   1
   109042  40.536430 -124.050041    19.799    15432.9    -1532.7    -1628.7     12.0     10.1     12.3 2021 12 10 18 19  3.380  0.00   1
   109047  40.659778 -123.884391    28.600    29438.6    12164.6     7172.6     29.9     32.0     48.4 2022  7  7 10 16 42.560  0.00   1
   109051  40.588420 -124.075423    22.094    13277.5     4240.6      666.7     22.7     25.9     29.1 2022 10 22  1 32  8.620  0.00   1
   109052  40.612691 -124.075277    18.215    13287.5     6935.8    -3211.9     62.2     27.1     37.2 2020  9 18  1 49 50.060  0.00   1
   109054  40.621293 -124.066772    17.953    14006.6     7891.0    -3474.4     85.7     36.6     55.1 2021  8  3  7 25 29.060  0.00   1
   109057  40.620162 -124.078027    17.366    13053.9     7765.4    -4061.4     25.8     15.7     26.4 2021 11  1 20 23 11.500  0.00   1
   109058  40.618909 -124.078573    17.839    13007.9     7626.2    -3588.7     31.0     18.2     26.9 2022  7  2 18 54 53.920  0.00   1
   109059  40.618966 -124.078809    17.805    12987.9     7632.6    -3622.2     28.2     16.6     24.3 2022  7  5 10 26 16.440  0.00   1
   109060  40.609485 -124.078499    18.647    13015.0     6579.8    -2780.5     30.4     17.5     27.8 2022  9 22  5 20 24.860  0.00   1
   109079  40.591862 -124.324569    21.199    -7820.1     4622.8     -228.6     13.2     11.8     20.5 2020  9 24  1 37  2.540  0.00   1
   109081  40.592395 -124.325041    21.356    -7860.0     4682.0      -70.9     10.1      9.7     11.3 2021  8  3  7 28  1.280  0.00   1
   109082  40.592013 -124.323063    21.354    -7692.6     4639.5      -73.5     16.6     10.7     14.0 2021  8  3  7 28 11.760  0.00   1
   109083  40.590999 -124.326595    21.301    -7991.7     4527.0     -126.3     13.6     13.6     20.9 2022  3 18 23 22 52.560  0.00   1
   109086  40.617818 -124.095239    19.732    11596.9     7505.1    -1693.9     21.8     26.2     17.9 2020  9 29 20 57 21.240  0.00   1
   109088  40.591964 -124.102604    23.095    10975.5     4634.1     1667.5     28.4     12.6     24.3 2021  8  2  6  3 50.240  0.00   1
   109099  40.523665 -124.368815    19.375   -11572.6    -2950.1    -2052.2     60.0     36.7     62.9 2022 11  3 21 25 34.920  0.00   1
   109112  40.571639 -123.939917    20.816    24755.3     2377.2     -611.4     48.4     32.7     51.4 2020 11 28  4 46 13.820  0.00   1
   109120  40.566809 -123.929313    22.017    25654.3     1840.8      589.5     39.7     34.5     56.1 2021 10  7 15 37 20.960  0.00   1
   109123  40.562394 -123.931429    22.232    25475.9     1350.6      804.6     37.6     28.9     58.4 2021 10  7 10 58 29.020  0.00   1
   109127  40.566663 -123.929565    22.047    25633.0     1824.5      619.8     39.2     33.5     55.6 2021 10  9 15  2 48.760  0.00   1
   109129  40.529500 -124.429858    21.204   -16743.6    -2302.1     -222.9     25.3     37.1     48.2 2020 10 11 16 54  4.900  0.00   1
   109133  40.639099 -124.029427    18.644    17166.0     9868.3    -2783.6     25.0     17.8     22.8 2020 10 20  3 57  2.000  0.00   1
   109186  40.669230 -123.910042    22.876    27265.7    13214.2     1448.3     30.5     36.5     28.3 2020 11 10  7 29 44.140  0.00   1
   109189  40.672363 -123.892741    21.739    28729.3    13562.1      312.1     30.0     13.9     25.5 2021  5 13  9 32 24.180  0.00   1
   109190  40.664319 -123.890356    22.833    28932.8    12668.8     1406.0     33.9     16.9     19.2 2022  6 25  8 45  6.260  0.00   1
   109416  40.596391 -123.968099    22.295    22364.5     5125.7      867.3     13.7     17.0     25.7 2020 11 28  4 41 25.020  0.00   1
   109417  40.596379 -123.968123    22.238    22362.4     5124.4      810.6     15.2     16.7     24.5 2020 11 28  4 28 30.560  0.00   1
   109418  40.598031 -123.972062    22.510    22028.6     5307.8     1082.3     12.8     14.2     15.7 2021  3 28 11 21 31.120  0.00   1
   109420  40.599227 -123.916195    22.109    26758.9     5440.7      681.8     19.5     18.6     17.9 2020 12  7 19  3 16.040  0.00   1
   109421  40.603914 -123.915828    22.115    26789.0     5961.2      687.5     16.6     17.6     25.3 2020 12  7 19  5 36.340  0.00   1
   109427  40.595870 -123.903678    25.614    27819.4     5067.9     4186.6     18.5     23.5     19.2 2020 11 29  9 45 15.600  0.00   1
   109428  40.594474 -123.896598    25.997    28419.2     4912.9     4569.6     16.3     15.8     12.9 2021  1 19 12 58 57.580  0.00   1
   109430  40.592244 -123.910409    26.159    27250.3     4665.3     4731.5     44.0     19.7     37.5 2022  3 18  0  7 21.100  0.00   1
   109436  40.605587 -124.098844    15.500    11292.8     6146.9    -5927.4      8.4      7.5      3.8 2020 12  1 11 36 42.680  0.00   1
   109448  40.555656 -124.016976    21.994    18231.3      602.3      566.8     21.3     35.6     24.8 2022  1 19 22 27 40.720  0.00   1
   109451  40.563180 -124.012231    22.121    18632.1     1437.8      693.5     41.1     28.1     43.2 2022  6  9  2 12 47.440  0.00   1
   109453  40.564303 -124.025374    22.693    17518.8     1562.5     1265.4     39.5     28.0     33.5 2022 11 22  5  9 14.600  0.00   1
   109457  40.589034 -124.183089    21.513     4160.3     4308.8       85.6     13.8     17.6     18.2 2022 11 20 16 58  8.260  0.00   1
   109458  40.552620 -123.890120    22.159    28976.7      265.2      732.2      9.9      7.9      5.4 2020 12 19 19 50 56.380  0.00   1
   109460  40.596810 -124.207975    25.071     2052.8     5172.3     3644.2     50.1     28.2     35.5 2021  2 11 13 50 26.620  0.00   1
   109461  40.600838 -124.106030    16.443    10684.7     5619.6    -4984.5     21.4     15.2     20.5 2021  1  4  6 14 34.600  0.00   1
   109483  40.496322 -124.465527    22.982   -19770.2    -5986.5     1554.3     13.1     18.0     12.9 2021  1 13 19 34 16.280  0.00   1
   109484  40.519287 -124.466919    23.890   -19884.8    -3436.3     2463.2      7.4     10.5      6.5 2021  2 12 14 58  6.120  0.00   1
   109485  40.513013 -124.452433    25.235   -18658.3    -4133.0     3808.2     10.8     13.8     15.5 2022  6  3  7 37 13.740  0.00   1
   109491  40.554248 -124.056437    23.121    14889.0      446.0     1693.4     14.8     14.6     11.0 2022 11 12 22 18 21.100  0.00   1
   109493  40.576945 -124.206014    19.860     2219.2     2966.4    -1566.9     47.1     25.7     60.6 2021 12 30 20 43 22.380  0.00   1
   109498  40.575382 -124.147135    22.022     7205.6     2792.9      595.1     19.4     28.2     27.7 2022  3 29  0 35 16.680  0.00   1
   109534  40.643274 -123.999585    18.446    19691.5    10331.9    -2981.2     10.6      6.0     14.4 2021  3  6  9 15 31.140  0.00   1
   109535  40.652612 -124.011678    18.459    18666.6    11368.9    -2968.2     15.7      9.6     22.5 2021  3  6  9 16 35.960  0.00   1
   109542  40.539299 -123.906234    22.907    27614.6    -1214.1     1480.2     17.1     18.4     15.9 2021  3 19 20 18 50.400  0.00   1
   109543  40.542623 -123.905355    22.886    27688.4     -844.9     1458.4     17.7     14.3     24.8 2021  7 28 11 59  6.040  0.00   1
   109544  40.541264 -123.909131    22.778    27368.8     -995.9     1351.1     18.9     15.3     24.8 2021 11  2 15 33 30.400  0.00   1
   109546  40.540804 -123.913192    22.935    27024.9    -1046.9     1508.0     11.3     15.0     20.1 2022  2  8 20 52 37.700  0.00   1
   109547  40.537663 -123.912402    23.688    27092.4    -1395.7     2260.9     28.1     24.4     37.3 2022  5 16 12 51  7.720  0.00   1
   109550  40.565727 -123.974243    23.456    21849.2     1720.6     2028.9     24.1     28.5     17.2 2021 10 14 12 55 59.780  0.00   1
   109551  40.557292 -123.974748    23.761    21807.8      784.0     2333.7      8.9     32.8     15.0 2021 10 18 11 26 36.900  0.00   1
   109560  40.575509 -124.421240    23.173   -16008.0     2806.9     1746.2     21.6     28.0     29.0 2021  4 22 19 58  9.520  0.00   1
   109562  40.574577 -124.416227    23.620   -15583.6     2703.4     2192.6     23.0     21.4     16.7 2021 10  1 17 28 56.900  0.00   1
   109563  40.574622 -124.416300    23.187   -15589.8     2708.4     1759.4     16.7     22.2     18.9 2022  6  6  8 33 56.500  0.00   1
   109585  40.702153 -123.972656    21.416    21961.3    16870.1      -11.4     33.0     24.2     29.8 2021 12  9  6 38 26.640  0.00   1
   109586  40.609298 -123.804777    27.107    36190.4     6559.0     5680.0     26.6     21.2     22.5 2021  4 25 12  4 20.500  0.00   1
   109587  40.510628 -124.437769    18.028   -17416.1    -4397.8    -3399.4     36.3     50.4     58.0 2021  4 26 14 34  7.560  0.00   1
   109588  40.530697 -124.396411    20.083   -13909.9    -2169.3    -1344.5     28.4     18.4     31.8 2021  4 30  5 48 15.420  0.00   1
   109590  40.598039 -124.005469    22.795    19199.9     5308.7     1367.3     32.3     18.8     22.7 2021  5  1  6 40  3.120  0.00   1
   109592  40.567537 -124.017350    22.228    18198.0     1921.7      800.5     15.3     18.2     22.6 2022  3 10 22 12 16.660  0.00   1
   109593  40.586519 -124.208162    23.277     2037.1     4029.6     1850.1     20.5     23.1     63.3 2021  5 25 13 41 14.420  0.00   1
   109638  40.582255 -123.954460    24.620    23521.9     3556.0     3192.3     10.7      9.3      7.8 2021  6  5 11 28 29.860  0.00   1
   109639  40.573604 -123.958927    24.132    23145.0     2595.4     2704.7      8.2      5.4      9.7 2022  2 26  5 28  3.880  0.00   1
   109640  40.546696 -123.968197    21.519    22364.4     -392.7       92.2     23.6     31.1     24.3 2021  6 14 23  5 14.620  0.00   1
   109641  40.547620 -123.970728    21.780    22149.9     -290.1      352.4     18.9     30.8     30.3 2021  6 15  4  8 20.200  0.00   1
   109643  40.541634 -123.968994    21.392    22297.7     -954.7      -35.6     21.2     35.6     23.2 2021  6 15  2 15 10.680  0.00   1
   109645  40.550374 -123.972225    20.820    22022.6       15.8     -607.3     16.9     20.9     17.7 2021  9 21 16 59  7.260  0.00   1
   109646  40.551656 -123.970662    20.740    22154.7      158.1     -686.9     17.9     24.7     27.2 2022  8 19 22 15 53.220  0.00   1
   109647  40.550492 -123.972363    21.005    22010.9       28.9     -422.4     16.5     23.4     23.9 2022  9 26 14 46 33.600  0.00   1
   109649  40.481881 -124.509790    17.437   -23523.5    -7590.1    -3990.7     28.5     24.0     40.3 2022  9 18  8 29  6.480  0.00   1
   109653  40.598722 -124.324251    21.400    -7792.8     5384.6      -27.3     17.7     17.6     38.9 2021  6 26 23 51 53.520  0.00   1
   109656  40.605184 -124.314486    19.905    -6965.6     6102.2    -1522.6     43.3     21.7     47.1 2021  7  7 21  8 20.520  0.00   1
   109661  40.598857 -124.329972    20.938    -8277.2     5399.5     -489.0     15.7     15.2     32.3 2022 11 27 17  4 31.920  0.00   1
   109701  40.534481 -124.353947    18.046   -10312.2    -1749.1    -3381.1     26.4     21.5     24.4 2021  7  9 20  8 44.560  0.00   1
   109707  40.705070 -123.934928    23.015    25152.9    17194.1     1588.1     22.6     20.8     22.9 2021  7 21  1 57 33.440  0.00   1
   109708  40.707556 -123.943538    22.490    24424.0    17470.1     1063.0     32.0     16.5     16.9 2022  8 13 12 33 41.180  0.00   1
   109709  40.707288 -123.943042    22.483    24466.0    17440.3     1055.5     30.0     16.4     17.6 2022  8 13 13  7 15.920  0.00   1
   109710  40.479032 -124.403052    20.188   -14478.0    -7906.4    -1239.3     12.4     20.1     31.4 2021  7 21  6 27  7.140  0.00   1
   109714  40.514579 -124.433781    17.632   -17077.8    -3959.1    -3795.5     13.4     14.6     19.6 2021  7 22  8 29 59.260  0.00   1
   109718  40.504097 -124.449797    18.504   -18436.2    -5123.0    -2923.2     21.2     21.2     32.5 2022  4  3 19 26 32.500  0.00   1
   109728  40.639766 -123.914681    21.324    26879.0     9942.4     -103.2     11.7      6.6      7.3 2021 10 28 17 29 28.460  0.00   1
   109729  40.640291 -123.916789    21.319    26700.5    10000.7     -108.6     13.5      5.5      8.3 2021 10 28 20 25 38.640  0.00   1
   109732  40.503068 -124.461019    18.459   -19387.2    -5237.3    -2967.8     27.3     29.1     28.8 2021  8  5  5 11 35.000  0.00   1
   109733  40.505318 -124.456030    22.647   -18964.2    -4987.5     1219.8     29.1     44.6     67.3 2021 12 18  9  2 20.600  0.00   1
   109734  40.502482 -124.456193    21.291   -18978.4    -5302.4     -136.1     23.9     30.6     31.6 2021 12 21 16 46 40.580  0.00   1
   109740  40.524841 -124.360286    27.575   -10850.0    -2819.5     6147.6     84.8     67.8     60.1 2021 12 25  9  3 58.480  0.00   1
   109741  40.541386 -124.369906    23.803   -11663.5     -982.3     2376.0     52.5     38.5     47.6 2022  8 24 18 28  5.620  0.00   1
   109742  40.637394 -124.040560    19.677    16223.9     9679.0    -1750.4     27.0     23.9     29.8 2021  8 23  5 51 36.160  0.00   1
   109744  40.539636 -123.780379    21.898    38275.8    -1176.6      470.5     11.1     20.6      9.2 2021  8 29 12 47 11.520  0.00   1
   109745  40.541675 -123.792253    22.982    37269.5     -950.2     1555.0     25.3     32.7     10.0 2022  1  7 12 47 18.900  0.00   1
   109758  40.549390 -124.225285    17.814      587.3      -93.5    -3613.5      8.6      5.7      8.5 2021  9 12 22 48 15.460  0.00   1
   109773  40.513721 -124.412679    20.028   -15290.0    -4054.4    -1399.4     26.8     43.9     55.6 2021 12 23 10 30 50.600  0.00   1
   109775  40.575496 -124.220549    19.690      988.3     2805.5    -1737.0     26.1     14.3     29.5 2021  9 23 19 33 34.900  0.00   1
   109779  40.526404 -124.333382    19.306    -8570.5    -2646.0    -2121.1     61.7     16.9     40.7 2021  9 30  4 43 34.000  0.00   1
   109788  40.517432 -123.883407    21.569    29553.1    -3642.3      141.3     27.4     21.2     25.5 2021 10  7  4 45 50.940  0.00   1
   109789  40.509729 -123.873193    21.510    30420.2    -4497.7       82.4     26.7     18.6     27.9 2021 10  7  5 44  8.100  0.00   1
   109791  40.510181 -123.875146    21.549    30254.6    -4447.5      122.0     24.7     18.2     16.4 2021 10  9 15 14 13.920  0.00   1
   109792  40.512398 -123.877572    21.625    30048.6    -4201.3      197.4     17.2     19.5     23.8 2021 10  9 14 51  7.940  0.00   1
   109793  40.516317 -123.879679    21.620    29869.2    -3766.1      192.4     18.1     19.7     22.9 2021 10  9 19 19 22.180  0.00   1
   109794  40.511267 -123.876408    21.536    30147.5    -4326.9      108.6     18.0     16.7     19.7 2021 10 16 14 55 23.500  0.00   1
   109795  40.514417 -123.879492    21.643    29885.4    -3977.1      215.5     16.0     15.6     24.0 2021 11  4 10 59  4.180  0.00   1
   109796  40.513957 -123.877539    21.541    30051.0    -4028.2      114.1     15.4     15.4     14.9 2021 11  7  7 51 35.860  0.00   1
   109801  40.547392 -123.848031    23.414    32543.1     -315.4     1987.1     18.3     19.0     34.0 2022  1 31 19 52 42.840  0.00   1
   109836  40.613672 -124.124967    18.950     9080.4     7044.7    -2477.4     26.7     12.0     25.6 2021 10 22 21  9 45.260  0.00   1
   109837  40.610539 -124.077287    20.851    13117.5     6696.8     -576.3     14.8     19.4     19.1 2021 10 31 13 10  3.600  0.00   1
   109838  40.552006 -123.953955    22.838    23569.9      197.0     1411.2     33.5     29.7     19.3 2021 11  3 19 22 52.340  0.00   1
   109846  40.600606 -124.055404    17.216    14971.4     5593.8    -4211.1    156.2     97.6    154.2 2021 11 25 17 56 31.760  0.00   1
   109849  40.605489 -124.306559    20.640    -6294.4     6136.1     -786.9      9.8      4.7     13.3 2021 11 29  9 17 10.340  0.00   1
   109852  40.523596 -124.432487    19.724   -16967.0    -2957.8    -1702.8      9.2      8.0     16.9 2022  1 18 10 25 37.780  0.00   1
   110087  40.589954 -124.204053    20.498     2385.1     4410.9     -929.2     12.4     13.7     17.5 2021 12 11 10 51 42.420  0.00   1
   110088  40.541134 -124.325269    18.317    -7882.3    -1010.3    -3110.5     58.9     17.8     62.9 2021 12 20 23 40 19.580  0.00   1
   110091  40.541292 -124.323730    18.237    -7752.0     -992.7    -3189.9     59.8     17.6     59.4 2022  8 22 11 46 57.980  0.00   1
   110092  40.544503 -124.306934    18.513    -6329.0     -636.2    -2914.2     75.8     25.4     55.1 2022  8 22 11 19 44.520  0.00   1
   110093  40.543974 -124.325090    18.743    -7867.0     -694.9    -2684.4     58.6     25.5     48.3 2021 12 20 21 17 43.440  0.00   1
   110095  40.546973 -124.310238    18.631    -6608.7     -361.9    -2796.1     48.6     20.7     52.1 2022  7 14  2 59 53.060  0.00   1
   110120  40.521391 -124.415682    20.532   -15543.5    -3202.7     -894.9     25.1     38.2     54.7 2021 12 20 20 29 25.860  0.00   1
   110127  40.576912 -124.205550    17.146     2258.5     2962.7    -4281.7     26.0     20.5     30.6 2021 12 20 20 15 20.340  0.00   1
   110128  40.537988 -124.287744    26.349    -4703.7    -1359.6     4921.7     71.4     73.7     84.5 2021 12 20 20 31  1.340  0.00   1
   110129  40.516199 -124.446216    17.576   -18131.1    -3779.2    -3851.5     19.0     20.5     31.8 2021 12 20 22 57 59.980  0.00   1
   110153  40.498299 -124.333236    20.510    -8559.9    -5766.9     -916.8     38.7     44.0     48.4 2021 12 21  3 28 34.100  0.00   1
   110154  40.502922 -124.333293    18.591    -8564.4    -5253.6    -2836.7     19.9     23.7     19.0 2021 12 23  6 55 41.480  0.00   1
   110156  40.511426 -124.322420    19.015    -7642.7    -4309.2    -2411.8     31.9     39.3     25.9 2021 12 23  4 51 44.220  0.00   1
   110160  40.523751 -124.417318    18.179   -15681.8    -2940.6    -3247.8     12.0     13.3     21.3 2021 12 21 19 30 31.800  0.00   1
   110168  40.579159 -124.179419    19.105     4471.4     3212.2    -2321.9    203.9     85.8    187.8 2021 12 21  2 44 44.640  0.00   1
   110179  40.545911 -124.349935    23.783    -9971.4     -479.9     2356.2     33.1     31.4     36.9 2022  3 20  6 57 16.680  0.00   1
   110181  40.499320 -124.449601    17.597   -18420.3    -5653.5    -3830.7     29.8     26.3     37.1 2021 12 25 16 54 33.700  0.00   1
   110183  40.596065 -124.108976    17.754    10435.6     5089.6    -3673.2     10.0     11.4     12.6 2021 12 26 16  2 15.940  0.00   1
   110184  40.587618 -123.992139    20.273    20330.2     4151.6    -1154.3     20.3     17.4     21.5 2021 12 27  8 53  5.400  0.00   1
   110185  40.575224 -123.988192    20.988    20666.3     2775.2     -439.0     12.4     13.6     15.7 2022  5 28  7 57  1.360  0.00   1
   110186  40.576449 -124.210286    19.323     1857.4     2911.2    -2104.1     57.2     30.9     54.0 2021 12 28  6 35 41.580  0.00   1
   110187  40.575069 -124.197184    18.924     2967.0     2758.1    -2503.1     38.5     21.3     42.6 2021 12 31 13 31 14.620  0.00   1
   110188  40.575146 -124.197738    18.939     2920.1     2766.6    -2487.9     37.9     20.9     42.0 2022  1  1 22 14 38.120  0.00   1
   110189  40.575045 -124.197152    18.909     2969.8     2755.3    -2518.3     38.8     21.2     42.7 2022  1  2 11 16 33.460  0.00   1
   110190  40.572831 -124.163257    19.132     5840.4     2509.5    -2294.9     67.4     27.7     46.9 2022  4 25  2 10 11.700  0.00   1
   110191  40.574638 -124.190715    18.801     3514.9     2710.2    -2626.0     40.8     20.8     43.5 2022  9  1 20 43  2.920  0.00   1
   110199  40.508720 -124.399723    22.626   -14192.8    -4609.7     1198.8     37.4     47.5     60.7 2021 12 31 17  2 13.380  0.00   1
   110209  40.595772 -124.099495    24.732    11238.4     5057.0     3304.4     15.6     18.1     16.8 2022  4  2 19 46 56.000  0.00   1
   110211  40.515735 -124.443091    18.077   -17866.4    -3830.7    -3350.3      9.7      8.4     18.6 2022  4  3 10 39 47.080  0.00   1
   110231  40.516195 -124.437288    18.956   -17374.7    -3779.7    -2471.5      7.1      9.8     11.3 2022  5 14 20  9 30.640  0.00   1
   110234  40.534029 -124.243107    19.961     -922.4    -1799.2    -1466.1     28.1     15.3     15.2 2022  5 25  9 25 42.220  0.00   1
   110250  40.520744 -124.407007    21.214   -14808.6    -3274.5     -212.8     16.8     14.8     21.1 2022  7  2 10 23 23.100  0.00   1
   110253  40.594417 -124.113590    18.576    10045.0     4906.6    -2851.3     12.4      9.9     10.6 2022  7 20  6 28 50.580  0.00   1
   110254  40.595418 -124.113810    18.331    10026.4     5017.7    -3096.0      9.4      6.5     10.6 2022  8  9  7 59 33.060  0.00   1
   110255  40.598621 -124.116821    17.652     9771.2     5373.3    -3775.6      8.8      8.5     13.4 2022  8  9  8  9 40.340  0.00   1
   110266  40.538281 -124.333211    18.418    -8555.3    -1327.1    -3009.0     17.8     21.9     47.1 2022  8 30  6 25 35.480  0.00   1
   110273  40.648934 -124.012508    19.774    18596.8    10960.4    -1653.2     21.9     18.4     25.9 2022 10 28 12 43 42.000  0.00   1
   110274  40.520406 -124.436735    18.752   -17327.3    -3312.0    -2675.6     13.6     18.7     30.3 2022 10 29 20 38 50.780  0.00   1
   110275  40.513326 -124.433700    20.673   -17071.0    -4098.2     -754.7     15.4     21.6     29.9 2022 10 30  3 34  2.660  0.00   1
   110276  40.519080 -124.438346    19.303   -17464.0    -3459.3    -2124.1     14.5     14.7     21.8 2022 11 12 10 31 42.840  0.00   1
   110279  40.517236 -124.432804    19.759   -16994.7    -3664.0    -1668.4     11.6     10.7     15.3 2022 11  2 16 39 30.260  0.00   1
   110282  40.525199 -124.424577    19.513   -16296.7    -2779.7    -1913.8     48.0     34.2     50.2 2022 11 15 17 48 18.560  0.00   1
   110296  40.581840 -123.985555    20.570    20888.6     3509.9     -857.3     22.5     14.1     17.0 2022 12 22  3  8  5.860  0.87   1
   110298  40.534965 -124.272835    11.687    -3440.8    -1695.3    -9740.2     14.7      7.2      8.1 2023  1 17 13 54 45.520  1.24   1
   110302  40.565946 -124.129175    21.959     8727.2     1745.0      532.0     27.6     20.4     31.3 2022 12 24  0 35 18.890  0.89   1
   110303  40.488057 -124.497616    23.997   -22490.7    -6904.2     2570.1     17.5     17.0     17.7 2022 12 20 12 25 25.380  2.43   1
   110305  40.434757 -124.602401    24.024   -31382.9   -12822.9     2597.0     11.4     21.9     49.3 2023  4  2 11 44 21.610  2.51   1
   110307  40.527368 -124.417334    23.297   -15682.8    -2538.9     1869.5     19.3     19.6     21.5 2023  3  9  9 11 18.070  1.00   1
   110308  40.576819 -123.877205    22.355    30065.3     2952.4      928.1     17.2     16.9      9.9 2022 12 21 19 21 21.160  1.21   1
   110311  40.539990 -124.494328    23.967   -22203.5    -1137.3     2540.0     25.1     23.5     26.1 2023  2  6  9 53 42.140  2.82   1
   110326  40.577218 -124.242236    19.982     -848.4     2996.6    -1444.9     37.8     26.9     49.4 2023  4 26 22 23  7.880  0.79   1
   110327  40.621082 -123.948625    21.513    24009.1     7867.5       86.1      7.1      9.5      9.9 2022 12 21  8 59 40.650  1.14   1
   110330  40.585217 -123.914307    25.865    26921.6     3885.0     4437.8     23.9     14.6     30.5 2023  5 27  2 45 49.750  0.87   1
   110334  40.620544 -124.313916    20.565    -6916.6     7807.9     -861.8     14.1      9.6     25.4 2023  2 22  6 20 25.080  1.45   1
   110341  40.562565 -124.132259    22.468     8466.2     1369.5     1040.6      4.9      4.2      8.9 2023  1  5 14 47  6.170  2.14   1
   110346  40.538908 -123.889616    23.135    29022.4    -1257.5     1707.3     19.1     25.0     25.5 2023  5 28  1 45 53.620  1.36   1
   110354  40.509892 -124.421086    24.165   -16002.7    -4479.6     2737.9     14.3     14.7     29.1 2023  4 14  1 57  6.610  1.17   1
   110355  40.518579 -124.492472    15.897   -22049.9    -3514.9    -5530.0     10.1     11.7     24.1 2023  2 16 22 15  2.800  1.44   1
   110359  40.751449 -123.980648    21.698    21277.4    22344.2      270.7     28.4     23.2     16.8 2022 12 22  4 53 56.390  0.79   1
   110365  40.528088 -124.234416    17.710     -186.1    -2458.9    -3717.7     27.3     16.6     23.0 2022 12 20 12 37 22.690  1.44   1
   110367  40.551526 -123.974251    21.394    21850.8      143.7      -33.3     12.7      5.6     10.4 2022 12 25  1 20 33.690  1.82   1
   110368  40.607100 -123.978947    22.009    21444.2     6315.0      581.5     25.1     23.1     24.5 2023  2 14  3 52  7.700  1.37   1
   110370  40.695378 -123.898372    22.392    28247.8    16117.8      965.1     53.9     47.9     48.7 2022 12 21  4 44 13.820  1.30   1
   110373  40.664185 -123.991683    26.628    20357.2    12653.9     5201.2     57.4     30.4     90.5 2022 12 20 23 58 39.800  0.88   1
   110374  40.753125 -123.868083    20.806    30797.5    22530.3     -621.0     12.8     15.5     10.9 2022 12 22  4 46 28.990  1.00   1
   110378  40.592403 -124.050252    22.221    15408.5     4682.9      793.5     19.8     16.2     27.0 2022 12 21 18 52 28.640  1.06   1
   110379  40.519027 -124.421712    18.242   -16054.7    -3465.2    -3185.0     16.5     20.9     24.3 2022 12 22  9 21 28.530  1.40   1
   110382  40.542440 -124.064022    19.376    14247.8     -865.3    -2051.6     11.9     10.1      9.5 2022 12 26  5 31 21.180  1.08   1
   110385  40.593420 -124.085897    19.227    12390.1     4795.9    -2200.4      7.4      5.5      9.8 2022 12 23  0 19 22.520  0.90   1
   110387  40.533712 -124.383789    25.135   -12840.3    -1834.5     3707.7     21.2     13.9     20.5 2023  1 28 23 56 58.200  3.85   1
   110388  40.508757 -124.448047    14.532   -18287.3    -4605.7    -6894.9     19.4     11.0     18.6 2022 12 31 10 20 40.360  1.04   1
   110390  40.640112 -123.988607    25.947    20621.3     9980.8     4519.8     13.1      7.9     15.8 2023  1 17  5 14  2.510  1.84   1
   110391  40.588236 -124.196859    21.865     2994.3     4220.2      437.8     26.0     24.3     40.4 2022 12 23  0 35 44.600  1.56   1
   110392  40.512659 -124.422599    17.992   -16130.6    -4172.3    -3435.1     18.8     18.7     48.6 2023  1  1 12 19 44.130  1.25   1
   110395  40.554692 -124.216382    16.705     1341.4      495.2    -4722.6      7.4      7.5     14.1 2022 12 20 23 19 53.720  1.40   1
   110396  40.536133 -124.260677    18.199    -2410.8    -1565.6    -3227.9     22.3     17.8     24.5 2022 12 24 20  6  9.180  0.83   1
   110399  40.530249 -124.411507    17.920   -15188.8    -2219.0    -3507.2     21.5     16.1     34.8 2022 12 20 10 44 46.730  2.70   1
   110400  40.562126 -124.048893    23.187    15527.1     1320.7     1759.4     42.1     34.8     57.1 2022 12 25  4 33 20.570  0.83   1
   110404  40.560938 -124.015299    21.944    18372.6     1188.8      516.3     23.9     15.4     23.0 2022 12 27  0 23 33.800  1.12   1
   110406  40.593351 -124.107194    19.564    10586.8     4788.2    -1863.3     11.6     14.6     16.0 2023  1 11  3 23 18.830  1.45   1
   110408  40.610392 -123.847900    27.520    32539.0     6680.5     6092.7     13.7     11.6     11.2 2023  2 12 20 12 15.900  2.47   1
   110409  40.516890 -124.417033    20.710   -15658.5    -3702.4     -717.0     23.0     35.9     55.8 2022 12 21 22  8 58.660  1.39   1
   110412  40.573470 -124.074325    19.679    13372.0     2580.5    -1748.3      9.5     11.6     12.8 2022 12 26  7 30 25.960  0.98   1
   110417  40.551526 -123.976367    21.485    21671.6      143.7       58.1      9.7     16.1      7.3 2022 12 24 12 43  0.520  1.06   1
   110422  40.621802 -124.304451    19.991    -6115.2     7947.5    -1435.1      9.3      7.3     13.4 2022 12 29 13 40 18.010  1.27   1
   110423  40.504240 -124.334798    18.719    -8691.9    -5107.2    -2708.5     14.5     12.5     12.9 2023  2 17 12 38 36.270  0.88   1
   110429  40.593681 -124.013835    22.472    18492.1     4824.8     1044.3     13.8     11.0     13.4 2022 12 22  9 28 37.970  0.68   1
   110431  40.601042 -124.109025    23.075    10431.1     5642.2     1647.3     33.1     14.4     17.2 2022 12 21 17 59 17.620  1.95   1
   110432  40.496537 -124.456738    26.452   -19025.4    -5962.5     5024.3     17.5     16.2     23.1 2022 12 22  1 13 30.130  2.71   1
   110434  40.512183 -124.463452    19.059   -19592.1    -4225.2    -2367.9     17.4     17.9     28.0 2022 12 21 18 26 29.520  1.33   1
   110435  40.532780 -124.380192    24.871   -12535.7    -1938.0     3444.0     11.1     17.0     20.7 2023  1 28 20  7 39.900  1.24   1
   110436  40.475741 -124.533993    23.733   -25575.7    -8271.9     2306.0      9.2     21.5     19.0 2023  2 18  0 47 37.880  1.15   1
   110439  40.473364 -124.429980    19.789   -16760.9    -8535.8    -1637.8     10.2      8.6     11.9 2023  1 27 16 28 41.960  1.01   1
   110442  40.570658 -123.951156    21.852    23803.7     2268.3      425.1     16.2     20.5     24.5 2022 12 20 18 48 54.600  0.91   1
   110443  40.579537 -124.181535    18.755     4292.2     3254.2    -2672.7     49.0     38.0     77.3 2022 12 21 21 55 10.140  0.79   1
   110444  40.503227 -124.504419    27.362   -23064.7    -5219.7     5935.1     16.4     19.0     17.6 2022 12 23 21 41 55.000  1.21   1
   110445  40.525411 -124.388468    23.585   -13237.5    -2756.3     2157.8     10.6      8.6      9.2 2022 12 21  8  6 55.910  1.80   1
   110447  40.563302 -124.017497    22.675    18186.1     1451.3     1247.7     17.4     12.4     12.4 2022 12 24 19 37 36.120  1.39   1
   110448  40.596729 -124.126904    21.694     8917.5     5163.2      266.8     31.9     15.8     22.4 2023  1 31 13 12 49.420  1.12   1
   110452  40.545687 -124.192554    27.570     3359.9     -504.7     6142.9     13.1     15.4     21.5 2022 12 20 23 25 36.340  1.09   1
   110453  40.509530 -124.473966    17.754   -20483.3    -4519.8    -3673.4     16.3     18.4     24.4 2022 12 21 12  8  6.020  1.11   1
   110454  40.464697 -123.817757    23.046    35129.0    -9498.2     1618.9     13.5     18.9     23.6 2022 12 21 13 41 59.550  0.69   1
   110455  40.533280 -124.420345    16.316   -15937.2    -1882.4    -5111.4     36.0     44.4     74.9 2022 12 23 13  9 40.300  0.89   1
   110458  40.621480 -124.310319    20.186    -6612.0     7911.8    -1241.5      8.5      3.4     12.4 2023  2 14  6 32 28.460  1.23   1
   110462  40.585465 -124.439136    23.805   -17522.3     3912.5     2377.7     12.4     12.7     17.6 2023  4 22 17 56 13.080  1.37   1
   110464  40.587980 -124.427010    23.195   -16495.1     4191.8     1768.2     10.2      9.5     14.5 2023  2 13 21 32 14.280  2.09   1
   110466  40.531685 -124.392936    15.570   -13615.4    -2059.5    -5856.8     24.9     27.4     42.3 2022 12 22  0 27 26.630  0.83   1
   110467  40.528792 -124.424976    26.689   -16330.0    -2380.8     5261.4     16.6     15.4     20.2 2022 12 22  3 58 10.660  0.90   1
   110468  40.527856 -123.977783    20.336    21555.4    -2484.7    -1091.5     24.1     25.6     19.0 2022 12 24  1 17 32.850  0.88   1
   110470  40.537085 -124.358114    16.992   -10664.9    -1459.9    -4435.3     20.3     15.8     28.3 2023  3 29  5  5 59.480  1.47   1
   110474  40.472664 -124.449219    21.075   -18391.5    -8613.5     -352.4     16.6     22.0     21.3 2022 12 20 12 14 11.380  2.27   1
   110475  40.584342 -124.352661    28.053   -10199.5     3787.8     6625.4     16.0     15.9     23.8 2022 12 21 15  8 37.620  1.85   1
   110476  40.536751 -124.407349    28.174   -14835.8    -1497.0     6746.5      7.6      6.4     13.8 2022 12 20 13 24 12.330  1.51   1
   110477  40.611194 -123.937826    21.787    24925.2     6769.5      359.5     12.3     10.6     17.0 2023  1  3  7 18 42.400  0.99   1
   110479  40.534603 -124.360050    17.128   -10829.2    -1735.5    -4299.1     20.5     17.3     24.6 2022 12 26  2  4 21.800  1.88   1
   110480  40.558024 -124.251953    23.161    -1671.5      865.3     1733.3     18.7     15.1     21.2 2022 12 21  2 56 11.820  1.60   1
   110481  40.490812 -124.466154    18.388   -19824.1    -6598.3    -3038.8     22.5     22.8     39.0 2023  4  5 14 51 18.340  1.34   1
   110482  40.584224 -123.921224    21.728    26336.0     3774.7      301.1     21.2     20.0     26.5 2022 12 21 19 52  6.360  0.64   1
   110484  40.525098 -124.419328    19.668   -15852.0    -2791.0    -1759.7     21.1     26.0     24.2 2022 12 25  4  3 37.800  0.93   1
   110487  40.753467 -123.850513    20.571    32283.5    22568.3     -856.0     25.0     17.9     19.7 2022 12 20 14 11  0.150  2.57   1
   110488  40.478642 -124.457935    19.431   -19129.3    -7949.8    -1996.4      9.8      7.6     11.1 2023  2 18  9 18 28.190  1.40   1
   110489  40.518823 -124.425081    19.279   -16340.2    -3487.8    -2148.2     14.0     20.8     21.9 2022 12 29  9 57 25.630  1.27   1
   110494  40.523804 -124.416406    17.695   -15604.6    -2934.7    -3732.1     25.3     25.3     46.0 2023  3  5 20 14 19.720  1.28   1
   110496  40.504000 -124.446322    17.845   -18141.7    -5133.9    -3581.9     24.3     26.6     39.1 2022 12 30 12 51 54.870  1.14   1
   110497  40.574068 -124.097306    22.658    11425.7     2646.9     1231.2     17.5     10.6     11.8 2022 12 31 14 27 57.700  1.02   1
   110501  40.467786 -124.508993    23.985   -23458.3    -9155.3     2557.4     16.3     26.5     89.6 2022 12 30 21 43 18.320  2.12   1
   110506  40.606995 -124.077433    20.268    13105.5     6303.2    -1158.8     36.6     18.1     35.0 2022 12 20 21 47 48.880  1.10   1
   110507  40.528886 -124.396053    17.979   -13879.7    -2370.4    -3448.6     23.3     22.7     32.1 2022 12 21 10 16 11.430  0.70   1
   110508  40.612073 -124.093254    18.082    11765.6     6867.1    -3344.9     22.8     19.7     42.4 2022 12 30  9  0 39.550  1.14   1
   110509  40.574101 -124.277694    23.598    -3851.3     2650.5     2171.1     24.5     28.9     31.2 2023  1  2  8  1 22.300  0.77   1
   110510  40.496830 -124.432397    25.006   -16962.8    -5930.0     3578.9     11.5     22.1     30.3 2023  1  2  8 25 11.060  1.28   1
   110511  40.631551 -124.020435    23.343    17928.2     9030.1     1916.1     23.1     15.5     21.4 2022 12 21  4 15 19.850  2.45   1
   110512  40.509273 -124.336019    19.090    -8795.0    -4548.3    -2337.7      8.1      6.8      9.1 2022 12 21 17 35 50.480  1.40   1
   110513  40.523161 -124.413517    18.939   -15359.9    -3006.1    -2487.9     26.6     23.0     34.9 2022 12 20 15  4 50.680  1.42   1
   110515  40.540739 -124.231421    21.666       67.6    -1054.2      238.9     34.2     24.6     26.9 2023  1 11 13 29 12.060  1.57   1
   110517  40.597074 -124.086702    23.487    12321.6     5201.6     2060.1     35.1     18.8     24.1 2023  3 12  6 43 46.740  0.89   1
   110518  40.522648 -124.434106    18.272   -17104.3    -3063.1    -3155.7     15.4     13.8     25.2 2022 12 20 10 43 39.300  2.63   1
   110519  40.576115 -124.143465    22.407     7516.4     2874.2      979.6     34.8     13.8     19.6 2022 12 20 23 22 14.760  1.65   1
   110521  40.570166 -124.160254    23.177     6094.8     2213.6     1750.1     29.7     20.3     25.7 2022 12 23  1 11 44.550  1.32   1
   110522  40.644141 -124.086475    23.260    12336.6    10428.1     1833.2     15.3      6.6      3.9 2022 12 20 18 48 15.520  0.97   1
   110523  40.510994 -124.490299    23.420   -21867.0    -4357.1     1992.7     28.1     33.6     40.5 2022 12 21  1  7 33.310  3.25   1
   110524  40.609440 -124.080062    17.610    12882.7     6574.8    -3817.7     19.5     18.7     21.3 2022 12 21  9 31  7.840  1.25   1
   110525  40.618766 -124.082422    18.040    12682.0     7610.4    -3386.8     26.4     17.3     23.9 2022 12 26  7 21 10.390  0.93   1
   110526  40.489270 -124.510881    15.518   -23614.6    -6769.5    -5908.9     17.4     20.3     21.7 2023  2 18 20 58 10.920  1.67   1
   110527  40.522095 -124.440218    19.408   -17622.2    -3124.5    -2019.6     17.4     18.7     24.4 2022 12 22  3 55 53.820  1.44   1
   110529  40.553263 -124.256681    24.396    -2072.1      336.6     2969.2     14.7      6.8     30.9 2023  5 18 13 21 36.440  0.56   1
   110530  40.620101 -124.070028    15.942    13731.2     7758.6    -5485.0     29.7     19.1     22.6 2022 12 22  4 49 54.170  0.84   1
   110531  40.533773 -124.350024    18.646    -9979.9    -1827.7    -2781.3     16.5     11.7     21.4 2022 12 20 19 16  2.640  1.29   1
   110532  40.544515 -124.342497    16.425    -9341.5     -634.8    -5002.6     14.1     15.2     10.4 2022 12 23  4  9 55.040  1.00   1
   110533  40.652983 -124.056258    15.837    14893.3    11410.0    -5590.0      7.8      6.0      9.9 2022 12 21 11 50 10.940  0.78   1
   110534  40.528512 -124.403125    19.676   -14478.9    -2411.9    -1751.6     30.3     31.3     45.6 2023  1  4 16 29 55.050  1.61   1
   110535  40.523710 -124.412093    18.372   -15239.2    -2945.1    -3055.1     17.1      9.5     22.3 2022 12 22 10 55 51.720  0.98   1
   110537  40.610783 -124.080518    23.403    12844.0     6723.9     1976.1     44.3     26.8     33.8 2022 12 21 16 28 15.660  3.99   1
   110539  40.523625 -124.343970    18.781    -9467.7    -2954.6    -2646.0     22.2     27.2     27.8 2022 12 25  8 22 48.250  0.72   1
   110541  40.580371 -124.191357    18.761     3460.3     3346.8    -2666.0     25.6     16.4     24.8 2023  2 18  6 52 19.650  1.07   1
   110542  40.578385 -124.190845    18.409     3503.8     3126.3    -3018.1     52.1     26.1     61.8 2022 12 20 17 56  5.920  1.14   1
   110544  40.598238 -124.190324    19.950     3547.4     5330.9    -1476.9     50.4     22.9     45.2 2023  3 21 22 51 34.760  0.98   1
   110546  40.503780 -124.449251    18.943   -18390.0    -5158.3    -2484.3     19.3     21.2     33.5 2022 12 27  1 23 41.520  0.94   1
   110547  40.615190 -123.924797    21.262    26027.5     7213.3     -165.1     15.1     17.8     34.3 2022 12 20 23 36 50.880  1.00   1
   110549  40.543213 -124.056071    19.758    14921.3     -779.4    -1669.4      9.9     12.9      6.8 2022 12 21  4 18 46.220  2.04   1
   110551  40.614461 -124.092114    18.019    11861.8     7132.4    -3407.9     29.4     10.0     22.3 2023  2 17 11 16 14.330  1.12   1
   110553  40.525460 -123.916886    20.591    26715.0    -2750.8     -836.1     13.6     11.5     12.0 2022 12 25  0 34  1.910  0.77   1
   110554  40.549666 -124.243717    18.218     -974.0      -62.8    -3209.2     24.3     12.4     19.7 2022 12 21  0  5 31.440  1.34   1
   110556  40.499154 -124.433374    23.567   -17045.2    -5672.0     2140.0      9.1     10.3     14.2 2023  2 25 14 23 27.120  1.53   1
   110559  40.614144 -124.130908    20.973     8577.4     7097.1     -454.1     31.9     18.5     32.9 2023  3 13  0 48 17.330  0.83   1
   110560  40.627767 -123.926465    21.589    25883.8     8609.9      161.5     28.2     23.0     24.5 2023  2  2  2 38 55.900  1.60   1
   110561  40.618978 -123.889705    22.976    28997.6     7633.9     1548.4     24.9     19.2     32.0 2022 12 20 17 35 32.520  1.17   1
   110564  40.597896 -124.113989    15.395    10011.0     5292.9    -6032.0     36.3     37.1     51.2 2022 12 24  4 18 59.420  0.99   1
   110566  40.609558 -124.114535    18.035     9964.0     6587.9    -3392.3     28.4     18.1     12.6 2022 12 22  5 24 44.100  2.65   1
   110568  40.499858 -124.471720    15.760   -20294.5    -5593.8    -5666.9     18.0     19.7     34.4 2023  3 22 19 35 25.080  1.32   1
   110569  40.646899 -124.022396    18.325    17760.2    10734.5    -3102.7     15.1     10.4     14.6 2023  1  2  9 44 23.910  0.93   1
   110570  40.601912 -124.125374    20.371     9046.7     5738.9    -1056.1     14.2     18.2     27.1 2022 12 22  6 14 22.080  1.10   1
   110572  40.531641 -124.244710    19.021    -1058.3    -2064.5    -2406.4      7.3      9.9     12.5 2023  1  1 22 18 52.920  1.17   1
   110574  40.627694 -124.096037    19.947    11528.6     8601.8    -1479.8     17.9     15.0     20.0 2022 12 21 22 33 49.080  1.00   1
   110575  40.578988 -124.157243    26.817     6349.4     3193.2     5389.5     73.5     33.8     43.1 2022 12 23  1 10  6.400  0.80   1
   110577  40.616134 -124.230786    23.962      121.3     7318.1     2534.3     27.7     23.5     29.8 2022 12 25 19 13 28.400  0.95   1
   110578  40.568347 -124.143994    21.691     7472.0     2011.6      263.7     26.7     13.3     21.0 2022 12 20 20 26 41.720  2.13   1
   110579  40.520732 -124.351042    21.886   -10067.1    -3275.9      458.9     15.3     12.5     14.5 2022 12 21  8 58 34.030  0.97   1
   110580  40.612297 -124.046883    23.284    15691.5     6892.0     1857.2     28.5     21.1     30.3 2023  1  3  4 53 49.540  1.15   1
   110581  40.568197 -124.235384    20.336     -268.1     1994.9    -1091.2     45.5     17.9     39.0 2023  5 28 11 38 43.770  1.07   1
   110582  40.563757 -123.935555    22.055    25126.2     1501.9      627.9     10.7     10.6     15.4 2022 12 21 23 36 17.240  1.23   1
   110586  40.524174 -123.899552    20.009    28183.8    -2893.6    -1418.0     15.5     11.6     16.3 2022 12 22  5 36 49.910  0.70   1
   110587  40.606051 -123.914437    25.135    26906.4     6198.4     3707.6      9.4     10.6      8.5 2022 12 20 10 48 38.300  2.65   1
   110588  40.596895 -124.116618    18.208     9788.5     5181.8    -3219.0      8.5      8.4     10.5 2022 12 22  7 50 48.720  1.53   1
   110589  40.533118 -124.050456    19.495    15398.1    -1900.5    -1932.0     12.1      8.0      8.8 2022 12 21  0 13 29.150  1.50   1
   110590  40.652454 -123.882585    26.479    29593.1    11351.2     5051.5     29.0     31.6     60.6 2022 12 23 19 10 35.240  1.06   1
   110591  40.586096 -124.060010    21.062    14583.0     3982.6     -365.4     23.1     25.6     28.0 2022 12 25 22 34 55.360  0.82   1
   110592  40.618473 -124.077205    17.680    13123.7     7577.9    -3747.5     25.9     16.1     24.5 2023  1 18  8 28 49.360  0.92   1
   110594  40.558667 -123.937215    21.114    24986.6      936.7     -313.5     20.8     19.5     25.8 2022 12 21  0 45 40.230  1.26   1
   110595  40.592049 -124.326790    21.351    -8008.2     4643.6      -76.5      7.7      7.5      7.4 2022 12 20 10 52 39.340  3.28   1
   110596  40.541044 -124.338387    17.701    -8993.6    -1020.3    -3726.5     20.7     15.8     28.2 2022 12 29  7 31 23.150  0.85   1
   110597  40.621773 -124.081974    19.927    12719.6     7944.3    -1498.9     21.4     26.4     28.8 2022 12 20 21 24 28.880  0.90   1
   110598  40.598307 -124.102230    23.073    11006.7     5338.5     1645.9     29.1     12.5     17.8 2022 12 26  1 46  3.150  1.45   1
   110600  40.523250 -124.392350    14.872   -13566.6    -2996.2    -6555.4     51.1     36.2     83.3 2022 12 20 19 51  5.480  1.33   1
   110604  40.574878 -123.944246    20.541    24388.1     2736.8     -886.1     29.3     23.6     38.6 2022 12 21 17  1 49.600  1.16   1
   110605  40.517179 -124.432210    18.030   -16944.4    -3670.3    -3397.6     23.2     38.7     69.0 2022 12 22  7 33 35.520  1.14   1
   110607  40.660116 -124.017155    18.609    18202.0    12202.1    -2818.5     19.3     18.3     25.3 2022 12 21 14 33 24.290  1.52   1
   110608  40.643156 -124.026799    18.358    17388.0    10318.8    -3069.4     24.4     17.6     24.8 2022 12 25 12 29 55.020  1.64   1
   110609  40.575627 -124.154614    23.263     6572.2     2820.0     1835.4     36.6     24.1     33.5 2022 12 20 19 19  0.120  1.41   1
   110611  40.551103 -124.240316    18.374     -685.9       96.7    -3053.3     24.3     22.2     20.0 2022 12 21 12 21 21.680  0.97   1
   110613  40.665503 -123.886084    22.911    29294.1    12800.3     1484.0     23.7     20.3     15.8 2022 12 27 17 40  9.980  1.83   1
   110614  40.551050 -124.315308    20.276    -7038.0       90.8    -1151.0     47.0     25.9     46.9 2023  2 15 14 26 55.060  2.21   1
   110615  40.580225 -124.133683    22.191     8344.5     3330.5      763.9     25.8     18.9     24.4 2022 12 21  9 48 30.660  1.09   1
   110618  40.603731 -123.980737    22.611    21293.2     5940.9     1183.5     14.4     16.8     17.3 2022 12 20 23 30 29.600  1.04   1
   110619  40.599304 -123.917139    21.784    26679.0     5449.2      357.2     13.3     16.3     17.2 2022 12 22  4 23  9.220  0.67   1
   110620  40.601025 -123.893351    24.933    28692.8     5640.4     3506.2     19.7     14.5     30.5 2022 12 25 16 15  8.400  1.07   1
   110622  40.603748 -124.102596    15.626    10975.3     5942.7    -5801.1      9.3      8.1      3.8 2022 12 28  9 46 28.530  1.31   1
   110623  40.594763 -124.155892    22.917     6463.1     4945.0     1490.0     40.6     17.0     43.1 2022 12 30  9 23 12.150  1.07   1
   110624  40.609509 -124.111597    18.242    10212.7     6582.5    -3185.4     27.9     11.7     18.2 2023  4  2 23  2 20.160  1.02   1
   110625  40.551261 -124.072852    18.973    13499.0      114.3    -2454.5     15.4      9.0     14.4 2022 12 20 21 22 52.960  1.20   1
   110626  40.558777 -124.020044    21.841    17971.0      948.9      413.6     25.5     18.1     23.8 2022 12 24 20 57 12.400  1.30   1
   110627  40.591711 -124.194002    22.074     3236.1     4606.1      646.3     14.9     17.1     27.9 2022 12 20 16 59 23.800  1.39   1
   110628  40.550639 -123.884497    22.188    29453.5       45.2      760.8      9.7      8.0      5.3 2022 12 25  6 37 31.440  1.50   1
   110629  40.583044 -124.241813    23.874     -812.5     3643.7     2446.8     41.5     29.9     70.8 2023  2  2  2 53 51.230  0.90   1
   110630  40.601717 -124.110360    15.240    10318.1     5717.2    -6187.0     20.9     15.1     20.3 2022 12 22  6 38 46.920  0.92   1
   110631  40.600456 -123.998340    19.901    19803.2     5577.1    -1526.2     28.0     19.3     19.0 2022 12 22  6 27  3.370  1.14   1
   110633  40.512317 -124.451074    24.412   -18543.3    -4210.3     2984.6      7.6      7.1     24.0 2022 12 20 11 23 42.960  2.53   1
   110634  40.613057 -124.081616    15.729    12750.8     6976.5    -5698.1     31.0     21.3     28.2 2023  1  3  7 23 30.820  1.13   1
   110635  40.548503 -124.048055    22.697    15599.7     -192.0     1269.7     13.9     15.4     12.3 2022 12 24  7 16 44.450  1.51   1
   110636  40.579940 -124.220386    18.926     1002.1     3298.9    -2501.0     41.1     25.1     59.7 2023  5  5 10 50 40.220  0.86   1
   110637  40.544539 -124.335270    17.340    -8729.3     -632.1    -4087.0     25.7     21.4     33.6 2022 12 25 12 21 40.770  1.90   1
   110638  40.586153 -124.150513    23.970     6919.0     3988.9     2542.5     20.3     28.3     27.9 2022 12 21 19 17 30.720  1.31   1
   110641  40.643905 -123.998364    18.705    19794.8    10401.9    -2722.4     12.1      7.5     16.2 2022 12 25  9 11 59.060  0.70   1
   110643  40.539742 -123.911019    22.801    27209.2    -1164.9     1373.3     11.8     10.0     18.2 2023  2 16 18  3 27.440  1.53   1
   110644  40.563143 -123.978931    23.706    21452.6     1433.7     2278.8     18.2     10.0     11.9 2023  2 13  5 45 35.220  1.23   1
   110646  40.574866 -124.423535    23.213   -16202.4     2735.5     1785.3     13.0     10.7     10.8 2023  2  6 20 12  2.580  1.35   1
   110647  40.566789 -124.146720    21.794     7241.2     1838.6      367.0     33.1     16.4     21.5 2022 12 20 19  6 23.200  1.47   1
   110649  40.520736 -124.357259    22.675   -10593.8    -3275.4     1247.9     19.2     22.3     22.9 2022 12 25 23 13 35.000  1.83   1
   110650  40.702181 -123.952759    22.077    23644.8    16873.2      649.5     29.8     24.5     31.0 2022 12 26  9 16 16.030  1.67   1
   110651  40.612964 -123.824699    26.974    34502.7     6966.1     5547.2     27.7     20.6     22.3 2023  4  8  3  4 20.710  1.95   1
   110652  40.517517 -124.441325    14.917   -17716.6    -3632.8    -6510.3     35.7     48.1    103.8 2023  2  8 14 16 55.210  1.31   1
   110653  40.532454 -124.404655    17.278   -14608.1    -1974.1    -4149.0     28.2     17.9     38.5 2022 12 26  8 29 16.340  0.84   1
   110654  40.593245 -124.009188    23.215    18885.7     4776.5     1787.8     33.3     18.9     25.6 2022 12 24 22 12 36.600  2.10   1
   110655  40.566663 -124.022892    22.468    17728.7     1824.5     1040.5     14.6     17.8     11.5 2023  4 30 12 38 22.840  0.62   1
   110656  40.584558 -124.193075    25.998     3314.8     3811.8     4570.8     26.6     25.7     49.5 2023  1 20 22  9 26.880  0.94   1
   110660  40.538888 -124.341016    16.500    -9216.4    -1259.7    -4926.9     21.5     15.9     23.9 2022 12 31 15  5 32.620  1.28   1
   110663  40.580416 -123.955225    24.401    23457.4     3351.8     2974.2      9.6      7.9      6.6 2022 12 21 22 26 11.040  1.39   1
   110664  40.552987 -123.975781    20.882    21721.0      305.9     -545.7     13.5     16.5     16.2 2022 12 20 16  1 13.350  1.61   1
   110665  40.488590 -124.514795    16.513   -23946.4    -6845.0    -4914.3     28.3     22.8     62.5 2023  4  6  4 40 19.060  0.75   1
   110666  40.498800 -124.469385    18.046   -20096.7    -5711.3    -3381.0     19.9     19.2     37.1 2022 12 29  8 32 33.620  1.49   1
   110667  40.598800 -124.327913    20.785    -8102.9     5393.2     -642.5     11.2     11.6     26.8 2022 12 25  7 56 23.340  0.72   1
   110671  40.585177 -124.097111    23.287    11441.2     3880.4     1859.8     34.6     17.3     24.4 2022 12 20 23  1 57.840  1.31   1
   110672  40.538928 -124.346615    18.357    -9690.7    -1255.2    -3070.4     26.9     21.3     21.8 2023  4 15  0  7  1.200  0.77   1
   110673  40.584782 -124.225610    22.878      559.6     3836.6     1451.0     67.3     40.5     58.3 2022 12 21 16 59 16.830  0.92   1
   110674  40.552405 -124.224699    17.761      636.9      241.3    -3665.9     23.2     14.5     21.2 2022 12 23  5  1 13.690  1.08   1
   110675  40.703756 -123.930884    22.395    25495.4    17048.1      967.8     18.2     15.9     12.9 2022 12 22 16 21 35.960  1.66   1
   110676  40.480334 -124.406470    19.729   -14767.5    -7761.8    -1698.0     12.2     19.8     24.3 2023  1 30 10 56 56.600  0.99   1
   110677  40.511499 -124.440413    17.205   -17640.1    -4301.1    -4222.3     23.6     24.1     35.6 2022 12 23  0 10 35.700  1.04   1
   110678  40.517257 -124.427555    17.146   -16550.0    -3661.8    -4281.5     13.3     14.4     23.7 2023  1  8  2 15 56.440  1.14   1
   110679  40.510404 -124.439038    17.580   -17523.7    -4422.7    -3846.8     22.5     20.1     24.7 2023  4 20 15 36 20.100  0.92   1
   110681  40.638342 -123.912118    21.319    27096.3     9784.2     -108.3      8.9      5.1      5.7 2022 12 21  2 53 42.600  1.60   1
   110683  40.503491 -124.454484    19.018   -18833.4    -5190.3    -2408.8     22.0     24.8     28.0 2022 12 21  8 21  0.830  1.29   1
   110685  40.528088 -124.378402    23.524   -12384.4    -2458.9     2097.1     47.7     38.8     45.7 2023  1 29  2 21 34.040  0.86   1
   110686  40.548710 -124.308537    17.918    -6464.6     -169.0    -3509.3     52.9     26.2     39.0 2022 12 20 19 42 50.340  1.43   1
   110687  40.643290 -124.054435    19.581    15048.7    10333.7    -1845.8     27.6     23.3     33.4 2022 12 26  1 31 33.690  1.21   1
   110688  40.682910 -123.882104    22.476    29627.1    14733.3     1049.2     41.2     41.2     35.2 2022 12 20 16  7 38.970  2.01   1
   110689  40.545898 -123.755965    21.754    40342.1     -481.2      326.3     13.2     23.3      9.7 2022 12 22  0 56 27.730  0.68   1
   110692  40.511060 -124.469580    21.266   -20111.4    -4349.9     -161.2     31.9     27.9     41.4 2022 12 29 10 57 23.460  1.08   1
   110694  40.515686 -124.443408    19.242   -17893.3    -3836.2    -2184.8     16.7     18.0     26.5 2022 12 29  5 31  8.470  1.04   1
   110695  40.550301 -124.224414    17.706      661.1        7.7    -3720.8      8.6      5.7      8.6 2022 12 24  5  9  2.290  1.55   1
   110697  40.572262 -124.224105    17.330      687.1     2446.3    -4096.9     29.7     19.9     28.7 2022 12 23 20 30 28.480  1.23   1
   110698  40.541907 -124.238062    18.163     -495.0     -924.5    -3264.0     20.1     13.6     22.8 2023  1 26  5 47 35.730  1.04   1
   110699  40.517623 -124.413468    16.910   -15356.4    -3621.1    -4517.0     26.0     42.5     62.1 2022 12 22  9  7 10.520  0.52   1
   110700  40.576131 -124.204215    17.404     2371.5     2876.0    -4023.7     26.1     13.8     32.5 2022 12 25  3 58 23.130  0.90   1
   110702  40.629309 -123.958683    22.230    23156.1     8781.2      802.7     28.0     21.7     14.6 2022 12 20 23 26 24.700  1.53   1
   110703  40.531372 -124.362891    16.728   -11070.1    -2094.3    -4698.9     44.6     16.9     49.8 2022 12 22 14 28 55.050  1.12   1
   110705  40.513180 -123.877295    21.654    30071.9    -4114.5      226.7     19.0     11.7     12.5 2023  3  1  0 37 17.190  1.45   1
   110706  40.559713 -123.992489    23.972    20304.8     1052.8     2545.0     21.3     21.0     20.5 2022 12 20 23 41  1.760  1.68   1
   110707  40.546004 -123.845728    22.237    32738.6     -469.5      809.7     16.2     20.5     39.8 2022 12 21 22 14 18.520  1.56   1
   110708  40.577710 -124.213656    18.007     1572.0     3051.3    -3419.9     32.2     19.5     30.1 2023  3  5  0 34 58.820  1.58   1
   110710  40.605794 -124.146167    18.438     7285.9     6169.9    -2988.9     22.6     12.6     30.9 2023  1 14  1 10 27.140  1.46   1
   110711  40.614478 -124.069076    20.200    13812.4     7134.2    -1227.1     14.2     19.2     19.8 2022 12 20 21  2 39.800  1.14   1
   110712  40.556018 -123.953304    21.963    23624.3      642.5      535.9     33.2     29.2     25.3 2023  1 10 19 11 36.040  1.34   1
   110715  40.613468 -124.102173    15.982    11010.3     7022.1    -5445.2     95.8     51.7     85.5 2022 12 20 21 22 37.100  1.23   1
   110716  40.586165 -123.886304    21.499    29292.7     3990.2       71.4     18.4     19.0     31.6 2022 12 22  1 50 13.650  0.65   1
   110717  40.608276 -124.301506    19.931    -5866.4     6445.6    -1495.9      9.9      4.7      8.5 2023  4  9 21 13 25.880  0.97   1
   110718  40.523617 -124.432560    19.386   -16973.2    -2955.5    -2041.6      8.9      7.8     18.6 2022 12 22  3 44  5.310  1.01   1
   110720  40.586365 -124.203141    20.630     2462.3     4012.4     -797.0     12.5     13.8     15.5 2022 12 21  1 23  1.660  0.93   1
   110721  40.553914 -124.303556    18.434    -6042.5      408.9    -2993.1     49.1     20.5     39.3 2022 12 20 16 43 44.910  1.41   1
   110722  40.551794 -124.296663    19.839    -5458.7      173.5    -1588.7     57.8     20.9     39.5 2022 12 20 19 45  5.720  1.04   1
   110723  40.473511 -124.543962    21.689   -26421.1    -8519.5      261.3     23.4     32.4     29.6 2022 12 22  7 29 30.560  0.68   1
   110724  40.518612 -124.344710    19.431    -9530.8    -3511.3    -1996.6     26.3     24.7     32.8 2022 12 22  8 32 21.500  0.63   1
   110725  40.546261 -124.305428    18.120    -6201.4     -441.0    -3307.7     46.4     31.5     51.1 2022 12 24 21 51 17.000  0.84   1
   110726  40.515808 -124.433089    19.585   -17019.0    -3822.6    -1842.6     24.5     38.5     36.7 2022 12 25 10 58 46.850  0.74   1
   110727  40.517330 -124.356584    19.518   -10536.9    -3653.6    -1909.1     34.5     29.5     37.0 2022 12 26 20 22  8.180  1.12   1
   110728  40.519234 -124.420288    19.435   -15934.0    -3442.2    -1992.0     16.6     23.9     23.7 2023  1  3 14 30 47.720  1.13   1
   110729  40.577258 -124.210840    17.718     1810.5     3001.2    -3709.3     19.2     20.1     22.3 2023  1  4 10 27 27.700  1.40   1
   110730  40.560059 -124.307186    22.064    -6349.6     1091.2      636.3     66.8     66.9     83.2 2023  1 27  5 50 36.430  1.31   1
   110731  40.511812 -124.440055    18.782   -17609.7    -4266.3    -2645.5     19.3     20.7     39.3 2023  3 16 18  8 14.040  1.34   1
   110735  40.534021 -124.345418    18.384    -9589.7    -1800.1    -3042.8     23.7     19.0     34.4 2022 12 20 21 52 17.400  1.04   1
   110736  40.504932 -124.334123    18.414    -8634.7    -5030.4    -3013.7     18.7     17.6     23.2 2022 12 22  5 34 15.770  1.28   1
   110737  40.523556 -124.423486    18.434   -16204.5    -2962.3    -2993.1     12.0     20.6     23.0 2022 12 22 10 19 33.470  1.21   1
   110738  40.546139 -124.314705    18.433    -6987.2     -454.6    -2994.2     44.9     24.5     54.9 2022 12 26 12 16 44.250  0.71   1
   110739  40.520850 -124.425838    18.273   -16404.0    -3262.8    -3154.1     10.7     13.5     22.1 2023  1 11  1 42 23.060  2.03   1
   110743  40.582560 -124.214762    17.933     1478.3     3589.9    -3494.0    127.8     71.2    142.3 2023  3 25 16 17 15.180  0.90   1
   110745  40.515422 -124.431340    18.657   -16870.8    -3865.5    -2769.8     14.6     20.4     25.2 2023  1 20  8 32 25.670  1.94   1
   110746  40.518197 -124.447778    20.638   -18263.2    -3557.4     -788.9     18.2     21.7     28.0 2023  2 15 19 15 16.420  1.23   1
   110747  40.544181 -124.339355    19.688    -9075.4     -671.9    -1739.7     24.1     24.1     40.8 2022 12 23 14  7  9.940  0.88   1
   110748  40.554561 -124.439046    24.861   -17518.7      480.8     3434.1     26.3     25.8     60.7 2022 12 20 15 58 21.830  1.76   1
   110749  40.499264 -124.467863    14.893   -19967.7    -5659.8    -6534.5     27.6     25.8     56.6 2022 12 26  6 35 42.200  1.15   1
   110750  40.594885 -124.118652    17.255     9616.4     4958.5    -4172.3     11.8     11.8     13.2 2023  1 14  6 13 33.720  1.13   1
   110751  40.574890 -123.987573    20.967    20718.8     2738.2     -460.7     11.1      8.9     12.0 2022 12 20 17 38 50.000  1.62   1
   110752  40.580953 -124.214355    20.752     1512.7     3411.4     -675.7     37.4     22.1     44.0 2022 12 22 21 13 37.280  0.95   1
   110753  40.526367 -124.324341    18.259    -7804.6    -2650.1    -3168.1     26.8     22.4     28.6 2022 12 22 22  2  6.300  1.11   1
   110754  40.523686 -124.357552    18.656   -10618.4    -2947.8    -2770.9     21.6     25.1     30.1 2022 12 22 22 45  9.160  1.52   1
   110757  40.524866 -124.344670    19.297    -9526.9    -2816.8    -2130.2     16.3     16.2     21.0 2022 12 28 13 28 43.290  1.64   1
   110758  40.552950 -124.236108    19.668     -329.5      301.8    -1759.6     22.4     15.0     18.9 2023  1 15 15 14  5.770  1.41   1
   110759  40.527901 -124.418945    18.671   -15819.2    -2479.7    -2756.4     34.9     43.0     62.3 2023  2 10 21  1  5.660  1.17   1
   110761  40.585360 -124.150692    22.298     6903.9     3900.8      870.3     34.6     21.2     30.3 2023  1 21 22  3  8.900  1.49   1
   110765  40.524101 -124.403703    18.158   -14528.3    -2901.7    -3269.7     24.2     22.4     34.5 2022 12 24  2 43 20.530  1.79   1
   110766  40.502824 -124.444751    17.777   -18008.8    -5264.4    -3650.4     20.3     22.8     30.9 2023  2  7 19 48  3.920  1.35   1
   110767  40.504472 -124.480851    17.970   -21067.5    -5081.4    -3456.8     17.1     16.3     36.9 2023  5  3  4 14 16.070  1.55   1
   110768  40.535657 -124.342700    18.778    -9359.3    -1618.5    -2649.2     19.1     17.8     26.1 2023  2 17 23 11 43.020  1.41   1
   110769  40.577071 -124.216300    18.478     1348.1     2980.4    -2949.1     33.9     27.1     48.8 2022 12 22 11 55 31.760  1.02   1
   110770  40.593575 -124.102165    24.944    11012.6     4813.1     3516.7     15.9     18.2     16.1 2023  1  4  8 48  8.840  1.05   1
   110771  40.514897 -124.443091    18.046   -17866.5    -3923.8    -3381.4      9.8      8.4     18.6 2022 12 21 11 33 42.730  2.09   1
   110772  40.518774 -124.421379    16.949   -16026.5    -3493.2    -4478.2     26.9     34.4     39.3 2022 12 22  1 51 31.680  0.96   1
   110774  40.516378 -124.427010    19.209   -16503.9    -3759.3    -2217.9     16.0     19.0     30.3 2022 12 22 13 45 54.290  0.88   1
   110778  40.593905 -124.093652    21.854    11733.4     4849.7      426.3     46.2     29.9     49.0 2022 12 20 13 10 43.400  0.88   1
   110780  40.514498 -124.440177    18.418   -17619.7    -3968.1    -3009.7      7.9      9.3     14.5 2023  1 27  2 38 13.190  1.41   1
   110781  40.600891 -124.022046    21.194    17795.9     5625.5     -233.0     29.7     21.8     31.3 2022 12 22  7 36 42.420  0.86   1
   110782  40.520032 -124.418758    16.746   -15804.3    -3353.6    -4681.2     20.3     20.1     30.0 2023  1 19  4 55  2.650  1.72   1
   110783  40.535807 -124.239860    19.585     -647.3    -1601.8    -1842.6     28.4     15.1     15.3 2022 12 21  9 13 55.700  1.90   1
   110785  40.601168 -124.112484    16.276    10138.2     5656.2    -5151.1     38.7     28.4     33.9 2023  3 27 13  6 21.780  0.85   1
   110786  40.515039 -124.442871    17.871   -17847.9    -3908.0    -3556.3     18.5     21.6     29.9 2022 12 21 10 46 12.660  1.82   1
   110787  40.588184 -124.183057    20.121     4163.1     4214.4    -1306.1     43.0     37.3     65.1 2022 12 22  9 24 48.500  0.91   1
   110788  40.660042 -124.007259    19.438    19039.6    12193.9    -1988.9     19.1     15.2     22.7 2022 12 22  1 16  9.260  0.66   1
   110789  40.522843 -124.416488    18.880   -15611.6    -3041.4    -2547.0     22.2     22.0     31.6 2022 12 23 19 12 41.740  1.83   1
   110790  40.569836 -124.197624    22.049     2929.9     2177.0      621.4     26.9     17.5     34.7 2022 12 24 15 43 41.860  0.86   1
   110791  40.523779 -124.411287    22.263   -15170.9    -2937.4      836.1     17.0     15.1     23.2 2022 12 21 21 14 36.000  0.82   1
   110793  40.516361 -124.411963    20.972   -15229.0    -3761.2     -455.2     24.1     27.5     28.3 2022 12 26 14 17  3.520  0.91   1
   110794  40.595536 -124.112964    18.195    10098.0     5030.8    -3232.7      8.5      6.6      9.7 2023  3 11 16 16 54.220  1.44   1
   110796  40.543852 -124.335075    17.082    -8712.8     -708.5    -4345.3     17.4     21.4     34.1 2022 12 22  1 52 50.750  1.67   1
   110797  40.520569 -124.351815    19.441   -10132.6    -3293.9    -1986.0     20.0     19.1     19.5 2022 12 24 21 53 24.440  1.63   1
   110799  40.524097 -124.404590    19.080   -14603.5    -2902.2    -2347.3     22.5     24.2     26.5 2022 12 20 10 40 17.470  2.91   1
   110801  40.558386 -124.235815    19.924     -304.7      905.5    -1503.5     27.9     16.8     20.6 2022 12 20 12 16  5.480  2.04   1
   110802  40.572290 -124.078979    19.235    12977.9     2449.5    -2191.8     21.4     17.6     15.8 2022 12 21  0 15 31.010  2.88   1
   110803  40.652079 -124.021493    18.622    17836.0    11309.7    -2805.1     23.1     18.1     35.1 2022 12 22  5 56 58.350  0.78   1
   110804  40.518701 -124.438118    19.407   -17444.7    -3501.3    -2020.5     12.7     13.5     19.5 2022 12 20 20 38 36.440  1.22   1
   110806  40.515169 -124.432389    18.737   -16959.8    -3893.5    -2690.7     11.2     10.9     23.4 2023  2  1  8 26 47.510  1.32   1
   110808  40.537724 -124.339526    17.508    -9090.3    -1389.0    -3918.9     21.9     18.7     32.3 2023  3 31  1 48 56.260  0.92   1
   110809  40.520898 -124.436410    20.967   -17299.7    -3257.3     -460.6     46.3     35.5     52.0 2022 12 22  0 38 39.810  1.01   1
   110810  40.617143 -124.081396    17.016    12769.0     7430.1    -4411.1     26.1     19.8     26.8 2023  1  4  6 36 41.150  1.09   1
   110812  40.603625 -124.139689    18.323     7834.6     5929.1    -3104.4     36.4     19.3     26.6 2023  2  2  5 38 31.180  0.92   1
