   101475  40.580412 -123.983114    20.808    21095.6     3351.3     -618.8     48.9     28.7     47.0 2020  1  4 12 29  8.640  0.00   1
   101476  40.580103 -123.982397    20.667    21156.3     3317.0     -759.8     49.1     33.6     62.9 2020  2 13 22 21 36.940  0.00   1
   101477  40.581551 -123.982243    20.958    21169.2     3477.8     -469.0     55.5     44.9    112.2 2020  3 19  1  4 26.040  0.00   1
   101481  40.580986 -123.983651    20.761    21050.0     3415.0     -666.0     41.8     26.1     50.8 2021  3 29 15 56 33.780  0.00   1
   101482  40.581067 -123.983415    20.754    21070.0     3424.1     -673.3     38.9     24.2     44.9 2021  3 29 13 44 54.940  0.00   1
   101483  40.581270 -123.983602    20.758    21054.1     3446.7     -669.5     40.1     25.3     45.1 2021  3 30 14 30 26.580  0.00   1
   101484  40.581014 -123.983203    20.771    21087.9     3418.2     -656.5     36.5     24.1     42.2 2021  3 30 16 56 58.820  0.00   1
   101487  40.581356 -123.982894    20.871    21114.1     3456.2     -556.4     43.7     37.0     66.2 2021  9 19 18 51 35.660  0.00   1
   101488  40.581901 -123.980168    20.767    21344.8     3516.7     -660.0     74.6     37.9     84.3 2021 12  7  4 20 27.260  0.00   1
   101564  40.533028 -124.272827    11.479    -3440.2    -1910.4    -9948.2    152.6     86.6    106.0 2020  1  4 11 37 20.680  0.00   1
   102513  40.562899 -124.123820    22.483     9181.0     1406.6     1055.4     81.7     48.1     75.2 2020  1 21 18 29 29.080  0.00   1
   102514  40.564941 -124.123413    22.538     9215.3     1633.4     1110.8    102.0     46.4     83.4 2020  1 21 18 17 50.920  0.00   1
   102517  40.564490 -124.119808    22.919     9520.7     1583.3     1492.2     85.8     58.2     72.6 2020  1 21 18 17 12.580  0.00   1
   102584  40.563761 -124.117310    22.625     9732.3     1502.4     1197.9     61.7     40.6     59.9 2021 12 19 16 15 38.560  0.00   1
   102602  40.483240 -124.511100    24.736   -23634.3    -7439.2     3309.2     70.2     65.2    146.8 2021  8 10 19 30 57.060  0.00   1
   102603  40.484627 -124.505412    25.038   -23152.0    -7285.1     3610.4     71.4     82.3    120.9 2021  8 28  7 10 22.180  0.00   1
   102606  40.483268 -124.505314    24.687   -23143.9    -7436.0     3259.3     62.2     68.2    124.2 2021 11  9 13 23 16.920  0.00   1
   102608  40.485994 -124.502637    25.922   -22916.6    -7133.3     4494.4     69.6    103.8    123.0 2022  9  7 17 54 42.580  0.00   1
   102707  40.434603 -124.602091    24.208   -31356.8   -12840.1     2780.9     50.6     49.7    247.8 2020  1  5 11  4 39.240  0.00   1
   102709  40.434607 -124.602091    24.214   -31356.8   -12839.6     2787.2     31.2     33.5     95.4 2020  3 12 15 20 18.660  0.00   1
   102710  40.434611 -124.602100    24.224   -31357.4   -12839.2     2797.1     30.1     36.1     94.1 2020  3 19  0  0 12.240  0.00   1
   102711  40.434680 -124.602189    24.122   -31365.0   -12831.5     2694.9     42.2     33.3    256.1 2020  4 15  6 22 46.200  0.00   1
   102713  40.434623 -124.602043    24.232   -31352.6   -12837.8     2804.3     26.7     31.0    118.7 2020  5  1 21 27  1.720  0.00   1
   102715  40.434855 -124.602344    24.169   -31378.1   -12812.1     2741.9     39.5     49.5    238.5 2020  5 19  4 18  4.680  0.00   1
   102716  40.436267 -124.601676    23.731   -31321.2   -12655.3     2303.9     58.7     68.3     85.0 2020  5 19 15 58 35.460  0.00   1
   102717  40.439136 -124.602238    24.183   -31368.1   -12336.7     2756.0     66.2    129.4    303.8 2020  5 19  8 56  4.240  0.00   1
   102718  40.434782 -124.601034    23.773   -31267.0   -12820.2     2345.8     54.3     54.3     64.3 2020  6  2  1 55 48.260  0.00   1
   102719  40.434635 -124.601929    24.212   -31342.9   -12836.5     2784.8     25.8     29.3     86.7 2020  6  9 10 29  1.040  0.00   1
   102720  40.435213 -124.601196    24.195   -31280.7   -12772.3     2767.9     38.7     50.5    115.9 2020  6  9 11 54 57.660  0.00   1
   102721  40.434505 -124.601912    24.415   -31341.6   -12850.9     2987.7     49.6     34.2    153.7 2020  6 11 11 48 29.660  0.00   1
   102723  40.434619 -124.601994    24.207   -31348.5   -12838.3     2779.7     36.5     38.9    121.8 2020  6 28  9  4 35.860  0.00   1
   102727  40.434611 -124.602091    24.220   -31356.8   -12839.2     2792.7     25.1     27.9     76.3 2020  9 21 21 53 10.520  0.00   1
   102728  40.434680 -124.600814    23.633   -31248.4   -12831.5     2205.8     54.4     45.6     67.5 2020  9 28  9 34 39.840  0.00   1
   102729  40.434603 -124.602002    24.197   -31349.2   -12840.1     2769.9     32.5     37.7    120.3 2020  9 29 16 42 12.380  0.00   1
   102730  40.434607 -124.601986    24.207   -31347.8   -12839.6     2779.4     30.0     34.4    106.6 2020  9 29 16  6 55.980  0.00   1
   102731  40.434957 -124.601904    24.250   -31340.8   -12800.8     2823.0     40.4     46.7    243.8 2020 10  8  8 34 56.540  0.00   1
   102732  40.434973 -124.602140    24.155   -31360.8   -12799.0     2728.0     40.4     55.8    137.3 2020 10 13 22  5 11.460  0.00   1
   102733  40.434611 -124.602100    24.215   -31357.4   -12839.2     2788.2     23.1     26.4     74.0 2020 11 11  2 48 36.380  0.00   1
   102734  40.434578 -124.602360    24.163   -31379.5   -12842.8     2735.3     35.7     38.3    150.0 2020 12 19  3 23 42.480  0.00   1
   102736  40.434802 -124.600179    23.519   -31194.6   -12817.9     2091.9     68.2     91.9     86.7 2021  1 21 20 46 20.820  0.00   1
   102737  40.434599 -124.602051    24.196   -31353.3   -12840.5     2768.6     32.2     38.7    121.9 2021  2 12  4 31  7.420  0.00   1
   102738  40.434741 -124.601042    23.736   -31267.7   -12824.7     2308.8     47.3     51.6     59.8 2021  2 12 20  8 51.240  0.00   1
   102739  40.434509 -124.602246    24.219   -31369.9   -12850.5     2792.1     38.4     46.5    133.3 2021  2 12  4 29 14.400  0.00   1
   102740  40.434611 -124.601237    23.978   -31284.3   -12839.2     2550.8     32.6     35.0     41.1 2021  2 20 23 40 36.700  0.00   1
   102741  40.434627 -124.602010    24.180   -31349.8   -12837.4     2752.5     28.1     27.6    116.6 2021  4 14  4 39 59.360  0.00   1
   102742  40.434623 -124.601937    24.206   -31343.6   -12837.8     2778.9     37.5     43.5    124.7 2021  4 14  1 27 41.100  0.00   1
   102743  40.434599 -124.602091    24.192   -31356.8   -12840.5     2764.7     26.6     30.5    110.3 2021  4 14  5 38 37.620  0.00   1
   102745  40.435767 -124.602336    23.844   -31377.2   -12710.8     2416.8     46.6     51.7     54.8 2021  5 17  6 53 57.120  0.00   1
   102749  40.434623 -124.602035    24.231   -31351.9   -12837.8     2803.3     27.8     29.9    121.2 2021  7 10 11 59 45.840  0.00   1
   102751  40.434619 -124.602018    24.203   -31350.5   -12838.3     2775.3     38.7     37.9    174.1 2021  8 31 18 13 15.560  0.00   1
   102754  40.434623 -124.602035    24.229   -31351.9   -12837.8     2801.6     27.6     30.2    124.9 2021  9 23  9 33 50.540  0.00   1
   102755  40.435364 -124.601945    24.174   -31344.2   -12755.6     2747.1     31.0     40.5     96.0 2021  9 30 19 10  2.220  0.00   1
   102756  40.434603 -124.602075    24.335   -31355.4   -12840.1     2907.9     32.9     39.2    209.7 2021 10  8 23 40 58.400  0.00   1
   102759  40.434623 -124.602035    24.228   -31351.9   -12837.8     2801.2     27.5     29.5    123.0 2021 11  4  9  5 14.280  0.00   1
   102761  40.434623 -124.602035    24.175   -31351.9   -12837.8     2747.3     26.9     31.5    117.6 2021 12  9 20 12 36.400  0.00   1
   102763  40.434619 -124.602035    24.182   -31351.9   -12838.3     2754.3     23.8     30.0    114.3 2021 12 18  5 17 48.600  0.00   1
   102764  40.434619 -124.602083    24.224   -31356.1   -12838.3     2796.6     24.3     27.6     79.3 2021 12 20  7 12 18.880  0.00   1
   102768  40.426839 -124.604989    24.923   -31604.2   -13702.2     3495.9     53.6     85.8    157.2 2022  2 24 23 18 18.200  0.00   1
   102773  40.434570 -124.602091    24.250   -31356.8   -12843.7     2823.2     40.8     39.7    122.7 2022  4 10 14  1 19.800  0.00   1
   102775  40.435347 -124.601953    24.178   -31344.8   -12757.4     2750.6     31.4     40.8     96.2 2022  5 12 21 39 49.620  0.00   1
   102776  40.434664 -124.601090    24.223   -31271.9   -12833.3     2795.4     30.2     30.4     86.4 2022  5 15 21 30 42.600  0.00   1
   102777  40.434517 -124.602458    24.292   -31387.8   -12849.6     2864.8     35.8     43.7    107.9 2022  6  2  9 50 27.060  0.00   1
   102778  40.431128 -124.604118    24.847   -31529.3   -13226.0     3419.3     51.9     68.2    107.1 2022  6 17  0 59 30.760  0.00   1
   102780  40.434566 -124.601880    24.239   -31338.8   -12844.1     2811.4     20.0     26.4     77.2 2022  7 21  2 41 31.540  0.00   1
   102781  40.434607 -124.602043    24.190   -31352.6   -12839.6     2762.4     31.2     38.1    146.2 2022  7 28  9 22  9.400  0.00   1
   102783  40.435022 -124.602067    24.205   -31354.6   -12793.5     2777.9     35.0     51.1    167.6 2022  8 24 18 40  2.660  0.00   1
   102785  40.434770 -124.601953    21.222   -31345.0   -12821.5     -205.5     42.0     53.0   1465.6 2022  8 29 10  0 58.040  0.00   1
   102786  40.434664 -124.602181    24.132   -31364.3   -12833.3     2704.4     33.6     31.4    183.0 2022  9 18 15 28 46.440  0.00   1
   102787  40.434619 -124.602059    24.205   -31354.0   -12838.3     2778.0     24.6     40.6    124.0 2022 10  2 19 33 34.380  0.00   1
   102789  40.434583 -124.602246    24.182   -31369.9   -12842.3     2755.0     37.1     43.9    139.9 2022 10 17  4 45 23.620  0.00   1
   102790  40.434627 -124.602100    24.196   -31357.4   -12837.4     2769.1     30.7     31.0    331.1 2022 10 19 22 24 12.120  0.00   1
   102792  40.434635 -124.602108    24.201   -31358.1   -12836.5     2774.2     40.7     43.5    329.9 2022 11  4 23 19 49.560  0.00   1
   102793  40.434627 -124.602091    24.197   -31356.7   -12837.4     2769.8     27.2     23.6    163.1 2022 11 28  6 17 43.580  0.00   1
   102871  40.523535 -124.421720    23.578   -16054.9    -2964.6     2150.7     79.2     71.8     72.6 2021 12 21 11 40 42.620  0.00   1
   102873  40.526843 -124.418376    23.124   -15771.1    -2597.2     1696.5     63.5     71.3    135.4 2021 12 27  5 28 17.460  0.00   1
   102877  40.518896 -124.412923    23.945   -15310.1    -3479.7     2517.4     45.3     48.1     56.2 2022 11 12  9 39  9.180  0.00   1
   102881  40.577702 -123.890698    22.669    28922.4     3050.4     1241.9     98.5    100.3    106.7 2020  6  5  7 17 17.540  0.00   1
   102882  40.590120 -123.897852    22.041    28314.0     4429.4      614.0     98.4     96.4    108.6 2021  8 31 10  1 55.460  0.00   1
   102884  40.588501 -123.893416    22.667    28689.9     4249.6     1239.5     62.3     65.3     75.2 2022  7  8 14 14 25.800  0.00   1
   102885  40.573149 -123.882975    22.478    29577.5     2544.8     1050.9     84.3     89.1     88.8 2022 10 15  6 34 45.100  0.00   1
   102906  40.551664 -124.494507    22.990   -22216.8      159.0     1562.9    153.4    126.6    307.0 2020  1  8  5 26 50.000  0.00   1
   102908  40.549890 -124.497884    23.823   -22503.2      -38.0     2395.8    108.8     92.5    101.3 2020 10 11 20 54  2.280  0.00   1
   102909  40.543514 -124.503597    27.462   -22988.1     -746.0     6035.0    110.7    104.7    185.5 2021  4 28 19 33 47.460  0.00   1
   102910  40.548128 -124.497762    24.878   -22493.1     -233.6     3450.7    121.6    101.8    245.6 2021  6 12  7 57 57.640  0.00   1
   102911  40.544735 -124.506795    24.800   -23258.9     -610.4     3372.7     71.0     69.7    214.0 2021  6 22  2 52 24.640  0.00   1
   102915  40.545048 -124.506624    25.779   -23244.3     -575.7     4351.4     70.6     69.3    482.4 2021 11 28 13  7  4.440  0.00   1
   102916  40.548319 -124.501587    23.767   -22817.1     -212.4     2340.2    106.4     95.0    186.0 2021 12 21 13 58 37.080  0.00   1
   102917  40.550407 -124.496484    23.796   -22384.5       19.4     2369.0    110.1     92.6    103.6 2021 12 21  8 24 22.960  0.00   1
   103853  40.621635 -123.940503    21.664    24696.6     7929.0      237.2     78.7     71.2    106.5 2020  1 15 17  9  9.680  0.00   1
   103854  40.618319 -123.946444    21.323    24194.2     7560.7     -104.4     78.5     53.7     83.6 2020  9  6  8  2 35.820  0.00   1
   103855  40.624874 -123.948364    21.288    24030.4     8288.6     -138.8     87.4     50.2     97.3 2021 11 17  1 30  5.520  0.00   1
   103856  40.623279 -123.946281    21.458    24207.1     8111.5       30.3     62.2     38.0     84.3 2022  1 29  9  3 15.000  0.00   1
   103857  40.622738 -123.944727    21.599    24338.8     8051.4      171.5     60.1     45.4     90.5 2022  5 22  1 31 29.140  0.00   1
   103859  40.625008 -123.948543    21.275    24015.3     8303.6     -152.5     90.1     51.3     96.9 2022  5 23  3 58 56.800  0.00   1
   103861  40.621338 -123.947493    21.544    24104.8     7896.0      116.6     47.8     37.2     65.0 2022  7 27 10 38  4.700  0.00   1
   103862  40.622416 -123.946981    21.513    24148.0     8015.7       85.9     42.3     42.1     60.3 2022 11 17 16  3 25.080  0.00   1
   103863  40.620903 -123.944189    21.635    24384.6     7847.6      207.7     73.0     52.9     77.8 2022 11 20 23 28 37.040  0.00   1
   103948  40.582520 -123.922144    25.748    26258.5     3585.4     4320.8     82.2     49.0     83.0 2020  7 15 23 27 17.180  0.00   1
   103949  40.582231 -123.923291    25.740    26161.4     3553.3     4312.7     84.0     49.8     83.8 2020  7 15 23 27  7.480  0.00   1
   103953  40.586023 -123.924015    25.248    26099.3     3974.4     3821.0     93.7     55.3    111.8 2021  6 28 22 30 49.640  0.00   1
   103955  40.589136 -123.918498    25.928    26565.9     4320.1     4500.4    116.7     78.2    108.0 2021  8 18 13 15  3.800  0.00   1
   103957  40.584574 -123.911230    25.670    27182.2     3813.6     4242.9     83.7     59.9    111.5 2021  9 30  0  5  3.500  0.00   1
   103958  40.584810 -123.910962    25.658    27204.9     3839.8     4230.7     75.5     57.7    104.0 2021 10 16 22 17 33.780  0.00   1
   103963  40.584839 -123.910775    25.988    27220.8     3842.9     4561.1    102.8    105.1     97.5 2022 10  3  1 19 38.240  0.00   1
   104037  40.619885 -124.312410    19.509    -6789.1     7734.7    -1918.3     81.1     39.6     85.8 2020  3 23  9 10 34.260  0.00   1
   104039  40.620634 -124.315031    20.533    -7010.9     7817.8     -894.7     90.2     45.4    129.5 2020  3 31  1 10 40.520  0.00   1
   104040  40.621102 -124.315129    19.919    -7019.2     7869.8    -1507.8     45.9     39.1     83.6 2020 12 20  9 55 52.280  0.00   1
   104042  40.620894 -124.315023    19.939    -7010.2     7846.7    -1488.5     61.7     58.4     93.8 2020 12 20 10 47 46.800  0.00   1
   104043  40.621415 -124.313314    20.632    -6865.5     7904.6     -795.2     58.7     52.3     99.5 2020 12 20 10 15 13.920  0.00   1
   104047  40.623910 -124.323177    18.098    -7700.4     8181.6    -3329.5     71.9     60.2    110.8 2021  4 20 22 55  3.440  0.00   1
   104048  40.622107 -124.325789    17.381    -7921.7     7981.4    -4046.0     66.4     51.8    147.5 2021  4 24 18 32 32.740  0.00   1
   104049  40.620662 -124.314258    19.965    -6945.5     7821.0    -1461.8     61.0     48.0     80.2 2021  6 29 21  7 22.600  0.00   1
   104052  40.620715 -124.313989    19.995    -6922.7     7826.9    -1432.4     56.4     37.3     63.3 2021  7  2  7 55 22.400  0.00   1
   104053  40.616992 -124.312500    21.410    -6796.9     7413.4      -17.1     67.7     56.6    122.2 2021  7  3 16 38 35.240  0.00   1
   104054  40.620630 -124.313525    19.941    -6883.5     7817.4    -1486.4     57.1     35.6     58.7 2021  7 14 14 46 21.240  0.00   1
   104055  40.620707 -124.315365    19.901    -7039.2     7826.0    -1526.6     52.1     41.9     67.6 2021  9 17 10  9 30.180  0.00   1
   104056  40.620475 -124.311190    19.624    -6685.8     7800.2    -1803.1    112.1     69.7    150.4 2021 11 18  9 48  5.620  0.00   1
   104060  40.620471 -124.311206    19.634    -6687.1     7799.7    -1793.2    110.8     69.2    149.1 2022  4 14 20  4 26.860  0.00   1
   104061  40.621244 -124.315283    19.975    -7032.3     7885.6    -1452.2     61.7     35.7     88.2 2022  6 16 20 44 53.720  0.00   1
   104064  40.620483 -124.311255    19.606    -6691.3     7801.1    -1821.2    111.7     70.0    152.7 2022 10 23 23 59  6.320  0.00   1
   104510  40.562935 -124.131185    22.428     8557.2     1410.7     1000.8     61.4     46.4     56.7 2020  1 21 18 16 13.040  0.00   1
   104905  40.509167 -124.416634    25.087   -15625.6    -4560.0     3659.9     55.3     50.6    105.6 2020  6 22 15 25 24.880  0.00   1
   104911  40.511654 -124.419043    24.374   -15829.4    -4283.9     2946.3     39.3     36.5     79.8 2021  5 20 19 21 47.940  0.00   1
   104917  40.507625 -124.421851    24.523   -16067.8    -4731.3     3095.7     44.8     55.0     94.4 2021  9 17 15 11 51.640  0.00   1
   104918  40.508398 -124.422021    24.508   -16082.2    -4645.4     3081.0     35.5     29.7     82.8 2021 10  5 18 21 58.320  0.00   1
   104919  40.509338 -124.420874    24.381   -15984.8    -4541.0     2953.4     58.9     52.1    112.2 2021 10 16  3 19 23.200  0.00   1
   104923  40.509098 -124.420947    24.383   -15991.1    -4567.7     2955.6     55.1     44.7     86.4 2021 12 22  5 52  2.020  0.00   1
   104928  40.511662 -124.419035    24.381   -15828.7    -4283.0     2953.8     39.3     36.6     82.0 2022  1 30  2  6 57.660  0.00   1
   104932  40.511629 -124.419076    24.385   -15832.2    -4286.7     2957.6     39.0     36.4     82.1 2022  3  5  0 58 53.080  0.00   1
   104936  40.511560 -124.419198    24.398   -15842.5    -4294.3     2970.4     38.7     36.1     82.2 2022  7 27  2 17 47.560  0.00   1
   104940  40.519930 -124.492603    16.926   -22060.7    -3364.9    -4501.1     70.0     89.8    434.2 2020  1 27  9 51 13.860  0.00   1
   104941  40.518831 -124.492367    15.681   -22040.9    -3486.9    -5746.2     70.4     75.1    128.7 2020  2 20  6 32 59.280  0.00   1
   104942  40.519491 -124.492855    15.556   -22082.1    -3413.7    -5871.3     52.7     63.8     93.2 2020  4  6  9 21 20.960  0.00   1
   104943  40.518050 -124.491292    15.734   -21950.0    -3573.6    -5693.0     49.5     62.7    116.7 2020 12 17 16 41  8.520  0.00   1
   104944  40.515731 -124.489974    22.078   -21838.6    -3831.2      651.1     75.7    104.1    577.1 2020 12 19 14 18 19.400  0.00   1
   104945  40.517187 -124.498242    16.946   -22538.9    -3669.4    -4481.5     74.6     93.1    188.1 2021  5 24  0 40 45.520  0.00   1
   104946  40.516687 -124.498201    17.315   -22535.6    -3725.0    -4112.4     74.9     91.2    175.4 2021 11  6  3 38 12.480  0.00   1
   105067  40.735099 -123.938656    23.033    24832.0    20528.7     1606.0    139.7     88.2    147.8 2020  1 29 17 29  4.280  0.00   1
   105385  40.550053 -123.970638    21.414    22157.1      -19.9      -12.8     73.0     64.5     40.7 2021  4  1  4 46 23.960  0.00   1
   105390  40.603145 -123.979484    21.562    21399.4     5875.8      134.7     92.4     47.9    102.5 2021  5 23 15 44  5.100  0.00   1
   105391  40.602893 -123.979834    21.507    21369.8     5847.8       79.6     98.9     50.3     86.0 2021  6 30  5 49 47.860  0.00   1
   105468  40.663249 -124.002181    26.989    19468.9    12550.0     5561.5    154.9    112.9    179.7 2021 12 21  1 32 33.780  0.00   1
   105476  40.759521 -123.868221    20.617    30784.4    23240.6     -810.5     52.4     33.7     52.1 2021  4 17 11 13 27.660  0.00   1
   105477  40.756775 -123.866488    20.760    30931.6    22935.6     -667.1     71.5     57.3    135.8 2021  5 16 18 21  8.560  0.00   1
   105483  40.759530 -123.868221    20.617    30784.4    23241.5     -810.3     56.3     37.0     54.7 2022  5  4  3 34 42.980  0.00   1
   105706  40.593327 -124.053271    22.147    15152.8     4785.5      719.6     75.9     47.6     56.5 2020  2  8  2 28 57.160  0.00   1
   105713  40.598478 -124.049284    22.399    15489.8     5357.5      971.9     64.0     41.5     60.0 2021  8 21  3 33 28.140  0.00   1
   105954  40.545691 -124.064966    19.698    14167.5     -504.3    -1729.3     55.0     44.5     52.4 2020  2  8 19 52 44.320  0.00   1
   105955  40.544043 -124.066414    19.555    14045.0     -687.3    -1872.3     56.2     56.0     50.5 2020  2 23  1  6 17.520  0.00   1
   105956  40.543282 -124.061003    20.046    14503.5     -771.8    -1380.8     74.5     53.0     69.2 2020 10 23 10 31 25.740  0.00   1
   105957  40.543302 -124.061019    20.044    14502.1     -769.5    -1382.9     74.7     53.1     69.0 2021  2 19 15  2  5.840  0.00   1
   105958  40.543278 -124.061003    20.046    14503.5     -772.2    -1381.4     72.8     52.7     69.3 2021  7 27 12 42 23.820  0.00   1
   105960  40.543909 -124.066618    19.512    14027.8     -702.2    -1915.2     50.2     54.9     51.4 2021  9  6  1 57 48.460  0.00   1
   105961  40.544165 -124.059587    19.980    14623.4     -673.7    -1446.8     94.4     42.7     92.4 2021 10 30 15 54 35.980  0.00   1
   106005  40.591305 -124.083626    19.259    12582.6     4560.9    -2167.8     97.1     43.7     66.9 2020  4 19 13  8 57.480  0.00   1
   106006  40.594812 -124.083105    19.073    12626.4     4950.4    -2354.3    200.4     67.6    100.7 2020  6  7 18 47 39.820  0.00   1
   106007  40.591158 -124.080892    19.572    12814.2     4544.7    -1855.5     89.9     61.8     64.9 2020  7 20 16 45 35.520  0.00   1
   106008  40.592875 -124.085042    19.368    12462.5     4735.3    -2058.8     71.4     45.6     58.7 2021 11 25 11 31 45.620  0.00   1
   106009  40.594722 -124.085588    19.067    12416.2     4940.5    -2360.7     90.4     53.0     86.6 2022  1 31  2 46 32.380  0.00   1
   106065  40.533691 -124.386003    25.526   -13027.8    -1836.7     4098.8     97.5     82.3    110.0 2020  2 11 17 54 25.540  0.00   1
   106069  40.502230 -124.450146    16.010   -18466.1    -5330.4    -5417.6     40.4     38.5     84.2 2021  7 22 12 38 41.980  0.00   1
   106070  40.503381 -124.447021    16.264   -18201.1    -5202.5    -5162.8     53.8     45.5     96.5 2021  8 21  7 21 12.600  0.00   1
   106079  40.639018 -123.987752    25.705    20693.8     9859.3     4277.3     53.7     61.3     80.9 2020  2 13 23  7 46.880  0.00   1
   106080  40.642257 -123.973820    28.011    21872.6    10218.9     6583.6    162.4    133.4    258.0 2020  2 27  1  9  9.980  0.00   1
   106081  40.640450 -123.989795    26.755    20520.6    10018.3     5327.9     64.4     74.7    105.4 2020  6 29  6 46  6.840  0.00   1
   106082  40.638289 -123.970671    24.077    22139.8     9778.4     2650.2     78.5     52.8    120.8 2021 11 14 16 50 17.560  0.00   1
   106083  40.639266 -123.987598    25.833    20706.8     9886.8     4405.9     48.4     62.5     76.6 2022  2 10  2 19 50.980  0.00   1
   106084  40.639266 -123.987476    25.760    20717.2     9886.8     4332.5     50.6     32.4     69.2 2022  6  3  6  4  3.860  0.00   1
   106096  40.582967 -124.204915    20.963     2312.1     3635.1     -464.2    189.1     74.0    168.9 2021 11  2  4 49 56.460  0.00   1
   106102  40.516052 -124.418433    19.716   -15777.2    -3795.5    -1711.4     50.9     62.4     51.1 2022  7  6 11 29  4.460  0.00   1
   106103  40.515833 -124.418115    19.775   -15750.3    -3819.9    -1651.8     56.8     63.4    102.8 2022  8 16  8  0  8.060  0.00   1
   106104  40.515800 -124.418091    19.612   -15748.3    -3823.5    -1815.2     42.5     57.9     89.0 2022  8 29 21 57 39.860  0.00   1
   106135  40.553788 -124.211385    17.265     1764.6      394.9    -4161.8    136.5     47.4     80.5 2021  9 13  0  4  6.120  0.00   1
   106440  40.559957 -124.051929    22.754    15270.3     1079.9     1327.1     39.4     34.8     48.3 2021  9  4  5 13 46.140  0.00   1
   106496  40.592993 -124.106299    19.592    10662.6     4748.4    -1835.4     74.7     45.2     63.5 2021  8 27  1 44  5.160  0.00   1
   106497  40.590503 -124.104476    19.897    10817.1     4471.9    -1530.3     53.2     50.5     72.8 2021 11 30  0 51 56.760  0.00   1
   106499  40.591292 -124.105216    19.759    10754.4     4559.6    -1668.2     66.2     49.6     76.7 2022  1  8 11 15 11.920  0.00   1
   106609  40.612907 -123.852677    29.587    32133.9     6959.8     8160.1    123.2    108.7    121.2 2020  2 20 17 26 49.040  0.00   1
   106610  40.609721 -123.848527    27.520    32486.1     6606.0     6092.9     51.8     51.7     68.4 2020  7 17 16 58  8.720  0.00   1
   106612  40.606783 -123.835531    27.572    33587.2     6279.7     6145.1     79.2     61.2     90.6 2021 11 24  2 11 55.300  0.00   1
   106613  40.609806 -123.846720    27.482    32639.0     6615.5     6054.3     64.6     62.5     69.1 2022  5 21  1 58 58.180  0.00   1
   106614  40.512162 -124.414591    21.277   -15452.2    -4227.5     -150.2     51.1     63.8     97.8 2020  2 21 12  1 53.080  0.00   1
   106677  40.575033 -124.075220    19.417    13296.1     2754.0    -2010.5     91.4     53.1     81.6 2020  2 22  2  3 27.180  0.00   1
   106678  40.575016 -124.071330    19.844    13625.5     2752.2    -1583.0    101.5     56.8     69.8 2021  2 19 10 17 53.000  0.00   1
   106679  40.575049 -124.073315    19.670    13457.3     2755.8    -1757.1     86.6     40.4     61.3 2022  1 22 18 50  2.840  0.00   1
   106849  40.550826 -123.978890    21.250    21458.0       66.0     -177.6     45.4     31.0     57.7 2020  2 25 10 41 25.500  0.00   1
   106850  40.549280 -123.973006    21.491    21956.6     -105.7       63.8     53.7     61.1     51.1 2020  6 21 16  9 47.640  0.00   1
   106852  40.548527 -123.972282    21.592    22018.1     -189.3      165.1     52.4     40.0     77.1 2021  6 16 14  0 25.980  0.00   1
   106853  40.548507 -123.972925    21.507    21963.6     -191.6       79.7     49.5     51.4     74.0 2021  6 17 11 40 36.000  0.00   1
   106855  40.549683 -123.974691    21.420    21813.9      -61.0       -7.3     58.2     53.1     48.7 2022  9 27  4 34 50.860  0.00   1
   106908  40.622473 -124.301489    20.742    -5864.4     8022.1     -685.3     71.5     44.7    128.9 2021  4  2 11 45  2.260  0.00   1
   106909  40.622799 -124.293612    20.702    -5197.5     8058.2     -725.3     97.1     57.2    167.4 2021  4  7  1 55 18.100  0.00   1
   106910  40.620589 -124.305298    20.426    -6186.9     7812.8    -1001.0     58.4     42.8    134.3 2021 10 17 14 20 53.460  0.00   1
   106916  40.622697 -124.292448    19.354    -5099.0     8046.9    -2073.3     83.7     41.1     80.1 2022  7 14  7 38  2.880  0.00   1
   106917  40.506185 -124.332837    17.916    -8525.6    -4891.2    -3511.2     54.5     63.5     74.3 2020  2 29  6 25 39.720  0.00   1
   106919  40.507446 -124.336369    17.884    -8824.8    -4751.1    -3542.9     39.6     38.1     50.5 2020  6 25 12 39 13.840  0.00   1
   106920  40.507446 -124.336320    17.884    -8820.7    -4751.1    -3543.2     39.8     38.4     50.4 2020  6 26 13 51 55.760  0.00   1
   106921  40.507442 -124.336361    17.880    -8824.1    -4751.6    -3546.9     39.2     37.8     50.7 2020  6 27  9  8 18.860  0.00   1
   106924  40.501221 -124.327946    18.885    -8111.5    -5442.5    -2542.1     44.0     42.0     53.0 2020  7 15 15 49 31.760  0.00   1
   106925  40.507434 -124.336377    17.879    -8825.5    -4752.5    -3547.9     39.0     37.6     50.8 2020  7 15  2 55 13.780  0.00   1
   106926  40.499613 -124.324390    19.291    -7810.2    -5620.9    -2136.1     69.1     51.1     86.8 2020  7 15  5  0 39.940  0.00   1
   106927  40.507450 -124.336336    17.886    -8822.0    -4750.7    -3540.8     40.0     38.4     50.2 2020  7 15 19 40 35.320  0.00   1
   106930  40.507454 -124.336336    17.886    -8822.0    -4750.2    -3541.6     39.9     38.3     50.3 2020  7 16 16  0 18.620  0.00   1
   106931  40.499601 -124.324300    19.307    -7802.7    -5622.3    -2120.7     69.1     51.0     87.0 2020  7 16 12 26  9.680  0.00   1
   106933  40.507865 -124.337451    18.496    -8916.5    -4704.6    -2931.5     41.1     40.5     57.6 2020 11 20 17 12 56.060  0.00   1
   106934  40.507402 -124.335498    17.850    -8751.0    -4756.1    -3577.3     40.4     47.4     58.3 2021  5 12 18 32 23.080  0.00   1
   106937  40.508252 -124.335840    18.704    -8779.9    -4661.7    -2723.7     24.3     28.5     25.7 2021  7 11  5  6 12.560  0.00   1
   106939  40.508207 -124.335889    18.721    -8784.1    -4666.7    -2706.0     28.5     25.6     29.9 2021  7 11  7 17 55.760  0.00   1
   106940  40.508118 -124.335938    18.723    -8788.2    -4676.6    -2704.2     31.1     31.7     30.2 2021  7 11  4 14 40.000  0.00   1
   106941  40.508187 -124.335978    18.729    -8791.7    -4668.9    -2698.6     27.3     27.4     28.3 2021  7 11  3 36 34.760  0.00   1
   106942  40.508195 -124.335791    18.698    -8775.8    -4668.0    -2729.4     26.5     25.2     28.2 2021  7 11  2 14  1.880  0.00   1
   106943  40.508232 -124.335815    18.701    -8777.9    -4663.9    -2725.9     26.6     28.9     29.5 2021  7 11  7 49 35.560  0.00   1
   106944  40.507996 -124.335661    18.720    -8764.8    -4690.1    -2707.7     29.2     25.6     30.7 2021  7 12  6 52 59.100  0.00   1
   106945  40.508297 -124.335840    18.691    -8779.9    -4656.7    -2736.7     24.9     29.4     24.1 2021  7 12  7 38 34.800  0.00   1
   106947  40.508232 -124.335881    18.717    -8783.4    -4663.9    -2710.2     26.6     25.7     29.2 2021  7 12  6 52  5.820  0.00   1
   106948  40.507979 -124.335278    18.711    -8732.4    -4692.0    -2716.7     31.0     31.8     26.0 2021  7 12  6 57 12.740  0.00   1
   106949  40.508260 -124.335848    18.703    -8780.6    -4660.8    -2723.9     24.7     28.3     27.1 2021  7 12  6 51 15.180  0.00   1
   106950  40.508142 -124.335710    18.696    -8768.9    -4673.9    -2731.6     28.3     28.6     34.6 2021  7 12 22 18 34.740  0.00   1
   106951  40.508244 -124.335856    18.702    -8781.3    -4662.6    -2724.8     25.6     27.9     27.6 2021  7 12  8 58 54.960  0.00   1
   106952  40.508248 -124.335881    18.715    -8783.4    -4662.1    -2712.7     25.1     25.4     27.7 2021  7 12  8 46 32.680  0.00   1
   106953  40.508093 -124.335905    18.719    -8785.5    -4679.3    -2708.3     31.9     32.8     31.8 2021  7 12  6 48 36.980  0.00   1
   106954  40.508256 -124.335856    18.704    -8781.3    -4661.2    -2723.2     24.5     27.5     25.1 2021  7 12  6 58 19.680  0.00   1
   106959  40.508223 -124.335889    18.712    -8784.1    -4664.8    -2715.1     27.1     28.0     26.8 2021  7 12 15 18 57.120  0.00   1
   106960  40.508207 -124.335864    18.716    -8782.0    -4666.7    -2710.9     26.3     26.8     27.6 2021  7 12 12 15  8.320  0.00   1
   106961  40.508093 -124.335978    18.743    -8791.7    -4679.3    -2684.2     30.4     30.2     29.7 2021  7 12  7 42 57.140  0.00   1
   106962  40.508065 -124.335742    18.719    -8771.7    -4682.5    -2708.5     27.8     25.1     26.9 2021  7 12  8  3  8.480  0.00   1
   106964  40.508203 -124.335929    18.714    -8787.5    -4667.1    -2713.2     26.7     28.6     25.3 2021  7 12  5 33 43.540  0.00   1
   106965  40.508101 -124.335799    18.722    -8776.5    -4678.4    -2704.8     27.5     24.2     25.0 2021  7 12  8 56 41.260  0.00   1
   106967  40.508236 -124.335889    18.715    -8784.1    -4663.5    -2712.2     27.2     26.2     28.0 2021  7 13  3 34 41.120  0.00   1
   106968  40.508248 -124.335872    18.712    -8782.7    -4662.1    -2715.0     26.8     24.2     28.4 2021  7 13 11  0 10.880  0.00   1
   106970  40.507458 -124.334676    18.773    -8681.4    -4749.8    -2654.6     35.0     32.2     30.0 2021  7 15 17 56 38.860  0.00   1
   106971  40.507328 -124.334635    18.700    -8677.9    -4764.3    -2727.6     37.8     31.7     29.0 2021  7 24 15 17 23.680  0.00   1
   106974  40.508138 -124.335864    18.719    -8782.0    -4674.3    -2708.7     23.0     25.1     33.2 2021 12 20 23 45 33.300  0.00   1
   106975  40.504285 -124.328092    18.911    -8123.7    -5102.2    -2516.7     55.0     47.9     57.6 2021 12 20 21 54 42.040  0.00   1
   106977  40.509587 -124.333521    17.733    -8583.3    -4513.5    -3694.4     43.8     47.5     50.9 2021 12 21 12 29 57.320  0.00   1
   106978  40.503800 -124.331283    18.819    -8394.1    -5156.0    -2608.0     43.7     44.0     56.0 2021 12 22  7  9  8.260  0.00   1
   106979  40.505518 -124.330339    18.560    -8314.0    -4965.3    -2867.0     56.4     46.1     52.3 2021 12 22 17  4 29.540  0.00   1
   106983  40.504085 -124.327466    19.124    -8070.6    -5124.4    -2302.8     48.7     47.3     47.6 2021 12 23 19 43 35.140  0.00   1
   106984  40.507133 -124.328280    18.633    -8139.4    -4785.9    -2794.5     51.6     26.7     40.3 2021 12 23  6 28 39.440  0.00   1
   106986  40.508378 -124.335848    18.744    -8780.6    -4647.7    -2683.2     26.0     25.7     32.0 2021 12 25  0 41  6.140  0.00   1
   106988  40.506775 -124.331608    18.324    -8421.5    -4825.7    -3102.8     54.9     46.6     54.0 2021 12 31  7 30 11.740  0.00   1
   106989  40.506966 -124.335026    18.834    -8711.1    -4804.5    -2592.8     34.2     33.4     30.0 2022  1  2 19  6  3.500  0.00   1
   106990  40.507117 -124.328158    18.629    -8129.1    -4787.7    -2798.2     53.4     26.9     40.9 2022  1  2 18 43 27.640  0.00   1
   106991  40.507198 -124.330306    18.648    -8311.1    -4778.7    -2779.1     53.4     46.7     51.2 2022  1 29  0 56  4.940  0.00   1
   106992  40.507031 -124.332845    18.430    -8526.3    -4797.2    -2997.4     41.5     41.0     49.8 2022  2 20  7 55 33.920  0.00   1
   106993  40.508057 -124.330282    18.541    -8309.0    -4683.4    -2885.8     71.1     46.5     51.9 2022  4 11  8 48 35.180  0.00   1
   106995  40.508179 -124.335848    18.717    -8780.6    -4669.8    -2710.5     30.9     29.8     30.3 2022  5 14  5 11 24.580  0.00   1
   106996  40.508195 -124.335840    18.694    -8779.9    -4668.0    -2732.8     23.0     27.0     28.9 2022  5 21 19  6 31.100  0.00   1
   106997  40.507227 -124.327189    18.628    -8047.0    -4775.5    -2799.2     64.4     26.6     45.5 2022  7 18  4 14 31.760  0.00   1
   107286  40.596086 -124.015698    22.800    18334.0     5091.8     1373.2     36.4     30.6     37.3 2020  4 12 17 13 25.640  0.00   1
   107287  40.592436 -124.011100    22.976    18723.9     4686.5     1549.0     37.9     33.5     41.6 2020  4 18 11  7 43.200  0.00   1
   107288  40.593734 -124.011849    22.872    18660.3     4830.7     1445.2     49.9     29.3     38.9 2020 11 20  1 42 41.040  0.00   1
   107289  40.592078 -124.011849    22.995    18660.5     4646.8     1567.8     35.9     37.9     42.4 2020 11 20  1 23 58.260  0.00   1
   107290  40.591715 -124.011637    23.003    18678.5     4606.6     1575.3     56.7     40.6     51.2 2020 11 20  1 20 56.960  0.00   1
   107291  40.592639 -124.010937    23.051    18737.6     4709.1     1623.3     48.3     38.0     44.1 2020 11 20  7  8 23.000  0.00   1
   107292  40.595544 -124.013810    22.775    18494.0     5031.7     1348.2     42.4     28.1     37.1 2021 11 14 17  4  4.680  0.00   1
   107293  40.594495 -124.012565    22.880    18599.5     4915.2     1452.9     41.8     24.3     35.1 2021 12  5 10 31 19.440  0.00   1
   107297  40.591418 -124.014168    22.981    18464.2     4573.6     1553.3     44.2     45.4     51.8 2022  1 27  3  6  7.800  0.00   1
   107337  40.506905 -124.426213    23.849   -16437.5    -4811.2     2421.8    105.9    145.1    113.2 2020  3  7  9 53 50.140  0.00   1
   107338  40.494373 -124.449349    26.815   -18399.6    -6202.9     5387.3     75.5     80.7     96.7 2020  9 23 15 27 24.660  0.00   1
   107341  40.491634 -124.441805    25.658   -17760.6    -6507.0     4231.1     97.6    117.5     87.9 2022  5  3 13  8 48.100  0.00   1
   107359  40.530001 -124.382682    25.454   -12746.9    -2246.6     4026.8     71.4     37.9     83.2 2021 12 20 22 54  5.520  0.00   1
   107361  40.526469 -124.381030    23.857   -12607.3    -2638.8     2429.4    109.6     48.8     98.2 2021 12 20 21 57 14.080  0.00   1
   107370  40.470089 -124.534432    25.586   -25614.1    -8899.5     4159.0     70.5    162.0    191.8 2021 11 16  4 40 39.460  0.00   1
   107371  40.475545 -124.529020    23.481   -25154.4    -8293.6     2054.2     64.4    114.7     88.4 2022  4  3 19 28  4.080  0.00   1
   107574  40.473539 -124.427930    19.729   -16587.0    -8516.4    -1697.9     62.7     73.8    109.5 2020  3 11 22 47 36.760  0.00   1
   107579  40.473519 -124.428296    19.637   -16618.1    -8518.6    -1790.3     54.0     50.9     73.8 2021  9 21 12 24 42.300  0.00   1
   107580  40.474207 -124.429427    19.467   -16713.9    -8442.3    -1960.5     61.2     66.7     82.9 2021 10 16  2 20 43.560  0.00   1
   107582  40.472766 -124.443351    19.701   -17894.2    -8602.2    -1726.4    104.6    104.5    117.7 2022  2  5  7 43 32.760  0.00   1
   107583  40.471981 -124.432121    18.770   -16942.4    -8689.4    -2657.5     79.7     59.8     79.2 2022  2 19 19 28 29.060  0.00   1
   107584  40.466821 -124.430599    19.675   -16814.1    -9262.4    -1752.6     79.7     84.3     70.8 2022  2 21 15 20 50.320  0.00   1
   107585  40.466602 -124.430485    19.782   -16804.5    -9286.8    -1645.2     80.3     86.5     67.0 2022  3  8 13 52  8.680  0.00   1
   107586  40.472982 -124.425643    19.909   -16393.3    -8578.3    -1518.1     69.9     67.6     65.2 2022  3 17  5 45 51.800  0.00   1
   107609  40.573735 -123.955005    21.572    23477.2     2609.9      144.8     45.0     43.6     59.1 2021 12 25 22 49 23.520  0.00   1
   107620  40.502840 -124.505225    26.767   -23133.0    -5262.6     5340.2     34.3     48.2     56.5 2020  3 20 11 54 38.000  0.00   1
   107621  40.502494 -124.504826    27.004   -23099.3    -5301.0     5577.0     31.4     30.4     60.5 2020  3 20 22 28 21.200  0.00   1
   107622  40.501819 -124.504338    27.067   -23058.0    -5376.0     5639.5     27.4     48.3     41.8 2020  3 21 20 18  7.640  0.00   1
   107623  40.501803 -124.503914    27.129   -23022.1    -5377.9     5701.4     26.8     44.2     37.7 2020  3 21 19  0  1.520  0.00   1
   107626  40.502319 -124.507308    26.795   -23309.6    -5320.5     5368.2     53.2     49.2     49.5 2020  4 18 11  0 19.100  0.00   1
   107627  40.501408 -124.502132    28.187   -22871.2    -5421.7     6759.7     67.5     80.5     88.7 2020  4 29 15  5 11.240  0.00   1
   107635  40.502275 -124.503735    27.112   -23006.9    -5325.4     5684.8     23.6     42.3     39.1 2021  6 23  5 14 47.320  0.00   1
   107636  40.501888 -124.504867    27.122   -23102.8    -5368.4     5694.6     31.3     37.8     47.9 2021  6 27 15 30 22.300  0.00   1
   107638  40.502295 -124.504606    26.900   -23080.7    -5323.2     5472.6     43.5     48.9     66.3 2021  8 29 17 32  5.980  0.00   1
   107639  40.504789 -124.503638    27.027   -22998.2    -5046.2     5600.0     94.7    124.0    126.1 2021  9  1  5  5 36.660  0.00   1
   107641  40.501933 -124.504883    27.122   -23104.2    -5363.4     5695.2     31.1     35.2     47.2 2021 10  7 19  8 24.060  0.00   1
   107644  40.502181 -124.501514    27.516   -22818.7    -5335.8     6089.2     42.2     52.9     65.9 2021 10 30 23 40 23.100  0.00   1
   107645  40.502315 -124.507340    26.788   -23312.4    -5320.9     5360.3     53.4     49.2     49.8 2021 11 20  8 44 57.940  0.00   1
   107648  40.501839 -124.504850    27.111   -23101.4    -5373.8     5683.8     31.5     40.4     49.1 2021 12 18  8 55  3.900  0.00   1
   107651  40.502332 -124.503117    26.891   -22954.5    -5319.1     5463.4     55.4     65.8     68.0 2022  1 12 11 34 59.600  0.00   1
   107654  40.501835 -124.502181    27.657   -22875.3    -5374.2     6229.6     39.7     73.4     57.7 2022  4 13 23 57 43.640  0.00   1
   107655  40.497660 -124.496582    27.193   -22401.5    -5837.8     5765.6     88.2    115.8    163.7 2022  7 29 16 38  2.820  0.00   1
   107656  40.503337 -124.504435    27.054   -23066.0    -5207.5     5627.0     47.8     70.2     64.9 2022  8 10  2 25 35.080  0.00   1
   107657  40.502327 -124.507332    26.786   -23311.7    -5319.6     5358.7     53.7     48.4     50.4 2022  8 23  6 57 35.860  0.00   1
   107661  40.502877 -124.505208    26.753   -23131.6    -5258.6     5325.9     33.9     48.3     56.7 2022 10 16 17  6 16.580  0.00   1
   107662  40.502726 -124.505664    26.786   -23170.2    -5275.3     5359.1     34.4     44.6     55.3 2022 10 16 21 31  2.740  0.00   1
   107663  40.502710 -124.505656    26.795   -23169.6    -5277.1     5367.4     34.3     44.9     55.4 2022 10 16 17  0 17.060  0.00   1
   107664  40.524841 -124.392269    23.486   -13559.6    -2819.5     2058.3     60.7     91.0     73.4 2020  3 13 19 20 41.280  0.00   1
   107680  40.563578 -124.010677    22.943    18763.7     1482.1     1515.9    131.6     73.4    120.6 2020  4 27  3 46 18.440  0.00   1
   107683  40.562268 -124.010124    22.621    18810.8     1336.6     1193.5     68.8     49.5     54.3 2020 11 11 11 22 54.400  0.00   1
   107687  40.562337 -124.009611    22.756    18854.2     1344.2     1328.4     93.5     62.6     70.0 2021 12 25 23  5 26.280  0.00   1
   107808  40.546106 -124.197388    27.766     2950.4     -458.2     6339.0    201.2    118.0    178.1 2020  3 18 22 58 40.420  0.00   1
   107818  40.469678 -123.822998    23.344    34683.5    -8945.2     1916.7     44.7     75.0     71.8 2021  1 21 21  8 56.860  0.00   1
   107819  40.469873 -123.820947    23.310    34857.3    -8923.5     1882.6     42.7     93.1     72.0 2021  1 24 19 45 59.820  0.00   1
   107820  40.470667 -123.821753    23.318    34788.8    -8835.4     1890.4     42.5     77.7     66.2 2022  1 24 23 34 18.900  0.00   1
   107822  40.464852 -123.820215    23.057    34920.6    -9481.1     1629.7     73.9    140.7    108.6 2022  9 20 16  0 37.520  0.00   1
   107823  40.470496 -123.823543    23.321    34637.1    -8854.4     1893.9     51.9     65.7     76.0 2022 11 20 17  4 54.300  0.00   1
   107825  40.516707 -124.416463    19.841   -15610.2    -3722.7    -1586.6     42.8     52.8     57.1 2020  3 18 23 32 29.300  0.00   1
   107844  40.620190 -124.311230    19.505    -6689.2     7768.6    -1922.7     96.2     58.8    202.9 2020  3 18  4 40 58.500  0.00   1
   107847  40.620101 -124.306047    21.313    -6250.3     7758.6     -113.8     93.6     57.3    184.7 2022  1 23 16 30 25.180  0.00   1
   107849  40.620207 -124.312777    19.124    -6820.1     7770.4    -2302.9    100.5     59.5    219.3 2022 10 21 10 46 28.380  0.00   1
   107887  40.578202 -124.431803    22.274   -16902.2     3106.0      846.6     86.5     77.2    117.6 2020  7 13 13  8 40.060  0.00   1
   107888  40.578532 -124.430387    22.944   -16782.3     3142.6     1516.7     63.5     42.2    103.0 2020  8 15  3 41 44.920  0.00   1
   107890  40.578984 -124.430672    22.960   -16806.4     3192.7     1532.9     57.2     42.7    104.1 2021  8  9 17  8 53.000  0.00   1
   107891  40.584025 -124.425830    23.222   -16395.7     3752.6     1795.2     86.3     77.6    127.5 2021  8 11  0 58 47.400  0.00   1
   107895  40.577950 -124.429183    22.382   -16680.4     3078.0      954.3    108.9     58.0    126.3 2022  9  4 19 13 25.340  0.00   1
   107928  40.580408 -124.426042    22.346   -16414.0     3350.9      918.3     91.1    159.2    189.5 2020  7 22  0 55 19.100  0.00   1
   107930  40.611080 -124.437085    22.201   -17345.3     6756.9      774.0    150.1    107.7    302.1 2021 12 13  1 46 42.200  0.00   1
   107964  40.531327 -124.400627    17.044   -14266.9    -2099.3    -4383.5     43.9     54.2     97.9 2021 11 14  0  8  4.400  0.00   1
   107965  40.531824 -124.400057    16.961   -14218.6    -2044.1    -4465.8     48.0     60.5    101.9 2021 12 21 22 13 12.300  0.00   1
   107971  40.533370 -124.400903    16.354   -14290.2    -1872.4    -5073.7     91.1     70.8    138.9 2022 10  9 19  5  2.280  0.00   1
   107978  40.530086 -124.423966    26.628   -16244.4    -2237.1     5200.8     56.1     74.5     83.1 2021  4 15  8 56 41.520  0.00   1
   107980  40.524341 -124.426294    27.469   -16442.2    -2875.1     6042.2     63.7     59.4     86.3 2021  8  4 18 58 46.060  0.00   1
   107981  40.521952 -124.420093    26.880   -15917.1    -3140.3     5452.8     94.6     75.2    118.3 2021  8 21 16 23 33.700  0.00   1
   107983  40.526868 -124.422949    26.867   -16158.6    -2594.5     5440.2     86.8     82.3    106.3 2021 11  3  7 32 49.840  0.00   1
   107984  40.519853 -124.423926    27.197   -16242.1    -3373.5     5770.2     85.2     88.1    123.2 2021 12  3 10 42 13.240  0.00   1
   107988  40.527604 -124.419246    25.938   -15844.8    -2512.7     4510.4     78.5     67.7    117.4 2022  2 13 11 20 53.200  0.00   1
   107989  40.528719 -124.416227    26.482   -15588.9    -2388.9     5054.8     84.4     79.6     84.5 2022  4 26 22 35 44.360  0.00   1
   107990  40.525541 -124.426929    26.914   -16495.9    -2741.8     5486.7     68.0     67.6     83.5 2022  8 18  8 41 53.440  0.00   1
   107991  40.528764 -124.426831    26.451   -16487.2    -2383.9     5023.4     48.6     66.4     85.5 2022 11  8  8 40 30.120  0.00   1
   107992  40.525069 -123.979207    20.618    21435.2    -2794.2     -809.5     76.1     65.2     78.5 2020  3 19 15 51  1.740  0.00   1
   107998  40.524166 -123.977336    20.738    21593.9    -2894.5     -689.7     72.2     69.5     77.6 2022  1 22 10 34 20.100  0.00   1
   107999  40.527877 -123.978019    20.684    21535.4    -2482.4     -743.6     63.2     70.6     71.2 2022  2 15  1 12 31.400  0.00   1
   108057  40.459904 -124.445890    22.812   -18111.1   -10030.5     1385.1    182.2    193.2    162.3 2021 12  5 19 24 48.900  0.00   1
   108061  40.465027 -124.441870    22.530   -17769.7    -9461.6     1102.8     98.0     90.5    143.1 2022  9 23 15 56 33.080  0.00   1
   108062  40.475411 -124.420133    21.265   -15926.1    -8308.5     -162.5    152.1    165.9    164.7 2022  9 28 23  9 12.340  0.00   1
   108063  40.576123 -124.347721    28.161    -9781.7     2875.1     6733.4    170.6    145.8    214.6 2020  3 20  8 49 18.520  0.00   1
   108064  40.581889 -124.347949    26.381    -9800.6     3515.4     4954.0    160.8    147.1    289.0 2021 10 17  9 59  8.260  0.00   1
   108067  40.538668 -124.405656    28.555   -14692.2    -1284.1     7127.5     61.0     64.2     57.0 2021 11  3 11  8 47.100  0.00   1
   108068  40.534985 -124.406087    28.526   -14729.1    -1693.1     7098.6     78.9     72.0     70.8 2021 11  3  4 10 39.340  0.00   1
   108070  40.537463 -124.405713    28.622   -14697.2    -1417.9     7195.2     57.1     60.6     60.1 2021 12 20 21 58 50.200  0.00   1
   108071  40.537813 -124.404606    29.149   -14603.4    -1379.0     7721.6     66.7     58.0     67.0 2022  1  6 19 21 44.640  0.00   1
   108073  40.616085 -123.951465    22.104    23769.5     7312.7      676.3     62.8     52.3    115.4 2020  9 26  5 11 46.240  0.00   1
   108076  40.614616 -123.945435    21.429    24280.3     7149.5        2.0     90.8     81.5     75.7 2021 10 28  3 17 37.200  0.00   1
   108082  40.614575 -123.945540    21.468    24271.4     7145.0       41.1     91.9     81.7     75.9 2022  4 23 20  0 10.440  0.00   1
   108083  40.620719 -123.947152    21.173    24133.8     7827.3     -254.7     41.6     34.7     70.5 2022  6 17 14 38  4.080  0.00   1
   108103  40.550793 -124.243807    23.600     -981.6       62.4     2172.8    110.7     99.2     90.5 2020  3 24  7  2 14.780  0.00   1
   108105  40.552218 -124.255957    21.504    -2010.7      220.5       76.4     81.8     62.8     82.3 2020 11 21  0 51 45.000  0.00   1
   108108  40.548551 -124.247062    23.307    -1257.3     -186.6     1879.5    116.6    107.8     93.8 2022 11 11 23  8  9.040  0.00   1
   108253  40.742200 -123.836849    20.103    33441.9    21317.1    -1324.0     81.2     79.1    153.5 2020  3 28 12 19 52.180  0.00   1
   108254  40.745703 -123.840308    20.094    33148.5    21706.2    -1333.6     81.9     71.2    111.5 2020  9 14 17 47 56.900  0.00   1
   108256  40.480013 -124.454232    18.999   -18815.3    -7797.5    -2428.2     60.2     61.8    117.3 2020  3 29  2 10 37.820  0.00   1
   108258  40.475183 -124.456169    19.661   -18980.1    -8333.8    -1765.9     65.0     82.2     85.1 2021 10  3  5 55  4.840  0.00   1
   108259  40.475631 -124.455957    19.588   -18962.1    -8284.1    -1839.2     55.9     64.8     82.8 2021 11 19  6 49 32.480  0.00   1
   108344  40.525859 -124.400171    16.382   -14228.9    -2706.6    -5045.5    108.2     71.3    198.9 2022  6  5 23 40 24.620  0.00   1
   108357  40.571383 -124.096346    22.431    11507.2     2348.7     1003.3    109.4     71.0     71.2 2021  2 21 19 35 38.660  0.00   1
   108358  40.572738 -124.095898    22.837    11545.0     2499.2     1409.9    131.4     88.7     82.3 2021 10 31 11 18 33.720  0.00   1
   108359  40.568355 -124.097469    22.556    11412.4     2012.5     1128.3    101.7     77.5     69.3 2022  2  6  9 49 13.780  0.00   1
   108413  40.468441 -124.505062    23.434   -23125.1    -9082.5     2006.4    125.8    193.7    259.1 2020  4 13  9 58 32.960  0.00   1
   108414  40.473201 -124.499878    22.346   -22684.9    -8553.9      918.7    120.3    162.7   1054.5 2020  8 28 23 50 45.120  0.00   1
   108415  40.467961 -124.499886    26.664   -22686.5    -9135.9     5237.0    149.6    181.9    216.9 2020  9 24 22 17 36.960  0.00   1
   108416  40.468298 -124.503776    25.044   -23016.1    -9098.3     3616.5     66.3     99.0    172.8 2021  2  3  1 21 28.060  0.00   1
   108422  40.469604 -124.508162    23.971   -23387.7    -8953.3     2543.5     54.1     78.0    109.5 2021 11 29 21 27 26.620  0.00   1
   108424  40.464701 -124.504403    26.221   -23069.8    -9497.8     4793.3     54.1     82.2    108.2 2022  2 13  8 54 23.040  0.00   1
   108430  40.469320 -124.505062    24.263   -23124.9    -8984.9     2835.4     60.5     82.5    236.5 2022 11 14 21 27 40.840  0.00   1
   108460  40.610140 -124.086597    15.125    12329.3     6652.5    -6301.9     86.7     65.8    142.0 2020  4 19 16  8 58.720  0.00   1
   108464  40.611361 -124.093433    18.383    11750.5     6788.1    -3044.1     99.9     56.9    109.7 2022  1 22 11 10 16.600  0.00   1
   108465  40.612337 -124.096012    17.994    11532.0     6896.5    -3432.8     82.9     73.0     76.4 2022  1 29  6 14 29.780  0.00   1
   108466  40.583289 -124.294629    21.786    -5285.2     3670.8      358.5     92.7     62.0     95.9 2020  4 19 16 21  7.220  0.00   1
   108475  40.494507 -124.430347    26.167   -16789.3    -6188.0     4740.1     80.5     74.2    136.2 2020  8 21 16 41  2.020  0.00   1
   108479  40.506384 -124.435417    22.669   -17217.4    -4869.1     1241.7    102.3     92.6    135.8 2021  9 26  7 21 14.820  0.00   1
   108490  40.639327 -124.003092    23.705    19395.2     9893.6     2277.5     87.8     71.0     91.5 2020  4 19  6 45 57.780  0.00   1
   108491  40.515828 -124.341577    18.272    -9265.5    -3820.3    -3155.2     51.9     63.9     67.8 2020  4 21 11 21 54.140  0.00   1
   108492  40.509749 -124.335604    18.959    -8759.8    -4495.4    -2468.0     34.7     33.2     44.4 2020  6 19  5 30 29.960  0.00   1
   108493  40.509973 -124.332943    19.099    -8534.3    -4470.6    -2328.4     43.9     42.6     58.8 2021  3 12  1 30 38.560  0.00   1
   108494  40.510059 -124.335099    19.091    -8717.1    -4461.1    -2335.8     48.7     36.2     61.6 2021  6 14 22 35  4.460  0.00   1
   108495  40.510494 -124.328597    19.689    -8166.1    -4412.7    -1738.5     80.5     59.2     84.3 2021  6 14 21 36  2.260  0.00   1
   108496  40.508525 -124.330998    19.581    -8369.6    -4631.4    -1846.5     60.9     91.7     68.1 2021  6 14 21 44 45.960  0.00   1
   108497  40.510107 -124.336230    19.037    -8812.9    -4455.6    -2390.3     35.0     33.6     47.3 2021  6 15  9 44 20.640  0.00   1
   108498  40.510901 -124.335107    18.940    -8717.7    -4367.5    -2487.1     46.9     43.3     48.7 2021  6 15  8 53  6.160  0.00   1
   108499  40.510771 -124.336336    18.715    -8821.8    -4382.0    -2711.8     35.6     38.7     53.8 2021  6 15  9 30  2.180  0.00   1
   108500  40.511670 -124.337378    18.768    -8910.0    -4282.1    -2659.3     44.7     46.5     57.5 2021  6 15  9 15  5.520  0.00   1
   108501  40.510234 -124.333887    19.132    -8614.3    -4441.6    -2295.7     47.2     41.5     62.1 2021 12 11  4 20 38.740  0.00   1
   108566  40.641447 -124.058024    23.282    14745.1    10129.0     1854.4    134.8     55.8    195.8 2020  5  5 15 41 19.740  0.00   1
   108569  40.507463 -124.486678    23.277   -21560.7    -4749.3     1849.8     99.6     89.1    213.8 2020  5  6  2 15 26.660  0.00   1
   108570  40.509416 -124.488330    24.484   -21700.4    -4532.5     3056.6     82.9     92.1    225.2 2021  7 27  7 34 24.040  0.00   1
   108571  40.607817 -124.087069    17.503    12289.6     6394.5    -3924.0     71.1     52.4     71.4 2020  5  9 23 48 21.420  0.00   1
   108578  40.490181 -124.505298    15.711   -23141.4    -6668.3    -5716.4     70.8     74.3    235.4 2022  3 19 17 38 45.720  0.00   1
   108600  40.553206 -124.257878    24.895    -2173.4      330.3     3468.2     82.0     61.5    108.1 2020  8  8  3  7 36.200  0.00   1
   108601  40.546928 -124.251383    26.154    -1623.4     -366.9     4726.8    132.1    100.3    131.3 2021  7 18  8 37 44.140  0.00   1
   108604  40.547742 -124.246672    23.151    -1224.3     -276.5     1723.8    133.9     52.8     92.7 2022  6 14  4 29 40.760  0.00   1
   108605  40.552209 -124.233122    21.909      -76.5      219.6      481.9    189.1     72.1    111.9 2022  6 29  2 18 33.580  0.00   1
   108609  40.532829 -124.346257    18.227    -9660.8    -1932.5    -3199.8     50.4     42.5     81.0 2020  5 21  5 49 36.720  0.00   1
   108610  40.532829 -124.346248    18.225    -9660.1    -1932.5    -3201.9     50.5     42.5     80.8 2020  5 21  6  0 18.060  0.00   1
   108611  40.542151 -124.342847    17.316    -9371.3     -897.4    -4111.3     60.4     44.3     52.6 2020  5 21  5 49 32.040  0.00   1
   108616  40.526973 -124.404362    19.137   -14583.9    -2582.7    -2290.0     58.4     60.2     61.6 2020  5 27 17 28 46.460  0.00   1
   108617  40.528035 -124.400610    17.749   -14265.9    -2464.8    -3678.3     47.6     60.1     87.2 2021 12 21  9 14 12.320  0.00   1
   108618  40.522900 -124.412386    18.349   -15264.1    -3035.0    -3078.6     54.9     51.0     77.3 2020  5 29  3 10 10.980  0.00   1
   108624  40.531836 -124.337451    19.928    -8914.9    -2042.8    -1498.9     75.1     82.5    112.0 2020  6  1 23 58 17.820  0.00   1
   108625  40.519478 -124.329858    21.228    -8272.4    -3415.0     -199.6     77.3     77.5     78.1 2020  6 24  4 56 53.760  0.00   1
   108626  40.519462 -124.329826    21.236    -8269.7    -3416.9     -191.1     77.6     78.1     78.5 2020  6 25 13  0 35.620  0.00   1
   108655  40.578825 -124.190186    19.160     3559.6     3175.1    -2267.1     76.8     31.9     57.5 2021 10 12  3 27 25.740  0.00   1
   108724  40.623482 -123.929508    21.579    25627.0     8134.1      151.8     63.0     51.4     64.7 2020  6 14 11 45 45.620  0.00   1
   108732  40.587703 -123.915218    20.814    26843.9     4161.0     -612.9    127.1    146.8    257.7 2022 10 13 19 35 55.660  0.00   1
   108757  40.543966 -124.055575    19.915    14963.2     -695.8    -1512.1     61.9     62.3     57.7 2020  6 14 14 58 40.620  0.00   1
   108758  40.540849 -124.053564    19.922    15133.9    -1042.0    -1505.5     73.3     56.0     63.1 2021  3  4 22 22 58.560  0.00   1
   108759  40.537651 -124.040194    20.380    16266.9    -1397.1    -1047.2     81.9    102.8     80.8 2022  2 22 19 27 13.320  0.00   1
   108760  40.538700 -124.043937    19.882    15949.6    -1280.5    -1545.4    103.6     60.5     71.1 2022  3 14  4  0 41.420  0.00   1
   108761  40.538525 -124.047144    19.995    15678.0    -1300.0    -1432.4     69.0     67.7     74.5 2022  4  7 13 29 19.080  0.00   1
   108768  40.612280 -124.089933    18.253    12046.7     6890.2    -3174.7    128.1     80.9     68.0 2020 12 14 11 30 35.940  0.00   1
   108775  40.487817 -123.868066    20.835    30859.6    -6930.8     -592.0     85.3    130.7    115.6 2021  3 12  6 12 15.860  0.00   1
   108778  40.521208 -123.909684    21.127    27326.0    -3223.0     -300.3     32.6     32.7     42.4 2021 10  5  6 18 43.140  0.00   1
   108780  40.521456 -123.909961    21.115    27302.5    -3195.4     -312.6     34.1     32.4     41.8 2021 10  6 16 45 29.740  0.00   1
   108782  40.521248 -123.909766    21.116    27319.1    -3218.5     -311.3     33.2     32.6     42.3 2021 10  6 17 13 28.040  0.00   1
   108784  40.527429 -123.913501    20.774    27001.4    -2532.1     -653.0     87.7     97.2    135.8 2021 10  6 18 40 27.620  0.00   1
   108785  40.520992 -123.909456    21.123    27345.3    -3247.0     -304.5     34.3     33.7     44.2 2021 10  6 19 49 19.280  0.00   1
   108789  40.522078 -123.910506    21.119    27256.2    -3126.3     -308.4     36.3     33.1     41.0 2021 10  6 11 42 23.740  0.00   1
   108794  40.521252 -123.909692    21.118    27325.3    -3218.0     -309.3     36.6     33.6     44.9 2021 10  9 19 44 44.220  0.00   1
   108797  40.509603 -123.898340    21.360    28289.5    -4511.7      -66.8     73.4     87.6     60.6 2021 10 10 14 55 46.020  0.00   1
   108839  40.501099 -124.432064    23.590   -16934.0    -5456.0     2162.3     60.9     62.6     56.8 2021  4  7 10 38 50.740  0.00   1
   108840  40.499125 -124.437036    23.568   -17355.6    -5675.2     2141.0     40.0     40.1     58.3 2021 11  7  2 42 54.760  0.00   1
   108860  40.630103 -123.929712    21.524    25608.5     8869.3       96.3     92.3     86.8    102.0 2020  7  8 15  4 51.000  0.00   1
   108864  40.610042 -123.881795    23.851    29669.3     6641.7     2424.0     66.9     56.4    107.1 2020  7 12  6 10  9.180  0.00   1
   108865  40.609408 -123.883073    23.849    29561.2     6571.2     2421.9     74.7     62.9    105.8 2021  7 25  9 12 32.240  0.00   1
   108866  40.609212 -123.887297    23.660    29203.7     6549.5     2232.6     79.1     63.8    245.8 2022  9 20 20 35 29.800  0.00   1
   108897  40.598079 -124.119653    16.150     9531.4     5313.2    -5277.1    202.1     95.2    143.8 2020  7 21  9 58 36.880  0.00   1
   108901  40.606291 -124.111328    17.978    10235.7     6225.1    -3449.2    129.9     58.6     90.1 2020  7 28 10 54 20.520  0.00   1
   108918  40.645447 -124.016406    18.589    18267.4    10573.2    -2838.2     88.1     43.1     86.6 2020  8 14  7 59 14.720  0.00   1
   108919  40.645919 -124.012451    18.807    18602.1    10625.6    -2620.3     72.3     48.8     68.7 2020  8 14  7 29 17.360  0.00   1
   108921  40.645903 -124.019059    18.366    18042.7    10623.8    -3061.1     51.4     38.6     62.3 2021 11 16 18 50  1.700  0.00   1
   108922  40.589071 -124.106576    20.399    10639.5     4312.9    -1028.5    155.8     73.8     89.4 2020  8 17 22 44  9.820  0.00   1
   108923  40.588949 -124.106714    20.374    10627.8     4299.3    -1053.5    156.8     73.9     89.0 2020  8 17 22 37  2.940  0.00   1
   108925  40.605294 -124.110897    20.329    10272.3     6114.4    -1097.8     88.9     59.1     92.5 2021  6 29  5 32 28.020  0.00   1
   108926  40.600928 -124.120426    20.622     9465.7     5629.5     -805.5    130.1     61.4     84.3 2021  9  2  7  3 32.740  0.00   1
   108956  40.532210 -124.247184    18.789    -1267.8    -2001.2    -2638.2     53.6     45.8     66.1 2020  8 19  9 20 36.680  0.00   1
   108957  40.531628 -124.246810    18.851    -1236.1    -2065.8    -2576.1     69.4     44.6     61.9 2021  7 30  7  1 16.480  0.00   1
   108959  40.534558 -124.248381    18.524    -1369.2    -1740.5    -2903.2     57.1     47.3     76.8 2022  9 20 20 46 19.020  0.00   1
   108974  40.605806 -124.217464    23.829     1249.2     6171.3     2401.3    125.6     79.8    180.4 2021  6  2  8  1  4.060  0.00   1
   108976  40.604517 -124.238379    23.494     -521.6     6028.1     2066.8    128.1     65.6    118.9 2021  8  2  1 42 32.520  0.00   1
   108977  40.610714 -124.221012    25.355      948.8     6716.2     3927.7     91.2     81.6    111.6 2021  9 27 13 54 30.160  0.00   1
   108978  40.610531 -124.221094    25.304      941.9     6695.9     3876.5     87.1     79.9    109.6 2021 11 19  5 14  6.980  0.00   1
   108988  40.603723 -124.049308    23.786    15487.2     5940.0     2358.4    153.4     81.1    100.4 2021  9 19  2 30 15.040  0.00   1
   108995  40.563171 -123.933610    22.052    25291.1     1436.9      624.5     39.9     37.3     48.3 2020  9  7  3  4 36.280  0.00   1
   108998  40.563879 -123.932690    21.893    25368.8     1515.5      465.9     30.2     26.9     34.9 2020 11 23  2 17 29.880  0.00   1
   108999  40.562012 -123.933000    21.996    25343.0     1308.1      568.9     40.2     32.8     40.4 2020 11 23  2 27  1.080  0.00   1
   109001  40.564124 -123.934237    22.024    25237.8     1542.6      596.5     47.6     52.8     52.5 2021  4 25  2 44 15.560  0.00   1
   109003  40.564771 -123.936613    22.171    25036.4     1614.4      743.3     35.3     32.2     53.9 2021  9 25  7 21 32.760  0.00   1
   109005  40.562345 -123.932625    22.082    25374.6     1345.1      654.8     31.2     24.5     49.0 2022  1 19 16 50 43.900  0.00   1
   109006  40.561589 -123.930973    22.148    25514.7     1261.1      721.1     43.0     48.9     52.0 2022  1 23  4 17 44.580  0.00   1
   109007  40.561312 -123.930509    22.085    25554.0     1230.4      657.9     61.3     37.5     85.1 2022  1 23 13 55 42.740  0.00   1
   109008  40.564848 -123.936743    22.102    25025.4     1623.0      675.1     32.7     35.7     63.3 2022  5 17 14 52 29.660  0.00   1
   109027  40.520968 -123.898242    19.687    28295.4    -3249.7    -1740.1     97.7    100.4    117.6 2020  9 12  9 10  3.360  0.00   1
   109029  40.531730 -123.900879    23.095    28069.8    -2054.5     1668.2     72.4     78.4     72.2 2021 10 21 16 23 18.500  0.00   1
   109031  40.527681 -123.910482    20.587    27257.1    -2504.1     -839.8     92.1     93.9    127.4 2022  9 21 22  2  0.300  0.00   1
   109034  40.608687 -123.929688    24.555    25614.6     6491.2     3128.2    104.8     66.1    108.0 2021 10 16  0 56 17.260  0.00   1
   109035  40.606812 -123.917619    25.086    26636.8     6282.9     3658.5     64.3     56.8     78.7 2022  4  7  7 43 59.660  0.00   1
   109037  40.599430 -124.118490    18.674     9629.8     5463.3    -2753.4     90.2     56.6     74.4 2021  8 28 10 22 15.280  0.00   1
   109040  40.536117 -124.049438    19.843    15483.9    -1567.4    -1583.8     93.6     49.6     90.4 2021  5  4 20 49 28.940  0.00   1
   109042  40.535205 -124.046517    19.841    15731.5    -1668.7    -1586.0     72.5     51.2     63.5 2021 12 10 18 19  3.380  0.00   1
   109047  40.658936 -123.881551    27.095    29679.2    12071.0     5668.2    192.8    169.9    321.0 2022  7  7 10 16 42.560  0.00   1
   109051  40.586271 -124.067098    21.507    13982.7     4002.0       79.6     80.6     60.1     68.0 2022 10 22  1 32  8.620  0.00   1
   109052  40.617574 -124.071175    18.168    13634.3     7478.0    -3259.1    236.5     98.3    128.2 2020  9 18  1 49 50.060  0.00   1
   109054  40.624797 -124.084253    17.500    12526.4     8280.1    -3927.6    284.1     58.4     79.7 2021  8  3  7 25 29.060  0.00   1
   109057  40.620760 -124.075871    17.389    13236.4     7831.8    -4038.0    144.0     54.0    103.4 2021 11  1 20 23 11.500  0.00   1
   109058  40.619580 -124.081942    17.820    12722.6     7700.8    -3607.0    102.8     63.3     82.1 2022  7  2 18 54 53.920  0.00   1
   109059  40.618298 -124.078597    17.786    13005.9     7558.5    -3641.1     82.3     47.2     83.1 2022  7  5 10 26 16.440  0.00   1
   109060  40.609261 -124.073991    18.599    13396.7     6554.9    -2828.7    153.1     63.2    135.2 2022  9 22  5 20 24.860  0.00   1
   109079  40.591996 -124.321493    21.550    -7559.6     4637.7      123.0     87.7     57.7    206.3 2020  9 24  1 37  2.540  0.00   1
   109081  40.591329 -124.321989    21.317    -7601.7     4563.6     -110.0     78.8     55.7    127.9 2021  8  3  7 28  1.280  0.00   1
   109082  40.591313 -124.319051    21.387    -7352.9     4561.8      -40.4     94.5     60.6    118.4 2021  8  3  7 28 11.760  0.00   1
   109083  40.588900 -124.324683    20.557    -7829.9     4293.9     -870.2     69.9     69.4    141.2 2022  3 18 23 22 52.560  0.00   1
   109086  40.632747 -124.110685    17.730    10288.1     9163.0    -3696.2    290.0    176.2    236.3 2020  9 29 20 57 21.240  0.00   1
   109088  40.588965 -124.090584    24.981    11993.6     4301.1     3554.2    186.3     86.1    203.8 2021  8  2  6  3 50.240  0.00   1
   109099  40.524878 -124.381527    16.912   -12649.5    -2815.4    -4514.8     75.5     49.9    108.0 2022 11  3 21 25 34.920  0.00   1
   109112  40.571830 -123.939258    21.334    24811.1     2398.4      -93.2     56.8     37.0     65.4 2020 11 28  4 46 13.820  0.00   1
   109120  40.572648 -123.939901    21.527    24756.5     2489.2       99.4     26.7     30.7     48.6 2021 10  7 15 37 20.960  0.00   1
   109123  40.569458 -123.936621    21.123    25034.9     2135.0     -304.1     43.8     60.4     94.9 2021 10  7 10 58 29.020  0.00   1
   109127  40.572640 -123.939868    21.520    24759.3     2488.3       92.9     27.1     30.9     49.6 2021 10  9 15  2 48.760  0.00   1
   109129  40.523617 -124.429899    19.720   -16747.8    -2955.5    -1707.3     35.6     66.2     58.9 2020 10 11 16 54  4.900  0.00   1
   109133  40.641158 -124.027938    18.936    17291.8    10096.9    -2490.9     90.9     81.3     84.7 2020 10 20  3 57  2.000  0.00   1
   109186  40.663558 -123.898901    23.237    28209.8    12584.3     1809.9    116.6    107.7     93.4 2020 11 10  7 29 44.140  0.00   1
   109189  40.671476 -123.902319    21.770    27918.8    13463.6      343.1    104.4     58.7     98.1 2021  5 13  9 32 24.180  0.00   1
   109190  40.666309 -123.903206    23.067    27844.8    12889.8     1640.1     95.7     90.2    109.1 2022  6 25  8 45  6.260  0.00   1
   109416  40.594303 -123.965959    22.221    22546.0     4893.9      794.1     69.3     46.7     62.7 2020 11 28  4 41 25.020  0.00   1
   109417  40.594202 -123.965796    22.214    22559.8     4882.6      786.4     69.3     45.1     61.2 2020 11 28  4 28 30.560  0.00   1
   109418  40.596777 -123.972420    22.412    21998.5     5168.7      985.2     66.1     76.3     90.0 2021  3 28 11 21 31.120  0.00   1
   109420  40.596773 -123.914933    22.018    26866.2     5168.2      590.4     98.8     75.7     73.6 2020 12  7 19  3 16.040  0.00   1
   109421  40.606604 -123.916715    21.751    26713.4     6259.9      323.7     97.5     79.1    107.8 2020 12  7 19  5 36.340  0.00   1
   109427  40.594877 -123.900171    25.532    28116.6     4957.6     4104.3     82.7     65.1     82.2 2020 11 29  9 45 15.600  0.00   1
   109428  40.595589 -123.892424    26.200    28772.5     5036.7     4772.8     98.4    140.6    110.5 2021  1 19 12 58 57.580  0.00   1
   109430  40.592574 -123.898088    25.627    28293.5     4701.9     4199.4     69.6     50.2     57.5 2022  3 18  0  7 21.100  0.00   1
   109436  40.606592 -124.097396    15.263    11415.3     6258.5    -6164.3    121.2     95.0     80.1 2020 12  1 11 36 42.680  0.00   1
   109448  40.559233 -124.019255    22.273    18037.8      999.5      846.2     38.2     39.4     44.7 2022  1 19 22 27 40.720  0.00   1
   109451  40.560022 -124.018750    21.908    18080.4     1087.1      480.7     39.5     37.1     45.4 2022  6  9  2 12 47.440  0.00   1
   109453  40.560425 -124.023006    21.974    17719.9     1131.9      546.6     71.8     48.3     57.6 2022 11 22  5  9 14.600  0.00   1
   109457  40.586401 -124.191772    22.302     3425.0     4016.4      874.4    186.8     77.3    145.4 2022 11 20 16 58  8.260  0.00   1
   109458  40.553487 -123.893913    22.636    28655.3      361.5     1209.0     67.1     64.8     77.3 2020 12 19 19 50 56.380  0.00   1
   109460  40.595683 -124.223193    25.324      764.2     5047.1     3896.7    169.5    127.2    226.5 2021  2 11 13 50 26.620  0.00   1
   109461  40.598519 -124.115715    16.434     9864.9     5362.0    -4992.8    139.6    117.4    106.1 2021  1  4  6 14 34.600  0.00   1
   109483  40.488892 -124.467147    22.985   -19908.5    -6811.6     1557.4    108.0    229.3    339.8 2021  1 13 19 34 16.280  0.00   1
   109484  40.518510 -124.465885    23.568   -19797.3    -3522.6     2140.3     95.9    103.1    213.9 2021  2 12 14 58  6.120  0.00   1
   109485  40.517643 -124.451660    25.300   -18592.2    -3618.8     3872.3    105.8    118.4    171.9 2022  6  3  7 37 13.740  0.00   1
   109491  40.553459 -124.051888    23.170    15274.4      358.3     1742.7     88.8     65.5     70.0 2022 11 12 22 18 21.100  0.00   1
   109493  40.578992 -124.220223    19.892     1015.9     3193.6    -1535.1    113.4     39.7     73.4 2021 12 30 20 43 22.380  0.00   1
   109498  40.582043 -124.145939    22.651     7306.5     3532.5     1223.5    135.9     81.2     64.8 2022  3 29  0 35 16.680  0.00   1
   109534  40.644218 -124.006348    18.264    19119.0    10436.7    -3162.9     74.2     66.5     80.4 2021  3  6  9 15 31.140  0.00   1
   109535  40.652730 -124.020736    18.002    17899.9    11382.0    -3425.3    126.6     49.3    107.5 2021  3  6  9 16 35.960  0.00   1
   109542  40.541764 -123.907544    22.895    27503.1     -940.3     1467.5     83.3     80.8     75.0 2021  3 19 20 18 50.400  0.00   1
   109543  40.539559 -123.903426    22.975    27852.4    -1185.2     1548.3     80.2    109.7     96.0 2021  7 28 11 59  6.040  0.00   1
   109544  40.540320 -123.907308    22.930    27523.4    -1100.7     1502.6     53.9     51.0     82.3 2021 11  2 15 33 30.400  0.00   1
   109546  40.534517 -123.913053    23.134    27037.9    -1745.0     1706.9     75.9    114.1     75.5 2022  2  8 20 52 37.700  0.00   1
   109547  40.543486 -123.906868    22.844    27560.0     -749.2     1416.3     65.8     57.2     77.4 2022  5 16 12 51  7.720  0.00   1
   109550  40.562406 -123.975985    23.605    21702.2     1351.9     2178.0     66.7     55.8     59.4 2021 10 14 12 55 59.780  0.00   1
   109551  40.561869 -123.975057    23.632    21780.9     1292.3     2204.8     63.7     51.0     65.7 2021 10 18 11 26 36.900  0.00   1
   109560  40.576270 -124.419198    23.080   -15834.9     2891.4     1652.3     88.4    109.1    419.9 2021  4 22 19 58  9.520  0.00   1
   109562  40.574666 -124.418628    23.443   -15786.9     2713.3     2015.9     74.0     77.2     89.5 2021 10  1 17 28 56.900  0.00   1
   109563  40.574455 -124.417603    23.128   -15700.1     2689.8     1700.9     88.9     69.5    133.7 2022  6  6  8 33 56.500  0.00   1
   109585  40.700126 -123.969450    21.781    22233.0    16645.1      353.4    166.5    104.5    147.9 2021 12  9  6 38 26.640  0.00   1
   109586  40.608138 -123.807902    26.451    35926.1     6430.2     5023.6    101.0     93.4    177.1 2021  4 25 12  4 20.500  0.00   1
   109587  40.514612 -124.439421    17.015   -17555.6    -3955.4    -4412.6     37.3     40.8    117.9 2021  4 26 14 34  7.560  0.00   1
   109588  40.531868 -124.400073    18.364   -14220.0    -2039.2    -3063.2     56.2     73.0    164.9 2021  4 30  5 48 15.420  0.00   1
   109590  40.595850 -124.010327    22.564    18788.8     5065.6     1137.2     88.2     33.4     68.8 2021  5  1  6 40  3.120  0.00   1
   109592  40.565523 -124.019686    22.266    18000.4     1698.0      838.8     50.0     40.7     51.4 2022  3 10 22 12 16.660  0.00   1
   109593  40.584831 -124.205656    23.211     2249.4     3842.0     1783.9    204.6     62.0    118.2 2021  5 25 13 41 14.420  0.00   1
   109638  40.583854 -123.956681    24.673    23333.4     3733.6     3245.7    123.9    105.5    124.8 2021  6  5 11 28 29.860  0.00   1
   109639  40.574101 -123.957845    23.748    23236.6     2650.5     2320.7    132.7    106.3    123.5 2022  2 26  5 28  3.880  0.00   1
   109640  40.550598 -123.971533    21.109    22081.2       40.7     -318.0     39.7     33.4     53.9 2021  6 14 23  5 14.620  0.00   1
   109641  40.551335 -123.972721    21.136    21980.4      122.4     -291.5     31.5     32.2     39.4 2021  6 15  4  8 20.200  0.00   1
   109643  40.550187 -123.970459    20.994    22172.2       -5.0     -433.6     33.4     42.1     34.1 2021  6 15  2 15 10.680  0.00   1
   109645  40.550151 -123.970443    20.994    22173.6       -9.0     -433.6     32.9     42.2     31.7 2021  9 21 16 59  7.260  0.00   1
   109646  40.550798 -123.972160    21.038    22028.1       62.8     -388.8     57.7     51.7     50.8 2022  8 19 22 15 53.220  0.00   1
   109647  40.550806 -123.972160    21.039    22028.1       63.7     -388.5     57.5     51.9     50.7 2022  9 26 14 46 33.600  0.00   1
   109649  40.477096 -124.515275    16.889   -23989.2    -8121.5    -4537.9     98.0    116.5    195.5 2022  9 18  8 29  6.480  0.00   1
   109653  40.599101 -124.333350    20.810    -8563.2     5426.7     -617.6     93.6     50.0    102.8 2021  6 26 23 51 53.520  0.00   1
   109656  40.602877 -124.306852    18.361    -6319.4     5846.0    -3066.6    129.5     49.3    153.6 2021  7  7 21  8 20.520  0.00   1
   109661  40.598934 -124.331071    20.896    -8370.2     5408.1     -531.2     52.3     32.0     95.6 2022 11 27 17  4 31.920  0.00   1
   109701  40.537305 -124.351156    18.428   -10075.5    -1435.5    -2999.2     58.9     47.9     62.1 2021  7  9 20  8 44.560  0.00   1
   109707  40.704513 -123.932227    22.633    25381.6    17132.1     1205.3     68.1     71.1     99.1 2021  7 21  1 57 33.440  0.00   1
   109708  40.706653 -123.942489    22.488    24513.0    17369.8     1060.5    110.1     45.6     76.5 2022  8 13 12 33 41.180  0.00   1
   109709  40.706628 -123.942440    22.483    24517.1    17367.1     1056.2    109.5     45.3     72.5 2022  8 13 13  7 15.920  0.00   1
   109710  40.480172 -124.403605    19.983   -14524.8    -7779.9    -1444.5     69.5     77.4    104.3 2021  7 21  6 27  7.140  0.00   1
   109714  40.515291 -124.431624    17.889   -16895.0    -3880.0    -3538.2     49.4     69.9     72.4 2021  7 22  8 29 59.260  0.00   1
   109718  40.501839 -124.451546    18.886   -18584.7    -5373.8    -2541.5     81.1     81.8    105.1 2022  4  3 19 26 32.500  0.00   1
   109728  40.639038 -123.917594    21.276    26632.5     9861.5     -151.4     87.4     57.4     71.6 2021 10 28 17 29 28.460  0.00   1
   109729  40.639543 -123.918709    21.288    26538.1     9917.5     -139.0     49.1     44.8     70.0 2021 10 28 20 25 38.640  0.00   1
   109732  40.504907 -124.459937    18.685   -19295.2    -5033.1    -2741.9     41.1     48.7     58.5 2021  8  5  5 11 35.000  0.00   1
   109733  40.505103 -124.457015    20.276   -19047.7    -5011.4    -1150.9     61.5     66.9    115.7 2021 12 18  9  2 20.600  0.00   1
   109734  40.501591 -124.457381    20.069   -19079.2    -5401.4    -1358.4     53.8     70.7     74.1 2021 12 21 16 46 40.580  0.00   1
   109740  40.533110 -124.374382    25.257   -12043.4    -1901.4     3829.6     78.1     55.5    103.4 2021 12 25  9  3 58.480  0.00   1
   109741  40.532849 -124.370638    24.613   -11726.3    -1930.3     3186.1     72.4     67.4    112.2 2022  8 24 18 28  5.620  0.00   1
   109742  40.636943 -124.042350    20.045    16072.4     9628.8    -1382.6     81.5     63.3     88.7 2021  8 23  5 51 36.160  0.00   1
   109744  40.531014 -123.778784    21.905    38413.4    -2134.1      477.4     94.1    142.7     95.4 2021  8 29 12 47 11.520  0.00   1
   109745  40.524548 -123.779842    22.946    38325.6    -2852.0     1519.1    127.0    180.7    178.3 2022  1  7 12 47 18.900  0.00   1
   109758  40.550061 -124.227580    17.697      392.9      -19.0    -3730.2     99.2     53.0     69.5 2021  9 12 22 48 15.460  0.00   1
   109773  40.519751 -124.413737    17.422   -15378.9    -3384.8    -4004.8     50.3     58.9     86.1 2021 12 23 10 30 50.600  0.00   1
   109775  40.577091 -124.213102    18.503     1618.9     2982.6    -2924.4     81.2     41.6    121.3 2021  9 23 19 33 34.900  0.00   1
   109779  40.527576 -124.363859    18.002   -11152.4    -2515.9    -3425.7    109.8     44.0     95.3 2021  9 30  4 43 34.000  0.00   1
   109788  40.517729 -123.882259    21.928    29650.3    -3609.3      500.6     60.3     73.1     98.4 2021 10  7  4 45 50.940  0.00   1
   109789  40.511072 -123.867619    21.678    30892.2    -4348.6      250.4     63.0     58.5    116.5 2021 10  7  5 44  8.100  0.00   1
   109791  40.511373 -123.871932    21.490    30526.7    -4315.1       63.2     43.6     38.6     47.5 2021 10  9 15 14 13.920  0.00   1
   109792  40.510852 -123.879028    21.811    29925.5    -4373.0      384.2     56.5     64.0    100.9 2021 10  9 14 51  7.940  0.00   1
   109793  40.516069 -123.880501    21.655    29799.6    -3793.7      228.0     65.8     63.8    121.7 2021 10  9 19 19 22.180  0.00   1
   109794  40.513432 -123.873617    21.340    30383.5    -4086.5      -86.8     51.8     57.1     91.8 2021 10 16 14 55 23.500  0.00   1
   109795  40.512667 -123.875203    21.594    30249.2    -4171.4      167.1     64.9     58.2     86.4 2021 11  4 10 59  4.180  0.00   1
   109796  40.512317 -123.872559    21.322    30473.4    -4210.3     -105.5     64.3     79.1     92.5 2021 11  7  7 51 35.860  0.00   1
   109801  40.547843 -123.854118    22.477    32027.4     -265.2     1049.6    135.5    136.8    146.8 2022  1 31 19 52 42.840  0.00   1
   109836  40.613892 -124.139404    18.620     7858.1     7069.1    -2807.5    167.0     58.2    139.1 2021 10 22 21  9 45.260  0.00   1
   109837  40.612321 -124.076554    19.958    13179.4     6894.7    -1469.2     71.0     48.2     99.9 2021 10 31 13 10  3.600  0.00   1
   109838  40.558366 -123.954207    22.323    23547.4      903.2      896.2     76.0     65.9    108.0 2021 11  3 19 22 52.340  0.00   1
   109846  40.604761 -124.077734    16.962    13080.2     6055.2    -4465.5    140.9     79.4    126.9 2021 11 25 17 56 31.760  0.00   1
   109849  40.605367 -124.302238    20.290    -5928.5     6122.5    -1137.1    147.4     39.7    162.2 2021 11 29  9 17 10.340  0.00   1
   109852  40.523539 -124.431893    19.880   -16916.7    -2964.1    -1546.8     43.2     56.5     63.6 2022  1 18 10 25 37.780  0.00   1
   110087  40.588326 -124.210221    20.655     1862.7     4230.2     -772.0    108.9     79.3     87.1 2021 12 11 10 51 42.420  0.00   1
   110088  40.543018 -124.316878    19.615    -7171.5     -801.1    -1812.5     92.0     56.5     77.5 2021 12 20 23 40 19.580  0.00   1
   110091  40.543392 -124.315869    19.552    -7086.0     -759.6    -1874.8     84.8     54.1     74.0 2022  8 22 11 46 57.980  0.00   1
   110092  40.547827 -124.315015    18.762    -7013.3     -267.0    -2665.0     78.6     30.6     64.4 2022  8 22 11 19 44.520  0.00   1
   110093  40.545207 -124.314453    19.272    -6965.9     -558.0    -2155.1     82.1     61.6     83.4 2021 12 20 21 17 43.440  0.00   1
   110095  40.546969 -124.323446    20.116    -7727.5     -362.4    -1311.0    144.1     58.4    114.9 2022  7 14  2 59 53.060  0.00   1
   110120  40.517818 -124.423364    19.942   -16194.8    -3599.4    -1484.9     47.6     53.5     53.5 2021 12 20 20 29 25.860  0.00   1
   110127  40.575004 -124.208927    17.220     1972.5     2750.8    -4207.3    253.5     59.4     85.5 2021 12 20 20 15 20.340  0.00   1
   110128  40.549170 -124.296753    24.066    -5466.4     -117.9     2638.6    144.9    137.2    210.3 2021 12 20 20 31  1.340  0.00   1
   110129  40.518079 -124.445890    17.373   -18103.3    -3570.5    -4054.2     78.0     75.3    106.2 2021 12 20 22 57 59.980  0.00   1
   110153  40.505257 -124.333879    17.999    -8613.9    -4994.2    -3428.6     60.4     67.3    109.7 2021 12 21  3 28 34.100  0.00   1
   110154  40.505652 -124.332137    18.443    -8466.4    -4950.4    -2984.1     35.8     36.2     61.8 2021 12 23  6 55 41.480  0.00   1
   110156  40.506254 -124.333049    18.087    -8543.5    -4883.5    -3340.3     49.7     61.6     84.8 2021 12 23  4 51 44.220  0.00   1
   110160  40.521647 -124.420068    18.302   -15915.1    -3174.2    -3125.7     52.1     43.5    120.4 2021 12 21 19 30 31.800  0.00   1
   110168  40.579989 -124.209326    19.092     1938.7     3304.3    -2335.7     85.3     30.0     76.2 2021 12 21  2 44 44.640  0.00   1
   110179  40.545382 -124.349243    22.225    -9912.9     -538.6      797.7    140.8    138.8    206.3 2022  3 20  6 57 16.680  0.00   1
   110181  40.498340 -124.455908    16.020   -18954.8    -5762.4    -5407.7     63.4     61.7    100.4 2021 12 25 16 54 33.700  0.00   1
   110183  40.598702 -124.111214    17.817    10245.9     5382.4    -3610.7     92.3     82.2     83.5 2021 12 26 16  2 15.940  0.00   1
   110184  40.589209 -123.994938    20.370    20092.9     4328.2    -1057.4    118.0     67.9    119.0 2021 12 27  8 53  5.400  0.00   1
   110185  40.576314 -123.985506    20.722    20893.6     2896.3     -705.5     64.7     45.3    121.9 2022  5 28  7 57  1.360  0.00   1
   110186  40.581498 -124.212362    20.890     1681.6     3472.0     -537.0    196.0     55.7     99.2 2021 12 28  6 35 41.580  0.00   1
   110187  40.576762 -124.200456    19.578     2689.9     2946.0    -1849.7     91.7     28.0     53.8 2021 12 31 13 31 14.620  0.00   1
   110188  40.576762 -124.200456    19.577     2689.9     2946.0    -1850.3     91.2     28.1     54.1 2022  1  1 22 14 38.120  0.00   1
   110189  40.576701 -124.200269    19.551     2705.8     2939.3    -1875.9     90.5     27.6     53.0 2022  1  2 11 16 33.460  0.00   1
   110190  40.577039 -124.200537    19.640     2683.0     2976.8    -1786.9    139.1     43.8     74.5 2022  4 25  2 10 11.700  0.00   1
   110191  40.576676 -124.200203    19.544     2711.3     2936.5    -1882.9     89.4     27.8     53.7 2022  9  1 20 43  2.920  0.00   1
   110199  40.519588 -124.409399    19.983   -15011.4    -3402.8    -1444.6     56.7     54.9     61.5 2021 12 31 17  2 13.380  0.00   1
   110209  40.593726 -124.100163    25.017    11182.1     4829.8     3589.3    115.2     48.1    156.6 2022  4  2 19 46 56.000  0.00   1
   110211  40.515971 -124.444849    17.253   -18015.3    -3804.5    -4173.8     63.0     78.8    152.2 2022  4  3 10 39 47.080  0.00   1
   110231  40.515853 -124.437419    19.113   -17385.8    -3817.6    -2314.2     56.3     87.8     93.3 2022  5 14 20  9 30.640  0.00   1
   110234  40.534806 -124.235295    19.905     -260.6    -1712.9    -1521.8    105.9     79.0     72.5 2022  5 25  9 25 42.220  0.00   1
   110250  40.523181 -124.408358    20.514   -14922.8    -3003.9     -913.0    128.8    114.8    177.9 2022  7  2 10 23 23.100  0.00   1
   110253  40.594617 -124.113949    18.233    10014.7     4928.7    -3194.5     98.6     47.3     77.1 2022  7 20  6 28 50.580  0.00   1
   110254  40.595919 -124.115007    18.559     9925.0     5073.3    -2868.4     77.3     52.2     81.5 2022  8  9  7 59 33.060  0.00   1
   110255  40.598975 -124.118115    17.861     9661.6     5412.6    -3566.2     69.6     49.7     91.1 2022  8  9  8  9 40.340  0.00   1
   110266  40.541085 -124.332560    18.091    -8500.0    -1015.7    -3336.1     88.6     72.4    105.8 2022  8 30  6 25 35.480  0.00   1
   110273  40.648503 -124.017122    19.179    18206.3    10912.5    -2248.5     72.3     39.0     89.1 2022 10 28 12 43 42.000  0.00   1
   110274  40.522571 -124.436410    17.903   -17299.5    -3071.6    -3524.6     35.2     45.8     58.8 2022 10 29 20 38 50.780  0.00   1
   110275  40.511080 -124.430444    21.033   -16795.5    -4347.7     -394.0     45.6     48.9     64.0 2022 10 30  3 34  2.660  0.00   1
   110276  40.519332 -124.437826    19.263   -17419.8    -3431.3    -2163.9     40.0     38.1     50.1 2022 11 12 10 31 42.840  0.00   1
   110279  40.514807 -124.432178    20.194   -16941.9    -3933.8    -1233.4     60.7     66.7    113.7 2022 11  2 16 39 30.260  0.00   1
   110282  40.523637 -124.433911    20.181   -17087.7    -2953.3    -1246.2     56.1     56.7     87.7 2022 11 15 17 48 18.560  0.00   1
   110296  40.580241 -123.982389    20.725    21157.0     3332.4     -702.6     34.9     34.6     47.1 2022 12 22  3  8  5.860  0.87   1
   110298  40.534562 -124.275415    11.872    -3659.4    -1740.1    -9554.9    213.5     88.1    117.4 2023  1 17 13 54 45.520  1.24   1
   110302  40.563350 -124.123031    22.654     9247.8     1456.7     1226.6     73.0     39.8     76.4 2022 12 24  0 35 18.890  0.89   1
   110303  40.486955 -124.496208    24.076   -22371.6    -7026.6     2649.1     53.8     61.3    131.1 2022 12 20 12 25 25.380  2.43   1
   110305  40.434623 -124.602035    24.178   -31351.9   -12837.8     2750.8     21.4     22.4     95.0 2023  4  2 11 44 21.610  2.51   1
   110307  40.523136 -124.422111    23.762   -16088.0    -3008.8     2335.0     49.2     49.0     66.9 2023  3  9  9 11 18.070  1.00   1
   110308  40.574064 -123.872502    22.527    30464.3     2646.5     1099.7     89.0     88.4     83.6 2022 12 21 19 21 21.160  1.21   1
   110311  40.540564 -124.493953    23.956   -22171.7    -1073.6     2529.1     99.8     90.4    281.9 2023  2  6  9 53 42.140  2.82   1
   110326  40.576579 -124.241642    20.105     -798.1     2925.7    -1322.4    169.1     86.2    134.1 2023  4 26 22 23  7.880  0.79   1
   110327  40.620996 -123.950643    21.520    23838.2     7858.0       92.4     84.6     40.5    114.4 2022 12 21  8 59 40.650  1.14   1
   110330  40.584587 -123.910815    25.811    27217.4     3814.9     4384.1     74.2     51.4     70.0 2023  5 27  2 45 49.750  0.87   1
   110334  40.621025 -124.315120    20.031    -7018.5     7861.2    -1396.2     40.9     32.0     95.5 2023  2 22  6 20 25.080  1.45   1
   110341  40.563000 -124.131836    22.356     8502.0     1417.9      928.5     66.5     44.9     62.7 2023  1  5 14 47  6.170  2.14   1
   110346  40.537764 -123.888314    23.149    29133.0    -1384.5     1721.8     51.3     55.0     77.6 2023  5 28  1 45 53.620  1.36   1
   110354  40.508366 -124.422144    24.489   -16092.5    -4649.0     3061.8     31.0     31.4     65.7 2023  4 14  1 57  6.610  1.17   1
   110355  40.517737 -124.492464    15.744   -22049.3    -3608.4    -5683.0     38.6     61.5    104.9 2023  2 16 22 15  2.800  1.44   1
   110359  40.755949 -123.979329    21.759    21388.2    22843.9      331.8    211.8    136.7    157.1 2022 12 22  4 53 56.390  0.79   1
   110365  40.527169 -124.233870    17.545     -140.0    -2561.1    -3882.7    114.1     67.7     81.3 2022 12 20 12 37 22.690  1.44   1
   110367  40.550134 -123.973893    21.405    21881.3      -10.8      -22.3     78.7     65.5     57.9 2022 12 25  1 20 33.690  1.82   1
   110368  40.603601 -123.971509    22.373    22074.6     5926.4      946.1     65.1     58.1     72.9 2023  2 14  3 52  7.700  1.37   1
   110370  40.697237 -123.905013    22.627    27685.6    16324.2     1199.7    100.3     91.1    113.0 2022 12 21  4 44 13.820  1.30   1
   110373  40.659875 -124.011296    24.342    18698.0    12175.4     2914.6    130.2    131.1    172.1 2022 12 20 23 58 39.800  0.88   1
   110374  40.755737 -123.870386    20.727    30602.2    22820.4     -700.0     72.0     48.7     79.3 2022 12 22  4 46 28.990  1.00   1
   110378  40.592985 -124.050789    22.403    15363.0     4747.5      975.3     64.1     43.8     77.3 2022 12 21 18 52 28.640  1.06   1
   110379  40.518840 -124.421061    18.088   -15999.6    -3486.0    -3339.4     50.5     46.7     91.4 2022 12 22  9 21 28.530  1.40   1
   110382  40.542424 -124.066032    19.317    14077.6     -867.1    -2109.8     48.6     42.4     40.8 2022 12 26  5 31 21.180  1.08   1
   110385  40.593286 -124.086385    19.143    12348.8     4781.0    -2283.9     60.7     41.6     52.1 2022 12 23  0 19 22.520  0.90   1
   110387  40.533944 -124.389119    25.130   -13291.8    -1808.7     3702.3     64.5     59.8     98.2 2023  1 28 23 56 58.200  3.85   1
   110388  40.510421 -124.444499    12.552   -17986.4    -4420.8    -8875.4    133.5    112.0    187.1 2022 12 31 10 20 40.360  1.04   1
   110390  40.639205 -123.987972    25.697    20675.1     9880.0     4270.0     56.7     50.2     78.0 2023  1 17  5 14  2.510  1.84   1
   110391  40.588448 -124.208382    20.629     2018.5     4243.7     -798.1     96.7     72.1    121.1 2022 12 23  0 35 44.600  1.56   1
   110392  40.516219 -124.416838    19.464   -15642.0    -3777.0    -1963.6     43.3     62.8     56.2 2023  1  1 12 19 44.130  1.25   1
   110395  40.554411 -124.214258    16.589     1521.3      464.0    -4838.0    114.4     42.4     87.0 2022 12 20 23 19 53.720  1.40   1
   110396  40.534684 -124.259684    18.433    -2326.7    -1726.5    -2994.4     59.8     70.7     75.4 2022 12 24 20  6  9.180  0.83   1
   110397  40.557043 -124.279224    15.743    -3981.4      756.4    -5684.4    123.2    125.3    195.1 2022 12 23 10 18 25.720  1.66   1
   110399  40.528923 -124.418701    17.398   -15798.4    -2366.3    -4029.2     87.5     60.1    123.5 2022 12 20 10 44 46.730  2.70   1
   110400  40.558773 -124.049032    22.744    15515.8      948.4     1316.4     54.5     43.9     67.7 2022 12 25  4 33 20.570  0.83   1
   110404  40.560640 -124.015845    21.968    18326.4     1155.8      540.3     48.2     35.4     49.3 2022 12 27  0 23 33.800  1.12   1
   110406  40.593388 -124.106551    19.592    10641.2     4792.3    -1834.8     75.1     63.9     66.3 2023  1 11  3 23 18.830  1.45   1
   110408  40.610413 -123.850749    27.468    32297.8     6682.8     6040.6     66.2     56.1     77.2 2023  2 12 20 12 15.900  2.47   1
   110409  40.511747 -124.419784    22.310   -15892.1    -4273.5      882.4     76.6     72.8     98.4 2022 12 21 22  8 58.660  1.39   1
   110412  40.568888 -124.070133    19.842    13727.4     2071.7    -1585.7     91.6     72.0     81.2 2022 12 26  7 30 25.960  0.98   1
   110417  40.552128 -123.975505    21.440    21744.5      210.6       12.7     81.2     65.5     72.0 2022 12 24 12 43  0.520  1.06   1
   110422  40.621615 -124.304370    20.202    -6108.3     7926.7    -1225.0     58.4     37.1    108.1 2022 12 29 13 40 18.010  1.27   1
   110423  40.504000 -124.330542    18.904    -8331.3    -5133.9    -2523.1     31.6     35.4     56.5 2023  2 17 12 38 36.270  0.88   1
   110429  40.594462 -124.015470    22.805    18353.5     4911.6     1377.7     46.3     25.9     40.8 2022 12 22  9 28 37.970  0.68   1
   110431  40.602677 -124.105396    23.078    10738.3     5823.8     1650.8     97.1     49.8     76.8 2022 12 21 17 59 17.620  1.95   1
   110432  40.494047 -124.457707    26.425   -19107.8    -6239.1     4997.6     65.3     64.6     99.0 2022 12 22  1 13 30.130  2.71   1
   110434  40.512402 -124.462207    19.078   -19486.5    -4200.8    -2349.5     50.8     46.3     70.5 2022 12 21 18 26 29.520  1.33   1
   110435  40.532007 -124.381258    24.468   -12626.0    -2023.8     3040.8     49.0     46.1     78.6 2023  1 28 20  7 39.900  1.24   1
   110436  40.470227 -124.537410    23.727   -25866.5    -8884.2     2300.2     70.5    108.5     81.7 2023  2 18  0 47 37.880  1.15   1
   110439  40.472746 -124.431250    19.802   -16868.6    -8604.5    -1625.1     60.2     62.1     56.7 2023  1 27 16 28 41.960  1.01   1
   110442  40.568526 -123.952702    21.631    23673.1     2031.5      204.2     29.2     26.8     51.7 2022 12 20 18 48 54.600  0.91   1
   110443  40.580750 -124.175301    17.916     4820.1     3388.8    -3510.9     90.5     37.2     84.3 2022 12 21 21 55 10.140  0.79   1
   110444  40.502205 -124.502165    27.691   -22873.8    -5333.1     6264.1     48.3     68.2     68.9 2022 12 23 21 41 55.000  1.21   1
   110445  40.524056 -124.387020    23.495   -13114.9    -2906.7     2068.0     69.2     66.6     76.6 2022 12 21  8  6 55.910  1.80   1
   110447  40.562785 -124.016276    22.415    18289.6     1393.9      987.5     48.8     28.4     46.6 2022 12 24 19 37 36.120  1.39   1
   110448  40.596749 -124.126945    21.612     8914.1     5165.5      184.8    102.2     70.2     90.1 2023  1 31 13 12 49.420  1.12   1
   110452  40.545736 -124.193156    27.086     3308.9     -499.3     5659.0    204.5    117.2    186.1 2022 12 20 23 25 36.340  1.09   1
   110453  40.513359 -124.475456    17.210   -20608.9    -4094.6    -4217.6     70.9     91.3    180.2 2022 12 21 12  8  6.020  1.11   1
   110454  40.463749 -123.817228    23.085    35174.1    -9603.5     1657.6     53.3     91.2     70.7 2022 12 21 13 41 59.550  0.69   1
   110455  40.532853 -124.421297    16.563   -16017.9    -1929.8    -4863.8     74.5     84.2    153.4 2022 12 23 13  9 40.300  0.89   1
   110458  40.619735 -124.310189    19.755    -6601.0     7718.0    -1672.7     79.1     45.3    162.7 2023  2 14  6 32 28.460  1.23   1
   110462  40.588391 -124.438354    24.541   -17455.7     4237.4     3113.7    143.3     75.4    201.2 2023  4 22 17 56 13.080  1.37   1
   110464  40.587162 -124.429858    22.956   -16736.4     4100.9     1529.1     78.8     52.6     78.3 2023  2 13 21 32 14.280  2.09   1
   110466  40.532495 -124.390234    17.102   -13386.4    -1969.6    -4324.9     54.1     55.7     76.4 2022 12 22  0 27 26.630  0.83   1
   110467  40.528756 -124.426847    26.606   -16488.6    -2384.8     5179.0     55.8     52.3     89.6 2022 12 22  3 58 10.660  0.90   1
   110468  40.525464 -123.980469    20.583    21328.3    -2750.4     -844.3     69.3     63.4     74.8 2022 12 24  1 17 32.850  0.88   1
   110470  40.536145 -124.362655    17.167   -11049.7    -1564.3    -4259.8     66.5     66.7     78.5 2023  3 29  5  5 59.480  1.47   1
   110474  40.473938 -124.446444    20.432   -18156.1    -8472.1     -995.5     90.7     86.0    111.1 2022 12 20 12 14 11.380  2.27   1
   110475  40.586991 -124.355306    28.503   -10423.2     4082.0     7076.2    172.0    145.7    215.1 2022 12 21 15  8 37.620  1.85   1
   110476  40.538200 -124.409863    27.701   -15048.7    -1336.1     6274.2     64.7     66.6     78.8 2022 12 20 13 24 12.330  1.51   1
   110477  40.610706 -123.939063    21.752    24820.5     6715.3      324.8     53.6     35.4     64.1 2023  1  3  7 18 42.400  0.99   1
   110479  40.534111 -124.359326    17.420   -10767.9    -1790.2    -4007.5     62.1     59.4     76.3 2022 12 26  2  4 21.800  1.88   1
   110480  40.559469 -124.249113    22.872    -1430.9     1025.7     1444.4     87.6     64.5     81.6 2022 12 21  2 56 11.820  1.60   1
   110481  40.492603 -124.466162    17.936   -19824.6    -6399.5    -3491.1     90.8     77.5    117.7 2023  4  5 14 51 18.340  1.34   1
   110482  40.586007 -123.925643    22.217    25961.5     3972.6      789.6    106.3    108.7    104.5 2022 12 21 19 52  6.360  0.64   1
   110484  40.525940 -124.421631    19.373   -16047.0    -2697.5    -2053.8     61.7     54.2     81.8 2022 12 25  4  3 37.800  0.93   1
   110487  40.752665 -123.847786    20.364    32514.2    22479.3    -1063.7     80.5     59.8    121.3 2022 12 20 14 11  0.150  2.57   1
   110488  40.479533 -124.459904    19.176   -19296.1    -7850.8    -2251.3     54.5     66.6    108.7 2023  2 18  9 18 28.190  1.40   1
   110489  40.519246 -124.424170    19.351   -16262.9    -3440.8    -2075.8     47.8     40.2     70.5 2022 12 29  9 57 25.630  1.27   1
   110494  40.521440 -124.417684    18.606   -15713.1    -3197.3    -2821.6     57.7     68.7     90.5 2023  3  5 20 14 19.720  1.28   1
   110495  40.534485 -124.198844    21.569     2827.3    -1748.6      141.5    235.4    140.6    231.1 2023  1 20 16 55 16.240  1.95   1
   110496  40.502405 -124.445524    18.368   -18074.4    -5311.0    -3059.3     48.9     42.1     74.6 2022 12 30 12 51 54.870  1.14   1
   110497  40.573971 -124.095614    22.888    11569.0     2636.1     1460.9     77.5     54.8     53.4 2022 12 31 14 27 57.700  1.02   1
   110501  40.467818 -124.509969    23.425   -23541.1    -9151.7     1997.3     83.8    104.7    219.3 2022 12 30 21 43 18.320  2.12   1
   110506  40.608626 -124.091878    19.961    11882.3     6484.4    -1465.8     90.2     51.6    101.9 2022 12 20 21 47 48.880  1.10   1
   110507  40.528137 -124.397339    18.258   -13988.7    -2453.5    -3169.1     61.8     59.5     77.1 2022 12 21 10 16 11.430  0.70   1
   110508  40.609371 -124.096541    18.246    11487.4     6567.1    -3181.6     70.9     60.7     90.1 2022 12 30  9  0 39.550  1.14   1
   110509  40.574312 -124.287207    22.974    -4657.0     2674.0     1546.3     99.9     77.0    112.8 2023  1  2  8  1 22.300  0.77   1
   110510  40.497148 -124.429451    24.576   -16713.1    -5894.8     3148.4     39.7     35.7     72.6 2023  1  2  8 25 11.060  1.28   1
   110511  40.628988 -124.019450    23.722    18011.9     8745.5     2294.9    113.0     87.3     98.8 2022 12 21  4 15 19.850  2.45   1
   110512  40.509298 -124.335099    19.042    -8717.1    -4545.6    -2385.3     49.4     45.5     55.4 2022 12 21 17 35 50.480  1.40   1
   110513  40.523409 -124.410612    19.260   -15113.7    -2978.6    -2167.4     49.2     44.6     66.5 2022 12 20 15  4 50.680  1.42   1
   110515  40.546924 -124.226831    21.459      456.3     -367.3       32.0    101.3     72.9    111.4 2023  1 11 13 29 12.060  1.57   1
   110517  40.596977 -124.085433    23.559    12429.1     5190.8     2132.0    117.8     86.9     90.9 2023  3 12  6 43 46.740  0.89   1
   110518  40.521216 -124.438053    17.885   -17438.9    -3222.1    -3542.3     72.4     78.9    118.6 2022 12 20 10 43 39.300  2.63   1
   110519  40.575590 -124.151440    22.280     6841.0     2815.9      852.9    123.3     52.1     84.0 2022 12 20 23 22 14.760  1.65   1
   110521  40.570369 -124.157593    23.436     6320.2     2236.2     2008.6    110.1     67.6     91.4 2022 12 23  1 11 44.550  1.32   1
   110522  40.645190 -124.115218    23.375     9903.5    10544.7     1947.8    348.5     50.9    124.7 2022 12 20 18 48 15.520  0.97   1
   110523  40.509855 -124.493115    23.971   -22105.8    -4483.7     2544.0     82.5     93.8     94.4 2022 12 21  1  7 33.310  3.25   1
   110524  40.606681 -124.086011    18.226    12379.3     6268.4    -3201.6     98.1     77.9    104.7 2022 12 21  9 31  7.840  1.25   1
   110525  40.616866 -124.079191    18.449    12955.7     7399.4    -2977.9     80.1     49.5     61.7 2022 12 26  7 21 10.390  0.93   1
   110526  40.491976 -124.509131    15.828   -23465.9    -6469.1    -5599.0     58.2     64.4     98.2 2023  2 18 20 58 10.920  1.67   1
   110527  40.524988 -124.438428    19.143   -17470.1    -2803.2    -2284.3     44.7     41.3     76.7 2022 12 22  3 55 53.820  1.44   1
   110529  40.553402 -124.259375    24.907    -2300.2      352.0     3479.9     79.2     61.5    114.6 2023  5 18 13 21 36.440  0.56   1
   110530  40.618697 -124.068075    16.080    13896.7     7602.7    -5346.8     86.3     60.2     95.9 2022 12 22  4 49 54.170  0.84   1
   110531  40.531030 -124.351326    19.395   -10090.4    -2132.3    -2032.5     56.4     59.7     75.9 2022 12 20 19 16  2.640  1.29   1
   110532  40.543156 -124.351196    16.405   -10078.5     -785.8    -5022.5     75.1     59.3     92.3 2022 12 23  4  9 55.040  1.00   1
   110533  40.654167 -124.057788    16.228    14763.7    11541.5    -5198.8    232.7    120.0    266.0 2022 12 21 11 50 10.940  0.78   1
   110534  40.526257 -124.402620    18.732   -14436.4    -2662.3    -2695.4     50.0     59.8     69.8 2023  1  4 16 29 55.050  1.61   1
   110535  40.522852 -124.412248    18.914   -15252.4    -3040.5    -2512.8     43.4     52.6     62.9 2022 12 22 10 55 51.720  0.98   1
   110537  40.614575 -124.080347    23.414    12858.1     7145.0     1986.7    127.4     74.0     79.4 2022 12 21 16 28 15.660  3.99   1
   110539  40.525346 -124.339429    19.156    -9082.9    -2763.5    -2271.6     66.4     56.8     95.4 2022 12 25  8 22 48.250  0.72   1
   110541  40.577974 -124.184904    18.310     4006.9     3080.7    -3117.4     66.9     41.4     72.3 2023  2 18  6 52 19.650  1.07   1
   110542  40.578349 -124.186100    18.076     3905.6     3122.2    -3351.0     75.2     37.0    102.2 2022 12 20 17 56  5.920  1.14   1
   110544  40.599613 -124.185343    19.196     3969.1     5483.6    -2231.1    140.1     68.5    102.5 2023  3 21 22 51 34.760  0.98   1
   110546  40.502677 -124.447233    19.780   -18219.1    -5280.7    -1647.2     53.0     47.1     78.1 2022 12 27  1 23 41.520  0.94   1
   110547  40.614229 -123.923861    20.970    26106.9     7106.6     -457.3     81.5     82.9    109.8 2022 12 20 23 36 50.880  1.00   1
   110549  40.543343 -124.056063    19.683    14921.9     -765.0    -1743.9     47.8     51.1     43.1 2022 12 21  4 18 46.220  2.04   1
   110551  40.611995 -124.088477    18.235    12170.0     6858.6    -3192.2     82.0     61.1     74.4 2023  2 17 11 16 14.330  1.12   1
   110553  40.525476 -123.921818    20.368    26297.1    -2749.0    -1058.9     85.1     82.6     69.4 2022 12 25  0 34  1.910  0.77   1
   110554  40.548836 -124.243490    18.221     -954.7     -155.0    -3206.2     77.9     37.0     64.7 2022 12 21  0  5 31.440  1.34   1
   110556  40.498641 -124.434928    23.531   -17177.0    -5728.9     2103.7     38.4     39.1     50.5 2023  2 25 14 23 27.120  1.53   1
   110559  40.614461 -124.124080    21.605     9155.4     7132.4      177.7    156.3     82.6    167.8 2023  3 13  0 48 17.330  0.83   1
   110560  40.630518 -123.929077    21.602    25662.2     8915.3      175.1     58.6     46.8     71.8 2023  2  2  2 38 55.900  1.60   1
   110561  40.620190 -123.894010    23.893    28632.9     7768.6     2466.0    151.3    148.2    410.6 2022 12 20 17 35 32.520  1.17   1
   110564  40.601465 -124.119141    16.421     9574.6     5689.2    -5005.9     82.3     51.5     72.4 2022 12 24  4 18 59.420  0.99   1
   110566  40.608040 -124.106925    18.217    10608.3     6419.4    -3210.6     55.6     47.1     60.5 2022 12 22  5 24 44.100  2.65   1
   110568  40.499207 -124.470101    15.988   -20157.3    -5666.1    -5438.8     51.3     58.4     77.5 2023  3 22 19 35 25.080  1.32   1
   110569  40.645878 -124.022713    18.256    17733.5    10621.1    -3171.1     47.2     36.7     53.8 2023  1  2  9 44 23.910  0.93   1
   110570  40.601530 -124.122575    20.274     9283.8     5696.4    -1153.4     76.5     57.5     78.6 2022 12 22  6 14 22.080  1.10   1
   110572  40.533219 -124.245312    18.906    -1109.3    -1889.2    -2520.8     64.0     58.4     73.0 2023  1  1 22 18 52.920  1.17   1
   110574  40.626994 -124.096004    19.731    11531.4     8524.1    -1696.2     87.7     39.8    105.4 2022 12 21 22 33 49.080  1.00   1
   110575  40.577384 -124.162052    26.252     5942.2     3015.2     4824.3    209.4     78.7    108.6 2022 12 23  1 10  6.400  0.80   1
   110577  40.618355 -124.230542    23.767      141.9     7564.8     2339.4     84.2     67.5    101.3 2022 12 25 19 13 28.400  0.95   1
   110578  40.568172 -124.146257    21.732     7280.4     1992.2      304.4    101.7     46.5     70.3 2022 12 20 20 26 41.720  2.13   1
   110579  40.521708 -124.354460    21.527   -10356.6    -3167.4       99.4    121.8    127.8    136.3 2022 12 21  8 58 34.030  0.97   1
   110580  40.609957 -124.055713    22.677    14944.2     6632.2     1249.7     82.7     50.2     66.3 2023  1  3  4 53 49.540  1.15   1
   110581  40.567415 -124.232511    20.504      -24.8     1908.1     -923.7     83.6     73.5     84.8 2023  5 28 11 38 43.770  1.07   1
   110582  40.562585 -123.935343    22.164    25144.4     1371.8      736.4     32.8     23.1     48.8 2022 12 21 23 36 17.240  1.23   1
   110586  40.521480 -123.896281    20.013    28461.5    -3192.7    -1414.1    101.0    101.0    130.1 2022 12 22  5 36 49.910  0.70   1
   110587  40.606262 -123.915706    25.172    26798.9     6221.9     3744.8     60.0     37.0     81.8 2022 12 20 10 48 38.300  2.65   1
   110588  40.597225 -124.116618    18.136     9788.5     5218.4    -3290.9     86.9     60.9     85.4 2022 12 22  7 50 48.720  1.53   1
   110589  40.533675 -124.051514    19.373    15308.4    -1838.6    -2054.2     66.0     52.1     57.9 2022 12 21  0 13 29.150  1.50   1
   110590  40.653247 -123.885409    27.983    29353.9    11439.4     6555.9    194.8    172.1    270.1 2022 12 23 19 10 35.240  1.06   1
   110591  40.587268 -124.066130    21.627    14064.6     4112.7      199.4     65.6     46.4     71.7 2022 12 25 22 34 55.360  0.82   1
   110592  40.618376 -124.074495    17.888    13353.1     7567.0    -3539.4     77.1     45.3     68.2 2023  1 18  8 28 49.360  0.92   1
   110594  40.559021 -123.935189    21.153    25158.1      976.0     -273.9     40.4     20.9     51.1 2022 12 21  0 45 40.230  1.26   1
   110595  40.593286 -124.323576    21.441    -7735.9     4781.0       13.6     68.3     42.5    102.9 2022 12 20 10 52 39.340  3.28   1
   110596  40.540133 -124.341235    17.697    -9234.9    -1121.5    -3730.7     46.9     47.4     48.3 2022 12 29  7 31 23.150  0.85   1
   110597  40.619832 -124.079728    20.351    12910.0     7728.8    -1075.0     95.8     75.5     99.1 2022 12 20 21 24 28.880  0.90   1
   110598  40.599060 -124.107446    23.004    10564.9     5422.1     1577.2     91.5     55.0     73.7 2022 12 26  1 46  3.150  1.45   1
   110600  40.521684 -124.379435    17.642   -12472.6    -3170.1    -3785.1     85.4     67.0     89.3 2022 12 20 19 51  5.480  1.33   1
   110604  40.571102 -123.937744    21.342    24939.5     2317.5      -85.7     34.5     24.1     54.6 2022 12 21 17  1 49.600  1.16   1
   110605  40.522099 -124.431746    19.781   -16904.5    -3124.1    -1646.6     41.8     42.0     66.0 2022 12 22  7 33 35.520  1.14   1
   110607  40.663025 -124.022233    17.831    17771.8    12525.1    -3595.8     72.4     41.4     84.6 2022 12 21 14 33 24.290  1.52   1
   110608  40.641573 -124.027197    18.761    17354.5    10143.0    -2666.0     59.4     52.1     75.3 2022 12 25 12 29 55.020  1.64   1
   110609  40.576038 -124.155469    23.092     6499.8     2865.6     1665.2    105.3     47.9     60.0 2022 12 20 19 19  0.120  1.41   1
   110611  40.553935 -124.243774    17.858     -978.8      411.2    -3569.0     78.4     97.3    126.8 2022 12 21 12 21 21.680  0.97   1
   110613  40.668319 -123.886206    22.797    29283.2    13113.0     1369.4     83.4     81.2    113.7 2022 12 27 17 40  9.980  1.83   1
   110614  40.551941 -124.320036    20.760    -7438.4      189.8     -667.0     92.2     76.5    103.3 2023  2 15 14 26 55.060  2.21   1
   110615  40.582747 -124.133789    21.522     8335.4     3610.7       95.0    134.8    121.0    139.7 2022 12 21  9 48 30.660  1.09   1
   110618  40.607353 -123.983903    22.851    21024.5     6343.0     1424.2     96.1    102.6    139.0 2022 12 20 23 30 29.600  1.04   1
   110619  40.598962 -123.918270    21.996    26583.3     5411.3      568.3     72.1     62.5     52.8 2022 12 22  4 23  9.220  0.67   1
   110620  40.598429 -123.895426    25.114    28517.6     5352.1     3686.4     71.5     56.9     75.1 2022 12 25 16 15  8.400  1.07   1
   110622  40.605729 -124.098722    15.416    11303.1     6162.7    -6010.8    103.2     83.0     63.7 2022 12 28  9 46 28.530  1.31   1
   110623  40.595028 -124.153101    22.872     6699.4     4974.4     1444.6    114.7     47.1     79.2 2022 12 30  9 23 12.150  1.07   1
   110624  40.606694 -124.106104    18.363    10678.0     6269.8    -3064.3     98.3     64.6    108.9 2023  4  2 23  2 20.160  1.02   1
   110625  40.551884 -124.073364    19.036    13455.5      183.4    -2391.0    115.5    115.0     89.0 2022 12 20 21 22 52.960  1.20   1
   110626  40.560347 -124.018791    22.129    18076.9     1123.3      701.5     42.8     32.2     46.0 2022 12 24 20 57 12.400  1.30   1
   110627  40.593416 -124.193766    21.004     3256.0     4795.4     -423.0    124.2     54.2    136.6 2022 12 20 16 59 23.800  1.39   1
   110628  40.551115 -123.884017    22.448    29494.1       98.1     1021.2     56.0     56.2     73.2 2022 12 25  6 37 31.440  1.50   1
   110629  40.585071 -124.225863    24.157      538.2     3868.7     2729.9    117.7     70.5    187.2 2023  2  2  2 53 51.230  0.90   1
   110630  40.600814 -124.106901    15.532    10611.0     5616.9    -5895.4     74.9     56.3     66.3 2022 12 22  6 38 46.920  0.92   1
   110631  40.600061 -123.996932    19.949    19922.5     5533.3    -1477.9     73.0     35.3     86.8 2022 12 22  6 27  3.370  1.14   1
   110633  40.510710 -124.452059    24.372   -18626.9    -4388.8     2944.5     86.2     72.2    180.6 2022 12 20 11 23 42.960  2.53   1
   110634  40.612174 -124.078857    15.703    12984.4     6878.4    -5724.0     92.7     61.5     81.5 2023  1  3  7 23 30.820  1.13   1
   110635  40.549141 -124.053727    22.663    15119.1     -121.1     1235.7     71.6     52.4     64.5 2022 12 24  7 16 44.450  1.51   1
   110636  40.577189 -124.208919    17.749     1973.2     2993.5    -3678.0     63.7     48.0     67.2 2023  5  5 10 50 40.220  0.86   1
   110637  40.544401 -124.336532    17.524    -8836.2     -647.5    -3903.1     47.1     45.5     53.6 2022 12 25 12 21 40.770  1.90   1
   110638  40.578263 -124.148690    23.458     7073.8     3112.8     2030.9     96.7     48.6     77.6 2022 12 21 19 17 30.720  1.31   1
   110641  40.644307 -124.002995    18.834    19402.7    10446.7    -2593.6     73.7     72.3     76.2 2022 12 25  9 11 59.060  0.70   1
   110643  40.539852 -123.913175    23.068    27026.5    -1152.7     1640.9     60.7     62.1     60.8 2023  2 16 18  3 27.440  1.53   1
   110644  40.563029 -123.978459    23.593    21492.6     1421.1     2165.9     59.5     54.3     41.2 2023  2 13  5 45 35.220  1.23   1
   110646  40.567900 -124.416724    27.300   -15626.4     1961.9     5872.7    153.1    146.9    225.8 2023  2  6 20 12  2.580  1.35   1
   110647  40.567639 -124.166634    20.909     5554.6     1933.0     -518.6    147.5     75.4    123.8 2022 12 20 19  6 23.200  1.47   1
   110649  40.520772 -124.362752    23.088   -11059.2    -3271.4     1661.1     97.0     84.6     92.3 2022 12 25 23 13 35.000  1.83   1
   110650  40.704399 -123.959237    21.905    23096.4    17119.5      477.5     85.6     62.2    135.5 2022 12 26  9 16 16.030  1.67   1
   110651  40.616707 -123.818311    26.597    35042.6     7381.8     5170.2     86.7     89.4    142.1 2023  4  8  3  4 20.710  1.95   1
   110652  40.515332 -124.440072    17.977   -17610.7    -3875.5    -3450.0     45.4     47.5    102.6 2023  2  8 14 16 55.210  1.31   1
   110653  40.531970 -124.402686    18.672   -14441.3    -2027.9    -2755.3     47.8     51.1     74.9 2022 12 26  8 29 16.340  0.84   1
   110654  40.595654 -124.003678    22.917    19351.9     5043.9     1490.0     55.4     39.9     55.4 2022 12 24 22 12 36.600  2.10   1
   110655  40.568384 -124.018970    22.617    18060.7     2015.7     1190.0     70.7     46.9     69.5 2023  4 30 12 38 22.840  0.62   1
   110656  40.585030 -124.195793    26.117     3084.6     3864.2     4690.0    217.0     81.0    191.3 2023  1 20 22  9 26.880  0.94   1
   110660  40.538013 -124.342529    16.674    -9344.7    -1356.9    -4753.5     54.8     51.1     89.2 2022 12 31 15  5 32.620  1.28   1
   110663  40.579236 -123.957975    24.620    23224.7     3220.7     3192.4    116.9     96.6    112.3 2022 12 21 22 26 11.040  1.39   1
   110664  40.550651 -123.976375    21.225    21671.0       46.5     -202.5     61.9     50.1     77.4 2022 12 20 16  1 13.350  1.61   1
   110665  40.490092 -124.513273    17.816   -23817.2    -6678.3    -3611.6     84.3     93.7    158.7 2023  4  6  4 40 19.060  0.75   1
   110666  40.500899 -124.468294    17.808   -20004.0    -5478.2    -3619.1     46.2     56.5     98.2 2022 12 29  8 32 33.620  1.49   1
   110667  40.598975 -124.331128    20.913    -8375.1     5412.6     -514.3     53.5     32.8     95.9 2022 12 25  7 56 23.340  0.72   1
   110671  40.583895 -124.092570    23.333    11825.9     3738.1     1905.3     88.5     71.8     59.2 2022 12 20 23  1 57.840  1.31   1
   110672  40.536336 -124.350285    18.310   -10001.8    -1543.1    -3116.8     52.2     52.1     77.8 2023  4 15  0  7  1.200  0.77   1
   110673  40.584481 -124.210970    23.804     1799.4     3803.2     2377.1    160.5     89.4    229.6 2022 12 21 16 59 16.830  0.92   1
   110674  40.552157 -124.225724    17.841      550.1      213.7    -3586.7     66.8     62.6     74.2 2022 12 23  5  1 13.690  1.08   1
   110675  40.703601 -123.933049    22.579    25312.2    17030.9     1152.1     69.1     47.0     73.1 2022 12 22 16 21 35.960  1.66   1
   110676  40.479549 -124.403507    20.089   -14516.6    -7849.0    -1338.3     69.0     71.1     98.9 2023  1 30 10 56 56.600  0.99   1
   110677  40.511515 -124.439030    17.666   -17522.9    -4299.3    -3760.8     53.1     53.7     63.1 2022 12 23  0 10 35.700  1.04   1
   110678  40.518864 -124.429183    16.344   -16687.7    -3483.3    -5083.2     63.7     57.2    121.9 2023  1  8  2 15 56.440  1.14   1
   110679  40.512984 -124.437207    16.901   -17368.3    -4136.2    -4526.0     49.8     30.9     94.1 2023  4 20 15 36 20.100  0.92   1
   110681  40.639006 -123.911434    21.445    27154.0     9857.9       17.3     71.1     54.8     87.1 2022 12 21  2 53 42.600  1.60   1
   110683  40.504102 -124.455396    19.803   -18910.6    -5122.6    -1624.1     55.8     64.5     65.3 2022 12 21  8 21  0.830  1.29   1
   110685  40.534005 -124.371208    24.511   -11774.4    -1802.0     3083.9     69.3     62.7     99.4 2023  1 29  2 21 34.040  0.86   1
   110686  40.548055 -124.310872    17.910    -6662.5     -241.7    -3517.3     90.0     37.8     72.5 2022 12 20 19 42 50.340  1.43   1
   110687  40.640104 -124.047298    19.645    15653.2     9979.9    -1782.3     92.8     63.5     87.3 2022 12 26  1 31 33.690  1.21   1
   110688  40.681986 -123.883757    21.981    29487.5    14630.7      554.2     75.5     99.7    130.4 2022 12 20 16  7 38.970  2.01   1
   110689  40.553385 -123.759058    21.754    40077.9      350.2      326.9     95.7    124.9     95.8 2022 12 22  0 56 27.730  0.68   1
   110692  40.510522 -124.468848    20.887   -20049.5    -4409.6     -540.2     73.4     71.7    121.6 2022 12 29 10 57 23.460  1.08   1
   110694  40.519560 -124.445532    18.650   -18072.8    -3406.0    -2777.5     74.2     89.2    129.3 2022 12 29  5 31  8.470  1.04   1
   110695  40.550374 -124.225667    17.767      554.9       15.8    -3660.1     77.7     47.9     73.8 2022 12 24  5  9  2.290  1.55   1
   110697  40.573641 -124.219320    16.819     1092.4     2599.5    -4608.2     78.4     62.8    137.6 2022 12 23 20 30 28.480  1.23   1
   110698  40.541125 -124.238843    18.255     -561.2    -1011.2    -3172.7     51.8     32.7     67.3 2023  1 26  5 47 35.730  1.04   1
   110699  40.509611 -124.412964    18.822   -15314.6    -4510.8    -2605.1     33.4     41.6     57.2 2022 12 22  9  7 10.520  0.52   1
   110700  40.575505 -124.213460    18.175     1588.6     2806.4    -3252.6     56.8     50.0     98.4 2022 12 25  3 58 23.130  0.90   1
   110702  40.629053 -123.954753    22.356    23488.9     8752.7      928.5     81.3     43.2     73.0 2022 12 20 23 26 24.700  1.53   1
   110703  40.530086 -124.329508    17.572    -8242.1    -2237.1    -3855.1     63.3     53.4     45.4 2022 12 22 14 28 55.050  1.12   1
   110705  40.514050 -123.880249    21.685    29821.4    -4017.8      257.8     46.1     56.1     67.9 2023  3  1  0 37 17.190  1.45   1
   110706  40.559823 -123.993872    23.865    20187.6     1065.0     2437.7     52.8     43.4     49.6 2022 12 20 23 41  1.760  1.68   1
   110707  40.545264 -123.841113    22.078    33129.6     -551.7      650.5    136.9    142.0    172.7 2022 12 21 22 14 18.520  1.56   1
   110708  40.577039 -124.207422    17.639     2100.0     2976.8    -3788.3     60.4     46.8     60.6 2023  3  5  0 34 58.820  1.58   1
   110710  40.605969 -124.136434    18.253     8110.0     6189.4    -3174.5    126.7     62.5     98.6 2023  1 14  1 10 27.140  1.46   1
   110711  40.612333 -124.071672    20.789    13592.8     6896.1     -637.8     91.1     65.4     90.6 2022 12 20 21  2 39.800  1.14   1
   110712  40.546867 -123.951603    22.731    23770.0     -373.7     1303.6     89.2     90.7    100.7 2023  1 10 19 11 36.040  1.34   1
   110715  40.610352 -124.084928    16.534    12470.6     6676.0    -4893.2    104.1     49.3    111.7 2022 12 20 21 22 37.100  1.23   1
   110716  40.585852 -123.888420    21.157    29113.6     3955.4     -270.5    103.5     97.6    225.2 2022 12 22  1 50 13.650  0.65   1
   110717  40.608464 -124.293408    19.503    -5180.8     6466.4    -1924.3    136.2     40.9    118.5 2023  4  9 21 13 25.880  0.97   1
   110718  40.523458 -124.430778    19.381   -16822.2    -2973.1    -2045.8     55.5     55.1     62.2 2022 12 22  3 44  5.310  1.01   1
   110720  40.586861 -124.206087    20.804     2212.8     4067.5     -622.8     86.8     62.5     73.6 2022 12 21  1 23  1.660  0.93   1
   110721  40.550663 -124.308398    17.969    -6452.8       47.9    -3458.1     89.3     39.9     60.8 2022 12 20 16 43 44.910  1.41   1
   110722  40.550521 -124.304842    18.046    -6151.5       32.1    -3381.3    158.7     58.9    101.2 2022 12 20 19 45  5.720  1.04   1
   110723  40.468311 -124.543831    21.203   -26411.0    -9097.0     -224.5     78.7    128.7    114.5 2022 12 22  7 29 30.560  0.68   1
   110724  40.518026 -124.345972    19.577    -9637.7    -3576.4    -1850.7     67.0     60.0     66.2 2022 12 22  8 32 21.500  0.63   1
   110725  40.548197 -124.313371    17.647    -6874.1     -225.9    -3780.3     72.0     55.3     75.4 2022 12 24 21 51 17.000  0.84   1
   110726  40.519185 -124.424886    20.036   -16323.6    -3447.6    -1391.2     38.6     38.8     58.2 2022 12 25 10 58 46.850  0.74   1
   110727  40.515767 -124.355412    19.424   -10437.7    -3827.1    -2003.2     70.9     62.5     73.9 2022 12 26 20 22  8.180  1.12   1
   110728  40.519604 -124.420142    19.682   -15921.6    -3401.0    -1745.6     38.4     41.0     42.2 2023  1  3 14 30 47.720  1.13   1
   110729  40.578564 -124.207674    17.861     2078.6     3146.2    -3566.6     65.2     43.3     65.8 2023  1  4 10 27 27.700  1.40   1
   110730  40.550228 -124.299080    23.051    -5663.5       -0.5     1624.0    141.5    134.2    161.3 2023  1 27  5 50 36.430  1.31   1
   110731  40.511735 -124.440112    18.320   -17614.6    -4274.9    -3107.6     57.3     46.4     99.2 2023  3 16 18  8 14.040  1.34   1
   110735  40.534163 -124.349162    17.877    -9906.8    -1784.3    -3550.2     54.2     53.0     86.1 2022 12 20 21 52 17.400  1.04   1
   110736  40.503166 -124.330957    18.799    -8366.5    -5226.5    -2628.5     46.9     40.6     48.9 2022 12 22  5 34 15.770  1.28   1
   110737  40.523364 -124.426245    18.349   -16438.2    -2983.5    -3077.8     51.9     44.5     60.3 2022 12 22 10 19 33.470  1.21   1
   110738  40.546554 -124.317822    18.928    -7251.2     -408.5    -2499.7     75.2     64.9     96.4 2022 12 26 12 16 44.250  0.71   1
   110739  40.522380 -124.422502    17.983   -16121.2    -3092.9    -3444.5     59.6     53.1    105.5 2023  1 11  1 42 23.060  2.03   1
   110743  40.581885 -124.199479    17.883     2772.5     3514.9    -3543.8     57.4     27.5     71.7 2023  3 25 16 17 15.180  0.90   1
   110745  40.516073 -124.432259    18.099   -16948.6    -3793.2    -3328.3     57.1     53.2    105.2 2023  1 20  8 32 25.670  1.94   1
   110746  40.517505 -124.452637    19.712   -18675.0    -3634.2    -1715.3     94.1    100.1    105.0 2023  2 15 19 15 16.420  1.23   1
   110747  40.544377 -124.343856    19.713    -9456.6     -650.2    -1713.8     72.0     65.7     94.9 2022 12 23 14  7  9.940  0.88   1
   110748  40.552669 -124.441235    25.063   -17704.4      270.7     3635.8    100.4     87.5    194.3 2022 12 20 15 58 21.830  1.76   1
   110749  40.500814 -124.460726    15.822   -19362.7    -5487.7    -5604.8     48.1     59.0     86.3 2022 12 26  6 35 42.200  1.15   1
   110750  40.592765 -124.118571    17.264     9623.4     4723.1    -4163.0     73.7     67.9     61.4 2023  1 14  6 13 33.720  1.13   1
   110751  40.575566 -123.986279    20.901    20828.3     2813.2     -526.3     41.8     43.4     74.9 2022 12 20 17 38 50.000  1.62   1
   110752  40.578768 -124.205265    20.091     2282.6     3168.8    -1336.5    101.4     42.7     71.7 2022 12 22 21 13 37.280  0.95   1
   110753  40.527083 -124.324365    17.742    -7806.6    -2570.5    -3685.2     60.6     47.4     69.6 2022 12 22 22  2  6.300  1.11   1
   110754  40.524821 -124.356958    18.518   -10568.0    -2821.8    -2909.1     55.8     46.6     70.4 2022 12 22 22 45  9.160  1.52   1
   110757  40.525008 -124.343791    19.038    -9452.4    -2801.0    -2389.7     53.9     42.8     58.5 2022 12 28 13 28 43.290  1.64   1
   110758  40.552661 -124.237134    19.778     -416.3      269.8    -1649.4     58.3     42.7     73.7 2023  1 15 15 14  5.770  1.41   1
   110759  40.515511 -124.408162    21.878   -14907.1    -3855.6      450.9     86.7     94.8    135.2 2023  2 10 21  1  5.660  1.17   1
   110761  40.586739 -124.150472    21.884     6922.4     4054.0      457.1     92.5     44.3     76.4 2023  1 21 22  3  8.900  1.49   1
   110765  40.522241 -124.400008    18.311   -14215.5    -3108.2    -3116.0     64.0     64.0     75.2 2022 12 24  2 43 20.530  1.79   1
   110766  40.499882 -124.443758    18.849   -17925.1    -5591.1    -2578.3     73.5     83.7    126.2 2023  2  7 19 48  3.920  1.35   1
   110767  40.505648 -124.478516    17.943   -20869.4    -4950.9    -3484.3     62.0     62.4     89.6 2023  5  3  4 14 16.070  1.55   1
   110768  40.536060 -124.341781    18.642    -9281.4    -1573.8    -2785.3     56.6     53.2     71.7 2023  2 17 23 11 43.020  1.41   1
   110769  40.578068 -124.210775    17.982     1816.0     3091.1    -3445.1     64.1     42.6     84.2 2022 12 22 11 55 31.760  1.02   1
   110770  40.594238 -124.098340    25.180    11336.4     4886.7     3753.2    110.8     52.5    130.3 2023  1  4  8 48  8.840  1.05   1
   110771  40.515666 -124.443473    18.155   -17898.8    -3838.4    -3271.9     42.6     70.0     87.0 2022 12 21 11 33 42.730  2.09   1
   110772  40.519063 -124.420988    16.651   -15993.3    -3461.1    -4775.8     68.2     66.7    102.7 2022 12 22  1 51 31.680  0.96   1
   110774  40.516427 -124.430160    18.319   -16770.7    -3753.9    -3108.4     42.0     56.0    103.2 2022 12 22 13 45 54.290  0.88   1
   110778  40.594137 -124.094141    21.766    11692.0     4875.4      338.4    148.1     77.1    131.4 2022 12 20 13 10 43.400  0.88   1
   110780  40.515751 -124.438444    18.493   -17472.7    -3828.9    -2934.5     45.3     44.1     80.7 2023  1 27  2 38 13.190  1.41   1
   110781  40.603483 -124.025814    21.160    17476.5     5913.3     -267.0     84.7     70.1     65.1 2022 12 22  7 36 42.420  0.86   1
   110782  40.519051 -124.417668    17.137   -15712.0    -3462.5    -4290.1     52.8     62.5    101.4 2023  1 19  4 55  2.650  1.72   1
   110783  40.533976 -124.242814    19.808     -897.6    -1805.1    -1618.8     59.2     50.7     65.8 2022 12 21  9 13 55.700  1.90   1
   110785  40.598564 -124.103451    16.123    10903.3     5367.0    -5304.7    147.1     72.0     90.0 2023  3 27 13  6 21.780  0.85   1
   110786  40.514909 -124.440812    18.057   -17673.5    -3922.5    -3370.5     51.9     59.8     94.4 2022 12 21 10 46 12.660  1.82   1
   110787  40.586841 -124.168620    20.123     5385.6     4065.2    -1304.7    131.2     99.5    124.6 2022 12 22  9 24 48.500  0.91   1
   110788  40.658980 -124.007642    19.423    19007.3    12076.0    -2004.5     66.8     45.3     80.3 2022 12 22  1 16  9.260  0.66   1
   110789  40.522449 -124.414266    18.733   -15423.4    -3085.2    -2694.6     60.5     60.8     80.5 2022 12 23 19 12 41.740  1.83   1
   110790  40.568144 -124.189242    23.033     3639.9     1989.0     1605.5    248.1    122.3    162.1 2022 12 24 15 43 41.860  0.86   1
   110791  40.526754 -124.410604    23.578   -15112.7    -2607.1     2150.6    245.0    176.9    252.3 2022 12 21 21 14 36.000  0.82   1
   110793  40.516606 -124.414860    20.812   -15474.4    -3734.0     -614.8     37.8     47.1     58.2 2022 12 26 14 17  3.520  0.91   1
   110794  40.595662 -124.113729    18.469    10033.2     5044.8    -2958.3     79.6     46.0     67.0 2023  3 11 16 16 54.220  1.44   1
   110796  40.542285 -124.334635    17.516    -8675.7     -882.5    -3911.3     44.1     43.0     54.2 2022 12 22  1 52 50.750  1.67   1
   110797  40.519975 -124.355094    19.119   -10410.5    -3359.9    -2308.6     71.0     58.4     88.8 2022 12 24 21 53 24.440  1.63   1
   110799  40.524398 -124.402702    19.442   -14443.5    -2868.8    -1985.5     78.8     61.5    102.1 2022 12 20 10 40 17.470  2.91   1
   110801  40.556746 -124.235571    19.781     -284.0      723.4    -1646.1     81.1     54.4     65.4 2022 12 20 12 16  5.480  2.04   1
   110802  40.576599 -124.082454    19.084    12683.2     2928.0    -2342.9    115.3     81.6    103.8 2022 12 21  0 15 31.010  2.88   1
   110803  40.653259 -124.018107    18.819    18122.4    11440.7    -2607.9     79.8     54.9    102.3 2022 12 22  5 56 58.350  0.78   1
   110804  40.518958 -124.438900    19.617   -17510.9    -3472.9    -1810.4     59.1     62.5     84.1 2022 12 20 20 38 36.440  1.22   1
   110806  40.514644 -124.433626    18.679   -17064.7    -3951.8    -2748.5     53.0     52.3    106.9 2023  2  1  8 26 47.510  1.32   1
   110808  40.533716 -124.341146    18.595    -9227.8    -1834.0    -2832.3     40.5     53.3     82.0 2023  3 31  1 48 56.260  0.92   1
   110809  40.523112 -124.426530    19.992   -16462.4    -3011.5    -1435.7     59.2     60.0     85.7 2022 12 22  0 38 39.810  1.01   1
   110810  40.616231 -124.078483    16.943    13015.7     7328.9    -4484.7     66.4     55.9     78.7 2023  1  4  6 36 41.150  1.09   1
   110812  40.603756 -124.132951    18.498     8405.1     5943.6    -2928.8     98.9     55.2     77.2 2023  2  2  5 38 31.180  0.92   1
