   101475  40.580493 -123.984977    20.663    20937.8     3360.4     -764.3      4.7      2.4      4.7 2020  1  4 12 29  8.640  0.00   1
   101476  40.577734 -123.959163    21.976    23124.3     3054.0      548.7      8.7      6.9      8.2 2020  2 13 22 21 36.940  0.00   1
   101477  40.581384 -123.991838    20.995    20356.7     3459.3     -431.9      7.1      5.0      3.7 2020  3 19  1  4 26.040  0.00   1
   101481  40.580973 -123.984383    20.653    20988.0     3413.7     -774.4      5.7      3.1      3.9 2021  3 29 15 56 33.780  0.00   1
   101482  40.581014 -123.984684    20.728    20962.5     3418.2     -699.3      4.2      2.4      4.3 2021  3 29 13 44 54.940  0.00   1
   101483  40.581034 -123.984570    20.735    20972.1     3420.5     -691.9      4.2      2.3      4.3 2021  3 30 14 30 26.580  0.00   1
   101484  40.580843 -123.983903    20.705    21028.7     3399.2     -722.6      4.1      2.4      4.4 2021  3 30 16 56 58.820  0.00   1
   101487  40.582186 -123.982951    20.526    21109.1     3548.3     -900.9      3.8      2.8      3.3 2021  9 19 18 51 35.660  0.00   1
   101488  40.567269 -123.951595    21.130    23767.1     1891.9     -297.7     12.0      9.4     12.1 2021 12  7  4 20 27.260  0.00   1
   101564  40.532568 -124.275179    11.664    -3639.4    -1961.5    -9763.7      2.5      1.3      1.4 2020  1  4 11 37 20.680  0.00   1
   102513  40.559993 -124.124626    22.922     9112.9     1084.0     1494.6      4.3      5.9      5.6 2020  1 21 18 29 29.080  0.00   1
   102514  40.563684 -124.140259    22.893     7788.6     1493.8     1466.1      4.6      2.6      5.3 2020  1 21 18 17 50.920  0.00   1
   102517  40.563940 -124.124300    22.984     9140.2     1522.3     1556.4      4.1      4.6      5.1 2020  1 21 18 17 12.580  0.00   1
   102584  40.555160 -124.090169    22.423    12031.8      547.2      995.6      9.4      7.0     11.6 2021 12 19 16 15 38.560  0.00   1
   102602  40.480160 -124.511003    24.619   -23626.5    -7781.2     3191.9      7.4      7.3     13.1 2021  8 10 19 30 57.060  0.00   1
   102603  40.479374 -124.505680    25.271   -23175.6    -7868.4     3843.7      5.0      5.8      8.7 2021  8 28  7 10 22.180  0.00   1
   102606  40.488745 -124.499748    24.960   -22671.3    -6827.8     3532.6      6.3      5.5     11.4 2021 11  9 13 23 16.920  0.00   1
   102608  40.477783 -124.506632    25.684   -23256.6    -8045.1     4256.5      3.7      6.6      8.9 2022  9  7 17 54 42.580  0.00   1
   102707  40.433752 -124.603003    23.107   -31434.2   -12934.5     1679.5      8.8     12.6     14.4 2020  1  5 11  4 39.240  0.00   1
   102709  40.446932 -124.595833    23.456   -30823.4   -11471.0     2028.8      6.7      7.6      8.4 2020  3 12 15 20 18.660  0.00   1
   102715  40.428186 -124.602116    17.066   -31360.3   -13552.6    -4361.5      6.4      7.2     83.8 2020  5 19  4 18  4.680  0.00   1
   102716  40.434420 -124.601595    23.616   -31314.7   -12860.4     2188.7      6.9      6.4     10.7 2020  5 19 15 58 35.460  0.00   1
   102717  40.435299 -124.602905    23.802   -31425.6   -12762.8     2374.4      7.6      8.0      8.8 2020  5 19  8 56  4.240  0.00   1
   102719  40.434460 -124.603979    21.679   -31516.8   -12855.9      251.4      5.4      7.3     10.4 2020  6  9 10 29  1.040  0.00   1
   102720  40.437492 -124.603573    21.343   -31481.6   -12519.3      -84.3      7.5     10.1     15.7 2020  6  9 11 54 57.660  0.00   1
   102721  40.433244 -124.597729    23.616   -30987.3   -12991.0     2188.8      8.9     10.0     10.3 2020  6 11 11 48 29.660  0.00   1
   102723  40.432572 -124.601497    23.382   -31306.9   -13065.5     1954.6      6.9      9.4     10.8 2020  6 28  9  4 35.860  0.00   1
   102727  40.436255 -124.604411    21.517   -31553.0   -12656.6       89.6      6.4      8.6     12.8 2020  9 21 21 53 10.520  0.00   1
   102728  40.429810 -124.602677    23.400   -31407.5   -13372.3     1972.7      6.3     11.8     13.0 2020  9 28  9 34 39.840  0.00   1
   102729  40.431661 -124.601058    23.516   -31269.8   -13166.8     2088.6      5.8      6.7      7.9 2020  9 29 16 42 12.380  0.00   1
   102730  40.430750 -124.602067    23.746   -31355.6   -13268.0     2318.5      5.1      6.5      6.7 2020  9 29 16  6 55.980  0.00   1
   102732  40.433940 -124.602523    23.407   -31393.5   -12913.7     1979.4      4.6      7.8     12.2 2020 10 13 22  5 11.460  0.00   1
   102734  40.434733 -124.603426    21.589   -31469.9   -12825.6      162.2      5.6      7.6     11.4 2020 12 19  3 23 42.480  0.00   1
   102736  40.428853 -124.600098    23.627   -31189.0   -13478.5     2199.4      5.2      7.3      7.5 2021  1 21 20 46 20.820  0.00   1
   102738  40.434460 -124.601969    23.683   -31346.4   -12855.9     2255.5      3.9      7.3      5.1 2021  2 12 20  8 51.240  0.00   1
   102739  40.433944 -124.600684    23.355   -31237.5   -12913.3     1927.3      4.7      6.7      6.3 2021  2 12  4 29 14.400  0.00   1
   102740  40.431592 -124.603809    23.613   -31503.0   -13174.4     2185.6      4.3      6.9      5.8 2021  2 20 23 40 36.700  0.00   1
   102742  40.436450 -124.604720    21.165   -31579.2   -12634.9     -262.2     14.3     18.4     31.3 2021  4 14  1 27 41.100  0.00   1
   102743  40.433736 -124.602881    22.504   -31423.9   -12936.3     1077.2      6.2     10.1     12.1 2021  4 14  5 38 37.620  0.00   1
   102749  40.433101 -124.602319    23.400   -31376.4   -13006.8     1973.1      5.5      9.2     10.1 2021  7 10 11 59 45.840  0.00   1
   102751  40.427283 -124.603711    23.711   -31495.8   -13652.9     2284.2      9.2     13.0     13.6 2021  8 31 18 13 15.560  0.00   1
   102754  40.430587 -124.603247    23.383   -31455.7   -13286.0     1955.9      5.3      6.4      9.1 2021  9 23  9 33 50.540  0.00   1
   102755  40.434985 -124.601929    23.372   -31342.9   -12797.6     1945.2      5.0      6.5      7.1 2021  9 30 19 10  2.220  0.00   1
   102756  40.434802 -124.603573    22.430   -31482.3   -12817.9     1002.9      7.6     12.1     19.2 2021 10  8 23 40 58.400  0.00   1
   102761  40.433940 -124.603483    22.568   -31474.9   -12913.7     1140.3      5.9      9.0     11.0 2021 12  9 20 12 36.400  0.00   1
   102763  40.435787 -124.602205    23.392   -31366.1   -12708.6     1964.4      4.9      8.8      7.0 2021 12 18  5 17 48.600  0.00   1
   102764  40.437317 -124.600903    23.435   -31255.4   -12538.7     2008.1      5.0      9.9      9.9 2021 12 20  7 12 18.880  0.00   1
   102768  40.431807 -124.603914    23.546   -31511.9   -13150.5     2119.2      7.2     10.6     10.6 2022  2 24 23 18 18.200  0.00   1
   102775  40.434941 -124.601945    23.375   -31344.3   -12802.6     1948.1      5.1      6.6      7.8 2022  5 12 21 39 49.620  0.00   1
   102776  40.429317 -124.604533    21.534   -31565.0   -13427.0      106.6      5.7      8.0     11.4 2022  5 15 21 30 42.600  0.00   1
   102777  40.437919 -124.604045    21.870   -31521.6   -12471.8      442.5      9.6     13.6     15.5 2022  6  2  9 50 27.060  0.00   1
   102778  40.437284 -124.605900    22.224   -31679.0   -12542.3      796.4     12.1     17.7     18.2 2022  6 17  0 59 30.760  0.00   1
   102780  40.435022 -124.602100    23.422   -31357.3   -12793.5     1994.5      5.7     11.4      9.4 2022  7 21  2 41 31.540  0.00   1
   102781  40.439425 -124.605575    22.573   -31650.9   -12304.6     1146.2      7.1     14.6     12.9 2022  7 28  9 22  9.400  0.00   1
   102786  40.442029 -124.599764    20.798   -31157.7   -12015.5     -628.8      8.4     14.4     10.8 2022  9 18 15 28 46.440  0.00   1
   102787  40.426619 -124.595915    23.599   -30834.9   -13726.6     2171.4      4.6      9.2      8.7 2022 10  2 19 33 34.380  0.00   1
   102789  40.439136 -124.601375    23.361   -31295.0   -12336.7     1934.2      5.6     10.4     10.3 2022 10 17  4 45 23.620  0.00   1
   102790  40.427474 -124.599316    23.595   -31123.1   -13631.7     2167.4      5.7      8.1      7.3 2022 10 19 22 24 12.120  0.00   1
   102792  40.439408 -124.605868    22.833   -31675.7   -12306.4     1406.0     10.6     13.3     17.1 2022 11  4 23 19 49.560  0.00   1
   102871  40.516732 -124.430892    25.188   -16832.7    -3720.0     3760.3      9.5     11.7     20.0 2021 12 21 11 40 42.620  0.00   1
   102873  40.519670 -124.415853    22.861   -15558.2    -3393.8     1434.1      9.2      9.1     14.4 2021 12 27  5 28 17.460  0.00   1
   102877  40.519141 -124.418742    23.946   -15803.0    -3452.5     2519.0      8.4      7.5      8.6 2022 11 12  9 39  9.180  0.00   1
   102881  40.574113 -123.887663    22.439    29180.3     2651.9     1011.5      4.8      4.3      7.0 2020  6  5  7 17 17.540  0.00   1
   102882  40.586466 -123.893441    22.119    28688.3     4023.7      691.3      7.9      6.8      5.3 2021  8 31 10  1 55.460  0.00   1
   102884  40.576156 -123.890055    23.467    28977.2     2878.7     2039.3      6.7      6.9     16.6 2022  7  8 14 14 25.800  0.00   1
   102885  40.574398 -123.881160    22.377    29730.9     2683.5      950.0      5.5      7.3     14.5 2022 10 15  6 34 45.100  0.00   1
   102906  40.551339 -124.494157    23.877   -22187.2      122.9     2450.1      4.5      3.4      0.5 2020  1  8  5 26 50.000  0.00   1
   102908  40.549699 -124.499227    23.922   -22616.9      -59.2     2494.9      4.4      3.2      1.8 2020 10 11 20 54  2.280  0.00   1
   102909  40.541239 -124.509806    26.842   -23514.5     -998.6     5414.4      5.9      5.1      8.1 2021  4 28 19 33 47.460  0.00   1
   102910  40.549353 -124.496086    23.818   -22350.9      -97.6     2390.5      3.5      4.5      4.4 2021  6 12  7 57 57.640  0.00   1
   102911  40.546440 -124.504647    24.633   -23076.6     -421.1     3205.4      3.8      4.1      7.1 2021  6 22  2 52 24.640  0.00   1
   102915  40.547355 -124.503507    24.483   -22979.9     -319.5     3056.1      6.0      5.9     12.6 2021 11 28 13  7  4.440  0.00   1
   102916  40.548442 -124.501343    23.934   -22796.4     -198.8     2506.5      2.8      2.2      1.2 2021 12 21 13 58 37.080  0.00   1
   103853  40.619584 -123.951782    22.251    23742.0     7701.2      824.0      8.7      3.7      4.7 2020  1 15 17  9  9.680  0.00   1
   103854  40.620687 -123.945785    21.624    24249.6     7823.7      197.1      3.9      4.1      3.0 2020  9  6  8  2 35.820  0.00   1
   103855  40.624105 -123.949487    21.579    23935.5     8203.2      151.8      3.4      3.7      2.4 2021 11 17  1 30  5.520  0.00   1
   103856  40.623393 -123.947078    21.593    24139.6     8124.2      165.8      3.1      3.3      2.9 2022  1 29  9  3 15.000  0.00   1
   103857  40.621785 -123.946094    21.691    24223.2     7945.7      263.3      2.9      2.8      3.0 2022  5 22  1 31 29.140  0.00   1
   103859  40.624296 -123.949479    21.536    23936.2     8224.5      108.8      3.3      3.3      2.6 2022  5 23  3 58 56.800  0.00   1
   103861  40.622754 -123.949129    21.721    23966.1     8053.2      293.7      6.8      4.3      7.0 2022  7 27 10 38  4.700  0.00   1
   103862  40.621761 -123.947673    21.711    24089.6     7943.0      284.0      3.7      4.0      3.3 2022 11 17 16  3 25.080  0.00   1
   103863  40.620980 -123.943620    21.601    24432.8     7856.2      173.8      2.9      2.6      2.8 2022 11 20 23 28 37.040  0.00   1
   103948  40.583297 -123.917098    25.626    26685.6     3671.7     4198.3      4.6      2.9      8.3 2020  7 15 23 27 17.180  0.00   1
   103949  40.583146 -123.917489    25.627    26652.5     3655.0     4199.6      4.8      3.0      8.4 2020  7 15 23 27  7.480  0.00   1
   103953  40.584977 -123.911051    23.755    27197.3     3858.3     2327.5     11.5      7.1     18.0 2021  6 28 22 30 49.640  0.00   1
   103955  40.587565 -123.915560    25.056    26815.0     4145.7     3628.5      5.5      3.9      5.7 2021  8 18 13 15  3.800  0.00   1
   103957  40.579403 -123.911955    26.809    27121.9     3239.3     5381.9      8.2      5.0      8.7 2021  9 30  0  5  3.500  0.00   1
   103958  40.582743 -123.907381    26.169    27508.6     3610.2     4742.1      9.1      7.9     12.5 2021 10 16 22 17 33.780  0.00   1
   103963  40.584448 -123.907511    25.851    27497.2     3799.6     4424.2      4.9      3.2      4.3 2022 10  3  1 19 38.240  0.00   1
   104037  40.620333 -124.319336    18.860    -7375.4     7784.4    -2567.1      6.9      3.9     11.7 2020  3 23  9 10 34.260  0.00   1
   104039  40.620935 -124.316610    19.968    -7144.6     7851.3    -1459.0      3.5      3.7      7.1 2020  3 31  1 10 40.520  0.00   1
   104040  40.620467 -124.315991    19.692    -7092.2     7799.3    -1735.6      3.1      2.4      4.4 2020 12 20  9 55 52.280  0.00   1
   104042  40.620292 -124.316040    19.645    -7096.4     7779.9    -1781.9      3.6      3.0      5.5 2020 12 20 10 47 46.800  0.00   1
   104043  40.619885 -124.315942    19.561    -7088.1     7734.7    -1866.7      6.7      4.9     10.5 2020 12 20 10 15 13.920  0.00   1
   104047  40.620919 -124.317464    19.623    -7216.9     7849.4    -1803.8      5.5      4.4     10.0 2021  4 20 22 55  3.440  0.00   1
   104048  40.620329 -124.322461    17.854    -7640.0     7783.9    -3573.5      5.6      4.8      9.4 2021  4 24 18 32 32.740  0.00   1
   104049  40.622384 -124.315023    19.985    -7010.2     8012.1    -1441.8      4.4      3.1      5.3 2021  6 29 21  7 22.600  0.00   1
   104052  40.622144 -124.315625    20.222    -7061.2     7985.5    -1205.3      4.4      3.8      7.5 2021  7  2  7 55 22.400  0.00   1
   104053  40.618388 -124.314811    21.288    -6992.4     7568.4     -139.7      3.6      5.1      6.1 2021  7  3 16 38 35.240  0.00   1
   104054  40.621688 -124.315129    20.039    -7019.1     7934.8    -1388.4      4.3      3.1      9.4 2021  7 14 14 46 21.240  0.00   1
   104055  40.622026 -124.315243    20.010    -7028.8     7972.4    -1417.5      4.7      4.3      7.7 2021  9 17 10  9 30.180  0.00   1
   104056  40.617456 -124.318392    21.046    -7295.7     7464.9     -381.0      3.4      2.2      6.7 2021 11 18  9 48  5.620  0.00   1
   104060  40.619934 -124.312337    20.230    -6782.9     7740.1    -1197.5      2.8      2.3      6.9 2022  4 14 20  4 26.860  0.00   1
   104061  40.620447 -124.314600    20.384    -6974.4     7797.0    -1043.2      3.4      2.0      7.0 2022  6 16 20 44 53.720  0.00   1
   104064  40.620154 -124.311678    20.273    -6727.1     7764.5    -1154.6      3.2      2.5      7.1 2022 10 23 23 59  6.320  0.00   1
   104510  40.562492 -124.130607    22.379     8606.2     1361.4      952.2      0.7      0.7      1.4 2020  1 21 18 16 13.040  0.00   1
   104905  40.522249 -124.418441    26.364   -15777.1    -3107.3     4937.1      8.6      8.8     15.2 2020  6 22 15 25 24.880  0.00   1
   104911  40.511190 -124.419906    23.921   -15902.6    -4335.5     2493.7      2.6      3.6      7.7 2021  5 20 19 21 47.940  0.00   1
   104917  40.504667 -124.426644    23.767   -16474.3    -5059.8     2340.0      7.0      5.7      7.8 2021  9 17 15 11 51.640  0.00   1
   104918  40.506767 -124.420752    24.572   -15974.8    -4826.6     3144.8      5.6      6.0      8.2 2021 10  5 18 21 58.320  0.00   1
   104923  40.497990 -124.428019    24.335   -16591.6    -5801.2     2907.9      8.8     12.1     19.6 2021 12 22  5 52  2.020  0.00   1
   104928  40.511076 -124.419222    25.312   -15844.6    -4348.1     3884.8      4.4      2.3      6.0 2022  1 30  2  6 57.660  0.00   1
   104932  40.510885 -124.418970    25.298   -15823.3    -4369.3     3870.6      4.5      2.2      6.1 2022  3  5  0 58 53.080  0.00   1
   104936  40.510779 -124.425163    23.492   -16348.0    -4381.1     2064.4      4.8      5.4      8.3 2022  7 27  2 17 47.560  0.00   1
   104940  40.517655 -124.494938    16.180   -22258.9    -3617.5    -5247.3      4.0      3.1     10.1 2020  1 27  9 51 13.860  0.00   1
   104941  40.518188 -124.492114    15.859   -22019.6    -3558.3    -5568.0      4.4      4.3      7.8 2020  2 20  6 32 59.280  0.00   1
   104942  40.520211 -124.492725    14.616   -22071.0    -3333.7    -6810.9      4.4      7.1     14.4 2020  4  6  9 21 20.960  0.00   1
   104943  40.517961 -124.493856    15.827   -22167.2    -3583.6    -5599.9      3.9      3.0      6.6 2020 12 17 16 41  8.520  0.00   1
   104944  40.518087 -124.489193    15.727   -21772.1    -3569.6    -5700.7      3.7      3.8     12.8 2020 12 19 14 18 19.400  0.00   1
   104945  40.520744 -124.496924    15.937   -22426.6    -3274.5    -5490.7      3.6      3.8      6.3 2021  5 24  0 40 45.520  0.00   1
   104946  40.519995 -124.498112    15.975   -22527.4    -3357.7    -5451.8      2.7      2.9      4.2 2021 11  6  3 38 12.480  0.00   1
   105067  40.738481 -123.939657    22.856    24746.7    20904.1     1428.9      7.7      7.9      9.1 2020  1 29 17 29  4.280  0.00   1
   105385  40.552209 -123.974015    21.520    21870.7      219.6       92.6      2.2      1.6      1.6 2021  4  1  4 46 23.960  0.00   1
   105390  40.593652 -123.955273    21.412    23451.0     4821.6      -15.4      9.7      6.1      9.0 2021  5 23 15 44  5.100  0.00   1
   105391  40.603398 -123.985083    22.295    20925.2     5903.8      868.2      6.4      4.1      6.8 2021  6 30  5 49 47.860  0.00   1
   105476  40.760933 -123.870736    20.760    30571.4    23397.4     -667.0      6.6      3.6      5.8 2021  4 17 11 13 27.660  0.00   1
   105477  40.760429 -123.866463    20.162    30932.8    23341.4    -1264.9      8.7      8.7      9.8 2021  5 16 18 21  8.560  0.00   1
   105483  40.758972 -123.862948    20.719    31230.5    23179.6     -708.6      6.9      3.9      5.9 2022  5  4  3 34 42.980  0.00   1
   105706  40.596761 -124.042529    22.009    16062.0     5166.8      582.1      9.5      6.1     14.4 2020  2  8  2 28 57.160  0.00   1
   105713  40.597567 -124.061613    23.319    14446.0     5256.3     1891.5     11.2      5.3     10.1 2021  8 21  3 33 28.140  0.00   1
   105954  40.545003 -124.061743    19.736    14440.6     -580.6    -1691.4      3.7      3.2      4.3 2020  2  8 19 52 44.320  0.00   1
   105955  40.542029 -124.064689    19.460    14191.4     -910.9    -1966.8      4.3      4.8      2.4 2020  2 23  1  6 17.520  0.00   1
   105956  40.540971 -124.076603    19.969    13182.2    -1028.4    -1458.0      4.4      4.2      4.9 2020 10 23 10 31 25.740  0.00   1
   105957  40.547656 -124.066081    19.398    14072.9     -286.0    -2029.0      6.2      5.1      6.7 2021  2 19 15  2  5.840  0.00   1
   105958  40.544539 -124.061979    19.860    14420.6     -632.1    -1566.8      2.8      1.6      2.6 2021  7 27 12 42 23.820  0.00   1
   105960  40.543355 -124.068254    19.342    13889.3     -763.6    -2085.5      3.2      2.4      4.7 2021  9  6  1 57 48.460  0.00   1
   105961  40.544552 -124.070475    21.459    13701.0     -630.8       31.9      5.4      4.6      7.9 2021 10 30 15 54 35.980  0.00   1
   106005  40.589408 -124.095923    19.685    11541.5     4350.4    -1741.9      5.8      5.8      8.3 2020  4 19 13  8 57.480  0.00   1
   106006  40.595874 -124.091553    18.848    11911.0     5068.3    -2579.2      4.7      4.8      5.2 2020  6  7 18 47 39.820  0.00   1
   106007  40.593502 -124.084538    19.194    12505.2     4804.9    -2233.5      3.6      3.2      3.7 2020  7 20 16 45 35.520  0.00   1
   106008  40.593437 -124.083016    19.260    12634.1     4797.7    -2166.9      2.4      2.0      3.4 2021 11 25 11 31 45.620  0.00   1
   106009  40.594320 -124.084326    19.131    12523.1     4895.7    -2296.3      3.1      2.8      4.0 2022  1 31  2 46 32.380  0.00   1
   106065  40.534762 -124.390023    25.447   -13368.3    -1717.9     4019.6      3.9      3.1      4.0 2020  2 11 17 54 25.540  0.00   1
   106069  40.500228 -124.446533    16.107   -18160.2    -5552.7    -5320.3      6.7      5.4     12.3 2021  7 22 12 38 41.980  0.00   1
   106070  40.505534 -124.448934    15.762   -18362.9    -4963.5    -5665.5      8.5      8.6     19.8 2021  8 21  7 21 12.600  0.00   1
   106079  40.632808 -123.986670    26.329    20786.3     9169.7     4901.6      3.0      3.2      7.0 2020  2 13 23  7 46.880  0.00   1
   106080  40.644165 -123.978117    27.400    21508.6    10430.8     5972.5      5.6      4.8      8.1 2020  2 27  1  9  9.980  0.00   1
   106081  40.640784 -123.988542    25.916    20626.7    10055.4     4488.9      3.0      1.1      3.8 2020  6 29  6 46  6.840  0.00   1
   106082  40.633968 -123.976587    25.879    21639.7     9298.5     4451.7      8.5      7.5      9.8 2021 11 14 16 50 17.560  0.00   1
   106083  40.640080 -123.984741    25.840    20948.5     9977.2     4413.1      3.1      2.3      5.2 2022  2 10  2 19 50.980  0.00   1
   106084  40.641223 -123.983195    25.645    21079.2    10104.2     4217.3      3.2      2.5      6.3 2022  6  3  6  4  3.860  0.00   1
   106096  40.581140 -124.206982    20.438     2137.1     3432.2     -989.6     10.2      7.0     14.5 2021 11  2  4 49 56.460  0.00   1
   106102  40.520349 -124.413346    20.341   -15345.8    -3318.3    -1086.3      6.1      4.3      6.3 2022  7  6 11 29  4.460  0.00   1
   106103  40.519023 -124.407031    21.587   -14810.9    -3465.6      159.4      5.7      4.7     10.6 2022  8 16  8  0  8.060  0.00   1
   106104  40.516418 -124.411776    21.377   -15213.1    -3754.8      -50.1      3.1      3.5      7.3 2022  8 29 21 57 39.860  0.00   1
   106135  40.553406 -124.215592    17.047     1408.3      352.4    -4380.6      1.5      2.5      4.5 2021  9 13  0  4  6.120  0.00   1
   106440  40.554899 -124.052808    21.951    15196.4      518.3      524.2     10.8      8.6     13.2 2021  9  4  5 13 46.140  0.00   1
   106496  40.593787 -124.106836    19.531    10617.0     4836.5    -1896.4     12.7      6.0      7.0 2021  8 27  1 44  5.160  0.00   1
   106497  40.592668 -124.105306    19.702    10746.7     4712.3    -1725.1      9.9      4.4      7.4 2021 11 30  0 51 56.760  0.00   1
   106499  40.593266 -124.105745    19.718    10709.4     4778.7    -1709.7      9.7      3.8      8.3 2022  1  8 11 15 11.920  0.00   1
   106609  40.614807 -123.838949    27.169    33295.8     7170.8     5741.6      8.7      4.7      9.0 2020  2 20 17 26 49.040  0.00   1
   106610  40.608447 -123.846956    27.454    32619.4     6464.5     6026.5      4.7      3.6      4.0 2020  7 17 16 58  8.720  0.00   1
   106612  40.605811 -123.845817    28.639    32716.5     6171.7     7211.8      7.8      5.5      7.1 2021 11 24  2 11 55.300  0.00   1
   106613  40.611214 -123.849357    27.635    32415.4     6771.8     6207.5      4.1      2.8      3.7 2022  5 21  1 58 58.180  0.00   1
   106614  40.503426 -124.415454    22.923   -15526.3    -5197.6     1495.3      3.9      8.2      9.3 2020  2 21 12  1 53.080  0.00   1
   106677  40.572286 -124.073193    19.780    13467.9     2449.0    -1646.8      4.0      6.1      5.1 2020  2 22  2  3 27.180  0.00   1
   106678  40.573210 -124.073714    20.060    13423.7     2551.6    -1366.8      2.4      2.1      2.4 2021  2 19 10 17 53.000  0.00   1
   106679  40.576152 -124.068368    19.603    13876.3     2878.3    -1824.2      3.3      5.2      4.2 2022  1 22 18 50  2.840  0.00   1
   106849  40.552384 -123.979338    21.338    21419.8      239.0      -89.2      6.9      5.1      8.2 2020  2 25 10 41 25.500  0.00   1
   106850  40.548043 -123.974731    21.464    21810.7     -243.1       37.0      7.4      4.9      5.9 2020  6 21 16  9 47.640  0.00   1
   106852  40.539644 -123.964315    21.663    22694.4    -1175.7      235.7      9.4      7.8     15.2 2021  6 16 14  0 25.980  0.00   1
   106853  40.548779 -123.974837    21.623    21801.6     -161.3      195.6      7.3      7.2     12.1 2021  6 17 11 40 36.000  0.00   1
   106855  40.550822 -123.975106    21.490    21778.5       65.5       62.3      8.0      6.0      6.4 2022  9 27  4 34 50.860  0.00   1
   106908  40.622555 -124.302539    19.927    -5953.3     8031.1    -1499.9      2.8      1.9      3.2 2021  4  2 11 45  2.260  0.00   1
   106909  40.623861 -124.298470    19.427    -5608.8     8176.1    -2000.0      5.5      3.9      4.6 2021  4  7  1 55 18.100  0.00   1
   106910  40.621460 -124.302775    20.146    -5973.3     7909.5    -1281.7      2.7      2.0      7.4 2021 10 17 14 20 53.460  0.00   1
   106916  40.623637 -124.297493    19.577    -5526.1     8151.3    -1850.6      4.8      3.1      3.6 2022  7 14  7 38  2.880  0.00   1
   106917  40.503988 -124.331600    18.985    -8420.9    -5135.2    -2440.9      4.6      5.2      6.6 2020  2 29  6 25 39.720  0.00   1
   106919  40.505473 -124.339103    18.379    -9056.6    -4970.3    -3048.0      3.4      3.3      4.6 2020  6 25 12 39 13.840  0.00   1
   106920  40.505196 -124.339762    18.294    -9112.5    -5001.0    -3133.4      3.7      3.5      5.3 2020  6 26 13 51 55.760  0.00   1
   106921  40.504846 -124.339437    18.317    -9084.9    -5039.9    -3110.2      3.6      3.5      4.8 2020  6 27  9  8 18.860  0.00   1
   106924  40.500484 -124.332975    18.816    -8537.7    -5524.3    -2611.2      4.9      4.7      5.1 2020  7 15 15 49 31.760  0.00   1
   106925  40.504793 -124.339421    18.319    -9083.6    -5045.8    -3107.9      3.6      3.5      4.7 2020  7 15  2 55 13.780  0.00   1
   106926  40.500415 -124.332194    19.004    -8471.5    -5531.9    -2423.0      6.1      3.9      4.8 2020  7 15  5  0 39.940  0.00   1
   106927  40.504911 -124.339559    18.407    -9095.3    -5032.6    -3020.7      3.5      3.3      4.8 2020  7 15 19 40 35.320  0.00   1
   106930  40.504773 -124.339575    18.392    -9096.7    -5048.0    -3035.3      4.6      4.3      5.6 2020  7 16 16  0 18.620  0.00   1
   106931  40.500696 -124.328524    19.586    -8160.5    -5500.8    -1841.5      8.8      6.9     11.5 2020  7 16 12 26  9.680  0.00   1
   106933  40.505115 -124.341081    18.759    -9224.2    -5010.1    -2668.0      3.1      3.6      3.7 2020 11 20 17 12 56.060  0.00   1
   106934  40.509798 -124.328743    18.342    -8178.6    -4490.0    -3085.3      4.1      4.2      6.3 2021  5 12 18 32 23.080  0.00   1
   106937  40.510286 -124.327767    18.516    -8095.8    -4435.8    -2911.5      4.6      4.7      4.6 2021  7 11  5  6 12.560  0.00   1
   106939  40.510413 -124.328394    18.478    -8148.9    -4421.8    -2949.7      4.1      4.2      5.1 2021  7 11  7 17 55.760  0.00   1
   106940  40.508927 -124.327181    18.788    -8046.2    -4586.7    -2639.0      4.7      4.8      2.8 2021  7 11  4 14 40.000  0.00   1
   106941  40.509090 -124.327466    18.753    -8070.3    -4568.6    -2674.3      4.8      5.0      3.8 2021  7 11  3 36 34.760  0.00   1
   106942  40.510213 -124.328060    18.473    -8120.6    -4443.9    -2953.9      4.2      4.2      5.4 2021  7 11  2 14  1.880  0.00   1
   106943  40.508728 -124.326799    18.769    -8013.8    -4608.8    -2658.2      4.6      4.7      2.7 2021  7 11  7 49 35.560  0.00   1
   106944  40.508972 -124.327246    18.761    -8051.7    -4581.7    -2666.2      4.8      5.0      3.7 2021  7 12  6 52 59.100  0.00   1
   106945  40.510144 -124.327938    18.608    -8110.3    -4451.6    -2819.4      4.8      4.7      3.9 2021  7 12  7 38 34.800  0.00   1
   106947  40.510327 -124.327873    18.482    -8104.7    -4431.2    -2945.5      4.8      5.0      4.3 2021  7 12  6 52  5.820  0.00   1
   106948  40.509473 -124.327067    18.583    -8036.5    -4526.1    -2844.4      3.8      3.7      3.3 2021  7 12  6 57 12.740  0.00   1
   106949  40.510120 -124.327954    18.614    -8111.7    -4454.3    -2812.9      4.6      4.6      2.9 2021  7 12  6 51 15.180  0.00   1
   106950  40.510075 -124.327905    18.624    -8107.5    -4459.3    -2803.1      4.4      4.5      2.9 2021  7 12 22 18 34.740  0.00   1
   106951  40.510356 -124.327637    18.487    -8084.8    -4428.1    -2940.7      4.4      4.5      4.2 2021  7 12  8 58 54.960  0.00   1
   106952  40.510343 -124.327856    18.489    -8103.4    -4429.4    -2938.1      4.8      5.0      4.2 2021  7 12  8 46 32.680  0.00   1
   106953  40.509127 -124.326725    18.603    -8007.6    -4564.5    -2824.3      4.8      4.2      5.7 2021  7 12  6 48 36.980  0.00   1
   106954  40.509928 -124.327645    18.607    -8085.5    -4475.5    -2819.8      4.4      4.5      2.8 2021  7 12  6 58 19.680  0.00   1
   106959  40.509269 -124.325854    18.644    -7933.8    -4548.7    -2783.5      5.3      4.8      3.3 2021  7 12 15 18 57.120  0.00   1
   106960  40.508842 -124.327075    18.723    -8037.3    -4596.2    -2704.1      5.0      5.0      2.9 2021  7 12 12 15  8.320  0.00   1
   106961  40.509086 -124.327352    18.791    -8060.7    -4569.1    -2636.1      4.6      4.7      2.6 2021  7 12  7 42 57.140  0.00   1
   106962  40.508854 -124.327059    18.754    -8035.9    -4594.8    -2673.3      4.7      4.8      3.3 2021  7 12  8  3  8.480  0.00   1
   106964  40.508858 -124.327043    18.740    -8034.5    -4594.4    -2687.2      4.9      5.0      4.6 2021  7 12  5 33 43.540  0.00   1
   106965  40.508899 -124.327132    18.844    -8042.1    -4589.8    -2582.8      4.5      4.4      3.6 2021  7 12  8 56 41.260  0.00   1
   106967  40.510120 -124.327588    18.499    -8080.6    -4454.3    -2928.5      4.9      5.1      4.5 2021  7 13  3 34 41.120  0.00   1
   106968  40.508765 -124.328076    18.740    -8122.1    -4604.8    -2687.0      4.8      5.1      4.0 2021  7 13 11  0 10.880  0.00   1
   106970  40.508016 -124.324398    18.734    -7810.5    -4687.9    -2693.2      5.5      4.7      3.4 2021  7 15 17 56 38.860  0.00   1
   106971  40.508236 -124.324430    18.715    -7813.2    -4663.5    -2711.8      5.2      4.4      3.5 2021  7 24 15 17 23.680  0.00   1
   106974  40.510209 -124.330387    18.302    -8317.8    -4444.3    -3124.9      2.8      3.0      5.3 2021 12 20 23 45 33.300  0.00   1
   106975  40.502775 -124.337272    18.837    -8901.7    -5269.9    -2589.9      5.6      5.1      6.9 2021 12 20 21 54 42.040  0.00   1
   106977  40.513135 -124.327669    20.342    -8087.3    -4119.5    -1085.2      8.3      8.4     13.2 2021 12 21 12 29 57.320  0.00   1
   106978  40.500431 -124.334701    18.960    -8683.9    -5530.1    -2467.2      4.6      4.5      4.3 2021 12 22  7  9  8.260  0.00   1
   106979  40.503674 -124.334017    18.952    -8625.8    -5170.0    -2475.0      4.4      4.5      5.4 2021 12 22 17  4 29.540  0.00   1
   106983  40.504187 -124.337191    18.785    -8894.7    -5113.1    -2642.3      4.9      4.4      5.3 2021 12 23 19 43 35.140  0.00   1
   106984  40.506848 -124.330054    18.015    -8289.8    -4817.6    -3412.3     12.7      6.6      9.8 2021 12 23  6 28 39.440  0.00   1
   106986  40.510400 -124.328027    18.665    -8117.8    -4423.1    -2762.6      2.9      2.7      4.1 2021 12 25  0 41  6.140  0.00   1
   106988  40.509208 -124.326831    18.565    -8016.6    -4555.5    -2862.5      9.9     10.4     10.1 2021 12 31  7 30 11.740  0.00   1
   106989  40.503691 -124.342928    18.823    -9380.8    -5168.2    -2604.2      5.5      4.7      5.9 2022  1  2 19  6  3.500  0.00   1
   106990  40.506189 -124.329167    18.247    -8214.6    -4890.8    -3180.5      7.8      4.1      6.7 2022  1  2 18 43 27.640  0.00   1
   106991  40.504228 -124.333716    19.134    -8600.2    -5108.6    -2293.5      4.2      4.6      5.4 2022  1 29  0 56  4.940  0.00   1
   106992  40.505538 -124.332072    18.647    -8460.8    -4963.1    -2780.6      4.8      5.2      4.9 2022  2 20  7 55 33.920  0.00   1
   106993  40.508671 -124.327889    19.293    -8106.2    -4615.1    -2134.4      3.9      3.4      6.3 2022  4 11  8 48 35.180  0.00   1
   106995  40.509546 -124.325724    18.535    -7922.8    -4518.0    -2892.3      4.1      3.6      4.0 2022  5 14  5 11 24.580  0.00   1
   106996  40.510876 -124.330119    18.242    -8295.0    -4370.2    -3185.1      2.8      3.3      6.0 2022  5 21 19  6 31.100  0.00   1
   106997  40.506909 -124.322681    18.677    -7665.0    -4810.8    -2749.8      6.5      3.0      4.5 2022  7 18  4 14 31.760  0.00   1
   107286  40.595955 -124.032992    24.037    16869.7     5077.4     2609.4      6.4      9.1     18.3 2020  4 12 17 13 25.640  0.00   1
   107287  40.591972 -124.018197    22.952    18123.0     4635.0     1524.9     11.8      6.3      9.2 2020  4 18 11  7 43.200  0.00   1
   107288  40.594865 -124.015177    23.121    18378.3     4956.3     1693.5      7.4      3.8      6.6 2020 11 20  1 42 41.040  0.00   1
   107289  40.594324 -124.017627    23.166    18170.9     4896.2     1738.6      9.7      5.0      7.7 2020 11 20  1 23 58.260  0.00   1
   107290  40.594470 -124.015186    23.119    18377.6     4912.5     1691.7      8.6      3.3      6.0 2020 11 20  1 20 56.960  0.00   1
   107291  40.593726 -124.015194    23.331    18377.1     4829.8     1903.4      5.6      4.2      7.0 2020 11 20  7  8 23.000  0.00   1
   107292  40.597807 -124.001139    22.783    19566.5     5283.0     1356.1      8.8      6.3      9.1 2021 11 14 17  4  4.680  0.00   1
   107293  40.595447 -124.013045    22.350    18558.7     5020.9      922.8      5.4      3.6      7.5 2021 12  5 10 31 19.440  0.00   1
   107297  40.589730 -123.995288    23.517    20063.2     4386.1     2089.6     14.6     11.8     21.3 2022  1 27  3  6  7.800  0.00   1
   107337  40.507882 -124.425081    23.486   -16341.5    -4702.8     2058.7      4.5      9.9     17.6 2020  3  7  9 53 50.140  0.00   1
   107338  40.486698 -124.453556    26.409   -18757.1    -7055.1     4982.1      5.6      4.5      5.9 2020  9 23 15 27 24.660  0.00   1
   107341  40.503015 -124.431193    25.557   -16859.9    -5243.2     4129.7      7.0      6.7      8.9 2022  5  3 13  8 48.100  0.00   1
   107359  40.528292 -124.382218    25.163   -12707.7    -2436.3     3736.2      5.8      5.8      8.4 2021 12 20 22 54  5.520  0.00   1
   107361  40.525195 -124.402230    23.038   -14403.4    -2780.2     1611.2     12.8      7.1     12.8 2021 12 20 21 57 14.080  0.00   1
   107370  40.475134 -124.534603    27.110   -25627.6    -8339.2     5682.5      4.9     10.8     12.0 2021 11 16  4 40 39.460  0.00   1
   107371  40.469661 -124.532170    23.784   -25422.4    -8947.0     2356.5      4.5      5.8      4.2 2022  4  3 19 28  4.080  0.00   1
   107574  40.465275 -124.428215    19.484   -16612.2    -9434.1    -1943.0      9.8     18.8      8.5 2020  3 11 22 47 36.760  0.00   1
   107579  40.472384 -124.429102    19.877   -16686.5    -8644.7    -1550.3      3.8      3.9      4.2 2021  9 21 12 24 42.300  0.00   1
   107580  40.471773 -124.430778    19.462   -16828.7    -8712.5    -1964.8      3.7      4.7      4.5 2021 10 16  2 20 43.560  0.00   1
   107582  40.483577 -124.436507    18.942   -17312.7    -7401.7    -2485.3      2.1      4.0      9.4 2022  2  5  7 43 32.760  0.00   1
   107583  40.472217 -124.429134    19.719   -16689.3    -8663.2    -1707.8      5.0      4.9      6.7 2022  2 19 19 28 29.060  0.00   1
   107584  40.468681 -124.427507    19.775   -16551.8    -9055.9    -1652.6      4.8      5.2      3.3 2022  2 21 15 20 50.320  0.00   1
   107585  40.468742 -124.427555    19.776   -16555.9    -9049.1    -1651.2      4.7      4.8      3.2 2022  3  8 13 52  8.680  0.00   1
   107586  40.472176 -124.429712    19.898   -16738.3    -8667.7    -1529.1      5.2      4.8      2.6 2022  3 17  5 45 51.800  0.00   1
   107609  40.570728 -123.956779    21.274    23327.4     2275.9     -152.9      4.9      6.0      9.2 2021 12 25 22 49 23.520  0.00   1
   107620  40.515845 -124.474357    27.997   -20515.5    -3818.5     6569.4      9.9     11.1     12.4 2020  3 20 11 54 38.000  0.00   1
   107621  40.502181 -124.505802    26.471   -23182.1    -5335.8     5043.7      4.0      3.6      7.8 2020  3 20 22 28 21.200  0.00   1
   107622  40.506104 -124.505697    26.660   -23172.4    -4900.3     5232.8      7.5      7.6      6.4 2020  3 21 20 18  7.640  0.00   1
   107623  40.505619 -124.505412    26.622   -23148.4    -4954.0     5194.6      7.5      8.2      7.4 2020  3 21 19  0  1.520  0.00   1
   107626  40.499105 -124.500334    26.802   -22719.2    -5677.4     5375.2      8.2      8.1      9.6 2020  4 18 11  0 19.100  0.00   1
   107627  40.498539 -124.513232    27.651   -23812.3    -5740.2     6223.6      8.6      5.8      8.2 2020  4 29 15  5 11.240  0.00   1
   107635  40.499882 -124.503215    27.248   -22963.2    -5591.1     5820.6      4.5      3.8      6.1 2021  6 23  5 14 47.320  0.00   1
   107636  40.503337 -124.503988    26.992   -23028.1    -5207.5     5565.1      3.1      4.3      5.6 2021  6 27 15 30 22.300  0.00   1
   107638  40.508358 -124.508260    26.294   -23389.2    -4649.9     4867.0      8.5      7.8     16.7 2021  8 29 17 32  5.980  0.00   1
   107639  40.500745 -124.504264    27.531   -23052.0    -5495.3     6103.3      3.4      4.5      7.1 2021  9  1  5  5 36.660  0.00   1
   107641  40.501774 -124.503931    27.362   -23023.5    -5381.0     5934.6      3.4      3.8      6.5 2021 10  7 19  8 24.060  0.00   1
   107644  40.493058 -124.506820    27.574   -23269.8    -6348.9     6147.1      5.8     12.7      8.5 2021 10 30 23 40 23.100  0.00   1
   107645  40.498877 -124.497965    27.545   -22518.5    -5702.7     6117.8      6.7      7.5      6.8 2021 11 20  8 44 57.940  0.00   1
   107648  40.503044 -124.495947    28.061   -22346.8    -5240.0     6633.4      6.0      6.4     10.4 2021 12 18  8 55  3.900  0.00   1
   107651  40.505599 -124.488892    26.337   -21748.6    -4956.3     4909.9      7.3      4.1      6.5 2022  1 12 11 34 59.600  0.00   1
   107654  40.491386 -124.504427    27.112   -23067.4    -6534.6     5684.7      5.6      9.1     13.6 2022  4 13 23 57 43.640  0.00   1
   107655  40.497900 -124.492887    25.265   -22088.4    -5811.2     3837.4      5.8     10.7     15.6 2022  7 29 16 38  2.820  0.00   1
   107656  40.486633 -124.503410    28.255   -22982.0    -7062.3     6827.8     10.5     14.7      9.0 2022  8 10  2 25 35.080  0.00   1
   107657  40.489229 -124.498812    27.976   -22591.9    -6774.1     6548.9      6.6      9.4      9.2 2022  8 23  6 57 35.860  0.00   1
   107661  40.494902 -124.519312    26.361   -24328.1    -6144.2     4933.5      6.3      9.0     13.4 2022 10 16 17  6 16.580  0.00   1
   107662  40.494035 -124.510742    27.389   -23602.0    -6240.4     5961.4      4.4      4.9      8.0 2022 10 16 21 31  2.740  0.00   1
   107663  40.495011 -124.510278    27.385   -23562.6    -6132.0     5957.3      4.5      4.9      7.9 2022 10 16 17  0 17.060  0.00   1
   107664  40.523763 -124.389404    23.659   -13317.0    -2939.3     2231.9      3.1      1.6      1.3 2020  3 13 19 20 41.280  0.00   1
   107680  40.562276 -124.001937    22.642    19504.2     1337.5     1214.3     30.8     12.0     11.0 2020  4 27  3 46 18.440  0.00   1
   107683  40.562410 -124.013875    22.588    18493.0     1352.4     1160.4      5.2      2.6      3.5 2020 11 11 11 22 54.400  0.00   1
   107687  40.561450 -123.999251    22.116    19731.7     1245.7      688.5      4.4      2.5      4.6 2021 12 25 23  5 26.280  0.00   1
   107808  40.546464 -124.196525    27.143     3023.5     -418.4     5716.0      6.7      4.7      7.7 2020  3 18 22 58 40.420  0.00   1
   107818  40.465230 -123.820955    23.223    34857.8    -9439.0     1795.7      4.4      6.3      2.7 2021  1 21 21  8 56.860  0.00   1
   107819  40.465202 -123.819670    23.228    34966.8    -9442.2     1800.3      3.9      5.2      4.3 2021  1 24 19 45 59.820  0.00   1
   107820  40.467029 -123.820947    23.078    34858.0    -9239.3     1650.9      3.7      4.8      2.6 2022  1 24 23 34 18.900  0.00   1
   107822  40.493441 -123.830054    25.121    34079.5    -6306.4     3693.7      8.9     11.7     14.2 2022  9 20 16  0 37.520  0.00   1
   107823  40.469682 -123.822892    23.174    34692.5    -8944.7     1746.3      1.9      3.1      2.5 2022 11 20 17  4 54.300  0.00   1
   107825  40.515019 -124.418677    20.208   -15798.0    -3910.3    -1218.9      5.6      6.1      8.2 2020  3 18 23 32 29.300  0.00   1
   107844  40.621781 -124.311141    19.757    -6681.6     7945.2    -1670.3      2.5      0.9      4.6 2020  3 18  4 40 58.500  0.00   1
   107847  40.622115 -124.306185    21.265    -6262.0     7982.3     -162.5      3.3      1.0      5.9 2022  1 23 16 30 25.180  0.00   1
   107849  40.621802 -124.311955    19.462    -6750.4     7947.5    -1965.5      2.8      0.7      6.2 2022 10 21 10 46 28.380  0.00   1
   107887  40.582198 -124.428434    23.073   -16616.4     3549.7     1645.9      5.8      5.2      6.4 2020  7 13 13  8 40.060  0.00   1
   107888  40.580225 -124.432658    23.396   -16974.4     3330.5     1969.2      3.4      4.2      4.9 2020  8 15  3 41 44.920  0.00   1
   107890  40.580538 -124.432788    23.331   -16985.3     3365.3     1904.0      3.2      4.7      5.4 2021  8  9 17  8 53.000  0.00   1
   107891  40.584473 -124.430868    23.902   -16822.2     3802.3     2474.3      6.0      4.3      4.0 2021  8 11  0 58 47.400  0.00   1
   107895  40.575696 -124.435734    22.928   -17235.4     2827.6     1500.7     11.4     16.0     13.9 2022  9  4 19 13 25.340  0.00   1
   107928  40.583187 -124.427132    23.163   -16506.1     3659.5     1735.4      3.0      2.4      3.2 2020  7 22  0 55 19.100  0.00   1
   107930  40.612773 -124.434896    22.984   -17159.7     6944.9     1556.4      3.6      2.7      3.8 2021 12 13  1 46 42.200  0.00   1
   107964  40.536202 -124.398446    17.712   -14081.7    -1558.0    -3715.6      5.5     11.2     17.2 2021 11 14  0  8  4.400  0.00   1
   107965  40.527352 -124.393970    18.907   -13703.4    -2540.7    -2520.5      9.0     11.2     12.6 2021 12 21 22 13 12.300  0.00   1
   107971  40.530965 -124.406022    16.909   -14724.1    -2139.5    -4517.9      8.0      6.4      8.7 2022 10  9 19  5  2.280  0.00   1
   107978  40.532902 -124.423787    28.434   -16228.8    -1924.4     7006.3      9.6      6.2      9.3 2021  4 15  8 56 41.520  0.00   1
   107980  40.526937 -124.424577    26.838   -16296.4    -2586.8     5410.4      4.6      4.5      4.1 2021  8  4 18 58 46.060  0.00   1
   107981  40.529683 -124.419613    26.768   -15875.6    -2281.8     5340.7      7.5      6.7     10.5 2021  8 21 16 23 33.700  0.00   1
   107983  40.523861 -124.433643    26.145   -17064.9    -2928.4     4717.9      4.3      3.3      5.0 2021 11  3  7 32 49.840  0.00   1
   107984  40.517200 -124.429085    26.834   -16679.6    -3668.1     5406.4      6.3      7.0     11.0 2021 12  3 10 42 13.240  0.00   1
   107988  40.529122 -124.420288    26.569   -15932.8    -2344.2     5141.7      6.3      3.7      6.3 2022  2 13 11 20 53.200  0.00   1
   107989  40.518038 -124.423682    27.107   -16221.7    -3575.0     5679.8      5.9      6.4      5.3 2022  4 26 22 35 44.360  0.00   1
   107990  40.528145 -124.423201    26.654   -16179.8    -2452.6     5226.3      5.4      5.3      3.4 2022  8 18  8 41 53.440  0.00   1
   107991  40.531177 -124.426237    26.252   -16436.6    -2116.0     4825.1      3.9      4.0      5.4 2022 11  8  8 40 30.120  0.00   1
   107992  40.526648 -123.989738    20.697    20542.8    -2618.9     -730.4      9.3      9.3      9.5 2020  3 19 15 51  1.740  0.00   1
   107998  40.517631 -123.978084    20.904    21531.5    -3620.2     -523.1      6.7      9.7      6.5 2022  1 22 10 34 20.100  0.00   1
   107999  40.518848 -123.979435    20.874    21416.9    -3485.1     -553.1      9.2      7.6      9.3 2022  2 15  1 12 31.400  0.00   1
   108057  40.468982 -124.442008    22.470   -17780.9    -9022.4     1042.3      4.4      5.9      7.7 2021 12  5 19 24 48.900  0.00   1
   108061  40.469580 -124.450741    21.322   -18520.9    -8956.0     -104.9      5.1      4.4      5.3 2022  9 23 15 56 33.080  0.00   1
   108062  40.467590 -124.431763    20.835   -16912.7    -9177.0     -592.2      5.3      4.9      5.5 2022  9 28 23  9 12.340  0.00   1
   108063  40.581917 -124.355534    27.664   -10442.9     3518.5     6237.1      4.9      6.6     11.7 2020  3 20  8 49 18.520  0.00   1
   108064  40.581144 -124.347729    27.880    -9782.1     3432.7     6452.5      6.0      4.6      6.8 2021 10 17  9 59  8.260  0.00   1
   108067  40.538607 -124.404622    28.164   -14604.7    -1290.9     6736.3      4.1      3.4      5.4 2021 11  3 11  8 47.100  0.00   1
   108068  40.536938 -124.404940    28.303   -14631.7    -1476.2     6875.6      2.9      2.6      3.4 2021 11  3  4 10 39.340  0.00   1
   108070  40.535885 -124.410726    28.263   -15122.0    -1593.2     6836.1      4.2      3.1      5.1 2021 12 20 21 58 50.200  0.00   1
   108071  40.535701 -124.411572    28.927   -15193.7    -1613.5     7499.3      5.4      4.2      3.5 2022  1  6 19 21 44.640  0.00   1
   108073  40.616927 -123.949935    22.329    23898.9     7406.2      902.2      4.6      3.7      7.4 2020  9 26  5 11 46.240  0.00   1
   108076  40.611865 -123.944873    22.042    24328.3     6844.1      615.3      6.2      6.2      6.8 2021 10 28  3 17 37.200  0.00   1
   108082  40.612846 -123.943693    21.514    24428.1     6953.0       86.7      3.2      4.4      6.8 2022  4 23 20  0 10.440  0.00   1
   108083  40.621619 -123.946493    21.857    24189.5     7927.2      429.9      7.3      5.4      8.3 2022  6 17 14 38  4.080  0.00   1
   108103  40.555672 -124.256234    22.978    -2034.1      604.1     1550.3      5.7      6.2      6.0 2020  3 24  7  2 14.780  0.00   1
   108105  40.550887 -124.245760    22.765    -1147.0       72.7     1337.8      7.0      3.0      4.9 2020 11 21  0 51 45.000  0.00   1
   108108  40.553320 -124.248674    22.129    -1393.8      343.0      702.1      5.9      4.4      7.1 2022 11 11 23  8  9.040  0.00   1
   108253  40.746549 -123.837809    21.098    33359.6    21800.2     -329.6      6.1      4.2     14.2 2020  3 28 12 19 52.180  0.00   1
   108254  40.748893 -123.836759    20.286    33447.8    22060.4    -1141.1      5.7      4.0      8.2 2020  9 14 17 47 56.900  0.00   1
   108256  40.479891 -124.458968    18.493   -19216.7    -7811.0    -2934.5      3.1      5.0      6.3 2020  3 29  2 10 37.820  0.00   1
   108258  40.476143 -124.458919    19.433   -19213.1    -8227.2    -1994.3      3.2      1.4      2.2 2021 10  3  5 55  4.840  0.00   1
   108259  40.477641 -124.457886    19.361   -19125.3    -8060.9    -2066.3      3.3      1.5      1.9 2021 11 19  6 49 32.480  0.00   1
   108344  40.525936 -124.400382    17.898   -14246.8    -2698.0    -3529.4      4.6      5.5     11.6 2022  6  5 23 40 24.620  0.00   1
   108357  40.570801 -124.097599    23.144    11401.1     2284.1     1716.8     16.8      7.4      7.2 2021  2 21 19 35 38.660  0.00   1
   108358  40.571562 -124.090780    22.700    11978.6     2368.6     1272.9     15.8      9.3      9.8 2021 10 31 11 18 33.720  0.00   1
   108359  40.569971 -124.102775    23.137    10962.8     2191.9     1710.2     13.8      6.8      9.7 2022  2  6  9 49 13.780  0.00   1
   108413  40.479614 -124.498983    23.783   -22608.0    -7841.8     2355.8      8.6     12.5      9.0 2020  4 13  9 58 32.960  0.00   1
   108414  40.458252 -124.510311    23.887   -23571.7   -10214.0     2460.1      7.0      8.0      6.9 2020  8 28 23 50 45.120  0.00   1
   108415  40.462451 -124.508130    24.307   -23386.1    -9747.6     2879.4      6.4      8.5     21.5 2020  9 24 22 17 36.960  0.00   1
   108416  40.459371 -124.504159    27.616   -23050.1   -10089.7     6188.9      7.0      9.3     11.3 2021  2  3  1 21 28.060  0.00   1
   108422  40.477734 -124.510221    23.783   -23560.8    -8050.5     2355.8      9.3      8.6      7.7 2021 11 29 21 27 26.620  0.00   1
   108424  40.466239 -124.504085    26.279   -23042.7    -9327.0     4852.0      5.4      8.6     10.7 2022  2 13  8 54 23.040  0.00   1
   108430  40.455737 -124.509310    23.850   -23487.3   -10493.2     2423.3      6.7      8.6      7.2 2022 11 14 21 27 40.840  0.00   1
   108464  40.605212 -124.092871    18.928    11798.5     6105.3    -2499.4     10.7      6.4      7.8 2022  1 22 11 10 16.600  0.00   1
   108465  40.609135 -124.102075    17.351    11018.9     6540.9    -4076.1      9.9      6.5     10.9 2022  1 29  6 14 29.780  0.00   1
   108466  40.586133 -124.304183    20.908    -6094.1     3986.6     -519.7      6.4      6.9     10.0 2020  4 19 16 21  7.220  0.00   1
   108475  40.500647 -124.431193    25.500   -16860.2    -5506.2     4072.7      6.6      7.3     11.4 2020  8 21 16 41  2.020  0.00   1
   108479  40.501294 -124.429867    22.996   -16747.8    -5434.3     1568.4      8.6      6.9      8.7 2021  9 26  7 21 14.820  0.00   1
   108490  40.635527 -124.001270    24.714    19550.1     9471.6     3286.5      6.6      5.1      8.0 2020  4 19  6 45 57.780  0.00   1
   108491  40.513200 -124.347314    17.634    -9751.8    -4112.2    -3793.5     10.7     15.9      9.5 2020  4 21 11 21 54.140  0.00   1
   108492  40.508468 -124.335376    19.088    -8740.6    -4637.7    -2339.4      1.7      2.0      3.6 2020  6 19  5 30 29.960  0.00   1
   108493  40.510152 -124.336426    19.030    -8829.5    -4450.7    -2397.4      4.3      3.4      4.5 2021  3 12  1 30 38.560  0.00   1
   108494  40.509273 -124.333838    19.094    -8610.2    -4548.3    -2333.4      2.5      2.7      4.4 2021  6 14 22 35  4.460  0.00   1
   108495  40.510189 -124.330794    19.488    -8352.3    -4446.6    -1939.4      4.7      2.7      5.8 2021  6 14 21 36  2.260  0.00   1
   108496  40.510461 -124.331535    19.436    -8415.0    -4416.3    -1991.0      3.9      2.3      4.5 2021  6 14 21 44 45.960  0.00   1
   108497  40.509399 -124.334041    19.091    -8627.5    -4534.3    -2336.4      2.7      2.5      4.7 2021  6 15  9 44 20.640  0.00   1
   108498  40.510429 -124.333838    19.063    -8610.2    -4419.9    -2364.1      3.8      3.0      3.7 2021  6 15  8 53  6.160  0.00   1
   108499  40.510872 -124.334359    18.917    -8654.3    -4370.7    -2510.1      4.2      3.3      3.3 2021  6 15  9 30  2.180  0.00   1
   108500  40.510710 -124.334106    19.030    -8632.9    -4388.8    -2397.4      4.2      3.3      4.5 2021  6 15  9 15  5.520  0.00   1
   108501  40.509229 -124.335400    19.061    -8742.6    -4553.2    -2366.3      3.5      3.4      3.6 2021 12 11  4 20 38.740  0.00   1
   108566  40.642733 -124.066732    23.392    14007.9    10271.8     1964.9      3.5      2.3      1.1 2020  5  5 15 41 19.740  0.00   1
   108569  40.505302 -124.489502    23.874   -21800.3    -4989.3     2446.6      4.8      5.0      1.1 2020  5  6  2 15 26.660  0.00   1
   108570  40.505013 -124.491276    23.537   -21950.7    -5021.4     2109.3      3.2      3.2      7.8 2021  7 27  7 34 24.040  0.00   1
   108571  40.606246 -124.090902    17.801    11965.2     6220.1    -3626.0      7.8      9.4      4.0 2020  5  9 23 48 21.420  0.00   1
   108578  40.491813 -124.505786    15.507   -23182.5    -6487.1    -5919.9      4.6      5.6      7.8 2022  3 19 17 38 45.720  0.00   1
   108600  40.553088 -124.254696    24.622    -1903.9      317.2     3194.8      3.1      2.2      6.7 2020  8  8  3  7 36.200  0.00   1
   108601  40.547872 -124.259961    26.180    -2350.0     -262.1     4752.9      6.1      4.0      8.6 2021  7 18  8 37 44.140  0.00   1
   108604  40.549585 -124.249772    23.721    -1486.9      -71.8     2293.9      7.7      3.1      2.4 2022  6 14  4 29 40.760  0.00   1
   108605  40.551343 -124.244002    23.466     -998.1      123.4     2038.3      7.4      3.4     10.3 2022  6 29  2 18 33.580  0.00   1
   108609  40.530859 -124.348804    18.319    -9876.7    -2151.2    -3108.6      3.9      2.4      4.2 2020  5 21  5 49 36.720  0.00   1
   108610  40.531014 -124.348942    18.331    -9888.4    -2134.1    -3095.9      3.8      2.3      4.2 2020  5 21  6  0 18.060  0.00   1
   108611  40.538232 -124.349211    17.507    -9910.7    -1332.5    -3920.1     16.6     11.4      9.8 2020  5 21  5 49 32.040  0.00   1
   108616  40.531010 -124.431844    16.845   -16911.6    -2134.5    -4582.7     10.0     21.5     18.8 2020  5 27 17 28 46.460  0.00   1
   108617  40.520585 -124.378654    18.888   -12406.5    -3292.1    -2539.4     13.7      5.6     11.4 2021 12 21  9 14 12.320  0.00   1
   108618  40.522319 -124.413086    19.019   -15323.5    -3099.7    -2408.3      6.0      2.6      9.0 2020  5 29  3 10 10.980  0.00   1
   108624  40.529268 -124.337817    19.791    -8946.1    -2327.9    -1636.2      8.6      7.7     10.9 2020  6  1 23 58 17.820  0.00   1
   108625  40.526339 -124.318734    20.657    -7329.5    -2653.2     -769.9      8.5      9.7     11.3 2020  6 24  4 56 53.760  0.00   1
   108626  40.526331 -124.318742    20.721    -7330.2    -2654.1     -705.8      8.1      9.3     10.5 2020  6 25 13  0 35.620  0.00   1
   108655  40.575761 -124.180542    18.505     4376.4     2834.9    -2922.4     16.0      5.5     10.2 2021 10 12  3 27 25.740  0.00   1
   108724  40.620406 -123.933325    21.492    25304.4     7792.5       64.7      9.6      8.5     19.1 2020  6 14 11 45 45.620  0.00   1
   108732  40.601611 -123.919482    22.521    26480.1     5705.4     1094.2      7.7      5.6     12.7 2022 10 13 19 35 55.660  0.00   1
   108757  40.543091 -124.055029    19.823    15009.5     -793.0    -1604.5      2.5      2.7      2.3 2020  6 14 14 58 40.620  0.00   1
   108758  40.541146 -124.056584    19.879    14878.1    -1009.0    -1548.3      3.7      3.0      3.8 2021  3  4 22 22 58.560  0.00   1
   108759  40.527706 -124.028442    20.908    17263.6    -2501.4     -519.4      8.5     10.2      8.0 2022  2 22 19 27 13.320  0.00   1
   108760  40.541874 -124.049951    19.863    15439.8     -928.1    -1564.2      6.5      4.6      3.7 2022  3 14  4  0 41.420  0.00   1
   108761  40.541667 -124.052262    19.904    15244.1     -951.1    -1523.4      3.7      4.1      4.2 2022  4  7 13 29 19.080  0.00   1
   108768  40.610445 -124.083984    18.575    12550.5     6686.4    -2852.3      3.0      2.0      3.0 2020 12 14 11 30 35.940  0.00   1
   108775  40.488424 -123.868498    20.715    30822.9    -6863.5     -712.0      5.4      6.7      5.7 2021  3 12  6 12 15.860  0.00   1
   108778  40.520353 -123.912695    20.964    27071.1    -3317.9     -463.3      4.0      3.4      4.7 2021 10  5  6 18 43.140  0.00   1
   108780  40.521041 -123.911702    20.811    27155.0    -3241.5     -615.8      4.2      3.6      4.5 2021 10  6 16 45 29.740  0.00   1
   108782  40.521098 -123.911947    20.825    27134.3    -3235.2     -601.8      4.6      4.7      4.6 2021 10  6 17 13 28.040  0.00   1
   108784  40.526367 -123.914624    20.848    26906.4    -2650.1     -579.5      5.4      7.0      4.5 2021 10  6 18 40 27.620  0.00   1
   108785  40.520178 -123.912158    20.859    27116.6    -3337.3     -568.0      4.3      4.1      5.1 2021 10  6 19 49 19.280  0.00   1
   108789  40.522107 -123.912337    21.248    27101.0    -3123.2     -179.4      3.6      3.6      3.9 2021 10  6 11 42 23.740  0.00   1
   108794  40.520870 -123.911507    20.823    27171.6    -3260.5     -604.7      4.2      3.7      4.6 2021 10  9 19 44 44.220  0.00   1
   108797  40.516801 -123.906209    21.329    27621.3    -3712.4      -98.6      7.6      8.2      7.0 2021 10 10 14 55 46.020  0.00   1
   108839  40.501672 -124.436060    23.494   -17272.5    -5392.3     2066.5      6.1      4.4      2.8 2021  4  7 10 38 50.740  0.00   1
   108840  40.496155 -124.436768    23.647   -17333.2    -6005.0     2220.0      5.8      5.3      2.4 2021 11  7  2 42 54.760  0.00   1
   108860  40.633525 -123.930615    21.656    25531.4     9249.3      228.9      4.2      1.2      3.8 2020  7  8 15  4 51.000  0.00   1
   108864  40.610132 -123.887280    23.001    29204.9     6651.6     1574.1      7.3      5.1      8.0 2020  7 12  6 10  9.180  0.00   1
   108865  40.612659 -123.887752    23.471    29164.3     6932.2     2043.4      7.8      6.3      5.7 2021  7 25  9 12 32.240  0.00   1
   108866  40.612101 -123.888273    22.900    29120.4     6870.3     1473.1      6.7      6.0      7.4 2022  9 20 20 35 29.800  0.00   1
   108897  40.602246 -124.120003    17.125     9501.5     5775.9    -4302.4     13.3     10.5     11.6 2020  7 21  9 58 36.880  0.00   1
   108901  40.602909 -124.098153    18.316    11351.5     5849.6    -3111.5      9.2      5.6      4.7 2020  7 28 10 54 20.520  0.00   1
   108918  40.646297 -124.022860    18.494    17721.0    10667.6    -2933.2      4.6      2.7      5.4 2020  8 14  7 59 14.720  0.00   1
   108919  40.645496 -124.018335    18.870    18104.1    10578.6    -2556.9      6.8      4.4      7.1 2020  8 14  7 29 17.360  0.00   1
   108921  40.645508 -124.022982    18.279    17710.8    10579.9    -3148.3      4.1      3.9      5.1 2021 11 16 18 50  1.700  0.00   1
   108922  40.593669 -124.117350    19.525     9726.7     4823.4    -1902.2      6.8      6.4      7.3 2020  8 17 22 44  9.820  0.00   1
   108923  40.593136 -124.117505    19.642     9713.7     4764.3    -1784.8      9.5      4.9      5.3 2020  8 17 22 37  2.940  0.00   1
   108925  40.604529 -124.105363    20.572    10740.9     6029.4     -855.4      6.6      3.8      5.8 2021  6 29  5 32 28.020  0.00   1
   108926  40.597880 -124.119971    20.654     9504.5     5291.1     -773.6      4.8      3.4      4.4 2021  9  2  7  3 32.740  0.00   1
   108956  40.536035 -124.241610    19.062     -795.6    -1576.5    -2365.6      2.4      4.8      8.4 2020  8 19  9 20 36.680  0.00   1
   108957  40.530278 -124.250578    18.974    -1555.4    -2215.8    -2453.3      4.2      5.0      6.3 2021  7 30  7  1 16.480  0.00   1
   108959  40.533944 -124.245898    18.951    -1158.9    -1808.7    -2476.5      2.7      3.2      4.5 2022  9 20 20 46 19.020  0.00   1
   108974  40.609664 -124.212573    24.359     1663.3     6599.6     2931.5      9.7      6.2     12.6 2021  6  2  8  1  4.060  0.00   1
   108976  40.604252 -124.244946    23.484    -1077.7     5998.7     2057.0     10.7      5.9     13.2 2021  8  2  1 42 32.520  0.00   1
   108977  40.621741 -124.210783    25.629     1814.7     7940.7     4201.7     30.0      6.5     19.7 2021  9 27 13 54 30.160  0.00   1
   108978  40.608940 -124.222689    25.181      806.9     6519.2     3753.5      9.8      6.6     11.2 2021 11 19  5 14  6.980  0.00   1
   108988  40.602551 -124.058805    22.930    14683.2     5809.8     1503.2     24.7      5.3      6.6 2021  9 19  2 30 15.040  0.00   1
   108995  40.562671 -123.934546    22.155    25211.9     1381.3      727.9      4.2      4.1      5.6 2020  9  7  3  4 36.280  0.00   1
   108998  40.564994 -123.934123    21.506    25247.3     1639.3       78.3      8.2      7.7      7.2 2020 11 23  2 17 29.880  0.00   1
   108999  40.562496 -123.946240    21.682    24221.5     1361.9      254.3     11.4      7.9      9.1 2020 11 23  2 27  1.080  0.00   1
   109001  40.563688 -123.933854    21.908    25270.3     1494.3      481.2      5.0      4.0      4.2 2021  4 25  2 44 15.560  0.00   1
   109003  40.543542 -123.912703    23.210    27065.7     -742.8     1782.8     12.1     13.0     13.4 2021  9 25  7 21 32.760  0.00   1
   109005  40.563631 -123.934098    22.003    25249.6     1487.9      575.5      3.8      4.2      4.7 2022  1 19 16 50 43.900  0.00   1
   109006  40.564795 -123.933138    22.037    25330.7     1617.2      609.7      3.7      5.5      5.7 2022  1 23  4 17 44.580  0.00   1
   109007  40.560514 -123.930835    22.240    25526.6     1141.8      812.4      9.8      5.1     10.3 2022  1 23 13 55 42.740  0.00   1
   109008  40.561845 -123.934920    23.347    25180.3     1289.6     1919.7      9.0      7.7      8.2 2022  5 17 14 52 29.660  0.00   1
   109027  40.521586 -123.897664    19.966    28344.3    -3181.0    -1461.1      5.3      6.5      7.2 2020  9 12  9 10  3.360  0.00   1
   109029  40.528756 -123.900024    23.460    28142.8    -2384.8     2032.6      6.0      9.4      7.1 2021 10 21 16 23 18.500  0.00   1
   109031  40.527271 -123.904989    20.289    27722.6    -2549.8    -1138.4      8.5      5.8     10.5 2022  9 21 22  2  0.300  0.00   1
   109034  40.606681 -123.921501    25.090    26308.2     6268.4     3662.4      6.3      5.4      4.6 2021 10 16  0 56 17.260  0.00   1
   109035  40.606112 -123.916553    24.957    26727.2     6205.2     3530.1      2.5      3.0      2.4 2022  4  7  7 43 59.660  0.00   1
   109037  40.599186 -124.116935    18.515     9761.5     5436.1    -2912.3      1.4      2.8      3.0 2021  8 28 10 22 15.280  0.00   1
   109040  40.535522 -124.046639    19.960    15721.1    -1633.4    -1467.4      5.0      2.7      2.3 2021  5  4 20 49 28.940  0.00   1
   109042  40.536719 -124.050618    19.768    15383.9    -1500.6    -1659.2      3.3      2.6      2.7 2021 12 10 18 19  3.380  0.00   1
   109047  40.661548 -123.885083    28.503    29379.7    12361.1     7076.0     12.5     10.5     16.7 2022  7  7 10 16 42.560  0.00   1
   109051  40.588672 -124.075171    22.168    13298.9     4268.6      740.8      3.2      3.2      4.3 2022 10 22  1 32  8.620  0.00   1
   109052  40.612435 -124.076074    17.881    13220.0     6907.4    -3546.2      9.1      3.6      8.7 2020  9 18  1 49 50.060  0.00   1
   109054  40.622355 -124.061784    17.946    14428.9     8008.9    -3481.0     15.9      6.7     13.3 2021  8  3  7 25 29.060  0.00   1
   109057  40.620089 -124.078101    17.355    13047.7     7757.3    -4072.3      5.3      3.5      5.8 2021 11  1 20 23 11.500  0.00   1
   109058  40.618835 -124.078491    17.889    13014.8     7618.1    -3538.1      5.6      3.1      5.6 2022  7  2 18 54 53.920  0.00   1
   109059  40.618905 -124.078857    17.851    12983.8     7625.8    -3575.9      5.0      2.8      4.9 2022  7  5 10 26 16.440  0.00   1
   109060  40.609570 -124.079167    18.558    12958.5     6589.3    -2869.3      5.9      3.3      6.0 2022  9 22  5 20 24.860  0.00   1
   109079  40.591504 -124.325382    21.176    -7889.0     4583.1     -250.9      4.4      3.7      5.0 2020  9 24  1 37  2.540  0.00   1
   109081  40.592660 -124.325041    21.380    -7860.0     4711.4      -47.0      1.1      2.9      2.5 2021  8  3  7 28  1.280  0.00   1
   109082  40.592240 -124.323405    21.391    -7721.5     4664.8      -36.5      3.7      2.6      3.0 2021  8  3  7 28 11.760  0.00   1
   109083  40.591553 -124.326302    21.416    -7966.9     4588.5      -10.8      3.7      4.3      6.3 2022  3 18 23 22 52.560  0.00   1
   109086  40.616215 -124.094027    19.811    11699.7     7327.1    -1615.4      4.9      6.5      3.6 2020  9 29 20 57 21.240  0.00   1
   109088  40.592049 -124.102889    23.051    10951.4     4643.6     1623.4      1.7      2.1      5.0 2021  8  2  6  3 50.240  0.00   1
   109099  40.523539 -124.378092    17.571   -12358.6    -2964.1    -3855.9     15.5      5.5     19.2 2022 11  3 21 25 34.920  0.00   1
   109112  40.572257 -123.941048    20.548    24659.4     2445.8     -879.2      9.8      6.4      6.6 2020 11 28  4 46 13.820  0.00   1
   109120  40.563216 -123.924186    21.865    26089.2     1441.8      437.3     10.3     10.5     13.3 2021 10  7 15 37 20.960  0.00   1
   109123  40.559220 -123.928866    22.129    25693.7      998.1      702.1     10.3      8.4     14.0 2021 10  7 10 58 29.020  0.00   1
   109127  40.562935 -123.924740    21.953    26042.4     1410.7      525.4      8.2     11.4     14.6 2021 10  9 15  2 48.760  0.00   1
   109129  40.530302 -124.431047    21.256   -16844.1    -2213.1     -171.1      6.8     10.2     11.3 2020 10 11 16 54  4.900  0.00   1
   109133  40.638619 -124.029655    18.521    17146.8     9815.0    -2906.1      4.5      3.1      6.2 2020 10 20  3 57  2.000  0.00   1
   109186  40.669161 -123.912590    23.076    27050.2    13206.5     1648.9      6.1      5.5      7.7 2020 11 10  7 29 44.140  0.00   1
   109189  40.672856 -123.889722    21.792    28984.7    13616.8      364.7      6.9      4.0      6.2 2021  5 13  9 32 24.180  0.00   1
   109190  40.663916 -123.887354    22.807    29187.0    12624.1     1379.3      8.2      4.0      4.7 2022  6 25  8 45  6.260  0.00   1
   109416  40.597412 -123.969067    22.183    22282.3     5239.1      756.0      5.9      4.9      5.2 2020 11 28  4 41 25.020  0.00   1
   109417  40.597392 -123.969238    22.115    22267.8     5236.9      687.4      6.0      4.7      5.1 2020 11 28  4 28 30.560  0.00   1
   109418  40.598759 -123.972917    22.469    21956.1     5388.7     1041.8      5.7      4.4      6.0 2021  3 28 11 21 31.120  0.00   1
   109420  40.600334 -123.915918    22.027    26782.1     5563.6      599.3      6.5      5.5      5.0 2020 12  7 19  3 16.040  0.00   1
   109421  40.604195 -123.915446    22.049    26821.3     5992.4      621.8      6.4      4.7      5.0 2020 12  7 19  5 36.340  0.00   1
   109427  40.595040 -123.904606    25.627    27741.0     4975.7     4199.9      5.0      4.5      4.8 2020 11 29  9 45 15.600  0.00   1
   109428  40.594417 -123.898014    26.062    28299.3     4906.6     4635.2      5.1      3.6      3.8 2021  1 19 12 58 57.580  0.00   1
   109430  40.591463 -123.913411    26.110    26996.2     4578.5     4683.2      5.9      5.5      7.2 2022  3 18  0  7 21.100  0.00   1
   109436  40.605668 -124.098739    15.499    11301.7     6155.9    -5928.3      1.8      1.6      0.7 2020 12  1 11 36 42.680  0.00   1
   109448  40.553105 -124.016691    21.874    18255.8      319.0      446.4     11.0      9.9      9.2 2022  1 19 22 27 40.720  0.00   1
   109451  40.565047 -124.011849    22.347    18664.2     1645.2      919.3      9.0      6.4     10.4 2022  6  9  2 12 47.440  0.00   1
   109453  40.565792 -124.022323    22.705    17777.1     1727.9     1278.1      9.2      8.2     10.3 2022 11 22  5  9 14.600  0.00   1
   109457  40.590023 -124.183830    21.376     4097.5     4418.6      -51.2      6.7      5.3      6.1 2022 11 20 16 58  8.260  0.00   1
   109458  40.552393 -123.889681    22.159    29014.0      239.9      731.7      3.3      2.6      1.1 2020 12 19 19 50 56.380  0.00   1
   109460  40.597388 -124.205534    25.107     2259.5     5236.4     3679.4      6.1      3.9      4.2 2021  2 11 13 50 26.620  0.00   1
   109461  40.601172 -124.105583    16.478    10722.6     5656.6    -4949.5      3.4      3.3      2.8 2021  1  4  6 14 34.600  0.00   1
   109483  40.497160 -124.464990    23.039   -19724.6    -5893.4     1611.8      4.5      6.0      4.3 2021  1 13 19 34 16.280  0.00   1
   109484  40.519230 -124.467074    23.904   -19897.9    -3442.6     2477.1      2.3      3.1      2.2 2021  2 12 14 58  6.120  0.00   1
   109485  40.512337 -124.452108    25.202   -18630.9    -4208.0     3774.8      3.7      4.3      5.6 2022  6  3  7 37 13.740  0.00   1
   109491  40.554354 -124.057056    23.065    14836.6      457.7     1638.0      4.7      5.0      3.9 2022 11 12 22 18 21.100  0.00   1
   109493  40.576383 -124.210075    19.570     1875.3     2904.0    -1856.8     24.4      5.7      9.3 2021 12 30 20 43 22.380  0.00   1
   109498  40.573592 -124.147021    21.843     7215.3     2594.0      416.2     11.0      7.8      9.5 2022  3 29  0 35 16.680  0.00   1
   109534  40.643152 -123.999349    18.473    19711.5    10318.3    -2954.3      2.4      1.9      3.2 2021  3  6  9 15 31.140  0.00   1
   109535  40.652433 -124.011043    18.554    18720.3    11349.0    -2873.4      3.6      2.6      5.1 2021  3  6  9 16 35.960  0.00   1
   109542  40.538151 -123.905868    22.831    27645.9    -1341.5     1403.3      5.1      6.3      5.9 2021  3 19 20 18 50.400  0.00   1
   109543  40.542554 -123.905924    22.865    27640.2     -852.6     1437.6      6.6      2.6      4.9 2021  7 28 11 59  6.040  0.00   1
   109544  40.541858 -123.910295    22.687    27270.1     -929.9     1259.6      5.6      4.7      5.8 2021 11  2 15 33 30.400  0.00   1
   109546  40.541243 -123.913005    22.821    27040.7     -998.1     1393.4      4.1      4.3      6.4 2022  2  8 20 52 37.700  0.00   1
   109547  40.537496 -123.910799    23.616    27228.2    -1414.3     2189.1      6.8      5.3      9.8 2022  5 16 12 51  7.720  0.00   1
   109550  40.568701 -123.971997    23.487    22038.9     2050.9     2059.6      9.5      8.9      7.3 2021 10 14 12 55 59.780  0.00   1
   109551  40.553906 -123.975285    23.759    21762.9      408.0     2331.9      8.5      8.6      7.0 2021 10 18 11 26 36.900  0.00   1
   109560  40.576986 -124.422095    23.196   -16080.2     2970.9     1768.9      6.9      7.8      8.2 2021  4 22 19 58  9.520  0.00   1
   109562  40.573556 -124.415072    23.599   -15485.8     2590.0     2172.2      6.9      6.0      4.7 2021 10  1 17 28 56.900  0.00   1
   109563  40.573474 -124.415430    23.231   -15516.2     2580.9     1804.2      5.3      5.8      4.8 2022  6  6  8 33 56.500  0.00   1
   109585  40.702502 -123.972453    21.475    21978.5    16908.9       47.6      8.0      6.2      5.7 2021 12  9  6 38 26.640  0.00   1
   109586  40.609790 -123.803101    27.332    36332.2     6613.7     5905.1      7.2      6.4     14.0 2021  4 25 12  4 20.500  0.00   1
   109587  40.511788 -124.436963    18.660   -17347.7    -4269.0    -2767.4      6.8     12.5     15.2 2021  4 26 14 34  7.560  0.00   1
   109588  40.531555 -124.393270    20.717   -13643.7    -2074.0     -710.1     11.3     11.3     22.0 2021  4 30  5 48 15.420  0.00   1
   109590  40.599414 -124.004476    22.858    19283.8     5461.4     1430.9     11.9      8.7      7.1 2021  5  1  6 40  3.120  0.00   1
   109592  40.567773 -124.017367    22.165    18196.6     1947.9      738.2      8.8      6.1     10.0 2022  3 10 22 12 16.660  0.00   1
   109593  40.587362 -124.205371    23.340     2273.5     4123.1     1912.4     16.8      5.1      8.4 2021  5 25 13 41 14.420  0.00   1
   109638  40.582402 -123.954329    24.621    23532.9     3572.3     3193.8      2.3      1.9      1.2 2021  6  5 11 28 29.860  0.00   1
   109639  40.573604 -123.958968    24.131    23141.5     2595.4     2704.1      1.8      1.1      1.5 2022  2 26  5 28  3.880  0.00   1
   109640  40.543453 -123.965739    21.657    22573.2     -752.8      229.8     11.6      9.5     11.3 2021  6 14 23  5 14.620  0.00   1
   109641  40.545239 -123.969751    21.868    22233.0     -554.4      441.1      7.9      8.5      7.2 2021  6 15  4  8 20.200  0.00   1
   109643  40.537651 -123.968506    21.521    22339.7    -1397.1       94.2      7.7      8.8      7.6 2021  6 15  2 15 10.680  0.00   1
   109645  40.551274 -123.972998    20.713    21957.0      115.7     -713.8      5.7      6.1      6.9 2021  9 21 16 59  7.260  0.00   1
   109646  40.552877 -123.969857    20.716    22222.8      293.7     -711.0      6.0      7.1      8.2 2022  8 19 22 15 53.220  0.00   1
   109647  40.551168 -123.972363    20.955    22010.8      103.9     -471.8      6.0      6.7      6.8 2022  9 26 14 46 33.600  0.00   1
   109649  40.483659 -124.509513    17.410   -23499.7    -7392.6    -4017.5      3.1      6.4      5.5 2022  9 18  8 29  6.480  0.00   1
   109653  40.599276 -124.324064    21.493    -7776.9     5446.1       65.4      5.5      6.2      8.1 2021  6 26 23 51 53.520  0.00   1
   109656  40.606596 -124.317399    20.348    -7212.2     6259.0    -1079.4     21.9      6.8     22.9 2021  7  7 21  8 20.520  0.00   1
   109661  40.598702 -124.329924    20.788    -8273.1     5382.4     -639.7      4.1      3.6      7.6 2022 11 27 17  4 31.920  0.00   1
   109701  40.533427 -124.351790    18.032   -10129.5    -1866.1    -3395.2      6.4      6.2     11.1 2021  7  9 20  8 44.560  0.00   1
   109707  40.705436 -123.934416    23.036    25196.2    17234.7     1608.6      6.5      6.0      6.6 2021  7 21  1 57 33.440  0.00   1
   109708  40.708065 -123.945646    22.438    24245.6    17526.6     1010.7      5.5      4.4      6.0 2022  8 13 12 33 41.180  0.00   1
   109709  40.707727 -123.944808    22.446    24316.5    17489.1     1019.2      4.5      4.7      6.4 2022  8 13 13  7 15.920  0.00   1
   109710  40.478540 -124.402311    20.163   -14415.3    -7961.1    -1264.4      3.6      4.2      7.5 2021  7 21  6 27  7.140  0.00   1
   109714  40.514909 -124.434465    17.620   -17135.6    -3922.5    -3806.9      4.2      4.5      5.3 2021  7 22  8 29 59.260  0.00   1
   109718  40.505404 -124.448494    18.309   -18325.6    -4978.0    -3118.4      7.3      5.9     13.8 2022  4  3 19 26 32.500  0.00   1
   109728  40.639693 -123.914217    21.340    26918.3     9934.3      -87.1      3.8      2.0      2.2 2021 10 28 17 29 28.460  0.00   1
   109729  40.640279 -123.916309    21.319    26741.1     9999.3     -108.6      4.5      1.8      2.0 2021 10 28 20 25 38.640  0.00   1
   109732  40.502205 -124.462467    18.423   -19510.1    -5333.1    -3004.1      9.8     10.9      9.5 2021  8  5  5 11 35.000  0.00   1
   109733  40.504036 -124.455721    23.159   -18938.2    -5129.8     1731.8      7.3      9.4     10.9 2021 12 18  9  2 20.600  0.00   1
   109734  40.502083 -124.456925    21.593   -19040.5    -5346.7      165.6      7.6      9.6      8.8 2021 12 21 16 46 40.580  0.00   1
   109740  40.519861 -124.356283    28.113   -10511.2    -3372.6     6686.1     11.1     11.5     12.8 2021 12 25  9  3 58.480  0.00   1
   109741  40.543213 -124.369637    23.709   -11640.6     -779.4     2281.7      7.6      6.4      9.0 2022  8 24 18 28  5.620  0.00   1
   109742  40.636035 -124.042204    19.662    16084.9     9528.1    -1765.7      5.9      7.2      8.9 2021  8 23  5 51 36.160  0.00   1
   109744  40.541016 -123.780298    21.879    38282.3    -1023.4      451.6      3.1      6.7      2.9 2021  8 29 12 47 11.520  0.00   1
   109745  40.544771 -123.795020    22.975    37034.2     -606.4     1547.8      7.3     10.3      5.2 2022  1  7 12 47 18.900  0.00   1
   109758  40.549345 -124.225293    17.805      586.6      -98.5    -3622.1      0.6      1.2      1.7 2021  9 12 22 48 15.460  0.00   1
   109773  40.508407 -124.412809    20.551   -15301.6    -4644.5     -876.6      6.8     10.4     14.0 2021 12 23 10 30 50.600  0.00   1
   109775  40.575167 -124.220028    19.833     1032.4     2768.9    -1594.7      3.8      3.3      6.4 2021  9 23 19 33 34.900  0.00   1
   109779  40.526078 -124.328556    19.289    -8161.7    -2682.2    -2138.1     35.4     16.1     24.1 2021  9 30  4 43 34.000  0.00   1
   109788  40.516561 -123.884896    21.623    29427.1    -3739.0      195.4      7.8      7.4     13.8 2021 10  7  4 45 50.940  0.00   1
   109789  40.508687 -123.875326    21.607    30239.8    -4613.3      180.2      6.2      5.9     11.0 2021 10  7  5 44  8.100  0.00   1
   109791  40.509180 -123.876969    21.547    30100.4    -4558.7      120.0      6.1      5.9      5.9 2021 10  9 15 14 13.920  0.00   1
   109792  40.511589 -123.878385    21.653    29979.8    -4291.2      225.4      4.3      5.4      5.0 2021 10  9 14 51  7.940  0.00   1
   109793  40.515637 -123.880615    21.647    29790.0    -3841.6      220.0      5.3      4.5      5.3 2021 10  9 19 19 22.180  0.00   1
   109794  40.511259 -123.876481    21.528    30141.3    -4327.8      100.8      4.9      5.1      5.3 2021 10 16 14 55 23.500  0.00   1
   109795  40.515304 -123.880452    21.644    29803.9    -3878.6      217.0      4.8      4.3      5.1 2021 11  4 10 59  4.180  0.00   1
   109796  40.514807 -123.878540    21.555    29966.0    -3933.8      128.1      4.8      4.1      4.9 2021 11  7  7 51 35.860  0.00   1
   109801  40.546549 -123.847485    23.633    32589.5     -408.9     2206.0      5.3      5.5     10.1 2022  1 31 19 52 42.840  0.00   1
   109836  40.613700 -124.123869    19.007     9173.4     7047.9    -2419.8      5.6      3.8      5.5 2021 10 22 21  9 45.260  0.00   1
   109837  40.609395 -124.076872    20.822    13152.8     6569.8     -605.7      3.7      5.5      5.3 2021 10 31 13 10  3.600  0.00   1
   109838  40.550130 -123.953857    22.867    23578.5      -11.3     1440.0      7.2      5.8      7.9 2021 11  3 19 22 52.340  0.00   1
   109846  40.598840 -124.049097    17.614    15505.7     5397.7    -3813.0     14.3     10.0     18.8 2021 11 25 17 56 31.760  0.00   1
   109849  40.605534 -124.306519    20.708    -6291.0     6141.0     -719.4      2.4      1.2      4.0 2021 11 29  9 17 10.340  0.00   1
   109852  40.523669 -124.432707    19.656   -16985.6    -2949.6    -1771.7      2.1      1.6      4.4 2022  1 18 10 25 37.780  0.00   1
   110087  40.590381 -124.204085    20.583     2382.3     4458.4     -843.8      3.4      4.0      4.7 2021 12 11 10 51 42.420  0.00   1
   110088  40.539954 -124.324040    18.135    -7778.3    -1141.4    -3292.0     12.6      6.9     14.0 2021 12 20 23 40 19.580  0.00   1
   110091  40.540015 -124.322217    18.129    -7623.8    -1134.6    -3298.2     13.5      6.7     13.4 2022  8 22 11 46 57.980  0.00   1
   110092  40.542957 -124.304924    18.315    -6158.8     -807.9    -3112.7     20.5      6.3     13.9 2022  8 22 11 19 44.520  0.00   1
   110093  40.542472 -124.325659    18.607    -7915.3     -861.7    -2820.5     19.3      7.6     15.4 2021 12 20 21 17 43.440  0.00   1
   110095  40.547363 -124.303556    18.129    -6042.8     -318.6    -3298.4     12.7      5.7     20.0 2022  7 14  2 59 53.060  0.00   1
   110120  40.519645 -124.415625    20.616   -15538.9    -3396.5     -811.7     11.5      9.6     11.9 2021 12 20 20 29 25.860  0.00   1
   110127  40.577462 -124.208114    17.253     2041.4     3023.7    -4174.5     16.1      3.4      7.0 2021 12 20 20 15 20.340  0.00   1
   110129  40.516166 -124.446126    17.691   -18123.5    -3782.8    -3735.9      3.1      2.6      5.3 2021 12 20 22 57 59.980  0.00   1
   110153  40.495369 -124.332463    20.988    -8494.6    -6092.2     -439.4     14.0     14.7      8.5 2021 12 21  3 28 34.100  0.00   1
   110154  40.502315 -124.333797    18.537    -8607.2    -5320.9    -2890.3      5.2      5.0      7.5 2021 12 23  6 55 41.480  0.00   1
   110156  40.510535 -124.319198    19.172    -7369.7    -4408.2    -2255.3      6.6      7.1     10.2 2021 12 23  4 51 44.220  0.00   1
   110160  40.523372 -124.415544    18.224   -15531.6    -2982.6    -3203.7     11.3      7.7     12.9 2021 12 21 19 30 31.800  0.00   1
   110168  40.578715 -124.166504    19.201     5565.1     3162.9    -2226.0     22.5      6.6     11.8 2021 12 21  2 44 44.640  0.00   1
   110179  40.545886 -124.349325    23.704    -9919.7     -482.6     2276.7      9.8      4.5     12.8 2022  3 20  6 57 16.680  0.00   1
   110181  40.498702 -124.449178    17.617   -18384.5    -5722.2    -3810.2      6.3      7.9      9.0 2021 12 25 16 54 33.700  0.00   1
   110183  40.595903 -124.109253    17.803    10412.2     5071.5    -3623.8      2.9      2.3      3.7 2021 12 26 16  2 15.940  0.00   1
   110184  40.587760 -123.990218    20.445    20492.8     4167.4     -982.5      5.7      6.1      6.0 2021 12 27  8 53  5.400  0.00   1
   110185  40.575024 -123.988525    20.959    20638.1     2753.1     -468.7      2.9      3.9      3.9 2022  5 28  7 57  1.360  0.00   1
   110186  40.574931 -124.208683    18.903     1993.2     2742.7    -2524.1     23.3      6.8     12.5 2021 12 28  6 35 41.580  0.00   1
   110187  40.574544 -124.200277    18.591     2705.1     2699.8    -2836.1     18.9      5.5     10.2 2021 12 31 13 31 14.620  0.00   1
   110188  40.574618 -124.200684    18.615     2670.7     2707.9    -2812.3     20.2      5.5     10.1 2022  1  1 22 14 38.120  0.00   1
   110189  40.574528 -124.200203    18.579     2711.3     2698.0    -2848.1     18.7      5.5     10.2 2022  1  2 11 16 33.460  0.00   1
   110191  40.574137 -124.194173    18.354     3222.0     2654.6    -3073.0     17.5      5.9     10.8 2022  9  1 20 43  2.920  0.00   1
   110199  40.509229 -124.397428    22.535   -13998.3    -4553.2     1108.2     18.7     17.3     18.2 2021 12 31 17  2 13.380  0.00   1
   110209  40.596505 -124.099935    24.705    11201.2     5138.4     3277.8      3.8      4.8      4.0 2022  4  2 19 46 56.000  0.00   1
   110211  40.515751 -124.443099    18.088   -17867.1    -3828.9    -3338.8      0.8      0.6      1.9 2022  4  3 10 39 47.080  0.00   1
   110231  40.516239 -124.437467    18.953   -17389.9    -3774.7    -2474.4      2.0      2.2      3.4 2022  5 14 20  9 30.640  0.00   1
   110234  40.534102 -124.243449    20.032     -951.4    -1791.1    -1395.4      4.4      3.2      5.0 2022  5 25  9 25 42.220  0.00   1
   110250  40.520760 -124.407129    21.374   -14818.9    -3272.7      -53.2      3.9      4.0      6.3 2022  7  2 10 23 23.100  0.00   1
   110253  40.594674 -124.113574    18.595    10046.4     4935.0    -2832.5      1.7      2.7      2.4 2022  7 20  6 28 50.580  0.00   1
   110254  40.595341 -124.113566    18.368    10047.0     5009.2    -3059.0      2.3      1.6      3.1 2022  8  9  7 59 33.060  0.00   1
   110255  40.598523 -124.116862    17.640     9767.7     5362.5    -3787.2      2.1      2.5      3.8 2022  8  9  8  9 40.340  0.00   1
   110266  40.537386 -124.332511    18.736    -8496.1    -1426.5    -2691.5      5.4      4.7      6.8 2022  8 30  6 25 35.480  0.00   1
   110273  40.649455 -124.011670    19.940    18667.7    11018.2    -1487.6      4.8      5.4      6.5 2022 10 28 12 43 42.000  0.00   1
   110274  40.519580 -124.436914    19.058   -17342.6    -3403.7    -2368.8      2.0      4.1      8.6 2022 10 29 20 38 50.780  0.00   1
   110275  40.514897 -124.434701    20.281   -17155.6    -3923.8    -1146.5      4.5      6.7     10.0 2022 10 30  3 34  2.660  0.00   1
   110276  40.518941 -124.438167    19.378   -17448.9    -3474.7    -2049.2      3.6      3.6      5.0 2022 11 12 10 31 42.840  0.00   1
   110279  40.517082 -124.433415    19.672   -17046.4    -3681.2    -1755.6      3.7      1.8      5.3 2022 11  2 16 39 30.260  0.00   1
   110282  40.525810 -124.417977    19.463   -15737.4    -2712.0    -1964.5     13.3      9.2     18.0 2022 11 15 17 48 18.560  0.00   1
   110296  40.582011 -123.986060    20.542    20845.9     3528.9     -884.8      3.9      1.9      3.4 2022 12 22  3  8  5.860  0.87   1
   110298  40.535018 -124.273096    11.693    -3462.9    -1689.4    -9734.6      2.6      1.2      1.5 2023  1 17 13 54 45.520  1.24   1
   110302  40.566569 -124.129582    21.957     8692.7     1814.2      530.0      3.1      3.3      3.3 2022 12 24  0 35 18.890  0.89   1
   110303  40.488098 -124.498397    24.389   -22556.9    -6899.7     2961.4      5.4      4.9     10.4 2022 12 20 12 25 25.380  2.43   1
   110305  40.435124 -124.601823    23.371   -31333.9   -12782.2     1943.7      3.6      5.2      5.9 2023  4  2 11 44 21.610  2.51   1
   110307  40.528320 -124.416976    23.144   -15652.3    -2433.2     1716.6      6.0      6.9      8.6 2023  3  9  9 11 18.070  1.00   1
   110308  40.577665 -123.877694    22.379    30023.8     3046.3      951.7      3.7      3.0      5.8 2022 12 21 19 21 21.160  1.21   1
   110311  40.539771 -124.494539    23.966   -22221.5    -1161.7     2538.9      2.1      2.2      1.1 2023  2  6  9 53 42.140  2.82   1
   110326  40.577356 -124.243888    20.117     -988.3     3012.0    -1310.0     13.4      8.4     21.9 2023  4 26 22 23  7.880  0.79   1
   110327  40.620931 -123.948787    21.486    23995.3     7850.8       58.6      1.8      2.3      2.1 2022 12 21  8 59 40.650  1.14   1
   110330  40.585490 -123.915519    25.777    26818.9     3915.2     4349.7      3.9      2.6      4.7 2023  5 27  2 45 49.750  0.87   1
   110334  40.620455 -124.313786    20.618    -6905.5     7797.9     -809.7      1.9      1.7      6.4 2023  2 22  6 20 25.080  1.45   1
   110341  40.562577 -124.132259    22.475     8466.2     1370.9     1047.8      0.7      0.6      1.3 2023  1  5 14 47  6.170  2.14   1
   110346  40.538562 -123.890267    23.115    28967.3    -1295.9     1688.2      5.1      4.5      3.3 2023  5 28  1 45 53.620  1.36   1
   110354  40.509973 -124.421257    24.103   -16017.2    -4470.6     2675.4      3.2      3.4      8.1 2023  4 14  1 57  6.610  1.17   1
   110355  40.518498 -124.492269    15.920   -22032.6    -3523.9    -5507.2      2.0      2.5      4.5 2023  2 16 22 15  2.800  1.44   1
   110359  40.750240 -123.977865    21.731    21513.0    22210.0      303.3      9.4      7.6      7.9 2022 12 22  4 53 56.390  0.79   1
   110365  40.528113 -124.234041    17.737     -154.4    -2456.2    -3690.4      6.3      3.6      5.4 2022 12 20 12 37 22.690  1.44   1
   110367  40.551457 -123.974357    21.379    21841.8      136.0      -48.7      2.2      1.5      1.5 2022 12 25  1 20 33.690  1.82   1
   110368  40.607983 -123.980762    21.867    21290.4     6413.0      439.3      5.3      3.6      5.4 2023  2 14  3 52  7.700  1.37   1
   110370  40.694389 -123.895841    22.243    28462.2    16008.0      815.5      7.5      6.1      6.8 2022 12 21  4 44 13.820  1.30   1
   110374  40.752376 -123.868498    20.795    30762.6    22447.2     -632.5      5.0      4.5      4.7 2022 12 22  4 46 28.990  1.00   1
   110378  40.591406 -124.050114    22.158    15420.4     4572.2      730.4      8.2      5.2      9.8 2022 12 21 18 52 28.640  1.06   1
   110379  40.518815 -124.421997    18.218   -16078.9    -3488.7    -3209.1      3.8      5.0      8.2 2022 12 22  9 21 28.530  1.40   1
   110382  40.542680 -124.064071    19.384    14243.7     -838.6    -2042.9      2.3      2.8      1.5 2022 12 26  5 31 21.180  1.08   1
   110385  40.593424 -124.085946    19.224    12386.0     4796.3    -2202.8      1.8      1.4      2.8 2022 12 23  0 19 22.520  0.90   1
   110387  40.533521 -124.383105    25.095   -12782.4    -1855.7     3667.4      4.0      3.0      3.8 2023  1 28 23 56 58.200  3.85   1
   110388  40.509045 -124.448022    14.740   -18285.2    -4573.6    -6687.3      6.1      4.9     11.1 2022 12 31 10 20 40.360  1.04   1
   110390  40.640206 -123.988534    25.972    20627.5     9991.2     4544.5      2.3      1.3      2.6 2023  1 17  5 14  2.510  1.84   1
   110391  40.589551 -124.196672    21.993     3010.1     4366.2      565.4     10.8      7.1     11.5 2022 12 23  0 35 44.600  1.56   1
   110392  40.513151 -124.423771    17.829   -16229.8    -4117.7    -3598.6      5.1      4.0      5.2 2023  1  1 12 19 44.130  1.25   1
   110395  40.554895 -124.216292    16.775     1349.0      517.8    -4652.7      1.4      2.4      4.6 2022 12 20 23 19 53.720  1.40   1
   110396  40.536747 -124.261092    18.212    -2446.0    -1497.4    -3215.5      5.4      5.4      6.4 2022 12 24 20  6  9.180  0.83   1
   110399  40.530103 -124.410571    17.916   -15109.6    -2235.3    -3511.6      7.5      7.7      8.7 2022 12 20 10 44 46.730  2.70   1
   110400  40.563782 -124.047982    23.494    15604.1     1504.6     2067.0     11.0      8.7     13.5 2022 12 25  4 33 20.570  0.83   1
   110404  40.560999 -124.015845    21.938    18326.4     1195.6      510.8     10.4      8.6     10.5 2022 12 27  0 23 33.800  1.12   1
   110406  40.593083 -124.107528    19.621    10558.5     4758.4    -1806.4      9.0      3.9      5.7 2023  1 11  3 23 18.830  1.45   1
   110408  40.610551 -123.847591    27.548    32565.1     6698.1     6120.5      3.8      2.6      3.3 2023  2 12 20 12 15.900  2.47   1
   110409  40.518449 -124.417204    20.082   -15672.8    -3529.4    -1345.2      4.4      7.3     14.7 2022 12 21 22  8 58.660  1.39   1
   110412  40.573669 -124.074422    19.667    13363.7     2602.6    -1760.0      1.7      2.4      1.4 2022 12 26  7 30 25.960  0.98   1
   110417  40.551697 -123.976351    21.471    21672.9      162.7       43.8      4.4      4.5      4.9 2022 12 24 12 43  0.520  1.06   1
   110422  40.621582 -124.304256    19.978    -6098.7     7923.1    -1447.8      2.7      2.5      3.5 2022 12 29 13 40 18.010  1.27   1
   110423  40.504456 -124.335221    18.729    -8727.8    -5083.3    -2698.6      3.4      3.4      2.7 2023  2 17 12 38 36.270  0.88   1
   110429  40.593380 -124.014054    22.441    18473.6     4791.4     1013.8      4.9      3.0      4.9 2022 12 22  9 28 37.970  0.68   1
   110431  40.601017 -124.108057    23.077    10513.1     5639.5     1649.8      4.7      3.2      3.6 2022 12 21 17 59 17.620  1.95   1
   110432  40.496440 -124.457861    26.473   -19120.6    -5973.4     5046.2      5.3      3.3      5.4 2022 12 22  1 13 30.130  2.71   1
   110434  40.512020 -124.463908    19.074   -19630.7    -4243.3    -2353.4      3.3      2.9      4.8 2022 12 21 18 26 29.520  1.33   1
   110435  40.533598 -124.380452    24.797   -12557.6    -1847.1     3369.7      5.3      5.1     10.1 2023  1 28 20  7 39.900  1.24   1
   110436  40.476652 -124.533862    23.671   -25564.5    -8170.7     2243.6      4.2      5.1      4.0 2023  2 18  0 47 37.880  1.15   1
   110439  40.473356 -124.430119    19.756   -16772.6    -8536.7    -1671.4      3.2      3.4      3.1 2023  1 27 16 28 41.960  1.01   1
   110442  40.571981 -123.950138    21.796    23889.6     2415.1      369.0      4.8      6.0      8.4 2022 12 20 18 48 54.600  0.91   1
   110443  40.579191 -124.183813    18.989     4099.2     3215.8    -2438.6     25.5      6.1     13.3 2022 12 21 21 55 10.140  0.79   1
   110444  40.503642 -124.504647    27.358   -23083.9    -5173.6     5931.2      3.0      4.0      5.2 2022 12 23 21 41 55.000  1.21   1
   110445  40.525452 -124.388859    23.593   -13270.6    -2751.7     2165.6      3.0      1.6      1.8 2022 12 21  8  6 55.910  1.80   1
   110447  40.563383 -124.017131    22.702    18217.1     1460.4     1274.4      4.7      2.5      3.8 2022 12 24 19 37 36.120  1.39   1
   110448  40.596509 -124.127197    21.750     8892.7     5138.8      322.4      7.2      3.2      5.0 2023  1 31 13 12 49.420  1.12   1
   110452  40.545374 -124.193571    27.722     3273.7     -539.5     6294.6      6.6      4.8      6.7 2022 12 20 23 25 36.340  1.09   1
   110453  40.508907 -124.473446    17.754   -20439.3    -4588.9    -3673.3      3.8      5.1      5.0 2022 12 21 12  8  6.020  1.11   1
   110454  40.464819 -123.817855    23.062    35120.7    -9484.7     1634.9      2.7      3.9      2.4 2022 12 21 13 41 59.550  0.69   1
   110455  40.530933 -124.420728    16.111   -15969.9    -2143.1    -5315.9      8.2      8.9     18.0 2022 12 23 13  9 40.300  0.89   1
   110458  40.621468 -124.310197    20.162    -6601.6     7910.4    -1264.9      1.8      0.7      2.7 2023  2 14  6 32 28.460  1.23   1
   110462  40.585234 -124.438745    23.803   -17489.2     3886.8     2375.4      3.6      3.3      4.3 2023  4 22 17 56 13.080  1.37   1
   110464  40.588143 -124.427336    23.227   -16522.7     4209.8     1799.9      2.8      2.2      3.1 2023  2 13 21 32 14.280  2.09   1
   110466  40.531803 -124.392008    15.463   -13536.8    -2046.4    -5964.4      4.8      5.9      7.8 2022 12 22  0 27 26.630  0.83   1
   110467  40.528882 -124.424984    26.667   -16330.7    -2370.8     5240.1      3.1      2.3      2.6 2022 12 22  3 58 10.660  0.90   1
   110468  40.528886 -123.976139    20.411    21694.5    -2370.4    -1016.4      6.2      4.7      6.5 2022 12 24  1 17 32.850  0.88   1
   110470  40.537199 -124.357454    16.820   -10609.1    -1447.3    -4606.8      6.2      7.5      9.6 2023  3 29  5  5 59.480  1.47   1
   110474  40.472351 -124.448462    21.193   -18327.4    -8648.3     -233.8      3.7      3.8      4.3 2022 12 20 12 14 11.380  2.27   1
   110475  40.583337 -124.351799    28.091   -10126.5     3676.2     6664.1      4.7      5.0      5.4 2022 12 21 15  8 37.620  1.85   1
   110476  40.536804 -124.407161    28.242   -14819.9    -1491.1     6815.1      1.7      1.4      4.2 2022 12 20 13 24 12.330  1.51   1
   110477  40.611491 -123.938005    21.814    24909.9     6802.5      386.5      2.9      2.8      5.3 2023  1  3  7 18 42.400  0.99   1
   110479  40.535079 -124.359294    17.054   -10765.1    -1682.7    -4372.7      7.6      8.5      7.7 2022 12 26  2  4 21.800  1.88   1
   110480  40.557454 -124.251644    23.216    -1645.3      802.0     1788.9      4.0      3.2      3.9 2022 12 21  2 56 11.820  1.60   1
   110481  40.490519 -124.466007    18.439   -19811.8    -6630.8    -2987.8      4.2      4.2      6.3 2023  4  5 14 51 18.340  1.34   1
   110482  40.583818 -123.922054    21.580    26265.8     3729.5      153.0     10.6     10.6     13.9 2022 12 21 19 52  6.360  0.64   1
   110484  40.525321 -124.419604    19.660   -15875.4    -2766.2    -1767.6      4.1      6.5      6.4 2022 12 25  4  3 37.800  0.93   1
   110487  40.752702 -123.850391    20.604    32294.0    22483.3     -823.0      5.8      3.8      6.3 2022 12 20 14 11  0.150  2.57   1
   110488  40.478491 -124.457536    19.439   -19095.5    -7966.5    -1987.8      2.9      2.0      1.3 2023  2 18  9 18 28.190  1.40   1
   110489  40.518872 -124.425562    19.225   -16380.8    -3482.4    -2201.9      3.6      5.6      7.1 2022 12 29  9 57 25.630  1.27   1
   110494  40.523669 -124.414046    17.550   -15404.7    -2949.6    -3876.8      4.9      5.9      8.4 2023  3  5 20 14 19.720  1.28   1
   110496  40.503703 -124.446623    17.971   -18167.3    -5166.8    -3455.7      3.7      4.5      6.9 2022 12 30 12 51 54.870  1.14   1
   110497  40.574264 -124.098649    22.624    11311.9     2668.6     1196.9     10.5      3.6      5.2 2022 12 31 14 27 57.700  1.02   1
   110501  40.467749 -124.508138    23.721   -23385.9    -9159.3     2293.9      5.1      6.4      6.1 2022 12 30 21 43 18.320  2.12   1
   110506  40.606938 -124.074325    20.330    13368.7     6296.9    -1097.7      9.9      4.8     10.0 2022 12 20 21 47 48.880  1.10   1
   110507  40.528662 -124.396265    17.921   -13897.7    -2395.2    -3506.6      6.0      7.1      7.2 2022 12 21 10 16 11.430  0.70   1
   110508  40.613208 -124.093213    18.062    11768.9     6993.2    -3365.0      9.0      6.1      8.2 2022 12 30  9  0 39.550  1.14   1
   110509  40.572144 -124.276131    25.080    -3719.0     2433.2     3652.6      8.2      7.5     29.2 2023  1  2  8  1 22.300  0.77   1
   110510  40.497213 -124.432300    25.033   -16954.5    -5887.5     3605.5      6.5      6.6     10.8 2023  1  2  8 25 11.060  1.28   1
   110511  40.631653 -124.021354    23.345    17850.4     9041.4     1917.4      7.1      5.0      5.6 2022 12 21  4 15 19.850  2.45   1
   110512  40.509314 -124.336174    19.098    -8808.1    -4543.8    -2328.8      2.7      1.7      3.1 2022 12 21 17 35 50.480  1.40   1
   110513  40.523580 -124.413932    18.834   -15395.0    -2959.6    -2593.6      6.0      5.5      8.8 2022 12 20 15  4 50.680  1.42   1
   110515  40.539876 -124.231315    21.659       76.5    -1149.9      231.4      6.1      5.1      5.7 2023  1 11 13 29 12.060  1.57   1
   110517  40.596802 -124.086198    23.481    12364.3     5171.4     2053.4      6.2      4.0      3.7 2023  3 12  6 43 46.740  0.89   1
   110518  40.522595 -124.433276    18.301   -17034.0    -3068.9    -3125.8      5.9      6.9     10.3 2022 12 20 10 43 39.300  2.63   1
   110519  40.575859 -124.143180    22.472     7540.5     2845.7     1044.6      6.7      3.5      5.5 2022 12 20 23 22 14.760  1.65   1
   110521  40.569812 -124.161670    23.009     5974.9     2174.3     1581.5     10.0      5.0      7.7 2022 12 23  1 11 44.550  1.32   1
   110522  40.643978 -124.085164    23.266    12447.5    10410.1     1838.6      5.0      2.2      1.2 2022 12 20 18 48 15.520  0.97   1
   110523  40.511487 -124.490373    23.534   -21873.1    -4302.5     2107.2      3.0      3.2      7.3 2022 12 21  1  7 33.310  3.25   1
   110524  40.608622 -124.081128    17.578    12792.5     6484.0    -3848.9      7.1      8.3      4.1 2022 12 21  9 31  7.840  1.25   1
   110525  40.619092 -124.081958    17.984    12721.2     7646.6    -3443.3      5.7      5.5      6.9 2022 12 26  7 21 10.390  0.93   1
   110526  40.489201 -124.510116    15.552   -23549.8    -6777.2    -5875.7      4.6      5.7      7.8 2023  2 18 20 58 10.920  1.67   1
   110527  40.521810 -124.440601    19.439   -17654.6    -3156.1    -1987.9      3.7      4.0      5.2 2022 12 22  3 55 53.820  1.44   1
   110529  40.553263 -124.256763    24.299    -2079.0      336.6     2871.5      3.0      1.3      8.4 2023  5 18 13 21 36.440  0.56   1
   110530  40.620284 -124.070304    15.907    13707.7     7779.0    -5520.3      8.8      5.7      6.4 2022 12 22  4 49 54.170  0.84   1
   110531  40.533952 -124.349430    18.687    -9929.6    -1807.8    -2740.3      3.8      2.3      4.1 2022 12 20 19 16  2.640  1.29   1
   110532  40.545337 -124.340682    16.359    -9187.7     -543.6    -5068.0     17.6     11.2     12.9 2022 12 23  4  9 55.040  1.00   1
   110534  40.529692 -124.405688    19.933   -14695.9    -2280.9    -1494.7     11.7      5.7      9.0 2023  1  4 16 29 55.050  1.61   1
   110535  40.523515 -124.412313    18.226   -15257.8    -2966.8    -3201.6      5.6      2.5      6.2 2022 12 22 10 55 51.720  0.98   1
   110537  40.610087 -124.079875    23.413    12898.5     6646.6     1985.7      6.1      3.6      4.6 2022 12 21 16 28 15.660  3.99   1
   110539  40.524666 -124.344320    18.715    -9497.3    -2838.9    -2711.9      5.3      7.8      8.2 2022 12 25  8 22 48.250  0.72   1
   110541  40.581112 -124.196346    18.896     3037.9     3429.1    -2531.6     18.2      5.4      8.7 2023  2 18  6 52 19.650  1.07   1
   110542  40.578349 -124.192415    18.436     3370.8     3122.2    -2990.8     18.4      6.1     11.5 2022 12 20 17 56  5.920  1.14   1
   110544  40.597974 -124.188135    20.324     3732.8     5301.5    -1102.8     14.0      3.9     13.8 2023  3 21 22 51 34.760  0.98   1
   110546  40.504285 -124.449129    18.939   -18379.6    -5102.2    -2488.4      3.2      3.4      5.5 2022 12 27  1 23 41.520  0.94   1
   110547  40.615092 -123.925179    21.436    25995.1     7202.4        8.4      6.3      6.2     13.5 2022 12 20 23 36 50.880  1.00   1
   110549  40.543250 -124.056047    19.765    14923.3     -775.4    -1662.6      2.3      2.1      1.7 2022 12 21  4 18 46.220  2.04   1
   110551  40.614441 -124.091854    17.994    11883.9     7130.1    -3433.4      3.3      2.0      3.0 2023  2 17 11 16 14.330  1.12   1
   110553  40.525110 -123.915951    20.648    26794.3    -2789.7     -778.8      4.2      3.7      3.9 2022 12 25  0 34  1.910  0.77   1
   110554  40.549731 -124.243579    18.231     -962.3      -55.6    -3196.0      6.8      4.6      7.3 2022 12 21  0  5 31.440  1.34   1
   110556  40.499284 -124.433341    23.575   -17042.5    -5657.5     2147.7      2.7      2.8      1.6 2023  2 25 14 23 27.120  1.53   1
   110559  40.613782 -124.132446    20.713     8447.2     7056.9     -714.3      8.5      3.6      9.3 2023  3 13  0 48 17.330  0.83   1
   110560  40.627694 -123.926994    21.601    25839.1     8601.8      174.2      3.2      1.3      4.0 2023  2  2  2 38 55.900  1.60   1
   110561  40.618534 -123.887508    22.912    29183.7     7584.7     1484.9      6.4      4.3      5.3 2022 12 20 17 35 32.520  1.17   1
   110564  40.596863 -124.114982    15.191     9927.0     5178.1    -6236.6     12.7     10.3     11.9 2022 12 24  4 18 59.420  0.99   1
   110566  40.610624 -124.111662    18.043    10207.1     6706.3    -3384.2     11.1      5.5      4.5 2022 12 22  5 24 44.100  2.65   1
   110568  40.499650 -124.472127    15.699   -20329.0    -5616.9    -5728.7      3.7      3.7      5.9 2023  3 22 19 35 25.080  1.32   1
   110569  40.647217 -124.021989    18.368    17794.6    10769.7    -3058.9      2.9      3.3      3.5 2023  1  2  9 44 23.910  0.93   1
   110570  40.601571 -124.125008    20.483     9077.7     5700.9     -943.8      3.7      3.1      4.5 2022 12 22  6 14 22.080  1.10   1
   110572  40.531779 -124.244897    18.965    -1074.1    -2049.1    -2462.5      2.3      3.2      3.2 2023  1  1 22 18 52.920  1.17   1
   110574  40.628202 -124.096151    19.874    11518.9     8658.3    -1552.8      6.6      6.2      6.6 2022 12 21 22 33 49.080  1.00   1
   110575  40.579508 -124.156047    26.990     6450.7     3251.0     5563.0     15.1      7.9     11.3 2022 12 23  1 10  6.400  0.80   1
   110577  40.615511 -124.229948    23.951      192.2     7248.9     2523.4      7.7      3.9      8.4 2022 12 25 19 13 28.400  0.95   1
   110578  40.568042 -124.144027    21.711     7469.3     1977.7      283.8      5.2      2.8      4.2 2022 12 20 20 26 41.720  2.13   1
   110579  40.520679 -124.351213    21.894   -10081.6    -3281.7      466.6      3.4      2.1      3.3 2022 12 21  8 58 34.030  0.97   1
   110580  40.613289 -124.045150    23.503    15838.2     7002.2     2075.5     24.6      5.2      6.6 2023  1  3  4 53 49.540  1.15   1
   110581  40.568038 -124.236279    20.407     -343.9     1977.3    -1020.3     11.0      5.1     10.5 2023  5 28 11 38 43.770  1.07   1
   110582  40.563920 -123.935856    22.073    25100.7     1520.0      645.4      3.5      3.6      4.5 2022 12 21 23 36 17.240  1.23   1
   110586  40.524288 -123.900374    20.071    28114.1    -2881.0    -1356.7      4.9      4.7      7.9 2022 12 22  5 36 49.910  0.70   1
   110587  40.606344 -123.914697    25.117    26884.3     6230.9     3690.2      2.9      3.5      2.4 2022 12 20 10 48 38.300  2.65   1
   110588  40.597144 -124.116724    18.230     9779.5     5209.3    -3196.8      1.8      2.7      3.0 2022 12 22  7 50 48.720  1.53   1
   110589  40.533073 -124.050301    19.498    15411.2    -1905.4    -1929.2      2.6      1.8      1.4 2022 12 21  0 13 29.150  1.50   1
   110590  40.650720 -123.881901    26.718    29651.4    11158.8     5290.6     12.0     10.5     21.6 2022 12 23 19 10 35.240  1.06   1
   110591  40.585852 -124.060482    21.017    14543.0     3955.4     -410.2      3.6      3.1      4.2 2022 12 25 22 34 55.360  0.82   1
   110592  40.618376 -124.077303    17.663    13115.4     7567.0    -3764.3      5.0      2.6      4.7 2023  1 18  8 28 49.360  0.92   1
   110594  40.558374 -123.937345    21.140    24975.6      904.1     -287.0      5.6      4.1      5.3 2022 12 21  0 45 40.230  1.26   1
   110595  40.591874 -124.326701    21.367    -8000.6     4624.2      -60.5      1.8      2.3      2.1 2022 12 20 10 52 39.340  3.28   1
   110596  40.541451 -124.338330    17.631    -8988.7     -975.1    -3796.2      5.3      5.0      7.4 2022 12 29  7 31 23.150  0.85   1
   110597  40.623356 -124.083122    19.858    12622.3     8120.1    -1568.1      4.9      6.4      3.5 2022 12 20 21 24 28.880  0.90   1
   110598  40.598222 -124.101921    23.057    11032.9     5329.1     1630.0      2.1      1.8      2.2 2022 12 26  1 46  3.150  1.45   1
   110600  40.524028 -124.386825    16.050   -13098.4    -2909.9    -5377.2     13.4     10.3     11.9 2022 12 20 19 51  5.480  1.33   1
   110604  40.576473 -123.947909    20.246    24077.7     2913.9    -1180.8      7.0      6.0      8.6 2022 12 21 17  1 49.600  1.16   1
   110605  40.517802 -124.431242    18.017   -16862.2    -3601.2    -3410.1      5.7     10.0     12.8 2022 12 22  7 33 35.520  1.14   1
   110607  40.659334 -124.016227    18.820    18280.6    12115.3    -2607.4      5.4      5.8      8.4 2022 12 21 14 33 24.290  1.52   1
   110608  40.643665 -124.026579    18.489    17406.6    10375.3    -2937.9      4.4      3.0      6.3 2022 12 25 12 29 55.020  1.64   1
   110609  40.575297 -124.154647    23.273     6569.4     2783.4     1846.0      6.4      3.8      5.9 2022 12 20 19 19  0.120  1.41   1
   110611  40.550028 -124.239559    18.463     -621.8      -22.6    -2964.3      7.0      7.8      7.4 2022 12 21 12 21 21.680  0.97   1
   110613  40.665499 -123.886320    22.840    29274.1    12799.9     1412.9      5.0      2.1      4.4 2022 12 27 17 40  9.980  1.83   1
   110614  40.550606 -124.314795    20.395    -6994.6       41.6    -1032.3      9.4      5.9      9.9 2023  2 15 14 26 55.060  2.21   1
   110615  40.580107 -124.133805    22.307     8334.2     3317.4      879.3      6.5      4.1      7.0 2022 12 21  9 48 30.660  1.09   1
   110618  40.602755 -123.979687    22.558    21382.2     5832.4     1130.4      6.1      4.6      4.7 2022 12 20 23 30 29.600  1.04   1
   110619  40.598490 -123.917651    21.705    26635.7     5358.9      277.9      5.8      4.5      4.9 2022 12 22  4 23  9.220  0.67   1
   110620  40.601644 -123.891968    24.848    28809.8     5709.1     3420.8      4.6      3.8      4.9 2022 12 25 16 15  8.400  1.07   1
   110622  40.603666 -124.102734    15.626    10963.5     5933.6    -5801.1      1.9      1.6      0.7 2022 12 28  9 46 28.530  1.31   1
   110623  40.594592 -124.157853    22.952     6297.0     4926.0     1524.3      8.4      4.5      7.3 2022 12 30  9 23 12.150  1.07   1
   110624  40.609566 -124.111141    18.267    10251.3     6588.8    -3160.1      9.4      2.5      5.2 2023  4  2 23  2 20.160  1.02   1
   110625  40.551200 -124.072811    18.964    13502.4      107.5    -2463.0      2.9      1.9      2.4 2022 12 20 21 22 52.960  1.20   1
   110626  40.558244 -124.021061    21.745    17884.9      889.7      317.9      7.1      5.6      6.8 2022 12 24 20 57 12.400  1.30   1
   110627  40.590759 -124.193099    22.168     3312.6     4500.4      740.5      6.9      5.3     10.5 2022 12 20 16 59 23.800  1.39   1
   110628  40.550879 -123.884904    22.190    29419.0       71.8      762.4      3.2      2.6      0.5 2022 12 25  6 37 31.440  1.50   1
   110629  40.582361 -124.243278    23.834     -936.6     3567.8     2407.1      4.7      4.2      2.8 2023  2  2  2 53 51.230  0.90   1
   110630  40.601347 -124.110775    15.201    10282.9     5676.1    -6225.9      3.4      3.5      3.0 2022 12 22  6 38 46.920  0.92   1
   110631  40.600651 -123.999308    19.872    19721.2     5598.8    -1555.2      6.5      4.3      5.6 2022 12 22  6 27  3.370  1.14   1
   110633  40.512427 -124.451335    24.518   -18565.3    -4198.1     3090.4      2.5      2.4      7.8 2022 12 20 11 23 42.960  2.53   1
   110634  40.613180 -124.081738    15.705    12740.4     6990.0    -5722.0      7.9      5.4      7.1 2023  1  3  7 23 30.820  1.13   1
   110635  40.548409 -124.047331    22.758    15661.0     -202.4     1330.9      4.4      5.3      4.1 2022 12 24  7 16 44.450  1.51   1
   110636  40.580477 -124.217057    19.286     1283.9     3358.6    -2141.1     27.7      5.6      9.8 2023  5  5 10 50 40.220  0.86   1
   110637  40.545251 -124.335539    17.085    -8752.0     -553.1    -4342.4      7.7      5.9      9.2 2022 12 25 12 21 40.770  1.90   1
   110638  40.587988 -124.150724    24.044     6901.0     4192.7     2616.3     11.4      8.0     12.8 2022 12 21 19 17 30.720  1.31   1
   110641  40.644055 -123.998722    18.660    19764.4    10418.6    -2767.6      2.8      1.9      3.7 2022 12 25  9 11 59.060  0.70   1
   110643  40.539661 -123.911304    22.753    27185.1    -1173.9     1325.9      2.6      2.7      5.1 2023  2 16 18  3 27.440  1.53   1
   110644  40.563110 -123.979940    23.688    21367.1     1430.1     2260.6      6.8      5.7      6.0 2023  2 13  5 45 35.220  1.23   1
   110646  40.575134 -124.423958    23.248   -16238.2     2765.3     1820.9      4.0      2.1      3.2 2023  2  6 20 12  2.580  1.35   1
   110647  40.565959 -124.145874    21.949     7312.9     1746.4      521.4      7.5      4.7      7.3 2022 12 20 19  6 23.200  1.47   1
   110649  40.520443 -124.356486    22.600   -10528.4    -3308.0     1172.5      4.2      3.2      6.1 2022 12 25 23 13 35.000  1.83   1
   110650  40.701831 -123.952734    22.172    23647.0    16834.4      744.8      7.7      6.3      5.8 2022 12 26  9 16 16.030  1.67   1
   110651  40.612476 -123.826481    26.750    34351.9     6911.9     5322.9      7.8      6.2     14.2 2023  4  8  3  4 20.710  1.95   1
   110652  40.518876 -124.440706    15.613   -17664.0    -3481.9    -5814.1     16.1     12.3     41.3 2023  2  8 14 16 55.210  1.31   1
   110653  40.531816 -124.407544    16.880   -14852.9    -2045.0    -4547.5     10.0     11.2     23.3 2022 12 26  8 29 16.340  0.84   1
   110654  40.591781 -124.010246    23.186    18796.3     4613.8     1759.0     12.4      8.8      7.0 2022 12 24 22 12 36.600  2.10   1
   110655  40.566439 -124.022835    22.559    17733.6     1799.7     1131.4      9.0      6.1      9.6 2023  4 30 12 38 22.840  0.62   1
   110656  40.583533 -124.197656    25.177     2926.9     3697.9     3750.1     18.1      5.4     11.2 2023  1 20 22  9 26.880  0.94   1
   110660  40.539303 -124.340479    16.409    -9170.9    -1213.7    -5018.3      6.3      6.7     10.4 2022 12 31 15  5 32.620  1.28   1
   110663  40.580318 -123.955314    24.399    23449.8     3340.9     2971.4      1.9      1.5      1.1 2022 12 21 22 26 11.040  1.39   1
   110664  40.554020 -123.976619    20.828    21649.8      420.7     -599.5      5.8      3.6      4.9 2022 12 20 16  1 13.350  1.61   1
   110665  40.486943 -124.515072    16.749   -23970.2    -7028.0    -4678.3      3.1      6.2      8.9 2023  4  6  4 40 19.060  0.75   1
   110666  40.498564 -124.469385    18.066   -20096.8    -5737.5    -3361.2      2.9      3.7      6.0 2022 12 29  8 32 33.620  1.49   1
   110667  40.598446 -124.327637    20.711    -8079.5     5353.9     -716.2      3.7      2.9      6.8 2022 12 25  7 56 23.340  0.72   1
   110671  40.585767 -124.096305    23.271    11509.4     3946.0     1844.2      4.6      5.0      3.3 2022 12 20 23  1 57.840  1.31   1
   110672  40.539986 -124.348869    18.457    -9881.6    -1137.7    -2970.3      6.6      6.2      9.6 2023  4 15  0  7  1.200  0.77   1
   110673  40.585856 -124.230933    22.158      108.9     3955.9      730.3     12.2      7.0     16.7 2022 12 21 16 59 16.830  0.92   1
   110674  40.552425 -124.224805    17.752      628.0      243.5    -3674.8      7.6      4.5      5.3 2022 12 23  5  1 13.690  1.08   1
   110675  40.703308 -123.930575    22.438    25521.6    16998.4     1010.3      4.7      4.6      5.4 2022 12 22 16 21 35.960  1.66   1
   110676  40.480823 -124.407194    19.791   -14828.8    -7707.6    -1636.1      3.6      4.1      6.4 2023  1 30 10 56 56.600  0.99   1
   110677  40.511906 -124.440251    17.280   -17626.3    -4255.9    -4147.7      3.3      3.6      5.2 2022 12 23  0 10 35.700  1.04   1
   110678  40.516960 -124.426880    17.194   -16492.8    -3694.7    -4232.9      4.1      4.4      5.4 2023  1  8  2 15 56.440  1.14   1
   110679  40.509204 -124.440446    17.687   -17643.2    -4556.0    -3739.8      7.4      5.8     10.5 2023  4 20 15 36 20.100  0.92   1
   110681  40.638391 -123.912565    21.308    27058.4     9789.7     -119.6      2.9      1.5      1.6 2022 12 21  2 53 42.600  1.60   1
   110683  40.504126 -124.453434    18.843   -18744.4    -5119.9    -2584.1      5.0      6.1      6.7 2022 12 21  8 21  0.830  1.29   1
   110685  40.526221 -124.378581    23.820   -12399.8    -2666.3     2392.9      7.5      6.6      5.3 2023  1 29  2 21 34.040  0.86   1
   110686  40.549422 -124.309147    17.881    -6516.3      -89.9    -3546.4     12.1      6.9      8.9 2022 12 20 19 42 50.340  1.43   1
   110687  40.644617 -124.052759    19.585    15190.4    10481.0    -1842.4      5.7      7.1      9.4 2022 12 26  1 31 33.690  1.21   1
   110688  40.682983 -123.881974    22.409    29638.1    14741.4      981.4      3.5      4.5      5.2 2022 12 20 16  7 38.970  2.01   1
   110689  40.544132 -123.755526    21.772    40379.9     -677.3      344.9      3.1      6.9      2.8 2022 12 22  0 56 27.730  0.68   1
   110692  40.511210 -124.470622    21.347   -20199.7    -4333.2      -80.5      6.5      5.8      8.3 2022 12 29 10 57 23.460  1.08   1
   110694  40.515043 -124.442684    19.346   -17832.0    -3907.6    -2081.4      4.8      4.3      5.7 2022 12 29  5 31  8.470  1.04   1
   110695  40.550354 -124.224422    17.716      660.4       13.6    -3711.2      0.7      1.2      1.7 2022 12 24  5  9  2.290  1.55   1
   110697  40.572196 -124.224715    17.346      635.5     2439.1    -4081.4     14.8     10.0     13.8 2022 12 23 20 30 28.480  1.23   1
   110698  40.541874 -124.237931    18.209     -483.9     -928.1    -3217.9      5.7      4.0      7.0 2023  1 26  5 47 35.730  1.04   1
   110699  40.518400 -124.414632    16.630   -15454.9    -3534.8    -4797.5      6.5      9.4     15.2 2022 12 22  9  7 10.520  0.52   1
   110700  40.576420 -124.204647    17.187     2335.0     2908.1    -4240.0      3.4      3.1      8.3 2022 12 25  3 58 23.130  0.90   1
   110702  40.629350 -123.959001    22.217    23129.2     8785.7      790.2      4.4      3.8      3.5 2022 12 20 23 26 24.700  1.53   1
   110703  40.531209 -124.362443    16.731   -11032.2    -2112.4    -4695.9     21.5     12.0     22.5 2022 12 22 14 28 55.050  1.12   1
   110705  40.513456 -123.876090    21.643    30173.9    -4083.8      216.1      4.4      3.9      4.4 2023  3  1  0 37 17.190  1.45   1
   110706  40.559644 -123.992839    23.931    20275.2     1045.1     2503.5      9.0      7.9      6.8 2022 12 20 23 41  1.760  1.68   1
   110707  40.546948 -123.846061    22.345    32710.1     -364.6      917.9      5.2      5.4     10.7 2022 12 21 22 14 18.520  1.56   1
   110708  40.578060 -124.214494    18.096     1501.0     3090.2    -3331.3     16.9      8.4     15.4 2023  3  5  0 34 58.820  1.58   1
   110710  40.605737 -124.146826    18.283     7230.1     6163.6    -3144.1      4.7      4.1      7.3 2023  1 14  1 10 27.140  1.46   1
   110711  40.615613 -124.069360    20.213    13788.1     7260.2    -1214.6      3.5      5.4      5.2 2022 12 20 21  2 39.800  1.14   1
   110712  40.557784 -123.953434    21.961    23613.0      838.6      533.8      7.1      5.6      7.7 2023  1 10 19 11 36.040  1.34   1
   110715  40.612618 -124.091911    15.962    11879.2     6927.7    -5465.1     18.2      6.9     12.1 2022 12 20 21 22 37.100  1.23   1
   110716  40.586279 -123.886068    21.491    29312.7     4002.9       63.4     12.7     12.2     26.5 2022 12 22  1 50 13.650  0.65   1
   110717  40.608232 -124.301595    19.948    -5874.0     6440.6    -1479.0      2.2      1.1      2.4 2023  4  9 21 13 25.880  0.97   1
   110718  40.523543 -124.432373    19.467   -16957.4    -2963.7    -1960.6      2.1      1.5      4.7 2022 12 22  3 44  5.310  1.01   1
   110720  40.585933 -124.203117    20.550     2464.4     3964.5     -877.4      3.4      3.9      4.7 2022 12 21  1 23  1.660  0.93   1
   110721  40.555326 -124.304639    18.658    -6134.1      565.7    -2769.1     14.9      5.9     10.9 2022 12 20 16 43 44.910  1.41   1
   110722  40.552087 -124.302889    19.959    -5986.0      206.0    -1468.4     12.4      6.0     13.2 2022 12 20 19 45  5.720  1.04   1
   110723  40.473633 -124.544727    21.769   -26485.9    -8506.0      341.9      5.2      5.5      5.9 2022 12 22  7 29 30.560  0.68   1
   110724  40.518640 -124.344954    19.377    -9551.5    -3508.1    -2050.7      4.0      3.3      4.4 2022 12 22  8 32 21.500  0.63   1
   110725  40.546212 -124.306087    17.901    -6257.2     -446.4    -3526.3      9.8      6.6      9.9 2022 12 24 21 51 17.000  0.84   1
   110726  40.517745 -124.433317    19.632   -17038.1    -3607.5    -1795.6     10.6      9.7     10.9 2022 12 25 10 58 46.850  0.74   1
   110727  40.516874 -124.358057    19.526   -10661.7    -3704.2    -1901.2      6.9      5.7      5.2 2022 12 26 20 22  8.180  1.12   1
   110728  40.519364 -124.420540    19.370   -15955.4    -3427.7    -2057.6      3.7      6.3      5.8 2023  1  3 14 30 47.720  1.13   1
   110729  40.576721 -124.208390    17.649     2018.0     2941.5    -3778.0     16.6      3.4      6.0 2023  1  4 10 27 27.700  1.40   1
   110730  40.556779 -124.316602    22.639    -7147.3      727.0     1211.3     10.4      7.9     12.8 2023  1 27  5 50 36.430  1.31   1
   110731  40.511776 -124.440145    19.068   -17617.3    -4270.4    -2359.3      3.2      3.1      7.1 2023  3 16 18  8 14.040  1.34   1
   110735  40.534184 -124.344824    18.402    -9539.4    -1782.1    -3025.3      5.0      4.4      7.6 2022 12 20 21 52 17.400  1.04   1
   110736  40.505969 -124.335482    18.222    -8749.7    -4915.2    -3204.9      4.2      4.4      7.1 2022 12 22  5 34 15.770  1.28   1
   110737  40.523332 -124.423470    18.413   -16203.1    -2987.1    -3014.3      4.1      4.8      8.3 2022 12 22 10 19 33.470  1.21   1
   110738  40.545683 -124.314575    18.238    -6976.2     -505.2    -3189.0     10.4      6.3     10.1 2022 12 26 12 16 44.250  0.71   1
   110739  40.521208 -124.427116    18.257   -16512.2    -3223.0    -3170.7     10.7      7.8     12.7 2023  1 11  1 42 23.060  2.03   1
   110743  40.583093 -124.211670    17.800     1740.1     3649.1    -3627.7     23.8      6.4     13.2 2023  3 25 16 17 15.180  0.90   1
   110745  40.515316 -124.431128    18.750   -16852.9    -3877.3    -2677.7      3.3      4.5      6.8 2023  1 20  8 32 25.670  1.94   1
   110746  40.517244 -124.447770    20.816   -18262.7    -3663.1     -611.0      5.7      6.1      7.3 2023  2 15 19 15 16.420  1.23   1
   110747  40.543966 -124.339364    19.758    -9076.1     -695.8    -1669.3      8.1      5.0     12.0 2022 12 23 14  7  9.940  0.88   1
   110748  40.554207 -124.440682    24.627   -17657.3      441.5     3199.8      7.0      5.1     13.2 2022 12 20 15 58 21.830  1.76   1
   110749  40.499756 -124.468245    14.575   -20000.0    -5605.1    -6852.3      6.1      7.5     18.2 2022 12 26  6 35 42.200  1.15   1
   110750  40.594934 -124.118123    17.197     9661.2     4964.0    -4229.9      3.6      2.8      4.0 2023  1 14  6 13 33.720  1.13   1
   110751  40.574947 -123.988005    20.936    20682.2     2744.5     -491.2      2.7      2.2      2.8 2022 12 20 17 38 50.000  1.62   1
   110752  40.581706 -124.212980    21.066     1629.2     3495.0     -360.8     24.5      5.6      8.1 2022 12 22 21 13 37.280  0.95   1
   110753  40.526595 -124.324715    18.263    -7836.3    -2624.8    -3164.6      6.8      5.4      7.2 2022 12 22 22  2  6.300  1.11   1
   110754  40.523438 -124.357829    18.652   -10641.9    -2975.4    -2775.1      6.5      5.8      6.6 2022 12 22 22 45  9.160  1.52   1
   110757  40.524813 -124.344629    19.348    -9523.5    -2822.7    -2079.2      5.7      5.5      6.0 2022 12 28 13 28 43.290  1.64   1
   110758  40.552877 -124.236149    19.650     -332.9      293.7    -1777.7      6.8      4.2      6.2 2023  1 15 15 14  5.770  1.41   1
   110759  40.528438 -124.418685    18.725   -15797.1    -2420.1    -2702.6      9.1      8.6     11.8 2023  2 10 21  1  5.660  1.17   1
   110761  40.584798 -124.152214    22.369     6775.0     3838.4      941.9      7.9      4.2      6.1 2023  1 21 22  3  8.900  1.49   1
   110765  40.524215 -124.405005    18.204   -14638.6    -2889.1    -3223.5      6.3      5.7      9.0 2022 12 24  2 43 20.530  1.79   1
   110766  40.503861 -124.445337    17.675   -18058.3    -5149.2    -3751.9      5.1      5.1      6.6 2023  2  7 19 48  3.920  1.35   1
   110767  40.504272 -124.481380    18.052   -21112.3    -5103.6    -3375.7      4.7      3.4      8.1 2023  5  3  4 14 16.070  1.55   1
   110768  40.535433 -124.343018    18.821    -9386.2    -1643.4    -2606.5      5.7      5.1      6.5 2023  2 17 23 11 43.020  1.41   1
   110769  40.576807 -124.217424    18.582     1253.0     2951.0    -2845.7     12.6      9.0     15.8 2022 12 22 11 55 31.760  1.02   1
   110770  40.592826 -124.101701    24.962    11051.9     4729.9     3535.1      3.9      4.8      3.7 2023  1  4  8 48  8.840  1.05   1
   110771  40.514872 -124.443091    18.041   -17866.5    -3926.5    -3386.0      0.8      0.6      1.9 2022 12 21 11 33 42.730  2.09   1
   110772  40.518050 -124.421411    17.050   -16029.3    -3573.6    -4377.0      6.7      8.3      9.3 2022 12 22  1 51 31.680  0.96   1
   110774  40.515833 -124.426921    19.353   -16496.4    -3819.9    -2073.8      5.5      7.0      8.1 2022 12 22 13 45 54.290  0.88   1
   110778  40.593107 -124.092806    21.779    11805.1     4761.1      352.2      9.9      7.3     12.4 2022 12 20 13 10 43.400  0.88   1
   110780  40.514482 -124.439950    18.435   -17600.4    -3969.9    -2992.0      2.5      1.4      4.1 2023  1 27  2 38 13.190  1.41   1
   110781  40.600334 -124.020972    21.107    17886.9     5563.6     -319.9      5.8      4.5      8.1 2022 12 22  7 36 42.420  0.86   1
   110782  40.520247 -124.419368    16.743   -15856.0    -3329.6    -4684.1      7.1      9.7     12.3 2023  1 19  4 55  2.650  1.72   1
   110783  40.535665 -124.239478    19.512     -614.9    -1617.6    -1915.4      4.5      3.0      4.5 2022 12 21  9 13 55.700  1.90   1
   110785  40.601546 -124.112264    16.339    10156.8     5698.2    -5088.6      7.1      4.9      6.3 2023  3 27 13  6 21.780  0.85   1
   110786  40.514750 -124.443132    17.987   -17870.0    -3940.1    -3440.5      2.6      3.5      4.6 2022 12 21 10 46 12.660  1.82   1
   110787  40.588497 -124.185213    20.269     3980.4     4249.1    -1158.1     23.5      9.7     17.3 2022 12 22  9 24 48.500  0.91   1
   110788  40.660559 -124.008146    19.371    18964.4    12251.3    -2056.1      5.5      4.6      5.7 2022 12 22  1 16  9.260  0.66   1
   110789  40.523193 -124.417464    18.817   -15694.3    -3002.5    -2610.7      6.2      5.9      7.4 2022 12 23 19 12 41.740  1.83   1
   110790  40.570260 -124.198307    21.888     2872.0     2224.0      461.2     11.0      4.9      7.0 2022 12 24 15 43 41.860  0.86   1
   110791  40.523763 -124.411165    22.059   -15160.6    -2939.3      631.8      3.9      4.1      7.6 2022 12 21 21 14 36.000  0.82   1
   110793  40.516516 -124.411825    20.941   -15217.3    -3744.0     -485.8      7.4      8.3      8.6 2022 12 26 14 17  3.520  0.91   1
   110794  40.595516 -124.113062    18.177    10089.7     5028.6    -3250.5      1.4      1.3      2.0 2023  3 11 16 16 54.220  1.44   1
   110796  40.544625 -124.335701    16.773    -8765.9     -622.6    -4654.6      5.1      4.4      8.0 2022 12 22  1 52 50.750  1.67   1
   110797  40.520634 -124.351383    19.476   -10096.0    -3286.7    -1951.5      3.7      2.7      3.6 2022 12 24 21 53 24.440  1.63   1
   110799  40.524015 -124.405314    18.979   -14664.8    -2911.2    -2448.7      6.8      5.7      7.6 2022 12 20 10 40 17.470  2.91   1
   110801  40.558297 -124.235392    19.996     -268.8      895.6    -1431.3      8.6      2.7      7.4 2022 12 20 12 16  5.480  2.04   1
   110802  40.571212 -124.078231    19.219    13041.4     2329.7    -2208.3      5.4      6.1      2.9 2022 12 21  0 15 31.010  2.88   1
   110803  40.651591 -124.022323    18.683    17765.8    11255.5    -2744.1      5.1      5.4      9.0 2022 12 22  5 56 58.350  0.78   1
   110804  40.518363 -124.437712    19.466   -17410.3    -3538.8    -1960.9      2.8      3.1      3.7 2022 12 20 20 38 36.440  1.22   1
   110806  40.515320 -124.431844    18.913   -16913.6    -3876.8    -2514.2      3.5      2.0      7.1 2023  2  1  8 26 47.510  1.32   1
   110808  40.538017 -124.339469    17.423    -9085.5    -1356.4    -4004.4      4.7      4.7      7.7 2023  3 31  1 48 56.260  0.92   1
   110809  40.520138 -124.441927    20.958   -17767.2    -3341.8     -469.1     12.5      9.6     17.7 2022 12 22  0 38 39.810  1.01   1
   110810  40.617672 -124.080908    17.016    12810.3     7488.9    -4411.5      4.9      5.5      8.2 2023  1  4  6 36 41.150  1.09   1
   110812  40.603601 -124.140658    18.252     7752.6     5926.4    -3175.2      6.3      4.6      5.9 2023  2  2  5 38 31.180  0.92   1
