   101475  40.580302 -123.983594    20.844    21054.9     3339.1     -583.2    532.1    354.3    527.8 2020  1  4 12 29  8.640  0.00   1
   101476  40.580103 -123.982357    20.671    21159.7     3317.0     -755.9    571.4    414.7    503.7 2020  2 13 22 21 36.940  0.00   1
   101477  40.581173 -123.982983    21.111    21106.5     3435.8     -316.0    504.6    400.2    649.2 2020  3 19  1  4 26.040  0.00   1
   101481  40.580774 -123.984285    20.805    20996.3     3391.5     -622.7    542.4    370.3    541.0 2021  3 29 15 56 33.780  0.00   1
   101482  40.581026 -123.983659    20.762    21049.3     3419.6     -665.7    572.1    395.9    604.8 2021  3 29 13 44 54.940  0.00   1
   101483  40.581262 -123.983944    20.764    21025.2     3445.8     -663.1    572.5    388.7    616.5 2021  3 30 14 30 26.580  0.00   1
   101484  40.580924 -123.983455    20.790    21066.6     3408.3     -637.2    668.5    419.6    708.6 2021  3 30 16 56 58.820  0.00   1
   101487  40.581193 -123.983228    20.922    21085.8     3438.1     -505.1    508.5    389.3    678.1 2021  9 19 18 51 35.660  0.00   1
   101488  40.581775 -123.978923    20.660    21450.3     3502.7     -766.9    619.3    420.0    677.8 2021 12  7  4 20 27.260  0.00   1
   101564  40.531877 -124.277507    11.260    -3836.6    -2038.3   -10166.8   1077.9    349.3    987.7 2020  1  4 11 37 20.680  0.00   1
   102513  40.562537 -124.122005    22.528     9334.7     1366.4     1101.2    579.9    310.2    552.2 2020  1 21 18 29 29.080  0.00   1
   102514  40.565255 -124.120239    22.530     9484.1     1668.2     1103.0    348.5    306.4    432.5 2020  1 21 18 17 50.920  0.00   1
   102517  40.564933 -124.118465    22.833     9634.4     1632.5     1405.8    529.0    271.3    627.6 2020  1 21 18 17 12.580  0.00   1
   102584  40.563570 -124.116724    22.616     9782.0     1481.1     1189.2    641.8    385.9    559.4 2021 12 19 16 15 38.560  0.00   1
   102602  40.482222 -124.511230    24.353   -23645.5    -7552.1     2926.2    534.4    606.5   1027.1 2021  8 10 19 30 57.060  0.00   1
   102603  40.485954 -124.504810    25.200   -23100.7    -7137.8     3772.6    784.8    706.8   1045.7 2021  8 28  7 10 22.180  0.00   1
   102606  40.481942 -124.505876    24.762   -23191.7    -7583.3     3335.0    616.1    592.7    960.3 2021 11  9 13 23 16.920  0.00   1
   102608  40.487695 -124.502222    25.877   -22881.1    -6944.4     4449.9    658.4    640.7    961.4 2022  9  7 17 54 42.580  0.00   1
   102707  40.434639 -124.602067    24.207   -31354.7   -12836.0     2779.5    280.9    431.1   1059.4 2020  1  5 11  4 39.240  0.00   1
   102709  40.434639 -124.602043    24.220   -31352.6   -12836.0     2792.5    242.2    404.6    791.3 2020  3 12 15 20 18.660  0.00   1
   102710  40.434652 -124.602051    24.237   -31353.3   -12834.7     2810.0    230.4    405.4    845.4 2020  3 19  0  0 12.240  0.00   1
   102711  40.434782 -124.602157    24.119   -31362.2   -12820.2     2692.2    346.6    445.2   1347.2 2020  4 15  6 22 46.200  0.00   1
   102713  40.434676 -124.601994    24.244   -31348.5   -12831.9     2816.9    288.8    423.3   1116.9 2020  5  1 21 27  1.720  0.00   1
   102715  40.435079 -124.602352    24.297   -31378.7   -12787.2     2869.3    292.9    463.2   1251.7 2020  5 19  4 18  4.680  0.00   1
   102716  40.435726 -124.602327    23.545   -31376.5   -12715.4     2118.0    534.8    654.0   3024.1 2020  5 19 15 58 35.460  0.00   1
   102717  40.436214 -124.602799    22.114   -31416.4   -12661.1      686.3    314.7    418.9   2682.6 2020  5 19  8 56  4.240  0.00   1
   102718  40.434953 -124.601099    23.768   -31272.5   -12801.2     2341.0    700.7    948.7    802.4 2020  6  2  1 55 48.260  0.00   1
   102719  40.434684 -124.601896    24.227   -31340.2   -12831.0     2799.8    286.0    430.1    864.0 2020  6  9 10 29  1.040  0.00   1
   102720  40.435087 -124.601074    24.258   -31270.4   -12786.3     2831.0    313.2    359.0    821.6 2020  6  9 11 54 57.660  0.00   1
   102721  40.434558 -124.601872    24.411   -31338.1   -12845.0     2984.1    330.4    401.8    952.0 2020  6 11 11 48 29.660  0.00   1
   102723  40.434656 -124.601953    24.209   -31345.0   -12834.2     2781.9    252.3    420.5    883.1 2020  6 28  9  4 35.860  0.00   1
   102727  40.434652 -124.602059    24.232   -31354.0   -12834.7     2804.5    276.7    418.6    893.2 2020  9 21 21 53 10.520  0.00   1
   102728  40.434672 -124.602083    23.461   -31356.0   -12832.4     2034.0    292.7    414.0   2196.3 2020  9 28  9 34 39.840  0.00   1
   102729  40.434635 -124.601945    24.181   -31344.3   -12836.5     2753.7    239.1    416.1    884.9 2020  9 29 16 42 12.380  0.00   1
   102730  40.434644 -124.601929    24.200   -31342.9   -12835.6     2773.0    252.1    427.2    890.6 2020  9 29 16  6 55.980  0.00   1
   102731  40.435152 -124.601961    24.231   -31345.6   -12779.1     2803.6    286.0    428.9   1026.0 2020 10  8  8 34 56.540  0.00   1
   102732  40.434989 -124.602100    24.162   -31357.4   -12797.1     2734.3    269.0    424.1    981.1 2020 10 13 22  5 11.460  0.00   1
   102733  40.434660 -124.602059    24.226   -31354.0   -12833.7     2799.2    251.6    413.3    824.6 2020 11 11  2 48 36.380  0.00   1
   102734  40.434465 -124.602409    24.129   -31383.7   -12855.4     2702.1    292.6    428.2   1177.2 2020 12 19  3 23 42.480  0.00   1
   102736  40.434717 -124.602059    23.239   -31354.0   -12827.4     1812.0    249.0    407.9   2014.0 2021  1 21 20 46 20.820  0.00   1
   102737  40.434623 -124.601994    24.175   -31348.5   -12837.8     2747.3    276.0    450.5   1027.1 2021  2 12  4 31  7.420  0.00   1
   102738  40.434680 -124.602075    23.585   -31355.4   -12831.5     2157.7    269.3    421.7   1922.0 2021  2 12 20  8 51.240  0.00   1
   102739  40.434285 -124.602262    24.222   -31371.3   -12875.3     2794.6    295.3    448.3   1071.2 2021  2 12  4 29 14.400  0.00   1
   102740  40.434558 -124.601180    23.988   -31279.5   -12845.0     2560.3    246.9    414.8    316.9 2021  2 20 23 40 36.700  0.00   1
   102741  40.434701 -124.601969    24.173   -31346.4   -12829.2     2745.8    265.2    413.7    954.7 2021  4 14  4 39 59.360  0.00   1
   102742  40.434656 -124.601896    24.204   -31340.2   -12834.2     2777.2    249.0    434.9    896.4 2021  4 14  1 27 41.100  0.00   1
   102743  40.434558 -124.602051    24.159   -31353.3   -12845.0     2731.6    281.0    414.7   1025.8 2021  4 14  5 38 37.620  0.00   1
   102745  40.435531 -124.602816    23.797   -31417.9   -12737.1     2369.9    265.5    447.1   1415.9 2021  5 17  6 53 57.120  0.00   1
   102749  40.434672 -124.601994    24.244   -31348.5   -12832.4     2816.9    296.3    421.1   1133.6 2021  7 10 11 59 45.840  0.00   1
   102751  40.434672 -124.601978    24.207   -31347.1   -12832.4     2780.2    251.3    420.1    940.6 2021  8 31 18 13 15.560  0.00   1
   102754  40.434676 -124.601994    24.239   -31348.5   -12831.9     2811.5    295.2    421.4   1141.9 2021  9 23  9 33 50.540  0.00   1
   102755  40.435352 -124.601888    24.225   -31339.3   -12756.9     2797.3    262.4    418.5    918.5 2021  9 30 19 10  2.220  0.00   1
   102756  40.434578 -124.602010    24.041   -31349.9   -12842.8     2613.7    247.3    416.8   1070.7 2021 10  8 23 40 58.400  0.00   1
   102759  40.434676 -124.601994    24.239   -31348.5   -12831.9     2811.7    294.3    420.5   1137.7 2021 11  4  9  5 14.280  0.00   1
   102761  40.434680 -124.601986    24.122   -31347.8   -12831.5     2694.6    266.7    418.6    960.2 2021 12  9 20 12 36.400  0.00   1
   102763  40.434672 -124.601978    24.122   -31347.1   -12832.4     2694.6    251.0    418.0    920.8 2021 12 18  5 17 48.600  0.00   1
   102764  40.434676 -124.602043    24.246   -31352.6   -12831.9     2818.8    247.9    413.9    864.8 2021 12 20  7 12 18.880  0.00   1
   102768  40.425342 -124.605648    24.508   -31660.4   -13868.5     3080.7    346.0    618.2    782.8 2022  2 24 23 18 18.200  0.00   1
   102773  40.434583 -124.602018    24.271   -31350.5   -12842.3     2843.7    243.8    406.6    841.0 2022  4 10 14  1 19.800  0.00   1
   102775  40.435331 -124.601896    24.229   -31340.0   -12759.2     2801.3    262.1    419.5    916.6 2022  5 12 21 39 49.620  0.00   1
   102776  40.434639 -124.601009    24.207   -31265.0   -12836.0     2780.1    254.4    415.7    856.0 2022  5 15 21 30 42.600  0.00   1
   102777  40.434326 -124.602262    24.344   -31371.3   -12870.8     2916.9    308.5    451.6   1045.5 2022  6  2  9 50 27.060  0.00   1
   102778  40.430404 -124.603654    24.874   -31490.2   -13306.4     3447.2    494.2    692.8   1004.4 2022  6 17  0 59 30.760  0.00   1
   102780  40.434444 -124.601758    24.265   -31328.5   -12857.7     2837.4    270.0    435.1   1034.2 2022  7 21  2 41 31.540  0.00   1
   102781  40.434615 -124.601986    24.088   -31347.8   -12838.7     2660.4    292.7    450.0   1009.3 2022  7 28  9 22  9.400  0.00   1
   102783  40.435050 -124.602010    24.207   -31349.7   -12790.4     2779.7    293.2    464.2   1084.4 2022  8 24 18 40  2.660  0.00   1
   102785  40.434928 -124.601969    24.004   -31346.3   -12803.9     2576.4    403.0    564.5   1786.7 2022  8 29 10  0 58.040  0.00   1
   102786  40.434766 -124.602173    24.144   -31363.6   -12822.0     2716.4    315.2    428.6   1000.8 2022  9 18 15 28 46.440  0.00   1
   102787  40.434664 -124.602018    24.185   -31350.5   -12833.3     2757.6    265.0    425.5   1050.8 2022 10  2 19 33 34.380  0.00   1
   102789  40.434591 -124.602197    24.134   -31365.7   -12841.4     2706.8    276.7    423.1    931.6 2022 10 17  4 45 23.620  0.00   1
   102790  40.434688 -124.602083    24.042   -31356.0   -12830.6     2615.2    301.1    415.5   1266.0 2022 10 19 22 24 12.120  0.00   1
   102792  40.434692 -124.602083    24.099   -31356.0   -12830.1     2672.1    273.2    413.3   1151.1 2022 11  4 23 19 49.560  0.00   1
   102793  40.434684 -124.602075    24.172   -31355.4   -12831.0     2744.4    258.7    407.1   1013.2 2022 11 28  6 17 43.580  0.00   1
   102871  40.522668 -124.422078    23.765   -16085.3    -3060.8     2338.2    729.1    599.6    703.0 2021 12 21 11 40 42.620  0.00   1
   102873  40.527116 -124.417741    22.734   -15717.3    -2566.9     1306.8   1237.3   1238.2   1491.5 2021 12 27  5 28 17.460  0.00   1
   102877  40.518660 -124.412288    23.964   -15256.3    -3505.9     2537.2    604.2    533.9    629.0 2022 11 12  9 39  9.180  0.00   1
   102881  40.579342 -123.890771    22.514    28915.9     3232.5     1086.8    728.1    647.5   1054.6 2020  6  5  7 17 17.540  0.00   1
   102882  40.590304 -123.897974    22.035    28303.7     4449.8      607.6    618.2    662.0    690.2 2021  8 31 10  1 55.460  0.00   1
   102884  40.588391 -123.893335    22.750    28696.9     4237.4     1323.2    477.9    598.4    823.6 2022  7  8 14 14 25.800  0.00   1
   102885  40.572827 -123.884839    22.534    29419.7     2509.1     1106.9    820.0    568.5    593.2 2022 10 15  6 34 45.100  0.00   1
   102906  40.551843 -124.494897    20.807   -22249.8      178.9     -620.4    966.9    748.2   4143.8 2020  1  8  5 26 50.000  0.00   1
   102908  40.549707 -124.497347    23.679   -22457.7      -58.3     2252.1    791.9    641.0    824.6 2020 10 11 20 54  2.280  0.00   1
   102909  40.543449 -124.503979    27.592   -23020.6     -753.2     6164.3    626.9    509.4    896.3 2021  4 28 19 33 47.460  0.00   1
   102910  40.547982 -124.497396    25.151   -22462.1     -249.9     3724.2    793.8    485.3   1005.5 2021  6 12  7 57 57.640  0.00   1
   102911  40.544295 -124.506657    24.588   -23247.2     -659.2     3160.6    618.4    648.0   1546.0 2021  6 22  2 52 24.640  0.00   1
   102915  40.544706 -124.506535    24.104   -23236.8     -613.6     2676.3    647.3    663.2   1965.9 2021 11 28 13  7  4.440  0.00   1
   102916  40.548226 -124.501709    23.209   -22827.4     -222.8     1781.9    680.4    563.7   2530.5 2021 12 21 13 58 37.080  0.00   1
   102917  40.550126 -124.495646    23.648   -22313.5      -11.7     2221.0    977.5    815.7   1150.1 2021 12 21  8 24 22.960  0.00   1
   103853  40.622107 -123.939355    21.487    24793.6     7981.4       59.5    870.9    805.9   1037.1 2020  1 15 17  9  9.680  0.00   1
   103854  40.618180 -123.944906    21.169    24324.4     7545.4     -257.9    772.8    519.0    874.4 2020  9  6  8  2 35.820  0.00   1
   103855  40.624915 -123.946509    21.067    24187.5     8293.2     -360.4    871.0    750.4    911.0 2021 11 17  1 30  5.520  0.00   1
   103856  40.623539 -123.945565    21.442    24267.7     8140.4       14.9    828.8    625.9    892.5 2022  1 29  9  3 15.000  0.00   1
   103857  40.623145 -123.944401    21.516    24366.3     8096.6       88.3    796.2    534.9    927.5 2022  5 22  1 31 29.140  0.00   1
   103859  40.625037 -123.946663    21.058    24174.4     8306.7     -369.7    874.0    724.8    905.3 2022  5 23  3 58 56.800  0.00   1
   103861  40.621387 -123.947469    21.552    24106.8     7901.4      124.5    835.8    496.0   1183.2 2022  7 27 10 38  4.700  0.00   1
   103862  40.622673 -123.946395    21.458    24197.6     8044.2       30.6    789.5    639.4    903.1 2022 11 17 16  3 25.080  0.00   1
   103863  40.620797 -123.943408    21.496    24450.7     7835.9       69.1    765.4    430.5    787.6 2022 11 20 23 28 37.040  0.00   1
   103948  40.582768 -123.922380    25.795    26238.4     3613.0     4367.8    738.9    587.7    728.2 2020  7 15 23 27 17.180  0.00   1
   103949  40.582487 -123.923625    25.768    26133.0     3581.8     4340.7    803.0    665.3    826.0 2020  7 15 23 27  7.480  0.00   1
   103953  40.585913 -123.925765    25.162    25951.1     3962.2     3735.2    722.1    455.4    860.2 2021  6 28 22 30 49.640  0.00   1
   103955  40.589132 -123.920516    26.060    26395.0     4319.6     4632.9    937.7    732.3    653.2 2021  8 18 13 15  3.800  0.00   1
   103957  40.585250 -123.909302    25.398    27345.4     3888.6     3970.8    616.4    499.9    874.7 2021  9 30  0  5  3.500  0.00   1
   103958  40.585413 -123.909473    25.465    27330.9     3906.7     4037.5    657.5    441.5    938.6 2021 10 16 22 17 33.780  0.00   1
   103963  40.586373 -123.913794    26.049    26964.8     4013.3     4621.8    810.2    572.2    719.0 2022 10  3  1 19 38.240  0.00   1
   104037  40.619983 -124.312126    19.420    -6765.0     7745.5    -2006.7   1140.6    518.6   1298.4 2020  3 23  9 10 34.260  0.00   1
   104039  40.620219 -124.316479    20.974    -7133.6     7771.7     -452.8    480.8    355.3   1470.6 2020  3 31  1 10 40.520  0.00   1
   104040  40.621008 -124.315153    19.876    -7021.3     7859.4    -1551.6    580.6    453.4   1106.5 2020 12 20  9 55 52.280  0.00   1
   104042  40.620719 -124.314998    19.917    -7008.2     7827.3    -1510.6    828.5    712.2   1545.3 2020 12 20 10 47 46.800  0.00   1
   104043  40.621427 -124.313477    20.804    -6879.3     7905.9     -622.8    784.5    500.8   1652.1 2020 12 20 10 15 13.920  0.00   1
   104047  40.624044 -124.322648    17.995    -7655.6     8196.5    -3432.3    690.0    653.2   1048.2 2021  4 20 22 55  3.440  0.00   1
   104048  40.622363 -124.325521    17.286    -7898.9     8009.9    -4141.1    675.2    469.5   1329.2 2021  4 24 18 32 32.740  0.00   1
   104049  40.620585 -124.314046    19.927    -6927.6     7812.4    -1499.9    834.0    614.5   1144.1 2021  6 29 21  7 22.600  0.00   1
   104052  40.620597 -124.313688    19.961    -6897.3     7813.8    -1466.1    778.4    458.5   1071.6 2021  7  2  7 55 22.400  0.00   1
   104053  40.616895 -124.312443    21.833    -6792.0     7402.6      405.4    545.9    478.1   1140.6 2021  7  3 16 38 35.240  0.00   1
   104054  40.620597 -124.312744    19.889    -6817.3     7813.8    -1538.5    806.6    415.3   1114.3 2021  7 14 14 46 21.240  0.00   1
   104055  40.620622 -124.315495    19.839    -7050.2     7816.5    -1587.9    605.1    462.9   1228.6 2021  9 17 10  9 30.180  0.00   1
   104056  40.620797 -124.307739    19.157    -6393.6     7835.9    -2270.5    609.0    326.7    927.7 2021 11 18  9 48  5.620  0.00   1
   104060  40.620797 -124.307764    19.165    -6395.7     7835.9    -2262.1    606.6    323.7    928.2 2022  4 14 20  4 26.860  0.00   1
   104061  40.621525 -124.315413    20.097    -7043.3     7916.8    -1330.6    656.7    358.1    844.7 2022  6 16 20 44 53.720  0.00   1
   104064  40.620809 -124.307837    19.134    -6401.9     7837.2    -2293.6    596.9    321.1    922.2 2022 10 23 23 59  6.320  0.00   1
   104510  40.562956 -124.131486    22.383     8531.7     1412.9      955.7    522.6    376.6    341.0 2020  1 21 18 16 13.040  0.00   1
   104721  40.515633 -124.536483    22.576   -25779.2    -3842.0     1149.1    712.9    824.5    493.1 2022  8  9 15 44 36.880  0.00   1
   104905  40.509115 -124.416423    25.128   -15607.7    -4565.9     3701.1    558.8    561.2    938.6 2020  6 22 15 25 24.880  0.00   1
   104911  40.511613 -124.418717    24.447   -15801.8    -4288.5     3020.1    595.8    512.6   1053.5 2021  5 20 19 21 47.940  0.00   1
   104917  40.507084 -124.422445    24.514   -16118.2    -4791.4     3086.4    660.8    582.4   1081.1 2021  9 17 15 11 51.640  0.00   1
   104918  40.508394 -124.421997    24.424   -16080.1    -4645.9     2997.0    675.7    700.3   1236.0 2021 10  5 18 21 58.320  0.00   1
   104919  40.509387 -124.420516    24.555   -15954.5    -4535.6     3128.1    637.0    535.1    983.4 2021 10 16  3 19 23.200  0.00   1
   104923  40.509298 -124.420744    24.327   -15973.8    -4545.6     2899.3    649.4    489.5   1130.9 2021 12 22  5 52  2.020  0.00   1
   104928  40.511605 -124.418652    24.467   -15796.3    -4289.4     3040.0    593.2    511.0   1053.1 2022  1 30  2  6 57.660  0.00   1
   104932  40.511560 -124.418701    24.472   -15800.5    -4294.3     3045.0    594.1    510.1   1053.2 2022  3  5  0 58 53.080  0.00   1
   104936  40.511479 -124.418831    24.494   -15811.5    -4303.4     3066.4    604.2    512.1   1049.7 2022  7 27  2 17 47.560  0.00   1
   104940  40.519474 -124.492944    14.103   -22089.7    -3415.5    -7324.6    995.9   1462.4   3552.7 2020  1 27  9 51 13.860  0.00   1
   104941  40.519446 -124.491496    15.897   -21967.0    -3418.7    -5530.3    674.9    583.3   1418.5 2020  2 20  6 32 59.280  0.00   1
   104942  40.520024 -124.492537    15.646   -22055.1    -3354.5    -5780.9    748.6    772.6   1890.7 2020  4  6  9 21 20.960  0.00   1
   104943  40.518156 -124.491154    15.897   -21938.2    -3561.9    -5530.7    739.7    982.9    951.8 2020 12 17 16 41  8.520  0.00   1
   104944  40.512691 -124.489893    14.117   -21832.2    -4168.7    -7310.1    972.0   1415.1   3384.4 2020 12 19 14 18 19.400  0.00   1
   104945  40.516211 -124.498096    17.220   -22526.7    -3777.9    -4207.0    371.7    393.7    794.5 2021  5 24  0 40 45.520  0.00   1
   104946  40.514970 -124.497518    17.740   -22477.9    -3915.7    -3687.1    472.0    507.2   1317.3 2021 11  6  3 38 12.480  0.00   1
   105067  40.734017 -123.942171    23.390    24534.8    20408.5     1962.5   1137.0    836.7    857.3 2020  1 29 17 29  4.280  0.00   1
   105385  40.549186 -123.969287    21.405    22271.7     -116.1      -21.8    562.1    478.6    469.9 2021  4  1  4 46 23.960  0.00   1
   105390  40.603080 -123.978890    21.481    21449.7     5868.6       53.5    782.2    526.6    877.5 2021  5 23 15 44  5.100  0.00   1
   105391  40.602625 -123.981877    21.532    21196.9     5818.0      104.3    541.3    515.6    448.4 2021  6 30  5 49 47.860  0.00   1
   105468  40.662655 -124.006470    27.298    19106.0    12484.0     5870.4   1155.2    694.5   1435.7 2021 12 21  1 32 33.780  0.00   1
   105476  40.759460 -123.868286    20.601    30778.9    23233.9     -826.2   1025.6    736.9   1565.4 2021  4 17 11 13 27.660  0.00   1
   105477  40.757157 -123.865755    20.665    30993.5    22978.1     -761.8    784.9    713.6   1271.6 2021  5 16 18 21  8.560  0.00   1
   105483  40.759469 -123.868286    20.601    30778.9    23234.8     -826.2   1012.3    727.2   1537.1 2022  5  4  3 34 42.980  0.00   1
   105706  40.593681 -124.053817    22.152    15106.6     4824.8      725.2    704.9    541.4    606.6 2020  2  8  2 28 57.160  0.00   1
   105713  40.598637 -124.049487    22.421    15472.6     5375.1      993.7    477.7    317.8    566.3 2021  8 21  3 33 28.140  0.00   1
   105954  40.545585 -124.065112    19.736    14155.1     -516.0    -1691.4    415.1    320.2    331.5 2020  2  8 19 52 44.320  0.00   1
   105955  40.544149 -124.066789    19.614    14013.3     -675.5    -1813.6    394.6    440.0    340.3 2020  2 23  1  6 17.520  0.00   1
   105956  40.542566 -124.060303    20.141    14562.9     -851.3    -1286.6    535.6    365.8    395.3 2020 10 23 10 31 25.740  0.00   1
   105957  40.542594 -124.060303    20.141    14562.9     -848.1    -1286.7    534.4    365.5    393.9 2021  2 19 15  2  5.840  0.00   1
   105958  40.542562 -124.060409    20.134    14553.9     -851.7    -1292.9    540.2    365.9    400.6 2021  7 27 12 42 23.820  0.00   1
   105960  40.544067 -124.067090    19.549    13987.8     -684.5    -1878.1    416.1    487.2    386.9 2021  9  6  1 57 48.460  0.00   1
   105961  40.543599 -124.057658    19.863    14786.8     -736.5    -1564.2    598.2    374.4    619.2 2021 10 30 15 54 35.980  0.00   1
   106005  40.591406 -124.082267    19.244    12697.7     4572.2    -2183.4    454.6    509.0    642.1 2020  4 19 13  8 57.480  0.00   1
   106006  40.595072 -124.076351    19.014    13198.3     4979.3    -2413.5    427.4    327.4    339.8 2020  6  7 18 47 39.820  0.00   1
   106007  40.590731 -124.078931    19.648    12980.3     4497.2    -1779.5    553.3    422.6    558.0 2020  7 20 16 45 35.520  0.00   1
   106008  40.593018 -124.085189    19.396    12450.1     4751.1    -2031.0    406.2    458.4    443.8 2021 11 25 11 31 45.620  0.00   1
   106009  40.594755 -124.085148    19.090    12453.4     4944.1    -2337.4    521.4    418.1    420.0 2022  1 31  2 46 32.380  0.00   1
   106065  40.533757 -124.385409    25.649   -12977.5    -1829.5     4221.6    541.2    579.8    789.8 2020  2 11 17 54 25.540  0.00   1
   106069  40.502112 -124.449854    16.003   -18441.3    -5343.5    -5424.7    460.3    399.5   1004.8 2021  7 22 12 38 41.980  0.00   1
   106070  40.503316 -124.447087    16.338   -18206.6    -5209.8    -5089.2    436.2    412.3    738.6 2021  8 21  7 21 12.600  0.00   1
   106079  40.638367 -123.987939    25.691    20678.0     9787.0     4263.9    668.7    464.2    720.1 2020  2 13 23  7 46.880  0.00   1
   106080  40.642660 -123.971582    28.414    22062.0    10263.7     6986.5    885.0    682.4   1448.5 2020  2 27  1  9  9.980  0.00   1
   106081  40.641117 -123.991797    26.913    20351.1    10092.4     5486.0    759.8    461.9    728.6 2020  6 29  6 46  6.840  0.00   1
   106082  40.638761 -123.969368    23.926    22250.0     9830.8     2498.8    752.0    564.3    506.1 2021 11 14 16 50 17.560  0.00   1
   106083  40.638810 -123.987443    25.868    20720.0     9836.2     4440.9    667.2    463.5    688.5 2022  2 10  2 19 50.980  0.00   1
   106084  40.639136 -123.986825    25.730    20772.3     9872.4     4302.3    715.0    479.4    770.7 2022  6  3  6  4  3.860  0.00   1
   106096  40.582813 -124.205428    20.599     2268.7     3617.9     -828.6    561.3    416.6    861.9 2021 11  2  4 49 56.460  0.00   1
   106102  40.515633 -124.419051    19.778   -15829.6    -3842.0    -1649.5    400.7    454.9    431.1 2022  7  6 11 29  4.460  0.00   1
   106103  40.515369 -124.418270    19.913   -15763.5    -3871.4    -1514.3    393.5    453.6    575.4 2022  8 16  8  0  8.060  0.00   1
   106104  40.515723 -124.418376    19.722   -15772.4    -3832.1    -1705.3    447.2    566.4    835.0 2022  8 29 21 57 39.860  0.00   1
   106135  40.554024 -124.212972    17.326     1630.2      421.1    -4101.5    543.5    274.0    459.0 2021  9 13  0  4  6.120  0.00   1
   106440  40.559871 -124.052124    22.724    15253.7     1070.4     1297.1    630.2    476.4    823.2 2021  9  4  5 13 46.140  0.00   1
   106496  40.592973 -124.106258    19.613    10666.0     4746.2    -1813.8    405.5    282.8    464.7 2021  8 27  1 44  5.160  0.00   1
   106497  40.590564 -124.104297    19.953    10832.3     4478.7    -1474.4    393.9    285.4    516.5 2021 11 30  0 51 56.760  0.00   1
   106499  40.591374 -124.104834    19.798    10786.8     4568.6    -1629.5    459.5    463.7    628.0 2022  1  8 11 15 11.920  0.00   1
   106609  40.611222 -123.856746    29.895    31789.8     6772.7     8467.4    881.6    774.2    948.8 2020  2 20 17 26 49.040  0.00   1
   106610  40.608931 -123.849023    27.581    32444.2     6518.3     6154.2    910.7    607.0   1028.5 2020  7 17 16 58  8.720  0.00   1
   106612  40.606995 -123.833789    27.485    33734.6     6303.2     6057.6    984.1    845.3   1096.7 2021 11 24  2 11 55.300  0.00   1
   106613  40.609176 -123.845939    27.422    32705.3     6545.4     5995.0    997.1    653.1   1061.6 2022  5 21  1 58 58.180  0.00   1
   106614  40.512419 -124.414616    21.245   -15454.2    -4199.0     -182.2    469.9    452.7    468.0 2020  2 21 12  1 53.080  0.00   1
   106677  40.574837 -124.075635    19.409    13260.9     2732.3    -2017.8    404.8    339.2    456.2 2020  2 22  2  3 27.180  0.00   1
   106678  40.575403 -124.072103    19.816    13560.0     2795.1    -1611.1    467.6    321.6    370.0 2021  2 19 10 17 53.000  0.00   1
   106679  40.575098 -124.074447    19.657    13361.5     2761.2    -1770.6    377.8    354.5    482.3 2022  1 22 18 50  2.840  0.00   1
   106849  40.550765 -123.978996    21.233    21449.0       59.2     -194.7    519.4    480.5    433.0 2020  2 25 10 41 25.500  0.00   1
   106850  40.549556 -123.972681    21.468    21984.1      -75.0       41.0    499.6    379.0    521.5 2020  6 21 16  9 47.640  0.00   1
   106852  40.548665 -123.971745    21.469    22063.6     -174.0       42.1    528.4    486.9    599.6 2021  6 16 14  0 25.980  0.00   1
   106853  40.548926 -123.972306    21.435    22016.0     -145.0        8.0    515.1    510.6    581.5 2021  6 17 11 40 36.000  0.00   1
   106855  40.549809 -123.974618    21.388    21820.0      -47.0      -39.5    600.7    473.1    574.4 2022  9 27  4 34 50.860  0.00   1
   106908  40.622205 -124.301823    21.075    -5892.7     7992.2     -351.9    646.5    549.2    768.4 2021  4  2 11 45  2.260  0.00   1
   106909  40.622717 -124.291203    21.044    -4993.6     8049.2     -383.6   1349.9    464.3   2618.3 2021  4  7  1 55 18.100  0.00   1
   106910  40.620520 -124.305322    20.141    -6189.0     7805.2    -1286.5    840.1    434.2   1079.6 2021 10 17 14 20 53.460  0.00   1
   106916  40.622664 -124.291805    19.376    -5044.5     8043.3    -2051.3   1202.7    412.3    952.1 2022  7 14  7 38  2.880  0.00   1
   106917  40.506449 -124.332902    17.816    -8531.1    -4861.9    -3611.4    499.1    615.7    707.6 2020  2 29  6 25 39.720  0.00   1
   106919  40.507601 -124.336385    17.878    -8826.2    -4734.0    -3549.0    373.6    422.4    529.6 2020  6 25 12 39 13.840  0.00   1
   106920  40.507609 -124.336328    17.877    -8821.3    -4733.1    -3550.5    372.1    421.7    526.2 2020  6 26 13 51 55.760  0.00   1
   106921  40.507593 -124.336385    17.874    -8826.2    -4734.9    -3553.5    368.3    418.9    524.9 2020  6 27  9  8 18.860  0.00   1
   106924  40.500899 -124.328158    18.953    -8129.4    -5478.2    -2474.7    399.0    471.7    437.4 2020  7 15 15 49 31.760  0.00   1
   106925  40.507585 -124.336410    17.873    -8828.2    -4735.8    -3554.2    367.0    417.9    524.8 2020  7 15  2 55 13.780  0.00   1
   106926  40.499792 -124.324536    19.333    -7822.7    -5601.1    -2094.6    530.3    484.4    594.0 2020  7 15  5  0 39.940  0.00   1
   106927  40.507605 -124.336336    17.879    -8822.0    -4733.5    -3548.1    375.9    423.2    528.8 2020  7 15 19 40 35.320  0.00   1
   106930  40.507609 -124.336353    17.879    -8823.4    -4733.1    -3548.2    374.9    423.5    528.9 2020  7 16 16  0 18.620  0.00   1
   106931  40.499784 -124.324438    19.346    -7814.4    -5602.0    -2081.3    529.5    483.1    594.9 2020  7 16 12 26  9.680  0.00   1
   106933  40.507967 -124.337459    18.503    -8917.2    -4693.3    -2924.6    430.1    430.4    624.8 2020 11 20 17 12 56.060  0.00   1
   106934  40.507438 -124.335710    17.792    -8769.0    -4752.1    -3635.6    569.6    649.8    782.7 2021  5 12 18 32 23.080  0.00   1
   106937  40.508260 -124.335758    18.699    -8773.0    -4660.8    -2727.8    277.4    382.7    284.5 2021  7 11  5  6 12.560  0.00   1
   106939  40.508211 -124.335799    18.716    -8776.5    -4666.2    -2711.3    277.3    376.0    281.2 2021  7 11  7 17 55.760  0.00   1
   106940  40.508122 -124.335921    18.716    -8786.8    -4676.1    -2711.2    309.5    417.5    363.0 2021  7 11  4 14 40.000  0.00   1
   106941  40.508187 -124.335929    18.722    -8787.5    -4668.9    -2705.0    273.4    371.6    296.9 2021  7 11  3 36 34.760  0.00   1
   106942  40.508203 -124.335750    18.692    -8772.4    -4667.1    -2735.7    280.5    355.6    285.1 2021  7 11  2 14  1.880  0.00   1
   106943  40.508236 -124.335750    18.698    -8772.4    -4663.5    -2729.6    282.9    389.3    313.7 2021  7 11  7 49 35.560  0.00   1
   106944  40.508008 -124.335669    18.715    -8765.5    -4688.8    -2712.7    291.0    336.1    336.4 2021  7 12  6 52 59.100  0.00   1
   106945  40.508305 -124.335750    18.687    -8772.3    -4655.8    -2740.5    269.1    387.0    285.9 2021  7 12  7 38 34.800  0.00   1
   106947  40.508236 -124.335791    18.713    -8775.8    -4663.5    -2714.7    275.7    375.9    284.1 2021  7 12  6 52  5.820  0.00   1
   106948  40.508028 -124.335238    18.707    -8728.9    -4686.5    -2720.3    276.4    434.3    278.2 2021  7 12  6 57 12.740  0.00   1
   106949  40.508264 -124.335767    18.699    -8773.7    -4660.3    -2727.9    279.7    380.4    285.1 2021  7 12  6 51 15.180  0.00   1
   106950  40.508154 -124.335685    18.689    -8766.8    -4672.5    -2737.9    294.6    349.5    326.7 2021  7 12 22 18 34.740  0.00   1
   106951  40.508244 -124.335775    18.698    -8774.4    -4662.6    -2729.1    284.7    389.2    294.2 2021  7 12  8 58 54.960  0.00   1
   106952  40.508252 -124.335791    18.710    -8775.8    -4661.7    -2717.1    284.6    367.9    285.6 2021  7 12  8 46 32.680  0.00   1
   106953  40.508101 -124.335913    18.712    -8786.2    -4678.4    -2715.1    313.5    424.0    372.8 2021  7 12  6 48 36.980  0.00   1
   106954  40.508264 -124.335767    18.700    -8773.7    -4660.3    -2727.4    279.5    381.3    279.3 2021  7 12  6 58 19.680  0.00   1
   106959  40.508232 -124.335824    18.708    -8778.6    -4663.9    -2719.3    283.2    391.6    277.4 2021  7 12 15 18 57.120  0.00   1
   106960  40.508215 -124.335783    18.712    -8775.1    -4665.7    -2715.7    271.1    377.0    297.5 2021  7 12 12 15  8.320  0.00   1
   106961  40.508097 -124.335962    18.735    -8790.3    -4678.9    -2692.4    280.9    391.1    320.5 2021  7 12  7 42 57.140  0.00   1
   106962  40.508073 -124.335718    18.714    -8769.6    -4681.6    -2713.4    282.4    343.5    305.5 2021  7 12  8  3  8.480  0.00   1
   106964  40.508203 -124.335889    18.709    -8784.1    -4667.1    -2718.7    278.7    386.2    306.1 2021  7 12  5 33 43.540  0.00   1
   106965  40.508105 -124.335775    18.718    -8774.4    -4677.9    -2709.6    279.1    343.2    296.6 2021  7 12  8 56 41.260  0.00   1
   106967  40.508240 -124.335807    18.710    -8777.2    -4663.0    -2717.3    281.7    376.1    282.5 2021  7 13  3 34 41.120  0.00   1
   106968  40.508248 -124.335783    18.708    -8775.1    -4662.1    -2719.0    278.0    359.4    302.1 2021  7 13 11  0 10.880  0.00   1
   106970  40.507552 -124.334692    18.760    -8682.8    -4739.4    -2667.0    337.3    466.7    322.3 2021  7 15 17 56 38.860  0.00   1
   106971  40.507357 -124.334855    18.678    -8696.6    -4761.1    -2749.0    311.5    449.3    287.5 2021  7 24 15 17 23.680  0.00   1
   106974  40.508130 -124.335767    18.717    -8773.7    -4675.2    -2710.5    301.2    338.5    313.1 2021 12 20 23 45 33.300  0.00   1
   106975  40.504199 -124.327450    18.889    -8069.3    -5111.7    -2538.4    554.6    545.5    606.6 2021 12 20 21 54 42.040  0.00   1
   106977  40.509680 -124.333439    17.706    -8576.4    -4503.1    -3721.3    553.0    624.6    724.5 2021 12 21 12 29 57.320  0.00   1
   106978  40.503772 -124.331714    18.904    -8430.6    -5159.2    -2522.8    498.7    594.6    376.1 2021 12 22  7  9  8.260  0.00   1
   106979  40.505815 -124.329590    18.523    -8250.5    -4932.3    -2904.5    524.2    544.7    663.3 2021 12 22 17  4 29.540  0.00   1
   106983  40.503735 -124.326571    19.138    -7994.8    -5163.2    -2289.3    516.3    500.7    543.5 2021 12 23 19 43 35.140  0.00   1
   106984  40.507117 -124.327889    18.643    -8106.3    -4787.7    -2784.0    668.3    384.7    546.2 2021 12 23  6 28 39.440  0.00   1
   106986  40.508370 -124.335742    18.739    -8771.7    -4648.6    -2688.5    336.9    324.6    357.3 2021 12 25  0 41  6.140  0.00   1
   106988  40.506803 -124.331510    18.327    -8413.2    -4822.5    -3100.2    459.3    494.5    670.3 2021 12 31  7 30 11.740  0.00   1
   106989  40.507035 -124.335132    18.817    -8720.0    -4796.8    -2609.9    275.9    440.6    314.3 2022  1  2 19  6  3.500  0.00   1
   106990  40.507096 -124.327612    18.644    -8082.9    -4790.0    -2783.0    671.9    386.7    543.2 2022  1  2 18 43 27.640  0.00   1
   106991  40.507556 -124.329744    18.617    -8263.5    -4738.9    -2810.7    642.8    620.7    728.5 2022  1 29  0 56  4.940  0.00   1
   106992  40.507178 -124.332910    18.399    -8531.8    -4781.0    -3028.0    494.7    531.8    657.5 2022  2 20  7 55 33.920  0.00   1
   106993  40.508378 -124.329134    18.507    -8211.7    -4647.7    -2920.1    715.5    568.6    733.3 2022  4 11  8 48 35.180  0.00   1
   106995  40.508187 -124.335799    18.712    -8776.5    -4668.9    -2715.3    310.4    411.2    308.3 2022  5 14  5 11 24.580  0.00   1
   106996  40.508195 -124.335734    18.694    -8771.0    -4668.0    -2733.4    307.6    351.4    337.0 2022  5 21 19  6 31.100  0.00   1
   106997  40.507194 -124.326457    18.643    -7985.0    -4779.2    -2784.7    702.4    374.0    538.9 2022  7 18  4 14 31.760  0.00   1
   107286  40.596094 -124.015755    22.826    18329.2     5092.7     1398.8    479.5    464.2    522.8 2020  4 12 17 13 25.640  0.00   1
   107287  40.592293 -124.010856    22.999    18744.6     4670.7     1571.5    524.1    456.9    490.8 2020  4 18 11  7 43.200  0.00   1
   107288  40.593726 -124.011475    22.868    18692.0     4829.8     1440.9    552.5    398.2    483.0 2020 11 20  1 42 41.040  0.00   1
   107289  40.591866 -124.012174    23.053    18633.0     4623.3     1626.2    543.6    440.4    503.4 2020 11 20  1 23 58.260  0.00   1
   107290  40.591406 -124.011865    23.079    18659.2     4572.2     1651.3    613.6    505.1    507.2 2020 11 20  1 20 56.960  0.00   1
   107291  40.592611 -124.011149    23.084    18719.7     4706.0     1657.2    490.4    342.5    486.2 2020 11 20  7  8 23.000  0.00   1
   107292  40.595764 -124.013639    22.773    18508.4     5056.1     1345.4    392.7    362.3    433.4 2021 11 14 17  4  4.680  0.00   1
   107293  40.594568 -124.012516    22.895    18603.7     4923.3     1467.6    464.3    399.3    483.2 2021 12  5 10 31 19.440  0.00   1
   107297  40.591162 -124.014884    23.045    18403.6     4545.1     1617.8    610.8    524.0    568.8 2022  1 27  3  6  7.800  0.00   1
   107337  40.507117 -124.425854    23.765   -16407.1    -4787.7     2337.6    751.8    495.6    396.2 2020  3  7  9 53 50.140  0.00   1
   107338  40.495463 -124.447892    26.874   -18276.0    -6081.8     5447.1    782.5    718.2    990.8 2020  9 23 15 27 24.660  0.00   1
   107341  40.489307 -124.442318    25.709   -17804.4    -6765.5     4282.0    988.5    679.6    775.7 2022  5  3 13  8 48.100  0.00   1
   107359  40.529781 -124.381063    25.607   -12609.7    -2271.0     4179.4    857.5    581.2    887.8 2021 12 20 22 54  5.520  0.00   1
   107361  40.526343 -124.379061    23.901   -12440.4    -2652.8     2473.9    808.8    361.5    721.4 2021 12 20 21 57 14.080  0.00   1
   107370  40.470186 -124.534139    25.478   -25589.2    -8888.7     4050.8    941.9   1025.2   1703.3 2021 11 16  4 40 39.460  0.00   1
   107371  40.474455 -124.528353    23.508   -25098.0    -8414.7     2081.2    543.6    663.3    684.3 2022  4  3 19 28  4.080  0.00   1
   107574  40.473568 -124.427572    19.820   -16556.7    -8513.2    -1607.6    540.4    543.8    674.0 2020  3 11 22 47 36.760  0.00   1
   107579  40.473865 -124.427612    19.717   -16560.1    -8480.2    -1710.7    573.0    567.2    659.2 2021  9 21 12 24 42.300  0.00   1
   107580  40.475289 -124.429167    19.474   -16691.7    -8322.1    -1953.1    490.2    502.5    609.5 2021 10 16  2 20 43.560  0.00   1
   107582  40.469690 -124.445874    19.603   -18108.4    -8943.8    -1824.7    587.6    721.7    929.0 2022  2  5  7 43 32.760  0.00   1
   107583  40.471635 -124.433879    18.656   -17091.5    -8727.8    -2770.9    449.3    581.0    674.1 2022  2 19 19 28 29.060  0.00   1
   107584  40.466093 -124.432463    19.705   -16972.2    -9343.2    -1722.3    586.8    770.9    599.2 2022  2 21 15 20 50.320  0.00   1
   107585  40.465751 -124.432275    19.845   -16956.3    -9381.2    -1581.8    550.2    728.9    586.2 2022  3  8 13 52  8.680  0.00   1
   107586  40.473914 -124.425065    19.954   -16344.2    -8474.8    -1473.0    518.4    520.3    564.7 2022  3 17  5 45 51.800  0.00   1
   107609  40.573751 -123.955387    21.495    23444.8     2611.7       67.4    541.1    559.9    604.3 2021 12 25 22 49 23.520  0.00   1
   107620  40.502694 -124.505387    26.736   -23146.8    -5278.9     5308.4    566.9    707.8    911.1 2020  3 20 11 54 38.000  0.00   1
   107621  40.502633 -124.504907    26.925   -23106.1    -5285.7     5497.9    539.5    693.7    820.4 2020  3 20 22 28 21.200  0.00   1
   107622  40.501477 -124.504525    27.060   -23073.9    -5414.0     5632.5    363.7    614.8    764.1 2020  3 21 20 18  7.640  0.00   1
   107623  40.501550 -124.504045    27.143   -23033.2    -5405.9     5715.7    375.3    633.3    755.9 2020  3 21 19  0  1.520  0.00   1
   107626  40.502047 -124.508211    26.762   -23386.2    -5350.7     5335.0    682.0    703.2    976.1 2020  4 18 11  0 19.100  0.00   1
   107627  40.500610 -124.502051    28.169   -22864.4    -5510.2     6742.2    649.6    721.1    954.8 2020  4 29 15  5 11.240  0.00   1
   107635  40.502450 -124.503605    27.109   -22995.8    -5306.0     5681.4    348.2    612.5    737.9 2021  6 23  5 14 47.320  0.00   1
   107636  40.501664 -124.505070    27.094   -23120.1    -5393.2     5667.0    515.7    708.7    744.7 2021  6 27 15 30 22.300  0.00   1
   107638  40.502059 -124.504915    26.812   -23106.9    -5349.4     5384.9    550.5    646.1    921.7 2021  8 29 17 32  5.980  0.00   1
   107639  40.504875 -124.503467    26.810   -22983.7    -5036.7     5382.3    496.9    669.5    829.0 2021  9  1  5  5 36.660  0.00   1
   107641  40.501746 -124.505054    27.092   -23118.7    -5384.2     5664.8    524.5    717.4    748.6 2021 10  7 19  8 24.060  0.00   1
   107644  40.502295 -124.501245    27.474   -22795.9    -5323.2     6046.5    480.8    599.7    782.0 2021 10 30 23 40 23.100  0.00   1
   107645  40.502055 -124.508195    26.752   -23384.8    -5349.8     5324.5    690.0    705.5    976.0 2021 11 20  8 44 57.940  0.00   1
   107648  40.501567 -124.505111    27.085   -23123.5    -5404.1     5657.7    501.5    695.2    744.8 2021 12 18  8 55  3.900  0.00   1
   107651  40.501656 -124.502808    26.800   -22928.4    -5394.1     5373.0    579.3    677.0    761.9 2022  1 12 11 34 59.600  0.00   1
   107654  40.501912 -124.502311    27.717   -22886.3    -5365.7     6289.7    480.6    646.4    706.5 2022  4 13 23 57 43.640  0.00   1
   107655  40.498429 -124.496110    26.749   -22361.4    -5752.4     5321.9    857.2    570.3   1201.6 2022  7 29 16 38  2.820  0.00   1
   107656  40.503743 -124.504370    27.036   -23060.4    -5162.3     5608.7    568.1    718.2    898.7 2022  8 10  2 25 35.080  0.00   1
   107657  40.502096 -124.508179    26.749   -23383.4    -5345.3     5321.8    694.8    712.2    980.2 2022  8 23  6 57 35.860  0.00   1
   107661  40.502743 -124.505379    26.719   -23146.1    -5273.5     5291.4    564.4    700.9    914.4 2022 10 16 17  6 16.580  0.00   1
   107662  40.502576 -124.506022    26.756   -23200.6    -5292.0     5329.1    442.6    657.5    869.2 2022 10 16 21 31  2.740  0.00   1
   107663  40.502527 -124.506006    26.765   -23199.2    -5297.4     5338.2    442.4    660.5    872.7 2022 10 16 17  0 17.060  0.00   1
   107664  40.525834 -124.393180    23.315   -13636.7    -2709.3     1888.2    540.9    430.5    604.8 2020  3 13 19 20 41.280  0.00   1
   107680  40.562272 -124.010913    23.089    18743.9     1337.0     1661.6    920.9    570.3    613.9 2020  4 27  3 46 18.440  0.00   1
   107683  40.561995 -124.010181    22.607    18806.0     1306.3     1179.8    409.3    325.7    398.1 2020 11 11 11 22 54.400  0.00   1
   107687  40.561609 -124.008683    22.777    18932.8     1263.4     1349.7    566.4    502.6    449.5 2021 12 25 23  5 26.280  0.00   1
   107808  40.545776 -124.198397    27.732     2864.9     -494.8     6305.2    770.6    510.4    782.0 2020  3 18 22 58 40.420  0.00   1
   107818  40.469617 -123.823307    23.468    34657.3    -8952.0     2041.1    778.8    598.4    541.2 2021  1 21 21  8 56.860  0.00   1
   107819  40.471073 -123.821094    23.284    34844.5    -8790.2     1856.5    765.1    756.1    599.0 2021  1 24 19 45 59.820  0.00   1
   107820  40.471757 -123.822013    23.365    34766.4    -8714.3     1937.8    815.6    509.3    440.2 2022  1 24 23 34 18.900  0.00   1
   107822  40.464905 -123.820801    22.943    34871.0    -9475.2     1515.9    650.9    850.1    658.5 2022  9 20 16  0 37.520  0.00   1
   107823  40.470426 -123.823853    23.477    34610.9    -8862.0     2050.1    789.4    656.6    506.0 2022 11 20 17  4 54.300  0.00   1
   107825  40.516935 -124.416512    19.829   -15614.4    -3697.4    -1598.7    289.3    362.8    564.4 2020  3 18 23 32 29.300  0.00   1
   107844  40.619999 -124.312166    19.403    -6768.5     7747.3    -2024.7    772.6    482.9   1624.0 2020  3 18  4 40 58.500  0.00   1
   107847  40.619926 -124.307088    21.233    -6338.5     7739.2     -194.0    756.3    482.7   1380.2 2022  1 23 16 30 25.180  0.00   1
   107849  40.619958 -124.314209    19.121    -6941.4     7742.8    -2306.3    789.9    596.3   3114.0 2022 10 21 10 46 28.380  0.00   1
   107887  40.579598 -124.429753    21.998   -16728.4     3261.0      571.2    521.5    477.4    818.6 2020  7 13 13  8 40.060  0.00   1
   107888  40.578044 -124.429671    22.763   -16721.7     3088.4     1335.7    782.0    685.8   1073.0 2020  8 15  3 41 44.920  0.00   1
   107890  40.578825 -124.429932    22.874   -16743.7     3175.1     1446.3    857.9    668.8   1229.4 2021  8  9 17  8 53.000  0.00   1
   107891  40.583919 -124.424723    23.470   -16302.0     3740.8     2042.9    985.1    701.1    803.9 2021  8 11  0 58 47.400  0.00   1
   107895  40.578337 -124.427604    22.435   -16546.6     3120.9     1008.0    576.9    418.1    737.5 2022  9  4 19 13 25.340  0.00   1
   107928  40.578426 -124.425798    21.778   -16393.6     3130.8      350.5    920.6    712.1    783.1 2020  7 22  0 55 19.100  0.00   1
   107930  40.612516 -124.443538    21.380   -17891.5     6916.4      -47.3    460.3    425.3    703.9 2021 12 13  1 46 42.200  0.00   1
   107964  40.531193 -124.400798    17.151   -14281.4    -2114.2    -4276.3    386.6    527.1    796.4 2021 11 14  0  8  4.400  0.00   1
   107965  40.531856 -124.400228    17.085   -14233.1    -2040.5    -4342.4    342.6    446.9    849.1 2021 12 21 22 13 12.300  0.00   1
   107971  40.533044 -124.402425    16.338   -14419.1    -1908.6    -5089.3    313.5    287.7    646.8 2022 10  9 19  5  2.280  0.00   1
   107978  40.531327 -124.423438    26.658   -16199.4    -2099.3     5231.0    424.6    522.1    706.3 2021  4 15  8 56 41.520  0.00   1
   107980  40.523848 -124.425448    27.607   -16370.6    -2929.8     6179.3    609.5    641.5    705.3 2021  8  4 18 58 46.060  0.00   1
   107981  40.520943 -124.421265    26.806   -16016.5    -3252.4     5378.6    711.9    617.5    971.3 2021  8 21 16 23 33.700  0.00   1
   107983  40.526208 -124.421029    26.967   -15995.9    -2667.7     5540.1    794.8    614.8    809.4 2021 11  3  7 32 49.840  0.00   1
   107984  40.518538 -124.425814    27.189   -16402.3    -3519.4     5761.5    659.2    622.3    942.5 2021 12  3 10 42 13.240  0.00   1
   107988  40.526900 -124.420540    25.779   -15954.5    -2590.9     4351.5    685.6    574.8    918.3 2022  2 13 11 20 53.200  0.00   1
   107989  40.528284 -124.416333    26.627   -15597.9    -2437.3     5199.4    776.5    557.1    799.9 2022  4 26 22 35 44.360  0.00   1
   107990  40.525354 -124.426717    26.975   -16478.0    -2762.6     5547.7    520.2    576.5    736.0 2022  8 18  8 41 53.440  0.00   1
   107991  40.529622 -124.426676    26.316   -16474.0    -2288.6     4888.7    580.6    685.5    699.1 2022 11  8  8 40 30.120  0.00   1
   107992  40.525045 -123.978662    20.624    21481.4    -2796.9     -803.0    542.5    472.2    406.0 2020  3 19 15 51  1.740  0.00   1
   107998  40.523930 -123.976896    20.737    21631.2    -2920.7     -690.0    362.6    461.2    442.3 2022  1 22 10 34 20.100  0.00   1
   107999  40.528577 -123.978133    20.694    21525.6    -2404.7     -733.2    393.4    524.1    443.3 2022  2 15  1 12 31.400  0.00   1
   108057  40.455164 -124.447640    22.695   -18260.0   -10556.9     1267.9    813.3    979.4    967.6 2021 12  5 19 24 48.900  0.00   1
   108061  40.463753 -124.439486    22.698   -17567.7    -9603.1     1270.6    865.8    793.8    831.9 2022  9 23 15 56 33.080  0.00   1
   108062  40.476815 -124.417855    21.423   -15732.8    -8152.6       -4.7   1027.1    658.5    833.9 2022  9 28 23  9 12.340  0.00   1
   108063  40.575464 -124.347078    28.069    -9727.3     2801.9     6641.8    623.1    546.7    917.4 2020  3 20  8 49 18.520  0.00   1
   108064  40.582670 -124.349040    25.409    -9892.9     3602.1     3981.4    595.5    544.1    911.3 2021 10 17  9 59  8.260  0.00   1
   108067  40.538664 -124.404704    28.550   -14611.5    -1284.6     7123.0    716.6    599.5    817.7 2021 11  3 11  8 47.100  0.00   1
   108068  40.533997 -124.406104    28.555   -14730.6    -1802.9     7128.1    651.7    665.6    760.7 2021 11  3  4 10 39.340  0.00   1
   108070  40.537244 -124.405216    28.599   -14655.1    -1442.3     7172.2    735.6    583.1    818.5 2021 12 20 21 58 50.200  0.00   1
   108071  40.537834 -124.402775    29.178   -14448.2    -1376.8     7750.6    636.9    594.2    737.7 2022  1  6 19 21 44.640  0.00   1
   108073  40.615666 -123.951921    22.232    23731.0     7266.1      805.1    703.7    536.1    732.3 2020  9 26  5 11 46.240  0.00   1
   108076  40.614758 -123.945964    21.366    24235.5     7165.4      -61.4   1085.1    893.1   1367.1 2021 10 28  3 17 37.200  0.00   1
   108082  40.614718 -123.946102    21.415    24223.8     7160.8      -12.6   1084.3    893.4   1355.9 2022  4 23 20  0 10.440  0.00   1
   108083  40.620898 -123.946769    21.173    24166.2     7847.2     -254.3    714.2    509.7   1273.1 2022  6 17 14 38  4.080  0.00   1
   108103  40.550122 -124.241813    23.692     -812.7      -12.2     2265.2    484.0    506.8    374.7 2020  3 24  7  2 14.780  0.00   1
   108105  40.552478 -124.256999    21.406    -2099.0      249.4      -20.9    553.4    391.7    615.4 2020 11 21  0 51 45.000  0.00   1
   108108  40.547119 -124.245809    23.432    -1151.2     -345.7     2004.8    637.0    399.8    648.7 2022 11 11 23  8  9.040  0.00   1
   108253  40.741915 -123.836841    19.784    33442.7    21285.5    -1643.4    777.3    619.2    992.3 2020  3 28 12 19 52.180  0.00   1
   108254  40.744853 -123.841349    19.843    33060.6    21611.7    -1584.6    793.4    642.4   1261.4 2020  9 14 17 47 56.900  0.00   1
   108256  40.480859 -124.453166    18.919   -18724.9    -7703.5    -2508.6    470.0    568.3    727.6 2020  3 29  2 10 37.820  0.00   1
   108258  40.473710 -124.456681    19.734   -19023.8    -8497.4    -1693.3    578.0    614.5    690.4 2021 10  3  5 55  4.840  0.00   1
   108259  40.474699 -124.456291    19.571   -18990.6    -8387.6    -1855.8    562.4    535.2    727.5 2021 11 19  6 49 32.480  0.00   1
   108344  40.526607 -124.400667    16.503   -14270.9    -2623.4    -4924.7    835.8    486.9    801.6 2022  6  5 23 40 24.620  0.00   1
   108357  40.571163 -124.098153    22.371    11354.2     2324.3      944.1    485.6    460.3    442.5 2021  2 21 19 35 38.660  0.00   1
   108358  40.571903 -124.092513    22.854    11831.8     2406.5     1426.8    580.9    491.8    453.2 2021 10 31 11 18 33.720  0.00   1
   108359  40.567936 -124.097778    22.504    11386.2     1966.0     1076.7    412.7    399.1    364.9 2022  2  6  9 49 13.780  0.00   1
   108413  40.469474 -124.505534    23.689   -23164.9    -8967.8     2261.5    680.4    991.6   1016.8 2020  4 13  9 58 32.960  0.00   1
   108414  40.476188 -124.497982    24.065   -22523.7    -8222.2     2638.1    906.2   1067.1   2224.6 2020  8 28 23 50 45.120  0.00   1
   108415  40.472481 -124.497323    27.640   -22468.5    -8633.9     6213.0    790.1    770.5    917.5 2020  9 24 22 17 36.960  0.00   1
   108416  40.468396 -124.503735    25.066   -23012.7    -9087.5     3638.7    519.0    790.7   1269.6 2021  2  3  1 21 28.060  0.00   1
   108422  40.471102 -124.508114    23.982   -23383.3    -8787.0     2554.5    742.1    700.8   2025.2 2021 11 29 21 27 26.620  0.00   1
   108424  40.463293 -124.504354    26.209   -23065.9    -9654.1     4782.1    475.7    784.1    913.7 2022  2 13  8 54 23.040  0.00   1
   108430  40.468933 -124.505094    24.488   -23127.8    -9027.9     3060.4    436.1    659.6   1347.0 2022 11 14 21 27 40.840  0.00   1
   108460  40.610734 -124.087850    15.291    12223.2     6718.5    -6136.3    478.5    444.7   1861.3 2020  4 19 16  8 58.720  0.00   1
   108464  40.611584 -124.093376    18.455    11755.3     6812.9    -2972.0    430.8    437.8    322.8 2022  1 22 11 10 16.600  0.00   1
   108465  40.612858 -124.096647    17.933    11478.2     6954.3    -3494.4    403.1    530.0    380.6 2022  1 29  6 14 29.780  0.00   1
   108466  40.583101 -124.294466    21.648    -5271.4     3650.0      220.8    827.4    581.7   1155.4 2020  4 19 16 21  7.220  0.00   1
   108475  40.494336 -124.431071    26.376   -16850.7    -6207.0     4948.9    495.4    633.1    738.4 2020  8 21 16 41  2.020  0.00   1
   108479  40.507202 -124.434961    22.254   -17178.7    -4778.3      826.3    772.6    632.2    795.5 2021  9 26  7 21 14.820  0.00   1
   108490  40.639779 -124.002840    23.548    19416.5     9943.7     2120.8    848.4    661.4    377.9 2020  4 19  6 45 57.780  0.00   1
   108491  40.516333 -124.341683    18.173    -9274.5    -3764.3    -3254.4    503.4    646.6    594.4 2020  4 21 11 21 54.140  0.00   1
   108492  40.509639 -124.335596    18.942    -8759.2    -4507.6    -2485.2    408.4    374.2    343.8 2020  6 19  5 30 29.960  0.00   1
   108493  40.510173 -124.331958    19.034    -8450.9    -4448.4    -2393.6    421.0    499.7    373.6 2021  3 12  1 30 38.560  0.00   1
   108494  40.510331 -124.334440    19.143    -8661.2    -4430.8    -2283.9    386.9    374.2    483.1 2021  6 14 22 35  4.460  0.00   1
   108495  40.510840 -124.325692    19.550    -7919.9    -4374.3    -1877.3    629.1    656.4    849.2 2021  6 14 21 36  2.260  0.00   1
   108496  40.506453 -124.330632    19.547    -8338.7    -4861.4    -1880.5    720.7    462.1   1008.5 2021  6 14 21 44 45.960  0.00   1
   108497  40.510311 -124.336100    19.076    -8801.9    -4433.0    -2351.2    379.1    369.7    491.1 2021  6 15  9 44 20.640  0.00   1
   108498  40.511328 -124.334033    18.913    -8626.7    -4320.1    -2513.9    319.7    559.5    495.6 2021  6 15  8 53  6.160  0.00   1
   108499  40.511064 -124.336019    18.659    -8794.9    -4349.5    -2768.4    428.6    535.4    415.1 2021  6 15  9 30  2.180  0.00   1
   108500  40.512166 -124.337191    18.714    -8894.1    -4227.0    -2713.5    303.2    492.5    411.8 2021  6 15  9 15  5.520  0.00   1
   108501  40.510364 -124.332690    19.127    -8512.9    -4427.2    -2299.8    358.1    503.3    420.9 2021 12 11  4 20 38.740  0.00   1
   108566  40.640955 -124.054028    24.116    15083.4    10074.3     2688.9   2034.1    782.2   2095.9 2020  5  5 15 41 19.740  0.00   1
   108569  40.508199 -124.487948    22.285   -21668.2    -4667.6      857.4    659.7    643.2   1156.1 2020  5  6  2 15 26.660  0.00   1
   108570  40.509375 -124.488387    24.411   -21705.2    -4537.0     2984.1    554.0    556.3   1253.9 2021  7 27  7 34 24.040  0.00   1
   108571  40.607735 -124.086662    17.570    12324.1     6385.5    -3857.6    380.0    271.0    306.9 2020  5  9 23 48 21.420  0.00   1
   108578  40.490169 -124.504167    16.287   -23045.5    -6669.7    -5139.8    690.3   1028.7   1641.6 2022  3 19 17 38 45.720  0.00   1
   108600  40.553373 -124.256006    24.748    -2014.9      348.8     3320.8    660.3    423.0   1039.4 2020  8  8  3  7 36.200  0.00   1
   108601  40.543937 -124.253800    26.067    -1828.2     -699.0     4639.8    644.5    524.6    763.2 2021  7 18  8 37 44.140  0.00   1
   108604  40.547001 -124.245044    22.873    -1086.4     -358.8     1445.3   2700.1    567.8   1510.3 2022  6 14  4 29 40.760  0.00   1
   108605  40.551697 -124.224227    21.776      676.9      162.7      348.6    745.9    406.0    716.0 2022  6 29  2 18 33.580  0.00   1
   108609  40.533081 -124.346305    18.236    -9664.9    -1904.5    -3190.8    460.9    374.4    663.6 2020  5 21  5 49 36.720  0.00   1
   108610  40.533085 -124.346305    18.233    -9664.9    -1904.1    -3194.2    460.6    375.5    661.5 2020  5 21  6  0 18.060  0.00   1
   108611  40.542464 -124.342244    17.288    -9320.2     -862.6    -4139.0    504.3    295.5    448.9 2020  5 21  5 49 32.040  0.00   1
   108616  40.527413 -124.404289    19.120   -14577.6    -2533.9    -2307.4    454.5    359.4    522.0 2020  5 27 17 28 46.460  0.00   1
   108617  40.528271 -124.400529    17.866   -14259.0    -2438.6    -3561.0    367.7    376.3    525.9 2021 12 21  9 14 12.320  0.00   1
   108618  40.522689 -124.412223    18.346   -15250.3    -3058.5    -3081.4    500.9    456.4    784.7 2020  5 29  3 10 10.980  0.00   1
   108624  40.531360 -124.337581    20.247    -8926.0    -2095.7    -1180.4    542.3    779.2    748.0 2020  6  1 23 58 17.820  0.00   1
   108625  40.519112 -124.330526    21.298    -8329.0    -3455.7     -128.8    405.8    359.7    651.8 2020  6 24  4 56 53.760  0.00   1
   108626  40.519100 -124.330493    21.308    -8326.2    -3457.1     -118.9    405.4    360.0    652.0 2020  6 25 13  0 35.620  0.00   1
   108655  40.578870 -124.190959    19.153     3494.1     3180.1    -2274.6    631.8    292.5    513.2 2021 10 12  3 27 25.740  0.00   1
   108724  40.623730 -123.928963    21.651    25673.1     8161.7      223.7    560.8    432.8    838.4 2020  6 14 11 45 45.620  0.00   1
   108732  40.585307 -123.912166    18.830    27102.8     3894.9    -2597.5    897.5   1226.8   1191.6 2022 10 13 19 35 55.660  0.00   1
   108757  40.544120 -124.055721    19.936    14950.8     -678.7    -1491.2    390.7    434.2    336.5 2020  6 14 14 58 40.620  0.00   1
   108758  40.540755 -124.055257    19.880    14990.5    -1052.3    -1547.4    635.6    464.8    425.6 2021  3  4 22 22 58.560  0.00   1
   108759  40.536247 -124.038493    20.371    16411.1    -1553.0    -1056.7    538.6    425.0    537.9 2022  2 22 19 27 13.320  0.00   1
   108760  40.537671 -124.044507    19.962    15901.5    -1394.8    -1465.1    661.8    421.2    476.4 2022  3 14  4  0 41.420  0.00   1
   108761  40.537447 -124.045850    19.935    15787.8    -1419.7    -1492.3    517.6    394.8    492.7 2022  4  7 13 29 19.080  0.00   1
   108768  40.612638 -124.089290    18.255    12101.1     6929.9    -3172.6    604.1    323.1    472.1 2020 12 14 11 30 35.940  0.00   1
   108775  40.488920 -123.867179    20.760    30934.5    -6808.4     -667.0   1360.1   1294.9    662.6 2021  3 12  6 12 15.860  0.00   1
   108778  40.521423 -123.909277    21.129    27360.4    -3199.1     -297.8   1150.7   1374.9    555.8 2021 10  5  6 18 43.140  0.00   1
   108780  40.521692 -123.909546    21.115    27337.6    -3169.2     -312.6   1148.7   1371.4    557.0 2021 10  6 16 45 29.740  0.00   1
   108782  40.521464 -123.909342    21.115    27354.9    -3194.5     -311.8   1149.7   1374.7    551.5 2021 10  6 17 13 28.040  0.00   1
   108784  40.528564 -123.913428    20.940    27007.4    -2406.1     -486.9   1276.0   1275.5    747.6 2021 10  6 18 40 27.620  0.00   1
   108785  40.521216 -123.908984    21.120    27385.3    -3222.1     -307.1   1152.4   1377.6    546.8 2021 10  6 19 49 19.280  0.00   1
   108789  40.522359 -123.910140    21.123    27287.1    -3095.1     -304.7   1146.1   1360.6    578.8 2021 10  6 11 42 23.740  0.00   1
   108794  40.521517 -123.909172    21.113    27369.4    -3188.7     -314.4   1152.0   1373.7    551.9 2021 10  9 19 44 44.220  0.00   1
   108797  40.508687 -123.898421    21.429    28282.8    -4613.3        1.4    775.7    964.5    478.8 2021 10 10 14 55 46.020  0.00   1
   108839  40.500456 -124.432560    23.576   -16976.1    -5527.4     2148.3    589.5    562.3    687.5 2021  4  7 10 38 50.740  0.00   1
   108840  40.499052 -124.436857    23.600   -17340.4    -5683.3     2172.7    529.4    496.0    678.7 2021 11  7  2 42 54.760  0.00   1
   108860  40.629744 -123.928076    21.460    25747.1     8829.5       32.5    749.5    549.2    596.8 2020  7  8 15  4 51.000  0.00   1
   108864  40.610152 -123.882039    23.587    29648.6     6653.9     2160.0    938.7    833.7   1996.6 2020  7 12  6 10  9.180  0.00   1
   108865  40.609306 -123.883521    23.716    29523.4     6559.9     2288.8   1049.2    860.0   1839.2 2021  7 25  9 12 32.240  0.00   1
   108866  40.608577 -123.888200    24.590    29127.3     6479.0     3163.0   1329.2   1392.4   3452.3 2022  9 20 20 35 29.800  0.00   1
   108897  40.596639 -124.114697    16.555     9951.2     5153.3    -4872.7    549.3    636.4    784.6 2020  7 21  9 58 36.880  0.00   1
   108901  40.606226 -124.108854    17.782    10445.2     6217.8    -3645.2    495.6    362.2    317.9 2020  7 28 10 54 20.520  0.00   1
   108918  40.645207 -124.019800    18.667    17980.2    10546.5    -2760.5    604.6    323.1    548.3 2020  8 14  7 59 14.720  0.00   1
   108919  40.645528 -124.012842    18.845    18569.1    10582.2    -2582.2    631.8    319.9    555.6 2020  8 14  7 29 17.360  0.00   1
   108921  40.645516 -124.018937    18.388    18053.1    10580.9    -3039.1    577.6    383.2    771.4 2021 11 16 18 50  1.700  0.00   1
   108922  40.589250 -124.102059    20.493    11021.9     4332.7     -934.2    734.1    624.0    880.0 2020  8 17 22 44  9.820  0.00   1
   108923  40.589181 -124.102108    20.460    11017.8     4325.1     -967.4    722.8    628.6    873.8 2020  8 17 22 37  2.940  0.00   1
   108925  40.605501 -124.110286    20.283    10324.0     6137.4    -1144.5    393.0    323.8    369.4 2021  6 29  5 32 28.020  0.00   1
   108926  40.600281 -124.118758    20.714     9607.0     5557.7     -713.1    427.8    278.5    515.7 2021  9  2  7  3 32.740  0.00   1
   108956  40.531860 -124.247477    18.812    -1292.7    -2040.1    -2615.1    513.4    393.9    665.1 2020  8 19  9 20 36.680  0.00   1
   108957  40.531470 -124.247591    18.749    -1302.3    -2083.5    -2677.8    525.4    436.4    508.2 2021  7 30  7  1 16.480  0.00   1
   108959  40.534591 -124.249105    18.409    -1430.5    -1736.9    -3018.2    508.6    560.4    566.7 2022  9 20 20 46 19.020  0.00   1
   108974  40.605762 -124.215592    24.153     1407.7     6166.3     2726.1    642.3    369.5    987.9 2021  6  2  8  1  4.060  0.00   1
   108976  40.605029 -124.237215    23.486     -423.1     6085.0     2059.0    663.1    420.1    485.2 2021  8  2  1 42 32.520  0.00   1
   108977  40.610445 -124.221248    25.378      928.8     6686.4     3950.5    453.1    642.3    553.2 2021  9 27 13 54 30.160  0.00   1
   108978  40.610242 -124.221200    25.309      932.9     6663.8     3882.2    448.5    646.5    553.5 2021 11 19  5 14  6.980  0.00   1
   108988  40.602775 -124.049788    23.826    15446.6     5834.7     2399.1    468.0    504.9    612.7 2021  9 19  2 30 15.040  0.00   1
   108995  40.563037 -123.934049    22.089    25253.9     1422.0      662.1    567.9    442.1    835.1 2020  9  7  3  4 36.280  0.00   1
   108998  40.563916 -123.932739    21.857    25364.7     1519.6      429.5    589.8    513.3    619.1 2020 11 23  2 17 29.880  0.00   1
   108999  40.562150 -123.933293    21.959    25318.1     1323.5      531.3    602.7    509.0    601.8 2020 11 23  2 27  1.080  0.00   1
   109001  40.564644 -123.934473    21.976    25217.7     1600.4      548.9    531.8    417.1    601.1 2021  4 25  2 44 15.560  0.00   1
   109003  40.565031 -123.936735    22.086    25026.0     1643.4      659.2    511.0    455.5    846.0 2021  9 25  7 21 32.760  0.00   1
   109005  40.562248 -123.932446    22.048    25389.8     1334.3      621.2    476.0    487.0    539.8 2022  1 19 16 50 43.900  0.00   1
   109006  40.561235 -123.930452    22.205    25558.9     1221.8      777.7    434.8    404.8    537.0 2022  1 23  4 17 44.580  0.00   1
   109007  40.561532 -123.929411    21.996    25647.0     1254.8      569.0    509.9    498.3    552.5 2022  1 23 13 55 42.740  0.00   1
   109008  40.564909 -123.936637    22.026    25034.3     1629.8      598.5    452.6    447.0    587.3 2022  5 17 14 52 29.660  0.00   1
   109027  40.520723 -123.899048    19.480    28227.2    -3276.8    -1946.8    932.1   1297.8   2023.4 2020  9 12  9 10  3.360  0.00   1
   109029  40.530245 -123.902433    23.025    27938.4    -2219.5     1598.2    540.0    608.5    602.5 2021 10 21 16 23 18.500  0.00   1
   109031  40.526636 -123.912052    20.700    27124.3    -2620.2     -727.1    419.2    542.9    582.7 2022  9 21 22  2  0.300  0.00   1
   109034  40.608643 -123.933154    24.423    25321.1     6486.2     2995.4    674.2    865.2    809.0 2021 10 16  0 56 17.260  0.00   1
   109035  40.606559 -123.918180    25.089    26589.3     6254.9     3661.8    660.8    582.2    751.9 2022  4  7  7 43 59.660  0.00   1
   109037  40.599548 -124.119124    18.642     9576.1     5476.4    -2785.1    372.8    402.1    484.1 2021  8 28 10 22 15.280  0.00   1
   109040  40.535783 -124.051603    19.925    15300.6    -1604.5    -1501.8    565.2    324.5    439.5 2021  5  4 20 49 28.940  0.00   1
   109042  40.534745 -124.046061    19.794    15770.2    -1719.7    -1633.3    494.8    337.3    457.0 2021 12 10 18 19  3.380  0.00   1
   109047  40.659526 -123.880509    26.609    29767.2    12136.6     5181.8    669.8    708.7   1212.1 2022  7  7 10 16 42.560  0.00   1
   109051  40.586015 -124.066073    21.531    14069.6     3973.5      104.0    401.0    368.0    513.5 2022 10 22  1 32  8.620  0.00   1
   109052  40.615686 -124.072526    18.569    13520.1     7268.4    -2858.4    575.4    264.4    416.1 2020  9 18  1 49 50.060  0.00   1
   109054  40.625635 -124.104468    17.458    10815.0     8373.1    -3969.1   1631.0    745.4    575.6 2021  8  3  7 25 29.060  0.00   1
   109057  40.621537 -124.074194    17.598    13378.3     7918.1    -3829.0    903.9    700.6    854.9 2021 11  1 20 23 11.500  0.00   1
   109058  40.620553 -124.084318    17.894    12521.3     7808.8    -3533.3    691.2    428.6    585.0 2022  7  2 18 54 53.920  0.00   1
   109059  40.617948 -124.078451    17.870    13018.3     7519.6    -3557.2    606.3    374.3    721.3 2022  7  5 10 26 16.440  0.00   1
   109060  40.609290 -124.073071    18.536    13474.6     6558.1    -2891.3    638.1    302.9    582.6 2022  9 22  5 20 24.860  0.00   1
   109079  40.591720 -124.320312    22.477    -7459.7     4607.0     1049.4    647.0    426.4    556.5 2020  9 24  1 37  2.540  0.00   1
   109081  40.590967 -124.322469    21.332    -7642.3     4523.4      -94.9    651.8    521.1   1370.5 2021  8  3  7 28  1.280  0.00   1
   109082  40.591683 -124.318669    21.770    -7320.5     4602.9      342.5    751.0    427.1    724.0 2021  8  3  7 28 11.760  0.00   1
   109083  40.588672 -124.324325    20.347    -7799.6     4268.6    -1080.2    591.3    440.8   1034.5 2022  3 18 23 22 52.560  0.00   1
   109086  40.640487 -124.104329    16.888    10825.5    10022.4    -4538.2    689.8    736.4   1046.8 2020  9 29 20 57 21.240  0.00   1
   109088  40.588826 -124.083162    25.432    12622.1     4285.7     4004.6   1663.7    502.0   1552.1 2021  8  2  6  3 50.240  0.00   1
   109099  40.524980 -124.381852    16.861   -12677.0    -2804.1    -4565.9    411.7    305.9    700.3 2022 11  3 21 25 34.920  0.00   1
   109112  40.571802 -123.938892    21.313    24842.1     2395.2     -114.5    560.1    445.4    523.8 2020 11 28  4 46 13.820  0.00   1
   109120  40.572742 -123.940096    21.478    24740.0     2499.6       50.7    608.6    442.9    673.9 2021 10  7 15 37 20.960  0.00   1
   109123  40.570011 -123.936092    20.920    25079.6     2196.4     -507.1    543.2    515.6    674.0 2021 10  7 10 58 29.020  0.00   1
   109127  40.572746 -123.940047    21.470    24744.1     2500.1       42.7    608.8    441.5    675.2 2021 10  9 15  2 48.760  0.00   1
   109129  40.523710 -124.429818    19.715   -16740.8    -2945.1    -1711.9    366.5    448.3    566.6 2020 10 11 16 54  4.900  0.00   1
   109133  40.641715 -124.028060    18.925    17281.4    10158.8    -2502.2    442.6    323.0    506.1 2020 10 20  3 57  2.000  0.00   1
   109186  40.663110 -123.900024    23.379    28114.8    12534.6     1952.2    567.6    488.9    614.9 2020 11 10  7 29 44.140  0.00   1
   109189  40.671472 -123.904028    21.820    27774.2    13463.2      393.0    701.1    483.5    730.3 2021  5 13  9 32 24.180  0.00   1
   109190  40.665723 -123.905884    23.354    27618.4    12824.7     1926.9    719.4    541.1    647.1 2022  6 25  8 45  6.260  0.00   1
   109416  40.594515 -123.964795    22.132    22644.6     4917.4      704.7    837.7    597.7   1107.4 2020 11 28  4 41 25.020  0.00   1
   109417  40.594413 -123.964640    22.128    22657.7     4906.1      700.7    847.7    605.4   1143.1 2020 11 28  4 28 30.560  0.00   1
   109418  40.596830 -123.972664    22.464    21977.8     5174.5     1036.6    779.8    638.2   1136.9 2021  3 28 11 21 31.120  0.00   1
   109420  40.596139 -123.913550    22.111    26983.5     5097.7      683.8    783.8    588.6   1044.6 2020 12  7 19  3 16.040  0.00   1
   109421  40.607039 -123.919189    21.665    26503.8     6308.2      237.3    835.9    780.4    860.1 2020 12  7 19  5 36.340  0.00   1
   109427  40.593656 -123.899845    25.681    28144.5     4822.1     4254.0    609.8    580.0    675.5 2020 11 29  9 45 15.600  0.00   1
   109428  40.592586 -123.892676    26.166    28751.8     4703.3     4738.5    794.9    496.2    856.0 2021  1 19 12 58 57.580  0.00   1
   109430  40.592598 -123.899105    25.685    28207.4     4704.6     4258.1    717.8    559.8    692.3 2022  3 18  0  7 21.100  0.00   1
   109436  40.607617 -124.099268    15.091    11256.8     6372.4    -6336.0    475.4    500.6    466.1 2020 12  1 11 36 42.680  0.00   1
   109448  40.559021 -124.019344    22.293    18030.3      976.0      865.8    383.8    351.7    373.5 2022  1 19 22 27 40.720  0.00   1
   109451  40.559932 -124.019084    21.901    18052.2     1077.2      474.0    427.6    420.7    463.9 2022  6  9  2 12 47.440  0.00   1
   109453  40.560140 -124.022371    21.922    17773.7     1100.2      494.4    512.9    375.4    391.6 2022 11 22  5  9 14.600  0.00   1
   109457  40.586027 -124.195280    22.480     3128.0     3974.9     1052.9    510.2    527.3    714.1 2022 11 20 16 58  8.260  0.00   1
   109458  40.553609 -123.894727    22.771    28586.4      375.0     1343.4    749.1    600.5    576.1 2020 12 19 19 50 56.380  0.00   1
   109460  40.596159 -124.220313    25.603     1008.1     5100.0     4175.7    738.2    906.2    655.2 2021  2 11 13 50 26.620  0.00   1
   109461  40.596716 -124.120858    16.640     9429.5     5161.9    -4787.2    520.6    470.1    432.2 2021  1  4  6 14 34.600  0.00   1
   109483  40.496114 -124.466479    20.832   -19850.9    -6009.5     -594.9    482.5    788.7    773.3 2021  1 13 19 34 16.280  0.00   1
   109484  40.519564 -124.465706    22.718   -19782.0    -3405.6     1291.2    599.2    565.7    477.9 2021  2 12 14 58  6.120  0.00   1
   109485  40.519466 -124.449609    25.375   -18418.2    -3416.4     3947.6    593.2    642.6   1153.1 2022  6  3  7 37 13.740  0.00   1
   109491  40.553243 -124.051847    23.195    15277.9      334.4     1767.6    757.5    369.8    447.7 2022 11 12 22 18 21.100  0.00   1
   109493  40.578894 -124.218994    19.862     1119.9     3182.8    -1564.8    520.0    273.6    541.9 2021 12 30 20 43 22.380  0.00   1
   109498  40.582336 -124.144320    22.633     7443.7     3565.1     1206.2    400.7    283.7    314.0 2022  3 29  0 35 16.680  0.00   1
   109534  40.644963 -124.006714    18.097    19087.8    10519.4    -3330.7    569.2    426.1    526.5 2021  3  6  9 15 31.140  0.00   1
   109535  40.652531 -124.024438    17.862    17586.6    11359.8    -3565.2    842.7    675.0    585.5 2021  3  6  9 16 35.960  0.00   1
   109542  40.542216 -123.907983    22.869    27465.8     -890.1     1441.5    693.4    577.7    552.2 2021  3 19 20 18 50.400  0.00   1
   109543  40.541618 -123.904150    22.852    27790.6     -956.6     1425.2    609.7    654.1    468.1 2021  7 28 11 59  6.040  0.00   1
   109544  40.540352 -123.906559    22.863    27586.8    -1097.1     1435.4    585.9    548.5    570.5 2021 11  2 15 33 30.400  0.00   1
   109546  40.531759 -123.912410    23.050    27092.9    -2051.4     1622.6    718.2    764.6    789.7 2022  2  8 20 52 37.700  0.00   1
   109547  40.543652 -123.906820    22.751    27564.1     -730.6     1324.1    554.9    535.8    505.2 2022  5 16 12 51  7.720  0.00   1
   109550  40.561605 -123.975496    23.607    21743.7     1262.9     2180.1    487.0    405.1    353.0 2021 10 14 12 55 59.780  0.00   1
   109551  40.561410 -123.974919    23.588    21792.7     1241.2     2160.8    582.8    437.1    331.0 2021 10 18 11 26 36.900  0.00   1
   109560  40.574723 -124.419360    24.176   -15848.9     2719.7     2748.5    548.5    529.2   1573.0 2021  4 22 19 58  9.520  0.00   1
   109562  40.574683 -124.418547    23.593   -15780.0     2715.1     2165.5    593.3    429.1    480.8 2021 10  1 17 28 56.900  0.00   1
   109563  40.574052 -124.416984    23.332   -15647.7     2645.1     1905.0    705.1    536.0   1142.2 2022  6  6  8 33 56.500  0.00   1
   109585  40.701725 -123.974642    21.445    21793.4    16822.6       18.1    851.8    685.4    666.4 2021 12  9  6 38 26.640  0.00   1
   109586  40.609123 -123.806055    26.358    36082.3     6539.6     4930.3    812.1    669.1   1321.6 2021  4 25 12  4 20.500  0.00   1
   109587  40.514535 -124.438940    17.165   -17514.9    -3964.0    -4262.1    366.3    345.7    660.8 2021  4 26 14 34  7.560  0.00   1
   109588  40.532800 -124.399910    18.009   -14206.1    -1935.7    -3418.1    476.2    408.1    316.1 2021  4 30  5 48 15.420  0.00   1
   109590  40.595846 -124.009619    22.479    18848.8     5065.2     1051.6    648.0    456.1    586.0 2021  5  1  6 40  3.120  0.00   1
   109592  40.565397 -124.019409    22.284    18023.9     1684.0      856.4    439.5    371.4    444.8 2022  3 10 22 12 16.660  0.00   1
   109593  40.585071 -124.202262    23.103     2536.8     3868.7     1675.4    709.4    332.2    723.5 2021  5 25 13 41 14.420  0.00   1
   109638  40.585246 -123.959757    24.678    23072.7     3888.1     3250.5    577.3    453.4    603.6 2021  6  5 11 28 29.860  0.00   1
   109639  40.574414 -123.955225    23.537    23458.4     2685.3     2109.3    633.4    690.2    613.6 2022  2 26  5 28  3.880  0.00   1
   109640  40.550618 -123.971012    21.076    22125.3       42.9     -350.8    496.9    456.0    559.2 2021  6 14 23  5 14.620  0.00   1
   109641  40.551351 -123.972575    21.141    21992.8      124.3     -286.5    580.1    463.6    567.9 2021  6 15  4  8 20.200  0.00   1
   109643  40.550387 -123.970451    20.988    22172.9       17.2     -439.5    551.7    454.6    527.6 2021  6 15  2 15 10.680  0.00   1
   109645  40.550342 -123.970353    20.995    22181.2       12.2     -432.3    547.8    455.3    523.4 2021  9 21 16 59  7.260  0.00   1
   109646  40.550985 -123.972371    21.044    22010.1       83.6     -383.3    488.7    445.4    559.8 2022  8 19 22 15 53.220  0.00   1
   109647  40.550989 -123.972380    21.043    22009.4       84.0     -384.0    488.8    446.4    559.7 2022  9 26 14 46 33.600  0.00   1
   109649  40.476880 -124.517041    16.419   -24138.9    -8145.4    -5008.6    557.7    593.4   1167.6 2022  9 18  8 29  6.480  0.00   1
   109653  40.599186 -124.335490    20.596    -8744.4     5436.1     -831.6    541.6    485.3   1480.1 2021  6 26 23 51 53.520  0.00   1
   109656  40.602763 -124.304810    18.428    -6146.4     5833.3    -2999.6    825.3    301.8   1092.6 2021  7  7 21  8 20.520  0.00   1
   109661  40.599060 -124.331388    20.678    -8397.1     5422.1     -749.0    512.7    415.3   1437.0 2022 11 27 17  4 31.920  0.00   1
   109701  40.537211 -124.350708    18.439   -10037.6    -1445.9    -2988.7    414.4    337.8    518.4 2021  7  9 20  8 44.560  0.00   1
   109707  40.704171 -123.931372    22.787    25454.0    17094.2     1360.0    651.6    554.1    674.1 2021  7 21  1 57 33.440  0.00   1
   109708  40.707113 -123.945044    22.421    24296.7    17420.9      994.0    644.3    430.8    521.9 2022  8 13 12 33 41.180  0.00   1
   109709  40.707117 -123.944840    22.423    24313.9    17421.3      996.1    641.4    431.2    528.3 2022  8 13 13  7 15.920  0.00   1
   109710  40.480587 -124.403239    19.981   -14493.7    -7733.8    -1446.0    504.8    504.5    650.2 2021  7 21  6 27  7.140  0.00   1
   109714  40.515491 -124.431779    17.840   -16908.0    -3857.9    -3587.5    473.2    695.1    667.2 2021  7 22  8 29 59.260  0.00   1
   109718  40.502783 -124.449910    18.965   -18446.0    -5269.0    -2462.5    517.5    559.7    646.0 2022  4  3 19 26 32.500  0.00   1
   109728  40.638765 -123.918262    21.352    26576.1     9831.2      -75.1    720.1    482.9    709.1 2021 10 28 17 29 28.460  0.00   1
   109729  40.639400 -123.918807    21.422    26529.8     9901.7       -5.5    646.7    417.0    866.2 2021 10 28 20 25 38.640  0.00   1
   109732  40.504968 -124.460295    18.718   -19325.6    -5026.3    -2709.6    485.5    543.1    592.8 2021  8  5  5 11 35.000  0.00   1
   109733  40.505359 -124.457178    20.234   -19061.4    -4982.9    -1193.1    739.2   1009.8   1152.3 2021 12 18  9  2 20.600  0.00   1
   109734  40.502364 -124.457544    19.949   -19092.9    -5315.5    -1477.8    457.7    583.4    814.7 2021 12 21 16 46 40.580  0.00   1
   109740  40.532222 -124.373926    25.238   -12004.9    -1999.9     3810.7    671.1    568.0    960.7 2021 12 25  9  3 58.480  0.00   1
   109741  40.532865 -124.370321    24.374   -11699.4    -1928.5     2946.9    817.5    590.8   1241.6 2022  8 24 18 28  5.620  0.00   1
   109742  40.636906 -124.042407    20.059    16067.5     9624.7    -1368.4    677.3    368.0    638.3 2021  8 23  5 51 36.160  0.00   1
   109744  40.528280 -123.778231    21.881    38461.1    -2437.7      453.5    829.7    861.1    693.2 2021  8 29 12 47 11.520  0.00   1
   109745  40.517627 -123.779224    22.380    38380.0    -3620.6      952.3    395.3    772.1    512.3 2022  1  7 12 47 18.900  0.00   1
   109758  40.549845 -124.229500    17.656      230.2      -42.9    -3770.8    539.0    348.1    544.7 2021  9 12 22 48 15.460  0.00   1
   109773  40.519747 -124.413704    17.510   -15376.2    -3385.2    -3917.1    351.4    451.2    639.4 2021 12 23 10 30 50.600  0.00   1
   109775  40.577136 -124.214144    18.243     1530.7     2987.6    -3183.8    507.0    270.0    640.1 2021  9 23 19 33 34.900  0.00   1
   109779  40.527140 -124.364225    17.762   -11183.5    -2564.2    -3665.1    865.7    454.1    634.3 2021  9 30  4 43 34.000  0.00   1
   109788  40.517696 -123.882886    22.209    29597.2    -3613.0      781.4    552.8    863.5    860.8 2021 10  7  4 45 50.940  0.00   1
   109789  40.511462 -123.866431    21.819    30992.8    -4305.2      391.9    834.5    805.3    727.1 2021 10  7  5 44  8.100  0.00   1
   109791  40.511711 -123.871533    21.493    30560.4    -4277.6       66.2    820.3    670.5    529.2 2021 10  9 15 14 13.920  0.00   1
   109792  40.509998 -123.879728    21.999    29866.4    -4467.8      571.3    805.6    546.3    563.4 2021 10  9 14 51  7.940  0.00   1
   109793  40.516545 -123.879964    21.677    29845.0    -3740.8      250.1    536.3    674.8    557.0 2021 10  9 19 19 22.180  0.00   1
   109794  40.514644 -123.872249    21.201    30499.1    -3951.8     -226.0    721.5    576.4    518.0 2021 10 16 14 55 23.500  0.00   1
   109795  40.512451 -123.874357    21.666    30321.0    -4195.4      239.2    557.9    515.6    485.5 2021 11  4 10 59  4.180  0.00   1
   109796  40.511678 -123.870557    21.193    30643.1    -4281.2     -234.3    617.7    520.6    536.1 2021 11  7  7 51 35.860  0.00   1
   109801  40.547847 -123.855046    22.700    31948.8     -264.8     1273.1    666.4    669.1    518.3 2022  1 31 19 52 42.840  0.00   1
   109836  40.614071 -124.139998    18.594     7807.8     7089.0    -2833.6    386.1    287.0    480.4 2021 10 22 21  9 45.260  0.00   1
   109837  40.612410 -124.076668    19.929    13169.7     6904.6    -1497.9    468.0    354.0    602.9 2021 10 31 13 10  3.600  0.00   1
   109838  40.558720 -123.954606    22.355    23513.5      942.5      928.2    445.3    408.2    521.9 2021 11  3 19 22 52.340  0.00   1
   109846  40.604488 -124.079134    17.019    12961.7     6024.9    -4408.7    546.0    682.2    660.8 2021 11 25 17 56 31.760  0.00   1
   109849  40.605339 -124.297510    20.607    -5528.2     6119.3     -820.3    927.6    349.4   1140.9 2021 11 29  9 17 10.340  0.00   1
   109852  40.523075 -124.432056    19.895   -16930.5    -3015.6    -1532.5    366.1    418.8    539.0 2022  1 18 10 25 37.780  0.00   1
   110087  40.587708 -124.211589    20.662     1747.0     4161.5     -765.3    378.7    284.5    494.7 2021 12 11 10 51 42.420  0.00   1
   110088  40.542578 -124.316854    19.529    -7169.4     -849.9    -1898.6    964.0    647.4   1056.6 2021 12 20 23 40 19.580  0.00   1
   110091  40.543030 -124.315511    19.490    -7055.6     -799.8    -1937.4    955.6    652.0   1060.9 2022  8 22 11 46 57.980  0.00   1
   110092  40.547831 -124.313232    18.777    -6862.4     -266.6    -2650.7    826.6    466.3    939.8 2022  8 22 11 19 44.520  0.00   1
   110093  40.544804 -124.314054    19.239    -6932.2     -602.8    -2188.3    950.3    609.4   1043.1 2021 12 20 21 17 43.440  0.00   1
   110095  40.546672 -124.325700    19.972    -7918.5     -395.4    -1455.2    787.9    357.1    696.3 2022  7 14  2 59 53.060  0.00   1
   110120  40.517749 -124.423299    19.919   -16189.3    -3607.1    -1507.8    354.6    446.3    624.6 2021 12 20 20 29 25.860  0.00   1
   110127  40.574487 -124.222103    17.373      856.7     2693.4    -4054.0    881.6    835.4   1020.2 2021 12 20 20 15 20.340  0.00   1
   110128  40.548596 -124.295882    24.208    -5392.7     -181.6     2780.4    494.9    588.6    910.2 2021 12 20 20 31  1.340  0.00   1
   110129  40.519385 -124.445174    17.427   -18042.4    -3425.4    -4000.3    733.7    818.0   1216.4 2021 12 20 22 57 59.980  0.00   1
   110153  40.505680 -124.334115    17.740    -8633.9    -4947.2    -3687.6    455.5    540.8    698.5 2021 12 21  3 28 34.100  0.00   1
   110154  40.505806 -124.332039    18.356    -8458.1    -4933.2    -3071.0    319.3    412.4    535.9 2021 12 23  6 55 41.480  0.00   1
   110156  40.506852 -124.333228    17.881    -8558.7    -4817.1    -3546.0    417.3    534.0    754.3 2021 12 23  4 51 44.220  0.00   1
   110160  40.521851 -124.419792    18.560   -15891.6    -3151.6    -2867.6    461.4    435.6    620.1 2021 12 21 19 30 31.800  0.00   1
   110168  40.580050 -124.209033    19.142     1963.5     3311.1    -2284.8    546.0    186.8    553.7 2021 12 21  2 44 44.640  0.00   1
   110179  40.544132 -124.347176    22.686    -9737.9     -677.3     1258.5    608.7    498.5    699.3 2022  3 20  6 57 16.680  0.00   1
   110181  40.498653 -124.455835    15.876   -18948.6    -5727.6    -5551.1    470.0    514.0   1291.4 2021 12 25 16 54 33.700  0.00   1
   110183  40.599056 -124.111694    17.844    10205.2     5421.7    -3582.8    830.3    685.7    557.1 2021 12 26 16  2 15.940  0.00   1
   110184  40.589726 -123.991545    20.188    20380.2     4385.6    -1239.7    760.7    668.5    724.4 2021 12 27  8 53  5.400  0.00   1
   110185  40.576603 -123.984359    20.283    20990.7     2928.4    -1143.8    680.2    527.7    810.3 2022  5 28  7 57  1.360  0.00   1
   110186  40.581612 -124.210213    20.946     1863.5     3484.6     -481.1    644.2    422.9    714.5 2021 12 28  6 35 41.580  0.00   1
   110187  40.576799 -124.200716    19.591     2667.9     2950.1    -1836.7    562.3    192.9    383.6 2021 12 31 13 31 14.620  0.00   1
   110188  40.576799 -124.200708    19.590     2668.6     2950.1    -1837.5    557.4    192.3    383.5 2022  1  1 22 14 38.120  0.00   1
   110189  40.576729 -124.200228    19.565     2709.2     2942.4    -1862.7    570.7    203.5    403.2 2022  1  2 11 16 33.460  0.00   1
   110190  40.577059 -124.207113    19.552     2126.2     2979.0    -1875.6    558.3    243.8    464.5 2022  4 25  2 10 11.700  0.00   1
   110191  40.576709 -124.200179    19.558     2713.3     2940.2    -1869.2    559.8    204.6    403.5 2022  9  1 20 43  2.920  0.00   1
   110199  40.519714 -124.409334    19.942   -15005.9    -3388.8    -1485.0    401.0    395.1    628.9 2021 12 31 17  2 13.380  0.00   1
   110209  40.593876 -124.100732    25.074    11133.9     4846.5     3647.2    605.2    558.8    573.4 2022  4  2 19 46 56.000  0.00   1
   110211  40.516801 -124.446021    16.577   -18114.5    -3712.4    -4850.2    930.5    863.7   1865.9 2022  4  3 10 39 47.080  0.00   1
   110231  40.516524 -124.436995    19.071   -17349.9    -3743.1    -2356.1    498.1    859.1    774.7 2022  5 14 20  9 30.640  0.00   1
   110234  40.534253 -124.233203    19.970      -83.4    -1774.4    -1457.7    639.1    456.2    754.3 2022  5 25  9 25 42.220  0.00   1
   110250  40.525334 -124.407642    20.433   -14861.9    -2764.8     -994.4    806.4    772.3    816.5 2022  7  2 10 23 23.100  0.00   1
   110253  40.594458 -124.112313    18.161    10153.2     4911.1    -3266.6    516.4    417.3    461.3 2022  7 20  6 28 50.580  0.00   1
   110254  40.596090 -124.115625    18.652     9872.6     5092.3    -2775.5    377.5    288.4    421.0 2022  8  9  7 59 33.060  0.00   1
   110255  40.599219 -124.118953    18.073     9590.6     5439.8    -3354.3    619.8    596.3    889.0 2022  8  9  8  9 40.340  0.00   1
   110266  40.542249 -124.330762    18.358    -8347.6     -886.5    -3069.7    589.8    408.0    880.3 2022  8 30  6 25 35.480  0.00   1
   110273  40.648608 -124.017830    19.036    18146.4    10924.3    -2391.0    703.1    359.3    667.9 2022 10 28 12 43 42.000  0.00   1
   110274  40.522286 -124.436336    17.911   -17293.3    -3103.3    -3516.1    379.9    371.4    898.1 2022 10 29 20 38 50.780  0.00   1
   110275  40.511019 -124.429891    20.992   -16748.6    -4354.4     -435.5    382.2    552.9    734.4 2022 10 30  3 34  2.660  0.00   1
   110276  40.519332 -124.437769    19.272   -17415.0    -3431.3    -2155.4    371.1    396.7    485.7 2022 11 12 10 31 42.840  0.00   1
   110279  40.513298 -124.432796    20.115   -16994.5    -4101.4    -1311.9    569.8    395.1   1005.9 2022 11  2 16 39 30.260  0.00   1
   110282  40.523901 -124.434709    20.072   -17155.2    -2923.9    -1355.5    421.1    384.5    605.0 2022 11 15 17 48 18.560  0.00   1
   110296  40.580066 -123.982463    20.732    21150.8     3312.9     -694.9    570.8    407.1    513.6 2022 12 22  3  8  5.860  0.87   1
   110298  40.535803 -124.264925    11.976    -2770.7    -1602.2    -9451.2    569.9    403.7    596.0 2023  1 17 13 54 45.520  1.24   1
   110302  40.563045 -124.122559    22.728     9287.8     1422.9     1300.8    479.1    260.3    523.3 2022 12 24  0 35 18.890  0.89   1
   110303  40.487386 -124.495475    24.351   -22309.4    -6978.7     2923.9    566.6    586.8   1069.8 2022 12 20 12 25 25.380  2.43   1
   110305  40.434684 -124.601978    24.132   -31347.1   -12831.0     2704.5    242.9    422.1    905.6 2023  4  2 11 44 21.610  2.51   1
   110307  40.523303 -124.421965    23.838   -16075.6    -2990.3     2410.7    610.9    441.9    448.3 2023  3  9  9 11 18.070  1.00   1
   110308  40.573393 -123.871281    22.497    30567.8     2571.9     1069.6    750.7    490.0   1105.2 2022 12 21 19 21 21.160  1.21   1
   110311  40.540881 -124.494181    24.485   -22191.0    -1038.3     3057.4    639.9    569.1   1252.0 2023  2  6  9 53 42.140  2.82   1
   110326  40.575863 -124.245223    20.295    -1101.3     2846.2    -1132.1    483.4    279.1    609.1 2023  4 26 22 23  7.880  0.79   1
   110327  40.620789 -123.952775    21.715    23657.7     7835.0      287.9    683.4    532.5    800.7 2022 12 21  8 59 40.650  1.14   1
   110330  40.584452 -123.909977    25.847    27288.4     3800.0     4420.2    842.0    638.2    901.4 2023  5 27  2 45 49.750  0.87   1
   110334  40.621200 -124.315080    20.106    -7015.0     7880.6    -1321.3    581.4    421.1    904.6 2023  2 22  6 20 25.080  1.45   1
   110341  40.563424 -124.133040    22.239     8400.0     1464.9      812.2    374.0    392.5    381.7 2023  1  5 14 47  6.170  2.14   1
   110346  40.537687 -123.888298    23.163    29134.4    -1393.0     1735.5    444.0    586.0    320.2 2023  5 28  1 45 53.620  1.36   1
   110354  40.508207 -124.422144    24.500   -16092.5    -4666.7     3073.0    679.6    671.7   1070.4 2023  4 14  1 57  6.610  1.17   1
   110355  40.516899 -124.492741    15.844   -22072.9    -3701.5    -5583.0    598.5    657.7   1268.6 2023  2 16 22 15  2.800  1.44   1
   110359  40.755717 -123.974382    21.711    21806.7    22818.2      283.6   1127.8    693.5    833.5 2022 12 22  4 53 56.390  0.79   1
   110365  40.527010 -124.230802    17.584      120.0    -2578.7    -3843.0    625.6    331.3    535.0 2022 12 20 12 37 22.690  1.44   1
   110367  40.548954 -123.973250    21.401    21936.0     -141.9      -26.4    512.8    490.0    470.0 2022 12 25  1 20 33.690  1.82   1
   110368  40.603284 -123.971924    22.500    22039.5     5891.2     1072.9    578.2    527.6    574.8 2023  2 14  3 52  7.700  1.37   1
   110370  40.697107 -123.907121    22.584    27507.3    16309.8     1156.3    464.2    471.7    597.9 2022 12 21  4 44 13.820  1.30   1
   110373  40.660453 -124.008130    23.646    18965.8    12239.6     2218.9    841.4    368.2    525.9 2022 12 20 23 58 39.800  0.88   1
   110374  40.756055 -123.871623    20.667    30497.5    22855.7     -760.5    714.9    649.9    965.6 2022 12 22  4 46 28.990  1.00   1
   110378  40.592965 -124.050854    22.317    15357.5     4745.3      889.5    710.0    447.6    580.0 2022 12 21 18 52 28.640  1.06   1
   110379  40.518685 -124.420760    18.169   -15974.1    -3503.2    -3258.1    483.9    489.1    781.5 2022 12 22  9 21 28.530  1.40   1
   110382  40.542664 -124.066211    19.308    14062.4     -840.4    -2119.6    416.7    358.2    388.8 2022 12 26  5 31 21.180  1.08   1
   110385  40.593469 -124.086605    19.143    12330.2     4801.3    -2284.3    423.9    399.3    412.1 2022 12 23  0 19 22.520  0.90   1
   110387  40.534176 -124.390267    25.064   -13389.0    -1783.0     3636.3    661.3    416.0    804.0 2023  1 28 23 56 58.200  3.85   1
   110388  40.511519 -124.446069    11.895   -18119.3    -4298.9    -9532.1    424.3    475.3   1346.4 2022 12 31 10 20 40.360  1.04   1
   110390  40.639441 -123.988184    25.558    20657.2     9906.2     4130.9    646.8    508.6    656.8 2023  1 17  5 14  2.510  1.84   1
   110391  40.589083 -124.211784    20.045     1730.4     4314.2    -1381.9    469.7    304.7    520.6 2022 12 23  0 35 44.600  1.56   1
   110392  40.516199 -124.416813    19.496   -15640.0    -3779.2    -1931.5    376.1    336.6    581.8 2023  1  1 12 19 44.130  1.25   1
   110395  40.554643 -124.214176    16.685     1528.2      489.8    -4742.1    754.1    456.0   1011.8 2022 12 20 23 19 53.720  1.40   1
   110396  40.533720 -124.258976    18.558    -2266.8    -1833.6    -2869.5    501.0    374.6    609.3 2022 12 24 20  6  9.180  0.83   1
   110397  40.556799 -124.276147    16.221    -3720.8      729.3    -5206.6    538.4    339.4    603.2 2022 12 23 10 18 25.720  1.66   1
   110399  40.528304 -124.422314    17.090   -16104.6    -2435.0    -4337.5    521.8    467.0    994.7 2022 12 20 10 44 46.730  2.70   1
   110400  40.558744 -124.049015    22.773    15517.2      945.3     1345.7    447.4    412.0    390.3 2022 12 25  4 33 20.570  0.83   1
   110404  40.560819 -124.016032    21.964    18310.5     1175.7      537.1    337.3    436.4    380.5 2022 12 27  0 23 33.800  1.12   1
   110406  40.593376 -124.106462    19.648    10648.8     4790.9    -1779.6    382.3    289.6    407.3 2023  1 11  3 23 18.830  1.45   1
   110408  40.611015 -123.852450    27.472    32153.7     6749.7     6044.3    740.9    525.6    922.5 2023  2 12 20 12 15.900  2.47   1
   110409  40.512724 -124.420190    22.308   -15926.5    -4165.1      881.2    370.8    499.9    658.3 2022 12 21 22  8 58.660  1.39   1
   110412  40.567839 -124.068506    19.931    13865.4     1955.1    -1496.1    362.4    371.6    321.6 2022 12 26  7 30 25.960  0.98   1
   110417  40.553263 -123.975700    21.352    21727.8      336.6      -75.2    472.1    403.7    459.8 2022 12 24 12 43  0.520  1.06   1
   110422  40.621375 -124.304574    20.027    -6125.6     7900.1    -1399.8    519.0    438.5   1052.4 2022 12 29 13 40 18.010  1.27   1
   110423  40.503687 -124.330469    18.958    -8325.1    -5168.7    -2469.4    432.9    484.0    488.7 2023  2 17 12 38 36.270  0.88   1
   110429  40.594535 -124.015894    22.838    18317.7     4919.7     1410.6    431.4    399.9    452.7 2022 12 22  9 28 37.970  0.68   1
   110431  40.602458 -124.103711    23.071    10881.0     5799.4     1643.5    539.7    451.8    449.4 2022 12 21 17 59 17.620  1.95   1
   110432  40.493343 -124.458000    26.329   -19132.8    -6317.2     4902.0    722.4    622.5    736.7 2022 12 22  1 13 30.130  2.71   1
   110434  40.512435 -124.461662    19.132   -19440.3    -4197.2    -2295.1    409.3    517.1    658.1 2022 12 21 18 26 29.520  1.33   1
   110435  40.532393 -124.380396    24.323   -12552.9    -1980.9     2896.2    682.8    488.7    874.7 2023  1 28 20  7 39.900  1.24   1
   110436  40.469116 -124.538086    23.735   -25923.9    -9007.5     2308.2    573.8    774.3    673.3 2023  2 18  0 47 37.880  1.15   1
   110439  40.472257 -124.431836    19.825   -16918.3    -8658.7    -1601.8    716.4    687.1    858.5 2023  1 27 16 28 41.960  1.01   1
   110442  40.568551 -123.952498    21.563    23690.3     2034.2      136.1    429.2    434.9    654.3 2022 12 20 18 48 54.600  0.91   1
   110443  40.580990 -124.173120    17.931     5004.8     3415.5    -3496.0    411.6    437.8    697.2 2022 12 21 21 55 10.140  0.79   1
   110444  40.502893 -124.501050    27.783   -22779.2    -5256.8     6355.3    418.1    603.5    770.1 2022 12 23 21 41 55.000  1.21   1
   110445  40.522953 -124.386271    23.547   -13051.6    -3029.2     2120.1    479.9    520.7    571.4 2022 12 21  8  6 55.910  1.80   1
   110447  40.562923 -124.015951    22.349    18317.2     1409.3      922.1    443.0    420.6    436.3 2022 12 24 19 37 36.120  1.39   1
   110448  40.596822 -124.126904    21.658     8917.5     5173.6      231.1    383.9    358.0    435.8 2023  1 31 13 12 49.420  1.12   1
   110452  40.546061 -124.192147    27.117     3394.4     -463.1     5689.6    968.0    459.3    777.4 2022 12 20 23 25 36.340  1.09   1
   110453  40.515674 -124.475741    16.583   -20632.7    -3837.5    -4844.3    464.9    599.8    956.6 2022 12 21 12  8  6.020  1.11   1
   110454  40.462382 -123.816626    22.964    35225.5    -9755.3     1536.8    626.0    701.9    434.6 2022 12 21 13 41 59.550  0.69   1
   110455  40.533923 -124.420809    16.185   -15976.4    -1811.0    -5242.3    309.8    558.5   1138.9 2022 12 23 13  9 40.300  0.89   1
   110458  40.619682 -124.310824    19.490    -6654.8     7712.1    -1937.6    708.5    505.0   1335.6 2023  2 14  6 32 28.460  1.23   1
   110462  40.588428 -124.432357    25.641   -16947.8     4241.5     4213.3    877.8    690.1   1094.2 2023  4 22 17 56 13.080  1.37   1
   110464  40.587317 -124.432414    22.851   -16952.8     4118.1     1423.5    838.3    664.5   1095.6 2023  2 13 21 32 14.280  2.09   1
   110466  40.532735 -124.390552    17.145   -13413.3    -1942.9    -4282.3    540.3    513.4    917.6 2022 12 22  0 27 26.630  0.83   1
   110467  40.528878 -124.426774    26.594   -16482.4    -2371.3     5166.6    583.1    560.7    664.6 2022 12 22  3 58 10.660  0.90   1
   110468  40.525505 -123.980762    20.616    21303.4    -2745.9     -811.4    389.2    511.6    397.4 2022 12 24  1 17 32.850  0.88   1
   110470  40.535258 -124.363721    17.310   -11140.1    -1662.8    -4116.9    368.6    297.3    513.9 2023  3 29  5  5 59.480  1.47   1
   110474  40.476025 -124.443099    20.144   -17872.4    -8240.3    -1283.6    822.5    643.6    906.3 2022 12 20 12 14 11.380  2.27   1
   110475  40.587626 -124.355941    28.599   -10476.9     4152.5     7171.7    784.0    571.8    932.2 2022 12 21 15  8 37.620  1.85   1
   110476  40.539246 -124.410360    27.548   -15090.6    -1220.0     6120.5    668.1    477.3    748.3 2022 12 20 13 24 12.330  1.51   1
   110477  40.610844 -123.939714    21.742    24765.4     6730.7      314.7    830.5    685.5   1402.8 2023  1  3  7 18 42.400  0.99   1
   110479  40.534558 -124.358602    17.562   -10706.5    -1740.5    -3865.3    292.4    281.2    538.4 2022 12 26  2  4 21.800  1.88   1
   110480  40.559819 -124.248112    22.819    -1346.2     1064.5     1391.3    493.7    395.4    517.9 2022 12 21  2 56 11.820  1.60   1
   110481  40.493095 -124.466195    17.848   -19827.2    -6344.8    -3579.7    787.7    682.8   1108.0 2023  4  5 14 51 18.340  1.34   1
   110482  40.588171 -123.925382    22.436    25983.1     4213.0     1008.3   1025.3    967.8    770.8 2022 12 21 19 52  6.360  0.64   1
   110484  40.525562 -124.423275    19.274   -16186.3    -2739.5    -2153.0    320.2    351.5    523.6 2022 12 25  4  3 37.800  0.93   1
   110487  40.752315 -123.846533    20.542    32620.3    22440.4     -885.8    624.6    656.4    884.3 2022 12 20 14 11  0.150  2.57   1
   110488  40.480119 -124.459977    19.038   -19302.2    -7785.7    -2389.2    501.5    561.7    676.3 2023  2 18  9 18 28.190  1.40   1
   110489  40.518982 -124.424032    19.374   -16251.2    -3470.2    -2053.7    278.7    331.3    403.2 2022 12 29  9 57 25.630  1.27   1
   110494  40.522115 -124.418050    18.452   -15744.1    -3122.2    -2975.5    499.9    355.9    651.4 2023  3  5 20 14 19.720  1.28   1
   110495  40.533081 -124.196712    21.488     3007.9    -1904.5       61.2    526.4    353.7    514.1 2023  1 20 16 55 16.240  1.95   1
   110496  40.502376 -124.445207    18.384   -18047.5    -5314.1    -3043.4    426.3    456.4    639.0 2022 12 30 12 51 54.870  1.14   1
   110497  40.574292 -124.094539    22.853    11660.0     2671.8     1425.4    469.8    491.7    538.8 2022 12 31 14 27 57.700  1.02   1
   110501  40.469153 -124.511019    22.171   -23629.8    -9003.5      743.8    485.5    688.1   3327.3 2022 12 30 21 43 18.320  2.12   1
   110506  40.608883 -124.094255    19.926    11681.1     6512.9    -1501.5    545.5    381.0    560.4 2022 12 20 21 47 48.880  1.10   1
   110507  40.528357 -124.397542    18.324   -14006.0    -2429.1    -3103.6    627.8    430.2    709.7 2022 12 21 10 16 11.430  0.70   1
   110508  40.610205 -124.096639    18.009    11479.1     6659.7    -3418.3    304.5    458.5    432.4 2022 12 30  9  0 39.550  1.14   1
   110509  40.573116 -124.287907    22.926    -4716.3     2541.2     1498.4    743.3    557.0    868.6 2023  1  2  8  1 22.300  0.77   1
   110510  40.497127 -124.429012    24.660   -16675.9    -5897.0     3232.7    690.4    601.1    936.4 2023  1  2  8 25 11.060  1.28   1
   110511  40.628471 -124.018433    23.601    18098.1     8688.1     2174.1    881.2    606.0    494.6 2022 12 21  4 15 19.850  2.45   1
   110512  40.509481 -124.335026    19.129    -8710.9    -4525.2    -2298.7    414.3    334.1    524.7 2022 12 21 17 35 50.480  1.40   1
   110513  40.523295 -124.410221    19.312   -15080.7    -2991.2    -2114.8    396.4    433.2    553.1 2022 12 20 15  4 50.680  1.42   1
   110515  40.547095 -124.227075    21.619      435.7     -348.4      192.2    595.2    528.9    852.4 2023  1 11 13 29 12.060  1.57   1
   110517  40.596318 -124.083195    23.772    12618.7     5117.6     2345.1    801.3    536.7    516.1 2023  3 12  6 43 46.740  0.89   1
   110518  40.519714 -124.438704    17.796   -17494.3    -3388.8    -3630.8    455.3    511.1    562.7 2022 12 20 10 43 39.300  2.63   1
   110519  40.575496 -124.157430    22.124     6333.7     2805.5      696.6    628.0    448.0    694.7 2022 12 20 23 22 14.760  1.65   1
   110521  40.570483 -124.156209    23.476     6437.4     2248.8     2048.4    547.3    364.8    483.6 2022 12 23  1 11 44.550  1.32   1
   110522  40.645585 -124.137118    23.028     8049.8    10588.5     1601.0    946.3    836.7    790.0 2022 12 20 18 48 15.520  0.97   1
   110523  40.509753 -124.493034    23.907   -22098.9    -4495.0     2479.5    641.8    487.8    388.1 2022 12 21  1  7 33.310  3.25   1
   110524  40.605554 -124.086808    18.535    12311.9     6143.3    -2892.7    341.9    351.0    311.4 2022 12 21  9 31  7.840  1.25   1
   110525  40.616618 -124.077702    18.511    13081.8     7371.8    -2916.0    485.4    388.6    485.0 2022 12 26  7 21 10.390  0.93   1
   110526  40.492798 -124.508765    15.721   -23434.7    -6377.8    -5706.3    860.7    842.1   1699.6 2023  2 18 20 58 10.920  1.67   1
   110527  40.525159 -124.437720    19.158   -17410.1    -2784.3    -2269.1    398.9    454.2    559.9 2022 12 22  3 55 53.820  1.44   1
   110529  40.553544 -124.259082    24.886    -2275.4      367.8     3459.1    545.6    438.6    866.3 2023  5 18 13 21 36.440  0.56   1
   110530  40.618241 -124.067228    16.157    13968.4     7552.1    -5269.8    445.8    471.2    506.2 2022 12 22  4 49 54.170  0.84   1
   110531  40.530937 -124.350366    19.382   -10009.1    -2142.6    -2045.7    358.1    280.9    532.6 2022 12 20 19 16  2.640  1.29   1
   110532  40.543660 -124.353027    16.458   -10233.6     -729.7    -4969.4    376.1    298.9    553.2 2022 12 23  4  9 55.040  1.00   1
   110533  40.654464 -124.054061    16.107    15079.1    11574.5    -5320.7    866.3    536.0   1180.6 2022 12 21 11 50 10.940  0.78   1
   110534  40.526599 -124.402669    18.665   -14440.5    -2624.3    -2762.7    434.6    630.7    835.7 2023  1  4 16 29 55.050  1.61   1
   110535  40.522245 -124.412386    19.015   -15264.2    -3107.8    -2412.2    457.7    392.1    543.2 2022 12 22 10 55 51.720  0.98   1
   110537  40.615108 -124.078223    23.509    13037.9     7204.2     2081.4    976.8    819.2    725.6 2022 12 21 16 28 15.660  3.99   1
   110539  40.524646 -124.340413    19.322    -9166.3    -2841.2    -2105.6    462.7    449.8    499.8 2022 12 25  8 22 48.250  0.72   1
   110541  40.577759 -124.183577    18.335     4119.3     3056.7    -3092.0    390.1    288.6    629.9 2023  2 18  6 52 19.650  1.07   1
   110542  40.578349 -124.184302    18.035     4057.9     3122.2    -3391.8    442.5    385.8    926.3 2022 12 20 17 56  5.920  1.14   1
   110544  40.599573 -124.188517    19.209     3700.3     5479.1    -2217.9    502.8    250.2    523.1 2023  3 21 22 51 34.760  0.98   1
   110546  40.502950 -124.446468    19.826   -18154.3    -5250.4    -1601.3    410.4    396.1    611.6 2022 12 27  1 23 41.520  0.94   1
   110547  40.613167 -123.923486    20.678    26138.8     6988.7     -748.8    847.3    735.9   1675.1 2022 12 20 23 36 50.880  1.00   1
   110549  40.544092 -124.056445    19.630    14889.5     -681.8    -1797.4    486.6    364.7    408.3 2022 12 21  4 18 46.220  2.04   1
   110551  40.611658 -124.088338    18.102    12181.8     6821.0    -3325.1    398.4    475.7    529.6 2023  2 17 11 16 14.330  1.12   1
   110553  40.524760 -123.923470    20.349    26157.3    -2828.5    -1078.7    846.8    885.5    605.7 2022 12 25  0 34  1.910  0.77   1
   110554  40.548519 -124.244743    18.290    -1060.9     -190.2    -3136.8    781.9    365.4    521.3 2022 12 21  0  5 31.440  1.34   1
   110556  40.498808 -124.435124    23.581   -17193.5    -5710.4     2153.7    670.1    535.2    707.8 2023  2 25 14 23 27.120  1.53   1
   110559  40.614498 -124.122461    21.853     9292.5     7136.4      425.9    783.9    502.1    976.7 2023  3 13  0 48 17.330  0.83   1
   110560  40.630265 -123.928141    21.679    25741.4     8887.3      251.8    579.1    495.3    671.9 2023  2  2  2 38 55.900  1.60   1
   110561  40.623283 -123.889233    20.706    29036.7     8112.0     -721.4    780.2    638.1   3907.0 2022 12 20 17 35 32.520  1.17   1
   110564  40.601685 -124.120614    16.480     9449.8     5713.6    -4947.4    360.9    310.8    394.4 2022 12 24  4 18 59.420  0.99   1
   110566  40.607796 -124.107064    18.168    10596.6     6392.2    -3258.9    421.9    294.5    428.9 2022 12 22  5 24 44.100  2.65   1
   110568  40.499019 -124.470158    15.907   -20162.2    -5686.9    -5519.8    516.2    383.1   1418.9 2023  3 22 19 35 25.080  1.32   1
   110569  40.645650 -124.022632    18.235    17740.4    10595.8    -3192.6    582.8    390.1    640.2 2023  1  2  9 44 23.910  0.93   1
   110570  40.601595 -124.121175    20.478     9402.3     5703.6     -949.0    376.3    326.3    416.3 2022 12 22  6 14 22.080  1.10   1
   110572  40.534005 -124.245947    18.783    -1163.0    -1802.0    -2643.9    409.5    332.7    538.1 2023  1  1 22 18 52.920  1.17   1
   110574  40.626725 -124.095394    19.449    11583.1     8494.2    -1978.6    369.9    379.3    650.9 2022 12 21 22 33 49.080  1.00   1
   110575  40.575936 -124.157316    26.001     6343.4     2854.3     4573.8    756.4    594.4    915.7 2022 12 23  1 10  6.400  0.80   1
   110577  40.619246 -124.231608    23.593       51.7     7663.7     2166.1    765.2    582.9    585.2 2022 12 25 19 13 28.400  0.95   1
   110578  40.568209 -124.148714    21.792     7072.2     1996.3      364.7    570.3    383.2    344.4 2022 12 20 20 26 41.720  2.13   1
   110579  40.523319 -124.356836    21.234   -10557.8    -2988.5     -193.2    791.0    529.1    973.2 2022 12 21  8 58 34.030  0.97   1
   110580  40.609721 -124.055200    22.748    14987.6     6606.0     1320.5    750.8    325.1    614.1 2023  1  3  4 53 49.540  1.15   1
   110581  40.567680 -124.231706    20.536       43.4     1937.5     -891.1    474.3    286.1    387.4 2023  5 28 11 38 43.770  1.07   1
   110582  40.562492 -123.935636    22.183    25119.6     1361.4      755.6    438.3    421.5    581.6 2022 12 21 23 36 17.240  1.23   1
   110586  40.520329 -123.895809    20.041    28501.7    -3320.6    -1386.7    591.4    711.2   1026.9 2022 12 22  5 36 49.910  0.70   1
   110587  40.606348 -123.915592    25.094    26808.5     6231.4     3666.8    691.8    575.6    720.0 2022 12 20 10 48 38.300  2.65   1
   110588  40.598039 -124.117415    18.045     9720.9     5308.7    -3382.7    299.7    350.5    367.0 2022 12 22  7 50 48.720  1.53   1
   110589  40.533765 -124.050952    19.283    15356.0    -1828.6    -2144.3    427.8    352.4    425.9 2022 12 21  0 13 29.150  1.50   1
   110590  40.652580 -123.886572    28.260    29255.6    11365.3     6832.8    839.6    708.2   1061.8 2022 12 23 19 10 35.240  1.06   1
   110591  40.587297 -124.065755    21.656    14096.3     4115.9      228.8    497.0    425.6    574.4 2022 12 25 22 34 55.360  0.82   1
   110592  40.618860 -124.074186    17.901    13379.2     7620.8    -3526.1    407.6    354.8    380.4 2023  1 18  8 28 49.360  0.92   1
   110594  40.559045 -123.934717    21.131    25198.1      978.7     -296.4    448.0    454.2    614.7 2022 12 21  0 45 40.230  1.26   1
   110595  40.593648 -124.322713    21.550    -7662.9     4821.2      123.1    650.9    573.5    725.1 2022 12 20 10 52 39.340  3.28   1
   110596  40.539803 -124.341675    17.710    -9272.2    -1158.1    -3717.3    432.0    434.1    593.6 2022 12 29  7 31 23.150  0.85   1
   110597  40.620837 -124.080998    20.486    12802.4     7840.4     -940.4    599.4    456.3    631.1 2022 12 20 21 24 28.880  0.90   1
   110598  40.598824 -124.109676    23.017    10376.2     5395.9     1589.7    381.4    419.7    437.5 2022 12 26  1 46  3.150  1.45   1
   110600  40.520797 -124.379899    17.733   -12512.0    -3268.6    -3694.3    302.9    334.5    485.9 2022 12 20 19 51  5.480  1.33   1
   110604  40.571082 -123.938078    21.397    24911.2     2315.3      -30.0    495.7    399.2    643.4 2022 12 21 17  1 49.600  1.16   1
   110605  40.521924 -124.431535    19.866   -16886.5    -3143.5    -1561.5    402.1    443.0    488.8 2022 12 22  7 33 35.520  1.14   1
   110607  40.663334 -124.021753    17.924    17812.4    12559.5    -3503.1    635.4    450.2    730.5 2022 12 21 14 33 24.290  1.52   1
   110608  40.641052 -124.026286    18.989    17431.7    10085.2    -2437.9    702.2    493.3    636.7 2022 12 25 12 29 55.020  1.64   1
   110609  40.576143 -124.158114    23.148     6275.8     2877.3     1721.0    683.7    430.4    621.1 2022 12 20 19 19  0.120  1.41   1
   110611  40.554997 -124.244214    17.828    -1016.0      529.1    -3599.5    438.2    349.5    490.5 2022 12 21 12 21 21.680  0.97   1
   110613  40.669954 -123.885685    22.653    29326.9    13294.6     1225.4    634.0    581.5    692.0 2022 12 27 17 40  9.980  1.83   1
   110614  40.552539 -124.318595    21.019    -7316.4      256.2     -408.5    367.9    307.4    599.7 2023  2 15 14 26 55.060  2.21   1
   110615  40.587118 -124.135465    21.096     8193.2     4096.0     -331.3    457.2    312.7    417.2 2022 12 21  9 48 30.660  1.09   1
   110618  40.608126 -123.985449    23.226    20893.5     6428.8     1799.2    867.5    668.2    681.4 2022 12 20 23 30 29.600  1.04   1
   110619  40.598389 -123.918473    22.063    26566.2     5347.6      635.5    617.9    459.9    859.6 2022 12 22  4 23  9.220  0.67   1
   110620  40.598633 -123.894824    25.039    28568.6     5374.7     3611.4    655.3    508.1    754.6 2022 12 25 16 15  8.400  1.07   1
   110622  40.606714 -124.098226    15.230    11345.0     6272.1    -6197.5    605.0    550.7    554.4 2022 12 28  9 46 28.530  1.31   1
   110623  40.594629 -124.152946    22.951     6712.5     4930.1     1523.7    493.5    428.6    579.9 2022 12 30  9 23 12.150  1.07   1
   110624  40.605680 -124.104077    18.651    10849.7     6157.3    -2776.5    395.3    264.7    417.0 2023  4  2 23  2 20.160  1.02   1
   110625  40.551534 -124.074837    19.014    13330.8      144.6    -2413.6    575.6    391.3    527.8 2022 12 20 21 22 52.960  1.20   1
   110626  40.560596 -124.019255    22.104    18037.6     1150.8      677.0    407.8    419.3    417.0 2022 12 24 20 57 12.400  1.30   1
   110627  40.593437 -124.193392    20.620     3287.7     4797.7     -807.4    553.0    484.5    613.8 2022 12 20 16 59 23.800  1.39   1
   110628  40.551233 -123.884326    22.508    29467.8      111.2     1080.4    441.9    606.0    806.1 2022 12 25  6 37 31.440  1.50   1
   110629  40.585486 -124.223958    24.186      699.5     3914.8     2758.3    660.9    554.8    764.4 2023  2  2  2 53 51.230  0.90   1
   110630  40.600500 -124.106950    15.591    10606.9     5582.1    -5836.1    377.4    385.3    467.9 2022 12 22  6 38 46.920  0.92   1
   110631  40.600090 -123.996598    19.869    19950.7     5536.5    -1558.3    418.4    372.8    506.7 2022 12 22  6 27  3.370  1.14   1
   110633  40.511564 -124.452409    24.368   -18656.5    -4293.9     2940.7    652.9    476.8    837.4 2022 12 20 11 23 42.960  2.53   1
   110634  40.612081 -124.077409    15.644    13107.1     6868.0    -5783.1    460.5    408.5    487.4 2023  1  3  7 23 30.820  1.13   1
   110635  40.549296 -124.054557    22.640    15048.8     -103.9     1212.3    469.4    398.5    450.3 2022 12 24  7 16 44.450  1.51   1
   110636  40.576628 -124.208480    17.872     2010.4     2931.1    -3555.1    476.0    299.4    458.1 2023  5  5 10 50 40.220  0.86   1
   110637  40.544539 -124.336426    17.569    -8827.2     -632.1    -3858.6    401.6    273.0    710.5 2022 12 25 12 21 40.770  1.90   1
   110638  40.577600 -124.147347    23.599     7187.5     3039.1     2171.5    324.8    288.2    282.6 2022 12 21 19 17 30.720  1.31   1
   110641  40.645093 -124.002751    18.729    19423.3    10533.9    -2698.7    545.6    421.1    617.9 2022 12 25  9 11 59.060  0.70   1
   110643  40.539107 -123.913664    23.176    26985.3    -1235.3     1748.4    513.2    586.4    308.7 2023  2 16 18  3 27.440  1.53   1
   110644  40.563245 -123.979110    23.569    21437.4     1445.0     2141.4    533.8    409.8    358.2 2023  2 13  5 45 35.220  1.23   1
   110646  40.567664 -124.414095    27.904   -15403.8     1935.7     6476.3    669.6    699.4   1113.1 2023  2  6 20 12  2.580  1.35   1
   110647  40.566691 -124.173714    20.619     4955.0     1827.7     -808.4    523.4    361.5    569.3 2022 12 20 19  6 23.200  1.47   1
   110649  40.520064 -124.366634    23.165   -11388.2    -3350.0     1738.1    717.1    661.0    761.4 2022 12 25 23 13 35.000  1.83   1
   110650  40.704045 -123.958049    22.224    23197.0    17080.2      796.7    667.2    477.1    493.2 2022 12 26  9 16 16.030  1.67   1
   110651  40.618355 -123.817773    26.440    35087.6     7564.8     5013.2    819.9    571.3   1005.4 2023  4  8  3  4 20.710  1.95   1
   110652  40.515511 -124.439795    18.058   -17587.2    -3855.6    -3369.1    550.9    641.0    937.1 2023  2  8 14 16 55.210  1.31   1
   110653  40.531873 -124.402751    18.730   -14446.8    -2038.7    -2696.7    442.7    368.4    506.7 2022 12 26  8 29 16.340  0.84   1
   110654  40.595650 -124.003092    22.907    19401.5     5043.5     1479.4    565.4    496.8    524.2 2022 12 24 22 12 36.600  2.10   1
   110655  40.568258 -124.018514    22.816    18099.3     2001.7     1388.5    417.0    379.5    427.1 2023  4 30 12 38 22.840  0.62   1
   110656  40.584989 -124.210938    25.626     1802.1     3859.7     4199.0   1175.9    693.9   1301.4 2023  1 20 22  9 26.880  0.94   1
   110660  40.538025 -124.342261    16.603    -9321.9    -1355.5    -4824.4    331.1    247.9    518.8 2022 12 31 15  5 32.620  1.28   1
   110663  40.578800 -123.959017    24.609    23136.5     3172.4     3181.3    571.9    463.9    740.5 2022 12 21 22 26 11.040  1.39   1
   110664  40.550517 -123.977645    21.402    21563.5       31.6      -25.2    579.0    470.9    561.6 2022 12 20 16  1 13.350  1.61   1
   110665  40.489063 -124.515112    17.571   -23973.3    -6792.6    -3856.6    743.2    686.3   1127.6 2023  4  6  4 40 19.060  0.75   1
   110666  40.501778 -124.468009    17.564   -19979.7    -5380.6    -3862.8    477.3    522.0    767.4 2022 12 29  8 32 33.620  1.49   1
   110667  40.599089 -124.331527    20.707    -8408.8     5425.3     -720.3    635.0    414.0   1465.3 2022 12 25  7 56 23.340  0.72   1
   110671  40.583341 -124.092253    23.312    11852.8     3676.7     1884.9    385.7    346.1    376.8 2022 12 20 23  1 57.840  1.31   1
   110672  40.536609 -124.350024    18.278    -9979.7    -1512.8    -3148.8    390.0    328.3    613.4 2023  4 15  0  7  1.200  0.77   1
   110673  40.582263 -124.208683    25.537     1993.1     3556.9     4109.8    567.6    356.5    713.7 2022 12 21 16 59 16.830  0.92   1
   110674  40.551941 -124.225822    17.877      541.8      189.8    -3550.6    415.1    352.3    486.3 2022 12 23  5  1 13.690  1.08   1
   110675  40.703048 -123.931958    22.500    25404.6    16969.5     1073.2    662.1    526.5    568.1 2022 12 22 16 21 35.960  1.66   1
   110676  40.479004 -124.403084    20.160   -14480.8    -7909.5    -1267.0    600.0    545.9    705.3 2023  1 30 10 56 56.600  0.99   1
   110677  40.512268 -124.438021    17.761   -17437.3    -4215.7    -3665.8    416.7    470.1    531.3 2022 12 23  0 10 35.700  1.04   1
   110678  40.519613 -124.429045    16.340   -16675.9    -3400.1    -5087.6    495.8    446.8    839.8 2023  1  8  2 15 56.440  1.14   1
   110679  40.513143 -124.438525    16.736   -17479.9    -4118.6    -4691.4    330.3    306.4    575.4 2023  4 20 15 36 20.100  0.92   1
   110681  40.639640 -123.911434    21.414    27153.9     9928.4      -13.1    645.4    521.5    661.4 2022 12 21  2 53 42.600  1.60   1
   110683  40.504610 -124.455273    19.782   -18900.2    -5066.1    -1645.6    324.0    420.3    487.4 2022 12 21  8 21  0.830  1.29   1
   110685  40.534265 -124.370093    24.341   -11680.0    -1773.0     2914.1    846.9    595.6   1367.7 2023  1 29  2 21 34.040  0.86   1
   110686  40.547925 -124.309798    17.788    -6571.5     -256.2    -3639.1    646.7    321.2    554.5 2022 12 20 19 42 50.340  1.43   1
   110687  40.638643 -124.045793    19.817    15780.8     9817.7    -1610.3    900.3    530.4    673.5 2022 12 26  1 31 33.690  1.21   1
   110688  40.679724 -123.882967    21.796    29554.8    14379.5      369.2    569.5    481.5    617.2 2022 12 20 16  7 38.970  2.01   1
   110689  40.555164 -123.759749    21.820    40018.8      547.6      393.2    587.5    847.7    390.5 2022 12 22  0 56 27.730  0.68   1
   110692  40.510197 -124.468726    20.819   -20039.2    -4445.7     -607.9    693.8    513.4    729.7 2022 12 29 10 57 23.460  1.08   1
   110694  40.521720 -124.446021    18.120   -18113.8    -3166.1    -3307.2    404.7    350.9    813.3 2022 12 29  5 31  8.470  1.04   1
   110695  40.550883 -124.225098    17.587      603.2       72.3    -3840.1    451.7    252.4    403.7 2022 12 24  5  9  2.290  1.55   1
   110697  40.573922 -124.220418    16.610      999.3     2630.6    -4817.1    410.6    258.4    456.0 2022 12 23 20 30 28.480  1.23   1
   110698  40.541231 -124.238298    18.294     -515.0     -999.5    -3132.9    395.6    386.6    448.7 2023  1 26  5 47 35.730  1.04   1
   110699  40.509701 -124.413151    18.795   -15330.4    -4500.8    -2632.7    400.4    461.9    581.4 2022 12 22  9  7 10.520  0.52   1
   110700  40.575883 -124.213965    18.032     1545.9     2848.4    -3395.5    388.6    258.6    638.0 2022 12 25  3 58 23.130  0.90   1
   110702  40.629415 -123.952962    22.523    23640.4     8792.9     1095.7    787.3    644.8    951.2 2022 12 20 23 26 24.700  1.53   1
   110703  40.529806 -124.328524    17.598    -8158.7    -2268.3    -3829.2    498.4    498.6    504.9 2022 12 22 14 28 55.050  1.12   1
   110705  40.514644 -123.880949    21.721    29762.0    -3951.8      294.1    448.4    591.2    582.8 2023  3  1  0 37 17.190  1.45   1
   110706  40.559749 -123.994482    23.855    20135.9     1056.9     2427.7    572.8    443.6    311.5 2022 12 20 23 41  1.760  1.68   1
   110707  40.545459 -123.840462    21.890    33184.7     -530.0      462.8    409.3    537.0    445.5 2022 12 21 22 14 18.520  1.56   1
   110708  40.576522 -124.207511    17.657     2092.4     2919.4    -3770.4    464.2    275.2    490.0 2023  3  5  0 34 58.820  1.58   1
   110710  40.605509 -124.142017    17.990     7637.4     6138.3    -3437.1    351.6    370.0    529.6 2023  1 14  1 10 27.140  1.46   1
   110711  40.612313 -124.071452    20.855    13611.4     6893.8     -572.6    503.6    291.3    504.2 2022 12 20 21  2 39.800  1.14   1
   110712  40.545475 -123.950326    23.037    23878.5     -528.2     1610.0    417.9    657.3    388.6 2023  1 10 19 11 36.040  1.34   1
   110715  40.610767 -124.087769    16.698    12230.1     6722.1    -4729.0    495.6    484.2    510.1 2022 12 20 21 22 37.100  1.23   1
   110716  40.585128 -123.889575    20.942    29015.9     3875.0     -485.0    608.0    504.2   1151.4 2022 12 22  1 50 13.650  0.65   1
   110717  40.608354 -124.287638    19.482    -4692.3     6454.2    -1944.8   1272.2    474.2   1014.3 2023  4  9 21 13 25.880  0.97   1
   110718  40.523470 -124.429338    19.463   -16700.2    -2971.8    -1963.8    417.7    449.0    567.4 2022 12 22  3 44  5.310  1.01   1
   110720  40.586487 -124.206958    20.805     2139.1     4025.9     -622.5    419.8    267.1    507.3 2022 12 21  1 23  1.660  0.93   1
   110721  40.550301 -124.306844    17.941    -6321.1        7.7    -3486.0    430.8    308.7    613.9 2022 12 20 16 43 44.910  1.41   1
   110722  40.550028 -124.311304    17.922    -6698.9      -22.6    -3505.6   1143.8    433.0    959.8 2022 12 20 19 45  5.720  1.04   1
   110723  40.465902 -124.543571    21.416   -26389.4    -9364.5      -11.0    670.0    751.2    975.0 2022 12 22  7 29 30.560  0.68   1
   110724  40.517367 -124.346965    19.506    -9721.9    -3649.6    -1920.9    398.2    441.4    633.9 2022 12 22  8 32 21.500  0.63   1
   110725  40.548747 -124.314640    17.762    -6981.6     -164.9    -3664.9    351.8    284.3    578.5 2022 12 24 21 51 17.000  0.84   1
   110726  40.519035 -124.424618    20.068   -16300.8    -3464.3    -1359.0    324.9    365.1    587.8 2022 12 25 10 58 46.850  0.74   1
   110727  40.515592 -124.355379    19.376   -10435.0    -3846.6    -2051.5    610.3    647.8    809.7 2022 12 26 20 22  8.180  1.12   1
   110728  40.519751 -124.420622    19.721   -15962.2    -3384.8    -1706.5    244.9    264.8    443.8 2023  1  3 14 30 47.720  1.13   1
   110729  40.578707 -124.206852    17.969     2148.2     3162.0    -3458.6    467.9    280.6    473.0 2023  1  4 10 27 27.700  1.40   1
   110730  40.550777 -124.299919    23.087    -5734.5       60.5     1660.0    633.1    482.2    726.8 2023  1 27  5 50 36.430  1.31   1
   110731  40.511690 -124.439722    18.474   -17581.5    -4279.9    -2953.2    402.6    366.4    716.3 2023  3 16 18  8 14.040  1.34   1
   110735  40.534607 -124.349780    17.896    -9959.2    -1735.1    -3531.0    568.2    446.6    682.2 2022 12 20 21 52 17.400  1.04   1
   110736  40.502983 -124.331616    18.750    -8422.4    -5246.8    -2677.0    426.0    438.9    538.2 2022 12 22  5 34 15.770  1.28   1
   110737  40.523319 -124.427336    18.373   -16530.6    -2988.5    -3054.1    459.9    473.4    665.8 2022 12 22 10 19 33.470  1.21   1
   110738  40.546838 -124.317619    19.100    -7234.0     -376.8    -2327.4    516.3    452.8    886.3 2022 12 26 12 16 44.250  0.71   1
   110739  40.522119 -124.421680    18.133   -16051.6    -3121.8    -3293.8    490.4    482.4    735.4 2023  1 11  1 42 23.060  2.03   1
   110743  40.581978 -124.199121    17.869     2802.8     3525.3    -3558.7    406.5    289.3    626.8 2023  3 25 16 17 15.180  0.90   1
   110745  40.516597 -124.432878    17.756   -17001.0    -3734.9    -3670.8    477.0    392.8    541.8 2023  1 20  8 32 25.670  1.94   1
   110746  40.516272 -124.456006    19.565   -18960.6    -3771.1    -1862.6    450.2    457.4    637.7 2023  2 15 19 15 16.420  1.23   1
   110747  40.544405 -124.345125    19.906    -9564.1     -647.0    -1521.0    428.9    443.5    480.8 2022 12 23 14  7  9.940  0.88   1
   110748  40.552266 -124.444141    24.926   -17950.5      225.9     3498.3    749.7    639.2   1222.7 2022 12 20 15 58 21.830  1.76   1
   110749  40.500614 -124.460555    15.820   -19348.3    -5509.8    -5607.6    450.2    426.9    710.3 2022 12 26  6 35 42.200  1.15   1
   110750  40.593005 -124.118815    17.229     9602.7     4749.8    -4198.3    445.3    297.4    448.3 2023  1 14  6 13 33.720  1.13   1
   110751  40.576152 -123.985938    20.833    20857.1     2878.3     -593.9    655.9    585.0    721.1 2022 12 20 17 38 50.000  1.62   1
   110752  40.578959 -124.205029    19.995     2302.6     3190.0    -1432.1    649.9    268.7    648.0 2022 12 22 21 13 37.280  0.95   1
   110753  40.527454 -124.325260    17.663    -7882.4    -2529.4    -3764.6    364.3    343.0    664.1 2022 12 22 22  2  6.300  1.11   1
   110754  40.524959 -124.357267    18.394   -10594.2    -2806.4    -3033.6    470.5    437.0    508.8 2022 12 22 22 45  9.160  1.52   1
   110755  40.715686 -123.840112    21.806    33172.4    18372.9      379.0    609.2    559.8    764.9 2022 12 23  7 52 54.590  1.22   1
   110757  40.525024 -124.343831    19.000    -9455.9    -2799.2    -2427.3    409.0    387.7    548.3 2022 12 28 13 28 43.290  1.64   1
   110758  40.552356 -124.236621    19.902     -372.9      235.9    -1525.6    464.6    342.3    441.8 2023  1 15 15 14  5.770  1.41   1
   110759  40.513013 -124.407886    22.215   -14883.9    -4133.0      787.6    370.0    483.1    675.7 2023  2 10 21  1  5.660  1.17   1
   110761  40.587154 -124.150130    21.802     6951.3     4100.0      375.2    395.9    293.2    322.8 2023  1 21 22  3  8.900  1.49   1
   110765  40.521578 -124.399162    18.376   -14143.9    -3181.9    -3051.0    647.8    533.7    793.7 2022 12 24  2 43 20.530  1.79   1
   110766  40.498686 -124.443229    19.242   -17880.4    -5724.0    -2185.5    407.5    449.6    581.4 2023  2  7 19 48  3.920  1.35   1
   110767  40.505843 -124.477637    17.920   -20794.9    -4929.2    -3507.7    438.0    491.4   1148.4 2023  5  3  4 14 16.070  1.55   1
   110768  40.536637 -124.342000    18.625    -9300.0    -1509.6    -2802.5    386.2    312.0    625.2 2023  2 17 23 11 43.020  1.41   1
   110769  40.578255 -124.209741    17.858     1903.5     3111.9    -3569.5    415.1    343.0    599.1 2022 12 22 11 55 31.760  1.02   1
   110770  40.594096 -124.097266    25.527    11427.4     4870.9     4099.9    563.3    683.4    548.7 2023  1  4  8 48  8.840  1.05   1
   110771  40.516630 -124.443791    18.067   -17925.6    -3731.3    -3360.7    475.4    691.7    919.1 2022 12 21 11 33 42.730  2.09   1
   110772  40.519157 -124.421883    16.596   -16069.2    -3450.7    -4831.0    604.8    350.8    975.2 2022 12 22  1 51 31.680  0.96   1
   110773  40.505273 -124.367521    19.927   -11464.6    -4992.4    -1500.3    992.3    746.9   1047.7 2023  4 10 15 18 48.100  0.74   1
   110774  40.517110 -124.430404    18.055   -16791.3    -3678.0    -3371.9    350.5    349.5    729.4 2022 12 22 13 45 54.290  0.88   1
   110778  40.594454 -124.093026    21.695    11786.4     4910.6      268.0    372.8    505.6    529.6 2022 12 20 13 10 43.400  0.88   1
   110780  40.515381 -124.437866    18.609   -17423.8    -3870.1    -2817.8    359.2    414.0    581.9 2023  1 27  2 38 13.190  1.41   1
   110781  40.604317 -124.026115    21.109    17450.9     6005.9     -318.2    564.2    374.1    704.1 2022 12 22  7 36 42.420  0.86   1
   110782  40.518123 -124.417334    17.230   -15683.9    -3565.5    -4197.3    422.8    477.6    633.3 2023  1 19  4 55  2.650  1.72   1
   110783  40.534465 -124.243880    19.887     -987.9    -1750.9    -1539.8    465.6    361.0    603.3 2022 12 21  9 13 55.700  1.90   1
   110785  40.597673 -124.097998    15.955    11365.1     5268.1    -5472.1    468.0    273.0    325.0 2023  3 27 13  6 21.780  0.85   1
   110786  40.514579 -124.440145    18.265   -17617.0    -3959.1    -3162.6    426.7    442.8    684.0 2022 12 21 10 46 12.660  1.82   1
   110787  40.586023 -124.161157    20.530     6017.6     3974.4     -897.4    367.1    387.9    434.5 2022 12 22  9 24 48.500  0.91   1
   110788  40.658590 -124.008252    19.284    18955.7    12032.6    -2143.1    817.1    570.9   1076.8 2022 12 22  1 16  9.260  0.66   1
   110789  40.522620 -124.413835    18.574   -15386.9    -3066.2    -2853.2    550.2    447.1    616.3 2022 12 23 19 12 41.740  1.83   1
   110790  40.567114 -124.191317    23.200     3464.1     1874.7     1772.3    428.0    343.6    450.4 2022 12 24 15 43 41.860  0.86   1
   110791  40.526298 -124.413835    25.005   -15386.4    -2657.8     3578.1    720.2    776.7    879.2 2022 12 21 21 14 36.000  0.82   1
   110793  40.516341 -124.414998    20.767   -15486.2    -3763.4     -660.5    442.5    393.4    493.9 2022 12 26 14 17  3.520  0.91   1
   110794  40.595614 -124.113932    18.505    10016.0     5039.4    -2921.9    341.3    349.5    420.8 2023  3 11 16 16 54.220  1.44   1
   110796  40.542155 -124.334473    17.501    -8661.9     -896.9    -3926.3    330.3    270.9    578.1 2022 12 22  1 52 50.750  1.67   1
   110797  40.519743 -124.357048    19.100   -10576.0    -3385.7    -2327.2    263.9    276.3    482.1 2022 12 24 21 53 24.440  1.63   1
   110798  40.541125 -124.307308     5.825    -6360.9    -1011.2   -15602.1   1360.1    653.0   5303.3 2023  1 22  8 49 33.400  0.91   1
   110799  40.524369 -124.401017    19.532   -14300.8    -2871.9    -1894.8    802.8    636.6    624.2 2022 12 20 10 40 17.470  2.91   1
   110801  40.556213 -124.234766    19.721     -215.7      664.2    -1706.0    526.2    396.6    625.0 2022 12 20 12 16  5.480  2.04   1
   110802  40.577962 -124.081803    18.716    12738.2     3079.3    -2710.9    487.3    364.1    406.5 2022 12 21  0 15 31.010  2.88   1
   110803  40.653898 -124.018709    18.672    18071.3    11511.7    -2755.3    482.6    424.9    660.0 2022 12 22  5 56 58.350  0.78   1
   110804  40.518123 -124.439054    19.682   -17524.1    -3565.5    -1745.3    391.7    362.5    513.8 2022 12 20 20 38 36.440  1.22   1
   110806  40.514380 -124.433333    18.640   -17039.9    -3981.2    -2787.1    501.2    709.2    842.6 2023  2  1  8 26 47.510  1.32   1
   110808  40.533049 -124.340951    18.722    -9211.3    -1908.1    -2705.5    386.0    363.1    474.6 2023  3 31  1 48 56.260  0.92   1
   110809  40.523303 -124.424927    19.931   -16326.5    -2990.3    -1496.3    446.6    470.7    503.6 2022 12 22  0 38 39.810  1.01   1
   110810  40.616182 -124.078239    16.953    13036.4     7323.5    -4474.6    356.0    308.9    442.6 2023  1  4  6 36 41.150  1.09   1
   110812  40.604142 -124.131079    18.622     8563.5     5986.5    -2805.4    370.2    361.8    676.2 2023  2  2  5 38 31.180  0.92   1
