   101475  40.580623 -123.982015    20.631    21188.6     3374.8     -796.5    678.5    482.4    648.6 2020  1  4 12 29  8.640  0.00   1
   101476  40.581421 -123.981958    20.439    21193.3     3463.4     -988.5    666.0    480.6    655.1 2020  2 13 22 21 36.940  0.00   1
   101477  40.581278 -123.981527    20.799    21229.8     3447.6     -627.8    494.9    384.8    683.4 2020  3 19  1  4 26.040  0.00   1
   101481  40.581417 -123.982520    20.464    21145.7     3462.9     -962.8    577.0    411.7    575.3 2021  3 29 15 56 33.780  0.00   1
   101482  40.581429 -123.981576    20.533    21225.7     3464.3     -893.9    651.9    459.6    675.6 2021  3 29 13 44 54.940  0.00   1
   101483  40.581840 -123.981795    20.487    21207.0     3509.9     -940.3    633.6    446.4    661.7 2021  3 30 14 30 26.580  0.00   1
   101484  40.581470 -123.981486    20.544    21233.3     3468.8     -883.4    654.2    451.3    705.3 2021  3 30 16 56 58.820  0.00   1
   101487  40.581759 -123.981641    20.569    21220.1     3500.9     -858.3    542.0    419.3    653.1 2021  9 19 18 51 35.660  0.00   1
   101488  40.582113 -123.978101    20.472    21519.9     3540.2     -955.2    515.0    412.5    522.6 2021 12  7  4 20 27.260  0.00   1
   101564  40.534001 -124.288078    11.414    -4732.1    -1802.4   -10012.8   1010.1    456.5    782.4 2020  1  4 11 37 20.680  0.00   1
   102513  40.563684 -124.121631    22.562     9366.3     1493.8     1134.5    730.2    359.0    674.9 2020  1 21 18 29 29.080  0.00   1
   102514  40.565674 -124.121712    22.437     9359.3     1714.8     1009.7    580.8    391.6    669.2 2020  1 21 18 17 50.920  0.00   1
   102517  40.565519 -124.120955    22.623     9423.4     1697.6     1195.8    600.8    369.1    603.8 2020  1 21 18 17 12.580  0.00   1
   102584  40.564160 -124.119548    22.625     9542.8     1546.7     1197.5    682.9    410.3    542.1 2021 12 19 16 15 38.560  0.00   1
   102602  40.479643 -124.513395    24.675   -23829.4    -7838.6     3248.1    683.7    706.3   1490.7 2021  8 10 19 30 57.060  0.00   1
   102603  40.484135 -124.508870    25.318   -23445.2    -7339.8     3890.5    873.1    861.4   1566.6 2021  8 28  7 10 22.180  0.00   1
   102606  40.478796 -124.510881    25.111   -23616.4    -7932.6     3683.9    764.6    805.5   1512.8 2021 11  9 13 23 16.920  0.00   1
   102608  40.483586 -124.506543    25.852   -23248.0    -7400.8     4425.0    838.0    867.3   1473.6 2022  9  7 17 54 42.580  0.00   1
   102707  40.435925 -124.602441    24.957   -31386.1   -12693.2     3530.2    385.2    532.8   1089.0 2020  1  5 11  4 39.240  0.00   1
   102709  40.435917 -124.602433    24.923   -31385.4   -12694.1     3495.6    356.2    456.4    960.7 2020  3 12 15 20 18.660  0.00   1
   102710  40.435921 -124.602401    24.953   -31382.7   -12693.7     3525.3    250.8    387.1    878.1 2020  3 19  0  0 12.240  0.00   1
   102711  40.436056 -124.602507    24.925   -31391.6   -12678.8     3498.2    494.6    564.8   1321.1 2020  4 15  6 22 46.200  0.00   1
   102713  40.435958 -124.602368    24.968   -31379.9   -12689.6     3541.0    308.7    492.0    964.9 2020  5  1 21 27  1.720  0.00   1
   102715  40.436361 -124.602637    25.009   -31402.6   -12644.9     3582.1    332.5    465.6   1080.8 2020  5 19  4 18  4.680  0.00   1
   102716  40.436658 -124.602686    24.914   -31406.6   -12611.9     3486.7    372.8    501.1   1086.5 2020  5 19 15 58 35.460  0.00   1
   102717  40.436772 -124.602832    24.885   -31419.0   -12599.2     3458.1    347.1    462.2   1117.9 2020  5 19  8 56  4.240  0.00   1
   102718  40.436125 -124.602563    24.768   -31396.4   -12671.1     3340.6    306.0    563.1   1403.0 2020  6  2  1 55 48.260  0.00   1
   102719  40.435950 -124.602344    24.943   -31377.8   -12690.5     3516.1    315.1    438.0    925.9 2020  6  9 10 29  1.040  0.00   1
   102720  40.435856 -124.601668    24.852   -31320.6   -12700.9     3424.6    437.5    505.1   1363.6 2020  6  9 11 54 57.660  0.00   1
   102721  40.435933 -124.602368    25.006   -31379.9   -12692.3     3578.7    345.7    501.5    894.3 2020  6 11 11 48 29.660  0.00   1
   102723  40.435933 -124.602425    24.904   -31384.7   -12692.3     3476.3    253.8    394.3    890.1 2020  6 28  9  4 35.860  0.00   1
   102727  40.435925 -124.602425    24.937   -31384.7   -12693.2     3509.3    291.4    452.7    911.0 2020  9 21 21 53 10.520  0.00   1
   102728  40.435978 -124.602547    24.856   -31395.1   -12687.4     3429.1    334.7    671.1   1124.9 2020  9 28  9 34 39.840  0.00   1
   102729  40.435958 -124.602482    24.828   -31389.6   -12689.6     3400.4    336.2    635.5    941.4 2020  9 29 16 42 12.380  0.00   1
   102730  40.435958 -124.602450    24.863   -31386.8   -12689.6     3435.6    273.2    489.7    886.6 2020  9 29 16  6 55.980  0.00   1
   102731  40.436414 -124.602539    24.964   -31394.3   -12639.0     3536.3    281.1    412.8    985.4 2020 10  8  8 34 56.540  0.00   1
   102732  40.436186 -124.602490    24.866   -31390.2   -12664.3     3439.1    399.9    555.7   1028.6 2020 10 13 22  5 11.460  0.00   1
   102733  40.435933 -124.602425    24.939   -31384.7   -12692.3     3511.4    311.0    412.7    927.5 2020 11 11  2 48 36.380  0.00   1
   102734  40.436015 -124.602987    24.323   -31432.3   -12683.3     2895.9    407.1    873.0   1335.0 2020 12 19  3 23 42.480  0.00   1
   102736  40.435986 -124.602458    24.874   -31387.5   -12686.4     3446.9    361.4    654.8   1308.5 2021  1 21 20 46 20.820  0.00   1
   102737  40.435966 -124.602507    24.825   -31391.6   -12688.7     3397.9    349.9    649.4    946.7 2021  2 12  4 31  7.420  0.00   1
   102738  40.435954 -124.602507    24.887   -31391.6   -12690.1     3459.6    321.4    614.5   1088.9 2021  2 12 20  8 51.240  0.00   1
   102739  40.435864 -124.602856    24.331   -31421.3   -12700.0     2903.9    549.7    915.6   1442.7 2021  2 12  4 29 14.400  0.00   1
   102740  40.435897 -124.602279    23.795   -31372.3   -12696.4     2368.0    340.3    446.3   1799.9 2021  2 20 23 40 36.700  0.00   1
   102741  40.436003 -124.602425    24.903   -31384.7   -12684.6     3475.6    263.5    467.5    923.2 2021  4 14  4 39 59.360  0.00   1
   102742  40.435925 -124.602393    24.901   -31382.0   -12693.2     3473.4    295.0    452.6    889.5 2021  4 14  1 27 41.100  0.00   1
   102743  40.435946 -124.602637    24.591   -31402.7   -12691.0     3163.5    281.4    515.3   1018.7 2021  4 14  5 38 37.620  0.00   1
   102745  40.436589 -124.602840    24.943   -31419.8   -12619.6     3515.3    278.7    429.9   1035.1 2021  5 17  6 53 57.120  0.00   1
   102749  40.435954 -124.602368    24.967   -31379.9   -12690.1     3539.7    305.4    446.5    956.0 2021  7 10 11 59 45.840  0.00   1
   102751  40.435954 -124.602401    24.953   -31382.7   -12690.1     3526.2    334.8    511.4    970.4 2021  8 31 18 13 15.560  0.00   1
   102754  40.435958 -124.602376    24.964   -31380.6   -12689.6     3537.2    303.7    455.8    961.7 2021  9 23  9 33 50.540  0.00   1
   102755  40.436296 -124.602254    24.984   -31370.2   -12652.1     3556.6    444.5    597.5   1058.1 2021  9 30 19 10  2.220  0.00   1
   102756  40.435783 -124.602279    24.763   -31372.3   -12709.0     3336.1    373.0    502.4    997.2 2021 10  8 23 40 58.400  0.00   1
   102759  40.435958 -124.602376    24.964   -31380.6   -12689.6     3537.1    306.2    442.6    961.5 2021 11  4  9  5 14.280  0.00   1
   102761  40.435978 -124.602441    24.875   -31386.1   -12687.4     3448.2    364.1    519.6    999.6 2021 12  9 20 12 36.400  0.00   1
   102763  40.435954 -124.602409    24.872   -31383.3   -12690.1     3445.2    391.7    490.8   1043.5 2021 12 18  5 17 48.600  0.00   1
   102764  40.435950 -124.602384    24.968   -31381.3   -12690.5     3540.7    277.8    408.3    912.2 2021 12 20  7 12 18.880  0.00   1
   102768  40.430729 -124.604744    24.662   -31582.6   -13270.2     3234.4    631.5    929.3   1481.2 2022  2 24 23 18 18.200  0.00   1
   102773  40.435836 -124.602360    24.969   -31379.2   -12703.2     3541.4    380.0    483.0    968.1 2022  4 10 14  1 19.800  0.00   1
   102775  40.436287 -124.602254    24.986   -31370.2   -12653.0     3558.6    435.1    585.3   1042.4 2022  5 12 21 39 49.620  0.00   1
   102776  40.435722 -124.601758    24.808   -31328.2   -12715.8     3380.4    418.3    753.2   1155.6 2022  5 15 21 30 42.600  0.00   1
   102777  40.435990 -124.602311    24.629   -31375.1   -12686.0     3202.0    415.9    497.6    993.9 2022  6  2  9 50 27.060  0.00   1
   102778  40.433675 -124.602743    25.149   -31412.2   -12943.1     3722.1    682.9    912.5   1265.6 2022  6 17  0 59 30.760  0.00   1
   102780  40.435693 -124.602262    24.935   -31371.0   -12719.0     3507.4    382.2    508.3   1020.0 2022  7 21  2 41 31.540  0.00   1
   102781  40.435950 -124.602498    24.801   -31390.9   -12690.5     3373.6    344.1    550.4    952.9 2022  7 28  9 22  9.400  0.00   1
   102783  40.436206 -124.602352    24.951   -31378.5   -12662.0     3523.9    549.1    804.5   1407.5 2022  8 24 18 40  2.660  0.00   1
   102785  40.436218 -124.602450    24.920   -31386.7   -12660.7     3493.2    416.1    571.5   1231.8 2022  8 29 10  0 58.040  0.00   1
   102786  40.436051 -124.602531    24.940   -31393.7   -12679.2     3512.8    263.2    424.5    914.1 2022  9 18 15 28 46.440  0.00   1
   102787  40.435929 -124.602425    24.945   -31384.7   -12692.8     3517.3    416.6    582.3   1122.1 2022 10  2 19 33 34.380  0.00   1
   102789  40.435852 -124.602580    24.847   -31397.9   -12701.4     3419.9    383.8    689.1    988.7 2022 10 17  4 45 23.620  0.00   1
   102790  40.436015 -124.602555    24.882   -31395.8   -12683.3     3454.7    245.4    416.4    913.9 2022 10 19 22 24 12.120  0.00   1
   102792  40.436023 -124.602531    24.898   -31393.7   -12682.4     3470.6    324.5    468.5   1053.3 2022 11  4 23 19 49.560  0.00   1
   102793  40.436039 -124.602498    24.935   -31390.9   -12680.6     3507.7    311.4    533.1   1015.6 2022 11 28  6 17 43.580  0.00   1
   102871  40.521411 -124.421395    23.852   -16027.5    -3200.4     2425.1    741.1    630.2   1357.8 2021 12 21 11 40 42.620  0.00   1
   102873  40.522632 -124.419816    23.733   -15893.6    -3064.9     2305.6    685.5    698.0   1695.6 2021 12 27  5 28 17.460  0.00   1
   102877  40.518949 -124.415487    24.146   -15527.2    -3473.8     2719.2    655.6    619.3   1344.8 2022 11 12  9 39  9.180  0.00   1
   102881  40.579793 -123.891545    22.489    28850.3     3282.7     1061.9    605.5    496.2    652.6 2020  6  5  7 17 17.540  0.00   1
   102882  40.586230 -123.896558    22.312    28424.4     3997.5      884.9    479.9    673.8    594.6 2021  8 31 10  1 55.460  0.00   1
   102884  40.583142 -123.894759    22.719    28577.4     3654.5     1292.1    565.8    707.0    829.3 2022  7  8 14 14 25.800  0.00   1
   102885  40.574731 -123.892106    22.385    28803.8     2720.6      958.2    861.5    526.7    612.8 2022 10 15  6 34 45.100  0.00   1
   102906  40.549573 -124.496899    25.807   -22419.8      -73.2     4380.1   1057.8    869.4   1387.1 2020  1  8  5 26 50.000  0.00   1
   102908  40.549158 -124.499284    25.699   -22621.8     -119.3     4271.6    881.0    762.9   1353.5 2020 10 11 20 54  2.280  0.00   1
   102909  40.545247 -124.502726    27.445   -22914.1     -553.5     6017.9    796.3    699.3   1269.6 2021  4 28 19 33 47.460  0.00   1
   102910  40.547074 -124.498210    26.461   -22531.2     -350.6     5033.3    896.8    682.1   1255.7 2021  6 12  7 57 57.640  0.00   1
   102911  40.545850 -124.504354    25.624   -23051.9     -486.6     4197.2    750.7    713.7   1394.9 2021  6 22  2 52 24.640  0.00   1
   102915  40.546187 -124.504427    25.540   -23058.0     -449.1     4112.4    709.4    669.4   1383.7 2021 11 28 13  7  4.440  0.00   1
   102916  40.548153 -124.500269    25.700   -22705.4     -230.9     4272.3    832.8    732.5   1323.9 2021 12 21 13 58 37.080  0.00   1
   102917  40.549320 -124.498421    25.544   -22548.7     -101.2     4116.6    862.7    729.7   1247.7 2021 12 21  8 24 22.960  0.00   1
   103853  40.623983 -123.942367    20.894    24538.4     8189.7     -532.9    953.6    769.4    964.6 2020  1 15 17  9  9.680  0.00   1
   103854  40.621322 -123.945158    20.722    24302.5     7894.2     -705.4    750.3    543.0    873.1 2020  9  6  8  2 35.820  0.00   1
   103855  40.625228 -123.945768    20.860    24250.1     8328.0     -566.9    887.9    764.2    932.8 2021 11 17  1 30  5.520  0.00   1
   103856  40.624947 -123.946313    21.025    24204.0     8296.8     -401.8    947.1    718.7   1008.2 2022  1 29  9  3 15.000  0.00   1
   103857  40.624890 -123.945207    21.105    24297.7     8290.4     -322.5    840.9    613.7    995.6 2022  5 22  1 31 29.140  0.00   1
   103859  40.625313 -123.945898    20.851    24239.1     8337.4     -576.0    878.7    726.6    905.1 2022  5 23  3 58 56.800  0.00   1
   103861  40.623596 -123.946525    20.867    24186.4     8146.8     -560.5    759.9    509.2    997.8 2022  7 27 10 38  4.700  0.00   1
   103862  40.624137 -123.946973    20.989    24148.4     8206.9     -438.5    804.8    625.0    925.4 2022 11 17 16  3 25.080  0.00   1
   103863  40.622453 -123.945638    20.970    24261.7     8019.8     -457.3    747.7    493.5    766.3 2022 11 20 23 28 37.040  0.00   1
   103948  40.584403 -123.918709    25.822    26548.9     3794.6     4394.9    717.7    612.6    880.8 2020  7 15 23 27 17.180  0.00   1
   103949  40.584334 -123.919344    25.735    26495.2     3786.9     4307.7    716.0    613.6    928.7 2020  7 15 23 27  7.480  0.00   1
   103953  40.585665 -123.920068    25.480    26433.6     3934.7     4052.8    697.4    410.1    698.7 2021  6 28 22 30 49.640  0.00   1
   103955  40.586865 -123.915877    26.050    26788.3     4068.0     4622.3    940.7    759.3    693.1 2021  8 18 13 15  3.800  0.00   1
   103957  40.585803 -123.910213    25.368    27268.1     3950.0     3940.5    556.2    456.1    756.9 2021  9 30  0  5  3.500  0.00   1
   103958  40.585571 -123.911678    25.393    27144.1     3924.3     3965.5    632.5    393.6    821.4 2021 10 16 22 17 33.780  0.00   1
   103963  40.585384 -123.916260    26.219    26756.2     3903.5     4791.8    903.5    642.8    781.4 2022 10  3  1 19 38.240  0.00   1
   104037  40.620581 -124.312826    19.009    -6824.2     7811.9    -2417.9    639.1    479.2   2221.7 2020  3 23  9 10 34.260  0.00   1
   104039  40.619983 -124.317049    20.442    -7181.8     7745.5     -985.4    709.3    373.0    924.3 2020  3 31  1 10 40.520  0.00   1
   104040  40.621077 -124.316016    18.627    -7094.3     7867.1    -2800.7    676.6    435.6   1945.7 2020 12 20  9 55 52.280  0.00   1
   104042  40.620565 -124.316081    18.433    -7099.8     7810.1    -2994.7    842.8    628.8   3104.7 2020 12 20 10 47 46.800  0.00   1
   104043  40.621171 -124.314762    19.564    -6988.2     7877.5    -1863.6    602.2    429.1   1121.5 2020 12 20 10 15 13.920  0.00   1
   104047  40.623926 -124.321940    17.383    -7595.7     8183.4    -4044.7    843.3    560.0   2421.2 2021  4 20 22 55  3.440  0.00   1
   104048  40.622746 -124.321541    15.900    -7562.0     8052.3    -5527.0    644.1    435.1   2029.0 2021  4 24 18 32 32.740  0.00   1
   104049  40.620886 -124.314648    18.836    -6978.5     7845.8    -2591.4    711.4    558.1   1840.9 2021  6 29 21  7 22.600  0.00   1
   104052  40.620870 -124.314079    19.040    -6930.3     7844.0    -2387.7    685.2    371.7   1212.6 2021  7  2  7 55 22.400  0.00   1
   104053  40.618640 -124.314136    21.023    -6935.3     7596.4     -404.2    916.1    524.4    996.6 2021  7  3 16 38 35.240  0.00   1
   104054  40.620968 -124.313566    18.940    -6886.9     7854.9    -2487.4    573.9    375.8   1341.2 2021  7 14 14 46 21.240  0.00   1
   104055  40.621008 -124.315975    18.794    -7090.8     7859.4    -2633.6    462.3    355.4   1541.7 2021  9 17 10  9 30.180  0.00   1
   104056  40.621086 -124.309521    18.037    -6544.5     7868.0    -3390.2    735.7    397.7    760.1 2021 11 18  9 48  5.620  0.00   1
   104060  40.621090 -124.309562    18.036    -6547.9     7868.4    -3391.2    732.6    392.4    757.8 2022  4 14 20  4 26.860  0.00   1
   104061  40.621379 -124.314559    19.150    -6970.9     7900.5    -2277.7    676.0    445.5   1092.9 2022  6 16 20 44 53.720  0.00   1
   104064  40.621122 -124.309570    18.042    -6548.6     7872.0    -3385.0    731.2    411.0    760.0 2022 10 23 23 59  6.320  0.00   1
   104510  40.560575 -124.132365    22.277     8457.4     1148.6      849.3    698.2    501.9    693.8 2020  1 21 18 16 13.040  0.00   1
   104721  40.506824 -124.556315    19.356   -27461.3    -4820.3    -2070.9    822.2   1436.3   3142.2 2022  8  9 15 44 36.880  0.00   1
   104905  40.508354 -124.418555    25.860   -15788.4    -4650.4     4432.4    754.8    779.3   1250.1 2020  6 22 15 25 24.880  0.00   1
   104911  40.510156 -124.420581    25.199   -15959.9    -4450.2     3771.7    682.3    595.1    933.0 2021  5 20 19 21 47.940  0.00   1
   104917  40.507389 -124.422868    25.222   -16154.0    -4757.5     3794.6    782.3    663.4   1076.1 2021  9 17 15 11 51.640  0.00   1
   104918  40.507104 -124.422843    25.259   -16152.0    -4789.1     3831.5    583.4    812.2   1078.7 2021 10  5 18 21 58.320  0.00   1
   104919  40.508748 -124.422225    25.291   -16099.4    -4606.6     3863.9    863.9    776.5   1209.3 2021 10 16  3 19 23.200  0.00   1
   104923  40.507853 -124.422681    25.049   -16138.1    -4706.0     3621.3    667.4    674.3   1189.7 2021 12 22  5 52  2.020  0.00   1
   104928  40.510107 -124.420492    25.226   -15952.3    -4455.6     3798.9    678.2    594.3    927.2 2022  1 30  2  6 57.660  0.00   1
   104932  40.510091 -124.420500    25.233   -15953.0    -4457.4     3805.5    679.8    593.9    933.9 2022  3  5  0 58 53.080  0.00   1
   104936  40.510018 -124.420589    25.242   -15960.6    -4465.6     3814.9    685.5    596.9    927.2 2022  7 27  2 17 47.560  0.00   1
   104940  40.521488 -124.495068    15.263   -22269.3    -3191.8    -6164.0    587.5    596.1   1569.5 2020  1 27  9 51 13.860  0.00   1
   104941  40.521297 -124.492814    15.592   -22078.4    -3213.1    -5835.6    535.4    681.0   1785.6 2020  2 20  6 32 59.280  0.00   1
   104942  40.521208 -124.493644    15.733   -22148.7    -3223.0    -5694.5    590.9    700.6    869.3 2020  4  6  9 21 20.960  0.00   1
   104943  40.520203 -124.493604    15.886   -22145.4    -3334.6    -5540.8    518.2    550.4   1917.1 2020 12 17 16 41  8.520  0.00   1
   104944  40.516927 -124.493359    17.209   -22125.3    -3698.3    -4218.5    558.9    495.0   1935.1 2020 12 19 14 18 19.400  0.00   1
   104945  40.517993 -124.496354    17.340   -22378.8    -3580.0    -4086.9    462.8    471.5    998.1 2021  5 24  0 40 45.520  0.00   1
   104946  40.517094 -124.495182    18.434   -22279.7    -3679.8    -2993.2    510.9    635.7   1575.1 2021 11  6  3 38 12.480  0.00   1
   105067  40.738586 -123.959106    22.774    23101.5    20915.9     1346.8   1646.1   1013.2   1699.6 2020  1 29 17 29  4.280  0.00   1
   105385  40.546501 -123.964665    21.190    22663.6     -414.3     -237.3    547.1    452.4    506.9 2021  4  1  4 46 23.960  0.00   1
   105390  40.600248 -123.978320    21.106    21498.4     5554.1     -321.2    841.4    542.4    889.7 2021  5 23 15 44  5.100  0.00   1
   105391  40.599129 -123.977507    21.428    21567.4     5429.8        0.8    695.2    570.0    579.0 2021  6 30  5 49 47.860  0.00   1
   105468  40.660982 -123.997884    24.106    19832.9    12298.3     2679.1    980.7    674.8   1568.5 2021 12 21  1 32 33.780  0.00   1
   105476  40.760514 -123.865511    21.809    31013.3    23350.9      381.6   1743.7   1194.9   1505.2 2021  4 17 11 13 27.660  0.00   1
   105477  40.758879 -123.865348    21.609    31027.5    23169.2      182.2    777.8    779.2   1260.7 2021  5 16 18 21  8.560  0.00   1
   105483  40.760510 -123.865617    21.785    31004.4    23350.4      358.2   1751.7   1195.0   1462.9 2022  5  4  3 34 42.980  0.00   1
   105706  40.595968 -124.052734    22.363    15198.0     5078.7      935.9    875.0    538.2    792.7 2020  2  8  2 28 57.160  0.00   1
   105713  40.598421 -124.048283    22.368    15574.6     5351.2      941.0    637.1    403.1    774.4 2021  8 21  3 33 28.140  0.00   1
   105954  40.545959 -124.065568    19.722    14116.5     -474.4    -1705.3    542.3    377.3    460.6 2020  2  8 19 52 44.320  0.00   1
   105955  40.545422 -124.067090    19.690    13987.6     -534.1    -1737.0    587.6    499.0    480.8 2020  2 23  1  6 17.520  0.00   1
   105956  40.544010 -124.062769    19.945    14353.8     -690.9    -1482.0    745.7    463.9    549.9 2020 10 23 10 31 25.740  0.00   1
   105957  40.544023 -124.062760    19.947    14354.5     -689.5    -1480.3    742.6    462.0    547.3 2021  2 19 15  2  5.840  0.00   1
   105958  40.544023 -124.062874    19.936    14344.9     -689.5    -1491.7    768.6    471.4    556.9 2021  7 27 12 42 23.820  0.00   1
   105960  40.545467 -124.067139    19.648    13983.5     -529.1    -1779.5    611.7    557.8    491.1 2021  9  6  1 57 48.460  0.00   1
   105961  40.544600 -124.059448    19.629    14635.0     -625.4    -1798.4    634.5    341.3    638.4 2021 10 30 15 54 35.980  0.00   1
   106005  40.594979 -124.086410    18.888    12346.6     4968.9    -2539.1    621.7    577.9    733.6 2020  4 19 13  8 57.480  0.00   1
   106006  40.596334 -124.078874    18.896    12984.6     5119.4    -2531.1    683.9    368.1    468.7 2020  6  7 18 47 39.820  0.00   1
   106007  40.593998 -124.084741    19.272    12487.9     4860.0    -2155.4    879.3    483.7    711.9 2020  7 20 16 45 35.520  0.00   1
   106008  40.595841 -124.089705    19.025    12067.4     5064.7    -2402.5    752.1    513.5    684.2 2021 11 25 11 31 45.620  0.00   1
   106009  40.596623 -124.089339    18.881    12098.4     5151.5    -2545.9    732.0    503.6    765.5 2022  1 31  2 46 32.380  0.00   1
   106065  40.535209 -124.393188    26.573   -13636.4    -1668.2     5145.8    892.8    783.5   1109.9 2020  2 11 17 54 25.540  0.00   1
   106069  40.501929 -124.449341    16.709   -18397.8    -5363.9    -4718.6    529.4    451.0    811.0 2021  7 22 12 38 41.980  0.00   1
   106070  40.501803 -124.446688    17.112   -18173.1    -5377.9    -4315.0    505.4    515.5    826.8 2021  8 21  7 21 12.600  0.00   1
   106079  40.639848 -123.982056    26.162    21175.8     9951.4     4735.1    809.6    539.3    781.7 2020  2 13 23  7 46.880  0.00   1
   106080  40.642741 -123.970304    28.141    22170.1    10272.7     6713.3    815.9    628.6   1350.1 2020  2 27  1  9  9.980  0.00   1
   106081  40.641760 -123.988957    27.194    20591.4    10163.8     5766.4    899.6    500.9    813.0 2020  6 29  6 46  6.840  0.00   1
   106082  40.639880 -123.965576    24.622    22570.8     9955.0     3194.9   1122.7    588.2   1826.6 2021 11 14 16 50 17.560  0.00   1
   106083  40.640283 -123.982723    26.413    21119.3     9999.8     4986.0    764.3    551.6    807.8 2022  2 10  2 19 50.980  0.00   1
   106084  40.640613 -123.982365    26.296    21149.6    10036.4     4869.1    718.2    530.7    760.7 2022  6  3  6  4  3.860  0.00   1
   106096  40.584330 -124.209074    21.098     1960.0     3786.5     -328.9   1098.0    454.2   1025.5 2021 11  2  4 49 56.460  0.00   1
   106102  40.515381 -124.420125    19.707   -15920.7    -3870.1    -1720.5    581.4    669.0    552.2 2022  7  6 11 29  4.460  0.00   1
   106103  40.515157 -124.419132    19.891   -15836.6    -3894.9    -1535.8    571.7    678.3    705.7 2022  8 16  8  0  8.060  0.00   1
   106104  40.515474 -124.418921    19.758   -15818.6    -3859.7    -1669.7    432.8    607.2    780.9 2022  8 29 21 57 39.860  0.00   1
   106135  40.554777 -124.213289    17.541     1603.3      504.7    -3886.5    837.5    324.4    528.0 2021  9 13  0  4  6.120  0.00   1
   106440  40.560193 -124.049178    23.020    15503.2     1106.1     1592.8    533.5    345.7    575.1 2021  9  4  5 13 46.140  0.00   1
   106496  40.593490 -124.106925    20.124    10609.5     4803.6    -1302.8    669.5    510.6    623.8 2021  8 27  1 44  5.160  0.00   1
   106497  40.590450 -124.102124    20.551    11016.3     4466.0     -876.4    636.3    346.9    630.2 2021 11 30  0 51 56.760  0.00   1
   106499  40.590763 -124.102661    20.434    10970.8     4500.8     -993.3    631.1    447.6    764.9 2022  1  8 11 15 11.920  0.00   1
   106609  40.610885 -123.848258    30.711    32508.5     6735.2     9284.0   1066.3    917.5   1125.8 2020  2 20 17 26 49.040  0.00   1
   106610  40.610889 -123.838672    28.721    33320.2     6735.7     7293.3    948.0    613.2   1109.5 2020  7 17 16 58  8.720  0.00   1
   106612  40.612651 -123.827645    28.365    34253.4     6931.3     6937.5   1058.2    867.7   1003.2 2021 11 24  2 11 55.300  0.00   1
   106613  40.610327 -123.833431    28.492    33764.1     6673.3     7065.2   1065.4    655.7    909.3 2022  5 21  1 58 58.180  0.00   1
   106614  40.511943 -124.416382    21.307   -15603.9    -4251.9     -120.6    623.9    710.4    721.8 2020  2 21 12  1 53.080  0.00   1
   106677  40.577209 -124.079159    19.182    12962.3     2995.7    -2245.2    515.5    403.4    573.6 2020  2 22  2  3 27.180  0.00   1
   106678  40.575960 -124.074186    19.706    13383.5     2857.0    -1721.7    564.6    497.6    528.1 2021  2 19 10 17 53.000  0.00   1
   106679  40.577482 -124.078491    19.382    13018.8     3026.0    -2045.3    531.6    406.3    575.0 2022  1 22 18 50  2.840  0.00   1
   106849  40.551567 -123.975285    21.240    21763.2      148.2     -187.6    606.2    534.4    622.1 2020  2 25 10 41 25.500  0.00   1
   106850  40.550993 -123.971362    21.279    22095.6       84.5     -148.2    593.5    435.3    577.8 2020  6 21 16  9 47.640  0.00   1
   106852  40.550330 -123.970955    21.271    22130.2       10.8     -155.9    518.2    487.6    668.3 2021  6 16 14  0 25.980  0.00   1
   106853  40.550859 -123.971484    21.286    22085.3       69.6     -141.6    439.9    472.9    492.5 2021  6 17 11 40 36.000  0.00   1
   106855  40.551095 -123.972599    21.227    21990.8       95.8     -200.3    621.4    484.2    595.9 2022  9 27  4 34 50.860  0.00   1
   106908  40.621993 -124.301978    20.468    -5905.8     7968.7     -959.5    792.1    616.3   1855.5 2021  4  2 11 45  2.260  0.00   1
   106909  40.623083 -124.292244    21.078    -5081.7     8089.8     -349.0    879.9    452.8   3567.5 2021  4  7  1 55 18.100  0.00   1
   106910  40.621134 -124.305469    19.591    -6201.4     7873.4    -1836.7    679.6    451.8   1573.4 2021 10 17 14 20 53.460  0.00   1
   106916  40.622135 -124.298242    18.715    -5589.5     7984.5    -2712.7    718.6    487.7   1820.1 2022  7 14  7 38  2.880  0.00   1
   106917  40.507772 -124.332723    17.807    -8515.9    -4715.0    -3620.0    604.2    715.8    832.9 2020  2 29  6 25 39.720  0.00   1
   106919  40.507874 -124.335099    18.025    -8717.2    -4703.7    -3401.8    491.7    522.4    680.6 2020  6 25 12 39 13.840  0.00   1
   106920  40.507890 -124.335026    18.023    -8711.0    -4701.9    -3404.2    491.4    521.9    683.3 2020  6 26 13 51 55.760  0.00   1
   106921  40.507865 -124.335107    18.021    -8717.9    -4704.6    -3406.2    488.8    522.6    674.5 2020  6 27  9  8 18.860  0.00   1
   106924  40.503548 -124.330868    18.849    -8358.9    -5184.0    -2577.8    488.3    535.0    713.7 2020  7 15 15 49 31.760  0.00   1
   106925  40.507853 -124.335132    18.021    -8720.0    -4706.0    -3406.5    486.6    522.3    671.9 2020  7 15  2 55 13.780  0.00   1
   106926  40.502291 -124.329395    19.202    -8234.2    -5323.6    -2225.1    617.2    571.7    735.5 2020  7 15  5  0 39.940  0.00   1
   106927  40.507894 -124.335042    18.025    -8712.4    -4701.4    -3402.1    492.7    522.0    687.0 2020  7 15 19 40 35.320  0.00   1
   106930  40.507894 -124.335050    18.026    -8713.1    -4701.4    -3401.6    492.8    521.9    685.8 2020  7 16 16  0 18.620  0.00   1
   106931  40.502254 -124.329346    19.210    -8230.0    -5327.7    -2217.6    615.7    569.3    731.9 2020  7 16 12 26  9.680  0.00   1
   106933  40.507878 -124.335832    18.459    -8779.3    -4703.3    -2968.2    618.2    685.1    834.0 2020 11 20 17 12 56.060  0.00   1
   106934  40.507983 -124.334741    17.817    -8686.9    -4691.5    -3609.9    692.7    735.7   1075.7 2021  5 12 18 32 23.080  0.00   1
   106937  40.507943 -124.334375    18.600    -8655.8    -4696.0    -2827.0    335.2    395.0    384.1 2021  7 11  5  6 12.560  0.00   1
   106939  40.507922 -124.334399    18.606    -8657.9    -4698.3    -2820.8    329.8    382.6    393.4 2021  7 11  7 17 55.760  0.00   1
   106940  40.507890 -124.334570    18.614    -8672.4    -4701.9    -2813.0    363.8    432.6    435.6 2021  7 11  4 14 40.000  0.00   1
   106941  40.507906 -124.334530    18.615    -8668.9    -4700.1    -2812.4    345.6    391.0    427.6 2021  7 11  3 36 34.760  0.00   1
   106942  40.507910 -124.334440    18.587    -8661.4    -4699.6    -2840.5    324.5    363.4    410.6 2021  7 11  2 14  1.880  0.00   1
   106943  40.507931 -124.334391    18.602    -8657.2    -4697.4    -2825.5    335.9    400.4    404.8 2021  7 11  7 49 35.560  0.00   1
   106944  40.507808 -124.334481    18.594    -8664.8    -4710.9    -2833.3    347.6    360.7    449.2 2021  7 12  6 52 59.100  0.00   1
   106945  40.507971 -124.334367    18.596    -8655.1    -4692.9    -2831.5    330.7    407.0    387.0 2021  7 12  7 38 34.800  0.00   1
   106947  40.507926 -124.334375    18.606    -8655.8    -4697.8    -2821.1    349.6    387.6    416.0 2021  7 12  6 52  5.820  0.00   1
   106948  40.507890 -124.334155    18.606    -8637.2    -4701.9    -2821.1    299.7    454.3    372.4 2021  7 12  6 57 12.740  0.00   1
   106949  40.507947 -124.334375    18.600    -8655.8    -4695.6    -2827.0    337.6    397.0    388.8 2021  7 12  6 51 15.180  0.00   1
   106950  40.507902 -124.334448    18.582    -8662.0    -4700.5    -2845.6    349.2    371.2    448.1 2021  7 12 22 18 34.740  0.00   1
   106951  40.507939 -124.334375    18.600    -8655.8    -4696.5    -2827.4    327.9    398.4    378.2 2021  7 12  8 58 54.960  0.00   1
   106952  40.507935 -124.334383    18.605    -8656.5    -4696.9    -2822.1    347.0    379.0    406.8 2021  7 12  8 46 32.680  0.00   1
   106953  40.507882 -124.334578    18.613    -8673.1    -4702.8    -2813.8    370.1    441.5    444.3 2021  7 12  6 48 36.980  0.00   1
   106954  40.507947 -124.334375    18.601    -8655.8    -4695.6    -2826.7    328.6    389.3    378.0 2021  7 12  6 58 19.680  0.00   1
   106959  40.507926 -124.334432    18.605    -8660.7    -4697.8    -2822.1    414.6    428.8    401.9 2021  7 12 15 18 57.120  0.00   1
   106960  40.507918 -124.334416    18.606    -8659.3    -4698.7    -2821.0    346.8    391.8    419.8 2021  7 12 12 15  8.320  0.00   1
   106961  40.507874 -124.334587    18.621    -8673.8    -4703.7    -2806.2    336.7    410.9    411.3 2021  7 12  7 42 57.140  0.00   1
   106962  40.507845 -124.334481    18.597    -8664.8    -4706.9    -2829.9    316.8    351.6    417.5 2021  7 12  8  3  8.480  0.00   1
   106964  40.507914 -124.334505    18.610    -8666.9    -4699.2    -2817.6    332.8    395.8    395.2 2021  7 12  5 33 43.540  0.00   1
   106965  40.507857 -124.334489    18.601    -8665.5    -4705.5    -2826.1    320.0    350.0    419.3 2021  7 12  8 56 41.260  0.00   1
   106967  40.507935 -124.334399    18.604    -8657.9    -4696.9    -2823.3    340.8    389.1    403.2 2021  7 13  3 34 41.120  0.00   1
   106968  40.507926 -124.334383    18.606    -8656.5    -4697.8    -2821.0    350.8    374.0    433.2 2021  7 13 11  0 10.880  0.00   1
   106970  40.507739 -124.333968    18.618    -8621.4    -4718.6    -2809.3    415.5    499.2    411.4 2021  7 15 17 56 38.860  0.00   1
   106971  40.507540 -124.334245    18.577    -8644.8    -4740.8    -2850.5    455.7    489.9    309.8 2021  7 24 15 17 23.680  0.00   1
   106974  40.507878 -124.334351    18.611    -8653.8    -4703.3    -2815.9    380.1    369.3    417.1 2021 12 20 23 45 33.300  0.00   1
   106975  40.505872 -124.328149    18.688    -8128.5    -4926.0    -2739.0    679.2    635.8    720.1 2021 12 20 21 54 42.040  0.00   1
   106977  40.509403 -124.332666    17.885    -8510.9    -4533.8    -3542.2    631.8    722.7    940.1 2021 12 21 12 29 57.320  0.00   1
   106978  40.506018 -124.333285    18.768    -8563.6    -4909.7    -2659.6    575.5    665.2    679.3 2021 12 22  7  9  8.260  0.00   1
   106979  40.507418 -124.328963    18.427    -8197.3    -4754.3    -3000.1    664.6    632.8    794.7 2021 12 22 17  4 29.540  0.00   1
   106983  40.505416 -124.327946    18.838    -8111.2    -4976.6    -2589.2    621.9    577.3    662.3 2021 12 23 19 43 35.140  0.00   1
   106984  40.507284 -124.330225    18.567    -8304.2    -4769.2    -2860.1    777.4    444.7    669.0 2021 12 23  6 28 39.440  0.00   1
   106986  40.507979 -124.334318    18.617    -8651.0    -4692.0    -2809.8    415.1    371.6    435.2 2021 12 25  0 41  6.140  0.00   1
   106988  40.507153 -124.331706    18.393    -8429.7    -4783.7    -3033.9    544.5    589.6    786.6 2021 12 31  7 30 11.740  0.00   1
   106989  40.507434 -124.334359    18.633    -8654.5    -4752.5    -2794.0    311.0    462.4    423.3 2022  1  2 19  6  3.500  0.00   1
   106990  40.507263 -124.329810    18.580    -8269.0    -4771.5    -2847.4    777.1    447.2    659.5 2022  1  2 18 43 27.640  0.00   1
   106991  40.508716 -124.329199    18.471    -8217.2    -4610.2    -2956.2    779.1    720.5    846.3 2022  1 29  0 56  4.940  0.00   1
   106992  40.507686 -124.332910    18.406    -8531.7    -4724.5    -3021.2    628.1    619.0    773.2 2022  2 20  7 55 33.920  0.00   1
   106993  40.508765 -124.327913    18.386    -8108.3    -4604.8    -3041.1    883.0    640.5    851.7 2022  4 11  8 48 35.180  0.00   1
   106995  40.507906 -124.334416    18.606    -8659.3    -4700.1    -2821.1    392.0    446.4    413.5 2022  5 14  5 11 24.580  0.00   1
   106996  40.507910 -124.334318    18.602    -8651.0    -4699.6    -2825.2    389.9    386.1    420.8 2022  5 21 19  6 31.100  0.00   1
   106997  40.507292 -124.328817    18.586    -8184.9    -4768.3    -2841.7    809.7    439.3    643.2 2022  7 18  4 14 31.760  0.00   1
   107286  40.593486 -124.016187    22.570    18293.0     4803.1     1143.2    467.0    488.3    568.7 2020  4 12 17 13 25.640  0.00   1
   107287  40.591296 -124.013143    22.627    18551.0     4560.0     1199.6    577.3    503.0    557.8 2020  4 18 11  7 43.200  0.00   1
   107288  40.592228 -124.013843    22.516    18491.7     4663.5     1088.3    634.4    441.7    532.9 2020 11 20  1 42 41.040  0.00   1
   107289  40.591040 -124.014754    22.697    18414.6     4531.6     1270.0    644.5    499.7    582.8 2020 11 20  1 23 58.260  0.00   1
   107290  40.590771 -124.015186    22.726    18378.1     4501.7     1299.1    708.6    552.7    599.2 2020 11 20  1 20 56.960  0.00   1
   107291  40.591699 -124.013680    22.725    18505.5     4604.8     1297.6    586.0    366.5    552.4 2020 11 20  7  8 23.000  0.00   1
   107292  40.593612 -124.014697    22.490    18419.1     4817.1     1063.0    476.1    401.6    485.5 2021 11 14 17  4  4.680  0.00   1
   107293  40.592668 -124.014233    22.584    18458.5     4712.3     1157.2    493.6    417.7    520.8 2021 12  5 10 31 19.440  0.00   1
   107297  40.590316 -124.016642    22.741    18254.9     4451.1     1313.5    607.9    525.3    674.3 2022  1 27  3  6  7.800  0.00   1
   107337  40.505782 -124.429102    23.779   -16682.4    -4936.0     2352.2    919.2    958.5    954.4 2020  3  7  9 53 50.140  0.00   1
   107338  40.493917 -124.442049    26.548   -17781.0    -6253.5     5120.5    831.5    689.9   1434.8 2020  9 23 15 27 24.660  0.00   1
   107341  40.486764 -124.440877    25.659   -17682.7    -7047.9     4231.7   1064.8    864.2    982.5 2022  5  3 13  8 48.100  0.00   1
   107359  40.525692 -124.380778    25.855   -12586.0    -2725.1     4427.5    854.1    679.9    967.8 2021 12 20 22 54  5.520  0.00   1
   107361  40.526318 -124.376229    24.264   -12200.5    -2655.5     2837.1   1043.4    554.8   1165.8 2021 12 20 21 57 14.080  0.00   1
   107370  40.466252 -124.529647    25.872   -25209.2    -9325.6     4444.7   1022.9   1432.9   1831.7 2021 11 16  4 40 39.460  0.00   1
   107371  40.471724 -124.528573    23.129   -25117.1    -8717.9     1701.5    675.3    818.7   1569.5 2022  4  3 19 28  4.080  0.00   1
   107574  40.473067 -124.427100    19.859   -16516.8    -8568.8    -1568.0    561.8    527.4    616.0 2020  3 11 22 47 36.760  0.00   1
   107579  40.473730 -124.426880    19.837   -16498.1    -8495.1    -1590.5    685.2    514.3    548.2 2021  9 21 12 24 42.300  0.00   1
   107580  40.474170 -124.427572    19.720   -16556.6    -8446.3    -1707.0    531.7    577.3    590.8 2021 10 16  2 20 43.560  0.00   1
   107582  40.467798 -124.438379    19.986   -17473.4    -9153.9    -1441.4    687.0    839.1    912.5 2022  2  5  7 43 32.760  0.00   1
   107583  40.471281 -124.433382    19.292   -17049.4    -8767.1    -2135.5    646.1    561.9    724.7 2022  2 19 19 28 29.060  0.00   1
   107584  40.467973 -124.432275    19.992   -16956.1    -9134.5    -1435.2    700.4    829.8    570.4 2022  2 21 15 20 50.320  0.00   1
   107585  40.467993 -124.432218    20.020   -16951.2    -9132.2    -1407.5    694.3    821.4    568.7 2022  3  8 13 52  8.680  0.00   1
   107586  40.473966 -124.425008    19.956   -16339.4    -8468.9    -1471.6    533.3    547.1    510.3 2022  3 17  5 45 51.800  0.00   1
   107609  40.571012 -123.956714    21.276    23332.9     2307.6     -151.0    555.1    603.2    562.4 2021 12 25 22 49 23.520  0.00   1
   107620  40.504272 -124.504631    27.094   -23082.4    -5103.6     5667.0    717.9    861.8   1067.4 2020  3 20 11 54 38.000  0.00   1
   107621  40.504883 -124.503605    27.213   -22995.4    -5035.8     5786.1    776.5    879.0   1162.2 2020  3 20 22 28 21.200  0.00   1
   107622  40.503459 -124.503760    27.301   -23008.8    -5194.0     5873.7    647.6    793.9   1083.8 2020  3 21 20 18  7.640  0.00   1
   107623  40.503491 -124.503735    27.353   -23006.7    -5190.3     5925.8    694.5    848.7   1137.3 2020  3 21 19  0  1.520  0.00   1
   107626  40.503613 -124.507764    27.098   -23348.0    -5176.8     5670.6    826.0    786.4   1104.1 2020  4 18 11  0 19.100  0.00   1
   107627  40.501058 -124.503206    27.902   -22962.3    -5460.5     6475.2    797.3    957.3   1127.4 2020  4 29 15  5 11.240  0.00   1
   107635  40.504419 -124.503109    27.342   -22953.4    -5087.3     5914.9    690.0    820.8   1109.9 2021  6 23  5 14 47.320  0.00   1
   107636  40.504419 -124.503646    27.277   -22998.9    -5087.3     5849.9    705.6    859.5   1066.9 2021  6 27 15 30 22.300  0.00   1
   107638  40.503817 -124.504338    27.069   -23057.7    -5154.2     5641.6    855.0    929.2   1271.3 2021  8 29 17 32  5.980  0.00   1
   107639  40.502681 -124.505233    27.034   -23133.7    -5280.3     5607.1    713.6    999.2   1031.2 2021  9  1  5  5 36.660  0.00   1
   107641  40.504517 -124.503589    27.272   -22994.1    -5076.5     5844.4    713.1    868.4   1072.4 2021 10  7 19  8 24.060  0.00   1
   107644  40.503495 -124.501595    27.442   -22825.3    -5189.9     6014.4    746.8    894.9   1221.7 2021 10 30 23 40 23.100  0.00   1
   107645  40.503707 -124.507674    27.087   -23340.4    -5166.4     5659.5    832.6    781.9   1100.1 2021 11 20  8 44 57.940  0.00   1
   107648  40.504285 -124.503743    27.275   -23007.2    -5102.2     5848.1    691.1    844.4   1056.1 2021 12 18  8 55  3.900  0.00   1
   107651  40.503259 -124.503809    27.027   -23012.9    -5216.1     5600.0    778.1    986.7   1029.5 2022  1 12 11 34 59.600  0.00   1
   107654  40.503849 -124.502539    27.692   -22905.3    -5150.6     6264.3    775.4    934.5   1237.2 2022  4 13 23 57 43.640  0.00   1
   107655  40.501099 -124.500382    27.066   -22723.0    -5456.0     5638.3    968.3    869.6   1354.0 2022  7 29 16 38  2.820  0.00   1
   107656  40.503715 -124.504460    27.311   -23068.0    -5165.5     5884.0    794.1   1001.3   1195.3 2022  8 10  2 25 35.080  0.00   1
   107657  40.503768 -124.507609    27.086   -23334.9    -5159.6     5658.7    845.7    802.2   1120.6 2022  8 23  6 57 35.860  0.00   1
   107661  40.504301 -124.504598    27.083   -23079.6    -5100.4     5655.3    712.3    849.5   1061.7 2022 10 16 17  6 16.580  0.00   1
   107662  40.503996 -124.504875    27.155   -23103.1    -5134.3     5727.8    708.9    896.3   1170.3 2022 10 16 21 31  2.740  0.00   1
   107663  40.503951 -124.504875    27.159   -23103.1    -5139.3     5731.5    710.5    909.1   1175.6 2022 10 16 17  0 17.060  0.00   1
   107664  40.524491 -124.393457    23.483   -13660.2    -2858.4     2055.7    573.7    410.7    562.9 2020  3 13 19 20 41.280  0.00   1
   107680  40.564136 -124.013363    22.741    18536.2     1544.0     1313.3    701.7    452.1    659.4 2020  4 27  3 46 18.440  0.00   1
   107683  40.564046 -124.011833    22.487    18665.8     1534.0     1059.3    645.7    403.1    521.0 2020 11 11 11 22 54.400  0.00   1
   107687  40.563550 -124.008162    22.578    18976.7     1478.9     1150.9    701.1    536.3    483.4 2021 12 25 23  5 26.280  0.00   1
   107808  40.548958 -124.200985    28.146     2645.7     -141.4     6718.3   1159.5    567.2    705.4 2020  3 18 22 58 40.420  0.00   1
   107818  40.468490 -123.825065    23.391    34508.6    -9077.1     1964.2    740.0    765.9    767.9 2021  1 21 21  8 56.860  0.00   1
   107819  40.469849 -123.824438    23.300    34561.4    -8926.2     1872.3    779.9    780.9    539.7 2021  1 24 19 45 59.820  0.00   1
   107820  40.470093 -123.824821    23.362    34528.9    -8899.1     1934.3    847.8    615.8    588.7 2022  1 24 23 34 18.900  0.00   1
   107822  40.466317 -123.823096    22.947    34676.1    -9318.4     1519.9    628.5   1062.4    979.0 2022  9 20 16  0 37.520  0.00   1
   107823  40.468929 -123.825537    23.386    34468.5    -9028.3     1958.8    774.1    752.1    719.7 2022 11 20 17  4 54.300  0.00   1
   107825  40.517700 -124.418083    19.629   -15747.3    -3612.5    -1798.0    442.7    571.0    712.5 2020  3 18 23 32 29.300  0.00   1
   107844  40.622319 -124.316789    18.533    -7159.7     8004.9    -2894.5    580.2    750.5   1173.3 2020  3 18  4 40 58.500  0.00   1
   107847  40.621122 -124.315885    21.459    -7083.3     7872.0       31.9    570.9    653.3   4210.8 2022  1 23 16 30 25.180  0.00   1
   107849  40.619767 -124.318547    17.332    -7308.6     7721.6    -4095.7    707.0    546.7    977.4 2022 10 21 10 46 28.380  0.00   1
   107887  40.577795 -124.428451    22.015   -16618.4     3060.8      588.2    583.2    728.1   1178.8 2020  7 13 13  8 40.060  0.00   1
   107888  40.576221 -124.430916    23.348   -16827.4     2885.9     1920.3    935.4    616.4    880.0 2020  8 15  3 41 44.920  0.00   1
   107890  40.577393 -124.431242    23.490   -16854.8     3016.1     2062.5    957.1    630.4    941.5 2021  8  9 17  8 53.000  0.00   1
   107891  40.579635 -124.428605    23.525   -16631.2     3265.0     2097.6    973.3    691.4    931.9 2021  8 11  0 58 47.400  0.00   1
   107895  40.576998 -124.430469    22.409   -16789.4     2972.2      981.4    763.9    672.4   1066.4 2022  9  4 19 13 25.340  0.00   1
   107928  40.584326 -124.437695    21.922   -17400.4     3786.0      494.5   1055.9   1221.8   1217.0 2020  7 22  0 55 19.100  0.00   1
   107930  40.611157 -124.446379    21.437   -18132.1     6765.5        9.3    988.6    815.2   1514.2 2021 12 13  1 46 42.200  0.00   1
   107964  40.529785 -124.402059    17.449   -14388.4    -2270.5    -3978.4    389.1    434.6    772.4 2021 11 14  0  8  4.400  0.00   1
   107965  40.530912 -124.401587    17.306   -14348.3    -2145.4    -4121.4    396.4    572.4    926.6 2021 12 21 22 13 12.300  0.00   1
   107971  40.532662 -124.401896    16.747   -14374.3    -1951.1    -4680.5    747.4    653.2    932.4 2022 10  9 19  5  2.280  0.00   1
   107978  40.530566 -124.424495    26.655   -16289.1    -2183.8     5227.8    584.2    690.4    982.9 2021  4 15  8 56 41.520  0.00   1
   107980  40.525407 -124.426090    27.439   -16424.9    -2756.7     6012.2    818.8    814.9   1010.9 2021  8  4 18 58 46.060  0.00   1
   107981  40.524357 -124.424121    26.778   -16258.1    -2873.3     5350.7    788.0    671.9   1148.8 2021  8 21 16 23 33.700  0.00   1
   107983  40.526298 -124.422404    26.884   -16112.4    -2657.8     5456.9    782.9    774.1   1004.0 2021 11  3  7 32 49.840  0.00   1
   107984  40.522514 -124.427059    26.855   -16507.3    -3078.0     5428.1    802.2    752.6   1177.1 2021 12  3 10 42 13.240  0.00   1
   107988  40.527852 -124.424731    26.059   -16309.4    -2485.1     4631.4    827.6    692.8   1076.8 2022  2 13 11 20 53.200  0.00   1
   107989  40.527502 -124.422298    26.721   -16103.3    -2524.0     5294.0    900.1    840.9   1058.0 2022  4 26 22 35 44.360  0.00   1
   107990  40.526436 -124.428304    26.862   -16612.3    -2642.4     5434.6    730.5    691.1    952.4 2022  8 18  8 41 53.440  0.00   1
   107991  40.528723 -124.426660    26.741   -16472.7    -2388.5     5314.1    666.3    714.9    787.7 2022 11  8  8 40 30.120  0.00   1
   107992  40.528410 -123.976579    20.555    21657.3    -2423.2     -872.4    637.1    509.6    697.6 2020  3 19 15 51  1.740  0.00   1
   107998  40.527677 -123.976969    20.612    21624.4    -2504.6     -815.7    450.5    512.1    517.7 2022  1 22 10 34 20.100  0.00   1
   107999  40.530876 -123.978337    20.593    21508.0    -2149.4     -834.3    523.8    593.0    620.9 2022  2 15  1 12 31.400  0.00   1
   108057  40.442338 -124.437834    21.353   -17430.5   -11981.1      -74.7    991.3   1170.0   1085.4 2021 12  5 19 24 48.900  0.00   1
   108061  40.453621 -124.423633    21.517   -16225.3   -10728.2       89.4    941.1    853.5    893.0 2022  9 23 15 56 33.080  0.00   1
   108062  40.471057 -124.407576    21.180   -14862.3    -8792.0     -247.1   1260.7   1430.2   1113.8 2022  9 28 23  9 12.340  0.00   1
   108063  40.573344 -124.348031    28.262    -9808.1     2566.5     6835.0   1158.8    693.5   1086.2 2020  3 20  8 49 18.520  0.00   1
   108064  40.579191 -124.346403    26.469    -9669.9     3215.8     5042.0    831.9    829.6   1072.8 2021 10 17  9 59  8.260  0.00   1
   108067  40.540259 -124.403727    28.670   -14528.6    -1107.5     7242.4    776.0    628.8    935.0 2021 11  3 11  8 47.100  0.00   1
   108068  40.536206 -124.405868    28.732   -14710.4    -1557.5     7304.5    946.5    778.4    821.8 2021 11  3  4 10 39.340  0.00   1
   108070  40.539278 -124.404338    28.663   -14580.5    -1216.4     7235.3    812.3    630.6    949.0 2021 12 20 21 58 50.200  0.00   1
   108071  40.539457 -124.404020    29.010   -14553.6    -1196.5     7583.0    784.2    663.5    846.4 2022  1  6 19 21 44.640  0.00   1
   108073  40.614042 -123.956584    21.259    23336.5     7085.8     -168.1    740.8    573.4   1074.2 2020  9 26  5 11 46.240  0.00   1
   108076  40.614860 -123.953035    20.229    23636.7     7176.7    -1198.0   1123.7    879.7    939.2 2021 10 28  3 17 37.200  0.00   1
   108082  40.614889 -123.953044    20.268    23636.0     7179.8    -1159.7   1130.2    882.4    886.1 2022  4 23 20  0 10.440  0.00   1
   108083  40.617098 -123.953597    20.466    23588.8     7425.2     -961.7    748.1    542.7   1247.8 2022  6 17 14 38  4.080  0.00   1
   108103  40.547347 -124.242261    23.522     -850.6     -320.4     2095.2    778.7    528.1    472.2 2020  3 24  7  2 14.780  0.00   1
   108105  40.550553 -124.254305    21.670    -1870.8       35.7      242.6   1171.7    716.8   1130.5 2020 11 21  0 51 45.000  0.00   1
   108108  40.545227 -124.245931    23.385    -1161.6     -555.8     1957.8    743.3    494.7    697.4 2022 11 11 23  8  9.040  0.00   1
   108253  40.739396 -123.842822    19.829    32937.4    21005.8    -1598.4   1106.2    911.5   1436.0 2020  3 28 12 19 52.180  0.00   1
   108254  40.740971 -123.846997    20.330    32583.8    21180.7    -1097.2   1251.9    874.6   1642.0 2020  9 14 17 47 56.900  0.00   1
   108256  40.483728 -124.453516    18.726   -18754.1    -7385.0    -2701.5    401.7    501.0   1003.0 2020  3 29  2 10 37.820  0.00   1
   108258  40.476571 -124.457438    19.732   -19087.5    -8179.7    -1695.0    572.3    620.6   1190.7 2021 10  3  5 55  4.840  0.00   1
   108259  40.478060 -124.456974    19.392   -19048.0    -8014.4    -2034.8    544.6    817.7   1389.5 2021 11 19  6 49 32.480  0.00   1
   108344  40.526432 -124.412264    17.047   -15253.4    -2642.8    -4380.4    936.9    666.9   1162.5 2022  6  5 23 40 24.620  0.00   1
   108357  40.568701 -124.097160    22.248    11438.5     2050.9      820.7    499.3    537.6    516.0 2021  2 21 19 35 38.660  0.00   1
   108358  40.569222 -124.095768    22.708    11556.3     2108.8     1280.8    684.2    592.0    569.1 2021 10 31 11 18 33.720  0.00   1
   108359  40.566748 -124.099040    22.398    11279.5     1834.0      971.1    633.6    460.8    454.4 2022  2  6  9 49 13.780  0.00   1
   108413  40.463896 -124.507788    24.611   -23356.9    -9587.2     3184.2    696.4   1000.4   1232.5 2020  4 13  9 58 32.960  0.00   1
   108414  40.471940 -124.503109    24.950   -22958.9    -8693.9     3522.4    959.2   1085.0   1441.5 2020  8 28 23 50 45.120  0.00   1
   108415  40.469291 -124.502083    27.283   -22872.5    -8988.1     5856.2    764.8    817.8   1074.4 2020  9 24 22 17 36.960  0.00   1
   108416  40.463326 -124.505648    25.750   -23175.6    -9650.5     4323.0    603.5    988.2   1354.0 2021  2  3  1 21 28.060  0.00   1
   108422  40.464290 -124.507886    25.581   -23365.1    -9543.4     4153.9    816.5   1042.0   1380.5 2021 11 29 21 27 26.620  0.00   1
   108424  40.459981 -124.505924    26.153   -23199.6   -10021.9     4726.1    621.1   1236.0   1232.8 2022  2 13  8 54 23.040  0.00   1
   108430  40.464351 -124.506396    25.482   -23238.9    -9536.6     4054.7    602.0    925.1   1305.7 2022 11 14 21 27 40.840  0.00   1
   108460  40.614140 -124.093018    16.867    11785.4     7096.7    -4560.5    637.4    483.1    981.9 2020  4 19 16  8 58.720  0.00   1
   108464  40.614579 -124.094393    18.516    11668.9     7145.5    -2911.3    716.5    538.2    586.4 2022  1 22 11 10 16.600  0.00   1
   108465  40.615446 -124.097892    17.893    11372.5     7241.7    -3534.1    698.9    600.9    717.8 2022  1 29  6 14 29.780  0.00   1
   108466  40.585209 -124.302441    23.572    -5946.7     3884.1     2145.0   1496.1    798.4   1596.7 2020  4 19 16 21  7.220  0.00   1
   108475  40.492778 -124.432104    26.590   -16938.5    -6380.0     5162.4    600.1    883.7    858.7 2020  8 21 16 41  2.020  0.00   1
   108479  40.502958 -124.430355    24.040   -16788.9    -5249.5     2612.6    933.0    713.1   1189.4 2021  9 26  7 21 14.820  0.00   1
   108490  40.642839 -123.992057    23.537    20328.8    10283.5     2109.3   1010.2    794.3    824.7 2020  4 19  6 45 57.780  0.00   1
   108491  40.518079 -124.342692    18.233    -9359.8    -3570.5    -3193.9    589.4    733.4    666.8 2020  4 21 11 21 54.140  0.00   1
   108492  40.512020 -124.339250    18.945    -9068.6    -4243.3    -2482.1    560.7    554.5    647.6 2020  6 19  5 30 29.960  0.00   1
   108493  40.514075 -124.336117    18.812    -8803.0    -4015.1    -2615.6    533.4    571.5    582.4 2021  3 12  1 30 38.560  0.00   1
   108494  40.513025 -124.337964    19.141    -8959.6    -4131.7    -2286.5    621.2    456.7    670.1 2021  6 14 22 35  4.460  0.00   1
   108495  40.515230 -124.331445    18.880    -8407.1    -3886.8    -2547.3    710.3    691.4    942.6 2021  6 14 21 36  2.260  0.00   1
   108496  40.509403 -124.337272    19.121    -8901.2    -4533.8    -2306.1    821.1    786.3   1067.0 2021  6 14 21 44 45.960  0.00   1
   108497  40.513000 -124.338973    19.094    -9045.1    -4134.4    -2333.2    589.2    475.2    675.0 2021  6 15  9 44 20.640  0.00   1
   108498  40.515251 -124.336711    18.813    -8853.3    -3884.5    -2614.7    438.9    630.2    618.4 2021  6 15  8 53  6.160  0.00   1
   108499  40.514787 -124.339071    18.593    -9053.2    -3936.0    -2834.1    578.3    636.3    534.9 2021  6 15  9 30  2.180  0.00   1
   108500  40.515316 -124.339152    18.674    -9060.1    -3877.3    -2753.0    446.4    570.0    537.7 2021  6 15  9 15  5.520  0.00   1
   108501  40.514388 -124.335921    18.931    -8786.4    -3980.3    -2495.9    482.5    598.7    584.0 2021 12 11  4 20 38.740  0.00   1
   108566  40.633968 -124.045142    27.857    15836.4     9298.5     6430.2   3639.4   1477.0   2357.4 2020  5  5 15 41 19.740  0.00   1
   108569  40.509591 -124.490316    19.992   -21868.6    -4513.0    -1435.0    552.3    583.0   2347.9 2020  5  6  2 15 26.660  0.00   1
   108570  40.507926 -124.489722    24.927   -21818.5    -4697.8     3499.7    595.2    667.2   1268.4 2021  7 27  7 34 24.040  0.00   1
   108571  40.607804 -124.088102    17.581    12202.1     6393.2    -3846.1    716.3    669.1    883.6 2020  5  9 23 48 21.420  0.00   1
   108578  40.490898 -124.500814    16.020   -22761.2    -6588.8    -5407.1    581.1    775.3   1060.3 2022  3 19 17 38 45.720  0.00   1
   108600  40.554203 -124.256909    24.873    -2091.4      441.0     3446.2    897.6    554.3   1111.0 2020  8  8  3  7 36.200  0.00   1
   108601  40.545683 -124.258724    26.005    -2245.2     -505.2     4577.8    747.5    614.2    857.1 2021  7 18  8 37 44.140  0.00   1
   108604  40.547624 -124.255933    24.913    -2008.7     -289.6     3486.1   1143.5    463.6   1038.7 2022  6 14  4 29 40.760  0.00   1
   108605  40.552694 -124.229045    22.430      268.8      273.4     1002.6   1329.6    587.6   1793.8 2022  6 29  2 18 33.580  0.00   1
   108609  40.532874 -124.344393    18.205    -9502.9    -1927.6    -3222.5    485.2    398.0    767.5 2020  5 21  5 49 36.720  0.00   1
   108610  40.532882 -124.344385    18.202    -9502.2    -1926.7    -3225.4    484.2    398.8    762.7 2020  5 21  6  0 18.060  0.00   1
   108611  40.540845 -124.337948    16.963    -8956.4    -1042.4    -4464.6    732.9    441.3    645.3 2020  5 21  5 49 32.040  0.00   1
   108616  40.527885 -124.404932    18.870   -14632.0    -2481.5    -2557.2    574.8    672.7    674.0 2020  5 27 17 28 46.460  0.00   1
   108617  40.530037 -124.401506    17.737   -14341.5    -2242.5    -3690.3    409.2    488.7    648.6 2021 12 21  9 14 12.320  0.00   1
   108618  40.522945 -124.411735    18.613   -15208.9    -3030.1    -2814.2    527.3    482.5    729.8 2020  5 29  3 10 10.980  0.00   1
   108624  40.524886 -124.336532    19.440    -8837.5    -2814.5    -1986.9    595.6    844.8    809.0 2020  6  1 23 58 17.820  0.00   1
   108625  40.519511 -124.332666    20.205    -8510.3    -3411.4    -1222.3    623.3    579.7    827.2 2020  6 24  4 56 53.760  0.00   1
   108626  40.519499 -124.332658    20.213    -8509.6    -3412.8    -1213.8    622.6    581.2    827.8 2020  6 25 13  0 35.620  0.00   1
   108655  40.578735 -124.189868    19.097     3586.5     3165.2    -2330.2    820.0    357.7    692.3 2021 10 12  3 27 25.740  0.00   1
   108724  40.624398 -123.928809    21.230    25686.1     8235.8     -197.5    597.9    511.7   1068.5 2020  6 14 11 45 45.620  0.00   1
   108732  40.606042 -123.920923    19.176    26357.2     6197.5    -2251.3   1006.1   1334.7   1199.3 2022 10 13 19 35 55.660  0.00   1
   108757  40.543392 -124.053621    20.129    15128.7     -759.6    -1298.4    570.8    548.0    503.7 2020  6 14 14 58 40.620  0.00   1
   108758  40.540161 -124.051839    20.075    15280.1    -1118.3    -1352.7    794.1    569.5    616.5 2021  3  4 22 22 58.560  0.00   1
   108759  40.537358 -124.038688    20.310    16394.5    -1429.6    -1117.4    648.3    406.7    759.8 2022  2 22 19 27 13.320  0.00   1
   108760  40.538143 -124.041366    20.074    16167.6    -1342.4    -1352.8    599.8    363.0    440.8 2022  3 14  4  0 41.420  0.00   1
   108761  40.537854 -124.043571    20.015    15980.8    -1374.5    -1412.4    518.0    385.7    613.2 2022  4  7 13 29 19.080  0.00   1
   108768  40.613957 -124.090641    18.579    11986.6     7076.3    -2848.5   1077.7    531.9    532.6 2020 12 14 11 30 35.940  0.00   1
   108775  40.498433 -123.879744    21.050    29867.6    -5752.0     -377.7   1475.2   1368.2    604.6 2021  3 12  6 12 15.860  0.00   1
   108778  40.511780 -123.899634    21.384    28179.5    -4269.9      -43.1   1232.1   1499.0    543.2 2021 10  5  6 18 43.140  0.00   1
   108780  40.511938 -123.899756    21.371    28169.1    -4252.3      -56.3   1231.6   1497.2    545.1 2021 10  6 16 45 29.740  0.00   1
   108782  40.511804 -123.899666    21.370    28176.7    -4267.2      -57.0   1231.5   1499.6    539.9 2021 10  6 17 13 28.040  0.00   1
   108784  40.516431 -123.901904    21.241    27986.1    -3753.5     -186.7   1342.0   1401.1    824.8 2021 10  6 18 40 27.620  0.00   1
   108785  40.511698 -123.899455    21.373    28194.6    -4279.0      -54.2   1232.7   1500.6    535.3 2021 10  6 19 49 19.280  0.00   1
   108789  40.512313 -123.900065    21.382    28142.8    -4210.7      -44.9   1231.5   1489.0    567.0 2021 10  6 11 42 23.740  0.00   1
   108794  40.511898 -123.899512    21.367    28189.8    -4256.8      -60.3   1233.8   1497.7    540.5 2021 10  9 19 44 44.220  0.00   1
   108797  40.505131 -123.895459    21.503    28534.6    -5008.2       75.6    834.9   1072.0    543.5 2021 10 10 14 55 46.020  0.00   1
   108839  40.500350 -124.439388    23.751   -17554.7    -5539.2     2324.1    792.5    669.4   1507.2 2021  4  7 10 38 50.740  0.00   1
   108840  40.500342 -124.440373    23.360   -17638.1    -5540.1     1932.7    772.5    690.8   1587.1 2021 11  7  2 42 54.760  0.00   1
   108860  40.628975 -123.926872    21.396    25849.2     8744.1      -31.7    921.4    640.6   1026.8 2020  7  8 15  4 51.000  0.00   1
   108864  40.609880 -123.884611    25.071    29430.9     6623.6     3643.3    618.0    667.3   1368.3 2020  7 12  6 10  9.180  0.00   1
   108865  40.610075 -123.883244    24.576    29546.6     6645.3     3149.0    663.2    633.5   1477.7 2021  7 25  9 12 32.240  0.00   1
   108866  40.610291 -123.884635    24.127    29428.8     6669.2     2699.7    672.0    664.0   1769.9 2022  9 20 20 35 29.800  0.00   1
   108897  40.599687 -124.112443    17.096    10141.8     5491.7    -4330.8    992.4    780.4    986.6 2020  7 21  9 58 36.880  0.00   1
   108901  40.605554 -124.111141    17.741    10251.6     6143.3    -3686.3    829.9    523.7    766.8 2020  7 28 10 54 20.520  0.00   1
   108918  40.644832 -124.018677    18.664    18075.3    10504.9    -2762.9    922.6    367.5    773.4 2020  8 14  7 59 14.720  0.00   1
   108919  40.645052 -124.013135    18.713    18544.3    10529.3    -2714.0    857.9    474.3    884.6 2020  8 14  7 29 17.360  0.00   1
   108921  40.645394 -124.016781    18.374    18235.7    10567.3    -3053.7    758.9    477.9    849.8 2021 11 16 18 50  1.700  0.00   1
   108922  40.598226 -124.101733    20.800    11048.7     5329.5     -626.9    825.9    701.5    976.0 2020  8 17 22 44  9.820  0.00   1
   108923  40.598311 -124.101497    20.757    11068.7     5339.0     -670.7    807.1    707.6    955.1 2020  8 17 22 37  2.940  0.00   1
   108925  40.606303 -124.110994    20.355    10264.0     6226.4    -1072.0    621.5    465.6    773.5 2021  6 29  5 32 28.020  0.00   1
   108926  40.601685 -124.119010    20.872     9585.6     5713.6     -554.8    872.6    477.2    700.7 2021  9  2  7  3 32.740  0.00   1
   108956  40.532800 -124.248771    18.822    -1402.3    -1935.7    -2605.6    624.5    510.7    670.1 2020  8 19  9 20 36.680  0.00   1
   108957  40.533500 -124.249040    18.591    -1425.0    -1858.0    -2836.2    665.9    478.6    582.4 2021  7 30  7  1 16.480  0.00   1
   108959  40.535486 -124.249552    18.445    -1468.4    -1637.5    -2982.7    615.7    561.9    611.9 2022  9 20 20 46 19.020  0.00   1
   108974  40.605485 -124.216113    24.177     1363.6     6135.6     2750.0   1083.7    630.0   1328.3 2021  6  2  8  1  4.060  0.00   1
   108976  40.606848 -124.229964    23.230      190.9     6287.0     1803.1   1272.4    631.8   1758.2 2021  8  2  1 42 32.520  0.00   1
   108977  40.606873 -124.221899    25.201      873.7     6289.7     3773.6    824.2    782.0    929.0 2021  9 27 13 54 30.160  0.00   1
   108978  40.606738 -124.221777    25.133      884.0     6274.8     3705.8    823.3    783.8    953.5 2021 11 19  5 14  6.980  0.00   1
   108988  40.605322 -124.052612    23.350    15207.2     6117.5     1923.1    889.5    565.6    713.3 2021  9 19  2 30 15.040  0.00   1
   108995  40.563525 -123.934554    21.880    25211.0     1476.2      452.7    488.9    449.4    546.2 2020  9  7  3  4 36.280  0.00   1
   108998  40.564103 -123.933228    21.737    25323.3     1540.3      310.2    561.1    490.3    678.4 2020 11 23  2 17 29.880  0.00   1
   108999  40.563420 -123.934180    21.775    25242.8     1464.4      348.2    571.2    455.7    616.4 2020 11 23  2 27  1.080  0.00   1
   109001  40.564954 -123.934074    21.772    25251.4     1634.8      345.0    590.7    391.1    689.1 2021  4 25  2 44 15.560  0.00   1
   109003  40.565251 -123.936100    21.921    25079.8     1667.8      493.4    487.8    442.2    613.5 2021  9 25  7 21 32.760  0.00   1
   109005  40.563440 -123.933407    21.818    25308.2     1466.7      391.0    437.5    450.8    513.0 2022  1 19 16 50 43.900  0.00   1
   109006  40.562874 -123.932804    21.914    25359.4     1403.9      486.6    452.0    426.4    605.8 2022  1 23  4 17 44.580  0.00   1
   109007  40.563354 -123.931291    21.737    25487.5     1457.2      310.2    525.3    504.9    547.5 2022  1 23 13 55 42.740  0.00   1
   109008  40.565125 -123.936157    21.849    25075.0     1653.8      422.2    427.3    430.6    563.3 2022  5 17 14 52 29.660  0.00   1
   109027  40.525248 -123.906958    20.311    27556.1    -2774.3    -1115.8   1175.0    914.0   1047.1 2020  9 12  9 10  3.360  0.00   1
   109029  40.527283 -123.907601    23.532    27501.3    -2548.4     2104.3    519.1    578.0    980.1 2021 10 21 16 23 18.500  0.00   1
   109031  40.525574 -123.912305    20.684    27103.1    -2738.2     -743.3    380.8    558.6    614.2 2022  9 21 22  2  0.300  0.00   1
   109034  40.600993 -123.929655    24.785    25618.9     5636.8     3357.9    615.9    975.2    725.5 2021 10 16  0 56 17.260  0.00   1
   109035  40.601440 -123.918034    25.114    26602.8     5686.5     3686.5    699.6    607.5    845.9 2022  4  7  7 43 59.660  0.00   1
   109037  40.601396 -124.121346    18.584     9387.8     5681.5    -2843.4    598.1    494.6    604.7 2021  8 28 10 22 15.280  0.00   1
   109040  40.536023 -124.052580    19.945    15217.8    -1577.8    -1482.0    571.9    272.2    545.0 2021  5  4 20 49 28.940  0.00   1
   109042  40.535563 -124.047852    19.762    15618.4    -1628.9    -1665.0    488.3    309.9    424.9 2021 12 10 18 19  3.380  0.00   1
   109047  40.660881 -123.882503    27.967    29598.2    12287.0     6539.9    615.7    701.4   1280.9 2022  7  7 10 16 42.560  0.00   1
   109051  40.584587 -124.066634    21.536    14022.2     3814.9      108.5    498.6    540.3    615.4 2022 10 22  1 32  8.620  0.00   1
   109052  40.615238 -124.073674    18.437    13423.0     7218.7    -2990.0   1477.7    648.4   1394.7 2020  9 18  1 49 50.060  0.00   1
   109054  40.618416 -124.088078    17.576    12203.2     7571.6    -3851.5   1336.4    782.4    930.7 2021  8  3  7 25 29.060  0.00   1
   109057  40.616557 -124.071427    17.862    13613.0     7365.1    -3565.6    960.1    767.4    925.7 2021 11  1 20 23 11.500  0.00   1
   109058  40.617965 -124.083073    17.817    12627.0     7521.4    -3610.5    844.1    611.7    868.4 2022  7  2 18 54 53.920  0.00   1
   109059  40.616089 -124.078402    17.668    13022.6     7313.1    -3759.7    796.0    528.0    881.4 2022  7  5 10 26 16.440  0.00   1
   109060  40.609212 -124.073600    18.456    13429.8     6549.5    -2971.2    655.1    459.4    752.4 2022  9 22  5 20 24.860  0.00   1
   109079  40.592830 -124.316634    22.361    -7148.1     4730.4      933.3    874.2    584.5    400.3 2020  9 24  1 37  2.540  0.00   1
   109081  40.592094 -124.323633    21.129    -7740.8     4648.6     -298.3    602.0    437.8    808.7 2021  8  3  7 28  1.280  0.00   1
   109082  40.592655 -124.319914    21.748    -7425.9     4710.9      320.7    949.8    599.6    835.7 2021  8  3  7 28 11.760  0.00   1
   109083  40.590556 -124.321810    21.417    -7586.5     4477.8      -10.0    763.1    621.9   1141.3 2022  3 18 23 22 52.560  0.00   1
   109086  40.630697 -124.091675    18.786    11897.6     8935.2    -2640.4   1089.2    862.7   1033.9 2020  9 29 20 57 21.240  0.00   1
   109088  40.590031 -124.088395    23.966    12178.9     4419.5     2538.5    978.3    501.1    833.7 2021  8  2  6  3 50.240  0.00   1
   109099  40.524792 -124.379476    17.035   -12475.7    -2824.9    -4392.4    671.0    414.9    873.8 2022 11  3 21 25 34.920  0.00   1
   109112  40.571326 -123.936759    21.196    25022.8     2342.4     -231.4    605.3    410.6    638.2 2020 11 28  4 46 13.820  0.00   1
   109120  40.572021 -123.936263    21.173    25064.7     2419.6     -254.5    666.9    475.9    658.5 2021 10  7 15 37 20.960  0.00   1
   109123  40.571179 -123.934904    20.794    25180.0     2326.1     -633.0    537.7    540.7    721.2 2021 10  7 10 58 29.020  0.00   1
   109127  40.572038 -123.936222    21.166    25068.2     2421.4     -261.4    667.0    474.0    660.1 2021 10  9 15  2 48.760  0.00   1
   109129  40.523218 -124.429590    19.698   -16721.6    -2999.8    -1729.2    374.5    495.9    566.5 2020 10 11 16 54  4.900  0.00   1
   109133  40.641931 -124.029264    19.349    17179.5    10182.8    -2078.3    586.0    449.3    588.2 2020 10 20  3 57  2.000  0.00   1
   109186  40.662248 -123.904907    23.503    27701.7    12438.8     2075.3    702.5    667.7    599.0 2020 11 10  7 29 44.140  0.00   1
   109189  40.671061 -123.909440    21.845    27316.3    13417.5      417.7    771.8    478.9    757.9 2021  5 13  9 32 24.180  0.00   1
   109190  40.667424 -123.914811    22.882    26862.5    13013.6     1454.5    969.8    684.5    772.4 2022  6 25  8 45  6.260  0.00   1
   109416  40.599797 -123.961108    21.359    22955.8     5503.9      -68.5    864.1    726.9   1289.2 2020 11 28  4 41 25.020  0.00   1
   109417  40.599748 -123.960848    21.343    22977.9     5498.5      -83.9    855.5    727.2   1291.7 2020 11 28  4 28 30.560  0.00   1
   109418  40.599308 -123.962769    21.728    22815.3     5449.7      300.3    835.0    727.3   1297.9 2021  3 28 11 21 31.120  0.00   1
   109420  40.597095 -123.920923    21.367    26359.0     5203.9      -59.9    855.2    501.8    903.0 2020 12  7 19  3 16.040  0.00   1
   109421  40.601880 -123.926392    21.259    25895.0     5735.3     -167.9    862.9    880.7    991.1 2020 12  7 19  5 36.340  0.00   1
   109427  40.592603 -123.898600    26.339    28250.1     4705.1     4911.5    735.3    627.2    785.1 2020 11 29  9 45 15.600  0.00   1
   109428  40.589795 -123.899137    26.636    28205.2     4393.3     5209.2    775.2    740.7    717.9 2021  1 19 12 58 57.580  0.00   1
   109430  40.594503 -123.899658    26.137    28160.1     4916.1     4709.5    762.2    498.5    686.1 2022  3 18  0  7 21.100  0.00   1
   109436  40.610181 -124.095825    14.743    11548.0     6657.0    -6684.0   1395.5   1011.6    862.6 2020 12  1 11 36 42.680  0.00   1
   109448  40.560946 -124.017993    22.279    18144.4     1189.7      852.1    506.6    446.0    632.4 2022  1 19 22 27 40.720  0.00   1
   109451  40.561621 -124.018115    21.989    18134.0     1264.7      561.5    489.5    465.6    540.2 2022  6  9  2 12 47.440  0.00   1
   109453  40.561051 -124.018660    22.026    18087.9     1201.5      599.0    596.1    420.9    507.1 2022 11 22  5  9 14.600  0.00   1
   109457  40.583748 -124.192952    22.613     3325.2     3721.8     1186.0    987.9    587.1    751.3 2022 11 20 16 58  8.260  0.00   1
   109458  40.549414 -123.885295    22.379    29386.2      -90.8      951.8    822.2    721.9    988.6 2020 12 19 19 50 56.380  0.00   1
   109460  40.601375 -124.228532    26.156      312.1     5679.2     4728.8   1255.2   1087.7    934.2 2021  2 11 13 50 26.620  0.00   1
   109461  40.600167 -124.116471    16.708     9800.7     5545.0    -4719.6    832.1    657.3    721.7 2021  1  4  6 14 34.600  0.00   1
   109483  40.508179 -124.471159    18.610   -20245.6    -4669.8    -2817.3    953.2   1116.2   2523.3 2021  1 13 19 34 16.280  0.00   1
   109484  40.516366 -124.470557    22.494   -20193.4    -3760.7     1067.0    707.3    850.3   1942.8 2021  2 12 14 58  6.120  0.00   1
   109485  40.518038 -124.458276    26.064   -19152.7    -3575.0     4636.7    859.2   1037.8   1328.7 2022  6  3  7 37 13.740  0.00   1
   109491  40.552885 -124.050757    23.222    15370.3      294.6     1794.5    815.0    425.4    508.0 2022 11 12 22 18 21.100  0.00   1
   109493  40.577974 -124.217277    19.501     1265.3     3080.7    -1926.4    806.5    308.5    648.2 2021 12 30 20 43 22.380  0.00   1
   109498  40.582564 -124.145622    22.694     7333.4     3590.4     1266.4    665.3    437.7    438.1 2022  3 29  0 35 16.680  0.00   1
   109534  40.646956 -124.004736    18.362    19255.0    10740.8    -3064.8    892.4    518.1    788.0 2021  3  6  9 15 31.140  0.00   1
   109535  40.650798 -124.021940    18.094    17798.3    11167.3    -3332.9   1058.0    756.9   1115.6 2021  3  6  9 16 35.960  0.00   1
   109542  40.539962 -123.902889    22.764    27897.8    -1140.5     1336.5    725.5    607.5    499.0 2021  3 19 20 18 50.400  0.00   1
   109543  40.539583 -123.901107    22.779    28048.9    -1182.5     1352.0    613.8    713.0    594.9 2021  7 28 11 59  6.040  0.00   1
   109544  40.539079 -123.902702    22.718    27913.9    -1238.5     1291.2    555.0    509.2    545.3 2021 11  2 15 33 30.400  0.00   1
   109546  40.532096 -123.906160    22.846    27622.3    -2013.9     1418.7    816.7    885.3    741.3 2022  2  8 20 52 37.700  0.00   1
   109547  40.540877 -123.902873    22.652    27899.0    -1038.8     1224.6    560.8    536.9    496.4 2022  5 16 12 51  7.720  0.00   1
   109550  40.562036 -123.971965    23.565    22042.8     1310.8     2137.9    608.2    502.2    815.3 2021 10 14 12 55 59.780  0.00   1
   109551  40.562028 -123.971419    23.571    22088.9     1309.9     2143.6    725.0    544.9    491.2 2021 10 18 11 26 36.900  0.00   1
   109560  40.574613 -124.414893    25.765   -15470.5     2707.5     4337.5    822.8    776.1   1565.6 2021  4 22 19 58  9.520  0.00   1
   109562  40.574898 -124.417489    23.909   -15690.4     2739.1     2482.0    855.0    811.2    945.3 2021 10  1 17 28 56.900  0.00   1
   109563  40.576465 -124.420378    22.238   -15934.8     2913.0      810.6    699.9    857.1   1201.2 2022  6  6  8 33 56.500  0.00   1
   109585  40.702836 -123.973796    21.378    21864.8    16946.0      -49.3    986.9    735.9   1226.4 2021 12  9  6 38 26.640  0.00   1
   109586  40.607239 -123.811157    26.169    35650.7     6330.3     4741.3    681.8    522.1   1156.4 2021  4 25 12  4 20.500  0.00   1
   109587  40.514172 -124.438395    17.714   -17468.8    -4004.2    -3713.7    477.3    558.4    828.9 2021  4 26 14 34  7.560  0.00   1
   109588  40.533516 -124.401896    17.862   -14374.3    -1856.2    -3565.6    530.3    474.9    826.4 2021  4 30  5 48 15.420  0.00   1
   109590  40.592847 -124.008895    22.180    18910.5     4732.2      752.8    733.3    501.3    625.7 2021  5  1  6 40  3.120  0.00   1
   109592  40.565055 -124.018042    22.307    18139.7     1646.1      879.4    515.3    391.6    563.2 2022  3 10 22 12 16.660  0.00   1
   109593  40.585791 -124.192814    25.068     3336.8     3948.7     3641.2   1265.0    565.7   1330.5 2021  5 25 13 41 14.420  0.00   1
   109638  40.582113 -123.958008    24.141    23221.4     3540.2     2713.7    746.5    628.5    973.6 2021  6  5 11 28 29.860  0.00   1
   109639  40.574500 -123.948958    23.489    23989.1     2694.8     2062.0    647.1    686.5    521.3 2022  2 26  5 28  3.880  0.00   1
   109640  40.551335 -123.970939    20.927    22131.4      122.4     -499.9    465.6    412.7    491.4 2021  6 14 23  5 14.620  0.00   1
   109641  40.551697 -123.971989    20.988    22042.4      162.7     -439.7    557.5    419.4    536.4 2021  6 15  4  8 20.200  0.00   1
   109643  40.551306 -123.970996    20.902    22126.5      119.3     -525.4    513.6    423.3    491.8 2021  6 15  2 15 10.680  0.00   1
   109645  40.551282 -123.970923    20.908    22132.8      116.6     -519.4    510.0    425.2    487.6 2021  9 21 16 59  7.260  0.00   1
   109646  40.551713 -123.971631    20.875    22072.7      164.5     -551.8    465.7    416.8    519.1 2022  8 19 22 15 53.220  0.00   1
   109647  40.551717 -123.971631    20.874    22072.7      164.9     -553.0    465.5    417.1    518.8 2022  9 26 14 46 33.600  0.00   1
   109649  40.484155 -124.512744    16.035   -23773.4    -7337.5    -5392.1    783.4    775.1   1386.8 2022  9 18  8 29  6.480  0.00   1
   109653  40.600525 -124.335506    19.448    -8745.7     5584.8    -1979.2    966.2    547.2   1186.0 2021  6 26 23 51 53.520  0.00   1
   109656  40.602718 -124.307056    17.995    -6336.6     5828.3    -3431.9    797.4    394.2    875.6 2021  7  7 21  8 20.520  0.00   1
   109661  40.600256 -124.330941    19.487    -8359.1     5555.0    -1940.3    911.7    483.2   1040.6 2022 11 27 17  4 31.920  0.00   1
   109701  40.535242 -124.346965    18.302    -9720.6    -1664.6    -3124.9    506.5    391.5    622.3 2021  7  9 20  8 44.560  0.00   1
   109707  40.703894 -123.932292    22.783    25376.2    17063.5     1355.3    783.9    746.7   1057.5 2021  7 21  1 57 33.440  0.00   1
   109708  40.707133 -123.943197    22.435    24453.0    17423.1     1007.8    878.7    594.2    890.1 2022  8 13 12 33 41.180  0.00   1
   109709  40.707145 -123.943018    22.434    24468.1    17424.5     1006.6    875.4    592.8    892.3 2022  8 13 13  7 15.920  0.00   1
   109710  40.481840 -124.402596    19.651   -14439.1    -7594.6    -1775.8    509.8    542.7    710.8 2021  7 21  6 27  7.140  0.00   1
   109714  40.517407 -124.433105    17.653   -17020.2    -3645.0    -3773.7    382.9    508.0    600.8 2021  7 22  8 29 59.260  0.00   1
   109718  40.507410 -124.444718    18.607   -18005.4    -4755.2    -2820.0    657.7    635.4    999.7 2022  4  3 19 26 32.500  0.00   1
   109728  40.638652 -123.916488    21.163    26726.3     9818.6     -264.6    789.2    633.5   1303.7 2021 10 28 17 29 28.460  0.00   1
   109729  40.639119 -123.917114    21.232    26673.2     9870.5     -195.5    693.9    533.2   1197.4 2021 10 28 20 25 38.640  0.00   1
   109732  40.505013 -124.461027    18.774   -19387.6    -5021.4    -2652.8    645.9    670.8    625.7 2021  8  5  5 11 35.000  0.00   1
   109733  40.507137 -124.456868    19.773   -19035.0    -4785.5    -1654.4    488.0    619.5    699.2 2021 12 18  9  2 20.600  0.00   1
   109734  40.504395 -124.458488    19.615   -19172.6    -5090.0    -1811.8    487.8    661.7    902.2 2021 12 21 16 46 40.580  0.00   1
   109740  40.527869 -124.370858    25.457   -11745.3    -2483.3     4030.2    989.8    763.0   1085.0 2021 12 25  9  3 58.480  0.00   1
   109741  40.528589 -124.369840    25.242   -11659.1    -2403.4     3814.5   1030.8    673.4   1115.9 2022  8 24 18 28  5.620  0.00   1
   109742  40.636584 -124.044149    19.787    15920.2     9589.1    -1640.3    824.4    412.1    781.4 2021  8 23  5 51 36.160  0.00   1
   109744  40.523145 -123.780583    21.871    38263.3    -3007.9      443.6    858.9   1035.2   1052.9 2021  8 29 12 47 11.520  0.00   1
   109745  40.518746 -123.780705    22.281    38254.2    -3496.4      853.5    520.0    764.2   1125.7 2022  1  7 12 47 18.900  0.00   1
   109758  40.550712 -124.229753    17.567      208.9       53.3    -3860.7    531.1    390.2    671.4 2021  9 12 22 48 15.460  0.00   1
   109773  40.517883 -124.415275    18.123   -15509.4    -3592.2    -3304.2    394.5    502.6    782.6 2021 12 23 10 30 50.600  0.00   1
   109775  40.576436 -124.214079    18.627     1536.2     2909.9    -2800.7    623.0    326.9    565.7 2021  9 23 19 33 34.900  0.00   1
   109779  40.525020 -124.350789    17.488   -10045.4    -2799.6    -3938.8   1174.0    521.8    871.2 2021  9 30  4 43 34.000  0.00   1
   109788  40.513676 -123.882845    21.926    29601.5    -4059.4      499.1    603.8   1001.5    743.9 2021 10  7  4 45 50.940  0.00   1
   109789  40.511462 -123.875163    21.830    30252.9    -4305.2      402.4    878.3    759.4    720.6 2021 10  7  5 44  8.100  0.00   1
   109791  40.511666 -123.877995    21.467    30012.9    -4282.6       39.9    878.1    635.3    633.6 2021 10  9 15 14 13.920  0.00   1
   109792  40.509953 -123.882821    21.851    29604.4    -4472.8      423.8    844.7    477.9    675.1 2021 10  9 14 51  7.940  0.00   1
   109793  40.513696 -123.881592    21.568    29707.7    -4057.1      140.6    484.4    742.8    608.4 2021 10  9 19 19 22.180  0.00   1
   109794  40.513814 -123.877230    21.192    30077.3    -4044.0     -235.4    774.1    536.7    618.2 2021 10 16 14 55 23.500  0.00   1
   109795  40.512138 -123.878776    21.512    29946.6    -4230.2       84.3    635.3    569.0    605.5 2021 11  4 10 59  4.180  0.00   1
   109796  40.511548 -123.876367    21.210    30150.9    -4295.7     -217.7    695.2    555.0    660.0 2021 11  7  7 51 35.860  0.00   1
   109801  40.543380 -123.850903    22.634    32300.8     -760.9     1206.5    710.9    702.6    579.9 2022  1 31 19 52 42.840  0.00   1
   109836  40.613855 -124.139982    18.709     7809.2     7065.0    -2718.2    584.2    349.8    672.8 2021 10 22 21  9 45.260  0.00   1
   109837  40.614242 -124.079631    19.685    12918.8     7108.0    -1741.9    826.9    504.8   1007.0 2021 10 31 13 10  3.600  0.00   1
   109838  40.559737 -123.955216    22.113    23461.7     1055.5      685.9    475.7    465.6    659.5 2021 11  3 19 22 52.340  0.00   1
   109846  40.602795 -124.083293    16.691    12609.8     5836.9    -4736.1    667.5    735.9    751.3 2021 11 25 17 56 31.760  0.00   1
   109849  40.604867 -124.295825    19.607    -5385.6     6066.9    -1820.5    954.2    368.8   1191.2 2021 11 29  9 17 10.340  0.00   1
   109852  40.523503 -124.432593    19.675   -16976.0    -2968.2    -1752.7    376.0    397.2    559.0 2022  1 18 10 25 37.780  0.00   1
   110087  40.587834 -124.212516    20.793     1668.4     4175.5     -634.5    577.5    452.8    647.3 2021 12 11 10 51 42.420  0.00   1
   110088  40.545414 -124.307511    18.847    -6377.9     -535.0    -2580.5    980.7    469.0    928.0 2021 12 20 23 40 19.580  0.00   1
   110091  40.545703 -124.306462    18.797    -6288.9     -502.9    -2629.8   1002.9    480.4    932.2 2022  8 22 11 46 57.980  0.00   1
   110092  40.548462 -124.304484    18.082    -6121.3     -196.6    -3345.1   1073.0    539.2    967.3 2022  8 22 11 19 44.520  0.00   1
   110093  40.547498 -124.304045    18.179    -6084.1     -303.6    -3248.1   1074.1    704.9   1195.9 2021 12 20 21 17 43.440  0.00   1
   110095  40.547762 -124.313281    19.161    -6866.5     -274.3    -2266.7   1001.5    392.3    915.8 2022  7 14  2 59 53.060  0.00   1
   110120  40.518062 -124.424430    19.817   -16285.1    -3572.3    -1609.8    569.8    668.4    773.7 2021 12 20 20 29 25.860  0.00   1
   110127  40.577417 -124.227189    17.938      425.9     3018.8    -3488.8   1048.2    915.8   1066.1 2021 12 20 20 15 20.340  0.00   1
   110128  40.548604 -124.295296    24.882    -5343.0     -180.7     3454.7    719.9    713.9   1037.0 2021 12 20 20 31  1.340  0.00   1
   110129  40.518388 -124.441683    17.571   -17746.8    -3536.1    -3855.9    541.6    555.4    825.6 2021 12 20 22 57 59.980  0.00   1
   110153  40.507450 -124.334359    17.658    -8654.5    -4750.7    -3769.4    543.2    639.5    819.2 2021 12 21  3 28 34.100  0.00   1
   110154  40.507507 -124.332349    18.298    -8484.2    -4744.4    -3129.3    427.4    497.3    714.7 2021 12 23  6 55 41.480  0.00   1
   110156  40.508675 -124.333431    17.751    -8575.8    -4614.7    -3676.0    545.0    698.7    939.6 2021 12 23  4 51 44.220  0.00   1
   110160  40.522990 -124.422355    18.623   -16108.7    -3025.1    -2804.2    571.4    560.4    642.6 2021 12 21 19 30 31.800  0.00   1
   110168  40.580086 -124.207910    19.259     2058.6     3315.2    -2168.3    786.8    266.0    682.6 2021 12 21  2 44 44.640  0.00   1
   110179  40.546261 -124.346493    22.115    -9679.8     -441.0      687.8    833.1    881.5   1239.9 2022  3 20  6 57 16.680  0.00   1
   110181  40.499011 -124.455583    16.046   -18927.1    -5687.8    -5381.3    418.6    477.5    843.3 2021 12 25 16 54 33.700  0.00   1
   110183  40.601160 -124.109521    17.989    10389.1     5655.3    -3438.1   1253.7   1128.7    651.6 2021 12 26 16  2 15.940  0.00   1
   110184  40.590458 -123.992025    19.804    20339.4     4466.9    -1622.8    692.7    599.4    694.6 2021 12 27  8 53  5.400  0.00   1
   110185  40.581409 -123.986100    19.624    20842.5     3462.0    -1802.8    792.7    601.8    827.2 2022  5 28  7 57  1.360  0.00   1
   110186  40.579049 -124.204500    20.212     2347.3     3200.0    -1214.8    823.6    446.7    731.6 2021 12 28  6 35 41.580  0.00   1
   110187  40.576583 -124.199146    19.542     2800.9     2926.1    -1885.0    897.2    268.9    545.0 2021 12 31 13 31 14.620  0.00   1
   110188  40.576587 -124.199137    19.542     2801.6     2926.6    -1885.6    890.1    268.2    545.9 2022  1  1 22 14 38.120  0.00   1
   110189  40.576530 -124.198397    19.528     2864.3     2920.3    -1899.2    832.9    272.6    559.3 2022  1  2 11 16 33.460  0.00   1
   110190  40.576860 -124.207088    19.539     2128.2     2956.9    -1888.7    940.8    331.5    596.6 2022  4 25  2 10 11.700  0.00   1
   110191  40.576522 -124.198348    19.524     2868.4     2919.4    -1902.8    832.6    273.4    561.2 2022  9  1 20 43  2.920  0.00   1
   110199  40.520040 -124.409399    19.578   -15011.4    -3352.7    -1849.2    489.6    531.3    759.2 2021 12 31 17  2 13.380  0.00   1
   110209  40.600216 -124.106201    24.812    10670.3     5550.5     3385.2    704.7    723.8    977.3 2022  4  2 19 46 56.000  0.00   1
   110211  40.518083 -124.443815    17.544   -17927.5    -3570.0    -3883.7    570.8    648.5    870.8 2022  4  3 10 39 47.080  0.00   1
   110231  40.517261 -124.436222    18.953   -17284.3    -3661.3    -2474.4    520.2    660.3    924.1 2022  5 14 20  9 30.640  0.00   1
   110234  40.532463 -124.232292    19.404       -6.2    -1973.2    -2022.8    749.2    586.9    868.8 2022  5 25  9 25 42.220  0.00   1
   110250  40.526961 -124.427018    21.127   -16503.3    -2584.1     -299.9   1154.0   1180.5    880.3 2022  7  2 10 23 23.100  0.00   1
   110253  40.597648 -124.111930    18.495    10185.4     5265.3    -2932.3    851.8    530.1    556.3 2022  7 20  6 28 50.580  0.00   1
   110254  40.596318 -124.115698    19.000     9866.4     5117.6    -2427.7    782.1    699.0    580.4 2022  8  9  7 59 33.060  0.00   1
   110255  40.601192 -124.119043    18.187     9582.9     5658.9    -3240.7    663.7    646.7    905.6 2022  8  9  8  9 40.340  0.00   1
   110266  40.539653 -124.328255    18.777    -8135.4    -1174.8    -2649.8    650.1    481.1    832.8 2022  8 30  6 25 35.480  0.00   1
   110273  40.648433 -124.016007    19.034    18300.7    10904.8    -2393.3    717.1    357.1    656.3 2022 10 28 12 43 42.000  0.00   1
   110274  40.521989 -124.435449    18.633   -17218.2    -3136.3    -2794.1    472.7    563.9    852.5 2022 10 29 20 38 50.780  0.00   1
   110275  40.515613 -124.431860    20.063   -16914.9    -3844.3    -1364.7    479.9    610.0    868.0 2022 10 30  3 34  2.660  0.00   1
   110276  40.519393 -124.436865    19.349   -17338.5    -3424.5    -2078.0    492.6    481.1    548.7 2022 11 12 10 31 42.840  0.00   1
   110279  40.513298 -124.436816    18.430   -17335.1    -4101.4    -2997.6    715.5    733.3   1355.3 2022 11  2 16 39 30.260  0.00   1
   110282  40.524581 -124.435376    19.972   -17211.6    -2848.4    -1455.2    545.5    485.7    747.6 2022 11 15 17 48 18.560  0.00   1
   110296  40.581063 -123.981632    20.492    21220.9     3423.6     -935.0    625.9    430.6    567.7 2022 12 22  3  8  5.860  0.87   1
   110298  40.537211 -124.266593    12.029    -2912.0    -1445.9    -9398.6    701.9    558.7    677.2 2023  1 17 13 54 45.520  1.24   1
   110302  40.564237 -124.123332    22.731     9222.2     1555.2     1303.4    643.6    326.0    617.8 2022 12 24  0 35 18.890  0.89   1
   110303  40.485014 -124.502954    24.748   -22943.6    -7242.2     3320.5    735.6    797.2   1455.3 2022 12 20 12 25 25.380  2.43   1
   110305  40.435990 -124.602433    24.886   -31385.4   -12686.0     3458.7    335.0    449.2    984.7 2023  4  2 11 44 21.610  2.51   1
   110307  40.522420 -124.422713    23.907   -16139.1    -3088.4     2480.1    738.5    521.0   1442.4 2023  3  9  9 11 18.070  1.00   1
   110308  40.574406 -123.881746    22.565    29681.3     2684.4     1137.9    818.3    612.0    721.7 2022 12 21 19 21 21.160  1.21   1
   110311  40.541707 -124.500513    25.945   -22727.2     -946.6     4517.9    714.5    779.8   1263.5 2023  2  6  9 53 42.140  2.82   1
   110326  40.576261 -124.245801    20.209    -1150.3     2890.5    -1217.9   1027.9    579.7   1013.4 2023  4 26 22 23  7.880  0.79   1
   110327  40.622217 -123.950757    21.528    23828.4     7993.6      100.9    554.0    522.7    699.9 2022 12 21  8 59 40.650  1.14   1
   110330  40.584786 -123.913159    25.968    27018.8     3837.1     4541.1    864.1    670.9    821.4 2023  5 27  2 45 49.750  0.87   1
   110334  40.621187 -124.315186    19.181    -7024.0     7879.3    -2245.8    630.0    356.0   1089.5 2023  2 22  6 20 25.080  1.45   1
   110341  40.560913 -124.132902    22.192     8411.9     1186.1      764.7    572.2    545.1    662.3 2023  1  5 14 47  6.170  2.14   1
   110346  40.535946 -123.888452    23.148    29121.6    -1586.4     1720.5    521.6    665.8    408.4 2023  5 28  1 45 53.620  1.36   1
   110354  40.506974 -124.423063    25.293   -16170.6    -4803.6     3865.6    632.8    909.7   1033.6 2023  4 14  1 57  6.610  1.17   1
   110355  40.518978 -124.494694    15.991   -22238.0    -3470.6    -5436.6    591.9    531.4   1414.7 2023  2 16 22 15  2.800  1.44   1
   110359  40.749320 -123.975732    21.830    21693.5    22107.9      402.6   1636.7    919.3   1189.1 2022 12 22  4 53 56.390  0.79   1
   110365  40.528516 -124.230615    17.701      135.8    -2411.5    -3725.9    671.5    516.2    716.0 2022 12 20 12 37 22.690  1.44   1
   110367  40.546220 -123.968807    21.314    22312.8     -445.5     -113.1    582.8    516.3    655.5 2022 12 25  1 20 33.690  1.82   1
   110368  40.599426 -123.975578    22.091    21730.7     5462.8      663.8    590.2    513.5    616.3 2023  2 14  3 52  7.700  1.37   1
   110370  40.695589 -123.907764    21.932    27453.2    16141.3      505.2    897.2    755.7   1764.2 2022 12 21  4 44 13.820  1.30   1
   110373  40.661544 -123.991170    23.622    20401.0    12360.7     2194.6   1012.0    647.4   1254.0 2022 12 20 23 58 39.800  0.88   1
   110374  40.758394 -123.871623    20.957    30496.9    23115.5     -470.2    904.6    880.6   2060.0 2022 12 22  4 46 28.990  1.00   1
   110378  40.595451 -124.048869    22.264    15525.3     5021.4      836.3    819.1    483.1    828.9 2022 12 21 18 52 28.640  1.06   1
   110379  40.518921 -124.422168    18.336   -16093.3    -3476.9    -3090.8    420.2    443.8    512.5 2022 12 22  9 21 28.530  1.40   1
   110382  40.544617 -124.065682    19.438    14107.0     -623.5    -1989.2    557.0    397.9    487.4 2022 12 26  5 31 21.180  1.08   1
   110385  40.595976 -124.090552    18.880    11995.7     5079.6    -2546.8    553.3    454.4    567.0 2022 12 23  0 19 22.520  0.90   1
   110387  40.534359 -124.398486    26.074   -14085.3    -1762.6     4646.8    816.8    520.5    962.7 2023  1 28 23 56 58.200  3.85   1
   110388  40.510197 -124.448861    13.699   -18356.0    -4445.7    -7728.1    493.6    713.8   1569.3 2022 12 31 10 20 40.360  1.04   1
   110390  40.641406 -123.984058    26.064    21006.1    10124.5     4636.8    841.0    607.4    820.3 2023  1 17  5 14  2.510  1.84   1
   110391  40.589709 -124.212052    20.469     1707.7     4383.8     -958.2    880.4    438.3    815.7 2022 12 23  0 35 44.600  1.56   1
   110392  40.516105 -124.418197    19.498   -15757.2    -3789.6    -1929.4    471.3    560.4    695.8 2023  1  1 12 19 44.130  1.25   1
   110395  40.555172 -124.219181    17.349     1104.3      548.5    -4078.5    786.5    461.1    893.7 2022 12 20 23 19 53.720  1.40   1
   110396  40.536434 -124.260897    18.560    -2429.4    -1532.2    -2866.8    599.2    555.2    776.8 2022 12 24 20  6  9.180  0.83   1
   110397  40.557194 -124.276440    15.998    -3745.6      773.1    -5429.2    635.1    453.0    599.8 2022 12 23 10 18 25.720  1.66   1
   110399  40.529395 -124.425106    17.030   -16341.0    -2313.9    -4397.3    506.1    721.4    764.2 2022 12 20 10 44 46.730  2.70   1
   110400  40.559664 -124.047282    22.984    15663.9     1047.4     1557.2    573.0    481.2    531.7 2022 12 25  4 33 20.570  0.83   1
   110404  40.563627 -124.015983    21.919    18314.3     1487.5      491.4    474.5    484.2    474.6 2022 12 27  0 23 33.800  1.12   1
   110406  40.593844 -124.105583    20.115    10723.2     4842.9    -1312.4    619.2    566.7    659.0 2023  1 11  3 23 18.830  1.45   1
   110408  40.611882 -123.840796    28.693    33140.1     6845.9     7265.3    801.1    622.4    974.6 2023  2 12 20 12 15.900  2.47   1
   110409  40.511780 -124.419629    22.029   -15879.0    -4269.9      601.4    516.5    704.1    718.3 2022 12 21 22  8 58.660  1.39   1
   110412  40.571098 -124.070581    19.959    13689.3     2317.1    -1468.0    757.8    665.8    702.6 2022 12 26  7 30 25.960  0.98   1
   110417  40.553088 -123.973169    21.239    21942.2      317.2     -188.6    495.8    406.3    471.6 2022 12 24 12 43  0.520  1.06   1
   110422  40.621667 -124.304769    19.537    -6142.1     7932.6    -1890.0    733.3    476.1   1805.6 2022 12 29 13 40 18.010  1.27   1
   110423  40.505534 -124.331828    18.780    -8440.2    -4963.5    -2647.6    498.2    546.7    601.7 2023  2 17 12 38 36.270  0.88   1
   110429  40.592655 -124.016463    22.559    18269.7     4710.9     1131.7    446.0    422.1    483.4 2022 12 22  9 28 37.970  0.68   1
   110431  40.601034 -124.104036    23.025    10853.5     5641.3     1598.2    955.3    544.8    685.6 2022 12 21 17 59 17.620  1.95   1
   110432  40.490617 -124.448258    26.055   -18307.7    -6620.0     4628.2    832.9    633.6   1064.2 2022 12 22  1 13 30.130  2.71   1
   110434  40.511483 -124.460645    19.344   -19354.3    -4302.9    -2083.7    524.0    523.9    822.8 2022 12 21 18 26 29.520  1.33   1
   110435  40.530009 -124.378516    24.556   -12393.9    -2245.7     3128.7    776.5    626.2   1058.6 2023  1 28 20  7 39.900  1.24   1
   110436  40.464701 -124.534774    24.348   -25644.0    -9497.8     2920.9    748.2    976.1   1418.8 2023  2 18  0 47 37.880  1.15   1
   110439  40.472245 -124.429150    19.820   -16690.7    -8660.1    -1607.1    653.4    674.1    756.5 2023  1 27 16 28 41.960  1.01   1
   110442  40.568998 -123.954679    21.264    23505.6     2083.9     -162.9    476.8    437.9    654.6 2022 12 20 18 48 54.600  0.91   1
   110443  40.579146 -124.172705    18.316     5040.0     3210.8    -3111.4    844.1    465.5    658.5 2022 12 21 21 55 10.140  0.79   1
   110444  40.504142 -124.502010    27.656   -22860.4    -5118.0     6228.6    637.2    826.2   1101.3 2022 12 23 21 41 55.000  1.21   1
   110445  40.521847 -124.389535    23.646   -13328.2    -3152.1     2218.6    616.2    655.6    723.3 2022 12 21  8  6 55.910  1.80   1
   110447  40.565088 -124.015527    22.328    18352.7     1649.7      901.1    450.4    423.7    439.5 2022 12 24 19 37 36.120  1.39   1
   110448  40.595886 -124.127311    21.753     8883.1     5069.7      326.2    572.6    469.3    606.0 2023  1 31 13 12 49.420  1.12   1
   110452  40.549292 -124.191479    27.936     3450.8     -104.4     6508.7   1126.0    506.4    736.6 2022 12 20 23 25 36.340  1.09   1
   110453  40.511304 -124.473592    17.512   -20451.3    -4322.8    -3914.9    556.6    788.3   1183.6 2022 12 21 12  8  6.020  1.11   1
   110454  40.463826 -123.821110    22.975    34845.0    -9594.9     1548.0    677.3    843.4    584.8 2022 12 21 13 41 59.550  0.69   1
   110455  40.529740 -124.419002    17.286   -15823.8    -2275.5    -4141.6    411.6    817.3   1430.3 2022 12 23 13  9 40.300  0.89   1
   110458  40.620064 -124.315511    17.590    -7051.6     7754.6    -3837.2    613.1    533.5    832.1 2023  2 14  6 32 28.460  1.23   1
   110462  40.582739 -124.428288    25.485   -16604.0     3609.8     4058.0   1035.2    766.3   1348.4 2023  4 22 17 56 13.080  1.37   1
   110464  40.592175 -124.445133    23.100   -18029.3     4657.6     1673.0    922.4    720.5    811.6 2023  2 13 21 32 14.280  2.09   1
   110466  40.533622 -124.393880    17.379   -13695.2    -1844.4    -4048.3    691.3    720.9   1161.7 2022 12 22  0 27 26.630  0.83   1
   110467  40.527576 -124.427767    26.841   -16566.6    -2515.9     5414.2    640.9    623.0    742.7 2022 12 22  3 58 10.660  0.90   1
   110468  40.529154 -123.979639    20.592    21398.0    -2340.6     -835.4    538.4    565.0    620.8 2022 12 24  1 17 32.850  0.88   1
   110470  40.534294 -124.360994    17.017   -10909.2    -1769.9    -4410.7    570.7    459.7    718.7 2023  3 29  5  5 59.480  1.47   1
   110474  40.472632 -124.425830    19.540   -16409.2    -8617.1    -1887.1    986.8    784.2   1119.4 2022 12 20 12 14 11.380  2.27   1
   110475  40.581421 -124.350594    28.160   -10024.6     3463.4     6733.2    748.8    761.8   1137.9 2022 12 21 15  8 37.620  1.85   1
   110476  40.538521 -124.409668    28.342   -15032.1    -1300.4     6914.3    793.3    815.5    803.9 2022 12 20 13 24 12.330  1.51   1
   110477  40.613322 -123.948690    20.423    24004.9     7005.9    -1004.2    826.7    595.0   1247.6 2023  1  3  7 18 42.400  0.99   1
   110479  40.533944 -124.356698    17.443   -10545.2    -1808.7    -3984.0    387.3    442.9    710.1 2022 12 26  2  4 21.800  1.88   1
   110480  40.556775 -124.247176    22.440    -1266.9      726.6     1013.2    945.6    593.6    783.0 2022 12 21  2 56 11.820  1.60   1
   110481  40.498031 -124.480428    18.281   -21032.6    -5796.7    -3145.8    936.4    798.4   1088.4 2023  4  5 14 51 18.340  1.34   1
   110482  40.606116 -123.913485    22.450    26987.0     6205.6     1023.2   1175.1   1023.4    833.4 2022 12 21 19 52  6.360  0.64   1
   110484  40.525159 -124.422957    19.256   -16159.5    -2784.3    -2171.7    423.4    365.3    687.1 2022 12 25  4  3 37.800  0.93   1
   110487  40.746936 -123.852205    20.604    32141.9    21843.1     -823.7   1041.7   1110.6   2035.3 2022 12 20 14 11  0.150  2.57   1
   110488  40.482296 -124.458512    18.910   -19177.8    -7544.0    -2517.7    487.7    639.0    943.9 2023  2 18  9 18 28.190  1.40   1
   110489  40.518632 -124.423975    19.407   -16246.4    -3509.0    -2020.4    354.5    394.3    477.3 2022 12 29  9 57 25.630  1.27   1
   110494  40.522522 -124.420133    18.635   -15920.5    -3077.1    -2792.1    534.4    543.8    670.5 2023  3  5 20 14 19.720  1.28   1
   110495  40.531799 -124.196590    21.064     3018.3    -2046.9     -362.8    826.9    625.2    701.4 2023  1 20 16 55 16.240  1.95   1
   110496  40.502832 -124.444930    18.569   -18024.0    -5263.5    -2858.3    474.3    429.8    792.6 2022 12 30 12 51 54.870  1.14   1
   110497  40.571033 -124.095011    22.691    11620.3     2309.8     1263.6    719.7    625.8    660.3 2022 12 31 14 27 57.700  1.02   1
   110501  40.464197 -124.509880    25.169   -23534.1    -9553.8     3741.4    682.0    926.4   1251.2 2022 12 30 21 43 18.320  2.12   1
   110506  40.611267 -124.098584    19.514    11314.3     6777.7    -1913.0    656.4    446.4    768.6 2022 12 20 21 47 48.880  1.10   1
   110507  40.527820 -124.398047    18.405   -14048.8    -2488.8    -3022.0    615.1    550.2    838.3 2022 12 21 10 16 11.430  0.70   1
   110508  40.612805 -124.097095    18.192    11440.3     6948.5    -3234.9    484.3    531.1    668.6 2022 12 30  9  0 39.550  1.14   1
   110509  40.579850 -124.297323    23.291    -5513.4     3289.0     1864.1   1833.7    972.4   1962.0 2023  1  2  8  1 22.300  0.77   1
   110510  40.495146 -124.430851    25.562   -16832.0    -6117.1     4134.4    652.6    766.2    861.1 2023  1  2  8 25 11.060  1.28   1
   110511  40.632402 -124.004801    23.853    19251.5     9124.6     2425.3   1014.2    724.3    482.6 2022 12 21  4 15 19.850  2.45   1
   110512  40.511312 -124.337671    19.271    -8934.9    -4321.9    -2155.9    681.9    538.9    788.0 2022 12 21 17 35 50.480  1.40   1
   110513  40.524007 -124.412899    19.241   -15307.4    -2912.1    -2186.2    614.4    512.8    727.9 2022 12 20 15  4 50.680  1.42   1
   110515  40.551261 -124.228898    23.083      281.2      114.3     1656.1   1149.7    831.3   1179.2 2023  1 11 13 29 12.060  1.57   1
   110517  40.598584 -124.077441    24.276    13105.6     5369.3     2848.9   1066.1    823.8   1122.9 2023  3 12  6 43 46.740  0.89   1
   110518  40.521598 -124.439103    17.505   -17527.8    -3179.6    -3922.1    556.8    825.1    969.7 2022 12 20 10 43 39.300  2.63   1
   110519  40.574007 -124.152995    22.827     6709.4     2640.1     1400.2   1083.7    571.6    895.8 2022 12 20 23 22 14.760  1.65   1
   110521  40.570569 -124.157471    23.325     6330.5     2258.3     1897.6    668.7    579.3    900.7 2022 12 23  1 11 44.550  1.32   1
   110522  40.650114 -124.124512    23.023     9116.5    11091.4     1595.8   1868.1   1082.3   1783.0 2022 12 20 18 48 15.520  0.97   1
   110523  40.508618 -124.493286    23.979   -22120.4    -4621.0     2552.2    691.1    660.6   1251.3 2022 12 21  1  7 33.310  3.25   1
   110524  40.605050 -124.088851    18.423    12138.9     6087.3    -3004.4    452.7    475.9    587.0 2022 12 21  9 31  7.840  1.25   1
   110525  40.614795 -124.081999    18.276    12718.2     7169.4    -3151.5    812.5    559.3    846.6 2022 12 26  7 21 10.390  0.93   1
   110526  40.494198 -124.505355    15.776   -23145.5    -6222.4    -5651.3    767.4    619.3   1214.0 2023  2 18 20 58 10.920  1.67   1
   110527  40.523771 -124.436532    19.376   -17309.6    -2938.3    -2051.2    444.1    476.8    610.2 2022 12 22  3 55 53.820  1.44   1
   110529  40.554321 -124.260897    25.142    -2429.1      454.1     3714.7    758.0    569.0   1019.1 2023  5 18 13 21 36.440  0.56   1
   110530  40.615332 -124.071899    15.888    13573.2     7229.1    -5539.6    690.6    578.7    608.1 2022 12 22  4 49 54.170  0.84   1
   110531  40.530847 -124.348348    19.051    -9838.1    -2152.6    -2376.2    615.3    391.5    699.8 2022 12 20 19 16  2.640  1.29   1
   110532  40.542163 -124.349438    16.330    -9929.7     -896.0    -5097.3    485.8    479.3    762.5 2022 12 23  4  9 55.040  1.00   1
   110533  40.660999 -124.041545    17.493    16137.7    12300.1    -3933.8   1013.4    576.0   1222.0 2022 12 21 11 50 10.940  0.78   1
   110534  40.527901 -124.403825    18.632   -14538.3    -2479.7    -2795.2    604.2    661.3    988.5 2023  1  4 16 29 55.050  1.61   1
   110535  40.522148 -124.412435    18.994   -15268.3    -3118.6    -2433.1    493.3    494.2    624.7 2022 12 22 10 55 51.720  0.98   1
   110537  40.619958 -124.072485    24.480    13523.1     7742.8     3052.9   1098.1    754.7   1045.2 2022 12 21 16 28 15.660  3.99   1
   110539  40.522518 -124.337240    18.973    -8897.6    -3077.5    -2454.0    637.1    549.5    659.8 2022 12 25  8 22 48.250  0.72   1
   110541  40.578088 -124.184440    18.650     4046.2     3093.3    -2777.5    692.7    379.5    721.7 2023  2 18  6 52 19.650  1.07   1
   110542  40.576436 -124.184855    18.738     4011.1     2909.9    -2689.2    839.4    450.0    791.9 2022 12 20 17 56  5.920  1.14   1
   110544  40.600020 -124.192424    18.996     3369.6     5528.8    -2431.7    773.3    331.7    730.7 2023  3 21 22 51 34.760  0.98   1
   110546  40.503849 -124.444466    19.584   -17984.5    -5150.6    -1843.1    450.3    494.8    820.2 2022 12 27  1 23 41.520  0.94   1
   110547  40.619458 -123.926839    20.142    25853.7     7687.2    -1285.4    844.5    732.9   1297.1 2022 12 20 23 36 50.880  1.00   1
   110549  40.544116 -124.054061    19.841    15091.4     -679.1    -1585.8    770.8    533.7    549.0 2022 12 21  4 18 46.220  2.04   1
   110551  40.613521 -124.089315    18.320    12098.9     7028.0    -3106.9    591.6    605.3    802.8 2023  2 17 11 16 14.330  1.12   1
   110553  40.515194 -123.908089    20.853    27462.3    -3890.8     -573.9    929.6   1016.5    640.1 2022 12 25  0 34  1.910  0.77   1
   110554  40.550468 -124.245654    17.998    -1138.1       26.2    -3429.1    831.5    421.1    527.3 2022 12 21  0  5 31.440  1.34   1
   110556  40.497681 -124.441724    23.975   -17753.0    -5835.6     2548.1    649.6    614.3   1178.3 2023  2 25 14 23 27.120  1.53   1
   110559  40.609932 -124.124080    21.510     9155.7     6629.5       82.9    845.1    536.8   1069.1 2023  3 13  0 48 17.330  0.83   1
   110560  40.628349 -123.927165    21.149    25824.5     8674.5     -278.0    634.2    403.2    947.4 2023  2  2  2 38 55.900  1.60   1
   110561  40.617452 -123.888590    24.923    29092.3     7464.5     3496.2    863.6    734.9   1474.2 2022 12 20 17 35 32.520  1.17   1
   110564  40.603499 -124.120858    16.670     9429.0     5915.1    -4756.8    728.3    428.2    562.6 2022 12 24  4 18 59.420  0.99   1
   110566  40.607751 -124.108887    18.086    10442.3     6387.3    -3341.2    645.9    457.0    642.7 2022 12 22  5 24 44.100  2.65   1
   110568  40.498686 -124.466748    16.385   -19873.3    -5724.0    -5042.6    507.2    417.3    686.5 2023  3 22 19 35 25.080  1.32   1
   110569  40.645394 -124.019523    18.386    18003.6    10567.3    -3041.6    757.8    461.7    789.4 2023  1  2  9 44 23.910  0.93   1
   110570  40.603666 -124.121151    20.758     9404.2     5933.6     -668.9    615.6    498.2    631.7 2022 12 22  6 14 22.080  1.10   1
   110572  40.535234 -124.246761    18.656    -1232.0    -1665.5    -2771.5    556.5    460.6    713.9 2023  1  1 22 18 52.920  1.17   1
   110574  40.628166 -124.098315    19.217    11335.6     8654.2    -2210.3    468.5    424.8    754.4 2022 12 21 22 33 49.080  1.00   1
   110575  40.581470 -124.159074    27.298     6194.2     3468.8     5870.5   1144.3    648.5   1104.5 2022 12 23  1 10  6.400  0.80   1
   110577  40.614998 -124.225513    23.897      567.7     7192.0     2469.7    974.9    734.2   1205.4 2022 12 25 19 13 28.400  0.95   1
   110578  40.565637 -124.147567    21.541     7169.6     1710.7      114.0    965.1    598.9    688.4 2022 12 20 20 26 41.720  2.13   1
   110579  40.525285 -124.371541    21.855   -11803.5    -2770.3      427.9   1177.9    636.5   1360.6 2022 12 21  8 58 34.030  0.97   1
   110580  40.609363 -124.056177    22.624    14905.0     6566.2     1196.4    843.4    466.7    788.3 2023  1  3  4 53 49.540  1.15   1
   110581  40.566842 -124.231632    20.466       49.6     1844.4     -961.2    719.6    465.6    589.1 2023  5 28 11 38 43.770  1.07   1
   110582  40.563391 -123.935970    22.061    25091.1     1461.3      633.6    431.2    448.9    504.9 2022 12 21 23 36 17.240  1.23   1
   110586  40.522388 -123.902515    20.368    27933.2    -3092.0    -1059.2    678.1    772.2    784.6 2022 12 22  5 36 49.910  0.70   1
   110587  40.602913 -123.918311    25.076    26579.0     5850.0     3648.3    765.8    642.9    675.0 2022 12 20 10 48 38.300  2.65   1
   110588  40.600073 -124.117163    18.284     9742.1     5534.6    -3143.7    606.7    412.8    512.8 2022 12 22  7 50 48.720  1.53   1
   110589  40.534896 -124.048779    19.496    15539.9    -1703.0    -1931.4    628.5    440.2    487.0 2022 12 21  0 13 29.150  1.50   1
   110590  40.655969 -123.887524    29.283    29174.3    11741.6     7855.4    767.5    654.2    883.8 2022 12 23 19 10 35.240  1.06   1
   110591  40.585502 -124.065397    21.628    14126.8     3916.6      200.9    763.7    585.5    767.6 2022 12 25 22 34 55.360  0.82   1
   110592  40.616479 -124.075570    17.815    13262.3     7356.5    -3612.1    860.6    526.9    810.2 2023  1 18  8 28 49.360  0.92   1
   110594  40.560347 -123.935815    20.937    25104.8     1123.3     -489.9    477.2    477.3    546.7 2022 12 21  0 45 40.230  1.26   1
   110595  40.591532 -124.323706    21.446    -7747.0     4586.2       18.8    795.0    641.0    692.2 2022 12 20 10 52 39.340  3.28   1
   110596  40.536845 -124.337980    17.785    -8959.4    -1486.6    -3641.9    514.4    496.7    682.8 2022 12 29  7 31 23.150  0.85   1
   110597  40.618331 -124.080575    20.372    12838.4     7562.1    -1054.6    723.6    499.0    727.4 2022 12 20 21 24 28.880  0.90   1
   110598  40.596635 -124.110400    22.936    10315.0     5152.8     1508.8    697.3    619.7    786.9 2022 12 26  1 46  3.150  1.45   1
   110600  40.521806 -124.378084    17.673   -12358.1    -3156.6    -3754.5    581.0    489.4    624.6 2022 12 20 19 51  5.480  1.33   1
   110604  40.571163 -123.936572    21.221    25038.7     2324.3     -205.8    481.8    378.0    556.7 2022 12 21 17  1 49.600  1.16   1
   110605  40.521501 -124.430770    19.814   -16821.8    -3190.5    -1613.4    485.3    589.8    768.4 2022 12 22  7 33 35.520  1.14   1
   110607  40.661450 -124.016870    18.164    18225.9    12350.3    -3263.3    980.1    510.8   1144.1 2022 12 21 14 33 24.290  1.52   1
   110608  40.642603 -124.022046    19.248    17790.4    10257.3    -2179.2    771.3    547.0    814.3 2022 12 25 12 29 55.020  1.64   1
   110609  40.575671 -124.157056    23.161     6365.4     2824.9     1734.2   1050.7    475.6    746.7 2022 12 20 19 19  0.120  1.41   1
   110611  40.553210 -124.243213    17.642     -931.3      330.8    -3785.5    735.3    532.1    731.3 2022 12 21 12 21 21.680  0.97   1
   110613  40.667542 -123.893099    22.566    28700.0    13026.7     1138.7    769.2    733.0    905.9 2022 12 27 17 40  9.980  1.83   1
   110614  40.553552 -124.321981    21.135    -7603.1      368.7     -292.6    963.8    442.1    950.9 2023  2 15 14 26 55.060  2.21   1
   110615  40.586548 -124.135514    21.168     8189.1     4032.7     -259.2    674.0    719.4   1109.5 2022 12 21  9 48 30.660  1.09   1
   110618  40.604740 -123.971086    23.035    22110.2     6052.9     1608.0    997.4    792.8   1164.2 2022 12 20 23 30 29.600  1.04   1
   110619  40.597778 -123.923698    21.472    26123.9     5279.8       44.5    634.6    401.5    921.8 2022 12 22  4 23  9.220  0.67   1
   110620  40.598181 -123.895703    25.659    28494.2     5324.5     4232.2    801.4    609.3    817.3 2022 12 25 16 15  8.400  1.07   1
   110622  40.609155 -124.094344    14.831    11673.5     6543.2    -6596.5   1013.7    765.5    719.8 2022 12 28  9 46 28.530  1.31   1
   110623  40.594397 -124.155688    22.598     6480.3     4904.3     1170.6    841.3    544.1    849.9 2022 12 30  9 23 12.150  1.07   1
   110624  40.605119 -124.106079    18.454    10680.2     6094.9    -2972.8    616.9    438.3    591.7 2023  4  2 23  2 20.160  1.02   1
   110625  40.549198 -124.078174    18.351    13048.4     -114.8    -3075.8   1040.8    673.0    834.0 2022 12 20 21 22 52.960  1.20   1
   110626  40.562195 -124.018188    22.159    18127.7     1328.4      731.8    530.4    455.3    548.9 2022 12 24 20 57 12.400  1.30   1
   110627  40.589412 -124.189811    21.101     3591.0     4350.8     -326.0   1036.9    568.9    826.5 2022 12 20 16 59 23.800  1.39   1
   110628  40.548556 -123.881706    22.410    29690.4     -186.2      983.1    486.4    659.3    880.4 2022 12 25  6 37 31.440  1.50   1
   110629  40.591256 -124.234530    24.129     -195.7     4555.5     2702.0    975.6    729.6   1461.1 2023  2  2  2 53 51.230  0.90   1
   110630  40.603337 -124.105379    15.831    10739.6     5897.0    -5596.3    508.9    524.0    561.6 2022 12 22  6 38 46.920  0.92   1
   110631  40.598381 -123.997119    19.541    19906.9     5346.7    -1886.4    444.7    412.2    523.2 2022 12 22  6 27  3.370  1.14   1
   110633  40.511047 -124.464299    25.173   -19663.9    -4351.3     3746.2    786.3    712.6   1182.0 2022 12 20 11 23 42.960  2.53   1
   110634  40.609668 -124.080615    15.368    12835.8     6600.1    -6059.3    555.7    490.0    658.9 2023  1  3  7 23 30.820  1.13   1
   110635  40.550960 -124.051912    22.975    15272.7       80.9     1547.7    612.9    512.1    525.7 2022 12 24  7 16 44.450  1.51   1
   110636  40.577262 -124.209367    18.215     1935.2     3001.6    -3212.3    744.4    353.1    708.6 2023  5  5 10 50 40.220  0.86   1
   110637  40.542940 -124.332568    17.263    -8500.6     -809.7    -4164.1    900.0    580.9   1035.8 2022 12 25 12 21 40.770  1.90   1
   110638  40.577820 -124.148267    23.532     7109.6     3063.5     2104.9    633.4    553.2    771.6 2022 12 21 19 17 30.720  1.31   1
   110641  40.647135 -124.003255    18.609    19380.3    10760.7    -2818.2    740.5    496.9    761.5 2022 12 25  9 11 59.060  0.70   1
   110643  40.536849 -123.908032    23.178    27462.8    -1486.1     1751.0    596.6    682.0    548.8 2023  2 16 18  3 27.440  1.53   1
   110644  40.564327 -123.974967    23.576    21788.1     1565.2     2149.0    585.9    438.5    527.7 2023  2 13  5 45 35.220  1.23   1
   110646  40.565234 -124.411833    29.578   -15212.5     1666.0     8150.7    993.1    958.8   1307.1 2023  2  6 20 12  2.580  1.35   1
   110647  40.564905 -124.169987    21.163     5270.7     1629.4     -264.0   1014.0    440.9    862.2 2022 12 20 19  6 23.200  1.47   1
   110649  40.521106 -124.383049    23.775   -12778.8    -3234.3     2347.8    980.9    749.4    755.7 2022 12 25 23 13 35.000  1.83   1
   110650  40.702563 -123.961182    22.172    22932.1    16915.7      745.1    982.2    659.3    875.2 2022 12 26  9 16 16.030  1.67   1
   110651  40.616272 -123.818994    26.608    34984.8     7333.4     5180.3    941.8    610.9   1459.8 2023  4  8  3  4 20.710  1.95   1
   110652  40.515389 -124.438314    18.168   -17461.7    -3869.1    -3259.7    406.5    485.9    718.8 2023  2  8 14 16 55.210  1.31   1
   110653  40.532027 -124.402873    18.644   -14457.1    -2021.6    -2783.4    451.6    541.3    781.6 2022 12 26  8 29 16.340  0.84   1
   110654  40.593392 -124.005404    22.606    19206.1     4792.7     1179.2    726.5    468.8    607.5 2022 12 24 22 12 36.600  2.10   1
   110655  40.567216 -124.017798    22.774    18160.1     1886.0     1346.4    551.7    444.9    538.4 2023  4 30 12 38 22.840  0.62   1
   110656  40.585177 -124.204435    26.529     2352.8     3880.4     5101.3   1337.2    763.2   1054.6 2023  1 20 22  9 26.880  0.94   1
   110660  40.536865 -124.340226    16.639    -9149.7    -1484.3    -4788.6    420.8    486.9    702.4 2022 12 31 15  5 32.620  1.28   1
   110663  40.576961 -123.956689    24.166    23333.9     2968.2     2738.6    571.4    446.4    644.9 2022 12 21 22 26 11.040  1.39   1
   110664  40.550736 -123.974438    21.232    21835.1       56.0     -195.2    619.6    448.7    635.7 2022 12 20 16  1 13.350  1.61   1
   110665  40.490157 -124.508187    17.687   -23386.2    -6671.0    -3740.5    802.0    765.3   1135.8 2023  4  6  4 40 19.060  0.75   1
   110666  40.501510 -124.464998    17.668   -19724.6    -5410.4    -3758.8    557.4    672.4    697.9 2022 12 29  8 32 33.620  1.49   1
   110667  40.600277 -124.331079    19.507    -8370.8     5557.2    -1920.6    997.4    508.3   1060.6 2022 12 25  7 56 23.340  0.72   1
   110671  40.582324 -124.092228    23.398    11855.0     3563.7     1970.9   1086.3    495.6    628.3 2022 12 20 23  1 57.840  1.31   1
   110672  40.535295 -124.347404    18.143    -9757.8    -1658.7    -3284.0    407.2    432.6    766.3 2023  4 15  0  7  1.200  0.77   1
   110673  40.583130 -124.212500    25.513     1669.8     3653.2     4086.2   1059.8    484.2    963.8 2022 12 21 16 59 16.830  0.92   1
   110674  40.552637 -124.226717    17.819      466.0      267.0    -3608.2    593.7    474.8    642.4 2022 12 23  5  1 13.690  1.08   1
   110675  40.703564 -123.934090    22.552    25224.1    17026.9     1124.3    889.6    678.1   1485.8 2022 12 22 16 21 35.960  1.66   1
   110676  40.480725 -124.402100    19.759   -14397.1    -7718.4    -1668.2    632.3    578.7    694.8 2023  1 30 10 56 56.600  0.99   1
   110677  40.511206 -124.438118    18.138   -17445.7    -4333.6    -3289.5    383.9    481.4    814.2 2022 12 23  0 10 35.700  1.04   1
   110678  40.520699 -124.431893    16.770   -16917.0    -3279.5    -4656.9    481.6    572.0    715.7 2023  1  8  2 15 56.440  1.14   1
   110679  40.512903 -124.438761    17.333   -17500.0    -4145.2    -4093.8    391.5    370.7    630.5 2023  4 20 15 36 20.100  0.92   1
   110681  40.638745 -123.912174    21.125    27091.4     9829.0     -302.0    671.5    557.0   1066.4 2022 12 21  2 53 42.600  1.60   1
   110683  40.505436 -124.456014    19.696   -18962.8    -4974.4    -1731.4    364.0    368.4    692.6 2022 12 21  8 21  0.830  1.29   1
   110685  40.529378 -124.370239    25.439   -11692.8    -2315.7     4012.0    966.1    722.8   1042.7 2023  1 29  2 21 34.040  0.86   1
   110686  40.546094 -124.308496    17.813    -6461.3     -459.5    -3613.8    687.6    414.4    687.5 2022 12 20 19 42 50.340  1.43   1
   110687  40.637073 -124.044206    19.644    15915.3     9643.3    -1783.7    809.5    590.4   1008.4 2022 12 26  1 31 33.690  1.21   1
   110688  40.677799 -123.879224    21.554    29872.0    14165.8      126.7    889.1    675.7   1464.5 2022 12 20 16  7 38.970  2.01   1
   110689  40.541260 -123.768538    21.873    39278.4     -996.3      446.2    688.0    938.8    745.2 2022 12 22  0 56 27.730  0.68   1
   110692  40.509420 -124.461890    20.761   -19460.1    -4532.0     -665.8    775.5    583.1    871.2 2022 12 29 10 57 23.460  1.08   1
   110694  40.520321 -124.443929    18.454   -17936.8    -3321.5    -2973.4    436.5    406.5    715.6 2022 12 29  5 31  8.470  1.04   1
   110695  40.551355 -124.225635    17.452      557.7      124.7    -3974.9    576.6    372.3    546.5 2022 12 24  5  9  2.290  1.55   1
   110697  40.574084 -124.221045    16.840      946.3     2648.7    -4587.7    576.3    361.9    570.3 2022 12 23 20 30 28.480  1.23   1
   110698  40.541858 -124.239046    18.183     -578.4     -929.9    -3243.8    640.4    534.9    488.7 2023  1 26  5 47 35.730  1.04   1
   110699  40.511222 -124.414998    18.684   -15486.8    -4331.8    -2743.0    405.9    487.4    685.3 2022 12 22  9  7 10.520  0.52   1
   110700  40.575757 -124.214185    18.428     1527.3     2834.4    -2999.6    615.5    352.7    620.4 2022 12 25  3 58 23.130  0.90   1
   110702  40.622913 -123.956136    22.339    23372.8     8070.9      911.3    993.3    737.3    698.9 2022 12 20 23 26 24.700  1.53   1
   110703  40.527246 -124.325016    17.600    -7861.7    -2552.5    -3827.4    775.9    578.6    404.7 2022 12 22 14 28 55.050  1.12   1
   110705  40.513127 -123.882869    21.646    29599.6    -4120.4      219.1    418.9    646.6    654.8 2023  3  1  0 37 17.190  1.45   1
   110706  40.561967 -123.992179    23.842    20330.6     1303.1     2414.5    655.8    535.9    402.2 2022 12 20 23 41  1.760  1.68   1
   110707  40.542920 -123.842375    21.905    33023.3     -812.0      477.3    405.9    598.7    680.3 2022 12 21 22 14 18.520  1.56   1
   110708  40.576778 -124.208407    17.845     2016.6     2947.8    -3581.8    703.6    317.2    668.4 2023  3  5  0 34 58.820  1.58   1
   110710  40.607633 -124.142643    18.356     7584.2     6374.2    -3070.8    651.2    558.4    821.6 2023  1 14  1 10 27.140  1.46   1
   110711  40.613725 -124.074528    20.552    13350.8     7050.6     -875.6    740.2    391.3    836.3 2022 12 20 21  2 39.800  1.14   1
   110712  40.552600 -123.953255    22.831    23629.0      263.0     1404.1    578.1    728.3    800.8 2023  1 10 19 11 36.040  1.34   1
   110715  40.607235 -124.089852    16.475    12054.0     6329.9    -4952.5    737.5    525.4    781.9 2022 12 20 21 22 37.100  1.23   1
   110716  40.581681 -123.894987    20.196    28558.4     3492.3    -1230.8    625.5    601.9    760.0 2022 12 22  1 50 13.650  0.65   1
   110717  40.607878 -124.292383    18.758    -5094.0     6401.3    -2669.4   1517.8    577.3   1796.4 2023  4  9 21 13 25.880  0.97   1
   110718  40.524170 -124.430607    19.397   -16807.7    -2894.1    -2030.4    380.1    400.4    543.4 2022 12 22  3 44  5.310  1.01   1
   110720  40.587500 -124.209652    20.921     1911.0     4138.4     -506.2    740.0    414.3    487.6 2022 12 21  1 23  1.660  0.93   1
   110721  40.548934 -124.305493    17.774    -6206.8     -144.1    -3653.0    806.1    390.8    662.5 2022 12 20 16 43 44.910  1.41   1
   110722  40.549792 -124.310197    17.387    -6605.2      -48.8    -4039.9    900.6    396.8    763.1 2022 12 20 19 45  5.720  1.04   1
   110723  40.460506 -124.535091    22.714   -25671.7    -9963.6     1286.8    903.1   1065.4   1211.6 2022 12 22  7 29 30.560  0.68   1
   110724  40.516895 -124.345467    19.043    -9595.0    -3702.0    -2384.3    542.6    569.6    905.0 2022 12 22  8 32 21.500  0.63   1
   110725  40.548507 -124.313428    17.764    -6878.9     -191.6    -3663.3    659.6    395.7    509.4 2022 12 24 21 51 17.000  0.84   1
   110726  40.518652 -124.425016    19.930   -16334.7    -3506.8    -1497.5    532.1    611.7    760.7 2022 12 25 10 58 46.850  0.74   1
   110727  40.511629 -124.348901    19.041    -9886.4    -4286.7    -2386.3    670.0    695.6    927.9 2022 12 26 20 22  8.180  1.12   1
   110728  40.519572 -124.420622    19.595   -15962.2    -3404.7    -1832.7    400.9    454.7    534.6 2023  1  3 14 30 47.720  1.13   1
   110729  40.579171 -124.207902    18.187     2059.3     3213.5    -3240.4    723.6    325.0    603.8 2023  1  4 10 27 27.700  1.40   1
   110730  40.550358 -124.301449    23.200    -5864.1       14.0     1773.2    947.3    598.0   1532.6 2023  1 27  5 50 36.430  1.31   1
   110731  40.511686 -124.439217    18.710   -17538.7    -4280.3    -2717.0    472.6    446.1    802.9 2023  3 16 18  8 14.040  1.34   1
   110735  40.531620 -124.343075    18.331    -9391.3    -2066.7    -3096.5    678.1    563.3    792.3 2022 12 20 21 52 17.400  1.04   1
   110736  40.505241 -124.333138    18.601    -8551.2    -4996.0    -2826.0    519.1    521.1    675.6 2022 12 22  5 34 15.770  1.28   1
   110737  40.523397 -124.426758    18.475   -16481.6    -2979.9    -2951.8    441.6    411.3    500.4 2022 12 22 10 19 33.470  1.21   1
   110738  40.551811 -124.322371    19.769    -7636.3      175.3    -1658.0    963.6    807.1   1128.9 2022 12 26 12 16 44.250  0.71   1
   110739  40.522583 -124.423299    18.283   -16188.7    -3070.3    -3144.3    339.9    394.1    672.4 2023  1 11  1 42 23.060  2.03   1
   110743  40.581563 -124.199438    18.242     2776.0     3479.2    -3185.5    686.9    371.9    621.7 2023  3 25 16 17 15.180  0.90   1
   110745  40.515946 -124.428833    17.739   -16658.4    -3807.2    -3688.7    509.4    467.3    770.0 2023  1 20  8 32 25.670  1.94   1
   110746  40.515902 -124.453564    19.465   -18753.8    -3812.2    -1962.4    574.8    543.7    785.7 2023  2 15 19 15 16.420  1.23   1
   110747  40.548340 -124.349642    19.908    -9946.4     -210.1    -1519.7    708.6    661.3    776.8 2022 12 23 14  7  9.940  0.88   1
   110748  40.553040 -124.452116    24.078   -18625.9      311.8     2650.9    951.3    670.7    733.8 2022 12 20 15 58 21.830  1.76   1
   110749  40.499972 -124.458748    16.029   -19195.3    -5581.2    -5398.1    472.6    470.9    883.2 2022 12 26  6 35 42.200  1.15   1
   110750  40.594019 -124.120435    17.625     9465.5     4862.3    -3801.9    889.4    811.4    610.0 2023  1 14  6 13 33.720  1.13   1
   110751  40.580876 -123.986621    20.384    20798.5     3402.8    -1043.6    709.1    684.6    779.5 2022 12 20 17 38 50.000  1.62   1
   110752  40.577913 -124.202840    19.846     2488.0     3073.9    -1580.9    843.4    295.4    710.1 2022 12 22 21 13 37.280  0.95   1
   110753  40.526152 -124.323926    17.437    -7769.4    -2674.0    -3990.3    630.1    624.8    813.9 2022 12 22 22  2  6.300  1.11   1
   110754  40.522371 -124.351424    18.116   -10099.4    -3093.8    -3311.5    559.9    522.6    700.1 2022 12 22 22 45  9.160  1.52   1
   110755  40.721753 -123.840894    22.845    33104.8    19046.6     1417.7    881.3   1157.0   1721.4 2022 12 23  7 52 54.590  1.22   1
   110757  40.523678 -124.340381    18.599    -9163.7    -2948.7    -2828.2    591.9    531.7    744.1 2022 12 28 13 28 43.290  1.64   1
   110758  40.552380 -124.237524    19.604     -449.4      238.6    -1822.8    545.1    407.6    661.2 2023  1 15 15 14  5.770  1.41   1
   110759  40.515430 -124.408846    21.266   -14965.0    -3864.6     -161.0    408.1    597.2   1058.2 2023  2 10 21  1  5.660  1.17   1
   110761  40.586255 -124.150269    21.851     6939.7     4000.2      423.5    623.5    425.3    588.7 2023  1 21 22  3  8.900  1.49   1
   110765  40.518075 -124.388257    17.520   -13220.3    -3570.9    -3906.8    729.8    596.9   1014.5 2022 12 24  2 43 20.530  1.79   1
   110766  40.501013 -124.445369    19.002   -18061.4    -5465.5    -2425.4    431.6    589.5   1086.9 2023  2  7 19 48  3.920  1.35   1
   110767  40.506132 -124.475439    18.147   -20608.7    -4897.1    -3280.2    488.8    646.4    908.7 2023  5  3  4 14 16.070  1.55   1
   110768  40.534814 -124.338363    18.547    -8991.9    -1712.0    -2880.6    785.3    492.3    953.1 2023  2 17 23 11 43.020  1.41   1
   110769  40.577254 -124.209456    18.287     1927.7     3000.7    -3140.6    648.0    426.1    668.3 2022 12 22 11 55 31.760  1.02   1
   110770  40.600948 -124.104199    25.091    10839.7     5631.8     3664.0    805.9    779.2    874.8 2023  1  4  8 48  8.840  1.05   1
   110771  40.517297 -124.443180    18.183   -17873.8    -3657.2    -3244.5    416.2    516.8    677.5 2022 12 21 11 33 42.730  2.09   1
   110772  40.519824 -124.423861    17.511   -16236.6    -3376.6    -3916.4    826.2    519.7   1301.2 2022 12 22  1 51 31.680  0.96   1
   110773  40.513086 -124.391170    20.545   -13467.6    -4124.9     -882.4   1085.7    702.1   1046.0 2023  4 10 15 18 48.100  0.74   1
   110774  40.516748 -124.429321    18.161   -16699.7    -3718.2    -3266.3    421.0    534.2    753.6 2022 12 22 13 45 54.290  0.88   1
   110778  40.600220 -124.094775    21.915    11637.7     5550.9      487.8   1112.7    704.6   1310.1 2022 12 20 13 10 43.400  0.88   1
   110780  40.515149 -124.437012    18.730   -17351.4    -3895.8    -2697.2    381.0    424.3    730.3 2023  1 27  2 38 13.190  1.41   1
   110781  40.604826 -124.024878    20.867    17555.6     6062.4     -559.9    617.9    437.2    911.1 2022 12 22  7 36 42.420  0.86   1
   110782  40.517403 -124.411800    16.978   -15215.1    -3645.5    -4449.3    559.8    520.3    703.5 2023  1 19  4 55  2.650  1.72   1
   110783  40.532699 -124.242904    19.198     -905.2    -1947.0    -2229.2    907.4    450.3    730.1 2022 12 21  9 13 55.700  1.90   1
   110785  40.596940 -124.099797    15.854    11212.9     5186.7    -5573.6    775.2    524.1    652.1 2023  3 27 13  6 21.780  0.85   1
   110786  40.513505 -124.439331    18.883   -17548.2    -4078.4    -2543.9    562.7    573.4    822.6 2022 12 21 10 46 12.660  1.82   1
   110787  40.584806 -124.162093    20.368     5938.4     3839.3    -1059.0    629.5    498.5    650.1 2022 12 22  9 24 48.500  0.91   1
   110788  40.653385 -124.004142    19.499    19304.3    11454.7    -1927.9    939.7    647.4   1203.8 2022 12 22  1 16  9.260  0.66   1
   110789  40.519600 -124.406104    17.939   -14732.2    -3401.5    -3488.5    588.6    499.8    720.8 2022 12 23 19 12 41.740  1.83   1
   110790  40.567529 -124.192920    23.371     3328.3     1920.8     1943.7    906.6    776.4    821.6 2022 12 24 15 43 41.860  0.86   1
   110791  40.524141 -124.430103    25.883   -16764.9    -2897.2     4456.2   1105.5   1157.8   2951.5 2022 12 21 21 14 36.000  0.82   1
   110793  40.515743 -124.415177    20.467   -15501.4    -3829.8     -960.7    451.3    543.1    555.5 2022 12 26 14 17  3.520  0.91   1
   110794  40.597408 -124.114193    18.766     9993.8     5238.7    -2661.4    586.0    427.1    614.8 2023  3 11 16 16 54.220  1.44   1
   110796  40.540975 -124.332007    17.549    -8453.1    -1027.9    -3877.9    486.8    419.5    696.7 2022 12 22  1 52 50.750  1.67   1
   110797  40.520850 -124.358773    19.112   -10722.1    -3262.8    -2314.9    583.6    528.7    692.5 2022 12 24 21 53 24.440  1.63   1
   110798  40.543835 -124.313306    13.927    -6868.8     -710.3    -7500.3   1311.9    392.7   1303.8 2023  1 22  8 49 33.400  0.91   1
   110799  40.523710 -124.392896    18.657   -13612.8    -2945.1    -2769.8    671.5    641.9   1073.8 2022 12 20 10 40 17.470  2.91   1
   110801  40.553772 -124.234587    19.074     -200.6      393.1    -2352.9    704.0    492.3    775.3 2022 12 20 12 16  5.480  2.04   1
   110802  40.578141 -124.081803    18.675    12738.2     3099.2    -2752.7    945.6    500.0    667.6 2022 12 21  0 15 31.010  2.88   1
   110803  40.652657 -124.017920    18.607    18138.3    11373.8    -2820.2    682.3    495.0    748.5 2022 12 22  5 56 58.350  0.78   1
   110804  40.518424 -124.437134    19.637   -17361.4    -3532.1    -1790.4    501.6    447.3    621.1 2022 12 20 20 38 36.440  1.22   1
   110806  40.515190 -124.435075    18.392   -17187.3    -3891.3    -3034.9    573.3    510.8   1042.5 2023  2  1  8 26 47.510  1.32   1
   110808  40.531999 -124.338525    18.439    -9005.9    -2024.7    -2988.6    474.9    399.8    702.0 2023  3 31  1 48 56.260  0.92   1
   110809  40.524512 -124.428979    19.862   -16669.7    -2856.1    -1565.3    484.4    502.1    672.7 2022 12 22  0 38 39.810  1.01   1
   110810  40.615678 -124.079574    17.034    12923.4     7267.5    -4393.6    641.7    591.9    939.7 2023  1  4  6 36 41.150  1.09   1
   110812  40.606409 -124.130575    19.201     8606.1     6238.2    -2226.6    782.3    582.6    860.4 2023  2  2  5 38 31.180  0.92   1
