   101475  40.580566 -123.985767    20.605    20870.9     3368.5     -821.9      1.3      0.8      1.3 2020  1  4 12 29  8.640  0.00   1
   101476  40.576611 -123.960474    21.664    23013.5     2929.3      237.0     15.3     13.1     19.3 2020  2 13 22 21 36.940  0.00   1
   101477  40.581974 -123.992244    20.914    20322.1     3524.8     -512.9      1.6      1.2      2.6 2020  3 19  1  4 26.040  0.00   1
   101481  40.580831 -123.985059    20.637    20930.8     3397.9     -790.3      1.6      0.9      1.0 2021  3 29 15 56 33.780  0.00   1
   101482  40.581038 -123.985425    20.691    20899.8     3420.9     -736.7      1.2      0.4      1.0 2021  3 29 13 44 54.940  0.00   1
   101483  40.581034 -123.985286    20.699    20911.5     3420.5     -728.5      1.2      0.3      1.0 2021  3 30 14 30 26.580  0.00   1
   101484  40.580790 -123.984562    20.670    20972.9     3393.4     -757.7      1.1      0.5      1.0 2021  3 30 16 56 58.820  0.00   1
   101487  40.582426 -123.983586    20.520    21055.3     3575.0     -907.6      1.1      1.0      1.0 2021  9 19 18 51 35.660  0.00   1
   101488  40.568766 -123.949902    21.437    23910.2     2058.2        9.8     26.0     25.3     38.4 2021 12  7  4 20 27.260  0.00   1
   101564  40.532524 -124.274935    11.661    -3618.8    -1966.4    -9766.6      1.0      0.9      1.4 2020  1  4 11 37 20.680  0.00   1
   102513  40.559277 -124.123584    23.026     9201.2     1004.5     1598.4      1.4      1.3      1.7 2020  1 21 18 29 29.080  0.00   1
   102514  40.563529 -124.139836    22.930     7824.5     1476.6     1503.2      1.6      1.1      1.7 2020  1 21 18 17 50.920  0.00   1
   102517  40.564307 -124.124919    22.909     9087.8     1562.9     1481.4      1.4      1.1      1.7 2020  1 21 18 17 12.580  0.00   1
   102584  40.555440 -124.098250    22.071    11347.3      578.4      643.5     21.0     11.3     22.4 2021 12 19 16 15 38.560  0.00   1
   102602  40.478243 -124.511092    24.628   -23634.5    -7994.0     3201.0      1.2      2.4      4.9 2021  8 10 19 30 57.060  0.00   1
   102603  40.479354 -124.505615    25.340   -23170.1    -7870.7     3912.7      1.2      1.8      3.0 2021  8 28  7 10 22.180  0.00   1
   102606  40.489884 -124.498966    24.850   -22604.9    -6701.3     3422.9      1.7      2.2      3.1 2021 11  9 13 23 16.920  0.00   1
   102608  40.477743 -124.507528    25.503   -23332.5    -8049.6     4075.6      1.9      1.2      3.2 2022  9  7 17 54 42.580  0.00   1
   102707  40.432690 -124.602751    23.337   -31413.1   -13052.4     1910.1      0.9      1.6      2.3 2020  1  5 11  4 39.240  0.00   1
   102709  40.447083 -124.595915    23.431   -30830.3   -11454.3     2003.7      0.9      1.2      1.1 2020  3 12 15 20 18.660  0.00   1
   102716  40.434880 -124.601237    23.439   -31284.2   -12809.3     2011.9      1.1      1.1      1.9 2020  5 19 15 58 35.460  0.00   1
   102717  40.435201 -124.602889    23.796   -31424.2   -12773.7     2368.4      0.9      0.9      1.0 2020  5 19  8 56  4.240  0.00   1
   102719  40.434489 -124.603996    21.691   -31518.2   -12852.7      263.7      1.0      1.4      2.0 2020  6  9 10 29  1.040  0.00   1
   102720  40.437537 -124.603597    21.371   -31483.7   -12514.3      -56.1      1.0      1.3      2.5 2020  6  9 11 54 57.660  0.00   1
   102721  40.433728 -124.597860    23.566   -30998.2   -12937.2     2139.1      0.6      1.1      1.4 2020  6 11 11 48 29.660  0.00   1
   102723  40.432768 -124.601050    23.350   -31268.9   -13043.9     1922.8      1.3      1.1      1.3 2020  6 28  9  4 35.860  0.00   1
   102727  40.436300 -124.604419    21.537   -31553.7   -12651.7      109.8      1.0      1.3      2.1 2020  9 21 21 53 10.520  0.00   1
   102728  40.429911 -124.602848    23.397   -31422.0   -13361.1     1969.7      1.0      1.2      1.2 2020  9 28  9 34 39.840  0.00   1
   102729  40.431816 -124.599707    23.408   -31155.2   -13149.6     1980.4      1.4      1.6      1.6 2020  9 29 16 42 12.380  0.00   1
   102730  40.430469 -124.601733    23.815   -31327.4   -13299.1     2388.2      1.1      1.6      1.7 2020  9 29 16  6 55.980  0.00   1
   102732  40.433956 -124.602466    23.371   -31388.6   -12911.9     1943.3      0.8      1.1      1.1 2020 10 13 22  5 11.460  0.00   1
   102734  40.434806 -124.603410    21.622   -31468.5   -12817.5      194.4      1.0      1.4      2.3 2020 12 19  3 23 42.480  0.00   1
   102736  40.428963 -124.599919    23.705   -31173.8   -13466.3     2277.7      1.0      1.0      1.8 2021  1 21 20 46 20.820  0.00   1
   102738  40.434403 -124.602157    23.664   -31362.3   -12862.2     2236.7      0.9      1.0      1.2 2021  2 12 20  8 51.240  0.00   1
   102739  40.433940 -124.600228    23.347   -31198.9   -12913.7     1919.7      1.0      0.9      1.1 2021  2 12  4 29 14.400  0.00   1
   102740  40.431449 -124.604289    23.545   -31543.8   -13190.3     2117.8      1.2      1.5      1.5 2021  2 20 23 40 36.700  0.00   1
   102742  40.436959 -124.605029    21.327   -31605.3   -12578.5      -99.9      1.0      1.3      2.7 2021  4 14  1 27 41.100  0.00   1
   102743  40.433659 -124.602124    22.605   -31359.7   -12944.9     1177.4      1.7      1.1      3.0 2021  4 14  5 38 37.620  0.00   1
   102749  40.433280 -124.602262    23.364   -31371.5   -12986.9     1936.4      0.8      0.9      1.1 2021  7 10 11 59 45.840  0.00   1
   102751  40.428560 -124.603613    23.536   -31487.2   -13511.1     2108.9      1.3      1.7      1.9 2021  8 31 18 13 15.560  0.00   1
   102754  40.430705 -124.603206    23.353   -31452.2   -13272.9     1925.3      0.9      1.0      1.1 2021  9 23  9 33 50.540  0.00   1
   102755  40.435022 -124.601945    23.373   -31344.2   -12793.5     1945.7      0.7      0.9      1.1 2021  9 30 19 10  2.220  0.00   1
   102756  40.433207 -124.603092    22.801   -31441.9   -12995.1     1374.0      1.6      2.6      3.1 2021 10  8 23 40 58.400  0.00   1
   102761  40.433081 -124.603092    22.732   -31442.0   -13009.1     1304.7      1.3      1.7      2.5 2021 12  9 20 12 36.400  0.00   1
   102763  40.436100 -124.602352    23.362   -31378.5   -12673.8     1935.0      1.0      1.0      1.3 2021 12 18  5 17 48.600  0.00   1
   102764  40.437618 -124.600952    23.377   -31259.5   -12505.3     1949.6      1.2      1.6      1.6 2021 12 20  7 12 18.880  0.00   1
   102768  40.433431 -124.602954    23.463   -31430.2   -12970.2     2035.9      1.5      2.5      1.4 2022  2 24 23 18 18.200  0.00   1
   102775  40.434989 -124.601961    23.373   -31345.6   -12797.1     1945.9      0.7      1.0      1.1 2022  5 12 21 39 49.620  0.00   1
   102776  40.429378 -124.604541    21.553   -31565.6   -13420.2      125.6      1.0      1.4      2.1 2022  5 15 21 30 42.600  0.00   1
   102777  40.437065 -124.603735    21.977   -31495.5   -12566.7      550.1      1.1      1.8      2.1 2022  6  2  9 50 27.060  0.00   1
   102778  40.436731 -124.605713    22.399   -31663.3   -12603.8      972.3      1.1      1.9      2.5 2022  6 17  0 59 30.760  0.00   1
   102780  40.435600 -124.602067    23.356   -31354.5   -12729.4     1928.6      1.0      1.1      1.2 2022  7 21  2 41 31.540  0.00   1
   102781  40.440918 -124.605965    22.125   -31683.7   -12138.8      697.3      0.9      1.3      1.5 2022  7 28  9 22  9.400  0.00   1
   102786  40.441463 -124.599658    20.712   -31148.9   -12078.3     -714.8      1.1      2.0      2.2 2022  9 18 15 28 46.440  0.00   1
   102787  40.426750 -124.596224    23.572   -30861.1   -13712.1     2144.4      1.5      0.9      1.3 2022 10  2 19 33 34.380  0.00   1
   102789  40.439522 -124.601652    23.377   -31318.4   -12293.8     1949.6      2.1      1.8      2.5 2022 10 17  4 45 23.620  0.00   1
   102790  40.427462 -124.599178    23.534   -31111.4   -13633.1     2106.8      0.9      0.9      1.2 2022 10 19 22 24 12.120  0.00   1
   102792  40.437036 -124.606071    23.215   -31693.6   -12569.9     1788.2      2.0      3.4      3.2 2022 11  4 23 19 49.560  0.00   1
   102871  40.516321 -124.432349    25.352   -16956.2    -3765.7     3924.4      5.5      6.6      9.9 2021 12 21 11 40 42.620  0.00   1
   102873  40.518250 -124.417301    22.968   -15681.1    -3551.5     1541.1      1.0      1.2      1.5 2021 12 27  5 28 17.460  0.00   1
   102877  40.519413 -124.418294    23.982   -15765.1    -3422.3     2554.4      1.2      1.2      1.2 2022 11 12  9 39  9.180  0.00   1
   102881  40.573796 -123.887199    22.444    29219.6     2616.6     1016.5      1.5      1.5      0.7 2020  6  5  7 17 17.540  0.00   1
   102882  40.586605 -123.893229    22.103    28706.2     4039.0      676.0      1.3      1.7      1.5 2021  8 31 10  1 55.460  0.00   1
   102884  40.576013 -123.890202    23.398    28964.8     2862.9     1971.2      1.1      1.2      0.9 2022  7  8 14 14 25.800  0.00   1
   102885  40.575159 -123.882218    22.447    29641.1     2768.0     1019.5      1.6      1.8      1.0 2022 10 15  6 34 45.100  0.00   1
   102906  40.551192 -124.494539    23.869   -22219.6      106.6     2442.1      1.6      1.2      1.7 2020  1  8  5 26 50.000  0.00   1
   102908  40.549556 -124.499601    23.926   -22648.7      -75.0     2498.3      1.5      1.1      0.9 2020 10 11 20 54  2.280  0.00   1
   102909  40.541484 -124.508936    26.639   -23440.7     -971.5     5211.9      5.5      5.2     10.0 2021  4 28 19 33 47.460  0.00   1
   102910  40.549418 -124.496077    23.830   -22350.2      -90.4     2402.4      0.7      0.6      0.6 2021  6 12  7 57 57.640  0.00   1
   102911  40.546997 -124.503988    24.389   -23020.6     -359.2     2961.7      1.5      1.5      3.2 2021  6 22  2 52 24.640  0.00   1
   102915  40.547294 -124.503117    23.838   -22946.8     -326.2     2410.7      0.8      0.7      1.5 2021 11 28 13  7  4.440  0.00   1
   102916  40.548515 -124.501196    23.932   -22783.9     -190.7     2504.5      1.1      0.9      0.8 2021 12 21 13 58 37.080  0.00   1
   103853  40.619788 -123.952702    21.971    23664.1     7723.8      543.8      3.1      2.0      6.0 2020  1 15 17  9  9.680  0.00   1
   103854  40.621057 -123.945133    21.650    24304.6     7864.8      223.1      1.4      1.2      1.3 2020  9  6  8  2 35.820  0.00   1
   103855  40.623783 -123.949146    21.597    23964.5     8167.5      170.2      1.2      1.3      1.0 2021 11 17  1 30  5.520  0.00   1
   103856  40.623539 -123.946598    21.629    24180.2     8140.4      201.3      1.1      0.9      1.0 2022  1 29  9  3 15.000  0.00   1
   103857  40.621769 -123.946257    21.673    24209.4     7943.9      245.8      1.1      1.1      1.1 2022  5 22  1 31 29.140  0.00   1
   103859  40.624040 -123.949170    21.555    23962.4     8196.0      127.4      1.2      1.2      1.1 2022  5 23  3 58 56.800  0.00   1
   103861  40.622725 -123.949349    21.701    23947.5     8050.1      273.4      0.8      0.8      1.0 2022  7 27 10 38  4.700  0.00   1
   103862  40.621488 -123.947371    21.752    24115.1     7912.7      324.8      1.7      1.3      2.2 2022 11 17 16  3 25.080  0.00   1
   103863  40.621000 -123.943783    21.585    24419.0     7858.5      157.6      1.1      1.0      0.9 2022 11 20 23 28 37.040  0.00   1
   103948  40.583411 -123.916585    25.612    26729.0     3684.3     4184.3      1.2      1.0      1.2 2020  7 15 23 27 17.180  0.00   1
   103949  40.583264 -123.916919    25.616    26700.8     3668.1     4188.6      1.3      1.1      1.1 2020  7 15 23 27  7.480  0.00   1
   103953  40.585002 -123.912427    23.936    27080.8     3861.0     2508.3      1.0      0.9      2.2 2021  6 28 22 30 49.640  0.00   1
   103955  40.587191 -123.916130    24.992    26766.8     4104.1     3564.3      1.4      1.3      1.5 2021  8 18 13 15  3.800  0.00   1
   103957  40.579264 -123.912663    26.865    27062.0     3223.9     5438.1      1.0      0.4      1.1 2021  9 30  0  5  3.500  0.00   1
   103958  40.582992 -123.906169    25.944    27611.2     3637.8     4516.4      0.9      0.4      1.8 2021 10 16 22 17 33.780  0.00   1
   103963  40.584391 -123.906535    25.836    27579.9     3793.2     4409.0      1.9      0.7      1.1 2022 10  3  1 19 38.240  0.00   1
   104037  40.620793 -124.321191    18.576    -7532.5     7835.4    -2850.8      2.0      1.1      3.7 2020  3 23  9 10 34.260  0.00   1
   104039  40.620907 -124.317041    19.898    -7181.1     7848.1    -1528.8      1.2      0.7      1.2 2020  3 31  1 10 40.520  0.00   1
   104040  40.620333 -124.315942    19.698    -7088.1     7784.4    -1729.1      1.0      0.8      1.5 2020 12 20  9 55 52.280  0.00   1
   104042  40.620162 -124.315934    19.656    -7087.4     7765.4    -1771.6      0.9      0.7      1.2 2020 12 20 10 47 46.800  0.00   1
   104043  40.620105 -124.315804    19.656    -7076.4     7759.1    -1771.3      1.0      0.7      1.3 2020 12 20 10 15 13.920  0.00   1
   104047  40.620524 -124.316195    19.810    -7109.5     7805.6    -1617.5      1.7      1.2      3.5 2021  4 20 22 55  3.440  0.00   1
   104048  40.620618 -124.321419    17.926    -7551.8     7816.0    -3501.4      6.1      6.4     12.6 2021  4 24 18 32 32.740  0.00   1
   104049  40.622534 -124.315470    19.991    -7048.0     8028.8    -1436.3      1.2      0.8      1.5 2021  6 29 21  7 22.600  0.00   1
   104052  40.622457 -124.316097    20.377    -7101.1     8020.2    -1049.9      1.8      1.2      4.0 2021  7  2  7 55 22.400  0.00   1
   104053  40.618644 -124.315592    21.092    -7058.6     7596.9     -335.1      1.7      1.1      3.7 2021  7  3 16 38 35.240  0.00   1
   104054  40.621936 -124.315462    20.147    -7047.4     7962.4    -1280.5      1.4      1.0      2.3 2021  7 14 14 46 21.240  0.00   1
   104055  40.622192 -124.315723    20.089    -7069.4     7990.9    -1338.1      1.2      1.3      2.7 2021  9 17 10  9 30.180  0.00   1
   104056  40.617342 -124.317985    21.179    -7261.2     7452.3     -248.4      1.0      0.6      1.8 2021 11 18  9 48  5.620  0.00   1
   104060  40.619926 -124.312345    20.312    -6783.6     7739.2    -1115.3      1.0      0.5      1.9 2022  4 14 20  4 26.860  0.00   1
   104061  40.620337 -124.314412    20.435    -6958.6     7784.8     -992.1      1.3      1.0      2.3 2022  6 16 20 44 53.720  0.00   1
   104064  40.620162 -124.311686    20.356    -6727.8     7765.4    -1071.7      1.2      0.7      2.0 2022 10 23 23 59  6.320  0.00   1
   104510  40.562484 -124.130607    22.377     8606.2     1360.5      949.4      0.6      0.3      0.5 2020  1 21 18 16 13.040  0.00   1
   104905  40.522038 -124.419596    26.281   -15875.1    -3130.8     4853.4      4.8      3.7      6.4 2020  6 22 15 25 24.880  0.00   1
   104911  40.511283 -124.420028    23.946   -15912.9    -4325.1     2519.0      0.9      0.8      1.4 2021  5 20 19 21 47.940  0.00   1
   104917  40.503935 -124.427922    23.815   -16582.6    -5141.1     2387.8      1.6      1.1      1.3 2021  9 17 15 11 51.640  0.00   1
   104918  40.506856 -124.419849    24.681   -15898.2    -4816.7     3253.3      2.1      1.5      3.5 2021 10  5 18 21 58.320  0.00   1
   104923  40.499927 -124.427002    24.187   -16505.2    -5586.2     2760.0      1.2      2.1      3.9 2021 12 22  5 52  2.020  0.00   1
   104928  40.510958 -124.419206    25.423   -15843.3    -4361.2     3995.7      1.4      1.0      2.5 2022  1 30  2  6 57.660  0.00   1
   104932  40.510763 -124.418962    25.410   -15822.6    -4382.9     3983.1      1.4      1.0      2.5 2022  3  5  0 58 53.080  0.00   1
   104936  40.511666 -124.424325    23.528   -16276.9    -4282.6     2101.1      1.4      1.2      1.2 2022  7 27  2 17 47.560  0.00   1
   104940  40.517778 -124.495500    15.985   -22306.5    -3603.9    -5442.2      1.4      1.3      1.9 2020  1 27  9 51 13.860  0.00   1
   104941  40.517932 -124.491740    15.838   -21987.9    -3586.7    -5589.6      1.1      1.0      1.7 2020  2 20  6 32 59.280  0.00   1
   104942  40.521318 -124.492057    14.619   -22014.2    -3210.8    -6808.2      2.3      2.3      3.5 2020  4  6  9 21 20.960  0.00   1
   104943  40.517867 -124.494238    15.738   -22199.6    -3594.0    -5689.1      1.3      1.5      3.1 2020 12 17 16 41  8.520  0.00   1
   104944  40.518026 -124.489136    15.717   -21767.3    -3576.4    -5710.5      0.9      1.2      2.1 2020 12 19 14 18 19.400  0.00   1
   104945  40.520919 -124.496688    15.872   -22406.6    -3255.1    -5555.0      0.7      0.8      1.9 2021  5 24  0 40 45.520  0.00   1
   104946  40.520024 -124.498014    15.894   -22519.2    -3354.5    -5533.5      0.7      0.8      2.0 2021 11  6  3 38 12.480  0.00   1
   105385  40.552214 -123.973966    21.524    21874.8      220.0       96.6      0.9      0.7      0.7 2021  4  1  4 46 23.960  0.00   1
   105390  40.594051 -123.955794    21.417    23406.8     4865.9      -10.2      7.7      5.9      7.3 2021  5 23 15 44  5.100  0.00   1
   105391  40.603735 -123.986271    22.203    20824.6     5941.3      776.2      2.9      1.4      2.2 2021  6 30  5 49 47.860  0.00   1
   105476  40.761011 -123.871932    20.714    30470.2    23406.0     -712.9      2.6      1.7      3.3 2021  4 17 11 13 27.660  0.00   1
   105477  40.760376 -123.867350    19.985    30857.8    23335.5    -1442.3      1.6      1.2      2.3 2021  5 16 18 21  8.560  0.00   1
   105483  40.758728 -123.861450    20.743    31357.2    23152.5     -684.0      2.0      1.6      3.1 2022  5  4  3 34 42.980  0.00   1
   105706  40.597201 -124.042578    21.840    16057.8     5215.6      413.2      1.4      1.1      1.4 2020  2  8  2 28 57.160  0.00   1
   105713  40.597819 -124.063216    23.365    14310.2     5284.3     1937.5      2.0      1.0      1.4 2021  8 21  3 33 28.140  0.00   1
   105954  40.544763 -124.061336    19.768    14475.1     -607.3    -1659.4      0.9      0.7      1.0 2020  2  8 19 52 44.320  0.00   1
   105955  40.541646 -124.064917    19.513    14172.1     -953.4    -1914.7      1.0      0.9      0.9 2020  2 23  1  6 17.520  0.00   1
   105956  40.540584 -124.075838    20.039    13247.1    -1071.3    -1387.9      1.4      1.2      1.4 2020 10 23 10 31 25.740  0.00   1
   105957  40.548120 -124.067131    19.292    13983.9     -234.5    -2135.5      1.4      1.2      1.5 2021  2 19 15  2  5.840  0.00   1
   105958  40.544495 -124.061947    19.853    14423.4     -637.1    -1574.2      0.6      0.8      0.7 2021  7 27 12 42 23.820  0.00   1
   105960  40.543172 -124.068221    19.281    13892.1     -784.0    -2146.2      0.9      0.9      1.4 2021  9  6  1 57 48.460  0.00   1
   105961  40.544039 -124.070272    21.674    13718.2     -687.7      246.5      1.3      1.4      2.1 2021 10 30 15 54 35.980  0.00   1
   106005  40.588175 -124.095483    19.716    11578.8     4213.5    -1711.5      2.1      2.0      1.4 2020  4 19 13  8 57.480  0.00   1
   106006  40.596452 -124.092342    18.757    11844.1     5132.5    -2670.3      2.7      1.7      2.6 2020  6  7 18 47 39.820  0.00   1
   106007  40.593783 -124.085042    19.149    12462.5     4836.1    -2277.8      1.2      0.8      1.0 2020  7 20 16 45 35.520  0.00   1
   106008  40.593571 -124.083146    19.249    12623.0     4812.6    -2178.7      1.1      0.8      1.0 2021 11 25 11 31 45.620  0.00   1
   106009  40.594023 -124.084163    19.167    12536.9     4862.8    -2260.0      1.0      1.0      1.3 2022  1 31  2 46 32.380  0.00   1
   106065  40.534550 -124.390080    25.472   -13373.1    -1741.4     4045.2      0.5      0.4      0.6 2020  2 11 17 54 25.540  0.00   1
   106069  40.500142 -124.446053    16.158   -18119.5    -5562.2    -5269.6      2.0      1.4      4.6 2021  7 22 12 38 41.980  0.00   1
   106070  40.506283 -124.449113    15.762   -18377.9    -4880.4    -5664.9      1.1      1.4      1.5 2021  8 21  7 21 12.600  0.00   1
   106079  40.632601 -123.986792    26.238    20776.0     9146.7     4810.7      0.9      1.2      1.6 2020  2 13 23  7 46.880  0.00   1
   106080  40.644751 -123.978898    27.291    21442.3    10495.9     5863.9      2.4      2.0      4.2 2020  2 27  1  9  9.980  0.00   1
   106081  40.640780 -123.988452    25.877    20634.3    10054.9     4449.8      1.0      1.2      1.0 2020  6 29  6 46  6.840  0.00   1
   106082  40.633883 -123.977816    26.323    21535.7     9289.0     4895.4      1.9      1.1      2.7 2021 11 14 16 50 17.560  0.00   1
   106083  40.640137 -123.984318    25.906    20984.3     9983.5     4478.8      1.1      0.8      1.4 2022  2 10  2 19 50.980  0.00   1
   106084  40.641317 -123.982731    25.735    21118.4    10114.5     4307.6      1.2      0.7      1.6 2022  6  3  6  4  3.860  0.00   1
   106096  40.581307 -124.207332    20.320     2107.5     3450.7    -1107.4      1.5      0.7      1.1 2021 11  2  4 49 56.460  0.00   1
   106102  40.516203 -124.412565    20.353   -15280.0    -3778.8    -1074.2     11.0     17.0     12.6 2022  7  6 11 29  4.460  0.00   1
   106103  40.515658 -124.410384    21.213   -15095.3    -3839.3     -214.1     11.0     18.9     13.9 2022  8 16  8  0  8.060  0.00   1
   106104  40.515564 -124.413322    21.002   -15344.2    -3849.7     -425.3      7.2     12.2     12.4 2022  8 29 21 57 39.860  0.00   1
   106135  40.553243 -124.215682    16.997     1400.7      334.4    -4430.7      0.6      0.7      1.3 2021  9 13  0  4  6.120  0.00   1
   106440  40.554895 -124.052515    21.972    15221.2      517.8      545.0      2.8      2.3      3.6 2021  9  4  5 13 46.140  0.00   1
   106496  40.593648 -124.106925    19.547    10609.5     4821.2    -1880.4      0.7      0.8      0.8 2021  8 27  1 44  5.160  0.00   1
   106497  40.592875 -124.105509    19.605    10729.4     4735.3    -1821.8      1.2      1.4      1.5 2021 11 30  0 51 56.760  0.00   1
   106499  40.593229 -124.105632    19.653    10719.1     4774.6    -1774.0      0.7      0.5      1.2 2022  1  8 11 15 11.920  0.00   1
   106609  40.614417 -123.836963    26.997    33464.0     7127.4     5569.8      2.0      1.0      2.2 2020  2 20 17 26 49.040  0.00   1
   106610  40.608374 -123.846875    27.458    32626.3     6456.4     6030.9      0.8      0.6      0.8 2020  7 17 16 58  8.720  0.00   1
   106612  40.606759 -123.847428    28.729    32579.8     6277.0     7302.0      2.0      1.9      1.7 2021 11 24  2 11 55.300  0.00   1
   106613  40.611190 -123.849390    27.647    32412.7     6769.1     6219.9      0.8      0.7      0.7 2022  5 21  1 58 58.180  0.00   1
   106614  40.505090 -124.413485    23.090   -15359.2    -5012.8     1663.2      8.2     10.4      7.2 2020  2 21 12  1 53.080  0.00   1
   106677  40.571273 -124.072583    19.817    13519.7     2336.5    -1610.0      2.2      1.7      2.0 2020  2 22  2  3 27.180  0.00   1
   106678  40.573181 -124.073877    20.047    13410.0     2548.4    -1380.5      1.5      0.8      0.7 2021  2 19 10 17 53.000  0.00   1
   106679  40.577035 -124.068840    19.578    13836.2     2976.3    -1849.5      1.9      1.9      1.6 2022  1 22 18 50  2.840  0.00   1
   106849  40.553113 -123.978833    21.309    21462.4      319.9     -117.9      1.0      1.4      0.8 2020  2 25 10 41 25.500  0.00   1
   106850  40.547823 -123.974731    21.419    21810.7     -267.5       -8.2      1.3      1.3      1.1 2020  6 21 16  9 47.640  0.00   1
   106852  40.539140 -123.965430    21.906    22600.1    -1231.7      478.9      1.5      1.2      2.3 2021  6 16 14  0 25.980  0.00   1
   106853  40.549251 -123.976001    21.830    21702.9     -108.9      402.4      1.4      1.7      2.0 2021  6 17 11 40 36.000  0.00   1
   106855  40.551306 -123.974471    21.495    21832.2      119.3       67.9      1.3      1.5      1.2 2022  9 27  4 34 50.860  0.00   1
   106908  40.622656 -124.302653    19.911    -5962.9     8042.4    -1516.4      1.7      1.3      2.3 2021  4  2 11 45  2.260  0.00   1
   106909  40.624349 -124.298983    19.335    -5652.1     8230.4    -2091.8      2.4      1.5      3.3 2021  4  7  1 55 18.100  0.00   1
   106910  40.621301 -124.302376    20.104    -5939.6     7891.9    -1322.8      2.5      1.2      4.2 2021 10 17 14 20 53.460  0.00   1
   106916  40.623942 -124.298551    19.586    -5615.6     8185.2    -1841.5      2.4      1.1      2.3 2022  7 14  7 38  2.880  0.00   1
   106917  40.503499 -124.331868    19.119    -8443.7    -5189.4    -2307.3      0.8      1.0      1.9 2020  2 29  6 25 39.720  0.00   1
   106919  40.505273 -124.338949    18.406    -9043.5    -4992.4    -3020.8      1.2      1.2      1.7 2020  6 25 12 39 13.840  0.00   1
   106920  40.504940 -124.339591    18.310    -9098.0    -5029.5    -3116.9      1.4      1.3      1.8 2020  6 26 13 51 55.760  0.00   1
   106921  40.504626 -124.339274    18.341    -9071.2    -5064.3    -3086.0      1.3      1.2      1.7 2020  6 27  9  8 18.860  0.00   1
   106924  40.500814 -124.333789    18.773    -8606.6    -5487.7    -2654.2      1.2      1.2      1.3 2020  7 15 15 49 31.760  0.00   1
   106925  40.504578 -124.339250    18.344    -9069.1    -5069.7    -3083.1      1.3      1.2      1.7 2020  7 15  2 55 13.780  0.00   1
   106926  40.500773 -124.333765    18.919    -8604.6    -5492.2    -2508.3      1.7      1.1      1.6 2020  7 15  5  0 39.940  0.00   1
   106927  40.504696 -124.339396    18.433    -9081.5    -5056.6    -2994.7      1.3      1.2      1.7 2020  7 15 19 40 35.320  0.00   1
   106930  40.504407 -124.339242    18.422    -9068.4    -5088.7    -3005.2      1.8      1.7      2.2 2020  7 16 16  0 18.620  0.00   1
   106931  40.501941 -124.329915    19.538    -8278.3    -5362.5    -1889.2      1.7      1.3      1.1 2020  7 16 12 26  9.680  0.00   1
   106933  40.505098 -124.341227    18.727    -9236.6    -5011.9    -2700.7      0.7      0.7      1.4 2020 11 20 17 12 56.060  0.00   1
   106934  40.509412 -124.328239    18.553    -8135.8    -4532.9    -2874.2      1.2      1.0      2.5 2021  5 12 18 32 23.080  0.00   1
   106937  40.510087 -124.327433    18.491    -8067.5    -4457.9    -2936.5      1.9      1.8      1.7 2021  7 11  5  6 12.560  0.00   1
   106939  40.510396 -124.327987    18.440    -8114.4    -4423.6    -2986.9      1.2      1.3      1.4 2021  7 11  7 17 55.760  0.00   1
   106940  40.508569 -124.326619    18.941    -7998.7    -4626.4    -2486.4      1.0      1.3      2.0 2021  7 11  4 14 40.000  0.00   1
   106941  40.508720 -124.326815    18.926    -8015.2    -4609.7    -2501.7      1.0      1.4      2.2 2021  7 11  3 36 34.760  0.00   1
   106942  40.510229 -124.327572    18.427    -8079.2    -4442.1    -3000.7      1.6      1.5      1.5 2021  7 11  2 14  1.880  0.00   1
   106943  40.508337 -124.326270    18.914    -7969.0    -4652.2    -2513.2      1.1      1.3      2.0 2021  7 11  7 49 35.560  0.00   1
   106944  40.508647 -124.326644    18.915    -8000.7    -4617.9    -2512.2      1.0      1.4      2.0 2021  7 12  6 52 59.100  0.00   1
   106945  40.510010 -124.327417    18.655    -8066.2    -4466.5    -2772.6      1.2      1.3      1.5 2021  7 12  7 38 34.800  0.00   1
   106947  40.510160 -124.327555    18.459    -8077.9    -4449.8    -2968.0      2.2      2.1      2.0 2021  7 12  6 52  5.820  0.00   1
   106948  40.509326 -124.326603    18.604    -7997.2    -4542.4    -2823.4      0.9      1.0      1.5 2021  7 12  6 57 12.740  0.00   1
   106949  40.510006 -124.327401    18.654    -8064.8    -4466.9    -2773.6      1.2      1.3      1.5 2021  7 12  6 51 15.180  0.00   1
   106950  40.509949 -124.327409    18.661    -8065.5    -4473.3    -2766.5      1.2      1.3      1.5 2021  7 12 22 18 34.740  0.00   1
   106951  40.510417 -124.327091    18.508    -8038.5    -4421.3    -2919.4      1.0      1.1      1.4 2021  7 12  8 58 54.960  0.00   1
   106952  40.510221 -124.327466    18.484    -8070.3    -4443.0    -2943.3      1.8      1.7      1.6 2021  7 12  8 46 32.680  0.00   1
   106953  40.509078 -124.326131    18.667    -7957.3    -4570.0    -2759.8      1.2      1.1      1.5 2021  7 12  6 48 36.980  0.00   1
   106954  40.509790 -124.327124    18.646    -8041.3    -4490.9    -2781.6      1.1      1.2      1.5 2021  7 12  6 58 19.680  0.00   1
   106959  40.509066 -124.324447    18.769    -7814.5    -4571.3    -2657.8      1.7      1.2      2.1 2021  7 12 15 18 57.120  0.00   1
   106960  40.508431 -124.326424    18.912    -7982.1    -4641.8    -2515.6      1.0      1.4      2.2 2021  7 12 12 15  8.320  0.00   1
   106961  40.508748 -124.326847    18.943    -8018.0    -4606.6    -2483.8      1.0      1.3      2.0 2021  7 12  7 42 57.140  0.00   1
   106962  40.508496 -124.326481    18.907    -7986.9    -4634.6    -2520.1      1.1      1.4      2.1 2021  7 12  8  3  8.480  0.00   1
   106964  40.508512 -124.326383    18.889    -7978.7    -4632.8    -2538.7      1.1      1.4      2.0 2021  7 12  5 33 43.540  0.00   1
   106965  40.508529 -124.326685    18.988    -8004.2    -4631.0    -2439.4      0.9      1.2      1.9 2021  7 12  8 56 41.260  0.00   1
   106967  40.510018 -124.327059    18.521    -8035.8    -4465.6    -2906.7      1.5      1.5      1.6 2021  7 13  3 34 41.120  0.00   1
   106968  40.508337 -124.327425    18.916    -8066.9    -4652.2    -2511.4      1.1      1.5      2.3 2021  7 13 11  0 10.880  0.00   1
   106970  40.507703 -124.323218    18.759    -7710.5    -4722.7    -2668.0      2.2      1.6      1.8 2021  7 15 17 56 38.860  0.00   1
   106971  40.507890 -124.323665    18.725    -7748.4    -4701.9    -2701.8      1.6      1.1      1.5 2021  7 24 15 17 23.680  0.00   1
   106974  40.510262 -124.330379    18.241    -8317.1    -4438.5    -3185.8      0.7      0.8      1.4 2021 12 20 23 45 33.300  0.00   1
   106975  40.502604 -124.338102    18.742    -8972.0    -5288.8    -2685.1      1.9      1.9      1.3 2021 12 20 21 54 42.040  0.00   1
   106977  40.511947 -124.332332    20.345    -8482.5    -4251.4    -1082.6      2.0      1.4      0.7 2021 12 21 12 29 57.320  0.00   1
   106978  40.500488 -124.334855    18.903    -8697.0    -5523.8    -2523.9      0.9      0.9      1.3 2021 12 22  7  9  8.260  0.00   1
   106979  40.503463 -124.334033    18.997    -8627.2    -5193.5    -2430.4      1.0      0.9      1.3 2021 12 22 17  4 29.540  0.00   1
   106983  40.504643 -124.338143    18.667    -8975.3    -5062.5    -2760.5      1.2      1.2      1.8 2021 12 23 19 43 35.140  0.00   1
   106984  40.507096 -124.326880    18.282    -8020.8    -4790.0    -3145.3      4.5      1.5      3.9 2021 12 23  6 28 39.440  0.00   1
   106986  40.510270 -124.327979    18.639    -8113.7    -4437.6    -2788.2      0.9      1.1      1.4 2021 12 25  0 41  6.140  0.00   1
   106988  40.509229 -124.326790    18.564    -8013.1    -4553.2    -2863.4      1.0      0.8      0.8 2021 12 31  7 30 11.740  0.00   1
   106989  40.503259 -124.342212    19.078    -9320.2    -5216.1    -2349.1      1.1      1.5      2.5 2022  1  2 19  6  3.500  0.00   1
   106990  40.506189 -124.329159    18.278    -8213.9    -4890.8    -3149.7      1.4      0.7      1.2 2022  1  2 18 43 27.640  0.00   1
   106991  40.503585 -124.333057    19.227    -8544.4    -5179.9    -2200.4      1.4      1.5      1.6 2022  1 29  0 56  4.940  0.00   1
   106992  40.505151 -124.331925    18.664    -8448.5    -5006.0    -2763.1      1.2      1.1      1.1 2022  2 20  7 55 33.920  0.00   1
   106993  40.508260 -124.327466    19.406    -8070.4    -4660.8    -2021.1      1.1      1.2      1.6 2022  4 11  8 48 35.180  0.00   1
   106995  40.509416 -124.324910    18.556    -7853.8    -4532.5    -2871.4      2.0      1.3      1.7 2022  5 14  5 11 24.580  0.00   1
   106996  40.510958 -124.330086    18.166    -8292.3    -4361.2    -3261.6      0.7      0.8      1.5 2022  5 21 19  6 31.100  0.00   1
   106997  40.506812 -124.322445    18.648    -7645.0    -4821.6    -2779.5      1.2      0.7      1.3 2022  7 18  4 14 31.760  0.00   1
   107286  40.595898 -124.033626    24.318    16816.0     5071.1     2891.1      2.2      0.9      4.2 2020  4 12 17 13 25.640  0.00   1
   107287  40.592643 -124.018441    22.761    18102.3     4709.6     1333.7      2.0      1.6      1.7 2020  4 18 11  7 43.200  0.00   1
   107288  40.594698 -124.015430    23.105    18356.9     4937.8     1677.9      1.4      1.0      1.2 2020 11 20  1 42 41.040  0.00   1
   107289  40.594678 -124.018823    23.080    18069.6     4935.5     1653.2      2.0      1.2      1.8 2020 11 20  1 23 58.260  0.00   1
   107290  40.594572 -124.015356    23.098    18363.2     4923.8     1670.3      1.5      0.7      1.3 2020 11 20  1 20 56.960  0.00   1
   107291  40.593604 -124.015690    23.301    18335.0     4816.2     1874.2      1.1      1.1      1.2 2020 11 20  7  8 23.000  0.00   1
   107292  40.597725 -124.002620    22.948    19441.1     5273.9     1520.4      3.5      1.3      4.3 2021 11 14 17  4  4.680  0.00   1
   107293  40.595878 -124.013916    22.266    18485.0     5068.8      839.2      1.5      1.2      1.8 2021 12  5 10 31 19.440  0.00   1
   107297  40.589701 -123.994759    23.282    20108.0     4382.9     1854.8      0.7      0.6      1.1 2022  1 27  3  6  7.800  0.00   1
   107337  40.509574 -124.425822    23.468   -16404.0    -4514.8     2040.7     13.4     23.9      5.9 2020  3  7  9 53 50.140  0.00   1
   107338  40.486446 -124.453402    26.429   -18744.1    -7083.1     5001.7      1.1      1.6      1.2 2020  9 23 15 27 24.660  0.00   1
   107341  40.503369 -124.430192    25.660   -16775.1    -5203.9     4233.2      2.1      2.3      2.3 2022  5  3 13  8 48.100  0.00   1
   107359  40.527547 -124.381836    25.085   -12675.4    -2519.0     3658.2      1.0      1.2      2.1 2021 12 20 22 54  5.520  0.00   1
   107361  40.525008 -124.401164    23.140   -14313.1    -2801.0     1713.2      1.5      0.8      1.3 2021 12 20 21 57 14.080  0.00   1
   107370  40.477218 -124.535270    26.415   -25683.7    -8107.9     4987.7      7.8     15.0     17.4 2021 11 16  4 40 39.460  0.00   1
   107371  40.470117 -124.531925    23.755   -25401.6    -8896.4     2327.7      0.8      1.4      1.0 2022  4  3 19 28  4.080  0.00   1
   107574  40.468070 -124.427368    19.309   -16540.1    -9123.7    -2118.4      1.9      2.9      1.9 2020  3 11 22 47 36.760  0.00   1
   107579  40.472323 -124.429167    19.893   -16692.0    -8651.5    -1534.0      1.1      1.1      1.2 2021  9 21 12 24 42.300  0.00   1
   107580  40.471627 -124.431047    19.410   -16851.4    -8728.7    -2017.3      0.9      1.2      1.2 2021 10 16  2 20 43.560  0.00   1
   107582  40.483748 -124.436410    19.233   -17304.4    -7382.7    -2194.0      0.8      1.3      3.1 2022  2  5  7 43 32.760  0.00   1
   107583  40.471663 -124.429378    19.819   -16710.1    -8724.7    -1608.1      1.5      1.6      1.8 2022  2 19 19 28 29.060  0.00   1
   107584  40.468933 -124.427498    19.764   -16551.1    -9027.9    -1663.7      1.2      1.3      1.4 2022  2 21 15 20 50.320  0.00   1
   107585  40.468982 -124.427620    19.756   -16561.4    -9022.4    -1671.3      0.9      1.2      1.3 2022  3  8 13 52  8.680  0.00   1
   107586  40.472188 -124.430420    19.921   -16798.3    -8666.4    -1506.2      1.3      1.5      1.1 2022  3 17  5 45 51.800  0.00   1
   107609  40.570162 -123.956641    21.507    23339.2     2213.1       79.5      1.1      0.9      1.4 2021 12 25 22 49 23.520  0.00   1
   107620  40.511796 -124.475244    27.846   -20591.2    -4268.1     6419.2      9.4     13.4     13.0 2020  3 20 11 54 38.000  0.00   1
   107621  40.501965 -124.506160    26.331   -23212.4    -5359.8     4904.1      1.8      2.2      2.5 2020  3 20 22 28 21.200  0.00   1
   107622  40.507381 -124.505583    26.353   -23162.5    -4758.4     4926.0      0.9      1.4      2.4 2020  3 21 20 18  7.640  0.00   1
   107623  40.506714 -124.505241    26.335   -23133.7    -4832.5     4907.6      0.9      1.3      2.2 2020  3 21 19  0  1.520  0.00   1
   107626  40.498352 -124.498503    26.992   -22564.1    -5761.0     5564.4      1.9      2.2      2.2 2020  4 18 11  0 19.100  0.00   1
   107627  40.499011 -124.514486    27.495   -23918.4    -5687.8     6068.0      1.5      1.4      2.1 2020  4 29 15  5 11.240  0.00   1
   107635  40.499866 -124.502498    27.303   -22902.5    -5592.9     5876.1      1.5      1.0      1.6 2021  6 23  5 14 47.320  0.00   1
   107636  40.503540 -124.503914    26.949   -23021.8    -5184.9     5521.4      0.8      0.9      1.3 2021  6 27 15 30 22.300  0.00   1
   107638  40.508187 -124.510685    25.581   -23594.8    -4668.9     4153.4      2.5      3.0      5.4 2021  8 29 17 32  5.980  0.00   1
   107639  40.500293 -124.504077    27.667   -23036.2    -5545.5     6239.3      0.9      1.3      2.1 2021  9  1  5  5 36.660  0.00   1
   107641  40.501754 -124.503695    27.418   -23003.5    -5383.3     5990.3      0.9      0.9      1.7 2021 10  7 19  8 24.060  0.00   1
   107644  40.491337 -124.507048    27.567   -23289.4    -6540.0     6139.6      0.9      1.8      1.3 2021 10 30 23 40 23.100  0.00   1
   107645  40.498824 -124.496891    27.548   -22427.5    -5708.6     6120.9      1.6      1.7      1.5 2021 11 20  8 44 57.940  0.00   1
   107648  40.503451 -124.495443    28.107   -22304.0    -5194.9     6679.4      1.2      2.0      1.4 2021 12 18  8 55  3.900  0.00   1
   107651  40.505802 -124.488745    26.353   -21736.1    -4933.7     4925.5      1.2      1.3      1.3 2022  1 12 11 34 59.600  0.00   1
   107654  40.489913 -124.504460    26.854   -23070.4    -6698.1     5426.4      1.4      2.5      3.5 2022  4 13 23 57 43.640  0.00   1
   107655  40.497620 -124.492358    26.148   -22043.6    -5842.4     4720.3      8.5      9.6     36.8 2022  7 29 16 38  2.820  0.00   1
   107656  40.487687 -124.502588    28.377   -22912.1    -6945.3     6950.2      1.4      2.1      1.2 2022  8 10  2 25 35.080  0.00   1
   107657  40.491024 -124.497616    28.046   -22490.2    -6574.8     6619.1      1.8      1.8      1.1 2022  8 23  6 57 35.860  0.00   1
   107661  40.494759 -124.519214    26.332   -24319.8    -6160.0     4904.8      0.9      1.2      1.6 2022 10 16 17  6 16.580  0.00   1
   107662  40.493795 -124.510636    27.541   -23593.1    -6267.1     6114.1      1.1      1.7      2.1 2022 10 16 21 31  2.740  0.00   1
   107663  40.494796 -124.510107    27.535   -23548.1    -6155.9     6107.7      1.1      1.5      2.1 2022 10 16 17  0 17.060  0.00   1
   107664  40.524219 -124.389054    23.703   -13287.3    -2888.6     2276.1      1.9      2.1      2.8 2020  3 13 19 20 41.280  0.00   1
   107680  40.562056 -123.997201    22.621    19905.3     1313.1     1194.2      1.7      0.4      0.4 2020  4 27  3 46 18.440  0.00   1
   107683  40.562297 -124.014551    22.562    18435.8     1339.7     1135.1      1.2      0.7      0.8 2020 11 11 11 22 54.400  0.00   1
   107687  40.561324 -123.999121    22.099    19742.8     1231.7      671.3      0.8      0.8      1.1 2021 12 25 23  5 26.280  0.00   1
   107808  40.546676 -124.195768    27.154     3087.6     -394.9     5726.6      0.8      0.7      1.3 2020  3 18 22 58 40.420  0.00   1
   107818  40.464197 -123.820337    23.195    34910.5    -9553.8     1768.0      1.3      2.5      1.2 2021  1 21 21  8 56.860  0.00   1
   107819  40.464787 -123.819027    23.184    35021.4    -9488.3     1756.4      1.5      1.6      1.4 2021  1 24 19 45 59.820  0.00   1
   107820  40.466597 -123.821029    23.069    34851.2    -9287.2     1641.3      1.2      1.5      0.9 2022  1 24 23 34 18.900  0.00   1
   107823  40.469735 -123.822762    23.181    34703.5    -8938.8     1754.2      0.8      1.3      0.8 2022 11 20 17  4 54.300  0.00   1
   107825  40.515649 -124.418441    20.015   -15777.9    -3840.2    -1412.5      4.0      4.9      6.6 2020  3 18 23 32 29.300  0.00   1
   107844  40.621781 -124.311133    19.805    -6680.9     7945.2    -1622.4      0.9      0.3      1.8 2020  3 18  4 40 58.500  0.00   1
   107847  40.622127 -124.306413    21.189    -6281.2     7983.6     -238.2      1.2      0.4      2.3 2022  1 23 16 30 25.180  0.00   1
   107849  40.621802 -124.311816    19.543    -6738.7     7947.5    -1884.6      1.1      0.5      2.4 2022 10 21 10 46 28.380  0.00   1
   107887  40.582027 -124.428556    23.019   -16626.8     3530.7     1591.6      1.5      1.3      1.7 2020  7 13 13  8 40.060  0.00   1
   107888  40.580660 -124.432340    23.462   -16947.4     3378.9     2034.6      1.3      1.4      1.6 2020  8 15  3 41 44.920  0.00   1
   107890  40.581124 -124.432780    23.396   -16984.6     3430.4     1968.4      1.3      1.7      1.8 2021  8  9 17  8 53.000  0.00   1
   107891  40.584013 -124.431868    23.936   -16907.0     3751.2     2508.3      1.9      1.5      1.5 2021  8 11  0 58 47.400  0.00   1
   107895  40.574662 -124.435946    22.843   -17253.5     2712.9     1415.5      1.2      1.3      1.8 2022  9  4 19 13 25.340  0.00   1
   107928  40.582979 -124.427222    23.144   -16513.7     3636.4     1717.2      0.8      1.0      1.2 2020  7 22  0 55 19.100  0.00   1
   107930  40.612695 -124.434847    22.981   -17155.6     6936.3     1554.2      3.8      2.3      5.6 2021 12 13  1 46 42.200  0.00   1
   107964  40.535539 -124.398796    17.661   -14111.4    -1631.6    -3766.6      0.9      1.1      1.4 2021 11 14  0  8  4.400  0.00   1
   107965  40.528463 -124.392424    18.430   -13572.3    -2417.4    -2996.9      7.4      8.5     12.6 2021 12 21 22 13 12.300  0.00   1
   107971  40.530896 -124.406470    16.873   -14762.0    -2147.2    -4553.9      0.8      0.5      1.2 2022 10  9 19  5  2.280  0.00   1
   107978  40.535588 -124.423486    28.454   -16203.0    -1626.2     7026.7      1.2      2.4      2.2 2021  4 15  8 56 41.520  0.00   1
   107980  40.527295 -124.424325    26.784   -16275.0    -2547.0     5356.9      1.2      1.1      1.4 2021  8  4 18 58 46.060  0.00   1
   107981  40.530554 -124.419344    26.643   -15852.7    -2185.1     5216.2      1.3      1.2      1.6 2021  8 21 16 23 33.700  0.00   1
   107983  40.523612 -124.434294    26.204   -17120.1    -2956.0     4776.3      1.6      1.1      2.0 2021 11  3  7 32 49.840  0.00   1
   107984  40.515934 -124.429476    26.896   -16712.9    -3808.6     5469.2      1.7      1.6      2.5 2021 12  3 10 42 13.240  0.00   1
   107988  40.529171 -124.420785    26.661   -15974.9    -2338.7     5233.6      2.1      1.6      2.6 2022  2 13 11 20 53.200  0.00   1
   107989  40.517696 -124.423226    27.146   -16183.1    -3613.0     5718.8      1.9      1.2      1.7 2022  4 26 22 35 44.360  0.00   1
   107990  40.528451 -124.422892    26.643   -16153.5    -2418.7     5216.0      1.2      1.2      1.4 2022  8 18  8 41 53.440  0.00   1
   107991  40.530973 -124.425846    26.203   -16403.5    -2138.6     4776.0      1.4      1.1      1.5 2022 11  8  8 40 30.120  0.00   1
   107992  40.526762 -123.990861    20.700    20447.6    -2606.2     -727.4      0.7      0.5      0.7 2020  3 19 15 51  1.740  0.00   1
   107998  40.517098 -123.977173    20.903    21608.8    -3679.4     -524.1      0.7      0.5      0.8 2022  1 22 10 34 20.100  0.00   1
   107999  40.518921 -123.979028    20.847    21451.3    -3476.9     -580.1      0.5      0.5      0.5 2022  2 15  1 12 31.400  0.00   1
   108057  40.469340 -124.442912    22.449   -17857.4    -8982.7     1021.7      2.0      1.5      1.6 2021 12  5 19 24 48.900  0.00   1
   108061  40.469828 -124.451213    21.239   -18560.8    -8928.5     -187.9      1.4      1.3      1.7 2022  9 23 15 56 33.080  0.00   1
   108062  40.467049 -124.431974    20.882   -16930.7    -9237.1     -545.2      1.5      1.4      1.7 2022  9 28 23  9 12.340  0.00   1
   108063  40.582841 -124.354850    27.279   -10385.0     3621.1     5851.5      3.2      2.6      3.5 2020  3 20  8 49 18.520  0.00   1
   108064  40.581099 -124.347542    28.058    -9766.2     3427.7     6630.8      2.7      2.9      2.8 2021 10 17  9 59  8.260  0.00   1
   108067  40.538542 -124.404631    28.093   -14605.4    -1298.2     6665.8      0.8      0.9      1.3 2021 11  3 11  8 47.100  0.00   1
   108068  40.537089 -124.404663    28.287   -14608.3    -1459.5     6859.7      0.7      0.6      0.9 2021 11  3  4 10 39.340  0.00   1
   108070  40.535738 -124.411361    28.162   -15175.8    -1609.5     6734.7      1.0      0.8      1.6 2021 12 20 21 58 50.200  0.00   1
   108071  40.535478 -124.411825    28.943   -15215.1    -1638.4     7515.9      1.2      0.8      1.1 2022  1  6 19 21 44.640  0.00   1
   108073  40.617208 -123.949194    22.351    23961.5     7437.4      923.9      1.7      1.1      1.6 2020  9 26  5 11 46.240  0.00   1
   108076  40.611381 -123.944588    22.123    24352.5     6790.3      695.8      1.4      1.8      1.6 2021 10 28  3 17 37.200  0.00   1
   108082  40.612317 -123.943815    21.507    24417.8     6894.2       80.0      1.5      1.2      1.9 2022  4 23 20  0 10.440  0.00   1
   108083  40.621611 -123.946289    21.735    24206.7     7926.3      307.6      1.4      0.9      2.5 2022  6 17 14 38  4.080  0.00   1
   108103  40.555794 -124.255282    23.060    -1953.5      617.7     1632.4      2.2      1.6      1.3 2020  3 24  7  2 14.780  0.00   1
   108105  40.550871 -124.245378    22.790    -1114.6       70.9     1362.6      1.5      1.3      1.3 2020 11 21  0 51 45.000  0.00   1
   108108  40.553210 -124.249487    22.072    -1462.7      330.8      645.1      2.1      1.3      1.6 2022 11 11 23  8  9.040  0.00   1
   108253  40.746733 -123.837581    21.285    33378.8    21820.5     -142.4      1.2      1.0      1.6 2020  3 28 12 19 52.180  0.00   1
   108254  40.749471 -123.835938    20.281    33517.2    22124.6    -1146.7      1.7      1.3      1.6 2020  9 14 17 47 56.900  0.00   1
   108256  40.480261 -124.459033    18.366   -19222.2    -7769.9    -3060.9      0.8      1.2      1.6 2020  3 29  2 10 37.820  0.00   1
   108258  40.476152 -124.459342    19.430   -19249.0    -8226.3    -1997.5      1.1      1.2      1.3 2021 10  3  5 55  4.840  0.00   1
   108259  40.477690 -124.458122    19.387   -19145.3    -8055.5    -2040.0      1.0      0.9      1.3 2021 11 19  6 49 32.480  0.00   1
   108344  40.526526 -124.400618    17.686   -14266.8    -2632.4    -3741.1      0.9      1.4      2.3 2022  6  5 23 40 24.620  0.00   1
   108357  40.572066 -124.097095    22.981    11443.7     2424.6     1554.2      2.6      1.8      2.4 2021  2 21 19 35 38.660  0.00   1
   108358  40.571724 -124.091667    22.727    11903.5     2386.6     1299.4      1.5      1.5      1.5 2021 10 31 11 18 33.720  0.00   1
   108359  40.569169 -124.101530    23.205    11068.4     2102.9     1777.7      1.5      1.5      1.7 2022  2  6  9 49 13.780  0.00   1
   108413  40.479773 -124.498975    23.792   -22607.3    -7824.1     2365.2      0.8      1.6      1.9 2020  4 13  9 58 32.960  0.00   1
   108414  40.458553 -124.510173    23.941   -23560.0   -10180.5     2513.5      1.2      1.4      0.5 2020  8 28 23 50 45.120  0.00   1
   108415  40.462415 -124.507821    23.719   -23359.9    -9751.7     2291.9      1.1      1.4      2.1 2020  9 24 22 17 36.960  0.00   1
   108416  40.459749 -124.500366    27.480   -22728.6   -10047.7     6052.6     11.3     17.3     17.8 2021  2  3  1 21 28.060  0.00   1
   108422  40.478564 -124.510905    23.730   -23618.5    -7958.3     2303.0      1.1      1.4      1.7 2021 11 29 21 27 26.620  0.00   1
   108424  40.466113 -124.503768    26.244   -23015.8    -9341.0     4816.9      3.3      5.5      6.6 2022  2 13  8 54 23.040  0.00   1
   108430  40.455688 -124.509465    23.827   -23500.4   -10498.6     2399.4      0.8      1.5      1.6 2022 11 14 21 27 40.840  0.00   1
   108464  40.605017 -124.092765    18.870    11807.5     6083.6    -2557.2      3.5      2.0      2.6 2022  1 22 11 10 16.600  0.00   1
   108465  40.608793 -124.100399    17.629    11160.9     6503.0    -3798.2      3.3      1.7      3.6 2022  1 29  6 14 29.780  0.00   1
   108466  40.588826 -124.298185    19.946    -5586.1     4285.7    -1481.3      2.9      2.6      6.7 2020  4 19 16 21  7.220  0.00   1
   108475  40.500956 -124.431755    25.504   -16907.8    -5471.8     4076.8      1.0      1.1      1.6 2020  8 21 16 41  2.020  0.00   1
   108479  40.500712 -124.429801    23.112   -16742.3    -5499.0     1684.7      1.1      1.4      1.7 2021  9 26  7 21 14.820  0.00   1
   108490  40.635856 -124.000399    24.637    19623.7     9508.2     3209.8      1.6      1.3      1.6 2020  4 19  6 45 57.780  0.00   1
   108491  40.515698 -124.345125    17.624    -9566.2    -3834.8    -3803.5      1.8      2.1      1.1 2020  4 21 11 21 54.140  0.00   1
   108492  40.508382 -124.335246    19.094    -8729.6    -4647.2    -2332.8      1.1      1.4      1.1 2020  6 19  5 30 29.960  0.00   1
   108493  40.510380 -124.337061    19.002    -8883.2    -4425.4    -2425.2      1.1      1.0      1.0 2021  3 12  1 30 38.560  0.00   1
   108494  40.509123 -124.333740    19.074    -8602.0    -4565.0    -2353.0      0.8      0.9      1.0 2021  6 14 22 35  4.460  0.00   1
   108495  40.510234 -124.331315    19.420    -8396.4    -4441.6    -2006.9      1.6      0.8      2.1 2021  6 14 21 36  2.260  0.00   1
   108496  40.510502 -124.331852    19.400    -8441.9    -4411.8    -2026.8      1.3      0.9      1.6 2021  6 14 21 44 45.960  0.00   1
   108497  40.509322 -124.333976    19.062    -8622.0    -4542.8    -2365.0      0.8      1.0      1.2 2021  6 15  9 44 20.640  0.00   1
   108498  40.510278 -124.333659    19.115    -8595.0    -4436.7    -2312.3      0.7      0.7      1.1 2021  6 15  8 53  6.160  0.00   1
   108499  40.510632 -124.334229    18.934    -8643.3    -4397.4    -2493.0      0.8      0.8      0.8 2021  6 15  9 30  2.180  0.00   1
   108500  40.510429 -124.333757    19.094    -8603.3    -4419.9    -2333.0      0.9      0.8      1.2 2021  6 15  9 15  5.520  0.00   1
   108501  40.509001 -124.335539    19.039    -8754.4    -4578.5    -2388.2      0.7      0.7      1.2 2021 12 11  4 20 38.740  0.00   1
   108566  40.642908 -124.067285    23.389    13961.0    10291.2     1961.3      1.2      0.8      0.3 2020  5  5 15 41 19.740  0.00   1
   108569  40.505046 -124.489950    23.872   -21838.3    -5017.7     2444.7      1.3      1.8      0.8 2020  5  6  2 15 26.660  0.00   1
   108570  40.504736 -124.491325    23.675   -21954.9    -5052.1     2248.2      0.9      1.7      2.6 2021  7 27  7 34 24.040  0.00   1
   108571  40.606930 -124.091561    17.787    11909.3     6296.0    -3640.1      0.9      0.6      0.7 2020  5  9 23 48 21.420  0.00   1
   108578  40.491630 -124.505981    15.526   -23199.0    -6507.5    -5901.3      1.3      1.6      2.3 2022  3 19 17 38 45.720  0.00   1
   108600  40.552966 -124.254346    24.705    -1874.2      303.6     3277.5      1.6      1.4      2.8 2020  8  8  3  7 36.200  0.00   1
   108601  40.548120 -124.260050    26.063    -2357.5     -234.5     4635.6      2.2      2.1      2.5 2021  7 18  8 37 44.140  0.00   1
   108604  40.549870 -124.251855    23.742    -1663.4      -40.2     2315.0      2.6      1.1      1.2 2022  6 14  4 29 40.760  0.00   1
   108605  40.551261 -124.244189    23.619    -1014.0      114.3     2192.1      3.9      1.3      2.1 2022  6 29  2 18 33.580  0.00   1
   108609  40.530770 -124.349056    18.283    -9898.1    -2161.2    -3144.7      0.8      0.5      1.2 2020  5 21  5 49 36.720  0.00   1
   108610  40.530924 -124.349194    18.294    -9909.8    -2144.0    -3133.4      0.8      0.5      1.2 2020  5 21  6  0 18.060  0.00   1
   108611  40.537952 -124.349683    17.524    -9950.7    -1363.7    -3903.5      0.5      0.6      0.4 2020  5 21  5 49 32.040  0.00   1
   108616  40.531356 -124.429419    17.077   -16706.1    -2096.1    -4350.5      8.5      8.5     12.6 2020  5 27 17 28 46.460  0.00   1
   108617  40.521554 -124.375684    19.104   -12154.7    -3184.6    -2323.5      9.9     11.4     17.9 2021 12 21  9 14 12.320  0.00   1
   108618  40.521985 -124.412663    19.027   -15287.7    -3136.7    -2400.5      2.1      3.0      3.2 2020  5 29  3 10 10.980  0.00   1
   108624  40.528772 -124.336410    20.053    -8826.9    -2383.0    -1373.8      2.6      1.7      3.6 2020  6  1 23 58 17.820  0.00   1
   108625  40.524613 -124.320703    20.346    -7496.5    -2844.8    -1080.8      3.5      3.4      4.7 2020  6 24  4 56 53.760  0.00   1
   108626  40.524740 -124.320630    20.420    -7490.3    -2830.8    -1007.5      3.9      3.8      5.5 2020  6 25 13  0 35.620  0.00   1
   108655  40.575659 -124.179688    18.554     4448.8     2823.6    -2872.8      0.8      0.8      1.7 2021 10 12  3 27 25.740  0.00   1
   108724  40.620133 -123.932731    21.653    25354.8     7762.2      226.2      1.9      1.2      1.6 2020  6 14 11 45 45.620  0.00   1
   108732  40.601119 -123.918368    22.442    26574.6     5650.8     1014.5      1.9      1.1      1.0 2022 10 13 19 35 55.660  0.00   1
   108757  40.542977 -124.054842    19.834    15025.4     -805.6    -1593.1      0.8      0.7      0.6 2020  6 14 14 58 40.620  0.00   1
   108758  40.541345 -124.056909    19.841    14850.5     -986.8    -1585.8      1.2      0.8      1.1 2021  3  4 22 22 58.560  0.00   1
   108759  40.527856 -124.029525    20.848    17171.9    -2484.7     -578.8      9.5      6.7      9.2 2022  2 22 19 27 13.320  0.00   1
   108760  40.542045 -124.050659    19.901    15379.8     -909.1    -1526.1      0.7      0.5      1.0 2022  3 14  4  0 41.420  0.00   1
   108761  40.542126 -124.052775    19.865    15200.6     -900.1    -1561.9      1.1      1.2      1.1 2022  4  7 13 29 19.080  0.00   1
   108768  40.610470 -124.084115    18.589    12539.5     6689.1    -2838.7      0.9      0.5      0.8 2020 12 14 11 30 35.940  0.00   1
   108775  40.488961 -123.868009    20.745    30864.2    -6803.9     -681.8      1.1      1.4      1.5 2021  3 12  6 12 15.860  0.00   1
   108778  40.520479 -123.913420    20.911    27009.7    -3303.9     -516.2      1.6      1.3      1.6 2021 10  5  6 18 43.140  0.00   1
   108780  40.521102 -123.912451    20.739    27091.6    -3234.8     -688.5      1.5      1.4      1.4 2021 10  6 16 45 29.740  0.00   1
   108782  40.521277 -123.912834    20.742    27059.1    -3215.3     -685.6      1.8      1.8      1.6 2021 10  6 17 13 28.040  0.00   1
   108784  40.527039 -123.914412    20.888    26924.2    -2575.5     -539.0      1.4      1.9      1.8 2021 10  6 18 40 27.620  0.00   1
   108785  40.520235 -123.913021    20.790    27043.5    -3331.0     -637.1      1.7      1.4      1.6 2021 10  6 19 49 19.280  0.00   1
   108789  40.522457 -123.912467    21.251    27089.9    -3084.3     -176.3      1.2      1.2      1.3 2021 10  6 11 42 23.740  0.00   1
   108794  40.520947 -123.912231    20.748    27110.2    -3251.9     -679.0      1.6      1.4      1.4 2021 10  9 19 44 44.220  0.00   1
   108797  40.516817 -123.907576    21.517    27505.5    -3710.5       89.3      0.9      0.8      0.9 2021 10 10 14 55 46.020  0.00   1
   108839  40.502429 -124.435693    23.473   -17241.4    -5308.3     2046.2      1.6      1.6      2.4 2021  4  7 10 38 50.740  0.00   1
   108840  40.495435 -124.436947    23.667   -17348.4    -6085.0     2239.4      1.2      1.9      1.8 2021 11  7  2 42 54.760  0.00   1
   108860  40.633537 -123.929964    21.695    25586.5     9250.6      268.0      1.3      0.4      1.1 2020  7  8 15  4 51.000  0.00   1
   108864  40.609961 -123.888053    22.970    29139.4     6632.6     1542.9      1.5      1.3      2.6 2020  7 12  6 10  9.180  0.00   1
   108865  40.613623 -123.889526    23.492    29013.9     7039.3     2064.5      2.4      2.0      4.1 2021  7 25  9 12 32.240  0.00   1
   108866  40.612716 -123.889754    22.873    28994.8     6938.5     1445.4      2.0      1.8      3.4 2022  9 20 20 35 29.800  0.00   1
   108897  40.601668 -124.121086    17.166     9409.9     5711.8    -4261.6      1.4      0.6      0.8 2020  7 21  9 58 36.880  0.00   1
   108901  40.603035 -124.099577    18.374    11231.0     5863.6    -3053.2      1.8      0.5      1.0 2020  7 28 10 54 20.520  0.00   1
   108918  40.646452 -124.023519    18.407    17665.2    10684.8    -3020.1      2.2      0.8      2.0 2020  8 14  7 59 14.720  0.00   1
   108919  40.644824 -124.017326    18.950    18189.6    10504.0    -2477.4      1.9      1.5      1.7 2020  8 14  7 29 17.360  0.00   1
   108921  40.645235 -124.023063    18.248    17703.9    10549.7    -3179.2      1.3      0.8      2.4 2021 11 16 18 50  1.700  0.00   1
   108922  40.593872 -124.118612    19.491     9619.9     4846.0    -1936.2      1.5      0.7      0.8 2020  8 17 22 44  9.820  0.00   1
   108923  40.593107 -124.118433    19.638     9635.1     4761.1    -1788.9      1.0      0.5      0.6 2020  8 17 22 37  2.940  0.00   1
   108925  40.604557 -124.104395    20.583    10822.9     6032.6     -844.4      2.0      0.8      1.8 2021  6 29  5 32 28.020  0.00   1
   108926  40.597778 -124.120076    20.613     9495.6     5279.8     -813.9      1.1      0.4      1.2 2021  9  2  7  3 32.740  0.00   1
   108956  40.536772 -124.241805    19.256     -812.1    -1494.7    -2171.7      1.3      1.5      2.4 2020  8 19  9 20 36.680  0.00   1
   108957  40.529980 -124.250033    18.913    -1509.2    -2248.8    -2514.0      2.0      1.6      2.1 2021  7 30  7  1 16.480  0.00   1
   108959  40.533728 -124.245736    18.982    -1145.1    -1832.7    -2445.2      1.5      1.4      1.5 2022  9 20 20 46 19.020  0.00   1
   108974  40.609770 -124.212769    24.387     1646.8     6611.4     2960.1      2.8      1.7      4.0 2021  6  2  8  1  4.060  0.00   1
   108976  40.604378 -124.245516    23.456    -1125.9     6012.7     2028.9      2.3      1.9      2.6 2021  8  2  1 42 32.520  0.00   1
   108977  40.621749 -124.214591    25.608     1492.3     7941.6     4180.7      6.4      1.8      5.1 2021  9 27 13 54 30.160  0.00   1
   108978  40.608830 -124.223169    25.261      766.2     6507.0     3833.6      3.1      1.9      3.3 2021 11 19  5 14  6.980  0.00   1
   108988  40.602738 -124.059416    22.900    14631.5     5830.6     1473.2      0.9      0.8      1.0 2021  9 19  2 30 15.040  0.00   1
   108995  40.562655 -123.934774    22.182    25192.6     1379.5      755.0      0.7      0.8      0.8 2020  9  7  3  4 36.280  0.00   1
   108998  40.563281 -123.931486    21.577    25470.9     1449.1      149.4      2.4      2.4      1.7 2020 11 23  2 17 29.880  0.00   1
   108999  40.563330 -123.947038    21.508    24153.8     1454.5       81.2      2.6      1.0      2.5 2020 11 23  2 27  1.080  0.00   1
   109001  40.563924 -123.934489    21.916    25216.5     1520.5      488.5      1.3      0.8      1.1 2021  4 25  2 44 15.560  0.00   1
   109003  40.546643 -123.911532    23.030    27164.4     -398.5     1602.9      9.0      9.3      8.9 2021  9 25  7 21 32.760  0.00   1
   109005  40.564181 -123.934546    22.004    25211.6     1548.9      576.9      1.1      1.2      1.0 2022  1 19 16 50 43.900  0.00   1
   109006  40.565625 -123.933293    22.043    25317.5     1709.3      615.8      0.9      1.6      1.0 2022  1 23  4 17 44.580  0.00   1
   109007  40.560689 -123.930591    22.170    25547.2     1161.2      742.4      0.7      0.3      0.8 2022  1 23 13 55 42.740  0.00   1
   109008  40.561845 -123.934814    23.182    25189.3     1289.6     1754.7      0.4      0.4      0.8 2022  5 17 14 52 29.660  0.00   1
   109027  40.521724 -123.897941    19.989    28320.8    -3165.6    -1438.3      1.5      1.8      2.7 2020  9 12  9 10  3.360  0.00   1
   109029  40.529191 -123.900806    23.487    28076.5    -2336.5     2059.5      3.7      5.3      3.9 2021 10 21 16 23 18.500  0.00   1
   109031  40.526176 -123.904338    20.193    27778.0    -2671.3    -1234.7      1.6      2.6      4.1 2022  9 21 22  2  0.300  0.00   1
   109034  40.606291 -123.919621    25.005    26467.4     6225.1     3578.2      2.0      1.4      2.6 2021 10 16  0 56 17.260  0.00   1
   109035  40.605835 -123.916797    24.964    26706.6     6174.5     3536.4      1.0      0.9      1.8 2022  4  7  7 43 59.660  0.00   1
   109037  40.598971 -124.116854    18.483     9768.4     5412.2    -2944.7      0.5      0.8      1.0 2021  8 28 10 22 15.280  0.00   1
   109040  40.535303 -124.045915    19.976    15782.5    -1657.8    -1451.4      1.5      0.8      0.6 2021  5  4 20 49 28.940  0.00   1
   109042  40.536914 -124.051025    19.749    15349.4    -1478.9    -1678.0      0.9      0.7      0.7 2021 12 10 18 19  3.380  0.00   1
   109047  40.661365 -123.886605    28.692    29250.9    12340.8     7264.3      6.8      6.0      8.9 2022  7  7 10 16 42.560  0.00   1
   109051  40.588713 -124.075301    22.201    13287.8     4273.1      774.2      1.3      0.8      0.9 2022 10 22  1 32  8.620  0.00   1
   109052  40.612504 -124.075692    17.805    13252.4     6915.0    -3622.7      2.1      1.1      1.2 2020  9 18  1 49 50.060  0.00   1
   109054  40.622510 -124.063208    17.872    14308.3     8026.1    -3554.8      1.6      0.8      1.3 2021  8  3  7 25 29.060  0.00   1
   109057  40.619979 -124.078141    17.359    13044.3     7745.1    -4068.6      1.8      0.8      0.9 2021 11  1 20 23 11.500  0.00   1
   109058  40.618803 -124.078198    17.915    13039.6     7614.5    -3512.0      1.2      0.5      1.3 2022  7  2 18 54 53.920  0.00   1
   109059  40.618880 -124.078695    17.869    12997.5     7623.1    -3557.8      1.2      0.7      1.4 2022  7  5 10 26 16.440  0.00   1
   109060  40.609566 -124.079525    18.506    12928.2     6588.8    -2921.1      2.0      0.8      1.7 2022  9 22  5 20 24.860  0.00   1
   109079  40.591081 -124.326090    21.200    -7949.0     4536.1     -226.8      1.5      1.3      1.9 2020  9 24  1 37  2.540  0.00   1
   109081  40.592847 -124.325008    21.386    -7857.2     4732.2      -41.3      1.6      1.0      1.8 2021  8  3  7 28  1.280  0.00   1
   109082  40.592456 -124.323787    21.438    -7753.9     4688.8       10.7      1.6      1.2      2.4 2021  8  3  7 28 11.760  0.00   1
   109083  40.592069 -124.325781    21.499    -7922.7     4645.9       72.1      1.4      1.2      2.2 2022  3 18 23 22 52.560  0.00   1
   109086  40.615755 -124.093677    19.797    11729.4     7276.1    -1629.3      0.8      1.0      1.1 2020  9 29 20 57 21.240  0.00   1
   109088  40.592143 -124.102987    22.984    10943.1     4654.0     1556.9      1.0      0.9      2.0 2021  8  2  6  3 50.240  0.00   1
   109099  40.523991 -124.384456    16.566   -12897.8    -2913.9    -4861.5      5.6      3.7      7.8 2022 11  3 21 25 34.920  0.00   1
   109112  40.572461 -123.940422    20.480    24712.5     2468.4     -947.5      1.1      0.8      1.4 2020 11 28  4 46 13.820  0.00   1
   109120  40.561397 -123.923503    21.970    26147.5     1239.9      542.3      7.4      6.7     16.3 2021 10  7 15 37 20.960  0.00   1
   109123  40.559176 -123.928890    21.868    25691.6      993.2      440.7      7.1      6.4     12.9 2021 10  7 10 58 29.020  0.00   1
   109127  40.561739 -123.924023    22.048    26103.3     1277.8      621.2      7.3      6.5     16.1 2021 10  9 15  2 48.760  0.00   1
   109129  40.528398 -124.432349    20.761   -16954.7    -2424.6     -666.7      5.7      8.1     10.5 2020 10 11 16 54  4.900  0.00   1
   109133  40.638493 -124.029541    18.465    17156.5     9801.0    -2962.5      0.7      0.6      1.2 2020 10 20  3 57  2.000  0.00   1
   109186  40.669185 -123.913672    23.192    26958.5    13209.2     1765.0      2.0      1.8      1.8 2020 11 10  7 29 44.140  0.00   1
   109189  40.673250 -123.888053    21.863    29125.8    13660.6      435.3      1.8      1.2      2.0 2021  5 13  9 32 24.180  0.00   1
   109190  40.663770 -123.885978    22.785    29303.4    12607.8     1357.8      2.0      1.1      1.4 2022  6 25  8 45  6.260  0.00   1
   109416  40.597827 -123.970068    22.192    22197.5     5285.2      764.4      1.7      1.6      1.2 2020 11 28  4 41 25.020  0.00   1
   109417  40.597705 -123.970256    22.123    22181.6     5271.7      696.0      1.6      1.4      1.1 2020 11 28  4 28 30.560  0.00   1
   109418  40.598889 -123.973063    22.485    21943.7     5403.2     1057.4      0.8      0.6      0.9 2021  3 28 11 21 31.120  0.00   1
   109420  40.600663 -123.917131    21.938    26679.4     5600.2      510.9      1.5      1.0      1.2 2020 12  7 19  3 16.040  0.00   1
   109421  40.604378 -123.914982    22.008    26860.6     6012.7      580.4      1.6      1.1      1.7 2020 12  7 19  5 36.340  0.00   1
   109427  40.594393 -123.904671    25.619    27735.7     4903.9     4191.4      1.2      0.9      1.2 2020 11 29  9 45 15.600  0.00   1
   109428  40.594116 -123.898617    25.993    28248.4     4873.1     4565.6      0.7      1.6      1.9 2021  1 19 12 58 57.580  0.00   1
   109430  40.591158 -123.913062    26.042    27025.8     4544.7     4614.6      2.5      1.1      1.9 2022  3 18  0  7 21.100  0.00   1
   109436  40.605693 -124.098706    15.498    11304.5     6158.6    -5929.1      0.4      0.3      0.3 2020 12  1 11 36 42.680  0.00   1
   109448  40.553341 -124.014372    21.816    18452.2      345.2      388.7      2.1      1.2      1.9 2022  1 19 22 27 40.720  0.00   1
   109451  40.565039 -124.012061    22.524    18646.3     1644.3     1096.8      1.8      1.2      1.9 2022  6  9  2 12 47.440  0.00   1
   109453  40.566479 -124.022640    22.614    17750.1     1804.2     1186.5      2.0      2.0      2.2 2022 11 22  5  9 14.600  0.00   1
   109457  40.590568 -124.184098    21.242     4074.8     4479.1     -185.3      1.3      1.2      2.0 2022 11 20 16 58  8.260  0.00   1
   109458  40.552185 -123.889307    22.158    29045.8      216.9      730.9      1.0      0.7      0.4 2020 12 19 19 50 56.380  0.00   1
   109461  40.601322 -124.105257    16.503    10750.1     5673.4    -4923.8      1.8      1.5      1.1 2021  1  4  6 14 34.600  0.00   1
   109483  40.497640 -124.464266    23.047   -19663.1    -5840.1     1619.3      1.9      1.7      3.3 2021  1 13 19 34 16.280  0.00   1
   109484  40.519027 -124.467196    23.893   -19908.2    -3465.2     2466.1      0.9      1.1      0.6 2021  2 12 14 58  6.120  0.00   1
   109485  40.511837 -124.451864    25.122   -18610.2    -4263.6     3694.9      0.9      1.4      2.6 2022  6  3  7 37 13.740  0.00   1
   109491  40.555050 -124.057878    22.983    14766.9      535.0     1555.3      1.7      1.3      1.5 2022 11 12 22 18 21.100  0.00   1
   109493  40.576383 -124.210897    19.566     1805.7     2904.0    -1860.9      0.9      0.4      0.6 2021 12 30 20 43 22.380  0.00   1
   109498  40.574345 -124.146305    21.895     7275.9     2677.6      468.2      7.6      5.2      5.8 2022  3 29  0 35 16.680  0.00   1
   109534  40.643075 -123.999235    18.481    19721.2    10309.7    -2946.4      0.7      0.6      0.6 2021  3  6  9 15 31.140  0.00   1
   109535  40.652307 -124.010653    18.592    18753.4    11335.0    -2834.8      1.1      0.9      0.9 2021  3  6  9 16 35.960  0.00   1
   109542  40.537561 -123.905298    22.820    27694.3    -1407.0     1393.0      1.1      1.2      1.2 2021  3 19 20 18 50.400  0.00   1
   109543  40.542753 -123.906641    22.913    27579.4     -830.5     1486.0      2.0      1.9      2.9 2021  7 28 11 59  6.040  0.00   1
   109544  40.542578 -123.911523    22.689    27165.9     -849.9     1261.8      1.8      1.7      1.3 2021 11  2 15 33 30.400  0.00   1
   109546  40.541264 -123.912736    22.759    27063.4     -995.9     1332.1      1.1      1.3      2.8 2022  2  8 20 52 37.700  0.00   1
   109547  40.536133 -123.909310    23.436    27354.7    -1565.6     2008.6      1.7      2.1      1.2 2022  5 16 12 51  7.720  0.00   1
   109550  40.569071 -123.971932    23.470    22044.4     2092.0     2043.0      0.7      0.6      0.5 2021 10 14 12 55 59.780  0.00   1
   109551  40.553605 -123.976034    23.776    21699.5      374.6     2348.9      0.4      0.3      0.4 2021 10 18 11 26 36.900  0.00   1
   109560  40.577820 -124.422070    23.054   -16078.0     3063.5     1627.0      1.2      1.7      1.7 2021  4 22 19 58  9.520  0.00   1
   109562  40.572799 -124.415788    23.649   -15546.6     2505.9     2221.7      1.4      1.6      1.0 2021 10  1 17 28 56.900  0.00   1
   109563  40.573035 -124.414404    23.255   -15429.4     2532.1     1827.8      1.7      1.2      1.7 2022  6  6  8 33 56.500  0.00   1
   109585  40.702372 -123.972331    21.467    21988.8    16894.5       39.3      0.5      0.3      0.4 2021 12  9  6 38 26.640  0.00   1
   109586  40.609916 -123.803711    27.408    36280.5     6627.7     5980.3      1.7      1.4      0.9 2021  4 25 12  4 20.500  0.00   1
   109587  40.512020 -124.437101    18.558   -17359.4    -4243.3    -2868.9      4.4      5.9      8.1 2021  4 26 14 34  7.560  0.00   1
   109588  40.530396 -124.390658    20.875   -13422.5    -2202.7     -552.5     16.1     17.4     27.7 2021  4 30  5 48 15.420  0.00   1
   109590  40.599972 -124.005981    22.825    19156.2     5523.4     1397.8      1.8      1.2      0.8 2021  5  1  6 40  3.120  0.00   1
   109592  40.567879 -124.017114    22.136    18217.9     1959.7      708.3      3.3      1.9      3.3 2022  3 10 22 12 16.660  0.00   1
   109593  40.587419 -124.203345    23.345     2445.1     4129.4     1918.1      0.3      0.4      0.5 2021  5 25 13 41 14.420  0.00   1
   109638  40.582479 -123.954150    24.620    23548.0     3580.9     3193.1      0.7      0.6      0.7 2021  6  5 11 28 29.860  0.00   1
   109639  40.573604 -123.959041    24.132    23135.3     2595.4     2704.4      0.7      0.5      0.7 2022  2 26  5 28  3.880  0.00   1
   109640  40.540299 -123.963590    22.117    22755.7    -1103.0      690.0      3.4      3.2      5.5 2021  6 14 23  5 14.620  0.00   1
   109641  40.545207 -123.967684    21.560    22408.1     -558.0      132.6      2.0      0.6      2.6 2021  6 15  4  8 20.200  0.00   1
   109643  40.535103 -123.965755    21.809    22573.2    -1680.0      381.9      2.3      2.6      2.5 2021  6 15  2 15 10.680  0.00   1
   109645  40.552209 -123.973690    20.609    21898.2      219.6     -817.8      1.4      1.8      1.8 2021  9 21 16 59  7.260  0.00   1
   109646  40.553894 -123.970174    20.596    22195.7      406.7     -831.2      2.0      1.9      2.5 2022  8 19 22 15 53.220  0.00   1
   109647  40.551831 -123.972827    20.966    21971.4      177.6     -460.8      1.6      1.7      1.9 2022  9 26 14 46 33.600  0.00   1
   109649  40.484802 -124.509505    17.200   -23498.8    -7265.7    -4227.2      1.3      1.8      3.0 2022  9 18  8 29  6.480  0.00   1
   109653  40.599569 -124.325228    21.175    -7875.4     5478.6     -252.5      1.4      1.0      3.1 2021  6 26 23 51 53.520  0.00   1
   109656  40.606425 -124.315918    20.331    -7086.8     6240.0    -1096.0      1.6      0.3      1.9 2021  7  7 21  8 20.520  0.00   1
   109661  40.598551 -124.329712    20.780    -8255.2     5365.7     -647.5      0.9      1.0      2.3 2022 11 27 17  4 31.920  0.00   1
   109701  40.533582 -124.351481    18.129   -10103.3    -1848.9    -3298.6      0.5      0.4      0.7 2021  7  9 20  8 44.560  0.00   1
   109707  40.705916 -123.935327    23.066    25119.0    17288.0     1638.3      2.4      2.1      2.2 2021  7 21  1 57 33.440  0.00   1
   109708  40.707833 -123.941357    22.316    24608.5    17500.9      889.1      3.0      1.4      1.4 2022  8 13 12 33 41.180  0.00   1
   109709  40.707450 -123.939022    22.271    24806.1    17458.4      844.0      3.4      1.5      1.8 2022  8 13 13  7 15.920  0.00   1
   109710  40.478349 -124.401847    20.079   -14376.0    -7982.3    -1348.2      1.2      1.1      2.0 2021  7 21  6 27  7.140  0.00   1
   109714  40.514921 -124.434383    17.649   -17128.8    -3921.1    -3778.6      0.8      1.0      1.4 2021  7 22  8 29 59.260  0.00   1
   109718  40.505514 -124.448641    18.183   -18338.0    -4965.8    -3244.3      0.7      0.7      1.2 2022  4  3 19 26 32.500  0.00   1
   109728  40.639620 -123.913916    21.352    26943.8     9926.1      -75.4      1.1      0.6      0.6 2021 10 28 17 29 28.460  0.00   1
   109729  40.640230 -123.915690    21.321    26793.5     9993.9     -106.6      1.7      0.7      0.8 2021 10 28 20 25 38.640  0.00   1
   109732  40.501127 -124.463761    18.322   -19619.9    -5452.9    -3105.6      1.2      1.3      1.4 2021  8  5  5 11 35.000  0.00   1
   109733  40.500130 -124.456104    22.812   -18971.1    -5563.6     1385.2     10.9     14.7     24.9 2021 12 18  9  2 20.600  0.00   1
   109734  40.499992 -124.458675    21.625   -19189.1    -5578.9      197.6      8.4     10.9     10.4 2021 12 21 16 46 40.580  0.00   1
   109741  40.542993 -124.369840    23.723   -11657.8     -803.8     2295.8      1.2      0.8      1.0 2022  8 24 18 28  5.620  0.00   1
   109742  40.635860 -124.042293    19.638    16077.3     9508.6    -1789.2      0.2      0.3      0.3 2021  8 23  5 51 36.160  0.00   1
   109744  40.542476 -123.780648    21.840    38252.3     -861.2      412.7      1.2      2.3      1.1 2021  8 29 12 47 11.520  0.00   1
   109758  40.549320 -124.225285    17.800      587.3     -101.2    -3627.6      0.7      0.4      0.5 2021  9 12 22 48 15.460  0.00   1
   109773  40.507743 -124.412842    20.037   -15304.4    -4718.2    -1390.3      6.8      8.8     10.5 2021 12 23 10 30 50.600  0.00   1
   109775  40.575256 -124.218075    19.807     1197.8     2778.8    -1620.3      9.7      4.0      5.6 2021  9 23 19 33 34.900  0.00   1
   109779  40.526225 -124.336247    19.141    -8813.2    -2665.9    -2285.8     15.7      6.8     11.1 2021  9 30  4 43 34.000  0.00   1
   109788  40.515710 -123.885685    21.912    29360.4    -3833.5      484.5      2.0      2.4      3.5 2021 10  7  4 45 50.940  0.00   1
   109789  40.508199 -123.875464    21.856    30228.1    -4667.6      428.8      0.8      1.3      2.5 2021 10  7  5 44  8.100  0.00   1
   109791  40.509102 -123.876587    21.481    30132.8    -4567.2       54.1      1.0      2.0      1.5 2021 10  9 15 14 13.920  0.00   1
   109792  40.511178 -123.878255    21.646    29991.0    -4336.8      218.6      1.0      2.0      1.4 2021 10  9 14 51  7.940  0.00   1
   109793  40.515828 -123.881234    21.645    29737.6    -3820.3      217.6      2.0      1.3      1.5 2021 10  9 19 19 22.180  0.00   1
   109794  40.511418 -123.876343    21.508    30153.0    -4310.1       81.1      0.8      1.1      1.1 2021 10 16 14 55 23.500  0.00   1
   109795  40.515645 -123.881104    21.622    29748.6    -3840.7      194.4      1.4      1.1      1.4 2021 11  4 10 59  4.180  0.00   1
   109796  40.515129 -123.879224    21.549    29908.0    -3898.1      122.1      1.3      1.1      1.1 2021 11  7  7 51 35.860  0.00   1
   109801  40.546659 -123.847575    23.692    32581.9     -396.7     2264.4      0.6      0.7      1.4 2022  1 31 19 52 42.840  0.00   1
   109836  40.613908 -124.122982    19.012     9248.5     7070.9    -2415.7      5.8      2.1      1.9 2021 10 22 21  9 45.260  0.00   1
   109837  40.608846 -124.076652    20.792    13171.5     6508.8     -635.0      0.9      1.3      1.0 2021 10 31 13 10  3.600  0.00   1
   109838  40.550338 -123.954167    22.843    23552.2       11.7     1416.0      0.9      0.8      0.7 2021 11  3 19 22 52.340  0.00   1
   109846  40.599931 -124.053239    17.544    15154.8     5518.8    -3883.7      9.0      4.1      8.8 2021 11 25 17 56 31.760  0.00   1
   109849  40.605583 -124.306559    20.766    -6294.4     6146.4     -661.0      0.8      0.4      1.2 2021 11 29  9 17 10.340  0.00   1
   109852  40.523714 -124.432861    19.617   -16998.7    -2944.7    -1810.4      0.5      0.4      1.0 2022  1 18 10 25 37.780  0.00   1
   110087  40.591044 -124.203442    20.631     2436.7     4532.0     -796.1      2.0      1.4      1.7 2021 12 11 10 51 42.420  0.00   1
   110088  40.539530 -124.323153    18.292    -7703.2    -1188.4    -3135.1     14.6      7.2     14.6 2021 12 20 23 40 19.580  0.00   1
   110091  40.539848 -124.323299    18.100    -7715.5    -1153.1    -3326.8      8.2      4.0      7.7 2022  8 22 11 46 57.980  0.00   1
   110092  40.543009 -124.302995    18.408    -5995.4     -802.0    -3019.1      2.1      0.5      1.4 2022  8 22 11 19 44.520  0.00   1
   110093  40.541337 -124.320817    18.197    -7505.2     -987.7    -3229.8     20.7      9.9     19.2 2021 12 20 21 17 43.440  0.00   1
   110095  40.547457 -124.298372    18.722    -5603.7     -308.2    -2705.1      2.9      0.9      2.5 2022  7 14  2 59 53.060  0.00   1
   110120  40.519385 -124.416471    20.716   -15610.6    -3425.4     -711.5      1.1      1.2      2.0 2021 12 20 20 29 25.860  0.00   1
   110127  40.577450 -124.208936    17.292     1971.8     3022.4    -4135.6      1.8      0.4      2.0 2021 12 20 20 15 20.340  0.00   1
   110129  40.516085 -124.445988    17.787   -18111.8    -3791.9    -3640.0      1.1      1.1      1.5 2021 12 20 22 57 59.980  0.00   1
   110153  40.497172 -124.329264    20.886    -8223.5    -5892.1     -541.5     11.8     12.6     10.4 2021 12 21  3 28 34.100  0.00   1
   110154  40.502327 -124.333960    18.462    -8621.0    -5319.6    -2964.9      1.0      0.9      1.6 2021 12 23  6 55 41.480  0.00   1
   110156  40.510152 -124.317814    19.486    -7252.5    -4450.7    -1941.6      1.7      1.7      2.5 2021 12 23  4 51 44.220  0.00   1
   110160  40.523368 -124.414738    18.296   -15463.3    -2983.1    -3131.5      0.7      0.8      1.5 2021 12 21 19 30 31.800  0.00   1
   110168  40.579000 -124.189380    19.396     3627.8     3194.5    -2031.4     31.3      6.9     14.2 2021 12 21  2 44 44.640  0.00   1
   110181  40.497062 -124.453988    17.645   -18792.3    -5904.3    -3782.1      9.5      9.2     14.0 2021 12 25 16 54 33.700  0.00   1
   110183  40.595776 -124.109408    17.855    10399.1     5057.5    -3572.6      1.0      0.9      1.3 2021 12 26 16  2 15.940  0.00   1
   110184  40.587606 -123.990503    20.709    20468.7     4150.2     -718.4      2.8      1.1      4.0 2021 12 27  8 53  5.400  0.00   1
   110185  40.574898 -123.988647    20.896    20627.8     2739.1     -530.8      1.4      1.1      1.7 2022  5 28  7 57  1.360  0.00   1
   110186  40.574984 -124.207926    18.926     2057.3     2748.6    -2501.5      2.5      0.9      1.8 2021 12 28  6 35 41.580  0.00   1
   110187  40.574772 -124.199666    18.739     2756.8     2725.1    -2688.7      8.8      3.1      7.1 2021 12 31 13 31 14.620  0.00   1
   110188  40.574817 -124.199862    18.755     2740.3     2730.0    -2672.4      8.7      3.0      6.9 2022  1  1 22 14 38.120  0.00   1
   110189  40.574760 -124.199577    18.730     2764.4     2723.7    -2697.4      8.9      3.1      7.2 2022  1  2 11 16 33.460  0.00   1
   110191  40.574390 -124.196867    18.309     2993.9     2682.6    -3118.6     11.6      3.9      9.8 2022  9  1 20 43  2.920  0.00   1
   110199  40.510974 -124.404427    21.995   -14591.1    -4359.4      568.1      8.4      8.5     10.4 2021 12 31 17  2 13.380  0.00   1
   110209  40.596903 -124.100130    24.695    11184.6     5182.7     3267.8      1.1      1.1      1.1 2022  4  2 19 46 56.000  0.00   1
   110211  40.515759 -124.443123    18.097   -17869.2    -3828.0    -3330.6      0.4      0.7      0.9 2022  4  3 10 39 47.080  0.00   1
   110231  40.516305 -124.437655    18.939   -17405.8    -3767.5    -2487.8      0.7      0.9      1.2 2022  5 14 20  9 30.640  0.00   1
   110234  40.534204 -124.243294    20.086     -938.3    -1779.8    -1341.0      0.8      0.9      1.2 2022  5 25  9 25 42.220  0.00   1
   110250  40.520516 -124.407251    21.448   -14829.3    -3299.8       21.2      0.9      0.8      1.8 2022  7  2 10 23 23.100  0.00   1
   110253  40.594897 -124.113542    18.608    10049.1     4959.9    -2819.4      0.6      0.8      0.7 2022  7 20  6 28 50.580  0.00   1
   110254  40.595284 -124.113354    18.404    10065.0     5002.8    -3022.8      0.7      0.5      1.0 2022  8  9  7 59 33.060  0.00   1
   110255  40.598385 -124.116919    17.633     9762.9     5347.1    -3794.6      0.8      1.0      1.4 2022  8  9  8  9 40.340  0.00   1
   110266  40.537785 -124.332121    18.673    -8463.0    -1382.2    -2753.9      1.1      0.9      2.0 2022  8 30  6 25 35.480  0.00   1
   110273  40.649951 -124.013241    19.869    18534.7    11073.4    -1558.7      2.0      1.3      2.6 2022 10 28 12 43 42.000  0.00   1
   110274  40.519108 -124.437061    19.271   -17355.1    -3456.2    -2155.9      1.2      1.5      2.4 2022 10 29 20 38 50.780  0.00   1
   110275  40.515853 -124.435116    20.088   -17190.7    -3817.6    -1339.6      1.6      1.6      2.2 2022 10 30  3 34  2.660  0.00   1
   110276  40.518697 -124.437923    19.452   -17428.2    -3501.8    -1975.5      1.6      1.3      1.9 2022 11 12 10 31 42.840  0.00   1
   110279  40.517025 -124.433984    19.561   -17094.7    -3687.5    -1865.9      1.5      1.3      2.3 2022 11  2 16 39 30.260  0.00   1
   110282  40.525439 -124.416130    19.692   -15581.0    -2753.1    -1735.7      6.2      4.7      7.6 2022 11 15 17 48 18.560  0.00   1
   110296  40.581986 -123.985596    20.573    20885.2     3526.2     -854.6      1.1      0.4      0.9 2022 12 22  3  8  5.860  0.87   1
   110298  40.535067 -124.273315    11.693    -3481.5    -1684.0    -9734.7      1.0      0.9      1.4 2023  1 17 13 54 45.520  1.24   1
   110302  40.566736 -124.129712    21.945     8681.7     1832.7      517.6      0.9      0.7      1.1 2022 12 24  0 35 18.890  0.89   1
   110303  40.487935 -124.498527    24.536   -22568.0    -6917.7     3109.2      1.1      1.3      2.8 2022 12 20 12 25 25.380  2.43   1
   110305  40.435095 -124.601994    23.372   -31348.4   -12785.4     1945.0      0.7      0.7      1.0 2023  4  2 11 44 21.610  2.51   1
   110307  40.528878 -124.416488    23.070   -15610.9    -2371.3     1642.8      0.8      0.9      1.1 2023  3  9  9 11 18.070  1.00   1
   110308  40.577519 -123.877466    22.383    30043.1     3030.1      955.3      0.9      0.9      0.7 2022 12 21 19 21 21.160  1.21   1
   110311  40.539714 -124.494604    23.965   -22227.0    -1168.0     2537.8      0.7      0.6      0.7 2023  2  6  9 53 42.140  2.82   1
   110326  40.577380 -124.244149    20.044    -1010.4     3014.7    -1383.5      3.8      2.5      6.2 2023  4 26 22 23  7.880  0.79   1
   110327  40.620947 -123.948869    21.477    23988.4     7852.6       49.8      0.7      0.7      0.7 2022 12 21  8 59 40.650  1.14   1
   110330  40.585478 -123.915820    25.766    26793.4     3913.9     4338.7      1.0      0.4      0.9 2023  5 27  2 45 49.750  0.87   1
   110334  40.620406 -124.313704    20.667    -6898.6     7792.5     -760.7      0.6      0.4      1.7 2023  2 22  6 20 25.080  1.45   1
   110341  40.562577 -124.132267    22.476     8465.5     1370.9     1049.0      0.6      0.3      0.4 2023  1  5 14 47  6.170  2.14   1
   110346  40.538586 -123.891203    23.108    28888.1    -1293.2     1681.2      1.9      1.7      1.3 2023  5 28  1 45 53.620  1.36   1
   110354  40.509880 -124.421623    24.227   -16048.2    -4480.9     2800.0      1.1      0.9      2.0 2023  4 14  1 57  6.610  1.17   1
   110355  40.518453 -124.492220    15.846   -22028.5    -3528.9    -5581.0      0.4      0.6      1.6 2023  2 16 22 15  2.800  1.44   1
   110365  40.528080 -124.233919    17.747     -144.1    -2459.8    -3680.7      1.6      1.0      1.3 2022 12 20 12 37 22.690  1.44   1
   110367  40.551436 -123.974471    21.371    21832.2      133.7      -55.8      0.9      0.7      0.7 2022 12 25  1 20 33.690  1.82   1
   110368  40.607678 -123.979858    21.964    21366.9     6379.1      537.1      2.9      1.4      3.4 2023  2 14  3 52  7.700  1.37   1
   110370  40.693005 -123.893229    21.991    28683.5    15854.3      564.1      2.3      2.0      3.0 2022 12 21  4 44 13.820  1.30   1
   110374  40.752466 -123.868514    20.835    30761.2    22457.1     -592.2      1.7      1.2      2.8 2022 12 22  4 46 28.990  1.00   1
   110378  40.591028 -124.049520    22.225    15470.7     4530.2      797.9      1.4      1.0      1.4 2022 12 21 18 52 28.640  1.06   1
   110379  40.518848 -124.422217    18.137   -16097.5    -3485.1    -3290.3      3.2      3.7      5.2 2022 12 22  9 21 28.530  1.40   1
   110382  40.542871 -124.064111    19.382    14240.2     -817.4    -2045.7      0.5      0.6      0.6 2022 12 26  5 31 21.180  1.08   1
   110385  40.593441 -124.085905    19.236    12389.4     4798.1    -2191.1      0.9      0.7      0.9 2022 12 23  0 19 22.520  0.90   1
   110387  40.533708 -124.383008    25.063   -12774.1    -1834.9     3635.6      0.6      0.5      0.7 2023  1 28 23 56 58.200  3.85   1
   110388  40.508801 -124.448128    14.922   -18294.2    -4600.7    -6504.8      1.1      1.2      2.7 2022 12 31 10 20 40.360  1.04   1
   110390  40.640181 -123.988493    25.968    20630.9     9988.5     4540.3      0.9      0.5      0.8 2023  1 17  5 14  2.510  1.84   1
   110391  40.589400 -124.196077    22.090     3060.4     4349.5      662.8      1.6      0.7      1.1 2022 12 23  0 35 44.600  1.56   1
   110392  40.515112 -124.423153    18.028   -16177.2    -3899.9    -3399.0      6.6      9.7      9.8 2023  1  1 12 19 44.130  1.25   1
   110395  40.555062 -124.216211    16.828     1355.9      536.3    -4599.0      0.6      0.7      1.3 2022 12 20 23 19 53.720  1.40   1
   110396  40.537488 -124.261922    18.179    -2516.3    -1415.2    -3247.8      1.6      1.8      1.9 2022 12 24 20  6  9.180  0.83   1
   110399  40.529797 -124.409766    17.894   -15041.3    -2269.2    -3533.7      4.5      4.3      6.1 2022 12 20 10 44 46.730  2.70   1
   110400  40.563798 -124.048275    23.473    15579.3     1506.5     2045.7      2.9      2.3      3.7 2022 12 25  4 33 20.570  0.83   1
   110404  40.561141 -124.016479    21.923    18272.6     1211.4      495.3      1.6      1.3      1.6 2022 12 27  0 23 33.800  1.12   1
   110406  40.593062 -124.107479    19.660    10562.7     4756.1    -1767.6      0.6      0.8      0.9 2023  1 11  3 23 18.830  1.45   1
   110408  40.610478 -123.847624    27.548    32562.4     6690.0     6120.7      0.8      0.6      0.5 2023  2 12 20 12 15.900  2.47   1
   110409  40.517672 -124.418831    20.101   -15810.8    -3615.7    -1326.3      7.5      7.7      9.9 2022 12 21 22  8 58.660  1.39   1
   110412  40.573755 -124.074455    19.671    13361.0     2612.1    -1756.6      1.2      0.6      0.7 2022 12 26  7 30 25.960  0.98   1
   110417  40.551449 -123.976156    21.445    21689.5      135.1       18.2      0.7      1.0      0.7 2022 12 24 12 43  0.520  1.06   1
   110422  40.621444 -124.304175    19.962    -6091.8     7907.7    -1464.5      1.6      1.0      1.8 2022 12 29 13 40 18.010  1.27   1
   110423  40.504610 -124.335482    18.686    -8749.8    -5066.1    -2740.8      0.8      0.8      0.9 2023  2 17 12 38 36.270  0.88   1
   110429  40.593176 -124.013501    22.431    18520.5     4768.8     1003.6      1.1      0.7      1.4 2022 12 22  9 28 37.970  0.68   1
   110431  40.600977 -124.107682    23.076    10544.8     5635.0     1649.2      2.7      1.9      2.2 2022 12 21 17 59 17.620  1.95   1
   110432  40.496501 -124.458154    26.435   -19145.4    -5966.6     5007.3      1.1      1.6      1.3 2022 12 22  1 13 30.130  2.71   1
   110434  40.512004 -124.464176    19.095   -19653.5    -4245.1    -2332.1      3.6      3.8      5.9 2022 12 21 18 26 29.520  1.33   1
   110435  40.534188 -124.380990    24.788   -12603.1    -1781.6     3361.1      1.0      1.2      2.5 2023  1 28 20  7 39.900  1.24   1
   110436  40.476139 -124.534009    23.702   -25577.0    -8227.6     2274.3      0.8      1.2      1.0 2023  2 18  0 47 37.880  1.15   1
   110439  40.473173 -124.430013    19.750   -16763.7    -8557.0    -1676.9      0.7      0.9      1.0 2023  1 27 16 28 41.960  1.01   1
   110442  40.572538 -123.950301    21.588    23875.7     2477.0      160.7      1.1      1.0      1.4 2022 12 20 18 48 54.600  0.91   1
   110443  40.579085 -124.184993    19.015     3999.3     3204.0    -2412.4      7.9      4.3      8.0 2022 12 21 21 55 10.140  0.79   1
   110444  40.503569 -124.504777    27.370   -23094.9    -5181.8     5942.8      0.8      0.9      1.3 2022 12 23 21 41 55.000  1.21   1
   110445  40.525012 -124.389193    23.540   -13298.9    -2800.5     2113.1      1.9      2.1      2.3 2022 12 21  8  6 55.910  1.80   1
   110447  40.563505 -124.016675    22.722    18255.7     1473.9     1295.1      1.1      0.7      0.8 2022 12 24 19 37 36.120  1.39   1
   110448  40.596472 -124.126872    21.831     8920.3     5134.8      403.6      4.9      2.2      3.4 2023  1 31 13 12 49.420  1.12   1
   110452  40.545158 -124.194336    27.707     3208.9     -563.5     6279.7      0.8      0.7      1.2 2022 12 20 23 25 36.340  1.09   1
   110453  40.508244 -124.472827    17.783   -20387.0    -4662.6    -3643.8      3.6      4.7      7.6 2022 12 21 12  8  6.020  1.11   1
   110454  40.465259 -123.818188    23.081    35092.3    -9435.9     1653.4      0.9      1.4      0.9 2022 12 21 13 41 59.550  0.69   1
   110455  40.529932 -124.421720    16.401   -16054.1    -2254.3    -5026.6      6.0      6.8     11.9 2022 12 23 13  9 40.300  0.89   1
   110458  40.621464 -124.310156    20.154    -6598.2     7910.0    -1272.8      0.4      0.2      0.8 2023  2 14  6 32 28.460  1.23   1
   110462  40.585140 -124.438623    23.757   -17478.9     3876.4     2330.1      1.1      1.0      1.2 2023  4 22 17 56 13.080  1.37   1
   110464  40.588257 -124.427303    23.254   -16519.9     4222.5     1826.3      0.8      1.0      1.2 2023  2 13 21 32 14.280  2.09   1
   110466  40.532015 -124.391699    15.511   -13510.6    -2022.9    -5915.8      0.7      0.5      1.0 2022 12 22  0 27 26.630  0.83   1
   110467  40.528833 -124.425122    26.670   -16342.4    -2376.3     5242.4      1.0      0.9      1.3 2022 12 22  3 58 10.660  0.90   1
   110468  40.529000 -123.976180    20.419    21691.0    -2357.7    -1008.3      0.5      0.5      0.4 2022 12 24  1 17 32.850  0.88   1
   110470  40.537878 -124.356722    16.471   -10547.0    -1371.8    -4956.5      3.1      2.6      5.2 2023  3 29  5  5 59.480  1.47   1
   110474  40.472306 -124.448006    21.216   -18288.8    -8653.3     -210.9      1.3      1.2      1.5 2022 12 20 12 14 11.380  2.27   1
   110475  40.582902 -124.352148    28.085   -10156.2     3627.9     6657.8      2.4      2.1      2.4 2022 12 21 15  8 37.620  1.85   1
   110476  40.536849 -124.407056    28.291   -14811.0    -1486.1     6863.7      0.4      0.5      1.1 2022 12 20 13 24 12.330  1.51   1
   110477  40.611776 -123.938118    21.842    24900.2     6834.2      414.7      1.2      1.1      1.4 2023  1  3  7 18 42.400  0.99   1
   110479  40.535978 -124.358993    16.827   -10739.5    -1582.8    -4600.3      3.5      3.1      4.7 2022 12 26  2  4 21.800  1.88   1
   110480  40.557471 -124.251782    23.196    -1657.1      803.8     1769.2      1.6      1.1      1.1 2022 12 21  2 56 11.820  1.60   1
   110481  40.490413 -124.465592    18.434   -19776.6    -6642.6    -2993.3      4.8      4.1      7.5 2023  4  5 14 51 18.340  1.34   1
   110482  40.582890 -123.923031    21.521    26183.3     3626.5       93.7      2.2      3.2      2.9 2022 12 21 19 52  6.360  0.64   1
   110484  40.525590 -124.419816    19.568   -15893.3    -2736.4    -1859.5      3.7      4.0      4.8 2022 12 25  4  3 37.800  0.93   1
   110487  40.752340 -123.850871    20.594    32253.5    22443.1     -833.0      1.4      1.0      1.1 2022 12 20 14 11  0.150  2.57   1
   110488  40.478410 -124.457284    19.431   -19074.2    -7975.5    -1996.7      0.9      0.9      1.0 2023  2 18  9 18 28.190  1.40   1
   110489  40.519120 -124.426001    19.137   -16418.0    -3454.8    -2290.4      2.9      4.0      4.6 2022 12 29  9 57 25.630  1.27   1
   110494  40.522945 -124.413770    17.775   -15381.3    -3030.1    -3651.9      0.7      1.4      2.5 2023  3  5 20 14 19.720  1.28   1
   110496  40.503752 -124.446842    17.973   -18185.9    -5161.4    -3454.3      3.6      4.1      5.2 2022 12 30 12 51 54.870  1.14   1
   110497  40.574154 -124.099048    22.647    11278.2     2656.4     1219.5      1.1      1.1      1.4 2022 12 31 14 27 57.700  1.02   1
   110501  40.467542 -124.508097    23.710   -23382.5    -9182.4     2283.2      0.5      0.9      1.6 2022 12 30 21 43 18.320  2.12   1
   110506  40.606685 -124.070890    20.198    13659.5     6268.9    -1229.3      3.2      1.7      4.5 2022 12 20 21 47 48.880  1.10   1
   110507  40.528638 -124.397477    17.812   -14000.4    -2397.9    -3615.6      4.5      4.9      6.1 2022 12 21 10 16 11.430  0.70   1
   110508  40.613477 -124.094141    18.012    11690.3     7023.0    -3415.5      2.3      1.5      2.2 2022 12 30  9  0 39.550  1.14   1
   110510  40.497522 -124.431909    24.799   -16921.3    -5853.2     3372.1      0.9      0.9      2.7 2023  1  2  8 25 11.060  1.28   1
   110511  40.631356 -124.022380    23.365    17763.6     9008.4     1938.1      1.7      1.2      1.1 2022 12 21  4 15 19.850  2.45   1
   110512  40.509351 -124.336312    19.103    -8819.9    -4539.7    -2324.7      0.6      0.7      0.6 2022 12 21 17 35 50.480  1.40   1
   110513  40.523901 -124.414673    18.702   -15457.7    -2923.9    -2725.3      5.1      4.5      7.4 2022 12 20 15  4 50.680  1.42   1
   110515  40.539701 -124.231470    21.564       63.4    -1169.4      136.3      1.6      1.5      2.1 2023  1 11 13 29 12.060  1.57   1
   110517  40.596606 -124.085978    23.476    12383.0     5149.7     2048.3      3.1      1.8      1.9 2023  3 12  6 43 46.740  0.89   1
   110518  40.522538 -124.432381    18.323   -16958.2    -3075.3    -3104.6      3.4      3.6      6.1 2022 12 20 10 43 39.300  2.63   1
   110519  40.575911 -124.142586    22.552     7590.8     2851.6     1124.3      4.1      1.7      3.1 2022 12 20 23 22 14.760  1.65   1
   110521  40.569661 -124.161532    22.895     5986.6     2157.6     1468.2      7.5      2.3      5.1 2022 12 23  1 11 44.550  1.32   1
   110522  40.643807 -124.084041    23.270    12542.6    10391.1     1842.3      1.6      0.8      0.3 2022 12 20 18 48 15.520  0.97   1
   110523  40.511796 -124.490259    23.611   -21863.4    -4268.1     2183.3      0.7      1.2      2.3 2022 12 21  1  7 33.310  3.25   1
   110524  40.607153 -124.081185    17.591    12787.8     6320.9    -3835.9      1.5      0.6      0.7 2022 12 21  9 31  7.840  1.25   1
   110525  40.619324 -124.081868    17.970    12728.8     7672.3    -3457.0      2.6      2.0      2.2 2022 12 26  7 21 10.390  0.93   1
   110526  40.489396 -124.509928    15.530   -23533.9    -6755.5    -5896.9      1.2      1.6      2.3 2023  2 18 20 58 10.920  1.67   1
   110527  40.521672 -124.440609    19.419   -17655.3    -3171.5    -2008.2      3.2      3.2      4.6 2022 12 22  3 55 53.820  1.44   1
   110529  40.553227 -124.256755    24.359    -2078.3      332.6     2931.9      1.7      1.0      3.2 2023  5 18 13 21 36.440  0.56   1
   110530  40.620365 -124.070378    15.910    13701.5     7788.0    -5517.5      2.4      2.2      3.5 2022 12 22  4 49 54.170  0.84   1
   110531  40.534025 -124.349154    18.700    -9906.1    -1799.7    -2727.5      0.8      0.5      1.2 2022 12 20 19 16  2.640  1.29   1
   110532  40.545589 -124.340243    16.331    -9150.4     -515.6    -5096.0      0.6      0.6      0.5 2022 12 23  4  9 55.040  1.00   1
   110534  40.529496 -124.407552    19.716   -14853.8    -2302.6    -1710.8      7.7      6.9     10.0 2023  1  4 16 29 55.050  1.61   1
   110535  40.523710 -124.412671    18.254   -15288.1    -2945.1    -3172.8      2.0      2.9      3.5 2022 12 22 10 55 51.720  0.98   1
   110537  40.609908 -124.079728    23.382    12910.9     6626.8     1954.4      2.7      2.2      2.6 2022 12 21 16 28 15.660  3.99   1
   110539  40.525545 -124.344499    18.612    -9512.4    -2741.3    -2814.8      2.5      1.7      3.2 2022 12 25  8 22 48.250  0.72   1
   110541  40.581173 -124.197249    18.839     2961.4     3435.8    -2588.1      2.0      0.5      2.2 2023  2 18  6 52 19.650  1.07   1
   110542  40.578548 -124.192318    18.365     3379.1     3144.4    -3062.5      6.1      2.8      6.9 2022 12 20 17 56  5.920  1.14   1
   110544  40.597563 -124.187850    20.431     3756.9     5255.9     -996.5      6.6      2.1      5.3 2023  3 21 22 51 34.760  0.98   1
   110546  40.504635 -124.449170    18.919   -18383.0    -5063.4    -2508.3      3.9      4.2      6.7 2022 12 27  1 23 41.520  0.94   1
   110547  40.615450 -123.926050    21.449    25921.3     7242.2       21.8      1.3      1.1      1.5 2022 12 20 23 36 50.880  1.00   1
   110549  40.543119 -124.055868    19.766    14938.5     -789.8    -1661.6      0.6      0.6      0.4 2022 12 21  4 18 46.220  2.04   1
   110551  40.614404 -124.091732    17.990    11894.2     7126.0    -3437.3      1.0      0.5      0.8 2023  2 17 11 16 14.330  1.12   1
   110553  40.524923 -123.915332    20.683    26846.8    -2810.5     -744.1      1.2      1.1      1.1 2022 12 25  0 34  1.910  0.77   1
   110554  40.549719 -124.243595    18.235     -963.7      -56.9    -3192.7      1.5      1.4      2.1 2022 12 21  0  5 31.440  1.34   1
   110556  40.499312 -124.433374    23.584   -17045.2    -5654.4     2156.3      0.9      1.2      1.4 2023  2 25 14 23 27.120  1.53   1
   110559  40.613550 -124.134229    20.378     8296.3     7031.2    -1049.6      6.0      2.6      4.9 2023  3 13  0 48 17.330  0.83   1
   110560  40.627698 -123.927507    21.635    25795.7     8602.2      207.8      1.0      0.4      1.1 2023  2  2  2 38 55.900  1.60   1
   110561  40.618091 -123.886133    22.935    29300.3     7535.4     1507.6      1.5      1.2      2.1 2022 12 20 17 35 32.520  1.17   1
   110564  40.597367 -124.114185    15.140     9994.5     5234.2    -6286.9      1.3      0.7      0.9 2022 12 24  4 18 59.420  0.99   1
   110566  40.610547 -124.108496    18.008    10475.2     6697.7    -3419.4      1.9      0.5      1.0 2022 12 22  5 24 44.100  2.65   1
   110568  40.499573 -124.471452    15.737   -20271.8    -5625.5    -5690.3      8.3      9.7     16.9 2023  3 22 19 35 25.080  1.32   1
   110569  40.647485 -124.022046    18.349    17789.7    10799.5    -3078.4      1.3      0.8      1.6 2023  1  2  9 44 23.910  0.93   1
   110570  40.601571 -124.124845    20.511     9091.5     5700.9     -916.4      0.7      0.4      0.9 2022 12 22  6 14 22.080  1.10   1
   110572  40.531840 -124.245052    18.930    -1087.2    -2042.3    -2497.2      1.2      1.3      1.1 2023  1  1 22 18 52.920  1.17   1
   110574  40.628979 -124.096672    19.859    11474.7     8744.6    -1568.2      1.9      2.2      1.9 2022 12 21 22 33 49.080  1.00   1
   110575  40.581160 -124.156242    27.390     6434.1     3434.5     5963.1     11.0      6.2     10.1 2022 12 23  1 10  6.400  0.80   1
   110577  40.615483 -124.229671    23.965      215.7     7245.8     2537.6      2.0      1.3      2.4 2022 12 25 19 13 28.400  0.95   1
   110578  40.568014 -124.143888    21.767     7481.0     1974.6      339.4      3.7      1.4      2.8 2022 12 20 20 26 41.720  2.13   1
   110579  40.520361 -124.351465    21.885   -10102.9    -3317.0      457.4      2.2      3.0      2.4 2022 12 21  8 58 34.030  0.97   1
   110580  40.613114 -124.044482    23.530    15894.7     6982.8     2103.0      0.9      0.7      0.9 2023  1  3  4 53 49.540  1.15   1
   110581  40.568099 -124.236540    20.384     -366.0     1984.1    -1042.8      3.5      1.6      3.1 2023  5 28 11 38 43.770  1.07   1
   110582  40.563664 -123.935783    22.092    25106.9     1491.5      665.0      0.5      0.7      0.6 2022 12 21 23 36 17.240  1.23   1
   110586  40.524650 -123.900472    20.119    28105.8    -2840.7    -1308.7      1.3      1.6      2.5 2022 12 22  5 36 49.910  0.70   1
   110587  40.606665 -123.914998    25.131    26858.7     6266.6     3704.2      1.0      1.1      1.4 2022 12 20 10 48 38.300  2.65   1
   110588  40.597359 -124.116781    18.251     9774.7     5233.3    -3175.8      0.6      0.8      0.9 2022 12 22  7 50 48.720  1.53   1
   110589  40.533069 -124.050301    19.500    15411.2    -1905.9    -1927.6      0.7      0.4      0.5 2022 12 21  0 13 29.150  1.50   1
   110590  40.650859 -123.880599    26.388    29761.6    11174.1     4961.2      6.6      6.0     10.6 2022 12 23 19 10 35.240  1.06   1
   110591  40.585828 -124.060433    20.997    14547.2     3952.7     -430.7      1.3      0.8      0.9 2022 12 25 22 34 55.360  0.82   1
   110592  40.618380 -124.077344    17.666    13112.0     7567.5    -3761.1      1.0      0.5      0.9 2023  1 18  8 28 49.360  0.92   1
   110594  40.557918 -123.937004    21.203    25004.6      853.5     -223.8      3.9      3.2      5.7 2022 12 21  0 45 40.230  1.26   1
   110595  40.591760 -124.326668    21.382    -7997.9     4611.5      -45.3      1.2      0.7      1.2 2022 12 20 10 52 39.340  3.28   1
   110596  40.541988 -124.338590    17.530    -9010.7     -915.4    -3897.5      2.5      2.3      3.9 2022 12 29  7 31 23.150  0.85   1
   110597  40.623820 -124.083407    19.875    12598.2     8171.6    -1551.6      0.8      0.9      1.0 2022 12 20 21 24 28.880  0.90   1
   110598  40.598140 -124.101799    23.048    11043.2     5320.0     1620.3      1.0      0.7      2.6 2022 12 26  1 46  3.150  1.45   1
   110600  40.524569 -124.383512    16.949   -12817.7    -2849.8    -4477.8      4.8      4.3      7.1 2022 12 20 19 51  5.480  1.33   1
   110604  40.576933 -123.948730    20.139    24008.0     2965.0    -1288.1      1.3      0.6      1.5 2022 12 21 17  1 49.600  1.16   1
   110605  40.519629 -124.430485    18.637   -16797.9    -3398.3    -2789.9      6.1      4.8     10.0 2022 12 22  7 33 35.520  1.14   1
   110607  40.658439 -124.014998    19.070    18384.8    12015.9    -2357.6      2.0      2.0      3.0 2022 12 21 14 33 24.290  1.52   1
   110608  40.643827 -124.026652    18.547    17400.3    10393.3    -2879.9      0.7      0.7      1.2 2022 12 25 12 29 55.020  1.64   1
   110609  40.575248 -124.154045    23.361     6620.5     2777.9     1933.6      4.3      1.9      3.0 2022 12 20 19 19  0.120  1.41   1
   110611  40.548470 -124.238737    18.553     -552.2     -195.6    -2873.8      2.2      2.9      2.5 2022 12 21 12 21 21.680  0.97   1
   110613  40.665397 -123.886751    22.801    29237.7    12788.6     1373.3      1.8      1.0      1.0 2022 12 27 17 40  9.980  1.83   1
   110614  40.551074 -124.314185    20.479    -6942.9       93.5     -948.3      4.6      3.1      5.6 2023  2 15 14 26 55.060  2.21   1
   110615  40.580294 -124.133317    22.485     8375.5     3338.2     1057.7      5.8      2.5      4.0 2022 12 21  9 48 30.660  1.09   1
   110618  40.602478 -123.978833    22.565    21454.6     5801.7     1137.5      1.5      1.2      0.7 2022 12 20 23 30 29.600  1.04   1
   110619  40.598189 -123.917407    21.685    26656.5     5325.4      258.1      1.3      1.0      1.3 2022 12 22  4 23  9.220  0.67   1
   110620  40.602091 -123.891642    24.900    28837.3     5758.8     3472.8      0.8      0.9      1.4 2022 12 25 16 15  8.400  1.07   1
   110622  40.603642 -124.102799    15.626    10958.0     5930.9    -5801.5      0.4      0.3      0.3 2022 12 28  9 46 28.530  1.31   1
   110623  40.595024 -124.156820    23.035     6384.5     4973.9     1607.6     10.1      3.5      3.7 2022 12 30  9 23 12.150  1.07   1
   110624  40.609639 -124.110441    18.246    10310.6     6596.9    -3181.2      1.8      1.2      1.9 2023  4  2 23  2 20.160  1.02   1
   110625  40.551099 -124.072542    18.971    13525.2       96.2    -2456.7      1.1      0.8      0.9 2022 12 20 21 22 52.960  1.20   1
   110626  40.557943 -124.021289    21.720    17865.7      856.2      292.5      1.6      1.3      1.5 2022 12 24 20 57 12.400  1.30   1
   110627  40.590177 -124.192806    22.369     3337.4     4435.8      942.1      1.4      1.3      2.4 2022 12 20 16 59 23.800  1.39   1
   110628  40.551090 -123.885246    22.191    29390.0       95.3      763.6      0.9      0.8      0.3 2022 12 25  6 37 31.440  1.50   1
   110629  40.582190 -124.242993    23.794     -912.5     3548.8     2366.8      5.6      3.2      4.5 2023  2  2  2 53 51.230  0.90   1
   110630  40.601164 -124.111035    15.172    10260.9     5655.7    -6255.2      1.7      1.5      1.1 2022 12 22  6 38 46.920  0.92   1
   110631  40.600741 -123.999894    19.869    19671.6     5608.8    -1558.6      1.6      1.1      1.2 2022 12 22  6 27  3.370  1.14   1
   110633  40.512622 -124.451587    24.543   -18586.7    -4176.4     3115.5      0.7      1.1      2.7 2022 12 20 11 23 42.960  2.53   1
   110634  40.613118 -124.081535    15.711    12757.6     6983.3    -5716.4      3.8      1.8      3.2 2023  1  3  7 23 30.820  1.13   1
   110635  40.547673 -124.046460    22.840    15734.9     -284.2     1412.7      1.7      1.3      1.5 2022 12 24  7 16 44.450  1.51   1
   110636  40.580452 -124.216105    19.260     1364.6     3355.9    -2167.2      1.2      0.3      1.4 2023  5  5 10 50 40.220  0.86   1
   110637  40.545549 -124.336507    16.857    -8834.0     -520.1    -4570.0      4.0      2.9      5.2 2022 12 25 12 21 40.770  1.90   1
   110638  40.587813 -124.148991    23.800     7047.8     4173.2     2373.0     12.1      4.8      9.9 2022 12 21 19 17 30.720  1.31   1
   110641  40.644157 -123.998918    18.642    19747.9    10429.9    -2785.3      0.8      0.5      0.6 2022 12 25  9 11 59.060  0.70   1
   110643  40.539746 -123.911458    22.789    27171.9    -1164.4     1362.1      0.8      0.9      1.3 2023  2 16 18  3 27.440  1.53   1
   110644  40.562976 -123.979769    23.690    21381.6     1415.2     2262.5      0.7      0.5      0.4 2023  2 13  5 45 35.220  1.23   1
   110646  40.575297 -124.424219    23.276   -16260.3     2783.4     1848.3      1.1      0.9      1.1 2023  2  6 20 12  2.580  1.35   1
   110647  40.565405 -124.144629    22.139     7418.4     1684.9      712.2      4.0      1.8      3.1 2022 12 20 19  6 23.200  1.47   1
   110649  40.519881 -124.356038    22.501   -10490.5    -3370.3     1074.0      2.0      2.8      2.5 2022 12 25 23 13 35.000  1.83   1
   110650  40.701957 -123.952848    22.179    23637.3    16848.4      751.6      0.5      0.4      0.4 2022 12 26  9 16 16.030  1.67   1
   110651  40.612362 -123.825781    26.670    34411.2     6899.2     5242.4      1.5      1.3      0.9 2023  4  8  3  4 20.710  1.95   1
   110652  40.519352 -124.439754    15.919   -17583.2    -3429.1    -5508.3      6.1      6.5     11.4 2023  2  8 14 16 55.210  1.31   1
   110653  40.531421 -124.407821    17.751   -14876.4    -2088.9    -3676.1      4.8      4.3      8.0 2022 12 26  8 29 16.340  0.84   1
   110654  40.591134 -124.008927    23.214    18908.0     4541.9     1786.6      1.7      1.3      0.7 2022 12 24 22 12 36.600  2.10   1
   110655  40.566370 -124.023022    22.585    17717.7     1792.0     1157.6      3.4      1.9      3.0 2023  4 30 12 38 22.840  0.62   1
   110656  40.583484 -124.199845    25.180     2741.5     3692.5     3752.8      0.3      0.4      0.8 2023  1 20 22  9 26.880  0.94   1
   110660  40.539819 -124.340291    16.249    -9155.0    -1156.3    -5178.4      3.5      3.2      5.5 2022 12 31 15  5 32.620  1.28   1
   110663  40.580261 -123.955436    24.395    23439.5     3334.6     2967.9      0.6      0.5      0.7 2022 12 21 22 26 11.040  1.39   1
   110664  40.554020 -123.977026    20.812    21615.3      420.7     -615.6      1.3      1.2      1.4 2022 12 20 16  1 13.350  1.61   1
   110665  40.485844 -124.515096    17.107   -23972.4    -7150.0    -4319.8      1.3      1.8      3.2 2023  4  6  4 40 19.060  0.75   1
   110666  40.498429 -124.469263    18.068   -20086.4    -5752.4    -3359.0      4.3      4.4      7.7 2022 12 29  8 32 33.620  1.49   1
   110667  40.598499 -124.327555    20.847    -8072.6     5359.8     -580.1      0.7      0.8      2.1 2022 12 25  7 56 23.340  0.72   1
   110671  40.586532 -124.096452    23.280    11497.0     4030.9     1852.4      2.4      1.7      2.3 2022 12 20 23  1 57.840  1.31   1
   110672  40.539860 -124.349284    18.400    -9916.7    -1151.8    -3027.5      0.6      0.4      0.7 2023  4 15  0  7  1.200  0.77   1
   110673  40.587496 -124.235376    21.340     -267.4     4138.0      -86.9      5.3      3.5      6.8 2022 12 21 16 59 16.830  0.92   1
   110674  40.552405 -124.224845    17.746      624.5      241.3    -3681.2      3.5      1.8      2.7 2022 12 23  5  1 13.690  1.08   1
   110675  40.703361 -123.931478    22.516    25445.2    17004.3     1088.6      2.1      1.3      1.2 2022 12 22 16 21 35.960  1.66   1
   110676  40.481022 -124.407658    19.877   -14868.1    -7685.4    -1550.2      1.2      1.1      1.8 2023  1 30 10 56 56.600  0.99   1
   110677  40.512268 -124.440422    17.224   -17640.7    -4215.7    -4203.7      3.3      3.4      5.6 2022 12 23  0 10 35.700  1.04   1
   110678  40.516980 -124.427002    17.167   -16503.1    -3692.5    -4260.1      0.8      1.0      1.5 2023  1  8  2 15 56.440  1.14   1
   110679  40.509106 -124.440291    17.735   -17630.1    -4566.8    -3692.7      0.8      0.6      0.7 2023  4 20 15 36 20.100  0.92   1
   110681  40.638456 -123.912956    21.299    27025.3     9796.9     -128.4      0.9      0.5      0.5 2022 12 21  2 53 42.600  1.60   1
   110683  40.504826 -124.452881    18.790   -18697.4    -5042.1    -2637.5      1.2      1.3      1.1 2022 12 21  8 21  0.830  1.29   1
   110685  40.526526 -124.378394    23.813   -12383.9    -2632.4     2385.4      0.9      1.2      1.0 2023  1 29  2 21 34.040  0.86   1
   110686  40.550541 -124.310173    17.790    -6603.1       34.3    -3637.5      4.7      3.0      4.8 2022 12 20 19 42 50.340  1.43   1
   110687  40.644792 -124.052686    19.611    15196.6    10500.4    -1816.5      0.3      0.2      0.5 2022 12 26  1 31 33.690  1.21   1
   110688  40.682963 -123.881698    22.322    29661.5    14739.2      894.6      1.9      2.0      2.7 2022 12 20 16  7 38.970  2.01   1
   110689  40.542716 -123.755086    21.790    40417.5     -834.6      362.8      1.2      2.3      1.1 2022 12 22  0 56 27.730  0.68   1
   110692  40.511263 -124.471842    21.418   -20303.1    -4327.3       -9.3      6.7      5.9      8.7 2022 12 29 10 57 23.460  1.08   1
   110694  40.514351 -124.441781    19.471   -17755.6    -3984.4    -1956.1      2.5      2.4      3.5 2022 12 29  5 31  8.470  1.04   1
   110695  40.550382 -124.224438    17.723      659.0       16.7    -3704.0      0.7      0.4      0.5 2022 12 24  5  9  2.290  1.55   1
   110697  40.572542 -124.223828    17.411      710.6     2477.5    -4016.4      7.3      3.8      5.7 2022 12 23 20 30 28.480  1.23   1
   110698  40.541740 -124.238013    18.231     -490.8     -943.0    -3196.4      1.3      1.3      2.0 2023  1 26  5 47 35.730  1.04   1
   110699  40.516813 -124.415706    17.047   -15546.1    -3711.0    -4380.6      4.7      5.4      8.7 2022 12 22  9  7 10.520  0.52   1
   110700  40.576383 -124.207552    17.247     2088.9     2904.0    -4180.5     12.5      3.6      7.4 2022 12 25  3 58 23.130  0.90   1
   110702  40.629415 -123.959310    22.202    23103.0     8792.9      775.0      1.3      0.8      1.4 2022 12 20 23 26 24.700  1.53   1
   110703  40.530798 -124.357593    16.924   -10621.3    -2158.0    -4503.1      9.5      5.1     10.2 2022 12 22 14 28 55.050  1.12   1
   110705  40.513517 -123.875749    21.626    30202.8    -4077.0      199.1      0.9      0.9      1.1 2023  3  1  0 37 17.190  1.45   1
   110706  40.559631 -123.992619    23.938    20293.8     1043.8     2510.3      1.1      0.9      0.9 2022 12 20 23 41  1.760  1.68   1
   110707  40.546859 -123.845964    22.321    32718.4     -374.6      893.6      0.6      0.7      1.5 2022 12 21 22 14 18.520  1.56   1
   110708  40.578662 -124.213973    18.198     1545.1     3157.0    -3229.2      5.2      3.2      5.7 2023  3  5  0 34 58.820  1.58   1
   110710  40.605509 -124.148071    18.286     7124.7     6138.3    -3140.9      4.8      2.2      2.1 2023  1 14  1 10 27.140  1.46   1
   110711  40.616166 -124.069531    20.204    13773.6     7321.7    -1223.1      0.8      1.2      1.6 2022 12 20 21  2 39.800  1.14   1
   110712  40.557589 -123.953166    21.985    23635.7      816.9      557.3      0.9      0.7      0.6 2023  1 10 19 11 36.040  1.34   1
   110715  40.611890 -124.086662    15.981    12323.7     6846.8    -5446.3      6.3      2.6      6.7 2022 12 20 21 22 37.100  1.23   1
   110716  40.586434 -123.885994    21.604    29318.9     4020.1      177.1      3.0      2.9      6.2 2022 12 22  1 50 13.650  0.65   1
   110717  40.608187 -124.301628    19.958    -5876.7     6435.6    -1468.9      0.6      0.4      0.6 2023  4  9 21 13 25.880  0.97   1
   110718  40.523503 -124.432275    19.512   -16949.1    -2968.2    -1915.7      0.6      0.4      1.0 2022 12 22  3 44  5.310  1.01   1
   110720  40.585258 -124.203784    20.504     2407.9     3889.5     -923.4      2.0      1.5      1.7 2022 12 21  1 23  1.660  0.93   1
   110721  40.555473 -124.303459    18.651    -6034.1      582.0    -2776.0      2.2      0.5      1.4 2022 12 20 16 43 44.910  1.41   1
   110722  40.552022 -124.305566    19.928    -6212.8      198.8    -1499.3      2.8      0.7      1.8 2022 12 20 19 45  5.720  1.04   1
   110723  40.473584 -124.545573    21.843   -26557.6    -8511.4      415.7      1.5      0.7      1.5 2022 12 22  7 29 30.560  0.68   1
   110724  40.518770 -124.345085    19.332    -9562.5    -3493.7    -2095.6      2.4      2.3      3.1 2022 12 22  8 32 21.500  0.63   1
   110725  40.546594 -124.307259    17.719    -6356.5     -403.9    -3708.0      5.0      3.6      5.8 2022 12 24 21 51 17.000  0.84   1
   110726  40.518278 -124.432739    19.597   -16989.0    -3548.3    -1830.3      0.9      1.2      1.9 2022 12 25 10 58 46.850  0.74   1
   110727  40.516764 -124.358659    19.594   -10712.7    -3716.4    -1833.5      3.3      3.1      4.3 2022 12 26 20 22  8.180  1.12   1
   110728  40.519649 -124.420785    19.274   -15976.0    -3396.1    -2153.5      3.5      4.3      4.4 2023  1  3 14 30 47.720  1.13   1
   110729  40.576758 -124.208341    17.649     2022.1     2945.6    -3778.1      1.3      0.7      0.6 2023  1  4 10 27 27.700  1.40   1
   110731  40.511747 -124.440283    19.279   -17629.1    -4273.5    -2148.1      1.0      1.0      2.2 2023  3 16 18  8 14.040  1.34   1
   110735  40.534395 -124.344344    18.484    -9498.7    -1758.6    -2943.7      2.3      1.9      3.4 2022 12 20 21 52 17.400  1.04   1
   110736  40.506234 -124.335710    18.117    -8769.0    -4885.8    -3310.3      1.0      0.9      1.4 2022 12 22  5 34 15.770  1.28   1
   110737  40.523332 -124.423250    18.344   -16184.5    -2987.1    -3083.3      3.0      3.5      5.1 2022 12 22 10 19 33.470  1.21   1
   110738  40.545593 -124.314844    18.062    -6999.0     -515.1    -3365.5      4.4      3.2      6.0 2022 12 26 12 16 44.250  0.71   1
   110739  40.521236 -124.427539    18.071   -16548.1    -3219.8    -3356.6      1.0      0.9      1.8 2023  1 11  1 42 23.060  2.03   1
   110743  40.582894 -124.205868    17.965     2231.5     3627.0    -3462.5      7.0      3.4      5.6 2023  3 25 16 17 15.180  0.90   1
   110745  40.515291 -124.430933    18.743   -16836.4    -3880.0    -2683.9      2.5      2.5      4.0 2023  1 20  8 32 25.670  1.94   1
   110746  40.516463 -124.447168    20.908   -18211.8    -3749.9     -519.5      4.6      5.1      6.2 2023  2 15 19 15 16.420  1.23   1
   110747  40.543693 -124.337679    19.909    -8933.4     -726.1    -1518.0      4.5      4.0      5.8 2022 12 23 14  7  9.940  0.88   1
   110748  40.553715 -124.442082    24.148   -17775.9      386.8     2721.0      2.7      2.3     11.5 2022 12 20 15 58 21.830  1.76   1
   110749  40.500871 -124.465373    14.150   -19756.5    -5481.3    -7276.9     12.7     11.4     18.9 2022 12 26  6 35 42.200  1.15   1
   110750  40.594906 -124.117700    17.133     9697.0     4960.8    -4294.3      1.2      1.0      1.4 2023  1 14  6 13 33.720  1.13   1
   110751  40.575069 -123.987891    20.908    20691.9     2758.1     -519.6      1.2      1.0      1.7 2022 12 20 17 38 50.000  1.62   1
   110752  40.581702 -124.211621    21.070     1744.3     3494.6     -357.2      2.7      1.0      1.6 2022 12 22 21 13 37.280  0.95   1
   110753  40.526624 -124.325171    18.359    -7874.9    -2621.6    -3068.1      3.2      2.7      4.1 2022 12 22 22  2  6.300  1.11   1
   110754  40.523230 -124.357983    18.666   -10655.0    -2998.4    -2761.4      3.3      2.9      4.4 2022 12 22 22 45  9.160  1.52   1
   110757  40.524691 -124.344702    19.414    -9529.7    -2836.2    -2013.5      3.4      3.1      4.1 2022 12 28 13 28 43.290  1.64   1
   110758  40.552665 -124.236133    19.644     -331.6      270.2    -1783.2      2.0      1.4      2.0 2023  1 15 15 14  5.770  1.41   1
   110759  40.526530 -124.416178    18.984   -15585.0    -2632.0    -2443.7      6.8      6.8     10.4 2023  2 10 21  1  5.660  1.17   1
   110761  40.584701 -124.151408    22.458     6843.3     3827.6     1030.5      8.0      2.8      3.7 2023  1 21 22  3  8.900  1.49   1
   110765  40.524508 -124.406958    18.201   -14804.1    -2856.6    -3226.3      4.5      3.9      6.9 2022 12 24  2 43 20.530  1.79   1
   110766  40.504899 -124.446354    17.529   -18144.4    -5034.0    -3898.3      4.6      4.9      7.6 2023  2  7 19 48  3.920  1.35   1
   110767  40.504199 -124.481738    17.999   -21142.7    -5111.7    -3428.6      4.2      4.6      7.7 2023  5  3  4 14 16.070  1.55   1
   110768  40.534904 -124.343286    18.951    -9409.0    -1702.1    -2476.3      2.8      2.5      3.5 2023  2 17 23 11 43.020  1.41   1
   110769  40.577043 -124.216699    18.771     1314.3     2977.2    -2655.9      6.2      3.0      5.8 2022 12 22 11 55 31.760  1.02   1
   110770  40.592403 -124.101522    24.965    11067.1     4682.9     3537.7      1.1      1.1      1.0 2023  1  4  8 48  8.840  1.05   1
   110771  40.514860 -124.443083    18.045   -17865.8    -3927.9    -3381.9      0.4      0.7      0.9 2022 12 21 11 33 42.730  2.09   1
   110772  40.518449 -124.421753    17.090   -16058.2    -3529.4    -4337.0      5.4      5.5      8.1 2022 12 22  1 51 31.680  0.96   1
   110774  40.515479 -124.426758    19.422   -16482.6    -3859.2    -2005.3      3.8      4.1      5.8 2022 12 22 13 45 54.290  0.88   1
   110778  40.591589 -124.092017    21.722    11872.1     4592.6      295.1      3.0      2.9      4.6 2022 12 20 13 10 43.400  0.88   1
   110780  40.514465 -124.439681    18.470   -17577.7    -3971.7    -2957.5      0.9      0.6      1.4 2023  1 27  2 38 13.190  1.41   1
   110781  40.599646 -124.019995    21.063    17969.7     5487.2     -364.2      1.8      1.7      1.1 2022 12 22  7 36 42.420  0.86   1
   110782  40.520386 -124.419987    16.792   -15908.4    -3314.3    -4635.4      4.3      3.9      7.2 2023  1 19  4 55  2.650  1.72   1
   110783  40.535478 -124.239600    19.463     -625.3    -1638.4    -1964.3      0.9      0.8      1.1 2022 12 21  9 13 55.700  1.90   1
   110785  40.601957 -124.111841    16.425    10192.6     5743.9    -5002.2      2.4      1.5      2.0 2023  3 27 13  6 21.780  0.85   1
   110786  40.514726 -124.443286    18.019   -17883.1    -3942.8    -3408.7      3.1      3.2      4.7 2022 12 21 10 46 12.660  1.82   1
   110787  40.588647 -124.186084    20.263     3906.7     4265.9    -1164.6      7.2      5.9     11.4 2022 12 22  9 24 48.500  0.91   1
   110788  40.661182 -124.009001    19.318    18892.0    12320.5    -2108.8      1.7      1.5      1.8 2022 12 22  1 16  9.260  0.66   1
   110789  40.523694 -124.418734    18.741   -15801.8    -2946.9    -2686.7      3.6      4.1      5.8 2022 12 23 19 12 41.740  1.83   1
   110790  40.570447 -124.198787    21.832     2831.3     2244.8      404.8      2.8      1.7      2.3 2022 12 24 15 43 41.860  0.86   1
   110791  40.524007 -124.411035    21.961   -15149.5    -2912.1      533.6      0.9      0.8      1.6 2022 12 21 21 14 36.000  0.82   1
   110793  40.516711 -124.411589    20.868   -15197.2    -3722.3     -559.5      5.0      4.4      6.0 2022 12 26 14 17  3.520  0.91   1
   110794  40.595508 -124.113159    18.162    10081.5     5027.7    -3264.8      0.5      0.4      0.6 2023  3 11 16 16 54.220  1.44   1
   110796  40.544226 -124.335938    16.833    -8785.9     -666.9    -4594.0      0.9      1.1      1.5 2022 12 22  1 52 50.750  1.67   1
   110797  40.520736 -124.351351    19.494   -10093.3    -3275.4    -1933.7      1.8      1.4      2.1 2022 12 24 21 53 24.440  1.63   1
   110799  40.524125 -124.406453    18.876   -14761.4    -2899.0    -2551.1      3.9      6.3      5.4 2022 12 20 10 40 17.470  2.91   1
   110801  40.558272 -124.235327    20.001     -263.3      892.8    -1425.8      3.1      1.6      2.4 2022 12 20 12 16  5.480  2.04   1
   110802  40.569906 -124.077450    19.203    13107.7     2184.7    -2224.2      2.0      2.3      1.1 2022 12 21  0 15 31.010  2.88   1
   110803  40.651123 -124.020703    19.022    17902.9    11203.5    -2405.0      2.1      1.3      3.0 2022 12 22  5 56 58.350  0.78   1
   110804  40.518262 -124.437614    19.442   -17402.1    -3550.1    -1985.2      1.2      1.2      1.9 2022 12 20 20 38 36.440  1.22   1
   110806  40.515365 -124.431331    19.085   -16870.1    -3871.9    -2342.5      1.4      1.3      2.6 2023  2  1  8 26 47.510  1.32   1
   110808  40.538346 -124.339518    17.318    -9089.6    -1319.8    -4109.0      2.8      2.7      4.5 2023  3 31  1 48 56.260  0.92   1
   110809  40.520874 -124.440967    20.563   -17685.8    -3260.1     -864.6      6.0      5.1      7.8 2022 12 22  0 38 39.810  1.01   1
   110810  40.618132 -124.080933    17.082    12808.1     7539.9    -4345.7      2.2      1.9      2.6 2023  1  4  6 36 41.150  1.09   1
   110812  40.603304 -124.141699    18.160     7664.4     5893.4    -3267.6      4.4      4.0      3.6 2023  2  2  5 38 31.180  0.92   1
