   101475  40.580485 -123.984692    20.680    20961.9     3359.5     -747.7     12.0      8.1     13.3 2020  1  4 12 29  8.640  0.00   1
   101476  40.577848 -123.960311    21.959    23027.1     3066.7      531.4     28.1     17.0     23.3 2020  2 13 22 21 36.940  0.00   1
   101477  40.581128 -123.991187    20.999    20411.8     3430.9     -428.7     20.0     14.0     15.0 2020  3 19  1  4 26.040  0.00   1
   101481  40.581002 -123.984082    20.665    21013.5     3416.9     -762.4     18.2      7.3     12.2 2021  3 29 15 56 33.780  0.00   1
   101482  40.580998 -123.984432    20.741    20983.9     3416.4     -686.5     14.5      9.5     11.3 2021  3 29 13 44 54.940  0.00   1
   101483  40.581026 -123.984326    20.748    20992.8     3419.6     -679.3     14.3      9.2     10.9 2021  3 30 14 30 26.580  0.00   1
   101484  40.580843 -123.983683    20.717    21047.3     3399.2     -710.3     14.2      9.1     10.8 2021  3 30 16 56 58.820  0.00   1
   101487  40.582117 -123.982756    20.537    21125.6     3540.7     -890.0     13.2      7.7     10.5 2021  9 19 18 51 35.660  0.00   1
   101488  40.568095 -123.953581    21.162    23598.8     1983.6     -264.9     33.5     29.3     26.5 2021 12  7  4 20 27.260  0.00   1
   101564  40.532585 -124.275260    11.666    -3646.3    -1959.7    -9761.6      6.0      3.0      3.3 2020  1  4 11 37 20.680  0.00   1
   102513  40.560311 -124.124813    22.897     9097.1     1119.2     1469.9      8.3     14.6     15.8 2020  1 21 18 29 29.080  0.00   1
   102514  40.563729 -124.140340    22.886     7781.7     1498.8     1458.8     12.9      6.2     13.1 2020  1 21 18 17 50.920  0.00   1
   102517  40.563831 -124.124097    23.003     9157.5     1510.1     1575.6     10.2     14.6     14.3 2020  1 21 18 17 12.580  0.00   1
   102584  40.554806 -124.090617    22.345    11993.9      507.9      917.4     37.3     26.8     21.5 2021 12 19 16 15 38.560  0.00   1
   102602  40.480501 -124.511125    24.615   -23636.8    -7743.3     3187.9     17.7     12.7     23.0 2021  8 10 19 30 57.060  0.00   1
   102603  40.479333 -124.505819    25.162   -23187.4    -7872.9     3735.2     12.8     14.9     24.7 2021  8 28  7 10 22.180  0.00   1
   102606  40.488391 -124.500106    24.900   -22701.7    -6867.1     3472.8     14.6     14.7     25.0 2021 11  9 13 23 16.920  0.00   1
   102608  40.477913 -124.506641    25.662   -23257.3    -8030.6     4234.7     12.8     21.1     21.3 2022  9  7 17 54 42.580  0.00   1
   102707  40.434489 -124.603361    23.108   -31464.4   -12852.7     1681.0     27.2     43.7    116.1 2020  1  5 11  4 39.240  0.00   1
   102709  40.446997 -124.595972    23.481   -30835.1   -11463.8     2053.8     31.3     40.0     44.8 2020  3 12 15 20 18.660  0.00   1
   102710  40.434212 -124.602075    10.033   -31355.5   -12883.5   -11394.6     25.6     37.6    215.4 2020  3 19  0  0 12.240  0.00   1
   102715  40.428402 -124.601758    24.112   -31329.9   -13528.7     2684.7     25.6     40.7     86.3 2020  5 19  4 18  4.680  0.00   1
   102716  40.434469 -124.601660    23.750   -31320.2   -12855.0     2323.0     32.3     37.4     38.7 2020  5 19 15 58 35.460  0.00   1
   102717  40.435465 -124.602767    23.820   -31413.8   -12744.3     2392.6     32.7     36.9     38.6 2020  5 19  8 56  4.240  0.00   1
   102719  40.434009 -124.603654    21.577   -31489.4   -12906.0      149.4     20.2     39.5    105.5 2020  6  9 10 29  1.040  0.00   1
   102720  40.436707 -124.603003    21.128   -31433.5   -12606.5     -299.4     26.8     31.3    153.1 2020  6  9 11 54 57.660  0.00   1
   102721  40.432975 -124.597347    23.642   -30954.9   -13020.8     2215.1     42.0     54.2     56.6 2020  6 11 11 48 29.660  0.00   1
   102723  40.432369 -124.601668    23.462   -31321.4   -13088.1     2034.6     27.3     37.5     40.8 2020  6 28  9  4 35.860  0.00   1
   102727  40.435620 -124.603963    21.360   -31515.2   -12727.1      -67.6     25.7     37.1    122.1 2020  9 21 21 53 10.520  0.00   1
   102728  40.429785 -124.602384    23.330   -31382.7   -13375.1     1902.8     22.3     55.1     28.2 2020  9 28  9 34 39.840  0.00   1
   102729  40.431490 -124.601546    23.580   -31311.2   -13185.7     2152.8     25.8     34.0     30.9 2020  9 29 16 42 12.380  0.00   1
   102730  40.430835 -124.602043    23.749   -31353.5   -13258.5     2322.1     21.6     34.1     31.9 2020  9 29 16  6 55.980  0.00   1
   102732  40.434115 -124.602580    23.497   -31398.3   -12894.3     2069.8     16.8     31.7     53.0 2020 10 13 22  5 11.460  0.00   1
   102733  40.435498 -124.603809    16.421   -31502.1   -12740.7    -5006.0     23.7     39.1    178.9 2020 11 11  2 48 36.380  0.00   1
   102734  40.434224 -124.603084    21.464   -31441.0   -12882.1       37.1     23.7     44.5    136.2 2020 12 19  3 23 42.480  0.00   1
   102736  40.428984 -124.600301    23.598   -31206.3   -13464.1     2170.7     28.3     45.6     36.4 2021  1 21 20 46 20.820  0.00   1
   102737  40.434489 -124.603198     5.007   -31450.6   -12852.7   -16420.7     23.8     41.3    299.0 2021  2 12  4 31  7.420  0.00   1
   102738  40.434448 -124.601855    23.698   -31336.8   -12857.2     2270.3     21.8     46.7     28.3 2021  2 12 20  8 51.240  0.00   1
   102739  40.433993 -124.600814    23.378   -31248.6   -12907.9     1950.4     21.0     35.1     30.8 2021  2 12  4 29 14.400  0.00   1
   102740  40.431730 -124.603613    23.644   -31486.4   -13159.1     2216.3     29.7     40.2     37.5 2021  2 20 23 40 36.700  0.00   1
   102742  40.435681 -124.603524    20.484   -31477.9   -12720.3     -943.6     24.0     39.6    153.7 2021  4 14  1 27 41.100  0.00   1
   102743  40.433602 -124.603092    22.415   -31441.8   -12951.2      987.3     22.8     37.7    127.2 2021  4 14  5 38 37.620  0.00   1
   102749  40.432890 -124.602441    23.480   -31386.8   -13030.3     2052.8     19.2     43.9     36.8 2021  7 10 11 59 45.840  0.00   1
   102751  40.426587 -124.604346    23.860   -31549.7   -13730.2     2432.4     23.4     47.9     64.2 2021  8 31 18 13 15.560  0.00   1
   102754  40.430518 -124.603353    23.453   -31464.6   -13293.7     2025.3     24.6     36.1     35.1 2021  9 23  9 33 50.540  0.00   1
   102755  40.434965 -124.601912    23.388   -31341.5   -12799.9     1960.3     21.9     28.9     40.8 2021  9 30 19 10  2.220  0.00   1
   102756  40.434855 -124.603442    22.068   -31471.2   -12812.1      640.7     22.7     41.5    105.2 2021 10  8 23 40 58.400  0.00   1
   102759  40.435234 -124.603678    16.854   -31491.1   -12770.0    -4573.1     23.1     37.1    209.9 2021 11  4  9  5 14.280  0.00   1
   102761  40.434098 -124.603385    22.426   -31466.6   -12896.1      999.0     18.6     32.0    109.7 2021 12  9 20 12 36.400  0.00   1
   102763  40.435555 -124.602311    23.446   -31375.2   -12734.3     2018.8     18.9     36.3     35.8 2021 12 18  5 17 48.600  0.00   1
   102764  40.436991 -124.600977    23.526   -31261.7   -12574.8     2098.3     19.6     42.8     45.1 2021 12 20  7 12 18.880  0.00   1
   102768  40.431921 -124.604435    23.611   -31556.1   -13137.8     2183.4     40.0     49.6     99.2 2022  2 24 23 18 18.200  0.00   1
   102775  40.434924 -124.601937    23.397   -31343.6   -12804.4     1969.4     23.2     30.3     44.9 2022  5 12 21 39 49.620  0.00   1
   102776  40.428756 -124.604159    21.404   -31533.4   -13489.4      -22.9     22.3     42.8    103.3 2022  5 15 21 30 42.600  0.00   1
   102777  40.436633 -124.603125    21.613   -31443.9   -12614.6      186.1     24.9     41.2    101.0 2022  6  2  9 50 27.060  0.00   1
   102778  40.435246 -124.604614    21.966   -31570.5   -12768.7      538.4     36.2     48.3    124.2 2022  6 17  0 59 30.760  0.00   1
   102780  40.434627 -124.602262    23.530   -31371.2   -12837.4     2103.2     18.3     39.0     36.7 2022  7 21  2 41 31.540  0.00   1
   102781  40.437720 -124.605257    22.620   -31624.4   -12494.0     1192.7     28.8     45.9     84.5 2022  7 28  9 22  9.400  0.00   1
   102786  40.442704 -124.599699    20.846   -31152.1   -11940.5     -580.8     60.8    102.8     86.6 2022  9 18 15 28 46.440  0.00   1
   102787  40.426493 -124.595874    23.663   -30831.5   -13740.6     2235.9     21.9     48.9     42.2 2022 10  2 19 33 34.380  0.00   1
   102789  40.438652 -124.601367    23.446   -31294.4   -12390.5     2019.1     26.3     48.1     50.3 2022 10 17  4 45 23.620  0.00   1
   102790  40.427470 -124.599105    23.633   -31105.2   -13632.2     2206.2     32.6     52.6     46.2 2022 10 19 22 24 12.120  0.00   1
   102792  40.439909 -124.606795    22.724   -31754.3   -12250.9     1296.5     33.3     31.5    109.0 2022 11  4 23 19 49.560  0.00   1
   102871  40.518005 -124.430168    25.133   -16771.2    -3578.6     3706.1     20.6     27.9     47.0 2021 12 21 11 40 42.620  0.00   1
   102873  40.520215 -124.414665    22.702   -15457.5    -3333.3     1275.0     26.2     29.6     36.2 2021 12 27  5 28 17.460  0.00   1
   102877  40.519210 -124.418758    23.893   -15804.4    -3444.9     2465.9     15.4     12.6     13.0 2022 11 12  9 39  9.180  0.00   1
   102881  40.574211 -123.887752    22.428    29172.7     2662.7     1000.8     13.4     11.4      5.2 2020  6  5  7 17 17.540  0.00   1
   102882  40.586719 -123.893392    22.095    28692.4     4051.7      667.8     20.6     18.2     14.6 2021  8 31 10  1 55.460  0.00   1
   102884  40.575753 -123.890592    23.676    28931.8     2834.0     2248.3     24.8     31.0      7.6 2022  7  8 14 14 25.800  0.00   1
   102885  40.574141 -123.880998    22.318    29744.7     2655.0      890.4     10.3     21.7      7.6 2022 10 15  6 34 45.100  0.00   1
   102906  40.551379 -124.494076    23.877   -22180.3      127.4     2449.9     10.9      8.0      3.0 2020  1  8  5 26 50.000  0.00   1
   102908  40.549740 -124.499154    23.920   -22610.7      -54.7     2492.9     10.5      7.6      4.2 2020 10 11 20 54  2.280  0.00   1
   102909  40.541467 -124.509473    26.905   -23486.2     -973.3     5477.6     16.2     13.6     20.7 2021  4 28 19 33 47.460  0.00   1
   102910  40.549268 -124.496134    23.804   -22355.0     -107.1     2376.4     11.9     15.8     15.3 2021  6 12  7 57 57.640  0.00   1
   102911  40.546289 -124.504818    24.693   -23091.1     -437.8     3265.7      9.1      9.5     16.9 2021  6 22  2 52 24.640  0.00   1
   102915  40.547095 -124.503743    24.613   -22999.9     -348.4     3185.5     14.3     14.4     22.5 2021 11 28 13  7  4.440  0.00   1
   102916  40.548429 -124.501383    23.933   -22799.8     -200.2     2506.1      6.6      5.1      2.3 2021 12 21 13 58 37.080  0.00   1
   103853  40.619450 -123.951164    22.272    23794.4     7686.3      844.6     20.6      8.6     11.2 2020  1 15 17  9  9.680  0.00   1
   103854  40.620565 -123.945972    21.618    24233.8     7810.1      191.0     10.3      9.5      8.7 2020  9  6  8  2 35.820  0.00   1
   103855  40.624182 -123.949577    21.576    23927.9     8211.8      148.4      8.0      8.7      5.7 2021 11 17  1 30  5.520  0.00   1
   103856  40.623336 -123.947241    21.585    24125.8     8117.8      157.3      8.1      7.8      6.0 2022  1 29  9  3 15.000  0.00   1
   103857  40.621794 -123.946077    21.696    24224.6     7946.6      268.7      7.6      8.6      8.3 2022  5 22  1 31 29.140  0.00   1
   103859  40.624361 -123.949561    21.533    23929.3     8231.7      105.6      8.0      7.9      6.2 2022  5 23  3 58 56.800  0.00   1
   103861  40.622632 -123.949170    21.709    23962.6     8039.7      281.5     18.3     13.1     17.2 2022  7 27 10 38  4.700  0.00   1
   103862  40.621814 -123.947786    21.707    24079.9     7948.9      279.7      9.0      9.7      8.0 2022 11 17 16  3 25.080  0.00   1
   103863  40.620976 -123.943612    21.607    24433.5     7855.8      179.8      8.2      8.4      8.1 2022 11 20 23 28 37.040  0.00   1
   103948  40.583256 -123.917310    25.640    26667.7     3667.2     4212.9     16.8      4.6     20.6 2020  7 15 23 27 17.180  0.00   1
   103949  40.583093 -123.917741    25.641    26631.2     3649.1     4213.8     17.0      4.9     20.6 2020  7 15 23 27  7.480  0.00   1
   103953  40.585421 -123.909220    23.534    27352.3     3907.6     2107.2     20.4     11.3     12.8 2021  6 28 22 30 49.640  0.00   1
   103955  40.587663 -123.915454    25.085    26823.9     4156.5     3657.5     11.9     10.1     22.0 2021  8 18 13 15  3.800  0.00   1
   103957  40.579574 -123.911499    26.763    27160.5     3258.3     5335.6     36.8     28.0     13.4 2021  9 30  0  5  3.500  0.00   1
   103958  40.582739 -123.908358    26.233    27425.9     3609.8     4806.2     24.2     21.6     15.0 2021 10 16 22 17 33.780  0.00   1
   103963  40.584408 -123.907756    25.864    27476.5     3795.0     4436.5     13.8     11.3     20.9 2022 10  3  1 19 38.240  0.00   1
   104037  40.620194 -124.318758    18.940    -7326.5     7769.0    -2487.6     16.6      9.1     27.3 2020  3 23  9 10 34.260  0.00   1
   104039  40.620890 -124.316610    19.938    -7144.6     7846.3    -1489.6      8.3      9.2     31.0 2020  3 31  1 10 40.520  0.00   1
   104040  40.620512 -124.315975    19.689    -7090.9     7804.3    -1737.8      6.5      6.3     11.4 2020 12 20  9 55 52.280  0.00   1
   104042  40.620345 -124.316056    19.644    -7097.8     7785.7    -1783.0      7.5      6.7     12.1 2020 12 20 10 47 46.800  0.00   1
   104043  40.619694 -124.315999    19.500    -7093.0     7713.4    -1926.8      8.2      7.4     15.6 2020 12 20 10 15 13.920  0.00   1
   104047  40.621073 -124.317871    19.571    -7251.4     7866.6    -1856.4     14.5     10.9     24.0 2021  4 20 22 55  3.440  0.00   1
   104048  40.620439 -124.322746    17.741    -7664.1     7796.1    -3686.3     16.7     17.5     29.8 2021  4 24 18 32 32.740  0.00   1
   104049  40.622335 -124.314852    19.982    -6995.7     8006.7    -1444.8     10.7      7.1     12.0 2021  6 29 21  7 22.600  0.00   1
   104052  40.622030 -124.315413    20.193    -7043.2     7972.8    -1234.7     11.4      9.6     18.5 2021  7  2  7 55 22.400  0.00   1
   104053  40.618274 -124.314795    21.263    -6991.1     7555.7     -164.3      9.1     12.3     23.6 2021  7  3 16 38 35.240  0.00   1
   104054  40.621594 -124.314966    20.019    -7005.4     7924.5    -1408.7     11.4      9.0     15.2 2021  7 14 14 46 21.240  0.00   1
   104055  40.621977 -124.315088    19.941    -7015.7     7966.9    -1486.5     13.0      7.5     34.3 2021  9 17 10  9 30.180  0.00   1
   104056  40.617501 -124.318522    20.998    -7306.7     7469.9     -429.3     10.0      5.0     18.4 2021 11 18  9 48  5.620  0.00   1
   104060  40.619942 -124.312354    20.194    -6784.3     7741.0    -1233.7      8.5      3.9     20.3 2022  4 14 20  4 26.860  0.00   1
   104061  40.620479 -124.314608    20.376    -6975.1     7800.6    -1051.5      9.0      4.8     17.9 2022  6 16 20 44 53.720  0.00   1
   104064  40.620166 -124.311694    20.233    -6728.5     7765.9    -1193.9      9.5      4.1     22.0 2022 10 23 23 59  6.320  0.00   1
   104510  40.562492 -124.130599    22.381     8606.8     1361.4      953.7      3.1      2.6      5.1 2020  1 21 18 16 13.040  0.00   1
   104905  40.521464 -124.418620    26.382   -15792.4    -3194.5     4954.6     32.9     35.7     37.5 2020  6 22 15 25 24.880  0.00   1
   104911  40.511186 -124.419930    23.924   -15904.6    -4335.9     2496.3     12.4     10.8      9.4 2021  5 20 19 21 47.940  0.00   1
   104917  40.505074 -124.426359    23.831   -16450.1    -5014.6     2404.1     17.5     18.5     18.8 2021  9 17 15 11 51.640  0.00   1
   104918  40.506742 -124.421045    24.610   -15999.6    -4829.3     3182.9     14.5     11.5     23.1 2021 10  5 18 21 58.320  0.00   1
   104923  40.496973 -124.429134    24.369   -16686.2    -5914.2     2942.1     31.6     27.1     39.5 2021 12 22  5 52  2.020  0.00   1
   104928  40.511100 -124.419222    25.305   -15844.6    -4345.4     3877.5     13.4     11.8     22.1 2022  1 30  2  6 57.660  0.00   1
   104932  40.510909 -124.418978    25.290   -15824.0    -4366.6     3862.6     13.4     11.7     22.2 2022  3  5  0 58 53.080  0.00   1
   104936  40.510669 -124.424886    23.521   -16324.6    -4393.3     2093.3     14.9     15.2     19.6 2022  7 27  2 17 47.560  0.00   1
   104940  40.517611 -124.494718    16.144   -22240.3    -3622.4    -5283.4     11.1      9.6     37.1 2020  1 27  9 51 13.860  0.00   1
   104941  40.518245 -124.492253    15.881   -22031.3    -3552.0    -5546.7     10.5      8.2     14.1 2020  2 20  6 32 59.280  0.00   1
   104942  40.519767 -124.492936    14.786   -22089.0    -3383.0    -6641.3      9.2     15.0     28.0 2020  4  6  9 21 20.960  0.00   1
   104943  40.517961 -124.493677    15.837   -22152.0    -3583.6    -5590.5     10.5      9.2     13.9 2020 12 17 16 41  8.520  0.00   1
   104944  40.518193 -124.489331    15.621   -21783.8    -3557.8    -5806.4     11.4     12.1     64.2 2020 12 19 14 18 19.400  0.00   1
   104945  40.520638 -124.496997    15.947   -22432.9    -3286.3    -5480.6     10.5     10.9     15.7 2021  5 24  0 40 45.520  0.00   1
   104946  40.519991 -124.498104    15.985   -22526.8    -3358.1    -5441.8      9.7     11.6     16.1 2021 11  6  3 38 12.480  0.00   1
   105067  40.738220 -123.939193    22.836    24786.0    20875.2     1409.0     16.9     19.1     16.4 2020  1 29 17 29  4.280  0.00   1
   105385  40.552193 -123.974040    21.517    21868.6      217.8       90.1      7.3      5.2      5.7 2021  4  1  4 46 23.960  0.00   1
   105390  40.593909 -123.955737    21.465    23411.6     4850.1       37.9     28.3     23.0     28.1 2021  5 23 15 44  5.100  0.00   1
   105391  40.603276 -123.984701    22.321    20957.7     5890.2      893.3     23.5     17.8     16.9 2021  6 30  5 49 47.860  0.00   1
   105476  40.760803 -123.870264    20.767    30611.3    23383.0     -659.9     17.5      8.8      9.7 2021  4 17 11 13 27.660  0.00   1
   105477  40.759949 -123.865853    20.220    30984.6    23288.1    -1207.0     15.6     20.7      7.5 2021  5 16 18 21  8.560  0.00   1
   105483  40.759049 -123.863460    20.721    31187.1    23188.2     -706.7     14.4      8.1      8.7 2022  5  4  3 34 42.980  0.00   1
   105706  40.596484 -124.042716    22.214    16046.2     5136.1      786.9     23.5     17.9     19.6 2020  2  8  2 28 57.160  0.00   1
   105713  40.597449 -124.061011    23.296    14497.0     5243.2     1868.6     31.0     13.0     10.0 2021  8 21  3 33 28.140  0.00   1
   105954  40.545093 -124.061882    19.723    14428.9     -570.7    -1704.5      9.1      8.2     10.9 2020  2  8 19 52 44.320  0.00   1
   105955  40.542240 -124.064762    19.459    14185.1     -887.4    -1967.9      8.6     11.8      5.2 2020  2 23  1  6 17.520  0.00   1
   105956  40.541105 -124.076815    19.947    13164.3    -1013.5    -1480.1     10.4     10.4     12.1 2020 10 23 10 31 25.740  0.00   1
   105957  40.547400 -124.065625    19.443    14111.5     -314.5    -1984.6     15.4     12.7     16.5 2021  2 19 15  2  5.840  0.00   1
   105958  40.544556 -124.061987    19.861    14420.0     -630.3    -1566.5      5.7      3.5      6.6 2021  7 27 12 42 23.820  0.00   1
   105960  40.543404 -124.068245    19.361    13890.0     -758.2    -2065.8      6.2      5.8     11.3 2021  9  6  1 57 48.460  0.00   1
   105961  40.544722 -124.070337    21.381    13712.7     -611.8      -45.8     21.2     12.0     19.8 2021 10 30 15 54 35.980  0.00   1
   106005  40.589726 -124.096102    19.660    11526.3     4385.6    -1767.4     15.0     14.9     21.5 2020  4 19 13  8 57.480  0.00   1
   106006  40.595703 -124.091390    18.871    11924.8     5049.4    -2556.6     13.5     11.9     15.1 2020  6  7 18 47 39.820  0.00   1
   106007  40.593396 -124.084367    19.211    12519.7     4793.2    -2216.6      9.2      7.8      9.5 2020  7 20 16 45 35.520  0.00   1
   106008  40.593404 -124.082967    19.265    12638.2     4794.1    -2162.3      6.5      5.1      9.3 2021 11 25 11 31 45.620  0.00   1
   106009  40.594401 -124.084375    19.121    12518.9     4904.8    -2305.9      8.7      6.5     10.7 2022  1 31  2 46 32.380  0.00   1
   106065  40.534749 -124.389901    25.435   -13357.9    -1719.3     4007.6     13.6      9.5     13.2 2020  2 11 17 54 25.540  0.00   1
   106069  40.500236 -124.446655    15.993   -18170.5    -5551.8    -5434.6     14.7     12.9     14.4 2021  7 22 12 38 41.980  0.00   1
   106070  40.505611 -124.448690    16.217   -18342.2    -4954.9    -5210.4     20.2     15.8     29.4 2021  8 21  7 21 12.600  0.00   1
   106079  40.632878 -123.986597    26.369    20792.5     9177.4     4942.0     10.8      9.5     20.5 2020  2 13 23  7 46.880  0.00   1
   106080  40.644035 -123.977873    27.438    21529.3    10416.4     6011.2     13.3     11.3     18.9 2020  2 27  1  9  9.980  0.00   1
   106081  40.640788 -123.988590    25.932    20622.5    10055.8     4504.7      8.4      3.8      9.7 2020  6 29  6 46  6.840  0.00   1
   106082  40.634395 -123.976237    25.759    21669.3     9346.0     4332.1     19.5     19.4     24.8 2021 11 14 16 50 17.560  0.00   1
   106083  40.640043 -123.984863    25.818    20938.2     9973.1     4391.0      9.0      6.1     12.8 2022  2 10  2 19 50.980  0.00   1
   106084  40.641174 -123.983358    25.613    21065.4    10098.7     4185.6      8.6      6.8     16.0 2022  6  3  6  4  3.860  0.00   1
   106096  40.581091 -124.206519    20.491     2176.4     3426.8     -936.5     16.7     18.5     22.2 2021 11  2  4 49 56.460  0.00   1
   106102  40.520508 -124.413794    20.297   -15383.7    -3300.7    -1130.5     14.7     10.7     15.7 2022  7  6 11 29  4.460  0.00   1
   106103  40.519189 -124.407536    21.528   -14853.6    -3447.1      100.7     14.6     12.2     28.9 2022  8 16  8  0  8.060  0.00   1
   106104  40.516463 -124.411906    21.352   -15224.2    -3749.9      -75.1      9.0     11.8     24.7 2022  8 29 21 57 39.860  0.00   1
   106135  40.553463 -124.215568    17.064     1410.3      358.8    -4363.0      3.4      6.1     10.8 2021  9 13  0  4  6.120  0.00   1
   106440  40.554806 -124.052661    21.950    15208.8      507.9      522.7     32.3     27.2     50.2 2021  9  4  5 13 46.140  0.00   1
   106496  40.593815 -124.106453    19.515    10649.4     4839.7    -1912.7      9.3     11.5     12.4 2021  8 27  1 44  5.160  0.00   1
   106497  40.592680 -124.106217    19.773    10669.5     4713.6    -1654.0     12.7     15.5     17.3 2021 11 30  0 51 56.760  0.00   1
   106499  40.593351 -124.106787    19.799    10621.2     4788.2    -1628.1     12.5     15.3     17.8 2022  1  8 11 15 11.920  0.00   1
   106609  40.614929 -123.839738    27.250    33228.9     7184.3     5823.1     22.4     11.3     24.4 2020  2 20 17 26 49.040  0.00   1
   106610  40.608492 -123.846948    27.455    32620.0     6469.5     6027.3     14.8     11.1     10.7 2020  7 17 16 58  8.720  0.00   1
   106612  40.605583 -123.845695    28.612    32726.9     6146.4     7184.3     19.8     14.8     18.4 2021 11 24  2 11 55.300  0.00   1
   106613  40.611194 -123.849235    27.629    32425.8     6769.5     6201.6     13.8      7.9      7.2 2022  5 21  1 58 58.180  0.00   1
   106614  40.503853 -124.415527    22.866   -15532.4    -5150.1     1439.0     10.7     26.4     34.2 2020  2 21 12  1 53.080  0.00   1
   106677  40.572624 -124.073291    19.772    13459.6     2486.5    -1655.5      9.8     14.7     12.6 2020  2 22  2  3 27.180  0.00   1
   106678  40.573218 -124.073633    20.065    13430.6     2552.5    -1361.8      6.9      6.2      7.0 2021  2 19 10 17 53.000  0.00   1
   106679  40.575924 -124.068384    19.591    13874.9     2852.9    -1835.9      7.5     12.4      9.9 2022  1 22 18 50  2.840  0.00   1
   106849  40.552161 -123.979476    21.350    21408.1      214.2      -77.1      7.4     14.2      8.0 2020  2 25 10 41 25.500  0.00   1
   106850  40.548116 -123.974666    21.477    21816.2     -235.0       50.0      9.6     12.3      7.5 2020  6 21 16  9 47.640  0.00   1
   106852  40.539807 -123.963818    21.458    22736.5    -1157.6       31.2     21.5     24.3     18.9 2021  6 16 14  0 25.980  0.00   1
   106853  40.548617 -123.974463    21.460    21833.3     -179.4       32.6     25.7     21.1     13.9 2021  6 17 11 40 36.000  0.00   1
   106855  40.550647 -123.975212    21.491    21769.6       46.1       63.4     11.8     16.8      7.3 2022  9 27  4 34 50.860  0.00   1
   106908  40.622530 -124.302490    19.931    -5949.2     8028.4    -1496.6      8.1      5.6      9.6 2021  4  2 11 45  2.260  0.00   1
   106909  40.623730 -124.298332    19.447    -5597.0     8161.7    -1979.8     13.3      9.3     11.0 2021  4  7  1 55 18.100  0.00   1
   106910  40.621436 -124.302799    20.181    -5975.4     7906.8    -1246.0      6.9      5.3     20.3 2021 10 17 14 20 53.460  0.00   1
   106916  40.623560 -124.297144    19.572    -5496.5     8142.7    -1855.6     11.9      7.5     10.1 2022  7 14  7 38  2.880  0.00   1
   106917  40.504187 -124.331665    18.931    -8426.5    -5113.1    -2495.3      9.9     11.5     16.5 2020  2 29  6 25 39.720  0.00   1
   106919  40.505562 -124.339111    18.361    -9057.3    -4960.4    -3066.6      8.3      7.9     12.9 2020  6 25 12 39 13.840  0.00   1
   106920  40.505302 -124.339746    18.281    -9111.1    -4989.3    -3146.5      9.5      8.7     15.6 2020  6 26 13 51 55.760  0.00   1
   106921  40.504944 -124.339437    18.300    -9084.9    -5029.0    -3127.3      8.8      8.6     13.9 2020  6 27  9  8 18.860  0.00   1
   106924  40.500423 -124.332715    18.827    -8515.6    -5531.0    -2600.0     13.2     10.8     16.0 2020  7 15 15 49 31.760  0.00   1
   106925  40.504891 -124.339421    18.302    -9083.6    -5034.9    -3125.3      8.7      8.6     13.7 2020  7 15  2 55 13.780  0.00   1
   106926  40.500326 -124.331657    19.024    -8426.0    -5541.9    -2403.0     14.8      8.0     10.1 2020  7 15  5  0 39.940  0.00   1
   106927  40.505005 -124.339551    18.388    -9094.6    -5022.3    -3039.4      8.9      8.4     13.4 2020  7 15 19 40 35.320  0.00   1
   106930  40.504903 -124.339608    18.373    -9099.4    -5033.6    -3054.6     10.9     10.5     14.6 2020  7 16 16  0 18.620  0.00   1
   106931  40.500216 -124.328467    19.540    -8155.7    -5554.1    -1887.3     23.1     16.3     29.1 2020  7 16 12 26  9.680  0.00   1
   106933  40.505172 -124.341007    18.761    -9218.0    -5003.7    -2665.8      8.7      9.7     11.1 2020 11 20 17 12 56.060  0.00   1
   106934  40.509896 -124.328963    18.299    -8197.2    -4479.1    -3128.3     10.7     12.1     15.4 2021  5 12 18 32 23.080  0.00   1
   106937  40.510323 -124.327946    18.535    -8111.0    -4431.7    -2892.4     10.7     11.3     13.0 2021  7 11  5  6 12.560  0.00   1
   106939  40.510421 -124.328524    18.503    -8159.9    -4420.8    -2924.6      9.0      9.9     13.3 2021  7 11  7 17 55.760  0.00   1
   106940  40.509005 -124.327441    18.784    -8068.3    -4578.1    -2643.4     10.7     11.7     12.0 2021  7 11  4 14 40.000  0.00   1
   106941  40.509172 -124.327726    18.752    -8092.4    -4559.6    -2675.0     10.9     12.1     13.4 2021  7 11  3 36 34.760  0.00   1
   106942  40.510229 -124.328215    18.501    -8133.7    -4442.1    -2926.6      8.8      9.6     13.3 2021  7 11  2 14  1.880  0.00   1
   106943  40.508830 -124.327035    18.765    -8033.8    -4597.5    -2662.5     10.2     11.3     10.8 2021  7 11  7 49 35.560  0.00   1
   106944  40.509049 -124.327498    18.760    -8073.1    -4573.1    -2667.0     10.8     11.8     12.9 2021  7 12  6 52 59.100  0.00   1
   106945  40.510136 -124.328190    18.600    -8131.7    -4452.5    -2827.4     11.8     12.0     10.3 2021  7 12  7 38 34.800  0.00   1
   106947  40.510335 -124.328084    18.497    -8122.7    -4430.3    -2930.6     11.7     12.3     13.7 2021  7 12  6 52  5.820  0.00   1
   106948  40.509550 -124.327214    18.591    -8048.9    -4517.5    -2836.0      8.3      9.4     10.2 2021  7 12  6 57 12.740  0.00   1
   106949  40.510156 -124.328166    18.618    -8129.6    -4450.2    -2809.3     11.1     11.4     10.5 2021  7 12  6 51 15.180  0.00   1
   106950  40.510111 -124.328109    18.627    -8124.8    -4455.2    -2800.2     10.8     11.1     10.1 2021  7 12 22 18 34.740  0.00   1
   106951  40.510356 -124.327832    18.500    -8101.3    -4428.1    -2927.1     10.4     11.0     12.9 2021  7 12  8 58 54.960  0.00   1
   106952  40.510339 -124.328084    18.503    -8122.7    -4429.9    -2924.0     11.7     12.4     13.6 2021  7 12  8 46 32.680  0.00   1
   106953  40.509167 -124.326994    18.624    -8030.3    -4560.0    -2802.8     10.3      9.4     14.9 2021  7 12  6 48 36.980  0.00   1
   106954  40.509981 -124.327840    18.610    -8102.0    -4469.6    -2816.9     10.6     10.8      9.7 2021  7 12  6 58 19.680  0.00   1
   106959  40.509375 -124.326172    18.643    -7960.7    -4537.0    -2784.6     13.4     11.4     11.4 2021  7 12 15 18 57.120  0.00   1
   106960  40.508911 -124.327376    18.714    -8062.8    -4588.5    -2712.8     11.4     12.6     13.7 2021  7 12 12 15  8.320  0.00   1
   106961  40.509151 -124.327580    18.782    -8080.0    -4561.8    -2645.2     10.7     11.6     10.5 2021  7 12  7 42 57.140  0.00   1
   106962  40.508944 -124.327287    18.752    -8055.2    -4584.9    -2675.2     10.4     11.5     11.7 2021  7 12  8  3  8.480  0.00   1
   106964  40.508956 -124.327327    18.743    -8058.6    -4583.5    -2683.8     10.9     11.8     14.1 2021  7 12  5 33 43.540  0.00   1
   106965  40.508972 -124.327376    18.832    -8062.8    -4581.7    -2595.6     10.5     11.3      9.2 2021  7 12  8 56 41.260  0.00   1
   106967  40.510132 -124.327824    18.514    -8100.6    -4452.9    -2913.4     11.7     12.4     13.9 2021  7 13  3 34 41.120  0.00   1
   106968  40.508870 -124.328304    18.737    -8141.4    -4593.0    -2690.0     10.7     12.0     12.4 2021  7 13 11  0 10.880  0.00   1
   106970  40.508142 -124.324707    18.739    -7836.6    -4673.9    -2688.3     14.3     11.6      8.6 2021  7 15 17 56 38.860  0.00   1
   106971  40.508329 -124.324683    18.712    -7834.6    -4653.1    -2715.0     14.4     11.2      9.7 2021  7 24 15 17 23.680  0.00   1
   106974  40.510168 -124.330420    18.320    -8320.6    -4448.9    -3107.0      5.9      8.5     16.9 2021 12 20 23 45 33.300  0.00   1
   106975  40.502698 -124.336930    18.866    -8872.7    -5278.5    -2561.3     14.0     12.7     16.4 2021 12 20 21 54 42.040  0.00   1
   106977  40.513818 -124.327580    20.238    -8079.7    -4043.6    -1189.6     12.5     15.6     34.4 2021 12 21 12 29 57.320  0.00   1
   106978  40.500456 -124.334668    18.970    -8681.1    -5527.4    -2457.1     10.7     10.1     10.4 2021 12 22  7  9  8.260  0.00   1
   106979  40.503768 -124.333960    18.932    -8620.9    -5159.6    -2495.4      9.4     11.6     14.2 2021 12 22 17  4 29.540  0.00   1
   106983  40.504069 -124.336800    18.818    -8861.6    -5126.2    -2608.9     13.3     11.1     12.4 2021 12 23 19 43 35.140  0.00   1
   106984  40.507096 -124.331917    18.050    -8447.6    -4790.0    -3377.4     19.0     12.0     15.9 2021 12 23  6 28 39.440  0.00   1
   106986  40.510433 -124.328068    18.667    -8121.3    -4419.5    -2759.9      6.5      5.9     11.3 2021 12 25  0 41  6.140  0.00   1
   106988  40.508354 -124.327637    18.484    -8084.9    -4650.4    -2943.3     18.2     15.3     21.8 2021 12 31  7 30 11.740  0.00   1
   106989  40.503715 -124.343091    18.785    -9394.6    -5165.5    -2642.7     16.2     14.5     12.1 2022  1  2 19  6  3.500  0.00   1
   106990  40.506287 -124.329281    18.279    -8224.3    -4879.9    -3148.5     22.3     11.4     16.2 2022  1  2 18 43 27.640  0.00   1
   106991  40.504435 -124.333805    19.105    -8607.8    -5085.5    -2322.5     10.1     11.0     13.2 2022  1 29  0 56  4.940  0.00   1
   106992  40.505668 -124.332145    18.635    -8467.0    -4948.6    -2792.3     11.2     12.9     14.3 2022  2 20  7 55 33.920  0.00   1
   106993  40.508781 -124.328003    19.254    -8115.9    -4602.9    -2173.6     10.9      8.3     16.1 2022  4 11  8 48 35.180  0.00   1
   106995  40.509611 -124.325911    18.546    -7938.6    -4510.8    -2881.7     11.6      8.7     10.4 2022  5 14  5 11 24.580  0.00   1
   106996  40.510819 -124.330151    18.267    -8297.8    -4376.6    -3160.3      5.5      9.5     18.5 2022  5 21 19  6 31.100  0.00   1
   106997  40.506938 -124.322925    18.681    -7685.7    -4807.6    -2746.6     18.8      7.4     12.4 2022  7 18  4 14 31.760  0.00   1
   107286  40.595732 -124.032625    23.796    16900.7     5052.5     2369.1     40.4     17.9     17.2 2020  4 12 17 13 25.640  0.00   1
   107287  40.591838 -124.019938    23.026    17975.6     4620.1     1598.9     16.2      9.4     13.5 2020  4 18 11  7 43.200  0.00   1
   107288  40.594877 -124.014917    23.126    18400.3     4957.6     1698.7     12.9     12.9     10.0 2020 11 20  1 42 41.040  0.00   1
   107289  40.594145 -124.017114    23.233    18214.4     4876.3     1806.1     15.0     13.7      9.8 2020 11 20  1 23 58.260  0.00   1
   107290  40.594397 -124.014893    23.128    18402.5     4904.3     1700.9     17.9     11.1     10.7 2020 11 20  1 20 56.960  0.00   1
   107291  40.593742 -124.014925    23.339    18399.8     4831.6     1912.2     12.0     13.2      8.3 2020 11 20  7  8 23.000  0.00   1
   107292  40.597888 -124.000863    22.873    19590.0     5292.0     1445.8     20.9     13.8     15.1 2021 11 14 17  4  4.680  0.00   1
   107293  40.595329 -124.012744    22.375    18584.3     5007.8      947.7     14.3      7.6     15.2 2021 12  5 10 31 19.440  0.00   1
   107297  40.590458 -123.996647    23.854    19948.0     4466.9     2426.3     43.8      9.8      8.5 2022  1 27  3  6  7.800  0.00   1
   107337  40.507601 -124.425260    23.325   -16356.7    -4734.0     1897.9     28.3     37.0     43.7 2020  3  7  9 53 50.140  0.00   1
   107338  40.486751 -124.453800    26.426   -18777.8    -7049.2     4998.5     14.3      6.8     18.2 2020  9 23 15 27 24.660  0.00   1
   107341  40.502669 -124.431559    25.502   -16891.0    -5281.6     4074.3     22.0      9.2     24.5 2022  5  3 13  8 48.100  0.00   1
   107359  40.528560 -124.382406    25.207   -12723.6    -2406.5     3780.0     11.7     14.2     24.2 2021 12 20 22 54  5.520  0.00   1
   107361  40.525651 -124.403337    22.957   -14497.1    -2729.6     1529.6     24.4     16.6     37.2 2021 12 20 21 57 14.080  0.00   1
   107370  40.474630 -124.534766    27.311   -25641.5    -8395.3     5884.1     21.1     28.4     40.2 2021 11 16  4 40 39.460  0.00   1
   107371  40.469816 -124.532186    23.773   -25423.7    -8929.8     2345.7     12.6     22.4     17.1 2022  4  3 19 28  4.080  0.00   1
   107574  40.462687 -124.428695    19.499   -16653.2    -9721.4    -1928.0     35.4     28.3     38.6 2020  3 11 22 47 36.760  0.00   1
   107579  40.472384 -124.429085    19.861   -16685.1    -8644.7    -1566.1     10.0      8.3     13.8 2021  9 21 12 24 42.300  0.00   1
   107580  40.471810 -124.430688    19.479   -16821.1    -8708.4    -1948.3      8.5      8.3     10.7 2021 10 16  2 20 43.560  0.00   1
   107582  40.483386 -124.436572    18.870   -17318.3    -7422.9    -2557.4     12.5     19.0     24.5 2022  2  5  7 43 32.760  0.00   1
   107583  40.472327 -124.429069    19.674   -16683.8    -8651.0    -1753.1     10.2     10.1     16.6 2022  2 19 19 28 29.060  0.00   1
   107584  40.468665 -124.427474    19.770   -16549.0    -9057.7    -1657.2      9.5      9.5     11.5 2022  2 21 15 20 50.320  0.00   1
   107585  40.468713 -124.427523    19.775   -16553.2    -9052.3    -1652.2      9.4      9.2     11.0 2022  3  8 13 52  8.680  0.00   1
   107586  40.472148 -124.429476    19.891   -16718.3    -8670.9    -1536.0     10.3      7.5      8.0 2022  3 17  5 45 51.800  0.00   1
   107609  40.571082 -123.956567    21.205    23345.3     2315.3     -222.0     14.3     16.4     14.3 2021 12 25 22 49 23.520  0.00   1
   107620  40.515312 -124.473275    27.843   -20423.8    -3877.7     6416.2     36.5     40.0     22.5 2020  3 20 11 54 38.000  0.00   1
   107621  40.502124 -124.505713    26.536   -23174.5    -5342.2     5108.3     13.3     13.3     22.2 2020  3 20 22 28 21.200  0.00   1
   107622  40.505750 -124.505363    26.713   -23144.2    -4939.6     5285.6     19.2     18.1     19.7 2020  3 21 20 18  7.640  0.00   1
   107623  40.505212 -124.505184    26.693   -23129.1    -4999.2     5265.8     19.5     17.5     19.5 2020  3 21 19  0  1.520  0.00   1
   107626  40.499097 -124.500887    26.695   -22766.1    -5678.3     5267.9     17.2     21.4     31.5 2020  4 18 11  0 19.100  0.00   1
   107627  40.498645 -124.512476    27.710   -23748.1    -5728.5     6282.4     25.4     17.4     21.6 2020  4 29 15  5 11.240  0.00   1
   107635  40.499858 -124.503459    27.240   -22983.9    -5593.8     5812.8     12.8     15.6     18.1 2021  6 23  5 14 47.320  0.00   1
   107636  40.503227 -124.504061    27.015   -23034.3    -5219.7     5587.4     11.9     13.4     18.4 2021  6 27 15 30 22.300  0.00   1
   107638  40.508049 -124.507438    26.499   -23319.6    -4684.3     5071.4     22.4     26.4     35.6 2021  8 29 17 32  5.980  0.00   1
   107639  40.500842 -124.504378    27.496   -23061.6    -5484.5     6068.6     11.4     13.8     19.1 2021  9  1  5  5 36.660  0.00   1
   107641  40.501770 -124.504045    27.350   -23033.2    -5381.5     5922.7     12.2     13.5     18.4 2021 10  7 19  8 24.060  0.00   1
   107644  40.494112 -124.506746    27.616   -23263.4    -6231.8     6188.9     19.2     22.1     31.6 2021 10 30 23 40 23.100  0.00   1
   107645  40.499215 -124.498568    27.500   -22569.5    -5665.2     6073.0     20.0     20.4     19.3 2021 11 20  8 44 57.940  0.00   1
   107648  40.502991 -124.496509    27.981   -22394.4    -5245.9     6553.6     16.7     20.0     28.6 2021 12 18  8 55  3.900  0.00   1
   107651  40.505648 -124.489388    26.371   -21790.6    -4950.9     4943.5     21.9     23.0     22.5 2022  1 12 11 34 59.600  0.00   1
   107654  40.491882 -124.504655    27.232   -23086.6    -6479.5     5804.9     16.4     30.1     34.2 2022  4 13 23 57 43.640  0.00   1
   107655  40.498043 -124.492977    25.566   -22096.0    -5795.4     4139.1     26.5     32.7     48.2 2022  7 29 16 38  2.820  0.00   1
   107656  40.487874 -124.503434    28.152   -22983.8    -6924.5     6724.9     28.6     33.7     25.0 2022  8 10  2 25 35.080  0.00   1
   107657  40.489478 -124.498796    27.989   -22590.5    -6746.5     6561.8     19.9     33.7     21.8 2022  8 23  6 57 35.860  0.00   1
   107661  40.494971 -124.518791    26.363   -24283.9    -6136.5     4935.5     22.6     28.8     25.3 2022 10 16 17  6 16.580  0.00   1
   107662  40.494287 -124.510612    27.345   -23591.0    -6212.4     5917.8     14.9     21.5     21.9 2022 10 16 21 31  2.740  0.00   1
   107663  40.495223 -124.510164    27.340   -23552.9    -6108.5     5913.2     14.3     19.7     21.6 2022 10 16 17  0 17.060  0.00   1
   107664  40.523779 -124.389510    23.659   -13325.9    -2937.4     2231.8      7.6      2.4      2.1 2020  3 13 19 20 41.280  0.00   1
   107680  40.563163 -124.014307    22.732    18456.4     1436.0     1305.1     12.2     22.0     14.5 2020  4 27  3 46 18.440  0.00   1
   107683  40.562447 -124.013566    22.597    18519.2     1356.4     1169.4     13.1      5.6      9.2 2020 11 11 11 22 54.400  0.00   1
   107687  40.561487 -123.999357    22.129    19722.8     1249.8      701.9     16.0      7.0     11.9 2021 12 25 23  5 26.280  0.00   1
   107808  40.546366 -124.196997    27.181     2983.5     -429.3     5753.6      9.8     12.0     18.1 2020  3 18 22 58 40.420  0.00   1
   107818  40.465495 -123.821143    23.229    34841.8    -9409.7     1801.9     11.4     15.0     12.4 2021  1 21 21  8 56.860  0.00   1
   107819  40.465377 -123.819840    23.239    34952.2    -9422.8     1811.5     10.8     13.5     12.8 2021  1 24 19 45 59.820  0.00   1
   107820  40.467220 -123.820964    23.084    34856.6    -9218.1     1656.3      7.4     11.8     14.0 2022  1 24 23 34 18.900  0.00   1
   107822  40.492598 -123.830452    24.894    34045.9    -6399.9     3467.0     27.3     39.9     23.2 2022  9 20 16  0 37.520  0.00   1
   107823  40.469690 -123.822917    23.172    34690.4    -8943.8     1744.9      5.6      7.7     13.1 2022 11 20 17  4 54.300  0.00   1
   107825  40.514827 -124.418758    20.255   -15804.9    -3931.5    -1172.4     24.8     29.8     38.0 2020  3 18 23 32 29.300  0.00   1
   107844  40.621777 -124.311117    19.746    -6679.5     7944.8    -1681.5      6.8      2.6     11.0 2020  3 18  4 40 58.500  0.00   1
   107847  40.622111 -124.306128    21.282    -6257.1     7981.8     -145.6      8.6      2.8     13.9 2022  1 23 16 30 25.180  0.00   1
   107849  40.621802 -124.311963    19.443    -6751.1     7947.5    -1984.5      7.1      1.5     14.9 2022 10 21 10 46 28.380  0.00   1
   107887  40.582133 -124.428158    23.080   -16593.0     3542.5     1652.9     17.8     15.9     13.5 2020  7 13 13  8 40.060  0.00   1
   107888  40.580054 -124.432747    23.378   -16982.0     3311.6     1951.0     18.4     17.0     19.8 2020  8 15  3 41 44.920  0.00   1
   107890  40.580343 -124.432772    23.317   -16984.0     3343.7     1890.2     17.2     16.6     18.7 2021  8  9 17  8 53.000  0.00   1
   107891  40.584591 -124.430672    23.892   -16805.7     3815.4     2465.0     22.3     17.3     21.2 2021  8 11  0 58 47.400  0.00   1
   107895  40.577767 -124.435718    22.864   -17233.8     3057.6     1436.5     22.1     21.6     36.7 2022  9  4 19 13 25.340  0.00   1
   107928  40.583264 -124.427205    23.155   -16512.2     3668.1     1727.3      8.2      7.0      8.5 2020  7 22  0 55 19.100  0.00   1
   107930  40.612736 -124.434969    22.968   -17165.9     6940.8     1540.3     12.1      9.0     11.2 2021 12 13  1 46 42.200  0.00   1
   107964  40.535645 -124.398649    18.054   -14099.0    -1619.9    -3373.4     24.6     17.7     24.2 2021 11 14  0  8  4.400  0.00   1
   107965  40.527043 -124.394678    18.942   -13763.4    -2575.1    -2485.0     35.5     22.6     36.7 2021 12 21 22 13 12.300  0.00   1
   107971  40.531038 -124.405640    16.923   -14691.7    -2131.4    -4504.4     23.6     20.3     31.3 2022 10  9 19  5  2.280  0.00   1
   107978  40.532979 -124.424341    28.334   -16275.7    -1915.8     6906.6     24.2     18.7     21.7 2021  4 15  8 56 41.520  0.00   1
   107980  40.526782 -124.424731    26.858   -16309.6    -2604.0     5430.5     13.4     12.7     10.7 2021  8  4 18 58 46.060  0.00   1
   107981  40.529191 -124.419352    26.814   -15853.6    -2336.5     5386.7     20.0     16.1     29.0 2021  8 21 16 23 33.700  0.00   1
   107983  40.523966 -124.433447    26.136   -17048.3    -2916.7     4708.6     10.9      8.9     12.9 2021 11  3  7 32 49.840  0.00   1
   107984  40.517757 -124.428898    26.827   -16663.7    -3606.2     5399.4     19.4     18.3     32.4 2021 12  3 10 42 13.240  0.00   1
   107988  40.529093 -124.420052    26.541   -15912.9    -2347.3     5113.8     16.5     10.1     19.0 2022  2 13 11 20 53.200  0.00   1
   107989  40.518262 -124.423657    27.080   -16219.6    -3550.1     5653.1     18.8     27.6     10.7 2022  4 26 22 35 44.360  0.00   1
   107990  40.527983 -124.423405    26.658   -16197.0    -2470.7     5230.5     16.8     16.3      7.4 2022  8 18  8 41 53.440  0.00   1
   107991  40.531335 -124.426375    26.289   -16448.3    -2098.4     4861.8     11.0     10.5     14.4 2022 11  8  8 40 30.120  0.00   1
   107992  40.526298 -123.988452    20.731    20651.8    -2657.8     -696.6     25.9     19.3     17.6 2020  3 19 15 51  1.740  0.00   1
   107998  40.518209 -123.978361    20.909    21508.0    -3556.0     -518.6     16.5     27.1     13.2 2022  1 22 10 34 20.100  0.00   1
   107999  40.518652 -123.980713    20.906    21308.6    -3506.8     -521.1     13.2     27.3      9.9 2022  2 15  1 12 31.400  0.00   1
   108057  40.468530 -124.442008    22.501   -17780.9    -9072.6     1073.3     17.3     20.4     20.8 2021 12  5 19 24 48.900  0.00   1
   108061  40.469470 -124.450545    21.347   -18504.3    -8968.2      -80.5     14.2     12.7     14.5 2022  9 23 15 56 33.080  0.00   1
   108062  40.467851 -124.431486    20.849   -16889.2    -9148.1     -578.7     14.4     15.9     18.9 2022  9 28 23  9 12.340  0.00   1
   108063  40.581498 -124.355542    27.788   -10443.6     3472.0     6360.5     11.8     16.0     28.7 2020  3 20  8 49 18.520  0.00   1
   108064  40.581120 -124.347428    27.823    -9756.6     3430.0     6395.3     15.6     10.6     18.4 2021 10 17  9 59  8.260  0.00   1
   108067  40.538599 -124.404663    28.190   -14608.1    -1291.8     6762.6     13.8     10.6     14.5 2021 11  3 11  8 47.100  0.00   1
   108068  40.536882 -124.405046    28.310   -14640.7    -1482.5     6883.0      9.7      9.2     10.7 2021 11  3  4 10 39.340  0.00   1
   108070  40.535950 -124.410474    28.294   -15100.6    -1586.0     6866.3     13.8      9.6     13.0 2021 12 20 21 58 50.200  0.00   1
   108071  40.535811 -124.411393    28.925   -15178.5    -1601.3     7497.6     17.0     13.8     10.8 2022  1  6 19 21 44.640  0.00   1
   108073  40.616854 -123.950090    22.342    23885.8     7398.1      914.6     11.4      8.8      7.2 2020  9 26  5 11 46.240  0.00   1
   108076  40.612122 -123.944824    22.029    24332.4     6872.6      601.8     11.7     13.6      6.7 2021 10 28  3 17 37.200  0.00   1
   108082  40.613017 -123.943628    21.532    24433.6     6972.0      105.1     10.8     10.2     15.6 2022  4 23 20  0 10.440  0.00   1
   108083  40.621460 -123.946794    21.838    24164.0     7909.5      410.7     18.5     14.5     16.9 2022  6 17 14 38  4.080  0.00   1
   108103  40.555452 -124.256128    23.003    -2025.2      579.7     1576.0     13.0     16.8     16.5 2020  3 24  7  2 14.780  0.00   1
   108105  40.550981 -124.246118    22.734    -1177.4       83.1     1306.5     14.4     10.3     14.4 2020 11 21  0 51 45.000  0.00   1
   108108  40.553451 -124.248234    22.163    -1356.6      357.4      736.1     21.6     14.7     30.7 2022 11 11 23  8  9.040  0.00   1
   108253  40.746440 -123.837866    20.918    33354.8    21788.0     -509.2     25.5     20.0     17.6 2020  3 28 12 19 52.180  0.00   1
   108254  40.748714 -123.837061    20.312    33422.4    22040.5    -1115.2     11.7     11.4     15.7 2020  9 14 17 47 56.900  0.00   1
   108256  40.479687 -124.458903    18.547   -19211.2    -7833.6    -2880.3      7.9     12.6     16.1 2020  3 29  2 10 37.820  0.00   1
   108258  40.476147 -124.458781    19.431   -19201.4    -8226.7    -1996.6      7.8      4.0      7.5 2021 10  3  5 55  4.840  0.00   1
   108259  40.477625 -124.457796    19.360   -19117.7    -8062.7    -2067.3      8.5      4.7      6.0 2021 11 19  6 49 32.480  0.00   1
   108344  40.525724 -124.400106    17.951   -14223.4    -2721.5    -3476.1     26.7     23.0     43.4 2022  6  5 23 40 24.620  0.00   1
   108357  40.570276 -124.099935    23.156    11203.4     2225.8     1729.0     13.8     21.1     23.9 2021  2 21 19 35 38.660  0.00   1
   108358  40.570959 -124.089884    22.660    12054.5     2301.7     1232.9     20.6     18.9     17.4 2021 10 31 11 18 33.720  0.00   1
   108359  40.570386 -124.104671    23.138    10802.2     2238.0     1710.8     13.2     23.9     22.6 2022  2  6  9 49 13.780  0.00   1
   108413  40.478613 -124.498617    23.737   -22577.1    -7952.9     2310.1     14.2     28.6     20.3 2020  4 13  9 58 32.960  0.00   1
   108414  40.458191 -124.510579    23.891   -23594.5   -10220.7     2464.0     24.2     33.7     16.8 2020  8 28 23 50 45.120  0.00   1
   108415  40.462463 -124.507568    24.616   -23338.6    -9746.3     3188.6     12.5     17.2     32.1 2020  9 24 22 17 36.960  0.00   1
   108416  40.459290 -124.504053    27.430   -23041.1   -10098.7     6002.4     23.3     17.1     29.8 2021  2  3  1 21 28.060  0.00   1
   108422  40.477718 -124.509619    23.838   -23509.7    -8052.3     2410.4     24.4     31.6     22.0 2021 11 29 21 27 26.620  0.00   1
   108424  40.466150 -124.503809    26.206   -23019.2    -9336.9     4779.1     14.4     20.5     24.8 2022  2 13  8 54 23.040  0.00   1
   108430  40.455623 -124.509115    23.883   -23470.8   -10505.8     2456.0     18.1     23.5     17.4 2022 11 14 21 27 40.840  0.00   1
   108464  40.605172 -124.093994    18.945    11703.5     6100.8    -2481.9     14.2     18.2     15.9 2022  1 22 11 10 16.600  0.00   1
   108465  40.609212 -124.102694    17.294    10966.5     6549.5    -4133.3     23.9     14.2     35.9 2022  1 29  6 14 29.780  0.00   1
   108466  40.585636 -124.304142    20.971    -6090.7     3931.5     -456.7     42.0     32.0     54.7 2020  4 19 16 21  7.220  0.00   1
   108475  40.500517 -124.431006    25.531   -16844.4    -5520.6     4104.0     13.5     17.6     16.8 2020  8 21 16 41  2.020  0.00   1
   108479  40.501331 -124.429517    22.921   -16718.1    -5430.3     1494.0     21.5     21.6     16.3 2021  9 26  7 21 14.820  0.00   1
   108490  40.635465 -124.001945    24.763    19492.9     9464.8     3335.7      9.4      6.8     11.6 2020  4 19  6 45 57.780  0.00   1
   108491  40.511580 -124.348324    17.557    -9837.4    -4292.1    -3870.6     15.6     18.0     19.2 2020  4 21 11 21 54.140  0.00   1
   108492  40.508476 -124.335376    19.090    -8740.6    -4636.8    -2336.8      4.7      3.4      8.6 2020  6 19  5 30 29.960  0.00   1
   108493  40.510079 -124.336206    19.041    -8810.8    -4458.8    -2386.0     11.1      8.7     11.0 2021  3 12  1 30 38.560  0.00   1
   108494  40.509330 -124.333927    19.098    -8617.8    -4541.9    -2329.0      9.6      5.7      9.0 2021  6 14 22 35  4.460  0.00   1
   108495  40.510168 -124.330648    19.504    -8339.9    -4448.9    -1923.5     10.2      6.6     13.5 2021  6 14 21 36  2.260  0.00   1
   108496  40.510413 -124.331470    19.446    -8409.5    -4421.8    -1981.4      8.4      8.0     11.4 2021  6 14 21 44 45.960  0.00   1
   108497  40.509440 -124.334106    19.095    -8633.0    -4529.7    -2331.9      9.3      5.0      9.6 2021  6 15  9 44 20.640  0.00   1
   108498  40.510474 -124.333927    19.047    -8617.8    -4415.0    -2380.2      8.4      7.0      9.4 2021  6 15  8 53  6.160  0.00   1
   108499  40.510937 -124.334432    18.913    -8660.5    -4363.5    -2514.6      7.7      6.8      9.1 2021  6 15  9 30  2.180  0.00   1
   108500  40.510795 -124.334245    19.009    -8644.6    -4379.3    -2418.7      9.3      7.8     11.3 2021  6 15  9 15  5.520  0.00   1
   108501  40.509310 -124.335384    19.065    -8741.3    -4544.2    -2362.7      4.7      7.5      7.5 2021 12 11  4 20 38.740  0.00   1
   108566  40.642684 -124.066561    23.393    14022.3    10266.4     1966.2      9.4      5.5      3.0 2020  5  5 15 41 19.740  0.00   1
   108569  40.505469 -124.489282    23.874   -21781.7    -4970.7     2447.1     18.1     18.0     17.6 2020  5  6  2 15 26.660  0.00   1
   108570  40.505001 -124.491374    23.484   -21959.0    -5022.7     2057.1     11.9     13.9     24.6 2021  7 27  7 34 24.040  0.00   1
   108571  40.606376 -124.091699    17.806    11897.7     6234.6    -3620.9      9.3     12.7     12.9 2020  5  9 23 48 21.420  0.00   1
   108578  40.492029 -124.505705    15.531   -23175.5    -6463.2    -5895.9     12.6      7.5      7.1 2022  3 19 17 38 45.720  0.00   1
   108600  40.553113 -124.254818    24.621    -1914.2      319.9     3193.8     10.0      6.2     19.7 2020  8  8  3  7 36.200  0.00   1
   108601  40.547884 -124.259937    26.223    -2347.9     -260.7     4796.1     16.1     10.6     22.0 2021  7 18  8 37 44.140  0.00   1
   108604  40.549487 -124.249023    23.715    -1423.5      -82.7     2287.9     20.8      8.3      5.8 2022  6 14  4 29 40.760  0.00   1
   108605  40.551396 -124.244116    23.361    -1007.8      129.2     1933.3     16.9      7.9     25.7 2022  6 29  2 18 33.580  0.00   1
   108609  40.530900 -124.348674    18.332    -9865.7    -2146.7    -3095.1     12.1      7.5     13.1 2020  5 21  5 49 36.720  0.00   1
   108610  40.531055 -124.348820    18.346    -9878.1    -2129.5    -3081.6     11.6      7.2     12.9 2020  5 21  6  0 18.060  0.00   1
   108611  40.539128 -124.347786    17.498    -9789.9    -1233.1    -3929.4      6.0      3.2      5.4 2020  5 21  5 49 32.040  0.00   1
   108616  40.527759 -124.431234    16.908   -16860.3    -2495.5    -4519.2     37.5     20.0     53.3 2020  5 27 17 28 46.460  0.00   1
   108617  40.520772 -124.380208    18.801   -12538.2    -3271.4    -2626.6     29.3     34.9     52.3 2021 12 21  9 14 12.320  0.00   1
   108618  40.522262 -124.413175    18.963   -15331.1    -3106.0    -2464.2     14.6      6.5     21.4 2020  5 29  3 10 10.980  0.00   1
   108624  40.529643 -124.337923    19.642    -8955.0    -2286.3    -1784.8     11.0     19.6     15.4 2020  6  1 23 58 17.820  0.00   1
   108625  40.527177 -124.318001    20.783    -7267.4    -2560.2     -643.9     14.3     12.5     13.9 2020  6 24  4 56 53.760  0.00   1
   108626  40.527124 -124.318107    20.834    -7276.4    -2566.0     -593.3     14.1     12.4     13.3 2020  6 25 13  0 35.620  0.00   1
   108655  40.575867 -124.182967    18.427     4171.0     2846.6    -3000.1     15.1     13.1     19.6 2021 10 12  3 27 25.740  0.00   1
   108724  40.620618 -123.933594    21.254    25281.7     7816.0     -173.5     18.2     16.4     19.0 2020  6 14 11 45 45.620  0.00   1
   108732  40.602039 -123.919539    22.665    26475.2     5752.9     1238.0     12.7     21.9     13.8 2022 10 13 19 35 55.660  0.00   1
   108757  40.543091 -124.055037    19.822    15008.8     -793.0    -1604.9      8.9      8.7      8.4 2020  6 14 14 58 40.620  0.00   1
   108758  40.541089 -124.056437    19.891    14890.5    -1015.3    -1535.9      9.7      7.7      9.7 2021  3  4 22 22 58.560  0.00   1
   108759  40.528292 -124.029801    20.908    17148.4    -2436.3     -519.0     21.6     31.2      8.3 2022  2 22 19 27 13.320  0.00   1
   108760  40.541687 -124.049455    19.856    15481.9     -948.9    -1571.2     17.2     12.3      9.4 2022  3 14  4  0 41.420  0.00   1
   108761  40.541532 -124.052067    19.913    15260.6     -966.0    -1514.5      9.7     11.2     10.8 2022  4  7 13 29 19.080  0.00   1
   108768  40.610449 -124.083919    18.573    12556.0     6686.9    -2854.7      6.9      3.0      6.7 2020 12 14 11 30 35.940  0.00   1
   108775  40.488249 -123.868612    20.720    30813.3    -6883.0     -707.2      9.9     12.3     14.7 2021  3 12  6 12 15.860  0.00   1
   108778  40.520378 -123.912484    20.987    27089.0    -3315.2     -440.3      9.5      8.4     11.7 2021 10  5  6 18 43.140  0.00   1
   108780  40.521049 -123.911507    20.833    27171.6    -3240.6     -594.3      9.8      8.3     10.8 2021 10  6 16 45 29.740  0.00   1
   108782  40.521082 -123.911686    20.849    27156.4    -3237.0     -578.3     10.5     11.0     10.9 2021 10  6 17 13 28.040  0.00   1
   108784  40.526156 -123.914746    20.836    26896.1    -2673.6     -591.0     13.1     16.6      8.1 2021 10  6 18 40 27.620  0.00   1
   108785  40.520219 -123.911914    20.886    27137.3    -3332.8     -541.6     10.2     10.1     12.4 2021 10  6 19 49 19.280  0.00   1
   108789  40.522021 -123.912288    21.248    27105.2    -3132.6     -179.3      9.0      8.4      9.0 2021 10  6 11 42 23.740  0.00   1
   108794  40.520878 -123.911304    20.845    27188.8    -3259.6     -582.7      9.6      8.7     11.0 2021 10  9 19 44 44.220  0.00   1
   108797  40.516361 -123.905396    21.305    27690.3    -3761.2     -122.0     18.0     19.8     11.2 2021 10 10 14 55 46.020  0.00   1
   108839  40.501465 -124.435791    23.494   -17249.8    -5415.4     2067.0     14.9     11.1      6.3 2021  4  7 10 38 50.740  0.00   1
   108840  40.496375 -124.436963    23.648   -17349.7    -5980.6     2221.2     14.1     13.8      5.9 2021 11  7  2 42 54.760  0.00   1
   108860  40.633516 -123.930819    21.646    25514.2     9248.4      218.4      9.7      3.5     10.1 2020  7  8 15  4 51.000  0.00   1
   108864  40.610042 -123.887142    22.953    29216.6     6641.7     1526.1     24.0     20.6     16.2 2020  7 12  6 10  9.180  0.00   1
   108865  40.612386 -123.887126    23.470    29217.5     6901.9     2042.7     23.4     20.0     22.4 2021  7 25  9 12 32.240  0.00   1
   108866  40.611869 -123.887752    22.911    29164.5     6844.5     1483.7     21.6     19.2     16.2 2022  9 20 20 35 29.800  0.00   1
   108897  40.602938 -124.119897    17.179     9510.4     5852.7    -4248.0     16.1     22.8     30.8 2020  7 21  9 58 36.880  0.00   1
   108901  40.603129 -124.097445    18.307    11411.5     5874.0    -3119.9     18.1     14.7      8.7 2020  7 28 10 54 20.520  0.00   1
   108918  40.646252 -124.022656    18.517    17738.2    10662.6    -2909.9     10.4      6.3     12.3 2020  8 14  7 59 14.720  0.00   1
   108919  40.645642 -124.018351    18.875    18102.7    10594.9    -2552.7     15.2      9.1     15.8 2020  8 14  7 29 17.360  0.00   1
   108921  40.645630 -124.022949    18.277    17713.5    10593.5    -3150.7     14.3     10.2     17.2 2021 11 16 18 50  1.700  0.00   1
   108922  40.593380 -124.116740    19.576     9778.4     4791.4    -1851.3     17.1     17.7     22.1 2020  8 17 22 44  9.820  0.00   1
   108923  40.592997 -124.116691    19.679     9782.6     4748.9    -1748.1     13.6     16.9     19.0 2020  8 17 22 37  2.940  0.00   1
   108925  40.604496 -124.105762    20.533    10707.2     6025.8     -894.4     12.9     11.7     16.4 2021  6 29  5 32 28.020  0.00   1
   108926  40.597982 -124.119963    20.661     9505.2     5302.4     -766.5      5.3     10.2     12.4 2021  9  2  7  3 32.740  0.00   1
   108956  40.535779 -124.241585    18.998     -793.5    -1605.0    -2429.3      6.3     11.5     20.3 2020  8 19  9 20 36.680  0.00   1
   108957  40.530469 -124.250724    18.989    -1567.8    -2194.6    -2438.6     10.4     11.9     15.1 2021  7 30  7  1 16.480  0.00   1
   108959  40.533993 -124.245955    18.937    -1163.7    -1803.3    -2490.7      7.9      7.7     13.9 2022  9 20 20 46 19.020  0.00   1
   108974  40.610075 -124.211401    24.341     1762.5     6645.3     2913.5     22.9     25.7     34.7 2021  6  2  8  1  4.060  0.00   1
   108976  40.604191 -124.244946    23.524    -1077.7     5991.9     2097.0     28.0      9.6     20.1 2021  8  2  1 42 32.520  0.00   1
   108977  40.621358 -124.213680    25.548     1569.5     7898.2     4121.2     14.1     30.4     24.5 2021  9 27 13 54 30.160  0.00   1
   108978  40.608993 -124.222005    25.089      864.7     6525.1     3661.8     12.5     23.1     22.8 2021 11 19  5 14  6.980  0.00   1
   108988  40.602389 -124.055705    22.910    14945.7     5791.7     1483.1     20.7     16.8     23.5 2021  9 19  2 30 15.040  0.00   1
   108995  40.562663 -123.934424    22.149    25222.2     1380.4      721.5      9.0     10.6      9.9 2020  9  7  3  4 36.280  0.00   1
   108998  40.565165 -123.935457    21.456    25134.2     1658.3       29.0     26.2     24.8     27.5 2020 11 23  2 17 29.880  0.00   1
   108999  40.562179 -123.944938    21.722    24331.8     1326.6      295.1     30.9     20.8     16.3 2020 11 23  2 27  1.080  0.00   1
   109001  40.563603 -123.933659    21.910    25286.8     1484.8      482.3     11.7     11.8     11.5 2021  4 25  2 44 15.560  0.00   1
   109003  40.544548 -123.914941    23.289    26875.9     -631.2     1862.0     37.5     38.6      6.3 2021  9 25  7 21 32.760  0.00   1
   109005  40.563481 -123.933936    21.992    25263.4     1471.2      565.1     11.2     12.7     11.5 2022  1 19 16 50 43.900  0.00   1
   109006  40.564535 -123.933008    22.035    25341.8     1588.2      607.3      8.0     13.7     10.9 2022  1 23  4 17 44.580  0.00   1
   109007  40.560303 -123.931689    22.312    25454.3     1118.3      884.6     14.2      8.6     12.7 2022  1 23 13 55 42.740  0.00   1
   109008  40.562008 -123.935319    23.389    25146.5     1307.6     1961.3     23.0     17.0      7.2 2022  5 17 14 52 29.660  0.00   1
   109027  40.521655 -123.897591    19.948    28350.5    -3173.3    -1479.2     12.9      8.4      7.7 2020  9 12  9 10  3.360  0.00   1
   109029  40.529065 -123.900179    23.454    28129.7    -2350.5     2026.6     12.0     23.2     15.6 2021 10 21 16 23 18.500  0.00   1
   109031  40.527323 -123.905452    20.408    27683.3    -2543.9    -1019.5     19.7     14.6      9.7 2022  9 21 22  2  0.300  0.00   1
   109034  40.606714 -123.921997    25.073    26266.2     6272.1     3645.3     15.1     12.8     11.4 2021 10 16  0 56 17.260  0.00   1
   109035  40.606213 -123.916496    24.962    26732.1     6216.5     3534.9      6.6      7.3      5.6 2022  4  7  7 43 59.660  0.00   1
   109037  40.599255 -124.116951    18.524     9760.1     5443.8    -2903.1      5.8      6.9      8.6 2021  8 28 10 22 15.280  0.00   1
   109040  40.535592 -124.046834    19.953    15704.6    -1625.7    -1473.9     14.6      8.0      9.4 2021  5  4 20 49 28.940  0.00   1
   109042  40.536646 -124.050472    19.776    15396.3    -1508.7    -1651.7     11.1      8.6     10.3 2021 12 10 18 19  3.380  0.00   1
   109047  40.661153 -123.884570    28.677    29423.2    12317.3     7249.7     21.7     23.8     20.9 2022  7  7 10 16 42.560  0.00   1
   109051  40.588590 -124.075236    22.149    13293.3     4259.5      722.2      7.1      7.4     10.4 2022 10 22  1 32  8.620  0.00   1
   109052  40.612415 -124.076001    17.928    13226.2     6905.1    -3499.3     27.4      9.6     32.1 2020  9 18  1 49 50.060  0.00   1
   109054  40.622685 -124.058504    18.162    14706.5     8045.5    -3265.3     35.5     25.5     45.5 2021  8  3  7 25 29.060  0.00   1
   109057  40.620105 -124.078092    17.354    13048.4     7759.1    -4073.3     12.6      8.8     13.3 2021 11  1 20 23 11.500  0.00   1
   109058  40.618840 -124.078589    17.877    13006.5     7618.6    -3550.3     14.6     10.3     14.0 2022  7  2 18 54 53.920  0.00   1
   109059  40.618905 -124.078914    17.842    12978.9     7625.8    -3585.6     14.5     10.4     12.8 2022  7  5 10 26 16.440  0.00   1
   109060  40.609546 -124.078979    18.576    12974.3     6586.5    -2851.1     12.9      8.1     14.3 2022  9 22  5 20 24.860  0.00   1
   109079  40.591614 -124.325155    21.178    -7869.7     4595.3     -249.3     10.7      9.2     15.2 2020  9 24  1 37  2.540  0.00   1
   109081  40.592594 -124.325033    21.374    -7859.3     4704.2      -52.8      5.3      7.5      6.4 2021  8  3  7 28  1.280  0.00   1
   109082  40.592179 -124.323283    21.380    -7711.2     4658.1      -47.3     10.4      6.9      7.2 2021  8  3  7 28 11.760  0.00   1
   109083  40.591394 -124.326416    21.385    -7976.5     4570.9      -41.8      9.7     10.7     16.0 2022  3 18 23 22 52.560  0.00   1
   109086  40.616557 -124.094320    19.795    11674.9     7365.1    -1631.2     13.6     18.9     11.7 2020  9 29 20 57 21.240  0.00   1
   109088  40.592025 -124.102856    23.067    10954.2     4640.9     1639.5      5.3      5.0     11.9 2021  8  2  6  3 50.240  0.00   1
   109099  40.523564 -124.375830    17.930   -12167.0    -2961.4    -3497.6     69.4     42.6     93.3 2022 11  3 21 25 34.920  0.00   1
   109112  40.572013 -123.940804    20.593    24680.1     2418.7     -833.9     31.3     22.8     32.5 2020 11 28  4 46 13.820  0.00   1
   109120  40.564189 -123.925138    21.771    26008.4     1549.8      343.5     31.3     26.3     39.7 2021 10  7 15 37 20.960  0.00   1
   109123  40.559969 -123.930094    22.141    25589.4     1081.3      713.8     29.7     23.9     33.7 2021 10  7 10 58 29.020  0.00   1
   109127  40.564091 -123.925358    21.804    25989.8     1539.0      377.1     31.5     26.3     41.7 2021 10  9 15  2 48.760  0.00   1
   109129  40.530806 -124.430770    21.352   -16820.6    -2157.1      -74.8     15.5     22.3     25.7 2020 10 11 16 54  4.900  0.00   1
   109133  40.638704 -124.029671    18.548    17145.4     9824.5    -2878.8     15.3     11.6     17.0 2020 10 20  3 57  2.000  0.00   1
   109186  40.669173 -123.912020    23.024    27098.4    13207.9     1596.7     16.9     14.4     20.7 2020 11 10  7 29 44.140  0.00   1
   109189  40.672725 -123.890405    21.774    28926.8    13602.3      347.0     20.8      9.8     17.0 2021  5 13  9 32 24.180  0.00   1
   109190  40.664006 -123.888037    22.815    29129.1    12634.0     1387.5     24.2     11.8     13.6 2022  6 25  8 45  6.260  0.00   1
   109416  40.597184 -123.968734    22.196    22310.6     5213.8      768.6     10.8     13.3     20.7 2020 11 28  4 41 25.020  0.00   1
   109417  40.597184 -123.968856    22.130    22300.3     5213.8      702.7     12.0     13.1     19.8 2020 11 28  4 28 30.560  0.00   1
   109418  40.598588 -123.972697    22.472    21974.8     5369.7     1045.1      9.9     11.4     13.3 2021  3 28 11 21 31.120  0.00   1
   109420  40.600045 -123.915519    22.067    26816.0     5531.5      639.4     14.6     14.7     10.8 2020 12  7 19  3 16.040  0.00   1
   109421  40.604122 -123.915609    22.067    26807.6     5984.2      639.8     12.3     13.5     11.5 2020 12  7 19  5 36.340  0.00   1
   109427  40.595235 -123.904403    25.629    27758.2     4997.4     4201.8     12.8     15.0     13.4 2020 11 29  9 45 15.600  0.00   1
   109428  40.594438 -123.897648    26.048    28330.3     4908.8     4621.1     12.7      9.0      9.6 2021  1 19 12 58 57.580  0.00   1
   109430  40.591642 -123.913062    26.134    27025.7     4598.4     4706.9     28.1     14.5     23.9 2022  3 18  0  7 21.100  0.00   1
   109436  40.605648 -124.098755    15.499    11300.3     6153.7    -5928.1      5.7      5.8      5.0 2020 12  1 11 36 42.680  0.00   1
   109448  40.553194 -124.017806    21.897    18161.3      328.9      469.8     15.5     26.8     14.7 2022  1 19 22 27 40.720  0.00   1
   109451  40.564990 -124.011776    22.255    18670.5     1638.8      827.9     27.6     21.5     31.5 2022  6  9  2 12 47.440  0.00   1
   109453  40.566044 -124.021948    22.835    17808.8     1755.9     1407.7     24.5     22.4     16.7 2022 11 22  5  9 14.600  0.00   1
   109457  40.589771 -124.183716    21.423     4107.2     4390.6       -4.6     10.4     13.6     13.3 2022 11 20 16 58  8.260  0.00   1
   109458  40.552454 -123.889803    22.159    29003.7      246.7      731.8      7.9      6.1      2.7 2020 12 19 19 50 56.380  0.00   1
   109460  40.597266 -124.205868    25.093     2231.3     5222.9     3665.6     25.5     18.1     25.1 2021  2 11 13 50 26.620  0.00   1
   109461  40.601082 -124.105721    16.469    10710.9     5646.7    -4958.4      8.5      8.3      7.3 2021  1  4  6 14 34.600  0.00   1
   109483  40.496916 -124.465161    23.024   -19739.1    -5920.5     1596.6      9.3     12.9     10.8 2021  1 13 19 34 16.280  0.00   1
   109484  40.519287 -124.466992    23.910   -19891.0    -3436.3     2483.1      5.5      7.3     10.2 2021  2 12 14 58  6.120  0.00   1
   109485  40.512516 -124.452197    25.215   -18638.4    -4188.1     3787.8      8.1     10.3     11.3 2022  6  3  7 37 13.740  0.00   1
   109491  40.554313 -124.056836    23.081    14855.2      453.2     1653.6      9.7     11.8      8.8 2022 11 12 22 18 21.100  0.00   1
   109493  40.576192 -124.206429    19.541     2184.1     2882.8    -1886.7     15.8     14.4     28.2 2021 12 30 20 43 22.380  0.00   1
   109498  40.573324 -124.146566    21.806     7253.9     2564.2      378.5     37.3     29.4     33.8 2022  3 29  0 35 16.680  0.00   1
   109534  40.643184 -123.999398    18.468    19707.4    10321.9    -2959.6      7.7      4.8     10.2 2021  3  6  9 15 31.140  0.00   1
   109535  40.652478 -124.011198    18.533    18707.3    11354.0    -2894.6     11.1      7.1     15.8 2021  3  6  9 16 35.960  0.00   1
   109542  40.538448 -123.905998    22.847    27634.8    -1308.5     1419.9     13.6     15.0     14.8 2021  3 19 20 18 50.400  0.00   1
   109543  40.542558 -123.905762    22.867    27653.9     -852.2     1439.6     16.2      5.7     10.8 2021  7 28 11 59  6.040  0.00   1
   109544  40.541667 -123.909961    22.706    27298.4     -951.1     1278.3     14.2     11.1     15.3 2021 11  2 15 33 30.400  0.00   1
   109546  40.541154 -123.913086    22.835    27033.8    -1008.1     1407.5      8.3     10.8     13.8 2022  2  8 20 52 37.700  0.00   1
   109547  40.537606 -123.910840    23.710    27224.8    -1402.1     2282.5     17.9     17.5     12.0 2022  5 16 12 51  7.720  0.00   1
   109550  40.567871 -123.972331    23.501    22010.8     1958.7     2073.3     18.2     22.9     10.3 2021 10 14 12 55 59.780  0.00   1
   109551  40.554456 -123.974707    23.776    21811.7      469.0     2348.6      2.8     26.3      4.9 2021 10 18 11 26 36.900  0.00   1
   109560  40.576624 -124.421891    23.206   -16063.0     2930.7     1778.5     16.6     20.3     22.1 2021  4 22 19 58  9.520  0.00   1
   109562  40.573796 -124.415308    23.593   -15505.8     2616.6     2165.4     17.4     15.3      7.5 2021 10  1 17 28 56.900  0.00   1
   109563  40.573730 -124.415706    23.222   -15539.6     2609.4     1794.5     13.0     16.9     13.8 2022  6  6  8 33 56.500  0.00   1
   109585  40.702633 -123.972453    21.482    21978.5    16923.4       54.7     16.9     16.3     19.9 2021 12  9  6 38 26.640  0.00   1
   109586  40.610075 -123.802482    27.221    36384.5     6645.3     5793.8     21.3     16.7     16.5 2021  4 25 12  4 20.500  0.00   1
   109587  40.510567 -124.436833    18.902   -17336.9    -4404.6    -2525.4     30.7     30.8     54.3 2021  4 26 14 34  7.560  0.00   1
   109588  40.530164 -124.394312    20.462   -13732.1    -2228.5     -965.6     22.3     14.8     29.9 2021  4 30  5 48 15.420  0.00   1
   109590  40.599154 -124.003304    22.908    19383.1     5432.5     1481.0     21.4     18.2     14.0 2021  5  1  6 40  3.120  0.00   1
   109592  40.567932 -124.017440    22.244    18190.3     1965.5      816.5     12.2     14.7     18.4 2022  3 10 22 12 16.660  0.00   1
   109593  40.587065 -124.207104    23.254     2126.7     4090.1     1826.6     21.5     18.3     33.9 2021  5 25 13 41 14.420  0.00   1
   109638  40.582369 -123.954370    24.621    23529.4     3568.7     3193.9      5.8      4.8      3.1 2021  6  5 11 28 29.860  0.00   1
   109639  40.573600 -123.958952    24.131    23142.9     2594.9     2703.6      4.9      3.1      4.1 2022  2 26  5 28  3.880  0.00   1
   109640  40.544442 -123.966878    21.527    22476.5     -643.0       99.3     19.0     24.6     13.1 2021  6 14 23  5 14.620  0.00   1
   109641  40.545817 -123.970223    21.865    22192.9     -490.3      437.8     15.0     24.0     21.2 2021  6 15  4  8 20.200  0.00   1
   109643  40.538175 -123.968913    21.476    22305.2    -1338.8       48.3     16.5     29.0     17.8 2021  6 15  2 15 10.680  0.00   1
   109645  40.550997 -123.972754    20.747    21977.7       84.9     -680.6     13.0     16.0     13.8 2021  9 21 16 59  7.260  0.00   1
   109646  40.552547 -123.969987    20.720    22211.8      257.1     -707.1     13.3     18.7     18.8 2022  8 19 22 15 53.220  0.00   1
   109647  40.550977 -123.972306    20.968    22015.6       82.7     -459.7     12.2     17.3     15.0 2022  9 26 14 46 33.600  0.00   1
   109649  40.483223 -124.509497    17.436   -23498.4    -7441.0    -3991.6      9.9     16.1     17.1 2022  9 18  8 29  6.480  0.00   1
   109653  40.599109 -124.323950    21.490    -7767.3     5427.6       62.6     10.0     13.8     27.9 2021  6 26 23 51 53.520  0.00   1
   109656  40.606710 -124.322046    20.069    -7605.6     6271.6    -1358.3     35.8     18.9     21.2 2021  7  7 21  8 20.520  0.00   1
   109661  40.598739 -124.329915    20.819    -8272.4     5386.4     -608.6      8.8     11.8     23.4 2022 11 27 17  4 31.920  0.00   1
   109701  40.533382 -124.352197    18.045   -10164.0    -1871.1    -3382.0     19.1     16.6     10.9 2021  7  9 20  8 44.560  0.00   1
   109707  40.705216 -123.934237    23.050    25211.4    17210.3     1622.7     15.6     14.7      9.9 2021  7 21  1 57 33.440  0.00   1
   109708  40.707959 -123.945646    22.463    24245.6    17514.9     1035.6     24.2     12.9      9.6 2022  8 13 12 33 41.180  0.00   1
   109709  40.707654 -123.944849    22.452    24313.1    17481.0     1024.4     22.5     12.9     10.1 2022  8 13 13  7 15.920  0.00   1
   109710  40.478642 -124.402490    20.179   -14430.4    -7949.8    -1248.3      9.3     14.0     22.4 2021  7 21  6 27  7.140  0.00   1
   109714  40.514827 -124.434448    17.616   -17134.3    -3931.5    -3811.4     10.6     11.4     15.5 2021  7 22  8 29 59.260  0.00   1
   109718  40.505233 -124.448332    18.401   -18311.9    -4997.0    -3026.1     16.5     17.0     20.9 2022  4  3 19 26 32.500  0.00   1
   109728  40.639718 -123.914331    21.336    26908.6     9937.0      -91.3      9.3      5.1      5.5 2021 10 28 17 29 28.460  0.00   1
   109729  40.640283 -123.916455    21.319    26728.7     9999.8     -108.6     10.7      4.4      5.0 2021 10 28 20 25 38.640  0.00   1
   109732  40.503060 -124.461865    18.510   -19458.9    -5238.2    -2917.6     13.9     12.3     16.0 2021  8  5  5 11 35.000  0.00   1
   109733  40.504329 -124.455257    23.110   -18898.8    -5097.3     1682.6     10.2     17.5     32.1 2021 12 18  9  2 20.600  0.00   1
   109734  40.501969 -124.457161    21.551   -19060.5    -5359.3      123.9     15.3     15.1     21.1 2021 12 21 16 46 40.580  0.00   1
   109740  40.519539 -124.355924    28.032   -10480.8    -3408.3     6604.8     49.3     44.7     48.6 2021 12 25  9  3 58.480  0.00   1
   109741  40.543510 -124.369824    23.672   -11656.4     -746.4     2244.9     40.5     30.1     23.3 2022  8 24 18 28  5.620  0.00   1
   109742  40.636357 -124.042407    19.604    16067.6     9563.7    -1822.9     21.1     18.7     24.0 2021  8 23  5 51 36.160  0.00   1
   109744  40.540617 -123.780306    21.887    38281.8    -1067.7      459.7      8.6     16.2      7.3 2021  8 29 12 47 11.520  0.00   1
   109745  40.544153 -123.794401    22.963    37086.8     -675.1     1536.2     20.4     25.9      6.9 2022  1  7 12 47 18.900  0.00   1
   109758  40.549353 -124.225285    17.807      587.3      -97.6    -3619.8      3.6      3.4      5.0 2021  9 12 22 48 15.460  0.00   1
   109773  40.507520 -124.413005    20.453   -15318.3    -4743.0     -974.6     35.9     53.2     61.0 2021 12 23 10 30 50.600  0.00   1
   109775  40.575240 -124.220158    19.803     1021.4     2777.0    -1624.7     11.6     10.4     20.4 2021  9 23 19 33 34.900  0.00   1
   109779  40.525891 -124.323861    19.323    -7763.9    -2702.9    -2104.5     73.0     33.6     47.6 2021  9 30  4 43 34.000  0.00   1
   109788  40.516801 -123.884530    21.502    29458.1    -3712.4       74.8     21.4     16.9     18.0 2021 10  7  4 45 50.940  0.00   1
   109789  40.508805 -123.875130    21.474    30256.3    -4600.2       47.1     21.4     14.5     20.2 2021 10  7  5 44  8.100  0.00   1
   109791  40.509212 -123.876807    21.543    30114.1    -4555.0      115.6     19.9     14.2      8.4 2021 10  9 15 14 13.920  0.00   1
   109792  40.511560 -123.878589    21.630    29962.6    -4294.3      202.6     13.4     14.7     12.1 2021 10  9 14 51  7.940  0.00   1
   109793  40.515462 -123.880640    21.622    29788.0    -3861.0      194.9     13.8     15.2      9.9 2021 10  9 19 19 22.180  0.00   1
   109794  40.511267 -123.876457    21.538    30143.3    -4326.9      110.4     13.8     12.4     11.0 2021 10 16 14 55 23.500  0.00   1
   109795  40.515153 -123.880192    21.652    29826.0    -3895.4      225.1     10.2     12.1     10.9 2021 11  4 10 59  4.180  0.00   1
   109796  40.514665 -123.878255    21.558    29990.2    -3949.6      130.9     12.0     12.0      9.5 2021 11  7  7 51 35.860  0.00   1
   109801  40.546647 -123.847550    23.565    32584.0     -398.1     2138.0     16.2     14.6     17.1 2022  1 31 19 52 42.840  0.00   1
   109836  40.613668 -124.124202    19.001     9145.1     7044.3    -2426.0     16.4      9.0     16.5 2021 10 22 21  9 45.260  0.00   1
   109837  40.609627 -124.076953    20.823    13145.9     6595.6     -604.3      7.3     15.1     12.4 2021 10 31 13 10  3.600  0.00   1
   109838  40.549890 -123.954183    22.888    23550.9      -38.0     1460.8     23.0     22.8     16.1 2021 11  3 19 22 52.340  0.00   1
   109846  40.598299 -124.049414    17.378    15478.8     5337.6    -4049.1     41.4     26.0     45.3 2021 11 25 17 56 31.760  0.00   1
   109849  40.605518 -124.306527    20.689    -6291.7     6139.2     -738.1      6.1      2.8      9.5 2021 11 29  9 17 10.340  0.00   1
   109852  40.523649 -124.432650    19.672   -16980.8    -2951.9    -1755.1      6.4      5.7     13.1 2022  1 18 10 25 37.780  0.00   1
   110087  40.590271 -124.204093    20.561     2381.6     4446.2     -865.9      7.9     10.3     13.1 2021 12 11 10 51 42.420  0.00   1
   110088  40.540271 -124.322144    18.154    -7617.6    -1106.1    -3272.8     36.8     13.9     41.1 2021 12 20 23 40 19.580  0.00   1
   110091  40.540348 -124.320239    18.141    -7456.3    -1097.5    -3286.4     36.8     13.6     33.5 2022  8 22 11 46 57.980  0.00   1
   110092  40.542822 -124.303044    18.257    -5999.5     -822.8    -3170.6     39.9     19.6     36.6 2022  8 22 11 19 44.520  0.00   1
   110093  40.542594 -124.321436    18.663    -7557.5     -848.1    -2764.2     40.6     20.5     35.6 2021 12 20 21 17 43.440  0.00   1
   110095  40.547262 -124.306136    18.086    -6261.3     -329.8    -3341.0     41.6     18.5     46.1 2022  7 14  2 59 53.060  0.00   1
   110120  40.520085 -124.414404    20.671   -15435.4    -3347.7     -756.7     16.7     29.5     42.0 2021 12 20 20 29 25.860  0.00   1
   110127  40.577445 -124.206104    17.263     2211.6     3021.9    -4164.3     18.3     16.3     23.0 2021 12 20 20 15 20.340  0.00   1
   110129  40.516182 -124.446167    17.660   -18127.0    -3781.0    -3767.5      9.2      8.4     14.1 2021 12 20 22 57 59.980  0.00   1
   110153  40.496427 -124.330835    20.904    -8356.6    -5974.7     -523.7     28.5     26.6     29.5 2021 12 21  3 28 34.100  0.00   1
   110154  40.502393 -124.333797    18.558    -8607.2    -5312.3    -2869.1     13.5     18.2     13.2 2021 12 23  6 55 41.480  0.00   1
   110156  40.510433 -124.319572    19.049    -7401.4    -4419.5    -2378.5     23.1     19.9     17.5 2021 12 23  4 51 44.220  0.00   1
   110160  40.523612 -124.416919    18.200   -15648.1    -2956.0    -3227.7      8.7      6.7     11.9 2021 12 21 19 30 31.800  0.00   1
   110168  40.578650 -124.169670    19.089     5297.1     3155.7    -2338.3    101.6     43.0     93.0 2021 12 21  2 44 44.640  0.00   1
   110179  40.545984 -124.349976    23.850    -9974.9     -471.7     2422.8     18.6     16.4     15.3 2022  3 20  6 57 16.680  0.00   1
   110181  40.499243 -124.448991    17.609   -18368.5    -5662.1    -3818.0     14.8     14.9      8.8 2021 12 25 16 54 33.700  0.00   1
   110183  40.595947 -124.109180    17.789    10418.4     5076.5    -3638.1      7.2      5.9      8.8 2021 12 26 16  2 15.940  0.00   1
   110184  40.587740 -123.990706    20.398    20451.5     4165.1    -1029.6     14.2     14.4     15.0 2021 12 27  8 53  5.400  0.00   1
   110185  40.575081 -123.988436    20.969    20645.7     2759.4     -457.9      7.5     10.2     10.6 2022  5 28  7 57  1.360  0.00   1
   110186  40.574536 -124.209025    18.745     1964.2     2698.9    -2681.9     17.5     22.0     36.5 2021 12 28  6 35 41.580  0.00   1
   110187  40.574373 -124.197445    18.592     2945.0     2680.8    -2835.0      8.4     13.8     28.4 2021 12 31 13 31 14.620  0.00   1
   110188  40.574471 -124.198022    18.615     2896.0     2691.6    -2812.5      8.4     13.4     27.8 2022  1  1 22 14 38.120  0.00   1
   110189  40.574361 -124.197412    18.582     2947.7     2679.4    -2845.7      8.4     13.8     28.2 2022  1  2 11 16 33.460  0.00   1
   110191  40.573848 -124.191097    18.388     3482.6     2622.5    -3039.2     11.0     14.2     31.3 2022  9  1 20 43  2.920  0.00   1
   110199  40.508317 -124.398576    22.866   -14095.6    -4654.5     1438.4    109.4    115.1    144.7 2021 12 31 17  2 13.380  0.00   1
   110209  40.596330 -124.099837    24.711    11209.5     5118.9     3283.4     11.1     13.6     11.7 2022  4  2 19 46 56.000  0.00   1
   110211  40.515751 -124.443099    18.086   -17867.1    -3828.9    -3341.0      2.2      1.7      5.0 2022  4  3 10 39 47.080  0.00   1
   110231  40.516223 -124.437410    18.955   -17385.1    -3776.5    -2472.7      5.1      5.4      8.6 2022  5 14 20  9 30.640  0.00   1
   110234  40.534074 -124.243441    20.010     -950.7    -1794.3    -1417.0     14.5      8.6     11.5 2022  5 25  9 25 42.220  0.00   1
   110250  40.520817 -124.407088    21.336   -14815.5    -3266.4      -91.4     12.0     10.5     16.2 2022  7  2 10 23 23.100  0.00   1
   110253  40.594600 -124.113590    18.590    10045.0     4926.9    -2837.1      4.2      6.5      5.7 2022  7 20  6 28 50.580  0.00   1
   110254  40.595361 -124.113631    18.358    10041.5     5011.4    -3069.6      5.4      3.9      7.2 2022  8  9  7 59 33.060  0.00   1
   110255  40.598551 -124.116846    17.643     9769.1     5365.7    -3784.2      5.1      6.0      9.2 2022  8  9  8  9 40.340  0.00   1
   110266  40.537435 -124.332723    18.680    -8514.0    -1421.1    -2747.5     12.2     13.6     24.4 2022  8 30  6 25 35.480  0.00   1
   110273  40.649304 -124.011719    19.906    18663.6    11001.5    -1520.8     25.5     15.6     26.0 2022 10 28 12 43 42.000  0.00   1
   110274  40.519771 -124.436865    18.980   -17338.4    -3382.5    -2446.9     10.6     13.6     23.7 2022 10 29 20 38 50.780  0.00   1
   110275  40.514494 -124.434497    20.393   -17138.5    -3968.6    -1034.2     13.1     18.3     25.9 2022 10 30  3 34  2.660  0.00   1
   110276  40.518994 -124.438232    19.356   -17454.4    -3468.8    -2071.5     12.5     12.9     18.0 2022 11 12 10 31 42.840  0.00   1
   110279  40.517114 -124.433244    19.699   -17031.9    -3677.6    -1727.8     18.3     18.6     28.5 2022 11  2 16 39 30.260  0.00   1
   110282  40.526086 -124.419246    19.337   -15845.0    -2681.2    -2090.1     38.5     26.8     39.6 2022 11 15 17 48 18.560  0.00   1
   110296  40.582027 -123.986165    20.534    20836.9     3530.7     -893.6     13.1      7.7     10.1 2022 12 22  3  8  5.860  0.87   1
   110298  40.535002 -124.273022    11.691    -3456.7    -1691.3    -9736.0      6.2      2.9      3.6 2023  1 17 13 54 45.520  1.24   1
   110302  40.566471 -124.129557    21.960     8694.8     1803.3      532.6     11.6     11.9      9.9 2022 12 24  0 35 18.890  0.89   1
   110303  40.488155 -124.498210    24.449   -22541.0    -6893.3     3022.0     13.3      9.7     58.2 2022 12 20 12 25 25.380  2.43   1
   110305  40.435225 -124.601758    23.332   -31328.3   -12770.9     1905.1     11.7     22.2     27.3 2023  4  2 11 44 21.610  2.51   1
   110307  40.527901 -124.417448    23.200   -15692.4    -2479.7     1772.9     12.3     14.4     22.8 2023  3  9  9 11 18.070  1.00   1
   110308  40.577726 -123.877645    22.360    30027.9     3053.1      932.7     13.7     13.4      5.3 2022 12 21 19 21 21.160  1.21   1
   110311  40.539819 -124.494499    23.966   -22218.0    -1156.3     2538.8      6.0      6.9      3.7 2023  2  6  9 53 42.140  2.82   1
   110326  40.577409 -124.244320    20.069    -1024.8     3017.9    -1357.9     21.6     14.4     34.9 2023  4 26 22 23  7.880  0.79   1
   110327  40.620955 -123.948763    21.490    23997.4     7853.5       63.2      5.1      7.4      7.7 2022 12 21  8 59 40.650  1.14   1
   110330  40.585445 -123.915438    25.791    26825.8     3910.3     4363.7     16.9     11.6     21.2 2023  5 27  2 45 49.750  0.87   1
   110334  40.620479 -124.313810    20.596    -6907.6     7800.6     -831.0      5.6      4.1     15.3 2023  2 22  6 20 25.080  1.45   1
   110341  40.562573 -124.132259    22.474     8466.2     1370.4     1046.6      3.0      2.4      4.9 2023  1  5 14 47  6.170  2.14   1
   110346  40.538635 -123.890047    23.120    28985.9    -1287.8     1692.5     12.3     11.8      8.1 2023  5 28  1 45 53.620  1.36   1
   110354  40.510002 -124.421126    24.111   -16006.1    -4467.4     2684.0     12.4     11.5     19.6 2023  4 14  1 57  6.610  1.17   1
   110355  40.518538 -124.492269    15.944   -22032.6    -3519.4    -5482.8      9.0      9.3     13.7 2023  2 16 22 15  2.800  1.44   1
   110359  40.750480 -123.978621    21.759    21448.9    22236.6      332.1     21.9     18.3     12.7 2022 12 22  4 53 56.390  0.79   1
   110365  40.528113 -124.234147    17.731     -163.4    -2456.2    -3696.6     12.7      4.5     11.1 2022 12 20 12 37 22.690  1.44   1
   110367  40.551473 -123.974325    21.382    21844.6      137.8      -45.6      7.4      5.1      5.7 2022 12 25  1 20 33.690  1.82   1
   110368  40.608008 -123.980835    21.840    21284.2     6415.7      412.6     24.5     17.4     30.9 2023  2 14  3 52  7.700  1.37   1
   110370  40.694702 -123.896533    22.288    28403.6    16042.8      860.5     33.7     29.0     23.3 2022 12 21  4 44 13.820  1.30   1
   110374  40.752523 -123.868636    20.789    30750.9    22463.5     -638.4     10.2     12.4      6.8 2022 12 22  4 46 28.990  1.00   1
   110378  40.591614 -124.050228    22.091    15410.7     4595.3      663.3     12.0     12.8     19.4 2022 12 21 18 52 28.640  1.06   1
   110379  40.518872 -124.421875    18.220   -16068.5    -3482.4    -3207.2     19.0     18.5     28.7 2022 12 22  9 21 28.530  1.40   1
   110382  40.542607 -124.064054    19.383    14245.1     -846.8    -2044.2      6.4      7.0      4.0 2022 12 26  5 31 21.180  1.08   1
   110385  40.593420 -124.085946    19.223    12386.0     4795.9    -2203.9      5.1      4.4      7.8 2022 12 23  0 19 22.520  0.90   1
   110387  40.533529 -124.383228    25.104   -12792.7    -1854.8     3676.6     13.9      9.3     12.9 2023  1 28 23 56 58.200  3.85   1
   110388  40.509013 -124.448088    14.682   -18290.7    -4577.2    -6745.4     13.8      9.8     23.0 2022 12 31 10 20 40.360  1.04   1
   110390  40.640194 -123.988550    25.969    20626.1     9989.8     4542.2      6.0      4.1     10.4 2023  1 17  5 14  2.510  1.84   1
   110391  40.589604 -124.197225    21.962     2963.2     4372.1      535.0     11.4     18.7     14.1 2022 12 23  0 35 44.600  1.56   1
   110392  40.513009 -124.423446    17.866   -16202.3    -4133.5    -3561.6     12.3      9.9     14.3 2023  1  1 12 19 44.130  1.25   1
   110395  40.554838 -124.216309    16.756     1347.6      511.5    -4671.5      3.0      6.0     11.2 2022 12 20 23 19 53.720  1.40   1
   110396  40.536560 -124.260954    18.213    -2434.3    -1518.2    -3214.3     10.8     11.4      8.9 2022 12 24 20  6  9.180  0.83   1
   110399  40.530155 -124.410742    17.944   -15124.0    -2229.4    -3483.5     15.4     12.8     20.1 2022 12 20 10 44 46.730  2.70   1
   110400  40.563867 -124.048136    23.495    15591.0     1514.1     2067.6     32.8     27.4     43.0 2022 12 25  4 33 20.570  0.83   1
   110404  40.560946 -124.015812    21.932    18329.1     1189.7      505.2      9.2     11.9     11.9 2022 12 27  0 23 33.800  1.12   1
   110406  40.593042 -124.107023    19.587    10601.2     4753.9    -1840.4      9.3     11.4     12.4 2023  1 11  3 23 18.830  1.45   1
   110408  40.610571 -123.847518    27.544    32571.3     6700.4     6116.3     10.3      6.5      8.1 2023  2 12 20 12 15.900  2.47   1
   110409  40.518107 -124.417139    20.243   -15667.3    -3567.3    -1184.0     11.4     23.5     46.1 2022 12 21 22  8 58.660  1.39   1
   110412  40.573625 -124.074398    19.669    13365.8     2597.7    -1758.1      4.6      6.2      4.5 2022 12 26  7 30 25.960  0.98   1
   110417  40.551786 -123.976481    21.495    21661.9      172.6       67.8      7.5     11.7      4.9 2022 12 24 12 43  0.520  1.06   1
   110422  40.621639 -124.304321    19.983    -6104.2     7929.4    -1443.3      7.1      6.1      9.3 2022 12 29 13 40 18.010  1.27   1
   110423  40.504407 -124.335107    18.730    -8718.1    -5088.7    -2697.6      7.9      8.0      8.5 2023  2 17 12 38 36.270  0.88   1
   110429  40.593449 -124.014144    22.440    18466.0     4799.0     1012.7      9.4      7.8     12.4 2022 12 22  9 28 37.970  0.68   1
   110431  40.601001 -124.108252    23.077    10496.6     5637.7     1649.3      9.7      6.2      6.9 2022 12 21 17 59 17.620  1.95   1
   110432  40.496513 -124.457617    26.478   -19099.9    -5965.3     5050.6     14.1      4.9     14.4 2022 12 22  1 13 30.130  2.71   1
   110434  40.512065 -124.463794    19.068   -19621.0    -4238.3    -2359.4      8.3      7.7     12.7 2022 12 21 18 26 29.520  1.33   1
   110435  40.533313 -124.380135    24.833   -12530.8    -1878.8     3405.7      5.0     13.1     17.3 2023  1 28 20  7 39.900  1.24   1
   110436  40.476550 -124.533830    23.683   -25561.8    -8182.0     2255.6      9.1     18.9     15.7 2023  2 18  0 47 37.880  1.15   1
   110439  40.473438 -124.430143    19.767   -16774.7    -8527.7    -1660.6      8.3      6.4      9.1 2023  1 27 16 28 41.960  1.01   1
   110442  40.571619 -123.950342    21.849    23872.4     2374.9      422.0     14.5     16.7     13.5 2022 12 20 18 48 54.600  0.91   1
   110443  40.579236 -124.182373    18.915     4221.2     3220.7    -2511.9     19.4     14.4     28.0 2022 12 21 21 55 10.140  0.79   1
   110444  40.503597 -124.504688    27.355   -23087.3    -5178.6     5927.6     13.0     14.1     17.5 2022 12 23 21 41 55.000  1.21   1
   110445  40.525439 -124.388761    23.592   -13262.3    -2753.1     2164.3      7.4      2.5      3.5 2022 12 21  8  6 55.910  1.80   1
   110447  40.563350 -124.017318    22.691    18201.3     1456.7     1264.1     10.3      8.8      8.7 2022 12 24 19 37 36.120  1.39   1
   110448  40.596549 -124.127246    21.732     8888.6     5143.3      304.7     10.1      9.5     11.7 2023  1 31 13 12 49.420  1.12   1
   110452  40.545471 -124.193107    27.693     3313.0     -528.7     6265.5      9.4     12.2     16.4 2022 12 20 23 25 36.340  1.09   1
   110453  40.509082 -124.473600    17.751   -20452.4    -4569.5    -3676.5      8.7     10.3     11.1 2022 12 21 12  8  6.020  1.11   1
   110454  40.464669 -123.817749    23.058    35129.7    -9501.4     1630.8      6.3      9.7     13.6 2022 12 21 13 41 59.550  0.69   1
   110455  40.531600 -124.420369    16.114   -15939.4    -2069.0    -5313.0     94.7    106.6    194.8 2022 12 23 13  9 40.300  0.89   1
   110458  40.621472 -124.310221    20.167    -6603.7     7910.9    -1259.8      5.9      2.2      9.1 2023  2 14  6 32 28.460  1.23   1
   110462  40.585278 -124.438802    23.824   -17494.0     3891.7     2396.5     17.8     16.4     19.7 2023  4 22 17 56 13.080  1.37   1
   110464  40.588098 -124.427254    23.218   -16515.8     4204.9     1790.3      7.2      5.9      8.6 2023  2 13 21 32 14.280  2.09   1
   110466  40.531897 -124.391992    15.408   -13535.4    -2036.0    -6019.5     14.6     12.5     20.2 2022 12 22  0 27 26.630  0.83   1
   110467  40.528882 -124.424959    26.670   -16328.6    -2370.8     5243.0      9.3      7.0     10.4 2022 12 22  3 58 10.660  0.90   1
   110468  40.528874 -123.976229    20.385    21686.9    -2371.7    -1041.8     18.4     18.8     14.0 2022 12 24  1 17 32.850  0.88   1
   110470  40.537097 -124.357723    16.892   -10631.8    -1458.6    -4535.0     11.6      9.9     17.8 2023  3 29  5  5 59.480  1.47   1
   110474  40.472424 -124.448625    21.171   -18341.2    -8640.2     -256.3     11.2     12.8     16.2 2022 12 20 12 14 11.380  2.27   1
   110475  40.583594 -124.351994    28.079   -10143.0     3704.7     6651.4     11.8     12.7     15.8 2022 12 21 15  8 37.620  1.85   1
   110476  40.536792 -124.407202    28.225   -14823.4    -1492.4     6797.4      8.3      7.3     12.0 2022 12 20 13 24 12.330  1.51   1
   110477  40.611401 -123.937972    21.847    24912.7     6792.6      419.8      7.4      6.3     11.2 2023  1  3  7 18 42.400  0.99   1
   110479  40.534880 -124.359554    17.092   -10787.1    -1704.8    -4334.8     17.3     13.4     20.3 2022 12 26  2  4 21.800  1.88   1
   110480  40.557467 -124.251701    23.212    -1650.2      803.4     1785.2     10.1     11.1     12.4 2022 12 21  2 56 11.820  1.60   1
   110481  40.490564 -124.466073    18.421   -19817.3    -6625.9    -3006.3      9.8      9.0     13.3 2023  4  5 14 51 18.340  1.34   1
   110482  40.583968 -123.921802    21.623    26287.1     3746.2      195.4     15.3     17.9     20.3 2022 12 21 19 52  6.360  0.64   1
   110484  40.525224 -124.419539    19.666   -15869.9    -2777.0    -1761.2     26.5     27.3     37.0 2022 12 25  4  3 37.800  0.93   1
   110487  40.752844 -123.850203    20.612    32309.8    22499.2     -814.9     20.2     14.6     15.1 2022 12 20 14 11  0.150  2.57   1
   110488  40.478532 -124.457633    19.438   -19103.8    -7962.0    -1989.0      7.3      5.2      3.9 2023  2 18  9 18 28.190  1.40   1
   110489  40.518844 -124.425415    19.238   -16368.4    -3485.5    -2189.1     11.7     12.5     15.9 2022 12 29  9 57 25.630  1.27   1
   110494  40.523901 -124.414315    17.484   -15427.4    -2923.9    -3943.0     26.0     23.1     41.9 2023  3  5 20 14 19.720  1.28   1
   110496  40.503764 -124.446493    17.997   -18156.2    -5160.1    -3430.5     12.7     17.1     21.9 2022 12 30 12 51 54.870  1.14   1
   110497  40.574345 -124.097648    22.632    11396.7     2677.6     1204.6      7.4      8.4      8.8 2022 12 31 14 27 57.700  1.02   1
   110501  40.467839 -124.508464    23.748   -23413.5    -9149.4     2320.6     13.0     13.4     53.7 2022 12 30 21 43 18.320  2.12   1
   110506  40.606946 -124.075505    20.357    13268.8     6297.8    -1070.7     27.1     15.2     28.0 2022 12 20 21 47 48.880  1.10   1
   110507  40.528805 -124.396200    17.943   -13892.2    -2379.4    -3483.9     17.0     13.1     20.6 2022 12 21 10 16 11.430  0.70   1
   110508  40.613192 -124.092301    18.062    11846.1     6991.4    -3365.7     14.9     15.0     11.5 2022 12 30  9  0 39.550  1.14   1
   110509  40.572677 -124.276359    24.175    -3738.3     2492.4     2747.5     40.8     33.5     50.1 2023  1  2  8  1 22.300  0.77   1
   110510  40.497237 -124.432528    25.119   -16973.8    -5884.8     3691.7      5.5     15.9     22.3 2023  1  2  8 25 11.060  1.28   1
   110511  40.631726 -124.020557    23.326    17917.9     9049.5     1898.6      8.1      7.1      7.7 2022 12 21  4 15 19.850  2.45   1
   110512  40.509310 -124.336076    19.100    -8799.9    -4544.2    -2327.1      5.2      4.9      5.7 2022 12 21 17 35 50.480  1.40   1
   110513  40.523470 -124.413794    18.868   -15383.3    -2971.8    -2559.4     36.8     33.1     51.9 2022 12 20 15  4 50.680  1.42   1
   110515  40.540019 -124.231348    21.669       73.8    -1134.1      242.0     13.1     11.8     14.7 2023  1 11 13 29 12.060  1.57   1
   110517  40.596871 -124.086271    23.483    12358.1     5179.0     2056.2     13.5      7.5      7.8 2023  3 12  6 43 46.740  0.89   1
   110518  40.522624 -124.433529    18.290   -17055.4    -3065.8    -3137.0     11.9     10.8     16.8 2022 12 20 10 43 39.300  2.63   1
   110519  40.575907 -124.143392    22.454     7522.6     2851.1     1026.6     11.8      7.8     10.4 2022 12 20 23 22 14.760  1.65   1
   110521  40.569873 -124.161621    23.067     5979.0     2181.1     1639.3     17.7     11.7     26.2 2022 12 23  1 11 44.550  1.32   1
   110522  40.644027 -124.085522    23.264    12417.2    10415.5     1837.2     12.5      5.5      3.0 2022 12 20 18 48 15.520  0.97   1
   110523  40.511397 -124.490324    23.494   -21869.0    -4312.4     2066.7     12.8     14.4     22.9 2022 12 21  1  7 33.310  3.25   1
   110524  40.609229 -124.080420    17.574    12852.4     6551.3    -3853.0     14.6     13.1     13.2 2022 12 21  9 31  7.840  1.25   1
   110525  40.619047 -124.081950    17.987    12721.9     7641.6    -3440.5     10.9      9.0     16.8 2022 12 26  7 21 10.390  0.93   1
   110526  40.488977 -124.510197    15.527   -23556.7    -6802.1    -5899.8     12.5      7.5      7.2 2023  2 18 20 58 10.920  1.67   1
   110527  40.521851 -124.440527    19.436   -17648.4    -3151.6    -1991.7     11.1     11.2     17.7 2022 12 22  3 55 53.820  1.44   1
   110529  40.553263 -124.256755    24.306    -2078.3      336.6     2878.3     11.0      6.2     25.9 2023  5 18 13 21 36.440  0.56   1
   110530  40.620284 -124.070182    15.913    13718.1     7779.0    -5513.9     14.7     10.0     12.0 2022 12 22  4 49 54.170  0.84   1
   110531  40.533911 -124.349569    18.678    -9941.3    -1812.3    -2749.7     11.9      7.3     12.3 2022 12 20 19 16  2.640  1.29   1
   110532  40.544482 -124.342375    16.414    -9331.1     -638.5    -5012.8      5.1      3.4      5.0 2022 12 23  4  9 55.040  1.00   1
   110534  40.529533 -124.404704    19.990   -14612.5    -2298.5    -1437.2     25.7     29.6     26.9 2023  1  4 16 29 55.050  1.61   1
   110535  40.523564 -124.412231    18.263   -15250.9    -2961.4    -3164.6     13.7      6.4     16.5 2022 12 22 10 55 51.720  0.98   1
   110537  40.610189 -124.080086    23.419    12880.6     6657.9     1991.9     16.1     11.0     11.7 2022 12 21 16 28 15.660  3.99   1
   110539  40.524158 -124.344474    18.779    -9510.4    -2895.4    -2648.6      8.9     12.9     14.2 2022 12 25  8 22 48.250  0.72   1
   110541  40.581014 -124.193278    18.931     3297.7     3418.2    -2496.6     19.1     12.9     20.0 2023  2 18  6 52 19.650  1.07   1
   110542  40.578292 -124.191691    18.441     3432.1     3115.9    -2985.9     25.3     10.2     18.9 2022 12 20 17 56  5.920  1.14   1
   110544  40.598136 -124.188330    20.230     3716.2     5319.6    -1197.4     41.1      9.0     43.3 2023  3 21 22 51 34.760  0.98   1
   110546  40.504171 -124.449146    18.941   -18381.0    -5114.9    -2486.1     11.1     11.6     16.9 2022 12 27  1 23 41.520  0.94   1
   110547  40.614823 -123.924967    21.430    26013.1     7172.6        2.8     12.6     12.8     25.9 2022 12 20 23 36 50.880  1.00   1
   110549  40.543298 -124.056071    19.763    14921.3     -769.9    -1664.2      7.5      8.2      5.5 2022 12 21  4 18 46.220  2.04   1
   110551  40.614437 -124.091911    18.002    11879.0     7129.7    -3425.2      7.6      3.2      7.1 2023  2 17 11 16 14.330  1.12   1
   110553  40.525183 -123.916203    20.635    26772.9    -2781.6     -792.4     10.9      9.3      9.5 2022 12 25  0 34  1.910  0.77   1
   110554  40.549719 -124.243652    18.229     -968.5      -56.9    -3198.6     12.4      5.2      7.7 2022 12 21  0  5 31.440  1.34   1
   110556  40.499264 -124.433341    23.574   -17042.5    -5659.8     2147.1      6.4      7.8      4.4 2023  2 25 14 23 27.120  1.53   1
   110559  40.613867 -124.132048    20.793     8480.9     7066.4     -634.7     16.8      7.9     21.3 2023  3 13  0 48 17.330  0.83   1
   110560  40.627698 -123.926831    21.594    25852.8     8602.2      167.2      8.0      3.6     11.2 2023  2  2  2 38 55.900  1.60   1
   110561  40.618717 -123.887948    22.921    29146.5     7605.0     1494.0     22.6     18.3     10.9 2022 12 20 17 35 32.520  1.17   1
   110564  40.596297 -124.115096    15.135     9917.4     5115.3    -6292.3     17.3     24.5     31.0 2022 12 24  4 18 59.420  0.99   1
   110566  40.610409 -124.112866    18.051    10105.2     6682.3    -3376.1     17.4     14.3      5.9 2022 12 22  5 24 44.100  2.65   1
   110568  40.499674 -124.471989    15.723   -20317.3    -5614.2    -5704.0      8.7      8.8     15.8 2023  3 22 19 35 25.080  1.32   1
   110569  40.647131 -124.022038    18.364    17790.5    10760.2    -3063.1     10.6      8.0      9.8 2023  1  2  9 44 23.910  0.93   1
   110570  40.601624 -124.125138    20.463     9066.7     5706.8     -964.5      8.9      8.5     15.7 2022 12 22  6 14 22.080  1.10   1
   110572  40.531734 -124.244840    18.979    -1069.3    -2054.1    -2448.3      5.5      7.6      9.2 2023  1  1 22 18 52.920  1.17   1
   110574  40.628040 -124.096053    19.883    11527.2     8640.2    -1544.1      8.7     13.4      8.9 2022 12 21 22 33 49.080  1.00   1
   110575  40.579256 -124.156274    26.919     6431.4     3223.0     5492.0     37.3     27.2     39.3 2022 12 23  1 10  6.400  0.80   1
   110577  40.615413 -124.230518    23.979      144.0     7238.1     2551.4     12.4     16.9     10.9 2022 12 25 19 13 28.400  0.95   1
   110578  40.568099 -124.144076    21.703     7465.1     1984.1      275.7      7.5      7.7     10.1 2022 12 20 20 26 41.720  2.13   1
   110579  40.520711 -124.351147    21.893   -10076.0    -3278.1      465.5     10.0      4.1      8.7 2022 12 21  8 58 34.030  0.97   1
   110580  40.613456 -124.048112    23.524    15587.3     7020.8     2096.7     16.1     16.7     23.7 2023  1  3  4 53 49.540  1.15   1
   110581  40.568132 -124.236515    20.402     -363.9     1987.7    -1025.1     23.1     11.0     11.3 2023  5 28 11 38 43.770  1.07   1
   110582  40.564018 -123.935791    22.064    25106.2     1530.9      636.9      8.8      8.2     10.9 2022 12 21 23 36 17.240  1.23   1
   110586  40.524215 -123.900195    20.025    28129.3    -2889.1    -1402.0     12.2      8.5      8.7 2022 12 22  5 36 49.910  0.70   1
   110587  40.606262 -123.914616    25.121    26891.2     6221.9     3694.0      7.3      8.4      6.0 2022 12 20 10 48 38.300  2.65   1
   110588  40.597078 -124.116699    18.224     9781.6     5202.1    -3203.0      6.0      6.9      8.7 2022 12 22  7 50 48.720  1.53   1
   110589  40.533081 -124.050326    19.497    15409.1    -1904.5    -1930.0     11.3      7.5      9.0 2022 12 21  0 13 29.150  1.50   1
   110590  40.651095 -123.882430    26.406    29606.5    11200.3     4978.4     20.9     23.7     28.6 2022 12 23 19 10 35.240  1.06   1
   110591  40.585933 -124.060360    21.028    14553.4     3964.5     -399.7      8.2      7.4     10.0 2022 12 25 22 34 55.360  0.82   1
   110592  40.618355 -124.077352    17.652    13111.3     7564.8    -3775.6     12.3      8.0     12.0 2023  1 18  8 28 49.360  0.92   1
   110594  40.558476 -123.937354    21.114    24974.9      915.4     -313.7     13.8     13.4     15.7 2022 12 21  0 45 40.230  1.26   1
   110595  40.591915 -124.326725    21.363    -8002.7     4628.7      -64.7      6.0      6.0      5.6 2022 12 20 10 52 39.340  3.28   1
   110596  40.541317 -124.338363    17.654    -8991.5     -990.0    -3773.5     12.6     11.1     17.1 2022 12 29  7 31 23.150  0.85   1
   110597  40.623027 -124.082837    19.873    12646.5     8083.5    -1553.5     13.3     18.7     11.2 2022 12 20 21 24 28.880  0.90   1
   110598  40.598246 -124.101969    23.061    11028.8     5331.8     1633.6      5.9      4.4      5.4 2022 12 26  1 46  3.150  1.45   1
   110600  40.523661 -124.388118    15.935   -13208.0    -2950.5    -5492.5     38.4     29.3     56.7 2022 12 20 19 51  5.480  1.33   1
   110604  40.576164 -123.947257    20.295    24132.9     2879.6    -1132.3     25.2     20.3     27.6 2022 12 21 17  1 49.600  1.16   1
   110605  40.516976 -124.431478    17.876   -16882.3    -3692.9    -3551.5     17.3     13.3     24.1 2022 12 22  7 33 35.520  1.14   1
   110607  40.659566 -124.016479    18.750    18259.3    12141.1    -2677.5     14.5     14.1     19.7 2022 12 21 14 33 24.290  1.52   1
   110608  40.643567 -124.026571    18.461    17407.3    10364.4    -2966.3     15.0     11.7     17.5 2022 12 25 12 29 55.020  1.64   1
   110609  40.575370 -124.154948    23.271     6543.9     2791.5     1844.0      8.7     11.9     15.5 2022 12 20 19 19  0.120  1.41   1
   110611  40.550382 -124.239811    18.439     -643.1       16.7    -2988.1     15.3     17.5     12.6 2022 12 21 12 21 21.680  0.97   1
   110613  40.665507 -123.886239    22.859    29281.0    12800.8     1431.6     15.1      5.0     11.7 2022 12 27 17 40  9.980  1.83   1
   110614  40.550643 -124.315218    20.377    -7030.4       45.6    -1050.3     33.5     24.7     39.8 2023  2 15 14 26 55.060  2.21   1
   110615  40.580082 -124.133708    22.260     8342.5     3314.7      832.6     11.2     10.9     14.1 2022 12 21  9 48 30.660  1.09   1
   110618  40.602954 -123.980054    22.550    21351.2     5854.6     1122.4     11.3     13.4     14.3 2022 12 20 23 30 29.600  1.04   1
   110619  40.598702 -123.917716    21.723    26630.2     5382.4      296.2      9.6     12.8     12.6 2022 12 22  4 23  9.220  0.67   1
   110620  40.601493 -123.892261    24.860    28785.0     5692.3     3432.8     13.4     10.5     20.0 2022 12 25 16 15  8.400  1.07   1
   110622  40.603687 -124.102702    15.626    10966.3     5935.9    -5801.1      6.2      5.9      4.9 2022 12 28  9 46 28.530  1.31   1
   110623  40.594588 -124.157869    22.954     6295.6     4925.6     1526.8     15.1     17.0     19.6 2022 12 30  9 23 12.150  1.07   1
   110624  40.609534 -124.111410    18.265    10228.6     6585.2    -3162.0      6.5      5.8      8.2 2023  4  2 23  2 20.160  1.02   1
   110625  40.551221 -124.072827    18.965    13501.1      109.8    -2462.1      7.6      3.8      5.6 2022 12 20 21 22 52.960  1.20   1
   110626  40.558187 -124.021053    21.750    17885.6      883.4      322.4     17.5     11.6     15.4 2022 12 24 20 57 12.400  1.30   1
   110627  40.591007 -124.193254    22.121     3299.5     4527.9      693.5     11.4     13.3     22.2 2022 12 20 16 59 23.800  1.39   1
   110628  40.550810 -123.884790    22.189    29428.6       64.2      762.0      7.6      6.3      1.8 2022 12 25  6 37 31.440  1.50   1
   110629  40.582499 -124.243099    23.846     -921.4     3583.1     2418.7     21.7     18.5     20.3 2023  2  2  2 53 51.230  0.90   1
   110630  40.601444 -124.110645    15.211    10294.0     5686.9    -6215.8      8.6      8.4      7.7 2022 12 22  6 38 46.920  0.92   1
   110631  40.600602 -123.998991    19.875    19748.1     5593.4    -1551.9      9.1      7.0     13.1 2022 12 22  6 27  3.370  1.14   1
   110633  40.512382 -124.451270    24.500   -18559.8    -4203.1     3072.9      6.8      6.9     19.7 2022 12 20 11 23 42.960  2.53   1
   110634  40.613208 -124.081730    15.711    12741.1     6993.2    -5716.2     15.2     11.3     11.9 2023  1  3  7 23 30.820  1.13   1
   110635  40.548446 -124.047583    22.741    15639.7     -198.4     1314.0      8.8     12.6      9.6 2022 12 24  7 16 44.450  1.51   1
   110636  40.580668 -124.222062    19.318      860.1     3379.8    -2109.4     20.0     14.2     30.9 2023  5  5 10 50 40.220  0.86   1
   110637  40.545081 -124.335400    17.168    -8740.3     -572.0    -4259.5     16.0     13.5     26.4 2022 12 25 12 21 40.770  1.90   1
   110638  40.588261 -124.151229    24.096     6858.3     4222.9     2668.4     38.9     29.9     43.3 2022 12 21 19 17 30.720  1.31   1
   110641  40.644019 -123.998641    18.670    19771.3    10414.6    -2757.6      8.8      5.5     11.8 2022 12 25  9 11 59.060  0.70   1
   110643  40.539677 -123.911287    22.754    27186.4    -1172.1     1326.9      9.1      8.8     13.5 2023  2 16 18  3 27.440  1.53   1
   110644  40.563277 -123.980013    23.673    21360.9     1448.6     2246.1     13.8      5.9      8.5 2023  2 13  5 45 35.220  1.23   1
   110646  40.575077 -124.423844    23.238   -16228.6     2759.0     1810.8      9.9      7.3      8.6 2023  2  6 20 12  2.580  1.35   1
   110647  40.566174 -124.146191    21.904     7286.0     1770.3      476.9     12.3     11.9     16.3 2022 12 20 19  6 23.200  1.47   1
   110649  40.520557 -124.356681    22.623   -10544.9    -3295.3     1196.2     12.5      7.5     16.0 2022 12 25 23 13 35.000  1.83   1
   110650  40.701697 -123.952783    22.148    23642.9    16819.5      720.7     13.0     16.3     20.1 2022 12 26  9 16 16.030  1.67   1
   110651  40.612207 -123.827205    26.865    34290.7     6882.0     5438.2     22.4     16.2     16.0 2023  4  8  3  4 20.710  1.95   1
   110652  40.518075 -124.442415    14.391   -17808.9    -3570.9    -7036.4     29.0     30.6     76.6 2023  2  8 14 16 55.210  1.31   1
   110653  40.532975 -124.406551    17.082   -14768.7    -1916.3    -4345.3     21.7     14.3     25.9 2022 12 26  8 29 16.340  0.84   1
   110654  40.592069 -124.011466    23.139    18692.9     4645.9     1711.8     20.8     18.0     13.8 2022 12 24 22 12 36.600  2.10   1
   110655  40.566276 -124.022762    22.485    17739.8     1781.6     1057.7     11.6     14.6      8.1 2023  4 30 12 38 22.840  0.62   1
   110656  40.583854 -124.195386    25.326     3119.1     3733.6     3898.8     22.8     19.3     44.4 2023  1 20 22  9 26.880  0.94   1
   110660  40.539181 -124.340666    16.442    -9186.7    -1227.2    -4985.4     10.1      8.0     14.3 2022 12 31 15  5 32.620  1.28   1
   110663  40.580343 -123.955282    24.399    23452.6     3343.7     2972.2      5.0      3.9      2.7 2022 12 21 22 26 11.040  1.39   1
   110664  40.553870 -123.976310    20.849    21676.0      403.9     -577.8     10.9     12.8     11.0 2022 12 20 16  1 13.350  1.61   1
   110665  40.487354 -124.515088    16.657   -23971.5    -6982.4    -4770.7      9.8     15.6     26.0 2023  4  6  4 40 19.060  0.75   1
   110666  40.498629 -124.469368    18.049   -20095.4    -5730.3    -3378.1      8.0      8.2     15.2 2022 12 29  8 32 33.620  1.49   1
   110667  40.598458 -124.327596    20.698    -8076.0     5355.3     -729.5      8.1      9.3     17.9 2022 12 25  7 56 23.340  0.72   1
   110671  40.585579 -124.096346    23.277    11506.0     3925.2     1849.8     18.0     12.2      5.8 2022 12 20 23  1 57.840  1.31   1
   110672  40.540027 -124.348429    18.437    -9844.3    -1133.2    -2990.2     19.2     16.6     14.2 2023  4 15  0  7  1.200  0.77   1
   110673  40.585527 -124.229321    22.429      245.3     3919.3     1002.0     32.6     19.7     39.9 2022 12 21 16 59 16.830  0.92   1
   110674  40.552425 -124.224845    17.755      624.5      243.5    -3672.6     11.7      4.5      7.2 2022 12 23  5  1 13.690  1.08   1
   110675  40.703434 -123.930656    22.413    25514.7    17012.4      986.2     12.3     12.3      9.2 2022 12 22 16 21 35.960  1.66   1
   110676  40.480717 -124.407023    19.769   -14814.4    -7719.3    -1657.8      9.1     13.8     17.9 2023  1 30 10 56 56.600  0.99   1
   110677  40.511841 -124.440291    17.263   -17629.7    -4263.2    -4164.3     11.4     11.8     13.5 2022 12 23  0 10 35.700  1.04   1
   110678  40.517029 -124.426896    17.196   -16494.1    -3687.1    -4231.4     10.6     11.3     18.0 2023  1  8  2 15 56.440  1.14   1
   110679  40.509367 -124.440617    17.650   -17657.6    -4537.9    -3777.3     17.1     16.4     16.4 2023  4 20 15 36 20.100  0.92   1
   110681  40.638375 -123.912443    21.311    27068.7     9787.9     -116.6      7.1      4.0      4.2 2022 12 21  2 53 42.600  1.60   1
   110683  40.503711 -124.453613    18.841   -18759.6    -5165.9    -2586.7     13.5      7.7     18.7 2022 12 21  8 21  0.830  1.29   1
   110685  40.525887 -124.378337    23.811   -12379.1    -2703.4     2383.7     38.4     31.2     22.8 2023  1 29  2 21 34.040  0.86   1
   110686  40.549121 -124.309595    17.896    -6554.2     -123.4    -3531.5     28.2     17.4     20.5 2022 12 20 19 42 50.340  1.43   1
   110687  40.644303 -124.052588    19.648    15204.9    10446.2    -1778.8     21.0     18.4     25.4 2022 12 26  1 31 33.690  1.21   1
   110688  40.682975 -123.881991    22.431    29636.7    14740.5     1003.3     25.6     25.2     19.4 2022 12 20 16  7 38.970  2.01   1
   110689  40.544564 -123.755607    21.767    40372.8     -629.4      339.4      9.8     18.0      7.0 2022 12 22  0 56 27.730  0.68   1
   110692  40.511161 -124.470288    21.318   -20171.4    -4338.6     -109.4     12.3     10.0     16.7 2022 12 29 10 57 23.460  1.08   1
   110694  40.515247 -124.442912    19.315   -17851.3    -3885.0    -2112.0     10.7     12.4     16.1 2022 12 29  5 31  8.470  1.04   1
   110695  40.550342 -124.224430    17.713      659.7       12.2    -3713.8      3.6      3.4      4.9 2022 12 24  5  9  2.290  1.55   1
   110697  40.572144 -124.225863    17.355      538.3     2433.2    -4072.3     31.1     15.3     24.3 2022 12 23 20 30 28.480  1.23   1
   110698  40.541890 -124.237980    18.199     -488.1     -926.3    -3228.5     11.0      6.4     11.3 2023  1 26  5 47 35.730  1.04   1
   110699  40.519092 -124.414331    16.687   -15429.3    -3458.0    -4740.4     72.2     82.1    143.3 2022 12 22  9  7 10.520  0.52   1
   110700  40.576359 -124.204549    17.238     2343.3     2901.3    -4189.4     10.8      9.8     25.5 2022 12 25  3 58 23.130  0.90   1
   110702  40.629342 -123.958911    22.219    23136.8     8784.8      791.8     15.8      5.5      9.1 2022 12 20 23 26 24.700  1.53   1
   110703  40.531628 -124.366227    16.585   -11352.7    -2065.8    -4841.8     55.9     32.4     56.3 2022 12 22 14 28 55.050  1.12   1
   110705  40.513468 -123.876261    21.658    30159.4    -4082.4      230.7     15.0      9.2      4.4 2023  3  1  0 37 17.190  1.45   1
   110706  40.559688 -123.992741    23.936    20283.4     1050.1     2508.9     16.1     17.4     10.0 2022 12 20 23 41  1.760  1.68   1
   110707  40.546859 -123.845996    22.409    32715.6     -374.6      982.2     16.2     14.5     17.8 2022 12 21 22 14 18.520  1.56   1
   110708  40.577901 -124.215479    18.099     1417.7     3072.5    -3328.0     27.7     11.5     19.9 2023  3  5  0 34 58.820  1.58   1
   110710  40.605782 -124.146615    18.317     7248.1     6168.6    -3110.3     13.3      9.7     23.0 2023  1 14  1 10 27.140  1.46   1
   110711  40.615385 -124.069295    20.219    13793.7     7234.9    -1208.1      6.0     14.9     11.5 2022 12 20 21  2 39.800  1.14   1
   110712  40.558000 -123.953109    21.944    23640.5      862.6      516.4     23.0     22.0     14.8 2023  1 10 19 11 36.040  1.34   1
   110715  40.612976 -124.096053    15.978    11528.5     6967.4    -5449.5     54.8     19.1     35.8 2022 12 20 21 22 37.100  1.23   1
   110716  40.586316 -123.885994    21.505    29318.9     4007.0       77.6     14.0     13.2     17.0 2022 12 22  1 50 13.650  0.65   1
   110717  40.608248 -124.301579    19.944    -5872.6     6442.4    -1483.2      5.7      2.7      6.2 2023  4  9 21 13 25.880  0.97   1
   110718  40.523560 -124.432414    19.447   -16960.8    -2961.8    -1979.9      6.7      5.8     13.8 2022 12 22  3 44  5.310  1.01   1
   110720  40.586043 -124.203109    20.571     2465.1     3976.7     -855.8      8.1     10.4     12.4 2022 12 21  1 23  1.660  0.93   1
   110721  40.555147 -124.307528    18.653    -6378.8      545.8    -2774.5     33.2     16.3     23.1 2022 12 20 16 43 44.910  1.41   1
   110722  40.552128 -124.301628    20.025    -5879.2      210.6    -1402.6     43.7     18.5     30.2 2022 12 20 19 45  5.720  1.04   1
   110723  40.473686 -124.544482    21.750   -26465.2    -8500.1      323.2     14.2     16.7     13.7 2022 12 22  7 29 30.560  0.68   1
   110724  40.518604 -124.344906    19.390    -9547.4    -3512.2    -2036.8     23.8     22.2     30.2 2022 12 22  8 32 21.500  0.63   1
   110725  40.546167 -124.306063    17.954    -6255.1     -451.4    -3473.1     26.7     20.1     23.9 2022 12 24 21 51 17.000  0.84   1
   110726  40.517236 -124.434326    19.579   -17123.6    -3664.0    -1848.0     16.6     29.3     30.0 2022 12 25 10 58 46.850  0.74   1
   110727  40.516984 -124.357658    19.517   -10627.9    -3692.0    -1910.5     25.9     24.1     32.5 2022 12 26 20 22  8.180  1.12   1
   110728  40.519328 -124.420435    19.384   -15946.4    -3431.8    -2043.0     21.7     21.9     31.3 2023  1  3 14 30 47.720  1.13   1
   110729  40.576733 -124.210311    17.637     1855.3     2942.9    -3790.3     12.0     15.9     19.0 2023  1  4 10 27 27.700  1.40   1
   110730  40.557426 -124.316097    22.486    -7104.5      798.9     1059.1     49.5     40.4     63.2 2023  1 27  5 50 36.430  1.31   1
   110731  40.511780 -124.440104    18.997   -17613.9    -4269.9    -2430.4      9.6      9.3     20.1 2023  3 16 18  8 14.040  1.34   1
   110735  40.534135 -124.344963    18.395    -9551.1    -1787.5    -3032.0     18.4     14.9     26.7 2022 12 20 21 52 17.400  1.04   1
   110736  40.505794 -124.335514    18.270    -8752.5    -4934.6    -3157.6     14.5     13.8     17.2 2022 12 22  5 34 15.770  1.28   1
   110737  40.523356 -124.423438    18.413   -16200.4    -2984.4    -3014.5     19.9     19.7     30.0 2022 12 22 10 19 33.470  1.21   1
   110738  40.545768 -124.314657    18.303    -6983.1     -495.7    -3124.6     26.0     17.1     43.3 2022 12 26 12 16 44.250  0.71   1
   110739  40.520964 -124.426139    18.301   -16429.5    -3250.1    -3126.4      8.2      6.6     12.6 2023  1 11  1 42 23.060  2.03   1
   110743  40.583020 -124.216089    17.816     1365.9     3641.0    -3610.9     56.2     39.7     80.7 2023  3 25 16 17 15.180  0.90   1
   110745  40.515324 -124.431169    18.726   -16856.3    -3876.4    -2700.9     10.8      9.2     18.9 2023  1 20  8 32 25.670  1.94   1
   110746  40.517505 -124.447795    20.775   -18264.7    -3634.2     -652.5     12.4     15.7     19.6 2023  2 15 19 15 16.420  1.23   1
   110747  40.544027 -124.339038    19.816    -9048.5     -689.1    -1611.6     15.5     14.5     20.1 2022 12 23 14  7  9.940  0.88   1
   110748  40.554321 -124.440169    24.696   -17613.8      454.1     3268.4     23.4     20.0     57.4 2022 12 20 15 58 21.830  1.76   1
   110749  40.499264 -124.468392    14.705   -20012.5    -5659.8    -6722.3     14.6     13.2     33.6 2022 12 26  6 35 42.200  1.15   1
   110750  40.594922 -124.118270    17.214     9648.8     4962.6    -4212.9      8.8      7.0      9.5 2023  1 14  6 13 33.720  1.13   1
   110751  40.574923 -123.987907    20.944    20690.5     2741.8     -483.5      7.9      6.0      8.6 2022 12 20 17 38 50.000  1.62   1
   110752  40.581930 -124.216862    21.107     1300.5     3519.9     -319.8     22.4     15.9     28.4 2022 12 22 21 13 37.280  0.95   1
   110753  40.526567 -124.324585    18.248    -7825.2    -2627.9    -3178.8     15.7     13.8     21.7 2022 12 22 22  2  6.300  1.11   1
   110754  40.523503 -124.357731    18.653   -10633.6    -2968.2    -2774.3     26.8     24.7     35.6 2022 12 22 22 45  9.160  1.52   1
   110757  40.524821 -124.344629    19.331    -9523.5    -2821.8    -2096.4     15.8     14.8     19.4 2022 12 28 13 28 43.290  1.64   1
   110758  40.552917 -124.236190    19.654     -336.4      298.2    -1772.8     13.0      8.0     10.2 2023  1 15 15 14  5.770  1.41   1
   110759  40.528813 -124.419173    18.569   -15838.4    -2378.5    -2858.0     93.6     95.6    148.7 2023  2 10 21  1  5.660  1.17   1
   110761  40.584920 -124.152165    22.358     6779.2     3852.0      930.6     10.9     14.6     11.4 2023  1 21 22  3  8.900  1.49   1
   110765  40.524227 -124.404671    18.183   -14610.4    -2887.7    -3244.5     20.9     18.0     29.1 2022 12 24  2 43 20.530  1.79   1
   110766  40.503569 -124.445125    17.715   -18040.4    -5181.8    -3712.0     11.7     12.3     14.2 2023  2  7 19 48  3.920  1.35   1
   110767  40.504338 -124.481217    17.987   -21098.5    -5096.4    -3440.0      9.9      8.6     15.5 2023  5  3  4 14 16.070  1.55   1
   110768  40.535547 -124.342936    18.795    -9379.3    -1630.7    -2632.3     12.9     12.7     21.0 2023  2 17 23 11 43.020  1.41   1
   110769  40.576811 -124.218424    18.573     1168.2     2951.5    -2854.2     28.2     14.2     25.9 2022 12 22 11 55 31.760  1.02   1
   110770  40.593005 -124.101799    24.959    11043.7     4749.8     3531.8     11.3     13.7     10.9 2023  1  4  8 48  8.840  1.05   1
   110771  40.514876 -124.443091    18.041   -17866.5    -3926.1    -3386.4      2.3      1.7      4.9 2022 12 21 11 33 42.730  2.09   1
   110772  40.518144 -124.421313    17.019   -16021.0    -3563.2    -4408.0     55.3     56.4     81.7 2022 12 22  1 51 31.680  0.96   1
   110774  40.515979 -124.426872    19.312   -16492.2    -3803.6    -2114.9     12.1     14.9     22.4 2022 12 22 13 45 54.290  0.88   1
   110778  40.593376 -124.093197    21.805    11772.0     4790.9      377.6     35.7     24.5     39.7 2022 12 20 13 10 43.400  0.88   1
   110780  40.514486 -124.440015    18.429   -17605.9    -3969.5    -2998.5      6.0      3.8     11.2 2023  1 27  2 38 13.190  1.41   1
   110781  40.600517 -124.021208    21.132    17866.9     5583.9     -294.8     13.0     10.0     16.3 2022 12 22  7 36 42.420  0.86   1
   110782  40.520105 -124.419255    16.701   -15846.3    -3345.5    -4726.5     16.4     14.5     24.1 2023  1 19  4 55  2.650  1.72   1
   110783  40.535718 -124.239502    19.530     -617.0    -1611.7    -1897.1     14.9      7.9     11.7 2022 12 21  9 13 55.700  1.90   1
   110785  40.601444 -124.112362    16.318    10148.6     5686.9    -5108.8      8.7     11.3     11.4 2023  3 27 13  6 21.780  0.85   1
   110786  40.514819 -124.443099    17.972   -17867.2    -3932.4    -3454.9      8.9     11.4     16.2 2022 12 21 10 46 12.660  1.82   1
   110787  40.588416 -124.184001    20.212     4083.1     4240.1    -1215.4     16.4     11.4     19.9 2022 12 22  9 24 48.500  0.91   1
   110788  40.660396 -124.007845    19.389    18989.9    12233.2    -2038.6     13.9     11.2     17.7 2022 12 22  1 16  9.260  0.66   1
   110789  40.523079 -124.417196    18.831   -15671.6    -3015.2    -2596.0     28.3     28.2     43.3 2022 12 23 19 12 41.740  1.83   1
   110790  40.570174 -124.198242    21.919     2877.5     2214.5      491.9      8.1      8.3     18.9 2022 12 24 15 43 41.860  0.86   1
   110791  40.523710 -124.411206    22.112   -15164.0    -2945.1      684.8     12.1     10.7     19.1 2022 12 21 21 14 36.000  0.82   1
   110793  40.516541 -124.411922    20.968   -15225.5    -3741.3     -458.9     28.9     24.6     35.2 2022 12 26 14 17  3.520  0.91   1
   110794  40.595520 -124.113037    18.181    10091.8     5029.0    -3245.9      3.4      3.1      4.8 2023  3 11 16 16 54.220  1.44   1
   110796  40.544596 -124.335506    16.849    -8749.3     -625.8    -4578.1     12.1     13.0     27.2 2022 12 22  1 52 50.750  1.67   1
   110797  40.520589 -124.351416    19.473   -10098.8    -3291.7    -1954.5     20.1     17.1     24.0 2022 12 24 21 53 24.440  1.63   1
   110799  40.524068 -124.405094    19.006   -14646.2    -2905.4    -2421.6     17.4     17.4     17.1 2022 12 20 10 40 17.470  2.91   1
   110801  40.558333 -124.235539    19.983     -281.2      899.6    -1444.0     15.1      9.7     12.3 2022 12 20 12 16  5.480  2.04   1
   110802  40.571541 -124.078434    19.224    13024.2     2366.3    -2203.3     13.2     14.3      7.0 2022 12 21  0 15 31.010  2.88   1
   110803  40.651725 -124.022298    18.609    17767.8    11270.4    -2817.9     26.2     15.3     28.3 2022 12 22  5 56 58.350  0.78   1
   110804  40.518445 -124.437785    19.454   -17416.5    -3529.8    -1972.9     11.7     12.6     17.0 2022 12 20 20 38 36.440  1.22   1
   110806  40.515287 -124.431991    18.862   -16926.0    -3880.4    -2565.2     18.1     18.4     32.0 2023  2  1  8 26 47.510  1.32   1
   110808  40.537935 -124.339543    17.449    -9091.7    -1365.5    -3977.9     10.6      8.1     14.6 2023  3 31  1 48 56.260  0.92   1
   110809  40.519840 -124.440983    21.090   -17687.3    -3374.8     -337.1     36.0     28.2     38.6 2022 12 22  0 38 39.810  1.01   1
   110810  40.617574 -124.080900    17.011    12811.0     7478.0    -4416.5     12.7     11.2     19.4 2023  1  4  6 36 41.150  1.09   1
   110812  40.603658 -124.140503    18.276     7765.6     5932.7    -3151.7     10.5      7.9     14.7 2023  2  2  5 38 31.180  0.92   1
