   101475  40.580595 -123.985954    20.591    20855.0     3371.7     -836.4      1.0      0.6      0.9 2020  1  4 12 29  8.640  0.00   1
   101476  40.577161 -123.961613    21.403    22916.9     2990.3      -24.6      4.1      3.2      4.7 2020  2 13 22 21 36.940  0.00   1
   101477  40.581962 -123.992098    20.907    20334.5     3523.5     -520.3      1.2      0.7      1.2 2020  3 19  1  4 26.040  0.00   1
   101481  40.580790 -123.985132    20.637    20924.6     3393.4     -790.3      1.1      0.7      0.7 2021  3 29 15 56 33.780  0.00   1
   101482  40.581034 -123.985588    20.681    20886.0     3420.5     -745.9      0.9      0.3      0.7 2021  3 29 13 44 54.940  0.00   1
   101483  40.581034 -123.985449    20.689    20897.7     3420.5     -737.9      0.9      0.2      0.7 2021  3 30 14 30 26.580  0.00   1
   101484  40.580774 -123.984709    20.661    20960.5     3391.5     -766.4      0.8      0.4      0.7 2021  3 30 16 56 58.820  0.00   1
   101487  40.582503 -123.983724    20.522    21043.6     3583.6     -905.7      0.8      0.8      0.7 2021  9 19 18 51 35.660  0.00   1
   101488  40.570626 -123.952759    21.496    23667.9     2264.6       68.8      6.0      5.1      7.1 2021 12  7  4 20 27.260  0.00   1
   101564  40.532511 -124.274910    11.667    -3616.7    -1967.8    -9760.4      1.1      1.1      1.8 2020  1  4 11 37 20.680  0.00   1
   102513  40.559147 -124.123470    23.043     9210.9      990.0     1616.0      1.0      1.0      1.3 2020  1 21 18 29 29.080  0.00   1
   102514  40.563489 -124.139689    22.944     7836.9     1472.1     1517.1      1.3      0.9      1.4 2020  1 21 18 17 50.920  0.00   1
   102517  40.564368 -124.125057    22.891     9076.1     1569.7     1463.9      1.1      0.8      1.4 2020  1 21 18 17 12.580  0.00   1
   102584  40.557340 -124.108407    21.924    10486.9      789.4      496.9      8.4      5.1      7.1 2021 12 19 16 15 38.560  0.00   1
   102602  40.477995 -124.511092    24.695   -23634.5    -8021.6     3268.0      0.6      1.5      2.9 2021  8 10 19 30 57.060  0.00   1
   102603  40.479281 -124.505575    25.360   -23166.7    -7878.8     3932.5      0.8      1.2      2.0 2021  8 28  7 10 22.180  0.00   1
   102606  40.490149 -124.498771    24.791   -22588.3    -6671.9     3363.3      1.3      1.4      2.1 2021 11  9 13 23 16.920  0.00   1
   102608  40.477759 -124.507731    25.450   -23349.7    -8047.8     4022.6      1.2      0.6      2.1 2022  9  7 17 54 42.580  0.00   1
   102707  40.432483 -124.602710    23.386   -31409.7   -13075.5     1958.6      0.5      1.1      1.6 2020  1  5 11  4 39.240  0.00   1
   102709  40.447139 -124.595939    23.423   -30832.3   -11447.9     1996.0      0.7      0.9      0.9 2020  3 12 15 20 18.660  0.00   1
   102716  40.434957 -124.601286    23.434   -31288.4   -12800.8     2007.1      0.7      0.8      0.8 2020  5 19 15 58 35.460  0.00   1
   102717  40.435181 -124.602873    23.795   -31422.9   -12775.9     2368.2      0.6      0.6      0.6 2020  5 19  8 56  4.240  0.00   1
   102719  40.434497 -124.603996    21.696   -31518.2   -12851.8      268.4      0.5      0.7      1.2 2020  6  9 10 29  1.040  0.00   1
   102720  40.437545 -124.603597    21.388   -31483.7   -12513.4      -38.9      0.5      0.7      1.9 2020  6  9 11 54 57.660  0.00   1
   102721  40.433752 -124.597860    23.563   -30998.2   -12934.5     2135.8      0.7      0.8      1.1 2020  6 11 11 48 29.660  0.00   1
   102723  40.432788 -124.600952    23.349   -31260.6   -13041.6     1922.2      1.0      0.9      1.0 2020  6 28  9  4 35.860  0.00   1
   102727  40.436308 -124.604411    21.545   -31553.0   -12650.8      117.7      0.6      0.7      1.3 2020  9 21 21 53 10.520  0.00   1
   102728  40.429928 -124.602856    23.397   -31422.7   -13359.2     1969.3      0.5      0.8      0.6 2020  9 28  9 34 39.840  0.00   1
   102729  40.431844 -124.599528    23.402   -31140.1   -13146.4     1975.2      1.0      0.9      1.0 2020  9 29 16 42 12.380  0.00   1
   102730  40.430363 -124.601619    23.838   -31317.7   -13310.9     2411.2      0.9      1.3      1.3 2020  9 29 16  6 55.980  0.00   1
   102732  40.433976 -124.602450    23.370   -31387.3   -12909.7     1942.5      0.5      0.7      0.7 2020 10 13 22  5 11.460  0.00   1
   102734  40.434839 -124.603394    21.636   -31467.1   -12813.9      208.4      0.6      0.9      1.6 2020 12 19  3 23 42.480  0.00   1
   102736  40.428955 -124.599845    23.731   -31167.6   -13467.2     2303.3      0.7      0.7      1.3 2021  1 21 20 46 20.820  0.00   1
   102738  40.434412 -124.602205    23.660   -31366.5   -12861.3     2232.6      0.7      0.8      0.9 2021  2 12 20  8 51.240  0.00   1
   102739  40.433927 -124.600130    23.351   -31190.6   -12915.1     1923.5      0.8      0.8      0.8 2021  2 12  4 29 14.400  0.00   1
   102740  40.431421 -124.604386    23.537   -31552.1   -13193.4     2109.3      1.0      1.0      1.0 2021  2 20 23 40 36.700  0.00   1
   102742  40.436995 -124.605005    21.359   -31603.2   -12574.4      -68.3      0.6      0.8      2.0 2021  4 14  1 27 41.100  0.00   1
   102743  40.433687 -124.601929    22.640   -31343.2   -12941.7     1212.5      1.3      1.1      2.4 2021  4 14  5 38 37.620  0.00   1
   102749  40.433293 -124.602262    23.363   -31371.5   -12985.6     1935.4      0.5      0.7      0.8 2021  7 10 11 59 45.840  0.00   1
   102751  40.428670 -124.603687    23.524   -31493.4   -13498.9     2097.2      1.0      1.1      1.2 2021  8 31 18 13 15.560  0.00   1
   102754  40.430717 -124.603215    23.352   -31452.9   -13271.6     1924.6      0.4      0.6      0.7 2021  9 23  9 33 50.540  0.00   1
   102755  40.435030 -124.601945    23.372   -31344.2   -12792.6     1944.9      0.5      0.6      0.7 2021  9 30 19 10  2.220  0.00   1
   102756  40.432951 -124.602987    22.839   -31433.0   -13023.5     1411.9      0.9      1.5      1.8 2021 10  8 23 40 58.400  0.00   1
   102761  40.433028 -124.603011    22.760   -31435.1   -13014.9     1333.1      0.9      1.1      1.8 2021 12  9 20 12 36.400  0.00   1
   102763  40.436117 -124.602401    23.364   -31382.6   -12672.0     1936.3      0.7      0.8      1.0 2021 12 18  5 17 48.600  0.00   1
   102764  40.437638 -124.600903    23.357   -31255.3   -12503.0     1929.4      1.3      2.2      2.0 2021 12 20  7 12 18.880  0.00   1
   102768  40.433919 -124.602726    23.453   -31410.7   -12916.0     2026.0      1.1      1.9      1.0 2022  2 24 23 18 18.200  0.00   1
   102775  40.435002 -124.601961    23.372   -31345.6   -12795.8     1945.1      0.5      0.6      0.7 2022  5 12 21 39 49.620  0.00   1
   102776  40.429407 -124.604533    21.564   -31564.9   -13417.1      136.4      0.6      0.9      1.5 2022  5 15 21 30 42.600  0.00   1
   102777  40.436934 -124.603678    21.994   -31490.7   -12581.2      566.9      0.7      1.1      1.4 2022  6  2  9 50 27.060  0.00   1
   102778  40.436670 -124.605688    22.411   -31661.2   -12610.5      983.6      0.7      1.1      1.5 2022  6 17  0 59 30.760  0.00   1
   102780  40.435632 -124.602124    23.355   -31359.3   -12725.8     1927.5      0.7      0.7      0.9 2022  7 21  2 41 31.540  0.00   1
   102781  40.440942 -124.605973    22.120   -31684.4   -12136.1      693.1      0.6      0.9      1.0 2022  7 28  9 22  9.400  0.00   1
   102786  40.441455 -124.599650    20.710   -31148.2   -12079.2     -716.9      1.1      1.6      2.1 2022  9 18 15 28 46.440  0.00   1
   102787  40.426746 -124.596338    23.574   -30870.8   -13712.6     2146.4      1.1      0.8      0.9 2022 10  2 19 33 34.380  0.00   1
   102789  40.439453 -124.601652    23.388   -31318.4   -12301.5     1960.8      0.6      1.0      1.1 2022 10 17  4 45 23.620  0.00   1
   102790  40.427478 -124.599146    23.531   -31108.6   -13631.3     2103.7      0.7      0.8      0.8 2022 10 19 22 24 12.120  0.00   1
   102792  40.436784 -124.606177    23.242   -31702.6   -12597.9     1814.4      1.0      1.7      1.6 2022 11  4 23 19 49.560  0.00   1
   102871  40.519092 -124.431348    24.459   -16871.0    -3458.0     3031.4      4.3      5.7     10.5 2021 12 21 11 40 42.620  0.00   1
   102873  40.518278 -124.417310    22.961   -15681.8    -3548.3     1533.6      0.5      0.6      0.8 2021 12 27  5 28 17.460  0.00   1
   102877  40.519442 -124.418245    23.979   -15760.9    -3419.1     2551.3      0.7      0.6      0.7 2022 11 12  9 39  9.180  0.00   1
   102881  40.573686 -123.887052    22.446    29232.1     2604.4     1018.3      1.2      1.2      0.6 2020  6  5  7 17 17.540  0.00   1
   102882  40.586788 -123.893270    22.092    28702.7     4059.4      664.4      0.5      1.2      0.9 2021  8 31 10  1 55.460  0.00   1
   102884  40.575940 -123.890283    23.403    28958.0     2854.8     1975.4      0.8      0.9      0.7 2022  7  8 14 14 25.800  0.00   1
   102885  40.575395 -123.882479    22.442    29619.0     2794.2     1014.5      1.3      1.4      0.8 2022 10 15  6 34 45.100  0.00   1
   102906  40.551176 -124.494637    23.858   -22227.9      104.8     2430.9      1.1      0.9      2.0 2020  1  8  5 26 50.000  0.00   1
   102908  40.549532 -124.499691    23.925   -22656.2      -77.7     2498.2      1.0      0.8      0.8 2020 10 11 20 54  2.280  0.00   1
   102909  40.542147 -124.507796    26.661   -23344.1     -897.8     5233.7      2.5      2.2      3.8 2021  4 28 19 33 47.460  0.00   1
   102910  40.549410 -124.496094    23.830   -22351.6      -91.3     2402.8      0.8      0.7      0.7 2021  6 12  7 57 57.640  0.00   1
   102911  40.547152 -124.503776    24.311   -23002.7     -342.0     2884.2      1.2      1.2      3.4 2021  6 22  2 52 24.640  0.00   1
   102915  40.547286 -124.503109    23.837   -22946.1     -327.1     2409.6      0.7      0.6      0.6 2021 11 28 13  7  4.440  0.00   1
   102916  40.548535 -124.501180    23.930   -22782.6     -188.4     2503.1      0.8      0.7      0.8 2021 12 21 13 58 37.080  0.00   1
   103853  40.619824 -123.952588    21.933    23673.8     7727.9      505.3      1.0      0.6      2.3 2020  1 15 17  9  9.680  0.00   1
   103854  40.621139 -123.944954    21.657    24319.8     7873.8      230.1      1.2      1.0      0.9 2020  9  6  8  2 35.820  0.00   1
   103855  40.623674 -123.949015    21.602    23975.5     8155.3      174.7      1.4      1.1      1.2 2021 11 17  1 30  5.520  0.00   1
   103856  40.623560 -123.946460    21.637    24191.9     8142.7      209.3      1.0      0.8      0.9 2022  1 29  9  3 15.000  0.00   1
   103857  40.621777 -123.946313    21.666    24204.6     7944.8      238.3      1.0      0.8      1.1 2022  5 22  1 31 29.140  0.00   1
   103859  40.623954 -123.949048    21.559    23972.7     8186.5      132.2      1.3      1.0      1.0 2022  5 23  3 58 56.800  0.00   1
   103861  40.622742 -123.949333    21.697    23948.8     8051.9      270.2      0.5      0.6      0.8 2022  7 27 10 38  4.700  0.00   1
   103862  40.621436 -123.947542    21.813    24100.6     7906.8      385.6      1.4      1.2      3.5 2022 11 17 16  3 25.080  0.00   1
   103863  40.621012 -123.943840    21.578    24414.2     7859.8      150.7      1.0      0.7      1.0 2022 11 20 23 28 37.040  0.00   1
   103948  40.583455 -123.916463    25.613    26739.3     3689.3     4185.8      0.9      0.8      1.0 2020  7 15 23 27 17.180  0.00   1
   103949  40.583297 -123.916821    25.619    26709.0     3671.7     4191.5      0.8      0.9      1.0 2020  7 15 23 27  7.480  0.00   1
   103953  40.585018 -123.912467    23.940    27077.4     3862.8     2513.2      0.9      0.7      0.9 2021  6 28 22 30 49.640  0.00   1
   103955  40.587109 -123.916260    24.991    26755.8     4095.1     3564.3      1.2      1.1      1.3 2021  8 18 13 15  3.800  0.00   1
   103957  40.579256 -123.912728    26.873    27056.5     3223.0     5445.5      0.6      0.3      0.8 2021  9 30  0  5  3.500  0.00   1
   103958  40.582987 -123.906120    25.942    27615.3     3637.4     4514.7      0.6      0.3      1.0 2021 10 16 22 17 33.780  0.00   1
   103963  40.584367 -123.906217    25.840    27606.8     3790.5     4412.8      1.5      0.6      0.9 2022 10  3  1 19 38.240  0.00   1
   104037  40.620870 -124.321680    18.454    -7573.8     7844.0    -2972.8      1.9      1.0      3.7 2020  3 23  9 10 34.260  0.00   1
   104039  40.620911 -124.317090    19.897    -7185.2     7848.5    -1529.8      1.2      0.8      1.1 2020  3 31  1 10 40.520  0.00   1
   104040  40.620288 -124.315934    19.693    -7087.4     7779.4    -1734.5      1.0      0.7      1.5 2020 12 20  9 55 52.280  0.00   1
   104042  40.620142 -124.315918    19.657    -7086.1     7763.1    -1769.9      0.9      0.7      1.3 2020 12 20 10 47 46.800  0.00   1
   104043  40.620109 -124.315837    19.659    -7079.2     7759.5    -1768.6      0.8      0.6      1.2 2020 12 20 10 15 13.920  0.00   1
   104047  40.620589 -124.315658    19.930    -7064.0     7812.8    -1497.4      1.9      1.6      3.0 2021  4 20 22 55  3.440  0.00   1
   104048  40.621130 -124.321558    17.889    -7563.5     7872.9    -3538.5      2.9      2.1      4.5 2021  4 24 18 32 32.740  0.00   1
   104049  40.622563 -124.315576    19.989    -7057.0     8032.0    -1438.2      1.1      0.8      1.2 2021  6 29 21  7 22.600  0.00   1
   104052  40.622432 -124.315902    20.538    -7084.6     8017.5     -889.2      1.9      1.4      5.1 2021  7  2  7 55 22.400  0.00   1
   104053  40.618693 -124.315755    21.031    -7072.4     7602.3     -395.9      1.2      0.9      2.7 2021  7  3 16 38 35.240  0.00   1
   104054  40.621981 -124.315479    20.152    -7048.8     7967.4    -1275.5      1.5      0.9      2.4 2021  7 14 14 46 21.240  0.00   1
   104055  40.622229 -124.315771    20.133    -7073.5     7994.9    -1294.3      1.2      0.6      2.6 2021  9 17 10  9 30.180  0.00   1
   104056  40.617326 -124.317920    21.203    -7255.7     7450.5     -224.5      1.1      0.6      1.6 2021 11 18  9 48  5.620  0.00   1
   104060  40.619930 -124.312378    20.322    -6786.4     7739.7    -1104.9      1.1      0.5      1.9 2022  4 14 20  4 26.860  0.00   1
   104061  40.620308 -124.314355    20.480    -6953.8     7781.7     -947.4      1.3      0.9      2.3 2022  6 16 20 44 53.720  0.00   1
   104064  40.620190 -124.311768    20.355    -6734.7     7768.6    -1072.7      1.5      1.1      2.3 2022 10 23 23 59  6.320  0.00   1
   104510  40.562484 -124.130615    22.376     8605.5     1360.5      948.6      0.5      0.2      0.4 2020  1 21 18 16 13.040  0.00   1
   104905  40.521729 -124.420231    26.194   -15928.9    -3165.2     4766.9      2.7      2.0      3.4 2020  6 22 15 25 24.880  0.00   1
   104911  40.511275 -124.420076    23.946   -15917.0    -4326.0     2518.3      0.8      0.7      1.0 2021  5 20 19 21 47.940  0.00   1
   104917  40.504020 -124.428166    23.823   -16603.3    -5131.6     2395.8      1.2      0.9      1.2 2021  9 17 15 11 51.640  0.00   1
   104918  40.506954 -124.419548    24.761   -15872.7    -4805.8     3333.8      1.6      1.7      3.0 2021 10  5 18 21 58.320  0.00   1
   104923  40.500016 -124.427018    24.155   -16506.6    -5576.2     2727.8      0.8      1.2      2.4 2021 12 22  5 52  2.020  0.00   1
   104928  40.510901 -124.419287    25.436   -15850.2    -4367.5     4008.3      1.0      0.7      1.9 2022  1 30  2  6 57.660  0.00   1
   104932  40.510706 -124.419035    25.423   -15828.8    -4389.2     3996.1      1.0      0.8      1.9 2022  3  5  0 58 53.080  0.00   1
   104936  40.511776 -124.424137    23.528   -16261.0    -4270.4     2100.9      1.0      0.9      0.9 2022  7 27  2 17 47.560  0.00   1
   104940  40.517839 -124.495573    15.988   -22312.7    -3597.1    -5439.1      1.0      0.9      1.4 2020  1 27  9 51 13.860  0.00   1
   104941  40.517916 -124.491642    15.828   -21979.6    -3588.6    -5598.8      0.9      0.7      1.2 2020  2 20  6 32 59.280  0.00   1
   104942  40.521493 -124.491903    14.573   -22001.1    -3191.4    -6854.1      1.8      2.2      3.8 2020  4  6  9 21 20.960  0.00   1
   104943  40.517700 -124.494385    15.719   -22212.0    -3612.5    -5708.3      1.0      1.4      1.7 2020 12 17 16 41  8.520  0.00   1
   104944  40.518042 -124.489111    15.710   -21765.2    -3574.5    -5717.0      0.7      0.9      1.3 2020 12 19 14 18 19.400  0.00   1
   104945  40.520939 -124.496663    15.866   -22404.6    -3252.8    -5560.9      0.5      0.5      1.2 2021  5 24  0 40 45.520  0.00   1
   104946  40.520036 -124.498006    15.885   -22518.5    -3353.1    -5542.4      0.5      0.6      1.2 2021 11  6  3 38 12.480  0.00   1
   105385  40.552173 -123.973983    21.524    21873.4      215.5       97.2      0.9      0.8      0.7 2021  4  1  4 46 23.960  0.00   1
   105390  40.594185 -123.955697    21.422    23415.0     4880.8       -5.6      1.5      1.2      1.3 2021  5 23 15 44  5.100  0.00   1
   105391  40.603776 -123.986572    22.186    20799.1     5945.8      759.1      1.3      0.7      1.2 2021  6 30  5 49 47.860  0.00   1
   105476  40.760925 -123.871826    20.722    30479.2    23396.5     -705.6      1.9      1.2      2.3 2021  4 17 11 13 27.660  0.00   1
   105477  40.760388 -123.867318    19.989    30860.6    23336.9    -1438.7      1.3      1.0      1.4 2021  5 16 18 21  8.560  0.00   1
   105483  40.758691 -123.861458    20.733    31356.5    23148.5     -694.6      1.4      1.0      1.5 2022  5  4  3 34 42.980  0.00   1
   105706  40.597262 -124.042700    21.835    16047.5     5222.4      407.8      1.0      0.8      0.9 2020  2  8  2 28 57.160  0.00   1
   105713  40.597860 -124.063411    23.371    14293.7     5288.8     1944.2      1.3      0.7      0.8 2021  8 21  3 33 28.140  0.00   1
   105954  40.544714 -124.061296    19.774    14478.5     -612.7    -1653.2      0.6      0.5      0.7 2020  2  8 19 52 44.320  0.00   1
   105955  40.541569 -124.064827    19.517    14179.7     -962.0    -1909.9      0.7      0.7      0.7 2020  2 23  1  6 17.520  0.00   1
   105956  40.540515 -124.075716    20.055    13257.4    -1079.0    -1372.4      0.9      0.8      1.0 2020 10 23 10 31 25.740  0.00   1
   105957  40.548222 -124.067318    19.274    13968.0     -223.2    -2153.2      1.0      0.9      1.1 2021  2 19 15  2  5.840  0.00   1
   105958  40.544482 -124.061987    19.851    14420.0     -638.5    -1576.4      0.7      0.7      0.6 2021  7 27 12 42 23.820  0.00   1
   105960  40.543119 -124.068237    19.269    13890.7     -789.8    -2158.6      0.7      0.7      1.0 2021  9  6  1 57 48.460  0.00   1
   105961  40.543921 -124.070264    21.714    13718.9     -700.8      286.3      0.8      1.0      1.6 2021 10 30 15 54 35.980  0.00   1
   106005  40.587939 -124.094857    19.724    11631.9     4187.2    -1703.1      4.8      1.5      1.4 2020  4 19 13  8 57.480  0.00   1
   106006  40.596558 -124.092839    18.713    11802.1     5144.3    -2714.3      2.3      1.1      1.9 2020  6  7 18 47 39.820  0.00   1
   106007  40.593831 -124.085148    19.143    12453.5     4841.5    -2284.7      1.4      0.6      0.8 2020  7 20 16 45 35.520  0.00   1
   106008  40.593608 -124.083187    19.247    12619.6     4816.7    -2180.7      1.6      0.6      1.0 2021 11 25 11 31 45.620  0.00   1
   106009  40.593945 -124.084106    19.178    12541.7     4854.2    -2249.0      0.9      0.8      1.1 2022  1 31  2 46 32.380  0.00   1
   106065  40.534550 -124.390096    25.471   -13374.5    -1741.4     4043.7      0.6      0.6      0.8 2020  2 11 17 54 25.540  0.00   1
   106069  40.500199 -124.446191    16.107   -18131.2    -5555.9    -5320.1      1.1      0.8      3.0 2021  7 22 12 38 41.980  0.00   1
   106070  40.506441 -124.449186    15.756   -18384.1    -4862.8    -5670.9      0.8      1.1      0.9 2021  8 21  7 21 12.600  0.00   1
   106079  40.632532 -123.986800    26.225    20775.4     9139.0     4797.7      1.0      1.3      1.4 2020  2 13 23  7 46.880  0.00   1
   106080  40.644873 -123.978874    27.313    21444.4    10509.5     5886.1      2.3      1.8      4.1 2020  2 27  1  9  9.980  0.00   1
   106081  40.640837 -123.988493    25.874    20630.8    10061.2     4446.3      1.1      1.3      1.0 2020  6 29  6 46  6.840  0.00   1
   106082  40.633879 -123.977905    26.341    21528.1     9288.6     4914.2      1.5      1.1      1.9 2021 11 14 16 50 17.560  0.00   1
   106083  40.640133 -123.984237    25.918    20991.2     9983.1     4491.1      1.1      0.8      1.1 2022  2 10  2 19 50.980  0.00   1
   106084  40.641329 -123.982576    25.750    21131.5    10115.9     4322.4      1.3      0.8      1.3 2022  6  3  6  4  3.860  0.00   1
   106096  40.581323 -124.207235    20.324     2115.7     3452.5    -1103.3      1.2      0.5      0.8 2021 11  2  4 49 56.460  0.00   1
   106102  40.514693 -124.413965    20.219   -15398.8    -3946.4    -1208.7      3.8      5.0      3.6 2022  7  6 11 29  4.460  0.00   1
   106103  40.514547 -124.415047    20.328   -15490.5    -3962.7    -1099.5      5.9      6.0     10.6 2022  8 16  8  0  8.060  0.00   1
   106104  40.515332 -124.415373    20.207   -15518.0    -3875.5    -1219.8      3.8      4.6     10.2 2022  8 29 21 57 39.860  0.00   1
   106135  40.553210 -124.215706    16.987     1398.6      330.8    -4440.3      0.7      0.5      0.9 2021  9 13  0  4  6.120  0.00   1
   106440  40.554887 -124.052466    21.974    15225.3      516.9      546.5      2.1      1.7      2.7 2021  9  4  5 13 46.140  0.00   1
   106496  40.593616 -124.106893    19.551    10612.2     4817.6    -1876.5      0.6      0.6      0.7 2021  8 27  1 44  5.160  0.00   1
   106497  40.592961 -124.105632    19.585    10719.1     4744.8    -1841.8      0.9      1.1      1.2 2021 11 30  0 51 56.760  0.00   1
   106499  40.593233 -124.105664    19.646    10716.3     4775.1    -1781.1      0.6      0.4      0.8 2022  1  8 11 15 11.920  0.00   1
   106609  40.614351 -123.836654    26.974    33490.2     7120.2     5546.5      1.4      0.7      1.5 2020  2 20 17 26 49.040  0.00   1
   106610  40.608362 -123.846842    27.459    32629.0     6455.1     6031.7      0.6      0.5      0.6 2020  7 17 16 58  8.720  0.00   1
   106612  40.606999 -123.847852    28.735    32543.9     6303.7     7308.1      1.5      1.4      1.4 2021 11 24  2 11 55.300  0.00   1
   106613  40.611169 -123.849373    27.649    32414.1     6766.8     6222.2      0.6      0.5      0.6 2022  5 21  1 58 58.180  0.00   1
   106614  40.506885 -124.412744    22.956   -15296.3    -4813.5     1528.7      4.2      5.0      5.8 2020  2 21 12  1 53.080  0.00   1
   106677  40.571077 -124.072266    19.836    13546.6     2314.8    -1591.5      1.4      1.2      1.3 2020  2 22  2  3 27.180  0.00   1
   106678  40.573165 -124.073918    20.044    13406.5     2546.6    -1383.1      0.7      0.5      0.5 2021  2 19 10 17 53.000  0.00   1
   106679  40.577287 -124.069043    19.567    13818.9     3004.3    -1860.6      1.3      1.4      1.0 2022  1 22 18 50  2.840  0.00   1
   106849  40.553280 -123.978768    21.306    21467.9      338.4     -120.9      0.7      1.0      0.6 2020  2 25 10 41 25.500  0.00   1
   106850  40.547758 -123.974788    21.408    21805.9     -274.7      -18.8      1.0      0.9      0.8 2020  6 21 16  9 47.640  0.00   1
   106852  40.539107 -123.965503    21.924    22593.9    -1235.3      496.9      0.9      0.7      1.3 2021  6 16 14  0 25.980  0.00   1
   106853  40.549386 -123.976188    21.856    21687.1      -94.0      428.7      1.0      1.2      1.4 2021  6 17 11 40 36.000  0.00   1
   106855  40.551367 -123.974316    21.501    21845.3      126.1       73.9      1.0      1.1      0.9 2022  9 27  4 34 50.860  0.00   1
   106908  40.622689 -124.302547    19.907    -5954.0     8046.0    -1520.7      1.2      0.9      2.2 2021  4  2 11 45  2.260  0.00   1
   106909  40.624434 -124.299276    19.324    -5676.9     8239.8    -2103.2      1.9      1.3      5.7 2021  4  7  1 55 18.100  0.00   1
   106910  40.621273 -124.302254    20.129    -5929.2     7888.8    -1297.8      1.2      0.8      2.4 2021 10 17 14 20 53.460  0.00   1
   106916  40.624019 -124.298787    19.581    -5635.6     8193.8    -1845.9      1.5      0.8      1.3 2022  7 14  7 38  2.880  0.00   1
   106917  40.503503 -124.331852    19.135    -8442.4    -5189.0    -2291.0      0.7      0.9      1.2 2020  2 29  6 25 39.720  0.00   1
   106919  40.505241 -124.338859    18.410    -9036.0    -4996.0    -3017.5      1.0      1.0      1.3 2020  6 25 12 39 13.840  0.00   1
   106920  40.504891 -124.339486    18.313    -9089.1    -5034.9    -3114.3      1.1      1.2      1.4 2020  6 26 13 51 55.760  0.00   1
   106921  40.504590 -124.339176    18.344    -9062.9    -5068.3    -3083.1      1.1      1.1      1.3 2020  6 27  9  8 18.860  0.00   1
   106924  40.500932 -124.333952    18.764    -8620.4    -5474.6    -2663.5      1.0      1.2      1.2 2020  7 15 15 49 31.760  0.00   1
   106925  40.504545 -124.339160    18.347    -9061.5    -5073.3    -3079.9      1.1      1.1      1.3 2020  7 15  2 55 13.780  0.00   1
   106926  40.500863 -124.334098    18.895    -8632.8    -5482.2    -2532.1      1.3      1.2      1.5 2020  7 15  5  0 39.940  0.00   1
   106927  40.504655 -124.339307    18.436    -9073.9    -5061.1    -2991.2      1.0      1.1      1.3 2020  7 15 19 40 35.320  0.00   1
   106930  40.504374 -124.339087    18.419    -9055.3    -5092.3    -3008.2      1.5      1.6      1.9 2020  7 16 16  0 18.620  0.00   1
   106931  40.502055 -124.330119    19.529    -8295.6    -5349.8    -1898.7      1.2      1.3      1.1 2020  7 16 12 26  9.680  0.00   1
   106933  40.505139 -124.341243    18.713    -9238.0    -5007.3    -2713.8      0.7      0.8      1.0 2020 11 20 17 12 56.060  0.00   1
   106934  40.509371 -124.328117    18.590    -8125.5    -4537.4    -2837.6      0.9      0.9      1.7 2021  5 12 18 32 23.080  0.00   1
   106937  40.509839 -124.327808    18.403    -8099.3    -4485.5    -3024.4      2.2      2.3      2.8 2021  7 11  5  6 12.560  0.00   1
   106939  40.510339 -124.327946    18.435    -8111.0    -4429.9    -2992.2      1.0      1.1      1.1 2021  7 11  7 17 55.760  0.00   1
   106940  40.508443 -124.326546    18.978    -7992.5    -4640.4    -2449.0      1.3      1.1      1.6 2021  7 11  4 14 40.000  0.00   1
   106941  40.508577 -124.326725    18.969    -8007.6    -4625.5    -2458.5      1.3      1.2      1.7 2021  7 11  3 36 34.760  0.00   1
   106942  40.510205 -124.327482    18.423    -8071.7    -4444.8    -3003.8      1.2      1.1      1.2 2021  7 11  2 14  1.880  0.00   1
   106943  40.508211 -124.326204    18.951    -7963.5    -4666.2    -2475.8      1.3      1.1      1.6 2021  7 11  7 49 35.560  0.00   1
   106944  40.508512 -124.326562    18.954    -7993.8    -4632.8    -2473.2      1.3      1.2      1.6 2021  7 12  6 52 59.100  0.00   1
   106945  40.509896 -124.327409    18.648    -8065.5    -4479.1    -2779.6      1.2      1.2      1.1 2021  7 12  7 38 34.800  0.00   1
   106947  40.509920 -124.327970    18.363    -8113.0    -4476.4    -3064.5      1.9      2.1      2.7 2021  7 12  6 52  5.820  0.00   1
   106948  40.509257 -124.326562    18.602    -7993.8    -4550.1    -2825.0      0.8      0.8      1.0 2021  7 12  6 57 12.740  0.00   1
   106949  40.509900 -124.327376    18.648    -8062.7    -4478.7    -2779.4      1.2      1.1      1.1 2021  7 12  6 51 15.180  0.00   1
   106950  40.509839 -124.327393    18.655    -8064.1    -4485.5    -2772.5      1.2      1.2      1.1 2021  7 12 22 18 34.740  0.00   1
   106951  40.510384 -124.327018    18.506    -8032.3    -4424.9    -2921.6      1.0      1.0      1.0 2021  7 12  8 58 54.960  0.00   1
   106952  40.509924 -124.327816    18.406    -8099.9    -4476.0    -3021.5      2.3      2.6      2.7 2021  7 12  8 46 32.680  0.00   1
   106953  40.509021 -124.326090    18.686    -7953.8    -4576.3    -2741.0      1.4      1.1      1.2 2021  7 12  6 48 36.980  0.00   1
   106954  40.509696 -124.327083    18.642    -8037.9    -4501.3    -2785.1      1.1      1.1      1.1 2021  7 12  6 58 19.680  0.00   1
   106959  40.508980 -124.324186    18.805    -7792.5    -4580.8    -2622.1      1.3      0.9      1.6 2021  7 12 15 18 57.120  0.00   1
   106960  40.508293 -124.326351    18.955    -7975.9    -4657.2    -2472.7      1.3      1.1      1.7 2021  7 12 12 15  8.320  0.00   1
   106961  40.508622 -124.326766    18.981    -8011.1    -4620.6    -2446.6      1.3      1.2      1.6 2021  7 12  7 42 57.140  0.00   1
   106962  40.508362 -124.326408    18.947    -7980.8    -4649.5    -2480.2      1.3      1.2      1.6 2021  7 12  8  3  8.480  0.00   1
   106964  40.508370 -124.326302    18.928    -7971.8    -4648.6    -2499.7      1.4      1.2      1.6 2021  7 12  5 33 43.540  0.00   1
   106965  40.508415 -124.326619    19.021    -7998.7    -4643.6    -2406.1      1.3      1.0      1.5 2021  7 12  8 56 41.260  0.00   1
   106967  40.509798 -124.327157    18.527    -8044.1    -4490.0    -2899.8      1.9      1.8      1.6 2021  7 13  3 34 41.120  0.00   1
   106968  40.508175 -124.327319    18.964    -8058.0    -4670.3    -2463.3      1.3      1.3      1.8 2021  7 13 11  0 10.880  0.00   1
   106970  40.507646 -124.322925    18.778    -7685.7    -4729.0    -2649.7      1.4      1.0      1.3 2021  7 15 17 56 38.860  0.00   1
   106971  40.507853 -124.323405    18.739    -7726.3    -4706.0    -2688.2      1.5      1.1      1.3 2021  7 24 15 17 23.680  0.00   1
   106974  40.510295 -124.330347    18.229    -8314.4    -4434.9    -3198.4      0.9      0.8      1.0 2021 12 20 23 45 33.300  0.00   1
   106975  40.502458 -124.338127    18.731    -8974.1    -5305.1    -2696.0      0.8      1.0      1.0 2021 12 20 21 54 42.040  0.00   1
   106977  40.511926 -124.332381    20.343    -8486.6    -4253.7    -1084.1      0.9      0.6      0.6 2021 12 21 12 29 57.320  0.00   1
   106978  40.500533 -124.334880    18.889    -8699.1    -5518.8    -2538.3      1.0      1.2      1.1 2021 12 22  7  9  8.260  0.00   1
   106979  40.503455 -124.334009    19.004    -8625.1    -5194.4    -2423.3      1.0      0.7      1.0 2021 12 22 17  4 29.540  0.00   1
   106983  40.504785 -124.338314    18.637    -8989.8    -5046.7    -2789.8      1.0      0.9      1.3 2021 12 23 19 43 35.140  0.00   1
   106984  40.507149 -124.326774    18.310    -8011.9    -4784.1    -3117.2      1.9      0.7      1.6 2021 12 23  6 28 39.440  0.00   1
   106986  40.510258 -124.327922    18.630    -8108.9    -4438.9    -2797.5      1.1      1.0      1.0 2021 12 25  0 41  6.140  0.00   1
   106988  40.509224 -124.326790    18.563    -8013.1    -4553.7    -2864.1      1.4      1.1      1.1 2021 12 31  7 30 11.740  0.00   1
   106989  40.503153 -124.342139    19.118    -9314.0    -5227.8    -2309.2      1.0      1.1      1.8 2022  1  2 19  6  3.500  0.00   1
   106990  40.506181 -124.329256    18.277    -8222.2    -4891.7    -3150.5      1.1      0.7      0.9 2022  1  2 18 43 27.640  0.00   1
   106991  40.503430 -124.332821    19.252    -8524.4    -5197.1    -2175.3      1.2      1.2      1.3 2022  1 29  0 56  4.940  0.00   1
   106992  40.505094 -124.331942    18.659    -8449.8    -5012.3    -2768.4      1.0      0.9      0.8 2022  2 20  7 55 33.920  0.00   1
   106993  40.508158 -124.327336    19.432    -8059.4    -4672.1    -1995.6      1.1      1.0      1.2 2022  4 11  8 48 35.180  0.00   1
   106995  40.509395 -124.324715    18.576    -7837.3    -4534.7    -2851.5      1.3      0.8      1.2 2022  5 14  5 11 24.580  0.00   1
   106996  40.510990 -124.330046    18.151    -8288.8    -4357.6    -3276.3      0.9      0.9      1.1 2022  5 21 19  6 31.100  0.00   1
   106997  40.506799 -124.322461    18.643    -7646.4    -4823.0    -2784.7      1.2      0.6      1.0 2022  7 18  4 14 31.760  0.00   1
   107286  40.595894 -124.033618    24.308    16816.7     5070.6     2881.2      0.7      0.6      1.2 2020  4 12 17 13 25.640  0.00   1
   107287  40.592843 -124.018726    22.730    18078.1     4731.7     1303.0      1.5      1.2      1.2 2020  4 18 11  7 43.200  0.00   1
   107288  40.594633 -124.015348    23.103    18363.8     4930.5     1675.8      1.1      0.7      0.9 2020 11 20  1 42 41.040  0.00   1
   107289  40.594661 -124.018994    23.062    18055.1     4933.7     1635.1      1.6      1.1      1.4 2020 11 20  1 23 58.260  0.00   1
   107290  40.594584 -124.015243    23.095    18372.8     4925.1     1668.1      1.1      0.6      0.9 2020 11 20  1 20 56.960  0.00   1
   107291  40.593551 -124.015715    23.298    18333.0     4810.3     1870.4      0.9      0.8      1.1 2020 11 20  7  8 23.000  0.00   1
   107292  40.597685 -124.002987    22.994    19410.1     5269.4     1566.5      1.8      0.7      2.2 2021 11 14 17  4  4.680  0.00   1
   107293  40.595996 -124.014111    22.248    18468.4     5081.9      821.0      1.1      0.9      1.1 2021 12  5 10 31 19.440  0.00   1
   107297  40.589701 -123.994759    23.279    20108.0     4382.9     1851.7      0.6      0.5      1.0 2022  1 27  3  6  7.800  0.00   1
   107337  40.511068 -124.426351    23.528   -16448.7    -4349.0     2101.1      3.9      6.9      3.6 2020  3  7  9 53 50.140  0.00   1
   107338  40.486434 -124.453345    26.425   -18739.3    -7084.5     4998.0      0.8      0.5      0.7 2020  9 23 15 27 24.660  0.00   1
   107341  40.503406 -124.430216    25.660   -16777.2    -5199.8     4233.0      0.9      1.0      0.9 2022  5  3 13  8 48.100  0.00   1
   107359  40.527397 -124.381763    25.060   -12669.2    -2535.8     3632.3      0.8      0.9      1.6 2021 12 20 22 54  5.520  0.00   1
   107361  40.525024 -124.401139    23.140   -14311.0    -2799.2     1713.2      1.0      0.6      0.9 2021 12 20 21 57 14.080  0.00   1
   107370  40.476778 -124.535132    26.141   -25672.1    -8156.7     4713.5      1.9      3.6      4.6 2021 11 16  4 40 39.460  0.00   1
   107371  40.470227 -124.531877    23.748   -25397.5    -8884.2     2320.6      0.5      1.0      0.7 2022  4  3 19 28  4.080  0.00   1
   107574  40.468213 -124.427295    19.305   -16533.9    -9107.8    -2122.7      0.9      1.3      1.0 2020  3 11 22 47 36.760  0.00   1
   107579  40.472266 -124.429215    19.880   -16696.2    -8657.8    -1547.2      0.9      1.0      1.2 2021  9 21 12 24 42.300  0.00   1
   107580  40.471590 -124.431104    19.399   -16856.3    -8732.8    -2027.9      0.7      0.9      1.1 2021 10 16  2 20 43.560  0.00   1
   107582  40.483728 -124.436393    19.316   -17303.1    -7385.0    -2110.9      0.7      1.1      2.5 2022  2  5  7 43 32.760  0.00   1
   107583  40.471558 -124.429484    19.841   -16719.0    -8736.4    -1586.6      1.4      1.4      1.4 2022  2 19 19 28 29.060  0.00   1
   107584  40.469177 -124.427287    19.735   -16533.1    -9000.7    -1692.4      1.6      1.4      1.7 2022  2 21 15 20 50.320  0.00   1
   107585  40.469185 -124.427450    19.730   -16546.9    -8999.8    -1697.3      1.5      1.3      1.7 2022  3  8 13 52  8.680  0.00   1
   107586  40.472160 -124.430566    19.924   -16810.7    -8669.5    -1502.9      1.0      1.2      0.9 2022  3 17  5 45 51.800  0.00   1
   107609  40.570101 -123.956551    21.508    23346.8     2206.4       80.7      0.8      0.6      0.5 2021 12 25 22 49 23.520  0.00   1
   107620  40.508911 -124.478263    27.563   -20847.5    -4588.5     6135.5      5.0      5.8      4.9 2020  3 20 11 54 38.000  0.00   1
   107621  40.501652 -124.506266    26.350   -23221.5    -5394.6     4923.2      1.1      1.7      1.6 2020  3 20 22 28 21.200  0.00   1
   107622  40.507507 -124.505632    26.312   -23166.7    -4744.4     4884.8      0.5      0.9      1.6 2020  3 21 20 18  7.640  0.00   1
   107623  40.506816 -124.505290    26.298   -23137.8    -4821.2     4870.5      0.5      0.9      1.5 2020  3 21 19  0  1.520  0.00   1
   107626  40.498112 -124.498234    27.026   -22541.4    -5787.7     5598.6      1.3      1.5      1.6 2020  4 18 11  0 19.100  0.00   1
   107627  40.499141 -124.514657    27.473   -23932.8    -5673.4     6046.0      1.0      0.9      1.5 2020  4 29 15  5 11.240  0.00   1
   107635  40.499849 -124.502311    27.320   -22886.6    -5594.7     5892.6      1.1      0.6      1.1 2021  6 23  5 14 47.320  0.00   1
   107636  40.503560 -124.503923    26.941   -23022.5    -5182.7     5514.0      0.4      0.4      0.7 2021  6 27 15 30 22.300  0.00   1
   107638  40.507837 -124.511344    25.321   -23650.7    -4707.8     3894.0      2.6      2.5      4.6 2021  8 29 17 32  5.980  0.00   1
   107639  40.500167 -124.504036    27.703   -23032.8    -5559.5     6275.7      0.5      1.0      1.5 2021  9  1  5  5 36.660  0.00   1
   107641  40.501750 -124.503662    27.431   -23000.8    -5383.7     6003.5      0.6      0.3      1.1 2021 10  7 19  8 24.060  0.00   1
   107644  40.491300 -124.507048    27.565   -23289.4    -6544.1     6137.7      0.5      0.9      0.6 2021 10 30 23 40 23.100  0.00   1
   107645  40.498751 -124.496761    27.535   -22416.5    -5716.7     6107.8      1.0      1.2      1.0 2021 11 20  8 44 57.940  0.00   1
   107648  40.503556 -124.495394    28.103   -22299.9    -5183.1     6676.0      0.6      1.1      0.7 2021 12 18  8 55  3.900  0.00   1
   107651  40.505835 -124.488696    26.354   -21732.0    -4930.1     4927.0      0.7      0.8      0.6 2022  1 12 11 34 59.600  0.00   1
   107654  40.489880 -124.504411    26.773   -23066.2    -6701.8     5345.3      0.8      1.3      2.5 2022  4 13 23 57 43.640  0.00   1
   107655  40.495943 -124.492586    26.420   -22063.2    -6028.5     4992.7      4.0      4.8      7.7 2022  7 29 16 38  2.820  0.00   1
   107656  40.487785 -124.502515    28.379   -22905.9    -6934.5     6951.4      0.8      1.1      0.5 2022  8 10  2 25 35.080  0.00   1
   107657  40.491077 -124.497526    28.046   -22482.6    -6568.9     6618.7      1.1      1.0      0.3 2022  8 23  6 57 35.860  0.00   1
   107661  40.494788 -124.519149    26.318   -24314.3    -6156.8     4890.5      0.6      0.6      1.0 2022 10 16 17  6 16.580  0.00   1
   107662  40.493770 -124.510522    27.580   -23583.5    -6269.8     6152.5      0.7      1.0      1.5 2022 10 16 21 31  2.740  0.00   1
   107663  40.494747 -124.510002    27.574   -23539.2    -6161.4     6146.9      0.7      1.0      1.6 2022 10 16 17  0 17.060  0.00   1
   107664  40.524255 -124.388981    23.701   -13281.1    -2884.6     2273.3      1.0      0.6      1.0 2020  3 13 19 20 41.280  0.00   1
   107680  40.562052 -123.997184    22.621    19906.7     1312.6     1194.0      1.1      0.3      0.2 2020  4 27  3 46 18.440  0.00   1
   107683  40.562272 -124.014648    22.557    18427.5     1337.0     1130.2      0.8      0.5      0.6 2020 11 11 11 22 54.400  0.00   1
   107687  40.561283 -123.999097    22.099    19744.9     1227.2      672.2      0.5      0.6      0.8 2021 12 25 23  5 26.280  0.00   1
   107808  40.546720 -124.195801    27.154     3084.8     -389.9     5726.7      0.8      0.6      1.0 2020  3 18 22 58 40.420  0.00   1
   107818  40.463794 -123.820207    23.186    34921.6    -9598.5     1758.6      0.9      1.8      0.8 2021  1 21 21  8 56.860  0.00   1
   107819  40.464624 -123.818840    23.171    35037.3    -9506.4     1744.2      1.1      1.3      1.1 2021  1 24 19 45 59.820  0.00   1
   107820  40.466561 -123.821086    23.068    34846.4    -9291.3     1641.0      0.9      1.0      0.6 2022  1 24 23 34 18.900  0.00   1
   107823  40.469779 -123.822729    23.184    34706.2    -8933.9     1757.0      0.5      0.9      0.6 2022 11 20 17  4 54.300  0.00   1
   107825  40.515592 -124.418424    19.967   -15776.5    -3846.6    -1460.0      1.9      2.3      2.5 2020  3 18 23 32 29.300  0.00   1
   107844  40.621781 -124.311108    19.822    -6678.8     7945.2    -1605.4      0.7      0.5      1.5 2020  3 18  4 40 58.500  0.00   1
   107847  40.622127 -124.306494    21.162    -6288.1     7983.6     -264.8      1.0      0.5      1.9 2022  1 23 16 30 25.180  0.00   1
   107849  40.621802 -124.311743    19.571    -6732.5     7947.5    -1856.3      0.9      0.6      1.9 2022 10 21 10 46 28.380  0.00   1
   107887  40.582052 -124.428540    23.015   -16625.4     3533.4     1587.3      1.1      0.9      1.4 2020  7 13 13  8 40.060  0.00   1
   107888  40.580754 -124.432275    23.476   -16941.9     3389.3     2049.1      1.0      1.1      1.2 2020  8 15  3 41 44.920  0.00   1
   107890  40.581181 -124.432756    23.416   -16982.5     3436.7     1988.5      1.0      1.1      1.2 2021  8  9 17  8 53.000  0.00   1
   107891  40.583907 -124.432056    23.945   -16922.9     3739.5     2517.8      1.3      1.0      1.0 2021  8 11  0 58 47.400  0.00   1
   107895  40.574662 -124.435994    22.833   -17257.6     2712.9     1405.7      1.3      1.1      1.4 2022  9  4 19 13 25.340  0.00   1
   107928  40.582979 -124.427238    23.144   -16515.0     3636.4     1717.0      0.3      0.4      0.5 2020  7 22  0 55 19.100  0.00   1
   107930  40.612606 -124.435213    22.969   -17186.6     6926.3     1541.8      1.8      1.1      1.0 2021 12 13  1 46 42.200  0.00   1
   107964  40.535531 -124.398820    17.668   -14113.4    -1632.5    -3759.1      0.6      0.4      1.0 2021 11 14  0  8  4.400  0.00   1
   107965  40.529553 -124.392830    17.579   -13606.6    -2296.3    -3848.7      2.9      5.2     11.6 2021 12 21 22 13 12.300  0.00   1
   107971  40.530900 -124.406510    16.874   -14765.4    -2146.7    -4553.7      0.6      0.3      0.7 2022 10  9 19  5  2.280  0.00   1
   107978  40.535986 -124.423397    28.417   -16195.4    -1581.9     6989.9      0.8      1.7      1.6 2021  4 15  8 56 41.520  0.00   1
   107980  40.527340 -124.424325    26.773   -16275.0    -2542.1     5345.4      0.8      0.8      1.0 2021  8  4 18 58 46.060  0.00   1
   107981  40.530554 -124.419336    26.644   -15852.0    -2185.1     5216.8      0.7      0.7      1.0 2021  8 21 16 23 33.700  0.00   1
   107983  40.523600 -124.434530    26.213   -17140.1    -2957.3     4786.2      1.3      1.0      1.5 2021 11  3  7 32 49.840  0.00   1
   107984  40.515763 -124.429500    26.910   -16714.9    -3827.6     5482.9      1.0      1.1      1.6 2021 12  3 10 42 13.240  0.00   1
   107988  40.529215 -124.420605    26.685   -15959.7    -2333.8     5257.8      1.2      1.0      1.6 2022  2 13 11 20 53.200  0.00   1
   107989  40.517684 -124.423006    27.151   -16164.5    -3614.3     5723.7      1.5      0.9      1.3 2022  4 26 22 35 44.360  0.00   1
   107990  40.528475 -124.422892    26.640   -16153.5    -2416.0     5212.4      0.8      0.8      0.9 2022  8 18  8 41 53.440  0.00   1
   107991  40.530949 -124.425716    26.206   -16392.5    -2141.3     4778.7      1.2      1.3      1.5 2022 11  8  8 40 30.120  0.00   1
   107992  40.526762 -123.990861    20.700    20447.6    -2606.2     -727.1      0.4      0.4      0.4 2020  3 19 15 51  1.740  0.00   1
   107998  40.517102 -123.977173    20.903    21608.8    -3678.9     -524.4      0.4      0.4      0.4 2022  1 22 10 34 20.100  0.00   1
   107999  40.518921 -123.979028    20.847    21451.3    -3476.9     -580.1      0.4      0.4      0.4 2022  2 15  1 12 31.400  0.00   1
   108057  40.469299 -124.443115    22.453   -17874.6    -8987.2     1025.9      1.3      0.9      0.7 2021 12  5 19 24 48.900  0.00   1
   108061  40.469873 -124.451294    21.218   -18567.7    -8923.5     -209.0      0.8      0.7      1.1 2022  9 23 15 56 33.080  0.00   1
   108062  40.466972 -124.432064    20.894   -16938.2    -9245.6     -532.8      1.2      1.0      1.0 2022  9 28 23  9 12.340  0.00   1
   108063  40.583110 -124.354525    27.293   -10357.4     3650.9     5866.0      1.7      1.3      1.1 2020  3 20  8 49 18.520  0.00   1
   108064  40.580998 -124.347518    28.080    -9764.2     3416.4     6652.6      1.4      1.5      1.6 2021 10 17  9 59  8.260  0.00   1
   108067  40.538501 -124.404655    28.081   -14607.4    -1302.7     6653.3      0.6      0.7      0.9 2021 11  3 11  8 47.100  0.00   1
   108068  40.537122 -124.404606    28.286   -14603.4    -1455.8     6858.3      0.6      0.5      0.7 2021 11  3  4 10 39.340  0.00   1
   108070  40.535693 -124.411499    28.135   -15187.5    -1614.4     6707.9      0.8      0.6      1.2 2021 12 20 21 58 50.200  0.00   1
   108071  40.535445 -124.411825    28.950   -15215.1    -1642.0     7523.2      0.8      0.6      0.9 2022  1  6 19 21 44.640  0.00   1
   108073  40.617285 -123.948966    22.352    23980.8     7446.0      924.8      1.2      0.9      2.0 2020  9 26  5 11 46.240  0.00   1
   108076  40.611226 -123.944531    22.117    24357.4     6773.2      689.6      1.2      1.4      1.7 2021 10 28  3 17 37.200  0.00   1
   108082  40.612215 -123.943823    21.504    24417.2     6883.0       77.0      0.8      0.8      1.1 2022  4 23 20  0 10.440  0.00   1
   108083  40.621619 -123.946257    21.722    24209.5     7927.2      294.4      0.6      0.5      1.1 2022  6 17 14 38  4.080  0.00   1
   108103  40.555819 -124.255216    23.061    -1948.0      620.4     1633.4      0.6      0.4      0.3 2020  3 24  7  2 14.780  0.00   1
   108105  40.550871 -124.245361    22.792    -1113.3       70.9     1364.4      0.5      0.5      0.4 2020 11 21  0 51 45.000  0.00   1
   108108  40.553202 -124.249561    22.062    -1468.9      329.8      634.7      0.8      0.6      1.0 2022 11 11 23  8  9.040  0.00   1
   108253  40.746765 -123.837524    21.285    33383.6    21824.1     -142.5      0.9      0.7      0.6 2020  3 28 12 19 52.180  0.00   1
   108254  40.749601 -123.835783    20.286    33530.2    22139.0    -1141.2      1.2      1.0      0.8 2020  9 14 17 47 56.900  0.00   1
   108256  40.480351 -124.459033    18.350   -19222.2    -7760.0    -3077.1      0.4      0.8      1.0 2020  3 29  2 10 37.820  0.00   1
   108258  40.476160 -124.459448    19.426   -19258.0    -8225.4    -2001.2      0.7      0.6      0.8 2021 10  3  5 55  4.840  0.00   1
   108259  40.477690 -124.458171    19.396   -19149.5    -8055.5    -2030.9      0.6      0.6      0.8 2021 11 19  6 49 32.480  0.00   1
   108344  40.526636 -124.400651    17.633   -14269.5    -2620.2    -3794.1      0.7      1.1      1.7 2022  6  5 23 40 24.620  0.00   1
   108357  40.572290 -124.097461    22.936    11412.7     2449.5     1508.6      1.5      1.3      1.7 2021  2 21 19 35 38.660  0.00   1
   108358  40.571635 -124.091618    22.738    11907.6     2376.7     1311.0      0.6      0.8      0.9 2021 10 31 11 18 33.720  0.00   1
   108359  40.569165 -124.101546    23.205    11067.0     2102.4     1777.3      0.6      0.3      0.3 2022  2  6  9 49 13.780  0.00   1
   108413  40.479744 -124.498983    23.792   -22607.9    -7827.3     2365.0      0.4      0.8      1.3 2020  4 13  9 58 32.960  0.00   1
   108414  40.458630 -124.510091    23.941   -23553.0   -10171.9     2514.0      1.0      1.1      0.5 2020  8 28 23 50 45.120  0.00   1
   108415  40.462419 -124.507853    23.723   -23362.7    -9751.3     2295.7      0.8      0.8      1.1 2020  9 24 22 17 36.960  0.00   1
   108416  40.463424 -124.499577    27.319   -22661.0    -9639.7     5891.5      3.4      5.9      5.8 2021  2  3  1 21 28.060  0.00   1
   108422  40.478630 -124.510937    23.735   -23621.3    -7951.1     2307.6      0.8      1.0      1.4 2021 11 29 21 27 26.620  0.00   1
   108424  40.466577 -124.503573    26.283   -22999.2    -9289.5     4855.7      1.7      4.1      3.1 2022  2 13  8 54 23.040  0.00   1
   108430  40.455664 -124.509456    23.827   -23499.8   -10501.3     2399.3      0.6      1.0      1.1 2022 11 14 21 27 40.840  0.00   1
   108464  40.604989 -124.092773    18.862    11806.8     6080.5    -2565.5      1.7      1.1      1.4 2022  1 22 11 10 16.600  0.00   1
   108465  40.608720 -124.100041    17.692    11191.2     6494.8    -3735.3      1.9      1.3      2.5 2022  1 29  6 14 29.780  0.00   1
   108466  40.589140 -124.298454    19.821    -5608.8     4320.5    -1606.3      2.5      1.7      3.3 2020  4 19 16 21  7.220  0.00   1
   108475  40.501029 -124.431844    25.523   -16915.4    -5463.7     4095.8      0.7      0.8      1.1 2020  8 21 16 41  2.020  0.00   1
   108479  40.500586 -124.429777    23.133   -16740.3    -5513.0     1705.6      0.8      1.0      1.2 2021  9 26  7 21 14.820  0.00   1
   108490  40.635872 -124.000212    24.614    19639.6     9510.0     3186.7      1.3      1.3      1.4 2020  4 19  6 45 57.780  0.00   1
   108491  40.515776 -124.345044    17.623    -9559.3    -3826.2    -3804.4      0.8      1.0      0.7 2020  4 21 11 21 54.140  0.00   1
   108492  40.508350 -124.335132    19.100    -8719.9    -4650.8    -2327.7      0.8      1.0      0.8 2020  6 19  5 30 29.960  0.00   1
   108493  40.510441 -124.337166    18.998    -8892.2    -4418.6    -2428.8      0.7      0.8      0.6 2021  3 12  1 30 38.560  0.00   1
   108494  40.509086 -124.333781    19.071    -8605.4    -4569.1    -2356.4      0.7      0.9      0.8 2021  6 14 22 35  4.460  0.00   1
   108495  40.510225 -124.331356    19.401    -8399.9    -4442.5    -2025.9      1.2      0.8      1.4 2021  6 14 21 36  2.260  0.00   1
   108496  40.510453 -124.331917    19.392    -8447.4    -4417.2    -2035.7      1.0      1.0      1.1 2021  6 14 21 44 45.960  0.00   1
   108497  40.509334 -124.334017    19.051    -8625.4    -4541.5    -2376.6      0.8      0.8      1.1 2021  6 15  9 44 20.640  0.00   1
   108498  40.510262 -124.333602    19.126    -8590.2    -4438.5    -2300.8      0.6      0.5      0.8 2021  6 15  8 53  6.160  0.00   1
   108499  40.510571 -124.334196    18.939    -8640.5    -4404.1    -2488.5      0.6      0.6      0.6 2021  6 15  9 30  2.180  0.00   1
   108500  40.510380 -124.333667    19.108    -8595.7    -4425.4    -2319.7      0.7      0.6      0.9 2021  6 15  9 15  5.520  0.00   1
   108501  40.508964 -124.335571    19.030    -8757.1    -4582.6    -2397.3      0.6      0.5      1.0 2021 12 11  4 20 38.740  0.00   1
   108566  40.642957 -124.067415    23.388    13950.0    10296.6     1960.7      0.8      0.6      0.2 2020  5  5 15 41 19.740  0.00   1
   108569  40.504972 -124.490023    23.873   -21844.5    -5025.9     2446.2      0.9      1.1      0.6 2020  5  6  2 15 26.660  0.00   1
   108570  40.504740 -124.491374    23.700   -21959.0    -5051.6     2272.5      0.5      0.8      1.4 2021  7 27  7 34 24.040  0.00   1
   108571  40.606921 -124.091602    17.785    11905.9     6295.1    -3642.4      0.6      0.4      0.5 2020  5  9 23 48 21.420  0.00   1
   108578  40.491321 -124.506169    15.575   -23215.0    -6541.8    -5852.0      1.0      1.5      1.9 2022  3 19 17 38 45.720  0.00   1
   108600  40.552934 -124.254232    24.738    -1864.6      300.0     3310.9      0.8      0.5      1.9 2020  8  8  3  7 36.200  0.00   1
   108601  40.548222 -124.260213    26.046    -2371.3     -223.2     4618.8      1.3      0.9      1.6 2021  7 18  8 37 44.140  0.00   1
   108604  40.549939 -124.252327    23.747    -1703.3      -32.5     2319.7      1.6      0.7      0.7 2022  6 14  4 29 40.760  0.00   1
   108605  40.551265 -124.244246    23.619    -1018.8      114.8     2191.8      0.8      0.3      0.4 2022  6 29  2 18 33.580  0.00   1
   108609  40.530758 -124.349080    18.275    -9900.2    -2162.5    -3152.5      0.5      0.4      1.0 2020  5 21  5 49 36.720  0.00   1
   108610  40.530912 -124.349219    18.286    -9911.9    -2145.4    -3141.4      0.5      0.4      0.9 2020  5 21  6  0 18.060  0.00   1
   108611  40.537944 -124.349691    17.524    -9951.3    -1364.6    -3903.1      0.4      0.5      0.2 2020  5 21  5 49 32.040  0.00   1
   108616  40.530627 -124.424821    17.622   -16316.7    -2177.0    -3804.8      4.5      2.9      6.9 2020  5 27 17 28 46.460  0.00   1
   108617  40.522457 -124.375163    19.188   -12110.5    -3084.3    -2239.3      3.8      4.3      6.5 2021 12 21  9 14 12.320  0.00   1
   108618  40.521879 -124.412581    19.010   -15280.8    -3148.5    -2417.4      1.5      2.2      2.3 2020  5 29  3 10 10.980  0.00   1
   108624  40.528800 -124.336182    20.100    -8807.6    -2379.9    -1327.2      1.5      0.9      2.0 2020  6  1 23 58 17.820  0.00   1
   108625  40.524369 -124.321305    20.292    -7547.5    -2871.9    -1135.7      2.2      2.6      3.0 2020  6 24  4 56 53.760  0.00   1
   108626  40.524512 -124.321444    20.355    -7559.2    -2856.1    -1072.0      2.4      2.6      3.5 2020  6 25 13  0 35.620  0.00   1
   108655  40.575635 -124.179663    18.566     4450.8     2820.9    -2861.5      0.6      0.7      1.4 2021 10 12  3 27 25.740  0.00   1
   108724  40.620158 -123.932552    21.664    25369.9     7765.0      236.5      1.5      1.2      2.1 2020  6 14 11 45 45.620  0.00   1
   108732  40.601025 -123.918115    22.448    26596.0     5640.4     1020.8      1.6      1.4      1.7 2022 10 13 19 35 55.660  0.00   1
   108757  40.542932 -124.054850    19.838    15024.7     -810.6    -1589.1      1.0      0.8      0.8 2020  6 14 14 58 40.620  0.00   1
   108758  40.541390 -124.056958    19.833    14846.3     -981.9    -1594.3      1.4      0.7      0.9 2021  3  4 22 22 58.560  0.00   1
   108759  40.530806 -124.034147    20.666    16780.0    -2157.1     -761.6      8.4      7.5      8.0 2022  2 22 19 27 13.320  0.00   1
   108760  40.542057 -124.050659    19.912    15379.8     -907.8    -1515.7      0.9      0.6      0.8 2022  3 14  4  0 41.420  0.00   1
   108761  40.542240 -124.052897    19.854    15190.2     -887.4    -1573.0      0.9      0.9      1.0 2022  4  7 13 29 19.080  0.00   1
   108768  40.610478 -124.084172    18.597    12534.6     6690.0    -2829.9      1.8      0.5      1.5 2020 12 14 11 30 35.940  0.00   1
   108775  40.489083 -123.867887    20.757    30874.5    -6790.3     -670.2      0.9      1.1      1.2 2021  3 12  6 12 15.860  0.00   1
   108778  40.520597 -123.913615    20.914    26993.1    -3290.8     -513.7      1.1      1.1      1.0 2021 10  5  6 18 43.140  0.00   1
   108780  40.521139 -123.912671    20.721    27073.0    -3230.7     -705.9      1.2      1.1      1.0 2021 10  6 16 45 29.740  0.00   1
   108782  40.521350 -123.912939    20.716    27050.2    -3207.2     -710.9      1.5      1.3      1.4 2021 10  6 17 13 28.040  0.00   1
   108784  40.527218 -123.914478    20.897    26918.7    -2555.6     -529.9      0.7      1.3      0.9 2021 10  6 18 40 27.620  0.00   1
   108785  40.520345 -123.913241    20.789    27024.9    -3318.8     -638.5      1.3      1.2      1.2 2021 10  6 19 49 19.280  0.00   1
   108789  40.522563 -123.912508    21.256    27086.5    -3072.5     -171.0      0.9      1.0      0.9 2021 10  6 11 42 23.740  0.00   1
   108794  40.520992 -123.912435    20.730    27093.0    -3247.0     -697.6      1.2      1.1      1.1 2021 10  9 19 44 44.220  0.00   1
   108797  40.516821 -123.907568    21.515    27506.1    -3710.1       87.9      0.7      0.7      0.7 2021 10 10 14 55 46.020  0.00   1
   108839  40.502547 -124.435588    23.475   -17232.4    -5295.2     2048.0      0.8      0.9      0.9 2021  4  7 10 38 50.740  0.00   1
   108840  40.495296 -124.437020    23.668   -17354.7    -6100.4     2240.3      0.8      1.2      0.7 2021 11  7  2 42 54.760  0.00   1
   108860  40.633541 -123.929818    21.706    25598.9     9251.1      278.7      1.0      0.5      0.9 2020  7  8 15  4 51.000  0.00   1
   108864  40.609888 -123.888135    22.952    29132.6     6624.5     1524.5      1.3      1.1      2.5 2020  7 12  6 10  9.180  0.00   1
   108865  40.613778 -123.889657    23.516    29002.9     7056.5     2088.3      1.8      1.2      1.6 2021  7 25  9 12 32.240  0.00   1
   108866  40.612764 -123.889852    22.856    28986.6     6944.0     1428.9      1.3      1.2      2.5 2022  9 20 20 35 29.800  0.00   1
   108897  40.601652 -124.121183    17.162     9401.6     5710.0    -4265.2      1.1      0.6      0.8 2020  7 21  9 58 36.880  0.00   1
   108901  40.603048 -124.099438    18.378    11242.7     5864.9    -3048.9      1.3      0.4      0.8 2020  7 28 10 54 20.520  0.00   1
   108918  40.646488 -124.023698    18.388    17650.0    10688.8    -3039.7      2.1      0.6      1.8 2020  8 14  7 59 14.720  0.00   1
   108919  40.644666 -124.017147    18.968    18204.8    10486.4    -2458.9      1.8      1.1      1.4 2020  8 14  7 29 17.360  0.00   1
   108921  40.645247 -124.023088    18.212    17701.9    10551.0    -3214.8      1.3      0.7      2.3 2021 11 16 18 50  1.700  0.00   1
   108922  40.593896 -124.118595    19.495     9621.3     4848.7    -1932.5      0.6      0.5      0.6 2020  8 17 22 44  9.820  0.00   1
   108923  40.593111 -124.118408    19.640     9637.2     4761.5    -1787.7      0.6      0.5      0.5 2020  8 17 22 37  2.940  0.00   1
   108925  40.604533 -124.104370    20.583    10825.0     6029.9     -844.7      0.7      0.4      0.7 2021  6 29  5 32 28.020  0.00   1
   108926  40.597766 -124.120101    20.604     9493.5     5278.5     -823.0      0.5      0.5      0.8 2021  9  2  7  3 32.740  0.00   1
   108956  40.536938 -124.241870    19.299     -817.6    -1476.2    -2128.1      0.8      1.0      1.7 2020  8 19  9 20 36.680  0.00   1
   108957  40.529919 -124.249959    18.897    -1503.0    -2255.6    -2530.5      1.0      1.2      1.5 2021  7 30  7  1 16.480  0.00   1
   108959  40.533663 -124.245679    18.988    -1140.3    -1839.9    -2439.7      0.9      1.1      1.2 2022  9 20 20 46 19.020  0.00   1
   108974  40.609802 -124.212549    24.421     1665.4     6615.0     2993.7      1.5      1.0      2.1 2021  6  2  8  1  4.060  0.00   1
   108976  40.604537 -124.245907    23.410    -1159.0     6030.3     1982.3      2.5      2.2      3.5 2021  8  2  1 42 32.520  0.00   1
   108977  40.621741 -124.214616    25.593     1490.2     7940.7     4165.5      4.4      1.2      3.5 2021  9 27 13 54 30.160  0.00   1
   108978  40.608797 -124.223234    25.277      760.7     6503.4     3849.6      1.8      1.1      2.0 2021 11 19  5 14  6.980  0.00   1
   108988  40.602779 -124.059456    22.893    14628.0     5835.1     1465.5      0.5      0.6      0.7 2021  9 19  2 30 15.040  0.00   1
   108995  40.562642 -123.934782    22.182    25191.9     1378.1      755.0      0.6      0.5      0.8 2020  9  7  3  4 36.280  0.00   1
   108998  40.562805 -123.930851    21.597    25524.8     1396.2      169.8      1.8      1.8      1.3 2020 11 23  2 17 29.880  0.00   1
   108999  40.563326 -123.946826    21.491    24171.7     1454.0       63.5      1.3      0.3      1.3 2020 11 23  2 27  1.080  0.00   1
   109001  40.563977 -123.934619    21.912    25205.4     1526.3      484.8      1.0      0.6      0.8 2021  4 25  2 44 15.560  0.00   1
   109003  40.549699 -123.913867    22.963    26965.9      -59.2     1535.5      4.6      4.8      5.4 2021  9 25  7 21 32.760  0.00   1
   109005  40.564299 -123.934692    22.011    25199.2     1562.0      583.9      0.9      0.9      1.5 2022  1 19 16 50 43.900  0.00   1
   109006  40.565804 -123.933285    22.039    25318.1     1729.2      611.9      0.8      1.1      1.3 2022  1 23  4 17 44.580  0.00   1
   109007  40.560689 -123.930583    22.169    25547.9     1161.2      741.3      1.0      0.3      1.0 2022  1 23 13 55 42.740  0.00   1
   109008  40.561853 -123.934798    23.181    25190.7     1290.5     1754.0      0.3      0.3      1.0 2022  5 17 14 52 29.660  0.00   1
   109027  40.521773 -123.898055    19.984    28311.1    -3160.2    -1443.4      1.0      1.0      1.0 2020  9 12  9 10  3.360  0.00   1
   109029  40.531319 -123.901449    23.407    28021.6    -2100.2     1979.6      2.4      4.0      2.6 2021 10 21 16 23 18.500  0.00   1
   109031  40.526095 -123.904362    20.215    27775.9    -2680.3    -1212.6      0.4      0.9      1.4 2022  9 21 22  2  0.300  0.00   1
   109034  40.606156 -123.919246    25.010    26499.2     6210.2     3583.0      1.3      1.1      1.2 2021 10 16  0 56 17.260  0.00   1
   109035  40.605790 -123.916838    24.961    26703.2     6169.5     3533.6      0.6      0.6      0.9 2022  4  7  7 43 59.660  0.00   1
   109037  40.598922 -124.116829    18.474     9770.4     5406.8    -2953.5      0.5      0.6      0.8 2021  8 28 10 22 15.280  0.00   1
   109040  40.535250 -124.045736    19.979    15797.7    -1663.7    -1448.7      1.1      0.6      0.5 2021  5  4 20 49 28.940  0.00   1
   109042  40.536951 -124.051107    19.746    15342.5    -1474.8    -1681.3      0.7      0.5      0.5 2021 12 10 18 19  3.380  0.00   1
   109047  40.661410 -123.886711    28.686    29242.0    12345.8     7258.7      2.1      1.8      2.7 2022  7  7 10 16 42.560  0.00   1
   109051  40.588745 -124.075260    22.207    13291.3     4276.7      779.9      0.5      0.5      0.6 2022 10 22  1 32  8.620  0.00   1
   109052  40.612508 -124.075741    17.806    13248.3     6915.5    -3621.2      2.6      1.2      1.9 2020  9 18  1 49 50.060  0.00   1
   109054  40.622550 -124.063444    17.859    14288.3     8030.6    -3568.2      1.5      0.7      1.1 2021  8  3  7 25 29.060  0.00   1
   109057  40.619946 -124.078231    17.362    13036.7     7741.5    -4064.9      2.0      0.8      1.4 2021 11  1 20 23 11.500  0.00   1
   109058  40.618774 -124.077791    17.929    13074.0     7611.3    -3498.2      2.0      0.9      1.8 2022  7  2 18 54 53.920  0.00   1
   109059  40.618868 -124.078605    17.873    13005.1     7621.7    -3553.9      1.7      0.9      1.6 2022  7  5 10 26 16.440  0.00   1
   109060  40.609530 -124.079248    18.471    12951.6     6584.7    -2956.3      3.2      1.0      3.1 2022  9 22  5 20 24.860  0.00   1
   109079  40.590959 -124.326253    21.218    -7962.8     4522.5     -209.4      1.2      1.1      1.9 2020  9 24  1 37  2.540  0.00   1
   109081  40.592920 -124.324902    21.363    -7848.3     4740.3      -64.4      1.8      1.0      2.1 2021  8  3  7 28  1.280  0.00   1
   109082  40.592501 -124.323617    21.484    -7739.4     4693.8       56.3      1.8      1.4      2.6 2021  8  3  7 28 11.760  0.00   1
   109083  40.592167 -124.325659    21.508    -7912.4     4656.7       81.1      1.2      1.0      1.8 2022  3 18 23 22 52.560  0.00   1
   109086  40.615690 -124.093677    19.788    11729.4     7268.8    -1637.9      0.6      0.7      0.8 2020  9 29 20 57 21.240  0.00   1
   109088  40.592167 -124.103011    22.966    10941.1     4656.7     1539.1      0.9      0.8      1.6 2021  8  2  6  3 50.240  0.00   1
   109099  40.524125 -124.385465    16.441   -12983.2    -2899.0    -4986.4      3.0      1.7      4.4 2022 11  3 21 25 34.920  0.00   1
   109112  40.572489 -123.940413    20.479    24713.1     2471.6     -948.4      0.4      0.7      0.4 2020 11 28  4 46 13.820  0.00   1
   109120  40.562602 -123.924910    21.814    26028.0     1373.6      386.4      4.3      3.8      4.6 2021 10  7 15 37 20.960  0.00   1
   109123  40.560726 -123.929932    21.480    25603.1     1165.3       52.4      4.0      3.0      6.0 2021 10  7 10 58 29.020  0.00   1
   109127  40.562984 -123.925252    21.825    25999.0     1416.1      397.8      4.3      3.8      4.7 2021 10  9 15  2 48.760  0.00   1
   109129  40.526135 -124.433797    20.119   -17077.7    -2675.8    -1308.4      3.6      6.0      8.5 2020 10 11 16 54  4.900  0.00   1
   109133  40.638481 -124.029508    18.452    17159.2     9799.6    -2975.0      0.7      0.5      1.0 2020 10 20  3 57  2.000  0.00   1
   109186  40.669096 -123.913932    23.217    26936.5    13199.3     1789.4      1.4      1.2      1.3 2020 11 10  7 29 44.140  0.00   1
   109189  40.673336 -123.887817    21.882    29145.7    13670.1      454.8      1.1      0.8      1.4 2021  5 13  9 32 24.180  0.00   1
   109190  40.663770 -123.885881    22.783    29311.7    12607.8     1355.9      1.2      0.7      0.7 2022  6 25  8 45  6.260  0.00   1
   109416  40.597957 -123.970353    22.197    22173.3     5299.7      769.9      1.4      1.3      1.0 2020 11 28  4 41 25.020  0.00   1
   109417  40.597811 -123.970524    22.129    22158.9     5283.4      701.8      1.3      1.2      0.9 2020 11 28  4 28 30.560  0.00   1
   109418  40.598910 -123.973031    22.484    21946.5     5405.4     1057.0      0.8      0.5      0.5 2021  3 28 11 21 31.120  0.00   1
   109420  40.600696 -123.917277    21.936    26667.0     5603.8      509.1      1.1      0.7      0.8 2020 12  7 19  3 16.040  0.00   1
   109421  40.604407 -123.915063    21.998    26853.7     6015.9      571.1      0.9      0.7      1.1 2020 12  7 19  5 36.340  0.00   1
   109427  40.594385 -123.904793    25.622    27725.3     4903.0     4194.4      0.8      0.7      0.9 2020 11 29  9 45 15.600  0.00   1
   109428  40.594165 -123.898641    25.964    28246.3     4878.6     4536.6      0.4      0.7      1.5 2021  1 19 12 58 57.580  0.00   1
   109430  40.591081 -123.913135    26.029    27019.7     4536.1     4602.1      1.7      0.7      1.2 2022  3 18  0  7 21.100  0.00   1
   109436  40.605697 -124.098706    15.498    11304.5     6159.1    -5929.3      0.4      0.4      0.4 2020 12  1 11 36 42.680  0.00   1
   109448  40.553328 -124.014347    21.813    18454.2      343.9      385.3      1.3      0.8      1.2 2022  1 19 22 27 40.720  0.00   1
   109451  40.565023 -124.011930    22.537    18657.4     1642.5     1110.0      1.2      0.7      1.2 2022  6  9  2 12 47.440  0.00   1
   109453  40.566549 -124.022689    22.624    17746.0     1811.9     1196.8      1.3      1.0      1.4 2022 11 22  5  9 14.600  0.00   1
   109457  40.590686 -124.184261    21.205     4061.0     4492.2     -222.3      1.0      1.0      1.6 2022 11 20 16 58  8.260  0.00   1
   109458  40.552136 -123.889225    22.158    29052.7      211.5      730.5      0.7      0.5      0.3 2020 12 19 19 50 56.380  0.00   1
   109461  40.601318 -124.105200    16.509    10754.9     5672.9    -4918.3      1.6      1.4      1.3 2021  1  4  6 14 34.600  0.00   1
   109483  40.497542 -124.464152    23.042   -19653.5    -5850.9     1615.2      0.6      0.8      0.9 2021  1 13 19 34 16.280  0.00   1
   109484  40.519006 -124.467171    23.892   -19906.2    -3467.5     2465.0      0.7      0.6      0.4 2021  2 12 14 58  6.120  0.00   1
   109485  40.511751 -124.451815    25.082   -18606.1    -4273.1     3654.5      0.7      0.9      2.1 2022  6  3  7 37 13.740  0.00   1
   109491  40.555131 -124.058049    22.968    14752.4      544.0     1541.2      1.0      0.8      1.0 2022 11 12 22 18 21.100  0.00   1
   109493  40.576379 -124.210889    19.565     1806.4     2903.6    -1862.6      1.0      0.5      0.9 2021 12 30 20 43 22.380  0.00   1
   109498  40.574023 -124.147241    21.854     7196.7     2641.9      426.7      7.3      3.0      4.1 2022  3 29  0 35 16.680  0.00   1
   109534  40.643054 -123.999219    18.481    19722.6    10307.5    -2946.6      0.8      0.5      0.6 2021  3  6  9 15 31.140  0.00   1
   109535  40.652283 -124.010579    18.592    18759.6    11332.3    -2835.2      1.1      0.7      0.7 2021  3  6  9 16 35.960  0.00   1
   109542  40.537463 -123.905176    22.817    27704.6    -1417.9     1390.0      0.8      0.9      0.7 2021  3 19 20 18 50.400  0.00   1
   109543  40.542773 -123.906844    22.913    27562.2     -828.2     1485.6      1.7      1.5      1.8 2021  7 28 11 59  6.040  0.00   1
   109544  40.542765 -123.911808    22.685    27141.7     -829.1     1257.8      1.4      1.3      1.0 2021 11  2 15 33 30.400  0.00   1
   109546  40.541239 -123.912687    22.747    27067.6     -998.6     1320.0      0.8      1.0      1.6 2022  2  8 20 52 37.700  0.00   1
   109547  40.535758 -123.908976    23.439    27383.0    -1607.2     2011.9      1.3      1.6      0.8 2022  5 16 12 51  7.720  0.00   1
   109550  40.569088 -123.971916    23.471    22045.7     2093.8     2043.8      0.5      0.5      0.4 2021 10 14 12 55 59.780  0.00   1
   109551  40.553605 -123.976042    23.776    21698.8      374.6     2348.9      0.3      0.2      0.3 2021 10 18 11 26 36.900  0.00   1
   109560  40.577885 -124.422030    23.048   -16074.6     3070.7     1620.8      1.0      1.2      1.4 2021  4 22 19 58  9.520  0.00   1
   109562  40.572725 -124.415845    23.646   -15551.4     2497.8     2219.0      1.0      1.1      0.8 2021 10  1 17 28 56.900  0.00   1
   109563  40.572990 -124.414225    23.258   -15414.2     2527.2     1831.0      1.2      1.1      1.4 2022  6  6  8 33 56.500  0.00   1
   109585  40.702368 -123.972339    21.466    21988.2    16894.0       38.8      0.4      0.3      0.3 2021 12  9  6 38 26.640  0.00   1
   109586  40.610006 -123.803866    27.407    36267.4     6637.6     5979.3      1.4      1.2      0.6 2021  4 25 12  4 20.500  0.00   1
   109587  40.513025 -124.437264    17.861   -17373.1    -4131.7    -3566.1      2.4      4.3      6.9 2021  4 26 14 34  7.560  0.00   1
   109588  40.530774 -124.391488    20.149   -13492.8    -2160.7    -1278.4      4.4      4.5      7.8 2021  4 30  5 48 15.420  0.00   1
   109590  40.600000 -124.006136    22.823    19143.1     5526.5     1395.4      1.1      0.7      0.5 2021  5  1  6 40  3.120  0.00   1
   109592  40.567977 -124.017171    22.119    18213.1     1970.5      691.8      1.2      0.9      1.2 2022  3 10 22 12 16.660  0.00   1
   109593  40.587427 -124.203345    23.346     2445.1     4130.3     1919.2      0.7      0.3      0.4 2021  5 25 13 41 14.420  0.00   1
   109638  40.582475 -123.954093    24.622    23552.8     3580.4     3194.8      0.7      0.6      0.8 2021  6  5 11 28 29.860  0.00   1
   109639  40.573612 -123.959066    24.130    23133.3     2596.3     2703.2      0.7      0.5      0.7 2022  2 26  5 28  3.880  0.00   1
   109640  40.540092 -123.963582    22.203    22756.4    -1126.0      776.1      1.5      1.8      2.8 2021  6 14 23  5 14.620  0.00   1
   109641  40.545223 -123.967358    21.510    22435.7     -556.2       83.2      1.4      0.8      1.8 2021  6 15  4  8 20.200  0.00   1
   109643  40.534749 -123.965633    21.826    22583.6    -1719.3      398.6      2.9      2.3      2.7 2021  6 15  2 15 10.680  0.00   1
   109645  40.552384 -123.973779    20.593    21890.6      239.0     -833.8      1.2      1.3      1.3 2021  9 21 16 59  7.260  0.00   1
   109646  40.554106 -123.970426    20.590    22174.3      430.2     -837.3      1.6      1.5      1.9 2022  8 19 22 15 53.220  0.00   1
   109647  40.552022 -123.972909    20.973    21964.4      198.8     -454.1      1.4      1.4      1.6 2022  9 26 14 46 33.600  0.00   1
   109649  40.485014 -124.509383    17.168   -23488.5    -7242.2    -4259.0      1.2      1.2      2.2 2022  9 18  8 29  6.480  0.00   1
   109653  40.599634 -124.325374    21.107    -7887.8     5485.8     -319.9      0.9      0.7      2.1 2021  6 26 23 51 53.520  0.00   1
   109656  40.606425 -124.315820    20.344    -7078.5     6240.0    -1083.5      1.1      0.3      1.3 2021  7  7 21  8 20.520  0.00   1
   109661  40.598523 -124.329671    20.788    -8251.7     5362.5     -639.6      0.5      0.6      1.5 2022 11 27 17  4 31.920  0.00   1
   109701  40.533577 -124.351497    18.132   -10104.7    -1849.4    -3295.7      0.5      0.3      0.5 2021  7  9 20  8 44.560  0.00   1
   109707  40.705912 -123.935384    23.060    25114.2    17287.6     1633.2      1.0      0.9      0.8 2021  7 21  1 57 33.440  0.00   1
   109708  40.707796 -123.940951    22.320    24642.9    17496.8      892.3      1.8      0.7      0.6 2022  8 13 12 33 41.180  0.00   1
   109709  40.707397 -123.938468    22.277    24853.0    17452.5      849.6      2.1      0.8      0.8 2022  8 13 13  7 15.920  0.00   1
   109710  40.478333 -124.401742    20.055   -14367.0    -7984.1    -1372.2      0.8      0.7      1.4 2021  7 21  6 27  7.140  0.00   1
   109714  40.514909 -124.434383    17.655   -17128.8    -3922.5    -3772.4      0.2      0.4      0.7 2021  7 22  8 29 59.260  0.00   1
   109718  40.505530 -124.448617    18.180   -18336.0    -4964.0    -3247.5      0.6      0.6      0.7 2022  4  3 19 26 32.500  0.00   1
   109728  40.639600 -123.913875    21.354    26947.2     9923.9      -73.2      0.8      0.5      0.5 2021 10 28 17 29 28.460  0.00   1
   109729  40.640206 -123.915495    21.322    26810.0     9991.2     -105.4      1.4      0.6      0.7 2021 10 28 20 25 38.640  0.00   1
   109732  40.501119 -124.463794    18.322   -19622.6    -5453.8    -3105.3      0.5      0.6      0.7 2021  8  5  5 11 35.000  0.00   1
   109733  40.498865 -124.456966    22.608   -19044.4    -5704.1     1180.8      3.4      4.8      3.2 2021 12 18  9  2 20.600  0.00   1
   109734  40.497864 -124.459798    21.445   -19284.5    -5815.2       17.6      3.7      4.9      4.5 2021 12 21 16 46 40.580  0.00   1
   109741  40.542965 -124.369800    23.727   -11654.4     -807.0     2299.7      0.9      0.6      0.7 2022  8 24 18 28  5.620  0.00   1
   109742  40.635864 -124.042293    19.638    16077.3     9509.1    -1789.1      0.5      0.3      0.5 2021  8 23  5 51 36.160  0.00   1
   109744  40.542891 -123.780786    21.834    38240.4     -815.1      406.7      0.9      1.8      0.6 2021  8 29 12 47 11.520  0.00   1
   109758  40.549316 -124.225285    17.799      587.3     -101.7    -3628.4      0.7      0.4      0.4 2021  9 12 22 48 15.460  0.00   1
   109773  40.509379 -124.413314    19.483   -15344.2    -4536.5    -1943.9      2.9      4.6      5.7 2021 12 23 10 30 50.600  0.00   1
   109775  40.575496 -124.217456    19.709     1250.2     2805.5    -1718.1      3.5      2.0      3.4 2021  9 23 19 33 34.900  0.00   1
   109779  40.526127 -124.343604    18.824    -9436.5    -2676.7    -2603.6      9.5      4.5      7.4 2021  9 30  4 43 34.000  0.00   1
   109788  40.515507 -123.885791    21.933    29351.5    -3856.0      505.7      1.9      1.8      3.1 2021 10  7  4 45 50.940  0.00   1
   109789  40.508089 -123.875521    21.892    30223.3    -4679.8      464.3      0.9      1.0      1.7 2021 10  7  5 44  8.100  0.00   1
   109791  40.509025 -123.876497    21.463    30140.4    -4575.8       36.2      1.0      1.7      1.6 2021 10  9 15 14 13.920  0.00   1
   109792  40.511023 -123.878206    21.640    29995.1    -4354.0      213.0      1.0      1.7      0.9 2021 10  9 14 51  7.940  0.00   1
   109793  40.515894 -123.881470    21.643    29717.6    -3813.1      215.5      1.7      1.1      1.1 2021 10  9 19 19 22.180  0.00   1
   109794  40.511471 -123.876294    21.504    30157.1    -4304.3       76.5      0.9      1.0      1.0 2021 10 16 14 55 23.500  0.00   1
   109795  40.515735 -123.881283    21.614    29733.5    -3830.7      186.5      1.1      0.9      0.9 2021 11  4 10 59  4.180  0.00   1
   109796  40.515206 -123.879403    21.545    29892.9    -3889.5      118.0      1.1      0.9      0.8 2021 11  7  7 51 35.860  0.00   1
   109801  40.546692 -123.847607    23.694    32579.2     -393.1     2266.3      0.4      0.5      0.3 2022  1 31 19 52 42.840  0.00   1
   109836  40.613847 -124.123511    19.035     9203.7     7064.1    -2392.7      3.1      1.3      1.8 2021 10 22 21  9 45.260  0.00   1
   109837  40.608720 -124.076595    20.785    13176.3     6494.8     -642.2      0.8      1.0      1.0 2021 10 31 13 10  3.600  0.00   1
   109838  40.550366 -123.954224    22.841    23547.4       14.9     1414.1      0.6      0.5      0.5 2021 11  3 19 22 52.340  0.00   1
   109846  40.601501 -124.060986    17.441    14498.6     5693.2    -3986.7      6.6      3.0      6.3 2021 11 25 17 56 31.760  0.00   1
   109849  40.605599 -124.306584    20.781    -6296.5     6148.3     -646.4      0.6      0.3      0.9 2021 11 29  9 17 10.340  0.00   1
   109852  40.523726 -124.432894    19.611   -17001.5    -2943.3    -1815.8      0.4      0.3      0.7 2022  1 18 10 25 37.780  0.00   1
   110087  40.591154 -124.203060    20.625     2469.1     4544.2     -802.2      2.4      1.7      1.9 2021 12 11 10 51 42.420  0.00   1
   110088  40.539579 -124.323730    18.286    -7752.1    -1182.9    -3141.0      4.8      2.0      3.5 2021 12 20 23 40 19.580  0.00   1
   110091  40.539848 -124.323372    18.107    -7721.8    -1153.1    -3320.4      2.6      1.2      2.2 2022  8 22 11 46 57.980  0.00   1
   110092  40.543018 -124.303019    18.412    -5997.5     -801.1    -3015.6      0.9      0.3      0.6 2022  8 22 11 19 44.520  0.00   1
   110093  40.541256 -124.316252    18.247    -7118.5     -996.8    -3179.8      8.1      3.6      7.3 2021 12 20 21 17 43.440  0.00   1
   110095  40.547437 -124.298201    18.752    -5589.2     -310.4    -2674.9      1.6      0.8      1.8 2022  7 14  2 59 53.060  0.00   1
   110120  40.519434 -124.416610    20.758   -15622.3    -3420.0     -669.2      0.8      1.0      1.5 2021 12 20 20 29 25.860  0.00   1
   110127  40.577441 -124.209106    17.308     1957.3     3021.5    -4119.0      1.6      0.4      1.7 2021 12 20 20 15 20.340  0.00   1
   110129  40.516060 -124.445972    17.805   -18110.5    -3794.6    -3622.1      0.9      1.0      1.2 2021 12 20 22 57 59.980  0.00   1
   110153  40.500065 -124.326864    20.585    -8019.9    -5570.8     -842.5      4.6      5.7      4.4 2021 12 21  3 28 34.100  0.00   1
   110154  40.502360 -124.334001    18.461    -8624.5    -5316.0    -2966.4      0.6      0.7      1.2 2021 12 23  6 55 41.480  0.00   1
   110156  40.510087 -124.317562    19.542    -7231.1    -4457.9    -1884.9      1.2      1.0      1.8 2021 12 23  4 51 44.220  0.00   1
   110160  40.523368 -124.414697    18.283   -15459.9    -2983.1    -3144.1      0.5      0.6      1.2 2021 12 21 19 30 31.800  0.00   1
   110168  40.578768 -124.210750    19.079     1818.1     3168.8    -2348.7     14.3      2.9      6.0 2021 12 21  2 44 44.640  0.00   1
   110181  40.496191 -124.455876    17.273   -18952.4    -6001.0    -4154.4      4.2      4.2      5.8 2021 12 25 16 54 33.700  0.00   1
   110183  40.595752 -124.109399    17.868    10399.8     5054.8    -3559.3      1.3      1.3      1.1 2021 12 26 16  2 15.940  0.00   1
   110184  40.587508 -123.991016    20.767    20425.3     4139.4     -660.4      1.5      0.7      2.2 2021 12 27  8 53  5.400  0.00   1
   110185  40.574894 -123.988623    20.880    20629.9     2738.6     -547.5      0.8      0.7      1.0 2022  5 28  7 57  1.360  0.00   1
   110186  40.575037 -124.207340    18.952     2106.9     2754.4    -2475.4      1.9      0.8      1.5 2021 12 28  6 35 41.580  0.00   1
   110187  40.574854 -124.199642    18.773     2758.9     2734.1    -2653.9      4.8      1.5      3.0 2021 12 31 13 31 14.620  0.00   1
   110188  40.574886 -124.199862    18.785     2740.3     2737.7    -2642.4      4.5      1.4      2.7 2022  1  1 22 14 38.120  0.00   1
   110189  40.574845 -124.199552    18.767     2766.5     2733.2    -2660.6      4.9      1.5      3.0 2022  1  2 11 16 33.460  0.00   1
   110191  40.574585 -124.197559    18.375     2935.3     2704.3    -3052.7      6.3      2.0      3.6 2022  9  1 20 43  2.920  0.00   1
   110199  40.511434 -124.406868    21.864   -14797.9    -4308.3      436.7      4.3      4.5      4.3 2021 12 31 17  2 13.380  0.00   1
   110209  40.596956 -124.100146    24.693    11183.2     5188.5     3265.6      1.1      0.8      1.1 2022  4  2 19 46 56.000  0.00   1
   110211  40.515767 -124.443115    18.101   -17868.5    -3827.1    -3326.6      0.6      0.8      1.1 2022  4  3 10 39 47.080  0.00   1
   110231  40.516333 -124.437712    18.932   -17410.6    -3764.3    -2494.9      0.6      0.7      1.0 2022  5 14 20  9 30.640  0.00   1
   110234  40.534212 -124.243237    20.096     -933.5    -1778.9    -1331.6      0.6      0.7      0.9 2022  5 25  9 25 42.220  0.00   1
   110250  40.520500 -124.407218    21.470   -14826.6    -3301.6       43.0      0.7      0.5      1.4 2022  7  2 10 23 23.100  0.00   1
   110253  40.594950 -124.113534    18.610    10049.8     4965.8    -2816.8      0.5      0.6      0.5 2022  7 20  6 28 50.580  0.00   1
   110254  40.595276 -124.113314    18.413    10068.4     5001.9    -3014.4      0.6      0.4      0.7 2022  8  9  7 59 33.060  0.00   1
   110255  40.598340 -124.116919    17.633     9762.9     5342.2    -3794.7      0.6      0.8      1.2 2022  8  9  8  9 40.340  0.00   1
   110266  40.537834 -124.332023    18.639    -8454.7    -1376.8    -2788.1      0.9      0.7      1.5 2022  8 30  6 25 35.480  0.00   1
   110273  40.650028 -124.013590    19.843    18505.1    11081.9    -1584.7      1.7      1.2      1.9 2022 10 28 12 43 42.000  0.00   1
   110274  40.519031 -124.437093    19.309   -17357.8    -3464.7    -2118.3      0.5      0.8      1.6 2022 10 29 20 38 50.780  0.00   1
   110275  40.515930 -124.435238    20.106   -17201.0    -3809.1    -1321.0      1.0      0.7      1.0 2022 10 30  3 34  2.660  0.00   1
   110276  40.518636 -124.437826    19.465   -17419.9    -3508.6    -1962.2      0.9      0.6      0.9 2022 11 12 10 31 42.840  0.00   1
   110279  40.517033 -124.434123    19.531   -17106.4    -3686.6    -1896.0      1.2      1.1      1.8 2022 11  2 16 39 30.260  0.00   1
   110282  40.525330 -124.415796    19.688   -15552.7    -2765.3    -1739.7      1.6      1.2      2.1 2022 11 15 17 48 18.560  0.00   1
   110296  40.581991 -123.985482    20.580    20894.8     3526.6     -847.5      0.7      0.3      0.6 2022 12 22  3  8  5.860  0.87   1
   110298  40.535083 -124.273332    11.685    -3482.9    -1682.2    -9741.8      1.1      1.1      1.8 2023  1 17 13 54 45.520  1.24   1
   110302  40.566777 -124.129720    21.943     8681.0     1837.2      516.2      0.7      0.6      0.8 2022 12 24  0 35 18.890  0.89   1
   110303  40.487866 -124.498584    24.559   -22572.8    -6925.4     3131.3      0.8      0.8      1.7 2022 12 20 12 25 25.380  2.43   1
   110305  40.435103 -124.602018    23.372   -31350.4   -12784.5     1944.4      0.4      0.4      0.7 2023  4  2 11 44 21.610  2.51   1
   110307  40.528853 -124.416512    23.074   -15613.0    -2374.0     1646.8      0.4      0.5      0.5 2023  3  9  9 11 18.070  1.00   1
   110308  40.577454 -123.877384    22.384    30050.0     3022.8      956.9      0.7      0.7      0.6 2022 12 21 19 21 21.160  1.21   1
   110311  40.539697 -124.494613    23.965   -22227.7    -1169.8     2537.9      0.6      0.5      0.6 2023  2  6  9 53 42.140  2.82   1
   110326  40.577393 -124.244141    20.046    -1009.7     3016.1    -1381.4      1.8      1.1      3.0 2023  4 26 22 23  7.880  0.79   1
   110327  40.620955 -123.948877    21.471    23987.7     7853.5       44.0      0.7      0.5      0.8 2022 12 21  8 59 40.650  1.14   1
   110330  40.585478 -123.915902    25.766    26786.5     3913.9     4339.2      0.7      0.3      0.7 2023  5 27  2 45 49.750  0.87   1
   110334  40.620402 -124.313737    20.667    -6901.4     7792.1     -760.6      0.7      0.5      1.5 2023  2 22  6 20 25.080  1.45   1
   110341  40.562577 -124.132267    22.476     8465.5     1370.9     1049.1      0.5      0.2      0.4 2023  1  5 14 47  6.170  2.14   1
   110346  40.538595 -123.891496    23.103    28863.2    -1292.3     1676.1      1.5      1.2      0.9 2023  5 28  1 45 53.620  1.36   1
   110354  40.509847 -124.421688    24.227   -16053.7    -4484.6     2799.8      0.8      0.8      1.8 2023  4 14  1 57  6.610  1.17   1
   110355  40.518469 -124.492204    15.839   -22027.1    -3527.1    -5588.7      0.4      0.6      1.2 2023  2 16 22 15  2.800  1.44   1
   110365  40.528072 -124.233927    17.747     -144.8    -2460.7    -3680.5      1.0      0.5      0.7 2022 12 20 12 37 22.690  1.44   1
   110367  40.551469 -123.974479    21.370    21831.5      137.4      -57.7      0.9      0.8      0.7 2022 12 25  1 20 33.690  1.82   1
   110368  40.607642 -123.979557    21.980    21392.4     6375.1      552.4      1.3      0.7      1.2 2023  2 14  3 52  7.700  1.37   1
   110370  40.692708 -123.892692    21.986    28729.0    15821.3      558.6      1.7      1.5      1.3 2022 12 21  4 44 13.820  1.30   1
   110374  40.752498 -123.868555    20.837    30757.8    22460.8     -590.2      1.2      0.9      1.1 2022 12 22  4 46 28.990  1.00   1
   110378  40.590967 -124.049382    22.238    15482.4     4523.4      811.1      0.9      0.7      0.9 2022 12 21 18 52 28.640  1.06   1
   110379  40.518852 -124.422290    18.109   -16103.7    -3484.6    -3318.7      1.4      1.6      2.9 2022 12 22  9 21 28.530  1.40   1
   110382  40.542904 -124.064136    19.383    14238.1     -813.8    -2043.9      0.5      0.5      0.4 2022 12 26  5 31 21.180  1.08   1
   110385  40.593445 -124.085905    19.240    12389.4     4798.6    -2187.3      1.2      0.5      0.8 2022 12 23  0 19 22.520  0.90   1
   110387  40.533700 -124.382975    25.062   -12771.4    -1835.8     3634.7      0.7      0.6      0.8 2023  1 28 23 56 58.200  3.85   1
   110388  40.508691 -124.448047    14.974   -18287.3    -4612.9    -6453.3      0.6      0.8      1.7 2022 12 31 10 20 40.360  1.04   1
   110390  40.640169 -123.988509    25.965    20629.5     9987.1     4538.1      0.9      0.5      0.8 2023  1 17  5 14  2.510  1.84   1
   110391  40.589417 -124.195972    22.094     3069.4     4351.3      667.2      1.2      0.5      0.8 2022 12 23  0 35 44.600  1.56   1
   110392  40.516366 -124.420890    18.595   -15985.4    -3760.7    -2831.9      4.1      3.2      7.3 2023  1  1 12 19 44.130  1.25   1
   110395  40.555098 -124.216195    16.839     1357.2      540.4    -4588.4      0.7      0.5      0.9 2022 12 20 23 19 53.720  1.40   1
   110396  40.537716 -124.262231    18.166    -2542.5    -1389.9    -3261.5      1.2      1.3      1.3 2022 12 24 20  6  9.180  0.83   1
   110399  40.529675 -124.409367    17.912   -15007.6    -2282.7    -3515.4      1.8      1.7      2.3 2022 12 20 10 44 46.730  2.70   1
   110400  40.563822 -124.048299    23.472    15577.2     1509.2     2045.0      2.2      1.7      2.8 2022 12 25  4 33 20.570  0.83   1
   110404  40.561198 -124.016659    21.912    18257.4     1217.7      484.3      1.1      0.8      1.1 2022 12 27  0 23 33.800  1.12   1
   110406  40.593042 -124.107438    19.666    10566.1     4753.9    -1761.6      0.5      0.6      0.7 2023  1 11  3 23 18.830  1.45   1
   110408  40.610461 -123.847624    27.548    32562.4     6688.2     6120.7      0.6      0.4      0.4 2023  2 12 20 12 15.900  2.47   1
   110409  40.515446 -124.419743    20.548   -15888.3    -3862.8     -878.9      3.4      3.9      6.5 2022 12 21 22  8 58.660  1.39   1
   110412  40.573755 -124.074487    19.670    13358.2     2612.1    -1757.2      0.6      0.4      0.4 2022 12 26  7 30 25.960  0.98   1
   110417  40.551396 -123.976139    21.444    21690.9      129.2       16.5      0.4      0.6      0.3 2022 12 24 12 43  0.520  1.06   1
   110422  40.621411 -124.304199    19.956    -6093.9     7904.1    -1470.7      1.1      0.7      1.0 2022 12 29 13 40 18.010  1.27   1
   110423  40.504667 -124.335490    18.680    -8750.5    -5059.8    -2747.1      0.8      0.7      0.7 2023  2 17 12 38 36.270  0.88   1
   110429  40.593148 -124.013387    22.430    18530.1     4765.6     1002.8      0.8      0.5      0.9 2022 12 22  9 28 37.970  0.68   1
   110431  40.600948 -124.107609    23.076    10551.0     5631.8     1648.3      2.1      1.6      1.6 2022 12 21 17 59 17.620  1.95   1
   110432  40.496501 -124.458211    26.441   -19150.2    -5966.6     5014.1      0.9      0.5      0.8 2022 12 22  1 13 30.130  2.71   1
   110434  40.511995 -124.464209    19.091   -19656.2    -4246.0    -2335.8      1.5      1.6      2.5 2022 12 21 18 26 29.520  1.33   1
   110435  40.534326 -124.381079    24.829   -12610.7    -1766.3     3401.8      0.7      0.9      1.8 2023  1 28 20  7 39.900  1.24   1
   110436  40.476029 -124.534058    23.708   -25581.2    -8239.8     2281.2      0.6      0.9      0.7 2023  2 18  0 47 37.880  1.15   1
   110439  40.473136 -124.430005    19.756   -16763.0    -8561.1    -1671.7      0.7      0.8      1.0 2023  1 27 16 28 41.960  1.01   1
   110442  40.572587 -123.950399    21.585    23867.5     2482.4      157.7      0.7      0.7      0.6 2022 12 20 18 48 54.600  0.91   1
   110443  40.579065 -124.184546    19.014     4037.2     3201.8    -2413.0      3.6      1.5      2.9 2022 12 21 21 55 10.140  0.79   1
   110444  40.503585 -124.504818    27.368   -23098.4    -5179.9     5940.6      0.5      0.4      0.6 2022 12 23 21 41 55.000  1.21   1
   110445  40.524976 -124.389242    23.517   -13303.1    -2804.6     2090.0      0.9      0.6      1.4 2022 12 21  8  6 55.910  1.80   1
   110447  40.563534 -124.016602    22.725    18261.9     1477.1     1297.6      0.7      0.5      0.5 2022 12 24 19 37 36.120  1.39   1
   110448  40.596509 -124.126611    21.858     8942.3     5138.8      430.7      3.0      1.0      1.6 2023  1 31 13 12 49.420  1.12   1
   110452  40.545109 -124.194303    27.705     3211.7     -568.9     6278.2      0.8      0.6      0.9 2022 12 20 23 25 36.340  1.09   1
   110453  40.508065 -124.472591    17.791   -20367.0    -4682.5    -3636.5      1.8      1.7      3.8 2022 12 21 12  8  6.020  1.11   1
   110454  40.465381 -123.818262    23.086    35086.0    -9422.3     1658.4      0.6      1.0      0.6 2022 12 21 13 41 59.550  0.69   1
   110455  40.529972 -124.421606    16.586   -16044.4    -2249.7    -4841.5      2.1      2.1      3.8 2022 12 23 13  9 40.300  0.89   1
   110458  40.621464 -124.310156    20.154    -6598.2     7910.0    -1273.6      0.3      0.5      0.5 2023  2 14  6 32 28.460  1.23   1
   110462  40.585128 -124.438615    23.751   -17478.2     3875.0     2323.3      0.8      0.7      0.8 2023  4 22 17 56 13.080  1.37   1
   110464  40.588265 -124.427279    23.255   -16517.8     4223.4     1827.5      0.3      0.4      0.5 2023  2 13 21 32 14.280  2.09   1
   110466  40.532023 -124.391699    15.516   -13510.6    -2022.0    -5911.5      0.5      0.3      0.8 2022 12 22  0 27 26.630  0.83   1
   110467  40.528829 -124.425179    26.667   -16347.2    -2376.7     5239.4      0.8      0.7      0.9 2022 12 22  3 58 10.660  0.90   1
   110468  40.529000 -123.976180    20.419    21691.0    -2357.7    -1008.3      0.4      0.4      0.4 2022 12 24  1 17 32.850  0.88   1
   110470  40.538049 -124.356624    16.384   -10538.7    -1352.8    -5043.7      1.5      1.5      2.9 2023  3 29  5  5 59.480  1.47   1
   110474  40.472314 -124.447892    21.222   -18279.1    -8652.4     -205.4      0.8      0.5      0.7 2022 12 20 12 14 11.380  2.27   1
   110475  40.582821 -124.352327    28.066   -10171.3     3618.8     6638.4      1.2      0.9      1.3 2022 12 21 15  8 37.620  1.85   1
   110476  40.536869 -124.407031    28.301   -14808.9    -1483.9     6873.3      0.3      0.4      0.8 2022 12 20 13 24 12.330  1.51   1
   110477  40.611841 -123.938159    21.839    24896.8     6841.4      411.7      0.7      0.8      1.4 2023  1  3  7 18 42.400  0.99   1
   110479  40.536283 -124.359098    16.757   -10748.4    -1548.9    -4670.2      2.0      1.7      3.0 2022 12 26  2  4 21.800  1.88   1
   110480  40.557467 -124.251774    23.197    -1656.4      803.4     1769.7      0.3      0.3      0.4 2022 12 21  2 56 11.820  1.60   1
   110481  40.490381 -124.465389    18.426   -19759.4    -6646.2    -3001.6      1.9      2.1      3.0 2023  4  5 14 51 18.340  1.34   1
   110482  40.582479 -123.923291    21.519    26161.3     3580.9       92.0      1.4      2.6      1.9 2022 12 21 19 52  6.360  0.64   1
   110484  40.525651 -124.419889    19.526   -15899.5    -2729.6    -1900.8      1.9      2.1      2.7 2022 12 25  4  3 37.800  0.93   1
   110487  40.752262 -123.850960    20.590    32245.9    22434.5     -836.9      1.0      0.7      0.6 2022 12 20 14 11  0.150  2.57   1
   110488  40.478394 -124.457227    19.427   -19069.4    -7977.3    -2000.2      0.6      0.5      0.5 2023  2 18  9 18 28.190  1.40   1
   110489  40.519222 -124.426082    19.127   -16424.9    -3443.5    -2300.3      1.4      1.5      2.6 2022 12 29  9 57 25.630  1.27   1
   110494  40.522774 -124.413713    17.817   -15376.5    -3049.0    -3610.2      0.5      1.0      1.8 2023  3  5 20 14 19.720  1.28   1
   110496  40.503792 -124.446859    17.967   -18187.3    -5156.9    -3459.9      1.7      1.9      2.3 2022 12 30 12 51 54.870  1.14   1
   110497  40.574097 -124.098975    22.660    11284.4     2650.1     1232.8      0.7      0.6      0.9 2022 12 31 14 27 57.700  1.02   1
   110501  40.467529 -124.508097    23.710   -23382.5    -9183.7     2283.0      0.4      0.5      1.0 2022 12 30 21 43 18.320  2.12   1
   110506  40.606559 -124.070052    20.211    13730.5     6254.9    -1216.6      2.5      1.2      3.4 2022 12 20 21 47 48.880  1.10   1
   110507  40.528625 -124.397664    17.790   -14016.3    -2399.3    -3636.8      2.0      1.6      2.6 2022 12 21 10 16 11.430  0.70   1
   110508  40.613529 -124.094320    18.000    11675.2     7028.9    -3427.3      1.4      1.0      1.4 2022 12 30  9  0 39.550  1.14   1
   110510  40.497567 -124.431852    24.744   -16916.5    -5848.2     3316.5      0.6      0.6      2.0 2023  1  2  8 25 11.060  1.28   1
   110511  40.631372 -124.022624    23.376    17743.0     9010.2     1948.8      1.5      1.2      1.1 2022 12 21  4 15 19.850  2.45   1
   110512  40.509367 -124.336320    19.104    -8820.5    -4537.9    -2323.6      0.4      0.5      0.5 2022 12 21 17 35 50.480  1.40   1
   110513  40.523971 -124.414901    18.685   -15477.0    -2916.2    -2742.6      1.8      1.6      2.6 2022 12 20 15  4 50.680  1.42   1
   110515  40.539640 -124.231519    21.532       59.3    -1176.2      104.6      0.6      0.7      1.6 2023  1 11 13 29 12.060  1.57   1
   110517  40.596558 -124.085929    23.474    12387.1     5144.3     2046.3      2.4      1.5      1.3 2023  3 12  6 43 46.740  0.89   1
   110518  40.522506 -124.432113    18.337   -16935.4    -3078.9    -3090.2      1.5      1.5      2.6 2022 12 20 10 43 39.300  2.63   1
   110519  40.576021 -124.142139    22.582     7628.7     2863.8     1155.3      2.4      1.3      1.9 2022 12 20 23 22 14.760  1.65   1
   110521  40.569784 -124.160970    22.845     6034.2     2171.1     1417.8      2.9      1.6      2.9 2022 12 23  1 11 44.550  1.32   1
   110522  40.643758 -124.083765    23.270    12566.0    10385.7     1843.0      1.2      0.6      0.2 2022 12 20 18 48 15.520  0.97   1
   110523  40.511837 -124.490218    23.630   -21860.0    -4263.6     2202.7      0.5      0.7      1.2 2022 12 21  1  7 33.310  3.25   1
   110524  40.607141 -124.081323    17.593    12776.1     6319.5    -3834.0      1.2      0.3      0.6 2022 12 21  9 31  7.840  1.25   1
   110525  40.619442 -124.081803    17.975    12734.3     7685.4    -3451.9      1.6      1.5      1.6 2022 12 26  7 21 10.390  0.93   1
   110526  40.489718 -124.509749    15.481   -23518.7    -6719.8    -5946.5      1.0      1.5      1.9 2023  2 18 20 58 10.920  1.67   1
   110527  40.521659 -124.440552    19.431   -17650.5    -3172.9    -1996.6      1.4      1.5      2.5 2022 12 22  3 55 53.820  1.44   1
   110529  40.553215 -124.256746    24.369    -2077.6      331.2     2941.4      0.6      0.3      1.9 2023  5 18 13 21 36.440  0.56   1
   110530  40.620447 -124.070223    15.921    13714.6     7797.0    -5506.4      2.7      1.6      2.6 2022 12 22  4 49 54.170  0.84   1
   110531  40.534033 -124.349121    18.698    -9903.4    -1798.8    -2729.5      0.5      0.3      0.9 2022 12 20 19 16  2.640  1.29   1
   110532  40.545585 -124.340267    16.330    -9152.5     -516.0    -5096.8      0.5      0.5      0.4 2022 12 23  4  9 55.040  1.00   1
   110534  40.528984 -124.408154    19.449   -14904.9    -2359.5    -1978.0      3.7      2.3      4.9 2023  1  4 16 29 55.050  1.61   1
   110535  40.523763 -124.412752    18.275   -15295.0    -2939.3    -3152.6      1.5      2.1      2.6 2022 12 22 10 55 51.720  0.98   1
   110537  40.609851 -124.079736    23.376    12910.2     6620.4     1949.2      2.1      1.8      2.0 2022 12 21 16 28 15.660  3.99   1
   110539  40.525643 -124.344735    18.586    -9532.4    -2730.5    -2841.4      1.4      1.0      2.0 2022 12 25  8 22 48.250  0.72   1
   110541  40.581177 -124.197038    18.818     2979.3     3436.3    -2609.7      1.6      0.4      1.8 2023  2 18  6 52 19.650  1.07   1
   110542  40.578577 -124.191927    18.354     3412.1     3147.6    -3073.2      4.4      1.4      3.2 2022 12 20 17 56  5.920  1.14   1
   110544  40.597473 -124.187874    20.441     3754.8     5245.9     -985.9      3.1      1.4      3.1 2023  3 21 22 51 34.760  0.98   1
   110546  40.504712 -124.449194    18.897   -18385.0    -5054.8    -2530.1      1.5      1.7      2.8 2022 12 27  1 23 41.520  0.94   1
   110547  40.615470 -123.926221    21.467    25906.9     7244.4       40.2      1.4      1.2      2.0 2022 12 20 23 36 50.880  1.00   1
   110549  40.543099 -124.055811    19.765    14943.3     -792.1    -1662.0      0.8      0.6      0.6 2022 12 21  4 18 46.220  2.04   1
   110551  40.614392 -124.091675    17.985    11899.0     7124.7    -3441.9      1.8      0.5      1.4 2023  2 17 11 16 14.330  1.12   1
   110553  40.524841 -123.915202    20.691    26857.8    -2819.5     -735.8      0.9      0.9      0.7 2022 12 25  0 34  1.910  0.77   1
   110554  40.549711 -124.243636    18.234     -967.1      -57.8    -3193.3      0.8      0.6      0.7 2022 12 21  0  5 31.440  1.34   1
   110556  40.499333 -124.433366    23.587   -17044.5    -5652.1     2159.7      0.5      0.7      0.8 2023  2 25 14 23 27.120  1.53   1
   110559  40.613460 -124.134953    20.253     8235.0     7021.2    -1174.2      3.9      1.7      3.5 2023  3 13  0 48 17.330  0.83   1
   110560  40.627698 -123.927629    21.645    25785.3     8602.2      217.8      0.8      0.5      0.9 2023  2  2  2 38 55.900  1.60   1
   110561  40.618042 -123.886043    22.917    29307.9     7530.0     1489.3      1.3      1.0      2.2 2022 12 20 17 35 32.520  1.17   1
   110564  40.597351 -124.114266    15.136     9987.6     5232.4    -6291.1      1.1      0.6      0.8 2022 12 24  4 18 59.420  0.99   1
   110566  40.610555 -124.108309    18.011    10491.0     6698.6    -3415.8      1.3      0.4      0.8 2022 12 22  5 24 44.100  2.65   1
   110568  40.499447 -124.471012    15.767   -20234.5    -5639.5    -5659.8      3.0      3.2      5.4 2023  3 22 19 35 25.080  1.32   1
   110569  40.647514 -124.022046    18.349    17789.7    10802.7    -3077.8      1.3      0.5      1.6 2023  1  2  9 44 23.910  0.93   1
   110570  40.601575 -124.124821    20.515     9093.6     5701.4     -912.3      0.5      0.4      0.6 2022 12 22  6 14 22.080  1.10   1
   110572  40.531860 -124.245076    18.923    -1089.3    -2040.1    -2504.5      0.7      1.0      0.8 2023  1  1 22 18 52.920  1.17   1
   110574  40.629272 -124.096859    19.855    11458.9     8777.1    -1572.0      1.7      1.8      1.5 2022 12 21 22 33 49.080  1.00   1
   110575  40.581844 -124.159863    27.485     6127.4     3510.4     6058.0      6.4      2.5      3.7 2022 12 23  1 10  6.400  0.80   1
   110577  40.615466 -124.229687    23.969      214.3     7244.0     2542.1      1.3      0.8      1.6 2022 12 25 19 13 28.400  0.95   1
   110578  40.568087 -124.143660    21.784     7500.3     1982.7      357.2      2.4      0.9      1.7 2022 12 20 20 26 41.720  2.13   1
   110579  40.520349 -124.351579    21.877   -10112.6    -3318.3      449.6      0.9      0.9      1.4 2022 12 21  8 58 34.030  0.97   1
   110580  40.613074 -124.044434    23.537    15898.8     6978.3     2110.1      0.6      0.6      0.7 2023  1  3  4 53 49.540  1.15   1
   110581  40.568119 -124.236613    20.382     -372.2     1986.3    -1044.8      1.7      0.8      1.6 2023  5 28 11 38 43.770  1.07   1
   110582  40.563631 -123.935775    22.091    25107.6     1487.9      663.3      0.4      0.5      0.6 2022 12 21 23 36 17.240  1.23   1
   110586  40.524650 -123.900399    20.111    28112.0    -2840.7    -1315.8      0.8      0.8      0.9 2022 12 22  5 36 49.910  0.70   1
   110587  40.606734 -123.915055    25.130    26853.9     6274.3     3702.9      0.7      0.7      0.9 2022 12 20 10 48 38.300  2.65   1
   110588  40.597408 -124.116797    18.257     9773.3     5238.7    -3170.6      0.5      0.6      0.7 2022 12 22  7 50 48.720  1.53   1
   110589  40.533073 -124.050317    19.500    15409.8    -1905.4    -1927.4      0.5      0.3      0.3 2022 12 21  0 13 29.150  1.50   1
   110590  40.650814 -123.880501    26.397    29769.8    11169.2     4970.0      2.1      1.8      3.2 2022 12 23 19 10 35.240  1.06   1
   110591  40.585807 -124.060465    20.992    14544.4     3950.5     -435.3      0.6      0.5      0.6 2022 12 25 22 34 55.360  0.82   1
   110592  40.618392 -124.077507    17.663    13098.2     7568.9    -3764.2      1.5      0.6      1.0 2023  1 18  8 28 49.360  0.92   1
   110594  40.557882 -123.936768    21.185    25024.6      849.5     -242.2      1.8      1.6      2.2 2022 12 21  0 45 40.230  1.26   1
   110595  40.591728 -124.326733    21.386    -8003.4     4607.9      -41.2      1.3      0.8      1.3 2022 12 20 10 52 39.340  3.28   1
   110596  40.542143 -124.338802    17.485    -9028.7     -898.3    -3941.9      1.7      1.6      2.7 2022 12 29  7 31 23.150  0.85   1
   110597  40.623889 -124.083382    19.884    12600.2     8179.3    -1542.3      0.6      0.7      0.8 2022 12 20 21 24 28.880  0.90   1
   110598  40.598120 -124.101766    23.044    11046.0     5317.8     1617.1      0.9      0.6      2.3 2022 12 26  1 46  3.150  1.45   1
   110600  40.524674 -124.383276    17.008   -12797.7    -2838.0    -4419.7      2.7      2.3      3.6 2022 12 20 19 51  5.480  1.33   1
   110604  40.576917 -123.948706    20.140    24010.0     2963.2    -1287.0      0.7      0.5      0.4 2022 12 21 17  1 49.600  1.16   1
   110605  40.520459 -124.430200    19.003   -16773.7    -3306.1    -2423.9      3.6      2.2      5.6 2022 12 22  7 33 35.520  1.14   1
   110607  40.658150 -124.014600    19.132    18418.6    11983.8    -2295.1      1.5      1.6      2.2 2022 12 21 14 33 24.290  1.52   1
   110608  40.643852 -124.026668    18.560    17398.9    10396.0    -2867.0      0.6      0.6      1.0 2022 12 25 12 29 55.020  1.64   1
   110609  40.575370 -124.153385    23.378     6676.3     2791.5     1950.8      2.3      1.2      1.8 2022 12 20 19 19  0.120  1.41   1
   110611  40.547937 -124.238477    18.582     -530.1     -254.8    -2845.5      1.6      2.3      1.8 2022 12 21 12 21 21.680  0.97   1
   110613  40.665361 -123.886890    22.797    29226.0    12784.5     1369.7      1.1      0.7      0.5 2022 12 27 17 40  9.980  1.83   1
   110614  40.551184 -124.314185    20.525    -6942.9      105.7     -902.4      2.5      1.7      3.5 2023  2 15 14 26 55.060  2.21   1
   110615  40.580400 -124.132642    22.530     8432.7     3350.0     1102.4      2.6      1.7      2.4 2022 12 21  9 48 30.660  1.09   1
   110618  40.602393 -123.978630    22.564    21471.8     5792.2     1136.4      1.2      1.0      0.6 2022 12 20 23 30 29.600  1.04   1
   110619  40.598153 -123.917318    21.680    26664.1     5321.4      252.6      0.9      0.7      0.9 2022 12 22  4 23  9.220  0.67   1
   110620  40.602087 -123.891593    24.918    28841.4     5758.3     3491.2      0.5      0.6      1.1 2022 12 25 16 15  8.400  1.07   1
   110622  40.603638 -124.102808    15.625    10957.3     5930.5    -5801.8      0.4      0.4      0.4 2022 12 28  9 46 28.530  1.31   1
   110623  40.595431 -124.155420    23.035     6503.0     5019.1     1607.6      3.2      2.1      3.2 2022 12 30  9 23 12.150  1.07   1
   110624  40.609664 -124.110465    18.241    10308.5     6599.6    -3186.3      1.0      0.9      1.2 2023  4  2 23  2 20.160  1.02   1
   110625  40.551058 -124.072428    18.977    13534.9       91.7    -2450.3      0.9      0.6      0.7 2022 12 20 21 22 52.960  1.20   1
   110626  40.557918 -124.021346    21.713    17860.8      853.5      285.8      1.0      0.7      1.0 2022 12 24 20 57 12.400  1.30   1
   110627  40.590047 -124.192635    22.419     3351.9     4421.3      991.7      1.0      1.0      1.8 2022 12 20 16 59 23.800  1.39   1
   110628  40.551143 -123.885319    22.191    29383.8      101.2      764.0      0.7      0.6      0.2 2022 12 25  6 37 31.440  1.50   1
   110629  40.582332 -124.241943    23.757     -823.6     3564.6     2330.2      5.0      3.9      3.5 2023  2  2  2 53 51.230  0.90   1
   110630  40.601164 -124.111051    15.166    10259.5     5655.7    -6260.8      1.5      1.4      1.3 2022 12 22  6 38 46.920  0.92   1
   110631  40.600724 -123.999943    19.871    19667.4     5606.9    -1556.2      0.9      0.8      0.7 2022 12 22  6 27  3.370  1.14   1
   110633  40.512679 -124.451628    24.533   -18590.1    -4170.1     3106.0      0.5      0.7      2.1 2022 12 20 11 23 42.960  2.53   1
   110634  40.613171 -124.081356    15.722    12772.8     6989.1    -5705.7      2.8      1.6      3.3 2023  1  3  7 23 30.820  1.13   1
   110635  40.547583 -124.046281    22.853    15750.1     -294.2     1426.1      1.0      0.8      0.9 2022 12 24  7 16 44.450  1.51   1
   110636  40.580452 -124.216056    19.251     1368.7     3355.9    -2176.3      1.1      0.5      1.3 2023  5  5 10 50 40.220  0.86   1
   110637  40.545524 -124.336694    16.841    -8849.9     -522.8    -4586.4      2.2      1.7      3.1 2022 12 25 12 21 40.770  1.90   1
   110638  40.587484 -124.149862    23.743     6974.1     4136.6     2315.7      5.9      2.9      3.8 2022 12 21 19 17 30.720  1.31   1
   110641  40.644177 -123.998950    18.642    19745.1    10432.2    -2784.9      0.8      0.4      0.6 2022 12 25  9 11 59.060  0.70   1
   110643  40.539779 -123.911491    22.788    27169.2    -1160.8     1360.8      0.6      0.7      0.8 2023  2 16 18  3 27.440  1.53   1
   110644  40.562968 -123.979785    23.689    21380.2     1414.3     2262.0      0.5      0.4      0.3 2023  2 13  5 45 35.220  1.23   1
   110646  40.575321 -124.424284    23.277   -16265.8     2786.1     1849.6      0.9      0.8      1.1 2023  2  6 20 12  2.580  1.35   1
   110647  40.565356 -124.144076    22.173     7465.3     1679.5      745.4      3.4      1.3      1.9 2022 12 20 19  6 23.200  1.47   1
   110649  40.519812 -124.355990    22.468   -10486.3    -3378.0     1041.0      0.9      0.8      1.6 2022 12 25 23 13 35.000  1.83   1
   110650  40.701953 -123.952865    22.178    23635.9    16847.9      751.0      0.4      0.3      0.3 2022 12 26  9 16 16.030  1.67   1
   110651  40.612280 -123.825635    26.671    34423.6     6890.2     5243.4      1.3      1.1      0.5 2023  4  8  3  4 20.710  1.95   1
   110652  40.517680 -124.439917    16.905   -17597.3    -3614.8    -4521.9      3.5      5.4     11.4 2023  2  8 14 16 55.210  1.31   1
   110653  40.531734 -124.406380    17.984   -14754.3    -2054.1    -3443.3      2.8      2.4      4.2 2022 12 26  8 29 16.340  0.84   1
   110654  40.591073 -124.008879    23.215    18912.2     4535.2     1787.7      1.0      0.8      0.4 2022 12 24 22 12 36.600  2.10   1
   110655  40.566288 -124.022925    22.598    17726.0     1783.0     1171.0      1.3      0.9      1.0 2023  4 30 12 38 22.840  0.62   1
   110656  40.583492 -124.199854    25.182     2740.8     3693.4     3755.2      0.7      0.3      0.6 2023  1 20 22  9 26.880  0.94   1
   110660  40.539994 -124.340405    16.190    -9164.6    -1136.8    -5237.5      2.0      1.9      3.5 2022 12 31 15  5 32.620  1.28   1
   110663  40.580261 -123.955477    24.393    23436.1     3334.6     2965.5      0.7      0.5      0.8 2022 12 21 22 26 11.040  1.39   1
   110664  40.553878 -123.976945    20.823    21622.2      404.9     -604.0      1.2      1.0      1.2 2022 12 20 16  1 13.350  1.61   1
   110665  40.485640 -124.515218    17.144   -23982.8    -7172.6    -4283.0      1.2      1.2      2.3 2023  4  6  4 40 19.060  0.75   1
   110666  40.498344 -124.469214    18.078   -20082.3    -5761.9    -3349.2      1.6      1.7      3.6 2022 12 29  8 32 33.620  1.49   1
   110667  40.598503 -124.327555    20.864    -8072.6     5360.2     -562.8      0.5      0.5      1.4 2022 12 25  7 56 23.340  0.72   1
   110671  40.586747 -124.096525    23.284    11490.7     4054.9     1856.3      2.1      1.4      2.1 2022 12 20 23  1 57.840  1.31   1
   110672  40.539868 -124.349300    18.399    -9918.1    -1150.8    -3027.9      0.5      0.3      0.5 2023  4 15  0  7  1.200  0.77   1
   110673  40.588326 -124.235555    21.074     -282.5     4230.2     -353.5      6.7      3.2      6.9 2022 12 21 16 59 16.830  0.92   1
   110674  40.552405 -124.224845    17.744      624.5      241.3    -3683.0      2.1      1.1      1.4 2022 12 23  5  1 13.690  1.08   1
   110675  40.703402 -123.931600    22.516    25434.8    17008.8     1088.5      1.0      0.6      0.4 2022 12 22 16 21 35.960  1.66   1
   110676  40.481042 -124.407764    19.900   -14877.1    -7683.2    -1527.4      0.8      0.6      1.3 2023  1 30 10 56 56.600  0.99   1
   110677  40.512374 -124.440454    17.193   -17643.5    -4204.0    -4234.5      3.0      3.1      5.2 2022 12 23  0 10 35.700  1.04   1
   110678  40.517008 -124.427018    17.163   -16504.5    -3689.3    -4264.4      0.3      0.5      0.7 2023  1  8  2 15 56.440  1.14   1
   110679  40.509098 -124.440316    17.736   -17632.2    -4567.7    -3691.5      0.6      0.5      0.7 2023  4 20 15 36 20.100  0.92   1
   110681  40.638481 -123.913045    21.297    27017.7     9799.6     -130.3      0.6      0.4      0.4 2022 12 21  2 53 42.600  1.60   1
   110683  40.504850 -124.452865    18.793   -18696.0    -5039.4    -2634.1      0.5      0.5      0.7 2022 12 21  8 21  0.830  1.29   1
   110685  40.526591 -124.378410    23.815   -12385.2    -2625.2     2387.4      0.7      1.0      0.7 2023  1 29  2 21 34.040  0.86   1
   110686  40.550928 -124.310824    17.782    -6658.2       77.3    -3645.1      2.9      2.0      3.0 2022 12 20 19 42 50.340  1.43   1
   110687  40.644792 -124.052677    19.612    15197.3    10500.4    -1815.7      0.6      0.3      0.5 2022 12 26  1 31 33.690  1.21   1
   110688  40.682931 -123.881592    22.325    29670.5    14735.6      897.4      1.3      1.3      1.1 2022 12 20 16  7 38.970  2.01   1
   110689  40.542273 -123.754932    21.792    40430.7     -883.8      364.5      0.9      1.8      0.4 2022 12 22  0 56 27.730  0.68   1
   110692  40.511251 -124.472192    21.423   -20332.8    -4328.7       -4.7      3.0      2.7      3.9 2022 12 29 10 57 23.460  1.08   1
   110694  40.514160 -124.441504    19.504   -17732.2    -4005.6    -1922.8      1.6      1.5      2.1 2022 12 29  5 31  8.470  1.04   1
   110695  40.550391 -124.224447    17.725      658.3       17.6    -3702.5      0.7      0.4      0.4 2022 12 24  5  9  2.290  1.55   1
   110697  40.572668 -124.223820    17.432      711.3     2491.5    -3995.0      3.5      1.7      2.4 2022 12 23 20 30 28.480  1.23   1
   110698  40.541691 -124.238062    18.231     -495.0     -948.4    -3195.9      0.8      0.6      1.0 2023  1 26  5 47 35.730  1.04   1
   110699  40.515426 -124.415430    17.442   -15522.8    -3865.1    -3985.3      2.3      3.3      5.1 2022 12 22  9  7 10.520  0.52   1
   110700  40.575757 -124.212329    17.659     1684.4     2834.4    -3768.5     10.8      2.5      5.3 2022 12 25  3 58 23.130  0.90   1
   110702  40.629460 -123.959424    22.202    23093.4     8797.9      774.9      1.1      1.0      2.2 2022 12 20 23 26 24.700  1.53   1
   110703  40.530461 -124.351872    17.213   -10136.7    -2195.5    -4214.3      6.8      3.5      6.9 2022 12 22 14 28 55.050  1.12   1
   110705  40.513529 -123.875667    21.623    30209.7    -4075.6      195.5      0.8      0.7      0.8 2023  3  1  0 37 17.190  1.45   1
   110706  40.559627 -123.992562    23.938    20298.6     1043.3     2510.3      0.7      0.6      0.5 2022 12 20 23 41  1.760  1.68   1
   110707  40.546822 -123.845931    22.320    32721.1     -378.6      893.2      0.4      0.5      0.1 2022 12 21 22 14 18.520  1.56   1
   110708  40.578809 -124.213721    18.222     1566.5     3173.3    -3205.5      2.7      1.7      2.4 2023  3  5  0 34 58.820  1.58   1
   110710  40.605591 -124.148543    18.291     7084.8     6147.3    -3136.3      2.6      1.4      1.9 2023  1 14  1 10 27.140  1.46   1
   110711  40.616296 -124.069572    20.200    13770.2     7336.2    -1227.4      0.7      1.0      1.3 2022 12 20 21  2 39.800  1.14   1
   110712  40.557560 -123.953117    21.987    23639.9      813.8      559.9      0.6      0.5      0.4 2023  1 10 19 11 36.040  1.34   1
   110715  40.611344 -124.083838    16.165    12562.8     6786.3    -5262.5      5.4      2.0      6.0 2022 12 20 21 22 37.100  1.23   1
   110716  40.586487 -123.885954    21.669    29322.3     4025.9      241.6      1.0      1.1      2.6 2022 12 22  1 50 13.650  0.65   1
   110717  40.608175 -124.301619    19.960    -5876.1     6434.3    -1467.5      0.5      0.3      0.5 2023  4  9 21 13 25.880  0.97   1
   110718  40.523490 -124.432259    19.518   -16947.7    -2969.5    -1909.2      0.4      0.3      0.7 2022 12 22  3 44  5.310  1.01   1
   110720  40.585148 -124.204175    20.511     2374.8     3877.3     -916.2      2.4      1.7      1.9 2022 12 21  1 23  1.660  0.93   1
   110721  40.555477 -124.303556    18.654    -6042.4      582.4    -2773.1      1.0      0.4      0.8 2022 12 20 16 43 44.910  1.41   1
   110722  40.552030 -124.305697    19.912    -6223.9      199.7    -1515.6      1.6      0.8      1.5 2022 12 20 19 45  5.720  1.04   1
   110723  40.473592 -124.545793    21.864   -26576.2    -8510.5      436.5      1.1      0.6      1.2 2022 12 22  7 29 30.560  0.68   1
   110724  40.518803 -124.345142    19.322    -9567.3    -3490.0    -2105.3      1.8      1.7      2.3 2022 12 22  8 32 21.500  0.63   1
   110725  40.546785 -124.307821    17.687    -6404.0     -382.7    -3739.8      2.3      1.8      2.6 2022 12 24 21 51 17.000  0.84   1
   110726  40.518408 -124.432723    19.591   -16987.7    -3533.9    -1836.2      0.8      1.0      1.5 2022 12 25 10 58 46.850  0.74   1
   110727  40.516793 -124.358667    19.612   -10713.4    -3713.3    -1815.2      2.1      1.9      2.7 2022 12 26 20 22  8.180  1.12   1
   110728  40.519718 -124.420858    19.246   -15982.2    -3388.4    -2181.6      1.7      1.7      2.5 2023  1  3 14 30 47.720  1.13   1
   110729  40.576774 -124.208431    17.650     2014.5     2947.4    -3777.7      1.1      0.6      0.4 2023  1  4 10 27 27.700  1.40   1
   110731  40.511707 -124.440283    19.325   -17629.1    -4278.1    -2102.6      0.9      0.9      1.9 2023  3 16 18  8 14.040  1.34   1
   110735  40.534428 -124.344279    18.511    -9493.1    -1755.0    -2915.8      1.7      1.5      2.4 2022 12 20 21 52 17.400  1.04   1
   110736  40.506258 -124.335734    18.124    -8771.1    -4883.1    -3303.3      0.7      0.7      1.1 2022 12 22  5 34 15.770  1.28   1
   110737  40.523344 -124.423145    18.328   -16175.5    -2985.8    -3099.4      1.3      1.8      2.2 2022 12 22 10 19 33.470  1.21   1
   110738  40.545597 -124.315063    18.044    -7017.6     -514.7    -3382.8      2.5      1.9      3.5 2022 12 26 12 16 44.250  0.71   1
   110739  40.521252 -124.427458    18.048   -16541.2    -3218.0    -3378.9      0.8      0.7      1.3 2023  1 11  1 42 23.060  2.03   1
   110743  40.582576 -124.205314    18.136     2278.4     3591.7    -3291.1      3.2      2.2      5.2 2023  3 25 16 17 15.180  0.90   1
   110745  40.515304 -124.430876    18.742   -16831.5    -3878.6    -2685.6      1.1      1.5      1.8 2023  1 20  8 32 25.670  1.94   1
   110746  40.516227 -124.446989    20.934   -18196.6    -3776.1     -493.1      2.0      2.0      2.4 2023  2 15 19 15 16.420  1.23   1
   110747  40.543075 -124.336686    20.158    -8849.4     -794.8    -1268.9      3.2      2.3      4.8 2022 12 23 14  7  9.940  0.88   1
   110748  40.553398 -124.441968    23.922   -17766.3      351.5     2494.7      4.2      3.5      4.3 2022 12 20 15 58 21.830  1.76   1
   110749  40.501534 -124.463363    14.740   -19586.0    -5407.7    -6687.3      4.0      3.8      9.8 2022 12 26  6 35 42.200  1.15   1
   110750  40.594885 -124.117635    17.115     9702.5     4958.5    -4312.4      1.4      1.3      1.2 2023  1 14  6 13 33.720  1.13   1
   110751  40.575102 -123.987777    20.906    20701.5     2761.7     -521.4      0.7      0.6      1.0 2022 12 20 17 38 50.000  1.62   1
   110752  40.581746 -124.211003    21.096     1796.7     3499.5     -331.6      1.9      0.8      1.4 2022 12 22 21 13 37.280  0.95   1
   110753  40.526644 -124.325342    18.387    -7889.4    -2619.3    -3040.1      1.7      1.5      2.1 2022 12 22 22  2  6.300  1.11   1
   110754  40.523153 -124.358008    18.670   -10657.1    -3007.0    -2757.2      2.7      2.6      3.8 2022 12 22 22 45  9.160  1.52   1
   110757  40.524674 -124.344686    19.432    -9528.3    -2838.0    -1995.7      1.1      1.1      1.4 2022 12 28 13 28 43.290  1.64   1
   110758  40.552604 -124.236157    19.641     -333.6      263.4    -1786.0      0.8      0.6      0.9 2023  1 15 15 14  5.770  1.41   1
   110759  40.525537 -124.415422    19.069   -15521.0    -2742.2    -2358.1      2.8      2.8      4.1 2023  2 10 21  1  5.660  1.17   1
   110761  40.584880 -124.150293    22.448     6937.7     3847.5     1020.7      2.6      1.6      2.6 2023  1 21 22  3  8.900  1.49   1
   110765  40.524618 -124.407406    18.218   -14842.0    -2844.4    -3208.9      1.8      1.5      2.9 2022 12 24  2 43 20.530  1.79   1
   110766  40.505204 -124.446672    17.450   -18171.2    -5000.1    -3977.0      2.4      2.6      4.1 2023  2  7 19 48  3.920  1.35   1
   110767  40.504077 -124.481755    18.068   -21144.1    -5125.3    -3359.1      2.4      1.9      5.8 2023  5  3  4 14 16.070  1.55   1
   110768  40.534810 -124.343400    18.970    -9418.7    -1712.5    -2457.1      1.7      1.3      2.0 2023  2 17 23 11 43.020  1.41   1
   110769  40.577136 -124.216398    18.812     1339.8     2987.6    -2615.7      3.1      1.5      2.7 2022 12 22 11 55 31.760  1.02   1
   110770  40.592346 -124.101514    24.965    11067.8     4676.6     3538.0      1.1      0.8      1.1 2023  1  4  8 48  8.840  1.05   1
   110771  40.514848 -124.443091    18.046   -17866.5    -3929.2    -3381.6      0.6      0.8      1.1 2022 12 21 11 33 42.730  2.09   1
   110772  40.518860 -124.421745    17.100   -16057.5    -3483.7    -4327.2      1.7      2.2      2.7 2022 12 22  1 51 31.680  0.96   1
   110774  40.515446 -124.426725    19.404   -16479.9    -3862.8    -2022.8      1.7      1.9      2.8 2022 12 22 13 45 54.290  0.88   1
   110778  40.591012 -124.092147    21.744    11861.1     4528.4      316.3      2.4      2.4      3.8 2022 12 20 13 10 43.400  0.88   1
   110780  40.514461 -124.439608    18.482   -17571.5    -3972.2    -2945.1      0.7      0.6      1.1 2023  1 27  2 38 13.190  1.41   1
   110781  40.599414 -124.019735    21.067    17991.8     5461.4     -359.9      1.4      1.4      1.1 2022 12 22  7 36 42.420  0.86   1
   110782  40.520337 -124.420093    16.802   -15917.3    -3319.7    -4625.7      1.6      1.5      3.6 2023  1 19  4 55  2.650  1.72   1
   110783  40.535437 -124.239648    19.454     -629.4    -1642.9    -1973.6      0.6      0.7      0.8 2022 12 21  9 13 55.700  1.90   1
   110785  40.602071 -124.111865    16.451    10190.5     5756.5    -4976.0      1.3      1.2      1.5 2023  3 27 13  6 21.780  0.85   1
   110786  40.514783 -124.443302    17.990   -17884.5    -3936.5    -3436.9      2.0      2.0      2.7 2022 12 21 10 46 12.660  1.82   1
   110787  40.588725 -124.185913    20.276     3921.2     4274.5    -1151.6      3.4      2.5      4.7 2022 12 22  9 24 48.500  0.91   1
   110788  40.661344 -124.009163    19.300    18878.2    12338.5    -2127.0      1.4      1.2      1.5 2022 12 22  1 16  9.260  0.66   1
   110789  40.523844 -124.419157    18.719   -15837.6    -2930.2    -2708.1      1.6      1.4      3.4 2022 12 23 19 12 41.740  1.83   1
   110790  40.570467 -124.198763    21.848     2833.4     2247.0      420.7      2.1      1.4      2.0 2022 12 24 15 43 41.860  0.86   1
   110791  40.524028 -124.411068    21.941   -15152.3    -2909.9      514.1      0.7      0.5      1.3 2022 12 21 21 14 36.000  0.82   1
   110793  40.516781 -124.411768    20.828   -15212.4    -3714.6     -599.2      2.1      1.8      2.6 2022 12 26 14 17  3.520  0.91   1
   110794  40.595504 -124.113175    18.159    10080.1     5027.2    -3268.0      0.4      0.3      0.4 2023  3 11 16 16 54.220  1.44   1
   110796  40.544141 -124.335921    16.853    -8784.5     -676.4    -4574.4      0.6      0.8      1.2 2022 12 22  1 52 50.750  1.67   1
   110797  40.520748 -124.351375    19.502   -10095.3    -3274.1    -1924.9      0.7      0.7      1.0 2022 12 24 21 53 24.440  1.63   1
   110799  40.524304 -124.406860    18.841   -14795.8    -2879.2    -2585.8      1.9      2.2      2.4 2022 12 20 10 40 17.470  2.91   1
   110801  40.558268 -124.235352    20.002     -265.4      892.4    -1425.5      1.4      0.9      1.1 2022 12 20 12 16  5.480  2.04   1
   110802  40.569495 -124.077205    19.200    13128.4     2139.0    -2227.4      1.5      1.8      0.8 2022 12 21  0 15 31.010  2.88   1
   110803  40.651038 -124.020369    19.068    17931.2    11194.0    -2359.1      1.7      1.2      2.2 2022 12 22  5 56 58.350  0.78   1
   110804  40.518282 -124.437598    19.422   -17400.7    -3547.9    -2004.8      0.4      0.4      1.1 2022 12 20 20 38 36.440  1.22   1
   110806  40.515348 -124.431217    19.125   -16860.5    -3873.7    -2302.3      1.1      1.1      1.9 2023  2  1  8 26 47.510  1.32   1
   110808  40.538460 -124.339600    17.288    -9096.5    -1307.2    -4139.5      2.4      2.2      3.7 2023  3 31  1 48 56.260  0.92   1
   110809  40.521224 -124.439974    20.516   -17601.6    -3221.2     -911.6      2.3      1.9      2.3 2022 12 22  0 38 39.810  1.01   1
   110810  40.618319 -124.080868    17.112    12813.6     7560.7    -4314.9      1.9      1.5      2.1 2023  1  4  6 36 41.150  1.09   1
   110812  40.603276 -124.142456    18.115     7600.3     5890.2    -3312.2      3.3      2.6      3.5 2023  2  2  5 38 31.180  0.92   1
