   101475  40.580550 -123.985661    20.614    20879.9     3366.7     -813.1      1.7      1.1      1.6 2020  1  4 12 29  8.640  0.00   1
   101476  40.577120 -123.957528    22.198    23262.9     2985.8      770.9      3.8      2.8      6.6 2020  2 13 22 21 36.940  0.00   1
   101477  40.581966 -123.992342    20.927    20313.8     3523.9     -500.6      2.2      1.8      3.8 2020  3 19  1  4 26.040  0.00   1
   101481  40.580855 -123.984993    20.638    20936.3     3400.6     -789.6      1.9      1.2      1.8 2021  3 29 15 56 33.780  0.00   1
   101482  40.581038 -123.985319    20.696    20908.7     3420.9     -731.3      1.7      0.9      1.6 2021  3 29 13 44 54.940  0.00   1
   101483  40.581038 -123.985189    20.704    20919.8     3420.9     -723.1      1.7      0.9      1.6 2021  3 30 14 30 26.580  0.00   1
   101484  40.580802 -123.984473    20.675    20980.4     3394.7     -752.4      1.7      0.9      1.7 2021  3 30 16 56 58.820  0.00   1
   101487  40.582385 -123.983496    20.519    21062.9     3570.5     -908.3      1.5      1.3      1.7 2021  9 19 18 51 35.660  0.00   1
   101488  40.567041 -123.950374    20.996    23870.5     1866.6     -431.0      2.5      1.0      2.5 2021 12  7  4 20 27.260  0.00   1
   101564  40.532532 -124.274967    11.660    -3621.5    -1965.5    -9767.5      1.2      0.8      1.2 2020  1  4 11 37 20.680  0.00   1
   102513  40.559371 -124.123665    23.013     9194.3     1014.8     1585.8      1.8      1.6      2.1 2020  1 21 18 29 29.080  0.00   1
   102514  40.563554 -124.139925    22.923     7816.9     1479.3     1496.1      1.9      1.2      2.1 2020  1 21 18 17 50.920  0.00   1
   102517  40.564258 -124.124837    22.920     9094.7     1557.5     1492.7      1.7      1.4      2.1 2020  1 21 18 17 12.580  0.00   1
   102584  40.555713 -124.091650    22.377    11906.3      608.6      949.5      2.7      1.8      1.8 2021 12 19 16 15 38.560  0.00   1
   102602  40.478446 -124.511100    24.579   -23635.1    -7971.4     3151.9      1.5      3.1      6.2 2021  8 10 19 30 57.060  0.00   1
   102603  40.479386 -124.505640    25.329   -23172.2    -7867.1     3901.3      1.4      2.2      3.6 2021  8 28  7 10 22.180  0.00   1
   102606  40.489673 -124.499064    24.889   -22613.2    -6724.8     3461.8      2.2      2.5      3.5 2021 11  9 13 23 16.920  0.00   1
   102608  40.477730 -124.507373    25.541   -23319.4    -8051.0     4113.8      2.4      1.7      3.9 2022  9  7 17 54 42.580  0.00   1
   102707  40.432829 -124.602783    23.307   -31415.8   -13037.1     1879.4      1.1      2.0      2.8 2020  1  5 11  4 39.240  0.00   1
   102709  40.447054 -124.595907    23.435   -30829.6   -11457.4     2008.2      1.4      1.5      1.6 2020  3 12 15 20 18.660  0.00   1
   102716  40.434827 -124.601229    23.446   -31283.6   -12815.2     2018.4      1.7      1.4      3.2 2020  5 19 15 58 35.460  0.00   1
   102717  40.435213 -124.602905    23.796   -31425.6   -12772.3     2368.6      1.5      1.6      1.7 2020  5 19  8 56  4.240  0.00   1
   102719  40.434481 -124.603988    21.688   -31517.5   -12853.6      260.4      1.3      1.8      2.5 2020  6  9 10 29  1.040  0.00   1
   102720  40.437533 -124.603597    21.362   -31483.7   -12514.7      -65.7      1.3      1.7      2.6 2020  6  9 11 54 57.660  0.00   1
   102721  40.433700 -124.597868    23.570   -30998.9   -12940.4     2142.9      1.2      1.6      2.0 2020  6 11 11 48 29.660  0.00   1
   102723  40.432751 -124.601107    23.351   -31273.7   -13045.7     1923.4      1.5      1.5      1.9 2020  6 28  9  4 35.860  0.00   1
   102727  40.436292 -124.604419    21.532   -31553.7   -12652.6      104.8      1.4      1.9      2.8 2020  9 21 21 53 10.520  0.00   1
   102728  40.429895 -124.602840    23.398   -31421.3   -13362.9     1970.9      1.8      2.4      2.2 2020  9 28  9 34 39.840  0.00   1
   102729  40.431795 -124.599837    23.414   -31166.3   -13151.8     1986.7      1.8      2.7      2.4 2020  9 29 16 42 12.380  0.00   1
   102730  40.430522 -124.601799    23.802   -31332.9   -13293.3     2375.1      1.4      1.5      2.0 2020  9 29 16  6 55.980  0.00   1
   102732  40.433940 -124.602466    23.372   -31388.6   -12913.7     1944.6      0.9      1.3      1.4 2020 10 13 22  5 11.460  0.00   1
   102734  40.434790 -124.603418    21.613   -31469.2   -12819.3      186.2      1.4      1.9      2.8 2020 12 19  3 23 42.480  0.00   1
   102736  40.428971 -124.599959    23.690   -31177.3   -13465.4     2262.8      1.2      1.4      2.1 2021  1 21 20 46 20.820  0.00   1
   102738  40.434395 -124.602124    23.667   -31359.6   -12863.1     2239.3      1.0      1.3      1.4 2021  2 12 20  8 51.240  0.00   1
   102739  40.433948 -124.600301    23.346   -31205.1   -12912.8     1918.5      1.3      1.4      1.5 2021  2 12  4 29 14.400  0.00   1
   102740  40.431462 -124.604224    23.553   -31538.2   -13188.9     2125.3      1.4      1.7      1.9 2021  2 20 23 40 36.700  0.00   1
   102742  40.436943 -124.605046    21.309   -31606.6   -12580.3     -118.2      1.3      1.8      2.8 2021  4 14  1 27 41.100  0.00   1
   102743  40.433643 -124.602246    22.586   -31370.1   -12946.7     1158.8      2.0      1.2      3.5 2021  4 14  5 38 37.620  0.00   1
   102749  40.433268 -124.602262    23.365   -31371.6   -12988.3     1937.5      1.4      1.7      1.8 2021  7 10 11 59 45.840  0.00   1
   102751  40.428471 -124.603573    23.547   -31483.7   -13521.0     2119.5      1.7      2.5      2.5 2021  8 31 18 13 15.560  0.00   1
   102754  40.430697 -124.603206    23.353   -31452.2   -13273.8     1926.2      0.9      1.3      1.7 2021  9 23  9 33 50.540  0.00   1
   102755  40.435022 -124.601945    23.374   -31344.2   -12793.5     1946.7      0.9      1.2      1.5 2021  9 30 19 10  2.220  0.00   1
   102756  40.433431 -124.603198    22.777   -31450.9   -12970.2     1349.9      2.2      3.5      4.1 2021 10  8 23 40 58.400  0.00   1
   102761  40.433138 -124.603149    22.714   -31446.8   -13002.7     1287.1      1.7      2.3      3.0 2021 12  9 20 12 36.400  0.00   1
   102763  40.436088 -124.602319    23.363   -31375.7   -12675.2     1935.4      1.2      1.3      1.6 2021 12 18  5 17 48.600  0.00   1
   102764  40.437606 -124.600944    23.382   -31258.8   -12506.6     1954.4      1.4      1.9      2.0 2021 12 20  7 12 18.880  0.00   1
   102768  40.433142 -124.603084    23.470   -31441.3   -13002.3     2042.7      1.8      3.1      2.2 2022  2 24 23 18 18.200  0.00   1
   102775  40.434985 -124.601961    23.374   -31345.6   -12797.6     1947.0      0.9      1.2      1.6 2022  5 12 21 39 49.620  0.00   1
   102776  40.429362 -124.604549    21.547   -31566.3   -13422.1      119.9      1.5      2.0      2.8 2022  5 15 21 30 42.600  0.00   1
   102777  40.437162 -124.603776    21.966   -31499.0   -12555.9      538.7      1.4      2.4      2.4 2022  6  2  9 50 27.060  0.00   1
   102778  40.436784 -124.605737    22.390   -31665.3   -12597.9      962.5      1.5      2.5      3.2 2022  6 17  0 59 30.760  0.00   1
   102780  40.435575 -124.602051    23.358   -31353.1   -12732.1     1931.1      1.3      1.6      1.7 2022  7 21  2 41 31.540  0.00   1
   102781  40.440914 -124.605965    22.128   -31683.7   -12139.3      700.5      2.6      3.7      4.3 2022  7 28  9 22  9.400  0.00   1
   102786  40.441471 -124.599658    20.714   -31148.9   -12077.4     -713.1      1.9      3.6      2.7 2022  9 18 15 28 46.440  0.00   1
   102787  40.426750 -124.596167    23.572   -30856.3   -13712.1     2144.6      1.7      1.7      1.8 2022 10  2 19 33 34.380  0.00   1
   102789  40.439579 -124.601652    23.366   -31318.3   -12287.5     1939.2      1.6      2.4      2.5 2022 10 17  4 45 23.620  0.00   1
   102790  40.427450 -124.599202    23.537   -31113.5   -13634.4     2109.8      1.1      1.8      1.6 2022 10 19 22 24 12.120  0.00   1
   102792  40.437272 -124.605998    23.187   -31687.3   -12543.7     1760.1      2.8      4.6      4.9 2022 11  4 23 19 49.560  0.00   1
   102871  40.514799 -124.432210    25.591   -16944.7    -3934.7     4163.4      2.7      3.7      5.0 2021 12 21 11 40 42.620  0.00   1
   102873  40.518274 -124.417261    22.966   -15677.6    -3548.8     1539.2      1.8      2.2      2.6 2021 12 27  5 28 17.460  0.00   1
   102877  40.519385 -124.418343    23.984   -15769.2    -3425.4     2556.8      1.2      1.3      1.7 2022 11 12  9 39  9.180  0.00   1
   102881  40.573857 -123.887272    22.443    29213.4     2623.4     1015.4      1.8      1.7      1.0 2020  6  5  7 17 17.540  0.00   1
   102882  40.586475 -123.893229    22.112    28706.2     4024.6      685.1      1.8      1.8      1.6 2021  8 31 10  1 55.460  0.00   1
   102884  40.576054 -123.890153    23.396    28969.0     2867.4     1968.9      1.3      1.4      1.4 2022  7  8 14 14 25.800  0.00   1
   102885  40.575024 -123.882064    22.449    29654.2     2753.1     1021.9      2.0      2.1      1.4 2022 10 15  6 34 45.100  0.00   1
   102906  40.551213 -124.494466    23.873   -22213.4      108.9     2445.3      2.0      1.6      1.5 2020  1  8  5 26 50.000  0.00   1
   102908  40.549577 -124.499536    23.925   -22643.1      -72.7     2498.1      1.8      1.3      1.0 2020 10 11 20 54  2.280  0.00   1
   102909  40.541284 -124.509855    26.694   -23518.7     -993.6     5266.3      1.7      1.8      3.4 2021  4 28 19 33 47.460  0.00   1
   102910  40.549418 -124.496069    23.829   -22349.5      -90.4     2402.0      0.9      0.8      0.8 2021  6 12  7 57 57.640  0.00   1
   102911  40.546908 -124.504102    24.432   -23030.3     -369.2     3004.9      1.8      1.8      4.1 2021  6 22  2 52 24.640  0.00   1
   102915  40.547298 -124.503133    23.840   -22948.2     -325.8     2413.2      1.8      1.6      3.0 2021 11 28 13  7  4.440  0.00   1
   102916  40.548503 -124.501221    23.932   -22786.0     -192.0     2505.1      1.3      1.1      0.9 2021 12 21 13 58 37.080  0.00   1
   103853  40.619731 -123.952922    22.045    23645.5     7717.5      618.2      3.6      2.4      7.2 2020  1 15 17  9  9.680  0.00   1
   103854  40.621008 -123.945223    21.646    24297.1     7859.4      218.5      1.6      1.4      1.4 2020  9  6  8  2 35.820  0.00   1
   103855  40.623844 -123.949194    21.594    23960.3     8174.3      166.5      1.5      1.6      1.2 2021 11 17  1 30  5.520  0.00   1
   103856  40.623523 -123.946663    21.623    24174.7     8138.6      195.3      1.3      1.0      1.3 2022  1 29  9  3 15.000  0.00   1
   103857  40.621773 -123.946224    21.676    24212.2     7944.3      248.7      1.4      1.3      1.3 2022  5 22  1 31 29.140  0.00   1
   103859  40.624089 -123.949219    21.551    23958.2     8201.4      123.8      1.5      1.4      1.3 2022  5 23  3 58 56.800  0.00   1
   103861  40.622721 -123.949333    21.701    23948.8     8049.6      273.9      0.9      0.9      1.2 2022  7 27 10 38  4.700  0.00   1
   103862  40.621541 -123.947388    21.738    24113.7     7918.6      310.3      1.8      1.6      2.0 2022 11 17 16  3 25.080  0.00   1
   103863  40.620996 -123.943742    21.587    24422.5     7858.0      160.0      1.3      1.2      1.1 2022 11 20 23 28 37.040  0.00   1
   103948  40.583386 -123.916667    25.610    26722.1     3681.6     4182.9      1.8      1.2      3.2 2020  7 15 23 27 17.180  0.00   1
   103949  40.583244 -123.916984    25.614    26695.3     3665.8     4186.6      1.8      1.2      3.2 2020  7 15 23 27  7.480  0.00   1
   103953  40.584985 -123.912410    23.928    27082.2     3859.2     2500.7      1.2      1.6      4.3 2021  6 28 22 30 49.640  0.00   1
   103955  40.587244 -123.916040    24.996    26774.4     4110.0     3568.3      2.0      1.5      2.1 2021  8 18 13 15  3.800  0.00   1
   103957  40.579272 -123.912614    26.860    27066.1     3224.8     5432.7      1.5      0.8      1.6 2021  9 30  0  5  3.500  0.00   1
   103958  40.582992 -123.906201    25.948    27608.4     3637.8     4520.7      1.6      0.8      3.0 2021 10 16 22 17 33.780  0.00   1
   103963  40.584403 -123.906714    25.835    27564.7     3794.6     4407.3      2.3      1.1      1.6 2022 10  3  1 19 38.240  0.00   1
   104037  40.620732 -124.320915    18.625    -7509.1     7828.7    -2801.8      2.3      1.4      4.2 2020  3 23  9 10 34.260  0.00   1
   104039  40.620915 -124.316992    19.900    -7177.0     7849.0    -1527.6      2.4      1.5      2.5 2020  3 31  1 10 40.520  0.00   1
   104040  40.620361 -124.315942    19.699    -7088.1     7787.5    -1728.7      1.2      0.8      1.5 2020 12 20  9 55 52.280  0.00   1
   104042  40.620178 -124.315951    19.654    -7088.8     7767.2    -1773.3      1.1      0.8      1.4 2020 12 20 10 47 46.800  0.00   1
   104043  40.620101 -124.315796    19.652    -7075.7     7758.6    -1775.2      1.3      0.9      1.8 2020 12 20 10 15 13.920  0.00   1
   104047  40.620573 -124.316366    19.779    -7123.9     7811.0    -1648.0      2.0      1.4      4.2 2021  4 20 22 55  3.440  0.00   1
   104048  40.619812 -124.322445    17.773    -7638.6     7726.5    -3654.0      0.9      1.2      2.0 2021  4 24 18 32 32.740  0.00   1
   104049  40.622514 -124.315405    19.991    -7042.5     8026.6    -1436.5      1.3      0.9      1.7 2021  6 29 21  7 22.600  0.00   1
   104052  40.622428 -124.316089    20.331    -7100.4     8017.1    -1096.2      1.8      1.4      3.1 2021  7  2  7 55 22.400  0.00   1
   104053  40.618612 -124.315454    21.137    -7046.9     7593.3     -290.3      2.9      1.6      4.5 2021  7  3 16 38 35.240  0.00   1
   104054  40.621908 -124.315438    20.139    -7045.3     7959.2    -1288.0      1.4      1.1      2.8 2021  7 14 14 46 21.240  0.00   1
   104055  40.622156 -124.315682    20.070    -7066.0     7986.8    -1357.5      1.4      1.3      3.2 2021  9 17 10  9 30.180  0.00   1
   104056  40.617358 -124.318042    21.162    -7266.0     7454.1     -265.3      1.3      0.8      2.2 2021 11 18  9 48  5.620  0.00   1
   104060  40.619926 -124.312337    20.303    -6782.9     7739.2    -1124.7      1.1      0.7      2.3 2022  4 14 20  4 26.860  0.00   1
   104061  40.620357 -124.314453    20.422    -6962.0     7787.1    -1005.3      1.4      1.0      2.5 2022  6 16 20 44 53.720  0.00   1
   104064  40.620154 -124.311678    20.348    -6727.1     7764.5    -1079.1      1.2      0.7      2.4 2022 10 23 23 59  6.320  0.00   1
   104510  40.562484 -124.130615    22.377     8605.5     1360.5      949.8      0.6      0.4      0.5 2020  1 21 18 16 13.040  0.00   1
   104905  40.522266 -124.418644    26.336   -15794.4    -3105.5     4908.9      0.7      0.5      0.8 2020  6 22 15 25 24.880  0.00   1
   104911  40.511287 -124.420011    23.946   -15911.5    -4324.6     2518.7      1.1      0.9      1.6 2021  5 20 19 21 47.940  0.00   1
   104917  40.503890 -124.427791    23.811   -16571.6    -5146.1     2383.9      2.0      1.5      1.6 2021  9 17 15 11 51.640  0.00   1
   104918  40.506783 -124.420003    24.637   -15911.3    -4824.8     3209.5      2.4      1.5      2.9 2021 10  5 18 21 58.320  0.00   1
   104923  40.499821 -124.427018    24.217   -16506.6    -5597.9     2789.6      1.5      2.9      4.7 2021 12 22  5 52  2.020  0.00   1
   104928  40.510990 -124.419189    25.413   -15841.9    -4357.6     3985.7      1.1      1.1      2.0 2022  1 30  2  6 57.660  0.00   1
   104932  40.510791 -124.418937    25.400   -15820.5    -4379.7     3972.4      1.1      1.1      2.0 2022  3  5  0 58 53.080  0.00   1
   104936  40.511584 -124.424463    23.528   -16288.6    -4291.6     2100.7      1.8      1.5      1.2 2022  7 27  2 17 47.560  0.00   1
   104940  40.517753 -124.495443    15.982   -22301.7    -3606.6    -5444.8      1.6      1.6      5.2 2020  1 27  9 51 13.860  0.00   1
   104941  40.517961 -124.491797    15.839   -21992.7    -3583.6    -5588.6      1.3      1.4      2.1 2020  2 20  6 32 59.280  0.00   1
   104942  40.521265 -124.492155    14.630   -22022.5    -3216.7    -6797.5      3.1      3.0      4.6 2020  4  6  9 21 20.960  0.00   1
   104943  40.517932 -124.494157    15.751   -22192.7    -3586.7    -5676.6      1.2      1.4      2.9 2020 12 17 16 41  8.520  0.00   1
   104944  40.518026 -124.489144    15.722   -21767.9    -3576.4    -5705.5      1.0      1.3      2.8 2020 12 19 14 18 19.400  0.00   1
   104945  40.520903 -124.496704    15.877   -22408.0    -3256.9    -5550.3      1.0      1.0      2.5 2021  5 24  0 40 45.520  0.00   1
   104946  40.520020 -124.498014    15.901   -22519.2    -3354.9    -5526.5      0.9      0.9      2.3 2021 11  6  3 38 12.480  0.00   1
   105067  40.738420 -123.938859    22.962    24814.2    20897.4     1535.1      1.8      0.7      1.5 2020  1 29 17 29  4.280  0.00   1
   105385  40.552222 -123.973966    21.524    21874.8      221.0       96.3      1.0      0.7      0.8 2021  4  1  4 46 23.960  0.00   1
   105390  40.593909 -123.955290    21.380    23449.5     4850.1      -47.2      1.4      1.4      1.7 2021  5 23 15 44  5.100  0.00   1
   105391  40.603703 -123.986043    22.205    20843.9     5937.7      777.4      2.3      1.2      2.2 2021  6 30  5 49 47.860  0.00   1
   105476  40.761112 -123.871875    20.739    30475.0    23417.3     -688.6      2.6      1.7      3.4 2021  4 17 11 13 27.660  0.00   1
   105477  40.760368 -123.867367    19.984    30856.4    23334.6    -1443.5      1.8      1.3      2.4 2021  5 16 18 21  8.560  0.00   1
   105483  40.758761 -123.861580    20.743    31346.2    23156.1     -684.3      2.5      1.7      3.3 2022  5  4  3 34 42.980  0.00   1
   105706  40.597160 -124.042521    21.846    16062.6     5211.1      418.4      2.0      1.5      2.0 2020  2  8  2 28 57.160  0.00   1
   105713  40.597791 -124.063062    23.360    14323.3     5281.2     1932.4      2.7      1.3      1.3 2021  8 21  3 33 28.140  0.00   1
   105954  40.544796 -124.061369    19.764    14472.3     -603.7    -1663.6      1.3      0.9      1.3 2020  2  8 19 52 44.320  0.00   1
   105955  40.541695 -124.064966    19.509    14168.0     -948.0    -1918.3      1.6      1.1      1.3 2020  2 23  1  6 17.520  0.00   1
   105956  40.540637 -124.075920    20.029    13240.2    -1065.5    -1398.3      2.2      1.5      1.8 2020 10 23 10 31 25.740  0.00   1
   105957  40.548051 -124.067008    19.303    13994.3     -242.2    -2124.1      1.8      1.5      1.9 2021  2 19 15  2  5.840  0.00   1
   105958  40.544503 -124.061922    19.854    14425.5     -636.2    -1572.9      1.4      1.0      0.9 2021  7 27 12 42 23.820  0.00   1
   105960  40.543205 -124.068221    19.289    13892.0     -780.3    -2138.1      1.8      1.0      1.7 2021  9  6  1 57 48.460  0.00   1
   105961  40.544104 -124.070296    21.648    13716.2     -680.5      220.6      1.7      1.7      2.7 2021 10 30 15 54 35.980  0.00   1
   106005  40.588346 -124.095597    19.709    11569.2     4232.4    -1718.2      1.5      2.4      1.5 2020  4 19 13  8 57.480  0.00   1
   106006  40.596375 -124.092082    18.781    11866.2     5123.9    -2645.9      2.5      2.0      2.5 2020  6  7 18 47 39.820  0.00   1
   106007  40.593746 -124.084985    19.155    12467.3     4832.0    -2272.6      1.3      1.0      1.3 2020  7 20 16 45 35.520  0.00   1
   106008  40.593547 -124.083122    19.250    12625.1     4809.9    -2177.4      0.9      0.9      1.0 2021 11 25 11 31 45.620  0.00   1
   106009  40.594071 -124.084196    19.161    12534.1     4868.2    -2266.1      1.1      1.1      1.4 2022  1 31  2 46 32.380  0.00   1
   106065  40.534550 -124.390080    25.472   -13373.1    -1741.4     4045.1      1.0      1.2      1.2 2020  2 11 17 54 25.540  0.00   1
   106069  40.500106 -124.445980    16.192   -18113.3    -5566.3    -5235.5      2.2      1.6      3.9 2021  7 22 12 38 41.980  0.00   1
   106070  40.506185 -124.449064    15.767   -18373.8    -4891.2    -5660.5      1.4      1.8      1.7 2021  8 21  7 21 12.600  0.00   1
   106079  40.632633 -123.986784    26.247    20776.7     9150.3     4820.2      1.0      1.3      2.0 2020  2 13 23  7 46.880  0.00   1
   106080  40.644649 -123.978825    27.296    21448.6    10484.6     5868.5      2.7      2.2      4.4 2020  2 27  1  9  9.980  0.00   1
   106081  40.640763 -123.988444    25.881    20634.9    10053.1     4453.8      1.1      1.2      1.2 2020  6 29  6 46  6.840  0.00   1
   106082  40.633895 -123.977710    26.304    21544.7     9290.4     4876.3      2.6      1.6      3.8 2021 11 14 16 50 17.560  0.00   1
   106083  40.640133 -123.984367    25.898    20980.2     9983.1     4470.3      1.2      0.8      1.7 2022  2 10  2 19 50.980  0.00   1
   106084  40.641309 -123.982804    25.724    21112.2    10113.6     4296.5      1.3      0.8      1.9 2022  6  3  6  4  3.860  0.00   1
   106096  40.581299 -124.207365    20.318     2104.7     3449.8    -1109.1      1.0      0.6      1.9 2021 11  2  4 49 56.460  0.00   1
   106102  40.519877 -124.411906    20.488   -15223.8    -3370.8     -938.9      2.6      1.9      2.8 2022  7  6 11 29  4.460  0.00   1
   106103  40.519263 -124.406169    21.752   -14737.8    -3439.0      325.2      2.8      2.0      4.4 2022  8 16  8  0  8.060  0.00   1
   106104  40.516451 -124.411540    21.390   -15193.1    -3751.2      -37.4      1.5      2.0      3.0 2022  8 29 21 57 39.860  0.00   1
   106135  40.553263 -124.215666    17.003     1402.1      336.6    -4424.2      1.1      0.8      1.6 2021  9 13  0  4  6.120  0.00   1
   106440  40.554903 -124.052539    21.971    15219.1      518.7      544.1      2.9      2.3      3.7 2021  9  4  5 13 46.140  0.00   1
   106496  40.593660 -124.106950    19.545    10607.4     4822.5    -1882.4      0.8      0.9      1.0 2021  8 27  1 44  5.160  0.00   1
   106497  40.592834 -124.105428    19.618    10736.3     4730.8    -1809.5      1.4      1.6      1.8 2021 11 30  0 51 56.760  0.00   1
   106499  40.593229 -124.105615    19.658    10720.4     4774.6    -1769.0      0.9      0.6      1.5 2022  1  8 11 15 11.920  0.00   1
   106609  40.614469 -123.837191    27.015    33444.7     7133.3     5587.3      2.5      1.3      2.7 2020  2 20 17 26 49.040  0.00   1
   106610  40.608386 -123.846891    27.457    32624.9     6457.8     6030.2      1.1      0.8      0.9 2020  7 17 16 58  8.720  0.00   1
   106612  40.606616 -123.847176    28.725    32601.2     6261.2     7297.9      2.4      2.3      2.1 2021 11 24  2 11 55.300  0.00   1
   106613  40.611198 -123.849398    27.646    32412.0     6770.0     6218.5      1.0      0.8      1.0 2022  5 21  1 58 58.180  0.00   1
   106614  40.502775 -124.415251    23.031   -15509.1    -5269.9     1604.2      1.6      2.2      2.5 2020  2 21 12  1 53.080  0.00   1
   106677  40.571403 -124.072746    19.809    13505.9     2350.9    -1618.2      2.4      2.2      2.3 2020  2 22  2  3 27.180  0.00   1
   106678  40.573189 -124.073853    20.048    13412.0     2549.3    -1379.0      1.8      1.0      0.9 2021  2 19 10 17 53.000  0.00   1
   106679  40.576884 -124.068709    19.586    13847.2     2959.6    -1840.8      2.2      2.4      2.2 2022  1 22 18 50  2.840  0.00   1
   106849  40.553011 -123.978890    21.312    21457.6      308.6     -115.6      1.2      1.7      1.1 2020  2 25 10 41 25.500  0.00   1
   106850  40.547860 -123.974715    21.426    21812.1     -263.4       -1.7      1.7      1.6      1.4 2020  6 21 16  9 47.640  0.00   1
   106852  40.539172 -123.965348    21.890    22607.0    -1228.1      462.6      2.0      1.6      3.0 2021  6 16 14  0 25.980  0.00   1
   106853  40.549170 -123.975863    21.811    21714.7     -117.9      383.4      1.6      2.0      2.4 2021  6 17 11 40 36.000  0.00   1
   106855  40.551253 -123.974561    21.493    21824.6      113.4       65.3      1.7      1.8      1.5 2022  9 27  4 34 50.860  0.00   1
   106908  40.622632 -124.302653    19.913    -5962.9     8039.7    -1514.2      2.0      1.3      3.3 2021  4  2 11 45  2.260  0.00   1
   106909  40.624276 -124.298893    19.355    -5644.6     8222.2    -2072.2      2.8      1.8      3.1 2021  4  7  1 55 18.100  0.00   1
   106910  40.621330 -124.302563    20.066    -5955.4     7895.1    -1361.5      2.8      1.6      5.8 2021 10 17 14 20 53.460  0.00   1
   106916  40.623893 -124.298381    19.588    -5601.2     8179.7    -1839.4      2.9      1.3      3.0 2022  7 14  7 38  2.880  0.00   1
   106917  40.503520 -124.331860    19.106    -8443.0    -5187.2    -2319.9      1.5      1.7      2.4 2020  2 29  6 25 39.720  0.00   1
   106919  40.505294 -124.338989    18.405    -9047.0    -4990.2    -3022.5      1.5      1.4      2.1 2020  6 25 12 39 13.840  0.00   1
   106920  40.504972 -124.339640    18.310    -9102.2    -5025.9    -3117.7      1.6      1.6      2.1 2020  6 26 13 51 55.760  0.00   1
   106921  40.504647 -124.339315    18.340    -9074.6    -5062.0    -3087.5      1.5      1.5      2.1 2020  6 27  9  8 18.860  0.00   1
   106924  40.500749 -124.333675    18.779    -8597.0    -5494.9    -2647.8      1.5      1.6      1.7 2020  7 15 15 49 31.760  0.00   1
   106925  40.504602 -124.339299    18.343    -9073.2    -5067.0    -3084.5      1.5      1.4      2.1 2020  7 15  2 55 13.780  0.00   1
   106926  40.500716 -124.333545    18.933    -8586.0    -5498.5    -2494.4      2.1      1.5      1.9 2020  7 15  5  0 39.940  0.00   1
   106927  40.504720 -124.339445    18.431    -9085.6    -5053.9    -2996.1      1.5      1.4      2.1 2020  7 15 19 40 35.320  0.00   1
   106930  40.504451 -124.339315    18.421    -9074.6    -5083.7    -3006.6      2.1      2.0      2.6 2020  7 16 16  0 18.620  0.00   1
   106931  40.501868 -124.329769    19.545    -8265.9    -5370.6    -1882.4      2.3      1.5      1.3 2020  7 16 12 26  9.680  0.00   1
   106933  40.505082 -124.341211    18.734    -9235.2    -5013.7    -2693.7      1.0      1.0      1.7 2020 11 20 17 12 56.060  0.00   1
   106934  40.509448 -124.328304    18.526    -8141.3    -4528.8    -2901.1      1.5      1.3      3.1 2021  5 12 18 32 23.080  0.00   1
   106937  40.510168 -124.327393    18.502    -8064.1    -4448.9    -2924.9      1.6      1.8      1.7 2021  7 11  5  6 12.560  0.00   1
   106939  40.510409 -124.328035    18.443    -8118.5    -4422.2    -2984.6      1.7      1.7      1.8 2021  7 11  7 17 55.760  0.00   1
   106940  40.508651 -124.326660    18.919    -8002.1    -4617.4    -2508.2      1.1      1.6      2.4 2021  7 11  4 14 40.000  0.00   1
   106941  40.508809 -124.326855    18.900    -8018.6    -4599.8    -2527.4      1.3      1.7      2.6 2021  7 11  3 36 34.760  0.00   1
   106942  40.510221 -124.327637    18.428    -8084.8    -4443.0    -2999.1      2.1      1.9      2.0 2021  7 11  2 14  1.880  0.00   1
   106943  40.508419 -124.326310    18.892    -7972.5    -4643.2    -2535.1      1.1      1.6      2.4 2021  7 11  7 49 35.560  0.00   1
   106944  40.508732 -124.326685    18.892    -8004.2    -4608.4    -2534.8      1.3      1.6      2.5 2021  7 12  6 52 59.100  0.00   1
   106945  40.510059 -124.327458    18.654    -8069.6    -4461.1    -2773.5      1.4      1.5      1.8 2021  7 12  7 38 34.800  0.00   1
   106947  40.510258 -124.327482    18.479    -8071.7    -4438.9    -2948.4      1.9      1.9      1.8 2021  7 12  6 52  5.820  0.00   1
   106948  40.509359 -124.326652    18.601    -8001.4    -4538.8    -2826.1      1.4      1.4      1.8 2021  7 12  6 57 12.740  0.00   1
   106949  40.510050 -124.327441    18.652    -8068.2    -4462.0    -2774.8      1.4      1.5      1.8 2021  7 12  6 51 15.180  0.00   1
   106950  40.509993 -124.327441    18.660    -8068.2    -4468.3    -2767.5      1.3      1.5      1.8 2021  7 12 22 18 34.740  0.00   1
   106951  40.510433 -124.327132    18.508    -8042.0    -4419.5    -2919.5      1.3      1.4      1.7 2021  7 12  8 58 54.960  0.00   1
   106952  40.510303 -124.327441    18.494    -8068.2    -4434.0    -2933.6      1.7      1.8      1.7 2021  7 12  8 46 32.680  0.00   1
   106953  40.509115 -124.326156    18.656    -7959.3    -4565.9    -2771.3      1.7      1.4      1.8 2021  7 12  6 48 36.980  0.00   1
   106954  40.509835 -124.327165    18.644    -8044.8    -4485.9    -2783.4      1.4      1.5      1.8 2021  7 12  6 58 19.680  0.00   1
   106959  40.509115 -124.324609    18.748    -7828.3    -4565.9    -2679.7      2.2      1.5      2.5 2021  7 12 15 18 57.120  0.00   1
   106960  40.508516 -124.326465    18.886    -7985.6    -4632.3    -2541.2      1.1      1.6      2.7 2021  7 12 12 15  8.320  0.00   1
   106961  40.508830 -124.326888    18.922    -8021.4    -4597.5    -2505.4      1.0      1.5      2.4 2021  7 12  7 42 57.140  0.00   1
   106962  40.508577 -124.326530    18.884    -7991.1    -4625.5    -2543.5      1.2      1.6      2.5 2021  7 12  8  3  8.480  0.00   1
   106964  40.508594 -124.326416    18.865    -7981.4    -4623.7    -2561.8      1.5      1.7      2.5 2021  7 12  5 33 43.540  0.00   1
   106965  40.508598 -124.326709    18.968    -8006.2    -4623.3    -2459.3      1.0      1.5      2.4 2021  7 12  8 56 41.260  0.00   1
   106967  40.510087 -124.327075    18.519    -8037.2    -4457.9    -2908.2      1.5      1.7      1.8 2021  7 13  3 34 41.120  0.00   1
   106968  40.508435 -124.327474    18.887    -8071.1    -4641.4    -2540.0      1.5      1.8      2.8 2021  7 13 11  0 10.880  0.00   1
   106970  40.507719 -124.323429    18.746    -7728.4    -4720.9    -2680.8      2.5      1.8      2.2 2021  7 15 17 56 38.860  0.00   1
   106971  40.507931 -124.323804    18.722    -7760.1    -4697.4    -2705.6      1.7      1.3      1.6 2021  7 24 15 17 23.680  0.00   1
   106974  40.510250 -124.330387    18.250    -8317.8    -4439.8    -3177.1      0.9      1.0      1.8 2021 12 20 23 45 33.300  0.00   1
   106975  40.502738 -124.338045    18.750    -8967.2    -5273.9    -2677.0      2.4      2.4      2.5 2021 12 20 21 54 42.040  0.00   1
   106977  40.511991 -124.332227    20.346    -8473.5    -4246.4    -1080.9      3.6      2.5      1.0 2021 12 21 12 29 57.320  0.00   1
   106978  40.500464 -124.334831    18.913    -8694.9    -5526.5    -2514.4      1.3      1.2      1.6 2021 12 22  7  9  8.260  0.00   1
   106979  40.503479 -124.334041    18.992    -8627.9    -5191.7    -2435.1      1.4      1.1      1.6 2021 12 22 17  4 29.540  0.00   1
   106983  40.504565 -124.338029    18.685    -8965.7    -5071.1    -2742.5      1.5      1.5      2.1 2021 12 23 19 43 35.140  0.00   1
   106984  40.507084 -124.327319    18.253    -8058.1    -4791.4    -3174.3      5.9      2.0      5.1 2021 12 23  6 28 39.440  0.00   1
   106986  40.510278 -124.327995    18.644    -8115.1    -4436.7    -2783.1      1.2      1.3      1.6 2021 12 25  0 41  6.140  0.00   1
   106988  40.509241 -124.326774    18.565    -8011.7    -4551.9    -2861.8      2.1      1.8      1.7 2021 12 31  7 30 11.740  0.00   1
   106989  40.503337 -124.342253    19.051    -9323.6    -5207.5    -2376.6      1.3      1.8      3.1 2022  1  2 19  6  3.500  0.00   1
   106990  40.506197 -124.329118    18.277    -8210.5    -4889.9    -3149.8      2.0      0.8      1.8 2022  1  2 18 43 27.640  0.00   1
   106991  40.503678 -124.333187    19.212    -8555.4    -5169.6    -2214.8      1.7      1.8      1.9 2022  1 29  0 56  4.940  0.00   1
   106992  40.505196 -124.331942    18.664    -8449.8    -5001.0    -2762.9      1.5      1.4      1.3 2022  2 20  7 55 33.920  0.00   1
   106993  40.508321 -124.327547    19.391    -8077.3    -4654.0    -2036.7      1.4      1.4      1.9 2022  4 11  8 48 35.180  0.00   1
   106995  40.509408 -124.325065    18.543    -7866.9    -4533.4    -2884.7      2.3      1.6      1.9 2022  5 14  5 11 24.580  0.00   1
   106996  40.510942 -124.330094    18.176    -8293.0    -4363.0    -3251.5      0.9      1.1      1.9 2022  5 21 19  6 31.100  0.00   1
   106997  40.506820 -124.322420    18.652    -7643.0    -4820.7    -2775.1      1.4      0.9      1.6 2022  7 18  4 14 31.760  0.00   1
   107286  40.595894 -124.033708    24.349    16809.1     5070.6     2922.0      1.7      0.8      3.2 2020  4 12 17 13 25.640  0.00   1
   107287  40.592521 -124.018294    22.781    18114.7     4696.0     1353.9      2.4      1.9      2.1 2020  4 18 11  7 43.200  0.00   1
   107288  40.594735 -124.015454    23.107    18354.9     4941.8     1680.2      1.8      1.3      1.5 2020 11 20  1 42 41.040  0.00   1
   107289  40.594661 -124.018717    23.091    18078.6     4933.7     1664.0      2.5      1.4      1.9 2020 11 20  1 23 58.260  0.00   1
   107290  40.594568 -124.015413    23.100    18358.3     4923.3     1672.9      1.9      0.9      1.6 2020 11 20  1 20 56.960  0.00   1
   107291  40.593632 -124.015658    23.305    18337.8     4819.4     1878.0      1.5      1.4      1.5 2020 11 20  7  8 23.000  0.00   1
   107292  40.597774 -124.002189    22.896    19477.7     5279.4     1468.5      4.4      1.8      5.5 2021 11 14 17  4  4.680  0.00   1
   107293  40.595809 -124.013802    22.279    18494.6     5061.1      851.9      1.9      1.4      2.2 2021 12  5 10 31 19.440  0.00   1
   107297  40.589705 -123.994759    23.285    20108.0     4383.3     1858.1      0.9      0.8      1.5 2022  1 27  3  6  7.800  0.00   1
   107337  40.507906 -124.425090    23.487   -16342.2    -4700.1     2059.5      1.1      1.8      1.7 2020  3  7  9 53 50.140  0.00   1
   107338  40.486462 -124.453426    26.432   -18746.1    -7081.3     5005.1      1.4      1.6      1.7 2020  9 23 15 27 24.660  0.00   1
   107341  40.503296 -124.430176    25.655   -16773.7    -5212.0     4227.4      1.9      1.6      2.4 2022  5  3 13  8 48.100  0.00   1
   107359  40.527641 -124.381877    25.100   -12678.9    -2508.6     3672.3      1.5      1.6      2.6 2021 12 20 22 54  5.520  0.00   1
   107361  40.525000 -124.401188    23.138   -14315.2    -2801.9     1710.3      2.0      0.9      1.7 2021 12 20 21 57 14.080  0.00   1
   107370  40.476444 -124.534847    26.625   -25648.0    -8193.8     5197.7      1.4      2.3      5.1 2021 11 16  4 40 39.460  0.00   1
   107371  40.470040 -124.531958    23.760   -25404.4    -8905.0     2332.4      1.0      1.6      1.0 2022  4  3 19 28  4.080  0.00   1
   107574  40.467855 -124.427450    19.313   -16547.1    -9147.6    -2114.2      2.7      4.1      3.0 2020  3 11 22 47 36.760  0.00   1
   107579  40.472347 -124.429142    19.898   -16690.0    -8648.8    -1529.2      1.3      1.2      1.1 2021  9 21 12 24 42.300  0.00   1
   107580  40.471647 -124.431006    19.417   -16848.0    -8726.5    -2010.2      1.1      1.4      1.4 2021 10 16  2 20 43.560  0.00   1
   107582  40.483744 -124.436426    19.185   -17305.8    -7383.1    -2241.8      0.8      1.4      3.7 2022  2  5  7 43 32.760  0.00   1
   107583  40.471720 -124.429346    19.805   -16707.3    -8718.3    -1621.9      1.9      1.9      2.1 2022  2 19 19 28 29.060  0.00   1
   107584  40.468852 -124.427531    19.772   -16553.8    -9036.9    -1655.3      1.1      1.6      1.1 2022  2 21 15 20 50.320  0.00   1
   107585  40.468913 -124.427629    19.764   -16562.1    -9030.1    -1662.8      1.1      1.5      1.2 2022  3  8 13 52  8.680  0.00   1
   107586  40.472192 -124.430330    19.918   -16790.7    -8665.9    -1509.2      1.7      1.7      1.2 2022  3 17  5 45 51.800  0.00   1
   107609  40.570203 -123.956689    21.504    23335.1     2217.7       76.3      1.5      1.3      2.4 2021 12 25 22 49 23.520  0.00   1
   107620  40.515861 -124.474577    28.008   -20534.1    -3816.7     6580.9      1.3      1.3      1.2 2020  3 20 11 54 38.000  0.00   1
   107621  40.502116 -124.506104    26.337   -23207.6    -5343.1     4909.7      1.8      1.8      2.5 2020  3 20 22 28 21.200  0.00   1
   107622  40.507300 -124.505550    26.383   -23159.8    -4767.4     4955.4      1.6      2.0      3.3 2020  3 21 20 18  7.640  0.00   1
   107623  40.506645 -124.505208    26.360   -23131.0    -4840.2     4932.7      1.2      1.7      2.7 2020  3 21 19  0  1.520  0.00   1
   107626  40.498494 -124.498698    26.969   -22580.7    -5745.2     5541.7      2.3      2.7      2.7 2020  4 18 11  0 19.100  0.00   1
   107627  40.498918 -124.514364    27.511   -23908.1    -5698.2     6084.1      1.9      1.8      2.6 2020  4 29 15  5 11.240  0.00   1
   107635  40.499874 -124.502612    27.293   -22912.1    -5592.0     5866.2      1.7      1.2      2.0 2021  6 23  5 14 47.320  0.00   1
   107636  40.503520 -124.503914    26.953   -23021.8    -5187.2     5526.0      0.9      1.1      1.5 2021  6 27 15 30 22.300  0.00   1
   107638  40.508451 -124.510368    25.709   -23567.8    -4639.5     4282.1      2.5      2.6      5.6 2021  8 29 17 32  5.980  0.00   1
   107639  40.500366 -124.504102    27.645   -23038.2    -5537.4     6217.6      1.2      1.6      2.6 2021  9  1  5  5 36.660  0.00   1
   107641  40.501762 -124.503727    27.409   -23006.3    -5382.4     5982.0      1.1      1.0      2.0 2021 10  7 19  8 24.060  0.00   1
   107644  40.491402 -124.507039    27.567   -23288.7    -6532.8     6140.2      1.3      2.7      1.4 2021 10 30 23 40 23.100  0.00   1
   107645  40.498848 -124.496989    27.555   -22435.8    -5705.9     6128.2      2.0      2.1      1.7 2021 11 20  8 44 57.940  0.00   1
   107648  40.503341 -124.495483    28.110   -22307.5    -5207.1     6682.4      1.8      2.7      2.4 2021 12 18  8 55  3.900  0.00   1
   107651  40.505762 -124.488794    26.351   -21740.3    -4938.2     4923.6      1.5      1.6      1.6 2022  1 12 11 34 59.600  0.00   1
   107654  40.489998 -124.504476    26.899   -23071.7    -6688.7     5471.6      1.9      3.5      4.3 2022  4 13 23 57 43.640  0.00   1
   107655  40.499426 -124.492407    24.406   -22047.5    -5641.7     2979.1      3.6      6.2     13.6 2022  7 29 16 38  2.820  0.00   1
   107656  40.487577 -124.502661    28.376   -22918.4    -6957.5     6948.7      1.9      2.8      1.4 2022  8 10  2 25 35.080  0.00   1
   107657  40.490959 -124.497721    28.046   -22499.2    -6582.0     6619.2      2.4      2.3      1.1 2022  8 23  6 57 35.860  0.00   1
   107661  40.494755 -124.519255    26.341   -24323.3    -6160.5     4913.4      1.1      1.7      1.8 2022 10 16 17  6 16.580  0.00   1
   107662  40.493783 -124.510718    27.519   -23600.0    -6268.4     6091.7      1.5      2.1      2.7 2022 10 16 21 31  2.740  0.00   1
   107663  40.494804 -124.510181    27.512   -23554.3    -6155.0     6084.7      1.5      2.0      2.6 2022 10 16 17  0 17.060  0.00   1
   107664  40.524162 -124.389095    23.698   -13290.7    -2895.0     2271.1      2.5      3.2      4.0 2020  3 13 19 20 41.280  0.00   1
   107680  40.562056 -123.997201    22.622    19905.3     1313.1     1194.4      2.6      0.3      0.3 2020  4 27  3 46 18.440  0.00   1
   107683  40.562317 -124.014478    22.566    18442.0     1342.0     1138.5      1.4      0.9      1.0 2020 11 11 11 22 54.400  0.00   1
   107687  40.561348 -123.999137    22.099    19741.4     1234.4      671.8      1.0      0.9      1.4 2021 12 25 23  5 26.280  0.00   1
   107808  40.546647 -124.195744    27.153     3089.6     -398.1     5725.8      1.2      0.9      1.5 2020  3 18 22 58 40.420  0.00   1
   107818  40.464457 -123.820418    23.202    34903.5    -9524.9     1774.9      1.7      2.6      1.3 2021  1 21 21  8 56.860  0.00   1
   107819  40.464852 -123.819132    23.191    35012.4    -9481.1     1763.4      1.7      1.8      1.5 2021  1 24 19 45 59.820  0.00   1
   107820  40.466634 -123.821004    23.069    34853.3    -9283.2     1641.7      1.4      1.6      1.0 2022  1 24 23 34 18.900  0.00   1
   107822  40.494165 -123.830672    25.226    34026.9    -6226.0     3798.6      2.1      3.0      1.8 2022  9 20 16  0 37.520  0.00   1
   107823  40.469718 -123.822778    23.180    34702.1    -8940.7     1752.6      0.9      1.5      0.9 2022 11 20 17  4 54.300  0.00   1
   107825  40.515662 -124.418441    20.059   -15777.9    -3838.9    -1368.7      5.5      6.9      9.3 2020  3 18 23 32 29.300  0.00   1
   107844  40.621781 -124.311149    19.796    -6682.2     7945.2    -1631.0      1.0      0.6      2.1 2020  3 18  4 40 58.500  0.00   1
   107847  40.622123 -124.306372    21.203    -6277.8     7983.2     -224.2      1.4      0.6      2.7 2022  1 23 16 30 25.180  0.00   1
   107849  40.621798 -124.311849    19.528    -6741.5     7947.0    -1899.3      1.2      0.6      2.8 2022 10 21 10 46 28.380  0.00   1
   107887  40.582011 -124.428564    23.022   -16627.5     3528.9     1594.8      1.6      1.4      1.7 2020  7 13 13  8 40.060  0.00   1
   107888  40.580615 -124.432389    23.451   -16951.6     3373.9     2024.2      1.5      1.7      1.9 2020  8 15  3 41 44.920  0.00   1
   107890  40.581055 -124.432788    23.383   -16985.3     3422.7     1956.1      1.5      2.1      2.2 2021  8  9 17  8 53.000  0.00   1
   107891  40.584086 -124.431714    23.930   -16893.9     3759.3     2502.6      2.3      1.8      1.8 2021  8 11  0 58 47.400  0.00   1
   107895  40.574674 -124.435937    22.849   -17252.8     2714.2     1421.4      1.2      1.2      2.0 2022  9  4 19 13 25.340  0.00   1
   107928  40.582992 -124.427197    23.145   -16511.6     3637.8     1717.8      1.1      1.3      2.4 2020  7 22  0 55 19.100  0.00   1
   107930  40.612854 -124.434717    23.018   -17144.6     6953.9     1590.9      2.0      1.3      2.8 2021 12 13  1 46 42.200  0.00   1
   107964  40.535539 -124.398779    17.655   -14110.0    -1631.6    -3771.8      1.0      1.4      1.4 2021 11 14  0  8  4.400  0.00   1
   107965  40.527999 -124.393441    18.936   -13658.5    -2468.9    -2491.5      1.6      2.0      2.6 2021 12 21 22 13 12.300  0.00   1
   107971  40.530896 -124.406445    16.876   -14759.9    -2147.2    -4551.3      1.0      0.6      1.3 2022 10  9 19  5  2.280  0.00   1
   107978  40.535323 -124.423543    28.477   -16207.9    -1655.6     7050.0      1.9      3.1      2.9 2021  4 15  8 56 41.520  0.00   1
   107980  40.527258 -124.424341    26.791   -16276.4    -2551.1     5364.1      1.6      1.5      2.0 2021  8  4 18 58 46.060  0.00   1
   107981  40.530562 -124.419385    26.644   -15856.2    -2184.2     5216.7      2.7      2.6      3.5 2021  8 21 16 23 33.700  0.00   1
   107983  40.523637 -124.434172    26.195   -17109.7    -2953.3     4767.4      1.9      1.4      2.4 2021 11  3  7 32 49.840  0.00   1
   107984  40.516052 -124.429435    26.888   -16709.4    -3795.5     5460.9      2.1      2.1      3.4 2021 12  3 10 42 13.240  0.00   1
   107988  40.529154 -124.420841    26.646   -15979.7    -2340.6     5218.8      2.6      1.7      2.8 2022  2 13 11 20 53.200  0.00   1
   107989  40.517712 -124.423340    27.143   -16192.8    -3611.1     5715.3      2.3      1.5      2.2 2022  4 26 22 35 44.360  0.00   1
   107990  40.528422 -124.422909    26.645   -16154.9    -2421.9     5217.6      1.6      1.6      1.8 2022  8 18  8 41 53.440  0.00   1
   107991  40.530981 -124.425920    26.206   -16409.7    -2137.7     4778.8      1.7      1.3      1.8 2022 11  8  8 40 30.120  0.00   1
   107992  40.526762 -123.990853    20.699    20448.3    -2606.2     -728.0      1.3      0.9      1.4 2020  3 19 15 51  1.740  0.00   1
   107998  40.517098 -123.977181    20.904    21608.1    -3679.4     -523.5      1.4      1.1      1.5 2022  1 22 10 34 20.100  0.00   1
   107999  40.518921 -123.979028    20.847    21451.3    -3476.9     -580.0      0.9      1.0      0.9 2022  2 15  1 12 31.400  0.00   1
   108057  40.469381 -124.442749    22.446   -17843.6    -8978.2     1018.4      2.6      1.9      2.2 2021 12  5 19 24 48.900  0.00   1
   108061  40.469800 -124.451156    21.252   -18556.0    -8931.6     -175.5      1.7      1.6      2.2 2022  9 23 15 56 33.080  0.00   1
   108062  40.467098 -124.431934    20.873   -16927.2    -9231.6     -554.2      1.9      1.7      2.0 2022  9 28 23  9 12.340  0.00   1
   108063  40.582670 -124.354980    27.321   -10396.0     3602.1     5894.0      3.3      2.9      4.6 2020  3 20  8 49 18.520  0.00   1
   108064  40.581152 -124.347673    28.033    -9777.2     3433.6     6606.1      3.4      3.4      3.4 2021 10 17  9 59  8.260  0.00   1
   108067  40.538558 -124.404614    28.102   -14604.0    -1296.3     6674.3      1.0      1.2      1.6 2021 11  3 11  8 47.100  0.00   1
   108068  40.537069 -124.404696    28.288   -14611.0    -1461.7     6861.1      0.9      0.7      1.1 2021 11  3  4 10 39.340  0.00   1
   108070  40.535754 -124.411279    28.178   -15168.9    -1607.7     6750.4      1.2      1.0      1.9 2021 12 20 21 58 50.200  0.00   1
   108071  40.535498 -124.411825    28.939   -15215.1    -1636.1     7512.2      1.5      1.1      1.3 2022  1  6 19 21 44.640  0.00   1
   108073  40.617163 -123.949325    22.346    23950.5     7432.4      918.7      1.7      1.4      2.9 2020  9 26  5 11 46.240  0.00   1
   108076  40.611475 -123.944621    22.124    24349.8     6800.7      696.4      1.8      2.2      2.5 2021 10 28  3 17 37.200  0.00   1
   108082  40.612386 -123.943807    21.506    24418.5     6901.9       78.9      1.2      1.5      2.3 2022  4 23 20  0 10.440  0.00   1
   108083  40.621598 -123.946346    21.748    24201.9     7924.9      320.5      1.4      0.9      2.7 2022  6 17 14 38  4.080  0.00   1
   108103  40.555745 -124.255371    23.056    -1961.1      612.2     1628.5      2.6      2.0      2.0 2020  3 24  7  2 14.780  0.00   1
   108105  40.550875 -124.245378    22.788    -1114.6       71.4     1361.1      1.7      1.4      1.4 2020 11 21  0 51 45.000  0.00   1
   108108  40.553215 -124.249430    22.080    -1457.9      331.2      653.2      2.5      1.5      2.0 2022 11 11 23  8  9.040  0.00   1
   108253  40.746708 -123.837630    21.283    33374.7    21817.8     -143.8      1.4      1.2      2.0 2020  3 28 12 19 52.180  0.00   1
   108254  40.749394 -123.836027    20.280    33509.6    22116.0    -1147.2      2.0      1.6      2.2 2020  9 14 17 47 56.900  0.00   1
   108256  40.480208 -124.459025    18.378   -19221.5    -7775.8    -3049.7      1.0      1.5      2.0 2020  3 29  2 10 37.820  0.00   1
   108258  40.476147 -124.459277    19.432   -19243.5    -8226.7    -1995.3      1.4      1.3      1.5 2021 10  3  5 55  4.840  0.00   1
   108259  40.477686 -124.458089    19.380   -19142.6    -8055.9    -2047.2      1.2      1.1      1.4 2021 11 19  6 49 32.480  0.00   1
   108344  40.526453 -124.400586    17.718   -14264.0    -2640.6    -3709.3      1.1      1.8      2.8 2022  6  5 23 40 24.620  0.00   1
   108357  40.571916 -124.096899    23.009    11460.3     2407.9     1581.9      4.1      2.7      3.2 2021  2 21 19 35 38.660  0.00   1
   108358  40.571761 -124.091691    22.720    11901.4     2390.7     1292.4      2.7      2.6      2.5 2021 10 31 11 18 33.720  0.00   1
   108359  40.569202 -124.101506    23.208    11070.4     2106.5     1780.9      2.5      2.7      3.2 2022  2  6  9 49 13.780  0.00   1
   108413  40.479793 -124.498966    23.793   -22606.6    -7821.9     2365.8      0.9      1.6      2.8 2020  4 13  9 58 32.960  0.00   1
   108414  40.458512 -124.510221    23.940   -23564.1   -10185.0     2513.2      1.5      1.7      1.0 2020  8 28 23 50 45.120  0.00   1
   108415  40.462415 -124.507829    23.711   -23360.6    -9751.7     2283.8      1.7      2.4      4.3 2020  9 24 22 17 36.960  0.00   1
   108416  40.458386 -124.503719    27.882   -23013.0   -10199.0     6454.8      2.0      2.7      4.3 2021  2  3  1 21 28.060  0.00   1
   108422  40.478516 -124.510889    23.733   -23617.2    -7963.8     2305.3      1.4      2.1      2.8 2021 11 29 21 27 26.620  0.00   1
   108424  40.466056 -124.503833    26.237   -23021.3    -9347.3     4810.0      1.5      2.2      2.7 2022  2 13  8 54 23.040  0.00   1
   108430  40.455701 -124.509465    23.827   -23500.4   -10497.3     2400.1      1.1      2.3      2.4 2022 11 14 21 27 40.840  0.00   1
   108464  40.605070 -124.092790    18.876    11805.4     6089.5    -2551.5      3.4      2.0      2.7 2022  1 22 11 10 16.600  0.00   1
   108465  40.608842 -124.100627    17.587    11141.6     6508.4    -3840.0      3.4      1.9      4.0 2022  1 29  6 14 29.780  0.00   1
   108466  40.588554 -124.297990    20.166    -5569.6     4255.5    -1261.4      4.2      3.0      7.0 2020  4 19 16 21  7.220  0.00   1
   108475  40.500920 -124.431698    25.492   -16903.0    -5475.9     4065.1      1.7      2.1      2.7 2020  8 21 16 41  2.020  0.00   1
   108479  40.500793 -124.429818    23.098   -16743.7    -5489.9     1670.5      2.0      1.8      2.3 2021  9 26  7 21 14.820  0.00   1
   108490  40.635832 -124.000521    24.649    19613.4     9505.5     3222.2      1.9      1.4      2.0 2020  4 19  6 45 57.780  0.00   1
   108491  40.515601 -124.345215    17.626    -9573.8    -3845.7    -3801.2      2.6      3.2      1.5 2020  4 21 11 21 54.140  0.00   1
   108492  40.508403 -124.335303    19.091    -8734.4    -4645.0    -2336.5      1.1      1.3      1.2 2020  6 19  5 30 29.960  0.00   1
   108493  40.510343 -124.336987    19.005    -8877.0    -4429.4    -2422.0      1.4      1.3      1.4 2021  3 12  1 30 38.560  0.00   1
   108494  40.509143 -124.333732    19.077    -8601.3    -4562.7    -2350.2      0.9      1.0      1.2 2021  6 14 22 35  4.460  0.00   1
   108495  40.510234 -124.331250    19.432    -8390.9    -4441.6    -1995.0      1.9      0.8      2.5 2021  6 14 21 36  2.260  0.00   1
   108496  40.510514 -124.331803    19.406    -8437.8    -4410.5    -2020.9      1.6      0.9      2.0 2021  6 14 21 44 45.960  0.00   1
   108497  40.509318 -124.333968    19.068    -8621.3    -4543.3    -2359.4      0.9      1.1      1.3 2021  6 15  9 44 20.640  0.00   1
   108498  40.510299 -124.333683    19.108    -8597.1    -4434.4    -2319.6      1.0      0.8      1.3 2021  6 15  8 53  6.160  0.00   1
   108499  40.510665 -124.334253    18.932    -8645.3    -4393.7    -2495.6      1.1      1.1      1.0 2021  6 15  9 30  2.180  0.00   1
   108500  40.510465 -124.333805    19.086    -8607.4    -4415.9    -2341.7      1.2      1.0      1.5 2021  6 15  9 15  5.520  0.00   1
   108501  40.509025 -124.335522    19.044    -8753.0    -4575.8    -2383.5      1.0      0.9      1.4 2021 12 11  4 20 38.740  0.00   1
   108566  40.642879 -124.067204    23.389    13967.9    10288.1     1961.8      1.3      0.9      0.4 2020  5  5 15 41 19.740  0.00   1
   108569  40.505074 -124.489901    23.871   -21834.2    -5014.6     2444.1      1.7      1.6      0.9 2020  5  6  2 15 26.660  0.00   1
   108570  40.504749 -124.491292    23.652   -21952.1    -5050.7     2225.1      1.0      2.1      2.8 2021  7 27  7 34 24.040  0.00   1
   108571  40.606934 -124.091536    17.788    11911.4     6296.5    -3638.8      2.0      1.3      0.9 2020  5  9 23 48 21.420  0.00   1
   108578  40.491695 -124.505941    15.515   -23195.6    -6500.2    -5912.0      1.1      1.3      1.8 2022  3 19 17 38 45.720  0.00   1
   108600  40.552991 -124.254403    24.686    -1879.1      306.4     3259.3      2.2      1.5      3.3 2020  8  8  3  7 36.200  0.00   1
   108601  40.548018 -124.260059    26.074    -2358.2     -245.8     4646.5      2.6      2.6      3.1 2021  7 18  8 37 44.140  0.00   1
   108604  40.549833 -124.251579    23.739    -1639.9      -44.3     2312.2      3.2      1.2      1.6 2022  6 14  4 29 40.760  0.00   1
   108605  40.551257 -124.244019    23.620     -999.5      113.9     2193.0      2.9      1.8      3.1 2022  6 29  2 18 33.580  0.00   1
   108609  40.530782 -124.349032    18.287    -9896.0    -2159.8    -3140.1      1.0      0.7      1.4 2020  5 21  5 49 36.720  0.00   1
   108610  40.530937 -124.349170    18.299    -9907.7    -2142.6    -3128.6      1.0      0.6      1.4 2020  5 21  6  0 18.060  0.00   1
   108611  40.537952 -124.349674    17.523    -9950.0    -1363.7    -3903.8      0.6      0.5      0.4 2020  5 21  5 49 32.040  0.00   1
   108616  40.532658 -124.432039    16.771   -16927.9    -1951.5    -4656.7      0.8      1.6      1.7 2020  5 27 17 28 46.460  0.00   1
   108617  40.520276 -124.376204    19.001   -12199.0    -3326.5    -2426.3      3.0      1.2      2.3 2021 12 21  9 14 12.320  0.00   1
   108618  40.522066 -124.412720    19.039   -15292.5    -3127.7    -2388.7      2.6      3.8      4.1 2020  5 29  3 10 10.980  0.00   1
   108624  40.528760 -124.336621    20.009    -8844.8    -2384.4    -1418.7      2.6      1.8      2.8 2020  6  1 23 58 17.820  0.00   1
   108625  40.524845 -124.320337    20.392    -7465.4    -2819.1    -1035.3      2.3      2.7      3.3 2020  6 24  4 56 53.760  0.00   1
   108626  40.524935 -124.320215    20.498    -7455.1    -2809.1     -929.3      2.1      2.4      2.8 2020  6 25 13  0 35.620  0.00   1
   108655  40.575671 -124.179696    18.549     4448.1     2824.9    -2878.3      1.1      0.9      2.0 2021 10 12  3 27 25.740  0.00   1
   108724  40.620166 -123.932837    21.655    25345.8     7765.9      228.1      2.5      1.7      1.6 2020  6 14 11 45 45.620  0.00   1
   108732  40.601176 -123.918522    22.440    26561.5     5657.1     1013.0      2.3      1.7      1.5 2022 10 13 19 35 55.660  0.00   1
   108757  40.542997 -124.054867    19.832    15023.3     -803.4    -1594.9      0.8      0.8      0.7 2020  6 14 14 58 40.620  0.00   1
   108758  40.541317 -124.056877    19.847    14853.2     -990.0    -1580.3      1.2      1.0      1.3 2021  3  4 22 22 58.560  0.00   1
   108759  40.528019 -124.027629    20.881    17332.5    -2466.6     -545.9      1.2      0.8      1.3 2022  2 22 19 27 13.320  0.00   1
   108760  40.542041 -124.050643    19.894    15381.2     -909.6    -1532.8      1.1      0.8      1.3 2022  3 14  4  0 41.420  0.00   1
   108761  40.542057 -124.052710    19.872    15206.1     -907.8    -1555.4      1.4      1.4      1.4 2022  4  7 13 29 19.080  0.00   1
   108768  40.610465 -124.084098    18.586    12540.8     6688.7    -2841.6      0.9      0.4      0.9 2020 12 14 11 30 35.940  0.00   1
   108775  40.488888 -123.868083    20.739    30858.0    -6812.0     -688.1      1.3      1.4      1.6 2021  3 12  6 12 15.860  0.00   1
   108778  40.520426 -123.913306    20.913    27019.3    -3309.8     -513.9      1.8      1.5      1.8 2021 10  5  6 18 43.140  0.00   1
   108780  40.521082 -123.912329    20.749    27101.9    -3237.0     -678.1      1.8      1.7      1.7 2021 10  6 16 45 29.740  0.00   1
   108782  40.521240 -123.912712    20.755    27069.5    -3219.4     -672.5      2.1      2.1      1.8 2021 10  6 17 13 28.040  0.00   1
   108784  40.526941 -123.914380    20.881    26927.0    -2586.4     -546.7      1.9      2.5      1.8 2021 10  6 18 40 27.620  0.00   1
   108785  40.520194 -123.912882    20.796    27055.2    -3335.5     -631.0      2.0      1.7      1.9 2021 10  6 19 49 19.280  0.00   1
   108789  40.522400 -123.912451    21.249    27091.3    -3090.6     -178.6      1.4      1.5      1.6 2021 10  6 11 42 23.740  0.00   1
   108794  40.520927 -123.912109    20.759    27120.6    -3254.2     -668.1      1.8      1.7      1.7 2021 10  9 19 44 44.220  0.00   1
   108797  40.516821 -123.907568    21.516    27506.1    -3710.1       89.0      1.6      1.2      1.6 2021 10 10 14 55 46.020  0.00   1
   108839  40.502315 -124.435767    23.483   -17247.6    -5320.9     2055.9      1.9      1.9      2.0 2021  4  7 10 38 50.740  0.00   1
   108840  40.495540 -124.436898    23.665   -17344.3    -6073.2     2238.0      1.5      2.4      1.8 2021 11  7  2 42 54.760  0.00   1
   108860  40.633537 -123.930062    21.689    25578.2     9250.6      261.7      1.6      0.5      1.4 2020  7  8 15  4 51.000  0.00   1
   108864  40.610018 -123.888005    22.975    29143.6     6639.0     1548.0      2.2      1.8      3.8 2020  7 12  6 10  9.180  0.00   1
   108865  40.613477 -123.889323    23.479    29031.2     7023.0     2051.9      3.0      2.7      4.5 2021  7 25  9 12 32.240  0.00   1
   108866  40.612708 -123.889648    22.884    29003.8     6937.6     1457.0      2.7      2.5      4.2 2022  9 20 20 35 29.800  0.00   1
   108897  40.601681 -124.121037    17.167     9414.0     5713.1    -4259.9      1.6      1.1      1.3 2020  7 21  9 58 36.880  0.00   1
   108901  40.603027 -124.099642    18.371    11225.4     5862.7    -3055.8      2.4      0.7      1.3 2020  7 28 10 54 20.520  0.00   1
   108918  40.646427 -124.023421    18.420    17673.5    10682.1    -3007.7      2.1      1.0      2.1 2020  8 14  7 59 14.720  0.00   1
   108919  40.644926 -124.017440    18.939    18180.0    10515.3    -2488.3      2.0      1.8      1.8 2020  8 14  7 29 17.360  0.00   1
   108921  40.645251 -124.023047    18.261    17705.3    10551.5    -3166.5      1.4      1.0      2.2 2021 11 16 18 50  1.700  0.00   1
   108922  40.593860 -124.118604    19.489     9620.6     4844.7    -1938.2      3.1      1.4      1.6 2020  8 17 22 44  9.820  0.00   1
   108923  40.593099 -124.118424    19.638     9635.8     4760.2    -1789.7      2.5      1.3      1.6 2020  8 17 22 37  2.940  0.00   1
   108925  40.604574 -124.104435    20.586    10819.5     6034.4     -841.0      3.5      1.6      2.9 2021  6 29  5 32 28.020  0.00   1
   108926  40.597786 -124.120052    20.619     9497.7     5280.7     -807.9      2.8      0.9      2.1 2021  9  2  7  3 32.740  0.00   1
   108956  40.536674 -124.241764    19.228     -808.7    -1505.5    -2199.2      1.7      1.9      3.0 2020  8 19  9 20 36.680  0.00   1
   108957  40.529989 -124.250090    18.923    -1514.0    -2247.9    -2503.7      2.7      2.1      2.8 2021  7 30  7  1 16.480  0.00   1
   108959  40.533765 -124.245760    18.978    -1147.2    -1828.6    -2449.0      2.2      1.7      2.0 2022  9 20 20 46 19.020  0.00   1
   108974  40.609713 -124.213037    24.365     1624.0     6605.1     2937.3      2.8      1.9      3.9 2021  6  2  8  1  4.060  0.00   1
   108976  40.604358 -124.245337    23.459    -1110.8     6010.4     2031.6      2.5      2.1      3.2 2021  8  2  1 42 32.520  0.00   1
   108977  40.621761 -124.214624    25.622     1489.5     7943.0     4195.2      6.4      1.7      4.7 2021  9 27 13 54 30.160  0.00   1
   108978  40.608858 -124.223104    25.249      771.7     6510.2     3822.0      3.4      2.1      3.5 2021 11 19  5 14  6.980  0.00   1
   108988  40.602710 -124.059408    22.905    14632.2     5827.4     1477.8      1.1      0.9      1.2 2021  9 19  2 30 15.040  0.00   1
   108995  40.562659 -123.934766    22.181    25193.3     1379.9      753.6      0.9      1.1      1.1 2020  9  7  3  4 36.280  0.00   1
   108998  40.563562 -123.931860    21.565    25439.2     1480.2      137.7      2.9      2.9      2.1 2020 11 23  2 17 29.880  0.00   1
   108999  40.563318 -123.947298    21.525    24131.7     1453.1       98.2      4.1      2.2      3.6 2020 11 23  2 27  1.080  0.00   1
   109001  40.563892 -123.934399    21.916    25224.1     1516.8      489.2      1.7      1.1      1.5 2021  4 25  2 44 15.560  0.00   1
   109003  40.544592 -123.911589    23.144    27159.9     -626.3     1716.6      0.7      0.8      1.4 2021  9 25  7 21 32.760  0.00   1
   109005  40.564103 -123.934473    22.004    25217.8     1540.3      577.1      1.4      1.5      1.2 2022  1 19 16 50 43.900  0.00   1
   109006  40.565507 -123.933285    22.044    25318.2     1696.2      617.2      1.1      1.9      1.3 2022  1 23  4 17 44.580  0.00   1
   109007  40.560693 -123.930591    22.170    25547.2     1161.7      742.7      1.0      0.8      1.0 2022  1 23 13 55 42.740  0.00   1
   109008  40.561841 -123.934814    23.183    25189.3     1289.1     1755.3      0.7      0.8      2.0 2022  5 17 14 52 29.660  0.00   1
   109027  40.521680 -123.897892    19.995    28324.9    -3170.6    -1432.6      2.0      2.2      2.9 2020  9 12  9 10  3.360  0.00   1
   109029  40.528015 -123.900448    23.529    28107.1    -2467.1     2101.7      2.5      2.4      2.7 2021 10 21 16 23 18.500  0.00   1
   109031  40.526335 -123.904281    20.163    27782.7    -2653.7    -1264.3      2.5      3.3      4.6 2022  9 21 22  2  0.300  0.00   1
   109034  40.606372 -123.919881    25.013    26445.4     6234.1     3586.0      2.8      1.8      4.0 2021 10 16  0 56 17.260  0.00   1
   109035  40.605868 -123.916756    24.963    26710.1     6178.1     3535.4      1.6      1.3      2.8 2022  4  7  7 43 59.660  0.00   1
   109037  40.599003 -124.116862    18.488     9767.7     5415.8    -2939.6      0.6      1.0      1.2 2021  8 28 10 22 15.280  0.00   1
   109040  40.535331 -124.046029    19.974    15772.9    -1654.7    -1453.4      1.8      1.0      0.7 2021  5  4 20 49 28.940  0.00   1
   109042  40.536890 -124.050977    19.751    15353.5    -1481.6    -1675.8      1.1      0.8      0.8 2021 12 10 18 19  3.380  0.00   1
   109047  40.661348 -123.886540    28.684    29256.4    12339.0     7256.9      2.4      1.6      3.9 2022  7  7 10 16 42.560  0.00   1
   109051  40.588692 -124.075317    22.198    13286.4     4270.8      770.5      3.1      2.2      2.4 2022 10 22  1 32  8.620  0.00   1
   109052  40.612500 -124.075781    17.804    13244.8     6914.6    -3623.2      3.9      1.9      2.0 2020  9 18  1 49 50.060  0.00   1
   109054  40.622485 -124.063053    17.881    14321.4     8023.4    -3546.3      1.9      0.9      1.5 2021  8  3  7 25 29.060  0.00   1
   109057  40.619999 -124.078125    17.358    13045.7     7747.3    -4069.7      2.1      0.9      1.1 2021 11  1 20 23 11.500  0.00   1
   109058  40.618803 -124.078280    17.912    13032.7     7614.5    -3515.7      1.2      0.5      1.5 2022  7  2 18 54 53.920  0.00   1
   109059  40.618888 -124.078727    17.868    12994.8     7624.0    -3559.7      1.8      1.0      1.9 2022  7  5 10 26 16.440  0.00   1
   109060  40.609574 -124.079525    18.514    12928.2     6589.7    -2912.9      1.9      0.9      1.7 2022  9 22  5 20 24.860  0.00   1
   109079  40.591150 -124.325993    21.192    -7940.7     4543.8     -234.8      1.7      1.5      2.1 2020  9 24  1 37  2.540  0.00   1
   109081  40.592814 -124.325033    21.390    -7859.3     4728.6      -37.6      1.4      1.0      1.4 2021  8  3  7 28  1.280  0.00   1
   109082  40.592419 -124.323779    21.426    -7753.2     4684.7       -1.6      1.6      1.2      1.9 2021  8  3  7 28 11.760  0.00   1
   109083  40.592000 -124.325871    21.491    -7930.3     4638.2       64.0      1.6      1.5      2.7 2022  3 18 23 22 52.560  0.00   1
   109086  40.615796 -124.093685    19.802    11728.7     7280.6    -1623.9      1.8      1.3      1.4 2020  9 29 20 57 21.240  0.00   1
   109088  40.592131 -124.102970    22.997    10944.5     4652.6     1569.6      1.7      1.0      1.9 2021  8  2  6  3 50.240  0.00   1
   109099  40.523901 -124.383732    16.680   -12836.4    -2923.9    -4747.6      5.0      2.5      7.8 2022 11  3 21 25 34.920  0.00   1
   109112  40.572449 -123.940438    20.482    24711.1     2467.1     -945.4      1.4      1.0      1.6 2020 11 28  4 46 13.820  0.00   1
   109120  40.560722 -123.922689    22.188    26216.5     1164.9      760.3      1.9      3.5      4.3 2021 10  7 15 37 20.960  0.00   1
   109123  40.558110 -123.928646    22.328    25712.5      874.8      900.6      1.6      2.0      3.6 2021 10  7 10 58 29.020  0.00   1
   109127  40.560567 -123.924129    22.441    26094.6     1147.7     1014.2      2.5      3.3      6.0 2021 10  9 15  2 48.760  0.00   1
   109129  40.529590 -124.431307    21.179   -16866.3    -2292.2     -247.9      1.2      1.6      1.7 2020 10 11 16 54  4.900  0.00   1
   109133  40.638505 -124.029565    18.472    17154.4     9802.3    -2955.4      1.0      0.8      1.5 2020 10 20  3 57  2.000  0.00   1
   109186  40.669222 -123.913525    23.178    26970.9    13213.3     1750.3      1.8      1.6      2.1 2020 11 10  7 29 44.140  0.00   1
   109189  40.673197 -123.888232    21.851    29110.6    13654.8      423.9      2.1      1.3      2.1 2021  5 13  9 32 24.180  0.00   1
   109190  40.663774 -123.886084    22.786    29294.5    12608.3     1358.9      2.4      1.2      1.4 2022  6 25  8 45  6.260  0.00   1
   109416  40.597758 -123.969914    22.188    22210.6     5277.5      760.8      2.0      1.9      1.4 2020 11 28  4 41 25.020  0.00   1
   109417  40.597648 -123.970109    22.120    22194.1     5265.3      692.7      1.8      1.6      1.3 2020 11 28  4 28 30.560  0.00   1
   109418  40.598877 -123.973079    22.481    21942.3     5401.8     1053.4      1.0      0.8      1.1 2021  3 28 11 21 31.120  0.00   1
   109420  40.600639 -123.917025    21.940    26688.4     5597.5      512.4      1.8      1.1      1.6 2020 12  7 19  3 16.040  0.00   1
   109421  40.604358 -123.914990    22.014    26859.9     6010.4      587.2      2.0      1.2      1.9 2020 12  7 19  5 36.340  0.00   1
   109427  40.594405 -123.904598    25.618    27741.9     4905.2     4190.9      2.0      1.4      2.0 2020 11 29  9 45 15.600  0.00   1
   109428  40.594096 -123.898592    26.009    28250.5     4870.9     4582.1      1.2      3.2      2.4 2021  1 19 12 58 57.580  0.00   1
   109430  40.591215 -123.913070    26.053    27025.1     4551.0     4625.4      2.6      1.6      2.0 2022  3 18  0  7 21.100  0.00   1
   109436  40.605693 -124.098706    15.498    11304.5     6158.6    -5928.9      0.5      0.5      0.4 2020 12  1 11 36 42.680  0.00   1
   109448  40.553353 -124.014396    21.819    18450.1      346.6      391.9      2.4      1.2      2.2 2022  1 19 22 27 40.720  0.00   1
   109451  40.565047 -124.012142    22.512    18639.4     1645.2     1085.0      2.7      1.3      2.7 2022  6  9  2 12 47.440  0.00   1
   109453  40.566370 -124.022575    22.614    17755.6     1792.0     1186.7      2.2      2.6      2.5 2022 11 22  5  9 14.600  0.00   1
   109457  40.590499 -124.184001    21.263     4083.0     4471.5     -164.2      1.6      1.5      2.4 2022 11 20 16 58  8.260  0.00   1
   109458  40.552218 -123.889364    22.158    29040.9      220.5      731.1      1.2      0.9      0.4 2020 12 19 19 50 56.380  0.00   1
   109460  40.597677 -124.205135    25.141     2293.3     5268.5     3713.6      1.1      1.3      1.2 2021  2 11 13 50 26.620  0.00   1
   109461  40.601322 -124.105282    16.500    10748.1     5673.4    -4927.3      1.8      1.6      1.3 2021  1  4  6 14 34.600  0.00   1
   109483  40.497709 -124.464380    23.057   -19672.8    -5832.4     1630.0      2.3      2.7      3.9 2021  1 13 19 34 16.280  0.00   1
   109484  40.519051 -124.467196    23.894   -19908.2    -3462.5     2467.1      1.2      1.6      1.4 2021  2 12 14 58  6.120  0.00   1
   109485  40.511906 -124.451904    25.142   -18613.7    -4255.9     3715.2      1.5      1.8      3.1 2022  6  3  7 37 13.740  0.00   1
   109491  40.554989 -124.057772    22.992    14775.9      528.2     1564.7      3.3      2.0      2.3 2022 11 12 22 18 21.100  0.00   1
   109493  40.576392 -124.210905    19.567     1805.0     2904.9    -1859.8      0.8      0.5      0.9 2021 12 30 20 43 22.380  0.00   1
   109498  40.573633 -124.146973    21.846     7219.5     2598.6      418.7      0.6      0.4      0.3 2022  3 29  0 35 16.680  0.00   1
   109534  40.643083 -123.999251    18.481    19719.8    10310.6    -2946.7      0.8      0.7      0.9 2021  3  6  9 15 31.140  0.00   1
   109535  40.652323 -124.010701    18.590    18749.3    11336.8    -2837.2      1.3      1.1      1.2 2021  3  6  9 16 35.960  0.00   1
   109542  40.537614 -123.905379    22.822    27687.4    -1401.2     1395.0      1.5      1.6      1.7 2021  3 19 20 18 50.400  0.00   1
   109543  40.542708 -123.906510    22.902    27590.5     -835.5     1474.5      2.3      2.0      2.8 2021  7 28 11 59  6.040  0.00   1
   109544  40.542472 -123.911336    22.690    27181.7     -861.7     1262.6      2.3      2.0      1.7 2021 11  2 15 33 30.400  0.00   1
   109546  40.541280 -123.912777    22.768    27060.0     -994.1     1341.2      1.5      1.6      4.4 2022  2  8 20 52 37.700  0.00   1
   109547  40.536348 -123.909513    23.435    27337.4    -1541.7     2007.4      2.1      2.5      2.0 2022  5 16 12 51  7.720  0.00   1
   109550  40.569063 -123.971932    23.470    22044.4     2091.1     2042.5      0.9      0.8      0.6 2021 10 14 12 55 59.780  0.00   1
   109551  40.553605 -123.976034    23.776    21699.5      374.6     2348.9      0.6      0.5      0.5 2021 10 18 11 26 36.900  0.00   1
   109560  40.577775 -124.422103    23.061   -16080.8     3058.5     1633.6      1.8      2.3      2.5 2021  4 22 19 58  9.520  0.00   1
   109562  40.572864 -124.415739    23.651   -15542.4     2513.2     2223.3      1.8      2.1      1.4 2021 10  1 17 28 56.900  0.00   1
   109563  40.573055 -124.414543    23.253   -15441.1     2534.4     1826.0      2.1      1.4      1.8 2022  6  6  8 33 56.500  0.00   1
   109585  40.702372 -123.972323    21.467    21989.5    16894.5       39.6      0.8      0.5      0.4 2021 12  9  6 38 26.640  0.00   1
   109586  40.609871 -123.803630    27.407    36287.4     6622.7     5980.1      1.9      1.7      1.4 2021  4 25 12  4 20.500  0.00   1
   109587  40.511035 -124.437150    18.831   -17363.7    -4352.6    -2596.6      1.3      2.3      2.7 2021  4 26 14 34  7.560  0.00   1
   109588  40.532931 -124.392472    21.519   -13576.0    -1921.2       91.7      4.0      4.8      6.2 2021  4 30  5 48 15.420  0.00   1
   109590  40.599935 -124.005859    22.827    19166.6     5519.3     1399.9      2.4      1.6      1.1 2021  5  1  6 40  3.120  0.00   1
   109592  40.567810 -124.017163    22.147    18213.8     1952.0      719.4      3.3      2.1      3.4 2022  3 10 22 12 16.660  0.00   1
   109593  40.587419 -124.203337    23.345     2445.7     4129.4     1917.5      1.6      0.3      0.5 2021  5 25 13 41 14.420  0.00   1
   109638  40.582471 -123.954183    24.620    23545.2     3580.0     3192.9      0.8      0.6      0.6 2021  6  5 11 28 29.860  0.00   1
   109639  40.573604 -123.959033    24.132    23136.0     2595.4     2704.6      0.7      0.4      0.6 2022  2 26  5 28  3.880  0.00   1
   109640  40.540609 -123.963745    22.036    22742.5    -1068.6      608.8      3.8      4.0      5.9 2021  6 14 23  5 14.620  0.00   1
   109641  40.545194 -123.967928    21.596    22387.4     -559.4      168.5      2.9      1.0      3.6 2021  6 15  4  8 20.200  0.00   1
   109643  40.535441 -123.966032    21.781    22549.7    -1642.5      353.5      3.2      3.5      3.4 2021  6 15  2 15 10.680  0.00   1
   109645  40.552083 -123.973608    20.622    21905.1      205.6     -805.3      1.8      2.2      2.3 2021  9 21 16 59  7.260  0.00   1
   109646  40.553776 -123.970036    20.603    22207.5      393.6     -824.4      2.5      2.4      2.9 2022  8 19 22 15 53.220  0.00   1
   109647  40.551725 -123.972738    20.961    21979.0      165.8     -466.7      2.3      2.3      2.7 2022  9 26 14 46 33.600  0.00   1
   109649  40.484660 -124.509538    17.227   -23501.6    -7281.5    -4200.3      1.5      2.2      3.5 2022  9 18  8 29  6.480  0.00   1
   109653  40.599528 -124.325098    21.223    -7864.4     5474.1     -204.3      1.9      1.3      3.7 2021  6 26 23 51 53.520  0.00   1
   109656  40.606425 -124.315999    20.322    -7093.7     6240.0    -1105.2      2.1      0.3      2.4 2021  7  7 21  8 20.520  0.00   1
   109661  40.598576 -124.329753    20.775    -8258.6     5368.4     -651.9      1.3      1.3      2.9 2022 11 27 17  4 31.920  0.00   1
   109701  40.533582 -124.351473    18.127   -10102.6    -1848.9    -3300.7      0.8      0.5      1.0 2021  7  9 20  8 44.560  0.00   1
   109707  40.705937 -123.935286    23.071    25122.5    17290.3     1643.4      2.5      2.3      2.4 2021  7 21  1 57 33.440  0.00   1
   109708  40.707861 -123.941699    22.313    24579.5    17504.0      886.2      3.9      1.6      1.5 2022  8 13 12 33 41.180  0.00   1
   109709  40.707495 -123.939502    22.267    24765.5    17463.3      840.1      4.5      1.8      2.6 2022  8 13 13  7 15.920  0.00   1
   109710  40.478361 -124.401904    20.093   -14380.8    -7980.9    -1334.0      1.4      1.2      2.5 2021  7 21  6 27  7.140  0.00   1
   109714  40.514929 -124.434383    17.645   -17128.8    -3920.2    -3782.5      0.6      0.9      1.2 2021  7 22  8 29 59.260  0.00   1
   109718  40.505501 -124.448641    18.187   -18338.0    -4967.1    -3240.6      1.1      1.0      2.1 2022  4  3 19 26 32.500  0.00   1
   109728  40.639632 -123.913949    21.350    26941.0     9927.5      -76.9      1.3      0.8      0.7 2021 10 28 17 29 28.460  0.00   1
   109729  40.640238 -123.915804    21.320    26783.9     9994.8     -107.1      2.0      0.8      0.9 2021 10 28 20 25 38.640  0.00   1
   109732  40.501152 -124.463729    18.324   -19617.1    -5450.2    -3103.3      1.7      1.7      1.9 2021  8  5  5 11 35.000  0.00   1
   109733  40.503092 -124.455884    23.174   -18952.1    -5234.6     1747.2      2.9      3.4      5.3 2021 12 18  9  2 20.600  0.00   1
   109734  40.501925 -124.456722    21.729   -19023.3    -5364.3      301.8      2.1      2.9      3.1 2021 12 21 16 46 40.580  0.00   1
   109740  40.519914 -124.356234    28.115   -10507.0    -3366.7     6687.4      1.1      1.1      0.4 2021 12 25  9  3 58.480  0.00   1
   109741  40.543014 -124.369849    23.721   -11658.5     -801.6     2293.4      1.3      1.1      0.9 2022  8 24 18 28  5.620  0.00   1
   109742  40.635860 -124.042293    19.638    16077.3     9508.6    -1789.4      0.3      0.3      0.4 2021  8 23  5 51 36.160  0.00   1
   109744  40.542240 -123.780575    21.844    38258.6     -887.4      416.7      1.5      2.8      2.5 2021  8 29 12 47 11.520  0.00   1
   109745  40.544999 -123.795736    23.154    36973.5     -581.1     1726.4      4.0      3.8     10.6 2022  1  7 12 47 18.900  0.00   1
   109758  40.549320 -124.225293    17.800      586.6     -101.2    -3627.0      0.6      0.4      0.6 2021  9 12 22 48 15.460  0.00   1
   109773  40.508687 -124.412565    20.514   -15280.9    -4613.3     -913.6      1.3      1.8      2.7 2021 12 23 10 30 50.600  0.00   1
   109775  40.575041 -124.219808    19.885     1051.0     2754.9    -1542.0      1.0      0.9      1.6 2021  9 23 19 33 34.900  0.00   1
   109779  40.525867 -124.327376    19.241    -8061.8    -2705.6    -2186.3      6.7      2.6      3.6 2021  9 30  4 43 34.000  0.00   1
   109788  40.515792 -123.885661    21.948    29362.5    -3824.4      520.5      2.4      2.6      4.0 2021 10  7  4 45 50.940  0.00   1
   109789  40.508276 -123.875423    21.831    30231.6    -4659.0      404.2      0.9      1.5      2.9 2021 10  7  5 44  8.100  0.00   1
   109791  40.509163 -123.876619    21.490    30130.0    -4560.5       62.4      1.2      2.4      1.7 2021 10  9 15 14 13.920  0.00   1
   109792  40.511259 -123.878271    21.649    29989.6    -4327.8      221.6      1.2      2.4      1.0 2021 10  9 14 51  7.940  0.00   1
   109793  40.515796 -123.881112    21.647    29747.9    -3824.0      219.3      2.4      1.5      1.1 2021 10  9 19 19 22.180  0.00   1
   109794  40.511389 -123.876367    21.511    30150.9    -4313.3       84.1      0.9      1.2      1.1 2021 10 16 14 55 23.500  0.00   1
   109795  40.515601 -123.880990    21.626    29758.3    -3845.7      199.1      1.7      1.4      1.1 2021 11  4 10 59  4.180  0.00   1
   109796  40.515084 -123.879110    21.552    29917.7    -3903.0      124.6      1.6      1.3      1.1 2021 11  7  7 51 35.860  0.00   1
   109801  40.546639 -123.847550    23.689    32584.0     -399.0     2262.1      0.6      0.8      1.0 2022  1 31 19 52 42.840  0.00   1
   109836  40.613932 -124.122233    18.998     9311.9     7073.6    -2429.7      3.0      1.3      1.2 2021 10 22 21  9 45.260  0.00   1
   109837  40.608923 -124.076693    20.797    13168.0     6517.4     -630.4      1.1      1.5      1.3 2021 10 31 13 10  3.600  0.00   1
   109838  40.550317 -123.954118    22.845    23556.4        9.5     1417.6      1.1      0.9      0.9 2021 11  3 19 22 52.340  0.00   1
   109846  40.598942 -124.048348    17.562    15569.0     5409.0    -3865.0      1.6      0.6      1.8 2021 11 25 17 56 31.760  0.00   1
   109849  40.605575 -124.306543    20.758    -6293.0     6145.5     -669.7      0.9      0.5      1.5 2021 11 29  9 17 10.340  0.00   1
   109852  40.523710 -124.432845    19.621   -16997.3    -2945.1    -1806.1      0.6      0.5      1.3 2022  1 18 10 25 37.780  0.00   1
   110087  40.590971 -124.203524    20.627     2429.8     4523.9     -800.0      2.4      1.8      1.7 2021 12 11 10 51 42.420  0.00   1
   110088  40.539563 -124.326164    18.131    -7958.2    -1184.7    -3296.2      2.4      1.1      2.5 2021 12 20 23 40 19.580  0.00   1
   110091  40.539901 -124.324284    18.054    -7799.0    -1147.2    -3372.8      2.2      1.0      2.3 2022  8 22 11 46 57.980  0.00   1
   110092  40.543005 -124.303011    18.404    -5996.8     -802.5    -3022.8      3.0      1.0      2.0 2022  8 22 11 19 44.520  0.00   1
   110093  40.542387 -124.329256    18.342    -8220.0     -871.2    -3085.1      3.5      1.1      4.0 2021 12 20 21 17 43.440  0.00   1
   110095  40.547457 -124.298600    18.698    -5623.0     -308.2    -2729.1      3.9      1.2      3.4 2022  7 14  2 59 53.060  0.00   1
   110120  40.519373 -124.416382    20.692   -15603.0    -3426.8     -735.5      1.2      1.3      2.2 2021 12 20 20 29 25.860  0.00   1
   110127  40.577454 -124.208846    17.284     1979.3     3022.8    -4143.6      2.1      0.6      2.3 2021 12 20 20 15 20.340  0.00   1
   110129  40.516097 -124.446004    17.775   -18113.2    -3790.5    -3652.4      1.2      1.1      1.8 2021 12 20 22 57 59.980  0.00   1
   110153  40.494352 -124.333504    21.098    -8582.9    -6205.2     -329.1      1.9      2.5      2.2 2021 12 21  3 28 34.100  0.00   1
   110154  40.502307 -124.333919    18.468    -8617.6    -5321.8    -2959.5      1.1      1.4      2.6 2021 12 23  6 55 41.480  0.00   1
   110156  40.510201 -124.317977    19.449    -7266.3    -4445.2    -1978.3      2.0      1.5      2.9 2021 12 23  4 51 44.220  0.00   1
   110160  40.523376 -124.414762    18.301   -15465.4    -2982.2    -3126.0      0.9      1.0      1.8 2021 12 21 19 30 31.800  0.00   1
   110168  40.578617 -124.160229    19.355     6096.5     3152.1    -2072.4      5.0      1.9      3.3 2021 12 21  2 44 44.640  0.00   1
   110179  40.545121 -124.349748    23.782    -9955.6     -567.5     2355.2      2.0      2.1      2.1 2022  3 20  6 57 16.680  0.00   1
   110181  40.497164 -124.450928    17.751   -18533.0    -5893.0    -3676.5      4.1      4.3      6.1 2021 12 25 16 54 33.700  0.00   1
   110183  40.595793 -124.109391    17.847    10400.5     5059.3    -3580.6      1.1      1.3      1.6 2021 12 26 16  2 15.940  0.00   1
   110184  40.587675 -123.990055    20.655    20506.6     4157.9     -772.6      3.6      1.6      5.1 2021 12 27  8 53  5.400  0.00   1
   110185  40.574902 -123.988672    20.909    20625.7     2739.5     -518.3      2.3      1.6      2.6 2022  5 28  7 57  1.360  0.00   1
   110186  40.574963 -124.208228    18.914     2031.8     2746.3    -2512.8      1.6      0.5      0.7 2021 12 28  6 35 41.580  0.00   1
   110187  40.574573 -124.201270    18.613     2621.0     2702.9    -2814.1      1.2      0.6      2.1 2021 12 31 13 31 14.620  0.00   1
   110188  40.574630 -124.201440    18.637     2606.6     2709.3    -2790.0      1.2      0.6      2.1 2022  1  1 22 14 38.120  0.00   1
   110189  40.574556 -124.201196    18.602     2627.2     2701.1    -2825.7      1.2      0.6      2.1 2022  1  2 11 16 33.460  0.00   1
   110191  40.574243 -124.195133    18.314     3140.7     2666.3    -3113.0      1.9      0.7      2.0 2022  9  1 20 43  2.920  0.00   1
   110199  40.510445 -124.403011    22.085   -14471.2    -4418.1      657.8      5.7      5.2      5.7 2021 12 31 17  2 13.380  0.00   1
   110209  40.596863 -124.100114    24.696    11186.0     5178.1     3268.7      1.2      1.4      1.4 2022  4  2 19 46 56.000  0.00   1
   110211  40.515755 -124.443123    18.095   -17869.2    -3828.5    -3332.4      0.4      0.7      1.0 2022  4  3 10 39 47.080  0.00   1
   110231  40.516292 -124.437622    18.942   -17403.0    -3768.8    -2484.8      0.8      1.0      1.4 2022  5 14 20  9 30.640  0.00   1
   110234  40.534192 -124.243327    20.080     -941.0    -1781.2    -1347.4      1.1      1.0      1.5 2022  5 25  9 25 42.220  0.00   1
   110250  40.520528 -124.407267    21.437   -14830.7    -3298.5        9.3      1.4      1.4      2.2 2022  7  2 10 23 23.100  0.00   1
   110253  40.594869 -124.113542    18.606    10049.1     4956.7    -2821.1      0.7      0.9      0.8 2022  7 20  6 28 50.580  0.00   1
   110254  40.595292 -124.113387    18.399    10062.2     5003.7    -3028.0      1.0      0.6      1.2 2022  8  9  7 59 33.060  0.00   1
   110255  40.598409 -124.116911    17.633     9763.6     5349.8    -3794.3      1.0      1.1      1.7 2022  8  9  8  9 40.340  0.00   1
   110266  40.537756 -124.332178    18.693    -8467.8    -1385.4    -2734.4      1.0      1.1      2.1 2022  8 30  6 25 35.480  0.00   1
   110273  40.649886 -124.013013    19.883    18554.0    11066.1    -1544.0      2.3      1.5      3.0 2022 10 28 12 43 42.000  0.00   1
   110274  40.519161 -124.437036    19.245   -17353.0    -3450.3    -2182.5      1.4      1.8      2.9 2022 10 29 20 38 50.780  0.00   1
   110275  40.515792 -124.435067    20.082   -17186.6    -3824.4    -1345.7      1.9      2.5      3.7 2022 10 30  3 34  2.660  0.00   1
   110276  40.518734 -124.437972    19.442   -17432.3    -3497.7    -1985.2      1.8      1.7      2.3 2022 11 12 10 31 42.840  0.00   1
   110279  40.517029 -124.433903    19.579   -17087.8    -3687.1    -1847.8      1.7      1.4      2.6 2022 11  2 16 39 30.260  0.00   1
   110282  40.525582 -124.416528    19.679   -15614.7    -2737.3    -1748.3      2.2      1.3      3.1 2022 11 15 17 48 18.560  0.00   1
   110296  40.581986 -123.985669    20.568    20878.9     3526.2     -859.6      1.4      0.9      1.4 2022 12 22  3  8  5.860  0.87   1
   110298  40.535063 -124.273283    11.694    -3478.7    -1684.5    -9733.2      1.2      0.8      1.2 2023  1 17 13 54 45.520  1.24   1
   110302  40.566715 -124.129696    21.946     8683.1     1830.4      518.6      1.0      0.8      1.2 2022 12 24  0 35 18.890  0.89   1
   110303  40.488000 -124.498503    24.517   -22565.9    -6910.5     3089.3      1.4      1.5      3.4 2022 12 20 12 25 25.380  2.43   1
   110305  40.435087 -124.601978    23.373   -31347.0   -12786.3     1945.9      0.8      0.9      1.3 2023  4  2 11 44 21.610  2.51   1
   110307  40.528886 -124.416479    23.070   -15610.2    -2370.4     1642.8      1.1      1.1      1.4 2023  3  9  9 11 18.070  1.00   1
   110308  40.577559 -123.877515    22.381    30038.9     3034.6      954.1      1.1      1.1      1.0 2022 12 21 19 21 21.160  1.21   1
   110311  40.539722 -124.494596    23.965   -22226.3    -1167.1     2537.8      0.8      0.6      0.7 2023  2  6  9 53 42.140  2.82   1
   110326  40.577372 -124.244141    20.039    -1009.7     3013.8    -1388.0      2.2      1.2      3.0 2023  4 26 22 23  7.880  0.79   1
   110327  40.620939 -123.948844    21.479    23990.5     7851.7       51.4      0.9      0.9      0.8 2022 12 21  8 59 40.650  1.14   1
   110330  40.585478 -123.915771    25.765    26797.5     3913.9     4338.1      1.4      0.7      2.0 2023  5 27  2 45 49.750  0.87   1
   110334  40.620410 -124.313704    20.663    -6898.6     7793.0     -764.2      0.9      0.6      2.2 2023  2 22  6 20 25.080  1.45   1
   110341  40.562577 -124.132259    22.476     8466.2     1370.9     1048.9      0.6      0.4      0.5 2023  1  5 14 47  6.170  2.14   1
   110346  40.538582 -123.891032    23.111    28902.5    -1293.6     1683.5      2.4      2.0      1.8 2023  5 28  1 45 53.620  1.36   1
   110354  40.509908 -124.421574    24.227   -16044.1    -4477.8     2799.6      1.2      0.9      2.0 2023  4 14  1 57  6.610  1.17   1
   110355  40.518445 -124.492228    15.851   -22029.2    -3529.8    -5576.0      0.5      0.6      2.2 2023  2 16 22 15  2.800  1.44   1
   110359  40.750281 -123.979028    21.620    21414.5    22214.5      192.4      2.1      0.7      1.5 2022 12 22  4 53 56.390  0.79   1
   110365  40.528084 -124.233927    17.746     -144.8    -2459.4    -3681.4      1.5      0.9      1.3 2022 12 20 12 37 22.690  1.44   1
   110367  40.551432 -123.974455    21.372    21833.6      133.3      -54.9      1.0      0.7      0.8 2022 12 25  1 20 33.690  1.82   1
   110368  40.607707 -123.980086    21.931    21347.6     6382.3      503.5      2.1      1.1      2.6 2023  2 14  3 52  7.700  1.37   1
   110370  40.693209 -123.893571    21.989    28654.6    15876.9      561.4      3.0      2.5      3.0 2022 12 21  4 44 13.820  1.30   1
   110374  40.752429 -123.868465    20.829    30765.4    22453.1     -597.9      2.0      1.4      2.8 2022 12 22  4 46 28.990  1.00   1
   110378  40.591073 -124.049601    22.216    15463.8     4535.2      789.3      1.5      1.2      1.7 2022 12 21 18 52 28.640  1.06   1
   110379  40.518840 -124.422176    18.155   -16094.0    -3486.0    -3272.2      1.3      2.0      2.3 2022 12 22  9 21 28.530  1.40   1
   110382  40.542847 -124.064095    19.381    14241.6     -820.1    -2046.7      1.1      0.8      0.8 2022 12 26  5 31 21.180  1.08   1
   110385  40.593441 -124.085921    19.234    12388.1     4798.1    -2193.2      0.8      0.8      0.9 2022 12 23  0 19 22.520  0.90   1
   110387  40.533716 -124.383024    25.064   -12775.5    -1834.0     3637.2      1.0      1.2      1.3 2023  1 28 23 56 58.200  3.85   1
   110388  40.508870 -124.448177    14.886   -18298.3    -4593.0    -6541.7      1.4      1.3      2.9 2022 12 31 10 20 40.360  1.04   1
   110390  40.640181 -123.988493    25.968    20630.9     9988.5     4541.2      0.9      0.6      0.9 2023  1 17  5 14  2.510  1.84   1
   110391  40.589392 -124.196134    22.087     3055.6     4348.6      660.0      1.1      0.6      2.0 2022 12 23  0 35 44.600  1.56   1
   110392  40.513599 -124.424788    17.707   -16316.0    -4068.0    -3719.8      2.2      2.0      2.6 2023  1  1 12 19 44.130  1.25   1
   110395  40.555037 -124.216227    16.821     1354.5      533.6    -4606.0      1.1      0.8      1.6 2022 12 20 23 19 53.720  1.40   1
   110396  40.537354 -124.261776    18.186    -2503.9    -1430.1    -3241.0      1.8      2.0      1.6 2022 12 24 20  6  9.180  0.83   1
   110399  40.529907 -124.409896    17.921   -15052.3    -2257.0    -3505.8      2.5      3.3      4.4 2022 12 20 10 44 46.730  2.70   1
   110400  40.563786 -124.048250    23.473    15581.4     1505.1     2046.2      2.9      2.3      3.8 2022 12 25  4 33 20.570  0.83   1
   110404  40.561112 -124.016390    21.929    18280.2     1208.2      502.1      2.0      1.4      2.0 2022 12 27  0 23 33.800  1.12   1
   110406  40.593075 -124.107503    19.656    10560.6     4757.5    -1771.7      0.8      0.9      1.2 2023  1 11  3 23 18.830  1.45   1
   110408  40.610486 -123.847624    27.548    32562.4     6690.9     6120.4      1.1      0.7      0.7 2023  2 12 20 12 15.900  2.47   1
   110409  40.518998 -124.417554    19.909   -15702.4    -3468.4    -1518.6      2.0      1.5      2.2 2022 12 21 22  8 58.660  1.39   1
   110412  40.573751 -124.074447    19.670    13361.7     2611.7    -1757.2      1.4      0.8      0.9 2022 12 26  7 30 25.960  0.98   1
   110417  40.551485 -123.976164    21.447    21688.8      139.2       19.4      0.7      1.1      0.8 2022 12 24 12 43  0.520  1.06   1
   110422  40.621464 -124.304142    19.967    -6089.1     7910.0    -1459.6      1.8      1.1      2.3 2022 12 29 13 40 18.010  1.27   1
   110423  40.504578 -124.335457    18.692    -8747.8    -5069.7    -2735.0      0.9      0.9      1.2 2023  2 17 12 38 36.270  0.88   1
   110429  40.593201 -124.013582    22.433    18513.6     4771.5     1005.8      1.3      0.9      1.7 2022 12 22  9 28 37.970  0.68   1
   110431  40.600981 -124.107707    23.079    10542.7     5635.4     1651.7      1.9      1.1      1.4 2022 12 21 17 59 17.620  1.95   1
   110432  40.496488 -124.458122    26.430   -19142.7    -5968.0     5002.4      1.3      1.4      1.5 2022 12 22  1 13 30.130  2.71   1
   110434  40.511991 -124.464144    19.093   -19650.7    -4246.4    -2334.1      1.9      1.9      3.1 2022 12 21 18 26 29.520  1.33   1
   110435  40.534102 -124.380941    24.765   -12599.0    -1791.1     3337.9      1.4      1.4      2.8 2023  1 28 20  7 39.900  1.24   1
   110436  40.476217 -124.533976    23.697   -25574.3    -8219.1     2269.7      0.7      1.3      1.2 2023  2 18  0 47 37.880  1.15   1
   110439  40.473197 -124.430029    19.750   -16765.0    -8554.3    -1677.4      0.8      0.9      0.8 2023  1 27 16 28 41.960  1.01   1
   110442  40.572502 -123.950244    21.592    23880.6     2472.9      164.7      1.4      1.3      2.4 2022 12 20 18 48 54.600  0.91   1
   110443  40.579057 -124.185303    19.004     3973.1     3200.9    -2423.7      3.2      1.0      2.6 2022 12 21 21 55 10.140  0.79   1
   110444  40.503564 -124.504753    27.370   -23092.9    -5182.2     5943.0      0.9      1.1      1.4 2022 12 23 21 41 55.000  1.21   1
   110445  40.525069 -124.389160    23.555   -13296.2    -2794.2     2127.3      2.5      3.1      3.0 2022 12 21  8  6 55.910  1.80   1
   110447  40.563485 -124.016732    22.720    18250.9     1471.7     1293.0      1.3      0.8      1.0 2022 12 24 19 37 36.120  1.39   1
   110448  40.596460 -124.126986    21.816     8910.6     5133.4      389.1      2.3      1.3      2.1 2023  1 31 13 12 49.420  1.12   1
   110452  40.545186 -124.194360    27.708     3206.9     -560.3     6281.1      1.1      0.9      1.4 2022 12 20 23 25 36.340  1.09   1
   110453  40.508354 -124.472941    17.780   -20396.6    -4650.4    -3646.9      2.2      2.3      3.8 2022 12 21 12  8  6.020  1.11   1
   110454  40.465181 -123.818140    23.077    35096.4    -9444.5     1650.0      1.0      1.5      1.0 2022 12 21 13 41 59.550  0.69   1
   110455  40.529753 -124.421566    16.254   -16041.0    -2274.1    -5173.1      7.1      7.2     13.1 2022 12 23 13  9 40.300  0.89   1
   110458  40.621464 -124.310156    20.155    -6598.2     7910.0    -1272.5      0.5      0.5      1.0 2023  2 14  6 32 28.460  1.23   1
   110462  40.585152 -124.438623    23.763   -17478.9     3877.7     2335.5      1.4      1.3      1.4 2023  4 22 17 56 13.080  1.37   1
   110464  40.588241 -124.427319    23.252   -16521.3     4220.7     1824.5      1.1      1.2      1.8 2023  2 13 21 32 14.280  2.09   1
   110466  40.532011 -124.391699    15.508   -13510.6    -2023.4    -5919.3      0.9      0.8      1.2 2022 12 22  0 27 26.630  0.83   1
   110467  40.528833 -124.425081    26.671   -16339.0    -2376.3     5243.6      1.3      1.2      1.7 2022 12 22  3 58 10.660  0.90   1
   110468  40.528996 -123.976180    20.419    21691.0    -2358.2    -1008.4      0.8      0.8      0.8 2022 12 24  1 17 32.850  0.88   1
   110470  40.537752 -124.356812    16.531   -10554.6    -1385.8    -4896.6      2.1      2.5      4.1 2023  3 29  5  5 59.480  1.47   1
   110474  40.472302 -124.448088    21.214   -18295.7    -8653.7     -213.5      1.7      1.5      1.8 2022 12 20 12 14 11.380  2.27   1
   110475  40.582951 -124.352018    28.093   -10145.1     3633.3     6665.6      2.7      2.5      2.7 2022 12 21 15  8 37.620  1.85   1
   110476  40.536841 -124.407072    28.285   -14812.4    -1487.0     6857.4      0.5      0.6      1.3 2022 12 20 13 24 12.330  1.51   1
   110477  40.611731 -123.938094    21.833    24902.3     6829.2      405.8      1.0      1.1      2.2 2023  1  3  7 18 42.400  0.99   1
   110479  40.535787 -124.358984    16.872   -10738.8    -1604.0    -4554.9      3.1      2.7      4.1 2022 12 26  2  4 21.800  1.88   1
   110480  40.557475 -124.251774    23.196    -1656.4      804.3     1769.2      1.8      1.2      1.3 2022 12 21  2 56 11.820  1.60   1
   110481  40.490442 -124.465682    18.443   -19784.2    -6639.4    -2983.9      2.8      2.8      5.0 2023  4  5 14 51 18.340  1.34   1
   110482  40.583093 -123.922876    21.524    26196.3     3649.1       96.8      3.2      3.9      4.2 2022 12 21 19 52  6.360  0.64   1
   110484  40.525509 -124.419816    19.588   -15893.3    -2745.4    -1839.5      1.7      1.7      2.4 2022 12 25  4  3 37.800  0.93   1
   110487  40.752389 -123.850806    20.595    32259.0    22448.6     -831.8      1.7      1.2      1.3 2022 12 20 14 11  0.150  2.57   1
   110488  40.478422 -124.457316    19.433   -19076.9    -7974.2    -1993.7      1.1      1.0      1.2 2023  2 18  9 18 28.190  1.40   1
   110489  40.519035 -124.425944    19.151   -16413.2    -3464.3    -2275.8      1.7      1.7      2.6 2022 12 29  9 57 25.630  1.27   1
   110494  40.523047 -124.413810    17.747   -15384.7    -3018.8    -3679.9      0.9      1.7      3.1 2023  3  5 20 14 19.720  1.28   1
   110496  40.503727 -124.446826    17.972   -18184.5    -5164.1    -3454.8      1.4      1.7      2.1 2022 12 30 12 51 54.870  1.14   1
   110497  40.574186 -124.099097    22.638    11274.0     2660.0     1210.4      2.2      1.8      2.1 2022 12 31 14 27 57.700  1.02   1
   110501  40.467554 -124.508097    23.712   -23382.5    -9181.0     2284.9      0.6      1.5      2.2 2022 12 30 21 43 18.320  2.12   1
   110506  40.606742 -124.071346    20.205    13620.9     6275.2    -1221.8      3.8      1.9      5.6 2022 12 20 21 47 48.880  1.10   1
   110507  40.528678 -124.397388    17.828   -13992.8    -2393.4    -3599.6      2.8      4.2      4.3 2022 12 21 10 16 11.430  0.70   1
   110508  40.613428 -124.094002    18.021    11702.1     7017.6    -3406.0      2.4      1.7      2.4 2022 12 30  9  0 39.550  1.14   1
   110510  40.497489 -124.431950    24.833   -16924.8    -5856.8     3406.2      1.5      1.5      3.4 2023  1  2  8 25 11.060  1.28   1
   110511  40.631368 -124.022225    23.361    17776.7     9009.8     1933.5      2.0      1.4      1.1 2022 12 21  4 15 19.850  2.45   1
   110512  40.509342 -124.336312    19.102    -8819.9    -4540.6    -2325.3      0.7      0.7      0.7 2022 12 21 17 35 50.480  1.40   1
   110513  40.523824 -124.414543    18.719   -15446.7    -2932.5    -2708.3      3.5      3.1      5.2 2022 12 20 15  4 50.680  1.42   1
   110515  40.539742 -124.231445    21.581       65.5    -1164.9      153.7      1.8      1.6      2.4 2023  1 11 13 29 12.060  1.57   1
   110517  40.596635 -124.085986    23.478    12382.3     5152.8     2050.6      1.5      1.0      1.3 2023  3 12  6 43 46.740  0.89   1
   110518  40.522567 -124.432528    18.323   -16970.6    -3072.1    -3104.3      2.0      3.2      3.2 2022 12 20 10 43 39.300  2.63   1
   110519  40.575871 -124.142806    22.537     7572.2     2847.1     1110.2      1.8      1.1      1.7 2022 12 20 23 22 14.760  1.65   1
   110521  40.569633 -124.161995    22.921     5947.4     2154.4     1493.6      1.9      1.9      2.3 2022 12 23  1 11 44.550  1.32   1
   110522  40.643835 -124.084196    23.269    12529.5    10394.2     1841.8      1.9      0.9      0.4 2022 12 20 18 48 15.520  0.97   1
   110523  40.511768 -124.490291    23.599   -21866.2    -4271.3     2171.7      1.0      1.7      2.5 2022 12 21  1  7 33.310  3.25   1
   110524  40.607161 -124.081112    17.590    12794.0     6321.8    -3836.9      2.0      1.3      1.0 2022 12 21  9 31  7.840  1.25   1
   110525  40.619255 -124.081893    17.969    12726.7     7664.6    -3458.4      2.0      1.5      1.6 2022 12 26  7 21 10.390  0.93   1
   110526  40.489327 -124.509969    15.541   -23537.4    -6763.2    -5885.9      1.1      1.3      1.8 2023  2 18 20 58 10.920  1.67   1
   110527  40.521684 -124.440674    19.419   -17660.9    -3170.1    -2008.3      1.3      1.2      1.8 2022 12 22  3 55 53.820  1.44   1
   110529  40.553235 -124.256763    24.354    -2079.0      333.5     2927.0      1.7      1.1      3.8 2023  5 18 13 21 36.440  0.56   1
   110530  40.620325 -124.070443    15.911    13696.0     7783.5    -5516.7      1.9      1.4      1.6 2022 12 22  4 49 54.170  0.84   1
   110531  40.534017 -124.349186    18.700    -9908.9    -1800.6    -2727.3      1.0      0.6      1.3 2022 12 20 19 16  2.640  1.29   1
   110532  40.545593 -124.340226    16.332    -9149.1     -515.1    -5095.6      0.7      0.5      0.5 2022 12 23  4  9 55.040  1.00   1
   110534  40.529919 -124.406909    19.864   -14799.3    -2255.6    -1562.8      2.0      1.2      1.8 2023  1  4 16 29 55.050  1.61   1
   110535  40.523661 -124.412622    18.241   -15284.0    -2950.5    -3186.3      2.6      3.7      4.5 2022 12 22 10 55 51.720  0.98   1
   110537  40.609941 -124.079720    23.387    12911.6     6630.4     1959.8      1.9      1.3      1.6 2022 12 21 16 28 15.660  3.99   1
   110539  40.525500 -124.344295    18.640    -9495.2    -2746.3    -2787.0      1.4      1.7      2.6 2022 12 25  8 22 48.250  0.72   1
   110541  40.581169 -124.197363    18.850     2951.7     3435.4    -2577.2      2.0      0.6      2.4 2023  2 18  6 52 19.650  1.07   1
   110542  40.578483 -124.192668    18.355     3349.4     3137.2    -3072.6      2.8      1.0      2.1 2022 12 20 17 56  5.920  1.14   1
   110544  40.597620 -124.187858    20.420     3756.2     5262.2    -1006.9      2.7      1.5      2.5 2023  3 21 22 51 34.760  0.98   1
   110546  40.504578 -124.449154    18.924   -18381.6    -5069.7    -2503.5      1.2      1.4      2.2 2022 12 27  1 23 41.520  0.94   1
   110547  40.615409 -123.925936    21.447    25931.0     7237.7       20.1      1.8      1.4      2.2 2022 12 20 23 36 50.880  1.00   1
   110549  40.543132 -124.055892    19.766    14936.4     -788.5    -1661.5      0.8      0.8      0.6 2022 12 21  4 18 46.220  2.04   1
   110551  40.614408 -124.091748    17.991    11892.8     7126.5    -3436.3      1.0      0.4      0.9 2023  2 17 11 16 14.330  1.12   1
   110553  40.524963 -123.915422    20.678    26839.2    -2806.0     -749.6      1.4      1.3      1.3 2022 12 25  0 34  1.910  0.77   1
   110554  40.549719 -124.243595    18.234     -963.7      -56.9    -3193.0      1.2      0.8      1.0 2022 12 21  0  5 31.440  1.34   1
   110556  40.499308 -124.433374    23.581   -17045.2    -5654.8     2153.5      1.2      1.5      1.8 2023  2 25 14 23 27.120  1.53   1
   110559  40.613603 -124.133748    20.437     8336.9     7037.0     -990.7      4.3      1.8      4.3 2023  3 13  0 48 17.330  0.83   1
   110560  40.627698 -123.927425    21.629    25802.6     8602.2      202.0      1.2      0.5      1.4 2023  2  2  2 38 55.900  1.60   1
   110561  40.618123 -123.886255    22.932    29289.9     7539.0     1504.5      2.3      1.8      3.5 2022 12 20 17 35 32.520  1.17   1
   110564  40.597375 -124.114136    15.143     9998.6     5235.1    -6284.4      1.5      1.0      1.3 2022 12 24  4 18 59.420  0.99   1
   110566  40.610547 -124.108618    18.006    10464.8     6697.7    -3421.1      2.8      0.7      1.2 2022 12 22  5 24 44.100  2.65   1
   110568  40.499931 -124.472209    15.708   -20335.8    -5585.7    -5719.4      3.9      3.4      8.5 2023  3 22 19 35 25.080  1.32   1
   110569  40.647461 -124.022046    18.350    17789.7    10796.8    -3077.3      1.2      1.0      1.5 2023  1  2  9 44 23.910  0.93   1
   110570  40.601567 -124.124862    20.508     9090.1     5700.5     -919.6      2.0      1.0      1.5 2022 12 22  6 14 22.080  1.10   1
   110572  40.531840 -124.245044    18.934    -1086.5    -2042.3    -2492.8      1.6      1.6      1.6 2023  1  1 22 18 52.920  1.17   1
   110574  40.628825 -124.096574    19.860    11483.0     8727.4    -1567.6      2.0      2.6      2.1 2022 12 21 22 33 49.080  1.00   1
   110575  40.580754 -124.156925    27.280     6376.2     3389.3     5852.4      3.3      2.8      3.8 2022 12 23  1 10  6.400  0.80   1
   110577  40.615499 -124.229622    23.961      219.8     7247.6     2534.2      2.1      1.2      2.4 2022 12 25 19 13 28.400  0.95   1
   110578  40.567993 -124.143986    21.756     7472.7     1972.3      328.7      1.5      0.9      1.6 2022 12 20 20 26 41.720  2.13   1
   110579  40.520390 -124.351408    21.887   -10098.1    -3313.8      460.2      3.0      4.2      3.1 2022 12 21  8 58 34.030  0.97   1
   110580  40.613139 -124.044499    23.526    15893.3     6985.5     2098.7      1.1      0.9      1.1 2023  1  3  4 53 49.540  1.15   1
   110581  40.568087 -124.236491    20.383     -361.8     1982.7    -1043.8      1.7      1.0      1.9 2023  5 28 11 38 43.770  1.07   1
   110582  40.563688 -123.935783    22.092    25106.9     1494.3      665.2      0.7      0.9      0.9 2022 12 21 23 36 17.240  1.23   1
   110586  40.524622 -123.900529    20.129    28100.9    -2843.9    -1298.1      1.7      1.9      2.9 2022 12 22  5 36 49.910  0.70   1
   110587  40.606616 -123.914958    25.131    26862.2     6261.2     3703.8      1.5      1.4      2.1 2022 12 20 10 48 38.300  2.65   1
   110588  40.597327 -124.116781    18.248     9774.7     5229.7    -3178.8      0.7      1.0      1.2 2022 12 22  7 50 48.720  1.53   1
   110589  40.533069 -124.050293    19.500    15411.9    -1905.9    -1927.7      0.8      0.5      0.4 2022 12 21  0 13 29.150  1.50   1
   110590  40.650875 -123.880656    26.402    29756.7    11175.9     4974.8      2.2      1.6      5.1 2022 12 23 19 10 35.240  1.06   1
   110591  40.585840 -124.060417    21.000    14548.6     3954.1     -427.5      3.0      2.1      2.4 2022 12 25 22 34 55.360  0.82   1
   110592  40.618380 -124.077311    17.668    13114.7     7567.5    -3759.0      1.4      0.7      1.2 2023  1 18  8 28 49.360  0.92   1
   110594  40.557931 -123.937158    21.210    24991.5      854.9     -216.8      2.6      1.5      2.4 2022 12 21  0 45 40.230  1.26   1
   110595  40.591777 -124.326660    21.379    -7997.2     4613.3      -48.2      1.1      0.8      1.1 2022 12 20 10 52 39.340  3.28   1
   110596  40.541903 -124.338501    17.551    -9003.2     -924.9    -3876.2      1.8      1.9      3.1 2022 12 29  7 31 23.150  0.85   1
   110597  40.623779 -124.083415    19.869    12597.5     8167.1    -1557.5      1.9      1.3      1.4 2022 12 20 21 24 28.880  0.90   1
   110598  40.598153 -124.101823    23.059    11041.2     5321.4     1631.6      1.7      1.0      1.8 2022 12 26  1 46  3.150  1.45   1
   110600  40.524500 -124.383789    16.906   -12841.2    -2857.5    -4521.4      4.6      3.0      5.5 2022 12 20 19 51  5.480  1.33   1
   110604  40.576941 -123.948730    20.137    24008.0     2965.9    -1290.5      1.3      1.1      1.6 2022 12 21 17  1 49.600  1.16   1
   110605  40.518827 -124.430981    18.289   -16840.0    -3487.3    -3137.8      1.1      2.0      3.1 2022 12 22  7 33 35.520  1.14   1
   110607  40.658594 -124.015210    19.032    18366.8    12033.1    -2395.6      2.3      2.4      3.6 2022 12 21 14 33 24.290  1.52   1
   110608  40.643807 -124.026636    18.540    17401.7    10391.1    -2887.2      0.9      0.8      1.6 2022 12 25 12 29 55.020  1.64   1
   110609  40.575212 -124.154419    23.345     6588.8     2773.9     1918.0      1.8      1.4      2.1 2022 12 20 19 19  0.120  1.41   1
   110611  40.548751 -124.238883    18.538     -564.6     -164.5    -2889.7      2.3      3.3      2.5 2022 12 21 12 21 21.680  0.97   1
   110613  40.665413 -123.886629    22.803    29248.0    12790.4     1375.4      1.5      0.8      1.2 2022 12 27 17 40  9.980  1.83   1
   110614  40.551001 -124.314290    20.467    -6951.8       85.4     -960.1      3.2      2.4      3.1 2023  2 15 14 26 55.060  2.21   1
   110615  40.580212 -124.133472    22.449     8362.4     3329.2     1021.9      2.0      1.6      3.0 2022 12 21  9 48 30.660  1.09   1
   110618  40.602523 -123.978939    22.565    21445.6     5806.7     1137.4      1.8      1.4      0.9 2022 12 20 23 30 29.600  1.04   1
   110619  40.598214 -123.917448    21.689    26653.0     5328.2      261.6      1.5      1.1      1.4 2022 12 22  4 23  9.220  0.67   1
   110620  40.602083 -123.891675    24.889    28834.5     5757.9     3461.6      1.3      1.3      1.8 2022 12 25 16 15  8.400  1.07   1
   110622  40.603642 -124.102791    15.626    10958.7     5930.9    -5801.4      0.5      0.5      0.4 2022 12 28  9 46 28.530  1.31   1
   110623  40.594857 -124.157943    23.038     6289.4     4955.4     1610.8      1.8      1.4      2.4 2022 12 30  9 23 12.150  1.07   1
   110624  40.609619 -124.110417    18.251    10312.6     6594.7    -3175.8      2.5      1.6      2.0 2023  4  2 23  2 20.160  1.02   1
   110625  40.551123 -124.072599    18.968    13520.4       99.0    -2459.4      1.3      0.8      1.0 2022 12 20 21 22 52.960  1.20   1
   110626  40.557975 -124.021273    21.724    17867.0      859.9      296.5      1.7      1.6      1.6 2022 12 24 20 57 12.400  1.30   1
   110627  40.590255 -124.192912    22.339     3328.5     4444.3      912.2      1.6      1.5      3.0 2022 12 20 16 59 23.800  1.39   1
   110628  40.551062 -123.885197    22.191    29394.1       92.2      763.4      1.2      0.9      0.3 2022 12 25  6 37 31.440  1.50   1
   110629  40.582052 -124.243449    23.805     -951.0     3533.4     2377.4      0.8      1.4      1.1 2023  2  2  2 53 51.230  0.90   1
   110630  40.601168 -124.111027    15.176    10261.6     5656.2    -6251.4      1.7      1.6      1.3 2022 12 22  6 38 46.920  0.92   1
   110631  40.600745 -123.999813    19.865    19678.4     5609.2    -1562.0      2.5      1.8      2.1 2022 12 22  6 27  3.370  1.14   1
   110633  40.512573 -124.451562    24.550   -18584.6    -4181.8     3122.9      1.3      1.5      3.5 2022 12 20 11 23 42.960  2.53   1
   110634  40.613102 -124.081641    15.710    12748.7     6981.5    -5717.7      1.6      1.1      1.9 2023  1  3  7 23 30.820  1.13   1
   110635  40.547738 -124.046566    22.831    15725.9     -277.0     1403.8      3.2      2.0      2.2 2022 12 24  7 16 44.450  1.51   1
   110636  40.580448 -124.216130    19.265     1362.5     3355.4    -2162.5      1.0      0.3      1.7 2023  5  5 10 50 40.220  0.86   1
   110637  40.545597 -124.336369    16.877    -8822.3     -514.7    -4550.7      2.7      2.4      3.5 2022 12 25 12 21 40.770  1.90   1
   110638  40.587964 -124.150741    24.047     6899.6     4190.0     2619.5      0.5      0.3      0.6 2022 12 21 19 17 30.720  1.31   1
   110641  40.644145 -123.998893    18.643    19749.9    10428.6    -2784.3      0.9      0.6      0.9 2022 12 25  9 11 59.060  0.70   1
   110643  40.539730 -123.911442    22.790    27173.3    -1166.2     1362.3      1.0      0.9      2.0 2023  2 16 18  3 27.440  1.53   1
   110644  40.562984 -123.979761    23.690    21382.3     1416.1     2262.8      0.8      0.7      0.4 2023  2 13  5 45 35.220  1.23   1
   110646  40.575281 -124.424170    23.274   -16256.1     2781.6     1846.5      1.4      1.0      1.1 2023  2  6 20 12  2.580  1.35   1
   110647  40.565458 -124.144914    22.116     7394.3     1690.8      688.4      2.2      1.5      2.9 2022 12 20 19  6 23.200  1.47   1
   110649  40.519950 -124.356087    22.519   -10494.6    -3362.6     1091.5      2.7      3.9      3.2 2022 12 25 23 13 35.000  1.83   1
   110650  40.701957 -123.952848    22.179    23637.3    16848.4      752.0      0.7      0.5      0.4 2022 12 26  9 16 16.030  1.67   1
   110651  40.612398 -123.825863    26.670    34404.3     6903.3     5242.6      1.9      1.6      1.5 2023  4  8  3  4 20.710  1.95   1
   110652  40.519592 -124.440495    15.470   -17646.0    -3402.4    -5957.2      1.3      2.1      2.9 2023  2  8 14 16 55.210  1.31   1
   110653  40.531230 -124.408626    17.559   -14944.7    -2110.1    -3868.0      3.9      3.5      7.9 2022 12 26  8 29 16.340  0.84   1
   110654  40.591187 -124.009001    23.213    18901.8     4547.8     1785.3      2.2      1.8      1.0 2022 12 24 22 12 36.600  2.10   1
   110655  40.566435 -124.022990    22.576    17720.5     1799.2     1149.1      3.4      2.1      3.2 2023  4 30 12 38 22.840  0.62   1
   110656  40.583484 -124.199845    25.179     2741.5     3692.5     3751.5      1.7      0.3      0.7 2023  1 20 22  9 26.880  0.94   1
   110660  40.539746 -124.340267    16.286    -9152.9    -1164.4    -5141.5      2.2      2.4      4.6 2022 12 31 15  5 32.620  1.28   1
   110663  40.580265 -123.955412    24.396    23441.6     3335.1     2968.7      0.6      0.5      0.6 2022 12 21 22 26 11.040  1.39   1
   110664  40.554106 -123.977083    20.803    21610.5      430.2     -623.8      1.2      1.2      1.8 2022 12 20 16  1 13.350  1.61   1
   110665  40.485986 -124.515063    17.074   -23969.7    -7134.2    -4353.3      1.5      2.2      3.8 2023  4  6  4 40 19.060  0.75   1
   110666  40.498462 -124.469312    18.075   -20090.6    -5748.8    -3352.2      2.3      2.4      4.2 2022 12 29  8 32 33.620  1.49   1
   110667  40.598490 -124.327563    20.833    -8073.3     5358.9     -593.9      1.0      1.0      2.6 2022 12 25  7 56 23.340  0.72   1
   110671  40.586401 -124.096427    23.280    11499.0     4016.4     1852.5      1.8      2.1      1.3 2022 12 20 23  1 57.840  1.31   1
   110672  40.539856 -124.349276    18.401    -9916.0    -1152.2    -3026.7      0.9      0.5      0.9 2023  4 15  0  7  1.200  0.77   1
   110673  40.587077 -124.234985    21.455     -234.3     4091.5       27.5      4.7      3.3      7.1 2022 12 21 16 59 16.830  0.92   1
   110674  40.552405 -124.224837    17.746      625.2      241.3    -3681.0      1.0      0.7      1.0 2022 12 23  5  1 13.690  1.08   1
   110675  40.703328 -123.931372    22.515    25454.1    17000.7     1087.9      2.2      1.4      1.3 2022 12 22 16 21 35.960  1.66   1
   110676  40.481006 -124.407601    19.864   -14863.3    -7687.2    -1563.7      1.4      1.2      2.2 2023  1 30 10 56 56.600  0.99   1
   110677  40.512187 -124.440405    17.229   -17639.3    -4224.7    -4198.3      1.3      1.5      2.5 2022 12 23  0 10 35.700  1.04   1
   110678  40.516968 -124.427002    17.170   -16503.1    -3693.8    -4257.0      0.7      0.9      1.3 2023  1  8  2 15 56.440  1.14   1
   110679  40.509115 -124.440283    17.733   -17629.4    -4565.9    -3693.9      1.1      0.9      1.5 2023  4 20 15 36 20.100  0.92   1
   110681  40.638448 -123.912899    21.300    27030.1     9796.0     -127.2      1.0      0.6      0.6 2022 12 21  2 53 42.600  1.60   1
   110683  40.504789 -124.452913    18.787   -18700.2    -5046.2    -2640.5      1.5      1.8      2.4 2022 12 21  8 21  0.830  1.29   1
   110685  40.526489 -124.378394    23.812   -12383.9    -2636.5     2384.6      1.2      1.3      0.8 2023  1 29  2 21 34.040  0.86   1
   110686  40.550358 -124.309888    17.802    -6578.9       14.0    -3624.8      3.3      2.8      3.1 2022 12 20 19 42 50.340  1.43   1
   110687  40.644792 -124.052686    19.610    15196.6    10500.4    -1816.8      0.4      0.2      0.5 2022 12 26  1 31 33.690  1.21   1
   110688  40.682979 -123.881755    22.323    29656.7    14741.0      895.7      2.0      1.9      2.7 2022 12 20 16  7 38.970  2.01   1
   110689  40.542965 -123.755176    21.789    40409.9     -807.0      361.3      1.5      2.7      1.8 2022 12 22  0 56 27.730  0.68   1
   110692  40.511271 -124.471647    21.412   -20286.6    -4326.4      -15.1      2.9      2.5      3.6 2022 12 29 10 57 23.460  1.08   1
   110694  40.514465 -124.441935    19.452   -17768.7    -3971.7    -1975.6      2.0      1.8      2.3 2022 12 29  5 31  8.470  1.04   1
   110695  40.550382 -124.224438    17.722      659.0       16.7    -3704.9      0.6      0.4      0.6 2022 12 24  5  9  2.290  1.55   1
   110697  40.572473 -124.223975    17.397      698.2     2469.8    -4029.9      2.5      1.5      2.4 2022 12 23 20 30 28.480  1.23   1
   110698  40.541764 -124.237996    18.229     -489.5     -940.3    -3198.0      1.0      0.8      1.5 2023  1 26  5 47 35.730  1.04   1
   110699  40.517631 -124.415340    16.771   -15515.0    -3620.2    -4656.0      1.5      2.6      3.6 2022 12 22  9  7 10.520  0.52   1
   110700  40.576534 -124.204818    17.093     2320.5     2920.7    -4334.0      0.9      0.8      2.2 2022 12 25  3 58 23.130  0.90   1
   110702  40.629395 -123.959261    22.203    23107.2     8790.6      775.5      1.5      1.1      1.3 2022 12 20 23 26 24.700  1.53   1
   110703  40.531160 -124.361605    16.754   -10961.2    -2117.8    -4673.1      4.9      2.5      4.2 2022 12 22 14 28 55.050  1.12   1
   110705  40.513509 -123.875798    21.629    30198.7    -4077.9      202.0      0.9      1.1      0.8 2023  3  1  0 37 17.190  1.45   1
   110706  40.559631 -123.992643    23.937    20291.7     1043.8     2509.5      1.2      1.1      1.0 2022 12 20 23 41  1.760  1.68   1
   110707  40.546879 -123.845988    22.323    32716.3     -372.3      895.3      0.6      0.8      1.3 2022 12 21 22 14 18.520  1.56   1
   110708  40.578540 -124.214193    18.182     1526.5     3143.5    -3245.6      2.3      1.5      2.2 2023  3  5  0 34 58.820  1.58   1
   110710  40.605477 -124.147892    18.275     7139.9     6134.7    -3152.7      2.5      1.3      1.4 2023  1 14  1 10 27.140  1.46   1
   110711  40.616089 -124.069507    20.206    13775.7     7313.1    -1221.4      0.9      1.5      1.9 2022 12 20 21  2 39.800  1.14   1
   110712  40.557609 -123.953198    21.983    23633.0      819.2      555.4      1.1      0.9      0.8 2023  1 10 19 11 36.040  1.34   1
   110715  40.612195 -124.088883    15.971    12135.5     6880.7    -5456.1      3.4      1.7      2.1 2022 12 20 21 22 37.100  1.23   1
   110716  40.586397 -123.886027    21.576    29316.1     4016.0      148.4      4.3      4.1      8.9 2022 12 22  1 50 13.650  0.65   1
   110717  40.608195 -124.301628    19.957    -5876.7     6436.5    -1469.9      0.7      0.5      0.8 2023  4  9 21 13 25.880  0.97   1
   110718  40.523507 -124.432284    19.507   -16949.8    -2967.7    -1920.6      0.7      0.5      1.3 2022 12 22  3 44  5.310  1.01   1
   110720  40.585331 -124.203687    20.507     2416.2     3897.6     -920.1      2.3      1.8      1.7 2022 12 21  1 23  1.660  0.93   1
   110721  40.555469 -124.303345    18.651    -6024.5      581.5    -2775.9      2.1      0.9      1.7 2022 12 20 16 43 44.910  1.41   1
   110722  40.552022 -124.305371    19.940    -6196.3      198.8    -1486.8      2.8      1.0      1.8 2022 12 20 19 45  5.720  1.04   1
   110723  40.473572 -124.545435    21.830   -26545.9    -8512.8      402.6      1.6      1.5      1.9 2022 12 22  7 29 30.560  0.68   1
   110724  40.518754 -124.345068    19.338    -9561.1    -3495.5    -2089.3      1.2      1.1      1.4 2022 12 22  8 32 21.500  0.63   1
   110725  40.546501 -124.306966    17.743    -6331.6     -414.3    -3684.2      3.5      2.7      4.0 2022 12 24 21 51 17.000  0.84   1
   110726  40.518205 -124.432756    19.602   -16990.4    -3556.5    -1824.9      1.2      1.2      2.1 2022 12 25 10 58 46.850  0.74   1
   110727  40.516752 -124.358626    19.580   -10710.0    -3717.8    -1847.3      1.7      1.5      2.3 2022 12 26 20 22  8.180  1.12   1
   110728  40.519564 -124.420768    19.290   -15974.7    -3405.6    -2136.8      1.3      1.8      2.3 2023  1  3 14 30 47.720  1.13   1
   110729  40.576746 -124.208285    17.649     2026.9     2944.2    -3778.6      1.5      0.7      0.7 2023  1  4 10 27 27.700  1.40   1
   110731  40.511759 -124.440267    19.251   -17627.7    -4272.2    -2176.7      1.2      1.2      2.6 2023  3 16 18  8 14.040  1.34   1
   110735  40.534391 -124.344401    18.469    -9503.5    -1759.0    -2958.3      1.7      1.6      2.6 2022 12 20 21 52 17.400  1.04   1
   110736  40.506222 -124.335710    18.110    -8769.0    -4887.2    -3317.2      1.1      1.1      2.4 2022 12 22  5 34 15.770  1.28   1
   110737  40.523328 -124.423315    18.357   -16190.0    -2987.6    -3070.3      1.4      1.8      2.1 2022 12 22 10 19 33.470  1.21   1
   110738  40.545601 -124.314787    18.082    -6994.2     -514.2    -3345.7      3.0      1.9      3.7 2022 12 26 12 16 44.250  0.71   1
   110739  40.521220 -124.427572    18.085   -16550.9    -3221.7    -3341.9      1.2      1.1      2.2 2023  1 11  1 42 23.060  2.03   1
   110743  40.583097 -124.206755    17.897     2156.4     3649.6    -3530.0      4.0      2.2      3.6 2023  3 25 16 17 15.180  0.90   1
   110745  40.515295 -124.430981    18.747   -16840.5    -3879.5    -2679.9      1.2      1.1      1.4 2023  1 20  8 32 25.670  1.94   1
   110746  40.516606 -124.447323    20.898   -18224.8    -3734.0     -529.4      2.2      2.3      3.2 2023  2 15 19 15 16.420  1.23   1
   110747  40.544181 -124.338542    19.799    -9006.5     -671.9    -1628.6      2.0      1.9      2.4 2022 12 23 14  7  9.940  0.88   1
   110748  40.553796 -124.441927    24.287   -17762.8      395.8     2860.1      3.5      2.9     12.6 2022 12 20 15 58 21.830  1.76   1
   110749  40.501591 -124.467415    13.878   -19929.4    -5401.4    -7549.4      3.8      4.3     10.2 2022 12 26  6 35 42.200  1.15   1
   110750  40.594918 -124.117757    17.144     9692.2     4962.2    -4283.7      1.3      1.4      1.7 2023  1 14  6 13 33.720  1.13   1
   110751  40.575045 -123.987980    20.911    20684.3     2755.3     -516.5      2.0      1.5      2.5 2022 12 20 17 38 50.000  1.62   1
   110752  40.581681 -124.211873    21.059     1722.9     3492.3     -368.0      1.4      0.6      0.8 2022 12 22 21 13 37.280  0.95   1
   110753  40.526632 -124.325090    18.342    -7868.0    -2620.7    -3085.2      2.4      1.9      2.7 2022 12 22 22  2  6.300  1.11   1
   110754  40.523291 -124.357951    18.667   -10652.2    -2991.7    -2760.7      1.8      1.8      2.1 2022 12 22 22 45  9.160  1.52   1
   110757  40.524691 -124.344727    19.401    -9531.8    -2836.2    -2025.8      1.8      1.7      1.9 2022 12 28 13 28 43.290  1.64   1
   110758  40.552694 -124.236133    19.645     -331.6      273.4    -1782.5      1.0      0.9      1.3 2023  1 15 15 14  5.770  1.41   1
   110759  40.526933 -124.416569    18.933   -15618.0    -2587.3    -2494.3      4.0      4.0      6.0 2023  2 10 21  1  5.660  1.17   1
   110761  40.584644 -124.152108    22.456     6784.0     3821.3     1028.6      1.6      1.5      2.0 2023  1 21 22  3  8.900  1.49   1
   110765  40.524463 -124.406722    18.194   -14784.1    -2861.5    -3233.7      2.6      2.7      3.7 2022 12 24  2 43 20.530  1.79   1
   110766  40.504683 -124.446159    17.564   -18127.8    -5058.0    -3863.0      1.8      2.2      3.2 2023  2  7 19 48  3.920  1.35   1
   110767  40.504224 -124.481730    18.016   -21142.0    -5109.0    -3410.9      2.4      2.0      5.1 2023  5  3  4 14 16.070  1.55   1
   110768  40.535010 -124.343237    18.938    -9404.9    -1690.4    -2489.5      2.0      1.9      2.5 2023  2 17 23 11 43.020  1.41   1
   110769  40.576982 -124.216895    18.743     1297.7     2970.4    -2684.4      2.4      1.3      2.9 2022 12 22 11 55 31.760  1.02   1
   110770  40.592448 -124.101538    24.965    11065.8     4687.9     3537.9      1.2      1.4      1.3 2023  1  4  8 48  8.840  1.05   1
   110771  40.514864 -124.443083    18.045   -17865.8    -3927.4    -3382.5      0.4      0.7      1.0 2022 12 21 11 33 42.730  2.09   1
   110772  40.518197 -124.421680    17.084   -16052.0    -3557.4    -4343.7      3.4      3.5      4.9 2022 12 22  1 51 31.680  0.96   1
   110774  40.515511 -124.426807    19.424   -16486.7    -3855.6    -2003.4      1.9      2.0      3.1 2022 12 22 13 45 54.290  0.88   1
   110778  40.591890 -124.092008    21.719    11872.8     4626.0      292.0      3.7      3.5      5.4 2022 12 20 13 10 43.400  0.88   1
   110780  40.514469 -124.439730    18.463   -17581.8    -3971.3    -2964.0      1.1      0.7      1.7 2023  1 27  2 38 13.190  1.41   1
   110781  40.599772 -124.020142    21.064    17957.3     5501.2     -363.6      2.5      2.1      2.7 2022 12 22  7 36 42.420  0.86   1
   110782  40.520435 -124.419914    16.794   -15902.2    -3308.9    -4632.8      2.0      3.3      3.9 2023  1 19  4 55  2.650  1.72   1
   110783  40.535506 -124.239575    19.469     -623.2    -1635.2    -1958.1      1.1      0.9      1.4 2022 12 21  9 13 55.700  1.90   1
   110785  40.601880 -124.111865    16.413    10190.6     5735.3    -5014.6      2.5      1.7      2.2 2023  3 27 13  6 21.780  0.85   1
   110786  40.514738 -124.443278    17.996   -17882.4    -3941.4    -3431.4      1.2      1.3      1.7 2022 12 21 10 46 12.660  1.82   1
   110787  40.588586 -124.186182    20.254     3898.4     4259.1    -1173.4      2.9      1.2      2.4 2022 12 22  9 24 48.500  0.91   1
   110788  40.661080 -124.008887    19.328    18901.7    12309.2    -2099.4      2.0      1.8      2.1 2022 12 22  1 16  9.260  0.66   1
   110789  40.523564 -124.418530    18.763   -15784.6    -2961.4    -2664.3      2.2      2.7      3.3 2022 12 23 19 12 41.740  1.83   1
   110790  40.570422 -124.198779    21.832     2832.0     2242.1      404.8      1.8      1.1      1.9 2022 12 24 15 43 41.860  0.86   1
   110791  40.523999 -124.411027    21.971   -15148.8    -2913.0      544.2      1.4      1.4      2.0 2022 12 21 21 14 36.000  0.82   1
   110793  40.516610 -124.411540    20.882   -15193.1    -3733.6     -545.3      2.5      2.1      3.2 2022 12 26 14 17  3.520  0.91   1
   110794  40.595508 -124.113143    18.165    10082.9     5027.7    -3262.7      0.6      0.5      0.7 2023  3 11 16 16 54.220  1.44   1
   110796  40.544275 -124.335954    16.823    -8787.2     -661.5    -4604.4      0.8      1.1      2.2 2022 12 22  1 52 50.750  1.67   1
   110797  40.520728 -124.351359    19.490   -10094.0    -3276.3    -1937.5      1.2      1.0      1.2 2022 12 24 21 53 24.440  1.63   1
   110799  40.524019 -124.406226    18.896   -14742.1    -2910.8    -2531.3      2.8      4.5      2.8 2022 12 20 10 40 17.470  2.91   1
   110801  40.558280 -124.235343    19.993     -264.7      893.7    -1434.1      2.0      1.1      1.7 2022 12 20 12 16  5.480  2.04   1
   110802  40.570129 -124.077580    19.206    13096.7     2209.5    -2221.6      2.3      2.7      1.4 2022 12 21  0 15 31.010  2.88   1
   110803  40.651188 -124.020931    18.985    17883.6    11210.7    -2442.7      2.4      1.5      3.7 2022 12 22  5 56 58.350  0.78   1
   110804  40.518254 -124.437614    19.454   -17402.1    -3551.0    -1973.6      1.5      1.6      2.3 2022 12 20 20 38 36.440  1.22   1
   110806  40.515365 -124.431405    19.059   -16876.3    -3871.9    -2368.0      1.6      1.4      3.0 2023  2  1  8 26 47.510  1.32   1
   110808  40.538289 -124.339494    17.338    -9087.5    -1326.2    -4089.4      1.8      1.7      3.3 2023  3 31  1 48 56.260  0.92   1
   110809  40.520353 -124.442757    20.646   -17837.5    -3317.9     -781.5      2.0      1.4      3.8 2022 12 22  0 38 39.810  1.01   1
   110810  40.618022 -124.080965    17.068    12805.4     7527.7    -4359.3      2.0      1.8      2.5 2023  1  4  6 36 41.150  1.09   1
   110812  40.603337 -124.141423    18.180     7687.8     5897.0    -3247.7      3.2      2.4      3.1 2023  2  2  5 38 31.180  0.92   1
