   101475  40.580505 -123.985189    20.648    20919.8     3361.7     -779.1      2.8      1.5      2.9 2020  1  4 12 29  8.640  0.00   1
   101476  40.577572 -123.958496    21.999    23180.8     3035.9      571.3      5.4      4.7      5.0 2020  2 13 22 21 36.940  0.00   1
   101477  40.581612 -123.992318    20.988    20316.0     3484.6     -439.3      4.7      3.2      3.8 2020  3 19  1  4 26.040  0.00   1
   101481  40.580945 -123.984603    20.646    20969.4     3410.5     -781.6      3.7      2.1      2.1 2021  3 29 15 56 33.780  0.00   1
   101482  40.581026 -123.984888    20.718    20945.3     3419.6     -709.7      2.6      1.5      2.5 2021  3 29 13 44 54.940  0.00   1
   101483  40.581042 -123.984757    20.725    20956.3     3421.4     -702.0      2.5      1.4      2.5 2021  3 30 14 30 26.580  0.00   1
   101484  40.580835 -123.984074    20.695    21014.2     3398.3     -732.5      2.4      1.6      2.4 2021  3 30 16 56 58.820  0.00   1
   101487  40.582247 -123.983122    20.521    21094.6     3555.1     -906.0      2.5      1.9      1.9 2021  9 19 18 51 35.660  0.00   1
   101488  40.567078 -123.950871    21.045    23828.5     1870.6     -382.0      7.7      4.0      7.5 2021 12  7  4 20 27.260  0.00   1
   101564  40.532560 -124.275106    11.662    -3633.2    -1962.4    -9765.3      1.7      0.9      1.0 2020  1  4 11 37 20.680  0.00   1
   102513  40.559762 -124.124357    22.947     9135.7     1058.2     1520.2      3.3      3.6      3.9 2020  1 21 18 29 29.080  0.00   1
   102514  40.563647 -124.140169    22.901     7796.2     1489.7     1473.8      3.3      1.9      3.7 2020  1 21 18 17 50.920  0.00   1
   102517  40.564038 -124.124455    22.965     9127.1     1533.1     1537.9      2.8      3.0      3.6 2020  1 21 18 17 12.580  0.00   1
   102584  40.555347 -124.090535    22.418    12000.7      568.0      990.3      4.7      3.2      3.9 2021 12 19 16 15 38.560  0.00   1
   102602  40.479740 -124.511051    24.484   -23630.8    -7827.8     3056.7      4.8      5.0     11.1 2021  8 10 19 30 57.060  0.00   1
   102603  40.479403 -124.505729    25.293   -23179.8    -7865.3     3865.4      2.5      3.1      4.4 2021  8 28  7 10 22.180  0.00   1
   102606  40.488993 -124.499528    24.960   -22652.6    -6800.3     3532.8      4.3      3.4      6.5 2021 11  9 13 23 16.920  0.00   1
   102608  40.477686 -124.506665    25.672   -23259.4    -8055.9     4244.4      2.3      3.6      6.2 2022  9  7 17 54 42.580  0.00   1
   102707  40.433415 -124.602905    23.165   -31426.0   -12972.0     1738.2      2.9      4.8      6.3 2020  1  5 11  4 39.240  0.00   1
   102709  40.446960 -124.595850    23.450   -30824.8   -11467.8     2022.9      2.3      2.9      3.1 2020  3 12 15 20 18.660  0.00   1
   102716  40.434538 -124.601449    23.549   -31302.3   -12847.3     2121.4      3.6      2.5      6.1 2020  5 19 15 58 35.460  0.00   1
   102717  40.435262 -124.602922    23.798   -31427.0   -12766.9     2371.0      2.1      2.2      2.4 2020  5 19  8 56  4.240  0.00   1
   102719  40.434456 -124.603979    21.679   -31516.8   -12856.3      252.1      1.6      2.1      3.0 2020  6  9 10 29  1.040  0.00   1
   102720  40.437508 -124.603589    21.350   -31483.0   -12517.5      -77.6      1.2      1.6      2.6 2020  6  9 11 54 57.660  0.00   1
   102721  40.433468 -124.597835    23.599   -30996.2   -12966.1     2171.6      2.8      4.1      4.8 2020  6 11 11 48 29.660  0.00   1
   102723  40.432650 -124.601335    23.360   -31293.0   -13057.0     1932.9      3.1      4.4      5.0 2020  6 28  9  4 35.860  0.00   1
   102727  40.436267 -124.604411    21.521   -31553.0   -12655.3       94.0      1.3      1.7      2.6 2020  9 21 21 53 10.520  0.00   1
   102728  40.429806 -124.602686    23.388   -31408.2   -13372.8     1961.2      3.1      3.4      2.9 2020  9 28  9 34 39.840  0.00   1
   102729  40.431730 -124.600643    23.478   -31234.6   -13159.1     2050.3      3.6      2.9      4.6 2020  9 29 16 42 12.380  0.00   1
   102730  40.430664 -124.602010    23.758   -31350.8   -13277.5     2331.2      2.4      2.9      3.4 2020  9 29 16  6 55.980  0.00   1
   102732  40.433895 -124.602490    23.384   -31390.7   -12918.7     1956.8      1.8      3.1      5.1 2020 10 13 22  5 11.460  0.00   1
   102734  40.434745 -124.603426    21.596   -31469.9   -12824.3      168.3      1.6      1.9      3.5 2020 12 19  3 23 42.480  0.00   1
   102736  40.428886 -124.600041    23.643   -31184.2   -13474.9     2215.8      3.2      3.6      4.5 2021  1 21 20 46 20.820  0.00   1
   102738  40.434412 -124.602002    23.678   -31349.2   -12861.3     2251.0      1.5      3.0      2.3 2021  2 12 20  8 51.240  0.00   1
   102739  40.433936 -124.600553    23.347   -31226.5   -12914.2     1920.1      2.2      2.3      2.5 2021  2 12  4 29 14.400  0.00   1
   102740  40.431514 -124.603939    23.592   -31514.1   -13183.0     2165.2      2.3      3.2      3.5 2021  2 20 23 40 36.700  0.00   1
   102742  40.436877 -124.605021    21.284   -31604.6   -12587.5     -143.3      6.2      8.4     13.1 2021  4 14  1 27 41.100  0.00   1
   102743  40.433659 -124.602686    22.522   -31407.3   -12944.9     1094.4      3.3      4.0      6.2 2021  4 14  5 38 37.620  0.00   1
   102749  40.433183 -124.602271    23.378   -31372.3   -12997.8     1951.0      2.6      4.5      4.8 2021  7 10 11 59 45.840  0.00   1
   102751  40.427779 -124.603556    23.633   -31482.5   -13597.8     2205.8      3.6      7.1      7.0 2021  8 31 18 13 15.560  0.00   1
   102754  40.430611 -124.603182    23.361   -31450.1   -13283.3     1934.2      2.4      3.2      4.3 2021  9 23  9 33 50.540  0.00   1
   102755  40.434993 -124.601929    23.375   -31342.9   -12796.7     1948.1      1.8      2.3      3.8 2021  9 30 19 10  2.220  0.00   1
   102756  40.434395 -124.603491    22.577   -31475.5   -12863.1     1149.9      3.8      6.9      8.3 2021 10  8 23 40 58.400  0.00   1
   102761  40.433622 -124.603410    22.639   -31468.7   -12949.0     1212.0      2.8      5.4      6.8 2021 12  9 20 12 36.400  0.00   1
   102763  40.435938 -124.602205    23.375   -31366.1   -12691.9     1947.4      2.3      3.8      3.1 2021 12 18  5 17 48.600  0.00   1
   102764  40.437467 -124.600879    23.406   -31253.3   -12522.0     1978.9      2.7      4.6      4.4 2021 12 20  7 12 18.880  0.00   1
   102768  40.432088 -124.603621    23.511   -31487.0   -13119.3     2083.6      3.7      5.7      5.5 2022  2 24 23 18 18.200  0.00   1
   102775  40.434953 -124.601953    23.376   -31344.9   -12801.2     1949.0      1.9      2.5      3.9 2022  5 12 21 39 49.620  0.00   1
   102776  40.429329 -124.604541    21.537   -31565.6   -13425.7      109.8      1.4      1.9      2.7 2022  5 15 21 30 42.600  0.00   1
   102777  40.437679 -124.603971    21.908   -31515.4   -12498.5      480.9      3.0      5.5      5.2 2022  6  2  9 50 27.060  0.00   1
   102778  40.437166 -124.605892    22.311   -31678.3   -12555.4      883.6      3.9      6.7      9.1 2022  6 17  0 59 30.760  0.00   1
   102780  40.435282 -124.602035    23.386   -31351.8   -12764.6     1958.3      2.6      5.0      4.2 2022  7 21  2 41 31.540  0.00   1
   102781  40.440442 -124.605892    22.339   -31677.6   -12191.7      912.0      5.6      9.1     11.8 2022  7 28  9 22  9.400  0.00   1
   102786  40.441744 -124.599748    20.765   -31156.4   -12047.1     -662.4      6.1      9.4      9.9 2022  9 18 15 28 46.440  0.00   1
   102787  40.426689 -124.595964    23.582   -30839.1   -13718.9     2154.4      2.7      4.6      4.4 2022 10  2 19 33 34.380  0.00   1
   102789  40.439376 -124.601440    23.337   -31300.5   -12310.1     1909.9      3.5      4.6      4.4 2022 10 17  4 45 23.620  0.00   1
   102790  40.427454 -124.599382    23.572   -31128.7   -13634.0     2144.4      3.8      5.2      4.5 2022 10 19 22 24 12.120  0.00   1
   102792  40.438831 -124.605770    22.946   -31667.6   -12370.6     1519.0      5.6      7.9      9.1 2022 11  4 23 19 49.560  0.00   1
   102871  40.516016 -124.431372    25.310   -16873.5    -3799.6     3882.3      6.2      7.4     11.6 2021 12 21 11 40 42.620  0.00   1
   102873  40.519100 -124.416569    22.922   -15618.9    -3457.1     1494.8      6.1      5.4      9.0 2021 12 27  5 28 17.460  0.00   1
   102877  40.519189 -124.418579    23.979   -15789.2    -3447.1     2551.3      4.0      3.7      5.0 2022 11 12  9 39  9.180  0.00   1
   102881  40.574048 -123.887549    22.440    29189.9     2644.6     1013.2      2.9      2.7      2.1 2020  6  5  7 17 17.540  0.00   1
   102882  40.586389 -123.893424    22.125    28689.7     4015.1      698.1      3.9      2.9      2.8 2021  8 31 10  1 55.460  0.00   1
   102884  40.576192 -123.889998    23.408    28982.0     2882.8     1981.0      3.8      4.1      7.1 2022  7  8 14 14 25.800  0.00   1
   102885  40.574544 -123.881502    22.438    29701.9     2699.8     1010.5      4.0      4.1      7.7 2022 10 15  6 34 45.100  0.00   1
   102906  40.551294 -124.494222    23.877   -22192.7      117.9     2449.7      3.2      2.4      0.7 2020  1  8  5 26 50.000  0.00   1
   102908  40.549658 -124.499308    23.924   -22623.8      -63.7     2496.7      3.1      2.3      1.3 2020 10 11 20 54  2.280  0.00   1
   102909  40.541178 -124.509814    26.783   -23515.2    -1005.4     5356.0      3.3      2.8      6.1 2021  4 28 19 33 47.460  0.00   1
   102910  40.549386 -124.496053    23.824   -22348.1      -94.0     2397.2      1.9      2.2      2.2 2021  6 12  7 57 57.640  0.00   1
   102911  40.546566 -124.504492    24.573   -23063.5     -407.1     3145.4      2.7      2.9      5.4 2021  6 22  2 52 24.640  0.00   1
   102915  40.547530 -124.503483    24.270   -22977.8     -300.0     2843.1      3.9      3.8     13.3 2021 11 28 13  7  4.440  0.00   1
   102916  40.548450 -124.501294    23.934   -22792.2     -197.9     2507.2      2.1      1.6      1.0 2021 12 21 13 58 37.080  0.00   1
   103853  40.619690 -123.952344    22.229    23694.5     7713.0      801.6      6.2      2.8      3.6 2020  1 15 17  9  9.680  0.00   1
   103854  40.620789 -123.945605    21.630    24264.7     7835.0      202.9      3.0      2.8      2.4 2020  9  6  8  2 35.820  0.00   1
   103855  40.624036 -123.949406    21.583    23942.4     8195.6      155.5      2.5      2.7      1.8 2021 11 17  1 30  5.520  0.00   1
   103856  40.623438 -123.946948    21.601    24150.6     8129.1      173.9      2.3      2.1      2.0 2022  1 29  9  3 15.000  0.00   1
   103857  40.621781 -123.946118    21.686    24221.1     7945.2      258.8      2.0      2.1      2.3 2022  5 22  1 31 29.140  0.00   1
   103859  40.624243 -123.949406    21.540    23942.4     8218.6      112.5      2.5      2.4      1.9 2022  5 23  3 58 56.800  0.00   1
   103861  40.622717 -123.949276    21.704    23953.7     8049.2      276.4      3.3      3.0      3.8 2022  7 27 10 38  4.700  0.00   1
   103862  40.621704 -123.947583    21.716    24097.1     7936.7      288.8      2.9      2.8      2.5 2022 11 17 16  3 25.080  0.00   1
   103863  40.620984 -123.943644    21.597    24430.7     7856.7      169.3      1.9      1.9      2.1 2022 11 20 23 28 37.040  0.00   1
   103948  40.583317 -123.916968    25.617    26696.6     3674.0     4189.9      3.5      2.3      5.9 2020  7 15 23 27 17.180  0.00   1
   103949  40.583167 -123.917334    25.619    26665.6     3657.2     4191.5      3.6      2.4      5.9 2020  7 15 23 27  7.480  0.00   1
   103953  40.584871 -123.911873    23.820    27127.7     3846.6     2392.3      5.9      3.0      7.8 2021  6 28 22 30 49.640  0.00   1
   103955  40.587467 -123.915698    25.033    26803.3     4134.8     3605.7      4.5      2.9      5.0 2021  8 18 13 15  3.800  0.00   1
   103957  40.579346 -123.912256    26.832    27096.4     3232.9     5405.2      5.0      2.7      5.1 2021  9 30  0  5  3.500  0.00   1
   103958  40.582955 -123.906600    26.058    27574.7     3633.7     4631.0      5.8      3.8      9.9 2021 10 16 22 17 33.780  0.00   1
   103963  40.584444 -123.907308    25.843    27514.4     3799.1     4415.4      4.0      1.9      2.7 2022 10  3  1 19 38.240  0.00   1
   104037  40.620455 -124.319824    18.790    -7416.7     7797.9    -2637.5      4.4      2.6      7.4 2020  3 23  9 10 34.260  0.00   1
   104039  40.620980 -124.316797    19.868    -7160.4     7856.2    -1559.0      5.2      3.2      8.6 2020  3 31  1 10 40.520  0.00   1
   104040  40.620439 -124.315983    19.693    -7091.6     7796.1    -1734.1      1.8      1.5      2.4 2020 12 20  9 55 52.280  0.00   1
   104042  40.620251 -124.316016    19.647    -7094.3     7775.3    -1780.7      2.1      1.5      2.7 2020 12 20 10 47 46.800  0.00   1
   104043  40.620020 -124.315853    19.607    -7080.6     7749.6    -1819.9      4.2      3.1      6.6 2020 12 20 10 15 13.920  0.00   1
   104047  40.620797 -124.317114    19.668    -7187.3     7835.9    -1758.8      3.5      2.7      6.9 2021  4 20 22 55  3.440  0.00   1
   104048  40.620056 -124.322420    17.813    -7636.6     7753.7    -3614.0      3.7      4.3      7.4 2021  4 24 18 32 32.740  0.00   1
   104049  40.622428 -124.315145    19.986    -7020.5     8017.1    -1441.3      2.6      1.8      3.2 2021  6 29 21  7 22.600  0.00   1
   104052  40.622241 -124.315796    20.245    -7075.6     7996.3    -1182.0      2.8      2.5      4.1 2021  7  2  7 55 22.400  0.00   1
   104053  40.618490 -124.314884    21.287    -6998.6     7579.7     -139.8      2.8      3.6      3.7 2021  7  3 16 38 35.240  0.00   1
   104054  40.621757 -124.315234    20.075    -7028.1     7942.5    -1352.5      2.3      1.9      4.4 2021  7 14 14 46 21.240  0.00   1
   104055  40.622054 -124.315413    20.007    -7043.2     7975.5    -1419.7      2.4      1.4      5.4 2021  9 17 10  9 30.180  0.00   1
   104056  40.617419 -124.318278    21.084    -7286.0     7460.9     -343.6      2.4      1.4      4.3 2021 11 18  9 48  5.620  0.00   1
   104060  40.619930 -124.312329    20.254    -6782.2     7739.7    -1173.5      1.8      1.1      4.6 2022  4 14 20  4 26.860  0.00   1
   104061  40.620418 -124.314567    20.391    -6971.7     7793.9    -1035.9      1.8      1.3      4.1 2022  6 16 20 44 53.720  0.00   1
   104064  40.620146 -124.311670    20.299    -6726.4     7763.6    -1128.6      1.9      1.2      4.7 2022 10 23 23 59  6.320  0.00   1
   104510  40.562488 -124.130615    22.379     8605.5     1361.0      951.3      0.6      0.4      0.8 2020  1 21 18 16 13.040  0.00   1
   104905  40.522290 -124.418652    26.345   -15795.1    -3102.8     4917.9      4.3      2.4      6.5 2020  6 22 15 25 24.880  0.00   1
   104911  40.511235 -124.419938    23.931   -15905.3    -4330.5     2504.0      2.2      2.5      4.8 2021  5 20 19 21 47.940  0.00   1
   104917  40.504126 -124.427197    23.799   -16521.2    -5119.9     2371.9      5.9      5.4      4.7 2021  9 17 15 11 51.640  0.00   1
   104918  40.506759 -124.420508    24.586   -15954.1    -4827.5     3159.1      4.0      3.6      5.8 2021 10  5 18 21 58.320  0.00   1
   104923  40.498796 -124.427401    24.328   -16539.1    -5711.8     2901.0      4.5      7.5     12.1 2021 12 22  5 52  2.020  0.00   1
   104928  40.511068 -124.419206    25.345   -15843.3    -4349.0     3917.3      3.5      2.2      6.2 2022  1 30  2  6 57.660  0.00   1
   104932  40.510872 -124.418953    25.331   -15821.9    -4370.7     3903.3      3.4      2.2      6.1 2022  3  5  0 58 53.080  0.00   1
   104936  40.511149 -124.425114    23.513   -16343.9    -4340.0     2085.8      4.8      4.5      4.8 2022  7 27  2 17 47.560  0.00   1
   104940  40.517680 -124.495101    16.177   -22272.7    -3614.8    -5250.1      2.7      2.0      7.8 2020  1 27  9 51 13.860  0.00   1
   104941  40.518079 -124.492041    15.881   -22013.4    -3570.5    -5546.7      2.5      2.8      4.4 2020  2 20  6 32 59.280  0.00   1
   104942  40.520662 -124.492448    14.572   -22047.5    -3283.6    -6855.6      4.4      5.5     10.8 2020  4  6  9 21 20.960  0.00   1
   104943  40.517965 -124.493978    15.812   -22177.5    -3583.1    -5615.6      2.4      2.0      5.0 2020 12 17 16 41  8.520  0.00   1
   104944  40.518054 -124.489168    15.746   -21770.0    -3573.2    -5680.9      2.0      2.4      5.3 2020 12 19 14 18 19.400  0.00   1
   104945  40.520809 -124.496851    15.922   -22420.4    -3267.3    -5505.1      1.9      2.2      3.9 2021  5 24  0 40 45.520  0.00   1
   104946  40.520003 -124.498096    15.962   -22526.1    -3356.8    -5465.3      1.8      2.1      2.9 2021 11  6  3 38 12.480  0.00   1
   105067  40.738428 -123.939478    22.936    24761.9    20898.3     1508.4      8.7      5.2      8.6 2020  1 29 17 29  4.280  0.00   1
   105385  40.552218 -123.973991    21.521    21872.7      220.5       94.2      1.4      1.0      1.0 2021  4  1  4 46 23.960  0.00   1
   105390  40.593665 -123.955306    21.386    23448.2     4823.0      -41.6      4.1      3.3      3.8 2021  5 23 15 44  5.100  0.00   1
   105391  40.603503 -123.985376    22.270    20900.4     5915.6      842.6      4.0      2.7      4.3 2021  6 30  5 49 47.860  0.00   1
   105476  40.761056 -123.871102    20.764    30540.4    23411.0     -663.6      5.1      3.1      5.6 2021  4 17 11 13 27.660  0.00   1
   105477  40.760461 -123.867139    20.063    30875.7    23345.0    -1364.1      5.2      4.7     10.0 2021  5 16 18 21  8.560  0.00   1
   105483  40.758919 -123.862476    20.727    31270.4    23173.8     -700.5      5.0      3.2      6.2 2022  5  4  3 34 42.980  0.00   1
   105706  40.596887 -124.042594    21.894    16056.5     5180.9      466.5      5.4      3.4      7.4 2020  2  8  2 28 57.160  0.00   1
   105713  40.597656 -124.062101    23.335    14404.6     5266.3     1907.3      6.7      3.4      6.8 2021  8 21  3 33 28.140  0.00   1
   105954  40.544934 -124.061621    19.746    14450.9     -588.3    -1681.5      2.8      2.0      2.8 2020  2  8 19 52 44.320  0.00   1
   105955  40.541882 -124.064762    19.471    14185.2     -927.2    -1955.9      4.1      3.0      2.6 2020  2 23  1  6 17.520  0.00   1
   105956  40.540861 -124.076408    19.987    13198.8    -1040.6    -1440.2      3.5      2.7      3.1 2020 10 23 10 31 25.740  0.00   1
   105957  40.547819 -124.066431    19.362    14043.2     -267.9    -2064.8      4.2      3.3      4.3 2021  2 19 15  2  5.840  0.00   1
   105958  40.544527 -124.061955    19.859    14422.7     -633.5    -1567.9      3.0      1.3      1.8 2021  7 27 12 42 23.820  0.00   1
   105960  40.543311 -124.068237    19.325    13890.7     -768.6    -2102.2      3.5      1.7      3.1 2021  9  6  1 57 48.460  0.00   1
   105961  40.544401 -124.070475    21.522    13701.0     -647.5       94.5      2.6      3.1      5.3 2021 10 30 15 54 35.980  0.00   1
   106005  40.589062 -124.095858    19.688    11547.0     4312.0    -1739.4      2.6      4.2      3.3 2020  4 19 13  8 57.480  0.00   1
   106006  40.596029 -124.091667    18.831    11901.3     5085.5    -2596.5      3.2      3.4      3.3 2020  6  7 18 47 39.820  0.00   1
   106007  40.593583 -124.084692    19.181    12492.1     4814.0    -2246.7      2.4      2.1      2.6 2020  7 20 16 45 35.520  0.00   1
   106008  40.593469 -124.083040    19.257    12632.0     4801.3    -2170.1      1.4      1.5      1.9 2021 11 25 11 31 45.620  0.00   1
   106009  40.594246 -124.084294    19.140    12525.8     4887.6    -2287.1      1.9      2.0      2.3 2022  1 31  2 46 32.380  0.00   1
   106065  40.534709 -124.390080    25.457   -13373.1    -1723.8     4029.8      2.7      3.4      3.1 2020  2 11 17 54 25.540  0.00   1
   106069  40.500179 -124.446322    16.185   -18142.2    -5558.1    -5242.5      3.5      2.5      6.4 2021  7 22 12 38 41.980  0.00   1
   106070  40.505754 -124.448877    15.785   -18358.0    -4939.1    -5641.8      3.8      3.9      8.0 2021  8 21  7 21 12.600  0.00   1
   106079  40.632756 -123.986727    26.299    20781.5     9163.9     4871.5      1.9      1.9      4.2 2020  2 13 23  7 46.880  0.00   1
   106080  40.644295 -123.978337    27.366    21490.0    10445.3     5938.7      4.3      3.6      6.5 2020  2 27  1  9  9.980  0.00   1
   106081  40.640771 -123.988509    25.904    20629.4    10054.0     4476.4      2.2      1.2      2.5 2020  6 29  6 46  6.840  0.00   1
   106082  40.633936 -123.976904    26.113    21612.8     9294.9     4685.4      7.1      4.8     11.6 2021 11 14 16 50 17.560  0.00   1
   106083  40.640104 -123.984619    25.859    20958.8     9979.9     4431.6      2.4      1.4      3.4 2022  2 10  2 19 50.980  0.00   1
   106084  40.641256 -123.983081    25.671    21088.8    10107.8     4243.4      2.5      1.5      4.0 2022  6  3  6  4  3.860  0.00   1
   106096  40.581262 -124.207227    20.362     2116.4     3445.8    -1065.6      4.2      4.1      9.2 2021 11  2  4 49 56.460  0.00   1
   106102  40.520203 -124.412931    20.381   -15310.6    -3334.6    -1046.4      4.3      3.0      4.4 2022  7  6 11 29  4.460  0.00   1
   106103  40.519116 -124.406632    21.654   -14777.1    -3455.3      226.6      5.0      4.7      8.3 2022  8 16  8  0  8.060  0.00   1
   106104  40.516406 -124.411670    21.390   -15204.2    -3756.2      -37.3      1.9      2.3      4.6 2022  8 29 21 57 39.860  0.00   1
   106135  40.553361 -124.215617    17.033     1406.2      347.5    -4394.7      1.0      1.6      2.9 2021  9 13  0  4  6.120  0.00   1
   106440  40.554940 -124.052645    21.969    15210.2      522.8      541.5      6.1      4.9      7.8 2021  9  4  5 13 46.140  0.00   1
   106496  40.593742 -124.106966    19.537    10606.0     4831.6    -1890.1      4.9      2.6      2.8 2021  8 27  1 44  5.160  0.00   1
   106497  40.592704 -124.105208    19.671    10754.9     4716.4    -1756.5      3.6      2.7      3.6 2021 11 30  0 51 56.760  0.00   1
   106499  40.593245 -124.105575    19.690    10723.9     4776.5    -1737.7      3.6      1.5      3.7 2022  1  8 11 15 11.920  0.00   1
   106609  40.614697 -123.838338    27.111    33347.5     7158.6     5683.9      5.4      2.8      5.7 2020  2 20 17 26 49.040  0.00   1
   106610  40.608423 -123.846948    27.454    32620.1     6461.8     6026.9      2.6      2.1      2.7 2020  7 17 16 58  8.720  0.00   1
   106612  40.606087 -123.846167    28.689    32686.8     6202.5     7261.8      4.5      4.2      5.4 2021 11 24  2 11 55.300  0.00   1
   106613  40.611218 -123.849398    27.639    32412.0     6772.2     6211.5      2.3      1.9      2.4 2022  5 21  1 58 58.180  0.00   1
   106614  40.503125 -124.415413    22.948   -15522.9    -5231.0     1520.9      2.5      5.0      4.9 2020  2 21 12  1 53.080  0.00   1
   106677  40.572005 -124.073088    19.788    13476.9     2417.8    -1639.5      2.8      4.0      3.5 2020  2 22  2  3 27.180  0.00   1
   106678  40.573206 -124.073763    20.056    13419.6     2551.1    -1371.3      1.7      1.2      1.5 2021  2 19 10 17 53.000  0.00   1
   106679  40.576355 -124.068392    19.610    13874.2     2900.8    -1817.6      2.5      3.7      3.1 2022  1 22 18 50  2.840  0.00   1
   106849  40.552580 -123.979175    21.328    21433.6      260.7      -99.7      3.4      3.2      3.8 2020  2 25 10 41 25.500  0.00   1
   106850  40.547990 -123.974723    21.453    21811.4     -249.0       25.4      4.1      3.0      3.2 2020  6 21 16  9 47.640  0.00   1
   106852  40.539453 -123.964754    21.765    22657.2    -1196.9      337.4      5.3      4.3      8.2 2021  6 16 14  0 25.980  0.00   1
   106853  40.548873 -123.975212    21.702    21769.9     -150.9      275.0      3.9      4.1      6.1 2021  6 17 11 40 36.000  0.00   1
   106855  40.550972 -123.974951    21.489    21791.6       82.2       61.8      4.3      3.7      3.5 2022  9 27  4 34 50.860  0.00   1
   106908  40.622575 -124.302588    19.923    -5957.4     8033.3    -1504.1      1.7      1.3      2.0 2021  4  2 11 45  2.260  0.00   1
   106909  40.623979 -124.298592    19.408    -5619.1     8189.2    -2018.8      3.9      2.8      3.4 2021  4  7  1 55 18.100  0.00   1
   106910  40.621464 -124.302759    20.101    -5971.9     7910.0    -1326.5      2.4      1.5      5.0 2021 10 17 14 20 53.460  0.00   1
   106916  40.623710 -124.297770    19.581    -5549.5     8159.4    -1845.9      3.3      2.0      2.5 2022  7 14  7 38  2.880  0.00   1
   106917  40.503800 -124.331632    19.029    -8423.7    -5156.0    -2397.3      3.6      4.1      4.4 2020  2 29  6 25 39.720  0.00   1
   106919  40.505404 -124.339087    18.392    -9055.3    -4978.0    -3035.6      2.8      2.6      3.5 2020  6 25 12 39 13.840  0.00   1
   106920  40.505111 -124.339746    18.302    -9111.1    -5010.5    -3125.3      2.9      2.7      3.8 2020  6 26 13 51 55.760  0.00   1
   106921  40.504769 -124.339421    18.328    -9083.6    -5048.5    -3099.1      2.8      2.7      3.6 2020  6 27  9  8 18.860  0.00   1
   106924  40.500549 -124.333195    18.806    -8556.3    -5517.0    -2621.3      3.3      3.7      3.6 2020  7 15 15 49 31.760  0.00   1
   106925  40.504720 -124.339396    18.331    -9081.5    -5053.9    -3096.6      2.8      2.7      3.6 2020  7 15  2 55 13.780  0.00   1
   106926  40.500500 -124.332633    18.985    -8508.7    -5522.4    -2442.6      4.1      3.2      3.8 2020  7 15  5  0 39.940  0.00   1
   106927  40.504838 -124.339543    18.418    -9093.9    -5040.8    -3008.9      2.8      2.6      3.6 2020  7 15 19 40 35.320  0.00   1
   106930  40.504663 -124.339526    18.405    -9092.5    -5060.2    -3022.4      3.5      3.3      4.3 2020  7 16 16  0 18.620  0.00   1
   106931  40.501339 -124.329004    19.581    -8201.1    -5429.4    -1846.5      6.3      5.7      6.0 2020  7 16 12 26  9.680  0.00   1
   106933  40.505078 -124.341130    18.754    -9228.4    -5014.1    -2672.9      2.3      2.6      2.6 2020 11 20 17 12 56.060  0.00   1
   106934  40.509692 -124.328581    18.388    -8164.8    -4501.7    -3039.5      3.0      2.9      4.7 2021  5 12 18 32 23.080  0.00   1
   106937  40.510254 -124.327612    18.506    -8082.7    -4439.4    -2921.7      3.3      3.4      2.6 2021  7 11  5  6 12.560  0.00   1
   106939  40.510396 -124.328280    18.459    -8139.2    -4423.6    -2968.4      3.1      3.2      3.3 2021  7 11  7 17 55.760  0.00   1
   106940  40.508883 -124.326945    18.821    -8026.2    -4591.6    -2606.2      3.4      3.1      3.8 2021  7 11  4 14 40.000  0.00   1
   106941  40.509037 -124.327230    18.782    -8050.4    -4574.5    -2645.0      3.4      3.2      3.5 2021  7 11  3 36 34.760  0.00   1
   106942  40.510193 -124.327930    18.452    -8109.6    -4446.2    -2975.6      3.2      3.3      3.6 2021  7 11  2 14  1.880  0.00   1
   106943  40.508659 -124.326595    18.794    -7996.6    -4616.5    -2632.9      3.3      3.1      3.4 2021  7 11  7 49 35.560  0.00   1
   106944  40.508936 -124.327010    18.789    -8031.7    -4585.8    -2638.6      3.5      3.3      3.3 2021  7 12  6 52 59.100  0.00   1
   106945  40.510185 -124.327710    18.630    -8091.0    -4447.1    -2796.8      3.1      3.0      3.6 2021  7 12  7 38 34.800  0.00   1
   106947  40.510356 -124.327677    18.484    -8088.2    -4428.1    -2943.7      3.1      3.4      2.4 2021  7 12  6 52  5.820  0.00   1
   106948  40.509408 -124.326937    18.580    -8025.5    -4533.4    -2847.2      2.7      2.6      2.1 2021  7 12  6 57 12.740  0.00   1
   106949  40.510124 -124.327751    18.625    -8094.4    -4453.8    -2802.1      3.0      3.1      2.8 2021  7 12  6 51 15.180  0.00   1
   106950  40.510075 -124.327726    18.635    -8092.4    -4459.3    -2792.3      2.9      3.1      2.8 2021  7 12 22 18 34.740  0.00   1
   106951  40.510396 -124.327441    18.489    -8068.2    -4423.6    -2937.8      3.0      3.1      2.3 2021  7 12  8 58 54.960  0.00   1
   106952  40.510384 -124.327661    18.493    -8086.8    -4424.9    -2934.1      3.2      3.4      2.5 2021  7 12  8 46 32.680  0.00   1
   106953  40.509115 -124.326506    18.598    -7989.0    -4565.9    -2829.2      3.5      3.1      3.1 2021  7 12  6 48 36.980  0.00   1
   106954  40.509908 -124.327474    18.616    -8071.0    -4477.8    -2811.2      2.9      3.1      2.6 2021  7 12  6 58 19.680  0.00   1
   106959  40.509196 -124.325521    18.658    -7905.5    -4556.9    -2769.3      3.8      3.4      2.6 2021  7 12 15 18 57.120  0.00   1
   106960  40.508797 -124.326790    18.772    -8013.1    -4601.1    -2655.0      3.8      3.1      4.6 2021  7 12 12 15  8.320  0.00   1
   106961  40.509062 -124.327132    18.829    -8042.1    -4571.8    -2597.9      3.2      3.1      4.0 2021  7 12  7 42 57.140  0.00   1
   106962  40.508797 -124.326847    18.778    -8018.0    -4601.1    -2649.4      3.3      3.2      3.2 2021  7 12  8  3  8.480  0.00   1
   106964  40.508793 -124.326799    18.759    -8013.8    -4601.6    -2668.3      3.6      3.5      2.6 2021  7 12  5 33 43.540  0.00   1
   106965  40.508854 -124.326921    18.884    -8024.2    -4594.8    -2543.0      3.2      2.8      4.2 2021  7 12  8 56 41.260  0.00   1
   106967  40.510148 -124.327368    18.503    -8062.0    -4451.1    -2924.3      3.3      3.4      2.6 2021  7 13  3 34 41.120  0.00   1
   106968  40.508679 -124.327856    18.763    -8103.5    -4614.2    -2664.6      3.5      3.5      3.0 2021  7 13 11  0 10.880  0.00   1
   106970  40.507902 -124.324137    18.730    -7788.4    -4700.5    -2697.0      3.5      2.9      2.6 2021  7 15 17 56 38.860  0.00   1
   106971  40.508138 -124.324235    18.717    -7796.7    -4674.3    -2710.4      3.3      2.7      2.3 2021  7 24 15 17 23.680  0.00   1
   106974  40.510221 -124.330379    18.287    -8317.1    -4443.0    -3140.7      2.5      2.4      3.3 2021 12 20 23 45 33.300  0.00   1
   106975  40.502836 -124.337549    18.810    -8925.1    -5263.1    -2617.3      3.9      3.6      5.0 2021 12 20 21 54 42.040  0.00   1
   106977  40.512630 -124.329736    20.347    -8262.5    -4175.5    -1080.3     12.5      6.5      6.1 2021 12 21 12 29 57.320  0.00   1
   106978  40.500419 -124.334733    18.948    -8686.7    -5531.5    -2478.9      3.4      3.4      3.4 2021 12 22  7  9  8.260  0.00   1
   106979  40.503593 -124.334041    18.967    -8627.8    -5179.0    -2460.3      3.3      2.8      3.1 2021 12 22 17  4 29.540  0.00   1
   106983  40.504293 -124.337476    18.755    -8918.8    -5101.3    -2672.5      3.3      3.0      3.7 2021 12 23 19 43 35.140  0.00   1
   106984  40.506885 -124.329167    18.082    -8214.6    -4813.5    -3345.2      8.7      3.1      6.5 2021 12 23  6 28 39.440  0.00   1
   106986  40.510360 -124.328011    18.660    -8116.5    -4427.6    -2766.9      2.8      2.5      2.6 2021 12 25  0 41  6.140  0.00   1
   106988  40.509347 -124.326571    18.575    -7994.5    -4540.1    -2851.8      3.8      3.7      4.2 2021 12 31  7 30 11.740  0.00   1
   106989  40.503634 -124.342635    18.904    -9356.0    -5174.5    -2523.1      4.2      3.7      6.3 2022  1  2 19  6  3.500  0.00   1
   106990  40.506189 -124.329289    18.243    -8225.0    -4890.8    -3184.0      4.5      2.8      4.1 2022  1  2 18 43 27.640  0.00   1
   106991  40.504053 -124.333594    19.158    -8589.9    -5128.0    -2269.5      3.2      3.2      3.7 2022  1 29  0 56  4.940  0.00   1
   106992  40.505420 -124.332023    18.655    -8456.7    -4976.2    -2772.6      3.4      3.2      2.5 2022  2 20  7 55 33.920  0.00   1
   106993  40.508561 -124.327791    19.324    -8098.0    -4627.3    -2102.9      3.2      2.4      3.9 2022  4 11  8 48 35.180  0.00   1
   106995  40.509477 -124.325562    18.528    -7909.0    -4525.7    -2899.5      3.0      2.7      2.6 2022  5 14  5 11 24.580  0.00   1
   106996  40.510901 -124.330103    18.221    -8293.6    -4367.5    -3206.1      2.5      2.5      3.7 2022  5 21 19  6 31.100  0.00   1
   106997  40.506877 -124.322510    18.671    -7650.5    -4814.4    -2756.0      3.6      2.0      3.3 2022  7 18  4 14 31.760  0.00   1
   107286  40.595935 -124.033455    24.275    16830.4     5075.1     2848.2      6.9      3.1     15.2 2020  4 12 17 13 25.640  0.00   1
   107287  40.592082 -124.017985    22.878    18140.9     4647.2     1450.6      7.1      3.6      5.5 2020  4 18 11  7 43.200  0.00   1
   107288  40.594845 -124.015332    23.117    18365.2     4954.0     1690.0      4.5      2.4      3.9 2020 11 20  1 42 41.040  0.00   1
   107289  40.594462 -124.018042    23.135    18135.8     4911.6     1707.9      5.8      3.0      4.4 2020 11 20  1 23 58.260  0.00   1
   107290  40.594519 -124.015348    23.113    18363.9     4917.9     1685.8      5.0      2.0      3.5 2020 11 20  1 20 56.960  0.00   1
   107291  40.593709 -124.015381    23.323    18361.2     4828.0     1896.0      3.8      2.5      4.6 2020 11 20  7  8 23.000  0.00   1
   107292  40.597831 -124.001310    22.789    19552.1     5285.7     1361.9      5.5      3.1      5.0 2021 11 14 17  4  4.680  0.00   1
   107293  40.595557 -124.013289    22.330    18538.1     5033.1      902.5      3.2      2.4      3.8 2021 12  5 10 31 19.440  0.00   1
   107297  40.589738 -123.994840    23.346    20101.1     4387.0     1918.9      5.1      4.0     11.8 2022  1 27  3  6  7.800  0.00   1
   107337  40.507792 -124.425024    23.495   -16336.7    -4712.7     2067.4      2.0      4.8      7.5 2020  3  7  9 53 50.140  0.00   1
   107338  40.486625 -124.453516    26.420   -18753.7    -7063.2     4992.6      3.7      3.6      4.9 2020  9 23 15 27 24.660  0.00   1
   107341  40.503166 -124.430827    25.587   -16828.9    -5226.5     4159.8      4.5      4.3      5.7 2022  5  3 13  8 48.100  0.00   1
   107359  40.528068 -124.382080    25.136   -12696.0    -2461.2     3709.2      4.2      3.8      5.3 2021 12 20 22 54  5.520  0.00   1
   107361  40.525077 -124.401742    23.098   -14362.1    -2793.3     1670.7      6.5      3.7      6.6 2021 12 20 21 57 14.080  0.00   1
   107370  40.475692 -124.534627    26.968   -25629.5    -8277.3     5541.2      3.1      6.7      8.3 2021 11 16  4 40 39.460  0.00   1
   107371  40.469722 -124.532129    23.780   -25418.9    -8940.2     2352.5      2.5      2.6      2.1 2022  4  3 19 28  4.080  0.00   1
   107574  40.466353 -124.427913    19.431   -16586.6    -9314.3    -1996.0      5.5      8.4      6.6 2020  3 11 22 47 36.760  0.00   1
   107579  40.472380 -124.429118    19.888   -16687.9    -8645.1    -1539.1      2.3      2.2      2.8 2021  9 21 12 24 42.300  0.00   1
   107580  40.471729 -124.430851    19.448   -16834.9    -8717.4    -1979.4      2.1      2.8      2.6 2021 10 16  2 20 43.560  0.00   1
   107582  40.483667 -124.436466    19.011   -17309.3    -7391.7    -2416.2      1.3      2.1      6.4 2022  2  5  7 43 32.760  0.00   1
   107583  40.472074 -124.429191    19.753   -16694.1    -8679.0    -1674.4      3.4      3.5      4.5 2022  2 19 19 28 29.060  0.00   1
   107584  40.468709 -124.427523    19.777   -16553.2    -9052.7    -1650.2      2.5      3.2      1.8 2022  2 21 15 20 50.320  0.00   1
   107585  40.468774 -124.427580    19.775   -16558.0    -9045.5    -1651.8      2.5      3.0      1.6 2022  3  8 13 52  8.680  0.00   1
   107586  40.472184 -124.429915    19.904   -16755.5    -8666.8    -1523.1      3.3      3.1      2.0 2022  3 17  5 45 51.800  0.00   1
   107609  40.570496 -123.956812    21.421    23324.7     2250.2       -5.9      5.2      4.8     10.6 2021 12 25 22 49 23.520  0.00   1
   107620  40.515914 -124.474504    28.010   -20527.9    -3810.9     6582.6      3.4      3.7      3.7 2020  3 20 11 54 38.000  0.00   1
   107621  40.502214 -124.505884    26.421   -23188.9    -5332.2     4993.6      2.5      2.2      4.8 2020  3 20 22 28 21.200  0.00   1
   107622  40.506539 -124.505770    26.585   -23178.6    -4851.9     5157.6      5.0      6.0      5.6 2020  3 21 20 18  7.640  0.00   1
   107623  40.506148 -124.505257    26.522   -23135.2    -4895.3     5094.3      4.0      6.2      6.9 2020  3 21 19  0  1.520  0.00   1
   107626  40.498958 -124.499756    26.862   -22670.2    -5693.7     5434.7      5.0      5.4      5.6 2020  4 18 11  0 19.100  0.00   1
   107627  40.498568 -124.513729    27.602   -23854.3    -5737.1     6174.6      4.4      4.0      5.4 2020  4 29 15  5 11.240  0.00   1
   107635  40.499898 -124.503027    27.259   -22947.3    -5589.3     5831.6      3.1      2.4      4.0 2021  6 23  5 14 47.320  0.00   1
   107636  40.503410 -124.503939    26.976   -23023.9    -5199.4     5549.2      1.8      2.5      3.7 2021  6 27 15 30 22.300  0.00   1
   107638  40.508549 -124.509017    26.096   -23453.3    -4628.7     4669.2      5.6      3.4     10.6 2021  8 29 17 32  5.980  0.00   1
   107639  40.500647 -124.504199    27.563   -23046.5    -5506.2     6136.0      2.5      2.6      4.9 2021  9  1  5  5 36.660  0.00   1
   107641  40.501774 -124.503849    27.374   -23016.6    -5381.0     5947.1      2.2      2.4      4.4 2021 10  7 19  8 24.060  0.00   1
   107644  40.492188 -124.506909    27.567   -23277.6    -6445.6     6139.3      3.7      8.4      4.2 2021 10 30 23 40 23.100  0.00   1
   107645  40.498771 -124.497575    27.569   -22485.5    -5714.5     6141.4      4.2      4.7      4.8 2021 11 20  8 44 57.940  0.00   1
   107648  40.503023 -124.495687    28.089   -22324.8    -5242.3     6661.4      3.9      3.3      6.5 2021 12 18  8 55  3.900  0.00   1
   107651  40.505452 -124.488940    26.322   -21752.7    -4972.6     4894.3      5.2      5.3      5.3 2022  1 12 11 34 59.600  0.00   1
   107654  40.490922 -124.504354    27.033   -23061.2    -6586.1     5605.5      4.1      7.3      8.9 2022  4 13 23 57 43.640  0.00   1
   107655  40.497709 -124.492790    25.022   -22080.2    -5832.4     3595.0      2.9      6.1     10.2 2022  7 29 16 38  2.820  0.00   1
   107656  40.486287 -124.503174    28.329   -22962.0    -7100.7     6902.1      5.5      5.9      5.9 2022  8 10  2 25 35.080  0.00   1
   107657  40.490320 -124.498511    28.038   -22566.2    -6653.0     6610.3      7.4      8.2      7.2 2022  8 23  6 57 35.860  0.00   1
   107661  40.494861 -124.519352    26.369   -24331.5    -6148.7     4942.2      2.6      4.3      4.5 2022 10 16 17  6 16.580  0.00   1
   107662  40.493884 -124.510824    27.429   -23609.0    -6257.1     6002.1      3.4      3.0      5.4 2022 10 16 21 31  2.740  0.00   1
   107663  40.494881 -124.510352    27.425   -23568.8    -6146.4     5997.9      3.4      3.2      5.3 2022 10 16 17  0 17.060  0.00   1
   107664  40.523763 -124.389315    23.661   -13309.4    -2939.3     2233.7      2.4      1.1      1.9 2020  3 13 19 20 41.280  0.00   1
   107680  40.562105 -123.996851    22.626    19935.0     1318.5     1198.5     24.2      4.7      4.3 2020  4 27  3 46 18.440  0.00   1
   107683  40.562386 -124.014095    22.581    18474.4     1349.7     1153.7      3.2      1.9      2.2 2020 11 11 11 22 54.400  0.00   1
   107687  40.561426 -123.999202    22.108    19735.9     1243.0      680.8      2.5      1.7      2.8 2021 12 25 23  5 26.280  0.00   1
   107808  40.546533 -124.195898    27.146     3076.6     -410.7     5718.5      8.3      3.0      5.1 2020  3 18 22 58 40.420  0.00   1
   107818  40.465027 -123.820793    23.218    34871.6    -9461.6     1790.6      3.1      3.9      1.7 2021  1 21 21  8 56.860  0.00   1
   107819  40.465084 -123.819523    23.217    34979.2    -9455.3     1789.5      2.8      3.1      2.6 2021  1 24 19 45 59.820  0.00   1
   107820  40.466882 -123.820955    23.074    34857.3    -9255.6     1647.0      2.6      3.0      1.6 2022  1 24 23 34 18.900  0.00   1
   107822  40.493608 -123.830208    25.175    34066.4    -6287.9     3747.7      3.6      5.3      5.6 2022  9 20 16  0 37.520  0.00   1
   107823  40.469686 -123.822852    23.175    34695.9    -8944.3     1748.1      1.3      2.0      1.4 2022 11 20 17  4 54.300  0.00   1
   107825  40.515161 -124.418620    20.155   -15793.1    -3894.5    -1272.7      2.9      3.2      5.3 2020  3 18 23 32 29.300  0.00   1
   107844  40.621781 -124.311157    19.767    -6682.9     7945.2    -1659.8      1.7      0.6      3.3 2020  3 18  4 40 58.500  0.00   1
   107847  40.622119 -124.306234    21.249    -6266.1     7982.7     -178.6      2.3      0.6      4.2 2022  1 23 16 30 25.180  0.00   1
   107849  40.621802 -124.311938    19.479    -6749.1     7947.5    -1948.0      2.0      0.5      4.5 2022 10 21 10 46 28.380  0.00   1
   107887  40.582027 -124.428507    23.044   -16622.7     3530.7     1617.2      5.4      4.8      5.9 2020  7 13 13  8 40.060  0.00   1
   107888  40.580371 -124.432585    23.411   -16968.1     3346.8     1983.7      2.8      3.2      3.6 2020  8 15  3 41 44.920  0.00   1
   107890  40.580713 -124.432796    23.343   -16986.0     3384.8     1916.1      3.1      3.7      4.0 2021  8  9 17  8 53.000  0.00   1
   107891  40.584371 -124.431104    23.908   -16842.2     3791.0     2481.2      4.4      3.1      3.1 2021  8 11  0 58 47.400  0.00   1
   107895  40.574943 -124.435807    22.888   -17241.7     2744.1     1460.9      7.3      8.1      9.1 2022  9  4 19 13 25.340  0.00   1
   107928  40.583126 -124.427100    23.166   -16503.3     3652.7     1738.3      2.1      1.8      2.3 2020  7 22  0 55 19.100  0.00   1
   107930  40.612789 -124.434847    22.996   -17155.6     6946.7     1569.1      2.6      2.0      2.8 2021 12 13  1 46 42.200  0.00   1
   107964  40.535832 -124.398649    17.675   -14098.9    -1599.1    -3752.7      3.8      5.6      5.3 2021 11 14  0  8  4.400  0.00   1
   107965  40.527653 -124.393693    18.924   -13679.9    -2507.3    -2503.0      5.9      7.5      8.0 2021 12 21 22 13 12.300  0.00   1
   107971  40.530929 -124.406226    16.898   -14741.3    -2143.6    -4529.3      2.8      1.5      3.1 2022 10  9 19  5  2.280  0.00   1
   107978  40.533757 -124.423454    28.524   -16200.5    -1829.5     7096.3      6.3      7.6      7.5 2021  4 15  8 56 41.520  0.00   1
   107980  40.527051 -124.424471    26.821   -16287.5    -2574.2     5394.0      2.8      2.8      2.9 2021  8  4 18 58 46.060  0.00   1
   107981  40.530086 -124.419767    26.721   -15888.6    -2237.1     5293.7      5.0      4.5      7.2 2021  8 21 16 23 33.700  0.00   1
   107983  40.523779 -124.433797    26.157   -17078.0    -2937.4     4729.5      2.9      2.2      3.8 2021 11  3  7 32 49.840  0.00   1
   107984  40.516772 -124.429215    26.847   -16690.7    -3715.5     5419.5      4.0      4.3      7.0 2021 12  3 10 42 13.240  0.00   1
   107988  40.529130 -124.420500    26.591   -15950.8    -2343.3     5163.7      4.4      2.6      4.3 2022  2 13 11 20 53.200  0.00   1
   107989  40.517904 -124.423641    27.123   -16218.2    -3589.9     5695.4      3.6      3.0      3.4 2022  4 26 22 35 44.360  0.00   1
   107990  40.528255 -124.423071    26.650   -16168.7    -2440.4     5222.5      3.2      3.3      2.5 2022  8 18  8 41 53.440  0.00   1
   107991  40.531079 -124.426139    26.230   -16428.3    -2126.8     4802.3      3.0      2.3      3.2 2022 11  8  8 40 30.120  0.00   1
   107992  40.526855 -123.990511    20.686    20477.3    -2595.8     -741.5      5.7      5.1      5.9 2020  3 19 15 51  1.740  0.00   1
   107998  40.517269 -123.977580    20.907    21574.3    -3660.4     -520.7      4.0      4.9      4.5 2022  1 22 10 34 20.100  0.00   1
   107999  40.518917 -123.979126    20.856    21443.1    -3477.4     -571.0      4.0      2.7      4.6 2022  2 15  1 12 31.400  0.00   1
   108057  40.469271 -124.442106    22.449   -17789.1    -8990.4     1022.1      2.8      3.8      5.6 2021 12  5 19 24 48.900  0.00   1
   108061  40.469657 -124.450887    21.301   -18533.3    -8947.4     -125.9      3.3      2.9      3.9 2022  9 23 15 56 33.080  0.00   1
   108062  40.467379 -124.431812    20.840   -16916.8    -9200.5     -587.7      3.0      3.2      3.6 2022  9 28 23  9 12.340  0.00   1
   108063  40.582222 -124.355404    27.560   -10431.9     3552.4     6132.5      3.9      4.5      7.7 2020  3 20  8 49 18.520  0.00   1
   108064  40.581165 -124.347957    27.925    -9801.4     3434.9     6498.0      4.0      3.5      4.3 2021 10 17  9 59  8.260  0.00   1
   108067  40.538607 -124.404598    28.143   -14602.6    -1290.9     6715.3      2.4      2.2      3.4 2021 11  3 11  8 47.100  0.00   1
   108068  40.536983 -124.404858    28.297   -14624.8    -1471.2     6870.2      1.8      1.5      2.1 2021 11  3  4 10 39.340  0.00   1
   108070  40.535836 -124.410913    28.237   -15137.9    -1598.6     6810.1      2.5      1.9      3.4 2021 12 20 21 58 50.200  0.00   1
   108071  40.535624 -124.411686    28.929   -15203.4    -1622.1     7501.9      3.2      2.5      2.4 2022  1  6 19 21 44.640  0.00   1
   108073  40.616996 -123.949772    22.335    23912.6     7413.9      907.9      3.9      3.1      3.7 2020  9 26  5 11 46.240  0.00   1
   108076  40.611784 -123.944751    22.110    24338.7     6835.1      682.8      3.3      3.7      7.2 2021 10 28  3 17 37.200  0.00   1
   108082  40.612695 -123.943734    21.510    24424.7     6936.3       83.2      3.1      3.0      4.2 2022  4 23 20  0 10.440  0.00   1
   108083  40.621631 -123.946476    21.867    24190.9     7928.5      439.3      4.4      3.6      4.8 2022  6 17 14 38  4.080  0.00   1
   108103  40.555652 -124.256136    23.007    -2025.9      601.9     1580.2      3.7      2.6      4.7 2020  3 24  7  2 14.780  0.00   1
   108105  40.550875 -124.245540    22.777    -1128.4       71.4     1350.1      4.5      1.9      3.0 2020 11 21  0 51 45.000  0.00   1
   108108  40.553219 -124.248958    22.115    -1417.9      331.7      687.4      3.0      3.3      3.3 2022 11 11 23  8  9.040  0.00   1
   108253  40.746582 -123.837817    21.239    33358.9    21803.8     -188.1      3.9      3.2     10.3 2020  3 28 12 19 52.180  0.00   1
   108254  40.749076 -123.836458    20.308    33473.2    22080.8    -1118.9      4.5      3.5      7.7 2020  9 14 17 47 56.900  0.00   1
   108256  40.480017 -124.458993    18.448   -19218.8    -7797.0    -2979.5      2.1      3.1      4.0 2020  3 29  2 10 37.820  0.00   1
   108258  40.476139 -124.459025    19.434   -19222.1    -8227.6    -1993.0      2.1      1.0      1.4 2021 10  3  5 55  4.840  0.00   1
   108259  40.477657 -124.457951    19.363   -19130.8    -8059.1    -2064.0      2.0      1.0      1.4 2021 11 19  6 49 32.480  0.00   1
   108344  40.526115 -124.400464    17.842   -14253.7    -2678.1    -3584.8      2.1      3.5      5.3 2022  6  5 23 40 24.620  0.00   1
   108357  40.571191 -124.096785    23.112    11470.0     2327.5     1684.3      8.9      4.3      4.8 2021  2 21 19 35 38.660  0.00   1
   108358  40.571712 -124.091374    22.707    11928.3     2385.3     1279.6      8.1      4.8      5.1 2021 10 31 11 18 33.720  0.00   1
   108359  40.569690 -124.101937    23.165    11033.9     2160.7     1738.2      7.0      4.3      6.2 2022  2  6  9 49 13.780  0.00   1
   108413  40.479793 -124.498958    23.793   -22605.9    -7821.9     2366.2      3.5      5.0      3.9 2020  4 13  9 58 32.960  0.00   1
   108414  40.458358 -124.510343    23.942   -23574.5   -10202.2     2514.8      3.6      4.1      6.2 2020  8 28 23 50 45.120  0.00   1
   108415  40.462561 -124.508358    23.631   -23405.4    -9735.4     2203.3      3.6      4.5     18.3 2020  9 24 22 17 36.960  0.00   1
   108416  40.459184 -124.504093    27.706   -23044.6   -10110.5     6278.8      4.0      6.1      7.6 2021  2  3  1 21 28.060  0.00   1
   108422  40.477970 -124.510677    23.780   -23599.3    -8024.3     2352.6      5.6      4.7      4.3 2021 11 29 21 27 26.620  0.00   1
   108424  40.466077 -124.504012    26.256   -23036.5    -9345.1     4828.3      3.4      5.4      6.2 2022  2 13  8 54 23.040  0.00   1
   108430  40.455786 -124.509440    23.835   -23498.4   -10487.8     2407.8      3.1      4.5      4.1 2022 11 14 21 27 40.840  0.00   1
   108464  40.605176 -124.092741    18.910    11809.6     6101.3    -2517.2      4.9      2.9      4.1 2022  1 22 11 10 16.600  0.00   1
   108465  40.609062 -124.101546    17.424    11063.7     6532.8    -4003.5      5.2      3.0      6.6 2022  1 29  6 14 29.780  0.00   1
   108466  40.587158 -124.299642    20.725    -5709.5     4100.5     -702.4     18.0      9.3     12.2 2020  4 19 16 21  7.220  0.00   1
   108475  40.500765 -124.431388    25.485   -16876.8    -5493.1     4057.7      3.2      2.8      6.2 2020  8 21 16 41  2.020  0.00   1
   108479  40.501143 -124.429875    23.032   -16748.5    -5451.1     1604.6      2.6      3.0      3.9 2021  9 26  7 21 14.820  0.00   1
   108490  40.635649 -124.001001    24.689    19572.8     9485.1     3261.4      3.7      2.8      3.7 2020  4 19  6 45 57.780  0.00   1
   108491  40.514351 -124.346395    17.655    -9673.8    -3984.4    -3771.9      7.2     10.2      4.8 2020  4 21 11 21 54.140  0.00   1
   108492  40.508455 -124.335384    19.087    -8741.3    -4639.1    -2340.5      0.8      1.3      2.2 2020  6 19  5 30 29.960  0.00   1
   108493  40.510213 -124.336605    19.021    -8844.6    -4443.9    -2406.3      2.7      2.4      3.0 2021  3 12  1 30 38.560  0.00   1
   108494  40.509229 -124.333789    19.089    -8606.1    -4553.2    -2338.3      1.6      1.9      2.6 2021  6 14 22 35  4.460  0.00   1
   108495  40.510205 -124.330933    19.473    -8364.0    -4444.8    -1954.3      3.3      1.7      4.1 2021  6 14 21 36  2.260  0.00   1
   108496  40.510490 -124.331608    19.428    -8421.2    -4413.2    -1999.3      2.8      1.6      3.2 2021  6 14 21 44 45.960  0.00   1
   108497  40.509363 -124.334001    19.085    -8624.0    -4538.3    -2342.2      1.3      1.8      2.7 2021  6 15  9 44 20.640  0.00   1
   108498  40.510388 -124.333789    19.077    -8606.0    -4424.5    -2350.1      2.4      1.8      2.5 2021  6 15  8 53  6.160  0.00   1
   108499  40.510811 -124.334326    18.921    -8651.5    -4377.5    -2505.8      2.5      2.1      2.1 2021  6 15  9 30  2.180  0.00   1
   108500  40.510632 -124.334009    19.048    -8624.6    -4397.4    -2379.6      2.7      2.1      3.0 2021  6 15  9 15  5.520  0.00   1
   108501  40.509159 -124.335433    19.057    -8745.4    -4560.9    -2370.2      2.3      2.1      2.4 2021 12 11  4 20 38.740  0.00   1
   108566  40.642778 -124.066878    23.391    13995.5    10276.8     1963.8      2.3      1.6      0.7 2020  5  5 15 41 19.740  0.00   1
   108569  40.505192 -124.489665    23.873   -21814.1    -5001.5     2445.8      2.8      3.0      1.0 2020  5  6  2 15 26.660  0.00   1
   108570  40.504993 -124.491203    23.576   -21944.5    -5023.6     2149.2      2.1      2.3      4.8 2021  7 27  7 34 24.040  0.00   1
   108571  40.606510 -124.091073    17.796    11950.7     6249.5    -3631.0      2.8      6.3      1.7 2020  5  9 23 48 21.420  0.00   1
   108578  40.491752 -124.505843    15.507   -23187.3    -6493.9    -5920.5      2.2      2.5      3.0 2022  3 19 17 38 45.720  0.00   1
   108600  40.553060 -124.254598    24.631    -1895.6      314.0     3204.1      2.3      1.7      4.6 2020  8  8  3  7 36.200  0.00   1
   108601  40.547872 -124.260002    26.143    -2353.4     -262.1     4715.7      4.1      2.9      6.1 2021  7 18  8 37 44.140  0.00   1
   108604  40.549662 -124.250366    23.727    -1537.2      -63.3     2299.6      5.0      2.1      1.7 2022  6 14  4 29 40.760  0.00   1
   108605  40.551294 -124.243953    23.538     -994.0      117.9     2110.3      5.4      2.5      7.2 2022  6 29  2 18 33.580  0.00   1
   108609  40.530831 -124.348893    18.308    -9884.3    -2154.4    -3119.5      2.3      1.4      2.6 2020  5 21  5 49 36.720  0.00   1
   108610  40.530986 -124.349032    18.320    -9896.0    -2137.2    -3107.1      2.2      1.4      2.6 2020  5 21  6  0 18.060  0.00   1
   108611  40.538000 -124.349609    17.521    -9944.4    -1358.2    -3905.9      6.2      6.5      4.0 2020  5 21  5 49 32.040  0.00   1
   108616  40.532170 -124.431991    16.804   -16923.9    -2005.7    -4623.5      3.5     10.0      8.3 2020  5 27 17 28 46.460  0.00   1
   108617  40.520455 -124.377604    18.937   -12317.5    -3306.6    -2490.7      8.1      3.2      6.2 2021 12 21  9 14 12.320  0.00   1
   108618  40.522355 -124.412996    19.064   -15315.9    -3095.6    -2363.7      4.1      2.5      6.1 2020  5 29  3 10 10.980  0.00   1
   108624  40.529036 -124.337492    19.876    -8918.5    -2353.7    -1551.4      5.2      4.2      6.2 2020  6  1 23 58 17.820  0.00   1
   108625  40.525793 -124.319320    20.565    -7379.2    -2713.8     -862.0      5.1      5.7      7.0 2020  6 24  4 56 53.760  0.00   1
   108626  40.525802 -124.319263    20.640    -7374.4    -2712.9     -787.1      4.9      5.5      6.4 2020  6 25 13  0 35.620  0.00   1
   108655  40.575720 -124.179858    18.529     4434.3     2830.4    -2898.3      6.8      2.4      4.5 2021 10 12  3 27 25.740  0.00   1
   108724  40.620256 -123.933171    21.577    25317.6     7775.8      150.2      5.3      4.1      8.0 2020  6 14 11 45 45.620  0.00   1
   108732  40.601424 -123.919230    22.460    26501.5     5684.7     1033.0      4.5      3.0      7.1 2022 10 13 19 35 55.660  0.00   1
   108757  40.543066 -124.054980    19.825    15013.7     -795.7    -1602.2      1.7      1.8      1.5 2020  6 14 14 58 40.620  0.00   1
   108758  40.541199 -124.056689    19.869    14869.1    -1003.1    -1558.7      2.4      2.0      2.5 2021  3  4 22 22 58.560  0.00   1
   108759  40.527934 -124.027922    20.905    17307.7    -2476.1     -522.2      4.8      4.1      4.8 2022  2 22 19 27 13.320  0.00   1
   108760  40.541988 -124.050301    19.871    15410.2     -915.4    -1556.4      4.3      3.0      2.5 2022  3 14  4  0 41.420  0.00   1
   108761  40.541785 -124.052409    19.895    15231.6     -938.0    -1532.3      2.4      2.7      2.8 2022  4  7 13 29 19.080  0.00   1
   108768  40.610461 -124.084025    18.578    12547.0     6688.2    -2849.4      1.6      1.3      1.2 2020 12 14 11 30 35.940  0.00   1
   108775  40.488574 -123.868376    20.718    30833.2    -6846.8     -709.2      2.8      3.3      3.1 2021  3 12  6 12 15.860  0.00   1
   108778  40.520349 -123.912866    20.944    27056.6    -3318.3     -482.9      3.2      2.6      3.3 2021 10  5  6 18 43.140  0.00   1
   108780  40.521041 -123.911882    20.792    27139.9    -3241.5     -635.5      3.3      2.8      3.3 2021 10  6 16 45 29.740  0.00   1
   108782  40.521126 -123.912174    20.804    27115.0    -3232.0     -623.5      3.6      3.5      3.3 2021 10  6 17 13 28.040  0.00   1
   108784  40.526550 -123.914518    20.856    26915.4    -2629.7     -571.4      3.8      4.6      4.2 2021 10  6 18 40 27.620  0.00   1
   108785  40.520158 -123.912362    20.837    27099.4    -3339.6     -590.5      3.3      3.0      3.4 2021 10  6 19 49 19.280  0.00   1
   108789  40.522184 -123.912370    21.246    27098.3    -3114.6     -180.8      2.9      2.7      3.3 2021 10  6 11 42 23.740  0.00   1
   108794  40.520874 -123.911678    20.803    27157.1    -3260.1     -624.7      3.3      2.9      3.3 2021 10  9 19 44 44.220  0.00   1
   108797  40.516935 -123.906974    21.433    27556.5    -3697.4        5.9      6.7      6.4      8.2 2021 10 10 14 55 46.020  0.00   1
   108839  40.501860 -124.436206    23.490   -17284.9    -5371.5     2062.8      4.4      3.1      2.4 2021  4  7 10 38 50.740  0.00   1
   108840  40.495972 -124.436662    23.649   -17324.2    -6025.4     2222.2      4.1      3.6      2.2 2021 11  7  2 42 54.760  0.00   1
   108860  40.633529 -123.930444    21.666    25545.9     9249.7      238.4      2.8      0.8      2.5 2020  7  8 15  4 51.000  0.00   1
   108864  40.610148 -123.887500    22.999    29186.3     6653.4     1571.5      4.8      2.9      2.3 2020  7 12  6 10  9.180  0.00   1
   108865  40.612907 -123.888265    23.470    29120.9     6959.8     2042.8      5.1      4.2      2.8 2021  7 25  9 12 32.240  0.00   1
   108866  40.612313 -123.888721    22.900    29082.4     6893.8     1472.7      4.7      4.3      2.4 2022  9 20 20 35 29.800  0.00   1
   108897  40.601851 -124.120605    17.147     9450.5     5732.1    -4279.8      7.2      6.0      7.1 2020  7 21  9 58 36.880  0.00   1
   108901  40.602938 -124.098991    18.344    11280.6     5852.7    -3083.5      9.3      3.7      5.0 2020  7 28 10 54 20.520  0.00   1
   108918  40.646334 -124.023031    18.471    17706.5    10671.7    -2955.8      3.1      1.8      3.7 2020  8 14  7 59 14.720  0.00   1
   108919  40.645337 -124.018001    18.893    18132.4    10561.0    -2534.3      3.8      3.3      4.0 2020  8 14  7 29 17.360  0.00   1
   108921  40.645410 -124.023014    18.277    17708.0    10569.1    -3149.9      2.2      2.4      2.7 2021 11 16 18 50  1.700  0.00   1
   108922  40.593823 -124.117847    19.496     9684.7     4840.6    -1931.2      5.9      3.8      4.2 2020  8 17 22 44  9.820  0.00   1
   108923  40.593091 -124.118132    19.635     9660.6     4759.3    -1791.8      7.0      3.2      3.7 2020  8 17 22 37  2.940  0.00   1
   108925  40.604574 -124.105029    20.594    10769.2     6034.4     -833.4      5.0      2.9      4.0 2021  6 29  5 32 28.020  0.00   1
   108926  40.597827 -124.119971    20.644     9504.5     5285.2     -782.8      3.9      2.0      3.0 2021  9  2  7  3 32.740  0.00   1
   108956  40.536247 -124.241642    19.114     -798.3    -1553.0    -2312.9      1.8      3.2      5.5 2020  8 19  9 20 36.680  0.00   1
   108957  40.530131 -124.250431    18.961    -1542.9    -2232.1    -2466.7      3.1      3.5      4.4 2021  7 30  7  1 16.480  0.00   1
   108959  40.533899 -124.245841    18.961    -1154.1    -1813.7    -2466.1      1.9      2.4      2.8 2022  9 20 20 46 19.020  0.00   1
   108974  40.609591 -124.213086    24.345     1619.9     6591.5     2917.8      5.0      3.0      6.8 2021  6  2  8  1  4.060  0.00   1
   108976  40.604289 -124.244987    23.466    -1081.1     6002.8     2038.5      4.9      3.2      6.0 2021  8  2  1 42 32.520  0.00   1
   108977  40.621781 -124.213696    25.652     1568.1     7945.2     4224.9     13.3      2.9      8.5 2021  9 27 13 54 30.160  0.00   1
   108978  40.608923 -124.222949    25.218      784.8     6517.4     3791.2      4.3      2.7      5.2 2021 11 19  5 14  6.980  0.00   1
   108988  40.602604 -124.059261    22.924    14644.6     5815.7     1497.0      7.8      2.1      2.4 2021  9 19  2 30 15.040  0.00   1
   108995  40.562667 -123.934644    22.164    25203.6     1380.8      736.6      2.5      2.4      3.0 2020  9  7  3  4 36.280  0.00   1
   108998  40.564604 -123.933382    21.523    25310.1     1595.9       96.0      5.1      5.1      4.2 2020 11 23  2 17 29.880  0.00   1
   108999  40.562834 -123.947160    21.634    24143.5     1399.4      206.3      7.0      4.0      5.5 2020 11 23  2 27  1.080  0.00   1
   109001  40.563753 -123.934025    21.911    25255.8     1501.5      483.3      2.7      2.3      2.5 2021  4 25  2 44 15.560  0.00   1
   109003  40.544434 -123.911743    23.167    27146.9     -643.9     1740.2      7.4      8.3      8.9 2021  9 25  7 21 32.760  0.00   1
   109005  40.563782 -123.934220    21.999    25239.3     1504.6      572.0      2.3      3.0      2.8 2022  1 19 16 50 43.900  0.00   1
   109006  40.565019 -123.933211    22.041    25324.5     1642.0      613.3      2.8      3.8      5.5 2022  1 23  4 17 44.580  0.00   1
   109007  40.560685 -123.930518    22.192    25553.5     1160.8      764.3      5.5      4.3      5.9 2022  1 23 13 55 42.740  0.00   1
   109008  40.561922 -123.934757    23.247    25194.1     1298.2     1819.3      3.6      3.7      9.3 2022  5 17 14 52 29.660  0.00   1
   109027  40.521566 -123.897729    20.006    28338.8    -3183.2    -1421.2      3.1      4.3      6.7 2020  9 12  9 10  3.360  0.00   1
   109029  40.528398 -123.899959    23.475    28148.4    -2424.6     2047.9      4.1      6.3      4.3 2021 10 21 16 23 18.500  0.00   1
   109031  40.527063 -123.904704    20.173    27746.7    -2572.8    -1253.9      4.7      5.8      8.1 2022  9 21 22  2  0.300  0.00   1
   109034  40.606641 -123.921061    25.096    26345.4     6263.9     3669.1      4.4      3.7      3.3 2021 10 16  0 56 17.260  0.00   1
   109035  40.606030 -123.916610    24.955    26722.4     6196.1     3527.7      1.8      2.0      2.3 2022  4  7  7 43 59.660  0.00   1
   109037  40.599129 -124.116911    18.507     9763.5     5429.8    -2920.4      0.9      1.8      2.1 2021  8 28 10 22 15.280  0.00   1
   109040  40.535465 -124.046460    19.965    15736.3    -1639.7    -1462.5      3.3      1.8      1.4 2021  5  4 20 49 28.940  0.00   1
   109042  40.536776 -124.050732    19.762    15374.2    -1494.3    -1665.0      2.1      1.6      1.6 2021 12 10 18 19  3.380  0.00   1
   109047  40.661580 -123.885653    28.513    29331.5    12364.7     7085.8      7.3      6.3      8.8 2022  7  7 10 16 42.560  0.00   1
   109051  40.588725 -124.075130    22.182    13302.3     4274.5      754.9      2.6      3.4      4.0 2022 10 22  1 32  8.620  0.00   1
   109052  40.612451 -124.076090    17.842    13218.6     6909.2    -3585.0      5.6      2.2      4.7 2020  9 18  1 49 50.060  0.00   1
   109054  40.622380 -124.062362    17.918    14379.9     8011.7    -3508.8      4.5      2.0      3.3 2021  8  3  7 25 29.060  0.00   1
   109057  40.620068 -124.078117    17.355    13046.3     7755.0    -4071.9      2.6      1.6      2.7 2021 11  1 20 23 11.500  0.00   1
   109058  40.618823 -124.078442    17.897    13018.9     7616.7    -3530.6      2.0      1.0      2.9 2022  7  2 18 54 53.920  0.00   1
   109059  40.618901 -124.078817    17.857    12987.2     7625.3    -3570.2      2.2      1.1      2.7 2022  7  5 10 26 16.440  0.00   1
   109060  40.609583 -124.079313    18.543    12946.1     6590.6    -2884.0      3.1      1.5      3.3 2022  9 22  5 20 24.860  0.00   1
   109079  40.591406 -124.325578    21.178    -7905.6     4572.2     -249.4      3.0      2.6      3.2 2020  9 24  1 37  2.540  0.00   1
   109081  40.592712 -124.325049    21.385    -7860.7     4717.3      -42.5      0.9      1.8      1.6 2021  8  3  7 28  1.280  0.00   1
   109082  40.592293 -124.323527    21.400    -7731.8     4670.7      -27.1      2.5      1.8      2.0 2021  8  3  7 28 11.760  0.00   1
   109083  40.591691 -124.326188    21.442    -7957.2     4603.8       14.6      2.6      2.9      4.5 2022  3 18 23 22 52.560  0.00   1
   109086  40.616003 -124.093840    19.816    11715.6     7303.6    -1609.9      3.5      3.6      2.9 2020  9 29 20 57 21.240  0.00   1
   109088  40.592069 -124.102922    23.035    10948.6     4645.9     1607.5      1.1      1.5      3.6 2021  8  2  6  3 50.240  0.00   1
   109099  40.523596 -124.379989    17.277   -12519.3    -2957.8    -4150.4      9.7      3.5     12.4 2022 11  3 21 25 34.920  0.00   1
   109112  40.572371 -123.940804    20.524    24680.1     2458.5     -903.1      4.5      3.2      4.1 2020 11 28  4 46 13.820  0.00   1
   109120  40.562386 -123.923657    21.959    26134.2     1349.7      531.4      4.5      6.8      6.6 2021 10  7 15 37 20.960  0.00   1
   109123  40.558630 -123.928711    22.202    25706.9      932.6      774.6      5.2      6.4     11.5 2021 10  7 10 58 29.020  0.00   1
   109127  40.562061 -123.924316    22.069    26078.4     1313.5      641.8      4.4      7.0      7.9 2021 10  9 15  2 48.760  0.00   1
   109129  40.529862 -124.431128    21.217   -16851.1    -2261.9     -210.2      5.2      6.4      7.4 2020 10 11 16 54  4.900  0.00   1
   109133  40.638566 -124.029631    18.503    17148.9     9809.1    -2924.7      2.5      1.8      3.7 2020 10 20  3 57  2.000  0.00   1
   109186  40.669242 -123.912931    23.113    27021.2    13215.6     1685.8      3.7      3.8      4.3 2020 11 10  7 29 44.140  0.00   1
   109189  40.672961 -123.889217    21.809    29027.3    13628.5      381.3      4.4      2.7      4.3 2021  5 13  9 32 24.180  0.00   1
   109190  40.663851 -123.886882    22.800    29227.0    12616.9     1372.8      5.2      2.6      2.9 2022  6 25  8 45  6.260  0.00   1
   109416  40.597530 -123.969352    22.179    22258.2     5252.2      751.9      4.1      3.5      3.7 2020 11 28  4 41 25.020  0.00   1
   109417  40.597469 -123.969548    22.110    22241.6     5245.5      682.8      3.9      3.2      3.6 2020 11 28  4 28 30.560  0.00   1
   109418  40.598840 -123.973055    22.470    21944.4     5397.7     1043.0      4.1      2.9      3.7 2021  3 28 11 21 31.120  0.00   1
   109420  40.600513 -123.916455    21.982    26736.6     5583.4      555.2      4.9      3.5      4.7 2020 12  7 19  3 16.040  0.00   1
   109421  40.604252 -123.915283    22.037    26835.1     5998.7      609.4      4.7      2.9      4.5 2020 12  7 19  5 36.340  0.00   1
   109427  40.594832 -123.904687    25.623    27734.2     4952.7     4196.0      3.6      3.1      3.5 2020 11 29  9 45 15.600  0.00   1
   109428  40.594377 -123.898291    26.068    28275.9     4902.1     4640.9      3.2      4.2      2.5 2021  1 19 12 58 57.580  0.00   1
   109430  40.591345 -123.913411    26.087    26996.2     4565.4     4660.2      3.4      3.3      3.9 2022  3 18  0  7 21.100  0.00   1
   109436  40.605676 -124.098722    15.499    11303.1     6156.8    -5928.5      1.0      1.0      0.7 2020 12  1 11 36 42.680  0.00   1
   109448  40.553345 -124.014998    21.849    18399.1      345.7      422.0      8.9      5.6      6.8 2022  1 19 22 27 40.720  0.00   1
   109451  40.565092 -124.011947    22.413    18656.0     1650.1      985.6      6.1      3.4      6.8 2022  6  9  2 12 47.440  0.00   1
   109453  40.565865 -124.022461    22.664    17765.4     1736.0     1236.8      6.2      4.4      6.2 2022 11 22  5  9 14.600  0.00   1
   109457  40.590186 -124.183789    21.335     4101.0     4436.7      -91.9      6.5      3.5      4.8 2022 11 20 16 58  8.260  0.00   1
   109458  40.552336 -123.889583    22.159    29022.3      233.6      731.5      2.2      1.7      0.7 2020 12 19 19 50 56.380  0.00   1
   109460  40.597481 -124.205355    25.118     2274.7     5246.8     3690.8      3.1      2.4      2.5 2021  2 11 13 50 26.620  0.00   1
   109461  40.601233 -124.105477    16.485    10731.5     5663.4    -4942.3      2.4      2.3      2.0 2021  1  4  6 14 34.600  0.00   1
   109483  40.497380 -124.464827    23.051   -19710.8    -5869.0     1623.7      3.2      4.3      3.1 2021  1 13 19 34 16.280  0.00   1
   109484  40.519173 -124.467114    23.901   -19901.3    -3448.9     2474.0      1.5      2.1      1.4 2021  2 12 14 58  6.120  0.00   1
   109485  40.512191 -124.452035    25.189   -18624.7    -4224.3     3761.6      2.5      2.7      4.1 2022  6  3  7 37 13.740  0.00   1
   109491  40.554484 -124.057357    23.048    14811.1      472.2     1620.9      4.5      3.9      3.7 2022 11 12 22 18 21.100  0.00   1
   109493  40.576400 -124.210767    19.571     1816.7     2905.8    -1855.8      8.8      1.8      2.7 2021 12 30 20 43 22.380  0.00   1
   109498  40.573621 -124.146997    21.845     7217.4     2597.2      418.2      2.7      1.9      2.2 2022  3 29  0 35 16.680  0.00   1
   109534  40.643132 -123.999308    18.476    19715.0    10316.1    -2950.8      1.4      1.2      1.9 2021  3  6  9 15 31.140  0.00   1
   109535  40.652401 -124.010921    18.568    18730.7    11345.4    -2858.8      2.2      1.7      3.0 2021  3  6  9 16 35.960  0.00   1
   109542  40.537944 -123.905729    22.826    27657.6    -1364.6     1398.7      3.7      4.1      4.0 2021  3 19 20 18 50.400  0.00   1
   109543  40.542590 -123.906071    22.873    27627.7     -848.6     1445.9      4.1      2.6      3.9 2021  7 28 11 59  6.040  0.00   1
   109544  40.542045 -123.910588    22.685    27245.2     -909.1     1257.7      4.1      3.7      3.8 2021 11  2 15 33 30.400  0.00   1
   109546  40.541292 -123.912939    22.820    27046.2     -992.7     1392.7      2.9      3.0      5.1 2022  2  8 20 52 37.700  0.00   1
   109547  40.537122 -123.910409    23.484    27261.4    -1455.8     2056.5      5.5      5.5     10.3 2022  5 16 12 51  7.720  0.00   1
   109550  40.568958 -123.971916    23.472    22045.8     2079.4     2044.5      5.0      4.4      5.2 2021 10 14 12 55 59.780  0.00   1
   109551  40.553658 -123.975879    23.770    21712.6      380.5     2343.2      7.0      6.1      5.9 2021 10 18 11 26 36.900  0.00   1
   109560  40.577303 -124.422119    23.144   -16082.2     3006.1     1717.0      4.9      5.6      4.9 2021  4 22 19 58  9.520  0.00   1
   109562  40.573332 -124.415234    23.628   -15499.6     2565.1     2200.3      4.7      5.0      4.9 2021 10  1 17 28 56.900  0.00   1
   109563  40.573291 -124.415169    23.240   -15494.1     2560.6     1812.3      3.9      3.6      3.8 2022  6  6  8 33 56.500  0.00   1
   109585  40.702405 -123.972396    21.468    21983.3    16898.1       40.7      5.2      3.9      3.0 2021 12  9  6 38 26.640  0.00   1
   109586  40.609757 -123.803320    27.382    36313.6     6610.0     5954.3      3.7      3.1      6.7 2021  4 25 12  4 20.500  0.00   1
   109587  40.511487 -124.437077    18.750   -17357.4    -4302.5    -2677.3      5.3      7.8     10.4 2021  4 26 14 34  7.560  0.00   1
   109588  40.532227 -124.392944    20.936   -13616.0    -1999.4     -490.9      5.4      7.3     11.6 2021  4 30  5 48 15.420  0.00   1
   109590  40.599638 -124.005037    22.842    19236.2     5486.3     1414.7      6.1      4.5      3.2 2021  5  1  6 40  3.120  0.00   1
   109592  40.567757 -124.017310    22.157    18201.4     1946.1      729.9      3.1      1.8      3.5 2022  3 10 22 12 16.660  0.00   1
   109593  40.587435 -124.204036    23.352     2386.5     4131.2     1924.5     13.2      2.7      3.4 2021  5 25 13 41 14.420  0.00   1
   109638  40.582430 -123.954281    24.621    23537.0     3575.4     3193.6      1.5      1.2      0.9 2021  6  5 11 28 29.860  0.00   1
   109639  40.573600 -123.958984    24.132    23140.2     2594.9     2704.3      1.2      0.7      1.0 2022  2 26  5 28  3.880  0.00   1
   109640  40.542574 -123.964811    21.757    22651.9     -850.4      329.3      7.8      6.3      7.9 2021  6 14 23  5 14.620  0.00   1
   109641  40.545125 -123.969230    21.771    22277.1     -567.1      343.6      6.2      4.2      7.4 2021  6 15  4  8 20.200  0.00   1
   109643  40.537028 -123.967668    21.609    22410.8    -1466.2      181.4      6.0      6.5      6.5 2021  6 15  2 15 10.680  0.00   1
   109645  40.551526 -123.973185    20.685    21941.1      143.7     -741.8      3.7      4.3      4.5 2021  9 21 16 59  7.260  0.00   1
   109646  40.553166 -123.969800    20.711    22227.6      325.8     -716.0      4.3      4.6      5.2 2022  8 19 22 15 53.220  0.00   1
   109647  40.551331 -123.972445    20.953    22003.8      122.0     -473.8      4.2      3.9      3.8 2022  9 26 14 46 33.600  0.00   1
   109649  40.484001 -124.509538    17.370   -23501.7    -7354.7    -4057.3      2.6      4.1      4.6 2022  9 18  8 29  6.480  0.00   1
   109653  40.599398 -124.324268    21.459    -7794.1     5459.6       31.6      2.9      4.3      4.6 2021  6 26 23 51 53.520  0.00   1
   109656  40.606429 -124.316447    20.273    -7131.6     6240.4    -1153.8      7.8      3.9      8.9 2021  7  7 21  8 20.520  0.00   1
   109661  40.598669 -124.329907    20.773    -8271.7     5378.8     -654.3      2.7      2.3      5.0 2022 11 27 17  4 31.920  0.00   1
   109701  40.533561 -124.351562    18.103   -10110.2    -1851.2    -3323.9      5.4      3.8      7.5 2021  7  9 20  8 44.560  0.00   1
   109707  40.705652 -123.934823    23.043    25161.7    17258.7     1616.0      5.3      5.3      7.7 2021  7 21  1 57 33.440  0.00   1
   109708  40.708061 -123.944043    22.342    24381.2    17526.2      915.0      8.5      4.0      9.7 2022  8 13 12 33 41.180  0.00   1
   109709  40.707703 -123.943311    22.389    24443.2    17486.4      962.2      8.3      3.5      8.8 2022  8 13 13  7 15.920  0.00   1
   109710  40.478471 -124.402173    20.145   -14403.6    -7968.7    -1282.5      2.3      2.5      4.8 2021  7 21  6 27  7.140  0.00   1
   109714  40.514941 -124.434408    17.629   -17130.8    -3918.9    -3798.2      2.3      3.2      3.8 2021  7 22  8 29 59.260  0.00   1
   109718  40.505452 -124.448600    18.244   -18334.6    -4972.6    -3183.1      3.5      2.9      7.9 2022  4  3 19 26 32.500  0.00   1
   109728  40.639677 -123.914119    21.344    26926.6     9932.5      -83.7      2.5      1.4      1.4 2021 10 28 17 29 28.460  0.00   1
   109729  40.640271 -123.916170    21.319    26752.9     9998.4     -108.4      3.3      1.3      1.4 2021 10 28 20 25 38.640  0.00   1
   109732  40.501652 -124.463102    18.371   -19563.9    -5394.6    -3055.9      6.3      6.6      6.0 2021  8  5  5 11 35.000  0.00   1
   109733  40.503805 -124.455819    23.188   -18946.5    -5155.5     1760.3      3.5      4.6      6.3 2021 12 18  9  2 20.600  0.00   1
   109734  40.502161 -124.456812    21.636   -19030.8    -5338.1      208.8      4.9      6.4      5.7 2021 12 21 16 46 40.580  0.00   1
   109740  40.519861 -124.356299    28.115   -10512.5    -3372.6     6687.3      3.2      3.5      3.0 2021 12 25  9  3 58.480  0.00   1
   109741  40.543127 -124.369759    23.712   -11650.9     -788.9     2284.5      3.2      2.5      3.3 2022  8 24 18 28  5.620  0.00   1
   109742  40.635881 -124.042285    19.644    16078.0     9510.9    -1783.3      5.4      4.6      6.3 2021  8 23  5 51 36.160  0.00   1
   109744  40.541370 -123.780322    21.869    38280.2     -984.1      442.0      2.2      4.7      2.3 2021  8 29 12 47 11.520  0.00   1
   109745  40.545003 -123.795280    22.997    37012.1     -580.6     1569.4      3.6      6.1      5.1 2022  1  7 12 47 18.900  0.00   1
   109758  40.549333 -124.225285    17.803      587.3      -99.9    -3623.8      0.6      0.8      1.1 2021  9 12 22 48 15.460  0.00   1
   109773  40.508643 -124.412671    20.557   -15289.9    -4618.3     -870.7      3.7      4.7      6.6 2021 12 23 10 30 50.600  0.00   1
   109775  40.575118 -124.219946    19.853     1039.3     2763.5    -1573.9      2.3      2.0      3.8 2021  9 23 19 33 34.900  0.00   1
   109779  40.525964 -124.327791    19.265    -8096.9    -2694.8    -2162.7     18.1      7.3     10.0 2021  9 30  4 43 34.000  0.00   1
   109788  40.516333 -123.885197    21.759    29401.7    -3764.3      331.8      4.9      4.7      9.6 2021 10  7  4 45 50.940  0.00   1
   109789  40.508606 -123.875277    21.701    30243.9    -4622.4      273.6      3.2      3.7      6.6 2021 10  7  5 44  8.100  0.00   1
   109791  40.509277 -123.876790    21.527    30115.5    -4547.8      100.2      3.0      4.4      4.8 2021 10  9 15 14 13.920  0.00   1
   109792  40.511499 -123.878361    21.654    29981.9    -4301.1      226.3      2.7      3.9      3.1 2021 10  9 14 51  7.940  0.00   1
   109793  40.515678 -123.880745    21.649    29779.0    -3837.1      221.7      3.9      2.9      3.2 2021 10  9 19 19 22.180  0.00   1
   109794  40.511283 -123.876465    21.522    30142.6    -4325.1       94.5      2.6      2.9      3.1 2021 10 16 14 55 23.500  0.00   1
   109795  40.515397 -123.880623    21.639    29789.4    -3868.2      211.4      3.1      2.5      3.0 2021 11  4 10 59  4.180  0.00   1
   109796  40.514893 -123.878727    21.555    29950.2    -3924.3      127.4      3.0      2.4      3.0 2021 11  7  7 51 35.860  0.00   1
   109801  40.546570 -123.847485    23.666    32589.5     -406.7     2238.5      3.1      3.4      6.3 2022  1 31 19 52 42.840  0.00   1
   109836  40.613757 -124.123381    19.007     9214.7     7054.2    -2419.8      7.1      2.8      3.4 2021 10 22 21  9 45.260  0.00   1
   109837  40.609253 -124.076815    20.817    13157.6     6554.0     -609.8      3.7      4.3      5.2 2021 10 31 13 10  3.600  0.00   1
   109838  40.550199 -123.953914    22.856    23573.6       -3.6     1428.4      2.5      2.0      2.8 2021 11  3 19 22 52.340  0.00   1
   109846  40.598914 -124.048828    17.613    15528.4     5405.9    -3814.4      7.6      4.8      7.1 2021 11 25 17 56 31.760  0.00   1
   109849  40.605546 -124.306519    20.723    -6291.0     6142.4     -704.5      1.6      0.9      2.6 2021 11 29  9 17 10.340  0.00   1
   109852  40.523682 -124.432756    19.643   -16989.7    -2948.3    -1784.1      1.3      1.0      2.7 2022  1 18 10 25 37.780  0.00   1
   110087  40.590499 -124.204020    20.601     2387.8     4471.5     -826.5      2.9      2.7      3.1 2021 12 11 10 51 42.420  0.00   1
   110088  40.539718 -124.325049    18.130    -7863.8    -1167.6    -3297.3      7.2      4.0      7.9 2021 12 20 23 40 19.580  0.00   1
   110091  40.539893 -124.323494    18.108    -7732.1    -1148.1    -3319.7      7.8      3.8      8.1 2022  8 22 11 46 57.980  0.00   1
   110092  40.543005 -124.304199    18.368    -6097.4     -802.5    -3059.1     10.5      3.1      7.4 2022  8 22 11 19 44.520  0.00   1
   110093  40.542472 -124.327482    18.513    -8069.7     -861.7    -2914.3     11.6      3.5     11.2 2021 12 20 21 17 43.440  0.00   1
   110095  40.547416 -124.301318    18.511    -5853.2     -312.7    -2915.9     11.2      3.1     15.8 2022  7 14  2 59 53.060  0.00   1
   110120  40.519474 -124.416016    20.622   -15572.0    -3415.5     -804.9      4.8      4.6      5.7 2021 12 20 20 29 25.860  0.00   1
   110127  40.577462 -124.208504    17.259     2008.3     3023.7    -4167.9      5.8      1.2      3.6 2021 12 20 20 15 20.340  0.00   1
   110129  40.516146 -124.446094    17.718   -18120.8    -3785.1    -3709.6      2.0      1.8      3.5 2021 12 20 22 57 59.980  0.00   1
   110153  40.494779 -124.333114    21.052    -8549.8    -6157.7     -375.5      6.6      8.2      5.5 2021 12 21  3 28 34.100  0.00   1
   110154  40.502295 -124.333805    18.516    -8607.9    -5323.2    -2910.8      2.9      3.1      5.2 2021 12 23  6 55 41.480  0.00   1
   110156  40.510453 -124.318799    19.277    -7335.9    -4417.2    -2150.2      4.3      3.7      6.6 2021 12 23  4 51 44.220  0.00   1
   110160  40.523405 -124.414982    18.286   -15484.0    -2979.0    -3141.7      5.8      4.3      8.4 2021 12 21 19 30 31.800  0.00   1
   110168  40.578711 -124.164111    19.267     5767.8     3162.5    -2160.7     11.2      3.8      6.5 2021 12 21  2 44 44.640  0.00   1
   110179  40.545711 -124.349626    23.767    -9945.3     -502.0     2340.2      5.1      5.3      6.7 2022  3 20  6 57 16.680  0.00   1
   110181  40.497876 -124.449674    17.669   -18426.7    -5813.9    -3757.8      5.0      7.0      7.9 2021 12 25 16 54 33.700  0.00   1
   110183  40.595866 -124.109302    17.816    10408.1     5067.4    -3611.1      1.9      1.5      2.6 2021 12 26 16  2 15.940  0.00   1
   110184  40.587764 -123.989819    20.486    20526.6     4167.8     -941.3      3.9      4.3      4.0 2021 12 27  8 53  5.400  0.00   1
   110185  40.574976 -123.988615    20.948    20630.5     2747.7     -479.4      2.0      2.6      2.6 2022  5 28  7 57  1.360  0.00   1
   110186  40.574959 -124.208488    18.915     2009.7     2745.9    -2512.6     10.1      2.4      3.3 2021 12 28  6 35 41.580  0.00   1
   110187  40.574577 -124.201017    18.595     2642.4     2703.4    -2832.5      8.5      2.2      3.9 2021 12 31 13 31 14.620  0.00   1
   110188  40.574642 -124.201286    18.619     2619.7     2710.6    -2808.5      8.8      2.2      3.9 2022  1  1 22 14 38.120  0.00   1
   110189  40.574561 -124.200936    18.583     2649.3     2701.6    -2844.5      8.3      2.2      3.9 2022  1  2 11 16 33.460  0.00   1
   110191  40.574202 -124.194987    18.336     3153.1     2661.8    -3090.8      7.9      2.4      4.2 2022  9  1 20 43  2.920  0.00   1
   110199  40.509428 -124.398625    22.353   -14099.6    -4531.1      926.0     10.1      8.9     10.0 2021 12 31 17  2 13.380  0.00   1
   110209  40.596635 -124.100008    24.701    11195.0     5152.8     3274.0      2.3      2.9      2.5 2022  4  2 19 46 56.000  0.00   1
   110211  40.515751 -124.443107    18.090   -17867.8    -3828.9    -3337.0      0.9      0.6      1.7 2022  4  3 10 39 47.080  0.00   1
   110231  40.516252 -124.437508    18.951   -17393.4    -3773.4    -2476.7      1.4      1.5      2.4 2022  5 14 20  9 30.640  0.00   1
   110234  40.534135 -124.243433    20.049     -950.0    -1787.5    -1378.7      2.5      2.0      3.1 2022  5 25  9 25 42.220  0.00   1
   110250  40.520671 -124.407186    21.398   -14823.8    -3282.7      -29.6      2.8      3.1      3.8 2022  7  2 10 23 23.100  0.00   1
   110253  40.594735 -124.113566    18.598    10047.1     4941.8    -2828.8      1.1      1.8      1.5 2022  7 20  6 28 50.580  0.00   1
   110254  40.595325 -124.113501    18.378    10052.5     5007.3    -3049.7      1.6      1.1      2.1 2022  8  9  7 59 33.060  0.00   1
   110255  40.598490 -124.116878    17.637     9766.3     5358.9    -3789.8      1.5      1.8      2.7 2022  8  9  8  9 40.340  0.00   1
   110266  40.537573 -124.332340    18.740    -8481.6    -1405.7    -2687.5      4.1      3.8      5.4 2022  8 30  6 25 35.480  0.00   1
   110273  40.649585 -124.011995    19.935    18640.2    11032.7    -1492.7      3.8      3.1      4.3 2022 10 28 12 43 42.000  0.00   1
   110274  40.519434 -124.436955    19.121   -17346.1    -3420.0    -2306.7      1.5      2.6      5.4 2022 10 29 20 38 50.780  0.00   1
   110275  40.515214 -124.434831    20.195   -17166.6    -3888.6    -1231.8      3.2      4.3      6.5 2022 10 30  3 34  2.660  0.00   1
   110276  40.518884 -124.438118    19.398   -17444.7    -3481.0    -2029.2      2.5      2.4      3.4 2022 11 12 10 31 42.840  0.00   1
   110279  40.517061 -124.433561    19.646   -17058.8    -3683.4    -1781.4      2.6      1.4      3.8 2022 11  2 16 39 30.260  0.00   1
   110282  40.525700 -124.417310    19.567   -15680.9    -2724.2    -1860.3      6.8      4.2      9.7 2022 11 15 17 48 18.560  0.00   1
   110296  40.581999 -123.985929    20.550    20856.9     3527.6     -877.3      2.6      1.1      2.1 2022 12 22  3  8  5.860  0.87   1
   110298  40.535026 -124.273153    11.694    -3467.7    -1688.5    -9733.5      1.7      0.8      1.1 2023  1 17 13 54 45.520  1.24   1
   110302  40.566630 -124.129622    21.955     8689.3     1820.9      527.3      1.9      1.9      2.3 2022 12 24  0 35 18.890  0.89   1
   110303  40.488074 -124.498462    24.431   -22562.4    -6902.4     3003.3      3.3      2.2      6.0 2022 12 20 12 25 25.380  2.43   1
   110305  40.435087 -124.601888    23.376   -31339.4   -12786.3     1948.5      1.3      2.0      2.8 2023  4  2 11 44 21.610  2.51   1
   110307  40.528601 -124.416724    23.110   -15630.9    -2402.0     1682.9      3.4      3.5      4.9 2023  3  9  9 11 18.070  1.00   1
   110308  40.577649 -123.877637    22.378    30028.6     3044.5      951.0      2.0      1.9      1.7 2022 12 21 19 21 21.160  1.21   1
   110311  40.539738 -124.494564    23.967   -22223.6    -1165.3     2539.3      1.3      1.3      0.8 2023  2  6  9 53 42.140  2.82   1
   110326  40.577348 -124.243953    20.090     -993.8     3011.1    -1337.3      5.3      2.8      6.9 2023  4 26 22 23  7.880  0.79   1
   110327  40.620927 -123.948787    21.483    23995.3     7850.4       55.9      1.4      1.5      1.7 2022 12 21  8 59 40.650  1.14   1
   110330  40.585482 -123.915601    25.771    26812.0     3914.3     4343.9      2.3      1.5      3.3 2023  5 27  2 45 49.750  0.87   1
   110334  40.620439 -124.313761    20.629    -6903.5     7796.1     -798.5      1.2      1.0      4.0 2023  2 22  6 20 25.080  1.45   1
   110341  40.562577 -124.132251    22.476     8466.9     1370.9     1048.4      0.6      0.4      0.8 2023  1  5 14 47  6.170  2.14   1
   110346  40.538554 -123.890462    23.114    28950.8    -1296.8     1686.8      3.8      3.2      2.4 2023  5 28  1 45 53.620  1.36   1
   110354  40.509977 -124.421354    24.173   -16025.4    -4470.1     2745.3      2.6      2.3      5.5 2023  4 14  1 57  6.610  1.17   1
   110355  40.518473 -124.492253    15.902   -22031.3    -3526.6    -5525.0      1.1      1.6      3.6 2023  2 16 22 15  2.800  1.44   1
   110359  40.750285 -123.978166    21.651    21487.5    22215.0      223.4      9.7      5.1      8.2 2022 12 22  4 53 56.390  0.79   1
   110365  40.528109 -124.233993    17.741     -150.3    -2456.7    -3686.5      2.5      1.4      2.3 2022 12 20 12 37 22.690  1.44   1
   110367  40.551440 -123.974390    21.376    21839.1      134.2      -51.0      1.3      0.9      0.9 2022 12 25  1 20 33.690  1.82   1
   110368  40.607906 -123.980558    21.886    21307.7     6404.4      458.9      3.4      2.6      3.2 2023  2 14  3 52  7.700  1.37   1
   110370  40.694096 -123.895231    22.206    28513.9    15975.4      778.3      5.2      4.4      4.6 2022 12 21  4 44 13.820  1.30   1
   110374  40.752352 -123.868384    20.809    30772.3    22444.5     -618.2      3.4      2.7      5.3 2022 12 22  4 46 28.990  1.00   1
   110378  40.591292 -124.049910    22.182    15437.6     4559.6      754.6      4.8      2.9      5.3 2022 12 21 18 52 28.640  1.06   1
   110379  40.518807 -124.422070    18.207   -16085.1    -3489.6    -3220.3      1.7      2.9      3.8 2022 12 22  9 21 28.530  1.40   1
   110382  40.542737 -124.064071    19.384    14243.7     -832.3    -2043.5      2.2      1.7      1.4 2022 12 26  5 31 21.180  1.08   1
   110385  40.593429 -124.085938    19.228    12386.7     4796.8    -2199.2      1.2      1.2      1.6 2022 12 23  0 19 22.520  0.90   1
   110387  40.533573 -124.383040    25.085   -12776.9    -1849.9     3658.3      2.8      3.4      3.0 2023  1 28 23 56 58.200  3.85   1
   110388  40.508993 -124.448145    14.772   -18295.5    -4579.4    -6655.6      2.9      2.1      5.6 2022 12 31 10 20 40.360  1.04   1
   110390  40.640198 -123.988517    25.971    20628.8     9990.3     4543.5      1.6      1.0      1.7 2023  1 17  5 14  2.510  1.84   1
   110391  40.589429 -124.196354    22.031     3037.0     4352.6      603.9      5.2      4.2      7.5 2022 12 23  0 35 44.600  1.56   1
   110392  40.513281 -124.424072    17.796   -16255.3    -4103.2    -3631.7      3.6      2.9      3.7 2023  1  1 12 19 44.130  1.25   1
   110395  40.554940 -124.216268    16.790     1351.0      522.8    -4637.6      0.9      1.6      3.0 2022 12 20 23 19 53.720  1.40   1
   110396  40.536914 -124.261263    18.207    -2460.5    -1478.9    -3220.2      2.7      3.4      2.5 2022 12 24 20  6  9.180  0.83   1
   110399  40.530054 -124.410384    17.943   -15093.7    -2240.7    -3484.5      4.6      3.8      7.5 2022 12 20 10 44 46.730  2.70   1
   110400  40.563741 -124.048153    23.476    15589.6     1500.1     2048.9      6.2      5.0      8.0 2022 12 25  4 33 20.570  0.83   1
   110404  40.561027 -124.015918    21.942    18320.2     1198.7      514.5      6.1      5.0      6.2 2022 12 27  0 23 33.800  1.12   1
   110406  40.593091 -124.107576    19.635    10554.4     4759.3    -1792.4      3.3      1.8      2.7 2023  1 11  3 23 18.830  1.45   1
   110408  40.610527 -123.847607    27.546    32563.7     6695.4     6119.2      2.5      1.8      2.2 2023  2 12 20 12 15.900  2.47   1
   110409  40.518697 -124.417261    19.957   -15677.6    -3501.8    -1469.9      3.1      4.5      8.9 2022 12 21 22  8 58.660  1.39   1
   110412  40.573702 -124.074438    19.667    13362.4     2606.2    -1760.7      1.2      1.5      0.8 2022 12 26  7 30 25.960  0.98   1
   110417  40.551632 -123.976261    21.459    21680.5      155.4       32.2      2.0      2.5      2.3 2022 12 24 12 43  0.520  1.06   1
   110422  40.621537 -124.304199    19.975    -6093.9     7918.1    -1451.1      1.8      1.7      2.4 2022 12 29 13 40 18.010  1.27   1
   110423  40.504484 -124.335319    18.721    -8736.0    -5080.1    -2706.6      2.4      2.3      1.8 2023  2 17 12 38 36.270  0.88   1
   110429  40.593311 -124.013916    22.442    18485.3     4783.7     1014.9      3.0      1.9      3.1 2022 12 22  9 28 37.970  0.68   1
   110431  40.601005 -124.107943    23.077    10522.8     5638.1     1649.8      2.5      1.9      1.9 2022 12 21 17 59 17.620  1.95   1
   110432  40.496431 -124.457951    26.459   -19128.2    -5974.3     5031.3      3.6      3.1      4.7 2022 12 22  1 13 30.130  2.71   1
   110434  40.512008 -124.464006    19.076   -19639.0    -4244.6    -2350.9      2.4      1.7      3.1 2022 12 21 18 26 29.520  1.33   1
   110435  40.533785 -124.380656    24.768   -12574.9    -1826.4     3340.6      3.9      3.4      7.0 2023  1 28 20  7 39.900  1.24   1
   110436  40.476558 -124.533903    23.675   -25568.0    -8181.1     2247.4      2.3      2.7      2.1 2023  2 18  0 47 37.880  1.15   1
   110439  40.473295 -124.430094    19.752   -16770.5    -8543.5    -1675.4      1.7      1.8      1.6 2023  1 27 16 28 41.960  1.01   1
   110442  40.572217 -123.950114    21.672    23891.6     2441.3      244.3      5.1      4.9      9.7 2022 12 20 18 48 54.600  0.91   1
   110443  40.579142 -124.184782    19.007     4017.2     3210.4    -2420.6     12.6      3.1      6.5 2022 12 21 21 55 10.140  0.79   1
   110444  40.503617 -124.504663    27.362   -23085.3    -5176.3     5934.5      1.6      2.1      3.3 2022 12 23 21 41 55.000  1.21   1
   110445  40.525452 -124.388949    23.592   -13278.2    -2751.7     2165.0      2.3      1.0      2.3 2022 12 21  8  6 55.910  1.80   1
   110447  40.563420 -124.016992    22.709    18228.9     1464.4     1282.1      2.9      1.6      2.2 2022 12 24 19 37 36.120  1.39   1
   110448  40.596493 -124.127132    21.767     8898.2     5137.0      340.1      4.5      1.9      3.2 2023  1 31 13 12 49.420  1.12   1
   110452  40.545300 -124.194198    27.718     3220.7     -547.6     6290.4      8.2      3.0      4.8 2022 12 20 23 25 36.340  1.09   1
   110453  40.508736 -124.473332    17.755   -20429.7    -4607.9    -3672.3      2.6      3.7      3.9 2022 12 21 12  8  6.020  1.11   1
   110454  40.464937 -123.817944    23.067    35113.1    -9471.6     1639.4      1.9      2.4      1.5 2022 12 21 13 41 59.550  0.69   1
   110455  40.530546 -124.421037    16.180   -15996.1    -2186.0    -5247.6      4.2      4.4     10.2 2022 12 23 13  9 40.300  0.89   1
   110458  40.621464 -124.310181    20.159    -6600.3     7910.0    -1268.2      1.0      0.4      1.6 2023  2 14  6 32 28.460  1.23   1
   110462  40.585225 -124.438696    23.788   -17485.1     3885.9     2361.0      3.0      2.5      3.4 2023  4 22 17 56 13.080  1.37   1
   110464  40.588180 -124.427384    23.236   -16526.8     4213.9     1808.5      1.9      1.6      2.1 2023  2 13 21 32 14.280  2.09   1
   110466  40.531917 -124.391838    15.490   -13522.3    -2033.8    -5937.5      3.1      2.9      4.1 2022 12 22  0 27 26.630  0.83   1
   110467  40.528861 -124.425000    26.667   -16332.1    -2373.1     5239.4      1.9      1.7      2.1 2022 12 22  3 58 10.660  0.90   1
   110468  40.528918 -123.976139    20.420    21694.5    -2366.8    -1007.2      3.2      3.1      3.5 2022 12 24  1 17 32.850  0.88   1
   110470  40.537309 -124.357235    16.750   -10590.5    -1435.1    -4677.2      4.1      3.7      6.5 2023  3 29  5  5 59.480  1.47   1
   110474  40.472306 -124.448381    21.205   -18320.5    -8653.3     -222.4      2.4      2.5      3.0 2022 12 20 12 14 11.380  2.27   1
   110475  40.583162 -124.351701    28.097   -10118.2     3656.8     6670.0      3.1      3.3      3.4 2022 12 21 15  8 37.620  1.85   1
   110476  40.536816 -124.407137    28.256   -14817.9    -1489.7     6829.2      1.1      0.9      2.7 2022 12 20 13 24 12.330  1.51   1
   110477  40.611556 -123.938029    21.822    24907.9     6809.8      394.5      2.5      1.9      3.1 2023  1  3  7 18 42.400  0.99   1
   110479  40.535217 -124.359131    17.016   -10751.3    -1667.3    -4411.2      4.8      4.1      5.4 2022 12 26  2  4 21.800  1.88   1
   110480  40.557495 -124.251660    23.206    -1646.7      806.5     1778.5      2.7      1.9      2.7 2022 12 21  2 56 11.820  1.60   1
   110481  40.490483 -124.465942    18.443   -19806.2    -6634.9    -2984.3      3.0      2.4      3.6 2023  4  5 14 51 18.340  1.34   1
   110482  40.583659 -123.922266    21.552    26247.9     3711.9      125.2      5.1      6.3      6.9 2022 12 21 19 52  6.360  0.64   1
   110484  40.525370 -124.419670    19.649   -15880.9    -2760.8    -1778.5      2.1      2.9      3.6 2022 12 25  4  3 37.800  0.93   1
   110487  40.752600 -123.850513    20.601    32283.7    22472.0     -826.5      3.8      3.1      7.8 2022 12 20 14 11  0.150  2.57   1
   110488  40.478467 -124.457463    19.440   -19089.3    -7969.2    -1987.6      1.8      1.3      1.1 2023  2 18  9 18 28.190  1.40   1
   110489  40.518909 -124.425675    19.208   -16390.5    -3478.3    -2219.5      1.9      2.5      3.5 2022 12 29  9 57 25.630  1.27   1
   110494  40.523466 -124.413957    17.619   -15397.1    -2972.2    -3808.5      1.9      3.3      6.4 2023  3  5 20 14 19.720  1.28   1
   110496  40.503703 -124.446720    17.968   -18175.6    -5166.8    -3459.0      2.2      2.8      3.7 2022 12 30 12 51 54.870  1.14   1
   110497  40.574243 -124.098999    22.622    11282.3     2666.3     1194.6      5.8      2.1      3.0 2022 12 31 14 27 57.700  1.02   1
   110501  40.467647 -124.508024    23.719   -23376.3    -9170.6     2292.1      2.8      3.3      3.4 2022 12 30 21 43 18.320  2.12   1
   110506  40.606893 -124.073364    20.280    13450.0     6291.9    -1146.9      7.2      3.4     10.5 2022 12 20 21 47 48.880  1.10   1
   110507  40.528613 -124.396541    17.903   -13921.1    -2400.7    -3524.0      3.5      4.7      5.6 2022 12 21 10 16 11.430  0.70   1
   110508  40.613269 -124.093547    18.053    11740.7     7000.0    -3374.1      3.8      2.6      3.9 2022 12 30  9  0 39.550  1.14   1
   110510  40.497282 -124.432153    24.975   -16942.0    -5879.9     3547.6      2.7      2.1      5.9 2023  1  2  8 25 11.060  1.28   1
   110511  40.631539 -124.021672    23.352    17823.5     9028.8     1925.0      4.0      2.8      2.5 2022 12 21  4 15 19.850  2.45   1
   110512  40.509322 -124.336230    19.099    -8813.0    -4542.8    -2328.5      1.6      1.1      1.6 2022 12 21 17 35 50.480  1.40   1
   110513  40.523653 -124.414111    18.803   -15410.2    -2951.5    -2624.7      2.8      2.5      4.9 2022 12 20 15  4 50.680  1.42   1
   110515  40.539840 -124.231307    21.639       77.2    -1154.0      211.5      4.4      3.2      4.6 2023  1 11 13 29 12.060  1.57   1
   110517  40.596749 -124.086117    23.480    12371.2     5165.5     2052.8      3.4      2.3      1.9 2023  3 12  6 43 46.740  0.89   1
   110518  40.522583 -124.433032    18.313   -17013.3    -3070.3    -3114.6      3.2      3.9      4.8 2022 12 20 10 43 39.300  2.63   1
   110519  40.575846 -124.143050    22.490     7551.5     2844.4     1062.9      3.0      1.7      3.2 2022 12 20 23 22 14.760  1.65   1
   110521  40.569767 -124.161792    22.974     5964.6     2169.3     1547.1      4.9      3.2      4.4 2022 12 23  1 11 44.550  1.32   1
   110522  40.643937 -124.084871    23.267    12472.3    10405.5     1839.7      3.3      1.5      0.7 2022 12 20 18 48 15.520  0.97   1
   110523  40.511560 -124.490397    23.564   -21875.2    -4294.3     2136.5      1.9      2.2      4.4 2022 12 21  1  7 33.310  3.25   1
   110524  40.607633 -124.081144    17.583    12791.2     6374.2    -3844.3      3.5      8.9      1.6 2022 12 21  9 31  7.840  1.25   1
   110525  40.619104 -124.081925    17.975    12724.0     7647.9    -3451.9      3.8      3.6      6.3 2022 12 26  7 21 10.390  0.93   1
   110526  40.489266 -124.510059    15.552   -23545.0    -6770.0    -5875.6      2.1      2.5      3.0 2023  2 18 20 58 10.920  1.67   1
   110527  40.521773 -124.440625    19.437   -17656.7    -3160.2    -1990.6      2.2      2.1      3.0 2022 12 22  3 55 53.820  1.44   1
   110529  40.553263 -124.256763    24.307    -2079.0      336.6     2879.6      1.8      1.0      5.1 2023  5 18 13 21 36.440  0.56   1
   110530  40.620256 -124.070394    15.902    13700.2     7775.8    -5524.9      8.0      4.1      7.2 2022 12 22  4 49 54.170  0.84   1
   110531  40.533976 -124.349341    18.693    -9922.0    -1805.1    -2734.0      2.3      1.4      2.5 2022 12 20 19 16  2.640  1.29   1
   110532  40.545557 -124.340251    16.335    -9151.1     -519.2    -5092.2      6.7      6.4      5.2 2022 12 23  4  9 55.040  1.00   1
   110534  40.529781 -124.406201    19.904   -14739.4    -2271.0    -1523.5      5.9      3.2      4.9 2023  1  4 16 29 55.050  1.61   1
   110535  40.523478 -124.412386    18.200   -15264.0    -2970.9    -3227.4      3.7      2.3      4.3 2022 12 22 10 55 51.720  0.98   1
   110537  40.610055 -124.079785    23.404    12906.1     6643.0     1976.6      3.4      2.2      2.6 2022 12 21 16 28 15.660  3.99   1
   110539  40.524992 -124.344295    18.678    -9495.2    -2802.8    -2749.4      2.8      4.2      4.8 2022 12 25  8 22 48.250  0.72   1
   110541  40.581144 -124.197290    18.878     2957.9     3432.7    -2549.3      8.3      2.3      4.2 2023  2 18  6 52 19.650  1.07   1
   110542  40.578389 -124.192798    18.407     3338.4     3126.8    -3020.1      9.5      2.6      5.0 2022 12 20 17 56  5.920  1.14   1
   110544  40.597872 -124.188086    20.379     3736.9     5290.2    -1048.0      7.0      2.3      6.2 2023  3 21 22 51 34.760  0.98   1
   110546  40.504382 -124.449129    18.938   -18379.6    -5091.4    -2489.2      2.0      2.1      3.7 2022 12 27  1 23 41.520  0.94   1
   110547  40.615243 -123.925407    21.431    25975.8     7219.1        4.1      3.5      2.9      6.1 2022 12 20 23 36 50.880  1.00   1
   110549  40.543201 -124.055998    19.765    14927.5     -780.8    -1661.9      1.6      1.5      1.0 2022 12 21  4 18 46.220  2.04   1
   110551  40.614421 -124.091805    17.993    11888.0     7127.9    -3434.3      1.7      1.3      1.4 2023  2 17 11 16 14.330  1.12   1
   110553  40.525069 -123.915763    20.656    26810.2    -2794.2     -770.9      2.7      2.5      2.7 2022 12 25  0 34  1.910  0.77   1
   110554  40.549727 -124.243571    18.233     -961.6      -56.0    -3194.7      2.5      1.5      2.5 2022 12 21  0  5 31.440  1.34   1
   110556  40.499292 -124.433341    23.575   -17042.5    -5656.6     2147.6      2.1      2.0      1.7 2023  2 25 14 23 27.120  1.53   1
   110559  40.613725 -124.132747    20.638     8421.7     7050.6     -789.0      6.9      2.8      6.9 2023  3 13  0 48 17.330  0.83   1
   110560  40.627698 -123.927124    21.609    25828.0     8602.2      181.7      2.2      0.9      2.6 2023  2  2  2 38 55.900  1.60   1
   110561  40.618384 -123.887093    22.916    29218.9     7567.9     1488.9      4.3      3.0      1.6 2022 12 20 17 35 32.520  1.17   1
   110564  40.597225 -124.114469    15.166     9970.4     5218.4    -6261.2      6.6      5.8      7.2 2022 12 24  4 18 59.420  0.99   1
   110566  40.610608 -124.110132    18.020    10336.7     6704.5    -3407.4     11.5      3.7      4.9 2022 12 22  5 24 44.100  2.65   1
   110568  40.499719 -124.472274    15.682   -20341.4    -5609.2    -5745.0      3.3      3.8      5.7 2023  3 22 19 35 25.080  1.32   1
   110569  40.647298 -124.022005    18.362    17793.2    10778.8    -3065.2      1.8      2.2      2.3 2023  1  2  9 44 23.910  0.93   1
   110570  40.601558 -124.124919    20.493     9085.3     5699.6     -933.9      3.0      2.4      3.2 2022 12 22  6 14 22.080  1.10   1
   110572  40.531807 -124.244954    18.954    -1078.9    -2046.0    -2473.4      1.7      2.4      2.1 2023  1  1 22 18 52.920  1.17   1
   110574  40.628361 -124.096257    19.867    11509.9     8675.9    -1559.9      4.2      4.3      3.7 2022 12 21 22 33 49.080  1.00   1
   110575  40.579838 -124.156014    27.074     6453.4     3287.6     5646.4      7.9      4.9      6.5 2022 12 23  1 10  6.400  0.80   1
   110577  40.615531 -124.229687    23.947      214.3     7251.2     2520.0      3.7      2.0      4.0 2022 12 25 19 13 28.400  0.95   1
   110578  40.568014 -124.144002    21.722     7471.3     1974.6      294.5      2.2      1.6      2.6 2022 12 20 20 26 41.720  2.13   1
   110579  40.520638 -124.351261    21.893   -10085.7    -3286.3      466.3      2.5      2.1      2.5 2022 12 21  8 58 34.030  0.97   1
   110580  40.613241 -124.044686    23.508    15877.4     6996.8     2081.0      8.0      2.1      2.4 2023  1  3  4 53 49.540  1.15   1
   110581  40.568050 -124.236271    20.397     -343.2     1978.6    -1030.2      5.0      2.1      3.5 2023  5 28 11 38 43.770  1.07   1
   110582  40.563822 -123.935840    22.081    25102.1     1509.2      654.2      2.0      2.2      3.1 2022 12 21 23 36 17.240  1.23   1
   110586  40.524402 -123.900464    20.120    28106.5    -2868.3    -1307.4      3.0      3.5      4.6 2022 12 22  5 36 49.910  0.70   1
   110587  40.606417 -123.914771    25.116    26878.1     6239.1     3689.1      2.0      2.4      1.9 2022 12 20 10 48 38.300  2.65   1
   110588  40.597201 -124.116740    18.236     9778.2     5215.6    -3191.3      1.2      1.8      2.0 2022 12 22  7 50 48.720  1.53   1
   110589  40.533069 -124.050285    19.499    15412.6    -1905.9    -1928.6      1.6      1.1      0.8 2022 12 21  0 13 29.150  1.50   1
   110590  40.650680 -123.881388    26.695    29694.8    11154.2     5267.7      7.1      6.3     10.1 2022 12 23 19 10 35.240  1.06   1
   110591  40.585803 -124.060571    21.009    14535.5     3950.0     -417.9      2.8      3.4      4.0 2022 12 25 22 34 55.360  0.82   1
   110592  40.618376 -124.077279    17.668    13117.5     7567.0    -3759.0      2.0      0.9      2.2 2023  1 18  8 28 49.360  0.92   1
   110594  40.558244 -123.937362    21.157    24974.2      889.7     -270.3      4.9      3.7      4.7 2022 12 21  0 45 40.230  1.26   1
   110595  40.591838 -124.326676    21.370    -7998.6     4620.1      -56.9      1.2      1.4      1.4 2022 12 20 10 52 39.340  3.28   1
   110596  40.541581 -124.338314    17.609    -8987.3     -960.6    -3818.5      3.6      3.4      5.5 2022 12 29  7 31 23.150  0.85   1
   110597  40.623564 -124.083301    19.853    12607.1     8143.1    -1572.9      3.5      3.5      2.9 2022 12 20 21 24 28.880  0.90   1
   110598  40.598201 -124.101888    23.054    11035.7     5326.8     1626.8      1.5      1.3      1.6 2022 12 26  1 46  3.150  1.45   1
   110600  40.524194 -124.385563    16.603   -12991.5    -2891.4    -4824.6      9.0      8.7     19.5 2022 12 20 19 51  5.480  1.33   1
   110604  40.576676 -123.948283    20.196    24045.9     2936.5    -1231.4      4.0      3.3      4.6 2022 12 21 17  1 49.600  1.16   1
   110605  40.518339 -124.431169    18.153   -16856.0    -3541.6    -3274.1      4.9      6.7     10.7 2022 12 22  7 33 35.520  1.14   1
   110607  40.659131 -124.015959    18.883    18303.4    12092.7    -2543.8      3.7      4.1      6.2 2022 12 21 14 33 24.290  1.52   1
   110608  40.643726 -124.026595    18.508    17405.2    10382.0    -2918.8      2.6      1.7      3.7 2022 12 25 12 29 55.020  1.64   1
   110609  40.575260 -124.154541    23.289     6578.4     2779.3     1862.1      2.7      2.4      3.5 2022 12 20 19 19  0.120  1.41   1
   110611  40.549691 -124.239364    18.484     -605.2      -60.1    -2943.1      4.0      5.3      4.1 2022 12 21 12 21 21.680  0.97   1
   110613  40.665462 -123.886426    22.827    29265.2    12795.8     1399.6      3.2      1.9      2.6 2022 12 27 17 40  9.980  1.83   1
   110614  40.550647 -124.314591    20.424    -6977.4       46.1    -1003.0      5.4      3.9      6.5 2023  2 15 14 26 55.060  2.21   1
   110615  40.580127 -124.133765    22.346     8337.6     3319.7      918.6      3.8      2.5      4.7 2022 12 21  9 48 30.660  1.09   1
   110618  40.602665 -123.979403    22.561    21406.3     5822.5     1133.6      4.2      3.2      3.4 2022 12 20 23 30 29.600  1.04   1
   110619  40.598348 -123.917537    21.696    26645.4     5343.1      269.0      4.1      2.9      3.6 2022 12 22  4 23  9.220  0.67   1
   110620  40.601786 -123.891797    24.847    28824.2     5724.9     3420.1      2.8      2.5      2.6 2022 12 25 16 15  8.400  1.07   1
   110622  40.603658 -124.102759    15.626    10961.5     5932.7    -5801.2      1.1      1.0      0.7 2022 12 28  9 46 28.530  1.31   1
   110623  40.594653 -124.157926    22.973     6290.8     4932.8     1545.4      4.3      2.3      3.8 2022 12 30  9 23 12.150  1.07   1
   110624  40.609566 -124.110767    18.268    10283.0     6588.8    -3159.0     10.2      2.2      6.0 2023  4  2 23  2 20.160  1.02   1
   110625  40.551180 -124.072770    18.964    13505.9      105.3    -2463.1      2.0      1.4      1.7 2022 12 20 21 22 52.960  1.20   1
   110626  40.558150 -124.021240    21.740    17869.8      879.3      312.8      5.1      3.3      4.4 2022 12 24 20 57 12.400  1.30   1
   110627  40.590592 -124.193123    22.225     3310.5     4481.8      797.6      6.6      3.6      6.8 2022 12 20 16 59 23.800  1.39   1
   110628  40.550936 -123.884993    22.190    29411.4       78.2      762.7      2.1      1.7      0.5 2022 12 25  6 37 31.440  1.50   1
   110629  40.582259 -124.243368    23.825     -944.2     3556.5     2397.6      2.4      2.6      1.9 2023  2  2  2 53 51.230  0.90   1
   110630  40.601274 -124.110872    15.193    10274.7     5667.9    -6234.2      2.4      2.4      2.1 2022 12 22  6 38 46.920  0.92   1
   110631  40.600692 -123.999487    19.867    19706.0     5603.3    -1560.2      4.7      3.3      4.2 2022 12 22  6 27  3.370  1.14   1
   110633  40.512463 -124.451400    24.534   -18570.8    -4194.0     3106.6      1.7      1.5      5.3 2022 12 20 11 23 42.960  2.53   1
   110634  40.613118 -124.081681    15.699    12745.2     6983.3    -5727.8      5.5      5.0      8.4 2023  1  3  7 23 30.820  1.13   1
   110635  40.548275 -124.047021    22.776    15687.3     -217.3     1348.6      4.5      4.0      3.7 2022 12 24  7 16 44.450  1.51   1
   110636  40.580452 -124.216309    19.280     1347.3     3355.9    -2147.6      9.2      1.7      3.3 2023  5  5 10 50 40.220  0.86   1
   110637  40.545422 -124.335750    17.003    -8769.9     -534.1    -4424.2      5.9      5.1      7.0 2022 12 25 12 21 40.770  1.90   1
   110638  40.587968 -124.150732    24.046     6900.3     4190.4     2618.7      2.8      2.0      3.2 2022 12 21 19 17 30.720  1.31   1
   110641  40.644084 -123.998779    18.653    19759.6    10421.8    -2774.4      1.6      1.2      2.2 2022 12 25  9 11 59.060  0.70   1
   110643  40.539677 -123.911353    22.770    27180.9    -1172.1     1343.2      2.3      2.1      3.6 2023  2 16 18  3 27.440  1.53   1
   110644  40.563033 -123.979818    23.691    21377.5     1421.5     2264.2      4.1      3.4      4.6 2023  2 13  5 45 35.220  1.23   1
   110646  40.575175 -124.424032    23.258   -16244.4     2769.8     1831.0      2.6      1.5      2.2 2023  2  6 20 12  2.580  1.35   1
   110647  40.565792 -124.145614    21.991     7335.0     1727.9      563.9      3.8      3.0      4.6 2022 12 20 19  6 23.200  1.47   1
   110649  40.520333 -124.356356    22.578   -10517.3    -3320.2     1150.6      2.7      2.3      4.0 2022 12 25 23 13 35.000  1.83   1
   110650  40.701933 -123.952767    22.179    23644.2    16845.7      751.9      5.0      3.9      3.2 2022 12 26  9 16 16.030  1.67   1
   110651  40.612504 -123.826221    26.697    34374.0     6915.0     5269.9      4.0      3.0      7.0 2023  4  8  3  4 20.710  1.95   1
   110652  40.519137 -124.440584    15.538   -17653.6    -3453.0    -5889.6      5.2      7.4     10.5 2023  2  8 14 16 55.210  1.31   1
   110653  40.531514 -124.408228    16.972   -14910.8    -2078.5    -4455.2      6.2      5.7     10.2 2022 12 26  8 29 16.340  0.84   1
   110654  40.591536 -124.009692    23.201    18843.2     4586.7     1773.5      6.2      4.6      3.1 2022 12 24 22 12 36.600  2.10   1
   110655  40.566463 -124.022884    22.567    17729.4     1802.4     1139.6      3.2      1.9      3.2 2023  4 30 12 38 22.840  0.62   1
   110656  40.583455 -124.199113    25.160     2803.5     3689.3     3733.2     13.7      2.7      5.6 2023  1 20 22  9 26.880  0.94   1
   110660  40.539437 -124.340348    16.381    -9159.8    -1198.7    -5046.1      4.3      3.5      6.1 2022 12 31 15  5 32.620  1.28   1
   110663  40.580298 -123.955347    24.398    23447.1     3338.7     2970.8      1.2      1.0      0.8 2022 12 21 22 26 11.040  1.39   1
   110664  40.554077 -123.976864    20.819    21629.1      427.0     -608.1      3.8      2.5      3.0 2022 12 20 16  1 13.350  1.61   1
   110665  40.486621 -124.515055    16.845   -23968.9    -7063.7    -4582.1      2.6      4.0      6.3 2023  4  6  4 40 19.060  0.75   1
   110666  40.498539 -124.469377    18.064   -20096.1    -5740.2    -3363.4      2.2      2.0      3.9 2022 12 29  8 32 33.620  1.49   1
   110667  40.598458 -124.327629    20.747    -8078.8     5355.3     -680.0      2.3      2.2      4.9 2022 12 25  7 56 23.340  0.72   1
   110671  40.585933 -124.096362    23.273    11504.6     3964.5     1845.9      2.9      3.4      2.3 2022 12 20 23  1 57.840  1.31   1
   110672  40.539860 -124.349129    18.414    -9903.6    -1151.8    -3013.6      5.5      3.8      6.4 2023  4 15  0  7  1.200  0.77   1
   110673  40.586165 -124.232682    21.821      -39.3     3990.2      393.8      9.2      4.3     12.9 2022 12 21 16 59 16.830  0.92   1
   110674  40.552421 -124.224805    17.751      628.0      243.1    -3676.7      3.1      1.8      2.3 2022 12 23  5  1 13.690  1.08   1
   110675  40.703251 -123.930762    22.482    25505.8    16992.1     1054.9      4.3      3.1      8.0 2022 12 22 16 21 35.960  1.66   1
   110676  40.480892 -124.407332    19.812   -14840.6    -7699.9    -1615.4      2.3      2.4      4.2 2023  1 30 10 56 56.600  0.99   1
   110677  40.511983 -124.440316    17.264   -17631.8    -4247.3    -4163.2      2.1      2.2      4.0 2022 12 23  0 10 35.700  1.04   1
   110678  40.516935 -124.426953    17.185   -16499.0    -3697.4    -4242.5      2.3      3.1      4.0 2023  1  8  2 15 56.440  1.14   1
   110679  40.509155 -124.440324    17.713   -17632.8    -4561.4    -3714.6      3.6      2.8      5.5 2023  4 20 15 36 20.100  0.92   1
   110681  40.638403 -123.912671    21.305    27049.4     9791.0     -122.0      1.9      1.0      1.1 2022 12 21  2 53 42.600  1.60   1
   110683  40.504407 -124.453190    18.829   -18723.7    -5088.7    -2598.1      3.1      3.7      4.0 2022 12 21  8 21  0.830  1.29   1
   110685  40.526326 -124.378475    23.818   -12390.8    -2654.6     2391.0      2.9      2.8      3.1 2023  1 29  2 21 34.040  0.86   1
   110686  40.549658 -124.309139    17.852    -6515.6      -63.7    -3574.8      4.8      4.6      4.8 2022 12 20 19 42 50.340  1.43   1
   110687  40.644767 -124.052694    19.603    15195.9    10497.7    -1824.7      5.3      4.6      6.6 2022 12 26  1 31 33.690  1.21   1
   110688  40.682979 -123.881934    22.393    29641.5    14741.0      965.8      3.0      3.8      3.4 2022 12 20 16  7 38.970  2.01   1
   110689  40.543791 -123.755469    21.778    40384.8     -715.3      351.2      2.2      4.6      2.2 2022 12 22  0 56 27.730  0.68   1
   110692  40.511235 -124.470915    21.368   -20224.5    -4330.5      -59.3      4.1      2.9      4.8 2022 12 29 10 57 23.460  1.08   1
   110694  40.514872 -124.442480    19.377   -17814.8    -3926.5    -2050.5      3.3      3.0      3.8 2022 12 29  5 31  8.470  1.04   1
   110695  40.550362 -124.224430    17.718      659.7       14.5    -3709.1      0.6      0.7      1.0 2022 12 24  5  9  2.290  1.55   1
   110697  40.572290 -124.224406    17.357      661.6     2449.5    -4070.3      6.9      4.1      5.5 2022 12 23 20 30 28.480  1.23   1
   110698  40.541846 -124.237939    18.217     -484.6     -931.3    -3210.1      2.1      1.6      3.0 2023  1 26  5 47 35.730  1.04   1
   110699  40.518062 -124.414925    16.656   -15479.8    -3572.3    -4771.6      3.7      5.1      7.7 2022 12 22  9  7 10.520  0.52   1
   110700  40.576465 -124.204712    17.151     2329.5     2913.0    -4276.4      2.0      1.9      5.0 2022 12 25  3 58 23.130  0.90   1
   110702  40.629354 -123.959082    22.215    23122.3     8786.1      787.4      5.0      3.8      3.4 2022 12 20 23 26 24.700  1.53   1
   110703  40.531246 -124.362459    16.752   -11033.5    -2108.3    -4675.1     13.2      7.0     11.3 2022 12 22 14 28 55.050  1.12   1
   110705  40.513460 -123.876001    21.637    30181.5    -4083.3      209.4      2.4      2.3      2.5 2023  3  1  0 37 17.190  1.45   1
   110706  40.559635 -123.992782    23.932    20280.0     1044.2     2505.2      4.8      4.1      3.9 2022 12 20 23 41  1.760  1.68   1
   110707  40.546928 -123.846061    22.309    32710.1     -366.9      881.3      3.1      3.4      6.9 2022 12 21 22 14 18.520  1.56   1
   110708  40.578223 -124.214412    18.120     1507.9     3108.2    -3307.5      6.7      3.0      5.5 2023  3  5  0 34 58.820  1.58   1
   110710  40.605672 -124.147144    18.266     7203.3     6156.4    -3161.5      5.9      3.0      4.5 2023  1 14  1 10 27.140  1.46   1
   110711  40.615759 -124.069409    20.208    13784.0     7276.5    -1219.5      3.7      4.2      4.8 2022 12 20 21  2 39.800  1.14   1
   110712  40.557719 -123.953385    21.972    23617.1      831.4      544.6      2.6      1.9      2.6 2023  1 10 19 11 36.040  1.34   1
   110715  40.612443 -124.090348    15.947    12011.5     6908.3    -5480.0      8.7      5.4      8.3 2022 12 20 21 22 37.100  1.23   1
   110716  40.586300 -123.886076    21.503    29312.0     4005.2       75.5      5.9      5.7     12.6 2022 12 22  1 50 13.650  0.65   1
   110717  40.608223 -124.301611    19.952    -5875.4     6439.7    -1475.7      1.4      0.8      1.6 2023  4  9 21 13 25.880  0.97   1
   110718  40.523531 -124.432340    19.481   -16954.6    -2965.0    -1946.2      1.3      0.9      2.8 2022 12 22  3 44  5.310  1.01   1
   110720  40.585811 -124.203190    20.533     2458.2     3950.9     -894.6      2.9      2.7      3.1 2022 12 21  1 23  1.660  0.93   1
   110721  40.555416 -124.303695    18.651    -6054.1      575.7    -2776.1      7.6      3.3      5.8 2022 12 20 16 43 44.910  1.41   1
   110722  40.552047 -124.304028    19.951    -6082.5      201.5    -1476.4      9.2      3.0      6.1 2022 12 20 19 45  5.720  1.04   1
   110723  40.473588 -124.544946    21.786   -26504.5    -8510.9      358.7      3.2      3.5      3.9 2022 12 22  7 29 30.560  0.68   1
   110724  40.518669 -124.345003    19.364    -9555.6    -3505.0    -2063.1      2.3      2.3      3.4 2022 12 22  8 32 21.500  0.63   1
   110725  40.546244 -124.306177    17.846    -6264.8     -442.8    -3581.5      5.6      4.5      6.0 2022 12 24 21 51 17.000  0.84   1
   110726  40.517969 -124.433000    19.633   -17011.2    -3582.7    -1793.9      4.6      4.6      5.0 2022 12 25 10 58 46.850  0.74   1
   110727  40.516801 -124.358333    19.536   -10685.2    -3712.4    -1891.2      4.7      3.9      4.0 2022 12 26 20 22  8.180  1.12   1
   110728  40.519409 -124.420630    19.349   -15963.0    -3422.7    -2078.0      2.0      2.9      3.6 2023  1  3 14 30 47.720  1.13   1
   110729  40.576725 -124.208171    17.650     2036.6     2942.0    -3777.5      5.6      1.3      1.7 2023  1  4 10 27 27.700  1.40   1
   110730  40.556783 -124.313615    22.766    -6894.3      727.5     1338.3     36.9     23.2     30.8 2023  1 27  5 50 36.430  1.31   1
   110731  40.511776 -124.440186    19.126   -17620.8    -4270.4    -2301.3      2.1      2.0      4.7 2023  3 16 18  8 14.040  1.34   1
   110735  40.534261 -124.344686    18.417    -9527.6    -1773.5    -3010.2      3.6      3.0      5.4 2022 12 20 21 52 17.400  1.04   1
   110736  40.506083 -124.335531    18.176    -8753.9    -4902.5    -3251.3      2.5      2.4      5.1 2022 12 22  5 34 15.770  1.28   1
   110737  40.523328 -124.423446    18.403   -16201.0    -2987.6    -3023.8      2.1      3.1      3.1 2022 12 22 10 19 33.470  1.21   1
   110738  40.545630 -124.314543    18.183    -6973.5     -511.0    -3244.2      5.1      3.9      7.1 2022 12 26 12 16 44.250  0.71   1
   110739  40.521179 -124.427555    18.173   -16549.5    -3226.2    -3254.7      5.6      4.4      8.5 2023  1 11  1 42 23.060  2.03   1
   110743  40.583179 -124.209855    17.819     1893.8     3658.6    -3608.4     10.1      3.7      7.4 2023  3 25 16 17 15.180  0.90   1
   110745  40.515299 -124.431079    18.758   -16848.8    -3879.1    -2668.8      2.0      2.8      2.8 2023  1 20  8 32 25.670  1.94   1
   110746  40.517041 -124.447673    20.842   -18254.4    -3685.7     -585.3      3.3      3.2      3.7 2023  2 15 19 15 16.420  1.23   1
   110747  40.544063 -124.339022    19.805    -9047.1     -685.0    -1622.1      4.9      5.3      7.5 2022 12 23 14  7  9.940  0.88   1
   110748  40.554102 -124.441121    24.562   -17694.5      429.7     3134.9      5.0      4.2     13.4 2022 12 20 15 58 21.830  1.76   1
   110749  40.500529 -124.467830    14.297   -19964.8    -5519.3    -7129.8      4.8      6.6     15.7 2022 12 26  6 35 42.200  1.15   1
   110750  40.594934 -124.118001    17.182     9671.5     4964.0    -4245.4      2.4      1.9      2.8 2023  1 14  6 13 33.720  1.13   1
   110751  40.574972 -123.988070    20.930    20676.7     2747.2     -497.1      1.7      1.6      1.6 2022 12 20 17 38 50.000  1.62   1
   110752  40.581673 -124.212142    21.062     1700.2     3491.4     -365.3     10.0      2.2      2.6 2022 12 22 21 13 37.280  0.95   1
   110753  40.526603 -124.324837    18.281    -7846.6    -2623.9    -3146.5      4.0      3.5      4.6 2022 12 22 22  2  6.300  1.11   1
   110754  40.523401 -124.357886    18.657   -10646.7    -2979.5    -2770.7      3.8      3.3      4.4 2022 12 22 22 45  9.160  1.52   1
   110757  40.524772 -124.344678    19.362    -9527.6    -2827.2    -2065.5      3.4      3.1      3.5 2022 12 28 13 28 43.290  1.64   1
   110758  40.552824 -124.236125    19.648     -330.9      287.8    -1779.6      2.8      1.7      2.5 2023  1 15 15 14  5.770  1.41   1
   110759  40.528092 -124.418148    18.797   -15751.6    -2458.5    -2629.8      5.2      5.1      5.3 2023  2 10 21  1  5.660  1.17   1
   110761  40.584733 -124.152238    22.392     6773.0     3831.2      965.0      4.1      2.5      3.3 2023  1 21 22  3  8.900  1.49   1
   110765  40.524251 -124.405461    18.215   -14677.2    -2885.0    -3212.7      4.0      3.8      6.0 2022 12 24  2 43 20.530  1.79   1
   110766  40.504097 -124.445581    17.648   -18079.0    -5123.0    -3779.0      3.1      3.3      3.9 2023  2  7 19 48  3.920  1.35   1
   110767  40.504277 -124.481502    18.006   -21122.7    -5103.1    -3420.9      3.0      2.2      5.1 2023  5  3  4 14 16.070  1.55   1
   110768  40.535307 -124.343099    18.855    -9393.1    -1657.4    -2572.2      3.4      3.5      4.5 2023  2 17 23 11 43.020  1.41   1
   110769  40.576855 -124.217350    18.637     1259.2     2956.4    -2790.2      5.7      3.2      6.3 2022 12 22 11 55 31.760  1.02   1
   110770  40.592688 -124.101636    24.964    11057.5     4714.5     3536.9      2.4      2.9      2.4 2023  1  4  8 48  8.840  1.05   1
   110771  40.514872 -124.443083    18.042   -17865.8    -3926.5    -3385.3      0.9      0.6      1.7 2022 12 21 11 33 42.730  2.09   1
   110772  40.518034 -124.421493    17.072   -16036.2    -3575.4    -4354.8      3.8      4.8      4.9 2022 12 22  1 51 31.680  0.96   1
   110774  40.515710 -124.426929    19.382   -16497.1    -3833.5    -2045.3      2.7      3.1      4.6 2022 12 22 13 45 54.290  0.88   1
   110778  40.592810 -124.092464    21.753    11834.1     4728.1      325.8      9.7      5.6      8.6 2022 12 20 13 10 43.400  0.88   1
   110780  40.514478 -124.439884    18.442   -17594.9    -3970.4    -2984.8      1.8      1.0      2.9 2023  1 27  2 38 13.190  1.41   1
   110781  40.600183 -124.020711    21.086    17909.0     5546.8     -340.9      4.0      3.3      4.7 2022 12 22  7 36 42.420  0.86   1
   110782  40.520341 -124.419482    16.768   -15865.6    -3319.3    -4659.3      4.2      5.6      7.9 2023  1 19  4 55  2.650  1.72   1
   110783  40.535616 -124.239494    19.497     -616.3    -1623.0    -1929.9      2.6      1.8      2.8 2022 12 21  9 13 55.700  1.90   1
   110785  40.601628 -124.112118    16.360    10169.2     5707.3    -5066.8      8.4      4.0      5.7 2023  3 27 13  6 21.780  0.85   1
   110786  40.514734 -124.443197    17.987   -17875.5    -3941.9    -3440.5      1.9      2.0      3.0 2022 12 21 10 46 12.660  1.82   1
   110787  40.588513 -124.185677    20.262     3941.1     4251.0    -1164.8     11.8      4.6      8.8 2022 12 22  9 24 48.500  0.91   1
   110788  40.660714 -124.008390    19.358    18943.7    12268.5    -2069.0      3.5      3.1      3.3 2022 12 22  1 16  9.260  0.66   1
   110789  40.523295 -124.417741    18.808   -15717.7    -2991.2    -2619.7      4.4      4.1      4.6 2022 12 23 19 12 41.740  1.83   1
   110790  40.570329 -124.198429    21.867     2861.7     2231.7      439.8      4.4      2.7      3.9 2022 12 24 15 43 41.860  0.86   1
   110791  40.523857 -124.411100    22.024   -15155.1    -2928.9      596.7      2.8      3.1      4.7 2022 12 21 21 14 36.000  0.82   1
   110793  40.516508 -124.411727    20.924   -15209.0    -3744.9     -503.2      4.3      4.2      5.1 2022 12 26 14 17  3.520  0.91   1
   110794  40.595512 -124.113086    18.173    10087.7     5028.1    -3254.3      1.0      0.9      1.3 2023  3 11 16 16 54.220  1.44   1
   110796  40.544454 -124.335848    16.767    -8778.3     -641.6    -4660.4      4.0      3.7      6.1 2022 12 22  1 52 50.750  1.67   1
   110797  40.520675 -124.351351    19.478   -10093.3    -3282.2    -1948.8      2.4      2.4      2.1 2022 12 24 21 53 24.440  1.63   1
   110799  40.523983 -124.405558    18.957   -14685.5    -2914.9    -2469.9      4.3      3.6      3.9 2022 12 20 10 40 17.470  2.91   1
   110801  40.558280 -124.235311    20.003     -261.9      893.7    -1424.4      3.3      1.9      2.7 2022 12 20 12 16  5.480  2.04   1
   110802  40.570915 -124.078035    19.215    13058.0     2296.7    -2211.8      3.8      4.3      2.0 2022 12 21  0 15 31.010  2.88   1
   110803  40.651469 -124.021973    18.782    17795.4    11241.9    -2645.4      4.0      3.1      6.8 2022 12 22  5 56 58.350  0.78   1
   110804  40.518311 -124.437671    19.470   -17406.9    -3544.7    -1956.9      1.7      1.9      2.2 2022 12 20 20 38 36.440  1.22   1
   110806  40.515340 -124.431706    18.957   -16901.8    -3874.6    -2470.0      2.5      1.4      4.9 2023  2  1  8 26 47.510  1.32   1
   110808  40.538078 -124.339461    17.396    -9084.8    -1349.7    -4031.5      3.3      3.2      5.8 2023  3 31  1 48 56.260  0.92   1
   110809  40.520251 -124.442383    20.829   -17805.8    -3329.2     -598.1      6.2      4.4     10.3 2022 12 22  0 38 39.810  1.01   1
   110810  40.617704 -124.080916    17.022    12809.6     7492.5    -4405.2      5.1      3.6      5.0 2023  1  4  6 36 41.150  1.09   1
   110812  40.603532 -124.140780    18.233     7742.2     5918.7    -3193.9      6.4      5.4      5.1 2023  2  2  5 38 31.180  0.92   1
