   101475  40.580611 -123.986027    20.585    20848.8     3373.5     -842.4      0.8      0.5      0.8 2020  1  4 12 29  8.640  0.00   1
   101476  40.577437 -123.962150    21.335    22871.4     3021.0      -92.5      2.8      1.8      2.9 2020  2 13 22 21 36.940  0.00   1
   101477  40.581950 -123.992033    20.907    20340.0     3522.1     -520.5      1.1      0.6      0.9 2020  3 19  1  4 26.040  0.00   1
   101481  40.580770 -123.985140    20.637    20923.9     3391.1     -789.9      0.9      0.6      0.6 2021  3 29 15 56 33.780  0.00   1
   101482  40.581034 -123.985645    20.678    20881.2     3420.5     -749.5      0.7      0.3      0.6 2021  3 29 13 44 54.940  0.00   1
   101483  40.581030 -123.985522    20.685    20891.5     3420.0     -741.8      0.8      0.3      0.6 2021  3 30 14 30 26.580  0.00   1
   101484  40.580762 -123.984766    20.657    20955.6     3390.2     -770.1      0.7      0.4      0.6 2021  3 30 16 56 58.820  0.00   1
   101487  40.582536 -123.983781    20.523    21038.8     3587.2     -904.6      0.7      0.7      0.6 2021  9 19 18 51 35.660  0.00   1
   101488  40.571440 -123.954272    21.473    23539.6     2355.0       46.2      4.0      3.2      3.9 2021 12  7  4 20 27.260  0.00   1
   101564  40.532507 -124.274919    11.669    -3617.4    -1968.2    -9758.6      0.8      0.6      1.0 2020  1  4 11 37 20.680  0.00   1
   102513  40.559098 -124.123437    23.049     9213.6      984.6     1621.7      0.9      0.8      1.2 2020  1 21 18 29 29.080  0.00   1
   102514  40.563472 -124.139616    22.951     7843.1     1470.3     1523.8      1.2      0.8      1.2 2020  1 21 18 17 50.920  0.00   1
   102517  40.564368 -124.125106    22.886     9072.0     1569.7     1458.5      0.9      0.8      1.2 2020  1 21 18 17 12.580  0.00   1
   102584  40.558285 -124.111540    22.021    10221.4      894.2      594.2      6.2      3.6      3.3 2021 12 19 16 15 38.560  0.00   1
   102602  40.477913 -124.511092    24.716   -23634.5    -8030.6     3288.5      0.6      1.2      2.4 2021  8 10 19 30 57.060  0.00   1
   102603  40.479252 -124.505566    25.368   -23166.0    -7882.0     3940.8      0.7      1.0      1.6 2021  8 28  7 10 22.180  0.00   1
   102606  40.490234 -124.498674    24.774   -22580.0    -6662.5     3347.0      1.2      1.1      1.8 2021 11  9 13 23 16.920  0.00   1
   102608  40.477771 -124.507804    25.432   -23355.9    -8046.5     4004.5      1.0      0.7      1.7 2022  9  7 17 54 42.580  0.00   1
   102707  40.432524 -124.602743    23.398   -31412.4   -13071.0     1970.4      1.0      1.4      2.0 2020  1  5 11  4 39.240  0.00   1
   102709  40.447164 -124.595955    23.420   -30833.7   -11445.2     1992.6      0.7      0.8      0.8 2020  3 12 15 20 18.660  0.00   1
   102716  40.434993 -124.601310    23.434   -31290.4   -12796.7     2006.3      0.6      0.7      0.8 2020  5 19 15 58 35.460  0.00   1
   102717  40.435173 -124.602865    23.795   -31422.2   -12776.8     2368.1      0.5      0.5      0.5 2020  5 19  8 56  4.240  0.00   1
   102719  40.434497 -124.603996    21.697   -31518.2   -12851.8      270.2      0.4      0.5      1.0 2020  6  9 10 29  1.040  0.00   1
   102720  40.437545 -124.603597    21.396   -31483.7   -12513.4      -31.7      0.4      0.5      1.6 2020  6  9 11 54 57.660  0.00   1
   102721  40.433757 -124.597860    23.563   -30998.2   -12934.1     2135.4      0.6      0.7      1.0 2020  6 11 11 48 29.660  0.00   1
   102723  40.432796 -124.600920    23.349   -31257.8   -13040.7     1921.4      0.9      0.9      0.9 2020  6 28  9  4 35.860  0.00   1
   102727  40.436308 -124.604403    21.548   -31552.3   -12650.8      120.5      0.5      0.5      1.1 2020  9 21 21 53 10.520  0.00   1
   102728  40.429932 -124.602848    23.397   -31422.0   -13358.8     1969.4      0.4      0.7      0.5 2020  9 28  9 34 39.840  0.00   1
   102729  40.431852 -124.599455    23.398   -31133.9   -13145.5     1970.4      0.9      1.2      1.1 2020  9 29 16 42 12.380  0.00   1
   102730  40.430318 -124.601579    23.848   -31314.3   -13315.9     2420.4      0.7      0.9      1.1 2020  9 29 16  6 55.980  0.00   1
   102732  40.433988 -124.602450    23.370   -31387.2   -12908.3     1943.0      0.3      0.5      0.6 2020 10 13 22  5 11.460  0.00   1
   102734  40.434851 -124.603385    21.641   -31466.4   -12812.5      214.1      0.5      0.7      1.4 2020 12 19  3 23 42.480  0.00   1
   102736  40.428947 -124.599813    23.742   -31164.9   -13468.1     2314.3      0.6      0.7      1.1 2021  1 21 20 46 20.820  0.00   1
   102738  40.434412 -124.602230    23.658   -31368.5   -12861.3     2231.2      0.6      0.7      0.7 2021  2 12 20  8 51.240  0.00   1
   102739  40.433915 -124.600090    23.354   -31187.2   -12916.4     1926.8      0.8      0.9      0.8 2021  2 12  4 29 14.400  0.00   1
   102740  40.431409 -124.604427    23.535   -31555.5   -13194.8     2107.3      0.9      0.7      0.8 2021  2 20 23 40 36.700  0.00   1
   102742  40.437012 -124.604989    21.372   -31601.8   -12572.6      -55.4      0.5      0.7      1.8 2021  4 14  1 27 41.100  0.00   1
   102743  40.433716 -124.601855    22.657   -31337.0   -12938.6     1229.3      1.1      1.2      2.0 2021  4 14  5 38 37.620  0.00   1
   102749  40.433297 -124.602271    23.363   -31372.2   -12985.1     1935.6      0.4      0.7      0.9 2021  7 10 11 59 45.840  0.00   1
   102751  40.428707 -124.603719    23.521   -31496.1   -13494.8     2093.9      0.9      1.0      0.9 2021  8 31 18 13 15.560  0.00   1
   102754  40.430717 -124.603223    23.352   -31453.6   -13271.6     1924.7      0.4      0.7      0.7 2021  9 23  9 33 50.540  0.00   1
   102755  40.435030 -124.601945    23.372   -31344.2   -12792.6     1945.1      0.3      0.4      0.7 2021  9 30 19 10  2.220  0.00   1
   102756  40.432869 -124.602946    22.853   -31429.6   -13032.6     1425.6      0.7      1.2      1.5 2021 10  8 23 40 58.400  0.00   1
   102761  40.433016 -124.602970    22.772   -31431.6   -13016.3     1345.0      0.8      0.9      1.5 2021 12  9 20 12 36.400  0.00   1
   102763  40.436112 -124.602409    23.365   -31383.3   -12672.4     1937.7      0.6      0.8      0.7 2021 12 18  5 17 48.600  0.00   1
   102764  40.437655 -124.600863    23.344   -31251.9   -12501.2     1916.8      1.0      1.7      1.6 2021 12 20  7 12 18.880  0.00   1
   102768  40.434119 -124.602629    23.449   -31402.4   -12893.8     2022.1      0.9      1.6      0.9 2022  2 24 23 18 18.200  0.00   1
   102775  40.435002 -124.601961    23.373   -31345.6   -12795.8     1945.3      0.4      0.5      0.7 2022  5 12 21 39 49.620  0.00   1
   102776  40.429411 -124.604525    21.568   -31564.2   -13416.6      140.3      0.5      0.7      1.3 2022  5 15 21 30 42.600  0.00   1
   102777  40.436890 -124.603654    22.001   -31488.7   -12586.1      573.4      0.6      0.9      1.1 2022  6  2  9 50 27.060  0.00   1
   102778  40.436654 -124.605680    22.414   -31660.5   -12612.3      987.0      0.5      0.8      1.1 2022  6 17  0 59 30.760  0.00   1
   102780  40.435640 -124.602148    23.355   -31361.3   -12724.9     1927.7      0.6      0.6      0.8 2022  7 21  2 41 31.540  0.00   1
   102781  40.440955 -124.605973    22.118   -31684.4   -12134.7      690.9      0.4      0.7      0.7 2022  7 28  9 22  9.400  0.00   1
   102786  40.441455 -124.599650    20.711   -31148.2   -12079.2     -716.6      0.8      1.2      1.4 2022  9 18 15 28 46.440  0.00   1
   102787  40.426733 -124.596387    23.576   -30874.9   -13713.9     2148.9      1.0      0.9      0.9 2022 10  2 19 33 34.380  0.00   1
   102789  40.439445 -124.601652    23.390   -31318.4   -12302.4     1962.5      0.5      0.9      0.9 2022 10 17  4 45 23.620  0.00   1
   102790  40.427482 -124.599129    23.530   -31107.3   -13630.8     2103.2      0.6      0.7      0.7 2022 10 19 22 24 12.120  0.00   1
   102792  40.436755 -124.606193    23.243   -31704.0   -12601.0     1816.1      0.7      1.0      0.9 2022 11  4 23 19 49.560  0.00   1
   102871  40.520264 -124.430477    23.840   -16797.1    -3327.8     2413.1      4.6      5.7     12.2 2021 12 21 11 40 42.620  0.00   1
   102873  40.518290 -124.417310    22.957   -15681.8    -3547.0     1529.9      0.4      0.6      0.7 2021 12 27  5 28 17.460  0.00   1
   102877  40.519450 -124.418245    23.978   -15760.9    -3418.2     2550.6      0.5      0.5      0.5 2022 11 12  9 39  9.180  0.00   1
   102881  40.573641 -123.886987    22.447    29237.6     2599.5     1019.4      1.1      1.0      0.5 2020  6  5  7 17 17.540  0.00   1
   102882  40.586857 -123.893278    22.087    28702.0     4067.1      660.0      0.5      1.0      0.7 2021  8 31 10  1 55.460  0.00   1
   102884  40.575911 -123.890316    23.405    28955.2     2851.6     1977.5      0.7      0.8      0.6 2022  7  8 14 14 25.800  0.00   1
   102885  40.575496 -123.882601    22.439    29608.7     2805.5     1012.1      1.1      1.2      0.7 2022 10 15  6 34 45.100  0.00   1
   102906  40.551184 -124.494653    23.852   -22229.3      105.7     2424.5      0.8      0.7      1.5 2020  1  8  5 26 50.000  0.00   1
   102908  40.549532 -124.499715    23.925   -22658.3      -77.7     2497.4      0.9      0.8      1.0 2020 10 11 20 54  2.280  0.00   1
   102909  40.542440 -124.507340    26.666   -23305.4     -865.3     5239.1      2.2      1.9      3.4 2021  4 28 19 33 47.460  0.00   1
   102910  40.549402 -124.496102    23.830   -22352.3      -92.2     2403.0      0.7      0.6      0.5 2021  6 12  7 57 57.640  0.00   1
   102911  40.547209 -124.503678    24.283   -22994.4     -335.7     2855.9      1.2      1.2      4.2 2021  6 22  2 52 24.640  0.00   1
   102915  40.547286 -124.503109    23.837   -22946.1     -327.1     2409.5      0.8      0.7      0.6 2021 11 28 13  7  4.440  0.00   1
   102916  40.548543 -124.501188    23.929   -22783.2     -187.5     2502.0      1.0      0.8      1.0 2021 12 21 13 58 37.080  0.00   1
   103853  40.619824 -123.952580    21.929    23674.4     7727.9      502.1      0.4      0.3      0.9 2020  1 15 17  9  9.680  0.00   1
   103854  40.621167 -123.944889    21.659    24325.3     7877.0      232.1      1.0      0.8      0.7 2020  9  6  8  2 35.820  0.00   1
   103855  40.623625 -123.948950    21.604    23981.1     8149.9      176.4      0.9      1.0      0.5 2021 11 17  1 30  5.520  0.00   1
   103856  40.623564 -123.946395    21.639    24197.4     8143.1      212.1      0.8      0.6      0.5 2022  1 29  9  3 15.000  0.00   1
   103857  40.621781 -123.946338    21.661    24202.5     7945.2      234.0      0.8      0.7      0.9 2022  5 22  1 31 29.140  0.00   1
   103859  40.623914 -123.948991    21.561    23977.6     8182.0      133.9      0.9      0.9      0.7 2022  5 23  3 58 56.800  0.00   1
   103861  40.622746 -123.949325    21.695    23949.5     8052.3      267.7      0.3      0.4      0.6 2022  7 27 10 38  4.700  0.00   1
   103862  40.621444 -123.947624    21.822    24093.7     7907.7      394.3      1.0      0.7      1.9 2022 11 17 16  3 25.080  0.00   1
   103863  40.621021 -123.943856    21.574    24412.8     7860.7      146.9      0.7      0.6      0.8 2022 11 20 23 28 37.040  0.00   1
   103948  40.583476 -123.916414    25.613    26743.4     3691.6     4185.9      0.8      0.7      1.0 2020  7 15 23 27 17.180  0.00   1
   103949  40.583309 -123.916805    25.620    26710.4     3673.0     4192.7      0.6      0.7      0.9 2020  7 15 23 27  7.480  0.00   1
   103953  40.585022 -123.912500    23.942    27074.6     3863.3     2515.1      0.9      0.7      0.8 2021  6 28 22 30 49.640  0.00   1
   103955  40.587085 -123.916300    24.999    26752.4     4092.4     3572.0      1.1      0.9      1.2 2021  8 18 13 15  3.800  0.00   1
   103957  40.579256 -123.912736    26.875    27055.8     3223.0     5447.8      0.5      0.3      0.6 2021  9 30  0  5  3.500  0.00   1
   103958  40.582983 -123.906104    25.942    27616.7     3636.9     4514.4      0.6      0.3      0.8 2021 10 16 22 17 33.780  0.00   1
   103963  40.584351 -123.906079    25.841    27618.5     3788.7     4414.2      1.4      0.6      0.8 2022 10  3  1 19 38.240  0.00   1
   104037  40.620882 -124.321899    18.362    -7592.4     7845.4    -3065.0      1.8      0.9      3.5 2020  3 23  9 10 34.260  0.00   1
   104039  40.620911 -124.317106    19.896    -7186.6     7848.5    -1531.1      0.8      0.5      0.8 2020  3 31  1 10 40.520  0.00   1
   104040  40.620264 -124.315934    19.688    -7087.4     7776.7    -1739.5      0.9      0.6      1.3 2020 12 20  9 55 52.280  0.00   1
   104042  40.620138 -124.315910    19.657    -7085.4     7762.7    -1770.6      0.7      0.6      1.1 2020 12 20 10 47 46.800  0.00   1
   104043  40.620113 -124.315845    19.658    -7079.9     7760.0    -1769.3      0.6      0.6      1.1 2020 12 20 10 15 13.920  0.00   1
   104047  40.620589 -124.315479    19.954    -7048.8     7812.8    -1472.9      1.4      1.2      2.1 2021  4 20 22 55  3.440  0.00   1
   104048  40.621212 -124.321712    17.889    -7576.5     7882.0    -3538.4      2.0      1.6      3.1 2021  4 24 18 32 32.740  0.00   1
   104049  40.622575 -124.315617    19.987    -7060.4     8033.3    -1440.5      0.8      0.6      0.9 2021  6 29 21  7 22.600  0.00   1
   104052  40.622375 -124.315869    20.614    -7081.8     8011.2     -813.3      1.2      1.1      4.2 2021  7  2  7 55 22.400  0.00   1
   104053  40.618713 -124.315804    21.010    -7076.5     7604.5     -417.5      1.0      0.7      2.2 2021  7  3 16 38 35.240  0.00   1
   104054  40.621997 -124.315430    20.151    -7044.6     7969.2    -1276.2      1.4      0.9      1.9 2021  7 14 14 46 21.240  0.00   1
   104055  40.622217 -124.315763    20.175    -7072.9     7993.6    -1251.8      1.3      0.9      2.8 2021  9 17 10  9 30.180  0.00   1
   104056  40.617322 -124.317904    21.209    -7254.3     7450.0     -217.8      0.8      0.5      1.2 2021 11 18  9 48  5.620  0.00   1
   104060  40.619934 -124.312394    20.323    -6787.7     7740.1    -1103.9      0.9      0.5      1.6 2022  4 14 20  4 26.860  0.00   1
   104061  40.620308 -124.314339    20.497    -6952.4     7781.7     -929.8      0.9      0.6      1.7 2022  6 16 20 44 53.720  0.00   1
   104064  40.620223 -124.311841    20.339    -6740.9     7772.2    -1088.2      1.5      1.1      2.5 2022 10 23 23 59  6.320  0.00   1
   104510  40.562484 -124.130607    22.375     8606.2     1360.5      948.1      0.5      0.2      0.4 2020  1 21 18 16 13.040  0.00   1
   104905  40.521659 -124.420394    26.175   -15942.7    -3172.9     4747.5      2.0      1.4      2.4 2020  6 22 15 25 24.880  0.00   1
   104911  40.511279 -124.420101    23.945   -15919.1    -4325.5     2518.2      0.9      0.8      1.1 2021  5 20 19 21 47.940  0.00   1
   104917  40.504061 -124.428271    23.827   -16612.3    -5127.1     2399.3      1.2      0.9      1.2 2021  9 17 15 11 51.640  0.00   1
   104918  40.506938 -124.419417    24.787   -15861.7    -4807.6     3359.3      1.4      1.9      2.8 2021 10  5 18 21 58.320  0.00   1
   104923  40.500037 -124.427043    24.148   -16508.6    -5574.0     2721.2      0.9      1.0      2.1 2021 12 22  5 52  2.020  0.00   1
   104928  40.510881 -124.419328    25.441   -15853.6    -4369.8     4013.4      1.0      0.8      1.7 2022  1 30  2  6 57.660  0.00   1
   104932  40.510681 -124.419084    25.429   -15833.0    -4391.9     4001.3      1.0      0.8      1.7 2022  3  5  0 58 53.080  0.00   1
   104936  40.511820 -124.424080    23.528   -16256.2    -4265.4     2100.8      1.0      0.9      1.0 2022  7 27  2 17 47.560  0.00   1
   104940  40.517855 -124.495581    15.990   -22313.4    -3595.3    -5437.7      0.8      0.8      1.3 2020  1 27  9 51 13.860  0.00   1
   104941  40.517928 -124.491618    15.817   -21977.6    -3587.2    -5610.6      0.7      0.6      1.1 2020  2 20  6 32 59.280  0.00   1
   104942  40.521602 -124.491862    14.540   -21997.7    -3179.2    -6887.5      1.2      1.6      2.8 2020  4  6  9 21 20.960  0.00   1
   104943  40.517651 -124.494425    15.718   -22215.5    -3617.9    -5709.1      0.8      1.1      1.0 2020 12 17 16 41  8.520  0.00   1
   104944  40.518042 -124.489103    15.707   -21764.5    -3574.5    -5719.8      0.5      0.6      1.1 2020 12 19 14 18 19.400  0.00   1
   104945  40.520939 -124.496655    15.864   -22403.9    -3252.8    -5562.9      0.4      0.4      1.0 2021  5 24  0 40 45.520  0.00   1
   104946  40.520048 -124.497998    15.881   -22517.8    -3351.8    -5546.7      0.5      0.5      1.2 2021 11  6  3 38 12.480  0.00   1
   105385  40.552144 -123.973991    21.525    21872.7      212.4       97.8      0.7      0.7      0.6 2021  4  1  4 46 23.960  0.00   1
   105390  40.594226 -123.955664    21.421    23417.8     4885.3       -6.7      1.1      0.8      1.0 2021  5 23 15 44  5.100  0.00   1
   105391  40.603796 -123.986686    22.179    20789.4     5948.1      751.8      1.1      0.5      0.9 2021  6 30  5 49 47.860  0.00   1
   105476  40.760913 -123.871834    20.744    30478.5    23395.2     -683.4      1.7      1.1      2.3 2021  4 17 11 13 27.660  0.00   1
   105477  40.760392 -123.867310    19.988    30861.3    23337.3    -1438.9      1.0      0.7      1.1 2021  5 16 18 21  8.560  0.00   1
   105483  40.758691 -123.861491    20.728    31353.8    23148.5     -699.4      1.2      0.9      1.6 2022  5  4  3 34 42.980  0.00   1
   105706  40.597286 -124.042741    21.834    16044.0     5225.1      406.3      0.9      0.7      0.8 2020  2  8  2 28 57.160  0.00   1
   105713  40.597872 -124.063468    23.373    14288.8     5290.2     1946.2      1.0      0.6      0.8 2021  8 21  3 33 28.140  0.00   1
   105954  40.544698 -124.061271    19.776    14480.6     -614.5    -1651.3      0.5      0.4      0.6 2020  2  8 19 52 44.320  0.00   1
   105955  40.541536 -124.064787    19.519    14183.1     -965.6    -1908.4      0.6      0.6      0.6 2020  2 23  1  6 17.520  0.00   1
   105956  40.540491 -124.075659    20.060    13262.2    -1081.7    -1366.8      0.8      0.7      0.8 2020 10 23 10 31 25.740  0.00   1
   105957  40.548263 -124.067391    19.267    13961.8     -218.7    -2160.1      0.9      0.7      0.9 2021  2 19 15  2  5.840  0.00   1
   105958  40.544474 -124.062020    19.850    14417.2     -639.4    -1577.3      0.7      0.6      0.5 2021  7 27 12 42 23.820  0.00   1
   105960  40.543095 -124.068237    19.264    13890.7     -792.5    -2163.3      0.5      0.6      0.9 2021  9  6  1 57 48.460  0.00   1
   105961  40.543876 -124.070264    21.730    13719.0     -705.8      302.3      0.7      0.9      1.3 2021 10 30 15 54 35.980  0.00   1
   106005  40.587948 -124.094108    19.724    11695.3     4188.1    -1703.0      4.6      0.7      0.7 2020  4 19 13  8 57.480  0.00   1
   106006  40.596598 -124.092993    18.700    11789.0     5148.8    -2727.7      1.9      0.9      1.6 2020  6  7 18 47 39.820  0.00   1
   106007  40.593848 -124.085189    19.141    12450.1     4843.3    -2286.6      1.4      0.5      0.7 2020  7 20 16 45 35.520  0.00   1
   106008  40.593624 -124.083211    19.246    12617.5     4818.5    -2181.4      1.6      0.5      0.9 2021 11 25 11 31 45.620  0.00   1
   106009  40.593909 -124.084066    19.183    12545.1     4850.1    -2244.0      0.9      0.7      1.1 2022  1 31  2 46 32.380  0.00   1
   106065  40.534550 -124.390112    25.469   -13375.9    -1741.4     4041.9      0.7      0.5      0.9 2020  2 11 17 54 25.540  0.00   1
   106069  40.500208 -124.446208    16.101   -18132.6    -5555.0    -5326.3      0.8      0.5      2.1 2021  7 22 12 38 41.980  0.00   1
   106070  40.506498 -124.449219    15.753   -18386.9    -4856.4    -5674.4      0.6      0.9      0.8 2021  8 21  7 21 12.600  0.00   1
   106079  40.632487 -123.986800    26.221    20775.4     9134.0     4793.8      1.0      1.1      1.2 2020  2 13 23  7 46.880  0.00   1
   106080  40.644893 -123.978874    27.315    21444.4    10511.7     5888.2      1.2      1.0      2.2 2020  2 27  1  9  9.980  0.00   1
   106081  40.640881 -123.988525    25.874    20628.0    10066.2     4447.2      1.0      1.0      0.9 2020  6 29  6 46  6.840  0.00   1
   106082  40.633879 -123.977922    26.346    21526.7     9288.6     4918.3      1.0      0.6      1.4 2021 11 14 16 50 17.560  0.00   1
   106083  40.640129 -123.984204    25.922    20993.9     9982.6     4495.0      1.0      0.8      0.9 2022  2 10  2 19 50.980  0.00   1
   106084  40.641337 -123.982495    25.753    21138.4    10116.8     4325.9      1.2      0.7      1.1 2022  6  3  6  4  3.860  0.00   1
   106096  40.581331 -124.207186    20.326     2119.9     3453.4    -1101.1      1.1      0.4      0.7 2021 11  2  4 49 56.460  0.00   1
   106102  40.514653 -124.414380    20.163   -15434.0    -3950.9    -1264.0      2.4      2.9      2.7 2022  7  6 11 29  4.460  0.00   1
   106103  40.514771 -124.416024    20.029   -15573.2    -3937.8    -1397.9      4.1      3.7      8.5 2022  8 16  8  0  8.060  0.00   1
   106104  40.515332 -124.415690    19.965   -15544.9    -3875.5    -1462.0      2.5      3.2      7.7 2022  8 29 21 57 39.860  0.00   1
   106135  40.553194 -124.215715    16.983     1397.9      328.9    -4444.1      0.6      0.4      0.8 2021  9 13  0  4  6.120  0.00   1
   106440  40.554883 -124.052450    21.974    15226.7      516.5      547.2      1.8      1.4      2.3 2021  9  4  5 13 46.140  0.00   1
   106496  40.593604 -124.106868    19.553    10614.3     4816.2    -1874.7      0.5      0.6      0.6 2021  8 27  1 44  5.160  0.00   1
   106497  40.593001 -124.105688    19.577    10714.3     4749.3    -1849.9      0.9      1.0      1.1 2021 11 30  0 51 56.760  0.00   1
   106499  40.593237 -124.105664    19.644    10716.3     4775.5    -1783.4      0.5      0.4      0.7 2022  1  8 11 15 11.920  0.00   1
   106609  40.614327 -123.836540    26.966    33499.9     7117.5     5538.9      1.1      0.6      1.3 2020  2 20 17 26 49.040  0.00   1
   106610  40.608358 -123.846826    27.459    32630.4     6454.6     6031.7      0.5      0.4      0.6 2020  7 17 16 58  8.720  0.00   1
   106612  40.607092 -123.848031    28.740    32528.7     6314.1     7312.8      1.3      1.2      1.3 2021 11 24  2 11 55.300  0.00   1
   106613  40.611161 -123.849373    27.651    32414.1     6765.9     6223.5      0.6      0.5      0.6 2022  5 21  1 58 58.180  0.00   1
   106614  40.507304 -124.413167    22.772   -15332.1    -4767.0     1344.6      3.3      4.2      5.4 2020  2 21 12  1 53.080  0.00   1
   106677  40.571000 -124.072176    19.844    13554.2     2306.2    -1582.9      0.9      1.0      1.0 2020  2 22  2  3 27.180  0.00   1
   106678  40.573157 -124.073934    20.043    13405.1     2545.7    -1384.3      0.6      0.5      0.4 2021  2 19 10 17 53.000  0.00   1
   106679  40.577384 -124.069108    19.563    13813.4     3015.2    -1864.3      0.9      1.1      0.7 2022  1 22 18 50  2.840  0.00   1
   106849  40.553349 -123.978735    21.305    21470.7      346.1     -122.1      0.6      0.9      0.5 2020  2 25 10 41 25.500  0.00   1
   106850  40.547734 -123.974821    21.404    21803.1     -277.4      -23.2      0.9      0.7      0.7 2020  6 21 16  9 47.640  0.00   1
   106852  40.539095 -123.965527    21.929    22591.8    -1236.7      501.4      0.7      0.6      1.0 2021  6 16 14  0 25.980  0.00   1
   106853  40.549426 -123.976270    21.866    21680.2      -89.5      438.4      1.0      1.1      1.4 2021  6 17 11 40 36.000  0.00   1
   106855  40.551383 -123.974259    21.504    21850.1      127.9       77.0      0.9      0.9      0.8 2022  9 27  4 34 50.860  0.00   1
   106908  40.622709 -124.302441    19.903    -5945.0     8048.3    -1524.2      1.2      0.8      1.3 2021  4  2 11 45  2.260  0.00   1
   106909  40.624438 -124.299544    19.309    -5699.7     8240.3    -2118.6      1.5      0.6      2.0 2021  4  7  1 55 18.100  0.00   1
   106910  40.621265 -124.302246    20.126    -5928.5     7887.9    -1301.3      0.8      0.6      1.8 2021 10 17 14 20 53.460  0.00   1
   106916  40.624052 -124.298877    19.579    -5643.2     8197.4    -1848.5      1.2      0.6      1.2 2022  7 14  7 38  2.880  0.00   1
   106917  40.503507 -124.331836    19.140    -8441.0    -5188.5    -2286.0      0.7      0.9      1.0 2020  2 29  6 25 39.720  0.00   1
   106919  40.505229 -124.338802    18.411    -9031.1    -4997.4    -3015.8      0.9      1.0      1.1 2020  6 25 12 39 13.840  0.00   1
   106920  40.504871 -124.339429    18.314    -9084.2    -5037.2    -3112.9      1.0      1.1      1.2 2020  6 26 13 51 55.760  0.00   1
   106921  40.504574 -124.339119    18.346    -9058.1    -5070.2    -3081.7      1.0      1.0      1.2 2020  6 27  9  8 18.860  0.00   1
   106924  40.500981 -124.334017    18.760    -8625.9    -5469.1    -2666.9      0.9      1.0      1.0 2020  7 15 15 49 31.760  0.00   1
   106925  40.504533 -124.339103    18.349    -9056.7    -5074.7    -3078.4      1.0      1.0      1.2 2020  7 15  2 55 13.780  0.00   1
   106926  40.500895 -124.334229    18.885    -8643.9    -5478.6    -2542.1      1.1      1.0      1.3 2020  7 15  5  0 39.940  0.00   1
   106927  40.504639 -124.339250    18.438    -9069.1    -5062.9    -2989.4      0.9      1.0      1.2 2020  7 15 19 40 35.320  0.00   1
   106930  40.504447 -124.339014    18.408    -9049.1    -5084.2    -3019.5      1.6      1.7      2.2 2020  7 16 16  0 18.620  0.00   1
   106931  40.502091 -124.330192    19.525    -8301.8    -5345.8    -1901.9      1.0      1.1      1.0 2020  7 16 12 26  9.680  0.00   1
   106933  40.505160 -124.341243    18.708    -9238.0    -5005.1    -2719.2      0.7      0.8      0.8 2020 11 20 17 12 56.060  0.00   1
   106934  40.509363 -124.328068    18.602    -8121.4    -4538.3    -2824.9      0.8      0.9      1.4 2021  5 12 18 32 23.080  0.00   1
   106937  40.509823 -124.327970    18.355    -8113.1    -4487.3    -3072.3      1.3      1.4      2.4 2021  7 11  5  6 12.560  0.00   1
   106939  40.510291 -124.327954    18.433    -8111.6    -4435.3    -2994.3      1.0      1.0      1.0 2021  7 11  7 17 55.760  0.00   1
   106940  40.508386 -124.326514    18.994    -7989.7    -4646.8    -2433.3      1.1      1.0      1.4 2021  7 11  4 14 40.000  0.00   1
   106941  40.508521 -124.326685    18.987    -8004.2    -4631.9    -2440.1      1.1      1.0      1.5 2021  7 11  3 36 34.760  0.00   1
   106942  40.510181 -124.327466    18.426    -8070.3    -4447.5    -3001.7      1.1      1.0      1.2 2021  7 11  2 14  1.880  0.00   1
   106943  40.508154 -124.326164    18.967    -7960.1    -4672.5    -2460.3      1.1      1.0      1.3 2021  7 11  7 49 35.560  0.00   1
   106944  40.508455 -124.326522    18.971    -7990.4    -4639.1    -2456.6      1.1      1.0      1.4 2021  7 12  6 52 59.100  0.00   1
   106945  40.509798 -124.327482    18.632    -8071.7    -4490.0    -2795.3      1.4      1.4      1.3 2021  7 12  7 38 34.800  0.00   1
   106947  40.509916 -124.328117    18.321    -8125.5    -4476.9    -3105.9      1.1      1.3      2.3 2021  7 12  6 52  5.820  0.00   1
   106948  40.509196 -124.326587    18.595    -7995.9    -4556.9    -2832.0      0.9      1.0      0.9 2021  7 12  6 57 12.740  0.00   1
   106949  40.509810 -124.327441    18.634    -8068.2    -4488.6    -2793.4      1.4      1.3      1.2 2021  7 12  6 51 15.180  0.00   1
   106950  40.509745 -124.327466    18.640    -8070.3    -4495.9    -2786.8      1.4      1.4      1.2 2021  7 12 22 18 34.740  0.00   1
   106951  40.510372 -124.326994    18.504    -8030.3    -4426.3    -2923.4      0.9      0.9      0.9 2021  7 12  8 58 54.960  0.00   1
   106952  40.509867 -124.328003    18.355    -8115.8    -4482.3    -3072.1      1.5      1.7      2.5 2021  7 12  8 46 32.680  0.00   1
   106953  40.508997 -124.326066    18.694    -7951.8    -4579.0    -2733.2      1.1      0.9      1.0 2021  7 12  6 48 36.980  0.00   1
   106954  40.509619 -124.327116    18.633    -8040.7    -4509.9    -2794.6      1.2      1.2      1.0 2021  7 12  6 58 19.680  0.00   1
   106959  40.508944 -124.324089    18.820    -7784.2    -4584.9    -2607.3      1.2      0.8      1.3 2021  7 12 15 18 57.120  0.00   1
   106960  40.508232 -124.326302    18.972    -7971.8    -4663.9    -2454.9      1.1      0.9      1.5 2021  7 12 12 15  8.320  0.00   1
   106961  40.508569 -124.326733    18.997    -8008.3    -4626.4    -2430.7      1.1      1.0      1.4 2021  7 12  7 42 57.140  0.00   1
   106962  40.508305 -124.326359    18.964    -7976.6    -4655.8    -2463.5      1.1      1.0      1.4 2021  7 12  8  3  8.480  0.00   1
   106964  40.508309 -124.326270    18.944    -7969.0    -4655.4    -2482.9      1.1      1.0      1.4 2021  7 12  5 33 43.540  0.00   1
   106965  40.508366 -124.326579    19.035    -7995.2    -4649.0    -2392.2      1.1      0.9      1.3 2021  7 12  8 56 41.260  0.00   1
   106967  40.509583 -124.327336    18.529    -8059.3    -4513.9    -2897.9      2.1      2.1      1.5 2021  7 13  3 34 41.120  0.00   1
   106968  40.508110 -124.327279    18.984    -8054.5    -4677.5    -2442.8      1.1      1.1      1.5 2021  7 13 11  0 10.880  0.00   1
   106970  40.507617 -124.322819    18.785    -7676.7    -4732.2    -2642.7      1.2      0.9      1.1 2021  7 15 17 56 38.860  0.00   1
   106971  40.507845 -124.323258    18.749    -7713.9    -4706.9    -2678.0      1.5      1.0      1.2 2021  7 24 15 17 23.680  0.00   1
   106974  40.510311 -124.330322    18.224    -8312.3    -4433.0    -3202.9      0.8      0.8      0.8 2021 12 20 23 45 33.300  0.00   1
   106975  40.502409 -124.338127    18.727    -8974.1    -5310.5    -2700.1      0.7      0.9      0.9 2021 12 20 21 54 42.040  0.00   1
   106977  40.511926 -124.332365    20.342    -8485.3    -4253.7    -1084.8      0.9      0.6      0.5 2021 12 21 12 29 57.320  0.00   1
   106978  40.500549 -124.334880    18.884    -8699.1    -5517.0    -2543.3      0.9      1.0      0.9 2021 12 22  7  9  8.260  0.00   1
   106979  40.503451 -124.333993    19.007    -8623.7    -5194.9    -2420.0      1.0      0.7      0.9 2021 12 22 17  4 29.540  0.00   1
   106983  40.504842 -124.338379    18.625    -8995.3    -5040.3    -2801.9      0.9      0.8      1.1 2021 12 23 19 43 35.140  0.00   1
   106984  40.507174 -124.326831    18.317    -8016.7    -4781.4    -3110.1      1.5      0.6      1.1 2021 12 23  6 28 39.440  0.00   1
   106986  40.510254 -124.327889    18.626    -8106.1    -4439.4    -2801.2      1.0      0.9      0.9 2021 12 25  0 41  6.140  0.00   1
   106988  40.509229 -124.326774    18.563    -8011.7    -4553.2    -2863.8      1.2      0.9      0.9 2021 12 31  7 30 11.740  0.00   1
   106989  40.503117 -124.342106    19.132    -9311.2    -5231.9    -2294.8      1.0      0.9      1.5 2022  1  2 19  6  3.500  0.00   1
   106990  40.506181 -124.329313    18.276    -8227.0    -4891.7    -3150.9      1.0      0.6      0.9 2022  1  2 18 43 27.640  0.00   1
   106991  40.503361 -124.332707    19.263    -8514.8    -5204.8    -2164.4      1.1      1.1      1.1 2022  1 29  0 56  4.940  0.00   1
   106992  40.505074 -124.331991    18.651    -8454.0    -5014.6    -2775.9      1.0      0.9      0.9 2022  2 20  7 55 33.920  0.00   1
   106993  40.508114 -124.327271    19.442    -8053.9    -4677.0    -1985.0      1.1      0.9      1.0 2022  4 11  8 48 35.180  0.00   1
   106995  40.509383 -124.324634    18.583    -7830.4    -4536.1    -2843.8      1.1      0.7      1.1 2022  5 14  5 11 24.580  0.00   1
   106996  40.511007 -124.330013    18.146    -8286.1    -4355.8    -3281.2      0.9      0.8      0.9 2022  5 21 19  6 31.100  0.00   1
   106997  40.506799 -124.322445    18.642    -7645.0    -4823.0    -2785.0      1.2      0.5      0.9 2022  7 18  4 14 31.760  0.00   1
   107286  40.595890 -124.033618    24.306    16816.7     5070.2     2878.7      0.5      0.4      0.9 2020  4 12 17 13 25.640  0.00   1
   107287  40.592928 -124.018856    22.719    18067.1     4741.2     1291.3      1.2      1.0      1.0 2020  4 18 11  7 43.200  0.00   1
   107288  40.594613 -124.015299    23.102    18368.0     4928.3     1675.1      0.8      0.6      0.7 2020 11 20  1 42 41.040  0.00   1
   107289  40.594645 -124.019059    23.058    18049.6     4931.9     1630.4      1.2      0.9      0.9 2020 11 20  1 23 58.260  0.00   1
   107290  40.594584 -124.015194    23.095    18376.9     4925.1     1667.7      0.9      0.5      0.7 2020 11 20  1 20 56.960  0.00   1
   107291  40.593530 -124.015706    23.297    18333.7     4808.1     1869.7      0.7      0.6      0.7 2020 11 20  7  8 23.000  0.00   1
   107292  40.597673 -124.003068    23.003    19403.3     5268.1     1575.7      1.3      0.5      1.6 2021 11 14 17  4  4.680  0.00   1
   107293  40.596045 -124.014201    22.242    18460.8     5087.3      814.5      0.9      0.8      0.9 2021 12  5 10 31 19.440  0.00   1
   107297  40.589701 -123.994759    23.278    20108.0     4382.9     1850.9      0.4      0.3      0.6 2022  1 27  3  6  7.800  0.00   1
   107337  40.511385 -124.426465    23.544   -16458.3    -4313.8     2116.7      1.8      3.0      2.4 2020  3  7  9 53 50.140  0.00   1
   107338  40.486430 -124.453320    26.425   -18737.2    -7084.9     4997.8      0.7      0.4      0.5 2020  9 23 15 27 24.660  0.00   1
   107341  40.503410 -124.430257    25.657   -16780.6    -5199.4     4229.8      0.7      0.7      0.8 2022  5  3 13  8 48.100  0.00   1
   107359  40.527340 -124.381730    25.048   -12666.5    -2542.1     3620.4      0.6      0.8      1.3 2021 12 20 22 54  5.520  0.00   1
   107361  40.525033 -124.401139    23.139   -14311.0    -2798.3     1711.7      0.8      0.5      0.8 2021 12 20 21 57 14.080  0.00   1
   107370  40.476896 -124.535156    26.070   -25674.1    -8143.6     4643.1      1.0      2.0      2.8 2021 11 16  4 40 39.460  0.00   1
   107371  40.470268 -124.531860    23.745   -25396.1    -8879.7     2317.9      0.5      0.8      0.6 2022  4  3 19 28  4.080  0.00   1
   107574  40.468233 -124.427295    19.304   -16533.9    -9105.6    -2122.9      0.7      1.0      0.7 2020  3 11 22 47 36.760  0.00   1
   107579  40.472237 -124.429232    19.874   -16697.6    -8661.0    -1553.0      0.6      0.9      1.0 2021  9 21 12 24 42.300  0.00   1
   107580  40.471566 -124.431128    19.396   -16858.4    -8735.5    -2031.3      0.5      0.7      1.0 2021 10 16  2 20 43.560  0.00   1
   107582  40.483695 -124.436377    19.352   -17301.7    -7388.6    -2075.1      0.7      1.0      2.1 2022  2  5  7 43 32.760  0.00   1
   107583  40.471488 -124.429590    19.846   -16728.0    -8744.1    -1580.9      1.5      1.3      1.1 2022  2 19 19 28 29.060  0.00   1
   107584  40.469287 -124.427214    19.721   -16526.9    -8988.5    -1706.4      1.3      1.1      1.4 2022  2 21 15 20 50.320  0.00   1
   107585  40.469307 -124.427352    19.717   -16538.6    -8986.3    -1710.3      1.4      1.2      1.5 2022  3  8 13 52  8.680  0.00   1
   107586  40.472135 -124.430632    19.923   -16816.2    -8672.3    -1504.1      0.8      1.0      0.6 2022  3 17  5 45 51.800  0.00   1
   107609  40.570081 -123.956527    21.508    23348.9     2204.1       80.5      0.7      0.5      0.4 2021 12 25 22 49 23.520  0.00   1
   107620  40.508451 -124.479777    27.490   -20975.8    -4639.5     6062.9      3.7      4.3      2.6 2020  3 20 11 54 38.000  0.00   1
   107621  40.501558 -124.506307    26.360   -23224.9    -5405.0     4932.8      0.8      1.3      1.3 2020  3 20 22 28 21.200  0.00   1
   107622  40.507552 -124.505648    26.297   -23168.0    -4739.4     4869.6      0.4      0.7      1.3 2020  3 21 20 18  7.640  0.00   1
   107623  40.506860 -124.505306    26.284   -23139.2    -4816.2     4856.6      0.4      0.7      1.2 2020  3 21 19  0  1.520  0.00   1
   107626  40.498014 -124.498145    27.038   -22533.9    -5798.5     5611.2      1.0      1.3      1.3 2020  4 18 11  0 19.100  0.00   1
   107627  40.499194 -124.514722    27.466   -23938.4    -5667.5     6039.0      0.8      0.8      1.3 2020  4 29 15  5 11.240  0.00   1
   107635  40.499841 -124.502230    27.327   -22879.7    -5595.6     5899.9      1.0      0.6      1.0 2021  6 23  5 14 47.320  0.00   1
   107636  40.503569 -124.503931    26.938   -23023.2    -5181.8     5510.7      0.4      0.3      0.6 2021  6 27 15 30 22.300  0.00   1
   107638  40.507768 -124.511580    25.243   -23670.7    -4715.5     3815.8      2.1      1.8      3.5 2021  8 29 17 32  5.980  0.00   1
   107639  40.500114 -124.504020    27.718   -23031.4    -5565.4     6290.8      0.5      0.8      1.3 2021  9  1  5  5 36.660  0.00   1
   107641  40.501746 -124.503646    27.435   -22999.4    -5384.2     6007.8      0.5      0.3      0.9 2021 10  7 19  8 24.060  0.00   1
   107644  40.491296 -124.507039    27.564   -23288.7    -6544.5     6136.6      0.4      0.6      0.5 2021 10 30 23 40 23.100  0.00   1
   107645  40.498710 -124.496720    27.529   -22413.1    -5721.3     6102.1      0.8      1.0      0.8 2021 11 20  8 44 57.940  0.00   1
   107648  40.503581 -124.495386    28.102   -22299.2    -5180.4     6675.2      0.5      0.8      0.5 2021 12 18  8 55  3.900  0.00   1
   107651  40.505843 -124.488680    26.354   -21730.6    -4929.2     4927.0      0.5      0.6      0.4 2022  1 12 11 34 59.600  0.00   1
   107654  40.489901 -124.504386    26.737   -23064.2    -6699.5     5309.8      0.6      0.9      2.1 2022  4 13 23 57 43.640  0.00   1
   107655  40.495817 -124.492822    26.584   -22083.2    -6042.5     5156.6      3.1      3.7      6.0 2022  7 29 16 38  2.820  0.00   1
   107656  40.487801 -124.502498    28.379   -22904.5    -6932.7     6951.4      0.6      0.8      0.4 2022  8 10  2 25 35.080  0.00   1
   107657  40.491085 -124.497502    28.046   -22480.5    -6568.0     6618.5      0.8      0.8      0.2 2022  8 23  6 57 35.860  0.00   1
   107661  40.494804 -124.519124    26.311   -24312.2    -6155.0     4884.2      0.5      0.5      0.8 2022 10 16 17  6 16.580  0.00   1
   107662  40.493746 -124.510482    27.596   -23580.0    -6272.5     6168.5      0.6      0.8      1.3 2022 10 16 21 31  2.740  0.00   1
   107663  40.494710 -124.509961    27.591   -23535.7    -6165.4     6163.3      0.6      0.8      1.4 2022 10 16 17  0 17.060  0.00   1
   107664  40.524264 -124.388949    23.696   -13278.3    -2883.7     2268.9      0.9      0.8      0.9 2020  3 13 19 20 41.280  0.00   1
   107680  40.562052 -123.997168    22.621    19908.1     1312.6     1193.9      0.9      0.2      0.2 2020  4 27  3 46 18.440  0.00   1
   107683  40.562260 -124.014681    22.556    18424.8     1335.7     1128.4      0.6      0.4      0.5 2020 11 11 11 22 54.400  0.00   1
   107687  40.561263 -123.999080    22.100    19746.2     1225.0      673.0      0.5      0.5      0.6 2021 12 25 23  5 26.280  0.00   1
   107808  40.546745 -124.195809    27.154     3084.1     -387.2     5726.5      0.7      0.5      1.0 2020  3 18 22 58 40.420  0.00   1
   107818  40.463656 -123.820166    23.183    34925.1    -9613.9     1755.7      0.8      1.5      0.7 2021  1 21 21  8 56.860  0.00   1
   107819  40.464494 -123.818766    23.166    35043.5    -9520.8     1738.6      0.9      1.4      1.1 2021  1 24 19 45 59.820  0.00   1
   107820  40.466557 -123.821118    23.068    34843.6    -9291.7     1641.2      0.8      0.9      0.6 2022  1 24 23 34 18.900  0.00   1
   107823  40.469800 -123.822713    23.185    34707.6    -8931.6     1758.1      0.5      0.8      0.6 2022 11 20 17  4 54.300  0.00   1
   107825  40.515552 -124.418392    19.955   -15773.8    -3851.1    -1472.0      1.3      1.5      1.6 2020  3 18 23 32 29.300  0.00   1
   107844  40.621777 -124.311100    19.830    -6678.1     7944.8    -1597.4      0.6      0.3      1.3 2020  3 18  4 40 58.500  0.00   1
   107847  40.622127 -124.306535    21.150    -6291.6     7983.6     -277.4      0.9      0.3      1.7 2022  1 23 16 30 25.180  0.00   1
   107849  40.621802 -124.311711    19.584    -6729.8     7947.5    -1843.5      0.8      0.4      1.7 2022 10 21 10 46 28.380  0.00   1
   107887  40.582056 -124.428540    23.013   -16625.4     3533.9     1585.8      0.8      0.7      0.9 2020  7 13 13  8 40.060  0.00   1
   107888  40.580798 -124.432259    23.482   -16940.5     3394.3     2054.4      0.8      0.9      1.1 2020  8 15  3 41 44.920  0.00   1
   107890  40.581197 -124.432739    23.421   -16981.1     3438.5     1994.2      0.8      0.8      1.0 2021  8  9 17  8 53.000  0.00   1
   107891  40.583875 -124.432039    23.949   -16921.5     3735.9     2521.9      1.1      0.8      0.9 2021  8 11  0 58 47.400  0.00   1
   107895  40.574658 -124.436027    22.828   -17260.4     2712.4     1401.1      1.3      0.7      1.4 2022  9  4 19 13 25.340  0.00   1
   107928  40.582983 -124.427246    23.144   -16515.7     3636.9     1716.6      0.3      0.3      0.5 2020  7 22  0 55 19.100  0.00   1
   107930  40.612577 -124.435327    22.966   -17196.3     6923.2     1538.6      1.5      0.9      0.8 2021 12 13  1 46 42.200  0.00   1
   107964  40.535527 -124.398828    17.672   -14114.1    -1633.0    -3755.6      0.6      0.4      0.9 2021 11 14  0  8  4.400  0.00   1
   107965  40.530225 -124.393278    17.518   -13644.5    -2221.7    -3909.1      3.8      4.5      6.3 2021 12 21 22 13 12.300  0.00   1
   107971  40.530904 -124.406519    16.875   -14766.1    -2146.3    -4552.2      0.5      0.3      0.6 2022 10  9 19  5  2.280  0.00   1
   107978  40.536137 -124.423356    28.402   -16191.9    -1565.2     6975.2      0.8      1.5      1.4 2021  4 15  8 56 41.520  0.00   1
   107980  40.527352 -124.424325    26.767   -16275.0    -2540.7     5340.2      0.7      0.7      1.0 2021  8  4 18 58 46.060  0.00   1
   107981  40.530554 -124.419328    26.643   -15851.3    -2185.1     5216.1      0.8      0.7      1.0 2021  8 21 16 23 33.700  0.00   1
   107983  40.523629 -124.434652    26.213   -17150.4    -2954.2     4785.8      1.2      1.0      1.4 2021 11  3  7 32 49.840  0.00   1
   107984  40.515694 -124.429500    26.917   -16714.9    -3835.3     5489.6      0.9      1.0      1.4 2021 12  3 10 42 13.240  0.00   1
   107988  40.529224 -124.420549    26.692   -15954.9    -2332.9     5264.8      0.9      0.8      1.2 2022  2 13 11 20 53.200  0.00   1
   107989  40.517696 -124.422892    27.152   -16154.8    -3613.0     5724.9      1.4      1.1      1.2 2022  4 26 22 35 44.360  0.00   1
   107990  40.528479 -124.422892    26.638   -16153.5    -2415.6     5210.3      0.7      0.7      0.9 2022  8 18  8 41 53.440  0.00   1
   107991  40.530912 -124.425675    26.218   -16389.0    -2145.4     4790.4      1.1      1.6      1.7 2022 11  8  8 40 30.120  0.00   1
   107992  40.526762 -123.990861    20.700    20447.6    -2606.2     -727.0      0.3      0.3      0.3 2020  3 19 15 51  1.740  0.00   1
   107998  40.517098 -123.977173    20.903    21608.8    -3679.4     -524.4      0.3      0.3      0.3 2022  1 22 10 34 20.100  0.00   1
   107999  40.518921 -123.979028    20.847    21451.3    -3476.9     -580.0      0.3      0.3      0.3 2022  2 15  1 12 31.400  0.00   1
   108057  40.469291 -124.443172    22.455   -17879.5    -8988.1     1027.6      1.1      0.8      0.8 2021 12  5 19 24 48.900  0.00   1
   108061  40.469885 -124.451326    21.208   -18570.5    -8922.1     -218.9      0.8      0.7      1.1 2022  9 23 15 56 33.080  0.00   1
   108062  40.466939 -124.432121    20.897   -16943.1    -9249.3     -530.2      1.0      1.0      0.9 2022  9 28 23  9 12.340  0.00   1
   108063  40.583154 -124.354460    27.296   -10351.9     3655.9     5869.2      1.0      0.8      0.7 2020  3 20  8 49 18.520  0.00   1
   108064  40.580973 -124.347534    28.084    -9765.5     3413.7     6656.8      0.8      0.8      1.1 2021 10 17  9 59  8.260  0.00   1
   108067  40.538481 -124.404671    28.076   -14608.8    -1304.9     6649.0      0.5      0.6      0.7 2021 11  3 11  8 47.100  0.00   1
   108068  40.537138 -124.404582    28.285   -14601.4    -1454.0     6858.0      0.6      0.4      0.6 2021 11  3  4 10 39.340  0.00   1
   108070  40.535661 -124.411564    28.124   -15193.0    -1618.1     6696.6      0.8      0.6      1.1 2021 12 20 21 58 50.200  0.00   1
   108071  40.535433 -124.411808    28.954   -15213.7    -1643.4     7526.3      0.7      0.5      0.7 2022  1  6 19 21 44.640  0.00   1
   108073  40.617318 -123.948869    22.354    23989.1     7449.6      926.9      1.1      0.8      0.7 2020  9 26  5 11 46.240  0.00   1
   108076  40.611161 -123.944523    22.117    24358.1     6765.9      689.9      1.0      1.2      1.1 2021 10 28  3 17 37.200  0.00   1
   108082  40.612187 -123.943815    21.504    24417.9     6879.8       77.1      0.9      0.8      1.1 2022  4 23 20  0 10.440  0.00   1
   108083  40.621619 -123.946248    21.720    24210.1     7927.2      292.4      0.8      0.7      1.2 2022  6 17 14 38  4.080  0.00   1
   108103  40.555823 -124.255208    23.061    -1947.3      620.8     1633.3      0.4      0.3      0.3 2020  3 24  7  2 14.780  0.00   1
   108105  40.550871 -124.245361    22.792    -1113.3       70.9     1365.2      0.4      0.4      0.4 2020 11 21  0 51 45.000  0.00   1
   108108  40.553198 -124.249577    22.059    -1470.3      329.4      631.5      0.6      0.5      0.8 2022 11 11 23  8  9.040  0.00   1
   108253  40.746773 -123.837508    21.284    33385.0    21825.0     -143.6      0.9      0.7      0.8 2020  3 28 12 19 52.180  0.00   1
   108254  40.749650 -123.835726    20.291    33535.1    22144.5    -1135.8      1.1      0.9      1.0 2020  9 14 17 47 56.900  0.00   1
   108256  40.480379 -124.459025    18.344   -19221.5    -7756.8    -3083.4      0.4      0.7      0.8 2020  3 29  2 10 37.820  0.00   1
   108258  40.476164 -124.459489    19.425   -19261.4    -8224.9    -2002.4      0.6      0.6      0.7 2021 10  3  5 55  4.840  0.00   1
   108259  40.477690 -124.458187    19.400   -19150.8    -8055.5    -2027.2      0.5      0.5      0.7 2021 11 19  6 49 32.480  0.00   1
   108344  40.526676 -124.400659    17.611   -14270.2    -2615.7    -3815.9      0.6      0.9      1.5 2022  6  5 23 40 24.620  0.00   1
   108357  40.572375 -124.097616    22.918    11399.6     2458.9     1490.4      1.3      1.1      1.5 2021  2 21 19 35 38.660  0.00   1
   108358  40.571602 -124.091602    22.743    11909.0     2373.1     1315.7      0.5      0.7      0.8 2021 10 31 11 18 33.720  0.00   1
   108359  40.569161 -124.101554    23.204    11066.3     2102.0     1777.2      0.5      0.2      0.2 2022  2  6  9 49 13.780  0.00   1
   108413  40.479732 -124.498975    23.792   -22607.3    -7828.7     2365.0      0.5      0.9      1.2 2020  4 13  9 58 32.960  0.00   1
   108414  40.458667 -124.510059    23.942   -23550.3   -10167.9     2514.4      0.9      1.0      0.6 2020  8 28 23 50 45.120  0.00   1
   108415  40.462415 -124.507869    23.723   -23364.1    -9751.7     2296.0      0.8      0.7      1.1 2020  9 24 22 17 36.960  0.00   1
   108416  40.464242 -124.499634    27.267   -22665.7    -9548.8     5839.3      2.0      3.8      3.5 2021  2  3  1 21 28.060  0.00   1
   108422  40.478666 -124.510962    23.742   -23623.4    -7947.0     2315.1      0.6      1.1      1.5 2021 11 29 21 27 26.620  0.00   1
   108424  40.466744 -124.503467    26.307   -22990.2    -9271.0     4879.7      1.2      2.9      2.1 2022  2 13  8 54 23.040  0.00   1
   108430  40.455660 -124.509456    23.827   -23499.8   -10501.8     2399.3      0.5      1.0      1.0 2022 11 14 21 27 40.840  0.00   1
   108464  40.604989 -124.092814    18.859    11803.4     6080.5    -2568.5      1.4      1.0      1.2 2022  1 22 11 10 16.600  0.00   1
   108465  40.608708 -124.099902    17.710    11202.9     6493.5    -3717.6      1.6      1.1      2.1 2022  1 29  6 14 29.780  0.00   1
   108466  40.589266 -124.298584    19.758    -5619.8     4334.5    -1668.8      1.8      1.4      2.9 2020  4 19 16 21  7.220  0.00   1
   108475  40.501058 -124.431877    25.530   -16918.1    -5460.5     4103.2      0.6      0.7      0.9 2020  8 21 16 41  2.020  0.00   1
   108479  40.500537 -124.429769    23.140   -16739.6    -5518.4     1713.1      0.7      0.8      1.0 2021  9 26  7 21 14.820  0.00   1
   108490  40.635876 -124.000146    24.604    19645.1     9510.4     3176.6      1.0      0.9      1.2 2020  4 19  6 45 57.780  0.00   1
   108491  40.515796 -124.345028    17.624    -9557.9    -3824.0    -3803.7      0.6      0.7      0.7 2020  4 21 11 21 54.140  0.00   1
   108492  40.508333 -124.335091    19.100    -8716.5    -4652.6    -2327.1      0.7      1.0      0.7 2020  6 19  5 30 29.960  0.00   1
   108493  40.510465 -124.337191    18.998    -8894.3    -4415.9    -2429.0      0.5      0.6      0.4 2021  3 12  1 30 38.560  0.00   1
   108494  40.509062 -124.333822    19.070    -8608.9    -4571.8    -2356.8      0.8      0.9      0.8 2021  6 14 22 35  4.460  0.00   1
   108495  40.510205 -124.331323    19.396    -8397.1    -4444.8    -2031.7      1.0      0.8      1.0 2021  6 14 21 36  2.260  0.00   1
   108496  40.510409 -124.331925    19.389    -8448.1    -4422.2    -2037.7      0.8      1.0      0.8 2021  6 14 21 44 45.960  0.00   1
   108497  40.509351 -124.334058    19.045    -8628.9    -4539.7    -2382.2      0.8      0.7      1.1 2021  6 15  9 44 20.640  0.00   1
   108498  40.510254 -124.333577    19.131    -8588.1    -4439.4    -2296.2      0.5      0.4      0.7 2021  6 15  8 53  6.160  0.00   1
   108499  40.510543 -124.334188    18.941    -8639.8    -4407.3    -2486.7      0.6      0.6      0.6 2021  6 15  9 30  2.180  0.00   1
   108500  40.510364 -124.333626    19.113    -8592.2    -4427.2    -2314.6      0.6      0.6      0.8 2021  6 15  9 15  5.520  0.00   1
   108501  40.508948 -124.335588    19.026    -8758.5    -4584.4    -2401.6      0.5      0.4      0.9 2021 12 11  4 20 38.740  0.00   1
   108566  40.642977 -124.067472    23.388    13945.2    10298.9     1960.4      0.7      0.5      0.2 2020  5  5 15 41 19.740  0.00   1
   108569  40.504936 -124.490055    23.874   -21847.3    -5029.9     2446.9      0.8      0.9      0.7 2020  5  6  2 15 26.660  0.00   1
   108570  40.504761 -124.491390    23.706   -21960.4    -5049.4     2278.5      0.5      0.7      1.1 2021  7 27  7 34 24.040  0.00   1
   108571  40.606913 -124.091626    17.784    11903.8     6294.2    -3643.5      0.6      0.3      0.5 2020  5  9 23 48 21.420  0.00   1
   108578  40.491199 -124.506242    15.593   -23221.2    -6555.4    -5834.5      0.9      1.2      1.5 2022  3 19 17 38 45.720  0.00   1
   108600  40.552917 -124.254175    24.752    -1859.8      298.2     3325.1      0.8      0.5      1.6 2020  8  8  3  7 36.200  0.00   1
   108601  40.548258 -124.260368    26.043    -2384.4     -219.1     4615.5      1.2      1.0      1.1 2021  7 18  8 37 44.140  0.00   1
   108604  40.549963 -124.252515    23.748    -1719.2      -29.8     2321.2      1.3      0.6      0.7 2022  6 14  4 29 40.760  0.00   1
   108605  40.551265 -124.244246    23.619    -1018.8      114.8     2191.7      0.5      0.3      0.4 2022  6 29  2 18 33.580  0.00   1
   108609  40.530750 -124.349089    18.272    -9900.9    -2163.4    -3155.6      0.4      0.3      0.8 2020  5 21  5 49 36.720  0.00   1
   108610  40.530904 -124.349235    18.283    -9913.3    -2146.3    -3144.7      0.4      0.3      0.8 2020  5 21  6  0 18.060  0.00   1
   108611  40.537939 -124.349699    17.524    -9952.0    -1365.0    -3902.9      0.3      0.4      0.3 2020  5 21  5 49 32.040  0.00   1
   108616  40.530514 -124.423047    17.841   -16166.4    -2189.6    -3586.3      3.7      2.9      5.6 2020  5 27 17 28 46.460  0.00   1
   108617  40.522567 -124.375114    19.200   -12106.4    -3072.1    -2227.3      5.3      5.7      9.3 2021 12 21  9 14 12.320  0.00   1
   108618  40.521847 -124.412557    19.004   -15278.7    -3152.1    -2423.4      1.1      1.6      1.7 2020  5 29  3 10 10.980  0.00   1
   108624  40.528825 -124.336125    20.113    -8802.7    -2377.2    -1314.2      1.1      0.8      1.5 2020  6  1 23 58 17.820  0.00   1
   108625  40.524308 -124.321501    20.274    -7564.1    -2878.7    -1153.0      1.6      1.9      2.2 2020  6 24  4 56 53.760  0.00   1
   108626  40.524443 -124.321672    20.344    -7578.5    -2863.8    -1083.6      1.6      1.8      2.3 2020  6 25 13  0 35.620  0.00   1
   108655  40.575618 -124.179655    18.571     4451.5     2819.1    -2856.4      0.5      0.6      1.3 2021 10 12  3 27 25.740  0.00   1
   108724  40.620178 -123.932503    21.647    25374.1     7767.2      219.9      1.2      1.1      2.8 2020  6 14 11 45 45.620  0.00   1
   108732  40.600981 -123.918034    22.451    26602.9     5635.4     1024.1      1.3      1.1      1.7 2022 10 13 19 35 55.660  0.00   1
   108757  40.542896 -124.054924    19.842    15018.5     -814.7    -1585.4      1.2      0.9      0.9 2020  6 14 14 58 40.620  0.00   1
   108758  40.541410 -124.056958    19.829    14846.3     -979.6    -1598.0      1.7      0.7      1.0 2021  3  4 22 22 58.560  0.00   1
   108759  40.532479 -124.036393    20.547    16589.5    -1971.4     -880.7      6.8      6.4      6.3 2022  2 22 19 27 13.320  0.00   1
   108760  40.542065 -124.050651    19.916    15380.5     -906.9    -1511.7      0.9      0.6      0.8 2022  3 14  4  0 41.420  0.00   1
   108761  40.542289 -124.052938    19.849    15186.8     -882.0    -1577.9      0.8      0.8      1.0 2022  4  7 13 29 19.080  0.00   1
   108768  40.610486 -124.084212    18.607    12531.2     6690.9    -2820.4      1.7      0.6      1.5 2020 12 14 11 30 35.940  0.00   1
   108775  40.489128 -123.867839    20.763    30878.6    -6785.4     -664.5      0.8      1.1      1.1 2021  3 12  6 12 15.860  0.00   1
   108778  40.520654 -123.913688    20.914    26986.9    -3284.5     -513.3      0.9      1.0      0.7 2021 10  5  6 18 43.140  0.00   1
   108780  40.521159 -123.912769    20.714    27064.7    -3228.4     -712.8      1.0      0.9      0.9 2021 10  6 16 45 29.740  0.00   1
   108782  40.521366 -123.912882    20.704    27055.0    -3205.4     -723.7      1.5      1.1      1.4 2021 10  6 17 13 28.040  0.00   1
   108784  40.527291 -123.914486    20.900    26918.0    -2547.5     -527.5      0.5      1.1      0.7 2021 10  6 18 40 27.620  0.00   1
   108785  40.520410 -123.913306    20.791    27019.3    -3311.6     -636.4      1.0      1.1      0.8 2021 10  6 19 49 19.280  0.00   1
   108789  40.522599 -123.912541    21.259    27083.7    -3068.5     -168.0      0.7      0.8      0.8 2021 10  6 11 42 23.740  0.00   1
   108794  40.521012 -123.912524    20.722    27085.4    -3244.7     -705.3      1.0      1.0      0.9 2021 10  9 19 44 44.220  0.00   1
   108797  40.516817 -123.907576    21.515    27505.5    -3710.5       87.5      0.6      0.6      0.6 2021 10 10 14 55 46.020  0.00   1
   108839  40.502588 -124.435563    23.472   -17230.3    -5290.7     2044.6      0.8      0.8      1.0 2021  4  7 10 38 50.740  0.00   1
   108840  40.495251 -124.437036    23.668   -17356.1    -6105.3     2240.5      0.6      1.0      0.8 2021 11  7  2 42 54.760  0.00   1
   108860  40.633541 -123.929753    21.710    25604.4     9251.1      283.2      0.8      0.3      0.7 2020  7  8 15  4 51.000  0.00   1
   108864  40.609875 -123.888159    22.940    29130.5     6623.1     1512.9      0.9      0.7      1.6 2020  7 12  6 10  9.180  0.00   1
   108865  40.613790 -123.889730    23.516    28996.7     7057.8     2088.6      1.2      0.7      0.9 2021  7 25  9 12 32.240  0.00   1
   108866  40.612789 -123.889893    22.849    28983.1     6946.7     1422.2      0.9      0.9      1.6 2022  9 20 20 35 29.800  0.00   1
   108897  40.601648 -124.121224    17.160     9398.2     5709.5    -4267.0      1.0      0.4      0.6 2020  7 21  9 58 36.880  0.00   1
   108901  40.603052 -124.099365    18.380    11248.9     5865.4    -3046.9      1.2      0.3      0.7 2020  7 28 10 54 20.520  0.00   1
   108918  40.646501 -124.023771    18.380    17643.8    10690.2    -3047.6      1.3      0.5      1.2 2020  8 14  7 59 14.720  0.00   1
   108919  40.644596 -124.017082    18.975    18210.3    10478.7    -2451.8      1.3      0.9      1.0 2020  8 14  7 29 17.360  0.00   1
   108921  40.645264 -124.023096    18.198    17701.2    10552.8    -3229.6      1.0      0.6      1.7 2021 11 16 18 50  1.700  0.00   1
   108922  40.593905 -124.118587    19.496     9622.0     4849.7    -1930.8      0.6      0.5      0.6 2020  8 17 22 44  9.820  0.00   1
   108923  40.593119 -124.118408    19.640     9637.2     4762.4    -1786.8      0.6      0.4      0.5 2020  8 17 22 37  2.940  0.00   1
   108925  40.604529 -124.104378    20.583    10824.3     6029.4     -844.5      0.4      0.4      0.6 2021  6 29  5 32 28.020  0.00   1
   108926  40.597762 -124.120109    20.601     9492.8     5278.0     -826.4      0.4      0.3      0.7 2021  9  2  7  3 32.740  0.00   1
   108956  40.537000 -124.241903    19.316     -820.4    -1469.4    -2111.3      0.7      0.9      1.4 2020  8 19  9 20 36.680  0.00   1
   108957  40.529887 -124.249927    18.890    -1500.2    -2259.2    -2537.0      0.9      1.0      1.3 2021  7 30  7  1 16.480  0.00   1
   108959  40.533634 -124.245638    18.990    -1136.8    -1843.1    -2437.0      0.8      1.0      1.0 2022  9 20 20 46 19.020  0.00   1
   108974  40.609802 -124.212508    24.434     1668.8     6615.0     3006.5      1.6      1.0      2.0 2021  6  2  8  1  4.060  0.00   1
   108976  40.604655 -124.246086    23.371    -1174.1     6043.4     1944.0      2.6      2.0      3.2 2021  8  2  1 42 32.520  0.00   1
   108977  40.621737 -124.214616    25.586     1490.2     7940.3     4158.9      4.4      1.2      3.5 2021  9 27 13 54 30.160  0.00   1
   108978  40.608781 -124.223250    25.283      759.3     6501.6     3856.1      1.8      1.0      2.0 2021 11 19  5 14  6.980  0.00   1
   108988  40.602799 -124.059465    22.890    14627.3     5837.4     1462.5      0.5      0.5      0.6 2021  9 19  2 30 15.040  0.00   1
   108995  40.562638 -123.934782    22.181    25191.9     1377.7      753.8      0.8      0.5      1.1 2020  9  7  3  4 36.280  0.00   1
   108998  40.562606 -123.930591    21.606    25546.9     1374.1      178.3      1.5      1.6      1.1 2020 11 23  2 17 29.880  0.00   1
   108999  40.563326 -123.946777    21.486    24175.8     1454.0       58.6      1.1      0.2      1.1 2020 11 23  2 27  1.080  0.00   1
   109001  40.563993 -123.934676    21.909    25200.6     1528.1      481.9      0.9      0.5      0.8 2021  4 25  2 44 15.560  0.00   1
   109003  40.550972 -123.915430    22.839    26833.3       82.2     1412.2      4.0      4.0      6.1 2021  9 25  7 21 32.760  0.00   1
   109005  40.564347 -123.934790    22.026    25190.9     1567.4      598.3      1.0      0.9      1.9 2022  1 19 16 50 43.900  0.00   1
   109006  40.565877 -123.933268    22.037    25319.5     1737.3      609.4      0.8      1.0      1.4 2022  1 23  4 17 44.580  0.00   1
   109007  40.560689 -123.930575    22.167    25548.6     1161.2      739.8      1.0      0.3      1.1 2022  1 23 13 55 42.740  0.00   1
   109008  40.561857 -123.934798    23.180    25190.7     1290.9     1753.2      0.4      0.4      1.1 2022  5 17 14 52 29.660  0.00   1
   109027  40.521794 -123.898112    19.983    28306.3    -3157.9    -1444.2      0.9      0.9      0.7 2020  9 12  9 10  3.360  0.00   1
   109029  40.532279 -123.901717    23.368    27998.7    -1993.5     1941.1      2.0      3.5      2.2 2021 10 21 16 23 18.500  0.00   1
   109031  40.526082 -123.904370    20.218    27775.2    -2681.7    -1209.5      0.3      0.5      0.8 2022  9 21 22  2  0.300  0.00   1
   109034  40.606095 -123.919108    25.016    26510.9     6203.4     3588.8      1.1      0.9      1.0 2021 10 16  0 56 17.260  0.00   1
   109035  40.605782 -123.916854    24.958    26701.8     6168.6     3530.4      0.5      0.5      0.9 2022  4  7  7 43 59.660  0.00   1
   109037  40.598897 -124.116821    18.470     9771.1     5404.1    -2957.4      0.4      0.5      0.6 2021  8 28 10 22 15.280  0.00   1
   109040  40.535225 -124.045662    19.980    15803.9    -1666.4    -1447.6      0.9      0.5      0.4 2021  5  4 20 49 28.940  0.00   1
   109042  40.536967 -124.051139    19.745    15339.7    -1473.0    -1682.7      0.6      0.4      0.4 2021 12 10 18 19  3.380  0.00   1
   109047  40.661426 -123.886776    28.684    29236.5    12347.6     7257.1      1.2      0.8      0.8 2022  7  7 10 16 42.560  0.00   1
   109051  40.588761 -124.075244    22.209    13292.6     4278.5      782.1      0.4      0.4      0.5 2022 10 22  1 32  8.620  0.00   1
   109052  40.612512 -124.075822    17.807    13241.4     6915.9    -3619.8      2.3      1.2      1.6 2020  9 18  1 49 50.060  0.00   1
   109054  40.622571 -124.063550    17.853    14279.3     8032.9    -3574.3      1.8      0.7      1.2 2021  8  3  7 25 29.060  0.00   1
   109057  40.619930 -124.078328    17.364    13028.4     7739.7    -4063.0      1.8      0.8      1.4 2021 11  1 20 23 11.500  0.00   1
   109058  40.618758 -124.077441    17.938    13103.7     7609.5    -3489.4      2.0      0.9      1.6 2022  7  2 18 54 53.920  0.00   1
   109059  40.618852 -124.078475    17.875    13016.1     7619.9    -3551.9      1.7      0.9      1.5 2022  7  5 10 26 16.440  0.00   1
   109060  40.609505 -124.078979    18.443    12974.3     6582.0    -2983.8      3.0      0.9      3.1 2022  9 22  5 20 24.860  0.00   1
   109079  40.590906 -124.326318    21.226    -7968.3     4516.6     -201.4      1.0      0.8      1.4 2020  9 24  1 37  2.540  0.00   1
   109081  40.592944 -124.324862    21.356    -7844.8     4743.0      -71.5      1.2      0.7      1.4 2021  8  3  7 28  1.280  0.00   1
   109082  40.592521 -124.323568    21.497    -7735.3     4696.0       69.7      1.3      1.0      1.6 2021  8  3  7 28 11.760  0.00   1
   109083  40.592204 -124.325635    21.511    -7910.3     4660.8       84.2      0.8      0.7      1.3 2022  3 18 23 22 52.560  0.00   1
   109086  40.615666 -124.093677    19.785    11729.4     7266.1    -1641.3      0.3      0.6      0.7 2020  9 29 20 57 21.240  0.00   1
   109088  40.592179 -124.103003    22.962    10941.7     4658.1     1534.7      1.1      0.6      1.2 2021  8  2  6  3 50.240  0.00   1
   109099  40.524178 -124.385824    16.418   -13013.6    -2893.2    -5009.7      2.5      1.5      3.5 2022 11  3 21 25 34.920  0.00   1
   109112  40.572502 -123.940413    20.479    24713.1     2472.9     -948.6      0.3      0.6      0.3 2020 11 28  4 46 13.820  0.00   1
   109120  40.563228 -123.925326    21.666    25992.7     1443.2      239.2      3.3      2.9      5.4 2021 10  7 15 37 20.960  0.00   1
   109123  40.561296 -123.930550    21.343    25550.6     1228.6      -84.6      3.3      2.5      5.0 2021 10  7 10 58 29.020  0.00   1
   109127  40.563582 -123.925627    21.680    25967.2     1482.5      252.5      3.3      2.9      5.4 2021 10  9 15  2 48.760  0.00   1
   109129  40.525175 -124.434212    19.885   -17113.0    -2782.5    -1542.5      3.1      5.4      7.4 2020 10 11 16 54  4.900  0.00   1
   109133  40.638477 -124.029500    18.447    17159.9     9799.2    -2980.6      0.5      0.4      0.8 2020 10 20  3 57  2.000  0.00   1
   109186  40.669047 -123.914030    23.227    26928.3    13193.9     1799.7      1.2      1.0      1.1 2020 11 10  7 29 44.140  0.00   1
   109189  40.673364 -123.887744    21.890    29151.9    13673.3      462.5      0.9      0.7      1.1 2021  5 13  9 32 24.180  0.00   1
   109190  40.663778 -123.885856    22.782    29313.8    12608.7     1354.8      0.9      0.5      0.6 2022  6 25  8 45  6.260  0.00   1
   109416  40.598022 -123.970492    22.198    22161.6     5306.9      770.9      1.2      1.2      0.9 2020 11 28  4 41 25.020  0.00   1
   109417  40.597864 -123.970630    22.132    22149.9     5289.3      704.5      1.1      1.0      0.8 2020 11 28  4 28 30.560  0.00   1
   109418  40.598918 -123.973022    22.485    21947.2     5406.3     1057.8      0.7      0.4      0.4 2021  3 28 11 21 31.120  0.00   1
   109420  40.600708 -123.917318    21.936    26663.5     5605.1      508.4      0.9      0.5      0.5 2020 12  7 19  3 16.040  0.00   1
   109421  40.604415 -123.915096    21.997    26850.9     6016.8      569.7      0.7      0.5      0.5 2020 12  7 19  5 36.340  0.00   1
   109427  40.594385 -123.904850    25.624    27720.5     4903.0     4196.6      0.7      0.6      0.8 2020 11 29  9 45 15.600  0.00   1
   109428  40.594189 -123.898649    25.951    28245.6     4881.3     4523.4      0.3      0.5      1.3 2021  1 19 12 58 57.580  0.00   1
   109430  40.591052 -123.913208    26.026    27013.5     4532.9     4598.9      1.4      0.5      0.9 2022  3 18  0  7 21.100  0.00   1
   109436  40.605697 -124.098706    15.498    11304.5     6159.1    -5929.4      0.3      0.1      0.2 2020 12  1 11 36 42.680  0.00   1
   109448  40.553324 -124.014347    21.812    18454.2      343.4      384.5      0.6      0.3      0.5 2022  1 19 22 27 40.720  0.00   1
   109451  40.565019 -124.011890    22.542    18660.8     1642.0     1114.3      0.9      0.3      0.9 2022  6  9  2 12 47.440  0.00   1
   109453  40.566549 -124.022705    22.625    17744.6     1811.9     1197.7      0.6      0.3      0.6 2022 11 22  5  9 14.600  0.00   1
   109457  40.590735 -124.184334    21.189     4054.8     4497.7     -238.0      0.8      0.8      1.3 2022 11 20 16 58  8.260  0.00   1
   109458  40.552116 -123.889193    22.158    29055.4      209.2      730.3      0.6      0.5      0.3 2020 12 19 19 50 56.380  0.00   1
   109461  40.601310 -124.105176    16.512    10757.0     5672.0    -4915.3      1.5      1.1      0.9 2021  1  4  6 14 34.600  0.00   1
   109483  40.497506 -124.464119    23.043   -19650.7    -5855.0     1615.6      0.5      0.7      0.7 2021  1 13 19 34 16.280  0.00   1
   109484  40.518994 -124.467163    23.892   -19905.5    -3468.8     2464.4      0.6      0.5      0.4 2021  2 12 14 58  6.120  0.00   1
   109485  40.511727 -124.451799    25.062   -18604.7    -4275.8     3634.9      0.6      0.8      1.9 2022  6  3  7 37 13.740  0.00   1
   109491  40.555155 -124.058105    22.964    14747.6      546.7     1536.5      0.8      0.6      0.8 2022 11 12 22 18 21.100  0.00   1
   109493  40.576375 -124.210889    19.564     1806.4     2903.1    -1863.5      0.6      0.3      0.5 2021 12 30 20 43 22.380  0.00   1
   109498  40.573979 -124.147599    21.848     7166.4     2637.0      420.3      2.3      1.0      1.3 2022  3 29  0 35 16.680  0.00   1
   109534  40.643042 -123.999211    18.480    19723.2    10306.1    -2947.6      0.8      0.5      0.7 2021  3  6  9 15 31.140  0.00   1
   109535  40.652283 -124.010539    18.588    18763.1    11332.3    -2838.8      1.1      0.6      0.9 2021  3  6  9 16 35.960  0.00   1
   109542  40.537427 -123.905127    22.817    27708.8    -1422.0     1389.3      0.8      0.8      0.7 2021  3 19 20 18 50.400  0.00   1
   109543  40.542733 -123.906909    22.903    27556.7     -832.8     1475.7      1.6      1.6      2.1 2021  7 28 11 59  6.040  0.00   1
   109544  40.542843 -123.911914    22.684    27132.7     -820.6     1256.4      1.2      1.1      1.0 2021 11  2 15 33 30.400  0.00   1
   109546  40.541235 -123.912687    22.742    27067.6     -999.0     1314.6      0.7      0.9      1.2 2022  2  8 20 52 37.700  0.00   1
   109547  40.535604 -123.908838    23.441    27394.8    -1624.4     2013.4      1.2      1.4      0.7 2022  5 16 12 51  7.720  0.00   1
   109550  40.569096 -123.971908    23.471    22046.4     2094.8     2044.2      0.5      0.5      0.3 2021 10 14 12 55 59.780  0.00   1
   109551  40.553605 -123.976042    23.776    21698.8      374.6     2348.9      0.3      0.3      0.2 2021 10 18 11 26 36.900  0.00   1
   109560  40.577905 -124.422013    23.045   -16073.2     3073.0     1618.1      0.8      1.0      1.1 2021  4 22 19 58  9.520  0.00   1
   109562  40.572709 -124.415861    23.645   -15552.8     2496.0     2218.1      0.8      0.8      0.6 2021 10  1 17 28 56.900  0.00   1
   109563  40.572961 -124.414201    23.262   -15412.1     2524.0     1834.9      1.0      1.0      1.2 2022  6  6  8 33 56.500  0.00   1
   109585  40.702364 -123.972339    21.466    21988.2    16893.6       38.5      0.4      0.2      0.3 2021 12  9  6 38 26.640  0.00   1
   109586  40.610050 -123.803939    27.406    36261.1     6642.6     5978.7      1.2      1.0      0.5 2021  4 25 12  4 20.500  0.00   1
   109587  40.513253 -124.437337    17.748   -17379.3    -4106.4    -3678.8      1.6      1.8      4.1 2021  4 26 14 34  7.560  0.00   1
   109588  40.530855 -124.392399    19.778   -13570.0    -2151.7    -1649.3      3.5      3.4      7.6 2021  4 30  5 48 15.420  0.00   1
   109590  40.600004 -124.006193    22.822    19138.3     5527.0     1394.6      0.9      0.6      0.4 2021  5  1  6 40  3.120  0.00   1
   109592  40.568001 -124.017212    22.115    18209.6     1973.2      687.5      0.9      0.7      0.9 2022  3 10 22 12 16.660  0.00   1
   109593  40.587431 -124.203345    23.347     2445.1     4130.8     1919.8      0.3      0.3      0.4 2021  5 25 13 41 14.420  0.00   1
   109638  40.582446 -123.954028    24.626    23558.3     3577.3     3198.6      1.0      0.9      1.0 2021  6  5 11 28 29.860  0.00   1
   109639  40.573617 -123.959090    24.129    23131.2     2596.8     2701.7      0.9      0.6      0.8 2022  2 26  5 28  3.880  0.00   1
   109640  40.540023 -123.963639    22.222    22751.6    -1133.7      794.4      1.2      1.5      2.3 2021  6 14 23  5 14.620  0.00   1
   109641  40.545227 -123.967269    21.494    22443.3     -555.8       67.2      1.3      0.9      1.6 2021  6 15  4  8 20.200  0.00   1
   109643  40.534880 -123.966024    21.789    22550.5    -1704.8      362.2      4.4      3.4      4.1 2021  6 15  2 15 10.680  0.00   1
   109645  40.552441 -123.973804    20.589    21888.5      245.4     -838.6      1.1      1.1      1.2 2021  9 21 16 59  7.260  0.00   1
   109646  40.554207 -123.970467    20.584    22170.9      441.5     -842.9      1.6      1.5      2.1 2022  8 19 22 15 53.220  0.00   1
   109647  40.552112 -123.972843    20.970    21969.9      208.8     -457.2      1.3      1.4      1.7 2022  9 26 14 46 33.600  0.00   1
   109649  40.485079 -124.509326    17.159   -23483.6    -7234.9    -4268.2      1.0      1.0      1.8 2022  9 18  8 29  6.480  0.00   1
   109653  40.599654 -124.325423    21.085    -7892.0     5488.1     -342.6      0.7      0.6      1.8 2021  6 26 23 51 53.520  0.00   1
   109656  40.606425 -124.315780    20.347    -7075.1     6240.0    -1079.8      1.0      0.3      1.1 2021  7  7 21  8 20.520  0.00   1
   109661  40.598519 -124.329663    20.789    -8251.1     5362.0     -638.7      0.4      0.5      1.2 2022 11 27 17  4 31.920  0.00   1
   109701  40.533577 -124.351506    18.133   -10105.4    -1849.4    -3294.6      0.4      0.2      0.4 2021  7  9 20  8 44.560  0.00   1
   109707  40.705924 -123.935400    23.060    25112.8    17288.9     1632.7      0.7      0.7      0.5 2021  7 21  1 57 33.440  0.00   1
   109708  40.707784 -123.940845    22.320    24651.8    17495.4      892.9      1.4      0.5      0.4 2022  8 13 12 33 41.180  0.00   1
   109709  40.707377 -123.938306    22.278    24866.7    17450.2      850.9      1.6      0.6      0.5 2022  8 13 13  7 15.920  0.00   1
   109710  40.478328 -124.401701    20.045   -14363.6    -7984.5    -1382.2      0.8      0.6      1.2 2021  7 21  6 27  7.140  0.00   1
   109714  40.514901 -124.434383    17.658   -17128.8    -3923.4    -3769.7      0.3      0.4      0.6 2021  7 22  8 29 59.260  0.00   1
   109718  40.505534 -124.448600    18.180   -18334.6    -4963.5    -3247.3      0.6      0.6      0.8 2022  4  3 19 26 32.500  0.00   1
   109728  40.639596 -123.913867    21.355    26947.9     9923.4      -72.4      0.7      0.4      0.4 2021 10 28 17 29 28.460  0.00   1
   109729  40.640194 -123.915405    21.322    26817.6     9989.8     -105.1      1.2      0.5      0.6 2021 10 28 20 25 38.640  0.00   1
   109732  40.501119 -124.463794    18.323   -19622.6    -5453.8    -3104.7      0.4      0.5      0.7 2021  8  5  5 11 35.000  0.00   1
   109733  40.498922 -124.456982    22.538   -19045.8    -5697.8     1110.5      2.2      3.1      2.6 2021 12 18  9  2 20.600  0.00   1
   109734  40.497380 -124.459855    21.381   -19289.4    -5869.0      -46.3      2.6      3.4      2.9 2021 12 21 16 46 40.580  0.00   1
   109741  40.542957 -124.369775    23.728   -11652.3     -807.9     2301.2      0.8      0.5      0.6 2022  8 24 18 28  5.620  0.00   1
   109742  40.635864 -124.042285    19.638    16078.0     9509.1    -1789.1      0.3      0.2      0.2 2021  8 23  5 51 36.160  0.00   1
   109744  40.543070 -123.780843    21.831    38235.6     -795.2      404.2      0.8      1.5      0.6 2021  8 29 12 47 11.520  0.00   1
   109758  40.549312 -124.225277    17.799      588.0     -102.1    -3628.7      0.8      0.5      0.6 2021  9 12 22 48 15.460  0.00   1
   109773  40.510042 -124.413574    19.330   -15366.2    -4462.9    -2097.4      2.0      3.7      4.9 2021 12 23 10 30 50.600  0.00   1
   109775  40.575582 -124.217424    19.663     1253.0     2815.0    -1763.9      2.4      1.4      2.5 2021  9 23 19 33 34.900  0.00   1
   109779  40.526131 -124.346037    18.710    -9642.7    -2676.3    -2717.1      6.2      2.3      5.1 2021  9 30  4 43 34.000  0.00   1
   109788  40.515442 -123.885856    21.926    29346.0    -3863.3      499.2      1.4      1.5      1.0 2021 10  7  4 45 50.940  0.00   1
   109789  40.508044 -123.875553    21.904    30220.6    -4684.7      476.3      0.9      1.0      1.6 2021 10  7  5 44  8.100  0.00   1
   109791  40.509058 -123.876424    21.447    30146.6    -4572.2       19.8      1.3      1.6      2.1 2021 10  9 15 14 13.920  0.00   1
   109792  40.510950 -123.878174    21.637    29997.9    -4362.1      209.7      0.8      1.6      0.9 2021 10  9 14 51  7.940  0.00   1
   109793  40.515922 -123.881584    21.643    29707.9    -3810.0      215.7      1.5      1.0      1.1 2021 10  9 19 19 22.180  0.00   1
   109794  40.511487 -123.876278    21.502    30158.5    -4302.5       75.1      0.8      0.8      0.9 2021 10 16 14 55 23.500  0.00   1
   109795  40.515763 -123.881364    21.610    29726.6    -3827.6      182.9      0.9      0.7      0.9 2021 11  4 10 59  4.180  0.00   1
   109796  40.515234 -123.879484    21.544    29886.0    -3886.3      116.4      0.9      0.7      0.8 2021 11  7  7 51 35.860  0.00   1
   109801  40.546708 -123.847624    23.694    32577.8     -391.3     2267.0      0.4      0.5      0.3 2022  1 31 19 52 42.840  0.00   1
   109836  40.613835 -124.123730    19.047     9185.1     7062.8    -2380.1      1.7      0.6      1.2 2021 10 22 21  9 45.260  0.00   1
   109837  40.608671 -124.076579    20.783    13177.7     6489.4     -644.6      0.7      0.8      0.8 2021 10 31 13 10  3.600  0.00   1
   109838  40.550374 -123.954248    22.841    23545.3       15.8     1413.5      0.5      0.4      0.4 2021 11  3 19 22 52.340  0.00   1
   109846  40.602116 -124.063696    17.368    14269.1     5761.5    -4059.2      5.3      2.6      5.1 2021 11 25 17 56 31.760  0.00   1
   109849  40.605607 -124.306600    20.787    -6297.9     6149.2     -640.6      0.6      0.3      0.8 2021 11 29  9 17 10.340  0.00   1
   109852  40.523730 -124.432902    19.609   -17002.2    -2942.9    -1817.8      0.4      0.4      0.7 2022  1 18 10 25 37.780  0.00   1
   110087  40.591187 -124.202816    20.617     2489.8     4547.8     -810.6      2.0      1.4      1.6 2021 12 11 10 51 42.420  0.00   1
   110088  40.539571 -124.323991    18.267    -7774.2    -1183.8    -3159.9      3.1      1.1      2.6 2021 12 20 23 40 19.580  0.00   1
   110091  40.539840 -124.323340    18.106    -7719.0    -1154.0    -3321.3      1.7      0.7      1.3 2022  8 22 11 46 57.980  0.00   1
   110092  40.543022 -124.303044    18.413    -5999.5     -800.7    -3014.5      0.9      0.4      0.7 2022  8 22 11 19 44.520  0.00   1
   110093  40.541378 -124.315820    18.277    -7081.9     -983.2    -3150.3      3.8      1.7      3.5 2021 12 20 21 17 43.440  0.00   1
   110095  40.547428 -124.298185    18.763    -5587.8     -311.3    -2663.8      1.3      0.7      1.5 2022  7 14  2 59 53.060  0.00   1
   110120  40.519462 -124.416675    20.776   -15627.9    -3416.9     -651.6      0.7      0.9      1.3 2021 12 20 20 29 25.860  0.00   1
   110127  40.577441 -124.209204    17.317     1949.0     3021.5    -4110.5      1.5      0.4      1.5 2021 12 20 20 15 20.340  0.00   1
   110129  40.516060 -124.445988    17.810   -18111.8    -3794.6    -3617.0      0.8      0.9      1.1 2021 12 20 22 57 59.980  0.00   1
   110153  40.500639 -124.326709    20.473    -8006.7    -5507.1     -954.6      3.1      3.7      3.3 2021 12 21  3 28 34.100  0.00   1
   110154  40.502368 -124.334025    18.466    -8626.5    -5315.1    -2961.5      0.5      0.7      1.1 2021 12 23  6 55 41.480  0.00   1
   110156  40.510071 -124.317464    19.563    -7222.9    -4459.7    -1864.1      1.1      0.8      1.5 2021 12 23  4 51 44.220  0.00   1
   110160  40.523372 -124.414681    18.277   -15458.5    -2982.6    -3150.5      0.5      0.5      1.0 2021 12 21 19 30 31.800  0.00   1
   110168  40.578748 -124.211702    19.039     1737.4     3166.5    -2387.9      5.3      1.1      2.8 2021 12 21  2 44 44.640  0.00   1
   110181  40.496053 -124.456152    17.079   -18975.8    -6016.3    -4348.5      3.0      3.2      5.0 2021 12 25 16 54 33.700  0.00   1
   110183  40.595740 -124.109351    17.873    10404.0     5053.4    -3554.2      1.5      0.9      0.9 2021 12 26 16  2 15.940  0.00   1
   110184  40.587476 -123.991162    20.780    20412.9     4135.7     -646.8      1.1      0.6      1.6 2021 12 27  8 53  5.400  0.00   1
   110185  40.574890 -123.988631    20.874    20629.2     2738.2     -552.9      0.6      0.6      0.8 2022  5 28  7 57  1.360  0.00   1
   110186  40.575061 -124.207080    18.962     2128.9     2757.2    -2465.0      1.7      0.7      1.4 2021 12 28  6 35 41.580  0.00   1
   110187  40.574886 -124.199821    18.782     2743.7     2737.7    -2645.0      3.2      0.9      1.6 2021 12 31 13 31 14.620  0.00   1
   110188  40.574915 -124.200033    18.793     2725.8     2740.9    -2634.2      3.1      0.9      1.7 2022  1  1 22 14 38.120  0.00   1
   110189  40.574878 -124.199723    18.776     2752.0     2736.8    -2651.1      3.2      1.0      1.6 2022  1  2 11 16 33.460  0.00   1
   110191  40.574658 -124.197835    18.400     2911.9     2712.4    -3027.4      3.7      1.3      2.3 2022  9  1 20 43  2.920  0.00   1
   110199  40.511589 -124.407959    21.791   -14890.3    -4291.2      364.0      3.3      3.6      2.9 2021 12 31 17  2 13.380  0.00   1
   110209  40.596973 -124.100146    24.690    11183.2     5190.3     3262.5      1.1      0.7      1.2 2022  4  2 19 46 56.000  0.00   1
   110211  40.515780 -124.443115    18.104   -17868.5    -3825.8    -3323.6      0.7      0.9      1.2 2022  4  3 10 39 47.080  0.00   1
   110231  40.516345 -124.437736    18.929   -17412.6    -3763.0    -2498.3      0.5      0.6      0.9 2022  5 14 20  9 30.640  0.00   1
   110234  40.534212 -124.243213    20.099     -931.4    -1778.9    -1328.0      0.6      0.8      0.8 2022  5 25  9 25 42.220  0.00   1
   110250  40.520492 -124.407194    21.480   -14824.5    -3302.5       52.8      0.7      0.6      1.2 2022  7  2 10 23 23.100  0.00   1
   110253  40.594971 -124.113525    18.612    10050.5     4968.0    -2815.7      0.9      0.6      0.7 2022  7 20  6 28 50.580  0.00   1
   110254  40.595268 -124.113306    18.416    10069.1     5001.0    -3011.6      0.8      0.5      0.8 2022  8  9  7 59 33.060  0.00   1
   110255  40.598315 -124.116927    17.633     9762.2     5339.5    -3794.5      0.7      0.8      1.1 2022  8  9  8  9 40.340  0.00   1
   110266  40.537858 -124.331982    18.624    -8451.2    -1374.1    -2803.2      0.8      0.6      1.3 2022  8 30  6 25 35.480  0.00   1
   110273  40.650045 -124.013721    19.830    18494.1    11083.8    -1597.3      1.4      1.0      1.5 2022 10 28 12 43 42.000  0.00   1
   110274  40.519006 -124.437109    19.322   -17359.2    -3467.5    -2105.3      0.4      0.6      1.3 2022 10 29 20 38 50.780  0.00   1
   110275  40.515951 -124.435295    20.113   -17205.8    -3806.8    -1313.8      0.8      0.5      0.9 2022 10 30  3 34  2.660  0.00   1
   110276  40.518612 -124.437777    19.470   -17415.8    -3511.3    -1957.7      0.8      0.6      0.7 2022 11 12 10 31 42.840  0.00   1
   110279  40.517057 -124.434155    19.520   -17109.2    -3683.9    -1906.9      0.9      1.0      1.5 2022 11  2 16 39 30.260  0.00   1
   110282  40.525317 -124.415739    19.691   -15547.9    -2766.6    -1736.0      1.0      0.9      1.6 2022 11 15 17 48 18.560  0.00   1
   110296  40.581995 -123.985433    20.582    20898.9     3527.1     -844.9      0.6      0.3      0.5 2022 12 22  3  8  5.860  0.87   1
   110298  40.535087 -124.273332    11.683    -3482.9    -1681.8    -9743.9      0.8      0.6      1.0 2023  1 17 13 54 45.520  1.24   1
   110302  40.566801 -124.129720    21.943     8681.0     1839.9      515.3      0.6      0.6      0.8 2022 12 24  0 35 18.890  0.89   1
   110303  40.487846 -124.498617    24.562   -22575.6    -6927.7     3134.8      0.7      0.7      1.4 2022 12 20 12 25 25.380  2.43   1
   110305  40.435099 -124.602026    23.372   -31351.1   -12784.9     1944.9      0.3      0.4      0.6 2023  4  2 11 44 21.610  2.51   1
   110307  40.528841 -124.416512    23.076   -15613.0    -2375.3     1648.3      0.4      0.4      0.6 2023  3  9  9 11 18.070  1.00   1
   110308  40.577421 -123.877344    22.385    30053.4     3019.2      957.4      0.6      0.6      0.5 2022 12 21 19 21 21.160  1.21   1
   110311  40.539689 -124.494621    23.965   -22228.4    -1170.7     2538.1      0.8      0.7      0.8 2023  2  6  9 53 42.140  2.82   1
   110326  40.577397 -124.244116    20.044    -1007.6     3016.5    -1383.1      1.7      0.8      2.4 2023  4 26 22 23  7.880  0.79   1
   110327  40.620955 -123.948885    21.469    23987.0     7853.5       41.7      0.2      0.3      0.5 2022 12 21  8 59 40.650  1.14   1
   110330  40.585478 -123.915942    25.766    26783.0     3913.9     4338.7      0.7      0.3      0.6 2023  5 27  2 45 49.750  0.87   1
   110334  40.620406 -124.313745    20.663    -6902.1     7792.5     -763.8      0.6      0.4      1.2 2023  2 22  6 20 25.080  1.45   1
   110341  40.562573 -124.132275    22.477     8464.9     1370.4     1049.4      0.5      0.2      0.4 2023  1  5 14 47  6.170  2.14   1
   110346  40.538607 -123.891626    23.101    28852.2    -1290.9     1673.9      1.3      1.0      0.7 2023  5 28  1 45 53.620  1.36   1
   110354  40.509843 -124.421704    24.226   -16055.1    -4485.0     2799.3      0.8      0.9      2.0 2023  4 14  1 57  6.610  1.17   1
   110355  40.518469 -124.492204    15.836   -22027.1    -3527.1    -5591.3      0.4      0.5      0.9 2023  2 16 22 15  2.800  1.44   1
   110365  40.528072 -124.233927    17.747     -144.8    -2460.7    -3680.7      0.7      0.4      0.6 2022 12 20 12 37 22.690  1.44   1
   110367  40.551493 -123.974487    21.368    21830.8      140.1      -58.9      0.8      0.7      0.6 2022 12 25  1 20 33.690  1.82   1
   110368  40.607621 -123.979443    21.986    21402.1     6372.8      559.2      1.0      0.5      0.9 2023  2 14  3 52  7.700  1.37   1
   110370  40.692598 -123.892489    21.983    28746.3    15809.1      555.5      1.4      1.2      1.0 2022 12 21  4 44 13.820  1.30   1
   110374  40.752498 -123.868547    20.835    30758.5    22460.8     -592.0      0.9      0.7      1.2 2022 12 22  4 46 28.990  1.00   1
   110378  40.590942 -124.049341    22.244    15485.9     4520.7      816.5      0.8      0.6      0.9 2022 12 21 18 52 28.640  1.06   1
   110379  40.518856 -124.422306    18.100   -16105.1    -3484.2    -3327.7      1.1      1.1      2.2 2022 12 22  9 21 28.530  1.40   1
   110382  40.542920 -124.064144    19.384    14237.4     -812.0    -2043.0      0.3      0.4      0.3 2022 12 26  5 31 21.180  1.08   1
   110385  40.593441 -124.085929    19.241    12387.4     4798.1    -2186.0      1.2      0.4      0.7 2022 12 23  0 19 22.520  0.90   1
   110387  40.533691 -124.382951    25.063   -12769.3    -1836.7     3635.4      0.7      0.5      0.9 2023  1 28 23 56 58.200  3.85   1
   110388  40.508659 -124.448022    14.990   -18285.2    -4616.5    -6437.6      0.5      0.6      1.3 2022 12 31 10 20 40.360  1.04   1
   110390  40.640165 -123.988525    25.964    20628.1     9986.7     4536.9      0.8      0.5      0.7 2023  1 17  5 14  2.510  1.84   1
   110391  40.589421 -124.195923    22.096     3073.5     4351.7      669.2      1.1      0.4      0.7 2022 12 23  0 35 44.600  1.56   1
   110392  40.516512 -124.420190    18.724   -15926.1    -3744.4    -2702.9      3.2      2.2      5.4 2023  1  1 12 19 44.130  1.25   1
   110395  40.555111 -124.216187    16.843     1357.9      541.8    -4584.2      0.6      0.4      0.8 2022 12 20 23 19 53.720  1.40   1
   110396  40.537821 -124.262370    18.159    -2554.2    -1378.1    -3268.1      1.1      1.2      1.2 2022 12 24 20  6  9.180  0.83   1
   110399  40.529635 -124.409172    17.917   -14991.0    -2287.2    -3510.7      1.9      2.1      2.3 2022 12 20 10 44 46.730  2.70   1
   110400  40.563831 -124.048315    23.472    15575.9     1510.1     2044.8      1.8      1.4      2.3 2022 12 25  4 33 20.570  0.83   1
   110404  40.561226 -124.016740    21.907    18250.5     1220.9      479.5      0.9      0.6      0.9 2022 12 27  0 23 33.800  1.12   1
   110406  40.593030 -124.107430    19.668    10566.8     4752.5    -1759.5      0.5      0.6      0.6 2023  1 11  3 23 18.830  1.45   1
   110408  40.610457 -123.847624    27.548    32562.4     6687.8     6120.4      0.5      0.4      0.4 2023  2 12 20 12 15.900  2.47   1
   110409  40.514689 -124.419800    20.684   -15893.2    -3946.9     -742.7      2.5      3.0      4.5 2022 12 21 22  8 58.660  1.39   1
   110412  40.573755 -124.074487    19.670    13358.2     2612.1    -1757.7      0.5      0.4      0.4 2022 12 26  7 30 25.960  0.98   1
   110417  40.551379 -123.976139    21.443    21690.9      127.4       15.9      0.4      0.5      0.4 2022 12 24 12 43  0.520  1.06   1
   110422  40.621399 -124.304207    19.952    -6094.6     7902.8    -1474.6      0.7      0.4      0.8 2022 12 29 13 40 18.010  1.27   1
   110423  40.504692 -124.335490    18.679    -8750.5    -5057.0    -2748.3      0.7      0.6      0.7 2023  2 17 12 38 36.270  0.88   1
   110429  40.593136 -124.013346    22.430    18533.6     4764.3     1002.9      0.6      0.4      0.7 2022 12 22  9 28 37.970  0.68   1
   110431  40.600932 -124.107568    23.077    10554.5     5630.0     1650.0      1.2      0.6      0.9 2022 12 21 17 59 17.620  1.95   1
   110432  40.496501 -124.458244    26.443   -19153.0    -5966.6     5015.9      0.8      0.4      0.6 2022 12 22  1 13 30.130  2.71   1
   110434  40.511983 -124.464217    19.086   -19656.9    -4247.3    -2341.0      1.3      1.1      1.9 2022 12 21 18 26 29.520  1.33   1
   110435  40.534379 -124.381120    24.847   -12614.1    -1760.4     3419.8      0.6      0.8      1.5 2023  1 28 20  7 39.900  1.24   1
   110436  40.475985 -124.534074    23.711   -25582.6    -8244.8     2283.8      0.5      0.7      0.6 2023  2 18  0 47 37.880  1.15   1
   110439  40.473120 -124.429997    19.759   -16762.3    -8562.9    -1668.2      0.4      0.5      0.7 2023  1 27 16 28 41.960  1.01   1
   110442  40.572603 -123.950439    21.584    23864.0     2484.2      157.0      0.6      0.5      0.4 2022 12 20 18 48 54.600  0.91   1
   110443  40.579049 -124.184530    19.001     4038.6     3200.0    -2425.8      2.1      0.8      1.6 2022 12 21 21 55 10.140  0.79   1
   110444  40.503593 -124.504834    27.366   -23099.8    -5179.0     5939.1      0.4      0.3      0.5 2022 12 23 21 41 55.000  1.21   1
   110445  40.524967 -124.389266    23.509   -13305.1    -2805.5     2081.6      0.9      0.8      1.3 2022 12 21  8  6 55.910  1.80   1
   110447  40.563546 -124.016577    22.726    18264.0     1478.4     1298.4      0.6      0.4      0.4 2022 12 24 19 37 36.120  1.39   1
   110448  40.596529 -124.126514    21.870     8950.6     5141.1      443.2      1.4      0.8      1.3 2023  1 31 13 12 49.420  1.12   1
   110452  40.545085 -124.194295    27.705     3212.4     -571.6     6277.8      0.7      0.5      0.9 2022 12 20 23 25 36.340  1.09   1
   110453  40.507971 -124.472502    17.788   -20359.5    -4692.9    -3638.8      1.2      1.3      1.8 2022 12 21 12  8  6.020  1.11   1
   110454  40.465430 -123.818286    23.088    35084.0    -9416.9     1660.3      0.5      0.9      0.6 2022 12 21 13 41 59.550  0.69   1
   110455  40.529964 -124.421541    16.649   -16038.9    -2250.6    -4778.2      1.5      1.7      3.1 2022 12 23 13  9 40.300  0.89   1
   110458  40.621468 -124.310156    20.153    -6598.2     7910.4    -1273.8      0.2      0.3      0.4 2023  2 14  6 32 28.460  1.23   1
   110462  40.585120 -124.438623    23.748   -17478.9     3874.1     2321.0      0.6      0.6      0.7 2023  4 22 17 56 13.080  1.37   1
   110464  40.588265 -124.427279    23.255   -16517.8     4223.4     1827.8      0.3      0.3      0.5 2023  2 13 21 32 14.280  2.09   1
   110466  40.532023 -124.391715    15.517   -13511.9    -2022.0    -5910.0      0.4      0.3      0.6 2022 12 22  0 27 26.630  0.83   1
   110467  40.528829 -124.425203    26.665   -16349.3    -2376.7     5237.3      0.7      0.7      0.9 2022 12 22  3 58 10.660  0.90   1
   110468  40.529000 -123.976180    20.419    21691.0    -2357.7    -1008.3      0.3      0.3      0.3 2022 12 24  1 17 32.850  0.88   1
   110470  40.538102 -124.356608    16.356   -10537.3    -1346.9    -5071.7      1.4      1.3      2.4 2023  3 29  5  5 59.480  1.47   1
   110474  40.472314 -124.447843    21.225   -18275.0    -8652.4     -201.8      0.7      0.6      0.8 2022 12 20 12 14 11.380  2.27   1
   110475  40.582808 -124.352352    28.062   -10173.4     3617.5     6634.5      0.7      0.4      0.9 2022 12 21 15  8 37.620  1.85   1
   110476  40.536877 -124.407023    28.304   -14808.2    -1483.0     6876.9      0.3      0.4      0.7 2022 12 20 13 24 12.330  1.51   1
   110477  40.611861 -123.938175    21.842    24895.4     6843.6      415.0      0.8      0.7      0.8 2023  1  3  7 18 42.400  0.99   1
   110479  40.536389 -124.359180    16.734   -10755.3    -1537.2    -4692.9      1.7      1.5      2.6 2022 12 26  2  4 21.800  1.88   1
   110480  40.557471 -124.251774    23.197    -1656.4      803.8     1769.7      0.3      0.2      0.4 2022 12 21  2 56 11.820  1.60   1
   110481  40.490344 -124.465308    18.415   -19752.5    -6650.3    -3012.3      1.2      0.9      1.6 2023  4  5 14 51 18.340  1.34   1
   110482  40.582267 -123.923397    21.520    26152.4     3557.4       93.2      1.3      2.4      1.6 2022 12 21 19 52  6.360  0.64   1
   110484  40.525659 -124.419906    19.510   -15900.9    -2728.7    -1917.1      1.6      1.7      2.2 2022 12 25  4  3 37.800  0.93   1
   110487  40.752238 -123.851001    20.588    32242.5    22431.8     -839.4      0.9      0.7      0.8 2022 12 20 14 11  0.150  2.57   1
   110488  40.478389 -124.457210    19.426   -19068.0    -7977.8    -2001.6      0.5      0.4      0.4 2023  2 18  9 18 28.190  1.40   1
   110489  40.519255 -124.426115    19.126   -16427.7    -3439.9    -2300.8      1.3      1.3      2.3 2022 12 29  9 57 25.630  1.27   1
   110494  40.522705 -124.413688    17.832   -15374.4    -3056.7    -3594.9      0.5      0.9      1.5 2023  3  5 20 14 19.720  1.28   1
   110496  40.503809 -124.446875    17.964   -18188.6    -5155.1    -3462.7      0.9      0.9      1.4 2022 12 30 12 51 54.870  1.14   1
   110497  40.574072 -124.098942    22.665    11287.1     2647.4     1238.1      0.6      0.5      0.8 2022 12 31 14 27 57.700  1.02   1
   110501  40.467521 -124.508089    23.710   -23381.8    -9184.6     2282.8      0.4      0.6      1.1 2022 12 30 21 43 18.320  2.12   1
   110506  40.606486 -124.069678    20.224    13762.2     6246.8    -1203.5      2.2      1.1      2.8 2022 12 20 21 47 48.880  1.10   1
   110507  40.528621 -124.397746    17.787   -14023.2    -2399.7    -3640.0      2.4      2.5      3.1 2022 12 21 10 16 11.430  0.70   1
   110508  40.613534 -124.094368    17.998    11671.0     7029.3    -3428.4      1.3      0.9      1.1 2022 12 30  9  0 39.550  1.14   1
   110510  40.497587 -124.431828    24.722   -16914.4    -5846.0     3294.7      0.5      0.5      1.7 2023  1  2  8 25 11.060  1.28   1
   110511  40.631384 -124.022705    23.382    17736.1     9011.6     1954.3      1.1      0.8      0.9 2022 12 21  4 15 19.850  2.45   1
   110512  40.509375 -124.336312    19.104    -8819.9    -4537.0    -2323.3      0.4      0.4      0.5 2022 12 21 17 35 50.480  1.40   1
   110513  40.524007 -124.414998    18.681   -15485.3    -2912.1    -2746.0      1.2      1.1      1.8 2022 12 20 15  4 50.680  1.42   1
   110515  40.539616 -124.231527    21.517       58.6    -1178.9       90.0      0.5      0.6      1.4 2023  1 11 13 29 12.060  1.57   1
   110517  40.596533 -124.085897    23.474    12389.9     5141.5     2046.8      1.1      0.8      0.7 2023  3 12  6 43 46.740  0.89   1
   110518  40.522485 -124.431974    18.348   -16923.7    -3081.1    -3079.2      1.5      1.8      2.4 2022 12 20 10 43 39.300  2.63   1
   110519  40.576058 -124.142008    22.594     7639.7     2867.9     1166.9      1.6      0.7      1.1 2022 12 20 23 22 14.760  1.65   1
   110521  40.569820 -124.160832    22.823     6045.9     2175.2     1396.0      1.7      1.0      2.2 2022 12 23  1 11 44.550  1.32   1
   110522  40.643738 -124.083651    23.270    12575.6    10383.4     1843.2      1.0      0.5      0.2 2022 12 20 18 48 15.520  0.97   1
   110523  40.511845 -124.490194    23.637   -21857.9    -4262.7     2209.4      0.5      0.6      1.0 2022 12 21  1  7 33.310  3.25   1
   110524  40.607137 -124.081388    17.594    12770.6     6319.0    -3833.1      1.1      0.3      0.5 2022 12 21  9 31  7.840  1.25   1
   110525  40.619486 -124.081763    17.978    12737.7     7690.4    -3449.4      1.3      0.9      1.1 2022 12 26  7 21 10.390  0.93   1
   110526  40.489840 -124.509676    15.462   -23512.4    -6706.3    -5965.0      0.9      1.3      1.5 2023  2 18 20 58 10.920  1.67   1
   110527  40.521663 -124.440519    19.439   -17647.8    -3172.4    -1988.5      0.8      1.0      1.9 2022 12 22  3 55 53.820  1.44   1
   110529  40.553210 -124.256738    24.371    -2076.9      330.8     2943.9      0.5      0.3      1.6 2023  5 18 13 21 36.440  0.56   1
   110530  40.620487 -124.070166    15.927    13719.4     7801.6    -5500.4      1.4      1.0      1.2 2022 12 22  4 49 54.170  0.84   1
   110531  40.534037 -124.349113    18.696    -9902.7    -1798.3    -2731.1      0.4      0.3      0.8 2022 12 20 19 16  2.640  1.29   1
   110532  40.545581 -124.340275    16.330    -9153.2     -516.5    -5097.2      0.4      0.4      0.4 2022 12 23  4  9 55.040  1.00   1
   110534  40.528776 -124.408317    19.342   -14918.7    -2382.6    -2085.6      2.9      2.6      4.0 2023  1  4 16 29 55.050  1.61   1
   110535  40.523775 -124.412785    18.282   -15297.8    -2937.9    -3144.8      1.1      1.5      1.8 2022 12 22 10 55 51.720  0.98   1
   110537  40.609827 -124.079712    23.376    12912.3     6617.7     1948.4      1.1      0.7      0.9 2022 12 21 16 28 15.660  3.99   1
   110539  40.525680 -124.344792    18.582    -9537.2    -2726.4    -2845.6      1.0      0.9      1.5 2022 12 25  8 22 48.250  0.72   1
   110541  40.581181 -124.196932    18.807     2988.2     3436.7    -2620.3      1.5      0.3      1.6 2023  2 18  6 52 19.650  1.07   1
   110542  40.578589 -124.191903    18.343     3414.2     3148.9    -3084.0      3.3      1.1      2.3 2022 12 20 17 56  5.920  1.14   1
   110544  40.597432 -124.187948    20.444     3748.6     5241.4     -982.8      2.1      0.9      1.9 2023  3 21 22 51 34.760  0.98   1
   110546  40.504740 -124.449211    18.885   -18386.4    -5051.6    -2542.0      1.3      1.1      2.0 2022 12 27  1 23 41.520  0.94   1
   110547  40.615466 -123.926278    21.472    25902.0     7244.0       45.0      1.1      1.0      2.1 2022 12 20 23 36 50.880  1.00   1
   110549  40.543091 -124.055762    19.764    14947.5     -793.0    -1662.8      0.8      0.6      0.7 2022 12 21  4 18 46.220  2.04   1
   110551  40.614380 -124.091626    17.979    11903.2     7123.3    -3448.5      1.7      0.6      1.4 2023  2 17 11 16 14.330  1.12   1
   110553  40.524805 -123.915153    20.695    26861.9    -2823.6     -732.3      0.7      0.7      0.6 2022 12 25  0 34  1.910  0.77   1
   110554  40.549707 -124.243652    18.233     -968.5      -58.3    -3193.8      0.8      0.6      0.8 2022 12 21  0  5 31.440  1.34   1
   110556  40.499337 -124.433366    23.588   -17044.5    -5651.7     2160.7      0.4      0.5      0.6 2023  2 25 14 23 27.120  1.53   1
   110559  40.613424 -124.135319    20.193     8204.0     7017.1    -1234.2      2.7      1.2      2.8 2023  3 13  0 48 17.330  0.83   1
   110560  40.627702 -123.927686    21.649    25780.5     8602.7      221.9      0.7      0.3      0.7 2023  2  2  2 38 55.900  1.60   1
   110561  40.618026 -123.886011    22.909    29310.6     7528.2     1481.3      0.8      0.6      1.4 2022 12 20 17 35 32.520  1.17   1
   110564  40.597343 -124.114315    15.134     9983.5     5231.5    -6293.0      1.0      0.5      0.6 2022 12 24  4 18 59.420  0.99   1
   110566  40.610563 -124.108228    18.013    10497.9     6699.5    -3413.9      1.2      0.3      0.7 2022 12 22  5 24 44.100  2.65   1
   110568  40.499487 -124.470866    15.797   -20222.1    -5635.0    -5630.1      1.6      2.1      3.3 2023  3 22 19 35 25.080  1.32   1
   110569  40.647518 -124.022046    18.349    17789.7    10803.2    -3078.0      0.9      0.4      1.1 2023  1  2  9 44 23.910  0.93   1
   110570  40.601575 -124.124805    20.516     9095.0     5701.4     -911.0      0.4      0.3      0.5 2022 12 22  6 14 22.080  1.10   1
   110572  40.531873 -124.245093    18.920    -1090.7    -2038.7    -2507.7      0.6      0.9      0.7 2023  1  1 22 18 52.920  1.17   1
   110574  40.629411 -124.096924    19.853    11453.3     8792.4    -1574.4      1.3      1.6      1.2 2022 12 21 22 33 49.080  1.00   1
   110577  40.615458 -124.229671    23.972      215.7     7243.1     2545.1      1.4      0.9      1.7 2022 12 25 19 13 28.400  0.95   1
   110578  40.568115 -124.143604    21.791     7505.1     1985.9      363.5      1.5      0.6      1.1 2022 12 20 20 26 41.720  2.13   1
   110579  40.520345 -124.351628    21.873   -10116.7    -3318.8      445.7      0.9      0.7      1.3 2022 12 21  8 58 34.030  0.97   1
   110580  40.613057 -124.044417    23.540    15900.2     6976.5     2112.8      0.5      0.5      0.6 2023  1  3  4 53 49.540  1.15   1
   110581  40.568127 -124.236613    20.380     -372.2     1987.2    -1047.5      1.5      0.7      1.3 2023  5 28 11 38 43.770  1.07   1
   110582  40.563623 -123.935758    22.088    25109.0     1487.0      661.2      0.5      0.4      0.7 2022 12 21 23 36 17.240  1.23   1
   110586  40.524646 -123.900366    20.111    28114.7    -2841.2    -1316.6      0.7      0.7      0.6 2022 12 22  5 36 49.910  0.70   1
   110587  40.606759 -123.915080    25.130    26851.8     6277.0     3702.6      0.6      0.6      0.8 2022 12 20 10 48 38.300  2.65   1
   110588  40.597428 -124.116797    18.259     9773.3     5240.9    -3168.5      0.4      0.5      0.6 2022 12 22  7 50 48.720  1.53   1
   110589  40.533073 -124.050326    19.500    15409.1    -1905.4    -1927.4      0.4      0.3      0.3 2022 12 21  0 13 29.150  1.50   1
   110590  40.650793 -123.880452    26.399    29774.0    11166.9     4972.1      1.1      0.8      0.9 2022 12 23 19 10 35.240  1.06   1
   110591  40.585799 -124.060482    20.990    14543.0     3949.6     -437.1      0.5      0.4      0.5 2022 12 25 22 34 55.360  0.82   1
   110592  40.618404 -124.077653    17.660    13085.8     7570.2    -3767.1      1.4      0.6      1.0 2023  1 18  8 28 49.360  0.92   1
   110594  40.557890 -123.936678    21.175    25032.2      850.4     -252.1      1.9      1.4      2.0 2022 12 21  0 45 40.230  1.26   1
   110595  40.591720 -124.326750    21.387    -8004.8     4607.0      -40.0      0.9      0.5      0.8 2022 12 20 10 52 39.340  3.28   1
   110596  40.542212 -124.338900    17.465    -9036.9     -890.6    -3962.1      1.1      1.1      1.7 2022 12 29  7 31 23.150  0.85   1
   110597  40.623918 -124.083374    19.888    12600.9     8182.5    -1538.6      0.3      0.6      0.6 2022 12 20 21 24 28.880  0.90   1
   110598  40.598116 -124.101758    23.051    11046.7     5317.3     1623.6      1.1      0.6      1.1 2022 12 26  1 46  3.150  1.45   1
   110600  40.524707 -124.383236    17.028   -12794.3    -2834.4    -4399.3      2.6      2.2      3.5 2022 12 20 19 51  5.480  1.33   1
   110604  40.576908 -123.948690    20.140    24011.4     2962.3    -1286.8      0.6      0.5      0.3 2022 12 21 17  1 49.600  1.16   1
   110605  40.520675 -124.430282    19.115   -16780.5    -3282.2    -2312.1      2.8      1.6      4.3 2022 12 22  7 33 35.520  1.14   1
   110607  40.658020 -124.014421    19.157    18433.7    11969.4    -2270.1      1.3      1.4      1.8 2022 12 21 14 33 24.290  1.52   1
   110608  40.643864 -124.026676    18.566    17398.3    10397.4    -2861.3      0.5      0.5      0.8 2022 12 25 12 29 55.020  1.64   1
   110609  40.575407 -124.153239    23.383     6688.7     2795.6     1955.3      1.7      0.8      1.2 2022 12 20 19 19  0.120  1.41   1
   110611  40.547693 -124.238354    18.595     -519.8     -282.0    -2832.5      1.4      2.0      1.5 2022 12 21 12 21 21.680  0.97   1
   110613  40.665344 -123.886922    22.796    29223.2    12782.7     1368.4      0.9      0.6      0.4 2022 12 27 17 40  9.980  1.83   1
   110614  40.551204 -124.314185    20.559    -6942.9      108.0     -868.2      1.8      1.3      2.8 2023  2 15 14 26 55.060  2.21   1
   110615  40.580461 -124.132471    22.553     8447.2     3356.8     1126.0      1.3      1.1      1.8 2022 12 21  9 48 30.660  1.09   1
   110618  40.602352 -123.978540    22.563    21479.4     5787.7     1136.0      1.1      0.9      0.5 2022 12 20 23 30 29.600  1.04   1
   110619  40.598140 -123.917285    21.678    26666.8     5320.0      250.4      0.7      0.5      0.7 2022 12 22  4 23  9.220  0.67   1
   110620  40.602083 -123.891577    24.926    28842.8     5757.9     3499.1      0.4      0.5      0.9 2022 12 25 16 15  8.400  1.07   1
   110622  40.603638 -124.102816    15.625    10956.7     5930.5    -5801.9      0.3      0.1      0.2 2022 12 28  9 46 28.530  1.31   1
   110623  40.595565 -124.155160    23.030     6525.0     5034.0     1602.9      2.3      1.4      1.6 2022 12 30  9 23 12.150  1.07   1
   110624  40.609676 -124.110474    18.239    10307.8     6601.0    -3188.4      0.9      0.7      0.9 2023  4  2 23  2 20.160  1.02   1
   110625  40.551038 -124.072371    18.980    13539.7       89.5    -2446.8      0.8      0.6      0.7 2022 12 20 21 22 52.960  1.20   1
   110626  40.557918 -124.021362    21.711    17859.5      853.5      284.0      0.6      0.3      0.5 2022 12 24 20 57 12.400  1.30   1
   110627  40.589990 -124.192562    22.439     3358.1     4415.0     1011.6      0.9      0.8      1.5 2022 12 20 16 59 23.800  1.39   1
   110628  40.551164 -123.885343    22.191    29381.7      103.5      764.2      0.6      0.5      0.3 2022 12 25  6 37 31.440  1.50   1
   110629  40.582426 -124.241447    23.725     -781.5     3575.0     2297.3      4.9      3.8      3.3 2023  2  2  2 53 51.230  0.90   1
   110630  40.601176 -124.111068    15.164    10258.1     5657.1    -6263.5      1.4      1.1      0.9 2022 12 22  6 38 46.920  0.92   1
   110631  40.600716 -123.999943    19.873    19667.4     5606.0    -1554.7      0.8      0.7      0.7 2022 12 22  6 27  3.370  1.14   1
   110633  40.512699 -124.451644    24.529   -18591.5    -4167.8     3102.2      0.4      0.6      1.8 2022 12 20 11 23 42.960  2.53   1
   110634  40.613196 -124.081291    15.728    12778.3     6991.8    -5699.2      1.6      1.1      1.3 2023  1  3  7 23 30.820  1.13   1
   110635  40.547555 -124.046224    22.858    15754.9     -297.3     1430.4      0.8      0.7      0.8 2022 12 24  7 16 44.450  1.51   1
   110636  40.580452 -124.216024    19.246     1371.5     3355.9    -2181.0      0.9      0.2      1.1 2023  5  5 10 50 40.220  0.86   1
   110637  40.545500 -124.336759    16.842    -8855.4     -525.5    -4585.7      1.4      0.9      2.0 2022 12 25 12 21 40.770  1.90   1
   110638  40.587382 -124.149788    23.726     6980.3     4125.3     2298.9      1.8      1.6      1.6 2022 12 21 19 17 30.720  1.31   1
   110641  40.644181 -123.998966    18.644    19743.7    10432.6    -2783.2      0.8      0.3      0.7 2022 12 25  9 11 59.060  0.70   1
   110643  40.539799 -123.911507    22.787    27167.8    -1158.5     1360.0      0.6      0.8      0.8 2023  2 16 18  3 27.440  1.53   1
   110644  40.562960 -123.979793    23.689    21379.5     1413.4     2261.7      0.5      0.4      0.3 2023  2 13  5 45 35.220  1.23   1
   110646  40.575330 -124.424292    23.276   -16266.5     2787.0     1848.9      0.7      0.7      0.9 2023  2  6 20 12  2.580  1.35   1
   110647  40.565332 -124.143905    22.183     7479.7     1676.8      755.5      2.0      0.8      1.2 2022 12 20 19  6 23.200  1.47   1
   110649  40.519788 -124.355973    22.453   -10485.0    -3380.7     1025.9      0.9      0.7      1.4 2022 12 25 23 13 35.000  1.83   1
   110650  40.701949 -123.952873    22.178    23635.2    16847.5      750.7      0.4      0.3      0.3 2022 12 26  9 16 16.030  1.67   1
   110651  40.612244 -123.825562    26.671    34429.9     6886.1     5244.0      1.1      0.9      0.3 2023  4  8  3  4 20.710  1.95   1
   110652  40.516671 -124.439754    17.208   -17583.6    -3726.8    -4219.3      3.4      4.2      8.4 2023  2  8 14 16 55.210  1.31   1
   110653  40.531966 -124.405859    18.103   -14710.2    -2028.3    -3324.4      2.5      3.3      4.6 2022 12 26  8 29 16.340  0.84   1
   110654  40.591056 -124.008887    23.215    18911.5     4533.4     1787.9      0.9      0.6      0.4 2022 12 24 22 12 36.600  2.10   1
   110655  40.566272 -124.022860    22.602    17731.5     1781.2     1174.9      0.9      0.7      0.8 2023  4 30 12 38 22.840  0.62   1
   110656  40.583496 -124.199854    25.184     2740.8     3693.8     3756.4      0.2      0.3      0.6 2023  1 20 22  9 26.880  0.94   1
   110660  40.540072 -124.340470    16.171    -9170.1    -1128.3    -5256.0      1.2      1.2      2.4 2022 12 31 15  5 32.620  1.28   1
   110663  40.580273 -123.955518    24.390    23432.6     3336.0     2962.8      1.0      0.8      0.9 2022 12 21 22 26 11.040  1.39   1
   110664  40.553821 -123.976961    20.829    21620.9      398.5     -598.0      1.1      0.9      1.3 2022 12 20 16  1 13.350  1.61   1
   110665  40.485575 -124.515267    17.154   -23987.0    -7179.8    -4272.8      1.0      1.0      1.9 2023  4  6  4 40 19.060  0.75   1
   110666  40.498311 -124.469181    18.072   -20079.6    -5765.5    -3355.3      1.1      1.1      2.1 2022 12 29  8 32 33.620  1.49   1
   110667  40.598503 -124.327555    20.871    -8072.6     5360.2     -556.2      0.3      0.4      1.2 2022 12 25  7 56 23.340  0.72   1
   110671  40.586849 -124.096549    23.287    11488.7     4066.2     1859.3      0.9      1.1      0.8 2022 12 20 23  1 57.840  1.31   1
   110672  40.539868 -124.349300    18.399    -9918.1    -1150.8    -3027.9      0.4      0.3      0.5 2023  4 15  0  7  1.200  0.77   1
   110673  40.588790 -124.235457    20.931     -274.3     4281.7     -495.8      6.2      3.6      6.9 2022 12 21 16 59 16.830  0.92   1
   110674  40.552405 -124.224854    17.743      623.8      241.3    -3684.3      1.9      0.9      0.9 2022 12 23  5  1 13.690  1.08   1
   110675  40.703410 -123.931632    22.515    25432.1    17009.7     1088.2      0.7      0.4      0.3 2022 12 22 16 21 35.960  1.66   1
   110676  40.481047 -124.407804    19.909   -14880.5    -7682.7    -1518.0      0.8      0.6      1.1 2023  1 30 10 56 56.600  0.99   1
   110677  40.512374 -124.440511    17.181   -17648.3    -4204.0    -4246.5      2.1      1.8      3.7 2022 12 23  0 10 35.700  1.04   1
   110678  40.517021 -124.427026    17.161   -16505.2    -3688.0    -4266.2      0.3      0.4      0.6 2023  1  8  2 15 56.440  1.14   1
   110679  40.509094 -124.440324    17.736   -17632.9    -4568.2    -3691.3      0.6      0.5      0.7 2023  4 20 15 36 20.100  0.92   1
   110681  40.638489 -123.913078    21.296    27015.0     9800.5     -131.0      0.6      0.3      0.3 2022 12 21  2 53 42.600  1.60   1
   110683  40.504858 -124.452865    18.795   -18696.0    -5038.5    -2632.6      0.4      0.5      0.7 2022 12 21  8 21  0.830  1.29   1
   110685  40.526619 -124.378434    23.816   -12387.3    -2622.1     2388.7      0.6      0.9      0.6 2023  1 29  2 21 34.040  0.86   1
   110686  40.551090 -124.311133    17.779    -6684.4       95.3    -3648.5      1.7      1.5      1.3 2022 12 20 19 42 50.340  1.43   1
   110687  40.644792 -124.052677    19.612    15197.3    10500.4    -1815.3      0.3      0.1      0.3 2022 12 26  1 31 33.690  1.21   1
   110688  40.682922 -123.881535    22.325    29675.3    14734.7      898.1      1.1      1.1      0.9 2022 12 20 16  7 38.970  2.01   1
   110689  40.542078 -123.754867    21.792    40436.3     -905.5      365.1      0.8      1.6      0.3 2022 12 22  0 56 27.730  0.68   1
   110692  40.511247 -124.472347    21.422   -20345.9    -4329.1       -5.2      1.8      1.4      2.0 2022 12 29 10 57 23.460  1.08   1
   110694  40.514075 -124.441382    19.519   -17721.8    -4015.1    -1908.3      1.2      1.1      1.5 2022 12 29  5 31  8.470  1.04   1
   110695  40.550395 -124.224463    17.725      656.9       18.1    -3701.9      0.8      0.5      0.6 2022 12 24  5  9  2.290  1.55   1
   110697  40.572713 -124.223787    17.438      714.0     2496.4    -3989.3      3.8      1.6      1.5 2022 12 23 20 30 28.480  1.23   1
   110698  40.541671 -124.238086    18.231     -497.0     -950.7    -3196.6      0.8      0.5      0.9 2023  1 26  5 47 35.730  1.04   1
   110699  40.514840 -124.415226    17.602   -15505.7    -3930.1    -3825.0      1.9      2.7      4.3 2022 12 22  9  7 10.520  0.52   1
   110700  40.575374 -124.214160    17.852     1529.3     2791.9    -3575.7      7.6      2.2      4.5 2022 12 25  3 58 23.130  0.90   1
   110702  40.629476 -123.959473    22.202    23089.2     8799.7      774.5      1.1      0.7      1.2 2022 12 20 23 26 24.700  1.53   1
   110703  40.530396 -124.349935    17.318    -9972.6    -2202.7    -4109.7      4.9      1.8      4.8 2022 12 22 14 28 55.050  1.12   1
   110705  40.513529 -123.875627    21.622    30213.2    -4075.6      194.7      0.6      0.6      0.7 2023  3  1  0 37 17.190  1.45   1
   110706  40.559627 -123.992546    23.937    20300.0     1043.3     2510.1      0.6      0.5      0.3 2022 12 20 23 41  1.760  1.68   1
   110707  40.546810 -123.845915    22.320    32722.5     -380.0      893.2      0.4      0.5      0.3 2022 12 21 22 14 18.520  1.56   1
   110708  40.578853 -124.213509    18.226     1584.4     3178.3    -3201.4      2.8      1.3      2.1 2023  3  5  0 34 58.820  1.58   1
   110710  40.605611 -124.148779    18.292     7064.8     6149.6    -3135.4      1.7      0.8      1.2 2023  1 14  1 10 27.140  1.46   1
   110711  40.616349 -124.069588    20.197    13768.8     7342.0    -1229.8      0.6      0.8      1.1 2022 12 20 21  2 39.800  1.14   1
   110712  40.557548 -123.953101    21.988    23641.3      812.4      560.8      0.5      0.4      0.3 2023  1 10 19 11 36.040  1.34   1
   110715  40.611076 -124.082845    16.202    12646.9     6756.4    -5225.1      3.5      1.6      3.4 2022 12 20 21 22 37.100  1.23   1
   110716  40.586507 -123.885946    21.704    29323.0     4028.2      276.9      0.9      0.9      2.3 2022 12 22  1 50 13.650  0.65   1
   110717  40.608171 -124.301619    19.960    -5876.1     6433.8    -1467.1      0.5      0.3      0.4 2023  4  9 21 13 25.880  0.97   1
   110718  40.523486 -124.432259    19.521   -16947.7    -2970.0    -1906.6      0.4      0.4      0.7 2022 12 22  3 44  5.310  1.01   1
   110720  40.585120 -124.204419    20.520     2354.1     3874.1     -907.3      2.0      1.4      1.6 2022 12 21  1 23  1.660  0.93   1
   110721  40.555481 -124.303605    18.656    -6046.5      582.9    -2770.9      1.0      0.4      0.8 2022 12 20 16 43 44.910  1.41   1
   110722  40.552035 -124.305705    19.905    -6224.5      200.2    -1521.8      1.2      0.6      1.3 2022 12 20 19 45  5.720  1.04   1
   110723  40.473588 -124.545882    21.872   -26583.8    -8510.9      444.9      0.9      0.5      1.0 2022 12 22  7 29 30.560  0.68   1
   110724  40.518811 -124.345166    19.318    -9569.4    -3489.1    -2109.3      1.2      1.2      1.6 2022 12 22  8 32 21.500  0.63   1
   110725  40.546871 -124.308097    17.676    -6427.4     -373.2    -3751.6      1.8      1.4      1.8 2022 12 24 21 51 17.000  0.84   1
   110726  40.518465 -124.432723    19.590   -16987.6    -3527.6    -1836.9      0.7      0.9      1.3 2022 12 25 10 58 46.850  0.74   1
   110727  40.516813 -124.358667    19.618   -10713.4    -3711.0    -1809.2      1.6      1.4      2.0 2022 12 26 20 22  8.180  1.12   1
   110728  40.519735 -124.420874    19.236   -15983.6    -3386.6    -2191.2      1.6      1.4      2.1 2023  1  3 14 30 47.720  1.13   1
   110729  40.576778 -124.208488    17.650     2009.7     2947.8    -3777.6      1.1      0.5      0.8 2023  1  4 10 27 27.700  1.40   1
   110731  40.511678 -124.440267    19.342   -17627.7    -4281.2    -2085.0      0.8      0.8      1.8 2023  3 16 18  8 14.040  1.34   1
   110735  40.534432 -124.344255    18.522    -9491.1    -1754.5    -2905.0      1.2      1.1      1.8 2022 12 20 21 52 17.400  1.04   1
   110736  40.506274 -124.335734    18.122    -8771.1    -4881.3    -3304.9      0.6      0.7      1.2 2022 12 22  5 34 15.770  1.28   1
   110737  40.523348 -124.423088    18.322   -16170.7    -2985.3    -3105.5      1.1      1.2      1.8 2022 12 22 10 19 33.470  1.21   1
   110738  40.545593 -124.315226    18.041    -7031.4     -515.1    -3385.9      1.8      1.3      2.4 2022 12 26 12 16 44.250  0.71   1
   110739  40.521257 -124.427417    18.039   -16537.8    -3217.6    -3388.2      0.7      0.6      1.1 2023  1 11  1 42 23.060  2.03   1
   110743  40.582434 -124.205111    18.147     2295.6     3575.9    -3280.7      2.3      1.5      2.7 2023  3 25 16 17 15.180  0.90   1
   110745  40.515312 -124.430851    18.741   -16829.5    -3877.7    -2685.8      0.8      1.0      1.5 2023  1 20  8 32 25.670  1.94   1
   110746  40.516138 -124.446875    20.945   -18187.0    -3786.0     -482.6      1.4      1.3      1.4 2023  2 15 19 15 16.420  1.23   1
   110747  40.542904 -124.336361    20.260    -8821.8     -813.8    -1167.4      2.5      1.8      3.5 2022 12 23 14  7  9.940  0.88   1
   110748  40.553316 -124.442017    23.930   -17770.5      342.5     2502.7      1.9      1.6      1.9 2022 12 20 15 58 21.830  1.76   1
   110749  40.501937 -124.462793    14.848   -19537.7    -5362.9    -6579.0      3.1      2.4      6.6 2022 12 26  6 35 42.200  1.15   1
   110750  40.594873 -124.117651    17.108     9701.1     4957.2    -4319.6      1.5      0.9      1.0 2023  1 14  6 13 33.720  1.13   1
   110751  40.575114 -123.987744    20.906    20704.3     2763.0     -521.0      0.6      0.5      0.7 2022 12 20 17 38 50.000  1.62   1
   110752  40.581767 -124.210726    21.106     1820.1     3501.8     -321.3      1.7      0.8      1.3 2022 12 22 21 13 37.280  0.95   1
   110753  40.526656 -124.325415    18.398    -7895.6    -2618.0    -3029.5      1.1      1.1      1.4 2022 12 22 22  2  6.300  1.11   1
   110754  40.523120 -124.358008    18.672   -10657.1    -3010.6    -2755.6      1.3      1.3      1.9 2022 12 22 22 45  9.160  1.52   1
   110757  40.524662 -124.344702    19.437    -9529.7    -2839.4    -1990.1      0.7      0.8      1.0 2022 12 28 13 28 43.290  1.64   1
   110758  40.552580 -124.236182    19.639     -335.7      260.7    -1787.8      0.7      0.6      0.9 2023  1 15 15 14  5.770  1.41   1
   110759  40.525061 -124.415031    19.113   -15487.9    -2795.1    -2314.0      2.3      2.3      2.9 2023  2 10 21  1  5.660  1.17   1
   110761  40.584941 -124.150049    22.443     6958.3     3854.2     1016.1      1.9      0.8      1.4 2023  1 21 22  3  8.900  1.49   1
   110765  40.524654 -124.407576    18.238   -14856.4    -2840.3    -3189.7      1.8      2.1      2.5 2022 12 24  2 43 20.530  1.79   1
   110766  40.505318 -124.446818    17.416   -18183.6    -4987.5    -4011.7      1.4      1.7      2.5 2023  2  7 19 48  3.920  1.35   1
   110767  40.504065 -124.481755    18.035   -21144.1    -5126.6    -3392.5      1.2      1.0      2.4 2023  5  3  4 14 16.070  1.55   1
   110768  40.534782 -124.343465    18.976    -9424.2    -1715.7    -2450.9      1.1      1.0      1.2 2023  2 17 23 11 43.020  1.41   1
   110769  40.577177 -124.216130    18.818     1362.5     2992.1    -2608.9      3.4      1.3      2.1 2022 12 22 11 55 31.760  1.02   1
   110770  40.592330 -124.101514    24.967    11067.8     4674.8     3539.9      1.1      0.7      1.1 2023  1  4  8 48  8.840  1.05   1
   110771  40.514836 -124.443091    18.045   -17866.5    -3930.6    -3382.7      0.7      0.9      1.2 2022 12 21 11 33 42.730  2.09   1
   110772  40.518998 -124.421712    17.104   -16054.7    -3468.4    -4322.8      1.2      1.5      1.8 2022 12 22  1 51 31.680  0.96   1
   110774  40.515438 -124.426709    19.394   -16478.5    -3863.7    -2033.6      1.1      1.2      2.1 2022 12 22 13 45 54.290  0.88   1
   110778  40.590731 -124.092269    21.759    11850.8     4497.2      332.0      2.3      2.2      3.5 2022 12 20 13 10 43.400  0.88   1
   110780  40.514461 -124.439567    18.487   -17568.0    -3972.2    -2939.8      0.6      0.5      1.0 2023  1 27  2 38 13.190  1.41   1
   110781  40.599304 -124.019613    21.071    18002.1     5449.2     -356.6      1.3      1.3      1.0 2022 12 22  7 36 42.420  0.86   1
   110782  40.520329 -124.420101    16.817   -15918.0    -3320.6    -4610.3      1.6      2.0      2.6 2023  1 19  4 55  2.650  1.72   1
   110783  40.535421 -124.239665    19.450     -630.8    -1644.7    -1977.4      0.6      0.7      0.7 2022 12 21  9 13 55.700  1.90   1
   110785  40.602120 -124.111882    16.462    10189.2     5761.9    -4965.4      1.4      1.0      1.3 2023  3 27 13  6 21.780  0.85   1
   110786  40.514783 -124.443311    17.988   -17885.2    -3936.5    -3439.3      1.1      1.5      2.2 2022 12 21 10 46 12.660  1.82   1
   110787  40.588745 -124.185889    20.281     3923.2     4276.7    -1146.3      2.3      1.2      2.3 2022 12 22  9 24 48.500  0.91   1
   110788  40.661418 -124.009220    19.291    18873.4    12346.7    -2136.7      1.2      1.0      1.3 2022 12 22  1 16  9.260  0.66   1
   110789  40.523910 -124.419328    18.721   -15852.1    -2923.0    -2706.6      1.4      1.5      3.1 2022 12 23 19 12 41.740  1.83   1
   110790  40.570451 -124.198747    21.861     2834.8     2245.2      433.4      1.7      1.3      1.9 2022 12 24 15 43 41.860  0.86   1
   110791  40.524036 -124.411092    21.932   -15154.4    -2909.0      505.2      0.7      0.6      1.2 2022 12 21 21 14 36.000  0.82   1
   110793  40.516797 -124.411906    20.807   -15224.1    -3712.8     -620.1      1.7      1.4      2.2 2022 12 26 14 17  3.520  0.91   1
   110794  40.595508 -124.113184    18.158    10079.4     5027.7    -3269.2      0.7      0.5      0.7 2023  3 11 16 16 54.220  1.44   1
   110796  40.544108 -124.335913    16.862    -8783.8     -680.0    -4565.6      0.5      0.7      1.0 2022 12 22  1 52 50.750  1.67   1
   110797  40.520752 -124.351392    19.507   -10096.7    -3273.6    -1920.5      0.8      0.7      1.0 2022 12 24 21 53 24.440  1.63   1
   110799  40.524333 -124.407031    18.828   -14810.3    -2876.0    -2599.6      1.7      2.1      2.2 2022 12 20 10 40 17.470  2.91   1
   110801  40.558272 -124.235384    19.994     -268.1      892.8    -1433.5      1.2      0.6      1.0 2022 12 20 12 16  5.480  2.04   1
   110802  40.569307 -124.077100    19.199    13137.4     2118.2    -2228.5      1.3      1.6      0.8 2022 12 21  0 15 31.010  2.88   1
   110803  40.651017 -124.020256    19.075    17940.8    11191.7    -2352.1      1.4      1.0      1.6 2022 12 22  5 56 58.350  0.78   1
   110804  40.518294 -124.437590    19.415   -17400.0    -3546.5    -2011.9      0.4      0.3      0.9 2022 12 20 20 38 36.440  1.22   1
   110806  40.515320 -124.431185    19.139   -16857.7    -3876.8    -2288.4      0.9      1.0      1.6 2023  2  1  8 26 47.510  1.32   1
   110808  40.538509 -124.339640    17.275    -9099.9    -1301.8    -4152.3      1.3      1.1      2.0 2023  3 31  1 48 56.260  0.92   1
   110809  40.521346 -124.439673    20.503   -17576.1    -3207.6     -923.9      1.9      1.6      1.6 2022 12 22  0 38 39.810  1.01   1
   110810  40.618400 -124.080843    17.127    12815.7     7569.8    -4300.4      1.5      1.0      1.6 2023  1  4  6 36 41.150  1.09   1
   110812  40.603251 -124.142928    18.089     7560.3     5887.5    -3337.9      2.6      1.4      2.8 2023  2  2  5 38 31.180  0.92   1
