   101475  40.580579 -123.985872    20.598    20861.9     3369.9     -829.7      1.1      0.7      1.1 2020  1  4 12 29  8.640  0.00   1
   101476  40.576860 -123.961125    21.502    22958.3     2956.9       74.9      9.1      7.8     10.7 2020  2 13 22 21 36.940  0.00   1
   101477  40.581974 -123.992163    20.909    20329.0     3524.8     -518.4      1.4      0.9      1.8 2020  3 19  1  4 26.040  0.00   1
   101481  40.580811 -123.985107    20.637    20926.7     3395.6     -790.5      1.3      0.8      0.9 2021  3 29 15 56 33.780  0.00   1
   101482  40.581038 -123.985514    20.686    20892.2     3420.9     -741.6      1.0      0.4      0.9 2021  3 29 13 44 54.940  0.00   1
   101483  40.581034 -123.985376    20.694    20903.9     3420.5     -733.5      1.0      0.3      0.9 2021  3 30 14 30 26.580  0.00   1
   101484  40.580782 -123.984635    20.665    20966.7     3392.5     -762.3      1.0      0.5      0.8 2021  3 30 16 56 58.820  0.00   1
   101487  40.582467 -123.983659    20.521    21049.1     3579.5     -906.7      0.9      0.9      0.9 2021  9 19 18 51 35.660  0.00   1
   101488  40.569784 -123.951188    21.502    23801.1     2171.1       74.4     13.4     12.2     16.5 2021 12  7  4 20 27.260  0.00   1
   101564  40.532515 -124.274919    11.663    -3617.4    -1967.3    -9764.3      1.2      1.0      1.7 2020  1  4 11 37 20.680  0.00   1
   102513  40.559204 -124.123519    23.036     9206.7      996.3     1608.4      1.2      1.1      1.5 2020  1 21 18 29 29.080  0.00   1
   102514  40.563509 -124.139762    22.938     7830.7     1474.4     1510.3      1.4      1.0      1.6 2020  1 21 18 17 50.920  0.00   1
   102517  40.564343 -124.125000    22.899     9080.9     1567.0     1471.7      1.3      0.9      1.6 2020  1 21 18 17 12.580  0.00   1
   102584  40.556331 -124.104053    21.867    10855.7      677.3      440.1     13.6      8.2     15.8 2021 12 19 16 15 38.560  0.00   1
   102602  40.478097 -124.511092    24.667   -23634.5    -8010.3     3239.3      0.8      2.0      3.9 2021  8 10 19 30 57.060  0.00   1
   102603  40.479317 -124.505599    25.350   -23168.7    -7874.8     3923.1      0.9      1.5      2.5 2021  8 28  7 10 22.180  0.00   1
   102606  40.490039 -124.498869    24.816   -22596.6    -6684.1     3389.2      1.5      1.8      2.5 2021 11  9 13 23 16.920  0.00   1
   102608  40.477751 -124.507650    25.473   -23342.8    -8048.7     4045.8      1.6      0.7      2.7 2022  9  7 17 54 42.580  0.00   1
   102707  40.432581 -124.602734    23.364   -31411.7   -13064.6     1936.5      0.8      1.4      1.9 2020  1  5 11  4 39.240  0.00   1
   102709  40.447111 -124.595931    23.427   -30831.6   -11451.1     1999.7      0.8      1.0      1.0 2020  3 12 15 20 18.660  0.00   1
   102716  40.434920 -124.601261    23.436   -31286.3   -12804.8     2008.7      0.8      1.0      1.2 2020  5 19 15 58 35.460  0.00   1
   102717  40.435193 -124.602881    23.796   -31423.5   -12774.6     2368.3      0.8      0.8      0.8 2020  5 19  8 56  4.240  0.00   1
   102719  40.434493 -124.603996    21.693   -31518.2   -12852.3      266.0      0.8      1.1      1.7 2020  6  9 10 29  1.040  0.00   1
   102720  40.437541 -124.603597    21.380   -31483.7   -12513.8      -47.2      0.8      1.1      2.2 2020  6  9 11 54 57.660  0.00   1
   102721  40.433744 -124.597860    23.564   -30998.2   -12935.4     2136.9      0.7      1.0      1.2 2020  6 11 11 48 29.660  0.00   1
   102723  40.432776 -124.600993    23.350   -31264.0   -13043.0     1922.5      1.1      0.9      1.1 2020  6 28  9  4 35.860  0.00   1
   102727  40.436304 -124.604411    21.541   -31553.0   -12651.2      113.7      0.8      1.1      1.8 2020  9 21 21 53 10.520  0.00   1
   102728  40.429924 -124.602856    23.397   -31422.7   -13359.7     1969.4      0.7      0.9      0.9 2020  9 28  9 34 39.840  0.00   1
   102729  40.431832 -124.599601    23.404   -31146.3   -13147.8     1977.1      1.2      1.2      1.3 2020  9 29 16 42 12.380  0.00   1
   102730  40.430412 -124.601676    23.828   -31322.5   -13305.5     2400.3      1.1      1.4      1.5 2020  9 29 16  6 55.980  0.00   1
   102732  40.433968 -124.602458    23.370   -31387.9   -12910.6     1942.7      0.7      0.9      0.9 2020 10 13 22  5 11.460  0.00   1
   102734  40.434823 -124.603402    21.629   -31467.8   -12815.7      201.7      0.9      1.2      2.0 2020 12 19  3 23 42.480  0.00   1
   102736  40.428963 -124.599878    23.719   -31170.4   -13466.3     2291.3      0.9      0.8      1.6 2021  1 21 20 46 20.820  0.00   1
   102738  40.434408 -124.602181    23.662   -31364.4   -12861.8     2234.6      0.8      0.8      1.0 2021  2 12 20  8 51.240  0.00   1
   102739  40.433936 -124.600179    23.348   -31194.8   -12914.2     1921.3      0.9      0.8      0.9 2021  2 12  4 29 14.400  0.00   1
   102740  40.431437 -124.604346    23.540   -31548.6   -13191.6     2112.6      1.1      1.1      1.3 2021  2 20 23 40 36.700  0.00   1
   102742  40.436979 -124.605013    21.344   -31603.9   -12576.2      -83.4      0.8      1.1      2.4 2021  4 14  1 27 41.100  0.00   1
   102743  40.433671 -124.602018    22.622   -31350.8   -12943.5     1195.1      1.5      1.0      2.7 2021  4 14  5 38 37.620  0.00   1
   102749  40.433289 -124.602262    23.363   -31371.5   -12986.0     1935.7      0.6      0.7      0.9 2021  7 10 11 59 45.840  0.00   1
   102751  40.428625 -124.603646    23.529   -31489.9   -13503.8     2102.1      1.1      1.4      1.5 2021  8 31 18 13 15.560  0.00   1
   102754  40.430713 -124.603215    23.352   -31452.9   -13272.0     1924.8      0.8      0.8      0.8 2021  9 23  9 33 50.540  0.00   1
   102755  40.435026 -124.601945    23.372   -31344.2   -12793.1     1945.1      0.7      0.9      0.9 2021  9 30 19 10  2.220  0.00   1
   102756  40.433057 -124.603027    22.822   -31436.5   -13011.8     1394.6      1.1      2.0      2.3 2021 10  8 23 40 58.400  0.00   1
   102761  40.433049 -124.603052    22.747   -31438.5   -13012.7     1320.0      1.1      1.4      2.1 2021 12  9 20 12 36.400  0.00   1
   102763  40.436108 -124.602376    23.363   -31380.6   -12672.9     1935.3      0.9      0.9      1.1 2021 12 18  5 17 48.600  0.00   1
   102764  40.437630 -124.600952    23.369   -31259.5   -12503.9     1942.1      1.2      2.0      1.8 2021 12 20  7 12 18.880  0.00   1
   102768  40.433691 -124.602832    23.458   -31419.7   -12941.3     2030.6      1.3      2.2      1.2 2022  2 24 23 18 18.200  0.00   1
   102775  40.434993 -124.601961    23.373   -31345.6   -12796.7     1945.3      0.6      0.8      0.9 2022  5 12 21 39 49.620  0.00   1
   102776  40.429390 -124.604533    21.558   -31564.9   -13418.9      131.1      0.8      1.2      1.9 2022  5 15 21 30 42.600  0.00   1
   102777  40.436991 -124.603703    21.986   -31492.8   -12574.8      559.2      0.9      1.5      1.7 2022  6  2  9 50 27.060  0.00   1
   102778  40.436694 -124.605697    22.406   -31661.9   -12607.8      978.8      0.9      1.5      1.9 2022  6 17  0 59 30.760  0.00   1
   102780  40.435620 -124.602100    23.355   -31357.2   -12727.1     1927.9      0.9      1.0      1.1 2022  7 21  2 41 31.540  0.00   1
   102781  40.440930 -124.605965    22.122   -31683.7   -12137.5      695.0      0.8      1.2      1.3 2022  7 28  9 22  9.400  0.00   1
   102786  40.441459 -124.599658    20.711   -31148.9   -12078.7     -716.2      1.2      1.6      2.3 2022  9 18 15 28 46.440  0.00   1
   102787  40.426754 -124.596281    23.572   -30865.9   -13711.7     2145.1      1.3      0.7      1.1 2022 10  2 19 33 34.380  0.00   1
   102789  40.439478 -124.601644    23.385   -31317.7   -12298.8     1957.6      1.7      1.6      2.1 2022 10 17  4 45 23.620  0.00   1
   102790  40.427470 -124.599162    23.532   -31110.0   -13632.2     2104.9      0.8      0.7      1.1 2022 10 19 22 24 12.120  0.00   1
   102792  40.436873 -124.606128    23.233   -31698.4   -12587.9     1805.3      1.5      2.5      2.3 2022 11  4 23 19 49.560  0.00   1
   102871  40.517765 -124.431966    24.958   -16923.6    -3605.3     3530.7      4.4      5.9      9.5 2021 12 21 11 40 42.620  0.00   1
   102873  40.518266 -124.417310    22.965   -15681.8    -3549.7     1537.8      0.7      0.8      1.1 2021 12 27  5 28 17.460  0.00   1
   102877  40.519430 -124.418262    23.980   -15762.3    -3420.5     2552.5      0.9      0.9      0.9 2022 11 12  9 39  9.180  0.00   1
   102881  40.573739 -123.887118    22.445    29226.5     2610.3     1017.5      1.4      1.3      0.6 2020  6  5  7 17 17.540  0.00   1
   102882  40.586707 -123.893245    22.097    28704.8     4050.3      669.5      0.7      1.4      1.0 2021  8 31 10  1 55.460  0.00   1
   102884  40.575977 -123.890243    23.401    28961.4     2858.8     1973.3      0.9      1.0      0.7 2022  7  8 14 14 25.800  0.00   1
   102885  40.575281 -123.882349    22.444    29630.1     2781.6     1016.8      1.5      1.6      0.8 2022 10 15  6 34 45.100  0.00   1
   102906  40.551176 -124.494596    23.865   -22224.4      104.8     2437.5      1.4      1.0      2.2 2020  1  8  5 26 50.000  0.00   1
   102908  40.549540 -124.499658    23.926   -22653.5      -76.8     2498.4      1.3      0.9      0.8 2020 10 11 20 54  2.280  0.00   1
   102909  40.541825 -124.508317    26.650   -23388.3     -933.5     5222.8      3.0      2.6      4.6 2021  4 28 19 33 47.460  0.00   1
   102910  40.549414 -124.496094    23.830   -22351.6      -90.8     2402.7      0.8      0.7      0.6 2021  6 12  7 57 57.640  0.00   1
   102911  40.547078 -124.503882    24.349   -23011.7     -350.2     2921.7      1.3      1.4      3.3 2021  6 22  2 52 24.640  0.00   1
   102915  40.547290 -124.503117    23.837   -22946.8     -326.7     2409.8      0.7      0.6      0.8 2021 11 28 13  7  4.440  0.00   1
   102916  40.548527 -124.501180    23.931   -22782.6     -189.3     2503.9      0.9      0.8      0.8 2021 12 21 13 58 37.080  0.00   1
   103853  40.619816 -123.952612    21.942    23671.7     7727.0      514.4      1.9      1.2      4.3 2020  1 15 17  9  9.680  0.00   1
   103854  40.621102 -123.945044    21.654    24312.2     7869.8      227.1      1.3      1.1      1.2 2020  9  6  8  2 35.820  0.00   1
   103855  40.623730 -123.949080    21.600    23970.0     8161.7      172.8      1.3      1.2      1.1 2021 11 17  1 30  5.520  0.00   1
   103856  40.623551 -123.946525    21.633    24186.4     8141.8      205.9      1.1      0.8      1.1 2022  1 29  9  3 15.000  0.00   1
   103857  40.621773 -123.946289    21.670    24206.7     7944.3      242.5      1.2      0.9      1.1 2022  5 22  1 31 29.140  0.00   1
   103859  40.623995 -123.949113    21.557    23967.2     8191.0      130.2      1.2      1.1      1.1 2022  5 23  3 58 56.800  0.00   1
   103861  40.622734 -123.949341    21.700    23948.1     8051.0      272.3      1.0      0.7      1.4 2022  7 27 10 38  4.700  0.00   1
   103862  40.621440 -123.947437    21.784    24109.6     7907.3      357.0      1.8      1.1      3.2 2022 11 17 16  3 25.080  0.00   1
   103863  40.621008 -123.943815    21.582    24416.3     7859.4      154.6      1.1      0.9      1.0 2022 11 20 23 28 37.040  0.00   1
   103948  40.583435 -123.916520    25.612    26734.5     3687.1     4185.2      1.1      0.9      1.1 2020  7 15 23 27 17.180  0.00   1
   103949  40.583285 -123.916854    25.618    26706.3     3670.3     4190.3      1.0      1.0      0.9 2020  7 15 23 27  7.480  0.00   1
   103953  40.585014 -123.912443    23.939    27079.4     3862.4     2511.3      0.9      0.7      1.2 2021  6 28 22 30 49.640  0.00   1
   103955  40.587142 -123.916211    24.990    26760.0     4098.7     3562.4      1.3      1.2      1.4 2021  8 18 13 15  3.800  0.00   1
   103957  40.579260 -123.912695    26.870    27059.2     3223.5     5442.3      0.8      0.3      0.9 2021  9 30  0  5  3.500  0.00   1
   103958  40.582987 -123.906144    25.942    27613.3     3637.4     4515.0      0.7      0.4      1.3 2021 10 16 22 17 33.780  0.00   1
   103963  40.584379 -123.906372    25.838    27593.7     3791.9     4410.9      1.7      0.7      1.0 2022 10  3  1 19 38.240  0.00   1
   104037  40.620841 -124.321444    18.523    -7553.8     7840.9    -2903.8      2.0      1.1      3.7 2020  3 23  9 10 34.260  0.00   1
   104039  40.620907 -124.317065    19.898    -7183.2     7848.1    -1529.0      1.2      0.7      1.1 2020  3 31  1 10 40.520  0.00   1
   104040  40.620312 -124.315934    19.696    -7087.4     7782.1    -1730.9      1.1      0.8      1.6 2020 12 20  9 55 52.280  0.00   1
   104042  40.620150 -124.315918    19.657    -7086.1     7764.0    -1770.3      1.0      1.1      1.8 2020 12 20 10 47 46.800  0.00   1
   104043  40.620109 -124.315820    19.658    -7077.8     7759.5    -1769.1      1.0      1.0      1.8 2020 12 20 10 15 13.920  0.00   1
   104047  40.620561 -124.315902    19.888    -7084.7     7809.7    -1539.5      2.7      2.6      4.6 2021  4 20 22 55  3.440  0.00   1
   104048  40.620964 -124.321419    17.888    -7551.8     7854.4    -3539.2      6.2      3.9      9.3 2021  4 24 18 32 32.740  0.00   1
   104049  40.622550 -124.315519    19.991    -7052.2     8030.6    -1436.6      1.3      1.0      1.5 2021  6 29 21  7 22.600  0.00   1
   104052  40.622461 -124.316032    20.448    -7095.6     8020.7     -978.9      2.0      1.4      4.9 2021  7  2  7 55 22.400  0.00   1
   104053  40.618669 -124.315690    21.058    -7066.8     7599.6     -369.4      1.4      1.0      3.3 2021  7  3 16 38 35.240  0.00   1
   104054  40.621960 -124.315487    20.151    -7049.4     7965.1    -1275.8      1.6      1.0      2.5 2021  7 14 14 46 21.240  0.00   1
   104055  40.622217 -124.315763    20.108    -7072.9     7993.6    -1319.0      1.2      1.3      2.6 2021  9 17 10  9 30.180  0.00   1
   104056  40.617330 -124.317952    21.193    -7258.5     7450.9     -234.6      1.2      0.8      1.8 2021 11 18  9 48  5.620  0.00   1
   104060  40.619930 -124.312362    20.319    -6785.0     7739.7    -1108.4      1.2      0.9      2.0 2022  4 14 20  4 26.860  0.00   1
   104061  40.620321 -124.314380    20.456    -6955.8     7783.0     -971.6      1.4      1.0      2.6 2022  6 16 20 44 53.720  0.00   1
   104064  40.620170 -124.311727    20.359    -6731.2     7766.3    -1068.7      1.6      1.2      2.3 2022 10 23 23 59  6.320  0.00   1
   104510  40.562484 -124.130615    22.376     8605.5     1360.5      949.0      0.5      0.4      0.5 2020  1 21 18 16 13.040  0.00   1
   104905  40.521842 -124.420011    26.226   -15910.3    -3152.5     4799.1      3.4      2.5      4.2 2020  6 22 15 25 24.880  0.00   1
   104911  40.511279 -124.420052    23.946   -15915.0    -4325.5     2518.6      0.7      0.6      1.2 2021  5 20 19 21 47.940  0.00   1
   104917  40.503975 -124.428044    23.819   -16593.0    -5136.6     2391.9      1.3      0.9      1.1 2021  9 17 15 11 51.640  0.00   1
   104918  40.506930 -124.419686    24.728   -15884.4    -4808.5     3300.7      1.9      1.5      3.6 2021 10  5 18 21 58.320  0.00   1
   104923  40.499984 -124.427010    24.167   -16505.9    -5579.8     2739.5      0.7      1.6      3.2 2021 12 22  5 52  2.020  0.00   1
   104928  40.510929 -124.419246    25.430   -15846.7    -4364.4     4002.7      1.4      0.8      2.5 2022  1 30  2  6 57.660  0.00   1
   104932  40.510730 -124.418994    25.417   -15825.4    -4386.5     3990.0      1.3      0.8      2.4 2022  3  5  0 58 53.080  0.00   1
   104936  40.511727 -124.424219    23.528   -16267.9    -4275.8     2100.9      1.2      1.0      1.0 2022  7 27  2 17 47.560  0.00   1
   104940  40.517810 -124.495549    15.987   -22310.6    -3600.3    -5440.4      1.3      1.2      1.7 2020  1 27  9 51 13.860  0.00   1
   104941  40.517920 -124.491691    15.835   -21983.8    -3588.1    -5592.2      1.1      0.8      1.6 2020  2 20  6 32 59.280  0.00   1
   104942  40.521391 -124.491960    14.601   -22006.0    -3202.7    -6826.2      2.0      2.0      3.2 2020  4  6  9 21 20.960  0.00   1
   104943  40.517773 -124.494328    15.724   -22207.2    -3604.4    -5703.7      1.5      1.8      3.1 2020 12 17 16 41  8.520  0.00   1
   104944  40.518034 -124.489119    15.713   -21765.9    -3575.4    -5714.0      0.9      1.2      1.9 2020 12 19 14 18 19.400  0.00   1
   104945  40.520931 -124.496672    15.869   -22405.2    -3253.7    -5558.3      0.6      0.6      1.7 2021  5 24  0 40 45.520  0.00   1
   104946  40.520028 -124.498006    15.889   -22518.5    -3354.0    -5538.4      0.6      0.6      1.8 2021 11  6  3 38 12.480  0.00   1
   105385  40.552197 -123.973975    21.524    21874.1      218.2       96.8      1.0      0.8      0.8 2021  4  1  4 46 23.960  0.00   1
   105390  40.594132 -123.955737    21.422    23411.6     4875.0       -4.9      2.8      2.2      2.5 2021  5 23 15 44  5.100  0.00   1
   105391  40.603760 -123.986434    22.195    20810.8     5944.0      767.5      1.8      0.7      1.9 2021  6 30  5 49 47.860  0.00   1
   105476  40.760958 -123.871883    20.710    30474.3    23400.1     -717.2      2.1      1.3      2.3 2021  4 17 11 13 27.660  0.00   1
   105477  40.760384 -123.867326    19.987    30859.9    23336.4    -1440.2      1.3      1.0      1.8 2021  5 16 18 21  8.560  0.00   1
   105483  40.758704 -123.861418    20.739    31359.9    23149.8     -688.2      1.4      1.1      1.9 2022  5  4  3 34 42.980  0.00   1
   105706  40.597237 -124.042643    21.837    16052.3     5219.7      410.0      1.2      1.0      1.2 2020  2  8  2 28 57.160  0.00   1
   105713  40.597839 -124.063330    23.368    14300.6     5286.6     1941.1      1.7      0.9      1.1 2021  8 21  3 33 28.140  0.00   1
   105954  40.544735 -124.061312    19.771    14477.2     -610.4    -1655.9      0.7      0.6      0.9 2020  2  8 19 52 44.320  0.00   1
   105955  40.541606 -124.064868    19.515    14176.2     -957.9    -1912.0      0.8      0.8      0.8 2020  2 23  1  6 17.520  0.00   1
   105956  40.540548 -124.075765    20.048    13253.3    -1075.4    -1379.3      1.1      1.0      1.2 2020 10 23 10 31 25.740  0.00   1
   105957  40.548173 -124.067228    19.282    13975.6     -228.6    -2145.1      1.2      1.0      1.3 2021  2 19 15  2  5.840  0.00   1
   105958  40.544491 -124.061963    19.852    14422.0     -637.6    -1575.3      0.6      0.8      0.6 2021  7 27 12 42 23.820  0.00   1
   105960  40.543148 -124.068229    19.274    13891.4     -786.7    -2152.8      0.7      0.8      1.2 2021  9  6  1 57 48.460  0.00   1
   105961  40.543978 -124.070264    21.695    13718.9     -694.5      268.0      1.0      1.2      1.8 2021 10 30 15 54 35.980  0.00   1
   106005  40.588033 -124.095313    19.721    11593.3     4197.6    -1706.1      3.2      1.8      1.5 2020  4 19 13  8 57.480  0.00   1
   106006  40.596509 -124.092619    18.731    11820.7     5138.8    -2695.9      2.7      1.6      2.5 2020  6  7 18 47 39.820  0.00   1
   106007  40.593811 -124.085091    19.145    12458.3     4839.3    -2281.8      1.0      0.7      0.9 2020  7 20 16 45 35.520  0.00   1
   106008  40.593591 -124.083154    19.247    12622.4     4814.9    -2179.9      0.9      0.7      0.9 2021 11 25 11 31 45.620  0.00   1
   106009  40.593982 -124.084139    19.173    12538.9     4858.2    -2254.2      1.0      0.9      1.1 2022  1 31  2 46 32.380  0.00   1
   106065  40.534550 -124.390088    25.472   -13373.8    -1741.4     4044.7      0.5      0.5      0.7 2020  2 11 17 54 25.540  0.00   1
   106069  40.500183 -124.446151    16.124   -18127.8    -5557.7    -5302.9      1.7      1.2      4.1 2021  7 22 12 38 41.980  0.00   1
   106070  40.506368 -124.449146    15.760   -18380.7    -4870.9    -5667.7      0.9      1.3      1.2 2021  8 21  7 21 12.600  0.00   1
   106079  40.632568 -123.986792    26.230    20776.0     9143.1     4803.2      1.1      1.4      1.6 2020  2 13 23  7 46.880  0.00   1
   106080  40.644828 -123.978906    27.299    21441.6    10504.5     5872.2      2.6      2.0      4.5 2020  2 27  1  9  9.980  0.00   1
   106081  40.640800 -123.988468    25.875    20632.9    10057.2     4447.3      1.2      1.2      1.1 2020  6 29  6 46  6.840  0.00   1
   106082  40.633879 -123.977873    26.335    21530.9     9288.6     4907.3      1.8      1.3      2.4 2021 11 14 16 50 17.560  0.00   1
   106083  40.640137 -123.984269    25.913    20988.4     9983.5     4485.6      1.2      0.8      1.2 2022  2 10  2 19 50.980  0.00   1
   106084  40.641325 -123.982658    25.744    21124.6    10115.5     4316.3      1.4      0.9      1.5 2022  6  3  6  4  3.860  0.00   1
   106096  40.581315 -124.207284    20.322     2111.6     3451.6    -1105.4      1.3      0.6      0.9 2021 11  2  4 49 56.460  0.00   1
   106102  40.515031 -124.413379    20.278   -15349.1    -3908.9    -1149.7      7.5      9.9      6.4 2022  7  6 11 29  4.460  0.00   1
   106103  40.514591 -124.413265    20.723   -15339.5    -3957.7     -704.3      8.6     10.3     12.8 2022  8 16  8  0  8.060  0.00   1
   106104  40.515377 -124.414673    20.563   -15458.7    -3870.5     -863.9      6.3      7.9     13.5 2022  8 29 21 57 39.860  0.00   1
   106135  40.553223 -124.215690    16.991     1400.0      332.1    -4436.1      0.4      0.6      1.1 2021  9 13  0  4  6.120  0.00   1
   106440  40.554891 -124.052490    21.973    15223.3      517.4      545.8      1.4      1.1      1.8 2021  9  4  5 13 46.140  0.00   1
   106496  40.593628 -124.106901    19.549    10611.5     4818.9    -1878.4      0.7      0.7      0.8 2021  8 27  1 44  5.160  0.00   1
   106497  40.592920 -124.105575    19.595    10723.9     4740.3    -1832.4      1.1      1.3      1.4 2021 11 30  0 51 56.760  0.00   1
   106499  40.593233 -124.105648    19.649    10717.7     4775.1    -1777.9      0.6      0.4      1.0 2022  1  8 11 15 11.920  0.00   1
   106609  40.614380 -123.836792    26.984    33478.5     7123.3     5556.5      1.7      0.9      1.8 2020  2 20 17 26 49.040  0.00   1
   106610  40.608366 -123.846859    27.459    32627.7     6455.5     6031.4      0.7      0.6      0.7 2020  7 17 16 58  8.720  0.00   1
   106612  40.606889 -123.847656    28.732    32560.5     6291.5     7304.9      1.8      1.7      1.5 2021 11 24  2 11 55.300  0.00   1
   106613  40.611178 -123.849382    27.648    32413.4     6767.7     6221.0      0.7      0.6      0.7 2022  5 21  1 58 58.180  0.00   1
   106614  40.506234 -124.412712    23.071   -15293.6    -4885.8     1643.9      5.2      6.4      5.2 2020  2 21 12  1 53.080  0.00   1
   106677  40.571163 -124.072396    19.826    13535.6     2324.3    -1600.9      1.9      1.5      1.7 2020  2 22  2  3 27.180  0.00   1
   106678  40.573173 -124.073901    20.045    13407.9     2547.5    -1381.9      1.4      0.7      0.7 2021  2 19 10 17 53.000  0.00   1
   106679  40.577169 -124.068945    19.571    13827.2     2991.2    -1855.8      1.7      1.6      1.3 2022  1 22 18 50  2.840  0.00   1
   106849  40.553202 -123.978800    21.308    21465.2      329.8     -119.5      0.8      1.2      0.7 2020  2 25 10 41 25.500  0.00   1
   106850  40.547791 -123.974764    21.413    21808.0     -271.1      -13.9      1.2      1.1      1.0 2020  6 21 16  9 47.640  0.00   1
   106852  40.539115 -123.965479    21.917    22595.9    -1234.4      489.7      1.2      0.9      1.8 2021  6 16 14  0 25.980  0.00   1
   106853  40.549325 -123.976099    21.844    21694.7     -100.8      417.1      1.2      1.5      1.7 2021  6 17 11 40 36.000  0.00   1
   106855  40.551343 -123.974390    21.498    21839.1      123.4       70.9      1.2      1.3      1.0 2022  9 27  4 34 50.860  0.00   1
   106908  40.622677 -124.302620    19.909    -5960.2     8044.6    -1518.6      1.3      0.9      1.7 2021  4  2 11 45  2.260  0.00   1
   106909  40.624377 -124.299121    19.383    -5663.8     8233.5    -2044.6      2.4      0.7      3.6 2021  4  7  1 55 18.100  0.00   1
   106910  40.621285 -124.302295    20.123    -5932.7     7890.1    -1303.9      1.7      0.8      2.8 2021 10 17 14 20 53.460  0.00   1
   106916  40.623987 -124.298690    19.584    -5627.3     8190.1    -1843.5      1.7      0.9      1.6 2022  7 14  7 38  2.880  0.00   1
   106917  40.503495 -124.331860    19.128    -8443.0    -5189.9    -2298.0      0.6      0.8      1.6 2020  2 29  6 25 39.720  0.00   1
   106919  40.505257 -124.338900    18.408    -9039.4    -4994.2    -3019.3      1.1      1.1      1.5 2020  6 25 12 39 13.840  0.00   1
   106920  40.504911 -124.339543    18.312    -9093.9    -5032.6    -3115.7      1.2      1.3      1.6 2020  6 26 13 51 55.760  0.00   1
   106921  40.504602 -124.339225    18.342    -9067.0    -5067.0    -3084.8      1.2      1.2      1.5 2020  6 27  9  8 18.860  0.00   1
   106924  40.500875 -124.333879    18.768    -8614.2    -5480.9    -2659.4      1.1      1.2      1.2 2020  7 15 15 49 31.760  0.00   1
   106925  40.504561 -124.339209    18.346    -9065.7    -5071.5    -3081.4      1.2      1.2      1.5 2020  7 15  2 55 13.780  0.00   1
   106926  40.500822 -124.333944    18.906    -8619.7    -5486.8    -2520.9      1.5      1.2      1.6 2020  7 15  5  0 39.940  0.00   1
   106927  40.504671 -124.339355    18.434    -9078.1    -5059.3    -2993.0      1.1      1.1      1.5 2020  7 15 19 40 35.320  0.00   1
   106930  40.504378 -124.339168    18.422    -9062.2    -5091.8    -3005.1      1.6      1.7      2.0 2020  7 16 16  0 18.620  0.00   1
   106931  40.502006 -124.330037    19.533    -8288.7    -5355.3    -1894.4      1.5      1.5      1.3 2020  7 16 12 26  9.680  0.00   1
   106933  40.505119 -124.341243    18.720    -9238.0    -5009.6    -2707.4      0.6      0.7      1.2 2020 11 20 17 12 56.060  0.00   1
   106934  40.509383 -124.328174    18.574    -8130.3    -4536.1    -2853.7      1.0      1.0      2.1 2021  5 12 18 32 23.080  0.00   1
   106937  40.509969 -124.327563    18.461    -8078.6    -4471.0    -2966.1      2.3      2.3      2.2 2021  7 11  5  6 12.560  0.00   1
   106939  40.510372 -124.327962    18.438    -8112.3    -4426.3    -2989.7      1.1      1.2      1.2 2021  7 11  7 17 55.760  0.00   1
   106940  40.508500 -124.326587    18.961    -7995.9    -4634.1    -2466.7      1.2      1.2      1.8 2021  7 11  4 14 40.000  0.00   1
   106941  40.508647 -124.326774    18.948    -8011.8    -4617.9    -2478.8      1.2      1.3      1.9 2021  7 11  3 36 34.760  0.00   1
   106942  40.510221 -124.327523    18.424    -8075.1    -4443.0    -3002.8      1.4      1.3      1.3 2021  7 11  2 14  1.880  0.00   1
   106943  40.508268 -124.326237    18.934    -7966.3    -4659.9    -2493.5      1.2      1.2      1.8 2021  7 11  7 49 35.560  0.00   1
   106944  40.508573 -124.326603    18.936    -7997.3    -4626.0    -2491.7      1.2      1.3      1.8 2021  7 12  6 52 59.100  0.00   1
   106945  40.509957 -124.327401    18.653    -8064.8    -4472.4    -2774.1      1.2      1.3      1.3 2021  7 12  7 38 34.800  0.00   1
   106947  40.510014 -124.327751    18.416    -8094.4    -4466.0    -3011.7      2.5      2.6      2.7 2021  7 12  6 52  5.820  0.00   1
   106948  40.509294 -124.326579    18.604    -7995.2    -4546.0    -2822.8      0.8      0.9      1.3 2021  7 12  6 57 12.740  0.00   1
   106949  40.509961 -124.327376    18.653    -8062.7    -4471.9    -2774.7      1.1      1.2      1.3 2021  7 12  6 51 15.180  0.00   1
   106950  40.509896 -124.327393    18.660    -8064.1    -4479.1    -2767.7      1.2      1.3      1.3 2021  7 12 22 18 34.740  0.00   1
   106951  40.510400 -124.327059    18.507    -8035.8    -4423.1    -2920.2      1.0      1.1      1.2 2021  7 12  8 58 54.960  0.00   1
   106952  40.510099 -124.327563    18.461    -8078.6    -4456.5    -2965.9      2.2      2.2      1.9 2021  7 12  8 46 32.680  0.00   1
   106953  40.509045 -124.326115    18.677    -7955.9    -4573.6    -2749.9      1.3      1.1      1.3 2021  7 12  6 48 36.980  0.00   1
   106954  40.509745 -124.327091    18.645    -8038.6    -4495.9    -2781.9      1.1      1.2      1.3 2021  7 12  6 58 19.680  0.00   1
   106959  40.509021 -124.324308    18.788    -7802.8    -4576.3    -2638.8      1.5      1.0      1.8 2021  7 12 15 18 57.120  0.00   1
   106960  40.508354 -124.326392    18.934    -7979.4    -4650.4    -2493.0      1.1      1.2      2.0 2021  7 12 12 15  8.320  0.00   1
   106961  40.508679 -124.326815    18.963    -8015.2    -4614.2    -2464.3      1.2      1.3      1.8 2021  7 12  7 42 57.140  0.00   1
   106962  40.508423 -124.326440    18.928    -7983.5    -4642.7    -2499.1      1.2      1.3      1.8 2021  7 12  8  3  8.480  0.00   1
   106964  40.508435 -124.326343    18.909    -7975.2    -4641.4    -2518.4      1.3      1.3      1.8 2021  7 12  5 33 43.540  0.00   1
   106965  40.508464 -124.326652    19.005    -8001.4    -4638.2    -2422.1      1.2      1.1      1.7 2021  7 12  8 56 41.260  0.00   1
   106967  40.509932 -124.327075    18.523    -8037.2    -4475.1    -2904.4      1.7      1.6      1.6 2021  7 13  3 34 41.120  0.00   1
   106968  40.508252 -124.327376    18.941    -8062.8    -4661.7    -2486.0      1.3      1.4      2.0 2021  7 13 11  0 10.880  0.00   1
   106970  40.507674 -124.323055    18.769    -7696.7    -4725.8    -2658.0      1.8      1.2      1.5 2021  7 15 17 56 38.860  0.00   1
   106971  40.507865 -124.323535    18.731    -7737.4    -4704.6    -2696.3      1.6      1.1      1.4 2021  7 24 15 17 23.680  0.00   1
   106974  40.510278 -124.330363    18.234    -8315.7    -4436.7    -3192.8      0.8      0.8      1.2 2021 12 20 23 45 33.300  0.00   1
   106975  40.502519 -124.338127    18.736    -8974.1    -5298.3    -2691.0      1.2      1.3      1.1 2021 12 20 21 54 42.040  0.00   1
   106977  40.511926 -124.332373    20.344    -8486.0    -4253.7    -1083.6      1.2      0.9      0.6 2021 12 21 12 29 57.320  0.00   1
   106978  40.500509 -124.334871    18.895    -8698.4    -5521.5    -2531.9      0.9      1.1      1.2 2021 12 22  7  9  8.260  0.00   1
   106979  40.503459 -124.334025    19.001    -8626.5    -5194.0    -2426.5      1.0      0.8      1.1 2021 12 22 17  4 29.540  0.00   1
   106983  40.504716 -124.338241    18.651    -8983.6    -5054.3    -2776.1      1.1      1.1      1.5 2021 12 23 19 43 35.140  0.00   1
   106984  40.507125 -124.326758    18.299    -8010.5    -4786.8    -3127.8      2.9      0.8      2.5 2021 12 23  6 28 39.440  0.00   1
   106986  40.510262 -124.327954    18.634    -8111.6    -4438.5    -2793.1      1.0      1.1      1.2 2021 12 25  0 41  6.140  0.00   1
   106988  40.509224 -124.326799    18.563    -8013.8    -4553.7    -2864.0      1.2      1.0      1.0 2021 12 31  7 30 11.740  0.00   1
   106989  40.503198 -124.342171    19.100    -9316.7    -5222.9    -2327.1      1.1      1.3      2.1 2022  1  2 19  6  3.500  0.00   1
   106990  40.506185 -124.329199    18.277    -8217.4    -4891.2    -3150.2      1.2      0.7      1.0 2022  1  2 18 43 27.640  0.00   1
   106991  40.503503 -124.332935    19.240    -8534.1    -5189.0    -2187.3      1.3      1.3      1.5 2022  1 29  0 56  4.940  0.00   1
   106992  40.505119 -124.331925    18.663    -8448.5    -5009.6    -2764.6      1.1      1.0      0.9 2022  2 20  7 55 33.920  0.00   1
   106993  40.508207 -124.327409    19.420    -8065.6    -4666.7    -2007.5      1.1      1.1      1.4 2022  4 11  8 48 35.180  0.00   1
   106995  40.509403 -124.324797    18.566    -7844.2    -4533.8    -2860.8      1.5      1.0      1.4 2022  5 14  5 11 24.580  0.00   1
   106996  40.510974 -124.330070    18.157    -8290.9    -4359.4    -3269.9      0.9      0.9      1.3 2022  5 21 19  6 31.100  0.00   1
   106997  40.506803 -124.322453    18.644    -7645.7    -4822.5    -2782.9      1.1      0.6      1.2 2022  7 18  4 14 31.760  0.00   1
   107286  40.595894 -124.033626    24.312    16816.0     5070.6     2884.8      0.8      0.7      1.5 2020  4 12 17 13 25.640  0.00   1
   107287  40.592749 -124.018587    22.744    18089.8     4721.3     1316.9      1.8      1.4      1.5 2020  4 18 11  7 43.200  0.00   1
   107288  40.594661 -124.015389    23.104    18360.4     4933.7     1676.5      1.3      0.9      1.1 2020 11 20  1 42 41.040  0.00   1
   107289  40.594674 -124.018913    23.071    18062.0     4935.0     1643.5      1.8      1.2      1.6 2020 11 20  1 23 58.260  0.00   1
   107290  40.594576 -124.015299    23.096    18368.0     4924.2     1668.8      1.4      0.7      1.1 2020 11 20  1 20 56.960  0.00   1
   107291  40.593575 -124.015706    23.299    18333.7     4813.1     1871.8      1.1      1.0      1.2 2020 11 20  7  8 23.000  0.00   1
   107292  40.597697 -124.002856    22.977    19421.2     5270.8     1549.9      2.6      1.0      3.2 2021 11 14 17  4  4.680  0.00   1
   107293  40.595939 -124.014022    22.256    18476.0     5075.6      829.0      1.3      1.1      1.5 2021 12  5 10 31 19.440  0.00   1
   107297  40.589701 -123.994759    23.280    20108.0     4382.9     1852.9      0.8      0.7      1.0 2022  1 27  3  6  7.800  0.00   1
   107337  40.510514 -124.426147    23.510   -16431.5    -4410.5     2082.6      7.9     14.0      6.0 2020  3  7  9 53 50.140  0.00   1
   107338  40.486434 -124.453377    26.427   -18742.0    -7084.5     4999.3      1.0      1.2      1.0 2020  9 23 15 27 24.660  0.00   1
   107341  40.503394 -124.430200    25.661   -16775.8    -5201.2     4234.2      1.3      1.6      1.4 2022  5  3 13  8 48.100  0.00   1
   107359  40.527466 -124.381795    25.072   -12672.0    -2528.1     3644.6      0.9      1.1      1.9 2021 12 20 22 54  5.520  0.00   1
   107361  40.525012 -124.401147    23.141   -14311.7    -2800.5     1713.6      1.2      0.7      1.1 2021 12 20 21 57 14.080  0.00   1
   107370  40.476770 -124.535164    26.240   -25674.9    -8157.6     4812.3      3.1      5.9      7.6 2021 11 16  4 40 39.460  0.00   1
   107371  40.470178 -124.531901    23.751   -25399.5    -8889.6     2323.7      0.6      1.2      0.8 2022  4  3 19 28  4.080  0.00   1
   107574  40.468168 -124.427319    19.306   -16536.0    -9112.8    -2121.6      1.3      1.9      1.4 2020  3 11 22 47 36.760  0.00   1
   107579  40.472294 -124.429183    19.886   -16693.4    -8654.6    -1540.8      1.1      1.1      1.4 2021  9 21 12 24 42.300  0.00   1
   107580  40.471611 -124.431079    19.404   -16854.2    -8730.5    -2023.3      0.9      1.1      1.2 2021 10 16  2 20 43.560  0.00   1
   107582  40.483744 -124.436401    19.277   -17303.7    -7383.1    -2150.4      0.8      1.2      2.8 2022  2  5  7 43 32.760  0.00   1
   107583  40.471615 -124.429419    19.831   -16713.5    -8730.1    -1596.0      1.4      1.5      1.7 2022  2 19 19 28 29.060  0.00   1
   107584  40.469047 -124.427401    19.751   -16542.8    -9015.2    -1676.6      1.6      1.5      1.7 2022  2 21 15 20 50.320  0.00   1
   107585  40.469067 -124.427572    19.744   -16557.2    -9012.9    -1682.8      1.3      1.3      1.5 2022  3  8 13 52  8.680  0.00   1
   107586  40.472180 -124.430493    19.923   -16804.5    -8667.3    -1503.9      1.2      1.4      1.1 2022  3 17  5 45 51.800  0.00   1
   107609  40.570129 -123.956592    21.508    23343.4     2209.5       80.6      0.9      0.7      0.9 2021 12 25 22 49 23.520  0.00   1
   107620  40.509810 -124.476628    27.668   -20708.8    -4488.6     6240.9      7.9      9.3      9.6 2020  3 20 11 54 38.000  0.00   1
   107621  40.501782 -124.506209    26.339   -23216.6    -5380.1     4911.6      1.7      2.2      2.4 2020  3 20 22 28 21.200  0.00   1
   107622  40.507450 -124.505607    26.330   -23164.6    -4750.7     4903.1      0.7      1.2      2.0 2020  3 21 20 18  7.640  0.00   1
   107623  40.506771 -124.505265    26.314   -23135.8    -4826.2     4887.2      0.7      1.1      1.8 2020  3 21 19  0  1.520  0.00   1
   107626  40.498226 -124.498348    27.010   -22551.1    -5775.0     5583.1      1.6      1.8      1.9 2020  4 18 11  0 19.100  0.00   1
   107627  40.499084 -124.514583    27.483   -23926.7    -5679.7     6055.5      1.2      1.2      1.8 2020  4 29 15  5 11.240  0.00   1
   107635  40.499858 -124.502401    27.312   -22894.2    -5593.8     5884.8      1.3      0.8      1.4 2021  6 23  5 14 47.320  0.00   1
   107636  40.503552 -124.503914    26.945   -23021.8    -5183.6     5517.4      0.7      0.7      1.0 2021  6 27 15 30 22.300  0.00   1
   107638  40.507975 -124.511043    25.435   -23625.1    -4692.4     4007.6      3.0      3.1      5.8 2021  8 29 17 32  5.980  0.00   1
   107639  40.500228 -124.504053    27.686   -23034.1    -5552.7     6258.6      0.7      1.2      1.8 2021  9  1  5  5 36.660  0.00   1
   107641  40.501750 -124.503678    27.425   -23002.2    -5383.7     5997.7      0.8      0.7      1.4 2021 10  7 19  8 24.060  0.00   1
   107644  40.491313 -124.507048    27.566   -23289.4    -6542.7     6138.6      0.7      1.3      1.0 2021 10 30 23 40 23.100  0.00   1
   107645  40.498787 -124.496810    27.541   -22420.6    -5712.7     6113.9      1.4      1.5      1.2 2021 11 20  8 44 57.940  0.00   1
   107648  40.503516 -124.495410    28.104   -22301.2    -5187.6     6677.1      0.9      1.5      1.0 2021 12 18  8 55  3.900  0.00   1
   107651  40.505823 -124.488713    26.354   -21733.4    -4931.4     4926.4      1.0      1.1      1.0 2022  1 12 11 34 59.600  0.00   1
   107654  40.489876 -124.504435    26.811   -23068.3    -6702.2     5384.0      1.1      1.9      3.0 2022  4 13 23 57 43.640  0.00   1
   107655  40.496326 -124.492399    26.257   -22047.3    -5986.0     4829.8      6.9      8.1     13.0 2022  7 29 16 38  2.820  0.00   1
   107656  40.487748 -124.502539    28.378   -22908.0    -6938.5     6951.0      1.1      1.6      0.9 2022  8 10  2 25 35.080  0.00   1
   107657  40.491060 -124.497559    28.046   -22485.4    -6570.7     6619.0      1.5      1.4      0.9 2022  8 23  6 57 35.860  0.00   1
   107661  40.494771 -124.519181    26.325   -24317.0    -6158.6     4897.4      0.8      0.9      1.4 2022 10 16 17  6 16.580  0.00   1
   107662  40.493787 -124.510571    27.562   -23587.6    -6268.0     6134.4      0.9      1.3      1.8 2022 10 16 21 31  2.740  0.00   1
   107663  40.494775 -124.510050    27.556   -23543.3    -6158.2     6128.4      0.9      1.2      1.9 2022 10 16 17  0 17.060  0.00   1
   107664  40.524247 -124.389014    23.703   -13283.8    -2885.5     2276.1      1.4      1.2      1.8 2020  3 13 19 20 41.280  0.00   1
   107680  40.562052 -123.997184    22.621    19906.7     1312.6     1194.0      1.7      0.3      0.3 2020  4 27  3 46 18.440  0.00   1
   107683  40.562284 -124.014608    22.560    18431.0     1338.4     1132.4      1.0      0.6      0.7 2020 11 11 11 22 54.400  0.00   1
   107687  40.561304 -123.999105    22.099    19744.2     1229.5      671.5      0.7      0.7      1.0 2021 12 25 23  5 26.280  0.00   1
   107808  40.546700 -124.195793    27.154     3085.5     -392.2     5726.9      0.7      0.6      1.2 2020  3 18 22 58 40.420  0.00   1
   107818  40.463965 -123.820272    23.190    34916.0    -9579.6     1762.4      1.2      2.2      1.0 2021  1 21 21  8 56.860  0.00   1
   107819  40.464718 -123.818929    23.177    35029.7    -9496.0     1750.1      1.3      1.4      1.2 2021  1 24 19 45 59.820  0.00   1
   107820  40.466573 -123.821053    23.068    34849.2    -9289.9     1641.1      1.0      1.3      0.7 2022  1 24 23 34 18.900  0.00   1
   107823  40.469759 -123.822746    23.183    34704.9    -8936.1     1755.7      0.6      1.1      0.7 2022 11 20 17  4 54.300  0.00   1
   107825  40.515633 -124.418441    19.980   -15777.9    -3842.0    -1447.2      2.9      3.2      4.3 2020  3 18 23 32 29.300  0.00   1
   107844  40.621781 -124.311125    19.814    -6680.2     7945.2    -1613.6      0.8      0.4      1.6 2020  3 18  4 40 58.500  0.00   1
   107847  40.622127 -124.306453    21.175    -6284.7     7983.6     -251.8      1.1      0.5      2.1 2022  1 23 16 30 25.180  0.00   1
   107849  40.621798 -124.311776    19.557    -6735.3     7947.0    -1870.4      1.0      0.4      2.2 2022 10 21 10 46 28.380  0.00   1
   107887  40.582043 -124.428556    23.016   -16626.8     3532.5     1589.1      1.4      1.3      1.5 2020  7 13 13  8 40.060  0.00   1
   107888  40.580709 -124.432308    23.470   -16944.7     3384.3     2042.7      1.2      1.2      1.5 2020  8 15  3 41 44.920  0.00   1
   107890  40.581165 -124.432772    23.407   -16983.9     3434.9     1979.6      1.2      1.4      1.6 2021  8  9 17  8 53.000  0.00   1
   107891  40.583952 -124.431982    23.941   -16916.7     3744.4     2513.4      1.6      1.3      1.3 2021  8 11  0 58 47.400  0.00   1
   107895  40.574662 -124.435970    22.838   -17255.6     2712.9     1410.7      1.4      1.3      1.7 2022  9  4 19 13 25.340  0.00   1
   107928  40.582975 -124.427238    23.144   -16515.0     3636.0     1717.2      0.5      0.6      0.7 2020  7 22  0 55 19.100  0.00   1
   107930  40.612638 -124.435059    22.973   -17173.5     6929.9     1545.9      2.4      1.4      1.6 2021 12 13  1 46 42.200  0.00   1
   107964  40.535531 -124.398812    17.664   -14112.8    -1632.5    -3762.8      0.7      0.7      1.1 2021 11 14  0  8  4.400  0.00   1
   107965  40.529163 -124.392472    18.006   -13576.4    -2339.7    -3421.4      4.7      6.0     10.6 2021 12 21 22 13 12.300  0.00   1
   107971  40.530896 -124.406494    16.873   -14764.1    -2147.2    -4554.4      0.7      0.4      1.0 2022 10  9 19  5  2.280  0.00   1
   107978  40.535807 -124.423438    28.434   -16198.9    -1601.8     7006.9      0.9      2.0      1.8 2021  4 15  8 56 41.520  0.00   1
   107980  40.527319 -124.424316    26.778   -16274.3    -2544.3     5350.7      1.0      0.9      1.1 2021  8  4 18 58 46.060  0.00   1
   107981  40.530558 -124.419336    26.644   -15852.0    -2184.7     5217.0      0.8      0.7      1.0 2021  8 21 16 23 33.700  0.00   1
   107983  40.523600 -124.434416    26.210   -17130.4    -2957.3     4782.9      1.4      1.0      1.7 2021 11  3  7 32 49.840  0.00   1
   107984  40.515841 -124.429500    26.903   -16714.9    -3819.0     5476.2      1.3      1.3      2.0 2021 12  3 10 42 13.240  0.00   1
   107988  40.529191 -124.420671    26.674   -15965.2    -2336.5     5246.8      1.7      1.4      2.2 2022  2 13 11 20 53.200  0.00   1
   107989  40.517684 -124.423112    27.149   -16173.5    -3614.3     5721.6      1.7      0.9      1.4 2022  4 26 22 35 44.360  0.00   1
   107990  40.528463 -124.422892    26.642   -16153.5    -2417.4     5214.3      0.9      0.9      0.9 2022  8 18  8 41 53.440  0.00   1
   107991  40.530965 -124.425781    26.203   -16398.0    -2139.5     4775.3      1.3      1.0      1.4 2022 11  8  8 40 30.120  0.00   1
   107992  40.526762 -123.990861    20.700    20447.6    -2606.2     -727.1      0.3      0.1      0.4 2020  3 19 15 51  1.740  0.00   1
   107998  40.517098 -123.977173    20.903    21608.8    -3679.4     -524.3      0.3      0.2      0.4 2022  1 22 10 34 20.100  0.00   1
   107999  40.518921 -123.979028    20.847    21451.3    -3476.9     -580.0      0.2      0.1      0.2 2022  2 15  1 12 31.400  0.00   1
   108057  40.469316 -124.443034    22.451   -17867.7    -8985.4     1024.2      1.7      1.2      0.9 2021 12  5 19 24 48.900  0.00   1
   108061  40.469853 -124.451253    21.228   -18564.3    -8925.7     -198.9      0.9      0.8      1.3 2022  9 23 15 56 33.080  0.00   1
   108062  40.467008 -124.432015    20.889   -16934.1    -9241.6     -538.0      1.3      1.1      1.2 2022  9 28 23  9 12.340  0.00   1
   108063  40.583028 -124.354647    27.289   -10367.7     3641.9     5861.4      3.0      2.3      2.7 2020  3 20  8 49 18.520  0.00   1
   108064  40.581038 -124.347510    28.072    -9763.5     3420.9     6644.6      2.3      2.4      2.5 2021 10 17  9 59  8.260  0.00   1
   108067  40.538521 -124.404647    28.086   -14606.7    -1300.4     6658.8      0.7      0.8      1.1 2021 11  3 11  8 47.100  0.00   1
   108068  40.537105 -124.404631    28.286   -14605.5    -1457.7     6858.7      0.7      0.6      0.8 2021 11  3  4 10 39.340  0.00   1
   108070  40.535718 -124.411434    28.148   -15182.0    -1611.7     6720.5      0.9      0.7      1.4 2021 12 20 21 58 50.200  0.00   1
   108071  40.535457 -124.411825    28.947   -15215.1    -1640.6     7519.6      1.0      0.8      1.0 2022  1  6 19 21 44.640  0.00   1
   108073  40.617249 -123.949072    22.355    23971.9     7441.9      927.9      1.5      1.0      1.0 2020  9 26  5 11 46.240  0.00   1
   108076  40.611304 -123.944556    22.122    24355.3     6781.7      694.7      1.2      1.6      1.3 2021 10 28  3 17 37.200  0.00   1
   108082  40.612260 -123.943815    21.509    24417.8     6887.9       81.8      1.2      1.0      1.3 2022  4 23 20  0 10.440  0.00   1
   108083  40.621619 -123.946273    21.729    24208.1     7927.2      301.9      0.9      0.6      1.7 2022  6 17 14 38  4.080  0.00   1
   108103  40.555815 -124.255233    23.061    -1949.3      619.9     1633.4      1.4      0.9      0.7 2020  3 24  7  2 14.780  0.00   1
   108105  40.550867 -124.245369    22.791    -1113.9       70.5     1363.6      1.0      0.8      0.8 2020 11 21  0 51 45.000  0.00   1
   108108  40.553210 -124.249536    22.066    -1466.9      330.8      639.2      1.4      0.9      1.3 2022 11 11 23  8  9.040  0.00   1
   108253  40.746753 -123.837549    21.285    33381.6    21822.8     -142.0      1.0      0.9      1.0 2020  3 28 12 19 52.180  0.00   1
   108254  40.749540 -123.835856    20.283    33524.1    22132.3    -1144.7      1.5      1.2      1.1 2020  9 14 17 47 56.900  0.00   1
   108256  40.480310 -124.459025    18.357   -19221.5    -7764.5    -3069.9      0.6      1.0      1.2 2020  3 29  2 10 37.820  0.00   1
   108258  40.476160 -124.459399    19.428   -19253.8    -8225.4    -1999.4      0.9      0.9      1.1 2021 10  3  5 55  4.840  0.00   1
   108259  40.477690 -124.458154    19.392   -19148.1    -8055.5    -2034.9      0.8      0.7      1.0 2021 11 19  6 49 32.480  0.00   1
   108344  40.526587 -124.400635    17.658   -14268.1    -2625.7    -3769.3      0.8      1.3      2.0 2022  6  5 23 40 24.620  0.00   1
   108357  40.572184 -124.097290    22.957    11427.2     2437.7     1529.8      1.9      1.5      2.0 2021  2 21 19 35 38.660  0.00   1
   108358  40.571680 -124.091642    22.733    11905.5     2381.7     1305.5      0.7      1.0      1.1 2021 10 31 11 18 33.720  0.00   1
   108359  40.569165 -124.101546    23.205    11067.0     2102.4     1777.5      0.8      0.4      0.5 2022  2  6  9 49 13.780  0.00   1
   108413  40.479757 -124.498975    23.792   -22607.3    -7826.0     2365.1      0.6      1.1      1.4 2020  4 13  9 58 32.960  0.00   1
   108414  40.458594 -124.510132    23.941   -23556.5   -10176.0     2513.7      1.1      1.2      0.4 2020  8 28 23 50 45.120  0.00   1
   108415  40.462419 -124.507837    23.722   -23361.3    -9751.3     2294.7      0.9      0.9      0.9 2020  9 24 22 17 36.960  0.00   1
   108416  40.461995 -124.499658    27.368   -22668.2    -9798.3     5941.0      7.1     12.5     11.7 2021  2  3  1 21 28.060  0.00   1
   108422  40.478597 -124.510913    23.731   -23619.2    -7954.7     2303.9      0.9      1.0      1.1 2021 11 29 21 27 26.620  0.00   1
   108424  40.466239 -124.503687    26.260   -23008.9    -9327.0     4832.8      2.9      6.0      6.0 2022  2 13  8 54 23.040  0.00   1
   108430  40.455676 -124.509465    23.826   -23500.4   -10500.0     2399.2      0.6      1.1      1.1 2022 11 14 21 27 40.840  0.00   1
   108464  40.604993 -124.092749    18.866    11808.9     6080.9    -2561.6      2.9      1.6      2.0 2022  1 22 11 10 16.600  0.00   1
   108465  40.608752 -124.100212    17.664    11176.7     6498.4    -3762.8      2.8      1.5      3.2 2022  1 29  6 14 29.780  0.00   1
   108466  40.588997 -124.298315    19.885    -5597.1     4304.7    -1542.4      3.2      2.1      3.8 2020  4 19 16 21  7.220  0.00   1
   108475  40.500997 -124.431803    25.514   -16911.9    -5467.3     4087.1      0.8      0.9      1.3 2020  8 21 16 41  2.020  0.00   1
   108479  40.500643 -124.429793    23.124   -16741.6    -5506.6     1696.3      0.8      1.2      1.5 2021  9 26  7 21 14.820  0.00   1
   108490  40.635872 -124.000293    24.625    19632.7     9510.0     3198.0      1.4      1.4      1.5 2020  4 19  6 45 57.780  0.00   1
   108491  40.515751 -124.345076    17.623    -9562.0    -3828.9    -3804.4      1.2      1.4      0.9 2020  4 21 11 21 54.140  0.00   1
   108492  40.508366 -124.335181    19.098    -8724.1    -4649.0    -2329.7      1.0      1.3      1.0 2020  6 19  5 30 29.960  0.00   1
   108493  40.510413 -124.337118    19.000    -8888.0    -4421.8    -2427.7      0.9      0.9      0.9 2021  3 12  1 30 38.560  0.00   1
   108494  40.509106 -124.333748    19.072    -8602.7    -4566.8    -2355.1      0.8      0.9      0.9 2021  6 14 22 35  4.460  0.00   1
   108495  40.510234 -124.331348    19.410    -8399.2    -4441.6    -2017.5      1.4      0.8      1.8 2021  6 14 21 36  2.260  0.00   1
   108496  40.510486 -124.331893    19.395    -8445.4    -4413.6    -2031.9      1.2      0.9      1.4 2021  6 14 21 44 45.960  0.00   1
   108497  40.509326 -124.333993    19.057    -8623.3    -4542.4    -2370.7      0.8      0.9      1.1 2021  6 15  9 44 20.640  0.00   1
   108498  40.510266 -124.333626    19.121    -8592.3    -4438.0    -2306.2      0.7      0.6      1.0 2021  6 15  8 53  6.160  0.00   1
   108499  40.510600 -124.334204    18.937    -8641.2    -4401.0    -2490.7      0.7      0.7      0.7 2021  6 15  9 30  2.180  0.00   1
   108500  40.510404 -124.333700    19.101    -8598.4    -4422.7    -2325.9      0.8      0.7      1.1 2021  6 15  9 15  5.520  0.00   1
   108501  40.508976 -124.335555    19.034    -8755.8    -4581.3    -2392.9      0.7      0.6      1.1 2021 12 11  4 20 38.740  0.00   1
   108566  40.642936 -124.067350    23.388    13955.5    10294.4     1961.0      0.9      0.7      0.2 2020  5  5 15 41 19.740  0.00   1
   108569  40.505009 -124.489982    23.873   -21841.1    -5021.8     2445.6      1.1      1.4      0.6 2020  5  6  2 15 26.660  0.00   1
   108570  40.504732 -124.491349    23.690   -21957.0    -5052.5     2262.8      0.6      1.0      1.7 2021  7 27  7 34 24.040  0.00   1
   108571  40.606925 -124.091585    17.786    11907.3     6295.6    -3641.3      0.7      0.4      0.6 2020  5  9 23 48 21.420  0.00   1
   108578  40.491467 -124.506079    15.553   -23207.3    -6525.5    -5874.2      1.2      1.8      2.4 2022  3 19 17 38 45.720  0.00   1
   108600  40.552950 -124.254289    24.722    -1869.4      301.8     3295.0      1.1      0.8      2.2 2020  8  8  3  7 36.200  0.00   1
   108601  40.548181 -124.260107    26.053    -2362.4     -227.7     4626.0      1.6      1.3      2.0 2021  7 18  8 37 44.140  0.00   1
   108604  40.549906 -124.252116    23.745    -1685.4      -36.1     2317.6      2.0      0.8      1.0 2022  6 14  4 29 40.760  0.00   1
   108605  40.551265 -124.244230    23.619    -1017.4      114.8     2192.1      1.7      0.8      1.3 2022  6 29  2 18 33.580  0.00   1
   108609  40.530766 -124.349072    18.278    -9899.5    -2161.6    -3148.9      0.7      0.4      1.1 2020  5 21  5 49 36.720  0.00   1
   108610  40.530916 -124.349211    18.289    -9911.2    -2144.9    -3137.8      0.6      0.4      1.1 2020  5 21  6  0 18.060  0.00   1
   108611  40.537948 -124.349691    17.524    -9951.3    -1364.1    -3903.3      0.4      0.5      0.3 2020  5 21  5 49 32.040  0.00   1
   108616  40.530835 -124.426929    17.367   -16495.2    -2153.9    -4059.8      5.9      4.6      9.0 2020  5 27 17 28 46.460  0.00   1
   108617  40.522184 -124.375334    19.163   -12125.0    -3114.6    -2263.8      7.4      8.5     13.1 2021 12 21  9 14 12.320  0.00   1
   108618  40.521924 -124.412622    19.017   -15284.2    -3143.5    -2409.9      1.8      2.6      2.8 2020  5 29  3 10 10.980  0.00   1
   108624  40.528776 -124.336271    20.082    -8815.1    -2382.6    -1345.7      2.1      1.5      3.0 2020  6  1 23 58 17.820  0.00   1
   108625  40.524467 -124.321045    20.315    -7525.4    -2861.1    -1112.2      2.4      2.8      3.3 2020  6 24  4 56 53.760  0.00   1
   108626  40.524609 -124.321102    20.376    -7530.3    -2845.3    -1050.8      2.5      2.7      3.9 2020  6 25 13  0 35.620  0.00   1
   108655  40.575647 -124.179679    18.560     4449.5     2822.2    -2867.1      0.7      0.7      1.6 2021 10 12  3 27 25.740  0.00   1
   108724  40.620117 -123.932633    21.648    25363.1     7760.4      221.2      1.7      1.2      2.4 2020  6 14 11 45 45.620  0.00   1
   108732  40.601066 -123.918237    22.443    26585.6     5644.9     1016.2      1.7      1.2      1.5 2022 10 13 19 35 55.660  0.00   1
   108757  40.542957 -124.054834    19.836    15026.1     -807.9    -1591.3      0.9      0.7      0.7 2020  6 14 14 58 40.620  0.00   1
   108758  40.541370 -124.056942    19.837    14847.7     -984.1    -1590.3      1.4      0.7      1.0 2021  3  4 22 22 58.560  0.00   1
   108759  40.528931 -124.031372    20.801    17015.3    -2365.4     -626.1      7.7      6.4      7.6 2022  2 22 19 27 13.320  0.00   1
   108760  40.542053 -124.050659    19.907    15379.8     -908.2    -1520.4      0.7      0.5      0.9 2022  3 14  4  0 41.420  0.00   1
   108761  40.542187 -124.052840    19.860    15195.1     -893.3    -1567.7      1.0      1.0      1.0 2022  4  7 13 29 19.080  0.00   1
   108768  40.610474 -124.084139    18.592    12537.4     6689.6    -2835.1      1.2      0.4      1.0 2020 12 14 11 30 35.940  0.00   1
   108775  40.489022 -123.867944    20.751    30869.7    -6797.1     -676.3      1.0      1.3      1.3 2021  3 12  6 12 15.860  0.00   1
   108778  40.520536 -123.913525    20.912    27000.7    -3297.6     -515.6      1.4      1.3      1.4 2021 10  5  6 18 43.140  0.00   1
   108780  40.521118 -123.912565    20.729    27081.9    -3232.9     -697.8      1.4      1.2      1.2 2021 10  6 16 45 29.740  0.00   1
   108782  40.521318 -123.912923    20.729    27051.6    -3210.8     -698.1      1.6      1.6      1.4 2021 10  6 17 13 28.040  0.00   1
   108784  40.527132 -123.914453    20.894    26920.8    -2565.1     -533.3      1.1      1.6      1.5 2021 10  6 18 40 27.620  0.00   1
   108785  40.520284 -123.913143    20.787    27033.1    -3325.6     -640.0      1.5      1.3      1.5 2021 10  6 19 49 19.280  0.00   1
   108789  40.522514 -123.912492    21.254    27087.9    -3078.0     -173.7      1.1      1.1      1.2 2021 10  6 11 42 23.740  0.00   1
   108794  40.520972 -123.912337    20.738    27101.3    -3249.2     -688.8      1.4      1.3      1.3 2021 10  9 19 44 44.220  0.00   1
   108797  40.516817 -123.907576    21.516    27505.5    -3710.5       88.7      0.8      0.8      0.8 2021 10 10 14 55 46.020  0.00   1
   108839  40.502502 -124.435628    23.470   -17235.8    -5300.1     2042.8      1.1      1.3      1.1 2021  4  7 10 38 50.740  0.00   1
   108840  40.495353 -124.436987    23.667   -17351.9    -6094.0     2239.5      1.0      1.5      0.9 2021 11  7  2 42 54.760  0.00   1
   108860  40.633537 -123.929883    21.701    25593.4     9250.6      273.7      1.2      0.4      1.0 2020  7  8 15  4 51.000  0.00   1
   108864  40.609916 -123.888094    22.965    29136.0     6627.7     1538.0      1.4      1.2      3.0 2020  7 12  6 10  9.180  0.00   1
   108865  40.613733 -123.889583    23.518    29009.1     7051.5     2090.7      1.9      1.8      4.0 2021  7 25  9 12 32.240  0.00   1
   108866  40.612736 -123.889811    22.867    28990.0     6940.8     1439.8      1.6      1.4      3.1 2022  9 20 20 35 29.800  0.00   1
   108897  40.601664 -124.121134    17.164     9405.7     5711.3    -4263.5      1.2      0.6      0.8 2020  7 21  9 58 36.880  0.00   1
   108901  40.603044 -124.099512    18.376    11236.5     5864.5    -3050.9      1.5      0.4      0.9 2020  7 28 10 54 20.520  0.00   1
   108918  40.646472 -124.023617    18.396    17656.9    10687.0    -3030.8      2.1      0.8      1.9 2020  8 14  7 59 14.720  0.00   1
   108919  40.644739 -124.017228    18.960    18197.9    10494.5    -2467.6      2.0      1.3      1.6 2020  8 14  7 29 17.360  0.00   1
   108921  40.645231 -124.023071    18.232    17703.2    10549.2    -3195.6      1.4      0.7      2.5 2021 11 16 18 50  1.700  0.00   1
   108922  40.593884 -124.118612    19.493     9619.9     4847.4    -1934.3      1.0      0.6      0.7 2020  8 17 22 44  9.820  0.00   1
   108923  40.593111 -124.118424    19.639     9635.8     4761.5    -1788.4      0.6      0.4      0.5 2020  8 17 22 37  2.940  0.00   1
   108925  40.604545 -124.104378    20.582    10824.3     6031.2     -844.9      1.0      0.5      1.0 2021  6 29  5 32 28.020  0.00   1
   108926  40.597774 -124.120085    20.608     9494.9     5279.4     -818.9      0.6      0.3      1.0 2021  9  2  7  3 32.740  0.00   1
   108956  40.536861 -124.241838    19.279     -814.9    -1484.8    -2148.2      1.0      1.2      2.0 2020  8 19  9 20 36.680  0.00   1
   108957  40.529956 -124.249992    18.904    -1505.7    -2251.5    -2523.0      1.4      1.3      1.7 2021  7 30  7  1 16.480  0.00   1
   108959  40.533695 -124.245711    18.985    -1143.0    -1836.3    -2442.4      1.0      1.2      1.3 2022  9 20 20 46 19.020  0.00   1
   108974  40.609794 -124.212622    24.406     1659.2     6614.1     2978.6      2.0      1.2      2.8 2021  6  2  8  1  4.060  0.00   1
   108976  40.604415 -124.245695    23.445    -1141.1     6016.8     2017.8      2.3      1.4      1.9 2021  8  2  1 42 32.520  0.00   1
   108977  40.621749 -124.214624    25.602     1489.5     7941.6     4174.3      4.5      1.2      3.6 2021  9 27 13 54 30.160  0.00   1
   108978  40.608813 -124.223210    25.270      762.8     6505.2     3842.6      2.1      1.3      2.3 2021 11 19  5 14  6.980  0.00   1
   108988  40.602763 -124.059440    22.896    14629.4     5833.3     1469.1      0.9      0.7      0.8 2021  9 19  2 30 15.040  0.00   1
   108995  40.562651 -123.934782    22.183    25191.9     1379.0      755.4      0.6      0.7      0.7 2020  9  7  3  4 36.280  0.00   1
   108998  40.563033 -123.931144    21.587    25499.9     1421.5      160.2      2.1      2.2      1.5 2020 11 23  2 17 29.880  0.00   1
   108999  40.563326 -123.946908    21.497    24164.8     1454.0       70.2      1.8      0.3      1.8 2020 11 23  2 27  1.080  0.00   1
   109001  40.563953 -123.934562    21.914    25210.3     1523.6      487.0      1.2      0.7      1.0 2021  4 25  2 44 15.560  0.00   1
   109003  40.548234 -123.912549    22.936    27077.9     -221.9     1509.2      6.2      6.4      8.4 2021  9 25  7 21 32.760  0.00   1
   109005  40.564246 -123.934619    22.006    25205.4     1556.2      578.5      1.0      1.1      1.3 2022  1 19 16 50 43.900  0.00   1
   109006  40.565723 -123.933293    22.041    25317.5     1720.2      614.0      0.8      1.4      1.3 2022  1 23  4 17 44.580  0.00   1
   109007  40.560689 -123.930583    22.169    25547.9     1161.2      742.1      0.8      0.3      0.9 2022  1 23 13 55 42.740  0.00   1
   109008  40.561849 -123.934806    23.182    25190.0     1290.0     1754.5      0.4      0.4      0.8 2022  5 17 14 52 29.660  0.00   1
   109027  40.521753 -123.897998    19.986    28316.0    -3162.5    -1441.7      1.1      1.2      1.7 2020  9 12  9 10  3.360  0.00   1
   109029  40.530286 -123.901147    23.447    28047.4    -2214.9     2019.5      2.8      4.6      3.0 2021 10 21 16 23 18.500  0.00   1
   109031  40.526119 -123.904362    20.208    27775.9    -2677.6    -1219.6      0.8      1.7      2.7 2022  9 21 22  2  0.300  0.00   1
   109034  40.606222 -123.919417    25.006    26484.7     6217.4     3578.7      1.6      1.3      1.7 2021 10 16  0 56 17.260  0.00   1
   109035  40.605811 -123.916821    24.963    26704.6     6171.7     3535.8      0.7      0.8      1.2 2022  4  7  7 43 59.660  0.00   1
   109037  40.598942 -124.116838    18.478     9769.8     5409.0    -2949.4      0.8      0.7      0.9 2021  8 28 10 22 15.280  0.00   1
   109040  40.535274 -124.045817    19.977    15790.8    -1661.0    -1450.0      1.3      0.7      0.5 2021  5  4 20 49 28.940  0.00   1
   109042  40.536934 -124.051074    19.747    15345.2    -1476.6    -1679.8      0.8      0.6      0.5 2021 12 10 18 19  3.380  0.00   1
   109047  40.661393 -123.886654    28.689    29246.8    12343.9     7261.3      8.3      7.5     11.1 2022  7  7 10 16 42.560  0.00   1
   109051  40.588729 -124.075285    22.205    13289.2     4274.9      777.3      0.7      0.7      0.8 2022 10 22  1 32  8.620  0.00   1
   109052  40.612504 -124.075700    17.805    13251.7     6915.0    -3622.2      2.0      1.0      1.4 2020  9 18  1 49 50.060  0.00   1
   109054  40.622530 -124.063330    17.865    14297.9     8028.4    -3561.9      1.5      0.7      1.2 2021  8  3  7 25 29.060  0.00   1
   109057  40.619958 -124.078166    17.360    13042.2     7742.8    -4067.1      1.6      0.7      1.2 2021 11  1 20 23 11.500  0.00   1
   109058  40.618791 -124.078027    17.922    13054.1     7613.1    -3504.8      1.7      0.8      1.4 2022  7  2 18 54 53.920  0.00   1
   109059  40.618876 -124.078654    17.871    13001.0     7622.6    -3555.8      1.3      0.7      1.2 2022  7  5 10 26 16.440  0.00   1
   109060  40.609558 -124.079476    18.496    12932.3     6587.9    -2931.6      2.2      0.9      2.1 2022  9 22  5 20 24.860  0.00   1
   109079  40.591016 -124.326180    21.209    -7956.6     4528.8     -217.9      1.4      1.2      2.0 2020  9 24  1 37  2.540  0.00   1
   109081  40.592883 -124.324967    21.376    -7853.8     4736.2      -51.2      1.9      1.1      2.5 2021  8  3  7 28  1.280  0.00   1
   109082  40.592485 -124.323730    21.458    -7749.1     4692.0       31.1      2.0      1.5      3.2 2021  8  3  7 28 11.760  0.00   1
   109083  40.592126 -124.325708    21.505    -7916.5     4652.2       77.8      1.3      1.1      2.0 2022  3 18 23 22 52.560  0.00   1
   109086  40.615719 -124.093677    19.792    11729.4     7272.0    -1634.0      0.6      0.9      0.9 2020  9 29 20 57 21.240  0.00   1
   109088  40.592159 -124.102987    22.978    10943.1     4655.8     1550.7      1.5      0.9      1.6 2021  8  2  6  3 50.240  0.00   1
   109099  40.524064 -124.385026    16.489   -12946.0    -2905.8    -4938.3      4.6      3.0      6.3 2022 11  3 21 25 34.920  0.00   1
   109112  40.572477 -123.940413    20.479    24713.1     2470.2     -948.1      0.6      0.8      0.7 2020 11 28  4 46 13.820  0.00   1
   109120  40.562044 -123.924170    21.862    26090.8     1311.7      434.9      4.7      4.3      9.2 2021 10  7 15 37 20.960  0.00   1
   109123  40.560034 -123.929370    21.649    25650.8     1088.5      221.9      5.1      3.9      7.8 2021 10  7 10 58 29.020  0.00   1
   109127  40.562398 -123.924658    21.886    26049.4     1351.0      458.5      4.1      3.9      9.6 2021 10  9 15  2 48.760  0.00   1
   109129  40.527242 -124.433187    20.415   -17025.8    -2552.9    -1012.7      4.2      6.5      9.4 2020 10 11 16 54  4.900  0.00   1
   109133  40.638489 -124.029533    18.458    17157.2     9800.5    -2969.1      0.7      0.7      1.1 2020 10 20  3 57  2.000  0.00   1
   109186  40.669145 -123.913810    23.205    26946.8    13204.7     1777.8      1.7      1.5      1.6 2020 11 10  7 29 44.140  0.00   1
   109189  40.673295 -123.887915    21.873    29137.5    13665.6      445.7      1.5      1.0      1.7 2021  5 13  9 32 24.180  0.00   1
   109190  40.663770 -123.885913    22.784    29308.9    12607.8     1356.9      1.6      0.9      1.0 2022  6 25  8 45  6.260  0.00   1
   109416  40.597896 -123.970215    22.195    22185.1     5292.9      767.5      1.6      1.5      1.2 2020 11 28  4 41 25.020  0.00   1
   109417  40.597762 -123.970394    22.126    22169.9     5278.0      699.0      1.4      1.3      1.0 2020 11 28  4 28 30.560  0.00   1
   109418  40.598901 -123.973047    22.484    21945.1     5404.5     1056.6      0.9      0.6      1.2 2021  3 28 11 21 31.120  0.00   1
   109420  40.600684 -123.917212    21.937    26672.5     5602.4      509.9      1.4      0.9      1.1 2020 12  7 19  3 16.040  0.00   1
   109421  40.604390 -123.915015    22.002    26857.8     6014.1      574.8      1.3      1.0      1.7 2020 12  7 19  5 36.340  0.00   1
   109427  40.594389 -123.904736    25.620    27730.1     4903.4     4192.8      1.0      0.8      1.0 2020 11 29  9 45 15.600  0.00   1
   109428  40.594145 -123.898633    25.978    28247.0     4876.3     4550.5      0.5      0.8      1.7 2021  1 19 12 58 57.580  0.00   1
   109430  40.591117 -123.913086    26.034    27023.8     4540.1     4607.1      2.1      0.9      1.6 2022  3 18  0  7 21.100  0.00   1
   109436  40.605697 -124.098706    15.498    11304.5     6159.1    -5929.2      0.4      0.5      0.5 2020 12  1 11 36 42.680  0.00   1
   109448  40.553333 -124.014347    21.814    18454.2      344.3      386.5      1.8      1.2      1.7 2022  1 19 22 27 40.720  0.00   1
   109451  40.565031 -124.011995    22.532    18651.8     1643.4     1104.5      1.7      1.2      1.6 2022  6  9  2 12 47.440  0.00   1
   109453  40.566532 -124.022673    22.619    17747.3     1810.1     1192.1      1.9      1.5      2.0 2022 11 22  5  9 14.600  0.00   1
   109457  40.590633 -124.184188    21.223     4067.2     4486.4     -204.6      1.2      1.1      1.8 2022 11 20 16 58  8.260  0.00   1
   109458  40.552161 -123.889266    22.158    29049.2      214.2      730.7      0.8      0.7      0.5 2020 12 19 19 50 56.380  0.00   1
   109461  40.601318 -124.105233    16.506    10752.2     5672.9    -4920.9      1.7      1.4      1.2 2021  1  4  6 14 34.600  0.00   1
   109483  40.497587 -124.464193    23.043   -19656.9    -5846.0     1615.6      1.1      1.1      2.0 2021  1 13 19 34 16.280  0.00   1
   109484  40.519014 -124.467187    23.893   -19907.6    -3466.6     2465.5      0.8      0.8      0.6 2021  2 12 14 58  6.120  0.00   1
   109485  40.511788 -124.451839    25.102   -18608.2    -4269.0     3674.7      0.8      1.1      2.3 2022  6  3  7 37 13.740  0.00   1
   109491  40.555094 -124.057975    22.975    14758.7      540.0     1547.6      1.2      0.9      1.2 2022 11 12 22 18 21.100  0.00   1
   109493  40.576383 -124.210897    19.566     1805.7     2904.0    -1861.4      1.2      0.5      0.9 2021 12 30 20 43 22.380  0.00   1
   109498  40.574133 -124.147046    21.873     7213.2     2654.1      445.3     13.8      7.9     10.5 2022  3 29  0 35 16.680  0.00   1
   109534  40.643062 -123.999235    18.481    19721.2    10308.4    -2946.4      0.7      0.5      0.6 2021  3  6  9 15 31.140  0.00   1
   109535  40.652295 -124.010612    18.593    18756.9    11333.6    -2834.0      1.0      0.8      0.7 2021  3  6  9 16 35.960  0.00   1
   109542  40.537508 -123.905225    22.818    27700.5    -1412.9     1391.2      0.9      1.0      0.8 2021  3 19 20 18 50.400  0.00   1
   109543  40.542782 -123.906746    22.917    27570.5     -827.3     1489.9      1.7      1.4      1.8 2021  7 28 11 59  6.040  0.00   1
   109544  40.542676 -123.911686    22.687    27152.1     -839.1     1259.8      1.6      1.5      1.1 2021 11  2 15 33 30.400  0.00   1
   109546  40.541252 -123.912703    22.753    27066.2     -997.2     1325.5      0.9      1.1      2.1 2022  2  8 20 52 37.700  0.00   1
   109547  40.535933 -123.909139    23.437    27369.2    -1587.8     2010.2      1.5      1.9      0.8 2022  5 16 12 51  7.720  0.00   1
   109550  40.569080 -123.971924    23.471    22045.1     2092.9     2043.4      0.6      0.6      0.4 2021 10 14 12 55 59.780  0.00   1
   109551  40.553605 -123.976034    23.776    21699.5      374.6     2348.9      0.4      0.3      0.3 2021 10 18 11 26 36.900  0.00   1
   109560  40.577856 -124.422038    23.050   -16075.3     3067.6     1623.1      1.0      1.4      1.4 2021  4 22 19 58  9.520  0.00   1
   109562  40.572754 -124.415828    23.647   -15550.0     2501.0     2220.2      1.2      1.3      0.9 2021 10  1 17 28 56.900  0.00   1
   109563  40.573014 -124.414299    23.256   -15420.4     2529.9     1829.2      1.4      1.1      1.6 2022  6  6  8 33 56.500  0.00   1
   109585  40.702368 -123.972331    21.466    21988.8    16894.0       39.1      0.5      0.4      0.4 2021 12  9  6 38 26.640  0.00   1
   109586  40.609961 -123.803784    27.407    36274.3     6632.6     5980.0      1.5      1.3      0.6 2021  4 25 12  4 20.500  0.00   1
   109587  40.512659 -124.437118    18.249   -17360.7    -4172.3    -3178.5      3.0      4.8      6.5 2021  4 26 14 34  7.560  0.00   1
   109588  40.530518 -124.390723    20.488   -13428.0    -2189.2     -939.2     11.2     11.5     17.9 2021  4 30  5 48 15.420  0.00   1
   109590  40.599988 -124.006071    22.824    19148.7     5525.2     1396.3      1.5      1.0      0.7 2021  5  1  6 40  3.120  0.00   1
   109592  40.567940 -124.017122    22.126    18217.2     1966.4      698.3      2.6      1.5      2.5 2022  3 10 22 12 16.660  0.00   1
   109593  40.587423 -124.203337    23.346     2445.7     4129.9     1918.6      0.8      0.4      0.5 2021  5 25 13 41 14.420  0.00   1
   109638  40.582479 -123.954126    24.621    23550.1     3580.9     3193.5      0.6      0.5      0.9 2021  6  5 11 28 29.860  0.00   1
   109639  40.573608 -123.959058    24.131    23134.0     2595.8     2704.0      0.6      0.4      0.7 2022  2 26  5 28  3.880  0.00   1
   109640  40.540173 -123.963550    22.173    22759.2    -1117.0      745.7      2.8      2.8      4.0 2021  6 14 23  5 14.620  0.00   1
   109641  40.545219 -123.967497    21.532    22424.0     -556.7      104.8      1.8      0.9      2.3 2021  6 15  4  8 20.200  0.00   1
   109643  40.534859 -123.965609    21.826    22585.6    -1707.1      398.5      2.4      2.3      2.3 2021  6 15  2 15 10.680  0.00   1
   109645  40.552311 -123.973739    20.600    21894.1      230.9     -826.9      1.4      1.6      1.6 2021  9 21 16 59  7.260  0.00   1
   109646  40.554004 -123.970313    20.593    22184.0      418.9     -834.2      1.8      1.7      2.1 2022  8 19 22 15 53.220  0.00   1
   109647  40.551929 -123.972892    20.971    21965.8      188.4     -455.9      1.5      1.6      1.7 2022  9 26 14 46 33.600  0.00   1
   109649  40.484920 -124.509456    17.181   -23494.7    -7252.6    -4246.4      1.3      1.6      2.7 2022  9 18  8 29  6.480  0.00   1
   109653  40.599605 -124.325317    21.137    -7883.0     5482.7     -290.2      1.1      0.9      2.6 2021  6 26 23 51 53.520  0.00   1
   109656  40.606421 -124.315861    20.338    -7082.0     6239.5    -1089.1      1.4      0.3      1.6 2021  7  7 21  8 20.520  0.00   1
   109661  40.598531 -124.329688    20.784    -8253.1     5363.4     -643.0      0.7      0.8      1.9 2022 11 27 17  4 31.920  0.00   1
   109701  40.533577 -124.351489    18.130   -10104.0    -1849.4    -3297.1      0.5      0.3      0.6 2021  7  9 20  8 44.560  0.00   1
   109707  40.705900 -123.935360    23.062    25116.3    17286.2     1634.5      2.0      1.8      1.8 2021  7 21  1 57 33.440  0.00   1
   109708  40.707813 -123.941113    22.318    24629.1    17498.6      891.2      2.5      1.2      1.2 2022  8 13 12 33 41.180  0.00   1
   109709  40.707418 -123.938696    22.275    24833.7    17454.8      847.4      2.8      1.2      1.4 2022  8 13 13  7 15.920  0.00   1
   109710  40.478337 -124.401790    20.066   -14371.2    -7983.6    -1361.0      1.0      0.8      1.7 2021  7 21  6 27  7.140  0.00   1
   109714  40.514913 -124.434383    17.652   -17128.8    -3922.0    -3775.5      0.6      0.8      1.0 2021  7 22  8 29 59.260  0.00   1
   109718  40.505522 -124.448633    18.181   -18337.4    -4964.9    -3246.6      0.7      0.8      1.1 2022  4  3 19 26 32.500  0.00   1
   109728  40.639608 -123.913892    21.353    26945.9     9924.8      -74.2      1.0      0.6      0.6 2021 10 28 17 29 28.460  0.00   1
   109729  40.640218 -123.915592    21.321    26801.8     9992.5     -105.9      1.6      0.6      0.7 2021 10 28 20 25 38.640  0.00   1
   109732  40.501119 -124.463778    18.321   -19621.3    -5453.8    -3105.8      0.8      0.9      0.9 2021  8  5  5 11 35.000  0.00   1
   109733  40.499125 -124.456771    22.698   -19027.8    -5675.2     1271.0      5.6      8.4      5.3 2021 12 18  9  2 20.600  0.00   1
   109734  40.498669 -124.459497    21.525   -19258.9    -5725.8       97.5      5.2      7.0      5.6 2021 12 21 16 46 40.580  0.00   1
   109741  40.542977 -124.369824    23.725   -11656.5     -805.6     2297.9      1.1      0.7      0.8 2022  8 24 18 28  5.620  0.00   1
   109742  40.635864 -124.042293    19.638    16077.3     9509.1    -1789.1      0.3      0.3      0.3 2021  8 23  5 51 36.160  0.00   1
   109744  40.542692 -123.780721    21.837    38246.0     -837.3      409.5      1.0      2.0      0.8 2021  8 29 12 47 11.520  0.00   1
   109758  40.549316 -124.225285    17.799      587.3     -101.7    -3628.0      0.6      0.4      0.6 2021  9 12 22 48 15.460  0.00   1
   109773  40.508634 -124.412858    19.618   -15305.7    -4619.2    -1809.5      6.2      7.2     10.0 2021 12 23 10 30 50.600  0.00   1
   109775  40.575395 -124.217578    19.757     1239.9     2794.2    -1670.5      5.7      2.9      4.6 2021  9 23 19 33 34.900  0.00   1
   109779  40.526168 -124.340495    18.968    -9173.1    -2672.2    -2459.2     11.3      4.6      8.3 2021  9 30  4 43 34.000  0.00   1
   109788  40.515641 -123.885710    21.887    29358.4    -3841.1      459.5      1.8      2.1      3.1 2021 10  7  4 45 50.940  0.00   1
   109789  40.508138 -123.875505    21.875    30224.7    -4674.3      448.0      0.7      1.1      2.1 2021 10  7  5 44  8.100  0.00   1
   109791  40.509049 -123.876546    21.473    30136.2    -4573.1       45.7      1.0      1.9      1.5 2021 10  9 15 14 13.920  0.00   1
   109792  40.511096 -123.878231    21.643    29993.1    -4345.8      215.3      0.9      1.9      1.3 2021 10  9 14 51  7.940  0.00   1
   109793  40.515861 -123.881356    21.643    29727.2    -3816.7      215.8      1.9      1.2      1.4 2021 10  9 19 19 22.180  0.00   1
   109794  40.511442 -123.876318    21.505    30155.0    -4307.4       78.2      0.8      1.0      1.1 2021 10 16 14 55 23.500  0.00   1
   109795  40.515690 -123.881201    21.617    29740.4    -3835.7      189.9      1.3      1.0      1.2 2021 11  4 10 59  4.180  0.00   1
   109796  40.515165 -123.879321    21.547    29899.8    -3894.0      119.5      1.1      0.9      1.0 2021 11  7  7 51 35.860  0.00   1
   109801  40.546676 -123.847591    23.693    32580.5     -394.9     2265.5      0.5      0.6      0.7 2022  1 31 19 52 42.840  0.00   1
   109836  40.613883 -124.123242    19.022     9226.4     7068.2    -2405.6      3.4      1.7      2.6 2021 10 22 21  9 45.260  0.00   1
   109837  40.608781 -124.076628    20.788    13173.5     6501.6     -638.8      0.9      1.1      1.0 2021 10 31 13 10  3.600  0.00   1
   109838  40.550354 -123.954199    22.842    23549.5       13.6     1414.9      0.7      0.6      0.6 2021 11  3 19 22 52.340  0.00   1
   109846  40.600781 -124.057511    17.502    14792.9     5613.3    -3925.7      8.0      3.5      7.6 2021 11 25 17 56 31.760  0.00   1
   109849  40.605591 -124.306567    20.774    -6295.1     6147.3     -653.3      0.7      0.4      1.1 2021 11 29  9 17 10.340  0.00   1
   109852  40.523722 -124.432878    19.614   -17000.1    -2943.8    -1813.4      0.5      0.5      0.9 2022  1 18 10 25 37.780  0.00   1
   110087  40.591105 -124.203320    20.632     2447.1     4538.8     -795.4      2.2      1.5      2.0 2021 12 11 10 51 42.420  0.00   1
   110088  40.539571 -124.323340    18.302    -7719.0    -1183.8    -3125.5      9.7      4.2      6.8 2021 12 20 23 40 19.580  0.00   1
   110091  40.539856 -124.323389    18.107    -7723.1    -1152.2    -3320.5      5.3      2.6      4.6 2022  8 22 11 46 57.980  0.00   1
   110092  40.543014 -124.303003    18.410    -5996.1     -801.6    -3017.1      1.3      0.5      1.0 2022  8 22 11 19 44.520  0.00   1
   110093  40.541166 -124.317497    18.200    -7223.9    -1006.7    -3227.2     16.5      7.7     15.0 2021 12 20 21 17 43.440  0.00   1
   110095  40.547449 -124.298250    18.739    -5593.3     -309.1    -2688.2      2.5      1.1      2.6 2022  7 14  2 59 53.060  0.00   1
   110120  40.519409 -124.416545    20.738   -15616.8    -3422.7     -689.1      1.0      1.2      1.8 2021 12 20 20 29 25.860  0.00   1
   110127  40.577445 -124.209025    17.300     1964.2     3021.9    -4127.1      1.8      0.4      1.9 2021 12 20 20 15 20.340  0.00   1
   110129  40.516069 -124.445980    17.797   -18111.1    -3793.7    -3630.0      1.0      1.0      1.3 2021 12 20 22 57 59.980  0.00   1
   110153  40.499028 -124.327490    20.719    -8073.0    -5686.0     -708.4      7.6      9.4      7.3 2021 12 21  3 28 34.100  0.00   1
   110154  40.502348 -124.333976    18.460    -8622.4    -5317.3    -2967.1      0.6      0.7      1.4 2021 12 23  6 55 41.480  0.00   1
   110156  40.510111 -124.317676    19.516    -7240.8    -4455.2    -1910.8      1.4      1.2      2.1 2021 12 23  4 51 44.220  0.00   1
   110160  40.523368 -124.414714    18.290   -15461.2    -2983.1    -3137.5      0.6      0.7      1.3 2021 12 21 19 30 31.800  0.00   1
   110168  40.578866 -124.206128    19.189     2209.5     3179.6    -2237.8     25.8      5.2      9.9 2021 12 21  2 44 44.640  0.00   1
   110181  40.496533 -124.455306    17.470   -18904.0    -5963.0    -3957.4      6.1      6.3      8.7 2021 12 25 16 54 33.700  0.00   1
   110183  40.595760 -124.109408    17.862    10399.1     5055.7    -3565.5      1.1      0.9      1.1 2021 12 26 16  2 15.940  0.00   1
   110184  40.587549 -123.990804    20.745    20443.2     4143.9     -682.6      2.1      0.9      3.1 2021 12 27  8 53  5.400  0.00   1
   110185  40.574898 -123.988631    20.887    20629.2     2739.1     -540.4      1.1      1.0      1.3 2022  5 28  7 57  1.360  0.00   1
   110186  40.575012 -124.207609    18.940     2084.1     2751.7    -2487.1      2.2      0.9      1.9 2021 12 28  6 35 41.580  0.00   1
   110187  40.574813 -124.199495    18.759     2771.3     2729.6    -2668.4      6.9      2.6      5.8 2021 12 31 13 31 14.620  0.00   1
   110188  40.574849 -124.199723    18.771     2752.0     2733.7    -2655.8      6.6      2.4      5.4 2022  1  1 22 14 38.120  0.00   1
   110189  40.574805 -124.199398    18.752     2779.6     2728.7    -2675.5      6.9      2.6      5.9 2022  1  2 11 16 33.460  0.00   1
   110191  40.574495 -124.197160    18.347     2969.1     2694.4    -3080.7     10.9      3.1      6.5 2022  9  1 20 43  2.920  0.00   1
   110199  40.511271 -124.405664    21.937   -14695.9    -4326.4      509.6      5.4      5.6      6.0 2021 12 31 17  2 13.380  0.00   1
   110209  40.596936 -124.100138    24.694    11183.9     5186.3     3267.0      1.1      0.9      1.0 2022  4  2 19 46 56.000  0.00   1
   110211  40.515763 -124.443123    18.098   -17869.2    -3827.6    -3328.7      0.5      0.7      1.0 2022  4  3 10 39 47.080  0.00   1
   110231  40.516317 -124.437687    18.936   -17408.5    -3766.1    -2491.3      0.6      0.8      1.1 2022  5 14 20  9 30.640  0.00   1
   110234  40.534208 -124.243270    20.091     -936.2    -1779.4    -1335.8      0.7      0.9      1.1 2022  5 25  9 25 42.220  0.00   1
   110250  40.520508 -124.407235    21.460   -14827.9    -3300.7       32.4      0.8      0.7      1.6 2022  7  2 10 23 23.100  0.00   1
   110253  40.594926 -124.113534    18.609    10049.8     4963.1    -2818.0      0.6      0.7      0.6 2022  7 20  6 28 50.580  0.00   1
   110254  40.595276 -124.113330    18.409    10067.0     5001.9    -3018.2      0.8      0.5      0.8 2022  8  9  7 59 33.060  0.00   1
   110255  40.598360 -124.116919    17.632     9762.9     5344.4    -3794.8      0.7      0.9      1.3 2022  8  9  8  9 40.340  0.00   1
   110266  40.537809 -124.332072    18.656    -8458.8    -1379.5    -2771.7      1.0      0.8      1.8 2022  8 30  6 25 35.480  0.00   1
   110273  40.650000 -124.013436    19.855    18518.2    11078.8    -1571.8      1.8      1.2      2.3 2022 10 28 12 43 42.000  0.00   1
   110274  40.519063 -124.437077    19.292   -17356.4    -3461.1    -2135.0      0.7      1.1      2.0 2022 10 29 20 38 50.780  0.00   1
   110275  40.515898 -124.435181    20.098   -17196.2    -3812.7    -1329.6      1.2      1.0      1.3 2022 10 30  3 34  2.660  0.00   1
   110276  40.518665 -124.437874    19.459   -17424.1    -3505.4    -1968.0      1.2      0.8      1.2 2022 11 12 10 31 42.840  0.00   1
   110279  40.517025 -124.434058    19.545   -17100.9    -3687.5    -1882.1      1.3      1.3      2.1 2022 11  2 16 39 30.260  0.00   1
   110282  40.525362 -124.415910    19.685   -15562.4    -2761.7    -1741.8      3.2      2.4      3.8 2022 11 15 17 48 18.560  0.00   1
   110296  40.581991 -123.985531    20.577    20890.7     3526.6     -850.7      0.9      0.4      0.7 2022 12 22  3  8  5.860  0.87   1
   110298  40.535079 -124.273332    11.690    -3482.9    -1682.7    -9737.4      1.2      1.0      1.7 2023  1 17 13 54 45.520  1.24   1
   110302  40.566756 -124.129712    21.944     8681.7     1834.9      516.8      0.7      0.6      0.9 2022 12 24  0 35 18.890  0.89   1
   110303  40.487895 -124.498551    24.550   -22570.0    -6922.3     3123.0      0.9      1.0      2.1 2022 12 20 12 25 25.380  2.43   1
   110305  40.435099 -124.602010    23.372   -31349.7   -12784.9     1944.5      0.6      0.6      0.9 2023  4  2 11 44 21.610  2.51   1
   110307  40.528861 -124.416496    23.072   -15611.6    -2373.1     1644.8      0.6      0.7      0.8 2023  3  9  9 11 18.070  1.00   1
   110308  40.577482 -123.877425    22.383    30046.5     3026.0      956.2      0.8      0.8      0.6 2022 12 21 19 21 21.160  1.21   1
   110311  40.539705 -124.494604    23.965   -22227.0    -1168.9     2537.8      0.7      0.6      0.7 2023  2  6  9 53 42.140  2.82   1
   110326  40.577384 -124.244141    20.045    -1009.7     3015.2    -1382.0      2.4      1.7      4.0 2023  4 26 22 23  7.880  0.79   1
   110327  40.620955 -123.948885    21.474    23987.0     7853.5       47.1      0.7      0.6      0.8 2022 12 21  8 59 40.650  1.14   1
   110330  40.585478 -123.915869    25.766    26789.2     3913.9     4339.1      0.9      0.4      0.8 2023  5 27  2 45 49.750  0.87   1
   110334  40.620406 -124.313721    20.669    -6900.0     7792.5     -758.7      0.8      0.6      1.7 2023  2 22  6 20 25.080  1.45   1
   110341  40.562577 -124.132267    22.476     8465.5     1370.9     1049.0      0.5      0.4      0.5 2023  1  5 14 47  6.170  2.14   1
   110346  40.538590 -123.891357    23.106    28875.0    -1292.7     1678.4      1.7      1.5      1.0 2023  5 28  1 45 53.620  1.36   1
   110354  40.509855 -124.421663    24.226   -16051.7    -4483.7     2799.1      1.0      0.8      1.7 2023  4 14  1 57  6.610  1.17   1
   110355  40.518465 -124.492212    15.842   -22027.8    -3527.6    -5585.2      0.5      0.7      1.6 2023  2 16 22 15  2.800  1.44   1
   110365  40.528076 -124.233919    17.747     -144.1    -2460.3    -3680.6      1.2      0.7      1.0 2022 12 20 12 37 22.690  1.44   1
   110367  40.551449 -123.974479    21.371    21831.5      135.1      -56.7      1.0      0.8      0.8 2022 12 25  1 20 33.690  1.82   1
   110368  40.607658 -123.979696    21.972    21380.7     6376.9      544.7      1.8      0.7      2.0 2023  2 14  3 52  7.700  1.37   1
   110370  40.692839 -123.892936    21.989    28708.4    15835.8      561.9      1.9      1.7      1.8 2022 12 21  4 44 13.820  1.30   1
   110374  40.752486 -123.868547    20.837    30758.5    22459.4     -590.3      1.3      1.0      2.1 2022 12 22  4 46 28.990  1.00   1
   110378  40.590995 -124.049447    22.232    15476.9     4526.6      805.0      1.1      0.9      1.1 2022 12 21 18 52 28.640  1.06   1
   110379  40.518848 -124.422257    18.121   -16100.9    -3485.1    -3306.4      2.4      2.1      4.2 2022 12 22  9 21 28.530  1.40   1
   110382  40.542887 -124.064128    19.382    14238.8     -815.6    -2044.8      0.5      0.6      0.5 2022 12 26  5 31 21.180  1.08   1
   110385  40.593445 -124.085905    19.238    12389.4     4798.6    -2188.8      0.8      0.7      0.9 2022 12 23  0 19 22.520  0.90   1
   110387  40.533704 -124.383000    25.062   -12773.4    -1835.4     3634.9      0.6      0.5      0.7 2023  1 28 23 56 58.200  3.85   1
   110388  40.508740 -124.448079    14.953   -18290.0    -4607.5    -6474.7      0.9      1.0      2.3 2022 12 31 10 20 40.360  1.04   1
   110390  40.640173 -123.988501    25.967    20630.2     9987.6     4539.3      1.1      0.6      0.9 2023  1 17  5 14  2.510  1.84   1
   110391  40.589408 -124.196021    22.092     3065.2     4350.4      665.1      1.4      0.5      0.9 2022 12 23  0 35 44.600  1.56   1
   110392  40.516016 -124.421891    18.396   -16070.2    -3799.6    -3031.6      5.7      5.1     10.8 2023  1  1 12 19 44.130  1.25   1
   110395  40.555082 -124.216203    16.834     1356.5      538.6    -4593.1      0.4      0.6      1.1 2022 12 20 23 19 53.720  1.40   1
   110396  40.537606 -124.262077    18.172    -2529.4    -1402.1    -3254.9      1.6      1.6      1.6 2022 12 24 20  6  9.180  0.83   1
   110399  40.529728 -124.409562    17.907   -15024.1    -2276.8    -3520.2      3.3      2.9      4.4 2022 12 20 10 44 46.730  2.70   1
   110400  40.563810 -124.048291    23.473    15577.9     1507.8     2045.3      1.4      1.1      1.8 2022 12 25  4 33 20.570  0.83   1
   110404  40.561169 -124.016577    21.917    18264.3     1214.6      489.6      1.6      1.2      1.6 2022 12 27  0 23 33.800  1.12   1
   110406  40.593050 -124.107463    19.663    10564.0     4754.8    -1764.3      0.6      0.7      0.8 2023  1 11  3 23 18.830  1.45   1
   110408  40.610470 -123.847624    27.548    32562.4     6689.1     6120.8      0.7      0.5      0.5 2023  2 12 20 12 15.900  2.47   1
   110409  40.516431 -124.419491    20.371   -15866.8    -3753.5    -1055.9      4.4      5.8     10.4 2022 12 21 22  8 58.660  1.39   1
   110412  40.573755 -124.074479    19.671    13358.9     2612.1    -1756.7      1.3      0.6      0.7 2022 12 26  7 30 25.960  0.98   1
   110417  40.551420 -123.976147    21.444    21690.2      131.9       17.2      0.5      0.8      0.5 2022 12 24 12 43  0.520  1.06   1
   110422  40.621427 -124.304191    19.958    -6093.2     7905.9    -1468.4      1.0      0.6      1.3 2022 12 29 13 40 18.010  1.27   1
   110423  40.504643 -124.335490    18.682    -8750.5    -5062.5    -2744.8      0.8      0.7      0.8 2023  2 17 12 38 36.270  0.88   1
   110429  40.593160 -124.013436    22.430    18526.0     4767.0     1002.8      1.0      0.6      1.2 2022 12 22  9 28 37.970  0.68   1
   110431  40.600960 -124.107625    23.079    10549.6     5633.1     1651.5      1.7      0.9      1.2 2022 12 21 17 59 17.620  1.95   1
   110432  40.496505 -124.458179    26.439   -19147.5    -5966.2     5011.3      1.0      1.2      1.1 2022 12 22  1 13 30.130  2.71   1
   110434  40.512016 -124.464201    19.089   -19655.5    -4243.7    -2338.0      1.9      2.0      3.3 2022 12 21 18 26 29.520  1.33   1
   110435  40.534265 -124.381038    24.810   -12607.2    -1773.0     3382.6      0.9      1.1      2.2 2023  1 28 20  7 39.900  1.24   1
   110436  40.476082 -124.534033    23.705   -25579.1    -8234.0     2278.1      0.7      1.0      0.8 2023  2 18  0 47 37.880  1.15   1
   110439  40.473153 -124.430005    19.752   -16763.0    -8559.3    -1674.9      0.8      0.9      1.1 2023  1 27 16 28 41.960  1.01   1
   110442  40.572567 -123.950350    21.586    23871.6     2480.2      158.7      0.9      0.8      0.9 2022 12 20 18 48 54.600  0.91   1
   110443  40.579073 -124.184611    19.022     4031.7     3202.7    -2404.8      6.6      3.2      6.2 2022 12 21 21 55 10.140  0.79   1
   110444  40.503577 -124.504801    27.369   -23097.0    -5180.9     5942.0      0.7      0.7      1.0 2022 12 23 21 41 55.000  1.21   1
   110445  40.524988 -124.389217    23.528   -13301.0    -2803.2     2100.6      1.4      1.2      1.8 2022 12 21  8  6 55.910  1.80   1
   110447  40.563521 -124.016634    22.724    18259.2     1475.7     1296.6      0.9      0.6      0.7 2022 12 24 19 37 36.120  1.39   1
   110448  40.596488 -124.126709    21.846     8934.1     5136.6      418.5      4.7      2.7      3.5 2023  1 31 13 12 49.420  1.12   1
   110452  40.545129 -124.194312    27.706     3211.0     -566.6     6278.7      0.6      0.6      1.1 2022 12 20 23 25 36.340  1.09   1
   110453  40.508138 -124.472713    17.783   -20377.4    -4674.3    -3644.4      2.3      2.6      3.9 2022 12 21 12  8  6.020  1.11   1
   110454  40.465328 -123.818229    23.083    35088.8    -9428.2     1656.1      0.7      1.3      0.8 2022 12 21 13 41 59.550  0.69   1
   110455  40.529968 -124.421680    16.506   -16050.6    -2250.2    -4920.8      4.4      4.8      8.1 2022 12 23 13  9 40.300  0.89   1
   110458  40.621468 -124.310156    20.154    -6598.2     7910.4    -1273.4      0.3      0.4      0.6 2023  2 14  6 32 28.460  1.23   1
   110462  40.585132 -124.438615    23.753   -17478.2     3875.5     2326.2      1.0      0.9      1.0 2023  4 22 17 56 13.080  1.37   1
   110464  40.588265 -124.427287    23.254   -16518.5     4223.4     1827.1      0.5      0.6      0.7 2023  2 13 21 32 14.280  2.09   1
   110466  40.532019 -124.391699    15.514   -13510.6    -2022.5    -5913.3      0.6      0.4      0.9 2022 12 22  0 27 26.630  0.83   1
   110467  40.528833 -124.425155    26.668   -16345.2    -2376.3     5241.0      0.8      0.6      0.8 2022 12 22  3 58 10.660  0.90   1
   110468  40.529000 -123.976172    20.419    21691.7    -2357.7    -1008.4      0.2      0.2      0.2 2022 12 24  1 17 32.850  0.88   1
   110470  40.537976 -124.356665    16.421   -10542.2    -1361.0    -5005.9      2.1      2.0      3.7 2023  3 29  5  5 59.480  1.47   1
   110474  40.472310 -124.447941    21.219   -18283.2    -8652.8     -208.3      1.0      0.6      0.8 2022 12 20 12 14 11.380  2.27   1
   110475  40.582845 -124.352271    28.073   -10166.5     3621.5     6645.3      2.0      1.6      2.2 2022 12 21 15  8 37.620  1.85   1
   110476  40.536857 -124.407048    28.296   -14810.3    -1485.2     6869.0      0.5      0.5      1.0 2022 12 20 13 24 12.330  1.51   1
   110477  40.611812 -123.938143    21.847    24898.2     6838.2      419.9      1.0      0.9      0.9 2023  1  3  7 18 42.400  0.99   1
   110479  40.536149 -124.359033    16.788   -10742.9    -1563.8    -4639.5      2.6      2.2      3.8 2022 12 26  2  4 21.800  1.88   1
   110480  40.557467 -124.251782    23.197    -1657.1      803.4     1769.4      1.0      0.7      0.7 2022 12 21  2 56 11.820  1.60   1
   110481  40.490385 -124.465503    18.421   -19769.0    -6645.7    -3005.8      2.5      2.4      4.5 2023  4  5 14 51 18.340  1.34   1
   110482  40.582686 -123.923169    21.519    26171.6     3603.9       92.1      1.7      2.9      2.2 2022 12 21 19 52  6.360  0.64   1
   110484  40.525631 -124.419857    19.548   -15896.7    -2731.9    -1879.5      2.4      2.8      3.4 2022 12 25  4  3 37.800  0.93   1
   110487  40.752295 -123.850920    20.592    32249.3    22438.2     -834.8      1.2      0.8      0.8 2022 12 20 14 11  0.150  2.57   1
   110488  40.478402 -124.457251    19.429   -19071.4    -7976.4    -1998.7      0.7      0.6      0.7 2023  2 18  9 18 28.190  1.40   1
   110489  40.519173 -124.426050    19.130   -16422.2    -3448.9    -2297.4      1.9      1.8      3.3 2022 12 29  9 57 25.630  1.27   1
   110494  40.522852 -124.413745    17.798   -15379.3    -3040.5    -3629.0      0.6      1.2      2.1 2023  3  5 20 14 19.720  1.28   1
   110496  40.503776 -124.446859    17.970   -18187.3    -5158.7    -3457.1      2.2      2.5      3.1 2022 12 30 12 51 54.870  1.14   1
   110497  40.574121 -124.099007    22.654    11281.6     2652.8     1226.7      0.8      0.8      1.1 2022 12 31 14 27 57.700  1.02   1
   110501  40.467533 -124.508097    23.710   -23382.5    -9183.3     2283.1      0.4      0.6      1.1 2022 12 30 21 43 18.320  2.12   1
   110506  40.606624 -124.070467    20.201    13695.3     6262.1    -1226.4      2.9      1.5      4.2 2022 12 20 21 47 48.880  1.10   1
   110507  40.528621 -124.397567    17.803   -14008.0    -2399.7    -3624.4      3.3      3.4      4.4 2022 12 21 10 16 11.430  0.70   1
   110508  40.613513 -124.094246    18.005    11681.4     7027.1    -3422.6      1.8      1.1      1.7 2022 12 30  9  0 39.550  1.14   1
   110510  40.497546 -124.431877    24.769   -16918.6    -5850.5     3342.1      0.7      0.7      2.3 2023  1  2  8 25 11.060  1.28   1
   110511  40.631360 -124.022518    23.370    17751.9     9008.9     1943.2      1.6      1.3      1.0 2022 12 21  4 15 19.850  2.45   1
   110512  40.509359 -124.336320    19.103    -8820.5    -4538.8    -2324.1      0.5      0.6      0.6 2022 12 21 17 35 50.480  1.40   1
   110513  40.523938 -124.414795    18.691   -15468.1    -2919.8    -2736.5      3.5      3.2      5.2 2022 12 20 15  4 50.680  1.42   1
   110515  40.539673 -124.231494    21.547       61.4    -1172.5      120.0      1.1      0.9      1.8 2023  1 11 13 29 12.060  1.57   1
   110517  40.596582 -124.085954    23.476    12385.0     5147.0     2048.7      1.6      1.2      1.2 2023  3 12  6 43 46.740  0.89   1
   110518  40.522522 -124.432243    18.329   -16946.5    -3077.1    -3097.9      2.5      2.4      4.4 2022 12 20 10 43 39.300  2.63   1
   110519  40.575968 -124.142318    22.568     7613.5     2857.9     1140.6      3.0      1.7      3.1 2022 12 20 23 22 14.760  1.65   1
   110521  40.569731 -124.161165    22.868     6017.6     2165.2     1440.7      4.6      2.4      4.4 2022 12 23  1 11 44.550  1.32   1
   110522  40.643783 -124.083895    23.270    12555.0    10388.4     1842.6      1.3      0.7      0.2 2022 12 20 18 48 15.520  0.97   1
   110523  40.511820 -124.490234    23.621   -21861.3    -4265.4     2194.0      0.5      0.8      1.6 2022 12 21  1  7 33.310  3.25   1
   110524  40.607149 -124.081250    17.592    12782.3     6320.4    -3834.9      1.4      0.4      0.6 2022 12 21  9 31  7.840  1.25   1
   110525  40.619389 -124.081844    17.972    12730.9     7679.6    -3454.7      1.8      1.7      1.8 2022 12 26  7 21 10.390  0.93   1
   110526  40.489563 -124.509831    15.503   -23525.6    -6737.0    -5923.8      1.2      1.8      2.4 2023  2 18 20 58 10.920  1.67   1
   110527  40.521663 -124.440576    19.424   -17652.6    -3172.4    -2003.5      2.0      2.1      3.4 2022 12 22  3 55 53.820  1.44   1
   110529  40.553219 -124.256755    24.365    -2078.3      331.7     2937.3      0.9      0.5      2.4 2023  5 18 13 21 36.440  0.56   1
   110530  40.620402 -124.070304    15.912    13707.7     7792.1    -5515.6      2.2      1.7      2.2 2022 12 22  4 49 54.170  0.84   1
   110531  40.534029 -124.349137    18.699    -9904.8    -1799.2    -2728.2      0.7      0.4      1.0 2022 12 20 19 16  2.640  1.29   1
   110532  40.545585 -124.340259    16.331    -9151.8     -516.0    -5096.3      0.5      0.5      0.5 2022 12 23  4  9 55.040  1.00   1
   110534  40.529195 -124.407886    19.586   -14882.1    -2336.0    -1841.2      6.2      5.5      8.1 2023  1  4 16 29 55.050  1.61   1
   110535  40.523743 -124.412720    18.266   -15292.3    -2941.5    -3161.6      1.8      2.5      3.0 2022 12 22 10 55 51.720  0.98   1
   110537  40.609880 -124.079712    23.381    12912.3     6623.6     1953.4      1.7      1.1      1.4 2022 12 21 16 28 15.660  3.99   1
   110539  40.525598 -124.344637    18.595    -9524.1    -2735.5    -2832.0      2.0      1.6      2.9 2022 12 25  8 22 48.250  0.72   1
   110541  40.581177 -124.197144    18.828     2970.3     3436.3    -2598.9      1.8      0.4      2.0 2023  2 18  6 52 19.650  1.07   1
   110542  40.578564 -124.191951    18.365     3410.1     3146.2    -3061.8      5.7      2.3      5.6 2022 12 20 17 56  5.920  1.14   1
   110544  40.597522 -124.187826    20.438     3759.0     5251.3     -989.3      5.0      2.2      5.3 2023  3 21 22 51 34.760  0.98   1
   110546  40.504679 -124.449178    18.909   -18383.7    -5058.4    -2518.5      2.3      2.4      4.0 2022 12 27  1 23 41.520  0.94   1
   110547  40.615474 -123.926147    21.451    25913.1     7244.9       23.8      1.3      1.1      2.0 2022 12 20 23 36 50.880  1.00   1
   110549  40.543107 -124.055843    19.766    14940.6     -791.2    -1661.7      0.8      0.6      0.5 2022 12 21  4 18 46.220  2.04   1
   110551  40.614400 -124.091707    17.988    11896.3     7125.6    -3438.9      1.2      0.5      1.0 2023  2 17 11 16 14.330  1.12   1
   110553  40.524882 -123.915259    20.688    26853.0    -2815.0     -739.6      1.1      1.0      0.9 2022 12 25  0 34  1.910  0.77   1
   110554  40.549715 -124.243620    18.234     -965.8      -57.4    -3193.1      1.0      0.8      1.1 2022 12 21  0  5 31.440  1.34   1
   110556  40.499320 -124.433374    23.585   -17045.2    -5653.5     2157.5      0.6      0.8      0.7 2023  2 25 14 23 27.120  1.53   1
   110559  40.613501 -124.134587    20.314     8266.0     7025.7    -1113.1      3.9      2.0      3.7 2023  3 13  0 48 17.330  0.83   1
   110560  40.627702 -123.927572    21.640    25790.2     8602.7      213.0      0.9      0.4      1.0 2023  2  2  2 38 55.900  1.60   1
   110561  40.618062 -123.886084    22.931    29304.4     7532.3     1503.9      1.3      1.1      2.5 2022 12 20 17 35 32.520  1.17   1
   110564  40.597355 -124.114225    15.138     9991.1     5232.8    -6289.0      1.2      0.6      0.8 2022 12 24  4 18 59.420  0.99   1
   110566  40.610555 -124.108398    18.010    10483.4     6698.6    -3417.6      1.6      0.4      0.9 2022 12 22  5 24 44.100  2.65   1
   110568  40.499447 -124.471191    15.747   -20249.7    -5639.5    -5680.1      4.5      4.8      8.2 2023  3 22 19 35 25.080  1.32   1
   110569  40.647506 -124.022046    18.349    17789.7    10801.8    -3078.4      1.4      0.7      1.7 2023  1  2  9 44 23.910  0.93   1
   110570  40.601571 -124.124829    20.513     9092.9     5700.9     -914.1      0.5      0.3      0.8 2022 12 22  6 14 22.080  1.10   1
   110572  40.531848 -124.245068    18.926    -1088.6    -2041.4    -2501.0      0.8      1.1      0.8 2023  1  1 22 18 52.920  1.17   1
   110574  40.629126 -124.096777    19.857    11465.8     8760.8    -1570.0      1.8      2.1      1.9 2022 12 21 22 33 49.080  1.00   1
   110575  40.581783 -124.158032    27.496     6282.4     3503.6     6068.5     17.5      7.6     12.4 2022 12 23  1 10  6.400  0.80   1
   110577  40.615470 -124.229696    23.967      213.6     7244.4     2539.4      1.4      0.9      1.7 2022 12 25 19 13 28.400  0.95   1
   110578  40.568050 -124.143758    21.776     7492.0     1978.6      349.1      2.6      1.2      2.3 2022 12 20 20 26 41.720  2.13   1
   110579  40.520349 -124.351530    21.881   -10108.5    -3318.3      453.8      1.5      2.0      1.8 2022 12 21  8 58 34.030  0.97   1
   110580  40.613090 -124.044450    23.534    15897.4     6980.1     2106.8      0.9      0.6      0.8 2023  1  3  4 53 49.540  1.15   1
   110581  40.568111 -124.236589    20.382     -370.1     1985.4    -1045.6      2.5      1.0      2.1 2023  5 28 11 38 43.770  1.07   1
   110582  40.563643 -123.935775    22.092    25107.6     1489.3      664.4      0.5      0.6      0.6 2022 12 21 23 36 17.240  1.23   1
   110586  40.524658 -123.900431    20.114    28109.2    -2839.8    -1313.7      0.9      1.0      1.6 2022 12 22  5 36 49.910  0.70   1
   110587  40.606702 -123.915031    25.131    26856.0     6270.7     3703.5      0.8      0.9      0.9 2022 12 20 10 48 38.300  2.65   1
   110588  40.597384 -124.116797    18.254     9773.3     5236.0    -3172.9      0.8      0.7      0.8 2022 12 22  7 50 48.720  1.53   1
   110589  40.533069 -124.050309    19.500    15410.5    -1905.9    -1927.5      0.6      0.4      0.4 2022 12 21  0 13 29.150  1.50   1
   110590  40.650830 -123.880558    26.394    29765.0    11171.0     4966.3      8.1      7.5     13.1 2022 12 23 19 10 35.240  1.06   1
   110591  40.585819 -124.060449    20.994    14545.8     3951.8     -433.2      0.8      0.7      0.8 2022 12 25 22 34 55.360  0.82   1
   110592  40.618384 -124.077401    17.665    13107.1     7567.9    -3762.6      1.1      0.5      0.9 2023  1 18  8 28 49.360  0.92   1
   110594  40.557894 -123.936873    21.194    25015.7      850.8     -233.4      2.4      1.9      3.3 2022 12 21  0 45 40.230  1.26   1
   110595  40.591740 -124.326693    21.385    -7999.9     4609.3      -42.7      1.5      0.8      1.5 2022 12 20 10 52 39.340  3.28   1
   110596  40.542065 -124.338696    17.507    -9019.7     -906.9    -3919.9      2.1      2.0      3.3 2022 12 29  7 31 23.150  0.85   1
   110597  40.623857 -124.083398    19.880    12598.9     8175.7    -1546.6      0.6      0.8      0.9 2022 12 20 21 24 28.880  0.90   1
   110598  40.598128 -124.101790    23.056    11043.9     5318.7     1628.6      1.5      0.9      1.6 2022 12 26  1 46  3.150  1.45   1
   110600  40.524630 -124.383358    16.983   -12804.6    -2843.0    -4444.2      4.0      3.6      5.9 2022 12 20 19 51  5.480  1.33   1
   110604  40.576925 -123.948722    20.140    24008.7     2964.1    -1287.4      0.8      0.6      0.8 2022 12 21 17  1 49.600  1.16   1
   110605  40.520133 -124.430249    18.852   -16777.8    -3342.3    -2574.9      4.8      3.2      7.9 2022 12 22  7 33 35.520  1.14   1
   110607  40.658289 -124.014795    19.103    18402.0    11999.2    -2324.4      1.8      1.8      2.6 2022 12 21 14 33 24.290  1.52   1
   110608  40.643840 -124.026652    18.554    17400.3    10394.7    -2873.0      0.7      0.7      1.1 2022 12 25 12 29 55.020  1.64   1
   110609  40.575313 -124.153605    23.370     6657.7     2785.2     1942.4      3.3      2.1      3.3 2022 12 20 19 19  0.120  1.41   1
   110611  40.548197 -124.238607    18.568     -541.1     -225.9    -2859.4      1.8      2.6      1.9 2022 12 21 12 21 21.680  0.97   1
   110613  40.665377 -123.886833    22.799    29230.8    12786.3     1371.3      1.5      0.8      0.7 2022 12 27 17 40  9.980  1.83   1
   110614  40.551152 -124.314160    20.495    -6940.8      102.1     -932.5      4.1      2.7      5.0 2023  2 15 14 26 55.060  2.21   1
   110615  40.580343 -124.132918    22.507     8409.3     3343.7     1079.4      4.8      3.3      5.0 2022 12 21  9 48 30.660  1.09   1
   110618  40.602433 -123.978727    22.564    21463.6     5796.7     1137.1      1.4      1.1      0.9 2022 12 20 23 30 29.600  1.04   1
   110619  40.598169 -123.917358    21.682    26660.6     5323.2      255.1      1.2      0.9      1.2 2022 12 22  4 23  9.220  0.67   1
   110620  40.602087 -123.891610    24.910    28840.0     5758.3     3482.5      0.7      0.7      1.2 2022 12 25 16 15  8.400  1.07   1
   110622  40.603638 -124.102799    15.626    10958.0     5930.5    -5801.7      0.4      0.5      0.5 2022 12 28  9 46 28.530  1.31   1
   110623  40.595260 -124.155827    23.033     6468.6     5000.1     1605.6      6.9      4.1      6.4 2022 12 30  9 23 12.150  1.07   1
   110624  40.609652 -124.110457    18.243    10309.2     6598.3    -3184.1      1.2      1.0      1.5 2023  4  2 23  2 20.160  1.02   1
   110625  40.551082 -124.072485    18.974    13530.0       94.4    -2453.4      1.1      0.8      0.9 2022 12 20 21 22 52.960  1.20   1
   110626  40.557926 -124.021322    21.716    17862.9      854.4      288.7      1.5      1.1      1.4 2022 12 24 20 57 12.400  1.30   1
   110627  40.590108 -124.192716    22.396     3345.0     4428.1      968.5      1.2      1.1      2.1 2022 12 20 16 59 23.800  1.39   1
   110628  40.551119 -123.885286    22.191    29386.5       98.5      763.9      0.8      0.7      0.4 2022 12 25  6 37 31.440  1.50   1
   110629  40.582247 -124.242456    23.783     -867.0     3555.1     2355.6      4.3      2.8      3.0 2023  2  2  2 53 51.230  0.90   1
   110630  40.601164 -124.111043    15.169    10260.2     5655.7    -6258.1      1.6      1.4      1.2 2022 12 22  6 38 46.920  0.92   1
   110631  40.600736 -123.999919    19.870    19669.5     5608.3    -1557.4      1.2      0.9      0.9 2022 12 22  6 27  3.370  1.14   1
   110633  40.512655 -124.451603    24.537   -18588.1    -4172.8     3110.1      0.6      0.9      2.4 2022 12 20 11 23 42.960  2.53   1
   110634  40.613143 -124.081429    15.713    12766.6     6986.0    -5714.0      2.7      1.5      2.6 2023  1  3  7 23 30.820  1.13   1
   110635  40.547624 -124.046362    22.847    15743.2     -289.6     1420.1      1.2      1.0      1.1 2022 12 24  7 16 44.450  1.51   1
   110636  40.580448 -124.216081    19.255     1366.6     3355.4    -2172.1      1.4      0.5      1.4 2023  5  5 10 50 40.220  0.86   1
   110637  40.545540 -124.336605    16.846    -8842.3     -521.0    -4581.5      3.2      2.5      4.2 2022 12 25 12 21 40.770  1.90   1
   110638  40.587541 -124.149715    23.755     6986.5     4143.0     2328.2      9.2      6.0      7.2 2022 12 21 19 17 30.720  1.31   1
   110641  40.644169 -123.998934    18.642    19746.5    10431.3    -2785.5      0.7      0.5      0.6 2022 12 25  9 11 59.060  0.70   1
   110643  40.539758 -123.911475    22.789    27170.6    -1163.0     1361.4      0.7      0.7      1.0 2023  2 16 18  3 27.440  1.53   1
   110644  40.562972 -123.979777    23.689    21380.9     1414.7     2262.2      0.6      0.5      0.4 2023  2 13  5 45 35.220  1.23   1
   110646  40.575313 -124.424259    23.277   -16263.7     2785.2     1849.4      0.9      0.8      1.1 2023  2  6 20 12  2.580  1.35   1
   110647  40.565381 -124.144312    22.158     7445.3     1682.2      731.1      3.8      1.7      2.5 2022 12 20 19  6 23.200  1.47   1
   110649  40.519840 -124.356006    22.484   -10487.7    -3374.8     1057.2      1.4      1.9      2.0 2022 12 25 23 13 35.000  1.83   1
   110650  40.701953 -123.952856    22.179    23636.6    16847.9      751.3      0.6      0.4      0.4 2022 12 26  9 16 16.030  1.67   1
   110651  40.612321 -123.825708    26.670    34417.4     6894.7     5242.7      1.4      1.2      0.6 2023  4  8  3  4 20.710  1.95   1
   110652  40.518445 -124.440039    16.299   -17607.5    -3529.8    -5127.8      5.5      5.9     10.8 2023  2  8 14 16 55.210  1.31   1
   110653  40.531584 -124.407056    17.885   -14811.6    -2070.8    -3542.4      3.6      3.4      5.7 2022 12 26  8 29 16.340  0.84   1
   110654  40.591101 -124.008895    23.215    18910.8     4538.3     1787.4      1.3      1.0      0.6 2022 12 24 22 12 36.600  2.10   1
   110655  40.566317 -124.022990    22.593    17720.5     1786.1     1165.6      2.7      1.5      2.3 2023  4 30 12 38 22.840  0.62   1
   110656  40.583488 -124.199854    25.181     2740.8     3692.9     3754.0      0.9      0.4      0.7 2023  1 20 22  9 26.880  0.94   1
   110660  40.539909 -124.340348    16.216    -9159.8    -1146.3    -5211.2      2.9      2.7      4.7 2022 12 31 15  5 32.620  1.28   1
   110663  40.580257 -123.955452    24.394    23438.1     3334.2     2966.9      0.6      0.5      0.8 2022 12 21 22 26 11.040  1.39   1
   110664  40.553943 -123.976978    20.818    21619.5      412.1     -609.6      1.3      1.1      1.3 2022 12 20 16  1 13.350  1.61   1
   110665  40.485730 -124.515145    17.130   -23976.6    -7162.6    -4297.3      1.3      1.6      2.8 2023  4  6  4 40 19.060  0.75   1
   110666  40.498405 -124.469222    18.057   -20083.0    -5755.1    -3370.5      2.3      2.2      5.1 2022 12 29  8 32 33.620  1.49   1
   110667  40.598503 -124.327555    20.857    -8072.6     5360.2     -570.3      0.5      0.7      1.8 2022 12 25  7 56 23.340  0.72   1
   110671  40.586650 -124.096484    23.284    11494.2     4044.0     1856.3      1.4      1.5      1.3 2022 12 20 23  1 57.840  1.31   1
   110672  40.539864 -124.349284    18.399    -9916.7    -1151.3    -3027.8      0.5      0.3      0.5 2023  4 15  0  7  1.200  0.77   1
   110673  40.587887 -124.235547    21.209     -281.9     4181.4     -218.5      4.5      3.0      6.2 2022 12 21 16 59 16.830  0.92   1
   110674  40.552405 -124.224845    17.745      624.5      241.3    -3682.4      2.0      1.5      2.3 2022 12 23  5  1 13.690  1.08   1
   110675  40.703389 -123.931551    22.516    25439.0    17007.4     1088.8      1.8      1.2      1.0 2022 12 22 16 21 35.960  1.66   1
   110676  40.481034 -124.407715    19.889   -14873.0    -7684.1    -1538.0      1.0      0.8      1.5 2023  1 30 10 56 56.600  0.99   1
   110677  40.512349 -124.440405    17.210   -17639.3    -4206.7    -4217.5      2.8      2.8      4.5 2022 12 23  0 10 35.700  1.04   1
   110678  40.516996 -124.427010    17.165   -16503.8    -3690.7    -4262.4      0.6      0.8      1.1 2023  1  8  2 15 56.440  1.14   1
   110679  40.509102 -124.440299    17.735   -17630.8    -4567.2    -3691.9      0.8      0.7      0.9 2023  4 20 15 36 20.100  0.92   1
   110681  40.638468 -123.913005    21.298    27021.2     9798.3     -129.5      0.8      0.5      0.5 2022 12 21  2 53 42.600  1.60   1
   110683  40.504842 -124.452873    18.792   -18696.7    -5040.3    -2635.6      0.8      0.8      0.8 2022 12 21  8 21  0.830  1.29   1
   110685  40.526558 -124.378402    23.814   -12384.6    -2628.8     2386.3      0.8      1.1      0.8 2023  1 29  2 21 34.040  0.86   1
   110686  40.550749 -124.310514    17.786    -6632.0       57.4    -3640.8      5.5      3.4      5.7 2022 12 20 19 42 50.340  1.43   1
   110687  40.644792 -124.052677    19.611    15197.3    10500.4    -1816.3      0.4      0.2      0.4 2022 12 26  1 31 33.690  1.21   1
   110688  40.682947 -123.881649    22.323    29665.6    14737.4      896.1      1.6      1.6      1.5 2022 12 20 16  7 38.970  2.01   1
   110689  40.542485 -123.755005    21.791    40424.5     -860.3      363.8      1.1      2.1      0.7 2022 12 22  0 56 27.730  0.68   1
   110692  40.511263 -124.472030    21.421   -20319.0    -4327.3       -6.7      2.8      2.5      3.5 2022 12 29 10 57 23.460  1.08   1
   110694  40.514254 -124.441634    19.489   -17743.2    -3995.2    -1938.7      1.8      1.7      2.5 2022 12 29  5 31  8.470  1.04   1
   110695  40.550391 -124.224447    17.724      658.3       17.6    -3703.2      0.6      0.4      0.6 2022 12 24  5  9  2.290  1.55   1
   110697  40.572607 -124.223812    17.424      712.0     2484.7    -4003.5      4.3      2.7      4.5 2022 12 23 20 30 28.480  1.23   1
   110698  40.541715 -124.238037    18.231     -492.9     -945.7    -3195.8      0.9      0.8      1.3 2023  1 26  5 47 35.730  1.04   1
   110699  40.516081 -124.415625    17.261   -15539.3    -3792.3    -4165.8      4.0      4.8      6.8 2022 12 22  9  7 10.520  0.52   1
   110700  40.576107 -124.209953    17.449     1885.6     2873.3    -3977.8     14.8      3.6      7.1 2022 12 25  3 58 23.130  0.90   1
   110702  40.629439 -123.959359    22.202    23098.9     8795.6      774.6      1.3      0.8      2.0 2022 12 20 23 26 24.700  1.53   1
   110703  40.530579 -124.354370    17.082   -10348.3    -2182.4    -4345.5      9.1      4.9      9.4 2022 12 22 14 28 55.050  1.12   1
   110705  40.513525 -123.875708    21.624    30206.3    -4076.1      196.3      0.8      0.8      1.0 2023  3  1  0 37 17.190  1.45   1
   110706  40.559631 -123.992586    23.938    20296.5     1043.8     2510.4      1.0      0.9      0.7 2022 12 20 23 41  1.760  1.68   1
   110707  40.546842 -123.845947    22.321    32719.7     -376.4      893.3      0.5      0.6      0.7 2022 12 21 22 14 18.520  1.56   1
   110708  40.578748 -124.213867    18.213     1554.1     3166.5    -3214.3      3.3      2.7      3.9 2023  3  5  0 34 58.820  1.58   1
   110710  40.605542 -124.148324    18.290     7103.4     6141.9    -3136.8      3.1      1.8      2.7 2023  1 14  1 10 27.140  1.46   1
   110711  40.616235 -124.069548    20.202    13772.2     7329.4    -1225.4      0.8      1.1      1.5 2022 12 20 21  2 39.800  1.14   1
   110712  40.557572 -123.953133    21.986    23638.5      815.1      558.7      0.8      0.6      0.5 2023  1 10 19 11 36.040  1.34   1
   110715  40.611637 -124.085050    16.004    12460.1     6818.8    -5422.9      4.9      2.0      4.3 2022 12 20 21 22 37.100  1.23   1
   110716  40.586462 -123.885978    21.635    29320.2     4023.2      208.1      1.4      1.4      3.2 2022 12 22  1 50 13.650  0.65   1
   110717  40.608183 -124.301628    19.959    -5876.7     6435.2    -1468.1      0.5      0.4      0.5 2023  4  9 21 13 25.880  0.97   1
   110718  40.523499 -124.432267    19.515   -16948.4    -2968.6    -1912.1      0.5      0.5      0.9 2022 12 22  3 44  5.310  1.01   1
   110720  40.585197 -124.203906    20.504     2397.5     3882.7     -923.5      2.2      1.6      2.0 2022 12 21  1 23  1.660  0.93   1
   110721  40.555477 -124.303516    18.652    -6039.0      582.4    -2774.9      1.4      0.4      1.0 2022 12 20 16 43 44.910  1.41   1
   110722  40.552026 -124.305664    19.919    -6221.1      199.3    -1508.3      2.4      1.1      2.1 2022 12 20 19 45  5.720  1.04   1
   110723  40.473588 -124.545687    21.854   -26567.3    -8510.9      426.6      1.3      0.6      1.4 2022 12 22  7 29 30.560  0.68   1
   110724  40.518787 -124.345117    19.327    -9565.3    -3491.9    -2100.6      2.1      2.0      2.8 2022 12 22  8 32 21.500  0.63   1
   110725  40.546692 -124.307536    17.702    -6379.9     -393.1    -3725.6      4.9      3.5      5.7 2022 12 24 21 51 17.000  0.84   1
   110726  40.518343 -124.432723    19.593   -16987.7    -3541.1    -1834.1      0.9      1.1      1.7 2022 12 25 10 58 46.850  0.74   1
   110727  40.516772 -124.358667    19.604   -10713.4    -3715.5    -1823.3      2.6      2.4      3.4 2022 12 26 20 22  8.180  1.12   1
   110728  40.519690 -124.420825    19.258   -15979.5    -3391.5    -2169.0      2.2      2.3      3.3 2023  1  3 14 30 47.720  1.13   1
   110729  40.576762 -124.208382    17.649     2018.6     2946.0    -3778.0      1.3      0.6      0.7 2023  1  4 10 27 27.700  1.40   1
   110731  40.511731 -124.440291    19.304   -17629.8    -4275.4    -2123.4      0.9      1.0      2.0 2023  3 16 18  8 14.040  1.34   1
   110735  40.534416 -124.344312    18.499    -9495.9    -1756.3    -2928.4      2.0      1.8      2.9 2022 12 20 21 52 17.400  1.04   1
   110736  40.506246 -124.335726    18.121    -8770.4    -4884.4    -3305.8      0.6      0.7      1.1 2022 12 22  5 34 15.770  1.28   1
   110737  40.523336 -124.423193    18.335   -16179.7    -2986.7    -3092.6      2.3      2.3      3.6 2022 12 22 10 19 33.470  1.21   1
   110738  40.545593 -124.314950    18.050    -7007.9     -515.1    -3377.0      3.6      2.6      4.7 2022 12 26 12 16 44.250  0.71   1
   110739  40.521244 -124.427498    18.059   -16544.7    -3218.9    -3368.7      0.9      0.8      1.5 2023  1 11  1 42 23.060  2.03   1
   110743  40.582723 -124.205640    18.092     2250.8     3608.0    -3335.4      4.4      3.9      8.5 2023  3 25 16 17 15.180  0.90   1
   110745  40.515299 -124.430900    18.742   -16833.6    -3879.1    -2685.6      1.7      1.7      2.8 2023  1 20  8 32 25.670  1.94   1
   110746  40.516333 -124.447078    20.922   -18204.2    -3764.3     -505.0      2.6      2.7      2.7 2023  2 15 19 15 16.420  1.23   1
   110747  40.543339 -124.337126    20.011    -8886.6     -765.4    -1416.0      3.9      3.4      4.9 2022 12 23 14  7  9.940  0.88   1
   110748  40.553646 -124.442204    23.887   -17786.3      379.1     2459.9      3.1      2.6     18.9 2022 12 20 15 58 21.830  1.76   1
   110749  40.501131 -124.464160    14.581   -19653.7    -5452.4    -6846.1      5.5      6.0     19.3 2022 12 26  6 35 42.200  1.15   1
   110750  40.594897 -124.117660    17.123     9700.5     4959.9    -4303.8      1.2      1.0      1.3 2023  1 14  6 13 33.720  1.13   1
   110751  40.575090 -123.987834    20.906    20696.7     2760.3     -521.1      0.9      0.8      1.4 2022 12 20 17 38 50.000  1.62   1
   110752  40.581726 -124.211296    21.084     1771.8     3497.3     -343.2      2.2      1.0      1.7 2022 12 22 21 13 37.280  0.95   1
   110753  40.526628 -124.325252    18.374    -7881.8    -2621.2    -3052.9      2.6      2.2      3.4 2022 12 22 22  2  6.300  1.11   1
   110754  40.523185 -124.358008    18.668   -10657.1    -3003.4    -2759.2      3.3      3.1      4.6 2022 12 22 22 45  9.160  1.52   1
   110757  40.524683 -124.344686    19.424    -9528.3    -2837.1    -2003.4      1.9      1.6      2.3 2022 12 28 13 28 43.290  1.64   1
   110758  40.552633 -124.236149    19.642     -332.9      266.6    -1784.9      1.1      0.9      1.2 2023  1 15 15 14  5.770  1.41   1
   110759  40.526042 -124.415796    19.027   -15552.6    -2686.2    -2399.8      4.6      4.6      7.3 2023  2 10 21  1  5.660  1.17   1
   110761  40.584794 -124.150667    22.450     6906.0     3838.0     1022.9      5.3      2.4      3.6 2023  1 21 22  3  8.900  1.49   1
   110765  40.524556 -124.407186    18.212   -14823.4    -2851.1    -3215.2      3.2      2.8      4.9 2022 12 24  2 43 20.530  1.79   1
   110766  40.505066 -124.446525    17.489   -18158.8    -5015.5    -3938.2      2.5      2.7      4.2 2023  2  7 19 48  3.920  1.35   1
   110767  40.504167 -124.481722    17.987   -21141.3    -5115.3    -3440.7      2.5      2.9      5.1 2023  5  3  4 14 16.070  1.55   1
   110768  40.534847 -124.343351    18.962    -9414.5    -1708.4    -2465.3      1.9      1.7      2.4 2023  2 17 23 11 43.020  1.41   1
   110769  40.577104 -124.216577    18.797     1324.6     2984.0    -2630.0      2.8      2.0      3.6 2022 12 22 11 55 31.760  1.02   1
   110770  40.592371 -124.101514    24.965    11067.8     4679.3     3537.5      1.1      0.9      1.0 2023  1  4  8 48  8.840  1.05   1
   110771  40.514856 -124.443083    18.046   -17865.8    -3928.3    -3381.5      0.5      0.7      1.0 2022 12 21 11 33 42.730  2.09   1
   110772  40.518677 -124.421769    17.096   -16059.6    -3504.1    -4330.9      3.8      3.9      5.6 2022 12 22  1 51 31.680  0.96   1
   110774  40.515454 -124.426742    19.414   -16481.2    -3861.9    -2013.6      2.5      2.8      3.8 2022 12 22 13 45 54.290  0.88   1
   110778  40.591296 -124.092057    21.731    11868.7     4560.0      303.7      2.6      2.7      4.3 2022 12 20 13 10 43.400  0.88   1
   110780  40.514465 -124.439640    18.476   -17574.2    -3971.7    -2951.1      0.8      0.6      1.3 2023  1 27  2 38 13.190  1.41   1
   110781  40.599528 -124.019865    21.065    17980.7     5474.1     -362.5      1.6      1.6      1.3 2022 12 22  7 36 42.420  0.86   1
   110782  40.520349 -124.420052    16.796   -15913.9    -3318.3    -4631.2      3.3      2.9      5.9 2023  1 19  4 55  2.650  1.72   1
   110783  40.535457 -124.239624    19.458     -627.4    -1640.6    -1969.3      0.7      0.8      1.0 2022 12 21  9 13 55.700  1.90   1
   110785  40.602018 -124.111841    16.439    10192.6     5750.6    -4988.7      1.7      1.3      1.7 2023  3 27 13  6 21.780  0.85   1
   110786  40.514771 -124.443302    17.986   -17884.5    -3937.8    -3441.1      2.2      2.3      5.3 2022 12 21 10 46 12.660  1.82   1
   110787  40.588696 -124.185962    20.270     3917.0     4271.3    -1157.3      7.8      5.1      9.6 2022 12 22  9 24 48.500  0.91   1
   110788  40.661267 -124.009090    19.309    18884.4    12329.9    -2118.0      1.5      1.4      1.6 2022 12 22  1 16  9.260  0.66   1
   110789  40.523767 -124.418953    18.727   -15820.4    -2938.8    -2700.0      2.8      2.7      4.4 2022 12 23 19 12 41.740  1.83   1
   110790  40.570467 -124.198747    21.838     2834.8     2247.0      410.9      2.5      1.6      2.1 2022 12 24 15 43 41.860  0.86   1
   110791  40.524019 -124.411051    21.951   -15150.9    -2910.8      523.6      0.8      0.7      1.5 2022 12 21 21 14 36.000  0.82   1
   110793  40.516756 -124.411662    20.850   -15203.4    -3717.3     -577.5      3.2      3.0      3.9 2022 12 26 14 17  3.520  0.91   1
   110794  40.595508 -124.113167    18.161    10080.8     5027.7    -3266.5      0.5      0.4      0.6 2023  3 11 16 16 54.220  1.44   1
   110796  40.544181 -124.335929    16.843    -8785.2     -671.9    -4583.9      0.7      1.0      1.3 2022 12 22  1 52 50.750  1.67   1
   110797  40.520740 -124.351359    19.498   -10094.0    -3275.0    -1929.4      1.3      1.0      1.5 2022 12 24 21 53 24.440  1.63   1
   110799  40.524227 -124.406665    18.858   -14779.3    -2887.7    -2568.9      3.2      3.9      4.3 2022 12 20 10 40 17.470  2.91   1
   110801  40.558276 -124.235360    19.993     -266.1      893.3    -1433.9      1.7      0.9      1.5 2022 12 20 12 16  5.480  2.04   1
   110802  40.569694 -124.077319    19.201    13118.8     2161.2    -2226.0      1.8      2.1      1.0 2022 12 21  0 15 31.010  2.88   1
   110803  40.651074 -124.020516    19.051    17918.8    11198.1    -2376.7      1.8      1.3      2.6 2022 12 22  5 56 58.350  0.78   1
   110804  40.518274 -124.437606    19.431   -17401.4    -3548.8    -1995.9      0.6      0.5      1.3 2022 12 20 20 38 36.440  1.22   1
   110806  40.515361 -124.431266    19.107   -16864.6    -3872.3    -2320.6      1.3      1.2      2.3 2023  2  1  8 26 47.510  1.32   1
   110808  40.538407 -124.339551    17.302    -9092.3    -1313.1    -4125.0      3.4      3.1      5.3 2023  3 31  1 48 56.260  0.92   1
   110809  40.521077 -124.440381    20.535   -17636.1    -3237.5     -892.6      3.4      2.7      4.2 2022 12 22  0 38 39.810  1.01   1
   110810  40.618233 -124.080900    17.097    12810.9     7551.2    -4330.3      1.7      1.6      2.3 2023  1  4  6 36 41.150  1.09   1
   110812  40.603288 -124.142057    18.139     7634.1     5891.6    -3288.7      3.4      2.6      3.7 2023  2  2  5 38 31.180  0.92   1
