   101475  40.580611 -123.982935    20.749    21110.7     3373.5     -678.2     28.5     20.2     34.6 2020  1  4 12 29  8.640  0.00   1
   101476  40.580811 -123.972835    21.289    21966.0     3395.6     -138.6     68.6     42.9     61.0 2020  2 13 22 21 36.940  0.00   1
   101477  40.580188 -123.986523    20.835    20806.9     3326.5     -592.0     51.4     37.9     73.3 2020  3 19  1  4 26.040  0.00   1
   101481  40.581128 -123.982853    20.751    21117.5     3430.9     -676.7     48.1     25.0     39.4 2021  3 29 15 56 33.780  0.00   1
   101482  40.581010 -123.983097    20.784    21096.9     3417.8     -643.0     37.7     27.5     34.8 2021  3 29 13 44 54.940  0.00   1
   101483  40.581087 -123.983105    20.790    21096.2     3426.3     -637.0     37.3     26.9     34.7 2021  3 30 14 30 26.580  0.00   1
   101484  40.580965 -123.982772    20.771    21124.5     3412.8     -655.9     36.2     27.0     36.0 2021  3 30 16 56 58.820  0.00   1
   101487  40.581653 -123.982178    20.709    21174.7     3489.1     -717.9     32.7     19.3     30.9 2021  9 19 18 51 35.660  0.00   1
   101488  40.576872 -123.972420    20.484    22001.7     2958.2     -942.7     85.9     62.4     81.1 2021 12  7  4 20 27.260  0.00   1
   101564  40.532723 -124.275513    11.677    -3667.7    -1944.3    -9750.6     70.6     35.8     36.6 2020  1  4 11 37 20.680  0.00   1
   102513  40.562834 -124.124959    22.657     9084.5     1399.4     1230.1     61.8     36.9     68.5 2020  1 21 18 29 29.080  0.00   1
   102514  40.564217 -124.137590    22.817     8014.7     1553.0     1389.3     91.1     41.2     55.3 2020  1 21 18 17 50.920  0.00   1
   102517  40.563578 -124.122257    23.031     9313.3     1482.1     1604.0     72.7     42.7     55.6 2020  1 21 18 17 12.580  0.00   1
   102584  40.562154 -124.103573    22.970    10895.9     1323.9     1542.5    105.6     64.6     66.4 2021 12 19 16 15 38.560  0.00   1
   102602  40.482869 -124.511646    24.346   -23680.6    -7480.3     2918.7     40.2     36.6     73.3 2021  8 10 19 30 57.060  0.00   1
   102603  40.481950 -124.506632    24.789   -23255.9    -7582.4     3361.5     37.5     44.6     85.1 2021  8 28  7 10 22.180  0.00   1
   102606  40.486393 -124.502946    24.869   -22942.7    -7089.0     3442.1     37.8     46.0    105.6 2021 11  9 13 23 16.920  0.00   1
   102608  40.481510 -124.505339    25.822   -23146.3    -7631.2     4394.5     32.7     52.9     45.9 2022  9  7 17 54 42.580  0.00   1
   102707  40.435055 -124.602035    24.901   -31351.8   -12789.9     3474.2     17.0     31.7     77.2 2020  1  5 11  4 39.240  0.00   1
   102709  40.444067 -124.597860    24.149   -30995.8   -11789.1     2721.6     52.3     91.6    140.6 2020  3 12 15 20 18.660  0.00   1
   102710  40.434790 -124.601709    24.085   -31324.3   -12819.3     2658.1     23.7     22.0     44.6 2020  3 19  0  0 12.240  0.00   1
   102711  40.429692 -124.600024    10.173   -31182.6   -13385.5   -11254.3     55.9     87.8    290.1 2020  4 15  6 22 46.200  0.00   1
   102713  40.434973 -124.602157    11.875   -31362.2   -12799.0    -9552.1     43.8     52.5    323.0 2020  5  1 21 27  1.720  0.00   1
   102715  40.432918 -124.600822    24.502   -31249.5   -13027.1     3075.0     33.8     56.3    151.4 2020  5 19  4 18  4.680  0.00   1
   102716  40.435628 -124.601489    23.814   -31305.5   -12726.2     2386.5     21.0     24.5     24.7 2020  5 19 15 58 35.460  0.00   1
   102717  40.436947 -124.602629    23.897   -31401.7   -12579.8     2469.3     20.9     23.4     24.8 2020  5 19  8 56  4.240  0.00   1
   102718  40.429220 -124.598193    24.010   -31027.5   -13437.9     2582.6     45.4     81.1     44.1 2020  6  2  1 55 48.260  0.00   1
   102719  40.434322 -124.601978    24.455   -31347.2   -12871.3     3027.8     18.2     21.7     54.4 2020  6  9 10 29  1.040  0.00   1
   102720  40.435539 -124.601449    24.524   -31302.0   -12736.1     3096.6     15.8     20.3     62.9 2020  6  9 11 54 57.660  0.00   1
   102721  40.434269 -124.601131    23.872   -31275.4   -12877.1     2444.5     37.8     45.4     99.8 2020  6 11 11 48 29.660  0.00   1
   102723  40.433028 -124.602767    24.015   -31414.4   -13014.9     2588.2     26.0     41.9     82.7 2020  6 28  9  4 35.860  0.00   1
   102727  40.435555 -124.602181    24.558   -31364.1   -12734.3     3131.1     22.1     31.0     63.2 2020  9 21 21 53 10.520  0.00   1
   102728  40.430835 -124.601392    23.519   -31298.3   -13258.5     2091.8     24.9     61.7     31.6 2020  9 28  9 34 39.840  0.00   1
   102729  40.432935 -124.603076    23.920   -31440.6   -13025.3     2492.9     35.7     47.5    135.3 2020  9 29 16 42 12.380  0.00   1
   102730  40.432605 -124.603931    23.981   -31513.1   -13061.9     2554.1     45.0     62.3    160.4 2020  9 29 16  6 55.980  0.00   1
   102731  40.433044 -124.600220    23.948   -31198.4   -13013.1     2521.2     36.1     43.7    166.8 2020 10  8  8 34 56.540  0.00   1
   102732  40.434981 -124.602425    24.209   -31385.0   -12798.1     2781.8     16.1     22.0     59.0 2020 10 13 22  5 11.460  0.00   1
   102733  40.435409 -124.602116    24.432   -31358.6   -12750.6     3004.3     20.9     25.6     61.7 2020 11 11  2 48 36.380  0.00   1
   102734  40.434578 -124.602148    24.484   -31361.6   -12842.8     3057.2     23.3     30.5     86.7 2020 12 19  3 23 42.480  0.00   1
   102736  40.430607 -124.600854    23.472   -31252.8   -13283.8     2044.3     35.9     68.7     48.9 2021  1 21 20 46 20.820  0.00   1
   102737  40.434721 -124.601937    24.349   -31343.6   -12827.0     2921.3     17.2     22.9     63.7 2021  2 12  4 31  7.420  0.00   1
   102738  40.434587 -124.600895    23.790   -31255.3   -12841.9     2363.1     17.3     31.3     22.5 2021  2 12 20  8 51.240  0.00   1
   102739  40.433940 -124.602319    24.116   -31376.2   -12913.7     2689.0     22.3     27.6     77.9 2021  2 12  4 29 14.400  0.00   1
   102740  40.432487 -124.601978    23.864   -31347.6   -13075.0     2437.2     19.7     50.4     27.5 2021  2 20 23 40 36.700  0.00   1
   102741  40.435502 -124.602173    24.465   -31363.4   -12740.2     3037.9     28.3     49.2    133.7 2021  4 14  4 39 59.360  0.00   1
   102742  40.435120 -124.602026    24.465   -31351.1   -12782.7     3037.7     18.3     24.1     67.8 2021  4 14  1 27 41.100  0.00   1
   102743  40.434208 -124.601912    24.542   -31341.7   -12883.9     3114.8     18.9     29.0     73.1 2021  4 14  5 38 37.620  0.00   1
   102745  40.438253 -124.603906    23.835   -31509.8   -12434.8     2408.0     56.1     73.4     43.4 2021  5 17  6 53 57.120  0.00   1
   102749  40.433411 -124.602629    24.216   -31402.6   -12972.5     2788.6     19.8     37.0     70.9 2021  7 10 11 59 45.840  0.00   1
   102751  40.430404 -124.603451    24.853   -31472.9   -13306.4     3426.2     33.2     62.4    147.8 2021  8 31 18 13 15.560  0.00   1
   102754  40.431588 -124.603280    24.053   -31458.2   -13174.9     2626.1     27.6     57.8     93.2 2021  9 23  9 33 50.540  0.00   1
   102755  40.435449 -124.602124    24.265   -31359.3   -12746.1     2837.6     16.5     21.1     53.2 2021  9 30 19 10  2.220  0.00   1
   102756  40.435099 -124.602124    24.645   -31359.4   -12784.9     3218.2     19.4     24.4     64.1 2021 10  8 23 40 58.400  0.00   1
   102759  40.435026 -124.602059    24.387   -31353.9   -12793.1     2960.1     15.3     25.8     60.4 2021 11  4  9  5 14.280  0.00   1
   102761  40.434892 -124.601896    24.712   -31340.1   -12808.0     3284.8     16.8     23.8     65.9 2021 12  9 20 12 36.400  0.00   1
   102763  40.435409 -124.602246    24.355   -31369.7   -12750.6     2927.3     18.9     28.0     68.5 2021 12 18  5 17 48.600  0.00   1
   102764  40.436641 -124.601335    24.247   -31292.1   -12613.7     2820.1     24.3     41.1     68.8 2021 12 20  7 12 18.880  0.00   1
   102768  40.430851 -124.603638    25.047   -31488.7   -13256.7     3620.1     19.8     29.5     49.4 2022  2 24 23 18 18.200  0.00   1
   102773  40.437687 -124.601270    24.392   -31286.4   -12497.6     2965.2     34.9     67.6    104.8 2022  4 10 14  1 19.800  0.00   1
   102775  40.435429 -124.602132    24.263   -31360.0   -12748.4     2836.1     17.0     21.5     52.1 2022  5 12 21 39 49.620  0.00   1
   102776  40.430786 -124.603239    24.328   -31454.9   -13263.9     2900.7     42.9     58.2    172.0 2022  5 15 21 30 42.600  0.00   1
   102777  40.436589 -124.601530    24.559   -31308.7   -12619.6     3131.8     29.3     45.4     94.3 2022  6  2  9 50 27.060  0.00   1
   102778  40.432507 -124.604069    24.476   -31524.9   -13072.8     3048.9     20.8     35.9     58.5 2022  6 17  0 59 30.760  0.00   1
   102780  40.435091 -124.602197    24.371   -31365.6   -12785.9     2943.4     18.0     24.1     63.8 2022  7 21  2 41 31.540  0.00   1
   102781  40.436625 -124.600618    24.694   -31231.4   -12615.5     3266.7     48.6     56.4    144.1 2022  7 28  9 22  9.400  0.00   1
   102783  40.434985 -124.602254    24.342   -31370.5   -12797.6     2915.1     13.6     20.3     61.1 2022  8 24 18 40  2.660  0.00   1
   102785  40.436930 -124.598674    24.003   -31066.5   -12581.6     2575.7     53.0     61.1     53.8 2022  8 29 10  0 58.040  0.00   1
   102786  40.430977 -124.600439    19.283   -31217.5   -13242.7    -2144.4     39.9     63.7    194.3 2022  9 18 15 28 46.440  0.00   1
   102787  40.429049 -124.598031    22.230   -31013.8   -13456.8      803.2     52.6     56.0    278.4 2022 10  2 19 33 34.380  0.00   1
   102789  40.437968 -124.601742    23.824   -31326.3   -12466.4     2396.3     27.8     49.0    106.8 2022 10 17  4 45 23.620  0.00   1
   102790  40.429919 -124.599349    22.363   -31125.3   -13360.1      935.7     47.8     52.0    252.1 2022 10 19 22 24 12.120  0.00   1
   102792  40.438513 -124.601676    24.322   -31320.7   -12405.9     2894.7     63.2     62.6    104.5 2022 11  4 23 19 49.560  0.00   1
   102793  40.428556 -124.598975    23.077   -31093.9   -13511.5     1650.0     49.0     66.8    269.1 2022 11 28  6 17 43.580  0.00   1
   102871  40.521493 -124.422754    24.059   -16142.7    -3191.4     2631.7     63.7     61.9     64.5 2021 12 21 11 40 42.620  0.00   1
   102873  40.523885 -124.419035    23.254   -15827.3    -2925.7     1826.4     51.8     59.4     60.9 2021 12 27  5 28 17.460  0.00   1
   102877  40.518392 -124.415951    23.927   -15566.6    -3535.7     2499.5     41.3     44.0     38.8 2022 11 12  9 39  9.180  0.00   1
   102881  40.574593 -123.888452    22.534    29113.3     2705.2     1106.3     34.7     32.0     52.9 2020  6  5  7 17 17.540  0.00   1
   102882  40.587467 -123.897192    22.213    28370.4     4134.8      785.8     47.8     37.9     37.2 2021  8 31 10  1 55.460  0.00   1
   102884  40.586210 -123.890194    23.418    28963.3     3995.2     1991.0     53.7     68.7     75.5 2022  7  8 14 14 25.800  0.00   1
   102885  40.572567 -123.881551    22.343    29698.2     2480.2      915.6     34.3     49.0     80.5 2022 10 15  6 34 45.100  0.00   1
   102906  40.550834 -124.492383    23.744   -22037.0       66.9     2316.4     45.3     34.9     92.6 2020  1  8  5 26 50.000  0.00   1
   102908  40.549910 -124.498820    23.912   -22582.4      -35.7     2484.7     20.1     17.6     17.0 2020 10 11 20 54  2.280  0.00   1
   102909  40.543132 -124.506266    27.174   -23214.3     -788.5     5746.3     35.9     30.3     40.2 2021  4 28 19 33 47.460  0.00   1
   102910  40.549402 -124.497437    23.106   -22465.3      -92.2     1678.5     22.2     34.9    100.9 2021  6 12  7 57 57.640  0.00   1
   102911  40.545487 -124.505786    24.947   -23173.2     -526.9     3520.1     24.7     25.5     55.1 2021  6 22  2 52 24.640  0.00   1
   102915  40.545642 -124.505640    24.981   -23160.8     -509.7     3553.4     33.4     33.9     57.2 2021 11 28 13  7  4.440  0.00   1
   102916  40.548376 -124.501579    23.932   -22816.4     -206.0     2504.3     16.2     13.4     17.0 2021 12 21 13 58 37.080  0.00   1
   102917  40.550675 -124.498039    24.002   -22516.1       49.3     2575.2     18.7     16.0     34.7 2021 12 21  8 24 22.960  0.00   1
   103853  40.618587 -123.947803    22.302    24079.1     7590.5      874.4     53.9     37.8     81.4 2020  1 15 17  9  9.680  0.00   1
   103854  40.619694 -123.946899    21.575    24155.4     7713.4      147.9     29.1     25.5     28.7 2020  9  6  8  2 35.820  0.00   1
   103855  40.624565 -123.949886    21.563    23901.7     8254.3      135.9     25.1     22.5     24.7 2021 11 17  1 30  5.520  0.00   1
   103856  40.622917 -123.948234    21.548    24041.8     8071.3      120.5     24.0     20.8     23.3 2022  1 29  9  3 15.000  0.00   1
   103857  40.621769 -123.946077    21.734    24224.6     7943.9      306.6     20.4     18.3     20.1 2022  5 22  1 31 29.140  0.00   1
   103859  40.624674 -123.949886    21.527    23901.6     8266.5       99.9     25.2     21.6     24.3 2022  5 23  3 58 56.800  0.00   1
   103861  40.621053 -123.950090    21.727    23885.1     7864.4      300.2     40.9     26.4     52.3 2022  7 27 10 38  4.700  0.00   1
   103862  40.622005 -123.948307    21.672    24035.8     7970.1      244.9     25.3     24.7     31.6 2022 11 17 16  3 25.080  0.00   1
   103863  40.620915 -123.944189    21.684    24384.6     7849.0      256.6     33.8     20.2     30.9 2022 11 20 23 28 37.040  0.00   1
   103948  40.582992 -123.918856    25.740    26536.8     3637.8     4313.0     40.0     26.7     44.8 2020  7 15 23 27 17.180  0.00   1
   103949  40.582760 -123.919564    25.743    26476.9     3612.0     4315.8     40.1     26.9     45.3 2020  7 15 23 27  7.480  0.00   1
   103953  40.585396 -123.915804    23.861    26794.8     3904.8     2433.8     77.8     42.9    115.4 2021  6 28 22 30 49.640  0.00   1
   103955  40.588045 -123.915983    25.343    26779.1     4199.0     3915.9     47.4     27.5     45.7 2021  8 18 13 15  3.800  0.00   1
   103957  40.582373 -123.914494    26.278    26906.3     3569.1     4850.9     76.1     53.2     84.7 2021  9 30  0  5  3.500  0.00   1
   103958  40.584184 -123.910824    26.053    27216.8     3770.2     4625.5     51.2     41.1     70.0 2021 10 16 22 17 33.780  0.00   1
   103963  40.584285 -123.908911    25.873    27378.7     3781.5     4445.7     35.1     26.1     27.5 2022 10  3  1 19 38.240  0.00   1
   104037  40.619409 -124.314909    19.346    -7000.7     7681.8    -2081.2     45.0     28.1     49.7 2020  3 23  9 10 34.260  0.00   1
   104039  40.620345 -124.315161    19.935    -7022.0     7785.7    -1492.6     39.8     24.3     27.2 2020  3 31  1 10 40.520  0.00   1
   104040  40.620691 -124.315153    19.825    -7021.3     7824.1    -1602.6     25.5     21.3     33.6 2020 12 20  9 55 52.280  0.00   1
   104042  40.620671 -124.315470    19.782    -7048.1     7821.9    -1645.0     27.9     24.7     40.9 2020 12 20 10 47 46.800  0.00   1
   104043  40.620467 -124.314282    19.896    -6947.6     7799.3    -1531.6     30.5     26.4     69.6 2020 12 20 10 15 13.920  0.00   1
   104047  40.622506 -124.320516    19.223    -7475.2     8025.7    -2203.9     33.5     30.0     47.6 2021  4 20 22 55  3.440  0.00   1
   104048  40.620996 -124.323299    17.788    -7710.9     7858.0    -3639.0     34.5     21.0     42.2 2021  4 24 18 32 32.740  0.00   1
   104049  40.621480 -124.314160    19.862    -6937.2     7911.8    -1565.3     28.7     26.2     52.6 2021  6 29 21  7 22.600  0.00   1
   104052  40.620947 -124.314103    19.963    -6932.4     7852.6    -1464.7     30.1     22.9     36.9 2021  7  2  7 55 22.400  0.00   1
   104053  40.617737 -124.314339    20.748    -6952.5     7496.1     -678.9     40.4     27.9     51.4 2021  7  3 16 38 35.240  0.00   1
   104054  40.620866 -124.314201    19.520    -6940.6     7843.6    -1907.5     32.8     23.0     65.9 2021  7 14 14 46 21.240  0.00   1
   104055  40.621281 -124.313851    19.877    -6911.0     7889.7    -1550.0     35.6     27.2     52.4 2021  9 17 10  9 30.180  0.00   1
   104056  40.618294 -124.318359    20.185    -7292.9     7558.0    -1242.5     60.2     44.8     72.9 2021 11 18  9 48  5.620  0.00   1
   104060  40.619861 -124.312427    19.893    -6790.5     7732.0    -1534.2     27.3     20.1     30.0 2022  4 14 20  4 26.860  0.00   1
   104061  40.620553 -124.314860    20.003    -6996.5     7808.8    -1423.9     23.7     16.2     32.1 2022  6 16 20 44 53.720  0.00   1
   104064  40.620044 -124.312036    19.884    -6757.4     7752.3    -1542.9     31.7     23.2     30.2 2022 10 23 23 59  6.320  0.00   1
   104510  40.562545 -124.130664    22.412     8601.3     1367.3      984.5     22.4      8.4     18.3 2020  1 21 18 16 13.040  0.00   1
   104905  40.511768 -124.415308    24.689   -15512.9    -4271.3     3262.0     79.5     81.7    124.0 2020  6 22 15 25 24.880  0.00   1
   104911  40.511035 -124.420247    23.869   -15931.5    -4352.6     2441.3     33.2     26.2     82.8 2021  5 20 19 21 47.940  0.00   1
   104917  40.508260 -124.424471    23.537   -16289.7    -4660.8     2109.8     45.1     37.1     97.4 2021  9 17 15 11 51.640  0.00   1
   104918  40.506860 -124.422469    24.814   -16120.3    -4816.2     3386.3     32.7     43.8     73.9 2021 10  5 18 21 58.320  0.00   1
   104919  40.504639 -124.411963    28.258   -15230.3    -5062.9     6830.8     82.2     66.0    194.6 2021 10 16  3 19 23.200  0.00   1
   104923  40.504631 -124.428166    23.801   -16603.2    -5063.8     2374.2     71.4     80.9    164.3 2021 12 22  5 52  2.020  0.00   1
   104928  40.511296 -124.420076    24.984   -15917.0    -4323.7     3556.6     29.9     20.7     88.2 2022  1 30  2  6 57.660  0.00   1
   104932  40.511117 -124.419840    24.963   -15897.0    -4343.6     3536.0     30.1     21.7     89.4 2022  3  5  0 58 53.080  0.00   1
   104936  40.511422 -124.423356    23.617   -16194.9    -4309.7     2190.1     37.9     25.8     94.7 2022  7 27  2 17 47.560  0.00   1
   104940  40.517716 -124.493254    15.982   -22116.2    -3610.7    -5445.5     27.2     33.6     46.8 2020  1 27  9 51 13.860  0.00   1
   104941  40.518701 -124.493026    15.887   -22096.7    -3501.3    -5540.6     26.2     28.3     43.3 2020  2 20  6 32 59.280  0.00   1
   104942  40.518449 -124.492757    15.479   -22074.0    -3529.4    -5947.8     21.0     24.3     39.3 2020  4  6  9 21 20.960  0.00   1
   104943  40.518209 -124.492554    15.799   -22056.8    -3556.0    -5627.8     21.3     19.6     30.4 2020 12 17 16 41  8.520  0.00   1
   104944  40.517712 -124.489518    14.415   -21799.7    -3611.1    -7011.9     19.6     29.4    194.1 2020 12 19 14 18 19.400  0.00   1
   104945  40.520024 -124.497819    16.011   -22502.6    -3354.5    -5416.7     21.8     24.6     61.8 2021  5 24  0 40 45.520  0.00   1
   104946  40.519934 -124.498291    15.954   -22542.6    -3364.4    -5473.4     19.2     20.7     64.1 2021 11  6  3 38 12.480  0.00   1
   105067  40.735897 -123.936629    22.990    25003.3    20617.2     1562.7     49.1     39.8     47.5 2020  1 29 17 29  4.280  0.00   1
   105385  40.552075 -123.973999    21.471    21872.1      204.7       43.4     22.3      9.9     19.7 2021  4  1  4 46 23.960  0.00   1
   105390  40.600415 -123.967977    21.386    22374.1     5572.6      -41.2     87.6     53.5     71.5 2021  5 23 15 44  5.100  0.00   1
   105391  40.603044 -123.981942    22.314    21191.3     5864.5      886.6     75.1     34.5     66.6 2021  6 30  5 49 47.860  0.00   1
   105468  40.661161 -124.004167    30.282    19301.1    12318.2     8854.9    103.1     55.1    178.4 2021 12 21  1 32 33.780  0.00   1
   105476  40.760107 -123.867497    20.780    30845.5    23305.7     -647.4     42.6     25.4     41.1 2021  4 17 11 13 27.660  0.00   1
   105477  40.756185 -123.868604    20.371    30752.8    22870.1    -1055.8     43.8     46.0     55.8 2021  5 16 18 21  8.560  0.00   1
   105483  40.759538 -123.866097    20.731    30964.0    23242.4     -695.9     36.7     23.2     39.9 2022  5  4  3 34 42.980  0.00   1
   105706  40.593917 -124.047176    22.125    15668.9     4851.0      698.2     61.2     41.2     60.5 2020  2  8  2 28 57.160  0.00   1
   105713  40.596696 -124.054451    23.226    15052.5     5159.6     1798.8     67.2     30.9     97.7 2021  8 21  3 33 28.140  0.00   1
   105954  40.545675 -124.063444    19.646    14296.4     -506.1    -1781.2     36.5     20.2     32.4 2020  2  8 19 52 44.320  0.00   1
   105955  40.543490 -124.065942    19.496    14085.0     -748.7    -1931.0     43.2     28.2     24.8 2020  2 23  1  6 17.520  0.00   1
   105956  40.542273 -124.075358    19.799    13287.6     -883.8    -1628.7     78.4     43.8     50.5 2020 10 23 10 31 25.740  0.00   1
   105957  40.545479 -124.063232    19.738    14314.4     -527.8    -1689.0     42.3     29.9     35.2 2021  2 19 15  2  5.840  0.00   1
   105958  40.544637 -124.062476    19.861    14378.6     -621.3    -1566.0     40.0     18.1     22.3 2021  7 27 12 42 23.820  0.00   1
   105960  40.543648 -124.067912    19.485    13918.2     -731.1    -1941.9     47.2     26.4     30.1 2021  9  6  1 57 48.460  0.00   1
   105961  40.545308 -124.065853    20.495    14092.4     -546.7     -932.0     65.3     31.4     59.1 2021 10 30 15 54 35.980  0.00   1
   106005  40.591069 -124.094450    19.420    11666.1     4534.7    -2007.2     79.5     34.4     51.2 2020  4 19 13  8 57.480  0.00   1
   106006  40.594674 -124.089006    19.070    12126.8     4935.0    -2357.6     52.1     25.7     32.8 2020  6  7 18 47 39.820  0.00   1
   106007  40.592647 -124.083512    19.334    12592.1     4710.0    -2093.4     43.4     19.6     25.1 2020  7 20 16 45 35.520  0.00   1
   106008  40.593197 -124.083293    19.304    12610.7     4771.0    -2122.9     49.4     15.4     31.4 2021 11 25 11 31 45.620  0.00   1
   106009  40.594869 -124.085213    19.064    12447.9     4956.7    -2363.3     34.3     17.4     35.4 2022  1 31  2 46 32.380  0.00   1
   106065  40.534123 -124.387769    25.344   -13177.4    -1788.9     3917.0     38.2     27.5     37.9 2020  2 11 17 54 25.540  0.00   1
   106069  40.502234 -124.450431    16.153   -18490.2    -5330.0    -5274.1     37.7     30.1     54.5 2021  7 22 12 38 41.980  0.00   1
   106070  40.503691 -124.446029    16.062   -18116.9    -5168.2    -5365.0     45.1     36.8     66.8 2021  8 21  7 21 12.600  0.00   1
   106079  40.634904 -123.985295    26.593    20902.4     9402.4     5166.1     61.8     66.6     76.1 2020  2 13 23  7 46.880  0.00   1
   106080  40.643445 -123.976579    27.642    21638.9    10350.9     6214.7     39.4     33.1     65.1 2020  2 27  1  9  9.980  0.00   1
   106081  40.640491 -123.988778    26.082    20606.7    10022.8     4654.4     41.1     53.3     40.0 2020  6 29  6 46  6.840  0.00   1
   106082  40.637630 -123.975155    25.971    21760.4     9705.2     4543.3     50.1     41.4     71.4 2021 11 14 16 50 17.560  0.00   1
   106083  40.639689 -123.986385    25.740    20809.4     9933.8     4312.4     40.4     42.4     50.1 2022  2 10  2 19 50.980  0.00   1
   106084  40.640430 -123.985824    25.539    20856.8    10016.0     4111.3     48.4     43.3     53.4 2022  6  3  6  4  3.860  0.00   1
   106096  40.583793 -124.208504    20.798     2008.2     3726.8     -629.3     87.4     45.2     90.2 2021 11  2  4 49 56.460  0.00   1
   106102  40.520532 -124.417114    20.040   -15665.0    -3298.0    -1387.6     56.7     63.3     53.4 2022  7  6 11 29  4.460  0.00   1
   106103  40.520414 -124.412793    20.597   -15298.9    -3311.1     -830.3     62.3     73.5     88.4 2022  8 16  8  0  8.060  0.00   1
   106104  40.517582 -124.413745    20.455   -15379.9    -3625.6     -972.2     49.4     83.8    115.1 2022  8 29 21 57 39.860  0.00   1
   106135  40.553817 -124.215112    17.181     1448.9      398.1    -4246.0     38.3     15.2     26.0 2021  9 13  0  4  6.120  0.00   1
   106440  40.559253 -124.050407    22.791    15399.2     1001.7     1363.4     73.1     61.0    101.1 2021  9  4  5 13 46.140  0.00   1
   106496  40.594181 -124.107039    19.496    10599.8     4880.4    -1931.0     28.9     28.4     27.8 2021  8 27  1 44  5.160  0.00   1
   106497  40.591321 -124.105322    19.876    10745.4     4562.7    -1551.2     29.9     33.1     36.9 2021 11 30  0 51 56.760  0.00   1
   106499  40.592285 -124.106250    19.819    10666.8     4669.8    -1608.0     28.4     31.0     36.9 2022  1  8 11 15 11.920  0.00   1
   106609  40.613900 -123.846069    28.095    32693.2     7070.0     6667.9     54.9     56.1     61.1 2020  2 20 17 26 49.040  0.00   1
   106610  40.609233 -123.847648    27.489    32560.6     6551.8     6061.8     44.0     33.8     36.8 2020  7 17 16 58  8.720  0.00   1
   106612  40.607878 -123.839290    28.388    33268.6     6401.3     6960.5     49.3     39.8     63.9 2021 11 24  2 11 55.300  0.00   1
   106613  40.610527 -123.848120    27.570    32520.3     6695.4     6143.2     32.8     26.9     35.4 2022  5 21  1 58 58.180  0.00   1
   106614  40.508346 -124.415617    21.869   -15539.5    -4651.3      441.3     26.7     54.2     78.2 2020  2 21 12  1 53.080  0.00   1
   106677  40.574849 -124.073999    19.677    13399.5     2733.7    -1749.8     41.5     32.7     38.2 2020  2 22  2  3 27.180  0.00   1
   106678  40.573787 -124.072144    20.019    13556.7     2615.7    -1407.9     45.0     33.8     34.3 2021  2 19 10 17 53.000  0.00   1
   106679  40.574764 -124.069938    19.568    13743.4     2724.2    -1859.1     51.1     30.8     36.2 2022  1 22 18 50  2.840  0.00   1
   106849  40.550907 -123.979370    21.292    21417.3       75.0     -135.7     29.4     33.5     31.1 2020  2 25 10 41 25.500  0.00   1
   106850  40.548612 -123.974113    21.498    21863.0     -179.8       70.7     34.7     32.9     29.3 2020  6 21 16  9 47.640  0.00   1
   106852  40.546619 -123.968913    21.711    22303.8     -401.2      283.9     44.3     53.0     44.0 2021  6 16 14  0 25.980  0.00   1
   106853  40.549223 -123.971956    21.648    22045.5     -112.1      220.9     52.9     43.8     38.6 2021  6 17 11 40 36.000  0.00   1
   106855  40.549406 -123.975244    21.452    21767.0      -91.7       24.7     35.6     39.6     29.7 2022  9 27  4 34 50.860  0.00   1
   106908  40.622432 -124.302059    19.931    -5912.6     8017.5    -1496.4     26.9     23.0     38.9 2021  4  2 11 45  2.260  0.00   1
   106909  40.623043 -124.297363    19.568    -5515.1     8085.3    -1858.8     23.1     19.3     27.9 2021  4  7  1 55 18.100  0.00   1
   106910  40.621122 -124.303540    20.340    -6038.1     7872.0    -1087.5     26.0     13.7     39.5 2021 10 17 14 20 53.460  0.00   1
   106916  40.623096 -124.294881    19.524    -5305.0     8091.2    -1903.3     32.2     15.3     30.8 2022  7 14  7 38  2.880  0.00   1
   106917  40.505371 -124.332048    18.521    -8458.8    -4981.6    -2904.9     33.9     44.3     41.1 2020  2 29  6 25 39.720  0.00   1
   106919  40.506706 -124.337939    18.124    -8957.9    -4833.4    -3303.2     42.9     42.0     39.2 2020  6 25 12 39 13.840  0.00   1
   106920  40.506612 -124.338249    18.114    -8984.1    -4843.8    -3313.1     44.4     42.4     41.4 2020  6 26 13 51 55.760  0.00   1
   106921  40.506348 -124.338070    18.091    -8969.0    -4873.1    -3336.6     45.6     46.1     39.3 2020  6 27  9  8 18.860  0.00   1
   106924  40.500883 -124.330257    18.891    -8307.4    -5480.0    -2536.5     46.8     63.6     61.3 2020  7 15 15 49 31.760  0.00   1
   106925  40.506315 -124.338070    18.091    -8969.0    -4876.8    -3336.1     45.7     47.4     39.0 2020  7 15  2 55 13.780  0.00   1
   106926  40.500024 -124.327604    19.083    -8082.6    -5575.3    -2344.0     48.5     56.8     60.5 2020  7 15  5  0 39.940  0.00   1
   106927  40.506352 -124.338118    18.125    -8973.1    -4872.7    -3302.3     45.4     43.1     40.8 2020  7 15 19 40 35.320  0.00   1
   106930  40.506417 -124.338265    18.130    -8985.5    -4865.5    -3297.6     46.5     43.1     41.7 2020  7 16 16  0 18.620  0.00   1
   106931  40.499325 -124.326530    19.204    -7991.6    -5653.0    -2223.5     60.3     66.4     73.0 2020  7 16 12 26  9.680  0.00   1
   106933  40.506592 -124.339323    18.698    -9075.2    -4846.0    -2729.5     41.5     48.0     42.5 2020 11 20 17 12 56.060  0.00   1
   106934  40.508858 -124.331665    18.022    -8426.2    -4594.4    -3405.4     37.6     50.4     45.1 2021  5 12 18 32 23.080  0.00   1
   106937  40.509668 -124.330729    18.664    -8346.8    -4504.4    -2763.4     43.7     35.9     34.4 2021  7 11  5  6 12.560  0.00   1
   106939  40.509599 -124.330949    18.655    -8365.4    -4512.1    -2772.1     42.1     35.0     34.9 2021  7 11  7 17 55.760  0.00   1
   106940  40.509078 -124.330493    18.835    -8326.9    -4570.0    -2592.0     49.6     33.0     35.2 2021  7 11  4 14 40.000  0.00   1
   106941  40.509172 -124.330754    18.819    -8348.9    -4559.6    -2607.8     48.4     33.4     36.5 2021  7 11  3 36 34.760  0.00   1
   106942  40.509517 -124.330754    18.655    -8348.9    -4521.2    -2772.5     42.3     33.8     34.6 2021  7 11  2 14  1.880  0.00   1
   106943  40.508984 -124.330151    18.790    -8297.9    -4580.4    -2637.4     48.9     31.0     33.4 2021  7 11  7 49 35.560  0.00   1
   106944  40.509078 -124.330420    18.819    -8320.6    -4570.0    -2608.4     51.5     36.2     38.2 2021  7 12  6 52 59.100  0.00   1
   106945  40.509652 -124.330933    18.667    -8364.1    -4506.2    -2760.1     43.1     36.9     32.0 2021  7 12  7 38 34.800  0.00   1
   106947  40.509660 -124.330851    18.649    -8357.2    -4505.3    -2778.3     43.4     37.0     35.4 2021  7 12  6 52  5.820  0.00   1
   106948  40.509111 -124.329850    18.643    -8272.4    -4566.3    -2783.9     42.3     38.2     36.0 2021  7 12  6 57 12.740  0.00   1
   106949  40.509652 -124.330908    18.685    -8362.0    -4506.2    -2742.5     43.0     36.2     31.9 2021  7 12  6 51 15.180  0.00   1
   106950  40.509574 -124.330770    18.686    -8350.3    -4514.8    -2741.2     42.8     36.4     32.0 2021  7 12 22 18 34.740  0.00   1
   106951  40.509619 -124.330583    18.632    -8334.4    -4509.9    -2795.1     43.7     36.8     35.3 2021  7 12  8 58 54.960  0.00   1
   106952  40.509680 -124.330851    18.655    -8357.2    -4503.1    -2772.6     43.1     36.9     35.6 2021  7 12  8 46 32.680  0.00   1
   106953  40.509013 -124.330094    18.769    -8293.1    -4577.2    -2658.7     53.8     34.7     39.8 2021  7 12  6 48 36.980  0.00   1
   106954  40.509485 -124.330591    18.657    -8335.1    -4524.8    -2770.6     43.7     36.8     33.1 2021  7 12  6 58 19.680  0.00   1
   106959  40.509245 -124.330477    18.695    -8325.5    -4551.4    -2731.9     55.5     36.7     28.3 2021  7 12 15 18 57.120  0.00   1
   106960  40.509013 -124.330721    18.800    -8346.2    -4577.2    -2627.0     46.3     30.5     34.7 2021  7 12 12 15  8.320  0.00   1
   106961  40.509094 -124.330347    18.811    -8314.4    -4568.2    -2616.5     50.1     37.6     39.0 2021  7 12  7 42 57.140  0.00   1
   106962  40.508964 -124.330184    18.789    -8300.7    -4582.6    -2638.2     49.8     34.7     37.2 2021  7 12  8  3  8.480  0.00   1
   106964  40.509119 -124.330534    18.816    -8330.3    -4565.4    -2611.7     51.8     33.5     36.9 2021  7 12  5 33 43.540  0.00   1
   106965  40.509049 -124.330509    18.855    -8328.2    -4573.1    -2571.8     47.3     29.7     31.6 2021  7 12  8 56 41.260  0.00   1
   106967  40.509583 -124.330729    18.670    -8346.8    -4513.9    -2757.7     43.7     35.7     35.4 2021  7 13  3 34 41.120  0.00   1
   106968  40.509017 -124.330957    18.766    -8366.2    -4576.7    -2660.8     50.0     35.6     37.9 2021  7 13 11  0 10.880  0.00   1
   106970  40.508154 -124.329077    18.758    -8206.9    -4672.5    -2668.8     53.3     34.5     24.0 2021  7 15 17 56 38.860  0.00   1
   106971  40.508049 -124.328906    18.685    -8192.5    -4684.3    -2742.6     54.4     36.1     25.4 2021  7 24 15 17 23.680  0.00   1
   106974  40.509033 -124.331812    18.473    -8438.6    -4574.9    -2954.6     36.6     36.0     41.9 2021 12 20 23 45 33.300  0.00   1
   106975  40.503532 -124.332747    18.973    -8518.2    -5185.8    -2454.1     61.3     53.1     36.4 2021 12 20 21 54 42.040  0.00   1
   106977  40.513123 -124.329647    18.588    -8254.9    -4120.8    -2839.3     53.7     55.0     80.7 2021 12 21 12 29 57.320  0.00   1
   106978  40.502014 -124.333521    18.898    -8583.8    -5354.4    -2528.8     57.8     69.7     65.8 2021 12 22  7  9  8.260  0.00   1
   106979  40.504765 -124.332495    18.783    -8496.8    -5048.9    -2644.5     58.5     40.2     35.4 2021 12 22 17  4 29.540  0.00   1
   106983  40.504179 -124.332340    19.015    -8483.7    -5114.0    -2412.4     57.9     44.4     29.5 2021 12 23 19 43 35.140  0.00   1
   106984  40.507572 -124.332861    18.488    -8527.6    -4737.1    -2939.2     68.6     32.3     62.8 2021 12 23  6 28 39.440  0.00   1
   106986  40.509603 -124.330436    18.650    -8322.0    -4511.7    -2777.2     46.9     38.7     34.8 2021 12 25  0 41  6.140  0.00   1
   106988  40.510038 -124.331641    18.889    -8424.0    -4463.3    -2538.4     70.1     62.1     75.7 2021 12 31  7 30 11.740  0.00   1
   106989  40.506364 -124.341439    18.936    -9254.5    -4871.3    -2490.8     82.8     51.3     65.9 2022  1  2 19  6  3.500  0.00   1
   106990  40.507483 -124.331632    18.636    -8423.5    -4747.1    -2791.1     61.8     31.3     49.3 2022  1  2 18 43 27.640  0.00   1
   106991  40.506205 -124.332764    18.902    -8519.4    -4889.0    -2525.7     49.0     41.2     36.7 2022  1 29  0 56  4.940  0.00   1
   106992  40.506588 -124.332381    18.575    -8487.0    -4846.5    -2852.2     46.6     39.6     34.5 2022  2 20  7 55 33.920  0.00   1
   106993  40.509001 -124.330469    18.994    -8324.8    -4578.5    -2433.7     54.6     33.0     47.0 2022  4 11  8 48 35.180  0.00   1
   106995  40.509123 -124.329769    18.629    -8265.5    -4565.0    -2798.5     55.6     36.7     26.5 2022  5 14  5 11 24.580  0.00   1
   106996  40.509428 -124.331665    18.460    -8426.1    -4531.1    -2966.8     37.2     38.2     43.4 2022  5 21 19  6 31.100  0.00   1
   106997  40.507202 -124.326237    18.661    -7966.3    -4778.3    -2766.6     46.0     20.7     31.2 2022  7 18  4 14 31.760  0.00   1
   107286  40.594002 -124.026229    23.638    17442.6     4860.5     2210.9     78.5     43.2    109.0 2020  4 12 17 13 25.640  0.00   1
   107287  40.591764 -124.017326    22.995    18196.8     4612.0     1567.3     51.3     29.5     42.3 2020  4 18 11  7 43.200  0.00   1
   107288  40.594511 -124.013045    23.171    18558.9     4917.0     1743.4     45.3     22.4     38.6 2020 11 20  1 42 41.040  0.00   1
   107289  40.593311 -124.013607    23.298    18511.5     4783.7     1871.0     44.7     19.8     45.5 2020 11 20  1 23 58.260  0.00   1
   107290  40.593461 -124.012354    23.241    18617.6     4800.4     1813.3     50.0     26.5     36.9 2020 11 20  1 20 56.960  0.00   1
   107291  40.593538 -124.013070    23.355    18556.9     4809.0     1927.8     47.2     20.6     45.8 2020 11 20  7  8 23.000  0.00   1
   107292  40.596464 -124.007959    22.796    18989.3     5133.9     1369.2     67.9     38.2     69.5 2021 11 14 17  4  4.680  0.00   1
   107293  40.594670 -124.011890    22.648    18656.7     4934.6     1220.5     56.5     23.1     67.3 2021 12  5 10 31 19.440  0.00   1
   107297  40.590340 -124.013916    23.790    18485.7     4453.8     2363.2     97.6     39.0     91.1 2022  1 27  3  6  7.800  0.00   1
   107337  40.497563 -124.427165    24.020   -16519.3    -5848.7     2593.0     61.0     97.5    114.2 2020  3  7  9 53 50.140  0.00   1
   107338  40.489172 -124.454907    26.753   -18871.3    -6780.4     5325.8     39.3     73.2     53.6 2020  9 23 15 27 24.660  0.00   1
   107341  40.499251 -124.436808    25.077   -17336.2    -5661.2     3650.0     63.2     86.2     81.1 2022  5  3 13  8 48.100  0.00   1
   107359  40.530538 -124.384701    25.472   -12917.8    -2186.9     4044.3     54.1     35.1     67.0 2021 12 20 22 54  5.520  0.00   1
   107361  40.524951 -124.390894    22.279   -13443.0    -2807.3      852.0     83.1     40.8    109.0 2021 12 20 21 57 14.080  0.00   1
   107370  40.472746 -124.534172    26.149   -25591.5    -8604.5     4721.6     42.4     78.7    150.0 2021 11 16  4 40 39.460  0.00   1
   107371  40.473385 -124.531510    23.616   -25365.8    -8533.5     2188.9     33.8     53.4     58.1 2022  4  3 19 28  4.080  0.00   1
   107574  40.468823 -124.431877    19.803   -16922.2    -9040.1    -1624.0     77.0     82.4     77.5 2020  3 11 22 47 36.760  0.00   1
   107579  40.472530 -124.428890    19.724   -16668.6    -8628.4    -1703.0     22.4     19.5     29.7 2021  9 21 12 24 42.300  0.00   1
   107580  40.472363 -124.430070    19.552   -16768.6    -8647.0    -1875.5     23.3     39.1     24.3 2021 10 16  2 20 43.560  0.00   1
   107582  40.478402 -124.438696    18.872   -17498.9    -7976.4    -2555.4     44.3     78.6     66.2 2022  2  5  7 43 32.760  0.00   1
   107583  40.472652 -124.429102    19.340   -16686.5    -8614.9    -2087.1     24.9     26.9     36.0 2022  2 19 19 28 29.060  0.00   1
   107584  40.468518 -124.427694    19.726   -16567.7    -9073.9    -1701.1     23.6     23.3     23.9 2022  2 21 15 20 50.320  0.00   1
   107585  40.468518 -124.427710    19.754   -16569.0    -9073.9    -1672.8     23.3     23.0     23.1 2022  3  8 13 52  8.680  0.00   1
   107586  40.471973 -124.427938    19.852   -16587.9    -8690.3    -1574.9     27.6     28.0     18.3 2022  3 17  5 45 51.800  0.00   1
   107609  40.573051 -123.954793    21.278    23495.2     2533.9     -149.1     34.3     37.4     53.2 2021 12 25 22 49 23.520  0.00   1
   107620  40.509245 -124.495215    27.407   -22283.8    -4551.4     5979.7     79.2    102.3     56.9 2020  3 20 11 54 38.000  0.00   1
   107621  40.501823 -124.504671    26.924   -23086.3    -5375.6     5496.7     30.9     29.9     45.9 2020  3 20 22 28 21.200  0.00   1
   107622  40.502974 -124.503760    26.916   -23008.8    -5247.7     5488.8     42.9     50.5     38.7 2020  3 21 20 18  7.640  0.00   1
   107623  40.502620 -124.503426    26.910   -22980.6    -5287.0     5483.0     43.8     49.9     40.4 2020  3 21 19  0  1.520  0.00   1
   107626  40.501904 -124.504256    26.936   -23051.1    -5366.6     5508.6     38.9     48.3     66.7 2020  4 18 11  0 19.100  0.00   1
   107627  40.500659 -124.505347    27.974   -23143.7    -5504.8     6547.0     58.7     37.9     41.8 2020  4 29 15  5 11.240  0.00   1
   107635  40.500761 -124.504215    27.180   -23047.8    -5493.5     5752.7     26.3     42.7     28.2 2021  6 23  5 14 47.320  0.00   1
   107636  40.502360 -124.504362    27.124   -23060.0    -5316.0     5696.4     24.5     28.7     31.2 2021  6 27 15 30 22.300  0.00   1
   107638  40.503564 -124.503735    26.737   -23006.7    -5182.2     5310.1     52.9     58.9     73.3 2021  8 29 17 32  5.980  0.00   1
   107639  40.501823 -124.504500    27.279   -23071.8    -5375.6     5851.5     27.9     37.6     37.4 2021  9  1  5  5 36.660  0.00   1
   107641  40.501843 -124.504378    27.217   -23061.4    -5373.3     5790.0     23.5     26.9     35.2 2021 10  7 19  8 24.060  0.00   1
   107644  40.498421 -124.505021    27.922   -23116.5    -5753.3     6494.9     44.7     78.3     66.3 2021 10 30 23 40 23.100  0.00   1
   107645  40.502055 -124.503621    27.138   -22997.3    -5349.8     5710.7     44.4     43.9     40.3 2021 11 20  8 44 57.940  0.00   1
   107648  40.501558 -124.500985    27.181   -22773.9    -5405.0     5754.0     42.3     54.0     72.1 2021 12 18  8 55  3.900  0.00   1
   107651  40.503105 -124.497648    26.611   -22490.9    -5233.3     5183.4     57.7     70.7     59.3 2022  1 12 11 34 59.600  0.00   1
   107654  40.498592 -124.505013    27.878   -23115.8    -5734.4     6450.9     45.9     77.1     81.5 2022  4 13 23 57 43.640  0.00   1
   107655  40.500517 -124.496989    27.453   -22435.5    -5520.6     6025.3     58.5     81.5     80.4 2022  7 29 16 38  2.820  0.00   1
   107656  40.498169 -124.507764    27.932   -23348.9    -5781.4     6505.2     70.8     93.1     73.4 2022  8 10  2 25 35.080  0.00   1
   107657  40.500085 -124.504704    27.483   -23089.3    -5568.5     6055.5     46.6     72.8     62.8 2022  8 23  6 57 35.860  0.00   1
   107661  40.499162 -124.509595    26.696   -23503.9    -5671.1     5268.5     52.2     73.7     43.4 2022 10 16 17  6 16.580  0.00   1
   107662  40.499219 -124.508236    27.130   -23388.8    -5664.8     5702.9     43.5     69.8     48.3 2022 10 16 21 31  2.740  0.00   1
   107663  40.499585 -124.508057    27.127   -23373.5    -5624.1     5700.0     41.3     67.7     47.9 2022 10 16 17  0 17.060  0.00   1
   107664  40.523966 -124.390177    23.679   -13382.4    -2916.7     2251.6     16.8     33.5     23.0 2020  3 13 19 20 41.280  0.00   1
   107680  40.563025 -124.015552    22.586    18350.9     1420.6     1158.9     52.4     44.3     47.5 2020  4 27  3 46 18.440  0.00   1
   107683  40.562622 -124.010750    22.637    18757.6     1375.9     1209.7     38.5     20.8     36.6 2020 11 11 11 22 54.400  0.00   1
   107687  40.562134 -124.004142    22.372    19317.4     1321.6      945.2     80.3     28.5     39.5 2021 12 25 23  5 26.280  0.00   1
   107808  40.545951 -124.198088    27.487     2891.1     -475.3     6059.9     51.3     26.1     36.1 2020  3 18 22 58 40.420  0.00   1
   107818  40.467627 -123.822225    23.264    34749.6    -9172.9     1836.8     29.4     47.5     31.6 2021  1 21 21  8 56.860  0.00   1
   107819  40.467253 -123.820687    23.260    34880.0    -9214.5     1832.8     28.3     39.4     33.8 2021  1 24 19 45 59.820  0.00   1
   107820  40.468380 -123.821126    23.151    34842.5    -9089.3     1723.8     26.4     45.0     36.3 2022  1 24 23 34 18.900  0.00   1
   107822  40.476998 -123.820679    23.975    34878.2    -8132.3     2547.3     65.0     94.0     61.4 2022  9 20 16  0 37.520  0.00   1
   107823  40.469670 -123.823071    23.203    34677.3    -8946.1     1775.6     27.3     36.9     41.5 2022 11 20 17  4 54.300  0.00   1
   107825  40.514673 -124.416553    19.964   -15618.1    -3948.7    -1463.3     36.4     38.5     53.0 2020  3 18 23 32 29.300  0.00   1
   107844  40.621757 -124.310726    19.693    -6646.4     7942.5    -1734.7     16.0     12.9     22.2 2020  3 18  4 40 58.500  0.00   1
   107847  40.622013 -124.305705    21.355    -6221.3     7971.0      -72.6     18.9     14.4     27.8 2022  1 23 16 30 25.180  0.00   1
   107849  40.621826 -124.311800    19.357    -6737.4     7950.2    -2070.2     16.1     12.4     30.0 2022 10 21 10 46 28.380  0.00   1
   107887  40.579887 -124.427954    22.911   -16576.1     3293.0     1483.7     51.1     45.0     59.7 2020  7 13 13  8 40.060  0.00   1
   107888  40.579301 -124.433195    23.238   -17020.0     3228.0     1810.5     30.4     27.0     38.9 2020  8 15  3 41 44.920  0.00   1
   107890  40.579480 -124.432674    23.238   -16975.8     3247.9     1810.3     32.0     29.1     33.6 2021  8  9 17  8 53.000  0.00   1
   107891  40.585071 -124.430273    23.766   -16771.8     3868.7     2338.7     25.4     20.1     46.7 2021  8 11  0 58 47.400  0.00   1
   107895  40.576632 -124.430029    22.573   -16752.2     2931.6     1146.1     63.9     46.5     86.5 2022  9  4 19 13 25.340  0.00   1
   107928  40.584135 -124.427287    23.058   -16519.0     3764.8     1631.1     24.9     28.1     40.5 2020  7 22  0 55 19.100  0.00   1
   107930  40.612093 -124.437020    22.864   -17339.7     6869.4     1437.1     44.7     31.6     48.6 2021 12 13  1 46 42.200  0.00   1
   107964  40.533590 -124.396354    17.345   -13904.8    -1848.0    -4081.8     62.6     56.3     77.1 2021 11 14  0  8  4.400  0.00   1
   107965  40.531010 -124.399862    18.071   -14202.2    -2134.5    -3356.0     70.5     75.7     89.6 2021 12 21 22 13 12.300  0.00   1
   107971  40.532597 -124.401367    17.111   -14329.5    -1958.3    -4316.2     50.8     48.3    125.3 2022 10  9 19  5  2.280  0.00   1
   107978  40.532987 -124.427783    27.818   -16567.3    -1914.9     6390.5     55.3     64.9     78.0 2021  4 15  8 56 41.520  0.00   1
   107980  40.525505 -124.426099    26.983   -16425.5    -2745.9     5555.3     42.6     39.8     52.5 2021  8  4 18 58 46.060  0.00   1
   107981  40.525806 -124.418840    26.885   -15810.5    -2712.4     5457.4     52.3     43.1     71.7 2021  8 21 16 23 33.700  0.00   1
   107983  40.525891 -124.429964    26.356   -16753.0    -2702.9     4929.2     63.3     51.4     68.5 2021 11  3  7 32 49.840  0.00   1
   107984  40.522266 -124.425879    27.120   -16407.3    -3105.5     5692.8     47.9     44.0     70.7 2021 12  3 10 42 13.240  0.00   1
   107988  40.528691 -124.419287    26.298   -15848.1    -2392.1     4870.3     45.4     35.2     61.6 2022  2 13 11 20 53.200  0.00   1
   107989  40.525277 -124.422314    27.071   -16105.0    -2771.2     5643.4     50.7     77.3     62.2 2022  4 26 22 35 44.360  0.00   1
   107990  40.526367 -124.425553    26.673   -16379.2    -2650.1     5246.1     47.1     45.9     51.0 2022  8 18  8 41 53.440  0.00   1
   107991  40.529944 -124.426090    26.354   -16424.3    -2252.9     4926.4     36.6     43.9     53.8 2022 11  8  8 40 30.120  0.00   1
   107992  40.526127 -123.981209    20.918    21265.4    -2676.7     -509.6     61.4     48.8     52.9 2020  3 19 15 51  1.740  0.00   1
   107998  40.523360 -123.977287    20.965    21598.2    -2984.0     -462.2     44.7     59.6     48.4 2022  1 22 10 34 20.100  0.00   1
   107999  40.525248 -123.977848    21.008    21550.3    -2774.3     -418.8     43.9     60.3     48.4 2022  2 15  1 12 31.400  0.00   1
   108057  40.463802 -124.444173    22.802   -17965.0    -9597.6     1374.4     51.0     61.6     52.2 2021 12  5 19 24 48.900  0.00   1
   108061  40.468571 -124.448910    21.541   -18365.8    -9068.1      114.2     36.9     33.8     38.8 2022  9 23 15 56 33.080  0.00   1
   108062  40.471313 -124.427026    21.128   -16510.8    -8763.5     -299.4     45.0     65.5     50.7 2022  9 28 23  9 12.340  0.00   1
   108063  40.579081 -124.353345    28.349   -10257.8     3203.6     6921.8     40.4     36.4     61.2 2020  3 20  8 49 18.520  0.00   1
   108064  40.580440 -124.346354    27.330    -9665.7     3354.5     5902.9     40.4     32.7     61.4 2021 10 17  9 59  8.260  0.00   1
   108067  40.538228 -124.405615    28.383   -14688.8    -1332.9     6955.8     34.5     22.6     30.4 2021 11  3 11  8 47.100  0.00   1
   108068  40.536353 -124.405900    28.375   -14713.1    -1541.2     6947.4     20.2     21.0     19.6 2021 11  3  4 10 39.340  0.00   1
   108070  40.536715 -124.407804    28.481   -14874.4    -1501.0     7054.0     33.4     20.1     25.6 2021 12 20 21 58 50.200  0.00   1
   108071  40.537073 -124.408887    28.940   -14966.1    -1461.3     7512.6     39.7     31.8     21.1 2022  1  6 19 21 44.640  0.00   1
   108073  40.616414 -123.951156    22.262    23795.6     7349.3      835.1     27.1     22.0     50.9 2020  9 26  5 11 46.240  0.00   1
   108076  40.614111 -123.943473    21.865    24446.4     7093.5      437.7     30.5     31.1     39.1 2021 10 28  3 17 37.200  0.00   1
   108082  40.614071 -123.943359    21.604    24456.1     7089.0      177.2     27.7     23.6     47.0 2022  4 23 20  0 10.440  0.00   1
   108083  40.619865 -123.949357    21.393    23947.3     7732.4      -34.4     43.2     35.0     56.8 2022  6 17 14 38  4.080  0.00   1
   108103  40.553011 -124.251937    23.331    -1670.2      308.6     1903.4     52.1     39.0     37.8 2020  3 24  7  2 14.780  0.00   1
   108105  40.552197 -124.252384    22.259    -1708.1      218.2      831.6     65.4     41.7     54.8 2020 11 21  0 51 45.000  0.00   1
   108108  40.551420 -124.246330    22.774    -1195.3      131.9     1346.9     63.7     41.3     57.4 2022 11 11 23  8  9.040  0.00   1
   108253  40.744641 -123.836206    20.713    33495.7    21588.2     -714.2     51.0     38.6     44.0 2020  3 28 12 19 52.180  0.00   1
   108254  40.747404 -123.839030    20.219    33256.1    21895.0    -1208.0     27.0     25.9     48.2 2020  9 14 17 47 56.900  0.00   1
   108256  40.478577 -124.457821    18.965   -19119.7    -7957.0    -2461.9     27.6     30.5     40.0 2020  3 29  2 10 37.820  0.00   1
   108258  40.476526 -124.457576    19.425   -19099.3    -8184.7    -2002.2     25.5     29.2     29.2 2021 10  3  5 55  4.840  0.00   1
   108259  40.477336 -124.457080    19.378   -19057.1    -8094.8    -2049.3     24.1     24.7     24.0 2021 11 19  6 49 32.480  0.00   1
   108344  40.526619 -124.395190    17.440   -13806.9    -2622.1    -3987.5     50.9     49.2    104.2 2022  6  5 23 40 24.620  0.00   1
   108357  40.573417 -124.101562    23.190    11065.2     2574.6     1762.9     74.8     57.0     66.1 2021  2 21 19 35 38.660  0.00   1
   108358  40.573169 -124.089030    22.924    12126.7     2547.0     1496.8     97.5     55.8     56.7 2021 10 31 11 18 33.720  0.00   1
   108359  40.568311 -124.104826    22.755    10789.3     2007.5     1327.8     75.1     60.1     62.2 2022  2  6  9 49 13.780  0.00   1
   108413  40.471615 -124.500578    24.106   -22744.5    -8730.1     2678.9     42.7     61.8     69.0 2020  4 13  9 58 32.960  0.00   1
   108414  40.468420 -124.502743    24.034   -22928.5    -9084.8     2607.2     56.1     68.7     53.6 2020  8 28 23 50 45.120  0.00   1
   108415  40.463082 -124.506868    25.132   -23279.1    -9677.6     3704.3     29.2     47.1     81.1 2020  9 24 22 17 36.960  0.00   1
   108416  40.466292 -124.506812    27.017   -23273.7    -9321.1     5589.9     44.0     70.5    141.7 2021  2  3  1 21 28.060  0.00   1
   108422  40.471033 -124.506836    23.920   -23275.0    -8794.7     2492.7     58.0     85.3     63.5 2021 11 29 21 27 26.620  0.00   1
   108424  40.466276 -124.504590    26.076   -23085.4    -9322.9     4648.3     29.2     59.2     38.6 2022  2 13  8 54 23.040  0.00   1
   108430  40.463220 -124.507943    23.558   -23370.2    -9662.2     2130.6     46.0     86.6     78.5 2022 11 14 21 27 40.840  0.00   1
   108460  40.609709 -124.095101    13.281    11609.4     6604.6    -8146.4    107.1     56.6    135.5 2020  4 19 16  8 58.720  0.00   1
   108464  40.608875 -124.093563    18.957    11739.7     6512.0    -2470.1     50.1     40.9     65.9 2022  1 22 11 10 16.600  0.00   1
   108465  40.610685 -124.098747    17.819    11300.6     6713.1    -3608.2     75.9     32.9    106.4 2022  1 29  6 14 29.780  0.00   1
   108466  40.582869 -124.300602    21.736    -5791.0     3624.2      308.3     79.8     50.7     56.6 2020  4 19 16 21  7.220  0.00   1
   108475  40.497766 -124.430070    25.660   -16765.4    -5826.1     4232.6     35.0     56.6     34.9 2020  8 21 16 41  2.020  0.00   1
   108479  40.503133 -124.433634    23.198   -17066.8    -5230.1     1771.1     47.9     45.3     30.4 2021  9 26  7 21 14.820  0.00   1
   108490  40.636084 -124.002490    24.982    19446.6     9533.5     3554.5     56.6     63.7     94.1 2020  4 19  6 45 57.780  0.00   1
   108491  40.511914 -124.344222    18.115    -9489.9    -4255.0    -3312.1     53.9     57.5     48.8 2020  4 21 11 21 54.140  0.00   1
   108492  40.508765 -124.335433    19.103    -8745.4    -4604.8    -2324.7     12.9     19.8     23.1 2020  6 19  5 30 29.960  0.00   1
   108493  40.509668 -124.334904    19.122    -8700.5    -4504.4    -2305.5     22.7     20.0     25.3 2021  3 12  1 30 38.560  0.00   1
   108494  40.509672 -124.335246    19.095    -8729.5    -4504.0    -2332.0     24.1     18.5     25.4 2021  6 14 22 35  4.460  0.00   1
   108495  40.509847 -124.330550    19.606    -8331.6    -4484.6    -1821.2     29.8     23.2     29.1 2021  6 14 21 36  2.260  0.00   1
   108496  40.509814 -124.331470    19.510    -8409.6    -4488.2    -1916.9     19.2     20.6     22.7 2021  6 14 21 44 45.960  0.00   1
   108497  40.509713 -124.335376    19.082    -8740.5    -4499.5    -2345.1     25.3     20.6     28.5 2021  6 15  9 44 20.640  0.00   1
   108498  40.510449 -124.335400    18.965    -8742.6    -4417.7    -2462.4     34.0     25.8     23.1 2021  6 15  8 53  6.160  0.00   1
   108499  40.510832 -124.335677    18.900    -8766.0    -4375.2    -2527.7     33.7     29.8     20.8 2021  6 15  9 30  2.180  0.00   1
   108500  40.510962 -124.336125    18.889    -8803.9    -4360.8    -2538.1     35.6     28.5     26.0 2021  6 15  9 15  5.520  0.00   1
   108501  40.509798 -124.335653    19.075    -8764.0    -4490.0    -2352.4     21.7     20.1     18.0 2021 12 11  4 20 38.740  0.00   1
   108566  40.642415 -124.065422    23.404    14118.8    10236.5     1977.2     18.4     11.4      8.1 2020  5  5 15 41 19.740  0.00   1
   108569  40.506116 -124.487476    23.889   -21628.5    -4898.9     2462.2     37.0     44.0     73.9 2020  5  6  2 15 26.660  0.00   1
   108570  40.506889 -124.492155    22.658   -22024.9    -4813.1     1230.7     34.8     51.7    168.5 2021  7 27  7 34 24.040  0.00   1
   108571  40.606348 -124.091187    17.649    11941.1     6231.4    -3778.0     76.7     40.7     55.0 2020  5  9 23 48 21.420  0.00   1
   108578  40.490837 -124.504614    15.548   -23083.3    -6595.6    -5879.7     35.8     42.5     69.2 2022  3 19 17 38 45.720  0.00   1
   108600  40.553088 -124.256519    24.751    -2058.3      317.2     3324.0     43.8     33.0     55.3 2020  8  8  3  7 36.200  0.00   1
   108601  40.548922 -124.258350    26.422    -2213.5     -145.5     4994.7     53.8     43.9     45.8 2021  7 18  8 37 44.140  0.00   1
   108604  40.548910 -124.248584    23.557    -1386.3     -146.8     2129.9     56.3     21.6     35.4 2022  6 14  4 29 40.760  0.00   1
   108605  40.551786 -124.244132    22.590    -1009.2      172.6     1162.7     67.6     33.1     67.0 2022  6 29  2 18 33.580  0.00   1
   108609  40.531490 -124.347217    18.373    -9742.2    -2081.2    -3054.7     27.8     21.0     52.9 2020  5 21  5 49 36.720  0.00   1
   108610  40.531620 -124.347412    18.394    -9758.8    -2066.7    -3033.7     26.7     21.3     52.0 2020  5 21  6  0 18.060  0.00   1
   108611  40.539380 -124.347046    17.462    -9727.2    -1205.1    -3965.0     64.7     68.3     39.8 2020  5 21  5 49 32.040  0.00   1
   108616  40.525151 -124.413379    18.409   -15348.0    -2785.2    -3018.7     78.8     52.4     94.6 2020  5 27 17 28 46.460  0.00   1
   108617  40.527738 -124.394010    18.185   -13706.8    -2497.8    -3242.1     66.3     67.7    111.4 2021 12 21  9 14 12.320  0.00   1
   108618  40.522111 -124.413314    18.634   -15342.8    -3122.7    -2793.0     28.7     40.3     41.5 2020  5 29  3 10 10.980  0.00   1
   108624  40.533398 -124.338558    19.607    -9008.6    -1869.3    -1820.0     49.1     63.2     61.6 2020  6  1 23 58 17.820  0.00   1
   108625  40.524259 -124.322624    20.905    -7659.2    -2884.1     -522.0     56.7     61.3     41.8 2020  6 24  4 56 53.760  0.00   1
   108626  40.524207 -124.322738    20.918    -7668.9    -2890.0     -509.6     55.7     61.5     41.6 2020  6 25 13  0 35.620  0.00   1
   108655  40.577425 -124.187012    18.806     3828.4     3019.7    -2621.0     61.4     31.9     52.8 2021 10 12  3 27 25.740  0.00   1
   108724  40.622017 -123.932422    21.524    25380.6     7971.4       97.2     45.6     36.6     40.8 2020  6 14 11 45 45.620  0.00   1
   108732  40.596183 -123.922754    22.365    26204.1     5102.7      937.9     42.3     48.3     86.1 2022 10 13 19 35 55.660  0.00   1
   108757  40.542741 -124.054818    19.857    15027.5     -831.8    -1570.3     31.2     30.7     28.3 2020  6 14 14 58 40.620  0.00   1
   108758  40.540637 -124.054997    19.940    15012.6    -1065.5    -1486.9     43.5     23.8     28.4 2021  3  4 22 22 58.560  0.00   1
   108759  40.537565 -124.035490    20.841    16665.4    -1406.6     -586.4     53.5     66.9     39.9 2022  2 22 19 27 13.320  0.00   1
   108760  40.540397 -124.046851    19.822    15702.6    -1092.1    -1605.0     46.5     32.8     29.1 2022  3 14  4  0 41.420  0.00   1
   108761  40.540784 -124.050773    19.939    15370.3    -1049.2    -1488.6     33.5     31.4     35.4 2022  4  7 13 29 19.080  0.00   1
   108768  40.610636 -124.083700    18.524    12574.6     6707.6    -2903.6     87.3     57.7     64.5 2020 12 14 11 30 35.940  0.00   1
   108775  40.487089 -123.869352    20.757    30750.8    -7011.7     -670.4     42.0     52.4     45.2 2021  3 12  6 12 15.860  0.00   1
   108778  40.520854 -123.910889    21.108    27224.0    -3262.3     -319.0     25.8     21.6     28.1 2021 10  5  6 18 43.140  0.00   1
   108780  40.521183 -123.910482    20.989    27258.4    -3225.7     -437.9     25.6     20.7     27.8 2021 10  6 16 45 29.740  0.00   1
   108782  40.521126 -123.910352    21.008    27269.5    -3232.0     -418.8     25.8     24.5     26.7 2021 10  6 17 13 28.040  0.00   1
   108784  40.524906 -123.915072    20.740    26868.8    -2812.3     -687.0     28.4     32.9     29.8 2021 10  6 18 40 27.620  0.00   1
   108785  40.520740 -123.910384    21.053    27266.8    -3275.0     -374.1     23.0     22.4     26.8 2021 10  6 19 49 19.280  0.00   1
   108789  40.521785 -123.911410    21.201    27179.7    -3158.8     -226.1     25.8     22.9     29.8 2021 10  6 11 42 23.740  0.00   1
   108794  40.521021 -123.910295    21.003    27274.3    -3243.8     -424.4     24.5     20.6     27.0 2021 10  9 19 44 44.220  0.00   1
   108797  40.512545 -123.901351    21.282    28033.8    -4185.0     -145.4     39.8     43.9     26.4 2021 10 10 14 55 46.020  0.00   1
   108839  40.500273 -124.434025    23.433   -17100.3    -5547.8     2005.7     35.1     29.6     28.4 2021  4  7 10 38 50.740  0.00   1
   108840  40.498287 -124.437834    23.630   -17423.2    -5768.3     2202.6     32.6     31.8     25.7 2021 11  7  2 42 54.760  0.00   1
   108860  40.632731 -123.931152    21.562    25486.1     9161.2      134.6     43.5     45.8     58.5 2020  7  8 15  4 51.000  0.00   1
   108864  40.610730 -123.881893    23.211    29660.9     6718.0     1784.2     45.3     43.9     61.7 2020  7 12  6 10  9.180  0.00   1
   108865  40.611243 -123.882845    23.510    29580.1     6775.0     2082.6     51.4     38.2     63.8 2021  7 25  9 12 32.240  0.00   1
   108866  40.610335 -123.885425    23.192    29361.9     6674.2     1765.2     43.9     38.1     66.8 2022  9 20 20 35 29.800  0.00   1
   108897  40.599707 -124.121200    16.669     9400.4     5494.0    -4758.7     56.5     50.3     71.7 2020  7 21  9 58 36.880  0.00   1
   108901  40.605359 -124.095597    18.342    11567.7     6121.6    -3085.6     83.0     40.3     55.5 2020  7 28 10 54 20.520  0.00   1
   108918  40.645898 -124.020850    18.655    17891.2    10623.3    -2772.6     35.6     14.5     31.9 2020  8 14  7 59 14.720  0.00   1
   108919  40.646517 -124.016479    18.998    18261.0    10692.0    -2429.2     39.0     21.5     37.8 2020  8 14  7 29 17.360  0.00   1
   108921  40.646411 -124.022152    18.348    17780.9    10680.3    -3079.1     32.9     21.9     41.4 2021 11 16 18 50  1.700  0.00   1
   108922  40.590218 -124.112036    20.148    10177.0     4440.3    -1279.3     55.0     45.4     61.5 2020  8 17 22 44  9.820  0.00   1
   108923  40.589937 -124.112777    20.192    10114.3     4409.1    -1235.2     50.2     42.4     52.9 2020  8 17 22 37  2.940  0.00   1
   108925  40.604769 -124.108496    20.231    10475.6     6056.1    -1196.5     60.7     46.4     60.3 2021  6 29  5 32 28.020  0.00   1
   108926  40.599487 -124.119661    20.688     9530.6     5469.6     -739.1     53.7     39.1     49.0 2021  9  2  7  3 32.740  0.00   1
   108956  40.533626 -124.242611    18.594     -880.4    -1844.0    -2833.5     42.0     38.7     54.0 2020  8 19  9 20 36.680  0.00   1
   108957  40.531791 -124.250016    19.091    -1507.8    -2047.8    -2336.6     46.7     31.9     43.7 2021  7 30  7  1 16.480  0.00   1
   108959  40.534176 -124.246769    18.788    -1232.7    -1783.0    -2639.0     25.6     17.3     33.8 2022  9 20 20 46 19.020  0.00   1
   108974  40.606930 -124.215454    23.854     1419.4     6296.0     2427.1     75.1     52.8     51.9 2021  6  2  8  1  4.060  0.00   1
   108976  40.604431 -124.240991    23.691     -742.8     6018.6     2264.0     67.6     36.7     60.4 2021  8  2  1 42 32.520  0.00   1
   108977  40.615145 -124.217529    25.304     1243.6     7208.3     3876.6     50.7     66.4     66.4 2021  9 27 13 54 30.160  0.00   1
   108978  40.610421 -124.221737    25.242      887.5     6683.7     3814.9     44.4     50.1     54.1 2021 11 19  5 14  6.980  0.00   1
   108988  40.605314 -124.060775    23.495    14516.1     6116.6     2067.9    106.7     47.0     58.1 2021  9 19  2 30 15.040  0.00   1
   108995  40.562716 -123.933846    22.096    25271.2     1386.3      668.8     27.2     27.8     34.2 2020  9  7  3  4 36.280  0.00   1
   108998  40.565983 -123.930054    21.954    25591.7     1749.1      526.3     65.4     56.7     66.2 2020 11 23  2 17 29.880  0.00   1
   108999  40.562642 -123.934684    21.993    25200.2     1378.1      565.5     71.6     44.2     54.9 2020 11 23  2 27  1.080  0.00   1
   109001  40.563086 -123.933219    21.961    25324.2     1427.4      533.8     37.3     30.5     45.7 2021  4 25  2 44 15.560  0.00   1
   109003  40.558081 -123.932853    23.062    25356.1      871.6     1634.9     80.3     72.7     95.3 2021  9 25  7 21 32.760  0.00   1
   109005  40.562626 -123.933252    21.998    25321.5     1376.3      570.3     32.0     31.5     46.9 2022  1 19 16 50 43.900  0.00   1
   109006  40.562919 -123.932324    22.027    25400.0     1408.9      600.1     25.4     33.1     46.5 2022  1 23  4 17 44.580  0.00   1
   109007  40.560767 -123.932178    22.179    25412.8     1169.8      751.3     34.5     20.2     37.4 2022  1 23 13 55 42.740  0.00   1
   109008  40.563700 -123.937036    23.194    25000.8     1495.6     1766.5     49.6     42.7     90.5 2022  5 17 14 52 29.660  0.00   1
   109027  40.521802 -123.897225    19.930    28381.4    -3157.0    -1497.5     27.9     28.0     32.9 2020  9 12  9 10  3.360  0.00   1
   109029  40.533834 -123.900326    23.194    28116.3    -1820.9     1766.8     29.8     50.7     35.6 2021 10 21 16 23 18.500  0.00   1
   109031  40.526591 -123.908455    20.384    27429.0    -2625.2    -1043.0     43.6     29.9     40.3 2022  9 21 22  2  0.300  0.00   1
   109034  40.607003 -123.924170    24.873    26082.1     6304.1     3445.9     35.1     25.4     35.5 2021 10 16  0 56 17.260  0.00   1
   109035  40.606828 -123.916211    25.018    26756.0     6284.7     3590.5     17.6     16.6     29.1 2022  4  7  7 43 59.660  0.00   1
   109037  40.599679 -124.117269    18.580     9733.2     5490.8    -2847.2     32.0     19.4     25.0 2021  8 28 10 22 15.280  0.00   1
   109040  40.536035 -124.047583    19.880    15641.1    -1576.5    -1547.0     29.8     15.7     19.6 2021  5  4 20 49 28.940  0.00   1
   109042  40.536060 -124.049235    19.833    15501.2    -1573.8    -1593.8     23.1     17.9     22.6 2021 12 10 18 19  3.380  0.00   1
   109047  40.658472 -123.883740    28.179    29494.0    12019.5     6751.7     40.7     51.0     92.6 2022  7  7 10 16 42.560  0.00   1
   109051  40.588468 -124.074430    21.968    13361.6     4246.0      540.4     95.4     58.5     62.8 2022 10 22  1 32  8.620  0.00   1
   109052  40.614319 -124.079012    18.473    12971.1     7116.6    -2954.1    145.6     58.9     98.3 2020  9 18  1 49 50.060  0.00   1
   109054  40.620561 -124.090332    17.413    12012.2     7809.7    -4014.5    164.7     61.5     88.5 2021  8  3  7 25 29.060  0.00   1
   109057  40.620190 -124.077669    17.342    13084.2     7768.6    -4085.2     83.4     33.5     52.3 2021 11  1 20 23 11.500  0.00   1
   109058  40.618807 -124.078890    17.784    12981.0     7614.9    -3642.8     54.3     30.1     41.7 2022  7  2 18 54 53.920  0.00   1
   109059  40.618799 -124.078792    17.755    12989.3     7614.0    -3672.5     60.1     33.4     51.7 2022  7  5 10 26 16.440  0.00   1
   109060  40.609363 -124.077311    18.698    13115.6     6566.2    -2729.2     66.0     27.5     49.4 2022  9 22  5 20 24.860  0.00   1
   109079  40.592094 -124.323617    21.249    -7739.4     4648.6     -178.6     21.7     20.4     23.1 2020  9 24  1 37  2.540  0.00   1
   109081  40.592041 -124.325220    21.315    -7875.2     4642.7     -111.9     19.0     15.4     23.7 2021  8  3  7 28  1.280  0.00   1
   109082  40.591683 -124.323258    21.293    -7709.1     4602.9     -134.3     26.1     15.7     24.7 2021  8  3  7 28 11.760  0.00   1
   109083  40.590499 -124.326587    21.169    -7991.1     4471.5     -257.9     21.9     23.1     34.5 2022  3 18 23 22 52.560  0.00   1
   109086  40.619991 -124.097274    19.640    11424.5     7746.4    -1786.3     45.2     43.4     35.1 2020  9 29 20 57 21.240  0.00   1
   109088  40.591996 -124.100114    23.113    11186.4     4637.7     1686.0     69.9     41.0    130.7 2021  8  2  6  3 50.240  0.00   1
   109099  40.524325 -124.375146    18.570   -12109.0    -2876.9    -2856.7     90.3     49.1    138.8 2022 11  3 21 25 34.920  0.00   1
   109112  40.571521 -123.940023    21.142    24746.4     2364.1     -285.5     78.3     49.4     82.9 2020 11 28  4 46 13.820  0.00   1
   109120  40.570394 -123.935173    22.246    25157.4     2238.9      819.0     68.7     52.5     78.8 2021 10  7 15 37 20.960  0.00   1
   109123  40.566235 -123.933724    21.957    25280.8     1777.1      529.8     63.4     47.3     70.8 2021 10  7 10 58 29.020  0.00   1
   109127  40.570235 -123.935392    22.249    25138.8     2221.3      821.8     68.7     51.9     80.7 2021 10  9 15  2 48.760  0.00   1
   109129  40.526404 -124.429655    20.461   -16726.7    -2646.0     -966.5     39.8     59.6     96.1 2020 10 11 16 54  4.900  0.00   1
   109133  40.640096 -124.028377    18.763    17254.8     9979.0    -2664.0     52.2     38.7     50.1 2020 10 20  3 57  2.000  0.00   1
   109186  40.667411 -123.905379    22.700    27660.7    13012.2     1272.7     58.4     72.2     53.4 2020 11 10  7 29 44.140  0.00   1
   109189  40.671859 -123.897054    21.724    28364.3    13506.1      297.0     59.2     34.6     55.6 2021  5 13  9 32 24.180  0.00   1
   109190  40.664929 -123.894987    22.859    28540.8    12736.6     1431.7     63.9     39.4     35.9 2022  6 25  8 45  6.260  0.00   1
   109416  40.595260 -123.967350    22.431    22428.1     5000.1     1004.2     29.5     28.5     29.5 2020 11 28  4 41 25.020  0.00   1
   109417  40.595203 -123.967285    22.397    22433.6     4993.8      970.1     31.5     28.5     29.6 2020 11 28  4 28 30.560  0.00   1
   109418  40.597213 -123.971257    22.560    22097.0     5217.0     1132.9     22.2     29.4     37.6 2021  3 28 11 21 31.120  0.00   1
   109420  40.598263 -123.917399    22.103    26657.1     5333.6      676.2     43.4     39.8     49.6 2020 12  7 19  3 16.040  0.00   1
   109421  40.603524 -123.915975    22.086    26776.7     5917.8      658.9     37.2     34.9     59.5 2020 12  7 19  5 36.340  0.00   1
   109427  40.597111 -123.902246    25.525    27940.4     5205.7     4098.2     34.8     40.9     37.1 2020 11 29  9 45 15.600  0.00   1
   109428  40.595243 -123.894938    25.920    28559.6     4998.3     4493.0     30.4     55.3     33.7 2021  1 19 12 58 57.580  0.00   1
   109430  40.592969 -123.903646    26.029    27822.8     4745.7     4601.7     73.5     33.8     72.0 2022  3 18  0  7 21.100  0.00   1
   109436  40.605448 -124.099089    15.500    11272.1     6131.5    -5926.8     15.6     13.9      8.1 2020 12  1 11 36 42.680  0.00   1
   109448  40.558744 -124.016838    22.113    18242.6      945.3      686.2     56.5     59.4     67.9 2022  1 19 22 27 40.720  0.00   1
   109451  40.560775 -124.015308    21.913    18371.9     1170.7      485.7     70.8     49.0     70.1 2022  6  9  2 12 47.440  0.00   1
   109453  40.561682 -124.027588    22.357    17331.7     1271.5      929.7     64.0     49.3     62.1 2022 11 22  5  9 14.600  0.00   1
   109457  40.588049 -124.182951    21.649     4172.0     4199.4      222.1     91.0     39.0     50.3 2022 11 20 16 58  8.260  0.00   1
   109458  40.552852 -123.890592    22.163    28936.7      291.0      735.4     18.1     14.8     13.1 2020 12 19 19 50 56.380  0.00   1
   109460  40.595426 -124.215511    24.962     1414.7     5018.6     3534.8     94.2     57.9     77.0 2021  2 11 13 50 26.620  0.00   1
   109461  40.600732 -124.106405    16.373    10653.0     5607.8    -5054.5     64.2     48.5     60.9 2021  1  4  6 14 34.600  0.00   1
   109483  40.495618 -124.465967    22.936   -19807.6    -6064.7     1509.2     21.2     30.2     23.8 2021  1 13 19 34 16.280  0.00   1
   109484  40.519397 -124.466781    23.901   -19873.0    -3424.1     2473.4     11.4     13.4     16.4 2021  2 12 14 58  6.120  0.00   1
   109485  40.513839 -124.452710    25.254   -18681.7    -4041.3     3827.2     17.2     24.8     20.5 2022  6  3  7 37 13.740  0.00   1
   109491  40.554065 -124.055233    23.164    14991.1      425.6     1736.4     60.9     25.0     32.5 2022 11 12 22 18 21.100  0.00   1
   109493  40.578235 -124.213420    20.360     1592.0     3109.6    -1067.7     84.4     38.1     62.0 2021 12 30 20 43 22.380  0.00   1
   109498  40.578597 -124.147371    22.348     7185.4     3149.8      920.3     56.9     53.0     57.3 2022  3 29  0 35 16.680  0.00   1
   109534  40.643433 -123.999870    18.392    19667.4    10349.5    -3034.9     20.5     11.8     25.1 2021  3  6  9 15 31.140  0.00   1
   109535  40.652832 -124.012687    18.301    18581.2    11393.3    -3125.8     28.7     16.1     41.1 2021  3  6  9 16 35.960  0.00   1
   109542  40.540263 -123.906934    22.980    27555.1    -1107.0     1552.5     39.5     38.7     40.5 2021  3 19 20 18 50.400  0.00   1
   109543  40.541980 -123.904850    22.885    27731.3     -916.3     1457.6     38.1     57.5     46.7 2021  7 28 11 59  6.040  0.00   1
   109544  40.540662 -123.908317    22.872    27437.9    -1062.7     1444.5     49.6     41.2     65.0 2021 11  2 15 33 30.400  0.00   1
   109546  40.539945 -123.913175    22.950    27026.5    -1142.3     1522.3     32.5     35.1     52.0 2022  2  8 20 52 37.700  0.00   1
   109547  40.538440 -123.912777    23.389    27060.5    -1309.4     1962.0     53.1     45.9     73.9 2022  5 16 12 51  7.720  0.00   1
   109550  40.563167 -123.976701    23.463    21641.4     1436.4     2035.8     46.8     50.6     51.5 2021 10 14 12 55 59.780  0.00   1
   109551  40.560754 -123.974829    23.708    21800.3     1168.5     2280.4     36.9     58.3     48.4 2021 10 18 11 26 36.900  0.00   1
   109560  40.573466 -124.420736    23.197   -15965.5     2580.0     1769.7     37.8     46.7     48.4 2021  4 22 19 58  9.520  0.00   1
   109562  40.576135 -124.417025    23.603   -15650.9     2876.4     2176.1     39.9     36.2     41.3 2021 10  1 17 28 56.900  0.00   1
   109563  40.576261 -124.416829    23.118   -15634.4     2890.5     1691.2     29.3     37.3     34.6 2022  6  6  8 33 56.500  0.00   1
   109585  40.701029 -123.970744    21.435    22123.3    16745.4        7.6     64.4     47.7     53.2 2021 12  9  6 38 26.640  0.00   1
   109586  40.608309 -123.807845    27.012    35930.9     6449.2     5584.9     45.7     36.0     41.6 2021  4 25 12  4 20.500  0.00   1
   109587  40.511959 -124.438908    17.485   -17512.5    -4250.1    -3941.9     23.9     50.9     81.1 2021  4 26 14 34  7.560  0.00   1
   109588  40.531563 -124.399154    19.827   -14142.1    -2073.1    -1600.2     48.5     42.6     95.1 2021  4 30  5 48 15.420  0.00   1
   109590  40.596338 -124.008496    22.593    18943.8     5119.9     1166.2     64.3     39.5     49.6 2021  5  1  6 40  3.120  0.00   1
   109592  40.567013 -124.017407    22.245    18193.2     1863.4      817.6     43.9     33.0     49.1 2022  3 10 22 12 16.660  0.00   1
   109593  40.585763 -124.209741    23.287     1903.4     3945.5     1859.8     82.1     37.9     66.3 2021  5 25 13 41 14.420  0.00   1
   109638  40.582015 -123.954370    24.594    23529.5     3529.4     3166.8     19.5     17.4     29.6 2021  6  5 11 28 29.860  0.00   1
   109639  40.573596 -123.958952    24.142    23142.9     2594.5     2714.3     18.0     11.7     21.4 2022  2 26  5 28  3.880  0.00   1
   109640  40.549565 -123.970068    21.417    22205.4      -74.1      -10.7     42.8     53.6     46.5 2021  6 14 23  5 14.620  0.00   1
   109641  40.550110 -123.971395    21.526    22093.0      -13.6       98.4     36.7     52.0     57.4 2021  6 15  4  8 20.200  0.00   1
   109643  40.546680 -123.969515    21.206    22252.8     -394.5     -220.8     37.0     60.0     42.9 2021  6 15  2 15 10.680  0.00   1
   109645  40.549809 -123.971460    20.910    22087.5      -47.0     -516.8     37.5     39.5     36.8 2021  9 21 16 59  7.260  0.00   1
   109646  40.550476 -123.971859    20.842    22053.6       27.1     -585.4     35.8     44.8     50.7 2022  8 19 22 15 53.220  0.00   1
   109647  40.550106 -123.972380    21.031    22009.6      -14.0     -396.1     31.8     40.0     42.6 2022  9 26 14 46 33.600  0.00   1
   109649  40.479232 -124.511865    17.207   -23699.8    -7884.2    -4219.9     45.7     38.0     80.6 2022  9 18  8 29  6.480  0.00   1
   109653  40.598344 -124.325407    21.063    -7890.7     5342.6     -363.9     41.2     33.0     69.4 2021  6 26 23 51 53.520  0.00   1
   109656  40.603589 -124.308114    19.064    -6426.1     5925.0    -2363.0     84.4     37.6     98.5 2021  7  7 21  8 20.520  0.00   1
   109661  40.598934 -124.329492    21.041    -8236.6     5408.1     -386.2     30.6     25.1     52.7 2022 11 27 17  4 31.920  0.00   1
   109701  40.536422 -124.355534    18.158   -10446.4    -1533.6    -3268.9     62.1     42.6     65.2 2021  7  9 20  8 44.560  0.00   1
   109707  40.704907 -123.935164    22.869    25133.0    17176.0     1442.1     42.9     42.4     51.0 2021  7 21  1 57 33.440  0.00   1
   109708  40.706848 -123.939730    22.553    24746.3    17391.5     1125.9     51.2     28.9     57.6 2022  8 13 12 33 41.180  0.00   1
   109709  40.706669 -123.939730    22.553    24746.4    17371.6     1125.6     48.8     29.5     57.0 2022  8 13 13  7 15.920  0.00   1
   109710  40.479806 -124.404069    20.073   -14564.1    -7820.5    -1354.3     29.1     35.4     43.7 2021  7 21  6 27  7.140  0.00   1
   109714  40.514185 -124.432804    17.664   -16995.1    -4002.9    -3763.0     25.8     33.9     60.0 2021  7 22  8 29 59.260  0.00   1
   109718  40.502515 -124.452108    18.497   -18632.2    -5298.8    -2929.9     36.1     36.3     63.0 2022  4  3 19 26 32.500  0.00   1
   109728  40.639799 -123.915308    21.308    26826.0     9946.0     -119.7     16.6     14.3     30.6 2021 10 28 17 29 28.460  0.00   1
   109729  40.640259 -123.917179    21.301    26667.4     9997.1     -126.6     24.4     14.9     32.0 2021 10 28 20 25 38.640  0.00   1
   109732  40.503475 -124.459106    18.412   -19225.1    -5192.1    -3015.4     48.9     48.6     50.0 2021  8  5  5 11 35.000  0.00   1
   109733  40.506177 -124.458350    21.689   -19160.6    -4892.1      261.7     40.0     55.8     86.8 2021 12 18  9  2 20.600  0.00   1
   109734  40.502104 -124.455827    20.754   -18947.4    -5344.4     -673.7     38.7     50.3     58.0 2021 12 21 16 46 40.580  0.00   1
   109740  40.532064 -124.366162    27.123   -11347.2    -2017.5     5696.0     76.3     69.6    127.3 2021 12 25  9  3 58.480  0.00   1
   109741  40.537170 -124.368880    24.734   -11577.0    -1450.4     3306.6     73.9     53.6    113.5 2022  8 24 18 28  5.620  0.00   1
   109742  40.638631 -124.038851    19.846    16368.4     9816.3    -1581.6     81.9     45.7     65.9 2021  8 23  5 51 36.160  0.00   1
   109744  40.538334 -123.780436    21.900    38271.4    -1321.2      472.4     18.6     34.4     23.7 2021  8 29 12 47 11.520  0.00   1
   109745  40.538554 -123.789608    23.015    37494.4    -1296.8     1587.4     43.0     57.0     22.6 2022  1  7 12 47 18.900  0.00   1
   109758  40.549528 -124.225350    17.807      581.8      -78.2    -3619.9     28.8     17.1     23.1 2021  9 12 22 48 15.460  0.00   1
   109773  40.519128 -124.413257    18.505   -15338.3    -3453.9    -2922.0     34.4     66.5    109.4 2021 12 23 10 30 50.600  0.00   1
   109775  40.576103 -124.220231    19.422     1015.2     2872.8    -2004.8     99.8     38.7     70.9 2021  9 23 19 33 34.900  0.00   1
   109779  40.526847 -124.348047    18.978    -9812.9    -2596.8    -2449.0    110.5     57.8     99.1 2021  9 30  4 43 34.000  0.00   1
   109788  40.518050 -123.881494    21.736    29715.0    -3573.6      308.7     49.2     39.1     51.2 2021 10  7  4 45 50.940  0.00   1
   109789  40.510881 -123.870426    21.612    30654.4    -4369.8      184.7     46.6     37.4     52.1 2021 10  7  5 44  8.100  0.00   1
   109791  40.511369 -123.872819    21.593    30451.5    -4315.6      165.9     44.1     37.2     38.0 2021 10  9 15 14 13.920  0.00   1
   109792  40.513114 -123.876546    21.696    30135.3    -4121.7      268.5     37.1     38.8     45.6 2021 10  9 14 51  7.940  0.00   1
   109793  40.517106 -123.878825    21.694    29941.4    -3678.5      266.4     37.4     39.4     45.0 2021 10  9 19 19 22.180  0.00   1
   109794  40.511540 -123.875952    21.522    30186.0    -4296.6       94.5     41.5     41.8     46.1 2021 10 16 14 55 23.500  0.00   1
   109795  40.513399 -123.878158    21.596    29998.7    -4090.1      168.5     38.4     33.4     50.1 2021 11  4 10 59  4.180  0.00   1
   109796  40.513029 -123.876326    21.516    30154.0    -4131.2       88.9     38.8     33.3     41.0 2021 11  7  7 51 35.860  0.00   1
   109801  40.548482 -123.849032    22.955    32458.1     -194.3     1527.7     58.3     58.2     61.6 2022  1 31 19 52 42.840  0.00   1
   109836  40.613765 -124.127897    18.787     8832.3     7055.1    -2640.1     92.6     34.3     53.8 2021 10 22 21  9 45.260  0.00   1
   109837  40.611991 -124.077384    20.860    13109.1     6858.1     -567.1     60.3     43.9     78.9 2021 10 31 13 10  3.600  0.00   1
   109838  40.555514 -123.954411    22.740    23530.6      586.5     1313.1     57.9     49.4     68.6 2021 11  3 19 22 52.340  0.00   1
   109846  40.602515 -124.062321    16.793    14385.5     5805.8    -4634.5     95.7     53.6     91.8 2021 11 25 17 56 31.760  0.00   1
   109849  40.605448 -124.306706    20.560    -6306.8     6131.5     -866.8     21.3      8.7     28.8 2021 11 29  9 17 10.340  0.00   1
   109852  40.523515 -124.432210    19.817   -16943.6    -2966.8    -1610.2     15.2     13.8     28.3 2022  1 18 10 25 37.780  0.00   1
   110087  40.589311 -124.204167    20.403     2375.4     4339.5    -1024.5     29.2     26.1     34.5 2021 12 11 10 51 42.420  0.00   1
   110088  40.542826 -124.325871    19.064    -7933.2     -822.4    -2363.3    124.4     41.7     91.5 2021 12 20 23 40 19.580  0.00   1
   110091  40.543018 -124.324951    18.946    -7855.3     -801.1    -2480.9    126.1     41.1     90.1 2022  8 22 11 46 57.980  0.00   1
   110092  40.547091 -124.317334    18.878    -7209.8     -348.8    -2549.7    135.4     47.0    108.6 2022  8 22 11 19 44.520  0.00   1
   110093  40.545577 -124.324528    19.089    -7819.3     -516.9    -2338.0     81.8     44.9     55.6 2021 12 20 21 17 43.440  0.00   1
   110095  40.546403 -124.313493    19.245    -6884.5     -425.2    -2182.0     74.5     32.0     89.2 2022  7 14  2 59 53.060  0.00   1
   110120  40.521704 -124.418726    20.278   -15801.3    -3167.9    -1149.6     60.8     77.4     82.2 2021 12 20 20 29 25.860  0.00   1
   110127  40.576257 -124.205330    17.026     2277.1     2890.0    -4401.3     73.6     35.2     54.0 2021 12 20 20 15 20.340  0.00   1
   110128  40.544991 -124.292057    24.292    -5068.8     -582.0     2865.2     50.5     77.0     53.7 2021 12 20 20 31  1.340  0.00   1
   110129  40.516256 -124.445825    17.483   -18098.0    -3772.9    -3944.2     30.4     34.4     52.4 2021 12 20 22 57 59.980  0.00   1
   110153  40.502075 -124.335050    19.736    -8713.4    -5347.6    -1691.7     63.5     73.2     82.9 2021 12 21  3 28 34.100  0.00   1
   110154  40.504142 -124.332544    18.607    -8500.9    -5118.0    -2820.4     42.8     43.2     40.2 2021 12 23  6 55 41.480  0.00   1
   110156  40.510669 -124.327897    18.940    -8106.8    -4393.3    -2487.5     55.5     74.1     49.7 2021 12 23  4 51 44.220  0.00   1
   110160  40.523466 -124.418140    18.200   -15751.5    -2972.2    -3226.8     37.6     44.0     82.0 2021 12 21 19 30 31.800  0.00   1
   110168  40.579671 -124.179541    19.300     4461.0     3269.1    -2127.1    181.1     36.5     62.3 2021 12 21  2 44 44.640  0.00   1
   110179  40.544238 -124.348340    23.477    -9836.4     -665.6     2050.0     48.9     63.7    104.1 2022  3 20  6 57 16.680  0.00   1
   110181  40.498470 -124.452067    17.393   -18629.3    -5747.9    -4033.9     52.6     47.3    114.3 2021 12 25 16 54 33.700  0.00   1
   110183  40.596354 -124.108813    17.712    10449.4     5121.7    -3715.0     35.1     52.6     51.0 2021 12 26 16  2 15.940  0.00   1
   110184  40.587406 -123.994897    20.131    20096.6     4128.1    -1296.4     45.8     35.6     45.9 2021 12 27  8 53  5.400  0.00   1
   110185  40.575391 -123.987736    20.972    20704.9     2793.8     -455.4     32.8     29.1     36.5 2022  5 28  7 57  1.360  0.00   1
   110186  40.578975 -124.212956    20.130     1631.3     3191.8    -1297.3    110.7     51.8     82.6 2021 12 28  6 35 41.580  0.00   1
   110187  40.575940 -124.197217    19.291     2964.2     2854.8    -2136.0    104.1     36.9     64.5 2021 12 31 13 31 14.620  0.00   1
   110188  40.575981 -124.197599    19.299     2931.8     2859.3    -2128.6    106.6     36.2     63.2 2022  1  1 22 14 38.120  0.00   1
   110189  40.575899 -124.197184    19.271     2967.0     2850.2    -2155.9    103.3     36.8     64.3 2022  1  2 11 16 33.460  0.00   1
   110190  40.574227 -124.173267    19.231     4992.6     2664.5    -2196.1    137.2     39.4     42.4 2022  4 25  2 10 11.700  0.00   1
   110191  40.575720 -124.191650    19.258     3435.6     2830.4    -2169.3    110.7     36.0     64.7 2022  9  1 20 43  2.920  0.00   1
   110199  40.515592 -124.406502    21.838   -14766.4    -3846.6      410.4     52.5     75.5    125.1 2021 12 31 17  2 13.380  0.00   1
   110209  40.594759 -124.098950    24.794    11284.7     4944.5     3367.1     45.2     36.6     50.8 2022  4  2 19 46 56.000  0.00   1
   110211  40.515613 -124.443164    18.022   -17872.6    -3844.3    -3404.9     18.0     16.2     34.2 2022  4  3 10 39 47.080  0.00   1
   110231  40.515995 -124.437231    18.956   -17369.9    -3801.8    -2471.7     25.0     45.1     29.2 2022  5 14 20  9 30.640  0.00   1
   110234  40.534265 -124.241455    19.886     -782.5    -1773.0    -1541.6     51.4     37.5     29.8 2022  5 25  9 25 42.220  0.00   1
   110250  40.520386 -124.406779    21.046   -14789.3    -3314.3     -381.6     28.3     26.1     38.0 2022  7  2 10 23 23.100  0.00   1
   110253  40.594312 -124.113517    18.515    10051.2     4894.8    -2912.0     32.7     35.5     43.6 2022  7 20  6 28 50.580  0.00   1
   110254  40.595504 -124.114128    18.304     9999.5     5027.2    -3123.2     44.0     25.3     27.0 2022  8  9  7 59 33.060  0.00   1
   110255  40.598686 -124.116911    17.665     9763.6     5380.6    -3762.1     32.0     21.8     35.7 2022  8  9  8  9 40.340  0.00   1
   110266  40.539453 -124.333781    17.919    -8603.5    -1196.9    -3507.8     25.6     28.0     45.1 2022  8 30  6 25 35.480  0.00   1
   110273  40.648564 -124.013883    19.597    18480.5    10919.3    -1830.6     37.9     31.4     48.5 2022 10 28 12 43 42.000  0.00   1
   110274  40.521696 -124.436475    18.272   -17305.1    -3168.8    -3155.1     20.6     32.8     51.3 2022 10 29 20 38 50.780  0.00   1
   110275  40.511812 -124.432560    20.978   -16974.7    -4266.3     -449.0     25.2     36.2     47.0 2022 10 30  3 34  2.660  0.00   1
   110276  40.519076 -124.438395    19.236   -17468.1    -3459.8    -2191.6     23.6     22.7     37.7 2022 11 12 10 31 42.840  0.00   1
   110279  40.517542 -124.432153    19.810   -16939.5    -3630.1    -1616.8     21.8     21.6     30.2 2022 11  2 16 39 30.260  0.00   1
   110282  40.524080 -124.430168    19.837   -16770.4    -2904.0    -1590.3     73.1     46.2     71.4 2022 11 15 17 48 18.560  0.00   1
   110296  40.581278 -123.983805    20.658    21036.9     3447.6     -768.9     37.8     24.7     30.9 2022 12 22  3  8  5.860  0.87   1
   110298  40.534851 -124.272803    11.683    -3438.1    -1708.0    -9744.4     70.2     35.8     36.7 2023  1 17 13 54 45.520  1.24   1
   110302  40.564563 -124.127279    22.117     8887.9     1591.4      690.1     62.3     41.4     52.6 2022 12 24  0 35 18.890  0.89   1
   110303  40.487423 -124.497078    23.996   -22445.3    -6974.7     2568.3     31.0     31.4     31.7 2022 12 20 12 25 25.380  2.43   1
   110305  40.434798 -124.602197    24.316   -31365.7   -12818.4     2889.2     13.2     22.0     50.6 2023  4  2 11 44 21.610  2.51   1
   110307  40.526217 -124.418368    23.448   -15770.5    -2666.8     2021.1     34.7     34.8     32.6 2023  3  9  9 11 18.070  1.00   1
   110308  40.575517 -123.876733    22.375    30105.6     2807.8      947.3     29.6     30.5     43.6 2022 12 21 19 21 21.160  1.21   1
   110311  40.540116 -124.494181    23.965   -22191.1    -1123.3     2537.8     14.2     15.3     13.5 2023  2  6  9 53 42.140  2.82   1
   110326  40.576803 -124.238550    20.050     -536.2     2950.5    -1376.9     54.5     30.0     48.8 2023  4 26 22 23  7.880  0.79   1
   110327  40.621309 -123.948470    21.547    24022.1     7892.8      119.3     18.9     17.1     19.2 2022 12 21  8 59 40.650  1.14   1
   110330  40.584937 -123.912793    25.898    27049.8     3853.8     4471.1     37.8     25.5     30.0 2023  5 27  2 45 49.750  0.87   1
   110334  40.620654 -124.314388    20.695    -6956.5     7820.1     -732.3     18.4     12.4     71.6 2023  2 22  6 20 25.080  1.45   1
   110341  40.562524 -124.132186    22.445     8472.4     1365.0     1017.6     22.5      8.4     18.4 2023  1  5 14 47  6.170  2.14   1
   110346  40.539709 -123.889315    23.080    29047.8    -1168.5     1652.7     30.9     27.1     39.3 2023  5 28  1 45 53.620  1.36   1
   110354  40.509302 -124.421387    24.183   -16028.3    -4545.1     2755.3     21.2     24.2     55.4 2023  4 14  1 57  6.610  1.17   1
   110355  40.518738 -124.492578    15.933   -22058.8    -3497.3    -5494.1     14.7     14.8     25.2 2023  2 16 22 15  2.800  1.44   1
   110359  40.752592 -123.983464    21.639    21039.0    22471.1      211.3     85.1     59.9     75.7 2022 12 22  4 53 56.390  0.79   1
   110365  40.527893 -124.234953    17.669     -231.7    -2480.6    -3758.2     41.8     24.5     32.9 2022 12 20 12 37 22.690  1.44   1
   110367  40.551599 -123.974325    21.430    21844.6      151.8        3.2     22.6      9.6     19.3 2022 12 25  1 20 33.690  1.82   1
   110368  40.605359 -123.975366    22.215    21747.7     6121.6      787.3     40.0     41.4     41.2 2023  2 14  3 52  7.700  1.37   1
   110370  40.695654 -123.901221    22.598    28006.8    16148.5     1170.4     59.8     47.3     83.3 2022 12 21  4 44 13.820  1.30   1
   110373  40.661426 -123.998405    28.122    19788.7    12347.6     6694.4    113.0     58.9    107.3 2022 12 20 23 58 39.800  0.88   1
   110374  40.754004 -123.867367    20.823    30857.9    22627.9     -604.0     25.2     27.3     30.0 2022 12 22  4 46 28.990  1.00   1
   110378  40.593514 -124.050122    22.440    15419.4     4806.3     1013.2     38.5     33.0     37.8 2022 12 21 18 52 28.640  1.06   1
   110379  40.519230 -124.421468    18.258   -16034.0    -3442.6    -3168.9     29.3     38.1     43.1 2022 12 22  9 21 28.530  1.40   1
   110382  40.542240 -124.064274    19.367    14226.5     -887.4    -2060.3     35.0     16.0     17.7 2022 12 26  5 31 21.180  1.08   1
   110385  40.593441 -124.085946    19.219    12386.0     4798.1    -2208.6     23.9     11.6     19.4 2022 12 23  0 19 22.520  0.90   1
   110387  40.534139 -124.385409    25.189   -12977.4    -1787.0     3761.6     38.2     27.1     38.8 2023  1 28 23 56 58.200  3.85   1
   110388  40.508541 -124.447640    14.456   -18252.8    -4629.6    -6971.7     32.9     20.4     47.4 2022 12 31 10 20 40.360  1.04   1
   110390  40.639880 -123.988477    25.884    20632.3     9955.0     4456.6     29.3     32.0     35.4 2023  1 17  5 14  2.510  1.84   1
   110391  40.586829 -124.198120    21.485     2887.5     4063.9       58.0     87.3     45.0     98.2 2022 12 23  0 35 44.600  1.56   1
   110392  40.512602 -124.420581    18.620   -15959.6    -4178.7    -2807.7     53.7     70.0     82.0 2023  1  1 12 19 44.130  1.25   1
   110395  40.554484 -124.216699    16.628     1314.5      472.2    -4799.6     39.4     15.0     27.7 2022 12 20 23 19 53.720  1.40   1
   110396  40.535449 -124.260726    18.123    -2415.0    -1641.6    -3303.9     34.3     31.3     45.7 2022 12 24 20  6  9.180  0.83   1
   110399  40.530188 -124.412899    18.035   -15306.7    -2225.8    -3392.7     27.4     23.2     44.7 2022 12 20 10 44 46.730  2.70   1
   110400  40.559395 -124.050472    22.648    15393.7     1017.6     1221.0     72.5     61.0    102.8 2022 12 25  4 33 20.570  0.83   1
   110404  40.560775 -124.014998    21.947    18398.1     1170.7      520.2     54.2     37.3     51.4 2022 12 27  0 23 33.800  1.12   1
   110406  40.593799 -124.107357    19.543    10572.9     4837.9    -1884.4     21.8     24.3     27.8 2023  1 11  3 23 18.830  1.45   1
   110408  40.610128 -123.848446    27.485    32492.9     6651.2     6057.9     24.7     22.1     23.0 2023  2 12 20 12 15.900  2.47   1
   110409  40.514250 -124.417139    21.421   -15667.8    -3995.7       -6.6     27.3     55.5     98.7 2022 12 21 22  8 58.660  1.39   1
   110412  40.573047 -124.073991    19.711    13400.3     2533.5    -1715.9     33.5     22.0     25.5 2022 12 26  7 30 25.960  0.98   1
   110417  40.550952 -123.976009    21.462    21702.0       80.0       34.6     29.3     30.8     27.1 2022 12 24 12 43  0.520  1.06   1
   110422  40.622013 -124.304541    20.057    -6122.8     7971.0    -1370.3     18.6     13.0     38.1 2022 12 29 13 40 18.010  1.27   1
   110423  40.504268 -124.333862    18.723    -8612.6    -5104.0    -2704.3     36.0     28.8     26.4 2023  2 17 12 38 36.270  0.88   1
   110429  40.594153 -124.013241    22.527    18542.4     4877.2     1100.1     39.6     14.5     41.5 2022 12 22  9 28 37.970  0.68   1
   110431  40.601375 -124.110791    23.064    10281.6     5679.2     1636.5     70.0     52.3     56.9 2022 12 21 17 59 17.620  1.95   1
   110432  40.496326 -124.455973    26.368   -18960.6    -5986.0     4940.3     34.3     54.3     48.7 2022 12 22  1 13 30.130  2.71   1
   110434  40.512370 -124.462972    19.087   -19551.4    -4204.4    -2340.7     29.9     28.2     55.7 2022 12 21 18 26 29.520  1.33   1
   110435  40.532174 -124.380623    24.910   -12572.3    -2005.3     3483.0     45.5     25.7     71.8 2023  1 28 20  7 39.900  1.24   1
   110436  40.474154 -124.534408    23.770   -25611.2    -8448.1     2342.9     25.5     52.8     34.4 2023  2 18  0 47 37.880  1.15   1
   110439  40.473136 -124.429842    19.812   -16749.2    -8561.1    -1615.0     17.2     17.7     21.4 2023  1 27 16 28 41.960  1.01   1
   110442  40.569592 -123.952100    21.756    23723.9     2149.9      329.1     34.0     37.8     53.1 2022 12 20 18 48 54.600  0.91   1
   110443  40.579948 -124.182812    18.583     4184.0     3299.8    -2843.8    135.0     41.6     94.2 2022 12 21 21 55 10.140  0.79   1
   110444  40.502413 -124.503784    27.372   -23011.0    -5310.1     5944.4     27.8     32.1     25.2 2022 12 23 21 41 55.000  1.21   1
   110445  40.525256 -124.388118    23.573   -13207.9    -2773.4     2145.4     16.8     33.3     15.5 2022 12 21  8  6 55.910  1.80   1
   110447  40.563127 -124.017301    22.619    18202.7     1431.9     1191.6     33.9     20.4     26.4 2022 12 24 19 37 36.120  1.39   1
   110448  40.597017 -124.126253    21.632     8972.6     5195.3      205.0     64.6     40.8     57.0 2023  1 31 13 12 49.420  1.12   1
   110452  40.545898 -124.192228    27.403     3387.5     -481.2     5976.2     50.4     26.0     38.9 2022 12 20 23 25 36.340  1.09   1
   110453  40.510282 -124.474463    17.817   -20525.3    -4436.2    -3610.3     26.7     34.3     59.1 2022 12 21 12  8  6.020  1.11   1
   110454  40.465507 -123.818270    23.076    35085.3    -9408.3     1648.6     23.4     35.8     26.0 2022 12 21 13 41 59.550  0.69   1
   110455  40.532463 -124.421395    16.801   -16026.2    -1973.2    -4626.1     37.1     36.9     68.3 2022 12 23 13  9 40.300  0.89   1
   110458  40.621513 -124.310547    20.224    -6631.3     7915.4    -1202.8     15.0     10.3     21.8 2023  2 14  6 32 28.460  1.23   1
   110462  40.585929 -124.439673    23.855   -17567.7     3964.0     2428.0     31.1     21.9     32.8 2023  4 22 17 56 13.080  1.37   1
   110464  40.587769 -124.426790    23.182   -16476.5     4168.3     1754.5     24.3     24.6     32.6 2023  2 13 21 32 14.280  2.09   1
   110466  40.531514 -124.393148    15.987   -13633.3    -2078.5    -5440.1     33.3     48.3     71.0 2022 12 22  0 27 26.630  0.83   1
   110467  40.528349 -124.425285    26.680   -16356.3    -2430.0     5253.1     33.6     32.8     46.0 2022 12 22  3 58 10.660  0.90   1
   110468  40.525944 -123.979842    20.329    21381.3    -2697.1    -1098.4     49.1     47.2     49.2 2022 12 24  1 17 32.850  0.88   1
   110470  40.536877 -124.358854    17.056   -10727.7    -1483.0    -4371.3     44.0     35.9     39.8 2023  3 29  5  5 59.480  1.47   1
   110474  40.472640 -124.450269    20.847   -18480.5    -8616.2     -580.0     33.1     41.2     45.7 2022 12 20 12 14 11.380  2.27   1
   110475  40.585323 -124.353475    28.081   -10268.3     3896.7     6654.2     29.5     28.6     44.0 2022 12 21 15  8 37.620  1.85   1
   110476  40.536666 -124.407650    28.092   -14861.3    -1506.5     6664.4     13.8     10.9     24.4 2022 12 20 13 24 12.330  1.51   1
   110477  40.610868 -123.937809    21.751    24926.6     6733.4      323.6     18.6     15.3     26.8 2023  1  3  7 18 42.400  0.99   1
   110479  40.534212 -124.360856    17.181   -10897.5    -1778.9    -4245.8     36.8     32.1     45.7 2022 12 26  2  4 21.800  1.88   1
   110480  40.558757 -124.251652    23.085    -1646.0      946.6     1658.0     32.8     27.0     36.2 2022 12 21  2 56 11.820  1.60   1
   110481  40.491455 -124.466357    18.349   -19841.3    -6526.9    -3077.9     36.4     30.9     58.4 2023  4  5 14 51 18.340  1.34   1
   110482  40.584424 -123.920483    21.835    26398.7     3796.9      408.1     85.4     76.0    109.0 2022 12 21 19 52  6.360  0.64   1
   110484  40.525370 -124.419027    19.691   -15826.4    -2760.8    -1736.1     34.7     52.1     36.7 2022 12 25  4  3 37.800  0.93   1
   110487  40.754260 -123.850716    20.487    32266.1    22656.4     -940.1     39.6     28.8     34.7 2022 12 20 14 11  0.150  2.57   1
   110488  40.478743 -124.458545    19.399   -19181.0    -7938.5    -2028.5     21.0     22.6     22.5 2023  2 18  9 18 28.190  1.40   1
   110489  40.519173 -124.424683    19.317   -16306.3    -3448.9    -2109.9     30.1     46.0     31.9 2022 12 29  9 57 25.630  1.27   1
   110494  40.522978 -124.418848    18.402   -15811.5    -3026.5    -3025.2     50.1     51.8     90.8 2023  3  5 20 14 19.720  1.28   1
   110496  40.503805 -124.445972    17.813   -18112.1    -5155.5    -3614.3     21.5     26.3     54.2 2022 12 30 12 51 54.870  1.14   1
   110497  40.573580 -124.097038    22.711    11448.4     2592.7     1283.4     65.3     38.6     42.1 2022 12 31 14 27 57.700  1.02   1
   110501  40.467834 -124.509717    23.942   -23519.7    -9149.9     2514.8     22.1     30.3     51.7 2022 12 30 21 43 18.320  2.12   1
   110506  40.606946 -124.078988    20.041    12973.9     6297.8    -1386.3     68.6     40.2     63.2 2022 12 20 21 47 48.880  1.10   1
   110507  40.528861 -124.396167    18.102   -13889.4    -2373.1    -3325.7     31.8     33.6     50.4 2022 12 21 10 16 11.430  0.70   1
   110508  40.610457 -124.094222    18.012    11683.7     6687.8    -3415.7     51.5     32.6     62.8 2022 12 30  9  0 39.550  1.14   1
   110509  40.575802 -124.280363    23.157    -4077.3     2839.4     1729.6     82.0     52.2     65.3 2023  1  2  8  1 22.300  0.77   1
   110510  40.496733 -124.431999    24.746   -16929.0    -5940.9     3318.9     22.7     37.4     58.3 2023  1  2  8 25 11.060  1.28   1
   110511  40.630973 -124.019328    23.263    18022.0     8966.0     1835.4     59.0     65.2     90.1 2022 12 21  4 15 19.850  2.45   1
   110512  40.509204 -124.335815    19.076    -8777.8    -4556.0    -2351.2     15.2     12.7     14.4 2022 12 21 17 35 50.480  1.40   1
   110513  40.522917 -124.413436    19.088   -15353.0    -3033.2    -2339.3     29.6     27.5     25.4 2022 12 20 15  4 50.680  1.42   1
   110515  40.542102 -124.231079    21.661       96.5     -902.8      234.0     61.6     41.8     47.9 2023  1 11 13 29 12.060  1.57   1
   110517  40.597473 -124.087427    23.463    12260.2     5245.9     2035.3     73.1     46.6     62.0 2023  3 12  6 43 46.740  0.89   1
   110518  40.522542 -124.434896    18.299   -17171.2    -3074.8    -3127.8     26.2     20.4     34.5 2022 12 20 10 43 39.300  2.63   1
   110519  40.576477 -124.143262    22.278     7533.6     2914.4      851.2     38.9     21.8     42.8 2022 12 20 23 22 14.760  1.65   1
   110521  40.570776 -124.158285    23.257     6261.6     2281.4     1829.9     61.9     31.6     50.2 2022 12 23  1 11 44.550  1.32   1
   110522  40.644287 -124.087907    23.253    12215.3    10444.4     1826.1     27.4     11.2      8.2 2022 12 20 18 48 15.520  0.97   1
   110523  40.509969 -124.490169    23.727   -21856.1    -4471.0     2299.7     33.4     43.2     40.4 2022 12 21  1  7 33.310  3.25   1
   110524  40.609269 -124.079997    17.723    12888.2     6555.8    -3704.0     76.9     41.5     64.1 2022 12 21  9 31  7.840  1.25   1
   110525  40.618270 -124.082731    18.155    12655.9     7555.3    -3271.9     46.2     32.3     52.5 2022 12 26  7 21 10.390  0.93   1
   110526  40.490190 -124.511263    15.508   -23646.9    -6667.4    -5919.2     35.8     42.6     70.1 2023  2 18 20 58 10.920  1.67   1
   110527  40.522498 -124.439909    19.392   -17595.9    -3079.8    -2035.1     22.9     27.6     42.8 2022 12 22  3 55 53.820  1.44   1
   110529  40.553145 -124.256982    24.617    -2097.6      323.5     3189.6     35.4     22.2     47.0 2023  5 18 13 21 36.440  0.56   1
   110530  40.619523 -124.070280    16.077    13709.9     7694.5    -5350.4     53.2     36.4     69.0 2022 12 22  4 49 54.170  0.84   1
   110531  40.533346 -124.350993    18.633   -10062.0    -1875.2    -2794.3     26.8     21.3     41.9 2022 12 20 19 16  2.640  1.29   1
   110532  40.544242 -124.343140    16.462    -9395.9     -665.1    -4965.0     61.6     67.8     44.7 2022 12 23  4  9 55.040  1.00   1
   110533  40.653166 -124.056258    15.870    14893.3    11430.3    -5557.3     33.2     20.1     37.8 2022 12 21 11 50 10.940  0.78   1
   110534  40.527352 -124.403304    19.116   -14494.2    -2540.7    -2311.7     39.7     43.6     70.2 2023  1  4 16 29 55.050  1.61   1
   110535  40.523694 -124.412109    18.555   -15240.6    -2946.9    -2872.3     29.7     40.2     40.2 2022 12 22 10 55 51.720  0.98   1
   110537  40.612317 -124.082300    23.315    12692.9     6894.2     1887.8     85.1     53.1     64.0 2022 12 21 16 28 15.660  3.99   1
   110539  40.524170 -124.342236    18.780    -9320.8    -2894.1    -2647.4     45.3     53.9     57.2 2022 12 25  8 22 48.250  0.72   1
   110541  40.579488 -124.188249    18.564     3723.6     3248.8    -2863.2     58.2     31.4     57.6 2023  2 18  6 52 19.650  1.07   1
   110542  40.578540 -124.191976    18.194     3408.0     3143.5    -3233.3     80.2     31.0     69.3 2022 12 20 17 56  5.920  1.14   1
   110544  40.598568 -124.187419    19.750     3793.4     5367.5    -1677.1     93.7     28.9     69.0 2023  3 21 22 51 34.760  0.98   1
   110546  40.503284 -124.449691    18.978   -18427.3    -5213.4    -2449.7     34.8     38.1     59.2 2022 12 27  1 23 41.520  0.94   1
   110547  40.615894 -123.924333    21.034    26066.6     7291.4     -393.3     32.1     26.0     67.6 2022 12 20 23 36 50.880  1.00   1
   110549  40.542745 -124.055827    19.753    14942.0     -831.4    -1674.3     22.5     25.7     18.9 2022 12 21  4 18 46.220  2.04   1
   110551  40.614270 -124.092228    18.066    11852.2     7111.1    -3361.7     87.7     57.7     64.4 2023  2 17 11 16 14.330  1.12   1
   110553  40.525732 -123.917863    20.538    26632.2    -2720.6     -889.1     23.4     19.5     22.3 2022 12 25  0 34  1.910  0.77   1
   110554  40.549418 -124.244100    18.206    -1006.4      -90.4    -3220.8     40.8     21.5     32.6 2022 12 21  0  5 31.440  1.34   1
   110556  40.498792 -124.433545    23.527   -17059.8    -5712.2     2100.1     15.4     18.5     19.4 2023  2 25 14 23 27.120  1.53   1
   110559  40.614709 -124.129574    21.229     8690.3     7159.9     -198.4     62.4     27.6     51.1 2023  3 13  0 48 17.330  0.83   1
   110560  40.628516 -123.926595    21.640    25872.7     8693.0      212.5     43.4     45.7     58.5 2023  2  2  2 38 55.900  1.60   1
   110561  40.619332 -123.891927    23.064    28809.5     7673.2     1636.6     44.2     36.5     71.1 2022 12 20 17 35 32.520  1.17   1
   110564  40.599972 -124.113550    16.122    10048.1     5523.4    -5304.9     56.4     49.1     40.5 2022 12 24  4 18 59.420  0.99   1
   110566  40.608215 -124.114551    18.036     9962.7     6438.8    -3391.6     82.7     40.4     55.0 2022 12 22  5 24 44.100  2.65   1
   110568  40.499801 -124.471118    15.878   -20243.5    -5600.2    -5549.0     27.7     51.4    135.1 2023  3 22 19 35 25.080  1.32   1
   110569  40.646586 -124.023185    18.265    17693.4    10699.7    -3162.6     26.6     18.4     30.8 2023  1  2  9 44 23.910  0.93   1
   110570  40.602254 -124.125854    20.207     9006.0     5776.8    -1220.7     38.1     26.7     42.7 2022 12 22  6 14 22.080  1.10   1
   110572  40.531592 -124.244442    19.083    -1035.5    -2069.9    -2344.2     17.1     17.7     21.3 2023  1  1 22 18 52.920  1.17   1
   110574  40.627315 -124.096077    19.969    11525.2     8559.7    -1457.9     76.0     40.3     67.7 2022 12 21 22 33 49.080  1.00   1
   110575  40.579431 -124.167912    26.687     5445.9     3242.4     5259.6     55.8     38.1     62.1 2022 12 23  1 10  6.400  0.80   1
   110577  40.617240 -124.230029    24.062      185.3     7441.0     2634.8     33.5     35.3     36.2 2022 12 25 19 13 28.400  0.95   1
   110578  40.568742 -124.143677    21.707     7498.9     2055.4      279.9     41.4     23.7     35.2 2022 12 20 20 26 41.720  2.13   1
   110579  40.520532 -124.351172    21.876   -10078.1    -3298.0      448.8     30.9     29.8     31.8 2022 12 21  8 58 34.030  0.97   1
   110580  40.610563 -124.046729    22.913    15704.8     6699.5     1486.1    104.3     46.0     60.5 2023  1  3  4 53 49.540  1.15   1
   110581  40.567977 -124.232886    20.249      -56.5     1970.5    -1177.9     53.3     25.6     42.9 2023  5 28 11 38 43.770  1.07   1
   110582  40.563212 -123.934977    22.037    25175.3     1441.4      609.8     19.1     19.9     25.2 2022 12 21 23 36 17.240  1.23   1
   110586  40.524056 -123.898844    20.032    28243.8    -2906.7    -1394.8     28.1     23.7     38.2 2022 12 22  5 36 49.910  0.70   1
   110587  40.605733 -123.914274    25.160    26920.3     6163.2     3733.2     16.2     17.9     18.7 2022 12 20 10 48 38.300  2.65   1
   110588  40.596655 -124.116366    18.184     9809.9     5155.1    -3243.4     31.8     19.3     26.3 2022 12 22  7 50 48.720  1.53   1
   110589  40.533195 -124.050879    19.500    15362.2    -1891.9    -1927.0     22.6     14.3     18.2 2022 12 21  0 13 29.150  1.50   1
   110590  40.653772 -123.883146    27.035    29545.3    11497.6     5607.6     40.9     51.7     88.5 2022 12 23 19 10 35.240  1.06   1
   110591  40.586060 -124.060604    21.183    14532.7     3978.5     -243.8     95.5     58.5     62.7 2022 12 25 22 34 55.360  0.82   1
   110592  40.618429 -124.076562    17.760    13178.1     7572.9    -3667.3     55.0     27.1     47.9 2023  1 18  8 28 49.360  0.92   1
   110594  40.558895 -123.937166    21.198    24990.7      962.0     -229.7     27.6     26.8     38.0 2022 12 21  0 45 40.230  1.26   1
   110595  40.592293 -124.326782    21.319    -8007.5     4670.7     -107.9     14.9     14.1     15.1 2022 12 20 10 52 39.340  3.28   1
   110596  40.540727 -124.339038    17.730    -9048.7    -1055.5    -3697.0     34.6     29.9     29.2 2022 12 29  7 31 23.150  0.85   1
   110597  40.619543 -124.080054    20.165    12882.4     7696.7    -1261.2     46.1     44.8     40.9 2022 12 20 21 24 28.880  0.90   1
   110598  40.598271 -124.104891    23.125    10781.4     5334.5     1697.6     66.4     39.8     66.5 2022 12 26  1 46  3.150  1.45   1
   110600  40.523031 -124.388070    15.840   -13204.0    -3020.6    -5586.9     90.7     49.5    120.5 2022 12 20 19 51  5.480  1.33   1
   110604  40.572575 -123.940007    20.996    24747.6     2481.1     -431.0     49.3     41.7     53.3 2022 12 21 17  1 49.600  1.16   1
   110605  40.519808 -124.432422    18.864   -16962.0    -3378.4    -2563.5     38.6     60.4     97.7 2022 12 22  7 33 35.520  1.14   1
   110607  40.660811 -124.017847    18.423    18143.4    12279.3    -3004.7     32.2     30.1     38.2 2022 12 21 14 33 24.290  1.52   1
   110608  40.642147 -124.027808    18.221    17302.7    10206.7    -3206.6     51.5     38.5     52.5 2022 12 25 12 29 55.020  1.64   1
   110609  40.575964 -124.154915    23.286     6546.7     2857.5     1859.1     54.9     34.0     42.5 2022 12 20 19 19  0.120  1.41   1
   110611  40.551819 -124.240999    18.276     -743.8      176.2    -3151.4     41.2     31.2     35.5 2022 12 21 12 21 21.680  0.97   1
   110613  40.666073 -123.886499    22.968    29258.9    12863.6     1540.4     47.3     41.8     35.6 2022 12 27 17 40  9.980  1.83   1
   110614  40.551676 -124.316187    20.069    -7112.4      160.4    -1357.7     81.1     67.0     90.6 2023  2 15 14 26 55.060  2.21   1
   110615  40.580485 -124.132894    22.101     8411.4     3359.5      673.6     46.1     39.8     47.1 2022 12 21  9 48 30.660  1.09   1
   110618  40.604834 -123.981567    22.690    21222.7     6063.3     1262.4     28.3     29.0     24.6 2022 12 20 23 30 29.600  1.04   1
   110619  40.600033 -123.916341    21.868    26746.4     5530.1      440.7     38.7     36.1     51.6 2022 12 22  4 23  9.220  0.67   1
   110620  40.600142 -123.895679    25.129    28495.9     5542.3     3702.2     36.4     29.6     49.5 2022 12 25 16 15  8.400  1.07   1
   110622  40.603894 -124.102336    15.626    10997.3     5958.9    -5800.9     15.8     13.9      8.0 2022 12 28  9 46 28.530  1.31   1
   110623  40.595085 -124.153678    22.877     6650.5     4980.7     1449.7     79.6     33.1     36.7 2022 12 30  9 23 12.150  1.07   1
   110624  40.609257 -124.110872    18.231    10274.1     6554.5    -3196.6     43.7     32.6     40.5 2023  4  2 23  2 20.160  1.02   1
   110625  40.551310 -124.072949    19.007    13490.7      119.7    -2420.7     29.5     15.9     27.1 2022 12 20 21 22 52.960  1.20   1
   110626  40.559717 -124.018148    22.030    18131.5     1053.3      602.3     43.7     33.3     46.0 2022 12 24 20 57 12.400  1.30   1
   110627  40.592631 -124.194238    21.960     3216.1     4708.2      532.4     91.0     38.3     54.4 2022 12 20 16 59 23.800  1.39   1
   110628  40.550399 -123.884066    22.183    29490.1       18.5      756.2     17.4     15.0     13.1 2022 12 25  6 37 31.440  1.50   1
   110629  40.584644 -124.236296    24.352     -345.3     3821.3     2924.9     93.5     58.8     80.9 2023  2  2  2 53 51.230  0.90   1
   110630  40.601868 -124.110018    15.311    10347.0     5733.9    -6116.4     63.7     47.9     59.7 2022 12 22  6 38 46.920  0.92   1
   110631  40.600326 -123.997526    19.948    19872.1     5562.7    -1479.4     62.1     42.2     43.8 2022 12 22  6 27  3.370  1.14   1
   110633  40.512118 -124.450871    24.311   -18526.1    -4232.4     2883.8     14.9     14.2     42.6 2022 12 20 11 23 42.960  2.53   1
   110634  40.612415 -124.081543    15.780    12757.0     6905.1    -5647.5     45.6     30.6     52.3 2023  1  3  7 23 30.820  1.13   1
   110635  40.548678 -124.049284    22.646    15495.6     -172.6     1219.0     60.5     25.8     33.1 2022 12 24  7 16 44.450  1.51   1
   110636  40.578727 -124.213029    18.052     1625.1     3164.3    -3375.3     80.4     34.9     65.6 2023  5  5 10 50 40.220  0.86   1
   110637  40.543860 -124.336051    17.442    -8795.5     -707.6    -3985.5     52.3     29.1     58.5 2022 12 25 12 21 40.770  1.90   1
   110638  40.582869 -124.150106    23.650     6953.6     3624.2     2223.1     57.2     53.9     56.2 2022 12 21 19 17 30.720  1.31   1
   110641  40.643709 -123.997852    18.778    19838.2    10380.2    -2649.4     21.1     12.7     26.2 2022 12 25  9 11 59.060  0.70   1
   110643  40.539925 -123.911051    22.854    27206.4    -1144.5     1426.4     25.8     30.1     36.4 2023  2 16 18  3 27.440  1.53   1
   110644  40.562919 -123.977523    23.729    21571.9     1408.9     2301.6     34.4     25.0     42.7 2023  2 13  5 45 35.220  1.23   1
   110646  40.574410 -124.423218    23.162   -16175.6     2684.9     1734.9     22.8     19.4     21.2 2023  2  6 20 12  2.580  1.35   1
   110647  40.567660 -124.148421    21.675     7097.1     1935.3      247.8     43.4     26.6     38.7 2022 12 20 19  6 23.200  1.47   1
   110649  40.520182 -124.358374    22.741   -10688.3    -3336.9     1313.3     56.5     48.6     64.4 2022 12 25 23 13 35.000  1.83   1
   110650  40.703320 -123.954533    21.986    23494.5    16999.8      559.0     63.2     46.9     53.9 2022 12 26  9 16 16.030  1.67   1
   110651  40.613936 -123.821395    27.070    34782.2     7074.1     5642.3     46.8     35.2     41.7 2023  4  8  3  4 20.710  1.95   1
   110652  40.516288 -124.440259    16.728   -17626.4    -3769.3    -4699.3     21.5     52.2    101.1 2023  2  8 14 16 55.210  1.31   1
   110653  40.531628 -124.402173    17.741   -14397.9    -2065.8    -3686.4     49.1     42.2     78.8 2022 12 26  8 29 16.340  0.84   1
   110654  40.595007 -124.006160    23.244    19141.8     4972.1     1816.9     65.1     40.0     56.6 2022 12 24 22 12 36.600  2.10   1
   110655  40.567179 -124.022876    22.425    17730.0     1881.9      997.7     43.6     32.1     43.6 2023  4 30 12 38 22.840  0.62   1
   110656  40.585510 -124.189225    26.661     3640.8     3917.5     5233.8     97.8     47.9     88.5 2023  1 20 22  9 26.880  0.94   1
   110660  40.538306 -124.342310    16.599    -9326.0    -1324.4    -4828.4     37.6     40.6     70.5 2022 12 31 15  5 32.620  1.28   1
   110663  40.580583 -123.955282    24.417    23452.5     3370.3     2989.4     18.1     15.0     25.7 2022 12 21 22 26 11.040  1.39   1
   110664  40.551587 -123.974992    20.969    21788.0      150.5     -458.2     29.7     31.8     32.3 2022 12 20 16  1 13.350  1.61   1
   110665  40.490930 -124.512663    16.781   -23765.3    -6585.2    -4646.3     47.8     35.0     98.8 2023  4  6  4 40 19.060  0.75   1
   110666  40.499036 -124.469515    18.063   -20107.7    -5685.1    -3363.9     25.7     29.6     57.5 2022 12 29  8 32 33.620  1.49   1
   110667  40.599129 -124.328296    20.959    -8135.2     5429.8     -468.2     22.0     18.5     46.0 2022 12 25  7 56 23.340  0.72   1
   110671  40.584867 -124.098739    23.334    11303.4     3846.1     1906.3     73.0     40.4     42.4 2022 12 20 23  1 57.840  1.31   1
   110672  40.536991 -124.345085    18.200    -9561.2    -1470.3    -3227.7     62.1     42.6     66.6 2023  4 15  0  7  1.200  0.77   1
   110673  40.584237 -124.219002    23.200     1119.2     3776.1     1772.3    123.4     75.3     62.0 2022 12 21 16 59 16.830  0.92   1
   110674  40.552201 -124.224243    17.769      675.5      218.7    -3657.9     37.2     19.7     24.7 2022 12 23  5  1 13.690  1.08   1
   110675  40.704293 -123.931966    22.403    25403.7    17107.7      976.0     37.4     27.9     48.4 2022 12 22 16 21 35.960  1.66   1
   110676  40.479569 -124.405469    19.729   -14682.8    -7846.7    -1698.6     29.1     35.4     43.8 2023  1 30 10 56 56.600  0.99   1
   110677  40.511060 -124.440324    17.303   -17632.6    -4349.9    -4124.2     22.7     32.0     51.0 2022 12 23  0 10 35.700  1.04   1
   110678  40.517623 -124.428524    17.047   -16632.0    -3621.1    -4380.7     24.6     34.1     40.5 2023  1  8  2 15 56.440  1.14   1
   110679  40.511812 -124.436418    17.546   -17301.5    -4266.3    -3881.2     39.6     33.9     41.6 2023  4 20 15 36 20.100  0.92   1
   110681  40.638334 -123.911597    21.336    27140.4     9783.3      -91.5     15.0     12.7     26.1 2022 12 21  2 53 42.600  1.60   1
   110683  40.503312 -124.454720    19.405   -18853.5    -5210.2    -2022.2     34.3     41.9     59.8 2022 12 21  8 21  0.830  1.29   1
   110685  40.532324 -124.379769    23.438   -12499.9    -1988.6     2010.9     63.3     33.3     99.5 2023  1 29  2 21 34.040  0.86   1
   110686  40.548336 -124.309106    18.015    -6512.9     -210.6    -3412.7     89.2     42.8     54.1 2022 12 20 19 42 50.340  1.43   1
   110687  40.642094 -124.055843    19.419    14929.6    10200.8    -2008.1     83.0     45.1     71.7 2022 12 26  1 31 33.690  1.21   1
   110688  40.682935 -123.882520    22.506    29591.9    14736.0     1079.2     43.4     46.6     85.6 2022 12 20 16  7 38.970  2.01   1
   110689  40.547652 -123.756600    21.745    40287.8     -286.5      317.3     22.0     40.4     22.3 2022 12 22  0 56 27.730  0.68   1
   110692  40.510868 -124.468815    21.223   -20046.7    -4371.1     -204.2     42.2     35.6     58.7 2022 12 29 10 57 23.460  1.08   1
   110694  40.516329 -124.444076    19.206   -17949.8    -3764.8    -2221.7     23.0     24.8     43.5 2022 12 29  5 31  8.470  1.04   1
   110695  40.550163 -124.224341    17.713      667.3       -7.7    -3714.6     29.0     17.1     22.9 2022 12 24  5  9  2.290  1.55   1
   110697  40.572587 -124.220508    17.125      991.8     2482.4    -4302.0     74.4     50.9     77.6 2022 12 23 20 30 28.480  1.23   1
   110698  40.541736 -124.238647    18.100     -544.6     -943.5    -3327.3     32.1     21.7     27.4 2023  1 26  5 47 35.730  1.04   1
   110699  40.512142 -124.413013    17.893   -15318.4    -4229.7    -3534.2     35.6     73.4     97.1 2022 12 22  9  7 10.520  0.52   1
   110700  40.575566 -124.204647    17.700     2335.0     2813.2    -3727.3     99.5     38.7     78.5 2022 12 25  3 58 23.130  0.90   1
   110702  40.629346 -123.958138    22.254    23202.2     8785.2      827.0     30.0     25.5     31.8 2022 12 20 23 26 24.700  1.53   1
   110703  40.531051 -124.352425    17.179   -10183.5    -2130.0    -4248.0    140.1     56.1     94.8 2022 12 22 14 28 55.050  1.12   1
   110705  40.512903 -123.878866    21.623    29938.9    -4145.2      195.6     37.1     29.1     34.8 2023  3  1  0 37 17.190  1.45   1
   110706  40.559965 -123.992578    23.968    20297.2     1080.8     2541.1     49.4     40.8     38.3 2022 12 20 23 41  1.760  1.68   1
   110707  40.544491 -123.845394    21.832    32767.2     -637.6      404.9     57.6     58.5     62.3 2022 12 21 22 14 18.520  1.56   1
   110708  40.577820 -124.211100    17.778     1788.4     3063.5    -3649.0     68.8     47.8     68.1 2023  3  5  0 34 58.820  1.58   1
   110710  40.605713 -124.144019    18.658     7467.9     6160.9    -2769.6     92.6     34.7     54.9 2023  1 14  1 10 27.140  1.46   1
   110711  40.613025 -124.069124    20.210    13808.4     6972.9    -1216.9     60.4     44.2     73.7 2022 12 20 21  2 39.800  1.14   1
   110712  40.552551 -123.952856    22.201    23662.8      257.6      774.2     57.4     51.1     63.0 2023  1 10 19 11 36.040  1.34   1
   110715  40.612467 -124.097095    16.262    11440.3     6911.0    -5165.1     99.4     52.7    108.3 2022 12 20 21 22 37.100  1.23   1
   110716  40.586015 -123.886629    21.481    29265.2     3973.5       53.7     97.5     93.8    209.8 2022 12 22  1 50 13.650  0.65   1
   110717  40.608313 -124.301294    19.918    -5848.5     6449.6    -1509.6     22.5      8.8     27.1 2023  4  9 21 13 25.880  0.97   1
   110718  40.523698 -124.432821    19.268   -16995.3    -2946.5    -2159.2     15.8     13.9     33.3 2022 12 22  3 44  5.310  1.01   1
   110720  40.587024 -124.203027    20.718     2471.9     4085.6     -709.6     29.4     26.0     32.6 2022 12 21  1 23  1.660  0.93   1
   110721  40.551868 -124.300773    18.036    -5806.8      181.6    -3391.7     97.7     40.6     71.4 2022 12 20 16 43 44.910  1.41   1
   110722  40.551587 -124.295361    19.420    -5348.4      150.5    -2007.0     80.4     33.3    122.2 2022 12 20 19 45  5.720  1.04   1
   110723  40.472278 -124.543416    21.537   -26375.1    -8656.4      109.4     52.3     80.5     59.7 2022 12 22  7 29 30.560  0.68   1
   110724  40.518624 -124.344401    19.484    -9504.6    -3509.9    -1943.5     47.2     43.4     57.8 2022 12 22  8 32 21.500  0.63   1
   110725  40.546232 -124.307161    18.331    -6348.2     -444.2    -3096.4     89.0     54.4     63.4 2022 12 24 21 51 17.000  0.84   1
   110726  40.515483 -124.430225    19.585   -16776.3    -3858.8    -1842.0     60.7     76.8     80.2 2022 12 25 10 58 46.850  0.74   1
   110727  40.517383 -124.354980    19.477   -10401.0    -3647.7    -1950.4     59.8     51.7     63.8 2022 12 26 20 22  8.180  1.12   1
   110728  40.519344 -124.420133    19.509   -15920.9    -3430.0    -1918.0     38.2     59.8     46.4 2023  1  3 14 30 47.720  1.13   1
   110729  40.577917 -124.210962    17.782     1800.2     3074.4    -3645.5     75.9     35.3     44.3 2023  1  4 10 27 27.700  1.40   1
   110730  40.554211 -124.303426    22.572    -6031.4      441.9     1145.2     49.3     75.5     66.2 2023  1 27  5 50 36.430  1.31   1
   110731  40.511784 -124.440430    18.280   -17641.5    -4269.5    -3146.8     30.7     34.6     64.3 2023  3 16 18  8 14.040  1.34   1
   110735  40.533805 -124.346655    18.433    -9694.5    -1824.1    -2994.1     43.3     38.3     80.8 2022 12 20 21 52 17.400  1.04   1
   110736  40.503621 -124.331885    18.666    -8445.1    -5175.9    -2760.9     34.7     33.9     36.2 2022 12 22  5 34 15.770  1.28   1
   110737  40.524141 -124.423568    18.442   -16211.3    -2897.2    -2984.8     22.5     33.8     39.2 2022 12 22 10 19 33.470  1.21   1
   110738  40.546566 -124.315967    18.548    -7094.1     -407.1    -2878.9     93.7     59.2     70.8 2022 12 26 12 16 44.250  0.71   1
   110739  40.521143 -124.425146    18.203   -16345.4    -3230.2    -3223.8     39.0     43.7     61.6 2023  1 11  1 42 23.060  2.03   1
   110743  40.582039 -124.224544    17.668      649.9     3532.1    -3759.2    169.3     36.0     57.5 2023  3 25 16 17 15.180  0.90   1
   110745  40.515975 -124.431445    18.524   -16879.7    -3804.1    -2903.4     21.3     28.5     41.6 2023  1 20  8 32 25.670  1.94   1
   110746  40.518937 -124.448006    20.450   -18282.4    -3475.1     -977.5     32.1     32.0     48.5 2023  2 15 19 15 16.420  1.23   1
   110747  40.543840 -124.339543    18.938    -9091.3     -709.8    -2489.3     47.8     62.2    111.8 2022 12 23 14  7  9.940  0.88   1
   110748  40.554484 -124.437882    24.963   -17420.1      472.2     3535.8     84.2     70.2    156.5 2022 12 20 15 58 21.830  1.76   1
   110749  40.500167 -124.465698    15.307   -19784.1    -5559.5    -6120.0     51.9     46.3    120.3 2022 12 26  6 35 42.200  1.15   1
   110750  40.594690 -124.119027    17.303     9584.7     4936.9    -4124.7     32.3     50.4     51.0 2023  1 14  6 13 33.720  1.13   1
   110751  40.574882 -123.986963    20.995    20770.5     2737.3     -432.3     24.8     20.9     25.9 2022 12 20 17 38 50.000  1.62   1
   110752  40.579777 -124.210482    20.311     1840.8     3280.8    -1116.6     94.4     36.1     64.9 2022 12 22 21 13 37.280  0.95   1
   110753  40.525936 -124.324919    18.416    -7853.5    -2698.0    -3011.7     55.3     45.8     71.4 2022 12 22 22  2  6.300  1.11   1
   110754  40.523914 -124.357642    18.607   -10626.0    -2922.5    -2820.4     46.6     40.0     45.5 2022 12 22 22 45  9.160  1.52   1
   110757  40.524992 -124.344857    19.251    -9542.8    -2802.8    -2175.9     37.7     29.9     33.9 2022 12 28 13 28 43.290  1.64   1
   110758  40.552808 -124.235653    19.677     -290.9      286.0    -1750.5     39.7     26.6     23.2 2023  1 15 15 14  5.770  1.41   1
   110759  40.522078 -124.412988    20.244   -15315.2    -3126.3    -1183.0     53.8     78.1     85.2 2023  2 10 21  1  5.660  1.17   1
   110761  40.585999 -124.148657    22.203     7076.1     3971.7      775.8     70.1     33.0     33.4 2023  1 21 22  3  8.900  1.49   1
   110765  40.523551 -124.402962    18.167   -14465.6    -2962.7    -3260.6     32.1     35.8     54.7 2022 12 24  2 43 20.530  1.79   1
   110766  40.501725 -124.444792    17.837   -18012.4    -5386.4    -3590.2     25.2     32.0     45.2 2023  2  7 19 48  3.920  1.35   1
   110767  40.504761 -124.480493    18.143   -21037.1    -5049.4    -3283.9     34.5     32.7     68.8 2023  5  3  4 14 16.070  1.55   1
   110768  40.535579 -124.342358    18.804    -9330.4    -1627.1    -2623.7     39.3     29.2     44.3 2023  2 17 23 11 43.020  1.41   1
   110769  40.577209 -124.213005    18.246     1627.2     2995.7    -3181.4     60.6     46.8     86.2 2022 12 22 11 55 31.760  1.02   1
   110770  40.594600 -124.102751    24.887    10962.9     4926.9     3460.0     45.1     36.2     52.6 2023  1  4  8 48  8.840  1.05   1
   110771  40.515027 -124.443018    18.099   -17860.3    -3909.4    -3328.2     18.0     16.2     31.1 2022 12 21 11 33 42.730  2.09   1
   110772  40.519413 -124.421509    16.886   -16037.4    -3422.3    -4541.3     35.0     54.9     57.7 2022 12 22  1 51 31.680  0.96   1
   110774  40.516671 -124.427214    19.099   -16521.1    -3726.8    -2328.7     28.9     31.4     46.4 2022 12 22 13 45 54.290  0.88   1
   110778  40.594145 -124.093986    21.817    11705.1     4876.3      389.4    108.1     68.4    111.5 2022 12 20 13 10 43.400  0.88   1
   110780  40.514685 -124.440299    18.418   -17630.1    -3947.3    -3009.2     24.7     44.6     36.5 2023  1 27  2 38 13.190  1.41   1
   110781  40.601294 -124.023324    21.266    17687.7     5670.2     -161.2     63.8     47.3     72.0 2022 12 22  7 36 42.420  0.86   1
   110782  40.519816 -124.418343    16.836   -15769.2    -3377.5    -4590.8     24.9     26.6     51.3 2023  1 19  4 55  2.650  1.72   1
   110783  40.535636 -124.241536    19.666     -789.4    -1620.8    -1761.3     50.0     37.5     30.0 2022 12 21  9 13 55.700  1.90   1
   110785  40.600517 -124.112207    16.271    10161.7     5583.9    -5156.5     57.5     43.9     48.7 2023  3 27 13  6 21.780  0.85   1
   110786  40.515474 -124.442464    17.830   -17813.4    -3859.7    -3597.7     22.6     41.5     54.7 2022 12 21 10 46 12.660  1.82   1
   110787  40.587882 -124.181657    19.985     4281.6     4180.9    -1442.0    127.9     39.1     67.5 2022 12 22  9 24 48.500  0.91   1
   110788  40.659469 -124.006787    19.517    19079.6    12130.2    -1910.1     41.3     27.7     37.9 2022 12 22  1 16  9.260  0.66   1
   110789  40.522359 -124.415666    18.934   -15542.0    -3095.1    -2492.8     25.1     22.6     33.2 2022 12 23 19 12 41.740  1.83   1
   110790  40.569470 -124.195028    22.306     3149.8     2136.3      878.3     61.3     31.1     57.2 2022 12 24 15 43 41.860  0.86   1
   110791  40.524141 -124.411523    22.449   -15190.9    -2897.2     1021.6     28.8     26.6     38.7 2022 12 21 21 14 36.000  0.82   1
   110793  40.516451 -124.411898    20.988   -15223.5    -3751.2     -439.6     39.3     57.7     46.2 2022 12 26 14 17  3.520  0.91   1
   110794  40.595516 -124.112817    18.238    10110.4     5028.6    -3188.9     31.8     22.0     34.3 2023  3 11 16 16 54.220  1.44   1
   110796  40.542765 -124.334538    17.391    -8667.4     -829.1    -4036.0     27.9     27.8     49.7 2022 12 22  1 52 50.750  1.67   1
   110797  40.520410 -124.352450    19.363   -10186.4    -3311.6    -2064.0     30.4     23.6     29.4 2022 12 24 21 53 24.440  1.63   1
   110799  40.524084 -124.403979    19.185   -14551.8    -2903.6    -2242.6     22.5     39.6     39.8 2022 12 20 10 40 17.470  2.91   1
   110801  40.558044 -124.236426    19.847     -356.4      867.5    -1580.3     43.1     26.9     23.4 2022 12 20 12 16  5.480  2.04   1
   110802  40.573214 -124.079712    19.257    12915.8     2552.0    -2170.4     41.2     28.8     34.3 2022 12 21  0 15 31.010  2.88   1
   110803  40.652450 -124.020044    18.843    17958.5    11350.8    -2584.5     38.5     31.0     54.5 2022 12 22  5 56 58.350  0.78   1
   110804  40.518966 -124.438623    19.343   -17487.5    -3472.0    -2083.9     18.3     21.0     29.7 2022 12 20 20 38 36.440  1.22   1
   110806  40.514856 -124.432992    18.600   -17010.9    -3928.3    -2827.4     20.7     21.6     43.8 2023  2  1  8 26 47.510  1.32   1
   110808  40.537044 -124.339868    17.620    -9119.3    -1464.4    -3807.5     38.4     31.1     39.0 2023  3 31  1 48 56.260  0.92   1
   110809  40.522131 -124.431079    20.574   -16847.9    -3120.4     -853.2     70.3     46.7     81.9 2022 12 22  0 38 39.810  1.01   1
   110810  40.616479 -124.082967    17.032    12636.1     7356.5    -4395.6     54.8     36.9     48.3 2023  1  4  6 36 41.150  1.09   1
   110812  40.603243 -124.137085    18.401     8055.1     5886.6    -3026.6     65.5     49.9     53.2 2023  2  2  5 38 31.180  0.92   1
