   101475  40.580538 -123.985531    20.625    20890.9     3365.3     -802.7      1.9      1.1      1.8 2020  1  4 12 29  8.640  0.00   1
   101476  40.577189 -123.957536    22.109    23262.2     2993.5      682.1      4.1      3.1      5.1 2020  2 13 22 21 36.940  0.00   1
   101477  40.581913 -123.992505    20.949    20300.1     3518.1     -477.8      2.7      2.2      4.4 2020  3 19  1  4 26.040  0.00   1
   101481  40.580884 -123.984904    20.640    20943.9     3403.7     -787.7      2.1      1.3      1.8 2021  3 29 15 56 33.780  0.00   1
   101482  40.581038 -123.985205    20.703    20918.4     3420.9     -724.6      1.8      0.8      1.6 2021  3 29 13 44 54.940  0.00   1
   101483  40.581042 -123.985075    20.711    20929.4     3421.4     -716.4      1.8      0.8      1.6 2021  3 30 14 30 26.580  0.00   1
   101484  40.580815 -123.984359    20.681    20990.1     3396.1     -746.1      1.8      0.9      1.6 2021  3 30 16 56 58.820  0.00   1
   101487  40.582345 -123.983390    20.519    21071.9     3566.0     -908.1      1.6      1.4      1.6 2021  9 19 18 51 35.660  0.00   1
   101488  40.567053 -123.950423    21.003    23866.4     1867.9     -424.6      3.2      0.9      3.1 2021 12  7  4 20 27.260  0.00   1
   101564  40.532540 -124.275000    11.660    -3624.3    -1964.6    -9767.3      1.1      0.7      0.9 2020  1  4 11 37 20.680  0.00   1
   102513  40.559477 -124.123804    22.996     9182.6     1026.6     1569.2      2.8      2.0      2.8 2020  1 21 18 29 29.080  0.00   1
   102514  40.563578 -124.140015    22.916     7809.3     1482.1     1488.7      2.3      1.4      2.4 2020  1 21 18 17 50.920  0.00   1
   102517  40.564197 -124.124731    22.933     9103.7     1550.7     1505.9      2.2      1.7      2.5 2020  1 21 18 17 12.580  0.00   1
   102584  40.555599 -124.091325    22.388    11933.9      596.0      961.0      3.1      2.2      2.5 2021 12 19 16 15 38.560  0.00   1
   102602  40.478731 -124.511092    24.516   -23634.4    -7939.8     3089.2      1.9      3.8      7.7 2021  8 10 19 30 57.060  0.00   1
   102603  40.479403 -124.505680    25.316   -23175.6    -7865.3     3888.7      1.6      2.5      3.9 2021  8 28  7 10 22.180  0.00   1
   102606  40.489433 -124.499186    24.922   -22623.6    -6751.5     3494.5      2.6      2.7      3.7 2021 11  9 13 23 16.920  0.00   1
   102608  40.477710 -124.507161    25.589   -23301.4    -8053.2     4161.3      2.7      2.4      4.4 2022  9  7 17 54 42.580  0.00   1
   102707  40.432983 -124.602808    23.269   -31417.8   -13019.9     1841.3      1.2      2.4      3.3 2020  1  5 11  4 39.240  0.00   1
   102709  40.447021 -124.595890    23.440   -30828.2   -11461.0     2012.7      1.8      1.8      1.9 2020  3 12 15 20 18.660  0.00   1
   102716  40.434766 -124.601229    23.460   -31283.6   -12822.0     2033.1      2.5      1.9      4.8 2020  5 19 15 58 35.460  0.00   1
   102717  40.435225 -124.602913    23.796   -31426.3   -12770.9     2368.8      2.2      2.3      2.5 2020  5 19  8 56  4.240  0.00   1
   102719  40.434477 -124.603988    21.685   -31517.5   -12854.1      258.0      1.5      2.0      2.8 2020  6  9 10 29  1.040  0.00   1
   102720  40.437528 -124.603597    21.358   -31483.7   -12515.2      -69.2      1.5      2.0      3.0 2020  6  9 11 54 57.660  0.00   1
   102721  40.433659 -124.597860    23.576   -30998.2   -12944.9     2148.8      1.6      2.3      2.7 2020  6 11 11 48 29.660  0.00   1
   102723  40.432735 -124.601180    23.352   -31279.9   -13047.5     1924.6      1.7      2.1      2.5 2020  6 28  9  4 35.860  0.00   1
   102727  40.436283 -124.604419    21.529   -31553.7   -12653.5      101.4      1.4      1.9      2.8 2020  9 21 21 53 10.520  0.00   1
   102728  40.429842 -124.602808    23.403   -31418.6   -13368.7     1975.6      2.4      3.0      2.9 2020  9 28  9 34 39.840  0.00   1
   102729  40.431779 -124.600033    23.426   -31182.9   -13153.7     1999.0      2.2      3.4      3.1 2020  9 29 16 42 12.380  0.00   1
   102730  40.430566 -124.601872    23.788   -31339.1   -13288.3     2360.9      1.4      1.6      2.2 2020  9 29 16  6 55.980  0.00   1
   102732  40.433923 -124.602474    23.374   -31389.3   -12915.5     1946.7      0.9      1.3      1.9 2020 10 13 22  5 11.460  0.00   1
   102734  40.434774 -124.603418    21.608   -31469.2   -12821.1      180.7      1.6      2.1      3.2 2020 12 19  3 23 42.480  0.00   1
   102736  40.428967 -124.600008    23.673   -31181.4   -13465.9     2246.0      1.5      2.0      2.4 2021  1 21 20 46 20.820  0.00   1
   102738  40.434395 -124.602091    23.670   -31356.8   -12863.1     2242.4      1.2      1.7      1.6 2021  2 12 20  8 51.240  0.00   1
   102739  40.433944 -124.600366    23.345   -31210.6   -12913.3     1917.9      1.5      1.9      1.9 2021  2 12  4 29 14.400  0.00   1
   102740  40.431470 -124.604142    23.563   -31531.3   -13188.0     2135.7      1.6      1.9      2.2 2021  2 20 23 40 36.700  0.00   1
   102742  40.436930 -124.605046    21.304   -31606.6   -12581.6     -123.4      1.6      2.2      3.3 2021  4 14  1 27 41.100  0.00   1
   102743  40.433630 -124.602384    22.567   -31381.8   -12948.1     1140.1      2.2      1.5      4.0 2021  4 14  5 38 37.620  0.00   1
   102749  40.433248 -124.602254    23.366   -31370.9   -12990.5     1939.2      1.1      2.0      2.3 2021  7 10 11 59 45.840  0.00   1
   102751  40.428337 -124.603548    23.563   -31481.7   -13535.9     2136.1      2.0      3.4      3.4 2021  8 31 18 13 15.560  0.00   1
   102754  40.430684 -124.603206    23.355   -31452.2   -13275.2     1927.6      1.2      1.8      2.3 2021  9 23  9 33 50.540  0.00   1
   102755  40.435014 -124.601937    23.375   -31343.5   -12794.4     1948.0      1.0      1.3      2.0 2021  9 30 19 10  2.220  0.00   1
   102756  40.433720 -124.603304    22.735   -31459.8   -12938.1     1308.1      1.9      3.5      4.3 2021 10  8 23 40 58.400  0.00   1
   102761  40.433232 -124.603215    22.694   -31452.3   -12992.3     1266.3      2.0      2.9      3.6 2021 12  9 20 12 36.400  0.00   1
   102763  40.436068 -124.602279    23.364   -31372.3   -12677.4     1937.2      1.4      1.6      2.0 2021 12 18  5 17 48.600  0.00   1
   102764  40.437581 -124.600920    23.387   -31256.7   -12509.3     1959.5      1.6      2.4      2.6 2021 12 20  7 12 18.880  0.00   1
   102768  40.432817 -124.603239    23.479   -31454.4   -13038.4     2051.7      2.0      3.5      2.8 2022  2 24 23 18 18.200  0.00   1
   102775  40.434977 -124.601961    23.376   -31345.6   -12798.5     1948.3      1.1      1.4      2.0 2022  5 12 21 39 49.620  0.00   1
   102776  40.429350 -124.604541    21.544   -31565.6   -13423.4      116.4      1.4      2.0      2.8 2022  5 15 21 30 42.600  0.00   1
   102777  40.437288 -124.603825    21.952   -31503.1   -12541.9      524.6      1.7      3.0      2.9 2022  6  2  9 50 27.060  0.00   1
   102778  40.436869 -124.605770    22.375   -31668.1   -12588.4      947.3      1.9      3.2      4.0 2022  6 17  0 59 30.760  0.00   1
   102780  40.435522 -124.602026    23.363   -31351.0   -12738.0     1935.6      1.4      2.1      2.2 2022  7 21  2 41 31.540  0.00   1
   102781  40.440942 -124.605981    22.135   -31685.0   -12136.1      708.2      4.1      5.9      6.9 2022  7 28  9 22  9.400  0.00   1
   102786  40.441500 -124.599666    20.719   -31149.6   -12074.2     -708.5      3.7      6.3      5.4 2022  9 18 15 28 46.440  0.00   1
   102787  40.426737 -124.596102    23.573   -30850.8   -13713.5     2145.7      1.9      2.5      2.4 2022 10  2 19 33 34.380  0.00   1
   102789  40.439600 -124.601619    23.357   -31315.6   -12285.2     1930.0      1.9      4.1      3.7 2022 10 17  4 45 23.620  0.00   1
   102790  40.427433 -124.599227    23.542   -31115.6   -13636.2     2114.8      1.8      3.0      2.4 2022 10 19 22 24 12.120  0.00   1
   102792  40.437630 -124.605908    23.139   -31679.6   -12503.9     1712.0      3.4      5.7      6.6 2022 11  4 23 19 49.560  0.00   1
   102871  40.515120 -124.431982    25.515   -16925.3    -3899.0     4087.3      3.3      4.4      5.9 2021 12 21 11 40 42.620  0.00   1
   102873  40.518416 -124.417155    22.957   -15668.7    -3533.0     1530.0      2.7      3.2      3.8 2021 12 27  5 28 17.460  0.00   1
   102877  40.519336 -124.418400    23.987   -15774.0    -3430.9     2559.4      1.5      1.7      2.6 2022 11 12  9 39  9.180  0.00   1
   102881  40.573922 -123.887354    22.442    29206.5     2630.6     1014.4      1.9      1.8      0.9 2020  6  5  7 17 17.540  0.00   1
   102882  40.586389 -123.893262    22.120    28703.5     4015.1      692.8      2.3      1.8      1.3 2021  8 31 10  1 55.460  0.00   1
   102884  40.576099 -123.890104    23.395    28973.1     2872.4     1967.3      1.4      1.5      2.2 2022  7  8 14 14 25.800  0.00   1
   102885  40.574878 -123.881893    22.451    29668.7     2736.8     1023.5      2.2      2.4      2.2 2022 10 15  6 34 45.100  0.00   1
   102906  40.551237 -124.494393    23.875   -22207.2      111.6     2447.3      3.0      2.6      1.4 2020  1  8  5 26 50.000  0.00   1
   102908  40.549601 -124.499471    23.925   -22637.6      -70.0     2497.8      2.5      2.0      2.2 2020 10 11 20 54  2.280  0.00   1
   102909  40.541243 -124.509831    26.718   -23516.6     -998.1     5290.6      2.3      2.3      4.4 2021  4 28 19 33 47.460  0.00   1
   102910  40.549418 -124.496061    23.828   -22348.8      -90.4     2401.2      2.2      1.9      1.8 2021  6 12  7 57 57.640  0.00   1
   102911  40.546806 -124.504215    24.476   -23040.0     -380.5     3049.2      2.6      2.6      7.6 2021  6 22  2 52 24.640  0.00   1
   102915  40.547335 -124.503182    23.847   -22952.3     -321.7     2420.0      4.6      4.1      5.1 2021 11 28 13  7  4.440  0.00   1
   102916  40.548486 -124.501245    23.933   -22788.1     -193.8     2505.7      2.2      1.9      2.2 2021 12 21 13 58 37.080  0.00   1
   103853  40.619767 -123.952970    22.144    23641.4     7721.6      716.6      3.7      2.6      5.4 2020  1 15 17  9  9.680  0.00   1
   103854  40.620947 -123.945329    21.641    24288.1     7852.6      213.3      1.9      1.7      1.5 2020  9  6  8  2 35.820  0.00   1
   103855  40.623905 -123.949259    21.590    23954.8     8181.1      162.5      1.7      1.8      1.3 2021 11 17  1 30  5.520  0.00   1
   103856  40.623503 -123.946737    21.616    24168.5     8136.4      188.3      1.5      1.3      1.4 2022  1 29  9  3 15.000  0.00   1
   103857  40.621773 -123.946175    21.679    24216.3     7944.3      251.3      1.4      1.4      1.4 2022  5 22  1 31 29.140  0.00   1
   103859  40.624137 -123.949268    21.547    23954.1     8206.9      119.6      1.7      1.6      1.4 2022  5 23  3 58 56.800  0.00   1
   103861  40.622713 -123.949333    21.701    23948.8     8048.7      273.9      0.9      0.9      1.3 2022  7 27 10 38  4.700  0.00   1
   103862  40.621594 -123.947437    21.728    24109.6     7924.5      301.1      2.0      1.8      1.9 2022 11 17 16  3 25.080  0.00   1
   103863  40.620992 -123.943701    21.590    24425.9     7857.6      162.3      1.3      1.2      1.3 2022 11 20 23 28 37.040  0.00   1
   103948  40.583362 -123.916748    25.609    26715.2     3678.9     4181.7      2.1      1.3      4.5 2020  7 15 23 27 17.180  0.00   1
   103949  40.583219 -123.917082    25.612    26687.0     3663.1     4184.9      2.1      1.4      4.5 2020  7 15 23 27  7.480  0.00   1
   103953  40.584949 -123.912402    23.905    27082.9     3855.1     2477.4      2.4      2.9      7.2 2021  6 28 22 30 49.640  0.00   1
   103955  40.587309 -123.915934    25.003    26783.3     4117.2     3575.3      2.9      1.8      2.9 2021  8 18 13 15  3.800  0.00   1
   103957  40.579285 -123.912541    26.853    27072.3     3226.2     5425.8      2.0      1.2      2.0 2021  9 30  0  5  3.500  0.00   1
   103958  40.582992 -123.906250    25.960    27604.3     3637.8     4532.8      2.5      1.2      4.7 2021 10 16 22 17 33.780  0.00   1
   103963  40.584420 -123.906901    25.834    27548.9     3796.4     4406.6      2.7      1.3      2.0 2022 10  3  1 19 38.240  0.00   1
   104037  40.620650 -124.320605    18.675    -7482.9     7819.6    -2752.1      2.7      1.6      4.9 2020  3 23  9 10 34.260  0.00   1
   104039  40.620935 -124.316935    19.905    -7172.1     7851.3    -1522.4      3.1      2.1      1.9 2020  3 31  1 10 40.520  0.00   1
   104040  40.620382 -124.315959    19.697    -7089.5     7789.8    -1729.8      1.3      0.9      1.7 2020 12 20  9 55 52.280  0.00   1
   104042  40.620199 -124.315975    19.652    -7090.9     7769.5    -1775.6      1.3      1.0      1.6 2020 12 20 10 47 46.800  0.00   1
   104043  40.620093 -124.315796    19.645    -7075.7     7757.7    -1782.7      1.8      1.2      2.5 2020 12 20 10 15 13.920  0.00   1
   104047  40.620630 -124.316577    19.746    -7141.8     7817.4    -1681.2      2.3      1.7      4.7 2021  4 20 22 55  3.440  0.00   1
   104048  40.619853 -124.322428    17.780    -7637.3     7731.1    -3646.8      1.1      1.8      2.8 2021  4 24 18 32 32.740  0.00   1
   104049  40.622493 -124.315340    19.989    -7037.0     8024.3    -1438.1      1.6      1.1      2.0 2021  6 29 21  7 22.600  0.00   1
   104052  40.622380 -124.316032    20.299    -7095.6     8011.7    -1128.7      1.8      1.5      3.0 2021  7  2  7 55 22.400  0.00   1
   104053  40.618591 -124.315251    21.200    -7029.6     7591.0     -227.6      3.4      1.9      4.7 2021  7  3 16 38 35.240  0.00   1
   104054  40.621867 -124.315389    20.125    -7041.2     7954.7    -1302.3      1.4      1.2      3.1 2021  7 14 14 46 21.240  0.00   1
   104055  40.622119 -124.315625    20.046    -7061.2     7982.7    -1381.0      1.5      1.2      3.6 2021  9 17 10  9 30.180  0.00   1
   104056  40.617375 -124.318107    21.141    -7271.5     7455.9     -286.6      1.4      0.9      2.7 2021 11 18  9 48  5.620  0.00   1
   104060  40.619926 -124.312337    20.289    -6782.9     7739.2    -1137.8      1.1      0.7      2.8 2022  4 14 20  4 26.860  0.00   1
   104061  40.620378 -124.314486    20.411    -6964.8     7789.4    -1016.3      1.3      0.9      2.8 2022  6 16 20 44 53.720  0.00   1
   104064  40.620150 -124.311670    20.336    -6726.4     7764.0    -1091.3      1.2      0.8      2.9 2022 10 23 23 59  6.320  0.00   1
   104510  40.562484 -124.130615    22.377     8605.5     1360.5      950.1      0.5      0.3      0.5 2020  1 21 18 16 13.040  0.00   1
   104905  40.522270 -124.418636    26.337   -15793.7    -3105.1     4909.8      1.5      1.2      2.0 2020  6 22 15 25 24.880  0.00   1
   104911  40.511287 -124.419995    23.944   -15910.1    -4324.6     2516.6      1.7      1.5      2.3 2021  5 20 19 21 47.940  0.00   1
   104917  40.503845 -124.427653    23.808   -16559.9    -5151.0     2380.5      3.1      2.6      2.4 2021  9 17 15 11 51.640  0.00   1
   104918  40.506759 -124.420158    24.615   -15924.5    -4827.5     3187.9      2.8      1.8      3.0 2021 10  5 18 21 58.320  0.00   1
   104923  40.499638 -124.427059    24.256   -16510.1    -5618.2     2828.4      2.2      3.9      6.3 2021 12 22  5 52  2.020  0.00   1
   104928  40.511023 -124.419181    25.398   -15841.2    -4354.0     3970.3      1.6      1.5      2.6 2022  1 30  2  6 57.660  0.00   1
   104932  40.510828 -124.418937    25.384   -15820.5    -4375.7     3957.0      1.7      1.5      2.6 2022  3  5  0 58 53.080  0.00   1
   104936  40.511483 -124.424658    23.526   -16305.2    -4302.9     2098.9      2.4      2.1      1.7 2022  7 27  2 17 47.560  0.00   1
   104940  40.517729 -124.495353    16.054   -22294.1    -3609.3    -5373.5      1.9      1.7      6.1 2020  1 27  9 51 13.860  0.00   1
   104941  40.518014 -124.491862    15.841   -21998.2    -3577.7    -5586.5      2.2      2.2      3.6 2020  2 20  6 32 59.280  0.00   1
   104942  40.521228 -124.492236    14.637   -22029.4    -3220.7    -6790.0      3.6      3.6      6.7 2020  4  6  9 21 20.960  0.00   1
   104943  40.517948 -124.494108    15.770   -22188.6    -3584.9    -5657.3      1.6      1.7      3.3 2020 12 17 16 41  8.520  0.00   1
   104944  40.518030 -124.489152    15.731   -21768.6    -3575.9    -5696.3      1.4      1.8      3.2 2020 12 19 14 18 19.400  0.00   1
   104945  40.520890 -124.496737    15.884   -22410.8    -3258.3    -5542.8      1.5      1.6      3.1 2021  5 24  0 40 45.520  0.00   1
   104946  40.520024 -124.498022    15.914   -22519.8    -3354.5    -5513.2      1.4      1.5      3.3 2021 11  6  3 38 12.480  0.00   1
   105067  40.738420 -123.939014    22.957    24801.1    20897.4     1529.5      2.3      1.1      2.0 2020  1 29 17 29  4.280  0.00   1
   105385  40.552226 -123.973975    21.523    21874.1      221.4       95.9      1.1      0.8      0.8 2021  4  1  4 46 23.960  0.00   1
   105390  40.593823 -123.955282    21.378    23450.2     4840.6      -49.5      0.9      1.7      1.0 2021  5 23 15 44  5.100  0.00   1
   105391  40.603646 -123.985848    22.220    20860.4     5931.4      792.8      2.3      1.4      2.6 2021  6 30  5 49 47.860  0.00   1
   105476  40.761165 -123.871696    20.759    30490.1    23423.2     -667.8      2.9      1.6      2.3 2021  4 17 11 13 27.660  0.00   1
   105477  40.760368 -123.867367    19.986    30856.4    23334.6    -1441.0      1.6      1.2      3.6 2021  5 16 18 21  8.560  0.00   1
   105483  40.758805 -123.861808    20.739    31326.9    23161.1     -688.0      2.8      1.6      2.9 2022  5  4  3 34 42.980  0.00   1
   105706  40.597099 -124.042464    21.855    16067.5     5204.3      428.0      2.6      1.8      2.6 2020  2  8  2 28 57.160  0.00   1
   105713  40.597754 -124.062842    23.354    14341.9     5277.1     1926.4      3.3      1.5      1.8 2021  8 21  3 33 28.140  0.00   1
   105954  40.544832 -124.061426    19.759    14467.5     -599.6    -1668.7      1.9      1.1      1.7 2020  2  8 19 52 44.320  0.00   1
   105955  40.541748 -124.065007    19.503    14164.5     -942.1    -1923.8      3.3      1.3      2.1 2020  2 23  1  6 17.520  0.00   1
   105956  40.540706 -124.075985    20.016    13234.6    -1057.8    -1410.9      3.0      1.7      2.3 2020 10 23 10 31 25.740  0.00   1
   105957  40.547978 -124.066862    19.317    14006.7     -250.3    -2110.3      2.5      2.0      2.3 2021  2 19 15  2  5.840  0.00   1
   105958  40.544507 -124.061914    19.856    14426.2     -635.7    -1571.6      2.2      1.1      1.1 2021  7 27 12 42 23.820  0.00   1
   105960  40.543237 -124.068213    19.299    13892.7     -776.7    -2128.4      2.4      1.2      2.0 2021  9  6  1 57 48.460  0.00   1
   105961  40.544181 -124.070353    21.615    13711.3     -671.9      187.4      1.7      1.9      3.2 2021 10 30 15 54 35.980  0.00   1
   106005  40.588550 -124.095687    19.702    11561.6     4255.0    -1725.5      1.4      2.7      1.5 2020  4 19 13  8 57.480  0.00   1
   106006  40.596277 -124.091911    18.800    11880.6     5113.1    -2627.6      2.4      2.2      2.4 2020  6  7 18 47 39.820  0.00   1
   106007  40.593701 -124.084904    19.161    12474.2     4827.1    -2266.0      1.4      1.2      1.5 2020  7 20 16 45 35.520  0.00   1
   106008  40.593526 -124.083105    19.252    12626.5     4807.6    -2175.3      0.8      1.0      1.0 2021 11 25 11 31 45.620  0.00   1
   106009  40.594124 -124.084229    19.155    12531.3     4874.1    -2272.5      1.1      1.3      1.5 2022  1 31  2 46 32.380  0.00   1
   106065  40.534558 -124.390080    25.471   -13373.1    -1740.5     4043.4      1.9      2.7      2.1 2020  2 11 17 54 25.540  0.00   1
   106069  40.500110 -124.446037    16.207   -18118.1    -5565.8    -5220.3      2.2      1.4      3.2 2021  7 22 12 38 41.980  0.00   1
   106070  40.506067 -124.449015    15.773   -18369.7    -4904.3    -5654.3      1.4      2.0      1.6 2021  8 21  7 21 12.600  0.00   1
   106079  40.632670 -123.986768    26.260    20778.1     9154.4     4832.9      1.0      1.2      2.4 2020  2 13 23  7 46.880  0.00   1
   106080  40.644539 -123.978695    27.313    21459.6    10472.4     5885.8      2.7      2.3      3.9 2020  2 27  1  9  9.980  0.00   1
   106081  40.640759 -123.988452    25.887    20634.3    10052.6     4459.5      1.0      1.0      1.4 2020  6 29  6 46  6.840  0.00   1
   106082  40.633911 -123.977547    26.272    21558.4     9292.2     4844.3      3.2      1.3      4.8 2021 11 14 16 50 17.560  0.00   1
   106083  40.640129 -123.984440    25.887    20974.0     9982.6     4459.8      1.3      0.8      2.0 2022  2 10  2 19 50.980  0.00   1
   106084  40.641292 -123.982886    25.710    21105.4    10111.8     4282.4      1.3      0.9      2.3 2022  6  3  6  4  3.860  0.00   1
   106096  40.581299 -124.207365    20.322     2104.7     3449.8    -1105.5      1.5      1.0      3.0 2021 11  2  4 49 56.460  0.00   1
   106102  40.519963 -124.412215    20.453   -15250.0    -3361.3     -973.8      2.9      2.0      2.9 2022  7  6 11 29  4.460  0.00   1
   106103  40.519279 -124.406217    21.739   -14741.9    -3437.2      311.7      3.2      2.4      5.2 2022  8 16  8  0  8.060  0.00   1
   106104  40.516435 -124.411564    21.395   -15195.2    -3753.0      -32.4      1.2      1.6      3.0 2022  8 29 21 57 39.860  0.00   1
   106135  40.553292 -124.215658    17.011     1402.7      339.8    -4415.9      1.1      1.0      1.8 2021  9 13  0  4  6.120  0.00   1
   106440  40.554915 -124.052563    21.971    15217.1      520.1      543.5      3.2      2.6      4.0 2021  9  4  5 13 46.140  0.00   1
   106496  40.593685 -124.106966    19.543    10606.0     4825.3    -1884.6      1.3      1.2      1.2 2021  8 27  1 44  5.160  0.00   1
   106497  40.592790 -124.105355    19.632    10742.5     4725.8    -1795.1      1.6      1.8      2.1 2021 11 30  0 51 56.760  0.00   1
   106499  40.593233 -124.105583    19.665    10723.2     4775.1    -1762.1      1.2      0.7      1.9 2022  1  8 11 15 11.920  0.00   1
   106609  40.614530 -123.837476    27.038    33420.6     7140.1     5610.9      3.0      1.5      3.2 2020  2 20 17 26 49.040  0.00   1
   106610  40.608394 -123.846916    27.456    32622.8     6458.7     6029.2      1.3      0.9      1.2 2020  7 17 16 58  8.720  0.00   1
   106612  40.606458 -123.846883    28.719    32626.1     6243.6     7292.1      2.8      2.6      2.5 2021 11 24  2 11 55.300  0.00   1
   106613  40.611210 -123.849406    27.644    32411.3     6771.3     6216.8      1.1      0.9      1.1 2022  5 21  1 58 58.180  0.00   1
   106614  40.502848 -124.415308    23.007   -15513.9    -5261.7     1579.3      1.8      2.2      2.8 2020  2 21 12  1 53.080  0.00   1
   106677  40.571566 -124.072876    19.802    13494.9     2369.0    -1625.6      2.3      2.5      2.5 2020  2 22  2  3 27.180  0.00   1
   106678  40.573197 -124.073836    20.050    13413.4     2550.2    -1377.3      2.0      1.1      1.1 2021  2 19 10 17 53.000  0.00   1
   106679  40.576721 -124.068563    19.599    13859.7     2941.5    -1827.8      2.3      2.6      2.3 2022  1 22 18 50  2.840  0.00   1
   106849  40.552889 -123.978955    21.315    21452.1      295.1     -112.1      1.6      2.0      1.5 2020  2 25 10 41 25.500  0.00   1
   106850  40.547900 -123.974707    21.433    21812.8     -258.9        6.1      2.1      1.8      1.7 2020  6 21 16  9 47.640  0.00   1
   106852  40.539229 -123.965234    21.865    22616.6    -1221.8      437.5      2.6      2.1      3.9 2021  6 16 14  0 25.980  0.00   1
   106853  40.549076 -123.975700    21.786    21728.5     -128.3      358.5      2.0      2.4      3.0 2021  6 17 11 40 36.000  0.00   1
   106855  40.551184 -123.974674    21.491    21815.0      105.7       63.3      2.1      2.2      1.8 2022  9 27  4 34 50.860  0.00   1
   106908  40.622611 -124.302645    19.916    -5962.2     8037.4    -1510.9      2.1      1.5      2.1 2021  4  2 11 45  2.260  0.00   1
   106909  40.624182 -124.298787    19.373    -5635.6     8211.8    -2054.1      3.3      2.1      2.9 2021  4  7  1 55 18.100  0.00   1
   106910  40.621375 -124.302726    20.011    -5969.2     7900.1    -1416.2      2.4      1.8      4.9 2021 10 17 14 20 53.460  0.00   1
   106916  40.623840 -124.298185    19.588    -5584.6     8173.9    -1838.8      2.8      1.5      2.1 2022  7 14  7 38  2.880  0.00   1
   106917  40.503564 -124.331836    19.089    -8441.0    -5182.2    -2337.3      2.3      2.7      2.8 2020  2 29  6 25 39.720  0.00   1
   106919  40.505318 -124.339030    18.402    -9050.4    -4987.5    -3024.8      1.8      1.7      2.4 2020  6 25 12 39 13.840  0.00   1
   106920  40.505005 -124.339681    18.308    -9105.6    -5022.3    -3119.0      1.9      1.8      2.5 2020  6 26 13 51 55.760  0.00   1
   106921  40.504675 -124.339355    18.338    -9078.1    -5058.9    -3089.7      1.8      1.8      2.5 2020  6 27  9  8 18.860  0.00   1
   106924  40.500684 -124.333545    18.787    -8586.0    -5502.1    -2640.1      1.9      2.2      2.1 2020  7 15 15 49 31.760  0.00   1
   106925  40.504631 -124.339339    18.341    -9076.7    -5063.8    -3086.4      1.8      1.7      2.5 2020  7 15  2 55 13.780  0.00   1
   106926  40.500651 -124.333301    18.949    -8565.3    -5505.7    -2478.6      2.5      2.0      2.3 2020  7 15  5  0 39.940  0.00   1
   106927  40.504744 -124.339486    18.429    -9089.1    -5051.2    -2998.3      1.8      1.7      2.4 2020  7 15 19 40 35.320  0.00   1
   106930  40.504508 -124.339388    18.417    -9080.8    -5077.4    -3009.8      2.4      2.2      2.9 2020  7 16 16  0 18.620  0.00   1
   106931  40.501766 -124.329574    19.554    -8249.4    -5381.9    -1873.4      2.9      2.1      1.8 2020  7 16 12 26  9.680  0.00   1
   106933  40.505070 -124.341195    18.741    -9233.9    -5015.0    -2686.3      1.4      1.5      2.0 2020 11 20 17 12 56.060  0.00   1
   106934  40.509509 -124.328394    18.491    -8148.9    -4522.1    -2936.4      1.9      1.8      3.9 2021  5 12 18 32 23.080  0.00   1
   106937  40.510217 -124.327425    18.506    -8066.8    -4443.4    -2921.5      1.7      2.0      2.0 2021  7 11  5  6 12.560  0.00   1
   106939  40.510404 -124.328101    18.444    -8124.1    -4422.7    -2983.3      1.9      2.0      2.0 2021  7 11  7 17 55.760  0.00   1
   106940  40.508740 -124.326701    18.894    -8005.6    -4607.5    -2533.5      1.7      1.8      2.8 2021  7 11  4 14 40.000  0.00   1
   106941  40.508903 -124.326929    18.870    -8024.8    -4589.4    -2557.4      1.9      2.0      3.1 2021  7 11  3 36 34.760  0.00   1
   106942  40.510197 -124.327726    18.430    -8092.3    -4445.7    -2997.4      2.0      2.1      2.1 2021  7 11  2 14  1.880  0.00   1
   106943  40.508508 -124.326351    18.867    -7975.9    -4633.2    -2560.6      1.8      1.8      2.8 2021  7 11  7 49 35.560  0.00   1
   106944  40.508818 -124.326742    18.866    -8009.0    -4598.9    -2561.1      1.8      1.9      2.8 2021  7 12  6 52 59.100  0.00   1
   106945  40.510107 -124.327507    18.650    -8073.7    -4455.6    -2777.2      1.5      1.7      2.1 2021  7 12  7 38 34.800  0.00   1
   106947  40.510319 -124.327490    18.487    -8072.3    -4432.1    -2940.6      1.8      2.0      2.0 2021  7 12  6 52  5.820  0.00   1
   106948  40.509375 -124.326725    18.595    -8007.6    -4537.0    -2832.4      1.8      1.8      2.2 2021  7 12  6 57 12.740  0.00   1
   106949  40.510095 -124.327498    18.648    -8073.0    -4457.0    -2779.0      1.6      1.8      2.2 2021  7 12  6 51 15.180  0.00   1
   106950  40.510038 -124.327498    18.656    -8073.0    -4463.3    -2771.2      1.5      1.7      2.1 2021  7 12 22 18 34.740  0.00   1
   106951  40.510449 -124.327189    18.506    -8046.8    -4417.7    -2921.3      1.6      1.7      2.0 2021  7 12  8 58 54.960  0.00   1
   106952  40.510356 -124.327458    18.498    -8069.6    -4428.1    -2929.5      1.7      2.0      2.0 2021  7 12  8 46 32.680  0.00   1
   106953  40.509151 -124.326213    18.642    -7964.2    -4561.8    -2785.4      2.6      2.0      2.4 2021  7 12  6 48 36.980  0.00   1
   106954  40.509875 -124.327230    18.639    -8050.3    -4481.4    -2788.0      1.6      1.8      2.2 2021  7 12  6 58 19.680  0.00   1
   106959  40.509159 -124.324837    18.722    -7847.6    -4560.9    -2705.5      3.0      1.9      2.9 2021  7 12 15 18 57.120  0.00   1
   106960  40.508614 -124.326514    18.856    -7989.7    -4621.5    -2571.1      1.7      1.9      3.1 2021  7 12 12 15  8.320  0.00   1
   106961  40.508919 -124.326929    18.897    -8024.8    -4587.6    -2529.8      1.6      1.8      2.8 2021  7 12  7 42 57.140  0.00   1
   106962  40.508667 -124.326579    18.856    -7995.2    -4615.6    -2570.9      1.8      1.9      2.9 2021  7 12  8  3  8.480  0.00   1
   106964  40.508683 -124.326481    18.838    -7986.9    -4613.8    -2588.9      2.2      2.0      2.9 2021  7 12  5 33 43.540  0.00   1
   106965  40.508683 -124.326742    18.945    -8009.0    -4613.8    -2481.9      1.6      1.7      2.7 2021  7 12  8 56 41.260  0.00   1
   106967  40.510136 -124.327124    18.517    -8041.3    -4452.5    -2910.3      1.7      1.9      2.1 2021  7 13  3 34 41.120  0.00   1
   106968  40.508537 -124.327555    18.854    -8078.0    -4630.1    -2573.4      2.1      2.2      3.2 2021  7 13 11  0 10.880  0.00   1
   106970  40.507747 -124.323665    18.735    -7748.4    -4717.7    -2691.8      2.5      1.8      2.3 2021  7 15 17 56 38.860  0.00   1
   106971  40.507983 -124.323934    18.719    -7771.2    -4691.5    -2707.9      1.9      1.5      1.7 2021  7 24 15 17 23.680  0.00   1
   106974  40.510238 -124.330387    18.260    -8317.8    -4441.2    -3166.8      1.4      1.4      2.2 2021 12 20 23 45 33.300  0.00   1
   106975  40.502840 -124.337931    18.764    -8957.5    -5262.6    -2662.8      2.7      2.6      3.4 2021 12 20 21 54 42.040  0.00   1
   106977  40.512085 -124.331982    20.348    -8452.9    -4236.0    -1078.9      5.7      3.9      1.8 2021 12 21 12 29 57.320  0.00   1
   106978  40.500444 -124.334806    18.924    -8692.9    -5528.8    -2503.4      1.9      1.9      2.1 2021 12 22  7  9  8.260  0.00   1
   106979  40.503503 -124.334049    18.986    -8628.5    -5189.0    -2441.2      1.9      1.4      1.9 2021 12 22 17  4 29.540  0.00   1
   106983  40.504476 -124.337882    18.705    -8953.3    -5081.0    -2722.3      1.9      1.8      2.5 2021 12 23 19 43 35.140  0.00   1
   106984  40.507039 -124.327930    18.206    -8109.8    -4796.3    -3220.9      6.5      2.0      5.3 2021 12 23  6 28 39.440  0.00   1
   106986  40.510299 -124.328011    18.650    -8116.5    -4434.4    -2777.6      1.7      1.7      1.8 2021 12 25  0 41  6.140  0.00   1
   106988  40.509269 -124.326709    18.568    -8006.2    -4548.7    -2859.4      3.1      2.6      2.6 2021 12 31  7 30 11.740  0.00   1
   106989  40.503430 -124.342318    19.015    -9329.1    -5197.1    -2412.0      1.9      2.2      3.7 2022  1  2 19  6  3.500  0.00   1
   106990  40.506205 -124.329126    18.275    -8211.2    -4889.0    -3152.3      2.9      1.0      2.6 2022  1  2 18 43 27.640  0.00   1
   106991  40.503780 -124.333325    19.196    -8567.2    -5158.3    -2230.9      2.1      2.1      2.2 2022  1 29  0 56  4.940  0.00   1
   106992  40.505253 -124.331958    18.663    -8451.2    -4994.7    -2764.5      2.0      1.8      1.5 2022  2 20  7 55 33.920  0.00   1
   106993  40.508386 -124.327629    19.372    -8084.2    -4646.8    -2055.2      2.0      1.6      2.3 2022  4 11  8 48 35.180  0.00   1
   106995  40.509403 -124.325244    18.531    -7882.1    -4533.8    -2896.4      2.1      1.8      1.7 2022  5 14  5 11 24.580  0.00   1
   106996  40.510925 -124.330103    18.188    -8293.6    -4364.8    -3239.1      1.5      1.5      2.3 2022  5 21 19  6 31.100  0.00   1
   106997  40.506836 -124.322420    18.658    -7643.0    -4818.9    -2769.5      1.8      1.1      2.0 2022  7 18  4 14 31.760  0.00   1
   107286  40.595898 -124.033708    24.350    16809.1     5071.1     2922.6      2.3      1.0      4.4 2020  4 12 17 13 25.640  0.00   1
   107287  40.592387 -124.018156    22.806    18126.4     4681.1     1378.6      2.9      2.2      2.5 2020  4 18 11  7 43.200  0.00   1
   107288  40.594771 -124.015462    23.111    18354.2     4945.9     1683.4      2.2      1.4      1.6 2020 11 20  1 42 41.040  0.00   1
   107289  40.594621 -124.018571    23.103    18091.0     4929.2     1675.7      3.1      1.6      2.1 2020 11 20  1 23 58.260  0.00   1
   107290  40.594560 -124.015430    23.104    18357.0     4922.4     1676.7      2.4      0.9      1.7 2020 11 20  1 20 56.960  0.00   1
   107291  40.593660 -124.015609    23.311    18341.9     4822.5     1883.3      1.7      1.5      1.5 2020 11 20  7  8 23.000  0.00   1
   107292  40.597811 -124.001611    22.837    19526.6     5283.4     1409.8      4.4      1.4      4.5 2021 11 14 17  4  4.680  0.00   1
   107293  40.595736 -124.013656    22.295    18507.0     5053.0      867.3      2.0      1.6      2.2 2021 12  5 10 31 19.440  0.00   1
   107297  40.589709 -123.994767    23.291    20107.3     4383.8     1863.7      1.1      1.0      3.1 2022  1 27  3  6  7.800  0.00   1
   107337  40.507837 -124.425057    23.490   -16339.4    -4707.8     2062.7      1.2      2.0      1.2 2020  3  7  9 53 50.140  0.00   1
   107338  40.486487 -124.453467    26.436   -18749.6    -7078.6     5008.8      1.6      1.8      2.2 2020  9 23 15 27 24.660  0.00   1
   107341  40.503280 -124.430339    25.635   -16787.5    -5213.8     4207.3      2.1      2.0      2.8 2022  5  3 13  8 48.100  0.00   1
   107359  40.527755 -124.381925    25.115   -12683.0    -2496.0     3687.5      2.3      2.0      3.3 2021 12 20 22 54  5.520  0.00   1
   107361  40.525012 -124.401270    23.133   -14322.1    -2800.5     1705.5      2.9      1.6      2.6 2021 12 20 21 57 14.080  0.00   1
   107370  40.476282 -124.534766    26.731   -25641.2    -8211.8     5303.6      1.6      3.2      5.6 2021 11 16  4 40 39.460  0.00   1
   107371  40.469967 -124.532015    23.764   -25409.2    -8913.1     2336.9      1.2      1.9      1.3 2022  4  3 19 28  4.080  0.00   1
   107574  40.467485 -124.427572    19.328   -16557.4    -9188.7    -2099.4      3.2      4.8      3.8 2020  3 11 22 47 36.760  0.00   1
   107579  40.472363 -124.429134    19.899   -16689.3    -8647.0    -1528.4      1.4      1.2      1.3 2021  9 21 12 24 42.300  0.00   1
   107580  40.471672 -124.430965    19.426   -16844.5    -8723.8    -2001.2      1.2      1.5      1.6 2021 10 16  2 20 43.560  0.00   1
   107582  40.483736 -124.436442    19.133   -17307.2    -7384.0    -2293.8      0.9      1.3      4.2 2022  2  5  7 43 32.760  0.00   1
   107583  40.471798 -124.429305    19.790   -16703.8    -8709.8    -1637.1      2.3      2.4      2.5 2022  2 19 19 28 29.060  0.00   1
   107584  40.468795 -124.427539    19.776   -16554.5    -9043.2    -1650.8      1.2      1.8      0.7 2022  2 21 15 20 50.320  0.00   1
   107585  40.468864 -124.427620    19.770   -16561.4    -9035.5    -1657.1      1.2      1.7      1.0 2022  3  8 13 52  8.680  0.00   1
   107586  40.472196 -124.430216    19.914   -16781.0    -8665.5    -1512.9      1.9      1.9      1.4 2022  3 17  5 45 51.800  0.00   1
   107609  40.570264 -123.956755    21.495    23329.6     2224.4       67.6      2.0      1.8      3.7 2021 12 25 22 49 23.520  0.00   1
   107620  40.515873 -124.474561    28.009   -20532.7    -3815.4     6581.3      1.5      1.7      1.3 2020  3 20 11 54 38.000  0.00   1
   107621  40.502189 -124.506038    26.355   -23202.1    -5334.9     4928.2      1.8      1.4      2.7 2020  3 20 22 28 21.200  0.00   1
   107622  40.507202 -124.505542    26.425   -23159.1    -4778.3     4998.2      2.4      3.2      4.6 2020  3 21 20 18  7.640  0.00   1
   107623  40.506580 -124.505176    26.394   -23128.2    -4847.4     4966.7      1.9      2.4      3.8 2020  3 21 19  0  1.520  0.00   1
   107626  40.498641 -124.498958    26.941   -22602.7    -5728.9     5513.6      2.8      3.2      3.2 2020  4 18 11  0 19.100  0.00   1
   107627  40.498804 -124.514217    27.533   -23895.7    -5710.9     6105.7      2.3      2.2      3.2 2020  4 29 15  5 11.240  0.00   1
   107635  40.499886 -124.502734    27.283   -22922.5    -5590.7     5855.3      2.0      1.5      2.3 2021  6 23  5 14 47.320  0.00   1
   107636  40.503495 -124.503914    26.959   -23021.9    -5189.9     5531.5      0.9      1.2      1.7 2021  6 27 15 30 22.300  0.00   1
   107638  40.508606 -124.510026    25.821   -23538.8    -4622.4     4393.8      2.9      2.0      6.5 2021  8 29 17 32  5.980  0.00   1
   107639  40.500456 -124.504126    27.621   -23040.3    -5527.4     6193.4      1.5      1.8      3.0 2021  9  1  5  5 36.660  0.00   1
   107641  40.501766 -124.503752    27.399   -23008.4    -5381.9     5971.5      1.2      1.2      2.4 2021 10  7 19  8 24.060  0.00   1
   107644  40.491520 -124.507023    27.568   -23287.3    -6519.7     6140.3      1.7      3.7      1.6 2021 10 30 23 40 23.100  0.00   1
   107645  40.498861 -124.497135    27.563   -22448.2    -5704.5     6136.0      2.5      2.4      2.0 2021 11 20  8 44 57.940  0.00   1
   107648  40.503158 -124.495532    28.110   -22311.7    -5227.4     6682.7      1.8      2.4      2.9 2021 12 18  8 55  3.900  0.00   1
   107651  40.505697 -124.488859    26.347   -21745.8    -4945.4     4919.6      2.3      2.7      3.1 2022  1 12 11 34 59.600  0.00   1
   107654  40.490177 -124.504476    26.946   -23071.7    -6668.8     5518.5      2.5      4.7      5.0 2022  4 13 23 57 43.640  0.00   1
   107655  40.498678 -124.492546    24.652   -22059.3    -5724.9     3224.8      3.1      6.6      9.9 2022  7 29 16 38  2.820  0.00   1
   107656  40.487382 -124.502783    28.373   -22928.7    -6979.2     6945.4      2.7      3.9      2.0 2022  8 10  2 25 35.080  0.00   1
   107657  40.490853 -124.497884    28.047   -22513.0    -6593.8     6619.3      3.1      2.9      1.2 2022  8 23  6 57 35.860  0.00   1
   107661  40.494767 -124.519287    26.350   -24326.0    -6159.1     4922.7      1.3      2.2      1.9 2022 10 16 17  6 16.580  0.00   1
   107662  40.493770 -124.510815    27.495   -23608.3    -6269.8     6067.3      2.1      2.3      3.2 2022 10 16 21 31  2.740  0.00   1
   107663  40.494800 -124.510286    27.488   -23563.3    -6155.5     6060.5      2.0      2.5      3.2 2022 10 16 17  0 17.060  0.00   1
   107664  40.524044 -124.389152    23.686   -13295.6    -2908.1     2258.8      2.2      3.5      4.0 2020  3 13 19 20 41.280  0.00   1
   107680  40.562061 -123.997152    22.622    19909.5     1313.5     1194.6      5.6      0.6      0.5 2020  4 27  3 46 18.440  0.00   1
   107683  40.562337 -124.014388    22.570    18449.6     1344.2     1142.7      1.8      1.0      1.2 2020 11 11 11 22 54.400  0.00   1
   107687  40.561373 -123.999154    22.100    19740.0     1237.2      673.2      1.2      1.0      1.6 2021 12 25 23  5 26.280  0.00   1
   107808  40.546615 -124.195728    27.152     3091.0     -401.7     5724.6      2.5      1.0      1.7 2020  3 18 22 58 40.420  0.00   1
   107818  40.464669 -123.820524    23.208    34894.5    -9501.4     1780.8      2.0      2.6      1.1 2021  1 21 21  8 56.860  0.00   1
   107819  40.464921 -123.819255    23.198    35002.0    -9473.4     1771.2      1.9      1.9      1.6 2021  1 24 19 45 59.820  0.00   1
   107820  40.466695 -123.820980    23.070    34855.3    -9276.4     1642.8      1.7      1.8      1.0 2022  1 24 23 34 18.900  0.00   1
   107822  40.493966 -123.830526    25.215    34039.4    -6248.1     3787.9      2.3      3.3      2.3 2022  9 20 16  0 37.520  0.00   1
   107823  40.469702 -123.822803    23.178    34700.1    -8942.5     1751.1      0.9      1.4      0.9 2022 11 20 17  4 54.300  0.00   1
   107825  40.515499 -124.418506    20.076   -15783.5    -3856.9    -1351.5      3.1      4.0      5.5 2020  3 18 23 32 29.300  0.00   1
   107844  40.621785 -124.311149    19.787    -6682.2     7945.7    -1640.6      1.1      0.6      2.3 2020  3 18  4 40 58.500  0.00   1
   107847  40.622123 -124.306331    21.218    -6274.4     7983.2     -209.3      1.6      0.6      3.0 2022  1 23 16 30 25.180  0.00   1
   107849  40.621802 -124.311873    19.512    -6743.6     7947.5    -1915.2      1.4      0.6      3.1 2022 10 21 10 46 28.380  0.00   1
   107887  40.581995 -124.428564    23.026   -16627.5     3527.1     1598.7      1.4      1.3      2.0 2020  7 13 13  8 40.060  0.00   1
   107888  40.580554 -124.432446    23.439   -16956.4     3367.1     2011.8      1.6      2.0      2.2 2020  8 15  3 41 44.920  0.00   1
   107890  40.580965 -124.432796    23.370   -16986.0     3412.8     1942.9      1.6      2.3      2.5 2021  8  9 17  8 53.000  0.00   1
   107891  40.584172 -124.431527    23.923   -16878.1     3768.8     2496.1      2.6      2.0      1.9 2021  8 11  0 58 47.400  0.00   1
   107895  40.574695 -124.435921    22.856   -17251.4     2716.5     1429.1      1.5      1.6      2.7 2022  9  4 19 13 25.340  0.00   1
   107928  40.583020 -124.427165    23.150   -16508.8     3641.0     1722.8      1.9      2.1      3.6 2020  7 22  0 55 19.100  0.00   1
   107930  40.612830 -124.434757    23.014   -17148.0     6951.2     1586.6      3.0      2.2      4.1 2021 12 13  1 46 42.200  0.00   1
   107964  40.535575 -124.398771    17.655   -14109.3    -1627.5    -3772.0      1.6      2.2      2.2 2021 11 14  0  8  4.400  0.00   1
   107965  40.527942 -124.393481    18.938   -13662.0    -2475.2    -2489.0      2.4      3.1      3.5 2021 12 21 22 13 12.300  0.00   1
   107971  40.530900 -124.406405    16.882   -14756.5    -2146.7    -4545.5      1.3      0.7      1.6 2022 10  9 19  5  2.280  0.00   1
   107978  40.535002 -124.423608    28.504   -16213.4    -1691.3     7076.7      2.7      4.0      3.9 2021  4 15  8 56 41.520  0.00   1
   107980  40.527205 -124.424357    26.799   -16277.8    -2557.0     5371.7      1.7      1.7      2.0 2021  8  4 18 58 46.060  0.00   1
   107981  40.530566 -124.419507    26.653   -15866.5    -2183.8     5225.7      3.3      3.5      4.7 2021  8 21 16 23 33.700  0.00   1
   107983  40.523669 -124.434058    26.183   -17100.1    -2949.6     4755.9      2.1      1.6      2.7 2021 11  3  7 32 49.840  0.00   1
   107984  40.516215 -124.429378    26.876   -16704.5    -3777.4     5449.1      2.5      2.5      4.1 2021 12  3 10 42 13.240  0.00   1
   107988  40.529142 -124.420793    26.629   -15975.6    -2341.9     5201.9      2.9      1.8      2.9 2022  2 13 11 20 53.200  0.00   1
   107989  40.517749 -124.423446    27.137   -16201.7    -3607.1     5710.1      2.5      1.7      2.3 2022  4 26 22 35 44.360  0.00   1
   107990  40.528385 -124.422933    26.646   -16157.0    -2426.0     5218.8      1.8      1.8      1.9 2022  8 18  8 41 53.440  0.00   1
   107991  40.530998 -124.425993    26.211   -16415.9    -2135.9     4783.6      1.9      1.4      1.9 2022 11  8  8 40 30.120  0.00   1
   107992  40.526762 -123.990837    20.697    20449.7    -2606.2     -729.8      2.1      1.6      2.3 2020  3 19 15 51  1.740  0.00   1
   107998  40.517090 -123.977214    20.905    21605.4    -3680.3     -521.9      2.1      2.1      2.2 2022  1 22 10 34 20.100  0.00   1
   107999  40.518925 -123.979028    20.848    21451.3    -3476.5     -579.4      1.5      1.4      1.5 2022  2 15  1 12 31.400  0.00   1
   108057  40.469425 -124.442521    22.440   -17824.3    -8973.2     1013.1      2.8      2.3      2.9 2021 12  5 19 24 48.900  0.00   1
   108061  40.469763 -124.451082    21.266   -18549.8    -8935.7     -161.1      1.9      1.7      2.4 2022  9 23 15 56 33.080  0.00   1
   108062  40.467163 -124.431901    20.863   -16924.4    -9224.4     -564.3      1.9      1.9      2.1 2022  9 28 23  9 12.340  0.00   1
   108063  40.582548 -124.355046    27.394   -10401.5     3588.6     5966.3      3.3      2.7      4.9 2020  3 20  8 49 18.520  0.00   1
   108064  40.581189 -124.347982    27.998    -9803.4     3437.6     6571.2      3.4      3.4      3.3 2021 10 17  9 59  8.260  0.00   1
   108067  40.538578 -124.404606    28.112   -14603.3    -1294.1     6685.1      1.3      1.3      2.0 2021 11  3 11  8 47.100  0.00   1
   108068  40.537044 -124.404736    28.290   -14614.5    -1464.4     6863.2      1.1      0.8      1.3 2021 11  3  4 10 39.340  0.00   1
   108070  40.535775 -124.411182    28.195   -15160.6    -1605.4     6768.1      1.4      1.1      2.2 2021 12 20 21 58 50.200  0.00   1
   108071  40.535531 -124.411800    28.936   -15213.0    -1632.5     7508.7      1.8      1.3      1.5 2022  1  6 19 21 44.640  0.00   1
   108073  40.617114 -123.949447    22.352    23940.2     7427.0      924.4      2.3      1.5      2.1 2020  9 26  5 11 46.240  0.00   1
   108076  40.611580 -123.944653    22.133    24347.0     6812.5      705.4      1.8      2.3      2.8 2021 10 28  3 17 37.200  0.00   1
   108082  40.612476 -123.943783    21.514    24420.6     6911.9       87.1      2.0      1.8      3.0 2022  4 23 20  0 10.440  0.00   1
   108083  40.621590 -123.946419    21.778    24195.7     7924.0      351.0      2.3      1.5      4.2 2022  6 17 14 38  4.080  0.00   1
   108103  40.555676 -124.255485    23.050    -1970.7      604.6     1623.2      4.0      2.9      3.7 2020  3 24  7  2 14.780  0.00   1
   108105  40.550879 -124.245402    22.786    -1116.7       71.8     1358.7      2.5      2.0      2.2 2020 11 21  0 51 45.000  0.00   1
   108108  40.553219 -124.249333    22.091    -1449.6      331.7      663.8      3.3      2.1      2.8 2022 11 11 23  8  9.040  0.00   1
   108253  40.746676 -123.837679    21.280    33370.6    21814.2     -147.4      1.6      1.4      2.7 2020  3 28 12 19 52.180  0.00   1
   108254  40.749304 -123.836141    20.282    33500.0    22106.1    -1145.7      2.4      1.8      2.9 2020  9 14 17 47 56.900  0.00   1
   108256  40.480147 -124.459025    18.392   -19221.5    -7782.6    -3035.1      1.3      1.7      2.4 2020  3 29  2 10 37.820  0.00   1
   108258  40.476147 -124.459204    19.434   -19237.3    -8226.7    -1993.5      1.4      1.1      1.3 2021 10  3  5 55  4.840  0.00   1
   108259  40.477677 -124.458049    19.373   -19139.1    -8056.8    -2054.5      1.3      0.9      1.1 2021 11 19  6 49 32.480  0.00   1
   108344  40.526359 -124.400553    17.754   -14261.3    -2651.0    -3673.1      1.2      2.1      3.2 2022  6  5 23 40 24.620  0.00   1
   108357  40.571724 -124.096720    23.040    11475.5     2386.6     1612.5      5.1      2.9      3.4 2021  2 21 19 35 38.660  0.00   1
   108358  40.571781 -124.091683    22.713    11902.1     2393.0     1285.6      3.3      2.8      2.8 2021 10 31 11 18 33.720  0.00   1
   108359  40.569299 -124.101481    23.211    11072.5     2117.3     1783.8      2.8      3.2      4.1 2022  2  6  9 49 13.780  0.00   1
   108413  40.479810 -124.498958    23.793   -22605.9    -7820.1     2366.1      1.6      2.4      3.1 2020  4 13  9 58 32.960  0.00   1
   108414  40.458468 -124.510262    23.940   -23567.6   -10190.0     2513.2      1.6      1.9      1.1 2020  8 28 23 50 45.120  0.00   1
   108415  40.462435 -124.507869    23.683   -23364.1    -9749.5     2256.0      2.3      3.3      5.0 2020  9 24 22 17 36.960  0.00   1
   108416  40.458606 -124.503857    27.831   -23024.7   -10174.6     6403.3      2.4      4.1      4.9 2021  2  3  1 21 28.060  0.00   1
   108422  40.478422 -124.510881    23.739   -23616.5    -7974.2     2311.3      2.1      2.6      3.1 2021 11 29 21 27 26.620  0.00   1
   108424  40.466024 -124.503898    26.237   -23026.9    -9350.9     4809.5      1.8      2.6      3.5 2022  2 13  8 54 23.040  0.00   1
   108430  40.455717 -124.509456    23.828   -23499.8   -10495.5     2400.7      1.7      3.0      2.4 2022 11 14 21 27 40.840  0.00   1
   108464  40.605111 -124.092773    18.884    11806.8     6094.0    -2542.8      3.1      1.8      2.6 2022  1 22 11 10 16.600  0.00   1
   108465  40.608903 -124.100895    17.540    11118.8     6515.2    -3887.2      3.2      2.0      4.2 2022  1 29  6 14 29.780  0.00   1
   108466  40.588224 -124.297933    20.366    -5564.8     4218.9    -1061.6      6.4      3.7      7.5 2020  4 19 16 21  7.220  0.00   1
   108475  40.500883 -124.431641    25.482   -16898.1    -5480.0     4055.0      1.8      2.2      3.5 2020  8 21 16 41  2.020  0.00   1
   108479  40.500891 -124.429834    23.080   -16745.1    -5479.1     1653.2      2.0      2.0      2.5 2021  9 26  7 21 14.820  0.00   1
   108490  40.635795 -124.000667    24.662    19601.0     9501.4     3234.5      2.1      1.3      2.3 2020  4 19  6 45 57.780  0.00   1
   108491  40.515405 -124.345386    17.632    -9588.3    -3867.3    -3795.5      3.9      4.8      2.2 2020  4 21 11 21 54.140  0.00   1
   108492  40.508423 -124.335352    19.088    -8738.6    -4642.7    -2339.4      0.9      1.0      1.1 2020  6 19  5 30 29.960  0.00   1
   108493  40.510303 -124.336882    19.009    -8868.1    -4434.0    -2418.1      1.7      1.5      1.7 2021  3 12  1 30 38.560  0.00   1
   108494  40.509163 -124.333740    19.080    -8602.0    -4560.5    -2346.8      1.1      1.2      1.5 2021  6 14 22 35  4.460  0.00   1
   108495  40.510225 -124.331160    19.445    -8383.3    -4442.5    -1982.2      2.1      1.0      2.8 2021  6 14 21 36  2.260  0.00   1
   108496  40.510514 -124.331746    19.413    -8433.0    -4410.5    -2014.1      1.8      1.0      2.2 2021  6 14 21 44 45.960  0.00   1
   108497  40.509326 -124.333976    19.074    -8622.0    -4542.4    -2353.7      0.9      1.2      1.6 2021  6 15  9 44 20.640  0.00   1
   108498  40.510319 -124.333716    19.099    -8599.8    -4432.1    -2328.2      1.3      1.1      1.6 2021  6 15  8 53  6.160  0.00   1
   108499  40.510706 -124.334269    18.929    -8646.7    -4389.2    -2498.7      1.4      1.4      1.3 2021  6 15  9 30  2.180  0.00   1
   108500  40.510510 -124.333862    19.075    -8612.2    -4410.9    -2352.1      1.5      1.3      1.8 2021  6 15  9 15  5.520  0.00   1
   108501  40.509062 -124.335490    19.048    -8750.2    -4571.8    -2378.9      1.3      1.2      1.6 2021 12 11  4 20 38.740  0.00   1
   108566  40.642851 -124.067106    23.390    13976.2    10284.9     1962.3      1.5      1.0      0.4 2020  5  5 15 41 19.740  0.00   1
   108569  40.505094 -124.489844    23.871   -21829.3    -5012.3     2444.2      1.6      2.2      1.4 2020  5  6  2 15 26.660  0.00   1
   108570  40.504810 -124.491260    23.641   -21949.4    -5043.9     2213.8      1.3      2.4      3.3 2021  7 27  7 34 24.040  0.00   1
   108571  40.606930 -124.091479    17.790    11916.2     6296.0    -3637.2      4.1      2.6      2.0 2020  5  9 23 48 21.420  0.00   1
   108578  40.491715 -124.505908    15.511   -23192.8    -6498.0    -5916.0      1.3      1.4      1.8 2022  3 19 17 38 45.720  0.00   1
   108600  40.553019 -124.254460    24.667    -1883.9      309.5     3239.3      1.9      1.3      3.2 2020  8  8  3  7 36.200  0.00   1
   108601  40.547933 -124.260059    26.089    -2358.2     -255.3     4661.7      2.7      2.3      3.8 2021  7 18  8 37 44.140  0.00   1
   108604  40.549784 -124.251253    23.736    -1612.3      -49.7     2308.8      3.1      1.3      1.3 2022  6 14  4 29 40.760  0.00   1
   108605  40.551241 -124.243986    23.605     -996.8      112.1     2177.8      3.1      1.5      4.0 2022  6 29  2 18 33.580  0.00   1
   108609  40.530794 -124.348999    18.292    -9893.3    -2158.5    -3134.8      1.3      0.8      1.6 2020  5 21  5 49 36.720  0.00   1
   108610  40.530949 -124.349137    18.305    -9905.0    -2141.3    -3122.7      1.2      0.8      1.6 2020  5 21  6  0 18.060  0.00   1
   108611  40.537956 -124.349674    17.523    -9950.0    -1363.2    -3904.0      0.8      0.8      0.6 2020  5 21  5 49 32.040  0.00   1
   108616  40.532613 -124.432031    16.775   -16927.3    -1956.5    -4651.8      1.0      2.7      2.3 2020  5 27 17 28 46.460  0.00   1
   108617  40.520313 -124.376481    18.988   -12222.4    -3322.4    -2439.0      3.9      1.6      3.0 2021 12 21  9 14 12.320  0.00   1
   108618  40.522176 -124.412793    19.054   -15298.7    -3115.5    -2373.3      3.2      4.7      5.0 2020  5 29  3 10 10.980  0.00   1
   108624  40.528813 -124.336873    19.976    -8866.2    -2378.5    -1451.3      3.1      2.2      3.5 2020  6  1 23 58 17.820  0.00   1
   108625  40.525090 -124.320085    20.436    -7444.1    -2791.9     -990.8      2.8      3.1      4.0 2020  6 24  4 56 53.760  0.00   1
   108626  40.525138 -124.319987    20.532    -7435.8    -2786.5     -895.1      2.7      3.0      3.6 2020  6 25 13  0 35.620  0.00   1
   108655  40.575684 -124.179696    18.543     4448.1     2826.3    -2883.9      1.8      1.0      2.2 2021 10 12  3 27 25.740  0.00   1
   108724  40.620219 -123.932910    21.657    25339.6     7771.7      229.6      2.5      2.2      5.0 2020  6 14 11 45 45.620  0.00   1
   108732  40.601241 -123.918717    22.439    26544.9     5664.3     1012.0      2.6      1.8      2.9 2022 10 13 19 35 55.660  0.00   1
   108757  40.543018 -124.054899    19.830    15020.6     -801.1    -1597.0      1.1      0.9      1.0 2020  6 14 14 58 40.620  0.00   1
   108758  40.541280 -124.056828    19.853    14857.4     -994.1    -1574.3      1.5      1.2      1.5 2021  3  4 22 22 58.560  0.00   1
   108759  40.528007 -124.027677    20.886    17328.4    -2468.0     -541.3      1.7      1.2      1.9 2022  2 22 19 27 13.320  0.00   1
   108760  40.542045 -124.050602    19.887    15384.7     -909.1    -1540.2      1.8      1.3      1.5 2022  3 14  4  0 41.420  0.00   1
   108761  40.541976 -124.052620    19.879    15213.7     -916.8    -1548.4      1.6      1.7      1.7 2022  4  7 13 29 19.080  0.00   1
   108768  40.610465 -124.084074    18.583    12542.9     6688.7    -2844.2      0.7      0.5      0.8 2020 12 14 11 30 35.940  0.00   1
   108775  40.488802 -123.868164    20.732    30851.1    -6821.5     -695.6      1.4      1.6      1.8 2021  3 12  6 12 15.860  0.00   1
   108778  40.520390 -123.913175    20.920    27030.4    -3313.8     -507.6      2.0      1.6      2.0 2021 10  5  6 18 43.140  0.00   1
   108780  40.521065 -123.912191    20.761    27113.7    -3238.8     -666.2      2.1      1.9      2.0 2021 10  6 16 45 29.740  0.00   1
   108782  40.521200 -123.912557    20.769    27082.6    -3223.9     -658.3      2.3      2.4      2.0 2021 10  6 17 13 28.040  0.00   1
   108784  40.526827 -123.914388    20.872    26926.3    -2599.0     -555.4      2.3      2.9      1.9 2021 10  6 18 40 27.620  0.00   1
   108785  40.520170 -123.912728    20.806    27068.3    -3338.2     -621.3      2.2      1.9      2.1 2021 10  6 19 49 19.280  0.00   1
   108789  40.522335 -123.912419    21.247    27094.1    -3097.8     -180.5      1.7      1.7      2.0 2021 10  6 11 42 23.740  0.00   1
   108794  40.520907 -123.911979    20.771    27131.6    -3256.4     -655.9      2.1      1.9      2.0 2021 10  9 19 44 44.220  0.00   1
   108797  40.516833 -123.907528    21.512    27509.6    -3708.7       85.3      3.0      2.3      3.0 2021 10 10 14 55 46.020  0.00   1
   108839  40.502205 -124.435913    23.470   -17260.0    -5333.1     2042.5      2.7      2.8      2.7 2021  4  7 10 38 50.740  0.00   1
   108840  40.495667 -124.436808    23.661   -17336.7    -6059.2     2234.0      2.3      3.0      2.7 2021 11  7  2 42 54.760  0.00   1
   108860  40.633537 -123.930168    21.682    25569.3     9250.6      254.7      1.8      0.5      1.6 2020  7  8 15  4 51.000  0.00   1
   108864  40.610083 -123.887899    22.983    29152.5     6646.2     1556.2      2.9      1.9      3.7 2020  7 12  6 10  9.180  0.00   1
   108865  40.613310 -123.889038    23.473    29055.3     7004.5     2045.5      3.4      2.8      4.1 2021  7 25  9 12 32.240  0.00   1
   108866  40.612638 -123.889421    22.894    29023.1     6929.9     1467.1      3.1      2.9      3.6 2022  9 20 20 35 29.800  0.00   1
   108897  40.601689 -124.120996    17.166     9417.4     5714.0    -4261.3      2.6      1.8      2.2 2020  7 21  9 58 36.880  0.00   1
   108901  40.603019 -124.099658    18.368    11224.1     5861.8    -3059.1      3.9      1.1      2.1 2020  7 28 10 54 20.520  0.00   1
   108918  40.646403 -124.023307    18.435    17683.1    10679.4    -2992.6      2.1      1.1      2.3 2020  8 14  7 59 14.720  0.00   1
   108919  40.645044 -124.017578    18.926    18168.2    10528.4    -2500.8      2.0      2.1      2.0 2020  8 14  7 29 17.360  0.00   1
   108921  40.645284 -124.023047    18.269    17705.3    10555.1    -3158.3      1.3      1.3      1.8 2021 11 16 18 50  1.700  0.00   1
   108922  40.593848 -124.118514    19.487     9628.2     4843.3    -1940.3      4.2      1.5      1.8 2020  8 17 22 44  9.820  0.00   1
   108923  40.593091 -124.118400    19.636     9637.9     4759.3    -1791.0      2.7      1.4      1.7 2020  8 17 22 37  2.940  0.00   1
   108925  40.604610 -124.104565    20.597    10808.4     6038.5     -829.8      3.6      1.9      2.7 2021  6 29  5 32 28.020  0.00   1
   108926  40.597795 -124.120020    20.626     9500.4     5281.6     -800.7      2.2      0.9      2.0 2021  9  2  7  3 32.740  0.00   1
   108956  40.536556 -124.241724    19.196     -805.2    -1518.7    -2231.3      1.7      2.1      3.5 2020  8 19  9 20 36.680  0.00   1
   108957  40.529997 -124.250179    18.935    -1521.6    -2247.0    -2492.1      2.7      2.4      3.1 2021  7 30  7  1 16.480  0.00   1
   108959  40.533809 -124.245785    18.974    -1149.2    -1823.6    -2453.2      2.1      1.8      2.0 2022  9 20 20 46 19.020  0.00   1
   108974  40.609648 -124.213241    24.347     1606.8     6597.8     2919.6      2.2      1.6      2.8 2021  6  2  8  1  4.060  0.00   1
   108976  40.604342 -124.245199    23.459    -1099.0     6008.6     2032.2      2.3      1.9      2.4 2021  8  2  1 42 32.520  0.00   1
   108977  40.621769 -124.214567    25.634     1494.4     7943.9     4206.5      5.2      1.2      3.6 2021  9 27 13 54 30.160  0.00   1
   108978  40.608887 -124.223047    25.239      776.5     6513.3     3811.5      2.2      1.5      3.0 2021 11 19  5 14  6.980  0.00   1
   108988  40.602681 -124.059375    22.911    14634.9     5824.3     1483.4      1.0      1.1      1.3 2021  9 19  2 30 15.040  0.00   1
   108995  40.562663 -123.934733    22.178    25196.0     1380.4      750.7      1.2      1.3      1.4 2020  9  7  3  4 36.280  0.00   1
   108998  40.563875 -123.932292    21.552    25402.6     1515.0      125.1      3.3      3.4      2.5 2020 11 23  2 17 29.880  0.00   1
   108999  40.563261 -123.947713    21.551    24096.6     1446.8      123.6      5.0      2.6      3.8 2020 11 23  2 27  1.080  0.00   1
   109001  40.563859 -123.934294    21.916    25233.0     1513.2      489.1      1.8      1.2      1.7 2021  4 25  2 44 15.560  0.00   1
   109003  40.544584 -123.911597    23.144    27159.3     -627.2     1717.2      1.1      1.2      2.3 2021  9 25  7 21 32.760  0.00   1
   109005  40.564010 -123.934399    22.006    25224.1     1529.9      578.8      1.5      1.8      1.5 2022  1 19 16 50 43.900  0.00   1
   109006  40.565373 -123.933276    22.045    25318.9     1681.3      618.2      1.4      2.3      2.0 2022  1 23  4 17 44.580  0.00   1
   109007  40.560697 -123.930583    22.170    25547.9     1162.1      743.2      1.9      1.7      1.7 2022  1 23 13 55 42.740  0.00   1
   109008  40.561837 -123.934823    23.185    25188.6     1288.7     1757.8      0.8      1.0      3.7 2022  5 17 14 52 29.660  0.00   1
   109027  40.521643 -123.897835    20.000    28329.8    -3174.7    -1427.4      2.0      2.3      2.6 2020  9 12  9 10  3.360  0.00   1
   109029  40.527999 -123.900269    23.518    28122.3    -2468.9     2090.6      4.3      4.4      4.9 2021 10 21 16 23 18.500  0.00   1
   109031  40.526562 -123.904321    20.142    27779.2    -2628.4    -1285.1      3.0      3.4      3.1 2022  9 21 22  2  0.300  0.00   1
   109034  40.606466 -123.920223    25.038    26416.4     6244.5     3611.1      3.4      2.2      5.3 2021 10 16  0 56 17.260  0.00   1
   109035  40.605912 -123.916715    24.960    26713.5     6183.0     3532.3      2.1      1.6      3.5 2022  4  7  7 43 59.660  0.00   1
   109037  40.599040 -124.116878    18.493     9766.3     5419.9    -2933.8      0.8      1.1      1.4 2021  8 28 10 22 15.280  0.00   1
   109040  40.535372 -124.046159    19.972    15761.8    -1650.1    -1455.7      2.1      1.1      0.8 2021  5  4 20 49 28.940  0.00   1
   109042  40.536857 -124.050911    19.754    15359.0    -1485.2    -1673.0      1.3      1.0      0.9 2021 12 10 18 19  3.380  0.00   1
   109047  40.661385 -123.886385    28.648    29269.5    12343.0     7220.9      4.0      3.4      5.9 2022  7  7 10 16 42.560  0.00   1
   109051  40.588696 -124.075301    22.194    13287.8     4271.3      766.6      5.0      3.1      3.4 2022 10 22  1 32  8.620  0.00   1
   109052  40.612488 -124.075952    17.805    13230.4     6913.2    -3621.9      4.2      2.1      2.6 2020  9 18  1 49 50.060  0.00   1
   109054  40.622453 -124.062874    17.891    14336.5     8019.8    -3536.4      2.2      1.1      1.8 2021  8  3  7 25 29.060  0.00   1
   109057  40.620020 -124.078133    17.357    13045.0     7749.6    -4070.3      2.4      1.0      1.3 2021 11  1 20 23 11.500  0.00   1
   109058  40.618811 -124.078337    17.907    13027.9     7615.4    -3519.8      1.3      0.6      1.7 2022  7  2 18 54 53.920  0.00   1
   109059  40.618892 -124.078760    17.865    12992.0     7624.4    -3562.3      1.8      1.0      2.0 2022  7  5 10 26 16.440  0.00   1
   109060  40.609578 -124.079484    18.522    12931.6     6590.2    -2904.8      2.1      1.0      2.0 2022  9 22  5 20 24.860  0.00   1
   109079  40.591227 -124.325879    21.186    -7931.1     4552.3     -241.1      2.0      1.7      2.3 2020  9 24  1 37  2.540  0.00   1
   109081  40.592786 -124.325041    21.390    -7860.0     4725.4      -37.6      1.2      1.1      1.2 2021  8  3  7 28  1.280  0.00   1
   109082  40.592383 -124.323722    21.417    -7748.4     4680.7      -10.4      1.7      1.3      1.6 2021  8  3  7 28 11.760  0.00   1
   109083  40.591911 -124.325968    21.479    -7938.6     4628.2       51.5      1.8      1.8      3.0 2022  3 18 23 22 52.560  0.00   1
   109086  40.615837 -124.093693    19.809    11728.0     7285.1    -1617.6      2.8      1.8      2.0 2020  9 29 20 57 21.240  0.00   1
   109088  40.592110 -124.102962    23.005    10945.2     4650.4     1577.9      0.8      1.0      2.5 2021  8  2  6  3 50.240  0.00   1
   109099  40.523796 -124.382756    16.834   -12753.7    -2935.6    -4593.7      6.1      3.2      9.2 2022 11  3 21 25 34.920  0.00   1
   109112  40.572432 -123.940503    20.490    24705.6     2465.3     -936.8      2.0      1.2      2.3 2020 11 28  4 46 13.820  0.00   1
   109120  40.561206 -123.922900    22.117    26198.5     1218.6      689.5      2.8      4.3      5.0 2021 10  7 15 37 20.960  0.00   1
   109123  40.558187 -123.928711    22.311    25706.9      883.4      883.7      1.8      2.9      5.3 2021 10  7 10 58 29.020  0.00   1
   109127  40.560856 -123.924202    22.367    26088.3     1179.8      939.5      3.1      4.5      8.1 2021 10  9 15  2 48.760  0.00   1
   109129  40.529626 -124.431274    21.186   -16863.5    -2288.1     -241.0      1.6      2.1      2.2 2020 10 11 16 54  4.900  0.00   1
   109133  40.638517 -124.029590    18.480    17152.3     9803.7    -2947.3      1.3      1.0      1.9 2020 10 20  3 57  2.000  0.00   1
   109186  40.669259 -123.913363    23.160    26984.7    13217.4     1732.5      2.1      1.9      2.4 2020 11 10  7 29 44.140  0.00   1
   109189  40.673128 -123.888493    21.839    29088.6    13647.1      411.3      2.5      1.6      2.6 2021  5 13  9 32 24.180  0.00   1
   109190  40.663786 -123.886271    22.790    29278.6    12609.6     1363.1      2.9      1.4      1.7 2022  6 25  8 45  6.260  0.00   1
   109416  40.597681 -123.969751    22.184    22224.4     5269.0      757.1      2.3      2.1      1.8 2020 11 28  4 41 25.020  0.00   1
   109417  40.597591 -123.969954    22.116    22207.2     5259.0      689.1      2.1      1.9      1.7 2020 11 28  4 28 30.560  0.00   1
   109418  40.598865 -123.973096    22.476    21941.0     5400.4     1048.7      1.4      1.1      1.6 2021  3 28 11 21 31.120  0.00   1
   109420  40.600602 -123.916895    21.943    26699.4     5593.4      515.5      2.1      1.3      2.8 2020 12  7 19  3 16.040  0.00   1
   109421  40.604333 -123.915047    22.022    26855.1     6007.7      594.4      2.3      1.4      2.4 2020 12  7 19  5 36.340  0.00   1
   109427  40.594442 -123.904508    25.620    27749.4     4909.3     4192.6      3.0      2.5      3.2 2020 11 29  9 45 15.600  0.00   1
   109428  40.594096 -123.898568    26.028    28252.5     4870.9     4600.9      1.7      6.2      3.3 2021  1 19 12 58 57.580  0.00   1
   109430  40.591260 -123.913053    26.061    27026.5     4556.0     4633.8      3.5      2.5      2.9 2022  3 18  0  7 21.100  0.00   1
   109436  40.605688 -124.098706    15.498    11304.5     6158.2    -5928.8      0.5      0.5      0.4 2020 12  1 11 36 42.680  0.00   1
   109448  40.553365 -124.014461    21.824    18444.6      347.9      397.0      3.2      1.6      2.9 2022  1 19 22 27 40.720  0.00   1
   109451  40.565059 -124.012183    22.493    18636.0     1646.5     1065.6      4.0      1.7      4.0 2022  6  9  2 12 47.440  0.00   1
   109453  40.566223 -124.022526    22.624    17759.8     1775.8     1196.5      3.0      3.0      3.2 2022 11 22  5  9 14.600  0.00   1
   109457  40.590417 -124.183887    21.286     4092.7     4462.4     -141.5      2.2      1.8      2.7 2022 11 20 16 58  8.260  0.00   1
   109458  40.552250 -123.889421    22.158    29036.1      224.1      731.2      1.4      1.1      0.8 2020 12 19 19 50 56.380  0.00   1
   109460  40.597620 -124.205176    25.135     2289.8     5262.2     3707.5      1.4      1.5      1.4 2021  2 11 13 50 26.620  0.00   1
   109461  40.601306 -124.105330    16.496    10743.9     5671.6    -4931.5      1.9      1.7      1.3 2021  1  4  6 14 34.600  0.00   1
   109483  40.497677 -124.464526    23.062   -19685.2    -5836.0     1634.7      2.3      3.0      3.2 2021  1 13 19 34 16.280  0.00   1
   109484  40.519080 -124.467179    23.896   -19906.9    -3459.3     2469.1      1.0      1.5      1.2 2021  2 12 14 58  6.120  0.00   1
   109485  40.511983 -124.451937    25.160   -18616.4    -4247.3     3732.4      1.6      1.8      3.1 2022  6  3  7 37 13.740  0.00   1
   109491  40.554899 -124.057658    23.005    14785.6      518.3     1577.8      5.0      2.9      3.3 2022 11 12 22 18 21.100  0.00   1
   109493  40.576396 -124.210897    19.569     1805.7     2905.4    -1858.3      1.9      0.6      0.9 2021 12 30 20 43 22.380  0.00   1
   109498  40.573629 -124.146981    21.846     7218.8     2598.1      418.6      0.7      0.5      0.4 2022  3 29  0 35 16.680  0.00   1
   109534  40.643095 -123.999268    18.480    19718.4    10312.0    -2947.5      0.8      0.8      1.0 2021  3  6  9 15 31.140  0.00   1
   109535  40.652344 -124.010758    18.585    18744.5    11339.0    -2841.8      1.4      1.2      1.5 2021  3  6  9 16 35.960  0.00   1
   109542  40.537683 -123.905485    22.823    27678.4    -1393.5     1396.2      2.1      2.1      2.2 2021  3 19 20 18 50.400  0.00   1
   109543  40.542668 -123.906372    22.891    27602.2     -840.0     1463.9      2.5      2.3      2.6 2021  7 28 11 59  6.040  0.00   1
   109544  40.542346 -123.911117    22.689    27200.4     -875.7     1261.6      2.6      2.3      2.0 2021 11  2 15 33 30.400  0.00   1
   109546  40.541296 -123.912826    22.784    27055.8     -992.3     1356.3      1.7      1.6      5.1 2022  2  8 20 52 37.700  0.00   1
   109547  40.536589 -123.909749    23.435    27317.4    -1515.0     2008.0      2.5      2.9      3.3 2022  5 16 12 51  7.720  0.00   1
   109550  40.569051 -123.971940    23.469    22043.7     2089.8     2042.1      1.3      1.2      1.1 2021 10 14 12 55 59.780  0.00   1
   109551  40.553605 -123.976034    23.776    21699.5      374.6     2348.9      1.2      0.9      1.3 2021 10 18 11 26 36.900  0.00   1
   109560  40.577698 -124.422135    23.075   -16083.6     3050.0     1648.2      2.6      3.0      3.1 2021  4 22 19 58  9.520  0.00   1
   109562  40.572965 -124.415641    23.651   -15534.1     2524.5     2224.1      2.3      2.7      2.4 2021 10  1 17 28 56.900  0.00   1
   109563  40.573096 -124.414714    23.251   -15455.5     2538.9     1823.4      2.4      1.6      2.1 2022  6  6  8 33 56.500  0.00   1
   109585  40.702376 -123.972331    21.467    21988.8    16894.9       39.7      1.1      0.7      0.5 2021 12  9  6 38 26.640  0.00   1
   109586  40.609823 -123.803548    27.405    36294.3     6617.3     5978.2      2.1      1.9      2.3 2021  4 25 12  4 20.500  0.00   1
   109587  40.511117 -124.437142    18.815   -17363.0    -4343.6    -2611.8      0.8      2.7      3.1 2021  4 26 14 34  7.560  0.00   1
   109588  40.532808 -124.392708    21.368   -13596.0    -1934.8      -58.8      4.5      5.7      7.6 2021  4 30  5 48 15.420  0.00   1
   109590  40.599878 -124.005672    22.830    19182.4     5513.0     1402.8      3.0      2.1      1.4 2021  5  1  6 40  3.120  0.00   1
   109592  40.567769 -124.017212    22.153    18209.7     1947.5      725.5      2.8      2.0      3.0 2022  3 10 22 12 16.660  0.00   1
   109593  40.587415 -124.203353    23.345     2444.4     4129.0     1917.4      3.9      0.5      0.9 2021  5 25 13 41 14.420  0.00   1
   109638  40.582463 -123.954215    24.620    23542.5     3579.1     3193.1      0.9      0.7      0.7 2021  6  5 11 28 29.860  0.00   1
   109639  40.573604 -123.959017    24.132    23137.4     2595.4     2704.6      0.8      0.5      0.7 2022  2 26  5 28  3.880  0.00   1
   109640  40.541121 -123.963843    21.948    22734.2    -1011.7      521.0      4.8      4.3      6.7 2021  6 14 23  5 14.620  0.00   1
   109641  40.545170 -123.968278    21.641    22357.8     -562.1      213.3      3.6      1.6      4.3 2021  6 15  4  8 20.200  0.00   1
   109643  40.535905 -123.966488    21.733    22511.0    -1590.9      306.1      3.6      4.1      4.0 2021  6 15  2 15 10.680  0.00   1
   109645  40.551929 -123.973486    20.640    21915.5      188.4     -786.9      2.4      2.7      2.8 2021  9 21 16 59  7.260  0.00   1
   109646  40.553617 -123.969914    20.629    22217.8      375.9     -798.4      3.4      3.2      4.6 2022  8 19 22 15 53.220  0.00   1
   109647  40.551603 -123.972648    20.959    21986.6      152.3     -468.5      2.8      2.7      3.0 2022  9 26 14 46 33.600  0.00   1
   109649  40.484485 -124.509554    17.264   -23503.0    -7300.9    -4163.5      1.9      2.7      4.0 2022  9 18  8 29  6.480  0.00   1
   109653  40.599479 -124.324919    21.285    -7849.3     5468.7     -142.3      2.6      1.6      4.4 2021  6 26 23 51 53.520  0.00   1
   109656  40.606421 -124.316105    20.309    -7102.6     6239.5    -1118.3      2.7      0.5      3.1 2021  7  7 21  8 20.520  0.00   1
   109661  40.598604 -124.329793    20.771    -8262.1     5371.5     -656.0      1.9      1.6      3.7 2022 11 27 17  4 31.920  0.00   1
   109701  40.533582 -124.351473    18.123   -10102.6    -1848.9    -3303.8      1.6      0.9      1.7 2021  7  9 20  8 44.560  0.00   1
   109707  40.705892 -123.935205    23.072    25129.3    17285.3     1644.4      2.7      2.8      4.0 2021  7 21  1 57 33.440  0.00   1
   109708  40.707906 -123.942196    22.311    24537.5    17509.0      883.6      4.9      1.9      3.7 2022  8 13 12 33 41.180  0.00   1
   109709  40.707560 -123.940186    22.267    24707.7    17470.6      839.4      5.6      2.2      5.1 2022  8 13 13  7 15.920  0.00   1
   109710  40.478385 -124.401986    20.109   -14387.7    -7978.2    -1318.3      1.6      1.4      2.9 2021  7 21  6 27  7.140  0.00   1
   109714  40.514941 -124.434391    17.641   -17129.4    -3918.9    -3786.6      0.5      0.8      1.1 2021  7 22  8 29 59.260  0.00   1
   109718  40.505489 -124.448649    18.194   -18338.7    -4968.5    -3232.8      1.2      1.0      3.1 2022  4  3 19 26 32.500  0.00   1
   109728  40.639644 -123.913997    21.349    26936.9     9928.8      -78.7      1.5      0.9      0.9 2021 10 28 17 29 28.460  0.00   1
   109729  40.640251 -123.915918    21.320    26774.2     9996.2     -107.6      2.2      0.9      1.0 2021 10 28 20 25 38.640  0.00   1
   109732  40.501221 -124.463639    18.330   -19609.5    -5442.5    -3096.8      2.5      2.7      2.6 2021  8  5  5 11 35.000  0.00   1
   109733  40.503263 -124.455851    23.181   -18949.3    -5215.6     1753.6      3.9      4.8      6.2 2021 12 18  9  2 20.600  0.00   1
   109734  40.502071 -124.456722    21.703   -19023.3    -5348.0      275.4      2.6      3.5      3.5 2021 12 21 16 46 40.580  0.00   1
   109740  40.519893 -124.356250    28.114   -10508.4    -3369.0     6687.2      1.4      1.4      0.7 2021 12 25  9  3 58.480  0.00   1
   109741  40.543038 -124.369840    23.719   -11657.8     -798.9     2291.4      1.6      1.3      1.1 2022  8 24 18 28  5.620  0.00   1
   109742  40.635860 -124.042293    19.638    16077.3     9508.6    -1789.5      0.9      0.7      1.0 2021  8 23  5 51 36.160  0.00   1
   109744  40.541968 -123.780493    21.851    38265.5     -917.7      424.0      1.9      3.2      2.4 2021  8 29 12 47 11.520  0.00   1
   109745  40.545170 -123.795492    23.050    36994.1     -562.1     1623.1      2.5      2.9      6.3 2022  1  7 12 47 18.900  0.00   1
   109758  40.549325 -124.225293    17.801      586.6     -100.8    -3626.2      0.6      0.5      0.7 2021  9 12 22 48 15.460  0.00   1
   109773  40.508700 -124.412590    20.527   -15283.0    -4612.0     -899.8      1.6      2.2      3.3 2021 12 23 10 30 50.600  0.00   1
   109775  40.575057 -124.219840    19.878     1048.3     2756.7    -1549.3      1.2      1.1      2.0 2021  9 23 19 33 34.900  0.00   1
   109779  40.525895 -124.327490    19.248    -8071.4    -2702.5    -2179.5      3.5      1.0      1.5 2021  9 30  4 43 34.000  0.00   1
   109788  40.515951 -123.885547    21.905    29372.1    -3806.8      478.0      2.8      3.0      4.9 2021 10  7  4 45 50.940  0.00   1
   109789  40.508366 -123.875382    21.799    30235.0    -4649.0      371.3      1.1      1.9      3.5 2021 10  7  5 44  8.100  0.00   1
   109791  40.509216 -123.876660    21.498    30126.6    -4554.6       70.9      1.3      2.7      2.1 2021 10  9 15 14 13.920  0.00   1
   109792  40.511336 -123.878304    21.651    29986.8    -4319.2      223.4      1.3      2.6      1.3 2021 10  9 14 51  7.940  0.00   1
   109793  40.515759 -123.880990    21.647    29758.3    -3828.0      220.2      2.6      1.6      1.3 2021 10  9 19 19 22.180  0.00   1
   109794  40.511361 -123.876392    21.514    30148.8    -4316.5       86.9      1.0      1.3      1.4 2021 10 16 14 55 23.500  0.00   1
   109795  40.515540 -123.880884    21.630    29767.3    -3852.4      202.8      1.9      1.6      1.3 2021 11  4 10 59  4.180  0.00   1
   109796  40.515027 -123.879004    21.553    29926.7    -3909.4      125.8      1.8      1.5      1.3 2021 11  7  7 51 35.860  0.00   1
   109801  40.546615 -123.847534    23.686    32585.4     -401.7     2258.5      0.7      1.0      1.8 2022  1 31 19 52 42.840  0.00   1
   109836  40.613916 -124.122282    19.000     9307.7     7071.8    -2427.2      6.1      2.3      2.1 2021 10 22 21  9 45.260  0.00   1
   109837  40.609017 -124.076725    20.803    13165.2     6527.8     -624.5      1.2      1.8      1.5 2021 10 31 13 10  3.600  0.00   1
   109838  40.550289 -123.954069    22.847    23560.5        6.3     1419.9      1.3      1.2      1.1 2021 11  3 19 22 52.340  0.00   1
   109846  40.598934 -124.048470    17.576    15558.7     5408.1    -3851.5      1.9      0.9      2.1 2021 11 25 17 56 31.760  0.00   1
   109849  40.605566 -124.306535    20.748    -6292.4     6144.6     -679.6      1.0      0.6      1.7 2021 11 29  9 17 10.340  0.00   1
   109852  40.523706 -124.432812    19.627   -16994.6    -2945.6    -1800.7      0.7      0.6      1.6 2022  1 18 10 25 37.780  0.00   1
   110087  40.590865 -124.203630    20.621     2420.9     4512.1     -806.1      3.4      2.5      2.5 2021 12 11 10 51 42.420  0.00   1
   110088  40.539555 -124.326017    18.136    -7945.8    -1185.6    -3291.3      3.6      2.0      3.9 2021 12 20 23 40 19.580  0.00   1
   110091  40.539901 -124.324194    18.063    -7791.4    -1147.2    -3363.9      3.3      1.4      3.5 2022  8 22 11 46 57.980  0.00   1
   110092  40.543005 -124.303190    18.399    -6011.9     -802.5    -3028.7      4.5      1.5      3.1 2022  8 22 11 19 44.520  0.00   1
   110093  40.542407 -124.328939    18.379    -8193.1     -868.9    -3048.1      4.8      1.5      5.3 2021 12 20 21 17 43.440  0.00   1
   110095  40.547453 -124.299072    18.661    -5662.9     -308.6    -2766.7      5.3      1.5      4.6 2022  7 14  2 59 53.060  0.00   1
   110120  40.519385 -124.416300    20.669   -15596.1    -3425.4     -758.3      1.6      1.6      2.6 2021 12 20 20 29 25.860  0.00   1
   110127  40.577454 -124.208748    17.276     1987.6     3022.8    -4151.4      2.4      0.7      2.5 2021 12 20 20 15 20.340  0.00   1
   110129  40.516113 -124.446029    17.759   -18115.3    -3788.7    -3668.3      1.4      1.3      2.2 2021 12 20 22 57 59.980  0.00   1
   110153  40.494393 -124.333464    21.094    -8579.5    -6200.7     -332.8      2.7      3.5      2.8 2021 12 21  3 28 34.100  0.00   1
   110154  40.502299 -124.333879    18.481    -8614.1    -5322.7    -2945.9      1.5      1.7      3.1 2021 12 23  6 55 41.480  0.00   1
   110156  40.510262 -124.318197    19.407    -7284.9    -4438.5    -2020.6      2.5      1.9      3.6 2021 12 23  4 51 44.220  0.00   1
   110160  40.523389 -124.414787    18.305   -15467.4    -2980.8    -3122.6      1.7      1.4      2.6 2021 12 21 19 30 31.800  0.00   1
   110168  40.578654 -124.161100    19.338     6022.8     3156.1    -2088.9      6.1      2.5      4.3 2021 12 21  2 44 44.640  0.00   1
   110179  40.545227 -124.349756    23.782    -9956.3     -555.8     2354.7      3.5      3.5      3.0 2022  3 20  6 57 16.680  0.00   1
   110181  40.497172 -124.450488    17.724   -18495.7    -5892.1    -3703.6      3.9      4.0      5.3 2021 12 25 16 54 33.700  0.00   1
   110183  40.595813 -124.109375    17.838    10401.9     5061.6    -3589.7      1.1      1.0      1.7 2021 12 26 16  2 15.940  0.00   1
   110184  40.587732 -123.989494    20.574    20554.2     4164.2     -852.8      4.0      2.8      4.3 2021 12 27  8 53  5.400  0.00   1
   110185  40.574915 -123.988713    20.925    20622.3     2740.9     -502.1      2.4      1.7      2.6 2022  5 28  7 57  1.360  0.00   1
   110186  40.574959 -124.208268    18.915     2028.3     2745.9    -2512.6      2.6      0.7      0.9 2021 12 28  6 35 41.580  0.00   1
   110187  40.574577 -124.201245    18.607     2623.1     2703.4    -2820.3      1.9      0.7      2.3 2021 12 31 13 31 14.620  0.00   1
   110188  40.574634 -124.201424    18.631     2607.9     2709.7    -2796.5      1.9      0.7      2.3 2022  1  1 22 14 38.120  0.00   1
   110189  40.574561 -124.201164    18.595     2630.0     2701.6    -2832.0      1.9      0.7      2.3 2022  1  2 11 16 33.460  0.00   1
   110191  40.574235 -124.195166    18.320     3137.9     2665.4    -3106.8      2.4      0.8      2.2 2022  9  1 20 43  2.920  0.00   1
   110199  40.509965 -124.401725    22.167   -14362.3    -4471.5      739.5      6.1      5.3      5.4 2021 12 31 17  2 13.380  0.00   1
   110209  40.596810 -124.100090    24.697    11188.1     5172.3     3269.8      1.4      1.7      1.6 2022  4  2 19 46 56.000  0.00   1
   110211  40.515755 -124.443115    18.093   -17868.5    -3828.5    -3333.9      0.3      0.3      1.0 2022  4  3 10 39 47.080  0.00   1
   110231  40.516276 -124.437590    18.945   -17400.2    -3770.6    -2481.9      1.0      1.1      1.6 2022  5 14 20  9 30.640  0.00   1
   110234  40.534180 -124.243368    20.072     -944.5    -1782.5    -1355.5      1.3      1.2      1.8 2022  5 25  9 25 42.220  0.00   1
   110250  40.520549 -124.407267    21.424   -14830.7    -3296.2       -3.0      1.6      1.7      2.0 2022  7  2 10 23 23.100  0.00   1
   110253  40.594828 -124.113550    18.604    10048.4     4952.2    -2823.2      0.8      1.1      1.0 2022  7 20  6 28 50.580  0.00   1
   110254  40.595300 -124.113411    18.393    10060.1     5004.6    -3034.3      1.0      0.7      1.4 2022  8  9  7 59 33.060  0.00   1
   110255  40.598438 -124.116903    17.634     9764.3     5353.0    -3793.3      1.0      1.3      1.8 2022  8  9  8  9 40.340  0.00   1
   110266  40.537712 -124.332218    18.709    -8471.2    -1390.3    -2718.1      1.2      1.4      2.3 2022  8 30  6 25 35.480  0.00   1
   110273  40.649805 -124.012728    19.899    18578.1    11057.1    -1528.5      2.7      1.8      3.4 2022 10 28 12 43 42.000  0.00   1
   110274  40.519234 -124.437012    19.212   -17350.9    -3442.2    -2215.6      1.4      1.9      3.2 2022 10 29 20 38 50.780  0.00   1
   110275  40.515662 -124.435010    20.096   -17181.7    -3838.9    -1330.8      2.2      2.9      4.3 2022 10 30  3 34  2.660  0.00   1
   110276  40.518774 -124.438021    19.430   -17436.5    -3493.2    -1997.6      1.8      1.7      2.3 2022 11 12 10 31 42.840  0.00   1
   110279  40.517033 -124.433805    19.600   -17079.5    -3686.6    -1827.6      1.7      1.1      2.6 2022 11  2 16 39 30.260  0.00   1
   110282  40.525606 -124.416683    19.661   -15627.8    -2734.6    -1765.8      2.8      1.2      4.0 2022 11 15 17 48 18.560  0.00   1
   110296  40.581986 -123.985750    20.563    20872.1     3526.2     -863.8      1.4      0.8      1.3 2022 12 22  3  8  5.860  0.87   1
   110298  40.535050 -124.273250    11.694    -3476.0    -1685.8    -9732.8      1.1      0.6      0.9 2023  1 17 13 54 45.520  1.24   1
   110302  40.566695 -124.129696    21.948     8683.1     1828.2      520.6      1.5      1.1      1.6 2022 12 24  0 35 18.890  0.89   1
   110303  40.488045 -124.498494    24.491   -22565.2    -6905.5     3063.8      1.6      1.6      3.8 2022 12 20 12 25 25.380  2.43   1
   110305  40.435083 -124.601961    23.375   -31345.6   -12786.8     1947.4      0.9      1.2      1.6 2023  4  2 11 44 21.610  2.51   1
   110307  40.528841 -124.416512    23.078   -15613.0    -2375.3     1651.0      1.6      1.6      2.0 2023  3  9  9 11 18.070  1.00   1
   110308  40.577600 -123.877555    22.380    30035.5     3039.1      952.7      1.1      1.1      0.9 2022 12 21 19 21 21.160  1.21   1
   110311  40.539726 -124.494588    23.965   -22225.6    -1166.7     2538.1      1.8      1.6      1.9 2023  2  6  9 53 42.140  2.82   1
   110326  40.577364 -124.244108    20.047    -1006.9     3012.9    -1379.8      2.9      1.2      4.0 2023  4 26 22 23  7.880  0.79   1
   110327  40.620931 -123.948820    21.480    23992.6     7850.8       52.3      0.8      0.8      0.9 2022 12 21  8 59 40.650  1.14   1
   110330  40.585478 -123.915715    25.764    26802.3     3913.9     4336.5      1.8      0.9      2.6 2023  5 27  2 45 49.750  0.87   1
   110334  40.620414 -124.313713    20.654    -6899.3     7793.4     -773.5      0.9      0.7      2.7 2023  2 22  6 20 25.080  1.45   1
   110341  40.562577 -124.132259    22.476     8466.2     1370.9     1048.8      0.5      0.3      0.5 2023  1  5 14 47  6.170  2.14   1
   110346  40.538570 -123.890853    23.112    28917.7    -1295.0     1684.9      2.6      2.2      2.2 2023  5 28  1 45 53.620  1.36   1
   110354  40.509932 -124.421517    24.220   -16039.2    -4475.1     2792.8      1.6      1.3      2.5 2023  4 14  1 57  6.610  1.17   1
   110355  40.518437 -124.492236    15.863   -22029.9    -3530.7    -5564.3      1.1      1.3      2.8 2023  2 16 22 15  2.800  1.44   1
   110359  40.750285 -123.978809    21.626    21433.1    22215.0      199.0      2.7      1.1      2.0 2022 12 22  4 53 56.390  0.79   1
   110365  40.528088 -124.233944    17.745     -146.2    -2458.9    -3682.5      1.4      0.8      1.2 2022 12 20 12 37 22.690  1.44   1
   110367  40.551428 -123.974438    21.373    21834.9      132.8      -53.8      1.1      0.7      0.8 2022 12 25  1 20 33.690  1.82   1
   110368  40.607768 -123.980233    21.911    21335.2     6389.1      483.9      1.9      1.4      1.8 2023  2 14  3 52  7.700  1.37   1
   110370  40.693461 -123.894051    22.027    28613.9    15904.9      599.4      3.6      3.0      5.1 2022 12 21  4 44 13.820  1.30   1
   110374  40.752393 -123.868424    20.823    30768.8    22449.0     -604.1      1.8      1.3      2.7 2022 12 22  4 46 28.990  1.00   1
   110378  40.591125 -124.049715    22.208    15454.2     4541.0      780.6      2.0      1.4      2.3 2022 12 21 18 52 28.640  1.06   1
   110379  40.518831 -124.422152    18.172   -16092.0    -3486.9    -3255.5      1.4      2.1      2.5 2022 12 22  9 21 28.530  1.40   1
   110382  40.542818 -124.064079    19.381    14243.0     -823.3    -2046.5      1.5      1.0      1.1 2022 12 26  5 31 21.180  1.08   1
   110385  40.593437 -124.085921    19.232    12388.1     4797.7    -2195.0      0.7      0.8      1.0 2022 12 23  0 19 22.520  0.90   1
   110387  40.533712 -124.383032    25.068   -12776.2    -1834.5     3640.5      1.9      2.7      2.2 2023  1 28 23 56 58.200  3.85   1
   110388  40.508915 -124.448193    14.850   -18299.7    -4588.0    -6577.0      1.3      1.2      3.0 2022 12 31 10 20 40.360  1.04   1
   110390  40.640190 -123.988493    25.969    20630.9     9989.4     4541.9      0.9      0.5      0.8 2023  1 17  5 14  2.510  1.84   1
   110391  40.589396 -124.196151    22.083     3054.2     4349.0      655.5      1.8      1.0      3.2 2022 12 23  0 35 44.600  1.56   1
   110392  40.513509 -124.424577    17.736   -16298.1    -4077.9    -3691.3      2.4      2.0      2.6 2023  1  1 12 19 44.130  1.25   1
   110395  40.555009 -124.216235    16.812     1353.8      530.5    -4614.9      1.1      1.0      1.9 2022 12 20 23 19 53.720  1.40   1
   110396  40.537215 -124.261613    18.193    -2490.1    -1445.5    -3233.8      1.8      2.2      1.6 2022 12 24 20  6  9.180  0.83   1
   110399  40.529968 -124.410075    17.914   -15067.5    -2250.2    -3513.6      2.8      3.7      5.5 2022 12 20 10 44 46.730  2.70   1
   110400  40.563774 -124.048226    23.474    15583.4     1503.7     2046.7      3.2      2.6      4.2 2022 12 25  4 33 20.570  0.83   1
   110404  40.561080 -124.016276    21.936    18289.8     1204.6      508.3      2.2      1.5      2.2 2022 12 27  0 23 33.800  1.12   1
   110406  40.593083 -124.107528    19.650    10558.5     4758.4    -1776.8      1.0      1.0      1.4 2023  1 11  3 23 18.830  1.45   1
   110408  40.610498 -123.847624    27.547    32562.4     6692.3     6119.9      1.3      0.8      0.7 2023  2 12 20 12 15.900  2.47   1
   110409  40.518933 -124.417440    19.920   -15692.7    -3475.6    -1507.3      2.3      1.6      2.6 2022 12 21 22  8 58.660  1.39   1
   110412  40.573739 -124.074455    19.669    13361.0     2610.3    -1758.7      1.6      1.0      1.0 2022 12 26  7 30 25.960  0.98   1
   110417  40.551526 -123.976180    21.449    21687.4      143.7       21.9      0.9      1.4      1.0 2022 12 24 12 43  0.520  1.06   1
   110422  40.621488 -124.304126    19.972    -6087.7     7912.7    -1454.3      1.9      1.3      1.9 2022 12 29 13 40 18.010  1.27   1
   110423  40.504545 -124.335425    18.700    -8745.0    -5073.3    -2727.6      1.2      1.2      1.4 2023  2 17 12 38 36.270  0.88   1
   110429  40.593225 -124.013688    22.437    18504.6     4774.2     1010.0      1.5      1.0      1.8 2022 12 22  9 28 37.970  0.68   1
   110431  40.600993 -124.107788    23.076    10535.9     5636.8     1648.4      1.7      0.9      1.0 2022 12 21 17 59 17.620  1.95   1
   110432  40.496476 -124.458065    26.434   -19137.8    -5969.3     5006.7      1.4      1.5      1.7 2022 12 22  1 13 30.130  2.71   1
   110434  40.511987 -124.464111    19.089   -19647.9    -4246.9    -2338.1      1.6      1.5      3.0 2022 12 21 18 26 29.520  1.33   1
   110435  40.534021 -124.380876    24.754   -12593.5    -1800.1     3327.1      2.2      1.8      3.8 2023  1 28 20  7 39.900  1.24   1
   110436  40.476298 -124.533960    23.691   -25572.9    -8210.0     2263.6      0.9      1.6      1.4 2023  2 18  0 47 37.880  1.15   1
   110439  40.473222 -124.430046    19.751   -16766.4    -8551.6    -1676.5      0.8      1.0      1.0 2023  1 27 16 28 41.960  1.01   1
   110442  40.572445 -123.950179    21.601    23886.1     2466.6      173.7      1.9      1.8      3.7 2022 12 20 18 48 54.600  0.91   1
   110443  40.579081 -124.185278    19.007     3975.2     3203.6    -2420.3      4.1      1.3      3.2 2022 12 21 21 55 10.140  0.79   1
   110444  40.503569 -124.504728    27.368   -23090.8    -5181.8     5941.1      1.0      1.1      1.6 2022 12 23 21 41 55.000  1.21   1
   110445  40.525183 -124.389103    23.570   -13291.3    -2781.6     2143.3      2.1      3.4      2.9 2022 12 21  8  6 55.910  1.80   1
   110447  40.563468 -124.016797    22.718    18245.4     1469.9     1290.5      1.6      1.0      1.2 2022 12 24 19 37 36.120  1.39   1
   110448  40.596472 -124.127035    21.799     8906.5     5134.8      372.2      2.7      1.5      2.3 2023  1 31 13 12 49.420  1.12   1
   110452  40.545219 -124.194377    27.710     3205.5     -556.7     6283.1      2.5      1.0      1.6 2022 12 20 23 25 36.340  1.09   1
   110453  40.508468 -124.473071    17.774   -20407.6    -4637.7    -3652.8      2.6      2.2      4.9 2022 12 21 12  8  6.020  1.11   1
   110454  40.465104 -123.818083    23.074    35101.3    -9453.0     1646.8      1.2      1.6      1.0 2022 12 21 13 41 59.550  0.69   1
   110455  40.529980 -124.421436    16.265   -16030.0    -2248.8    -5161.9      4.1      4.5      8.1 2022 12 23 13  9 40.300  0.89   1
   110458  40.621464 -124.310164    20.156    -6598.9     7910.0    -1271.3      0.6      0.6      1.0 2023  2 14  6 32 28.460  1.23   1
   110462  40.585168 -124.438639    23.769   -17480.3     3879.5     2342.0      1.5      1.4      1.6 2023  4 22 17 56 13.080  1.37   1
   110464  40.588232 -124.427344    23.249   -16523.3     4219.8     1822.1      2.0      2.0      2.8 2023  2 13 21 32 14.280  2.09   1
   110466  40.531999 -124.391715    15.506   -13512.0    -2024.7    -5920.9      1.4      1.3      1.8 2022 12 22  0 27 26.630  0.83   1
   110467  40.528833 -124.425049    26.671   -16336.2    -2376.3     5243.4      1.3      1.3      1.7 2022 12 22  3 58 10.660  0.90   1
   110468  40.529000 -123.976172    20.419    21691.7    -2357.7    -1008.6      1.4      1.4      1.3 2022 12 24  1 17 32.850  0.88   1
   110470  40.537598 -124.356917    16.600   -10563.6    -1403.0    -4827.2      2.6      2.7      4.6 2023  3 29  5  5 59.480  1.47   1
   110474  40.472286 -124.448185    21.213   -18303.9    -8655.5     -214.7      1.7      1.4      1.8 2022 12 20 12 14 11.380  2.27   1
   110475  40.582996 -124.351839    28.097   -10130.0     3638.3     6670.0      2.8      2.6      2.8 2022 12 21 15  8 37.620  1.85   1
   110476  40.536833 -124.407088    28.277   -14813.7    -1487.9     6849.8      0.6      0.6      1.6 2022 12 20 13 24 12.330  1.51   1
   110477  40.611682 -123.938070    21.845    24904.4     6823.8      418.1      1.7      1.5      2.1 2023  1  3  7 18 42.400  0.99   1
   110479  40.535575 -124.359001    16.921   -10740.2    -1627.5    -4506.2      3.6      3.0      4.3 2022 12 26  2  4 21.800  1.88   1
   110480  40.557487 -124.251758    23.197    -1655.0      805.6     1769.4      2.6      1.8      2.0 2022 12 21  2 56 11.820  1.60   1
   110481  40.490462 -124.465763    18.449   -19791.1    -6637.1    -2977.9      2.4      2.9      4.0 2023  4  5 14 51 18.340  1.34   1
   110482  40.583293 -123.922689    21.530    26212.1     3671.2      102.7      2.7      4.0      3.3 2022 12 21 19 52  6.360  0.64   1
   110484  40.525460 -124.419767    19.611   -15889.2    -2750.8    -1816.6      1.6      1.6      2.3 2022 12 25  4  3 37.800  0.93   1
   110487  40.752445 -123.850732    20.597    32265.1    22454.9     -830.6      2.0      1.4      1.3 2022 12 20 14 11  0.150  2.57   1
   110488  40.478434 -124.457357    19.436   -19080.4    -7972.8    -1990.7      1.1      0.8      0.8 2023  2 18  9 18 28.190  1.40   1
   110489  40.518994 -124.425863    19.169   -16406.3    -3468.8    -2258.3      1.6      1.6      2.4 2022 12 29  9 57 25.630  1.27   1
   110494  40.523165 -124.413851    17.713   -15388.2    -3005.7    -3714.1      1.0      2.0      3.7 2023  3  5 20 14 19.720  1.28   1
   110496  40.503715 -124.446802    17.972   -18182.4    -5165.5    -3455.7      1.4      1.7      2.4 2022 12 30 12 51 54.870  1.14   1
   110497  40.574215 -124.099146    22.628    11269.9     2663.2     1200.4      2.2      2.0      2.4 2022 12 31 14 27 57.700  1.02   1
   110501  40.467566 -124.508081    23.712   -23381.1    -9179.7     2285.2      0.8      1.7      2.5 2022 12 30 21 43 18.320  2.12   1
   110506  40.606791 -124.071899    20.220    13574.1     6280.6    -1207.2      4.2      1.8      6.1 2022 12 20 21 47 48.880  1.10   1
   110507  40.528670 -124.397127    17.851   -13970.8    -2394.3    -3575.9      3.4      5.5      5.1 2022 12 21 10 16 11.430  0.70   1
   110508  40.613375 -124.093872    18.031    11713.1     7011.7    -3395.9      2.1      1.6      2.3 2022 12 30  9  0 39.550  1.14   1
   110510  40.497428 -124.431991    24.877   -16928.2    -5863.6     3449.7      1.6      1.6      3.9 2023  1  2  8 25 11.060  1.28   1
   110511  40.631401 -124.022062    23.358    17790.5     9013.4     1930.6      2.3      1.3      1.2 2022 12 21  4 15 19.850  2.45   1
   110512  40.509334 -124.336296    19.101    -8818.5    -4541.5    -2326.0      0.9      0.7      1.0 2022 12 21 17 35 50.480  1.40   1
   110513  40.523771 -124.414404    18.746   -15435.0    -2938.3    -2681.7      2.9      2.6      4.5 2022 12 20 15  4 50.680  1.42   1
   110515  40.539783 -124.231405    21.599       68.9    -1160.3      171.6      2.4      2.3      3.0 2023  1 11 13 29 12.060  1.57   1
   110517  40.596663 -124.086027    23.477    12378.8     5156.0     2050.0      1.8      1.1      1.1 2023  3 12  6 43 46.740  0.89   1
   110518  40.522575 -124.432666    18.320   -16982.3    -3071.2    -3107.2      2.3      3.5      3.8 2022 12 20 10 43 39.300  2.63   1
   110519  40.575859 -124.142879    22.523     7566.0     2845.7     1095.5      2.5      1.5      2.0 2022 12 20 23 22 14.760  1.65   1
   110521  40.569678 -124.161947    22.933     5951.5     2159.4     1505.9      2.3      2.1      2.8 2022 12 23  1 11 44.550  1.32   1
   110522  40.643864 -124.084391    23.268    12512.9    10397.4     1841.2      2.1      1.0      0.4 2022 12 20 18 48 15.520  0.97   1
   110523  40.511727 -124.490332    23.599   -21869.6    -4275.8     2171.8      1.3      2.1      3.1 2022 12 21  1  7 33.310  3.25   1
   110524  40.607178 -124.081063    17.589    12798.2     6323.6    -3838.3      3.7      2.6      2.0 2022 12 21  9 31  7.840  1.25   1
   110525  40.619194 -124.081893    17.968    12726.7     7657.9    -3459.2      2.4      1.7      1.9 2022 12 26  7 21 10.390  0.93   1
   110526  40.489307 -124.510002    15.546   -23540.1    -6765.5    -5881.3      1.3      1.4      1.8 2023  2 18 20 58 10.920  1.67   1
   110527  40.521708 -124.440666    19.425   -17660.2    -3167.4    -2002.3      1.4      1.3      1.8 2022 12 22  3 55 53.820  1.44   1
   110529  40.553251 -124.256755    24.339    -2078.3      335.3     2911.9      1.3      0.7      3.6 2023  5 18 13 21 36.440  0.56   1
   110530  40.620284 -124.070443    15.908    13696.0     7779.0    -5519.7      2.4      1.6      1.9 2022 12 22  4 49 54.170  0.84   1
   110531  40.534009 -124.349219    18.699    -9911.7    -1801.5    -2728.2      1.2      0.8      1.5 2022 12 20 19 16  2.640  1.29   1
   110532  40.545593 -124.340218    16.332    -9148.4     -515.1    -5095.5      1.0      0.8      0.7 2022 12 23  4  9 55.040  1.00   1
   110534  40.529891 -124.406771    19.873   -14787.6    -2258.8    -1554.4      2.7      1.5      2.4 2023  1  4 16 29 55.050  1.61   1
   110535  40.523588 -124.412557    18.224   -15278.5    -2958.7    -3203.5      3.2      4.6      5.6 2022 12 22 10 55 51.720  0.98   1
   110537  40.609977 -124.079753    23.389    12908.8     6634.4     1962.1      2.1      1.4      1.4 2022 12 21 16 28 15.660  3.99   1
   110539  40.525378 -124.344295    18.645    -9495.2    -2759.9    -2781.8      1.6      2.2      3.0 2022 12 25  8 22 48.250  0.72   1
   110541  40.581165 -124.197420    18.859     2946.9     3434.9    -2568.1      2.6      0.7      2.6 2023  2 18  6 52 19.650  1.07   1
   110542  40.578455 -124.192773    18.367     3340.5     3134.0    -3060.2      3.8      1.2      2.6 2022 12 20 17 56  5.920  1.14   1
   110544  40.597697 -124.187866    20.410     3755.5     5270.8    -1017.2      4.2      1.8      3.2 2023  3 21 22 51 34.760  0.98   1
   110546  40.504525 -124.449146    18.929   -18380.9    -5075.6    -2498.0      1.1      1.4      2.0 2022 12 27  1 23 41.520  0.94   1
   110547  40.615356 -123.925798    21.446    25942.7     7231.8       18.8      2.2      1.7      3.1 2022 12 20 23 36 50.880  1.00   1
   110549  40.543148 -124.055924    19.766    14933.7     -786.7    -1661.5      1.1      1.0      0.9 2022 12 21  4 18 46.220  2.04   1
   110551  40.614412 -124.091764    17.992    11891.4     7126.9    -3435.6      0.9      0.5      0.9 2023  2 17 11 16 14.330  1.12   1
   110553  40.525000 -123.915519    20.671    26830.9    -2801.9     -756.2      1.6      1.5      1.6 2022 12 25  0 34  1.910  0.77   1
   110554  40.549723 -124.243587    18.234     -963.0      -56.5    -3193.2      1.2      0.7      1.0 2022 12 21  0  5 31.440  1.34   1
   110556  40.499292 -124.433366    23.576   -17044.5    -5656.6     2148.3      1.5      1.9      2.3 2023  2 25 14 23 27.120  1.53   1
   110559  40.613647 -124.133358    20.501     8370.0     7042.0     -926.3      7.4      3.0      5.3 2023  3 13  0 48 17.330  0.83   1
   110560  40.627698 -123.927344    21.623    25809.4     8602.2      195.7      1.4      0.5      1.6 2023  2  2  2 38 55.900  1.60   1
   110561  40.618176 -123.886458    22.926    29272.7     7544.9     1498.9      2.8      2.1      3.2 2022 12 20 17 35 32.520  1.17   1
   110564  40.597367 -124.114160    15.145     9996.6     5234.2    -6282.3      2.4      1.7      2.3 2022 12 24  4 18 59.420  0.99   1
   110566  40.610543 -124.108789    18.005    10450.4     6697.2    -3421.9      4.6      1.1      1.9 2022 12 22  5 24 44.100  2.65   1
   110568  40.499858 -124.472290    15.675   -20342.7    -5593.8    -5752.5      2.9      2.9      5.2 2023  3 22 19 35 25.080  1.32   1
   110569  40.647420 -124.022038    18.353    17790.4    10792.3    -3074.7      1.1      1.3      1.4 2023  1  2  9 44 23.910  0.93   1
   110570  40.601558 -124.124862    20.503     9090.1     5699.6     -923.9      1.4      1.1      1.6 2022 12 22  6 14 22.080  1.10   1
   110572  40.531836 -124.245020    18.940    -1084.5    -2042.8    -2487.7      1.7      1.8      1.6 2023  1  1 22 18 52.920  1.17   1
   110574  40.628670 -124.096468    19.860    11492.0     8710.2    -1566.9      2.4      2.9      2.7 2022 12 21 22 33 49.080  1.00   1
   110575  40.580473 -124.156551    27.219     6407.9     3358.1     5791.3      4.0      3.2      4.3 2022 12 23  1 10  6.400  0.80   1
   110577  40.615515 -124.229590    23.957      222.5     7249.4     2529.6      1.6      1.1      1.9 2022 12 25 19 13 28.400  0.95   1
   110578  40.567993 -124.143978    21.745     7473.4     1972.3      317.5      2.1      1.1      1.8 2022 12 20 20 26 41.720  2.13   1
   110579  40.520459 -124.351351    21.890   -10093.3    -3306.1      462.6      3.1      4.0      3.3 2022 12 21  8 58 34.030  0.97   1
   110580  40.613167 -124.044539    23.521    15889.9     6988.7     2093.6      1.1      1.0      1.3 2023  1  3  4 53 49.540  1.15   1
   110581  40.568079 -124.236426    20.387     -356.3     1981.8    -1040.2      2.4      1.0      1.5 2023  5 28 11 38 43.770  1.07   1
   110582  40.563717 -123.935791    22.092    25106.2     1497.4      664.6      0.8      1.2      1.1 2022 12 21 23 36 17.240  1.23   1
   110586  40.524565 -123.900553    20.136    28098.9    -2850.2    -1291.5      1.7      1.9      2.2 2022 12 22  5 36 49.910  0.70   1
   110587  40.606555 -123.914909    25.127    26866.3     6254.4     3700.2      1.9      1.7      2.7 2022 12 20 10 48 38.300  2.65   1
   110588  40.597290 -124.116764    18.245     9776.1     5225.6    -3182.5      0.9      1.1      1.3 2022 12 22  7 50 48.720  1.53   1
   110589  40.533065 -124.050285    19.499    15412.6    -1906.3    -1927.8      0.9      0.6      0.5 2022 12 21  0 13 29.150  1.50   1
   110590  40.650846 -123.880778    26.467    29746.4    11172.8     5040.2      3.8      3.3      7.3 2022 12 23 19 10 35.240  1.06   1
   110591  40.585832 -124.060433    21.003    14547.2     3953.2     -424.1      5.0      3.1      3.4 2022 12 25 22 34 55.360  0.82   1
   110592  40.618376 -124.077287    17.670    13116.8     7567.0    -3757.2      1.6      0.8      1.2 2023  1 18  8 28 49.360  0.92   1
   110594  40.558024 -123.937256    21.195    24983.2      865.3     -232.7      3.1      1.8      3.3 2022 12 21  0 45 40.230  1.26   1
   110595  40.591793 -124.326660    21.376    -7997.2     4615.1      -51.0      1.1      0.9      1.0 2022 12 20 10 52 39.340  3.28   1
   110596  40.541801 -124.338428    17.569    -8997.0     -936.2    -3858.7      2.2      2.2      3.5 2022 12 29  7 31 23.150  0.85   1
   110597  40.623730 -124.083415    19.862    12597.5     8161.7    -1564.1      2.8      1.8      2.0 2022 12 20 21 24 28.880  0.90   1
   110598  40.598165 -124.101839    23.048    11039.8     5322.7     1620.9      1.0      0.9      1.1 2022 12 26  1 46  3.150  1.45   1
   110600  40.524402 -124.384163    16.841   -12872.9    -2868.3    -4586.7      5.9      4.1      7.6 2022 12 20 19 51  5.480  1.33   1
   110604  40.576892 -123.948641    20.147    24015.6     2960.5    -1280.6      1.8      1.6      2.3 2022 12 21 17  1 49.600  1.16   1
   110605  40.518730 -124.431022    18.264   -16843.5    -3498.2    -3163.0      1.4      2.5      4.2 2022 12 22  7 33 35.520  1.14   1
   110607  40.658761 -124.015454    18.988    18346.2    12051.6    -2439.0      2.6      2.7      4.1 2022 12 21 14 33 24.290  1.52   1
   110608  40.643791 -124.026628    18.532    17402.4    10389.3    -2895.5      1.3      1.1      1.9 2022 12 25 12 29 55.020  1.64   1
   110609  40.575220 -124.154451    23.327     6586.0     2774.8     1899.4      2.4      1.7      2.4 2022 12 20 19 19  0.120  1.41   1
   110611  40.549052 -124.239030    18.521     -577.0     -131.0    -2906.2      2.6      3.7      2.8 2022 12 21 12 21 21.680  0.97   1
   110613  40.665426 -123.886580    22.809    29252.1    12791.7     1382.0      1.8      1.0      1.5 2022 12 27 17 40  9.980  1.83   1
   110614  40.550875 -124.314364    20.455    -6958.0       71.4     -972.3      4.0      2.9      3.9 2023  2 15 14 26 55.060  2.21   1
   110615  40.580180 -124.133577    22.417     8353.5     3325.6      989.3      2.4      1.8      3.2 2022 12 21  9 48 30.660  1.09   1
   110618  40.602572 -123.979061    22.564    21435.3     5812.1     1137.1      2.1      1.7      1.3 2022 12 20 23 30 29.600  1.04   1
   110619  40.598246 -123.917472    21.693    26650.9     5331.8      265.8      1.8      1.3      1.9 2022 12 22  4 23  9.220  0.67   1
   110620  40.602051 -123.891715    24.875    28831.1     5754.2     3448.0      2.0      2.4      2.7 2022 12 25 16 15  8.400  1.07   1
   110622  40.603646 -124.102783    15.626    10959.4     5931.4    -5801.3      0.6      0.5      0.4 2022 12 28  9 46 28.530  1.31   1
   110623  40.594788 -124.157951    23.017     6288.7     4947.7     1589.6      1.9      1.6      2.8 2022 12 30  9 23 12.150  1.07   1
   110624  40.609595 -124.110441    18.258    10310.6     6592.0    -3168.8      4.4      1.9      2.2 2023  4  2 23  2 20.160  1.02   1
   110625  40.551143 -124.072648    18.966    13516.2      101.2    -2461.3      1.4      1.0      1.1 2022 12 20 21 22 52.960  1.20   1
   110626  40.558024 -124.021248    21.728    17869.1      865.3      300.8      2.2      2.0      2.1 2022 12 24 20 57 12.400  1.30   1
   110627  40.590344 -124.193026    22.305     3318.8     4454.3      877.9      2.2      1.8      3.4 2022 12 20 16 59 23.800  1.39   1
   110628  40.551025 -123.885140    22.190    29399.0       88.1      763.2      1.4      1.1      0.8 2022 12 25  6 37 31.440  1.50   1
   110629  40.582113 -124.243433    23.810     -949.7     3540.2     2383.2      1.1      1.6      1.2 2023  2  2  2 53 51.230  0.90   1
   110630  40.601188 -124.111003    15.181    10263.7     5658.5    -6246.7      1.8      1.7      1.4 2022 12 22  6 38 46.920  0.92   1
   110631  40.600741 -123.999707    19.864    19687.4     5608.8    -1563.6      2.3      1.6      1.9 2022 12 22  6 27  3.370  1.14   1
   110633  40.512533 -124.451514    24.551   -18580.5    -4186.3     3124.2      1.2      1.3      3.5 2022 12 20 11 23 42.960  2.53   1
   110634  40.613090 -124.081641    15.706    12748.7     6980.1    -5721.5      2.1      1.3      2.0 2023  1  3  7 23 30.820  1.13   1
   110635  40.547835 -124.046680    22.818    15716.3     -266.1     1391.2      4.9      3.0      3.3 2022 12 24  7 16 44.450  1.51   1
   110636  40.580448 -124.216146    19.270     1361.1     3355.4    -2157.7      2.0      0.4      1.9 2023  5  5 10 50 40.220  0.86   1
   110637  40.545589 -124.336198    16.899    -8807.8     -515.6    -4528.0      3.5      3.2      4.4 2022 12 25 12 21 40.770  1.90   1
   110638  40.587964 -124.150741    24.047     6899.6     4190.0     2619.7      0.7      0.5      0.8 2022 12 21 19 17 30.720  1.31   1
   110641  40.644128 -123.998861    18.645    19752.7    10426.8    -2782.2      0.9      0.7      1.1 2022 12 25  9 11 59.060  0.70   1
   110643  40.539714 -123.911418    22.787    27175.4    -1168.0     1359.4      1.2      1.1      2.4 2023  2 16 18  3 27.440  1.53   1
   110644  40.562992 -123.979753    23.690    21383.0     1417.0     2263.0      1.1      0.9      0.9 2023  2 13  5 45 35.220  1.23   1
   110646  40.575252 -124.424113    23.270   -16251.3     2778.4     1843.1      1.7      1.2      1.4 2023  2  6 20 12  2.580  1.35   1
   110647  40.565544 -124.145109    22.082     7377.7     1700.3      655.0      2.9      1.9      3.9 2022 12 20 19  6 23.200  1.47   1
   110649  40.520056 -124.356160    22.537   -10500.8    -3350.9     1110.0      3.0      3.5      3.5 2022 12 25 23 13 35.000  1.83   1
   110650  40.701957 -123.952832    22.179    23638.7    16848.4      752.1      1.1      0.7      0.5 2022 12 26  9 16 16.030  1.67   1
   110651  40.612443 -123.825960    26.672    34396.0     6908.3     5244.3      2.2      1.8      2.4 2023  4  8  3  4 20.710  1.95   1
   110652  40.519491 -124.440519    15.481   -17648.0    -3413.7    -5945.8      1.1      2.4      3.2 2023  2  8 14 16 55.210  1.31   1
   110653  40.531250 -124.408716    17.426   -14952.2    -2107.9    -4001.3      4.6      4.7      9.6 2022 12 26  8 29 16.340  0.84   1
   110654  40.591260 -124.009131    23.210    18890.8     4556.0     1783.2      2.9      2.3      1.3 2022 12 24 22 12 36.600  2.10   1
   110655  40.566463 -124.022957    22.571    17723.2     1802.4     1144.2      2.9      2.0      2.8 2023  4 30 12 38 22.840  0.62   1
   110656  40.583480 -124.199837    25.178     2742.2     3692.0     3750.8      4.0      0.6      1.4 2023  1 20 22  9 26.880  0.94   1
   110660  40.539640 -124.340259    16.319    -9152.2    -1176.2    -5108.1      2.6      2.5      4.9 2022 12 31 15  5 32.620  1.28   1
   110663  40.580273 -123.955396    24.397    23442.9     3336.0     2969.5      0.8      0.6      0.7 2022 12 21 22 26 11.040  1.39   1
   110664  40.554106 -123.977067    20.810    21611.9      430.2     -616.8      2.1      1.7      2.5 2022 12 20 16  1 13.350  1.61   1
   110665  40.486157 -124.515047    17.024   -23968.3    -7115.2    -4402.9      1.9      2.7      4.7 2023  4  6  4 40 19.060  0.75   1
   110666  40.498478 -124.469344    18.079   -20093.3    -5747.0    -3347.8      1.8      2.2      5.1 2022 12 29  8 32 33.620  1.49   1
   110667  40.598482 -124.327572    20.814    -8074.0     5358.0     -612.9      1.5      1.2      3.2 2022 12 25  7 56 23.340  0.72   1
   110671  40.586251 -124.096411    23.276    11500.4     3999.7     1848.9      1.9      2.2      1.4 2022 12 20 23  1 57.840  1.31   1
   110672  40.539848 -124.349259    18.402    -9914.7    -1153.1    -3025.5      1.6      0.9      1.5 2023  4 15  0  7  1.200  0.77   1
   110673  40.586796 -124.234310    21.584     -177.1     4060.3      157.2      5.2      3.7      7.9 2022 12 21 16 59 16.830  0.92   1
   110674  40.552413 -124.224821    17.748      626.6      242.2    -3679.7      1.1      0.8      1.1 2022 12 23  5  1 13.690  1.08   1
   110675  40.703296 -123.931234    22.514    25465.8    16997.0     1087.1      2.4      1.5      3.2 2022 12 22 16 21 35.960  1.66   1
   110676  40.480981 -124.407520    19.848   -14856.4    -7689.9    -1579.1      1.6      1.4      2.6 2023  1 30 10 56 56.600  0.99   1
   110677  40.512122 -124.440389    17.240   -17638.0    -4232.0    -4187.5      1.3      1.6      2.4 2022 12 23  0 10 35.700  1.04   1
   110678  40.516951 -124.426986    17.174   -16501.7    -3695.6    -4253.6      0.6      0.9      1.3 2023  1  8  2 15 56.440  1.14   1
   110679  40.509123 -124.440275    17.731   -17628.7    -4565.0    -3696.6      1.3      0.8      1.8 2023  4 20 15 36 20.100  0.92   1
   110681  40.638436 -123.912834    21.301    27035.7     9794.6     -125.8      1.2      0.7      0.7 2022 12 21  2 53 42.600  1.60   1
   110683  40.504704 -124.452962    18.799   -18704.3    -5055.7    -2627.9      1.7      2.0      2.6 2022 12 21  8 21  0.830  1.29   1
   110685  40.526449 -124.378394    23.813   -12383.9    -2641.0     2385.8      1.4      1.6      1.0 2023  1 29  2 21 34.040  0.86   1
   110686  40.550130 -124.309595    17.814    -6554.1      -11.3    -3613.5      3.7      3.1      3.5 2022 12 20 19 42 50.340  1.43   1
   110687  40.644792 -124.052686    19.610    15196.6    10500.4    -1817.1      0.9      0.7      1.0 2022 12 26  1 31 33.690  1.21   1
   110688  40.682979 -123.881820    22.339    29651.2    14741.0      912.0      2.3      2.4      4.4 2022 12 20 16  7 38.970  2.01   1
   110689  40.543213 -123.755273    21.789    40401.5     -779.4      362.2      1.9      3.2      2.5 2022 12 22  0 56 27.730  0.68   1
   110692  40.511263 -124.471427    21.401   -20267.9    -4327.3      -26.4      2.9      3.0      3.6 2022 12 29 10 57 23.460  1.08   1
   110694  40.514583 -124.442106    19.430   -17783.1    -3958.6    -1997.7      2.2      2.0      2.5 2022 12 29  5 31  8.470  1.04   1
   110695  40.550374 -124.224430    17.721      659.7       15.8    -3706.0      0.6      0.5      0.6 2022 12 24  5  9  2.290  1.55   1
   110697  40.572428 -124.224089    17.384      688.5     2464.8    -4042.9      2.8      1.9      2.8 2022 12 23 20 30 28.480  1.23   1
   110698  40.541789 -124.237980    18.227     -488.1     -937.6    -3200.6      1.1      1.0      1.7 2023  1 26  5 47 35.730  1.04   1
   110699  40.517733 -124.415243    16.740   -15506.7    -3608.9    -4687.4      1.8      3.0      4.4 2022 12 22  9  7 10.520  0.52   1
   110700  40.576518 -124.204801    17.106     2321.9     2918.9    -4320.9      1.1      1.0      2.7 2022 12 25  3 58 23.130  0.90   1
   110702  40.629378 -123.959196    22.205    23112.7     8788.8      778.1      2.0      1.4      1.9 2022 12 20 23 26 24.700  1.53   1
   110703  40.531189 -124.361873    16.754   -10983.9    -2114.6    -4673.7      2.7      1.1      2.4 2022 12 22 14 28 55.050  1.12   1
   110705  40.513497 -123.875854    21.631    30193.9    -4079.3      203.6      1.1      1.2      1.0 2023  3  1  0 37 17.190  1.45   1
   110706  40.559635 -123.992676    23.936    20288.9     1044.2     2508.5      1.4      1.2      1.2 2022 12 20 23 41  1.760  1.68   1
   110707  40.546895 -123.846004    22.317    32714.9     -370.5      889.6      0.7      0.9      1.6 2022 12 21 22 14 18.520  1.56   1
   110708  40.578455 -124.214266    18.163     1520.3     3134.0    -3264.2      2.7      1.7      2.6 2023  3  5  0 34 58.820  1.58   1
   110710  40.605501 -124.147852    18.273     7143.3     6137.4    -3154.1      5.0      2.3      2.4 2023  1 14  1 10 27.140  1.46   1
   110711  40.615995 -124.069474    20.207    13778.5     7302.7    -1220.4      1.1      1.8      2.2 2022 12 20 21  2 39.800  1.14   1
   110712  40.557638 -123.953247    21.980    23628.8      822.4      553.0      1.4      1.1      1.0 2023  1 10 19 11 36.040  1.34   1
   110715  40.612256 -124.089233    15.964    12105.9     6887.5    -5463.3      3.9      2.0      2.4 2022 12 20 21 22 37.100  1.23   1
   110716  40.586365 -123.886051    21.549    29314.1     4012.4      122.0      2.6      2.6      5.6 2022 12 22  1 50 13.650  0.65   1
   110717  40.608203 -124.301628    19.956    -5876.7     6437.4    -1471.4      0.8      0.5      0.9 2023  4  9 21 13 25.880  0.97   1
   110718  40.523511 -124.432300    19.500   -16951.2    -2967.3    -1926.9      0.8      0.6      1.6 2022 12 22  3 44  5.310  1.01   1
   110720  40.585437 -124.203581    20.513     2425.1     3909.4     -914.6      3.4      2.5      2.5 2022 12 21  1 23  1.660  0.93   1
   110721  40.555465 -124.303337    18.650    -6023.8      581.1    -2777.0      3.3      1.5      2.6 2022 12 20 16 43 44.910  1.41   1
   110722  40.552026 -124.305168    19.944    -6179.0      199.3    -1482.9      3.8      1.3      2.3 2022 12 20 19 45  5.720  1.04   1
   110723  40.473568 -124.545304    21.817   -26534.9    -8513.2      389.6      1.8      1.8      2.3 2022 12 22  7 29 30.560  0.68   1
   110724  40.518726 -124.345060    19.345    -9560.4    -3498.6    -2082.2      1.7      1.7      2.2 2022 12 22  8 32 21.500  0.63   1
   110725  40.546399 -124.306673    17.770    -6306.8     -425.6    -3657.3      4.2      3.1      4.3 2022 12 24 21 51 17.000  0.84   1
   110726  40.518148 -124.432804    19.613   -16994.6    -3562.8    -1814.4      1.6      1.5      2.4 2022 12 25 10 58 46.850  0.74   1
   110727  40.516752 -124.358586    19.565   -10706.5    -3717.8    -1862.1      2.5      2.3      3.0 2022 12 26 20 22  8.180  1.12   1
   110728  40.519515 -124.420736    19.309   -15971.9    -3411.0    -2118.4      1.4      2.1      2.4 2023  1  3 14 30 47.720  1.13   1
   110729  40.576737 -124.208236    17.649     2031.0     2943.3    -3778.5      1.9      0.8      1.0 2023  1  4 10 27 27.700  1.40   1
   110731  40.511768 -124.440243    19.215   -17625.6    -4271.3    -2211.9      1.4      1.4      3.0 2023  3 16 18  8 14.040  1.34   1
   110735  40.534355 -124.344474    18.451    -9509.7    -1763.1    -2976.0      2.1      1.8      3.1 2022 12 20 21 52 17.400  1.04   1
   110736  40.506193 -124.335661    18.124    -8764.9    -4890.3    -3302.9      1.4      1.3      2.8 2022 12 22  5 34 15.770  1.28   1
   110737  40.523328 -124.423356    18.372   -16193.5    -2987.6    -3055.2      1.5      1.9      2.3 2022 12 22 10 19 33.470  1.21   1
   110738  40.545601 -124.314673    18.106    -6984.5     -514.2    -3321.3      3.7      2.5      4.6 2022 12 26 12 16 44.250  0.71   1
   110739  40.521204 -124.427604    18.102   -16553.6    -3223.5    -3324.8      1.7      1.5      3.1 2023  1 11  1 42 23.060  2.03   1
   110743  40.583175 -124.207365    17.875     2104.7     3658.1    -3552.6      5.1      2.5      4.7 2023  3 25 16 17 15.180  0.90   1
   110745  40.515295 -124.431014    18.753   -16843.2    -3879.5    -2674.0      1.3      1.3      1.5 2023  1 20  8 32 25.670  1.94   1
   110746  40.516732 -124.447437    20.881   -18234.5    -3720.0     -546.0      2.1      2.0      2.5 2023  2 15 19 15 16.420  1.23   1
   110747  40.544214 -124.338647    19.801    -9015.4     -668.3    -1626.7      3.3      3.2      3.5 2022 12 23 14  7  9.940  0.88   1
   110748  40.553890 -124.441724    24.392   -17745.6      406.2     2964.6      3.0      2.6      9.1 2022 12 20 15 58 21.830  1.76   1
   110749  40.501375 -124.467407    13.846   -19928.8    -5425.3    -7581.5      3.6      4.0      6.0 2022 12 26  6 35 42.200  1.15   1
   110750  40.594926 -124.117822    17.155     9686.7     4963.1    -4272.1      1.5      1.3      1.9 2023  1 14  6 13 33.720  1.13   1
   110751  40.575016 -123.988102    20.920    20674.0     2752.2     -507.4      2.0      1.5      2.1 2022 12 20 17 38 50.000  1.62   1
   110752  40.581677 -124.211914    21.060     1719.5     3491.9     -367.3      2.1      0.7      0.9 2022 12 22 21 13 37.280  0.95   1
   110753  40.526619 -124.325024    18.322    -7862.5    -2622.1    -3105.5      2.7      2.3      3.1 2022 12 22 22  2  6.300  1.11   1
   110754  40.523324 -124.357935    18.662   -10650.9    -2988.0    -2765.6      2.1      2.0      2.6 2022 12 22 22 45  9.160  1.52   1
   110757  40.524715 -124.344718    19.389    -9531.1    -2833.5    -2038.6      2.1      2.1      2.2 2022 12 28 13 28 43.290  1.64   1
   110758  40.552734 -124.236125    19.646     -330.9      277.9    -1781.2      1.3      1.0      1.4 2023  1 15 15 14  5.770  1.41   1
   110759  40.527336 -124.417074    18.892   -15660.7    -2542.5    -2535.3      3.8      3.7      4.6 2023  2 10 21  1  5.660  1.17   1
   110761  40.584664 -124.152165    22.436     6779.2     3823.5     1008.4      2.0      1.7      2.3 2023  1 21 22  3  8.900  1.49   1
   110765  40.524402 -124.406348    18.199   -14752.4    -2868.3    -3228.0      3.0      3.4      5.1 2022 12 24  2 43 20.530  1.79   1
   110766  40.504496 -124.445996    17.593   -18114.1    -5078.7    -3834.1      2.0      2.4      3.2 2023  2  7 19 48  3.920  1.35   1
   110767  40.504220 -124.481689    18.053   -21138.5    -5109.5    -3374.6      2.9      2.2      7.3 2023  5  3  4 14 16.070  1.55   1
   110768  40.535083 -124.343213    18.915    -9402.8    -1682.2    -2512.4      2.2      2.3      2.9 2023  2 17 23 11 43.020  1.41   1
   110769  40.576941 -124.217049    18.714     1284.7     2965.9    -2712.8      2.9      1.5      3.3 2022 12 22 11 55 31.760  1.02   1
   110770  40.592509 -124.101554    24.965    11064.4     4694.7     3538.1      1.4      1.7      1.5 2023  1  4  8 48  8.840  1.05   1
   110771  40.514868 -124.443075    18.044   -17865.2    -3927.0    -3383.4      0.3      0.3      1.0 2022 12 21 11 33 42.730  2.09   1
   110772  40.518136 -124.421623    17.086   -16047.2    -3564.2    -4341.3      2.9      3.0      4.1 2022 12 22  1 51 31.680  0.96   1
   110774  40.515560 -124.426864    19.414   -16491.6    -3850.2    -2013.0      1.7      1.7      2.9 2022 12 22 13 45 54.290  0.88   1
   110778  40.592196 -124.092074    21.723    11867.2     4659.9      295.4      3.4      3.6      5.6 2022 12 20 13 10 43.400  0.88   1
   110780  40.514469 -124.439779    18.456   -17586.0    -3971.3    -2970.8      1.2      0.7      1.9 2023  1 27  2 38 13.190  1.41   1
   110781  40.599906 -124.020304    21.067    17943.5     5516.1     -359.9      2.4      2.2      2.6 2022 12 22  7 36 42.420  0.86   1
   110782  40.520439 -124.419800    16.781   -15892.5    -3308.4    -4646.1      2.8      4.3      5.4 2023  1 19  4 55  2.650  1.72   1
   110783  40.535539 -124.239543    19.477     -620.5    -1631.6    -1950.7      1.4      1.1      1.6 2022 12 21  9 13 55.700  1.90   1
   110785  40.601799 -124.111906    16.398    10187.1     5726.2    -5029.3      3.5      1.9      2.7 2023  3 27 13  6 21.780  0.85   1
   110786  40.514738 -124.443262    17.993   -17881.0    -3941.4    -3434.1      1.3      1.2      1.7 2022 12 21 10 46 12.660  1.82   1
   110787  40.588558 -124.186084    20.253     3906.7     4255.9    -1174.3      3.8      1.7      3.3 2022 12 22  9 24 48.500  0.91   1
   110788  40.660970 -124.008757    19.337    18912.7    12297.0    -2089.8      2.2      2.0      2.3 2022 12 22  1 16  9.260  0.66   1
   110789  40.523478 -124.418278    18.781   -15763.2    -2970.9    -2646.5      2.6      3.4      3.9 2022 12 23 19 12 41.740  1.83   1
   110790  40.570398 -124.198682    21.839     2840.3     2239.3      411.5      3.0      1.4      2.3 2022 12 24 15 43 41.860  0.86   1
   110791  40.523975 -124.411019    21.982   -15148.2    -2915.8      555.0      1.6      1.7      2.6 2022 12 21 21 14 36.000  0.82   1
   110793  40.516569 -124.411597    20.896   -15197.9    -3738.1     -530.8      2.2      1.9      2.9 2022 12 26 14 17  3.520  0.91   1
   110794  40.595508 -124.113127    18.167    10084.2     5027.7    -3260.4      0.7      0.6      0.8 2023  3 11 16 16 54.220  1.44   1
   110796  40.544320 -124.335938    16.804    -8785.9     -656.5    -4623.3      1.2      1.3      2.5 2022 12 22  1 52 50.750  1.67   1
   110797  40.520715 -124.351351    19.486   -10093.3    -3277.7    -1941.4      1.5      1.4      1.4 2022 12 24 21 53 24.440  1.63   1
   110799  40.523999 -124.406014    18.917   -14724.1    -2913.0    -2510.7      3.2      5.0      3.2 2022 12 20 10 40 17.470  2.91   1
   110801  40.558272 -124.235311    20.002     -261.9      892.8    -1425.5      2.1      1.0      1.6 2022 12 20 12 16  5.480  2.04   1
   110802  40.570374 -124.077718    19.209    13084.9     2236.6    -2218.4      2.6      3.0      1.5 2022 12 21  0 15 31.010  2.88   1
   110803  40.651265 -124.021208    18.934    17860.2    11219.3    -2493.4      2.9      1.7      4.3 2022 12 22  5 56 58.350  0.78   1
   110804  40.518258 -124.437630    19.463   -17403.4    -3550.6    -1964.3      1.4      1.5      2.2 2022 12 20 20 38 36.440  1.22   1
   110806  40.515361 -124.431494    19.030   -16883.9    -3872.3    -2397.5      1.6      1.0      3.2 2023  2  1  8 26 47.510  1.32   1
   110808  40.538216 -124.339469    17.355    -9085.5    -1334.3    -4072.4      2.1      2.1      3.8 2023  3 31  1 48 56.260  0.92   1
   110809  40.520337 -124.442716    20.682   -17834.1    -3319.7     -745.7      2.5      1.3      4.9 2022 12 22  0 38 39.810  1.01   1
   110810  40.617904 -124.080965    17.053    12805.4     7514.6    -4374.1      2.5      2.0      2.8 2023  1  4  6 36 41.150  1.09   1
   110812  40.603385 -124.141211    18.201     7705.7     5902.4    -3226.2      6.1      5.2      4.1 2023  2  2  5 38 31.180  0.92   1
