   101475  40.580725 -123.982552    20.754    21143.1     3386.1     -673.3     13.3     13.5     17.0 2020  1  4 12 29  8.640  0.00   1
   101476  40.580457 -123.982267    20.686    21167.3     3356.3     -741.2     16.5     16.0     15.5 2020  2 13 22 21 36.940  0.00   1
   101477  40.581698 -123.981698    20.822    21215.3     3494.1     -605.3      9.8      7.0     22.6 2020  3 19  1  4 26.040  0.00   1
   101481  40.581124 -123.983097    20.714    21096.9     3430.4     -713.4     14.8      7.8     13.9 2021  3 29 15 56 33.780  0.00   1
   101482  40.581124 -123.982764    20.741    21125.1     3430.4     -686.0     14.8      8.2     14.9 2021  3 29 13 44 54.940  0.00   1
   101483  40.581230 -123.982804    20.745    21121.7     3442.2     -681.8     15.6      9.4     15.2 2021  3 30 14 30 26.580  0.00   1
   101484  40.581136 -123.982650    20.749    21134.8     3431.8     -678.5     14.0      7.8     15.5 2021  3 30 16 56 58.820  0.00   1
   101487  40.581433 -123.982438    20.797    21152.6     3464.7     -629.8     10.7     10.6     18.3 2021  9 19 18 51 35.660  0.00   1
   101488  40.582166 -123.981258    20.765    21252.4     3546.1     -662.6     15.1     12.2     18.8 2021 12  7  4 20 27.260  0.00   1
   101564  40.533512 -124.272420    11.646    -3405.7    -1856.6    -9781.0     24.6     11.2     11.8 2020  1  4 11 37 20.680  0.00   1
   102513  40.563529 -124.126359    22.250     8965.9     1476.6      823.2     34.0     19.8     33.3 2020  1 21 18 29 29.080  0.00   1
   102514  40.564547 -124.125399    22.393     9047.2     1589.6      966.0     37.8     21.0     41.7 2020  1 21 18 17 50.920  0.00   1
   102517  40.563839 -124.120719    22.962     9443.5     1511.0     1534.4     34.5     25.6     34.8 2020  1 21 18 17 12.580  0.00   1
   102584  40.564095 -124.120410    22.545     9469.7     1539.4     1117.8     29.5     16.8     22.2 2021 12 19 16 15 38.560  0.00   1
   102602  40.484644 -124.510295    24.500   -23565.8    -7283.3     3072.5     32.7     23.7     46.9 2021  8 10 19 30 57.060  0.00   1
   102603  40.484269 -124.505599    24.767   -23167.9    -7324.9     3339.4     27.5     21.8     40.0 2021  8 28  7 10 22.180  0.00   1
   102606  40.485335 -124.504354    24.223   -23062.2    -7206.5     2796.1     25.0     25.1     50.9 2021 11  9 13 23 16.920  0.00   1
   102608  40.483813 -124.503857    25.741   -23020.4    -7375.5     4313.7     30.6     38.4     55.2 2022  9  7 17 54 42.580  0.00   1
   102707  40.434607 -124.602100    24.228   -31357.4   -12839.6     2801.0      3.4      3.9     15.9 2020  1  5 11  4 39.240  0.00   1
   102709  40.434607 -124.602108    24.227   -31358.1   -12839.6     2799.7      3.3      3.9     11.0 2020  3 12 15 20 18.660  0.00   1
   102710  40.434603 -124.602116    24.234   -31358.8   -12840.1     2806.5      2.6      2.8      9.9 2020  3 19  0  0 12.240  0.00   1
   102711  40.434644 -124.602181    24.209   -31364.3   -12835.6     2781.5      6.3      4.2     30.3 2020  4 15  6 22 46.200  0.00   1
   102713  40.434611 -124.602059    24.228   -31354.0   -12839.2     2801.0      2.5      2.8     12.1 2020  5  1 21 27  1.720  0.00   1
   102715  40.434762 -124.602295    24.375   -31374.0   -12822.5     2948.1      7.3      9.0     45.0 2020  5 19  4 18  4.680  0.00   1
   102716  40.435754 -124.601359    23.780   -31294.4   -12712.2     2352.6     10.9     15.0      8.0 2020  5 19 15 58 35.460  0.00   1
   102717  40.436930 -124.602604    23.898   -31399.7   -12581.6     2470.6     16.7     21.6      9.6 2020  5 19  8 56  4.240  0.00   1
   102718  40.434725 -124.601025    23.775   -31266.3   -12826.5     2347.4      6.3      6.7      7.4 2020  6  2  1 55 48.260  0.00   1
   102719  40.434615 -124.601945    24.232   -31344.3   -12838.7     2804.9      5.5      3.8     12.5 2020  6  9 10 29  1.040  0.00   1
   102720  40.435335 -124.601318    24.155   -31291.0   -12758.7     2727.8      5.9      7.0     11.6 2020  6  9 11 54 57.660  0.00   1
   102721  40.434517 -124.601912    24.398   -31341.6   -12849.6     2970.8      4.8      4.1     14.2 2020  6 11 11 48 29.660  0.00   1
   102723  40.434615 -124.602002    24.227   -31349.2   -12838.7     2799.6      4.4      4.0     13.1 2020  6 28  9  4 35.860  0.00   1
   102727  40.434607 -124.602108    24.236   -31358.1   -12839.6     2809.3      3.3      3.5     11.1 2020  9 21 21 53 10.520  0.00   1
   102728  40.434753 -124.600773    23.648   -31245.0   -12823.4     2220.5      7.7      3.8      7.2 2020  9 28  9 34 39.840  0.00   1
   102729  40.434611 -124.602026    24.227   -31351.2   -12839.2     2800.1      3.9      3.5     11.0 2020  9 29 16 42 12.380  0.00   1
   102730  40.434611 -124.602018    24.228   -31350.5   -12839.2     2800.9      3.5      3.4     10.7 2020  9 29 16  6 55.980  0.00   1
   102731  40.434766 -124.601774    24.309   -31329.8   -12822.0     2881.8      6.6      8.0     29.4 2020 10  8  8 34 56.540  0.00   1
   102732  40.434867 -124.602189    24.200   -31365.0   -12810.7     2772.6      4.7      7.9     14.1 2020 10 13 22  5 11.460  0.00   1
   102733  40.434603 -124.602116    24.235   -31358.8   -12840.1     2808.1      2.2      2.6      9.1 2020 11 11  2 48 36.380  0.00   1
   102734  40.434615 -124.602246    24.212   -31369.9   -12838.7     2784.8      6.1      3.6     11.4 2020 12 19  3 23 42.480  0.00   1
   102736  40.434941 -124.599764    23.622   -31159.4   -12802.6     2194.6     13.3      4.8     16.2 2021  1 21 20 46 20.820  0.00   1
   102737  40.434615 -124.602059    24.225   -31354.0   -12838.7     2797.6      3.9      3.6     12.3 2021  2 12  4 31  7.420  0.00   1
   102738  40.434810 -124.600822    23.789   -31249.1   -12817.0     2361.8      9.4      4.0     11.8 2021  2 12 20  8 51.240  0.00   1
   102739  40.434607 -124.602181    24.222   -31364.3   -12839.6     2794.5      5.2      4.1     13.8 2021  2 12  4 29 14.400  0.00   1
   102740  40.434639 -124.601359    23.958   -31294.7   -12836.0     2531.1      6.3      5.3      9.3 2021  2 20 23 40 36.700  0.00   1
   102741  40.434619 -124.602026    24.228   -31351.2   -12838.3     2800.4      3.6      3.9     13.6 2021  4 14  4 39 59.360  0.00   1
   102742  40.434615 -124.601953    24.229   -31345.0   -12838.7     2801.3      4.9      2.8     10.3 2021  4 14  1 27 41.100  0.00   1
   102743  40.434615 -124.602075    24.225   -31355.4   -12838.7     2797.7      3.6      4.0     12.4 2021  4 14  5 38 37.620  0.00   1
   102745  40.435470 -124.602124    23.846   -31359.3   -12743.8     2418.7      9.3     10.1      8.1 2021  5 17  6 53 57.120  0.00   1
   102749  40.434611 -124.602059    24.230   -31354.0   -12839.2     2802.7      3.1      3.2     14.5 2021  7 10 11 59 45.840  0.00   1
   102751  40.434611 -124.602026    24.226   -31351.2   -12839.2     2798.7      4.0      4.4     16.9 2021  8 31 18 13 15.560  0.00   1
   102754  40.434611 -124.602059    24.228   -31354.0   -12839.2     2801.0      4.0      4.6     18.9 2021  9 23  9 33 50.540  0.00   1
   102755  40.435315 -124.602002    24.165   -31349.0   -12761.0     2737.8      6.2     10.3     13.5 2021  9 30 19 10  2.220  0.00   1
   102756  40.434603 -124.602083    24.230   -31356.1   -12840.1     2803.2      4.0      4.3     13.0 2021 10  8 23 40 58.400  0.00   1
   102759  40.434607 -124.602059    24.230   -31354.0   -12839.6     2802.8      3.1      3.1     14.5 2021 11  4  9  5 14.280  0.00   1
   102761  40.434611 -124.602051    24.225   -31353.3   -12839.2     2797.6      3.7      4.5     13.0 2021 12  9 20 12 36.400  0.00   1
   102763  40.434611 -124.602051    24.225   -31353.3   -12839.2     2798.0      3.8      4.3     13.1 2021 12 18  5 17 48.600  0.00   1
   102764  40.434607 -124.602100    24.234   -31357.4   -12839.6     2807.2      2.7      3.3      9.7 2021 12 20  7 12 18.880  0.00   1
   102768  40.430070 -124.603695    24.868   -31493.7   -13343.4     3440.8     16.8     36.9     39.6 2022  2 24 23 18 18.200  0.00   1
   102773  40.434603 -124.602124    24.231   -31359.5   -12840.1     2803.8      3.5      4.8     13.5 2022  4 10 14  1 19.800  0.00   1
   102775  40.435295 -124.602018    24.166   -31350.4   -12763.3     2738.9      6.3     10.3     14.2 2022  5 12 21 39 49.620  0.00   1
   102776  40.434656 -124.601318    24.245   -31291.2   -12834.2     2817.6     11.6      3.9     10.5 2022  5 15 21 30 42.600  0.00   1
   102777  40.434607 -124.602360    24.212   -31379.5   -12839.6     2784.3      7.3      4.9     14.9 2022  6  2  9 50 27.060  0.00   1
   102778  40.431836 -124.604183    24.576   -31534.7   -13147.3     3148.5     17.5     19.9     30.4 2022  6 17  0 59 30.760  0.00   1
   102780  40.434611 -124.601953    24.229   -31345.0   -12839.2     2801.4      4.8      3.2      9.7 2022  7 21  2 41 31.540  0.00   1
   102781  40.434607 -124.602067    24.228   -31354.7   -12839.6     2800.6      4.3      4.1     11.0 2022  7 28  9 22  9.400  0.00   1
   102783  40.434851 -124.602140    24.224   -31360.8   -12812.5     2796.4      5.9      9.5     23.7 2022  8 24 18 40  2.660  0.00   1
   102785  40.433171 -124.600374    23.764   -31211.5   -12999.1     2337.2     12.1     20.9     41.8 2022  8 29 10  0 58.040  0.00   1
   102786  40.434631 -124.602140    24.224   -31360.9   -12836.9     2796.9      4.8      5.4     23.7 2022  9 18 15 28 46.440  0.00   1
   102787  40.434611 -124.602059    24.227   -31354.0   -12839.2     2799.7      3.3      3.8     15.3 2022 10  2 19 33 34.380  0.00   1
   102789  40.434587 -124.602246    24.239   -31369.9   -12841.9     2812.2      4.2      4.6     14.7 2022 10 17  4 45 23.620  0.00   1
   102790  40.434619 -124.602091    24.217   -31356.8   -12838.3     2790.0      3.8      4.0     14.9 2022 10 19 22 24 12.120  0.00   1
   102792  40.434623 -124.602100    24.230   -31357.4   -12837.8     2803.1      3.1      3.4     17.1 2022 11  4 23 19 49.560  0.00   1
   102793  40.434623 -124.602075    24.225   -31355.4   -12837.8     2797.5      3.8      4.8     20.4 2022 11 28  6 17 43.580  0.00   1
   102871  40.525163 -124.420085    23.403   -15916.1    -2783.8     1975.6     24.6     26.3     38.0 2021 12 21 11 40 42.620  0.00   1
   102873  40.525700 -124.419491    23.397   -15865.7    -2724.2     1969.9     36.3     41.1     57.3 2021 12 27  5 28 17.460  0.00   1
   102877  40.517957 -124.414242    23.985   -15421.9    -3584.0     2557.3     21.2     25.5     28.5 2022 11 12  9 39  9.180  0.00   1
   102881  40.574858 -123.888485    22.672    29110.5     2734.6     1244.5     41.1     40.7     39.9 2020  6  5  7 17 17.540  0.00   1
   102882  40.588460 -123.897493    22.146    28344.7     4245.1      718.9     44.6     45.8     49.2 2021  8 31 10  1 55.460  0.00   1
   102884  40.587138 -123.893359    22.578    28695.1     4098.2     1150.9     35.1     36.2     32.0 2022  7  8 14 14 25.800  0.00   1
   102885  40.572664 -123.881266    22.456    29722.3     2491.0     1029.0     36.7     38.0     37.5 2022 10 15  6 34 45.100  0.00   1
   102906  40.550834 -124.492367    22.668   -22035.6       66.9     1240.6     43.9     36.2     77.6 2020  1  8  5 26 50.000  0.00   1
   102908  40.549910 -124.498657    23.896   -22568.6      -35.7     2468.7     42.0     35.8     35.3 2020 10 11 20 54  2.280  0.00   1
   102909  40.543486 -124.504850    27.193   -23094.3     -749.2     5766.0     44.2     42.0     79.5 2021  4 28 19 33 47.460  0.00   1
   102910  40.548307 -124.498397    24.372   -22546.8     -213.7     2945.2     45.3     37.9    128.7 2021  6 12  7 57 57.640  0.00   1
   102911  40.545264 -124.506177    25.033   -23206.4     -551.7     3605.7     25.8     25.7     57.9 2021  6 22  2 52 24.640  0.00   1
   102915  40.545231 -124.506307    25.095   -23217.4     -555.3     3668.1     25.5     25.2     53.7 2021 11 28 13  7  4.440  0.00   1
   102916  40.548499 -124.501839    23.898   -22838.4     -192.5     2471.2     40.8     35.9     36.0 2021 12 21 13 58 37.080  0.00   1
   102917  40.550362 -124.497477    23.875   -22468.6       14.5     2447.9     42.9     36.1     35.8 2021 12 21  8 24 22.960  0.00   1
   103853  40.620386 -123.941772    22.021    24589.3     7790.3      593.6     31.8     25.5     43.2 2020  1 15 17  9  9.680  0.00   1
   103854  40.619132 -123.947477    21.513    24106.6     7651.1       85.9     21.2     24.9     30.5 2020  9  6  8  2 35.820  0.00   1
   103855  40.624508 -123.950049    21.524    23887.9     8248.0       96.5     18.8     25.3     32.7 2021 11 17  1 30  5.520  0.00   1
   103856  40.622847 -123.948551    21.565    24015.0     8063.6      138.0     26.6     13.3     28.1 2022  1 29  9  3 15.000  0.00   1
   103857  40.621769 -123.946077    21.767    24224.6     7943.9      339.7     28.8     18.4     26.5 2022  5 22  1 31 29.140  0.00   1
   103859  40.624609 -123.950220    21.507    23873.4     8259.3       79.7     18.9     25.9     32.8 2022  5 23  3 58 56.800  0.00   1
   103861  40.621248 -123.948218    21.619    24043.5     7886.0      191.9     26.5     11.7     27.3 2022  7 27 10 38  4.700  0.00   1
   103862  40.621908 -123.948519    21.603    24017.9     7959.2      175.3     25.5     17.3     28.0 2022 11 17 16  3 25.080  0.00   1
   103863  40.620785 -123.945614    21.779    24264.0     7834.5      351.8     28.0     10.9     26.5 2022 11 20 23 28 37.040  0.00   1
   103948  40.582450 -123.920581    25.782    26390.8     3577.7     4355.0     39.3     17.6     25.3 2020  7 15 23 27 17.180  0.00   1
   103949  40.582174 -123.921411    25.787    26320.6     3547.0     4359.6     40.8     18.3     25.6 2020  7 15 23 27  7.480  0.00   1
   103953  40.586019 -123.920345    25.474    26410.1     3974.0     4046.4     37.6     14.0     31.1 2021  6 28 22 30 49.640  0.00   1
   103955  40.588367 -123.917236    25.704    26672.9     4234.7     4277.1     32.1     25.7     27.4 2021  8 18 13 15  3.800  0.00   1
   103957  40.584306 -123.911678    25.806    27144.4     3783.7     4379.0     21.0     13.3     18.1 2021  9 30  0  5  3.500  0.00   1
   103958  40.584660 -123.910978    25.739    27203.6     3823.1     4311.6     22.3     12.5     21.4 2021 10 16 22 17 33.780  0.00   1
   103963  40.584428 -123.909619    25.836    27318.7     3797.3     4408.8     27.6     14.9     22.9 2022 10  3  1 19 38.240  0.00   1
   104037  40.619934 -124.313110    19.719    -6848.4     7740.1    -1708.7     24.1     13.8     29.3 2020  3 23  9 10 34.260  0.00   1
   104039  40.620728 -124.314404    19.933    -6957.9     7828.2    -1494.6     23.8     13.6     33.5 2020  3 31  1 10 40.520  0.00   1
   104040  40.620695 -124.314673    19.962    -6980.6     7824.6    -1465.4     21.4     13.8     23.5 2020 12 20  9 55 52.280  0.00   1
   104042  40.620768 -124.315063    19.947    -7013.7     7832.7    -1480.4     20.5     17.5     32.3 2020 12 20 10 47 46.800  0.00   1
   104043  40.620833 -124.313574    20.318    -6887.6     7840.0    -1109.5     18.1     15.5     42.8 2020 12 20 10 15 13.920  0.00   1
   104047  40.623775 -124.321745    19.120    -7579.2     8166.6    -2307.0     42.3     29.0     86.2 2021  4 20 22 55  3.440  0.00   1
   104048  40.620984 -124.323958    17.772    -7766.7     7856.7    -3654.9     38.0     26.8     50.0 2021  4 24 18 32 32.740  0.00   1
   104049  40.620597 -124.314551    19.991    -6970.3     7813.8    -1436.5     21.9     17.9     30.3 2021  6 29 21  7 22.600  0.00   1
   104052  40.620532 -124.314193    20.000    -6940.0     7806.5    -1427.7     28.9     17.1     46.6 2021  7  2  7 55 22.400  0.00   1
   104053  40.617879 -124.312964    20.647    -6836.1     7511.9     -780.4     23.5     24.8     45.9 2021  7  3 16 38 35.240  0.00   1
   104054  40.620475 -124.314087    20.027    -6931.0     7800.2    -1399.9     19.7     14.2     66.5 2021  7 14 14 46 21.240  0.00   1
   104055  40.620544 -124.314738    19.986    -6986.1     7807.9    -1441.4     19.2     15.0     31.0 2021  9 17 10  9 30.180  0.00   1
   104056  40.619812 -124.312020    19.903    -6756.1     7726.5    -1524.5     21.5     15.8     29.8 2021 11 18  9 48  5.620  0.00   1
   104060  40.619816 -124.312044    19.904    -6758.1     7727.0    -1523.4     21.7     15.7     29.1 2022  4 14 20  4 26.860  0.00   1
   104061  40.620626 -124.314526    19.983    -6968.2     7816.9    -1444.7     23.0     14.5     20.2 2022  6 16 20 44 53.720  0.00   1
   104064  40.619804 -124.311995    19.900    -6754.0     7725.6    -1526.8     21.4     15.7     33.0 2022 10 23 23 59  6.320  0.00   1
   104510  40.562569 -124.131177    22.447     8557.9     1370.0     1020.1     29.4     24.0     27.8 2020  1 21 18 16 13.040  0.00   1
   104905  40.509257 -124.417830    24.967   -15727.0    -4550.1     3540.0     27.5     19.2     46.2 2020  6 22 15 25 24.880  0.00   1
   104911  40.511186 -124.420288    24.175   -15935.0    -4335.9     2748.2     18.8     16.4     30.2 2021  5 20 19 21 47.940  0.00   1
   104917  40.508907 -124.421289    24.315   -16020.0    -4588.9     2888.0     17.6     21.7     30.8 2021  9 17 15 11 51.640  0.00   1
   104918  40.508346 -124.421859    24.442   -16068.4    -4651.3     3014.4     15.0     13.4     33.4 2021 10  5 18 21 58.320  0.00   1
   104919  40.509261 -124.421061    24.147   -16000.7    -4549.6     2720.1     21.4     19.5     38.2 2021 10 16  3 19 23.200  0.00   1
   104923  40.508508 -124.421761    24.365   -16060.1    -4633.2     2937.7     28.5     21.4     47.3 2021 12 22  5 52  2.020  0.00   1
   104928  40.511182 -124.420329    24.171   -15938.4    -4336.4     2743.5     18.7     16.6     30.7 2022  1 30  2  6 57.660  0.00   1
   104932  40.511165 -124.420329    24.173   -15938.4    -4338.2     2745.9     18.6     16.4     30.5 2022  3  5  0 58 53.080  0.00   1
   104936  40.511149 -124.420394    24.177   -15943.9    -4340.0     2750.0     18.1     15.9     30.6 2022  7 27  2 17 47.560  0.00   1
   104940  40.518998 -124.493107    15.830   -22103.6    -3468.4    -5597.5     17.0     22.0     31.1 2020  1 27  9 51 13.860  0.00   1
   104941  40.518880 -124.492952    15.830   -22090.5    -3481.5    -5597.0     17.8     18.9     31.9 2020  2 20  6 32 59.280  0.00   1
   104942  40.519051 -124.493034    15.795   -22097.4    -3462.5    -5632.7     17.8     19.7     33.4 2020  4  6  9 21 20.960  0.00   1
   104943  40.518636 -124.492220    15.844   -22028.5    -3508.6    -5583.0     19.3     21.4     22.3 2020 12 17 16 41  8.520  0.00   1
   104944  40.516695 -124.489331    16.052   -21784.0    -3724.1    -5375.4     96.4    101.4    320.0 2020 12 19 14 18 19.400  0.00   1
   104945  40.519552 -124.498047    16.038   -22522.0    -3406.9    -5389.2     28.2     36.6     67.9 2021  5 24  0 40 45.520  0.00   1
   104946  40.519718 -124.498161    16.019   -22531.6    -3388.4    -5408.3     24.7     35.1     67.9 2021 11  6  3 38 12.480  0.00   1
   105067  40.735905 -123.937614    23.149    24920.0    20618.1     1721.9     45.8     29.2     37.4 2020  1 29 17 29  4.280  0.00   1
   105385  40.552055 -123.973657    21.425    21901.0      202.4       -1.8     29.2     27.0     12.5 2021  4  1  4 46 23.960  0.00   1
   105390  40.603056 -123.979810    21.773    21371.8     5865.8      345.5     37.8     24.7     40.7 2021  5 23 15 44  5.100  0.00   1
   105391  40.602804 -123.976880    21.764    21619.9     5837.8      337.1     33.1     24.0     40.6 2021  6 30  5 49 47.860  0.00   1
   105468  40.663041 -123.996224    26.658    19973.1    12526.9     5230.6     37.9     18.0     43.0 2021 12 21  1 32 33.780  0.00   1
   105476  40.759371 -123.867822    20.671    30818.1    23223.9     -756.2     27.4     17.2     42.2 2021  4 17 11 13 27.660  0.00   1
   105477  40.755737 -123.867033    20.807    30885.7    22820.4     -620.7     27.0     25.8     40.4 2021  5 16 18 21  8.560  0.00   1
   105483  40.759371 -123.867814    20.670    30818.8    23223.9     -756.9     27.6     17.3     41.5 2022  5  4  3 34 42.980  0.00   1
   105706  40.592904 -124.051253    22.306    15323.7     4738.5      879.2     28.3     17.1     26.9 2020  2  8  2 28 57.160  0.00   1
   105713  40.598181 -124.048104    22.572    15589.8     5324.5     1144.4     23.9     16.4     34.4 2021  8 21  3 33 28.140  0.00   1
   105954  40.545858 -124.065015    19.641    14163.4     -485.7    -1786.4     15.2     19.0     19.7 2020  2  8 19 52 44.320  0.00   1
   105955  40.543620 -124.066162    19.461    14066.4     -734.2    -1965.9     17.4     23.3     20.2 2020  2 23  1  6 17.520  0.00   1
   105956  40.544580 -124.063110    19.848    14324.8     -627.6    -1578.8     25.7     20.9     24.5 2020 10 23 10 31 25.740  0.00   1
   105957  40.544596 -124.063135    19.847    14322.8     -625.8    -1580.2     25.5     20.7     24.3 2021  2 19 15  2  5.840  0.00   1
   105958  40.544564 -124.063062    19.851    14329.0     -629.4    -1576.0     25.8     21.1     24.7 2021  7 27 12 42 23.820  0.00   1
   105960  40.543412 -124.066162    19.452    14066.4     -757.3    -1975.3     17.5     23.7     21.1 2021  9  6  1 57 48.460  0.00   1
   105961  40.544889 -124.062524    19.947    14374.4     -593.3    -1480.3     26.8     14.9     29.3 2021 10 30 15 54 35.980  0.00   1
   106005  40.592074 -124.084302    19.310    12525.3     4646.3    -2117.4     27.9     21.5     23.9 2020  4 19 13  8 57.480  0.00   1
   106006  40.594417 -124.084684    19.174    12492.7     4906.6    -2253.2     52.5     22.0     31.0 2020  6  7 18 47 39.820  0.00   1
   106007  40.592244 -124.084326    19.387    12523.2     4665.3    -2040.6     48.6     23.4     29.0 2020  7 20 16 45 35.520  0.00   1
   106008  40.593030 -124.085384    19.360    12433.6     4752.5    -2067.6     23.0     12.6     20.8 2021 11 25 11 31 45.620  0.00   1
   106009  40.594938 -124.086597    19.054    12330.7     4964.4    -2372.9     25.8     15.2     22.6 2022  1 31  2 46 32.380  0.00   1
   106065  40.534017 -124.385946    25.369   -13023.0    -1800.6     3942.0     36.8     27.7     46.8 2020  2 11 17 54 25.540  0.00   1
   106069  40.502303 -124.450741    16.132   -18516.4    -5322.3    -5295.2     25.2     22.8     59.0 2021  7 22 12 38 41.980  0.00   1
   106070  40.503333 -124.446696    16.171   -18173.5    -5208.0    -5256.7     22.7     25.1     46.6 2021  8 21  7 21 12.600  0.00   1
   106079  40.639408 -123.987484    25.865    20716.4     9902.6     4438.0     16.2     10.0     25.1 2020  2 13 23  7 46.880  0.00   1
   106080  40.643225 -123.976294    27.677    21663.0    10326.5     6249.4     34.2     29.3     46.6 2020  2 27  1  9  9.980  0.00   1
   106081  40.639836 -123.988110    26.242    20663.3     9950.1     4814.8     18.5     15.5     43.7 2020  6 29  6 46  6.840  0.00   1
   106082  40.637773 -123.978410    25.982    21484.8     9721.0     4555.1     41.4     22.5     56.0 2021 11 14 16 50 17.560  0.00   1
   106083  40.639469 -123.987630    25.885    20704.0     9909.4     4457.6     17.3      7.5     24.3 2022  2 10  2 19 50.980  0.00   1
   106084  40.639445 -123.987606    25.863    20706.1     9906.7     4436.0     14.4      8.2     27.4 2022  6  3  6  4  3.860  0.00   1
   106096  40.583516 -124.201758    21.242     2579.5     3696.1     -184.8     52.4     22.3     26.5 2021 11  2  4 49 56.460  0.00   1
   106102  40.516374 -124.418205    19.678   -15757.8    -3759.8    -1749.4     19.4     22.8     21.9 2022  7  6 11 29  4.460  0.00   1
   106103  40.516309 -124.418376    19.616   -15772.3    -3767.0    -1811.2     19.2     22.4     28.2 2022  8 16  8  0  8.060  0.00   1
   106104  40.515946 -124.417635    19.559   -15709.6    -3807.2    -1868.5     18.8     24.2     24.9 2022  8 29 21 57 39.860  0.00   1
   106135  40.553788 -124.214331    17.180     1515.1      394.9    -4247.2     87.2     27.5     27.9 2021  9 13  0  4  6.120  0.00   1
   106440  40.560002 -124.051628    22.788    15295.8     1084.9     1361.1     12.6      9.7     16.2 2021  9  4  5 13 46.140  0.00   1
   106496  40.593766 -124.107389    19.548    10570.2     4834.3    -1878.8     29.0     23.3     27.3 2021  8 27  1 44  5.160  0.00   1
   106497  40.590861 -124.105021    19.886    10770.9     4511.7    -1541.5     22.5     19.4     27.3 2021 11 30  0 51 56.760  0.00   1
   106499  40.591760 -124.105786    19.755    10706.1     4611.5    -1672.6     22.0     21.9     29.9 2022  1  8 11 15 11.920  0.00   1
   106609  40.612691 -123.845931    28.919    32705.2     6935.8     7491.3     44.7     26.4     49.3 2020  2 20 17 26 49.040  0.00   1
   106610  40.610193 -123.848128    27.510    32519.7     6658.4     6082.7     22.9     14.7     17.9 2020  7 17 16 58  8.720  0.00   1
   106612  40.607251 -123.838981    27.647    33294.9     6331.7     6219.6     35.4     27.2     22.8 2021 11 24  2 11 55.300  0.00   1
   106613  40.610197 -123.847347    27.516    32585.9     6658.8     6088.7     23.6     14.3     15.3 2022  5 21  1 58 58.180  0.00   1
   106614  40.511410 -124.414648    21.380   -15457.1    -4311.1      -47.1     22.4     29.3     47.7 2020  2 21 12  1 53.080  0.00   1
   106677  40.575399 -124.074984    19.552    13316.0     2794.7    -1875.3     28.2     21.7     25.8 2020  2 22  2  3 27.180  0.00   1
   106678  40.574622 -124.071322    19.914    13626.2     2708.4    -1512.9     39.8     31.4     35.0 2021  2 19 10 17 53.000  0.00   1
   106679  40.575155 -124.072876    19.774    13494.5     2767.5    -1652.8     31.6     23.0     26.8 2022  1 22 18 50  2.840  0.00   1
   106849  40.550798 -123.978890    21.301    21458.0       62.8     -126.6     14.4     10.7     12.4 2020  2 25 10 41 25.500  0.00   1
   106850  40.548975 -123.974194    21.516    21856.0     -139.6       88.9     20.5     18.4     15.8 2020  6 21 16  9 47.640  0.00   1
   106852  40.548519 -123.972762    21.680    21977.4     -190.2      253.1     12.4     13.1     17.0 2021  6 16 14  0 25.980  0.00   1
   106853  40.548218 -123.973478    21.555    21916.8     -223.7      128.0     16.5     18.8     18.1 2021  6 17 11 40 36.000  0.00   1
   106855  40.549255 -123.975065    21.478    21782.2     -108.4       51.1     10.6     19.3     14.2 2022  9 27  4 34 50.860  0.00   1
   106908  40.622489 -124.302124    19.980    -5918.2     8023.9    -1447.6     19.0     13.8     49.0 2021  4  2 11 45  2.260  0.00   1
   106909  40.622856 -124.297030    19.658    -5486.8     8064.5    -1769.1     30.6     18.2     27.2 2021  4  7  1 55 18.100  0.00   1
   106910  40.620980 -124.304777    20.408    -6142.8     7856.2    -1019.3     22.5     18.8     29.9 2021 10 17 14 20 53.460  0.00   1
   106916  40.622986 -124.294759    19.473    -5294.6     8079.0    -1954.3     35.6     13.9     26.3 2022  7 14  7 38  2.880  0.00   1
   106917  40.505542 -124.332340    18.288    -8483.6    -4962.6    -3138.4     18.6     24.0     38.4 2020  2 29  6 25 39.720  0.00   1
   106919  40.507267 -124.336320    17.942    -8820.7    -4771.0    -3484.8     19.0     17.4     28.9 2020  6 25 12 39 13.840  0.00   1
   106920  40.507267 -124.336279    17.943    -8817.2    -4771.0    -3484.7     19.0     17.4     28.8 2020  6 26 13 51 55.760  0.00   1
   106921  40.507267 -124.336312    17.939    -8820.0    -4771.0    -3487.8     18.8     17.3     28.8 2020  6 27  9  8 18.860  0.00   1
   106924  40.501709 -124.328304    18.791    -8141.8    -5388.2    -2636.3     21.0     21.0     23.3 2020  7 15 15 49 31.760  0.00   1
   106925  40.507267 -124.336328    17.939    -8821.4    -4771.0    -3488.7     18.7     17.1     28.8 2020  7 15  2 55 13.780  0.00   1
   106926  40.500126 -124.325358    19.034    -7892.3    -5564.0    -2393.3     35.5     16.1     37.3 2020  7 15  5  0 39.940  0.00   1
   106927  40.507263 -124.336296    17.944    -8818.6    -4771.5    -3482.8     19.1     17.5     28.8 2020  7 15 19 40 35.320  0.00   1
   106930  40.507267 -124.336296    17.944    -8818.6    -4771.0    -3483.3     19.2     17.5     28.8 2020  7 16 16  0 18.620  0.00   1
   106931  40.500126 -124.325260    19.051    -7884.0    -5564.0    -2376.6     35.6     15.8     37.5 2020  7 16 12 26  9.680  0.00   1
   106933  40.507707 -124.337622    18.563    -8931.0    -4722.2    -2864.3     17.3     17.3     24.9 2020 11 20 17 12 56.060  0.00   1
   106934  40.507414 -124.335197    18.071    -8725.5    -4754.8    -3355.9     19.9     21.4     40.1 2021  5 12 18 32 23.080  0.00   1
   106937  40.508256 -124.335929    18.713    -8787.5    -4661.2    -2713.9     10.1     11.9     12.7 2021  7 11  5  6 12.560  0.00   1
   106939  40.508223 -124.335962    18.730    -8790.3    -4664.8    -2697.2     10.4     11.6     14.8 2021  7 11  7 17 55.760  0.00   1
   106940  40.508081 -124.335881    18.742    -8783.4    -4680.7    -2684.9     11.9     13.3     12.8 2021  7 11  4 14 40.000  0.00   1
   106941  40.508183 -124.336019    18.745    -8795.1    -4669.4    -2681.8     10.5     11.7     12.9 2021  7 11  3 36 34.760  0.00   1
   106942  40.508211 -124.335872    18.714    -8782.7    -4666.2    -2713.1     10.0     10.8     14.3 2021  7 11  2 14  1.880  0.00   1
   106943  40.508215 -124.335872    18.712    -8782.7    -4665.7    -2714.9     11.0     12.2     12.4 2021  7 11  7 49 35.560  0.00   1
   106944  40.508016 -124.335726    18.739    -8770.3    -4687.9    -2688.5     10.1      9.3     13.5 2021  7 12  6 52 59.100  0.00   1
   106945  40.508285 -124.335921    18.704    -8786.8    -4658.1    -2723.4     10.5     12.7     11.3 2021  7 12  7 38 34.800  0.00   1
   106947  40.508252 -124.335970    18.724    -8791.0    -4661.7    -2702.9      9.9     11.4     13.9 2021  7 12  6 52  5.820  0.00   1
   106948  40.507894 -124.335335    18.721    -8737.2    -4701.4    -2706.6     10.0     11.5     12.4 2021  7 12  6 57 12.740  0.00   1
   106949  40.508264 -124.335929    18.713    -8787.5    -4660.3    -2714.0     10.2     11.8     12.7 2021  7 12  6 51 15.180  0.00   1
   106950  40.508162 -124.335775    18.712    -8774.4    -4671.6    -2715.4     10.3     10.6     15.6 2021  7 12 22 18 34.740  0.00   1
   106951  40.508244 -124.335921    18.712    -8786.8    -4662.6    -2715.5     10.4     12.2     12.7 2021  7 12  8 58 54.960  0.00   1
   106952  40.508272 -124.335978    18.723    -8791.7    -4659.4    -2704.2     10.0     11.2     14.0 2021  7 12  8 46 32.680  0.00   1
   106953  40.508049 -124.335832    18.739    -8779.3    -4684.3    -2688.6     12.3     13.7     13.3 2021  7 12  6 48 36.980  0.00   1
   106954  40.508264 -124.335938    18.714    -8788.2    -4660.3    -2713.2      9.9     11.9     12.6 2021  7 12  6 58 19.680  0.00   1
   106959  40.508215 -124.335905    18.718    -8785.5    -4665.7    -2709.1     11.5     12.1     13.4 2021  7 12 15 18 57.120  0.00   1
   106960  40.508203 -124.335929    18.728    -8787.5    -4667.1    -2699.6     11.2     11.4     13.9 2021  7 12 12 15  8.320  0.00   1
   106961  40.508073 -124.335970    18.763    -8791.0    -4681.6    -2663.9     11.0     12.0     12.9 2021  7 12  7 42 57.140  0.00   1
   106962  40.508077 -124.335799    18.737    -8776.5    -4681.1    -2690.6     10.2     10.2     13.5 2021  7 12  8  3  8.480  0.00   1
   106964  40.508187 -124.335946    18.730    -8788.9    -4668.9    -2697.3     10.5     12.2     11.3 2021  7 12  5 33 43.540  0.00   1
   106965  40.508118 -124.335864    18.740    -8782.0    -4676.6    -2687.7     10.4     10.4     13.5 2021  7 12  8 56 41.260  0.00   1
   106967  40.508248 -124.335970    18.725    -8791.0    -4662.1    -2702.3     10.3     11.7     14.0 2021  7 13  3 34 41.120  0.00   1
   106968  40.508264 -124.335970    18.721    -8791.0    -4660.3    -2706.0     10.1     10.8     13.5 2021  7 13 11  0 10.880  0.00   1
   106970  40.507292 -124.334473    18.791    -8664.2    -4768.3    -2636.6     13.2     10.7     12.6 2021  7 15 17 56 38.860  0.00   1
   106971  40.507231 -124.334399    18.741    -8658.0    -4775.1    -2685.9     13.5     10.9     14.0 2021  7 24 15 17 23.680  0.00   1
   106974  40.508211 -124.336019    18.714    -8795.1    -4666.2    -2713.0      9.8     10.4     15.2 2021 12 20 23 45 33.300  0.00   1
   106975  40.504753 -124.328963    18.952    -8197.5    -5050.3    -2475.0     21.4     18.6     24.7 2021 12 20 21 54 42.040  0.00   1
   106977  40.509668 -124.333830    17.872    -8609.5    -4504.4    -3555.0     20.4     22.2     27.3 2021 12 21 12 29 57.320  0.00   1
   106978  40.504175 -124.331193    18.589    -8386.5    -5114.4    -2838.3     19.4     20.5     30.0 2021 12 22  7  9  8.260  0.00   1
   106979  40.505143 -124.330794    18.654    -8352.6    -5006.9    -2773.2     19.8     19.4     24.3 2021 12 22 17  4 29.540  0.00   1
   106983  40.504720 -124.328841    19.056    -8187.1    -5053.9    -2371.0     20.4     17.8     20.6 2021 12 23 19 43 35.140  0.00   1
   106984  40.507235 -124.329232    18.635    -8220.1    -4774.6    -2792.1     23.7     11.4     17.5 2021 12 23  6 28 39.440  0.00   1
   106986  40.508455 -124.336043    18.752    -8797.2    -4639.1    -2675.2     10.6      9.5     13.6 2021 12 25  0 41  6.140  0.00   1
   106988  40.506954 -124.332015    18.367    -8455.9    -4805.8    -3060.2     18.3     17.3     22.9 2021 12 31  7 30 11.740  0.00   1
   106989  40.506913 -124.334880    18.862    -8698.7    -4810.3    -2565.5     12.7     10.5     14.1 2022  1  2 19  6  3.500  0.00   1
   106990  40.507231 -124.329256    18.630    -8222.2    -4775.1    -2797.6     23.7     11.5     17.3 2022  1  2 18 43 27.640  0.00   1
   106991  40.506921 -124.330819    18.733    -8354.6    -4809.4    -2693.9     22.3     20.6     25.5 2022  1 29  0 56  4.940  0.00   1
   106992  40.506661 -124.332756    18.532    -8518.7    -4838.4    -2895.7     17.3     17.1     24.1 2022  2 20  7 55 33.920  0.00   1
   106993  40.507536 -124.331299    18.653    -8395.2    -4741.2    -2774.7     26.7     20.2     26.6 2022  4 11  8 48 35.180  0.00   1
   106995  40.508158 -124.335832    18.723    -8779.3    -4672.1    -2704.2     12.1     12.6     14.0 2022  5 14  5 11 24.580  0.00   1
   106996  40.508248 -124.335994    18.694    -8793.0    -4662.1    -2733.3      9.7     10.3     13.0 2022  5 21 19  6 31.100  0.00   1
   106997  40.507361 -124.328621    18.626    -8168.4    -4760.6    -2801.2     26.0     11.3     18.0 2022  7 18  4 14 31.760  0.00   1
   107286  40.595988 -124.015763    22.770    18328.5     5081.0     1342.6     16.1     13.5     17.5 2020  4 12 17 13 25.640  0.00   1
   107287  40.592818 -124.011751    22.925    18668.7     4729.0     1497.8     17.6     18.2     13.8 2020  4 18 11  7 43.200  0.00   1
   107288  40.593840 -124.012370    22.855    18616.2     4842.4     1427.4     19.0     11.6     14.5 2020 11 20  1 42 41.040  0.00   1
   107289  40.592513 -124.012061    22.948    18642.5     4695.1     1520.6     15.1     20.5     12.7 2020 11 20  1 23 58.260  0.00   1
   107290  40.592232 -124.012231    22.941    18628.1     4663.9     1513.5     18.7     20.7     14.3 2020 11 20  1 20 56.960  0.00   1
   107291  40.592753 -124.011239    23.004    18712.1     4721.8     1577.1     15.7     17.9     14.5 2020 11 20  7  8 23.000  0.00   1
   107292  40.595052 -124.013770    22.789    18497.5     4977.1     1361.3     16.5     12.7     16.6 2021 11 14 17  4  4.680  0.00   1
   107293  40.594328 -124.012850    22.855    18575.4     4896.6     1427.4     15.5      9.5     13.9 2021 12  5 10 31 19.440  0.00   1
   107297  40.591964 -124.013810    22.903    18494.4     4634.1     1475.3     11.1     24.5     16.1 2022  1 27  3  6  7.800  0.00   1
   107337  40.504732 -124.427205    23.958   -16521.9    -5052.5     2531.0     38.3     51.4     36.0 2020  3  7  9 53 50.140  0.00   1
   107338  40.494995 -124.452091    26.539   -18631.9    -6133.8     5112.0     36.9     30.4     49.8 2020  9 23 15 27 24.660  0.00   1
   107341  40.493892 -124.442586    25.368   -17826.5    -6256.2     3940.6     35.4     31.1     41.2 2022  5  3 13  8 48.100  0.00   1
   107359  40.530326 -124.383813    25.208   -12842.7    -2210.4     3780.4     25.5     17.7     35.4 2021 12 20 22 54  5.520  0.00   1
   107361  40.526530 -124.385970    24.192   -13025.7    -2632.0     2765.1     47.0     22.0     68.8 2021 12 20 21 57 14.080  0.00   1
   107370  40.473071 -124.534448    24.998   -25614.9    -8568.3     3570.4     23.9     44.3     69.8 2021 11 16  4 40 39.460  0.00   1
   107371  40.475142 -124.529386    23.512   -25185.5    -8338.3     2084.3     22.4     42.3     19.9 2022  4  3 19 28  4.080  0.00   1
   107574  40.472705 -124.428711    19.734   -16653.4    -8609.0    -1693.4     25.3     24.6     31.7 2020  3 11 22 47 36.760  0.00   1
   107579  40.472819 -124.428898    19.680   -16669.2    -8596.3    -1746.8     19.4     19.9     25.0 2021  9 21 12 24 42.300  0.00   1
   107580  40.473263 -124.429582    19.568   -16727.1    -8547.1    -1859.5     19.2     24.1     29.8 2021 10 16  2 20 43.560  0.00   1
   107582  40.473299 -124.441073    19.190   -17701.0    -8543.0    -2237.6     30.9     29.0     52.6 2022  2  5  7 43 32.760  0.00   1
   107583  40.472880 -124.429362    19.209   -16708.5    -8589.6    -2218.0     22.9     21.1     38.8 2022  2 19 19 28 29.060  0.00   1
   107584  40.468396 -124.428060    19.713   -16598.7    -9087.5    -1714.2     23.5     23.7     24.0 2022  2 21 15 20 50.320  0.00   1
   107585  40.468392 -124.428060    19.750   -16598.7    -9088.0    -1677.7     23.6     25.1     23.3 2022  3  8 13 52  8.680  0.00   1
   107586  40.472314 -124.427287    19.860   -16532.7    -8652.4    -1567.1     25.0     26.6     26.6 2022  3 17  5 45 51.800  0.00   1
   107609  40.573763 -123.953931    21.556    23568.1     2613.0      128.8     21.4     24.0     42.3 2021 12 25 22 49 23.520  0.00   1
   107620  40.502913 -124.504907    26.869   -23106.1    -5254.5     5442.2     11.0     15.1     23.5 2020  3 20 11 54 38.000  0.00   1
   107621  40.502287 -124.504598    27.143   -23080.0    -5324.1     5715.3     11.3     11.0     23.9 2020  3 20 22 28 21.200  0.00   1
   107622  40.502136 -124.504199    27.112   -23046.2    -5340.8     5684.8      7.5     14.2     16.6 2020  3 21 20 18  7.640  0.00   1
   107623  40.502100 -124.503955    27.139   -23025.5    -5344.9     5711.8      8.1     13.1     13.2 2020  3 21 19  0  1.520  0.00   1
   107626  40.502751 -124.505583    26.894   -23163.3    -5272.6     5467.2     20.6     18.1     19.7 2020  4 18 11  0 19.100  0.00   1
   107627  40.501982 -124.502507    28.091   -22902.8    -5358.0     6663.7     20.0     25.8     29.5 2020  4 29 15  5 11.240  0.00   1
   107635  40.502140 -124.503939    27.134   -23024.2    -5340.4     5706.8      7.7     12.4     14.5 2021  6 23  5 14 47.320  0.00   1
   107636  40.502165 -124.504541    27.174   -23075.2    -5337.6     5746.7     10.7     13.0     19.8 2021  6 27 15 30 22.300  0.00   1
   107638  40.502372 -124.504134    27.045   -23040.7    -5314.6     5617.3     14.2     14.4     20.2 2021  8 29 17 32  5.980  0.00   1
   107639  40.502816 -124.504338    27.239   -23057.8    -5265.3     5811.7     20.0     31.8     39.6 2021  9  1  5  5 36.660  0.00   1
   107641  40.502173 -124.504574    27.176   -23077.9    -5336.7     5748.8     10.8     12.4     19.6 2021 10  7 19  8 24.060  0.00   1
   107644  40.501888 -124.501961    27.553   -22856.6    -5368.4     6125.5     14.6     14.1     23.2 2021 10 30 23 40 23.100  0.00   1
   107645  40.502743 -124.505607    26.888   -23165.4    -5273.5     5461.0     20.9     18.4     20.1 2021 11 20  8 44 57.940  0.00   1
   107648  40.502153 -124.504492    27.168   -23071.0    -5339.0     5740.3     10.4     13.4     20.4 2021 12 18  8 55  3.900  0.00   1
   107651  40.502625 -124.503857    26.969   -23017.2    -5286.6     5542.2     18.2     14.3     15.4 2022  1 12 11 34 59.600  0.00   1
   107654  40.501709 -124.502246    27.590   -22880.8    -5388.2     6162.7     12.6     20.2     20.7 2022  4 13 23 57 43.640  0.00   1
   107655  40.498751 -124.498201    27.990   -22538.6    -5716.7     6563.1     31.0     40.2     51.3 2022  7 29 16 38  2.820  0.00   1
   107656  40.502608 -124.504525    27.087   -23073.7    -5288.4     5659.5      9.6     16.7     13.6 2022  8 10  2 25 35.080  0.00   1
   107657  40.502726 -124.505615    26.890   -23166.1    -5275.3     5462.5     21.1     18.0     20.1 2022  8 23  6 57 35.860  0.00   1
   107661  40.502926 -124.504883    26.864   -23104.0    -5253.1     5437.1     10.9     15.2     23.6 2022 10 16 17  6 16.580  0.00   1
   107662  40.502755 -124.505225    26.907   -23133.0    -5272.1     5479.7     13.5     13.5     21.6 2022 10 16 21 31  2.740  0.00   1
   107663  40.502763 -124.505216    26.909   -23132.3    -5271.2     5481.4     13.4     13.3     21.7 2022 10 16 17  0 17.060  0.00   1
   107664  40.524748 -124.390283    23.705   -13391.3    -2829.9     2278.2     22.9     26.9     31.8 2020  3 13 19 20 41.280  0.00   1
   107680  40.564889 -124.013346    22.819    18537.4     1627.5     1392.2     56.6     23.8     51.2 2020  4 27  3 46 18.440  0.00   1
   107683  40.562305 -124.010579    22.612    18772.2     1340.6     1184.9     24.7     15.8     18.7 2020 11 11 11 22 54.400  0.00   1
   107687  40.563000 -124.012419    22.612    18616.3     1417.9     1184.6     37.4     21.4     27.2 2021 12 25 23  5 26.280  0.00   1
   107808  40.545841 -124.196021    27.595     3066.2     -487.5     6167.8     23.0     14.6     24.6 2020  3 18 22 58 40.420  0.00   1
   107818  40.468864 -123.822282    23.275    34744.4    -9035.5     1847.4     17.1     19.8     11.0 2021  1 21 21  8 56.860  0.00   1
   107819  40.468502 -123.820671    23.275    34881.1    -9075.8     1847.9     10.5     19.5     17.6 2021  1 24 19 45 59.820  0.00   1
   107820  40.468844 -123.820890    23.249    34862.4    -9037.8     1821.6     15.5     25.2     16.1 2022  1 24 23 34 18.900  0.00   1
   107822  40.465556 -123.820573    23.146    34890.1    -9402.9     1718.8     20.6     39.9     16.8 2022  9 20 16  0 37.520  0.00   1
   107823  40.469775 -123.822868    23.277    34694.5    -8934.3     1849.4     19.4     18.1     13.1 2022 11 20 17  4 54.300  0.00   1
   107825  40.516252 -124.416219    19.906   -15589.6    -3773.4    -1521.7     16.1     20.6     26.4 2020  3 18 23 32 29.300  0.00   1
   107844  40.621777 -124.310514    19.687    -6628.5     7944.8    -1739.8     36.1     28.8     36.7 2020  3 18  4 40 58.500  0.00   1
   107847  40.621753 -124.305558    21.384    -6208.9     7942.1      -43.7     39.5     29.1     35.5 2022  1 23 16 30 25.180  0.00   1
   107849  40.621859 -124.311637    19.334    -6723.6     7953.8    -2093.1     35.8     28.9     44.3 2022 10 21 10 46 28.380  0.00   1
   107887  40.578056 -124.430900    22.905   -16825.8     3089.7     1477.7     27.4     28.3     46.5 2020  7 13 13  8 40.060  0.00   1
   107888  40.578764 -124.432414    23.003   -16953.9     3168.3     1575.9     26.9     17.8     31.2 2020  8 15  3 41 44.920  0.00   1
   107890  40.579187 -124.432788    23.034   -16985.5     3215.3     1607.1     28.5     19.2     31.6 2021  8  9 17  8 53.000  0.00   1
   107891  40.584513 -124.429354    23.341   -16694.0     3806.8     1913.5     33.4     14.1     27.3 2021  8 11  0 58 47.400  0.00   1
   107895  40.578162 -124.427181    22.711   -16510.8     3101.5     1283.8     22.9     23.3     36.2 2022  9  4 19 13 25.340  0.00   1
   107928  40.584290 -124.426221    22.906   -16428.7     3781.9     1478.3     23.4     41.3     41.4 2020  7 22  0 55 19.100  0.00   1
   107930  40.611715 -124.439624    22.889   -17560.2     6827.4     1461.9     39.4     27.4     60.4 2021 12 13  1 46 42.200  0.00   1
   107964  40.531893 -124.399984    16.859   -14212.4    -2036.5    -4568.5     27.1     33.9     44.6 2021 11 14  0  8  4.400  0.00   1
   107965  40.532035 -124.399528    16.810   -14173.8    -2020.7    -4617.3     23.2     31.2     43.3 2021 12 21 22 13 12.300  0.00   1
   107971  40.533785 -124.397998    16.485   -14044.0    -1826.4    -4942.4     46.7     37.3     77.6 2022 10  9 19  5  2.280  0.00   1
   107978  40.528707 -124.424772    26.626   -16312.8    -2390.3     5198.9     23.7     29.7     35.6 2021  4 15  8 56 41.520  0.00   1
   107980  40.525346 -124.427181    27.110   -16517.3    -2763.5     5683.0     23.8     25.2     38.2 2021  8  4 18 58 46.060  0.00   1
   107981  40.524923 -124.419865    26.947   -15897.5    -2810.5     5519.8     37.8     32.4     44.5 2021  8 21 16 23 33.700  0.00   1
   107983  40.527873 -124.425366    26.647   -16363.2    -2482.9     5220.1     33.7     31.0     48.2 2021 11  3  7 32 49.840  0.00   1
   107984  40.523743 -124.422119    27.220   -16088.6    -2941.5     5793.0     34.8     37.1     49.1 2021 12  3 10 42 13.240  0.00   1
   107988  40.528715 -124.419499    26.242   -15866.0    -2389.4     4814.3     37.3     24.1     38.0 2022  2 13 11 20 53.200  0.00   1
   107989  40.528613 -124.418018    26.477   -15740.6    -2400.7     5049.9     34.6     28.1     35.6 2022  4 26 22 35 44.360  0.00   1
   107990  40.526001 -124.427173    26.767   -16516.5    -2690.7     5339.9     21.2     22.0     31.1 2022  8 18  8 41 53.440  0.00   1
   107991  40.527983 -124.427059    26.642   -16506.6    -2470.7     5214.3     21.3     28.1     35.1 2022 11  8  8 40 30.120  0.00   1
   107992  40.525407 -123.979704    20.626    21393.1    -2756.7     -800.9     16.7     14.2     15.9 2020  3 19 15 51  1.740  0.00   1
   107998  40.524894 -123.978215    20.709    21519.3    -2813.6     -718.0     19.1     18.5     14.5 2022  1 22 10 34 20.100  0.00   1
   107999  40.526282 -123.978353    20.692    21507.4    -2659.6     -735.4     16.0     24.4     13.3 2022  2 15  1 12 31.400  0.00   1
   108057  40.461633 -124.446330    23.025   -18148.1    -9838.5     1598.2     50.3     45.8     55.1 2021 12  5 19 24 48.900  0.00   1
   108061  40.468233 -124.448258    21.654   -18310.7    -9105.6      226.3     50.5     45.4     60.4 2022  9 23 15 56 33.080  0.00   1
   108062  40.473588 -124.422469    21.135   -16124.2    -8510.9     -292.4     45.4     51.0     56.0 2022  9 28 23  9 12.340  0.00   1
   108063  40.578674 -124.351017    28.529   -10060.7     3158.4     7102.1     58.6     50.0     74.3 2020  3 20  8 49 18.520  0.00   1
   108064  40.580005 -124.347420    27.090    -9756.0     3306.1     5663.1     53.9     46.0     64.0 2021 10 17  9 59  8.260  0.00   1
   108067  40.537964 -124.406299    28.466   -14746.7    -1362.3     7038.8     22.1     22.7     23.5 2021 11  3 11  8 47.100  0.00   1
   108068  40.536169 -124.406380    28.420   -14753.8    -1561.6     6992.3     26.8     28.4     31.0 2021 11  3  4 10 39.340  0.00   1
   108070  40.537154 -124.406038    28.545   -14724.8    -1452.2     7118.2     21.8     20.6     22.9 2021 12 20 21 58 50.200  0.00   1
   108071  40.537797 -124.407031    28.940   -14808.8    -1380.8     7512.4     22.9     24.0     32.4 2022  1  6 19 21 44.640  0.00   1
   108073  40.616854 -123.950456    22.056    23854.8     7398.1      628.3     21.6     20.1     21.1 2020  9 26  5 11 46.240  0.00   1
   108076  40.614299 -123.943677    21.629    24429.2     7114.3      201.6     36.6     38.0     38.7 2021 10 28  3 17 37.200  0.00   1
   108082  40.614229 -123.943734    21.648    24424.4     7106.6      220.7     37.2     38.2     38.8 2022  4 23 20  0 10.440  0.00   1
   108083  40.620504 -123.947868    21.312    24073.2     7803.4     -115.6     11.6      9.7     30.7 2022  6 17 14 38  4.080  0.00   1
   108103  40.553076 -124.247461    23.510    -1291.1      315.8     2082.5     29.9     37.4     23.8 2020  3 24  7  2 14.780  0.00   1
   108105  40.551453 -124.256030    21.761    -2017.0      135.6      333.3     30.4     20.7     30.3 2020 11 21  0 51 45.000  0.00   1
   108108  40.550281 -124.249870    23.181    -1495.2        5.4     1753.7     32.0     34.5     33.2 2022 11 11 23  8  9.040  0.00   1
   108253  40.744153 -123.835645    20.487    33543.3    21534.0     -940.0     43.6     38.8     58.0 2020  3 28 12 19 52.180  0.00   1
   108254  40.747131 -123.839128    20.325    33248.0    21864.8    -1102.0     36.5     30.3     56.8 2020  9 14 17 47 56.900  0.00   1
   108256  40.478695 -124.456909    19.208   -19042.4    -7943.9    -2219.0     29.6     28.1     58.9 2020  3 29  2 10 37.820  0.00   1
   108258  40.477376 -124.455998    19.426   -18965.4    -8090.3    -2001.4     26.1     32.6     37.2 2021 10  3  5 55  4.840  0.00   1
   108259  40.477364 -124.456803    19.441   -19033.6    -8091.6    -1986.4     29.4     30.9     36.6 2021 11 19  6 49 32.480  0.00   1
   108344  40.528210 -124.396183    16.807   -13890.8    -2445.4    -4620.1     50.0     44.3     90.0 2022  6  5 23 40 24.620  0.00   1
   108357  40.571639 -124.097795    22.614    11384.5     2377.2     1186.8     43.3     32.3     31.6 2021  2 21 19 35 38.660  0.00   1
   108358  40.573336 -124.098885    22.860    11292.0     2565.6     1432.4     38.9     28.5     27.7 2021 10 31 11 18 33.720  0.00   1
   108359  40.569161 -124.098926    22.701    11288.9     2102.0     1273.7     44.5     36.4     27.2 2022  2  6  9 49 13.780  0.00   1
   108413  40.469185 -124.505322    23.760   -23147.0    -8999.8     2333.0     22.5     26.6     29.6 2020  4 13  9 58 32.960  0.00   1
   108414  40.472192 -124.497542    23.659   -22487.1    -8665.9     2232.1     49.5     42.0    111.9 2020  8 28 23 50 45.120  0.00   1
   108415  40.463192 -124.506421    25.176   -23241.2    -9665.4     3748.4     38.8     49.8     73.5 2020  9 24 22 17 36.960  0.00   1
   108416  40.469006 -124.504411    24.781   -23069.8    -9019.7     3354.1     24.1     30.7     58.8 2021  2  3  1 21 28.060  0.00   1
   108422  40.467883 -124.508683    23.823   -23432.1    -9144.4     2396.0     14.7     22.0     29.9 2021 11 29 21 27 26.620  0.00   1
   108424  40.466093 -124.505037    26.044   -23123.4    -9343.2     4616.5     25.9     36.9     54.1 2022  2 13  8 54 23.040  0.00   1
   108430  40.468791 -124.504899    23.786   -23111.2    -9043.7     2359.0     18.0     23.9     25.6 2022 11 14 21 27 40.840  0.00   1
   108460  40.608805 -124.082699    14.920    12659.5     6504.3    -6507.3     56.4     31.5     83.0 2020  4 19 16  8 58.720  0.00   1
   108464  40.610876 -124.093538    18.469    11741.5     6734.3    -2957.9     38.0     24.6     37.1 2022  1 22 11 10 16.600  0.00   1
   108465  40.611621 -124.095003    18.216    11617.5     6817.0    -3211.3     33.2     32.3     48.3 2022  1 29  6 14 29.780  0.00   1
   108466  40.582393 -124.293408    21.991    -5181.8     3571.4      564.1     48.5     40.1     58.3 2020  4 19 16 21  7.220  0.00   1
   108475  40.495630 -124.430444    25.802   -16797.4    -6063.3     4374.3     38.4     30.5     61.3 2020  8 21 16 41  2.020  0.00   1
   108479  40.503524 -124.434855    23.313   -17170.2    -5186.7     1885.8     44.1     48.6     60.3 2021  9 26  7 21 14.820  0.00   1
   108490  40.638009 -124.003963    24.124    19321.7     9747.2     2696.5     40.9     37.6     44.9 2020  4 19  6 45 57.780  0.00   1
   108491  40.514620 -124.341097    18.549    -9224.9    -3954.5    -2878.0     19.3     24.0     28.1 2020  4 21 11 21 54.140  0.00   1
   108492  40.509444 -124.335392    19.075    -8741.9    -4529.3    -2352.5     14.0     15.9     20.7 2020  6 19  5 30 29.960  0.00   1
   108493  40.509493 -124.334440    19.152    -8661.3    -4523.9    -2275.3     17.9     12.7     18.8 2021  3 12  1 30 38.560  0.00   1
   108494  40.509615 -124.335994    19.064    -8792.9    -4510.3    -2363.5     17.5     14.3     20.7 2021  6 14 22 35  4.460  0.00   1
   108495  40.509721 -124.331396    19.700    -8403.4    -4498.6    -1727.5     26.0     14.4     30.6 2021  6 14 21 36  2.260  0.00   1
   108496  40.509631 -124.331909    19.572    -8446.8    -4508.5    -1855.5     23.3     19.6     25.9 2021  6 14 21 44 45.960  0.00   1
   108497  40.509660 -124.336271    19.054    -8816.4    -4505.3    -2373.5     13.6     15.8     19.9 2021  6 15  9 44 20.640  0.00   1
   108498  40.510063 -124.336572    18.938    -8841.9    -4460.6    -2489.7     17.7     14.7     21.5 2021  6 15  8 53  6.160  0.00   1
   108499  40.510152 -124.336662    18.870    -8849.5    -4450.7    -2557.2     15.8     16.4     22.3 2021  6 15  9 30  2.180  0.00   1
   108500  40.510677 -124.337769    18.873    -8943.2    -4392.4    -2554.2     16.4     18.1     19.7 2021  6 15  9 15  5.520  0.00   1
   108501  40.509819 -124.335824    19.058    -8778.5    -4487.7    -2369.2     20.1     13.2     22.2 2021 12 11  4 20 38.740  0.00   1
   108566  40.642330 -124.064941    23.412    14159.5    10227.1     1985.0     48.5     19.2     18.9 2020  5  5 15 41 19.740  0.00   1
   108569  40.507849 -124.485881    23.669   -21493.1    -4706.4     2242.2     45.8     46.6     96.0 2020  5  6  2 15 26.660  0.00   1
   108570  40.509001 -124.489762    24.230   -21821.8    -4578.5     2803.1     52.1     68.2    184.4 2021  7 27  7 34 24.040  0.00   1
   108571  40.608032 -124.086727    17.423    12318.5     6418.5    -4003.8     57.9     28.0     40.7 2020  5  9 23 48 21.420  0.00   1
   108578  40.490068 -124.506177    15.662   -23215.9    -6681.0    -5765.1     29.0     30.0     46.8 2022  3 19 17 38 45.720  0.00   1
   108600  40.552877 -124.258602    24.929    -2234.8      293.7     3501.3     24.7     25.2     44.4 2020  8  8  3  7 36.200  0.00   1
   108601  40.550171 -124.252596    26.211    -1726.1       -6.8     4783.9     35.2     32.8     58.7 2021  7 18  8 37 44.140  0.00   1
   108604  40.548523 -124.247892    23.429    -1327.7     -189.8     2001.5     48.9     19.0     33.3 2022  6 14  4 29 40.760  0.00   1
   108605  40.552645 -124.238477    22.060     -530.1      267.9      632.9     48.1     18.5     39.9 2022  6 29  2 18 33.580  0.00   1
   108609  40.532052 -124.346183    18.125    -9654.6    -2018.8    -3301.7     37.1     33.2     66.3 2020  5 21  5 49 36.720  0.00   1
   108610  40.532048 -124.346167    18.127    -9653.3    -2019.3    -3299.9     37.1     33.5     66.3 2020  5 21  6  0 18.060  0.00   1
   108611  40.541931 -124.342643    17.296    -9354.1     -921.8    -4131.1     39.6     28.6     33.6 2020  5 21  5 49 32.040  0.00   1
   108616  40.526636 -124.404687    19.104   -14611.5    -2620.2    -2323.2     19.1     20.4     23.3 2020  5 27 17 28 46.460  0.00   1
   108617  40.528271 -124.400496    17.602   -14256.2    -2438.6    -3825.6     24.0     27.9     35.2 2021 12 21  9 14 12.320  0.00   1
   108618  40.523055 -124.412866    18.407   -15304.8    -3017.9    -3020.2     21.5     24.1     31.6 2020  5 29  3 10 10.980  0.00   1
   108624  40.533040 -124.338387    19.432    -8994.1    -1909.0    -1995.5     30.5     25.6     45.0 2020  6  1 23 58 17.820  0.00   1
   108625  40.519747 -124.329622    21.189    -8252.4    -3385.2     -238.1     22.4     20.0     26.7 2020  6 24  4 56 53.760  0.00   1
   108626  40.519739 -124.329614    21.193    -8251.7    -3386.1     -234.6     22.5     20.0     26.7 2020  6 25 13  0 35.620  0.00   1
   108655  40.578613 -124.189893    19.120     3584.4     3151.6    -2306.9     44.4     15.7     22.3 2021 10 12  3 27 25.740  0.00   1
   108724  40.623047 -123.930355    21.539    25555.4     8085.8      111.7     20.0     15.5     19.8 2020  6 14 11 45 45.620  0.00   1
   108732  40.593282 -123.925537    20.884    25969.0     4780.5     -543.5     60.8     51.1     48.1 2022 10 13 19 35 55.660  0.00   1
   108757  40.543103 -124.054785    19.903    15030.2     -791.6    -1523.8     19.6     20.5     15.8 2020  6 14 14 58 40.620  0.00   1
   108758  40.540552 -124.053035    19.927    15178.7    -1074.9    -1499.9     24.0     17.5     21.6 2021  3  4 22 22 58.560  0.00   1
   108759  40.539966 -124.042513    20.432    16070.1    -1140.0     -995.6     23.1     30.6     18.7 2022  2 22 19 27 13.320  0.00   1
   108760  40.540181 -124.045581    19.824    15810.2    -1116.1    -1603.6     34.4     18.9     19.0 2022  3 14  4  0 41.420  0.00   1
   108761  40.540731 -124.050065    19.972    15430.3    -1055.1    -1455.2     25.5     28.4     25.8 2022  4  7 13 29 19.080  0.00   1
   108768  40.612317 -124.087410    18.235    12260.2     6894.2    -3192.3     45.5     24.9     26.3 2020 12 14 11 30 35.940  0.00   1
   108775  40.487712 -123.868701    20.824    30805.8    -6942.6     -602.9     18.1     23.2     23.7 2021  3 12  6 12 15.860  0.00   1
   108778  40.521073 -123.909961    21.081    27302.6    -3237.9     -346.7      8.7      9.0     20.8 2021 10  5  6 18 43.140  0.00   1
   108780  40.521277 -123.910197    21.071    27282.5    -3215.3     -355.8     10.3      8.0     20.4 2021 10  6 16 45 29.740  0.00   1
   108782  40.521110 -123.910034    21.073    27296.4    -3233.9     -354.1      9.2      8.8     20.4 2021 10  6 17 13 28.040  0.00   1
   108784  40.525122 -123.914193    20.707    26943.2    -2788.3     -720.2     30.4     35.3     29.9 2021 10  6 18 40 27.620  0.00   1
   108785  40.520894 -123.909798    21.080    27316.4    -3257.8     -347.2      8.0     10.5     20.8 2021 10  6 19 49 19.280  0.00   1
   108789  40.521761 -123.910628    21.072    27245.9    -3161.6     -354.9     13.2     11.0     20.6 2021 10  6 11 42 23.740  0.00   1
   108794  40.521098 -123.910002    21.077    27299.1    -3235.2     -350.5      9.1      8.8     20.7 2021 10  9 19 44 44.220  0.00   1
   108797  40.511495 -123.899577    21.232    28184.3    -4301.6     -195.1     38.3     44.0     29.6 2021 10 10 14 55 46.020  0.00   1
   108839  40.500403 -124.434001    23.514   -17098.2    -5533.3     2086.5     26.9     26.9     39.1 2021  4  7 10 38 50.740  0.00   1
   108840  40.498857 -124.437402    23.544   -17386.6    -5705.0     2116.3     17.7     17.3     29.5 2021 11  7  2 42 54.760  0.00   1
   108860  40.630640 -123.929207    21.599    25651.1     8928.9      171.7     25.8     22.5     24.8 2020  7  8 15  4 51.000  0.00   1
   108864  40.610388 -123.881909    23.824    29659.6     6680.1     2397.2     15.1     16.7     13.8 2020  7 12  6 10  9.180  0.00   1
   108865  40.609456 -123.883114    23.783    29557.8     6576.6     2356.0     24.7     15.3     14.2 2021  7 25  9 12 32.240  0.00   1
   108866  40.609517 -123.885889    23.799    29322.8     6583.4     2371.6     26.9     19.3     15.0 2022  9 20 20 35 29.800  0.00   1
   108897  40.598751 -124.118319    15.984     9644.4     5387.8    -5443.7     37.4     22.8     25.0 2020  7 21  9 58 36.880  0.00   1
   108901  40.606132 -124.105941    18.105    10691.9     6207.4    -3321.8     57.2     19.1     26.1 2020  7 28 10 54 20.520  0.00   1
   108918  40.645813 -124.018587    18.667    18082.7    10613.8    -2760.2     53.8     21.3     54.6 2020  8 14  7 59 14.720  0.00   1
   108919  40.646667 -124.015544    18.916    18340.2    10708.7    -2511.5     44.4     17.5     38.9 2020  8 14  7 29 17.360  0.00   1
   108921  40.646594 -124.021973    18.419    17796.1    10700.6    -3008.5     34.6     17.3     43.0 2021 11 16 18 50  1.700  0.00   1
   108922  40.588635 -124.109505    20.514    10391.4     4264.5     -912.9     39.2     27.6     39.1 2020  8 17 22 44  9.820  0.00   1
   108923  40.588546 -124.109595    20.497    10383.8     4254.6     -929.9     40.0     27.4     39.4 2020  8 17 22 37  2.940  0.00   1
   108925  40.605428 -124.110929    20.238    10269.5     6129.3    -1189.5     38.5     28.3     45.5 2021  6 29  5 32 28.020  0.00   1
   108926  40.601485 -124.122673    20.462     9275.5     5691.4     -965.2     40.4     18.8     33.1 2021  9  2  7  3 32.740  0.00   1
   108956  40.532943 -124.246549    18.799    -1214.1    -1919.9    -2628.1     24.2     20.9     23.9 2020  8 19  9 20 36.680  0.00   1
   108957  40.531812 -124.246151    18.927    -1180.3    -2045.5    -2500.4     25.1     16.9     25.2 2021  7 30  7  1 16.480  0.00   1
   108959  40.534127 -124.247754    18.703    -1316.1    -1788.4    -2724.7     26.4     25.4     32.3 2022  9 20 20 46 19.020  0.00   1
   108974  40.605640 -124.221899    23.944      873.7     6152.8     2517.1     30.4     23.0     24.6 2021  6  2  8  1  4.060  0.00   1
   108976  40.604773 -124.236947    23.598     -400.3     6056.5     2170.8     35.5     21.2     25.5 2021  8  2  1 42 32.520  0.00   1
   108977  40.611401 -124.220964    25.310      952.9     6792.6     3882.9     23.3     26.9     24.5 2021  9 27 13 54 30.160  0.00   1
   108978  40.611292 -124.221069    25.264      944.0     6780.4     3836.8     22.7     27.4     24.3 2021 11 19  5 14  6.980  0.00   1
   108988  40.605676 -124.051270    23.573    15320.9     6156.8     2145.3     49.7     37.3     39.9 2021  9 19  2 30 15.040  0.00   1
   108995  40.562988 -123.933431    22.026    25306.3     1416.5      598.9     13.3     14.7     16.2 2020  9  7  3  4 36.280  0.00   1
   108998  40.563761 -123.932666    21.943    25370.9     1502.4      515.9     13.6     15.1     17.6 2020 11 23  2 17 29.880  0.00   1
   108999  40.561528 -123.932585    22.049    25378.2     1254.3      621.3     15.3     13.3     20.0 2020 11 23  2 27  1.080  0.00   1
   109001  40.562988 -123.933407    22.056    25308.3     1416.5      628.7     19.3     21.1     19.3 2021  4 25  2 44 15.560  0.00   1
   109003  40.564229 -123.936084    22.215    25081.3     1554.3      787.5     17.6     17.0     22.0 2021  9 25  7 21 32.760  0.00   1
   109005  40.562508 -123.933008    22.090    25342.2     1363.2      662.5     12.2     11.6     15.6 2022  1 19 16 50 43.900  0.00   1
   109006  40.562687 -123.931763    22.099    25447.6     1383.1      672.0     13.8     19.1     15.7 2022  1 23  4 17 44.580  0.00   1
   109007  40.561369 -123.931331    22.123    25484.4     1236.7      695.4     14.8     10.3     18.2 2022  1 23 13 55 42.740  0.00   1
   109008  40.564762 -123.936930    22.142    25009.6     1613.5      715.1     13.5     12.2     27.3 2022  5 17 14 52 29.660  0.00   1
   109027  40.521590 -123.897591    19.838    28350.5    -3180.5    -1589.3     45.9     48.9     56.7 2020  9 12  9 10  3.360  0.00   1
   109029  40.535295 -123.900431    23.116    28107.0    -1658.7     1688.9     42.9     48.5     49.3 2021 10 21 16 23 18.500  0.00   1
   109031  40.527641 -123.908236    20.374    27447.4    -2508.6    -1053.2     44.6     48.9     57.1 2022  9 21 22  2  0.300  0.00   1
   109034  40.607345 -123.923942    24.722    26101.4     6342.1     3295.0     47.8     28.3     45.3 2021 10 16  0 56 17.260  0.00   1
   109035  40.606909 -123.916406    25.017    26739.5     6293.7     3589.8     30.6     27.4     33.8 2022  4  7  7 43 59.660  0.00   1
   109037  40.599845 -124.118433    18.651     9634.6     5509.3    -2776.3     32.6     19.1     26.0 2021  8 28 10 22 15.280  0.00   1
   109040  40.536092 -124.048006    19.800    15605.2    -1570.2    -1627.3     23.0     13.1     22.7 2021  5  4 20 49 28.940  0.00   1
   109042  40.535787 -124.048462    19.850    15566.7    -1604.0    -1577.3     24.7     18.8     21.8 2021 12 10 18 19  3.380  0.00   1
   109047  40.657987 -123.882886    27.438    29566.4    11965.8     6011.0     59.5     52.3     88.5 2022  7  7 10 16 42.560  0.00   1
   109051  40.587020 -124.067806    21.550    13922.7     4085.1      122.9     35.5     23.5     30.8 2022 10 22  1 32  8.620  0.00   1
   109052  40.617810 -124.075936    17.942    13231.2     7504.2    -3484.9     73.1     29.4     45.7 2020  9 18  1 49 50.060  0.00   1
   109054  40.622725 -124.085994    17.486    12379.2     8050.1    -3941.0     46.5     31.5     25.7 2021  8  3  7 25 29.060  0.00   1
   109057  40.620223 -124.076774    17.294    13160.0     7772.2    -4133.0     57.4     21.2     37.0 2021 11  1 20 23 11.500  0.00   1
   109058  40.618494 -124.080526    17.730    12842.6     7580.1    -3697.5     24.9     17.0     26.2 2022  7  2 18 54 53.920  0.00   1
   109059  40.618323 -124.080119    17.718    12877.0     7561.2    -3709.5     25.8     15.3     26.6 2022  7  5 10 26 16.440  0.00   1
   109060  40.609200 -124.075220    18.635    13292.7     6548.1    -2792.3     57.2     18.5     45.6 2022  9 22  5 20 24.860  0.00   1
   109079  40.592232 -124.323201    21.332    -7704.3     4663.9      -95.5     39.4     22.0     28.0 2020  9 24  1 37  2.540  0.00   1
   109081  40.591724 -124.325627    21.257    -7909.7     4607.5     -170.2     46.8     21.0     32.0 2021  8  3  7 28  1.280  0.00   1
   109082  40.591488 -124.324007    21.244    -7772.5     4581.3     -182.8     61.2     33.5     35.4 2021  8  3  7 28 11.760  0.00   1
   109083  40.590145 -124.326318    21.044    -7968.3     4432.1     -383.0     43.9     35.3     53.1 2022  3 18 23 22 52.560  0.00   1
   109086  40.621240 -124.099634    19.498    11224.6     7885.1    -1928.2     73.6     69.0     80.7 2020  9 29 20 57 21.240  0.00   1
   109088  40.590234 -124.102067    24.663    11021.1     4442.1     3235.3     73.9     28.8     94.7 2021  8  2  6  3 50.240  0.00   1
   109099  40.524626 -124.381649    16.791   -12659.8    -2843.5    -4635.9     43.1     27.1     64.9 2022 11  3 21 25 34.920  0.00   1
   109112  40.571830 -123.940023    21.335    24746.3     2398.4      -92.5     17.5     13.8     17.6 2020 11 28  4 46 13.820  0.00   1
   109120  40.572266 -123.939551    21.548    24786.2     2446.7      120.6     17.6     13.8     19.7 2021 10  7 15 37 20.960  0.00   1
   109123  40.568449 -123.936068    21.198    25081.9     2022.9     -229.0     21.4     18.2     23.3 2021 10  7 10 58 29.020  0.00   1
   109127  40.572257 -123.939518    21.544    24789.0     2445.8      116.8     17.6     13.8     19.7 2021 10  9 15  2 48.760  0.00   1
   109129  40.523800 -124.430306    19.687   -16782.2    -2935.2    -1739.8     17.6     21.3     21.8 2020 10 11 16 54  4.900  0.00   1
   109133  40.641056 -124.028882    18.681    17211.9    10085.6    -2746.4     31.1     18.4     42.4 2020 10 20  3 57  2.000  0.00   1
   109186  40.664270 -123.896720    22.984    28394.2    12663.4     1556.5     41.4     38.4     46.0 2020 11 10  7 29 44.140  0.00   1
   109189  40.671484 -123.900586    21.718    28065.5    13464.5      291.0     33.0     24.6     38.0 2021  5 13  9 32 24.180  0.00   1
   109190  40.664929 -123.900073    22.926    28110.3    12736.6     1498.3     43.5     32.5     36.7 2022  6 25  8 45  6.260  0.00   1
   109416  40.594401 -123.967204    22.499    22440.6     4904.8     1071.3     32.5     18.4     31.5 2020 11 28  4 41 25.020  0.00   1
   109417  40.594324 -123.967017    22.490    22456.5     4896.2     1063.1     32.9     18.4     31.5 2020 11 28  4 28 30.560  0.00   1
   109418  40.596615 -123.971069    22.507    22112.9     5150.6     1079.9     25.6     24.5     29.3 2021  3 28 11 21 31.120  0.00   1
   109420  40.598608 -123.916553    22.011    26728.7     5372.0      583.7     36.2     26.8     32.3 2020 12  7 19  3 16.040  0.00   1
   109421  40.603906 -123.914836    21.881    26873.1     5960.3      454.1     32.9     33.9     31.1 2020 12  7 19  5 36.340  0.00   1
   109427  40.597664 -123.901408    25.343    28011.3     5267.2     3915.9     26.4     32.6     26.9 2020 11 29  9 45 15.600  0.00   1
   109428  40.598051 -123.893433    25.969    28686.5     5310.1     4541.4     43.5     35.1     44.3 2021  1 19 12 58 57.580  0.00   1
   109430  40.593140 -123.897534    25.734    28340.3     4764.7     4306.3     29.6     21.8     30.2 2022  3 18  0  7 21.100  0.00   1
   109436  40.605326 -124.099438    15.496    11242.5     6118.0    -5931.3     43.0     34.8     28.8 2020 12  1 11 36 42.680  0.00   1
   109448  40.559782 -124.019010    22.218    18058.4     1060.5      790.8     19.0     15.9     24.9 2022  1 19 22 27 40.720  0.00   1
   109451  40.560168 -124.018245    21.970    18123.2     1103.4      542.5     19.1     16.9     20.7 2022  6  9  2 12 47.440  0.00   1
   109453  40.560840 -124.023372    22.005    17688.8     1178.0      577.5     21.6     17.3     19.0 2022 11 22  5  9 14.600  0.00   1
   109457  40.587333 -124.188241    21.944     3724.1     4119.9      517.0     55.9     23.3     42.5 2022 11 20 16 58  8.260  0.00   1
   109458  40.553052 -123.890837    22.179    28916.0      313.1      751.4     44.9     38.5     48.6 2020 12 19 19 50 56.380  0.00   1
   109460  40.594462 -124.227205    24.914      424.5     4911.6     3487.0     62.7     52.6     72.7 2021  2 11 13 50 26.620  0.00   1
   109461  40.601347 -124.109725    16.123    10371.8     5676.1    -5304.1     54.8     38.9     45.2 2021  1  4  6 14 34.600  0.00   1
   109483  40.495174 -124.466235    22.928   -19830.4    -6113.9     1500.4     41.4     45.6     36.6 2021  1 13 19 34 16.280  0.00   1
   109484  40.519316 -124.466659    23.868   -19862.7    -3433.1     2440.4     31.1     36.0     37.5 2021  2 12 14 58  6.120  0.00   1
   109485  40.514502 -124.452873    25.271   -18695.4    -3967.6     3844.1     37.0     39.5     68.5 2022  6  3  7 37 13.740  0.00   1
   109491  40.553715 -124.051929    23.100    15271.0      386.8     1673.0     24.3     18.5     17.8 2022 11 12 22 18 21.100  0.00   1
   109493  40.579236 -124.218815    19.995     1135.1     3220.7    -1432.0     35.6     16.1     27.5 2021 12 30 20 43 22.380  0.00   1
   109498  40.581970 -124.148210    22.707     7114.3     3524.4     1279.8     32.8     21.5     20.8 2022  3 29  0 35 16.680  0.00   1
   109534  40.643575 -123.999878    18.337    19666.7    10365.3    -3090.2     72.2     24.3     50.2 2021  3  6  9 15 31.140  0.00   1
   109535  40.652836 -124.014136    18.092    18458.5    11393.7    -3335.4     70.5     30.4     58.1 2021  3  6  9 16 35.960  0.00   1
   109542  40.540295 -123.908252    22.958    27443.5    -1103.4     1530.7     45.9     43.1     46.7 2021  3 19 20 18 50.400  0.00   1
   109543  40.538949 -123.903792    22.982    27821.5    -1253.0     1555.0     29.3     29.4     31.8 2021  7 28 11 59  6.040  0.00   1
   109544  40.540149 -123.908187    22.940    27449.0    -1119.7     1512.7     24.9     23.8     29.0 2021 11  2 15 33 30.400  0.00   1
   109546  40.538896 -123.913599    22.999    26990.8    -1258.8     1571.9     38.4     43.7     41.7 2022  2  8 20 52 37.700  0.00   1
   109547  40.542598 -123.906868    22.898    27560.2     -847.7     1470.9     31.5     23.6     29.9 2022  5 16 12 51  7.720  0.00   1
   109550  40.562712 -123.976115    23.664    21691.1     1385.8     2236.4     19.4     17.6     19.1 2021 10 14 12 55 59.780  0.00   1
   109551  40.562223 -123.975700    23.659    21726.4     1331.6     2231.9     18.0     14.9     16.7 2021 10 18 11 26 36.900  0.00   1
   109560  40.572270 -124.421151    23.333   -16000.8     2447.2     1905.9     29.1     42.0     38.5 2021  4 22 19 58  9.520  0.00   1
   109562  40.577055 -124.416593    23.391   -15614.3     2978.6     1964.1     41.9     39.4     48.1 2021 10  1 17 28 56.900  0.00   1
   109563  40.577384 -124.416610    23.087   -15615.6     3015.2     1659.4     35.3     40.2     46.9 2022  6  6  8 33 56.500  0.00   1
   109585  40.699797 -123.965186    21.697    22593.8    16608.5      269.8     40.3     27.2     28.5 2021 12  9  6 38 26.640  0.00   1
   109586  40.607483 -123.810140    27.020    35736.8     6357.5     5593.1     35.4     26.9     52.0 2021  4 25 12  4 20.500  0.00   1
   109587  40.513717 -124.439412    16.808   -17555.0    -4054.9    -4619.5     25.2     33.5     51.8 2021  4 26 14 34  7.560  0.00   1
   109588  40.531303 -124.399992    18.338   -14213.2    -2102.0    -3088.9     23.4     26.9     46.8 2021  4 30  5 48 15.420  0.00   1
   109590  40.595829 -124.009741    22.715    18838.5     5063.4     1287.6     25.9     16.1     26.3 2021  5  1  6 40  3.120  0.00   1
   109592  40.565873 -124.020174    22.222    17959.0     1736.9      794.6     19.1     15.6     20.2 2022  3 10 22 12 16.660  0.00   1
   109593  40.585457 -124.210286    23.062     1857.3     3911.6     1634.3     62.6     27.6     44.6 2021  5 25 13 41 14.420  0.00   1
   109638  40.581820 -123.953979    24.504    23562.6     3507.7     3076.5     31.3     25.2     27.3 2021  6  5 11 28 29.860  0.00   1
   109639  40.573458 -123.959212    24.123    23120.9     2579.1     2695.7     31.7     19.6     38.2 2022  2 26  5 28  3.880  0.00   1
   109640  40.550651 -123.972453    21.132    22003.3       46.5     -295.5     18.1     16.0     18.5 2021  6 14 23  5 14.620  0.00   1
   109641  40.551180 -123.973112    21.127    21947.3      105.3     -300.4     15.2     16.7     16.9 2021  6 15  4  8 20.200  0.00   1
   109643  40.549792 -123.970638    20.991    22157.1      -48.8     -436.4     13.2     14.2     11.7 2021  6 15  2 15 10.680  0.00   1
   109645  40.549797 -123.970671    20.984    22154.4      -48.3     -443.3     12.5     14.4     10.7 2021  9 21 16 59  7.260  0.00   1
   109646  40.550256 -123.971924    21.025    22048.1        2.7     -402.2     23.1     19.8     20.0 2022  8 19 22 15 53.220  0.00   1
   109647  40.550264 -123.971916    21.026    22048.8        3.6     -401.7     23.1     20.0     20.1 2022  9 26 14 46 33.600  0.00   1
   109649  40.477425 -124.513794    16.519   -23863.6    -8084.9    -4907.8     32.0     40.0     65.1 2022  9 18  8 29  6.480  0.00   1
   109653  40.598987 -124.329118    20.990    -8204.9     5414.0     -437.3     46.7     21.8     48.8 2021  6 26 23 51 53.520  0.00   1
   109656  40.603190 -124.310026    18.389    -6588.1     5880.8    -3037.8     36.5     17.0     46.9 2021  7  7 21  8 20.520  0.00   1
   109661  40.598926 -124.328239    21.019    -8130.4     5407.2     -408.0     41.0     17.8     44.8 2022 11 27 17  4 31.920  0.00   1
   109701  40.537561 -124.351221    18.222   -10081.0    -1407.0    -3204.8     29.0     22.8     40.2 2021  7  9 20  8 44.560  0.00   1
   109707  40.705383 -123.933293    22.570    25291.2    17228.8     1142.4     25.7     23.5     20.9 2021  7 21  1 57 33.440  0.00   1
   109708  40.706209 -123.936613    22.506    25010.2    17320.6     1078.7     38.8     15.0     20.2 2022  8 13 12 33 41.180  0.00   1
   109709  40.706197 -123.936621    22.504    25009.5    17319.2     1076.8     38.7     15.1     20.3 2022  8 13 13  7 15.920  0.00   1
   109710  40.479549 -124.404704    19.899   -14617.9    -7849.0    -1528.5     24.9     30.6     34.3 2021  7 21  6 27  7.140  0.00   1
   109714  40.514046 -124.431820    18.071   -16911.7    -4018.3    -3356.5     15.8     24.0     40.7 2021  7 22  8 29 59.260  0.00   1
   109718  40.501619 -124.454077    18.299   -18799.2    -5398.2    -3127.9     40.0     26.9     79.2 2022  4  3 19 26 32.500  0.00   1
   109728  40.639758 -123.915495    21.242    26810.1     9941.5     -185.5     24.3     16.2     21.6 2021 10 28 17 29 28.460  0.00   1
   109729  40.640047 -123.917472    21.212    26642.7     9973.6     -214.9     31.5     20.9     22.2 2021 10 28 20 25 38.640  0.00   1
   109732  40.505005 -124.459123    18.642   -19226.3    -5022.3    -2785.3     22.2     24.9     32.7 2021  8  5  5 11 35.000  0.00   1
   109733  40.504557 -124.457267    20.154   -19069.1    -5072.0    -1273.1     31.7     36.9     52.6 2021 12 18  9  2 20.600  0.00   1
   109734  40.500977 -124.456217    20.300   -18980.7    -5469.6    -1126.8     29.2     39.5     48.8 2021 12 21 16 46 40.580  0.00   1
   109740  40.534037 -124.375130    25.188   -12106.7    -1798.3     3760.6     24.6     17.5     28.1 2021 12 25  9  3 58.480  0.00   1
   109741  40.533232 -124.372689    24.760   -11900.0    -1887.8     3333.1     27.7     21.3     33.4 2022  8 24 18 28  5.620  0.00   1
   109742  40.638399 -124.045776    19.893    15782.2     9790.6    -1534.4     58.0     37.5     43.0 2021  8 23  5 51 36.160  0.00   1
   109744  40.537492 -123.780444    21.845    38270.9    -1414.7      417.8     24.6     52.0     17.0 2021  8 29 12 47 11.520  0.00   1
   109745  40.536617 -123.788053    23.049    37626.6    -1511.9     1621.7     55.3     76.0     18.3 2022  1  7 12 47 18.900  0.00   1
   109758  40.549854 -124.225236    17.733      591.4      -42.0    -3694.1     28.6     15.6     27.9 2021  9 12 22 48 15.460  0.00   1
   109773  40.520561 -124.413607    17.113   -15367.8    -3294.9    -4314.7     22.7     27.6     41.0 2021 12 23 10 30 50.600  0.00   1
   109775  40.576685 -124.212484    18.783     1671.3     2937.4    -2643.9     22.2     13.4     33.1 2021  9 23 19 33 34.900  0.00   1
   109779  40.527531 -124.359049    18.616   -10745.0    -2520.8    -2810.7     46.9     22.1     44.9 2021  9 30  4 43 34.000  0.00   1
   109788  40.517367 -123.881299    21.685    29731.7    -3649.6      257.7     23.1     33.7     35.4 2021 10  7  4 45 50.940  0.00   1
   109789  40.510404 -123.870085    21.470    30683.4    -4422.7       42.5     27.1     22.8     36.9 2021 10  7  5 44  8.100  0.00   1
   109791  40.510824 -123.872827    21.527    30451.0    -4376.1       99.4     20.0     16.5     17.1 2021 10  9 15 14 13.920  0.00   1
   109792  40.511548 -123.878410    21.630    29977.8    -4295.7      203.1     15.8     15.5     24.8 2021 10  9 14 51  7.940  0.00   1
   109793  40.515540 -123.880908    21.631    29765.2    -3852.4      204.3     20.0     17.2     25.9 2021 10  9 19 19 22.180  0.00   1
   109794  40.512207 -123.875016    21.557    30265.2    -4222.5      130.1     16.1     16.5     20.6 2021 10 16 14 55 23.500  0.00   1
   109795  40.512903 -123.876400    21.617    30147.8    -4145.2      189.7     16.9     13.3     18.5 2021 11  4 10 59  4.180  0.00   1
   109796  40.512687 -123.874951    21.564    30270.6    -4169.2      136.4     24.2     11.8     22.3 2021 11  7  7 51 35.860  0.00   1
   109801  40.546806 -123.852832    22.506    32136.6     -380.5     1079.0     26.0     28.3     22.8 2022  1 31 19 52 42.840  0.00   1
   109836  40.613831 -124.137223    18.805     8042.7     7062.3    -2622.7     52.8     20.6     39.8 2021 10 22 21  9 45.260  0.00   1
   109837  40.612541 -124.074854    20.272    13323.4     6919.1    -1155.0     40.5     30.9     49.9 2021 10 31 13 10  3.600  0.00   1
   109838  40.558423 -123.953312    22.295    23623.2      909.6      867.9     19.7     21.6     19.6 2021 11  3 19 22 52.340  0.00   1
   109846  40.605493 -124.077043    16.789    13138.7     6136.5    -4638.6     50.2     33.3     49.0 2021 11 25 17 56 31.760  0.00   1
   109849  40.605473 -124.307373    20.493    -6363.3     6134.2     -933.8     46.7     16.7     59.4 2021 11 29  9 17 10.340  0.00   1
   109852  40.523539 -124.432080    19.904   -16932.5    -2964.1    -1523.3     14.9     18.5     20.1 2022  1 18 10 25 37.780  0.00   1
   110087  40.588839 -124.205103    20.399     2296.2     4287.1    -1028.6     42.7     28.5     36.0 2021 12 11 10 51 42.420  0.00   1
   110088  40.543673 -124.316846    19.562    -7168.7     -728.4    -1865.5     44.7     26.7     33.3 2021 12 20 23 40 19.580  0.00   1
   110091  40.543937 -124.316520    19.482    -7141.1     -699.0    -1945.3     43.1     25.8     32.9 2022  8 22 11 46 57.980  0.00   1
   110092  40.547681 -124.317822    18.678    -7251.2     -283.3    -2748.8     50.2     14.4     37.2 2022  8 22 11 19 44.520  0.00   1
   110093  40.545931 -124.314787    19.136    -6994.1     -477.6    -2291.7     42.2     27.9     34.5 2021 12 20 21 17 43.440  0.00   1
   110095  40.547196 -124.317537    20.361    -7227.1     -337.1    -1066.1     62.5     26.7     62.4 2022  7 14  2 59 53.060  0.00   1
   110120  40.517480 -124.423625    19.936   -16216.9    -3636.9    -1491.1     15.6     18.8     22.2 2021 12 20 20 29 25.860  0.00   1
   110127  40.575513 -124.206893    17.091     2144.8     2807.3    -4336.3     51.7     24.5     28.9 2021 12 20 20 15 20.340  0.00   1
   110128  40.549373 -124.296842    23.947    -5474.0      -95.3     2519.6     40.4     38.4     44.3 2021 12 20 20 31  1.340  0.00   1
   110129  40.515865 -124.444922    17.367   -18021.5    -3816.3    -4060.0     31.3     29.0     41.8 2021 12 20 22 57 59.980  0.00   1
   110153  40.505078 -124.333602    18.492    -8590.5    -5014.1    -2935.4     21.6     24.1     40.6 2021 12 21  3 28 34.100  0.00   1
   110154  40.505558 -124.332259    18.664    -8476.7    -4960.8    -2762.9     15.1     14.3     28.1 2021 12 23  6 55 41.480  0.00   1
   110156  40.505420 -124.332243    18.731    -8475.3    -4976.2    -2696.2     18.2     18.4     42.3 2021 12 23  4 51 44.220  0.00   1
   110160  40.521655 -124.420133    18.144   -15920.6    -3173.3    -3283.2     16.9     18.1     33.6 2021 12 21 19 30 31.800  0.00   1
   110168  40.579875 -124.208276    18.973     2027.6     3291.7    -2453.9     29.3     10.6     34.6 2021 12 21  2 44 44.640  0.00   1
   110179  40.545699 -124.347347    22.052    -9752.2     -503.4      624.7     74.2     58.1     99.8 2022  3 20  6 57 16.680  0.00   1
   110181  40.497876 -124.456844    16.319   -19034.2    -5813.9    -5108.3     26.6     25.0     58.7 2021 12 25 16 54 33.700  0.00   1
   110183  40.598031 -124.110197    17.741    10332.1     5307.8    -3686.2     59.0     45.1     32.8 2021 12 26 16  2 15.940  0.00   1
   110184  40.588265 -123.997339    20.350    19889.8     4223.4    -1077.6     31.8     31.8     34.9 2021 12 27  8 53  5.400  0.00   1
   110185  40.575321 -123.987280    20.881    20743.5     2786.1     -546.7     17.8     17.4     23.7 2022  5 28  7 57  1.360  0.00   1
   110186  40.581067 -124.209090    20.841     1958.6     3424.1     -586.7     44.0     23.4     29.1 2021 12 28  6 35 41.580  0.00   1
   110187  40.576713 -124.199870    19.557     2739.5     2940.6    -1870.0     34.9      8.5     15.8 2021 12 31 13 31 14.620  0.00   1
   110188  40.576713 -124.199862    19.557     2740.2     2940.6    -1870.6     34.7      8.5     15.8 2022  1  1 22 14 38.120  0.00   1
   110189  40.576668 -124.199788    19.535     2746.4     2935.6    -1892.5     34.7      8.7     15.7 2022  1  2 11 16 33.460  0.00   1
   110190  40.576904 -124.198234    19.656     2878.1     2961.8    -1771.1     33.5     13.5     24.7 2022  4 25  2 10 11.700  0.00   1
   110191  40.576640 -124.199740    19.527     2750.6     2932.5    -1900.4     34.4      8.8     15.4 2022  9  1 20 43  2.920  0.00   1
   110199  40.519165 -124.409611    20.174   -15029.4    -3449.8    -1253.3     22.8     23.4     34.3 2021 12 31 17  2 13.380  0.00   1
   110209  40.594328 -124.099479    25.037    11239.9     4896.6     3610.0     52.5     26.6     62.1 2022  4  2 19 46 56.000  0.00   1
   110211  40.515304 -124.443286    17.874   -17883.0    -3878.6    -3553.5     22.5     17.3     36.7 2022  4  3 10 39 47.080  0.00   1
   110231  40.514966 -124.437882    19.019   -17425.2    -3916.1    -2407.9     18.6     22.1     33.4 2022  5 14 20  9 30.640  0.00   1
   110234  40.535404 -124.239648    19.840     -629.4    -1646.5    -1587.4     41.7     22.7     26.7 2022  5 25  9 25 42.220  0.00   1
   110250  40.520028 -124.406877    20.964   -14797.7    -3354.0     -463.2     44.6     39.1     47.8 2022  7  2 10 23 23.100  0.00   1
   110253  40.594727 -124.114494    18.272     9968.5     4940.9    -3155.5     36.1     24.0     32.1 2022  7 20  6 28 50.580  0.00   1
   110254  40.595728 -124.114095    18.303    10002.2     5052.1    -3124.3     30.2     20.0     35.7 2022  8  9  7 59 33.060  0.00   1
   110255  40.598714 -124.117090    17.674     9748.4     5383.7    -3753.4     37.8     16.1     31.1 2022  8  9  8  9 40.340  0.00   1
   110266  40.540275 -124.334204    17.779    -8639.3    -1105.7    -3648.0     31.3     30.5     41.2 2022  8 30  6 25 35.480  0.00   1
   110273  40.648295 -124.015885    19.399    18311.1    10889.5    -2028.4     43.0     17.8     38.6 2022 10 28 12 43 42.000  0.00   1
   110274  40.522632 -124.436637    17.913   -17318.8    -3064.9    -3514.1     16.4     20.7     27.7 2022 10 29 20 38 50.780  0.00   1
   110275  40.510592 -124.431494    21.095   -16884.5    -4401.9     -332.3     26.0     25.5     31.3 2022 10 30  3 34  2.660  0.00   1
   110276  40.519019 -124.438322    19.189   -17461.9    -3466.1    -2238.1     18.5     19.3     28.2 2022 11 12 10 31 42.840  0.00   1
   110279  40.517818 -124.431494    19.788   -16883.6    -3599.4    -1639.1     28.7     35.5     45.8 2022 11  2 16 39 30.260  0.00   1
   110282  40.523088 -124.432332    20.298   -16954.0    -3014.3    -1129.5     24.8     24.7     28.6 2022 11 15 17 48 18.560  0.00   1
   110296  40.580729 -123.982267    20.719    21167.2     3386.6     -708.4     12.9     14.8     14.8 2022 12 22  3  8  5.860  0.87   1
   110298  40.534066 -124.275830    11.713    -3694.5    -1795.2    -9713.8     23.7     11.2     11.7 2023  1 17 13 54 45.520  1.24   1
   110302  40.563761 -124.125171    22.425     9066.5     1502.4      997.8     31.1     16.6     33.2 2022 12 24  0 35 18.890  0.89   1
   110303  40.486662 -124.497331    23.960   -22466.8    -7059.2     2533.2     24.6     28.6     36.9 2022 12 20 12 25 25.380  2.43   1
   110305  40.434619 -124.602051    24.225   -31353.3   -12838.3     2797.7      3.7      4.0     12.9 2023  4  2 11 44 21.610  2.51   1
   110307  40.524748 -124.419434    23.465   -15861.0    -2829.9     2037.4     34.2     32.1     42.3 2023  3  9  9 11 18.070  1.00   1
   110308  40.574898 -123.876025    22.539    30165.7     2739.1     1111.7     39.5     37.2     37.1 2022 12 21 19 21 21.160  1.21   1
   110311  40.540389 -124.494027    23.963   -22178.0    -1093.0     2536.0     39.6     35.4     42.0 2023  2  6  9 53 42.140  2.82   1
   110326  40.576754 -124.240495    19.973     -700.9     2945.1    -1454.1     32.4     16.3     25.3 2023  4 26 22 23  7.880  0.79   1
   110327  40.621240 -123.949048    21.557    23973.2     7885.1      129.4     23.2     18.0     32.0 2022 12 21  8 59 40.650  1.14   1
   110330  40.584599 -123.911873    25.773    27127.8     3816.3     4346.0     21.5     14.2     18.8 2023  5 27  2 45 49.750  0.87   1
   110334  40.620622 -124.314583    20.002    -6973.0     7816.5    -1425.5     16.2     12.0     34.7 2023  2 22  6 20 25.080  1.45   1
   110341  40.562500 -124.131673    22.409     8515.9     1362.3      981.4     27.4     22.3     27.4 2023  1  5 14 47  6.170  2.14   1
   110346  40.539160 -123.889461    23.107    29035.5    -1229.5     1679.9     37.6     41.8     30.9 2023  5 28  1 45 53.620  1.36   1
   110354  40.508366 -124.421834    24.388   -16066.3    -4649.0     2960.9     13.7     13.0     30.5 2023  4 14  1 57  6.610  1.17   1
   110355  40.518583 -124.492676    15.866   -22067.1    -3514.4    -5561.5     15.7     21.4     24.5 2023  2 16 22 15  2.800  1.44   1
   110359  40.752958 -123.987630    21.763    20686.6    22511.8      336.0     73.2     64.1     48.0 2022 12 22  4 53 56.390  0.79   1
   110365  40.527669 -124.235059    17.639     -240.6    -2505.5    -3788.2     31.6     17.6     23.2 2022 12 20 12 37 22.690  1.44   1
   110367  40.551615 -123.974666    21.475    21815.6      153.6       48.0     21.6     18.8     16.0 2022 12 25  1 20 33.690  1.82   1
   110368  40.604199 -123.972599    22.355    21982.1     5992.8      927.3     37.0     22.6     33.5 2023  2 14  3 52  7.700  1.37   1
   110370  40.695756 -123.903035    22.581    27853.2    16159.8     1153.6     44.1     40.5     57.1 2022 12 21  4 44 13.820  1.30   1
   110373  40.659115 -124.008521    29.502    18932.9    12090.9     8074.7     47.3     32.0     48.1 2022 12 20 23 58 39.800  0.88   1
   110374  40.754435 -123.867424    20.796    30853.0    22675.8     -631.2     32.2     26.5     24.5 2022 12 22  4 46 28.990  1.00   1
   110378  40.593514 -124.050814    22.503    15360.9     4806.3     1076.0     25.7     16.1     27.4 2022 12 21 18 52 28.640  1.06   1
   110379  40.519234 -124.421427    18.107   -16030.5    -3442.2    -3320.4     20.3     17.3     30.6 2022 12 22  9 21 28.530  1.40   1
   110382  40.542151 -124.065422    19.386    14129.3     -897.4    -2041.5     16.9     12.1     16.1 2022 12 26  5 31 21.180  1.08   1
   110385  40.593433 -124.086466    19.199    12341.9     4797.2    -2228.6     19.1     12.1     20.8 2022 12 23  0 19 22.520  0.90   1
   110387  40.534233 -124.387199    25.157   -13129.1    -1776.7     3729.8     23.7     16.7     39.4 2023  1 28 23 56 58.200  3.85   1
   110388  40.508618 -124.447135    14.411   -18210.1    -4621.0    -7016.5     72.8     61.1    143.0 2022 12 31 10 20 40.360  1.04   1
   110390  40.639417 -123.987533    25.882    20712.3     9903.5     4454.9     13.5     14.0     28.0 2023  1 17  5 14  2.510  1.84   1
   110391  40.587081 -124.204639    20.948     2335.5     4091.9     -478.8     41.5     27.2     31.5 2022 12 23  0 35 44.600  1.56   1
   110392  40.516130 -124.416935    19.381   -15650.3    -3786.9    -2045.8     15.0     19.4     21.3 2023  1  1 12 19 44.130  1.25   1
   110395  40.554508 -124.217521    16.626     1244.9      474.9    -4801.6     60.2     19.7     36.2 2022 12 20 23 19 53.720  1.40   1
   110396  40.535274 -124.261206    18.156    -2455.7    -1661.0    -3271.5     31.2     20.7     50.8 2022 12 24 20  6  9.180  0.83   1
   110399  40.530107 -124.413241    17.989   -15335.7    -2234.8    -3438.3     30.8     29.7     37.4 2022 12 20 10 44 46.730  2.70   1
   110400  40.558634 -124.049292    22.653    15493.7      933.1     1225.8     13.9     10.9     19.9 2022 12 25  4 33 20.570  0.83   1
   110404  40.560657 -124.015218    21.980    18379.5     1157.6      552.5     17.2      9.6     17.2 2022 12 27  0 23 33.800  1.12   1
   110406  40.594259 -124.107528    19.533    10558.4     4889.0    -1894.1     25.3     23.5     25.4 2023  1 11  3 23 18.830  1.45   1
   110408  40.610234 -123.848665    27.476    32474.2     6662.9     6048.3     23.3     13.3     16.5 2023  2 12 20 12 15.900  2.47   1
   110409  40.511064 -124.418083    22.182   -15748.1    -4349.5      754.6     29.5     25.6     33.5 2022 12 21 22  8 58.660  1.39   1
   110412  40.572437 -124.072884    19.745    13494.1     2465.7    -1682.6     28.2     35.0     29.4 2022 12 26  7 30 25.960  0.98   1
   110417  40.550753 -123.975000    21.462    21787.5       57.8       35.0     26.0     17.3     11.2 2022 12 24 12 43  0.520  1.06   1
   110422  40.622115 -124.304102    20.112    -6085.6     7982.3    -1315.7     18.8     13.6     30.5 2022 12 29 13 40 18.010  1.27   1
   110423  40.504838 -124.331234    18.756    -8389.9    -5040.8    -2670.9     18.1     17.7     25.3 2023  2 17 12 38 36.270  0.88   1
   110429  40.594340 -124.014429    22.791    18441.8     4898.0     1363.4     23.9      9.9     24.0 2022 12 22  9 28 37.970  0.68   1
   110431  40.602311 -124.109481    23.061    10392.4     5783.2     1633.9     37.2     22.1     34.4 2022 12 21 17 59 17.620  1.95   1
   110432  40.495109 -124.457072    26.353   -19053.9    -6121.1     4925.4     35.9     28.6     48.0 2022 12 22  1 13 30.130  2.71   1
   110434  40.512549 -124.462948    19.150   -19549.3    -4184.5    -2277.6     17.7     23.2     37.5 2022 12 21 18 26 29.520  1.33   1
   110435  40.531681 -124.382666    24.550   -12745.3    -2060.0     3122.8     20.4     17.3     26.9 2023  1 28 20  7 39.900  1.24   1
   110436  40.472595 -124.535270    23.624   -25684.6    -8621.2     2196.5     30.1     33.6     29.7 2023  2 18  0 47 37.880  1.15   1
   110439  40.472921 -124.429899    19.829   -16754.0    -8585.1    -1597.8     19.4     21.1     22.3 2023  1 27 16 28 41.960  1.01   1
   110442  40.568884 -123.952954    21.480    23651.7     2071.3       53.2     20.4     18.6     40.5 2022 12 20 18 48 54.600  0.91   1
   110443  40.580037 -124.177783    18.135     4609.9     3309.8    -3292.5     36.1     17.1     48.9 2022 12 21 21 55 10.140  0.79   1
   110444  40.501676 -124.503573    27.407   -22993.2    -5391.9     5980.0     15.5     18.9     30.3 2022 12 23 21 41 55.000  1.21   1
   110445  40.524491 -124.388037    23.565   -13201.1    -2858.4     2137.3     19.5     18.8     29.6 2022 12 21  8  6 55.910  1.80   1
   110447  40.562716 -124.016390    22.497    18280.0     1386.3     1070.2     23.0     13.1     25.5 2022 12 24 19 37 36.120  1.39   1
   110448  40.597152 -124.126367    21.614     8963.0     5210.2      186.3     47.4     19.5     30.5 2023  1 31 13 12 49.420  1.12   1
   110452  40.546000 -124.194279    27.283     3213.7     -469.9     5855.4     22.4     14.5     25.6 2022 12 20 23 25 36.340  1.09   1
   110453  40.510518 -124.474699    17.890   -20545.2    -4410.0    -3537.5     24.5     34.8     39.1 2022 12 21 12  8  6.020  1.11   1
   110454  40.466427 -123.818359    23.178    35077.5    -9306.2     1751.1     18.9     25.5     13.7 2022 12 21 13 41 59.550  0.69   1
   110455  40.531140 -124.421680    16.954   -16050.5    -2120.1    -4472.9     29.9     35.8     55.8 2022 12 23 13  9 40.300  0.89   1
   110458  40.621602 -124.310718    20.241    -6645.7     7925.4    -1186.7     35.6     26.1     77.9 2023  2 14  6 32 28.460  1.23   1
   110462  40.586226 -124.439811    23.704   -17579.4     3997.0     2276.8     23.6     25.4     28.5 2023  4 22 17 56 13.080  1.37   1
   110464  40.587834 -124.427279    23.209   -16517.9     4175.5     1782.0     22.0     20.9     28.9 2023  2 13 21 32 14.280  2.09   1
   110466  40.531466 -124.391911    16.721   -13528.6    -2083.9    -4706.0     35.4     37.2     52.4 2022 12 22  0 27 26.630  0.83   1
   110467  40.528145 -124.426424    26.677   -16452.8    -2452.6     5249.3     22.2     26.3     34.1 2022 12 22  3 58 10.660  0.90   1
   110468  40.525562 -123.979875    20.621    21378.6    -2739.5     -806.2     16.4     12.8     15.2 2022 12 24  1 17 32.850  0.88   1
   110470  40.536296 -124.360059    17.055   -10829.8    -1547.6    -4372.2     28.8     24.9     41.0 2023  3 29  5  5 59.480  1.47   1
   110474  40.472396 -124.451676    20.662   -18599.8    -8643.3     -765.3     35.2     40.1     49.0 2022 12 20 12 14 11.380  2.27   1
   110475  40.585722 -124.353589    28.100   -10277.9     3941.0     6672.8     54.2     47.0     65.0 2022 12 21 15  8 37.620  1.85   1
   110476  40.536568 -124.407959    28.031   -14887.5    -1517.3     6604.2     29.6     25.3     39.6 2022 12 20 13 24 12.330  1.51   1
   110477  40.610522 -123.938086    21.816    24903.2     6695.0      388.7     17.2     16.2     32.0 2023  1  3  7 18 42.400  0.99   1
   110479  40.533883 -124.361198    17.218   -10926.5    -1815.5    -4209.2     34.5     19.9     43.0 2022 12 26  2  4 21.800  1.88   1
   110480  40.559224 -124.250635    23.045    -1559.8      998.6     1617.5     21.4     14.5     30.3 2022 12 21  2 56 11.820  1.60   1
   110481  40.491528 -124.466292    18.343   -19835.7    -6518.8    -3084.0     32.0     34.4     63.5 2023  4  5 14 51 18.340  1.34   1
   110482  40.583809 -123.922046    21.869    26266.5     3728.6      441.4     42.3     47.7     62.6 2022 12 21 19 52  6.360  0.64   1
   110484  40.525854 -124.419084    19.673   -15831.2    -2707.0    -1753.8     28.2     16.6     42.4 2022 12 25  4  3 37.800  0.93   1
   110487  40.754565 -123.851188    20.454    32226.1    22690.3     -972.8     34.4     31.2     38.4 2022 12 20 14 11  0.150  2.57   1
   110488  40.478446 -124.459237    19.329   -19239.7    -7971.4    -2098.0     23.9     26.8     42.9 2023  2 18  9 18 28.190  1.40   1
   110489  40.519576 -124.424642    19.256   -16302.8    -3404.2    -2171.2     14.6     13.8     25.7 2022 12 29  9 57 25.630  1.27   1
   110494  40.521224 -124.417904    18.868   -15731.8    -3221.2    -2559.0     21.4     21.3     29.0 2023  3  5 20 14 19.720  1.28   1
   110496  40.503446 -124.446037    18.053   -18117.7    -5195.3    -3374.2     28.9     27.8     60.4 2022 12 30 12 51 54.870  1.14   1
   110497  40.573881 -124.098283    22.899    11343.0     2626.1     1472.2     33.3     25.8     26.3 2022 12 31 14 27 57.700  1.02   1
   110501  40.467338 -124.509928    23.836   -23537.7    -9205.0     2408.6     15.1     22.1     23.6 2022 12 30 21 43 18.320  2.12   1
   110506  40.606962 -124.081185    19.916    12787.8     6299.6    -1511.7     67.2     30.5     56.0 2022 12 20 21 47 48.880  1.10   1
   110507  40.528324 -124.396484    18.172   -13916.3    -2432.7    -3255.2     25.4     20.6     38.2 2022 12 21 10 16 11.430  0.70   1
   110508  40.609062 -124.096549    18.340    11486.8     6532.8    -3086.8     30.7     24.8     32.5 2022 12 30  9  0 39.550  1.14   1
   110509  40.576322 -124.287939    22.820    -4718.9     2897.2     1393.1     50.2     41.2     60.5 2023  1  2  8  1 22.300  0.77   1
   110510  40.497013 -124.431323    24.411   -16871.7    -5909.7     2983.6     23.5     21.7     37.1 2023  1  2  8 25 11.060  1.28   1
   110511  40.628861 -124.018205    24.123    18117.4     8731.4     2695.6     46.5     37.3     47.7 2022 12 21  4 15 19.850  2.45   1
   110512  40.509147 -124.335539    19.064    -8754.4    -4562.3    -2362.9     14.3     16.6     18.4 2022 12 21 17 35 50.480  1.40   1
   110513  40.522921 -124.413070    19.130   -15322.0    -3032.8    -2297.5     34.4     31.5     25.9 2022 12 20 15  4 50.680  1.42   1
   110515  40.542912 -124.230550    21.618      141.3     -812.9      190.5     67.7     90.2     82.5 2023  1 11 13 29 12.060  1.57   1
   110517  40.597929 -124.086385    23.457    12348.4     5296.5     2029.7     40.0     23.7     29.6 2023  3 12  6 43 46.740  0.89   1
   110518  40.522412 -124.435506    18.227   -17222.9    -3089.3    -3200.3     32.7     25.2     52.8 2022 12 20 10 43 39.300  2.63   1
   110519  40.576029 -124.144027    22.235     7468.8     2864.7      807.6     62.0     22.9     46.7 2022 12 20 23 22 14.760  1.65   1
   110521  40.570264 -124.157845    23.204     6298.8     2224.4     1777.0     31.2     18.4     36.4 2022 12 23  1 11 44.550  1.32   1
   110522  40.644373 -124.088949    23.245    12127.1    10453.9     1818.1     64.2     19.0     19.0 2022 12 20 18 48 15.520  0.97   1
   110523  40.508020 -124.492318    23.668   -22038.5    -4687.4     2240.6     43.1     70.2    113.6 2022 12 21  1  7 33.310  3.25   1
   110524  40.607544 -124.084505    18.126    12506.7     6364.2    -3301.5     39.1     24.0     42.9 2022 12 21  9 31  7.840  1.25   1
   110525  40.617643 -124.080379    18.334    12855.0     7485.7    -3093.2     48.7     28.9     38.3 2022 12 26  7 21 10.390  0.93   1
   110526  40.490975 -124.509709    15.675   -23515.0    -6580.2    -5752.2     24.7     29.5     37.0 2023  2 18 20 58 10.920  1.67   1
   110527  40.522986 -124.439722    19.374   -17580.0    -3025.6    -2053.6     23.7     27.9     40.3 2022 12 22  3 55 53.820  1.44   1
   110529  40.552970 -124.259180    24.905    -2283.7      304.1     3477.9     24.9     25.5     48.0 2023  5 18 13 21 36.440  0.56   1
   110530  40.619019 -124.069881    16.176    13743.7     7638.4    -5250.9     46.8     21.8     46.9 2022 12 22  4 49 54.170  0.84   1
   110531  40.532849 -124.352091    18.760   -10155.1    -1930.3    -2666.8     36.9     33.1     48.5 2022 12 20 19 16  2.640  1.29   1
   110532  40.541728 -124.347144    16.665    -9735.3     -944.4    -4762.7     48.8     24.9     60.5 2022 12 23  4  9 55.040  1.00   1
   110533  40.653414 -124.056299    15.918    14889.8    11457.9    -5509.7     68.6     51.9     54.1 2022 12 21 11 50 10.940  0.78   1
   110534  40.526245 -124.403296    18.796   -14493.6    -2663.6    -2631.0     20.4     26.9     34.6 2023  1  4 16 29 55.050  1.61   1
   110535  40.522754 -124.412549    18.765   -15277.9    -3051.3    -2662.1     19.8     17.7     25.9 2022 12 22 10 55 51.720  0.98   1
   110537  40.613281 -124.081478    23.328    12762.4     7001.3     1900.3     36.8     23.2     33.2 2022 12 21 16 28 15.660  3.99   1
   110539  40.526676 -124.339128    18.676    -9057.3    -2615.7    -2750.9     22.6     24.8     47.4 2022 12 25  8 22 48.250  0.72   1
   110541  40.578324 -124.185921    18.318     3920.8     3119.5    -3108.9     39.0     16.4     31.9 2023  2 18  6 52 19.650  1.07   1
   110542  40.578597 -124.189787    18.170     3593.4     3149.8    -3256.8     53.8     16.8     48.6 2022 12 20 17 56  5.920  1.14   1
   110544  40.598678 -124.182796    19.524     4184.8     5379.7    -1902.8     78.5     31.3     62.6 2023  3 21 22 51 34.760  0.98   1
   110546  40.503259 -124.449023    19.194   -18370.8    -5216.1    -2233.1     30.4     38.5     60.5 2022 12 27  1 23 41.520  0.94   1
   110547  40.616451 -123.924040    21.098    26091.3     7353.3     -329.1     17.9     31.6     30.7 2022 12 20 23 36 50.880  1.00   1
   110549  40.542301 -124.054989    19.774    15013.1     -880.6    -1653.5     19.0     17.8     18.7 2022 12 21  4 18 46.220  2.04   1
   110551  40.612585 -124.088550    18.351    12163.8     6924.1    -3076.4     41.7     23.2     30.9 2023  2 17 11 16 14.330  1.12   1
   110553  40.525773 -123.918750    20.533    26557.0    -2716.0     -894.4     38.3     37.9     25.4 2022 12 25  0 34  1.910  0.77   1
   110554  40.549239 -124.244124    18.179    -1008.5     -110.3    -3248.5     33.6     15.1     22.5 2022 12 21  0  5 31.440  1.34   1
   110556  40.498429 -124.433822    23.542   -17083.3    -5752.4     2115.2     20.5     23.5     23.3 2023  2 25 14 23 27.120  1.53   1
   110559  40.614750 -124.129215    21.303     8720.6     7164.5     -124.2     53.0     22.7     58.3 2023  3 13  0 48 17.330  0.83   1
   110560  40.630611 -123.928507    21.603    25710.4     8925.7      176.2     18.3     15.5     17.2 2023  2  2  2 38 55.900  1.60   1
   110561  40.620211 -123.891602    22.747    28836.8     7770.8     1319.9     26.8     35.3    282.5 2022 12 20 17 35 32.520  1.17   1
   110564  40.600822 -124.116512    16.264     9797.2     5617.8    -5163.4     28.8     23.3     28.9 2022 12 24  4 18 59.420  0.99   1
   110566  40.607438 -124.105208    18.258    10753.8     6352.5    -3169.5     35.6     24.0     25.3 2022 12 22  5 24 44.100  2.65   1
   110568  40.499398 -124.470174    15.988   -20163.5    -5644.9    -5439.0     19.1     22.1     41.9 2023  3 22 19 35 25.080  1.32   1
   110569  40.646472 -124.023877    18.279    17634.9    10687.0    -3148.7     25.0     17.6     28.4 2023  1  2  9 44 23.910  0.93   1
   110570  40.601904 -124.124504    20.139     9120.4     5738.0    -1288.0     27.1     18.6     25.4 2022 12 22  6 14 22.080  1.10   1
   110572  40.531746 -124.243758    19.123     -977.6    -2052.7    -2304.2     21.9     21.4     25.2 2023  1  1 22 18 52.920  1.17   1
   110574  40.627344 -124.095752    19.994    11552.7     8562.9    -1433.6     38.7     21.9     37.9 2022 12 21 22 33 49.080  1.00   1
   110575  40.578853 -124.168123    26.516     5428.0     3178.3     5088.5     64.5     31.0     53.9 2022 12 23  1 10  6.400  0.80   1
   110577  40.618054 -124.228475    23.931      316.9     7531.3     2503.8     26.8     20.0     21.8 2022 12 25 19 13 28.400  0.95   1
   110578  40.568433 -124.143848    21.663     7484.4     2021.1      236.1     43.3     20.4     30.3 2022 12 20 20 26 41.720  2.13   1
   110579  40.520072 -124.351367    21.868   -10094.7    -3349.1      440.5     35.4     30.3     40.4 2022 12 21  8 58 34.030  0.97   1
   110580  40.610201 -124.055615    22.827    14952.4     6659.3     1399.7     33.2     17.1     34.8 2023  1  3  4 53 49.540  1.15   1
   110581  40.567794 -124.234147    20.265     -163.3     1950.2    -1162.0     24.5     16.9     30.4 2023  5 28 11 38 43.770  1.07   1
   110582  40.562736 -123.934766    22.115    25193.3     1388.5      687.4     15.1     12.2     17.7 2022 12 21 23 36 17.240  1.23   1
   110586  40.523535 -123.898804    20.102    28247.3    -2964.6    -1324.9     45.0     50.4     59.0 2022 12 22  5 36 49.910  0.70   1
   110587  40.605562 -123.914209    25.208    26925.8     6144.2     3780.4     27.2     25.8     28.0 2022 12 20 10 48 38.300  2.65   1
   110588  40.596484 -124.115210    18.105     9907.8     5136.1    -3322.5     19.8     16.9     23.8 2022 12 22  7 50 48.720  1.53   1
   110589  40.533313 -124.051278    19.528    15328.4    -1878.8    -1899.3     21.4     16.6     19.7 2022 12 21  0 13 29.150  1.50   1
   110590  40.654240 -123.884017    27.716    29471.5    11549.6     6288.7     59.5     52.6     85.1 2022 12 23 19 10 35.240  1.06   1
   110591  40.587508 -124.067196    21.599    13974.3     4139.4      171.9     33.2     19.8     16.7 2022 12 25 22 34 55.360  0.82   1
   110592  40.617843 -124.076514    17.865    13182.3     7507.9    -3562.7     40.8     20.3     33.0 2023  1 18  8 28 49.360  0.92   1
   110594  40.559005 -123.937118    21.154    24994.8      974.2     -273.7     24.6     12.1     19.2 2022 12 21  0 45 40.230  1.26   1
   110595  40.592513 -124.326603    21.320    -7992.3     4695.1     -106.9     36.7     21.2     26.8 2022 12 20 10 52 39.340  3.28   1
   110596  40.540450 -124.339738    17.689    -9108.1    -1086.2    -3738.5     18.8     17.4     22.7 2022 12 29  7 31 23.150  0.85   1
   110597  40.618193 -124.077539    20.355    13095.4     7546.7    -1071.7     31.4     30.5     34.1 2022 12 20 21 24 28.880  0.90   1
   110598  40.599939 -124.102913    22.888    10948.7     5519.7     1460.4     41.0     21.3     32.4 2022 12 26  1 46  3.150  1.45   1
   110600  40.522693 -124.381494    17.155   -12646.9    -3058.1    -4272.7     40.6     26.0     62.3 2022 12 20 19 51  5.480  1.33   1
   110604  40.570898 -123.937191    21.375    24986.4     2294.9      -52.0     16.2     14.7     18.1 2022 12 21 17  1 49.600  1.16   1
   110605  40.522314 -124.431787    19.648   -16907.9    -3100.1    -1778.9     17.3     20.9     23.4 2022 12 22  7 33 35.520  1.14   1
   110607  40.661198 -124.018319    18.389    18103.4    12322.3    -3038.4     40.3     31.5     53.9 2022 12 21 14 33 24.290  1.52   1
   110608  40.641199 -124.027319    18.304    17344.2    10101.4    -3122.8     32.4     21.1     39.7 2022 12 25 12 29 55.020  1.64   1
   110609  40.575655 -124.154427    23.176     6588.0     2823.1     1748.4     61.0     22.2     34.8 2022 12 20 19 19  0.120  1.41   1
   110611  40.552043 -124.241561    18.172     -791.3      201.1    -3255.7     28.5     37.7     43.0 2022 12 21 12 21 21.680  0.97   1
   110613  40.667224 -123.889543    22.826    29001.0    12991.4     1399.0     38.3     33.0     32.9 2022 12 27 17 40  9.980  1.83   1
   110614  40.550675 -124.319906    20.465    -7427.5       49.3     -962.5     37.2     31.8     45.3 2023  2 15 14 26 55.060  2.21   1
   110615  40.580261 -124.134554    22.045     8270.8     3334.6      618.1     37.5     25.4     37.5 2022 12 21  9 48 30.660  1.09   1
   110618  40.605652 -123.981763    22.752    21206.0     6154.1     1325.0     50.8     46.2     18.9 2022 12 20 23 30 29.600  1.04   1
   110619  40.599670 -123.917318    21.993    26663.8     5489.9      565.5     26.3     27.4     24.8 2022 12 22  4 23  9.220  0.67   1
   110620  40.599361 -123.897835    25.316    28313.5     5455.6     3889.2     30.8     32.3     39.8 2022 12 25 16 15  8.400  1.07   1
   110622  40.604016 -124.101969    15.631    11028.3     5972.5    -5795.9     32.2     26.8     22.4 2022 12 28  9 46 28.530  1.31   1
   110623  40.594792 -124.154411    22.852     6588.5     4948.2     1424.4     37.9     21.8     27.5 2022 12 30  9 23 12.150  1.07   1
   110624  40.608781 -124.108854    18.225    10445.0     6501.6    -3201.8     35.6     33.5     42.9 2023  4  2 23  2 20.160  1.02   1
   110625  40.551375 -124.073104    19.046    13477.6      127.0    -2381.3     36.3     17.7     31.9 2022 12 20 21 22 52.960  1.20   1
   110626  40.559949 -124.017692    22.158    18170.1     1079.0      730.7     18.9     13.6     19.7 2022 12 24 20 57 12.400  1.30   1
   110627  40.593302 -124.188875    21.618     3670.2     4782.8      190.5     47.7     21.5     51.9 2022 12 20 16 59 23.800  1.39   1
   110628  40.550191 -123.883854    22.166    29508.0       -4.5      739.2     33.9     34.4     42.4 2022 12 25  6 37 31.440  1.50   1
   110629  40.585714 -124.224797    24.472      628.5     3940.1     3044.3     53.0     35.7     68.6 2023  2  2  2 53 51.230  0.90   1
   110630  40.601261 -124.106763    15.542    10622.7     5666.6    -5884.9     26.9     20.7     20.8 2022 12 22  6 38 46.920  0.92   1
   110631  40.600456 -123.998299    19.915    19806.7     5577.1    -1512.0     28.0     16.6     22.2 2022 12 22  6 27  3.370  1.14   1
   110633  40.512016 -124.450765    24.156   -18517.1    -4243.7     2728.9     31.9     38.6     68.8 2022 12 20 11 23 42.960  2.53   1
   110634  40.612333 -124.081266    15.837    12780.4     6896.1    -5590.2     33.9     17.7     30.4 2023  1  3  7 23 30.820  1.13   1
   110635  40.549019 -124.052588    22.707    15215.7     -134.6     1279.7     19.2     12.9     16.3 2022 12 24  7 16 44.450  1.51   1
   110636  40.577783 -124.210059    17.633     1876.7     3059.4    -3793.9     24.6     17.3     26.1 2023  5  5 10 50 40.220  0.86   1
   110637  40.543530 -124.336426    17.438    -8827.3     -744.2    -3988.9     28.1     24.8     32.5 2022 12 25 12 21 40.770  1.90   1
   110638  40.579411 -124.149186    23.300     7031.7     3240.2     1872.8     29.9     21.9     29.2 2022 12 21 19 17 30.720  1.31   1
   110641  40.643612 -123.997331    18.859    19882.3    10369.4    -2568.4     61.9     23.0     52.6 2022 12 25  9 11 59.060  0.70   1
   110643  40.540165 -123.912069    22.938    27120.2    -1117.9     1510.8     29.8     30.0     29.0 2023  2 16 18  3 27.440  1.53   1
   110644  40.562480 -123.977417    23.645    21580.9     1360.1     2218.1     20.9     17.6     16.5 2023  2 13  5 45 35.220  1.23   1
   110646  40.574048 -124.423267    23.124   -16179.8     2644.6     1696.3     74.9     76.4    114.6 2023  2  6 20 12  2.580  1.35   1
   110647  40.567570 -124.149382    21.538     7015.8     1925.3      110.7     58.1     26.6     45.9 2022 12 20 19  6 23.200  1.47   1
   110649  40.520776 -124.358244    22.852   -10677.3    -3270.9     1424.6     31.0     27.9     39.2 2022 12 25 23 13 35.000  1.83   1
   110650  40.704500 -123.959969    21.722    23034.4    17130.8      294.9     26.5     26.0     22.5 2022 12 26  9 16 16.030  1.67   1
   110651  40.614742 -123.818962    27.064    34988.0     7163.5     5636.5     24.5     27.8     36.3 2023  4  8  3  4 20.710  1.95   1
   110652  40.514518 -124.439722    17.975   -17581.1    -3965.8    -3452.6     17.4     18.9     22.2 2023  2  8 14 16 55.210  1.31   1
   110653  40.531889 -124.401294    18.667   -14323.4    -2036.9    -2760.1     25.1     24.5     31.0 2022 12 26  8 29 16.340  0.84   1
   110654  40.595394 -124.005444    22.913    19202.4     5015.0     1485.5     28.0     21.1     20.0 2022 12 24 22 12 36.600  2.10   1
   110655  40.568302 -124.020117    22.441    17963.5     2006.6     1014.2     22.0     12.4     23.4 2023  4 30 12 38 22.840  0.62   1
   110656  40.585372 -124.181567    26.790     4289.3     3902.1     5362.7    127.2     53.6    100.8 2023  1 20 22  9 26.880  0.94   1
   110660  40.538053 -124.342472    16.441    -9339.9    -1352.4    -4986.0     31.2     28.0     45.1 2022 12 31 15  5 32.620  1.28   1
   110663  40.580758 -123.955534    24.484    23431.1     3389.7     3056.5     29.4     23.7     24.3 2022 12 21 22 26 11.040  1.39   1
   110664  40.550700 -123.974243    21.088    21851.6       52.0     -339.1     20.3     14.6     14.0 2022 12 20 16  1 13.350  1.61   1
   110665  40.492485 -124.510531    17.842   -23584.4    -6412.6    -3585.7     26.6     39.8     49.1 2023  4  6  4 40 19.060  0.75   1
   110666  40.499235 -124.469165    18.103   -20078.0    -5663.0    -3324.4     25.0     27.8     47.2 2022 12 29  8 32 33.620  1.49   1
   110667  40.598975 -124.328239    21.022    -8130.4     5412.6     -405.4     41.0     18.5     43.9 2022 12 25  7 56 23.340  0.72   1
   110671  40.585213 -124.098901    23.363    11289.6     3884.5     1935.7     46.1     22.6     35.5 2022 12 20 23  1 57.840  1.31   1
   110672  40.535848 -124.349414    18.125    -9928.1    -1597.3    -3302.1     25.0     19.4     34.7 2023  4 15  0  7  1.200  0.77   1
   110673  40.584888 -124.213949    23.098     1547.1     3848.4     1670.5     56.1     42.8     65.2 2022 12 21 16 59 16.830  0.92   1
   110674  40.552116 -124.224479    17.796      655.5      209.2    -3631.3     22.6     14.0     24.7 2022 12 23  5  1 13.690  1.08   1
   110675  40.704574 -123.934277    22.551    25208.1    17138.9     1123.5     26.7     20.9     21.2 2022 12 22 16 21 35.960  1.66   1
   110676  40.479826 -124.404834    19.903   -14628.9    -7818.3    -1524.6     24.8     25.0     31.2 2023  1 30 10 56 56.600  0.99   1
   110677  40.511092 -124.440161    17.401   -17618.8    -4346.3    -4026.3     22.8     26.4     36.5 2022 12 23  0 10 35.700  1.04   1
   110678  40.517765 -124.429484    16.916   -16713.3    -3605.3    -4511.6     25.5     26.1     37.6 2023  1  8  2 15 56.440  1.14   1
   110679  40.512569 -124.434066    17.564   -17102.2    -4182.3    -3862.8     25.6     15.4     38.1 2023  4 20 15 36 20.100  0.92   1
   110681  40.638456 -123.911328    21.391    27163.1     9796.9      -36.0     26.9     19.1     19.6 2022 12 21  2 53 42.600  1.60   1
   110683  40.503625 -124.454891    19.931   -18867.9    -5175.4    -1495.8     23.6     26.6     32.5 2022 12 21  8 21  0.830  1.29   1
   110685  40.533988 -124.373405    24.751   -11960.6    -1803.8     3323.8     24.4     21.3     34.8 2023  1 29  2 21 34.040  0.86   1
   110686  40.548112 -124.311727    17.957    -6734.8     -235.4    -3470.4     40.3     20.6     31.1 2022 12 20 19 42 50.340  1.43   1
   110687  40.642318 -124.048747    19.357    15530.3    10225.7    -2070.6     39.0     28.6     40.5 2022 12 26  1 31 33.690  1.21   1
   110688  40.683236 -123.884725    22.340    29405.3    14769.5      913.1     42.2     35.5     64.6 2022 12 20 16  7 38.970  2.01   1
   110689  40.548747 -123.757031    21.776    40251.0     -164.9      348.8     26.6     46.5     11.7 2022 12 22  0 56 27.730  0.68   1
   110692  40.511161 -124.469027    21.289   -20064.5    -4338.6     -138.6     30.1     43.4     55.7 2022 12 29 10 57 23.460  1.08   1
   110694  40.516581 -124.444230    19.205   -17962.8    -3736.8    -2221.9     27.6     27.1     38.7 2022 12 29  5 31  8.470  1.04   1
   110695  40.549837 -124.224455    17.786      657.6      -43.8    -3641.5     21.9     13.2     25.0 2022 12 24  5  9  2.290  1.55   1
   110697  40.572884 -124.218913    17.034     1126.9     2515.4    -4393.7     34.7     24.9     36.8 2022 12 23 20 30 28.480  1.23   1
   110698  40.541532 -124.239176    18.084     -589.4     -966.0    -3343.6     19.6     15.7     29.2 2023  1 26  5 47 35.730  1.04   1
   110699  40.510189 -124.412541    19.009   -15278.6    -4446.6    -2418.7     18.3     22.0     25.9 2022 12 22  9  7 10.520  0.52   1
   110700  40.574980 -124.212199    18.499     1695.4     2748.1    -2928.4     23.9     15.0     40.8 2022 12 25  3 58 23.130  0.90   1
   110702  40.629411 -123.957520    22.261    23254.6     8792.4      833.7     33.8     21.1     19.2 2022 12 20 23 26 24.700  1.53   1
   110703  40.530436 -124.331413    17.449    -8403.4    -2198.2    -3978.6     37.6     24.7     32.8 2022 12 22 14 28 55.050  1.12   1
   110705  40.513505 -123.879045    21.643    29923.6    -4078.4      215.6     16.3     14.9     16.4 2023  3  1  0 37 17.190  1.45   1
   110706  40.559819 -123.992391    23.932    20313.0     1064.5     2504.5     21.8     17.3     19.5 2022 12 20 23 41  1.760  1.68   1
   110707  40.546187 -123.841797    22.280    33071.5     -449.1      852.9     25.9     26.0     31.8 2022 12 21 22 14 18.520  1.56   1
   110708  40.577962 -124.208634    17.657     1997.3     3079.3    -3769.8     22.3     16.7     24.1 2023  3  5  0 34 58.820  1.58   1
   110710  40.605660 -124.134733    18.649     8254.1     6155.0    -2778.5     34.5     20.3     32.7 2023  1 14  1 10 27.140  1.46   1
   110711  40.612463 -124.071623    20.716    13596.9     6910.5     -711.3     29.3     25.2     32.0 2022 12 20 21  2 39.800  1.14   1
   110712  40.549430 -123.953996    22.537    23566.9      -89.0     1109.3     25.7     37.8     21.0 2023  1 10 19 11 36.040  1.34   1
   110715  40.609574 -124.080957    16.469    12806.9     6589.7    -4958.6     37.4     15.5     44.9 2022 12 20 21 22 37.100  1.23   1
   110716  40.586251 -123.886255    21.433    29296.9     3999.7        5.5     46.3     41.3     94.4 2022 12 22  1 50 13.650  0.65   1
   110717  40.608285 -124.300545    19.953    -5785.1     6446.5    -1473.9     39.4     23.8     50.0 2023  4  9 21 13 25.880  0.97   1
   110718  40.523669 -124.432951    19.147   -17006.3    -2949.6    -2280.2     24.4     22.4     34.1 2022 12 22  3 44  5.310  1.01   1
   110720  40.587504 -124.202051    20.725     2554.6     4138.9     -701.9     39.4     24.4     36.2 2022 12 21  1 23  1.660  0.93   1
   110721  40.551147 -124.307715    17.782    -6394.8      101.7    -3645.2     39.1     18.9     38.6 2022 12 20 16 43 44.910  1.41   1
   110722  40.551095 -124.300488    18.006    -5782.7       95.8    -3421.0     53.9     18.9     36.5 2022 12 20 19 45  5.720  1.04   1
   110723  40.470532 -124.544173    21.435   -26439.6    -8850.3        7.6     28.7     42.0     38.2 2022 12 22  7 29 30.560  0.68   1
   110724  40.518742 -124.344222    19.512    -9489.4    -3496.8    -1915.1     24.2     21.6     24.0 2022 12 22  8 32 21.500  0.63   1
   110725  40.546293 -124.309456    18.244    -6542.6     -437.4    -3183.1     44.5     33.4     76.2 2022 12 24 21 51 17.000  0.84   1
   110726  40.519552 -124.425334    19.927   -16361.5    -3406.9    -1500.3     24.9     19.0     36.5 2022 12 25 10 58 46.850  0.74   1
   110727  40.516789 -124.355428    19.471   -10439.0    -3713.7    -1956.3     25.1     21.9     24.2 2022 12 26 20 22  8.180  1.12   1
   110728  40.519718 -124.419979    19.523   -15907.8    -3388.4    -1904.4     17.7     16.3     27.0 2023  1  3 14 30 47.720  1.13   1
   110729  40.578670 -124.208984    17.703     1967.6     3157.9    -3724.3     27.8     17.1     23.1 2023  1  4 10 27 27.700  1.40   1
   110730  40.550033 -124.298999    23.068    -5656.6      -22.1     1640.8     39.9     37.9     46.3 2023  1 27  5 50 36.430  1.31   1
   110731  40.512183 -124.441317    17.891   -17716.6    -4225.2    -3536.4     19.6     20.1     29.7 2023  3 16 18  8 14.040  1.34   1
   110735  40.534009 -124.346696    18.123    -9697.9    -1801.5    -3303.9     46.4     34.8     64.5 2022 12 20 21 52 17.400  1.04   1
   110736  40.503276 -124.330680    18.897    -8343.1    -5214.3    -2530.0     17.3     16.0     22.2 2022 12 22  5 34 15.770  1.28   1
   110737  40.524243 -124.423779    18.346   -16229.2    -2885.9    -3081.6     24.6     22.8     32.3 2022 12 22 10 19 33.470  1.21   1
   110738  40.546187 -124.317863    18.603    -7254.7     -449.1    -2824.1     41.1     30.7     47.3 2022 12 26 12 16 44.250  0.71   1
   110739  40.522900 -124.423242    17.975   -16183.9    -3035.0    -3452.2     19.9     18.2     24.7 2023  1 11  1 42 23.060  2.03   1
   110743  40.581844 -124.199943    17.865     2733.2     3510.4    -3562.4     32.3     12.6     22.2 2023  3 25 16 17 15.180  0.90   1
   110745  40.516081 -124.431478    18.480   -16882.4    -3792.3    -2947.2     13.5     13.5     23.3 2023  1 20  8 32 25.670  1.94   1
   110746  40.518937 -124.448291    20.376   -18306.6    -3475.1    -1050.8     45.0     43.7     71.9 2023  2 15 19 15 16.420  1.23   1
   110747  40.542448 -124.340552    20.230    -9176.9     -864.4    -1197.1     45.4     36.6     65.6 2022 12 23 14  7  9.940  0.88   1
   110748  40.554407 -124.438184    25.083   -17445.6      463.6     3655.6     26.3     24.5     45.5 2022 12 20 15 58 21.830  1.76   1
   110749  40.500716 -124.461019    15.807   -19387.5    -5498.5    -5620.7     21.1     24.8     38.9 2022 12 26  6 35 42.200  1.15   1
   110750  40.593054 -124.117489    17.279     9715.1     4755.2    -4148.6     45.0     44.0     25.4 2023  1 14  6 13 33.720  1.13   1
   110751  40.574650 -123.986532    20.944    20807.0     2711.5     -483.5     11.3     15.7     20.4 2022 12 20 17 38 50.000  1.62   1
   110752  40.578524 -124.201799    20.138     2576.2     3141.7    -1289.0     33.2     11.8     21.9 2022 12 22 21 13 37.280  0.95   1
   110753  40.526278 -124.323682    18.049    -7748.7    -2660.0    -3378.0     34.1     28.7     40.3 2022 12 22 22  2  6.300  1.11   1
   110754  40.524239 -124.356991    18.606   -10570.8    -2886.4    -2820.9     22.7     21.8     28.2 2022 12 22 22 45  9.160  1.52   1
   110757  40.525033 -124.344539    19.203    -9515.9    -2798.3    -2224.3     18.6     20.0     29.2 2022 12 28 13 28 43.290  1.64   1
   110758  40.552686 -124.236393    19.661     -353.6      272.5    -1765.9     25.5     16.5     20.6 2023  1 15 15 14  5.770  1.41   1
   110759  40.518319 -124.409733    21.078   -15039.9    -3543.8     -349.7     25.3     33.4     54.4 2023  2 10 21  1  5.660  1.17   1
   110761  40.585758 -124.149780    22.116     6981.0     3945.1      689.2     34.1     21.2     36.3 2023  1 21 22  3  8.900  1.49   1
   110765  40.522872 -124.402718    18.230   -14445.0    -3038.2    -3197.6     28.6     26.1     33.4 2022 12 24  2 43 20.530  1.79   1
   110766  40.501294 -124.445068    17.876   -18035.9    -5434.3    -3551.1     29.6     28.8     60.2 2023  2  7 19 48  3.920  1.35   1
   110767  40.504936 -124.480119    18.171   -21005.3    -5029.9    -3256.4     27.7     27.1     53.3 2023  5  3  4 14 16.070  1.55   1
   110768  40.535502 -124.342114    18.753    -9309.7    -1635.7    -2674.7     17.7     20.3     26.2 2023  2 17 23 11 43.020  1.41   1
   110769  40.577502 -124.211230    18.189     1777.4     3028.3    -3238.5     19.7     17.1     29.2 2022 12 22 11 55 31.760  1.02   1
   110770  40.595015 -124.102205    24.607    11009.0     4973.0     3179.9     49.6     25.2     54.4 2023  1  4  8 48  8.840  1.05   1
   110771  40.515336 -124.442887    18.204   -17849.2    -3875.0    -3223.6     22.1     18.2     35.7 2022 12 21 11 33 42.730  2.09   1
   110772  40.519096 -124.421354    16.781   -16024.4    -3457.5    -4646.0     26.0     26.4     32.2 2022 12 22  1 51 31.680  0.96   1
   110774  40.516557 -124.427409    19.073   -16537.6    -3739.5    -2354.6     25.4     27.3     37.9 2022 12 22 13 45 54.290  0.88   1
   110778  40.594234 -124.095101    21.876    11610.7     4886.2      448.6     91.0     34.9     66.6 2022 12 20 13 10 43.400  0.88   1
   110780  40.515682 -124.439697    18.354   -17578.9    -3836.6    -3072.9     19.4     17.4     36.7 2023  1 27  2 38 13.190  1.41   1
   110781  40.601587 -124.023226    21.175    17695.9     5702.7     -252.3     35.2     32.3     27.7 2022 12 22  7 36 42.420  0.86   1
   110782  40.519397 -124.418522    16.867   -15784.4    -3424.1    -4559.9     23.8     20.7     39.9 2023  1 19  4 55  2.650  1.72   1
   110783  40.534501 -124.243262    19.713     -935.5    -1746.8    -1714.2     22.4     18.5     24.2 2022 12 21  9 13 55.700  1.90   1
   110785  40.600260 -124.109993    16.301    10349.2     5555.4    -5125.8     32.5     27.4     33.8 2023  3 27 13  6 21.780  0.85   1
   110786  40.515336 -124.442318    17.910   -17801.0    -3875.0    -3517.1     23.3     22.8     27.9 2022 12 21 10 46 12.660  1.82   1
   110787  40.587590 -124.178288    19.870     4566.9     4148.4    -1557.4     57.6     21.3     39.6 2022 12 22  9 24 48.500  0.91   1
   110788  40.659538 -124.006722    19.533    19085.1    12137.9    -1894.7     35.8     23.8     45.7 2022 12 22  1 16  9.260  0.66   1
   110789  40.522213 -124.415788    18.884   -15552.4    -3111.4    -2543.1     26.4     29.8     32.6 2022 12 23 19 12 41.740  1.83   1
   110790  40.569141 -124.192480    22.383     3365.5     2099.7      955.7     87.2     38.9     62.4 2022 12 24 15 43 41.860  0.86   1
   110791  40.524500 -124.411426    22.532   -15182.6    -2857.5     1104.8    105.1     98.1    129.4 2022 12 21 21 14 36.000  0.82   1
   110793  40.517004 -124.412240    20.988   -15252.4    -3689.8     -439.0     31.7     19.2     37.2 2022 12 26 14 17  3.520  0.91   1
   110794  40.595292 -124.112459    18.384    10140.8     5003.7    -3043.5     24.6     19.6     26.0 2023  3 11 16 16 54.220  1.44   1
   110796  40.541964 -124.334115    17.555    -8631.6     -918.1    -3872.3     21.9     19.4     27.3 2022 12 22  1 52 50.750  1.67   1
   110797  40.520256 -124.353011    19.360   -10234.0    -3328.7    -2067.0     28.5     22.2     36.2 2022 12 24 21 53 24.440  1.63   1
   110799  40.524284 -124.403914    19.214   -14546.2    -2881.4    -2213.3     29.7     26.0     29.2 2022 12 20 10 40 17.470  2.91   1
   110801  40.557768 -124.236589    19.842     -370.1      836.8    -1585.2     26.1     19.5     21.2 2022 12 20 12 16  5.480  2.04   1
   110802  40.573649 -124.080566    19.293    12843.4     2600.4    -2134.3     41.3     37.8     22.7 2022 12 21  0 15 31.010  2.88   1
   110803  40.652726 -124.018001    19.067    18131.4    11381.5    -2360.2     34.7     15.1     36.3 2022 12 22  5 56 58.350  0.78   1
   110804  40.519189 -124.439022    19.311   -17521.2    -3447.1    -2116.5     21.9     17.5     42.8 2022 12 20 20 38 36.440  1.22   1
   110806  40.514567 -124.433602    18.610   -17062.6    -3960.4    -2817.5     24.1     19.0     42.1 2023  2  1  8 26 47.510  1.32   1
   110808  40.536369 -124.340356    17.744    -9160.7    -1539.4    -3683.4     32.0     28.7     44.3 2023  3 31  1 48 56.260  0.92   1
   110809  40.523112 -124.428890    20.042   -16662.3    -3011.5    -1385.2     24.3     22.2     37.1 2022 12 22  0 38 39.810  1.01   1
   110810  40.615808 -124.082332    17.138    12689.9     7281.9    -4289.1     70.4     32.5     50.4 2023  1  4  6 36 41.150  1.09   1
   110812  40.603243 -124.134473    18.383     8276.3     5886.6    -3043.8     31.8     16.2     32.6 2023  2  2  5 38 31.180  0.92   1
