   101475  40.580432 -123.982772    20.718    21124.5     3353.6     -709.2    542.1    382.8    551.8 2020  1  4 12 29  8.640  0.00   1
   101476  40.580945 -123.982454    20.527    21151.3     3410.5     -900.0    606.3    418.4    505.0 2020  2 13 22 21 36.940  0.00   1
   101477  40.581250 -123.982218    20.944    21171.3     3444.4     -483.4    445.8    332.6    542.5 2020  3 19  1  4 26.040  0.00   1
   101481  40.581148 -123.983521    20.606    21061.0     3433.1     -821.4    543.3    380.4    557.6 2021  3 29 15 56 33.780  0.00   1
   101482  40.581254 -123.982503    20.630    21147.1     3444.9     -797.6    479.6    343.6    556.8 2021  3 29 13 44 54.940  0.00   1
   101483  40.581628 -123.982837    20.602    21118.8     3486.4     -825.2    506.9    366.6    586.8 2021  3 30 14 30 26.580  0.00   1
   101484  40.581234 -123.982389    20.651    21156.8     3442.6     -775.9    505.4    381.9    590.6 2021  3 30 16 56 58.820  0.00   1
   101487  40.581519 -123.982471    20.725    21149.9     3474.2     -702.0    475.2    357.4    620.6 2021  9 19 18 51 35.660  0.00   1
   101488  40.582052 -123.978581    20.542    21479.2     3533.4     -885.6    507.6    387.5    535.2 2021 12  7  4 20 27.260  0.00   1
   101564  40.533167 -124.284538    11.265    -4432.2    -1895.0   -10162.5    869.6    423.2    467.3 2020  1  4 11 37 20.680  0.00   1
   102513  40.563082 -124.121745    22.568     9356.7     1426.9     1141.1    605.2    341.1    595.6 2020  1 21 18 29 29.080  0.00   1
   102514  40.565483 -124.121346    22.464     9390.3     1693.5     1036.9    550.3    488.9    730.1 2020  1 21 18 17 50.920  0.00   1
   102517  40.565251 -124.120052    22.701     9499.9     1667.8     1273.4    665.8    420.2    714.5 2020  1 21 18 17 12.580  0.00   1
   102584  40.563778 -124.117977    22.611     9675.8     1504.2     1183.4    658.8    388.1    447.4 2021 12 19 16 15 38.560  0.00   1
   102602  40.480493 -124.512410    24.613   -23745.8    -7744.2     3185.3    694.9    770.4   1544.8 2021  8 10 19 30 57.060  0.00   1
   102603  40.484993 -124.507178    25.354   -23301.6    -7244.4     3926.8    831.4    790.4   1166.5 2021  8 28  7 10 22.180  0.00   1
   102606  40.479830 -124.508968    25.015   -23454.2    -7817.8     3587.9    725.2    750.1   1228.0 2021 11  9 13 23 16.920  0.00   1
   102608  40.485404 -124.504207    25.965   -23049.8    -7198.8     4537.7    798.1    808.1   1208.7 2022  9  7 17 54 42.580  0.00   1
   102707  40.435425 -124.602368    24.717   -31380.0   -12748.8     3290.0    457.7    682.1   1246.2 2020  1  5 11  4 39.240  0.00   1
   102709  40.435445 -124.602368    24.666   -31380.0   -12746.5     3239.0    386.5    570.7    880.7 2020  3 12 15 20 18.660  0.00   1
   102710  40.435449 -124.602344    24.704   -31377.9   -12746.1     3276.5    342.8    541.3    810.9 2020  3 19  0  0 12.240  0.00   1
   102711  40.435559 -124.602458    24.678   -31387.6   -12733.9     3250.8    671.3    638.1   1761.0 2020  4 15  6 22 46.200  0.00   1
   102713  40.435478 -124.602295    24.737   -31373.8   -12742.9     3309.6    385.2    698.1    953.1 2020  5  1 21 27  1.720  0.00   1
   102715  40.435876 -124.602588    24.779   -31398.5   -12698.6     3352.1    361.8    511.2   1100.0 2020  5 19  4 18  4.680  0.00   1
   102716  40.436300 -124.602620    24.608   -31401.2   -12651.7     3180.7    571.1    691.1   1769.0 2020  5 19 15 58 35.460  0.00   1
   102717  40.436523 -124.602865    24.554   -31421.8   -12626.8     3126.3    436.9    519.2   1364.8 2020  5 19  8 56  4.240  0.00   1
   102718  40.435661 -124.602482    24.398   -31389.6   -12722.6     2970.3    472.7    617.0   2004.4 2020  6  2  1 55 48.260  0.00   1
   102719  40.435506 -124.602271    24.686   -31371.7   -12739.8     3259.1    438.2    756.4   1119.4 2020  6  9 10 29  1.040  0.00   1
   102720  40.435746 -124.601636    24.548   -31317.9   -12713.1     3121.1    573.0    688.6   1818.0 2020  6  9 11 54 57.660  0.00   1
   102721  40.435368 -124.602222    24.820   -31367.6   -12755.1     3393.1    521.8    500.6   1189.6 2020  6 11 11 48 29.660  0.00   1
   102723  40.435482 -124.602344    24.641   -31377.9   -12742.5     3214.0    316.7    550.5   1019.6 2020  6 28  9  4 35.860  0.00   1
   102727  40.435457 -124.602376    24.685   -31380.7   -12745.2     3257.4    358.7    497.9    938.5 2020  9 21 21 53 10.520  0.00   1
   102728  40.435494 -124.602450    24.585   -31386.9   -12741.1     3157.9    393.8    619.5   1548.3 2020  9 28  9 34 39.840  0.00   1
   102729  40.435494 -124.602376    24.559   -31380.7   -12741.1     3131.6    382.0    897.3   1968.6 2020  9 29 16 42 12.380  0.00   1
   102730  40.435490 -124.602352    24.602   -31378.6   -12741.6     3174.7    348.7    622.9   1496.6 2020  9 29 16  6 55.980  0.00   1
   102731  40.435946 -124.602401    24.721   -31382.7   -12691.0     3293.4    364.0    472.5   1097.0 2020 10  8  8 34 56.540  0.00   1
   102732  40.435795 -124.602441    24.591   -31386.1   -12707.7     3164.1    533.7    697.6   1444.6 2020 10 13 22  5 11.460  0.00   1
   102733  40.435465 -124.602376    24.686   -31380.7   -12744.3     3258.6    359.5    556.1    935.1 2020 11 11  2 48 36.380  0.00   1
   102734  40.435396 -124.602873    24.129   -31422.8   -12752.0     2701.5    594.7   1243.5   4618.1 2020 12 19  3 23 42.480  0.00   1
   102736  40.435514 -124.602360    24.646   -31379.3   -12738.9     3218.5    407.5    768.8   1677.7 2021  1 21 20 46 20.820  0.00   1
   102737  40.435490 -124.602401    24.554   -31382.8   -12741.6     3126.8    456.2    952.6   1621.0 2021  2 12  4 31  7.420  0.00   1
   102738  40.435478 -124.602409    24.636   -31383.5   -12742.9     3208.6    410.8    587.1   1582.9 2021  2 12 20  8 51.240  0.00   1
   102739  40.435221 -124.602710    24.143   -31409.0   -12771.4     2715.7    628.0   1273.0   3326.3 2021  2 12  4 29 14.400  0.00   1
   102740  40.435478 -124.601562    23.909   -31311.7   -12742.9     2482.1    478.7    837.0    608.8 2021  2 20 23 40 36.700  0.00   1
   102741  40.435539 -124.602344    24.641   -31377.9   -12736.1     3214.2    331.8    445.2   1083.2 2021  4 14  4 39 59.360  0.00   1
   102742  40.435478 -124.602311    24.635   -31375.2   -12742.9     3208.2    393.6    663.1   1224.8 2021  4 14  1 27 41.100  0.00   1
   102743  40.435474 -124.602523    24.333   -31393.1   -12743.4     2905.7    456.2    709.4   2491.0 2021  4 14  5 38 37.620  0.00   1
   102745  40.436190 -124.602881    24.659   -31423.3   -12663.9     3231.3    336.5    477.4   1081.1 2021  5 17  6 53 57.120  0.00   1
   102749  40.435474 -124.602287    24.736   -31373.1   -12743.4     3308.3    375.6    644.0    950.6 2021  7 10 11 59 45.840  0.00   1
   102751  40.435453 -124.602303    24.713   -31374.5   -12745.6     3285.4    373.5    499.8    944.1 2021  8 31 18 13 15.560  0.00   1
   102754  40.435478 -124.602295    24.732   -31373.8   -12742.9     3304.9    376.3    654.6    963.0 2021  9 23  9 33 50.540  0.00   1
   102755  40.436003 -124.602157    24.734   -31361.9   -12684.6     3306.7    400.5    550.4    959.9 2021  9 30 19 10  2.220  0.00   1
   102756  40.435441 -124.602336    24.434   -31377.3   -12747.0     3007.2    377.3    648.2   1051.1 2021 10  8 23 40 58.400  0.00   1
   102759  40.435478 -124.602287    24.732   -31373.1   -12742.9     3304.7    374.0    637.5    961.5 2021 11  4  9  5 14.280  0.00   1
   102761  40.435510 -124.602360    24.605   -31379.3   -12739.3     3178.2    394.0    592.3   1038.5 2021 12  9 20 12 36.400  0.00   1
   102763  40.435498 -124.602336    24.598   -31377.2   -12740.7     3170.3    390.3    513.9   1087.3 2021 12 18  5 17 48.600  0.00   1
   102764  40.435465 -124.602327    24.727   -31376.6   -12744.3     3299.9    368.4    594.7    959.8 2021 12 20  7 12 18.880  0.00   1
   102768  40.428564 -124.605208    24.557   -31622.4   -13510.6     3130.1    622.5    904.7   1530.4 2022  2 24 23 18 18.200  0.00   1
   102773  40.435339 -124.602279    24.735   -31372.4   -12758.3     3307.8    427.4    529.0    974.3 2022  4 10 14  1 19.800  0.00   1
   102775  40.435990 -124.602157    24.737   -31362.0   -12686.0     3309.6    400.3    549.2    952.4 2022  5 12 21 39 49.620  0.00   1
   102776  40.435465 -124.601636    24.530   -31317.9   -12744.3     3102.3    424.5    684.2   1111.5 2022  5 15 21 30 42.600  0.00   1
   102777  40.435376 -124.602246    24.422   -31369.7   -12754.2     2994.9    498.3    913.1   1865.0 2022  6  2  9 50 27.060  0.00   1
   102778  40.432471 -124.603052    25.060   -31438.7   -13076.8     3632.3    666.9    915.6   1268.9 2022  6 17  0 59 30.760  0.00   1
   102780  40.435246 -124.602157    24.679   -31362.1   -12768.7     3251.3    372.9    626.8    938.0 2022  7 21  2 41 31.540  0.00   1
   102781  40.435470 -124.602393    24.522   -31382.1   -12743.8     3094.5    473.8    880.3   1282.0 2022  7 28  9 22  9.400  0.00   1
   102783  40.435864 -124.602271    24.698   -31371.6   -12700.0     3270.4    543.6    801.4   1506.6 2022  8 24 18 40  2.660  0.00   1
   102785  40.435710 -124.602327    24.655   -31376.5   -12717.2     3227.9    497.7    677.8   1466.7 2022  8 29 10  0 58.040  0.00   1
   102786  40.435539 -124.602458    24.701   -31387.6   -12736.1     3273.7    365.4    508.0    877.4 2022  9 18 15 28 46.440  0.00   1
   102787  40.435457 -124.602360    24.701   -31379.3   -12745.2     3273.4    458.4    667.3   1236.8 2022 10  2 19 33 34.380  0.00   1
   102789  40.435396 -124.602539    24.569   -31394.5   -12752.0     3141.6    482.6    807.8   1127.9 2022 10 17  4 45 23.620  0.00   1
   102790  40.435531 -124.602466    24.603   -31388.3   -12737.1     3175.5    360.5    475.7   1060.8 2022 10 19 22 24 12.120  0.00   1
   102792  40.435543 -124.602474    24.635   -31389.0   -12735.7     3207.4    343.8    491.6   1103.5 2022 11  4 23 19 49.560  0.00   1
   102793  40.435539 -124.602433    24.681   -31385.5   -12736.1     3253.6    351.6    562.0   1125.1 2022 11 28  6 17 43.580  0.00   1
   102871  40.521663 -124.421655    23.857   -16049.6    -3172.4     2430.1    660.3    580.9    524.7 2021 12 21 11 40 42.620  0.00   1
   102873  40.521859 -124.419596    24.007   -15875.1    -3150.7     2579.7    748.3    778.6   1338.9 2021 12 27  5 28 17.460  0.00   1
   102877  40.518787 -124.414258    23.961   -15423.2    -3491.9     2534.0    539.4    582.4   1057.5 2022 11 12  9 39  9.180  0.00   1
   102881  40.579639 -123.891178    22.497    28881.3     3265.5     1070.2    564.2    508.6    528.3 2020  6  5  7 17 17.540  0.00   1
   102882  40.588196 -123.897201    22.180    28369.6     4215.7      752.7    398.0    631.4    547.8 2021  8 31 10  1 55.460  0.00   1
   102884  40.585291 -123.894157    22.729    28627.9     3893.1     1302.2    488.4    642.0    446.6 2022  7  8 14 14 25.800  0.00   1
   102885  40.573991 -123.889429    22.444    29030.7     2638.3     1017.1    840.3    471.4    423.9 2022 10 15  6 34 45.100  0.00   1
   102906  40.550407 -124.496322    25.115   -22370.7       19.4     3688.0    968.7    750.8   1296.5 2020  1  8  5 26 50.000  0.00   1
   102908  40.549691 -124.499333    24.891   -22625.9      -60.1     3464.1    773.4    668.7   1448.1 2020 10 11 20 54  2.280  0.00   1
   102909  40.544352 -124.503532    27.483   -22982.5     -652.9     6055.7    717.5    622.2   1142.6 2021  4 28 19 33 47.460  0.00   1
   102910  40.547526 -124.497868    26.032   -22502.2     -300.5     4605.1    754.8    503.5    965.3 2021  6 12  7 57 57.640  0.00   1
   102911  40.545129 -124.505550    25.125   -23153.3     -566.6     3698.1    635.4    638.9   1391.8 2021  6 22  2 52 24.640  0.00   1
   102915  40.545516 -124.505591    24.929   -23156.7     -523.7     3501.7    667.5    651.1   1511.3 2021 11 28 13  7  4.440  0.00   1
   102916  40.548173 -124.500789    25.144   -22749.5     -228.6     3716.5    667.2    578.2   1200.5 2021 12 21 13 58 37.080  0.00   1
   102917  40.549980 -124.498185    24.724   -22528.6      -28.0     3296.3    796.7    689.6   1399.5 2021 12 21  8 24 22.960  0.00   1
   103853  40.623258 -123.941455    21.117    24615.6     8109.3     -309.8    906.3    743.3    955.4 2020  1 15 17  9  9.680  0.00   1
   103854  40.619926 -123.945231    20.894    24296.6     7739.2     -532.8    695.3    485.1    822.9 2020  9  6  8  2 35.820  0.00   1
   103855  40.625110 -123.946094    20.930    24222.6     8314.8     -497.7    651.2    474.1    659.3 2021 11 17  1 30  5.520  0.00   1
   103856  40.624483 -123.946354    21.180    24200.7     8245.3     -247.7    790.5    588.9    795.9 2022  1 29  9  3 15.000  0.00   1
   103857  40.624280 -123.945142    21.266    24303.4     8222.7     -160.9    766.9    496.2    802.4 2022  5 22  1 31 29.140  0.00   1
   103859  40.625203 -123.946240    20.920    24210.2     8325.2     -507.1    654.0    457.7    661.7 2022  5 23  3 58 56.800  0.00   1
   103861  40.622681 -123.947209    21.164    24128.7     8045.1     -263.4    722.0    420.7   1056.1 2022  7 27 10 38  4.700  0.00   1
   103862  40.623551 -123.947160    21.169    24132.6     8141.8     -258.6    764.2    562.3    827.8 2022 11 17 16  3 25.080  0.00   1
   103863  40.621696 -123.945052    21.174    24311.4     7935.8     -253.7    690.4    425.4    668.7 2022 11 20 23 28 37.040  0.00   1
   103948  40.583866 -123.920028    25.794    26437.4     3734.9     4366.8    694.6    548.9    728.5 2020  7 15 23 27 17.180  0.00   1
   103949  40.583708 -123.920980    25.731    26356.8     3717.3     4304.0    700.9    560.3    754.9 2020  7 15 23 27  7.480  0.00   1
   103953  40.585811 -123.922127    25.323    26259.2     3950.9     3895.6    664.7    418.5    625.7 2021  6 28 22 30 49.640  0.00   1
   103955  40.587732 -123.917261    26.058    26670.9     4164.2     4631.2    882.8    756.7    585.2 2021  8 18 13 15  3.800  0.00   1
   103957  40.585673 -123.909692    25.341    27312.2     3935.6     3913.7    507.1    428.5    637.6 2021  9 30  0  5  3.500  0.00   1
   103958  40.585555 -123.910767    25.384    27221.3     3922.5     3956.6    630.7    393.0    718.7 2021 10 16 22 17 33.780  0.00   1
   103963  40.585803 -123.914941    26.135    26867.7     3950.0     4707.9    659.9    521.4    612.9 2022 10  3  1 19 38.240  0.00   1
   104037  40.620150 -124.312207    18.963    -6771.9     7764.0    -2463.8    703.9    424.8   1151.0 2020  3 23  9 10 34.260  0.00   1
   104039  40.620020 -124.316748    20.644    -7156.3     7749.6     -783.6    518.0    360.3    876.0 2020  3 31  1 10 40.520  0.00   1
   104040  40.620955 -124.315934    19.040    -7087.4     7853.5    -2387.0    638.1    445.1   1427.2 2020 12 20  9 55 52.280  0.00   1
   104042  40.620487 -124.315934    18.974    -7087.4     7801.6    -2453.3    844.3    594.2   1956.0 2020 12 20 10 47 46.800  0.00   1
   104043  40.621252 -124.314583    19.863    -6973.0     7886.5    -1564.1    736.8    515.4    966.2 2020 12 20 10 15 13.920  0.00   1
   104047  40.623881 -124.322900    17.925    -7677.0     8178.4    -3502.1    870.1    740.0   1686.0 2021  4 20 22 55  3.440  0.00   1
   104048  40.622864 -124.323755    16.348    -7749.4     8065.4    -5079.0   1566.2   1021.2   2531.5 2021  4 24 18 32 32.740  0.00   1
   104049  40.620654 -124.314355    19.171    -6953.8     7820.1    -2256.4    640.2    476.4   1267.0 2021  6 29 21  7 22.600  0.00   1
   104052  40.620683 -124.313859    19.405    -6911.7     7823.2    -2022.4    501.3    365.1    944.2 2021  7  2  7 55 22.400  0.00   1
   104053  40.617969 -124.313411    21.339    -6874.0     7521.9      -88.5    606.3    479.2    881.0 2021  7  3 16 38 35.240  0.00   1
   104054  40.620772 -124.313216    19.228    -6857.3     7833.2    -2199.3    488.7    358.5    959.7 2021  7 14 14 46 21.240  0.00   1
   104055  40.620813 -124.315918    19.089    -7086.0     7837.7    -2338.1    492.6    413.6   1020.4 2021  9 17 10  9 30.180  0.00   1
   104056  40.621110 -124.308683    19.202    -6473.5     7870.7    -2225.2    719.8    390.3   2394.1 2021 11 18  9 48  5.620  0.00   1
   104060  40.621110 -124.308724    19.221    -6477.0     7870.7    -2206.5    713.1    390.8   2398.3 2022  4 14 20  4 26.860  0.00   1
   104061  40.621297 -124.314583    19.552    -6973.0     7891.5    -1875.4    507.5    356.0    930.9 2022  6 16 20 44 53.720  0.00   1
   104064  40.621134 -124.308757    19.118    -6479.7     7873.4    -2308.9    715.4    391.6   2291.8 2022 10 23 23 59  6.320  0.00   1
   104510  40.561479 -124.132015    22.337     8487.0     1248.9      909.3    643.6    538.4    631.6 2020  1 21 18 16 13.040  0.00   1
   104721  40.510307 -124.543001    22.709   -26332.5    -4433.5     1281.5   1232.7   1125.6   3945.0 2022  8  9 15 44 36.880  0.00   1
   104905  40.508407 -124.417798    25.608   -15724.3    -4644.5     4181.1    616.9    652.5   1037.6 2020  6 22 15 25 24.880  0.00   1
   104911  40.510653 -124.420158    24.849   -15924.0    -4395.1     3421.6    652.7    545.8    972.6 2021  5 20 19 21 47.940  0.00   1
   104917  40.507088 -124.423177    24.849   -16180.2    -4790.9     3421.7    679.4    582.9   1069.9 2021  9 17 15 11 51.640  0.00   1
   104918  40.507670 -124.422803    24.825   -16148.4    -4726.3     3398.0    520.6    585.6   1038.5 2021 10  5 18 21 58.320  0.00   1
   104919  40.508793 -124.421989    24.968   -16079.4    -4601.6     3540.5    690.9    576.6   1034.7 2021 10 16  3 19 23.200  0.00   1
   104923  40.508333 -124.422111    24.708   -16089.8    -4652.6     3280.6    607.6    539.0    990.7 2021 12 22  5 52  2.020  0.00   1
   104928  40.510616 -124.420085    24.877   -15917.8    -4399.2     3449.9    656.4    544.7    974.1 2022  1 30  2  6 57.660  0.00   1
   104932  40.510588 -124.420109    24.883   -15919.9    -4402.3     3455.7    659.9    543.6    980.3 2022  3  5  0 58 53.080  0.00   1
   104936  40.510506 -124.420207    24.900   -15928.1    -4411.4     3472.9    667.6    546.5    973.6 2022  7 27  2 17 47.560  0.00   1
   104940  40.521167 -124.493791    15.581   -22161.1    -3227.5    -5846.0    672.0    664.5   1301.2 2020  1 27  9 51 13.860  0.00   1
   104941  40.520439 -124.492375    15.907   -22041.3    -3308.4    -5520.5    708.0    510.2   1322.3 2020  2 20  6 32 59.280  0.00   1
   104942  40.520931 -124.493384    15.667   -22126.7    -3253.7    -5760.6    574.9    526.8    876.5 2020  4  6  9 21 20.960  0.00   1
   104943  40.519336 -124.492692    15.934   -22068.3    -3430.9    -5493.2    530.8    654.7    822.6 2020 12 17 16 41  8.520  0.00   1
   104944  40.515430 -124.491886    18.011   -22000.7    -3864.6    -3416.1    703.0    734.4   1727.5 2020 12 19 14 18 19.400  0.00   1
   104945  40.517175 -124.497217    17.307   -22452.1    -3670.8    -4120.3    420.6    472.2    783.2 2021  5 24  0 40 45.520  0.00   1
   104946  40.516488 -124.496680    17.930   -22406.7    -3747.1    -3497.0    476.3    530.3   1480.6 2021 11  6  3 38 12.480  0.00   1
   105067  40.736934 -123.950879    23.034    23797.7    20732.4     1606.3   1204.3    882.3   1102.9 2020  1 29 17 29  4.280  0.00   1
   105385  40.547701 -123.966797    21.296    22482.8     -281.0     -131.2    551.7    437.5    480.6 2021  4  1  4 46 23.960  0.00   1
   105390  40.601567 -123.978825    21.222    21455.4     5700.5     -204.8    811.5    487.7    870.7 2021  5 23 15 44  5.100  0.00   1
   105391  40.600500 -123.979183    21.477    21425.3     5582.1       49.7    700.5    543.4    607.0 2021  6 30  5 49 47.860  0.00   1
   105468  40.661410 -124.002979    29.249    19401.7    12345.8     7822.1    928.4    548.5   4449.5 2021 12 21  1 32 33.780  0.00   1
   105476  40.759904 -123.866732    20.936    30910.2    23283.1     -491.6   1616.7   1113.6   1907.1 2021  4 17 11 13 27.660  0.00   1
   105477  40.758390 -123.864543    20.784    31095.7    23115.0     -643.0    970.1    779.0   1937.2 2021  5 16 18 21  8.560  0.00   1
   105483  40.759904 -123.866748    20.929    30908.9    23283.1     -498.1   1600.9   1099.8   1887.3 2022  5  4  3 34 42.980  0.00   1
   105706  40.595101 -124.053613    22.285    15123.6     4982.5      857.4    712.3    518.6    593.7 2020  2  8  2 28 57.160  0.00   1
   105713  40.598531 -124.048877    22.403    15524.3     5363.4      976.0    511.4    342.9    564.7 2021  8 21  3 33 28.140  0.00   1
   105954  40.545809 -124.065218    19.728    14146.2     -491.2    -1699.1    533.0    395.4    452.0 2020  2  8 19 52 44.320  0.00   1
   105955  40.544967 -124.066862    19.664    14007.0     -584.7    -1763.6    505.4    522.3    483.8 2020  2 23  1  6 17.520  0.00   1
   105956  40.543372 -124.061654    20.039    14448.3     -761.8    -1388.3    621.4    469.7    500.7 2020 10 23 10 31 25.740  0.00   1
   105957  40.543392 -124.061629    20.040    14450.4     -759.6    -1387.1    621.1    469.1    498.9 2021  2 19 15  2  5.840  0.00   1
   105958  40.543392 -124.061759    20.029    14439.4     -759.6    -1397.9    618.7    474.5    510.7 2021  7 27 12 42 23.820  0.00   1
   105960  40.544983 -124.067033    19.609    13992.5     -582.9    -1818.4    491.8    549.2    489.6 2021  9  6  1 57 48.460  0.00   1
   105961  40.544153 -124.058472    19.724    14717.8     -675.1    -1703.4    509.4    314.0    527.1 2021 10 30 15 54 35.980  0.00   1
   106005  40.593595 -124.084521    19.019    12506.6     4815.3    -2407.8    589.6    557.3    743.5 2020  4 19 13  8 57.480  0.00   1
   106006  40.595797 -124.077376    18.954    13111.4     5059.8    -2472.8    538.7    380.7    392.3 2020  6  7 18 47 39.820  0.00   1
   106007  40.592607 -124.081852    19.446    12732.7     4705.5    -1981.5    680.3    480.8    622.9 2020  7 20 16 45 35.520  0.00   1
   106008  40.594755 -124.087524    19.192    12252.2     4944.1    -2234.8    477.1    487.7    533.5 2021 11 25 11 31 45.620  0.00   1
   106009  40.595894 -124.087077    18.989    12290.0     5070.6    -2438.3    658.6    486.2    638.7 2022  1 31  2 46 32.380  0.00   1
   106065  40.534668 -124.389274    26.247   -13304.9    -1728.3     4819.6    765.9    680.2    960.0 2020  2 11 17 54 25.540  0.00   1
   106069  40.502173 -124.450049    16.320   -18457.8    -5336.7    -5107.1    588.1    437.8   1211.4 2021  7 22 12 38 41.980  0.00   1
   106070  40.502250 -124.447209    16.810   -18217.1    -5328.2    -4617.2    507.4    481.7    800.2 2021  8 21  7 21 12.600  0.00   1
   106079  40.639286 -123.984465    25.925    20972.0     9889.1     4497.6    659.8    422.4    628.7 2020  2 13 23  7 46.880  0.00   1
   106080  40.642765 -123.970679    28.237    22138.4    10275.4     6810.0    802.3    624.6   1392.7 2020  2 27  1  9  9.980  0.00   1
   106081  40.641602 -123.990169    27.089    20488.8    10146.2     5661.5    762.4    391.2    725.7 2020  6 29  6 46  6.840  0.00   1
   106082  40.639380 -123.966398    23.878    22501.3     9899.5     2450.8    903.9    578.1   1997.0 2021 11 14 16 50 17.560  0.00   1
   106083  40.639754 -123.984570    26.151    20963.0     9941.0     4723.7    570.1    453.0    630.0 2022  2 10  2 19 50.980  0.00   1
   106084  40.640068 -123.984066    26.017    21005.7     9975.8     4589.3    576.1    439.2    656.3 2022  6  3  6  4  3.860  0.00   1
   106096  40.583813 -124.206844    20.838     2148.8     3729.1     -589.7    798.8    452.3    870.1 2021 11  2  4 49 56.460  0.00   1
   106102  40.515479 -124.419678    19.736   -15882.7    -3859.2    -1691.0    413.4    484.6    401.5 2022  7  6 11 29  4.460  0.00   1
   106103  40.515218 -124.418750    19.913   -15804.2    -3888.1    -1514.6    393.5    520.9    629.9 2022  8 16  8  0  8.060  0.00   1
   106104  40.515535 -124.418709    19.738   -15800.7    -3852.9    -1689.3    330.0    505.4    698.8 2022  8 29 21 57 39.860  0.00   1
   106135  40.554484 -124.212793    17.463     1645.4      472.2    -3964.1    698.0    304.0    526.5 2021  9 13  0  4  6.120  0.00   1
   106440  40.560095 -124.050382    22.907    15401.2     1095.3     1479.8    517.7    332.0    530.0 2021  9  4  5 13 46.140  0.00   1
   106496  40.593372 -124.106763    19.866    10623.3     4790.5    -1560.9    578.1    500.2    619.0 2021  8 27  1 44  5.160  0.00   1
   106497  40.590450 -124.102824    20.301    10957.0     4466.0    -1126.5    511.5    349.4    566.8 2021 11 30  0 51 56.760  0.00   1
   106499  40.590934 -124.103491    20.152    10900.5     4519.8    -1275.2    562.2    499.0    736.9 2022  1  8 11 15 11.920  0.00   1
   106609  40.610990 -123.852295    30.463    32166.8     6746.9     9035.8   1006.2    830.6   1036.0 2020  2 20 17 26 49.040  0.00   1
   106610  40.609810 -123.842415    28.203    33003.5     6615.9     6776.0    890.5    558.3   1019.6 2020  7 17 16 58  8.720  0.00   1
   106612  40.610364 -123.829370    27.908    34107.9     6677.4     6481.1    994.1    823.4    863.0 2021 11 24  2 11 55.300  0.00   1
   106613  40.609542 -123.837638    27.981    33408.0     6586.1     6553.4   1012.3    591.6    932.2 2022  5 21  1 58 58.180  0.00   1
   106614  40.512231 -124.415715    21.263   -15547.3    -4219.8     -164.7    482.9    509.7    586.6 2020  2 21 12  1 53.080  0.00   1
   106677  40.576200 -124.077515    19.273    13101.6     2883.7    -2154.7    514.8    402.6    532.6 2020  2 22  2  3 27.180  0.00   1
   106678  40.575574 -124.073022    19.765    13482.1     2814.1    -1662.2    589.5    468.7    451.8 2021  2 19 10 17 53.000  0.00   1
   106679  40.576522 -124.076644    19.489    13175.3     2919.4    -1938.2    577.6    434.3    558.2 2022  1 22 18 50  2.840  0.00   1
   106849  40.551229 -123.976676    21.249    21645.4      110.7     -178.4    538.4    513.0    466.5 2020  2 25 10 41 25.500  0.00   1
   106850  40.550382 -123.971826    21.358    22056.4       16.7      -69.3    474.2    378.0    517.8 2020  6 21 16  9 47.640  0.00   1
   106852  40.549544 -123.971257    21.364    22104.8      -76.4      -62.9    457.3    449.7    556.3 2021  6 16 14  0 25.980  0.00   1
   106853  40.550065 -123.971818    21.351    22057.1      -18.5      -76.5    420.3    453.2    475.2 2021  6 17 11 40 36.000  0.00   1
   106855  40.550541 -123.973413    21.294    21921.9       34.3     -133.2    531.0    445.2    542.3 2022  9 27  4 34 50.860  0.00   1
   106908  40.622087 -124.301652    20.575    -5878.2     7979.1     -852.1    686.8    481.9   1410.6 2021  4  2 11 45  2.260  0.00   1
   106909  40.622481 -124.292749    20.829    -5124.5     8023.0     -598.1    856.2    521.3   1353.4 2021  4  7  1 55 18.100  0.00   1
   106910  40.620654 -124.305477    19.643    -6202.1     7820.1    -1784.6    661.0    482.0    877.4 2021 10 17 14 20 53.460  0.00   1
   106916  40.622135 -124.297087    18.856    -5491.7     7984.5    -2571.3   1061.5    408.5   1243.8 2022  7 14  7 38  2.880  0.00   1
   106917  40.507361 -124.332918    17.773    -8532.4    -4760.6    -3654.4    519.8    647.5    782.3 2020  2 29  6 25 39.720  0.00   1
   106919  40.507800 -124.335742    17.952    -8771.7    -4711.8    -3475.6    467.5    483.2    630.0 2020  6 25 12 39 13.840  0.00   1
   106920  40.507808 -124.335677    17.951    -8766.2    -4710.9    -3476.1    472.5    484.0    631.4 2020  6 26 13 51 55.760  0.00   1
   106921  40.507784 -124.335734    17.948    -8771.0    -4713.6    -3478.9    460.7    483.9    618.9 2020  6 27  9  8 18.860  0.00   1
   106924  40.502498 -124.329850    18.899    -8272.8    -5300.6    -2528.5    453.2    497.6    586.0 2020  7 15 15 49 31.760  0.00   1
   106925  40.507772 -124.335767    17.948    -8773.8    -4715.0    -3479.3    456.0    483.5    614.6 2020  7 15  2 55 13.780  0.00   1
   106926  40.501261 -124.327368    19.283    -8062.5    -5438.0    -2144.0    562.0    516.8    621.5 2020  7 15  5  0 39.940  0.00   1
   106927  40.507808 -124.335693    17.953    -8767.6    -4710.9    -3474.6    475.0    483.3    634.9 2020  7 15 19 40 35.320  0.00   1
   106930  40.507812 -124.335693    17.952    -8767.6    -4710.5    -3474.9    474.2    483.3    635.2 2020  7 16 16  0 18.620  0.00   1
   106931  40.501241 -124.327303    19.293    -8057.0    -5440.2    -2134.2    557.7    515.1    620.1 2020  7 16 12 26  9.680  0.00   1
   106933  40.507951 -124.336597    18.479    -8844.1    -4695.1    -2948.0    500.8    546.4    722.3 2020 11 20 17 12 56.060  0.00   1
   106934  40.507878 -124.335303    17.788    -8734.4    -4703.3    -3639.6    604.1    686.3    850.2 2021  5 12 18 32 23.080  0.00   1
   106937  40.508118 -124.334937    18.646    -8703.4    -4676.6    -2781.7    290.0    370.9    309.9 2021  7 11  5  6 12.560  0.00   1
   106939  40.508081 -124.334969    18.655    -8706.2    -4680.7    -2771.8    290.3    360.9    309.0 2021  7 11  7 17 55.760  0.00   1
   106940  40.508032 -124.335148    18.662    -8721.3    -4686.1    -2765.3    316.6    410.8    394.2 2021  7 11  4 14 40.000  0.00   1
   106941  40.508061 -124.335116    18.664    -8718.6    -4682.9    -2763.1    288.8    361.1    329.9 2021  7 11  3 36 34.760  0.00   1
   106942  40.508069 -124.334977    18.633    -8706.9    -4682.0    -2793.9    295.3    339.9    322.3 2021  7 11  2 14  1.880  0.00   1
   106943  40.508097 -124.334953    18.647    -8704.8    -4678.9    -2780.6    298.2    377.2    350.8 2021  7 11  7 49 35.560  0.00   1
   106944  40.507931 -124.334969    18.646    -8706.2    -4697.4    -2781.5    305.8    329.0    367.3 2021  7 12  6 52 59.100  0.00   1
   106945  40.508150 -124.334928    18.638    -8702.7    -4673.0    -2789.7    282.6    381.8    319.6 2021  7 12  7 38 34.800  0.00   1
   106947  40.508097 -124.334953    18.654    -8704.8    -4678.9    -2772.8    296.6    362.4    318.5 2021  7 12  6 52  5.820  0.00   1
   106948  40.508004 -124.334635    18.652    -8677.9    -4689.2    -2775.5    260.4    435.4    307.0 2021  7 12  6 57 12.740  0.00   1
   106949  40.508118 -124.334945    18.645    -8704.1    -4676.6    -2781.8    293.2    371.7    317.8 2021  7 12  6 51 15.180  0.00   1
   106950  40.508044 -124.334953    18.629    -8704.8    -4684.7    -2798.3    312.5    342.6    359.5 2021  7 12 22 18 34.740  0.00   1
   106951  40.508105 -124.334953    18.645    -8704.8    -4677.9    -2782.4    289.3    377.0    322.7 2021  7 12  8 58 54.960  0.00   1
   106952  40.508105 -124.334953    18.653    -8704.8    -4677.9    -2774.5    301.8    356.4    314.8 2021  7 12  8 46 32.680  0.00   1
   106953  40.508024 -124.335156    18.660    -8722.0    -4687.0    -2767.1    321.6    417.7    404.7 2021  7 12  6 48 36.980  0.00   1
   106954  40.508118 -124.334945    18.646    -8704.1    -4676.6    -2781.3    288.5    368.9    305.7 2021  7 12  6 58 19.680  0.00   1
   106959  40.508093 -124.335018    18.651    -8710.3    -4679.3    -2775.9    323.4    401.4    319.5 2021  7 12 15 18 57.120  0.00   1
   106960  40.508081 -124.334985    18.654    -8707.5    -4680.7    -2772.9    295.2    367.0    338.9 2021  7 12 12 15  8.320  0.00   1
   106961  40.508008 -124.335173    18.673    -8723.4    -4688.8    -2754.3    279.1    385.2    336.0 2021  7 12  7 42 57.140  0.00   1
   106962  40.507975 -124.334985    18.648    -8707.6    -4692.4    -2779.4    292.3    330.2    339.1 2021  7 12  8  3  8.480  0.00   1
   106964  40.508077 -124.335091    18.656    -8716.5    -4681.1    -2771.1    288.2    372.5    338.7 2021  7 12  5 33 43.540  0.00   1
   106965  40.507996 -124.335018    18.652    -8710.3    -4690.1    -2774.9    290.6    326.9    331.4 2021  7 12  8 56 41.260  0.00   1
   106967  40.508097 -124.334969    18.652    -8706.2    -4678.9    -2775.7    294.3    363.8    313.2 2021  7 13  3 34 41.120  0.00   1
   106968  40.508097 -124.334953    18.654    -8704.8    -4678.9    -2773.6    300.2    344.2    337.1 2021  7 13 11  0 10.880  0.00   1
   106970  40.507760 -124.334334    18.677    -8652.4    -4716.4    -2750.5    379.2    475.2    358.9 2021  7 15 17 56 38.860  0.00   1
   106971  40.507564 -124.334570    18.619    -8672.4    -4738.0    -2808.0    378.1    466.9    334.5 2021  7 24 15 17 23.680  0.00   1
   106974  40.508020 -124.334920    18.660    -8702.0    -4687.4    -2767.0    327.6    339.3    341.5 2021 12 20 23 45 33.300  0.00   1
   106975  40.505192 -124.327783    18.780    -8097.5    -5001.5    -2647.4    608.8    577.1    655.9 2021 12 20 21 54 42.040  0.00   1
   106977  40.509611 -124.333016    17.801    -8540.6    -4510.8    -3626.6    583.0    664.5    763.1 2021 12 21 12 29 57.320  0.00   1
   106978  40.505265 -124.332910    18.838    -8531.9    -4993.3    -2589.5    541.0    624.7    514.5 2021 12 22  7  9  8.260  0.00   1
   106979  40.506881 -124.329256    18.465    -8222.2    -4814.0    -2962.5    569.3    576.5    708.8 2021 12 22 17  4 29.540  0.00   1
   106983  40.504740 -124.327303    18.972    -8056.8    -5051.6    -2455.5    542.5    524.4    585.3 2021 12 23 19 43 35.140  0.00   1
   106984  40.507243 -124.329321    18.608    -8227.7    -4773.7    -2819.6    705.5    397.0    579.8 2021 12 23  6 28 39.440  0.00   1
   106986  40.508175 -124.334880    18.671    -8698.6    -4670.3    -2756.4    361.8    336.5    391.1 2021 12 25  0 41  6.140  0.00   1
   106988  40.507019 -124.331616    18.367    -8422.1    -4798.6    -3060.2    485.5    520.9    702.2 2021 12 31  7 30 11.740  0.00   1
   106989  40.507361 -124.334733    18.707    -8686.2    -4760.6    -2719.9    282.0    445.6    376.3 2022  1  2 19  6  3.500  0.00   1
   106990  40.507218 -124.328931    18.616    -8194.6    -4776.5    -2811.7    708.4    399.3    572.4 2022  1  2 18 43 27.640  0.00   1
   106991  40.508370 -124.329451    18.530    -8238.6    -4648.6    -2897.1    706.6    662.3    778.0 2022  1 29  0 56  4.940  0.00   1
   106992  40.507621 -124.332975    18.396    -8537.3    -4731.7    -3030.9    546.5    568.6    711.1 2022  2 20  7 55 33.920  0.00   1
   106993  40.508708 -124.328459    18.423    -8154.5    -4611.1    -3004.5    792.3    591.2    795.2 2022  4 11  8 48 35.180  0.00   1
   106995  40.508069 -124.335002    18.654    -8708.9    -4682.0    -2773.7    329.1    416.4    348.1 2022  5 14  5 11 24.580  0.00   1
   106996  40.508069 -124.334888    18.646    -8699.3    -4682.0    -2781.3    332.8    352.5    364.2 2022  5 21 19  6 31.100  0.00   1
   106997  40.507271 -124.327856    18.617    -8103.6    -4770.6    -2810.2    747.4    394.4    571.0 2022  7 18  4 14 31.760  0.00   1
   107286  40.594568 -124.016138    22.691    18297.0     4923.3     1263.4    464.2    457.4    516.7 2020  4 12 17 13 25.640  0.00   1
   107287  40.591626 -124.012183    22.791    18632.3     4596.6     1363.7    418.6    459.0    465.4 2020  4 18 11  7 43.200  0.00   1
   107288  40.592802 -124.012939    22.663    18568.1     4727.2     1235.6    516.3    390.0    460.3 2020 11 20  1 42 41.040  0.00   1
   107289  40.591325 -124.013794    22.854    18495.9     4563.2     1426.9    527.0    455.7    496.2 2020 11 20  1 23 58.260  0.00   1
   107290  40.590934 -124.013916    22.885    18485.6     4519.8     1457.9    540.8    512.9    486.0 2020 11 20  1 20 56.960  0.00   1
   107291  40.592086 -124.012679    22.882    18590.2     4647.7     1454.9    443.0    284.1    481.9 2020 11 20  7  8 23.000  0.00   1
   107292  40.594539 -124.014339    22.609    18449.3     4920.1     1181.9    427.8    360.6    480.4 2021 11 14 17  4  4.680  0.00   1
   107293  40.593429 -124.013574    22.721    18514.2     4796.8     1293.9    392.4    371.9    451.9 2021 12  5 10 31 19.440  0.00   1
   107297  40.590572 -124.016154    22.886    18296.2     4479.6     1458.6    576.4    514.1    539.2 2022  1 27  3  6  7.800  0.00   1
   107337  40.506535 -124.427677    23.789   -16561.6    -4852.4     2362.1    780.1    638.0    592.0 2020  3  7  9 53 50.140  0.00   1
   107338  40.494434 -124.443864    26.807   -17934.7    -6196.1     5379.8    784.4    619.1   1167.9 2020  9 23 15 27 24.660  0.00   1
   107341  40.487752 -124.440942    25.708   -17688.0    -6938.1     4280.8    985.0    672.7    846.3 2022  5  3 13  8 48.100  0.00   1
   107359  40.527271 -124.381152    25.787   -12617.5    -2549.8     4360.0    719.0    620.7    807.0 2021 12 20 22 54  5.520  0.00   1
   107361  40.526510 -124.377808    23.719   -12334.2    -2634.3     2291.4   1053.1    488.3   1439.0 2021 12 20 21 57 14.080  0.00   1
   107370  40.467428 -124.531112    25.824   -25333.1    -9195.0     4396.7    999.3   1282.3   1693.5 2021 11 16  4 40 39.460  0.00   1
   107371  40.471643 -124.527214    23.542   -25002.0    -8726.9     2115.0    827.2   1076.5   1929.7 2022  4  3 19 28  4.080  0.00   1
   107574  40.473295 -124.427173    19.837   -16522.9    -8543.5    -1590.0    534.7    512.8    595.3 2020  3 11 22 47 36.760  0.00   1
   107579  40.473938 -124.427051    19.773   -16512.5    -8472.1    -1654.1    594.3    562.9    633.4 2021  9 21 12 24 42.300  0.00   1
   107580  40.474813 -124.428117    19.605   -16602.8    -8374.9    -1822.4    508.3    529.4    581.9 2021 10 16  2 20 43.560  0.00   1
   107582  40.469511 -124.441113    19.533   -17704.9    -8963.7    -1894.6    824.6    940.9   1407.1 2022  2  5  7 43 32.760  0.00   1
   107583  40.471419 -124.434017    19.010   -17103.2    -8751.8    -2417.7    503.0    561.8    668.6 2022  2 19 19 28 29.060  0.00   1
   107584  40.468319 -124.432275    19.610   -16956.0    -9096.1    -1817.2    760.6    797.8    960.2 2022  2 21 15 20 50.320  0.00   1
   107585  40.467297 -124.432658    19.812   -16988.6    -9209.5    -1615.7    748.6    786.6    784.2 2022  3  8 13 52  8.680  0.00   1
   107586  40.473910 -124.424854    19.950   -16326.3    -8475.3    -1477.3    495.9    483.8    467.8 2022  3 17  5 45 51.800  0.00   1
   107609  40.572030 -123.956258    21.378    23371.3     2420.5      -48.8    539.0    585.9    529.6 2021 12 25 22 49 23.520  0.00   1
   107620  40.503263 -124.505086    26.947   -23121.2    -5215.6     5519.4    621.5    746.4    914.3 2020  3 20 11 54 38.000  0.00   1
   107621  40.503760 -124.504191    27.098   -23045.2    -5160.5     5671.0    605.3    730.9    908.3 2020  3 20 22 28 21.200  0.00   1
   107622  40.502299 -124.504110    27.209   -23038.6    -5322.7     5781.9    599.2    749.1    976.3 2020  3 21 20 18  7.640  0.00   1
   107623  40.502356 -124.503923    27.272   -23022.7    -5316.4     5844.9    646.5    805.9   1031.7 2020  3 21 19  0  1.520  0.00   1
   107626  40.502616 -124.508374    26.965   -23399.9    -5287.5     5538.2    726.7    673.9    927.3 2020  4 18 11  0 19.100  0.00   1
   107627  40.500187 -124.502832    28.050   -22930.7    -5557.2     6622.6    806.6    938.4   1146.7 2020  4 29 15  5 11.240  0.00   1
   107635  40.503312 -124.503337    27.251   -22972.9    -5210.2     5823.9    661.9    811.4   1041.0 2021  6 23  5 14 47.320  0.00   1
   107636  40.503097 -124.504272    27.208   -23052.3    -5234.2     5781.2    649.1    815.3    960.9 2021  6 27 15 30 22.300  0.00   1
   107638  40.502787 -124.504712    26.952   -23089.6    -5268.5     5524.3    756.7    828.7   1119.3 2021  8 29 17 32  5.980  0.00   1
   107639  40.503239 -124.504508    26.977   -23072.2    -5218.4     5549.4    798.4   1072.6   1085.4 2021  9  1  5  5 36.660  0.00   1
   107641  40.503202 -124.504224    27.204   -23048.1    -5222.4     5776.5    656.5    824.9    965.6 2021 10  7 19  8 24.060  0.00   1
   107644  40.502681 -124.501424    27.438   -22811.0    -5280.3     6011.0    745.3    897.4   1215.6 2021 10 30 23 40 23.100  0.00   1
   107645  40.502694 -124.508309    26.954   -23394.4    -5278.9     5526.9    735.3    674.4    928.7 2021 11 20  8 44 57.940  0.00   1
   107648  40.502958 -124.504362    27.204   -23059.9    -5249.5     5776.5    632.9    797.4    949.8 2021 12 18  8 55  3.900  0.00   1
   107651  40.502332 -124.503475    26.913   -22984.8    -5319.1     5486.0    629.4    802.4    840.0 2022  1 12 11 34 59.600  0.00   1
   107654  40.502686 -124.502539    27.717   -22905.5    -5279.8     6289.6    772.3    921.2   1222.8 2022  4 13 23 57 43.640  0.00   1
   107655  40.499577 -124.498991    26.911   -22605.3    -5625.0     5484.0    919.2    852.6   1338.2 2022  7 29 16 38  2.820  0.00   1
   107656  40.503308 -124.504476    27.212   -23069.5    -5210.7     5784.4    632.9    826.6    929.3 2022  8 10  2 25 35.080  0.00   1
   107657  40.502751 -124.508260    26.953   -23390.2    -5272.6     5525.6    739.2    682.5    934.4 2022  8 23  6 57 35.860  0.00   1
   107661  40.503308 -124.505054    26.932   -23118.4    -5210.7     5504.8    617.5    738.4    913.4 2022 10 16 17  6 16.580  0.00   1
   107662  40.503031 -124.505412    27.003   -23148.8    -5241.4     5575.7    638.1    811.2   1054.6 2022 10 16 21 31  2.740  0.00   1
   107663  40.502987 -124.505412    27.009   -23148.8    -5246.4     5581.7    638.9    819.1   1059.6 2022 10 16 17  0 17.060  0.00   1
   107664  40.525130 -124.393343    23.423   -13650.5    -2787.4     1995.6    488.4    479.7    456.8 2020  3 13 19 20 41.280  0.00   1
   107680  40.563293 -124.012533    22.894    18606.6     1450.4     1466.9    566.2    410.1    564.2 2020  4 27  3 46 18.440  0.00   1
   107683  40.563171 -124.010929    22.528    18742.4     1436.9     1101.1    494.3    367.0    446.7 2020 11 11 11 22 54.400  0.00   1
   107687  40.562809 -124.008008    22.660    18989.9     1396.7     1233.0    510.4    497.9    444.5 2021 12 25 23  5 26.280  0.00   1
   107808  40.547709 -124.200456    27.960     2690.5     -280.1     6532.3    834.7    537.7    760.8 2020  3 18 22 58 40.420  0.00   1
   107818  40.468844 -123.824463    23.419    34559.6    -9037.8     1991.8    753.6    651.4    524.3 2021  1 21 21  8 56.860  0.00   1
   107819  40.470378 -123.823283    23.282    34659.2    -8867.5     1855.1    773.3    695.6    493.1 2021  1 24 19 45 59.820  0.00   1
   107820  40.470805 -123.823918    23.356    34605.3    -8820.0     1929.1    844.3    529.1    448.7 2022  1 24 23 34 18.900  0.00   1
   107822  40.465531 -123.822078    22.927    34762.5    -9405.6     1499.9    632.5    836.0    618.8 2022  9 20 16  0 37.520  0.00   1
   107823  40.469482 -123.825008    23.422    34513.2    -8966.9     1994.4    777.1    638.2    617.3 2022 11 20 17  4 54.300  0.00   1
   107825  40.517432 -124.417497    19.700   -15697.7    -3642.3    -1727.4    352.2    438.3    606.7 2020  3 18 23 32 29.300  0.00   1
   107844  40.620585 -124.314950    18.785    -7004.0     7812.4    -2642.0   1016.9    877.7   2329.9 2020  3 18  4 40 58.500  0.00   1
   107847  40.620487 -124.310140    20.906    -6596.9     7801.6     -521.2   1203.3    587.1   1922.2 2022  1 23 16 30 25.180  0.00   1
   107849  40.619889 -124.316960    17.754    -7174.3     7735.1    -3673.3    990.2    954.0   2100.8 2022 10 21 10 46 28.380  0.00   1
   107887  40.578239 -124.429159    21.931   -16678.3     3110.0      504.0    502.6    585.4    949.2 2020  7 13 13  8 40.060  0.00   1
   107888  40.576790 -124.430705    23.164   -16809.4     2949.2     1736.7    856.6    567.3    804.4 2020  8 15  3 41 44.920  0.00   1
   107890  40.577938 -124.431242    23.297   -16854.7     3076.6     1869.3    870.5    551.5    859.1 2021  8  9 17  8 53.000  0.00   1
   107891  40.581238 -124.427279    23.476   -16518.7     3443.1     2048.4    875.9    646.6    805.6 2021  8 11  0 58 47.400  0.00   1
   107895  40.577474 -124.429175    22.429   -16679.7     3025.1     1002.2    513.3    444.6    679.4 2022  9  4 19 13 25.340  0.00   1
   107928  40.581038 -124.433569    21.813   -17051.4     3420.9      386.2    983.9   1097.0    872.9 2020  7 22  0 55 19.100  0.00   1
   107930  40.611971 -124.444873    21.437   -18004.6     6855.8        9.5    762.6    571.7    736.4 2021 12 13  1 46 42.200  0.00   1
   107964  40.530416 -124.401595    17.280   -14349.1    -2200.5    -4147.6    374.1    436.5    777.6 2021 11 14  0  8  4.400  0.00   1
   107965  40.531413 -124.401090    17.142   -14306.2    -2089.8    -4285.4    382.3    516.0    957.8 2021 12 21 22 13 12.300  0.00   1
   107971  40.533049 -124.402124    16.451   -14393.6    -1908.1    -4976.4    546.8    594.2   1073.2 2022 10  9 19  5  2.280  0.00   1
   107978  40.530786 -124.423983    26.667   -16245.6    -2159.4     5239.6    493.5    611.3    820.1 2021  4 15  8 56 41.520  0.00   1
   107980  40.524369 -124.425968    27.562   -16414.7    -2871.9     6134.8    728.2    717.3    779.4 2021  8  4 18 58 46.060  0.00   1
   107981  40.522693 -124.423242    26.786   -16183.9    -3058.1     5358.6    721.2    617.9   1020.3 2021  8 21 16 23 33.700  0.00   1
   107983  40.525977 -124.421631    26.952   -16047.0    -2693.4     5524.4    622.1    600.0    785.0 2021 11  3  7 32 49.840  0.00   1
   107984  40.520524 -124.426571    27.008   -16466.1    -3298.9     5580.7    659.0    631.8    959.2 2021 12  3 10 42 13.240  0.00   1
   107988  40.527295 -124.423234    25.940   -16182.6    -2547.0     4512.9    747.1    622.1    961.4 2022  2 13 11 20 53.200  0.00   1
   107989  40.527543 -124.420125    26.706   -15919.2    -2519.5     5279.0    835.1    716.9    929.2 2022  4 26 22 35 44.360  0.00   1
   107990  40.525663 -124.427865    26.932   -16575.1    -2728.2     5504.5    642.9    618.8    785.4 2022  8 18  8 41 53.440  0.00   1
   107991  40.529187 -124.426676    26.595   -16474.0    -2336.9     5168.1    585.4    534.0    640.8 2022 11  8  8 40 30.120  0.00   1
   107992  40.527055 -123.977132    20.590    21610.7    -2573.7     -837.4    612.5    473.9    781.3 2020  3 19 15 51  1.740  0.00   1
   107998  40.526111 -123.976782    20.660    21640.5    -2678.5     -767.0    383.8    483.5    456.9 2022  1 22 10 34 20.100  0.00   1
   107999  40.530058 -123.978166    20.621    21522.6    -2240.2     -806.3    465.3    545.5    525.5 2022  2 15  1 12 31.400  0.00   1
   108057  40.446932 -124.442350    21.882   -17812.7   -11471.0      454.9    907.4   1053.2   1003.2 2021 12  5 19 24 48.900  0.00   1
   108061  40.457853 -124.430273    22.020   -16787.6   -10258.2      593.2    871.9    796.4    825.3 2022  9 23 15 56 33.080  0.00   1
   108062  40.474479 -124.410441    21.319   -15104.7    -8412.0     -108.3   1134.2   1069.5    996.1 2022  9 28 23  9 12.340  0.00   1
   108063  40.574093 -124.347323    28.212    -9748.1     2649.6     6785.2    717.8    565.8    894.5 2020  3 20  8 49 18.520  0.00   1
   108064  40.580900 -124.347412    25.906    -9755.2     3405.6     4478.8    754.2    703.7   1242.7 2021 10 17  9 59  8.260  0.00   1
   108067  40.539368 -124.404574    28.626   -14600.4    -1206.4     7198.6    707.8    582.5    759.2 2021 11  3 11  8 47.100  0.00   1
   108068  40.534774 -124.406413    28.672   -14756.7    -1716.6     7244.4    821.6    726.7    686.9 2021 11  3  4 10 39.340  0.00   1
   108070  40.538196 -124.405233    28.635   -14656.4    -1336.6     7208.0    732.5    579.4    765.1 2021 12 20 21 58 50.200  0.00   1
   108071  40.538501 -124.403800    29.089   -14535.0    -1302.7     7662.2    719.0    611.6    720.7 2022  1  6 19 21 44.640  0.00   1
   108073  40.613908 -123.955794    21.870    23403.3     7070.9      443.2    699.1    593.0   1087.6 2020  9 26  5 11 46.240  0.00   1
   108076  40.614941 -123.950732    20.778    23831.7     7185.7     -649.4   1049.0    858.7   1081.0 2021 10 28  3 17 37.200  0.00   1
   108082  40.614929 -123.950846    20.835    23822.1     7184.3     -592.4   1056.3    858.8   1079.1 2022  4 23 20  0 10.440  0.00   1
   108083  40.618807 -123.950537    20.790    23847.6     7614.9     -637.0    694.4    540.9   1129.5 2022  6 17 14 38  4.080  0.00   1
   108103  40.548433 -124.242049    23.603     -832.7     -199.7     2176.0    587.7    525.5    410.8 2020  3 24  7  2 14.780  0.00   1
   108105  40.551672 -124.256331    21.464    -2042.5      160.0       37.0    958.0    543.7    902.9 2020 11 21  0 51 45.000  0.00   1
   108108  40.545955 -124.246126    23.400    -1178.1     -474.9     1972.8    557.8    445.2    562.2 2022 11 11 23  8  9.040  0.00   1
   108253  40.739819 -123.841447    19.639    33053.6    21052.8    -1788.2    892.6    762.3   1472.9 2020  3 28 12 19 52.180  0.00   1
   108254  40.742537 -123.844857    19.913    32764.5    21354.6    -1514.2    981.8    785.7   1707.8 2020  9 14 17 47 56.900  0.00   1
   108256  40.482495 -124.453556    18.794   -18757.7    -7521.9    -2633.7    540.7    599.5    773.4 2020  3 29  2 10 37.820  0.00   1
   108258  40.474902 -124.457349    19.788   -19080.2    -8365.0    -1639.0    550.0    707.8    700.1 2021 10  3  5 55  4.840  0.00   1
   108259  40.476270 -124.456982    19.486   -19049.0    -8213.2    -1941.7    563.2    606.0    748.4 2021 11 19  6 49 32.480  0.00   1
   108344  40.526982 -124.407796    16.631   -14874.8    -2581.8    -4795.8    883.3    632.8   1138.5 2022  6  5 23 40 24.620  0.00   1
   108357  40.569645 -124.097534    22.292    11406.7     2155.8      864.7    519.5    502.6    556.2 2021  2 21 19 35 38.660  0.00   1
   108358  40.570292 -124.094531    22.772    11661.0     2227.6     1344.7    529.4    481.4    495.0 2021 10 31 11 18 33.720  0.00   1
   108359  40.567175 -124.098535    22.441    11322.2     1881.5     1013.5    466.5    479.8    473.9 2022  2  6  9 49 13.780  0.00   1
   108413  40.466341 -124.507137    24.037   -23301.3    -9315.7     2609.8    640.2    977.3   1393.4 2020  4 13  9 58 32.960  0.00   1
   108414  40.474487 -124.501676    23.985   -22837.1    -8411.1     2558.1    858.6    880.5   1537.9 2020  8 28 23 50 45.120  0.00   1
   108415  40.470817 -124.499992    27.455   -22695.0    -8818.7     6028.0    947.5   1017.6   1367.9 2020  9 24 22 17 36.960  0.00   1
   108416  40.465332 -124.504769    25.523   -23100.8    -9427.7     4095.8    543.4    861.2   1221.2 2021  2  3  1 21 28.060  0.00   1
   108422  40.466829 -124.508024    25.108   -23376.4    -9261.5     3680.5    744.3    988.2   1387.7 2021 11 29 21 27 26.620  0.00   1
   108424  40.461434 -124.505200    26.140   -23138.0    -9860.6     4712.9    642.3   1097.7   1280.5 2022  2 13  8 54 23.040  0.00   1
   108430  40.466203 -124.505802    25.130   -23188.2    -9331.0     3702.6    644.6    896.5   1498.0 2022 11 14 21 27 40.840  0.00   1
   108460  40.612789 -124.090609    16.507    11989.4     6946.7    -4920.2    496.4    448.2    891.5 2020  4 19 16  8 58.720  0.00   1
   108464  40.613395 -124.093734    18.511    11724.8     7014.0    -2916.0    611.7    512.7    470.3 2022  1 22 11 10 16.600  0.00   1
   108465  40.614551 -124.097331    17.881    11420.2     7142.3    -3545.8    587.8    575.3    569.4 2022  1 29  6 14 29.780  0.00   1
   108466  40.582943 -124.297550    23.016    -5532.6     3632.4     1588.3   1006.1    951.7   1762.6 2020  4 19 16 21  7.220  0.00   1
   108475  40.493152 -124.431649    26.503   -16899.8    -6338.5     5075.9    556.1    846.7    796.7 2020  8 21 16 41  2.020  0.00   1
   108479  40.504154 -124.431567    22.623   -16891.5    -5116.7     1195.7    847.7    773.2   2082.7 2021  9 26  7 21 14.820  0.00   1
   108490  40.641960 -123.996248    23.527    19974.1    10185.9     2100.0    905.1    717.5    444.7 2020  4 19  6 45 57.780  0.00   1
   108491  40.517623 -124.342480    18.173    -9342.0    -3621.1    -3253.8    528.9    697.7    667.3 2020  4 21 11 21 54.140  0.00   1
   108492  40.511011 -124.337744    18.955    -8941.1    -4355.3    -2472.1    478.3    423.3    477.8 2020  6 19  5 30 29.960  0.00   1
   108493  40.512585 -124.334391    18.914    -8656.9    -4180.5    -2513.2    474.4    526.1    450.8 2021  3 12  1 30 38.560  0.00   1
   108494  40.511886 -124.336361    19.170    -8823.8    -4258.2    -2256.9    503.1    399.3    577.0 2021  6 14 22 35  4.460  0.00   1
   108495  40.513717 -124.329069    19.144    -8205.9    -4054.9    -2283.0    672.0    673.6    922.1 2021  6 14 21 36  2.260  0.00   1
   108496  40.508061 -124.334945    19.285    -8704.1    -4682.9    -2142.0    761.5    626.5   1052.2 2021  6 14 21 44 45.960  0.00   1
   108497  40.511857 -124.337679    19.115    -8935.5    -4261.3    -2312.4    475.8    404.3    594.8 2021  6 15  9 44 20.640  0.00   1
   108498  40.513831 -124.335539    18.875    -8754.1    -4042.2    -2552.6    384.0    593.8    523.4 2021  6 15  8 53  6.160  0.00   1
   108499  40.513407 -124.337915    18.615    -8955.4    -4089.2    -2812.0    477.8    572.6    483.0 2021  6 15  9 30  2.180  0.00   1
   108500  40.514156 -124.338363    18.702    -8993.3    -4006.1    -2725.0    377.5    530.9    453.5 2021  6 15  9 15  5.520  0.00   1
   108501  40.512858 -124.334505    19.032    -8666.6    -4150.2    -2395.7    388.1    539.0    438.7 2021 12 11  4 20 38.740  0.00   1
   108566  40.637065 -124.046021    26.723    15761.7     9642.4     5296.2   3046.7   1625.6   2378.0 2020  5  5 15 41 19.740  0.00   1
   108569  40.510254 -124.491553    21.008   -21973.3    -4439.4     -419.2    927.9   1040.7   2197.2 2020  5  6  2 15 26.660  0.00   1
   108570  40.508529 -124.489225    24.652   -21776.4    -4631.0     3224.8    615.2    665.9   1329.0 2021  7 27  7 34 24.040  0.00   1
   108571  40.607829 -124.087402    17.559    12261.3     6395.9    -3868.7    532.5    469.5    642.2 2020  5  9 23 48 21.420  0.00   1
   108578  40.490621 -124.502393    16.405   -22895.1    -6619.5    -5021.8    594.1    726.9   2087.8 2022  3 19 17 38 45.720  0.00   1
   108600  40.554024 -124.256909    24.745    -2091.4      421.1     3317.7    724.2    488.8   1018.8 2020  8  8  3  7 36.200  0.00   1
   108601  40.544991 -124.256462    26.000    -2053.6     -582.0     4572.6    630.4    537.2    771.7 2021  7 18  8 37 44.140  0.00   1
   108604  40.546891 -124.254850    24.223    -1917.1     -371.0     2796.2    950.1    402.6   1037.2 2022  6 14  4 29 40.760  0.00   1
   108605  40.552547 -124.226473    22.228      486.7      257.1      800.4   1110.4    442.9    857.1 2022  6 29  2 18 33.580  0.00   1
   108609  40.533004 -124.345256    18.224    -9576.0    -1913.1    -3203.5    460.7    376.4    657.3 2020  5 21  5 49 36.720  0.00   1
   108610  40.533012 -124.345247    18.221    -9575.3    -1912.2    -3206.6    460.3    377.4    655.7 2020  5 21  6  0 18.060  0.00   1
   108611  40.541671 -124.339551    17.092    -9092.1     -950.7    -4335.2    586.1    365.7    519.3 2020  5 21  5 49 32.040  0.00   1
   108616  40.527462 -124.404720    18.991   -14614.1    -2528.5    -2436.0    457.7    482.7    515.4 2020  5 27 17 28 46.460  0.00   1
   108617  40.529114 -124.401196    17.781   -14315.4    -2345.1    -3646.6    408.9    458.1    610.6 2021 12 21  9 14 12.320  0.00   1
   108618  40.522823 -124.411857    18.504   -15219.3    -3043.6    -2923.5    484.6    358.8    659.9 2020  5 29  3 10 10.980  0.00   1
   108624  40.527287 -124.336922    19.777    -8870.4    -2548.0    -1649.9    471.0    787.0    769.2 2020  6  1 23 58 17.820  0.00   1
   108625  40.519438 -124.331559    20.785    -8416.5    -3419.6     -642.2    593.0    442.0   1071.1 2020  6 24  4 56 53.760  0.00   1
   108626  40.519430 -124.331535    20.794    -8414.5    -3420.5     -633.1    592.7    442.7   1068.6 2020  6 25 13  0 35.620  0.00   1
   108655  40.578800 -124.190047    19.127     3571.3     3172.4    -2300.5    689.8    282.6    499.0 2021 10 12  3 27 25.740  0.00   1
   108724  40.623698 -123.929338    21.508    25641.4     8158.1       80.8    561.7    501.6    995.6 2020  6 14 11 45 45.620  0.00   1
   108732  40.598169 -123.917757    18.992    26626.8     5323.2    -2435.1    932.2   1262.7   1113.2 2022 10 13 19 35 55.660  0.00   1
   108757  40.543925 -124.054631    20.041    15043.2     -700.4    -1386.0    538.3    497.9    442.7 2020  6 14 14 58 40.620  0.00   1
   108758  40.540568 -124.053573    19.971    15133.2    -1073.1    -1456.5    689.8    568.7    599.9 2021  3  4 22 22 58.560  0.00   1
   108759  40.536910 -124.038582    20.338    16403.5    -1479.3    -1089.1    535.6    408.3    567.7 2022  2 22 19 27 13.320  0.00   1
   108760  40.537976 -124.042546    20.035    16067.6    -1361.0    -1392.7    591.2    365.5    427.5 2022  3 14  4  0 41.420  0.00   1
   108761  40.537724 -124.044434    19.973    15907.7    -1389.0    -1453.8    496.3    377.1    452.6 2022  4  7 13 29 19.080  0.00   1
   108768  40.613354 -124.090470    18.453    12001.1     7009.5    -2974.5    817.5    492.4    536.8 2020 12 14 11 30 35.940  0.00   1
   108775  40.495247 -123.875098    20.941    30262.1    -6105.8     -486.5   1425.9   1319.6    637.8 2021  3 12  6 12 15.860  0.00   1
   108778  40.515422 -123.902791    21.279    27911.2    -3865.5     -148.1   1176.0   1446.8    530.3 2021 10  5  6 18 43.140  0.00   1
   108780  40.515621 -123.902970    21.265    27896.0    -3843.4     -162.0   1175.4   1444.7    531.4 2021 10  6 16 45 29.740  0.00   1
   108782  40.515454 -123.902832    21.264    27907.7    -3861.9     -162.9   1175.3   1447.3    526.1 2021 10  6 17 13 28.040  0.00   1
   108784  40.521261 -123.905778    21.125    27656.9    -3217.1     -302.4   1302.6   1353.4    759.0 2021 10  6 18 40 27.620  0.00   1
   108785  40.515291 -123.902555    21.267    27931.2    -3880.0     -159.8   1176.3   1448.7    521.6 2021 10  6 19 49 19.280  0.00   1
   108789  40.516117 -123.903394    21.278    27860.0    -3788.3     -149.7   1175.8   1435.8    553.2 2021 10  6 11 42 23.740  0.00   1
   108794  40.515531 -123.902669    21.261    27921.5    -3853.3     -165.9   1177.5   1445.7    526.8 2021 10  9 19 44 44.220  0.00   1
   108797  40.506486 -123.896257    21.457    28466.7    -4857.8       29.6    790.0   1037.6    490.6 2021 10 10 14 55 46.020  0.00   1
   108839  40.500557 -124.436149    23.654   -17280.2    -5516.1     2227.2    660.8    631.9    631.8 2021  4  7 10 38 50.740  0.00   1
   108840  40.499174 -124.438835    23.540   -17508.0    -5669.7     2112.6    546.9    609.4    736.4 2021 11  7  2 42 54.760  0.00   1
   108860  40.629508 -123.927596    21.431    25787.7     8803.3        3.8    634.4    574.3    489.8 2020  7  8 15  4 51.000  0.00   1
   108864  40.610950 -123.883602    24.254    29516.1     6742.4     2826.8    532.1    613.4   1766.9 2020  7 12  6 10  9.180  0.00   1
   108865  40.610645 -123.882894    23.068    29576.1     6708.5     1640.7    596.3    624.3   2510.4 2021  7 25  9 12 32.240  0.00   1
   108866  40.610730 -123.884530    19.449    29437.6     6718.0    -1978.4    604.9    567.5   4037.0 2022  9 20 20 35 29.800  0.00   1
   108897  40.598539 -124.113298    16.916    10069.5     5364.3    -4510.9    742.4    732.5    844.9 2020  7 21  9 58 36.880  0.00   1
   108901  40.605851 -124.110335    17.750    10319.8     6176.3    -3676.9    562.7    381.0    496.0 2020  7 28 10 54 20.520  0.00   1
   108918  40.644987 -124.018929    18.683    18053.9    10522.1    -2744.7    507.2    273.2    496.4 2020  8 14  7 59 14.720  0.00   1
   108919  40.645268 -124.012655    18.777    18585.0    10553.3    -2650.4    558.5    320.6    530.3 2020  8 14  7 29 17.360  0.00   1
   108921  40.645544 -124.017350    18.395    18187.5    10584.0    -3032.2    566.1    363.3    658.1 2021 11 16 18 50  1.700  0.00   1
   108922  40.594356 -124.101326    20.730    11083.5     4899.8     -697.4    808.3    670.0    922.1 2020  8 17 22 44  9.820  0.00   1
   108923  40.594389 -124.101253    20.686    11089.7     4903.4     -740.8    790.4    674.1    904.0 2020  8 17 22 37  2.940  0.00   1
   108925  40.605986 -124.110555    20.330    10301.2     6191.2    -1097.2    490.8    407.0    540.4 2021  6 29  5 32 28.020  0.00   1
   108926  40.601054 -124.118831    20.834     9600.8     5643.5     -593.1    685.4    376.0    694.9 2021  9  2  7  3 32.740  0.00   1
   108956  40.532406 -124.248405    18.809    -1371.3    -1979.5    -2617.9    526.0    448.1    597.1 2020  8 19  9 20 36.680  0.00   1
   108957  40.532703 -124.248796    18.652    -1404.3    -1946.5    -2775.3    543.5    453.4    505.1 2021  7 30  7  1 16.480  0.00   1
   108959  40.535189 -124.249626    18.413    -1474.6    -1670.5    -3014.0    527.7    566.7    566.7 2022  9 20 20 46 19.020  0.00   1
   108974  40.605485 -124.215894    24.205     1382.2     6135.6     2777.9    739.9    414.3   1011.0 2021  6  2  8  1  4.060  0.00   1
   108976  40.605123 -124.236776    23.450     -385.9     6095.4     2023.1   1635.4    938.2   1831.0 2021  8  2  1 42 32.520  0.00   1
   108977  40.608012 -124.221932    25.282      870.9     6416.2     3854.7    561.9    695.7    736.2 2021  9 27 13 54 30.160  0.00   1
   108978  40.607849 -124.221834    25.214      879.2     6398.1     3786.4    558.1    698.9    744.3 2021 11 19  5 14  6.980  0.00   1
   108988  40.604382 -124.051147    23.545    15331.4     6013.2     2118.1    728.2    520.4    663.0 2021  9 19  2 30 15.040  0.00   1
   108995  40.563216 -123.934334    21.966    25229.7     1441.8      538.7    476.6    415.9    512.6 2020  9  7  3  4 36.280  0.00   1
   108998  40.563969 -123.932796    21.765    25359.8     1525.4      338.1    506.2    468.8    627.5 2020 11 23  2 17 29.880  0.00   1
   108999  40.562927 -123.933700    21.834    25283.5     1409.8      407.2    475.7    423.7    548.7 2020 11 23  2 27  1.080  0.00   1
   109001  40.564864 -123.934066    21.839    25252.2     1624.8      411.9    496.9    359.1    602.4 2021  4 25  2 44 15.560  0.00   1
   109003  40.565133 -123.936434    21.993    25051.5     1654.7      566.0    477.5    427.4    590.6 2021  9 25  7 21 32.760  0.00   1
   109005  40.562944 -123.932951    21.902    25346.9     1411.6      474.8    419.4    432.9    477.0 2022  1 19 16 50 43.900  0.00   1
   109006  40.562122 -123.932007    22.048    25427.0     1320.3      620.7    440.7    413.3    623.6 2022  1 23  4 17 44.580  0.00   1
   109007  40.562695 -123.930534    21.835    25551.7     1384.0      407.7    503.0    486.7    517.9 2022  1 23 13 55 42.740  0.00   1
   109008  40.565031 -123.936312    21.914    25061.9     1643.4      487.0    433.5    438.9    562.2 2022  5 17 14 52 29.660  0.00   1
   109027  40.524239 -123.904427    20.110    27770.8    -2886.4    -1317.3   1146.6    904.1    970.6 2020  9 12  9 10  3.360  0.00   1
   109029  40.529281 -123.904525    23.217    27761.5    -2326.5     1789.8    771.3    844.9    895.0 2021 10 21 16 23 18.500  0.00   1
   109031  40.526046 -123.912142    20.663    27116.8    -2685.8     -764.4    416.9    580.1    646.9 2022  9 21 22  2  0.300  0.00   1
   109034  40.604000 -123.931234    24.648    25484.6     5970.7     3220.7    586.3    932.3    679.9 2021 10 16  0 56 17.260  0.00   1
   109035  40.603646 -123.917839    25.117    26618.9     5931.4     3689.9    692.3    579.1    871.5 2022  4  7  7 43 59.660  0.00   1
   109037  40.600712 -124.120426    18.608     9465.7     5605.6    -2819.5    382.8    427.6    444.1 2021  8 28 10 22 15.280  0.00   1
   109040  40.535905 -124.052075    19.942    15260.6    -1590.9    -1485.2    597.2    324.3    461.7 2021  5  4 20 49 28.940  0.00   1
   109042  40.535221 -124.046891    19.771    15699.8    -1666.9    -1656.5    531.2    377.5    444.3 2021 12 10 18 19  3.380  0.00   1
   109047  40.660535 -123.881429    27.186    29689.2    12248.6     5759.2    642.4    701.8   1461.7 2022  7  7 10 16 42.560  0.00   1
   109051  40.585258 -124.066512    21.516    14032.4     3889.5       88.5    597.6    510.8    601.0 2022 10 22  1 32  8.620  0.00   1
   109052  40.615523 -124.073364    18.512    13449.2     7250.3    -2915.6    923.4    405.6    720.3 2020  9 18  1 49 50.060  0.00   1
   109054  40.621334 -124.091309    17.525    11929.4     7895.5    -3902.0   1099.0    744.5    533.1 2021  8  3  7 25 29.060  0.00   1
   109057  40.617863 -124.068416    18.206    13867.8     7510.1    -3221.6   1304.0    654.0    941.2 2021 11  1 20 23 11.500  0.00   1
   109058  40.619336 -124.083854    17.852    12560.7     7673.7    -3575.1    706.0    567.7    780.2 2022  7  2 18 54 53.920  0.00   1
   109059  40.617106 -124.078711    17.717    12996.3     7426.1    -3710.7    664.3    479.4    812.8 2022  7  5 10 26 16.440  0.00   1
   109060  40.609249 -124.073218    18.514    13462.2     6553.6    -2913.1    485.8    324.6    541.8 2022  9 22  5 20 24.860  0.00   1
   109079  40.592403 -124.318237    22.380    -7283.9     4682.9      953.2    642.6    428.4    357.3 2020  9 24  1 37  2.540  0.00   1
   109081  40.591642 -124.323340    21.103    -7716.0     4598.4     -324.0    515.6    398.8    749.7 2021  8  3  7 28  1.280  0.00   1
   109082  40.592273 -124.319629    21.733    -7401.8     4668.5      305.8    743.4    471.6    588.7 2021  8  3  7 28 11.760  0.00   1
   109083  40.589807 -124.322469    21.052    -7642.4     4394.6     -375.7    669.4    525.4   1049.8 2022  3 18 23 22 52.560  0.00   1
   109086  40.634977 -124.097331    18.117    11418.4     9410.6    -3308.9    875.6    783.6   1038.4 2020  9 29 20 57 21.240  0.00   1
   109088  40.589799 -124.085059    24.076    12461.5     4393.7     2649.1    898.2    385.6    598.5 2021  8  2  6  3 50.240  0.00   1
   109099  40.524919 -124.380802    16.906   -12588.1    -2810.9    -4521.0    602.1    339.1    878.1 2022 11  3 21 25 34.920  0.00   1
   109112  40.571513 -123.937614    21.257    24950.4     2363.1     -170.3    524.3    344.6    560.2 2020 11 28  4 46 13.820  0.00   1
   109120  40.572266 -123.937671    21.305    24945.4     2446.7     -122.3    592.6    431.3    574.0 2021 10  7 15 37 20.960  0.00   1
   109123  40.570821 -123.935531    20.836    25127.0     2286.3     -590.8    507.2    519.0    738.6 2021 10  7 10 58 29.020  0.00   1
   109127  40.572274 -123.937630    21.297    24948.9     2447.6     -130.3    592.7    429.7    575.3 2021 10  9 15  2 48.760  0.00   1
   109129  40.523503 -124.429663    19.710   -16727.8    -2968.2    -1717.1    352.7    455.0    523.7 2020 10 11 16 54  4.900  0.00   1
   109133  40.641874 -124.028809    19.174    17218.0    10176.4    -2253.4    486.6    342.4    579.4 2020 10 20  3 57  2.000  0.00   1
   109186  40.662378 -123.902563    23.420    27900.1    12453.3     1992.9    597.0    579.5    612.6 2020 11 10  7 29 44.140  0.00   1
   109189  40.671151 -123.906315    21.786    27580.7    13427.5      359.2    994.8    452.7    831.7 2021  5 13  9 32 24.180  0.00   1
   109190  40.666520 -123.911084    23.030    27178.1    12913.3     1603.0    745.5    486.6    548.2 2022  6 25  8 45  6.260  0.00   1
   109416  40.597408 -123.963550    21.764    22749.5     5238.7      336.8    828.0    635.7   1081.5 2020 11 28  4 41 25.020  0.00   1
   109417  40.597331 -123.963306    21.751    22770.2     5230.1      323.8    821.8    639.3   1083.0 2020 11 28  4 28 30.560  0.00   1
   109418  40.597713 -123.967204    22.086    22440.0     5272.6      658.4    728.1    647.5   1173.4 2021  3 28 11 21 31.120  0.00   1
   109420  40.596484 -123.917961    21.734    26609.9     5136.1      306.9    778.5    467.2    804.8 2020 12  7 19  3 16.040  0.00   1
   109421  40.603756 -123.924040    21.492    26093.8     5943.6       64.5    822.0    847.6    821.5 2020 12  7 19  5 36.340  0.00   1
   109427  40.592875 -123.898690    26.075    28242.5     4735.3     4647.4    658.0    556.3    728.6 2020 11 29  9 45 15.600  0.00   1
   109428  40.590808 -123.896623    26.464    28417.9     4505.8     5036.7    700.9    542.2    598.4 2021  1 19 12 58 57.580  0.00   1
   109430  40.593669 -123.898869    25.919    28227.1     4823.4     4492.2    686.5    484.0    670.4 2022  3 18  0  7 21.100  0.00   1
   109436  40.609005 -124.097070    14.907    11442.7     6526.4    -6520.7    615.5    542.9    480.3 2020 12  1 11 36 42.680  0.00   1
   109448  40.560152 -124.018449    22.278    18105.9     1101.6      850.9    388.5    352.8    487.6 2022  1 19 22 27 40.720  0.00   1
   109451  40.560970 -124.018498    21.931    18101.7     1192.4      503.5    437.1    424.1    459.8 2022  6  9  2 12 47.440  0.00   1
   109453  40.560571 -124.020068    21.974    17968.7     1148.1      546.7    557.5    376.8    425.1 2022 11 22  5  9 14.600  0.00   1
   109457  40.584554 -124.194320    22.576     3209.4     3811.3     1149.2    691.2    576.2    786.9 2022 11 20 16 58  8.260  0.00   1
   109458  40.550989 -123.888965    22.596    29075.0       84.0     1168.8    768.9    671.9    793.2 2020 12 19 19 50 56.380  0.00   1
   109460  40.599947 -124.223714    25.913      720.1     5520.6     4485.6   1161.6   1009.0    661.8 2021  2 11 13 50 26.620  0.00   1
   109461  40.598584 -124.118628    16.719     9618.2     5369.3    -4708.2    732.7    554.7    604.0 2021  1  4  6 14 34.600  0.00   1
   109483  40.500521 -124.469173    21.239   -20078.5    -5520.2     -188.6    648.9   1505.5   3889.6 2021  1 13 19 34 16.280  0.00   1
   109484  40.517619 -124.468311    22.716   -20002.9    -3621.5     1288.6    725.2    796.3   1308.8 2021  2 12 14 58  6.120  0.00   1
   109485  40.518982 -124.453792    25.885   -18772.7    -3470.2     4457.4    815.9    961.4   1233.6 2022  6  3  7 37 13.740  0.00   1
   109491  40.553076 -124.051180    23.210    15334.5      315.8     1782.9    697.2    437.5    510.9 2022 11 12 22 18 21.100  0.00   1
   109493  40.578341 -124.217635    19.654     1235.0     3121.3    -1773.3    698.8    317.5    634.8 2021 12 30 20 43 22.380  0.00   1
   109498  40.582458 -124.145101    22.668     7377.5     3578.6     1240.8    585.4    409.2    461.4 2022  3 29  0 35 16.680  0.00   1
   109534  40.646244 -124.005306    18.260    19206.8    10661.7    -3167.7    588.7    438.1    546.6 2021  3  6  9 15 31.140  0.00   1
   109535  40.651571 -124.023071    17.850    17702.4    11253.2    -3577.6    957.5    714.9   1050.3 2021  3  6  9 16 35.960  0.00   1
   109542  40.540820 -123.904687    22.801    27745.3    -1045.1     1374.1    690.5    595.7    486.7 2021  3 19 20 18 50.400  0.00   1
   109543  40.540271 -123.902197    22.829    27956.4    -1106.1     1401.3    553.6    678.9    518.4 2021  7 28 11 59  6.040  0.00   1
   109544  40.539579 -123.904248    22.775    27782.8    -1182.9     1348.1    538.0    494.4    497.9 2021 11  2 15 33 30.400  0.00   1
   109546  40.531531 -123.908366    22.928    27435.6    -2076.7     1500.4    750.7    819.9    490.5 2022  2  8 20 52 37.700  0.00   1
   109547  40.541988 -123.904427    22.691    27767.1     -915.4     1264.1    553.7    532.1    472.4 2022  5 16 12 51  7.720  0.00   1
   109550  40.561845 -123.973332    23.590    21927.0     1289.6     2162.6    533.3    441.4    713.6 2021 10 14 12 55 59.780  0.00   1
   109551  40.561723 -123.972681    23.584    21982.2     1276.0     2156.6    602.0    457.5    368.8 2021 10 18 11 26 36.900  0.00   1
   109560  40.574797 -124.416569    25.344   -15612.5     2727.8     3916.5    626.0    498.8   1426.7 2021  4 22 19 58  9.520  0.00   1
   109562  40.574947 -124.418408    23.635   -15768.2     2744.5     2207.6    711.8    645.5   1405.9 2021 10  1 17 28 56.900  0.00   1
   109563  40.575639 -124.418693    22.881   -15792.3     2821.3     1453.7    682.0    739.0   1018.1 2022  6  6  8 33 56.500  0.00   1
   109585  40.702291 -123.973779    21.396    21866.3    16885.4      -30.9    780.3    621.5   1051.9 2021 12  9  6 38 26.640  0.00   1
   109586  40.608020 -123.808960    26.234    35836.6     6417.1     4806.3    671.5    541.3   1035.0 2021  4 25 12  4 20.500  0.00   1
   109587  40.514307 -124.438607    17.516   -17486.7    -3989.3    -3911.6    413.0    467.4    730.4 2021  4 26 14 34  7.560  0.00   1
   109588  40.533211 -124.401180    17.906   -14313.6    -1890.1    -3521.3    470.2    370.4    761.1 2021  4 30  5 48 15.420  0.00   1
   109590  40.594161 -124.009416    22.289    18866.3     4878.1      861.3    645.5    439.4    566.2 2021  5  1  6 40  3.120  0.00   1
   109592  40.565226 -124.018490    22.285    18101.8     1665.0      858.2    427.0    350.5    422.5 2022  3 10 22 12 16.660  0.00   1
   109593  40.586857 -124.197591    23.392     2932.3     4067.1     1964.6    869.7    530.5   1371.5 2021  5 25 13 41 14.420  0.00   1
   109638  40.583496 -123.959391    24.515    23104.0     3693.8     3087.5    684.1    501.0   1156.6 2021  6  5 11 28 29.860  0.00   1
   109639  40.574630 -123.951595    23.513    23765.8     2709.3     2086.2    591.7    667.9    405.7 2022  2 26  5 28  3.880  0.00   1
   109640  40.551062 -123.970890    20.988    22135.5       92.2     -439.1    457.7    404.2    497.5 2021  6 14 23  5 14.620  0.00   1
   109641  40.551563 -123.972127    21.053    22030.7      147.8     -374.7    574.3    450.2    556.3 2021  6 15  4  8 20.200  0.00   1
   109643  40.550940 -123.970736    20.940    22148.7       78.6     -487.2    523.1    428.0    502.6 2021  6 15  2 15 10.680  0.00   1
   109645  40.550903 -123.970662    20.947    22154.9       74.6     -480.6    519.6    430.2    498.4 2021  9 21 16 59  7.260  0.00   1
   109646  40.551440 -123.971899    20.945    22050.0      134.2     -482.5    435.6    384.4    493.7 2022  8 19 22 15 53.220  0.00   1
   109647  40.551449 -123.971908    20.944    22049.3      135.1     -483.3    435.6    384.9    493.1 2022  9 26 14 46 33.600  0.00   1
   109649  40.480754 -124.515479    16.119   -24005.8    -7715.3    -5308.7    774.6    832.7   1701.9 2022  9 18  8 29  6.480  0.00   1
   109653  40.599923 -124.335661    19.847    -8758.8     5517.9    -1580.1    717.6    502.5   1074.3 2021  6 26 23 51 53.520  0.00   1
   109656  40.602702 -124.306453    18.052    -6285.6     5826.5    -3375.0    736.0    378.7    678.0 2021  7  7 21  8 20.520  0.00   1
   109661  40.599524 -124.331291    19.889    -8388.8     5473.6    -1538.4    645.4    407.3    862.1 2022 11 27 17  4 31.920  0.00   1
   109701  40.536129 -124.348462    18.375    -9847.4    -1566.1    -3052.0    448.4    361.3    563.1 2021  7  9 20  8 44.560  0.00   1
   109707  40.703739 -123.931624    22.746    25432.7    17046.3     1319.0    635.5    622.0    795.4 2021  7 21  1 57 33.440  0.00   1
   109708  40.707084 -123.943734    22.389    24407.5    17417.7      961.7    613.9    423.0    755.1 2022  8 13 12 33 41.180  0.00   1
   109709  40.707092 -123.943538    22.390    24424.1    17418.6      963.1    613.4    424.0    751.7 2022  8 13 13  7 15.920  0.00   1
   109710  40.481213 -124.402979    19.777   -14471.5    -7664.2    -1650.1    481.7    477.3    631.8 2021  7 21  6 27  7.140  0.00   1
   109714  40.516516 -124.432674    17.723   -16983.8    -3744.0    -3704.4    361.1    542.8    538.9 2021  7 22  8 29 59.260  0.00   1
   109718  40.505554 -124.446981    18.733   -18197.4    -4961.3    -2694.6    580.7    584.6    871.6 2022  4  3 19 26 32.500  0.00   1
   109728  40.638607 -123.917399    21.234    26649.2     9813.6     -192.9    647.5    464.2    743.5 2021 10 28 17 29 28.460  0.00   1
   109729  40.639213 -123.918050    21.306    26593.9     9880.9     -121.6    537.4    424.9    719.3 2021 10 28 20 25 38.640  0.00   1
   109732  40.504928 -124.460832    18.749   -19371.1    -5030.8    -2678.4    727.4    787.1    723.0 2021  8  5  5 11 35.000  0.00   1
   109733  40.506795 -124.456795    19.891   -19028.8    -4823.4    -1535.9    369.2    497.7    617.1 2021 12 18  9  2 20.600  0.00   1
   109734  40.503528 -124.458301    19.745   -19156.8    -5186.3    -1682.3    557.4    703.9    792.9 2021 12 21 16 46 40.580  0.00   1
   109740  40.529565 -124.371842    25.345   -11828.6    -2294.9     3917.8    725.3    606.6   1012.4 2021 12 25  9  3 58.480  0.00   1
   109741  40.530554 -124.369930    24.862   -11666.5    -2185.1     3434.9    762.3    562.3    915.0 2022  8 24 18 28  5.620  0.00   1
   109742  40.636690 -124.043937    19.918    15938.1     9600.8    -1509.5    551.8    281.4    541.0 2021  8 23  5 51 36.160  0.00   1
   109744  40.525000 -123.779826    21.879    38326.9    -2801.9      451.4    835.9    940.2    604.7 2021  8 29 12 47 11.520  0.00   1
   109745  40.518266 -123.780086    22.318    38306.7    -3549.7      891.1    397.4    769.2    603.2 2022  1  7 12 47 18.900  0.00   1
   109758  40.550382 -124.229850    17.612      200.6       16.7    -3815.0    575.5    374.3    627.8 2021  9 12 22 48 15.460  0.00   1
   109773  40.518876 -124.414486    17.785   -15442.5    -3481.9    -3641.9    378.7    507.7    755.4 2021 12 23 10 30 50.600  0.00   1
   109775  40.576794 -124.213949    18.448     1547.2     2949.6    -2978.8    521.9    292.9    567.2 2021  9 23 19 33 34.900  0.00   1
   109779  40.525822 -124.356486    17.582   -10527.9    -2710.6    -3845.6   1014.6    504.7    800.5 2021  9 30  4 43 34.000  0.00   1
   109788  40.515320 -123.882576    21.902    29623.9    -3876.8      474.6    563.9    980.3    551.0 2021 10  7  4 45 50.940  0.00   1
   109789  40.511609 -123.871777    21.822    30539.7    -4288.9      395.2    860.8    738.8    637.1 2021 10  7  5 44  8.100  0.00   1
   109791  40.511808 -123.875553    21.463    30219.8    -4266.8       35.5    855.2    594.1    565.1 2021 10  9 15 14 13.920  0.00   1
   109792  40.509957 -123.881763    21.917    29694.1    -4472.4      490.2    815.2    454.7    622.0 2021 10  9 14 51  7.940  0.00   1
   109793  40.514775 -123.880916    21.607    29764.7    -3937.4      180.2    479.0    699.1    586.0 2021 10  9 19 19 22.180  0.00   1
   109794  40.514307 -123.875252    21.160    30244.7    -3989.3     -267.0    755.7    502.6    560.1 2021 10 16 14 55 23.500  0.00   1
   109795  40.512240 -123.877051    21.557    30092.8    -4218.9      129.7    602.0    551.3    533.3 2021 11  4 10 59  4.180  0.00   1
   109796  40.511580 -123.874015    21.166    30350.1    -4292.1     -261.6    652.6    544.7    614.9 2021 11  7  7 51 35.860  0.00   1
   109801  40.545117 -123.852384    22.660    32174.9     -568.0     1232.5    640.6    660.7    510.2 2022  1 31 19 52 42.840  0.00   1
   109836  40.613953 -124.140007    18.647     7807.1     7075.9    -2780.1    536.8    367.5    667.5 2021 10 22 21  9 45.260  0.00   1
   109837  40.613403 -124.078247    19.878    13036.0     7014.9    -1549.3    684.1    492.9    908.7 2021 10 31 13 10  3.600  0.00   1
   109838  40.559432 -123.954858    22.223    23492.1     1021.6      796.0    467.2    379.8    749.3 2021 11  3 19 22 52.340  0.00   1
   109846  40.603308 -124.081372    16.853    12772.3     5893.9    -4573.9    520.5    713.1    655.5 2021 11 25 17 56 31.760  0.00   1
   109849  40.605013 -124.294393    19.866    -5264.3     6083.2    -1560.8    898.5    297.1   1037.9 2021 11 29  9 17 10.340  0.00   1
   109852  40.523258 -124.432389    19.781   -16958.8    -2995.3    -1646.7    356.1    388.9    556.5 2022  1 18 10 25 37.780  0.00   1
   110087  40.587769 -124.212134    20.744     1700.8     4168.3     -683.7    462.1    363.6    547.4 2021 12 11 10 51 42.420  0.00   1
   110088  40.544287 -124.311491    19.086    -6715.0     -660.1    -2341.6   1061.9    646.3   1138.7 2021 12 20 23 40 19.580  0.00   1
   110091  40.544657 -124.310286    19.051    -6613.0     -619.0    -2376.3   1037.2    649.2   1125.9 2022  8 22 11 46 57.980  0.00   1
   110092  40.548303 -124.308594    18.453    -6469.4     -214.2    -2974.3    919.6    407.3    920.3 2022  8 22 11 19 44.520  0.00   1
   110093  40.546480 -124.308765    18.800    -6484.0     -416.6    -2627.4   1117.1    512.2   1066.2 2021 12 20 21 17 43.440  0.00   1
   110095  40.547294 -124.318530    19.521    -7311.2     -326.2    -1906.4    896.1    393.8    812.4 2022  7 14  2 59 53.060  0.00   1
   110120  40.517965 -124.424048    19.862   -16252.7    -3583.1    -1565.6    423.5    520.7    654.9 2021 12 20 20 29 25.860  0.00   1
   110127  40.576416 -124.222860    17.801      792.6     2907.6    -3625.8   1146.5    653.2    680.7 2021 12 20 20 15 20.340  0.00   1
   110128  40.548726 -124.295231    24.674    -5337.5     -167.2     3247.2    635.3    652.7    965.1 2021 12 20 20 31  1.340  0.00   1
   110129  40.518958 -124.443294    17.515   -17883.2    -3472.9    -3912.2    447.6    504.1    806.3 2021 12 20 22 57 59.980  0.00   1
   110153  40.506795 -124.334456    17.645    -8662.8    -4823.4    -3782.3    498.9    593.5    807.6 2021 12 21  3 28 34.100  0.00   1
   110154  40.506893 -124.332267    18.307    -8477.3    -4812.6    -3120.2    327.2    428.7    616.3 2021 12 23  6 55 41.480  0.00   1
   110156  40.508081 -124.333480    17.752    -8580.0    -4680.7    -3675.7    462.9    589.3    883.6 2021 12 23  4 51 44.220  0.00   1
   110160  40.522587 -124.421370    18.592   -16025.3    -3069.8    -2835.0    504.2    485.4    654.7 2021 12 21 19 30 31.800  0.00   1
   110168  40.580086 -124.208040    19.231     2047.5     3315.2    -2196.7    710.9    278.6    676.2 2021 12 21  2 44 44.640  0.00   1
   110179  40.544104 -124.346151    22.725    -9651.0     -680.5     1297.4    583.3    937.7   1525.5 2022  3 20  6 57 16.680  0.00   1
   110181  40.499052 -124.455713    15.852   -18938.2    -5683.3    -5574.8    523.7    583.2   1147.4 2021 12 25 16 54 33.700  0.00   1
   110183  40.600362 -124.110181    17.941    10333.3     5566.7    -3486.7    720.3    626.2    551.2 2021 12 26 16  2 15.940  0.00   1
   110184  40.590267 -123.992407    19.949    20307.1     4445.7    -1478.2    646.5    547.9    609.5 2021 12 27  8 53  5.400  0.00   1
   110185  40.579378 -123.986141    19.886    20839.4     3236.6    -1541.2    759.4    553.9    806.1 2022  5 28  7 57  1.360  0.00   1
   110186  40.580176 -124.207088    20.539     2128.2     3325.1     -887.9    943.8    462.7    794.1 2021 12 28  6 35 41.580  0.00   1
   110187  40.576681 -124.199373    19.571     2781.6     2937.0    -1856.7    727.2    275.7    548.5 2021 12 31 13 31 14.620  0.00   1
   110188  40.576681 -124.199365    19.570     2782.3     2937.0    -1857.5    727.1    276.3    550.5 2022  1  1 22 14 38.120  0.00   1
   110189  40.576624 -124.198771    19.552     2832.6     2930.7    -1874.8    706.6    281.3    563.1 2022  1  2 11 16 33.460  0.00   1
   110190  40.576933 -124.206942    19.547     2140.6     2965.0    -1880.5    860.2    302.3    525.6 2022  4 25  2 10 11.700  0.00   1
   110191  40.576607 -124.198722    19.547     2836.7     2928.9    -1879.8    704.4    281.8    565.1 2022  9  1 20 43  2.920  0.00   1
   110199  40.519926 -124.409351    19.716   -15007.3    -3365.3    -1711.4    427.0    395.3    657.8 2021 12 31 17  2 13.380  0.00   1
   110209  40.597542 -124.103687    24.960    10883.4     5253.6     3533.0    981.6    717.2   1007.2 2022  4  2 19 46 56.000  0.00   1
   110211  40.517069 -124.445752    16.666   -18091.7    -3682.5    -4761.7    825.7    812.3   1556.0 2022  4  3 10 39 47.080  0.00   1
   110231  40.516956 -124.436605    19.034   -17316.7    -3695.2    -2393.6    404.2    496.4    707.6 2022  5 14 20  9 30.640  0.00   1
   110234  40.533175 -124.233350    19.604      -95.8    -1894.1    -1823.2    683.6    541.8    800.4 2022  5 25  9 25 42.220  0.00   1
   110250  40.527059 -124.417334    20.873   -15682.8    -2573.3     -554.0   1048.4   1068.8    877.4 2022  7  2 10 23 23.100  0.00   1
   110253  40.596305 -124.112093    18.368    10171.7     5116.2    -3058.8    654.1    495.2    528.6 2022  7 20  6 28 50.580  0.00   1
   110254  40.596073 -124.115389    18.863     9892.6     5090.5    -2563.8    639.6    599.0    810.2 2022  8  9  7 59 33.060  0.00   1
   110255  40.600456 -124.119206    18.104     9569.1     5577.1    -3323.7    675.0    660.4   1026.3 2022  8  9  8  9 40.340  0.00   1
   110266  40.540759 -124.329085    18.646    -8205.6    -1051.9    -2781.0    605.5    421.0    826.1 2022  8 30  6 25 35.480  0.00   1
   110273  40.648527 -124.016610    19.030    18249.7    10915.2    -2397.1    557.1    343.0    577.7 2022 10 28 12 43 42.000  0.00   1
   110274  40.522184 -124.435954    18.294   -17260.9    -3114.6    -3132.9    412.2    453.9    873.6 2022 10 29 20 38 50.780  0.00   1
   110275  40.513562 -124.431144    20.543   -16854.5    -4072.0     -884.6    365.5    581.1    826.4 2022 10 30  3 34  2.660  0.00   1
   110276  40.519275 -124.437378    19.321   -17381.9    -3437.6    -2106.3    406.0    426.5    518.2 2022 11 12 10 31 42.840  0.00   1
   110279  40.513432 -124.435343    19.481   -17210.3    -4086.5    -1946.0    586.1    634.2   1275.5 2022 11  2 16 39 30.260  0.00   1
   110282  40.524333 -124.434969    20.046   -17177.2    -2876.0    -1381.0    562.2    489.8    764.7 2022 11 15 17 48 18.560  0.00   1
   110296  40.580676 -123.982243    20.587    21169.3     3380.7     -840.2    574.6    393.8    479.3 2022 12 22  3  8  5.860  0.87   1
   110298  40.536523 -124.265999    11.959    -2861.7    -1522.3    -9468.0    581.9    455.4    677.4 2023  1 17 13 54 45.520  1.24   1
   110302  40.563684 -124.123014    22.750     9249.2     1493.8     1322.8    545.4    311.5    566.7 2022 12 24  0 35 18.890  0.89   1
   110303  40.486100 -124.499447    24.596   -22646.2    -7121.5     3168.7    688.3    814.8   1570.8 2022 12 20 12 25 25.380  2.43   1
   110305  40.435518 -124.602344    24.620   -31377.9   -12738.4     3192.7    315.7    443.8    919.0 2023  4  2 11 44 21.610  2.51   1
   110307  40.522559 -124.422510    23.887   -16121.8    -3073.0     2459.3    610.3    484.7    591.8 2023  3  9  9 11 18.070  1.00   1
   110308  40.573800 -123.877173    22.529    30068.7     2617.1     1101.4    747.0    535.2    523.4 2022 12 21 19 21 21.160  1.21   1
   110311  40.541166 -124.498332    25.169   -22542.5    -1006.7     3741.4    707.8    667.4   1423.2 2023  2  6  9 53 42.140  2.82   1
   110326  40.576029 -124.245654    20.342    -1137.9     2864.7    -1084.8    709.8    385.8    979.5 2023  4 26 22 23  7.880  0.79   1
   110327  40.621493 -123.951799    21.601    23740.3     7913.2      173.4    459.1    476.1    674.9 2022 12 21  8 59 40.650  1.14   1
   110330  40.584607 -123.911532    25.890    27156.7     3817.2     4462.3    735.5    578.6    656.8 2023  5 27  2 45 49.750  0.87   1
   110334  40.621061 -124.315104    19.564    -7017.1     7865.3    -1863.6    474.5    328.9    910.3 2023  2 22  6 20 25.080  1.45   1
   110341  40.561910 -124.133024    22.225     8401.5     1296.8      797.7    460.9    531.8    577.6 2023  1  5 14 47  6.170  2.14   1
   110346  40.536519 -123.888232    23.151    29140.1    -1522.7     1723.7    434.4    629.1    349.4 2023  5 28  1 45 53.620  1.36   1
   110354  40.507410 -124.423014    24.897   -16166.4    -4755.2     3469.5    507.6    662.4    954.4 2023  4 14  1 57  6.610  1.17   1
   110355  40.518140 -124.494019    15.872   -22180.9    -3563.7    -5555.2    537.9    599.5    731.0 2023  2 16 22 15  2.800  1.44   1
   110359  40.751855 -123.973706    21.793    21864.4    22389.4      365.3   1114.3    729.4    897.9 2022 12 22  4 53 56.390  0.79   1
   110365  40.527738 -124.230656    17.665      132.4    -2497.8    -3761.8    603.4    451.4    591.6 2022 12 20 12 37 22.690  1.44   1
   110367  40.547498 -123.970980    21.360    22128.5     -303.6      -67.5    533.5    498.6    570.5 2022 12 25  1 20 33.690  1.82   1
   110368  40.601082 -123.973771    22.258    21883.4     5646.7      831.2    541.6    540.9    564.8 2023  2 14  3 52  7.700  1.37   1
   110370  40.695768 -123.908317    22.356    27406.3    16161.1      928.7    789.6    676.8   1440.9 2022 12 21  4 44 13.820  1.30   1
   110373  40.661174 -123.997648    23.675    19852.8    12319.5     2247.8    846.3    450.7    800.4 2022 12 20 23 58 39.800  0.88   1
   110374  40.757259 -123.871517    20.705    30506.1    22989.4     -722.2   1223.9    956.3   1502.7 2022 12 22  4 46 28.990  1.00   1
   110378  40.594368 -124.050000    22.288    15429.7     4901.2      860.9    726.3    465.4    615.2 2022 12 21 18 52 28.640  1.06   1
   110379  40.518831 -124.421672    18.242   -16051.3    -3486.9    -3185.1    378.1    416.1    515.1 2022 12 22  9 21 28.530  1.40   1
   110382  40.543840 -124.065918    19.378    14087.1     -709.8    -2049.4    446.3    399.4    482.8 2022 12 26  5 31 21.180  1.08   1
   110385  40.594995 -124.088599    19.003    12161.2     4970.7    -2424.6    492.4    434.4    460.2 2022 12 23  0 19 22.520  0.90   1
   110387  40.534330 -124.394548    25.645   -13751.6    -1765.8     4217.3    711.5    446.4    920.2 2023  1 28 23 56 58.200  3.85   1
   110388  40.511064 -124.446012    12.784   -18114.6    -4349.5    -8643.4    766.1    892.9   1901.5 2022 12 31 10 20 40.360  1.04   1
   110390  40.640556 -123.985840    25.778    20855.4    10030.1     4350.4    721.2    456.9    689.5 2023  1 17  5 14  2.510  1.84   1
   110391  40.589579 -124.211890    20.228     1721.4     4369.3    -1199.6    734.6    393.8    746.2 2022 12 23  0 35 44.600  1.56   1
   110392  40.516154 -124.417684    19.485   -15713.7    -3784.2    -1941.8    454.1    477.7    683.4 2023  1  1 12 19 44.130  1.25   1
   110395  40.554899 -124.217529    17.125     1244.2      518.3    -4302.5    772.9    451.0    903.2 2022 12 20 23 19 53.720  1.40   1
   110396  40.535311 -124.260286    18.569    -2377.8    -1656.9    -2858.3    492.1    470.3    651.4 2022 12 24 20  6  9.180  0.83   1
   110397  40.556836 -124.276945    15.969    -3788.4      733.3    -5457.9    615.4    379.9    519.0 2022 12 23 10 18 25.720  1.66   1
   110399  40.528764 -124.423950    17.133   -16243.1    -2383.9    -4293.9    476.6    416.6   1004.1 2022 12 20 10 44 46.730  2.70   1
   110400  40.559363 -124.047884    22.891    15612.9     1013.9     1464.0    522.3    450.7    449.7 2022 12 25  4 33 20.570  0.83   1
   110404  40.562524 -124.015934    21.923    18318.6     1365.0      495.7    390.3    440.0    390.8 2022 12 27  0 23 33.800  1.12   1
   110406  40.593734 -124.106250    19.872    10666.7     4830.7    -1555.1    551.8    482.0    608.3 2023  1 11  3 23 18.830  1.45   1
   110408  40.611507 -123.845394    28.120    32750.9     6804.3     6692.9    736.4    491.6    923.6 2023  2 12 20 12 15.900  2.47   1
   110409  40.512211 -124.420028    22.158   -15912.8    -4222.0      730.5    405.8    496.6    696.5 2022 12 21 22  8 58.660  1.39   1
   110412  40.569421 -124.069141    19.976    13811.5     2130.9    -1451.2    623.1    539.3    538.8 2022 12 26  7 30 25.960  0.98   1
   110417  40.553149 -123.974154    21.293    21858.8      324.0     -134.5    455.9    354.7    426.1 2022 12 24 12 43  0.520  1.06   1
   110422  40.621387 -124.304671    19.523    -6133.8     7901.4    -1903.8    694.3    442.0    833.4 2022 12 29 13 40 18.010  1.27   1
   110423  40.504858 -124.331372    18.862    -8401.6    -5038.5    -2565.2    461.2    508.5    530.0 2023  2 17 12 38 36.270  0.88   1
   110429  40.593404 -124.016243    22.679    18288.2     4794.1     1251.5    372.6    379.2    426.2 2022 12 22  9 28 37.970  0.68   1
   110431  40.601758 -124.104085    23.070    10849.3     5721.7     1642.7    696.3    526.9    525.2 2022 12 21 17 59 17.620  1.95   1
   110432  40.491675 -124.452189    26.250   -18640.6    -6502.5     4822.3    771.3    621.0    904.6 2022 12 22  1 13 30.130  2.71   1
   110434  40.512016 -124.461084    19.242   -19391.4    -4243.7    -2184.8    410.6    470.9    711.3 2022 12 21 18 26 29.520  1.33   1
   110435  40.531242 -124.379354    24.413   -12464.8    -2108.8     2985.7    678.7    456.7    825.0 2023  1 28 20  7 39.900  1.24   1
   110436  40.466012 -124.536768    23.779   -25812.8    -9352.3     2351.6    721.1    900.2   1620.7 2023  2 18  0 47 37.880  1.15   1
   110439  40.472135 -124.430257    19.797   -16784.5    -8672.3    -1630.0    696.1    678.2    792.0 2023  1 27 16 28 41.960  1.01   1
   110442  40.568896 -123.953752    21.394    23584.1     2072.6      -33.5    469.0    422.5    607.8 2022 12 20 18 48 54.600  0.91   1
   110443  40.579956 -124.172673    18.108     5042.7     3300.7    -3319.6    608.1    476.2    796.4 2022 12 21 21 55 10.140  0.79   1
   110444  40.503324 -124.501668    27.721   -22831.6    -5208.9     6293.3    586.3    759.4    956.5 2022 12 23 21 41 55.000  1.21   1
   110445  40.522449 -124.387980    23.620   -13196.4    -3085.2     2193.0    535.8    462.7    433.7 2022 12 21  8  6 55.910  1.80   1
   110447  40.564233 -124.015625    22.325    18344.5     1554.8      897.8    429.0    400.5    411.3 2022 12 24 19 37 36.120  1.39   1
   110448  40.596285 -124.127140    21.730     8897.6     5114.0      303.1    665.3    431.3    600.0 2023  1 31 13 12 49.420  1.12   1
   110452  40.547982 -124.192627    27.603     3353.6     -249.9     6175.5    846.2    471.4    749.5 2022 12 20 23 25 36.340  1.09   1
   110453  40.513436 -124.474618    17.217   -20537.9    -4086.0    -4209.9    517.8    536.4    910.2 2022 12 21 12  8  6.020  1.11   1
   110454  40.462862 -123.819360    22.949    34993.6    -9702.0     1521.3    651.2    730.9    541.3 2022 12 21 13 41 59.550  0.69   1
   110455  40.531881 -124.419946    16.784   -15903.6    -2037.8    -4643.5    396.6    548.2    966.6 2022 12 23 13  9 40.300  0.89   1
   110458  40.619637 -124.313940    18.150    -6918.7     7707.1    -3277.3    712.7    502.2   1465.5 2023  2 14  6 32 28.460  1.23   1
   110462  40.585445 -124.430135    25.612   -16760.1     3910.3     4184.8    914.0    630.5    998.0 2023  4 22 17 56 13.080  1.37   1
   110464  40.590243 -124.440186    23.086   -17610.5     4443.0     1658.8    814.4    605.5    575.8 2023  2 13 21 32 14.280  2.09   1
   110466  40.533455 -124.392293    17.175   -13560.8    -1863.0    -4252.5    614.4    614.9   1141.5 2022 12 22  0 27 26.630  0.83   1
   110467  40.528011 -124.427612    26.770   -16553.5    -2467.5     5342.8    624.2    532.7    618.8 2022 12 22  3 58 10.660  0.90   1
   110468  40.527710 -123.980119    20.596    21357.5    -2501.0     -831.6    576.3    557.1    738.9 2022 12 24  1 17 32.850  0.88   1
   110470  40.534871 -124.362272    17.112   -11017.4    -1705.7    -4315.0    453.4    331.0    632.5 2023  3 29  5  5 59.480  1.47   1
   110474  40.474276 -124.433407    19.785   -17051.1    -8434.6    -1642.5    935.3    803.8   1022.3 2022 12 20 12 14 11.380  2.27   1
   110475  40.584416 -124.353174    28.335   -10242.9     3795.9     6907.8    686.4    634.6   1023.6 2022 12 21 15  8 37.620  1.85   1
   110476  40.538546 -124.410490    28.023   -15101.7    -1297.7     6595.9    732.3    707.9    731.5 2022 12 20 13 24 12.330  1.51   1
   110477  40.612406 -123.945500    21.149    24275.2     6904.2     -278.3    813.5    611.5   1351.1 2023  1  3  7 18 42.400  0.99   1
   110479  40.534395 -124.357593    17.483   -10621.0    -1758.6    -3944.2    413.7    356.8    720.8 2022 12 26  2  4 21.800  1.88   1
   110480  40.558329 -124.247965    22.580    -1333.8      899.2     1153.0    616.6    488.1    640.8 2022 12 21  2 56 11.820  1.60   1
   110481  40.495300 -124.474536    18.152   -20533.8    -6099.9    -3275.5    830.7    640.2   1381.2 2023  4  5 14 51 18.340  1.34   1
   110482  40.598702 -123.919458    22.451    26482.7     5382.4     1023.3   1092.9    975.6    637.5 2022 12 21 19 52  6.360  0.64   1
   110484  40.525358 -124.423275    19.258   -16186.3    -2762.1    -2168.9    368.2    348.2    661.5 2022 12 25  4  3 37.800  0.93   1
   110487  40.749707 -123.850537    20.511    32282.3    22150.8     -915.8    938.3    960.0   1741.5 2022 12 20 14 11  0.150  2.57   1
   110488  40.481262 -124.459375    18.974   -19251.0    -7658.8    -2453.7    447.9    524.5    614.3 2023  2 18  9 18 28.190  1.40   1
   110489  40.518791 -124.424072    19.393   -16254.7    -3491.4    -2034.6    283.8    365.6    439.2 2022 12 29  9 57 25.630  1.27   1
   110494  40.522384 -124.419385    18.567   -15857.1    -3092.4    -2860.3    510.1    358.1    606.9 2023  3  5 20 14 19.720  1.28   1
   110495  40.532406 -124.196859    21.244     2995.5    -1979.5     -183.2    623.9    465.2    568.2 2023  1 20 16 55 16.240  1.95   1
   110496  40.502584 -124.445215    18.459   -18048.1    -5291.1    -2968.7    499.1    579.6    743.7 2022 12 30 12 51 54.870  1.14   1
   110497  40.572489 -124.094865    22.762    11632.5     2471.6     1335.0    614.8    509.9    550.9 2022 12 31 14 27 57.700  1.02   1
   110501  40.466374 -124.510522    24.598   -23588.3    -9312.1     3171.0    599.5    800.2   1249.6 2022 12 30 21 43 18.320  2.12   1
   110506  40.610266 -124.096663    19.717    11477.0     6666.5    -1710.6    487.6    397.1    638.3 2022 12 20 21 47 48.880  1.10   1
   110507  40.527930 -124.397640    18.330   -14014.3    -2476.6    -3097.0    590.6    464.8    693.2 2022 12 21 10 16 11.430  0.70   1
   110508  40.611584 -124.096826    18.115    11463.1     6812.9    -3312.3    453.7    506.0    570.0 2022 12 30  9  0 39.550  1.14   1
   110509  40.576331 -124.290739    23.302    -4956.0     2898.1     1874.4    964.6    717.2   1098.7 2023  1  2  8  1 22.300  0.77   1
   110510  40.495943 -124.430021    25.141   -16761.5    -6028.5     3713.6    639.6    697.2    919.8 2023  1  2  8 25 11.060  1.28   1
   110511  40.630583 -124.011336    23.761    18698.6     8922.6     2333.3    944.5    629.1    442.6 2022 12 21  4 15 19.850  2.45   1
   110512  40.510461 -124.336287    19.232    -8817.7    -4416.3    -2195.1    568.6    395.8    663.0 2022 12 21 17 35 50.480  1.40   1
   110513  40.523796 -124.411849    19.249   -15218.5    -2935.6    -2178.1    543.2    471.9    615.1 2022 12 20 15  4 50.680  1.42   1
   110515  40.549573 -124.227515    22.510      398.4      -73.2     1082.6    798.8    557.6    940.6 2023  1 11 13 29 12.060  1.57   1
   110517  40.597746 -124.079818    23.908    12904.5     5276.2     2480.6   1267.0    703.9   1407.0 2023  3 12  6 43 46.740  0.89   1
   110518  40.520239 -124.439209    17.734   -17536.9    -3330.5    -3693.7    455.0    575.9    944.0 2022 12 20 10 43 39.300  2.63   1
   110519  40.574740 -124.155892    22.426     6464.0     2721.5      999.0    922.5    570.3    899.9 2022 12 20 23 22 14.760  1.65   1
   110521  40.570300 -124.156681    23.469     6397.4     2228.5     2041.6    597.0    563.6    794.0 2022 12 23  1 11 44.550  1.32   1
   110522  40.648910 -124.141561    23.550     7673.5    10957.7     2122.3   2075.7   1052.6   1632.5 2022 12 20 18 48 15.520  0.97   1
   110523  40.508968 -124.493392    23.950   -22129.3    -4582.2     2522.7    686.6    641.0    638.1 2022 12 21  1  7 33.310  3.25   1
   110524  40.605261 -124.087874    18.472    12221.6     6110.7    -2954.8    350.8    364.8    435.9 2022 12 21  9 31  7.840  1.25   1
   110525  40.615727 -124.079761    18.360    12907.6     7272.9    -3067.2    683.5    460.5    663.1 2022 12 26  7 21 10.390  0.93   1
   110526  40.493795 -124.507430    15.733   -23321.4    -6267.1    -5694.5    690.7    702.1    888.0 2023  2 18 20 58 10.920  1.67   1
   110527  40.524451 -124.437036    19.276   -17352.3    -2862.9    -2151.4    409.7    414.8    576.4 2022 12 22  3 55 53.820  1.44   1
   110529  40.554228 -124.260482    24.904    -2394.0      443.7     3477.0    597.0    478.7    898.1 2023  5 18 13 21 36.440  0.56   1
   110530  40.616634 -124.069661    15.980    13762.5     7373.7    -5447.0    484.0    471.6    475.2 2022 12 22  4 49 54.170  0.84   1
   110531  40.530819 -124.349308    19.218    -9919.5    -2155.8    -2209.5    517.6    342.0    635.3 2022 12 20 19 16  2.640  1.29   1
   110532  40.542997 -124.351099    16.341   -10070.2     -803.4    -5085.9    413.5    391.1    694.2 2022 12 23  4  9 55.040  1.00   1
   110533  40.657662 -124.046606    17.448    15709.7    11929.6    -3979.3   1077.3    741.2   1105.0 2022 12 21 11 50 10.940  0.78   1
   110534  40.527030 -124.403581    18.678   -14517.7    -2576.4    -2749.4    544.9    706.0    863.7 2023  1  4 16 29 55.050  1.61   1
   110535  40.522119 -124.412370    18.990   -15262.8    -3121.8    -2437.3    447.4    422.7    558.1 2022 12 22 10 55 51.720  0.98   1
   110537  40.618339 -124.073267    23.965    13457.1     7563.0     2537.8    853.6    706.0    921.6 2022 12 21 16 28 15.660  3.99   1
   110539  40.523438 -124.338460    19.150    -9001.0    -2975.4    -2277.3    515.8    463.8    540.6 2022 12 25  8 22 48.250  0.72   1
   110541  40.577930 -124.183651    18.548     4113.1     3075.7    -2879.2    638.2    418.8    749.3 2023  2 18  6 52 19.650  1.07   1
   110542  40.577173 -124.184351    18.518     4053.8     2991.7    -2909.2    550.1    449.5    751.4 2022 12 20 17 56  5.920  1.14   1
   110544  40.599833 -124.190568    19.117     3526.7     5508.0    -2310.1    645.4    306.2    660.1 2023  3 21 22 51 34.760  0.98   1
   110546  40.503361 -124.445500    19.700   -18072.2    -5204.8    -1727.3    439.5    439.6    697.5 2022 12 27  1 23 41.520  0.94   1
   110547  40.617139 -123.925724    20.527    25948.6     7429.7     -899.9    804.8    685.7   1203.6 2022 12 20 23 36 50.880  1.00   1
   110549  40.544348 -124.055298    19.738    14986.6     -653.4    -1689.0    554.0    473.5    510.1 2022 12 21  4 18 46.220  2.04   1
   110551  40.612496 -124.088908    18.205    12133.5     6914.1    -3222.1    511.4    562.1    715.9 2023  2 17 11 16 14.330  1.12   1
   110553  40.519055 -123.914030    20.627    26958.2    -3462.0     -800.1    882.8    968.8    601.6 2022 12 25  0 34  1.910  0.77   1
   110554  40.549642 -124.245565    18.170    -1130.5      -65.5    -3257.2    837.2    370.2    744.0 2022 12 21  0  5 31.440  1.34   1
   110556  40.498035 -124.438477    23.762   -17477.8    -5796.3     2335.2    704.3    795.3    859.1 2023  2 25 14 23 27.120  1.53   1
   110559  40.611812 -124.123031    21.698     9244.5     6838.2      270.9    847.7    522.8   1013.7 2023  3 13  0 48 17.330  0.83   1
   110560  40.628939 -123.928044    21.384    25750.0     8740.0      -43.0    661.3    402.7    839.0 2023  2  2  2 38 55.900  1.60   1
   110561  40.620239 -123.888639    23.987    29087.6     7774.0     2560.2    762.5    715.7   1811.3 2022 12 20 17 35 32.520  1.17   1
   110564  40.602763 -124.120549    16.607     9455.3     5833.3    -4820.5    528.1    387.9    520.3 2022 12 24  4 18 59.420  0.99   1
   110566  40.607914 -124.107861    18.137    10529.1     6405.4    -3290.6    514.7    397.0    515.3 2022 12 22  5 24 44.100  2.65   1
   110568  40.498893 -124.468604    16.149   -20030.5    -5700.9    -5278.4    605.3    320.7   1087.4 2023  3 22 19 35 25.080  1.32   1
   110569  40.645593 -124.020540    18.330    17917.4    10589.4    -3096.9    545.2    369.2    582.8 2023  1  2  9 44 23.910  0.93   1
   110570  40.602706 -124.121077    20.645     9410.5     5827.0     -782.3    588.1    441.3    600.4 2022 12 22  6 14 22.080  1.10   1
   110572  40.534733 -124.246696    18.698    -1226.5    -1721.1    -2729.6    489.0    382.9    584.9 2023  1  1 22 18 52.920  1.17   1
   110574  40.627633 -124.097095    19.311    11439.0     8595.0    -2115.8    511.4    420.9    729.0 2022 12 21 22 33 49.080  1.00   1
   110575  40.579069 -124.159277    26.846     6177.1     3202.2     5418.6   1167.7    619.6   1032.8 2022 12 23  1 10  6.400  0.80   1
   110577  40.616447 -124.229378    23.721      240.5     7352.9     2293.4   1160.2    684.1    869.3 2022 12 25 19 13 28.400  0.95   1
   110578  40.566630 -124.148315    21.689     7106.1     1820.9      261.6    637.2    506.4    606.1 2022 12 20 20 26 41.720  2.13   1
   110579  40.524406 -124.363607    21.689   -11131.3    -2867.9      261.3   1155.4    510.6   1271.4 2022 12 21  8 58 34.030  0.97   1
   110580  40.609408 -124.055452    22.761    14966.3     6571.2     1333.8    723.6    372.9    597.7 2023  1  3  4 53 49.540  1.15   1
   110581  40.567261 -124.231787    20.509       36.5     1891.0     -917.9    572.4    356.3    547.4 2023  5 28 11 38 43.770  1.07   1
   110582  40.563062 -123.935758    22.088    25109.1     1424.7      660.6    412.0    420.5    596.6 2022 12 21 23 36 17.240  1.23   1
   110586  40.521558 -123.899577    20.183    28182.2    -3184.2    -1244.0    624.0    739.0    726.0 2022 12 22  5 36 49.910  0.70   1
   110587  40.604663 -123.917065    25.066    26684.1     6044.3     3639.2    723.8    627.9    566.5 2022 12 20 10 48 38.300  2.65   1
   110588  40.599178 -124.117188    18.190     9740.1     5435.2    -3237.0    430.5    387.8    451.7 2022 12 22  7 50 48.720  1.53   1
   110589  40.534444 -124.049504    19.391    15478.6    -1753.2    -2035.9    541.9    441.6    478.6 2022 12 21  0 13 29.150  1.50   1
   110590  40.654582 -123.886255    28.763    29282.0    11587.6     7336.1    879.5    652.2   1147.0 2022 12 23 19 10 35.240  1.06   1
   110591  40.586324 -124.065568    21.639    14112.3     4007.9      211.5    594.7    465.0    597.5 2022 12 25 22 34 55.360  0.82   1
   110592  40.617729 -124.075081    17.839    13303.6     7495.2    -3588.5    652.3    473.2    623.5 2023  1 18  8 28 49.360  0.92   1
   110594  40.559831 -123.935311    21.005    25147.6     1065.9     -422.6    438.4    464.9    485.5 2022 12 21  0 45 40.230  1.26   1
   110595  40.592249 -124.323063    21.418    -7692.6     4665.7       -8.9    616.7    579.0    578.7 2022 12 20 10 52 39.340  3.28   1
   110596  40.538123 -124.339478    17.770    -9086.2    -1344.7    -3657.3    472.2    454.6    601.1 2022 12 29  7 31 23.150  0.85   1
   110597  40.619328 -124.080876    20.436    12812.9     7672.8     -990.2    596.8    459.6    596.4 2022 12 20 21 24 28.880  0.90   1
   110598  40.597697 -124.110067    22.991    10343.2     5270.8     1563.9    614.4    503.7    622.0 2022 12 26  1 46  3.150  1.45   1
   110600  40.521370 -124.379150    17.684   -12448.5    -3204.9    -3743.4    442.7    411.6    580.3 2022 12 20 19 51  5.480  1.33   1
   110604  40.571167 -123.937313    21.291    24976.0     2324.7     -136.1    456.1    358.7    514.5 2022 12 21 17  1 49.600  1.16   1
   110605  40.521672 -124.431136    19.842   -16852.8    -3171.5    -1585.1    412.6    477.6    571.1 2022 12 22  7 33 35.520  1.14   1
   110607  40.662655 -124.019759    17.759    17981.3    12484.0    -3667.8    707.5    489.4    827.5 2022 12 21 14 33 24.290  1.52   1
   110608  40.642167 -124.023503    19.144    17667.1    10209.0    -2283.5    586.8    509.6    732.6 2022 12 25 12 29 55.020  1.64   1
   110609  40.575643 -124.157829    23.193     6300.0     2821.8     1765.9    808.2    533.6    771.4 2022 12 20 19 19  0.120  1.41   1
   110611  40.554199 -124.244076    17.681    -1004.3      440.5    -3745.9    637.3    469.3    610.9 2022 12 21 12 21 21.680  0.97   1
   110613  40.668420 -123.889624    22.582    28993.9    13124.3     1154.7    696.0    588.4    672.8 2022 12 27 17 40  9.980  1.83   1
   110614  40.553023 -124.319897    21.114    -7426.7      310.0     -313.3    783.0    357.5    773.0 2023  2 15 14 26 55.060  2.21   1
   110615  40.586812 -124.135417    21.212     8197.3     4062.1     -215.3    665.6    508.1    679.2 2022 12 21  9 48 30.660  1.09   1
   110618  40.605884 -123.976880    23.083    21619.4     6179.9     1655.8    813.0    679.8    697.1 2022 12 20 23 30 29.600  1.04   1
   110619  40.597770 -123.921981    21.809    26269.3     5278.9      382.1    603.1    391.0    802.8 2022 12 22  4 23  9.220  0.67   1
   110620  40.598332 -123.894678    25.334    28581.0     5341.3     3907.0    697.9    481.0    742.1 2022 12 25 16 15  8.400  1.07   1
   110622  40.607951 -124.095964    15.026    11536.5     6409.4    -6401.1    665.8    581.9    607.9 2022 12 28  9 46 28.530  1.31   1
   110623  40.594340 -124.154272    22.784     6600.2     4898.0     1356.9    847.5    514.3    789.9 2022 12 30  9 23 12.150  1.07   1
   110624  40.605509 -124.105021    18.566    10769.8     6138.3    -2861.4    511.4    387.5    555.1 2023  4  2 23  2 20.160  1.02   1
   110625  40.550309 -124.077116    18.683    13137.9        8.6    -2744.7    820.3    530.7    639.8 2022 12 20 21 22 52.960  1.20   1
   110626  40.561621 -124.018538    22.120    18098.1     1264.7      692.6    433.6    416.3    430.3 2022 12 24 20 57 12.400  1.30   1
   110627  40.591191 -124.191813    20.849     3421.5     4548.3     -578.1    699.7    547.2    839.1 2022 12 20 16 59 23.800  1.39   1
   110628  40.549467 -123.882772    22.481    29599.9      -84.9     1053.7    445.2    643.2    615.7 2022 12 25  6 37 31.440  1.50   1
   110629  40.588570 -124.229183    24.052      257.0     4257.3     2624.3    880.4    680.7   1162.8 2023  2  2  2 53 51.230  0.90   1
   110630  40.601872 -124.106209    15.713    10669.5     5734.4    -5714.0    437.6    538.6    489.1 2022 12 22  6 38 46.920  0.92   1
   110631  40.599048 -123.996818    19.689    19932.3     5420.8    -1738.6    430.7    367.5    471.9 2022 12 22  6 27  3.370  1.14   1
   110633  40.511178 -124.459310    24.857   -19241.2    -4336.8     3429.9    692.1    568.5   1050.2 2022 12 20 11 23 42.960  2.53   1
   110634  40.610726 -124.079069    15.469    12966.6     6717.6    -5958.7    450.7    419.5    569.1 2023  1  3  7 23 30.820  1.13   1
   110635  40.550293 -124.052938    22.820    15185.9        6.8     1392.7    568.2    482.1    517.6 2022 12 24  7 16 44.450  1.51   1
   110636  40.576957 -124.208911    17.991     1973.8     2967.7    -3435.8    637.3    393.5    667.5 2023  5  5 10 50 40.220  0.86   1
   110637  40.543811 -124.334627    17.361    -8674.9     -713.0    -4066.0    712.4    411.9    874.6 2022 12 25 12 21 40.770  1.90   1
   110638  40.577592 -124.147697    23.612     7157.9     3038.2     2184.3    676.5    500.5    583.3 2022 12 21 19 17 30.720  1.31   1
   110641  40.646391 -124.002686    18.668    19428.6    10678.0    -2758.8    528.9    435.8    610.8 2022 12 25  9 11 59.060  0.70   1
   110643  40.537655 -123.910278    23.186    27272.3    -1396.7     1759.0    523.7    644.9    453.6 2023  2 16 18  3 27.440  1.53   1
   110644  40.563973 -123.976676    23.578    21643.4     1525.9     2151.1    555.4    382.8    431.8 2023  2 13  5 45 35.220  1.23   1
   110646  40.565694 -124.413127    28.948   -15322.0     1717.0     7520.6    749.1    737.7   1099.9 2023  2  6 20 12  2.580  1.35   1
   110647  40.565678 -124.172347    20.875     5070.8     1715.2     -551.9    695.3    406.6    788.0 2022 12 20 19  6 23.200  1.47   1
   110649  40.520744 -124.374300    23.687   -12037.6    -3274.5     2259.4    925.4    571.0    532.1 2022 12 25 23 13 35.000  1.83   1
   110650  40.703080 -123.959212    22.172    23098.7    16973.1      744.4    629.2    492.5    572.5 2022 12 26  9 16 16.030  1.67   1
   110651  40.617424 -123.818172    26.607    35054.1     7461.3     5179.7    885.8    512.2   1207.2 2023  4  8  3  4 20.710  1.95   1
   110652  40.515515 -124.439046    18.021   -17523.8    -3855.1    -3406.4    382.7    446.9    912.9 2023  2  8 14 16 55.210  1.31   1
   110653  40.531824 -124.402734    18.692   -14445.4    -2044.1    -2735.0    411.7    473.4    614.7 2022 12 26  8 29 16.340  0.84   1
   110654  40.594409 -124.004142    22.749    19312.8     4905.7     1321.5    614.8    442.3    503.4 2022 12 24 22 12 36.600  2.10   1
   110655  40.567753 -124.017871    22.790    18153.8     1945.6     1362.7    491.0    404.3    500.7 2023  4 30 12 38 22.840  0.62   1
   110656  40.585303 -124.207145    26.168     2123.3     3894.5     4740.5   1250.7    715.6    967.3 2023  1 20 22  9 26.880  0.94   1
   110660  40.537516 -124.341097    16.569    -9223.4    -1412.0    -4858.0    369.4    396.5    714.1 2022 12 31 15  5 32.620  1.28   1
   110663  40.577714 -123.958049    24.458    23218.7     3051.8     3030.7    605.3    425.9   1001.4 2022 12 21 22 26 11.040  1.39   1
   110664  40.550566 -123.975684    21.320    21729.6       37.1     -106.8    613.1    453.0    562.5 2022 12 20 16  1 13.350  1.61   1
   110665  40.491471 -124.511222    17.071   -23643.2    -6525.1    -4356.5    776.2    642.0   1416.7 2023  4  6  4 40 19.060  0.75   1
   110666  40.501803 -124.466536    17.586   -19854.9    -5377.9    -3841.7    504.4    458.3    958.2 2022 12 29  8 32 33.620  1.49   1
   110667  40.599548 -124.331445    19.907    -8401.9     5476.4    -1520.7    711.8    422.6    890.8 2022 12 25  7 56 23.340  0.72   1
   110671  40.582650 -124.091984    23.371    11875.6     3599.8     1943.4    852.3    434.0    437.1 2022 12 20 23  1 57.840  1.31   1
   110672  40.535889 -124.348535    18.215    -9853.6    -1592.8    -3212.6    365.8    364.3    649.7 2023  4 15  0  7  1.200  0.77   1
   110673  40.582707 -124.209790    25.551     1899.3     3606.2     4124.1    822.7    436.8    737.5 2022 12 21 16 59 16.830  0.92   1
   110674  40.552348 -124.226473    17.845      486.7      235.0    -3582.7    466.7    356.4    505.7 2022 12 23  5  1 13.690  1.08   1
   110675  40.703064 -123.932959    22.461    25319.9    16971.3     1033.5    736.7    602.3    818.4 2022 12 22 16 21 35.960  1.66   1
   110676  40.479919 -124.402498    19.897   -14431.0    -7807.9    -1530.5    593.5    525.0    641.8 2023  1 30 10 56 56.600  0.99   1
   110677  40.511776 -124.438143    17.914   -17447.7    -4270.4    -3513.1    374.3    613.1   1086.2 2022 12 23  0 10 35.700  1.04   1
   110678  40.520178 -124.430835    16.574   -16827.5    -3337.3    -4853.1    467.8    394.4    836.4 2023  1  8  2 15 56.440  1.14   1
   110679  40.513021 -124.438883    17.028   -17510.3    -4132.1    -4399.4    394.3    334.0    718.6 2023  4 20 15 36 20.100  0.92   1
   110681  40.638957 -123.912321    21.197    27078.9     9852.5     -229.8    573.7    508.2    789.7 2022 12 21  2 53 42.600  1.60   1
   110683  40.505086 -124.455876    19.756   -18951.1    -5013.2    -1671.3    469.8    464.9    520.4 2022 12 21  8 21  0.830  1.29   1
   110685  40.531604 -124.370117    25.018   -11682.3    -2068.5     3590.9    745.9    554.2    820.2 2023  1 29  2 21 34.040  0.86   1
   110686  40.546952 -124.308846    17.816    -6490.9     -364.2    -3610.9    636.4    365.2    598.2 2022 12 20 19 42 50.340  1.43   1
   110687  40.637785 -124.044922    19.765    15854.6     9722.3    -1662.7    561.5    510.3    845.8 2022 12 26  1 31 33.690  1.21   1
   110688  40.678902 -123.881413    21.663    29686.5    14288.2      235.9    787.3    629.9   1255.3 2022 12 20 16  7 38.970  2.01   1
   110689  40.547164 -123.764852    21.902    39589.0     -340.7      474.8    611.7    904.8    728.3 2022 12 22  0 56 27.730  0.68   1
   110692  40.509786 -124.464591    20.825   -19689.0    -4491.3     -602.5    753.1    564.9    730.4 2022 12 29 10 57 23.460  1.08   1
   110694  40.521029 -124.444881    18.258   -18017.4    -3242.9    -3168.9    424.9    393.5    796.1 2022 12 29  5 31  8.470  1.04   1
   110695  40.551172 -124.225553    17.513      564.6      104.4    -3914.4    549.0    355.5    481.5 2022 12 24  5  9  2.290  1.55   1
   110697  40.574105 -124.220728    16.715      973.2     2651.0    -4711.8    482.4    313.7    576.5 2022 12 23 20 30 28.480  1.23   1
   110698  40.541467 -124.238908    18.236     -566.7     -973.3    -3191.4    497.3    465.3    466.8 2023  1 26  5 47 35.730  1.04   1
   110699  40.510567 -124.414258    18.707   -15424.1    -4404.6    -2720.0    393.5    440.0    581.0 2022 12 22  9  7 10.520  0.52   1
   110700  40.575899 -124.213973    18.221     1545.2     2850.2    -3205.9    515.7    312.3    571.3 2022 12 25  3 58 23.130  0.90   1
   110702  40.625594 -123.954207    22.413    23535.6     8368.6      985.9    919.6    681.9    596.0 2022 12 20 23 26 24.700  1.53   1
   110703  40.528296 -124.326221    17.611    -7963.7    -2435.9    -3815.8    562.4    492.3    442.0 2022 12 22 14 28 55.050  1.12   1
   110705  40.513770 -123.882056    21.656    29668.4    -4049.0      228.4    424.9    621.7    584.5 2023  3  1  0 37 17.190  1.45   1
   110706  40.560881 -123.992904    23.848    20269.5     1182.5     2421.1    636.8    497.7    252.2 2022 12 20 23 41  1.760  1.68   1
   110707  40.543913 -123.841545    21.874    33093.4     -701.7      446.4    392.9    571.3    493.5 2022 12 21 22 14 18.520  1.56   1
   110708  40.576685 -124.207813    17.788     2066.9     2937.4    -3639.0    672.7    322.0    552.1 2023  3  5  0 34 58.820  1.58   1
   110710  40.606604 -124.142407    18.187     7604.2     6259.9    -3240.4    462.9    444.1    693.7 2023  1 14  1 10 27.140  1.46   1
   110711  40.613086 -124.072933    20.730    13485.9     6979.6     -697.4    542.7    320.9    575.5 2022 12 20 21  2 39.800  1.14   1
   110712  40.549622 -123.951864    22.936    23747.4      -67.8     1508.9    473.7    684.6    475.4 2023  1 10 19 11 36.040  1.34   1
   110715  40.608744 -124.089014    16.562    12124.8     6497.5    -4865.6    512.9    496.2    578.8 2022 12 20 21 22 37.100  1.23   1
   110716  40.583207 -123.892822    20.586    28741.4     3661.8     -840.9    588.0    510.5    966.2 2022 12 22  1 50 13.650  0.65   1
   110717  40.607979 -124.289901    19.050    -4883.9     6412.6    -2377.6   1371.0    522.7   1174.8 2023  4  9 21 13 25.880  0.97   1
   110718  40.523861 -124.430070    19.432   -16762.2    -2928.4    -1994.9    297.6    361.0    467.0 2022 12 22  3 44  5.310  1.01   1
   110720  40.587097 -124.208350    20.869     2021.2     4093.7     -558.6    572.8    345.3    518.7 2022 12 21  1 23  1.660  0.93   1
   110721  40.549516 -124.305998    17.866    -6249.5      -79.5    -3561.7    600.6    354.7    677.5 2022 12 20 16 43 44.910  1.41   1
   110722  40.549638 -124.311141    17.804    -6685.1      -66.0    -3623.1    610.4    392.1    863.5 2022 12 20 19 45  5.720  1.04   1
   110723  40.462923 -124.538924    22.142   -25996.2    -9695.2      714.6    784.5    952.9   1185.8 2022 12 22  7 29 30.560  0.68   1
   110724  40.517232 -124.346118    19.274    -9650.2    -3664.5    -2153.5    450.1    504.3    742.5 2022 12 22  8 32 21.500  0.63   1
   110725  40.548604 -124.314006    17.746    -6927.8     -180.7    -3681.0    453.8    325.7    540.0 2022 12 24 21 51 17.000  0.84   1
   110726  40.518815 -124.424902    19.975   -16325.0    -3488.7    -1452.1    533.5    454.2    811.7 2022 12 25 10 58 46.850  0.74   1
   110727  40.513241 -124.351725    19.233   -10125.5    -4107.7    -2193.8    632.6    669.4    898.2 2022 12 26 20 22  8.180  1.12   1
   110728  40.519653 -124.420646    19.653   -15964.3    -3395.6    -1773.8    279.3    377.2    441.9 2023  1  3 14 30 47.720  1.13   1
   110729  40.579016 -124.207170    18.085     2121.3     3196.4    -3341.8    641.7    307.4    599.3 2023  1  4 10 27 27.700  1.40   1
   110730  40.550667 -124.300309    23.333    -5767.6       48.3     1905.6    807.1    528.7    786.1 2023  1 27  5 50 36.430  1.31   1
   110731  40.511711 -124.439543    18.586   -17566.3    -4277.6    -2841.5    454.4    423.9    675.5 2023  3 16 18  8 14.040  1.34   1
   110735  40.533146 -124.345817    18.131    -9623.5    -1897.3    -3295.8    607.9    517.4    654.6 2022 12 20 21 52 17.400  1.04   1
   110736  40.504333 -124.332576    18.665    -8503.7    -5096.8    -2762.3    459.1    462.6    581.4 2022 12 22  5 34 15.770  1.28   1
   110737  40.523360 -124.427181    18.415   -16517.5    -2984.0    -3011.8    366.0    364.0    450.3 2022 12 22 10 19 33.470  1.21   1
   110738  40.549259 -124.320199    19.544    -7452.4     -108.0    -1883.3    832.6    595.1    984.9 2022 12 26 12 16 44.250  0.71   1
   110739  40.522384 -124.422681    18.205   -16136.3    -3092.4    -3221.9    387.1    404.9    675.6 2023  1 11  1 42 23.060  2.03   1
   110743  40.581799 -124.199146    18.027     2800.8     3505.4    -3400.1    501.3    347.4    691.2 2023  3 25 16 17 15.180  0.90   1
   110745  40.516272 -124.430680    17.754   -16814.9    -3771.1    -3673.7    485.5    429.2    706.0 2023  1 20  8 32 25.670  1.94   1
   110746  40.515934 -124.454704    19.534   -18850.3    -3808.6    -1892.8    497.5    477.9    650.0 2023  2 15 19 15 16.420  1.23   1
   110747  40.546554 -124.347664    19.937    -9779.1     -408.5    -1490.6    606.2    541.9    645.1 2022 12 23 14  7  9.940  0.88   1
   110748  40.552551 -124.449235    26.300   -18382.0      257.6     4872.3    888.2    701.5   4595.8 2022 12 20 15 58 21.830  1.76   1
   110749  40.500411 -124.459831    15.599   -19286.9    -5532.4    -5828.3    476.4    396.1   1200.4 2022 12 26  6 35 42.200  1.15   1
   110750  40.593388 -124.119897    17.457     9511.1     4792.3    -3970.7    623.8    506.2    544.6 2023  1 14  6 13 33.720  1.13   1
   110751  40.578947 -123.986491    20.648    20809.8     3188.7     -779.1    599.7    607.2    653.0 2022 12 20 17 38 50.000  1.62   1
   110752  40.578337 -124.203483    19.921     2433.5     3120.9    -1505.9    758.6    295.3    670.4 2022 12 22 21 13 37.280  0.95   1
   110753  40.526843 -124.324243    17.530    -7796.3    -2597.2    -3897.3    605.8    461.6    821.5 2022 12 22 22  2  6.300  1.11   1
   110754  40.523682 -124.354183    18.221   -10333.0    -2948.3    -3206.5    533.9    478.6    563.1 2022 12 22 22 45  9.160  1.52   1
   110755  40.715739 -123.841203    22.376    33080.2    18378.8      948.3   1013.5   1268.8   1423.3 2022 12 23  7 52 54.590  1.22   1
   110757  40.524516 -124.342139    18.763    -9312.5    -2855.7    -2663.9    469.0    437.3    651.4 2022 12 28 13 28 43.290  1.64   1
   110758  40.552315 -124.237288    19.733     -429.4      231.3    -1694.5    372.7    368.9    525.9 2023  1 15 15 14  5.770  1.41   1
   110759  40.514274 -124.408529    21.684   -14938.3    -3993.0      257.2    452.2    483.2    722.5 2023  2 10 21  1  5.660  1.17   1
   110761  40.586646 -124.150277    21.828     6939.0     4043.6      401.1    541.7    394.9    516.4 2023  1 21 22  3  8.900  1.49   1
   110765  40.519633 -124.393034    17.894   -13624.9    -3397.9    -3533.5    673.3    483.3    853.9 2022 12 24  2 43 20.530  1.79   1
   110766  40.499939 -124.444539    19.141   -17991.3    -5584.8    -2286.3    439.2    520.8    738.4 2023  2  7 19 48  3.920  1.35   1
   110767  40.506222 -124.476652    18.031   -20711.4    -4887.2    -3396.7    481.9    509.4    924.9 2023  5  3  4 14 16.070  1.55   1
   110768  40.535779 -124.339982    18.532    -9129.0    -1605.0    -2895.0    600.4    406.3    826.0 2023  2 17 23 11 43.020  1.41   1
   110769  40.577755 -124.209489    18.046     1924.9     3056.3    -3381.6    538.5    367.2    589.3 2022 12 22 11 55 31.760  1.02   1
   110770  40.598185 -124.101042    25.329    11107.3     5325.0     3902.2    895.9    763.1    957.4 2023  1  4  8 48  8.840  1.05   1
   110771  40.516825 -124.443644    18.110   -17913.2    -3709.6    -3316.9    362.6    403.2    756.1 2022 12 21 11 33 42.730  2.09   1
   110772  40.519499 -124.423307    17.109   -16189.8    -3412.8    -4318.1    605.3    458.6    825.1 2022 12 22  1 51 31.680  0.96   1
   110773  40.509835 -124.380021    20.295   -12523.3    -4485.9    -1132.3   1031.6    689.4   1174.1 2023  4 10 15 18 48.100  0.74   1
   110774  40.516923 -124.429907    18.074   -16749.3    -3698.8    -3353.1    347.6    443.1    653.4 2022 12 22 13 45 54.290  0.88   1
   110778  40.597449 -124.093994    21.899    11704.1     5243.2      472.1    957.6    619.7    931.6 2022 12 20 13 10 43.400  0.88   1
   110780  40.515251 -124.437354    18.673   -17380.4    -3884.5    -2753.9    336.5    370.6    738.7 2023  1 27  2 38 13.190  1.41   1
   110781  40.604557 -124.025309    20.993    17519.1     6032.6     -434.0    570.8    370.1    805.8 2022 12 22  7 36 42.420  0.86   1
   110782  40.517489 -124.414453    17.074   -15439.9    -3636.0    -4353.7    497.2    446.7    534.3 2023  1 19  4 55  2.650  1.72   1
   110783  40.533529 -124.243970    19.470     -995.5    -1854.8    -1957.1    613.8    454.7    656.1 2022 12 21  9 13 55.700  1.90   1
   110785  40.597347 -124.098893    15.894    11289.3     5231.9    -5533.5    566.3    453.6    452.6 2023  3 27 13  6 21.780  0.85   1
   110786  40.514144 -124.439779    18.553   -17586.0    -4007.4    -2874.7    499.6    450.5    897.1 2022 12 21 10 46 12.660  1.82   1
   110787  40.585242 -124.161670    20.464     5974.2     3887.7     -963.5    571.5    469.9    581.1 2022 12 22  9 24 48.500  0.91   1
   110788  40.655379 -124.004801    19.558    19248.2    11676.1    -1869.5    800.6    585.4   1028.8 2022 12 22  1 16  9.260  0.66   1
   110789  40.520850 -124.409155    18.198   -14990.6    -3262.8    -3229.1    534.4    410.8    636.8 2022 12 23 19 12 41.740  1.83   1
   110790  40.567155 -124.191764    23.326     3426.2     1879.2     1898.6    643.3    498.7    575.2 2022 12 24 15 43 41.860  0.86   1
   110791  40.525700 -124.420711    25.493   -15969.1    -2724.2     4066.1   1287.4   1121.0   1055.1 2022 12 21 21 14 36.000  0.82   1
   110793  40.515946 -124.415080    20.589   -15493.1    -3807.2     -837.9    430.8    427.1    460.2 2022 12 26 14 17  3.520  0.91   1
   110794  40.596554 -124.114046    18.658    10006.3     5143.8    -2768.9    461.1    368.1    519.4 2023  3 11 16 16 54.220  1.44   1
   110796  40.541654 -124.333171    17.477    -8551.7     -952.5    -3950.0    508.4    351.4    697.5 2022 12 22  1 52 50.750  1.67   1
   110797  40.520353 -124.357837    19.138   -10642.8    -3317.9    -2289.6    491.7    376.2    593.3 2022 12 24 21 53 24.440  1.63   1
   110798  40.542029 -124.310474    13.186    -6629.0     -910.9    -8240.9   1272.8    643.5   1751.8 2023  1 22  8 49 33.400  0.91   1
   110799  40.524300 -124.395760    19.155   -13855.4    -2879.6    -2272.6    599.8    421.3    941.8 2022 12 20 10 40 17.470  2.91   1
   110801  40.554944 -124.235164    19.326     -249.5      523.2    -2100.8    636.5    469.5    687.5 2022 12 20 12 16  5.480  2.04   1
   110802  40.578137 -124.082080    18.691    12714.8     3098.8    -2735.8    743.0    429.6    504.8 2022 12 21  0 15 31.010  2.88   1
   110803  40.653345 -124.018066    18.616    18125.8    11450.2    -2811.7    531.8    393.5    607.6 2022 12 22  5 56 58.350  0.78   1
   110804  40.518144 -124.438086    19.676   -17442.1    -3563.2    -1751.4    449.6    462.7    560.9 2022 12 20 20 38 36.440  1.22   1
   110806  40.514791 -124.434196    18.612   -17112.9    -3935.6    -2814.9    590.6    444.8   1337.3 2023  2  1  8 26 47.510  1.32   1
   110808  40.532426 -124.339437    18.574    -9083.1    -1977.3    -2853.3    435.6    398.8    568.2 2023  3 31  1 48 56.260  0.92   1
   110809  40.524036 -124.427205    19.898   -16519.5    -2909.0    -1528.9    489.7    522.1    635.6 2022 12 22  0 38 39.810  1.01   1
   110810  40.616007 -124.079093    16.956    12964.1     7304.1    -4471.0    501.0    432.4    713.6 2023  1  4  6 36 41.150  1.09   1
   110812  40.605343 -124.130493    19.001     8613.1     6119.8    -2426.5    582.7    473.4    732.7 2023  2  2  5 38 31.180  0.92   1
