   101475  40.580587 -123.982690    20.771    21131.4     3370.8     -656.0     22.7     17.5     22.4 2020  1  4 12 29  8.640  0.00   1
   101476  40.580290 -123.982292    20.682    21165.2     3337.8     -745.0     23.1     20.0     24.6 2020  2 13 22 21 36.940  0.00   1
   101477  40.581694 -123.981836    20.846    21203.6     3493.7     -581.1     18.2     14.9     44.3 2020  3 19  1  4 26.040  0.00   1
   101481  40.581091 -123.983268    20.724    21082.4     3426.8     -703.2     17.9     11.0     19.5 2021  3 29 15 56 33.780  0.00   1
   101482  40.581112 -123.983008    20.744    21104.4     3429.1     -682.8     19.9     12.7     20.4 2021  3 29 13 44 54.940  0.00   1
   101483  40.581258 -123.983097    20.749    21096.8     3445.3     -678.6     21.2     13.6     20.9 2021  3 30 14 30 26.580  0.00   1
   101484  40.581108 -123.982845    20.754    21118.2     3428.6     -672.8     18.8     12.5     20.7 2021  3 30 16 56 58.820  0.00   1
   101487  40.581449 -123.982568    20.819    21141.6     3466.6     -608.7     19.0     17.2     30.6 2021  9 19 18 51 35.660  0.00   1
   101488  40.582060 -123.980949    20.779    21278.7     3534.3     -648.7     23.9     16.5     28.4 2021 12  7  4 20 27.260  0.00   1
   101564  40.533394 -124.271680    11.629    -3343.0    -1869.7    -9798.0     43.5     25.4     39.6 2020  1  4 11 37 20.680  0.00   1
   102513  40.563285 -124.125505    22.359     9038.3     1449.5      931.7     54.4     32.8     53.9 2020  1 21 18 29 29.080  0.00   1
   102514  40.564726 -124.124870    22.472     9091.9     1609.5     1044.7     64.9     39.0     71.0 2020  1 21 18 17 50.920  0.00   1
   102517  40.564014 -124.120459    22.968     9465.6     1530.4     1540.4     65.6     40.2     62.4 2020  1 21 18 17 12.580  0.00   1
   102584  40.563940 -124.119059    22.578     9584.1     1522.3     1150.6     48.8     29.2     48.3 2021 12 19 16 15 38.560  0.00   1
   102602  40.484070 -124.510710    24.630   -23601.0    -7347.0     3202.8     39.3     34.5     62.5 2021  8 10 19 30 57.060  0.00   1
   102603  40.484062 -124.505794    24.856   -23184.5    -7347.9     3428.7     37.9     41.2     71.6 2021  8 28  7 10 22.180  0.00   1
   102606  40.484684 -124.504842    24.364   -23103.7    -7278.8     2936.6     33.8     37.9     68.0 2021 11  9 13 23 16.920  0.00   1
   102608  40.484302 -124.503540    25.838   -22993.4    -7321.2     4411.0     53.3     68.9     92.1 2022  9  7 17 54 42.580  0.00   1
   102707  40.434607 -124.602100    24.222   -31357.4   -12839.6     2794.3     12.1     12.2     57.7 2020  1  5 11  4 39.240  0.00   1
   102709  40.434607 -124.602108    24.222   -31358.1   -12839.6     2794.4     10.3     10.4     31.5 2020  3 12 15 20 18.660  0.00   1
   102710  40.434603 -124.602116    24.229   -31358.8   -12840.1     2802.2      7.3      8.6     23.7 2020  3 19  0  0 12.240  0.00   1
   102711  40.434656 -124.602181    24.183   -31364.3   -12834.2     2755.6     16.8     15.9     89.6 2020  4 15  6 22 46.200  0.00   1
   102713  40.434607 -124.602059    24.227   -31354.0   -12839.6     2799.9      6.4      8.2     29.4 2020  5  1 21 27  1.720  0.00   1
   102715  40.434798 -124.602295    24.381   -31374.0   -12818.4     2953.7     35.5     42.2    187.1 2020  5 19  4 18  4.680  0.00   1
   102716  40.435974 -124.601497    23.773   -31306.1   -12687.8     2345.6     24.6     30.0     27.6 2020  5 19 15 58 35.460  0.00   1
   102717  40.437362 -124.602954    23.891   -31429.2   -12533.7     2463.4     49.9     57.0     59.1 2020  5 19  8 56  4.240  0.00   1
   102718  40.434729 -124.601017    23.775   -31265.7   -12826.1     2347.3     26.4     25.7     31.3 2020  6  2  1 55 48.260  0.00   1
   102719  40.434615 -124.601937    24.224   -31343.6   -12838.7     2797.2      8.6      8.4     29.9 2020  6  9 10 29  1.040  0.00   1
   102720  40.435291 -124.601278    24.161   -31287.6   -12763.7     2734.0     13.5     17.4     43.3 2020  6  9 11 54 57.660  0.00   1
   102721  40.434509 -124.601912    24.406   -31341.6   -12850.5     2978.8     11.9      7.9     35.3 2020  6 11 11 48 29.660  0.00   1
   102723  40.434615 -124.602002    24.219   -31349.2   -12838.7     2792.2      8.5      8.5     28.7 2020  6 28  9  4 35.860  0.00   1
   102727  40.434603 -124.602108    24.231   -31358.1   -12840.1     2803.5     10.7     11.3     34.0 2020  9 21 21 53 10.520  0.00   1
   102728  40.434749 -124.600757    23.646   -31243.6   -12823.8     2219.0     11.2      8.8     12.3 2020  9 28  9 34 39.840  0.00   1
   102729  40.434607 -124.602018    24.221   -31350.5   -12839.6     2794.0      9.2     10.0     31.5 2020  9 29 16 42 12.380  0.00   1
   102730  40.434611 -124.602002    24.222   -31349.2   -12839.2     2794.7      7.9      9.3     28.6 2020  9 29 16  6 55.980  0.00   1
   102731  40.434823 -124.601815    24.280   -31333.2   -12815.7     2852.6     27.9     32.2    160.5 2020 10  8  8 34 56.540  0.00   1
   102732  40.434916 -124.602165    24.185   -31362.9   -12805.3     2757.5     10.8     15.4     36.5 2020 10 13 22  5 11.460  0.00   1
   102733  40.434603 -124.602116    24.229   -31358.8   -12840.1     2801.7      7.9      8.5     26.0 2020 11 11  2 48 36.380  0.00   1
   102734  40.434615 -124.602287    24.199   -31373.3   -12838.7     2772.1      9.1      8.4     27.8 2020 12 19  3 23 42.480  0.00   1
   102736  40.434949 -124.599870    23.588   -31168.3   -12801.7     2160.7     17.8     15.5     22.6 2021  1 21 20 46 20.820  0.00   1
   102737  40.434607 -124.602059    24.219   -31354.0   -12839.6     2792.0      7.9      9.4     30.6 2021  2 12  4 31  7.420  0.00   1
   102738  40.434814 -124.600879    23.771   -31253.9   -12816.6     2344.2     12.7      8.8     16.4 2021  2 12 20  8 51.240  0.00   1
   102739  40.434595 -124.602197    24.219   -31365.7   -12841.0     2791.6      9.9     12.1     35.6 2021  2 12  4 29 14.400  0.00   1
   102740  40.434631 -124.601310    23.966   -31290.5   -12836.9     2538.9     10.4      9.8     14.0 2021  2 20 23 40 36.700  0.00   1
   102741  40.434623 -124.602018    24.217   -31350.5   -12837.8     2790.0     12.2     11.2     42.1 2021  4 14  4 39 59.360  0.00   1
   102742  40.434611 -124.601953    24.222   -31345.0   -12839.2     2794.5     10.3     11.4     33.6 2021  4 14  1 27 41.100  0.00   1
   102743  40.434619 -124.602083    24.217   -31356.1   -12838.3     2789.7     10.1     11.3     31.1 2021  4 14  5 38 37.620  0.00   1
   102745  40.435588 -124.602205    23.846   -31366.2   -12730.7     2418.6     35.4     39.0     41.7 2021  5 17  6 53 57.120  0.00   1
   102749  40.434607 -124.602051    24.227   -31353.3   -12839.6     2800.1      6.2      7.6     27.5 2021  7 10 11 59 45.840  0.00   1
   102751  40.434615 -124.602026    24.216   -31351.2   -12838.7     2788.6     11.0      9.0     48.3 2021  8 31 18 13 15.560  0.00   1
   102754  40.434607 -124.602051    24.227   -31353.3   -12839.6     2799.7      6.1      7.5     27.8 2021  9 23  9 33 50.540  0.00   1
   102755  40.435343 -124.601978    24.159   -31346.9   -12757.8     2732.2      9.9     14.2     32.0 2021  9 30 19 10  2.220  0.00   1
   102756  40.434591 -124.602075    24.237   -31355.4   -12841.4     2809.8      8.2     10.9     33.3 2021 10  8 23 40 58.400  0.00   1
   102759  40.434607 -124.602051    24.227   -31353.3   -12839.6     2799.4      6.1      7.3     27.6 2021 11  4  9  5 14.280  0.00   1
   102761  40.434611 -124.602043    24.215   -31352.6   -12839.2     2787.9      9.1     10.2     34.9 2021 12  9 20 12 36.400  0.00   1
   102763  40.434607 -124.602043    24.217   -31352.6   -12839.6     2789.4      8.3     10.4     30.7 2021 12 18  5 17 48.600  0.00   1
   102764  40.434603 -124.602100    24.229   -31357.4   -12840.1     2801.7      7.4      8.5     24.9 2021 12 20  7 12 18.880  0.00   1
   102768  40.428723 -124.604134    24.951   -31531.3   -13493.0     3523.6     24.6     48.7     60.0 2022  2 24 23 18 18.200  0.00   1
   102773  40.434595 -124.602116    24.234   -31358.8   -12841.0     2807.2      8.8      9.6     28.9 2022  4 10 14  1 19.800  0.00   1
   102775  40.435327 -124.601994    24.161   -31348.3   -12759.6     2733.9     10.1     14.3     32.6 2022  5 12 21 39 49.620  0.00   1
   102776  40.434660 -124.601221    24.240   -31282.9   -12833.7     2812.4     15.0      7.6     22.7 2022  5 15 21 30 42.600  0.00   1
   102777  40.434591 -124.602417    24.221   -31384.4   -12841.4     2793.3     12.3     13.5     39.1 2022  6  2  9 50 27.060  0.00   1
   102778  40.431543 -124.604215    24.674   -31537.5   -13179.9     3247.2     22.7     24.6     44.8 2022  6 17  0 59 30.760  0.00   1
   102780  40.434607 -124.601921    24.226   -31342.3   -12839.6     2799.0      7.6      8.7     25.6 2022  7 21  2 41 31.540  0.00   1
   102781  40.434603 -124.602051    24.218   -31353.3   -12840.1     2790.9      8.6     10.7     30.0 2022  7 28  9 22  9.400  0.00   1
   102783  40.434924 -124.602116    24.217   -31358.7   -12804.4     2789.6     11.8     17.9     54.7 2022  8 24 18 40  2.660  0.00   1
   102785  40.434094 -124.599878    23.608   -31169.2   -12896.6     2180.8     86.9    123.7    110.2 2022  8 29 10  0 58.040  0.00   1
   102786  40.434648 -124.602157    24.191   -31362.3   -12835.1     2763.4     15.1     13.2     74.4 2022  9 18 15 28 46.440  0.00   1
   102787  40.434611 -124.602059    24.222   -31354.0   -12839.2     2795.1     11.8     12.8     56.2 2022 10  2 19 33 34.380  0.00   1
   102789  40.434587 -124.602238    24.223   -31369.2   -12841.9     2795.8     11.6     13.0     38.5 2022 10 17  4 45 23.620  0.00   1
   102790  40.434619 -124.602091    24.204   -31356.8   -12838.3     2776.4      8.1      9.0     43.6 2022 10 19 22 24 12.120  0.00   1
   102792  40.434623 -124.602108    24.218   -31358.1   -12837.8     2791.2      8.6      8.5     49.2 2022 11  4 23 19 49.560  0.00   1
   102793  40.434623 -124.602083    24.215   -31356.1   -12837.8     2787.3     14.0      9.1     76.5 2022 11 28  6 17 43.580  0.00   1
   102871  40.524524 -124.420744    23.446   -15972.0    -2854.8     2018.6     38.5     41.7     65.0 2021 12 21 11 40 42.620  0.00   1
   102873  40.526070 -124.419043    23.306   -15827.7    -2683.1     1878.5     39.4     38.5     65.9 2021 12 27  5 28 17.460  0.00   1
   102877  40.518306 -124.413786    23.956   -15383.2    -3545.2     2528.9     31.3     38.8     36.4 2022 11 12  9 39  9.180  0.00   1
   102881  40.576009 -123.889404    22.707    29032.4     2862.4     1279.9     49.3     49.1     49.1 2020  6  5  7 17 17.540  0.00   1
   102882  40.589323 -123.897607    22.088    28334.9     4340.9      660.8     51.5     52.9     56.6 2021  8 31 10  1 55.460  0.00   1
   102884  40.587911 -123.893368    22.621    28694.2     4184.1     1194.2     36.7     40.1     39.8 2022  7  8 14 14 25.800  0.00   1
   102885  40.572799 -123.881795    22.467    29677.5     2505.9     1039.3     42.4     41.5     48.9 2022 10 15  6 34 45.100  0.00   1
   102906  40.550814 -124.492578    22.637   -22053.6       64.6     1209.9     59.4     49.1    105.4 2020  1  8  5 26 50.000  0.00   1
   102908  40.550004 -124.498462    23.890   -22552.1      -25.3     2463.2     56.5     48.0     49.7 2020 10 11 20 54  2.280  0.00   1
   102909  40.543339 -124.505021    27.346   -23108.8     -765.4     5918.4     59.3     55.3     99.3 2021  4 28 19 33 47.460  0.00   1
   102910  40.548307 -124.498234    24.591   -22533.1     -213.7     3163.7     61.3     51.2    144.4 2021  6 12  7 57 57.640  0.00   1
   102911  40.545068 -124.506429    25.078   -23227.8     -573.4     3650.9     46.6     45.6    112.5 2021  6 22  2 52 24.640  0.00   1
   102915  40.544999 -124.506396    25.286   -23225.0     -581.1     3858.7     45.8     44.8     96.5 2021 11 28 13  7  4.440  0.00   1
   102916  40.548486 -124.501815    23.884   -22836.3     -193.8     2456.5     52.0     45.7     34.4 2021 12 21 13 58 37.080  0.00   1
   102917  40.550492 -124.497201    23.869   -22445.1       28.9     2441.9     57.4     48.3     50.6 2021 12 21  8 24 22.960  0.00   1
   103853  40.620955 -123.941593    21.871    24604.4     7853.5      443.4     38.2     39.1     59.3 2020  1 15 17  9  9.680  0.00   1
   103854  40.618726 -123.947209    21.439    24129.4     7605.9       11.6     25.1     30.2     38.3 2020  9  6  8  2 35.820  0.00   1
   103855  40.624679 -123.949642    21.446    23922.3     8267.0       18.5     36.7     32.4     42.3 2021 11 17  1 30  5.520  0.00   1
   103856  40.622982 -123.947648    21.522    24091.4     8078.5       95.2     40.5     18.7     47.8 2022  1 29  9  3 15.000  0.00   1
   103857  40.622119 -123.945483    21.702    24274.8     7982.7      274.8     35.3     24.9     44.8 2022  5 22  1 31 29.140  0.00   1
   103859  40.624797 -123.949821    21.429    23907.1     8280.1        1.3     38.0     33.1     42.7 2022  5 23  3 58 56.800  0.00   1
   103861  40.621257 -123.947835    21.567    24075.9     7887.0      140.2     28.4     13.0     34.1 2022  7 27 10 38  4.700  0.00   1
   103862  40.622074 -123.947917    21.564    24068.8     7977.8      137.0     29.3     21.6     34.3 2022 11 17 16  3 25.080  0.00   1
   103863  40.620813 -123.944987    21.723    24317.1     7837.7      295.7     44.8     21.9     46.5 2022 11 20 23 28 37.040  0.00   1
   103948  40.582475 -123.921265    25.780    26332.9     3580.4     4353.2     52.9     27.7     33.7 2020  7 15 23 27 17.180  0.00   1
   103949  40.582198 -123.922217    25.783    26252.3     3549.7     4355.3     54.7     28.7     33.9 2020  7 15 23 27  7.480  0.00   1
   103953  40.586007 -123.921956    25.392    26273.6     3972.6     3964.3     49.5     21.7     44.1 2021  6 28 22 30 49.640  0.00   1
   103955  40.588737 -123.917480    25.794    26652.1     4275.8     4366.5     54.6     35.8     43.7 2021  8 18 13 15  3.800  0.00   1
   103957  40.584359 -123.911768    25.803    27136.8     3789.6     4375.6     31.3     22.6     37.0 2021  9 30  0  5  3.500  0.00   1
   103958  40.584688 -123.911149    25.756    27189.1     3826.2     4329.2     30.8     21.9     35.7 2021 10 16 22 17 33.780  0.00   1
   103963  40.584444 -123.909709    25.887    27311.1     3799.1     4459.5     41.9     23.4     39.3 2022 10  3  1 19 38.240  0.00   1
   104037  40.619902 -124.312850    19.652    -6826.3     7736.5    -1775.6     40.4     19.4     38.1 2020  3 23  9 10 34.260  0.00   1
   104039  40.620805 -124.314502    20.015    -6966.1     7836.8    -1412.3     25.8     21.9     92.6 2020  3 31  1 10 40.520  0.00   1
   104040  40.620959 -124.314941    19.961    -7003.3     7854.0    -1466.3     26.7     19.8     36.9 2020 12 20  9 55 52.280  0.00   1
   104042  40.620947 -124.315096    19.968    -7016.4     7852.6    -1459.2     26.3     27.6     45.4 2020 12 20 10 47 46.800  0.00   1
   104043  40.621179 -124.313590    20.434    -6889.0     7878.4     -993.7     26.0     21.4     54.7 2020 12 20 10 15 13.920  0.00   1
   104047  40.623617 -124.322339    18.783    -7629.5     8149.0    -2644.7     54.9     38.2    120.2 2021  4 20 22 55  3.440  0.00   1
   104048  40.621468 -124.325057    17.709    -7859.7     7910.4    -3718.3     42.1     37.9     78.8 2021  4 24 18 32 32.740  0.00   1
   104049  40.620646 -124.314526    19.990    -6968.2     7819.2    -1437.4     33.8     26.2     50.8 2021  6 29 21  7 22.600  0.00   1
   104052  40.620658 -124.314225    20.002    -6942.7     7820.5    -1425.4     23.6     18.5     97.7 2021  7  2  7 55 22.400  0.00   1
   104053  40.617497 -124.312785    20.930    -6820.9     7469.4     -497.6     34.8     32.9     66.3 2021  7  3 16 38 35.240  0.00   1
   104054  40.620581 -124.313997    19.998    -6923.4     7811.9    -1428.8     38.6     21.6     30.6 2021  7 14 14 46 21.240  0.00   1
   104055  40.620581 -124.315153    19.947    -7021.3     7811.9    -1480.0     22.4     20.0     38.9 2021  9 17 10  9 30.180  0.00   1
   104056  40.619889 -124.312077    19.822    -6760.9     7735.1    -1605.6     37.8     25.4     36.5 2021 11 18  9 48  5.620  0.00   1
   104060  40.619885 -124.312077    19.829    -6760.9     7734.7    -1598.2     37.1     25.1     36.2 2022  4 14 20  4 26.860  0.00   1
   104061  40.620870 -124.314917    19.988    -7001.3     7844.0    -1438.9     36.2     22.2     31.5 2022  6 16 20 44 53.720  0.00   1
   104064  40.619893 -124.312109    19.806    -6763.6     7735.6    -1621.5     37.3     24.9     36.8 2022 10 23 23 59  6.320  0.00   1
   104510  40.562712 -124.131177    22.453     8557.9     1385.8     1025.8     46.9     31.9     40.4 2020  1 21 18 16 13.040  0.00   1
   104905  40.509233 -124.417277    25.029   -15680.1    -4552.8     3602.1     36.7     23.8     60.3 2020  6 22 15 25 24.880  0.00   1
   104911  40.511446 -124.419849    24.211   -15897.7    -4307.0     2784.0     24.3     19.2     49.8 2021  5 20 19 21 47.940  0.00   1
   104917  40.508443 -124.421549    24.397   -16042.2    -4640.4     2970.1     21.2     31.8     45.4 2021  9 17 15 11 51.640  0.00   1
   104918  40.508403 -124.421932    24.470   -16074.6    -4645.0     3042.8     21.8     18.4     44.1 2021 10  5 18 21 58.320  0.00   1
   104919  40.509269 -124.421224    24.164   -16014.5    -4548.7     2736.6     29.8     29.2     59.1 2021 10 16  3 19 23.200  0.00   1
   104923  40.508728 -124.421403    24.358   -16029.7    -4608.8     2931.1     37.5     30.6     54.4 2021 12 22  5 52  2.020  0.00   1
   104928  40.511446 -124.419889    24.207   -15901.1    -4307.0     2779.6     24.3     19.5     50.0 2022  1 30  2  6 57.660  0.00   1
   104932  40.511426 -124.419906    24.210   -15902.5    -4309.2     2782.8     24.1     19.2     50.1 2022  3  5  0 58 53.080  0.00   1
   104936  40.511389 -124.419995    24.218   -15910.1    -4313.3     2790.5     23.6     18.2     50.5 2022  7 27  2 17 47.560  0.00   1
   104940  40.519194 -124.493050    15.814   -22098.7    -3446.7    -5613.4     39.9     50.9    113.6 2020  1 27  9 51 13.860  0.00   1
   104941  40.518913 -124.492708    15.831   -22069.8    -3477.8    -5595.8     28.7     31.6     56.4 2020  2 20  6 32 59.280  0.00   1
   104942  40.519218 -124.492887    15.763   -22084.9    -3444.0    -5664.6     30.0     34.2     61.2 2020  4  6  9 21 20.960  0.00   1
   104943  40.518490 -124.491740    15.862   -21987.8    -3524.8    -5565.4     28.1     34.7     57.1 2020 12 17 16 41  8.520  0.00   1
   104944  40.516976 -124.488403    18.153   -21705.4    -3692.9    -3273.8     90.4    123.8    215.2 2020 12 19 14 18 19.400  0.00   1
   104945  40.518534 -124.498242    16.496   -22538.7    -3519.9    -4931.6     33.5     51.8    106.9 2021  5 24  0 40 45.520  0.00   1
   104946  40.518542 -124.498389    16.602   -22551.1    -3519.0    -4825.5     26.2     49.0     95.6 2021 11  6  3 38 12.480  0.00   1
   105067  40.735738 -123.937541    23.142    24926.2    20599.6     1714.4     59.9     35.6     49.7 2020  1 29 17 29  4.280  0.00   1
   105385  40.551278 -123.972526    21.423    21997.0      116.1       -4.4     41.2     37.2     15.6 2021  4  1  4 46 23.960  0.00   1
   105390  40.603027 -123.979924    21.684    21362.2     5862.7      257.2     53.7     33.9     59.1 2021  5 23 15 44  5.100  0.00   1
   105391  40.602885 -123.977783    21.624    21543.4     5846.9      197.1     53.8     35.1     56.4 2021  6 30  5 49 47.860  0.00   1
   105468  40.662675 -123.997241    26.826    19887.0    12486.3     5398.9    121.8     86.3    163.8 2021 12 21  1 32 33.780  0.00   1
   105476  40.759489 -123.868083    20.664    30796.1    23237.0     -763.0     39.4     22.9     40.7 2021  4 17 11 13 27.660  0.00   1
   105477  40.756254 -123.866862    20.810    30900.1    22877.8     -617.5     41.9     36.7     70.8 2021  5 16 18 21  8.560  0.00   1
   105483  40.759493 -123.868075    20.664    30796.8    23237.5     -763.3     40.2     23.6     40.7 2022  5  4  3 34 42.980  0.00   1
   105706  40.593050 -124.052083    22.240    15253.4     4754.8      812.8     37.9     22.2     29.2 2020  2  8  2 28 57.160  0.00   1
   105713  40.598307 -124.048706    22.498    15538.8     5338.5     1070.5     31.7     20.3     34.8 2021  8 21  3 33 28.140  0.00   1
   105954  40.545821 -124.064966    19.658    14167.5     -489.8    -1769.4     22.6     24.6     27.6 2020  2  8 19 52 44.320  0.00   1
   105955  40.543848 -124.066243    19.492    14059.5     -708.9    -1935.0     22.9     30.4     28.3 2020  2 23  1  6 17.520  0.00   1
   105956  40.544080 -124.062272    19.921    14395.9     -683.2    -1506.3     33.7     28.1     33.1 2020 10 23 10 31 25.740  0.00   1
   105957  40.544096 -124.062297    19.919    14393.8     -681.4    -1508.4     33.5     27.8     32.9 2021  2 19 15  2  5.840  0.00   1
   105958  40.544063 -124.062223    19.923    14400.0     -685.0    -1503.9     33.7     28.3     33.1 2021  7 27 12 42 23.820  0.00   1
   105960  40.543656 -124.066309    19.473    14054.0     -730.2    -1954.6     20.5     30.2     27.9 2021  9  6  1 57 48.460  0.00   1
   105961  40.544657 -124.061678    19.951    14446.1     -619.0    -1476.0     51.0     31.2     49.9 2021 10 30 15 54 35.980  0.00   1
   106005  40.591675 -124.083659    19.287    12579.8     4602.0    -2140.3     35.5     25.0     26.6 2020  4 19 13  8 57.480  0.00   1
   106006  40.594600 -124.084351    19.131    12521.0     4926.9    -2296.2     86.0     39.4     52.2 2020  6  7 18 47 39.820  0.00   1
   106007  40.591805 -124.082764    19.460    12655.6     4616.5    -1967.3     56.0     31.4     39.5 2020  7 20 16 45 35.520  0.00   1
   106008  40.592936 -124.084993    19.357    12466.7     4742.1    -2070.2     27.6     17.4     27.8 2021 11 25 11 31 45.620  0.00   1
   106009  40.594845 -124.086051    19.053    12376.9     4954.0    -2374.6     37.3     22.5     35.4 2022  1 31  2 46 32.380  0.00   1
   106065  40.533769 -124.385929    25.431   -13021.6    -1828.2     4003.8     49.7     42.6     58.8 2020  2 11 17 54 25.540  0.00   1
   106069  40.502291 -124.450505    16.030   -18496.4    -5323.6    -5397.6     27.9     26.1     51.3 2021  7 22 12 38 41.980  0.00   1
   106070  40.503369 -124.446859    16.168   -18187.3    -5203.9    -5258.8     30.9     27.0     55.6 2021  8 21  7 21 12.600  0.00   1
   106079  40.639290 -123.987467    25.805    20717.8     9889.5     4377.6     36.2     21.2     41.3 2020  2 13 23  7 46.880  0.00   1
   106080  40.642765 -123.975228    27.820    21753.3    10275.4     6392.9     98.0     79.3    163.2 2020  2 27  1  9  9.980  0.00   1
   106081  40.640063 -123.988639    26.452    20618.5     9975.4     5024.7     36.9     23.7     61.7 2020  6 29  6 46  6.840  0.00   1
   106082  40.637663 -123.975374    25.659    21741.8     9708.8     4231.5     81.3     55.3    112.4 2021 11 14 16 50 17.560  0.00   1
   106083  40.639421 -123.987614    25.859    20705.4     9904.0     4431.7     32.5     20.2     37.0 2022  2 10  2 19 50.980  0.00   1
   106084  40.639388 -123.987590    25.821    20707.5     9900.4     4393.8     41.2     24.8     45.3 2022  6  3  6  4  3.860  0.00   1
   106096  40.583366 -124.202002    21.167     2558.8     3679.4     -260.6     66.6     32.2     41.9 2021 11  2  4 49 56.460  0.00   1
   106102  40.516357 -124.418197    19.687   -15757.2    -3761.6    -1740.5     24.8     30.3     29.6 2022  7  6 11 29  4.460  0.00   1
   106103  40.516231 -124.418245    19.659   -15761.3    -3775.6    -1768.7     25.2     29.6     44.0 2022  8 16  8  0  8.060  0.00   1
   106104  40.515999 -124.417847    19.557   -15727.5    -3801.4    -1870.3     23.0     28.5     38.8 2022  8 29 21 57 39.860  0.00   1
   106135  40.553625 -124.211377    17.195     1765.3      376.8    -4231.9     77.1     25.3     35.0 2021  9 13  0  4  6.120  0.00   1
   106440  40.560002 -124.051733    22.779    15286.8     1084.9     1351.4     15.5     14.8     18.4 2021  9  4  5 13 46.140  0.00   1
   106496  40.593319 -124.106844    19.579    10616.4     4784.6    -1848.5     34.6     26.3     35.0 2021  8 27  1 44  5.160  0.00   1
   106497  40.590690 -124.104712    19.887    10797.1     4492.7    -1540.7     30.4     27.2     33.5 2021 11 30  0 51 56.760  0.00   1
   106499  40.591549 -124.105493    19.756    10730.9     4588.0    -1671.1     31.6     30.8     38.1 2022  1  8 11 15 11.920  0.00   1
   106609  40.613037 -123.848275    29.154    32506.6     6974.2     7727.0     64.8     40.7     64.8 2020  2 20 17 26 49.040  0.00   1
   106610  40.610116 -123.848348    27.501    32501.1     6649.8     6074.0     29.9     26.6     22.8 2020  7 17 16 58  8.720  0.00   1
   106612  40.606958 -123.837508    27.635    33419.7     6299.2     6207.9     45.9     35.2     36.5 2021 11 24  2 11 55.300  0.00   1
   106613  40.610140 -123.847249    27.509    32594.2     6652.5     6081.3     32.8     24.9     22.8 2022  5 21  1 58 58.180  0.00   1
   106614  40.511768 -124.414624    21.343   -15455.0    -4271.3      -84.3     27.5     37.6     55.4 2020  2 21 12  1 53.080  0.00   1
   106677  40.575228 -124.075000    19.489    13314.6     2775.7    -1938.3     30.8     27.7     30.5 2020  2 22  2  3 27.180  0.00   1
   106678  40.574756 -124.071102    19.882    13644.8     2723.3    -1545.5     48.1     37.5     43.8 2021  2 19 10 17 53.000  0.00   1
   106679  40.575073 -124.072770    19.726    13503.5     2758.5    -1701.2     38.7     29.7     30.0 2022  1 22 18 50  2.840  0.00   1
   106849  40.550822 -123.978923    21.283    21455.2       65.5     -144.6     18.8     13.8     21.0 2020  2 25 10 41 25.500  0.00   1
   106850  40.549023 -123.973682    21.510    21899.4     -134.2       83.2     25.7     28.2     23.7 2020  6 21 16  9 47.640  0.00   1
   106852  40.548482 -123.972673    21.666    21985.0     -194.3      238.8     21.7     17.9     32.4 2021  6 16 14  0 25.980  0.00   1
   106853  40.548263 -123.973315    21.550    21930.6     -218.7      123.1     23.3     26.4     31.9 2021  6 17 11 40 36.000  0.00   1
   106855  40.549430 -123.974935    21.458    21793.2      -89.0       30.7     19.9     27.0     21.6 2022  9 27  4 34 50.860  0.00   1
   106908  40.622616 -124.301693    20.231    -5881.6     8037.9    -1196.7     31.5     21.7     78.9 2021  4  2 11 45  2.260  0.00   1
   106909  40.622799 -124.297363    19.762    -5515.1     8058.2    -1665.1     50.2     16.0    135.1 2021  4  7  1 55 18.100  0.00   1
   106910  40.620776 -124.304948    20.474    -6157.3     7833.6     -953.2     33.7     24.8     58.2 2021 10 17 14 20 53.460  0.00   1
   106916  40.622864 -124.293498    19.417    -5187.8     8065.4    -2010.1     47.9     20.0     39.3 2022  7 14  7 38  2.880  0.00   1
   106917  40.505880 -124.332568    18.076    -8502.9    -4925.1    -3350.2     29.3     34.0     44.8 2020  2 29  6 25 39.720  0.00   1
   106919  40.507349 -124.336353    17.916    -8823.4    -4762.0    -3511.3     23.9     21.2     31.9 2020  6 25 12 39 13.840  0.00   1
   106920  40.507345 -124.336320    17.916    -8820.7    -4762.4    -3511.3     23.9     21.3     31.8 2020  6 26 13 51 55.760  0.00   1
   106921  40.507345 -124.336353    17.913    -8823.4    -4762.4    -3514.7     23.6     21.0     31.9 2020  6 27  9  8 18.860  0.00   1
   106924  40.501595 -124.328101    18.815    -8124.6    -5400.9    -2612.3     30.3     28.9     31.3 2020  7 15 15 49 31.760  0.00   1
   106925  40.507345 -124.336361    17.912    -8824.1    -4762.4    -3515.4     23.4     20.9     32.0 2020  7 15  2 55 13.780  0.00   1
   106926  40.499927 -124.324674    19.149    -7834.4    -5586.2    -2278.6     47.0     24.0     49.3 2020  7 15  5  0 39.940  0.00   1
   106927  40.507340 -124.336328    17.918    -8821.4    -4762.9    -3509.3     24.1     21.4     31.8 2020  7 15 19 40 35.320  0.00   1
   106930  40.507349 -124.336336    17.917    -8822.1    -4762.0    -3510.1     24.0     21.4     31.7 2020  7 16 16  0 18.620  0.00   1
   106931  40.499915 -124.324569    19.166    -7825.4    -5587.5    -2261.3     47.2     23.9     49.6 2020  7 16 12 26  9.680  0.00   1
   106933  40.507784 -124.337573    18.528    -8926.8    -4713.6    -2899.6     20.0     19.0     24.3 2020 11 20 17 12 56.060  0.00   1
   106934  40.507430 -124.335303    17.965    -8734.5    -4753.0    -3462.1     21.6     25.8     35.1 2021  5 12 18 32 23.080  0.00   1
   106937  40.508256 -124.335905    18.710    -8785.5    -4661.2    -2717.4     14.8     14.9     17.0 2021  7 11  5  6 12.560  0.00   1
   106939  40.508215 -124.335946    18.728    -8788.9    -4665.7    -2699.4     15.5     13.8     19.1 2021  7 11  7 17 55.760  0.00   1
   106940  40.508105 -124.335905    18.735    -8785.5    -4677.9    -2692.6     16.4     16.7     16.1 2021  7 11  4 14 40.000  0.00   1
   106941  40.508191 -124.336011    18.739    -8794.4    -4668.5    -2688.0     14.8     14.4     15.9 2021  7 11  3 36 34.760  0.00   1
   106942  40.508207 -124.335848    18.709    -8780.6    -4666.7    -2718.5     15.0     13.4     18.0 2021  7 11  2 14  1.880  0.00   1
   106943  40.508228 -124.335864    18.708    -8782.0    -4664.4    -2719.1     15.2     15.3     16.0 2021  7 11  7 49 35.560  0.00   1
   106944  40.508008 -124.335693    18.732    -8767.5    -4688.8    -2695.4     15.5     12.6     17.1 2021  7 12  6 52 59.100  0.00   1
   106945  40.508293 -124.335905    18.698    -8785.4    -4657.2    -2728.9     14.5     16.0     14.8 2021  7 12  7 38 34.800  0.00   1
   106947  40.508244 -124.335954    18.722    -8789.6    -4662.6    -2704.8     15.2     14.1     18.7 2021  7 12  6 52  5.820  0.00   1
   106948  40.507926 -124.335311    18.717    -8735.1    -4697.8    -2710.3     15.5     15.6     16.4 2021  7 12  6 57 12.740  0.00   1
   106949  40.508264 -124.335913    18.710    -8786.1    -4660.3    -2717.5     14.7     14.9     16.7 2021  7 12  6 51 15.180  0.00   1
   106950  40.508150 -124.335758    18.707    -8773.0    -4673.0    -2720.4     14.8     13.2     18.9 2021  7 12 22 18 34.740  0.00   1
   106951  40.508248 -124.335913    18.709    -8786.1    -4662.1    -2718.6     15.1     15.1     17.0 2021  7 12  8 58 54.960  0.00   1
   106952  40.508260 -124.335954    18.720    -8789.6    -4660.8    -2706.8     14.8     13.9     18.1 2021  7 12  8 46 32.680  0.00   1
   106953  40.508081 -124.335864    18.731    -8782.0    -4680.7    -2696.6     16.6     17.2     16.7 2021  7 12  6 48 36.980  0.00   1
   106954  40.508264 -124.335921    18.711    -8786.8    -4660.3    -2716.7     14.9     14.8     16.8 2021  7 12  6 58 19.680  0.00   1
   106959  40.508219 -124.335921    18.717    -8786.8    -4665.3    -2710.7     15.5     15.2     17.4 2021  7 12 15 18 57.120  0.00   1
   106960  40.508207 -124.335913    18.724    -8786.1    -4666.7    -2703.5     15.5     14.4     17.6 2021  7 12 12 15  8.320  0.00   1
   106961  40.508089 -124.335978    18.756    -8791.7    -4679.8    -2671.4     15.9     15.4     16.6 2021  7 12  7 42 57.140  0.00   1
   106962  40.508073 -124.335775    18.730    -8774.4    -4681.6    -2697.0     15.4     13.3     17.2 2021  7 12  8  3  8.480  0.00   1
   106964  40.508199 -124.335954    18.724    -8789.6    -4667.6    -2703.7     15.2     15.6     15.0 2021  7 12  5 33 43.540  0.00   1
   106965  40.508110 -124.335840    18.733    -8779.9    -4677.5    -2694.0     15.5     13.2     16.8 2021  7 12  8 56 41.260  0.00   1
   106967  40.508244 -124.335954    18.722    -8789.6    -4662.6    -2705.1     15.3     14.3     18.3 2021  7 13  3 34 41.120  0.00   1
   106968  40.508260 -124.335946    18.718    -8788.9    -4660.8    -2708.9     15.2     13.8     18.0 2021  7 13 11  0 10.880  0.00   1
   106970  40.507357 -124.334562    18.786    -8671.7    -4761.1    -2641.7     19.2     14.5     16.4 2021  7 15 17 56 38.860  0.00   1
   106971  40.507275 -124.334465    18.727    -8663.5    -4770.1    -2700.3     19.0     14.2     17.3 2021  7 24 15 17 23.680  0.00   1
   106974  40.508171 -124.335970    18.718    -8791.0    -4670.7    -2709.6     14.0     12.6     20.2 2021 12 20 23 45 33.300  0.00   1
   106975  40.504533 -124.328613    18.933    -8167.8    -5074.7    -2493.8     26.9     23.5     30.9 2021 12 20 21 54 42.040  0.00   1
   106977  40.509644 -124.333667    17.807    -8595.7    -4507.2    -3619.9     23.5     26.2     30.7 2021 12 21 12 29 57.320  0.00   1
   106978  40.504065 -124.331112    18.668    -8379.6    -5126.6    -2759.6     25.6     27.7     40.7 2021 12 22  7  9  8.260  0.00   1
   106979  40.505273 -124.330672    18.614    -8342.3    -4992.4    -2813.0     24.4     24.0     27.8 2021 12 22 17  4 29.540  0.00   1
   106983  40.504472 -124.328304    19.085    -8141.6    -5081.4    -2342.1     25.2     23.9     25.4 2021 12 23 19 43 35.140  0.00   1
   106984  40.507190 -124.328866    18.632    -8189.1    -4779.6    -2795.4     28.3     12.9     19.5 2021 12 23  6 28 39.440  0.00   1
   106986  40.508419 -124.335970    18.750    -8791.0    -4643.2    -2677.2     14.3     11.6     18.1 2021 12 25  0 41  6.140  0.00   1
   106988  40.506885 -124.331828    18.350    -8440.1    -4813.5    -3077.7     23.2     20.4     25.9 2021 12 31  7 30 11.740  0.00   1
   106989  40.506930 -124.334920    18.855    -8702.1    -4808.5    -2572.4     17.2     14.5     16.4 2022  1  2 19  6  3.500  0.00   1
   106990  40.507182 -124.328857    18.626    -8188.4    -4780.5    -2801.0     28.6     13.0     19.7 2022  1  2 18 43 27.640  0.00   1
   106991  40.506986 -124.330688    18.698    -8343.5    -4802.2    -2728.9     27.0     24.5     28.5 2022  1 29  0 56  4.940  0.00   1
   106992  40.506816 -124.332788    18.488    -8521.4    -4821.2    -2939.6     19.8     21.4     27.2 2022  2 20  7 55 33.920  0.00   1
   106993  40.507756 -124.330998    18.604    -8369.7    -4716.8    -2823.1     35.1     24.6     30.2 2022  4 11  8 48 35.180  0.00   1
   106995  40.508167 -124.335856    18.722    -8781.3    -4671.2    -2705.5     16.6     15.6     17.9 2022  5 14  5 11 24.580  0.00   1
   106996  40.508219 -124.335946    18.695    -8788.9    -4665.3    -2732.3     13.6     13.1     17.7 2022  5 21 19  6 31.100  0.00   1
   106997  40.507308 -124.328117    18.623    -8125.6    -4766.5    -2804.0     34.2     12.9     21.6 2022  7 18  4 14 31.760  0.00   1
   107286  40.596041 -124.015723    22.777    18332.0     5086.9     1349.7     18.5     17.2     19.4 2020  4 12 17 13 25.640  0.00   1
   107287  40.592639 -124.011458    22.946    18693.5     4709.1     1519.0     20.9     23.2     16.7 2020  4 18 11  7 43.200  0.00   1
   107288  40.593787 -124.012174    22.863    18632.7     4836.5     1435.6     22.9     14.6     17.5 2020 11 20  1 42 41.040  0.00   1
   107289  40.592310 -124.011922    22.965    18654.3     4672.5     1537.3     17.9     26.1     17.4 2020 11 20  1 23 58.260  0.00   1
   107290  40.592004 -124.012004    22.963    18647.4     4638.6     1535.5     21.7     26.4     18.3 2020 11 20  1 20 56.960  0.00   1
   107291  40.592688 -124.011043    23.019    18728.6     4714.5     1592.2     17.2     22.1     18.5 2020 11 20  7  8 23.000  0.00   1
   107292  40.595256 -124.013818    22.782    18493.3     4999.7     1354.3     21.3     16.6     19.0 2021 11 14 17  4  4.680  0.00   1
   107293  40.594393 -124.012720    22.863    18586.5     4903.9     1435.6     17.7     12.6     13.9 2021 12  5 10 31 19.440  0.00   1
   107297  40.591720 -124.013859    22.923    18490.3     4607.0     1496.0     16.4     30.6     22.9 2022  1 27  3  6  7.800  0.00   1
   107337  40.505225 -124.426912    23.958   -16497.0    -4997.9     2530.9     36.4     53.2     59.0 2020  3  7  9 53 50.140  0.00   1
   107338  40.494617 -124.451034    26.682   -18542.3    -6175.8     5255.0     45.9     36.0     61.8 2020  9 23 15 27 24.660  0.00   1
   107341  40.493400 -124.442204    25.509   -17794.2    -6310.9     4081.3     40.0     50.4     46.3 2022  5  3 13  8 48.100  0.00   1
   107359  40.530261 -124.383545    25.303   -12819.9    -2217.7     3876.2     34.3     22.6     44.9 2021 12 20 22 54  5.520  0.00   1
   107361  40.526530 -124.383903    23.970   -12850.6    -2632.0     2542.3     69.7     34.6     43.8 2021 12 20 21 57 14.080  0.00   1
   107370  40.471672 -124.534375    25.322   -25608.9    -8723.8     3894.3     28.6     73.3     81.4 2021 11 16  4 40 39.460  0.00   1
   107371  40.475435 -124.529199    23.510   -25169.6    -8305.8     2082.5     34.4     61.1     65.1 2022  4  3 19 28  4.080  0.00   1
   107574  40.472827 -124.428459    19.715   -16632.0    -8595.4    -1712.2     25.4     33.8     32.3 2020  3 11 22 47 36.760  0.00   1
   107579  40.472937 -124.428825    19.639   -16663.0    -8583.2    -1788.6     29.3     28.8     30.4 2021  9 21 12 24 42.300  0.00   1
   107580  40.473527 -124.429614    19.516   -16729.8    -8517.7    -1910.9     22.3     33.3     34.7 2021 10 16  2 20 43.560  0.00   1
   107582  40.473214 -124.442041    19.438   -17783.1    -8552.5    -1989.5     38.9     40.6     70.2 2022  2  5  7 43 32.760  0.00   1
   107583  40.472693 -124.430062    19.021   -16767.9    -8610.4    -2406.1     42.3     38.0     51.8 2022  2 19 19 28 29.060  0.00   1
   107584  40.467851 -124.428825    19.689   -16663.6    -9148.1    -1738.3     37.4     39.1     40.0 2022  2 21 15 20 50.320  0.00   1
   107585  40.467769 -124.428784    19.751   -16660.2    -9157.1    -1676.4     37.6     40.1     39.9 2022  3  8 13 52  8.680  0.00   1
   107586  40.472420 -124.426636    19.877   -16477.5    -8640.6    -1550.2     25.9     33.3     28.4 2022  3 17  5 45 51.800  0.00   1
   107609  40.573726 -123.954403    21.598    23528.2     2609.0      171.2     26.0     27.4     29.8 2021 12 25 22 49 23.520  0.00   1
   107620  40.502950 -124.505029    26.825   -23116.4    -5250.4     5398.1     15.6     22.2     30.5 2020  3 20 11 54 38.000  0.00   1
   107621  40.502344 -124.504679    27.095   -23086.9    -5317.8     5668.1     16.1     14.6     33.3 2020  3 20 22 28 21.200  0.00   1
   107622  40.502079 -124.504224    27.092   -23048.3    -5347.1     5665.1     12.6     23.0     23.1 2020  3 21 20 18  7.640  0.00   1
   107623  40.502043 -124.503914    27.133   -23022.1    -5351.2     5705.8     12.6     20.9     18.8 2020  3 21 19  0  1.520  0.00   1
   107626  40.502641 -124.506209    26.855   -23216.5    -5284.8     5427.5     29.3     25.5     24.7 2020  4 18 11  0 19.100  0.00   1
   107627  40.501803 -124.502230    28.137   -22879.4    -5377.9     6709.8     29.3     37.4     39.5 2020  4 29 15  5 11.240  0.00   1
   107635  40.502169 -124.503866    27.124   -23017.9    -5337.2     5696.4     10.6     18.9     20.4 2021  6 23  5 14 47.320  0.00   1
   107636  40.502083 -124.504639    27.155   -23083.5    -5346.7     5727.5     15.5     18.5     26.4 2021  6 27 15 30 22.300  0.00   1
   107638  40.502393 -124.504256    26.995   -23051.0    -5312.3     5567.5     20.1     21.6     29.7 2021  8 29 17 32  5.980  0.00   1
   107639  40.503593 -124.504036    27.175   -23032.2    -5179.0     5747.9     37.2     51.6     58.3 2021  9  1  5  5 36.660  0.00   1
   107641  40.502100 -124.504663    27.156   -23085.5    -5344.9     5729.2     15.6     17.5     26.1 2021 10  7 19  8 24.060  0.00   1
   107644  40.501961 -124.501782    27.543   -22841.4    -5360.2     6115.9     18.7     21.2     28.1 2021 10 30 23 40 23.100  0.00   1
   107645  40.502625 -124.506250    26.848   -23219.9    -5286.6     5420.4     29.7     25.8     25.2 2021 11 20  8 44 57.940  0.00   1
   107648  40.502067 -124.504598    27.146   -23080.0    -5348.5     5719.0     15.3     19.4     27.2 2021 12 18  8 55  3.900  0.00   1
   107651  40.502600 -124.503507    26.944   -22987.5    -5289.3     5516.8     26.0     25.7     22.7 2022  1 12 11 34 59.600  0.00   1
   107654  40.501733 -124.502197    27.611   -22876.7    -5385.5     6184.0     18.3     33.9     27.0 2022  4 13 23 57 43.640  0.00   1
   107655  40.498022 -124.497673    27.749   -22493.9    -5797.6     6321.5     44.2     59.7     75.7 2022  7 29 16 38  2.820  0.00   1
   107656  40.502848 -124.504517    27.077   -23073.0    -5261.7     5649.9     16.2     27.8     16.3 2022  8 10  2 25 35.080  0.00   1
   107657  40.502616 -124.506250    26.848   -23219.9    -5287.5     5420.7     29.9     25.3     25.2 2022  8 23  6 57 35.860  0.00   1
   107661  40.502970 -124.505005    26.816   -23114.3    -5248.2     5389.1     15.5     22.4     30.7 2022 10 16 17  6 16.580  0.00   1
   107662  40.502820 -124.505387    26.857   -23146.8    -5264.9     5429.7     17.5     20.1     28.4 2022 10 16 21 31  2.740  0.00   1
   107663  40.502824 -124.505379    26.861   -23146.1    -5264.4     5434.0     17.4     20.0     28.4 2022 10 16 17  0 17.060  0.00   1
   107664  40.524516 -124.390780    23.624   -13433.4    -2855.7     2196.3     35.0     39.6     39.6 2020  3 13 19 20 41.280  0.00   1
   107680  40.564408 -124.012264    22.853    18629.2     1574.2     1425.9     49.1     30.2     44.6 2020  4 27  3 46 18.440  0.00   1
   107683  40.562341 -124.010400    22.614    18787.3     1344.7     1186.7     26.7     19.1     19.2 2020 11 11 11 22 54.400  0.00   1
   107687  40.562781 -124.011426    22.665    18700.4     1393.5     1238.1     39.8     27.4     35.1 2021 12 25 23  5 26.280  0.00   1
   107808  40.545939 -124.196549    27.662     3021.4     -476.7     6234.3     28.9     18.5     32.7 2020  3 18 22 58 40.420  0.00   1
   107818  40.469230 -123.822559    23.285    34720.9    -8994.9     1857.5     21.8     31.2     22.2 2021  1 21 21  8 56.860  0.00   1
   107819  40.468852 -123.820785    23.298    34871.3    -9036.9     1871.2     14.0     38.5     30.1 2021  1 24 19 45 59.820  0.00   1
   107820  40.469474 -123.821224    23.274    34833.9    -8967.8     1846.8     21.1     37.1     24.9 2022  1 24 23 34 18.900  0.00   1
   107822  40.464897 -123.820361    23.118    34908.2    -9476.1     1691.0     30.9     62.7     31.6 2022  9 20 16  0 37.520  0.00   1
   107823  40.470117 -123.823153    23.278    34670.3    -8896.4     1850.6     24.4     24.3     21.8 2022 11 20 17  4 54.300  0.00   1
   107825  40.516427 -124.416333    19.871   -15599.2    -3753.9    -1556.0     22.1     27.4     36.1 2020  3 18 23 32 29.300  0.00   1
   107844  40.621220 -124.310335    19.609    -6613.4     7882.9    -1817.9     32.2     42.2     54.7 2020  3 18  4 40 58.500  0.00   1
   107847  40.621106 -124.305111    21.377    -6171.1     7870.2      -50.6     36.0     41.5     38.2 2022  1 23 16 30 25.180  0.00   1
   107849  40.621285 -124.311654    19.227    -6725.0     7890.1    -2199.9     36.2     43.4     63.9 2022 10 21 10 46 28.380  0.00   1
   107887  40.577962 -124.430973    22.761   -16832.0     3079.3     1333.5     44.4     45.5     74.4 2020  7 13 13  8 40.060  0.00   1
   107888  40.578662 -124.431584    22.993   -16883.6     3157.0     1566.1     44.6     34.1     51.8 2020  8 15  3 41 44.920  0.00   1
   107890  40.579085 -124.431942    23.019   -16913.9     3204.0     1591.4     48.5     42.4     52.4 2021  8  9 17  8 53.000  0.00   1
   107891  40.584448 -124.427897    23.288   -16570.7     3799.6     1860.8     52.0     34.9     66.0 2021  8 11  0 58 47.400  0.00   1
   107895  40.578182 -124.428019    22.603   -16581.8     3103.7     1175.9     46.7     47.8     78.0 2022  9  4 19 13 25.340  0.00   1
   107928  40.582894 -124.426058    22.817   -16415.1     3627.0     1390.1     50.9     76.3     82.6 2020  7 22  0 55 19.100  0.00   1
   107930  40.611450 -124.438534    22.752   -17467.9     6798.0     1324.6     70.4     48.8    100.2 2021 12 13  1 46 42.200  0.00   1
   107964  40.531726 -124.400252    16.926   -14235.2    -2055.0    -4501.2     28.5     39.0     55.7 2021 11 14  0  8  4.400  0.00   1
   107965  40.532023 -124.399731    16.854   -14191.0    -2022.0    -4573.0     25.4     35.3     54.2 2021 12 21 22 13 12.300  0.00   1
   107971  40.533834 -124.398999    16.447   -14128.8    -1820.9    -4980.7     52.6     39.1     80.5 2022 10  9 19  5  2.280  0.00   1
   107978  40.529106 -124.424487    26.615   -16288.6    -2346.0     5187.9     26.5     34.8     40.1 2021  4 15  8 56 41.520  0.00   1
   107980  40.524894 -124.426969    27.253   -16499.4    -2813.6     5826.2     28.6     28.8     47.1 2021  8  4 18 58 46.060  0.00   1
   107981  40.523682 -124.419661    26.956   -15880.4    -2948.3     5528.8     51.6     41.8     57.4 2021  8 21 16 23 33.700  0.00   1
   107983  40.527511 -124.424626    26.708   -16300.5    -2523.1     5280.8     43.0     40.2     60.4 2021 11  3  7 32 49.840  0.00   1
   107984  40.522168 -124.422518    27.249   -16122.6    -3116.4     5822.0     44.0     48.8     63.2 2021 12  3 10 42 13.240  0.00   1
   107988  40.528312 -124.419116    26.131   -15833.7    -2434.1     4703.9     48.0     30.9     51.5 2022  2 13 11 20 53.200  0.00   1
   107989  40.528841 -124.417098    26.443   -15662.6    -2375.3     5015.6     45.7     36.5     40.8 2022  4 26 22 35 44.360  0.00   1
   107990  40.525789 -124.427165    26.826   -16515.8    -2714.2     5399.2     25.6     27.3     34.6 2022  8 18  8 41 53.440  0.00   1
   107991  40.528239 -124.426994    26.573   -16501.1    -2442.2     5145.5     25.5     33.1     45.5 2022 11  8  8 40 30.120  0.00   1
   107992  40.525273 -123.979549    20.618    21406.2    -2771.6     -809.3     23.6     18.1     21.9 2020  3 19 15 51  1.740  0.00   1
   107998  40.524597 -123.977840    20.718    21551.1    -2846.6     -709.2     24.6     25.1     19.4 2022  1 22 10 34 20.100  0.00   1
   107999  40.526884 -123.978198    20.684    21520.4    -2592.7     -743.3     22.0     33.6     17.2 2022  2 15  1 12 31.400  0.00   1
   108057  40.461320 -124.445736    22.962   -18097.8    -9873.3     1535.0     72.2     60.8     66.1 2021 12  5 19 24 48.900  0.00   1
   108061  40.466960 -124.445728    21.993   -18096.3    -9247.0      565.5     63.2     56.2     93.0 2022  9 23 15 56 33.080  0.00   1
   108062  40.474064 -124.421647    21.182   -16054.5    -8458.1     -245.4     58.0     77.4     68.6 2022  9 28 23  9 12.340  0.00   1
   108063  40.577665 -124.349959    28.417    -9971.2     3046.3     6989.9     86.7     70.6    106.8 2020  3 20  8 49 18.520  0.00   1
   108064  40.580497 -124.347762    26.939    -9784.9     3360.8     5512.2     89.5     72.9    117.7 2021 10 17  9 59  8.260  0.00   1
   108067  40.538338 -124.406234    28.511   -14741.2    -1320.7     7083.5     26.8     34.4     24.7 2021 11  3 11  8 47.100  0.00   1
   108068  40.535856 -124.406307    28.467   -14747.7    -1596.4     7040.1     35.4     38.9     34.3 2021 11  3  4 10 39.340  0.00   1
   108070  40.537370 -124.406014    28.591   -14722.7    -1428.3     7163.6     25.2     31.7     25.7 2021 12 20 21 58 50.200  0.00   1
   108071  40.537760 -124.406283    29.040   -14745.4    -1384.9     7613.2     32.0     28.2     38.1 2022  1  6 19 21 44.640  0.00   1
   108073  40.616557 -123.950854    22.048    23821.1     7365.1      620.8     32.4     28.6     44.8 2020  9 26  5 11 46.240  0.00   1
   108076  40.614433 -123.944548    21.549    24355.4     7129.2      122.0     48.0     48.0     47.3 2021 10 28  3 17 37.200  0.00   1
   108082  40.614380 -123.944621    21.574    24349.2     7123.3      147.2     48.6     48.2     47.1 2022  4 23 20  0 10.440  0.00   1
   108083  40.620532 -123.947705    21.261    24087.0     7806.5     -166.0     16.4     14.9     37.6 2022  6 17 14 38  4.080  0.00   1
   108103  40.552100 -124.246216    23.543    -1185.6      207.4     2115.3     51.7     52.3     45.3 2020  3 24  7  2 14.780  0.00   1
   108105  40.551619 -124.255933    21.685    -2008.7      154.1      257.3     49.4     33.1     45.0 2020 11 21  0 51 45.000  0.00   1
   108108  40.549674 -124.248999    23.204    -1421.4      -61.9     1776.9     56.1     53.8     52.3 2022 11 11 23  8  9.040  0.00   1
   108253  40.743331 -123.836003    20.381    33513.2    21442.7    -1046.5     60.2     52.1     72.0 2020  3 28 12 19 52.180  0.00   1
   108254  40.746594 -123.839616    20.335    33206.8    21805.1    -1092.7     50.8     43.9     69.7 2020  9 14 17 47 56.900  0.00   1
   108256  40.479163 -124.455680    19.102   -18938.2    -7891.9    -2325.6     37.3     31.4     67.3 2020  3 29  2 10 37.820  0.00   1
   108258  40.476514 -124.455737    19.537   -18943.4    -8186.1    -1890.5     32.5     39.0     41.4 2021 10  3  5 55  4.840  0.00   1
   108259  40.476587 -124.456201    19.527   -18982.7    -8177.9    -1899.9     36.7     38.0     43.3 2021 11 19  6 49 32.480  0.00   1
   108344  40.526965 -124.397965    16.769   -14042.0    -2583.6    -4657.9     63.2     55.7    111.2 2022  6  5 23 40 24.620  0.00   1
   108357  40.571480 -124.097046    22.539    11447.9     2359.5     1111.9     64.9     46.7     46.5 2021  2 21 19 35 38.660  0.00   1
   108358  40.573153 -124.097949    22.850    11371.3     2545.2     1422.8     60.4     42.4     43.1 2021 10 31 11 18 33.720  0.00   1
   108359  40.568799 -124.098324    22.638    11339.9     2061.8     1211.0     70.4     50.5     42.7 2022  2  6  9 49 13.780  0.00   1
   108413  40.469320 -124.505363    23.726   -23150.4    -8984.9     2299.2     62.4     73.3     88.8 2020  4 13  9 58 32.960  0.00   1
   108414  40.472628 -124.498031    23.215   -22528.4    -8617.6     1787.9     76.9     73.1    118.5 2020  8 28 23 50 45.120  0.00   1
   108415  40.464587 -124.504443    25.834   -23073.3    -9510.4     4407.2     75.3     92.3    122.0 2020  9 24 22 17 36.960  0.00   1
   108416  40.468872 -124.504215    24.950   -23053.3    -9034.6     3523.2     37.2     59.5    105.6 2021  2  3  1 21 28.060  0.00   1
   108422  40.468221 -124.508634    23.842   -23427.9    -9106.9     2415.1     43.7     59.6     78.1 2021 11 29 21 27 26.620  0.00   1
   108424  40.465633 -124.504818    26.185   -23104.9    -9394.3     4757.8     48.2     85.5     95.8 2022  2 13  8 54 23.040  0.00   1
   108430  40.468982 -124.504899    23.790   -23111.2    -9022.4     2363.2     47.9     66.6     63.2 2022 11 14 21 27 40.840  0.00   1
   108460  40.609444 -124.085295    14.909    12439.7     6575.2    -6517.8     59.3     40.4     93.5 2020  4 19 16  8 58.720  0.00   1
   108464  40.611056 -124.093294    18.428    11762.2     6754.2    -2999.0     36.0     26.0     40.5 2022  1 22 11 10 16.600  0.00   1
   108465  40.611938 -124.095321    18.082    11590.6     6852.2    -3345.7     42.3     41.2     58.8 2022  1 29  6 14 29.780  0.00   1
   108466  40.582947 -124.293815    21.909    -5216.3     3632.8      482.0     50.9     40.7     56.4 2020  4 19 16 21  7.220  0.00   1
   108475  40.495223 -124.430290    25.971   -16784.4    -6108.5     4543.4     49.7     37.5     77.5 2020  8 21 16 41  2.020  0.00   1
   108479  40.504797 -124.435148    23.061   -17194.9    -5045.3     1633.6     45.3     56.2     73.7 2021  9 26  7 21 14.820  0.00   1
   108490  40.638774 -124.004240    23.961    19298.1     9832.1     2534.0     51.7     36.7     52.0 2020  4 19  6 45 57.780  0.00   1
   108491  40.515116 -124.341317    18.440    -9243.5    -3899.4    -2987.3     25.6     32.7     38.6 2020  4 21 11 21 54.140  0.00   1
   108492  40.509554 -124.335490    19.029    -8750.2    -4517.1    -2398.5     18.0     20.8     26.8 2020  6 19  5 30 29.960  0.00   1
   108493  40.509623 -124.333944    19.143    -8619.2    -4509.4    -2283.9     22.8     19.9     21.5 2021  3 12  1 30 38.560  0.00   1
   108494  40.509745 -124.335758    19.067    -8772.9    -4495.9    -2359.8     25.4     19.3     28.7 2021  6 14 22 35  4.460  0.00   1
   108495  40.509928 -124.330558    19.718    -8332.3    -4475.5    -1709.0     35.8     25.4     41.6 2021  6 14 21 36  2.260  0.00   1
   108496  40.509505 -124.331413    19.574    -8404.7    -4522.5    -1853.1     31.0     38.3     34.9 2021  6 14 21 44 45.960  0.00   1
   108497  40.509823 -124.336263    19.041    -8815.7    -4487.3    -2386.5     15.2     20.1     17.8 2021  6 15  9 44 20.640  0.00   1
   108498  40.510339 -124.336125    18.945    -8803.9    -4429.9    -2482.1     24.6     21.1     21.8 2021  6 15  8 53  6.160  0.00   1
   108499  40.510372 -124.336589    18.808    -8843.2    -4426.3    -2619.1     18.9     20.6     30.5 2021  6 15  9 30  2.180  0.00   1
   108500  40.511047 -124.337646    18.837    -8932.8    -4351.3    -2590.5     19.1     23.5     23.0 2021  6 15  9 15  5.520  0.00   1
   108501  40.509945 -124.335173    19.096    -8723.3    -4473.7    -2331.5     26.0     18.6     27.1 2021 12 11  4 20 38.740  0.00   1
   108566  40.642008 -124.062687    23.436    14350.3    10191.4     2008.5    152.8     74.3     78.1 2020  5  5 15 41 19.740  0.00   1
   108569  40.507463 -124.485783    23.664   -21484.9    -4749.3     2237.2     29.1     41.9     51.6 2020  5  6  2 15 26.660  0.00   1
   108570  40.508960 -124.489030    24.578   -21759.8    -4583.1     3150.8     37.9     39.8    107.5 2021  7 27  7 34 24.040  0.00   1
   108571  40.607983 -124.087231    17.462    12275.8     6413.0    -3965.4     56.4     27.6     42.2 2020  5  9 23 48 21.420  0.00   1
   108578  40.490072 -124.505778    15.669   -23182.1    -6680.5    -5758.2     42.3     47.1     69.5 2022  3 19 17 38 45.720  0.00   1
   108600  40.553035 -124.258537    24.921    -2229.2      311.3     3493.7     34.0     31.8     57.3 2020  8  8  3  7 36.200  0.00   1
   108601  40.549162 -124.251676    26.224    -1648.2     -118.8     4796.4     47.8     46.7     77.6 2021  7 18  8 37 44.140  0.00   1
   108604  40.548275 -124.247518    23.342    -1296.0     -217.3     1914.4     75.4     27.1     47.7 2022  6 14  4 29 40.760  0.00   1
   108605  40.552462 -124.237484    21.980     -446.0      247.6      553.1     80.0     27.3     47.8 2022  6 29  2 18 33.580  0.00   1
   108609  40.532503 -124.345923    18.116    -9632.5    -1968.7    -3310.8     46.9     34.6     69.5 2020  5 21  5 49 36.720  0.00   1
   108610  40.532495 -124.345915    18.118    -9631.9    -1969.6    -3308.9     46.9     34.6     69.4 2020  5 21  6  0 18.060  0.00   1
   108611  40.542021 -124.342839    17.311    -9370.6     -911.8    -4116.0     35.2     41.3     26.1 2020  5 21  5 49 32.040  0.00   1
   108616  40.526737 -124.404606    19.131   -14604.6    -2609.0    -2295.8     25.4     30.0     34.8 2020  5 27 17 28 46.460  0.00   1
   108617  40.528194 -124.400553    17.660   -14261.1    -2447.2    -3767.0     34.2     38.5     47.5 2021 12 21  9 14 12.320  0.00   1
   108618  40.522961 -124.412655    18.379   -15286.9    -3028.3    -3048.7     27.5     25.9     37.5 2020  5 29  3 10 10.980  0.00   1
   108624  40.532682 -124.337687    19.599    -8934.8    -1948.8    -1828.6     38.3     36.8     54.5 2020  6  1 23 58 17.820  0.00   1
   108625  40.519661 -124.329801    21.212    -8267.6    -3394.7     -215.4     28.5     25.2     27.5 2020  6 24  4 56 53.760  0.00   1
   108626  40.519649 -124.329777    21.217    -8265.5    -3396.1     -210.1     28.4     25.4     27.5 2020  6 25 13  0 35.620  0.00   1
   108655  40.578715 -124.189998    19.141     3575.5     3162.9    -2286.7     50.1     18.4     24.3 2021 10 12  3 27 25.740  0.00   1
   108724  40.623193 -123.930062    21.548    25580.2     8102.0      120.8     30.4     24.3     37.8 2020  6 14 11 45 45.620  0.00   1
   108732  40.590930 -123.921208    20.879    26336.1     4519.4     -548.6     76.3     65.5     57.9 2022 10 13 19 35 55.660  0.00   1
   108757  40.543502 -124.055086    19.905    15004.6     -747.4    -1522.4     26.6     29.2     24.8 2020  6 14 14 58 40.620  0.00   1
   108758  40.540649 -124.053027    19.930    15179.4    -1064.1    -1497.2     34.6     22.5     30.6 2021  3  4 22 22 58.560  0.00   1
   108759  40.539237 -124.041797    20.414    16130.9    -1220.9    -1013.6     36.1     47.1     34.0 2022  2 22 19 27 13.320  0.00   1
   108760  40.539693 -124.044539    19.824    15898.5    -1170.3    -1603.2     49.6     28.1     31.8 2022  3 14  4  0 41.420  0.00   1
   108761  40.539913 -124.048983    19.972    15522.1    -1145.9    -1455.3     42.3     41.5     35.9 2022  4  7 13 29 19.080  0.00   1
   108768  40.612183 -124.088273    18.236    12187.2     6879.3    -3191.0     53.5     53.9     38.8 2020 12 14 11 30 35.940  0.00   1
   108775  40.487573 -123.868579    20.835    30816.2    -6958.0     -592.6     32.6     47.7     45.1 2021  3 12  6 12 15.860  0.00   1
   108778  40.521086 -123.909912    21.104    27306.7    -3236.6     -323.0     15.0     13.6     24.6 2021 10  5  6 18 43.140  0.00   1
   108780  40.521309 -123.910173    21.094    27284.6    -3211.7     -333.2     15.7     13.3     24.1 2021 10  6 16 45 29.740  0.00   1
   108782  40.521122 -123.909993    21.096    27299.8    -3232.5     -331.6     15.3     13.6     24.2 2021 10  6 17 13 28.040  0.00   1
   108784  40.525964 -123.913859    20.694    26971.3    -2694.8     -733.5     41.7     49.6     53.0 2021 10  6 18 40 27.620  0.00   1
   108785  40.520886 -123.909733    21.103    27321.9    -3258.7     -324.3     15.4     14.8     24.7 2021 10  6 19 49 19.280  0.00   1
   108789  40.521859 -123.910645    21.096    27244.5    -3150.7     -331.3     17.6     15.7     24.3 2021 10  6 11 42 23.740  0.00   1
   108794  40.521110 -123.909961    21.099    27302.6    -3233.9     -327.8     16.2     14.1     24.7 2021 10  9 19 44 44.220  0.00   1
   108797  40.510612 -123.898966    21.277    28236.2    -4399.6     -149.8     46.0     55.5     31.8 2021 10 10 14 55 46.020  0.00   1
   108839  40.500716 -124.433122    23.518   -17023.7    -5498.5     2090.3     32.3     31.7     46.1 2021  4  7 10 38 50.740  0.00   1
   108840  40.498991 -124.437256    23.550   -17374.2    -5690.1     2123.2     22.7     26.2     35.7 2021 11  7  2 42 54.760  0.00   1
   108860  40.630623 -123.929712    21.589    25608.4     8927.1      161.7     38.8     31.0     40.1 2020  7  8 15  4 51.000  0.00   1
   108864  40.610238 -123.881868    23.822    29663.0     6663.4     2394.9     46.3     41.2     34.6 2020  7 12  6 10  9.180  0.00   1
   108865  40.609412 -123.883203    23.784    29550.2     6571.6     2357.1     41.4     33.3     29.0 2021  7 25  9 12 32.240  0.00   1
   108866  40.609176 -123.886792    23.787    29246.4     6545.4     2359.6     50.6     42.4     40.7 2022  9 20 20 35 29.800  0.00   1
   108897  40.598608 -124.118888    16.003     9596.1     5372.0    -5424.2     77.8     44.4     48.6 2020  7 21  9 58 36.880  0.00   1
   108901  40.606177 -124.107642    18.103    10547.8     6212.4    -3324.4     77.6     28.5     47.5 2020  7 28 10 54 20.520  0.00   1
   108918  40.645679 -124.017489    18.656    18175.7    10598.9    -2771.4     69.3     24.1     73.4 2020  8 14  7 59 14.720  0.00   1
   108919  40.646448 -124.014022    18.872    18469.1    10684.3    -2555.2     56.1     21.4     48.8 2020  8 14  7 29 17.360  0.00   1
   108921  40.646330 -124.020695    18.407    17904.2    10671.2    -3020.7     42.2     21.4     54.4 2021 11 16 18 50  1.700  0.00   1
   108922  40.588822 -124.108870    20.443    10445.1     4285.3     -984.3     65.1     42.4     56.2 2020  8 17 22 44  9.820  0.00   1
   108923  40.588704 -124.108960    20.423    10437.6     4272.2    -1004.1     66.3     42.2     56.1 2020  8 17 22 37  2.940  0.00   1
   108925  40.605204 -124.110986    20.317    10264.7     6104.4    -1110.6     56.9     40.0     65.2 2021  6 29  5 32 28.020  0.00   1
   108926  40.601383 -124.122095    20.518     9324.4     5680.1     -909.2     63.9     31.3     53.9 2021  9  2  7  3 32.740  0.00   1
   108956  40.532776 -124.246680    18.771    -1225.1    -1938.4    -2655.8     35.0     31.0     36.7 2020  8 19  9 20 36.680  0.00   1
   108957  40.531771 -124.246224    18.899    -1186.5    -2050.0    -2528.3     34.5     22.9     30.4 2021  7 30  7  1 16.480  0.00   1
   108959  40.534318 -124.247909    18.634    -1329.2    -1767.2    -2793.4     35.7     31.2     41.1 2022  9 20 20 46 19.020  0.00   1
   108974  40.605652 -124.221061    23.941      944.7     6154.1     2513.9     48.9     39.2     47.8 2021  6  2  8  1  4.060  0.00   1
   108976  40.604631 -124.237809    23.542     -473.4     6040.7     2115.0     66.0     33.3     57.4 2021  8  2  1 42 32.520  0.00   1
   108977  40.611117 -124.220964    25.337      952.9     6761.0     3910.0     30.8     34.6     29.7 2021  9 27 13 54 30.160  0.00   1
   108978  40.610978 -124.221069    25.291      944.0     6745.6     3863.5     29.1     35.2     30.0 2021 11 19  5 14  6.980  0.00   1
   108988  40.604797 -124.050366    23.669    15397.5     6059.2     2241.4     59.0     48.5     51.0 2021  9 19  2 30 15.040  0.00   1
   108995  40.563090 -123.933480    22.025    25302.1     1427.8      597.8     16.8     19.6     20.2 2020  9  7  3  4 36.280  0.00   1
   108998  40.563794 -123.932682    21.927    25369.5     1506.0      499.5     19.4     19.8     20.2 2020 11 23  2 17 29.880  0.00   1
   108999  40.561727 -123.932739    22.031    25365.1     1276.5      603.9     22.7     17.5     21.9 2020 11 23  2 27  1.080  0.00   1
   109001  40.563420 -123.933773    22.045    25277.2     1464.4      618.1     24.0     29.0     21.2 2021  4 25  2 44 15.560  0.00   1
   109003  40.564441 -123.936320    22.209    25061.3     1577.8      782.0     21.7     20.0     24.4 2021  9 25  7 21 32.760  0.00   1
   109005  40.562439 -123.932861    22.089    25354.6     1355.5      661.6     14.6     14.0     19.9 2022  1 19 16 50 43.900  0.00   1
   109006  40.562272 -123.931486    22.109    25471.1     1337.0      681.4     20.8     27.8     22.9 2022  1 23  4 17 44.580  0.00   1
   109007  40.561328 -123.931160    22.127    25498.9     1232.2      699.7     23.5     18.4     27.7 2022  1 23 13 55 42.740  0.00   1
   109008  40.564771 -123.936890    22.132    25013.0     1614.4      704.5     14.6     17.0     29.3 2022  5 17 14 52 29.660  0.00   1
   109027  40.521391 -123.897681    19.804    28342.9    -3202.7    -1623.7     55.4     63.0     71.9 2020  9 12  9 10  3.360  0.00   1
   109029  40.533870 -123.900716    22.962    28083.2    -1816.9     1534.4     44.5     55.5     47.7 2021 10 21 16 23 18.500  0.00   1
   109031  40.527966 -123.909041    20.436    27379.1    -2472.5     -991.4     54.5     63.2     70.9 2022  9 21 22  2  0.300  0.00   1
   109034  40.607935 -123.926432    24.667    25890.4     6407.6     3239.5     63.6     38.6     61.1 2021 10 16  0 56 17.260  0.00   1
   109035  40.606982 -123.916895    25.055    26698.1     6301.9     3627.4     43.4     34.0     46.6 2022  4  7  7 43 59.660  0.00   1
   109037  40.599618 -124.118221    18.658     9652.6     5484.0    -2769.0     45.2     25.1     35.0 2021  8 28 10 22 15.280  0.00   1
   109040  40.536165 -124.048283    19.791    15581.8    -1562.0    -1636.2     38.8     22.2     37.6 2021  5  4 20 49 28.940  0.00   1
   109042  40.535583 -124.047746    19.847    15627.4    -1626.6    -1580.5     33.7     27.5     30.4 2021 12 10 18 19  3.380  0.00   1
   109047  40.658358 -123.882422    27.366    29605.6    12006.9     5938.3     76.8     67.9    117.1 2022  7  7 10 16 42.560  0.00   1
   109051  40.586707 -124.067578    21.525    13942.0     4050.3       97.7     36.0     25.3     37.2 2022 10 22  1 32  8.620  0.00   1
   109052  40.617920 -124.074642    17.990    13340.8     7516.4    -3437.7     78.3     31.2     61.6 2020  9 18  1 49 50.060  0.00   1
   109054  40.623515 -124.086605    17.462    12327.4     8137.7    -3965.0     64.6     40.9     36.1 2021  8  3  7 25 29.060  0.00   1
   109057  40.620431 -124.076497    17.315    13183.4     7795.2    -4112.6     66.6     28.6     51.3 2021 11  1 20 23 11.500  0.00   1
   109058  40.618803 -124.080794    17.762    12819.8     7614.5    -3665.6     43.5     28.1     41.9 2022  7  2 18 54 53.920  0.00   1
   109059  40.618380 -124.079696    17.740    12912.8     7567.5    -3687.6     37.9     21.1     40.8 2022  7  5 10 26 16.440  0.00   1
   109060  40.609192 -124.074691    18.613    13337.5     6547.2    -2814.1     60.6     28.9     50.9 2022  9 22  5 20 24.860  0.00   1
   109079  40.592175 -124.322290    21.366    -7627.1     4657.6      -61.6     45.0     26.7     31.9 2020  9 24  1 37  2.540  0.00   1
   109081  40.591732 -124.323088    21.266    -7694.7     4608.4     -160.9     48.3     25.9     44.6 2021  8  3  7 28  1.280  0.00   1
   109082  40.591479 -124.321672    21.262    -7574.8     4580.4     -165.7     65.3     35.2     43.2 2021  8  3  7 28 11.760  0.00   1
   109083  40.589632 -124.325326    20.814    -7884.3     4375.2     -612.9     49.0     42.1     76.1 2022  3 18 23 22 52.560  0.00   1
   109086  40.625826 -124.105037    18.947    10766.8     8394.4    -2479.1     99.5     79.6    146.7 2020  9 29 20 57 21.240  0.00   1
   109088  40.589738 -124.097257    24.763    11428.5     4387.0     3336.0     67.6     38.7     90.2 2021  8  2  6  3 50.240  0.00   1
   109099  40.524715 -124.381380    16.884   -12637.1    -2833.5    -4542.8     45.9     28.8     69.3 2022 11  3 21 25 34.920  0.00   1
   109112  40.571830 -123.939738    21.337    24770.5     2398.4      -90.2     19.0     16.5     19.0 2020 11 28  4 46 13.820  0.00   1
   109120  40.572432 -123.939714    21.544    24772.4     2465.3      116.6     21.7     17.2     15.2 2021 10  7 15 37 20.960  0.00   1
   109123  40.568835 -123.936426    21.204    25051.5     2065.8     -223.7     25.8     25.7     28.0 2021 10  7 10 58 29.020  0.00   1
   109127  40.572420 -123.939689    21.540    24774.5     2463.9      112.3     21.7     17.2     15.1 2021 10  9 15  2 48.760  0.00   1
   109129  40.523739 -124.430119    19.708   -16766.4    -2942.0    -1719.4     22.4     26.5     29.1 2020 10 11 16 54  4.900  0.00   1
   109133  40.641097 -124.028703    18.802    17227.1    10090.1    -2625.2     35.5     23.3     54.8 2020 10 20  3 57  2.000  0.00   1
   109186  40.663896 -123.897306    23.102    28344.7    12621.8     1674.9     43.0     40.9     38.4 2020 11 10  7 29 44.140  0.00   1
   109189  40.671521 -123.901017    21.744    28029.0    13468.6      316.9     35.2     25.1     41.5 2021  5 13  9 32 24.180  0.00   1
   109190  40.665649 -123.901025    23.009    28029.6    12816.6     1581.9     56.7     40.7     47.1 2022  6 25  8 45  6.260  0.00   1
   109416  40.594226 -123.967041    22.391    22454.4     4885.3      964.0     43.5     22.9     41.1 2020 11 28  4 41 25.020  0.00   1
   109417  40.594137 -123.966854    22.382    22470.3     4875.4      954.9     43.5     21.6     39.7 2020 11 28  4 28 30.560  0.00   1
   109418  40.596716 -123.971712    22.438    22058.5     5161.9     1010.4     36.3     35.7     46.2 2021  3 28 11 21 31.120  0.00   1
   109420  40.597904 -123.916032    22.037    26773.0     5293.8      609.4     45.6     35.6     41.9 2020 12  7 19  3 16.040  0.00   1
   109421  40.605050 -123.915332    21.876    26830.8     6087.3      449.0     47.3     44.6     38.0 2020 12  7 19  5 36.340  0.00   1
   109427  40.596541 -123.900684    25.385    28072.9     5142.4     3957.8     36.9     39.4     41.5 2020 11 29  9 45 15.600  0.00   1
   109428  40.596985 -123.892725    26.070    28746.7     5191.7     4642.4     56.4     40.1     61.2 2021  1 19 12 58 57.580  0.00   1
   109430  40.592814 -123.897412    25.647    28350.7     4728.6     4220.1     38.9     29.3     36.3 2022  3 18  0  7 21.100  0.00   1
   109436  40.605876 -124.097925    15.412    11370.6     6179.0    -6015.3     62.2     49.4     41.2 2020 12  1 11 36 42.680  0.00   1
   109448  40.559566 -124.019141    22.251    18047.4     1036.5      823.5     15.4     20.5     19.4 2022  1 19 22 27 40.720  0.00   1
   109451  40.560128 -124.018449    21.940    18105.9     1098.9      513.1     19.0     19.7     23.9 2022  6  9  2 12 47.440  0.00   1
   109453  40.560681 -124.023348    21.998    17690.9     1160.3      571.1     23.3     21.7     17.9 2022 11 22  5  9 14.600  0.00   1
   109457  40.586955 -124.189225    22.042     3640.7     4077.9      614.4     68.3     32.8     71.2 2022 11 20 16 58  8.260  0.00   1
   109458  40.553406 -123.892301    22.403    28791.8      352.4      975.8     55.8     48.0     67.5 2020 12 19 19 50 56.380  0.00   1
   109460  40.595170 -124.225488    25.066      569.9     4990.2     3638.8     87.4     74.5    101.5 2021  2 11 13 50 26.620  0.00   1
   109461  40.600122 -124.111906    16.248    10187.2     5540.1    -5178.9     64.2     49.0     53.3 2021  1  4  6 14 34.600  0.00   1
   109483  40.493290 -124.467131    22.898   -19906.5    -6323.1     1470.7     57.7     56.8     38.2 2021  1 13 19 34 16.280  0.00   1
   109484  40.518583 -124.467098    23.854   -19900.0    -3514.4     2426.5     47.1     43.2     66.3 2021  2 12 14 58  6.120  0.00   1
   109485  40.515308 -124.453247    25.290   -18727.0    -3878.2     3862.6     46.4     51.2     90.3 2022  6  3  7 37 13.740  0.00   1
   109491  40.553642 -124.051888    23.126    15274.4      378.6     1699.1     27.6     23.2     20.8 2022 11 12 22 18 21.100  0.00   1
   109493  40.579134 -124.219393    19.954     1086.1     3209.5    -1472.8     39.4     20.1     35.5 2021 12 30 20 43 22.380  0.00   1
   109498  40.581897 -124.147591    22.682     7166.6     3516.3     1255.1     72.0     43.6     43.1 2022  3 29  0 35 16.680  0.00   1
   109534  40.643705 -124.003687    18.333    19344.3    10379.8    -3093.9     73.1     30.9     53.8 2021  3  6  9 15 31.140  0.00   1
   109535  40.652779 -124.017179    18.112    18200.9    11387.4    -3314.8     71.6     33.5     65.4 2021  3  6  9 16 35.960  0.00   1
   109542  40.540894 -123.907772    22.951    27484.0    -1037.0     1523.7     47.3     44.9     50.6 2021  3 19 20 18 50.400  0.00   1
   109543  40.538912 -123.903434    23.022    27851.9    -1257.0     1594.6     34.7     32.0     30.5 2021  7 28 11 59  6.040  0.00   1
   109544  40.540340 -123.907780    22.971    27483.4    -1098.4     1543.6     27.3     28.1     33.1 2021 11  2 15 33 30.400  0.00   1
   109546  40.537345 -123.913379    23.056    27009.7    -1431.0     1629.0     43.6     58.5     47.3 2022  2  8 20 52 37.700  0.00   1
   109547  40.543042 -123.906828    22.922    27563.5     -798.4     1495.2     36.3     29.4     33.9 2022  5 16 12 51  7.720  0.00   1
   109550  40.562756 -123.976294    23.640    21676.0     1390.8     2213.2     29.2     26.8     29.7 2021 10 14 12 55 59.780  0.00   1
   109551  40.562138 -123.975505    23.657    21742.9     1322.1     2230.1     21.0     17.6     20.0 2021 10 18 11 26 36.900  0.00   1
   109560  40.573389 -124.420500    23.254   -15945.5     2571.4     1827.0     55.5     74.1     76.9 2021  4 22 19 58  9.520  0.00   1
   109562  40.575871 -124.417619    23.391   -15701.3     2847.1     1964.1     56.8     64.3     91.7 2021 10  1 17 28 56.900  0.00   1
   109563  40.575989 -124.417017    23.102   -15650.3     2860.2     1675.2     54.9     60.3     72.3 2022  6  6  8 33 56.500  0.00   1
   109585  40.699569 -123.966276    21.750    22501.6    16583.2      322.3     54.2     33.6     38.0 2021 12  9  6 38 26.640  0.00   1
   109586  40.607597 -123.809383    26.823    35800.8     6370.1     5395.7     44.9     42.1     84.2 2021  4 25 12  4 20.500  0.00   1
   109587  40.514172 -124.439535    16.785   -17565.3    -4004.2    -4642.5     30.4     39.5     65.1 2021  4 26 14 34  7.560  0.00   1
   109588  40.531311 -124.400024    18.415   -14215.9    -2101.1    -3011.8     26.3     33.7     47.8 2021  4 30  5 48 15.420  0.00   1
   109590  40.595862 -124.010213    22.657    18798.5     5067.0     1229.3     35.7     20.7     33.7 2021  5  1  6 40  3.120  0.00   1
   109592  40.565731 -124.020003    22.240    17973.5     1721.1      812.5     24.2     20.0     24.0 2022  3 10 22 12 16.660  0.00   1
   109593  40.585095 -124.210099    23.129     1873.1     3871.4     1702.1     93.6     43.8     70.4 2021  5 25 13 41 14.420  0.00   1
   109638  40.582345 -123.954354    24.561    23530.8     3566.0     3133.5     60.8     50.7     70.6 2021  6  5 11 28 29.860  0.00   1
   109639  40.573486 -123.959888    24.032    23063.7     2582.3     2605.1     73.7     49.5     86.0 2022  2 26  5 28  3.880  0.00   1
   109640  40.550635 -123.972119    21.128    22031.5       44.7     -299.0     23.9     20.4     27.8 2021  6 14 23  5 14.620  0.00   1
   109641  40.551270 -123.972957    21.128    21960.4      115.2     -299.5     18.2     20.3     24.5 2021  6 15  4  8 20.200  0.00   1
   109643  40.549931 -123.970565    20.993    22163.3      -33.4     -434.4     16.8     21.0     15.1 2021  6 15  2 15 10.680  0.00   1
   109645  40.549919 -123.970581    20.988    22161.9      -34.8     -439.4     16.1     21.1     13.6 2021  9 21 16 59  7.260  0.00   1
   109646  40.550476 -123.971989    21.026    22042.6       27.1     -401.6     32.7     28.4     26.5 2022  8 19 22 15 53.220  0.00   1
   109647  40.550484 -123.971981    21.026    22043.3       28.0     -401.3     32.7     28.6     26.5 2022  9 26 14 46 33.600  0.00   1
   109649  40.477498 -124.514258    16.703   -23902.9    -8076.7    -4724.3     59.4     65.0    104.0 2022  9 18  8 29  6.480  0.00   1
   109653  40.598942 -124.331649    21.004    -8419.2     5409.0     -423.5     47.4     31.9     51.8 2021  6 26 23 51 53.520  0.00   1
   109656  40.603031 -124.308879    18.323    -6490.9     5863.1    -3104.7     63.9     24.6     88.4 2021  7  7 21  8 20.520  0.00   1
   109661  40.598828 -124.329964    21.058    -8276.5     5396.4     -369.4     43.2     22.6     42.4 2022 11 27 17  4 31.920  0.00   1
   109701  40.537435 -124.351310    18.318   -10088.6    -1421.1    -3109.3     31.2     25.1     35.8 2021  7  9 20  8 44.560  0.00   1
   109707  40.705001 -123.933016    22.583    25314.7    17186.4     1155.6     32.8     32.2     30.0 2021  7 21  1 57 33.440  0.00   1
   109708  40.706319 -123.938770    22.496    24827.7    17332.8     1068.7     53.8     21.5     28.4 2022  8 13 12 33 41.180  0.00   1
   109709  40.706303 -123.938761    22.493    24828.4    17331.0     1065.6     53.5     21.5     28.3 2022  8 13 13  7 15.920  0.00   1
   109710  40.479651 -124.404264    19.932   -14580.7    -7837.7    -1495.2     39.0     43.7     56.5 2021  7 21  6 27  7.140  0.00   1
   109714  40.514543 -124.431779    18.001   -16908.2    -3963.1    -3426.1     19.0     38.7     37.4 2021  7 22  8 29 59.260  0.00   1
   109718  40.501506 -124.452946    18.635   -18703.4    -5410.8    -2791.9     49.1     41.4     80.7 2022  4  3 19 26 32.500  0.00   1
   109728  40.639486 -123.916325    21.243    26739.9     9911.2     -184.0     35.3     28.5     28.0 2021 10 28 17 29 28.460  0.00   1
   109729  40.639893 -123.918091    21.219    26590.4     9956.4     -208.0     34.9     32.7     28.8 2021 10 28 20 25 38.640  0.00   1
   109732  40.504891 -124.459391    18.644   -19249.0    -5034.9    -2782.8     25.8     29.8     34.1 2021  8  5  5 11 35.000  0.00   1
   109733  40.504765 -124.457161    20.213   -19060.1    -5048.9    -1214.0     33.6     39.0     62.2 2021 12 18  9  2 20.600  0.00   1
   109734  40.501176 -124.456689    20.195   -19020.6    -5447.4    -1231.9     28.8     43.6     59.8 2021 12 21 16 46 40.580  0.00   1
   109740  40.533704 -124.374731    25.198   -12073.0    -1835.4     3770.3     33.0     23.8     45.8 2021 12 25  9  3 58.480  0.00   1
   109741  40.533000 -124.371777    24.726   -11822.8    -1913.6     3299.0     36.7     30.1     41.5 2022  8 24 18 28  5.620  0.00   1
   109742  40.637687 -124.043994    20.008    15933.1     9711.5    -1419.3     55.7     43.7     60.6 2021  8 23  5 51 36.160  0.00   1
   109744  40.534859 -123.779744    21.873    38331.0    -1707.1      445.8     36.2     70.2     24.8 2021  8 29 12 47 11.520  0.00   1
   109745  40.531620 -123.784383    23.051    37938.9    -2066.7     1623.4     70.5     99.6     29.9 2022  1  7 12 47 18.900  0.00   1
   109758  40.549898 -124.226204    17.736      509.4      -37.1    -3691.0     37.1     20.8     35.6 2021  9 12 22 48 15.460  0.00   1
   109773  40.520093 -124.413737    17.251   -15378.9    -3346.8    -4176.4     34.4     41.2     51.5 2021 12 23 10 30 50.600  0.00   1
   109775  40.576827 -124.212598    18.699     1661.6     2953.3    -2728.4     40.0     22.9     51.7 2021  9 23 19 33 34.900  0.00   1
   109779  40.527563 -124.361279    18.430   -10933.9    -2517.2    -2997.1     63.7     29.3     65.6 2021  9 30  4 43 34.000  0.00   1
   109788  40.517578 -123.881706    21.760    29697.2    -3626.1      332.5     29.5     42.3     50.1 2021 10  7  4 45 50.940  0.00   1
   109789  40.510677 -123.869084    21.527    30768.2    -4392.4       99.8     35.3     29.2     54.8 2021 10  7  5 44  8.100  0.00   1
   109791  40.511023 -123.872453    21.504    30482.6    -4354.0       77.2     25.0     20.8     23.5 2021 10  9 15 14 13.920  0.00   1
   109792  40.511336 -123.878662    21.657    29956.5    -4319.2      229.5     23.2     27.3     46.6 2021 10  9 14 51  7.940  0.00   1
   109793  40.515731 -123.880794    21.633    29774.8    -3831.2      205.4     28.8     26.3     47.8 2021 10  9 19 19 22.180  0.00   1
   109794  40.512557 -123.874601    21.494    30300.3    -4183.6       66.8     23.3     25.4     37.6 2021 10 16 14 55 23.500  0.00   1
   109795  40.512838 -123.875968    21.594    30184.4    -4152.5      167.0     23.5     21.0     32.1 2021 11  4 10 59  4.180  0.00   1
   109796  40.512618 -123.874154    21.490    30338.2    -4176.9       63.2     31.9     24.0     39.1 2021 11  7  7 51 35.860  0.00   1
   109801  40.547176 -123.853304    22.495    32096.5     -339.3     1067.9     62.9     63.6     53.5 2022  1 31 19 52 42.840  0.00   1
   109836  40.613896 -124.137728    18.722     8000.0     7069.6    -2705.2     84.1     33.1     64.3 2021 10 22 21  9 45.260  0.00   1
   109837  40.612382 -124.075895    20.163    13235.2     6901.5    -1264.3     48.6     31.7     69.5 2021 10 31 13 10  3.600  0.00   1
   109838  40.558346 -123.953564    22.298    23601.8      901.0      870.7     30.6     29.8     37.4 2021 11  3 19 22 52.340  0.00   1
   109846  40.605135 -124.077181    16.860    13127.0     6096.7    -4566.8     70.5     43.7     63.4 2021 11 25 17 56 31.760  0.00   1
   109849  40.605412 -124.305648    20.302    -6217.3     6127.5    -1125.4     69.0     19.8     83.5 2021 11 29  9 17 10.340  0.00   1
   109852  40.523588 -124.431925    19.901   -16919.4    -2958.7    -1526.7     18.2     27.3     22.1 2022  1 18 10 25 37.780  0.00   1
   110087  40.588761 -124.206665    20.488     2163.9     4278.5     -939.1     69.3     43.2     54.0 2021 12 11 10 51 42.420  0.00   1
   110088  40.543424 -124.316553    19.614    -7143.9     -755.9    -1813.1     60.8     32.4     36.7 2021 12 20 23 40 19.580  0.00   1
   110091  40.543730 -124.316016    19.537    -7098.3     -722.0    -1889.8     57.2     31.2     34.8 2022  8 22 11 46 57.980  0.00   1
   110092  40.547770 -124.316895    18.720    -7172.6     -273.4    -2707.6     44.7     17.0     40.7 2022  8 22 11 19 44.520  0.00   1
   110093  40.545638 -124.314469    19.220    -6967.3     -510.1    -2207.6     55.1     35.6     42.2 2021 12 20 21 17 43.440  0.00   1
   110095  40.547139 -124.319409    20.386    -7385.6     -343.4    -1041.7     83.7     28.7     96.1 2022  7 14  2 59 53.060  0.00   1
   110120  40.517594 -124.423560    19.937   -16211.4    -3624.2    -1490.4     18.5     23.2     31.5 2021 12 20 20 29 25.860  0.00   1
   110127  40.575342 -124.206689    17.100     2162.0     2788.3    -4327.5     79.9     36.2     48.7 2021 12 20 20 15 20.340  0.00   1
   110128  40.549333 -124.296818    23.954    -5471.9      -99.9     2527.1     75.1     71.4     81.4 2021 12 20 20 31  1.340  0.00   1
   110129  40.516772 -124.445500    17.369   -18070.4    -3715.5    -4058.1     37.6     36.2     51.8 2021 12 20 22 57 59.980  0.00   1
   110153  40.505082 -124.333748    18.320    -8602.9    -5013.7    -3106.9     33.9     39.7     60.2 2021 12 21  3 28 34.100  0.00   1
   110154  40.505566 -124.332178    18.576    -8469.8    -4959.9    -2851.5     17.1     17.2     36.6 2021 12 23  6 55 41.480  0.00   1
   110156  40.505680 -124.332536    18.514    -8500.1    -4947.2    -2912.8     24.0     26.9     60.4 2021 12 23  4 51 44.220  0.00   1
   110160  40.521606 -124.420182    18.156   -15924.8    -3178.7    -3270.8     29.4     18.9     64.8 2021 12 21 19 30 31.800  0.00   1
   110168  40.579911 -124.208577    19.026     2002.1     3295.8    -2401.3     37.0     13.7     44.1 2021 12 21  2 44 44.640  0.00   1
   110179  40.546086 -124.348828    21.950    -9877.7     -460.4      522.6     59.2     49.8     91.0 2022  3 20  6 57 16.680  0.00   1
   110181  40.498047 -124.456510    16.201   -19005.9    -5794.9    -5226.4     31.3     29.5     67.3 2021 12 25 16 54 33.700  0.00   1
   110183  40.598165 -124.110433    17.778    10312.1     5322.7    -3649.2     53.1     43.1     40.4 2021 12 26 16  2 15.940  0.00   1
   110184  40.588700 -123.996712    20.387    19942.8     4271.7    -1040.4     47.7     38.9     46.8 2021 12 27  8 53  5.400  0.00   1
   110185  40.575688 -123.986922    20.879    20773.8     2826.7     -547.8     28.7     23.5     40.5 2022  5 28  7 57  1.360  0.00   1
   110186  40.581266 -124.210596    20.861     1831.1     3446.2     -566.2     65.5     30.0     39.5 2021 12 28  6 35 41.580  0.00   1
   110187  40.576729 -124.200000    19.566     2728.5     2942.4    -1861.4     42.2     12.4     23.5 2021 12 31 13 31 14.620  0.00   1
   110188  40.576729 -124.200000    19.565     2728.5     2942.4    -1862.0     42.1     12.4     23.6 2022  1  1 22 14 38.120  0.00   1
   110189  40.576676 -124.199910    19.541     2736.1     2936.5    -1886.0     42.1     12.2     22.8 2022  1  2 11 16 33.460  0.00   1
   110190  40.576937 -124.198413    19.653     2862.9     2965.5    -1774.4     45.6     16.2     31.0 2022  4 25  2 10 11.700  0.00   1
   110191  40.576652 -124.199854    19.533     2740.9     2933.8    -1893.9     41.9     12.3     22.9 2022  9  1 20 43  2.920  0.00   1
   110199  40.519373 -124.409424    20.096   -15013.5    -3426.8    -1331.6     27.0     33.7     46.1 2021 12 31 17  2 13.380  0.00   1
   110209  40.593982 -124.099243    25.068    11260.0     4858.2     3640.3     65.1     35.8     82.8 2022  4  2 19 46 56.000  0.00   1
   110211  40.515381 -124.443807    17.683   -17927.1    -3870.1    -3744.1     30.9     33.0     59.4 2022  4  3 10 39 47.080  0.00   1
   110231  40.515104 -124.437760    19.081   -17414.9    -3900.8    -2346.5     27.8     45.9     40.0 2022  5 14 20  9 30.640  0.00   1
   110234  40.535213 -124.237736    19.878     -467.4    -1667.8    -1549.6     49.6     28.0     27.4 2022  5 25  9 25 42.220  0.00   1
   110250  40.521240 -124.407585    20.828   -14857.5    -3219.4     -599.2     56.4     49.8     61.8 2022  7  2 10 23 23.100  0.00   1
   110253  40.594796 -124.114852    18.277     9938.2     4948.6    -3150.7     42.6     31.3     46.7 2022  7 20  6 28 50.580  0.00   1
   110254  40.595752 -124.114217    18.406     9991.9     5054.8    -3021.6     43.2     29.6     44.5 2022  8  9  7 59 33.060  0.00   1
   110255  40.598836 -124.117293    17.746     9731.2     5397.3    -3681.4     55.1     22.4     46.2 2022  8  9  8  9 40.340  0.00   1
   110266  40.540385 -124.333870    17.824    -8611.0    -1093.5    -3603.3     43.3     39.6     46.9 2022  8 30  6 25 35.480  0.00   1
   110273  40.648340 -124.016211    19.306    18283.5    10894.4    -2121.7     50.4     24.3     52.1 2022 10 28 12 43 42.000  0.00   1
   110274  40.522721 -124.436483    17.912   -17305.6    -3054.9    -3515.6     20.4     28.1     37.1 2022 10 29 20 38 50.780  0.00   1
   110275  40.510856 -124.431087    21.060   -16850.0    -4372.5     -367.5     24.6     23.9     28.6 2022 10 30  3 34  2.660  0.00   1
   110276  40.519198 -124.438094    19.225   -17442.6    -3446.2    -2201.9     21.8     21.8     38.2 2022 11 12 10 31 42.840  0.00   1
   110279  40.516801 -124.431519    20.014   -16885.8    -3712.4    -1412.8     37.2     58.2     86.7 2022 11  2 16 39 30.260  0.00   1
   110282  40.523324 -124.432983    20.251   -17009.1    -2988.0    -1176.4     33.6     31.1     41.1 2022 11 15 17 48 18.560  0.00   1
   110296  40.580538 -123.982275    20.722    21166.6     3365.3     -705.6     17.6     20.3     20.2 2022 12 22  3  8  5.860  0.87   1
   110298  40.534184 -124.276514    11.730    -3752.5    -1782.1    -9697.1     40.7     25.5     39.2 2023  1 17 13 54 45.520  1.24   1
   110302  40.563586 -124.124447    22.523     9127.9     1483.0     1096.1     53.5     28.3     54.0 2022 12 24  0 35 18.890  0.89   1
   110303  40.486674 -124.496924    23.945   -22432.3    -7057.8     2517.4     34.2     41.5     45.7 2022 12 20 12 25 25.380  2.43   1
   110305  40.434619 -124.602043    24.215   -31352.6   -12838.3     2787.7      9.3     11.9     36.7 2023  4  2 11 44 21.610  2.51   1
   110307  40.523983 -124.420402    23.531   -15943.1    -2914.9     2104.1     43.9     37.4     52.4 2023  3  9  9 11 18.070  1.00   1
   110308  40.574618 -123.874520    22.549    30293.2     2707.9     1122.1     45.9     42.2     43.7 2022 12 21 19 21 21.160  1.21   1
   110311  40.540450 -124.493986    23.962   -22174.5    -1086.2     2535.0     52.9     47.3     56.0 2023  2  6  9 53 42.140  2.82   1
   110326  40.576660 -124.240568    19.988     -707.1     2934.7    -1439.3     43.4     24.3     74.3 2023  4 26 22 23  7.880  0.79   1
   110327  40.621118 -123.949300    21.476    23951.9     7871.6       49.2     40.1     18.3     49.7 2022 12 21  8 59 40.650  1.14   1
   110330  40.584599 -123.911580    25.805    27152.6     3816.3     4377.9     35.8     18.7     25.8 2023  5 27  2 45 49.750  0.87   1
   110334  40.620785 -124.314917    20.032    -7001.3     7834.5    -1394.9     22.5     16.7     58.9 2023  2 22  6 20 25.080  1.45   1
   110341  40.562655 -124.131714    22.405     8512.4     1379.5      978.2     45.7     30.5     39.1 2023  1  5 14 47  6.170  2.14   1
   110346  40.538652 -123.889119    23.142    29064.5    -1286.0     1715.1     42.0     53.2     43.1 2023  5 28  1 45 53.620  1.36   1
   110354  40.508415 -124.422005    24.418   -16080.8    -4643.6     2990.3     19.5     17.3     43.0 2023  4 14  1 57  6.610  1.17   1
   110355  40.518392 -124.492407    15.883   -22044.4    -3535.7    -5544.1     26.6     31.4     61.9 2023  2 16 22 15  2.800  1.44   1
   110359  40.754415 -123.986369    21.728    20793.0    22673.6      300.5    107.1     79.3     63.0 2022 12 22  4 53 56.390  0.79   1
   110365  40.527462 -124.234725    17.592     -212.3    -2528.5    -3835.7     41.7     25.9     32.3 2022 12 20 12 37 22.690  1.44   1
   110367  40.551204 -123.974552    21.445    21825.3      108.0       18.0     37.6     30.8     25.0 2022 12 25  1 20 33.690  1.82   1
   110368  40.604000 -123.971720    22.360    22056.6     5970.7      933.2     43.5     34.1     42.8 2023  2 14  3 52  7.700  1.37   1
   110370  40.696773 -123.904305    22.688    27745.6    16272.7     1261.1     57.2     47.5     47.9 2022 12 21  4 44 13.820  1.30   1
   110373  40.659424 -124.011971    29.495    18640.9    12125.3     8068.1    171.4    111.8    209.8 2022 12 20 23 58 39.800  0.88   1
   110374  40.754936 -123.868327    20.792    30776.5    22731.4     -635.3     50.0     38.8     44.0 2022 12 22  4 46 28.990  1.00   1
   110378  40.593323 -124.050854    22.473    15357.4     4785.0     1046.0     26.6     19.5     24.3 2022 12 21 18 52 28.640  1.06   1
   110379  40.519023 -124.421305    18.070   -16020.2    -3465.6    -3357.0     31.5     25.6     54.2 2022 12 22  9 21 28.530  1.40   1
   110382  40.542240 -124.065641    19.353    14110.7     -887.4    -2074.2     24.4     17.5     21.8 2022 12 26  5 31 21.180  1.08   1
   110385  40.593343 -124.086222    19.169    12362.6     4787.3    -2258.4     35.1     21.0     30.4 2022 12 23  0 19 22.520  0.90   1
   110387  40.534159 -124.387712    25.128   -13172.5    -1784.8     3700.4     37.4     30.5     48.1 2023  1 28 23 56 58.200  3.85   1
   110388  40.509302 -124.444873    14.031   -18018.3    -4545.1    -7396.3     69.7     48.8     76.6 2022 12 31 10 20 40.360  1.04   1
   110390  40.639323 -123.987630    25.820    20704.1     9893.1     4393.1     40.8     26.5     44.4 2023  1 17  5 14  2.510  1.84   1
   110391  40.587638 -124.205591    20.807     2254.9     4153.8     -620.1     55.8     36.8     38.4 2022 12 23  0 35 44.600  1.56   1
   110392  40.516187 -124.416838    19.405   -15642.0    -3780.6    -2022.4     18.9     27.4     30.5 2023  1  1 12 19 44.130  1.25   1
   110395  40.554325 -124.215259    16.558     1436.5      454.6    -4869.4     62.8     18.7     37.2 2022 12 20 23 19 53.720  1.40   1
   110396  40.535128 -124.260506    18.294    -2396.4    -1677.2    -3133.3     37.5     28.6     50.0 2022 12 24 20  6  9.180  0.83   1
   110397  40.556812 -124.280786    15.617    -4113.7      730.6    -5810.3     69.5     59.9    101.6 2022 12 23 10 18 25.720  1.66   1
   110399  40.529801 -124.414787    17.836   -15466.7    -2268.7    -3591.2     52.4     39.9     70.6 2022 12 20 10 44 46.730  2.70   1
   110400  40.558695 -124.049194    22.682    15502.0      939.8     1254.4     20.2     14.0     28.0 2022 12 25  4 33 20.570  0.83   1
   110404  40.560645 -124.015438    21.982    18360.9     1156.3      554.8     17.8     10.6     21.2 2022 12 27  0 23 33.800  1.12   1
   110406  40.593901 -124.107031    19.559    10600.5     4849.2    -1868.1     30.4     32.0     32.6 2023  1 11  3 23 18.830  1.45   1
   110408  40.610221 -123.849382    27.461    32413.6     6661.5     6034.2     29.9     17.1     25.5 2023  2 12 20 12 15.900  2.47   1
   110409  40.511230 -124.418807    22.260   -15809.5    -4330.9      832.3     36.8     27.9     39.5 2022 12 21 22  8 58.660  1.39   1
   110412  40.570911 -124.071842    19.772    13582.5     2296.3    -1655.0     43.4     44.3     29.6 2022 12 26  7 30 25.960  0.98   1
   110417  40.551111 -123.975114    21.467    21777.8       97.6       39.9     40.8     31.3     26.5 2022 12 24 12 43  0.520  1.06   1
   110422  40.621924 -124.304069    20.179    -6082.8     7961.1    -1248.0     33.4     18.7     54.1 2022 12 29 13 40 18.010  1.27   1
   110423  40.504508 -124.330900    18.813    -8361.6    -5077.4    -2614.1     21.3     22.8     33.8 2023  2 17 12 38 36.270  0.88   1
   110429  40.594397 -124.014982    22.792    18394.9     4904.3     1364.9     21.5     12.0     21.6 2022 12 22  9 28 37.970  0.68   1
   110431  40.602608 -124.108447    23.095    10479.9     5816.1     1667.5     76.9     36.1     51.8 2022 12 21 17 59 17.620  1.95   1
   110432  40.494751 -124.457267    26.450   -19070.5    -6160.9     5023.2     44.0     29.4     59.0 2022 12 22  1 13 30.130  2.71   1
   110434  40.512496 -124.462801    19.067   -19536.9    -4190.4    -2359.9     27.5     26.5     33.9 2022 12 21 18 26 29.520  1.33   1
   110435  40.531759 -124.382153    24.503   -12701.9    -2051.4     3075.4     30.3     26.8     44.1 2023  1 28 20  7 39.900  1.24   1
   110436  40.471773 -124.536060    23.650   -25751.7    -8712.5     2223.2     38.8     63.4     48.3 2023  2 18  0 47 37.880  1.15   1
   110439  40.472933 -124.430404    19.813   -16796.8    -8583.7    -1614.0     26.2     28.2     24.2 2023  1 27 16 28 41.960  1.01   1
   110442  40.568665 -123.952816    21.597    23663.4     2046.9      169.9     15.9     15.7     32.3 2022 12 20 18 48 54.600  0.91   1
   110443  40.580172 -124.176929    17.968     4682.3     3324.7    -3459.7     52.4     28.0     32.8 2022 12 21 21 55 10.140  0.79   1
   110444  40.501697 -124.503117    27.522   -22954.6    -5389.6     6094.3     22.7     31.2     39.7 2022 12 23 21 41 55.000  1.21   1
   110445  40.524369 -124.387720    23.496   -13174.2    -2871.9     2068.7     31.9     28.9     38.5 2022 12 21  8  6 55.910  1.80   1
   110447  40.562687 -124.016276    22.457    18289.6     1383.1     1029.6     20.1     10.9     22.2 2022 12 24 19 37 36.120  1.39   1
   110448  40.597030 -124.126742    21.586     8931.3     5196.7      158.9     58.1     43.9     59.2 2023  1 31 13 12 49.420  1.12   1
   110452  40.545907 -124.193823    27.208     3252.4     -480.3     5781.2     26.4     18.4     34.6 2022 12 20 23 25 36.340  1.09   1
   110453  40.511479 -124.475008    17.720   -20571.3    -4303.4    -3707.5     35.5     46.1     63.3 2022 12 21 12  8  6.020  1.11   1
   110454  40.465552 -123.817920    23.152    35115.0    -9403.3     1725.0     24.8     39.0     22.1 2022 12 21 13 41 59.550  0.69   1
   110455  40.531893 -124.421501    16.731   -16035.2    -2036.5    -4696.4     38.9     45.5     60.7 2022 12 23 13  9 40.300  0.89   1
   110458  40.620736 -124.310059    20.031    -6590.0     7829.1    -1396.6     57.0     41.8     77.0 2023  2 14  6 32 28.460  1.23   1
   110462  40.587056 -124.440226    23.744   -17614.4     4089.2     2316.6     40.8     42.1     54.1 2023  4 22 17 56 13.080  1.37   1
   110464  40.587585 -124.427897    23.184   -16570.3     4147.9     1756.9     38.1     39.4     67.8 2023  2 13 21 32 14.280  2.09   1
   110466  40.532056 -124.390877    16.892   -13440.9    -2018.4    -4535.1     35.3     36.9     55.2 2022 12 22  0 27 26.630  0.83   1
   110467  40.528414 -124.426619    26.637   -16469.3    -2422.8     5209.9     31.5     30.6     46.2 2022 12 22  3 58 10.660  0.90   1
   110468  40.525525 -123.980070    20.600    21362.0    -2743.6     -827.5     21.0     15.3     20.6 2022 12 24  1 17 32.850  0.88   1
   110470  40.536410 -124.361084    17.077   -10916.6    -1534.9    -4350.7     38.8     32.8     49.7 2023  3 29  5  5 59.480  1.47   1
   110474  40.473002 -124.450033    20.525   -18460.4    -8576.0     -902.0     46.7     48.8     49.2 2022 12 20 12 14 11.380  2.27   1
   110475  40.586206 -124.353914    28.218   -10305.5     3994.8     6790.5     82.8     67.9     95.8 2022 12 21 15  8 37.620  1.85   1
   110476  40.537056 -124.408879    27.902   -14965.4    -1463.1     6474.7     30.3     32.6     45.8 2022 12 20 13 24 12.330  1.51   1
   110477  40.610571 -123.938493    21.781    24868.8     6700.4      353.6     24.1     20.8     37.7 2023  1  3  7 18 42.400  0.99   1
   110479  40.533931 -124.360360    17.289   -10855.5    -1810.1    -4137.9     41.4     27.5     49.0 2022 12 26  2  4 21.800  1.88   1
   110480  40.559330 -124.250146    22.978    -1518.5     1010.3     1550.7     46.6     33.8     48.0 2022 12 21  2 56 11.820  1.60   1
   110481  40.492200 -124.466211    18.002   -19828.7    -6444.2    -3425.6     38.7     39.7     56.5 2023  4  5 14 51 18.340  1.34   1
   110482  40.584880 -123.923950    21.952    26105.0     3847.5      524.4     49.3     55.7     61.3 2022 12 21 19 52  6.360  0.64   1
   110484  40.525810 -124.420028    19.564   -15911.2    -2712.0    -1863.5     34.4     28.2     52.3 2022 12 25  4  3 37.800  0.93   1
   110487  40.753727 -123.850057    20.392    32322.0    22597.2    -1035.4     52.4     46.5     59.9 2022 12 20 14 11  0.150  2.57   1
   110488  40.478890 -124.459530    19.246   -19264.5    -7922.2    -2181.2     31.4     32.1     52.6 2023  2 18  9 18 28.190  1.40   1
   110489  40.519486 -124.424463    19.291   -16287.7    -3414.1    -2136.1     23.6     23.3     38.7 2022 12 29  9 57 25.630  1.27   1
   110494  40.521134 -124.417798    18.794   -15722.8    -3231.1    -2633.0     31.8     35.3     44.0 2023  3  5 20 14 19.720  1.28   1
   110495  40.533488 -124.197127    21.569     2972.7    -1859.3      141.9    112.9     76.7     59.0 2023  1 20 16 55 16.240  1.95   1
   110496  40.502824 -124.445955    18.202   -18110.9    -5264.4    -3224.9     33.6     28.6     59.7 2022 12 30 12 51 54.870  1.14   1
   110497  40.573861 -124.097201    22.907    11434.6     2623.9     1479.7     46.9     37.0     40.7 2022 12 31 14 27 57.700  1.02   1
   110501  40.467749 -124.509806    23.792   -23527.3    -9159.3     2364.3     31.5     50.5     71.5 2022 12 30 21 43 18.320  2.12   1
   110506  40.607719 -124.085815    19.953    12395.7     6383.7    -1474.6     82.8     35.1    121.1 2022 12 20 21 47 48.880  1.10   1
   110507  40.528251 -124.396810    18.197   -13943.9    -2440.9    -3230.0     33.6     27.4     50.2 2022 12 21 10 16 11.430  0.70   1
   110508  40.609090 -124.096598    18.322    11482.6     6535.9    -3105.4     32.2     30.3     42.4 2022 12 30  9  0 39.550  1.14   1
   110509  40.575578 -124.287321    22.916    -4666.6     2814.5     1489.1     53.7     45.4     62.8 2023  1  2  8  1 22.300  0.77   1
   110510  40.497099 -124.430615    24.460   -16811.7    -5900.2     3033.2     30.0     25.1     46.0 2023  1  2  8 25 11.060  1.28   1
   110511  40.628967 -124.019352    23.918    18020.2     8743.2     2490.8     51.2     46.1     56.9 2022 12 21  4 15 19.850  2.45   1
   110512  40.509196 -124.335352    19.046    -8738.5    -4556.9    -2380.8     19.9     24.0     24.0 2022 12 21 17 35 50.480  1.40   1
   110513  40.523149 -124.411816    19.180   -15215.8    -3007.5    -2247.1     38.4     35.4     36.0 2022 12 20 15  4 50.680  1.42   1
   110515  40.544869 -124.229769    21.432      207.5     -595.5        5.0     59.9     61.5     56.7 2023  1 11 13 29 12.060  1.57   1
   110517  40.597774 -124.085954    23.502    12384.9     5279.4     2074.6     59.0     36.7     40.9 2023  3 12  6 43 46.740  0.89   1
   110518  40.522030 -124.436768    18.056   -17329.9    -3131.7    -3371.6     38.5     44.9     69.2 2022 12 20 10 43 39.300  2.63   1
   110519  40.575822 -124.146167    22.314     7287.6     2841.7      887.2     66.1     28.7     50.8 2022 12 20 23 22 14.760  1.65   1
   110521  40.570231 -124.157585    23.334     6320.9     2220.8     1906.9     62.0     32.9     47.1 2022 12 23  1 11 44.550  1.32   1
   110522  40.644678 -124.094019    23.221    11698.0    10487.8     1794.3    189.6     73.6     78.5 2022 12 20 18 48 15.520  0.97   1
   110523  40.509176 -124.492863    24.022   -22084.5    -4559.1     2594.3     34.2     41.8     42.4 2022 12 21  1  7 33.310  3.25   1
   110524  40.607458 -124.085824    18.123    12395.1     6354.7    -3304.3     44.2     29.7     45.4 2022 12 21  9 31  7.840  1.25   1
   110525  40.617411 -124.079956    18.356    12890.9     7460.0    -3070.8     56.5     27.6     41.5 2022 12 26  7 21 10.390  0.93   1
   110526  40.491182 -124.509749    15.645   -23518.4    -6557.2    -5782.1     39.0     45.4     68.6 2023  2 18 20 58 10.920  1.67   1
   110527  40.523820 -124.439437    19.250   -17555.8    -2932.9    -2176.9     31.4     36.7     33.0 2022 12 22  3 55 53.820  1.44   1
   110529  40.553170 -124.259326    24.900    -2296.1      326.2     3472.4     33.8     32.4     63.2 2023  5 18 13 21 36.440  0.56   1
   110530  40.618945 -124.069100    16.146    13809.8     7630.3    -5281.2     50.4     25.6     48.4 2022 12 22  4 49 54.170  0.84   1
   110531  40.531974 -124.351823    19.082   -10132.4    -2027.4    -2345.0     37.5     49.0     54.7 2022 12 20 19 16  2.640  1.29   1
   110532  40.542257 -124.349243    16.454    -9913.1     -885.6    -4973.6     42.4     36.5     52.7 2022 12 23  4  9 55.040  1.00   1
   110533  40.653552 -124.058073    16.031    14739.6    11473.2    -5396.3     68.6     62.4    132.3 2022 12 21 11 50 10.940  0.78   1
   110534  40.526176 -124.402970    18.789   -14466.0    -2671.3    -2637.9     26.4     29.5     38.9 2023  1  4 16 29 55.050  1.61   1
   110535  40.522880 -124.412402    18.821   -15265.5    -3037.3    -2606.2     24.8     21.8     36.9 2022 12 22 10 55 51.720  0.98   1
   110537  40.613672 -124.081217    23.369    12784.5     7044.7     1941.9     55.2     42.7     60.4 2022 12 21 16 28 15.660  3.99   1
   110539  40.526213 -124.338957    18.870    -9042.8    -2667.2    -2557.3     30.9     29.8     59.6 2022 12 25  8 22 48.250  0.72   1
   110541  40.578170 -124.185750    18.320     3935.2     3102.4    -3107.4     42.1     22.1     41.8 2023  2 18  6 52 19.650  1.07   1
   110542  40.578540 -124.187728    18.024     3767.8     3143.5    -3403.5     55.2     18.7     37.5 2022 12 20 17 56  5.920  1.14   1
   110544  40.599264 -124.182251    19.266     4230.9     5444.7    -2161.5     71.9     29.5     62.2 2023  3 21 22 51 34.760  0.98   1
   110546  40.502783 -124.448315    19.513   -18310.8    -5269.0    -1914.1     33.8     41.3     70.2 2022 12 27  1 23 41.520  0.94   1
   110547  40.615499 -123.924064    21.069    26089.4     7247.6     -357.8     31.5     41.5     35.8 2022 12 20 23 36 50.880  1.00   1
   110549  40.542643 -124.055420    19.733    14976.5     -842.7    -1694.4     25.7     25.6     22.9 2022 12 21  4 18 46.220  2.04   1
   110551  40.612349 -124.088664    18.320    12154.1     6897.9    -3107.5     40.5     27.6     39.5 2023  2 17 11 16 14.330  1.12   1
   110553  40.525810 -123.920003    20.452    26450.8    -2712.0     -975.5     49.4     48.2     35.9 2022 12 25  0 34  1.910  0.77   1
   110554  40.549101 -124.243872    18.174     -987.1     -125.6    -3253.1     38.0     20.0     25.1 2022 12 21  0  5 31.440  1.34   1
   110556  40.498543 -124.434237    23.531   -17118.4    -5739.8     2104.0     27.6     27.7     34.7 2023  2 25 14 23 27.120  1.53   1
   110559  40.614563 -124.127393    21.430     8875.0     7143.7        3.0     78.3     45.8     89.3 2023  3 13  0 48 17.330  0.83   1
   110560  40.630709 -123.928939    21.608    25673.8     8936.6      180.7     22.3     21.9     22.0 2023  2  2  2 38 55.900  1.60   1
   110561  40.620728 -123.891699    23.987    28828.5     7828.2     2559.3     62.2     54.4     62.7 2022 12 20 17 35 32.520  1.17   1
   110564  40.601025 -124.116951    16.328     9760.0     5640.4    -5098.9     48.4     32.8     39.1 2022 12 24  4 18 59.420  0.99   1
   110566  40.607784 -124.105957    18.256    10690.4     6390.9    -3171.6     39.3     30.2     29.9 2022 12 22  5 24 44.100  2.65   1
   110568  40.499451 -124.470093    15.955   -20156.6    -5639.0    -5472.7     23.9     31.7     35.9 2023  3 22 19 35 25.080  1.32   1
   110569  40.646216 -124.023381    18.282    17676.9    10658.6    -3144.9     30.5     21.5     37.0 2023  1  2  9 44 23.910  0.93   1
   110570  40.601790 -124.123893    20.165     9172.1     5725.3    -1261.8     47.1     30.1     40.3 2022 12 22  6 14 22.080  1.10   1
   110572  40.532292 -124.244393    19.032    -1031.4    -1992.2    -2394.8     29.2     29.6     32.2 2023  1  1 22 18 52.920  1.17   1
   110574  40.627104 -124.096191    19.943    11515.5     8536.3    -1484.6     48.8     25.8     49.0 2022 12 21 22 33 49.080  1.00   1
   110575  40.578414 -124.166064    26.439     5602.4     3129.5     5011.8     94.6     42.3     72.3 2022 12 23  1 10  6.400  0.80   1
   110577  40.618136 -124.229354    23.871      242.5     7540.4     2444.0     41.0     30.3     39.7 2022 12 25 19 13 28.400  0.95   1
   110578  40.568351 -124.144800    21.677     7403.8     2012.1      249.9     80.5     32.0     43.1 2022 12 20 20 26 41.720  2.13   1
   110579  40.520268 -124.352075    21.771   -10154.7    -3327.4      344.0     59.8     58.5     68.0 2022 12 21  8 58 34.030  0.97   1
   110580  40.610010 -124.055542    22.790    14958.7     6638.1     1362.3     44.5     20.6     24.5 2023  1  3  4 53 49.540  1.15   1
   110581  40.567607 -124.233634    20.352     -119.9     1929.4    -1075.4     38.1     23.0     43.8 2023  5 28 11 38 43.770  1.07   1
   110582  40.562687 -123.935002    22.124    25173.3     1383.1      696.8     19.7     15.3     29.7 2022 12 21 23 36 17.240  1.23   1
   110586  40.522880 -123.897526    20.063    28355.7    -3037.3    -1363.9     57.3     65.4     72.2 2022 12 22  5 36 49.910  0.70   1
   110587  40.605990 -123.914990    25.217    26859.6     6191.6     3789.4     33.4     30.4     39.1 2022 12 20 10 48 38.300  2.65   1
   110588  40.596700 -124.115609    18.139     9874.0     5160.1    -3288.1     31.1     28.4     33.5 2022 12 22  7 50 48.720  1.53   1
   110589  40.533459 -124.051392    19.476    15318.8    -1862.5    -1951.1     32.4     23.6     28.2 2022 12 21  0 13 29.150  1.50   1
   110590  40.653861 -123.884489    27.778    29431.6    11507.6     6350.7     77.0     68.3    110.0 2022 12 23 19 10 35.240  1.06   1
   110591  40.587390 -124.066756    21.606    14011.5     4126.2      179.2     32.2     23.2     27.3 2022 12 25 22 34 55.360  0.82   1
   110592  40.618001 -124.075627    17.888    13257.4     7525.5    -3539.7     37.8     23.5     28.5 2023  1 18  8 28 49.360  0.92   1
   110594  40.558988 -123.936279    21.159    25065.8      972.4     -268.6     29.8     13.9     27.6 2022 12 21  0 45 40.230  1.26   1
   110595  40.592843 -124.324919    21.348    -7849.6     4731.7      -79.5     43.9     26.1     32.8 2022 12 20 10 52 39.340  3.28   1
   110596  40.540348 -124.340299    17.684    -9155.6    -1097.5    -3743.0     34.9     27.5     38.1 2022 12 29  7 31 23.150  0.85   1
   110597  40.618852 -124.078361    20.351    13025.8     7619.9    -1074.8     47.0     39.8     44.4 2022 12 20 21 24 28.880  0.90   1
   110598  40.599475 -124.104077    22.909    10850.2     5468.2     1481.9     66.9     30.3     42.4 2022 12 26  1 46  3.150  1.45   1
   110600  40.522400 -124.380168    17.393   -12534.6    -3090.6    -4034.3     40.7     29.6     64.6 2022 12 20 19 51  5.480  1.33   1
   110604  40.571021 -123.937370    21.349    24971.2     2308.5      -78.4     19.2     16.3     19.6 2022 12 21 17  1 49.600  1.16   1
   110605  40.522225 -124.431852    19.686   -16913.4    -3110.0    -1741.3     22.4     28.0     35.6 2022 12 22  7 33 35.520  1.14   1
   110607  40.662162 -124.020182    18.050    17945.5    12429.3    -3377.7     62.8     33.5     53.6 2022 12 21 14 33 24.290  1.52   1
   110608  40.641455 -124.026904    18.422    17379.3    10129.9    -3005.2     46.4     24.9     52.5 2022 12 25 12 29 55.020  1.64   1
   110609  40.575859 -124.153597    23.099     6658.3     2845.7     1671.3     75.3     23.1     42.5 2022 12 20 19 19  0.120  1.41   1
   110611  40.552885 -124.242611    17.988     -880.3      294.6    -3439.2     44.3     55.4     52.3 2022 12 21 12 21 21.680  0.97   1
   110613  40.667623 -123.887882    22.854    29141.4    13035.7     1426.6     38.4     31.7     31.1 2022 12 27 17 40  9.980  1.83   1
   110614  40.551298 -124.319881    20.524    -7425.4      118.4     -902.8     54.3     37.6     53.8 2023  2 15 14 26 55.060  2.21   1
   110615  40.580693 -124.134863    21.897     8244.6     3382.5      469.4     66.2     50.3     71.4 2022 12 21  9 48 30.660  1.09   1
   110618  40.606380 -123.982633    22.745    21132.2     6235.0     1317.6     59.5     60.7     37.9 2022 12 20 23 30 29.600  1.04   1
   110619  40.599377 -123.917627    22.025    26637.6     5457.4      597.3     31.7     30.8     36.0 2022 12 22  4 23  9.220  0.67   1
   110620  40.598706 -123.896712    25.226    28408.7     5382.8     3799.1     39.6     39.6     52.0 2022 12 25 16 15  8.400  1.07   1
   110622  40.604582 -124.100456    15.568    11156.4     6035.3    -5859.4     53.5     44.3     32.5 2022 12 28  9 46 28.530  1.31   1
   110623  40.595040 -124.154028    22.869     6620.9     4975.7     1442.2     52.3     34.6     55.9 2022 12 30  9 23 12.150  1.07   1
   110624  40.607996 -124.108065    18.233    10511.9     6414.4    -3194.2     46.1     45.5     61.7 2023  4  2 23  2 20.160  1.02   1
   110625  40.551404 -124.073592    19.096    13436.3      130.1    -2330.9     41.8     42.5     37.7 2022 12 20 21 22 52.960  1.20   1
   110626  40.560136 -124.018132    22.151    18132.8     1099.8      723.5     22.2     15.3     23.2 2022 12 24 20 57 12.400  1.30   1
   110627  40.593347 -124.190649    21.348     3520.0     4787.7      -78.9     60.8     26.6     57.1 2022 12 20 16 59 23.800  1.39   1
   110628  40.550399 -123.883545    22.324    29534.2       18.5      896.4     39.2     40.1     49.7 2022 12 25  6 37 31.440  1.50   1
   110629  40.585681 -124.224902    24.426      619.5     3936.5     2999.1     73.5     50.2     99.6 2023  2  2  2 53 51.230  0.90   1
   110630  40.600972 -124.106771    15.534    10622.0     5634.5    -5892.8     38.5     26.6     28.1 2022 12 22  6 38 46.920  0.92   1
   110631  40.600281 -123.997803    19.931    19848.7     5557.7    -1496.3     36.9     23.8     23.3 2022 12 22  6 27  3.370  1.14   1
   110633  40.511230 -124.451506    24.216   -18580.0    -4330.9     2789.0     44.0     39.7     73.4 2022 12 20 11 23 42.960  2.53   1
   110634  40.612329 -124.080737    15.820    12825.2     6895.6    -5606.8     49.5     24.2     39.6 2023  1  3  7 23 30.820  1.13   1
   110635  40.549048 -124.052897    22.695    15189.5     -131.5     1267.7     26.4     15.1     21.0 2022 12 24  7 16 44.450  1.51   1
   110636  40.577600 -124.209692    17.674     1907.7     3039.1    -3753.6     32.6     24.7     32.3 2023  5  5 10 50 40.220  0.86   1
   110637  40.543892 -124.336515    17.481    -8834.8     -704.0    -3946.7     29.7     25.6     30.3 2022 12 25 12 21 40.770  1.90   1
   110638  40.578959 -124.148787    23.402     7065.5     3190.0     1975.2     52.0     32.9     36.4 2022 12 21 19 17 30.720  1.31   1
   110641  40.643681 -124.000749    18.864    19593.0    10377.1    -2562.8     61.5     32.3     53.1 2022 12 25  9 11 59.060  0.70   1
   110643  40.540210 -123.912590    22.999    27076.0    -1112.9     1572.0     32.8     31.4     27.2 2023  2 16 18  3 27.440  1.53   1
   110644  40.562679 -123.977824    23.628    21546.4     1382.2     2200.7     25.7     25.0     22.4 2023  2 13  5 45 35.220  1.23   1
   110646  40.572164 -124.422176    24.986   -16087.7     2435.4     3558.6     82.6    106.1    173.8 2023  2  6 20 12  2.580  1.35   1
   110647  40.567981 -124.154085    21.343     6617.4     1970.9      -83.8    118.3     45.7     68.5 2022 12 20 19  6 23.200  1.47   1
   110649  40.521021 -124.359538    22.962   -10786.9    -3243.8     1534.5     50.1     46.3     58.8 2022 12 25 23 13 35.000  1.83   1
   110650  40.704513 -123.960156    21.779    23018.5    17132.1      351.8     38.3     34.1     30.8 2022 12 26  9 16 16.030  1.67   1
   110651  40.615308 -123.818555    26.934    35022.3     7226.4     5507.1     40.0     48.9     57.5 2023  4  8  3  4 20.710  1.95   1
   110652  40.514795 -124.439958    17.965   -17601.1    -3935.1    -3462.4     24.3     26.6     28.4 2023  2  8 14 16 55.210  1.31   1
   110653  40.531958 -124.401994    18.660   -14382.7    -2029.2    -2767.5     30.0     27.3     40.5 2022 12 26  8 29 16.340  0.84   1
   110654  40.595508 -124.004606    22.912    19273.3     5027.7     1485.0     29.9     23.4     21.5 2022 12 24 22 12 36.600  2.10   1
   110655  40.568384 -124.019743    22.506    17995.2     2015.7     1078.8     28.6     12.9     28.1 2023  4 30 12 38 22.840  0.62   1
   110656  40.585217 -124.183162    26.829     4154.2     3885.0     5401.5    319.8    114.2    220.7 2023  1 20 22  9 26.880  0.94   1
   110660  40.538045 -124.342562    16.565    -9347.4    -1353.3    -4862.4     29.5     25.3     46.2 2022 12 31 15  5 32.620  1.28   1
   110663  40.580257 -123.956356    24.513    23361.6     3334.2     3086.0     59.0     48.1     57.9 2022 12 21 22 26 11.040  1.39   1
   110664  40.550749 -123.974943    21.112    21792.3       57.4     -314.9     30.8     22.3     33.1 2022 12 20 16  1 13.350  1.61   1
   110665  40.491842 -124.511003    17.790   -23624.5    -6484.0    -3636.8     48.3     54.8     75.3 2023  4  6  4 40 19.060  0.75   1
   110666  40.499874 -124.468872    17.908   -20053.1    -5592.0    -3518.9     28.9     33.9     39.9 2022 12 29  8 32 33.620  1.49   1
   110667  40.598877 -124.329989    21.067    -8278.6     5401.8     -360.0     42.9     23.2     42.7 2022 12 25  7 56 23.340  0.72   1
   110671  40.584790 -124.096191    23.326    11519.2     3837.5     1898.6     49.1     37.3     34.7 2022 12 20 23  1 57.840  1.31   1
   110672  40.536056 -124.350065    18.237    -9983.2    -1574.2    -3190.2     30.9     27.6     41.6 2023  4 15  0  7  1.200  0.77   1
   110673  40.584229 -124.212598    23.169     1661.5     3775.2     1741.6     83.9     57.8    101.5 2022 12 21 16 59 16.830  0.92   1
   110674  40.552165 -124.225033    17.821      608.7      214.6    -3606.4     31.8     24.8     31.1 2022 12 23  5  1 13.690  1.08   1
   110675  40.704220 -123.934001    22.561    25231.6    17099.6     1133.8     33.9     24.4     28.9 2022 12 22 16 21 35.960  1.66   1
   110676  40.479720 -124.404256    19.949   -14580.0    -7830.0    -1478.4     38.9     37.4     49.6 2023  1 30 10 56 56.600  0.99   1
   110677  40.511230 -124.439827    17.501   -17590.5    -4330.9    -3925.9     32.3     35.6     49.6 2022 12 23  0 10 35.700  1.04   1
   110678  40.517940 -124.429329    16.713   -16700.2    -3585.8    -4714.4     38.6     48.3     59.2 2023  1  8  2 15 56.440  1.14   1
   110679  40.512679 -124.434912    17.377   -17173.9    -4170.1    -4049.9     41.1     15.9     70.5 2023  4 20 15 36 20.100  0.92   1
   110681  40.638664 -123.911450    21.415    27152.7     9819.9      -12.0     32.7     28.2     25.4 2022 12 21  2 53 42.600  1.60   1
   110683  40.503792 -124.455086    19.864   -18884.4    -5156.9    -1563.3     23.9     29.3     43.7 2022 12 21  8 21  0.830  1.29   1
   110685  40.533870 -124.372575    24.690   -11890.3    -1816.9     3262.4     33.6     31.2     50.8 2023  1 29  2 21 34.040  0.86   1
   110686  40.548136 -124.311629    17.934    -6726.6     -232.7    -3493.3     46.8     19.2     35.9 2022 12 20 19 42 50.340  1.43   1
   110687  40.641720 -124.048503    19.426    15551.0    10159.3    -2001.5     44.1     38.0     59.9 2022 12 26  1 31 33.690  1.21   1
   110688  40.682829 -123.884383    22.214    29434.3    14724.3      786.6     44.1     42.9     57.2 2022 12 20 16  7 38.970  2.01   1
   110689  40.550785 -123.757878    21.766    40178.7       61.5      338.9     38.2     59.8     20.7 2022 12 22  0 56 27.730  0.68   1
   110692  40.510946 -124.468929    21.132   -20056.3    -4362.6     -295.2     38.3     46.6     72.6 2022 12 29 10 57 23.460  1.08   1
   110694  40.517566 -124.444897    18.997   -18019.2    -3627.4    -2430.0     35.8     38.6     56.1 2022 12 29  5 31  8.470  1.04   1
   110695  40.549947 -124.224935    17.809      616.9      -31.6    -3618.3     30.0     20.3     31.2 2022 12 24  5  9  2.290  1.55   1
   110697  40.573161 -124.219019    16.998     1117.9     2546.1    -4429.1     53.2     38.9     74.4 2022 12 23 20 30 28.480  1.23   1
   110698  40.541357 -124.239014    18.139     -575.6     -985.5    -3288.0     25.4     20.4     41.8 2023  1 26  5 47 35.730  1.04   1
   110699  40.509957 -124.412679    18.930   -15290.4    -4472.4    -2497.1     22.7     28.3     31.9 2022 12 22  9  7 10.520  0.52   1
   110700  40.575130 -124.212695    18.370     1653.4     2764.8    -3057.4     31.0     19.9     55.0 2022 12 25  3 58 23.130  0.90   1
   110702  40.629179 -123.956217    22.261    23364.9     8766.7      833.4     40.5     24.0     32.5 2022 12 20 23 26 24.700  1.53   1
   110703  40.530290 -124.330868    17.506    -8357.3    -2214.5    -3921.1     39.2     29.7     29.0 2022 12 22 14 28 55.050  1.12   1
   110705  40.513643 -123.879492    21.644    29885.6    -4063.0      217.1     23.0     21.3     27.7 2023  3  1  0 37 17.190  1.45   1
   110706  40.559810 -123.992961    23.902    20264.8     1063.6     2474.8     27.1     22.2     26.1 2022 12 20 23 41  1.760  1.68   1
   110707  40.545870 -123.841504    22.227    33096.4     -484.4      800.1     63.0     64.7     81.3 2022 12 21 22 14 18.520  1.56   1
   110708  40.577612 -124.208162    17.645     2037.2     3040.5    -3782.0     30.5     24.5     29.8 2023  3  5  0 34 58.820  1.58   1
   110710  40.605733 -124.134953    18.564     8235.5     6163.2    -2863.3     52.0     33.9     54.6 2023  1 14  1 10 27.140  1.46   1
   110711  40.612374 -124.071818    20.738    13580.4     6900.6     -689.0     43.0     32.2     38.0 2022 12 20 21  2 39.800  1.14   1
   110712  40.548279 -123.953149    22.580    23638.8     -216.9     1153.0     38.0     48.3     38.8 2023  1 10 19 11 36.040  1.34   1
   110715  40.609843 -124.082235    16.460    12698.7     6619.5    -4967.0     56.4     21.6     68.6 2022 12 20 21 22 37.100  1.23   1
   110716  40.586308 -123.887109    21.345    29224.5     4006.1      -82.1     54.4     48.2    111.2 2022 12 22  1 50 13.650  0.65   1
   110717  40.608427 -124.298210    19.727    -5587.3     6462.3    -1699.8     63.2     27.5     68.1 2023  4  9 21 13 25.880  0.97   1
   110718  40.523486 -124.432227    19.246   -16945.0    -2970.0    -2180.8     32.3     29.8     37.8 2022 12 22  3 44  5.310  1.01   1
   110720  40.587354 -124.203092    20.745     2466.4     4122.2     -682.1     58.5     30.7     47.6 2022 12 21  1 23  1.660  0.93   1
   110721  40.550968 -124.308203    17.880    -6436.2       81.8    -3547.2     47.1     24.7     46.2 2022 12 20 16 43 44.910  1.41   1
   110722  40.550977 -124.301164    17.998    -5839.9       82.7    -3429.0     47.7     22.9     63.5 2022 12 20 19 45  5.720  1.04   1
   110723  40.469450 -124.544149    21.334   -26437.7    -8970.5      -93.3     55.0     75.5     71.0 2022 12 22  7 29 30.560  0.68   1
   110724  40.518677 -124.344596    19.542    -9521.1    -3504.1    -1885.1     38.5     34.2     28.7 2022 12 22  8 32 21.500  0.63   1
   110725  40.546936 -124.311174    17.911    -6688.0     -366.0    -3515.8     47.6     39.4     60.5 2022 12 24 21 51 17.000  0.84   1
   110726  40.519393 -124.425122    19.983   -16343.5    -3424.5    -1444.7     17.5     19.3     25.6 2022 12 25 10 58 46.850  0.74   1
   110727  40.516305 -124.355371    19.490   -10434.2    -3767.5    -1937.0     39.2     32.9     31.3 2022 12 26 20 22  8.180  1.12   1
   110728  40.519649 -124.420003    19.599   -15909.8    -3396.1    -1828.4     23.1     20.5     32.9 2023  1  3 14 30 47.720  1.13   1
   110729  40.578646 -124.208488    17.772     2009.7     3155.2    -3655.7     35.3     27.9     36.9 2023  1  4 10 27 27.700  1.40   1
   110730  40.550069 -124.299015    23.056    -5658.0      -18.1     1629.0     74.2     70.5     84.6 2023  1 27  5 50 36.430  1.31   1
   110731  40.512044 -124.440991    17.962   -17689.0    -4240.6    -3465.5     30.4     25.7     66.7 2023  3 16 18  8 14.040  1.34   1
   110735  40.533838 -124.348169    17.962    -9822.7    -1820.5    -3465.6     35.7     23.5     53.4 2022 12 20 21 52 17.400  1.04   1
   110736  40.503255 -124.330656    18.862    -8341.0    -5216.5    -2565.2     21.6     19.8     27.3 2022 12 22  5 34 15.770  1.28   1
   110737  40.523954 -124.424772    18.324   -16313.4    -2918.0    -3103.3     32.5     38.2     47.7 2022 12 22 10 19 33.470  1.21   1
   110738  40.546273 -124.317790    18.699    -7248.5     -439.6    -2728.2     47.8     34.4     53.3 2022 12 26 12 16 44.250  0.71   1
   110739  40.522681 -124.423055    17.953   -16168.0    -3059.4    -3474.7     30.0     30.1     44.4 2023  1 11  1 42 23.060  2.03   1
   110743  40.581848 -124.199837    17.891     2742.2     3510.8    -3536.7     39.0     17.6     28.6 2023  3 25 16 17 15.180  0.90   1
   110745  40.516036 -124.431722    18.399   -16903.1    -3797.3    -3028.6     22.6     22.2     44.8 2023  1 20  8 32 25.670  1.94   1
   110746  40.518656 -124.449601    19.989   -18417.6    -3506.3    -1437.9     53.9     62.4     55.9 2023  2 15 19 15 16.420  1.23   1
   110747  40.543331 -124.341992    19.891    -9298.8     -766.3    -1536.3     43.8     35.1     48.3 2022 12 23 14  7  9.940  0.88   1
   110748  40.553796 -124.438892    25.122   -17505.7      395.8     3695.2     46.8     41.9     74.8 2022 12 20 15 58 21.830  1.76   1
   110749  40.500883 -124.460954    15.775   -19382.0    -5480.0    -5652.6     25.7     30.0     41.0 2022 12 26  6 35 42.200  1.15   1
   110750  40.592387 -124.118311    17.281     9645.5     4681.1    -4146.3     37.2     33.3     31.3 2023  1 14  6 13 33.720  1.13   1
   110751  40.574980 -123.986434    20.941    20815.2     2748.1     -485.9     17.2     22.0     33.7 2022 12 20 17 38 50.000  1.62   1
   110752  40.578573 -124.202507    20.129     2516.2     3147.1    -1297.9     49.0     19.3     32.3 2022 12 22 21 13 37.280  0.95   1
   110753  40.526624 -124.323779    17.924    -7757.0    -2621.6    -3502.8     39.0     28.1     44.8 2022 12 22 22  2  6.300  1.11   1
   110754  40.524443 -124.356909    18.601   -10563.9    -2863.8    -2826.1     26.1     22.9     25.8 2022 12 22 22 45  9.160  1.52   1
   110757  40.524988 -124.344214    19.127    -9488.3    -2803.2    -2300.5     24.6     24.3     36.1 2022 12 28 13 28 43.290  1.64   1
   110758  40.552738 -124.237012    19.689     -406.0      278.3    -1738.5     24.5     16.2     31.7 2023  1 15 15 14  5.770  1.41   1
   110759  40.517362 -124.409123    21.440   -14988.2    -3650.0       13.0     32.0     44.8     70.5 2023  2 10 21  1  5.660  1.17   1
   110761  40.586145 -124.150700    22.004     6903.2     3988.0      576.6     48.1     31.8     41.8 2023  1 21 22  3  8.900  1.49   1
   110765  40.522595 -124.401571    18.240   -14347.8    -3068.9    -3187.0     35.7     31.9     42.8 2022 12 24  2 43 20.530  1.79   1
   110766  40.500822 -124.444759    18.246   -18009.8    -5486.8    -3181.1     34.9     43.4     78.1 2023  2  7 19 48  3.920  1.35   1
   110767  40.505363 -124.479525    17.957   -20954.9    -4982.5    -3470.0     33.8     36.7     46.2 2023  5  3  4 14 16.070  1.55   1
   110768  40.535645 -124.341886    18.698    -9290.4    -1619.9    -2729.1     27.0     23.7     27.2 2023  2 17 23 11 43.020  1.41   1
   110769  40.577795 -124.211304    18.079     1771.2     3060.8    -3348.0     44.4     25.9     58.9 2022 12 22 11 55 31.760  1.02   1
   110770  40.594661 -124.100350    24.849    11166.2     4933.7     3421.4     63.3     33.4     70.8 2023  1  4  8 48  8.840  1.05   1
   110771  40.515385 -124.443156    18.206   -17872.0    -3869.6    -3221.5     28.0     29.3     50.7 2022 12 21 11 33 42.730  2.09   1
   110772  40.518949 -124.421094    16.707   -16002.3    -3473.8    -4720.0     33.2     44.4     56.9 2022 12 22  1 51 31.680  0.96   1
   110774  40.516488 -124.428328    18.853   -16615.6    -3747.1    -2574.7     40.4     42.3     63.9 2022 12 22 13 45 54.290  0.88   1
   110778  40.594336 -124.095589    22.004    11569.3     4897.5      576.6     84.4     34.1     74.4 2022 12 20 13 10 43.400  0.88   1
   110780  40.515796 -124.439185    18.395   -17535.4    -3824.0    -3032.2     26.6     20.9     48.8 2023  1 27  2 38 13.190  1.41   1
   110781  40.602389 -124.024414    21.170    17595.2     5791.7     -257.1     45.4     41.1     34.0 2022 12 22  7 36 42.420  0.86   1
   110782  40.519385 -124.418213    16.984   -15758.2    -3425.4    -4442.9     26.9     31.8     48.0 2023  1 19  4 55  2.650  1.72   1
   110783  40.534229 -124.242879    19.750     -903.1    -1777.1    -1676.8     24.7     23.5     31.1 2022 12 21  9 13 55.700  1.90   1
   110785  40.599585 -124.109351    16.245    10403.7     5480.4    -5182.7     81.9     40.5     51.8 2023  3 27 13  6 21.780  0.85   1
   110786  40.515218 -124.441756    17.915   -17753.4    -3888.1    -3512.2     28.9     31.0     35.8 2022 12 21 10 46 12.660  1.82   1
   110787  40.587317 -124.175464    20.047     4806.0     4118.1    -1380.3     80.4     43.2     74.8 2022 12 22  9 24 48.500  0.91   1
   110788  40.659379 -124.007292    19.495    19036.9    12120.3    -1932.6     38.9     31.3     47.2 2022 12 22  1 16  9.260  0.66   1
   110789  40.522294 -124.415096    18.815   -15493.8    -3102.4    -2612.6     31.0     29.1     42.8 2022 12 23 19 12 41.740  1.83   1
   110790  40.568864 -124.189917    22.678     3582.6     2069.0     1250.7    117.4     61.2     92.7 2022 12 24 15 43 41.860  0.86   1
   110791  40.525439 -124.410938    22.980   -15141.1    -2753.1     1552.8     95.5     81.0    104.8 2022 12 21 21 14 36.000  0.82   1
   110793  40.516886 -124.413517    20.907   -15360.6    -3702.9     -519.8     36.1     31.0     41.5 2022 12 26 14 17  3.520  0.91   1
   110794  40.595483 -124.112866    18.423    10106.3     5025.0    -3004.7     36.1     19.4     33.3 2023  3 11 16 16 54.220  1.44   1
   110796  40.542106 -124.334448    17.526    -8659.9     -902.3    -3901.2     25.4     23.2     25.6 2022 12 22  1 52 50.750  1.67   1
   110797  40.520247 -124.353312    19.273   -10259.5    -3329.6    -2154.5     40.6     30.6     45.9 2022 12 24 21 53 24.440  1.63   1
   110799  40.524264 -124.403451    19.311   -14506.9    -2883.7    -2116.7     42.7     36.7     34.2 2022 12 20 10 40 17.470  2.91   1
   110801  40.557410 -124.236442    19.823     -357.7      797.1    -1604.6     36.2     26.1     34.0 2022 12 20 12 16  5.480  2.04   1
   110802  40.574882 -124.081543    19.240    12760.6     2737.3    -2187.6     44.3     47.5     33.0 2022 12 21  0 15 31.010  2.88   1
   110803  40.652808 -124.017920    18.996    18138.3    11390.6    -2430.9     47.7     25.0     57.9 2022 12 22  5 56 58.350  0.78   1
   110804  40.519259 -124.438916    19.431   -17512.2    -3439.4    -1996.1     26.5     21.8     57.1 2022 12 20 20 38 36.440  1.22   1
   110806  40.514648 -124.433740    18.649   -17074.3    -3951.4    -2778.1     30.5     25.7     58.7 2023  2  1  8 26 47.510  1.32   1
   110808  40.535327 -124.340617    18.061    -9182.9    -1655.1    -3365.8     33.4     48.6     91.3 2023  3 31  1 48 56.260  0.92   1
   110809  40.523075 -124.428019    20.003   -16588.6    -3015.6    -1423.9     30.0     27.7     41.2 2022 12 22  0 38 39.810  1.01   1
   110810  40.616154 -124.080599    16.951    12836.6     7320.3    -4476.1     55.1     34.0     47.3 2023  1  4  6 36 41.150  1.09   1
   110812  40.603446 -124.134253    18.433     8294.9     5909.2    -2994.3     57.3     25.7     45.1 2023  2  2  5 38 31.180  0.92   1
