   101475  40.580660 -123.982601    20.761    21139.0     3378.9     -666.1     16.5     15.1     19.6 2020  1  4 12 29  8.640  0.00   1
   101476  40.580375 -123.982275    20.685    21166.6     3347.3     -742.1     19.5     17.6     18.2 2020  2 13 22 21 36.940  0.00   1
   101477  40.581702 -123.981746    20.830    21211.2     3494.6     -597.1     12.0      9.6     30.7 2020  3 19  1  4 26.040  0.00   1
   101481  40.581112 -123.983171    20.718    21090.7     3429.1     -709.6     16.5      8.7     16.4 2021  3 29 15 56 33.780  0.00   1
   101482  40.581124 -123.982861    20.742    21116.8     3430.4     -684.9     16.5      9.6     17.5 2021  3 29 13 44 54.940  0.00   1
   101483  40.581246 -123.982935    20.747    21110.6     3444.0     -680.6     17.8     10.6     17.9 2021  3 30 14 30 26.580  0.00   1
   101484  40.581128 -123.982731    20.751    21127.9     3430.9     -676.3     15.5      9.6     18.2 2021  3 30 16 56 58.820  0.00   1
   101487  40.581449 -123.982487    20.806    21148.5     3466.6     -620.9     13.1     12.9     23.4 2021  9 19 18 51 35.660  0.00   1
   101488  40.582121 -123.981128    20.772    21263.5     3541.1     -655.6     18.1     13.9     22.2 2021 12  7  4 20 27.260  0.00   1
   101564  40.533455 -124.272078    11.639    -3376.7    -1863.0    -9787.9     28.6     13.1     16.0 2020  1  4 11 37 20.680  0.00   1
   102513  40.563411 -124.126034    22.301     8993.5     1463.5      874.0     41.9     25.0     40.9 2020  1 21 18 29 29.080  0.00   1
   102514  40.564632 -124.125203    22.432     9063.7     1599.1     1004.9     52.1     29.0     52.7 2020  1 21 18 17 50.920  0.00   1
   102517  40.563900 -124.120646    22.968     9449.7     1517.7     1541.2     48.6     31.8     46.7 2020  1 21 18 17 12.580  0.00   1
   102584  40.564022 -124.119832    22.557     9518.6     1531.3     1130.2     38.9     22.8     35.5 2021 12 19 16 15 38.560  0.00   1
   102602  40.484428 -124.510506    24.566   -23583.7    -7307.2     3138.5     33.4     29.4     47.8 2021  8 10 19 30 57.060  0.00   1
   102603  40.484163 -124.505713    24.815   -23177.6    -7336.6     3387.4     28.9     25.4     48.5 2021  8 28  7 10 22.180  0.00   1
   102606  40.485099 -124.504590    24.286   -23082.2    -7232.7     2858.4     25.9     29.4     47.7 2021 11  9 13 23 16.920  0.00   1
   102608  40.483984 -124.503735    25.792   -23010.0    -7356.5     4364.4     32.6     40.2     61.4 2022  9  7 17 54 42.580  0.00   1
   102707  40.434607 -124.602100    24.225   -31357.4   -12839.6     2797.3     10.6     10.2     49.9 2020  1  5 11  4 39.240  0.00   1
   102709  40.434611 -124.602108    24.224   -31358.1   -12839.2     2797.0      9.4      9.8     28.4 2020  3 12 15 20 18.660  0.00   1
   102710  40.434603 -124.602116    24.231   -31358.8   -12840.1     2804.1      4.6      5.4     16.0 2020  3 19  0  0 12.240  0.00   1
   102711  40.434648 -124.602181    24.199   -31364.3   -12835.1     2771.3     15.9      9.7     78.5 2020  4 15  6 22 46.200  0.00   1
   102713  40.434607 -124.602059    24.226   -31354.0   -12839.6     2799.1      5.1      6.2     22.6 2020  5  1 21 27  1.720  0.00   1
   102715  40.434774 -124.602303    24.366   -31374.6   -12821.1     2938.9     23.0     27.3    113.4 2020  5 19  4 18  4.680  0.00   1
   102716  40.435852 -124.601424    23.777   -31299.9   -12701.4     2349.9     20.9     25.2     22.5 2020  5 19 15 58 35.460  0.00   1
   102717  40.437134 -124.602767    23.895   -31413.4   -12559.0     2467.8     28.0     32.6     31.7 2020  5 19  8 56  4.240  0.00   1
   102718  40.434729 -124.601017    23.775   -31265.7   -12826.1     2347.5     19.5     19.3     23.0 2020  6  2  1 55 48.260  0.00   1
   102719  40.434615 -124.601945    24.229   -31344.3   -12838.7     2801.8      7.4      7.3     22.0 2020  6  9 10 29  1.040  0.00   1
   102720  40.435315 -124.601302    24.157   -31289.7   -12761.0     2730.1      8.6     10.9     25.9 2020  6  9 11 54 57.660  0.00   1
   102721  40.434513 -124.601912    24.402   -31341.6   -12850.0     2974.3     10.6      8.6     32.4 2020  6 11 11 48 29.660  0.00   1
   102723  40.434615 -124.601994    24.223   -31348.5   -12838.7     2795.6      7.3      7.5     24.8 2020  6 28  9  4 35.860  0.00   1
   102727  40.434603 -124.602108    24.234   -31358.1   -12840.1     2806.5      8.1      7.9     24.8 2020  9 21 21 53 10.520  0.00   1
   102728  40.434753 -124.600765    23.647   -31244.3   -12823.4     2219.9      8.9      6.5      9.6 2020  9 28  9 34 39.840  0.00   1
   102729  40.434611 -124.602026    24.225   -31351.2   -12839.2     2797.5      7.4      8.4     25.4 2020  9 29 16 42 12.380  0.00   1
   102730  40.434615 -124.602010    24.226   -31349.8   -12838.7     2798.3      5.1      6.9     20.0 2020  9 29 16  6 55.980  0.00   1
   102731  40.434790 -124.601790    24.296   -31331.2   -12819.3     2868.6     16.5     18.8     90.1 2020 10  8  8 34 56.540  0.00   1
   102732  40.434892 -124.602181    24.193   -31364.3   -12808.0     2765.7      6.9     10.3     22.3 2020 10 13 22  5 11.460  0.00   1
   102733  40.434603 -124.602116    24.232   -31358.8   -12840.1     2805.1      7.6      8.0     24.2 2020 11 11  2 48 36.380  0.00   1
   102734  40.434615 -124.602262    24.206   -31371.2   -12838.7     2779.2      7.9      7.5     23.9 2020 12 19  3 23 42.480  0.00   1
   102736  40.434949 -124.599805    23.607   -31162.8   -12801.7     2179.4     14.6      8.9     18.7 2021  1 21 20 46 20.820  0.00   1
   102737  40.434611 -124.602059    24.222   -31354.0   -12839.2     2794.9      6.2      7.1     23.3 2021  2 12  4 31  7.420  0.00   1
   102738  40.434814 -124.600846    23.781   -31251.1   -12816.6     2353.8     10.6      7.2     13.9 2021  2 12 20  8 51.240  0.00   1
   102739  40.434607 -124.602189    24.220   -31365.0   -12839.6     2793.0      8.8     10.5     31.3 2021  2 12  4 29 14.400  0.00   1
   102740  40.434631 -124.601343    23.962   -31293.3   -12836.9     2534.6      7.8      6.9     10.9 2021  2 20 23 40 36.700  0.00   1
   102741  40.434619 -124.602026    24.223   -31351.2   -12838.3     2796.2      8.7      8.8     33.2 2021  4 14  4 39 59.360  0.00   1
   102742  40.434615 -124.601953    24.225   -31345.0   -12838.7     2798.1      9.7     10.7     30.9 2021  4 14  1 27 41.100  0.00   1
   102743  40.434619 -124.602083    24.221   -31356.1   -12838.3     2794.1      6.7      8.5     24.1 2021  4 14  5 38 37.620  0.00   1
   102745  40.435522 -124.602157    23.846   -31362.1   -12738.0     2418.8     20.5     22.8     24.0 2021  5 17  6 53 57.120  0.00   1
   102749  40.434607 -124.602051    24.228   -31353.3   -12839.6     2800.6      4.7      5.6     21.6 2021  7 10 11 59 45.840  0.00   1
   102751  40.434611 -124.602026    24.220   -31351.2   -12839.2     2792.9     10.5      9.6     45.6 2021  8 31 18 13 15.560  0.00   1
   102754  40.434607 -124.602059    24.228   -31354.0   -12839.6     2800.6      4.8      5.7     22.4 2021  9 23  9 33 50.540  0.00   1
   102755  40.435327 -124.601994    24.161   -31348.3   -12759.6     2734.1      7.8     12.1     23.4 2021  9 30 19 10  2.220  0.00   1
   102756  40.434603 -124.602083    24.232   -31356.1   -12840.1     2804.4      6.7      8.5     25.1 2021 10  8 23 40 58.400  0.00   1
   102759  40.434607 -124.602051    24.228   -31353.3   -12839.6     2800.4      4.7      5.6     21.7 2021 11  4  9  5 14.280  0.00   1
   102761  40.434611 -124.602051    24.221   -31353.3   -12839.2     2794.1      8.8     10.7     34.2 2021 12  9 20 12 36.400  0.00   1
   102763  40.434607 -124.602043    24.222   -31352.6   -12839.6     2794.4      6.9      8.3     24.6 2021 12 18  5 17 48.600  0.00   1
   102764  40.434603 -124.602100    24.232   -31357.4   -12840.1     2804.6      5.4      6.2     17.5 2021 12 20  7 12 18.880  0.00   1
   102768  40.429451 -124.603890    24.915   -31510.4   -13412.1     3487.3     19.4     41.5     46.6 2022  2 24 23 18 18.200  0.00   1
   102773  40.434599 -124.602124    24.232   -31359.5   -12840.5     2804.6      6.8      8.5     22.2 2022  4 10 14  1 19.800  0.00   1
   102775  40.435311 -124.602002    24.162   -31349.0   -12761.5     2735.1      7.4     11.8     22.0 2022  5 12 21 39 49.620  0.00   1
   102776  40.434656 -124.601270    24.242   -31287.1   -12834.2     2815.0     13.0      6.7     19.6 2022  5 15 21 30 42.600  0.00   1
   102777  40.434603 -124.602384    24.213   -31381.6   -12840.1     2785.4     10.6     11.1     32.7 2022  6  2  9 50 27.060  0.00   1
   102778  40.431698 -124.604207    24.617   -31536.8   -13162.7     3189.6     19.4     21.5     36.1 2022  6 17  0 59 30.760  0.00   1
   102780  40.434611 -124.601937    24.227   -31343.6   -12839.2     2799.7      6.4      8.0     21.2 2022  7 21  2 41 31.540  0.00   1
   102781  40.434603 -124.602059    24.224   -31354.0   -12840.1     2797.1      6.0      7.4     19.7 2022  7 28  9 22  9.400  0.00   1
   102783  40.434880 -124.602124    24.219   -31359.4   -12809.3     2791.3      8.5     12.8     37.5 2022  8 24 18 40  2.660  0.00   1
   102785  40.433260 -124.600334    23.737   -31208.0   -12989.2     2309.9     39.9     60.6     99.1 2022  8 29 10  0 58.040  0.00   1
   102786  40.434635 -124.602140    24.208   -31360.9   -12836.5     2780.6     14.8     13.4     68.3 2022  9 18 15 28 46.440  0.00   1
   102787  40.434611 -124.602059    24.224   -31354.0   -12839.2     2797.2     10.1     10.3     47.5 2022 10  2 19 33 34.380  0.00   1
   102789  40.434587 -124.602246    24.233   -31369.9   -12841.9     2806.0     11.1     11.9     35.9 2022 10 17  4 45 23.620  0.00   1
   102790  40.434615 -124.602091    24.211   -31356.8   -12838.7     2783.3      8.0      7.7     41.0 2022 10 19 22 24 12.120  0.00   1
   102792  40.434623 -124.602100    24.224   -31357.4   -12837.8     2796.7      7.5      8.8     43.8 2022 11  4 23 19 49.560  0.00   1
   102793  40.434619 -124.602083    24.221   -31356.1   -12838.3     2793.6     13.8     10.9     74.0 2022 11 28  6 17 43.580  0.00   1
   102871  40.524882 -124.420353    23.408   -15938.9    -2815.0     1981.1     32.5     31.1     44.4 2021 12 21 11 40 42.620  0.00   1
   102873  40.525916 -124.419198    23.334   -15840.8    -2700.2     1906.5     28.6     28.7     49.5 2021 12 27  5 28 17.460  0.00   1
   102877  40.518087 -124.414079    23.968   -15408.1    -3569.6     2541.1     26.8     32.2     28.4 2022 11 12  9 39  9.180  0.00   1
   102881  40.575387 -123.888908    22.693    29074.5     2793.3     1265.7     44.6     43.6     42.9 2020  6  5  7 17 17.540  0.00   1
   102882  40.588835 -123.897534    22.121    28341.2     4286.7      693.4     48.2     48.2     51.6 2021  8 31 10  1 55.460  0.00   1
   102884  40.587520 -123.893359    22.600    28695.0     4140.7     1172.4     37.6     39.6     32.3 2022  7  8 14 14 25.800  0.00   1
   102885  40.572701 -123.881494    22.463    29703.0     2495.1     1035.6     38.9     39.0     38.8 2022 10 15  6 34 45.100  0.00   1
   102906  40.550822 -124.492464    22.652   -22043.9       65.5     1224.9     49.3     40.7     87.6 2020  1  8  5 26 50.000  0.00   1
   102908  40.549959 -124.498568    23.895   -22561.0      -30.3     2467.5     47.1     40.3     40.0 2020 10 11 20 54  2.280  0.00   1
   102909  40.543351 -124.505021    27.261   -23108.8     -764.1     5833.3     50.6     47.8     88.7 2021  4 28 19 33 47.460  0.00   1
   102910  40.548315 -124.498332    24.469   -22541.3     -212.8     3041.3     50.9     42.7    131.6 2021  6 12  7 57 57.640  0.00   1
   102911  40.545166 -124.506283    25.063   -23215.3     -562.5     3635.9     29.0     28.7     68.1 2021  6 22  2 52 24.640  0.00   1
   102915  40.545117 -124.506364    25.176   -23222.3     -568.0     3749.1     27.7     27.6     58.1 2021 11 28 13  7  4.440  0.00   1
   102916  40.548499 -124.501839    23.895   -22838.4     -192.5     2468.1     45.9     40.4     42.0 2021 12 21 13 58 37.080  0.00   1
   102917  40.550431 -124.497347    23.874   -22457.6       22.1     2446.6     47.9     40.6     40.5 2021 12 21  8 24 22.960  0.00   1
   103853  40.620610 -123.941724    21.970    24593.4     7815.1      542.4     36.3     28.7     66.2 2020  1 15 17  9  9.680  0.00   1
   103854  40.618929 -123.947339    21.475    24118.3     7628.5       48.0     18.6     27.1     32.8 2020  9  6  8  2 35.820  0.00   1
   103855  40.624589 -123.949878    21.487    23902.3     8257.0       60.2     26.0     28.0     35.6 2021 11 17  1 30  5.520  0.00   1
   103856  40.622904 -123.948128    21.545    24050.8     8069.9      117.5     28.9     15.4     30.5 2022  1 29  9  3 15.000  0.00   1
   103857  40.621920 -123.945801    21.737    24248.0     7960.6      309.6     31.2     20.7     33.6 2022  5 22  1 31 29.140  0.00   1
   103859  40.624699 -123.950057    21.471    23887.2     8269.2       43.3     26.4     28.7     35.8 2022  5 23  3 58 56.800  0.00   1
   103861  40.621244 -123.948014    21.591    24060.7     7885.6      163.5     26.7     11.5     29.6 2022  7 27 10 38  4.700  0.00   1
   103862  40.621977 -123.948234    21.582    24042.0     7966.9      155.1     27.1     18.9     29.9 2022 11 17 16  3 25.080  0.00   1
   103863  40.620785 -123.945296    21.751    24290.9     7834.5      323.5     33.5     15.1     34.2 2022 11 20 23 28 37.040  0.00   1
   103948  40.582463 -123.920890    25.785    26364.6     3579.1     4357.6     45.2     23.0     30.1 2020  7 15 23 27 17.180  0.00   1
   103949  40.582186 -123.921785    25.788    26288.9     3548.3     4361.2     46.9     23.7     30.4 2020  7 15 23 27  7.480  0.00   1
   103953  40.586011 -123.921110    25.438    26345.3     3973.1     4010.5     43.2     21.1     37.1 2021  6 28 22 30 49.640  0.00   1
   103955  40.588550 -123.917301    25.744    26667.3     4255.0     4316.7     40.9     29.6     34.5 2021  8 18 13 15  3.800  0.00   1
   103957  40.584330 -123.911743    25.810    27138.9     3786.5     4382.3     28.4     20.4     27.6 2021  9 30  0  5  3.500  0.00   1
   103958  40.584672 -123.911076    25.752    27195.3     3824.4     4324.6     28.6     20.0     28.1 2021 10 16 22 17 33.780  0.00   1
   103963  40.584432 -123.909627    25.859    27318.0     3797.8     4431.5     33.9     19.0     29.3 2022 10  3  1 19 38.240  0.00   1
   104037  40.619914 -124.313013    19.692    -6840.1     7737.8    -1735.7     36.5     18.3     38.3 2020  3 23  9 10 34.260  0.00   1
   104039  40.620772 -124.314380    19.929    -6955.8     7833.2    -1498.3     23.4     16.1     79.8 2020  3 31  1 10 40.520  0.00   1
   104040  40.620801 -124.314819    19.965    -6993.0     7836.3    -1462.4     27.0     19.5     33.7 2020 12 20  9 55 52.280  0.00   1
   104042  40.620858 -124.315096    19.962    -7016.4     7842.7    -1465.0     31.2     25.1     47.8 2020 12 20 10 47 46.800  0.00   1
   104043  40.620972 -124.313607    20.376    -6890.3     7855.3    -1051.2     24.9     21.5     53.1 2020 12 20 10 15 13.920  0.00   1
   104047  40.623710 -124.321973    18.928    -7598.5     8159.4    -2499.7     55.1     43.3    109.1 2021  4 20 22 55  3.440  0.00   1
   104048  40.621200 -124.324601    17.737    -7821.1     7880.6    -3690.3     48.3     39.0     75.9 2021  4 24 18 32 32.740  0.00   1
   104049  40.620618 -124.314567    19.994    -6971.7     7816.0    -1433.1     31.7     26.6     44.8 2021  6 29 21  7 22.600  0.00   1
   104052  40.620589 -124.314233    20.087    -6943.4     7812.8    -1340.6     27.9     19.9    105.0 2021  7  2  7 55 22.400  0.00   1
   104053  40.617704 -124.312850    20.768    -6826.4     7492.5     -659.3     27.4     29.0     57.6 2021  7  3 16 38 35.240  0.00   1
   104054  40.620516 -124.314087    20.002    -6931.0     7804.7    -1424.9     34.1     19.9     37.1 2021  7 14 14 46 21.240  0.00   1
   104055  40.620565 -124.314917    19.980    -7001.3     7810.1    -1446.9     32.6     26.5     55.4 2021  9 17 10  9 30.180  0.00   1
   104056  40.619832 -124.312044    19.885    -6758.1     7728.8    -1542.4     30.1     21.7     46.7 2021 11 18  9 48  5.620  0.00   1
   104060  40.619840 -124.312069    19.887    -6760.2     7729.7    -1540.1     30.7     22.2     45.6 2022  4 14 20  4 26.860  0.00   1
   104061  40.620728 -124.314738    19.988    -6986.1     7828.2    -1438.9     29.2     18.4     31.7 2022  6 16 20 44 53.720  0.00   1
   104064  40.619828 -124.312036    19.879    -6757.4     7728.4    -1547.9     31.7     21.4     52.5 2022 10 23 23 59  6.320  0.00   1
   104510  40.562622 -124.131217    22.452     8554.5     1375.9     1024.6     37.5     27.5     30.8 2020  1 21 18 16 13.040  0.00   1
   104905  40.509253 -124.417562    24.998   -15704.2    -4550.5     3571.2     31.2     20.8     50.7 2020  6 22 15 25 24.880  0.00   1
   104911  40.511316 -124.420093    24.177   -15918.4    -4321.4     2749.6     20.6     17.4     40.7 2021  5 20 19 21 47.940  0.00   1
   104917  40.508708 -124.421411    24.346   -16030.4    -4611.1     2918.7     18.4     25.8     36.5 2021  9 17 15 11 51.640  0.00   1
   104918  40.508378 -124.421899    24.449   -16071.8    -4647.7     3021.6     16.7     13.9     33.6 2021 10  5 18 21 58.320  0.00   1
   104919  40.509257 -124.421167    24.142   -16009.7    -4550.1     2714.9     23.5     24.2     40.2 2021 10 16  3 19 23.200  0.00   1
   104923  40.508598 -124.421598    24.355   -16046.3    -4623.3     2927.9     32.4     26.2     37.4 2021 12 22  5 52  2.020  0.00   1
   104928  40.511316 -124.420133    24.172   -15921.8    -4321.4     2744.6     20.5     17.7     40.6 2022  1 30  2  6 57.660  0.00   1
   104932  40.511296 -124.420142    24.174   -15922.5    -4323.7     2747.0     20.3     17.4     40.6 2022  3  5  0 58 53.080  0.00   1
   104936  40.511271 -124.420223    24.180   -15929.4    -4326.4     2752.7     19.7     16.6     40.6 2022  7 27  2 17 47.560  0.00   1
   104940  40.519051 -124.493026    15.824   -22096.7    -3462.5    -5603.3     26.4     30.0     50.4 2020  1 27  9 51 13.860  0.00   1
   104941  40.518896 -124.492855    15.832   -22082.2    -3479.7    -5595.0     20.7     26.1     42.0 2020  2 20  6 32 59.280  0.00   1
   104942  40.519124 -124.492977    15.783   -22092.5    -3454.4    -5644.3     20.0     28.8     44.8 2020  4  6  9 21 20.960  0.00   1
   104943  40.518583 -124.491992    15.852   -22009.2    -3514.4    -5575.2     24.2     26.9     36.5 2020 12 17 16 41  8.520  0.00   1
   104944  40.516634 -124.489998    14.654   -21840.6    -3730.9    -6773.3     65.9     72.3    378.7 2020 12 19 14 18 19.400  0.00   1
   104945  40.519100 -124.498161    16.270   -22531.7    -3457.1    -5157.6     31.1     42.3     74.3 2021  5 24  0 40 45.520  0.00   1
   104946  40.519214 -124.498307    16.296   -22544.1    -3444.4    -5131.3     26.1     40.4     73.4 2021 11  6  3 38 12.480  0.00   1
   105067  40.735848 -123.937516    23.152    24928.2    20611.8     1724.7     50.6     30.4     41.0 2020  1 29 17 29  4.280  0.00   1
   105385  40.551713 -123.973161    21.425    21943.1      164.5       -2.5     34.6     31.5     13.9 2021  4  1  4 46 23.960  0.00   1
   105390  40.603031 -123.979883    21.731    21365.6     5863.1      303.5     48.4     32.0     51.3 2021  5 23 15 44  5.100  0.00   1
   105391  40.602844 -123.977214    21.695    21591.7     5842.4      268.0     46.7     32.1     49.3 2021  6 30  5 49 47.860  0.00   1
   105468  40.662915 -123.996590    26.726    19942.1    12512.9     5298.6     56.4     35.9     72.0 2021 12 21  1 32 33.780  0.00   1
   105476  40.759432 -123.867969    20.674    30805.7    23230.7     -752.9     32.8     17.7     34.6 2021  4 17 11 13 27.660  0.00   1
   105477  40.755990 -123.866968    20.815    30891.2    22848.4     -612.6     34.0     30.6     44.3 2021  5 16 18 21  8.560  0.00   1
   105483  40.759432 -123.867961    20.674    30806.4    23230.7     -753.4     33.4     18.1     34.4 2022  5  4  3 34 42.980  0.00   1
   105706  40.592965 -124.051619    22.276    15292.7     4745.3      848.3     32.9     18.9     27.9 2020  2  8  2 28 57.160  0.00   1
   105713  40.598242 -124.048389    22.539    15565.7     5331.3     1111.5     28.1     18.2     34.7 2021  8 21  3 33 28.140  0.00   1
   105954  40.545850 -124.064998    19.648    14164.8     -486.6    -1779.5     18.7     21.6     22.8 2020  2  8 19 52 44.320  0.00   1
   105955  40.543734 -124.066203    19.474    14063.0     -721.6    -1953.1     20.2     26.4     23.7 2020  2 23  1  6 17.520  0.00   1
   105956  40.544356 -124.062728    19.881    14357.2     -652.5    -1546.1     29.6     24.0     27.8 2020 10 23 10 31 25.740  0.00   1
   105957  40.544368 -124.062752    19.879    14355.2     -651.1    -1547.9     29.4     23.7     27.6 2021  2 19 15  2  5.840  0.00   1
   105958  40.544336 -124.062687    19.884    14360.7     -654.7    -1543.4     29.7     24.2     27.9 2021  7 27 12 42 23.820  0.00   1
   105960  40.543530 -124.066235    19.461    14060.2     -744.2    -1966.7     19.4     26.5     24.0 2021  9  6  1 57 48.460  0.00   1
   105961  40.544800 -124.062183    19.954    14403.4     -603.2    -1473.4     35.3     20.2     37.0 2021 10 30 15 54 35.980  0.00   1
   106005  40.591878 -124.083952    19.300    12555.0     4624.6    -2127.5     29.5     22.6     22.8 2020  4 19 13  8 57.480  0.00   1
   106006  40.594507 -124.084546    19.154    12504.4     4916.5    -2273.3     67.6     28.2     38.0 2020  6  7 18 47 39.820  0.00   1
   106007  40.592053 -124.083618    19.420    12583.2     4644.1    -2007.6     54.7     26.2     33.4 2020  7 20 16 45 35.520  0.00   1
   106008  40.592985 -124.085197    19.358    12449.4     4747.5    -2068.8     21.7     14.0     21.6 2021 11 25 11 31 45.620  0.00   1
   106009  40.594897 -124.086369    19.056    12350.0     4959.9    -2371.4     29.5     17.8     26.9 2022  1 31  2 46 32.380  0.00   1
   106065  40.533887 -124.385905    25.403   -13019.5    -1815.1     3976.2     41.5     32.0     50.9 2020  2 11 17 54 25.540  0.00   1
   106069  40.502299 -124.450635    16.084   -18507.4    -5322.7    -5343.1     27.3     24.7     52.7 2021  7 22 12 38 41.980  0.00   1
   106070  40.503373 -124.446745    16.165   -18177.7    -5203.4    -5262.5     28.1     25.7     47.4 2021  8 21  7 21 12.600  0.00   1
   106079  40.639360 -123.987476    25.842    20717.1     9897.2     4414.3     21.4     13.9     30.0 2020  2 13 23  7 46.880  0.00   1
   106080  40.643005 -123.975781    27.746    21706.5    10302.1     6318.9     53.8     44.3     87.2 2020  2 27  1  9  9.980  0.00   1
   106081  40.639933 -123.988322    26.336    20645.4     9960.9     4908.3     22.6     17.7     52.2 2020  6 29  6 46  6.840  0.00   1
   106082  40.637687 -123.977181    25.866    21588.8     9711.5     4438.4     53.1     31.3     77.9 2021 11 14 16 50 17.560  0.00   1
   106083  40.639449 -123.987630    25.875    20704.0     9907.1     4447.4     22.5     12.0     27.1 2022  2 10  2 19 50.980  0.00   1
   106084  40.639421 -123.987606    25.845    20706.1     9904.0     4418.2     20.4     13.5     31.2 2022  6  3  6  4  3.860  0.00   1
   106096  40.583447 -124.201799    21.210     2576.1     3688.4     -217.4     63.4     26.1     35.0 2021 11  2  4 49 56.460  0.00   1
   106102  40.516382 -124.418197    19.682   -15757.1    -3758.9    -1745.2     19.9     22.6     26.1 2022  7  6 11 29  4.460  0.00   1
   106103  40.516292 -124.418319    19.633   -15767.5    -3768.8    -1794.7     19.3     22.5     35.4 2022  8 16  8  0  8.060  0.00   1
   106104  40.515983 -124.417741    19.555   -15718.6    -3803.2    -1872.0     20.9     22.8     31.4 2022  8 29 21 57 39.860  0.00   1
   106135  40.553662 -124.212394    17.181     1679.2      380.9    -4246.7     69.0     23.1     30.9 2021  9 13  0  4  6.120  0.00   1
   106440  40.560006 -124.051676    22.785    15291.6     1085.3     1357.3     13.9     11.7     17.1 2021  9  4  5 13 46.140  0.00   1
   106496  40.593551 -124.107113    19.564    10593.6     4810.3    -1863.3     32.8     24.5     29.1 2021  8 27  1 44  5.160  0.00   1
   106497  40.590784 -124.104858    19.886    10784.7     4503.1    -1541.1     24.9     22.0     30.0 2021 11 30  0 51 56.760  0.00   1
   106499  40.591663 -124.105632    19.756    10719.2     4600.7    -1671.3     25.6     24.9     33.5 2022  1  8 11 15 11.920  0.00   1
   106609  40.612862 -123.846924    29.020    32621.1     6954.8     7592.5     53.1     31.1     54.8 2020  2 20 17 26 49.040  0.00   1
   106610  40.610173 -123.848250    27.505    32509.4     6656.1     6077.8     25.7     19.3     20.5 2020  7 17 16 58  8.720  0.00   1
   106612  40.607100 -123.838289    27.644    33353.5     6315.0     6216.6     39.7     30.5     27.0 2021 11 24  2 11 55.300  0.00   1
   106613  40.610185 -123.847331    27.513    32587.3     6657.5     6085.4     27.2     18.2     17.5 2022  5 21  1 58 58.180  0.00   1
   106614  40.511589 -124.414624    21.365   -15455.0    -4291.2      -62.0     23.8     33.9     48.3 2020  2 21 12  1 53.080  0.00   1
   106677  40.575313 -124.074984    19.522    13316.0     2785.2    -1904.9     31.2     23.9     27.7 2020  2 22  2  3 27.180  0.00   1
   106678  40.574646 -124.071110    19.903    13644.1     2711.1    -1524.0     44.0     35.4     38.8 2021  2 19 10 17 53.000  0.00   1
   106679  40.575106 -124.072786    19.751    13502.1     2762.1    -1675.8     35.2     25.7     28.9 2022  1 22 18 50  2.840  0.00   1
   106849  40.550810 -123.978914    21.293    21455.9       64.2     -134.2     16.2     12.7     15.4 2020  2 25 10 41 25.500  0.00   1
   106850  40.548987 -123.973958    21.515    21876.0     -138.3       87.3     22.5     22.4     18.9 2020  6 21 16  9 47.640  0.00   1
   106852  40.548499 -123.972729    21.676    21980.2     -192.5      248.8     16.7     15.6     23.3 2021  6 16 14  0 25.980  0.00   1
   106853  40.548230 -123.973413    21.554    21922.3     -222.3      127.2     19.2     22.1     24.0 2021  6 17 11 40 36.000  0.00   1
   106855  40.549333 -123.975016    21.470    21786.3      -99.9       42.5     14.0     22.6     16.9 2022  9 27  4 34 50.860  0.00   1
   106908  40.622559 -124.301937    20.060    -5902.3     8031.5    -1367.1     34.7     24.0     85.2 2021  4  2 11 45  2.260  0.00   1
   106909  40.622758 -124.296932    19.682    -5478.6     8053.7    -1745.1     52.7     29.7     55.1 2021  4  7  1 55 18.100  0.00   1
   106910  40.620878 -124.304826    20.445    -6147.0     7844.9     -982.4     29.5     21.9     39.6 2021 10 17 14 20 53.460  0.00   1
   106916  40.622925 -124.294141    19.447    -5242.3     8072.2    -1980.1     44.1     20.3     35.4 2022  7 14  7 38  2.880  0.00   1
   106917  40.505713 -124.332454    18.199    -8493.2    -4943.6    -3227.3     22.1     27.6     45.1 2020  2 29  6 25 39.720  0.00   1
   106919  40.507308 -124.336336    17.930    -8822.1    -4766.5    -3497.4     20.2     18.6     29.1 2020  6 25 12 39 13.840  0.00   1
   106920  40.507304 -124.336304    17.930    -8819.3    -4767.0    -3497.4     20.2     18.6     29.0 2020  6 26 13 51 55.760  0.00   1
   106921  40.507308 -124.336328    17.927    -8821.4    -4766.5    -3500.7     19.9     18.4     29.1 2020  6 27  9  8 18.860  0.00   1
   106924  40.501660 -124.328206    18.801    -8133.5    -5393.7    -2626.2     23.4     22.8     24.5 2020  7 15 15 49 31.760  0.00   1
   106925  40.507304 -124.336344    17.926    -8822.7    -4767.0    -3501.4     19.9     18.3     29.1 2020  7 15  2 55 13.780  0.00   1
   106926  40.500045 -124.325000    19.087    -7861.9    -5573.1    -2340.3     39.6     17.4     41.9 2020  7 15  5  0 39.940  0.00   1
   106927  40.507304 -124.336312    17.932    -8820.0    -4767.0    -3495.3     20.4     18.7     29.0 2020  7 15 19 40 35.320  0.00   1
   106930  40.507308 -124.336312    17.931    -8820.0    -4766.5    -3496.2     20.3     18.7     29.0 2020  7 16 16  0 18.620  0.00   1
   106931  40.500041 -124.324894    19.104    -7853.0    -5573.5    -2323.3     39.7     17.4     42.2 2020  7 16 12 26  9.680  0.00   1
   106933  40.507747 -124.337598    18.545    -8928.9    -4717.7    -2882.4     18.2     17.7     23.7 2020 11 20 17 12 56.060  0.00   1
   106934  40.507430 -124.335246    18.012    -8729.7    -4753.0    -3415.2     21.1     23.8     32.5 2021  5 12 18 32 23.080  0.00   1
   106937  40.508256 -124.335921    18.712    -8786.8    -4661.2    -2715.3     12.0     12.8     14.5 2021  7 11  5  6 12.560  0.00   1
   106939  40.508219 -124.335954    18.729    -8789.6    -4665.3    -2697.9     12.2     12.0     16.3 2021  7 11  7 17 55.760  0.00   1
   106940  40.508093 -124.335897    18.739    -8784.8    -4679.3    -2688.4     13.6     14.6     14.3 2021  7 11  4 14 40.000  0.00   1
   106941  40.508187 -124.336011    18.743    -8794.4    -4668.9    -2684.6     12.1     12.5     13.8 2021  7 11  3 36 34.760  0.00   1
   106942  40.508211 -124.335856    18.712    -8781.3    -4666.2    -2715.3     12.2     11.4     15.8 2021  7 11  2 14  1.880  0.00   1
   106943  40.508223 -124.335872    18.710    -8782.7    -4664.8    -2716.8     12.6     13.3     13.8 2021  7 11  7 49 35.560  0.00   1
   106944  40.508012 -124.335710    18.736    -8768.9    -4688.3    -2691.3     12.5     10.5     15.0 2021  7 12  6 52 59.100  0.00   1
   106945  40.508289 -124.335921    18.701    -8786.8    -4657.6    -2725.9     12.0     13.7     12.5 2021  7 12  7 38 34.800  0.00   1
   106947  40.508248 -124.335962    18.724    -8790.3    -4662.1    -2703.6     12.1     12.3     16.0 2021  7 12  6 52  5.820  0.00   1
   106948  40.507906 -124.335327    18.719    -8736.5    -4700.1    -2708.2     12.4     13.0     14.1 2021  7 12  6 57 12.740  0.00   1
   106949  40.508264 -124.335929    18.712    -8787.5    -4660.3    -2715.5     11.9     12.7     14.2 2021  7 12  6 51 15.180  0.00   1
   106950  40.508158 -124.335767    18.710    -8773.7    -4672.1    -2717.3     11.9     11.0     16.6 2021  7 12 22 18 34.740  0.00   1
   106951  40.508248 -124.335921    18.710    -8786.8    -4662.1    -2716.8     12.3     13.1     14.5 2021  7 12  8 58 54.960  0.00   1
   106952  40.508264 -124.335978    18.722    -8791.7    -4660.3    -2705.1     11.8     12.0     15.5 2021  7 12  8 46 32.680  0.00   1
   106953  40.508065 -124.335856    18.735    -8781.3    -4682.5    -2692.4     13.8     15.0     14.9 2021  7 12  6 48 36.980  0.00   1
   106954  40.508264 -124.335929    18.713    -8787.5    -4660.3    -2714.7     12.0     12.7     14.3 2021  7 12  6 58 19.680  0.00   1
   106959  40.508219 -124.335913    18.718    -8786.1    -4665.3    -2709.6     12.5     12.9     14.8 2021  7 12 15 18 57.120  0.00   1
   106960  40.508203 -124.335921    18.726    -8786.8    -4667.1    -2701.3     12.6     12.1     14.9 2021  7 12 12 15  8.320  0.00   1
   106961  40.508085 -124.335970    18.760    -8791.0    -4680.2    -2667.1     12.8     13.0     14.0 2021  7 12  7 42 57.140  0.00   1
   106962  40.508077 -124.335791    18.734    -8775.8    -4681.1    -2693.1     12.5     11.2     14.9 2021  7 12  8  3  8.480  0.00   1
   106964  40.508195 -124.335954    18.727    -8789.6    -4668.0    -2700.1     12.3     13.4     12.7 2021  7 12  5 33 43.540  0.00   1
   106965  40.508114 -124.335848    18.737    -8780.6    -4677.0    -2690.3     12.5     11.2     14.7 2021  7 12  8 56 41.260  0.00   1
   106967  40.508244 -124.335962    18.724    -8790.3    -4662.6    -2703.5     12.2     12.3     15.7 2021  7 13  3 34 41.120  0.00   1
   106968  40.508260 -124.335962    18.720    -8790.3    -4660.8    -2707.3     12.0     11.7     15.2 2021  7 13 11  0 10.880  0.00   1
   106970  40.507320 -124.334513    18.789    -8667.6    -4765.2    -2638.5     15.8     12.3     14.4 2021  7 15 17 56 38.860  0.00   1
   106971  40.507255 -124.334432    18.735    -8660.7    -4772.4    -2691.8     14.9     11.8     14.8 2021  7 24 15 17 23.680  0.00   1
   106974  40.508195 -124.335994    18.716    -8793.0    -4668.0    -2711.1     11.4     10.5     17.1 2021 12 20 23 45 33.300  0.00   1
   106975  40.504655 -124.328792    18.943    -8183.0    -5061.1    -2483.9     24.5     21.1     27.3 2021 12 20 21 54 42.040  0.00   1
   106977  40.509660 -124.333748    17.841    -8602.6    -4505.3    -3586.0     22.1     24.1     29.4 2021 12 21 12 29 57.320  0.00   1
   106978  40.504134 -124.331144    18.621    -8382.3    -5118.9    -2806.4     21.5     22.8     34.5 2021 12 22  7  9  8.260  0.00   1
   106979  40.505196 -124.330754    18.636    -8349.2    -5001.0    -2791.4     21.9     21.7     26.5 2021 12 22 17  4 29.540  0.00   1
   106983  40.504610 -124.328597    19.070    -8166.5    -5066.1    -2357.5     22.6     20.3     22.4 2021 12 23 19 43 35.140  0.00   1
   106984  40.507214 -124.329061    18.633    -8205.6    -4776.9    -2793.9     25.9     12.3     18.6 2021 12 23  6 28 39.440  0.00   1
   106986  40.508439 -124.336011    18.751    -8794.4    -4640.9    -2675.8     12.1     10.4     15.7 2021 12 25  0 41  6.140  0.00   1
   106988  40.506925 -124.331917    18.359    -8447.7    -4809.0    -3068.1     20.2     18.8     24.8 2021 12 31  7 30 11.740  0.00   1
   106989  40.506917 -124.334896    18.859    -8700.0    -4809.9    -2567.9     14.3     11.8     14.6 2022  1  2 19  6  3.500  0.00   1
   106990  40.507206 -124.329077    18.628    -8207.0    -4777.8    -2799.6     25.9     12.4     18.4 2022  1  2 18 43 27.640  0.00   1
   106991  40.506946 -124.330770    18.717    -8350.4    -4806.7    -2709.8     24.6     22.7     27.5 2022  1 29  0 56  4.940  0.00   1
   106992  40.506730 -124.332764    18.511    -8519.4    -4830.7    -2916.3     18.6     19.1     25.8 2022  2 20  7 55 33.920  0.00   1
   106993  40.507633 -124.331193    18.630    -8386.2    -4730.4    -2797.0     31.0     22.4     28.7 2022  4 11  8 48 35.180  0.00   1
   106995  40.508167 -124.335848    18.723    -8780.6    -4671.2    -2704.4     13.4     13.5     15.4 2022  5 14  5 11 24.580  0.00   1
   106996  40.508236 -124.335978    18.695    -8791.7    -4663.5    -2732.7     11.3     11.1     15.0 2022  5 21 19  6 31.100  0.00   1
   106997  40.507336 -124.328402    18.624    -8149.7    -4763.3    -2803.1     29.3     12.3     19.4 2022  7 18  4 14 31.760  0.00   1
   107286  40.596016 -124.015739    22.772    18330.6     5084.2     1345.1     16.1     14.9     17.6 2020  4 12 17 13 25.640  0.00   1
   107287  40.592729 -124.011621    22.935    18679.7     4719.1     1507.7     18.4     20.2     14.8 2020  4 18 11  7 43.200  0.00   1
   107288  40.593815 -124.012280    22.859    18623.7     4839.7     1431.4     20.2     12.9     15.7 2020 11 20  1 42 41.040  0.00   1
   107289  40.592415 -124.011987    22.956    18648.7     4684.3     1528.6     15.7     22.7     14.3 2020 11 20  1 23 58.260  0.00   1
   107290  40.592122 -124.012126    22.951    18637.1     4651.7     1523.6     19.1     23.0     15.7 2020 11 20  1 20 56.960  0.00   1
   107291  40.592716 -124.011141    23.011    18720.4     4717.7     1583.7     16.3     19.5     15.5 2020 11 20  7  8 23.000  0.00   1
   107292  40.595146 -124.013802    22.785    18494.7     4987.5     1357.7     17.8     14.4     17.5 2021 11 14 17  4  4.680  0.00   1
   107293  40.594356 -124.012785    22.858    18580.9     4899.8     1430.9     15.7     10.9     13.8 2021 12  5 10 31 19.440  0.00   1
   107297  40.591846 -124.013826    22.911    18493.1     4621.0     1483.6     12.1     26.8     17.8 2022  1 27  3  6  7.800  0.00   1
   107337  40.504936 -124.427083    23.962   -16511.5    -5029.9     2534.5     35.7     48.9     37.7 2020  3  7  9 53 50.140  0.00   1
   107338  40.494824 -124.451603    26.611   -18590.5    -6152.8     5184.2     41.1     32.6     54.7 2020  9 23 15 27 24.660  0.00   1
   107341  40.493717 -124.442424    25.432   -17812.8    -6275.7     4004.5     37.5     37.2     43.8 2022  5  3 13  8 48.100  0.00   1
   107359  40.530302 -124.383708    25.251   -12833.7    -2213.1     3823.3     31.8     20.8     40.8 2021 12 20 22 54  5.520  0.00   1
   107361  40.526554 -124.385205    24.023   -12960.9    -2629.3     2595.5     58.2     26.7     33.6 2021 12 20 21 57 14.080  0.00   1
   107370  40.472453 -124.534383    25.153   -25609.5    -8637.0     3725.6     29.2     57.2     83.6 2021 11 16  4 40 39.460  0.00   1
   107371  40.475183 -124.529281    23.510   -25176.5    -8333.8     2082.6     27.4     47.7     32.7 2022  4  3 19 28  4.080  0.00   1
   107574  40.472729 -124.428605    19.723   -16644.4    -8606.3    -1704.7     29.2     31.0     37.5 2020  3 11 22 47 36.760  0.00   1
   107579  40.472864 -124.428890    19.657   -16668.5    -8591.4    -1770.2     23.0     22.5     26.9 2021  9 21 12 24 42.300  0.00   1
   107580  40.473368 -124.429606    19.541   -16729.2    -8535.3    -1885.9     20.7     27.8     32.9 2021 10 16  2 20 43.560  0.00   1
   107582  40.473287 -124.441512    19.303   -17738.2    -8544.4    -2124.3     35.2     34.1     60.4 2022  2  5  7 43 32.760  0.00   1
   107583  40.472831 -124.429631    19.121   -16731.3    -8595.0    -2305.9     30.3     27.5     43.0 2022  2 19 19 28 29.060  0.00   1
   107584  40.468160 -124.428369    19.701   -16625.0    -9113.7    -1726.7     28.9     29.9     31.3 2022  2 21 15 20 50.320  0.00   1
   107585  40.468119 -124.428345    19.748   -16622.9    -9118.2    -1679.4     28.8     31.1     30.7 2022  3  8 13 52  8.680  0.00   1
   107586  40.472335 -124.426994    19.866   -16507.9    -8650.1    -1560.8     26.4     29.8     30.2 2022  3 17  5 45 51.800  0.00   1
   107609  40.573743 -123.954159    21.584    23548.8     2610.8      156.3     22.4     25.1     35.8 2021 12 25 22 49 23.520  0.00   1
   107620  40.502942 -124.504956    26.849   -23110.2    -5251.3     5421.7     12.6     17.7     26.1 2020  3 20 11 54 38.000  0.00   1
   107621  40.502311 -124.504639    27.123   -23083.4    -5321.4     5696.0     13.0     11.8     28.3 2020  3 20 22 28 21.200  0.00   1
   107622  40.502120 -124.504207    27.103   -23046.9    -5342.6     5676.2      8.8     17.0     19.2 2020  3 21 20 18  7.640  0.00   1
   107623  40.502083 -124.503931    27.136   -23023.5    -5346.7     5709.0      9.3     15.6     15.3 2020  3 21 19  0  1.520  0.00   1
   107626  40.502718 -124.505859    26.877   -23186.8    -5276.2     5449.7     24.3     21.3     21.2 2020  4 18 11  0 19.100  0.00   1
   107627  40.501900 -124.502360    28.114   -22890.4    -5367.0     6686.4     23.5     29.7     33.5 2020  4 29 15  5 11.240  0.00   1
   107635  40.502148 -124.503906    27.129   -23021.4    -5339.5     5702.2      8.3     14.3     16.7 2021  6 23  5 14 47.320  0.00   1
   107636  40.502132 -124.504582    27.166   -23078.6    -5341.3     5738.8     12.5     14.5     22.9 2021  6 27 15 30 22.300  0.00   1
   107638  40.502384 -124.504175    27.023   -23044.1    -5313.2     5596.2     16.2     16.6     24.2 2021  8 29 17 32  5.980  0.00   1
   107639  40.503145 -124.504207    27.213   -23046.7    -5228.7     5786.1     26.2     39.4     47.3 2021  9  1  5  5 36.660  0.00   1
   107641  40.502148 -124.504606    27.168   -23080.7    -5339.5     5740.9     12.6     13.7     22.6 2021 10  7 19  8 24.060  0.00   1
   107644  40.501917 -124.501880    27.550   -22849.7    -5365.2     6122.5     15.8     16.7     25.0 2021 10 30 23 40 23.100  0.00   1
   107645  40.502706 -124.505892    26.870   -23189.6    -5277.5     5443.0     24.8     21.7     21.6 2021 11 20  8 44 57.940  0.00   1
   107648  40.502120 -124.504533    27.159   -23074.5    -5342.6     5731.3     12.2     15.2     23.5 2021 12 18  8 55  3.900  0.00   1
   107651  40.502629 -124.503703    26.959   -23004.1    -5286.1     5532.0     21.5     18.8     18.2 2022  1 12 11 34 59.600  0.00   1
   107654  40.501709 -124.502222    27.599   -22878.7    -5388.2     6171.9     14.0     25.5     21.9 2022  4 13 23 57 43.640  0.00   1
   107655  40.498381 -124.497990    27.894   -22520.7    -5757.9     6467.0     35.4     47.8     61.3 2022  7 29 16 38  2.820  0.00   1
   107656  40.502710 -124.504525    27.083   -23073.7    -5277.1     5656.0     11.0     20.5     13.7 2022  8 10  2 25 35.080  0.00   1
   107657  40.502690 -124.505892    26.871   -23189.6    -5279.4     5443.9     24.9     21.3     21.6 2022  8 23  6 57 35.860  0.00   1
   107661  40.502962 -124.504940    26.842   -23108.8    -5249.1     5415.2     12.5     17.8     26.3 2022 10 16 17  6 16.580  0.00   1
   107662  40.502795 -124.505298    26.884   -23139.2    -5267.6     5456.8     15.1     15.7     24.1 2022 10 16 21 31  2.740  0.00   1
   107663  40.502804 -124.505290    26.887   -23138.5    -5266.7     5459.6     15.1     15.5     24.1 2022 10 16 17  0 17.060  0.00   1
   107664  40.524609 -124.390503    23.677   -13410.0    -2845.3     2249.5     30.4     32.5     44.3 2020  3 13 19 20 41.280  0.00   1
   107680  40.564669 -124.012826    22.832    18581.6     1603.1     1405.2     47.9     25.8     44.1 2020  4 27  3 46 18.440  0.00   1
   107683  40.562325 -124.010490    22.612    18779.7     1342.9     1184.3     23.2     16.2     16.8 2020 11 11 11 22 54.400  0.00   1
   107687  40.562903 -124.011979    22.634    18653.5     1407.0     1206.3     35.8     23.3     30.2 2021 12 25 23  5 26.280  0.00   1
   107808  40.545882 -124.196257    27.624     3046.2     -483.0     6197.1     23.6     15.5     27.3 2020  3 18 22 58 40.420  0.00   1
   107818  40.469027 -123.822404    23.278    34734.0    -9017.5     1850.8     18.8     24.4     14.1 2021  1 21 21  8 56.860  0.00   1
   107819  40.468640 -123.820719    23.286    34876.9    -9060.4     1859.2     11.7     27.1     22.6 2021  1 24 19 45 59.820  0.00   1
   107820  40.469112 -123.821037    23.260    34849.9    -9008.0     1832.4     17.9     30.2     19.4 2022  1 24 23 34 18.900  0.00   1
   107822  40.465214 -123.820475    23.134    34898.5    -9440.8     1706.4     24.7     48.5     21.5 2022  9 20 16  0 37.520  0.00   1
   107823  40.469934 -123.822998    23.277    34683.4    -8916.7     1849.4     21.4     20.4     16.1 2022 11 20 17  4 54.300  0.00   1
   107825  40.516329 -124.416276    19.889   -15594.4    -3764.8    -1538.3     19.0     22.4     32.7 2020  3 18 23 32 29.300  0.00   1
   107844  40.621578 -124.310360    19.650    -6615.4     7922.6    -1777.4     40.4     45.4     49.7 2020  3 18  4 40 58.500  0.00   1
   107847  40.621513 -124.305233    21.380    -6181.4     7915.4      -47.2     43.4     44.7     45.2 2022  1 23 16 30 25.180  0.00   1
   107849  40.621659 -124.311572    19.281    -6718.1     7931.7    -2146.3     40.5     46.1     56.6 2022 10 21 10 46 28.380  0.00   1
   107887  40.577983 -124.430900    22.842   -16825.8     3081.6     1414.6     32.4     34.5     56.1 2020  7 13 13  8 40.060  0.00   1
   107888  40.578707 -124.432048    22.996   -16922.9     3162.0     1568.7     32.8     24.7     39.5 2020  8 15  3 41 44.920  0.00   1
   107890  40.579138 -124.432414    23.026   -16953.8     3209.9     1598.7     34.5     25.9     38.5 2021  8  9 17  8 53.000  0.00   1
   107891  40.584485 -124.428678    23.312   -16636.8     3803.6     1885.1     39.6     24.4     33.3 2021  8 11  0 58 47.400  0.00   1
   107895  40.578206 -124.427515    22.668   -16539.0     3106.4     1241.1     30.7     28.6     45.4 2022  9  4 19 13 25.340  0.00   1
   107928  40.583704 -124.426131    22.873   -16421.2     3716.9     1445.4     38.5     55.1     47.7 2020  7 22  0 55 19.100  0.00   1
   107930  40.611650 -124.439290    22.855   -17532.0     6820.1     1427.7     65.2     44.2     78.8 2021 12 13  1 46 42.200  0.00   1
   107964  40.531844 -124.400090    16.887   -14221.4    -2041.9    -4540.6     28.6     37.9     51.3 2021 11 14  0  8  4.400  0.00   1
   107965  40.532048 -124.399609    16.824   -14180.7    -2019.3    -4603.7     24.8     34.8     49.3 2021 12 21 22 13 12.300  0.00   1
   107971  40.533834 -124.398454    16.449   -14082.6    -1820.9    -4977.8     49.6     41.4     83.6 2022 10  9 19  5  2.280  0.00   1
   107978  40.528878 -124.424642    26.618   -16301.7    -2371.3     5190.7     24.4     30.8     35.8 2021  4 15  8 56 41.520  0.00   1
   107980  40.525122 -124.427116    27.175   -16511.8    -2788.3     5748.0     23.1     25.2     38.9 2021  8  4 18 58 46.060  0.00   1
   107981  40.524357 -124.419710    26.958   -15884.5    -2873.3     5530.8     43.0     36.0     47.3 2021  8 21 16 23 33.700  0.00   1
   107983  40.527722 -124.425049    26.669   -16336.3    -2499.6     5241.8     36.3     33.6     51.2 2021 11  3  7 32 49.840  0.00   1
   107984  40.523027 -124.422233    27.242   -16098.3    -3021.0     5814.5     36.1     41.6     53.1 2021 12  3 10 42 13.240  0.00   1
   107988  40.528544 -124.419263    26.194   -15846.0    -2408.3     4766.4     41.0     25.1     40.2 2022  2 13 11 20 53.200  0.00   1
   107989  40.528743 -124.417562    26.453   -15701.9    -2386.2     5025.8     38.5     30.3     36.1 2022  4 26 22 35 44.360  0.00   1
   107990  40.525895 -124.427189    26.794   -16517.9    -2702.5     5366.6     20.3     22.1     30.3 2022  8 18  8 41 53.440  0.00   1
   107991  40.528101 -124.427026    26.610   -16503.8    -2457.6     5183.2     22.3     29.4     36.5 2022 11  8  8 40 30.120  0.00   1
   107992  40.525350 -123.979639    20.622    21398.6    -2763.0     -805.4     19.3     15.7     17.3 2020  3 19 15 51  1.740  0.00   1
   107998  40.524760 -123.978044    20.713    21533.8    -2828.5     -714.5     21.2     21.0     15.8 2022  1 22 10 34 20.100  0.00   1
   107999  40.526546 -123.978288    20.688    21512.9    -2630.2     -739.3     18.2     28.4     14.7 2022  2 15  1 12 31.400  0.00   1
   108057  40.461519 -124.445972    22.995   -18117.8    -9851.1     1568.1     58.6     51.9     60.4 2021 12  5 19 24 48.900  0.00   1
   108061  40.467655 -124.447119    21.809   -18214.2    -9169.7      381.6     56.8     50.6     68.7 2022  9 23 15 56 33.080  0.00   1
   108062  40.473779 -124.422111    21.155   -16093.9    -8489.7     -272.4     49.9     60.6     60.9 2022  9 28 23  9 12.340  0.00   1
   108063  40.578186 -124.350651    28.482   -10029.7     3104.2     7054.3     70.0     57.9     87.3 2020  3 20  8 49 18.520  0.00   1
   108064  40.580164 -124.347575    27.044    -9769.0     3323.8     5617.1     69.8     60.4     80.3 2021 10 17  9 59  8.260  0.00   1
   108067  40.538155 -124.406315    28.488   -14748.1    -1341.1     7061.2     21.8     27.4     22.5 2021 11  3 11  8 47.100  0.00   1
   108068  40.536051 -124.406380    28.442   -14753.8    -1574.7     7014.9     27.5     32.4     30.5 2021 11  3  4 10 39.340  0.00   1
   108070  40.537272 -124.406063    28.569   -14726.8    -1439.1     7142.0     21.0     24.8     21.9 2021 12 20 21 58 50.200  0.00   1
   108071  40.537777 -124.406746    28.989   -14784.7    -1383.1     7561.8     26.0     24.3     33.9 2022  1  6 19 21 44.640  0.00   1
   108073  40.616724 -123.950635    22.048    23839.7     7383.6      621.2     24.7     22.7     27.1 2020  9 26  5 11 46.240  0.00   1
   108076  40.614360 -123.944100    21.593    24393.3     7121.1      165.4     40.8     41.6     42.0 2021 10 28  3 17 37.200  0.00   1
   108082  40.614299 -123.944165    21.614    24387.8     7114.3      186.9     41.4     41.9     41.9 2022  4 23 20  0 10.440  0.00   1
   108083  40.620512 -123.947811    21.289    24078.1     7804.3     -138.6     12.2     11.2     33.1 2022  6 17 14 38  4.080  0.00   1
   108103  40.552616 -124.246924    23.525    -1245.6      264.8     2097.4     38.8     43.2     32.1 2020  3 24  7  2 14.780  0.00   1
   108105  40.551514 -124.255981    21.727    -2012.8      142.3      300.2     35.6     23.8     34.3 2020 11 21  0 51 45.000  0.00   1
   108108  40.550016 -124.249520    23.187    -1465.5      -23.9     1759.8     41.2     41.9     40.2 2022 11 11 23  8  9.040  0.00   1
   108253  40.743766 -123.835791    20.449    33531.0    21491.1     -978.5     47.9     43.4     57.7 2020  3 28 12 19 52.180  0.00   1
   108254  40.746948 -123.839274    20.379    33235.6    21844.4    -1048.6     38.5     34.6     53.3 2020  9 14 17 47 56.900  0.00   1
   108256  40.478898 -124.456331    19.159   -18993.4    -7921.3    -2268.6     33.6     30.7     66.6 2020  3 29  2 10 37.820  0.00   1
   108258  40.477002 -124.455778    19.475   -18946.8    -8131.9    -1951.8     27.6     39.0     41.4 2021 10  3  5 55  4.840  0.00   1
   108259  40.477006 -124.456462    19.483   -19004.7    -8131.4    -1944.5     32.3     33.6     41.5 2021 11 19  6 49 32.480  0.00   1
   108344  40.527698 -124.396997    16.796   -13959.8    -2502.3    -4631.0     53.4     51.5     97.1 2022  6  5 23 40 24.620  0.00   1
   108357  40.571554 -124.097461    22.581    11412.8     2367.7     1153.6     50.3     39.2     39.5 2021  2 21 19 35 38.660  0.00   1
   108358  40.573246 -124.098494    22.857    11325.1     2555.6     1430.1     49.0     36.1     33.8 2021 10 31 11 18 33.720  0.00   1
   108359  40.568986 -124.098674    22.672    11310.3     2082.6     1245.0     55.4     43.1     35.0 2022  2  6  9 49 13.780  0.00   1
   108413  40.469312 -124.505339    23.748   -23148.4    -8985.8     2320.7     25.7     33.0     41.6 2020  4 13  9 58 32.960  0.00   1
   108414  40.472514 -124.497664    23.407   -22497.4    -8630.2     1979.5     44.3     52.6     80.6 2020  8 28 23 50 45.120  0.00   1
   108415  40.463733 -124.505615    25.499   -23172.8    -9605.3     4072.2     56.5     68.4    100.2 2020  9 24 22 17 36.960  0.00   1
   108416  40.469047 -124.504297    24.877   -23060.1    -9015.2     3449.5     22.1     29.1     50.5 2021  2  3  1 21 28.060  0.00   1
   108422  40.468034 -124.508659    23.823   -23430.0    -9127.7     2395.3     16.9     25.8     35.5 2021 11 29 21 27 26.620  0.00   1
   108424  40.465942 -124.504924    26.124   -23113.8    -9360.0     4696.3     25.6     38.8     53.2 2022  2 13  8 54 23.040  0.00   1
   108430  40.468921 -124.504891    23.792   -23110.5    -9029.2     2365.2     22.5     31.8     32.4 2022 11 14 21 27 40.840  0.00   1
   108460  40.609098 -124.083887    14.915    12558.9     6536.8    -6512.4     67.1     38.8    111.8 2020  4 19 16  8 58.720  0.00   1
   108464  40.610958 -124.093327    18.452    11759.5     6743.3    -2974.9     30.9     24.2     41.1 2022  1 22 11 10 16.600  0.00   1
   108465  40.611776 -124.095125    18.140    11607.1     6834.2    -3287.7     35.3     34.9     50.3 2022  1 29  6 14 29.780  0.00   1
   108466  40.582678 -124.293604    21.954    -5198.3     3603.0      526.9     35.9     33.8     42.0 2020  4 19 16 21  7.220  0.00   1
   108475  40.495447 -124.430347    25.883   -16789.2    -6083.6     4455.7     43.2     33.4     67.0 2020  8 21 16 41  2.020  0.00   1
   108479  40.504130 -124.434985    23.196   -17181.1    -5119.4     1768.7     45.7     51.8     66.4 2021  9 26  7 21 14.820  0.00   1
   108490  40.638354 -124.004134    24.052    19307.2     9785.6     2625.1     42.9     31.6     42.3 2020  4 19  6 45 57.780  0.00   1
   108491  40.514848 -124.341203    18.500    -9233.9    -3929.2    -2927.1     21.6     27.3     32.5 2020  4 21 11 21 54.140  0.00   1
   108492  40.509493 -124.335425    19.054    -8744.7    -4523.9    -2373.5     16.0     17.3     22.7 2020  6 19  5 30 29.960  0.00   1
   108493  40.509542 -124.334220    19.149    -8642.6    -4518.4    -2278.6     19.0     14.5     18.2 2021  3 12  1 30 38.560  0.00   1
   108494  40.509668 -124.335897    19.064    -8784.7    -4504.4    -2363.6     20.4     16.5     21.0 2021  6 14 22 35  4.460  0.00   1
   108495  40.509798 -124.331030    19.711    -8372.3    -4490.0    -1716.7     28.6     18.5     35.0 2021  6 14 21 36  2.260  0.00   1
   108496  40.509607 -124.331665    19.573    -8426.1    -4511.2    -1854.7     25.7     26.6     29.6 2021  6 14 21 44 45.960  0.00   1
   108497  40.509729 -124.336263    19.047    -8815.7    -4497.7    -2380.6     13.7     17.8     17.3 2021  6 15  9 44 20.640  0.00   1
   108498  40.510181 -124.336385    18.941    -8826.0    -4447.5    -2486.3     19.6     17.2     19.8 2021  6 15  8 53  6.160  0.00   1
   108499  40.510246 -124.336621    18.841    -8846.0    -4440.3    -2586.1     17.1     18.4     25.9 2021  6 15  9 30  2.180  0.00   1
   108500  40.510840 -124.337712    18.857    -8938.4    -4374.3    -2570.5     16.2     20.3     19.0 2021  6 15  9 15  5.520  0.00   1
   108501  40.509867 -124.335539    19.075    -8754.3    -4482.3    -2351.8     22.0     14.0     23.3 2021 12 11  4 20 38.740  0.00   1
   108566  40.642192 -124.063973    23.422    14241.4    10211.7     1995.2     68.8     31.4     31.3 2020  5  5 15 41 19.740  0.00   1
   108569  40.507479 -124.485701    23.698   -21478.0    -4747.5     2270.4     22.7     33.1     39.3 2020  5  6  2 15 26.660  0.00   1
   108570  40.508679 -124.489396    24.464   -21790.8    -4614.2     3036.3     31.8     33.6     80.8 2021  7 27  7 34 24.040  0.00   1
   108571  40.608008 -124.087036    17.445    12292.3     6415.7    -3982.2     60.7     26.9     42.3 2020  5  9 23 48 21.420  0.00   1
   108578  40.490068 -124.506006    15.663   -23201.4    -6681.0    -5764.5     39.5     43.7     69.2 2022  3 19 17 38 45.720  0.00   1
   108600  40.552962 -124.258586    24.925    -2233.4      303.2     3497.8     28.3     27.3     48.7 2020  8  8  3  7 36.200  0.00   1
   108601  40.549748 -124.252148    26.224    -1688.2      -53.8     4796.8     39.8     38.8     65.4 2021  7 18  8 37 44.140  0.00   1
   108604  40.548421 -124.247786    23.392    -1318.7     -201.1     1964.5     60.4     22.4     39.1 2022  6 14  4 29 40.760  0.00   1
   108605  40.552555 -124.238045    22.013     -493.5      258.0      585.9     62.5     22.1     38.8 2022  6 29  2 18 33.580  0.00   1
   108609  40.532251 -124.346012    18.114    -9640.1    -1996.7    -3313.7     42.9     36.9     70.8 2020  5 21  5 49 36.720  0.00   1
   108610  40.532247 -124.346004    18.116    -9639.5    -1997.2    -3311.3     42.9     37.2     70.7 2020  5 21  6  0 18.060  0.00   1
   108611  40.541964 -124.342749    17.304    -9363.0     -918.1    -4123.3     37.2     39.0     29.3 2020  5 21  5 49 32.040  0.00   1
   108616  40.526668 -124.404663    19.116   -14609.4    -2616.6    -2311.5     22.1     24.7     28.5 2020  5 27 17 28 46.460  0.00   1
   108617  40.528251 -124.400505    17.631   -14256.9    -2440.9    -3795.8     30.8     33.1     40.7 2021 12 21  9 14 12.320  0.00   1
   108618  40.523002 -124.412769    18.394   -15296.5    -3023.7    -3033.1     22.9     21.0     31.4 2020  5 29  3 10 10.980  0.00   1
   108624  40.532910 -124.337996    19.500    -8961.0    -1923.5    -1926.9     32.5     28.3     48.3 2020  6  1 23 58 17.820  0.00   1
   108625  40.519714 -124.329728    21.201    -8261.4    -3388.8     -226.1     23.5     19.2     24.7 2020  6 24  4 56 53.760  0.00   1
   108626  40.519706 -124.329704    21.206    -8259.3    -3389.7     -221.7     23.4     19.2     24.9 2020  6 25 13  0 35.620  0.00   1
   108655  40.578662 -124.189836    19.132     3589.3     3157.0    -2295.6     38.9     16.9     23.5 2021 10 12  3 27 25.740  0.00   1
   108724  40.623116 -123.930216    21.542    25567.1     8093.4      115.2     22.3     17.4     23.4 2020  6 14 11 45 45.620  0.00   1
   108732  40.592196 -123.923527    20.888    26139.4     4659.9     -539.0     66.6     56.2     47.7 2022 10 13 19 35 55.660  0.00   1
   108757  40.543286 -124.054924    19.904    15018.5     -771.3    -1523.5     22.4     23.7     18.6 2020  6 14 14 58 40.620  0.00   1
   108758  40.540588 -124.053011    19.930    15180.8    -1070.9    -1497.4     28.0     18.1     25.5 2021  3  4 22 22 58.560  0.00   1
   108759  40.539673 -124.042220    20.424    16095.0    -1172.5    -1003.2     28.0     37.0     22.8 2022  2 22 19 27 13.320  0.00   1
   108760  40.539974 -124.045060    19.821    15854.4    -1139.1    -1606.4     40.7     22.6     24.3 2022  3 14  4  0 41.420  0.00   1
   108761  40.540369 -124.049609    19.976    15468.9    -1095.3    -1451.5     31.4     33.0     32.1 2022  4  7 13 29 19.080  0.00   1
   108768  40.612256 -124.087663    18.234    12238.9     6887.5    -3193.4     46.2     36.5     30.8 2020 12 14 11 30 35.940  0.00   1
   108775  40.487638 -123.868652    20.828    30810.0    -6950.7     -599.1     21.2     29.9     30.4 2021  3 12  6 12 15.860  0.00   1
   108778  40.521073 -123.909945    21.092    27303.9    -3237.9     -335.0     10.5     10.5     21.3 2021 10  5  6 18 43.140  0.00   1
   108780  40.521285 -123.910189    21.083    27283.2    -3214.4     -344.7     11.6      9.8     20.8 2021 10  6 16 45 29.740  0.00   1
   108782  40.521110 -123.910026    21.084    27297.0    -3233.9     -343.0     10.8     10.4     20.9 2021 10  6 17 13 28.040  0.00   1
   108784  40.525484 -123.914046    20.697    26955.6    -2748.1     -730.6     33.7     40.8     35.2 2021 10  6 18 40 27.620  0.00   1
   108785  40.520882 -123.909774    21.091    27318.5    -3259.2     -335.9     10.6     11.9     21.3 2021 10  6 19 49 19.280  0.00   1
   108789  40.521802 -123.910645    21.084    27244.5    -3157.0     -343.3     14.3     12.7     21.1 2021 10  6 11 42 23.740  0.00   1
   108794  40.521098 -123.909985    21.088    27300.5    -3235.2     -339.2     10.9     10.5     21.1 2021 10  9 19 44 44.220  0.00   1
   108797  40.511047 -123.899276    21.253    28209.9    -4351.3     -174.7     40.9     47.9     28.0 2021 10 10 14 55 46.020  0.00   1
   108839  40.500529 -124.433618    23.513   -17065.8    -5519.3     2085.3     28.8     27.5     42.6 2021  4  7 10 38 50.740  0.00   1
   108840  40.498914 -124.437329    23.546   -17380.4    -5698.7     2118.8     20.1     21.5     33.4 2021 11  7  2 42 54.760  0.00   1
   108860  40.630672 -123.929468    21.597    25629.1     8932.5      169.7     27.3     22.4     20.5 2020  7  8 15  4 51.000  0.00   1
   108864  40.610319 -123.881885    23.823    29661.6     6672.4     2396.0     22.5     21.2     18.3 2020  7 12  6 10  9.180  0.00   1
   108865  40.609428 -123.883171    23.783    29553.0     6573.4     2355.9     28.4     19.4     17.6 2021  7 25  9 12 32.240  0.00   1
   108866  40.609355 -123.886312    23.794    29287.0     6565.3     2366.6     32.1     24.1     20.9 2022  9 20 20 35 29.800  0.00   1
   108897  40.598698 -124.118490    15.990     9629.9     5381.9    -5437.1     49.8     28.6     35.0 2020  7 21  9 58 36.880  0.00   1
   108901  40.606136 -124.106632    18.110    10633.3     6207.9    -3317.2     64.0     21.6     29.4 2020  7 28 10 54 20.520  0.00   1
   108918  40.645748 -124.018075    18.666    18126.1    10606.6    -2761.3     64.8     22.9     66.2 2020  8 14  7 59 14.720  0.00   1
   108919  40.646566 -124.014860    18.906    18398.1    10697.4    -2520.8     50.6     18.5     42.9 2020  8 14  7 29 17.360  0.00   1
   108921  40.646468 -124.021387    18.418    17845.7    10686.6    -3009.5     38.4     18.7     46.9 2021 11 16 18 50  1.700  0.00   1
   108922  40.588721 -124.109416    20.480    10399.0     4274.0     -947.7     48.7     32.9     47.0 2020  8 17 22 44  9.820  0.00   1
   108923  40.588619 -124.109513    20.461    10390.7     4262.7     -966.4     49.7     32.7     47.1 2020  8 17 22 37  2.940  0.00   1
   108925  40.605314 -124.111051    20.278    10259.2     6116.6    -1149.3     39.9     32.5     56.1 2021  6 29  5 32 28.020  0.00   1
   108926  40.601461 -124.122437    20.484     9295.5     5688.7     -943.2     46.3     21.7     40.2 2021  9  2  7  3 32.740  0.00   1
   108956  40.532886 -124.246574    18.785    -1216.1    -1926.2    -2642.4     27.9     24.3     27.5 2020  8 19  9 20 36.680  0.00   1
   108957  40.531799 -124.246175    18.912    -1182.4    -2046.9    -2514.9     28.2     18.6     26.3 2021  7 30  7  1 16.480  0.00   1
   108959  40.534216 -124.247819    18.669    -1321.6    -1778.5    -2757.9     29.1     27.1     34.8 2022  9 20 20 46 19.020  0.00   1
   108974  40.605611 -124.221647    23.945      895.1     6149.6     2518.0     39.3     27.3     33.1 2021  6  2  8  1  4.060  0.00   1
   108976  40.604704 -124.237378    23.572     -436.9     6048.8     2144.9     45.5     25.5     35.4 2021  8  2  1 42 32.520  0.00   1
   108977  40.611263 -124.220964    25.324      952.9     6777.2     3896.9     30.1     30.2     33.5 2021  9 27 13 54 30.160  0.00   1
   108978  40.611141 -124.221069    25.278      944.0     6763.7     3850.6     28.2     30.8     32.3 2021 11 19  5 14  6.980  0.00   1
   108988  40.605237 -124.050708    23.615    15368.5     6108.0     2187.6     54.1     41.3     44.3 2021  9 19  2 30 15.040  0.00   1
   108995  40.563033 -123.933464    22.023    25303.5     1421.5      596.0     14.6     16.7     17.4 2020  9  7  3  4 36.280  0.00   1
   108998  40.563774 -123.932674    21.936    25370.2     1503.7      508.7     15.5     16.8     17.7 2020 11 23  2 17 29.880  0.00   1
   108999  40.561617 -123.932650    22.041    25372.7     1264.3      613.8     17.4     14.7     19.5 2020 11 23  2 27  1.080  0.00   1
   109001  40.563180 -123.933569    22.051    25294.5     1437.8      623.3     21.2     24.5     19.4 2021  4 25  2 44 15.560  0.00   1
   109003  40.564327 -123.936198    22.213    25071.7     1565.2      785.5     19.6     18.3     23.1 2021  9 25  7 21 32.760  0.00   1
   109005  40.562476 -123.932943    22.089    25347.7     1359.6      661.3     13.9     13.3     17.6 2022  1 19 16 50 43.900  0.00   1
   109006  40.562508 -123.931641    22.101    25458.0     1363.2      673.5     16.1     22.9     17.1 2022  1 23  4 17 44.580  0.00   1
   109007  40.561353 -123.931250    22.125    25491.3     1234.9      697.3     15.8     12.2     17.8 2022  1 23 13 55 42.740  0.00   1
   109008  40.564758 -123.936922    22.136    25010.2     1613.1      709.1     11.7     12.7     25.8 2022  5 17 14 52 29.660  0.00   1
   109027  40.521513 -123.897599    19.825    28349.8    -3189.1    -1602.6     50.8     55.0     63.8 2020  9 12  9 10  3.360  0.00   1
   109029  40.534444 -123.900277    23.155    28120.3    -1753.2     1728.0     34.8     45.5    111.8 2021 10 21 16 23 18.500  0.00   1
   109031  40.527836 -123.908586    20.400    27417.7    -2487.0    -1027.1     49.6     54.7     63.8 2022  9 21 22  2  0.300  0.00   1
   109034  40.607617 -123.925114    24.696    26002.1     6372.4     3268.7     56.1     34.5     56.2 2021 10 16  0 56 17.260  0.00   1
   109035  40.606958 -123.916610    25.029    26722.3     6299.2     3602.2     37.8     31.8     41.7 2022  4  7  7 43 59.660  0.00   1
   109037  40.599727 -124.118294    18.653     9646.4     5496.2    -2773.9     36.0     19.9     26.9 2021  8 28 10 22 15.280  0.00   1
   109040  40.536133 -124.048104    19.793    15597.0    -1565.6    -1634.4     33.1     18.9     31.6 2021  5  4 20 49 28.940  0.00   1
   109042  40.535701 -124.048161    19.848    15592.2    -1613.5    -1579.0     29.7     22.7     25.9 2021 12 10 18 19  3.380  0.00   1
   109047  40.658158 -123.882682    27.411    29583.6    11984.7     5983.5     65.5     57.8     98.4 2022  7  7 10 16 42.560  0.00   1
   109051  40.586873 -124.067692    21.537    13932.3     4068.9      109.8     38.0     25.6     34.2 2022 10 22  1 32  8.620  0.00   1
   109052  40.617859 -124.075439    17.964    13273.2     7509.7    -3463.0     75.9     30.3     52.0 2020  9 18  1 49 50.060  0.00   1
   109054  40.623092 -124.086344    17.474    12349.5     8090.7    -3953.8     53.3     35.5     29.4 2021  8  3  7 25 29.060  0.00   1
   109057  40.620321 -124.076595    17.299    13175.2     7783.0    -4128.3     60.7     25.0     44.0 2021 11  1 20 23 11.500  0.00   1
   109058  40.618616 -124.080640    17.745    12832.9     7593.7    -3682.7     29.1     20.4     31.0 2022  7  2 18 54 53.920  0.00   1
   109059  40.618359 -124.079997    17.728    12887.4     7565.2    -3699.0     31.0     18.1     31.3 2022  7  5 10 26 16.440  0.00   1
   109060  40.609184 -124.074894    18.618    13320.3     6546.3    -2808.9     58.5     21.8     45.8 2022  9 22  5 20 24.860  0.00   1
   109079  40.592232 -124.322786    21.345    -7669.1     4663.9      -82.2     50.3     29.4     33.1 2020  9 24  1 37  2.540  0.00   1
   109081  40.591744 -124.324561    21.263    -7819.4     4609.7     -164.4     54.4     24.3     39.8 2021  8  3  7 28  1.280  0.00   1
   109082  40.591508 -124.322957    21.251    -7683.6     4583.5     -175.8     73.2     39.0     41.8 2021  8  3  7 28 11.760  0.00   1
   109083  40.589933 -124.325871    20.947    -7930.4     4408.6     -480.4     53.4     41.6     71.6 2022  3 18 23 22 52.560  0.00   1
   109086  40.623315 -124.102051    19.265    11019.8     8115.6    -2161.4     88.5     78.2    101.6 2020  9 29 20 57 21.240  0.00   1
   109088  40.589990 -124.099390    24.712    11247.9     4415.0     3284.7     61.4     32.9     81.3 2021  8  2  6  3 50.240  0.00   1
   109099  40.524666 -124.381486    16.841   -12646.0    -2838.9    -4586.1     42.1     26.7     66.1 2022 11  3 21 25 34.920  0.00   1
   109112  40.571830 -123.939893    21.336    24757.4     2398.4      -91.6     16.5     15.0     15.3 2020 11 28  4 46 13.820  0.00   1
   109120  40.572343 -123.939632    21.546    24779.3     2455.3      118.6     19.1     14.9     17.4 2021 10  7 15 37 20.960  0.00   1
   109123  40.568620 -123.936247    21.205    25066.7     2041.9     -222.6     23.4     21.4     23.0 2021 10  7 10 58 29.020  0.00   1
   109127  40.572331 -123.939608    21.542    24781.4     2454.0      114.7     19.2     14.8     17.3 2021 10  9 15  2 48.760  0.00   1
   109129  40.523779 -124.430216    19.698   -16774.6    -2937.4    -1729.5     18.8     23.3     24.9 2020 10 11 16 54  4.900  0.00   1
   109133  40.641085 -124.028825    18.739    17216.8    10088.8    -2687.9     33.9     20.8     45.5 2020 10 20  3 57  2.000  0.00   1
   109186  40.664087 -123.896956    23.041    28374.3    12643.1     1614.1     39.9     38.0     43.1 2020 11 10  7 29 44.140  0.00   1
   109189  40.671509 -123.900749    21.731    28051.8    13467.2      304.2     33.9     25.9     40.6 2021  5 13  9 32 24.180  0.00   1
   109190  40.665279 -123.900456    22.966    28077.8    12775.5     1539.0     49.5     37.1     42.7 2022  6 25  8 45  6.260  0.00   1
   109416  40.594291 -123.967187    22.458    22442.0     4892.6     1030.6     39.1     21.5     37.0 2020 11 28  4 41 25.020  0.00   1
   109417  40.594206 -123.967000    22.449    22457.9     4883.1     1021.8     39.0     20.4     36.1 2020 11 28  4 28 30.560  0.00   1
   109418  40.596659 -123.971395    22.472    22085.3     5155.5     1045.2     32.7     30.6     36.0 2021  3 28 11 21 31.120  0.00   1
   109420  40.598295 -123.916349    22.025    26746.0     5337.2      597.5     37.5     29.8     33.3 2020 12  7 19  3 16.040  0.00   1
   109421  40.604431 -123.915023    21.881    26857.1     6018.6      454.1     39.9     39.1     33.6 2020 12  7 19  5 36.340  0.00   1
   109427  40.597164 -123.901050    25.361    28041.7     5211.6     3933.6     31.9     36.9     33.4 2020 11 29  9 45 15.600  0.00   1
   109428  40.597546 -123.893042    26.016    28719.7     5254.1     4588.4     50.4     37.8     53.3 2021  1 19 12 58 57.580  0.00   1
   109430  40.592989 -123.897445    25.692    28347.9     4748.0     4264.9     36.2     27.1     35.8 2022  3 18  0  7 21.100  0.00   1
   109436  40.605611 -124.098730    15.459    11302.4     6149.6    -5968.3     48.5     38.5     33.9 2020 12  1 11 36 42.680  0.00   1
   109448  40.559688 -124.019076    22.238    18052.9     1050.1      810.4     15.6     17.7     19.8 2022  1 19 22 27 40.720  0.00   1
   109451  40.560156 -124.018343    21.956    18114.9     1102.0      528.4     17.7     17.8     21.1 2022  6  9  2 12 47.440  0.00   1
   109453  40.560758 -124.023389    22.003    17687.5     1168.9      576.1     20.3     18.8     15.7 2022 11 22  5  9 14.600  0.00   1
   109457  40.587187 -124.188639    21.958     3690.3     4103.7      530.6     63.2     31.9     69.5 2022 11 20 16 58  8.260  0.00   1
   109458  40.553243 -123.891496    22.274    28860.1      334.4      847.1     42.0     36.2     53.3 2020 12 19 19 50 56.380  0.00   1
   109460  40.594808 -124.226310    24.978      500.3     4950.0     3550.8     71.5     61.3     82.9 2021  2 11 13 50 26.620  0.00   1
   109461  40.600769 -124.110758    16.182    10284.4     5611.9    -5245.2     56.6     41.6     46.7 2021  1  4  6 14 34.600  0.00   1
   109483  40.494320 -124.466699    22.912   -19869.8    -6208.8     1485.0     48.9     49.2     37.1 2021  1 13 19 34 16.280  0.00   1
   109484  40.518970 -124.466935    23.867   -19886.2    -3471.5     2439.6     35.5     37.5     43.7 2021  2 12 14 58  6.120  0.00   1
   109485  40.514771 -124.453174    25.281   -18720.8    -3937.8     3854.2     37.8     42.1     78.5 2022  6  3  7 37 13.740  0.00   1
   109491  40.553691 -124.051904    23.112    15273.0      384.1     1684.7     27.7     21.9     20.8 2022 11 12 22 18 21.100  0.00   1
   109493  40.579191 -124.219035    19.978     1116.5     3215.8    -1449.6     32.9     17.8     31.2 2021 12 30 20 43 22.380  0.00   1
   109498  40.581917 -124.148031    22.697     7129.4     3518.5     1269.4     55.3     31.8     29.0 2022  3 29  0 35 16.680  0.00   1
   109534  40.643656 -124.001839    18.326    19500.7    10374.4    -3101.2     75.7     25.6     51.2 2021  3  6  9 15 31.140  0.00   1
   109535  40.652832 -124.015405    18.098    18351.1    11393.3    -3329.0     73.2     32.0     61.4 2021  3  6  9 16 35.960  0.00   1
   109542  40.540580 -123.908000    22.969    27464.8    -1071.8     1541.9     34.4     35.9     38.4 2021  3 19 20 18 50.400  0.00   1
   109543  40.538936 -123.903605    23.015    27837.4    -1254.3     1588.2     28.3     27.5     26.3 2021  7 28 11 59  6.040  0.00   1
   109544  40.540271 -123.907992    22.969    27465.5    -1106.1     1542.0     19.4     19.8     23.8 2021 11  2 15 33 30.400  0.00   1
   109546  40.538257 -123.913574    23.029    26993.0    -1329.8     1601.9     37.6     47.3     42.3 2022  2  8 20 52 37.700  0.00   1
   109547  40.542830 -123.906844    22.924    27562.2     -821.9     1496.9     31.7     23.3     30.2 2022  5 16 12 51  7.720  0.00   1
   109550  40.562752 -123.976245    23.653    21680.1     1390.3     2226.1     21.8     20.4     22.3 2021 10 14 12 55 59.780  0.00   1
   109551  40.562187 -123.975618    23.659    21733.3     1327.5     2232.0     18.6     15.7     16.9 2021 10 18 11 26 36.900  0.00   1
   109560  40.572685 -124.420923    23.306   -15981.5     2493.3     1879.2     50.4     61.7     70.0 2021  4 22 19 58  9.520  0.00   1
   109562  40.576522 -124.417008    23.374   -15649.5     2919.4     1946.4     38.0     46.6     53.1 2021 10  1 17 28 56.900  0.00   1
   109563  40.576811 -124.416756    23.052   -15628.1     2951.5     1625.1     40.2     49.4     66.0 2022  6  6  8 33 56.500  0.00   1
   109585  40.699662 -123.965658    21.722    22553.9    16593.5      294.8     43.0     28.2     29.7 2021 12  9  6 38 26.640  0.00   1
   109586  40.607511 -123.809806    26.941    35765.0     6360.6     5513.3     39.1     33.6     66.7 2021  4 25 12  4 20.500  0.00   1
   109587  40.513920 -124.439486    16.776   -17561.2    -4032.3    -4650.9     30.5     39.9     62.0 2021  4 26 14 34  7.560  0.00   1
   109588  40.531270 -124.400008    18.384   -14214.5    -2105.6    -3043.1     26.0     28.8     49.8 2021  4 30  5 48 15.420  0.00   1
   109590  40.595850 -124.009985    22.688    18817.8     5065.6     1260.7     29.4     18.0     29.3 2021  5  1  6 40  3.120  0.00   1
   109592  40.565808 -124.020101    22.230    17965.2     1729.7      803.2     20.7     17.1     21.1 2022  3 10 22 12 16.660  0.00   1
   109593  40.585282 -124.210303    23.091     1855.9     3892.2     1664.1     67.8     32.0     51.7 2021  5 25 13 41 14.420  0.00   1
   109638  40.582015 -123.954061    24.525    23555.7     3529.4     3097.4     52.2     42.8     53.1 2021  6  5 11 28 29.860  0.00   1
   109639  40.573466 -123.959578    24.109    23089.9     2580.0     2681.8     59.5     41.2     68.5 2022  2 26  5 28  3.880  0.00   1
   109640  40.550643 -123.972306    21.131    22015.7       45.6     -296.7     20.7     17.9     22.4 2021  6 14 23  5 14.620  0.00   1
   109641  40.551229 -123.973039    21.127    21953.5      110.7     -300.5     16.5     18.2     19.9 2021  6 15  4  8 20.200  0.00   1
   109643  40.549849 -123.970605    20.992    22159.9      -42.5     -435.4     15.2     17.1     13.5 2021  6 15  2 15 10.680  0.00   1
   109645  40.549849 -123.970630    20.986    22157.8      -42.5     -441.5     14.5     17.3     12.3 2021  9 21 16 59  7.260  0.00   1
   109646  40.550358 -123.971948    21.024    22046.0       14.0     -403.0     27.1     23.4     22.7 2022  8 19 22 15 53.220  0.00   1
   109647  40.550366 -123.971940    21.025    22046.7       14.9     -402.5     27.1     23.6     22.8 2022  9 26 14 46 33.600  0.00   1
   109649  40.477502 -124.513965    16.604   -23878.1    -8076.3    -4823.3     44.5     52.9     87.8 2022  9 18  8 29  6.480  0.00   1
   109653  40.598962 -124.330160    21.011    -8293.1     5411.3     -415.8     54.5     27.9     57.1 2021  6 26 23 51 53.520  0.00   1
   109656  40.603109 -124.309505    18.349    -6544.0     5871.7    -3078.5     54.0     24.0     69.9 2021  7  7 21  8 20.520  0.00   1
   109661  40.598877 -124.328996    21.053    -8194.5     5401.8     -374.1     47.9     23.1     51.6 2022 11 27 17  4 31.920  0.00   1
   109701  40.537500 -124.351294    18.264   -10087.2    -1413.8    -3162.9     24.0     22.2     35.4 2021  7  9 20  8 44.560  0.00   1
   109707  40.705225 -123.933203    22.578    25298.8    17211.2     1150.6     28.8     26.5     22.5 2021  7 21  1 57 33.440  0.00   1
   109708  40.706246 -123.937565    22.502    24929.6    17324.6     1075.0     44.8     16.1     22.1 2022  8 13 12 33 41.180  0.00   1
   109709  40.706238 -123.937565    22.500    24929.6    17323.7     1072.7     44.6     16.2     22.1 2022  8 13 13  7 15.920  0.00   1
   109710  40.479569 -124.404492    19.913   -14600.0    -7846.7    -1514.7     29.1     33.5     41.2 2021  7 21  6 27  7.140  0.00   1
   109714  40.514290 -124.431803    18.034   -16910.3    -3991.1    -3393.0     16.7     24.2     42.2 2021  7 22  8 29 59.260  0.00   1
   109718  40.501562 -124.453524    18.477   -18752.3    -5404.5    -2950.2     43.2     32.5     77.7 2022  4  3 19 26 32.500  0.00   1
   109728  40.639644 -123.915861    21.242    26779.2     9928.8     -185.1     27.4     21.4     20.7 2021 10 28 17 29 28.460  0.00   1
   109729  40.639994 -123.917773    21.215    26617.2     9967.7     -212.2     32.4     25.4     23.4 2021 10 28 20 25 38.640  0.00   1
   109732  40.504968 -124.459229    18.644   -19235.2    -5026.3    -2783.5     27.8     31.3     37.1 2021  8  5  5 11 35.000  0.00   1
   109733  40.504659 -124.457227    20.180   -19065.6    -5060.7    -1247.3     40.1     41.9     63.5 2021 12 18  9  2 20.600  0.00   1
   109734  40.501107 -124.456413    20.257   -18997.2    -5455.1    -1170.3     33.4     46.4     57.2 2021 12 21 16 46 40.580  0.00   1
   109740  40.533887 -124.374927    25.189   -12089.5    -1815.1     3761.9     29.1     21.6     38.5 2021 12 25  9  3 58.480  0.00   1
   109741  40.533110 -124.372274    24.745   -11864.8    -1901.4     3317.9     32.2     23.8     39.4 2022  8 24 18 28  5.620  0.00   1
   109742  40.638037 -124.044759    19.951    15868.3     9750.4    -1475.8     52.9     41.1     52.4 2021  8 23  5 51 36.160  0.00   1
   109744  40.536292 -123.780119    21.858    38298.9    -1548.0      431.1     29.5     59.6     20.3 2021  8 29 12 47 11.520  0.00   1
   109745  40.534306 -123.786328    23.052    37773.4    -1768.5     1624.5     61.1     85.8     19.3 2022  1  7 12 47 18.900  0.00   1
   109758  40.549862 -124.225659    17.738      555.6      -41.1    -3689.3     32.6     17.7     29.7 2021  9 12 22 48 15.460  0.00   1
   109773  40.520333 -124.413680    17.179   -15374.0    -3320.2    -4248.4     28.0     32.4     45.1 2021 12 23 10 30 50.600  0.00   1
   109775  40.576746 -124.212533    18.750     1667.2     2944.2    -2676.9     31.0     15.5     39.0 2021  9 23 19 33 34.900  0.00   1
   109779  40.527543 -124.360067    18.533   -10831.2    -2519.5    -2894.1     54.9     27.2     55.0 2021  9 30  4 43 34.000  0.00   1
   109788  40.517476 -123.881486    21.718    29715.8    -3637.4      290.4     24.9     36.9     41.6 2021 10  7  4 45 50.940  0.00   1
   109789  40.510535 -123.869621    21.491    30722.7    -4408.2       63.5     30.2     24.6     44.6 2021 10  7  5 44  8.100  0.00   1
   109791  40.510913 -123.872648    21.515    30466.1    -4366.2       88.2     21.4     17.1     19.5 2021 10  9 15 14 13.920  0.00   1
   109792  40.511458 -123.878524    21.637    29968.2    -4305.6      209.4     17.7     18.7     32.8 2021 10  9 14 51  7.940  0.00   1
   109793  40.515625 -123.880859    21.630    29769.3    -3842.9      202.8     22.4     18.6     32.9 2021 10  9 19 19 22.180  0.00   1
   109794  40.512349 -123.874837    21.532    30280.3    -4206.7      104.8     18.4     19.5     26.5 2021 10 16 14 55 23.500  0.00   1
   109795  40.512878 -123.876213    21.606    30163.7    -4147.9      178.5     18.8     15.3     23.5 2021 11  4 10 59  4.180  0.00   1
   109796  40.512655 -123.874601    21.534    30300.2    -4172.8      106.9     26.9     14.9     28.3 2021 11  7  7 51 35.860  0.00   1
   109801  40.546989 -123.853011    22.508    32121.4     -360.1     1080.5     40.6     41.2     36.5 2022  1 31 19 52 42.840  0.00   1
   109836  40.613859 -124.137443    18.769     8024.1     7065.5    -2658.4     66.0     25.1     47.7 2021 10 22 21  9 45.260  0.00   1
   109837  40.612451 -124.075374    20.226    13279.3     6909.2    -1201.4     43.9     32.7     56.3 2021 10 31 13 10  3.600  0.00   1
   109838  40.558374 -123.953418    22.295    23614.2      904.1      868.0     23.6     24.9     24.2 2021 11  3 19 22 52.340  0.00   1
   109846  40.605318 -124.077124    16.824    13131.8     6117.1    -4603.2     53.9     37.2     51.5 2021 11 25 17 56 31.760  0.00   1
   109849  40.605440 -124.306624    20.399    -6299.9     6130.6    -1028.7     56.4     19.1     70.9 2021 11 29  9 17 10.340  0.00   1
   109852  40.523560 -124.431999    19.907   -16925.6    -2961.8    -1520.7     15.7     22.4     21.8 2022  1 18 10 25 37.780  0.00   1
   110087  40.588831 -124.205672    20.434     2247.9     4286.2     -993.3     57.5     37.3     50.2 2021 12 11 10 51 42.420  0.00   1
   110088  40.543555 -124.316634    19.590    -7150.7     -741.5    -1837.2     51.8     28.5     32.0 2021 12 20 23 40 19.580  0.00   1
   110091  40.543840 -124.316219    19.511    -7115.6     -709.8    -1916.2     49.4     27.5     31.0 2022  8 22 11 46 57.980  0.00   1
   110092  40.547725 -124.317480    18.696    -7222.2     -278.3    -2731.5     41.8     15.7     38.1 2022  8 22 11 19 44.520  0.00   1
   110093  40.545793 -124.314575    19.178    -6976.2     -493.0    -2249.3     48.1     30.7     35.0 2021 12 20 21 17 43.440  0.00   1
   110095  40.547168 -124.318270    20.386    -7289.1     -340.2    -1041.0     71.7     26.7     78.3 2022  7 14  2 59 53.060  0.00   1
   110120  40.517529 -124.423600    19.936   -16214.8    -3631.5    -1490.9     17.7     20.3     27.8 2021 12 20 20 29 25.860  0.00   1
   110127  40.575435 -124.206755    17.091     2156.5     2798.7    -4335.8     64.9     28.1     37.7 2021 12 20 20 15 20.340  0.00   1
   110128  40.549357 -124.296826    23.951    -5472.6      -97.1     2523.3     63.6     60.4     68.9 2021 12 20 20 31  1.340  0.00   1
   110129  40.516296 -124.445207    17.371   -18045.6    -3768.4    -4056.5     33.9     32.7     47.2 2021 12 20 22 57 59.980  0.00   1
   110153  40.505078 -124.333659    18.424    -8595.3    -5014.1    -3003.5     24.8     28.3     46.7 2021 12 21  3 28 34.100  0.00   1
   110154  40.505558 -124.332218    18.625    -8473.3    -4960.8    -2802.6     16.0     15.6     33.0 2021 12 23  6 55 41.480  0.00   1
   110156  40.505530 -124.332365    18.638    -8485.7    -4964.0    -2789.3     21.5     22.1     51.8 2021 12 23  4 51 44.220  0.00   1
   110160  40.521627 -124.420158    18.146   -15922.7    -3176.5    -3281.3     22.4     17.5     48.8 2021 12 21 19 30 31.800  0.00   1
   110168  40.579891 -124.208382    18.999     2018.6     3293.5    -2427.9     26.0     11.8     38.1 2021 12 21  2 44 44.640  0.00   1
   110179  40.545874 -124.348088    22.027    -9815.0     -483.9      600.1     52.1     47.5     74.7 2022  3 20  6 57 16.680  0.00   1
   110181  40.497978 -124.456681    16.252   -19020.4    -5802.6    -5175.5     32.7     27.9     92.9 2021 12 25 16 54 33.700  0.00   1
   110183  40.598047 -124.110229    17.760    10329.4     5309.6    -3667.6     46.1     35.2     34.0 2021 12 26 16  2 15.940  0.00   1
   110184  40.588477 -123.997078    20.369    19911.8     4246.9    -1058.2     35.4     34.1     38.2 2021 12 27  8 53  5.400  0.00   1
   110185  40.575484 -123.987150    20.884    20754.5     2804.1     -543.0     21.3     19.8     29.1 2022  5 28  7 57  1.360  0.00   1
   110186  40.581165 -124.209741    20.852     1903.5     3434.9     -575.4     56.8     26.2     36.2 2021 12 28  6 35 41.580  0.00   1
   110187  40.576721 -124.199878    19.562     2738.8     2941.5    -1865.6     28.5     10.1     20.0 2021 12 31 13 31 14.620  0.00   1
   110188  40.576721 -124.199870    19.561     2739.5     2941.5    -1866.1     28.6     10.1     20.0 2022  1  1 22 14 38.120  0.00   1
   110189  40.576668 -124.199797    19.538     2745.7     2935.6    -1889.1     28.6     10.1     19.5 2022  1  2 11 16 33.460  0.00   1
   110190  40.576921 -124.198201    19.656     2880.8     2963.7    -1770.9     44.1     15.8     29.8 2022  4 25  2 10 11.700  0.00   1
   110191  40.576644 -124.199748    19.530     2749.9     2932.9    -1897.2     29.5     10.2     19.5 2022  9  1 20 43  2.920  0.00   1
   110199  40.519259 -124.409505    20.141   -15020.4    -3439.4    -1285.9     24.3     26.9     38.6 2021 12 31 17  2 13.380  0.00   1
   110209  40.594161 -124.099259    25.062    11258.6     4878.1     3635.1     57.1     29.1     70.3 2022  4  2 19 46 56.000  0.00   1
   110211  40.515312 -124.443514    17.797   -17902.3    -3877.7    -3630.3     24.7     24.2     43.8 2022  4  3 10 39 47.080  0.00   1
   110231  40.514990 -124.437834    19.051   -17421.1    -3913.4    -2376.2     20.7     27.9     33.7 2022  5 14 20  9 30.640  0.00   1
   110234  40.535331 -124.238713    19.861     -550.1    -1654.7    -1565.9     44.3     24.6     26.1 2022  5 25  9 25 42.220  0.00   1
   110250  40.520553 -124.407186    20.909   -14823.8    -3295.8     -518.7     51.6     47.5     57.7 2022  7  2 10 23 23.100  0.00   1
   110253  40.594767 -124.114689    18.276     9952.0     4945.4    -3150.9     37.3     27.0     38.3 2022  7 20  6 28 50.580  0.00   1
   110254  40.595728 -124.114079    18.347    10003.6     5052.1    -3080.3     36.0     25.0     40.2 2022  8  9  7 59 33.060  0.00   1
   110255  40.598767 -124.117131    17.703     9745.0     5389.6    -3723.8     47.8     18.8     38.3 2022  8  9  8  9 40.340  0.00   1
   110266  40.540291 -124.334090    17.793    -8629.6    -1103.9    -3634.5     34.6     32.9     40.2 2022  8 30  6 25 35.480  0.00   1
   110273  40.648307 -124.015999    19.358    18301.4    10890.8    -2069.6     47.8     19.0     44.6 2022 10 28 12 43 42.000  0.00   1
   110274  40.522689 -124.436556    17.914   -17311.9    -3058.5    -3513.5     20.1     24.7     31.8 2022 10 29 20 38 50.780  0.00   1
   110275  40.510734 -124.431323    21.076   -16870.0    -4386.1     -351.2     24.9     25.9     30.2 2022 10 30  3 34  2.660  0.00   1
   110276  40.519108 -124.438224    19.207   -17453.7    -3456.2    -2220.1     21.1     22.9     34.2 2022 11 12 10 31 42.840  0.00   1
   110279  40.517395 -124.431535    19.826   -16887.1    -3646.4    -1600.8     28.1     50.0     91.9 2022 11  2 16 39 30.260  0.00   1
   110282  40.523197 -124.432625    20.276   -16978.8    -3002.1    -1150.9     29.2     27.5     37.6 2022 11 15 17 48 18.560  0.00   1
   110296  40.580644 -123.982259    20.720    21167.9     3377.1     -706.8     15.4     17.5     17.0 2022 12 22  3  8  5.860  0.87   1
   110298  40.534119 -124.276147    11.720    -3721.4    -1789.3    -9707.0     27.3     13.1     15.9 2023  1 17 13 54 45.520  1.24   1
   110302  40.563672 -124.124902    22.471     9089.3     1492.4     1043.5     40.2     21.3     40.1 2022 12 24  0 35 18.890  0.89   1
   110303  40.486698 -124.497152    23.961   -22451.6    -7055.1     2533.6     25.4     24.4     30.6 2022 12 20 12 25 25.380  2.43   1
   110305  40.434619 -124.602051    24.220   -31353.3   -12838.3     2793.0      9.4     11.4     37.1 2023  4  2 11 44 21.610  2.51   1
   110307  40.524398 -124.419849    23.478   -15896.2    -2868.8     2051.1     36.4     33.1     36.1 2023  3  9  9 11 18.070  1.00   1
   110308  40.574768 -123.875334    22.547    30224.3     2724.6     1119.9     42.1     38.8     37.7 2022 12 21 19 21 21.160  1.21   1
   110311  40.540417 -124.494010    23.963   -22176.6    -1089.8     2535.6     44.6     39.9     47.2 2023  2  6  9 53 42.140  2.82   1
   110326  40.576697 -124.240503    19.982     -701.6     2938.8    -1444.9     36.2     19.6     29.6 2023  4 26 22 23  7.880  0.79   1
   110327  40.621183 -123.949113    21.513    23967.7     7878.8       85.8     28.4     18.7     35.7 2022 12 21  8 59 40.650  1.14   1
   110330  40.584599 -123.911759    25.790    27137.4     3816.3     4362.8     28.6     18.7     25.9 2023  5 27  2 45 49.750  0.87   1
   110334  40.620691 -124.314730    20.020    -6985.4     7824.1    -1407.2     19.3     15.5     41.9 2023  2 22  6 20 25.080  1.45   1
   110341  40.562553 -124.131722    22.409     8511.7     1368.2      981.5     36.7     25.5     30.4 2023  1  5 14 47  6.170  2.14   1
   110346  40.538944 -123.889315    23.137    29047.9    -1253.4     1709.8     31.9     43.7     39.8 2023  5 28  1 45 53.620  1.36   1
   110354  40.508390 -124.421916    24.395   -16073.2    -4646.3     2967.5     16.2     14.4     34.6 2023  4 14  1 57  6.610  1.17   1
   110355  40.518522 -124.492529    15.872   -22054.7    -3521.2    -5554.8     20.4     25.6     34.4 2023  2 16 22 15  2.800  1.44   1
   110359  40.753670 -123.987410    21.744    20705.1    22590.9      316.7     82.0     69.9     51.7 2022 12 22  4 53 56.390  0.79   1
   110365  40.527568 -124.234888    17.617     -226.1    -2516.8    -3810.1     35.2     20.2     26.2 2022 12 20 12 37 22.690  1.44   1
   110367  40.551457 -123.974650    21.462    21817.0      136.0       34.9     27.5     23.3     19.3 2022 12 25  1 20 33.690  1.82   1
   110368  40.604118 -123.972152    22.357    22020.0     5983.8      929.6     42.8     30.2     38.4 2023  2 14  3 52  7.700  1.37   1
   110370  40.696240 -123.903735    22.637    27793.9    16213.5     1209.7     51.5     43.0     53.6 2022 12 21  4 44 13.820  1.30   1
   110373  40.659281 -124.009977    29.520    18809.6    12109.4     8093.1     75.5     49.8     88.1 2022 12 20 23 58 39.800  0.88   1
   110374  40.754635 -123.867749    20.802    30825.4    22698.0     -624.9     41.0     32.6     30.6 2022 12 22  4 46 28.990  1.00   1
   110378  40.593437 -124.050838    22.489    15358.8     4797.7     1061.7     26.0     17.4     25.7 2022 12 21 18 52 28.640  1.06   1
   110379  40.519124 -124.421379    18.087   -16026.4    -3454.4    -3340.1     26.2     20.0     42.8 2022 12 22  9 21 28.530  1.40   1
   110382  40.542187 -124.065511    19.371    14121.7     -893.3    -2055.9     20.5     14.3     19.3 2022 12 26  5 31 21.180  1.08   1
   110385  40.593392 -124.086344    19.185    12352.2     4792.7    -2242.6     23.3     14.9     22.0 2022 12 23  0 19 22.520  0.90   1
   110387  40.534216 -124.387362    25.144   -13142.9    -1778.5     3716.8     29.5     24.3     42.2 2023  1 28 23 56 58.200  3.85   1
   110388  40.508952 -124.446069    14.296   -18119.7    -4584.0    -7130.8     78.7     66.1    163.2 2022 12 31 10 20 40.360  1.04   1
   110390  40.639376 -123.987565    25.857    20709.6     9899.0     4429.5     24.0     17.6     33.6 2023  1 17  5 14  2.510  1.84   1
   110391  40.587345 -124.205078    20.888     2298.3     4121.3     -539.6     48.3     30.9     37.0 2022 12 23  0 35 44.600  1.56   1
   110392  40.516154 -124.416878    19.391   -15645.5    -3784.2    -2036.1     16.9     22.0     27.5 2023  1  1 12 19 44.130  1.25   1
   110395  40.554407 -124.216423    16.586     1337.9      463.6    -4841.0     67.0     19.9     36.7 2022 12 20 23 19 53.720  1.40   1
   110396  40.535229 -124.260864    18.222    -2426.7    -1666.0    -3205.6     32.1     22.4     49.9 2022 12 24 20  6  9.180  0.83   1
   110399  40.530009 -124.413745    17.954   -15378.4    -2245.7    -3473.0     43.4     33.0     58.1 2022 12 20 10 44 46.730  2.70   1
   110400  40.558659 -124.049243    22.664    15497.9      935.8     1237.1     17.1     13.3     23.7 2022 12 25  4 33 20.570  0.83   1
   110404  40.560653 -124.015324    21.983    18370.5     1157.2      556.2     15.5      9.5     17.4 2022 12 27  0 23 33.800  1.12   1
   110406  40.594092 -124.107275    19.547    10579.8     4870.4    -1880.3     26.5     25.8     27.4 2023  1 11  3 23 18.830  1.45   1
   110408  40.610229 -123.848991    27.467    32446.7     6662.5     6040.2     26.0     15.1     20.0 2023  2 12 20 12 15.900  2.47   1
   110409  40.511104 -124.418441    22.219   -15778.5    -4344.9      791.4     32.3     25.1     34.7 2022 12 21 22  8 58.660  1.39   1
   110412  40.571745 -124.072428    19.753    13532.8     2388.9    -1674.2     38.2     38.0     34.2 2022 12 26  7 30 25.960  0.98   1
   110417  40.550887 -123.975033    21.465    21784.7       72.7       38.2     31.5     22.6     16.8 2022 12 24 12 43  0.520  1.06   1
   110422  40.622030 -124.304069    20.146    -6082.8     7972.8    -1281.5     24.8     16.7     45.2 2022 12 29 13 40 18.010  1.27   1
   110423  40.504692 -124.331071    18.781    -8376.1    -5057.0    -2646.3     19.6     20.0     28.8 2023  2 17 12 38 36.270  0.88   1
   110429  40.594368 -124.014722    22.791    18416.9     4901.2     1363.3     22.5     11.6     22.0 2022 12 22  9 28 37.970  0.68   1
   110431  40.602445 -124.109172    23.079    10418.6     5798.1     1652.0     55.5     29.7     42.7 2022 12 21 17 59 17.620  1.95   1
   110432  40.494954 -124.457153    26.409   -19060.8    -6138.3     4981.6     39.7     29.6     52.6 2022 12 22  1 13 30.130  2.71   1
   110434  40.512545 -124.462891    19.109   -19544.4    -4185.0    -2318.1     25.5     33.0     43.9 2022 12 21 18 26 29.520  1.33   1
   110435  40.531710 -124.382438    24.529   -12726.0    -2056.8     3101.8     25.8     23.2     35.0 2023  1 28 20  7 39.900  1.24   1
   110436  40.472188 -124.535620    23.632   -25714.4    -8666.4     2205.2     34.4     41.7     32.6 2023  2 18  0 47 37.880  1.15   1
   110439  40.472933 -124.430127    19.821   -16773.3    -8583.7    -1606.6     23.2     24.7     25.8 2023  1 27 16 28 41.960  1.01   1
   110442  40.568770 -123.952873    21.547    23658.6     2058.6      119.9     18.4     17.4     37.7 2022 12 20 18 48 54.600  0.91   1
   110443  40.580086 -124.177604    18.086     4625.1     3315.2    -3341.6     55.3     25.3     68.8 2022 12 21 21 55 10.140  0.79   1
   110444  40.501664 -124.503385    27.459   -22977.3    -5393.2     6032.0     18.5     23.4     34.2 2022 12 23 21 41 55.000  1.21   1
   110445  40.524418 -124.387907    23.528   -13190.0    -2866.5     2101.1     23.3     20.1     32.1 2022 12 21  8  6 55.910  1.80   1
   110447  40.562691 -124.016309    22.475    18286.9     1383.5     1048.2     20.4     11.4     22.1 2022 12 24 19 37 36.120  1.39   1
   110448  40.597111 -124.126554    21.600     8947.1     5205.7      172.4     55.2     27.6     39.6 2023  1 31 13 12 49.420  1.12   1
   110452  40.545964 -124.194076    27.250     3231.0     -474.0     5823.1     21.9     15.4     28.7 2022 12 20 23 25 36.340  1.09   1
   110453  40.510958 -124.474821    17.830   -20555.5    -4361.2    -3597.3     28.8     38.3     52.9 2022 12 21 12  8  6.020  1.11   1
   110454  40.466064 -123.818164    23.167    35094.2    -9346.4     1740.1     21.2     30.8     16.9 2022 12 21 13 41 59.550  0.69   1
   110455  40.531539 -124.421582    16.827   -16042.2    -2075.8    -4600.4     33.7     38.4     57.0 2022 12 23 13  9 40.300  0.89   1
   110458  40.621265 -124.310425    20.072    -6620.9     7887.9    -1355.3     42.3     34.3     94.3 2023  2 14  6 32 28.460  1.23   1
   110462  40.586568 -124.440055    23.719   -17600.0     4035.0     2292.3     31.9     32.2     35.2 2023  4 22 17 56 13.080  1.37   1
   110464  40.587740 -124.427531    23.199   -16539.3     4165.1     1771.5     35.2     30.9     38.0 2023  2 13 21 32 14.280  2.09   1
   110466  40.531759 -124.391439    16.779   -13488.5    -2051.4    -4647.9     37.6     39.5     57.9 2022 12 22  0 27 26.630  0.83   1
   110467  40.528276 -124.426497    26.657   -16459.0    -2438.2     5229.5     24.9     27.3     37.0 2022 12 22  3 58 10.660  0.90   1
   110468  40.525549 -123.979956    20.611    21371.7    -2740.9     -816.1     18.2     13.5     16.6 2022 12 24  1 17 32.850  0.88   1
   110470  40.536365 -124.360482    17.061   -10865.6    -1539.9    -4366.3     32.1     29.7     46.4 2023  3 29  5  5 59.480  1.47   1
   110474  40.472664 -124.451001    20.594   -18542.5    -8613.5     -833.2     39.5     41.7     47.8 2022 12 20 12 14 11.380  2.27   1
   110475  40.585974 -124.353678    28.143   -10285.5     3969.0     6715.5     65.0     55.1     75.3 2022 12 21 15  8 37.620  1.85   1
   110476  40.536751 -124.408439    27.973   -14928.2    -1497.0     6546.0     26.4     26.3     40.3 2022 12 20 13 24 12.330  1.51   1
   110477  40.610547 -123.938273    21.798    24887.4     6697.7      370.4     19.2     17.8     34.2 2023  1  3  7 18 42.400  0.99   1
   110479  40.533895 -124.360881    17.240   -10899.6    -1814.2    -4186.9     40.3     25.3     43.4 2022 12 26  2  4 21.800  1.88   1
   110480  40.559273 -124.250431    23.015    -1542.6     1004.0     1587.9     31.8     22.6     35.8 2022 12 21  2 56 11.820  1.60   1
   110481  40.491886 -124.466243    18.207   -19831.6    -6479.0    -3220.4     37.7     41.6     81.0 2023  4  5 14 51 18.340  1.34   1
   110482  40.584285 -123.923063    21.891    26180.3     3781.5      463.3     39.2     52.2     73.7 2022 12 21 19 52  6.360  0.64   1
   110484  40.525802 -124.419499    19.630   -15866.4    -2712.9    -1797.7     30.1     21.5     45.7 2022 12 25  4  3 37.800  0.93   1
   110487  40.754215 -123.850749    20.436    32263.3    22651.4     -991.7     40.4     38.2     48.5 2022 12 20 14 11  0.150  2.57   1
   110488  40.478613 -124.459359    19.291   -19250.0    -7952.9    -2135.8     29.8     34.6     51.5 2023  2 18  9 18 28.190  1.40   1
   110489  40.519535 -124.424569    19.273   -16296.6    -3408.7    -2154.6     18.7     17.5     31.9 2022 12 29  9 57 25.630  1.27   1
   110494  40.521159 -124.417855    18.839   -15727.6    -3228.4    -2587.8     25.9     25.3     35.3 2023  3  5 20 14 19.720  1.28   1
   110495  40.533533 -124.196501    21.586     3025.8    -1854.4      159.2    104.9     63.0     55.7 2023  1 20 16 55 16.240  1.95   1
   110496  40.503113 -124.446029    18.128   -18117.0    -5232.4    -3299.1     25.0     26.6     49.8 2022 12 30 12 51 54.870  1.14   1
   110497  40.573865 -124.097811    22.907    11382.9     2624.3     1479.4     38.9     31.5     33.9 2022 12 31 14 27 57.700  1.02   1
   110501  40.467472 -124.509863    23.814   -23532.2    -9190.1     2386.7     16.7     25.7     24.6 2022 12 30 21 43 18.320  2.12   1
   110506  40.607292 -124.083130    19.929    12623.1     6336.2    -1498.2     78.9     34.1     57.3 2022 12 20 21 47 48.880  1.10   1
   110507  40.528292 -124.396615    18.185   -13927.4    -2436.3    -3241.9     29.0     24.2     47.3 2022 12 21 10 16 11.430  0.70   1
   110508  40.609070 -124.096590    18.331    11483.3     6533.7    -3096.2     30.9     28.9     37.3 2022 12 30  9  0 39.550  1.14   1
   110509  40.575989 -124.287622    22.869    -4692.0     2860.2     1442.2     44.9     34.9     46.8 2023  1  2  8  1 22.300  0.77   1
   110510  40.497054 -124.431047    24.427   -16848.3    -5905.2     2999.7     26.3     23.5     38.7 2023  1  2  8 25 11.060  1.28   1
   110511  40.628914 -124.018807    24.013    18066.4     8737.3     2586.0     43.1     40.8     45.9 2022 12 21  4 15 19.850  2.45   1
   110512  40.509163 -124.335457    19.055    -8747.5    -4560.5    -2372.3     15.4     18.2     18.4 2022 12 21 17 35 50.480  1.40   1
   110513  40.523014 -124.412467    19.153   -15271.0    -3022.4    -2274.0     35.5     32.8     30.5 2022 12 20 15  4 50.680  1.42   1
   110515  40.544055 -124.230396    21.487      154.4     -685.9       59.3     64.4     57.8     52.6 2023  1 11 13 29 12.060  1.57   1
   110517  40.597892 -124.086198    23.481    12364.2     5292.5     2054.2     47.9     29.2     32.9 2023  3 12  6 43 46.740  0.89   1
   110518  40.522257 -124.436141    18.135   -17276.7    -3106.4    -3292.0     34.4     31.9     54.2 2022 12 20 10 43 39.300  2.63   1
   110519  40.575936 -124.144963    22.279     7389.6     2854.3      851.5     69.7     25.2     52.4 2022 12 20 23 22 14.760  1.65   1
   110521  40.570235 -124.157723    23.269     6309.2     2221.3     1842.1     43.8     22.7     42.1 2022 12 23  1 11 44.550  1.32   1
   110522  40.644503 -124.090991    23.235    11954.2    10468.3     1807.7     88.9     31.1     31.5 2022 12 20 18 48 15.520  0.97   1
   110523  40.508842 -124.492619    23.388   -22063.9    -4596.2     1960.8     29.9     32.3    224.5 2022 12 21  1  7 33.310  3.25   1
   110524  40.607552 -124.085205    18.120    12447.4     6365.1    -3307.6     40.6     23.8     40.5 2022 12 21  9 31  7.840  1.25   1
   110525  40.617542 -124.080208    18.342    12869.5     7474.4    -3084.9     56.1     31.2     41.9 2022 12 26  7 21 10.390  0.93   1
   110526  40.491024 -124.509757    15.684   -23519.1    -6574.8    -5743.4     35.7     43.5     63.9 2023  2 18 20 58 10.920  1.67   1
   110527  40.523385 -124.439632    19.308   -17572.4    -2981.3    -2119.5     25.8     30.8     37.0 2022 12 22  3 55 53.820  1.44   1
   110529  40.553068 -124.259253    24.902    -2289.9      314.9     3474.3     28.4     27.8     53.7 2023  5 18 13 21 36.440  0.56   1
   110530  40.618994 -124.069531    16.163    13773.3     7635.7    -5264.1     52.3     24.5     53.7 2022 12 22  4 49 54.170  0.84   1
   110531  40.532446 -124.352051    18.905   -10151.7    -1975.0    -2521.9     42.9     40.3     52.9 2022 12 20 19 16  2.640  1.29   1
   110532  40.541915 -124.348234    16.554    -9827.7     -923.6    -4872.8     48.0     35.1     62.2 2022 12 23  4  9 55.040  1.00   1
   110533  40.653385 -124.056388    15.914    14882.2    11454.7    -5513.7    121.2     40.1    141.9 2022 12 21 11 50 10.940  0.78   1
   110534  40.526192 -124.403149    18.795   -14481.2    -2669.5    -2632.4     23.9     25.7     35.8 2023  1  4 16 29 55.050  1.61   1
   110535  40.522815 -124.412492    18.789   -15273.1    -3044.5    -2638.5     21.1     19.1     32.6 2022 12 22 10 55 51.720  0.98   1
   110537  40.613452 -124.081405    23.354    12768.6     7020.3     1926.6     38.4     31.1     44.6 2022 12 21 16 28 15.660  3.99   1
   110539  40.526489 -124.339038    18.759    -9049.7    -2636.5    -2668.2     24.4     26.9     57.1 2022 12 25  8 22 48.250  0.72   1
   110541  40.578251 -124.185864    18.331     3925.6     3111.4    -3096.7     50.6     19.6     33.5 2023  2 18  6 52 19.650  1.07   1
   110542  40.578569 -124.188704    18.127     3685.1     3146.6    -3300.0     50.5     18.4     65.4 2022 12 20 17 56  5.920  1.14   1
   110544  40.598942 -124.182349    19.398     4222.7     5409.0    -2029.7     80.3     32.4     69.6 2023  3 21 22 51 34.760  0.98   1
   110546  40.503007 -124.448690    19.360   -18342.5    -5244.1    -2067.1     29.8     38.8     64.4 2022 12 27  1 23 41.520  0.94   1
   110547  40.616012 -123.924056    21.085    26090.0     7304.5     -342.2     22.9     35.7     31.9 2022 12 20 23 36 50.880  1.00   1
   110549  40.542444 -124.055200    19.754    14995.1     -864.8    -1672.9     21.9     20.8     21.2 2022 12 21  4 18 46.220  2.04   1
   110551  40.612488 -124.088582    18.338    12161.0     6913.2    -3089.3     42.3     24.7     34.1 2023  2 17 11 16 14.330  1.12   1
   110553  40.525814 -123.919336    20.494    26507.4    -2711.5     -933.5     42.4     41.8     29.5 2022 12 25  0 34  1.910  0.77   1
   110554  40.549178 -124.244027    18.171    -1000.2     -117.0    -3256.3     35.8     17.2     21.8 2022 12 21  0  5 31.440  1.34   1
   110556  40.498494 -124.433984    23.537   -17097.0    -5745.2     2110.2     24.0     26.7     29.4 2023  2 25 14 23 27.120  1.53   1
   110559  40.614640 -124.128483    21.364     8782.7     7152.3      -63.0     60.2     29.9     68.2 2023  3 13  0 48 17.330  0.83   1
   110560  40.630684 -123.928735    21.607    25691.1     8933.9      179.6     18.4     17.4     18.1 2023  2  2  2 38 55.900  1.60   1
   110561  40.620487 -123.891610    24.010    28836.1     7801.6     2582.6     36.4     35.1     33.4 2022 12 20 17 35 32.520  1.17   1
   110564  40.600907 -124.116610    16.292     9788.9     5627.3    -5134.8     34.6     27.1     33.6 2022 12 24  4 18 59.420  0.99   1
   110566  40.607609 -124.105558    18.260    10724.1     6371.5    -3167.4     34.6     26.2     26.6 2022 12 22  5 24 44.100  2.65   1
   110568  40.499455 -124.470117    15.977   -20158.7    -5638.6    -5450.2     24.3     30.1     48.4 2023  3 22 19 35 25.080  1.32   1
   110569  40.646350 -124.023641    18.282    17654.9    10673.5    -3145.1     26.8     18.7     29.7 2023  1  2  9 44 23.910  0.93   1
   110570  40.601864 -124.124251    20.148     9141.8     5733.5    -1278.8     34.6     22.2     30.1 2022 12 22  6 14 22.080  1.10   1
   110572  40.531986 -124.244051    19.081    -1002.4    -2026.1    -2346.3     24.6     24.7     28.5 2023  1  1 22 18 52.920  1.17   1
   110574  40.627234 -124.095964    19.969    11534.8     8550.7    -1457.9     42.6     23.9     40.1 2022 12 21 22 33 49.080  1.00   1
   110575  40.578670 -124.167171    26.485     5508.6     3157.9     5057.9     85.4     41.6     73.8 2022 12 23  1 10  6.400  0.80   1
   110577  40.618095 -124.228866    23.905      283.9     7535.9     2478.1     32.3     23.1     28.1 2022 12 25 19 13 28.400  0.95   1
   110578  40.568400 -124.144230    21.667     7452.0     2017.5      239.9     62.8     27.0     37.1 2022 12 20 20 26 41.720  2.13   1
   110579  40.520097 -124.351611    21.828   -10115.4    -3346.4      400.7     42.1     39.8     47.7 2022 12 21  8 58 34.030  0.97   1
   110580  40.610103 -124.055477    22.804    14964.2     6648.4     1377.1     38.1     18.2     26.4 2023  1  3  4 53 49.540  1.15   1
   110581  40.567712 -124.233993    20.302     -150.3     1941.1    -1125.1     29.6     19.4     35.6 2023  5 28 11 38 43.770  1.07   1
   110582  40.562716 -123.934871    22.116    25184.3     1386.3      688.9     17.3     13.9     22.1 2022 12 21 23 36 17.240  1.23   1
   110586  40.523279 -123.898193    20.086    28299.1    -2993.0    -1340.8     50.6     57.9     65.8 2022 12 22  5 36 49.910  0.70   1
   110587  40.605770 -123.914559    25.211    26896.1     6167.2     3783.6     31.1     29.0     34.0 2022 12 20 10 48 38.300  2.65   1
   110588  40.596574 -124.115348    18.121     9896.0     5146.1    -3305.9     22.7     20.2     26.6 2022 12 22  7 50 48.720  1.53   1
   110589  40.533374 -124.051318    19.506    15325.0    -1872.0    -1921.1     26.4     19.6     23.5 2022 12 21  0 13 29.150  1.50   1
   110590  40.654065 -123.884229    27.740    29453.6    11530.2     6312.5     65.5     58.1     93.9 2022 12 23 19 10 35.240  1.06   1
   110591  40.587451 -124.066976    21.601    13992.9     4133.0      173.8     34.9     20.3     21.3 2022 12 25 22 34 55.360  0.82   1
   110592  40.617900 -124.076164    17.874    13211.9     7514.2    -3553.7     41.7     22.7     33.3 2023  1 18  8 28 49.360  0.92   1
   110594  40.558993 -123.936727    21.156    25027.9      972.8     -271.6     27.0     13.4     21.6 2022 12 21  0 45 40.230  1.26   1
   110595  40.592655 -124.325952    21.333    -7937.2     4710.9      -94.5     43.1     24.3     32.3 2022 12 20 10 52 39.340  3.28   1
   110596  40.540413 -124.339950    17.682    -9126.0    -1090.3    -3745.7     29.7     22.6     31.2 2022 12 29  7 31 23.150  0.85   1
   110597  40.618498 -124.077913    20.355    13063.7     7580.6    -1071.4     36.8     34.7     37.8 2022 12 20 21 24 28.880  0.90   1
   110598  40.599723 -124.103345    22.893    10912.2     5495.8     1466.2     55.1     26.2     38.0 2022 12 26  1 46  3.150  1.45   1
   110600  40.522571 -124.380835    17.268   -12591.1    -3071.6    -4159.1     42.2     27.7     61.7 2022 12 20 19 51  5.480  1.33   1
   110604  40.570959 -123.937272    21.363    24979.5     2301.7      -64.5     17.9     16.1     20.5 2022 12 21 17  1 49.600  1.16   1
   110605  40.522274 -124.431828    19.663   -16911.3    -3104.6    -1764.6     17.4     23.7     28.7 2022 12 22  7 33 35.520  1.14   1
   110607  40.661650 -124.019149    18.260    18033.1    12372.4    -3167.5     50.3     33.0     67.7 2022 12 21 14 33 24.290  1.52   1
   110608  40.641329 -124.027108    18.354    17362.1    10115.9    -3073.4     37.5     22.5     42.9 2022 12 25 12 29 55.020  1.64   1
   110609  40.575757 -124.153988    23.136     6625.3     2834.4     1708.7     68.2     24.2     39.7 2022 12 20 19 19  0.120  1.41   1
   110611  40.552470 -124.242049    18.061     -832.7      248.5    -3366.5     35.7     46.2     43.6 2022 12 21 12 21 21.680  0.97   1
   110613  40.667432 -123.888753    22.844    29067.8    13014.5     1416.7     38.6     33.9     34.2 2022 12 27 17 40  9.980  1.83   1
   110614  40.550981 -124.319832    20.473    -7421.3       83.1     -954.3     45.9     34.6     53.3 2023  2 15 14 26 55.060  2.21   1
   110615  40.580396 -124.134896    21.985     8241.8     3349.5      557.7     45.8     33.7     49.2 2022 12 21  9 48 30.660  1.09   1
   110618  40.606006 -123.982202    22.750    21168.8     6193.4     1322.3     55.0     52.1     22.9 2022 12 20 23 30 29.600  1.04   1
   110619  40.599540 -123.917464    22.007    26651.4     5475.5      579.5     24.5     29.6     26.2 2022 12 22  4 23  9.220  0.67   1
   110620  40.599032 -123.897314    25.280    28357.6     5419.0     3853.1     35.5     37.3     48.4 2022 12 25 16 15  8.400  1.07   1
   110622  40.604248 -124.101335    15.607    11082.0     5998.2    -5820.5     39.5     33.6     25.9 2022 12 28  9 46 28.530  1.31   1
   110623  40.594918 -124.154256    22.865     6601.6     4962.2     1437.5     44.2     27.4     38.6 2022 12 30  9 23 12.150  1.07   1
   110624  40.608443 -124.108496    18.222    10475.3     6464.1    -3204.8     39.0     38.9     49.7 2023  4  2 23  2 20.160  1.02   1
   110625  40.551383 -124.073291    19.066    13461.8      127.9    -2361.2     42.6     24.4     37.0 2022 12 20 21 22 52.960  1.20   1
   110626  40.560042 -124.017904    22.156    18152.1     1089.4      728.5     19.7     14.1     20.3 2022 12 24 20 57 12.400  1.30   1
   110627  40.593327 -124.189535    21.493     3614.4     4785.5       65.4     53.1     26.3     56.4 2022 12 20 16 59 23.800  1.39   1
   110628  40.550244 -123.883634    22.241    29526.6        1.4      813.4     30.4     31.3     36.7 2022 12 25  6 37 31.440  1.50   1
   110629  40.585701 -124.224845    24.463      624.4     3938.7     3036.1     60.6     41.2     80.7 2023  2  2  2 53 51.230  0.90   1
   110630  40.601127 -124.106763    15.538    10622.7     5651.7    -5888.8     31.0     21.2     23.5 2022 12 22  6 38 46.920  0.92   1
   110631  40.600378 -123.998063    19.922    19826.6     5568.5    -1505.1     30.0     19.0     26.3 2022 12 22  6 27  3.370  1.14   1
   110633  40.511597 -124.451139    24.157   -18548.9    -4290.3     2730.2     37.0     39.1     66.5 2022 12 20 11 23 42.960  2.53   1
   110634  40.612341 -124.081087    15.831    12795.6     6897.0    -5595.9     38.4     20.5     33.2 2023  1  3  7 23 30.820  1.13   1
   110635  40.549028 -124.052702    22.703    15206.0     -133.7     1275.4     23.0     15.6     19.8 2022 12 24  7 16 44.450  1.51   1
   110636  40.577714 -124.209928    17.650     1887.7     3051.8    -3777.3     29.8     21.1     31.9 2023  5  5 10 50 40.220  0.86   1
   110637  40.543693 -124.336466    17.456    -8830.7     -726.1    -3970.9     30.8     23.8     30.0 2022 12 25 12 21 40.770  1.90   1
   110638  40.579211 -124.149023    23.349     7045.5     3218.0     1921.6     39.6     26.2     34.0 2022 12 21 19 17 30.720  1.31   1
   110641  40.643640 -123.998966    18.851    19743.8    10372.5    -2576.7     65.2     25.9     54.4 2022 12 25  9 11 59.060  0.70   1
   110643  40.540210 -123.912305    22.987    27100.2    -1112.9     1559.3     23.9     24.8     25.5 2023  2 16 18  3 27.440  1.53   1
   110644  40.562561 -123.977612    23.638    21564.3     1369.1     2210.3     23.4     20.9     17.6 2023  2 13  5 45 35.220  1.23   1
   110646  40.574117 -124.424129    23.012   -16252.8     2652.3     1584.5     90.9     93.2    229.1 2023  2  6 20 12  2.580  1.35   1
   110647  40.567806 -124.150928    21.446     6884.8     1951.5       18.3     93.1     33.4     53.4 2022 12 20 19  6 23.200  1.47   1
   110649  40.520903 -124.358748    22.906   -10720.0    -3256.9     1478.3     39.7     35.7     48.4 2022 12 25 23 13 35.000  1.83   1
   110650  40.704508 -123.960116    21.749    23022.0    17131.7      321.6     27.2     29.3     24.5 2022 12 26  9 16 16.030  1.67   1
   110651  40.614958 -123.818734    27.015    35007.2     7187.5     5588.1     31.3     37.3     44.6 2023  4  8  3  4 20.710  1.95   1
   110652  40.514640 -124.439827    17.971   -17590.1    -3952.3    -3456.4     19.9     20.0     22.5 2023  2  8 14 16 55.210  1.31   1
   110653  40.531921 -124.401619    18.665   -14351.0    -2033.3    -2762.7     27.8     24.4     36.2 2022 12 26  8 29 16.340  0.84   1
   110654  40.595447 -124.005037    22.912    19236.8     5020.9     1485.1     28.8     21.5     21.5 2022 12 24 22 12 36.600  2.10   1
   110655  40.568347 -124.019971    22.473    17975.9     2011.6     1045.6     24.4     12.7     24.8 2023  4 30 12 38 22.840  0.62   1
   110656  40.586068 -124.180729    27.016     4360.2     3979.4     5588.7    292.6    123.6    203.1 2023  1 20 22  9 26.880  0.94   1
   110660  40.538053 -124.342529    16.493    -9344.7    -1352.4    -4934.2     28.1     24.2     48.8 2022 12 31 15  5 32.620  1.28   1
   110663  40.580558 -123.955892    24.494    23400.9     3367.6     3066.5     51.1     41.9     49.7 2022 12 21 22 26 11.040  1.39   1
   110664  40.550728 -123.974536    21.096    21826.8       55.1     -331.7     24.7     17.3     22.3 2022 12 20 16  1 13.350  1.61   1
   110665  40.492257 -124.510669    17.852   -23596.2    -6437.9    -3575.5     39.1     48.7     73.1 2023  4  6  4 40 19.060  0.75   1
   110666  40.499483 -124.469092    18.020   -20071.8    -5635.4    -3406.8     29.1     34.3     49.3 2022 12 29  8 32 33.620  1.49   1
   110667  40.598922 -124.328996    21.058    -8194.5     5406.8     -368.8     47.7     23.8     51.2 2022 12 25  7 56 23.340  0.72   1
   110671  40.585030 -124.097681    23.346    11393.0     3864.2     1918.6     46.3     28.5     41.4 2022 12 20 23  1 57.840  1.31   1
   110672  40.535938 -124.349797    18.179    -9960.5    -1587.3    -3248.2     26.0     23.4     39.5 2023  4 15  0  7  1.200  0.77   1
   110673  40.584631 -124.213346    23.129     1598.1     3819.9     1701.3     64.6     50.3     76.9 2022 12 21 16 59 16.830  0.92   1
   110674  40.552136 -124.224723    17.810      634.9      211.5    -3617.2     25.4     17.9     26.3 2022 12 23  5  1 13.690  1.08   1
   110675  40.704415 -123.934180    22.557    25216.4    17121.3     1129.9     30.0     22.4     24.3 2022 12 22 16 21 35.960  1.66   1
   110676  40.479769 -124.404574    19.920   -14606.9    -7824.6    -1507.5     29.6     28.8     37.7 2023  1 30 10 56 56.600  0.99   1
   110677  40.511165 -124.440023    17.445   -17607.1    -4338.2    -3982.3     26.8     29.7     44.4 2022 12 23  0 10 35.700  1.04   1
   110678  40.517814 -124.429403    16.833   -16706.4    -3599.8    -4593.9     30.0     34.7     45.4 2023  1  8  2 15 56.440  1.14   1
   110679  40.512626 -124.434391    17.492   -17129.7    -4176.0    -3935.4     31.5     14.3     50.1 2023  4 20 15 36 20.100  0.92   1
   110681  40.638562 -123.911418    21.402    27155.5     9808.6      -25.2     28.3     22.7     21.1 2022 12 21  2 53 42.600  1.60   1
   110683  40.503731 -124.454956    19.902   -18873.4    -5163.7    -1524.8     27.1     29.7     37.5 2022 12 21  8 21  0.830  1.29   1
   110685  40.533915 -124.373039    24.727   -11929.6    -1811.9     3299.9     28.2     24.5     42.4 2023  1 29  2 21 34.040  0.86   1
   110686  40.548136 -124.311711    17.941    -6733.5     -232.7    -3486.3     44.4     18.1     34.5 2022 12 20 19 42 50.340  1.43   1
   110687  40.642090 -124.048682    19.382    15535.8    10200.4    -2044.8     39.0     32.1     44.8 2022 12 26  1 31 33.690  1.21   1
   110688  40.683020 -123.884530    22.281    29421.8    14745.5      853.9     41.2     38.4     64.1 2022 12 20 16  7 38.970  2.01   1
   110689  40.549703 -123.757414    21.772    40218.3      -58.7      344.5     31.3     52.3     16.2 2022 12 22  0 56 27.730  0.68   1
   110692  40.511084 -124.468978    21.221   -20060.4    -4347.2     -205.8     39.9     58.7     73.8 2022 12 29 10 57 23.460  1.08   1
   110694  40.517008 -124.444564    19.111   -17991.0    -3689.3    -2316.3     32.0     32.0     43.5 2022 12 29  5 31  8.470  1.04   1
   110695  40.549878 -124.224658    17.800      640.4      -39.3    -3627.7     24.3     15.9     26.6 2022 12 24  5  9  2.290  1.55   1
   110697  40.572986 -124.218953    17.032     1123.4     2526.7    -4394.8     51.5     33.4     56.9 2022 12 23 20 30 28.480  1.23   1
   110698  40.541455 -124.239103    18.105     -583.2     -974.6    -3322.0     23.0     17.7     33.7 2023  1 26  5 47 35.730  1.04   1
   110699  40.510091 -124.412590    18.973   -15282.8    -4457.4    -2454.0     19.6     23.5     28.5 2022 12 22  9  7 10.520  0.52   1
   110700  40.575037 -124.212419    18.443     1676.8     2754.4    -2984.6     28.2     16.2     47.3 2022 12 25  3 58 23.130  0.90   1
   110702  40.629293 -123.956901    22.258    23307.0     8779.3      830.3     36.0     21.1     24.5 2022 12 20 23 26 24.700  1.53   1
   110703  40.530367 -124.331193    17.473    -8384.8    -2205.9    -3954.3     34.3     25.9     29.1 2022 12 22 14 28 55.050  1.12   1
   110705  40.513562 -123.879240    21.641    29907.0    -4072.0      214.2     18.9     16.5     20.6 2023  3  1  0 37 17.190  1.45   1
   110706  40.559814 -123.992651    23.918    20291.0     1064.1     2490.8     24.0     19.6     22.0 2022 12 20 23 41  1.760  1.68   1
   110707  40.546057 -123.841650    22.265    33083.9     -463.6      838.1     41.0     41.9     52.3 2022 12 21 22 14 18.520  1.56   1
   110708  40.577816 -124.208447    17.650     2013.1     3063.1    -3776.8     26.7     20.6     28.3 2023  3  5  0 34 58.820  1.58   1
   110710  40.605688 -124.134847    18.617     8244.4     6158.2    -2809.9     41.9     26.4     40.2 2023  1 14  1 10 27.140  1.46   1
   110711  40.612415 -124.071753    20.725    13585.9     6905.1     -701.9     34.3     28.8     35.5 2022 12 20 21  2 39.800  1.14   1
   110712  40.548889 -123.953621    22.554    23598.7     -149.1     1126.5     30.2     42.1     25.7 2023  1 10 19 11 36.040  1.34   1
   110715  40.609688 -124.081535    16.464    12758.0     6602.4    -4962.9     44.1     18.4     51.5 2022 12 20 21 22 37.100  1.23   1
   110716  40.586300 -123.886662    21.390    29262.4     4005.2      -37.1     48.4     43.0     99.3 2022 12 22  1 50 13.650  0.65   1
   110717  40.608366 -124.299528    19.846    -5699.0     6455.5    -1581.3     51.4     24.9     57.6 2023  4  9 21 13 25.880  0.97   1
   110718  40.523572 -124.432642    19.194   -16980.1    -2960.5    -2232.9     27.6     25.2     35.4 2022 12 22  3 44  5.310  1.01   1
   110720  40.587455 -124.202384    20.731     2526.4     4133.5     -696.2     50.6     29.2     43.2 2022 12 21  1 23  1.660  0.93   1
   110721  40.551074 -124.307902    17.824    -6410.7       93.5    -3602.9     47.3     21.9     45.1 2022 12 20 16 43 44.910  1.41   1
   110722  40.551062 -124.300610    17.998    -5793.1       92.2    -3429.3     43.7     17.5     40.4 2022 12 20 19 45  5.720  1.04   1
   110723  40.470032 -124.544189    21.390   -26441.1    -8905.9      -37.3     35.8     48.4     47.2 2022 12 22  7 29 30.560  0.68   1
   110724  40.518742 -124.344344    19.525    -9499.8    -3496.8    -1902.5     30.1     26.4     24.6 2022 12 22  8 32 21.500  0.63   1
   110725  40.546558 -124.310221    18.025    -6607.4     -408.0    -3402.3     43.2     33.2     50.3 2022 12 24 21 51 17.000  0.84   1
   110726  40.519466 -124.425187    19.974   -16349.1    -3416.4    -1452.8     17.2     18.8     22.7 2022 12 25 10 58 46.850  0.74   1
   110727  40.516561 -124.355387    19.488   -10435.6    -3739.0    -1939.0     30.9     26.0     22.2 2022 12 26 20 22  8.180  1.12   1
   110728  40.519686 -124.419987    19.560   -15908.4    -3392.0    -1866.9     21.0     18.3     31.2 2023  1  3 14 30 47.720  1.13   1
   110729  40.578666 -124.208773    17.733     1985.5     3157.5    -3693.9     31.1     22.0     31.6 2023  1  4 10 27 27.700  1.40   1
   110730  40.550045 -124.299007    23.062    -5657.3      -20.8     1635.1     62.8     59.7     71.5 2023  1 27  5 50 36.430  1.31   1
   110731  40.512130 -124.441170    17.923   -17704.2    -4231.1    -3504.5     20.5     21.7     32.9 2023  3 16 18  8 14.040  1.34   1
   110735  40.533826 -124.347624    17.997    -9776.5    -1821.8    -3430.3     34.1     21.3     49.9 2022 12 20 21 52 17.400  1.04   1
   110736  40.503267 -124.330656    18.882    -8341.0    -5215.2    -2545.1     19.1     17.8     25.0 2022 12 22  5 34 15.770  1.28   1
   110737  40.524133 -124.424227    18.334   -16267.1    -2898.1    -3093.5     28.1     30.7     40.0 2022 12 22 10 19 33.470  1.21   1
   110738  40.546208 -124.317904    18.630    -7258.1     -446.9    -2797.5     43.7     30.1     48.9 2022 12 26 12 16 44.250  0.71   1
   110739  40.522795 -124.423169    17.963   -16177.7    -3046.8    -3464.6     22.6     21.1     31.4 2023  1 11  1 42 23.060  2.03   1
   110743  40.581844 -124.199910    17.883     2736.0     3510.4    -3544.3     38.9     15.0     22.7 2023  3 25 16 17 15.180  0.90   1
   110745  40.516056 -124.431567    18.453   -16890.0    -3795.0    -2974.6     17.2     15.3     32.7 2023  1 20  8 32 25.670  1.94   1
   110746  40.518783 -124.448918    20.143   -18359.7    -3492.3    -1283.9     44.0     38.4     81.0 2023  2 15 19 15 16.420  1.23   1
   110747  40.542855 -124.341187    20.024    -9230.6     -819.2    -1403.6     41.0     34.8     52.5 2022 12 23 14  7  9.940  0.88   1
   110748  40.554183 -124.438354    25.098   -17460.2      438.7     3671.2     36.7     33.0     56.9 2022 12 20 15 58 21.830  1.76   1
   110749  40.500753 -124.461011    15.815   -19386.9    -5494.4    -5611.9     29.4     30.3     52.0 2022 12 26  6 35 42.200  1.15   1
   110750  40.592546 -124.118009    17.280     9671.0     4698.7    -4147.3     32.9     31.5     25.4 2023  1 14  6 13 33.720  1.13   1
   110751  40.574792 -123.986491    20.945    20810.5     2727.3     -482.0     12.9     18.1     25.2 2022 12 20 17 38 50.000  1.62   1
   110752  40.578540 -124.202010    20.137     2558.2     3143.5    -1290.5     38.8     15.5     27.3 2022 12 22 21 13 37.280  0.95   1
   110753  40.526453 -124.323722    17.987    -7752.2    -2640.6    -3440.4     33.9     26.8     39.7 2022 12 22 22  2  6.300  1.11   1
   110754  40.524329 -124.356950    18.604   -10567.3    -2876.4    -2823.4     20.8     21.3     26.1 2022 12 22 22 45  9.160  1.52   1
   110757  40.525000 -124.344368    19.166    -9501.4    -2801.9    -2261.4     19.4     20.1     29.3 2022 12 28 13 28 43.290  1.64   1
   110758  40.552714 -124.236735    19.670     -382.6      275.6    -1756.9     24.6     16.9     24.2 2023  1 15 15 14  5.770  1.41   1
   110759  40.517912 -124.409456    21.248   -15016.5    -3589.0     -179.4     28.1     38.4     61.6 2023  2 10 21  1  5.660  1.17   1
   110761  40.585938 -124.150228    22.073     6943.1     3964.9      645.4     45.0     26.1     44.6 2023  1 21 22  3  8.900  1.49   1
   110765  40.522717 -124.402205    18.229   -14401.6    -3055.4    -3198.2     31.7     28.0     37.9 2022 12 24  2 43 20.530  1.79   1
   110766  40.501119 -124.444979    18.034   -18028.3    -5453.8    -3393.7     31.9     34.7     63.9 2023  2  7 19 48  3.920  1.35   1
   110767  40.505111 -124.479907    18.076   -20987.4    -5010.5    -3351.0     32.0     34.2     47.8 2023  5  3  4 14 16.070  1.55   1
   110768  40.535551 -124.342017    18.721    -9301.4    -1630.3    -2705.9     20.1     20.8     23.7 2023  2 17 23 11 43.020  1.41   1
   110769  40.577637 -124.211271    18.151     1774.0     3043.2    -3276.6     21.6     18.7     42.5 2022 12 22 11 55 31.760  1.02   1
   110770  40.594865 -124.101318    24.718    11084.2     4956.3     3291.2     54.6     27.4     60.8 2023  1  4  8 48  8.840  1.05   1
   110771  40.515348 -124.443026    18.208   -17861.0    -3873.7    -3219.2     24.8     23.1     43.4 2022 12 21 11 33 42.730  2.09   1
   110772  40.519035 -124.421208    16.748   -16011.9    -3464.3    -4678.9     25.8     31.8     42.2 2022 12 22  1 51 31.680  0.96   1
   110774  40.516541 -124.427783    18.989   -16569.4    -3741.3    -2438.7     31.8     35.1     48.5 2022 12 22 13 45 54.290  0.88   1
   110778  40.594291 -124.095728    21.923    11557.6     4892.6      496.1     83.5     42.9    107.1 2022 12 20 13 10 43.400  0.88   1
   110780  40.515743 -124.439478    18.370   -17560.3    -3829.8    -3057.0     22.0     20.9     40.5 2023  1 27  2 38 13.190  1.41   1
   110781  40.601957 -124.023787    21.170    17648.3     5743.9     -256.8     39.4     36.0     31.1 2022 12 22  7 36 42.420  0.86   1
   110782  40.519385 -124.418392    16.924   -15773.3    -3425.4    -4503.3     24.1     28.4     42.5 2023  1 19  4 55  2.650  1.72   1
   110783  40.534371 -124.243058    19.730     -918.3    -1761.3    -1697.6     20.8     20.2     26.6 2022 12 21  9 13 55.700  1.90   1
   110785  40.599980 -124.109839    16.277    10362.3     5524.3    -5150.3     45.0     32.6     41.6 2023  3 27 13  6 21.780  0.85   1
   110786  40.515295 -124.442074    17.911   -17780.3    -3879.5    -3516.5     25.0     23.7     30.7 2022 12 21 10 46 12.660  1.82   1
   110787  40.587472 -124.177230    19.916     4656.5     4135.3    -1510.8     63.8     37.7     81.6 2022 12 22  9 24 48.500  0.91   1
   110788  40.659489 -124.007031    19.513    19058.9    12132.5    -1913.8     35.8     26.0     48.2 2022 12 22  1 16  9.260  0.66   1
   110789  40.522262 -124.415470    18.846   -15525.5    -3106.0    -2581.1     27.1     26.6     38.3 2022 12 23 19 12 41.740  1.83   1
   110790  40.569006 -124.191024    22.526     3488.9     2084.8     1098.6     95.4     40.7     66.0 2022 12 24 15 43 41.860  0.86   1
   110791  40.524943 -124.411222    22.745   -15165.3    -2808.2     1318.1    133.9    123.9    161.8 2022 12 21 21 14 36.000  0.82   1
   110793  40.516947 -124.412842    20.952   -15303.4    -3696.1     -475.1     33.8     25.4     38.1 2022 12 26 14 17  3.520  0.91   1
   110794  40.595382 -124.112581    18.401    10130.4     5013.7    -3025.8     28.5     20.2     29.7 2023  3 11 16 16 54.220  1.44   1
   110796  40.542013 -124.334269    17.536    -8644.7     -912.7    -3891.4     24.8     21.2     25.4 2022 12 22  1 52 50.750  1.67   1
   110797  40.520256 -124.353076    19.320   -10239.5    -3328.7    -2106.8     34.0     24.5     39.5 2022 12 24 21 53 24.440  1.63   1
   110799  40.524268 -124.403711    19.261   -14529.0    -2883.2    -2165.8     34.7     28.9     31.8 2022 12 20 10 40 17.470  2.91   1
   110801  40.557609 -124.236540    19.834     -366.0      819.2    -1593.3     28.8     22.1     26.8 2022 12 20 12 16  5.480  2.04   1
   110802  40.574223 -124.081030    19.271    12804.0     2664.1    -2156.0     44.4     41.1     24.9 2022 12 21  0 15 31.010  2.88   1
   110803  40.652734 -124.017952    19.043    18135.5    11382.4    -2383.8     42.4     19.0     44.7 2022 12 22  5 56 58.350  0.78   1
   110804  40.519242 -124.438965    19.364   -17516.4    -3441.2    -2062.9     24.3     19.7     49.4 2022 12 20 20 38 36.440  1.22   1
   110806  40.514608 -124.433700    18.627   -17070.9    -3955.9    -2800.0     27.1     22.9     49.2 2023  2  1  8 26 47.510  1.32   1
   110808  40.535982 -124.340316    17.776    -9157.3    -1582.4    -3651.1     28.6     43.0     85.4 2023  3 31  1 48 56.260  0.92   1
   110809  40.523088 -124.428516    20.033   -16630.6    -3014.3    -1394.3     26.6     26.0     37.0 2022 12 22  0 38 39.810  1.01   1
   110810  40.615955 -124.081632    17.048    12749.1     7298.2    -4378.8     74.8     35.3     53.9 2023  1  4  6 36 41.150  1.09   1
   110812  40.603345 -124.134375    18.409     8284.5     5897.9    -3018.4     41.0     20.4     36.0 2023  2  2  5 38 31.180  0.92   1
