   101475  40.580522 -123.985368    20.636    20904.7     3363.5     -791.4      2.4      1.2      2.1 2020  1  4 12 29  8.640  0.00   1
   101476  40.577352 -123.957861    22.051    23234.6     3011.5      623.6      4.9      3.3      4.7 2020  2 13 22 21 36.940  0.00   1
   101477  40.581795 -123.992586    20.974    20293.2     3505.0     -453.0      3.5      2.4      4.2 2020  3 19  1  4 26.040  0.00   1
   101481  40.580916 -123.984774    20.642    20954.9     3407.4     -785.2      2.7      1.5      2.0 2021  3 29 15 56 33.780  0.00   1
   101482  40.581034 -123.985050    20.710    20931.5     3420.5     -717.5      2.2      1.0      1.9 2021  3 29 13 44 54.940  0.00   1
   101483  40.581042 -123.984928    20.718    20941.8     3421.4     -709.6      2.2      0.9      1.9 2021  3 30 14 30 26.580  0.00   1
   101484  40.580823 -123.984229    20.688    21001.1     3397.0     -739.6      2.1      1.1      2.0 2021  3 30 16 56 58.820  0.00   1
   101487  40.582300 -123.983260    20.520    21082.9     3561.0     -907.5      1.9      1.5      1.8 2021  9 19 18 51 35.660  0.00   1
   101488  40.567065 -123.950537    21.015    23856.7     1869.3     -412.2      4.9      1.0      4.8 2021 12  7  4 20 27.260  0.00   1
   101564  40.532548 -124.275049    11.661    -3628.4    -1963.7    -9766.6      1.3      0.7      0.9 2020  1  4 11 37 20.680  0.00   1
   102513  40.559603 -124.124040    22.974     9162.6     1040.6     1546.8      3.3      2.6      3.4 2020  1 21 18 29 29.080  0.00   1
   102514  40.563611 -124.140096    22.909     7802.4     1485.7     1481.3      2.8      1.8      3.0 2020  1 21 18 17 50.920  0.00   1
   102517  40.564124 -124.124609    22.948     9114.0     1542.6     1521.0      2.6      2.2      2.9 2020  1 21 18 17 12.580  0.00   1
   102584  40.555481 -124.090951    22.402    11965.6      582.9      974.8      3.7      2.6      3.2 2021 12 19 16 15 38.560  0.00   1
   102602  40.479179 -124.511076    24.458   -23632.9    -7890.1     3030.4      3.2      4.3      9.3 2021  8 10 19 30 57.060  0.00   1
   102603  40.479403 -124.505713    25.304   -23178.4    -7865.3     3876.5      2.0      2.7      3.7 2021  8 28  7 10 22.180  0.00   1
   102606  40.489213 -124.499349    24.945   -22637.4    -6775.9     3517.9      3.4      2.9      4.8 2021 11  9 13 23 16.920  0.00   1
   102608  40.477673 -124.506844    25.640   -23274.5    -8057.3     4212.4      2.5      2.7      4.8 2022  9  7 17 54 42.580  0.00   1
   102707  40.433175 -124.602848    23.222   -31421.2   -12998.7     1794.4      1.5      2.9      4.2 2020  1  5 11  4 39.240  0.00   1
   102709  40.446997 -124.595874    23.445   -30826.8   -11463.8     2018.0      1.6      1.9      1.8 2020  3 12 15 20 18.660  0.00   1
   102716  40.434676 -124.601294    23.494   -31289.1   -12831.9     2066.3      2.9      2.4      5.4 2020  5 19 15 58 35.460  0.00   1
   102717  40.435242 -124.602913    23.797   -31426.3   -12769.1     2369.8      2.1      2.2      2.4 2020  5 19  8 56  4.240  0.00   1
   102719  40.434465 -124.603979    21.682   -31516.8   -12855.4      254.6      1.5      2.0      2.9 2020  6  9 10 29  1.040  0.00   1
   102720  40.437516 -124.603589    21.353   -31483.0   -12516.6      -73.9      1.5      2.0      3.1 2020  6  9 11 54 57.660  0.00   1
   102721  40.433594 -124.597860    23.585   -30998.2   -12952.1     2158.2      1.3      2.6      2.9 2020  6 11 11 48 29.660  0.00   1
   102723  40.432711 -124.601245    23.354   -31285.4   -13050.2     1927.0      2.2      2.9      3.1 2020  6 28  9  4 35.860  0.00   1
   102727  40.436275 -124.604419    21.525   -31553.7   -12654.4       97.8      1.6      2.1      3.1 2020  9 21 21 53 10.520  0.00   1
   102728  40.429761 -124.602759    23.413   -31414.5   -13377.8     1985.6      2.2      3.7      4.1 2020  9 28  9 34 39.840  0.00   1
   102729  40.431763 -124.600293    23.448   -31204.9   -13155.5     2020.6      2.7      2.8      3.4 2020  9 29 16 42 12.380  0.00   1
   102730  40.430615 -124.601937    23.773   -31344.6   -13282.9     2346.2      1.7      1.9      2.6 2020  9 29 16  6 55.980  0.00   1
   102732  40.433903 -124.602482    23.377   -31390.0   -12917.8     1949.9      1.2      1.9      2.9 2020 10 13 22  5 11.460  0.00   1
   102734  40.434753 -124.603418    21.601   -31469.2   -12823.4      173.9      1.5      2.1      3.2 2020 12 19  3 23 42.480  0.00   1
   102736  40.428951 -124.600041    23.656   -31184.2   -13467.7     2229.0      2.5      2.9      3.4 2021  1 21 20 46 20.820  0.00   1
   102738  40.434395 -124.602051    23.674   -31353.4   -12863.1     2246.3      1.3      1.9      1.8 2021  2 12 20  8 51.240  0.00   1
   102739  40.433940 -124.600448    23.346   -31217.5   -12913.7     1918.3      1.7      1.9      2.0 2021  2 12  4 29 14.400  0.00   1
   102740  40.431490 -124.604053    23.576   -31523.7   -13185.7     2148.9      1.9      2.2      2.7 2021  2 20 23 40 36.700  0.00   1
   102742  40.436914 -124.605037    21.297   -31606.0   -12583.4     -130.5      2.1      2.9      4.4 2021  4 14  1 27 41.100  0.00   1
   102743  40.433630 -124.602523    22.545   -31393.5   -12948.1     1118.2      2.6      2.5      4.9 2021  4 14  5 38 37.620  0.00   1
   102749  40.433228 -124.602254    23.370   -31370.9   -12992.8     1943.2      1.7      2.8      3.2 2021  7 10 11 59 45.840  0.00   1
   102751  40.428117 -124.603540    23.590   -31481.1   -13560.3     2162.4      2.3      4.6      4.5 2021  8 31 18 13 15.560  0.00   1
   102754  40.430660 -124.603190    23.357   -31450.8   -13277.9     1930.0      1.7      2.6      2.6 2021  9 23  9 33 50.540  0.00   1
   102755  40.435002 -124.601929    23.376   -31342.9   -12795.8     1949.0      1.2      1.6      2.5 2021  9 30 19 10  2.220  0.00   1
   102756  40.434037 -124.603402    22.671   -31468.0   -12902.9     1244.1      2.3      4.2      5.2 2021 10  8 23 40 58.400  0.00   1
   102761  40.433374 -124.603296    22.670   -31459.1   -12976.5     1242.6      2.3      3.7      4.8 2021 12  9 20 12 36.400  0.00   1
   102763  40.436023 -124.602238    23.368   -31368.8   -12682.4     1940.6      1.8      2.4      2.3 2021 12 18  5 17 48.600  0.00   1
   102764  40.437541 -124.600895    23.394   -31254.7   -12513.8     1966.7      1.9      3.1      3.0 2021 12 20  7 12 18.880  0.00   1
   102768  40.432454 -124.603410    23.492   -31469.0   -13078.6     2064.3      2.5      4.2      3.7 2022  2 24 23 18 18.200  0.00   1
   102775  40.434965 -124.601953    23.377   -31344.9   -12799.9     1949.4      1.2      1.6      2.5 2022  5 12 21 39 49.620  0.00   1
   102776  40.429338 -124.604541    21.540   -31565.6   -13424.8      112.5      1.5      2.0      2.9 2022  5 15 21 30 42.600  0.00   1
   102777  40.437459 -124.603890    21.933   -31508.6   -12522.9      505.9      2.1      3.6      3.6 2022  6  2  9 50 27.060  0.00   1
   102778  40.436987 -124.605819    22.350   -31672.2   -12575.3      922.7      2.4      4.1      5.3 2022  6 17  0 59 30.760  0.00   1
   102780  40.435437 -124.602018    23.371   -31350.3   -12747.4     1943.5      1.7      2.9      2.6 2022  7 21  2 41 31.540  0.00   1
   102781  40.440930 -124.606022    22.184   -31688.5   -12137.5      757.0      4.1      6.4      8.3 2022  7 28  9 22  9.400  0.00   1
   102786  40.441565 -124.599691    20.732   -31151.6   -12067.0     -695.4      5.6      9.8      9.2 2022  9 18 15 28 46.440  0.00   1
   102787  40.426725 -124.596037    23.576   -30845.3   -13714.8     2148.4      2.2      3.1      3.0 2022 10  2 19 33 34.380  0.00   1
   102789  40.439526 -124.601530    23.341   -31308.0   -12293.3     1914.0      2.5      3.9      3.6 2022 10 17  4 45 23.620  0.00   1
   102790  40.427421 -124.599284    23.550   -31120.4   -13637.6     2123.0      2.8      4.7      3.9 2022 10 19 22 24 12.120  0.00   1
   102792  40.438159 -124.605819    23.058   -31671.9   -12445.2     1630.9      4.2      6.7      7.5 2022 11  4 23 19 49.560  0.00   1
   102871  40.515511 -124.431714    25.421   -16902.5    -3855.6     3993.8      4.4      5.6      7.9 2021 12 21 11 40 42.620  0.00   1
   102873  40.518689 -124.416951    22.946   -15651.4    -3502.7     1519.0      4.1      4.2      5.4 2021 12 27  5 28 17.460  0.00   1
   102877  40.519263 -124.418481    23.986   -15780.9    -3439.0     2559.1      2.3      2.4      3.5 2022 11 12  9 39  9.180  0.00   1
   102881  40.573983 -123.887451    22.441    29198.2     2637.4     1013.8      2.2      2.1      1.1 2020  6  5  7 17 17.540  0.00   1
   102882  40.586365 -123.893343    22.124    28696.6     4012.4      697.2      3.0      2.0      1.1 2021  8 31 10  1 55.460  0.00   1
   102884  40.576147 -123.890047    23.396    28977.9     2877.8     1968.5      1.7      1.8      3.7 2022  7  8 14 14 25.800  0.00   1
   102885  40.574719 -123.881714    22.450    29683.9     2719.2     1022.6      2.7      2.9      4.0 2022 10 15  6 34 45.100  0.00   1
   102906  40.551253 -124.494295    23.876   -22198.9      113.4     2448.8      2.6      1.9      0.9 2020  1  8  5 26 50.000  0.00   1
   102908  40.549622 -124.499373    23.926   -22629.3      -67.8     2498.6      2.4      1.8      1.2 2020 10 11 20 54  2.280  0.00   1
   102909  40.541195 -124.509798    26.743   -23513.8    -1003.5     5315.8      2.1      2.3      4.6 2021  4 28 19 33 47.460  0.00   1
   102910  40.549398 -124.496037    23.827   -22346.8      -92.6     2400.2      1.3      1.3      1.3 2021  6 12  7 57 57.640  0.00   1
   102911  40.546684 -124.504338    24.517   -23050.3     -394.0     3089.5      2.3      2.4      4.7 2021  6 22  2 52 24.640  0.00   1
   102915  40.547603 -124.503613    23.846   -22988.8     -291.9     2418.4      2.3      1.8     15.3 2021 11 28 13  7  4.440  0.00   1
   102916  40.548462 -124.501253    23.935   -22788.8     -196.6     2507.6      1.7      1.4      1.1 2021 12 21 13 58 37.080  0.00   1
   103853  40.619751 -123.952832    22.202    23653.1     7719.8      774.7      5.0      2.4      4.0 2020  1 15 17  9  9.680  0.00   1
   103854  40.620874 -123.945451    21.635    24277.8     7844.5      208.1      2.2      2.1      1.7 2020  9  6  8  2 35.820  0.00   1
   103855  40.623971 -123.949325    21.586    23949.3     8188.3      158.7      2.1      2.1      1.7 2021 11 17  1 30  5.520  0.00   1
   103856  40.623474 -123.946834    21.608    24160.2     8133.2      181.1      1.8      1.5      1.5 2022  1 29  9  3 15.000  0.00   1
   103857  40.621777 -123.946143    21.682    24219.1     7944.8      254.5      1.6      1.6      1.8 2022  5 22  1 31 29.140  0.00   1
   103859  40.624190 -123.949325    21.543    23949.3     8212.7      115.6      2.1      1.9      1.6 2022  5 23  3 58 56.800  0.00   1
   103861  40.622709 -123.949325    21.701    23949.5     8048.3      274.1      1.6      1.4      2.0 2022  7 27 10 38  4.700  0.00   1
   103862  40.621651 -123.947493    21.721    24104.7     7930.8      294.0      2.4      2.2      1.9 2022 11 17 16  3 25.080  0.00   1
   103863  40.620984 -123.943669    21.592    24428.7     7856.7      165.2      1.4      1.5      1.6 2022 11 20 23 28 37.040  0.00   1
   103948  40.583341 -123.916846    25.610    26706.9     3676.7     4182.9      2.3      1.5      3.5 2020  7 15 23 27 17.180  0.00   1
   103949  40.583195 -123.917187    25.613    26678.0     3660.4     4185.4      2.5      1.6      3.5 2020  7 15 23 27  7.480  0.00   1
   103953  40.584859 -123.912410    23.835    27082.2     3845.2     2407.7      4.4      1.5      4.1 2021  6 28 22 30 49.640  0.00   1
   103955  40.587378 -123.915820    25.014    26793.0     4124.9     3586.7      2.6      2.1      3.4 2021  8 18 13 15  3.800  0.00   1
   103957  40.579305 -123.912435    26.844    27081.3     3228.4     5417.0      3.1      1.5      3.3 2021  9 30  0  5  3.500  0.00   1
   103958  40.582987 -123.906348    25.991    27596.0     3637.4     4563.3      3.2      1.5      6.1 2021 10 16 22 17 33.780  0.00   1
   103963  40.584432 -123.907104    25.836    27531.7     3797.8     4408.5      3.2      1.2      2.0 2022 10  3  1 19 38.240  0.00   1
   104037  40.620561 -124.320247    18.729    -7452.6     7809.7    -2698.3      3.3      1.9      6.0 2020  3 23  9 10 34.260  0.00   1
   104039  40.620968 -124.316870    19.908    -7166.6     7854.9    -1519.7      3.0      2.2      6.4 2020  3 31  1 10 40.520  0.00   1
   104040  40.620410 -124.315967    19.695    -7090.2     7793.0    -1731.9      1.4      1.0      2.0 2020 12 20  9 55 52.280  0.00   1
   104042  40.620223 -124.315991    19.649    -7092.3     7772.2    -1778.4      1.6      1.0      1.9 2020 12 20 10 47 46.800  0.00   1
   104043  40.620068 -124.315804    19.631    -7076.4     7755.0    -1796.1      2.5      1.7      3.9 2020 12 20 10 15 13.920  0.00   1
   104047  40.620703 -124.316821    19.709    -7162.5     7825.5    -1718.1      2.7      2.0      5.7 2021  4 20 22 55  3.440  0.00   1
   104048  40.619922 -124.322420    17.793    -7636.6     7738.7    -3634.3      1.8      2.8      4.6 2021  4 24 18 32 32.740  0.00   1
   104049  40.622461 -124.315259    19.987    -7030.1     8020.7    -1439.9      2.0      1.4      2.6 2021  6 29 21  7 22.600  0.00   1
   104052  40.622319 -124.315934    20.270    -7087.3     8004.9    -1157.3      2.1      1.9      3.6 2021  7  2  7 55 22.400  0.00   1
   104053  40.618563 -124.315023    21.261    -7010.4     7587.8     -166.1      3.1      2.8      3.3 2021  7  3 16 38 35.240  0.00   1
   104054  40.621818 -124.315324    20.104    -7035.7     7949.3    -1323.4      1.7      1.4      3.8 2021  7 14 14 46 21.240  0.00   1
   104055  40.622083 -124.315552    20.018    -7055.0     7978.7    -1409.0      1.7      1.2      4.8 2021  9 17 10  9 30.180  0.00   1
   104056  40.617395 -124.318188    21.115    -7278.4     7458.2     -312.5      1.6      1.0      3.4 2021 11 18  9 48  5.620  0.00   1
   104060  40.619926 -124.312337    20.273    -6782.9     7739.2    -1153.9      1.0      0.7      3.6 2022  4 14 20  4 26.860  0.00   1
   104061  40.620398 -124.314526    20.401    -6968.2     7791.6    -1026.7      1.3      1.0      3.5 2022  6 16 20 44 53.720  0.00   1
   104064  40.620146 -124.311670    20.319    -6726.4     7763.6    -1107.9      1.2      0.8      3.7 2022 10 23 23 59  6.320  0.00   1
   104510  40.562488 -124.130607    22.378     8606.2     1361.0      950.6      0.7      0.4      0.6 2020  1 21 18 16 13.040  0.00   1
   104905  40.522274 -124.418636    26.338   -15793.7    -3104.6     4910.9      2.5      1.9      3.3 2020  6 22 15 25 24.880  0.00   1
   104911  40.511275 -124.419971    23.940   -15908.1    -4326.0     2512.5      2.1      1.9      3.0 2021  5 20 19 21 47.940  0.00   1
   104917  40.503853 -124.427572    23.808   -16553.0    -5150.1     2381.1      4.4      3.6      3.0 2021  9 17 15 11 51.640  0.00   1
   104918  40.506755 -124.420312    24.602   -15937.6    -4828.0     3174.7      3.3      2.4      3.8 2021 10  5 18 21 58.320  0.00   1
   104923  40.499320 -124.427148    24.299   -16517.7    -5653.5     2871.6      3.0      5.0      8.3 2021 12 22  5 52  2.020  0.00   1
   104928  40.511051 -124.419189    25.376   -15841.9    -4350.8     3948.5      2.2      1.9      3.9 2022  1 30  2  6 57.660  0.00   1
   104932  40.510856 -124.418937    25.362   -15820.5    -4372.5     3934.9      2.2      1.9      3.9 2022  3  5  0 58 53.080  0.00   1
   104936  40.511344 -124.424878    23.522   -16323.8    -4318.3     2095.0      3.0      2.8      2.8 2022  7 27  2 17 47.560  0.00   1
   104940  40.517700 -124.495239    16.121   -22284.4    -3612.5    -5306.2      2.3      1.5      8.7 2020  1 27  9 51 13.860  0.00   1
   104941  40.518042 -124.491911    15.827   -22002.4    -3574.5    -5600.4      2.6      2.5      5.2 2020  2 20  6 32 59.280  0.00   1
   104942  40.521073 -124.492310    14.633   -22035.7    -3237.9    -6794.2      4.5      5.4     10.9 2020  4  6  9 21 20.960  0.00   1
   104943  40.517957 -124.494059    15.787   -22184.4    -3584.0    -5640.5      1.8      1.9      4.4 2020 12 17 16 41  8.520  0.00   1
   104944  40.518042 -124.489168    15.738   -21770.0    -3574.5    -5689.1      1.7      2.0      4.6 2020 12 19 14 18 19.400  0.00   1
   104945  40.520854 -124.496785    15.898   -22414.9    -3262.3    -5529.0      1.8      1.9      4.6 2021  5 24  0 40 45.520  0.00   1
   104946  40.520024 -124.498055    15.941   -22522.6    -3354.5    -5486.5      2.3      2.6      3.5 2021 11  6  3 38 12.480  0.00   1
   105067  40.738420 -123.939217    22.950    24783.9    20897.4     1522.7      4.1      2.3      2.9 2020  1 29 17 29  4.280  0.00   1
   105385  40.552226 -123.973983    21.523    21873.4      221.4       95.3      1.1      0.7      0.8 2021  4  1  4 46 23.960  0.00   1
   105390  40.593746 -123.955290    21.380    23449.6     4832.0      -47.2      1.6      2.0      1.5 2021  5 23 15 44  5.100  0.00   1
   105391  40.603581 -123.985628    22.244    20879.1     5924.1      816.5      2.8      1.7      3.1 2021  6 30  5 49 47.860  0.00   1
   105476  40.761137 -123.871427    20.766    30512.8    23420.0     -661.4      3.9      2.3      3.8 2021  4 17 11 13 27.660  0.00   1
   105477  40.760380 -123.867334    20.004    30859.2    23336.0    -1423.3      3.2      2.4      6.8 2021  5 16 18 21  8.560  0.00   1
   105483  40.758862 -123.862101    20.735    31302.1    23167.4     -692.2      3.7      2.4      4.8 2022  5  4  3 34 42.980  0.00   1
   105706  40.597017 -124.042456    21.871    16068.2     5195.3      443.5      3.8      2.4      3.7 2020  2  8  2 28 57.160  0.00   1
   105713  40.597709 -124.062533    23.346    14368.1     5272.1     1918.4      4.3      2.1      2.8 2021  8 21  3 33 28.140  0.00   1
   105954  40.544877 -124.061507    19.753    14460.6     -594.6    -1674.7      3.0      1.5      2.4 2020  2  8 19 52 44.320  0.00   1
   105955  40.541809 -124.064966    19.493    14167.9     -935.3    -1934.3      4.7      2.0      3.0 2020  2 23  1  6 17.520  0.00   1
   105956  40.540767 -124.076221    20.001    13214.6    -1051.0    -1426.0      3.4      2.0      2.3 2020 10 23 10 31 25.740  0.00   1
   105957  40.547904 -124.066683    19.335    14021.9     -258.5    -2091.9      3.5      2.6      3.2 2021  2 19 15  2  5.840  0.00   1
   105958  40.544515 -124.061922    19.857    14425.5     -634.8    -1570.1      3.3      1.3      1.6 2021  7 27 12 42 23.820  0.00   1
   105960  40.543270 -124.068213    19.310    13892.7     -773.1    -2116.7      3.9      1.6      2.5 2021  9  6  1 57 48.460  0.00   1
   105961  40.544279 -124.070418    21.573    13705.8     -661.0      145.8      1.8      2.4      4.0 2021 10 30 15 54 35.980  0.00   1
   106005  40.588782 -124.095768    19.694    11554.7     4280.8    -1733.2      1.6      3.2      1.7 2020  4 19 13  8 57.480  0.00   1
   106006  40.596159 -124.091781    18.815    11891.7     5100.0    -2611.8      2.4      2.7      2.4 2020  6  7 18 47 39.820  0.00   1
   106007  40.593652 -124.084806    19.170    12482.5     4821.6    -2257.4      1.8      1.6      1.9 2020  7 20 16 45 35.520  0.00   1
   106008  40.593498 -124.083081    19.254    12628.6     4804.5    -2172.9      1.0      1.1      1.2 2021 11 25 11 31 45.620  0.00   1
   106009  40.594185 -124.084261    19.148    12528.6     4880.8    -2279.2      1.4      1.5      1.8 2022  1 31  2 46 32.380  0.00   1
   106065  40.534591 -124.390088    25.466   -13373.8    -1736.9     4038.7      3.2      4.2      3.7 2020  2 11 17 54 25.540  0.00   1
   106069  40.500138 -124.446151    16.207   -18127.8    -5562.7    -5220.5      2.5      1.7      3.5 2021  7 22 12 38 41.980  0.00   1
   106070  40.505924 -124.448942    15.781   -18363.5    -4920.1    -5646.4      1.9      2.6      3.2 2021  8 21  7 21 12.600  0.00   1
   106079  40.632707 -123.986751    26.277    20779.5     9158.4     4849.5      1.2      1.4      3.0 2020  2 13 23  7 46.880  0.00   1
   106080  40.644421 -123.978532    27.337    21473.4    10459.3     5909.5      3.2      2.7      4.6 2020  2 27  1  9  9.980  0.00   1
   106081  40.640763 -123.988477    25.894    20632.2    10053.1     4466.9      1.4      0.9      1.8 2020  6 29  6 46  6.840  0.00   1
   106082  40.633931 -123.977279    26.217    21581.2     9294.4     4789.4      4.5      2.0      7.0 2021 11 14 16 50 17.560  0.00   1
   106083  40.640116 -123.984530    25.874    20966.4     9981.3     4447.0      1.6      1.1      2.5 2022  2 10  2 19 50.980  0.00   1
   106084  40.641280 -123.982975    25.692    21097.8    10110.5     4264.9      1.6      1.1      2.9 2022  6  3  6  4  3.860  0.00   1
   106096  40.581287 -124.207332    20.332     2107.5     3448.5    -1095.0      2.8      1.7      5.0 2021 11  2  4 49 56.460  0.00   1
   106102  40.520072 -124.412557    20.418   -15278.9    -3349.1    -1009.2      3.4      2.4      3.4 2022  7  6 11 29  4.460  0.00   1
   106103  40.519267 -124.406372    21.710   -14755.0    -3438.5      283.1      4.1      4.4      6.5 2022  8 16  8  0  8.060  0.00   1
   106104  40.516410 -124.411605    21.395   -15198.7    -3755.7      -32.0      1.5      1.8      3.4 2022  8 29 21 57 39.860  0.00   1
   106135  40.553320 -124.215633    17.021     1404.8      343.0    -4406.5      0.8      1.2      2.2 2021  9 13  0  4  6.120  0.00   1
   106440  40.554928 -124.052604    21.970    15213.6      521.4      542.8      4.4      3.5      5.6 2021  9  4  5 13 46.140  0.00   1
   106496  40.593709 -124.106982    19.540    10604.6     4828.0    -1886.9      2.3      1.6      1.6 2021  8 27  1 44  5.160  0.00   1
   106497  40.592745 -124.105273    19.649    10749.4     4720.9    -1778.0      1.9      2.2      2.6 2021 11 30  0 51 56.760  0.00   1
   106499  40.593237 -124.105566    19.675    10724.6     4775.5    -1752.4      1.8      0.9      2.4 2022  1  8 11 15 11.920  0.00   1
   106609  40.614608 -123.837850    27.070    33388.9     7148.6     5642.3      3.8      1.9      4.1 2020  2 20 17 26 49.040  0.00   1
   106610  40.608411 -123.846932    27.455    32621.4     6460.5     6028.0      1.7      1.2      1.6 2020  7 17 16 58  8.720  0.00   1
   106612  40.606283 -123.846541    28.709    32655.0     6224.2     7281.8      3.3      3.1      3.4 2021 11 24  2 11 55.300  0.00   1
   106613  40.611214 -123.849406    27.642    32411.3     6771.8     6214.6      1.5      1.2      1.5 2022  5 21  1 58 58.180  0.00   1
   106614  40.502954 -124.415365    22.979   -15518.7    -5250.0     1552.2      2.3      2.8      3.5 2020  2 21 12  1 53.080  0.00   1
   106677  40.571765 -124.072990    19.795    13485.2     2391.2    -1632.6      2.4      3.1      2.8 2020  2 22  2  3 27.180  0.00   1
   106678  40.573206 -124.073812    20.052    13415.5     2551.1    -1374.8      1.7      1.0      1.1 2021  2 19 10 17 53.000  0.00   1
   106679  40.576542 -124.068457    19.609    13868.6     2921.6    -1818.1      2.3      3.0      2.6 2022  1 22 18 50  2.840  0.00   1
   106849  40.552747 -123.979053    21.320    21443.9      279.2     -107.1      2.1      2.4      2.3 2020  2 25 10 41 25.500  0.00   1
   106850  40.547945 -123.974715    21.442    21812.1     -253.9       15.1      2.6      2.2      2.2 2020  6 21 16  9 47.640  0.00   1
   106852  40.539315 -123.965047    21.826    22632.4    -1212.3      398.7      3.4      2.7      5.2 2021  6 16 14  0 25.980  0.00   1
   106853  40.548975 -123.975488    21.752    21746.4     -139.6      324.5      2.6      2.9      4.0 2021  6 17 11 40 36.000  0.00   1
   106855  40.551095 -123.974805    21.489    21804.0       95.8       62.2      2.8      2.7      2.3 2022  9 27  4 34 50.860  0.00   1
   106908  40.622591 -124.302612    19.919    -5959.5     8035.2    -1507.9      1.8      1.3      1.7 2021  4  2 11 45  2.260  0.00   1
   106909  40.624084 -124.298690    19.391    -5627.3     8201.0    -2036.5      3.4      2.4      3.0 2021  4  7  1 55 18.100  0.00   1
   106910  40.621431 -124.302767    20.044    -5972.6     7906.4    -1383.1      2.9      1.7      4.8 2021 10 17 14 20 53.460  0.00   1
   106916  40.623779 -124.297998    19.585    -5568.8     8167.1    -1841.8      3.0      1.6      2.4 2022  7 14  7 38  2.880  0.00   1
   106917  40.503654 -124.331755    19.064    -8434.1    -5172.3    -2362.3      3.1      3.7      3.3 2020  2 29  6 25 39.720  0.00   1
   106919  40.505355 -124.339062    18.399    -9053.2    -4983.4    -3028.7      2.3      2.2      3.1 2020  6 25 12 39 13.840  0.00   1
   106920  40.505050 -124.339722    18.306    -9109.1    -5017.3    -3121.0      2.4      2.3      3.2 2020  6 26 13 51 55.760  0.00   1
   106921  40.504716 -124.339396    18.334    -9081.5    -5054.3    -3093.0      2.3      2.3      3.1 2020  6 27  9  8 18.860  0.00   1
   106924  40.500610 -124.333382    18.796    -8572.2    -5510.2    -2631.3      2.6      3.0      3.0 2020  7 15 15 49 31.760  0.00   1
   106925  40.504663 -124.339372    18.337    -9079.4    -5060.2    -3090.0      2.3      2.3      3.1 2020  7 15  2 55 13.780  0.00   1
   106926  40.500574 -124.332992    18.966    -8539.1    -5514.3    -2461.4      3.2      2.8      3.2 2020  7 15  5  0 39.940  0.00   1
   106927  40.504781 -124.339518    18.425    -9091.8    -5047.1    -3002.2      2.4      2.2      3.1 2020  7 15 19 40 35.320  0.00   1
   106930  40.504574 -124.339461    18.413    -9087.0    -5070.2    -3014.8      2.9      2.8      3.6 2020  7 16 16  0 18.620  0.00   1
   106931  40.501611 -124.329338    19.566    -8229.4    -5399.1    -1861.0      3.8      3.0      2.9 2020  7 16 12 26  9.680  0.00   1
   106933  40.505066 -124.341170    18.748    -9231.8    -5015.5    -2679.2      1.9      2.1      2.4 2020 11 20 17 12 56.060  0.00   1
   106934  40.509591 -124.328483    18.442    -8156.5    -4513.0    -2985.0      2.4      2.3      4.5 2021  5 12 18 32 23.080  0.00   1
   106937  40.510238 -124.327498    18.505    -8073.0    -4441.2    -2922.6      2.4      2.6      2.2 2021  7 11  5  6 12.560  0.00   1
   106939  40.510392 -124.328190    18.447    -8131.6    -4424.0    -2979.8      2.4      2.6      2.5 2021  7 11  7 17 55.760  0.00   1
   106940  40.508830 -124.326790    18.863    -8013.1    -4597.5    -2563.8      2.7      2.4      3.5 2021  7 11  4 14 40.000  0.00   1
   106941  40.508993 -124.327035    18.833    -8033.8    -4579.4    -2594.2      3.0      2.6      3.8 2021  7 11  3 36 34.760  0.00   1
   106942  40.510185 -124.327824    18.437    -8100.6    -4447.1    -2990.7      2.5      2.7      2.7 2021  7 11  2 14  1.880  0.00   1
   106943  40.508598 -124.326432    18.836    -7982.8    -4623.3    -2591.7      2.7      2.3      3.5 2021  7 11  7 49 35.560  0.00   1
   106944  40.508903 -124.326831    18.834    -8016.6    -4589.4    -2593.1      2.9      2.6      3.5 2021  7 12  6 52 59.100  0.00   1
   106945  40.510152 -124.327580    18.643    -8079.9    -4450.7    -2784.4      2.0      2.2      2.7 2021  7 12  7 38 34.800  0.00   1
   106947  40.510360 -124.327555    18.488    -8077.9    -4427.6    -2938.8      2.2      2.5      2.4 2021  7 12  6 52  5.820  0.00   1
   106948  40.509379 -124.326823    18.585    -8015.9    -4536.5    -2842.4      1.9      2.0      2.2 2021  7 12  6 57 12.740  0.00   1
   106949  40.510124 -124.327604    18.640    -8082.0    -4453.8    -2787.1      2.2      2.3      2.7 2021  7 12  6 51 15.180  0.00   1
   106950  40.510071 -124.327580    18.649    -8079.9    -4459.7    -2778.7      2.1      2.2      2.7 2021  7 12 22 18 34.740  0.00   1
   106951  40.510449 -124.327279    18.501    -8054.4    -4417.7    -2926.1      2.5      2.4      2.5 2021  7 12  8 58 54.960  0.00   1
   106952  40.510388 -124.327523    18.498    -8075.1    -4424.5    -2929.0      2.3      2.5      2.4 2021  7 12  8 46 32.680  0.00   1
   106953  40.509143 -124.326326    18.619    -7973.8    -4562.7    -2808.7      3.2      2.4      3.0 2021  7 12  6 48 36.980  0.00   1
   106954  40.509904 -124.327319    18.630    -8057.9    -4478.2    -2796.8      2.2      2.3      2.7 2021  7 12  6 58 19.680  0.00   1
   106959  40.509180 -124.325155    18.690    -7874.5    -4558.7    -2737.6      3.5      2.5      3.4 2021  7 12 15 18 57.120  0.00   1
   106960  40.508716 -124.326611    18.820    -7998.0    -4610.2    -2607.0      2.7      2.4      3.8 2021  7 12 12 15  8.320  0.00   1
   106961  40.509005 -124.327002    18.868    -8031.0    -4578.1    -2558.8      2.4      2.3      3.4 2021  7 12  7 42 57.140  0.00   1
   106962  40.508748 -124.326676    18.822    -8003.5    -4606.6    -2604.8      2.8      2.5      3.6 2021  7 12  8  3  8.480  0.00   1
   106964  40.508761 -124.326595    18.804    -7996.6    -4605.2    -2623.2      3.3      2.7      3.6 2021  7 12  5 33 43.540  0.00   1
   106965  40.508773 -124.326799    18.919    -8013.8    -4603.8    -2508.7      2.3      2.1      3.3 2021  7 12  8 56 41.260  0.00   1
   106967  40.510164 -124.327205    18.513    -8048.2    -4449.3    -2914.6      2.5      2.5      2.5 2021  7 13  3 34 41.120  0.00   1
   106968  40.508622 -124.327677    18.812    -8088.3    -4620.6    -2615.7      2.8      2.6      3.8 2021  7 13 11  0 10.880  0.00   1
   106970  40.507808 -124.323901    18.730    -7768.4    -4710.9    -2697.4      2.7      2.1      2.5 2021  7 15 17 56 38.860  0.00   1
   106971  40.508049 -124.324072    18.718    -7782.9    -4684.3    -2709.6      2.5      2.0      2.1 2021  7 24 15 17 23.680  0.00   1
   106974  40.510225 -124.330387    18.272    -8317.8    -4442.5    -3154.8      2.1      2.1      2.7 2021 12 20 23 45 33.300  0.00   1
   106975  40.502865 -124.337760    18.785    -8943.0    -5259.9    -2642.4      3.2      2.9      4.1 2021 12 20 21 54 42.040  0.00   1
   106977  40.512280 -124.331372    20.349    -8401.1    -4214.4    -1078.2      9.8      5.9      3.6 2021 12 21 12 29 57.320  0.00   1
   106978  40.500423 -124.334766    18.936    -8689.4    -5531.0    -2491.5      2.7      2.8      2.8 2021 12 22  7  9  8.260  0.00   1
   106979  40.503536 -124.334058    18.978    -8629.2    -5185.4    -2449.4      2.8      2.0      2.4 2021 12 22 17  4 29.540  0.00   1
   106983  40.504386 -124.337703    18.728    -8938.1    -5090.9    -2699.2      2.5      2.4      3.0 2021 12 23 19 43 35.140  0.00   1
   106984  40.506966 -124.328524    18.147    -8160.1    -4804.5    -3280.0      7.3      2.4      5.6 2021 12 23  6 28 39.440  0.00   1
   106986  40.510323 -124.328011    18.655    -8116.5    -4431.7    -2772.3      2.5      2.3      2.3 2021 12 25  0 41  6.140  0.00   1
   106988  40.509318 -124.326579    18.571    -7995.2    -4543.3    -2856.4      3.1      2.9      3.1 2021 12 31  7 30 11.740  0.00   1
   106989  40.503536 -124.342432    18.969    -9338.8    -5185.4    -2458.4      2.9      2.8      4.7 2022  1  2 19  6  3.500  0.00   1
   106990  40.506209 -124.329199    18.266    -8217.4    -4888.5    -3161.2      4.1      1.8      3.9 2022  1  2 18 43 27.640  0.00   1
   106991  40.503902 -124.333464    19.178    -8578.9    -5144.7    -2249.0      2.7      2.6      2.8 2022  1 29  0 56  4.940  0.00   1
   106992  40.505326 -124.331991    18.660    -8454.0    -4986.6    -2767.6      2.7      2.4      2.0 2022  2 20  7 55 33.920  0.00   1
   106993  40.508468 -124.327702    19.350    -8090.4    -4637.7    -2077.1      2.8      2.0      2.9 2022  4 11  8 48 35.180  0.00   1
   106995  40.509424 -124.325407    18.526    -7895.9    -4531.6    -2901.7      2.3      2.2      1.8 2022  5 14  5 11 24.580  0.00   1
   106996  40.510913 -124.330103    18.203    -8293.6    -4366.2    -3224.2      2.2      2.2      2.9 2022  5 21 19  6 31.100  0.00   1
   106997  40.506852 -124.322437    18.664    -7644.3    -4817.1    -2763.1      2.6      1.5      2.5 2022  7 18  4 14 31.760  0.00   1
   107286  40.595907 -124.033651    24.335    16813.9     5072.0     2908.0      4.0      1.6      7.8 2020  4 12 17 13 25.640  0.00   1
   107287  40.592240 -124.018026    22.836    18137.4     4664.8     1408.7      4.3      2.6      3.4 2020  4 18 11  7 43.200  0.00   1
   107288  40.594812 -124.015422    23.114    18357.6     4950.4     1686.6      2.9      1.7      2.2 2020 11 20  1 42 41.040  0.00   1
   107289  40.594560 -124.018351    23.117    18109.6     4922.4     1689.4      3.9      2.0      2.8 2020 11 20  1 23 58.260  0.00   1
   107290  40.594543 -124.015422    23.108    18357.7     4920.6     1680.8      3.2      1.2      2.3 2020 11 20  1 20 56.960  0.00   1
   107291  40.593685 -124.015519    23.317    18349.5     4825.3     1889.3      2.4      1.9      2.4 2020 11 20  7  8 23.000  0.00   1
   107292  40.597843 -124.001392    22.804    19545.2     5287.0     1376.8      4.4      2.0      3.9 2021 11 14 17  4  4.680  0.00   1
   107293  40.595650 -124.013493    22.311    18520.8     5043.5      883.9      2.3      1.9      2.6 2021 12  5 10 31 19.440  0.00   1
   107297  40.589722 -123.994775    23.303    20106.6     4385.2     1876.2      2.1      1.9      6.0 2022  1 27  3  6  7.800  0.00   1
   107337  40.507792 -124.425033    23.493   -16337.4    -4712.7     2065.6      1.5      2.6      1.9 2020  3  7  9 53 50.140  0.00   1
   107338  40.486532 -124.453499    26.434   -18752.3    -7073.6     5007.2      2.5      3.0      3.9 2020  9 23 15 27 24.660  0.00   1
   107341  40.503239 -124.430542    25.612   -16804.8    -5218.4     4184.3      3.2      3.2      4.0 2022  5  3 13  8 48.100  0.00   1
   107359  40.527893 -124.381982    25.125   -12687.8    -2480.6     3698.0      3.4      2.9      4.6 2021 12 20 22 54  5.520  0.00   1
   107361  40.525037 -124.401432    23.123   -14335.9    -2797.8     1695.6      4.5      2.5      3.9 2021 12 20 21 57 14.080  0.00   1
   107370  40.476050 -124.534692    26.844   -25635.0    -8237.6     5416.9      2.4      5.2      6.6 2021 11 16  4 40 39.460  0.00   1
   107371  40.469865 -124.532072    23.770   -25414.1    -8924.4     2343.1      1.8      2.8      2.0 2022  4  3 19 28  4.080  0.00   1
   107574  40.467000 -124.427710    19.371   -16569.2    -9242.5    -2056.0      4.0      5.9      4.9 2020  3 11 22 47 36.760  0.00   1
   107579  40.472375 -124.429126    19.896   -16688.6    -8645.6    -1531.6      1.6      1.4      2.0 2021  9 21 12 24 42.300  0.00   1
   107580  40.471696 -124.430908    19.436   -16839.7    -8721.1    -1991.3      1.5      1.9      1.9 2021 10 16  2 20 43.560  0.00   1
   107582  40.483712 -124.436450    19.075   -17307.9    -7386.8    -2351.7      0.9      1.4      5.0 2022  2  5  7 43 32.760  0.00   1
   107583  40.471924 -124.429256    19.775   -16699.7    -8695.8    -1652.3      2.9      3.0      3.3 2022  2 19 19 28 29.060  0.00   1
   107584  40.468746 -124.427531    19.778   -16553.8    -9048.6    -1649.3      1.6      2.3      1.1 2022  2 21 15 20 50.320  0.00   1
   107585  40.468819 -124.427604    19.774   -16560.0    -9040.5    -1653.4      1.6      2.2      0.9 2022  3  8 13 52  8.680  0.00   1
   107586  40.472192 -124.430078    19.910   -16769.3    -8665.9    -1517.6      2.4      2.3      1.6 2022  3 17  5 45 51.800  0.00   1
   107609  40.570353 -123.956795    21.474    23326.1     2234.4       46.7      3.1      2.9      6.1 2021 12 25 22 49 23.520  0.00   1
   107620  40.515894 -124.474536    28.009   -20530.6    -3813.1     6582.0      2.1      2.3      1.5 2020  3 20 11 54 38.000  0.00   1
   107621  40.502218 -124.505957    26.383   -23195.2    -5331.8     4955.7      2.0      1.4      3.6 2020  3 20 22 28 21.200  0.00   1
   107622  40.507003 -124.505599    26.492   -23164.0    -4800.4     5065.1      3.2      4.9      5.7 2020  3 21 20 18  7.640  0.00   1
   107623  40.506462 -124.505184    26.445   -23128.9    -4860.5     5018.2      2.8      3.8      5.2 2020  3 21 19  0  1.520  0.00   1
   107626  40.498800 -124.499300    26.906   -22631.7    -5711.3     5478.6      3.5      4.0      4.1 2020  4 18 11  0 19.100  0.00   1
   107627  40.498674 -124.514030    27.562   -23879.8    -5725.3     6135.2      3.0      3.0      4.0 2020  4 29 15  5 11.240  0.00   1
   107635  40.499894 -124.502873    27.271   -22934.2    -5589.8     5843.5      2.4      2.0      2.8 2021  6 23  5 14 47.320  0.00   1
   107636  40.503463 -124.503923    26.966   -23022.5    -5193.5     5538.8      1.1      1.5      2.4 2021  6 27 15 30 22.300  0.00   1
   107638  40.508630 -124.509595    25.942   -23502.3    -4619.7     4514.3      3.9      2.3      8.0 2021  8 29 17 32  5.980  0.00   1
   107639  40.500545 -124.504150    27.593   -23042.4    -5517.5     6165.8      2.0      2.4      3.7 2021  9  1  5  5 36.660  0.00   1
   107641  40.501774 -124.503792    27.387   -23011.8    -5381.0     5959.7      1.5      1.5      3.1 2021 10  7 19  8 24.060  0.00   1
   107644  40.491752 -124.506982    27.567   -23283.8    -6493.9     6139.5      2.5      5.7      2.3 2021 10 30 23 40 23.100  0.00   1
   107645  40.498840 -124.497331    27.570   -22464.8    -5706.8     6142.8      3.1      3.1      2.9 2021 11 20  8 44 57.940  0.00   1
   107648  40.503031 -124.495589    28.101   -22316.5    -5241.4     6673.4      2.3      2.3      4.2 2021 12 18  8 55  3.900  0.00   1
   107651  40.505538 -124.488924    26.331   -21751.3    -4963.1     4904.1      3.1      3.2      4.1 2022  1 12 11 34 59.600  0.00   1
   107654  40.490479 -124.504419    26.988   -23066.8    -6635.3     5561.0      3.1      5.9      6.2 2022  4 13 23 57 43.640  0.00   1
   107655  40.497725 -124.492716    24.839   -22073.9    -5830.6     3412.0      2.3      5.1      7.8 2022  7 29 16 38  2.820  0.00   1
   107656  40.487016 -124.502979    28.364   -22945.3    -7019.9     6936.7      4.1      6.0      4.4 2022  8 10  2 25 35.080  0.00   1
   107657  40.490666 -124.498145    28.046   -22535.1    -6614.6     6618.3      4.1      4.0      2.5 2022  8 23  6 57 35.860  0.00   1
   107661  40.494796 -124.519320    26.359   -24328.8    -6155.9     4932.0      1.6      3.2      2.3 2022 10 16 17  6 16.580  0.00   1
   107662  40.493795 -124.510864    27.465   -23612.4    -6267.1     6037.9      2.7      2.5      4.0 2022 10 16 21 31  2.740  0.00   1
   107663  40.494808 -124.510360    27.460   -23569.5    -6154.6     6032.5      2.8      2.8      4.0 2022 10 16 17  0 17.060  0.00   1
   107664  40.523861 -124.389233    23.670   -13302.5    -2928.4     2242.4      2.4      3.0      3.2 2020  3 13 19 20 41.280  0.00   1
   107680  40.562069 -123.997013    22.622    19921.2     1314.4     1195.2      9.4      1.8      1.6 2020  4 27  3 46 18.440  0.00   1
   107683  40.562358 -124.014266    22.575    18459.9     1346.5     1147.8      2.2      1.3      1.5 2020 11 11 11 22 54.400  0.00   1
   107687  40.561397 -123.999170    22.103    19738.6     1239.9      676.0      1.7      1.2      2.0 2021 12 25 23  5 26.280  0.00   1
   107808  40.546578 -124.195728    27.150     3091.0     -405.8     5722.6      4.7      1.8      3.1 2020  3 18 22 58 40.420  0.00   1
   107818  40.464852 -123.820646    23.213    34884.1    -9481.1     1785.9      2.5      2.9      1.3 2021  1 21 21  8 56.860  0.00   1
   107819  40.464998 -123.819385    23.207    34991.0    -9464.8     1779.8      2.2      2.3      1.9 2021  1 24 19 45 59.820  0.00   1
   107820  40.466777 -123.820964    23.072    34856.7    -9267.3     1644.5      2.0      2.3      1.2 2022  1 24 23 34 18.900  0.00   1
   107822  40.493774 -123.830371    25.200    34052.5    -6269.3     3772.8      2.7      4.0      3.3 2022  9 20 16  0 37.520  0.00   1
   107823  40.469690 -123.822827    23.177    34698.0    -8943.8     1749.5      1.0      1.5      1.0 2022 11 20 17  4 54.300  0.00   1
   107825  40.515332 -124.418555    20.109   -15787.6    -3875.5    -1318.0      1.9      2.5      4.3 2020  3 18 23 32 29.300  0.00   1
   107844  40.621781 -124.311157    19.777    -6682.9     7945.2    -1650.1      1.3      0.5      2.7 2020  3 18  4 40 58.500  0.00   1
   107847  40.622119 -124.306283    21.233    -6270.2     7982.7     -194.0      1.9      0.6      3.5 2022  1 23 16 30 25.180  0.00   1
   107849  40.621802 -124.311906    19.496    -6746.3     7947.5    -1931.4      1.6      0.5      3.7 2022 10 21 10 46 28.380  0.00   1
   107887  40.581991 -124.428556    23.032   -16626.8     3526.6     1604.9      2.1      2.1      2.9 2020  7 13 13  8 40.060  0.00   1
   107888  40.580477 -124.432511    23.425   -16961.9     3358.6     1998.2      1.8      2.4      2.6 2020  8 15  3 41 44.920  0.00   1
   107890  40.580851 -124.432788    23.357   -16985.3     3400.1     1929.4      1.8      2.8      3.0 2021  8  9 17  8 53.000  0.00   1
   107891  40.584265 -124.431323    23.916   -16860.8     3779.2     2488.9      3.2      2.4      2.1 2021  8 11  0 58 47.400  0.00   1
   107895  40.574756 -124.435889    22.868   -17248.7     2723.3     1440.6      3.1      3.1      4.5 2022  9  4 19 13 25.340  0.00   1
   107928  40.583069 -124.427100    23.161   -16503.3     3646.4     1733.8      2.0      2.1      2.8 2020  7 22  0 55 19.100  0.00   1
   107930  40.612809 -124.434806    23.006   -17152.2     6948.9     1579.2      2.8      2.1      3.3 2021 12 13  1 46 42.200  0.00   1
   107964  40.535649 -124.398739    17.659   -14106.5    -1619.4    -3768.1      2.5      3.5      3.5 2021 11 14  0  8  4.400  0.00   1
   107965  40.527836 -124.393547    18.935   -13667.5    -2487.0    -2492.0      3.7      4.8      5.2 2021 12 21 22 13 12.300  0.00   1
   107971  40.530912 -124.406340    16.889   -14751.0    -2145.4    -4538.0      1.9      1.1      2.2 2022 10  9 19  5  2.280  0.00   1
   107978  40.534570 -124.423649    28.530   -16216.9    -1739.2     7102.8      5.3      6.8      7.0 2021  4 15  8 56 41.520  0.00   1
   107980  40.527140 -124.424406    26.809   -16281.9    -2564.2     5381.3      2.1      2.2      2.7 2021  8  4 18 58 46.060  0.00   1
   107981  40.530408 -124.419718    26.679   -15884.4    -2201.4     5252.1      3.8      3.7      5.5 2021  8 21 16 23 33.700  0.00   1
   107983  40.523714 -124.433927    26.170   -17089.0    -2944.7     4742.6      2.3      1.8      3.2 2021 11  3  7 32 49.840  0.00   1
   107984  40.516447 -124.429305    26.862   -16698.3    -3751.7     5434.6      2.9      3.1      5.1 2021 12  3 10 42 13.240  0.00   1
   107988  40.529134 -124.420671    26.611   -15965.2    -2342.8     5183.4      3.4      2.2      3.4 2022  2 13 11 20 53.200  0.00   1
   107989  40.517806 -124.423543    27.130   -16210.0    -3600.8     5703.2      3.0      1.9      2.5 2022  4 26 22 35 44.360  0.00   1
   107990  40.528328 -124.422982    26.647   -16161.1    -2432.3     5219.8      2.2      2.3      2.2 2022  8 18  8 41 53.440  0.00   1
   107991  40.531022 -124.426066    26.218   -16422.1    -2133.2     4790.5      2.3      1.6      2.3 2022 11  8  8 40 30.120  0.00   1
   107992  40.526774 -123.990771    20.693    20455.2    -2604.9     -734.2      3.7      3.1      4.1 2020  3 19 15 51  1.740  0.00   1
   107998  40.517114 -123.977319    20.907    21596.4    -3677.6     -520.2      3.2      3.5      3.5 2022  1 22 10 34 20.100  0.00   1
   107999  40.518925 -123.979053    20.850    21449.3    -3476.5     -577.2      2.3      1.8      2.6 2022  2 15  1 12 31.400  0.00   1
   108057  40.469417 -124.442269    22.438   -17802.9    -8974.1     1010.7      2.3      2.9      4.2 2021 12  5 19 24 48.900  0.00   1
   108061  40.469718 -124.450993    21.283   -18542.2    -8940.7     -144.7      2.2      1.9      2.8 2022  9 23 15 56 33.080  0.00   1
   108062  40.467253 -124.431852    20.851   -16920.3    -9214.5     -575.9      2.1      2.2      2.3 2022  9 28 23  9 12.340  0.00   1
   108063  40.582418 -124.355184    27.474   -10413.3     3574.1     6046.6      3.7      3.2      5.5 2020  3 20  8 49 18.520  0.00   1
   108064  40.581185 -124.348088    27.963    -9812.4     3437.2     6535.4      3.3      3.4      3.4 2021 10 17  9 59  8.260  0.00   1
   108067  40.538595 -124.404598    28.126   -14602.6    -1292.3     6698.5      1.6      1.6      2.5 2021 11  3 11  8 47.100  0.00   1
   108068  40.537020 -124.404793    28.293   -14619.3    -1467.1     6866.2      1.3      1.1      1.6 2021 11  3  4 10 39.340  0.00   1
   108070  40.535799 -124.411068    28.215   -15151.0    -1602.7     6787.8      1.8      1.4      2.6 2021 12 20 21 58 50.200  0.00   1
   108071  40.535571 -124.411759    28.932   -15209.6    -1628.0     7505.2      2.2      1.7      1.8 2022  1  6 19 21 44.640  0.00   1
   108073  40.617065 -123.949601    22.344    23927.1     7421.6      917.2      2.9      2.1      2.7 2020  9 26  5 11 46.240  0.00   1
   108076  40.611682 -123.944686    22.129    24344.2     6823.8      702.1      2.7      3.0      4.6 2021 10 28  3 17 37.200  0.00   1
   108082  40.612577 -123.943758    21.512    24422.6     6923.2       85.1      2.5      2.2      2.8 2022  4 23 20  0 10.440  0.00   1
   108083  40.621541 -123.946582    21.814    24181.9     7918.6      386.3      3.5      3.0      7.2 2022  6 17 14 38  4.080  0.00   1
   108103  40.555632 -124.255851    23.046    -2001.7      599.6     1618.4      3.5      2.7      4.6 2020  3 24  7  2 14.780  0.00   1
   108105  40.550879 -124.245426    22.782    -1118.8       71.8     1354.7      2.7      1.7      2.0 2020 11 21  0 51 45.000  0.00   1
   108108  40.553202 -124.249170    22.102    -1435.8      329.8      674.7      2.8      2.2      2.7 2022 11 11 23  8  9.040  0.00   1
   108253  40.746631 -123.837752    21.270    33364.4    21809.2     -156.8      2.3      2.0      4.7 2020  3 28 12 19 52.180  0.00   1
   108254  40.749202 -123.836279    20.288    33488.4    22094.8    -1139.4      3.1      2.3      4.7 2020  9 14 17 47 56.900  0.00   1
   108256  40.480090 -124.459009    18.414   -19220.2    -7788.9    -3013.1      1.7      2.2      3.2 2020  3 29  2 10 37.820  0.00   1
   108258  40.476143 -124.459123    19.435   -19230.4    -8227.2    -1992.6      1.6      0.8      1.2 2021 10  3  5 55  4.840  0.00   1
   108259  40.477669 -124.458008    19.367   -19135.7    -8057.7    -2060.2      1.5      0.9      1.1 2021 11 19  6 49 32.480  0.00   1
   108344  40.526253 -124.400521    17.795   -14258.5    -2662.7    -3631.9      1.5      2.5      3.9 2022  6  5 23 40 24.620  0.00   1
   108357  40.571488 -124.096615    23.075    11484.5     2360.4     1647.3      6.1      3.2      3.8 2021  2 21 19 35 38.660  0.00   1
   108358  40.571765 -124.091618    22.709    11907.6     2391.2     1281.7      4.9      3.3      3.5 2021 10 31 11 18 33.720  0.00   1
   108359  40.569470 -124.101587    23.195    11063.5     2136.3     1767.5      4.1      3.4      4.9 2022  2  6  9 49 13.780  0.00   1
   108413  40.479814 -124.498950    23.794   -22605.2    -7819.6     2366.7      3.2      4.4      3.4 2020  4 13  9 58 32.960  0.00   1
   108414  40.458419 -124.510311    23.941   -23571.7   -10195.4     2513.3      2.6      2.9      2.9 2020  8 28 23 50 45.120  0.00   1
   108415  40.462492 -124.508008    23.634   -23375.8    -9743.1     2206.8      3.2      4.5      5.0 2020  9 24 22 17 36.960  0.00   1
   108416  40.458866 -124.503979    27.772   -23035.0   -10145.7     6345.1      3.6      5.7      6.6 2021  2  3  1 21 28.060  0.00   1
   108422  40.478271 -124.510848    23.753   -23613.8    -7990.9     2326.0      4.1      4.6      3.7 2021 11 29 21 27 26.620  0.00   1
   108424  40.466024 -124.503955    26.242   -23031.7    -9350.9     4815.2      3.2      5.3      6.2 2022  2 13  8 54 23.040  0.00   1
   108430  40.455741 -124.509448    23.830   -23499.1   -10492.7     2402.9      3.2      3.9      3.6 2022 11 14 21 27 40.840  0.00   1
   108464  40.605143 -124.092741    18.896    11809.6     6097.6    -2531.6      3.5      2.1      3.0 2022  1 22 11 10 16.600  0.00   1
   108465  40.608976 -124.101188    17.486    11094.0     6523.3    -3941.3      3.7      2.2      5.0 2022  1 29  6 14 29.780  0.00   1
   108466  40.587793 -124.298242    20.550    -5591.0     4171.0     -877.0     10.6      5.7      8.6 2020  4 19 16 21  7.220  0.00   1
   108475  40.500842 -124.431543    25.479   -16889.9    -5484.5     4051.7      2.3      2.1      4.8 2020  8 21 16 41  2.020  0.00   1
   108479  40.501005 -124.429858    23.059   -16747.1    -5466.4     1631.7      1.9      2.3      2.9 2021  9 26  7 21 14.820  0.00   1
   108490  40.635738 -124.000822    24.675    19587.9     9495.1     3247.4      2.6      2.1      2.8 2020  4 19  6 45 57.780  0.00   1
   108491  40.515035 -124.345736    17.646    -9617.9    -3908.5    -3781.4      5.6      7.2      3.3 2020  4 21 11 21 54.140  0.00   1
   108492  40.508439 -124.335384    19.087    -8741.3    -4640.9    -2340.6      0.8      1.3      1.5 2020  6 19  5 30 29.960  0.00   1
   108493  40.510262 -124.336759    19.014    -8857.7    -4438.5    -2412.9      2.1      1.8      2.2 2021  3 12  1 30 38.560  0.00   1
   108494  40.509192 -124.333757    19.084    -8603.4    -4557.3    -2342.8      1.4      1.6      1.9 2021  6 14 22 35  4.460  0.00   1
   108495  40.510217 -124.331055    19.459    -8374.4    -4443.4    -1968.6      2.6      1.3      3.4 2021  6 14 21 36  2.260  0.00   1
   108496  40.510510 -124.331673    19.420    -8426.7    -4410.9    -2007.1      2.2      1.2      2.7 2021  6 14 21 44 45.960  0.00   1
   108497  40.509342 -124.333984    19.079    -8622.7    -4540.6    -2347.9      1.0      1.6      2.0 2021  6 15  9 44 20.640  0.00   1
   108498  40.510347 -124.333748    19.089    -8602.6    -4429.0    -2338.4      1.8      1.4      1.9 2021  6 15  8 53  6.160  0.00   1
   108499  40.510754 -124.334302    18.925    -8649.5    -4383.8    -2502.0      2.0      1.9      1.6 2021  6 15  9 30  2.180  0.00   1
   108500  40.510567 -124.333927    19.063    -8617.7    -4404.6    -2364.7      2.1      1.7      2.3 2021  6 15  9 15  5.520  0.00   1
   108501  40.509106 -124.335465    19.053    -8748.2    -4566.8    -2374.4      1.9      1.5      1.9 2021 12 11  4 20 38.740  0.00   1
   108566  40.642814 -124.067000    23.390    13985.1    10280.8     1963.0      1.8      1.2      0.5 2020  5  5 15 41 19.740  0.00   1
   108569  40.505123 -124.489771    23.872   -21823.1    -5009.2     2445.2      2.1      2.5      1.3 2020  5  6  2 15 26.660  0.00   1
   108570  40.504915 -124.491211    23.611   -21945.2    -5032.2     2183.8      1.6      2.6      3.7 2021  7 27  7 34 24.040  0.00   1
   108571  40.606881 -124.091357    17.792    11926.6     6290.6    -3634.8      7.9      6.6      4.1 2020  5  9 23 48 21.420  0.00   1
   108578  40.491732 -124.505884    15.509   -23190.7    -6496.2    -5918.7      1.6      1.6      1.8 2022  3 19 17 38 45.720  0.00   1
   108600  40.553040 -124.254525    24.648    -1889.4      311.8     3220.4      2.1      1.6      3.7 2020  8  8  3  7 36.200  0.00   1
   108601  40.547888 -124.260042    26.112    -2356.9     -260.3     4684.8      3.2      2.4      4.7 2021  7 18  8 37 44.140  0.00   1
   108604  40.549731 -124.250863    23.732    -1579.3      -55.6     2304.6      3.8      1.6      1.3 2022  6 14  4 29 40.760  0.00   1
   108605  40.551253 -124.243962    23.581     -994.7      113.4     2153.6      4.2      2.0      5.5 2022  6 29  2 18 33.580  0.00   1
   108609  40.530811 -124.348958    18.299    -9889.8    -2156.7    -3127.8      1.6      1.0      1.9 2020  5 21  5 49 36.720  0.00   1
   108610  40.530965 -124.349089    18.311    -9900.8    -2139.5    -3115.8      1.5      1.0      1.9 2020  5 21  6  0 18.060  0.00   1
   108611  40.537960 -124.349658    17.523    -9948.6    -1362.8    -3904.4      2.5      2.8      1.4 2020  5 21  5 49 32.040  0.00   1
   108616  40.532503 -124.432023    16.784   -16926.6    -1968.7    -4643.1      1.5      5.5      4.2 2020  5 27 17 28 46.460  0.00   1
   108617  40.520365 -124.376912    18.968   -12259.0    -3316.5    -2459.3      5.3      2.2      4.1 2021 12 21  9 14 12.320  0.00   1
   108618  40.522323 -124.412891    19.074   -15306.9    -3099.2    -2353.3      3.6      4.3      5.6 2020  5 29  3 10 10.980  0.00   1
   108624  40.528898 -124.337158    19.933    -8890.3    -2369.0    -1493.9      3.9      3.0      4.5 2020  6  1 23 58 17.820  0.00   1
   108625  40.525399 -124.319759    20.494    -7416.5    -2757.6     -933.6      3.5      4.0      5.0 2020  6 24  4 56 53.760  0.00   1
   108626  40.525415 -124.319670    20.578    -7408.9    -2755.8     -848.8      3.4      3.9      4.6 2020  6 25 13  0 35.620  0.00   1
   108655  40.575696 -124.179720    18.537     4446.0     2827.6    -2890.4      3.4      1.4      2.7 2021 10 12  3 27 25.740  0.00   1
   108724  40.620190 -123.933016    21.601    25330.7     7768.6      173.7      3.6      2.4      3.7 2020  6 14 11 45 45.620  0.00   1
   108732  40.601310 -123.918978    22.441    26522.9     5672.0     1013.6      3.3      2.2      4.0 2022 10 13 19 35 55.660  0.00   1
   108757  40.543042 -124.054932    19.828    15017.8     -798.4    -1599.4      1.2      1.1      1.0 2020  6 14 14 58 40.620  0.00   1
   108758  40.541243 -124.056763    19.860    14862.9     -998.1    -1567.1      1.8      1.5      1.9 2021  3  4 22 22 58.560  0.00   1
   108759  40.527983 -124.027759    20.894    17321.5    -2470.7     -533.7      2.5      1.7      2.8 2022  2 22 19 27 13.320  0.00   1
   108760  40.542037 -124.050513    19.879    15392.2     -910.0    -1548.3      3.0      2.1      1.9 2022  3 14  4  0 41.420  0.00   1
   108761  40.541890 -124.052523    19.887    15222.0     -926.3    -1540.6      1.8      2.1      2.0 2022  4  7 13 29 19.080  0.00   1
   108768  40.610461 -124.084058    18.581    12544.3     6688.2    -2846.7      0.9      0.4      1.0 2020 12 14 11 30 35.940  0.00   1
   108775  40.488700 -123.868262    20.724    30842.8    -6832.8     -702.9      1.8      2.0      2.2 2021  3 12  6 12 15.860  0.00   1
   108778  40.520365 -123.913021    20.929    27043.5    -3316.5     -497.8      2.5      2.0      2.4 2021 10  5  6 18 43.140  0.00   1
   108780  40.521049 -123.912044    20.775    27126.1    -3240.6     -652.4      2.6      2.3      2.6 2021 10  6 16 45 29.740  0.00   1
   108782  40.521163 -123.912378    20.785    27097.8    -3228.0     -642.3      2.9      2.9      2.5 2021 10  6 17 13 28.040  0.00   1
   108784  40.526701 -123.914429    20.863    26922.9    -2613.0     -563.8      3.0      3.6      3.0 2021 10  6 18 40 27.620  0.00   1
   108785  40.520158 -123.912557    20.819    27082.8    -3339.6     -608.3      2.6      2.4      2.6 2021 10  6 19 49 19.280  0.00   1
   108789  40.522266 -123.912394    21.246    27096.2    -3105.5     -181.4      2.3      2.1      2.6 2021 10  6 11 42 23.740  0.00   1
   108794  40.520890 -123.911833    20.785    27144.0    -3258.3     -641.8      2.6      2.4      2.5 2021 10  9 19 44 44.220  0.00   1
   108797  40.516854 -123.907406    21.496    27519.9    -3706.5       68.9      5.6      4.4      5.9 2021 10 10 14 55 46.020  0.00   1
   108839  40.502035 -124.436157    23.482   -17280.7    -5352.1     2054.4      3.6      2.9      2.9 2021  4  7 10 38 50.740  0.00   1
   108840  40.495817 -124.436694    23.655   -17327.0    -6042.5     2227.8      3.2      3.3      2.6 2021 11  7  2 42 54.760  0.00   1
   108860  40.633533 -123.930298    21.674    25558.3     9250.2      246.9      2.2      0.7      1.9 2020  7  8 15  4 51.000  0.00   1
   108864  40.610132 -123.887720    22.991    29167.7     6651.6     1564.2      3.6      2.0      2.9 2020  7 12  6 10  9.180  0.00   1
   108865  40.613123 -123.888696    23.470    29084.3     6983.7     2043.1      3.9      3.2      3.2 2021  7 25  9 12 32.240  0.00   1
   108866  40.612500 -123.889103    22.899    29050.0     6914.6     1472.0      3.7      3.4      2.5 2022  9 20 20 35 29.800  0.00   1
   108897  40.601725 -124.120898    17.161     9425.7     5718.1    -4266.1      4.7      3.9      4.8 2020  7 21  9 58 36.880  0.00   1
   108901  40.603003 -124.099520    18.361    11235.8     5860.0    -3065.8      7.2      2.3      3.8 2020  7 28 10 54 20.520  0.00   1
   108918  40.646370 -124.023177    18.452    17694.1    10675.7    -2975.4      2.4      1.3      2.8 2020  8 14  7 59 14.720  0.00   1
   108919  40.645182 -124.017749    18.912    18153.8    10543.8    -2515.4      2.5      2.5      2.5 2020  8 14  7 29 17.360  0.00   1
   108921  40.645337 -124.023031    18.274    17706.7    10561.0    -3153.0      1.5      1.7      1.8 2021 11 16 18 50  1.700  0.00   1
   108922  40.593848 -124.118286    19.487     9647.5     4843.3    -1940.4      5.7      2.1      2.6 2020  8 17 22 44  9.820  0.00   1
   108923  40.593087 -124.118335    19.635     9643.4     4758.8    -1792.0      3.9      1.7      1.9 2020  8 17 22 37  2.940  0.00   1
   108925  40.604614 -124.104769    20.602    10791.2     6038.9     -825.3      4.0      2.1      2.8 2021  6 29  5 32 28.020  0.00   1
   108926  40.597807 -124.119987    20.635     9503.2     5283.0     -792.3      2.6      1.3      2.1 2021  9  2  7  3 32.740  0.00   1
   108956  40.536418 -124.241683    19.159     -801.8    -1534.0    -2268.7      1.6      2.5      4.2 2020  8 19  9 20 36.680  0.00   1
   108957  40.530037 -124.250293    18.948    -1531.2    -2242.5    -2479.5      2.7      2.8      3.6 2021  7 30  7  1 16.480  0.00   1
   108959  40.533854 -124.245817    18.969    -1152.0    -1818.7    -2458.5      1.9      2.0      2.2 2022  9 20 20 46 19.020  0.00   1
   108974  40.609599 -124.213273    24.339     1604.0     6592.4     2912.1      2.8      1.8      4.3 2021  6  2  8  1  4.060  0.00   1
   108976  40.604317 -124.245085    23.460    -1089.4     6005.9     2033.1      2.5      2.2      2.8 2021  8  2  1 42 32.520  0.00   1
   108977  40.621777 -124.214372    25.644     1510.9     7944.8     4216.3      6.9      1.1      3.5 2021  9 27 13 54 30.160  0.00   1
   108978  40.608903 -124.222998    25.229      780.7     6515.2     3801.5      2.0      1.4      3.4 2021 11 19  5 14  6.980  0.00   1
   108988  40.602645 -124.059351    22.917    14637.0     5820.2     1489.7      3.1      1.3      1.6 2021  9 19  2 30 15.040  0.00   1
   108995  40.562671 -123.934692    22.173    25199.5     1381.3      745.7      1.5      1.7      2.2 2020  9  7  3  4 36.280  0.00   1
   108998  40.564225 -123.932788    21.539    25360.5     1553.9      111.6      3.9      3.9      3.2 2020 11 23  2 17 29.880  0.00   1
   108999  40.563094 -123.947664    21.589    24100.7     1428.3      161.4      5.9      3.1      4.3 2020 11 23  2 27  1.080  0.00   1
   109001  40.563814 -123.934172    21.915    25243.4     1508.3      487.4      2.2      1.5      2.1 2021  4 25  2 44 15.560  0.00   1
   109003  40.544568 -123.911605    23.148    27158.6     -629.0     1721.1      3.2      3.6      4.4 2021  9 25  7 21 32.760  0.00   1
   109005  40.563900 -123.934310    22.010    25231.7     1517.7      582.7      1.7      2.1      3.1 2022  1 19 16 50 43.900  0.00   1
   109006  40.565210 -123.933252    22.045    25321.0     1663.2      617.5      1.7      2.8      2.9 2022  1 23  4 17 44.580  0.00   1
   109007  40.560730 -123.930526    22.175    25552.8     1165.8      747.3      3.5      3.0      3.5 2022  1 23 13 55 42.740  0.00   1
   109008  40.561845 -123.934814    23.196    25189.3     1289.6     1769.3      2.3      2.5      6.9 2022  5 17 14 52 29.660  0.00   1
   109027  40.521606 -123.897778    20.004    28334.6    -3178.7    -1423.1      2.3      2.7      3.3 2020  9 12  9 10  3.360  0.00   1
   109029  40.528101 -123.900000    23.495    28145.0    -2457.6     2068.1      3.1      4.7      3.4 2021 10 21 16 23 18.500  0.00   1
   109031  40.526815 -123.904476    20.142    27766.1    -2600.4    -1285.1      3.6      4.2      3.5 2022  9 21 22  2  0.300  0.00   1
   109034  40.606571 -123.920638    25.083    26381.3     6256.2     3655.9      3.4      2.9      3.9 2021 10 16  0 56 17.260  0.00   1
   109035  40.605965 -123.916659    24.955    26718.3     6188.9     3528.2      1.8      1.6      2.9 2022  4  7  7 43 59.660  0.00   1
   109037  40.599080 -124.116886    18.500     9765.6     5424.4    -2927.5      0.7      1.4      1.6 2021  8 28 10 22 15.280  0.00   1
   109040  40.535413 -124.046297    19.969    15750.1    -1645.6    -1458.7      2.5      1.4      1.0 2021  5  4 20 49 28.940  0.00   1
   109042  40.536820 -124.050830    19.758    15365.9    -1489.3    -1669.5      1.6      1.2      1.2 2021 12 10 18 19  3.380  0.00   1
   109047  40.661450 -123.886117    28.590    29292.2    12350.3     7163.2      5.2      4.3      7.6 2022  7  7 10 16 42.560  0.00   1
   109051  40.588737 -124.075171    22.191    13298.8     4275.8      763.8      4.1      3.5      4.0 2022 10 22  1 32  8.620  0.00   1
   109052  40.612476 -124.076066    17.817    13220.7     6911.9    -3610.6      4.4      1.9      3.3 2020  9 18  1 49 50.060  0.00   1
   109054  40.622420 -124.062655    17.903    14355.1     8016.2    -3524.3      2.6      1.3      2.1 2021  8  3  7 25 29.060  0.00   1
   109057  40.620040 -124.078125    17.356    13045.7     7751.8    -4071.5      2.1      1.2      1.7 2021 11  1 20 23 11.500  0.00   1
   109058  40.618819 -124.078385    17.903    13023.7     7616.3    -3524.6      1.4      0.6      2.0 2022  7  2 18 54 53.920  0.00   1
   109059  40.618892 -124.078784    17.862    12990.0     7624.4    -3565.7      1.7      0.9      2.1 2022  7  5 10 26 16.440  0.00   1
   109060  40.609583 -124.079419    18.532    12937.1     6590.6    -2895.5      2.1      1.2      2.2 2022  9 22  5 20 24.860  0.00   1
   109079  40.591313 -124.325732    21.181    -7918.7     4561.8     -246.5      2.3      2.0      2.7 2020  9 24  1 37  2.540  0.00   1
   109081  40.592753 -124.325049    21.388    -7860.7     4721.8      -39.3      1.2      1.4      1.3 2021  8  3  7 28  1.280  0.00   1
   109082  40.592338 -124.323633    21.409    -7740.8     4675.7      -18.7      2.0      1.5      1.6 2021  8  3  7 28 11.760  0.00   1
   109083  40.591809 -124.326074    21.463    -7947.6     4617.0       35.3      2.2      2.2      3.7 2022  3 18 23 22 52.560  0.00   1
   109086  40.615894 -124.093734    19.815    11724.6     7291.4    -1611.6      3.2      2.4      2.8 2020  9 29 20 57 21.240  0.00   1
   109088  40.592090 -124.102946    23.020    10946.6     4648.1     1592.3      0.9      1.2      2.9 2021  8  2  6  3 50.240  0.00   1
   109099  40.523686 -124.381519    17.032   -12648.9    -2947.8    -4395.5      8.0      4.3     10.5 2022 11  3 21 25 34.920  0.00   1
   109112  40.572408 -123.940609    20.504    24696.6     2462.6     -922.9      2.7      1.6      3.1 2020 11 28  4 46 13.820  0.00   1
   109120  40.561743 -123.923201    22.032    26172.9     1278.3      604.5      3.5      5.1      4.9 2021 10  7 15 37 20.960  0.00   1
   109123  40.558325 -123.928760    22.273    25702.8      898.7      846.0      2.6      4.7      8.5 2021 10  7 10 58 29.020  0.00   1
   109127  40.561344 -123.924219    22.240    26086.8     1234.0      812.4      3.1      5.8      9.6 2021 10  9 15  2 48.760  0.00   1
   109129  40.529700 -124.431226    21.198   -16859.4    -2280.0     -229.2      2.3      3.1      3.2 2020 10 11 16 54  4.900  0.00   1
   109133  40.638538 -124.029606    18.489    17151.0     9805.9    -2937.8      1.9      1.4      2.6 2020 10 20  3 57  2.000  0.00   1
   109186  40.669279 -123.913175    23.139    27000.5    13219.6     1711.7      2.7      2.7      3.0 2020 11 10  7 29 44.140  0.00   1
   109189  40.673051 -123.888818    21.824    29061.1    13638.5      397.0      3.1      2.0      3.2 2021  5 13  9 32 24.180  0.00   1
   109190  40.663810 -123.886532    22.795    29256.6    12612.3     1367.6      3.7      1.8      2.0 2022  6 25  8 45  6.260  0.00   1
   109416  40.597603 -123.969572    22.181    22239.5     5260.4      753.4      3.0      2.6      2.6 2020 11 28  4 41 25.020  0.00   1
   109417  40.597526 -123.969775    22.113    22222.3     5251.8      685.3      2.9      2.4      2.6 2020 11 28  4 28 30.560  0.00   1
   109418  40.598857 -123.973096    22.472    21941.0     5399.5     1044.8      2.4      1.7      2.5 2021  3 28 11 21 31.120  0.00   1
   109420  40.600557 -123.916724    21.952    26713.9     5588.4      524.7      3.1      2.4      4.5 2020 12  7 19  3 16.040  0.00   1
   109421  40.604301 -123.915137    22.029    26847.5     6004.1      602.0      3.2      2.3      4.3 2020 12  7 19  5 36.340  0.00   1
   109427  40.594572 -123.904541    25.621    27746.6     4923.8     4194.1      3.2      3.1      2.8 2020 11 29  9 45 15.600  0.00   1
   109428  40.594275 -123.898486    26.057    28259.4     4890.8     4629.3      2.3      5.7      2.6 2021  1 19 12 58 57.580  0.00   1
   109430  40.591292 -123.913192    26.071    27014.8     4559.6     4643.8      3.8      2.6      3.2 2022  3 18  0  7 21.100  0.00   1
   109436  40.605684 -124.098714    15.499    11303.8     6157.7    -5928.6      0.7      0.6      0.5 2020 12  1 11 36 42.680  0.00   1
   109448  40.553369 -124.014608    21.833    18432.2      348.4      405.8      4.4      2.6      4.0 2022  1 19 22 27 40.720  0.00   1
   109451  40.565096 -124.012077    22.460    18644.9     1650.6     1033.0      4.9      2.4      5.0 2022  6  9  2 12 47.440  0.00   1
   109453  40.566044 -124.022502    22.640    17761.9     1755.9     1213.2      3.6      3.5      3.8 2022 11 22  5  9 14.600  0.00   1
   109457  40.590320 -124.183797    21.310     4100.3     4451.6     -117.5      4.2      2.7      3.3 2022 11 20 16 58  8.260  0.00   1
   109458  40.552291 -123.889494    22.159    29029.9      228.6      731.4      1.6      1.3      0.6 2020 12 19 19 50 56.380  0.00   1
   109460  40.597555 -124.205249    25.127     2283.6     5255.0     3700.0      2.0      1.8      1.8 2021  2 11 13 50 26.620  0.00   1
   109461  40.601282 -124.105387    16.491    10739.1     5668.8    -4936.4      2.1      2.0      1.7 2021  1  4  6 14 34.600  0.00   1
   109483  40.497555 -124.464673    23.059   -19697.6    -5849.6     1632.1      2.6      3.5      2.7 2021  1 13 19 34 16.280  0.00   1
   109484  40.519120 -124.467155    23.899   -19904.8    -3454.8     2471.3      1.2      1.7      1.2 2021  2 12 14 58  6.120  0.00   1
   109485  40.512077 -124.451978    25.175   -18619.9    -4236.9     3747.6      1.9      2.0      3.4 2022  6  3  7 37 13.740  0.00   1
   109491  40.554744 -124.057576    23.024    14792.5      501.1     1597.2      4.0      4.0      4.2 2022 11 12 22 18 21.100  0.00   1
   109493  40.576400 -124.210872    19.570     1807.8     2905.8    -1857.0      3.2      0.8      1.2 2021 12 30 20 43 22.380  0.00   1
   109498  40.573625 -124.146989    21.846     7218.1     2597.7      418.5      1.0      0.7      0.7 2022  3 29  0 35 16.680  0.00   1
   109534  40.643111 -123.999284    18.478    19717.0    10313.8    -2948.8      1.0      1.0      1.3 2021  3  6  9 15 31.140  0.00   1
   109535  40.652368 -124.010832    18.578    18738.3    11341.8    -2848.9      1.7      1.4      2.0 2021  3  6  9 16 35.960  0.00   1
   109542  40.537785 -123.905607    22.824    27668.0    -1382.2     1396.8      2.7      2.8      2.8 2021  3 19 20 18 50.400  0.00   1
   109543  40.542627 -123.906226    22.881    27614.6     -844.5     1454.1      3.0      2.0      2.6 2021  7 28 11 59  6.040  0.00   1
   109544  40.542204 -123.910872    22.686    27221.1     -891.5     1259.1      3.0      2.7      2.6 2021 11  2 15 33 30.400  0.00   1
   109546  40.541309 -123.912874    22.808    27051.7     -990.9     1380.4      1.9      1.7      4.5 2022  2  8 20 52 37.700  0.00   1
   109547  40.536845 -123.910042    23.444    27292.5    -1486.6     2017.2      3.4      3.5      6.1 2022  5 16 12 51  7.720  0.00   1
   109550  40.569023 -123.971924    23.469    22045.1     2086.6     2042.0      2.4      2.1      2.5 2021 10 14 12 55 59.780  0.00   1
   109551  40.553613 -123.976017    23.776    21700.9      375.5     2348.3      3.2      2.5      3.2 2021 10 18 11 26 36.900  0.00   1
   109560  40.577547 -124.422127    23.101   -16082.9     3033.2     1674.0      3.5      4.0      4.1 2021  4 22 19 58  9.520  0.00   1
   109562  40.573124 -124.415503    23.648   -15522.4     2542.1     2220.7      3.1      3.7      3.8 2021 10  1 17 28 56.900  0.00   1
   109563  40.573169 -124.414925    23.246   -15473.5     2547.0     1818.5      3.0      2.5      2.8 2022  6  6  8 33 56.500  0.00   1
   109585  40.702384 -123.972347    21.467    21987.5    16895.8       39.9      2.1      1.4      1.0 2021 12  9  6 38 26.640  0.00   1
   109586  40.609782 -123.803451    27.399    36302.6     6612.7     5972.0      2.6      2.3      3.9 2021  4 25 12  4 20.500  0.00   1
   109587  40.511255 -124.437118    18.791   -17360.9    -4328.2    -2636.1      2.2      4.0      5.0 2021  4 26 14 34  7.560  0.00   1
   109588  40.532597 -124.392855    21.174   -13608.4    -1958.3     -253.7      5.6      7.4      9.3 2021  4 30  5 48 15.420  0.00   1
   109590  40.599784 -124.005412    22.834    19204.5     5502.6     1407.2      3.9      2.8      1.8 2021  5  1  6 40  3.120  0.00   1
   109592  40.567757 -124.017261    22.155    18205.5     1946.1      728.2      1.9      1.2      2.1 2022  3 10 22 12 16.660  0.00   1
   109593  40.587415 -124.203434    23.345     2437.5     4129.0     1917.7      9.6      2.5      3.7 2021  5 25 13 41 14.420  0.00   1
   109638  40.582446 -123.954248    24.620    23539.7     3577.3     3193.2      1.1      0.9      0.8 2021  6  5 11 28 29.860  0.00   1
   109639  40.573604 -123.959001    24.132    23138.8     2595.4     2704.6      1.0      0.5      0.8 2022  2 26  5 28  3.880  0.00   1
   109640  40.541789 -123.964152    21.850    22707.9     -937.6      423.0      5.9      4.7      6.6 2021  6 14 23  5 14.620  0.00   1
   109641  40.545142 -123.968717    21.696    22320.6     -565.3      268.3      4.4      1.9      5.4 2021  6 15  4  8 20.200  0.00   1
   109643  40.536434 -123.967025    21.677    22465.4    -1532.2      250.0      4.4      4.9      4.8 2021  6 15  2 15 10.680  0.00   1
   109645  40.551742 -123.973348    20.661    21927.3      167.6     -766.3      2.6      3.3      3.3 2021  9 21 16 59  7.260  0.00   1
   109646  40.553414 -123.969816    20.685    22226.1      353.3     -742.0      3.4      3.8      4.8 2022  8 19 22 15 53.220  0.00   1
   109647  40.551473 -123.972542    20.956    21995.5      137.8     -471.7      3.3      3.0      3.2 2022  9 26 14 46 33.600  0.00   1
   109649  40.484269 -124.509554    17.314   -23503.1    -7324.9    -4113.1      2.6      3.5      5.0 2022  9 18  8 29  6.480  0.00   1
   109653  40.599430 -124.324626    21.365    -7824.5     5463.3      -62.4      3.4      2.2      5.2 2021  6 26 23 51 53.520  0.00   1
   109656  40.606421 -124.316243    20.290    -7114.3     6239.5    -1136.9      3.5      1.0      4.0 2021  7  7 21  8 20.520  0.00   1
   109661  40.598637 -124.329858    20.770    -8267.6     5375.1     -657.7      2.5      2.0      4.6 2022 11 27 17  4 31.920  0.00   1
   109701  40.533582 -124.351489    18.118   -10104.0    -1848.9    -3309.4      2.7      1.5      3.0 2021  7  9 20  8 44.560  0.00   1
   109707  40.705794 -123.935067    23.065    25141.1    17274.5     1637.4      4.0      4.4      6.7 2021  7 21  1 57 33.440  0.00   1
   109708  40.707975 -123.942920    22.312    24476.2    17516.7      885.1      6.2      2.7      6.9 2022  8 13 12 33 41.180  0.00   1
   109709  40.707650 -123.941219    22.283    24620.2    17480.5      856.0      7.9      3.4      9.3 2022  8 13 13  7 15.920  0.00   1
   109710  40.478422 -124.402067    20.126   -14394.6    -7974.2    -1300.9      1.8      1.7      3.5 2021  7 21  6 27  7.140  0.00   1
   109714  40.514950 -124.434391    17.636   -17129.4    -3917.9    -3791.4      1.0      1.5      1.6 2021  7 22  8 29 59.260  0.00   1
   109718  40.505477 -124.448641    18.211   -18338.1    -4969.8    -3216.7      1.7      1.2      4.6 2022  4  3 19 26 32.500  0.00   1
   109728  40.639661 -123.914054    21.346    26932.1     9930.6      -80.9      1.9      1.1      1.1 2021 10 28 17 29 28.460  0.00   1
   109729  40.640259 -123.916040    21.319    26763.9     9997.1     -108.1      2.7      1.1      1.2 2021 10 28 20 25 38.640  0.00   1
   109732  40.501363 -124.463460    18.344   -19594.3    -5426.7    -3082.9      4.0      4.3      4.0 2021  8  5  5 11 35.000  0.00   1
   109733  40.503585 -124.455819    23.194   -18946.5    -5179.9     1767.1      3.0      3.7      5.3 2021 12 18  9  2 20.600  0.00   1
   109734  40.502157 -124.456746    21.672   -19025.3    -5338.5      244.9      3.6      4.7      4.3 2021 12 21 16 46 40.580  0.00   1
   109740  40.519873 -124.356283    28.114   -10511.2    -3371.2     6687.2      1.9      2.0      1.2 2021 12 25  9  3 58.480  0.00   1
   109741  40.543075 -124.369816    23.716   -11655.8     -794.8     2288.6      2.1      1.7      1.5 2022  8 24 18 28  5.620  0.00   1
   109742  40.635860 -124.042293    19.638    16077.3     9508.6    -1789.1      2.8      2.2      3.2 2021  8 23  5 51 36.160  0.00   1
   109744  40.541683 -123.780404    21.860    38273.2     -949.3      432.4      2.2      3.8      2.3 2021  8 29 12 47 11.520  0.00   1
   109745  40.545166 -123.795402    23.012    37001.7     -562.5     1584.3      2.3      4.2      4.7 2022  1  7 12 47 18.900  0.00   1
   109758  40.549329 -124.225293    17.802      586.6     -100.3    -3625.2      0.6      0.6      0.9 2021  9 12 22 48 15.460  0.00   1
   109773  40.508691 -124.412622    20.542   -15285.7    -4612.9     -885.3      2.0      2.9      4.4 2021 12 23 10 30 50.600  0.00   1
   109775  40.575081 -124.219881    19.868     1044.8     2759.4    -1559.6      1.6      1.3      2.5 2021  9 23 19 33 34.900  0.00   1
   109779  40.525928 -124.327620    19.255    -8082.4    -2698.9    -2171.8     10.0      4.0      5.5 2021  9 30  4 43 34.000  0.00   1
   109788  40.516130 -123.885400    21.846    29384.5    -3786.9      418.8      3.4      3.6      6.3 2021 10  7  4 45 50.940  0.00   1
   109789  40.508476 -123.875334    21.756    30239.1    -4636.8      329.2      1.4      2.3      4.5 2021 10  7  5 44  8.100  0.00   1
   109791  40.509265 -123.876709    21.510    30122.4    -4549.2       82.8      1.7      3.3      3.1 2021 10  9 15 14 13.920  0.00   1
   109792  40.511418 -123.878328    21.652    29984.7    -4310.1      225.1      1.6      3.1      1.8 2021 10  9 14 51  7.940  0.00   1
   109793  40.515719 -123.880876    21.648    29767.9    -3832.5      221.1      3.1      2.0      1.8 2021 10  9 19 19 22.180  0.00   1
   109794  40.511320 -123.876432    21.517    30145.4    -4321.0       90.2      1.4      1.7      1.8 2021 10 16 14 55 23.500  0.00   1
   109795  40.515470 -123.880762    21.634    29777.6    -3860.1      206.9      2.3      1.9      1.8 2021 11  4 10 59  4.180  0.00   1
   109796  40.514962 -123.878874    21.554    29937.7    -3916.6      126.7      2.1      1.8      1.9 2021 11  7  7 51 35.860  0.00   1
   109801  40.546590 -123.847518    23.680    32586.8     -404.4     2252.5      0.9      1.4      3.1 2022  1 31 19 52 42.840  0.00   1
   109836  40.613859 -124.122616    19.004     9279.5     7065.5    -2423.6      8.6      3.1      2.9 2021 10 22 21  9 45.260  0.00   1
   109837  40.609123 -124.076766    20.810    13161.8     6539.6     -617.4      1.6      2.3      2.2 2021 10 31 13 10  3.600  0.00   1
   109838  40.550248 -123.953996    22.850    23566.7        1.8     1423.1      1.7      1.5      1.6 2021 11  3 19 22 52.340  0.00   1
   109846  40.598926 -124.048625    17.593    15545.6     5407.2    -3834.4      3.3      1.9      3.7 2021 11 25 17 56 31.760  0.00   1
   109849  40.605554 -124.306527    20.736    -6291.7     6143.3     -691.1      1.3      0.7      2.0 2021 11 29  9 17 10.340  0.00   1
   109852  40.523694 -124.432788    19.634   -16992.5    -2946.9    -1793.6      0.9      0.7      2.0 2022  1 18 10 25 37.780  0.00   1
   110087  40.590686 -124.203825    20.613     2404.3     4492.2     -814.4      3.9      3.0      3.2 2021 12 11 10 51 42.420  0.00   1
   110088  40.539583 -124.325667    18.135    -7916.2    -1182.5    -3292.2      4.6      2.8      5.1 2021 12 20 23 40 19.580  0.00   1
   110091  40.539909 -124.324032    18.082    -7777.6    -1146.3    -3345.6      4.9      2.0      5.2 2022  8 22 11 46 57.980  0.00   1
   110092  40.543005 -124.303548    18.388    -6042.3     -802.5    -3039.2      6.7      2.0      4.6 2022  8 22 11 19 44.520  0.00   1
   110093  40.542440 -124.328410    18.435    -8148.3     -865.3    -2992.1      7.2      2.7      7.4 2021 12 20 21 17 43.440  0.00   1
   110095  40.547437 -124.299870    18.602    -5730.5     -310.4    -2825.2      7.8      2.7      7.4 2022  7 14  2 59 53.060  0.00   1
   110120  40.519409 -124.416195    20.645   -15587.2    -3422.7     -782.5      2.6      2.6      3.5 2021 12 20 20 29 25.860  0.00   1
   110127  40.577458 -124.208643    17.268     1996.6     3023.3    -4159.7      3.0      0.7      2.9 2021 12 20 20 15 20.340  0.00   1
   110129  40.516130 -124.446053    17.740   -18117.3    -3786.9    -3687.1      1.6      1.5      2.7 2021 12 20 22 57 59.980  0.00   1
   110153  40.494507 -124.333358    21.082    -8570.5    -6188.0     -345.1      3.9      5.2      4.0 2021 12 21  3 28 34.100  0.00   1
   110154  40.502295 -124.333838    18.498    -8610.7    -5323.2    -2929.5      2.0      2.1      3.8 2021 12 23  6 55 41.480  0.00   1
   110156  40.510347 -124.318457    19.351    -7307.0    -4429.0    -2076.1      3.1      2.6      4.6 2021 12 23  4 51 44.220  0.00   1
   110160  40.523401 -124.414844    18.303   -15472.3    -2979.5    -3124.2      2.9      2.2      4.2 2021 12 21 19 30 31.800  0.00   1
   110168  40.578691 -124.162337    19.311     5918.0     3160.2    -2116.0      8.1      3.2      5.5 2021 12 21  2 44 44.640  0.00   1
   110179  40.545455 -124.349699    23.783    -9951.5     -530.5     2355.7      4.2      4.0      4.3 2022  3 20  6 57 16.680  0.00   1
   110181  40.497282 -124.450073    17.699   -18460.5    -5879.9    -3728.6      4.1      5.7      4.4 2021 12 25 16 54 33.700  0.00   1
   110183  40.595837 -124.109342    17.827    10404.6     5064.3    -3599.8      1.4      1.1      2.0 2021 12 26 16  2 15.940  0.00   1
   110184  40.587756 -123.989518    20.525    20552.1     4166.9     -902.2      3.3      3.6      3.3 2021 12 27  8 53  5.400  0.00   1
   110185  40.574943 -123.988672    20.937    20625.7     2744.1     -490.0      2.0      2.1      2.1 2022  5 28  7 57  1.360  0.00   1
   110186  40.574959 -124.208350    18.915     2021.4     2745.9    -2512.3      4.6      1.1      0.9 2021 12 28  6 35 41.580  0.00   1
   110187  40.574577 -124.201196    18.600     2627.2     2703.4    -2826.9      3.6      1.0      2.7 2021 12 31 13 31 14.620  0.00   1
   110188  40.574638 -124.201392    18.624     2610.7     2710.2    -2803.0      3.6      1.0      2.7 2022  1  1 22 14 38.120  0.00   1
   110189  40.574561 -124.201115    18.588     2634.1     2701.6    -2838.8      3.6      1.0      2.7 2022  1  2 11 16 33.460  0.00   1
   110191  40.574223 -124.195166    18.327     3137.9     2664.1    -3100.2      3.8      1.2      2.6 2022  9  1 20 43  2.920  0.00   1
   110199  40.509623 -124.400236    22.250   -14236.1    -4509.4      822.4      8.4      7.5      8.4 2021 12 31 17  2 13.380  0.00   1
   110209  40.596737 -124.100057    24.699    11190.8     5164.1     3271.5      1.7      2.1      1.9 2022  4  2 19 46 56.000  0.00   1
   110211  40.515755 -124.443115    18.092   -17868.5    -3828.5    -3335.5      0.4      0.6      1.2 2022  4  3 10 39 47.080  0.00   1
   110231  40.516264 -124.437549    18.948   -17396.8    -3772.0    -2479.2      1.1      1.3      1.9 2022  5 14 20  9 30.640  0.00   1
   110234  40.534159 -124.243400    20.062     -947.2    -1784.8    -1365.7      1.8      1.5      2.3 2022  5 25  9 25 42.220  0.00   1
   110250  40.520589 -124.407243    21.412   -14828.6    -3291.7      -15.6      2.5      2.7      2.9 2022  7  2 10 23 23.100  0.00   1
   110253  40.594784 -124.113558    18.602    10047.8     4947.2    -2825.7      1.0      1.3      1.2 2022  7 20  6 28 50.580  0.00   1
   110254  40.595308 -124.113460    18.386    10056.0     5005.5    -3041.4      1.2      0.8      1.6 2022  8  9  7 59 33.060  0.00   1
   110255  40.598466 -124.116886    17.636     9765.7     5356.2    -3791.6      1.2      1.5      2.2 2022  8  9  8  9 40.340  0.00   1
   110266  40.537655 -124.332259    18.726    -8474.7    -1396.7    -2701.6      1.9      1.9      2.9 2022  8 30  6 25 35.480  0.00   1
   110273  40.649703 -124.012402    19.916    18605.7    11045.8    -1511.4      3.5      2.4      3.9 2022 10 28 12 43 42.000  0.00   1
   110274  40.519324 -124.436979    19.171   -17348.1    -3432.2    -2256.7      1.5      2.1      4.0 2022 10 29 20 38 50.780  0.00   1
   110275  40.515466 -124.434928    20.134   -17174.9    -3860.6    -1293.0      2.6      3.4      5.0 2022 10 30  3 34  2.660  0.00   1
   110276  40.518827 -124.438070    19.415   -17440.6    -3487.3    -2012.2      2.0      2.0      2.7 2022 11 12 10 31 42.840  0.00   1
   110279  40.517045 -124.433691    19.622   -17069.9    -3685.2    -1805.5      2.1      1.1      3.0 2022 11  2 16 39 30.260  0.00   1
   110282  40.525643 -124.416919    19.628   -15647.8    -2730.5    -1799.2      4.6      2.9      6.2 2022 11 15 17 48 18.560  0.00   1
   110296  40.581991 -123.985832    20.558    20865.2     3526.6     -869.3      1.8      0.8      1.8 2022 12 22  3  8  5.860  0.87   1
   110298  40.535042 -124.273210    11.694    -3472.5    -1686.7    -9732.9      1.3      0.7      0.9 2023  1 17 13 54 45.520  1.24   1
   110302  40.566667 -124.129663    21.951     8685.8     1825.0      523.7      1.7      1.4      2.0 2022 12 24  0 35 18.890  0.89   1
   110303  40.488066 -124.498486    24.463   -22564.5    -6903.3     3036.1      2.3      1.9      4.5 2022 12 20 12 25 25.380  2.43   1
   110305  40.435079 -124.601937    23.376   -31343.5   -12787.2     1948.9      1.1      1.5      2.0 2023  4  2 11 44 21.610  2.51   1
   110307  40.528760 -124.416577    23.090   -15618.5    -2384.4     1663.1      2.4      2.4      3.0 2023  3  9  9 11 18.070  1.00   1
   110308  40.577629 -123.877596    22.379    30032.0     3042.3      951.6      1.2      1.1      0.7 2022 12 21 19 21 21.160  1.21   1
   110311  40.539726 -124.494564    23.967   -22223.6    -1166.7     2539.9      1.0      0.9      0.9 2023  2  6  9 53 42.140  2.82   1
   110326  40.577356 -124.244043    20.063    -1001.4     3012.0    -1363.9      2.8      1.5      4.1 2023  4 26 22 23  7.880  0.79   1
   110327  40.620927 -123.948796    21.481    23994.6     7850.4       53.5      0.8      1.0      1.2 2022 12 21  8 59 40.650  1.14   1
   110330  40.585486 -123.915641    25.763    26808.5     3914.8     4336.1      1.3      0.6      2.3 2023  5 27  2 45 49.750  0.87   1
   110334  40.620426 -124.313737    20.642    -6901.4     7794.8     -785.6      0.9      0.7      3.4 2023  2 22  6 20 25.080  1.45   1
   110341  40.562577 -124.132259    22.476     8466.2     1370.9     1048.7      0.7      0.4      0.6 2023  1  5 14 47  6.170  2.14   1
   110346  40.538562 -123.890658    23.113    28934.3    -1295.9     1685.9      3.1      2.5      1.9 2023  5 28  1 45 53.620  1.36   1
   110354  40.509965 -124.421444    24.207   -16033.0    -4471.5     2780.1      2.0      1.8      3.6 2023  4 14  1 57  6.610  1.17   1
   110355  40.518449 -124.492244    15.874   -22030.6    -3529.4    -5553.3      1.2      1.6      4.0 2023  2 16 22 15  2.800  1.44   1
   110359  40.750285 -123.978532    21.635    21456.5    22215.0      207.3      4.4      2.3      3.0 2022 12 22  4 53 56.390  0.79   1
   110365  40.528097 -124.233960    17.743     -147.5    -2458.0    -3684.1      1.7      1.1      1.6 2022 12 20 12 37 22.690  1.44   1
   110367  40.551432 -123.974422    21.375    21836.3      133.3      -52.6      1.0      0.7      0.8 2022 12 25  1 20 33.690  1.82   1
   110368  40.607833 -123.980379    21.900    21322.8     6396.3      472.5      2.3      1.7      2.1 2023  2 14  3 52  7.700  1.37   1
   110370  40.693766 -123.894613    22.086    28566.3    15938.8      658.4      4.9      4.1      7.5 2022 12 21  4 44 13.820  1.30   1
   110374  40.752372 -123.868384    20.819    30772.2    22446.7     -608.6      2.5      1.9      3.9 2022 12 22  4 46 28.990  1.00   1
   110378  40.591195 -124.049829    22.197    15444.5     4548.7      769.6      3.0      2.0      3.5 2022 12 21 18 52 28.640  1.06   1
   110379  40.518819 -124.422119    18.189   -16089.2    -3488.2    -3238.3      1.4      2.3      3.1 2022 12 22  9 21 28.530  1.40   1
   110382  40.542782 -124.064054    19.381    14245.0     -827.3    -2045.8      2.3      1.2      1.5 2022 12 26  5 31 21.180  1.08   1
   110385  40.593433 -124.085929    19.230    12387.4     4797.2    -2196.9      0.8      0.9      1.1 2022 12 23  0 19 22.520  0.90   1
   110387  40.533683 -124.383032    25.075   -12776.2    -1837.7     3647.3      3.2      4.1      3.7 2023  1 28 23 56 58.200  3.85   1
   110388  40.508952 -124.448185    14.812   -18299.0    -4584.0    -6614.9      1.6      1.3      3.7 2022 12 31 10 20 40.360  1.04   1
   110390  40.640194 -123.988501    25.970    20630.2     9989.8     4542.6      1.1      0.7      1.0 2023  1 17  5 14  2.510  1.84   1
   110391  40.589404 -124.196208    22.070     3049.4     4349.9      643.0      3.1      1.7      5.7 2022 12 23  0 35 44.600  1.56   1
   110392  40.513403 -124.424333    17.765   -16277.4    -4089.6    -3662.3      2.9      2.3      2.9 2023  1  1 12 19 44.130  1.25   1
   110395  40.554980 -124.216260    16.802     1351.7      527.3    -4625.0      0.7      1.2      2.2 2022 12 20 23 19 53.720  1.40   1
   110396  40.537069 -124.261442    18.201    -2475.6    -1461.7    -3226.7      2.1      2.7      1.7 2022 12 24 20  6  9.180  0.83   1
   110399  40.530009 -124.410254    17.902   -15082.7    -2245.7    -3525.4      4.2      4.2      6.2 2022 12 20 10 44 46.730  2.70   1
   110400  40.563757 -124.048193    23.475    15586.2     1501.9     2047.5      4.5      3.6      5.7 2022 12 25  4 33 20.570  0.83   1
   110404  40.561047 -124.016113    21.940    18303.6     1201.0      512.9      2.7      1.9      2.8 2022 12 27  0 23 33.800  1.12   1
   110406  40.593087 -124.107552    19.644    10556.5     4758.8    -1783.5      1.4      1.3      1.8 2023  1 11  3 23 18.830  1.45   1
   110408  40.610510 -123.847624    27.547    32562.4     6693.6     6119.4      1.6      1.0      1.1 2023  2 12 20 12 15.900  2.47   1
   110409  40.518840 -124.417342    19.936   -15684.5    -3486.0    -1491.7      2.8      2.3      3.3 2022 12 21 22  8 58.660  1.39   1
   110412  40.573722 -124.074447    19.667    13361.7     2608.5    -1760.2      1.2      1.1      0.9 2022 12 26  7 30 25.960  0.98   1
   110417  40.551575 -123.976213    21.453    21684.6      149.1       25.8      1.2      1.8      1.5 2022 12 24 12 43  0.520  1.06   1
   110422  40.621509 -124.304150    19.974    -6089.7     7915.0    -1452.7      1.9      1.4      2.1 2022 12 29 13 40 18.010  1.27   1
   110423  40.504513 -124.335384    18.709    -8741.6    -5076.9    -2718.2      1.8      1.7      1.8 2023  2 17 12 38 36.270  0.88   1
   110429  40.593262 -124.013786    22.440    18496.3     4778.3     1013.0      1.9      1.3      2.2 2022 12 22  9 28 37.970  0.68   1
   110431  40.600997 -124.107861    23.077    10529.6     5637.2     1649.3      1.8      1.2      1.3 2022 12 21 17 59 17.620  1.95   1
   110432  40.496464 -124.458008    26.442   -19133.0    -5970.7     5015.0      2.4      2.6      3.5 2022 12 22  1 13 30.130  2.71   1
   110434  40.512004 -124.464071    19.078   -19644.5    -4245.1    -2349.0      1.9      1.2      2.0 2022 12 21 18 26 29.520  1.33   1
   110435  40.533919 -124.380794    24.754   -12586.6    -1811.4     3327.1      3.3      2.7      5.3 2023  1 28 20  7 39.900  1.24   1
   110436  40.476408 -124.533936    23.684   -25570.8    -8197.8     2256.5      1.7      2.6      2.1 2023  2 18  0 47 37.880  1.15   1
   110439  40.473254 -124.430070    19.751   -16768.5    -8548.0    -1676.2      1.0      1.2      1.3 2023  1 27 16 28 41.960  1.01   1
   110442  40.572355 -123.950130    21.622    23890.2     2456.7      194.4      3.1      2.9      5.9 2022 12 20 18 48 54.600  0.91   1
   110443  40.579110 -124.185164    19.009     3984.8     3206.7    -2418.1      7.0      2.0      4.4 2022 12 21 21 55 10.140  0.79   1
   110444  40.503585 -124.504696    27.366   -23088.0    -5179.9     5938.6      1.2      1.5      2.2 2022 12 23 21 41 55.000  1.21   1
   110445  40.525362 -124.389030    23.586   -13285.1    -2761.7     2158.3      2.3      2.9      2.7 2022 12 21  8  6 55.910  1.80   1
   110447  40.563444 -124.016878    22.714    18238.5     1467.1     1287.0      2.0      1.2      1.5 2022 12 24 19 37 36.120  1.39   1
   110448  40.596480 -124.127075    21.784     8903.1     5135.7      356.5      3.9      1.4      2.6 2023  1 31 13 12 49.420  1.12   1
   110452  40.545256 -124.194377    27.713     3205.5     -552.6     6285.7      4.7      1.9      2.9 2022 12 20 23 25 36.340  1.09   1
   110453  40.508582 -124.473218    17.760   -20420.0    -4625.1    -3667.6      2.1      2.8      2.7 2022 12 21 12  8  6.020  1.11   1
   110454  40.465027 -123.818018    23.071    35106.8    -9461.6     1643.3      1.4      1.8      1.1 2022 12 21 13 41 59.550  0.69   1
   110455  40.530237 -124.421289    16.238   -16017.5    -2220.4    -5189.0      3.1      3.3      6.6 2022 12 23 13  9 40.300  0.89   1
   110458  40.621468 -124.310164    20.157    -6598.9     7910.4    -1270.3      0.7      0.4      1.0 2023  2 14  6 32 28.460  1.23   1
   110462  40.585197 -124.438664    23.778   -17482.3     3882.7     2350.4      1.7      1.7      2.1 2023  4 22 17 56 13.080  1.37   1
   110464  40.588208 -124.427384    23.243   -16526.8     4217.1     1816.1      2.0      2.0      2.1 2023  2 13 21 32 14.280  2.09   1
   110466  40.531974 -124.391756    15.502   -13515.4    -2027.4    -5925.3      2.2      2.1      2.8 2022 12 22  0 27 26.630  0.83   1
   110467  40.528841 -124.425016    26.669   -16333.4    -2375.3     5241.9      1.3      1.3      1.7 2022 12 22  3 58 10.660  0.90   1
   110468  40.528988 -123.976156    20.419    21693.1    -2359.1    -1008.3      1.4      1.7      1.4 2022 12 24  1 17 32.850  0.88   1
   110470  40.537443 -124.357056    16.675   -10575.3    -1420.1    -4752.6      3.2      2.9      5.1 2023  3 29  5  5 59.480  1.47   1
   110474  40.472282 -124.448291    21.210   -18312.9    -8656.0     -216.8      1.6      1.3      1.3 2022 12 20 12 14 11.380  2.27   1
   110475  40.583057 -124.351725    28.098   -10120.3     3645.0     6671.0      2.6      2.5      2.6 2022 12 21 15  8 37.620  1.85   1
   110476  40.536825 -124.407113    28.268   -14815.8    -1488.8     6840.5      0.8      0.8      2.0 2022 12 20 13 24 12.330  1.51   1
   110477  40.611633 -123.938029    21.835    24907.8     6818.3      407.6      2.0      1.7      2.1 2023  1  3  7 18 42.400  0.99   1
   110479  40.535376 -124.359049    16.970   -10744.3    -1649.7    -4457.1      4.1      3.4      5.1 2022 12 26  2  4 21.800  1.88   1
   110480  40.557503 -124.251709    23.197    -1650.9      807.4     1770.2      1.8      1.3      2.0 2022 12 21  2 56 11.820  1.60   1
   110481  40.490466 -124.465869    18.441   -19800.0    -6636.7    -2986.2      2.3      1.6      2.7 2023  4  5 14 51 18.340  1.34   1
   110482  40.583480 -123.922485    21.539    26229.3     3692.0      111.4      3.2      4.7      4.0 2022 12 21 19 52  6.360  0.64   1
   110484  40.525415 -124.419727    19.632   -15885.7    -2755.8    -1795.4      1.7      1.8      2.7 2022 12 25  4  3 37.800  0.93   1
   110487  40.752515 -123.850627    20.598    32274.1    22462.6     -829.6      2.5      1.8      2.6 2022 12 20 14 11  0.150  2.57   1
   110488  40.478446 -124.457406    19.439   -19084.5    -7971.4    -1988.6      1.3      0.9      0.8 2023  2 18  9 18 28.190  1.40   1
   110489  40.518953 -124.425781    19.188   -16399.5    -3473.3    -2239.2      1.6      1.9      2.7 2022 12 29  9 57 25.630  1.27   1
   110494  40.523303 -124.413900    17.671   -15392.3    -2990.3    -3756.1      1.2      2.4      4.6 2023  3  5 20 14 19.720  1.28   1
   110496  40.503707 -124.446769    17.970   -18179.7    -5166.4    -3457.7      1.4      2.0      2.4 2022 12 30 12 51 54.870  1.14   1
   110497  40.574227 -124.099129    22.622    11271.3     2664.5     1195.2      3.4      1.9      2.6 2022 12 31 14 27 57.700  1.02   1
   110501  40.467590 -124.508057    23.714   -23379.1    -9177.0     2287.1      1.2      1.7      2.5 2022 12 30 21 43 18.320  2.12   1
   110506  40.606840 -124.072559    20.242    13518.2     6286.1    -1184.9      5.3      2.4      7.4 2022 12 20 21 47 48.880  1.10   1
   110507  40.528630 -124.396851    17.880   -13947.3    -2398.8    -3547.6      3.9      5.4      5.3 2022 12 21 10 16 11.430  0.70   1
   110508  40.613326 -124.093734    18.042    11724.8     7006.3    -3385.0      2.4      1.9      2.7 2022 12 30  9  0 39.550  1.14   1
   110510  40.497355 -124.432048    24.924   -16933.1    -5871.7     3496.8      1.9      1.6      4.6 2023  1  2  8 25 11.060  1.28   1
   110511  40.631453 -124.021875    23.355    17806.3     9019.3     1927.8      2.8      2.0      1.6 2022 12 21  4 15 19.850  2.45   1
   110512  40.509326 -124.336271    19.100    -8816.4    -4542.4    -2327.3      1.2      0.9      1.1 2022 12 21 17 35 50.480  1.40   1
   110513  40.523714 -124.414266    18.773   -15423.3    -2944.7    -2654.3      2.4      2.0      3.9 2022 12 20 15  4 50.680  1.42   1
   110515  40.539815 -124.231348    21.618       73.8    -1156.7      190.3      2.5      2.3      3.6 2023  1 11 13 29 12.060  1.57   1
   110517  40.596700 -124.086068    23.479    12375.4     5160.1     2051.7      2.4      1.6      1.4 2023  3 12  6 43 46.740  0.89   1
   110518  40.522575 -124.432837    18.317   -16996.8    -3071.2    -3110.2      2.9      4.2      5.2 2022 12 20 10 43 39.300  2.63   1
   110519  40.575850 -124.142952    22.506     7559.8     2844.8     1079.1      2.0      1.2      2.4 2022 12 20 23 22 14.760  1.65   1
   110521  40.569722 -124.161882    22.950     5957.0     2164.3     1523.0      3.2      2.5      3.3 2022 12 23  1 11 44.550  1.32   1
   110522  40.643901 -124.084611    23.268    12494.3    10401.5     1840.5      2.5      1.2      0.5 2022 12 20 18 48 15.520  0.97   1
   110523  40.511646 -124.490381    23.584   -21873.8    -4284.8     2157.1      1.5      2.3      3.4 2022 12 21  1  7 33.310  3.25   1
   110524  40.607243 -124.081055    17.587    12798.8     6330.8    -3840.5      7.1      6.5      4.1 2022 12 21  9 31  7.840  1.25   1
   110525  40.619132 -124.081893    17.969    12726.8     7651.1    -3457.8      3.7      3.3      2.9 2022 12 26  7 21 10.390  0.93   1
   110526  40.489290 -124.510026    15.549   -23542.2    -6767.3    -5878.0      1.6      1.6      1.8 2023  2 18 20 58 10.920  1.67   1
   110527  40.521737 -124.440649    19.431   -17658.8    -3164.3    -1996.2      1.6      1.5      2.2 2022 12 22  3 55 53.820  1.44   1
   110529  40.553259 -124.256755    24.322    -2078.3      336.2     2894.7      1.5      0.9      3.9 2023  5 18 13 21 36.440  0.56   1
   110530  40.620256 -124.070426    15.904    13697.4     7775.8    -5523.2      4.8      3.1      5.7 2022 12 22  4 49 54.170  0.84   1
   110531  40.533997 -124.349268    18.697    -9915.8    -1802.9    -2730.3      1.6      1.0      1.9 2022 12 20 19 16  2.640  1.29   1
   110532  40.545593 -124.340210    16.332    -9147.7     -515.1    -5095.0      2.7      2.8      2.0 2022 12 23  4  9 55.040  1.00   1
   110534  40.529846 -124.406551    19.885   -14769.0    -2263.7    -1541.8      3.8      2.1      3.2 2023  1  4 16 29 55.050  1.61   1
   110535  40.523490 -124.412476    18.202   -15271.6    -2969.5    -3225.3      3.5      4.2      5.8 2022 12 22 10 55 51.720  0.98   1
   110537  40.610014 -124.079761    23.396    12908.1     6638.5     1968.6      2.5      1.8      1.9 2022 12 21 16 28 15.660  3.99   1
   110539  40.525216 -124.344295    18.657    -9495.2    -2777.9    -2770.6      1.9      3.0      3.7 2022 12 25  8 22 48.250  0.72   1
   110541  40.581160 -124.197445    18.868     2944.8     3434.5    -2558.8      4.4      1.2      3.0 2023  2 18  6 52 19.650  1.07   1
   110542  40.578426 -124.192839    18.384     3335.0     3130.8    -3043.0      5.9      1.7      3.5 2022 12 20 17 56  5.920  1.14   1
   110544  40.597782 -124.187948    20.400     3748.6     5280.3    -1027.3      5.5      2.0      4.0 2023  3 21 22 51 34.760  0.98   1
   110546  40.504460 -124.449137    18.934   -18380.2    -5082.8    -2493.2      1.5      1.7      2.7 2022 12 27  1 23 41.520  0.94   1
   110547  40.615324 -123.925618    21.429    25957.9     7228.2        1.6      2.6      2.0      3.6 2022 12 20 23 36 50.880  1.00   1
   110549  40.543168 -124.055957    19.766    14930.9     -784.4    -1661.6      1.2      1.1      0.8 2022 12 21  4 18 46.220  2.04   1
   110551  40.614417 -124.091789    17.992    11889.4     7127.4    -3435.0      1.1      0.4      1.1 2023  2 17 11 16 14.330  1.12   1
   110553  40.525037 -123.915625    20.664    26821.9    -2797.8     -763.7      1.9      1.8      2.1 2022 12 25  0 34  1.910  0.77   1
   110554  40.549727 -124.243571    18.233     -961.6      -56.0    -3193.9      1.6      1.0      1.5 2022 12 21  0  5 31.440  1.34   1
   110556  40.499292 -124.433350    23.575   -17043.2    -5656.6     2147.4      1.6      2.0      2.0 2023  2 25 14 23 27.120  1.53   1
   110559  40.613688 -124.133008    20.567     8399.6     7046.5     -859.8      9.5      3.5      6.4 2023  3 13  0 48 17.330  0.83   1
   110560  40.627698 -123.927246    21.616    25817.7     8602.2      188.9      1.7      0.7      1.9 2023  2  2  2 38 55.900  1.60   1
   110561  40.618266 -123.886743    22.921    29248.6     7554.8     1493.6      3.3      2.3      2.2 2022 12 20 17 35 32.520  1.17   1
   110564  40.597335 -124.114233    15.151     9990.4     5230.6    -6276.5      4.4      3.7      4.9 2022 12 24  4 18 59.420  0.99   1
   110566  40.610555 -124.109163    18.008    10418.7     6698.6    -3419.7      8.6      2.3      3.7 2022 12 22  5 24 44.100  2.65   1
   110568  40.499768 -124.472323    15.658   -20345.5    -5603.8    -5768.9      1.8      2.8      3.3 2023  3 22 19 35 25.080  1.32   1
   110569  40.647367 -124.022030    18.356    17791.1    10786.4    -3070.8      1.1      1.7      1.6 2023  1  2  9 44 23.910  0.93   1
   110570  40.601554 -124.124870    20.499     9089.5     5699.1     -928.3      1.7      1.3      1.7 2022 12 22  6 14 22.080  1.10   1
   110572  40.531828 -124.244987    18.946    -1081.7    -2043.7    -2481.6      1.6      2.0      1.7 2023  1  1 22 18 52.920  1.17   1
   110574  40.628516 -124.096362    19.862    11501.0     8693.0    -1564.9      3.5      3.5      3.6 2022 12 21 22 33 49.080  1.00   1
   110575  40.580168 -124.156209    27.150     6436.9     3324.2     5723.2      5.4      3.8      5.1 2022 12 23  1 10  6.400  0.80   1
   110577  40.615531 -124.229606    23.952      221.2     7251.2     2524.3      1.8      1.2      2.1 2022 12 25 19 13 28.400  0.95   1
   110578  40.567997 -124.143986    21.733     7472.7     1972.8      305.5      1.6      1.2      2.0 2022 12 20 20 26 41.720  2.13   1
   110579  40.520557 -124.351302    21.892   -10089.1    -3295.3      464.8      2.8      3.4      2.9 2022 12 21  8 58 34.030  0.97   1
   110580  40.613204 -124.044580    23.515    15886.4     6992.8     2087.8      3.2      1.3      1.6 2023  1  3  4 53 49.540  1.15   1
   110581  40.568070 -124.236344    20.389     -349.4     1980.9    -1038.5      3.0      1.5      2.5 2023  5 28 11 38 43.770  1.07   1
   110582  40.563761 -123.935815    22.090    25104.2     1502.4      662.3      1.3      1.6      2.5 2022 12 21 23 36 17.240  1.23   1
   110586  40.524491 -123.900529    20.134    28101.0    -2858.4    -1293.3      2.0      2.3      2.6 2022 12 22  5 36 49.910  0.70   1
   110587  40.606486 -123.914844    25.119    26871.9     6246.8     3692.2      1.8      1.9      2.2 2022 12 20 10 48 38.300  2.65   1
   110588  40.597249 -124.116756    18.241     9776.8     5221.1    -3186.5      0.9      1.4      1.5 2022 12 22  7 50 48.720  1.53   1
   110589  40.533065 -124.050285    19.499    15412.6    -1906.3    -1928.1      1.1      0.8      0.6 2022 12 21  0 13 29.150  1.50   1
   110590  40.650793 -123.880998    26.567    29727.8    11166.9     5140.1      5.0      4.2      9.2 2022 12 23 19 10 35.240  1.06   1
   110591  40.585791 -124.060555    21.005    14536.8     3948.7     -422.5      4.0      3.5      4.0 2022 12 25 22 34 55.360  0.82   1
   110592  40.618376 -124.077279    17.670    13117.5     7567.0    -3756.9      1.4      0.7      1.3 2023  1 18  8 28 49.360  0.92   1
   110594  40.558130 -123.937329    21.176    24977.0      877.0     -250.9      3.8      2.5      4.2 2022 12 21  0 45 40.230  1.26   1
   110595  40.591813 -124.326668    21.373    -7997.9     4617.4      -53.8      1.3      1.1      1.2 2022 12 20 10 52 39.340  3.28   1
   110596  40.541691 -124.338363    17.588    -8991.5     -948.4    -3839.7      2.7      2.5      4.0 2022 12 29  7 31 23.150  0.85   1
   110597  40.623674 -124.083390    19.856    12599.6     8155.3    -1570.6      3.3      2.4      2.8 2022 12 20 21 24 28.880  0.90   1
   110598  40.598185 -124.101864    23.051    11037.7     5325.0     1623.7      1.2      1.0      1.3 2022 12 26  1 46  3.150  1.45   1
   110600  40.524288 -124.384725    16.745   -12920.5    -2881.0    -4682.5      7.0      5.6     10.6 2022 12 20 19 51  5.480  1.33   1
   110604  40.576811 -123.948503    20.164    24027.3     2951.5    -1263.1      2.3      2.1      3.1 2022 12 21 17  1 49.600  1.16   1
   110605  40.518587 -124.431079    18.223   -16848.4    -3514.0    -3204.2      2.0      3.7      6.0 2022 12 22  7 33 35.520  1.14   1
   110607  40.658940 -124.015698    18.939    18325.5    12071.5    -2488.1      3.0      3.2      4.9 2022 12 21 14 33 24.290  1.52   1
   110608  40.643762 -124.026611    18.522    17403.8    10386.1    -2905.4      1.9      1.4      2.6 2022 12 25 12 29 55.020  1.64   1
   110609  40.575240 -124.154476    23.307     6583.9     2777.0     1880.2      1.8      1.9      2.7 2022 12 20 19 19  0.120  1.41   1
   110611  40.549361 -124.239193    18.503     -590.8      -96.7    -2924.3      3.1      4.3      3.2 2022 12 21 12 21 21.680  0.97   1
   110613  40.665438 -123.886515    22.817    29257.6    12793.1     1389.9      2.3      1.4      1.8 2022 12 27 17 40  9.980  1.83   1
   110614  40.550753 -124.314461    20.441    -6966.3       57.8     -985.9      4.8      3.6      5.0 2023  2 15 14 26 55.060  2.21   1
   110615  40.580151 -124.133675    22.382     8345.2     3322.4      954.9      3.3      2.0      3.7 2022 12 21  9 48 30.660  1.09   1
   110618  40.602616 -123.979207    22.563    21422.9     5817.1     1136.1      2.9      2.2      2.3 2022 12 20 23 30 29.600  1.04   1
   110619  40.598291 -123.917505    21.697    26648.2     5336.7      269.5      2.8      2.2      3.1 2022 12 22  4 23  9.220  0.67   1
   110620  40.601945 -123.891740    24.857    28829.0     5742.5     3430.2      2.2      2.5      3.0 2022 12 25 16 15  8.400  1.07   1
   110622  40.603650 -124.102775    15.626    10960.1     5931.8    -5801.3      0.8      0.6      0.5 2022 12 28  9 46 28.530  1.31   1
   110623  40.594718 -124.157951    22.995     6288.7     4940.0     1567.6      2.8      1.8      3.0 2022 12 30  9 23 12.150  1.07   1
   110624  40.609578 -124.110522    18.265    10303.7     6590.2    -3162.4      7.5      2.1      3.9 2023  4  2 23  2 20.160  1.02   1
   110625  40.551160 -124.072713    18.965    13510.7      103.0    -2462.6      1.6      1.1      1.4 2022 12 20 21 22 52.960  1.20   1
   110626  40.558077 -124.021265    21.734    17867.7      871.2      306.4      2.6      2.6      2.4 2022 12 24 20 57 12.400  1.30   1
   110627  40.590450 -124.193115    22.267     3311.2     4466.0      839.5      4.3      2.7      4.2 2022 12 20 16 59 23.800  1.39   1
   110628  40.550981 -123.885075    22.190    29404.5       83.1      763.0      1.6      1.3      0.6 2022 12 25  6 37 31.440  1.50   1
   110629  40.582178 -124.243408    23.817     -947.6     3547.4     2389.8      1.5      1.9      1.5 2023  2  2  2 53 51.230  0.90   1
   110630  40.601221 -124.110954    15.186    10267.8     5662.1    -6241.0      2.0      2.0      1.8 2022 12 22  6 38 46.920  0.92   1
   110631  40.600724 -123.999601    19.864    19696.4     5606.9    -1562.8      2.5      1.7      2.1 2022 12 22  6 27  3.370  1.14   1
   110633  40.512500 -124.451457    24.545   -18575.7    -4190.0     3118.1      1.4      1.2      4.0 2022 12 20 11 23 42.960  2.53   1
   110634  40.613090 -124.081649    15.701    12748.0     6980.1    -5725.9      4.2      2.1      3.3 2023  1  3  7 23 30.820  1.13   1
   110635  40.547998 -124.046777    22.799    15708.0     -248.1     1372.2      4.3      4.1      4.1 2022 12 24  7 16 44.450  1.51   1
   110636  40.580452 -124.216187    19.275     1357.7     3355.9    -2152.6      3.3      0.6      2.2 2023  5  5 10 50 40.220  0.86   1
   110637  40.545532 -124.335986    16.940    -8789.9     -521.9    -4487.2      4.4      4.0      5.5 2022 12 25 12 21 40.770  1.90   1
   110638  40.587964 -124.150741    24.047     6899.6     4190.0     2619.6      1.0      0.7      1.3 2022 12 21 19 17 30.720  1.31   1
   110641  40.644108 -123.998828    18.648    19755.5    10424.5    -2779.0      1.2      0.9      1.5 2022 12 25  9 11 59.060  0.70   1
   110643  40.539693 -123.911393    22.780    27177.5    -1170.3     1352.7      1.5      1.2      2.7 2023  2 16 18  3 27.440  1.53   1
   110644  40.563005 -123.979769    23.691    21381.6     1418.3     2263.4      2.0      1.7      2.5 2023  2 13  5 45 35.220  1.23   1
   110646  40.575212 -124.424064    23.265   -16247.2     2773.9     1837.8      2.0      1.5      1.7 2023  2  6 20 12  2.580  1.35   1
   110647  40.565653 -124.145378    22.029     7355.0     1712.5      601.5      2.7      2.3      3.5 2022 12 20 19  6 23.200  1.47   1
   110649  40.520203 -124.356250    22.557   -10508.4    -3334.6     1129.8      2.8      2.8      3.5 2022 12 25 23 13 35.000  1.83   1
   110650  40.701953 -123.952816    22.180    23640.1    16847.9      752.3      2.0      1.4      1.0 2022 12 26  9 16 16.030  1.67   1
   110651  40.612480 -123.826074    26.678    34386.4     6912.3     5250.7      2.8      2.1      4.1 2023  4  8  3  4 20.710  1.95   1
   110652  40.519352 -124.440544    15.502   -17650.1    -3429.1    -5925.3      2.2      3.7      5.1 2023  2  8 14 16 55.210  1.31   1
   110653  40.531368 -124.408594    17.242   -14941.9    -2094.8    -4185.2      5.7      5.5     12.6 2022 12 26  8 29 16.340  0.84   1
   110654  40.591370 -124.009351    23.207    18872.2     4568.2     1779.8      3.9      2.9      1.7 2022 12 24 22 12 36.600  2.10   1
   110655  40.566471 -124.022917    22.569    17726.7     1803.3     1141.7      2.0      1.3      2.0 2023  4 30 12 38 22.840  0.62   1
   110656  40.583480 -124.199748    25.176     2749.7     3692.0     3749.1      9.9      2.6      5.1 2023  1 20 22  9 26.880  0.94   1
   110660  40.539539 -124.340283    16.351    -9154.3    -1187.4    -5076.4      3.2      2.7      5.1 2022 12 31 15  5 32.620  1.28   1
   110663  40.580286 -123.955371    24.397    23445.0     3337.3     2970.1      0.9      0.7      0.8 2022 12 21 22 26 11.040  1.39   1
   110664  40.554102 -123.977010    20.814    21616.7      429.7     -612.9      2.7      1.9      2.5 2022 12 20 16  1 13.350  1.61   1
   110665  40.486365 -124.515039    16.948   -23967.5    -7092.2    -4479.7      2.6      3.4      6.1 2023  4  6  4 40 19.060  0.75   1
   110666  40.498523 -124.469368    18.058   -20095.4    -5742.0    -3369.0      1.8      1.5      2.7 2022 12 29  8 32 33.620  1.49   1
   110667  40.598474 -124.327588    20.786    -8075.3     5357.1     -640.8      2.1      1.6      4.0 2022 12 25  7 56 23.340  0.72   1
   110671  40.586096 -124.096395    23.275    11501.8     3982.6     1847.8      2.1      2.6      1.8 2022 12 20 23  1 57.840  1.31   1
   110672  40.539848 -124.349227    18.405    -9911.9    -1153.1    -3022.5      2.7      1.5      2.4 2023  4 15  0  7  1.200  0.77   1
   110673  40.586503 -124.233602    21.710     -117.2     4027.7      283.1      6.3      4.5      9.3 2022 12 21 16 59 16.830  0.92   1
   110674  40.552413 -124.224821    17.748      626.6      242.2    -3678.8      1.5      1.0      1.5 2022 12 23  5  1 13.690  1.08   1
   110675  40.703263 -123.931047    22.510    25481.7    16993.4     1083.1      3.5      2.4      5.9 2022 12 22 16 21 35.960  1.66   1
   110676  40.480945 -124.407438    19.831   -14849.5    -7694.0    -1596.3      1.8      1.7      3.1 2023  1 30 10 56 56.600  0.99   1
   110677  40.512052 -124.440356    17.251   -17635.2    -4239.7    -4176.3      1.2      1.6      2.6 2022 12 23  0 10 35.700  1.04   1
   110678  40.516935 -124.426978    17.178   -16501.1    -3697.4    -4249.3      1.0      1.5      1.8 2023  1  8  2 15 56.440  1.14   1
   110679  40.509139 -124.440291    17.725   -17630.1    -4563.2    -3702.2      1.8      1.1      2.8 2023  4 20 15 36 20.100  0.92   1
   110681  40.638420 -123.912760    21.303    27041.9     9792.8     -124.1      1.5      0.9      0.9 2022 12 21  2 53 42.600  1.60   1
   110683  40.504582 -124.453044    18.813   -18711.2    -5069.2    -2613.8      2.2      2.6      3.1 2022 12 21  8 21  0.830  1.29   1
   110685  40.526396 -124.378426    23.815   -12386.6    -2646.9     2387.8      1.9      2.0      1.4 2023  1 29  2 21 34.040  0.86   1
   110686  40.549894 -124.309334    17.830    -6532.1      -37.5    -3597.6      3.6      3.6      3.6 2022 12 20 19 42 50.340  1.43   1
   110687  40.644788 -124.052686    19.609    15196.6    10500.0    -1818.0      2.8      2.2      3.3 2022 12 26  1 31 33.690  1.21   1
   110688  40.682959 -123.881885    22.356    29645.7    14738.7      928.6      3.4      4.0      5.4 2022 12 20 16  7 38.970  2.01   1
   110689  40.543486 -123.755379    21.785    40392.5     -749.2      358.0      2.2      3.8      2.2 2022 12 22  0 56 27.730  0.68   1
   110692  40.511255 -124.471175    21.385   -20246.6    -4328.2      -42.3      3.3      2.3      3.9 2022 12 29 10 57 23.460  1.08   1
   110694  40.514718 -124.442293    19.405   -17799.0    -3943.7    -2022.6      2.6      2.3      3.0 2022 12 29  5 31  8.470  1.04   1
   110695  40.550370 -124.224430    17.720      659.7       15.4    -3707.4      0.6      0.6      0.8 2022 12 24  5  9  2.290  1.55   1
   110697  40.572363 -124.224227    17.371      676.8     2457.6    -4056.4      4.2      2.6      3.6 2022 12 23 20 30 28.480  1.23   1
   110698  40.541817 -124.237956    18.223     -486.0     -934.4    -3204.6      1.3      1.1      2.2 2023  1 26  5 47 35.730  1.04   1
   110699  40.517863 -124.415112    16.701   -15495.7    -3594.4    -4725.8      2.4      3.8      5.3 2022 12 22  9  7 10.520  0.52   1
   110700  40.576497 -124.204761    17.125     2325.3     2916.7    -4302.3      1.4      1.3      3.4 2022 12 25  3 58 23.130  0.90   1
   110702  40.629366 -123.959155    22.208    23116.1     8787.5      781.0      3.6      2.8      3.4 2022 12 20 23 26 24.700  1.53   1
   110703  40.531217 -124.362158    16.753   -11008.0    -2111.5    -4674.1      7.3      3.8      6.3 2022 12 22 14 28 55.050  1.12   1
   110705  40.513481 -123.875920    21.633    30188.3    -4081.1      205.9      1.4      1.5      1.3 2023  3  1  0 37 17.190  1.45   1
   110706  40.559635 -123.992725    23.934    20284.8     1044.2     2507.0      2.1      1.8      2.0 2022 12 20 23 41  1.760  1.68   1
   110707  40.546916 -123.846029    22.311    32712.8     -368.3      884.0      1.0      1.4      2.6 2022 12 21 22 14 18.520  1.56   1
   110708  40.578353 -124.214347    18.143     1513.4     3122.7    -3284.7      3.9      2.1      2.9 2023  3  5  0 34 58.820  1.58   1
   110710  40.605562 -124.147640    18.269     7161.2     6144.2    -3158.5      7.0      3.2      3.4 2023  1 14  1 10 27.140  1.46   1
   110711  40.615885 -124.069442    20.207    13781.2     7290.5    -1220.1      1.5      2.2      2.7 2022 12 20 21  2 39.800  1.14   1
   110712  40.557674 -123.953312    21.977    23623.3      826.4      549.8      1.7      1.4      1.5 2023  1 10 19 11 36.040  1.34   1
   110715  40.612333 -124.089681    15.955    12068.0     6896.1    -5472.3      5.2      2.6      4.8 2022 12 20 21 22 37.100  1.23   1
   110716  40.586332 -123.886068    21.525    29312.7     4008.8       97.9      1.8      1.9      4.4 2022 12 22  1 50 13.650  0.65   1
   110717  40.608211 -124.301619    19.954    -5876.1     6438.3    -1473.3      1.1      0.6      1.2 2023  4  9 21 13 25.880  0.97   1
   110718  40.523519 -124.432316    19.492   -16952.5    -2966.4    -1935.3      1.0      0.7      2.0 2022 12 22  3 44  5.310  1.01   1
   110720  40.585616 -124.203385    20.521     2441.6     3929.2     -906.7      3.9      3.0      3.2 2022 12 21  1 23  1.660  0.93   1
   110721  40.555452 -124.303402    18.650    -6029.3      579.7    -2777.2      4.5      2.0      3.4 2022 12 20 16 43 44.910  1.41   1
   110722  40.552035 -124.304777    19.948    -6146.0      200.2    -1478.9      6.3      2.6      4.5 2022 12 20 19 45  5.720  1.04   1
   110723  40.473572 -124.545133    21.802   -26520.4    -8512.8      374.7      2.4      2.8      3.2 2022 12 22  7 29 30.560  0.68   1
   110724  40.518697 -124.345036    19.354    -9558.4    -3501.8    -2073.6      2.4      2.3      3.1 2022 12 22  8 32 21.500  0.63   1
   110725  40.546313 -124.306388    17.803    -6282.7     -435.1    -3624.0      4.7      3.6      4.3 2022 12 24 21 51 17.000  0.84   1
   110726  40.518079 -124.432869    19.624   -17000.1    -3570.5    -1803.4      2.5      2.5      3.2 2022 12 25 10 58 46.850  0.74   1
   110727  40.516764 -124.358504    19.550   -10699.6    -3716.4    -1877.5      3.8      3.3      3.9 2022 12 26 20 22  8.180  1.12   1
   110728  40.519458 -124.420687    19.328   -15967.8    -3417.3    -2098.9      1.5      2.2      2.8 2023  1  3 14 30 47.720  1.13   1
   110729  40.576733 -124.208187    17.649     2035.2     2942.9    -3778.0      2.3      1.0      1.0 2023  1  4 10 27 27.700  1.40   1
   110731  40.511772 -124.440218    19.174   -17623.5    -4270.8    -2252.9      1.6      1.6      3.6 2023  3 16 18  8 14.040  1.34   1
   110735  40.534314 -124.344564    18.433    -9517.3    -1767.6    -2993.9      2.5      2.2      3.8 2022 12 20 21 52 17.400  1.04   1
   110736  40.506152 -124.335604    18.145    -8760.1    -4894.8    -3282.4      1.7      1.6      3.5 2022 12 22  5 34 15.770  1.28   1
   110737  40.523328 -124.423405    18.388   -16197.6    -2987.6    -3039.7      1.6      2.1      2.6 2022 12 22 10 19 33.470  1.21   1
   110738  40.545605 -124.314583    18.139    -6976.9     -513.7    -3288.0      4.1      2.8      5.1 2022 12 26 12 16 44.250  0.71   1
   110739  40.521183 -124.427620    18.128   -16555.0    -3225.7    -3299.7      2.8      2.2      4.8 2023  1 11  1 42 23.060  2.03   1
   110743  40.583207 -124.208325    17.850     2023.4     3661.8    -3577.4      7.0      3.0      6.2 2023  3 25 16 17 15.180  0.90   1
   110745  40.515291 -124.431047    18.758   -16846.0    -3880.0    -2669.7      1.4      1.7      2.0 2023  1 20  8 32 25.670  1.94   1
   110746  40.516874 -124.447559    20.863   -18244.8    -3704.2     -564.5      2.5      2.3      2.8 2023  2 15 19 15 16.420  1.23   1
   110747  40.544165 -124.338835    19.801    -9031.3     -673.7    -1626.3      4.0      3.8      4.5 2022 12 23 14  7  9.940  0.88   1
   110748  40.553992 -124.441455    24.482   -17722.8      417.5     3054.3      3.3      2.8      8.2 2022 12 20 15 58 21.830  1.76   1
   110749  40.501107 -124.467529    13.918   -19939.2    -5455.1    -7509.0      3.9      5.3     14.3 2022 12 26  6 35 42.200  1.15   1
   110750  40.594930 -124.117904    17.168     9679.8     4963.5    -4259.4      1.8      1.5      2.2 2023  1 14  6 13 33.720  1.13   1
   110751  40.574992 -123.988118    20.925    20672.6     2749.5     -501.9      1.8      1.7      1.7 2022 12 20 17 38 50.000  1.62   1
   110752  40.581673 -124.211963    21.061     1715.3     3491.4     -366.3      4.0      1.0      1.0 2022 12 22 21 13 37.280  0.95   1
   110753  40.526611 -124.324935    18.301    -7854.9    -2623.0    -3126.6      3.2      2.8      3.5 2022 12 22 22  2  6.300  1.11   1
   110754  40.523360 -124.357918    18.658   -10649.5    -2984.0    -2769.1      2.8      2.4      3.2 2022 12 22 22 45  9.160  1.52   1
   110757  40.524740 -124.344710    19.375    -9530.4    -2830.8    -2052.2      2.6      2.5      2.7 2022 12 28 13 28 43.290  1.64   1
   110758  40.552775 -124.236117    19.646     -330.2      282.4    -1780.9      1.7      1.3      1.8 2023  1 15 15 14  5.770  1.41   1
   110759  40.527722 -124.417603    18.848   -15705.5    -2499.6    -2579.4      4.2      4.0      3.9 2023  2 10 21  1  5.660  1.17   1
   110761  40.584696 -124.152205    22.414     6775.7     3827.1      986.9      2.7      1.9      2.4 2023  1 21 22  3  8.900  1.49   1
   110765  40.524320 -124.405924    18.210   -14716.5    -2877.3    -3217.2      3.6      3.7      5.9 2022 12 24  2 43 20.530  1.79   1
   110766  40.504297 -124.445793    17.620   -18096.9    -5100.9    -3806.9      2.4      2.8      2.9 2023  2  7 19 48  3.920  1.35   1
   110767  40.504277 -124.481600    17.979   -21130.9    -5103.1    -3448.6      2.3      1.6      4.0 2023  5  3  4 14 16.070  1.55   1
   110768  40.535185 -124.343164    18.887    -9398.6    -1670.9    -2540.5      2.6      2.8      3.3 2023  2 17 23 11 43.020  1.41   1
   110769  40.576900 -124.217212    18.680     1270.9     2961.4    -2746.8      4.1      1.8      4.0 2022 12 22 11 55 31.760  1.02   1
   110770  40.592586 -124.101587    24.965    11061.6     4703.3     3537.8      1.7      2.1      1.8 2023  1  4  8 48  8.840  1.05   1
   110771  40.514868 -124.443083    18.043   -17865.8    -3927.0    -3384.3      0.4      0.5      1.2 2022 12 21 11 33 42.730  2.09   1
   110772  40.518079 -124.421566    17.083   -16042.4    -3570.5    -4344.1      2.5      2.8      3.1 2022 12 22  1 51 31.680  0.96   1
   110774  40.515621 -124.426904    19.401   -16495.0    -3843.4    -2026.6      1.8      1.9      3.3 2022 12 22 13 45 54.290  0.88   1
   110778  40.592501 -124.092220    21.733    11854.8     4693.8      306.1      4.3      4.2      6.6 2022 12 20 13 10 43.400  0.88   1
   110780  40.514473 -124.439827    18.449   -17590.1    -3970.8    -2977.8      1.4      0.8      2.3 2023  1 27  2 38 13.190  1.41   1
   110781  40.600041 -124.020492    21.075    17927.6     5531.0     -352.4      2.7      2.5      2.9 2022 12 22  7 36 42.420  0.86   1
   110782  40.520414 -124.419645    16.772   -15879.4    -3311.1    -4655.1      3.2      4.8      6.3 2023  1 19  4 55  2.650  1.72   1
   110783  40.535575 -124.239518    19.486     -618.4    -1627.5    -1941.4      1.9      1.4      2.0 2022 12 21  9 13 55.700  1.90   1
   110785  40.601705 -124.111987    16.381    10180.2     5715.8    -5046.5      6.0      2.4      3.7 2023  3 27 13  6 21.780  0.85   1
   110786  40.514734 -124.443237    17.990   -17879.0    -3941.9    -3437.5      1.4      1.4      2.1 2022 12 21 10 46 12.660  1.82   1
   110787  40.588534 -124.185929    20.255     3919.8     4253.2    -1172.5      6.6      2.8      5.4 2022 12 22  9 24 48.500  0.91   1
   110788  40.660848 -124.008594    19.347    18926.5    12283.4    -2079.9      2.6      2.4      2.5 2022 12 22  1 16  9.260  0.66   1
   110789  40.523389 -124.418018    18.797   -15741.2    -2980.8    -2630.4      3.0      3.7      3.9 2022 12 23 19 12 41.740  1.83   1
   110790  40.570369 -124.198560    21.850     2850.6     2236.2      422.7      3.3      2.1      3.3 2022 12 24 15 43 41.860  0.86   1
   110791  40.523938 -124.411043    22.002   -15150.2    -2919.8      574.8      2.5      2.7      3.4 2022 12 21 21 14 36.000  0.82   1
   110793  40.516532 -124.411654    20.910   -15202.8    -3742.2     -516.9      3.4      2.9      4.1 2022 12 26 14 17  3.520  0.91   1
   110794  40.595508 -124.113110    18.170    10085.6     5027.7    -3257.6      0.8      0.7      1.0 2023  3 11 16 16 54.220  1.44   1
   110796  40.544377 -124.335905    16.784    -8783.1     -650.2    -4643.0      1.9      1.8      3.2 2022 12 22  1 52 50.750  1.67   1
   110797  40.520699 -124.351351    19.482   -10093.3    -3279.5    -1945.2      1.7      1.8      1.7 2022 12 24 21 53 24.440  1.63   1
   110799  40.523979 -124.405794    18.937   -14705.5    -2915.3    -2490.0      3.6      4.8      3.2 2022 12 20 10 40 17.470  2.91   1
   110801  40.558280 -124.235335    19.994     -264.0      893.7    -1433.3      2.8      1.4      2.3 2022 12 20 12 16  5.480  2.04   1
   110802  40.570634 -124.077873    19.212    13071.8     2265.5    -2215.1      3.0      3.4      1.6 2022 12 21  0 15 31.010  2.88   1
   110803  40.651359 -124.021549    18.869    17831.2    11229.7    -2558.4      3.7      2.3      5.4 2022 12 22  5 56 58.350  0.78   1
   110804  40.518278 -124.437646    19.469   -17404.8    -3548.3    -1958.4      1.5      1.7      2.3 2022 12 20 20 38 36.440  1.22   1
   110806  40.515352 -124.431592    18.996   -16892.2    -3873.2    -2431.3      1.9      1.0      3.8 2023  2  1  8 26 47.510  1.32   1
   110808  40.538143 -124.339453    17.374    -9084.1    -1342.4    -4053.6      2.5      2.4      4.3 2023  3 31  1 48 56.260  0.92   1
   110809  40.520308 -124.442611    20.739   -17825.1    -3322.9     -688.1      4.2      3.0      7.1 2022 12 22  0 38 39.810  1.01   1
   110810  40.617786 -124.080949    17.037    12806.8     7501.5    -4390.5      4.0      3.0      4.4 2023  1  4  6 36 41.150  1.09   1
   110812  40.603451 -124.140991    18.219     7724.3     5909.7    -3208.5      8.2      7.1      5.6 2023  2  2  5 38 31.180  0.92   1
