   101475  40.580505 -123.982853    20.786    21117.6     3361.7     -641.2     30.9     19.8     28.5 2020  1  4 12 29  8.640  0.00   1
   101476  40.580196 -123.982340    20.676    21161.1     3327.4     -750.9     28.3     23.0     34.8 2020  2 13 22 21 36.940  0.00   1
   101477  40.581657 -123.981982    20.881    21191.2     3489.6     -546.5     28.2     23.2     64.2 2020  3 19  1  4 26.040  0.00   1
   101481  40.581055 -123.983415    20.736    21070.0     3422.7     -691.1     22.6     14.6     27.5 2021  3 29 15 56 33.780  0.00   1
   101482  40.581095 -123.983195    20.748    21088.6     3427.2     -679.1     24.9     16.0     27.2 2021  3 29 13 44 54.940  0.00   1
   101483  40.581270 -123.983325    20.752    21077.5     3446.7     -675.1     26.1     17.0     27.4 2021  3 30 14 30 26.580  0.00   1
   101484  40.581071 -123.983008    20.760    21104.4     3424.5     -667.0     23.6     15.7     26.5 2021  3 30 16 56 58.820  0.00   1
   101487  40.581429 -123.982699    20.838    21130.6     3464.3     -588.9     26.9     23.3     43.6 2021  9 19 18 51 35.660  0.00   1
   101488  40.581982 -123.980680    20.781    21301.4     3525.7     -645.8     35.9     19.4     41.1 2021 12  7  4 20 27.260  0.00   1
   101564  40.533305 -124.271411    11.602    -3320.2    -1879.7    -9824.8    101.3     61.0     94.2 2020  1  4 11 37 20.680  0.00   1
   102513  40.563118 -124.124748    22.419     9102.4     1431.0      992.1     53.4     36.1     57.4 2020  1 21 18 29 29.080  0.00   1
   102514  40.564823 -124.124349    22.509     9136.0     1620.3     1081.5     62.6     37.4     72.4 2020  1 21 18 17 50.920  0.00   1
   102517  40.564205 -124.120150    22.953     9491.7     1551.6     1525.4     61.2     42.6     60.6 2020  1 21 18 17 12.580  0.00   1
   102584  40.563855 -124.118132    22.604     9662.7     1512.8     1177.1     51.0     31.2     51.6 2021 12 19 16 15 38.560  0.00   1
   102602  40.483679 -124.510742    24.718   -23603.9    -7390.4     3291.2     44.6     44.6     82.5 2021  8 10 19 30 57.060  0.00   1
   102603  40.484139 -124.505632    24.937   -23170.7    -7339.3     3510.2     44.5     51.9     90.2 2021  8 28  7 10 22.180  0.00   1
   102606  40.484098 -124.505021    24.504   -23119.0    -7343.8     3076.6     35.1     46.6     91.1 2021 11  9 13 23 16.920  0.00   1
   102608  40.484888 -124.503027    25.900   -22949.8    -7256.2     4473.0     47.1     68.7     86.9 2022  9  7 17 54 42.580  0.00   1
   102707  40.434603 -124.602100    24.217   -31357.4   -12840.1     2789.8     15.3     17.3     75.1 2020  1  5 11  4 39.240  0.00   1
   102709  40.434607 -124.602100    24.218   -31357.4   -12839.6     2790.5     10.0     12.2     31.3 2020  3 12 15 20 18.660  0.00   1
   102710  40.434607 -124.602108    24.227   -31358.1   -12839.6     2799.9     10.1     13.2     33.7 2020  3 19  0  0 12.240  0.00   1
   102711  40.434664 -124.602189    24.160   -31365.0   -12833.3     2732.9     16.7     15.0    100.7 2020  4 15  6 22 46.200  0.00   1
   102713  40.434611 -124.602051    24.228   -31353.3   -12839.2     2800.8      9.6     14.6     43.1 2020  5  1 21 27  1.720  0.00   1
   102715  40.434839 -124.602311    24.297   -31375.3   -12813.9     2870.0     43.4     53.8    340.5 2020  5 19  4 18  4.680  0.00   1
   102716  40.436121 -124.601579    23.763   -31312.9   -12671.5     2336.0     29.6     36.1     39.1 2020  5 19 15 58 35.460  0.00   1
   102717  40.437439 -124.603361    23.863   -31463.7   -12525.1     2436.2     59.2     71.2    422.7 2020  5 19  8 56  4.240  0.00   1
   102718  40.434745 -124.601017    23.774   -31265.7   -12824.3     2347.2     26.2     26.0     31.1 2020  6  2  1 55 48.260  0.00   1
   102719  40.434619 -124.601937    24.218   -31343.6   -12838.3     2790.5     11.7     12.6     47.5 2020  6  9 10 29  1.040  0.00   1
   102720  40.435258 -124.601245    24.169   -31284.8   -12767.3     2742.1     11.3     13.7     45.7 2020  6  9 11 54 57.660  0.00   1
   102721  40.434505 -124.601912    24.410   -31341.6   -12850.9     2982.9     24.9     12.8     75.2 2020  6 11 11 48 29.660  0.00   1
   102723  40.434619 -124.601994    24.214   -31348.5   -12838.3     2786.9     13.8     14.3     45.8 2020  6 28  9  4 35.860  0.00   1
   102727  40.434603 -124.602108    24.226   -31358.1   -12840.1     2799.2     15.1     16.6     48.3 2020  9 21 21 53 10.520  0.00   1
   102728  40.434737 -124.600749    23.645   -31242.9   -12825.2     2217.5     16.1     18.2     19.2 2020  9 28  9 34 39.840  0.00   1
   102729  40.434607 -124.602010    24.215   -31349.9   -12839.6     2787.4      9.4     12.2     37.2 2020  9 29 16 42 12.380  0.00   1
   102730  40.434607 -124.602002    24.217   -31349.2   -12839.6     2789.6     10.6     13.6     40.2 2020  9 29 16  6 55.980  0.00   1
   102731  40.434880 -124.601847    24.254   -31336.0   -12809.3     2826.4     43.4     49.6    252.9 2020 10  8  8 34 56.540  0.00   1
   102732  40.434941 -124.602157    24.172   -31362.2   -12802.6     2745.2     11.0     15.5     44.6 2020 10 13 22  5 11.460  0.00   1
   102733  40.434607 -124.602108    24.224   -31358.1   -12839.6     2796.4     10.7     11.8     35.7 2020 11 11  2 48 36.380  0.00   1
   102734  40.434611 -124.602319    24.189   -31376.1   -12839.2     2761.5     12.1     13.9     46.5 2020 12 19  3 23 42.480  0.00   1
   102736  40.434928 -124.599951    23.565   -31175.2   -12803.9     2137.3     24.1     33.9     31.1 2021  1 21 20 46 20.820  0.00   1
   102737  40.434603 -124.602051    24.213   -31353.3   -12840.1     2785.8     11.1     13.8     45.7 2021  2 12  4 31  7.420  0.00   1
   102738  40.434806 -124.600928    23.759   -31258.0   -12817.5     2331.9     16.1     20.5     21.1 2021  2 12 20  8 51.240  0.00   1
   102739  40.434574 -124.602222    24.220   -31367.8   -12843.2     2792.6     13.5     17.3     49.3 2021  2 12  4 29 14.400  0.00   1
   102740  40.434623 -124.601278    23.971   -31287.8   -12837.8     2544.2     10.3     10.5     14.9 2021  2 20 23 40 36.700  0.00   1
   102741  40.434631 -124.602010    24.203   -31349.8   -12836.9     2776.0     13.2     13.0     53.3 2021  4 14  4 39 59.360  0.00   1
   102742  40.434615 -124.601945    24.216   -31344.3   -12838.7     2788.9     15.3     17.6     50.4 2021  4 14  1 27 41.100  0.00   1
   102743  40.434619 -124.602083    24.207   -31356.1   -12838.3     2779.9     10.9     14.4     43.8 2021  4 14  5 38 37.620  0.00   1
   102745  40.435677 -124.602254    23.846   -31370.3   -12720.8     2418.9     43.3     47.8     51.0 2021  5 17  6 53 57.120  0.00   1
   102749  40.434607 -124.602051    24.229   -31353.3   -12839.6     2801.6      9.8     13.8     44.2 2021  7 10 11 59 45.840  0.00   1
   102751  40.434611 -124.602026    24.210   -31351.2   -12839.2     2782.7     14.5     13.7     65.1 2021  8 31 18 13 15.560  0.00   1
   102754  40.434611 -124.602051    24.229   -31353.3   -12839.2     2801.3      9.8     13.9     45.2 2021  9 23  9 33 50.540  0.00   1
   102755  40.435360 -124.601969    24.163   -31346.2   -12756.0     2735.3     11.9     16.5     42.6 2021  9 30 19 10  2.220  0.00   1
   102756  40.434587 -124.602075    24.259   -31355.4   -12841.9     2832.2     11.8     16.2     46.5 2021 10  8 23 40 58.400  0.00   1
   102759  40.434611 -124.602051    24.228   -31353.3   -12839.2     2801.0      9.7     13.7     44.6 2021 11  4  9  5 14.280  0.00   1
   102761  40.434615 -124.602043    24.204   -31352.6   -12838.7     2776.7     10.5     12.2     43.5 2021 12  9 20 12 36.400  0.00   1
   102763  40.434611 -124.602043    24.207   -31352.6   -12839.2     2780.2     13.1     16.9     50.5 2021 12 18  5 17 48.600  0.00   1
   102764  40.434611 -124.602100    24.227   -31357.4   -12839.2     2799.3      9.6     12.2     32.9 2021 12 20  7 12 18.880  0.00   1
   102768  40.427856 -124.604476    24.963   -31560.5   -13589.2     3535.3     31.5     57.2     79.4 2022  2 24 23 18 18.200  0.00   1
   102773  40.434587 -124.602116    24.242   -31358.8   -12841.9     2814.5     11.0     13.3     37.6 2022  4 10 14  1 19.800  0.00   1
   102775  40.435339 -124.601978    24.165   -31346.9   -12758.3     2737.3     12.0     16.6     43.0 2022  5 12 21 39 49.620  0.00   1
   102776  40.434664 -124.601156    24.234   -31277.4   -12833.3     2806.8     17.8     12.2     35.1 2022  5 15 21 30 42.600  0.00   1
   102777  40.434566 -124.602450    24.243   -31387.1   -12844.1     2815.9     15.4     18.7     50.0 2022  6  2  9 50 27.060  0.00   1
   102778  40.431364 -124.604191    24.752   -31535.5   -13199.7     3324.4     26.7     28.5     54.7 2022  6 17  0 59 30.760  0.00   1
   102780  40.434595 -124.601904    24.228   -31340.9   -12841.0     2800.9      9.8     12.8     36.4 2022  7 21  2 41 31.540  0.00   1
   102781  40.434603 -124.602051    24.207   -31353.3   -12840.1     2780.1     13.7     17.2     49.2 2022  7 28  9 22  9.400  0.00   1
   102783  40.434969 -124.602091    24.213   -31356.7   -12799.4     2785.3     15.1     22.7     72.1 2022  8 24 18 40  2.660  0.00   1
   102785  40.436731 -124.598153    23.843   -31022.3   -12603.8     2416.1    128.8    179.7    336.3 2022  8 29 10  0 58.040  0.00   1
   102786  40.434656 -124.602173    24.170   -31363.6   -12834.2     2742.6     28.4     24.7    154.3 2022  9 18 15 28 46.440  0.00   1
   102787  40.434611 -124.602059    24.217   -31354.0   -12839.2     2789.6     13.5     18.2     63.7 2022 10  2 19 33 34.380  0.00   1
   102789  40.434591 -124.602246    24.208   -31369.9   -12841.4     2780.6     15.1     17.9     52.1 2022 10 17  4 45 23.620  0.00   1
   102790  40.434619 -124.602091    24.192   -31356.8   -12838.3     2764.7      9.6     12.6     49.4 2022 10 19 22 24 12.120  0.00   1
   102792  40.434631 -124.602108    24.211   -31358.1   -12836.9     2783.4      8.7     14.5     48.3 2022 11  4 23 19 49.560  0.00   1
   102793  40.434627 -124.602091    24.207   -31356.7   -12837.4     2779.8     19.9     11.9    112.8 2022 11 28  6 17 43.580  0.00   1
   102871  40.524093 -124.421273    23.509   -16016.9    -2902.7     2082.2     40.2     49.6     74.7 2021 12 21 11 40 42.620  0.00   1
   102873  40.526404 -124.418783    23.254   -15805.6    -2646.0     1826.9     43.2     49.8     88.1 2021 12 27  5 28 17.460  0.00   1
   102877  40.518599 -124.413395    23.948   -15350.1    -3512.6     2521.2     35.8     44.8     42.0 2022 11 12  9 39  9.180  0.00   1
   102881  40.576770 -123.889990    22.706    28982.6     2946.9     1279.2     54.9     54.8     62.0 2020  6  5  7 17 17.540  0.00   1
   102882  40.589787 -123.897664    22.056    28329.9     4392.4      629.0     50.7     53.6     56.2 2021  8 31 10  1 55.460  0.00   1
   102884  40.588273 -123.893384    22.643    28692.7     4224.3     1216.1     42.8     43.4     52.6 2022  7  8 14 14 25.800  0.00   1
   102885  40.572974 -123.882235    22.469    29640.2     2525.4     1041.6     50.6     47.8     47.8 2022 10 15  6 34 45.100  0.00   1
   102906  40.550850 -124.492782    22.645   -22070.8       68.7     1217.8    105.1     86.7    171.9 2020  1  8  5 26 50.000  0.00   1
   102908  40.550024 -124.498315    23.875   -22539.7      -23.0     2447.7     70.0     59.5     69.8 2020 10 11 20 54  2.280  0.00   1
   102909  40.543481 -124.504549    27.432   -23068.8     -749.6     6004.3     76.2     71.0    126.2 2021  4 28 19 33 47.460  0.00   1
   102910  40.548275 -124.498104    24.741   -22522.0     -217.3     3313.4     77.3     64.6    170.7 2021  6 12  7 57 57.640  0.00   1
   102911  40.544971 -124.506632    25.052   -23245.0     -584.2     3624.8     84.7     82.6    227.0 2021  6 22  2 52 24.640  0.00   1
   102915  40.544893 -124.506388    25.446   -23224.4     -592.8     4018.9     93.3     90.6    184.6 2021 11 28 13  7  4.440  0.00   1
   102916  40.548474 -124.501799    23.867   -22835.0     -195.2     2439.9     64.3     56.7     84.0 2021 12 21 13 58 37.080  0.00   1
   102917  40.550533 -124.496997    23.852   -22427.9       33.4     2424.8     71.1     59.7     71.6 2021 12 21  8 24 22.960  0.00   1
   103853  40.621309 -123.941024    21.781    24652.5     7892.8      354.0     45.2     47.7     67.9 2020  1 15 17  9  9.680  0.00   1
   103854  40.618518 -123.946989    21.396    24148.0     7582.9      -31.5     37.3     33.4     48.0 2020  9  6  8  2 35.820  0.00   1
   103855  40.624772 -123.949194    21.385    23960.2     8277.3      -42.2     52.6     37.0     57.6 2021 11 17  1 30  5.520  0.00   1
   103856  40.623108 -123.947030    21.493    24143.7     8092.5       66.1     44.9     22.3     56.8 2022  1 29  9  3 15.000  0.00   1
   103857  40.622392 -123.945125    21.659    24305.1     8013.0      232.2     41.6     29.8     59.9 2022  5 22  1 31 29.140  0.00   1
   103859  40.624902 -123.949382    21.369    23944.3     8291.8      -58.5     53.8     37.9     57.4 2022  5 23  3 58 56.800  0.00   1
   103861  40.621281 -123.947664    21.552    24090.3     7889.7      124.6     31.9     16.7     41.5 2022  7 27 10 38  4.700  0.00   1
   103862  40.622213 -123.947526    21.546    24101.9     7993.1      118.6     32.5     25.4     41.7 2022 11 17 16  3 25.080  0.00   1
   103863  40.620866 -123.944661    21.691    24344.6     7843.6      263.6     53.6     27.9     56.3 2022 11 20 23 28 37.040  0.00   1
   103948  40.582479 -123.921696    25.764    26296.4     3580.9     4336.8     61.5     33.4     40.6 2020  7 15 23 27 17.180  0.00   1
   103949  40.582194 -123.922738    25.763    26208.2     3549.2     4335.8     63.0     34.3     41.0 2020  7 15 23 27  7.480  0.00   1
   103953  40.586007 -123.922917    25.327    26192.3     3972.6     3900.2     58.9     27.8     56.6 2021  6 28 22 30 49.640  0.00   1
   103955  40.588928 -123.917822    25.851    26623.2     4297.0     4423.9     72.9     46.7     58.6 2021  8 18 13 15  3.800  0.00   1
   103957  40.584416 -123.911678    25.768    27144.3     3795.9     4340.5     42.3     30.5     58.1 2021  9 30  0  5  3.500  0.00   1
   103958  40.584713 -123.911174    25.735    27187.0     3828.9     4307.3     39.3     29.0     55.2 2021 10 16 22 17 33.780  0.00   1
   103963  40.584509 -123.909993    25.925    27287.0     3806.3     4497.3     56.8     40.4     56.8 2022 10  3  1 19 38.240  0.00   1
   104037  40.619897 -124.312638    19.596    -6808.4     7736.0    -1831.1     40.7     21.8     51.7 2020  3 23  9 10 34.260  0.00   1
   104039  40.620785 -124.314624    20.217    -6976.5     7834.5    -1210.1     44.7     25.4     93.0 2020  3 31  1 10 40.520  0.00   1
   104040  40.621053 -124.315047    19.951    -7012.3     7864.4    -1476.3     23.9     24.1     49.5 2020 12 20  9 55 52.280  0.00   1
   104042  40.620951 -124.315072    19.969    -7014.4     7853.1    -1458.5     37.8     32.4     51.7 2020 12 20 10 47 46.800  0.00   1
   104043  40.621358 -124.313509    20.510    -6882.1     7898.2     -917.6     29.5     24.2     68.6 2020 12 20 10 15 13.920  0.00   1
   104047  40.623682 -124.322811    18.609    -7669.4     8156.3    -2818.2     62.9     54.4    243.9 2021  4 20 22 55  3.440  0.00   1
   104048  40.621794 -124.325521    17.526    -7898.9     7946.6    -3901.5     45.9     43.4     95.9 2021  4 24 18 32 32.740  0.00   1
   104049  40.620683 -124.314412    19.986    -6958.6     7823.2    -1440.9     34.3     27.8     49.4 2021  6 29 21  7 22.600  0.00   1
   104052  40.620723 -124.314128    20.003    -6934.5     7827.8    -1424.5     27.1     16.5     34.7 2021  7  2  7 55 22.400  0.00   1
   104053  40.617261 -124.312663    21.140    -6810.6     7443.2     -287.6     39.2     37.9     82.2 2021  7  3 16 38 35.240  0.00   1
   104054  40.620642 -124.313810    19.987    -6907.6     7818.7    -1440.1     39.3     25.3     51.3 2021  7 14 14 46 21.240  0.00   1
   104055  40.620662 -124.315251    19.932    -7029.5     7821.0    -1495.0     28.3     20.8     40.5 2021  9 17 10  9 30.180  0.00   1
   104056  40.620081 -124.312012    19.756    -6755.4     7756.4    -1671.6     60.0     39.8     65.9 2021 11 18  9 48  5.620  0.00   1
   104060  40.620085 -124.312012    19.764    -6755.4     7756.8    -1663.0     59.1     39.5     65.4 2022  4 14 20  4 26.860  0.00   1
   104061  40.621053 -124.315072    19.988    -7014.4     7864.4    -1439.7     40.5     25.6     49.1 2022  6 16 20 44 53.720  0.00   1
   104064  40.620089 -124.312061    19.739    -6759.5     7757.3    -1688.5     59.2     38.6     66.6 2022 10 23 23 59  6.320  0.00   1
   104510  40.562821 -124.131055    22.445     8568.2     1398.0     1017.9     46.8     35.4     41.9 2020  1 21 18 16 13.040  0.00   1
   104905  40.509184 -124.416992    25.060   -15655.9    -4558.2     3632.6     43.4     32.4     76.8 2020  6 22 15 25 24.880  0.00   1
   104911  40.511556 -124.419491    24.282   -15867.3    -4294.8     2855.1     30.1     22.4     57.2 2021  5 20 19 21 47.940  0.00   1
   104917  40.508077 -124.421688    24.461   -16053.9    -4681.1     3033.4     26.8     36.9     58.1 2021  9 17 15 11 51.640  0.00   1
   104918  40.508407 -124.421989    24.495   -16079.4    -4644.5     3067.6     25.7     18.8     51.8 2021 10  5 18 21 58.320  0.00   1
   104919  40.509294 -124.421216    24.230   -16013.8    -4546.0     2802.6     41.0     36.0     86.5 2021 10 16  3 19 23.200  0.00   1
   104923  40.508887 -124.421191    24.369   -16011.8    -4591.2     2942.1     36.5     39.7     64.2 2021 12 22  5 52  2.020  0.00   1
   104928  40.511560 -124.419523    24.281   -15870.1    -4294.3     2854.1     30.3     22.7     58.9 2022  1 30  2  6 57.660  0.00   1
   104932  40.511532 -124.419539    24.285   -15871.5    -4297.5     2857.6     30.0     22.4     58.8 2022  3  5  0 58 53.080  0.00   1
   104936  40.511479 -124.419653    24.295   -15881.1    -4303.4     2867.5     29.5     21.5     59.1 2022  7 27  2 17 47.560  0.00   1
   104940  40.519637 -124.492554    16.365   -22056.6    -3397.4    -5062.6     58.5     65.5    131.6 2020  1 27  9 51 13.860  0.00   1
   104941  40.518884 -124.492651    15.787   -22065.0    -3481.0    -5640.0     37.9     46.6     68.3 2020  2 20  6 32 59.280  0.00   1
   104942  40.519312 -124.492896    15.694   -22085.6    -3433.6    -5733.0     38.6     48.1     76.5 2020  4  6  9 21 20.960  0.00   1
   104943  40.518286 -124.491545    15.860   -21971.3    -3547.4    -5567.0     41.7     49.7     85.6 2020 12 17 16 41  8.520  0.00   1
   104944  40.513338 -124.487109    19.372   -21596.3    -4096.9    -2055.5    126.5    239.4    437.0 2020 12 19 14 18 19.400  0.00   1
   104945  40.517908 -124.498307    16.724   -22544.3    -3589.5    -4703.5     44.0     56.4     99.9 2021  5 24  0 40 45.520  0.00   1
   104946  40.517712 -124.498405    16.939   -22552.6    -3611.1    -4488.3     43.6     53.1    112.1 2021 11  6  3 38 12.480  0.00   1
   105067  40.735551 -123.937801    23.109    24904.2    20578.8     1682.1     78.0     48.7     66.1 2020  1 29 17 29  4.280  0.00   1
   105385  40.550736 -123.971696    21.420    22067.4       56.0       -7.7     49.8     44.8     22.2 2021  4  1  4 46 23.960  0.00   1
   105390  40.603064 -123.979850    21.630    21368.4     5866.8      203.1     58.9     31.6     68.0 2021  5 23 15 44  5.100  0.00   1
   105391  40.602913 -123.978638    21.558    21471.1     5850.0      130.7     61.7     29.8     62.9 2021  6 30  5 49 47.860  0.00   1
   105468  40.662240 -123.998633    26.883    19769.3    12437.9     5455.6    133.6     94.2    138.0 2021 12 21  1 32 33.780  0.00   1
   105476  40.759521 -123.868164    20.643    30789.2    23240.6     -783.9     46.8     27.0     35.8 2021  4 17 11 13 27.660  0.00   1
   105477  40.756519 -123.866724    20.793    30911.7    22907.2     -634.3     47.1     41.0     95.3 2021  5 16 18 21  8.560  0.00   1
   105483  40.759530 -123.868172    20.643    30788.5    23241.5     -783.8     47.8     27.7     36.7 2022  5  4  3 34 42.980  0.00   1
   105706  40.593176 -124.052620    22.197    15207.9     4768.8      770.0     43.8     29.5     39.3 2020  2  8  2 28 57.160  0.00   1
   105713  40.598405 -124.049007    22.448    15513.3     5349.4     1020.7     40.7     27.5     42.6 2021  8 21  3 33 28.140  0.00   1
   105954  40.545776 -124.064925    19.674    14171.0     -494.8    -1753.2     33.6     30.8     35.4 2020  2  8 19 52 44.320  0.00   1
   105955  40.543958 -124.066284    19.519    14056.0     -696.7    -1908.7     32.5     36.4     34.9 2020  2 23  1  6 17.520  0.00   1
   105956  40.543738 -124.061711    19.970    14443.5     -721.1    -1457.7     46.8     33.7     46.4 2020 10 23 10 31 25.740  0.00   1
   105957  40.543758 -124.061735    19.967    14441.4     -718.9    -1460.0     46.7     33.5     46.0 2021  2 19 15  2  5.840  0.00   1
   105958  40.543726 -124.061686    19.971    14445.6     -722.5    -1456.0     46.5     33.6     46.5 2021  7 27 12 42 23.820  0.00   1
   105960  40.543783 -124.066406    19.489    14045.7     -716.2    -1937.8     29.5     35.6     34.0 2021  9  6  1 57 48.460  0.00   1
   105961  40.544438 -124.060889    20.002    14513.0     -643.4    -1424.9     64.4     35.2     63.6 2021 10 30 15 54 35.980  0.00   1
   106005  40.591484 -124.083569    19.273    12587.4     4580.8    -2153.8     42.8     29.3     37.1 2020  4 19 13  8 57.480  0.00   1
   106006  40.594706 -124.084082    19.105    12543.7     4938.7    -2321.8     96.7     46.1     59.5 2020  6  7 18 47 39.820  0.00   1
   106007  40.591508 -124.081893    19.512    12729.4     4583.5    -1915.5     66.8     39.7     45.2 2020  7 20 16 45 35.520  0.00   1
   106008  40.592887 -124.084904    19.359    12474.3     4736.7    -2068.6     38.3     24.2     35.9 2021 11 25 11 31 45.620  0.00   1
   106009  40.594788 -124.085758    19.053    12401.7     4947.7    -2374.2     49.0     29.9     48.1 2022  1 31  2 46 32.380  0.00   1
   106065  40.533700 -124.385994    25.470   -13027.1    -1835.8     4042.8     62.8     52.7     72.1 2020  2 11 17 54 25.540  0.00   1
   106069  40.502275 -124.450342    16.009   -18482.6    -5325.4    -5418.0     34.5     31.9     63.9 2021  7 22 12 38 41.980  0.00   1
   106070  40.503389 -124.446940    16.212   -18194.2    -5201.6    -5215.5     37.0     30.8     63.7 2021  8 21  7 21 12.600  0.00   1
   106079  40.639201 -123.987533    25.756    20712.3     9879.6     4329.2     33.7     26.2     47.6 2020  2 13 23  7 46.880  0.00   1
   106080  40.642497 -123.974618    27.899    21805.0    10245.6     6472.1     53.6     49.8     77.8 2020  2 27  1  9  9.980  0.00   1
   106081  40.640214 -123.989103    26.593    20579.2     9992.1     5165.4     36.2     32.0     70.8 2020  6 29  6 46  6.840  0.00   1
   106082  40.638110 -123.971997    25.462    22027.6     9758.5     4035.1     57.4     37.2    220.5 2021 11 14 16 50 17.560  0.00   1
   106083  40.639376 -123.987606    25.841    20706.1     9899.0     4414.2     31.5     25.4     43.8 2022  2 10  2 19 50.980  0.00   1
   106084  40.639339 -123.987581    25.791    20708.2     9895.0     4363.5     31.7     16.7     44.1 2022  6  3  6  4  3.860  0.00   1
   106096  40.583240 -124.202808    21.112     2490.6     3665.4     -314.8     77.1     41.0     62.7 2021 11  2  4 49 56.460  0.00   1
   106102  40.516276 -124.418245    19.696   -15761.3    -3770.6    -1730.9     33.3     41.1     35.1 2022  7  6 11 29  4.460  0.00   1
   106103  40.516105 -124.418172    19.703   -15755.1    -3789.6    -1724.1     33.0     39.4     59.1 2022  8 16  8  0  8.060  0.00   1
   106104  40.515963 -124.417961    19.573   -15737.2    -3805.4    -1854.6     27.8     40.6     51.4 2022  8 29 21 57 39.860  0.00   1
   106135  40.553670 -124.211043    17.224     1793.6      381.8    -4203.6     79.5     29.0     49.6 2021  9 13  0  4  6.120  0.00   1
   106440  40.559989 -124.051815    22.770    15279.9     1083.5     1342.5     20.3     19.5     24.8 2021  9  4  5 13 46.140  0.00   1
   106496  40.593127 -124.106567    19.585    10639.8     4763.3    -1842.1     40.0     32.6     42.8 2021  8 27  1 44  5.160  0.00   1
   106497  40.590592 -124.104582    19.889    10808.2     4481.8    -1538.4     35.5     30.7     38.5 2021 11 30  0 51 56.760  0.00   1
   106499  40.591410 -124.105371    19.755    10741.3     4572.7    -1671.8     38.9     35.3     45.6 2022  1  8 11 15 11.920  0.00   1
   106609  40.613139 -123.850122    29.337    32350.2     6985.5     7909.5     82.5     59.5     78.8 2020  2 20 17 26 49.040  0.00   1
   106610  40.609993 -123.848421    27.502    32495.0     6636.2     6075.1     34.6     34.0     30.8 2020  7 17 16 58  8.720  0.00   1
   106612  40.606840 -123.836605    27.615    33496.2     6286.1     6188.2     54.1     41.3     48.0 2021 11 24  2 11 55.300  0.00   1
   106613  40.610038 -123.847070    27.501    32609.3     6641.2     6074.1     40.4     33.2     36.1 2022  5 21  1 58 58.180  0.00   1
   106614  40.511963 -124.414616    21.313   -15454.3    -4249.6     -114.1     32.5     44.4     62.4 2020  2 21 12  1 53.080  0.00   1
   106677  40.575134 -124.075073    19.452    13308.5     2765.3    -1974.9     42.4     34.8     46.8 2020  2 22  2  3 27.180  0.00   1
   106678  40.574866 -124.071134    19.863    13642.1     2735.5    -1564.1     65.2     43.5     49.9 2021  2 19 10 17 53.000  0.00   1
   106679  40.575053 -124.072900    19.699    13492.5     2756.3    -1728.3     51.3     32.7     37.4 2022  1 22 18 50  2.840  0.00   1
   106849  40.550830 -123.978906    21.268    21456.6       66.4     -159.1     22.4     15.6     27.7 2020  2 25 10 41 25.500  0.00   1
   106850  40.549117 -123.973364    21.503    21926.3     -123.8       75.8     32.1     37.8     30.7 2020  6 21 16  9 47.640  0.00   1
   106852  40.548478 -123.972559    21.643    21994.7     -194.7      215.9     30.7     22.6     46.0 2021  6 16 14  0 25.980  0.00   1
   106853  40.548340 -123.973177    21.538    21942.3     -210.1      111.1     29.2     32.6     44.9 2021  6 17 11 40 36.000  0.00   1
   106855  40.549544 -123.974829    21.442    21802.2      -76.4       14.4     30.5     33.6     27.8 2022  9 27  4 34 50.860  0.00   1
   106908  40.622628 -124.301522    20.449    -5867.2     8039.2     -978.3     54.7     34.6     84.4 2021  4  2 11 45  2.260  0.00   1
   106909  40.622819 -124.296086    20.301    -5406.9     8060.5    -1126.2     66.3     23.0    121.9 2021  4  7  1 55 18.100  0.00   1
   106910  40.620671 -124.305127    20.482    -6172.5     7821.9     -945.6     34.9     28.4     77.5 2021 10 17 14 20 53.460  0.00   1
   106916  40.622795 -124.292830    19.381    -5131.3     8057.7    -2046.2     53.1     25.2     49.0 2022  7 14  7 38  2.880  0.00   1
   106917  40.506014 -124.332699    18.000    -8513.9    -4910.2    -3427.2     35.4     41.1     54.3 2020  2 29  6 25 39.720  0.00   1
   106919  40.507389 -124.336361    17.900    -8824.1    -4757.5    -3527.0     28.5     25.5     37.1 2020  6 25 12 39 13.840  0.00   1
   106920  40.507389 -124.336328    17.900    -8821.4    -4757.5    -3526.8     28.6     25.6     37.0 2020  6 26 13 51 55.760  0.00   1
   106921  40.507385 -124.336361    17.897    -8824.1    -4757.9    -3530.5     28.2     25.3     37.2 2020  6 27  9  8 18.860  0.00   1
   106924  40.501449 -124.327987    18.843    -8114.9    -5417.2    -2583.8     30.9     27.3     36.8 2020  7 15 15 49 31.760  0.00   1
   106925  40.507381 -124.336369    17.896    -8824.8    -4758.4    -3531.4     28.0     25.1     37.3 2020  7 15  2 55 13.780  0.00   1
   106926  40.499723 -124.324463    19.225    -7816.4    -5608.8    -2201.8     47.7     35.8     52.9 2020  7 15  5  0 39.940  0.00   1
   106927  40.507385 -124.336336    17.902    -8822.1    -4757.9    -3525.0     28.9     25.8     36.9 2020  7 15 19 40 35.320  0.00   1
   106930  40.507393 -124.336344    17.902    -8822.7    -4757.0    -3525.5     28.8     25.8     36.9 2020  7 16 16  0 18.620  0.00   1
   106931  40.499703 -124.324365    19.243    -7808.2    -5611.0    -2184.1     48.2     36.0     53.4 2020  7 16 12 26  9.680  0.00   1
   106933  40.507829 -124.337516    18.511    -8922.0    -4708.7    -2916.6     23.2     22.7     26.5 2020 11 20 17 12 56.060  0.00   1
   106934  40.507422 -124.335384    17.911    -8741.4    -4753.9    -3516.2     22.5     28.1     38.8 2021  5 12 18 32 23.080  0.00   1
   106937  40.508256 -124.335889    18.707    -8784.1    -4661.2    -2720.0     17.5     17.5     19.5 2021  7 11  5  6 12.560  0.00   1
   106939  40.508211 -124.335921    18.725    -8786.8    -4666.2    -2702.2     19.3     15.7     22.2 2021  7 11  7 17 55.760  0.00   1
   106940  40.508114 -124.335921    18.729    -8786.8    -4677.0    -2697.9     20.1     19.8     19.0 2021  7 11  4 14 40.000  0.00   1
   106941  40.508187 -124.336003    18.734    -8793.7    -4668.9    -2692.9     18.2     17.0     18.7 2021  7 11  3 36 34.760  0.00   1
   106942  40.508199 -124.335832    18.704    -8779.2    -4667.6    -2723.2     18.5     15.5     20.7 2021  7 11  2 14  1.880  0.00   1
   106943  40.508228 -124.335856    18.705    -8781.3    -4664.4    -2722.3     18.2     18.3     19.1 2021  7 11  7 49 35.560  0.00   1
   106944  40.508004 -124.335685    18.726    -8766.8    -4689.2    -2700.8     20.0     15.5     20.4 2021  7 12  6 52 59.100  0.00   1
   106945  40.508293 -124.335881    18.694    -8783.4    -4657.2    -2732.7     17.4     18.8     17.1 2021  7 12  7 38 34.800  0.00   1
   106947  40.508240 -124.335921    18.720    -8786.8    -4663.0    -2706.9     18.3     15.7     21.7 2021  7 12  6 52  5.820  0.00   1
   106948  40.507947 -124.335303    18.714    -8734.4    -4695.6    -2713.2     19.3     18.8     18.9 2021  7 12  6 57 12.740  0.00   1
   106949  40.508260 -124.335889    18.707    -8784.1    -4660.8    -2720.4     17.4     17.4     19.2 2021  7 12  6 51 15.180  0.00   1
   106950  40.508146 -124.335734    18.702    -8771.0    -4673.4    -2725.2     19.3     16.6     23.0 2021  7 12 22 18 34.740  0.00   1
   106951  40.508244 -124.335889    18.706    -8784.1    -4662.6    -2721.4     18.2     17.7     19.8 2021  7 12  8 58 54.960  0.00   1
   106952  40.508256 -124.335929    18.718    -8787.5    -4661.2    -2709.2     17.8     15.6     20.9 2021  7 12  8 46 32.680  0.00   1
   106953  40.508089 -124.335889    18.725    -8784.1    -4679.8    -2701.8     20.4     20.5     20.0 2021  7 12  6 48 36.980  0.00   1
   106954  40.508260 -124.335897    18.708    -8784.8    -4660.8    -2719.6     17.5     17.1     19.2 2021  7 12  6 58 19.680  0.00   1
   106959  40.508223 -124.335913    18.715    -8786.1    -4664.8    -2712.3     18.8     17.4     20.1 2021  7 12 15 18 57.120  0.00   1
   106960  40.508207 -124.335889    18.721    -8784.1    -4666.7    -2706.7     19.0     17.1     20.7 2021  7 12 12 15  8.320  0.00   1
   106961  40.508093 -124.335978    18.750    -8791.7    -4679.3    -2677.0     19.7     18.3     19.5 2021  7 12  7 42 57.140  0.00   1
   106962  40.508069 -124.335758    18.725    -8773.1    -4682.0    -2702.3     19.4     15.9     20.1 2021  7 12  8  3  8.480  0.00   1
   106964  40.508203 -124.335954    18.719    -8789.6    -4667.1    -2708.1     18.5     18.3     17.9 2021  7 12  5 33 43.540  0.00   1
   106965  40.508105 -124.335824    18.728    -8778.6    -4677.9    -2699.0     19.3     15.6     19.2 2021  7 12  8 56 41.260  0.00   1
   106967  40.508236 -124.335921    18.719    -8786.8    -4663.5    -2708.3     18.5     16.1     21.0 2021  7 13  3 34 41.120  0.00   1
   106968  40.508252 -124.335913    18.716    -8786.1    -4661.7    -2711.6     18.4     15.6     20.6 2021  7 13 11  0 10.880  0.00   1
   106970  40.507402 -124.334627    18.781    -8677.2    -4756.1    -2646.7     23.0     17.6     19.0 2021  7 15 17 56 38.860  0.00   1
   106971  40.507304 -124.334530    18.716    -8669.0    -4767.0    -2711.7     24.3     17.8     20.4 2021  7 24 15 17 23.680  0.00   1
   106974  40.508150 -124.335929    18.718    -8787.5    -4673.0    -2708.8     16.9     14.5     24.0 2021 12 20 23 45 33.300  0.00   1
   106975  40.504407 -124.328394    18.923    -8149.2    -5088.7    -2504.6     31.5     27.2     35.8 2021 12 20 21 54 42.040  0.00   1
   106977  40.509619 -124.333586    17.771    -8588.8    -4509.9    -3656.4     26.3     29.6     32.9 2021 12 21 12 29 57.320  0.00   1
   106978  40.503959 -124.331136    18.733    -8381.6    -5138.4    -2694.7     31.4     34.0     48.2 2021 12 22  7  9  8.260  0.00   1
   106979  40.505371 -124.330558    18.589    -8332.6    -4981.6    -2838.4     30.3     28.3     33.0 2021 12 22 17  4 29.540  0.00   1
   106983  40.504297 -124.327946    19.103    -8111.3    -5100.9    -2324.2     29.4     29.4     29.6 2021 12 23 19 43 35.140  0.00   1
   106984  40.507166 -124.328613    18.631    -8167.7    -4782.3    -2795.9     33.9     15.1     23.7 2021 12 23  6 28 39.440  0.00   1
   106986  40.508398 -124.335921    18.748    -8786.8    -4645.4    -2679.6     17.2     14.1     21.1 2021 12 25  0 41  6.140  0.00   1
   106988  40.506832 -124.331722    18.338    -8431.1    -4819.4    -3089.7     29.8     24.6     29.0 2021 12 31  7 30 11.740  0.00   1
   106989  40.506946 -124.334961    18.847    -8705.5    -4806.7    -2580.0     21.4     18.6     19.6 2022  1  2 19  6  3.500  0.00   1
   106990  40.507149 -124.328564    18.626    -8163.6    -4784.1    -2801.3     34.7     15.3     24.4 2022  1  2 18 43 27.640  0.00   1
   106991  40.507056 -124.330558    18.675    -8332.5    -4794.5    -2751.8     31.8     28.1     30.7 2022  1 29  0 56  4.940  0.00   1
   106992  40.506909 -124.332821    18.461    -8524.2    -4810.8    -2966.2     23.5     25.3     31.1 2022  2 20  7 55 33.920  0.00   1
   106993  40.507890 -124.330729    18.574    -8346.9    -4701.9    -2852.9     41.0     28.1     33.0 2022  4 11  8 48 35.180  0.00   1
   106995  40.508171 -124.335864    18.720    -8782.0    -4670.7    -2707.5     20.0     18.0     20.7 2022  5 14  5 11 24.580  0.00   1
   106996  40.508203 -124.335897    18.695    -8784.8    -4667.1    -2732.6     16.3     15.9     20.6 2022  5 21 19  6 31.100  0.00   1
   106997  40.507271 -124.327743    18.624    -8093.9    -4770.6    -2803.3     42.8     15.1     27.4 2022  7 18  4 14 31.760  0.00   1
   107286  40.596069 -124.015698    22.785    18334.0     5090.0     1358.2     21.3     19.4     22.1 2020  4 12 17 13 25.640  0.00   1
   107287  40.592546 -124.011279    22.959    18708.7     4698.7     1531.8     27.9     28.4     23.1 2020  4 18 11  7 43.200  0.00   1
   107288  40.593766 -124.012028    22.867    18645.1     4834.3     1439.6     30.3     19.2     22.1 2020 11 20  1 42 41.040  0.00   1
   107289  40.592200 -124.011873    22.973    18658.4     4660.3     1545.3     17.0     26.6     20.1 2020 11 20  1 23 58.260  0.00   1
   107290  40.591870 -124.011898    22.976    18656.4     4623.7     1548.3     33.2     28.1     23.8 2020 11 20  1 20 56.960  0.00   1
   107291  40.592660 -124.010962    23.031    18735.5     4711.4     1603.7     22.4     26.3     23.6 2020 11 20  7  8 23.000  0.00   1
   107292  40.595386 -124.013826    22.778    18492.6     5014.1     1350.9     25.7     19.5     22.4 2021 11 14 17  4  4.680  0.00   1
   107293  40.594438 -124.012630    22.869    18594.0     4908.8     1441.5     22.6     16.6     17.9 2021 12  5 10 31 19.440  0.00   1
   107297  40.591593 -124.013924    22.944    18484.9     4593.0     1516.5     25.6     37.1     35.1 2022  1 27  3  6  7.800  0.00   1
   107337  40.505579 -124.426676    23.915   -16476.9    -4958.5     2488.1     54.4     85.2     56.8 2020  3  7  9 53 50.140  0.00   1
   107338  40.494405 -124.450317    26.751   -18481.6    -6199.3     5323.6     54.2     42.9     75.4 2020  9 23 15 27 24.660  0.00   1
   107341  40.492830 -124.441968    25.592   -17774.3    -6374.2     4164.4     50.9     71.7     55.6 2022  5  3 13  8 48.100  0.00   1
   107359  40.530168 -124.383260    25.368   -12795.8    -2228.0     3940.5     44.0     29.8     54.6 2021 12 20 22 54  5.520  0.00   1
   107361  40.526506 -124.382349    23.896   -12718.9    -2634.7     2468.3     56.7     36.0     43.0 2021 12 20 21 57 14.080  0.00   1
   107370  40.470972 -124.534424    25.470   -25613.2    -8801.5     4042.7     35.8     86.6     94.9 2021 11 16  4 40 39.460  0.00   1
   107371  40.475671 -124.529093    23.465   -25160.5    -8279.6     2037.8     35.2     58.5     47.7 2022  4  3 19 28  4.080  0.00   1
   107574  40.473059 -124.428223    19.714   -16611.9    -8569.7    -1713.3     35.6     45.3     44.3 2020  3 11 22 47 36.760  0.00   1
   107579  40.473112 -124.428670    19.628   -16649.9    -8563.8    -1799.0     41.0     41.5     40.1 2021  9 21 12 24 42.300  0.00   1
   107580  40.473783 -124.429590    19.493   -16727.7    -8489.3    -1934.2     33.1     42.7     43.9 2021 10 16  2 20 43.560  0.00   1
   107582  40.473079 -124.442619    19.586   -17832.1    -8567.4    -1841.2     56.1     60.3     81.8 2022  2  5  7 43 32.760  0.00   1
   107583  40.472432 -124.430811    18.904   -16831.3    -8639.3    -2522.9     62.2     53.1     66.5 2022  2 19 19 28 29.060  0.00   1
   107584  40.467424 -124.429517    19.679   -16722.3    -9195.5    -1748.4     49.7     53.0     50.4 2022  2 21 15 20 50.320  0.00   1
   107585  40.467281 -124.429443    19.760   -16716.1    -9211.3    -1667.1     49.7     53.9     49.2 2022  3  8 13 52  8.680  0.00   1
   107586  40.472620 -124.426196    19.892   -16440.3    -8618.5    -1535.3     37.8     45.1     42.0 2022  3 17  5 45 51.800  0.00   1
   107609  40.573718 -123.954696    21.598    23503.4     2608.0      170.3     31.0     31.0     27.7 2021 12 25 22 49 23.520  0.00   1
   107620  40.502922 -124.505111    26.798   -23123.3    -5253.6     5370.9     20.7     29.6     35.1 2020  3 20 11 54 38.000  0.00   1
   107621  40.502401 -124.504744    27.057   -23092.4    -5311.4     5629.9     19.8     17.8     41.5 2020  3 20 22 28 21.200  0.00   1
   107622  40.501994 -124.504264    27.080   -23051.8    -5356.6     5652.6     17.2     30.9     28.7 2020  3 21 20 18  7.640  0.00   1
   107623  40.501961 -124.503898    27.130   -23020.7    -5360.2     5702.7     16.4     28.2     24.1 2020  3 21 19  0  1.520  0.00   1
   107626  40.502515 -124.506681    26.828   -23256.5    -5298.8     5400.7     36.2     32.4     28.5 2020  4 18 11  0 19.100  0.00   1
   107627  40.501664 -124.502132    28.162   -22871.1    -5393.2     6734.5     38.0     49.2     50.1 2020  4 29 15  5 11.240  0.00   1
   107635  40.502201 -124.503817    27.118   -23013.8    -5333.6     5690.4     13.5     25.7     25.9 2021  6 23  5 14 47.320  0.00   1
   107636  40.502010 -124.504728    27.140   -23091.1    -5354.8     5713.1     19.5     24.0     32.7 2021  6 27 15 30 22.300  0.00   1
   107638  40.502368 -124.504386    26.955   -23062.0    -5315.1     5527.7     25.7     28.0     38.8 2021  8 29 17 32  5.980  0.00   1
   107639  40.504167 -124.503833    27.119   -23014.8    -5115.3     5691.3     54.2     72.5     75.5 2021  9  1  5  5 36.660  0.00   1
   107641  40.502039 -124.504753    27.142   -23093.1    -5351.7     5714.5     19.5     22.6     32.3 2021 10  7 19  8 24.060  0.00   1
   107644  40.502047 -124.501668    27.533   -22831.8    -5350.7     6105.8     22.6     28.6     35.1 2021 10 30 23 40 23.100  0.00   1
   107645  40.502502 -124.506714    26.820   -23259.2    -5300.1     5393.0     36.6     32.6     28.9 2021 11 20  8 44 57.940  0.00   1
   107648  40.501986 -124.504696    27.131   -23088.3    -5357.5     5703.4     19.5     25.3     33.6 2021 12 18  8 55  3.900  0.00   1
   107651  40.502527 -124.503312    26.923   -22971.0    -5297.4     5495.9     33.6     37.4     31.8 2022  1 12 11 34 59.600  0.00   1
   107654  40.501778 -124.502173    27.629   -22874.6    -5380.6     6201.4     23.8     46.6     34.6 2022  4 13 23 57 43.640  0.00   1
   107655  40.497742 -124.497217    27.529   -22455.3    -5828.8     6101.4     55.7     75.5    100.1 2022  7 29 16 38  2.820  0.00   1
   107656  40.503048 -124.504484    27.068   -23070.2    -5239.6     5640.6     23.7     39.3     24.9 2022  8 10  2 25 35.080  0.00   1
   107657  40.502502 -124.506714    26.820   -23259.2    -5300.1     5392.6     36.8     32.0     29.2 2022  8 23  6 57 35.860  0.00   1
   107661  40.502954 -124.505094    26.787   -23121.9    -5250.0     5359.7     20.5     29.8     35.4 2022 10 16 17  6 16.580  0.00   1
   107662  40.502808 -124.505501    26.825   -23156.4    -5266.3     5397.5     21.7     26.8     32.8 2022 10 16 21 31  2.740  0.00   1
   107663  40.502804 -124.505493    26.831   -23155.7    -5266.7     5403.6     21.6     26.8     32.8 2022 10 16 17  0 17.060  0.00   1
   107664  40.524609 -124.391423    23.567   -13487.9    -2845.3     2139.3     40.2     58.0     46.9 2020  3 13 19 20 41.280  0.00   1
   107680  40.564071 -124.011654    22.876    18680.9     1536.7     1448.9     70.9     41.7     59.3 2020  4 27  3 46 18.440  0.00   1
   107683  40.562329 -124.010278    22.618    18797.7     1343.3     1190.5     35.2     24.8     25.7 2020 11 11 11 22 54.400  0.00   1
   107687  40.562610 -124.010669    22.707    18764.5     1374.5     1279.8     51.4     34.6     43.5 2021 12 25 23  5 26.280  0.00   1
   107808  40.546016 -124.196932    27.709     2989.0     -468.1     6281.9    118.0     70.0    105.6 2020  3 18 22 58 40.420  0.00   1
   107818  40.469470 -123.822754    23.301    34704.3    -8968.2     1873.4     25.9     43.2     37.1 2021  1 21 21  8 56.860  0.00   1
   107819  40.469214 -123.820858    23.309    34865.0    -8996.7     1881.4     17.0     56.5     43.1 2021  1 24 19 45 59.820  0.00   1
   107820  40.469971 -123.821460    23.293    34813.8    -8912.6     1865.7     25.5     48.2     35.6 2022  1 24 23 34 18.900  0.00   1
   107822  40.464709 -123.820264    23.097    34916.5    -9496.9     1669.3     39.7     83.1     52.6 2022  9 20 16  0 37.520  0.00   1
   107823  40.470321 -123.823332    23.285    34655.1    -8873.8     1858.2     28.4     30.7     38.1 2022 11 20 17  4 54.300  0.00   1
   107825  40.516557 -124.416398    19.856   -15604.7    -3739.5    -1571.7     25.0     30.8     40.4 2020  3 18 23 32 29.300  0.00   1
   107844  40.620662 -124.310653    19.568    -6640.3     7821.0    -1859.6     57.6     51.3    110.6 2020  3 18  4 40 58.500  0.00   1
   107847  40.620504 -124.305477    21.371    -6202.1     7803.4      -56.1     57.4     49.0    101.9 2022  1 23 16 30 25.180  0.00   1
   107849  40.620691 -124.312069    19.183    -6760.1     7824.1    -2244.4     61.3     51.4    122.6 2022 10 21 10 46 28.380  0.00   1
   107887  40.578027 -124.431258    22.641   -16856.1     3086.6     1214.1     73.5     50.6    100.0 2020  7 13 13  8 40.060  0.00   1
   107888  40.578613 -124.431030    22.991   -16836.7     3151.6     1564.2     53.2     37.6     57.1 2020  8 15  3 41 44.920  0.00   1
   107890  40.578979 -124.431348    23.001   -16863.6     3192.3     1573.3     52.4     41.7     53.1 2021  8  9 17  8 53.000  0.00   1
   107891  40.584249 -124.426774    23.267   -16475.6     3777.4     1839.6     71.8     37.6     76.2 2021  8 11  0 58 47.400  0.00   1
   107895  40.577942 -124.428800    22.485   -16648.0     3077.1     1057.7     61.6     63.4     93.1 2022  9  4 19 13 25.340  0.00   1
   107928  40.581637 -124.426017    22.643   -16411.8     3487.3     1215.9     49.1     92.3    123.3 2020  7 22  0 55 19.100  0.00   1
   107930  40.611296 -124.437760    22.600   -17402.5     6780.8     1172.7     68.3     48.9    141.1 2021 12 13  1 46 42.200  0.00   1
   107964  40.531551 -124.400448    16.979   -14251.7    -2074.4    -4448.4     29.7     40.2     64.5 2021 11 14  0  8  4.400  0.00   1
   107965  40.531950 -124.399894    16.902   -14204.8    -2030.1    -4525.5     29.8     38.5     63.9 2021 12 21 22 13 12.300  0.00   1
   107971  40.533687 -124.399821    16.412   -14198.4    -1837.2    -5014.8     67.1     47.1     95.2 2022 10  9 19  5  2.280  0.00   1
   107978  40.529468 -124.424284    26.618   -16271.3    -2305.8     5191.1     32.2     42.0     44.7 2021  4 15  8 56 41.520  0.00   1
   107980  40.524642 -124.426717    27.350   -16478.0    -2841.7     5922.7     36.8     34.6     57.1 2021  8  4 18 58 46.060  0.00   1
   107981  40.522888 -124.419759    26.934   -15888.8    -3036.4     5507.0     64.1     49.7     75.6 2021  8 21 16 23 33.700  0.00   1
   107983  40.527234 -124.423975    26.772   -16245.4    -2553.8     5344.6     53.7     50.9     70.5 2021 11  3  7 32 49.840  0.00   1
   107984  40.521122 -124.423039    27.237   -16166.8    -3232.5     5809.3     55.5     58.6     81.2 2021 12  3 10 42 13.240  0.00   1
   107988  40.527999 -124.419092    26.048   -15831.6    -2468.9     4620.9     54.7     36.6     66.0 2022  2 13 11 20 53.200  0.00   1
   107989  40.528870 -124.416634    26.451   -15623.3    -2372.2     5023.6     55.1     48.8     49.3 2022  4 26 22 35 44.360  0.00   1
   107990  40.525680 -124.427083    26.866   -16508.9    -2726.4     5439.2     36.4     36.6     44.7 2022  8 18  8 41 53.440  0.00   1
   107991  40.528446 -124.426945    26.524   -16496.9    -2419.2     5096.6     31.5     37.4     56.0 2022 11  8  8 40 30.120  0.00   1
   107992  40.525175 -123.979419    20.616    21417.2    -2782.5     -811.3     36.9     30.1     36.7 2020  3 19 15 51  1.740  0.00   1
   107998  40.524394 -123.977620    20.726    21569.7    -2869.2     -701.0     35.3     35.6     34.9 2022  1 22 10 34 20.100  0.00   1
   107999  40.527319 -123.978101    20.681    21528.6    -2544.3     -746.0     32.1     42.5     32.4 2022  2 15  1 12 31.400  0.00   1
   108057  40.460913 -124.445711    22.917   -18095.8    -9918.4     1490.1    101.8     97.3    113.5 2021 12  5 19 24 48.900  0.00   1
   108061  40.466052 -124.443929    22.271   -17944.0    -9347.8      843.4     95.3     87.4    118.2 2022  9 23 15 56 33.080  0.00   1
   108062  40.474540 -124.420972    21.220   -15997.2    -8405.2     -207.1     80.3    108.3    106.5 2022  9 28 23  9 12.340  0.00   1
   108063  40.577014 -124.348893    28.316    -9880.9     2974.0     6888.6    102.2     88.5    134.8 2020  3 20  8 49 18.520  0.00   1
   108064  40.581156 -124.347860    26.689    -9793.1     3434.0     5261.7     97.1     86.8    147.9 2021 10 17  9 59  8.260  0.00   1
   108067  40.538517 -124.406038    28.534   -14724.6    -1300.9     7106.8     35.0     43.6     31.1 2021 11  3 11  8 47.100  0.00   1
   108068  40.535531 -124.406177    28.496   -14736.7    -1632.5     7068.3     48.4     49.3     43.0 2021 11  3  4 10 39.340  0.00   1
   108070  40.537447 -124.405900    28.610   -14713.0    -1419.7     7182.8     31.9     40.9     33.8 2021 12 20 21 58 50.200  0.00   1
   108071  40.537764 -124.405623    29.095   -14689.5    -1384.5     7667.6     41.0     35.5     44.5 2022  1  6 19 21 44.640  0.00   1
   108073  40.616349 -123.951139    22.062    23797.0     7342.0      635.1     40.8     34.6     62.3 2020  9 26  5 11 46.240  0.00   1
   108076  40.614514 -123.945003    21.496    24316.8     7138.2       68.8     56.9     55.5     55.3 2021 10 28  3 17 37.200  0.00   1
   108082  40.614469 -123.945093    21.527    24309.3     7133.3       99.7     57.5     55.8     54.8 2022  4 23 20  0 10.440  0.00   1
   108083  40.620589 -123.947526    21.224    24102.2     7812.8     -202.9     22.8     20.1     46.8 2022  6 17 14 38  4.080  0.00   1
   108103  40.551497 -124.245223    23.565    -1101.5      140.5     2137.8     67.9     62.1     45.8 2020  3 24  7  2 14.780  0.00   1
   108105  40.551819 -124.255859    21.620    -2002.5      176.2      192.9     59.1     36.7     52.3 2020 11 21  0 51 45.000  0.00   1
   108108  40.549219 -124.248201    23.239    -1353.8     -112.5     1811.3     70.6     66.3     55.6 2022 11 11 23  8  9.040  0.00   1
   108253  40.742847 -123.836304    20.285    33487.9    21389.0    -1142.5     68.9     62.3     85.7 2020  3 28 12 19 52.180  0.00   1
   108254  40.746179 -123.839958    20.276    33178.0    21759.0    -1151.4     60.1     52.5    105.1 2020  9 14 17 47 56.900  0.00   1
   108256  40.479529 -124.454989    19.053   -18879.5    -7851.3    -2374.1     38.2     37.4     68.3 2020  3 29  2 10 37.820  0.00   1
   108258  40.475952 -124.455859    19.596   -18953.8    -8248.4    -1831.2     38.8     43.6     49.6 2021 10  3  5 55  4.840  0.00   1
   108259  40.476139 -124.456038    19.566   -18969.0    -8227.6    -1861.3     38.5     37.3     52.4 2021 11 19  6 49 32.480  0.00   1
   108344  40.526192 -124.399129    16.682   -14140.6    -2669.5    -4745.5     79.7     55.6    164.7 2022  6  5 23 40 24.620  0.00   1
   108357  40.571423 -124.096582    22.488    11487.2     2353.2     1060.8     71.9     50.5     51.0 2021  2 21 19 35 38.660  0.00   1
   108358  40.573014 -124.097184    22.841    11436.1     2529.9     1413.3     61.3     50.2     50.4 2021 10 31 11 18 33.720  0.00   1
   108359  40.568591 -124.097876    22.598    11377.9     2038.7     1171.1     70.9     54.6     45.5 2022  2  6  9 49 13.780  0.00   1
   108413  40.469051 -124.505216    23.588   -23138.1    -9014.8     2160.8     63.7     68.4    105.5 2020  4 13  9 58 32.960  0.00   1
   108414  40.472791 -124.498910    22.823   -22602.9    -8599.5     1395.8     67.8     59.0    115.9 2020  8 28 23 50 45.120  0.00   1
   108415  40.465938 -124.502612    26.167   -22917.9    -9360.4     4740.1     69.1    102.2    110.2 2020  9 24 22 17 36.960  0.00   1
   108416  40.468587 -124.504061    24.926   -23040.2    -9066.3     3498.6     38.5     66.4     95.8 2021  2  3  1 21 28.060  0.00   1
   108422  40.468498 -124.508577    23.882   -23423.0    -9076.2     2454.4     38.1     60.0     84.2 2021 11 29 21 27 26.620  0.00   1
   108424  40.465259 -124.504614    26.202   -23087.7    -9435.9     4774.6     39.0     65.4     72.5 2022  2 13  8 54 23.040  0.00   1
   108430  40.469527 -124.505379    23.740   -23151.8    -8961.9     2312.8     38.6     43.6    177.6 2022 11 14 21 27 40.840  0.00   1
   108460  40.609814 -124.086157    15.003    12366.6     6616.4    -6424.3     67.7     46.7    111.2 2020  4 19 16  8 58.720  0.00   1
   108464  40.611194 -124.093368    18.399    11756.0     6769.5    -3028.7     54.7     33.4     54.2 2022  1 22 11 10 16.600  0.00   1
   108465  40.612138 -124.095540    18.029    11571.9     6874.4    -3398.5     53.8     44.2     61.4 2022  1 29  6 14 29.780  0.00   1
   108466  40.583175 -124.294157    21.856    -5245.2     3658.1      428.9     54.1     39.0     59.0 2020  4 19 16 21  7.220  0.00   1
   108475  40.494922 -124.430273    26.065   -16783.0    -6141.9     4637.7     57.1     45.4     91.8 2020  8 21 16 41  2.020  0.00   1
   108479  40.505550 -124.435319    22.895   -17209.2    -4961.7     1467.8     51.3     62.7     84.5 2021  9 26  7 21 14.820  0.00   1
   108490  40.639140 -124.003817    23.837    19333.9     9872.8     2410.2     65.9     53.6     62.5 2020  4 19  6 45 57.780  0.00   1
   108491  40.515438 -124.341455    18.365    -9255.2    -3863.7    -3061.8     32.1     40.8     48.9 2020  4 21 11 21 54.140  0.00   1
   108492  40.509652 -124.335563    18.996    -8756.4    -4506.2    -2431.1     20.6     24.0     30.8 2020  6 19  5 30 29.960  0.00   1
   108493  40.509757 -124.333561    19.131    -8586.8    -4494.5    -2296.4     29.4     28.8     30.7 2021  3 12  1 30 38.560  0.00   1
   108494  40.509875 -124.335531    19.075    -8753.6    -4481.4    -2352.3     33.8     25.1     38.4 2021  6 14 22 35  4.460  0.00   1
   108495  40.510140 -124.329834    19.716    -8270.9    -4452.0    -1711.4     49.3     36.4     52.0 2021  6 14 21 36  2.260  0.00   1
   108496  40.509233 -124.331169    19.577    -8384.1    -4552.8    -1850.5     40.7     57.8     42.4 2021  6 14 21 44 45.960  0.00   1
   108497  40.509953 -124.336255    19.035    -8815.0    -4472.8    -2392.3     19.1     24.2     22.9 2021  6 15  9 44 20.640  0.00   1
   108498  40.510571 -124.335750    18.947    -8772.2    -4404.1    -2479.9     32.0     27.9     26.1 2021  6 15  8 53  6.160  0.00   1
   108499  40.510543 -124.336507    18.768    -8836.3    -4407.3    -2659.5     21.8     25.3     36.9 2021  6 15  9 30  2.180  0.00   1
   108500  40.511316 -124.337557    18.810    -8925.2    -4321.4    -2617.7     24.4     28.7     29.7 2021  6 15  9 15  5.520  0.00   1
   108501  40.510063 -124.334668    19.117    -8680.5    -4460.6    -2310.5     32.5     26.3     32.9 2021 12 11  4 20 38.740  0.00   1
   108566  40.641724 -124.061125    23.438    14482.6    10159.7     2010.3    206.8    104.9    152.3 2020  5  5 15 41 19.740  0.00   1
   108569  40.507495 -124.486043    23.594   -21506.9    -4745.7     2166.7     39.9     60.1    107.5 2020  5  6  2 15 26.660  0.00   1
   108570  40.509196 -124.488688    24.534   -21730.8    -4556.9     3106.9     43.7     45.5    120.3 2021  7 27  7 34 24.040  0.00   1
   108571  40.607935 -124.087264    17.476    12273.0     6407.6    -3951.5     60.6     31.9     45.5 2020  5  9 23 48 21.420  0.00   1
   108578  40.490169 -124.505509    15.713   -23159.3    -6669.7    -5714.3     45.6     48.9    128.6 2022  3 19 17 38 45.720  0.00   1
   108600  40.553117 -124.258374    24.917    -2215.5      320.4     3489.5     42.8     39.1     66.0 2020  8  8  3  7 36.200  0.00   1
   108601  40.548307 -124.251270    26.203    -1613.7     -213.7     4775.7     64.2     58.3     90.7 2021  7 18  8 37 44.140  0.00   1
   108604  40.548067 -124.247152    23.268    -1264.9     -240.4     1840.5     89.6     30.1     54.7 2022  6 14  4 29 40.760  0.00   1
   108605  40.552356 -124.236255    21.946     -341.9      235.9      519.1     99.6     30.0     52.9 2022  6 29  2 18 33.580  0.00   1
   108609  40.532711 -124.345964    18.155    -9636.0    -1945.6    -3272.6     46.6     33.6     68.1 2020  5 21  5 49 36.720  0.00   1
   108610  40.532707 -124.345955    18.155    -9635.3    -1946.1    -3272.4     46.5     33.4     67.8 2020  5 21  6  0 18.060  0.00   1
   108611  40.542074 -124.342871    17.315    -9373.4     -905.9    -4112.4     43.0     43.1     35.6 2020  5 21  5 49 32.040  0.00   1
   108616  40.526827 -124.404500    19.145   -14595.6    -2599.0    -2281.8     33.0     36.4     38.2 2020  5 27 17 28 46.460  0.00   1
   108617  40.528109 -124.400602    17.696   -14265.2    -2456.7    -3731.7     34.9     42.5     57.4 2021 12 21  9 14 12.320  0.00   1
   108618  40.522949 -124.412516    18.360   -15275.1    -3029.6    -3067.0     34.8     32.7     47.7 2020  5 29  3 10 10.980  0.00   1
   108624  40.532320 -124.337500    19.736    -8919.0    -1989.0    -1691.3     50.2     50.0     70.0 2020  6  1 23 58 17.820  0.00   1
   108625  40.519584 -124.329834    21.220    -8270.4    -3403.3     -207.2     37.8     35.2     29.5 2020  6 24  4 56 53.760  0.00   1
   108626  40.519572 -124.329818    21.227    -8269.0    -3404.7     -200.2     37.7     35.6     30.0 2020  6 25 13  0 35.620  0.00   1
   108655  40.578760 -124.190039    19.149     3572.0     3167.9    -2278.3     53.6     21.9     28.9 2021 10 12  3 27 25.740  0.00   1
   108724  40.623295 -123.929858    21.556    25597.4     8113.3      128.8     39.9     31.6     50.8 2020  6 14 11 45 45.620  0.00   1
   108732  40.589453 -123.918490    20.844    26566.5     4355.3     -583.6     92.5     79.3     90.6 2022 10 13 19 35 55.660  0.00   1
   108757  40.543738 -124.055290    19.908    14987.4     -721.1    -1519.2     34.2     39.2     37.3 2020  6 14 14 58 40.620  0.00   1
   108758  40.540743 -124.053125    19.928    15171.1    -1053.7    -1499.5     41.2     34.1     38.8 2021  3  4 22 22 58.560  0.00   1
   108759  40.538603 -124.041146    20.400    16186.1    -1291.4    -1027.7     51.8     62.9     48.7 2022  2 22 19 27 13.320  0.00   1
   108760  40.539303 -124.044092    19.841    15936.5    -1213.7    -1586.4     66.7     39.1     45.7 2022  3 14  4  0 41.420  0.00   1
   108761  40.539274 -124.048185    20.002    15589.7    -1216.8    -1425.3     48.9     49.0     50.9 2022  4  7 13 29 19.080  0.00   1
   108768  40.612179 -124.089225    18.243    12106.6     6878.9    -3184.6     71.6     65.6     48.7 2020 12 14 11 30 35.940  0.00   1
   108775  40.487581 -123.868424    20.841    30829.3    -6957.1     -585.8     51.4     76.5     70.0 2021  3 12  6 12 15.860  0.00   1
   108778  40.521122 -123.909839    21.117    27312.9    -3232.5     -310.6     21.4     19.6     28.6 2021 10  5  6 18 43.140  0.00   1
   108780  40.521358 -123.910107    21.106    27290.1    -3206.3     -321.7     21.7     19.5     28.1 2021 10  6 16 45 29.740  0.00   1
   108782  40.521159 -123.909920    21.107    27306.0    -3228.4     -320.2     21.6     19.7     28.3 2021 10  6 17 13 28.040  0.00   1
   108784  40.526603 -123.913656    20.711    26988.4    -2623.9     -715.9     54.3     63.0     78.2 2021 10  6 18 40 27.620  0.00   1
   108785  40.520911 -123.909652    21.114    27328.8    -3256.0     -312.8     22.9     20.7     29.2 2021 10  6 19 49 19.280  0.00   1
   108789  40.521944 -123.910620    21.108    27246.5    -3141.2     -318.9     22.6     21.0     28.0 2021 10  6 11 42 23.740  0.00   1
   108794  40.521155 -123.909871    21.111    27310.1    -3228.9     -316.7     23.4     20.4     29.2 2021 10  9 19 44 44.220  0.00   1
   108797  40.510152 -123.898633    21.311    28264.6    -4450.7     -116.1     53.6     65.7     37.1 2021 10 10 14 55 46.020  0.00   1
   108839  40.500993 -124.432495    23.545   -16970.5    -5467.8     2117.6     39.2     38.6     46.7 2021  4  7 10 38 50.740  0.00   1
   108840  40.499076 -124.437158    23.557   -17365.9    -5680.6     2130.1     28.7     33.5     35.5 2021 11  7  2 42 54.760  0.00   1
   108860  40.630452 -123.929858    21.570    25596.0     8908.1      142.8     51.2     50.1     67.2 2020  7  8 15  4 51.000  0.00   1
   108864  40.610148 -123.881836    23.829    29665.8     6653.4     2402.2     57.4     50.1     66.3 2020  7 12  6 10  9.180  0.00   1
   108865  40.609399 -123.883187    23.798    29551.6     6570.3     2370.7     59.3     50.0     66.3 2021  7 25  9 12 32.240  0.00   1
   108866  40.609001 -123.887313    23.770    29202.4     6526.0     2343.1     77.4     65.9     79.9 2022  9 20 20 35 29.800  0.00   1
   108897  40.598470 -124.119572    16.029     9538.3     5356.6    -5397.8    118.7     64.5     76.8 2020  7 21  9 58 36.880  0.00   1
   108901  40.606250 -124.108732    18.053    10455.5     6220.5    -3374.6    102.7     39.3     51.5 2020  7 28 10 54 20.520  0.00   1
   108918  40.645589 -124.016927    18.637    18223.3    10589.0    -2790.3     65.4     29.1     73.2 2020  8 14  7 59 14.720  0.00   1
   108919  40.646252 -124.013257    18.842    18533.8    10662.6    -2585.3     58.5     29.6     55.0 2020  8 14  7 29 17.360  0.00   1
   108921  40.646155 -124.019897    18.389    17971.8    10651.8    -3038.1     45.1     25.8     60.4 2021 11 16 18 50  1.700  0.00   1
   108922  40.588940 -124.107804    20.410    10535.4     4298.4    -1016.9     86.2     58.0     70.7 2020  8 17 22 44  9.820  0.00   1
   108923  40.588810 -124.107902    20.389    10527.2     4283.9    -1038.5     88.3     57.8     70.4 2020  8 17 22 37  2.940  0.00   1
   108925  40.605176 -124.110946    20.338    10268.2     6101.3    -1089.7     66.7     46.8     68.2 2021  6 29  5 32 28.020  0.00   1
   108926  40.601221 -124.121501    20.564     9374.8     5662.1     -863.2     85.8     36.1     60.2 2021  9  2  7  3 32.740  0.00   1
   108956  40.532560 -124.246883    18.768    -1242.3    -1962.4    -2658.8     41.8     36.4     46.0 2020  8 19  9 20 36.680  0.00   1
   108957  40.531726 -124.246403    18.882    -1201.7    -2055.0    -2544.8     43.1     29.5     36.5 2021  7 30  7  1 16.480  0.00   1
   108959  40.534436 -124.248063    18.589    -1342.3    -1754.1    -2838.1     41.6     36.3     49.8 2022  9 20 20 46 19.020  0.00   1
   108974  40.605786 -124.220003    23.926     1034.3     6169.0     2499.1     83.6     57.1     76.5 2021  6  2  8  1  4.060  0.00   1
   108976  40.604561 -124.238257    23.517     -511.3     6033.0     2089.9     87.5     51.4     88.8 2021  8  2  1 42 32.520  0.00   1
   108977  40.610946 -124.221012    25.354      948.8     6742.0     3926.7     55.5     39.4     67.8 2021  9 27 13 54 30.160  0.00   1
   108978  40.610787 -124.221110    25.307      940.5     6724.4     3879.3     51.1     39.6     65.2 2021 11 19  5 14  6.980  0.00   1
   108988  40.604342 -124.050073    23.734    15422.3     6008.6     2306.8     78.2     54.2     55.7 2021  9 19  2 30 15.040  0.00   1
   108995  40.563139 -123.933512    22.034    25299.3     1433.3      606.4     22.7     24.7     30.5 2020  9  7  3  4 36.280  0.00   1
   108998  40.563831 -123.932682    21.914    25369.5     1510.1      486.8     20.3     20.9     22.1 2020 11 23  2 17 29.880  0.00   1
   108999  40.561857 -123.932845    22.016    25356.1     1290.9      588.7     24.8     20.4     23.4 2020 11 23  2 27  1.080  0.00   1
   109001  40.563729 -123.934001    22.039    25257.9     1498.8      611.8     28.2     35.0     28.1 2021  4 25  2 44 15.560  0.00   1
   109003  40.564583 -123.936466    22.200    25048.9     1593.7      772.8     24.9     23.0     28.9 2021  9 25  7 21 32.760  0.00   1
   109005  40.562398 -123.932756    22.089    25363.6     1351.0      661.9     17.3     16.1     24.0 2022  1 19 16 50 43.900  0.00   1
   109006  40.561967 -123.931274    22.125    25489.1     1303.1      697.6     27.4     34.0     34.9 2022  1 23  4 17 44.580  0.00   1
   109007  40.561300 -123.930965    22.122    25515.4     1229.0      694.8     34.6     23.4     46.9 2022  1 23 13 55 42.740  0.00   1
   109008  40.564799 -123.936833    22.125    25017.8     1617.6      698.0     17.7     21.3     35.9 2022  5 17 14 52 29.660  0.00   1
   109027  40.521212 -123.897860    19.766    28327.8    -3222.6    -1661.0     52.8     65.2     65.4 2020  9 12  9 10  3.360  0.00   1
   109029  40.532910 -123.900643    23.012    28089.6    -1923.5     1585.2     51.7     63.6     60.3 2021 10 21 16 23 18.500  0.00   1
   109031  40.527970 -123.909627    20.494    27329.4    -2472.0     -933.0     52.1     59.9     71.6 2022  9 21 22  2  0.300  0.00   1
   109034  40.608301 -123.927922    24.622    25764.2     6448.3     3195.1     72.0     42.8     65.5 2021 10 16  0 56 17.260  0.00   1
   109035  40.606946 -123.917236    25.078    26669.2     6297.8     3651.1     48.3     37.5     52.8 2022  4  7  7 43 59.660  0.00   1
   109037  40.599516 -124.118254    18.669     9649.8     5472.7    -2758.5     61.5     34.8     41.0 2021  8 28 10 22 15.280  0.00   1
   109040  40.536178 -124.048641    19.804    15551.5    -1560.7    -1623.7     65.0     36.9     59.5 2021  5  4 20 49 28.940  0.00   1
   109042  40.535429 -124.047201    19.848    15673.6    -1643.8    -1579.4     47.4     35.2     41.3 2021 12 10 18 19  3.380  0.00   1
   109047  40.658606 -123.882072    27.281    29635.2    12034.4     5853.4    108.5     95.4    170.0 2022  7  7 10 16 42.560  0.00   1
   109051  40.586515 -124.067424    21.514    13955.1     4029.1       87.0     54.2     32.0     48.1 2022 10 22  1 32  8.620  0.00   1
   109052  40.617932 -124.073185    18.045    13464.1     7517.8    -3381.8    131.9     55.3     81.4 2020  9 18  1 49 50.060  0.00   1
   109054  40.624036 -124.086499    17.458    12336.3     8195.6    -3969.5    102.0     49.5     56.4 2021  8  3  7 25 29.060  0.00   1
   109057  40.620565 -124.076310    17.341    13199.2     7810.1    -4086.2     71.9     35.6     65.5 2021 11  1 20 23 11.500  0.00   1
   109058  40.619096 -124.081128    17.785    12791.5     7647.0    -3642.2     62.7     39.3     56.7 2022  7  2 18 54 53.920  0.00   1
   109059  40.618380 -124.079191    17.756    12955.6     7567.5    -3671.4     52.0     30.6     53.7 2022  7  5 10 26 16.440  0.00   1
   109060  40.609220 -124.074430    18.610    13359.5     6550.4    -2817.4     69.1     40.0     66.9 2022  9 22  5 20 24.860  0.00   1
   109079  40.592102 -124.321908    21.411    -7594.7     4649.5      -16.2     42.9     23.1     67.5 2020  9 24  1 37  2.540  0.00   1
   109081  40.591581 -124.322282    21.286    -7626.4     4591.6     -140.8     43.9     32.1     64.8 2021  8  3  7 28  1.280  0.00   1
   109082  40.591402 -124.320426    21.296    -7469.3     4571.8     -131.5     61.5     33.7     57.8 2021  8  3  7 28 11.760  0.00   1
   109083  40.589270 -124.324967    20.690    -7854.0     4335.0     -736.8     48.3     46.1     84.6 2022  3 18 23 22 52.560  0.00   1
   109086  40.628772 -124.108984    18.198    10432.4     8721.5    -3228.7    125.3    109.1    126.1 2020  9 29 20 57 21.240  0.00   1
   109088  40.589400 -124.094849    24.835    11632.5     4349.5     3408.2     92.7     51.1    120.4 2021  8  2  6  3 50.240  0.00   1
   109099  40.524792 -124.381396    16.913   -12638.4    -2824.9    -4514.4     49.3     31.0     73.2 2022 11  3 21 25 34.920  0.00   1
   109112  40.571830 -123.939535    21.338    24787.7     2398.4      -88.9     25.7     20.0     26.7 2020 11 28  4 46 13.820  0.00   1
   109120  40.572534 -123.939803    21.540    24764.8     2476.6      112.5     21.8     19.7     24.9 2021 10  7 15 37 20.960  0.00   1
   109123  40.569108 -123.936564    21.186    25039.8     2096.1     -241.6     29.7     33.2     45.1 2021 10  7 10 58 29.020  0.00   1
   109127  40.572522 -123.939771    21.535    24767.6     2475.2      107.5     21.9     19.8     25.4 2021 10  9 15  2 48.760  0.00   1
   109129  40.523645 -124.430013    19.720   -16757.4    -2952.4    -1707.7     24.8     30.7     31.7 2020 10 11 16 54  4.900  0.00   1
   109133  40.641101 -124.028410    18.872    17251.9    10090.6    -2555.5     44.5     33.9     66.3 2020 10 20  3 57  2.000  0.00   1
   109186  40.663717 -123.897925    23.164    28292.4    12602.0     1737.2     60.1     56.0     54.4 2020 11 10  7 29 44.140  0.00   1
   109189  40.671509 -123.901506    21.755    27987.7    13467.2      328.1     50.5     32.0     56.3 2021  5 13  9 32 24.180  0.00   1
   109190  40.665991 -123.901937    23.052    27952.3    12854.5     1624.9     68.6     44.2     51.8 2022  6 25  8 45  6.260  0.00   1
   109416  40.594226 -123.966667    22.311    22486.1     4885.3      884.2     48.2     23.4     46.2 2020 11 28  4 41 25.020  0.00   1
   109417  40.594132 -123.966479    22.303    22502.0     4875.0      875.5     48.6     22.9     45.0 2020 11 28  4 28 30.560  0.00   1
   109418  40.596765 -123.972054    22.415    22029.5     5167.3      987.9     43.3     45.3     62.7 2021  3 28 11 21 31.120  0.00   1
   109420  40.597404 -123.915592    22.033    26810.3     5238.2      606.0     60.2     46.3     65.9 2020 12  7 19  3 16.040  0.00   1
   109421  40.605778 -123.915828    21.845    26788.6     6168.1      417.6     60.6     56.0     56.9 2020 12  7 19  5 36.340  0.00   1
   109427  40.595797 -123.900382    25.438    28098.5     5059.8     4010.7     48.5     44.4     52.3 2020 11 29  9 45 15.600  0.00   1
   109428  40.596411 -123.892489    26.135    28766.8     5128.0     4707.8     65.0     63.0     70.9 2021  1 19 12 58 57.580  0.00   1
   109430  40.592668 -123.897591    25.622    28335.5     4712.3     4194.3     42.1     29.6     35.2 2022  3 18  0  7 21.100  0.00   1
   109436  40.606177 -124.097314    15.347    11422.2     6212.4    -6080.0     84.1     66.9     52.5 2020 12  1 11 36 42.680  0.00   1
   109448  40.559416 -124.019198    22.261    18042.6     1019.8      834.1     18.5     24.4     23.7 2022  1 19 22 27 40.720  0.00   1
   109451  40.560083 -124.018571    21.924    18095.6     1093.9      496.4     22.8     22.7     28.1 2022  6  9  2 12 47.440  0.00   1
   109453  40.560579 -124.023250    21.991    17699.2     1149.0      563.5     35.0     27.2     28.0 2022 11 22  5  9 14.600  0.00   1
   109457  40.586707 -124.190007    22.159     3574.6     4050.3      731.5     96.3     40.0     82.7 2022 11 20 16 58  8.260  0.00   1
   109458  40.553524 -123.893058    22.528    28727.7      365.5     1101.2     60.1     52.9     68.1 2020 12 19 19 50 56.380  0.00   1
   109460  40.595524 -124.224748    25.199      632.6     5029.5     3772.1    119.2    100.3    133.9 2021  2 11 13 50 26.620  0.00   1
   109461  40.599430 -124.113395    16.327    10061.2     5463.3    -5100.4     83.0     64.0     67.2 2021  1  4  6 14 34.600  0.00   1
   109483  40.491935 -124.467513    22.899   -19939.1    -6473.6     1472.0     83.3    101.7    106.4 2021  1 13 19 34 16.280  0.00   1
   109484  40.518046 -124.466886    23.794   -19882.2    -3574.1     2366.5     59.2     65.9    114.7 2021  2 12 14 58  6.120  0.00   1
   109485  40.516239 -124.452881    25.297   -18695.8    -3774.7     3869.7     62.5     69.0    109.9 2022  6  3  7 37 13.740  0.00   1
   109491  40.553577 -124.051872    23.146    15275.8      371.4     1718.3     40.2     29.4     30.2 2022 11 12 22 18 21.100  0.00   1
   109493  40.579069 -124.219816    19.926     1050.3     3202.2    -1501.2     60.0     24.6     44.2 2021 12 30 20 43 22.380  0.00   1
   109498  40.581946 -124.146818    22.665     7232.1     3521.7     1238.2     86.3     53.7     50.8 2022  3 29  0 35 16.680  0.00   1
   109534  40.643868 -124.005176    18.322    19218.2    10397.9    -3104.8     67.1     39.6     56.7 2021  3  6  9 15 31.140  0.00   1
   109535  40.652743 -124.019043    18.094    18043.2    11383.3    -3333.3     68.5     32.5     71.7 2021  3  6  9 16 35.960  0.00   1
   109542  40.541292 -123.907585    22.922    27499.8     -992.7     1494.4     58.4     55.8     57.5 2021  3 19 20 18 50.400  0.00   1
   109543  40.538977 -123.903320    23.014    27861.5    -1249.8     1587.2     45.5     56.5     43.5 2021  7 28 11 59  6.040  0.00   1
   109544  40.540365 -123.907544    22.961    27503.4    -1095.7     1533.8     34.7     35.5     46.7 2021 11  2 15 33 30.400  0.00   1
   109546  40.536129 -123.913175    23.093    27027.2    -1566.1     1665.7     49.7     74.2     59.2 2022  2  8 20 52 37.700  0.00   1
   109547  40.543254 -123.906836    22.903    27562.8     -774.9     1475.5     44.4     39.1     52.5 2022  5 16 12 51  7.720  0.00   1
   109550  40.562675 -123.976213    23.625    21682.9     1381.7     2197.4     39.4     35.1     37.3 2021 10 14 12 55 59.780  0.00   1
   109551  40.562061 -123.975334    23.650    21757.4     1313.5     2223.1     30.8     25.1     31.3 2021 10 18 11 26 36.900  0.00   1
   109560  40.574626 -124.419751    23.152   -15882.0     2708.8     1725.2     55.1     79.7     76.1 2021  4 22 19 58  9.520  0.00   1
   109562  40.575106 -124.418254    23.403   -15755.1     2762.1     1976.0     69.6     58.6     80.5 2021 10  1 17 28 56.900  0.00   1
   109563  40.575175 -124.417399    23.062   -15682.7     2769.8     1635.1     70.1     66.6     91.3 2022  6  6  8 33 56.500  0.00   1
   109585  40.699630 -123.967293    21.780    22415.5    16589.9      352.8     78.4     50.0     54.8 2021 12  9  6 38 26.640  0.00   1
   109586  40.607772 -123.808797    26.655    35850.4     6389.5     5227.3     55.0     50.7    101.3 2021  4 25 12  4 20.500  0.00   1
   109587  40.514437 -124.439518    16.863   -17563.9    -3974.9    -4564.5     30.5     34.5     76.6 2021  4 26 14 34  7.560  0.00   1
   109588  40.531482 -124.400041    18.409   -14217.3    -2082.1    -3018.0     30.4     43.0     57.5 2021  4 30  5 48 15.420  0.00   1
   109590  40.595862 -124.010376    22.618    18784.7     5067.0     1190.3     47.9     23.0     41.3 2021  5  1  6 40  3.120  0.00   1
   109592  40.565637 -124.019865    22.251    17985.3     1710.7      823.8     29.2     24.7     30.0 2022  3 10 22 12 16.660  0.00   1
   109593  40.584928 -124.208919    23.184     1973.0     3852.9     1756.6    133.7     49.5     76.6 2021  5 25 13 41 14.420  0.00   1
   109638  40.582902 -123.955119    24.617    23465.9     3627.9     3189.4     70.7     53.4     70.6 2021  6  5 11 28 29.860  0.00   1
   109639  40.573759 -123.959318    23.918    23111.9     2612.6     2490.7     80.4     58.7     93.6 2022  2 26  5 28  3.880  0.00   1
   109640  40.550610 -123.971883    21.123    22051.5       42.0     -304.5     26.8     22.7     35.8 2021  6 14 23  5 14.620  0.00   1
   109641  40.551302 -123.972860    21.130    21968.7      118.8     -296.8     18.4     22.3     27.7 2021  6 15  4  8 20.200  0.00   1
   109643  40.550037 -123.970516    20.994    22167.4      -21.7     -433.6     19.6     26.8     19.0 2021  6 15  2 15 10.680  0.00   1
   109645  40.550016 -123.970516    20.991    22167.4      -23.9     -436.5     18.2     26.8     15.8 2021  9 21 16 59  7.260  0.00   1
   109646  40.550618 -123.972062    21.030    22036.4       42.9     -396.8     39.2     34.5     32.9 2022  8 19 22 15 53.220  0.00   1
   109647  40.550631 -123.972054    21.031    22037.0       44.3     -396.4     39.1     34.8     32.8 2022  9 26 14 46 33.600  0.00   1
   109649  40.477295 -124.514543    16.892   -23927.1    -8099.3    -4535.0     69.3     82.4    132.9 2022  9 18  8 29  6.480  0.00   1
   109653  40.599003 -124.332552    20.939    -8495.6     5415.8     -487.8     46.8     34.6     55.7 2021  6 26 23 51 53.520  0.00   1
   109656  40.602958 -124.308081    18.325    -6423.4     5855.0    -3102.7     96.1     31.1    124.1 2021  7  7 21  8 20.520  0.00   1
   109661  40.598857 -124.330632    21.009    -8333.0     5399.5     -417.8     38.1     20.6     51.0 2022 11 27 17  4 31.920  0.00   1
   109701  40.537370 -124.351278    18.374   -10085.8    -1428.3    -3052.8     40.6     30.4     41.1 2021  7  9 20  8 44.560  0.00   1
   109707  40.704757 -123.932690    22.596    25342.3    17159.3     1168.5     43.3     44.3     46.5 2021  7 21  1 57 33.440  0.00   1
   109708  40.706445 -123.940332    22.491    24695.5    17346.8     1063.6     70.1     29.3     38.4 2022  8 13 12 33 41.180  0.00   1
   109709  40.706425 -123.940308    22.487    24697.5    17344.5     1059.7     69.7     29.2     37.7 2022  8 13 13  7 15.920  0.00   1
   109710  40.479838 -124.403988    19.957   -14557.2    -7816.9    -1470.2     37.6     45.4     53.9 2021  7 21  6 27  7.140  0.00   1
   109714  40.514901 -124.431706    17.966   -16901.9    -3923.4    -3461.2     23.6     46.6     52.5 2021  7 22  8 29 59.260  0.00   1
   109718  40.501558 -124.452336    18.771   -18651.7    -5405.0    -2656.1     55.3     52.6     85.3 2022  4  3 19 26 32.500  0.00   1
   109728  40.639290 -123.916895    21.251    26691.7     9889.5     -176.0     49.9     37.5     44.1 2021 10 28 17 29 28.460  0.00   1
   109729  40.639746 -123.918408    21.233    26563.5     9940.1     -194.4     39.5     40.2     55.5 2021 10 28 20 25 38.640  0.00   1
   109732  40.504867 -124.459619    18.658   -19268.3    -5037.6    -2769.6     30.0     36.3     42.9 2021  8  5  5 11 35.000  0.00   1
   109733  40.504911 -124.457056    20.251   -19051.1    -5032.6    -1175.8     38.3     42.8     71.3 2021 12 18  9  2 20.600  0.00   1
   109734  40.501286 -124.457007    20.134   -19047.5    -5435.2    -1293.2     37.3     54.3     69.3 2021 12 21 16 46 40.580  0.00   1
   109740  40.533480 -124.374536    25.221   -12056.5    -1860.2     3794.0     41.8     31.5     58.8 2021 12 25  9  3 58.480  0.00   1
   109741  40.532906 -124.371208    24.694   -11774.5    -1924.0     3266.3     44.7     40.4     59.3 2022  8 24 18 28  5.620  0.00   1
   109742  40.637288 -124.043034    20.040    16014.5     9667.2    -1387.0     68.6     45.3     75.2 2021  8 23  5 51 36.160  0.00   1
   109744  40.533130 -123.779305    21.889    38368.7    -1899.1      462.0     36.8     83.3     26.5 2021  8 29 12 47 11.520  0.00   1
   109745  40.528451 -123.782186    23.035    38126.0    -2418.7     1608.2     81.0    117.9     74.4 2022  1  7 12 47 18.900  0.00   1
   109758  40.549967 -124.226815    17.724      457.7      -29.4    -3703.7     47.1     27.8     42.5 2021  9 12 22 48 15.460  0.00   1
   109773  40.519881 -124.413770    17.332   -15381.7    -3370.3    -4095.5     42.0     50.6     61.6 2021 12 23 10 30 50.600  0.00   1
   109775  40.576941 -124.212712    18.623     1652.0     2965.9    -2804.1     42.0     28.5     74.8 2021  9 23 19 33 34.900  0.00   1
   109779  40.527600 -124.362850    18.284   -11066.9    -2513.2    -3143.0     75.9     33.3     95.8 2021  9 30  4 43 34.000  0.00   1
   109788  40.517672 -123.881958    21.813    29675.8    -3615.7      385.4     32.5     47.1     54.5 2021 10  7  4 45 50.940  0.00   1
   109789  40.510848 -123.868433    21.585    30823.3    -4373.4      158.2     42.3     38.6     77.1 2021 10  7  5 44  8.100  0.00   1
   109791  40.511161 -123.872225    21.495    30501.9    -4338.6       67.5     29.7     24.6     28.5 2021 10  9 15 14 13.920  0.00   1
   109792  40.511157 -123.878817    21.706    29943.4    -4339.1      278.5     30.4     37.4     62.8 2021 10  9 14 51  7.940  0.00   1
   109793  40.515869 -123.880688    21.641    29783.8    -3815.8      214.0     39.2     37.5     70.1 2021 10  9 19 19 22.180  0.00   1
   109794  40.512882 -123.874227    21.435    30331.9    -4147.5        7.5     31.5     34.9     55.8 2021 10 16 14 55 23.500  0.00   1
   109795  40.512781 -123.875651    21.586    30211.3    -4158.8      158.9     30.1     32.1     44.3 2021 11  4 10 59  4.180  0.00   1
   109796  40.512545 -123.873535    21.423    30390.6    -4185.0       -3.9     40.2     42.1     57.8 2021 11  7  7 51 35.860  0.00   1
   109801  40.547461 -123.853662    22.480    32066.1     -307.7     1053.1     83.7     84.3     73.3 2022  1 31 19 52 42.840  0.00   1
   109836  40.613928 -124.138216    18.665     7958.7     7073.2    -2761.8    108.1     42.3     86.4 2021 10 22 21  9 45.260  0.00   1
   109837  40.612333 -124.076359    20.051    13195.9     6896.1    -1376.3     46.7     29.1     65.4 2021 10 31 13 10  3.600  0.00   1
   109838  40.558333 -123.953817    22.307    23580.5      899.6      879.8     46.6     40.0     66.2 2021 11  3 19 22 52.340  0.00   1
   109846  40.604940 -124.077311    16.902    13116.0     6075.1    -4525.7     87.9     52.8     80.8 2021 11 25 17 56 31.760  0.00   1
   109849  40.605387 -124.304289    20.221    -6102.2     6124.8    -1206.5     83.5     22.2    106.1 2021 11 29  9 17 10.340  0.00   1
   109852  40.523608 -124.431885    19.889   -16916.0    -2956.4    -1538.1     26.9     38.9     32.3 2022  1 18 10 25 37.780  0.00   1
   110087  40.588615 -124.208219    20.568     2032.2     4262.3     -859.6     91.5     57.5     73.5 2021 12 11 10 51 42.420  0.00   1
   110088  40.543254 -124.316650    19.627    -7152.1     -774.9    -1800.7     73.0     38.9     44.0 2021 12 20 23 40 19.580  0.00   1
   110091  40.543591 -124.315926    19.555    -7090.8     -737.4    -1872.3     67.9     37.4     39.7 2022  8 22 11 46 57.980  0.00   1
   110092  40.547807 -124.316130    18.742    -7107.8     -269.3    -2685.0     54.9     19.9     44.9 2022  8 22 11 19 44.520  0.00   1
   110093  40.545451 -124.314453    19.255    -6965.9     -530.9    -2172.7     65.0     42.2     47.4 2021 12 20 21 17 43.440  0.00   1
   110095  40.547083 -124.321248    20.306    -7541.4     -349.7    -1121.7     98.5     40.6    117.4 2022  7 14  2 59 53.060  0.00   1
   110120  40.517700 -124.423478    19.940   -16204.5    -3612.5    -1487.3     23.7     28.9     36.3 2021 12 20 20 29 25.860  0.00   1
   110127  40.575191 -124.206991    17.135     2136.5     2771.6    -4292.1    106.6     41.6     51.3 2021 12 20 20 15 20.340  0.00   1
   110128  40.549268 -124.296826    23.956    -5472.6     -107.1     2528.9     93.6     89.1    138.7 2021 12 20 20 31  1.340  0.00   1
   110129  40.517342 -124.445752    17.371   -18091.7    -3652.3    -4056.7     47.4     45.3     65.4 2021 12 20 22 57 59.980  0.00   1
   110153  40.505042 -124.333838    18.150    -8610.5    -5018.2    -3276.9     32.6     41.9     63.0 2021 12 21  3 28 34.100  0.00   1
   110154  40.505591 -124.332161    18.516    -8468.4    -4957.2    -2910.9     21.4     21.9     45.7 2021 12 23  6 55 41.480  0.00   1
   110156  40.505908 -124.332772    18.347    -8520.1    -4921.9    -3080.0     31.5     35.1     78.4 2021 12 23  4 51 44.220  0.00   1
   110160  40.521606 -124.420166    18.196   -15923.4    -3178.7    -3230.8     38.4     26.0     86.4 2021 12 21 19 30 31.800  0.00   1
   110168  40.579944 -124.208838    19.057     1980.0     3299.4    -2370.5     45.3     15.6     52.6 2021 12 21  2 44 44.640  0.00   1
   110179  40.545943 -124.349276    21.990    -9915.6     -476.2      562.7     81.5     63.8    117.4 2022  3 20  6 57 16.680  0.00   1
   110181  40.498193 -124.456234    16.216   -18982.4    -5778.6    -5211.5     44.1     43.6    101.7 2021 12 25 16 54 33.700  0.00   1
   110183  40.598401 -124.110775    17.796    10283.2     5348.9    -3630.8     61.2     44.7     49.6 2021 12 26 16  2 15.940  0.00   1
   110184  40.588932 -123.996134    20.397    19991.7     4297.5    -1030.6     78.9     44.4     73.3 2021 12 27  8 53  5.400  0.00   1
   110185  40.575948 -123.986475    20.847    20811.7     2855.7     -580.5     42.2     28.7     62.8 2022  5 28  7 57  1.360  0.00   1
   110186  40.581376 -124.211702    20.871     1737.4     3458.4     -555.9     92.8     37.6     59.9 2021 12 28  6 35 41.580  0.00   1
   110187  40.576737 -124.200130    19.571     2717.5     2943.3    -1856.6     38.8     13.5     28.3 2021 12 31 13 31 14.620  0.00   1
   110188  40.576737 -124.200122    19.570     2718.2     2943.3    -1857.2     39.1     13.5     28.4 2022  1  1 22 14 38.120  0.00   1
   110189  40.576685 -124.200024    19.545     2726.4     2937.4    -1881.8     38.6     13.0     27.5 2022  1  2 11 16 33.460  0.00   1
   110190  40.576973 -124.199040    19.648     2809.8     2969.5    -1779.1     72.7     22.9     38.4 2022  4 25  2 10 11.700  0.00   1
   110191  40.576660 -124.199951    19.538     2732.6     2934.7    -1889.3     39.6     13.2     27.5 2022  9  1 20 43  2.920  0.00   1
   110199  40.519523 -124.409359    20.025   -15008.0    -3410.1    -1402.7     26.8     24.1     39.9 2021 12 31 17  2 13.380  0.00   1
   110209  40.593819 -124.099593    25.044    11230.3     4840.2     3617.2     86.1     39.7    103.5 2022  4  2 19 46 56.000  0.00   1
   110211  40.515568 -124.444230    17.517   -17963.0    -3849.3    -3910.1     38.7     42.4     87.4 2022  4  3 10 39 47.080  0.00   1
   110231  40.515369 -124.437630    19.105   -17403.8    -3871.4    -2322.5     33.9     54.2     52.0 2022  5 14 20  9 30.640  0.00   1
   110234  40.535055 -124.236686    19.889     -378.5    -1685.4    -1537.8     63.4     40.3     37.8 2022  5 25  9 25 42.220  0.00   1
   110250  40.522054 -124.408057    20.711   -14897.4    -3129.0     -716.3     78.2     72.2     99.7 2022  7  2 10 23 23.100  0.00   1
   110253  40.594767 -124.114762    18.265     9945.8     4945.4    -3162.3     63.3     36.6     49.4 2022  7 20  6 28 50.580  0.00   1
   110254  40.595821 -124.114567    18.480     9962.2     5062.5    -2947.0     46.9     33.1     52.0 2022  8  9  7 59 33.060  0.00   1
   110255  40.598914 -124.117586    17.800     9706.4     5405.9    -3627.2     54.1     26.6     47.0 2022  8  9  8  9 40.340  0.00   1
   110266  40.540637 -124.333374    17.870    -8568.9    -1065.5    -3557.1     54.2     44.6     78.3 2022  8 30  6 25 35.480  0.00   1
   110273  40.648397 -124.016577    19.248    18252.5    10900.8    -2179.2     60.2     25.4     64.4 2022 10 28 12 43 42.000  0.00   1
   110274  40.522705 -124.436426    17.909   -17300.8    -3056.7    -3518.4     25.0     32.0     50.6 2022 10 29 20 38 50.780  0.00   1
   110275  40.510974 -124.430811    21.045   -16826.5    -4359.4     -382.0     28.0     29.5     27.7 2022 10 30  3 34  2.660  0.00   1
   110276  40.519275 -124.437956    19.245   -17430.9    -3437.6    -2182.2     29.1     27.5     41.2 2022 11 12 10 31 42.840  0.00   1
   110279  40.515837 -124.431706    20.155   -16901.8    -3819.4    -1271.8     39.8     55.9     84.3 2022 11  2 16 39 30.260  0.00   1
   110282  40.523470 -124.433407    20.222   -17044.9    -2971.8    -1204.8     39.5     37.5     47.8 2022 11 15 17 48 18.560  0.00   1
   110296  40.580404 -123.982316    20.723    21163.1     3350.4     -704.5     20.6     23.8     26.1 2022 12 22  3  8  5.860  0.87   1
   110298  40.534269 -124.276758    11.756    -3773.1    -1772.6    -9670.9     98.3     61.4     91.3 2023  1 17 13 54 45.520  1.24   1
   110302  40.563485 -124.123763    22.583     9185.8     1471.7     1155.7     50.1     29.9     59.2 2022 12 24  0 35 18.890  0.89   1
   110303  40.486759 -124.496680    23.900   -22411.6    -7048.3     2472.5     38.8     30.5     99.3 2022 12 20 12 25 25.380  2.43   1
   110305  40.434627 -124.602035    24.201   -31351.9   -12837.4     2774.0     12.4     13.5     51.0 2023  4  2 11 44 21.610  2.51   1
   110307  40.523539 -124.421029    23.634   -15996.2    -2964.1     2206.9     52.7     45.4     58.7 2023  3  9  9 11 18.070  1.00   1
   110308  40.574422 -123.873560    22.544    30374.6     2686.2     1116.4     53.5     47.2     40.4 2022 12 21 19 21 21.160  1.21   1
   110311  40.540483 -124.493953    23.962   -22171.8    -1082.6     2534.8     64.9     57.9     68.7 2023  2  6  9 53 42.140  2.82   1
   110326  40.576640 -124.240780    20.025     -725.0     2932.5    -1402.3     72.5     33.5     96.2 2023  4 26 22 23  7.880  0.79   1
   110327  40.621053 -123.949756    21.470    23913.3     7864.4       43.0     55.1     18.5     71.4 2022 12 21  8 59 40.650  1.14   1
   110330  40.584595 -123.911304    25.810    27176.0     3815.8     4382.7     46.1     26.3     35.6 2023  5 27  2 45 49.750  0.87   1
   110334  40.620907 -124.315031    20.035    -7010.9     7848.1    -1392.0     23.1     18.4     61.7 2023  2 22  6 20 25.080  1.45   1
   110341  40.562785 -124.131632    22.391     8519.3     1393.9      964.2     39.9     31.9     40.9 2023  1  5 14 47  6.170  2.14   1
   110346  40.538269 -123.888818    23.142    29090.1    -1328.4     1714.3     45.8     54.6     51.7 2023  5 28  1 45 53.620  1.36   1
   110354  40.508403 -124.422103    24.450   -16089.1    -4645.0     3022.8     21.1     19.5     50.2 2023  4 14  1 57  6.610  1.17   1
   110355  40.518115 -124.492383    15.882   -22042.4    -3566.4    -5544.8     31.5     41.0     72.9 2023  2 16 22 15  2.800  1.44   1
   110359  40.755188 -123.983927    21.723    20999.4    22759.4      295.4    144.5     94.9     94.5 2022 12 22  4 53 56.390  0.79   1
   110365  40.527336 -124.234473    17.564     -191.0    -2542.5    -3862.8     51.0     35.2     42.6 2022 12 20 12 37 22.690  1.44   1
   110367  40.550802 -123.974325    21.425    21844.7       63.3       -2.1     49.8     41.1     33.3 2022 12 25  1 20 33.690  1.82   1
   110368  40.603833 -123.971444    22.368    22080.0     5952.2      941.1     37.6     35.4     37.3 2023  2 14  3 52  7.700  1.37   1
   110370  40.697172 -123.904622    22.695    27718.6    16317.0     1268.0     67.3     55.0     55.7 2022 12 21  4 44 13.820  1.30   1
   110373  40.659151 -124.015959    29.375    18303.4    12095.0     7947.4    125.0     68.7    441.0 2022 12 20 23 58 39.800  0.88   1
   110374  40.755334 -123.869238    20.766    30699.3    22775.7     -661.1     58.5     39.5     51.0 2022 12 22  4 46 28.990  1.00   1
   110378  40.593180 -124.050814    22.451    15360.9     4769.2     1024.0     41.6     28.8     39.8 2022 12 21 18 52 28.640  1.06   1
   110379  40.518925 -124.421208    18.065   -16012.0    -3476.5    -3362.6     39.6     34.8     68.7 2022 12 22  9 21 28.530  1.40   1
   110382  40.542322 -124.065780    19.334    14099.0     -878.4    -2093.6     32.7     25.3     30.2 2022 12 26  5 31 21.180  1.08   1
   110385  40.593298 -124.086190    19.154    12365.3     4782.3    -2273.7     44.7     27.3     37.4 2022 12 23  0 19 22.520  0.90   1
   110387  40.534045 -124.388298    25.132   -13222.2    -1797.4     3704.9     47.4     37.3     58.8 2023  1 28 23 56 58.200  3.85   1
   110388  40.509810 -124.443791    13.890   -17926.5    -4488.6    -7537.3    101.7     75.5    258.9 2022 12 31 10 20 40.360  1.04   1
   110390  40.639250 -123.987777    25.769    20691.7     9885.0     4341.3     37.5     22.5     45.3 2023  1 17  5 14  2.510  1.84   1
   110391  40.587992 -124.206616    20.727     2168.0     4193.1     -700.2     71.2     44.1     50.2 2022 12 23  0 35 44.600  1.56   1
   110392  40.516215 -124.416813    19.429   -15640.0    -3777.4    -1998.1     23.2     37.2     36.2 2023  1  1 12 19 44.130  1.25   1
   110395  40.554309 -124.214461    16.554     1504.1      452.7    -4873.3     63.4     24.0     50.3 2022 12 20 23 19 53.720  1.40   1
   110396  40.534969 -124.260124    18.364    -2364.0    -1694.9    -3063.7     43.5     39.0     49.9 2022 12 24 20  6  9.180  0.83   1
   110397  40.556885 -124.280811    15.580    -4115.8      738.8    -5847.1     85.0     78.8    119.9 2022 12 23 10 18 25.720  1.66   1
   110399  40.529464 -124.416349    17.670   -15599.1    -2306.2    -3757.3     65.6     47.9     92.4 2022 12 20 10 44 46.730  2.70   1
   110400  40.558736 -124.049113    22.708    15508.9      944.4     1280.4     28.4     19.7     38.6 2022 12 25  4 33 20.570  0.83   1
   110404  40.560632 -124.015609    21.977    18346.4     1154.9      549.3     23.7     16.4     28.0 2022 12 27  0 23 33.800  1.12   1
   110406  40.593673 -124.106803    19.572    10619.8     4823.9    -1855.7     35.4     37.8     39.0 2023  1 11  3 23 18.830  1.45   1
   110408  40.610246 -123.849910    27.461    32368.8     6664.3     6033.5     37.9     27.7     39.4 2023  2 12 20 12 15.900  2.47   1
   110409  40.511450 -124.419246    22.293   -15846.7    -4306.5      865.4     46.3     38.9     54.5 2022 12 21 22  8 58.660  1.39   1
   110412  40.569967 -124.071175    19.798    13639.1     2191.4    -1629.1     55.5     54.9     45.1 2022 12 26  7 30 25.960  0.98   1
   110417  40.551497 -123.975269    21.462    21764.6      140.5       35.3     52.2     42.5     38.4 2022 12 24 12 43  0.520  1.06   1
   110422  40.621798 -124.304142    20.206    -6089.0     7947.0    -1220.9     38.2     23.6     74.6 2022 12 29 13 40 18.010  1.27   1
   110423  40.504281 -124.330713    18.854    -8345.8    -5102.7    -2573.6     23.8     26.5     41.2 2023  2 17 12 38 36.270  0.88   1
   110429  40.594425 -124.015210    22.795    18375.6     4907.5     1367.5     26.5     16.5     24.5 2022 12 22  9 28 37.970  0.68   1
   110431  40.602690 -124.107316    23.097    10575.7     5825.2     1669.8     96.1     40.5     57.1 2022 12 21 17 59 17.620  1.95   1
   110432  40.494466 -124.457454    26.464   -19086.4    -6192.5     5036.3     50.8     35.2     75.3 2022 12 22  1 13 30.130  2.71   1
   110434  40.512415 -124.462557    19.065   -19516.2    -4199.4    -2361.9     34.4     31.8     42.3 2022 12 21 18 26 29.520  1.33   1
   110435  40.531840 -124.381771    24.491   -12669.5    -2042.3     3063.6     36.4     31.1     50.3 2023  1 28 20  7 39.900  1.24   1
   110436  40.471139 -124.536637    23.662   -25800.8    -8783.0     2234.9     51.0     75.2     51.6 2023  2 18  0 47 37.880  1.15   1
   110439  40.472888 -124.430762    19.807   -16827.2    -8588.7    -1620.3     34.7     41.1     37.1 2023  1 27 16 28 41.960  1.01   1
   110442  40.568583 -123.952759    21.627    23668.3     2037.8      199.5     17.5     16.1     29.9 2022 12 20 18 48 54.600  0.91   1
   110443  40.580424 -124.176335    17.929     4732.6     3352.7    -3498.3     63.9     33.6     40.0 2022 12 21 21 55 10.140  0.79   1
   110444  40.501839 -124.502743    27.598   -22922.8    -5373.8     6170.8     29.7     42.3     46.8 2022 12 23 21 41 55.000  1.21   1
   110445  40.524288 -124.387419    23.486   -13148.7    -2881.0     2058.3     41.5     37.6     48.8 2022 12 21  8  6 55.910  1.80   1
   110447  40.562716 -124.016284    22.439    18288.9     1386.3     1011.4     25.5     14.4     24.8 2022 12 24 19 37 36.120  1.39   1
   110448  40.596863 -124.126929    21.585     8915.4     5178.1      157.9     57.5     52.4     66.4 2023  1 31 13 12 49.420  1.12   1
   110452  40.545825 -124.193506    27.154     3279.2     -489.3     5726.7    118.9     69.5    110.6 2022 12 20 23 25 36.340  1.09   1
   110453  40.512244 -124.475252    17.528   -20591.9    -4218.4    -3899.7     40.5     55.4     85.3 2022 12 21 12  8  6.020  1.11   1
   110454  40.464815 -123.817619    23.129    35140.7    -9485.1     1701.9     29.8     52.5     34.4 2022 12 21 13 41 59.550  0.69   1
   110455  40.532271 -124.421427    16.653   -16029.0    -1994.4    -4774.2     48.8     55.5     81.5 2022 12 23 13  9 40.300  0.89   1
   110458  40.620068 -124.310018    19.933    -6586.6     7755.0    -1493.8     57.1     38.6     97.5 2023  2 14  6 32 28.460  1.23   1
   110462  40.587793 -124.440291    23.792   -17619.8     4171.0     2364.9     62.5     53.5    158.2 2023  4 22 17 56 13.080  1.37   1
   110464  40.587333 -124.428353    23.084   -16608.9     4119.9     1656.7     52.7     33.0     67.0 2023  2 13 21 32 14.280  2.09   1
   110466  40.532308 -124.390389    17.021   -13399.5    -1990.4    -4406.5     34.0     35.4     57.0 2022 12 22  0 27 26.630  0.83   1
   110467  40.528569 -124.426750    26.620   -16480.3    -2405.6     5192.3     37.7     34.1     57.9 2022 12 22  3 58 10.660  0.90   1
   110468  40.525496 -123.980233    20.588    21348.2    -2746.8     -838.8     33.5     28.8     34.1 2022 12 24  1 17 32.850  0.88   1
   110470  40.536381 -124.361841    17.105   -10980.7    -1538.1    -4322.6     43.6     38.6     53.1 2023  3 29  5  5 59.480  1.47   1
   110474  40.473393 -124.448584    20.473   -18337.6    -8532.6     -954.7     63.2     67.3     77.0 2022 12 20 12 14 11.380  2.27   1
   110475  40.586475 -124.354484    28.348   -10353.7     4024.6     6920.7    101.0     86.7    130.9 2022 12 21 15  8 37.620  1.85   1
   110476  40.537516 -124.409342    27.814   -15004.6    -1412.0     6386.5     37.9     41.4     55.8 2022 12 20 13 24 12.330  1.51   1
   110477  40.610620 -123.938753    21.765    24846.7     6705.8      338.1     30.2     26.5     46.2 2023  1  3  7 18 42.400  0.99   1
   110479  40.533997 -124.359798    17.348   -10807.9    -1802.9    -4079.0     39.8     35.2     51.5 2022 12 26  2  4 21.800  1.88   1
   110480  40.559391 -124.249731    22.930    -1483.3     1017.1     1502.6     53.8     38.1     49.1 2022 12 21  2 56 11.820  1.60   1
   110481  40.492521 -124.466170    17.911   -19825.3    -6408.5    -3516.5     56.4     43.4     70.5 2023  4  5 14 51 18.340  1.34   1
   110482  40.585494 -123.924927    21.915    26022.2     3915.7      487.9     75.9     81.3    138.2 2022 12 21 19 52  6.360  0.64   1
   110484  40.525887 -124.420711    19.476   -15969.1    -2703.4    -1951.5     40.6     26.6     61.6 2022 12 25  4  3 37.800  0.93   1
   110487  40.753158 -123.849048    20.358    32407.4    22534.0    -1069.3     63.0     50.8     76.6 2022 12 20 14 11  0.150  2.57   1
   110488  40.479195 -124.459733    19.211   -19281.7    -7888.3    -2216.2     35.9     43.8     64.2 2023  2 18  9 18 28.190  1.40   1
   110489  40.519393 -124.424325    19.318   -16276.0    -3424.5    -2109.1     29.0     30.2     43.9 2022 12 29  9 57 25.630  1.27   1
   110494  40.521200 -124.417716    18.720   -15715.9    -3223.9    -2707.2     39.0     43.1     53.2 2023  3  5 20 14 19.720  1.28   1
   110495  40.534200 -124.197900    21.562     2907.2    -1780.3      134.8    125.3     64.6     96.4 2023  1 20 16 55 16.240  1.95   1
   110496  40.502600 -124.445760    18.289   -18094.3    -5289.3    -3138.0     38.3     32.1     62.9 2022 12 30 12 51 54.870  1.14   1
   110497  40.573877 -124.096460    22.901    11497.3     2625.7     1473.8     49.5     38.3     43.3 2022 12 31 14 27 57.700  1.02   1
   110501  40.467806 -124.509668    23.635   -23515.6    -9153.0     2207.3     32.0     42.3     84.9 2022 12 30 21 43 18.320  2.12   1
   110506  40.608142 -124.088835    20.064    12140.0     6430.7    -1363.7     91.4     38.4     61.6 2022 12 20 21 47 48.880  1.10   1
   110507  40.528194 -124.397078    18.219   -13966.7    -2447.2    -3207.8     39.1     32.4     51.7 2022 12 21 10 16 11.430  0.70   1
   110508  40.609155 -124.096541    18.307    11487.4     6543.2    -3120.2     42.6     36.6     44.5 2022 12 30  9  0 39.550  1.14   1
   110509  40.575049 -124.287142    22.956    -4651.4     2755.8     1528.7     60.1     51.5     68.3 2023  1  2  8  1 22.300  0.77   1
   110510  40.497144 -124.430054    24.512   -16764.1    -5895.2     3085.2     33.6     25.8     49.8 2023  1  2  8 25 11.060  1.28   1
   110511  40.628971 -124.019523    23.809    18005.7     8743.6     2381.6     74.7     58.8     73.5 2022 12 21  4 15 19.850  2.45   1
   110512  40.509237 -124.335238    19.039    -8728.8    -4552.3    -2388.0     27.2     30.4     31.7 2022 12 21 17 35 50.480  1.40   1
   110513  40.523291 -124.411182    19.215   -15162.0    -2991.7    -2212.2     40.8     37.6     43.9 2022 12 20 15  4 50.680  1.42   1
   110515  40.545732 -124.228532    21.437      312.3     -499.7        9.5     71.4     57.9     64.8 2023  1 11 13 29 12.060  1.57   1
   110517  40.597522 -124.085669    23.517    12409.1     5251.3     2090.1     74.2     48.0     57.4 2023  3 12  6 43 46.740  0.89   1
   110518  40.521692 -124.437386    18.023   -17382.3    -3169.2    -3404.5     45.3     41.4     55.6 2022 12 20 10 43 39.300  2.63   1
   110519  40.575692 -124.148088    22.324     7124.9     2827.2      897.0     87.1     29.6     53.0 2022 12 20 23 22 14.760  1.65   1
   110521  40.570288 -124.157544    23.387     6324.3     2227.1     1959.7     78.7     38.2     57.0 2022 12 23  1 11 44.550  1.32   1
   110522  40.644946 -124.098812    23.219    11292.2    10517.6     1792.0    295.0    103.7    152.0 2022 12 20 18 48 15.520  0.97   1
   110523  40.509493 -124.492952    23.997   -22092.0    -4523.9     2569.7     35.0     53.0     49.2 2022 12 21  1  7 33.310  3.25   1
   110524  40.607194 -124.086141    18.150    12368.2     6325.4    -3277.6     52.7     41.6     61.5 2022 12 21  9 31  7.840  1.25   1
   110525  40.617232 -124.079639    18.383    12917.8     7440.1    -3044.2     55.1     34.0     54.5 2022 12 26  7 21 10.390  0.93   1
   110526  40.491541 -124.509611    15.697   -23506.6    -6517.4    -5730.3     43.4     48.3    108.4 2023  2 18 20 58 10.920  1.67   1
   110527  40.524337 -124.439063    19.202   -17524.0    -2875.5    -2225.6     37.8     43.9     38.6 2022 12 22  3 55 53.820  1.44   1
   110529  40.553284 -124.259399    24.904    -2302.3      338.9     3476.3     37.2     39.5     70.6 2023  5 18 13 21 36.440  0.56   1
   110530  40.618860 -124.068628    16.113    13849.8     7620.8    -5314.4     62.5     35.2     56.2 2022 12 22  4 49 54.170  0.84   1
   110531  40.531466 -124.351628    19.255   -10115.9    -2083.9    -2171.9     47.4     55.1     56.9 2022 12 20 19 16  2.640  1.29   1
   110532  40.542676 -124.350114    16.407    -9986.8     -839.1    -5020.1     48.3     38.5     57.6 2022 12 23  4  9 55.040  1.00   1
   110533  40.653772 -124.058154    16.091    14732.7    11497.6    -5336.1     84.5     81.5    162.1 2022 12 21 11 50 10.940  0.78   1
   110534  40.526192 -124.402775    18.777   -14449.5    -2669.5    -2650.5     31.8     35.5     43.8 2023  1  4 16 29 55.050  1.61   1
   110535  40.522917 -124.412313    18.862   -15257.9    -3033.2    -2565.3     29.0     26.3     42.7 2022 12 22 10 55 51.720  0.98   1
   110537  40.614038 -124.081193    23.376    12786.5     7085.4     1948.9    104.6     47.6     73.4 2022 12 21 16 28 15.660  3.99   1
   110539  40.525850 -124.339022    19.000    -9048.4    -2707.5    -2427.6     42.3     38.2     69.3 2022 12 25  8 22 48.250  0.72   1
   110541  40.578072 -124.185506    18.317     3955.9     3091.5    -3110.0     50.4     28.3     43.4 2023  2 18  6 52 19.650  1.07   1
   110542  40.578446 -124.186751    17.995     3850.5     3133.1    -3432.5     46.8     19.3     51.9 2022 12 20 17 56  5.920  1.14   1
   110544  40.599459 -124.183171    19.209     4153.1     5466.4    -2218.5    106.5     39.2     69.9 2023  3 21 22 51 34.760  0.98   1
   110546  40.502661 -124.447819    19.656   -18268.8    -5282.5    -1770.9     37.4     42.3     71.2 2022 12 27  1 23 41.520  0.94   1
   110547  40.614913 -123.924015    21.040    26093.7     7182.5     -387.5     45.6     50.1     55.0 2022 12 20 23 36 50.880  1.00   1
   110549  40.542924 -124.055688    19.710    14953.7     -811.5    -1717.2     32.2     32.5     29.5 2022 12 21  4 18 46.220  2.04   1
   110551  40.612187 -124.088713    18.288    12150.0     6879.8    -3139.5     45.7     35.8     48.8 2023  2 17 11 16 14.330  1.12   1
   110553  40.525724 -123.920793    20.408    26384.0    -2721.5    -1018.8     58.7     57.1     45.7 2022 12 25  0 34  1.910  0.77   1
   110554  40.548991 -124.243628    18.190     -966.4     -137.8    -3237.7     36.0     24.0     35.3 2022 12 21  0  5 31.440  1.34   1
   110556  40.498572 -124.434587    23.526   -17148.1    -5736.6     2098.7     31.8     28.5     37.1 2023  2 25 14 23 27.120  1.53   1
   110559  40.614526 -124.125895    21.506     9001.8     7139.6       78.7     94.5     55.8    106.9 2023  3 13  0 48 17.330  0.83   1
   110560  40.630660 -123.929085    21.608    25661.4     8931.2      180.8     33.0     28.1     33.0 2023  2  2  2 38 55.900  1.60   1
   110561  40.620923 -123.891935    23.972    28808.4     7849.9     2544.9     96.9     82.4     95.4 2022 12 20 17 35 32.520  1.17   1
   110564  40.601208 -124.117676    16.366     9698.6     5660.7    -5061.4     63.5     43.4     48.6 2022 12 24  4 18 59.420  0.99   1
   110566  40.607931 -124.106396    18.244    10653.1     6407.2    -3182.8     48.3     28.1     35.3 2022 12 22  5 24 44.100  2.65   1
   110568  40.499398 -124.470060    15.963   -20153.9    -5644.9    -5463.8     34.1     40.2     59.8 2023  3 22 19 35 25.080  1.32   1
   110569  40.646061 -124.023079    18.279    17702.4    10641.4    -3148.6     35.6     25.6     46.5 2023  1  2  9 44 23.910  0.93   1
   110570  40.601668 -124.123389    20.198     9214.9     5711.8    -1229.6     58.5     37.5     45.6 2022 12 22  6 14 22.080  1.10   1
   110572  40.532690 -124.244800    18.976    -1065.8    -1947.9    -2450.8     37.1     36.9     40.0 2023  1  1 22 18 52.920  1.17   1
   110574  40.627002 -124.096248    19.876    11510.7     8525.0    -1550.9     57.3     27.7     65.6 2022 12 21 22 33 49.080  1.00   1
   110575  40.578031 -124.164697    26.366     5718.2     3087.0     4938.3    127.1     50.0     75.3 2022 12 23  1 10  6.400  0.80   1
   110577  40.618197 -124.229989    23.831      188.8     7547.2     2403.4     69.5     40.6     66.5 2022 12 25 19 13 28.400  0.95   1
   110578  40.568278 -124.145142    21.694     7374.8     2003.9      266.3     87.9     35.5     50.4 2022 12 20 20 26 41.720  2.13   1
   110579  40.520756 -124.352930    21.680   -10227.0    -3273.2      253.0     80.3     85.4     91.5 2022 12 21  8 58 34.030  0.97   1
   110580  40.609904 -124.055697    22.794    14945.6     6626.3     1366.3     57.1     24.9     56.6 2023  1  3  4 53 49.540  1.15   1
   110581  40.567489 -124.233016    20.417      -67.5     1916.3    -1010.6     48.4     31.6     53.0 2023  5 28 11 38 43.770  1.07   1
   110582  40.562642 -123.935140    22.144    25161.6     1378.1      716.7     24.2     17.3     35.1 2022 12 21 23 36 17.240  1.23   1
   110586  40.522319 -123.896851    20.036    28413.1    -3099.7    -1391.4     59.8     71.4     70.9 2022 12 22  5 36 49.910  0.70   1
   110587  40.606165 -123.915405    25.208    26824.4     6211.1     3781.1     37.3     30.2     47.2 2022 12 20 10 48 38.300  2.65   1
   110588  40.596899 -124.116024    18.150     9838.8     5182.2    -3276.9     45.8     36.9     45.6 2022 12 22  7 50 48.720  1.53   1
   110589  40.533565 -124.051497    19.436    15309.8    -1850.8    -1991.2     43.8     31.3     38.7 2022 12 21  0 13 29.150  1.50   1
   110590  40.653605 -123.884855    27.847    29400.7    11479.1     6419.5    109.0     96.2    154.8 2022 12 23 19 10 35.240  1.06   1
   110591  40.587329 -124.066479    21.615    14035.0     4119.5      188.1     44.7     29.3     44.4 2022 12 25 22 34 55.360  0.82   1
   110592  40.618144 -124.075033    17.896    13307.7     7541.3    -3530.8     46.9     30.3     36.9 2023  1 18  8 28 49.360  0.92   1
   110594  40.558993 -123.935783    21.160    25107.8      972.8     -266.8     34.7     16.9     34.5 2022 12 21  0 45 40.230  1.26   1
   110595  40.593042 -124.324129    21.377    -7782.8     4753.9      -49.9     43.5     28.1     47.4 2022 12 20 10 52 39.340  3.28   1
   110596  40.540259 -124.340763    17.688    -9194.9    -1107.5    -3739.6     37.8     33.2     41.1 2022 12 29  7 31 23.150  0.85   1
   110597  40.619283 -124.078906    20.342    12979.6     7667.8    -1084.1     60.2     49.4     63.4 2022 12 20 21 24 28.880  0.90   1
   110598  40.599255 -124.105233    22.942    10752.4     5443.8     1514.7     85.6     39.0     47.6 2022 12 26  1 46  3.150  1.45   1
   110600  40.522144 -124.379647    17.522   -12490.5    -3119.1    -3905.4     43.3     35.3     69.9 2022 12 20 19 51  5.480  1.33   1
   110604  40.571077 -123.937500    21.339    24960.1     2314.8      -88.0     21.5     18.4     29.2 2022 12 21 17  1 49.600  1.16   1
   110605  40.522176 -124.431828    19.724   -16911.3    -3115.5    -1703.0     26.7     30.4     44.0 2022 12 22  7 33 35.520  1.14   1
   110607  40.662651 -124.021533    17.930    17831.1    12483.6    -3497.1     62.0     31.1     53.5 2022 12 21 14 33 24.290  1.52   1
   110608  40.641549 -124.026847    18.546    17384.1    10140.3    -2881.6     61.3     30.0     66.2 2022 12 25 12 29 55.020  1.64   1
   110609  40.575944 -124.154370    23.090     6592.8     2855.2     1662.7     88.8     27.7     44.8 2022 12 20 19 19  0.120  1.41   1
   110611  40.553345 -124.243237    17.916     -933.3      345.7    -3510.8     54.4     67.6     72.4 2022 12 21 12 21 21.680  0.97   1
   110613  40.667855 -123.887020    22.851    29214.4    13061.5     1423.3     45.2     37.4     45.8 2022 12 27 17 40  9.980  1.83   1
   110614  40.551615 -124.320036    20.617    -7438.5      153.6     -810.3     70.4     42.8     67.8 2023  2 15 14 26 55.060  2.21   1
   110615  40.581380 -124.134098    21.758     8309.3     3458.9      331.1     79.5     65.9     91.2 2022 12 21  9 48 30.660  1.09   1
   110618  40.606824 -123.983089    22.758    21093.5     6284.3     1331.2     68.0     72.1     67.0 2022 12 20 23 30 29.600  1.04   1
   110619  40.599178 -123.917847    22.024    26619.1     5435.2      597.2     45.9     44.2     43.3 2022 12 22  4 23  9.220  0.67   1
   110620  40.598478 -123.896077    25.169    28462.5     5357.5     3741.9     47.8     42.2     56.7 2022 12 25 16 15  8.400  1.07   1
   110622  40.605066 -124.099520    15.507    11235.6     6089.1    -5920.6     73.8     60.5     42.4 2022 12 28  9 46 28.530  1.31   1
   110623  40.595097 -124.153678    22.871     6650.5     4982.0     1443.4     80.8     34.3     59.4 2022 12 30  9 23 12.150  1.07   1
   110624  40.607442 -124.107397    18.271    10568.4     6352.9    -3156.0     65.0     46.5     75.9 2023  4  2 23  2 20.160  1.02   1
   110625  40.551506 -124.073779    19.099    13420.4      141.4    -2327.9     71.7     67.1     62.3 2022 12 20 21 22 52.960  1.20   1
   110626  40.560238 -124.018416    22.142    18108.7     1111.1      714.6     27.1     18.2     28.8 2022 12 24 20 57 12.400  1.30   1
   110627  40.593392 -124.191846    21.204     3418.7     4792.7     -223.7     80.5     28.3     73.6 2022 12 20 16 59 23.800  1.39   1
   110628  40.550684 -123.883667    22.421    29523.8       50.2      993.8     45.0     45.9     51.8 2022 12 25  6 37 31.440  1.50   1
   110629  40.585596 -124.225317    24.389      584.4     3927.0     2962.1     97.2     65.5    129.4 2023  2  2  2 53 51.230  0.90   1
   110630  40.600854 -124.106828    15.528    10617.2     5621.4    -5898.9     51.7     38.6     36.5 2022 12 22  6 38 46.920  0.92   1
   110631  40.600167 -123.997437    19.940    19879.7     5545.0    -1487.4     45.9     27.4     25.0 2022 12 22  6 27  3.370  1.14   1
   110633  40.510950 -124.451807    24.304   -18605.5    -4362.1     2876.5     51.7     42.0     99.0 2022 12 20 11 23 42.960  2.53   1
   110634  40.612268 -124.079980    15.778    12889.3     6888.8    -5648.9     62.1     37.7     49.2 2023  1  3  7 23 30.820  1.13   1
   110635  40.549084 -124.053206    22.683    15163.3     -127.4     1255.6     37.7     20.7     29.0 2022 12 24  7 16 44.450  1.51   1
   110636  40.577429 -124.209334    17.704     1938.0     3020.1    -3723.3     37.4     31.0     40.6 2023  5  5 10 50 40.220  0.86   1
   110637  40.544120 -124.336548    17.501    -8837.6     -678.7    -3925.9     30.9     32.9     37.1 2022 12 25 12 21 40.770  1.90   1
   110638  40.578691 -124.148755    23.415     7068.3     3160.2     1988.1     68.6     35.2     44.3 2022 12 21 19 17 30.720  1.31   1
   110641  40.643888 -124.002132    18.868    19475.8    10400.1    -2559.5     57.6     43.4     51.4 2022 12 25  9 11 59.060  0.70   1
   110643  40.540141 -123.912899    23.021    27049.8    -1120.6     1593.3     40.9     41.2     40.9 2023  2 16 18  3 27.440  1.53   1
   110644  40.562838 -123.978068    23.615    21525.7     1399.8     2187.6     35.7     32.9     28.3 2023  2 13  5 45 35.220  1.23   1
   110646  40.569877 -124.419548    26.190   -15865.3     2181.5     4763.2    105.9    125.7    175.5 2023  2  6 20 12  2.580  1.35   1
   110647  40.567977 -124.159424    21.182     6165.2     1970.5     -245.5    148.4     54.1     86.2 2022 12 20 19  6 23.200  1.47   1
   110649  40.521021 -124.360783    23.028   -10892.4    -3243.8     1600.7     59.6     55.0     66.0 2022 12 25 23 13 35.000  1.83   1
   110650  40.704500 -123.959928    21.822    23037.8    17130.8      394.8     58.0     42.6     48.8 2022 12 26  9 16 16.030  1.67   1
   110651  40.615853 -123.818441    26.798    35031.8     7286.9     5371.1     51.9     63.2     78.3 2023  4  8  3  4 20.710  1.95   1
   110652  40.515015 -124.440072    17.966   -17610.7    -3910.7    -3460.8     30.1     34.5     32.4 2023  2  8 14 16 55.210  1.31   1
   110653  40.531991 -124.402360    18.660   -14413.7    -2025.6    -2767.1     33.9     33.2     46.7 2022 12 26  8 29 16.340  0.84   1
   110654  40.595581 -124.004175    22.913    19309.8     5035.8     1485.8     36.0     27.3     26.7 2022 12 24 22 12 36.600  2.10   1
   110655  40.568400 -124.019417    22.547    18022.8     2017.5     1120.1     36.6     20.4     36.1 2023  4 30 12 38 22.840  0.62   1
   110656  40.584762 -124.188224    26.391     3725.6     3834.4     4963.6    249.5     95.1    186.2 2023  1 20 22  9 26.880  0.94   1
   110660  40.538037 -124.342611    16.627    -9351.6    -1354.2    -4800.4     32.6     30.2     54.2 2022 12 31 15  5 32.620  1.28   1
   110663  40.579793 -123.957039    24.562    23303.8     3282.7     3134.8     62.0     59.0     53.5 2022 12 21 22 26 11.040  1.39   1
   110664  40.550728 -123.975529    21.149    21742.7       55.1     -278.5     40.0     30.4     48.1 2022 12 20 16  1 13.350  1.61   1
   110665  40.490828 -124.511947    17.992   -23704.7    -6596.5    -3435.5     65.9     76.5    117.7 2023  4  6  4 40 19.060  0.75   1
   110666  40.500289 -124.468652    17.868   -20034.4    -5545.9    -3559.2     36.1     42.0     51.1 2022 12 29  8 32 33.620  1.49   1
   110667  40.598897 -124.330672    21.022    -8336.5     5404.1     -405.2     37.9     21.1     50.8 2022 12 25  7 56 23.340  0.72   1
   110671  40.584416 -124.094507    23.316    11661.8     3795.9     1889.1     55.0     47.8     46.2 2022 12 20 23  1 57.840  1.31   1
   110672  40.536190 -124.350220    18.280    -9996.3    -1559.3    -3146.8     33.9     31.5     45.2 2023  4 15  0  7  1.200  0.77   1
   110673  40.583931 -124.210750    23.542     1818.0     3742.2     2114.5    156.5     80.2    124.0 2022 12 21 16 59 16.830  0.92   1
   110674  40.552197 -124.225407    17.829      577.0      218.2    -3598.2     43.8     36.3     42.2 2022 12 23  5  1 13.690  1.08   1
   110675  40.703971 -123.933651    22.568    25261.2    17072.1     1140.7     42.6     30.2     33.9 2022 12 22 16 21 35.960  1.66   1
   110676  40.479679 -124.403906    19.991   -14550.3    -7834.5    -1436.3     37.1     38.1     57.1 2023  1 30 10 56 56.600  0.99   1
   110677  40.511316 -124.439526    17.577   -17565.0    -4321.4    -3850.2     40.7     42.8     53.8 2022 12 23  0 10 35.700  1.04   1
   110678  40.518266 -124.429256    16.545   -16693.9    -3549.7    -4882.1     50.0     57.0     82.5 2023  1  8  2 15 56.440  1.14   1
   110679  40.512769 -124.435783    17.197   -17247.6    -4160.1    -4230.3     54.5     26.4    101.7 2023  4 20 15 36 20.100  0.92   1
   110681  40.638790 -123.911450    21.432    27152.7     9834.0        4.5     43.3     36.8     37.8 2022 12 21  2 53 42.600  1.60   1
   110683  40.503898 -124.455225    19.829   -18896.1    -5145.2    -1598.6     32.4     39.1     49.1 2022 12 21  8 21  0.830  1.29   1
   110685  40.533891 -124.371981    24.627   -11839.9    -1814.6     3199.4     43.6     40.2     64.6 2023  1 29  2 21 34.040  0.86   1
   110686  40.548116 -124.311369    17.928    -6704.5     -235.0    -3499.2     52.4     21.7     42.4 2022 12 20 19 42 50.340  1.43   1
   110687  40.641105 -124.048120    19.509    15583.5    10091.0    -1918.1     63.2     52.8     82.8 2022 12 26  1 31 33.690  1.21   1
   110688  40.682548 -123.884196    22.126    29450.2    14693.1      698.7     45.8     55.2     51.5 2022 12 20 16  7 38.970  2.01   1
   110689  40.552002 -123.758415    21.759    40132.8      196.6      332.2     40.5     67.5     23.1 2022 12 22  0 56 27.730  0.68   1
   110692  40.510738 -124.468888    21.018   -20052.9    -4385.6     -409.0     50.7     52.7     89.2 2022 12 29 10 57 23.460  1.08   1
   110694  40.518363 -124.445207    18.856   -18045.3    -3538.8    -2571.1     43.2     49.4     79.0 2022 12 29  5 31  8.470  1.04   1
   110695  40.550085 -124.225317    17.806      584.6      -16.3    -3621.4     41.3     29.0     39.8 2022 12 24  5  9  2.290  1.55   1
   110697  40.573397 -124.219108    16.917     1110.3     2572.4    -4510.4     54.5     40.5     79.1 2022 12 23 20 30 28.480  1.23   1
   110698  40.541243 -124.238940    18.189     -569.4     -998.1    -3238.1     28.6     24.7     53.3 2023  1 26  5 47 35.730  1.04   1
   110699  40.509774 -124.412801    18.877   -15300.8    -4492.7    -2550.3     25.4     32.3     38.9 2022 12 22  9  7 10.520  0.52   1
   110700  40.575285 -124.213005    18.280     1627.2     2782.0    -3147.1     37.2     27.7     63.3 2022 12 25  3 58 23.130  0.90   1
   110702  40.629089 -123.955501    22.287    23425.5     8756.8      859.4     46.1     28.9     51.2 2022 12 20 23 26 24.700  1.53   1
   110703  40.530204 -124.330347    17.540    -8313.1    -2224.0    -3887.5     48.0     36.5     33.5 2022 12 22 14 28 55.050  1.12   1
   110705  40.513778 -123.879810    21.656    29858.7    -4048.1      228.8     29.6     31.6     40.6 2023  3  1  0 37 17.190  1.45   1
   110706  40.559819 -123.993359    23.885    20231.0     1064.5     2457.3     33.9     26.6     30.5 2022 12 20 23 41  1.760  1.68   1
   110707  40.545626 -123.841309    22.174    33113.0     -511.5      747.1     84.0     86.7    108.5 2022 12 21 22 14 18.520  1.56   1
   110708  40.577364 -124.207772    17.641     2070.3     3012.9    -3786.6     33.5     29.6     35.3 2023  3  5  0 34 58.820  1.58   1
   110710  40.605819 -124.135246    18.464     8210.6     6172.7    -2962.9     68.3     42.6     72.6 2023  1 14  1 10 27.140  1.46   1
   110711  40.612333 -124.071745    20.754    13586.6     6896.1     -673.0     49.5     38.4     55.5 2022 12 20 21  2 39.800  1.14   1
   110712  40.547599 -123.952555    22.630    23689.2     -292.3     1202.8     54.6     56.9     51.3 2023  1 10 19 11 36.040  1.34   1
   110715  40.610059 -124.083244    16.466    12613.2     6643.5    -4961.4     67.6     30.3     79.7 2022 12 20 21 22 37.100  1.23   1
   110716  40.586198 -123.887638    21.264    29179.7     3993.9     -163.1     57.5     50.8    112.1 2022 12 22  1 50 13.650  0.65   1
   110717  40.608468 -124.296452    19.602    -5438.5     6466.8    -1825.0     86.6     28.7     84.2 2023  4  9 21 13 25.880  0.97   1
   110718  40.523438 -124.431641    19.307   -16895.3    -2975.4    -2120.7     41.1     37.2     43.0 2022 12 22  3 44  5.310  1.01   1
   110720  40.587183 -124.204329    20.775     2361.7     4103.2     -652.5     75.5     37.8     62.1 2022 12 21  1 23  1.660  0.93   1
   110721  40.550838 -124.308447    17.933    -6456.9       67.3    -3494.2     48.2     27.6     50.8 2022 12 20 16 43 44.910  1.41   1
   110722  40.550785 -124.302490    18.056    -5952.3       61.5    -3371.4     71.3     27.4     82.5 2022 12 20 19 45  5.720  1.04   1
   110723  40.468673 -124.544084    21.256   -26432.4    -9056.8     -170.8     59.9     71.5     72.3 2022 12 22  7 29 30.560  0.68   1
   110724  40.518469 -124.345068    19.562    -9561.2    -3527.1    -1865.7     50.3     44.1     35.3 2022 12 22  8 32 21.500  0.63   1
   110725  40.547469 -124.312264    17.783    -6780.4     -306.8    -3643.9     52.5     45.8     72.6 2022 12 24 21 51 17.000  0.84   1
   110726  40.519299 -124.425049    19.993   -16337.4    -3434.9    -1434.6     25.0     22.2     41.2 2022 12 25 10 58 46.850  0.74   1
   110727  40.516036 -124.355371    19.467   -10434.2    -3797.3    -1960.4     51.7     44.0     45.8 2022 12 26 20 22  8.180  1.12   1
   110728  40.519625 -124.420036    19.639   -15912.6    -3398.8    -1788.0     24.8     23.0     34.5 2023  1  3 14 30 47.720  1.13   1
   110729  40.578613 -124.208130    17.815     2040.0     3151.6    -3612.7     41.7     30.2     39.4 2023  1  4 10 27 27.700  1.40   1
   110730  40.550130 -124.298999    23.052    -5656.6      -11.3     1624.9     91.6     87.6    105.4 2023  1 27  5 50 36.430  1.31   1
   110731  40.511910 -124.440633    18.127   -17658.7    -4255.5    -3300.6     37.6     34.3     74.2 2023  3 16 18  8 14.040  1.34   1
   110735  40.533948 -124.348698    17.922    -9867.5    -1808.3    -3505.0     40.8     31.2     62.2 2022 12 20 21 52 17.400  1.04   1
   110736  40.503235 -124.330729    18.835    -8347.2    -5218.8    -2592.1     28.1     24.4     32.0 2022 12 22  5 34 15.770  1.28   1
   110737  40.523682 -124.425439    18.330   -16369.9    -2948.3    -3096.9     38.0     42.0     54.2 2022 12 22 10 19 33.470  1.21   1
   110738  40.546407 -124.317660    18.800    -7237.5     -424.7    -2627.0     53.6     39.8     59.9 2022 12 26 12 16 44.250  0.71   1
   110739  40.522534 -124.422843    17.957   -16150.1    -3075.7    -3470.5     38.4     43.8     58.9 2023  1 11  1 42 23.060  2.03   1
   110743  40.581860 -124.199691    17.891     2754.6     3512.2    -3536.5     43.0     22.4     32.4 2023  3 25 16 17 15.180  0.90   1
   110745  40.516040 -124.431942    18.301   -16921.8    -3796.9    -3126.6     30.3     28.2     64.3 2023  1 20  8 32 25.670  1.94   1
   110746  40.518201 -124.450806    19.843   -18519.7    -3556.9    -1584.3     65.6     74.6     69.4 2023  2 15 19 15 16.420  1.23   1
   110747  40.543811 -124.342855    19.800    -9371.9     -713.0    -1627.6     49.3     41.9     56.1 2022 12 23 14  7  9.940  0.88   1
   110748  40.553288 -124.439811    25.127   -17583.7      339.3     3699.5     60.4     51.9    107.9 2022 12 20 15 58 21.830  1.76   1
   110749  40.500907 -124.460864    15.794   -19374.4    -5477.3    -5633.6     32.0     38.7     64.0 2022 12 26  6 35 42.200  1.15   1
   110750  40.592485 -124.118538    17.277     9626.2     4692.0    -4150.5     45.1     40.8     36.8 2023  1 14  6 13 33.720  1.13   1
   110751  40.575224 -123.986353    20.928    20822.1     2775.2     -499.2     24.4     28.1     46.7 2022 12 20 17 38 50.000  1.62   1
   110752  40.578638 -124.203426    20.118     2438.3     3154.3    -1309.0     71.3     25.1     45.9 2022 12 22 21 13 37.280  0.95   1
   110753  40.526823 -124.323975    17.845    -7773.5    -2599.5    -3582.6     45.1     32.6     52.7 2022 12 22 22  2  6.300  1.11   1
   110754  40.524613 -124.356885    18.579   -10561.8    -2844.8    -2848.4     40.4     31.0     44.4 2022 12 22 22 45  9.160  1.52   1
   110757  40.525000 -124.344035    19.083    -9473.1    -2801.9    -2344.2     36.4     29.4     45.7 2022 12 28 13 28 43.290  1.64   1
   110758  40.552738 -124.237183    19.721     -420.5      278.3    -1706.2     28.7     16.7     45.7 2023  1 15 15 14  5.770  1.41   1
   110759  40.516593 -124.408732    21.654   -14955.2    -3735.4      226.9     42.3     55.0     84.2 2023  2 10 21  1  5.660  1.17   1
   110761  40.586401 -124.150757    21.952     6898.3     4016.4      524.8     60.9     33.2     44.9 2023  1 21 22  3  8.900  1.49   1
   110765  40.522465 -124.400838    18.265   -14285.8    -3083.4    -3162.6     41.3     38.9     51.0 2022 12 24  2 43 20.530  1.79   1
   110766  40.500431 -124.444328    18.524   -17973.3    -5530.1    -2903.3     45.0     53.8     92.5 2023  2  7 19 48  3.920  1.35   1
   110767  40.505518 -124.479110    17.941   -20919.7    -4965.3    -3486.2     39.5     46.2     56.4 2023  5  3  4 14 16.070  1.55   1
   110768  40.535807 -124.341789    18.673    -9282.1    -1601.8    -2754.1     35.1     29.5     35.7 2023  2 17 23 11 43.020  1.41   1
   110769  40.577934 -124.211287    17.998     1772.6     3076.2    -3429.7     40.4     25.8     30.8 2022 12 22 11 55 31.760  1.02   1
   110770  40.594442 -124.099349    24.993    11251.0     4909.3     3565.6     87.2     38.9     88.9 2023  1  4  8 48  8.840  1.05   1
   110771  40.515479 -124.443294    18.195   -17883.7    -3859.2    -3232.5     31.7     30.9     58.4 2022 12 21 11 33 42.730  2.09   1
   110772  40.518888 -124.421012    16.667   -15995.4    -3480.6    -4759.8     41.1     58.1     76.5 2022 12 22  1 51 31.680  0.96   1
   110774  40.516398 -124.429142    18.637   -16684.5    -3757.1    -2790.3     46.0     44.2     83.5 2022 12 22 13 45 54.290  0.88   1
   110778  40.594230 -124.095296    21.954    11594.2     4885.8      527.0    154.8     54.5    113.9 2022 12 20 13 10 43.400  0.88   1
   110780  40.515820 -124.438835    18.437   -17505.8    -3821.3    -2990.4     31.6     29.9     57.4 2023  1 27  2 38 13.190  1.41   1
   110781  40.602897 -124.025098    21.172    17537.2     5848.2     -254.8     54.9     48.1     38.4 2022 12 22  7 36 42.420  0.86   1
   110782  40.519320 -124.417961    17.064   -15736.8    -3432.7    -4363.5     33.4     37.4     57.9 2023  1 19  4 55  2.650  1.72   1
   110783  40.534082 -124.242757    19.776     -892.8    -1793.4    -1651.5     34.7     29.5     40.6 2022 12 21  9 13 55.700  1.90   1
   110785  40.599064 -124.107544    16.211    10556.7     5422.6    -5216.7    116.2     51.8     62.9 2023  3 27 13  6 21.780  0.85   1
   110786  40.515096 -124.441357    17.935   -17719.6    -3901.7    -3492.5     37.6     46.8     69.3 2022 12 21 10 46 12.660  1.82   1
   110787  40.587109 -124.173096    20.095     5006.6     4095.1    -1332.3    114.6     58.1     96.8 2022 12 22  9 24 48.500  0.91   1
   110788  40.659200 -124.007454    19.481    19023.2    12100.4    -1945.8     47.2     29.0     55.6 2022 12 22  1 16  9.260  0.66   1
   110789  40.522343 -124.414697    18.783   -15460.0    -3096.9    -2644.0     36.9     35.1     51.2 2022 12 23 19 12 41.740  1.83   1
   110790  40.568612 -124.189209    22.847     3642.6     2041.0     1420.1    147.7     69.8     98.7 2022 12 24 15 43 41.860  0.86   1
   110791  40.525940 -124.410563    23.238   -15109.3    -2697.5     1810.5    264.8    249.5    311.8 2022 12 21 21 14 36.000  0.82   1
   110793  40.516781 -124.414209    20.860   -15419.2    -3714.6     -567.5     35.8     32.8     45.2 2022 12 26 14 17  3.520  0.91   1
   110794  40.595597 -124.113314    18.445    10068.4     5037.6    -2982.5     46.4     27.2     37.6 2023  3 11 16 16 54.220  1.44   1
   110796  40.542216 -124.334611    17.518    -8673.6     -890.1    -3909.4     31.6     29.7     35.8 2022 12 22  1 52 50.750  1.67   1
   110797  40.520178 -124.353906    19.201   -10309.8    -3337.3    -2225.9     52.2     38.7     60.0 2022 12 24 21 53 24.440  1.63   1
   110799  40.524292 -124.403141    19.371   -14480.7    -2880.5    -2056.3     54.3     50.2     40.4 2022 12 20 10 40 17.470  2.91   1
   110801  40.557141 -124.236182    19.806     -335.7      767.2    -1621.6     44.0     31.9     43.9 2022 12 20 12 16  5.480  2.04   1
   110802  40.575659 -124.082096    19.189    12713.6     2823.6    -2238.2     54.3     55.6     46.6 2022 12 21  0 15 31.010  2.88   1
   110803  40.652970 -124.017928    18.927    18137.5    11408.6    -2500.1     48.1     32.4     70.2 2022 12 22  5 56 58.350  0.78   1
   110804  40.519202 -124.438892    19.517   -17510.2    -3445.8    -1910.4     34.4     32.7     64.7 2022 12 20 20 38 36.440  1.22   1
   110806  40.514677 -124.433724    18.673   -17072.9    -3948.2    -2753.8     35.8     29.1     70.2 2023  2  1  8 26 47.510  1.32   1
   110808  40.534509 -124.340894    18.344    -9206.4    -1745.9    -3083.3     34.1     49.8     88.7 2023  3 31  1 48 56.260  0.92   1
   110809  40.523132 -124.427441    19.952   -16539.6    -3009.3    -1475.4     40.5     39.7     49.7 2022 12 22  0 38 39.810  1.01   1
   110810  40.616264 -124.079476    16.921    12931.7     7332.5    -4506.2     51.9     47.2     61.3 2023  1  4  6 36 41.150  1.09   1
   110812  40.603569 -124.133879    18.458     8326.5     5922.8    -2969.7     74.8     32.6     56.4 2023  2  2  5 38 31.180  0.92   1
