   101475  40.580623 -123.986092    20.580    20843.3     3374.8     -847.7      0.7      0.4      0.7 2020  1  4 12 29  8.640  0.00   1
   101476  40.577690 -123.962760    21.286    22819.7     3049.0     -140.8      2.4      1.5      2.0 2020  2 13 22 21 36.940  0.00   1
   101477  40.581934 -123.991976    20.907    20344.9     3520.3     -519.9      0.9      0.5      0.6 2020  3 19  1  4 26.040  0.00   1
   101481  40.580754 -123.985140    20.638    20923.9     3389.3     -789.3      0.7      0.5      0.5 2021  3 29 15 56 33.780  0.00   1
   101482  40.581034 -123.985701    20.674    20876.3     3420.5     -752.8      0.6      0.3      0.5 2021  3 29 13 44 54.940  0.00   1
   101483  40.581030 -123.985579    20.682    20886.7     3420.0     -745.3      0.6      0.2      0.5 2021  3 30 14 30 26.580  0.00   1
   101484  40.580758 -123.984814    20.654    20951.5     3389.7     -773.3      0.6      0.3      0.5 2021  3 30 16 56 58.820  0.00   1
   101487  40.582564 -123.983822    20.524    21035.3     3590.4     -903.3      0.5      0.6      0.5 2021  9 19 18 51 35.660  0.00   1
   101488  40.572229 -123.955729    21.443    23416.1     2442.7       15.7      3.4      2.7      2.4 2021 12  7  4 20 27.260  0.00   1
   101564  40.532507 -124.274927    11.668    -3618.1    -1968.2    -9758.9      0.5      0.3      0.4 2020  1  4 11 37 20.680  0.00   1
   102513  40.559058 -124.123413    23.053     9215.7      980.1     1626.0      0.8      0.7      1.0 2020  1 21 18 29 29.080  0.00   1
   102514  40.563464 -124.139535    22.957     7850.0     1469.4     1530.1      1.0      0.7      1.0 2020  1 21 18 17 50.920  0.00   1
   102517  40.564339 -124.125122    22.884     9070.6     1566.5     1456.5      0.8      0.7      0.9 2020  1 21 18 17 12.580  0.00   1
   102584  40.559224 -124.113875    22.052    10023.5      998.6      624.3      4.8      3.0      3.0 2021 12 19 16 15 38.560  0.00   1
   102602  40.477861 -124.511092    24.730   -23634.5    -8036.5     3302.8      0.6      0.9      1.8 2021  8 10 19 30 57.060  0.00   1
   102603  40.479220 -124.505566    25.374   -23166.0    -7885.6     3946.6      0.7      0.9      1.3 2021  8 28  7 10 22.180  0.00   1
   102606  40.490291 -124.498568    24.769   -22571.0    -6656.1     3341.8      1.0      0.8      1.4 2021 11  9 13 23 16.920  0.00   1
   102608  40.477779 -124.507869    25.417   -23361.4    -8045.5     3989.4      0.8      0.7      1.4 2022  9  7 17 54 42.580  0.00   1
   102707  40.432532 -124.602743    23.401   -31412.4   -13070.1     1974.0      0.3      0.4      1.0 2020  1  5 11  4 39.240  0.00   1
   102709  40.447192 -124.595964    23.417   -30834.4   -11442.1     1989.5      0.6      0.7      0.7 2020  3 12 15 20 18.660  0.00   1
   102716  40.435022 -124.601335    23.433   -31292.5   -12793.5     2006.0      0.5      0.6      0.4 2020  5 19 15 58 35.460  0.00   1
   102717  40.435164 -124.602856    23.795   -31421.5   -12777.7     2367.9      0.5      0.5      0.5 2020  5 19  8 56  4.240  0.00   1
   102719  40.434497 -124.603988    21.699   -31517.5   -12851.8      271.7      0.3      0.4      0.9 2020  6  9 10 29  1.040  0.00   1
   102720  40.437541 -124.603589    21.402   -31483.0   -12513.8      -25.2      0.4      0.5      1.4 2020  6  9 11 54 57.660  0.00   1
   102721  40.433757 -124.597860    23.563   -30998.2   -12934.1     2135.5      0.4      0.5      0.7 2020  6 11 11 48 29.660  0.00   1
   102723  40.432804 -124.600895    23.347   -31255.8   -13039.8     1920.1      0.7      0.7      0.8 2020  6 28  9  4 35.860  0.00   1
   102727  40.436308 -124.604395    21.550   -31551.6   -12650.8      123.1      0.4      0.3      0.9 2020  9 21 21 53 10.520  0.00   1
   102728  40.429928 -124.602848    23.397   -31422.0   -13359.2     1969.3      0.3      0.4      0.4 2020  9 28  9 34 39.840  0.00   1
   102729  40.431848 -124.599398    23.396   -31129.0   -13146.0     1969.2      0.7      0.9      0.9 2020  9 29 16 42 12.380  0.00   1
   102730  40.430294 -124.601546    23.855   -31311.5   -13318.6     2428.1      0.5      0.7      0.8 2020  9 29 16  6 55.980  0.00   1
   102732  40.433988 -124.602441    23.371   -31386.6   -12908.3     1944.0      0.4      0.5      0.5 2020 10 13 22  5 11.460  0.00   1
   102734  40.434859 -124.603377    21.647   -31465.7   -12811.6      219.3      0.4      0.6      1.2 2020 12 19  3 23 42.480  0.00   1
   102736  40.428939 -124.599780    23.751   -31162.1   -13469.0     2324.2      0.5      0.5      0.9 2021  1 21 20 46 20.820  0.00   1
   102738  40.434408 -124.602254    23.658   -31370.6   -12861.8     2230.4      0.5      0.4      0.6 2021  2 12 20  8 51.240  0.00   1
   102739  40.433887 -124.600057    23.359   -31184.4   -12919.6     1931.5      0.7      0.9      0.9 2021  2 12  4 29 14.400  0.00   1
   102740  40.431405 -124.604468    23.533   -31559.0   -13195.2     2105.8      0.7      0.5      0.7 2021  2 20 23 40 36.700  0.00   1
   102742  40.437024 -124.604980    21.384   -31601.1   -12571.2      -43.3      0.4      0.5      1.5 2021  4 14  1 27 41.100  0.00   1
   102743  40.433752 -124.601823    22.673   -31334.2   -12934.5     1245.3      1.0      1.1      1.8 2021  4 14  5 38 37.620  0.00   1
   102749  40.433297 -124.602262    23.363   -31371.5   -12985.1     1935.9      0.5      0.6      0.7 2021  7 10 11 59 45.840  0.00   1
   102751  40.428739 -124.603743    23.519   -31498.2   -13491.2     2091.3      0.8      0.8      0.8 2021  8 31 18 13 15.560  0.00   1
   102754  40.430717 -124.603215    23.352   -31452.9   -13271.6     1925.1      0.4      0.5      0.6 2021  9 23  9 33 50.540  0.00   1
   102755  40.435034 -124.601945    23.373   -31344.2   -12792.2     1945.7      0.2      0.2      0.5 2021  9 30 19 10  2.220  0.00   1
   102756  40.432804 -124.602913    22.865   -31426.9   -13039.8     1437.5      0.5      0.8      1.1 2021 10  8 23 40 58.400  0.00   1
   102761  40.433012 -124.602938    22.784   -31428.9   -13016.7     1356.3      0.7      0.6      1.3 2021 12  9 20 12 36.400  0.00   1
   102763  40.436112 -124.602425    23.366   -31384.7   -12672.4     1938.7      0.4      0.4      0.5 2021 12 18  5 17 48.600  0.00   1
   102764  40.437679 -124.600863    23.343   -31251.9   -12498.5     1915.5      0.3      0.8      0.9 2021 12 20  7 12 18.880  0.00   1
   102768  40.434285 -124.602547    23.446   -31395.5   -12875.3     2018.5      0.8      1.3      0.9 2022  2 24 23 18 18.200  0.00   1
   102775  40.435006 -124.601961    23.373   -31345.6   -12795.3     1945.9      0.2      0.3      0.5 2022  5 12 21 39 49.620  0.00   1
   102776  40.429419 -124.604517    21.572   -31563.6   -13415.7      144.3      0.4      0.5      1.1 2022  5 15 21 30 42.600  0.00   1
   102777  40.436869 -124.603638    22.017   -31487.3   -12588.4      590.1      0.5      0.8      1.4 2022  6  2  9 50 27.060  0.00   1
   102778  40.436637 -124.605672    22.417   -31659.8   -12614.2      989.8      0.3      0.6      0.8 2022  6 17  0 59 30.760  0.00   1
   102780  40.435653 -124.602173    23.355   -31363.4   -12723.5     1928.2      0.5      0.5      0.6 2022  7 21  2 41 31.540  0.00   1
   102781  40.440963 -124.605981    22.116   -31685.0   -12133.8      689.0      0.3      0.6      0.5 2022  7 28  9 22  9.400  0.00   1
   102786  40.441459 -124.599650    20.711   -31148.2   -12078.7     -716.7      0.5      0.5      1.0 2022  9 18 15 28 46.440  0.00   1
   102787  40.426705 -124.596436    23.580   -30879.1   -13717.1     2152.7      0.9      0.8      0.7 2022 10  2 19 33 34.380  0.00   1
   102789  40.439441 -124.601660    23.391   -31319.1   -12302.8     1963.7      0.3      0.7      0.6 2022 10 17  4 45 23.620  0.00   1
   102790  40.427482 -124.599113    23.530   -31105.9   -13630.8     2103.1      0.5      0.4      0.4 2022 10 19 22 24 12.120  0.00   1
   102792  40.436768 -124.606201    23.241   -31704.7   -12599.7     1813.5      0.6      0.8      0.9 2022 11  4 23 19 49.560  0.00   1
   102871  40.520976 -124.428662    23.764   -16643.3    -3248.8     2336.5      4.1      4.1      3.6 2021 12 21 11 40 42.620  0.00   1
   102873  40.518306 -124.417310    22.954   -15681.8    -3545.2     1526.5      0.4      0.5      0.6 2021 12 27  5 28 17.460  0.00   1
   102877  40.519454 -124.418237    23.978   -15760.2    -3417.8     2550.3      0.4      0.4      0.4 2022 11 12  9 39  9.180  0.00   1
   102881  40.573600 -123.886938    22.448    29241.7     2594.9     1020.8      0.9      0.9      0.5 2020  6  5  7 17 17.540  0.00   1
   102882  40.586910 -123.893294    22.084    28700.6     4072.9      656.6      0.4      0.8      0.6 2021  8 31 10  1 55.460  0.00   1
   102884  40.575887 -123.890348    23.407    28952.4     2848.9     1979.7      0.6      0.7      0.6 2022  7  8 14 14 25.800  0.00   1
   102885  40.575594 -123.882707    22.437    29599.7     2816.3     1009.7      0.9      1.0      0.7 2022 10 15  6 34 45.100  0.00   1
   102906  40.551184 -124.494653    23.850   -22229.3      105.7     2422.5      0.5      0.5      0.9 2020  1  8  5 26 50.000  0.00   1
   102908  40.549544 -124.499715    23.923   -22658.3      -76.4     2496.2      0.7      0.6      0.7 2020 10 11 20 54  2.280  0.00   1
   102909  40.542704 -124.506925    26.667   -23270.2     -835.9     5239.6      1.8      1.6      2.9 2021  4 28 19 33 47.460  0.00   1
   102910  40.549398 -124.496118    23.830   -22353.6      -92.6     2403.0      0.5      0.4      0.4 2021  6 12  7 57 57.640  0.00   1
   102911  40.547249 -124.503589    24.274   -22986.8     -331.2     2846.4      1.0      1.0      3.9 2021  6 22  2 52 24.640  0.00   1
   102915  40.547286 -124.503109    23.837   -22946.1     -327.1     2409.4      0.5      0.5      0.4 2021 11 28 13  7  4.440  0.00   1
   102916  40.548551 -124.501213    23.928   -22785.3     -186.6     2500.5      0.9      0.8      0.9 2021 12 21 13 58 37.080  0.00   1
   103853  40.619824 -123.952588    21.928    23673.8     7727.9      500.6      0.3      0.3      0.5 2020  1 15 17  9  9.680  0.00   1
   103854  40.621191 -123.944832    21.661    24330.1     7879.7      233.7      0.9      0.7      0.6 2020  9  6  8  2 35.820  0.00   1
   103855  40.623576 -123.948893    21.606    23985.9     8144.5      178.3      0.8      0.9      0.5 2021 11 17  1 30  5.520  0.00   1
   103856  40.623564 -123.946338    21.642    24202.2     8143.1      214.8      0.7      0.6      0.5 2022  1 29  9  3 15.000  0.00   1
   103857  40.621781 -123.946354    21.657    24201.2     7945.2      230.0      0.7      0.6      0.8 2022  5 22  1 31 29.140  0.00   1
   103859  40.623873 -123.948934    21.563    23982.4     8177.5      135.6      0.8      0.8      0.6 2022  5 23  3 58 56.800  0.00   1
   103861  40.622754 -123.949325    21.693    23949.5     8053.2      265.5      0.3      0.4      0.5 2022  7 27 10 38  4.700  0.00   1
   103862  40.621456 -123.947705    21.824    24086.9     7909.1      396.5      0.8      0.6      1.0 2022 11 17 16  3 25.080  0.00   1
   103863  40.621025 -123.943880    21.571    24410.7     7861.2      143.4      0.6      0.5      0.7 2022 11 20 23 28 37.040  0.00   1
   103948  40.583492 -123.916382    25.613    26746.2     3693.4     4185.8      0.6      0.6      0.8 2020  7 15 23 27 17.180  0.00   1
   103949  40.583317 -123.916813    25.621    26709.7     3674.0     4193.4      0.5      0.6      0.8 2020  7 15 23 27  7.480  0.00   1
   103953  40.585018 -123.912533    23.945    27071.9     3862.8     2517.7      0.9      0.7      0.9 2021  6 28 22 30 49.640  0.00   1
   103955  40.587073 -123.916317    25.008    26751.0     4091.0     3580.3      0.8      0.6      1.0 2021  8 18 13 15  3.800  0.00   1
   103957  40.579252 -123.912752    26.877    27054.4     3222.6     5449.4      0.5      0.3      0.5 2021  9 30  0  5  3.500  0.00   1
   103958  40.582983 -123.906079    25.942    27618.8     3636.9     4514.4      0.5      0.3      0.6 2021 10 16 22 17 33.780  0.00   1
   103963  40.584338 -123.905941    25.843    27630.2     3787.4     4415.3      1.2      0.5      0.6 2022 10  3  1 19 38.240  0.00   1
   104037  40.620898 -124.322070    18.273    -7606.9     7847.2    -3154.2      1.4      0.9      2.9 2020  3 23  9 10 34.260  0.00   1
   104039  40.620911 -124.317122    19.894    -7188.0     7848.5    -1532.8      0.8      0.5      0.8 2020  3 31  1 10 40.520  0.00   1
   104040  40.620243 -124.315926    19.683    -7086.7     7774.4    -1744.7      0.7      0.6      1.2 2020 12 20  9 55 52.280  0.00   1
   104042  40.620138 -124.315902    19.655    -7084.7     7762.7    -1772.2      0.6      0.7      1.2 2020 12 20 10 47 46.800  0.00   1
   104043  40.620117 -124.315845    19.656    -7079.9     7760.4    -1770.9      0.6      0.7      1.2 2020 12 20 10 15 13.920  0.00   1
   104047  40.620561 -124.315438    19.934    -7045.4     7809.7    -1493.0      1.4      1.2      2.3 2021  4 20 22 55  3.440  0.00   1
   104048  40.621248 -124.321859    17.882    -7588.9     7886.0    -3545.2      1.9      1.4      2.8 2021  4 24 18 32 32.740  0.00   1
   104049  40.622587 -124.315649    19.984    -7063.2     8034.7    -1443.5      0.7      0.5      1.0 2021  6 29 21  7 22.600  0.00   1
   104052  40.622298 -124.315951    20.671    -7088.7     8002.6     -755.9      1.2      0.9      3.0 2021  7  2  7 55 22.400  0.00   1
   104053  40.618726 -124.315837    20.992    -7079.2     7605.9     -435.6      0.8      0.5      1.7 2021  7  3 16 38 35.240  0.00   1
   104054  40.621997 -124.315267    20.162    -7030.8     7969.2    -1265.5      1.5      0.8      2.2 2021  7 14 14 46 21.240  0.00   1
   104055  40.622201 -124.315715    20.224    -7068.7     7991.8    -1203.6      1.3      1.1      2.6 2021  9 17 10  9 30.180  0.00   1
   104056  40.617322 -124.317887    21.213    -7252.9     7450.0     -214.1      0.8      0.6      1.0 2021 11 18  9 48  5.620  0.00   1
   104060  40.619942 -124.312394    20.322    -6787.7     7741.0    -1105.5      0.9      0.7      1.4 2022  4 14 20  4 26.860  0.00   1
   104061  40.620317 -124.314347    20.507    -6953.1     7782.6     -920.3      0.8      0.5      1.3 2022  6 16 20 44 53.720  0.00   1
   104064  40.620268 -124.311930    20.313    -6748.5     7777.2    -1114.0      1.4      1.1      2.2 2022 10 23 23 59  6.320  0.00   1
   104510  40.562484 -124.130607    22.375     8606.2     1360.5      947.5      0.5      0.2      0.3 2020  1 21 18 16 13.040  0.00   1
   104905  40.521606 -124.420540    26.160   -15955.1    -3178.7     4732.8      1.6      1.1      1.8 2020  6 22 15 25 24.880  0.00   1
   104911  40.511279 -124.420125    23.945   -15921.2    -4325.5     2518.0      0.7      0.6      0.9 2021  5 20 19 21 47.940  0.00   1
   104917  40.504093 -124.428361    23.830   -16619.8    -5123.5     2402.5      0.9      0.7      0.9 2021  9 17 15 11 51.640  0.00   1
   104918  40.506925 -124.419336    24.807   -15854.8    -4809.0     3379.8      1.0      1.5      2.1 2021 10  5 18 21 58.320  0.00   1
   104923  40.500045 -124.427051    24.145   -16509.3    -5573.1     2717.4      0.7      0.7      1.6 2021 12 22  5 52  2.020  0.00   1
   104928  40.510860 -124.419360    25.445   -15856.4    -4372.1     4017.3      0.7      0.6      1.3 2022  1 30  2  6 57.660  0.00   1
   104932  40.510661 -124.419116    25.433   -15835.7    -4394.2     4005.4      0.7      0.6      1.3 2022  3  5  0 58 53.080  0.00   1
   104936  40.511853 -124.424032    23.528   -16252.1    -4261.8     2100.7      0.8      0.7      0.8 2022  7 27  2 17 47.560  0.00   1
   104940  40.517867 -124.495581    15.991   -22313.4    -3594.0    -5436.4      0.6      0.7      1.1 2020  1 27  9 51 13.860  0.00   1
   104941  40.517961 -124.491610    15.795   -21976.9    -3583.6    -5632.0      0.7      0.8      1.4 2020  2 20  6 32 59.280  0.00   1
   104942  40.521667 -124.491821    14.507   -21994.2    -3172.0    -6920.4      0.6      0.8      1.8 2020  4  6  9 21 20.960  0.00   1
   104943  40.517619 -124.494450    15.719   -22217.6    -3621.5    -5708.5      0.5      0.7      0.7 2020 12 17 16 41  8.520  0.00   1
   104944  40.518042 -124.489103    15.706   -21764.5    -3574.5    -5721.7      0.3      0.4      1.0 2020 12 19 14 18 19.400  0.00   1
   104945  40.520943 -124.496647    15.863   -22403.2    -3252.4    -5564.2      0.3      0.3      0.9 2021  5 24  0 40 45.520  0.00   1
   104946  40.520064 -124.497982    15.876   -22516.4    -3350.0    -5551.0      0.5      0.5      1.1 2021 11  6  3 38 12.480  0.00   1
   105385  40.552124 -123.973999    21.525    21872.1      210.1       98.1      0.4      0.5      0.3 2021  4  1  4 46 23.960  0.00   1
   105390  40.594267 -123.955648    21.420    23419.1     4889.9       -7.2      0.9      0.7      0.8 2021  5 23 15 44  5.100  0.00   1
   105391  40.603813 -123.986784    22.173    20781.2     5949.9      745.3      0.9      0.4      0.7 2021  6 30  5 49 47.860  0.00   1
   105476  40.760913 -123.871818    20.751    30479.9    23395.2     -676.7      0.7      0.4      1.2 2021  4 17 11 13 27.660  0.00   1
   105477  40.760392 -123.867310    19.989    30861.3    23337.3    -1438.7      0.4      0.3      0.5 2021  5 16 18 21  8.560  0.00   1
   105483  40.758695 -123.861523    20.725    31351.0    23148.9     -701.8      0.8      0.5      0.8 2022  5  4  3 34 42.980  0.00   1
   105706  40.597310 -124.042773    21.832    16041.3     5227.8      404.4      0.8      0.6      0.7 2020  2  8  2 28 57.160  0.00   1
   105713  40.597884 -124.063501    23.374    14286.1     5291.6     1946.7      0.9      0.5      1.0 2021  8 21  3 33 28.140  0.00   1
   105954  40.544682 -124.061263    19.777    14481.3     -616.3    -1649.9      0.5      0.4      0.5 2020  2  8 19 52 44.320  0.00   1
   105955  40.541504 -124.064746    19.520    14186.6     -969.2    -1907.1      0.5      0.5      0.5 2020  2 23  1  6 17.520  0.00   1
   105956  40.540474 -124.075618    20.065    13265.7    -1083.5    -1362.1      0.6      0.6      0.6 2020 10 23 10 31 25.740  0.00   1
   105957  40.548295 -124.067456    19.261    13956.3     -215.1    -2165.9      0.7      0.6      0.7 2021  2 19 15  2  5.840  0.00   1
   105958  40.544470 -124.062052    19.849    14414.5     -639.8    -1577.8      0.8      0.5      0.5 2021  7 27 12 42 23.820  0.00   1
   105960  40.543075 -124.068245    19.260    13890.0     -794.8    -2167.3      0.5      0.5      0.7 2021  9  6  1 57 48.460  0.00   1
   105961  40.543835 -124.070256    21.743    13719.6     -710.3      316.1      0.6      0.7      1.1 2021 10 30 15 54 35.980  0.00   1
   106005  40.587952 -124.093929    19.724    11710.5     4188.6    -1703.1      2.2      0.5      0.5 2020  4 19 13  8 57.480  0.00   1
   106006  40.596627 -124.093099    18.690    11780.0     5151.9    -2737.7      1.1      0.7      1.1 2020  6  7 18 47 39.820  0.00   1
   106007  40.593860 -124.085229    19.139    12446.6     4844.7    -2287.8      0.8      0.4      0.4 2020  7 20 16 45 35.520  0.00   1
   106008  40.593636 -124.083236    19.245    12615.5     4819.8    -2182.2      0.7      0.4      0.5 2021 11 25 11 31 45.620  0.00   1
   106009  40.593884 -124.084009    19.189    12550.0     4847.4    -2238.7      0.7      0.5      0.8 2022  1 31  2 46 32.380  0.00   1
   106065  40.534558 -124.390153    25.467   -13379.3    -1740.5     4039.4      0.8      0.6      1.1 2020  2 11 17 54 25.540  0.00   1
   106069  40.500216 -124.446216    16.101   -18133.3    -5554.1    -5326.7      0.5      0.4      1.4 2021  7 22 12 38 41.980  0.00   1
   106070  40.506547 -124.449243    15.750   -18388.9    -4851.0    -5677.5      0.5      0.7      0.6 2021  8 21  7 21 12.600  0.00   1
   106079  40.632450 -123.986792    26.218    20776.1     9130.0     4790.7      0.9      1.0      1.0 2020  2 13 23  7 46.880  0.00   1
   106080  40.644902 -123.978898    27.313    21442.3    10512.6     5886.0      0.6      0.4      0.8 2020  2 27  1  9  9.980  0.00   1
   106081  40.640914 -123.988542    25.877    20626.7    10069.8     4449.3      0.9      0.8      0.7 2020  6 29  6 46  6.840  0.00   1
   106082  40.633875 -123.977938    26.348    21525.4     9288.1     4920.9      0.7      0.3      1.1 2021 11 14 16 50 17.560  0.00   1
   106083  40.640120 -123.984188    25.925    20995.3     9981.7     4497.4      0.9      0.7      0.7 2022  2 10  2 19 50.980  0.00   1
   106084  40.641353 -123.982397    25.754    21146.7    10118.6     4327.0      1.0      0.6      0.9 2022  6  3  6  4  3.860  0.00   1
   106096  40.581340 -124.207145    20.328     2123.3     3454.4    -1098.9      0.9      0.4      0.7 2021 11  2  4 49 56.460  0.00   1
   106102  40.514722 -124.414705    20.112   -15461.5    -3943.2    -1315.3      1.7      1.8      2.2 2022  7  6 11 29  4.460  0.00   1
   106103  40.515019 -124.416504    19.831   -15613.9    -3910.3    -1595.9      2.2      2.3      5.3 2022  8 16  8  0  8.060  0.00   1
   106104  40.515316 -124.415812    19.874   -15555.2    -3877.3    -1553.1      1.6      1.9      4.1 2022  8 29 21 57 39.860  0.00   1
   106135  40.553182 -124.215723    16.980     1397.2      327.6    -4447.0      0.3      0.3      0.7 2021  9 13  0  4  6.120  0.00   1
   106440  40.554879 -124.052433    21.975    15228.1      516.0      547.8      1.5      1.2      1.9 2021  9  4  5 13 46.140  0.00   1
   106496  40.593591 -124.106852    19.554    10615.7     4814.9    -1873.1      0.7      0.5      0.5 2021  8 27  1 44  5.160  0.00   1
   106497  40.593042 -124.105745    19.570    10709.4     4753.9    -1856.9      0.8      0.9      0.9 2021 11 30  0 51 56.760  0.00   1
   106499  40.593237 -124.105680    19.642    10714.9     4775.5    -1785.4      0.5      0.3      0.5 2022  1  8 11 15 11.920  0.00   1
   106609  40.614311 -123.836458    26.960    33506.8     7115.7     5532.9      0.9      0.5      1.0 2020  2 20 17 26 49.040  0.00   1
   106610  40.608354 -123.846810    27.459    32631.8     6454.2     6031.5      0.5      0.4      0.5 2020  7 17 16 58  8.720  0.00   1
   106612  40.607170 -123.848185    28.746    32515.6     6322.7     7318.3      1.1      1.0      1.2 2021 11 24  2 11 55.300  0.00   1
   106613  40.611149 -123.849365    27.653    32414.8     6764.6     6225.3      0.6      0.5      0.7 2022  5 21  1 58 58.180  0.00   1
   106614  40.507629 -124.413688    22.555   -15376.2    -4730.8     1127.6      2.6      3.5      4.8 2020  2 21 12  1 53.080  0.00   1
   106677  40.570935 -124.072111    19.852    13559.7     2299.0    -1575.0      0.7      0.8      0.8 2020  2 22  2  3 27.180  0.00   1
   106678  40.573149 -124.073942    20.042    13404.5     2544.8    -1385.5      0.7      0.4      0.4 2021  2 19 10 17 53.000  0.00   1
   106679  40.577470 -124.069173    19.561    13807.9     3024.6    -1866.7      0.8      0.9      0.6 2022  1 22 18 50  2.840  0.00   1
   106849  40.553406 -123.978727    21.304    21471.4      352.4     -123.0      0.5      0.7      0.5 2020  2 25 10 41 25.500  0.00   1
   106850  40.547709 -123.974845    21.400    21801.1     -280.1      -27.2      0.8      0.6      0.6 2020  6 21 16  9 47.640  0.00   1
   106852  40.539095 -123.965535    21.932    22591.1    -1236.7      504.5      0.5      0.5      0.7 2021  6 16 14  0 25.980  0.00   1
   106853  40.549443 -123.976335    21.874    21674.6      -87.7      446.8      0.9      0.8      1.2 2021  6 17 11 40 36.000  0.00   1
   106855  40.551392 -123.974202    21.507    21854.9      128.8       79.9      0.8      0.7      0.7 2022  9 27  4 34 50.860  0.00   1
   106908  40.622725 -124.302311    19.898    -5934.0     8050.1    -1529.4      1.1      0.7      1.4 2021  4  2 11 45  2.260  0.00   1
   106909  40.624443 -124.299829    19.273    -5723.8     8240.7    -2154.4      1.4      0.5      2.1 2021  4  7  1 55 18.100  0.00   1
   106910  40.621252 -124.302246    20.116    -5928.5     7886.5    -1310.8      0.8      0.5      1.6 2021 10 17 14 20 53.460  0.00   1
   106916  40.624080 -124.298942    19.575    -5648.7     8200.5    -1851.8      1.1      0.5      1.2 2022  7 14  7 38  2.880  0.00   1
   106917  40.503520 -124.331812    19.145    -8438.9    -5187.2    -2281.7      0.7      0.8      0.8 2020  2 29  6 25 39.720  0.00   1
   106919  40.505212 -124.338753    18.414    -9027.0    -4999.2    -3013.3      0.8      0.9      0.9 2020  6 25 12 39 13.840  0.00   1
   106920  40.504858 -124.339372    18.316    -9079.4    -5038.5    -3111.5      0.9      1.0      1.1 2020  6 26 13 51 55.760  0.00   1
   106921  40.504561 -124.339062    18.348    -9053.2    -5071.5    -3079.6      0.9      0.9      1.0 2020  6 27  9  8 18.860  0.00   1
   106924  40.501025 -124.334066    18.758    -8630.1    -5464.2    -2669.5      0.8      1.0      1.0 2020  7 15 15 49 31.760  0.00   1
   106925  40.504521 -124.339054    18.351    -9052.6    -5076.0    -3076.3      0.9      0.9      1.0 2020  7 15  2 55 13.780  0.00   1
   106926  40.500920 -124.334342    18.877    -8653.5    -5475.9    -2550.7      0.9      1.0      1.2 2020  7 15  5  0 39.940  0.00   1
   106927  40.504622 -124.339201    18.440    -9065.0    -5064.7    -2986.9      0.8      0.9      1.0 2020  7 15 19 40 35.320  0.00   1
   106930  40.504610 -124.338940    18.384    -9042.9    -5066.1    -3043.7      1.5      1.5      2.2 2020  7 16 16  0 18.620  0.00   1
   106931  40.502124 -124.330241    19.523    -8305.9    -5342.2    -1904.5      0.9      1.2      1.0 2020  7 16 12 26  9.680  0.00   1
   106933  40.505180 -124.341243    18.704    -9238.0    -5002.8    -2723.5      0.7      0.7      0.7 2020 11 20 17 12 56.060  0.00   1
   106934  40.509359 -124.328027    18.613    -8117.9    -4538.8    -2814.5      0.7      0.8      1.2 2021  5 12 18 32 23.080  0.00   1
   106937  40.509851 -124.328076    18.316    -8122.0    -4484.1    -3111.4      0.9      0.8      1.9 2021  7 11  5  6 12.560  0.00   1
   106939  40.510205 -124.328019    18.429    -8117.2    -4444.8    -2998.5      1.1      1.1      0.9 2021  7 11  7 17 55.760  0.00   1
   106940  40.508346 -124.326465    19.009    -7985.6    -4651.3    -2418.6      1.0      0.9      1.1 2021  7 11  4 14 40.000  0.00   1
   106941  40.508472 -124.326636    19.004    -8000.1    -4637.3    -2423.4      1.0      0.9      1.2 2021  7 11  3 36 34.760  0.00   1
   106942  40.510148 -124.327458    18.436    -8069.6    -4451.1    -2991.6      1.0      0.9      1.3 2021  7 11  2 14  1.880  0.00   1
   106943  40.508110 -124.326123    18.982    -7956.6    -4677.5    -2445.5      1.0      0.8      1.1 2021  7 11  7 49 35.560  0.00   1
   106944  40.508407 -124.326481    18.986    -7987.0    -4644.5    -2441.2      1.0      0.9      1.2 2021  7 12  6 52 59.100  0.00   1
   106945  40.509652 -124.327677    18.593    -8088.2    -4506.2    -2834.2      1.4      1.6      1.7 2021  7 12  7 38 34.800  0.00   1
   106947  40.509941 -124.328206    18.288    -8133.0    -4474.2    -3139.7      0.8      0.8      1.8 2021  7 12  6 52  5.820  0.00   1
   106948  40.509078 -124.326676    18.575    -8003.5    -4570.0    -2851.9      1.1      1.2      1.1 2021  7 12  6 57 12.740  0.00   1
   106949  40.509660 -124.327629    18.597    -8084.1    -4505.3    -2830.5      1.4      1.5      1.7 2021  7 12  6 51 15.180  0.00   1
   106950  40.509607 -124.327645    18.602    -8085.5    -4511.2    -2824.8      1.4      1.5      1.7 2021  7 12 22 18 34.740  0.00   1
   106951  40.510352 -124.326969    18.502    -8028.2    -4428.5    -2925.6      0.8      0.8      0.8 2021  7 12  8 58 54.960  0.00   1
   106952  40.509884 -124.328117    18.315    -8125.5    -4480.5    -3112.6      0.9      0.9      1.9 2021  7 12  8 46 32.680  0.00   1
   106953  40.508980 -124.326034    18.702    -7949.0    -4580.8    -2725.6      1.1      0.8      0.9 2021  7 12  6 48 36.980  0.00   1
   106954  40.509489 -124.327254    18.604    -8052.4    -4524.3    -2823.0      1.3      1.4      1.4 2021  7 12  6 58 19.680  0.00   1
   106959  40.508915 -124.323999    18.833    -7776.6    -4588.0    -2594.1      1.0      0.7      1.1 2021  7 12 15 18 57.120  0.00   1
   106960  40.508187 -124.326270    18.989    -7969.0    -4668.9    -2438.2      1.0      0.8      1.2 2021  7 12 12 15  8.320  0.00   1
   106961  40.508525 -124.326685    19.011    -8004.2    -4631.4    -2416.0      1.0      0.9      1.1 2021  7 12  7 42 57.140  0.00   1
   106962  40.508256 -124.326318    18.980    -7973.2    -4661.2    -2447.7      1.0      0.9      1.2 2021  7 12  8  3  8.480  0.00   1
   106964  40.508260 -124.326221    18.960    -7964.9    -4660.8    -2467.1      1.1      0.9      1.2 2021  7 12  5 33 43.540  0.00   1
   106965  40.508329 -124.326546    19.048    -7992.5    -4653.1    -2379.1      1.0      0.8      1.1 2021  7 12  8 56 41.260  0.00   1
   106967  40.509399 -124.327539    18.516    -8076.5    -4534.3    -2911.1      1.6      1.7      1.1 2021  7 13  3 34 41.120  0.00   1
   106968  40.508049 -124.327230    19.003    -8050.4    -4684.3    -2424.2      1.0      0.9      1.3 2021  7 13 11  0 10.880  0.00   1
   106970  40.507597 -124.322738    18.791    -7669.8    -4734.4    -2636.4      1.0      0.7      0.9 2021  7 15 17 56 38.860  0.00   1
   106971  40.507841 -124.323145    18.759    -7704.3    -4707.3    -2668.0      1.2      0.8      1.0 2021  7 24 15 17 23.680  0.00   1
   106974  40.510327 -124.330298    18.221    -8310.2    -4431.2    -3206.0      0.8      0.7      0.7 2021 12 20 23 45 33.300  0.00   1
   106975  40.502376 -124.338118    18.724    -8973.4    -5314.1    -2703.2      0.7      0.7      0.7 2021 12 20 21 54 42.040  0.00   1
   106977  40.511934 -124.332349    20.342    -8483.9    -4252.8    -1084.8      0.9      0.6      0.5 2021 12 21 12 29 57.320  0.00   1
   106978  40.500570 -124.334871    18.881    -8698.4    -5514.8    -2546.7      0.9      1.0      0.8 2021 12 22  7  9  8.260  0.00   1
   106979  40.503451 -124.333968    19.011    -8621.6    -5194.9    -2415.8      0.9      0.6      0.8 2021 12 22 17  4 29.540  0.00   1
   106983  40.504891 -124.338420    18.615    -8998.7    -5034.9    -2812.1      0.9      0.7      0.9 2021 12 23 19 43 35.140  0.00   1
   106984  40.507198 -124.326904    18.323    -8022.9    -4778.7    -3104.4      1.1      0.5      0.8 2021 12 23  6 28 39.440  0.00   1
   106986  40.510250 -124.327840    18.623    -8102.0    -4439.8    -2803.8      0.9      0.8      0.8 2021 12 25  0 41  6.140  0.00   1
   106988  40.509237 -124.326758    18.564    -8010.3    -4552.3    -2863.1      1.1      0.9      0.9 2021 12 31  7 30 11.740  0.00   1
   106989  40.503097 -124.342065    19.145    -9307.8    -5234.2    -2282.5      0.9      0.8      1.2 2022  1  2 19  6  3.500  0.00   1
   106990  40.506181 -124.329386    18.276    -8233.3    -4891.7    -3150.9      1.0      0.6      0.9 2022  1  2 18 43 27.640  0.00   1
   106991  40.503300 -124.332601    19.273    -8505.8    -5211.6    -2154.0      1.0      0.9      1.0 2022  1 29  0 56  4.940  0.00   1
   106992  40.505078 -124.332048    18.641    -8458.8    -5014.1    -2786.5      0.8      0.8      0.8 2022  2 20  7 55 33.920  0.00   1
   106993  40.508077 -124.327214    19.452    -8049.0    -4681.1    -1975.2      1.0      0.8      0.9 2022  4 11  8 48 35.180  0.00   1
   106995  40.509371 -124.324577    18.591    -7825.5    -4537.4    -2836.4      1.0      0.6      0.9 2022  5 14  5 11 24.580  0.00   1
   106996  40.511019 -124.329989    18.143    -8284.0    -4354.4    -3284.4      0.7      0.7      0.8 2022  5 21 19  6 31.100  0.00   1
   106997  40.506799 -124.322412    18.644    -7642.3    -4823.0    -2783.2      1.1      0.5      0.8 2022  7 18  4 14 31.760  0.00   1
   107286  40.595890 -124.033626    24.304    16816.0     5070.2     2876.6      0.4      0.3      0.7 2020  4 12 17 13 25.640  0.00   1
   107287  40.593001 -124.018970    22.708    18057.4     4749.3     1281.1      1.0      0.8      0.8 2020  4 18 11  7 43.200  0.00   1
   107288  40.594592 -124.015251    23.101    18372.1     4926.0     1673.9      0.7      0.4      0.6 2020 11 20  1 42 41.040  0.00   1
   107289  40.594629 -124.019092    23.055    18046.9     4930.1     1628.2      0.9      0.7      0.7 2020 11 20  1 23 58.260  0.00   1
   107290  40.594592 -124.015145    23.095    18381.1     4926.0     1667.6      0.7      0.4      0.5 2020 11 20  1 20 56.960  0.00   1
   107291  40.593506 -124.015706    23.296    18333.7     4805.4     1869.2      0.6      0.5      0.6 2020 11 20  7  8 23.000  0.00   1
   107292  40.597668 -124.003101    23.008    19400.5     5267.6     1580.7      0.8      0.3      1.0 2021 11 14 17  4  4.680  0.00   1
   107293  40.596090 -124.014282    22.236    18453.9     5092.3      809.1      0.7      0.6      0.7 2021 12  5 10 31 19.440  0.00   1
   107297  40.589701 -123.994767    23.278    20107.3     4382.9     1850.3      0.3      0.2      0.5 2022  1 27  3  6  7.800  0.00   1
   107337  40.511597 -124.426530    23.558   -16463.8    -4290.3     2131.2      1.3      2.2      1.7 2020  3  7  9 53 50.140  0.00   1
   107338  40.486434 -124.453296    26.425   -18735.1    -7084.5     4998.2      0.7      0.4      0.6 2020  9 23 15 27 24.660  0.00   1
   107341  40.503418 -124.430306    25.651   -16784.7    -5198.5     4224.1      0.7      0.6      0.8 2022  5  3 13  8 48.100  0.00   1
   107359  40.527291 -124.381706    25.037   -12664.4    -2547.5     3609.3      0.5      0.6      1.1 2021 12 20 22 54  5.520  0.00   1
   107361  40.525045 -124.401131    23.137   -14310.3    -2796.9     1709.8      0.7      0.5      0.7 2021 12 20 21 57 14.080  0.00   1
   107370  40.476990 -124.535189    26.010   -25676.9    -8133.2     4582.8      0.7      1.2      2.2 2021 11 16  4 40 39.460  0.00   1
   107371  40.470296 -124.531852    23.743   -25395.4    -8876.5     2315.8      0.4      0.6      0.4 2022  4  3 19 28  4.080  0.00   1
   107574  40.468241 -124.427287    19.304   -16533.2    -9104.7    -2123.4      0.6      0.9      0.6 2020  3 11 22 47 36.760  0.00   1
   107579  40.472217 -124.429256    19.869   -16699.6    -8663.2    -1558.1      0.5      0.8      0.8 2021  9 21 12 24 42.300  0.00   1
   107580  40.471541 -124.431144    19.393   -16859.7    -8738.2    -2033.8      0.5      0.6      0.9 2021 10 16  2 20 43.560  0.00   1
   107582  40.483618 -124.436361    19.384   -17300.3    -7397.2    -2042.8      0.7      1.0      1.8 2022  2  5  7 43 32.760  0.00   1
   107583  40.471415 -124.429688    19.849   -16736.3    -8752.2    -1578.3      1.2      1.1      0.7 2022  2 19 19 28 29.060  0.00   1
   107584  40.469377 -124.427181    19.708   -16524.1    -8978.6    -1719.4      0.9      0.9      1.2 2022  2 21 15 20 50.320  0.00   1
   107585  40.469405 -124.427279    19.705   -16532.4    -8975.4    -1722.6      1.1      0.9      1.2 2022  3  8 13 52  8.680  0.00   1
   107586  40.472115 -124.430672    19.920   -16819.7    -8674.5    -1507.0      0.6      0.7      0.6 2022  3 17  5 45 51.800  0.00   1
   107609  40.570064 -123.956494    21.507    23351.7     2202.3       80.1      0.5      0.4      0.4 2021 12 25 22 49 23.520  0.00   1
   107620  40.508167 -124.481087    27.431   -21086.9    -4671.2     6004.0      2.9      3.2      2.1 2020  3 20 11 54 38.000  0.00   1
   107621  40.501493 -124.506340    26.368   -23227.7    -5412.2     4940.4      0.6      1.0      1.0 2020  3 20 22 28 21.200  0.00   1
   107622  40.507589 -124.505664    26.285   -23169.4    -4735.3     4857.3      0.3      0.6      1.0 2020  3 21 20 18  7.640  0.00   1
   107623  40.506893 -124.505322    26.272   -23140.6    -4812.6     4844.9      0.3      0.6      1.0 2020  3 21 19  0  1.520  0.00   1
   107626  40.497929 -124.498071    27.049   -22527.7    -5808.0     5621.6      0.8      1.0      1.0 2020  4 18 11  0 19.100  0.00   1
   107627  40.499231 -124.514771    27.461   -23942.5    -5663.4     6033.5      0.6      0.6      1.0 2020  4 29 15  5 11.240  0.00   1
   107635  40.499829 -124.502165    27.334   -22874.2    -5597.0     5907.0      0.8      0.6      0.9 2021  6 23  5 14 47.320  0.00   1
   107636  40.503573 -124.503939    26.935   -23023.9    -5181.3     5507.4      0.3      0.3      0.6 2021  6 27 15 30 22.300  0.00   1
   107638  40.507747 -124.511759    25.187   -23685.8    -4717.7     3760.1      1.5      1.3      2.6 2021  8 29 17 32  5.980  0.00   1
   107639  40.500069 -124.504004    27.732   -23030.0    -5570.3     6304.3      0.4      0.7      1.1 2021  9  1  5  5 36.660  0.00   1
   107641  40.501742 -124.503638    27.439   -22998.7    -5384.6     6011.5      0.4      0.3      0.7 2021 10  7 19  8 24.060  0.00   1
   107644  40.491296 -124.507031    27.563   -23288.1    -6544.5     6136.0      0.3      0.4      0.4 2021 10 30 23 40 23.100  0.00   1
   107645  40.498669 -124.496696    27.524   -22411.0    -5725.8     6097.0      0.6      0.8      0.7 2021 11 20  8 44 57.940  0.00   1
   107648  40.503597 -124.495378    28.102   -22298.5    -5178.6     6674.6      0.3      0.6      0.4 2021 12 18  8 55  3.900  0.00   1
   107651  40.505847 -124.488680    26.354   -21730.6    -4928.7     4926.9      0.4      0.4      0.4 2022  1 12 11 34 59.600  0.00   1
   107654  40.489929 -124.504370    26.706   -23062.8    -6696.3     5278.4      0.5      0.7      1.7 2022  4 13 23 57 43.640  0.00   1
   107655  40.495776 -124.493075    26.738   -22104.6    -6047.0     5311.0      2.3      2.9      4.5 2022  7 29 16 38  2.820  0.00   1
   107656  40.487813 -124.502482    28.379   -22903.1    -6931.3     6951.3      0.4      0.6      0.3 2022  8 10  2 25 35.080  0.00   1
   107657  40.491089 -124.497493    28.046   -22479.8    -6567.6     6618.3      0.6      0.6      0.3 2022  8 23  6 57 35.860  0.00   1
   107661  40.494816 -124.519092    26.305   -24309.5    -6153.7     4878.1      0.4      0.4      0.7 2022 10 16 17  6 16.580  0.00   1
   107662  40.493722 -124.510441    27.610   -23576.6    -6275.2     6182.8      0.5      0.6      1.1 2022 10 16 21 31  2.740  0.00   1
   107663  40.494678 -124.509920    27.606   -23532.3    -6169.0     6178.3      0.5      0.7      1.1 2022 10 16 17  0 17.060  0.00   1
   107664  40.524272 -124.388908    23.691   -13274.9    -2882.8     2263.8      0.8      0.9      0.9 2020  3 13 19 20 41.280  0.00   1
   107680  40.562048 -123.997160    22.621    19908.8     1312.2     1193.8      1.0      0.2      0.2 2020  4 27  3 46 18.440  0.00   1
   107683  40.562252 -124.014705    22.554    18422.7     1334.7     1127.1      0.5      0.3      0.3 2020 11 11 11 22 54.400  0.00   1
   107687  40.561247 -123.999064    22.101    19747.6     1223.1      674.1      0.4      0.4      0.5 2021 12 25 23  5 26.280  0.00   1
   107808  40.546761 -124.195825    27.153     3082.8     -385.4     5725.4      0.6      0.5      0.9 2020  3 18 22 58 40.420  0.00   1
   107818  40.463554 -123.820133    23.181    34927.9    -9625.2     1753.6      0.6      1.1      0.6 2021  1 21 21  8 56.860  0.00   1
   107819  40.464323 -123.818709    23.160    35048.4    -9539.8     1733.2      0.7      1.3      1.0 2021  1 24 19 45 59.820  0.00   1
   107820  40.466565 -123.821151    23.069    34840.9    -9290.8     1641.5      0.6      0.8      0.6 2022  1 24 23 34 18.900  0.00   1
   107823  40.469824 -123.822697    23.186    34709.0    -8928.9     1759.0      0.4      0.7      0.5 2022 11 20 17  4 54.300  0.00   1
   107825  40.515527 -124.418343    19.945   -15769.7    -3853.8    -1482.0      0.9      1.0      1.1 2020  3 18 23 32 29.300  0.00   1
   107844  40.621781 -124.311076    19.837    -6676.0     7945.2    -1589.9      0.5      0.4      1.1 2020  3 18  4 40 58.500  0.00   1
   107847  40.622127 -124.306584    21.138    -6295.7     7983.6     -289.1      0.8      0.5      1.5 2022  1 23 16 30 25.180  0.00   1
   107849  40.621806 -124.311670    19.596    -6726.3     7948.0    -1831.7      0.7      0.5      1.5 2022 10 21 10 46 28.380  0.00   1
   107887  40.582060 -124.428540    23.012   -16625.4     3534.3     1584.6      0.5      0.5      0.7 2020  7 13 13  8 40.060  0.00   1
   107888  40.580835 -124.432251    23.487   -16939.8     3398.3     2059.5      0.6      0.7      0.9 2020  8 15  3 41 44.920  0.00   1
   107890  40.581213 -124.432731    23.425   -16980.4     3440.3     1998.0      0.5      0.6      0.8 2021  8  9 17  8 53.000  0.00   1
   107891  40.583858 -124.431982    23.952   -16916.7     3734.0     2524.8      0.8      0.5      0.6 2021  8 11  0 58 47.400  0.00   1
   107895  40.574654 -124.436051    22.824   -17262.5     2712.0     1397.1      1.0      0.5      1.1 2022  9  4 19 13 25.340  0.00   1
   107928  40.582992 -124.427246    23.143   -16515.7     3637.8     1716.0      0.3      0.4      0.6 2020  7 22  0 55 19.100  0.00   1
   107930  40.612553 -124.435425    22.963   -17204.6     6920.5     1535.3      1.2      0.7      0.9 2021 12 13  1 46 42.200  0.00   1
   107964  40.535522 -124.398844    17.675   -14115.5    -1633.4    -3752.2      0.5      0.4      0.8 2021 11 14  0  8  4.400  0.00   1
   107965  40.530595 -124.393604    17.424   -13672.0    -2180.6    -4002.9      1.9      2.0      3.3 2021 12 21 22 13 12.300  0.00   1
   107971  40.530912 -124.406527    16.878   -14766.8    -2145.4    -4549.3      0.5      0.4      0.7 2022 10  9 19  5  2.280  0.00   1
   107978  40.536271 -124.423324    28.390   -16189.1    -1550.3     6963.1      0.6      1.2      1.1 2021  4 15  8 56 41.520  0.00   1
   107980  40.527364 -124.424325    26.763   -16275.0    -2539.4     5335.9      0.6      0.6      0.8 2021  8  4 18 58 46.060  0.00   1
   107981  40.530550 -124.419336    26.642   -15852.0    -2185.6     5215.0      0.7      0.6      0.9 2021  8 21 16 23 33.700  0.00   1
   107983  40.523678 -124.434782    26.209   -17161.4    -2948.7     4782.0      1.0      0.9      1.1 2021 11  3  7 32 49.840  0.00   1
   107984  40.515633 -124.429492    26.924   -16714.3    -3842.0     5496.4      0.7      0.8      1.2 2021 12  3 10 42 13.240  0.00   1
   107988  40.529236 -124.420524    26.697   -15952.8    -2331.5     5270.0      0.7      0.6      0.9 2022  2 13 11 20 53.200  0.00   1
   107989  40.517721 -124.422778    27.154   -16145.2    -3610.2     5726.8      1.2      1.1      1.0 2022  4 26 22 35 44.360  0.00   1
   107990  40.528483 -124.422900    26.636   -16154.2    -2415.1     5208.5      0.6      0.6      0.7 2022  8 18  8 41 53.440  0.00   1
   107991  40.530851 -124.425635    26.234   -16385.6    -2152.1     4807.1      0.9      1.6      1.6 2022 11  8  8 40 30.120  0.00   1
   107992  40.526762 -123.990861    20.700    20447.6    -2606.2     -726.9      0.2      0.2      0.2 2020  3 19 15 51  1.740  0.00   1
   107998  40.517102 -123.977173    20.903    21608.8    -3678.9     -524.4      0.2      0.2      0.2 2022  1 22 10 34 20.100  0.00   1
   107999  40.518921 -123.979028    20.847    21451.3    -3476.9     -580.0      0.2      0.2      0.2 2022  2 15  1 12 31.400  0.00   1
   108057  40.469287 -124.443205    22.456   -17882.2    -8988.5     1028.9      0.8      0.6      0.7 2021 12  5 19 24 48.900  0.00   1
   108061  40.469893 -124.451351    21.197   -18572.6    -8921.2     -229.9      0.7      0.6      1.0 2022  9 23 15 56 33.080  0.00   1
   108062  40.466927 -124.432194    20.895   -16949.3    -9250.6     -532.2      0.8      0.9      0.9 2022  9 28 23  9 12.340  0.00   1
   108063  40.583183 -124.354435    27.300   -10349.8     3659.0     5872.3      0.5      0.5      0.6 2020  3 20  8 49 18.520  0.00   1
   108064  40.580961 -124.347542    28.086    -9766.2     3412.3     6658.8      0.5      0.4      0.7 2021 10 17  9 59  8.260  0.00   1
   108067  40.538464 -124.404687    28.073   -14610.2    -1306.7     6645.6      0.4      0.5      0.6 2021 11  3 11  8 47.100  0.00   1
   108068  40.537158 -124.404557    28.285   -14599.3    -1451.8     6858.0      0.5      0.4      0.5 2021 11  3  4 10 39.340  0.00   1
   108070  40.535628 -124.411613    28.114   -15197.2    -1621.7     6686.7      0.6      0.5      0.9 2021 12 20 21 58 50.200  0.00   1
   108071  40.535425 -124.411808    28.956   -15213.7    -1644.3     7529.2      0.6      0.5      0.6 2022  1  6 19 21 44.640  0.00   1
   108073  40.617350 -123.948779    22.353    23996.6     7453.2      925.4      0.9      0.7      1.2 2020  9 26  5 11 46.240  0.00   1
   108076  40.611112 -123.944531    22.117    24357.4     6760.5      689.4      0.9      0.9      1.1 2021 10 28  3 17 37.200  0.00   1
   108082  40.612166 -123.943815    21.502    24417.9     6877.5       74.3      0.6      0.5      0.7 2022  4 23 20  0 10.440  0.00   1
   108083  40.621623 -123.946240    21.717    24210.8     7927.6      289.6      0.5      0.5      0.8 2022  6 17 14 38  4.080  0.00   1
   108103  40.555823 -124.255200    23.060    -1946.6      620.8     1633.2      0.3      0.2      0.2 2020  3 24  7  2 14.780  0.00   1
   108105  40.550871 -124.245353    22.793    -1112.6       70.9     1365.8      0.3      0.3      0.3 2020 11 21  0 51 45.000  0.00   1
   108108  40.553190 -124.249585    22.056    -1471.0      328.5      629.2      0.4      0.4      0.6 2022 11 11 23  8  9.040  0.00   1
   108253  40.746781 -123.837500    21.282    33385.7    21825.9     -145.1      0.8      0.7      0.8 2020  3 28 12 19 52.180  0.00   1
   108254  40.749687 -123.835661    20.298    33540.5    22148.5    -1129.5      1.0      0.8      1.0 2020  9 14 17 47 56.900  0.00   1
   108256  40.480412 -124.459033    18.339   -19222.2    -7753.2    -3088.2      0.4      0.6      0.7 2020  3 29  2 10 37.820  0.00   1
   108258  40.476164 -124.459530    19.424   -19264.9    -8224.9    -2003.5      0.6      0.6      0.7 2021 10  3  5 55  4.840  0.00   1
   108259  40.477694 -124.458187    19.404   -19150.8    -8055.0    -2023.3      0.5      0.5      0.7 2021 11 19  6 49 32.480  0.00   1
   108344  40.526705 -124.400667    17.592   -14270.9    -2612.6    -3835.1      0.5      0.8      1.2 2022  6  5 23 40 24.620  0.00   1
   108357  40.572449 -124.097754    22.902    11387.9     2467.1     1474.7      1.0      0.9      1.2 2021  2 21 19 35 38.660  0.00   1
   108358  40.571566 -124.091577    22.747    11911.1     2369.0     1319.8      0.4      0.6      0.6 2021 10 31 11 18 33.720  0.00   1
   108359  40.569157 -124.101562    23.204    11065.6     2101.5     1777.1      0.3      0.2      0.2 2022  2  6  9 49 13.780  0.00   1
   108413  40.479724 -124.498975    23.792   -22607.3    -7829.6     2364.9      0.4      0.7      1.1 2020  4 13  9 58 32.960  0.00   1
   108414  40.458700 -124.510018    23.942   -23546.8   -10164.2     2514.9      0.8      0.9      0.4 2020  8 28 23 50 45.120  0.00   1
   108415  40.462410 -124.507886    23.723   -23365.5    -9752.2     2296.2      0.7      0.7      1.0 2020  9 24 22 17 36.960  0.00   1
   108416  40.464677 -124.499723    27.208   -22673.2    -9500.5     5780.9      1.9      2.9      3.4 2021  2  3  1 21 28.060  0.00   1
   108422  40.478687 -124.510970    23.749   -23624.0    -7944.8     2322.2      0.4      0.9      1.2 2021 11 29 21 27 26.620  0.00   1
   108424  40.466687 -124.503377    26.334   -22982.6    -9277.3     4907.1      1.1      2.0      2.2 2022  2 13  8 54 23.040  0.00   1
   108430  40.455656 -124.509448    23.827   -23499.1   -10502.2     2399.3      0.4      0.8      0.9 2022 11 14 21 27 40.840  0.00   1
   108464  40.604980 -124.092855    18.858    11799.9     6079.6    -2569.4      1.2      0.9      1.0 2022  1 22 11 10 16.600  0.00   1
   108465  40.608720 -124.099813    17.716    11210.5     6494.8    -3711.1      1.4      0.9      1.6 2022  1 29  6 14 29.780  0.00   1
   108466  40.589388 -124.298698    19.698    -5629.5     4348.1    -1729.2      1.1      1.2      2.5 2020  4 19 16 21  7.220  0.00   1
   108475  40.501082 -124.431901    25.537   -16920.2    -5457.8     4109.4      0.4      0.6      0.7 2020  8 21 16 41  2.020  0.00   1
   108479  40.500500 -124.429769    23.146   -16739.6    -5522.4     1719.1      0.6      0.6      0.8 2021  9 26  7 21 14.820  0.00   1
   108490  40.635881 -124.000090    24.595    19649.9     9510.9     3167.9      0.8      0.8      0.9 2020  4 19  6 45 57.780  0.00   1
   108491  40.515800 -124.345020    17.624    -9557.2    -3823.5    -3803.5      0.5      0.6      0.5 2020  4 21 11 21 54.140  0.00   1
   108492  40.508313 -124.335059    19.099    -8713.7    -4654.9    -2328.3      0.6      1.1      0.8 2020  6 19  5 30 29.960  0.00   1
   108493  40.510482 -124.337199    18.999    -8894.9    -4414.1    -2428.1      0.3      0.5      0.4 2021  3 12  1 30 38.560  0.00   1
   108494  40.509041 -124.333879    19.071    -8613.7    -4574.0    -2356.4      0.7      0.8      0.8 2021  6 14 22 35  4.460  0.00   1
   108495  40.510185 -124.331291    19.392    -8394.4    -4447.1    -2035.0      0.6      0.6      0.6 2021  6 14 21 36  2.260  0.00   1
   108496  40.510368 -124.331925    19.388    -8448.1    -4426.7    -2038.9      0.6      0.8      0.5 2021  6 14 21 44 45.960  0.00   1
   108497  40.509359 -124.334098    19.041    -8632.3    -4538.8    -2386.3      0.7      0.5      0.9 2021  6 15  9 44 20.640  0.00   1
   108498  40.510254 -124.333553    19.135    -8586.0    -4439.4    -2292.4      0.5      0.4      0.6 2021  6 15  8 53  6.160  0.00   1
   108499  40.510510 -124.334196    18.942    -8640.5    -4410.9    -2485.3      0.6      0.6      0.5 2021  6 15  9 30  2.180  0.00   1
   108500  40.510352 -124.333586    19.117    -8588.8    -4428.5    -2310.5      0.6      0.5      0.7 2021  6 15  9 15  5.520  0.00   1
   108501  40.508940 -124.335596    19.022    -8759.2    -4585.3    -2405.6      0.5      0.4      0.7 2021 12 11  4 20 38.740  0.00   1
   108566  40.642997 -124.067513    23.387    13941.7    10301.2     1960.2      0.6      0.4      0.1 2020  5  5 15 41 19.740  0.00   1
   108569  40.504899 -124.490088    23.875   -21850.1    -5034.0     2447.7      0.6      0.8      0.5 2020  5  6  2 15 26.660  0.00   1
   108570  40.504793 -124.491398    23.709   -21961.1    -5045.8     2282.0      0.5      0.7      0.8 2021  7 27  7 34 24.040  0.00   1
   108571  40.606909 -124.091642    17.783    11902.4     6293.7    -3644.6      0.5      0.3      0.4 2020  5  9 23 48 21.420  0.00   1
   108578  40.491097 -124.506299    15.607   -23226.0    -6566.7    -5820.6      0.7      1.0      1.3 2022  3 19 17 38 45.720  0.00   1
   108600  40.552909 -124.254118    24.766    -1854.9      297.3     3338.7      0.6      0.4      1.4 2020  8  8  3  7 36.200  0.00   1
   108601  40.548295 -124.260514    26.041    -2396.8     -215.1     4613.5      1.0      0.9      0.8 2021  7 18  8 37 44.140  0.00   1
   108604  40.549984 -124.252661    23.749    -1731.6      -27.6     2322.1      1.1      0.5      0.7 2022  6 14  4 29 40.760  0.00   1
   108605  40.551261 -124.244255    23.619    -1019.5      114.3     2191.5      0.4      0.2      0.3 2022  6 29  2 18 33.580  0.00   1
   108609  40.530750 -124.349097    18.269    -9901.5    -2163.4    -3158.4      0.3      0.2      0.7 2020  5 21  5 49 36.720  0.00   1
   108610  40.530900 -124.349235    18.279    -9913.3    -2146.7    -3147.9      0.3      0.2      0.7 2020  5 21  6  0 18.060  0.00   1
   108611  40.537935 -124.349699    17.524    -9952.0    -1365.5    -3902.9      0.3      0.3      0.3 2020  5 21  5 49 32.040  0.00   1
   108616  40.530404 -124.421525    18.025   -16037.5    -2201.8    -3402.2      3.0      1.9      4.3 2020  5 27 17 28 46.460  0.00   1
   108617  40.522591 -124.375122    19.205   -12107.1    -3069.4    -2222.6      2.1      2.3      3.6 2021 12 21  9 14 12.320  0.00   1
   108618  40.521822 -124.412533    18.999   -15276.6    -3154.8    -2428.2      1.0      1.5      1.5 2020  5 29  3 10 10.980  0.00   1
   108624  40.528853 -124.336092    20.122    -8800.0    -2374.0    -1304.8      0.8      0.7      1.0 2020  6  1 23 58 17.820  0.00   1
   108625  40.524264 -124.321639    20.262    -7575.8    -2883.7    -1165.7      1.2      1.3      1.7 2020  6 24  4 56 53.760  0.00   1
   108626  40.524394 -124.321810    20.337    -7590.3    -2869.2    -1090.6      1.1      1.2      1.7 2020  6 25 13  0 35.620  0.00   1
   108655  40.575610 -124.179639    18.576     4452.9     2818.2    -2850.9      0.6      0.5      1.1 2021 10 12  3 27 25.740  0.00   1
   108724  40.620199 -123.932471    21.641    25376.8     7769.5      214.0      0.7      0.6      1.1 2020  6 14 11 45 45.620  0.00   1
   108732  40.600940 -123.917952    22.454    26609.8     5630.9     1026.4      0.8      0.7      0.9 2022 10 13 19 35 55.660  0.00   1
   108757  40.542855 -124.055046    19.847    15008.2     -819.2    -1579.8      1.3      0.9      0.8 2020  6 14 14 58 40.620  0.00   1
   108758  40.541427 -124.056942    19.825    14847.7     -977.8    -1601.8      1.7      0.6      1.0 2021  3  4 22 22 58.560  0.00   1
   108759  40.533980 -124.037671    20.501    16481.0    -1804.7     -925.8      3.5      4.2      2.5 2022  2 22 19 27 13.320  0.00   1
   108760  40.542074 -124.050627    19.919    15382.6     -905.9    -1508.7      0.9      0.6      0.7 2022  3 14  4  0 41.420  0.00   1
   108761  40.542334 -124.052962    19.844    15184.7     -877.0    -1582.9      0.8      0.7      1.0 2022  4  7 13 29 19.080  0.00   1
   108768  40.610502 -124.084285    18.620    12525.0     6692.7    -2807.0      1.5      0.6      1.3 2020 12 14 11 30 35.940  0.00   1
   108775  40.489172 -123.867790    20.769    30882.7    -6780.4     -658.6      0.8      1.1      1.1 2021  3 12  6 12 15.860  0.00   1
   108778  40.520707 -123.913753    20.914    26981.3    -3278.6     -513.6      0.8      0.8      0.5 2021 10  5  6 18 43.140  0.00   1
   108780  40.521179 -123.912858    20.708    27057.1    -3226.2     -719.0      0.9      0.8      0.7 2021 10  6 16 45 29.740  0.00   1
   108782  40.521354 -123.912866    20.694    27056.4    -3206.7     -733.1      0.9      0.7      0.9 2021 10  6 17 13 28.040  0.00   1
   108784  40.527356 -123.914502    20.902    26916.6    -2540.3     -525.6      0.4      0.9      0.7 2021 10  6 18 40 27.620  0.00   1
   108785  40.520463 -123.913346    20.790    27015.9    -3305.7     -637.2      0.8      0.8      0.5 2021 10  6 19 49 19.280  0.00   1
   108789  40.522644 -123.912557    21.262    27082.3    -3063.5     -164.9      0.5      0.7      0.6 2021 10  6 11 42 23.740  0.00   1
   108794  40.521033 -123.912590    20.715    27079.9    -3242.4     -712.4      0.9      0.8      0.7 2021 10  9 19 44 44.220  0.00   1
   108797  40.516821 -123.907568    21.515    27506.1    -3710.1       87.3      0.4      0.4      0.4 2021 10 10 14 55 46.020  0.00   1
   108839  40.502612 -124.435539    23.471   -17228.2    -5287.9     2043.4      0.5      0.6      0.5 2021  4  7 10 38 50.740  0.00   1
   108840  40.495219 -124.437061    23.668   -17358.1    -6108.9     2240.4      0.4      0.7      0.4 2021 11  7  2 42 54.760  0.00   1
   108860  40.633541 -123.929704    21.714    25608.5     9251.1      287.2      0.7      0.2      0.6 2020  7  8 15  4 51.000  0.00   1
   108864  40.609892 -123.888167    22.929    29129.8     6624.9     1501.9      0.7      0.6      1.4 2020  7 12  6 10  9.180  0.00   1
   108865  40.613794 -123.889779    23.516    28992.5     7058.3     2089.2      0.8      0.5      0.6 2021  7 25  9 12 32.240  0.00   1
   108866  40.612809 -123.889917    22.847    28981.0     6948.9     1419.8      0.8      0.7      1.3 2022  9 20 20 35 29.800  0.00   1
   108897  40.601640 -124.121273    17.158     9394.0     5708.6    -4268.8      0.9      0.3      0.5 2020  7 21  9 58 36.880  0.00   1
   108901  40.603060 -124.099284    18.382    11255.8     5866.3    -3045.0      1.1      0.3      0.7 2020  7 28 10 54 20.520  0.00   1
   108918  40.646509 -124.023836    18.372    17638.3    10691.1    -3055.1      0.9      0.4      0.9 2020  8 14  7 59 14.720  0.00   1
   108919  40.644539 -124.017017    18.981    18215.8    10472.4    -2445.9      0.9      0.7      0.7 2020  8 14  7 29 17.360  0.00   1
   108921  40.645284 -124.023104    18.189    17700.5    10555.1    -3238.3      0.6      0.5      1.1 2021 11 16 18 50  1.700  0.00   1
   108922  40.593917 -124.118571    19.498     9623.3     4851.0    -1929.1      0.5      0.4      0.4 2020  8 17 22 44  9.820  0.00   1
   108923  40.593123 -124.118392    19.641     9638.6     4762.9    -1786.3      0.5      0.3      0.3 2020  8 17 22 37  2.940  0.00   1
   108925  40.604521 -124.104378    20.583    10824.3     6028.5     -844.5      0.5      0.3      0.5 2021  6 29  5 32 28.020  0.00   1
   108926  40.597754 -124.120117    20.598     9492.1     5277.1     -829.6      0.4      0.5      0.6 2021  9  2  7  3 32.740  0.00   1
   108956  40.537048 -124.241927    19.330     -822.4    -1464.0    -2096.8      0.7      0.8      1.2 2020  8 19  9 20 36.680  0.00   1
   108957  40.529854 -124.249894    18.884    -1497.4    -2262.8    -2543.3      0.8      0.9      1.2 2021  7 30  7  1 16.480  0.00   1
   108959  40.533614 -124.245605    18.994    -1134.1    -1845.3    -2433.7      0.8      0.9      0.9 2022  9 20 20 46 19.020  0.00   1
   108974  40.609802 -124.212500    24.447     1669.5     6615.0     3019.7      0.9      0.7      1.2 2021  6  2  8  1  4.060  0.00   1
   108976  40.604761 -124.246077    23.360    -1173.5     6055.2     1933.2      1.5      1.0      1.3 2021  8  2  1 42 32.520  0.00   1
   108977  40.621733 -124.214600    25.578     1491.6     7939.8     4150.8      2.9      0.8      2.4 2021  9 27 13 54 30.160  0.00   1
   108978  40.608761 -124.223283    25.291      756.6     6499.3     3864.0      1.2      0.6      1.4 2021 11 19  5 14  6.980  0.00   1
   108988  40.602816 -124.059473    22.887    14626.6     5839.2     1459.8      0.3      0.4      0.5 2021  9 19  2 30 15.040  0.00   1
   108995  40.562634 -123.934774    22.179    25192.6     1377.2      752.0      0.7      0.5      1.0 2020  9  7  3  4 36.280  0.00   1
   108998  40.562423 -123.930355    21.613    25566.9     1353.7      185.7      1.2      1.3      0.9 2020 11 23  2 17 29.880  0.00   1
   108999  40.563322 -123.946737    21.482    24179.3     1453.6       54.8      0.9      0.2      0.9 2020 11 23  2 27  1.080  0.00   1
   109001  40.564014 -123.934709    21.906    25197.9     1530.4      478.8      0.8      0.5      0.8 2021  4 25  2 44 15.560  0.00   1
   109003  40.552279 -123.916797    22.678    26717.2      227.3     1251.2      3.8      3.4      5.1 2021  9 25  7 21 32.760  0.00   1
   109005  40.564388 -123.934904    22.047    25181.2     1572.0      619.6      0.9      0.9      1.8 2022  1 19 16 50 43.900  0.00   1
   109006  40.565938 -123.933260    22.034    25320.2     1744.1      606.5      0.7      0.8      1.4 2022  1 23  4 17 44.580  0.00   1
   109007  40.560689 -123.930558    22.165    25550.0     1161.2      738.0      0.9      0.3      1.0 2022  1 23 13 55 42.740  0.00   1
   109008  40.561861 -123.934790    23.179    25191.4     1291.4     1752.1      0.3      0.3      1.0 2022  5 17 14 52 29.660  0.00   1
   109027  40.521818 -123.898153    19.983    28302.8    -3155.2    -1444.5      0.8      0.8      0.6 2020  9 12  9 10  3.360  0.00   1
   109029  40.533154 -123.901961    23.332    27977.8    -1896.4     1905.0      1.6      2.9      1.8 2021 10 21 16 23 18.500  0.00   1
   109031  40.526074 -123.904370    20.219    27775.2    -2682.6    -1207.8      0.3      0.3      0.5 2022  9 21 22  2  0.300  0.00   1
   109034  40.606051 -123.918994    25.022    26520.5     6198.4     3595.0      0.9      0.8      0.9 2021 10 16  0 56 17.260  0.00   1
   109035  40.605782 -123.916862    24.953    26701.1     6168.6     3525.8      0.5      0.4      0.9 2022  4  7  7 43 59.660  0.00   1
   109037  40.598881 -124.116813    18.466     9771.8     5402.3    -2960.8      0.4      0.4      0.5 2021  8 28 10 22 15.280  0.00   1
   109040  40.535209 -124.045597    19.981    15809.4    -1668.2    -1446.6      0.7      0.4      0.3 2021  5  4 20 49 28.940  0.00   1
   109042  40.536979 -124.051164    19.743    15337.7    -1471.7    -1684.1      0.5      0.3      0.3 2021 12 10 18 19  3.380  0.00   1
   109047  40.661446 -123.886833    28.682    29231.6    12349.8     7254.9      1.2      0.9      1.1 2022  7  7 10 16 42.560  0.00   1
   109051  40.588774 -124.075220    22.211    13294.7     4279.9      784.1      0.4      0.4      0.4 2022 10 22  1 32  8.620  0.00   1
   109052  40.612524 -124.075887    17.808    13235.9     6917.3    -3618.8      1.5      0.8      1.1 2020  9 18  1 49 50.060  0.00   1
   109054  40.622587 -124.063664    17.847    14269.7     8034.7    -3580.3      1.6      0.7      1.1 2021  8  3  7 25 29.060  0.00   1
   109057  40.619918 -124.078418    17.365    13020.9     7738.3    -4062.0      1.2      0.6      1.1 2021 11  1 20 23 11.500  0.00   1
   109058  40.618742 -124.077148    17.954    13128.5     7607.7    -3473.0      1.6      0.7      1.3 2022  7  2 18 54 53.920  0.00   1
   109059  40.618819 -124.078231    17.878    13036.8     7616.3    -3548.9      1.6      0.9      1.3 2022  7  5 10 26 16.440  0.00   1
   109060  40.609493 -124.078906    18.434    12980.5     6580.7    -2993.3      1.8      0.7      1.8 2022  9 22  5 20 24.860  0.00   1
   109079  40.590861 -124.326375    21.233    -7973.1     4511.7     -194.4      0.8      0.7      1.1 2020  9 24  1 37  2.540  0.00   1
   109081  40.592952 -124.324845    21.352    -7843.4     4743.9      -74.8      0.7      0.4      0.9 2021  8  3  7 28  1.280  0.00   1
   109082  40.592537 -124.323543    21.505    -7733.2     4697.8       77.3      0.9      0.7      1.0 2021  8  3  7 28 11.760  0.00   1
   109083  40.592232 -124.325610    21.515    -7908.3     4663.9       87.5      0.7      0.6      1.1 2022  3 18 23 22 52.560  0.00   1
   109086  40.615645 -124.093669    19.782    11730.1     7263.9    -1644.1      0.3      0.5      0.5 2020  9 29 20 57 21.240  0.00   1
   109088  40.592188 -124.103003    22.960    10941.7     4659.0     1532.3      0.5      0.4      0.7 2021  8  2  6  3 50.240  0.00   1
   109099  40.524215 -124.386108    16.409   -13037.7    -2889.1    -5017.8      2.0      1.1      2.6 2022 11  3 21 25 34.920  0.00   1
   109112  40.572514 -123.940413    20.478    24713.1     2474.3     -948.8      0.2      0.6      0.2 2020 11 28  4 46 13.820  0.00   1
   109120  40.563765 -123.925757    21.555    25956.1     1502.8      128.2      2.8      2.4      4.1 2021 10  7 15 37 20.960  0.00   1
   109123  40.561755 -123.931160    21.245    25498.8     1279.6     -181.9      2.7      2.0      3.5 2021 10  7 10 58 29.020  0.00   1
   109127  40.564103 -123.926017    21.569    25934.0     1540.3      141.3      2.8      2.4      4.2 2021 10  9 15  2 48.760  0.00   1
   109129  40.524605 -124.434424    19.812   -17131.0    -2845.7    -1615.1      1.5      3.2      3.5 2020 10 11 16 54  4.900  0.00   1
   109133  40.638472 -124.029484    18.442    17161.3     9798.7    -2985.5      0.4      0.3      0.7 2020 10 20  3 57  2.000  0.00   1
   109186  40.668994 -123.914111    23.236    26921.4    13188.0     1808.6      1.1      0.8      0.9 2020 11 10  7 29 44.140  0.00   1
   109189  40.673393 -123.887687    21.897    29156.7    13676.4      469.3      0.7      0.5      0.9 2021  5 13  9 32 24.180  0.00   1
   109190  40.663782 -123.885840    22.781    29315.1    12609.2     1353.6      0.7      0.4      0.5 2022  6 25  8 45  6.260  0.00   1
   109416  40.598083 -123.970638    22.197    22149.2     5313.7      770.0      1.0      1.0      0.9 2020 11 28  4 41 25.020  0.00   1
   109417  40.597913 -123.970744    22.134    22140.3     5294.7      707.0      1.0      0.9      0.7 2020 11 28  4 28 30.560  0.00   1
   109418  40.598926 -123.973006    22.486    21948.5     5407.2     1058.9      0.6      0.4      0.4 2021  3 28 11 21 31.120  0.00   1
   109420  40.600712 -123.917350    21.935    26660.8     5605.6      507.8      0.6      0.3      0.3 2020 12  7 19  3 16.040  0.00   1
   109421  40.604423 -123.915112    21.996    26849.5     6017.7      568.9      0.5      0.4      0.3 2020 12  7 19  5 36.340  0.00   1
   109427  40.594389 -123.904891    25.626    27717.1     4903.4     4199.0      0.6      0.5      0.7 2020 11 29  9 45 15.600  0.00   1
   109428  40.594206 -123.898649    25.938    28245.6     4883.1     4511.1      0.2      0.6      1.1 2021  1 19 12 58 57.580  0.00   1
   109430  40.591032 -123.913281    26.024    27007.3     4530.6     4596.9      1.1      0.4      0.7 2022  3 18  0  7 21.100  0.00   1
   109436  40.605701 -124.098714    15.498    11303.8     6159.5    -5929.5      0.3      0.2      0.2 2020 12  1 11 36 42.680  0.00   1
   109448  40.553320 -124.014347    21.811    18454.2      343.0      384.1      0.4      0.4      0.4 2022  1 19 22 27 40.720  0.00   1
   109451  40.565019 -124.011849    22.545    18664.3     1642.0     1117.6      0.7      0.4      0.7 2022  6  9  2 12 47.440  0.00   1
   109453  40.566549 -124.022705    22.625    17744.6     1811.9     1197.7      0.4      0.3      0.4 2022 11 22  5  9 14.600  0.00   1
   109457  40.590776 -124.184399    21.175     4049.3     4502.2     -252.4      0.7      0.7      1.1 2022 11 20 16 58  8.260  0.00   1
   109458  40.552100 -123.889160    22.157    29058.2      207.4      730.1      0.5      0.4      0.4 2020 12 19 19 50 56.380  0.00   1
   109461  40.601298 -124.105151    16.515    10759.1     5670.7    -4912.7      1.0      0.7      0.7 2021  1  4  6 14 34.600  0.00   1
   109483  40.497469 -124.464087    23.043   -19648.0    -5859.1     1616.1      0.4      0.6      0.6 2021  1 13 19 34 16.280  0.00   1
   109484  40.518986 -124.467155    23.891   -19904.8    -3469.7     2464.0      0.6      0.4      0.2 2021  2 12 14 58  6.120  0.00   1
   109485  40.511707 -124.451782    25.043   -18603.4    -4278.1     3615.8      0.5      0.6      1.6 2022  6  3  7 37 13.740  0.00   1
   109491  40.555176 -124.058146    22.961    14744.2      549.0     1533.5      0.7      0.6      0.7 2022 11 12 22 18 21.100  0.00   1
   109493  40.576371 -124.210872    19.563     1807.8     2902.7    -1864.4      0.6      0.3      0.4 2021 12 30 20 43 22.380  0.00   1
   109498  40.573946 -124.147852    21.843     7145.0     2633.4      415.4      1.4      0.7      0.9 2022  3 29  0 35 16.680  0.00   1
   109534  40.643030 -123.999194    18.478    19724.6    10304.8    -2949.4      1.0      0.4      0.9 2021  3  6  9 15 31.140  0.00   1
   109535  40.652295 -124.010506    18.580    18765.8    11333.6    -2846.8      1.4      0.5      1.1 2021  3  6  9 16 35.960  0.00   1
   109542  40.537390 -123.905094    22.816    27711.5    -1426.0     1388.5      0.5      0.6      0.4 2021  3 19 20 18 50.400  0.00   1
   109543  40.542712 -123.906934    22.898    27554.6     -835.0     1470.3      0.7      0.9      1.3 2021  7 28 11 59  6.040  0.00   1
   109544  40.542908 -123.911987    22.682    27126.5     -813.3     1254.6      1.0      0.9      0.7 2021 11  2 15 33 30.400  0.00   1
   109546  40.541235 -123.912679    22.737    27068.2     -999.0     1310.0      0.5      0.6      1.1 2022  2  8 20 52 37.700  0.00   1
   109547  40.535465 -123.908708    23.442    27405.8    -1639.7     2014.6      0.9      1.1      0.4 2022  5 16 12 51  7.720  0.00   1
   109550  40.569104 -123.971899    23.472    22047.1     2095.7     2044.6      0.4      0.4      0.3 2021 10 14 12 55 59.780  0.00   1
   109551  40.553605 -123.976042    23.776    21698.8      374.6     2348.9      0.3      0.2      0.2 2021 10 18 11 26 36.900  0.00   1
   109560  40.577922 -124.421997    23.043   -16071.8     3074.8     1616.1      0.6      0.8      0.8 2021  4 22 19 58  9.520  0.00   1
   109562  40.572697 -124.415861    23.645   -15552.8     2494.6     2217.7      0.7      0.6      0.5 2021 10  1 17 28 56.900  0.00   1
   109563  40.572929 -124.414225    23.267   -15414.2     2520.4     1840.1      0.8      1.0      1.1 2022  6  6  8 33 56.500  0.00   1
   109585  40.702364 -123.972347    21.466    21987.5    16893.6       38.3      0.4      0.3      0.3 2021 12  9  6 38 26.640  0.00   1
   109586  40.610091 -123.804004    27.405    36255.6     6647.1     5977.9      1.1      0.9      0.5 2021  4 25 12  4 20.500  0.00   1
   109587  40.513428 -124.437394    17.625   -17384.1    -4086.9    -3802.6      1.0      1.3      3.6 2021  4 26 14 34  7.560  0.00   1
   109588  40.530920 -124.393213    19.664   -13638.9    -2144.5    -1763.1      2.3      2.4      4.5 2021  4 30  5 48 15.420  0.00   1
   109590  40.600004 -124.006226    22.822    19135.6     5527.0     1394.4      0.7      0.4      0.4 2021  5  1  6 40  3.120  0.00   1
   109592  40.568026 -124.017236    22.112    18207.6     1975.9      684.5      0.7      0.6      0.7 2022  3 10 22 12 16.660  0.00   1
   109593  40.587431 -124.203353    23.348     2444.4     4130.8     1920.3      0.3      0.3      0.4 2021  5 25 13 41 14.420  0.00   1
   109638  40.582373 -123.953882    24.637    23570.8     3569.1     3209.8      1.2      1.0      1.4 2021  6  5 11 28 29.860  0.00   1
   109639  40.573625 -123.959115    24.126    23129.1     2597.7     2698.3      1.3      0.8      1.0 2022  2 26  5 28  3.880  0.00   1
   109640  40.539974 -123.963680    22.234    22748.2    -1139.1      807.2      1.0      1.2      1.9 2021  6 14 23  5 14.620  0.00   1
   109641  40.545227 -123.967204    21.483    22448.8     -555.8       56.1      1.0      0.7      1.2 2021  6 15  4  8 20.200  0.00   1
   109643  40.535059 -123.966284    21.762    22528.4    -1684.9      334.5      2.0      2.1      2.1 2021  6 15  2 15 10.680  0.00   1
   109645  40.552482 -123.973820    20.585    21887.2      249.9     -842.3      0.9      0.8      0.9 2021  9 21 16 59  7.260  0.00   1
   109646  40.554293 -123.970378    20.572    22178.4      450.9     -855.3      1.3      1.2      1.8 2022  8 19 22 15 53.220  0.00   1
   109647  40.552165 -123.972770    20.966    21976.1      214.6     -460.8      0.9      1.0      1.3 2022  9 26 14 46 33.600  0.00   1
   109649  40.485124 -124.509302    17.150   -23481.5    -7230.0    -4276.8      0.5      0.7      1.3 2022  9 18  8 29  6.480  0.00   1
   109653  40.599670 -124.325448    21.068    -7894.0     5489.9     -359.4      0.6      0.5      1.4 2021  6 26 23 51 53.520  0.00   1
   109656  40.606425 -124.315747    20.351    -7072.3     6240.0    -1076.4      0.8      0.3      0.9 2021  7  7 21  8 20.520  0.00   1
   109661  40.598519 -124.329663    20.789    -8251.1     5362.0     -638.7      0.4      0.3      1.0 2022 11 27 17  4 31.920  0.00   1
   109701  40.533577 -124.351506    18.133   -10105.4    -1849.4    -3293.8      0.4      0.3      0.5 2021  7  9 20  8 44.560  0.00   1
   109707  40.705937 -123.935425    23.060    25110.7    17290.3     1632.5      0.5      0.5      0.3 2021  7 21  1 57 33.440  0.00   1
   109708  40.707776 -123.940755    22.321    24659.4    17494.5      893.3      1.0      0.4      0.3 2022  8 13 12 33 41.180  0.00   1
   109709  40.707365 -123.938184    22.279    24877.1    17448.9      851.9      1.2      0.5      0.4 2022  8 13 13  7 15.920  0.00   1
   109710  40.478324 -124.401676    20.036   -14361.5    -7985.0    -1391.1      0.7      0.6      1.0 2021  7 21  6 27  7.140  0.00   1
   109714  40.514893 -124.434383    17.660   -17128.8    -3924.3    -3767.1      0.2      0.3      0.5 2021  7 22  8 29 59.260  0.00   1
   109718  40.505538 -124.448584    18.182   -18333.2    -4963.1    -3245.7      0.8      0.7      1.2 2022  4  3 19 26 32.500  0.00   1
   109728  40.639587 -123.913851    21.355    26949.3     9922.5      -71.8      0.6      0.4      0.4 2021 10 28 17 29 28.460  0.00   1
   109729  40.640177 -123.915332    21.322    26823.8     9988.0     -104.9      1.1      0.4      0.6 2021 10 28 20 25 38.640  0.00   1
   109732  40.501123 -124.463802    18.324   -19623.3    -5453.3    -3103.7      0.3      0.4      0.5 2021  8  5  5 11 35.000  0.00   1
   109733  40.499097 -124.456934    22.482   -19041.6    -5678.3     1054.4      1.4      1.9      2.1 2021 12 18  9  2 20.600  0.00   1
   109734  40.497095 -124.459782    21.328   -19283.2    -5900.6      -99.7      1.8      2.1      2.0 2021 12 21 16 46 40.580  0.00   1
   109741  40.542944 -124.369751    23.730   -11650.3     -809.3     2302.5      0.8      0.5      0.6 2022  8 24 18 28  5.620  0.00   1
   109742  40.635864 -124.042293    19.638    16077.3     9509.1    -1788.9      0.4      0.2      0.3 2021  8 23  5 51 36.160  0.00   1
   109744  40.543229 -123.780900    21.829    38230.7     -777.6      401.9      0.7      1.3      0.5 2021  8 29 12 47 11.520  0.00   1
   109758  40.549312 -124.225260    17.798      589.4     -102.1    -3629.0      0.7      0.5      0.4 2021  9 12 22 48 15.460  0.00   1
   109773  40.510722 -124.413753    19.172   -15381.3    -4387.4    -2255.7      1.3      3.1      4.2 2021 12 23 10 30 50.600  0.00   1
   109775  40.575659 -124.217415    19.620     1253.7     2823.6    -1806.8      1.9      1.2      2.2 2021  9 23 19 33 34.900  0.00   1
   109779  40.526164 -124.347974    18.622    -9806.7    -2672.7    -2805.1      4.5      1.5      3.8 2021  9 30  4 43 34.000  0.00   1
   109788  40.515405 -123.885929    21.928    29339.8    -3867.3      501.0      1.2      1.3      1.4 2021 10  7  4 45 50.940  0.00   1
   109789  40.508012 -123.875570    21.914    30219.2    -4688.3      486.5      0.8      0.9      1.3 2021 10  7  5 44  8.100  0.00   1
   109791  40.509172 -123.876335    21.423    30154.1    -4559.6       -4.0      1.2      1.4      2.2 2021 10  9 15 14 13.920  0.00   1
   109792  40.510893 -123.878141    21.632    30000.7    -4368.4      205.0      0.7      1.4      0.8 2021 10  9 14 51  7.940  0.00   1
   109793  40.515951 -123.881698    21.645    29698.2    -3806.8      217.3      1.4      0.9      1.2 2021 10  9 19 19 22.180  0.00   1
   109794  40.511507 -123.876261    21.502    30159.8    -4300.2       74.6      0.8      0.8      0.9 2021 10 16 14 55 23.500  0.00   1
   109795  40.515792 -123.881429    21.607    29721.0    -3824.4      180.0      0.8      0.6      0.9 2021 11  4 10 59  4.180  0.00   1
   109796  40.515255 -123.879557    21.543    29879.7    -3884.1      115.8      0.8      0.6      0.8 2021 11  7  7 51 35.860  0.00   1
   109801  40.546720 -123.847640    23.695    32576.4     -389.9     2267.6      0.3      0.4      0.2 2022  1 31 19 52 42.840  0.00   1
   109836  40.613826 -124.123942    19.058     9167.2     7061.9    -2368.8      1.5      0.4      0.9 2021 10 22 21  9 45.260  0.00   1
   109837  40.608622 -124.076562    20.780    13179.1     6484.0     -647.0      0.7      0.8      0.9 2021 10 31 13 10  3.600  0.00   1
   109838  40.550382 -123.954264    22.840    23544.0       16.7     1413.0      0.4      0.3      0.3 2021 11  3 19 22 52.340  0.00   1
   109846  40.602645 -124.065780    17.292    14092.6     5820.2    -4135.6      3.7      2.1      3.7 2021 11 25 17 56 31.760  0.00   1
   109849  40.605611 -124.306608    20.792    -6298.6     6149.6     -635.4      0.5      0.3      0.7 2021 11 29  9 17 10.340  0.00   1
   109852  40.523735 -124.432910    19.608   -17002.8    -2942.4    -1819.1      0.4      0.4      0.6 2022  1 18 10 25 37.780  0.00   1
   110087  40.591195 -124.202686    20.611     2500.8     4548.7     -815.8      1.0      0.7      0.7 2021 12 11 10 51 42.420  0.00   1
   110088  40.539563 -124.324023    18.256    -7776.9    -1184.7    -3171.5      1.9      0.5      1.6 2021 12 20 23 40 19.580  0.00   1
   110091  40.539832 -124.323315    18.105    -7716.9    -1154.9    -3321.8      1.2      0.5      0.9 2022  8 22 11 46 57.980  0.00   1
   110092  40.543026 -124.303068    18.414    -6001.6     -800.2    -3013.3      0.7      0.3      0.5 2022  8 22 11 19 44.520  0.00   1
   110093  40.541484 -124.315609    18.290    -7064.0     -971.5    -3137.5      2.1      1.1      2.0 2021 12 20 21 17 43.440  0.00   1
   110095  40.547416 -124.298177    18.773    -5587.1     -312.7    -2654.4      1.2      0.6      1.4 2022  7 14  2 59 53.060  0.00   1
   110120  40.519495 -124.416724    20.791   -15632.0    -3413.2     -636.3      0.6      0.8      1.0 2021 12 20 20 29 25.860  0.00   1
   110127  40.577437 -124.209294    17.324     1941.4     3021.0    -4102.8      1.3      0.3      1.3 2021 12 20 20 15 20.340  0.00   1
   110129  40.516064 -124.446012    17.813   -18113.9    -3794.1    -3614.4      0.7      0.7      1.1 2021 12 20 22 57 59.980  0.00   1
   110153  40.500972 -124.326774    20.376    -8012.2    -5470.0    -1051.5      2.0      2.1      2.5 2021 12 21  3 28 34.100  0.00   1
   110154  40.502372 -124.334049    18.475    -8628.6    -5314.6    -2952.3      0.5      0.6      0.9 2021 12 23  6 55 41.480  0.00   1
   110156  40.510071 -124.317383    19.579    -7216.0    -4459.7    -1848.0      0.9      0.6      1.3 2021 12 23  4 51 44.220  0.00   1
   110160  40.523376 -124.414665    18.270   -15457.1    -2982.2    -3156.9      0.4      0.5      0.9 2021 12 21 19 30 31.800  0.00   1
   110168  40.578735 -124.211849    19.012     1725.0     3165.2    -2415.1      2.6      0.8      2.1 2021 12 21  2 44 44.640  0.00   1
   110181  40.496053 -124.456266    16.901   -18985.5    -6016.3    -4525.9      2.0      2.2      3.7 2021 12 25 16 54 33.700  0.00   1
   110183  40.595736 -124.109188    17.876    10417.7     5053.0    -3551.5      2.1      1.0      1.0 2021 12 26 16  2 15.940  0.00   1
   110184  40.587443 -123.991284    20.789    20402.6     4132.1     -638.3      0.8      0.5      1.1 2021 12 27  8 53  5.400  0.00   1
   110185  40.574890 -123.988631    20.870    20629.2     2738.2     -556.9      0.4      0.4      0.6 2022  5 28  7 57  1.360  0.00   1
   110186  40.575077 -124.206844    18.971     2148.9     2759.0    -2456.2      1.5      0.6      1.2 2021 12 28  6 35 41.580  0.00   1
   110187  40.574906 -124.199943    18.789     2733.4     2740.0    -2638.2      2.2      0.8      1.4 2021 12 31 13 31 14.620  0.00   1
   110188  40.574935 -124.200122    18.800     2718.2     2743.1    -2627.2      2.1      0.7      1.4 2022  1  1 22 14 38.120  0.00   1
   110189  40.574906 -124.199862    18.783     2740.3     2740.0    -2643.9      2.3      0.8      1.4 2022  1  2 11 16 33.460  0.00   1
   110191  40.574719 -124.197965    18.425     2900.9     2719.2    -3002.1      2.5      1.0      2.0 2022  9  1 20 43  2.920  0.00   1
   110199  40.511796 -124.408903    21.724   -14970.2    -4268.1      296.7      2.6      2.8      2.4 2021 12 31 17  2 13.380  0.00   1
   110209  40.596977 -124.100146    24.683    11183.2     5190.8     3256.2      1.1      0.7      1.2 2022  4  2 19 46 56.000  0.00   1
   110211  40.515796 -124.443107    18.107   -17867.8    -3824.0    -3319.8      0.6      0.9      1.0 2022  4  3 10 39 47.080  0.00   1
   110231  40.516357 -124.437752    18.925   -17414.0    -3761.6    -2502.1      0.4      0.5      0.8 2022  5 14 20  9 30.640  0.00   1
   110234  40.534208 -124.243180    20.103     -928.6    -1779.4    -1324.6      0.5      1.0      0.7 2022  5 25  9 25 42.220  0.00   1
   110250  40.520483 -124.407170    21.490   -14822.4    -3303.4       62.3      0.5      0.4      1.1 2022  7  2 10 23 23.100  0.00   1
   110253  40.594987 -124.113525    18.612    10050.5     4969.8    -2814.8      0.4      0.4      0.4 2022  7 20  6 28 50.580  0.00   1
   110254  40.595264 -124.113306    18.417    10069.1     5000.6    -3009.9      0.6      0.4      0.4 2022  8  9  7 59 33.060  0.00   1
   110255  40.598291 -124.116919    17.633     9762.9     5336.7    -3793.8      0.6      0.7      0.9 2022  8  9  8  9 40.340  0.00   1
   110266  40.537878 -124.331942    18.610    -8447.8    -1371.8    -2817.0      0.6      0.5      1.1 2022  8 30  6 25 35.480  0.00   1
   110273  40.650049 -124.013810    19.819    18486.5    11084.2    -1608.4      1.0      0.7      1.1 2022 10 28 12 43 42.000  0.00   1
   110274  40.518990 -124.437118    19.332   -17359.9    -3469.3    -2095.1      0.4      0.5      1.1 2022 10 29 20 38 50.780  0.00   1
   110275  40.515967 -124.435352    20.119   -17210.7    -3805.0    -1307.8      0.6      0.4      0.7 2022 10 30  3 34  2.660  0.00   1
   110276  40.518591 -124.437728    19.473   -17411.7    -3513.5    -1954.0      0.6      0.5      0.6 2022 11 12 10 31 42.840  0.00   1
   110279  40.517094 -124.434172    19.514   -17110.5    -3679.8    -1913.5      0.9      1.0      1.4 2022 11  2 16 39 30.260  0.00   1
   110282  40.525313 -124.415706    19.695   -15545.1    -2767.1    -1732.2      0.7      0.6      1.2 2022 11 15 17 48 18.560  0.00   1
   110296  40.581995 -123.985400    20.585    20901.7     3527.1     -842.6      0.5      0.2      0.4 2022 12 22  3  8  5.860  0.87   1
   110298  40.535087 -124.273315    11.683    -3481.5    -1681.8    -9744.1      0.5      0.3      0.4 2023  1 17 13 54 45.520  1.24   1
   110302  40.566825 -124.129736    21.941     8679.6     1842.6      513.8      0.5      0.5      0.6 2022 12 24  0 35 18.890  0.89   1
   110303  40.487834 -124.498641    24.561   -22577.6    -6929.0     3133.8      0.7      0.7      1.3 2022 12 20 12 25 25.380  2.43   1
   110305  40.435099 -124.602035    23.373   -31351.8   -12784.9     1945.6      0.2      0.3      0.4 2023  4  2 11 44 21.610  2.51   1
   110307  40.528837 -124.416520    23.077   -15613.7    -2375.8     1650.1      0.3      0.4      0.5 2023  3  9  9 11 18.070  1.00   1
   110308  40.577393 -123.877311    22.385    30056.2     3016.1      957.7      0.5      0.5      0.5 2022 12 21 19 21 21.160  1.21   1
   110311  40.539685 -124.494629    23.965   -22229.1    -1171.2     2538.2      0.6      0.5      0.6 2023  2  6  9 53 42.140  2.82   1
   110326  40.577405 -124.244084    20.046    -1004.8     3017.4    -1381.3      1.6      0.8      2.2 2023  4 26 22 23  7.880  0.79   1
   110327  40.620959 -123.948885    21.467    23987.0     7854.0       39.7      0.3      0.3      0.5 2022 12 21  8 59 40.650  1.14   1
   110330  40.585478 -123.915967    25.765    26781.0     3913.9     4338.1      0.6      0.3      0.5 2023  5 27  2 45 49.750  0.87   1
   110334  40.620410 -124.313761    20.658    -6903.5     7793.0     -768.8      0.6      0.5      1.1 2023  2 22  6 20 25.080  1.45   1
   110341  40.562573 -124.132275    22.477     8464.9     1370.4     1049.7      0.5      0.2      0.3 2023  1  5 14 47  6.170  2.14   1
   110346  40.538607 -123.891740    23.099    28842.6    -1290.9     1672.0      1.0      0.7      0.5 2023  5 28  1 45 53.620  1.36   1
   110354  40.509839 -124.421712    24.226   -16055.8    -4485.5     2799.1      0.6      0.7      1.5 2023  4 14  1 57  6.610  1.17   1
   110355  40.518465 -124.492212    15.834   -22027.8    -3527.6    -5592.8      0.2      0.3      0.7 2023  2 16 22 15  2.800  1.44   1
   110365  40.528072 -124.233936    17.746     -145.5    -2460.7    -3681.0      0.7      0.4      0.6 2022 12 20 12 37 22.690  1.44   1
   110367  40.551510 -123.974495    21.367    21830.1      141.9      -59.9      0.5      0.5      0.3 2022 12 25  1 20 33.690  1.82   1
   110368  40.607609 -123.979354    21.993    21409.7     6371.5      565.3      0.8      0.4      0.7 2023  2 14  3 52  7.700  1.37   1
   110370  40.692513 -123.892310    21.980    28761.5    15799.7      552.5      1.1      0.9      0.7 2022 12 21  4 44 13.820  1.30   1
   110374  40.752498 -123.868538    20.835    30759.1    22460.8     -592.2      0.5      0.3      0.6 2022 12 22  4 46 28.990  1.00   1
   110378  40.590918 -124.049308    22.249    15488.7     4518.0      822.0      0.7      0.5      0.8 2022 12 21 18 52 28.640  1.06   1
   110379  40.518856 -124.422331    18.093   -16107.1    -3484.2    -3333.9      0.8      0.7      1.5 2022 12 22  9 21 28.530  1.40   1
   110382  40.542932 -124.064152    19.385    14236.8     -810.6    -2042.3      0.4      0.4      0.3 2022 12 26  5 31 21.180  1.08   1
   110385  40.593437 -124.085938    19.242    12386.7     4797.7    -2185.4      0.5      0.3      0.3 2022 12 23  0 19 22.520  0.90   1
   110387  40.533679 -124.382910    25.064   -12765.8    -1838.1     3637.1      0.8      0.6      1.1 2023  1 28 23 56 58.200  3.85   1
   110388  40.508630 -124.447998    15.001   -18283.1    -4619.7    -6426.1      0.4      0.5      1.0 2022 12 31 10 20 40.360  1.04   1
   110390  40.640161 -123.988542    25.963    20626.8     9986.2     4536.0      0.8      0.4      0.5 2023  1 17  5 14  2.510  1.84   1
   110391  40.589429 -124.195866    22.099     3078.3     4352.6      671.4      1.0      0.4      0.6 2022 12 23  0 35 44.600  1.56   1
   110392  40.516561 -124.419694    18.813   -15884.0    -3739.0    -2614.1      2.3      1.2      3.8 2023  1  1 12 19 44.130  1.25   1
   110395  40.555123 -124.216178    16.846     1358.6      543.1    -4580.9      0.3      0.3      0.6 2022 12 20 23 19 53.720  1.40   1
   110396  40.537919 -124.262500    18.153    -2565.2    -1367.3    -3274.1      0.9      1.0      1.0 2022 12 24 20  6  9.180  0.83   1
   110399  40.529598 -124.409009    17.914   -14977.2    -2291.3    -3513.0      1.3      0.9      1.2 2022 12 20 10 44 46.730  2.70   1
   110400  40.563839 -124.048324    23.472    15575.2     1511.0     2044.6      1.5      1.2      2.0 2022 12 25  4 33 20.570  0.83   1
   110404  40.561251 -124.016805    21.902    18245.0     1223.6      474.8      0.7      0.5      0.7 2022 12 27  0 23 33.800  1.12   1
   110406  40.593018 -124.107414    19.669    10568.2     4751.1    -1757.8      0.5      0.5      0.5 2023  1 11  3 23 18.830  1.45   1
   110408  40.610453 -123.847624    27.547    32562.4     6687.3     6119.7      0.4      0.4      0.5 2023  2 12 20 12 15.900  2.47   1
   110409  40.514111 -124.419751    20.797   -15889.1    -4011.0     -630.0      1.8      2.2      3.4 2022 12 21 22  8 58.660  1.39   1
   110412  40.573759 -124.074487    19.669    13358.2     2612.6    -1758.3      0.6      0.3      0.4 2022 12 26  7 30 25.960  0.98   1
   110417  40.551371 -123.976131    21.443    21691.6      126.5       15.3      0.4      0.4      0.4 2022 12 24 12 43  0.520  1.06   1
   110422  40.621395 -124.304207    19.948    -6094.6     7902.3    -1478.7      0.7      0.4      0.8 2022 12 29 13 40 18.010  1.27   1
   110423  40.504712 -124.335474    18.679    -8749.1    -5054.8    -2748.1      0.6      0.6      0.6 2023  2 17 12 38 36.270  0.88   1
   110429  40.593123 -124.013314    22.430    18536.3     4762.9     1003.0      0.5      0.3      0.6 2022 12 22  9 28 37.970  0.68   1
   110431  40.600924 -124.107520    23.079    10558.6     5629.1     1652.0      0.8      0.4      0.5 2022 12 21 17 59 17.620  1.95   1
   110432  40.496493 -124.458276    26.444   -19155.8    -5967.5     5017.0      0.7      0.4      0.6 2022 12 22  1 13 30.130  2.71   1
   110434  40.511971 -124.464233    19.081   -19658.3    -4248.7    -2346.7      1.0      0.8      1.4 2022 12 21 18 26 29.520  1.33   1
   110435  40.534424 -124.381152    24.863   -12616.9    -1755.4     3436.2      0.5      0.6      1.2 2023  1 28 20  7 39.900  1.24   1
   110436  40.475952 -124.534082    23.713   -25583.3    -8248.4     2285.9      0.4      0.5      0.4 2023  2 18  0 47 37.880  1.15   1
   110439  40.473116 -124.429980    19.763   -16760.9    -8563.4    -1664.2      0.5      0.5      0.7 2023  1 27 16 28 41.960  1.01   1
   110442  40.572611 -123.950472    21.584    23861.2     2485.1      156.5      0.5      0.5      0.4 2022 12 20 18 48 54.600  0.91   1
   110443  40.579041 -124.184489    18.989     4042.0     3199.1    -2438.0      1.5      0.8      1.5 2022 12 21 21 55 10.140  0.79   1
   110444  40.503601 -124.504842    27.365   -23100.4    -5178.1     5937.6      0.3      0.3      0.4 2022 12 23 21 41 55.000  1.21   1
   110445  40.524959 -124.389290    23.503   -13307.2    -2806.4     2076.1      0.8      0.9      1.1 2022 12 21  8  6 55.910  1.80   1
   110447  40.563554 -124.016561    22.726    18265.4     1479.3     1298.9      0.4      0.3      0.3 2022 12 24 19 37 36.120  1.39   1
   110448  40.596545 -124.126432    21.883     8957.5     5142.9      455.4      1.1      0.6      1.1 2023  1 31 13 12 49.420  1.12   1
   110452  40.545068 -124.194279    27.705     3213.8     -573.4     6278.1      0.6      0.5      0.8 2022 12 20 23 25 36.340  1.09   1
   110453  40.507890 -124.472420    17.788   -20352.6    -4701.9    -3639.0      0.9      1.0      1.3 2022 12 21 12  8  6.020  1.11   1
   110454  40.465474 -123.818302    23.089    35082.6    -9411.9     1661.9      0.4      0.8      0.5 2022 12 21 13 41 59.550  0.69   1
   110455  40.529936 -124.421484    16.701   -16034.1    -2253.8    -4726.4      0.9      1.1      2.1 2022 12 23 13  9 40.300  0.89   1
   110458  40.621464 -124.310156    20.154    -6598.2     7910.0    -1273.7      0.2      0.4      0.4 2023  2 14  6 32 28.460  1.23   1
   110462  40.585107 -124.438631    23.746   -17479.6     3872.8     2319.2      0.4      0.4      0.6 2023  4 22 17 56 13.080  1.37   1
   110464  40.588257 -124.427279    23.256   -16517.8     4222.5     1828.3      0.3      0.3      0.5 2023  2 13 21 32 14.280  2.09   1
   110466  40.532027 -124.391724    15.518   -13512.6    -2021.6    -5909.4      0.4      0.3      0.7 2022 12 22  0 27 26.630  0.83   1
   110467  40.528825 -124.425220    26.662   -16350.7    -2377.2     5234.8      0.6      0.7      0.8 2022 12 22  3 58 10.660  0.90   1
   110468  40.529000 -123.976172    20.419    21691.7    -2357.7    -1008.3      0.2      0.2      0.2 2022 12 24  1 17 32.850  0.88   1
   110470  40.538139 -124.356600    16.335   -10536.6    -1342.9    -5091.8      1.1      0.9      1.8 2023  3 29  5  5 59.480  1.47   1
   110474  40.472314 -124.447803    21.231   -18271.5    -8652.4     -196.3      0.6      0.5      0.8 2022 12 20 12 14 11.380  2.27   1
   110475  40.582800 -124.352352    28.059   -10173.4     3616.6     6632.2      0.4      0.3      0.6 2022 12 21 15  8 37.620  1.85   1
   110476  40.536890 -124.407015    28.307   -14807.5    -1481.6     6879.8      0.3      0.3      0.5 2022 12 20 13 24 12.330  1.51   1
   110477  40.611873 -123.938184    21.838    24894.7     6845.0      411.0      0.5      0.5      0.8 2023  1  3  7 18 42.400  0.99   1
   110479  40.536475 -124.359277    16.719   -10763.6    -1527.7    -4708.6      1.2      1.1      1.9 2022 12 26  2  4 21.800  1.88   1
   110480  40.557471 -124.251774    23.197    -1656.4      803.8     1769.7      0.2      0.2      0.3 2022 12 21  2 56 11.820  1.60   1
   110481  40.490324 -124.465234    18.404   -19746.3    -6652.5    -3023.3      1.0      0.6      1.1 2023  4  5 14 51 18.340  1.34   1
   110482  40.582060 -123.923494    21.523    26144.2     3534.3       96.1      1.1      2.1      1.4 2022 12 21 19 52  6.360  0.64   1
   110484  40.525667 -124.419914    19.497   -15901.5    -2727.8    -1929.9      1.2      0.9      1.8 2022 12 25  4  3 37.800  0.93   1
   110487  40.752218 -123.851034    20.585    32239.7    22429.6     -842.1      0.8      0.6      0.8 2022 12 20 14 11  0.150  2.57   1
   110488  40.478385 -124.457202    19.424   -19067.3    -7978.2    -2003.2      0.4      0.5      0.5 2023  2 18  9 18 28.190  1.40   1
   110489  40.519279 -124.426147    19.128   -16430.4    -3437.2    -2299.4      0.8      0.9      1.5 2022 12 29  9 57 25.630  1.27   1
   110494  40.522644 -124.413664    17.845   -15372.4    -3063.5    -3582.3      0.4      0.7      1.2 2023  3  5 20 14 19.720  1.28   1
   110496  40.503817 -124.446875    17.962   -18188.6    -5154.2    -3465.4      0.6      0.8      1.1 2022 12 30 12 51 54.870  1.14   1
   110497  40.574052 -124.098918    22.670    11289.2     2645.1     1242.5      0.4      0.4      0.6 2022 12 31 14 27 57.700  1.02   1
   110501  40.467521 -124.508097    23.710   -23382.5    -9184.6     2282.4      0.3      0.4      0.9 2022 12 30 21 43 18.320  2.12   1
   110506  40.606421 -124.069336    20.236    13791.1     6239.5    -1191.6      1.7      1.0      2.2 2022 12 20 21 47 48.880  1.10   1
   110507  40.528613 -124.397827    17.783   -14030.1    -2400.7    -3644.5      1.3      1.1      1.8 2022 12 21 10 16 11.430  0.70   1
   110508  40.613538 -124.094393    17.998    11669.0     7029.8    -3428.1      1.1      0.8      1.0 2022 12 30  9  0 39.550  1.14   1
   110510  40.497603 -124.431803    24.704   -16912.3    -5844.2     3276.6      0.4      0.4      1.4 2023  1  2  8 25 11.060  1.28   1
   110511  40.631392 -124.022778    23.386    17729.9     9012.5     1959.2      0.9      0.6      0.7 2022 12 21  4 15 19.850  2.45   1
   110512  40.509383 -124.336312    19.104    -8819.9    -4536.1    -2323.1      0.4      0.5      0.5 2022 12 21 17 35 50.480  1.40   1
   110513  40.524040 -124.415072    18.679   -15491.5    -2908.5    -2748.0      1.2      1.0      1.6 2022 12 20 15  4 50.680  1.42   1
   110515  40.539596 -124.231543    21.504       57.2    -1181.1       76.3      0.4      0.5      1.2 2023  1 11 13 29 12.060  1.57   1
   110517  40.596517 -124.085872    23.475    12391.9     5139.7     2047.5      0.6      0.5      0.5 2023  3 12  6 43 46.740  0.89   1
   110518  40.522469 -124.431852    18.356   -16913.4    -3082.9    -3071.1      1.0      0.9      1.4 2022 12 20 10 43 39.300  2.63   1
   110519  40.576095 -124.141911    22.605     7648.0     2871.9     1177.7      1.2      0.5      0.8 2022 12 20 23 22 14.760  1.65   1
   110521  40.569845 -124.160750    22.805     6052.8     2177.9     1377.7      1.2      0.7      1.7 2022 12 23  1 11 44.550  1.32   1
   110522  40.643717 -124.083561    23.271    12583.2    10381.1     1843.4      0.8      0.4      0.1 2022 12 20 18 48 15.520  0.97   1
   110523  40.511849 -124.490177    23.642   -21856.5    -4262.3     2214.5      0.4      0.5      0.8 2022 12 21  1  7 33.310  3.25   1
   110524  40.607133 -124.081453    17.595    12765.1     6318.6    -3832.2      1.0      0.3      0.5 2022 12 21  9 31  7.840  1.25   1
   110525  40.619531 -124.081730    17.980    12740.5     7695.4    -3447.7      1.1      0.9      1.0 2022 12 26  7 21 10.390  0.93   1
   110526  40.489937 -124.509619    15.447   -23507.6    -6695.4    -5980.3      0.7      1.0      1.3 2023  2 18 20 58 10.920  1.67   1
   110527  40.521663 -124.440487    19.448   -17645.0    -3172.4    -1979.3      0.6      0.7      1.5 2022 12 22  3 55 53.820  1.44   1
   110529  40.553206 -124.256730    24.374    -2076.2      330.3     2946.9      0.4      0.2      1.3 2023  5 18 13 21 36.440  0.56   1
   110530  40.620524 -124.070101    15.931    13724.9     7805.6    -5495.8      1.1      0.8      0.9 2022 12 22  4 49 54.170  0.84   1
   110531  40.534041 -124.349105    18.694    -9902.0    -1797.9    -2732.9      0.3      0.2      0.7 2022 12 20 19 16  2.640  1.29   1
   110532  40.545577 -124.340291    16.330    -9154.6     -516.9    -5097.6      0.4      0.4      0.4 2022 12 23  4  9 55.040  1.00   1
   110534  40.528601 -124.408415    19.249   -14927.0    -2402.0    -2178.0      2.4      1.3      3.4 2023  1  4 16 29 55.050  1.61   1
   110535  40.523775 -124.412809    18.289   -15299.9    -2937.9    -3138.2      1.0      1.4      1.7 2022 12 22 10 55 51.720  0.98   1
   110537  40.609806 -124.079688    23.375    12914.4     6615.5     1948.1      0.7      0.5      0.5 2022 12 21 16 28 15.660  3.99   1
   110539  40.525720 -124.344832    18.581    -9540.6    -2721.9    -2846.5      0.7      0.8      1.1 2022 12 25  8 22 48.250  0.72   1
   110541  40.581181 -124.196834    18.796     2996.5     3436.7    -2631.5      1.3      0.3      1.5 2023  2 18  6 52 19.650  1.07   1
   110542  40.578589 -124.191870    18.335     3417.0     3148.9    -3092.3      2.4      0.8      1.8 2022 12 20 17 56  5.920  1.14   1
   110544  40.597396 -124.188013    20.448     3743.1     5237.3     -979.5      1.9      0.6      1.1 2023  3 21 22 51 34.760  0.98   1
   110546  40.504765 -124.449219    18.874   -18387.1    -5048.9    -2553.2      1.0      0.9      1.5 2022 12 27  1 23 41.520  0.94   1
   110547  40.615466 -123.926318    21.477    25898.6     7244.0       49.7      0.7      0.6      1.0 2022 12 20 23 36 50.880  1.00   1
   110549  40.543091 -124.055713    19.763    14951.6     -793.0    -1664.3      0.9      0.6      0.7 2022 12 21  4 18 46.220  2.04   1
   110551  40.614360 -124.091536    17.969    11910.7     7121.1    -3458.4      1.5      0.6      1.3 2023  2 17 11 16 14.330  1.12   1
   110553  40.524776 -123.915120    20.698    26864.7    -2826.7     -729.1      0.6      0.6      0.5 2022 12 25  0 34  1.910  0.77   1
   110554  40.549707 -124.243669    18.233     -969.9      -58.3    -3194.1      0.7      0.5      0.6 2022 12 21  0  5 31.440  1.34   1
   110556  40.499341 -124.433366    23.588   -17044.5    -5651.2     2161.1      0.2      0.3      0.3 2023  2 25 14 23 27.120  1.53   1
   110559  40.613391 -124.135710    20.134     8170.9     7013.5    -1293.2      2.5      1.1      2.5 2023  3 13  0 48 17.330  0.83   1
   110560  40.627702 -123.927734    21.653    25776.4     8602.7      225.8      0.6      0.2      0.6 2023  2  2  2 38 55.900  1.60   1
   110561  40.618014 -123.885986    22.904    29312.7     7526.8     1477.1      0.6      0.5      1.0 2022 12 20 17 35 32.520  1.17   1
   110564  40.597335 -124.114355    15.132     9980.0     5230.6    -6294.9      0.9      0.4      0.5 2022 12 24  4 18 59.420  0.99   1
   110566  40.610563 -124.108146    18.015    10504.8     6699.5    -3411.9      1.1      0.3      0.6 2022 12 22  5 24 44.100  2.65   1
   110568  40.499552 -124.470736    15.815   -20211.1    -5627.7    -5612.7      1.1      1.5      2.4 2023  3 22 19 35 25.080  1.32   1
   110569  40.647522 -124.022046    18.348    17789.7    10803.6    -3079.3      0.6      0.3      0.7 2023  1  2  9 44 23.910  0.93   1
   110570  40.601575 -124.124805    20.517     9095.0     5701.4     -909.8      0.4      0.3      0.4 2022 12 22  6 14 22.080  1.10   1
   110572  40.531885 -124.245101    18.917    -1091.4    -2037.4    -2510.7      0.5      0.7      0.6 2023  1  1 22 18 52.920  1.17   1
   110574  40.629549 -124.096973    19.850    11449.2     8807.8    -1577.3      1.2      1.4      1.1 2022 12 21 22 33 49.080  1.00   1
   110577  40.615454 -124.229671    23.977      215.7     7242.6     2549.5      0.9      0.6      1.1 2022 12 25 19 13 28.400  0.95   1
   110578  40.568136 -124.143555    21.796     7509.2     1988.1      369.0      1.1      0.5      0.8 2022 12 20 20 26 41.720  2.13   1
   110579  40.520341 -124.351668    21.870   -10120.2    -3319.3      442.5      0.9      0.8      1.2 2022 12 21  8 58 34.030  0.97   1
   110580  40.613041 -124.044401    23.543    15901.6     6974.7     2115.3      0.3      0.4      0.5 2023  1  3  4 53 49.540  1.15   1
   110581  40.568132 -124.236589    20.381     -370.1     1987.7    -1046.3      1.3      0.6      1.2 2023  5 28 11 38 43.770  1.07   1
   110582  40.563615 -123.935750    22.086    25109.7     1486.1      658.8      0.4      0.3      0.7 2022 12 21 23 36 17.240  1.23   1
   110586  40.524634 -123.900334    20.110    28117.5    -2842.6    -1317.1      0.6      0.6      0.5 2022 12 22  5 36 49.910  0.70   1
   110587  40.606771 -123.915104    25.130    26849.8     6278.4     3703.2      0.5      0.4      0.8 2022 12 20 10 48 38.300  2.65   1
   110588  40.597445 -124.116805    18.260     9772.6     5242.8    -3166.8      0.4      0.4      0.5 2022 12 22  7 50 48.720  1.53   1
   110589  40.533073 -124.050334    19.500    15408.4    -1905.4    -1927.3      0.3      0.2      0.2 2022 12 21  0 13 29.150  1.50   1
   110590  40.650777 -123.880396    26.402    29778.8    11165.1     4975.2      1.1      0.9      1.3 2022 12 23 19 10 35.240  1.06   1
   110591  40.585791 -124.060490    20.989    14542.4     3948.7     -438.7      0.4      0.4      0.4 2022 12 25 22 34 55.360  0.82   1
   110592  40.618412 -124.077783    17.655    13074.8     7571.1    -3772.0      1.0      0.5      0.8 2023  1 18  8 28 49.360  0.92   1
   110594  40.557902 -123.936613    21.166    25037.7      851.7     -261.2      1.6      1.3      1.6 2022 12 21  0 45 40.230  1.26   1
   110595  40.591720 -124.326750    21.388    -8004.8     4607.0      -39.2      0.6      0.4      0.6 2022 12 20 10 52 39.340  3.28   1
   110596  40.542285 -124.338997    17.448    -9045.2     -882.5    -3979.4      0.8      0.9      1.3 2022 12 29  7 31 23.150  0.85   1
   110597  40.623942 -124.083366    19.891    12601.6     8185.2    -1535.4      0.3      0.5      0.5 2022 12 20 21 24 28.880  0.90   1
   110598  40.598108 -124.101750    23.055    11047.4     5316.4     1628.1      0.5      0.3      0.6 2022 12 26  1 46  3.150  1.45   1
   110600  40.524731 -124.383236    17.044   -12794.3    -2831.7    -4383.2      1.7      1.5      2.3 2022 12 20 19 51  5.480  1.33   1
   110604  40.576904 -123.948674    20.141    24012.8     2961.8    -1286.6      0.5      0.4      0.2 2022 12 21 17  1 49.600  1.16   1
   110605  40.520821 -124.430436    19.201   -16793.6    -3265.9    -2226.6      2.2      1.1      3.1 2022 12 22  7 33 35.520  1.14   1
   110607  40.657894 -124.014250    19.179    18448.2    11955.4    -2248.3      1.1      1.2      1.5 2022 12 21 14 33 24.290  1.52   1
   110608  40.643876 -124.026676    18.571    17398.3    10398.8    -2856.2      0.3      0.4      0.7 2022 12 25 12 29 55.020  1.64   1
   110609  40.575444 -124.153133    23.386     6697.6     2799.6     1958.5      1.3      0.6      1.0 2022 12 20 19 19  0.120  1.41   1
   110611  40.547453 -124.238241    18.607     -510.1     -308.6    -2820.0      1.3      1.8      1.4 2022 12 21 12 21 21.680  0.97   1
   110613  40.665328 -123.886955    22.795    29220.4    12780.9     1367.5      0.6      0.5      0.4 2022 12 27 17 40  9.980  1.83   1
   110614  40.551221 -124.314144    20.594    -6939.4      109.8     -832.9      1.3      1.0      2.1 2023  2 15 14 26 55.060  2.21   1
   110615  40.580522 -124.132349    22.576     8457.5     3363.5     1149.1      1.1      0.9      1.6 2022 12 21  9 48 30.660  1.09   1
   110618  40.602315 -123.978459    22.563    21486.3     5783.6     1135.8      0.9      0.8      0.5 2022 12 20 23 30 29.600  1.04   1
   110619  40.598132 -123.917269    21.676    26668.2     5319.1      248.7      0.5      0.4      0.5 2022 12 22  4 23  9.220  0.67   1
   110620  40.602079 -123.891561    24.934    28844.2     5757.4     3506.3      0.3      0.4      0.8 2022 12 25 16 15  8.400  1.07   1
   110622  40.603638 -124.102816    15.625    10956.7     5930.5    -5801.9      0.3      0.2      0.2 2022 12 28  9 46 28.530  1.31   1
   110623  40.595679 -124.155005    23.026     6538.1     5046.7     1598.4      1.7      1.1      1.2 2022 12 30  9 23 12.150  1.07   1
   110624  40.609692 -124.110490    18.236    10306.4     6602.8    -3191.3      1.1      0.8      1.1 2023  4  2 23  2 20.160  1.02   1
   110625  40.551013 -124.072306    18.984    13545.2       86.8    -2443.6      0.7      0.5      0.6 2022 12 20 21 22 52.960  1.20   1
   110626  40.557914 -124.021387    21.710    17857.4      853.1      282.7      0.5      0.4      0.4 2022 12 24 20 57 12.400  1.30   1
   110627  40.589941 -124.192497    22.457     3363.6     4409.6     1029.3      0.7      0.7      1.3 2022 12 20 16 59 23.800  1.39   1
   110628  40.551184 -123.885376    22.192    29378.9      105.7      764.4      0.5      0.4      0.3 2022 12 25  6 37 31.440  1.50   1
   110629  40.582463 -124.240975    23.706     -741.5     3579.1     2278.6      2.4      1.4      2.4 2023  2  2  2 53 51.230  0.90   1
   110630  40.601188 -124.111068    15.162    10258.1     5658.5    -6265.7      1.0      0.7      0.7 2022 12 22  6 38 46.920  0.92   1
   110631  40.600704 -123.999951    19.874    19666.7     5604.7    -1553.0      0.6      0.6      0.5 2022 12 22  6 27  3.370  1.14   1
   110633  40.512716 -124.451652    24.526   -18592.2    -4166.0     3099.0      0.3      0.4      1.6 2022 12 20 11 23 42.960  2.53   1
   110634  40.613224 -124.081226    15.733    12783.8     6995.0    -5694.1      1.1      0.8      0.9 2023  1  3  7 23 30.820  1.13   1
   110635  40.547534 -124.046191    22.860    15757.6     -299.6     1433.2      0.7      0.6      0.7 2022 12 24  7 16 44.450  1.51   1
   110636  40.580452 -124.215991    19.242     1374.2     3355.9    -2185.6      0.8      0.2      1.0 2023  5  5 10 50 40.220  0.86   1
   110637  40.545479 -124.336816    16.846    -8860.2     -527.8    -4580.8      1.1      0.7      1.5 2022 12 25 12 21 40.770  1.90   1
   110638  40.587288 -124.149715    23.713     6986.5     4115.0     2285.4      1.1      1.3      1.2 2022 12 21 19 17 30.720  1.31   1
   110641  40.644189 -123.998983    18.648    19742.4    10433.5    -2779.2      1.1      0.3      0.9 2022 12 25  9 11 59.060  0.70   1
   110643  40.539815 -123.911523    22.786    27166.4    -1156.7     1358.8      0.4      0.5      0.5 2023  2 16 18  3 27.440  1.53   1
   110644  40.562956 -123.979801    23.689    21378.9     1412.9     2261.5      0.4      0.3      0.2 2023  2 13  5 45 35.220  1.23   1
   110646  40.575338 -124.424284    23.275   -16265.8     2787.9     1847.7      0.5      0.5      0.8 2023  2  6 20 12  2.580  1.35   1
   110647  40.565312 -124.143774    22.190     7490.8     1674.5      763.1      1.5      0.7      0.9 2022 12 20 19  6 23.200  1.47   1
   110649  40.519763 -124.355973    22.440   -10485.0    -3383.4     1012.4      0.9      0.9      1.2 2022 12 25 23 13 35.000  1.83   1
   110650  40.701949 -123.952873    22.178    23635.2    16847.5      750.5      0.4      0.3      0.3 2022 12 26  9 16 16.030  1.67   1
   110651  40.612207 -123.825488    26.672    34436.1     6882.0     5244.7      1.0      0.8      0.3 2023  4  8  3  4 20.710  1.95   1
   110652  40.515881 -124.439575    17.407   -17568.5    -3814.5    -4020.6      2.5      3.0      5.7 2023  2  8 14 16 55.210  1.31   1
   110653  40.532198 -124.405298    18.227   -14662.6    -2002.6    -3200.6      2.1      2.2      3.9 2022 12 26  8 29 16.340  0.84   1
   110654  40.591044 -124.008895    23.216    18910.8     4532.0     1788.4      0.7      0.5      0.3 2022 12 24 22 12 36.600  2.10   1
   110655  40.566256 -124.022819    22.605    17735.0     1779.4     1177.7      0.7      0.6      0.7 2023  4 30 12 38 22.840  0.62   1
   110656  40.583496 -124.199854    25.185     2740.8     3693.8     3757.6      0.3      0.3      0.5 2023  1 20 22  9 26.880  0.94   1
   110660  40.540141 -124.340535    16.159    -9175.6    -1120.6    -5268.0      0.9      0.9      1.8 2022 12 31 15  5 32.620  1.28   1
   110663  40.580322 -123.955615    24.384    23424.3     3341.4     2956.6      1.1      0.9      1.2 2022 12 21 22 26 11.040  1.39   1
   110664  40.553780 -123.976994    20.835    21618.1      394.0     -592.1      0.9      0.8      1.0 2022 12 20 16  1 13.350  1.61   1
   110665  40.485531 -124.515299    17.164   -23989.7    -7184.8    -4263.4      0.5      0.7      1.3 2023  4  6  4 40 19.060  0.75   1
   110666  40.498291 -124.469157    18.065   -20077.5    -5767.8    -3362.3      0.8      0.7      1.4 2022 12 29  8 32 33.620  1.49   1
   110667  40.598499 -124.327547    20.876    -8071.9     5359.8     -550.8      0.4      0.3      1.0 2022 12 25  7 56 23.340  0.72   1
   110671  40.586938 -124.096590    23.289    11485.2     4076.1     1862.1      0.6      1.0      0.6 2022 12 20 23  1 57.840  1.31   1
   110672  40.539872 -124.349308    18.400    -9918.8    -1150.4    -3027.6      0.4      0.3      0.5 2023  4 15  0  7  1.200  0.77   1
   110673  40.589181 -124.235474    20.771     -275.7     4325.1     -656.3      3.8      2.1      4.3 2022 12 21 16 59 16.830  0.92   1
   110674  40.552405 -124.224870    17.742      622.5      241.3    -3684.9      1.5      0.7      0.7 2022 12 23  5  1 13.690  1.08   1
   110675  40.703418 -123.931657    22.515    25430.0    17010.6     1088.1      0.5      0.3      0.2 2022 12 22 16 21 35.960  1.66   1
   110676  40.481051 -124.407829    19.917   -14882.6    -7682.3    -1510.0      0.7      0.6      0.9 2023  1 30 10 56 56.600  0.99   1
   110677  40.512358 -124.440560    17.172   -17652.4    -4205.8    -4255.0      1.6      1.4      2.6 2022 12 23  0 10 35.700  1.04   1
   110678  40.517033 -124.427035    17.159   -16505.9    -3686.6    -4267.8      0.3      0.3      0.5 2023  1  8  2 15 56.440  1.14   1
   110679  40.509094 -124.440340    17.736   -17634.2    -4568.2    -3691.3      0.8      0.7      1.1 2023  4 20 15 36 20.100  0.92   1
   110681  40.638501 -123.913110    21.296    27012.2     9801.9     -131.5      0.5      0.3      0.4 2022 12 21  2 53 42.600  1.60   1
   110683  40.504867 -124.452873    18.796   -18696.7    -5037.6    -2631.4      0.3      0.4      0.6 2022 12 21  8 21  0.830  1.29   1
   110685  40.526644 -124.378451    23.817   -12388.7    -2619.3     2390.1      0.6      0.8      0.6 2023  1 29  2 21 34.040  0.86   1
   110686  40.551237 -124.311410    17.776    -6707.8      111.6    -3650.9      1.5      1.3      1.2 2022 12 20 19 42 50.340  1.43   1
   110687  40.644796 -124.052677    19.612    15197.3    10500.9    -1815.1      0.4      0.2      0.4 2022 12 26  1 31 33.690  1.21   1
   110688  40.682910 -123.881486    22.326    29679.4    14733.3      898.5      0.8      0.8      0.8 2022 12 20 16  7 38.970  2.01   1
   110689  40.541903 -123.754801    21.793    40441.9     -924.9      365.5      0.7      1.3      0.4 2022 12 22  0 56 27.730  0.68   1
   110692  40.511243 -124.472477    21.420   -20356.9    -4329.6       -7.0      1.4      1.1      1.4 2022 12 29 10 57 23.460  1.08   1
   110694  40.513993 -124.441268    19.532   -17712.2    -4024.1    -1895.2      1.0      0.9      1.2 2022 12 29  5 31  8.470  1.04   1
   110695  40.550395 -124.224479    17.726      655.5       18.1    -3701.2      0.7      0.5      0.4 2022 12 24  5  9  2.290  1.55   1
   110697  40.572754 -124.223706    17.443      720.9     2501.0    -3984.5      3.1      1.4      1.3 2022 12 23 20 30 28.480  1.23   1
   110698  40.541650 -124.238102    18.230     -498.4     -952.9    -3197.7      0.7      0.5      0.8 2023  1 26  5 47 35.730  1.04   1
   110699  40.514315 -124.415015    17.746   -15487.8    -3988.4    -3681.1      1.4      2.1      3.5 2022 12 22  9  7 10.520  0.52   1
   110700  40.575000 -124.215031    18.007     1455.6     2750.4    -3420.8      5.8      1.9      3.6 2022 12 25  3 58 23.130  0.90   1
   110702  40.629492 -123.959513    22.201    23085.8     8801.5      773.4      0.7      0.5      0.6 2022 12 20 23 26 24.700  1.53   1
   110703  40.530359 -124.348397    17.400    -9842.3    -2206.8    -4027.5      3.7      1.0      3.5 2022 12 22 14 28 55.050  1.12   1
   110705  40.513517 -123.875594    21.622    30215.9    -4077.0      195.2      0.6      0.5      0.7 2023  3  1  0 37 17.190  1.45   1
   110706  40.559619 -123.992529    23.937    20301.3     1042.4     2510.1      0.5      0.4      0.3 2022 12 20 23 41  1.760  1.68   1
   110707  40.546798 -123.845898    22.320    32723.9     -381.4      893.1      0.3      0.4      0.1 2022 12 21 22 14 18.520  1.56   1
   110708  40.578882 -124.213322    18.229     1600.3     3181.4    -3198.0      2.4      0.8      1.8 2023  3  5  0 34 58.820  1.58   1
   110710  40.605632 -124.149032    18.295     7043.4     6151.9    -3132.4      1.5      0.6      0.9 2023  1 14  1 10 27.140  1.46   1
   110711  40.616402 -124.069596    20.196    13768.1     7347.9    -1231.3      0.6      0.8      1.0 2022 12 20 21  2 39.800  1.14   1
   110712  40.557540 -123.953092    21.989    23642.0      811.5      561.6      0.4      0.3      0.3 2023  1 10 19 11 36.040  1.34   1
   110715  40.610852 -124.082096    16.235    12710.3     6731.6    -5191.9      2.4      1.3      2.3 2022 12 20 21 22 37.100  1.23   1
   110716  40.586528 -123.885937    21.741    29323.7     4030.5      313.7      0.8      0.8      2.0 2022 12 22  1 50 13.650  0.65   1
   110717  40.608167 -124.301619    19.960    -5876.1     6433.4    -1466.9      0.4      0.2      0.3 2023  4  9 21 13 25.880  0.97   1
   110718  40.523482 -124.432259    19.522   -16947.7    -2970.4    -1904.9      0.4      0.4      0.6 2022 12 22  3 44  5.310  1.01   1
   110720  40.585111 -124.204549    20.526     2343.1     3873.2     -901.4      1.0      0.7      0.7 2022 12 21  1 23  1.660  0.93   1
   110721  40.555485 -124.303638    18.658    -6049.3      583.3    -2768.9      0.8      0.3      0.7 2022 12 20 16 43 44.910  1.41   1
   110722  40.552043 -124.305697    19.900    -6223.9      201.1    -1527.2      1.2      0.6      1.2 2022 12 20 19 45  5.720  1.04   1
   110723  40.473588 -124.545964    21.880   -26590.7    -8510.9      452.6      0.8      0.4      0.8 2022 12 22  7 29 30.560  0.68   1
   110724  40.518827 -124.345190    19.315    -9571.5    -3487.3    -2112.5      0.9      0.8      1.2 2022 12 22  8 32 21.500  0.63   1
   110725  40.546952 -124.308374    17.666    -6450.9     -364.2    -3761.0      1.7      1.2      1.7 2022 12 24 21 51 17.000  0.84   1
   110726  40.518522 -124.432723    19.591   -16987.6    -3521.2    -1836.2      0.5      0.7      1.1 2022 12 25 10 58 46.850  0.74   1
   110727  40.516833 -124.358667    19.622   -10713.4    -3708.7    -1804.9      1.2      1.1      1.5 2022 12 26 20 22  8.180  1.12   1
   110728  40.519739 -124.420890    19.230   -15985.0    -3386.1    -2197.1      1.1      0.8      1.6 2023  1  3 14 30 47.720  1.13   1
   110729  40.576790 -124.208545    17.650     2004.9     2949.2    -3776.8      1.0      0.5      0.5 2023  1  4 10 27 27.700  1.40   1
   110731  40.511637 -124.440234    19.356   -17624.9    -4285.7    -2070.9      0.7      0.8      1.5 2023  3 16 18  8 14.040  1.34   1
   110735  40.534432 -124.344246    18.532    -9490.4    -1754.5    -2895.7      0.8      0.8      1.3 2022 12 20 21 52 17.400  1.04   1
   110736  40.506299 -124.335742    18.116    -8771.8    -4878.6    -3310.9      0.5      0.6      1.2 2022 12 22  5 34 15.770  1.28   1
   110737  40.523344 -124.423055    18.316   -16167.9    -2985.8    -3110.8      0.8      0.8      1.3 2022 12 22 10 19 33.470  1.21   1
   110738  40.545593 -124.315397    18.040    -7045.9     -515.1    -3387.1      1.6      1.1      1.9 2022 12 26 12 16 44.250  0.71   1
   110739  40.521265 -124.427384    18.031   -16535.0    -3216.7    -3396.6      0.7      0.5      1.0 2023  1 11  1 42 23.060  2.03   1
   110743  40.582304 -124.204940    18.145     2310.1     3561.4    -3282.5      1.9      1.3      1.9 2023  3 25 16 17 15.180  0.90   1
   110745  40.515316 -124.430835    18.741   -16828.1    -3877.3    -2686.3      0.5      0.7      1.0 2023  1 20  8 32 25.670  1.94   1
   110746  40.516069 -124.446769    20.955   -18178.0    -3793.7     -472.1      1.1      0.9      1.2 2023  2 15 19 15 16.420  1.23   1
   110747  40.542806 -124.336117    20.336    -8801.1     -824.6    -1091.1      1.8      1.3      2.5 2022 12 23 14  7  9.940  0.88   1
   110748  40.553263 -124.442082    23.934   -17776.0      336.6     2507.1      1.1      1.0      1.2 2022 12 20 15 58 21.830  1.76   1
   110749  40.502287 -124.462354    14.917   -19500.4    -5324.1    -6509.9      2.3      1.8      4.7 2022 12 26  6 35 42.200  1.15   1
   110750  40.594865 -124.117782    17.103     9690.1     4956.3    -4323.8      2.0      1.0      1.0 2023  1 14  6 13 33.720  1.13   1
   110751  40.575122 -123.987712    20.907    20707.0     2763.9     -520.4      0.4      0.4      0.5 2022 12 20 17 38 50.000  1.62   1
   110752  40.581779 -124.210465    21.115     1842.1     3503.2     -312.5      1.5      0.6      1.1 2022 12 22 21 13 37.280  0.95   1
   110753  40.526676 -124.325480    18.407    -7901.1    -2615.7    -3020.3      0.8      0.8      1.0 2022 12 22 22  2  6.300  1.11   1
   110754  40.523096 -124.358008    18.673   -10657.1    -3013.4    -2754.5      0.9      0.8      1.1 2022 12 22 22 45  9.160  1.52   1
   110757  40.524654 -124.344718    19.441    -9531.1    -2840.3    -1986.1      0.6      0.7      0.8 2022 12 28 13 28 43.290  1.64   1
   110758  40.552559 -124.236182    19.638     -335.7      258.5    -1789.2      0.7      0.5      0.7 2023  1 15 15 14  5.770  1.41   1
   110759  40.524618 -124.414648    19.158   -15455.6    -2844.4    -2269.7      2.0      1.9      2.4 2023  2 10 21  1  5.660  1.17   1
   110761  40.584993 -124.149894    22.439     6971.4     3860.1     1011.8      1.4      0.7      1.0 2023  1 21 22  3  8.900  1.49   1
   110765  40.524699 -124.407739    18.252   -14870.2    -2835.3    -3175.6      1.1      1.0      1.7 2022 12 24  2 43 20.530  1.79   1
   110766  40.505424 -124.446948    17.384   -18194.6    -4975.7    -4043.3      1.0      1.3      1.8 2023  2  7 19 48  3.920  1.35   1
   110767  40.504049 -124.481746    18.014   -21143.4    -5128.4    -3413.2      0.9      0.6      1.7 2023  5  3  4 14 16.070  1.55   1
   110768  40.534762 -124.343514    18.981    -9428.3    -1717.9    -2446.1      0.9      0.8      0.9 2023  2 17 23 11 43.020  1.41   1
   110769  40.577214 -124.215918    18.825     1380.4     2996.2    -2602.6      3.0      1.0      1.8 2022 12 22 11 55 31.760  1.02   1
   110770  40.592322 -124.101522    24.972    11067.1     4673.9     3544.8      1.1      0.7      1.2 2023  1  4  8 48  8.840  1.05   1
   110771  40.514815 -124.443099    18.042   -17867.2    -3932.9    -3384.9      0.6      0.9      1.1 2022 12 21 11 33 42.730  2.09   1
   110772  40.519108 -124.421696    17.110   -16053.3    -3456.2    -4317.5      0.9      1.1      1.3 2022 12 22  1 51 31.680  0.96   1
   110774  40.515438 -124.426701    19.382   -16477.8    -3863.7    -2045.1      0.8      0.8      1.6 2022 12 22 13 45 54.290  0.88   1
   110778  40.590454 -124.092424    21.778    11837.7     4466.5      350.3      2.1      1.9      3.2 2022 12 20 13 10 43.400  0.88   1
   110780  40.514461 -124.439535    18.493   -17565.3    -3972.2    -2934.5      0.6      0.4      0.8 2023  1 27  2 38 13.190  1.41   1
   110781  40.599198 -124.019507    21.074    18011.1     5437.5     -353.1      1.1      1.1      0.8 2022 12 22  7 36 42.420  0.86   1
   110782  40.520345 -124.420125    16.831   -15920.1    -3318.8    -4596.3      0.8      0.9      2.0 2023  1 19  4 55  2.650  1.72   1
   110783  40.535409 -124.239697    19.446     -633.6    -1646.1    -1981.1      0.5      0.9      0.6 2022 12 21  9 13 55.700  1.90   1
   110785  40.602173 -124.111890    16.470    10188.5     5767.8    -4957.3      1.5      0.9      1.1 2023  3 27 13  6 21.780  0.85   1
   110786  40.514775 -124.443319    17.986   -17885.8    -3937.4    -3441.7      0.9      1.1      1.7 2022 12 21 10 46 12.660  1.82   1
   110787  40.588770 -124.185840    20.285     3927.4     4279.4    -1141.8      1.7      0.9      1.7 2022 12 22  9 24 48.500  0.91   1
   110788  40.661483 -124.009269    19.280    18869.2    12353.9    -2146.8      1.0      0.8      1.2 2022 12 22  1 16  9.260  0.66   1
   110789  40.523971 -124.419474    18.725   -15864.5    -2916.2    -2702.7      1.1      0.9      2.4 2022 12 23 19 12 41.740  1.83   1
   110790  40.570426 -124.198674    21.875     2841.0     2242.5      447.3      1.1      1.1      1.6 2022 12 24 15 43 41.860  0.86   1
   110791  40.524044 -124.411117    21.924   -15156.4    -2908.1      496.7      0.5      0.4      1.0 2022 12 21 21 14 36.000  0.82   1
   110793  40.516809 -124.412052    20.789   -15236.5    -3711.5     -638.2      1.4      0.9      1.7 2022 12 26 14 17  3.520  0.91   1
   110794  40.595512 -124.113192    18.157    10078.7     5028.1    -3270.2      0.4      0.3      0.4 2023  3 11 16 16 54.220  1.44   1
   110796  40.544076 -124.335905    16.870    -8783.1     -683.6    -4557.4      0.5      0.6      0.9 2022 12 22  1 52 50.750  1.67   1
   110797  40.520756 -124.351416    19.511   -10098.8    -3273.2    -1916.3      0.9      0.7      1.0 2022 12 24 21 53 24.440  1.63   1
   110799  40.524341 -124.407194    18.817   -14824.1    -2875.1    -2610.2      1.2      1.1      1.5 2022 12 20 10 40 17.470  2.91   1
   110801  40.558272 -124.235376    20.002     -267.4      892.8    -1425.3      0.9      0.6      0.9 2022 12 20 12 16  5.480  2.04   1
   110802  40.569132 -124.077002    19.198    13145.7     2098.8    -2229.5      1.1      1.3      0.7 2022 12 21  0 15 31.010  2.88   1
   110803  40.651005 -124.020174    19.077    17947.7    11190.4    -2350.7      1.1      0.7      1.1 2022 12 22  5 56 58.350  0.78   1
   110804  40.518298 -124.437581    19.409   -17399.3    -3546.1    -2017.9      0.3      0.3      0.7 2022 12 20 20 38 36.440  1.22   1
   110806  40.515275 -124.431185    19.147   -16857.7    -3881.8    -2280.1      0.8      1.0      1.5 2023  2  1  8 26 47.510  1.32   1
   110808  40.538550 -124.339697    17.264    -9104.7    -1297.2    -4163.4      0.8      0.7      1.3 2023  3 31  1 48 56.260  0.92   1
   110809  40.521448 -124.439429    20.495   -17555.4    -3196.4     -932.2      1.6      1.3      1.1 2022 12 22  0 38 39.810  1.01   1
   110810  40.618469 -124.080794    17.139    12819.8     7577.4    -4287.8      1.3      0.9      1.3 2023  1  4  6 36 41.150  1.09   1
   110812  40.603215 -124.143457    18.061     7515.5     5883.5    -3366.0      2.4      1.3      2.5 2023  2  2  5 38 31.180  0.92   1
