   101475  40.580481 -123.984326    20.700    20992.9     3359.0     -727.7     13.5     10.1     15.9 2020  1  4 12 29  8.640  0.00   1
   101476  40.578394 -123.962386    21.845    22851.3     3127.2      417.9     29.5     17.9     25.4 2020  2 13 22 21 36.940  0.00   1
   101477  40.580835 -123.990348    21.001    20482.9     3398.3     -426.2     24.0     15.9     27.6 2020  3 19  1  4 26.040  0.00   1
   101481  40.581010 -123.983757    20.686    21041.1     3417.8     -741.0     23.8     10.8     14.7 2021  3 29 15 56 33.780  0.00   1
   101482  40.580969 -123.984131    20.759    21009.4     3413.2     -668.5     18.7     13.0     13.7 2021  3 29 13 44 54.940  0.00   1
   101483  40.581006 -123.984049    20.766    21016.2     3417.3     -661.5     18.4     12.7     13.2 2021  3 30 14 30 26.580  0.00   1
   101484  40.580839 -123.983439    20.735    21068.0     3398.8     -692.5     18.2     12.6     13.1 2021  3 30 16 56 58.820  0.00   1
   101487  40.582027 -123.982544    20.561    21143.6     3530.7     -866.4     16.1      9.3     13.8 2021  9 19 18 51 35.660  0.00   1
   101488  40.569686 -123.956527    21.027    23349.0     2160.3     -400.5     36.4     30.5     30.8 2021 12  7  4 20 27.260  0.00   1
   101564  40.532601 -124.275350    11.668    -3653.9    -1957.8    -9759.1      6.4      3.2      3.5 2020  1  4 11 37 20.680  0.00   1
   102513  40.560730 -124.124837    22.868     9095.0     1165.8     1440.4     15.3     16.5     21.7 2020  1 21 18 29 29.080  0.00   1
   102514  40.563770 -124.140356    22.876     7780.3     1503.3     1448.8     16.1     11.1     17.1 2020  1 21 18 17 50.920  0.00   1
   102517  40.563700 -124.123820    23.018     9180.9     1495.6     1591.0     13.8     18.6     19.3 2020  1 21 18 17 12.580  0.00   1
   102584  40.555986 -124.092155    22.450    11863.5      638.9     1022.4     42.0     29.9     28.8 2021 12 19 16 15 38.560  0.00   1
   102602  40.480745 -124.511418    24.548   -23661.6    -7716.2     3121.2     20.2     17.5     32.5 2021  8 10 19 30 57.060  0.00   1
   102603  40.479557 -124.506095    25.096   -23210.8    -7848.1     3668.7     16.7     19.7     30.1 2021  8 28  7 10 22.180  0.00   1
   102606  40.488062 -124.500570    24.927   -22741.0    -6903.7     3500.2     16.2     16.7     30.9 2021 11  9 13 23 16.920  0.00   1
   102608  40.478251 -124.506486    25.703   -23244.1    -7993.1     4275.4     17.6     27.0     26.2 2022  9  7 17 54 42.580  0.00   1
   102707  40.434961 -124.601945    24.778   -31344.3   -12800.3     3350.7     13.5     28.2     33.7 2020  1  5 11  4 39.240  0.00   1
   102709  40.448043 -124.596232    23.830   -30856.9   -11347.6     2402.6     24.3     29.8     37.9 2020  3 12 15 20 18.660  0.00   1
   102710  40.434729 -124.601400    24.023   -31298.1   -12826.1     2596.2     19.7     27.6     31.1 2020  3 19  0  0 12.240  0.00   1
   102715  40.430278 -124.600399    25.228   -31214.2   -13320.4     3800.8     20.2     28.7     53.9 2020  5 19  4 18  4.680  0.00   1
   102716  40.435673 -124.601636    23.805   -31317.9   -12721.2     2377.7     21.8     24.8     26.1 2020  5 19 15 58 35.460  0.00   1
   102717  40.436947 -124.602669    23.892   -31405.2   -12579.8     2464.8     23.0     25.5     27.2 2020  5 19  8 56  4.240  0.00   1
   102719  40.434111 -124.601912    24.239   -31341.7   -12894.7     2812.1     18.1     27.9     53.4 2020  6  9 10 29  1.040  0.00   1
   102720  40.435559 -124.601538    24.212   -31309.6   -12733.9     2784.4     19.4     24.9     60.9 2020  6  9 11 54 57.660  0.00   1
   102721  40.434847 -124.598828    23.814   -31080.0   -12813.0     2386.8     21.5     33.2     34.6 2020  6 11 11 48 29.660  0.00   1
   102723  40.432849 -124.601725    23.742   -31326.1   -13034.8     2314.6     24.6     41.3     43.4 2020  6 28  9  4 35.860  0.00   1
   102727  40.435791 -124.602246    24.231   -31369.6   -12708.1     2803.5     18.9     27.1     55.9 2020  9 21 21 53 10.520  0.00   1
   102728  40.429671 -124.601310    23.483   -31291.7   -13387.7     2055.4     12.7     32.5     15.0 2020  9 28  9 34 39.840  0.00   1
   102729  40.431795 -124.601799    23.953   -31332.6   -13151.8     2525.8     16.1     29.1     24.3 2020  9 29 16 42 12.380  0.00   1
   102730  40.430933 -124.602352    23.997   -31379.7   -13247.6     2569.7     18.1     29.6     19.5 2020  9 29 16  6 55.980  0.00   1
   102731  40.430363 -124.598348    33.453   -31040.4   -13310.9    12025.3     22.5     26.8    420.8 2020 10  8  8 34 56.540  0.00   1
   102732  40.434615 -124.602466    23.927   -31388.5   -12838.7     2499.7     27.4     37.7     36.1 2020 10 13 22  5 11.460  0.00   1
   102733  40.435636 -124.602181    24.056   -31364.1   -12725.3     2628.3     19.4     27.1     63.9 2020 11 11  2 48 36.380  0.00   1
   102734  40.434460 -124.601489    24.200   -31305.7   -12855.9     2772.8     20.8     29.6     65.4 2020 12 19  3 23 42.480  0.00   1
   102736  40.428772 -124.599552    23.702   -31142.8   -13487.6     2275.2     14.3     28.9     21.3 2021  1 21 20 46 20.820  0.00   1
   102737  40.434668 -124.601628    24.018   -31317.4   -12832.8     2590.9     18.7     30.2     80.2 2021  2 12  4 31  7.420  0.00   1
   102738  40.434436 -124.600757    23.844   -31243.6   -12858.6     2417.1     11.8     30.2     15.6 2021  2 12 20  8 51.240  0.00   1
   102739  40.434314 -124.600301    23.502   -31205.0   -12872.2     2074.4     35.9     63.4     58.3 2021  2 12  4 29 14.400  0.00   1
   102740  40.431523 -124.602409    23.813   -31384.4   -13182.1     2385.4     14.9     28.1     19.2 2021  2 20 23 40 36.700  0.00   1
   102741  40.435718 -124.602214    24.007   -31366.8   -12716.3     2579.7     17.2     37.0     96.9 2021  4 14  4 39 59.360  0.00   1
   102742  40.435250 -124.602140    24.148   -31360.7   -12768.2     2721.0     17.2     26.5     54.8 2021  4 14  1 27 41.100  0.00   1
   102743  40.433960 -124.601465    24.390   -31303.8   -12911.5     2962.3     19.2     28.1     56.5 2021  4 14  5 38 37.620  0.00   1
   102749  40.433134 -124.602507    23.833   -31392.3   -13003.2     2406.0     37.5     47.9     48.9 2021  7 10 11 59 45.840  0.00   1
   102751  40.428780 -124.603524    24.995   -31479.5   -13486.7     3567.9     18.2     40.7     50.6 2021  8 31 18 13 15.560  0.00   1
   102754  40.430745 -124.603076    23.765   -31441.1   -13268.4     2337.8     28.9     53.0     52.0 2021  9 23  9 33 50.540  0.00   1
   102755  40.435404 -124.602214    23.515   -31366.9   -12751.1     2088.0     19.8     25.6    111.8 2021  9 30 19 10  2.220  0.00   1
   102756  40.435152 -124.601855    24.424   -31336.6   -12779.1     2996.8     18.8     27.6     54.4 2021 10  8 23 40 58.400  0.00   1
   102759  40.435132 -124.602108    24.159   -31358.0   -12781.3     2732.2     13.1     25.1     51.8 2021 11  4  9  5 14.280  0.00   1
   102761  40.434884 -124.601611    24.495   -31316.0   -12808.9     3067.6     14.7     27.0     43.5 2021 12  9 20 12 36.400  0.00   1
   102763  40.435738 -124.602580    23.713   -31397.9   -12714.0     2286.0     17.3     24.8     92.6 2021 12 18  5 17 48.600  0.00   1
   102764  40.437419 -124.601066    23.931   -31269.2   -12527.4     2504.1     21.3     38.2     40.4 2021 12 20  7 12 18.880  0.00   1
   102768  40.431665 -124.603337    24.949   -31463.0   -13166.3     3521.9     26.5     38.1     56.1 2022  2 24 23 18 18.200  0.00   1
   102773  40.438668 -124.601270    16.015   -31286.1   -12388.7    -5412.0     20.1     34.9    360.0 2022  4 10 14  1 19.800  0.00   1
   102775  40.435368 -124.602230    23.574   -31368.3   -12755.1     2146.7     20.7     26.7    108.6 2022  5 12 21 39 49.620  0.00   1
   102776  40.428715 -124.602759    24.173   -31414.7   -13493.9     2745.6     20.9     32.4     67.6 2022  5 15 21 30 42.600  0.00   1
   102777  40.437439 -124.601823    24.277   -31333.3   -12525.1     2850.2     19.7     26.3     55.9 2022  6  2  9 50 27.060  0.00   1
   102778  40.434444 -124.604565    24.203   -31566.5   -12857.7     2776.2     27.3     37.8     73.1 2022  6 17  0 59 30.760  0.00   1
   102780  40.435197 -124.602441    23.900   -31386.3   -12774.1     2472.3     17.1     26.3     71.7 2022  7 21  2 41 31.540  0.00   1
   102781  40.438306 -124.603003    24.576   -31433.2   -12428.9     3148.7     24.2     25.8     50.8 2022  7 28  9 22  9.400  0.00   1
   102783  40.434977 -124.602344    24.035   -31378.1   -12798.5     2608.1     14.2     20.7     76.9 2022  8 24 18 40  2.660  0.00   1
   102786  40.444804 -124.599349    20.953   -31121.9   -11707.3     -474.3     44.6     72.5     63.6 2022  9 18 15 28 46.440  0.00   1
   102787  40.427437 -124.595549    23.970   -30803.7   -13635.8     2542.7     26.5     58.5     54.8 2022 10  2 19 33 34.380  0.00   1
   102789  40.439225 -124.601392    23.870   -31296.3   -12326.8     2442.3     24.2     38.4     44.1 2022 10 17  4 45 23.620  0.00   1
   102790  40.428935 -124.598584    23.900   -31060.7   -13469.5     2472.4     26.6     58.7     59.3 2022 10 19 22 24 12.120  0.00   1
   102792  40.440145 -124.604183    24.602   -31532.8   -12224.7     3175.1     32.7     24.8     47.3 2022 11  4 23 19 49.560  0.00   1
   102793  40.426868 -124.598462    24.009   -31050.8   -13699.0     2581.4     25.2     40.1     36.7 2022 11 28  6 17 43.580  0.00   1
   102871  40.518404 -124.429020    24.996   -16673.9    -3534.3     3568.3     24.7     31.2     55.1 2021 12 21 11 40 42.620  0.00   1
   102873  40.520894 -124.415942    22.738   -15565.6    -3257.8     1311.1     30.7     32.9     40.4 2021 12 27  5 28 17.460  0.00   1
   102877  40.518892 -124.418262    23.907   -15762.4    -3480.1     2479.9     20.2     18.9     21.0 2022 11 12  9 39  9.180  0.00   1
   102881  40.574264 -123.887899    22.435    29160.2     2668.6     1007.3     14.3     12.1     13.4 2020  6  5  7 17 17.540  0.00   1
   102882  40.586853 -123.894214    22.123    28622.8     4066.6      696.0     22.0     20.1     16.2 2021  8 31 10  1 55.460  0.00   1
   102884  40.577926 -123.890544    23.666    28935.5     3075.3     2239.2     26.2     32.7     11.7 2022  7  8 14 14 25.800  0.00   1
   102885  40.573730 -123.881128    22.310    29733.8     2609.4      883.0     11.1     23.0     11.0 2022 10 15  6 34 45.100  0.00   1
   102906  40.551424 -124.494002    23.876   -22174.1      132.4     2448.4     12.9      9.3     10.3 2020  1  8  5 26 50.000  0.00   1
   102908  40.549780 -124.499072    23.918   -22603.8      -50.2     2490.9     11.6      8.4      7.3 2020 10 11 20 54  2.280  0.00   1
   102909  40.541821 -124.508813    26.960   -23430.3     -934.0     5533.0     17.4     14.6     22.4 2021  4 28 19 33 47.460  0.00   1
   102910  40.549084 -124.496240    23.771   -22364.0     -127.4     2343.8     22.0     28.4     32.5 2021  6 12  7 57 57.640  0.00   1
   102911  40.546122 -124.505013    24.755   -23107.6     -456.4     3327.6     10.4     10.5     21.9 2021  6 22  2 52 24.640  0.00   1
   102915  40.546777 -124.504142    24.706   -23033.8     -383.6     3279.0     15.2     15.4     25.0 2021 11 28 13  7  4.440  0.00   1
   102916  40.548417 -124.501432    23.933   -22803.9     -201.5     2505.6      7.9      6.9      7.1 2021 12 21 13 58 37.080  0.00   1
   103853  40.619287 -123.950472    22.292    23853.0     7668.3      864.6     22.2     10.2     11.8 2020  1 15 17  9  9.680  0.00   1
   103854  40.620426 -123.946175    21.614    24216.6     7794.8      186.8     15.7     13.1     15.5 2020  9  6  8  2 35.820  0.00   1
   103855  40.624280 -123.949658    21.575    23921.0     8222.7      148.1      9.7      9.8      8.4 2021 11 17  1 30  5.520  0.00   1
   103856  40.623279 -123.947404    21.578    24112.0     8111.5      150.8      9.9      9.4     10.1 2022  1 29  9  3 15.000  0.00   1
   103857  40.621810 -123.946053    21.705    24226.6     7948.4      278.1     10.2      9.5     10.8 2022  5 22  1 31 29.140  0.00   1
   103859  40.624443 -123.949626    21.533    23923.7     8240.7      105.5      9.7      9.0      8.8 2022  5 23  3 58 56.800  0.00   1
   103861  40.622262 -123.949463    21.785    23937.9     7998.6      357.4     25.2     16.9     33.6 2022  7 27 10 38  4.700  0.00   1
   103862  40.621887 -123.947884    21.706    24071.6     7957.0      278.8     11.5     11.2     14.3 2022 11 17 16  3 25.080  0.00   1
   103863  40.620984 -123.943612    21.618    24433.5     7856.7      190.4     10.9      9.4     10.2 2022 11 20 23 28 37.040  0.00   1
   103948  40.583232 -123.917529    25.667    26649.1     3664.5     4239.3     18.2      6.2     29.4 2020  7 15 23 27 17.180  0.00   1
   103949  40.583053 -123.918009    25.667    26608.5     3644.6     4239.6     18.4      6.1     29.6 2020  7 15 23 27  7.480  0.00   1
   103953  40.585303 -123.910270    23.528    27263.4     3894.5     2101.1     23.2     12.9     29.2 2021  6 28 22 30 49.640  0.00   1
   103955  40.587805 -123.915283    25.124    26838.4     4172.3     3696.3     19.3     11.8     25.0 2021  8 18 13 15  3.800  0.00   1
   103957  40.580155 -123.912598    26.725    27067.3     3322.9     5298.1     39.7     29.2     24.6 2021  9 30  0  5  3.500  0.00   1
   103958  40.583077 -123.909001    26.238    27371.4     3647.3     4810.3     25.6     22.8     21.5 2021 10 16 22 17 33.780  0.00   1
   103963  40.584355 -123.907943    25.883    27460.7     3789.2     4455.3     14.9     14.3     22.4 2022 10  3  1 19 38.240  0.00   1
   104037  40.620028 -124.318099    19.035    -7270.7     7750.5    -2392.4     19.4     11.4     27.6 2020  3 23  9 10 34.260  0.00   1
   104039  40.620821 -124.316626    19.781    -7146.0     7838.6    -1646.1     32.7     22.0     49.5 2020  3 31  1 10 40.520  0.00   1
   104040  40.620553 -124.315959    19.693    -7089.5     7808.8    -1733.8     12.7      9.9     22.3 2020 12 20  9 55 52.280  0.00   1
   104042  40.620410 -124.316073    19.651    -7099.1     7793.0    -1776.5     12.3     11.5     22.9 2020 12 20 10 47 46.800  0.00   1
   104043  40.619755 -124.315926    19.519    -7086.8     7720.2    -1908.0     16.7     12.6     30.7 2020 12 20 10 15 13.920  0.00   1
   104047  40.621269 -124.318416    19.518    -7297.5     7888.3    -1909.6     16.9     12.9     26.7 2021  4 20 22 55  3.440  0.00   1
   104048  40.620638 -124.322624    17.888    -7653.7     7818.3    -3538.9     22.2     18.7     37.5 2021  4 24 18 32 32.740  0.00   1
   104049  40.622253 -124.314681    19.981    -6981.2     7997.7    -1446.0     14.3     11.0     17.5 2021  6 29 21  7 22.600  0.00   1
   104052  40.621867 -124.315169    20.164    -7022.6     7954.7    -1263.5     13.9     11.1     25.1 2021  7  2  7 55 22.400  0.00   1
   104053  40.618136 -124.314827    21.212    -6993.8     7540.4     -215.5     17.8     13.7     26.5 2021  7  3 16 38 35.240  0.00   1
   104054  40.621427 -124.314811    19.965    -6992.3     7905.9    -1462.3     26.0     16.2     38.4 2021  7 14 14 46 21.240  0.00   1
   104055  40.621932 -124.314787    20.007    -6990.2     7962.0    -1420.6     16.0     15.7     26.0 2021  9 17 10  9 30.180  0.00   1
   104056  40.617558 -124.318701    20.938    -7321.8     7476.2     -488.9     14.5     10.5     20.3 2021 11 18  9 48  5.620  0.00   1
   104060  40.619954 -124.312419    20.146    -6789.8     7742.4    -1281.3     15.6      9.5     32.4 2022  4 14 20  4 26.860  0.00   1
   104061  40.620504 -124.314632    20.380    -6977.2     7803.4    -1047.0     17.1     11.2     29.6 2022  6 16 20 44 53.720  0.00   1
   104064  40.620182 -124.311784    20.180    -6736.1     7767.7    -1247.6     17.3     10.5     35.0 2022 10 23 23 59  6.320  0.00   1
   104510  40.562500 -124.130599    22.384     8606.8     1362.3      956.3      8.7      5.5      9.1 2020  1 21 18 16 13.040  0.00   1
   104905  40.519926 -124.417570    26.146   -15703.6    -3365.3     4718.4     35.6     38.6     45.2 2020  6 22 15 25 24.880  0.00   1
   104911  40.511145 -124.419930    23.923   -15904.6    -4340.4     2495.9     13.5     17.7     36.0 2021  5 20 19 21 47.940  0.00   1
   104917  40.505623 -124.425854    23.759   -16407.3    -4953.6     2331.6     18.0     17.0     32.2 2021  9 17 15 11 51.640  0.00   1
   104918  40.506673 -124.421403    24.654   -16030.0    -4837.0     3226.4     17.2     27.0     41.2 2021 10  5 18 21 58.320  0.00   1
   104919  40.496334 -124.392464    28.148   -13579.0    -5985.1     6721.0     51.2     42.0     46.2 2021 10 16  3 19 23.200  0.00   1
   104923  40.497587 -124.429736    24.284   -16737.2    -5846.0     2856.8     34.5     34.9     53.0 2021 12 22  5 52  2.020  0.00   1
   104928  40.511104 -124.419238    25.278   -15846.0    -4344.9     3850.7     20.4     13.0     35.8 2022  1 30  2  6 57.660  0.00   1
   104932  40.510913 -124.418994    25.262   -15825.4    -4366.2     3835.0     20.0     13.0     35.5 2022  3  5  0 58 53.080  0.00   1
   104936  40.510942 -124.424764    23.452   -16314.2    -4363.0     2024.7     17.6     15.2     18.1 2022  7 27  2 17 47.560  0.00   1
   104940  40.517558 -124.494482    16.078   -22220.3    -3628.3    -5349.5     16.6     11.8     84.4 2020  1 27  9 51 13.860  0.00   1
   104941  40.518294 -124.492472    15.879   -22049.9    -3546.5    -5548.3     13.3     16.1     32.2 2020  2 20  6 32 59.280  0.00   1
   104942  40.519385 -124.492936    14.934   -22089.0    -3425.4    -6493.6     15.1     18.5     34.2 2020  4  6  9 21 20.960  0.00   1
   104943  40.517989 -124.493490    15.821   -22136.1    -3580.4    -5606.7     11.2     12.6     31.1 2020 12 17 16 41  8.520  0.00   1
   104944  40.518363 -124.489144    16.206   -21767.9    -3538.8    -5221.1     15.3     22.0     45.2 2020 12 19 14 18 19.400  0.00   1
   104945  40.520500 -124.497095    15.920   -22441.2    -3301.6    -5506.9     13.0     13.9     36.3 2021  5 24  0 40 45.520  0.00   1
   104946  40.519999 -124.498096    15.969   -22526.1    -3357.2    -5458.1     10.5     10.9     31.7 2021 11  6  3 38 12.480  0.00   1
   105067  40.737716 -123.938672    22.875    24830.2    20819.2     1447.8     18.2     20.3     17.5 2020  1 29 17 29  4.280  0.00   1
   105385  40.552169 -123.974064    21.513    21866.5      215.1       86.0     10.6      7.1      8.9 2021  4  1  4 46 23.960  0.00   1
   105390  40.595040 -123.957471    21.413    23264.7     4975.7      -13.9     28.5     26.1     23.5 2021  5 23 15 44  5.100  0.00   1
   105391  40.603153 -123.984334    22.385    20988.7     5876.7      957.7     23.9     16.0     25.9 2021  6 30  5 49 47.860  0.00   1
   105468  40.657454 -124.012565    30.996    18590.8    11906.6     9568.5     64.2     41.5     63.7 2021 12 21  1 32 33.780  0.00   1
   105476  40.760681 -123.869596    20.785    30667.8    23369.4     -642.3     18.5      9.8     15.0 2021  4 17 11 13 27.660  0.00   1
   105477  40.759233 -123.866488    20.215    30931.0    23208.6    -1212.3     16.5     22.0     21.4 2021  5 16 18 21  8.560  0.00   1
   105483  40.759167 -123.863957    20.732    31145.1    23201.3     -695.6     15.5      8.6     13.2 2022  5  4  3 34 42.980  0.00   1
   105706  40.595972 -124.043172    22.164    16007.6     5079.2      736.7     26.4     19.4     23.9 2020  2  8  2 28 57.160  0.00   1
   105713  40.597339 -124.060286    23.304    14558.3     5231.0     1877.2     36.3     15.3     13.0 2021  8 21  3 33 28.140  0.00   1
   105954  40.545199 -124.062052    19.706    14414.4     -558.9    -1721.4     11.2      8.8     12.2 2020  2  8 19 52 44.320  0.00   1
   105955  40.542509 -124.064974    19.466    14167.2     -857.6    -1961.3      9.8     12.7      6.5 2020  2 23  1  6 17.520  0.00   1
   105956  40.541272 -124.077043    19.920    13145.0     -995.0    -1507.7     15.0     11.1     13.2 2020 10 23 10 31 25.740  0.00   1
   105957  40.547042 -124.065080    19.497    14157.7     -354.2    -1930.7     16.9     13.6     17.4 2021  2 19 15  2  5.840  0.00   1
   105958  40.544576 -124.062004    19.861    14418.6     -628.1    -1566.7      8.6      5.2      7.7 2021  7 27 12 42 23.820  0.00   1
   105960  40.543457 -124.068229    19.385    13891.3     -752.3    -2042.0      8.4      6.6     12.0 2021  9  6  1 57 48.460  0.00   1
   105961  40.544906 -124.069971    21.278    13743.7     -591.5     -149.0     31.2     14.4     27.0 2021 10 30 15 54 35.980  0.00   1
   106005  40.590002 -124.096354    19.611    11504.9     4416.3    -1816.5     17.2     15.6     22.8 2020  4 19 13  8 57.480  0.00   1
   106006  40.595504 -124.091178    18.902    11942.7     5027.2    -2525.4     15.5     13.0     17.4 2020  6  7 18 47 39.820  0.00   1
   106007  40.593270 -124.084139    19.233    12539.0     4779.2    -2194.6     10.5      8.2     10.0 2020  7 20 16 45 35.520  0.00   1
   106008  40.593363 -124.082918    19.271    12642.4     4789.6    -2156.4      7.7      5.3      9.9 2021 11 25 11 31 45.620  0.00   1
   106009  40.594495 -124.084440    19.111    12513.4     4915.2    -2316.6      9.8      6.8     11.9 2022  1 31  2 46 32.380  0.00   1
   106065  40.534676 -124.389697    25.420   -13340.7    -1727.4     3992.5     17.5     12.1     16.5 2020  2 11 17 54 25.540  0.00   1
   106069  40.500627 -124.447339    15.985   -18228.4    -5508.4    -5441.9     22.7     18.0     48.7 2021  7 22 12 38 41.980  0.00   1
   106070  40.505294 -124.448006    16.147   -18284.3    -4990.2    -5280.4     24.1     19.5     42.7 2021  8 21  7 21 12.600  0.00   1
   106079  40.632971 -123.986458    26.425    20804.2     9187.8     4997.9     14.7     13.0     23.4 2020  2 13 23  7 46.880  0.00   1
   106080  40.643892 -123.977596    27.482    21552.7    10400.6     6054.4     14.2     11.9     20.2 2020  2 27  1  9  9.980  0.00   1
   106081  40.640780 -123.988656    25.952    20617.0    10054.9     4524.9     13.2      7.0     10.8 2020  6 29  6 46  6.840  0.00   1
   106082  40.635059 -123.975716    25.755    21713.2     9419.6     4328.2     22.4     20.7     33.1 2021 11 14 16 50 17.560  0.00   1
   106083  40.639990 -123.985034    25.791    20923.7     9967.2     4364.2     12.2      8.6     14.6 2022  2 10  2 19 50.980  0.00   1
   106084  40.641101 -123.983586    25.574    21046.1    10090.6     4147.1     14.0     11.7     19.4 2022  6  3  6  4  3.860  0.00   1
   106096  40.581722 -124.207194    20.438     2119.2     3496.8     -989.3     18.5     19.9     36.8 2021 11  2  4 49 56.460  0.00   1
   106102  40.520679 -124.414323    20.247   -15428.5    -3281.7    -1180.4     18.9     15.0     21.9 2022  7  6 11 29  4.460  0.00   1
   106103  40.519531 -124.408179    21.459   -14908.0    -3409.2       31.6     17.2     25.5     34.5 2022  8 16  8  0  8.060  0.00   1
   106104  40.516581 -124.412093    21.307   -15240.0    -3736.8     -119.9     12.3     29.1     43.3 2022  8 29 21 57 39.860  0.00   1
   106135  40.553528 -124.215527    17.086     1413.8      366.0    -4341.6      8.5      6.6     11.8 2021  9 13  0  4  6.120  0.00   1
   106440  40.555570 -124.052384    22.075    15232.2      592.8      647.7     33.8     28.2     50.4 2021  9  4  5 13 46.140  0.00   1
   106496  40.593958 -124.106551    19.505    10641.1     4855.5    -1922.5     10.6     12.4     13.4 2021  8 27  1 44  5.160  0.00   1
   106497  40.592383 -124.106014    19.802    10686.8     4680.7    -1625.5     13.4     16.5     18.1 2021 11 30  0 51 56.760  0.00   1
   106499  40.593123 -124.106673    19.813    10630.9     4762.9    -1613.9     13.2     16.2     18.5 2022  1  8 11 15 11.920  0.00   1
   106609  40.614978 -123.840837    27.363    33135.9     7189.8     5936.1     24.1     18.2     26.8 2020  2 20 17 26 49.040  0.00   1
   106610  40.608512 -123.847005    27.457    32615.2     6471.8     6029.9     19.8     15.6     16.3 2020  7 17 16 58  8.720  0.00   1
   106612  40.605990 -123.844499    28.616    32828.1     6191.6     7188.8     21.8     16.2     26.3 2021 11 24  2 11 55.300  0.00   1
   106613  40.611084 -123.849105    27.622    32436.8     6757.3     6194.5     14.9     10.5     12.2 2022  5 21  1 58 58.180  0.00   1
   106614  40.504472 -124.415601    22.757   -15538.6    -5081.4     1329.7     12.5     30.2     43.2 2020  2 21 12  1 53.080  0.00   1
   106677  40.573039 -124.073405    19.760    13450.0     2532.6    -1667.2     12.9     15.4     13.8 2020  2 22  2  3 27.180  0.00   1
   106678  40.573234 -124.073503    20.070    13441.7     2554.3    -1357.3     12.9     11.6     12.3 2021  2 19 10 17 53.000  0.00   1
   106679  40.575663 -124.068441    19.576    13870.1     2824.0    -1851.7     12.6     13.5     11.2 2022  1 22 18 50  2.840  0.00   1
   106849  40.551884 -123.979500    21.342    21406.1      183.4      -85.1      8.7     15.6      9.6 2020  2 25 10 41 25.500  0.00   1
   106850  40.548161 -123.974512    21.481    21829.3     -230.0       53.5     11.0     14.4      9.1 2020  6 21 16  9 47.640  0.00   1
   106852  40.541016 -123.964738    21.499    22658.4    -1023.4       71.7     23.2     25.6     19.7 2021  6 16 14  0 25.980  0.00   1
   106853  40.548686 -123.973812    21.492    21888.5     -171.7       65.1     27.1     22.0     15.4 2021  6 17 11 40 36.000  0.00   1
   106855  40.550387 -123.975212    21.480    21769.6       17.2       53.1     12.5     18.8      8.6 2022  9 27  4 34 50.860  0.00   1
   106908  40.622502 -124.302425    19.929    -5943.6     8025.2    -1498.3     10.9      8.2     21.9 2021  4  2 11 45  2.260  0.00   1
   106909  40.623584 -124.298161    19.469    -5582.6     8145.4    -1957.8     14.4     10.0     15.2 2021  4  7  1 55 18.100  0.00   1
   106910  40.621387 -124.302865    20.209    -5980.9     7901.4    -1218.7     12.8      7.4     25.4 2021 10 17 14 20 53.460  0.00   1
   106916  40.623466 -124.296720    19.564    -5460.6     8132.3    -1862.9     15.0      8.1     14.3 2022  7 14  7 38  2.880  0.00   1
   106917  40.504399 -124.331803    18.863    -8438.2    -5089.6    -2563.3     12.4     15.4     17.8 2020  2 29  6 25 39.720  0.00   1
   106919  40.505680 -124.339079    18.335    -9054.5    -4947.2    -3092.0     14.7     15.0     17.9 2020  6 25 12 39 13.840  0.00   1
   106920  40.505444 -124.339689    18.264    -9106.3    -4973.5    -3163.2     15.0     14.9     21.4 2020  6 26 13 51 55.760  0.00   1
   106921  40.505078 -124.339396    18.277    -9081.5    -5014.1    -3150.0     15.7     16.4     19.4 2020  6 27  9  8 18.860  0.00   1
   106924  40.500366 -124.332381    18.843    -8487.4    -5537.4    -2584.6     17.2     18.5     21.0 2020  7 15 15 49 31.760  0.00   1
   106925  40.505025 -124.339380    18.279    -9080.1    -5020.0    -3148.6     15.8     16.9     19.0 2020  7 15  2 55 13.780  0.00   1
   106926  40.500208 -124.330973    19.045    -8368.1    -5555.0    -2382.4     16.8     15.2     16.3 2020  7 15  5  0 39.940  0.00   1
   106927  40.505139 -124.339502    18.362    -9090.4    -5007.3    -3065.2     15.6     15.6     19.5 2020  7 15 19 40 35.320  0.00   1
   106930  40.505082 -124.339591    18.347    -9098.0    -5013.7    -3079.9     16.3     15.9     20.1 2020  7 16 16  0 18.620  0.00   1
   106931  40.499902 -124.328328    19.475    -8144.0    -5588.9    -1952.4     24.5     20.0     31.6 2020  7 16 12 26  9.680  0.00   1
   106933  40.505273 -124.340894    18.761    -9208.3    -4992.4    -2665.8     16.0     18.4     15.7 2020 11 20 17 12 56.060  0.00   1
   106934  40.509945 -124.329272    18.253    -8223.4    -4473.7    -3174.6     15.7     20.3     18.5 2021  5 12 18 32 23.080  0.00   1
   106937  40.510360 -124.328182    18.564    -8130.9    -4427.6    -2863.5     14.0     12.9     14.0 2021  7 11  5  6 12.560  0.00   1
   106939  40.510417 -124.328703    18.536    -8175.1    -4421.3    -2891.4     12.8     11.6     14.3 2021  7 11  7 17 55.760  0.00   1
   106940  40.509127 -124.327734    18.801    -8093.1    -4564.5    -2625.9     15.6     13.1     13.3 2021  7 11  4 14 40.000  0.00   1
   106941  40.509281 -124.328035    18.772    -8118.6    -4547.4    -2655.1     15.3     13.4     14.6 2021  7 11  3 36 34.760  0.00   1
   106942  40.510234 -124.328410    18.535    -8150.3    -4441.6    -2892.3     13.0     11.4     14.2 2021  7 11  2 14  1.880  0.00   1
   106943  40.508956 -124.327319    18.776    -8057.9    -4583.5    -2650.9     15.5     12.6     12.2 2021  7 11  7 49 35.560  0.00   1
   106944  40.509167 -124.327808    18.779    -8099.3    -4560.0    -2648.1     15.4     13.4     14.1 2021  7 12  6 52 59.100  0.00   1
   106945  40.510213 -124.328434    18.617    -8152.3    -4443.9    -2810.1     14.3     13.6     11.7 2021  7 12  7 38 34.800  0.00   1
   106947  40.510372 -124.328337    18.529    -8144.0    -4426.3    -2898.1     14.3     13.7     14.7 2021  7 12  6 52  5.820  0.00   1
   106948  40.509627 -124.327417    18.605    -8066.2    -4509.0    -2821.9     13.0     11.9     11.9 2021  7 12  6 57 12.740  0.00   1
   106949  40.510225 -124.328410    18.635    -8150.3    -4442.5    -2792.0     14.1     13.0     11.9 2021  7 12  6 51 15.180  0.00   1
   106950  40.510177 -124.328337    18.643    -8144.1    -4448.0    -2783.8     13.8     12.8     11.7 2021  7 12 22 18 34.740  0.00   1
   106951  40.510380 -124.328060    18.529    -8120.6    -4425.4    -2898.2     13.7     12.7     14.0 2021  7 12  8 58 54.960  0.00   1
   106952  40.510380 -124.328337    18.536    -8144.0    -4425.4    -2890.8     14.3     13.8     14.5 2021  7 12  8 46 32.680  0.00   1
   106953  40.509229 -124.327311    18.660    -8057.2    -4553.2    -2767.1     16.0     11.4     15.9 2021  7 12  6 48 36.980  0.00   1
   106954  40.510046 -124.328068    18.623    -8121.3    -4462.4    -2804.0     13.9     12.6     11.4 2021  7 12  6 58 19.680  0.00   1
   106959  40.509497 -124.326562    18.652    -7993.8    -4523.4    -2775.5     21.1     14.3     12.4 2021  7 12 15 18 57.120  0.00   1
   106960  40.509029 -124.327726    18.737    -8092.4    -4575.4    -2690.0     15.3     13.6     14.8 2021  7 12 12 15  8.320  0.00   1
   106961  40.509257 -124.327840    18.796    -8102.1    -4550.1    -2631.6     15.1     13.4     12.2 2021  7 12  7 42 57.140  0.00   1
   106962  40.509054 -124.327572    18.766    -8079.3    -4572.7    -2661.2     15.2     13.1     13.1 2021  7 12  8  3  8.480  0.00   1
   106964  40.509086 -124.327669    18.764    -8087.6    -4569.1    -2663.5     16.0     13.1     15.1 2021  7 12  5 33 43.540  0.00   1
   106965  40.509086 -124.327653    18.845    -8086.2    -4569.1    -2582.7     15.2     12.5     10.9 2021  7 12  8 56 41.260  0.00   1
   106967  40.510185 -124.328101    18.548    -8124.1    -4447.1    -2879.3     14.5     13.8     14.8 2021  7 13  3 34 41.120  0.00   1
   106968  40.509001 -124.328589    18.748    -8165.5    -4578.5    -2679.4     14.9     13.5     13.6 2021  7 13 11  0 10.880  0.00   1
   106970  40.508276 -124.325130    18.745    -7872.5    -4659.0    -2682.5     21.3     13.8     10.1 2021  7 15 17 56 38.860  0.00   1
   106971  40.508407 -124.325065    18.707    -7867.0    -4644.5    -2720.5     22.7     14.4     11.4 2021  7 24 15 17 23.680  0.00   1
   106974  40.510087 -124.330477    18.343    -8325.4    -4457.9    -3084.1     10.5     10.6     19.4 2021 12 20 23 45 33.300  0.00   1
   106975  40.502625 -124.336458    18.895    -8832.7    -5286.6    -2532.4     22.4     19.9     17.5 2021 12 20 21 54 42.040  0.00   1
   106977  40.513961 -124.327547    19.973    -8077.0    -4027.7    -1453.8     19.6     21.0     38.3 2021 12 21 12 29 57.320  0.00   1
   106978  40.500509 -124.334627    18.979    -8677.7    -5521.5    -2448.7     17.5     20.8     19.6 2021 12 22  7  9  8.260  0.00   1
   106979  40.503890 -124.333879    18.906    -8614.0    -5146.1    -2521.5     17.8     14.2     15.6 2021 12 22 17  4 29.540  0.00   1
   106983  40.503947 -124.336271    18.857    -8816.8    -5139.7    -2570.3     21.9     17.5     13.0 2021 12 23 19 43 35.140  0.00   1
   106984  40.507194 -124.332552    18.089    -8501.4    -4779.2    -3338.1     28.0     14.4     29.1 2021 12 23  6 28 39.440  0.00   1
   106986  40.510433 -124.328158    18.668    -8128.9    -4419.5    -2759.3     13.9     11.0     13.0 2021 12 25  0 41  6.140  0.00   1
   106988  40.508761 -124.328361    18.575    -8146.2    -4605.2    -2852.6     21.5     16.9     23.1 2021 12 31  7 30 11.740  0.00   1
   106989  40.504122 -124.343416    18.786    -9422.2    -5120.3    -2641.5     27.1     18.7     21.2 2022  1  2 19  6  3.500  0.00   1
   106990  40.506519 -124.329932    18.337    -8279.4    -4854.2    -3089.9     26.3     12.2     21.8 2022  1  2 18 43 27.640  0.00   1
   106991  40.504688 -124.333846    19.070    -8611.2    -5057.5    -2357.6     17.0     15.5     14.9 2022  1 29  0 56  4.940  0.00   1
   106992  40.505819 -124.332235    18.620    -8474.6    -4931.9    -2806.8     15.6     15.1     16.3 2022  2 20  7 55 33.920  0.00   1
   106993  40.508895 -124.328190    19.206    -8131.7    -4590.3    -2221.3     18.5      9.6     17.6 2022  4 11  8 48 35.180  0.00   1
   106995  40.509664 -124.326188    18.560    -7962.1    -4504.9    -2866.8     20.3     13.0     11.3 2022  5 14  5 11 24.580  0.00   1
   106996  40.510710 -124.330216    18.298    -8303.3    -4388.8    -3128.8     10.4     11.5     20.9 2022  5 21 19  6 31.100  0.00   1
   106997  40.506974 -124.323307    18.681    -7718.1    -4803.6    -2746.3     20.5      8.2     14.7 2022  7 18  4 14 31.760  0.00   1
   107286  40.595447 -124.031071    23.819    17032.4     5020.9     2392.0     41.9     20.8     16.4 2020  4 12 17 13 25.640  0.00   1
   107287  40.591732 -124.019694    23.074    17996.2     4608.4     1646.5     27.9     11.5     21.5 2020  4 18 11  7 43.200  0.00   1
   107288  40.594881 -124.014526    23.137    18433.4     4958.1     1709.4     13.9     10.6      7.8 2020 11 20  1 42 41.040  0.00   1
   107289  40.594059 -124.016439    23.253    18271.6     4866.8     1825.6     15.5     10.7     10.1 2020 11 20  1 23 58.260  0.00   1
   107290  40.594299 -124.014421    23.146    18442.4     4893.5     1718.8     20.2     10.3     11.1 2020 11 20  1 20 56.960  0.00   1
   107291  40.593770 -124.014543    23.353    18432.2     4834.7     1925.5     12.7      8.8      8.6 2020 11 20  7  8 23.000  0.00   1
   107292  40.597575 -124.002091    22.869    19486.0     5257.2     1441.4     23.6     19.7     22.2 2021 11 14 17  4  4.680  0.00   1
   107293  40.595194 -124.012410    22.411    18612.5     4992.9      983.4     16.8      9.1     15.6 2021 12  5 10 31 19.440  0.00   1
   107297  40.590605 -123.999943    23.844    19668.9     4483.2     2416.8     47.0     12.0     12.2 2022  1 27  3  6  7.800  0.00   1
   107337  40.506173 -124.426229    23.109   -16438.9    -4892.6     1682.1    104.1    201.0    188.2 2020  3  7  9 53 50.140  0.00   1
   107338  40.486784 -124.454215    26.471   -18813.0    -7045.6     5044.1     16.0     18.9     24.0 2020  9 23 15 27 24.660  0.00   1
   107341  40.502535 -124.432121    25.394   -16938.6    -5296.5     3967.0     25.2     27.1     30.5 2022  5  3 13  8 48.100  0.00   1
   107359  40.528906 -124.382788    25.270   -12756.0    -2368.1     3842.7     12.7     15.5     26.6 2021 12 20 22 54  5.520  0.00   1
   107361  40.525700 -124.401725    22.813   -14360.6    -2724.2     1385.4     27.3     18.2     39.9 2021 12 20 21 57 14.080  0.00   1
   107370  40.474231 -124.534538    27.129   -25622.2    -8439.6     5702.1     21.6     31.4     45.1 2021 11 16  4 40 39.460  0.00   1
   107371  40.470284 -124.532178    23.738   -25423.0    -8877.8     2310.8     14.0     23.9     18.8 2022  4  3 19 28  4.080  0.00   1
   107574  40.463310 -124.429989    19.536   -16762.8    -9652.3    -1890.8     39.3     38.6     41.3 2020  3 11 22 47 36.760  0.00   1
   107579  40.472380 -124.429045    19.838   -16681.7    -8645.1    -1589.2     11.4      9.8     15.0 2021  9 21 12 24 42.300  0.00   1
   107580  40.471814 -124.430599    19.496   -16813.5    -8708.0    -1930.9     10.1     14.4     12.4 2021 10 16  2 20 43.560  0.00   1
   107582  40.482983 -124.436711    18.803   -17330.0    -7467.6    -2624.4     18.5     32.9     36.4 2022  2  5  7 43 32.760  0.00   1
   107583  40.472380 -124.429020    19.613   -16679.6    -8645.1    -1814.4     12.2     12.2     17.9 2022  2 19 19 28 29.060  0.00   1
   107584  40.468660 -124.427450    19.764   -16547.0    -9058.1    -1663.7     12.6     11.7     12.9 2022  2 21 15 20 50.320  0.00   1
   107585  40.468701 -124.427498    19.773   -16551.1    -9053.6    -1653.9     12.4     11.4     12.5 2022  3  8 13 52  8.680  0.00   1
   107586  40.472087 -124.429191    19.883   -16694.1    -8677.7    -1544.5     11.9     10.7     10.1 2022  3 17  5 45 51.800  0.00   1
   107609  40.571525 -123.956193    21.191    23376.9     2364.5     -235.9     12.9     16.7     17.2 2021 12 25 22 49 23.520  0.00   1
   107620  40.514954 -124.476831    27.781   -20725.2    -3917.5     6353.6     41.7     49.6     26.7 2020  3 20 11 54 38.000  0.00   1
   107621  40.502030 -124.505558    26.612   -23161.4    -5352.6     5184.5     12.1     11.1     20.1 2020  3 20 22 28 21.200  0.00   1
   107622  40.505343 -124.504899    26.753   -23105.0    -4984.8     5325.7     20.3     22.5     16.2 2020  3 21 20 18  7.640  0.00   1
   107623  40.504822 -124.504688    26.737   -23087.1    -5042.6     5309.4     20.6     21.8     15.7 2020  3 21 19  0  1.520  0.00   1
   107626  40.499597 -124.501408    26.767   -22810.1    -5622.8     5339.6     19.0     23.1     32.7 2020  4 18 11  0 19.100  0.00   1
   107627  40.498934 -124.511247    27.763   -23643.9    -5696.4     6336.1     27.1     17.4     20.6 2020  4 29 15  5 11.240  0.00   1
   107635  40.499821 -124.503687    27.228   -23003.2    -5597.9     5801.0     12.3     19.3     15.0 2021  6 23  5 14 47.320  0.00   1
   107636  40.503068 -124.504126    27.038   -23039.9    -5237.3     5611.0     10.9     12.7     14.8 2021  6 27 15 30 22.300  0.00   1
   107638  40.507381 -124.506535    26.530   -23243.2    -4758.4     5102.8     24.0     27.4     37.5 2021  8 29 17 32  5.980  0.00   1
   107639  40.500956 -124.504468    27.453   -23069.2    -5471.8     6025.7     11.5     14.8     18.1 2021  9  1  5  5 36.660  0.00   1
   107641  40.501750 -124.504126    27.331   -23040.1    -5383.7     5903.5      9.6     12.0     15.1 2021 10  7 19  8 24.060  0.00   1
   107644  40.494259 -124.506559    27.713   -23247.5    -6215.6     6286.0     20.6     35.6     33.6 2021 10 30 23 40 23.100  0.00   1
   107645  40.499772 -124.499390    27.437   -22639.1    -5603.3     6009.7     22.1     21.6     17.4 2021 11 20  8 44 57.940  0.00   1
   107648  40.502824 -124.497282    27.834   -22460.0    -5264.4     6406.8     17.8     23.7     31.0 2021 12 18  8 55  3.900  0.00   1
   107651  40.505457 -124.490609    26.424   -21894.1    -4972.1     4997.1     27.4     31.0     24.5 2022  1 12 11 34 59.600  0.00   1
   107654  40.492574 -124.504956    27.381   -23112.0    -6402.6     5953.5     20.2     38.3     36.6 2022  4 13 23 57 43.640  0.00   1
   107655  40.498905 -124.493547    25.908   -22144.1    -5699.6     4480.4     30.9     40.3     54.2 2022  7 29 16 38  2.820  0.00   1
   107656  40.488896 -124.504679    28.128   -23089.2    -6811.1     6701.1     33.3     46.8     25.4 2022  8 10  2 25 35.080  0.00   1
   107657  40.491479 -124.499854    27.909   -22679.8    -6524.2     6482.0     20.0     35.6     22.0 2022  8 23  6 57 35.860  0.00   1
   107661  40.495264 -124.517253    26.408   -24153.5    -6104.0     4980.7     25.6     36.3     25.1 2022 10 16 17  6 16.580  0.00   1
   107662  40.494698 -124.510360    27.292   -23569.5    -6166.8     5864.5     19.4     33.1     22.3 2022 10 16 21 31  2.740  0.00   1
   107663  40.495577 -124.509928    27.286   -23532.8    -6069.2     5859.2     18.2     31.0     21.9 2022 10 16 17  0 17.060  0.00   1
   107664  40.523787 -124.389648    23.660   -13337.7    -2936.5     2232.8      8.4      4.3      6.5 2020  3 13 19 20 41.280  0.00   1
   107680  40.563070 -124.014648    22.698    18427.4     1425.6     1271.1     14.7     23.3     15.8 2020  4 27  3 46 18.440  0.00   1
   107683  40.562488 -124.013118    22.608    18557.1     1361.0     1181.2     15.5      5.8     14.0 2020 11 11 11 22 54.400  0.00   1
   107687  40.561544 -123.999536    22.152    19707.6     1256.1      725.1     29.4     10.9     16.4 2021 12 25 23  5 26.280  0.00   1
   107808  40.546265 -124.197290    27.248     2958.7     -440.5     5820.4     10.7     12.8     18.8 2020  3 18 22 58 40.420  0.00   1
   107818  40.465861 -123.821370    23.234    34822.4    -9369.0     1806.7     13.2     16.9     19.1 2021  1 21 21  8 56.860  0.00   1
   107819  40.465649 -123.820036    23.247    34935.6    -9392.5     1819.7     14.4     18.2     19.0 2021  1 24 19 45 59.820  0.00   1
   107820  40.467480 -123.820988    23.088    34854.4    -9189.2     1660.9     10.6     17.6     20.0 2022  1 24 23 34 18.900  0.00   1
   107822  40.489571 -123.828369    24.770    34223.2    -6736.1     3342.3     29.5     43.7     35.6 2022  9 20 16  0 37.520  0.00   1
   107823  40.469706 -123.822965    23.168    34686.3    -8942.0     1741.2     10.5     13.5     18.6 2022 11 20 17  4 54.300  0.00   1
   107825  40.514600 -124.418783    20.305   -15807.0    -3956.8    -1122.0     94.3    118.9    151.6 2020  3 18 23 32 29.300  0.00   1
   107844  40.621773 -124.311076    19.734    -6676.0     7944.3    -1693.0      7.7      3.0     11.6 2020  3 18  4 40 58.500  0.00   1
   107847  40.622107 -124.306055    21.299    -6250.9     7981.4     -128.1      9.7      3.3     14.5 2022  1 23 16 30 25.180  0.00   1
   107849  40.621806 -124.311971    19.423    -6751.8     7948.0    -2003.8      7.7      2.5     15.7 2022 10 21 10 46 28.380  0.00   1
   107887  40.581807 -124.427694    23.046   -16553.8     3506.3     1618.3     20.3     15.2     31.2 2020  7 13 13  8 40.060  0.00   1
   107888  40.579871 -124.432853    23.352   -16990.9     3291.2     1924.7     19.3     17.8     19.8 2020  8 15  3 41 44.920  0.00   1
   107890  40.580139 -124.432739    23.298   -16981.3     3321.1     1871.0     20.5     18.6     21.1 2021  8  9 17  8 53.000  0.00   1
   107891  40.584713 -124.430599    23.880   -16799.4     3828.9     2452.8     29.3     21.0     25.6 2021  8 11  0 58 47.400  0.00   1
   107895  40.577340 -124.435018    22.747   -17174.6     3010.2     1319.8     29.0     23.1     44.3 2022  9  4 19 13 25.340  0.00   1
   107928  40.583366 -124.427295    23.141   -16519.8     3679.4     1714.0      9.0      9.8     10.8 2020  7 22  0 55 19.100  0.00   1
   107930  40.612679 -124.435107    22.947   -17177.7     6934.5     1519.7     18.5     12.3     13.6 2021 12 13  1 46 42.200  0.00   1
   107964  40.535583 -124.397795    17.949   -14026.6    -1626.6    -3478.0     27.9     24.1     31.6 2021 11 14  0  8  4.400  0.00   1
   107965  40.527531 -124.395996    18.865   -13875.0    -2520.8    -2562.7     38.8     37.1     45.4 2021 12 21 22 13 12.300  0.00   1
   107971  40.531156 -124.405208    16.969   -14655.1    -2118.2    -4458.2     29.3     27.3     42.6 2022 10  9 19  5  2.280  0.00   1
   107978  40.533114 -124.425081    28.238   -16338.4    -1900.9     6810.7     26.2     24.6     23.5 2021  4 15  8 56 41.520  0.00   1
   107980  40.526567 -124.424943    26.883   -16327.5    -2627.9     5455.3     15.5     14.3     12.3 2021  8  4 18 58 46.060  0.00   1
   107981  40.528573 -124.419067    26.855   -15829.5    -2405.2     5427.3     23.3     17.3     33.8 2021  8 21 16 23 33.700  0.00   1
   107983  40.524129 -124.433162    26.134   -17024.2    -2898.6     4707.2     20.9     17.0     23.9 2021 11  3  7 32 49.840  0.00   1
   107984  40.518490 -124.428621    26.836   -16640.1    -3524.8     5408.5     22.9     20.1     37.6 2021 12  3 10 42 13.240  0.00   1
   107988  40.529045 -124.419800    26.504   -15891.5    -2352.8     5077.2     19.0     11.9     23.6 2022  2 13 11 20 53.200  0.00   1
   107989  40.518953 -124.423771    27.087   -16229.1    -3473.3     5660.0     22.9     37.9     11.6 2022  4 26 22 35 44.360  0.00   1
   107990  40.527747 -124.423698    26.662   -16221.9    -2496.9     5235.0     20.1     19.5      8.4 2022  8 18  8 41 53.440  0.00   1
   107991  40.531262 -124.426229    26.287   -16435.9    -2106.5     4859.7     12.7     15.2     19.5 2022 11  8  8 40 30.120  0.00   1
   107992  40.526204 -123.986987    20.784    20775.9    -2668.1     -643.6     28.4     22.8     19.6 2020  3 19 15 51  1.740  0.00   1
   107998  40.518953 -123.978084    20.926    21531.3    -3473.3     -501.3     18.7     29.6     14.8 2022  1 22 10 34 20.100  0.00   1
   107999  40.519792 -123.980192    20.932    21352.6    -3380.3     -495.4     14.0     28.4     10.6 2022  2 15  1 12 31.400  0.00   1
   108057  40.467843 -124.442196    22.551   -17796.9    -9149.0     1124.0     23.2     27.1     24.9 2021 12  5 19 24 48.900  0.00   1
   108061  40.469340 -124.450301    21.379   -18483.7    -8982.7      -48.7     16.3     14.8     17.7 2022  9 23 15 56 33.080  0.00   1
   108062  40.468140 -124.430876    20.880   -16837.4    -9116.0     -547.7     18.5     26.8     22.1 2022  9 28 23  9 12.340  0.00   1
   108063  40.580965 -124.355339    27.923   -10426.5     3412.8     6495.8     15.9     17.0     30.4 2020  3 20  8 49 18.520  0.00   1
   108064  40.581071 -124.347046    27.748    -9724.2     3424.5     6321.0     18.7     12.9     25.9 2021 10 17  9 59  8.260  0.00   1
   108067  40.538566 -124.404753    28.223   -14615.7    -1295.4     6795.8     16.4     11.5     14.6 2021 11  3 11  8 47.100  0.00   1
   108068  40.536800 -124.405184    28.320   -14652.4    -1491.5     6892.8      9.4      9.8      9.3 2021 11  3  4 10 39.340  0.00   1
   108070  40.536051 -124.410107    28.330   -15069.6    -1574.7     6902.3     16.2      9.9     12.6 2021 12 20 21 58 50.200  0.00   1
   108071  40.535970 -124.411108    28.925   -15154.4    -1583.7     7497.5     19.8     16.1      9.9 2022  1  6 19 21 44.640  0.00   1
   108073  40.616732 -123.950358    22.333    23863.1     7384.5      906.0     12.4      9.5      8.5 2020  9 26  5 11 46.240  0.00   1
   108076  40.612512 -123.944645    22.032    24347.5     6915.9      604.3     12.7     14.5     14.1 2021 10 28  3 17 37.200  0.00   1
   108082  40.613236 -123.943538    21.524    24441.1     6996.4       96.8     12.7     11.2     20.8 2022  4 23 20  0 10.440  0.00   1
   108083  40.621110 -123.947420    21.774    24111.0     7870.7      347.2     20.3     15.6     23.5 2022  6 17 14 38  4.080  0.00   1
   108103  40.554887 -124.255672    23.069    -1986.6      516.9     1642.2     18.4     18.1     18.1 2020  3 24  7  2 14.780  0.00   1
   108105  40.551225 -124.246712    22.676    -1227.7      110.3     1248.9     25.1     13.4     21.0 2020 11 21  0 51 45.000  0.00   1
   108108  40.553182 -124.247729    22.253    -1313.8      327.6      825.6     25.4     17.3     33.6 2022 11 11 23  8  9.040  0.00   1
   108253  40.746057 -123.837410    20.897    33393.5    21745.5     -530.0     26.8     21.1     18.8 2020  3 28 12 19 52.180  0.00   1
   108254  40.748482 -123.837459    20.288    33388.7    22014.8    -1139.3     12.4     12.0     18.4 2020  9 14 17 47 56.900  0.00   1
   108256  40.479411 -124.458797    18.612   -19202.3    -7864.4    -2815.4     13.1     14.4     21.8 2020  3 29  2 10 37.820  0.00   1
   108258  40.476164 -124.458618    19.428   -19187.6    -8224.9    -1999.7      9.2      8.4     11.3 2021 10  3  5 55  4.840  0.00   1
   108259  40.477600 -124.457666    19.360   -19106.7    -8065.4    -2067.0      9.8      7.8     10.2 2021 11 19  6 49 32.480  0.00   1
   108344  40.525684 -124.398999    18.027   -14129.6    -2726.0    -3400.4     21.0     20.0     34.2 2022  6  5 23 40 24.620  0.00   1
   108357  40.570988 -124.100488    23.185    11156.4     2304.9     1757.5     14.9     22.3     25.2 2021  2 21 19 35 38.660  0.00   1
   108358  40.571358 -124.089030    22.719    12126.8     2346.0     1291.4     23.7     20.3     18.8 2021 10 31 11 18 33.720  0.00   1
   108359  40.569849 -124.105021    23.054    10772.6     2178.3     1626.8     14.9     25.4     23.9 2022  2  6  9 49 13.780  0.00   1
   108413  40.478247 -124.498787    23.795   -22591.6    -7993.6     2367.4     21.2     39.0     36.4 2020  4 13  9 58 32.960  0.00   1
   108414  40.459684 -124.509416    23.857   -23495.6   -10054.9     2430.1     38.5     48.2     43.0 2020  8 28 23 50 45.120  0.00   1
   108415  40.462467 -124.507430    24.717   -23326.8    -9745.8     3289.9     22.1     30.8     52.5 2020  9 24 22 17 36.960  0.00   1
   108416  40.459831 -124.504696    27.290   -23095.5   -10038.6     5863.2     26.3     34.2     39.2 2021  2  3  1 21 28.060  0.00   1
   108422  40.477026 -124.508748    23.846   -23436.0    -8129.1     2419.0     28.6     40.0     33.5 2021 11 29 21 27 26.620  0.00   1
   108424  40.466178 -124.503963    26.181   -23032.3    -9333.8     4753.3     20.3     38.2     39.8 2022  2 13  8 54 23.040  0.00   1
   108430  40.456002 -124.509269    23.870   -23483.8   -10463.8     2442.8     23.0     41.1     25.2 2022 11 14 21 27 40.840  0.00   1
   108464  40.605815 -124.093750    18.992    11724.1     6172.2    -2435.1     25.2     21.5     23.9 2022  1 22 11 10 16.600  0.00   1
   108465  40.609530 -124.102132    17.384    11014.1     6584.7    -4043.4     28.9     18.4     40.4 2022  1 29  6 14 29.780  0.00   1
   108466  40.585046 -124.303337    20.954    -6022.5     3866.0     -473.6     18.9     22.3     33.0 2020  4 19 16 21  7.220  0.00   1
   108475  40.500163 -124.430721    25.548   -16820.3    -5560.0     4121.1     14.9     22.4     17.7 2020  8 21 16 41  2.020  0.00   1
   108479  40.501778 -124.430428    22.970   -16795.3    -5380.6     1542.9     22.7     22.7     16.7 2021  9 26  7 21 14.820  0.00   1
   108490  40.635514 -124.001855    24.792    19500.5     9470.2     3365.2     15.4     10.8     14.2 2020  4 19  6 45 57.780  0.00   1
   108491  40.511332 -124.347835    17.644    -9796.1    -4319.6    -3783.3     21.0     23.9     20.2 2020  4 21 11 21 54.140  0.00   1
   108492  40.508488 -124.335384    19.094    -8741.3    -4635.5    -2333.4      5.7      6.1     10.2 2020  6 19  5 30 29.960  0.00   1
   108493  40.509998 -124.335962    19.057    -8790.2    -4467.8    -2370.5     11.8      9.7     12.2 2021  3 12  1 30 38.560  0.00   1
   108494  40.509395 -124.334106    19.101    -8633.0    -4534.7    -2326.1     11.5      7.4     11.5 2021  6 14 22 35  4.460  0.00   1
   108495  40.510136 -124.330526    19.522    -8329.5    -4452.5    -1905.2     13.2      9.8     14.4 2021  6 14 21 36  2.260  0.00   1
   108496  40.510339 -124.331421    19.458    -8405.4    -4429.9    -1969.7      9.0      9.7     12.2 2021  6 14 21 44 45.960  0.00   1
   108497  40.509497 -124.334269    19.098    -8646.8    -4523.4    -2329.6     12.0      7.3     12.9 2021  6 15  9 44 20.640  0.00   1
   108498  40.510518 -124.334090    19.028    -8631.5    -4410.0    -2398.9     14.1     10.7     10.3 2021  6 15  8 53  6.160  0.00   1
   108499  40.510986 -124.334562    18.908    -8671.5    -4358.0    -2519.6     12.7     10.9     10.5 2021  6 15  9 30  2.180  0.00   1
   108500  40.510885 -124.334473    18.983    -8663.9    -4369.3    -2444.1     14.2     11.2     12.1 2021  6 15  9 15  5.520  0.00   1
   108501  40.509408 -124.335400    19.068    -8742.6    -4533.4    -2359.1      7.7      8.8      8.3 2021 12 11  4 20 38.740  0.00   1
   108566  40.642631 -124.066349    23.395    14040.2    10260.5     1968.0      9.0      5.7      3.2 2020  5  5 15 41 19.740  0.00   1
   108569  40.505717 -124.488973    23.874   -21755.4    -4943.2     2447.2     20.4     23.6     14.8 2020  5  6  2 15 26.660  0.00   1
   108570  40.504989 -124.491479    23.404   -21968.0    -5024.1     1976.8     14.7     25.3     26.1 2021  7 27  7 34 24.040  0.00   1
   108571  40.606262 -124.091659    17.790    11901.1     6221.9    -3636.9     10.9     14.5     15.8 2020  5  9 23 48 21.420  0.00   1
   108578  40.491915 -124.505363    15.533   -23146.6    -6475.8    -5893.8     13.9     13.2     15.3 2022  3 19 17 38 45.720  0.00   1
   108600  40.553153 -124.254980    24.632    -1928.0      324.4     3205.2     11.0      8.5     19.0 2020  8  8  3  7 36.200  0.00   1
   108601  40.547925 -124.259920    26.273    -2346.5     -256.2     4846.1     19.1     14.4     22.1 2021  7 18  8 37 44.140  0.00   1
   108604  40.549349 -124.247876    23.711    -1326.3      -98.1     2283.3     18.7      7.0     11.9 2022  6 14  4 29 40.760  0.00   1
   108605  40.551436 -124.244336    23.217    -1026.4      133.7     1789.5     17.2      7.9     27.5 2022  6 29  2 18 33.580  0.00   1
   108609  40.530961 -124.348486    18.349    -9849.8    -2139.9    -3077.8     14.1      9.2     17.0 2020  5 21  5 49 36.720  0.00   1
   108610  40.531116 -124.348633    18.364    -9862.2    -2122.8    -3063.4     13.5      9.1     16.9 2020  5 21  6  0 18.060  0.00   1
   108611  40.539111 -124.347738    17.494    -9785.8    -1234.9    -3933.3      6.8      6.6      5.5 2020  5 21  5 49 32.040  0.00   1
   108616  40.527059 -124.428019    17.159   -16588.1    -2573.3    -4268.0     37.9     21.9     49.4 2020  5 27 17 28 46.460  0.00   1
   108617  40.521822 -124.382300    18.931   -12715.2    -3154.8    -2496.1     31.3     33.0     55.9 2021 12 21  9 14 12.320  0.00   1
   108618  40.522188 -124.413257    18.898   -15338.0    -3114.1    -2528.8     15.0      6.8     22.4 2020  5 29  3 10 10.980  0.00   1
   108624  40.530404 -124.338053    19.654    -8966.0    -2201.8    -1773.6     17.6     25.2     21.4 2020  6  1 23 58 17.820  0.00   1
   108625  40.527010 -124.318368    20.786    -7298.5    -2578.7     -640.9     20.2     19.8     16.6 2020  6 24  4 56 53.760  0.00   1
   108626  40.526957 -124.318490    20.830    -7308.8    -2584.6     -596.8     20.0     19.8     16.2 2020  6 25 13  0 35.620  0.00   1
   108655  40.576176 -124.183529    18.505     4123.5     2881.0    -2922.6     17.6     14.0     21.1 2021 10 12  3 27 25.740  0.00   1
   108724  40.620980 -123.933341    21.261    25303.0     7856.2     -165.9     19.2     18.1     28.0 2020  6 14 11 45 45.620  0.00   1
   108732  40.600993 -123.920003    22.645    26436.1     5636.8     1217.9     13.5     23.5     17.9 2022 10 13 19 35 55.660  0.00   1
   108757  40.543042 -124.055021    19.825    15010.2     -798.4    -1602.3     10.6     10.4     10.2 2020  6 14 14 58 40.620  0.00   1
   108758  40.541003 -124.056266    19.905    14905.0    -1024.8    -1522.3     11.7      8.3     10.8 2021  3  4 22 22 58.560  0.00   1
   108759  40.529834 -124.030688    20.907    17073.1    -2265.1     -520.6     23.0     33.2     10.2 2022  2 22 19 27 13.320  0.00   1
   108760  40.541410 -124.048885    19.848    15530.2     -979.6    -1578.9     18.7     13.6     10.9 2022  3 14  4  0 41.420  0.00   1
   108761  40.541370 -124.051823    19.920    15281.3     -984.1    -1507.0     10.3     12.8     12.6 2022  4  7 13 29 19.080  0.00   1
   108768  40.610437 -124.083846    18.568    12562.2     6685.5    -2858.8      7.5      4.7      7.0 2020 12 14 11 30 35.940  0.00   1
   108775  40.487952 -123.868815    20.725    30796.1    -6915.9     -702.5     11.0     15.1     16.9 2021  3 12  6 12 15.860  0.00   1
   108778  40.520435 -123.912240    21.016    27109.6    -3308.9     -411.2     10.6      9.0     12.4 2021 10  5  6 18 43.140  0.00   1
   108780  40.521073 -123.911263    20.858    27192.3    -3237.9     -568.8     11.0      9.0     12.0 2021 10  6 16 45 29.740  0.00   1
   108782  40.521077 -123.911393    20.876    27181.2    -3237.5     -551.0     11.4     11.6     11.9 2021 10  6 17 13 28.040  0.00   1
   108784  40.525903 -123.914868    20.821    26885.9    -2701.6     -606.2     13.8     17.9      8.7 2021 10  6 18 40 27.620  0.00   1
   108785  40.520300 -123.911629    20.919    27161.4    -3323.8     -508.2     10.8     10.6     13.1 2021 10  6 19 49 19.280  0.00   1
   108789  40.521936 -123.912207    21.246    27112.1    -3142.1     -181.1     10.1      9.2     10.3 2021 10  6 11 42 23.740  0.00   1
   108794  40.520903 -123.911068    20.871    27208.8    -3256.9     -556.0     10.6      9.3     12.0 2021 10  9 19 44 44.220  0.00   1
   108797  40.515576 -123.904582    21.308    27759.4    -3848.4     -119.3     19.1     21.2     12.3 2021 10 10 14 55 46.020  0.00   1
   108839  40.501213 -124.435409    23.493   -17217.4    -5443.4     2066.1     17.1     12.7     22.1 2021  4  7 10 38 50.740  0.00   1
   108840  40.496680 -124.437223    23.653   -17371.7    -5946.7     2225.8     15.3     15.3     15.8 2021 11  7  2 42 54.760  0.00   1
   108860  40.633496 -123.931055    21.633    25494.2     9246.1      205.9     17.5     15.3     16.2 2020  7  8 15  4 51.000  0.00   1
   108864  40.610156 -123.886011    22.963    29312.3     6654.3     1536.2     25.3     21.4     34.4 2020  7 12  6 10  9.180  0.00   1
   108865  40.611971 -123.886532    23.402    29267.9     6855.8     1975.2     34.4     24.1     52.9 2021  7 25  9 12 32.240  0.00   1
   108866  40.611589 -123.887183    22.929    29212.8     6813.4     1501.5     22.3     20.0     34.5 2022  9 20 20 35 29.800  0.00   1
   108897  40.602275 -124.120386    17.043     9469.1     5779.1    -4383.8     17.4     30.2     40.1 2020  7 21  9 58 36.880  0.00   1
   108901  40.603520 -124.096810    18.318    11465.2     5917.4    -3109.4     19.4     15.6     10.1 2020  7 28 10 54 20.520  0.00   1
   108918  40.646191 -124.022412    18.543    17758.9    10655.9    -2883.8     11.9      6.8     12.9 2020  8 14  7 59 14.720  0.00   1
   108919  40.645809 -124.018009    18.908    18131.6    10613.4    -2519.2     16.6      9.8     17.2 2020  8 14  7 29 17.360  0.00   1
   108921  40.645780 -124.022876    18.272    17719.7    10610.2    -3155.5     16.6     11.1     20.1 2021 11 16 18 50  1.700  0.00   1
   108922  40.592900 -124.116146    19.654     9828.8     4738.0    -1773.7     18.2     18.8     23.3 2020  8 17 22 44  9.820  0.00   1
   108923  40.592501 -124.116211    19.754     9823.3     4693.8    -1673.4     15.2     17.8     19.6 2020  8 17 22 37  2.940  0.00   1
   108925  40.604500 -124.106201    20.474    10669.9     6026.3     -953.6     14.8     12.9     18.3 2021  6 29  5 32 28.020  0.00   1
   108926  40.598177 -124.119889    20.666     9511.4     5324.1     -760.8      7.4     11.0     14.8 2021  9  2  7  3 32.740  0.00   1
   108956  40.535453 -124.241577    18.917     -792.8    -1641.1    -2510.1     11.4     13.3     21.9 2020  8 19  9 20 36.680  0.00   1
   108957  40.530717 -124.250863    19.007    -1579.5    -2167.0    -2420.1     15.3     12.9     16.7 2021  7 30  7  1 16.480  0.00   1
   108959  40.534041 -124.246053    18.916    -1172.0    -1797.9    -2510.8      9.6      8.2     15.7 2022  9 20 20 46 19.020  0.00   1
   108974  40.609550 -124.211320    24.033     1769.4     6587.0     2606.1     25.9     27.3     17.9 2021  6  2  8  1  4.060  0.00   1
   108976  40.604183 -124.244482    23.541    -1038.4     5991.0     2113.6     27.6     11.3     20.9 2021  8  2  1 42 32.520  0.00   1
   108977  40.620158 -124.214014    25.444     1541.2     7765.0     4017.0     19.3     31.9     28.1 2021  9 27 13 54 30.160  0.00   1
   108978  40.609326 -124.221932    25.120      870.9     6562.1     3693.1     14.0     25.5     22.0 2021 11 19  5 14  6.980  0.00   1
   108988  40.602909 -124.056746    23.015    14857.5     5849.6     1587.9     22.5     17.7     24.6 2021  9 19  2 30 15.040  0.00   1
   108995  40.562630 -123.934310    22.146    25231.9     1376.8      718.7     10.4     12.4     13.1 2020  9  7  3  4 36.280  0.00   1
   108998  40.565454 -123.934123    21.521    25247.2     1690.4       94.2     29.5     26.0     30.2 2020 11 23  2 17 29.880  0.00   1
   108999  40.562394 -123.943058    21.760    24491.0     1350.6      332.7     32.6     21.5     19.0 2020 11 23  2 27  1.080  0.00   1
   109001  40.563481 -123.933480    21.914    25302.0     1471.2      487.1     16.0     13.5     16.7 2021  4 25  2 44 15.560  0.00   1
   109003  40.547266 -123.918392    23.285    26583.1     -329.4     1857.8     40.2     40.6      9.5 2021  9 25  7 21 32.760  0.00   1
   109005  40.563265 -123.933781    22.002    25276.6     1447.3      574.6     12.0     13.8     11.2 2022  1 19 16 50 43.900  0.00   1
   109006  40.564193 -123.932878    22.034    25352.9     1550.3      606.6      8.4     15.6     14.8 2022  1 23  4 17 44.580  0.00   1
   109007  40.560380 -123.931868    22.293    25439.1     1126.9      866.1     14.0      9.0     16.3 2022  1 23 13 55 42.740  0.00   1
   109008  40.562386 -123.935693    23.386    25114.8     1349.7     1958.6     24.0     17.7     11.1 2022  5 17 14 52 29.660  0.00   1
   109027  40.521712 -123.897477    19.945    28360.1    -3167.0    -1482.4     13.6     10.0     11.0 2020  9 12  9 10  3.360  0.00   1
   109029  40.530086 -123.900228    23.400    28125.3    -2237.1     1972.9     13.0     24.6     16.6 2021 10 21 16 23 18.500  0.00   1
   109031  40.527132 -123.906144    20.417    27624.7    -2565.1    -1010.0     20.8     15.2     13.5 2022  9 21 22  2  0.300  0.00   1
   109034  40.606746 -123.922534    25.045    26220.7     6275.7     3618.2     16.2     13.6     13.8 2021 10 16  0 56 17.260  0.00   1
   109035  40.606335 -123.916431    24.969    26737.5     6230.0     3542.2      7.7      7.7      8.9 2022  4  7  7 43 59.660  0.00   1
   109037  40.599337 -124.116984    18.535     9757.3     5452.9    -2892.5      4.2      7.1      8.0 2021  8 28 10 22 15.280  0.00   1
   109040  40.535673 -124.047038    19.944    15687.3    -1616.7    -1482.8     14.7      7.0      8.0 2021  5  4 20 49 28.940  0.00   1
   109042  40.536552 -124.050285    19.786    15412.2    -1519.1    -1641.7      9.3      8.3      9.8 2021 12 10 18 19  3.380  0.00   1
   109047  40.660478 -123.884505    28.656    29428.8    12242.3     7228.8     23.1     25.7     35.0 2022  7  7 10 16 42.560  0.00   1
   109051  40.588501 -124.075342    22.125    13284.4     4249.6      698.2     10.8     11.9     14.1 2022 10 22  1 32  8.620  0.00   1
   109052  40.612508 -124.075423    18.059    13275.1     6915.5    -3367.9     38.5     16.6     32.3 2020  9 18  1 49 50.060  0.00   1
   109054  40.621920 -124.062207    18.103    14393.1     7960.6    -3324.1     56.8     28.2     40.8 2021  8  3  7 25 29.060  0.00   1
   109057  40.620138 -124.078060    17.362    13051.2     7762.7    -4065.1     18.0      9.8     18.3 2021 11  1 20 23 11.500  0.00   1
   109058  40.618888 -124.078581    17.861    13007.2     7624.0    -3566.1     17.6     11.4     14.4 2022  7  2 18 54 53.920  0.00   1
   109059  40.618945 -124.078882    17.827    12981.7     7630.3    -3600.4     17.9     11.3     14.3 2022  7  5 10 26 16.440  0.00   1
   109060  40.609526 -124.078768    18.611    12992.2     6584.3    -2816.2     20.2      9.0     18.0 2022  9 22  5 20 24.860  0.00   1
   109079  40.591736 -124.324894    21.185    -7847.6     4608.8     -242.0     12.1     10.0     18.5 2020  9 24  1 37  2.540  0.00   1
   109081  40.592509 -124.325033    21.367    -7859.3     4694.7      -60.4      7.6      8.0      8.5 2021  8  3  7 28  1.280  0.00   1
   109082  40.592110 -124.323153    21.367    -7700.2     4650.4      -59.8     13.6      8.9      9.8 2021  8  3  7 28 11.760  0.00   1
   109083  40.591211 -124.326514    21.347    -7984.8     4550.5      -80.1     12.0     11.9     18.0 2022  3 18 23 22 52.560  0.00   1
   109086  40.617102 -124.094710    19.767    11641.8     7425.6    -1659.2     16.0     21.1     18.7 2020  9 29 20 57 21.240  0.00   1
   109088  40.591996 -124.102775    23.082    10961.0     4637.7     1655.2     16.7      6.4     14.6 2021  8  2  6  3 50.240  0.00   1
   109099  40.523539 -124.372664    18.657   -11898.8    -2964.1    -2770.1    139.2     95.8    159.1 2022 11  3 21 25 34.920  0.00   1
   109112  40.571753 -123.940324    20.670    24720.9     2389.8     -757.1     34.9     25.3     37.1 2020 11 28  4 46 13.820  0.00   1
   109120  40.565210 -123.927271    21.698    25827.6     1663.2      271.1     27.1     27.9     52.3 2021 10  7 15 37 20.960  0.00   1
   109123  40.561015 -123.930697    22.176    25538.2     1197.4      748.4     31.8     27.9     48.6 2021 10  7 10 58 29.020  0.00   1
   109127  40.565137 -123.927433    21.716    25813.8     1655.1      289.0     27.8     27.8     55.9 2021 10  9 15  2 48.760  0.00   1
   109129  40.530265 -124.430257    21.312   -16777.3    -2217.2     -115.3     20.5     30.6     33.8 2020 10 11 16 54  4.900  0.00   1
   109133  40.638859 -124.029614    18.592    17150.2     9841.6    -2835.6     21.3     15.2     18.9 2020 10 20  3 57  2.000  0.00   1
   109186  40.669267 -123.911165    22.957    27170.7    13218.3     1529.7     20.8     23.3     22.9 2020 11 10  7 29 44.140  0.00   1
   109189  40.672559 -123.891406    21.756    28842.2    13583.8      328.4     24.9     11.1     21.2 2021  5 13  9 32 24.180  0.00   1
   109190  40.664132 -123.889014    22.824    29046.5    12648.0     1396.8     27.9     13.7     16.1 2022  6 25  8 45  6.260  0.00   1
   109416  40.596822 -123.968433    22.241    22336.1     5173.6      813.6     11.5     14.3     22.1 2020 11 28  4 41 25.020  0.00   1
   109417  40.596818 -123.968514    22.178    22329.3     5173.2      751.0     12.9     14.0     21.0 2020 11 28  4 28 30.560  0.00   1
   109418  40.598332 -123.972404    22.490    21999.6     5341.3     1062.3     10.5     12.0     13.8 2021  3 28 11 21 31.120  0.00   1
   109420  40.599658 -123.915796    22.088    26792.6     5488.6      660.5     16.1     15.8     12.9 2020 12  7 19  3 16.040  0.00   1
   109421  40.604036 -123.915723    22.091    26797.9     5974.7      663.5     13.6     14.5     13.4 2020 12  7 19  5 36.340  0.00   1
   109427  40.595496 -123.904093    25.626    27784.4     5026.3     4198.5     14.2     19.6     16.5 2020 11 29  9 45 15.600  0.00   1
   109428  40.594434 -123.897176    26.026    28370.3     4908.4     4598.4     13.8     12.7     10.8 2021  1 19 12 58 57.580  0.00   1
   109430  40.591923 -123.912044    26.154    27111.8     4629.6     4726.8     38.5     16.6     32.0 2022  3 18  0  7 21.100  0.00   1
   109436  40.605627 -124.098796    15.499    11296.9     6151.4    -5927.8      7.3      6.5      2.4 2020 12  1 11 36 42.680  0.00   1
   109448  40.554354 -124.017367    21.938    18198.4      457.7      510.6     20.4     29.1     20.4 2022  1 19 22 27 40.720  0.00   1
   109451  40.564148 -124.011849    22.203    18664.4     1545.3      776.0     31.2     22.9     35.4 2022  6  9  2 12 47.440  0.00   1
   109453  40.565267 -124.023617    22.774    17667.6     1669.6     1346.8     28.7     23.4     22.0 2022 11 22  5  9 14.600  0.00   1
   109457  40.589425 -124.183415    21.464     4132.7     4352.2       37.2     11.1     14.5     14.1 2022 11 20 16 58  8.260  0.00   1
   109458  40.552531 -123.889950    22.159    28991.2      255.3      731.9      8.6      6.9      5.3 2020 12 19 19 50 56.380  0.00   1
   109460  40.597078 -124.206535    25.077     2174.8     5202.1     3649.8     58.1     44.2     62.1 2021  2 11 13 50 26.620  0.00   1
   109461  40.600964 -124.105884    16.458    10697.1     5633.6    -4969.4     10.2      9.1      9.4 2021  1  4  6 14 34.600  0.00   1
   109483  40.496635 -124.465332    23.002   -19753.6    -5951.7     1575.2     11.0     15.0     10.7 2021  1 13 19 34 16.280  0.00   1
   109484  40.519234 -124.466968    23.887   -19888.9    -3442.2     2459.7      6.7      8.8      6.1 2021  2 12 14 58  6.120  0.00   1
   109485  40.512736 -124.452303    25.224   -18647.3    -4163.8     3797.0      9.5     11.5     13.5 2022  6  3  7 37 13.740  0.00   1
   109491  40.554289 -124.056665    23.099    14869.7      450.5     1671.9     10.3     12.4      9.2 2022 11 12 22 18 21.100  0.00   1
   109493  40.576563 -124.206226    19.699     2201.3     2923.9    -1728.1     40.8     23.2     44.3 2021 12 30 20 43 22.380  0.00   1
   109498  40.574325 -124.146875    21.909     7227.7     2675.4      482.2     14.5     23.4     23.2 2022  3 29  0 35 16.680  0.00   1
   109534  40.643221 -123.999479    18.459    19700.5    10326.0    -2968.1      8.8      5.0     12.0 2021  3  6  9 15 31.140  0.00   1
   109535  40.652539 -124.011393    18.502    18690.7    11360.7    -2924.8     13.0      8.1     18.4 2021  3  6  9 16 35.960  0.00   1
   109542  40.538851 -123.906087    22.876    27627.1    -1263.8     1448.5     13.9     15.1     12.9 2021  3 19 20 18 50.400  0.00   1
   109543  40.542603 -123.905542    22.877    27672.5     -847.2     1450.2     15.6     11.3     20.9 2021  7 28 11 59  6.040  0.00   1
   109544  40.541484 -123.909554    22.740    27332.9     -971.5     1313.2     15.0     11.9     15.7 2021 11  2 15 33 30.400  0.00   1
   109546  40.540999 -123.913175    22.870    27026.2    -1025.2     1443.2      7.9     11.4     21.6 2022  2  8 20 52 37.700  0.00   1
   109547  40.537618 -123.911605    23.709    27160.0    -1400.7     2282.0     21.6     19.7     26.5 2022  5 16 12 51  7.720  0.00   1
   109550  40.566862 -123.973210    23.479    21936.5     1846.7     2051.7     20.0     24.3     11.4 2021 10 14 12 55 59.780  0.00   1
   109551  40.555786 -123.974723    23.770    21810.1      616.8     2342.7      3.8     28.0      8.1 2021 10 18 11 26 36.900  0.00   1
   109560  40.576152 -124.421558    23.185   -16034.8     2878.3     1758.2     18.0     23.0     24.2 2021  4 22 19 58  9.520  0.00   1
   109562  40.574121 -124.415763    23.606   -15544.3     2652.8     2178.8     19.6     18.1     11.8 2021 10  1 17 28 56.900  0.00   1
   109563  40.574109 -124.415999    23.208   -15564.3     2651.4     1780.7     14.3     18.6     15.8 2022  6  6  8 33 56.500  0.00   1
   109585  40.702417 -123.972632    21.450    21963.4    16899.4       22.6     21.5     18.3     21.4 2021 12  9  6 38 26.640  0.00   1
   109586  40.609705 -123.803556    27.166    36293.6     6604.2     5738.6     23.1     18.4     20.2 2021  4 25 12  4 20.500  0.00   1
   109587  40.510478 -124.437207    18.674   -17368.6    -4414.5    -2752.9     32.8     45.9    114.0 2021  4 26 14 34  7.560  0.00   1
   109588  40.530428 -124.395304    20.359   -13816.1    -2199.1    -1068.3     29.0     28.6     56.1 2021  4 30  5 48 15.420  0.00   1
   109590  40.598588 -124.004395    22.880    19290.8     5369.7     1453.1     27.0     15.8     18.6 2021  5  1  6 40  3.120  0.00   1
   109592  40.567745 -124.017407    22.234    18193.1     1944.7      807.1     12.7     15.5     19.3 2022  3 10 22 12 16.660  0.00   1
   109593  40.586747 -124.207479    23.449     2095.0     4054.9     2021.6     26.4     18.7     33.6 2021  5 25 13 41 14.420  0.00   1
   109638  40.582320 -123.954419    24.621    23525.3     3563.2     3193.7      8.7      7.3      6.6 2021  6  5 11 28 29.860  0.00   1
   109639  40.573604 -123.958944    24.131    23143.6     2595.4     2703.6      8.0      5.6      7.8 2022  2 26  5 28  3.880  0.00   1
   109640  40.545504 -123.967480    21.528    22425.3     -525.0      100.5     20.6     26.2     20.8 2021  6 14 23  5 14.620  0.00   1
   109641  40.546651 -123.970467    21.834    22172.1     -397.6      406.7     16.5     26.2     25.5 2021  6 15  4  8 20.200  0.00   1
   109643  40.539742 -123.968921    21.442    22304.2    -1164.9       14.5     18.9     30.3     19.8 2021  6 15  2 15 10.680  0.00   1
   109645  40.550688 -123.972518    20.781    21997.7       50.6     -646.2     15.3     17.6     15.9 2021  9 21 16 59  7.260  0.00   1
   109646  40.552132 -123.970272    20.724    22187.8      211.0     -703.3     16.1     20.6     23.0 2022  8 19 22 15 53.220  0.00   1
   109647  40.550736 -123.972331    20.985    22013.6       56.0     -442.5     14.1     19.1     18.9 2022  9 26 14 46 33.600  0.00   1
   109649  40.482642 -124.509562    17.444   -23504.0    -7505.6    -3983.6     18.0     17.9     26.2 2022  9 18  8 29  6.480  0.00   1
   109653  40.598918 -124.324064    21.462    -7776.9     5406.3       34.4     12.5     14.5     32.5 2021  6 26 23 51 53.520  0.00   1
   109656  40.606014 -124.318652    19.990    -7318.3     6194.3    -1437.6     38.3     20.2     25.8 2021  7  7 21  8 20.520  0.00   1
   109661  40.598800 -124.329956    20.875    -8275.8     5393.2     -551.9     10.2     12.8     27.6 2022 11 27 17  4 31.920  0.00   1
   109701  40.533862 -124.352995    18.045   -10231.5    -1817.8    -3381.8     20.5     17.6     16.1 2021  7  9 20  8 44.560  0.00   1
   109707  40.705143 -123.934570    23.037    25183.2    17202.2     1609.6     17.7     16.0     14.4 2021  7 21  1 57 33.440  0.00   1
   109708  40.707784 -123.944751    22.473    24321.4    17495.4     1046.1     27.1     14.2     11.5 2022  8 13 12 33 41.180  0.00   1
   109709  40.707491 -123.944076    22.464    24378.6    17462.9     1036.3     25.4     14.1     12.2 2022  8 13 13  7 15.920  0.00   1
   109710  40.478796 -124.402734    20.189   -14451.1    -7932.6    -1238.4     10.3     16.7     26.4 2021  7 21  6 27  7.140  0.00   1
   109714  40.514718 -124.434139    17.622   -17108.1    -3943.7    -3805.7     11.3     12.1     16.4 2021  7 22  8 29 59.260  0.00   1
   109718  40.504716 -124.448991    18.456   -18367.8    -5054.3    -2971.4     20.1     20.2     31.0 2022  4  3 19 26 32.500  0.00   1
   109728  40.639738 -123.914486    21.331    26895.6     9939.2      -96.6      9.7      5.7      5.9 2021 10 28 17 29 28.460  0.00   1
   109729  40.640291 -123.916618    21.319    26715.0    10000.7     -108.5     11.4      4.7      6.0 2021 10 28 20 25 38.640  0.00   1
   109732  40.503040 -124.461532    18.486   -19430.7    -5240.5    -2941.4     20.4     22.0     26.1 2021  8  5  5 11 35.000  0.00   1
   109733  40.504744 -124.455550    22.916   -18923.6    -5051.2     1489.1     24.2     29.7     44.0 2021 12 18  9  2 20.600  0.00   1
   109734  40.502242 -124.456698    21.438   -19021.2    -5329.1       11.2     18.9     22.0     25.6 2021 12 21 16 46 40.580  0.00   1
   109740  40.522099 -124.358651    27.852   -10711.6    -3124.1     6425.0     77.4     65.4     58.4 2021 12 25  9  3 58.480  0.00   1
   109741  40.542598 -124.370011    23.695   -11672.4     -847.7     2267.6     50.6     39.1     63.2 2022  8 24 18 28  5.620  0.00   1
   109742  40.636853 -124.041569    19.633    16138.5     9618.9    -1793.9     22.4     19.8     25.2 2021  8 23  5 51 36.160  0.00   1
   109744  40.540161 -123.780339    21.892    38279.1    -1118.3      464.8      9.3     17.6      7.8 2021  8 29 12 47 11.520  0.00   1
   109745  40.542985 -123.793384    22.972    37173.3     -804.7     1545.1     21.6     27.4      8.3 2022  1  7 12 47 18.900  0.00   1
   109758  40.549365 -124.225285    17.810      587.3      -96.2    -3616.8      5.0      3.8      5.9 2021  9 12 22 48 15.460  0.00   1
   109773  40.510579 -124.412785    20.990   -15299.3    -4403.2     -437.7     31.2     50.7     74.9 2021 12 23 10 30 50.600  0.00   1
   109775  40.575346 -124.220329    19.758     1006.9     2788.8    -1669.4     13.7     12.0     24.1 2021  9 23 19 33 34.900  0.00   1
   109779  40.526172 -124.328035    19.340    -8117.6    -2671.8    -2086.8     87.5     40.0     58.0 2021  9 30  4 43 34.000  0.00   1
   109788  40.517110 -123.884058    21.527    29498.0    -3678.0       99.4     22.7     17.8     21.1 2021 10  7  4 45 50.940  0.00   1
   109789  40.509237 -123.874259    21.486    30330.0    -4552.3       58.8     22.7     15.6     23.4 2021 10  7  5 44  8.100  0.00   1
   109791  40.509660 -123.876058    21.544    30177.5    -4505.3      117.1     20.9     15.1     12.1 2021 10  9 15 14 13.920  0.00   1
   109792  40.511967 -123.878101    21.623    30003.9    -4249.1      196.2     14.3     16.0     18.7 2021 10  9 14 51  7.940  0.00   1
   109793  40.515873 -123.880184    21.617    29826.5    -3815.4      190.0     14.9     16.3     16.6 2021 10  9 19 19 22.180  0.00   1
   109794  40.511247 -123.876465    21.538    30142.7    -4329.1      110.9     14.9     13.6     15.8 2021 10 16 14 55 23.500  0.00   1
   109795  40.514819 -123.879883    21.651    29852.3    -3932.4      223.5     12.4     12.9     18.3 2021 11  4 10 59  4.180  0.00   1
   109796  40.514339 -123.877938    21.552    30017.2    -3985.7      124.3     12.6     12.8     11.9 2021 11  7  7 51 35.860  0.00   1
   109801  40.547087 -123.847624    23.520    32577.7     -349.3     2093.0     12.8     12.5     21.8 2022  1 31 19 52 42.840  0.00   1
   109836  40.613660 -124.124487    18.984     9121.0     7043.4    -2442.9     20.8     10.2     21.6 2021 10 22 21  9 45.260  0.00   1
   109837  40.610030 -124.077108    20.835    13132.8     6640.3     -592.6      7.8     16.0     13.2 2021 10 31 13 10  3.600  0.00   1
   109838  40.550822 -123.954004    22.866    23565.9       65.5     1439.1     26.4     24.8     20.3 2021 11  3 19 22 52.340  0.00   1
   109846  40.599084 -124.052653    17.282    15204.5     5424.8    -4145.6    138.0     85.2    130.6 2021 11 25 17 56 31.760  0.00   1
   109849  40.605505 -124.306535    20.667    -6292.4     6137.9     -760.1      9.0      4.4     11.6 2021 11 29  9 17 10.340  0.00   1
   109852  40.523625 -124.432585    19.695   -16975.3    -2954.6    -1732.6      6.6      5.4     13.9 2022  1 18 10 25 37.780  0.00   1
   110087  40.590141 -124.204069    20.533     2383.7     4431.7     -894.0     10.2     11.4     15.2 2021 12 11 10 51 42.420  0.00   1
   110088  40.540645 -124.323796    18.186    -7757.6    -1064.5    -3241.3     49.1     15.2     57.3 2021 12 20 23 40 19.580  0.00   1
   110091  40.540763 -124.322013    18.144    -7606.6    -1051.4    -3283.4     49.1     15.0     54.0 2022  8 22 11 46 57.980  0.00   1
   110092  40.543575 -124.304378    18.371    -6112.6     -739.2    -3056.2     64.4     20.9     46.4 2022  8 22 11 19 44.520  0.00   1
   110093  40.543237 -124.323324    18.679    -7717.4     -776.7    -2748.0     45.9     20.8     38.9 2021 12 20 21 17 43.440  0.00   1
   110095  40.547127 -124.308073    18.347    -6425.4     -344.8    -3080.3     38.6     15.9     44.6 2022  7 14  2 59 53.060  0.00   1
   110120  40.520748 -124.414966    20.596   -15482.9    -3274.1     -830.9     19.8     31.6     44.7 2021 12 20 20 29 25.860  0.00   1
   110127  40.577189 -124.205843    17.207     2233.7     2993.5    -4220.3     22.1     17.2     24.9 2021 12 20 20 15 20.340  0.00   1
   110129  40.516199 -124.446200    17.622   -18129.7    -3779.2    -3805.5     11.1     10.4     15.8 2021 12 20 22 57 59.980  0.00   1
   110153  40.497253 -124.331999    20.739    -8455.2    -5883.0     -688.6     31.4     31.4     34.8 2021 12 21  3 28 34.100  0.00   1
   110154  40.502600 -124.333561    18.576    -8587.2    -5289.3    -2851.6     16.3     20.0     17.7 2021 12 23  6 55 41.480  0.00   1
   110156  40.510954 -124.320809    19.038    -7506.2    -4361.7    -2389.6     25.1     25.4     21.8 2021 12 23  4 51 44.220  0.00   1
   110160  40.523682 -124.417098    18.190   -15663.2    -2948.3    -3237.4      9.1      7.0     14.7 2021 12 21 19 30 31.800  0.00   1
   110168  40.579036 -124.174430    19.155     4893.9     3198.6    -2272.6     97.9     35.5     73.9 2021 12 21  2 44 44.640  0.00   1
   110179  40.546041 -124.349854    23.817    -9964.5     -465.4     2390.0     27.9     25.9     28.9 2022  3 20  6 57 16.680  0.00   1
   110181  40.499325 -124.449235    17.610   -18389.2    -5653.0    -3817.3     21.2     19.7     27.1 2021 12 25 16 54 33.700  0.00   1
   110183  40.596000 -124.109090    17.773    10426.0     5082.4    -3654.5      7.6      6.3      9.4 2021 12 26 16  2 15.940  0.00   1
   110184  40.587691 -123.991333    20.341    20398.4     4159.7    -1085.9     16.1     15.0     17.4 2021 12 27  8 53  5.400  0.00   1
   110185  40.575146 -123.988330    20.980    20654.6     2766.6     -447.5     10.0     11.6     12.7 2022  5 28  7 57  1.360  0.00   1
   110186  40.575444 -124.209684    19.024     1908.4     2799.6    -2403.4     31.8     23.5     39.0 2021 12 28  6 35 41.580  0.00   1
   110187  40.574703 -124.197298    18.754     2957.4     2717.4    -2673.6     24.2     15.9     32.2 2021 12 31 13 31 14.620  0.00   1
   110188  40.574788 -124.197860    18.772     2909.8     2726.9    -2655.1     23.8     15.5     31.6 2022  1  1 22 14 38.120  0.00   1
   110189  40.574683 -124.197266    18.741     2960.1     2715.1    -2686.4     24.3     15.8     32.1 2022  1  2 11 16 33.460  0.00   1
   110190  40.572628 -124.161662    19.133     5975.5     2487.0    -2294.1     48.9     18.8     26.3 2022  4 25  2 10 11.700  0.00   1
   110191  40.574219 -124.190885    18.590     3500.5     2663.6    -2836.8     26.4     15.8     33.9 2022  9  1 20 43  2.920  0.00   1
   110199  40.509749 -124.398796    22.269   -14114.1    -4495.4      842.1    138.2    138.7    171.6 2021 12 31 17  2 13.380  0.00   1
   110209  40.596094 -124.099699    24.719    11221.2     5092.7     3291.5     12.5     15.0     13.4 2022  4  2 19 46 56.000  0.00   1
   110211  40.515747 -124.443091    18.083   -17866.4    -3829.4    -3344.2      4.9      4.9     10.6 2022  4  3 10 39 47.080  0.00   1
   110231  40.516211 -124.437354    18.956   -17380.3    -3777.9    -2471.5      7.1      6.6     12.5 2022  5 14 20  9 30.640  0.00   1
   110234  40.534045 -124.243351    19.988     -943.1    -1797.4    -1438.8     22.9     11.9     12.5 2022  5 25  9 25 42.220  0.00   1
   110250  40.520797 -124.407064    21.280   -14813.4    -3268.6     -146.9     14.1     12.3     18.0 2022  7  2 10 23 23.100  0.00   1
   110253  40.594515 -124.113590    18.584    10045.0     4917.4    -2842.9      8.3      7.4      7.3 2022  7 20  6 28 50.580  0.00   1
   110254  40.595386 -124.113704    18.345    10035.3     5014.1    -3082.1      6.4      4.9      8.2 2022  8  9  7 59 33.060  0.00   1
   110255  40.598584 -124.116829    17.647     9770.5     5369.3    -3780.5      6.5      6.7     10.8 2022  8  9  8  9 40.340  0.00   1
   110266  40.537809 -124.332951    18.574    -8533.3    -1379.5    -2853.5     19.8     18.9     33.7 2022  8 30  6 25 35.480  0.00   1
   110273  40.649133 -124.012199    19.821    18623.0    10982.5    -1606.7     18.3     15.3     21.1 2022 10 28 12 43 42.000  0.00   1
   110274  40.520040 -124.436816    18.881   -17334.3    -3352.7    -2545.9      9.1     14.5     23.5 2022 10 29 20 38 50.780  0.00   1
   110275  40.513949 -124.434131    20.529   -17107.5    -4029.1     -898.5     12.5     18.0     26.5 2022 10 30  3 34  2.660  0.00   1
   110276  40.519043 -124.438289    19.331   -17459.2    -3463.4    -2096.2     12.0     12.5     17.5 2022 11 12 10 31 42.840  0.00   1
   110279  40.517163 -124.433040    19.729   -17014.7    -3672.1    -1698.5      9.8      8.0     13.2 2022 11  2 16 39 30.260  0.00   1
   110282  40.525659 -124.421834    19.413   -16064.3    -2728.7    -2014.1     36.8     24.7     35.4 2022 11 15 17 48 18.560  0.00   1
   110296  40.581966 -123.985970    20.546    20853.5     3523.9     -881.3     17.2     10.6     12.9 2022 12 22  3  8  5.860  0.87   1
   110298  40.534981 -124.272933    11.689    -3449.1    -1693.5    -9737.9      6.6      3.1      3.9 2023  1 17 13 54 45.520  1.24   1
   110302  40.566268 -124.129435    21.960     8705.2     1780.7      532.6     16.7     15.8     17.1 2022 12 24  0 35 18.890  0.89   1
   110303  40.488139 -124.497933    24.004   -22517.6    -6895.2     2577.0     14.7     13.9     13.2 2022 12 20 12 25 25.380  2.43   1
   110305  40.434778 -124.602450    22.817   -31387.1   -12820.6     1390.1      9.8     17.8    113.1 2023  4  2 11 44 21.610  2.51   1
   110307  40.527677 -124.417367    23.250   -15685.5    -2504.6     1822.4     19.4     20.2     29.4 2023  3  9  9 11 18.070  1.00   1
   110308  40.577315 -123.877425    22.357    30046.6     3007.5      930.2     14.4     14.2      6.1 2022 12 21 19 21 21.160  1.21   1
   110311  40.539889 -124.494425    23.967   -22211.8    -1148.6     2539.3     10.1     11.9      7.8 2023  2  6  9 53 42.140  2.82   1
   110326  40.577348 -124.243302    20.001     -938.7     3011.1    -1426.0     37.4     16.2     30.2 2023  4 26 22 23  7.880  0.79   1
   110327  40.621016 -123.948698    21.504    24002.9     7860.3       76.5      7.4      7.6      8.1 2022 12 21  8 59 40.650  1.14   1
   110330  40.585335 -123.914901    25.827    26871.3     3898.1     4399.4     18.1     12.2     22.6 2023  5 27  2 45 49.750  0.87   1
   110334  40.620508 -124.313875    20.577    -6913.1     7803.8     -850.1      9.9      6.8     17.2 2023  2 22  6 20 25.080  1.45   1
   110341  40.562569 -124.132259    22.472     8466.2     1370.0     1044.5      8.7      5.5      9.0 2023  1  5 14 47  6.170  2.14   1
   110346  40.538745 -123.889819    23.128    29005.2    -1275.6     1701.0     14.4     19.4     18.0 2023  5 28  1 45 53.620  1.36   1
   110354  40.509932 -124.421094    24.102   -16003.4    -4475.1     2674.4     13.5     13.4     41.7 2023  4 14  1 57  6.610  1.17   1
   110355  40.518571 -124.492367    15.941   -22040.9    -3515.8    -5486.7      8.3      9.2     25.2 2023  2 16 22 15  2.800  1.44   1
   110359  40.750944 -123.979565    21.730    21369.0    22288.1      303.0     23.7     19.4     13.9 2022 12 22  4 53 56.390  0.79   1
   110365  40.528109 -124.234261    17.722     -173.0    -2456.7    -3705.1     19.1      9.4     15.0 2022 12 20 12 37 22.690  1.44   1
   110367  40.551497 -123.974284    21.386    21848.0      140.5      -40.9     10.8      7.1      8.8 2022 12 25  1 20 33.690  1.82   1
   110368  40.607662 -123.980094    21.908    21347.0     6377.3      480.4     20.5     18.8     20.1 2023  2 14  3 52  7.700  1.37   1
   110370  40.695032 -123.897380    22.337    28331.9    16079.3      909.5     35.3     30.1     29.6 2022 12 21  4 44 13.820  1.30   1
   110373  40.664738 -123.991423    26.201    20379.2    12715.4     4773.9     59.9     40.5     92.6 2022 12 20 23 58 39.800  0.88   1
   110374  40.752791 -123.868384    20.797    30772.2    22493.3     -630.4     10.8     13.1      8.2 2022 12 22  4 46 28.990  1.00   1
   110378  40.591976 -124.050244    22.145    15409.3     4635.5      717.6     15.4     13.7     21.7 2022 12 21 18 52 28.640  1.06   1
   110379  40.518982 -124.421810    18.233   -16063.0    -3470.2    -3194.1     27.7     30.7     39.0 2022 12 22  9 21 28.530  1.40   1
   110382  40.542529 -124.064030    19.380    14247.1     -855.3    -2047.5      8.7      7.8      5.4 2022 12 26  5 31 21.180  1.08   1
   110385  40.593416 -124.085921    19.226    12388.1     4795.4    -2201.4      5.2      4.5      8.2 2022 12 23  0 19 22.520  0.90   1
   110387  40.533602 -124.383431    25.116   -12810.0    -1846.7     3688.6     17.9     11.8     16.8 2023  1 28 23 56 58.200  3.85   1
   110388  40.508899 -124.448112    14.610   -18292.8    -4589.8    -6817.5     18.8     13.8     38.1 2022 12 31 10 20 40.360  1.04   1
   110390  40.640161 -123.988582    25.961    20623.3     9986.2     4534.1      8.6      5.0     13.1 2023  1 17  5 14  2.510  1.84   1
   110391  40.588953 -124.196997    21.926     2982.6     4299.8      499.2     15.6     20.2     25.1 2022 12 23  0 35 44.600  1.56   1
   110392  40.512846 -124.423055    17.909   -16169.2    -4151.6    -3518.2     15.3     13.8     31.7 2023  1  1 12 19 44.130  1.25   1
   110395  40.554773 -124.216341    16.733     1344.8      504.3    -4694.4      8.5      6.5     12.4 2022 12 20 23 19 53.720  1.40   1
   110396  40.536365 -124.260799    18.210    -2421.2    -1539.9    -3217.2     14.4     13.1     16.3 2022 12 24 20  6  9.180  0.83   1
   110399  40.530212 -124.411125    17.912   -15156.4    -2223.1    -3515.2     28.9     25.1     33.8 2022 12 20 10 44 46.730  2.70   1
   110400  40.563094 -124.048438    23.362    15565.6     1428.3     1934.5     34.2     28.4     45.3 2022 12 25  4 33 20.570  0.83   1
   110404  40.560950 -124.015576    21.939    18349.1     1190.2      512.1     19.0     13.0     19.6 2022 12 27  0 23 33.800  1.12   1
   110406  40.593188 -124.107104    19.575    10594.3     4770.1    -1852.2      9.7     12.2     13.2 2023  1 11  3 23 18.830  1.45   1
   110408  40.610494 -123.847697    27.533    32556.2     6691.8     6105.9     11.6      8.8      8.8 2023  2 12 20 12 15.900  2.47   1
   110409  40.517615 -124.417082    20.454   -15662.5    -3622.0     -973.5     12.9     27.3     49.8 2022 12 21 22  8 58.660  1.39   1
   110412  40.573564 -124.074373    19.673    13367.9     2590.9    -1754.4      6.8      8.3      8.3 2022 12 26  7 30 25.960  0.98   1
   110417  40.551685 -123.976440    21.491    21665.3      161.3       63.8      8.1     13.3      5.9 2022 12 24 12 43  0.520  1.06   1
   110422  40.621712 -124.304378    19.988    -6109.0     7937.6    -1438.2      9.9      6.9     13.2 2022 12 29 13 40 18.010  1.27   1
   110423  40.504321 -124.334969    18.725    -8706.4    -5098.2    -2702.5     10.4      9.2     10.0 2023  2 17 12 38 36.270  0.88   1
   110429  40.593563 -124.014006    22.459    18477.7     4811.7     1031.6      9.1      8.1      8.0 2022 12 22  9 28 37.970  0.68   1
   110431  40.601013 -124.108553    23.076    10471.1     5639.0     1648.3     20.8      9.8     11.0 2022 12 21 17 59 17.620  1.95   1
   110432  40.496517 -124.457194    26.471   -19064.0    -5964.8     5043.3     15.4     10.2     19.9 2022 12 22  1 13 30.130  2.71   1
   110434  40.512105 -124.463647    19.065   -19608.6    -4233.8    -2362.3     13.4     13.1     21.5 2022 12 21 18 26 29.520  1.33   1
   110435  40.533073 -124.380151    24.855   -12532.2    -1905.4     3427.6      6.7     14.1     18.1 2023  1 28 20  7 39.900  1.24   1
   110436  40.476196 -124.533879    23.706   -25566.0    -8221.3     2279.2      8.8     19.1     16.3 2023  2 18  0 47 37.880  1.15   1
   110439  40.473409 -124.430062    19.778   -16767.8    -8530.8    -1649.5      9.4      9.0     11.6 2023  1 27 16 28 41.960  1.01   1
   110442  40.571163 -123.950716    21.854    23840.8     2324.3      427.1     13.5     17.1     15.3 2022 12 20 18 48 54.600  0.91   1
   110443  40.579390 -124.181787    18.853     4270.8     3237.9    -2574.0     33.7     19.3     38.6 2022 12 21 21 55 10.140  0.79   1
   110444  40.503442 -124.504590    27.358   -23079.1    -5195.8     5930.9     12.3     13.6     10.9 2022 12 23 21 41 55.000  1.21   1
   110445  40.525427 -124.388623    23.589   -13250.6    -2754.4     2161.5      8.3      4.4      5.9 2022 12 21  8  6 55.910  1.80   1
   110447  40.563334 -124.017407    22.685    18193.7     1454.9     1257.9     13.2     10.2      9.7 2022 12 24 19 37 36.120  1.39   1
   110448  40.596619 -124.127222    21.715     8890.6     5151.0      287.6     25.6     12.5     16.3 2023  1 31 13 12 49.420  1.12   1
   110452  40.545581 -124.192839    27.636     3335.8     -516.5     6208.8     10.1     12.9     17.6 2022 12 20 23 25 36.340  1.09   1
   110453  40.509298 -124.473771    17.752   -20466.8    -4545.6    -3675.0     13.0     13.2     17.1 2022 12 21 12  8  6.020  1.11   1
   110454  40.464596 -123.817700    23.051    35133.8    -9509.5     1623.9      9.8     13.4     19.4 2022 12 21 13 41 59.550  0.69   1
   110455  40.532418 -124.420199    16.134   -15924.9    -1978.2    -5293.3    130.2    150.9    261.7 2022 12 23 13  9 40.300  0.89   1
   110458  40.621472 -124.310254    20.175    -6606.5     7910.9    -1252.6      7.2      2.6     10.6 2023  2 14  6 32 28.460  1.23   1
   110462  40.585433 -124.438989    23.857   -17509.9     3908.9     2429.9     17.3     13.6     24.0 2023  4 22 17 56 13.080  1.37   1
   110464  40.588045 -124.427132    23.207   -16505.5     4199.0     1779.9      7.9      6.7     11.2 2023  2 13 21 32 14.280  2.09   1
   110466  40.531828 -124.392489    15.472   -13577.5    -2043.7    -5955.2     19.0     20.3     32.7 2022 12 22  0 27 26.630  0.83   1
   110467  40.528857 -124.424959    26.679   -16328.6    -2373.5     5252.2     12.5     11.8     14.7 2022 12 22  3 58 10.660  0.90   1
   110468  40.528451 -123.976945    20.361    21626.3    -2418.7    -1066.5     20.3     21.2     15.9 2022 12 24  1 17 32.850  0.88   1
   110470  40.537097 -124.357910    16.941   -10647.7    -1458.6    -4486.4     17.6     15.9     26.3 2023  3 29  5  5 59.480  1.47   1
   110474  40.472542 -124.448893    21.132   -18363.9    -8627.1     -295.1     14.2     17.4     20.1 2022 12 20 12 14 11.380  2.27   1
   110475  40.583944 -124.352311    28.062   -10169.9     3743.5     6635.2     13.4     13.4     19.6 2022 12 21 15  8 37.620  1.85   1
   110476  40.536776 -124.407267    28.202   -14828.9    -1494.3     6775.0      6.0      5.1     11.4 2022 12 20 13 24 12.330  1.51   1
   110477  40.611308 -123.937899    21.819    24918.9     6782.2      391.4      8.1      6.8     11.9 2023  1  3  7 18 42.400  0.99   1
   110479  40.534757 -124.359774    17.109   -10805.8    -1718.4    -4318.4     18.6     16.2     22.4 2022 12 26  2  4 21.800  1.88   1
   110480  40.557727 -124.251831    23.190    -1661.2      832.3     1762.3     14.7     12.6     16.8 2022 12 21  2 56 11.820  1.60   1
   110481  40.490670 -124.466105    18.414   -19820.0    -6614.1    -3013.4     14.8     13.6     24.7 2023  4  5 14 51 18.340  1.34   1
   110482  40.584115 -123.921517    21.674    26311.2     3762.5      246.5     19.8     18.8     26.4 2022 12 21 19 52  6.360  0.64   1
   110484  40.525199 -124.419499    19.676   -15866.4    -2779.7    -1751.6     56.8     57.3     78.8 2022 12 25  4  3 37.800  0.93   1
   110487  40.753137 -123.850374    20.596    32295.3    22531.7     -831.2     21.3     15.4     16.3 2022 12 20 14 11  0.150  2.57   1
   110488  40.478581 -124.457764    19.436   -19114.8    -7956.5    -1991.4      8.6      7.2     10.1 2023  2 18  9 18 28.190  1.40   1
   110489  40.518844 -124.425285    19.262   -16357.4    -3485.5    -2165.5     17.7     21.5     26.2 2022 12 29  9 57 25.630  1.27   1
   110494  40.523938 -124.415332    17.587   -15513.6    -2919.8    -3840.0     20.1     20.0     39.0 2023  3  5 20 14 19.720  1.28   1
   110496  40.504041 -124.446346    17.868   -18143.8    -5129.3    -3559.6     11.9     12.0     18.2 2022 12 30 12 51 54.870  1.14   1
   110497  40.574219 -124.097493    22.644    11409.8     2663.6     1216.4      8.2      8.9      9.2 2022 12 31 14 27 57.700  1.02   1
   110501  40.467786 -124.508708    24.004   -23434.2    -9155.3     2576.5     17.9     24.0     21.1 2022 12 30 21 43 18.320  2.12   1
   110506  40.606970 -124.076538    20.327    13181.3     6300.5    -1100.4     28.5     15.4     30.6 2022 12 20 21 47 48.880  1.10   1
   110507  40.528849 -124.396086    17.965   -13882.5    -2374.4    -3462.6     27.1     32.3     34.9 2022 12 21 10 16 11.430  0.70   1
   110508  40.612687 -124.092668    18.065    11815.1     6935.4    -3362.2     24.3     18.9     23.7 2022 12 30  9  0 39.550  1.14   1
   110509  40.573263 -124.277051    23.746    -3796.9     2557.4     2318.7     19.5     24.0     24.5 2023  1  2  8  1 22.300  0.77   1
   110510  40.497021 -124.432479    25.073   -16969.7    -5908.8     3646.2      7.6     17.6     24.1 2023  1  2  8 25 11.060  1.28   1
   110511  40.631649 -124.020524    23.336    17920.7     9041.0     1908.9     15.8     10.8     14.7 2022 12 21  4 15 19.850  2.45   1
   110512  40.509294 -124.336060    19.095    -8798.5    -4546.0    -2331.9      6.7      5.4      7.2 2022 12 21 17 35 50.480  1.40   1
   110513  40.523360 -124.413721    18.915   -15377.1    -2984.0    -2512.5     83.8     75.1    117.4 2022 12 20 15  4 50.680  1.42   1
   110515  40.540340 -124.231421    21.669       67.6    -1098.4      241.6     24.0     17.1     19.3 2023  1 11 13 29 12.060  1.57   1
   110517  40.596956 -124.086434    23.486    12344.3     5188.5     2059.0     26.7     13.9     17.2 2023  3 12  6 43 46.740  0.89   1
   110518  40.522640 -124.433797    18.280   -17078.1    -3064.0    -3146.9     27.1     23.4     45.1 2022 12 20 10 43 39.300  2.63   1
   110519  40.575977 -124.143595    22.433     7505.3     2858.8     1006.1     28.7     11.9     18.2 2022 12 20 23 22 14.760  1.65   1
   110521  40.569934 -124.161287    23.124     6007.3     2187.8     1696.9     29.9     16.2     21.8 2022 12 23  1 11 44.550  1.32   1
   110522  40.644080 -124.085954    23.263    12380.7    10421.3     1835.5     12.7      5.6      3.2 2022 12 20 18 48 15.520  0.97   1
   110523  40.511263 -124.490299    23.439   -21867.0    -4327.3     2012.0     14.2     20.8     25.2 2022 12 21  1  7 33.310  3.25   1
   110524  40.609338 -124.080249    17.590    12866.9     6563.5    -3837.6     15.7     14.8     16.1 2022 12 21  9 31  7.840  1.25   1
   110525  40.618925 -124.082153    18.008    12704.7     7628.0    -3419.2     17.9     13.4     19.9 2022 12 26  7 21 10.390  0.93   1
   110526  40.489091 -124.510531    15.524   -23585.0    -6789.4    -5902.8     13.8     13.3     15.3 2023  2 18 20 58 10.920  1.67   1
   110527  40.521960 -124.440389    19.425   -17636.7    -3139.4    -2002.2     17.0     17.8     26.0 2022 12 22  3 55 53.820  1.44   1
   110529  40.553267 -124.256730    24.340    -2076.2      337.1     2912.3     10.1      3.9     25.0 2023  5 18 13 21 36.440  0.56   1
   110530  40.620219 -124.070093    15.925    13725.7     7771.7    -5502.2     27.7     18.3     18.0 2022 12 22  4 49 54.170  0.84   1
   110531  40.533858 -124.349756    18.664    -9957.2    -1818.2    -2763.3     13.8      9.1     15.7 2022 12 20 19 16  2.640  1.29   1
   110532  40.544503 -124.342424    16.419    -9335.3     -636.2    -5008.4      6.3      6.5      5.5 2022 12 23  4  9 55.040  1.00   1
   110533  40.652926 -124.056291    15.831    14890.5    11403.7    -5596.4      6.1      5.1      7.8 2022 12 21 11 50 10.940  0.78   1
   110534  40.528939 -124.403654    19.844   -14523.7    -2364.5    -1582.8     22.7     25.1     30.6 2023  1  4 16 29 55.050  1.61   1
   110535  40.523633 -124.412158    18.312   -15244.7    -2953.7    -3115.3     14.5      7.3     17.5 2022 12 22 10 55 51.720  0.98   1
   110537  40.610417 -124.080192    23.413    12871.6     6683.2     1986.2     30.5     20.2     24.1 2022 12 21 16 28 15.660  3.99   1
   110539  40.523873 -124.344263    18.777    -9492.5    -2927.1    -2650.7     13.8     17.3     19.8 2022 12 25  8 22 48.250  0.72   1
   110541  40.580713 -124.192383    18.850     3373.5     3384.8    -2577.0     21.1     13.7     21.2 2023  2 18  6 52 19.650  1.07   1
   110542  40.578345 -124.191423    18.425     3454.9     3121.8    -3002.7     34.7     16.0     36.8 2022 12 20 17 56  5.920  1.14   1
   110544  40.598153 -124.190031    20.023     3572.2     5321.4    -1404.7     31.3     14.1     28.2 2023  3 21 22 51 34.760  0.98   1
   110546  40.503988 -124.449211    18.940   -18386.5    -5135.2    -2487.5     13.2     14.5     22.8 2022 12 27  1 23 41.520  0.94   1
   110547  40.614982 -123.924894    21.352    26019.3     7190.2      -74.8     13.6     14.4     27.9 2022 12 20 23 36 50.880  1.00   1
   110549  40.543278 -124.056087    19.761    14919.9     -772.2    -1666.5      7.8      9.8      5.3 2022 12 21  4 18 46.220  2.04   1
   110551  40.614449 -124.092000    18.010    11871.5     7131.0    -3417.5      8.2      4.7      7.7 2023  2 17 11 16 14.330  1.12   1
   110553  40.525317 -123.916512    20.615    26746.7    -2766.6     -812.5     11.6      9.8     10.0 2022 12 25  0 34  1.910  0.77   1
   110554  40.549703 -124.243677    18.224     -970.6      -58.7    -3203.6     15.0      7.3     10.7 2022 12 21  0  5 31.440  1.34   1
   110556  40.499219 -124.433341    23.572   -17042.5    -5664.8     2145.2      7.5      8.9      9.5 2023  2 25 14 23 27.120  1.53   1
   110559  40.613989 -124.131519    20.879     8525.7     7080.0     -548.4     22.6     10.4     23.3 2023  3 13  0 48 17.330  0.83   1
   110560  40.627714 -123.926652    21.589    25868.0     8604.0      161.7     16.6     14.8     15.9 2023  2  2  2 38 55.900  1.60   1
   110561  40.618872 -123.888753    22.929    29078.3     7622.2     1501.3     21.6     17.0     28.3 2022 12 20 17 35 32.520  1.17   1
   110564  40.597095 -124.114543    15.271     9964.2     5203.9    -6155.9     19.4     30.3     39.2 2022 12 24  4 18 59.420  0.99   1
   110566  40.610022 -124.113664    18.044    10037.7     6639.4    -3383.5     19.7     15.3      8.2 2022 12 22  5 24 44.100  2.65   1
   110568  40.499752 -124.471851    15.748   -20305.5    -5605.6    -5679.2     12.3     13.6     22.5 2023  3 22 19 35 25.080  1.32   1
   110569  40.647026 -124.022192    18.347    17777.4    10748.5    -3080.5     12.7      8.8     12.0 2023  1  2  9 44 23.910  0.93   1
   110570  40.601754 -124.125236    20.424     9058.4     5721.3    -1003.0     10.0      8.9     17.4 2022 12 22  6 14 22.080  1.10   1
   110572  40.531685 -124.244784    18.998    -1064.5    -2059.5    -2429.5      5.9      8.1     10.5 2023  1  1 22 18 52.920  1.17   1
   110574  40.627869 -124.096004    19.909    11531.3     8621.2    -1518.5     13.8     14.3     15.0 2022 12 21 22 33 49.080  1.00   1
   110575  40.578841 -124.157064    26.794     6364.6     3176.9     5366.4     65.3     35.9     60.5 2022 12 23  1 10  6.400  0.80   1
   110577  40.615727 -124.230697    23.972      128.8     7272.9     2544.6     11.1     17.5     10.9 2022 12 25 19 13 28.400  0.95   1
   110578  40.568188 -124.144100    21.695     7463.0     1994.0      267.6     23.6     11.5     18.1 2022 12 20 20 26 41.720  2.13   1
   110579  40.520732 -124.351090    21.890   -10071.2    -3275.9      462.9     12.5      6.9     11.4 2022 12 21  8 58 34.030  0.97   1
   110580  40.612935 -124.047526    23.418    15637.0     6962.9     1990.4     16.7     17.6     25.0 2023  1  3  4 53 49.540  1.15   1
   110581  40.568176 -124.235986    20.373     -319.1     1992.6    -1054.1     31.8     15.9     19.9 2023  5 28 11 38 43.770  1.07   1
   110582  40.563920 -123.935726    22.062    25111.7     1520.0      634.3      8.7      8.5     13.3 2022 12 21 23 36 17.240  1.23   1
   110586  40.524194 -123.899886    20.017    28155.5    -2891.4    -1410.6     12.9      9.4     11.9 2022 12 22  5 36 49.910  0.70   1
   110587  40.606169 -123.914526    25.127    26898.8     6211.5     3700.2      8.0      9.0      6.9 2022 12 20 10 48 38.300  2.65   1
   110588  40.596997 -124.116667    18.217     9784.4     5193.1    -3210.4      4.8      7.0      8.1 2022 12 22  7 50 48.720  1.53   1
   110589  40.533093 -124.050374    19.496    15405.0    -1903.2    -1931.0      9.7      6.4      6.0 2022 12 21  0 13 29.150  1.50   1
   110590  40.651762 -123.882495    26.412    29600.9    11274.4     4984.5     22.2     25.4     46.6 2022 12 23 19 10 35.240  1.06   1
   110591  40.586019 -124.060181    21.042    14568.5     3974.0     -385.3     10.4     11.7     13.2 2022 12 25 22 34 55.360  0.82   1
   110592  40.618420 -124.077303    17.663    13115.4     7572.0    -3764.2     14.3      9.7     16.4 2023  1 18  8 28 49.360  0.92   1
   110594  40.558569 -123.937297    21.096    24979.7      925.8     -331.5     18.2     16.1     20.0 2022 12 21  0 45 40.230  1.26   1
   110595  40.591972 -124.326750    21.357    -8004.8     4635.0      -69.8      7.8      6.7      6.5 2022 12 20 10 52 39.340  3.28   1
   110596  40.541182 -124.338330    17.678    -8988.7    -1004.9    -3749.2     17.5     14.3     24.3 2022 12 29  7 31 23.150  0.85   1
   110597  40.622489 -124.082471    19.898    12677.5     8023.9    -1528.1     15.0     21.1     18.3 2022 12 20 21 24 28.880  0.90   1
   110598  40.598271 -124.102051    23.065    11021.9     5334.5     1638.2     17.0      5.9     11.4 2022 12 26  1 46  3.150  1.45   1
   110600  40.523466 -124.390072    15.554   -13373.5    -2972.2    -5873.6    131.8    116.6    228.8 2022 12 20 19 51  5.480  1.33   1
   110604  40.575594 -123.945939    20.348    24244.6     2816.3    -1078.9     28.8     20.7     38.3 2022 12 21 17  1 49.600  1.16   1
   110605  40.516850 -124.431877    17.879   -16916.1    -3706.9    -3547.9     19.1     33.0     60.6 2022 12 22  7 33 35.520  1.14   1
   110607  40.659823 -124.016764    18.675    18235.1    12169.5    -2752.1     16.2     15.2     21.3 2022 12 21 14 33 24.290  1.52   1
   110608  40.643404 -124.026619    18.415    17403.1    10346.3    -3012.4     20.8     15.1     20.2 2022 12 25 12 29 55.020  1.64   1
   110609  40.575448 -124.155103    23.265     6530.8     2800.1     1837.4     31.7     19.5     26.9 2022 12 20 19 19  0.120  1.41   1
   110611  40.550745 -124.240047    18.410     -663.1       56.9    -3017.5     19.2     18.5     15.1 2022 12 21 12 21 21.680  0.97   1
   110613  40.665491 -123.886165    22.883    29287.2    12799.0     1455.5     18.3     12.3     12.8 2022 12 27 17 40  9.980  1.83   1
   110614  40.550777 -124.315112    20.328    -7021.5       60.5    -1099.5     40.5     25.7     43.2 2023  2 15 14 26 55.060  2.21   1
   110615  40.580127 -124.133919    22.229     8324.5     3319.7      801.9     23.2     15.7     17.9 2022 12 21  9 48 30.660  1.09   1
   110618  40.603308 -123.980379    22.578    21323.5     5893.9     1150.4     12.0     14.3     14.9 2022 12 20 23 30 29.600  1.04   1
   110619  40.598983 -123.917464    21.751    26651.5     5413.6      324.0     10.7     13.8     14.0 2022 12 22  4 23  9.220  0.67   1
   110620  40.601294 -123.892716    24.888    28746.5     5670.2     3460.3     16.5     12.1     26.8 2022 12 25 16 15  8.400  1.07   1
   110622  40.603707 -124.102661    15.626    10969.7     5938.1    -5801.0      7.7      6.7      2.4 2022 12 28  9 46 28.530  1.31   1
   110623  40.594580 -124.157511    22.939     6325.9     4924.7     1511.7     34.7     15.4     29.2 2022 12 30  9 23 12.150  1.07   1
   110624  40.609530 -124.111556    18.254    10216.2     6584.7    -3172.9     18.1     12.8     18.7 2023  4  2 23  2 20.160  1.02   1
   110625  40.551241 -124.072835    18.967    13500.4      112.1    -2459.9     11.2      5.6      9.9 2022 12 20 21 22 52.960  1.20   1
   110626  40.558447 -124.020630    21.788    17921.4      912.3      360.8     19.9     13.0     17.5 2022 12 24 20 57 12.400  1.30   1
   110627  40.591341 -124.193612    22.101     3269.2     4565.0      673.5     12.1     14.1     23.5 2022 12 20 16 59 23.800  1.39   1
   110628  40.550732 -123.884660    22.189    29439.7       55.6      761.6      8.4      7.0      5.3 2022 12 25  6 37 31.440  1.50   1
   110629  40.582719 -124.242716    23.861     -889.0     3607.5     2433.8     51.4     44.5     50.7 2023  2  2  2 53 51.230  0.90   1
   110630  40.601575 -124.110498    15.224    10306.3     5701.4    -6203.3     10.3      9.3      9.6 2022 12 22  6 38 46.920  0.92   1
   110631  40.600537 -123.998690    19.881    19773.6     5586.2    -1546.7     14.5      9.4     11.4 2022 12 22  6 27  3.370  1.14   1
   110633  40.512378 -124.451180    24.450   -18552.2    -4203.5     3023.1      6.3      5.9     20.4 2022 12 20 11 23 42.960  2.53   1
   110634  40.613175 -124.081698    15.717    12743.9     6989.6    -5710.2     36.4     26.3     26.8 2023  1  3  7 23 30.820  1.13   1
   110635  40.548466 -124.047786    22.721    15622.4     -196.1     1293.8      9.4     13.2     10.3 2022 12 24  7 16 44.450  1.51   1
   110636  40.580310 -124.221224    19.135      931.1     3340.0    -2292.5     31.8     23.0     51.3 2023  5  5 10 50 40.220  0.86   1
   110637  40.544808 -124.335278    17.259    -8730.0     -602.3    -4167.9     21.9     17.9     31.2 2022 12 25 12 21 40.770  1.90   1
   110638  40.587236 -124.150854    24.080     6890.0     4109.1     2652.3     15.7     23.5     23.3 2022 12 21 19 17 30.720  1.31   1
   110641  40.643970 -123.998519    18.684    19781.7    10409.1    -2743.1     10.1      6.2     13.6 2022 12 25  9 11 59.060  0.70   1
   110643  40.539705 -123.911149    22.778    27198.2    -1168.9     1350.4      9.7      7.4     14.1 2023  2 16 18  3 27.440  1.53   1
   110644  40.563220 -123.979517    23.689    21402.9     1442.3     2261.5     15.1      7.4      9.2 2023  2 13  5 45 35.220  1.23   1
   110646  40.574988 -124.423690    23.227   -16215.5     2749.0     1799.9     11.1      9.2      8.7 2023  2  6 20 12  2.580  1.35   1
   110647  40.566435 -124.146517    21.851     7258.4     1799.2      423.5     30.4     14.7     18.3 2022 12 20 19  6 23.200  1.47   1
   110649  40.520675 -124.356917    22.649   -10564.9    -3282.2     1221.4     15.1     14.4     18.6 2022 12 25 23 13 35.000  1.83   1
   110650  40.701917 -123.952710    22.115    23649.0    16843.9      687.9     18.5     18.4     21.8 2022 12 26  9 16 16.030  1.67   1
   110651  40.612569 -123.826034    26.918    34389.8     6922.3     5490.7     24.1     17.9     19.9 2023  4  8  3  4 20.710  1.95   1
   110652  40.517696 -124.441878    14.604   -17763.4    -3613.0    -6822.8     32.5     43.5     77.3 2023  2  8 14 16 55.210  1.31   1
   110653  40.532707 -124.405656    17.167   -14692.9    -1946.1    -4260.2     27.8     27.7     45.0 2022 12 26  8 29 16.340  0.84   1
   110654  40.592655 -124.010335    23.168    18788.6     4710.9     1740.4     28.3     15.8     21.0 2022 12 24 22 12 36.600  2.10   1
   110655  40.566459 -124.022819    22.478    17735.0     1802.0     1050.6     12.0     15.3      8.5 2023  4 30 12 38 22.840  0.62   1
   110656  40.584302 -124.194482    25.720     3195.6     3783.3     4292.7     26.4     19.8     40.7 2023  1 20 22  9 26.880  0.94   1
   110660  40.539062 -124.340780    16.470    -9196.4    -1240.3    -4957.7     18.5     15.5     24.5 2022 12 31 15  5 32.620  1.28   1
   110663  40.580371 -123.955249    24.400    23455.3     3346.8     2973.0      8.2      6.5      6.7 2022 12 21 22 26 11.040  1.39   1
   110664  40.553479 -123.976074    20.862    21696.1      360.6     -565.6     12.9     14.2     14.9 2022 12 20 16  1 13.350  1.61   1
   110665  40.487891 -124.515023    16.579   -23965.9    -6922.7    -4848.7     17.7     17.2     41.7 2023  4  6  4 40 19.060  0.75   1
   110666  40.498694 -124.469385    18.057   -20096.7    -5723.1    -3370.3     12.9     14.8     23.4 2022 12 29  8 32 33.620  1.49   1
   110667  40.598612 -124.327734    20.732    -8087.7     5372.4     -695.6      8.6     10.0     24.1 2022 12 25  7 56 23.340  0.72   1
   110671  40.585376 -124.096655    23.281    11479.8     3902.6     1853.7     27.5     13.9     16.5 2022 12 20 23  1 57.840  1.31   1
   110672  40.539547 -124.347607    18.401    -9774.7    -1186.5    -3026.0     20.7     17.5     16.3 2023  4 15  0  7  1.200  0.77   1
   110673  40.585189 -124.227604    22.672      390.7     3881.8     1244.7     71.0     40.4     63.4 2022 12 21 16 59 16.830  0.92   1
   110674  40.552421 -124.224821    17.758      626.6      243.1    -3669.7     21.8     11.6     15.7 2022 12 23  5  1 13.690  1.08   1
   110675  40.703581 -123.930729    22.405    25508.5    17028.7      977.3     13.5     13.3     10.2 2022 12 22 16 21 35.960  1.66   1
   110676  40.480566 -124.406779    19.748   -14793.7    -7736.0    -1679.3     10.2     16.4     20.8 2023  1 30 10 56 56.600  0.99   1
   110677  40.511694 -124.440356    17.230   -17635.3    -4279.4    -4196.9     14.6     15.4     23.1 2022 12 23  0 10 35.700  1.04   1
   110678  40.517126 -124.427205    17.176   -16520.3    -3676.2    -4251.6     11.3     12.0     19.1 2023  1  8  2 15 56.440  1.14   1
   110679  40.509843 -124.439917    17.616   -17598.3    -4485.0    -3811.3     20.7     19.4     26.9 2023  4 20 15 36 20.100  0.92   1
   110681  40.638359 -123.912297    21.314    27081.1     9786.1     -112.9      7.5      4.3      4.4 2022 12 21  2 53 42.600  1.60   1
   110683  40.503621 -124.454020    18.915   -18794.1    -5175.9    -2511.7     16.8     17.5     24.8 2022 12 21  8 21  0.830  1.29   1
   110685  40.526847 -124.378304    23.794   -12376.3    -2596.8     2366.8     48.5     39.8     67.7 2023  1 29  2 21 34.040  0.86   1
   110686  40.548910 -124.308968    17.905    -6501.1     -146.8    -3522.5     45.1     23.6     35.5 2022 12 20 19 42 50.340  1.43   1
   110687  40.643819 -124.053434    19.622    15133.3    10392.4    -1805.7     22.5     19.4     27.4 2022 12 26  1 31 33.690  1.21   1
   110688  40.682939 -123.882031    22.453    29633.3    14736.5     1025.8     26.2     27.0     23.6 2022 12 20 16  7 38.970  2.01   1
   110689  40.545178 -123.755754    21.760    40360.3     -561.2      333.1     11.0     19.5      7.8 2022 12 22  0 56 27.730  0.68   1
   110692  40.511121 -124.469946    21.292   -20142.5    -4343.1     -135.1     29.1     26.2     37.7 2022 12 29 10 57 23.460  1.08   1
   110694  40.515454 -124.443156    19.279   -17872.0    -3861.9    -2148.3     14.3     15.4     22.3 2022 12 29  5 31  8.470  1.04   1
   110695  40.550326 -124.224422    17.710      660.4       10.4    -3717.1      4.9      3.7      6.0 2022 12 24  5  9  2.290  1.55   1
   110697  40.572160 -124.225643    17.346      556.9     2435.0    -4081.4     52.8     27.7     38.5 2022 12 23 20 30 28.480  1.23   1
   110698  40.541907 -124.238005    18.184     -490.1     -924.5    -3243.5     15.2      9.5     13.8 2023  1 26  5 47 35.730  1.04   1
   110699  40.520296 -124.413281    16.474   -15340.2    -3324.2    -4953.3     30.2     48.3     58.3 2022 12 22  9  7 10.520  0.52   1
   110700  40.576265 -124.204403    17.308     2355.7     2890.9    -4119.4     13.1     11.4     28.6 2022 12 25  3 58 23.130  0.90   1
   110702  40.629325 -123.958805    22.225    23145.8     8783.0      798.1     13.2      9.4      8.9 2022 12 20 23 26 24.700  1.53   1
   110703  40.531547 -124.365243    16.631   -11269.3    -2074.9    -4796.2     69.4     38.8     68.0 2022 12 22 14 28 55.050  1.12   1
   110705  40.513330 -123.876717    21.657    30120.8    -4097.8      230.0     15.8      9.7      7.8 2023  3  1  0 37 17.190  1.45   1
   110706  40.559676 -123.992586    23.955    20296.5     1048.7     2527.6     18.0     19.1     12.5 2022 12 20 23 41  1.760  1.68   1
   110707  40.546440 -123.845923    22.430    32721.9     -421.1     1003.1      9.6     14.7     30.7 2022 12 21 22 14 18.520  1.56   1
   110708  40.577799 -124.215234    18.063     1438.3     3061.2    -3364.4     51.3     17.0     26.6 2023  3  5  0 34 58.820  1.58   1
   110710  40.605798 -124.146452    18.368     7261.8     6170.4    -3059.5     17.0     10.7     27.5 2023  1 14  1 10 27.140  1.46   1
   110711  40.614986 -124.069189    20.212    13802.7     7190.7    -1215.2      6.4     15.8     12.3 2022 12 20 21  2 39.800  1.14   1
   110712  40.557133 -123.953271    21.953    23626.9      766.3      525.6     26.3     24.1     19.2 2023  1 10 19 11 36.040  1.34   1
   110715  40.613501 -124.100830    15.993    11124.0     7025.7    -5434.6    111.0     63.8     69.9 2022 12 20 21 22 37.100  1.23   1
   110716  40.586239 -123.886149    21.500    29305.8     3998.4       72.9     18.5     17.7     33.6 2022 12 22  1 50 13.650  0.65   1
   110717  40.608260 -124.301546    19.939    -5869.9     6443.8    -1488.7      9.0      4.4      6.6 2023  4  9 21 13 25.880  0.97   1
   110718  40.523584 -124.432479    19.421   -16966.3    -2959.1    -2006.0      6.7      5.4     15.1 2022 12 22  3 44  5.310  1.01   1
   110720  40.586178 -124.203125    20.598     2463.7     3991.6     -829.3     10.3     11.4     14.0 2022 12 21  1 23  1.660  0.93   1
   110721  40.554602 -124.305623    18.562    -6217.5      485.3    -2865.4     37.9     17.2     27.8 2022 12 20 16 43 44.910  1.41   1
   110722  40.551953 -124.299235    19.954    -5676.5      191.1    -1473.4     43.1     16.1     28.2 2022 12 20 19 45  5.720  1.04   1
   110723  40.473657 -124.544214    21.724   -26442.4    -8503.3      296.8     18.6     26.2     21.8 2022 12 22  7 29 30.560  0.68   1
   110724  40.518604 -124.344816    19.409    -9539.8    -3512.2    -2018.4     23.4     21.9     28.8 2022 12 22  8 32 21.500  0.63   1
   110725  40.546224 -124.305566    18.029    -6213.1     -445.1    -3398.0     44.0     30.7     47.1 2022 12 24 21 51 17.000  0.84   1
   110726  40.516512 -124.433781    19.590   -17077.5    -3744.4    -1837.1     19.5     31.6     30.8 2022 12 25 10 58 46.850  0.74   1
   110727  40.517143 -124.357178    19.516   -10587.2    -3674.4    -1910.8     32.0     26.4     35.1 2022 12 26 20 22  8.180  1.12   1
   110728  40.519332 -124.420410    19.415   -15944.3    -3431.3    -2011.9     33.9     32.9     49.0 2023  1  3 14 30 47.720  1.13   1
   110729  40.576990 -124.210604    17.677     1830.5     2971.3    -3749.8     12.1     16.8     19.5 2023  1  4 10 27 27.700  1.40   1
   110730  40.558354 -124.313558    22.266    -6889.4      901.9      839.2    113.5     58.4     76.8 2023  1 27  5 50 36.430  1.31   1
   110731  40.511788 -124.440072    18.905   -17611.1    -4269.0    -2522.0     11.6     11.3     25.0 2023  3 16 18  8 14.040  1.34   1
   110735  40.534090 -124.345150    18.388    -9566.9    -1792.5    -3038.8     29.1     23.3     41.6 2022 12 20 21 52 17.400  1.04   1
   110736  40.505416 -124.334904    18.331    -8700.8    -4976.6    -3095.9     15.7     15.1     20.9 2022 12 22  5 34 15.770  1.28   1
   110737  40.523466 -124.423470    18.426   -16203.1    -2972.2    -3001.6     25.3     28.4     36.1 2022 12 22 10 19 33.470  1.21   1
   110738  40.545927 -124.314575    18.370    -6976.2     -478.1    -3056.9     40.2     24.9     52.7 2022 12 26 12 16 44.250  0.71   1
   110739  40.520907 -124.426009    18.288   -16418.5    -3256.4    -3138.8      8.7      7.2     15.0 2023  1 11  1 42 23.060  2.03   1
   110743  40.582666 -124.221794    17.754      882.8     3601.7    -3673.4    119.7     34.9     79.9 2023  3 25 16 17 15.180  0.90   1
   110745  40.515352 -124.431250    18.700   -16863.2    -3873.2    -2727.5     16.2     16.9     24.3 2023  1 20  8 32 25.670  1.94   1
   110746  40.517851 -124.447778    20.717   -18263.3    -3595.8     -710.6     17.7     21.2     27.6 2023  2 15 19 15 16.420  1.23   1
   110747  40.544023 -124.339225    19.797    -9064.4     -689.5    -1629.8     25.6     24.1     38.1 2022 12 23 14  7  9.940  0.88   1
   110748  40.554435 -124.439551    24.760   -17561.4      466.8     3332.9     48.7     40.0    116.3 2022 12 20 15 58 21.830  1.76   1
   110749  40.499223 -124.468180    14.787   -19994.6    -5664.3    -6639.8     20.0     18.8     44.4 2022 12 26  6 35 42.200  1.15   1
   110750  40.594906 -124.118441    17.234     9634.3     4960.8    -4193.7      9.4      7.5     10.0 2023  1 14  6 13 33.720  1.13   1
   110751  40.574906 -123.987760    20.954    20702.9     2740.0     -473.4      9.4      7.8     10.1 2022 12 20 17 38 50.000  1.62   1
   110752  40.581458 -124.215625    20.940     1405.2     3467.5     -487.2     26.8     17.3     32.4 2022 12 22 21 13 37.280  0.95   1
   110753  40.526493 -124.324463    18.246    -7814.9    -2636.1    -3181.7     27.7     23.2     35.6 2022 12 22 22  2  6.300  1.11   1
   110754  40.523576 -124.357625    18.656   -10624.6    -2960.0    -2771.1     45.5     43.0     61.3 2022 12 22 22 45  9.160  1.52   1
   110757  40.524837 -124.344629    19.315    -9523.5    -2820.0    -2112.2     26.5     23.0     31.1 2022 12 28 13 28 43.290  1.64   1
   110758  40.552946 -124.236157    19.660     -333.6      301.4    -1766.9     18.2     11.5     14.3 2023  1 15 15 14  5.770  1.41   1
   110759  40.527702 -124.418522    18.906   -15783.4    -2501.9    -2521.6     92.1     95.0    155.6 2023  2 10 21  1  5.660  1.17   1
   110761  40.585063 -124.151904    22.335     6801.2     3867.8      908.2     30.6     18.5     22.9 2023  1 21 22  3  8.900  1.49   1
   110765  40.524194 -124.404207    18.173   -14571.1    -2891.4    -3254.4     45.7     40.5     69.4 2022 12 24  2 43 20.530  1.79   1
   110766  40.503210 -124.444938    17.744   -18024.6    -5221.5    -3683.0     13.7     16.9     22.1 2023  2  7 19 48  3.920  1.35   1
   110767  40.504370 -124.481063    18.039   -21085.4    -5092.7    -3388.0     14.4     15.0     26.3 2023  5  3  4 14 16.070  1.55   1
   110768  40.535616 -124.342830    18.782    -9370.4    -1623.0    -2645.5     19.7     19.0     25.1 2023  2 17 23 11 43.020  1.41   1
   110769  40.576876 -124.218099    18.535     1195.7     2958.7    -2892.4     55.4     20.0     33.4 2022 12 22 11 55 31.760  1.02   1
   110770  40.593250 -124.101953    24.954    11030.5     4776.9     3526.4     12.7     15.1     12.6 2023  1  4  8 48  8.840  1.05   1
   110771  40.514884 -124.443091    18.042   -17866.5    -3925.2    -3385.5      5.0      4.9     10.3 2022 12 21 11 33 42.730  2.09   1
   110772  40.518412 -124.421338    16.985   -16023.1    -3533.4    -4441.9     91.4     93.9    134.3 2022 12 22  1 51 31.680  0.96   1
   110774  40.516199 -124.426961    19.279   -16499.8    -3779.2    -2148.1     48.6     52.1     77.5 2022 12 22 13 45 54.290  0.88   1
   110778  40.593648 -124.093481    21.831    11747.9     4821.2      404.1     40.2     25.4     43.3 2022 12 20 13 10 43.400  0.88   1
   110780  40.514490 -124.440088    18.422   -17612.2    -3969.0    -3005.0      7.4      6.0     14.5 2023  1 27  2 38 13.190  1.41   1
   110781  40.600704 -124.021558    21.162    17837.3     5604.7     -265.6     16.3     10.9     18.7 2022 12 22  7 36 42.420  0.86   1
   110782  40.520076 -124.419027    16.718   -15827.0    -3348.6    -4709.1     46.7     42.1     75.5 2023  1 19  4 55  2.650  1.72   1
   110783  40.535771 -124.239600    19.555     -625.3    -1605.9    -1872.7     23.3     11.6     12.7 2022 12 21  9 13 55.700  1.90   1
   110785  40.601339 -124.112394    16.295    10145.8     5675.2    -5131.8     28.8     21.6     23.6 2023  3 27 13  6 21.780  0.85   1
   110786  40.514901 -124.443034    17.935   -17861.7    -3923.4    -3492.6     16.4     21.3     26.5 2022 12 21 10 46 12.660  1.82   1
   110787  40.588318 -124.183545    20.172     4121.7     4229.3    -1255.0     30.9     25.3     47.3 2022 12 22  9 24 48.500  0.91   1
   110788  40.660225 -124.007511    19.409    19018.2    12214.3    -2017.8     18.5     12.4     19.1 2022 12 22  1 16  9.260  0.66   1
   110789  40.523031 -124.416878    18.862   -15644.7    -3020.6    -2565.6     53.6     51.0     82.4 2022 12 23 19 12 41.740  1.83   1
   110790  40.570024 -124.198079    21.956     2891.3     2197.8      528.3     16.3     11.1     27.5 2022 12 24 15 43 41.860  0.86   1
   110791  40.523726 -124.411222    22.183   -15165.4    -2943.3      756.2     14.2     12.6     20.5 2022 12 21 21 14 36.000  0.82   1
   110793  40.516382 -124.411987    20.969   -15231.1    -3758.9     -458.0     49.4     41.0     58.7 2022 12 26 14 17  3.520  0.91   1
   110794  40.595528 -124.113005    18.187    10094.6     5029.9    -3240.2      5.9      4.7      6.6 2023  3 11 16 16 54.220  1.44   1
   110796  40.544275 -124.335303    16.964    -8732.1     -661.5    -4463.5     19.5     18.5     33.8 2022 12 22  1 52 50.750  1.67   1
   110797  40.520561 -124.351546    19.462   -10109.8    -3294.9    -1964.9     55.5     47.5     66.5 2022 12 24 21 53 24.440  1.63   1
   110799  40.524101 -124.404867    19.041   -14626.9    -2901.7    -2385.8     27.9     25.0     35.5 2022 12 20 10 40 17.470  2.91   1
   110801  40.558374 -124.235653    19.959     -290.9      904.1    -1467.9     19.3     15.0     17.9 2022 12 20 12 16  5.480  2.04   1
   110802  40.571895 -124.078678    19.229    13003.5     2405.6    -2198.0     16.7     15.1     11.7 2022 12 21  0 15 31.010  2.88   1
   110803  40.651880 -124.021818    18.577    17808.4    11287.5    -2850.6     19.5     15.0     30.0 2022 12 22  5 56 58.350  0.78   1
   110804  40.518567 -124.437931    19.433   -17428.9    -3516.3    -1994.2     10.0     10.6     15.5 2022 12 20 20 38 36.440  1.22   1
   110806  40.515243 -124.432178    18.803   -16941.9    -3885.4    -2624.1      9.3      8.3     19.2 2023  2  1  8 26 47.510  1.32   1
   110808  40.537858 -124.339535    17.476    -9091.0    -1374.1    -3950.9     20.8     18.6     31.2 2023  3 31  1 48 56.260  0.92   1
   110809  40.520353 -124.438818    21.044   -17503.8    -3317.9     -382.8     34.5     26.1     35.4 2022 12 22  0 38 39.810  1.01   1
   110810  40.617387 -124.081104    17.012    12793.8     7457.2    -4415.3     23.4     15.4     25.3 2023  1  4  6 36 41.150  1.09   1
   110812  40.603670 -124.140226    18.298     7789.1     5934.1    -3129.2     31.3     13.8     30.8 2023  2  2  5 38 31.180  0.92   1
