   101475  40.580330 -123.983260    20.785    21083.2     3342.3     -642.4    537.6    408.5    512.1 2020  1  4 12 29  8.640  0.00   1
   101476  40.580518 -123.982503    20.597    21147.3     3363.1     -830.3    582.4    443.1    499.6 2020  2 13 22 21 36.940  0.00   1
   101477  40.581238 -123.982666    21.037    21133.4     3443.1     -390.7    554.2    435.1    674.0 2020  3 19  1  4 26.040  0.00   1
   101481  40.580957 -123.984033    20.709    21017.6     3411.9     -718.7    565.1    400.7    533.0 2021  3 29 15 56 33.780  0.00   1
   101482  40.581136 -123.983154    20.699    21092.0     3431.8     -728.7    528.7    383.1    534.0 2021  3 29 13 44 54.940  0.00   1
   101483  40.581441 -123.983488    20.689    21063.7     3465.6     -737.9    537.7    396.9    590.1 2021  3 30 14 30 26.580  0.00   1
   101484  40.581059 -123.983000    20.730    21105.1     3423.2     -697.6    525.3    387.9    556.8 2021  3 30 16 56 58.820  0.00   1
   101487  40.581356 -123.982951    20.835    21109.2     3456.2     -592.2    375.9    290.6    506.9 2021  9 19 18 51 35.660  0.00   1
   101488  40.581942 -123.978817    20.598    21459.2     3521.2     -829.6    659.5    481.9    698.5 2021 12  7  4 20 27.260  0.00   1
   101564  40.532389 -124.280705    11.199    -4107.6    -1981.3   -10228.6    879.1    426.4    663.4 2020  1  4 11 37 20.680  0.00   1
   102513  40.562736 -124.121867    22.558     9346.4     1388.5     1130.6    848.5    341.7    618.0 2020  1 21 18 29 29.080  0.00   1
   102514  40.565361 -124.120785    22.500     9437.9     1680.0     1072.6    549.4    331.4    499.6 2020  1 21 18 17 50.920  0.00   1
   102517  40.565059 -124.119206    22.772     9571.6     1646.5     1344.7    644.2    274.9    635.7 2020  1 21 18 17 12.580  0.00   1
   102584  40.563615 -124.117131    22.612     9747.5     1486.1     1184.4    638.7    381.3    452.2 2021 12 19 16 15 38.560  0.00   1
   102602  40.481392 -124.511751    24.508   -23689.8    -7644.3     3080.5    603.7    686.5   1264.5 2021  8 10 19 30 57.060  0.00   1
   102603  40.485494 -124.505859    25.312   -23189.7    -7188.9     3884.8    795.4    726.8   1053.8 2021  8 28  7 10 22.180  0.00   1
   102606  40.480933 -124.507300    24.919   -23312.6    -7695.4     3492.1    662.4    714.8   1115.7 2021 11  9 13 23 16.920  0.00   1
   102608  40.486694 -124.502922    25.952   -22940.6    -7055.6     4525.2    722.2    667.8   1011.8 2022  9  7 17 54 42.580  0.00   1
   102707  40.435014 -124.602214    24.456   -31367.0   -12794.4     3029.2    366.9    475.0   1144.4 2020  1  5 11  4 39.240  0.00   1
   102709  40.435022 -124.602197    24.432   -31365.6   -12793.5     3004.9    306.6    427.7    791.1 2020  3 12 15 20 18.660  0.00   1
   102710  40.435026 -124.602205    24.461   -31366.3   -12793.1     3033.3    228.2    395.2    704.2 2020  3 19  0  0 12.240  0.00   1
   102711  40.435148 -124.602311    24.404   -31375.3   -12779.5     2977.1    540.3    438.9   1616.5 2020  4 15  6 22 46.200  0.00   1
   102713  40.435055 -124.602148    24.485   -31361.5   -12789.9     3057.3    284.4    453.4    897.7 2020  5  1 21 27  1.720  0.00   1
   102715  40.435470 -124.602474    24.533   -31389.0   -12743.8     3106.0    335.5    481.4   1145.5 2020  5 19  4 18  4.680  0.00   1
   102716  40.436003 -124.602490    24.236   -31390.2   -12684.6     2809.2    345.6    487.5   1186.1 2020  5 19 15 58 35.460  0.00   1
   102717  40.436357 -124.602840    24.108   -31419.8   -12645.3     2681.0    314.4    409.5   1184.9 2020  5 19  8 56  4.240  0.00   1
   102718  40.435254 -124.602327    23.635   -31376.6   -12767.8     2208.2    329.1    449.4   2015.6 2020  6  2  1 55 48.260  0.00   1
   102719  40.435075 -124.602083    24.444   -31356.0   -12787.7     3016.5    313.4    473.4    833.1 2020  6  9 10 29  1.040  0.00   1
   102720  40.435380 -124.601318    24.413   -31291.0   -12753.8     2985.8    362.7    436.1   1095.7 2020  6  9 11 54 57.660  0.00   1
   102721  40.434924 -124.602035    24.614   -31351.8   -12804.4     3186.9    404.6    395.8   1034.6 2020  6 11 11 48 29.660  0.00   1
   102723  40.435050 -124.602140    24.412   -31360.8   -12790.4     2985.0    247.7    405.9    783.1 2020  6 28  9  4 35.860  0.00   1
   102727  40.435038 -124.602222    24.445   -31367.7   -12791.7     3017.9    284.9    409.1    793.2 2020  9 21 21 53 10.520  0.00   1
   102728  40.435063 -124.602262    24.209   -31371.1   -12789.0     2782.0    320.0    455.6   1467.9 2020  9 28  9 34 39.840  0.00   1
   102729  40.435042 -124.602140    24.360   -31360.8   -12791.3     2932.9    280.3    480.6   1080.6 2020  9 29 16 42 12.380  0.00   1
   102730  40.435046 -124.602124    24.389   -31359.4   -12790.8     2961.6    250.5    417.4    821.1 2020  9 29 16  6 55.980  0.00   1
   102731  40.435535 -124.602181    24.472   -31364.1   -12736.6     3045.1    295.8    422.7    896.3 2020 10  8  8 34 56.540  0.00   1
   102732  40.435364 -124.602262    24.366   -31371.1   -12755.6     2938.6    302.4    446.6    913.1 2020 10 13 22  5 11.460  0.00   1
   102733  40.435046 -124.602222    24.443   -31367.7   -12790.8     3016.2    277.5    417.5    758.2 2020 11 11  2 48 36.380  0.00   1
   102734  40.434880 -124.602572    24.250   -31397.4   -12809.3     2823.0    370.8    585.4   2499.7 2020 12 19  3 23 42.480  0.00   1
   102736  40.435091 -124.602205    24.239   -31366.3   -12785.9     2811.7    319.8    505.6   1593.5 2021  1 21 20 46 20.820  0.00   1
   102737  40.435030 -124.602181    24.353   -31364.2   -12792.6     2925.8    291.2    487.1    984.8 2021  2 12  4 31  7.420  0.00   1
   102738  40.435063 -124.602230    24.262   -31368.4   -12789.0     2835.1    327.0    440.9   1504.0 2021  2 12 20  8 51.240  0.00   1
   102739  40.434701 -124.602401    24.312   -31382.9   -12829.2     2885.0    359.6    539.2   1712.7 2021  2 12  4 29 14.400  0.00   1
   102740  40.434981 -124.601335    23.956   -31292.5   -12798.1     2528.5    339.6    446.2    427.0 2021  2 20 23 40 36.700  0.00   1
   102741  40.435099 -124.602157    24.395   -31362.2   -12784.9     2968.0    276.6    410.5    889.9 2021  4 14  4 39 59.360  0.00   1
   102742  40.435042 -124.602100    24.406   -31357.3   -12791.3     2978.6    293.5    459.1    908.8 2021  4 14  1 27 41.100  0.00   1
   102743  40.434965 -124.602238    24.280   -31369.1   -12799.9     2852.6    313.9    457.5   1416.4 2021  4 14  5 38 37.620  0.00   1
   102745  40.435856 -124.602848    24.318   -31420.6   -12700.9     2890.7    272.9    442.1   1005.0 2021  5 17  6 53 57.120  0.00   1
   102749  40.435050 -124.602140    24.484   -31360.8   -12790.4     3057.0    282.1    432.9    900.7 2021  7 10 11 59 45.840  0.00   1
   102751  40.435042 -124.602132    24.456   -31360.1   -12791.3     3029.0    288.5    419.7    885.8 2021  8 31 18 13 15.560  0.00   1
   102754  40.435055 -124.602148    24.480   -31361.5   -12789.9     3052.7    281.3    438.3    904.9 2021  9 23  9 33 50.540  0.00   1
   102755  40.435669 -124.602026    24.473   -31351.0   -12721.7     3046.0    319.9    457.1    868.8 2021  9 30 19 10  2.220  0.00   1
   102756  40.434998 -124.602165    24.225   -31362.9   -12796.2     2797.6    267.0    417.8    931.3 2021 10  8 23 40 58.400  0.00   1
   102759  40.435050 -124.602148    24.480   -31361.5   -12790.4     3053.1    281.3    431.0    906.0 2021 11  4  9  5 14.280  0.00   1
   102761  40.435075 -124.602165    24.356   -31362.9   -12787.7     2929.2    322.2    443.4    945.5 2021 12  9 20 12 36.400  0.00   1
   102763  40.435063 -124.602148    24.352   -31361.5   -12789.0     2924.6    299.8    432.9    917.2 2021 12 18  5 17 48.600  0.00   1
   102764  40.435046 -124.602189    24.478   -31364.9   -12790.8     3051.0    263.2    432.3    763.4 2021 12 20  7 12 18.880  0.00   1
   102768  40.426786 -124.605477    24.516   -31645.6   -13708.1     3089.1    464.7    711.4   1202.6 2022  2 24 23 18 18.200  0.00   1
   102773  40.434932 -124.602148    24.498   -31361.5   -12803.5     3071.1    342.6    422.7    885.5 2022  4 10 14  1 19.800  0.00   1
   102775  40.435653 -124.602035    24.477   -31351.7   -12723.5     3049.6    312.4    450.3    864.0 2022  5 12 21 39 49.620  0.00   1
   102776  40.435030 -124.601294    24.362   -31289.0   -12792.6     2935.1    320.3    439.1    916.8 2022  5 15 21 30 42.600  0.00   1
   102777  40.434770 -124.602230    24.434   -31368.4   -12821.5     3006.7    379.2    555.1   1477.0 2022  6  2  9 50 27.060  0.00   1
   102778  40.431372 -124.603345    24.965   -31463.8   -13198.8     3537.4    500.6    687.4    973.3 2022  6 17  0 59 30.760  0.00   1
   102780  40.434839 -124.601953    24.441   -31345.0   -12813.9     3013.5    302.3    430.5    836.4 2022  7 21  2 41 31.540  0.00   1
   102781  40.435022 -124.602165    24.298   -31362.9   -12793.5     2870.3    357.7    527.3   1038.0 2022  7 28  9 22  9.400  0.00   1
   102783  40.435453 -124.602140    24.441   -31360.7   -12745.6     3013.3    400.5    594.4   1187.8 2022  8 24 18 40  2.660  0.00   1
   102785  40.435303 -124.602148    24.356   -31361.4   -12762.4     2928.4    419.6    541.4   1389.5 2022  8 29 10  0 58.040  0.00   1
   102786  40.435124 -124.602319    24.435   -31375.9   -12782.2     3007.3    332.1    435.8    865.1 2022  9 18 15 28 46.440  0.00   1
   102787  40.435042 -124.602197    24.437   -31365.6   -12791.3     3009.7    337.0    473.6   1084.3 2022 10  2 19 33 34.380  0.00   1
   102789  40.434977 -124.602368    24.341   -31380.1   -12798.5     2913.4    346.3    484.9    934.3 2022 10 17  4 45 23.620  0.00   1
   102790  40.435087 -124.602262    24.333   -31371.1   -12786.3     2905.5    283.4    411.0    899.0 2022 10 19 22 24 12.120  0.00   1
   102792  40.435091 -124.602279    24.365   -31372.5   -12785.9     2937.6    293.9    407.2    981.4 2022 11  4 23 19 49.560  0.00   1
   102793  40.435083 -124.602246    24.421   -31369.8   -12786.8     2993.9    272.5    419.9    870.8 2022 11 28  6 17 43.580  0.00   1
   102871  40.522229 -124.421924    23.812   -16072.2    -3109.6     2384.8    612.7    596.8    676.5 2021 12 21 11 40 42.620  0.00   1
   102873  40.523893 -124.419604    21.814   -15875.5    -2924.8      387.2    758.1    703.4   4319.4 2021 12 27  5 28 17.460  0.00   1
   102877  40.518701 -124.413118    23.984   -15326.6    -3501.3     2556.3    562.6    600.5    689.4 2022 11 12  9 39  9.180  0.00   1
   102881  40.579504 -123.890942    22.494    28901.4     3250.6     1066.3    618.0    494.6    722.4 2020  6  5  7 17 17.540  0.00   1
   102882  40.589514 -123.897624    22.088    28333.4     4362.1      660.8    486.1    617.5    573.4 2021  8 31 10  1 55.460  0.00   1
   102884  40.587052 -123.893660    22.734    28669.6     4088.7     1306.5    506.0    628.8    771.0 2022  7  8 14 14 25.800  0.00   1
   102885  40.573381 -123.886995    22.486    29236.9     2570.5     1058.7    820.0    548.0    779.0 2022 10 15  6 34 45.100  0.00   1
   102906  40.551156 -124.495646    24.233   -22313.4      102.6     2805.6    948.9    779.9   1663.2 2020  1  8  5 26 50.000  0.00   1
   102908  40.550208 -124.499292    23.614   -22622.4       -2.7     2186.7    795.3    635.9   2184.0 2020 10 11 20 54  2.280  0.00   1
   102909  40.543778 -124.503963    27.531   -23019.1     -716.6     6103.6    641.6    534.7    962.4 2021  4 28 19 33 47.460  0.00   1
   102910  40.547795 -124.497616    25.603   -22480.8     -270.7     4175.4    806.6    643.2   1140.3 2021  6 12  7 57 57.640  0.00   1
   102911  40.544678 -124.506266    24.765   -23214.1     -616.8     3337.6    627.4    634.1   1423.0 2021  6 22  2 52 24.640  0.00   1
   102915  40.545076 -124.506226    24.443   -23210.5     -572.5     3016.1    631.3    635.1   1522.9 2021 11 28 13  7  4.440  0.00   1
   102916  40.548222 -124.501343    24.464   -22796.4     -223.2     3036.7    739.4    631.1   1606.0 2021 12 21 13 58 37.080  0.00   1
   102917  40.550545 -124.497754    23.474   -22492.0       34.8     2046.3    791.7    642.5   2049.2 2021 12 21  8 24 22.960  0.00   1
   103853  40.622668 -123.940348    21.299    24709.5     8043.7     -128.4    898.3    794.3   1024.1 2020  1 15 17  9  9.680  0.00   1
   103854  40.618953 -123.945044    21.027    24312.6     7631.2     -399.9    648.0    489.1    740.5 2020  9  6  8  2 35.820  0.00   1
   103855  40.625016 -123.946167    20.988    24216.4     8304.5     -439.7    911.9    652.3    891.6 2021 11 17  1 30  5.520  0.00   1
   103856  40.624060 -123.945915    21.293    24238.0     8198.3     -133.9    814.8    599.9    932.4 2022  1 29  9  3 15.000  0.00   1
   103857  40.623755 -123.944678    21.377    24342.7     8164.4      -50.4    823.4    562.9    978.4 2022  5 22  1 31 29.140  0.00   1
   103859  40.625118 -123.946322    20.978    24203.3     8315.8     -449.1    923.8    627.1    892.8 2022  5 23  3 58 56.800  0.00   1
   103861  40.622017 -123.947339    21.352    24117.8     7971.4      -75.2    721.0    464.3    979.4 2022  7 27 10 38  4.700  0.00   1
   103862  40.623140 -123.946785    21.300    24164.4     8096.2     -126.8    759.9    587.2    841.2 2022 11 17 16  3 25.080  0.00   1
   103863  40.621167 -123.944157    21.332    24387.3     7877.0      -95.6    743.3    470.2    750.6 2022 11 20 23 28 37.040  0.00   1
   103948  40.583346 -123.921191    25.776    26338.9     3677.1     4348.7    691.5    573.6    685.9 2020  7 15 23 27 17.180  0.00   1
   103949  40.583114 -123.922355    25.734    26240.4     3651.4     4306.4    721.2    595.6    711.0 2020  7 15 23 27  7.480  0.00   1
   103953  40.585901 -123.923958    25.213    26104.1     3960.9     3785.9    618.9    382.5    585.0 2021  6 28 22 30 49.640  0.00   1
   103955  40.588497 -123.918742    26.051    26545.4     4249.1     4624.1    886.0    747.1    675.4 2021  8 18 13 15  3.800  0.00   1
   103957  40.585494 -123.909351    25.347    27341.2     3915.7     3920.1    494.9    454.7    561.9 2021  9 30  0  5  3.500  0.00   1
   103958  40.585510 -123.909977    25.403    27288.2     3917.5     3975.7    612.3    360.5    555.5 2021 10 16 22 17 33.780  0.00   1
   103963  40.586149 -123.914176    26.075    26932.4     3988.4     4647.9    676.4    513.1    657.0 2022 10  3  1 19 38.240  0.00   1
   104037  40.620036 -124.312305    19.147    -6780.2     7751.4    -2279.8    764.6    423.9    924.3 2020  3 23  9 10 34.260  0.00   1
   104039  40.620105 -124.316593    20.797    -7143.2     7759.1     -629.9    434.5    346.3    808.0 2020  3 31  1 10 40.520  0.00   1
   104040  40.620874 -124.315446    19.521    -7046.1     7844.5    -1905.8    606.6    432.9   1312.1 2020 12 20  9 55 52.280  0.00   1
   104042  40.620394 -124.315356    19.500    -7038.5     7791.2    -1926.8    810.8    720.6   1579.9 2020 12 20 10 47 46.800  0.00   1
   104043  40.621179 -124.314355    20.070    -6953.7     7878.4    -1357.6    610.2    411.9    940.3 2020 12 20 10 15 13.920  0.00   1
   104047  40.624174 -124.322852    17.952    -7672.8     8210.9    -3475.5   1356.9    885.7   1960.7 2021  4 20 22 55  3.440  0.00   1
   104048  40.622424 -124.325187    17.215    -7870.7     8016.6    -4212.0    777.7    928.6   2455.8 2021  4 24 18 32 32.740  0.00   1
   104049  40.620447 -124.314063    19.650    -6929.0     7797.0    -1777.5    650.4    479.5   1228.2 2021  6 29 21  7 22.600  0.00   1
   104052  40.620614 -124.313794    19.679    -6906.2     7815.6    -1747.8    488.6    358.1    835.4 2021  7  2  7 55 22.400  0.00   1
   104053  40.617395 -124.312915    21.582    -6832.0     7458.2      154.4    567.5    471.5    871.1 2021  7  3 16 38 35.240  0.00   1
   104054  40.620634 -124.312817    19.609    -6823.5     7817.8    -1818.0    565.9    410.7   1183.5 2021  7 14 14 46 21.240  0.00   1
   104055  40.620675 -124.315755    19.462    -7072.3     7822.3    -1965.7    470.0    473.0   1046.9 2021  9 17 10  9 30.180  0.00   1
   104056  40.620886 -124.307943    19.042    -6410.8     7845.8    -2385.2   1043.7    563.2   1597.7 2021 11 18  9 48  5.620  0.00   1
   104060  40.620890 -124.307967    19.053    -6412.9     7846.3    -2374.3   1038.9    557.3   1587.5 2022  4 14 20  4 26.860  0.00   1
   104061  40.621297 -124.314950    19.815    -7004.0     7891.5    -1612.2    596.9    385.7    785.2 2022  6 16 20 44 53.720  0.00   1
   104064  40.620907 -124.308073    19.003    -6421.9     7848.1    -2424.0   1060.4    564.9   1652.7 2022 10 23 23 59  6.320  0.00   1
   104510  40.562297 -124.131722    22.367     8511.7     1339.7      940.2    894.6    414.6    443.2 2020  1 21 18 16 13.040  0.00   1
   104721  40.513798 -124.539640    22.640   -26047.1    -4045.8     1212.4    778.3    934.3    670.1 2022  8  9 15 44 36.880  0.00   1
   104905  40.508761 -124.417082    25.359   -15663.6    -4605.2     3932.0    600.4    633.8   1056.2 2020  6 22 15 25 24.880  0.00   1
   104911  40.511190 -124.419499    24.593   -15868.1    -4335.5     3165.9    584.8    517.6    864.6 2021  5 20 19 21 47.940  0.00   1
   104917  40.507027 -124.422909    24.635   -16157.5    -4797.7     3207.6    603.4    561.7    854.0 2021  9 17 15 11 51.640  0.00   1
   104918  40.508093 -124.422404    24.573   -16114.6    -4679.3     3145.4    558.3    567.1   1046.4 2021 10  5 18 21 58.320  0.00   1
   104919  40.509111 -124.421322    24.726   -16022.8    -4566.3     3298.4    640.9    577.0    970.0 2021 10 16  3 19 23.200  0.00   1
   104923  40.508919 -124.421403    24.473   -16029.7    -4587.6     3046.0    615.1    539.7    957.2 2021 12 22  5 52  2.020  0.00   1
   104928  40.511165 -124.419417    24.618   -15861.2    -4338.2     3191.2    587.7    516.2    872.4 2022  1 30  2  6 57.660  0.00   1
   104932  40.511125 -124.419458    24.624   -15864.6    -4342.7     3196.4    591.7    515.5    881.7 2022  3  5  0 58 53.080  0.00   1
   104936  40.511035 -124.419572    24.646   -15874.3    -4352.6     3218.4    602.6    518.4    884.5 2022  7 27  2 17 47.560  0.00   1
   104940  40.519572 -124.493604    16.050   -22145.5    -3404.7    -5377.1    631.8    655.9   1292.2 2020  1 27  9 51 13.860  0.00   1
   104941  40.520199 -124.491504    15.693   -21967.5    -3335.1    -5734.4    690.2    871.6   1492.1 2020  2 20  6 32 59.280  0.00   1
   104942  40.520479 -124.492936    15.662   -22088.8    -3303.9    -5765.0    537.9    526.0    887.7 2020  4  6  9 21 20.960  0.00   1
   104943  40.518717 -124.491886    15.959   -22000.2    -3499.5    -5467.8    512.7    681.7    913.1 2020 12 17 16 41  8.520  0.00   1
   104944  40.514486 -124.491276     8.905   -21949.2    -3969.5   -12522.5    609.0   1003.4   7625.3 2020 12 19 14 18 19.400  0.00   1
   104945  40.516593 -124.497713    17.315   -22494.2    -3735.4    -4112.2    418.0    460.1    870.6 2021  5 24  0 40 45.520  0.00   1
   104946  40.515702 -124.497160    17.994   -22447.5    -3834.4    -3433.7    427.2    485.7    684.3 2021 11  6  3 38 12.480  0.00   1
   105067  40.735445 -123.946037    23.193    24207.6    20567.1     1765.8   1175.1    919.0   1359.9 2020  1 29 17 29  4.280  0.00   1
   105385  40.548568 -123.968237    21.359    22360.7     -184.8      -68.2    602.1    514.0    515.3 2021  4  1  4 46 23.960  0.00   1
   105390  40.602490 -123.978963    21.348    21443.6     5803.0      -79.2    794.7    522.7    880.8 2021  5 23 15 44  5.100  0.00   1
   105391  40.601660 -123.980623    21.507    21303.1     5710.9       79.5    553.7    543.3    469.2 2021  6 30  5 49 47.860  0.00   1
   105468  40.661487 -124.006022    27.803    19144.1    12354.3     6375.9   1614.9   1009.3   1730.8 2021 12 21  1 32 33.780  0.00   1
   105476  40.759550 -123.867782    20.668    30821.5    23243.8     -759.5   1195.7    872.4   1713.2 2021  4 17 11 13 27.660  0.00   1
   105477  40.757629 -123.865299    20.656    31031.9    23030.5     -771.3    863.3    724.7   1742.7 2021  5 16 18 21  8.560  0.00   1
   105483  40.759554 -123.867782    20.666    30821.5    23244.3     -761.1   1180.2    864.3   1687.0 2022  5  4  3 34 42.980  0.00   1
   105706  40.594373 -124.053866    22.199    15102.4     4901.6      772.0    744.4    569.6    718.7 2020  2  8  2 28 57.160  0.00   1
   105713  40.598625 -124.049276    22.405    15490.5     5373.8      977.7    609.7    397.2    753.2 2021  8 21  3 33 28.140  0.00   1
   105954  40.545687 -124.065112    19.732    14155.1     -504.7    -1695.0    537.4    319.6    428.1 2020  2  8 19 52 44.320  0.00   1
   105955  40.544539 -124.066781    19.637    14013.9     -632.1    -1790.1    497.4    447.3    395.2 2020  2 23  1  6 17.520  0.00   1
   105956  40.542912 -124.060750    20.101    14524.9     -812.9    -1326.1    565.9    359.5    399.1 2020 10 23 10 31 25.740  0.00   1
   105957  40.542932 -124.060750    20.102    14524.9     -810.6    -1325.6    562.0    359.2    399.9 2021  2 19 15  2  5.840  0.00   1
   105958  40.542916 -124.060872    20.093    14514.6     -812.4    -1334.4    569.4    355.4    393.2 2021  7 27 12 42 23.820  0.00   1
   105960  40.544515 -124.067033    19.576    13992.6     -634.8    -1851.5    492.7    505.3    406.3 2021  9  6  1 57 48.460  0.00   1
   105961  40.543840 -124.057943    19.800    14762.6     -709.8    -1627.0    449.8    306.6    497.7 2021 10 30 15 54 35.980  0.00   1
   106005  40.592415 -124.083244    19.139    12614.9     4684.3    -2288.3    549.6    526.6    676.1 2020  4 19 13  8 57.480  0.00   1
   106006  40.595398 -124.076668    18.991    13171.4     5015.5    -2436.0    488.6    340.9    305.1 2020  6  7 18 47 39.820  0.00   1
   106007  40.591545 -124.080094    19.566    12881.7     4587.6    -1860.9    685.2    435.3    567.4 2020  7 20 16 45 35.520  0.00   1
   106008  40.593815 -124.086149    19.311    12368.7     4839.7    -2116.0    485.7    466.3    449.9 2021 11 25 11 31 45.620  0.00   1
   106009  40.595288 -124.085840    19.053    12394.8     5003.3    -2374.4    600.3    443.4    529.6 2022  1 31  2 46 32.380  0.00   1
   106065  40.534155 -124.386938    25.932   -13107.1    -1785.2     4504.5    610.9    566.6    794.0 2020  2 11 17 54 25.540  0.00   1
   106069  40.502181 -124.450065    16.105   -18459.2    -5335.8    -5322.2    437.8    375.4    810.0 2021  7 22 12 38 41.980  0.00   1
   106070  40.502795 -124.447274    16.557   -18222.6    -5267.6    -4870.3    414.0    373.3    651.4 2021  8 21  7 21 12.600  0.00   1
   106079  40.638790 -123.986361    25.780    20811.6     9834.0     4352.7    846.5    544.6    908.3 2020  2 13 23  7 46.880  0.00   1
   106080  40.642737 -123.971110    28.327    22101.9    10272.2     6900.1    822.6    633.9   1367.1 2020  2 27  1  9  9.980  0.00   1
   106081  40.641374 -123.990991    26.992    20419.2    10120.9     5565.2    728.9    513.7    691.2 2020  6 29  6 46  6.840  0.00   1
   106082  40.638871 -123.968009    23.909    22365.0     9843.0     2481.9    781.0    590.2    711.2 2021 11 14 16 50 17.560  0.00   1
   106083  40.639250 -123.986092    25.978    20834.3     9885.0     4551.2    866.5    575.3    866.1 2022  2 10  2 19 50.980  0.00   1
   106084  40.639571 -123.985490    25.838    20885.2     9920.7     4410.8    856.1    593.8    925.6 2022  6  3  6  4  3.860  0.00   1
   106096  40.583305 -124.206022    20.674     2218.4     3672.6     -753.7    619.3    434.3    893.0 2021 11  2  4 49 56.460  0.00   1
   106102  40.515548 -124.419360    19.765   -15855.8    -3851.5    -1662.5    361.6    404.9    427.4 2022  7  6 11 29  4.460  0.00   1
   106103  40.515275 -124.418473    19.926   -15780.7    -3881.8    -1500.8    325.0    397.9    457.4 2022  8 16  8  0  8.060  0.00   1
   106104  40.515641 -124.418514    19.756   -15784.1    -3841.1    -1671.1    279.0    432.7    434.2 2022  8 29 21 57 39.860  0.00   1
   106135  40.554244 -124.212964    17.390     1630.9      445.5    -4037.0    580.9    281.9    468.1 2021  9 13  0  4  6.120  0.00   1
   106440  40.559985 -124.051359    22.809    15318.5     1083.1     1381.3    597.5    442.8    755.7 2021  9  4  5 13 46.140  0.00   1
   106496  40.593184 -124.106413    19.727    10652.9     4769.7    -1700.7    580.4    315.0    475.2 2021  8 27  1 44  5.160  0.00   1
   106497  40.590499 -124.103605    20.106    10890.9     4471.5    -1321.2    547.9    311.7    530.0 2021 11 30  0 51 56.760  0.00   1
   106499  40.591162 -124.104468    19.924    10817.8     4545.1    -1503.5    541.5    440.4    684.0 2022  1  8 11 15 11.920  0.00   1
   106609  40.611255 -123.854793    30.165    31955.2     6776.3     8737.4    899.1    885.4   1071.6 2020  2 20 17 26 49.040  0.00   1
   106610  40.609452 -123.845646    27.795    32730.1     6576.1     6367.7    871.7    669.3    868.5 2020  7 17 16 58  8.720  0.00   1
   106612  40.608516 -123.831437    27.630    33933.3     6472.2     6203.0    964.5    785.7   1018.6 2021 11 24  2 11 55.300  0.00   1
   106613  40.609338 -123.841862    27.623    33050.5     6563.5     6196.2    971.8    639.4    981.7 2022  5 21  1 58 58.180  0.00   1
   106614  40.512378 -124.415129    21.248   -15497.7    -4203.5     -178.9    521.0    501.9    643.5 2020  2 21 12  1 53.080  0.00   1
   106677  40.575431 -124.076416    19.349    13194.7     2798.3    -2078.7    472.0    377.3    505.5 2020  2 22  2  3 27.180  0.00   1
   106678  40.575435 -124.072428    19.797    13532.4     2798.7    -1629.9    631.7    417.8    392.0 2021  2 19 10 17 53.000  0.00   1
   106679  40.575736 -124.075382    19.580    13282.2     2832.2    -1846.9    570.2    368.2    511.8 2022  1 22 18 50  2.840  0.00   1
   106849  40.550964 -123.977889    21.242    21542.7       81.3     -185.4    531.2    491.4    458.8 2020  2 25 10 41 25.500  0.00   1
   106850  40.549915 -123.972266    21.418    22019.2      -35.2       -8.8    488.1    428.2    466.4 2020  6 21 16  9 47.640  0.00   1
   106852  40.549028 -123.971501    21.423    22084.2     -133.7       -4.0    512.4    473.0    594.9 2021  6 16 14  0 25.980  0.00   1
   106853  40.549443 -123.972070    21.396    22035.9      -87.7      -30.8    467.5    475.4    515.8 2021  6 17 11 40 36.000  0.00   1
   106855  40.550130 -123.974064    21.345    21866.9      -11.3      -82.5    534.0    459.6    491.4 2022  9 27  4 34 50.860  0.00   1
   106908  40.622111 -124.301440    20.948    -5860.3     7981.8     -478.8    473.7    406.9   1108.0 2021  4  2 11 45  2.260  0.00   1
   106909  40.622542 -124.292977    20.667    -5143.8     8029.7     -760.1    910.6    447.1   1815.1 2021  4  7  1 55 18.100  0.00   1
   106910  40.620516 -124.305469    19.886    -6201.4     7804.7    -1541.6    771.2    423.2   1003.8 2021 10 17 14 20 53.460  0.00   1
   106916  40.622351 -124.294686    19.109    -5288.4     8008.5    -2317.9   1086.9    483.8    979.7 2022  7 14  7 38  2.880  0.00   1
   106917  40.506897 -124.332959    17.782    -8535.9    -4812.1    -3645.2    491.5    621.2    758.7 2020  2 29  6 25 39.720  0.00   1
   106919  40.507715 -124.336133    17.914    -8804.8    -4721.3    -3513.1    375.6    417.3    489.7 2020  6 25 12 39 13.840  0.00   1
   106920  40.507727 -124.336068    17.913    -8799.3    -4720.0    -3514.3    375.4    416.6    486.4 2020  6 26 13 51 55.760  0.00   1
   106921  40.507707 -124.336133    17.911    -8804.8    -4722.2    -3516.6    370.3    415.3    486.2 2020  6 27  9  8 18.860  0.00   1
   106924  40.501632 -124.328939    18.930    -8195.6    -5396.8    -2497.4    406.2    472.8    526.6 2020  7 15 15 49 31.760  0.00   1
   106925  40.507694 -124.336157    17.910    -8806.9    -4723.6    -3517.4    368.8    415.5    486.6 2020  7 15  2 55 13.780  0.00   1
   106926  40.500468 -124.325741    19.319    -7924.7    -5526.1    -2108.4    545.6    480.0    612.0 2020  7 15  5  0 39.940  0.00   1
   106927  40.507723 -124.336092    17.915    -8801.3    -4720.4    -3512.1    378.2    417.7    488.1 2020  7 15 19 40 35.320  0.00   1
   106930  40.507731 -124.336092    17.915    -8801.3    -4719.5    -3512.2    377.8    417.4    488.2 2020  7 16 16  0 18.620  0.00   1
   106931  40.500448 -124.325659    19.331    -7917.8    -5528.3    -2096.7    543.5    478.3    611.4 2020  7 16 12 26  9.680  0.00   1
   106933  40.507971 -124.337093    18.491    -8886.1    -4692.9    -2935.8    458.1    484.1    649.9 2020 11 20 17 12 56.060  0.00   1
   106934  40.507654 -124.335571    17.780    -8757.2    -4728.1    -3646.8    573.3    656.2    817.7 2021  5 12 18 32 23.080  0.00   1
   106937  40.508215 -124.335400    18.678    -8742.7    -4665.7    -2749.7    289.0    361.7    263.9 2021  7 11  5  6 12.560  0.00   1
   106939  40.508175 -124.335433    18.691    -8745.5    -4670.3    -2736.2    289.0    353.6    262.3 2021  7 11  7 17 55.760  0.00   1
   106940  40.508105 -124.335596    18.694    -8759.3    -4677.9    -2732.8    303.3    401.3    357.9 2021  7 11  4 14 40.000  0.00   1
   106941  40.508150 -124.335579    18.699    -8757.9    -4673.0    -2728.4    280.5    352.3    282.9 2021  7 11  3 36 34.760  0.00   1
   106942  40.508162 -124.335409    18.668    -8743.4    -4671.6    -2759.7    296.3    329.2    269.6 2021  7 11  2 14  1.880  0.00   1
   106943  40.508195 -124.335392    18.677    -8742.0    -4668.0    -2749.9    287.7    369.1    297.2 2021  7 11  7 49 35.560  0.00   1
   106944  40.507987 -124.335352    18.685    -8738.6    -4691.1    -2742.1    305.2    316.8    334.8 2021  7 12  6 52 59.100  0.00   1
   106945  40.508256 -124.335392    18.667    -8742.0    -4661.2    -2760.4    281.2    370.1    278.6 2021  7 12  7 38 34.800  0.00   1
   106947  40.508191 -124.335425    18.689    -8744.8    -4668.5    -2738.5    294.6    353.4    270.6 2021  7 12  6 52  5.820  0.00   1
   106948  40.508049 -124.334985    18.684    -8707.5    -4684.3    -2742.9    251.0    422.8    267.5 2021  7 12  6 57 12.740  0.00   1
   106949  40.508219 -124.335400    18.677    -8742.7    -4665.3    -2749.8    290.9    361.8    268.1 2021  7 12  6 51 15.180  0.00   1
   106950  40.508122 -124.335360    18.664    -8739.3    -4676.1    -2763.0    310.1    325.7    312.3 2021  7 12 22 18 34.740  0.00   1
   106951  40.508207 -124.335409    18.677    -8743.4    -4666.7    -2750.6    290.2    369.2    274.0 2021  7 12  8 58 54.960  0.00   1
   106952  40.508207 -124.335417    18.687    -8744.1    -4666.7    -2740.5    299.3    347.0    267.9 2021  7 12  8 46 32.680  0.00   1
   106953  40.508089 -124.335588    18.691    -8758.6    -4679.8    -2735.8    307.9    409.6    371.5 2021  7 12  6 48 36.980  0.00   1
   106954  40.508219 -124.335409    18.678    -8743.4    -4665.3    -2749.2    290.9    360.3    257.7 2021  7 12  6 58 19.680  0.00   1
   106959  40.508191 -124.335474    18.685    -8748.9    -4668.5    -2742.5    282.7    385.7    270.6 2021  7 12 15 18 57.120  0.00   1
   106960  40.508175 -124.335433    18.688    -8745.5    -4670.3    -2739.0    281.1    355.6    275.2 2021  7 12 12 15  8.320  0.00   1
   106961  40.508081 -124.335628    18.710    -8762.0    -4680.7    -2717.5    271.1    376.1    301.8 2021  7 12  7 42 57.140  0.00   1
   106962  40.508044 -124.335392    18.686    -8742.0    -4684.7    -2741.2    290.9    316.8    288.2 2021  7 12  8  3  8.480  0.00   1
   106964  40.508167 -124.335539    18.688    -8754.4    -4671.2    -2739.6    281.0    367.0    292.1 2021  7 12  5 33 43.540  0.00   1
   106965  40.508073 -124.335433    18.690    -8745.5    -4681.6    -2736.9    293.9    317.0    283.1 2021  7 12  8 56 41.260  0.00   1
   106967  40.508199 -124.335433    18.686    -8745.5    -4667.6    -2741.1    289.9    355.7    262.6 2021  7 13  3 34 41.120  0.00   1
   106968  40.508199 -124.335417    18.686    -8744.1    -4667.6    -2740.8    293.4    338.6    283.8 2021  7 13 11  0 10.880  0.00   1
   106970  40.507686 -124.334570    18.723    -8672.4    -4724.5    -2703.8    337.9    455.7    326.8 2021  7 15 17 56 38.860  0.00   1
   106971  40.507491 -124.334749    18.652    -8687.6    -4746.2    -2775.3    325.6    441.7    299.8 2021  7 24 15 17 23.680  0.00   1
   106974  40.508101 -124.335384    18.694    -8741.3    -4678.4    -2733.0    321.3    321.5    295.9 2021 12 20 23 45 33.300  0.00   1
   106975  40.504635 -124.327580    18.842    -8080.3    -5063.4    -2584.8    564.5    551.4    621.3 2021 12 20 21 54 42.040  0.00   1
   106977  40.509668 -124.333260    17.742    -8561.3    -4504.4    -3685.3    556.6    638.8    743.6 2021 12 21 12 29 57.320  0.00   1
   106978  40.504508 -124.332332    18.880    -8483.0    -5077.4    -2547.3    500.0    596.8    378.7 2021 12 22  7  9  8.260  0.00   1
   106979  40.506327 -124.329476    18.496    -8240.8    -4875.4    -2931.5    525.5    549.7    682.1 2021 12 22 17  4 29.540  0.00   1
   106983  40.504187 -124.326880    19.067    -8021.0    -5113.1    -2360.5    517.3    504.6    558.4 2021 12 23 19 43 35.140  0.00   1
   106984  40.507182 -124.328532    18.631    -8160.8    -4780.5    -2796.5    677.0    386.3    557.3 2021 12 23  6 28 39.440  0.00   1
   106986  40.508301 -124.335352    18.710    -8738.6    -4656.3    -2717.0    353.1    317.7    359.5 2021 12 25  0 41  6.140  0.00   1
   106988  40.506901 -124.331543    18.345    -8415.9    -4811.7    -3082.7    463.5    504.1    682.4 2021 12 31  7 30 11.740  0.00   1
   106989  40.507218 -124.334977    18.768    -8706.9    -4776.5    -2659.2    235.4    424.3    329.1 2022  1  2 19  6  3.500  0.00   1
   106990  40.507157 -124.328206    18.635    -8133.2    -4783.2    -2792.6    680.8    388.5    552.7 2022  1  2 18 43 27.640  0.00   1
   106991  40.507955 -124.329647    18.578    -8255.2    -4694.7    -2849.7    655.7    628.9    746.3 2022  1 29  0 56  4.940  0.00   1
   106992  40.507430 -124.332967    18.394    -8536.6    -4753.0    -3033.4    505.2    536.0    686.1 2022  2 20  7 55 33.920  0.00   1
   106993  40.508553 -124.328874    18.465    -8189.7    -4628.2    -2962.4    730.3    572.0    756.3 2022  4 11  8 48 35.180  0.00   1
   106995  40.508158 -124.335441    18.688    -8746.2    -4672.1    -2739.4    301.5    401.3    305.5 2022  5 14  5 11 24.580  0.00   1
   106996  40.508154 -124.335352    18.675    -8738.6    -4672.5    -2752.2    325.8    340.2    330.4 2022  5 21 19  6 31.100  0.00   1
   106997  40.507235 -124.327083    18.634    -8038.0    -4774.6    -2793.4    712.0    377.4    543.4 2022  7 18  4 14 31.760  0.00   1
   107286  40.595422 -124.015942    22.763    18313.4     5018.2     1335.4    520.7    471.8    533.9 2020  4 12 17 13 25.640  0.00   1
   107287  40.591960 -124.011410    22.908    18697.7     4633.7     1480.4    539.1    471.6    513.0 2020  4 18 11  7 43.200  0.00   1
   107288  40.593294 -124.012126    22.775    18636.9     4781.9     1348.0    538.0    402.3    473.9 2020 11 20  1 42 41.040  0.00   1
   107289  40.591597 -124.012923    22.966    18569.6     4593.5     1539.2    518.7    442.6    484.6 2020 11 20  1 23 58.260  0.00   1
   107290  40.591146 -124.012760    22.990    18583.5     4543.3     1563.2    603.5    521.3    510.8 2020 11 20  1 20 56.960  0.00   1
   107291  40.592375 -124.011833    22.996    18661.8     4679.8     1569.0    498.9    339.5    495.7 2020 11 20  7  8 23.000  0.00   1
   107292  40.595239 -124.013973    22.698    18480.2     4997.9     1271.1    456.0    374.0    479.2 2021 11 14 17  4  4.680  0.00   1
   107293  40.594055 -124.012988    22.818    18563.8     4866.4     1390.3    446.6    388.9    488.7 2021 12  5 10 31 19.440  0.00   1
   107297  40.590869 -124.015511    22.972    18350.6     4512.6     1544.9    602.7    529.9    556.2 2022  1 27  3  6  7.800  0.00   1
   107337  40.506864 -124.426709    23.776   -16479.5    -4815.8     2349.1    739.0    608.1    471.4 2020  3  7  9 53 50.140  0.00   1
   107338  40.494922 -124.445923    26.882   -18109.2    -6141.9     5454.8    750.1    820.1    889.7 2020  9 23 15 27 24.660  0.00   1
   107341  40.488570 -124.441455    25.719   -17731.4    -6847.3     4292.0   1030.2    930.7    938.6 2022  5  3 13  8 48.100  0.00   1
   107359  40.528638 -124.381169    25.702   -12618.8    -2397.9     4274.6    542.9    603.7    750.8 2021 12 20 22 54  5.520  0.00   1
   107361  40.526363 -124.378068    23.861   -12356.3    -2650.5     2433.8   1306.2    580.6   1609.4 2021 12 20 21 57 14.080  0.00   1
   107370  40.468835 -124.532625    25.690   -25461.2    -9038.7     4262.5    961.2   1178.5   1635.6 2021 11 16  4 40 39.460  0.00   1
   107371  40.473857 -124.527865    23.530   -25056.7    -8481.1     2102.7    671.0    988.8   1061.9 2022  4  3 19 28  4.080  0.00   1
   107574  40.473482 -124.427352    19.827   -16538.1    -8522.7    -1600.2    473.8    455.4    554.3 2020  3 11 22 47 36.760  0.00   1
   107579  40.473938 -124.427311    19.739   -16534.6    -8472.1    -1688.6    490.9    486.8    592.2 2021  9 21 12 24 42.300  0.00   1
   107580  40.475126 -124.428654    19.528   -16648.2    -8340.2    -1898.9    446.7    490.9    553.8 2021 10 16  2 20 43.560  0.00   1
   107582  40.469417 -124.443994    19.571   -17949.1    -8974.1    -1856.5    675.6    983.5   1032.4 2022  2  5  7 43 32.760  0.00   1
   107583  40.471537 -124.434025    18.810   -17103.9    -8738.7    -2617.2    366.2    522.4    624.7 2022  2 19 19 28 29.060  0.00   1
   107584  40.467041 -124.432699    19.672   -16992.0    -9238.0    -1755.1    763.5    874.1    469.2 2022  2 21 15 20 50.320  0.00   1
   107585  40.466496 -124.432601    19.837   -16983.8    -9298.5    -1590.3    540.6    729.5    463.6 2022  3  8 13 52  8.680  0.00   1
   107586  40.473930 -124.424902    19.952   -16330.4    -8473.0    -1474.8    485.5    436.1    455.6 2022  3 17  5 45 51.800  0.00   1
   107609  40.572965 -123.955819    21.442    23408.4     2524.5       14.4    583.1    598.7    614.1 2021 12 25 22 49 23.520  0.00   1
   107620  40.502791 -124.505339    26.829   -23142.6    -5268.1     5401.8    594.0    706.6    911.3 2020  3 20 11 54 38.000  0.00   1
   107621  40.503044 -124.504631    27.003   -23082.6    -5240.0     5576.0    631.3    762.0    966.2 2020  3 20 22 28 21.200  0.00   1
   107622  40.501709 -124.504354    27.131   -23059.4    -5388.2     5703.4    543.5    699.8    908.5 2020  3 21 20 18  7.640  0.00   1
   107623  40.501782 -124.504004    27.204   -23029.7    -5380.1     5777.0    583.3    746.5    950.0 2020  3 21 19  0  1.520  0.00   1
   107626  40.502169 -124.508431    26.858   -23404.8    -5337.2     5430.9    703.4    720.1    977.2 2020  4 18 11  0 19.100  0.00   1
   107627  40.500269 -124.502482    28.113   -22901.0    -5548.2     6685.3    673.8    797.0   1018.0 2020  4 29 15  5 11.240  0.00   1
   107635  40.502714 -124.503491    27.175   -22986.1    -5276.6     5747.3    590.0    740.6    945.2 2021  6 23  5 14 47.320  0.00   1
   107636  40.502209 -124.504753    27.150   -23093.1    -5332.7     5722.4    618.6    792.5    947.2 2021  6 27 15 30 22.300  0.00   1
   107638  40.502266 -124.504875    26.871   -23103.4    -5326.3     5444.2    772.8    843.0   1154.2 2021  8 29 17 32  5.980  0.00   1
   107639  40.504057 -124.503866    26.902   -23017.6    -5127.5     5474.6    646.3    878.1    921.3 2021  9  1  5  5 36.660  0.00   1
   107641  40.502307 -124.504712    27.146   -23089.6    -5321.8     5718.7    625.8    800.5    950.5 2021 10  7 19  8 24.060  0.00   1
   107644  40.502360 -124.501310    27.452   -22801.4    -5316.0     6024.6    652.4    785.3   1064.9 2021 10 30 23 40 23.100  0.00   1
   107645  40.502209 -124.508398    26.847   -23402.0    -5332.7     5419.8    710.1    720.2    975.1 2021 11 20  8 44 57.940  0.00   1
   107648  40.502087 -124.504810    27.142   -23097.9    -5346.2     5714.9    603.7    777.7    937.4 2021 12 18  8 55  3.900  0.00   1
   107651  40.501847 -124.503141    26.842   -22956.6    -5372.9     5414.8    603.6    710.8    832.7 2022  1 12 11 34 59.600  0.00   1
   107654  40.502132 -124.502458    27.723   -22898.7    -5341.3     6296.2    710.7    835.6   1118.5 2022  4 13 23 57 43.640  0.00   1
   107655  40.498918 -124.497534    26.781   -22482.0    -5698.2     5354.1    850.2    763.0   1283.7 2022  7 29 16 38  2.820  0.00   1
   107656  40.503410 -124.504419    27.122   -23064.6    -5199.4     5694.4    620.4    745.8    935.6 2022  8 10  2 25 35.080  0.00   1
   107657  40.502258 -124.508366    26.845   -23399.3    -5327.3     5417.8    719.3    733.0    987.3 2022  8 23  6 57 35.860  0.00   1
   107661  40.502840 -124.505314    26.813   -23140.6    -5262.6     5385.5    590.9    696.8    909.4 2022 10 16 17  6 16.580  0.00   1
   107662  40.502633 -124.505778    26.873   -23179.9    -5285.7     5445.9    645.1    819.8   1077.7 2022 10 16 21 31  2.740  0.00   1
   107663  40.502584 -124.505770    26.881   -23179.2    -5291.1     5453.5    646.4    829.0   1082.5 2022 10 16 17  0 17.060  0.00   1
   107664  40.525513 -124.393270    23.371   -13644.3    -2745.0     1943.9    512.2    375.0    446.5 2020  3 13 19 20 41.280  0.00   1
   107680  40.562585 -124.011841    23.007    18665.3     1371.8     1579.7    520.2    439.9    498.5 2020  4 27  3 46 18.440  0.00   1
   107683  40.562500 -124.010441    22.569    18783.8     1362.3     1141.7    554.4    404.4    427.4 2020 11 11 11 22 54.400  0.00   1
   107687  40.562174 -124.008309    22.721    18964.5     1326.2     1293.7    626.6    514.0    489.7 2021 12 25 23  5 26.280  0.00   1
   107808  40.546667 -124.199382    27.829     2781.5     -395.8     6401.5    792.1    523.7    761.3 2020  3 18 22 58 40.420  0.00   1
   107818  40.469234 -123.823885    23.440    34608.4    -8994.4     2012.6    755.9    714.9    614.0 2021  1 21 21  8 56.860  0.00   1
   107819  40.470776 -123.822168    23.275    34753.6    -8823.2     1848.1    766.8    794.0    607.9 2021  1 24 19 45 59.820  0.00   1
   107820  40.471350 -123.822982    23.354    34684.5    -8759.5     1926.7    807.0    583.1    513.3 2022  1 24 23 34 18.900  0.00   1
   107822  40.465092 -123.821346    22.924    34824.7    -9454.4     1497.2    654.8    955.9    856.9 2022  9 20 16  0 37.520  0.00   1
   107823  40.469987 -123.824447    23.446    34560.7    -8910.8     2019.1    772.8    627.1    679.0 2022 11 20 17  4 54.300  0.00   1
   107825  40.517192 -124.416976    19.769   -15653.6    -3669.0    -1658.2    345.5    438.1    709.1 2020  3 18 23 32 29.300  0.00   1
   107844  40.620166 -124.313428    19.076    -6875.2     7765.9    -2351.2    963.2    736.0   2055.7 2020  3 18  4 40 58.500  0.00   1
   107847  40.620093 -124.308325    21.028    -6443.3     7757.7     -399.7    974.2    708.9   1730.4 2022  1 23 16 30 25.180  0.00   1
   107849  40.619633 -124.315413    18.066    -7043.4     7706.7    -3360.8    947.3    638.1   1844.4 2022 10 21 10 46 28.380  0.00   1
   107887  40.578943 -124.429525    21.970   -16709.2     3188.2      542.4    510.8    491.9    771.6 2020  7 13 13  8 40.060  0.00   1
   107888  40.577580 -124.430029    22.865   -16752.1     3036.8     1437.9    741.1    597.7   1615.6 2020  8 15  3 41 44.920  0.00   1
   107890  40.578389 -124.430770    23.196   -16814.7     3126.8     1769.1    863.0    568.9    850.3 2021  8  9 17  8 53.000  0.00   1
   107891  40.582674 -124.426050    23.481   -16414.5     3602.6     2054.2    895.7    657.1    757.4 2021  8 11  0 58 47.400  0.00   1
   107895  40.577926 -124.428198    22.448   -16597.0     3075.3     1021.0    611.8    555.7    875.4 2022  9  4 19 13 25.340  0.00   1
   107928  40.579358 -124.429492    21.792   -16706.4     3234.3      364.8    945.7    879.6   1061.9 2020  7 22  0 55 19.100  0.00   1
   107930  40.612276 -124.444051    21.415   -17934.9     6889.7      -12.2    569.4    394.4    631.2 2021 12 13  1 46 42.200  0.00   1
   107964  40.530880 -124.401180    17.190   -14313.9    -2149.0    -4237.3    349.6    383.7    814.2 2021 11 14  0  8  4.400  0.00   1
   107965  40.531694 -124.400643    17.085   -14268.3    -2058.6    -4342.0    339.0    424.6    921.4 2021 12 21 22 13 12.300  0.00   1
   107971  40.533089 -124.402327    16.345   -14410.8    -1903.6    -5082.4    391.1    392.3    763.2 2022 10  9 19  5  2.280  0.00   1
   107978  40.531055 -124.423633    26.669   -16216.0    -2129.5     5241.9    425.9    541.5    701.1 2021  4 15  8 56 41.520  0.00   1
   107980  40.523958 -124.425765    27.602   -16397.5    -2917.6     6174.6    652.7    674.8    718.3 2021  8  4 18 58 46.060  0.00   1
   107981  40.521655 -124.422249    26.800   -16099.9    -3173.3     5372.9    720.9    606.7    954.0 2021  8 21 16 23 33.700  0.00   1
   107983  40.526058 -124.421208    26.969   -16011.1    -2684.4     5541.9    630.0    549.4    693.5 2021 11  3  7 32 49.840  0.00   1
   107984  40.519336 -124.426172    27.113   -16432.5    -3430.9     5685.9    583.8    597.2    837.2 2021 12  3 10 42 13.240  0.00   1
   107988  40.527014 -124.421785    25.864   -16060.0    -2578.2     4436.7    739.4    625.5    965.9 2022  2 13 11 20 53.200  0.00   1
   107989  40.527930 -124.418115    26.671   -15748.9    -2476.6     5243.7    790.3    550.8    787.9 2022  4 26 22 35 44.360  0.00   1
   107990  40.525366 -124.427295    26.968   -16526.9    -2761.2     5540.6    574.5    589.8    756.1 2022  8 18  8 41 53.440  0.00   1
   107991  40.529439 -124.426660    26.454   -16472.6    -2308.9     5026.5    577.1    713.9    753.1 2022 11  8  8 40 30.120  0.00   1
   107992  40.525956 -123.977865    20.611    21548.8    -2695.7     -816.5    557.4    464.0    440.6 2020  3 19 15 51  1.740  0.00   1
   107998  40.524890 -123.976790    20.702    21640.0    -2814.1     -725.2    418.6    484.9    463.6 2022  1 22 10 34 20.100  0.00   1
   107999  40.529289 -123.978125    20.658    21526.2    -2325.6     -769.5    431.3    520.1    526.4 2022  2 15  1 12 31.400  0.00   1
   108057  40.451294 -124.445361    22.294   -18067.4   -10986.6      867.2    825.5   1002.8    942.6 2021 12  5 19 24 48.900  0.00   1
   108061  40.461182 -124.435474    22.414   -17228.0    -9888.6      987.2    866.6    782.3    760.1 2022  9 23 15 56 33.080  0.00   1
   108062  40.476066 -124.414128    21.387   -15417.0    -8235.8      -40.1   1036.3    749.7    896.3 2022  9 28 23  9 12.340  0.00   1
   108063  40.574805 -124.347030    28.147    -9723.3     2728.7     6719.7    553.3    564.6    889.0 2020  3 20  8 49 18.520  0.00   1
   108064  40.581962 -124.348258    25.584    -9826.8     3523.5     4156.9    623.9    556.9    997.5 2021 10 17  9 59  8.260  0.00   1
   108067  40.538883 -124.404761    28.594   -14616.3    -1260.2     7167.1    690.7    596.7    774.5 2021 11  3 11  8 47.100  0.00   1
   108068  40.534167 -124.406372    28.614   -14753.4    -1783.9     7187.2    666.2    670.6    726.4 2021 11  3  4 10 39.340  0.00   1
   108070  40.537581 -124.405396    28.622   -14670.3    -1404.8     7194.8    713.8    590.8    784.4 2021 12 20 21 58 50.200  0.00   1
   108071  40.538017 -124.403320    29.144   -14494.4    -1356.4     7716.7    644.6    572.2    707.9 2022  1  6 19 21 44.640  0.00   1
   108073  40.614636 -123.953890    22.137    23564.4     7151.8      709.5    720.8    580.0   1221.5 2020  9 26  5 11 46.240  0.00   1
   108076  40.614970 -123.948210    21.080    24045.3     7188.9     -347.4   1026.5    870.2   1110.9 2021 10 28  3 17 37.200  0.00   1
   108082  40.614945 -123.948340    21.135    24034.3     7186.1     -292.7   1032.3    871.9   1122.5 2022  4 23 20  0 10.440  0.00   1
   108083  40.619999 -123.948340    20.981    24033.4     7747.3     -446.7    703.8    549.4   1145.2 2022  6 17 14 38  4.080  0.00   1
   108103  40.549353 -124.241886    23.656     -818.9      -97.6     2228.4    420.8    516.8    340.0 2020  3 24  7  2 14.780  0.00   1
   108105  40.552197 -124.256950    21.401    -2094.8      218.2      -26.6    624.3    439.9    657.2 2020 11 21  0 51 45.000  0.00   1
   108108  40.546606 -124.245988    23.413    -1166.4     -402.6     1985.5    452.2    415.0    569.5 2022 11 11 23  8  9.040  0.00   1
   108253  40.740971 -123.838924    19.714    33266.7    21180.7    -1713.0    927.6    756.2   1490.4 2020  3 28 12 19 52.180  0.00   1
   108254  40.743722 -123.843229    19.819    32901.9    21486.1    -1608.7    839.9    672.9    993.1 2020  9 14 17 47 56.900  0.00   1
   108256  40.481551 -124.453385    18.868   -18743.4    -7626.7    -2559.1    350.3    482.2    551.8 2020  3 29  2 10 37.820  0.00   1
   108258  40.474158 -124.457031    19.754   -19053.4    -8447.7    -1673.7    433.0    436.8    424.0 2021 10  3  5 55  4.840  0.00   1
   108259  40.475273 -124.456641    19.551   -19020.1    -8323.9    -1875.9    439.1    436.7    653.8 2021 11 19  6 49 32.480  0.00   1
   108344  40.526912 -124.403947    16.504   -14548.7    -2589.5    -4923.5    861.0    548.9   1008.4 2022  6  5 23 40 24.620  0.00   1
   108357  40.570455 -124.097811    22.330    11383.2     2245.7      902.9    540.8    502.7    516.7 2021  2 21 19 35 38.660  0.00   1
   108358  40.571147 -124.093408    22.818    11756.0     2322.5     1391.0    647.0    515.0    483.6 2021 10 31 11 18 33.720  0.00   1
   108359  40.567570 -124.098088    22.475    11360.0     1925.3     1047.8    487.9    417.1    400.1 2022  2  6  9 49 13.780  0.00   1
   108413  40.467688 -124.506551    23.639   -23251.4    -9166.1     2211.7    544.5    775.1   1387.2 2020  4 13  9 58 32.960  0.00   1
   108414  40.474972 -124.498877    23.621   -22599.8    -8357.3     2193.8    965.2   1160.2   1877.9 2020  8 28 23 50 45.120  0.00   1
   108415  40.471903 -124.498584    27.543   -22575.5    -8698.0     6115.4    756.3    810.7    805.1 2020  9 24 22 17 36.960  0.00   1
   108416  40.466992 -124.504183    25.295   -23050.8    -9243.4     3868.1    517.1    795.9   1176.4 2021  2  3  1 21 28.060  0.00   1
   108422  40.469181 -124.508219    24.534   -23392.6    -9000.3     3106.8    624.8    842.9   1204.5 2021 11 29 21 27 26.620  0.00   1
   108424  40.462382 -124.504720    26.170   -23097.1    -9755.3     4742.9    613.5   1095.7   1213.4 2022  2 13  8 54 23.040  0.00   1
   108430  40.467708 -124.505412    24.802   -23154.9    -9163.9     3374.3    528.3    805.9   1383.7 2022 11 14 21 27 40.840  0.00   1
   108460  40.611670 -124.088957    16.142    12129.4     6822.4    -5285.7    519.9    455.9   1189.5 2020  4 19 16  8 58.720  0.00   1
   108464  40.612406 -124.093424    18.486    11751.1     6904.2    -2941.2    478.6    463.9    434.9 2022  1 22 11 10 16.600  0.00   1
   108465  40.613668 -124.096932    17.905    11454.0     7044.3    -3522.0    579.8    547.1    509.8 2022  1 29  6 14 29.780  0.00   1
   108466  40.583219 -124.295557    22.360    -5363.7     3663.1      932.4   1190.8    609.4   1149.7 2020  4 19 16 21  7.220  0.00   1
   108475  40.493746 -124.431307    26.433   -16870.8    -6272.5     5005.3    480.5    700.3    690.3 2020  8 21 16 41  2.020  0.00   1
   108479  40.506217 -124.434351    22.516   -17127.1    -4887.6     1089.2   1002.4    781.5    974.1 2021  9 26  7 21 14.820  0.00   1
   108490  40.640849 -123.999756    23.540    19677.4    10062.6     2112.3    960.1    730.4    681.5 2020  4 19  6 45 57.780  0.00   1
   108491  40.517008 -124.342106    18.159    -9310.3    -3689.3    -3268.3    506.0    659.4    611.9 2020  4 21 11 21 54.140  0.00   1
   108492  40.510246 -124.336507    18.948    -8836.3    -4440.3    -2479.0    455.5    381.7    375.6 2020  6 19  5 30 29.960  0.00   1
   108493  40.511279 -124.333008    18.982    -8539.8    -4325.5    -2445.2    442.4    513.1    433.1 2021  3 12  1 30 38.560  0.00   1
   108494  40.511015 -124.335213    19.161    -8726.7    -4354.9    -2266.4    414.3    376.3    483.9 2021  6 14 22 35  4.460  0.00   1
   108495  40.512219 -124.327205    19.362    -8048.1    -4221.1    -2065.3    642.0    654.6    868.0 2021  6 14 21 36  2.260  0.00   1
   108496  40.507149 -124.332674    19.420    -8511.8    -4784.1    -2007.2    727.7    512.7   1012.4 2021  6 14 21 44 45.960  0.00   1
   108497  40.510986 -124.336735    19.099    -8855.6    -4358.0    -2328.3    399.6    378.3    503.4 2021  6 15  9 44 20.640  0.00   1
   108498  40.512500 -124.334660    18.901    -8679.7    -4190.0    -2525.8    349.9    568.9    460.8 2021  6 15  8 53  6.160  0.00   1
   108499  40.512154 -124.336882    18.635    -8867.9    -4228.4    -2792.3    439.9    551.3    463.3 2021  6 15  9 30  2.180  0.00   1
   108500  40.513098 -124.337695    18.711    -8936.8    -4123.5    -2716.5    336.5    509.1    391.7 2021  6 15  9 15  5.520  0.00   1
   108501  40.511507 -124.333455    19.090    -8577.7    -4300.2    -2337.3    378.4    521.8    411.5 2021 12 11  4 20 38.740  0.00   1
   108566  40.639490 -124.047835    25.327    15607.8     9911.7     3899.7   2280.3   1014.0   1956.6 2020  5  5 15 41 19.740  0.00   1
   108569  40.508891 -124.489714    21.856   -21817.7    -4590.7      429.0    593.7    706.9   1238.3 2020  5  6  2 15 26.660  0.00   1
   108570  40.508993 -124.488778    24.526   -21738.4    -4579.4     3098.7    592.2    603.7   1244.0 2021  7 27  7 34 24.040  0.00   1
   108571  40.607772 -124.086955    17.563    12299.2     6389.5    -3864.0    517.1    329.4    409.0 2020  5  9 23 48 21.420  0.00   1
   108578  40.490316 -124.503345    16.381   -22975.8    -6653.4    -5046.4    525.3    585.4   1020.4 2022  3 19 17 38 45.720  0.00   1
   108600  40.553593 -124.256453    24.779    -2052.8      373.2     3351.8    613.8    377.0    904.0 2020  8  8  3  7 36.200  0.00   1
   108601  40.544417 -124.254891    26.024    -1920.5     -645.7     4596.4    558.0    466.9    683.5 2021  7 18  8 37 44.140  0.00   1
   108604  40.546269 -124.252661    22.393    -1731.6     -440.1      966.1    848.6    314.1   1581.8 2022  6 14  4 29 40.760  0.00   1
   108605  40.552035 -124.225301    21.955      585.9      200.2      528.2    937.8    389.8    733.9 2022  6 29  2 18 33.580  0.00   1
   108609  40.533053 -124.345850    18.228    -9626.3    -1907.7    -3198.9    369.2    293.6    507.5 2020  5 21  5 49 36.720  0.00   1
   108610  40.533061 -124.345841    18.225    -9625.6    -1906.8    -3202.2    368.9    294.1    506.1 2020  5 21  6  0 18.060  0.00   1
   108611  40.542151 -124.340967    17.198    -9212.0     -897.4    -4229.6    524.9    317.6    471.2 2020  5 21  5 49 32.040  0.00   1
   108616  40.527364 -124.404500    19.072   -14595.5    -2539.4    -2355.7    369.6    353.8    519.9 2020  5 27 17 28 46.460  0.00   1
   108617  40.528585 -124.400838    17.828   -14285.2    -2403.8    -3599.4    312.2    392.7    634.9 2021 12 21  9 14 12.320  0.00   1
   108618  40.522717 -124.412077    18.430   -15237.9    -3055.4    -2997.5    479.9    560.0    642.2 2020  5 29  3 10 10.980  0.00   1
   108624  40.529338 -124.337223    20.035    -8895.8    -2320.2    -1392.3    420.1    758.4    735.2 2020  6  1 23 58 17.820  0.00   1
   108625  40.519255 -124.330868    21.090    -8357.9    -3439.9     -337.6    469.6    372.0    745.8 2020  6 24  4 56 53.760  0.00   1
   108626  40.519246 -124.330843    21.099    -8355.9    -3440.8     -328.1    469.1    372.3    743.5 2020  6 25 13  0 35.620  0.00   1
   108655  40.578849 -124.190641    19.141     3521.0     3177.8    -2286.3    527.7    248.9    408.8 2021 10 12  3 27 25.740  0.00   1
   108724  40.623645 -123.929313    21.607    25643.5     8152.2      179.6    631.0    510.4    810.0 2020  6 14 11 45 45.620  0.00   1
   108732  40.591333 -123.914730    18.883    26884.5     4564.1    -2544.2    919.6   1256.1   1431.2 2022 10 13 19 35 55.660  0.00   1
   108757  40.544088 -124.055257    19.983    14990.1     -682.3    -1444.3    477.9    445.1    399.8 2020  6 14 14 58 40.620  0.00   1
   108758  40.540719 -124.054525    19.919    15052.5    -1056.4    -1508.0    486.1    451.3    426.1 2021  3  4 22 22 58.560  0.00   1
   108759  40.536544 -124.038517    20.356    16409.0    -1520.0    -1071.0    538.5    421.8    542.4 2022  2 22 19 27 13.320  0.00   1
   108760  40.537809 -124.043620    19.996    15976.6    -1379.5    -1431.4    618.8    389.9    450.4 2022  3 14  4  0 41.420  0.00   1
   108761  40.537590 -124.045174    19.953    15845.0    -1403.9    -1474.4    557.3    441.9    535.9 2022  4  7 13 29 19.080  0.00   1
   108768  40.613000 -124.089868    18.342    12052.1     6970.2    -3084.8    638.0    449.4    498.7 2020 12 14 11 30 35.940  0.00   1
   108775  40.492057 -123.870955    20.843    30613.8    -6460.0     -584.0   1373.3   1296.5    631.8 2021  3 12  6 12 15.860  0.00   1
   108778  40.518583 -123.906030    21.193    27636.1    -3514.4     -234.2   1159.4   1396.8    556.5 2021 10  5  6 18 43.140  0.00   1
   108780  40.518819 -123.906258    21.179    27616.7    -3488.2     -248.7   1158.3   1394.3    557.9 2021 10  6 16 45 29.740  0.00   1
   108782  40.518616 -123.906087    21.178    27631.3    -3510.8     -248.9   1158.4   1397.1    552.4 2021 10  6 17 13 28.040  0.00   1
   108784  40.525220 -123.909619    21.023    27330.7    -2777.5     -404.6   1283.9   1301.1    767.3 2021 10  6 18 40 27.620  0.00   1
   108785  40.518408 -123.905770    21.182    27658.2    -3533.9     -245.0   1160.1   1399.2    547.3 2021 10  6 19 49 19.280  0.00   1
   108789  40.519413 -123.906779    21.190    27572.5    -3422.3     -237.7   1157.8   1384.7    580.3 2021 10  6 11 42 23.740  0.00   1
   108794  40.518685 -123.905916    21.176    27645.7    -3503.2     -251.6   1160.7   1395.8    552.7 2021 10  9 19 44 44.220  0.00   1
   108797  40.507650 -123.897257    21.428    28381.7    -4728.6        0.3    782.3   1002.9    449.9 2021 10 10 14 55 46.020  0.00   1
   108839  40.500655 -124.434123    23.593   -17108.5    -5505.3     2165.5    573.0    496.5    875.6 2021  4  7 10 38 50.740  0.00   1
   108840  40.499113 -124.437752    23.600   -17416.2    -5676.5     2172.9    621.0    689.9   1406.5 2021 11  7  2 42 54.760  0.00   1
   108860  40.629688 -123.927856    21.436    25765.7     8823.2        8.4    822.6    598.4    622.2 2020  7  8 15  4 51.000  0.00   1
   108864  40.611735 -123.882576    22.658    29602.8     6829.6     1231.1    813.7   1016.0   5860.9 2020  7 12  6 10  9.180  0.00   1
   108865  40.609302 -123.883838    23.528    29496.5     6559.4     2100.3   1055.0    938.4   1872.1 2021  7 25  9 12 32.240  0.00   1
   108866  40.602108 -123.896533    25.774    28423.1     5760.6     4347.2   1463.5   1644.6   4194.3 2022  9 20 20 35 29.800  0.00   1
   108897  40.597530 -124.114014    16.737    10009.0     5252.2    -4690.0    659.4    691.5    838.2 2020  7 21  9 58 36.880  0.00   1
   108901  40.606047 -124.109505    17.768    10390.1     6198.0    -3658.8    512.7    362.4    393.7 2020  7 28 10 54 20.520  0.00   1
   108918  40.645101 -124.019328    18.671    18020.1    10534.8    -2756.3    742.6    399.4    678.5 2020  8 14  7 59 14.720  0.00   1
   108919  40.645418 -124.012671    18.813    18583.6    10570.0    -2614.0    783.5    337.5    756.5 2020  8 14  7 29 17.360  0.00   1
   108921  40.645540 -124.018197    18.400    18115.8    10583.6    -3027.3    589.6    387.2    739.8 2021 11 16 18 50  1.700  0.00   1
   108922  40.591459 -124.101538    20.619    11065.8     4578.1     -808.3    795.3    637.8    902.6 2020  8 17 22 44  9.820  0.00   1
   108923  40.591435 -124.101546    20.580    11065.2     4575.4     -847.3    781.5    643.1    889.5 2020  8 17 22 37  2.940  0.00   1
   108925  40.605721 -124.110343    20.306    10319.1     6161.8    -1120.8    452.9    361.0    459.3 2021  6 29  5 32 28.020  0.00   1
   108926  40.600614 -124.118726    20.776     9609.8     5594.7     -650.9    516.0    333.6    567.2 2021  9  2  7  3 32.740  0.00   1
   108956  40.532113 -124.247933    18.803    -1331.3    -2012.1    -2624.1    499.3    384.6    609.6 2020  8 19  9 20 36.680  0.00   1
   108957  40.532039 -124.248218    18.703    -1355.4    -2020.2    -2724.3    495.5    427.2    490.2 2021  7 30  7  1 16.480  0.00   1
   108959  40.534888 -124.249414    18.400    -1456.7    -1703.9    -3027.5    507.6    549.0    577.9 2022  9 20 20 46 19.020  0.00   1
   108974  40.605623 -124.215698    24.192     1398.8     6151.0     2764.7    543.5    374.4    822.0 2021  6  2  8  1  4.060  0.00   1
   108976  40.605033 -124.237207    23.489     -422.4     6085.4     2061.6   1194.2    602.6   1401.6 2021  8  2  1 42 32.520  0.00   1
   108977  40.609277 -124.221574    25.334      901.2     6556.7     3907.1    393.2    650.1    541.9 2021  9 27 13 54 30.160  0.00   1
   108978  40.609090 -124.221501    25.266      907.4     6535.9     3838.4    382.1    654.1    538.4 2021 11 19  5 14  6.980  0.00   1
   108988  40.603540 -124.050155    23.693    15415.5     5919.6     2265.8    561.7    494.7    608.3 2021  9 19  2 30 15.040  0.00   1
   108995  40.563009 -123.934245    22.040    25237.3     1418.8      612.7    428.4    369.2    487.4 2020  9  7  3  4 36.280  0.00   1
   108998  40.563912 -123.932682    21.805    25369.5     1519.1      377.7    537.8    465.4    578.4 2020 11 23  2 17 29.880  0.00   1
   108999  40.562504 -123.933423    21.893    25307.0     1362.8      465.9    512.6    435.6    521.3 2020 11 23  2 27  1.080  0.00   1
   109001  40.564754 -123.934245    21.909    25237.0     1612.6      481.7    475.5    398.2    507.8 2021  4 25  2 44 15.560  0.00   1
   109003  40.565120 -123.936532    22.037    25043.3     1653.3      609.3    499.1    436.6    743.4 2021  9 25  7 21 32.760  0.00   1
   109005  40.562557 -123.932625    21.977    25374.6     1368.6      549.8    459.2    461.1    502.1 2022  1 19 16 50 43.900  0.00   1
   109006  40.561670 -123.931071    22.132    25506.4     1270.1      704.7    432.4    383.5    566.7 2022  1 23  4 17 44.580  0.00   1
   109007  40.562093 -123.929867    21.914    25608.3     1317.1      487.1    488.9    470.0    500.8 2022  1 23 13 55 42.740  0.00   1
   109008  40.564978 -123.936458    21.969    25049.5     1637.5      541.5    478.2    473.3    626.0 2022  5 17 14 52 29.660  0.00   1
   109027  40.523010 -123.902124    19.970    27966.1    -3022.8    -1457.6   1100.7    948.8    933.8 2020  9 12  9 10  3.360  0.00   1
   109029  40.529871 -123.903263    23.101    27868.2    -2261.0     1673.5    568.3    638.8    633.3 2021 10 21 16 23 18.500  0.00   1
   109031  40.526388 -123.912069    20.669    27122.9    -2647.8     -758.3    411.8    542.3    591.8 2022  9 21 22  2  0.300  0.00   1
   109034  40.606539 -123.932300    24.512    25393.9     6252.6     3084.9    590.2    881.8    719.7 2021 10 16  0 56 17.260  0.00   1
   109035  40.605326 -123.917806    25.096    26621.3     6118.0     3668.6    628.8    558.7    721.1 2022  4  7  7 43 59.660  0.00   1
   109037  40.600102 -124.119694    18.625     9527.8     5537.8    -2801.9    372.8    403.9    399.1 2021  8 28 10 22 15.280  0.00   1
   109040  40.535840 -124.051758    19.931    15287.5    -1598.2    -1495.8    606.3    358.6    463.6 2021  5  4 20 49 28.940  0.00   1
   109042  40.534957 -124.046362    19.782    15744.6    -1696.2    -1644.9    451.0    309.3    382.3 2021 12 10 18 19  3.380  0.00   1
   109047  40.660099 -123.880762    26.764    29745.7    12200.3     5337.2    683.8    723.4   1518.4 2022  7  7 10 16 42.560  0.00   1
   109051  40.585693 -124.066260    21.515    14053.8     3937.8       87.8    488.0    397.2    529.6 2022 10 22  1 32  8.620  0.00   1
   109052  40.615637 -124.072876    18.550    13490.5     7263.0    -2877.1    666.7    347.7    650.9 2020  9 18  1 49 50.060  0.00   1
   109054  40.623682 -124.096606    17.471    11480.7     8156.3    -3956.2   1082.8    733.3    474.4 2021  8  3  7 25 29.060  0.00   1
   109057  40.620007 -124.071704    17.734    13589.3     7748.2    -3693.1   1056.9    728.4   1107.0 2021 11  1 20 23 11.500  0.00   1
   109058  40.620052 -124.084001    17.926    12548.2     7753.2    -3501.7    586.0    472.6    732.8 2022  7  2 18 54 53.920  0.00   1
   109059  40.617647 -124.078687    17.794    12998.4     7486.2    -3633.2    591.1    432.5    756.1 2022  7  5 10 26 16.440  0.00   1
   109060  40.609265 -124.073128    18.532    13469.8     6555.4    -2894.8    592.9    314.4    549.2 2022  9 22  5 20 24.860  0.00   1
   109079  40.592045 -124.319336    22.448    -7377.0     4643.2     1020.7    611.5    405.4    416.6 2020  9 24  1 37  2.540  0.00   1
   109081  40.591252 -124.322900    21.181    -7678.8     4555.0     -245.8    532.7    381.5    913.5 2021  8  3  7 28  1.280  0.00   1
   109082  40.591956 -124.319132    21.747    -7359.7     4633.2      319.3    681.0    411.1    969.0 2021  8  3  7 28 11.760  0.00   1
   109083  40.589250 -124.323267    20.682    -7710.0     4332.7     -745.3    586.4    454.3   1021.5 2022  3 18 23 22 52.560  0.00   1
   109086  40.638037 -124.101969    17.261    11025.5     9750.4    -4165.1   1034.4    866.0   1407.6 2020  9 29 20 57 21.240  0.00   1
   109088  40.589449 -124.084310    25.942    12524.9     4354.9     4514.8   1065.5    388.7   4028.8 2021  8  2  6  3 50.240  0.00   1
   109099  40.524967 -124.381478    16.859   -12645.3    -2805.5    -4568.4    458.9    316.9    695.1 2022 11  3 21 25 34.920  0.00   1
   109112  40.571676 -123.938265    21.284    24895.2     2381.2     -143.4    543.7    417.1    515.9 2020 11 28  4 46 13.820  0.00   1
   109120  40.572546 -123.938883    21.385    24842.7     2477.9      -42.0    626.9    475.6    738.1 2021 10  7 15 37 20.960  0.00   1
   109123  40.570447 -123.935872    20.872    25098.1     2244.8     -555.2    599.1    572.8    948.8 2021 10  7 10 58 29.020  0.00   1
   109127  40.572550 -123.938835    21.377    24846.8     2478.4      -50.0    626.7    473.8    735.9 2021 10  9 15  2 48.760  0.00   1
   109129  40.523600 -124.429761    19.720   -16736.0    -2957.3    -1707.0    285.3    525.4    520.5 2020 10 11 16 54  4.900  0.00   1
   109133  40.641781 -124.028312    19.034    17260.1    10166.1    -2393.1    550.7    422.1    574.7 2020 10 20  3 57  2.000  0.00   1
   109186  40.662708 -123.901066    23.389    28026.7    12489.9     1961.9    576.2    562.3    569.0 2020 11 10  7 29 44.140  0.00   1
   109189  40.671297 -123.904883    21.790    27701.9    13443.7      362.9    685.0    417.5    674.2 2021  5 13  9 32 24.180  0.00   1
   109190  40.666056 -123.907699    23.281    27464.7    12861.8     1853.6    878.5    599.5   1333.6 2022  6 25  8 45  6.260  0.00   1
   109416  40.595707 -123.964746    21.999    22648.5     5049.8      571.9    838.6    611.9    937.5 2020 11 28  4 41 25.020  0.00   1
   109417  40.595622 -123.964518    21.988    22667.8     5040.3      560.5    833.1    615.2    936.8 2020 11 28  4 28 30.560  0.00   1
   109418  40.597188 -123.970085    22.327    22196.2     5214.3      899.8    764.2    626.8   1199.7 2021  3 28 11 21 31.120  0.00   1
   109420  40.596102 -123.915503    21.972    26818.1     5093.6      544.5    731.7    525.3    742.8 2020 12  7 19  3 16.040  0.00   1
   109421  40.605518 -123.921558    21.593    26303.6     6139.2      165.7    841.8    809.5    749.4 2020 12  7 19  5 36.340  0.00   1
   109427  40.593294 -123.899194    25.854    28199.7     4781.9     4426.6    687.8    576.3    703.7 2020 11 29  9 45 15.600  0.00   1
   109428  40.591756 -123.894499    26.307    28597.6     4611.1     4879.5    758.3    446.4    757.7 2021  1 19 12 58 57.580  0.00   1
   109430  40.593054 -123.898787    25.775    28234.2     4755.2     4348.1    743.3    497.3    675.2 2022  3 18  0  7 21.100  0.00   1
   109436  40.608199 -124.098283    15.016    11340.1     6437.0    -6411.5    468.6    480.0    450.3 2020 12  1 11 36 42.680  0.00   1
   109448  40.559517 -124.018913    22.284    18066.7     1031.1      856.5    392.9    370.8    416.1 2022  1 19 22 27 40.720  0.00   1
   109451  40.560417 -124.018815    21.906    18074.9     1131.0      478.3    496.5    468.8    521.6 2022  6  9  2 12 47.440  0.00   1
   109453  40.560303 -124.021289    21.942    17865.3     1118.3      514.9    578.1    443.4    446.3 2022 11 22  5  9 14.600  0.00   1
   109457  40.585319 -124.194897    22.525     3160.4     3896.3     1097.5    639.4    552.4    699.8 2022 11 20 16 58  8.260  0.00   1
   109458  40.552397 -123.892098    22.697    28809.3      240.4     1269.4    733.1    632.2    570.1 2020 12 19 19 50 56.380  0.00   1
   109460  40.598100 -124.221427    25.730      913.7     5315.5     4302.9    830.6    923.2    571.2 2021  2 11 13 50 26.620  0.00   1
   109461  40.597502 -124.119930    16.688     9508.0     5249.1    -4739.6    578.2    496.6    440.1 2021  1  4  6 14 34.600  0.00   1
   109483  40.497986 -124.467611    20.978   -19946.5    -5801.7     -448.8    506.4    874.8   1166.6 2021  1 13 19 34 16.280  0.00   1
   109484  40.518734 -124.466805    22.734   -19875.2    -3497.7     1306.3    643.0    658.2    843.5 2021  2 12 14 58  6.120  0.00   1
   109485  40.519312 -124.451204    25.647   -18553.4    -3433.6     4219.6    662.0    785.7   1142.6 2022  6  3  7 37 13.740  0.00   1
   109491  40.553182 -124.051497    23.197    15307.6      327.6     1769.9    522.5    314.8    357.2 2022 11 12 22 18 21.100  0.00   1
   109493  40.578646 -124.218522    19.770     1159.9     3155.2    -1657.2    664.9    315.3    614.4 2021 12 30 20 43 22.380  0.00   1
   109498  40.582381 -124.144653    22.648     7415.4     3570.0     1220.5    417.8    300.8    325.7 2022  3 29  0 35 16.680  0.00   1
   109534  40.645577 -124.005916    18.155    19155.3    10587.6    -3272.4    999.0    450.4    865.5 2021  3  6  9 15 31.140  0.00   1
   109535  40.652063 -124.024080    17.847    17616.9    11307.9    -3580.3   1022.0    690.9    813.1 2021  3  6  9 16 35.960  0.00   1
   109542  40.541565 -123.906388    22.832    27601.1     -962.4     1404.9    730.8    632.3    600.1 2021  3 19 20 18 50.400  0.00   1
   109543  40.540975 -123.903174    22.835    27873.5    -1027.9     1407.8    588.0    656.1    511.2 2021  7 28 11 59  6.040  0.00   1
   109544  40.540002 -123.905485    22.814    27677.9    -1135.9     1386.8    523.7    476.2    462.5 2021 11  2 15 33 30.400  0.00   1
   109546  40.531519 -123.910425    22.983    27261.2    -2078.0     1556.0    731.9    794.6    752.2 2022  2  8 20 52 37.700  0.00   1
   109547  40.542900 -123.905713    22.715    27658.0     -814.2     1288.0    526.6    505.3    441.5 2022  5 16 12 51  7.720  0.00   1
   109550  40.561715 -123.974528    23.598    21825.7     1275.1     2170.5    488.4    392.5    526.7 2021 10 14 12 55 59.780  0.00   1
   109551  40.561523 -123.973836    23.586    21884.3     1253.9     2159.1    593.1    439.4    400.7 2021 10 18 11 26 36.900  0.00   1
   109560  40.574821 -124.418091    24.854   -15741.4     2730.5     3426.8    625.4    560.6   1468.8 2021  4 22 19 58  9.520  0.00   1
   109562  40.574825 -124.418604    23.594   -15784.8     2731.0     2167.2    638.1    516.7    816.6 2021 10  1 17 28 56.900  0.00   1
   109563  40.574878 -124.417228    23.173   -15668.3     2736.8     1746.0    564.5    715.3    879.5 2022  6  6  8 33 56.500  0.00   1
   109585  40.701965 -123.974105    21.420    21838.8    16849.3       -7.5    770.4    618.1    756.5 2021 12  9  6 38 26.640  0.00   1
   109586  40.608712 -123.807170    26.255    35988.0     6493.9     4827.7    724.4    630.7   1368.1 2021  4 25 12  4 20.500  0.00   1
   109587  40.514433 -124.438778    17.331   -17501.1    -3975.3    -4096.5    358.6    338.9    658.7 2021  4 26 14 34  7.560  0.00   1
   109588  40.532914 -124.400496    17.981   -14255.7    -1923.1    -3446.0    471.1    325.3    723.7 2021  4 30  5 48 15.420  0.00   1
   109590  40.595129 -124.009603    22.387    18850.3     4985.7      959.8    652.3    464.2    572.4 2021  5  1  6 40  3.120  0.00   1
   109592  40.565348 -124.018970    22.278    18061.1     1678.6      851.0    451.7    368.2    423.7 2022  3 10 22 12 16.660  0.00   1
   109593  40.585555 -124.200863    23.280     2655.3     3922.5     1852.7   1825.8    664.4    772.4 2021  5 25 13 41 14.420  0.00   1
   109638  40.584538 -123.959725    24.616    23075.6     3809.5     3188.3    598.2    455.5    819.1 2021  6  5 11 28 29.860  0.00   1
   109639  40.574589 -123.953621    23.521    23594.2     2704.7     2093.5    613.7    665.5    538.8 2022  2 26  5 28  3.880  0.00   1
   109640  40.550834 -123.970915    21.035    22133.5       66.9     -392.4    467.3    429.4    506.7 2021  6 14 23  5 14.620  0.00   1
   109641  40.551457 -123.972331    21.100    22013.5      136.0     -327.1    514.7    406.5    513.1 2021  6 15  4  8 20.200  0.00   1
   109643  40.550647 -123.970565    20.967    22163.2       46.1     -460.0    566.4    458.0    542.8 2021  6 15  2 15 10.680  0.00   1
   109645  40.550606 -123.970475    20.974    22170.8       41.6     -452.9    566.6    461.1    542.5 2021  9 21 16 59  7.260  0.00   1
   109646  40.551204 -123.972144    20.998    22029.4      108.0     -428.8    415.7    369.3    464.0 2022  8 19 22 15 53.220  0.00   1
   109647  40.551208 -123.972152    20.998    22028.7      108.4     -429.5    415.4    369.7    464.0 2022  9 26 14 46 33.600  0.00   1
   109649  40.478507 -124.516602    16.313   -24101.3    -7964.7    -5114.6    613.9    696.6   1135.3 2022  9 18  8 29  6.480  0.00   1
   109653  40.599463 -124.335384    20.142    -8735.4     5466.9    -1284.8    660.0    466.2    972.0 2021  6 26 23 51 53.520  0.00   1
   109656  40.602702 -124.305469    18.253    -6202.2     5826.5    -3174.7   1255.8    311.0   1967.8 2021  7  7 21  8 20.520  0.00   1
   109661  40.599264 -124.331421    20.122    -8399.8     5444.7    -1305.5    766.8    461.1   1405.0 2022 11 27 17  4 31.920  0.00   1
   109701  40.536747 -124.349691    18.411    -9951.4    -1497.4    -3016.3    419.1    331.5    478.8 2021  7  9 20  8 44.560  0.00   1
   109707  40.703910 -123.931380    22.752    25453.3    17065.3     1324.3    650.8    626.5    755.6 2021  7 21  1 57 33.440  0.00   1
   109708  40.707080 -123.944360    22.396    24354.5    17417.3      968.8    636.7    443.8    811.7 2022  8 13 12 33 41.180  0.00   1
   109709  40.707084 -123.944165    22.398    24371.1    17417.7      970.7    637.0    445.4    817.0 2022  8 13 13  7 15.920  0.00   1
   109710  40.480831 -124.403101    19.889   -14481.9    -7706.7    -1538.1    437.2    434.6    666.2 2021  7 21  6 27  7.140  0.00   1
   109714  40.516016 -124.432178    17.799   -16941.8    -3799.6    -3628.3    382.7    525.2    570.4 2021  7 22  8 29 59.260  0.00   1
   109718  40.504032 -124.448657    18.858   -18339.6    -5130.2    -2569.7    535.9    568.7    715.6 2022  4  3 19 26 32.500  0.00   1
   109728  40.638664 -123.917765    21.280    26618.2     9819.9     -147.4    620.2    472.8   1144.6 2021 10 28 17 29 28.460  0.00   1
   109729  40.639372 -123.918717    21.338    26537.4     9898.6      -89.0    623.4    487.5   1076.2 2021 10 28 20 25 38.640  0.00   1
   109732  40.504980 -124.460531    18.736   -19345.6    -5025.0    -2691.2    555.4    589.7    542.5 2021  8  5  5 11 35.000  0.00   1
   109733  40.506506 -124.456779    19.965   -19027.5    -4855.5    -1462.1    343.4    424.6    544.5 2021 12 18  9  2 20.600  0.00   1
   109734  40.502926 -124.457951    19.854   -19127.3    -5253.1    -1573.2    450.1    569.7    825.3 2021 12 21 16 46 40.580  0.00   1
   109740  40.531014 -124.372835    25.276   -11912.6    -2134.1     3849.2    579.6    537.2    898.9 2021 12 25  9  3 58.480  0.00   1
   109741  40.531921 -124.370052    24.577   -11676.7    -2033.3     3149.3    719.2    563.0    953.3 2022  8 24 18 28  5.620  0.00   1
   109742  40.636792 -124.042969    20.007    16020.0     9612.1    -1419.9    979.8    459.4    933.2 2021  8 23  5 51 36.160  0.00   1
   109744  40.526713 -123.779053    21.866    38391.9    -2611.7      438.6    802.7    925.3    735.6 2021  8 29 12 47 11.520  0.00   1
   109745  40.517887 -123.779606    22.338    38347.5    -3591.7      910.5    447.8    800.6    641.2 2022  1  7 12 47 18.900  0.00   1
   109758  40.550073 -124.229704    17.642      213.0      -17.6    -3785.4    408.7    287.9    546.6 2021  9 12 22 48 15.460  0.00   1
   109773  40.519421 -124.414038    17.652   -15404.5    -3421.4    -3774.9    415.5    508.6    659.6 2021 12 23 10 30 50.600  0.00   1
   109775  40.577014 -124.214062    18.314     1537.6     2974.0    -3113.0    507.0    297.7    692.9 2021  9 23 19 33 34.900  0.00   1
   109779  40.526518 -124.360758    17.673   -10889.8    -2633.4    -3754.3    914.1    468.1    692.5 2021  9 30  4 43 34.000  0.00   1
   109788  40.516463 -123.882886    22.112    29597.5    -3749.9      685.0    565.2    876.6    865.2 2021 10  7  4 45 50.940  0.00   1
   109789  40.511621 -123.868880    21.814    30785.2    -4287.6      386.3    830.3    766.1    623.3 2021 10  7  5 44  8.100  0.00   1
   109791  40.511820 -123.873405    21.468    30401.8    -4265.4       40.3    825.4    648.2    588.9 2021 10  9 15 14 13.920  0.00   1
   109792  40.510002 -123.880713    21.956    29783.0    -4467.4      528.7    792.2    508.0    596.2 2021 10  9 14 51  7.940  0.00   1
   109793  40.515735 -123.880347    21.634    29812.8    -3830.7      206.6    498.0    661.5    521.6 2021 10  9 19 19 22.180  0.00   1
   109794  40.514559 -123.873625    21.166    30382.5    -3961.3     -261.5    739.0    556.6    561.0 2021 10 16 14 55 23.500  0.00   1
   109795  40.512349 -123.875570    21.603    30218.2    -4206.7      176.1    593.5    537.6    538.9 2021 11  4 10 59  4.180  0.00   1
   109796  40.511625 -123.872111    21.162    30511.5    -4287.1     -264.8    636.8    530.0    549.2 2021 11  7  7 51 35.860  0.00   1
   109801  40.546598 -123.853768    22.673    32057.3     -403.5     1245.5    634.8    632.7    453.6 2022  1 31 19 52 42.840  0.00   1
   109836  40.614022 -124.139998    18.613     7807.8     7083.6    -2814.7    350.0    290.4    480.9 2021 10 22 21  9 45.260  0.00   1
   109837  40.612858 -124.077303    19.890    13115.9     6954.3    -1537.3    615.6    370.3    704.1 2021 10 31 13 10  3.600  0.00   1
   109838  40.559090 -123.954696    22.291    23505.9      983.7      864.2    550.5    458.5    590.1 2021 11  3 19 22 52.340  0.00   1
   109846  40.603882 -124.080070    16.956    12882.5     5957.6    -4471.2    601.0    686.2    657.0 2021 11 25 17 56 31.760  0.00   1
   109849  40.605188 -124.293962    20.065    -5227.8     6102.6    -1362.7    961.1    286.8    912.7 2021 11 29  9 17 10.340  0.00   1
   109852  40.523128 -124.432227    19.850   -16945.0    -3009.7    -1576.8    313.4    359.5    477.2 2022  1 18 10 25 37.780  0.00   1
   110087  40.587724 -124.211808    20.699     1728.4     4163.3     -728.6    352.6    289.3    449.0 2021 12 11 10 51 42.420  0.00   1
   110088  40.543363 -124.314600    19.313    -6978.4     -762.7    -2113.9    963.4    626.9   1033.0 2021 12 20 23 40 19.580  0.00   1
   110091  40.543778 -124.313298    19.277    -6868.1     -716.6    -2150.7    956.5    632.9   1037.7 2022  8 22 11 46 57.980  0.00   1
   110092  40.548051 -124.311174    18.622    -6688.0     -242.2    -2805.4    815.6    427.7    880.3 2022  8 22 11 19 44.520  0.00   1
   110093  40.545544 -124.311702    19.019    -6732.9     -520.5    -2408.0    947.3    588.4   1006.7 2021 12 20 21 17 43.440  0.00   1
   110095  40.546944 -124.322640    19.770    -7659.3     -365.1    -1657.0    810.9    337.1    695.0 2022  7 14  2 59 53.060  0.00   1
   110120  40.517879 -124.423657    19.896   -16219.6    -3592.6    -1530.9    380.8    446.0    713.8 2021 12 20 20 29 25.860  0.00   1
   110127  40.575513 -124.223177    17.572      765.7     2807.3    -3855.5   1556.7    873.9   1041.9 2021 12 20 20 15 20.340  0.00   1
   110128  40.548718 -124.295540    24.440    -5363.7     -168.1     3012.4    508.1    588.1    910.2 2021 12 20 20 31  1.340  0.00   1
   110129  40.519267 -124.444377    17.466   -17974.9    -3438.5    -3961.1    430.6    453.4    740.2 2021 12 20 22 57 59.980  0.00   1
   110153  40.506201 -124.334326    17.680    -8651.8    -4889.4    -3746.9    460.7    550.4    731.7 2021 12 21  3 28 34.100  0.00   1
   110154  40.506315 -124.332153    18.328    -8467.7    -4876.8    -3099.6    295.6    409.5    605.0 2021 12 23  6 55 41.480  0.00   1
   110156  40.507442 -124.333382    17.804    -8571.7    -4751.6    -3622.8    417.0    536.5    831.5 2021 12 23  4 51 44.220  0.00   1
   110160  40.522168 -124.420573    18.580   -15957.8    -3116.4    -2847.3    472.0    394.9    676.9 2021 12 21 19 30 31.800  0.00   1
   110168  40.580082 -124.208740    19.189     1988.3     3314.7    -2237.8    656.5    256.6    616.3 2021 12 21  2 44 44.640  0.00   1
   110179  40.544132 -124.346908    22.689    -9715.1     -677.3     1261.3    649.3    521.0    864.1 2022  3 20  6 57 16.680  0.00   1
   110181  40.498568 -124.455802    16.041   -18945.8    -5737.1    -5385.9    571.1    489.7   1226.9 2021 12 25 16 54 33.700  0.00   1
   110183  40.599634 -124.110872    17.892    10274.8     5485.8    -3535.4    996.4    718.3    546.0 2021 12 26 16  2 15.940  0.00   1
   110184  40.590076 -123.992236    20.042    20321.6     4424.5    -1385.0    754.2    634.1    733.6 2021 12 27  8 53  5.400  0.00   1
   110185  40.577832 -123.985645    20.064    20881.7     3064.9    -1363.5    737.1    561.1    755.0 2022  5 28  7 57  1.360  0.00   1
   110186  40.580969 -124.209009    20.763     1965.5     3413.2     -664.7    628.1    425.1    720.2 2021 12 28  6 35 41.580  0.00   1
   110187  40.576754 -124.200236    19.584     2708.5     2945.1    -1842.8    649.2    242.7    476.2 2021 12 31 13 31 14.620  0.00   1
   110188  40.576758 -124.200228    19.584     2709.2     2945.6    -1843.2    646.2    243.1    478.1 2022  1  1 22 14 38.120  0.00   1
   110189  40.576693 -124.199715    19.562     2752.6     2938.3    -1864.9    700.7    264.7    524.9 2022  1  2 11 16 33.460  0.00   1
   110190  40.576998 -124.207048    19.550     2131.7     2972.2    -1877.4    763.0    246.9    445.5 2022  4 25  2 10 11.700  0.00   1
   110191  40.576676 -124.199666    19.557     2756.8     2936.5    -1870.4    685.0    266.2    529.2 2022  9  1 20 43  2.920  0.00   1
   110199  40.519824 -124.409326    19.838   -15005.2    -3376.6    -1589.2    302.5    334.9    714.3 2021 12 31 17  2 13.380  0.00   1
   110209  40.595483 -124.101961    25.030    11029.7     5025.0     3603.0    707.6    593.7    814.5 2022  4  2 19 46 56.000  0.00   1
   110211  40.517265 -124.444857    17.501   -18015.8    -3660.8    -3926.4    595.7    861.0   1463.5 2022  4  3 10 39 47.080  0.00   1
   110231  40.516715 -124.436833    19.074   -17336.1    -3721.8    -2352.8    430.2    555.4    703.5 2022  5 14 20  9 30.640  0.00   1
   110234  40.533769 -124.233480    19.795     -106.9    -1828.2    -1632.3    622.0    508.2    782.4 2022  5 25  9 25 42.220  0.00   1
   110250  40.526270 -124.411385    20.643   -15178.9    -2660.9     -784.3    835.9    796.0    779.7 2022  7  2 10 23 23.100  0.00   1
   110253  40.595268 -124.112191    18.255    10163.5     5001.0    -3172.6    654.2    462.3    522.9 2022  7 20  6 28 50.580  0.00   1
   110254  40.596053 -124.115446    18.746     9887.8     5088.2    -2681.5    492.1    417.4    530.6 2022  8  9  7 59 33.060  0.00   1
   110255  40.599801 -124.119132    18.070     9575.4     5504.4    -3357.1    629.1    599.1    898.9 2022  8  9  8  9 40.340  0.00   1
   110266  40.541577 -124.329940    18.498    -8278.0     -961.1    -2929.2    585.0    396.8    824.4 2022  8 30  6 25 35.480  0.00   1
   110273  40.648576 -124.017285    19.029    18192.6    10920.6    -2398.0    706.7    385.7    705.6 2022 10 28 12 43 42.000  0.00   1
   110274  40.522266 -124.436239    18.053   -17285.0    -3105.5    -3374.0    433.6    408.4    972.3 2022 10 29 20 38 50.780  0.00   1
   110275  40.512085 -124.430477    20.800   -16798.1    -4236.0     -627.0    382.4    532.8    746.9 2022 10 30  3 34  2.660  0.00   1
   110276  40.519283 -124.437655    19.297   -17405.4    -3436.7    -2130.2    315.8    310.0    448.0 2022 11 12 10 31 42.840  0.00   1
   110279  40.513261 -124.433903    19.824   -17088.3    -4105.5    -1603.5    585.5    409.9   1089.9 2022 11  2 16 39 30.260  0.00   1
   110282  40.524121 -124.434839    20.074   -17166.2    -2899.5    -1353.0    450.5    409.5    660.1 2022 11 15 17 48 18.560  0.00   1
   110296  40.580355 -123.982430    20.660    21153.5     3345.0     -767.1    569.8    411.3    492.4 2022 12 22  3  8  5.860  0.87   1
   110298  40.536145 -124.265308    12.020    -2803.1    -1564.3    -9407.0    608.8    470.0    646.2 2023  1 17 13 54 45.520  1.24   1
   110302  40.563310 -124.122729    22.748     9273.3     1452.2     1321.2    722.7    280.1    543.0 2022 12 24  0 35 18.890  0.89   1
   110303  40.486808 -124.497095    24.496   -22446.8    -7042.9     3068.5    622.8    781.8   1287.8 2022 12 20 12 25 25.380  2.43   1
   110305  40.435075 -124.602157    24.370   -31362.2   -12787.7     2942.8    265.5    423.7    819.2 2023  4  2 11 44 21.610  2.51   1
   110307  40.522978 -124.422298    23.862   -16103.9    -3026.5     2435.1    589.6    450.3    566.0 2023  3  9  9 11 18.070  1.00   1
   110308  40.573564 -123.873739    22.474    30359.6     2590.9     1046.8    749.1    426.8    851.0 2022 12 21 19 21 21.160  1.21   1
   110311  40.540946 -124.496134    24.712   -22356.4    -1031.1     3284.5    617.7    555.8   1097.1 2023  2  6  9 53 42.140  2.82   1
   110326  40.575932 -124.245426    20.320    -1118.6     2853.9    -1106.9    810.7    503.7   1054.4 2023  4 26 22 23  7.880  0.79   1
   110327  40.621106 -123.952295    21.641    23698.3     7870.2      213.9    627.2    469.2    858.7 2022 12 21  8 59 40.650  1.14   1
   110330  40.584591 -123.910083    25.829    27279.4     3815.4     4401.5    834.3    552.6    977.2 2023  5 27  2 45 49.750  0.87   1
   110334  40.621041 -124.315120    19.857    -7018.5     7863.0    -1570.6    501.4    344.8    775.1 2023  2 22  6 20 25.080  1.45   1
   110341  40.562756 -124.133040    22.236     8400.1     1390.8      808.8    555.3    444.0    413.6 2023  1  5 14 47  6.170  2.14   1
   110346  40.537122 -123.888192    23.147    29143.5    -1455.8     1720.1    516.5    613.2    337.1 2023  5 28  1 45 53.620  1.36   1
   110354  40.507849 -124.422599    24.656   -16131.2    -4706.4     3229.2    524.2    582.7   1009.6 2023  4 14  1 57  6.610  1.17   1
   110355  40.517452 -124.493449    15.944   -22132.8    -3640.1    -5483.4    470.4    528.6    778.6 2023  2 16 22 15  2.800  1.44   1
   110359  40.754041 -123.974007    21.699    21838.6    22632.0      272.1   1309.8    817.9   1260.6 2022 12 22  4 53 56.390  0.79   1
   110365  40.527295 -124.230794    17.621      120.7    -2547.0    -3806.2    467.3    392.2    530.3 2022 12 20 12 37 22.690  1.44   1
   110367  40.548372 -123.972306    21.379    22016.0     -206.5      -47.9    508.1    491.3    503.5 2022 12 25  1 20 33.690  1.82   1
   110368  40.602315 -123.972632    22.385    21979.7     5783.6      957.9    549.2    524.3    563.9 2023  2 14  3 52  7.700  1.37   1
   110370  40.696517 -123.907731    22.520    27455.7    16244.3     1093.1    724.3    608.2   1104.7 2022 12 21  4 44 13.820  1.30   1
   110373  40.660811 -124.003548    23.659    19353.5    12279.3     2231.8    917.1    459.4    737.6 2022 12 20 23 58 39.800  0.88   1
   110374  40.756441 -123.871558    20.653    30502.9    22898.6     -774.7    832.9    591.9   1224.6 2022 12 22  4 46 28.990  1.00   1
   110378  40.593591 -124.050618    22.292    15377.4     4814.9      864.7    663.8    470.6    625.3 2022 12 21 18 52 28.640  1.06   1
   110379  40.518673 -124.421200    18.233   -16011.3    -3504.5    -3194.2    373.2    392.2    628.3 2022 12 22  9 21 28.530  1.40   1
   110382  40.543197 -124.066064    19.335    14074.7     -781.2    -2092.0    569.0    369.3    463.6 2022 12 26  5 31 21.180  1.08   1
   110385  40.594165 -124.087394    19.087    12263.3     4878.6    -2340.3    489.8    411.4    422.7 2022 12 23  0 19 22.520  0.90   1
   110387  40.534229 -124.392000    25.323   -13535.9    -1777.1     3895.7    671.0    394.5    846.9 2023  1 28 23 56 58.200  3.85   1
   110388  40.511552 -124.446322    12.252   -18140.7    -4295.2    -9175.5    461.0    628.6   1408.8 2022 12 31 10 20 40.360  1.04   1
   110390  40.639921 -123.987085    25.625    20750.1     9959.6     4197.9    673.1    515.3    809.3 2023  1 17  5 14  2.510  1.84   1
   110391  40.589327 -124.211882    20.101     1722.1     4341.3    -1326.2    505.6    333.4    624.8 2022 12 23  0 35 44.600  1.56   1
   110392  40.516162 -124.417212    19.495   -15673.7    -3783.3    -1931.9    350.9    429.7    602.6 2023  1  1 12 19 44.130  1.25   1
   110395  40.554724 -124.215739    16.904     1395.8      498.8    -4523.1    765.8    453.1    972.0 2022 12 20 23 19 53.720  1.40   1
   110396  40.534379 -124.259562    18.576    -2316.4    -1760.4    -2851.1    449.1    403.8    614.3 2022 12 24 20  6  9.180  0.83   1
   110397  40.556698 -124.276481    16.114    -3749.1      718.0    -5313.0    599.4    412.3    644.4 2022 12 23 10 18 25.720  1.66   1
   110399  40.528446 -124.423193    17.032   -16179.1    -2419.2    -4395.7    496.3    522.2    806.3 2022 12 20 10 44 46.730  2.70   1
   110400  40.559054 -124.048470    22.822    15563.3      979.6     1395.2    533.5    437.8    488.0 2022 12 25  4 33 20.570  0.83   1
   110404  40.561613 -124.015975    21.939    18315.3     1263.8      511.8    452.6    459.5    448.0 2022 12 27  0 23 33.800  1.12   1
   110406  40.593575 -124.106323    19.744    10660.5     4813.1    -1683.3    530.6    332.0    434.1 2023  1 11  3 23 18.830  1.45   1
   110408  40.611373 -123.849056    27.700    32440.9     6789.4     6272.8    764.3    533.3    875.4 2023  2 12 20 12 15.900  2.47   1
   110409  40.512496 -124.420150    22.259   -15923.1    -4190.4      831.9    439.6    616.4    636.6 2022 12 21 22  8 58.660  1.39   1
   110412  40.568449 -124.068636    19.958    13854.3     2022.9    -1468.8    570.2    446.7    379.0 2022 12 26  7 30 25.960  0.98   1
   110417  40.553219 -123.974976    21.325    21789.2      331.7     -102.3    438.4    351.5    412.1 2022 12 24 12 43  0.520  1.06   1
   110422  40.621358 -124.304744    19.752    -6140.0     7898.2    -1675.2    644.0    388.4    899.4 2022 12 29 13 40 18.010  1.27   1
   110423  40.504240 -124.330900    18.918    -8361.6    -5107.2    -2509.2    439.3    484.0    515.7 2023  2 17 12 38 36.270  0.88   1
   110429  40.594023 -124.016040    22.766    18305.4     4862.8     1338.9    443.0    411.6    465.1 2022 12 22  9 28 37.970  0.68   1
   110431  40.602197 -124.103800    23.074    10873.4     5770.5     1646.5    622.6    480.9    589.5 2022 12 21 17 59 17.620  1.95   1
   110432  40.492607 -124.455444    26.319   -18916.3    -6399.0     4891.7    724.9    620.8    759.0 2022 12 22  1 13 30.130  2.71   1
   110434  40.512276 -124.461393    19.183   -19417.6    -4214.8    -2243.8    368.4    389.5    622.4 2022 12 21 18 26 29.520  1.33   1
   110435  40.531958 -124.379964    24.367   -12516.4    -2029.2     2939.3    630.8    502.2    977.1 2023  1 28 20  7 39.900  1.24   1
   110436  40.467782 -124.537329    23.785   -25860.0    -9155.7     2357.8    591.1    934.8    817.3 2023  2 18  0 47 37.880  1.15   1
   110439  40.472180 -124.431087    19.805   -16854.8    -8667.3    -1622.6    590.3    515.2    662.9 2023  1 27 16 28 41.960  1.01   1
   110442  40.568746 -123.953035    21.489    23644.8     2055.9       61.5    428.9    404.2    543.3 2022 12 20 18 48 54.600  0.91   1
   110443  40.580595 -124.173226    17.898     4995.8     3371.7    -3529.3    494.8    439.6    807.0 2022 12 21 21 55 10.140  0.79   1
   110444  40.502966 -124.501351    27.762   -22804.7    -5248.6     6335.1    557.4    694.9    873.1 2022 12 23 21 41 55.000  1.21   1
   110445  40.522725 -124.386971    23.596   -13110.9    -3054.5     2168.4    532.0    672.7    574.6 2022 12 21  8  6 55.910  1.80   1
   110447  40.563517 -124.015788    22.334    18330.9     1475.3      906.3    411.6    405.3    380.3 2022 12 24 19 37 36.120  1.39   1
   110448  40.596590 -124.126969    21.699     8912.0     5147.9      272.1    684.6    277.5    458.4 2023  1 31 13 12 49.420  1.12   1
   110452  40.546916 -124.192448    27.334     3368.8     -368.3     5907.2    777.9    441.5    733.6 2022 12 20 23 25 36.340  1.09   1
   110453  40.514766 -124.475260    16.903   -20592.2    -3938.3    -4524.7    447.0    504.0    836.4 2022 12 21 12  8  6.020  1.11   1
   110454  40.462472 -123.817887    22.945    35118.5    -9745.4     1517.7    620.9    719.6    515.4 2022 12 21 13 41 59.550  0.69   1
   110455  40.533126 -124.420492    16.420   -15949.6    -1899.6    -5006.9    338.5    527.2   1119.9 2022 12 23 13  9 40.300  0.89   1
   110458  40.619954 -124.312565    19.074    -6802.2     7742.4    -2353.4    860.8    735.1   2598.8 2023  2 14  6 32 28.460  1.23   1
   110462  40.587231 -124.431421    25.690   -16868.7     4108.6     4262.9    850.5    649.0    996.2 2023  4 22 17 56 13.080  1.37   1
   110464  40.588729 -124.435872    23.047   -17245.5     4274.9     1620.2    883.1    702.9   1052.3 2023  2 13 21 32 14.280  2.09   1
   110466  40.533093 -124.391276    17.124   -13474.6    -1903.2    -4303.7    460.7    503.9   1009.7 2022 12 22  0 27 26.630  0.83   1
   110467  40.528487 -124.427214    26.690   -16519.6    -2414.7     5262.7    630.8    570.7    632.2 2022 12 22  3 58 10.660  0.90   1
   110468  40.526514 -123.980469    20.604    21328.1    -2633.8     -823.5    422.4    513.6    478.7 2022 12 24  1 17 32.850  0.88   1
   110470  40.535120 -124.363094    17.216   -11087.0    -1678.2    -4211.5    397.1    283.5    562.9 2023  3 29  5  5 59.480  1.47   1
   110474  40.475338 -124.438965    19.985   -17522.1    -8316.7    -1442.6    868.9    725.3    901.9 2022 12 20 12 14 11.380  2.27   1
   110475  40.586397 -124.354818    28.465   -10381.9     4016.0     7037.8    610.3    565.2    749.4 2022 12 21 15  8 37.620  1.85   1
   110476  40.538867 -124.410555    27.769   -15107.2    -1262.0     6341.9    681.9    558.5    741.4 2022 12 20 13 24 12.330  1.51   1
   110477  40.611654 -123.942383    21.489    24539.2     6820.6       62.1    830.0    666.3   1304.3 2023  1  3  7 18 42.400  0.99   1
   110479  40.534530 -124.358179    17.522   -10670.7    -1743.7    -3904.9    332.5    291.8    555.8 2022 12 26  2  4 21.800  1.88   1
   110480  40.559269 -124.248153    22.710    -1349.6     1003.5     1283.1    429.0    461.1    544.2 2022 12 21  2 56 11.820  1.60   1
   110481  40.493937 -124.469727    18.044   -20126.4    -6251.3    -3383.3    781.2    586.6   1313.4 2023  4  5 14 51 18.340  1.34   1
   110482  40.592847 -123.923112    22.423    26174.5     4732.2      995.7   1054.6    963.9    748.4 2022 12 21 19 52  6.360  0.64   1
   110484  40.525448 -124.423356    19.274   -16193.2    -2752.2    -2153.2    356.2    390.9    578.3 2022 12 25  4  3 37.800  0.93   1
   110487  40.751225 -123.848389    20.515    32463.7    22319.3     -911.8    781.2    847.6   1491.7 2022 12 20 14 11  0.150  2.57   1
   110488  40.480570 -124.459766    19.023   -19284.2    -7735.6    -2403.9    363.5    347.1    449.5 2023  2 18  9 18 28.190  1.40   1
   110489  40.518864 -124.424089    19.391   -16256.0    -3483.3    -2036.1    286.4    399.9    425.2 2022 12 29  9 57 25.630  1.27   1
   110494  40.522217 -124.418693    18.512   -15798.5    -3111.0    -2915.5    455.9    466.5    684.9 2023  3  5 20 14 19.720  1.28   1
   110495  40.532825 -124.196867    21.379     2994.8    -1933.0      -47.9    531.7    401.0    512.5 2023  1 20 16 55 16.240  1.95   1
   110496  40.502454 -124.445223    18.413   -18048.8    -5305.6    -3014.3    390.8    461.9    544.1 2022 12 30 12 51 54.870  1.14   1
   110497  40.573535 -124.094653    22.816    11650.4     2587.7     1388.5    652.2    492.7    516.2 2022 12 31 14 27 57.700  1.02   1
   110501  40.468018 -124.510986    24.003   -23627.3    -9129.5     2575.6    560.6    841.5   1588.7 2022 12 30 21 43 18.320  2.12   1
   110506  40.609493 -124.095280    19.840    11594.2     6580.7    -1587.0    486.4    385.8    562.8 2022 12 20 21 47 48.880  1.10   1
   110507  40.528105 -124.397526    18.318   -14004.6    -2457.1    -3109.2    556.7    428.7    719.0 2022 12 21 10 16 11.430  0.70   1
   110508  40.610763 -124.096672    18.054    11476.3     6721.6    -3373.2    453.2    467.2    497.4 2022 12 30  9  0 39.550  1.14   1
   110509  40.574093 -124.288485    23.260    -4765.2     2649.6     1833.2    788.9    589.5    588.4 2023  1  2  8  1 22.300  0.77   1
   110510  40.496619 -124.429427    24.847   -16711.1    -5953.5     3419.6    651.6    595.8    866.7 2023  1  2  8 25 11.060  1.28   1
   110511  40.629313 -124.015479    23.700    18348.1     8781.6     2273.1    895.8    605.7    590.6 2022 12 21  4 15 19.850  2.45   1
   110512  40.509900 -124.335474    19.175    -8748.8    -4478.7    -2252.5    430.8    352.0    544.9 2022 12 21 17 35 50.480  1.40   1
   110513  40.523547 -124.410970    19.279   -15144.1    -2963.2    -2148.1    480.4    438.6    624.0 2022 12 20 15  4 50.680  1.42   1
   110515  40.548161 -124.227246    21.958      421.2     -230.0      530.9    660.1    547.0    917.0 2023  1 11 13 29 12.060  1.57   1
   110517  40.596908 -124.081836    23.855    12733.7     5183.1     2427.4   1104.3    660.4    850.4 2023  3 12  6 43 46.740  0.89   1
   110518  40.519796 -124.438973    17.812   -17517.0    -3379.8    -3614.8    457.6    554.5    877.5 2022 12 20 10 43 39.300  2.63   1
   110519  40.575167 -124.156974    22.221     6372.3     2768.9      793.9    753.0    488.7    783.6 2022 12 20 23 22 14.760  1.65   1
   110521  40.570361 -124.156299    23.526     6429.8     2235.3     2098.6    690.3    378.4    505.4 2022 12 23  1 11 44.550  1.32   1
   110522  40.647164 -124.136580    23.213     8095.2    10763.8     1786.2   1356.5    880.6   1205.2 2022 12 20 18 48 15.520  0.97   1
   110523  40.509399 -124.493327    23.927   -22123.8    -4534.3     2499.8    652.2    579.5    554.8 2022 12 21  1  7 33.310  3.25   1
   110524  40.605416 -124.087207    18.509    12278.1     6127.9    -2917.8    374.0    341.2    340.3 2022 12 21  9 31  7.840  1.25   1
   110525  40.616268 -124.078459    18.445    13017.8     7333.0    -2981.9    528.5    401.6    537.4 2022 12 26  7 21 10.390  0.93   1
   110526  40.493184 -124.508407    15.785   -23404.3    -6334.9    -5642.3    671.8    518.8    893.1 2023  2 18 20 58 10.920  1.67   1
   110527  40.524862 -124.437451    19.211   -17387.4    -2817.3    -2215.8    350.2    356.4    633.4 2022 12 22  3 55 53.820  1.44   1
   110529  40.553809 -124.259798    24.870    -2336.1      397.2     3442.6    508.2    415.4    790.3 2023  5 18 13 21 36.440  0.56   1
   110530  40.617598 -124.068034    16.060    13900.2     7480.7    -5367.7    498.2    463.8    449.8 2022 12 22  4 49 54.170  0.84   1
   110531  40.530859 -124.349894    19.313    -9969.1    -2151.2    -2114.3    442.9    340.6    543.8 2022 12 20 19 16  2.640  1.29   1
   110532  40.543416 -124.352222    16.392   -10165.3     -756.8    -5035.3    389.5    309.4    540.3 2022 12 23  4  9 55.040  1.00   1
   110533  40.655729 -124.050895    16.593    15346.9    11715.0    -4834.3   1537.4    803.2   1847.7 2022 12 21 11 50 10.940  0.78   1
   110534  40.526705 -124.403141    18.678   -14480.5    -2612.6    -2749.4    471.3    456.4    677.0 2023  1  4 16 29 55.050  1.61   1
   110535  40.522144 -124.412370    19.006   -15262.8    -3119.1    -2420.9    390.5    366.9    588.0 2022 12 22 10 55 51.720  0.98   1
   110537  40.616337 -124.075635    23.714    13256.9     7340.7     2287.2   1114.6    867.1    971.5 2022 12 21 16 28 15.660  3.99   1
   110539  40.524113 -124.339510    19.252    -9089.9    -2900.4    -2175.7    505.6    447.3    466.1 2022 12 25  8 22 48.250  0.72   1
   110541  40.577832 -124.183521    18.428     4124.1     3064.9    -2999.5    539.4    336.4    719.9 2023  2 18  6 52 19.650  1.07   1
   110542  40.577848 -124.184359    18.259     4053.1     3066.7    -3168.2    757.5    403.7    682.6 2022 12 20 17 56  5.920  1.14   1
   110544  40.599699 -124.189290    19.176     3634.9     5493.1    -2251.5    652.8    332.8    715.9 2023  3 21 22 51 34.760  0.98   1
   110546  40.503088 -124.446077    19.780   -18121.2    -5235.1    -1647.1    477.9    466.0    653.9 2022 12 27  1 23 41.520  0.94   1
   110547  40.615169 -123.924406    20.453    26060.6     7211.0     -974.4    874.9    743.8   2030.4 2022 12 20 23 36 50.880  1.00   1
   110549  40.544271 -124.055973    19.672    14929.4     -662.0    -1755.6    589.2    372.4    450.5 2022 12 21  4 18 46.220  2.04   1
   110551  40.611943 -124.088550    18.139    12163.8     6852.7    -3288.6    404.5    488.7    599.5 2023  2 17 11 16 14.330  1.12   1
   110553  40.522184 -123.919116    20.463    26526.7    -3114.6     -963.9    860.0    919.7    558.9 2022 12 25  0 34  1.910  0.77   1
   110554  40.549007 -124.245068    18.255    -1088.5     -136.0    -3172.5    647.7    348.3    526.5 2022 12 21  0  5 31.440  1.34   1
   110556  40.498446 -124.436743    23.631   -17330.8    -5750.6     2203.8    627.7    620.2    875.9 2023  2 25 14 23 27.120  1.53   1
   110559  40.613302 -124.122550    21.804     9285.0     7003.6      376.9    786.1    500.3    979.7 2023  3 13  0 48 17.330  0.83   1
   110560  40.629606 -123.928247    21.556    25732.6     8814.1      129.2    477.5    476.1    969.0 2023  2  2  2 38 55.900  1.60   1
   110561  40.622355 -123.888859    24.103    29068.6     8008.9     2675.6    669.6    802.5   1172.2 2022 12 20 17 35 32.520  1.17   1
   110564  40.602165 -124.120524    16.542     9457.4     5766.9    -4885.0    426.2    331.8    421.2 2022 12 24  4 18 59.420  0.99   1
   110566  40.607882 -124.107308    18.163    10576.0     6401.7    -3264.6    467.2    336.9    497.8 2022 12 22  5 24 44.100  2.65   1
   110568  40.498975 -124.469523    16.034   -20108.4    -5691.9    -5393.5    512.2    307.8    898.3 2023  3 22 19 35 25.080  1.32   1
   110569  40.645634 -124.021639    18.278    17824.4    10594.0    -3148.8    704.6    409.0    906.0 2023  1  2  9 44 23.910  0.93   1
   110570  40.602055 -124.121094    20.551     9409.2     5754.7     -875.9    520.7    356.1    468.7 2022 12 22  6 14 22.080  1.10   1
   110572  40.534302 -124.246313    18.748    -1194.1    -1769.0    -2679.4    419.2    393.4    541.2 2023  1  1 22 18 52.920  1.17   1
   110574  40.627157 -124.096110    19.382    11522.4     8542.1    -2045.1    477.5    381.6    635.1 2022 12 21 22 33 49.080  1.00   1
   110575  40.577311 -124.158553    26.409     6238.5     3007.0     4981.7    770.3    573.2    940.2 2022 12 23  1 10  6.400  0.80   1
   110577  40.618001 -124.230933    23.624      108.9     7525.5     2196.6   1190.7    640.3    958.5 2022 12 25 19 13 28.400  0.95   1
   110578  40.567517 -124.148584    21.756     7083.3     1919.4      329.1    609.2    427.5    447.8 2022 12 20 20 26 41.720  2.13   1
   110579  40.523722 -124.359269    21.466   -10763.9    -2943.8       39.2    881.4    553.4   1036.4 2022 12 21  8 58 34.030  0.97   1
   110580  40.609733 -124.055770    22.623    14939.4     6607.3     1195.7    923.7    391.4    829.3 2023  1  3  4 53 49.540  1.15   1
   110581  40.567542 -124.231763    20.523       38.6     1922.1     -904.7    509.6    286.9    430.4 2023  5 28 11 38 43.770  1.07   1
   110582  40.562760 -123.935661    22.131    25117.4     1391.2      703.5    396.4    424.9    450.8 2022 12 21 23 36 17.240  1.23   1
   110586  40.520866 -123.897396    20.087    28367.2    -3261.0    -1340.5    622.1    720.4    766.6 2022 12 22  5 36 49.910  0.70   1
   110587  40.605806 -123.916032    25.047    26771.4     6171.3     3619.9    739.3    589.4    714.6 2022 12 20 10 48 38.300  2.65   1
   110588  40.598523 -124.117261    18.111     9734.0     5362.5    -3316.5    326.5    353.3    407.5 2022 12 22  7 50 48.720  1.53   1
   110589  40.534086 -124.050277    19.325    15413.1    -1792.9    -2101.8    430.3    379.7    403.9 2022 12 21  0 13 29.150  1.50   1
   110590  40.653772 -123.885913    28.391    29311.1    11497.6     6963.6    847.5    727.8   1202.2 2022 12 23 19 10 35.240  1.06   1
   110591  40.586910 -124.065649    21.643    14105.3     4072.9      215.5    579.9    466.0    605.2 2022 12 25 22 34 55.360  0.82   1
   110592  40.618441 -124.074569    17.871    13346.9     7574.3    -3556.4    542.9    414.4    497.7 2023  1 18  8 28 49.360  0.92   1
   110594  40.559408 -123.934945    21.066    25178.7     1018.9     -361.3    422.1    460.0    440.2 2022 12 21  0 45 40.230  1.26   1
   110595  40.592993 -124.322754    21.465    -7666.3     4748.4       38.2    616.6    551.6    412.6 2022 12 20 10 52 39.340  3.28   1
   110596  40.539046 -124.340690    17.734    -9188.8    -1242.1    -3693.5    428.1    450.0    618.7 2022 12 29  7 31 23.150  0.85   1
   110597  40.620174 -124.080949    20.455    12806.6     7766.8     -971.7    631.9    460.6    549.9 2022 12 20 21 24 28.880  0.90   1
   110598  40.598389 -124.109766    23.012    10368.6     5347.6     1584.4    678.4    437.4    520.4 2022 12 26  1 46  3.150  1.45   1
   110600  40.521061 -124.379655    17.702   -12491.2    -3239.3    -3725.3    340.9    342.3    534.4 2022 12 20 19 51  5.480  1.33   1
   110604  40.571151 -123.937736    21.341    24940.1     2322.9      -86.1    465.6    379.4    475.7 2022 12 21 17  1 49.600  1.16   1
   110605  40.521785 -124.431388    19.868   -16874.2    -3158.8    -1559.7    378.3    519.9    488.9 2022 12 22  7 33 35.520  1.14   1
   110607  40.663017 -124.021077    17.910    17869.6    12524.2    -3517.0   1168.2    502.1   1713.6 2022 12 21 14 33 24.290  1.52   1
   110608  40.641536 -124.024910    19.070    17548.0    10138.9    -2357.4    771.1    535.7    754.3 2022 12 25 12 29 55.020  1.64   1
   110609  40.575867 -124.158008    23.177     6284.8     2846.6     1749.8    744.4    443.2    618.9 2022 12 20 19 19  0.120  1.41   1
   110611  40.554704 -124.244263    17.753    -1020.2      496.6    -3674.1    438.5    382.4    540.5 2022 12 21 12 21 21.680  0.97   1
   110613  40.669279 -123.887240    22.601    29195.5    13219.6     1174.2    684.0    581.3    792.2 2022 12 27 17 40  9.980  1.83   1
   110614  40.552726 -124.318986    21.056    -7349.5      277.0     -371.7    591.3    317.7    641.8 2023  2 15 14 26 55.060  2.21   1
   110615  40.586979 -124.135425    21.164     8196.6     4080.6     -263.2    722.7    314.6    464.1 2022 12 21  9 48 30.660  1.09   1
   110618  40.607060 -123.981429    23.149    21234.1     6310.5     1721.7    841.6    651.2    565.0 2022 12 20 23 30 29.600  1.04   1
   110619  40.598031 -123.920256    21.983    26415.3     5307.8      555.5    731.5    635.4   1305.9 2022 12 22  4 23  9.220  0.67   1
   110620  40.598560 -123.894507    25.138    28595.5     5366.6     3711.1    677.1    521.5    844.7 2022 12 25 16 15  8.400  1.07   1
   110622  40.607202 -124.097282    15.150    11424.9     6326.3    -6277.4    634.2    554.4    586.6 2022 12 28  9 46 28.530  1.31   1
   110623  40.594450 -124.153467    22.890     6668.4     4910.2     1463.0    573.2    451.6    626.3 2022 12 30  9 23 12.150  1.07   1
   110624  40.605648 -124.104403    18.624    10822.1     6153.7    -2803.3    514.4    309.8    495.5 2023  4  2 23  2 20.160  1.02   1
   110625  40.551034 -124.075903    18.879    13240.5       89.0    -2548.4    649.4    430.8    556.2 2022 12 20 21 22 52.960  1.20   1
   110626  40.561084 -124.018921    22.106    18065.8     1205.1      678.7    455.1    431.8    412.0 2022 12 24 20 57 12.400  1.30   1
   110627  40.592476 -124.192839    20.698     3334.6     4691.1     -729.1    730.2    503.9    678.8 2022 12 20 16 59 23.800  1.39   1
   110628  40.550488 -123.883716    22.411    29519.7       28.5      983.8    449.8    584.3    672.3 2022 12 25  6 37 31.440  1.50   1
   110629  40.586731 -124.225985    24.144      527.9     4053.0     2716.8    677.1    577.4    794.7 2023  2  2  2 53 51.230  0.90   1
   110630  40.601025 -124.106657    15.645    10631.6     5640.4    -5782.0    381.9    489.5    473.1 2022 12 22  6 38 46.920  0.92   1
   110631  40.599609 -123.996655    19.794    19946.0     5483.1    -1633.0    431.2    361.3    465.4 2022 12 22  6 27  3.370  1.14   1
   110633  40.511373 -124.455428    24.605   -18912.3    -4315.1     3177.8    695.6    630.2    998.5 2022 12 20 11 23 42.960  2.53   1
   110634  40.611466 -124.078068    15.560    13051.3     6799.8    -5866.8    418.5    396.2    439.6 2023  1  3  7 23 30.820  1.13   1
   110635  40.549752 -124.053817    22.712    15111.5      -53.3     1284.6    469.6    423.0    495.9 2022 12 24  7 16 44.450  1.51   1
   110636  40.576709 -124.208675    17.886     1993.8     2940.2    -3541.0    547.0    402.1    614.2 2023  5  5 10 50 40.220  0.86   1
   110637  40.544267 -124.335758    17.462    -8770.7     -662.4    -3965.2    466.3    340.5    747.0 2022 12 25 12 21 40.770  1.90   1
   110638  40.577551 -124.147453    23.611     7178.6     3033.7     2184.0    414.3    364.7    390.1 2022 12 21 19 17 30.720  1.31   1
   110641  40.645711 -124.002515    18.693    19443.2    10602.5    -2734.1    861.4    464.2    936.3 2022 12 25  9 11 59.060  0.70   1
   110643  40.538403 -123.912118    23.172    27116.4    -1313.5     1745.1    511.8    602.1    434.8 2023  2 16 18  3 27.440  1.53   1
   110644  40.563599 -123.978027    23.571    21529.0     1484.3     2144.2    505.9    387.9    409.2 2023  2 13  5 45 35.220  1.23   1
   110646  40.566646 -124.413753    28.421   -15375.0     1822.7     6994.1    639.0    683.8   1104.5 2023  2  6 20 12  2.580  1.35   1
   110647  40.566264 -124.173283    20.710     4991.5     1780.3     -717.2    621.8    373.2    670.2 2022 12 20 19  6 23.200  1.47   1
   110649  40.520129 -124.369491    23.426   -11630.2    -3342.7     1999.2    951.7    857.3   1021.8 2022 12 25 23 13 35.000  1.83   1
   110650  40.703589 -123.958374    22.185    23169.5    17029.6      757.5    773.4    531.9    763.8 2022 12 26  9 16 16.030  1.67   1
   110651  40.618209 -123.817562    26.489    35105.6     7548.5     5061.5    834.0    630.7    945.1 2023  4  8  3  4 20.710  1.95   1
   110652  40.515540 -124.439518    17.970   -17563.8    -3852.4    -3457.7    360.4    391.4    571.9 2023  2  8 14 16 55.210  1.31   1
   110653  40.531799 -124.402718    18.719   -14444.1    -2046.9    -2708.4    382.4    399.3    540.1 2022 12 26  8 29 16.340  0.84   1
   110654  40.595068 -124.003418    22.828    19374.0     4978.9     1400.7    634.7    453.5    495.2 2022 12 24 22 12 36.600  2.10   1
   110655  40.568075 -124.018156    22.804    18129.7     1981.3     1377.0    477.0    403.1    412.6 2023  4 30 12 38 22.840  0.62   1
   110656  40.585185 -124.209538    25.862     1920.7     3881.3     4435.0   1218.9    744.6   1138.8 2023  1 20 22  9 26.880  0.94   1
   110660  40.537813 -124.341732    16.573    -9277.1    -1379.0    -4854.6    322.3    278.6    500.0 2022 12 31 15  5 32.620  1.28   1
   110663  40.578394 -123.958618    24.533    23170.4     3127.2     3106.1    495.0    416.6    584.6 2022 12 21 22 26 11.040  1.39   1
   110664  40.550525 -123.976709    21.366    21642.8       32.5      -61.5    596.9    443.2    524.7 2022 12 20 16  1 13.350  1.61   1
   110665  40.490133 -124.513647    17.391   -23848.9    -6673.7    -4036.5    721.5    554.7   1059.5 2023  4  6  4 40 19.060  0.75   1
   110666  40.501819 -124.467424    17.567   -19930.1    -5376.0    -3860.2    404.6    333.5    618.7 2022 12 29  8 32 33.620  1.49   1
   110667  40.599300 -124.331592    20.126    -8414.3     5448.8    -1301.7    743.2    445.6   1344.3 2022 12 25  7 56 23.340  0.72   1
   110671  40.583028 -124.092155    23.341    11861.1     3641.9     1913.6    661.5    381.3    412.1 2022 12 20 23  1 57.840  1.31   1
   110672  40.536283 -124.349373    18.252    -9924.6    -1548.9    -3175.4    399.1    357.2    607.2 2023  4 15  0  7  1.200  0.77   1
   110673  40.582450 -124.209066    25.528     1960.7     3577.7     4101.1    658.7    353.0    648.8 2022 12 21 16 59 16.830  0.92   1
   110674  40.552112 -124.226139    17.863      514.9      208.8    -3564.6    457.8    364.7    497.2 2022 12 23  5  1 13.690  1.08   1
   110675  40.702958 -123.932275    22.465    25377.8    16959.5     1037.9    665.9    555.2   1067.2 2022 12 22 16 21 35.960  1.66   1
   110676  40.479411 -124.402620    20.033   -14441.4    -7864.4    -1393.8    617.0    505.2    597.5 2023  1 30 10 56 56.600  0.99   1
   110677  40.512187 -124.437923    17.815   -17429.0    -4224.7    -3612.7    385.4    489.3    563.7 2022 12 23  0 10 35.700  1.04   1
   110678  40.519796 -124.429883    16.471   -16746.8    -3379.8    -4956.7    471.4    451.7    824.1 2023  1  8  2 15 56.440  1.14   1
   110679  40.513090 -124.438729    16.849   -17497.2    -4124.4    -4578.4    483.6    281.6    963.0 2023  4 20 15 36 20.100  0.92   1
   110681  40.639237 -123.912305    21.247    27080.3     9883.7     -180.3    551.8    439.2    801.8 2022 12 21  2 53 42.600  1.60   1
   110683  40.504818 -124.455599    19.783   -18927.7    -5043.0    -1644.3    367.9    337.3    479.0 2022 12 21  8 21  0.830  1.29   1
   110685  40.533187 -124.370068    24.644   -11678.0    -1892.8     3216.4    642.3    553.9    906.4 2023  1 29  2 21 34.040  0.86   1
   110686  40.547485 -124.309351    17.794    -6533.6     -305.0    -3632.8    628.9    325.6    571.2 2022 12 20 19 42 50.340  1.43   1
   110687  40.638224 -124.045142    19.929    15835.9     9771.1    -1498.6   1136.6    626.0   1023.3 2022 12 26  1 31 33.690  1.21   1
   110688  40.679423 -123.882511    21.719    29593.4    14346.1      291.6    704.1    594.5    989.6 2022 12 20 16  7 38.970  2.01   1
   110689  40.551656 -123.762004    21.851    39828.9      158.1      424.2    604.2    877.1    547.8 2022 12 22  0 56 27.730  0.68   1
   110692  40.510042 -124.466846    20.833   -19879.9    -4462.9     -593.8    695.7    386.1    582.7 2022 12 29 10 57 23.460  1.08   1
   110694  40.521476 -124.445532    18.166   -18072.5    -3193.2    -3261.7    374.6    298.9    552.4 2022 12 29  5 31  8.470  1.04   1
   110695  40.550993 -124.225350    17.557      581.8       84.5    -3870.7    415.9    293.4    431.5 2022 12 24  5  9  2.290  1.55   1
   110697  40.574023 -124.220573    16.643      986.3     2641.9    -4783.8    569.1    324.5    581.0 2022 12 23 20 30 28.480  1.23   1
   110698  40.541313 -124.238590    18.269     -539.8     -990.4    -3158.1    447.8    437.7    448.9 2023  1 26  5 47 35.730  1.04   1
   110699  40.510079 -124.413631    18.754   -15371.1    -4458.8    -2672.8    337.9    424.8    581.2 2022 12 22  9  7 10.520  0.52   1
   110700  40.575932 -124.214014    18.081     1541.7     2853.9    -3346.4    421.7    258.9    558.1 2022 12 25  3 58 23.130  0.90   1
   110702  40.627812 -123.953353    22.441    23607.6     8614.9     1014.1    930.8    693.3    875.3 2022 12 20 23 26 24.700  1.53   1
   110703  40.529114 -124.327401    17.605    -8063.6    -2345.1    -3822.1    569.3    503.5    397.6 2022 12 22 14 28 55.050  1.12   1
   110705  40.514266 -123.881396    21.677    29724.1    -3993.9      249.9    429.0    603.4    597.2 2023  3  1  0 37 17.190  1.45   1
   110706  40.560209 -123.993717    23.851    20200.6     1107.9     2423.4    573.6    429.9    294.9 2022 12 20 23 41  1.760  1.68   1
   110707  40.544759 -123.840926    21.870    33145.6     -607.7      442.7    386.4    578.0    585.5 2022 12 21 22 14 18.520  1.56   1
   110708  40.576619 -124.207609    17.710     2084.1     2930.2    -3717.6    541.1    317.4    529.6 2023  3  5  0 34 58.820  1.58   1
   110710  40.605949 -124.142147    18.071     7626.3     6187.1    -3356.7    496.3    371.1    541.4 2023  1 14  1 10 27.140  1.46   1
   110711  40.612679 -124.072078    20.795    13558.3     6934.5     -632.5    641.4    356.5    668.6 2022 12 20 21  2 39.800  1.14   1
   110712  40.547306 -123.950920    22.993    23827.8     -324.9     1566.1    465.2    668.2    385.6 2023  1 10 19 11 36.040  1.34   1
   110715  40.609888 -124.088371    16.637    12179.2     6624.5    -4790.5    425.8    475.5    525.1 2022 12 20 21 22 37.100  1.23   1
   110716  40.584367 -123.890934    20.780    28901.0     3790.5     -646.9    563.1    488.4    879.2 2022 12 22  1 50 13.650  0.65   1
   110717  40.608122 -124.288786    19.280    -4789.5     6428.4    -2147.6   1139.8    443.9    884.0 2023  4  9 21 13 25.880  0.97   1
   110718  40.523625 -124.429679    19.454   -16729.1    -2954.6    -1973.5    374.6    352.8    510.3 2022 12 22  3 44  5.310  1.01   1
   110720  40.586784 -124.207471    20.828     2095.7     4058.9     -599.1    495.9    287.8    437.0 2022 12 21  1 23  1.660  0.93   1
   110721  40.549931 -124.306462    17.906    -6288.7      -33.4    -3521.2    575.2    310.0    608.7 2022 12 20 16 43 44.910  1.41   1
   110722  40.550236 -124.310970    17.544    -6670.6        0.5    -3882.9   1310.1    421.5   1002.8 2022 12 20 19 45  5.720  1.04   1
   110723  40.464535 -124.541447    21.616   -26209.7    -9516.3      189.2    646.0    722.1   1080.7 2022 12 22  7 29 30.560  0.68   1
   110724  40.517350 -124.346606    19.414    -9691.5    -3651.4    -2013.5    428.4    460.1    642.5 2022 12 22  8 32 21.500  0.63   1
   110725  40.548665 -124.314380    17.740    -6959.5     -174.0    -3687.0    419.2    325.2    479.0 2022 12 24 21 51 17.000  0.84   1
   110726  40.518921 -124.424748    20.015   -16311.9    -3476.9    -1412.7    400.7    530.2    643.9 2022 12 25 10 58 46.850  0.74   1
   110727  40.514551 -124.353792    19.331   -10300.6    -3962.2    -2095.8    618.1    650.0    846.6 2022 12 26 20 22  8.180  1.12   1
   110728  40.519678 -124.420646    19.700   -15964.3    -3392.9    -1726.8    247.9    369.0    496.0 2023  1  3 14 30 47.720  1.13   1
   110729  40.578849 -124.206966    18.001     2138.5     3177.8    -3426.0    512.2    341.2    595.5 2023  1  4 10 27 27.700  1.40   1
   110730  40.551208 -124.300163    23.009    -5755.2      108.4     1582.0    622.8    517.3    754.0 2023  1 27  5 50 36.430  1.31   1
   110731  40.511698 -124.439657    18.518   -17576.0    -4279.0    -2908.8    429.2    408.3    671.2 2023  3 16 18  8 14.040  1.34   1
   110735  40.534017 -124.348071    17.970    -9814.4    -1800.6    -3457.4    577.0    477.0    592.7 2022 12 20 21 52 17.400  1.04   1
   110736  40.503593 -124.332039    18.712    -8458.2    -5179.0    -2715.5    432.0    447.3    563.3 2022 12 22  5 34 15.770  1.28   1
   110737  40.523254 -124.427344    18.423   -16531.3    -2995.7    -3004.4    383.1    366.3    616.6 2022 12 22 10 19 33.470  1.21   1
   110738  40.547803 -124.318726    19.295    -7327.7     -269.8    -2132.3    614.6    482.5    941.6 2022 12 26 12 16 44.250  0.71   1
   110739  40.522156 -124.422152    18.201   -16091.6    -3117.7    -3226.4    343.5    372.7    581.2 2023  1 11  1 42 23.060  2.03   1
   110743  40.581897 -124.199284    17.883     2789.1     3516.3    -3544.2    475.8    313.4    679.5 2023  3 25 16 17 15.180  0.90   1
   110745  40.516382 -124.431999    17.783   -16926.5    -3758.9    -3644.0    447.8    335.2    546.7 2023  1 20  8 32 25.670  1.94   1
   110746  40.516089 -124.455477    19.561   -18915.8    -3791.4    -1865.9    395.1    343.2    595.9 2023  2 15 19 15 16.420  1.23   1
   110747  40.545288 -124.346183    19.927    -9653.7     -549.0    -1500.3    484.7    467.4    530.6 2022 12 23 14  7  9.940  0.88   1
   110748  40.552002 -124.446029    25.497   -18110.5      196.6     4069.8    813.9    692.2   1247.9 2022 12 20 15 58 21.830  1.76   1
   110749  40.500806 -124.460034    15.760   -19304.1    -5488.6    -5666.9    544.1    610.0    764.2 2022 12 26  6 35 42.200  1.15   1
   110750  40.593140 -124.119255    17.328     9565.5     4764.7    -4099.3    511.9    358.8    465.5 2023  1 14  6 13 33.720  1.13   1
   110751  40.577393 -123.986214    20.749    20833.5     3016.1     -678.4    665.6    608.4    708.7 2022 12 20 17 38 50.000  1.62   1
   110752  40.578687 -124.204492    19.968     2348.0     3159.8    -1458.9    830.0    271.8    632.3 2022 12 22 21 13 37.280  0.95   1
   110753  40.527214 -124.324748    17.595    -7839.0    -2556.1    -3831.8    525.0    390.3    751.8 2022 12 22 22  2  6.300  1.11   1
   110754  40.524471 -124.356006    18.313   -10487.4    -2860.6    -3114.4    479.1    444.4    479.3 2022 12 22 22 45  9.160  1.52   1
   110755  40.715808 -123.840422    21.930    33146.2    18386.5      502.4    641.8   1131.0   1289.8 2022 12 23  7 52 54.590  1.22   1
   110757  40.524874 -124.343172    18.896    -9400.1    -2815.9    -2531.4    412.1    397.6    534.7 2022 12 28 13 28 43.290  1.64   1
   110758  40.552323 -124.236930    19.827     -399.1      232.2    -1600.1    493.2    364.2    476.5 2023  1 15 15 14  5.770  1.41   1
   110759  40.513550 -124.408228    21.989   -14912.8    -4073.4      561.7    405.6    453.7    659.2 2023  2 10 21  1  5.660  1.17   1
   110761  40.586938 -124.150212    21.815     6944.5     4076.1      387.6    527.2    308.0    368.3 2023  1 21 22  3  8.900  1.49   1
   110765  40.520622 -124.396322    18.197   -13903.3    -3288.1    -3230.3    612.3    420.3    720.2 2022 12 24  2 43 20.530  1.79   1
   110766  40.499194 -124.443799    19.221   -17928.6    -5667.5    -2206.4    340.0    440.9    612.3 2023  2  7 19 48  3.920  1.35   1
   110767  40.506038 -124.477238    18.006   -20761.1    -4907.5    -3421.2    424.7    352.5    714.0 2023  5  3  4 14 16.070  1.55   1
   110768  40.536296 -124.341162    18.565    -9229.0    -1547.6    -2862.7    447.9    314.8    587.1 2023  2 17 23 11 43.020  1.41   1
   110769  40.577995 -124.209684    17.915     1908.4     3082.9    -3512.6    434.4    321.2    574.2 2022 12 22 11 55 31.760  1.02   1
   110770  40.595943 -124.098853    25.450    11292.9     5076.0     4023.2    707.9    699.0    780.1 2023  1  4  8 48  8.840  1.05   1
   110771  40.516630 -124.443717    18.169   -17919.4    -3731.3    -3257.9    391.6    378.0    720.8 2022 12 21 11 33 42.730  2.09   1
   110772  40.519271 -124.422607    16.818   -16130.5    -3438.1    -4609.6    617.2    478.0    910.6 2022 12 22  1 51 31.680  0.96   1
   110773  40.507304 -124.372518    20.086   -11887.8    -4767.0    -1340.8   1045.2    715.4    978.6 2023  4 10 15 18 48.100  0.74   1
   110774  40.516992 -124.430208    18.086   -16774.8    -3691.1    -3340.8    297.7    377.3    619.8 2022 12 22 13 45 54.290  0.88   1
   110778  40.595671 -124.093376    21.799    11756.7     5045.8      372.1    597.6    544.1    718.1 2022 12 20 13 10 43.400  0.88   1
   110780  40.515283 -124.437646    18.657   -17405.2    -3880.9    -2770.6    368.4    333.4    455.2 2023  1 27  2 38 13.190  1.41   1
   110781  40.604439 -124.025879    21.067    17470.9     6019.5     -360.4    704.7    489.0    864.3 2022 12 22  7 36 42.420  0.86   1
   110782  40.517786 -124.416170    17.164   -15585.3    -3603.0    -4262.9    456.5    344.8    610.6 2023  1 19  4 55  2.650  1.72   1
   110783  40.534090 -124.244076    19.699    -1004.5    -1792.5    -1727.9    488.0    383.8    640.9 2022 12 21  9 13 55.700  1.90   1
   110785  40.597555 -124.098299    15.931    11339.6     5255.0    -5496.5    451.1    394.1    418.9 2023  3 27 13  6 21.780  0.85   1
   110786  40.514425 -124.440023    18.365   -17606.6    -3976.2    -3062.2    416.9    448.8    680.0 2022 12 21 10 46 12.660  1.82   1
   110787  40.585673 -124.161336    20.508     6002.5     3935.6     -919.6    406.7    399.0    454.6 2022 12 22  9 24 48.500  0.91   1
   110788  40.657271 -124.006950    19.267    19066.1    11886.2    -2160.7   1012.0    616.9   1531.5 2022 12 22  1 16  9.260  0.66   1
   110789  40.521895 -124.411922    18.438   -15224.9    -3146.6    -2989.0    570.5    397.9    590.7 2022 12 23 19 12 41.740  1.83   1
   110790  40.567131 -124.191431    23.255     3454.5     1876.5     1827.3    529.8    411.2    496.6 2022 12 24 15 43 41.860  0.86   1
   110791  40.526355 -124.416300    25.233   -15595.3    -2651.4     3805.9    789.2    796.9    908.7 2022 12 21 21 14 36.000  0.82   1
   110793  40.516134 -124.415039    20.692   -15489.7    -3786.5     -735.1    399.0    394.0    496.3 2022 12 26 14 17  3.520  0.91   1
   110794  40.596000 -124.113932    18.572    10016.0     5082.4    -2855.7    377.9    353.8    437.7 2023  3 11 16 16 54.220  1.44   1
   110796  40.541972 -124.333944    17.466    -8617.1     -917.2    -3961.1    351.8    298.0    490.8 2022 12 22  1 52 50.750  1.67   1
   110797  40.520015 -124.357324    19.119   -10599.4    -3355.4    -2307.9    350.1    301.5    512.0 2022 12 24 21 53 24.440  1.63   1
   110798  40.541711 -124.310547    12.025    -6635.2     -946.2    -9402.2   1309.6    401.6   1671.2 2023  1 22  8 49 33.400  0.91   1
   110799  40.524585 -124.398079    19.542   -14051.9    -2848.0    -1884.9    567.0    407.4    837.0 2022 12 20 10 40 17.470  2.91   1
   110801  40.555705 -124.235075    19.542     -241.9      607.7    -1885.1    555.5    419.8    652.8 2022 12 20 12 16  5.480  2.04   1
   110802  40.578048 -124.081974    18.706    12723.7     3088.8    -2721.0    600.2    354.6    464.2 2022 12 21  0 15 31.010  2.88   1
   110803  40.653674 -124.018262    18.651    18109.2    11486.8    -2776.2    814.5    547.4    834.0 2022 12 22  5 56 58.350  0.78   1
   110804  40.518091 -124.438688    19.688   -17493.1    -3569.1    -1739.7    355.1    372.6    473.2 2022 12 20 20 38 36.440  1.22   1
   110806  40.514473 -124.433667    18.700   -17068.1    -3970.8    -2727.6    360.3    375.5    745.1 2023  2  1  8 26 47.510  1.32   1
   110808  40.532760 -124.340243    18.656    -9151.3    -1940.2    -2771.5    424.9    379.0    454.1 2023  3 31  1 48 56.260  0.92   1
   110809  40.523629 -124.425911    19.918   -16409.9    -2954.2    -1509.3    395.9    386.2    485.8 2022 12 22  0 38 39.810  1.01   1
   110810  40.616130 -124.078597    16.947    13006.1     7317.6    -4480.5    467.7    340.7    544.9 2023  1  4  6 36 41.150  1.09   1
   110812  40.604647 -124.130713    18.801     8594.5     6042.5    -2626.1    429.9    380.0    660.6 2023  2  2  5 38 31.180  0.92   1
