   101475  40.581002 -123.980794    20.527    21291.9     3416.9     -900.4    802.9    513.9    752.5 2020  1  4 12 29  8.640  0.00   1
   101476  40.581848 -123.980697    20.371    21300.1     3510.8    -1056.7    796.4    518.7    831.2 2020  2 13 22 21 36.940  0.00   1
   101477  40.581348 -123.980428    20.561    21322.9     3455.3     -866.2    623.0    499.3   1037.3 2020  3 19  1  4 26.040  0.00   1
   101481  40.581803 -123.980794    20.282    21291.8     3505.9    -1144.8    736.4    497.5    753.8 2021  3 29 15 56 33.780  0.00   1
   101482  40.581592 -123.980363    20.434    21328.3     3482.4     -993.4    779.8    497.9    853.1 2021  3 29 13 44 54.940  0.00   1
   101483  40.582023 -123.980298    20.359    21333.8     3530.3    -1067.8    720.8    469.5    797.6 2021  3 30 14 30 26.580  0.00   1
   101484  40.581714 -123.980265    20.416    21336.6     3495.9    -1010.9    693.9    495.9    721.6 2021  3 30 16 56 58.820  0.00   1
   101487  40.582080 -123.980339    20.326    21330.3     3536.6    -1101.3    700.9    559.9   1077.1 2021  9 19 18 51 35.660  0.00   1
   101488  40.582182 -123.977336    20.384    21584.6     3547.9    -1043.4    711.3    483.1    737.0 2021 12  7  4 20 27.260  0.00   1
   101564  40.534945 -124.290365    11.720    -4925.8    -1697.6    -9707.6   1263.8    587.0    840.7 2020  1  4 11 37 20.680  0.00   1
   102513  40.564640 -124.121997    22.596     9335.3     1600.0     1168.4   1105.4    488.2    924.0 2020  1 21 18 29 29.080  0.00   1
   102514  40.565959 -124.122192    22.471     9318.6     1746.4     1043.8    799.6    470.8    753.5 2020  1 21 18 17 50.920  0.00   1
   102517  40.565820 -124.122404    22.593     9300.7     1731.0     1165.8    822.9    457.9    734.8 2020  1 21 18 17 12.580  0.00   1
   102584  40.564917 -124.122013    22.681     9333.9     1630.7     1253.5    975.0    513.9    693.6 2021 12 19 16 15 38.560  0.00   1
   102602  40.479297 -124.515413    24.250   -24000.5    -7877.0     2822.5    873.0   1051.6   1863.2 2021  8 10 19 30 57.060  0.00   1
   102603  40.482345 -124.511898    24.957   -23702.0    -7538.6     3529.5   1007.9   1060.9   1992.5 2021  8 28  7 10 22.180  0.00   1
   102606  40.478621 -124.514030    24.777   -23883.4    -7952.0     3350.2    863.6    952.1   1820.6 2021 11  9 13 23 16.920  0.00   1
   102608  40.481230 -124.510954    25.495   -23622.2    -7662.4     4068.0    980.6    982.7   2258.5 2022  9  7 17 54 42.580  0.00   1
   102707  40.436601 -124.602612    25.206   -31400.4   -12618.2     3778.9    554.8    612.5   1387.2 2020  1  5 11  4 39.240  0.00   1
   102709  40.436589 -124.602588    25.204   -31398.4   -12619.6     3777.0    495.8    580.7   1131.9 2020  3 12 15 20 18.660  0.00   1
   102710  40.436609 -124.602588    25.211   -31398.4   -12617.3     3783.6    310.2    510.9    957.7 2020  3 19  0  0 12.240  0.00   1
   102711  40.436690 -124.602653    25.194   -31403.9   -12608.3     3766.3    643.4    595.8   1544.8 2020  4 15  6 22 46.200  0.00   1
   102713  40.436637 -124.602588    25.212   -31398.4   -12614.2     3784.7    441.2    563.7   1143.7 2020  5  1 21 27  1.720  0.00   1
   102715  40.436857 -124.602726    25.249   -31410.0   -12589.8     3821.9    387.3    612.4   1134.0 2020  5 19  4 18  4.680  0.00   1
   102716  40.437000 -124.602751    25.207   -31412.1   -12573.9     3779.9    538.0    687.6   1354.6 2020  5 19 15 58 35.460  0.00   1
   102717  40.437028 -124.602816    25.205   -31417.6   -12570.8     3777.7    451.2    564.3   1310.4 2020  5 19  8 56  4.240  0.00   1
   102718  40.436694 -124.602694    25.129   -31407.3   -12607.8     3702.2    410.6    541.0   1227.7 2020  6  2  1 55 48.260  0.00   1
   102719  40.436617 -124.602572    25.209   -31397.0   -12616.4     3781.9    339.9    517.7    968.7 2020  6  9 10 29  1.040  0.00   1
   102720  40.436450 -124.602157    25.199   -31361.8   -12634.9     3771.4    583.0    763.5   1319.0 2020  6  9 11 54 57.660  0.00   1
   102721  40.436629 -124.602604    25.221   -31399.7   -12615.1     3793.7    465.8    527.2   1095.9 2020  6 11 11 48 29.660  0.00   1
   102723  40.436589 -124.602604    25.200   -31399.8   -12619.6     3772.9    325.8    512.2    949.4 2020  6 28  9  4 35.860  0.00   1
   102727  40.436601 -124.602604    25.205   -31399.8   -12618.2     3777.4    357.3    519.9    994.1 2020  9 21 21 53 10.520  0.00   1
   102728  40.436589 -124.602669    25.162   -31405.3   -12619.6     3734.9    419.6    539.2   1291.8 2020  9 28  9 34 39.840  0.00   1
   102729  40.436576 -124.602629    25.175   -31401.8   -12620.9     3747.6    351.2    532.6   1014.9 2020  9 29 16 42 12.380  0.00   1
   102730  40.436589 -124.602612    25.186   -31400.4   -12619.6     3759.0    333.0    522.5    977.9 2020  9 29 16  6 55.980  0.00   1
   102731  40.436877 -124.602694    25.231   -31407.3   -12587.5     3803.5    391.2    555.7   1059.4 2020 10  8  8 34 56.540  0.00   1
   102732  40.436731 -124.602612    25.187   -31400.4   -12603.8     3759.5    552.7    779.2   1244.2 2020 10 13 22  5 11.460  0.00   1
   102733  40.436609 -124.602604    25.206   -31399.8   -12617.3     3778.3    401.1    539.2   1043.3 2020 11 11  2 48 36.380  0.00   1
   102734  40.436422 -124.603052    25.010   -31437.7   -12638.1     3582.4    418.9    541.9   1070.5 2020 12 19  3 23 42.480  0.00   1
   102736  40.436621 -124.602637    25.158   -31402.5   -12616.0     3731.2    484.6    588.1   1681.9 2021  1 21 20 46 20.820  0.00   1
   102737  40.436568 -124.602637    25.174   -31402.5   -12621.8     3746.9    332.4    524.5    977.6 2021  2 12  4 31  7.420  0.00   1
   102738  40.436580 -124.602661    25.174   -31404.6   -12620.5     3746.3    413.8    548.8   1300.4 2021  2 12 20  8 51.240  0.00   1
   102739  40.436222 -124.603027    25.029   -31435.7   -12660.2     3601.6    409.1    550.6   1072.8 2021  2 12  4 29 14.400  0.00   1
   102740  40.436471 -124.602563    24.851   -31396.3   -12632.7     3423.9    457.9    591.2   1509.5 2021  2 20 23 40 36.700  0.00   1
   102741  40.436633 -124.602612    25.193   -31400.4   -12614.6     3766.1    332.3    512.3    972.8 2021  4 14  4 39 59.360  0.00   1
   102742  40.436589 -124.602588    25.196   -31398.4   -12619.6     3768.5    337.4    522.8    958.2 2021  4 14  1 27 41.100  0.00   1
   102743  40.436426 -124.602743    25.088   -31411.5   -12637.6     3661.2    361.7    515.1   1011.4 2021  4 14  5 38 37.620  0.00   1
   102745  40.436963 -124.602816    25.226   -31417.6   -12578.0     3798.8    363.8    607.7   1170.4 2021  5 17  6 53 57.120  0.00   1
   102749  40.436633 -124.602588    25.211   -31398.4   -12614.6     3783.9    429.9    546.1   1117.0 2021  7 10 11 59 45.840  0.00   1
   102751  40.436625 -124.602604    25.207   -31399.7   -12615.5     3779.3    466.3    544.1   1142.5 2021  8 31 18 13 15.560  0.00   1
   102754  40.436637 -124.602588    25.210   -31398.4   -12614.2     3782.6    427.5    546.9   1124.1 2021  9 23  9 33 50.540  0.00   1
   102755  40.436772 -124.602515    25.225   -31392.1   -12599.2     3797.5    661.8    880.6   1365.9 2021  9 30 19 10  2.220  0.00   1
   102756  40.436499 -124.602507    25.113   -31391.5   -12629.5     3685.6    419.7    591.0   1096.8 2021 10  8 23 40 58.400  0.00   1
   102759  40.436633 -124.602588    25.210   -31398.4   -12614.6     3782.5    433.1    547.1   1130.2 2021 11  4  9  5 14.280  0.00   1
   102761  40.436625 -124.602620    25.173   -31401.1   -12615.5     3746.1    501.6    632.7   1265.7 2021 12  9 20 12 36.400  0.00   1
   102763  40.436609 -124.602604    25.168   -31399.8   -12617.3     3740.7    576.0    716.5   1374.1 2021 12 18  5 17 48.600  0.00   1
   102764  40.436637 -124.602596    25.215   -31399.1   -12614.2     3788.2    345.7    525.2    992.9 2021 12 20  7 12 18.880  0.00   1
   102768  40.433610 -124.604126    24.906   -31529.5   -12950.3     3478.6    839.2   1217.6   1676.5 2022  2 24 23 18 18.200  0.00   1
   102773  40.436564 -124.602563    25.216   -31396.3   -12622.3     3788.8    551.4    598.1   1222.0 2022  4 10 14  1 19.800  0.00   1
   102775  40.436768 -124.602515    25.226   -31392.1   -12599.7     3798.3    646.3    860.0   1332.1 2022  5 12 21 39 49.620  0.00   1
   102776  40.436462 -124.602287    25.113   -31372.9   -12633.6     3685.3    376.1    539.3   1032.0 2022  5 15 21 30 42.600  0.00   1
   102777  40.436300 -124.602507    25.225   -31391.5   -12651.7     3797.5    385.8    539.3   1056.1 2022  6  2  9 50 27.060  0.00   1
   102778  40.435189 -124.602612    25.249   -31400.8   -12775.0     3821.5    871.7   1171.1   1595.5 2022  6 17  0 59 30.760  0.00   1
   102780  40.436377 -124.602490    25.207   -31390.1   -12643.1     3779.8    540.7    675.7   1323.2 2022  7 21  2 41 31.540  0.00   1
   102781  40.436568 -124.602637    25.145   -31402.5   -12621.8     3717.7    407.4    581.0   1075.2 2022  7 28  9 22  9.400  0.00   1
   102783  40.436731 -124.602563    25.208   -31396.3   -12603.8     3780.9    844.9   1229.7   2005.7 2022  8 24 18 40  2.660  0.00   1
   102785  40.436784 -124.602637    25.198   -31402.5   -12597.9     3771.1    547.6    687.4   1449.2 2022  8 29 10  0 58.040  0.00   1
   102786  40.436674 -124.602669    25.201   -31405.3   -12610.1     3774.2    372.0    539.1    943.0 2022  9 18 15 28 46.440  0.00   1
   102787  40.436605 -124.602604    25.201   -31399.8   -12617.8     3774.2    594.7    651.6   1472.4 2022 10  2 19 33 34.380  0.00   1
   102789  40.436523 -124.602661    25.171   -31404.6   -12626.8     3743.9    368.2    523.9   1029.4 2022 10 17  4 45 23.620  0.00   1
   102790  40.436617 -124.602669    25.182   -31405.3   -12616.4     3754.4    335.7    509.6   1003.4 2022 10 19 22 24 12.120  0.00   1
   102792  40.436621 -124.602653    25.188   -31403.9   -12616.0     3761.1    462.5    555.3   1313.5 2022 11  4 23 19 49.560  0.00   1
   102793  40.436629 -124.602637    25.208   -31402.5   -12615.1     3780.4    421.4    525.5   1152.8 2022 11 28  6 17 43.580  0.00   1
   102871  40.521232 -124.419743    24.545   -15887.6    -3220.3     3118.2    842.1    862.2   1513.6 2021 12 21 11 40 42.620  0.00   1
   102873  40.522095 -124.418742    24.733   -15802.7    -3124.5     3305.4    740.6    936.7   1575.3 2021 12 27  5 28 17.460  0.00   1
   102877  40.519800 -124.416292    24.677   -15595.4    -3379.3     3249.5    773.0    823.8   1360.5 2022 11 12  9 39  9.180  0.00   1
   102881  40.580103 -123.892017    22.422    28810.3     3317.0      994.7    693.7    563.5    726.4 2020  6  5  7 17 17.540  0.00   1
   102882  40.583565 -123.895296    22.468    28531.8     3701.5     1040.3    590.9    790.3    718.1 2021  8 31 10  1 55.460  0.00   1
   102884  40.580754 -123.895215    22.628    28539.3     3389.3     1200.8    683.6    830.8    831.5 2022  7  8 14 14 25.800  0.00   1
   102885  40.575818 -123.894637    22.275    28589.3     2841.2      848.1    975.5    579.6    970.5 2022 10 15  6 34 45.100  0.00   1
   102906  40.548694 -124.497412    26.431   -22463.4     -170.8     5004.0   1303.0   1077.8   1692.7 2020  1  8  5 26 50.000  0.00   1
   102908  40.548629 -124.499064    26.405   -22603.3     -178.0     4978.1    976.9    839.3   1521.3 2020 10 11 20 54  2.280  0.00   1
   102909  40.546582 -124.501245    27.454   -22788.4     -405.3     6026.5    808.1    690.5   1290.7 2021  4 28 19 33 47.460  0.00   1
   102910  40.546704 -124.498494    26.870   -22555.4     -391.7     5442.9    890.5    850.1   1356.4 2021  6 12  7 57 57.640  0.00   1
   102911  40.546871 -124.502197    26.322   -22869.0     -373.2     4895.2    826.4    796.1   1458.1 2021  6 22  2 52 24.640  0.00   1
   102915  40.547103 -124.502246    26.321   -22873.1     -347.5     4893.7    820.2    796.5   1525.9 2021 11 28 13  7  4.440  0.00   1
   102916  40.548035 -124.499495    26.202   -22639.9     -244.0     4774.5   1068.9    932.7   1585.5 2021 12 21 13 58 37.080  0.00   1
   102917  40.548572 -124.498340    26.298   -22542.0     -184.4     4871.2    945.7    813.1   1380.4 2021 12 21  8 24 22.960  0.00   1
   103853  40.625106 -123.942660    20.656    24513.3     8314.4     -771.5   1066.0    876.2   1091.3 2020  1 15 17  9  9.680  0.00   1
   103854  40.623438 -123.944548    20.550    24353.8     8129.1     -877.7   1031.2    669.4   1217.2 2020  9  6  8  2 35.820  0.00   1
   103855  40.625610 -123.944588    20.790    24350.0     8370.4     -637.5   1010.0    766.4   1056.1 2021 11 17  1 30  5.520  0.00   1
   103856  40.625765 -123.944832    20.851    24329.3     8387.6     -576.4   1034.8    815.7   1081.7 2022  1 29  9  3 15.000  0.00   1
   103857  40.625822 -123.944084    20.891    24392.7     8393.9     -536.4    966.3    756.5   1081.0 2022  5 22  1 31 29.140  0.00   1
   103859  40.625671 -123.944694    20.781    24341.0     8377.2     -646.2   1042.5    750.1   1061.0 2022  5 23  3 58 56.800  0.00   1
   103861  40.625024 -123.944621    20.460    24347.3     8305.4     -967.1    941.8    638.8   1365.7 2022  7 27 10 38  4.700  0.00   1
   103862  40.625269 -123.945272    20.774    24292.2     8332.5     -653.6    954.0    689.0   1247.7 2022 11 17 16  3 25.080  0.00   1
   103863  40.623682 -123.945508    20.758    24272.5     8156.3     -669.3    907.6    668.9    883.7 2022 11 20 23 28 37.040  0.00   1
   103948  40.584745 -123.917896    25.964    26617.8     3832.5     4537.2    855.7    709.4   1097.0 2020  7 15 23 27 17.180  0.00   1
   103949  40.584806 -123.918034    25.876    26606.0     3839.3     4448.9    865.8    722.4   1164.3 2020  7 15 23 27  7.480  0.00   1
   103953  40.585120 -123.918880    25.806    26534.3     3874.1     4379.1    878.4    530.4    887.9 2021  6 28 22 30 49.640  0.00   1
   103955  40.585579 -123.915828    26.092    26792.7     3925.2     4664.6   1142.8    867.1    928.6 2021  8 18 13 15  3.800  0.00   1
   103957  40.585555 -123.912118    25.643    27106.9     3922.5     4215.6    775.3    561.5    957.8 2021  9 30  0  5  3.500  0.00   1
   103958  40.585307 -123.913623    25.645    26979.5     3894.9     4217.8    798.1    523.8   1014.6 2021 10 16 22 17 33.780  0.00   1
   103963  40.584440 -123.918994    26.325    26524.8     3798.7     4897.6   1263.0    692.4   1080.5 2022 10  3  1 19 38.240  0.00   1
   104037  40.621236 -124.314201    18.050    -6940.6     7884.7    -3377.2   1007.9    530.3   2160.6 2020  3 23  9 10 34.260  0.00   1
   104039  40.620443 -124.317912    20.163    -7254.8     7796.6    -1263.8    726.7    430.2   1372.3 2020  3 31  1 10 40.520  0.00   1
   104040  40.621358 -124.316162    18.183    -7106.7     7898.2    -3244.7    737.3    456.3   1646.9 2020 12 20  9 55 52.280  0.00   1
   104042  40.621021 -124.316089    18.070    -7100.5     7860.7    -3357.4    904.9    638.3   1974.5 2020 12 20 10 47 46.800  0.00   1
   104043  40.621318 -124.315617    19.080    -7060.5     7893.7    -2347.5    735.3    468.7   1612.4 2020 12 20 10 15 13.920  0.00   1
   104047  40.623047 -124.320182    18.077    -7446.9     8085.8    -3349.8    973.7    822.1   2082.8 2021  4 20 22 55  3.440  0.00   1
   104048  40.622721 -124.319548    18.032    -7393.2     8049.6    -3394.8    736.8    634.5   1684.1 2021  4 24 18 32 32.740  0.00   1
   104049  40.621330 -124.315316    18.208    -7035.0     7895.1    -3219.6    983.0    641.4   2533.3 2021  6 29 21  7 22.600  0.00   1
   104052  40.621289 -124.314673    18.547    -6980.6     7890.6    -2880.5    822.2    495.0   1735.6 2021  7  2  7 55 22.400  0.00   1
   104053  40.619926 -124.315877    20.646    -7082.6     7739.2     -781.2   1063.2    624.7   1734.9 2021  7  3 16 38 35.240  0.00   1
   104054  40.621318 -124.314339    18.220    -6952.3     7893.7    -3207.2    765.3    423.4   1581.1 2021  7 14 14 46 21.240  0.00   1
   104055  40.621313 -124.316203    18.142    -7110.1     7893.3    -3284.9    686.9    462.9   1752.9 2021  9 17 10  9 30.180  0.00   1
   104056  40.621533 -124.311092    17.621    -6677.4     7917.7    -3805.8    729.9    573.1   1444.2 2021 11 18  9 48  5.620  0.00   1
   104060  40.621529 -124.311125    17.618    -6680.2     7917.2    -3809.5    719.0    565.4   1448.0 2022  4 14 20  4 26.860  0.00   1
   104061  40.621615 -124.314836    18.653    -6994.3     7926.7    -2774.3    801.1    436.5   1533.8 2022  6 16 20 44 53.720  0.00   1
   104064  40.621566 -124.311149    17.624    -6682.3     7921.3    -3803.3    722.2    566.1   1400.6 2022 10 23 23 59  6.320  0.00   1
   104510  40.559892 -124.132292    22.202     8463.6     1072.7      774.7    997.0    646.9    861.6 2020  1 21 18 16 13.040  0.00   1
   104721  40.490076 -124.559302    15.864   -27717.8    -6680.1    -5562.9    908.3   1284.3  10468.3 2022  8  9 15 44 36.880  0.00   1
   104905  40.508846 -124.419360    26.157   -15856.6    -4595.7     4729.5    771.8    829.1   1335.5 2020  6 22 15 25 24.880  0.00   1
   104911  40.509806 -124.420581    25.692   -15959.9    -4489.1     4264.6    815.1    773.2   1144.7 2021  5 20 19 21 47.940  0.00   1
   104917  40.508232 -124.421916    25.729   -16073.2    -4663.9     4301.6    854.1    778.7   1273.1 2021  9 17 15 11 51.640  0.00   1
   104918  40.507239 -124.422168    25.827   -16094.7    -4774.2     4399.9    721.0    953.9   1245.7 2021 10  5 18 21 58.320  0.00   1
   104919  40.509017 -124.421867    25.712   -16069.0    -4576.7     4284.5    833.8    754.9   1186.1 2021 10 16  3 19 23.200  0.00   1
   104923  40.507979 -124.422697    25.595   -16139.4    -4692.0     4168.0    764.9    770.3   1131.7 2021 12 22  5 52  2.020  0.00   1
   104928  40.509762 -124.420508    25.710   -15953.7    -4494.0     4282.5    808.3    774.8   1140.7 2022  1 30  2  6 57.660  0.00   1
   104932  40.509753 -124.420500    25.715   -15953.1    -4495.0     4288.0    809.2    773.5   1144.7 2022  3  5  0 58 53.080  0.00   1
   104936  40.509696 -124.420549    25.715   -15957.2    -4501.3     4288.0    815.4    776.8   1139.6 2022  7 27  2 17 47.560  0.00   1
   104940  40.521326 -124.494865    16.281   -22252.1    -3209.9    -5145.8    676.3    657.0   1480.1 2020  1 27  9 51 13.860  0.00   1
   104941  40.520992 -124.492879    16.254   -22083.9    -3247.0    -5173.0    732.3    610.9   1562.0 2020  2 20  6 32 59.280  0.00   1
   104942  40.521114 -124.493929    15.955   -22172.9    -3233.4    -5472.6    721.0    641.0   1724.7 2020  4  6  9 21 20.960  0.00   1
   104943  40.520243 -124.493953    16.427   -22175.1    -3330.1    -5000.1    705.6    643.2   1803.9 2020 12 17 16 41  8.520  0.00   1
   104944  40.519039 -124.493538    18.256   -22140.1    -3463.8    -3170.9    659.3    635.0   1780.7 2020 12 19 14 18 19.400  0.00   1
   104945  40.519031 -124.495093    17.167   -22271.8    -3464.7    -4260.7    553.6    592.9   1375.9 2021  5 24  0 40 45.520  0.00   1
   104946  40.518209 -124.494653    17.838   -22234.7    -3556.0    -3589.1    573.3    594.2   1659.4 2021 11  6  3 38 12.480  0.00   1
   105067  40.739925 -123.972323    22.204    21983.4    21064.6      776.5   2037.7   1202.6   1647.0 2020  1 29 17 29  4.280  0.00   1
   105385  40.544694 -123.961694    20.991    22915.6     -615.0     -436.1    729.3    559.9    765.2 2021  4  1  4 46 23.960  0.00   1
   105390  40.598474 -123.977604    21.118    21559.3     5357.1     -308.9   1035.1    724.7   1048.6 2021  5 23 15 44  5.100  0.00   1
   105391  40.597534 -123.976034    21.402    21692.4     5252.7      -25.0    877.5    716.5    789.0 2021  6 30  5 49 47.860  0.00   1
   105468  40.657296 -123.998901    23.276    19747.3    11888.9     1848.4   1992.8   1089.5   1434.7 2021 12 21  1 32 33.780  0.00   1
   105476  40.761373 -123.864388    22.486    31108.1    23446.2     1059.0   1478.5   1102.6   1940.9 2021  4 17 11 13 27.660  0.00   1
   105477  40.760478 -123.864836    22.241    31070.5    23346.8      813.7   1135.1    885.6   1363.0 2021  5 16 18 21  8.560  0.00   1
   105483  40.761361 -123.864429    22.479    31104.7    23444.9     1051.4   1472.2   1084.3   1881.3 2022  5  4  3 34 42.980  0.00   1
   105706  40.597078 -124.050016    22.427    15428.0     5202.1      999.8   1005.2    654.8   1024.1 2020  2  8  2 28 57.160  0.00   1
   105713  40.598299 -124.047005    22.312    15682.8     5337.6      884.9    817.0    529.3    876.1 2021  8 21  3 33 28.140  0.00   1
   105954  40.546159 -124.066439    19.719    14042.7     -452.3    -1708.7    665.7    476.2    638.6 2020  2  8 19 52 44.320  0.00   1
   105955  40.545911 -124.067619    19.716    13942.8     -479.9    -1711.4    915.2    642.0    610.7 2020  2 23  1  6 17.520  0.00   1
   105956  40.544812 -124.064648    19.822    14194.5     -601.9    -1605.5   1094.3    499.0    603.6 2020 10 23 10 31 25.740  0.00   1
   105957  40.544820 -124.064640    19.824    14195.2     -601.0    -1603.5   1090.1    498.0    602.7 2021  2 19 15  2  5.840  0.00   1
   105958  40.544812 -124.064714    19.813    14189.0     -601.9    -1614.2   1095.1    505.8    608.3 2021  7 27 12 42 23.820  0.00   1
   105960  40.545980 -124.067537    19.697    13949.7     -472.2    -1730.7    934.0    678.1    549.1 2021  9  6  1 57 48.460  0.00   1
   105961  40.545260 -124.061589    19.559    14453.7     -552.2    -1867.8    927.4    466.1    907.8 2021 10 30 15 54 35.980  0.00   1
   106005  40.596712 -124.090544    18.785    11996.4     5161.4    -2642.7    932.8    711.8    932.8 2020  4 19 13  8 57.480  0.00   1
   106006  40.597327 -124.083276    18.863    12611.7     5229.7    -2564.2   1098.7    535.6    770.8 2020  6  7 18 47 39.820  0.00   1
   106007  40.595903 -124.090584    19.048    11993.0     5071.5    -2379.6   1274.8    622.7    867.1 2020  7 20 16 45 35.520  0.00   1
   106008  40.597107 -124.094108    18.818    11694.5     5205.3    -2609.7    858.8    615.6    785.9 2021 11 25 11 31 45.620  0.00   1
   106009  40.597563 -124.094157    18.744    11690.3     5255.9    -2683.6   1068.8    649.7   1037.7 2022  1 31  2 46 32.380  0.00   1
   106065  40.535278 -124.400749    26.859   -14276.9    -1660.5     5432.1   1082.5    966.2   1401.5 2020  2 11 17 54 25.540  0.00   1
   106069  40.501355 -124.447827    17.104   -18269.7    -5427.6    -4323.2    719.0    621.6   1038.1 2021  7 22 12 38 41.980  0.00   1
   106070  40.501038 -124.446069    17.331   -18120.7    -5462.8    -4095.8    642.3    713.6   1099.7 2021  8 21  7 21 12.600  0.00   1
   106079  40.640442 -123.979069    26.559    21428.6    10017.4     5131.3    922.4    637.2    887.7 2020  2 13 23  7 46.880  0.00   1
   106080  40.643062 -123.969132    28.243    22269.2    10308.4     6815.9   1096.3    885.8   1912.6 2020  2 27  1  9  9.980  0.00   1
   106081  40.641817 -123.986515    27.297    20798.0    10170.1     5869.5   1038.0    698.4    973.3 2020  6 29  6 46  6.840  0.00   1
   106082  40.640653 -123.966707    25.865    22474.9    10040.9     4437.3   1273.2    754.8   1648.2 2021 11 14 16 50 17.560  0.00   1
   106083  40.640808 -123.980485    26.815    21308.6    10058.1     5388.1    848.9    646.6    849.8 2022  2 10  2 19 50.980  0.00   1
   106084  40.641158 -123.980444    26.746    21312.0    10096.9     5318.3    833.3    619.4    808.3 2022  6  3  6  4  3.860  0.00   1
   106096  40.584721 -124.212516    21.393     1668.4     3829.8      -34.4   1470.6    572.5   1286.7 2021 11  2  4 49 56.460  0.00   1
   106102  40.515458 -124.420459    19.655   -15948.9    -3861.5    -1772.5    687.4    814.3    676.1 2022  7  6 11 29  4.460  0.00   1
   106103  40.515316 -124.419661    19.797   -15881.4    -3877.3    -1630.6    652.5    776.7    851.6 2022  8 16  8  0  8.060  0.00   1
   106104  40.515540 -124.419173    19.714   -15840.0    -3852.4    -1713.2    556.5    873.5    841.1 2022  8 29 21 57 39.860  0.00   1
   106135  40.555094 -124.215446    17.605     1420.7      540.0    -3821.8   1148.2    444.2    773.2 2021  9 13  0  4  6.120  0.00   1
   106440  40.560299 -124.047656    23.153    15632.1     1117.9     1726.1    746.6    578.9    910.5 2021  9  4  5 13 46.140  0.00   1
   106496  40.592765 -124.108317    20.560    10491.7     4723.1     -867.5   1053.8    801.6    837.2 2021  8 27  1 44  5.160  0.00   1
   106497  40.590572 -124.103223    20.914    10923.3     4479.6     -513.4    948.6    480.8    751.5 2021 11 30  0 51 56.760  0.00   1
   106499  40.590739 -124.103678    20.840    10884.7     4498.1     -587.7    938.1    554.7    897.6 2022  1  8 11 15 11.920  0.00   1
   106609  40.611393 -123.842155    30.758    33025.2     6791.7     9330.8   1334.8    998.8   1404.9 2020  2 20 17 26 49.040  0.00   1
   106610  40.612337 -123.835514    29.283    33587.2     6896.5     7856.1   1163.6    866.9   1260.2 2020  7 17 16 58  8.720  0.00   1
   106612  40.614722 -123.827848    29.030    34235.6     7161.3     7603.0   1296.6   1019.4   1441.0 2021 11 24  2 11 55.300  0.00   1
   106613  40.611629 -123.830819    29.132    33984.9     6817.9     7705.0   1279.1    884.8   1107.2 2022  5 21  1 58 58.180  0.00   1
   106614  40.511515 -124.416984    21.380   -15655.0    -4299.3      -47.6    719.7    826.2    778.2 2020  2 21 12  1 53.080  0.00   1
   106677  40.578585 -124.082430    19.134    12685.1     3148.5    -2292.8    963.8    596.4    861.8 2020  2 22  2  3 27.180  0.00   1
   106678  40.577120 -124.077515    19.615    13101.5     2985.8    -1811.9    960.4    616.6    739.6 2021  2 19 10 17 53.000  0.00   1
   106679  40.578695 -124.082072    19.292    12715.4     3160.7    -2134.9    918.7    540.5    710.8 2022  1 22 18 50  2.840  0.00   1
   106849  40.552051 -123.973446    21.195    21918.9      202.0     -232.3    726.3    566.9    841.7 2020  2 25 10 41 25.500  0.00   1
   106850  40.551750 -123.971118    21.181    22116.1      168.5     -246.5    742.8    540.9    680.2 2020  6 21 16  9 47.640  0.00   1
   106852  40.551408 -123.970573    21.123    22162.4      130.6     -304.0    662.8    613.0    805.2 2021  6 16 14  0 25.980  0.00   1
   106853  40.551868 -123.971029    21.173    22123.7      181.6     -253.8    592.3    590.2    713.3 2021  6 17 11 40 36.000  0.00   1
   106855  40.551790 -123.971908    21.139    22049.3      173.1     -288.2    803.2    542.9    744.1 2022  9 27  4 34 50.860  0.00   1
   106908  40.622868 -124.303092    18.461    -6000.1     8065.9    -2965.8    770.5    816.9   1073.0 2021  4  2 11 45  2.260  0.00   1
   106909  40.623079 -124.296517    18.175    -5443.4     8089.4    -3251.9    908.7    501.2    918.1 2021  4  7  1 55 18.100  0.00   1
   106910  40.621887 -124.306128    18.258    -6257.1     7957.0    -3169.7    928.5    658.2    862.4 2021 10 17 14 20 53.460  0.00   1
   106916  40.622359 -124.300651    18.100    -5793.5     8009.4    -3327.7   1394.0    653.1   1176.3 2022  7 14  7 38  2.880  0.00   1
   106917  40.507996 -124.332585    17.940    -8504.1    -4690.1    -3487.1    700.0    833.7   1126.2 2020  2 29  6 25 39.720  0.00   1
   106919  40.507857 -124.334098    18.190    -8632.4    -4705.5    -3237.6    566.7    615.1    679.1 2020  6 25 12 39 13.840  0.00   1
   106920  40.507869 -124.334041    18.186    -8627.6    -4704.2    -3241.0    569.1    617.0    677.0 2020  6 26 13 51 55.760  0.00   1
   106921  40.507845 -124.334115    18.187    -8633.8    -4706.9    -3240.2    560.8    613.2    678.6 2020  6 27  9  8 18.860  0.00   1
   106924  40.504985 -124.332064    18.758    -8460.2    -5024.5    -2668.9    623.2    682.2    853.8 2020  7 15 15 49 31.760  0.00   1
   106925  40.507837 -124.334139    18.187    -8635.8    -4707.8    -3239.8    556.9    611.6    680.1 2020  7 15  2 55 13.780  0.00   1
   106926  40.503963 -124.331689    19.025    -8428.5    -5137.9    -2401.8    727.5    718.1    856.6 2020  7 15  5  0 39.940  0.00   1
   106927  40.507869 -124.334049    18.188    -8628.3    -4704.2    -3239.6    571.4    617.9    678.3 2020  7 15 19 40 35.320  0.00   1
   106930  40.507869 -124.334049    18.188    -8628.3    -4704.2    -3238.9    571.3    617.3    677.3 2020  7 16 16  0 18.620  0.00   1
   106931  40.503927 -124.331681    19.031    -8427.8    -5142.0    -2396.4    725.1    716.0    852.4 2020  7 16 12 26  9.680  0.00   1
   106933  40.507788 -124.334635    18.441    -8677.9    -4713.2    -2986.6    721.0    781.0    939.4 2020 11 20 17 12 56.060  0.00   1
   106934  40.507979 -124.333968    18.018    -8621.4    -4692.0    -3409.1    806.8    890.7   1207.3 2021  5 12 18 32 23.080  0.00   1
   106937  40.507756 -124.333797    18.554    -8606.9    -4716.8    -2873.3    393.1    462.8    459.0 2021  7 11  5  6 12.560  0.00   1
   106939  40.507747 -124.333813    18.557    -8608.3    -4717.7    -2870.5    396.8    452.5    483.1 2021  7 11  7 17 55.760  0.00   1
   106940  40.507727 -124.333919    18.562    -8617.2    -4720.0    -2865.1    453.1    513.2    529.8 2021  7 11  4 14 40.000  0.00   1
   106941  40.507739 -124.333903    18.563    -8615.9    -4718.6    -2864.6    403.6    458.4    493.6 2021  7 11  3 36 34.760  0.00   1
   106942  40.507747 -124.333895    18.543    -8615.2    -4717.7    -2884.5    375.3    417.5    502.3 2021  7 11  2 14  1.880  0.00   1
   106943  40.507751 -124.333813    18.555    -8608.3    -4717.3    -2872.2    401.7    464.4    492.8 2021  7 11  7 49 35.560  0.00   1
   106944  40.507690 -124.333993    18.546    -8623.4    -4724.0    -2881.4    409.8    421.6    544.9 2021  7 12  6 52 59.100  0.00   1
   106945  40.507776 -124.333773    18.552    -8604.8    -4714.5    -2874.8    404.4    484.6    477.3 2021  7 12  7 38 34.800  0.00   1
   106947  40.507747 -124.333805    18.557    -8607.6    -4717.7    -2870.5    417.6    462.6    507.8 2021  7 12  6 52  5.820  0.00   1
   106948  40.507739 -124.333667    18.558    -8595.9    -4718.6    -2869.4    375.1    532.8    465.8 2021  7 12  6 57 12.740  0.00   1
   106949  40.507756 -124.333805    18.554    -8607.6    -4716.8    -2873.3    392.7    464.4    461.4 2021  7 12  6 51 15.180  0.00   1
   106950  40.507747 -124.333919    18.538    -8617.2    -4717.7    -2889.7    405.9    431.3    556.9 2021  7 12 22 18 34.740  0.00   1
   106951  40.507751 -124.333797    18.554    -8606.9    -4717.3    -2873.7    396.9    470.2    468.1 2021  7 12  8 58 54.960  0.00   1
   106952  40.507751 -124.333805    18.557    -8607.6    -4717.3    -2870.7    399.5    444.3    480.5 2021  7 12  8 46 32.680  0.00   1
   106953  40.507727 -124.333927    18.562    -8617.9    -4720.0    -2864.9    466.7    524.1    547.3 2021  7 12  6 48 36.980  0.00   1
   106954  40.507756 -124.333805    18.554    -8607.6    -4716.8    -2873.1    379.6    458.3    457.9 2021  7 12  6 58 19.680  0.00   1
   106959  40.507743 -124.333813    18.558    -8608.3    -4718.2    -2869.7    530.6    501.8    477.7 2021  7 12 15 18 57.120  0.00   1
   106960  40.507747 -124.333830    18.557    -8609.7    -4717.7    -2870.2    422.2    456.4    518.6 2021  7 12 12 15  8.320  0.00   1
   106961  40.507723 -124.333944    18.565    -8619.3    -4720.4    -2861.8    414.6    484.7    486.9 2021  7 12  7 42 57.140  0.00   1
   106962  40.507707 -124.333960    18.549    -8620.7    -4722.2    -2878.4    364.1    415.2    510.8 2021  7 12  8  3  8.480  0.00   1
   106964  40.507743 -124.333879    18.560    -8613.8    -4718.2    -2867.2    410.8    470.9    487.5 2021  7 12  5 33 43.540  0.00   1
   106965  40.507719 -124.333952    18.552    -8620.0    -4720.9    -2875.5    363.1    406.7    503.0 2021  7 12  8 56 41.260  0.00   1
   106967  40.507751 -124.333822    18.556    -8609.0    -4717.3    -2871.5    409.5    454.7    485.1 2021  7 13  3 34 41.120  0.00   1
   106968  40.507751 -124.333813    18.557    -8608.3    -4717.3    -2869.9    408.6    436.1    516.2 2021  7 13 11  0 10.880  0.00   1
   106970  40.507662 -124.333569    18.559    -8587.6    -4727.2    -2868.4    490.2    591.7    482.7 2021  7 15 17 56 38.860  0.00   1
   106971  40.507487 -124.333862    18.538    -8612.4    -4746.6    -2888.9    549.4    593.1    443.6 2021  7 24 15 17 23.680  0.00   1
   106974  40.507723 -124.333789    18.560    -8606.2    -4720.4    -2867.5    459.8    460.7    523.1 2021 12 20 23 45 33.300  0.00   1
   106975  40.506637 -124.329175    18.563    -8215.3    -4841.1    -2864.6    803.1    769.2    885.9 2021 12 20 21 54 42.040  0.00   1
   106977  40.508744 -124.332463    18.120    -8493.7    -4607.0    -3307.4    772.9    880.5   1077.9 2021 12 21 12 29 57.320  0.00   1
   106978  40.506783 -124.333390    18.655    -8572.5    -4824.8    -2772.6    705.2    821.2    867.3 2021 12 22  7  9  8.260  0.00   1
   106979  40.507784 -124.329159    18.397    -8213.8    -4713.6    -3030.7    817.9    765.0    937.8 2021 12 22 17  4 29.540  0.00   1
   106983  40.506266 -124.329224    18.654    -8219.5    -4882.2    -2773.5    747.9    703.5    813.9 2021 12 23 19 43 35.140  0.00   1
   106984  40.507361 -124.331445    18.519    -8407.6    -4760.6    -2908.7    918.0    527.1    785.4 2021 12 23  6 28 39.440  0.00   1
   106986  40.507768 -124.333757    18.562    -8603.4    -4715.5    -2865.5    494.4    468.0    543.1 2021 12 25  0 41  6.140  0.00   1
   106988  40.507336 -124.332048    18.434    -8458.7    -4763.3    -2993.0    674.4    716.8    938.1 2021 12 31  7 30 11.740  0.00   1
   106989  40.507495 -124.333903    18.560    -8615.9    -4745.7    -2866.8    397.9    548.4    518.1 2022  1  2 19  6  3.500  0.00   1
   106990  40.507345 -124.331104    18.533    -8378.7    -4762.4    -2894.3    916.5    530.0    775.3 2022  1  2 18 43 27.640  0.00   1
   106991  40.508740 -124.329468    18.420    -8240.0    -4607.5    -3007.4    935.2    877.9   1012.7 2022  1 29  0 56  4.940  0.00   1
   106992  40.507625 -124.332894    18.441    -8530.4    -4731.3    -2986.7    747.2    750.6    924.7 2022  2 20  7 55 33.920  0.00   1
   106993  40.508569 -124.328101    18.385    -8124.2    -4626.4    -3042.0   1077.4    779.4   1036.3 2022  4 11  8 48 35.180  0.00   1
   106995  40.507735 -124.333805    18.557    -8607.6    -4719.1    -2869.8    500.8    521.1    505.4 2022  5 14  5 11 24.580  0.00   1
   106996  40.507739 -124.333765    18.555    -8604.1    -4718.6    -2872.0    458.5    486.0    520.8 2022  5 21 19  6 31.100  0.00   1
   106997  40.507349 -124.330290    18.543    -8309.7    -4762.0    -2884.0    960.0    530.5    779.1 2022  7 18  4 14 31.760  0.00   1
   107286  40.592244 -124.015674    22.396    18336.6     4665.3      968.9    636.9    617.0    747.5 2020  4 12 17 13 25.640  0.00   1
   107287  40.591093 -124.013924    22.408    18484.9     4537.4      980.8    748.4    622.6    697.8 2020  4 18 11  7 43.200  0.00   1
   107288  40.591671 -124.014421    22.340    18442.8     4601.6      912.4    828.9    575.0    676.2 2020 11 20  1 42 41.040  0.00   1
   107289  40.590828 -124.015275    22.465    18370.6     4508.1     1037.7    831.3    607.3    880.2 2020 11 20  1 23 58.260  0.00   1
   107290  40.590820 -124.015861    22.509    18320.9     4507.2     1081.4    877.8    672.9    777.3 2020 11 20  1 20 56.960  0.00   1
   107291  40.591268 -124.014478    22.496    18438.0     4556.9     1069.2    738.8    457.9    726.4 2020 11 20  7  8 23.000  0.00   1
   107292  40.592436 -124.014746    22.335    18415.1     4686.5      908.0    630.0    524.6    596.5 2021 11 14 17  4  4.680  0.00   1
   107293  40.591813 -124.014616    22.394    18426.2     4617.4      966.4    633.3    530.4    646.5 2021 12  5 10 31 19.440  0.00   1
   107297  40.590263 -124.016423    22.515    18273.5     4445.2     1087.7    748.8    651.8    837.3 2022  1 27  3  6  7.800  0.00   1
   107337  40.504626 -124.434188    23.521   -17113.5    -5064.3     2093.4    871.2   1275.7   1333.0 2020  3  7  9 53 50.140  0.00   1
   107338  40.493290 -124.441317    25.878   -17719.0    -6323.1     4451.2   1010.0    868.4   1595.9 2020  9 23 15 27 24.660  0.00   1
   107341  40.486410 -124.441756    25.637   -17757.2    -7087.2     4210.0   1261.7   1117.6   1237.6 2022  5  3 13  8 48.100  0.00   1
   107359  40.524622 -124.378711    25.879   -12410.9    -2843.9     4451.3   1321.2    812.1   1253.3 2021 12 20 22 54  5.520  0.00   1
   107361  40.525781 -124.372559    25.071   -11889.6    -2715.1     3643.6   1254.4    609.7    982.1 2021 12 20 21 57 14.080  0.00   1
   107370  40.465531 -124.528418    25.764   -25105.2    -9405.6     4336.7   1196.5   1717.6   2491.0 2021 11 16  4 40 39.460  0.00   1
   107371  40.469421 -124.528418    24.350   -25104.5    -8973.6     2922.9    857.8   1234.2   1729.8 2022  4  3 19 28  4.080  0.00   1
   107574  40.472734 -124.426912    19.844   -16500.9    -8605.8    -1582.9    674.6    670.0    762.9 2020  3 11 22 47 36.760  0.00   1
   107579  40.473421 -124.426921    19.840   -16501.5    -8529.5    -1586.9    817.1    711.1    707.6 2021  9 21 12 24 42.300  0.00   1
   107580  40.473376 -124.427043    19.787   -16511.9    -8534.4    -1640.4    659.1    729.9    698.9 2021 10 16  2 20 43.560  0.00   1
   107582  40.468095 -124.433683    19.968   -17075.4    -9120.9    -1459.7    798.7   1000.1   1101.1 2022  2  5  7 43 32.760  0.00   1
   107583  40.471537 -124.431795    19.540   -16914.9    -8738.7    -1887.6    722.2    692.9    916.8 2022  2 19 19 28 29.060  0.00   1
   107584  40.469633 -124.430998    19.959   -16847.6    -8950.1    -1468.5    809.9    882.9    723.5 2022  2 21 15 20 50.320  0.00   1
   107585  40.469661 -124.430933    19.973   -16842.0    -8947.0    -1454.4    796.1    870.3    728.6 2022  3  8 13 52  8.680  0.00   1
   107586  40.473763 -124.425537    19.922   -16384.2    -8491.5    -1505.4    678.5    714.9    737.8 2022  3 17  5 45 51.800  0.00   1
   107609  40.569877 -123.957194    21.123    23292.4     2181.5     -304.6    700.2    726.0    863.1 2021 12 25 22 49 23.520  0.00   1
   107620  40.506026 -124.503752    27.274   -23007.6    -4908.8     5846.5    792.2    896.7   1233.7 2020  3 20 11 54 38.000  0.00   1
   107621  40.506401 -124.502824    27.328   -22929.0    -4867.3     5900.9    858.4    991.0   1447.5 2020  3 20 22 28 21.200  0.00   1
   107622  40.505400 -124.503182    27.394   -22959.5    -4978.4     5967.0    792.9    946.4   1410.7 2020  3 21 20 18  7.640  0.00   1
   107623  40.505412 -124.503320    27.437   -22971.2    -4977.1     6009.3    878.8   1050.3   1513.4 2020  3 21 19  0  1.520  0.00   1
   107626  40.505444 -124.506120    27.262   -23208.4    -4973.5     5834.5    915.6    819.9   1267.9 2020  4 18 11  0 19.100  0.00   1
   107627  40.503589 -124.503459    27.667   -22983.2    -5179.5     6239.5    850.7   1113.8   1279.5 2020  4 29 15  5 11.240  0.00   1
   107635  40.506136 -124.502743    27.427   -22922.1    -4896.6     5999.8    852.1    997.5   1450.6 2021  6 23  5 14 47.320  0.00   1
   107636  40.506120 -124.502816    27.347   -22928.3    -4898.4     5920.0    866.9   1047.4   1446.2 2021  6 27 15 30 22.300  0.00   1
   107638  40.505554 -124.503605    27.230   -22995.3    -4961.3     5802.6    954.5   1045.7   1473.3 2021  8 29 17 32  5.980  0.00   1
   107639  40.503475 -124.505452    27.148   -23152.2    -5192.1     5720.6   1021.2   1387.8   1411.6 2021  9  1  5  5 36.660  0.00   1
   107641  40.506181 -124.502775    27.343   -22924.9    -4891.7     5915.3    875.9   1056.4   1452.1 2021 10  7 19  8 24.060  0.00   1
   107644  40.505184 -124.501831    27.472   -22845.0    -5002.4     6044.9    895.6   1068.6   1534.4 2021 10 30 23 40 23.100  0.00   1
   107645  40.505522 -124.506030    27.252   -23200.8    -4964.9     5824.6    923.9    817.0   1268.7 2021 11 20  8 44 57.940  0.00   1
   107648  40.506034 -124.502897    27.348   -22935.2    -4907.9     5920.8    851.2   1031.4   1437.4 2021 12 18  8 55  3.900  0.00   1
   107651  40.505241 -124.503841    27.218   -23015.3    -4996.0     5791.1    908.3   1078.6   1100.6 2022  1 12 11 34 59.600  0.00   1
   107654  40.505806 -124.502401    27.640   -22893.2    -4933.2     6212.4    928.4   1094.5   1588.0 2022  4 13 23 57 43.640  0.00   1
   107655  40.504183 -124.501790    27.325   -22841.8    -5113.5     5897.3   1034.0    907.6   1515.0 2022  7 29 16 38  2.820  0.00   1
   107656  40.505282 -124.504118    27.433   -23038.8    -4991.5     6006.2    847.0   1078.0   1291.3 2022  8 10  2 25 35.080  0.00   1
   107657  40.505566 -124.505965    27.251   -23195.3    -4959.9     5823.9    930.0    829.8   1277.6 2022  8 23  6 57 35.860  0.00   1
   107661  40.506030 -124.503735    27.267   -23006.2    -4908.4     5839.4    785.0    883.7   1230.4 2022 10 16 17  6 16.580  0.00   1
   107662  40.505754 -124.503947    27.322   -23024.2    -4939.1     5894.5    785.7    971.7   1392.7 2022 10 16 21 31  2.740  0.00   1
   107663  40.505733 -124.503955    27.323   -23024.9    -4941.4     5896.2    785.3    982.6   1394.7 2022 10 16 17  0 17.060  0.00   1
   107664  40.523486 -124.393970    23.561   -13703.8    -2970.0     2134.0    870.0    926.8    835.6 2020  3 13 19 20 41.280  0.00   1
   107680  40.565181 -124.014421    22.528    18446.4     1660.1     1101.1    976.4    537.7    862.8 2020  4 27  3 46 18.440  0.00   1
   107683  40.565267 -124.013713    22.484    18506.4     1669.6     1056.3    768.3    507.9    605.5 2020 11 11 11 22 54.400  0.00   1
   107687  40.564486 -124.010384    22.509    18788.4     1582.8     1081.8    943.8    665.8    584.6 2021 12 25 23  5 26.280  0.00   1
   107808  40.550244 -124.195898    28.373     3076.5        1.4     6946.2   1498.8    732.5    926.6 2020  3 18 22 58 40.420  0.00   1
   107818  40.468009 -123.825863    23.349    34441.1    -9130.4     1921.6    753.8    886.1    831.9 2021  1 21 21  8 56.860  0.00   1
   107819  40.468730 -123.825773    23.337    34448.5    -9050.5     1910.1    885.6    923.7    623.0 2021  1 24 19 45 59.820  0.00   1
   107820  40.468933 -123.825806    23.366    34445.7    -9027.9     1938.6    906.3    711.8    589.8 2022  1 24 23 34 18.900  0.00   1
   107822  40.467090 -123.824666    23.001    34542.8    -9232.5     1574.0    793.7   1307.8    991.5 2022  9 20 16  0 37.520  0.00   1
   107823  40.468168 -123.826115    23.335    34419.7    -9112.8     1907.7    806.5    905.2    678.6 2022 11 20 17  4 54.300  0.00   1
   107825  40.517948 -124.418612    19.534   -15792.1    -3584.9    -1893.1    552.5    703.0    887.5 2020  3 18 23 32 29.300  0.00   1
   107844  40.621981 -124.318962    17.997    -7343.6     7967.4    -3430.7    766.1    659.5   2392.4 2020  3 18  4 40 58.500  0.00   1
   107847  40.621908 -124.318913    18.021    -7339.5     7959.2    -3405.8    779.5    655.0   2419.6 2022  1 23 16 30 25.180  0.00   1
   107849  40.621802 -124.318807    17.951    -7330.6     7947.5    -3476.2    768.6    657.3   2390.8 2022 10 21 10 46 28.380  0.00   1
   107887  40.579553 -124.428963    22.293   -16661.6     3256.0      866.2   1024.4    810.5   1589.9 2020  7 13 13  8 40.060  0.00   1
   107888  40.576860 -124.431730    23.529   -16896.2     2956.9     2101.3   1174.8    728.6   1939.4 2020  8 15  3 41 44.920  0.00   1
   107890  40.577417 -124.431201    23.784   -16851.3     3018.8     2357.0   1207.2    758.6   1965.6 2021  8  9 17  8 53.000  0.00   1
   107891  40.578451 -124.430924    23.758   -16827.8     3133.5     2330.4   1160.3    881.0   1867.1 2021  8 11  0 58 47.400  0.00   1
   107895  40.577873 -124.433439    22.521   -17040.8     3069.4     1093.7   1348.3    859.4   1829.5 2022  9  4 19 13 25.340  0.00   1
   107928  40.589823 -124.440137    22.293   -17606.5     4396.5      866.2   1276.7   1451.1   1366.8 2020  7 22  0 55 19.100  0.00   1
   107930  40.608521 -124.447876    22.181   -18259.3     6472.7      753.5   1106.0   1060.3   1876.5 2021 12 13  1 46 42.200  0.00   1
   107964  40.528935 -124.402572    17.696   -14432.0    -2365.0    -3730.8    537.2    688.6   1312.0 2021 11 14  0  8  4.400  0.00   1
   107965  40.529919 -124.402189    17.579   -14399.5    -2255.6    -3848.1    480.6    647.8   1308.1 2021 12 21 22 13 12.300  0.00   1
   107971  40.531453 -124.401937    17.223   -14377.9    -2085.3    -4204.1    825.8    843.1   1333.1 2022 10  9 19  5  2.280  0.00   1
   107978  40.530440 -124.425277    26.623   -16355.3    -2197.8     5195.3    645.6    771.0   1147.9 2021  4 15  8 56 41.520  0.00   1
   107980  40.527344 -124.426131    27.166   -16428.1    -2541.6     5738.8    881.8    931.4   1202.0 2021  8  4 18 58 46.060  0.00   1
   107981  40.526872 -124.425195    26.738   -16348.8    -2594.0     5310.7    896.0    815.6   1432.3 2021  8 21 16 23 33.700  0.00   1
   107983  40.527409 -124.423861    26.756   -16235.7    -2534.4     5329.2    896.5    810.3   1138.7 2021 11  3  7 32 49.840  0.00   1
   107984  40.525663 -124.427515    26.670   -16545.5    -2728.2     5242.3    816.4    818.9   1353.8 2021 12  3 10 42 13.240  0.00   1
   107988  40.528841 -124.426270    26.230   -16439.6    -2375.3     4802.9    942.6    777.4   1254.4 2022  2 13 11 20 53.200  0.00   1
   107989  40.528280 -124.424561    26.719   -16294.9    -2437.7     5291.5   1002.8    872.4   1182.1 2022  4 26 22 35 44.360  0.00   1
   107990  40.527979 -124.428174    26.741   -16601.0    -2471.1     5313.7    819.2    810.8   1156.8 2022  8 18  8 41 53.440  0.00   1
   107991  40.528589 -124.426774    26.803   -16482.4    -2403.4     5376.1    765.9   1065.1   1158.2 2022 11  8  8 40 30.120  0.00   1
   107992  40.530131 -123.976595    20.582    21655.7    -2232.1     -844.9    767.7    656.8    775.9 2020  3 19 15 51  1.740  0.00   1
   107998  40.529749 -123.977726    20.632    21559.9    -2274.6     -795.0    573.0    616.4    689.3 2022  1 22 10 34 20.100  0.00   1
   107999  40.531657 -123.979240    20.661    21431.4    -2062.7     -766.1    606.4    686.1    724.2 2022  2 15  1 12 31.400  0.00   1
   108057  40.439437 -124.431234    20.755   -16871.3   -12303.3     -672.6   1296.3   1483.8   1318.9 2021 12  5 19 24 48.900  0.00   1
   108061  40.448551 -124.415576    20.892   -15542.9   -11291.2     -535.2   1169.0   1083.0   1251.2 2022  9 23 15 56 33.080  0.00   1
   108062  40.463403 -124.408089    20.921   -14906.6    -9641.9     -506.1   1544.0   1830.7   1288.8 2022  9 28 23  9 12.340  0.00   1
   108063  40.572843 -124.347493    28.276    -9762.7     2510.9     6848.3   1210.4    771.7   1260.9 2020  3 20  8 49 18.520  0.00   1
   108064  40.576636 -124.344214    27.323    -9484.7     2932.0     5895.7    901.2    943.4   1283.0 2021 10 17  9 59  8.260  0.00   1
   108067  40.541797 -124.402425    28.726   -14418.2     -936.7     7298.9    978.6    747.9   1179.3 2021 11  3 11  8 47.100  0.00   1
   108068  40.539140 -124.404395    28.799   -14585.3    -1231.7     7371.3   1062.0    950.0   1004.1 2021 11  3  4 10 39.340  0.00   1
   108070  40.541142 -124.402743    28.707   -14445.1    -1009.4     7280.0   1042.8    750.6   1159.2 2021 12 20 21 58 50.200  0.00   1
   108071  40.541227 -124.403605    28.908   -14518.2     -999.9     7480.6    955.2    793.0   1038.0 2022  1  6 19 21 44.640  0.00   1
   108073  40.614404 -123.957129    20.177    23290.2     7126.0    -1250.0    943.8    739.3   1491.9 2020  9 26  5 11 46.240  0.00   1
   108076  40.614709 -123.955216    19.846    23452.1     7159.9    -1581.4   1232.4   1021.4   1294.5 2021 10 28  3 17 37.200  0.00   1
   108082  40.614681 -123.955306    19.924    23444.5     7156.8    -1503.6   1238.3   1025.3   1295.6 2022  4 23 20  0 10.440  0.00   1
   108083  40.616138 -123.954110    19.658    23545.6     7318.5    -1769.7    840.6    714.4   1259.2 2022  6 17 14 38  4.080  0.00   1
   108103  40.546195 -124.241276    23.394     -767.2     -448.2     1967.1   1188.0    599.1    674.2 2020  3 24  7  2 14.780  0.00   1
   108105  40.548873 -124.248844    22.200    -1408.3     -150.9      773.2   1366.0    978.2   1285.3 2020 11 21  0 51 45.000  0.00   1
   108108  40.544763 -124.243717    23.357     -974.1     -607.3     1930.0   1295.7    645.0    797.1 2022 11 11 23  8  9.040  0.00   1
   108253  40.738554 -123.845443    20.882    32715.9    20912.3     -544.9   1220.9    921.3   2104.2 2020  3 28 12 19 52.180  0.00   1
   108254  40.740275 -123.849829    21.476    32344.5    21103.4       49.2   1331.5    827.2   1972.7 2020  9 14 17 47 56.900  0.00   1
   108256  40.485026 -124.453630    18.201   -18763.6    -7240.8    -3226.3    689.3    746.3    993.0 2020  3 29  2 10 37.820  0.00   1
   108258  40.479171 -124.458122    18.977   -19145.1    -7891.0    -2450.2    718.5    780.5   1278.5 2021 10  3  5 55  4.840  0.00   1
   108259  40.481018 -124.456608    18.710   -19016.6    -7685.9    -2717.3    612.4    816.3   1458.0 2021 11 19  6 49 32.480  0.00   1
   108344  40.524752 -124.417448    17.675   -15692.7    -2829.5    -3751.9   1147.9    889.0   1456.5 2022  6  5 23 40 24.620  0.00   1
   108357  40.567741 -124.096281    22.224    11513.0     1944.3      797.2    541.2    618.2    633.9 2021  2 21 19 35 38.660  0.00   1
   108358  40.567961 -124.096672    22.604    11479.9     1968.7     1176.5   1035.9    910.3    824.2 2021 10 31 11 18 33.720  0.00   1
   108359  40.566504 -124.099023    22.362    11280.9     1806.9      934.6   1051.6    557.6    545.4 2022  2  6  9 49 13.780  0.00   1
   108413  40.460734 -124.508626    25.375   -23428.5    -9938.3     3947.5    862.4   1245.2   1421.8 2020  4 13  9 58 32.960  0.00   1
   108414  40.467871 -124.505656    25.778   -23175.5    -9145.8     4350.6   1026.4   1297.6   1406.3 2020  8 28 23 50 45.120  0.00   1
   108415  40.466720 -124.505298    27.068   -23145.4    -9273.7     5640.8    820.9    975.6   1378.4 2020  9 24 22 17 36.960  0.00   1
   108416  40.461226 -124.507113    26.056   -23300.1    -9883.7     4629.0    682.8   1130.1   1601.0 2021  2  3  1 21 28.060  0.00   1
   108422  40.462024 -124.508203    26.023   -23392.4    -9795.1     4595.3    939.0   1113.6   1503.3 2021 11 29 21 27 26.620  0.00   1
   108424  40.459220 -124.507137    26.230   -23302.6   -10106.4     4803.2    750.8   1432.2   1544.1 2022  2 13  8 54 23.040  0.00   1
   108430  40.462240 -124.507463    25.929   -23329.6    -9771.1     4501.9    758.0   1123.2   1587.4 2022 11 14 21 27 40.840  0.00   1
   108460  40.615828 -124.096419    17.294    11497.2     7284.2    -4133.1    845.5    623.5   1385.7 2020  4 19 16  8 58.720  0.00   1
   108464  40.615991 -124.095557    18.469    11570.2     7302.3    -2957.9   1122.6    727.7   1178.6 2022  1 22 11 10 16.600  0.00   1
   108465  40.616549 -124.097388    17.975    11415.2     7364.2    -3452.1    846.9    766.1   1097.7 2022  1 29  6 14 29.780  0.00   1
   108466  40.582849 -124.321737    25.754    -7580.8     3622.0     4326.5   1770.7   1119.4   2758.4 2020  4 19 16 21  7.220  0.00   1
   108475  40.493750 -124.432690    26.718   -16988.0    -6272.1     5291.2    736.1   1086.5   1113.5 2020  8 21 16 41  2.020  0.00   1
   108479  40.500521 -124.429989    25.300   -16758.2    -5520.2     3873.0   1231.6   1043.9   1334.4 2021  9 26  7 21 14.820  0.00   1
   108490  40.642362 -123.987687    23.702    20698.8    10230.7     2274.4   1338.5   1034.0    873.0 2020  4 19  6 45 57.780  0.00   1
   108491  40.518262 -124.342651    18.374    -9356.4    -3550.1    -3052.8    687.9    863.2    820.5 2020  4 21 11 21 54.140  0.00   1
   108492  40.513717 -124.340894    18.881    -9207.8    -4054.9    -2546.3    649.2    728.6    847.9 2020  6 19  5 30 29.960  0.00   1
   108493  40.515731 -124.338306    18.663    -8988.4    -3831.2    -2763.9    614.0    696.4    697.7 2021  3 12  1 30 38.560  0.00   1
   108494  40.514754 -124.340112    19.015    -9141.5    -3939.6    -2412.5    734.4    565.0    909.3 2021  6 14 22 35  4.460  0.00   1
   108495  40.516541 -124.334806    18.570    -8691.8    -3741.3    -2857.1    838.2    829.6   1151.7 2021  6 14 21 36  2.260  0.00   1
   108496  40.511829 -124.339437    18.884    -9084.5    -4264.5    -2543.6    958.7    916.9   1250.8 2021  6 14 21 44 45.960  0.00   1
   108497  40.514734 -124.340682    18.981    -9189.8    -3941.9    -2446.0    670.9    569.1    869.9 2021  6 15  9 44 20.640  0.00   1
   108498  40.516650 -124.338477    18.701    -9002.8    -3729.1    -2726.7    535.1    767.6    717.2 2021  6 15  8 53  6.160  0.00   1
   108499  40.516260 -124.340340    18.573    -9160.7    -3772.5    -2853.8    680.9    765.0    655.9 2021  6 15  9 30  2.180  0.00   1
   108500  40.516528 -124.340129    18.620    -9142.8    -3742.6    -2807.5    521.1    693.8    623.9 2021  6 15  9 15  5.520  0.00   1
   108501  40.516036 -124.337980    18.770    -8960.8    -3797.3    -2657.6    634.7    729.8    773.2 2021 12 11  4 20 38.740  0.00   1
   108566  40.630200 -124.058765    29.872    14683.6     8880.1     8445.2   5183.0   1544.4   2411.3 2020  5  5 15 41 19.740  0.00   1
   108569  40.508586 -124.490731    24.320   -21903.9    -4624.6     2893.1    645.0    738.2   1412.7 2020  5  6  2 15 26.660  0.00   1
   108570  40.507463 -124.490723    25.195   -21903.4    -4749.3     3768.3    673.0    762.1   1342.7 2021  7 27  7 34 24.040  0.00   1
   108571  40.607304 -124.089233    17.717    12106.4     6337.6    -3709.9   1046.0    781.7   1001.5 2020  5  9 23 48 21.420  0.00   1
   108578  40.489880 -124.498722    15.916   -22584.2    -6701.8    -5511.5    851.9    953.9   1824.0 2022  3 19 17 38 45.720  0.00   1
   108600  40.553186 -124.257389    25.272    -2132.0      328.0     3844.9   1060.7    691.4   1347.7 2020  8  8  3  7 36.200  0.00   1
   108601  40.546745 -124.261393    26.015    -2471.3     -387.2     4588.2    930.6    784.1    922.8 2021  7 18  8 37 44.140  0.00   1
   108604  40.548462 -124.258097    25.441    -2192.1     -196.6     4014.2   1091.5    515.7   1041.1 2022  6 14  4 29 40.760  0.00   1
   108605  40.552462 -124.236727    24.771     -381.9      247.6     3344.1   1496.6    662.3   1301.8 2022  6 29  2 18 33.580  0.00   1
   108609  40.532336 -124.342472    18.223    -9340.2    -1987.2    -3204.7    547.8    527.9    881.8 2020  5 21  5 49 36.720  0.00   1
   108610  40.532340 -124.342480    18.221    -9340.9    -1986.8    -3206.7    547.3    530.5    878.9 2020  5 21  6  0 18.060  0.00   1
   108611  40.539095 -124.336890    16.834    -8866.9    -1236.7    -4593.3    780.1    725.2    666.6 2020  5 21  5 49 32.040  0.00   1
   108616  40.529451 -124.404305    18.581   -14578.8    -2307.6    -2846.7    747.8    968.8    841.8 2020  5 27 17 28 46.460  0.00   1
   108617  40.531714 -124.401473    17.711   -14338.6    -2056.3    -3716.0    537.2    606.6    811.1 2021 12 21  9 14 12.320  0.00   1
   108618  40.523092 -124.411613    18.734   -15198.6    -3013.8    -2692.9    596.3    672.1    848.0 2020  5 29  3 10 10.980  0.00   1
   108624  40.521908 -124.335645    18.898    -8762.5    -3145.3    -2529.4    661.2    960.1    972.6 2020  6  1 23 58 17.820  0.00   1
   108625  40.519515 -124.333700    19.426    -8597.9    -3411.0    -2001.7    723.6    678.3   1018.1 2020  6 24  4 56 53.760  0.00   1
   108626  40.519511 -124.333708    19.433    -8598.6    -3411.4    -1994.1    723.1    680.9   1019.1 2020  6 25 13  0 35.620  0.00   1
   108655  40.578585 -124.190894    19.008     3499.7     3148.5    -2418.8   1033.1    424.2    854.4 2021 10 12  3 27 25.740  0.00   1
   108724  40.625728 -123.927376    20.596    25807.1     8383.5     -830.8    815.1    743.2   1678.2 2020  6 14 11 45 45.620  0.00   1
   108732  40.615702 -123.923039    18.811    26176.2     7270.2    -2616.5   1257.3   1633.7   1485.1 2022 10 13 19 35 55.660  0.00   1
   108757  40.541878 -124.051904    20.240    15274.4     -927.6    -1186.8    831.5    658.4    599.9 2020  6 14 14 58 40.620  0.00   1
   108758  40.539262 -124.049528    20.185    15476.0    -1218.2    -1242.6    950.9    631.1    657.9 2021  3  4 22 22 58.560  0.00   1
   108759  40.537695 -124.039543    20.258    16322.0    -1392.1    -1169.1    839.9    532.2    805.1 2022  2 22 19 27 13.320  0.00   1
   108760  40.538094 -124.040731    20.103    16221.3    -1347.9    -1324.6    777.7    491.3    639.3 2022  3 14  4  0 41.420  0.00   1
   108761  40.537821 -124.043148    20.089    16016.6    -1378.1    -1338.7    688.5    517.4    763.3 2022  4  7 13 29 19.080  0.00   1
   108768  40.615381 -124.089111    18.700    12116.0     7234.5    -2726.8   1462.8    757.8    771.8 2020 12 14 11 30 35.940  0.00   1
   108775  40.500785 -123.885807    21.255    29353.3    -5490.8     -171.9   1710.5   1570.7   1050.8 2021  3 12  6 12 15.860  0.00   1
   108778  40.506958 -123.897290    21.563    28379.1    -4805.4      135.5   1440.8   1716.3    643.7 2021 10  5  6 18 43.140  0.00   1
   108780  40.507060 -123.897347    21.553    28374.2    -4794.1      125.5   1439.9   1715.3    643.0 2021 10  6 16 45 29.740  0.00   1
   108782  40.506970 -123.897306    21.553    28377.7    -4804.0      125.4   1440.1   1717.7    641.2 2021 10  6 17 13 28.040  0.00   1
   108784  40.509867 -123.898568    21.444    28270.2    -4482.3       16.9   1557.2   1588.4   1031.0 2021 10  6 18 40 27.620  0.00   1
   108785  40.506921 -123.897184    21.555    28388.0    -4809.4      127.7   1441.3   1718.1    641.4 2021 10  6 19 49 19.280  0.00   1
   108789  40.507308 -123.897477    21.560    28363.1    -4766.5      132.5   1440.9   1705.3    657.6 2021 10  6 11 42 23.740  0.00   1
   108794  40.507068 -123.897184    21.550    28388.0    -4793.2      122.4   1441.5   1715.5    642.6 2021 10  9 19 44 44.220  0.00   1
   108797  40.503068 -123.895361    21.617    28543.3    -5237.3      189.8    976.8   1240.0    723.9 2021 10 10 14 55 46.020  0.00   1
   108839  40.500354 -124.441268    24.419   -17714.0    -5538.7     2991.8    854.7    852.6   1391.7 2021  4  7 10 38 50.740  0.00   1
   108840  40.500887 -124.441650    24.221   -17746.3    -5479.5     2793.7    838.4    820.2   1361.9 2021 11  7  2 42 54.760  0.00   1
   108860  40.628044 -123.924609    21.122    26040.9     8640.6     -305.1    852.2    693.6    976.0 2020  7  8 15  4 51.000  0.00   1
   108864  40.607694 -123.886597    26.051    29263.3     6381.0     4623.5    786.1    775.2   1343.0 2020  7 12  6 10  9.180  0.00   1
   108865  40.608236 -123.884709    25.867    29423.0     6441.0     4440.0    763.7    735.1   1314.1 2021  7 25  9 12 32.240  0.00   1
   108866  40.608435 -123.885913    25.625    29321.0     6463.2     4198.2    840.7    752.5   1503.9 2022  9 20 20 35 29.800  0.00   1
   108897  40.601392 -124.111711    17.226    10203.7     5681.0    -4201.3   1355.9    974.0   1225.3 2020  7 21  9 58 36.880  0.00   1
   108901  40.604924 -124.110457    17.836    10309.5     6073.2    -3591.5    971.7    741.1   1354.3 2020  7 28 10 54 20.520  0.00   1
   108918  40.644666 -124.018937    18.682    18053.2    10486.4    -2744.9   1025.1    421.2    823.6 2020  8 14  7 59 14.720  0.00   1
   108919  40.644779 -124.015218    18.695    18368.0    10499.1    -2732.2   1043.9    480.0    946.0 2020  8 14  7 29 17.360  0.00   1
   108921  40.645162 -124.016650    18.331    18246.7    10541.5    -3096.0    991.5    560.3   1106.5 2021 11 16 18 50  1.700  0.00   1
   108922  40.603483 -124.104248    20.793    10835.4     5913.3     -634.4   1234.4    927.1   1231.2 2020  8 17 22 44  9.820  0.00   1
   108923  40.603605 -124.103866    20.758    10867.8     5926.8     -669.0   1237.3    912.3   1229.2 2020  8 17 22 37  2.940  0.00   1
   108925  40.606897 -124.112150    20.342    10166.1     6292.4    -1085.7    836.0    655.7    940.3 2021  6 29  5 32 28.020  0.00   1
   108926  40.603247 -124.118636    20.828     9617.2     5887.1     -599.7   1208.9    621.9    997.8 2021  9  2  7  3 32.740  0.00   1
   108956  40.533626 -124.248348    18.813    -1366.4    -1844.0    -2613.8    699.1    509.9    816.7 2020  8 19  9 20 36.680  0.00   1
   108957  40.534432 -124.248169    18.500    -1351.2    -1754.5    -2926.8    774.4    576.9    730.3 2021  7 30  7  1 16.480  0.00   1
   108959  40.535738 -124.248568    18.483    -1385.0    -1609.5    -2944.3    701.0    639.9    743.2 2022  9 20 20 46 19.020  0.00   1
   108974  40.607707 -124.214819    24.182     1473.2     6382.3     2754.6   1473.7    667.7   1105.1 2021  6  2  8  1  4.060  0.00   1
   108976  40.608801 -124.223983    24.187      697.3     6503.9     2759.9   1568.0    852.1   1223.3 2021  8  2  1 42 32.520  0.00   1
   108977  40.607495 -124.220280    25.123     1010.8     6358.8     3695.5   1223.5    953.2    969.9 2021  9 27 13 54 30.160  0.00   1
   108978  40.607422 -124.220166    25.061     1020.5     6350.7     3634.1   1225.9    954.1    977.9 2021 11 19  5 14  6.980  0.00   1
   108988  40.606523 -124.054297    23.125    15064.5     6250.8     1698.1   1194.9    688.4    805.8 2021  9 19  2 30 15.040  0.00   1
   108995  40.563957 -123.935352    21.798    25143.4     1524.1      370.4    660.1    653.9    810.6 2020  9  7  3  4 36.280  0.00   1
   108998  40.564193 -123.934562    21.763    25210.2     1550.3      335.6    659.0    575.0    762.9 2020 11 23  2 17 29.880  0.00   1
   108999  40.563806 -123.935465    21.760    25133.8     1507.4      332.7    675.2    533.6    676.0 2020 11 23  2 27  1.080  0.00   1
   109001  40.564844 -123.934863    21.748    25184.6     1622.6      320.9    765.9    502.3    819.8 2021  4 25  2 44 15.560  0.00   1
   109003  40.565275 -123.935734    21.850    25110.8     1670.5      422.9    641.1    576.1    789.1 2021  9 25  7 21 32.760  0.00   1
   109005  40.564006 -123.934269    21.750    25235.1     1529.5      322.6    618.2    549.7    695.4 2022  1 19 16 50 43.900  0.00   1
   109006  40.563835 -123.933822    21.764    25273.0     1510.5      336.9    550.4    488.5    669.4 2022  1 23  4 17 44.580  0.00   1
   109007  40.564001 -123.932528    21.669    25382.6     1529.0      241.6    685.2    624.2    675.9 2022  1 23 13 55 42.740  0.00   1
   109008  40.565230 -123.936051    21.789    25083.9     1665.5      362.2    601.6    596.6    792.9 2022  5 17 14 52 29.660  0.00   1
   109027  40.525378 -123.909904    20.652    27306.5    -2759.9     -774.8   1321.2   1060.0   1161.3 2020  9 12  9 10  3.360  0.00   1
   109029  40.525700 -123.909554    22.903    27336.1    -2724.2     1475.4    646.1    655.7   1141.3 2021 10 21 16 23 18.500  0.00   1
   109031  40.524736 -123.912679    20.794    27071.6    -2831.3     -633.2    536.0    648.0    763.0 2022  9 21 22  2  0.300  0.00   1
   109034  40.597555 -123.926799    24.866    25861.4     5255.0     3438.7    786.7   1224.4   1003.4 2021 10 16  0 56 17.260  0.00   1
   109035  40.598568 -123.918359    25.044    26575.8     5367.5     3616.3    851.7    758.5    894.5 2022  4  7  7 43 59.660  0.00   1
   109037  40.602291 -124.122054    18.548     9327.8     5780.9    -2879.2   1114.8    699.4    734.6 2021  8 28 10 22 15.280  0.00   1
   109040  40.536218 -124.053426    19.929    15146.1    -1556.2    -1498.1    645.5    387.2    644.6 2021  5  4 20 49 28.940  0.00   1
   109042  40.535958 -124.049927    19.772    15442.6    -1585.1    -1655.1    603.0    454.8    635.0 2021 12 10 18 19  3.380  0.00   1
   109047  40.660718 -123.884896    29.106    29395.7    12268.9     7678.6    954.0    921.3   1410.4 2022  7  7 10 16 42.560  0.00   1
   109051  40.583716 -124.066341    21.594    14047.1     3718.2      166.7   1026.2    681.5    754.5 2022 10 22  1 32  8.620  0.00   1
   109052  40.614343 -124.073381    18.342    13447.9     7119.3    -3085.6   2139.2    845.5   1759.4 2020  9 18  1 49 50.060  0.00   1
   109054  40.614742 -124.088818    18.085    12140.8     7163.5    -3342.6   1371.4    892.8    804.2 2021  8  3  7 25 29.060  0.00   1
   109057  40.613883 -124.070931    18.237    13655.3     7068.2    -3190.6   1144.4    903.0   1077.6 2021 11  1 20 23 11.500  0.00   1
   109058  40.615377 -124.081283    17.898    12778.8     7234.0    -3529.3   1195.3    783.1   1170.8 2022  7  2 18 54 53.920  0.00   1
   109059  40.614148 -124.078068    17.756    13051.1     7097.6    -3670.8   1106.1    722.4   1115.7 2022  7  5 10 26 16.440  0.00   1
   109060  40.609135 -124.075033    18.347    13308.5     6540.9    -3079.8   1011.1    499.0    912.3 2022  9 22  5 20 24.860  0.00   1
   109079  40.593404 -124.314689    22.413    -6983.4     4794.1      985.9    931.8    629.9   1010.9 2020  9 24  1 37  2.540  0.00   1
   109081  40.592928 -124.323234    21.286    -7707.0     4741.2     -140.8   1059.7    621.0   1023.7 2021  8  3  7 28  1.280  0.00   1
   109082  40.593315 -124.318929    21.887    -7342.4     4784.1      460.1   1109.0    648.3    989.1 2021  8  3  7 28 11.760  0.00   1
   109083  40.592013 -124.320386    21.733    -7465.9     4639.5      305.8    875.6    704.0   1456.1 2022  3 18 23 22 52.560  0.00   1
   109086  40.624874 -124.083683    19.323    12574.6     8288.6    -2103.2   1549.0   1027.5   1223.3 2020  9 29 20 57 21.240  0.00   1
   109088  40.589974 -124.094580    23.710    11655.2     4413.2     2282.7   1113.3    582.5   1252.7 2021  8  2  6  3 50.240  0.00   1
   109099  40.524536 -124.376904    17.288   -12257.9    -2853.4    -4139.0    853.4    482.3   1013.4 2022 11  3 21 25 34.920  0.00   1
   109112  40.571008 -123.935783    21.079    25105.6     2307.1     -348.5    771.9    505.2    834.2 2020 11 28  4 46 13.820  0.00   1
   109120  40.571777 -123.934554    20.969    25209.5     2392.5     -458.4    674.2    518.6    775.7 2021 10  7 15 37 20.960  0.00   1
   109123  40.571452 -123.933838    20.762    25270.2     2356.4     -665.3    672.2    693.7   1046.7 2021 10  7 10 58 29.020  0.00   1
   109127  40.571781 -123.934530    20.966    25211.6     2393.0     -460.9    674.6    517.1    779.2 2021 10  9 15  2 48.760  0.00   1
   109129  40.522705 -124.429492    19.641   -16713.4    -3056.7    -1786.3    426.1    689.9    696.9 2020 10 11 16 54  4.900  0.00   1
   109133  40.641532 -124.029541    19.529    17156.1    10138.5    -1898.2    763.9    720.9    740.7 2020 10 20  3 57  2.000  0.00   1
   109186  40.664189 -123.908057    23.635    27434.8    12654.4     2208.2   1042.3    982.4   1189.4 2020 11 10  7 29 44.140  0.00   1
   109189  40.670658 -123.913761    21.832    26950.7    13372.8      404.9   1108.1    581.5   1384.0 2021  5 13  9 32 24.180  0.00   1
   109190  40.669853 -123.916650    22.436    26706.3    13283.3     1009.0   1034.9    699.9   1625.4 2022  6 25  8 45  6.260  0.00   1
   109416  40.604773 -123.953337    21.035    23613.0     6056.5     -392.1    968.5    837.0   2164.8 2020 11 28  4 41 25.020  0.00   1
   109417  40.604753 -123.953125    21.002    23630.9     6054.3     -425.0    969.6    837.6   2182.6 2020 11 28  4 28 30.560  0.00   1
   109418  40.603512 -123.953532    21.444    23596.7     5916.5       16.6   1039.0    878.4   2188.8 2021  3 28 11 21 31.120  0.00   1
   109420  40.598348 -123.923796    20.734    26115.5     5343.1     -693.4   1008.8    643.1   1210.9 2020 12  7 19  3 16.040  0.00   1
   109421  40.600354 -123.927547    20.734    25797.5     5565.8     -692.9   1045.2   1023.5   1362.8 2020 12  7 19  5 36.340  0.00   1
   109427  40.593241 -123.900464    26.645    28092.2     4776.0     5218.2   1042.9    891.3   1006.4 2020 11 29  9 45 15.600  0.00   1
   109428  40.589620 -123.902368    26.841    27931.7     4373.9     5413.5    907.5   1326.0    884.2 2021  1 19 12 58 57.580  0.00   1
   109430  40.595585 -123.902425    26.464    27925.6     5036.3     5036.3    952.9    732.0    856.9 2022  3 18  0  7 21.100  0.00   1
   109436  40.612073 -124.097510    14.358    11405.2     6867.1    -7068.8   1684.2   1147.9   1147.8 2020 12  1 11 36 42.680  0.00   1
   109448  40.562024 -124.017814    22.352    18159.4     1309.4      924.9    661.8    543.4    766.9 2022  1 19 22 27 40.720  0.00   1
   109451  40.562455 -124.017855    22.168    18155.9     1357.3      740.5    653.1    586.5    653.7 2022  6  9  2 12 47.440  0.00   1
   109453  40.561857 -124.017676    22.187    18171.2     1290.9      759.4    757.2    521.0    662.8 2022 11 22  5  9 14.600  0.00   1
   109457  40.582776 -124.189128    22.523     3649.1     3613.9     1096.0   1101.1    724.8    867.4 2022 11 20 16 58  8.260  0.00   1
   109458  40.548767 -123.880322    21.878    29807.5     -162.7      450.3    913.6    865.3   1144.0 2020 12 19 19 50 56.380  0.00   1
   109460  40.601587 -124.238143    26.461     -501.6     5702.7     5034.0   1233.7   1347.7   1748.4 2021  2 11 13 50 26.620  0.00   1
   109461  40.602726 -124.112630    16.592    10125.7     5829.3    -4834.8    956.1    767.6    855.8 2021  1  4  6 14 34.600  0.00   1
   109483  40.518176 -124.474251    15.819   -20506.2    -3559.6    -5608.0    787.6   1320.3   3278.0 2021  1 13 19 34 16.280  0.00   1
   109484  40.517143 -124.474642    21.046   -20539.4    -3674.4     -381.3    702.0   1151.7   2134.0 2021  2 12 14 58  6.120  0.00   1
   109485  40.515959 -124.466235    26.206   -19827.3    -3805.9     4779.2   1069.4   1242.2   1971.9 2022  6  3  7 37 13.740  0.00   1
   109491  40.552633 -124.050448    23.253    15396.5      266.6     1825.3   1184.7    447.5    666.2 2022 11 12 22 18 21.100  0.00   1
   109493  40.577450 -124.217936    19.252     1209.5     3022.4    -2175.4   1138.7    447.6    954.0 2021 12 30 20 43 22.380  0.00   1
   109498  40.582699 -124.146452    22.731     7263.1     3605.3     1303.8    756.6    524.8    634.1 2022  3 29  0 35 16.680  0.00   1
   109534  40.647685 -124.005770    18.512    19167.4    10821.7    -2915.3   1275.7    586.5    829.9 2021  3  6  9 15 31.140  0.00   1
   109535  40.649699 -124.020304    18.523    17936.8    11045.3    -2904.6   1113.2    802.6   1183.2 2021  3  6  9 16 35.960  0.00   1
   109542  40.538595 -123.901481    22.730    28017.4    -1292.3     1302.7    893.6    735.3    620.3 2021  3 19 20 18 50.400  0.00   1
   109543  40.538639 -123.900106    22.695    28133.9    -1287.3     1267.7    722.0    833.3    717.5 2021  7 28 11 59  6.040  0.00   1
   109544  40.538188 -123.901042    22.642    28054.7    -1337.5     1214.8    672.0    608.3    655.7 2021 11  2 15 33 30.400  0.00   1
   109546  40.533569 -123.903760    22.701    27825.4    -1850.3     1273.5    965.0   1034.4    953.9 2022  2  8 20 52 37.700  0.00   1
   109547  40.539266 -123.901245    22.602    28037.2    -1217.7     1174.7    657.0    681.1    598.1 2022  5 16 12 51  7.720  0.00   1
   109550  40.562439 -123.970426    23.505    22173.0     1355.5     2078.2    888.3    716.9    857.1 2021 10 14 12 55 59.780  0.00   1
   109551  40.562565 -123.969906    23.541    22217.1     1369.5     2113.4    791.7    583.5    604.7 2021 10 18 11 26 36.900  0.00   1
   109560  40.574760 -124.413770    26.287   -15375.4     2723.7     4860.0    800.8    797.1   3363.2 2021  4 22 19 58  9.520  0.00   1
   109562  40.574829 -124.415641    23.972   -15533.9     2731.4     2544.3    885.8    729.9   3785.3 2021 10  1 17 28 56.900  0.00   1
   109563  40.574386 -124.419743    20.960   -15881.3     2682.2     -467.0   1026.3   1002.4   3588.0 2022  6  6  8 33 56.500  0.00   1
   109585  40.703666 -123.975244    21.517    21742.1    17038.2       89.4    994.3    767.6    804.0 2021 12  9  6 38 26.640  0.00   1
   109586  40.606197 -123.814079    26.008    35403.6     6214.7     4580.6    975.1    841.3   1667.3 2021  4 25 12  4 20.500  0.00   1
   109587  40.514201 -124.438094    17.916   -17443.3    -4001.1    -3511.6    546.4    566.7   1110.3 2021  4 26 14 34  7.560  0.00   1
   109588  40.533712 -124.402686    17.879   -14441.1    -1834.5    -3548.5    625.8    643.9   1369.5 2021  4 30  5 48 15.420  0.00   1
   109590  40.591296 -124.007275    22.110    19047.9     4560.0      682.4    915.0    590.8    780.9 2021  5  1  6 40  3.120  0.00   1
   109592  40.564827 -124.018140    22.412    18131.5     1620.8      984.9    640.6    457.8    655.2 2022  3 10 22 12 16.660  0.00   1
   109593  40.584257 -124.191089    26.256     3483.0     3778.3     4828.7   1877.8    739.0   1583.3 2021  5 25 13 41 14.420  0.00   1
   109638  40.578292 -123.957170    23.670    23293.0     3115.9     2242.8   1096.3    880.0    754.8 2021  6  5 11 28 29.860  0.00   1
   109639  40.573979 -123.946118    23.409    24229.7     2637.0     1981.7    787.9    729.6    615.4 2022  2 26  5 28  3.880  0.00   1
   109640  40.551591 -123.971077    20.823    22119.6      150.9     -604.5    593.8    540.6    702.3 2021  6 14 23  5 14.620  0.00   1
   109641  40.551742 -123.971997    20.871    22041.7      167.6     -556.2    701.6    561.3    728.2 2021  6 15  4  8 20.200  0.00   1
   109643  40.551518 -123.971558    20.838    22078.9      142.8     -588.8    664.8    531.2    648.7 2021  6 15  2 15 10.680  0.00   1
   109645  40.551506 -123.971509    20.843    22083.1      141.4     -584.1    660.5    529.3    643.4 2021  9 21 16 59  7.260  0.00   1
   109646  40.552002 -123.971370    20.777    22094.7      196.6     -650.3    588.0    565.9    740.7 2022  8 19 22 15 53.220  0.00   1
   109647  40.552010 -123.971354    20.776    22096.1      197.5     -651.6    589.7    567.8    741.2 2022  9 26 14 46 33.600  0.00   1
   109649  40.488326 -124.507178    16.202   -23301.0    -6874.4    -5225.5    897.9    881.9   1552.5 2022  9 18  8 29  6.480  0.00   1
   109653  40.601754 -124.333455    18.942    -8572.0     5721.3    -2484.9    993.0    546.8   1813.9 2021  6 26 23 51 53.520  0.00   1
   109656  40.603044 -124.309920    17.866    -6579.1     5864.5    -3561.0    908.2    416.8   1341.8 2021  7  7 21  8 20.520  0.00   1
   109661  40.601668 -124.329500    19.015    -8237.1     5711.8    -2412.4    808.1    553.9   1874.1 2022 11 27 17  4 31.920  0.00   1
   109701  40.533834 -124.345190    18.126    -9570.4    -1820.9    -3300.9    612.4    488.1    721.1 2021  7  9 20  8 44.560  0.00   1
   109707  40.704972 -123.934741    23.009    25168.8    17183.2     1581.3    901.4    798.8   1076.4 2021  7 21  1 57 33.440  0.00   1
   109708  40.707446 -123.943791    22.551    24402.7    17457.9     1123.3   1036.5    646.9    890.8 2022  8 13 12 33 41.180  0.00   1
   109709  40.707471 -123.943685    22.549    24411.6    17460.6     1122.2   1033.7    645.0    888.2 2022  8 13 13  7 15.920  0.00   1
   109710  40.482690 -124.402897    19.413   -14464.5    -7500.2    -2014.2    650.4    678.4    952.1 2021  7 21  6 27  7.140  0.00   1
   109714  40.518302 -124.433724    17.514   -17072.5    -3545.6    -3913.0    434.7    568.5    705.6 2021  7 22  8 29 59.260  0.00   1
   109718  40.509615 -124.441431    18.472   -17726.6    -4510.3    -2955.7    726.5    722.1   1012.1 2022  4  3 19 26 32.500  0.00   1
   109728  40.639164 -123.915210    21.137    26834.4     9875.5     -289.9    872.6    662.3   1550.1 2021 10 28 17 29 28.460  0.00   1
   109729  40.639429 -123.916040    21.159    26764.0     9904.9     -268.1    754.6    576.7    929.0 2021 10 28 20 25 38.640  0.00   1
   109732  40.505164 -124.460539    18.762   -19346.2    -5004.6    -2664.9    855.9    858.6    812.5 2021  8  5  5 11 35.000  0.00   1
   109733  40.507349 -124.457275    19.550   -19069.4    -4762.0    -1877.0    508.8    646.6   1095.1 2021 12 18  9  2 20.600  0.00   1
   109734  40.505204 -124.458472    19.348   -19171.1    -5000.1    -2079.6    570.0    767.3    968.6 2021 12 21 16 46 40.580  0.00   1
   109740  40.526554 -124.369149    25.668   -11600.7    -2629.3     4240.9   1197.3    898.3   1040.8 2021 12 25  9  3 58.480  0.00   1
   109741  40.527177 -124.369124    25.579   -11598.5    -2560.2     4151.3   1307.4    857.4   1191.4 2022  8 24 18 28  5.620  0.00   1
   109742  40.636873 -124.040771    19.629    16206.0     9621.1    -1798.0   1315.6    544.3   1685.3 2021  8 23  5 51 36.160  0.00   1
   109744  40.521411 -123.780990    21.854    38229.3    -3200.4      427.2    867.7   1297.8   1111.5 2021  8 29 12 47 11.520  0.00   1
   109745  40.519633 -123.781193    22.218    38212.6    -3397.9      790.3    619.6    824.3   1142.7 2022  1  7 12 47 18.900  0.00   1
   109758  40.551375 -124.229159    17.361      259.2      127.0    -4066.1   1005.2    528.6   1035.5 2021  9 12 22 48 15.460  0.00   1
   109773  40.516418 -124.416040    18.449   -15574.4    -3754.8    -2978.2    536.6    674.4   1000.4 2021 12 23 10 30 50.600  0.00   1
   109775  40.575777 -124.215804    18.853     1390.1     2836.7    -2574.6    875.1    456.2    728.7 2021  9 23 19 33 34.900  0.00   1
   109779  40.524170 -124.342725    17.426    -9362.2    -2894.1    -4001.7   1714.7    634.0   1082.8 2021  9 30  4 43 34.000  0.00   1
   109788  40.511788 -123.883626    21.981    29535.7    -4269.0      553.3    702.1   1063.7    986.6 2021 10  7  4 45 50.940  0.00   1
   109789  40.511056 -123.879297    21.788    29902.7    -4350.4      361.2   1017.0    859.9    857.2 2021 10  7  5 44  8.100  0.00   1
   109791  40.511141 -123.880998    21.527    29758.6    -4340.9      100.2   1012.8    690.1    796.9 2021 10  9 15 14 13.920  0.00   1
   109792  40.509778 -123.884188    21.754    29488.6    -4492.2      327.0    910.9    619.6    838.0 2021 10  9 14 51  7.940  0.00   1
   109793  40.512191 -123.882658    21.531    29617.7    -4224.3      103.6    645.1    779.8    771.2 2021 10  9 19 19 22.180  0.00   1
   109794  40.512695 -123.880013    21.343    29841.7    -4168.3      -84.2    915.0    670.8    756.4 2021 10 16 14 55 23.500  0.00   1
   109795  40.511800 -123.881095    21.523    29750.2    -4267.7       96.1    778.3    697.6    761.3 2021 11  4 10 59  4.180  0.00   1
   109796  40.511312 -123.879631    21.367    29874.4    -4321.9      -60.5    849.8    656.3    773.9 2021 11  7  7 51 35.860  0.00   1
   109801  40.541113 -123.849577    22.557    32413.7    -1012.6     1129.3    863.5    855.4    904.3 2022  1 31 19 52 42.840  0.00   1
   109836  40.613757 -124.139315    18.808     7865.7     7054.2    -2619.1    917.9    480.9    818.5 2021 10 22 21  9 45.260  0.00   1
   109837  40.614937 -124.082031    19.390    12715.4     7185.2    -2036.8    990.8    587.9   1642.2 2021 10 31 13 10  3.600  0.00   1
   109838  40.560274 -123.955119    21.978    23469.8     1115.2      551.1    696.1    579.5   1001.5 2021 11  3 19 22 52.340  0.00   1
   109846  40.602437 -124.087118    16.488    12286.0     5797.2    -4939.0    969.7    829.9    911.3 2021 11 25 17 56 31.760  0.00   1
   109849  40.604631 -124.298787    18.852    -5636.4     6040.7    -2574.9   1300.1    433.0   1492.0 2021 11 29  9 17 10.340  0.00   1
   109852  40.523983 -124.432747    19.491   -16989.0    -2914.9    -1935.9    449.8    497.2    734.5 2022  1 18 10 25 37.780  0.00   1
   110087  40.587882 -124.212590    20.820     1662.2     4180.9     -607.1    631.5    490.7    860.8 2021 12 11 10 51 42.420  0.00   1
   110088  40.546928 -124.301221    18.083    -5845.0     -366.9    -3344.2   1243.0    691.7   1234.4 2021 12 20 23 40 19.580  0.00   1
   110091  40.547103 -124.300651    18.093    -5796.7     -347.5    -3334.4   1259.8    712.1   1255.9 2022  8 22 11 46 57.980  0.00   1
   110092  40.548531 -124.301432    17.885    -5862.8     -188.9    -3542.6   1106.6    632.5   1108.6 2022  8 22 11 19 44.520  0.00   1
   110093  40.548450 -124.299447    17.958    -5694.6     -197.9    -3468.8   1241.5    685.1   1243.4 2021 12 20 21 17 43.440  0.00   1
   110095  40.548458 -124.304525    18.424    -6124.8     -197.0    -3002.8   1147.5    441.7   1051.5 2022  7 14  2 59 53.060  0.00   1
   110120  40.518319 -124.424438    19.749   -16285.8    -3543.8    -1678.3    686.6    810.4    972.6 2021 12 20 20 29 25.860  0.00   1
   110127  40.578609 -124.228345    18.249      328.1     3151.2    -3177.8   1372.5   1015.0   1221.2 2021 12 20 20 15 20.340  0.00   1
   110128  40.548075 -124.297168    25.056    -5501.6     -239.5     3628.9   1048.1    904.5   1141.0 2021 12 20 20 31  1.340  0.00   1
   110129  40.516618 -124.440169    17.473   -17618.8    -3732.7    -3954.5    855.0    983.0   1481.3 2021 12 20 22 57 59.980  0.00   1
   110153  40.508183 -124.333944    17.789    -8619.3    -4669.4    -3638.6    673.5    783.9   1086.2 2021 12 21  3 28 34.100  0.00   1
   110154  40.508162 -124.332528    18.330    -8499.3    -4671.6    -3097.7    507.0    598.7    899.2 2021 12 23  6 55 41.480  0.00   1
   110156  40.509102 -124.333325    17.876    -8566.8    -4567.2    -3551.4    628.8    783.9   1257.5 2021 12 23  4 51 44.220  0.00   1
   110160  40.523222 -124.423796    18.599   -16230.7    -2999.3    -2828.7    714.1    655.0    872.2 2021 12 21 19 30 31.800  0.00   1
   110168  40.579985 -124.209237    19.229     1946.2     3303.9    -2198.5   1056.0    373.3    887.7 2021 12 21  2 44 44.640  0.00   1
   110179  40.550545 -124.348421    21.327    -9842.9       34.8     -100.2   1022.6   1171.9   2059.5 2022  3 20  6 57 16.680  0.00   1
   110181  40.498450 -124.455469    16.328   -18917.6    -5750.2    -5098.8    566.1    597.0   1023.7 2021 12 25 16 54 33.700  0.00   1
   110183  40.602287 -124.109408    18.047    10398.6     5780.5    -3380.1   2127.0   1534.6   1091.8 2021 12 26 16  2 15.940  0.00   1
   110184  40.590491 -123.989893    19.463    20520.0     4470.6    -1964.3   1000.1    776.2    943.1 2021 12 27  8 53  5.400  0.00   1
   110185  40.583866 -123.985555    19.097    20888.3     3734.9    -2330.0    974.0    750.7   1155.2 2022  5 28  7 57  1.360  0.00   1
   110186  40.577905 -124.204395    19.888     2356.3     3073.0    -1539.1    996.6    515.1    858.7 2021 12 28  6 35 41.580  0.00   1
   110187  40.576420 -124.200456    19.469     2689.9     2908.1    -1957.8   1225.6    345.2    679.2 2021 12 31 13 31 14.620  0.00   1
   110188  40.576420 -124.200439    19.469     2691.3     2908.1    -1958.7   1215.8    344.8    681.8 2022  1  1 22 14 38.120  0.00   1
   110189  40.576379 -124.199683    19.461     2755.4     2903.6    -1966.0   1195.3    353.7    694.0 2022  1  2 11 16 33.460  0.00   1
   110190  40.576721 -124.206698    19.516     2161.3     2941.5    -1911.7   1303.1    481.7    857.1 2022  4 25  2 10 11.700  0.00   1
   110191  40.576371 -124.199609    19.458     2761.6     2902.7    -1969.2   1183.0    355.7    701.7 2022  9  1 20 43  2.920  0.00   1
   110199  40.520190 -124.409351    19.408   -15007.2    -3336.0    -2019.6    593.2    638.1    906.8 2021 12 31 17  2 13.380  0.00   1
   110209  40.603817 -124.109798    24.744    10365.4     5950.3     3316.3   1033.4    821.4    997.8 2022  4  2 19 46 56.000  0.00   1
   110211  40.519967 -124.443018    17.956   -17859.7    -3360.8    -3471.3    572.6    716.0   1187.4 2022  4  3 10 39 47.080  0.00   1
   110231  40.517065 -124.435718    18.757   -17241.6    -3683.0    -2670.2    641.7    911.2   1037.6 2022  5 14 20  9 30.640  0.00   1
   110234  40.531803 -124.229118    19.183      262.7    -2046.4    -2244.3    918.1    724.9   1007.2 2022  5 25  9 25 42.220  0.00   1
   110250  40.524105 -124.443099    21.401   -17866.0    -2901.3      -26.2   1374.6   1503.3   1033.8 2022  7  2 10 23 23.100  0.00   1
   110253  40.599565 -124.111857    18.591    10191.4     5478.2    -2836.3    948.2    706.9    815.5 2022  7 20  6 28 50.580  0.00   1
   110254  40.597677 -124.116675    19.116     9783.6     5268.5    -2311.3   1058.1    869.7    898.6 2022  8  9  7 59 33.060  0.00   1
   110255  40.602067 -124.118172    18.343     9656.5     5756.1    -3084.4    888.1    731.0   1057.9 2022  8  9  8  9 40.340  0.00   1
   110266  40.537952 -124.327743    18.848    -8092.1    -1363.7    -2579.6    784.2    641.4   1095.6 2022  8 30  6 25 35.480  0.00   1
   110273  40.648303 -124.015780    19.042    18320.0    10890.4    -2384.9    804.8    452.1    880.7 2022 10 28 12 43 42.000  0.00   1
   110274  40.521704 -124.434570    19.018   -17143.7    -3167.9    -2409.0    490.1    564.1    874.4 2022 10 29 20 38 50.780  0.00   1
   110275  40.517859 -124.432430    19.741   -16962.9    -3594.9    -1686.6    627.0    796.6   1139.0 2022 10 30  3 34  2.660  0.00   1
   110276  40.519820 -124.435653    19.364   -17235.7    -3377.1    -2063.2    641.0    639.0    771.2 2022 11 12 10 31 42.840  0.00   1
   110279  40.515190 -124.437931    17.634   -17429.3    -3891.3    -3793.4    659.6    802.1   1882.0 2022 11  2 16 39 30.260  0.00   1
   110282  40.524768 -124.435799    19.829   -17247.5    -2827.6    -1598.2    704.8    609.9    906.8 2022 11 15 17 48 18.560  0.00   1
   110296  40.581486 -123.980444    20.410    21321.5     3470.6    -1017.2    705.6    463.7    674.3 2022 12 22  3  8  5.860  0.87   1
   110298  40.537907 -124.267806    11.864    -3014.7    -1368.6    -9563.3    871.7    674.2    889.1 2023  1 17 13 54 45.520  1.24   1
   110302  40.565007 -124.124235    22.728     9145.7     1640.6     1300.6    872.5    470.6    828.9 2022 12 24  0 35 18.890  0.89   1
   110303  40.483142 -124.508773    24.912   -23437.1    -7450.0     3484.3    820.2    921.1   1824.2 2022 12 20 12 25 25.380  2.43   1
   110305  40.436625 -124.602612    25.181   -31400.4   -12615.5     3754.2    480.2    568.3   1229.0 2023  4  2 11 44 21.610  2.51   1
   110307  40.522139 -124.420858    24.669   -15981.9    -3119.5     3241.6    866.7    713.0   1359.5 2023  3  9  9 11 18.070  1.00   1
   110308  40.575749 -123.887850    22.604    29164.1     2833.5     1176.3    934.7    811.3    963.7 2022 12 21 19 21 21.160  1.21   1
   110311  40.543335 -124.501929    26.908   -22846.9     -765.9     5481.2    873.4    972.8   1680.2 2023  2  6  9 53 42.140  2.82   1
   110326  40.577515 -124.247624    19.979    -1304.6     3029.6    -1447.9   1376.8    527.1   1319.8 2023  4 26 22 23  7.880  0.79   1
   110327  40.623722 -123.948275    21.379    24038.2     8160.8      -48.6    767.2    707.3    992.5 2022 12 21  8 59 40.650  1.14   1
   110330  40.584627 -123.916504    26.119    26735.6     3819.4     4691.7   1122.9    822.8   1202.4 2023  5 27  2 45 49.750  0.87   1
   110334  40.621456 -124.315584    18.701    -7057.7     7909.1    -2726.6    769.8    408.9   1712.1 2023  2 22  6 20 25.080  1.45   1
   110341  40.560055 -124.132194    22.147     8471.9     1090.8      719.7    793.6    684.1    839.8 2023  1  5 14 47  6.170  2.14   1
   110346  40.535242 -123.889453    23.107    29037.0    -1664.6     1679.5    614.0    771.3    750.1 2023  5 28  1 45 53.620  1.36   1
   110354  40.507340 -124.422339    25.823   -16109.2    -4762.9     4395.8    702.7   1045.8   1136.1 2023  4 14  1 57  6.610  1.17   1
   110355  40.519413 -124.494450    16.318   -22217.3    -3422.3    -5108.9    721.1    607.6   1757.1 2023  2 16 22 15  2.800  1.44   1
   110359  40.746139 -123.980924    21.748    21254.8    21754.5      321.2   1999.6   1105.9   1381.6 2022 12 22  4 53 56.390  0.79   1
   110365  40.530656 -124.231763    17.586       38.6    -2173.8    -3841.3    968.7    596.5    974.7 2022 12 20 12 37 22.690  1.44   1
   110367  40.544348 -123.964982    21.163    22637.1     -653.4     -264.5    667.7    592.5    818.6 2022 12 25  1 20 33.690  1.82   1
   110368  40.597725 -123.977401    21.869    21576.6     5273.9      441.9    842.5    628.9    842.5 2023  2 14  3 52  7.700  1.37   1
   110370  40.695138 -123.904964    19.957    27690.1    16091.1    -1469.8    882.2    709.9   2863.1 2022 12 21  4 44 13.820  1.30   1
   110373  40.659281 -123.989893    23.210    20509.5    12109.4     1782.4   1436.0    739.0   1396.3 2022 12 20 23 58 39.800  0.88   1
   110374  40.760986 -123.870516    22.200    30590.0    23403.3      772.8   1227.9    980.7   1672.9 2022 12 22  4 46 28.990  1.00   1
   110378  40.596920 -124.046525    22.260    15723.6     5184.5      833.2    971.8    587.7   1194.1 2022 12 21 18 52 28.640  1.06   1
   110379  40.518966 -124.422559    18.444   -16126.4    -3472.0    -2983.5    498.0    704.0    677.0 2022 12 22  9 21 28.530  1.40   1
   110382  40.545524 -124.065592    19.529    14114.5     -522.8    -1898.4    748.3    529.0    668.4 2022 12 26  5 31 21.180  1.08   1
   110385  40.597168 -124.094645    18.741    11649.0     5212.0    -2686.6    711.1    560.7    722.0 2022 12 23  0 19 22.520  0.90   1
   110387  40.534151 -124.405135    26.600   -14648.6    -1785.7     5172.5    982.5    644.5   1058.3 2023  1 28 23 56 58.200  3.85   1
   110388  40.507544 -124.448999    15.461   -18368.1    -4740.3    -5966.0    642.6    913.0   1778.3 2022 12 31 10 20 40.360  1.04   1
   110390  40.642265 -123.980819    26.610    21280.2    10219.8     5182.7   1085.7    721.1    979.7 2023  1 17  5 14  2.510  1.84   1
   110391  40.589071 -124.212557    20.880     1664.9     4312.9     -547.4   1137.2    525.8    841.7 2022 12 23  0 35 44.600  1.56   1
   110392  40.516003 -124.418652    19.501   -15795.8    -3800.9    -1926.5    537.7    621.4    888.4 2023  1  1 12 19 44.130  1.25   1
   110395  40.555473 -124.221810    17.555      881.6      582.0    -3872.2   1105.2    500.1    955.6 2022 12 20 23 19 53.720  1.40   1
   110396  40.538086 -124.261702    18.285    -2497.7    -1348.8    -3141.8   1094.5    771.8   1005.6 2022 12 24 20  6  9.180  0.83   1
   110397  40.557491 -124.274666    15.781    -3595.3      806.1    -5645.8    768.9    555.9    665.9 2022 12 23 10 18 25.720  1.66   1
   110399  40.530530 -124.425806    17.137   -16400.1    -2187.8    -4290.0    597.0    805.5   1022.3 2022 12 20 10 44 46.730  2.70   1
   110400  40.559973 -124.046875    23.121    15698.3     1081.7     1693.5    640.0    572.7    609.5 2022 12 25  4 33 20.570  0.83   1
   110404  40.565047 -124.016317    21.980    18285.8     1645.2      552.4    626.8    585.7    718.0 2022 12 27  0 23 33.800  1.12   1
   110406  40.593241 -124.106038    20.584    10684.6     4776.0     -843.5    930.5    732.6    767.1 2023  1 11  3 23 18.830  1.45   1
   110408  40.612183 -123.836401    29.371    33512.1     6879.3     7943.8    990.9    833.8   1220.3 2023  2 12 20 12 15.900  2.47   1
   110409  40.511332 -124.418929    21.888   -15819.8    -4319.6      460.5    571.2    772.9    797.4 2022 12 21 22  8 58.660  1.39   1
   110412  40.574337 -124.075163    19.872    13301.0     2676.7    -1555.0    904.5    735.9    874.2 2022 12 26  7 30 25.960  0.98   1
   110417  40.553027 -123.972127    21.151    22030.4      310.4     -275.9    647.5    612.9    671.6 2022 12 24 12 43  0.520  1.06   1
   110422  40.622127 -124.305542    18.195    -6207.5     7983.6    -3232.7    887.1    614.6    758.3 2022 12 29 13 40 18.010  1.27   1
   110423  40.506352 -124.332381    18.666    -8487.0    -4872.7    -2760.8    592.6    675.0    743.1 2023  2 17 12 38 36.270  0.88   1
   110429  40.591850 -124.016178    22.401    18293.9     4621.5      973.3    572.2    533.0    624.8 2022 12 22  9 28 37.970  0.68   1
   110431  40.599809 -124.100838    22.902    11124.4     5505.3     1474.7   1085.8    631.8    762.6 2022 12 21 17 59 17.620  1.95   1
   110432  40.489815 -124.444263    25.644   -17969.2    -6709.0     4216.7   1068.7    805.8   1251.3 2022 12 22  1 13 30.130  2.71   1
   110434  40.510299 -124.460246    19.465   -19320.7    -4434.4    -1962.6    588.4    713.2   1020.6 2022 12 21 18 26 29.520  1.33   1
   110435  40.528064 -124.376538    25.036   -12226.5    -2461.7     3608.5    859.7    754.5   1190.1 2023  1 28 20  7 39.900  1.24   1
   110436  40.464620 -124.532194    24.779   -25425.4    -9506.8     3351.9    843.9   1228.0   1605.5 2023  2 18  0 47 37.880  1.15   1
   110439  40.472514 -124.428206    19.822   -16610.6    -8630.2    -1605.6    791.2    813.1    923.4 2023  1 27 16 28 41.960  1.01   1
   110442  40.568941 -123.955990    21.110    23394.6     2077.6     -317.6    537.4    517.6    810.6 2022 12 20 18 48 54.600  0.91   1
   110443  40.578052 -124.174430    18.538     4893.9     3089.3    -2889.0   1102.5    588.4    926.4 2022 12 21 21 55 10.140  0.79   1
   110444  40.505705 -124.502311    27.575   -22885.6    -4944.5     6147.7    712.9    929.4   1408.4 2022 12 23 21 41 55.000  1.21   1
   110445  40.520837 -124.391919    23.676   -13530.3    -3264.1     2248.4    800.4    862.1    802.4 2022 12 21  8  6 55.910  1.80   1
   110447  40.566134 -124.015804    22.398    18329.1     1765.8      970.3    591.5    507.6    548.6 2022 12 24 19 37 36.120  1.39   1
   110448  40.595052 -124.127450    21.861     8871.5     4977.1      433.9    818.2    595.1    865.2 2023  1 31 13 12 49.420  1.12   1
   110452  40.550598 -124.185229    28.306     3980.2       40.7     6879.1   1636.0    631.7    906.8 2022 12 20 23 25 36.340  1.09   1
   110453  40.508264 -124.472209    18.164   -20334.6    -4660.3    -3263.2    664.0    727.2   1246.8 2022 12 21 12  8  6.020  1.11   1
   110454  40.465487 -123.823299    23.075    34659.1    -9410.6     1647.9    783.6   1089.0    687.8 2022 12 21 13 41 59.550  0.69   1
   110455  40.525911 -124.418717    18.267   -15800.2    -2700.7    -3159.9    538.4    736.2   1134.8 2022 12 23 13  9 40.300  0.89   1
   110458  40.621969 -124.316292    17.934    -7117.7     7966.0    -3493.5    902.2    638.7   2489.9 2023  2 14  6 32 28.460  1.23   1
   110462  40.578715 -124.425488    25.143   -16367.4     3162.9     3715.9   1135.5    885.4   1635.2 2023  4 22 17 56 13.080  1.37   1
   110464  40.593547 -124.447347    22.963   -18216.5     4809.9     1535.9   1066.0    829.1   1290.0 2023  2 13 21 32 14.280  2.09   1
   110466  40.532935 -124.397013    17.768   -13960.7    -1920.8    -3658.8    768.2    852.4   1580.3 2022 12 22  0 27 26.630  0.83   1
   110467  40.527824 -124.427515    26.831   -16545.2    -2488.3     5404.0    773.9    742.2    951.7 2022 12 22  3 58 10.660  0.90   1
   110468  40.530782 -123.979622    20.667    21399.1    -2159.8     -760.7    728.8    687.5    795.3 2022 12 24  1 17 32.850  0.88   1
   110470  40.532943 -124.358952    17.025   -10736.3    -1919.9    -4402.6    715.7    558.3    895.9 2023  3 29  5  5 59.480  1.47   1
   110474  40.469340 -124.417139    19.447   -15673.0    -8982.7    -1979.9   1188.7   1210.4   1223.5 2022 12 20 12 14 11.380  2.27   1
   110475  40.576827 -124.345475    28.039    -9591.5     2953.3     6611.6   1039.3    941.9   1398.4 2022 12 21 15  8 37.620  1.85   1
   110476  40.539673 -124.407487    28.683   -14847.2    -1172.5     7255.9    893.8    850.5   1011.2 2022 12 20 13 24 12.330  1.51   1
   110477  40.613818 -123.953337    19.935    23611.4     7061.0    -1492.6   1001.6    806.2   1526.3 2023  1  3  7 18 42.400  0.99   1
   110479  40.532621 -124.355558    17.430   -10448.8    -1955.6    -3997.5    529.7    627.6    839.0 2022 12 26  2  4 21.800  1.88   1
   110480  40.553817 -124.244051    22.481    -1002.3      398.1     1053.7   1063.1    712.9    954.0 2022 12 21  2 56 11.820  1.60   1
   110481  40.501416 -124.486141    19.576   -21516.2    -5420.8    -1851.2   1065.8    814.4   1816.1 2023  4  5 14 51 18.340  1.34   1
   110482  40.615145 -123.904484    22.249    27747.2     7208.3      822.1   1421.4   1230.5   1034.4 2022 12 21 19 52  6.360  0.64   1
   110484  40.524687 -124.422038    19.263   -16081.6    -2836.7    -2164.6    518.6    465.0    765.9 2022 12 25  4  3 37.800  0.93   1
   110487  40.742867 -123.852686    21.224    32102.2    21391.2     -203.6   1078.7   1136.6   1964.5 2022 12 20 14 11  0.150  2.57   1
   110488  40.483931 -124.457104    18.373   -19058.2    -7362.4    -3054.0    566.3    586.7   1075.1 2023  2 18  9 18 28.190  1.40   1
   110489  40.518461 -124.423682    19.382   -16221.6    -3528.0    -2044.8    429.2    511.4    624.0 2022 12 29  9 57 25.630  1.27   1
   110494  40.522249 -124.420890    18.695   -15984.7    -3107.3    -2732.0    601.5    643.8    851.4 2023  3  5 20 14 19.720  1.28   1
   110495  40.531531 -124.196370    20.781     3036.9    -2076.7     -646.1   1116.5    820.6    964.2 2023  1 20 16 55 16.240  1.95   1
   110496  40.503455 -124.444450    18.541   -17983.2    -5194.4    -2886.5    565.4    597.6    960.6 2022 12 30 12 51 54.870  1.14   1
   110497  40.569059 -124.094572    22.608    11657.7     2090.7     1181.1    864.7    700.3    722.1 2022 12 31 14 27 57.700  1.02   1
   110501  40.461772 -124.509334    25.740   -23488.4    -9823.1     4313.1    801.4   1046.3   1340.5 2022 12 30 21 43 18.320  2.12   1
   110506  40.612618 -124.101188    19.109    11093.7     6927.7    -2318.6   1081.4    523.7   1262.2 2022 12 20 21 47 48.880  1.10   1
   110507  40.527775 -124.399007    18.555   -14130.1    -2493.7    -2872.5    714.4    689.3   1287.4 2022 12 21 10 16 11.430  0.70   1
   110508  40.614673 -124.097412    18.268    11413.3     7155.9    -3159.6    832.9    731.8   1057.3 2022 12 30  9  0 39.550  1.14   1
   110509  40.578796 -124.319320    25.407    -7376.3     3172.0     3980.1   1781.3   1233.8   3251.8 2023  1  2  8  1 22.300  0.77   1
   110510  40.495068 -124.432015    26.105   -16930.6    -6125.7     4678.1    794.0    918.1   1074.7 2023  1  2  8 25 11.060  1.28   1
   110511  40.634351 -123.996745    23.979    19933.3     9341.0     2552.2   1413.4   1063.0    826.1 2022 12 21  4 15 19.850  2.45   1
   110512  40.513151 -124.339982    19.220    -9130.6    -4117.7    -2207.1    758.5    752.1    994.8 2022 12 21 17 35 50.480  1.40   1
   110513  40.524125 -124.413965    19.244   -15397.7    -2899.0    -2183.0    706.9    583.7    848.6 2022 12 20 15  4 50.680  1.42   1
   110515  40.555717 -124.243783    24.752     -979.5      609.1     3324.4   1751.3   1150.8   1609.0 2023  1 11 13 29 12.060  1.57   1
   110517  40.598409 -124.073576    25.258    13433.0     5349.8     3830.9   1664.8   1145.7   1540.0 2023  3 12  6 43 46.740  0.89   1
   110518  40.526823 -124.437256    17.207   -17370.6    -2599.5    -4220.3    725.5    973.0   1860.1 2022 12 20 10 43 39.300  2.63   1
   110519  40.572754 -124.143530    23.231     7511.0     2501.0     1804.1   1328.9    734.9   1140.0 2022 12 20 23 22 14.760  1.65   1
   110521  40.571517 -124.158862    23.035     6212.6     2363.6     1608.2    961.7    669.0   1134.1 2022 12 23  1 11 44.550  1.32   1
   110522  40.648836 -124.110807    26.353    10276.6    10949.6     4926.1   2872.7   1635.5   1911.0 2022 12 20 18 48 15.520  0.97   1
   110523  40.508341 -124.492969    24.430   -22093.6    -4651.7     3003.2    796.7    871.3   1284.4 2022 12 21  1  7 33.310  3.25   1
   110524  40.604675 -124.090592    18.370    11991.5     6045.7    -3057.3    664.3    647.2    843.4 2022 12 21  9 31  7.840  1.25   1
   110525  40.613045 -124.085954    18.295    12383.5     6975.1    -3132.0   1147.6    709.4    971.1 2022 12 26  7 21 10.390  0.93   1
   110526  40.493400 -124.501880    15.707   -22851.2    -6310.9    -5719.8    923.4    842.9   1494.3 2023  2 18 20 58 10.920  1.67   1
   110527  40.522624 -124.435864    19.492   -17253.3    -3065.8    -1935.3    464.1    593.0    771.5 2022 12 22  3 55 53.820  1.44   1
   110529  40.553182 -124.261654    25.561    -2493.2      327.6     4133.8    943.5    689.5   1341.4 2023  5 18 13 21 36.440  0.56   1
   110530  40.613611 -124.074683    15.819    13337.7     7037.9    -5608.5    856.5    670.7    929.1 2022 12 22  4 49 54.170  0.84   1
   110531  40.530981 -124.345996    18.653    -9638.9    -2137.7    -2774.2    733.5    465.0    906.6 2022 12 20 19 16  2.640  1.29   1
   110532  40.540100 -124.347005    16.461    -9723.7    -1125.1    -4966.0    711.6    649.1    927.6 2022 12 23  4  9 55.040  1.00   1
   110533  40.662630 -124.036532    18.953    16561.8    12481.3    -2474.7   1318.1    905.0   1724.3 2022 12 21 11 50 10.940  0.78   1
   110534  40.529915 -124.403044    18.236   -14471.8    -2256.1    -3191.5    735.7    880.7   1174.6 2023  1  4 16 29 55.050  1.61   1
   110535  40.522327 -124.412500    19.012   -15273.8    -3098.8    -2415.4    535.2    511.7    885.7 2022 12 22 10 55 51.720  0.98   1
   110537  40.620528 -124.073275    25.835    13456.2     7806.1     4407.9   1193.6    928.9   1156.6 2022 12 21 16 28 15.660  3.99   1
   110539  40.521098 -124.335563    18.602    -8755.7    -3235.2    -2825.7    709.9    623.0    664.3 2022 12 25  8 22 48.250  0.72   1
   110541  40.578227 -124.186922    18.718     3836.0     3108.7    -2708.8   1045.5    526.4    885.3 2023  2 18  6 52 19.650  1.07   1
   110542  40.575614 -124.187573    18.932     3780.9     2818.6    -2495.2   1455.9    522.8    925.1 2022 12 20 17 56  5.920  1.14   1
   110544  40.600236 -124.195247    18.731     3130.5     5552.7    -2695.8   1013.9    484.0    725.2 2023  3 21 22 51 34.760  0.98   1
   110546  40.504602 -124.443620    19.260   -17912.7    -5067.0    -2167.6    535.2    572.0   1081.8 2022 12 27  1 23 41.520  0.94   1
   110547  40.623511 -123.924967    19.549    26011.4     8137.3    -1877.8   1088.8    956.6   1886.5 2022 12 20 23 36 50.880  1.00   1
   110549  40.542810 -124.051351    19.987    15321.1     -824.2    -1440.5    901.3    674.7    740.9 2022 12 21  4 18 46.220  2.04   1
   110551  40.615548 -124.089567    18.480    12077.4     7253.0    -2947.3    733.2    738.7   1099.0 2023  2 17 11 16 14.330  1.12   1
   110553  40.509595 -123.901880    21.250    27989.6    -4512.6     -177.4   1128.3   1220.5    826.7 2022 12 25  0 34  1.910  0.77   1
   110554  40.551351 -124.245085    17.817    -1089.8      124.3    -3610.0    949.7    496.7    614.9 2022 12 21  0  5 31.440  1.34   1
   110556  40.497107 -124.443441    24.851   -17898.5    -5899.3     3423.5    842.0   1037.0   1248.4 2023  2 25 14 23 27.120  1.53   1
   110559  40.607499 -124.126180    21.212     8978.1     6359.3     -215.5   1072.7    670.0   1213.8 2023  3 13  0 48 17.330  0.83   1
   110560  40.627527 -123.924984    20.791    26009.3     8583.2     -635.8    860.9    611.6   1244.3 2023  2  2  2 38 55.900  1.60   1
   110561  40.612406 -123.889193    26.002    29042.5     6904.2     4575.1   1010.4    903.8   1491.9 2022 12 20 17 35 32.520  1.17   1
   110564  40.604488 -124.121606    16.692     9365.6     6024.9    -4735.5   1008.2    650.9    971.5 2022 12 24  4 18 59.420  0.99   1
   110566  40.606978 -124.110579    18.082    10299.0     6301.4    -3345.4   1056.7    661.2    896.7 2022 12 22  5 24 44.100  2.65   1
   110568  40.498222 -124.463965    16.492   -19637.5    -5775.5    -4935.6    665.7    594.7   1126.2 2023  3 22 19 35 25.080  1.32   1
   110569  40.645117 -124.018758    18.440    18068.3    10536.6    -2986.8   1092.4    532.5   1056.8 2023  1  2  9 44 23.910  0.93   1
   110570  40.605522 -124.120890    20.846     9426.1     6139.7     -581.4   1124.6    671.3    929.8 2022 12 22  6 14 22.080  1.10   1
   110572  40.535893 -124.246224    18.531    -1186.5    -1592.3    -2896.5    666.2    524.7    757.9 2023  1  1 22 18 52.920  1.17   1
   110574  40.628825 -124.099512    19.099    11234.3     8727.4    -2328.6    989.9    543.2   1137.5 2022 12 21 22 33 49.080  1.00   1
   110575  40.584513 -124.153255    27.755     6686.8     3806.8     6327.6   1546.0    937.5   1446.5 2022 12 23  1 10  6.400  0.80   1
   110577  40.613411 -124.221558    24.624      902.6     7015.8     3196.8   1809.0    903.8   1100.3 2022 12 25 19 13 28.400  0.95   1
   110578  40.565023 -124.145841    21.230     7315.7     1642.5     -197.1   1091.2    734.6    832.0 2022 12 20 20 26 41.720  2.13   1
   110579  40.525997 -124.386320    21.826   -13055.4    -2691.2      399.1   1238.6    734.8   1799.0 2022 12 21  8 58 34.030  0.97   1
   110580  40.609009 -124.056087    22.770    14912.6     6526.9     1342.6   1009.7    512.8    717.9 2023  1  3  4 53 49.540  1.15   1
   110581  40.566423 -124.230835    20.245      117.2     1797.9    -1182.6    782.5    614.8    701.6 2023  5 28 11 38 43.770  1.07   1
   110582  40.563981 -123.936108    21.957    25079.3     1526.8      529.9    521.4    497.7    578.4 2022 12 21 23 36 17.240  1.23   1
   110586  40.522990 -123.906722    20.753    27576.6    -3025.1     -674.5    855.4    844.1   1004.6 2022 12 22  5 36 49.910  0.70   1
   110587  40.600008 -123.919735    25.078    26459.0     5527.4     3650.8    977.6    785.2    898.7 2022 12 20 10 48 38.300  2.65   1
   110588  40.601485 -124.117391    18.368     9722.7     5691.4    -3059.0    932.0    604.1    714.9 2022 12 22  7 50 48.720  1.53   1
   110589  40.535539 -124.049105    19.666    15512.2    -1631.6    -1761.7    783.4    616.1    751.7 2022 12 21  0 13 29.150  1.50   1
   110590  40.657182 -123.890715    29.995    28904.0    11876.3     8567.7   1140.3    920.8   1322.5 2022 12 23 19 10 35.240  1.06   1
   110591  40.584395 -124.064941    21.634    14165.5     3793.7      207.1    950.2    698.3    877.5 2022 12 25 22 34 55.360  0.82   1
   110592  40.614331 -124.075863    17.906    13237.8     7117.9    -3521.7    930.1    727.8    982.9 2023  1 18  8 28 49.360  0.92   1
   110594  40.560901 -123.936743    20.901    25026.1     1184.7     -526.1    620.1    522.0    755.4 2022 12 21  0 45 40.230  1.26   1
   110595  40.591524 -124.324137    21.635    -7783.6     4585.3      207.7   1107.9    840.0    977.9 2022 12 20 10 52 39.340  3.28   1
   110596  40.535124 -124.336369    17.728    -8823.0    -1677.7    -3699.7    710.7    610.3    814.4 2022 12 29  7 31 23.150  0.85   1
   110597  40.617167 -124.079240    20.315    12951.5     7432.8    -1111.7    933.2    603.9    818.1 2022 12 20 21 24 28.880  0.90   1
   110598  40.594897 -124.109424    22.929    10397.8     4959.9     1501.5    915.1    628.7    751.2 2022 12 26  1 46  3.150  1.45   1
   110600  40.522534 -124.375773    17.671   -12162.2    -3075.7    -3756.6    766.1    635.2    891.1 2022 12 20 19 51  5.480  1.33   1
   110604  40.571110 -123.935433    21.112    25135.2     2318.4     -314.9    515.7    404.4    581.5 2022 12 21 17  1 49.600  1.16   1
   110605  40.521330 -124.430208    19.705   -16774.2    -3209.5    -1722.7    548.7    760.9    840.4 2022 12 22  7 33 35.520  1.14   1
   110607  40.660006 -124.014315    18.557    18442.4    12189.9    -2870.3   1288.1    651.2   1335.3 2022 12 21 14 33 24.290  1.52   1
   110608  40.642476 -124.021932    19.346    17800.0    10243.3    -2080.9   1060.4    762.2    981.1 2022 12 25 12 29 55.020  1.64   1
   110609  40.576139 -124.153890    23.035     6633.5     2876.9     1608.1   1138.7    572.9   1035.4 2022 12 20 19 19  0.120  1.41   1
   110611  40.550899 -124.240568    17.679     -707.2       74.1    -3747.9    813.6    620.7    849.0 2022 12 21 12 21 21.680  0.97   1
   110613  40.669462 -123.897778    22.398    28303.6    13240.0      970.6   1195.0    865.5   1612.8 2022 12 27 17 40  9.980  1.83   1
   110614  40.554850 -124.326025    20.936    -7945.6      512.8     -491.0   1050.9    598.1   1070.9 2023  2 15 14 26 55.060  2.21   1
   110615  40.586007 -124.132397    22.069     8453.0     3972.6      641.5   1169.2    816.0   1121.9 2022 12 21  9 48 30.660  1.09   1
   110618  40.605562 -123.959261    23.509    23111.2     6144.2     2081.5   1689.1   1324.4   2260.6 2022 12 20 23 30 29.600  1.04   1
   110619  40.598450 -123.924642    20.844    26043.8     5354.4     -583.6    819.7    542.1   1242.2 2022 12 22  4 23  9.220  0.67   1
   110620  40.598027 -123.899072    26.196    28209.0     5307.4     4769.2    964.3    722.3   1015.9 2022 12 25 16 15  8.400  1.07   1
   110622  40.611405 -124.095410    14.409    11583.0     6793.0    -7017.8   1403.0    924.4   1056.3 2022 12 28  9 46 28.530  1.31   1
   110623  40.594645 -124.158065    22.256     6279.1     4931.9      829.1   1026.8    598.3    968.6 2022 12 30  9 23 12.150  1.07   1
   110624  40.603959 -124.107975    18.248    10519.8     5966.2    -3179.5    738.8    578.0    822.6 2023  4  2 23  2 20.160  1.02   1
   110625  40.548702 -124.075041    17.683    13313.8     -169.9    -3744.0   1277.2    859.3   1294.6 2022 12 20 21 22 52.960  1.20   1
   110626  40.562789 -124.018229    22.297    18124.2     1394.4      869.8    698.2    557.6    710.8 2022 12 24 20 57 12.400  1.30   1
   110627  40.586617 -124.185620    21.484     3946.0     4040.4       57.2   1387.0    676.8    994.7 2022 12 20 16 59 23.800  1.39   1
   110628  40.547856 -123.879761    22.108    29855.3     -263.9      680.8    585.8    769.6   1077.6 2022 12 25  6 37 31.440  1.50   1
   110629  40.594132 -124.242188    24.800     -844.2     4875.0     3372.3   1436.3    930.2   2049.5 2023  2  2  2 53 51.230  0.90   1
   110630  40.605229 -124.105127    16.008    10760.8     6107.1    -5419.2    896.4    714.2    807.8 2022 12 22  6 38 46.920  0.92   1
   110631  40.597693 -123.997868    19.372    19843.6     5270.3    -2055.5    556.2    516.2    756.0 2022 12 22  6 27  3.370  1.14   1
   110633  40.510994 -124.471257    25.427   -20253.5    -4357.1     4000.1    900.1    785.6   1452.2 2022 12 20 11 23 42.960  2.53   1
   110634  40.608000 -124.083366    15.337    12603.1     6414.8    -6090.1    828.2    655.1    811.6 2023  1  3  7 23 30.820  1.13   1
   110635  40.551843 -124.051172    23.209    15335.3      178.9     1782.0    790.9    586.3    656.6 2022 12 24  7 16 44.450  1.51   1
   110636  40.577380 -124.211117    18.527     1787.1     3014.7    -2900.0    870.6    405.4    804.2 2023  5  5 10 50 40.220  0.86   1
   110637  40.541093 -124.327873    17.237    -8102.9    -1014.8    -4190.2   1043.8    920.5   1185.9 2022 12 25 12 21 40.770  1.90   1
   110638  40.579045 -124.148722    23.371     7071.0     3199.5     1943.8    796.1    697.2   1074.5 2022 12 21 19 17 30.720  1.31   1
   110641  40.647921 -124.005379    18.561    19200.4    10847.9    -2866.3   1227.5    626.6   1057.3 2022 12 25  9 11 59.060  0.70   1
   110643  40.536283 -123.905330    23.045    27691.8    -1548.9     1617.9    696.5    778.5    696.8 2023  2 16 18  3 27.440  1.53   1
   110644  40.564486 -123.972469    23.551    21999.6     1582.8     2123.5    748.5    672.8    772.0 2023  2 13  5 45 35.220  1.23   1
   110646  40.571708 -124.416227    31.142   -15583.9     2384.8     9715.1   1021.9    845.5   4311.0 2023  2  6 20 12  2.580  1.35   1
   110647  40.563965 -124.162533    21.673     5902.1     1525.0      246.2   1208.7    623.0   1005.9 2022 12 20 19  6 23.200  1.47   1
   110649  40.520850 -124.398283    23.816   -14069.5    -3262.8     2388.5   1115.2    975.8   1312.0 2022 12 25 23 13 35.000  1.83   1
   110650  40.702397 -123.966195    21.968    22508.0    16897.2      540.9   1128.6    752.8    899.5 2022 12 26  9 16 16.030  1.67   1
   110651  40.613521 -123.820264    26.284    34878.1     7028.0     4856.7   1114.2    890.9   1799.1 2023  4  8  3  4 20.710  1.95   1
   110652  40.514937 -124.437549    18.241   -17397.0    -3919.3    -3185.9    489.5    583.8    936.5 2023  2  8 14 16 55.210  1.31   1
   110653  40.532511 -124.403247    18.541   -14488.8    -1967.8    -2886.5    519.7    724.3   1163.6 2022 12 26  8 29 16.340  0.84   1
   110654  40.591927 -124.006787    22.370    19089.2     4630.1      942.3    941.8    596.5    786.5 2022 12 24 22 12 36.600  2.10   1
   110655  40.566333 -124.018441    22.787    18105.8     1787.9     1360.0    653.9    529.0    662.3 2023  4 30 12 38 22.840  0.62   1
   110656  40.584363 -124.202856    26.937     2486.5     3790.1     5510.2   1550.7    925.2   1231.3 2023  1 20 22  9 26.880  0.94   1
   110660  40.535441 -124.339160    16.853    -9059.4    -1642.5    -4574.5    566.8    598.3    886.4 2022 12 31 15  5 32.620  1.28   1
   110663  40.575187 -123.956160    23.891    23379.0     2771.2     2463.7   1040.1    670.9    955.8 2022 12 21 22 26 11.040  1.39   1
   110664  40.551123 -123.973079    21.053    21950.1       99.0     -374.6    677.9    593.8    779.3 2022 12 20 16  1 13.350  1.61   1
   110665  40.491410 -124.502336    17.443   -22890.1    -6531.9    -3984.1    980.1    927.4   1798.2 2023  4  6  4 40 19.060  0.75   1
   110666  40.500130 -124.463493    17.706   -19597.3    -5563.6    -3720.9    694.0    843.6   1100.3 2022 12 29  8 32 33.620  1.49   1
   110667  40.601685 -124.329582    19.047    -8244.0     5713.6    -2380.0    872.9    546.8   1903.8 2022 12 25  7 56 23.340  0.72   1
   110671  40.582304 -124.093555    23.430    11742.7     3561.4     2002.7   1275.7    624.6    790.7 2022 12 20 23  1 57.840  1.31   1
   110672  40.534253 -124.345597    18.018    -9604.8    -1774.4    -3409.0    534.1    543.1    708.7 2023  4 15  0  7  1.200  0.77   1
   110673  40.583822 -124.223470    25.560      740.8     3730.0     4132.8   1444.2    793.2   1352.9 2022 12 21 16 59 16.830  0.92   1
   110674  40.553231 -124.227067    17.677      436.3      333.0    -3750.6    863.9    559.8    783.0 2022 12 23  5  1 13.690  1.08   1
   110675  40.704789 -123.936434    22.806    25025.6    17162.9     1379.1   1087.2    782.2   1255.6 2022 12 22 16 21 35.960  1.66   1
   110676  40.481974 -124.402474    19.488   -14428.7    -7579.7    -1939.5    750.0    709.4    877.8 2023  1 30 10 56 56.600  0.99   1
   110677  40.510144 -124.438517    18.251   -17479.6    -4451.6    -3176.6    490.6    558.9    934.0 2022 12 23  0 10 35.700  1.04   1
   110678  40.521472 -124.433114    16.979   -17020.4    -3193.6    -4448.6    619.5    803.3    848.1 2023  1  8  2 15 56.440  1.14   1
   110679  40.512748 -124.438257    17.621   -17457.2    -4162.4    -3806.6    635.1    487.9   1077.1 2023  4 20 15 36 20.100  0.92   1
   110681  40.638989 -123.911938    21.139    27111.3     9856.1     -288.5    823.2    693.2   1091.4 2022 12 21  2 53 42.600  1.60   1
   110683  40.505632 -124.456364    19.447   -18992.4    -4952.7    -1980.1    446.0    530.7   1069.9 2022 12 21  8 21  0.830  1.29   1
   110685  40.527620 -124.369572    25.788   -11636.4    -2510.9     4360.9   1200.3    890.0   1238.0 2023  1 29  2 21 34.040  0.86   1
   110686  40.544698 -124.309090    17.981    -6511.7     -614.5    -3446.4    907.9    470.1    721.2 2022 12 20 19 42 50.340  1.43   1
   110687  40.636532 -124.040234    19.411    16251.5     9583.2    -2016.0   1112.8    730.0   1811.5 2022 12 26  1 31 33.690  1.21   1
   110688  40.676261 -123.877026    21.430    30058.3    13995.0        2.3    924.5    786.0   1500.6 2022 12 20 16  7 38.970  2.01   1
   110689  40.533663 -123.773267    22.018    38880.1    -1839.9      591.0    763.9   1149.7    839.5 2022 12 22  0 56 27.730  0.68   1
   110692  40.509001 -124.458171    20.509   -19145.0    -4578.5     -917.8    914.4    703.9   1082.6 2022 12 29 10 57 23.460  1.08   1
   110694  40.519120 -124.442757    18.638   -17837.7    -3454.8    -2789.3    523.8    522.9    886.6 2022 12 29  5 31  8.470  1.04   1
   110695  40.551766 -124.225716    17.255      550.8      170.3    -4172.1    863.0    534.1    787.3 2022 12 24  5  9  2.290  1.55   1
   110697  40.573503 -124.222428    17.100      829.1     2584.1    -4326.8    923.3    506.4    847.8 2022 12 23 20 30 28.480  1.23   1
   110698  40.542501 -124.238647    18.015     -544.6     -858.5    -3412.3    792.1    645.0    624.8 2023  1 26  5 47 35.730  1.04   1
   110699  40.511975 -124.415983    18.629   -15570.1    -4248.2    -2798.6    486.5    620.1    792.4 2022 12 22  9  7 10.520  0.52   1
   110700  40.575370 -124.215780    18.719     1392.2     2791.5    -2708.5    847.6    449.6    726.8 2022 12 25  3 58 23.130  0.90   1
   110702  40.620219 -123.958870    22.294    23141.8     7771.7      866.8   1242.3    840.5   1228.9 2022 12 20 23 26 24.700  1.53   1
   110703  40.525716 -124.324308    17.547    -7801.8    -2722.4    -3880.1    832.5    678.2    596.5 2022 12 22 14 28 55.050  1.12   1
   110705  40.512024 -123.883919    21.671    29510.9    -4242.8      244.0    577.9    804.0    726.2 2023  3  1  0 37 17.190  1.45   1
   110706  40.563786 -123.991659    23.791    20374.5     1505.1     2364.1    831.2    699.4    628.0 2022 12 20 23 41  1.760  1.68   1
   110707  40.541353 -123.843831    22.027    32900.3     -985.9      599.9    617.4    848.5    701.6 2022 12 21 22 14 18.520  1.56   1
   110708  40.576933 -124.209880    18.198     1891.8     2965.0    -3229.6    858.1    428.7    837.4 2023  3  5  0 34 58.820  1.58   1
   110710  40.609444 -124.141927    18.592     7644.7     6575.2    -2835.3   1074.8    712.7    974.6 2023  1 14  1 10 27.140  1.46   1
   110711  40.614644 -124.077702    20.224    13082.0     7152.7    -1203.1   1091.9    489.8   1091.4 2022 12 20 21  2 39.800  1.14   1
   110712  40.556514 -123.955233    22.520    23460.9      697.6     1092.5    669.6    857.4    856.7 2023  1 10 19 11 36.040  1.34   1
   110715  40.605269 -124.091659    16.429    11901.2     6111.7    -4998.6    950.2    638.4    921.9 2022 12 20 21 22 37.100  1.23   1
   110716  40.579167 -123.898283    19.868    28279.8     3213.1    -1559.2    755.2    622.2   1236.0 2022 12 22  1 50 13.650  0.65   1
   110717  40.607153 -124.299618    18.050    -5706.6     6320.9    -3377.3   1293.0    644.6   1633.3 2023  4  9 21 13 25.880  0.97   1
   110718  40.524512 -124.431340    19.312   -16869.7    -2856.1    -2114.9    502.1    538.5    796.9 2022 12 22  3 44  5.310  1.01   1
   110720  40.587956 -124.211320    20.987     1769.7     4189.1     -440.4    812.2    513.2    862.9 2022 12 21  1 23  1.660  0.93   1
   110721  40.548319 -124.304663    17.643    -6136.5     -212.4    -3784.0   1124.1    535.9    948.7 2022 12 20 16 43 44.910  1.41   1
   110722  40.549154 -124.308944    17.687    -6499.0     -119.7    -3740.5   1118.7    389.7   1055.5 2022 12 20 19 45  5.720  1.04   1
   110723  40.460181 -124.530542    23.132   -25286.2    -9999.8     1704.3    916.8   1074.8   1257.5 2022 12 22  7 29 30.560  0.68   1
   110724  40.515946 -124.344580    18.590    -9520.0    -3807.2    -2837.3    601.3    628.2    910.4 2022 12 22  8 32 21.500  0.63   1
   110725  40.548543 -124.312207    17.857    -6775.5     -187.5    -3570.3    771.1    506.1    896.0 2022 12 24 21 51 17.000  0.84   1
   110726  40.518547 -124.424748    19.866   -16311.9    -3518.5    -1560.9    554.9    670.2    919.3 2022 12 25 10 58 46.850  0.74   1
   110727  40.509705 -124.344499    18.638    -9513.5    -4500.4    -2788.8    790.7    811.4   1148.5 2022 12 26 20 22  8.180  1.12   1
   110728  40.519373 -124.420679    19.460   -15967.1    -3426.8    -1967.6    426.9    473.2    645.7 2023  1  3 14 30 47.720  1.13   1
   110729  40.579163 -124.210465    18.345     1842.2     3212.6    -3082.7    976.8    441.6    845.7 2023  1  4 10 27 27.700  1.40   1
   110730  40.550680 -124.306421    24.196    -6285.3       49.7     2768.7   1277.9    975.2   1281.8 2023  1 27  5 50 36.430  1.31   1
   110731  40.511670 -124.439095    18.717   -17528.4    -4282.1    -2710.1    592.2    506.3    973.0 2023  3 16 18  8 14.040  1.34   1
   110735  40.529069 -124.339852    18.532    -9118.5    -2350.0    -2894.9    805.1    671.9    883.0 2022 12 20 21 52 17.400  1.04   1
   110736  40.506506 -124.333651    18.524    -8594.6    -4855.5    -2903.7    624.7    626.7    854.3 2022 12 22  5 34 15.770  1.28   1
   110737  40.523319 -124.425887    18.531   -16407.9    -2988.5    -2896.6    519.6    621.1    724.4 2022 12 22 10 19 33.470  1.21   1
   110738  40.559119 -124.325553    19.803    -7905.4      986.8    -1623.9   1116.0    957.0   1570.3 2022 12 26 12 16 44.250  0.71   1
   110739  40.522717 -124.424072    18.323   -16254.2    -3055.4    -3104.5    484.7    561.6    775.8 2023  1 11  1 42 23.060  2.03   1
   110743  40.581042 -124.201888    18.559     2568.5     3421.4    -2868.3    860.5    470.1    803.4 2023  3 25 16 17 15.180  0.90   1
   110745  40.515580 -124.426855    17.661   -16490.9    -3847.9    -3766.7    646.7    567.1   1071.4 2023  1 20  8 32 25.670  1.94   1
   110746  40.516158 -124.451587    19.315   -18586.2    -3783.7    -2111.8    730.8    685.8    971.1 2023  2 15 19 15 16.420  1.23   1
   110747  40.551595 -124.351969    19.752   -10143.4      151.4    -1675.1    914.4    746.5   1225.9 2022 12 23 14  7  9.940  0.88   1
   110748  40.555054 -124.454883    23.940   -18860.0      535.4     2512.3   1040.9    876.2   1718.8 2022 12 20 15 58 21.830  1.76   1
   110749  40.498946 -124.456909    16.380   -19039.6    -5695.1    -5047.5    595.2    502.1    946.0 2022 12 26  6 35 42.200  1.15   1
   110750  40.596220 -124.119564    17.837     9539.1     5106.8    -3590.6   1186.9    993.1    991.5 2023  1 14  6 13 33.720  1.13   1
   110751  40.583728 -123.985148    19.806    20922.8     3719.6    -1621.3    924.3    823.3   1249.5 2022 12 20 17 38 50.000  1.62   1
   110752  40.577303 -124.203174    19.701     2459.7     3006.1    -1726.7   1314.5    424.1    875.7 2022 12 22 21 13 37.280  0.95   1
   110753  40.524296 -124.323446    17.800    -7728.8    -2880.1    -3626.9    864.8    731.9   1128.8 2022 12 22 22  2  6.300  1.11   1
   110754  40.520211 -124.346899    18.128    -9716.2    -3333.7    -3299.3    670.2    639.9    865.3 2022 12 22 22 45  9.160  1.52   1
   110755  40.723250 -123.839217    25.409    33246.3    19212.9     3982.0   1209.3   1005.0   1632.2 2022 12 23  7 52 54.590  1.22   1
   110757  40.521647 -124.337435    18.470    -8914.2    -3174.2    -2957.3    725.8    715.2    820.8 2022 12 28 13 28 43.290  1.64   1
   110758  40.552714 -124.237207    19.358     -422.5      275.6    -2069.0    833.7    549.0    857.2 2023  1 15 15 14  5.770  1.41   1
   110759  40.517383 -124.408659    20.389   -14948.9    -3647.7    -1038.2    596.9    641.6   1115.4 2023  2 10 21  1  5.660  1.17   1
   110761  40.585685 -124.150073    21.908     6956.2     3936.9      481.0    982.3    617.6    946.2 2023  1 21 22  3  8.900  1.49   1
   110765  40.515702 -124.382104    17.223   -12699.3    -3834.4    -4204.2    960.5    775.8   1227.9 2022 12 24  2 43 20.530  1.79   1
   110766  40.502462 -124.446330    18.441   -18142.6    -5304.7    -2986.4    560.6    511.0    892.1 2023  2  7 19 48  3.920  1.35   1
   110767  40.505103 -124.473934    18.221   -20481.2    -5011.4    -3205.9    676.2    746.9    925.8 2023  5  3  4 14 16.070  1.55   1
   110768  40.532939 -124.336117    18.690    -8801.8    -1920.3    -2737.7    932.7    602.1   1115.8 2023  2 17 23 11 43.020  1.41   1
   110769  40.576416 -124.211141    18.582     1785.0     2907.6    -2845.7    821.0    485.6    760.2 2022 12 22 11 55 31.760  1.02   1
   110770  40.604395 -124.108716    24.889    10457.0     6014.5     3461.5   1103.0    943.1   1200.4 2023  1  4  8 48  8.840  1.05   1
   110771  40.519108 -124.442839    18.133   -17844.6    -3456.2    -3294.7    531.6    695.3   1085.1 2022 12 21 11 33 42.730  2.09   1
   110772  40.520239 -124.423096    18.569   -16171.8    -3330.5    -2858.1    833.2    728.2   1172.6 2022 12 22  1 51 31.680  0.96   1
   110773  40.518241 -124.408854    21.039   -14965.4    -3552.4     -388.4   1203.3    887.2   1318.2 2023  4 10 15 18 48.100  0.74   1
   110774  40.516504 -124.428158    18.302   -16601.1    -3745.3    -3124.9    455.1    546.6    969.7 2022 12 22 13 45 54.290  0.88   1
   110778  40.605115 -124.094076    21.463    11696.6     6094.5       35.6    791.4    825.4   1821.3 2022 12 20 13 10 43.400  0.88   1
   110780  40.514962 -124.436768    18.693   -17330.8    -3916.6    -2734.3    530.3    590.9    759.9 2023  1 27  2 38 13.190  1.41   1
   110781  40.605404 -124.023926    20.579    17636.1     6126.6     -848.0    742.2    520.3   1139.4 2022 12 22  7 36 42.420  0.86   1
   110782  40.518355 -124.407349    16.881   -14837.8    -3539.8    -4546.2    704.4    696.2    981.0 2023  1 19  4 55  2.650  1.72   1
   110783  40.531783 -124.238534    18.910     -535.0    -2048.7    -2517.1   1234.1    686.0    939.8 2022 12 21  9 13 55.700  1.90   1
   110785  40.596021 -124.100334    15.961    11167.4     5084.6    -5466.7    989.1    741.7    987.4 2023  3 27 13  6 21.780  0.85   1
   110786  40.511776 -124.438647    19.371   -17490.5    -4270.4    -2056.1    674.3    729.6    949.0 2022 12 21 10 46 12.660  1.82   1
   110787  40.584839 -124.161597    20.087     5980.4     3842.9    -1340.0    815.8    675.3    890.0 2022 12 22  9 24 48.500  0.91   1
   110788  40.650854 -124.004045    19.250    19312.9    11173.7    -2177.7   1176.9    749.8   1566.3 2022 12 22  1 16  9.260  0.66   1
   110789  40.517493 -124.402588    17.699   -14434.6    -3635.5    -3728.6    789.1    693.8    829.8 2022 12 23 19 12 41.740  1.83   1
   110790  40.569515 -124.196354    23.205     3037.4     2141.3     1778.0   1191.1    936.2   1168.5 2022 12 24 15 43 41.860  0.86   1
   110791  40.518945 -124.443636    24.076   -17912.2    -3474.2     2648.9   1269.1    993.6   1880.4 2022 12 21 21 14 36.000  0.82   1
   110793  40.515804 -124.415063    20.267   -15491.8    -3823.1    -1160.0    553.7    730.3    680.7 2022 12 26 14 17  3.520  0.91   1
   110794  40.599048 -124.114209    18.845     9992.3     5420.8    -2581.8    946.8    601.6    775.8 2023  3 11 16 16 54.220  1.44   1
   110796  40.539498 -124.330526    17.701    -8327.7    -1192.0    -3726.0    813.9    706.8   1034.4 2022 12 22  1 52 50.750  1.67   1
   110797  40.522380 -124.360213    18.850   -10844.0    -3092.9    -2577.1    786.9    790.4    934.7 2022 12 24 21 53 24.440  1.63   1
   110798  40.544702 -124.307633    15.801    -6388.3     -614.1    -5626.7   1047.0    698.5   2404.7 2023  1 22  8 49 33.400  0.91   1
   110799  40.521619 -124.389860    18.112   -13355.8    -3177.4    -3315.0    869.4   1374.1   1246.1 2022 12 20 10 40 17.470  2.91   1
   110801  40.552002 -124.231738    18.846       40.7      196.6    -2581.7    983.2    569.3    910.7 2022 12 20 12 16  5.480  2.04   1
   110802  40.577527 -124.080941    18.708    12811.3     3031.0    -2719.6   1052.9    568.0    768.2 2022 12 21  0 15 31.010  2.88   1
   110803  40.651469 -124.017830    18.641    18146.0    11241.9    -2786.7    806.3    661.6   1097.9 2022 12 22  5 56 58.350  0.78   1
   110804  40.519173 -124.435433    19.527   -17217.2    -3448.9    -1899.9    607.6    599.3    687.6 2022 12 20 20 38 36.440  1.22   1
   110806  40.517151 -124.436312    17.968   -17291.9    -3673.5    -3459.1    644.0    748.7   1708.2 2023  2  1  8 26 47.510  1.32   1
   110808  40.531364 -124.337345    18.182    -8906.0    -2095.2    -3245.5    563.5    516.7    635.3 2023  3 31  1 48 56.260  0.92   1
   110809  40.524943 -124.431405    19.793   -16875.1    -2808.2    -1634.6    626.2    602.2    849.5 2022 12 22  0 38 39.810  1.01   1
   110810  40.614734 -124.079810    17.358    12903.6     7162.6    -4068.9   1003.5    797.8   1167.4 2023  1  4  6 36 41.150  1.09   1
   110812  40.608374 -124.131258    19.318     8548.1     6456.4    -2109.7   1243.9    662.5   1104.0 2023  2  2  5 38 31.180  0.92   1
